# vtk DataFile Version 2.0
tracks
ASCII
DATASET POLYDATA
POINTS 2714 float
-1.001 1e-07 0.0011 -1.00098 8e-08 0.00109997 -1.00095 6.00027e-08 0.00109994 -1.00093 4.0008e-08
0.00109991 -1.0009 2.0016e-08 0.00109988 -1.00088 4.40688e-15 0.00109984 -1.0007 -1.477e-07 0.00109961
-1.00053 -2.95397e-07 0.00109938 -1.00035 -4.43092e-07 0.00109915 -1.00018 -5.90785e-07 0.00109892 -1
-7.38475e-07 0.00109869 -0.9875 -1.11983e-05 0.00108235 -0.975 -9.97391e-06 0.0010751 -0.9625 -8.80405e-06
0.00106791 -0.95 -7.68646e-06 0.00106075 -0.9375 -6.61899e-06 0.00105365 -0.925 -5.86621e-06 0.00104659
-0.9125 -5.05218e-06 0.00103958 -0.9 -4.25237e-06 0.00103262 -0.8875 -3.46656e-06 0.0010257 -0.875
-2.69458e-06 0.00101883 -0.8625 -2.50707e-06 0.00101719 -0.85 -1.51852e-05 0.00102747 -0.8375 -2.78403e-05
0.00103769 -0.825 -4.04722e-05 0.00104787 -0.8125 -5.30805e-05 0.001058 -0.8 -6.62982e-05 0.00106871
-0.7875 -8.91942e-05 0.00108537 -0.775 -0.000115594 0.00110421 -0.7625 -0.000146028 0.00112556 -0.75
-0.00018111 0.00114981 -0.7375 -0.00018228 0.00116641 -0.725 -0.000145844 0.00118333 -0.7125 -0.000103589
0.00120198 -0.7 -5.46358e-05 0.00122262 -0.687947 8.5405e-11 0.00124472 -0.687858 4.66967e-07 0.0012449
-0.687768 9.3359e-07 0.00124508 -0.687679 1.39995e-06 0.00124526 -0.687589 1.86606e-06 0.00124545 -0.6875
2.33191e-06 0.00124563 -0.675 6.75991e-05 0.00127109 -0.6625 0.00013165 0.00130012 -0.65 0.000194802
0.00133261 -0.6375 0.000257271 0.00136861 -0.625 0.000319265 0.00140817 -0.6125 0.00038034 0.00143362
-0.6 0.000368892 0.00143875 -0.5875 0.000357294 0.00144389 -0.574999 0.000345543 0.00144905 -0.5625
0.00033364 0.00145422 -0.55 0.000318718 0.00145931 -0.5375 0.000270258 0.00146032 -0.525 0.000226885
0.00146196 -0.5125 0.000188057 0.00146416 -0.499999 0.000153286 0.00146687 -0.487499 0.000129614 0.00146824
-0.474999 0.000111175 0.00146497 -0.462498 9.38955e-05 0.00146217 -0.449998 7.77003e-05 0.00145982 -0.437498
6.25194e-05 0.00145788 -0.424997 5.21315e-05 0.00145794 -0.412496 2.46064e-05 0.00148702 -0.401852 1.66985e-07
0.00151279 -0.39648 -1.26154e-05 0.00152624 -0.391109 -2.5419e-05 0.00153973 -0.385737 -3.82442e-05 0.00155325
-0.380365 -5.1091e-05 0.00156681 -0.374994 -6.39597e-05 0.00158041 -0.368741 -7.87713e-05 0.00159614 -0.362489
-8.74028e-05 0.00160597 -0.356237 -9.58272e-05 0.00161583 -0.349985 -0.000104051 0.00162571 -0.343733 -0.000112081
0.00163561 -0.337477 -0.000123493 0.0016461 -0.331222 -0.000134495 0.00165568 -0.324966 -0.00014552 0.00166523
-0.31871 -0.000156569 0.00167475 -0.312455 -0.00016764 0.00168425 -0.306192 -0.000168066 0.00168583 -0.29993
-0.000163506 0.00168668 -0.293668 -0.000158939 0.00168752 -0.287406 -0.000154366 0.00168833 -0.281143 -0.000149786
0.00168912 -0.274872 -0.000145032 0.00168911 -0.268601 -0.000137275 0.00168768 -0.26233 -0.000129668 0.00168631
-0.256058 -0.000122206 0.00168501 -0.249787 -0.000114887 0.00168377 -0.243515 -0.000113325 0.00168174 -0.237243
-4.45929e-05 0.00169983 -0.232654 8.8725e-06 0.00171388 -0.229808 4.35553e-05 0.00172298 -0.226962 7.74436e-05
0.00173183 -0.224116 0.000110555 0.00174044 -0.22127 0.000142908 0.0017488 -0.218425 0.000174516 0.00175692
-0.215284 0.000214532 0.0017671 -0.212144 0.000265885 0.00177608 -0.209004 0.000320481 0.00178595 -0.205864
0.00037854 0.00179674 -0.202723 0.000440317 0.00180854 -0.199584 0.000480377 0.00181426 -0.196445 0.000490765
0.00181144 -0.193306 0.000500486 0.00180843 -0.190168 0.000509576 0.00180525 -0.18703 0.000518069 0.00180192
-0.183906 0.000533644 0.00179922 -0.180782 0.000533984 0.00179998 -0.177658 0.000534324 0.00180076 -0.174534
0.000534665 0.00180153 -0.17141 0.000535007 0.0018023 -0.168306 0.000534993 0.00180197 -0.165203 0.000534575
0.00180066 -0.162099 0.000534154 0.00179935 -0.158996 0.000533731 0.00179803 -0.155892 0.000533306 0.00179671
-0.152784 0.000529125 0.00181571 -0.149676 0.000514813 0.00185859 -0.146568 0.000500795 0.00190193 -0.14346
0.000487065 0.00194576 -0.140353 0.000473616 0.00199008 -0.137241 0.000472754 0.00202488 -0.134129 0.000476701
0.00205669 -0.131017 0.00048067 0.00208901 -0.127905 0.000484662 0.00212187 -0.124792 0.000488678 0.00215526
-0.121559 0.000509376 0.00213259 -0.118327 0.000489829 0.00213297 -0.115094 0.000471227 0.00213334 -0.111861
0.000453538 0.00213369 -0.108617 0.000436673 0.00213402 -0.105469 0.000436673 0.00213402 -0.102322 0.000477353
0.00205587 -0.0991748 0.000520437 0.00197311 -0.0960282 0.000566103 0.00188539 -0.092842 0.000615149 0.00179117
-0.0898953 0.000615149 0.00179117 -0.0869491 0.000573929 0.00181841 -0.0840028 0.000532243 0.00184596 -0.0810566
0.000489973 0.0018739 -0.0782124 0.000448435 0.00190135 -1.001 1e-07 0.0537316 -1.001 8e-08
0.0537315 -1.001 6.00001e-08 0.0537315 -1.001 4.00002e-08 0.0537315 -1.001 2.00003e-08 0.0537315
-1.001 8.14051e-15 0.0537314 -1.0008 -8.03706e-06 0.0537189 -1.0006 -1.6074e-05 0.0537063 -1.0004
-2.41107e-05 0.0536938 -1.0002 -3.21473e-05 0.0536812 -1 -4.01836e-05 0.0536687 -0.9875 -0.000542653
0.0528836 -0.974989 -0.000893263 0.0522062 -0.962468 -0.0010979 0.0516369 -0.949942 -0.00116148 0.0511755
-0.9375 -0.00108952 0.0508242 -0.925 -0.00105304 0.0504818 -0.9125 -0.00100492 0.0501447 -0.899998
-0.000964319 0.0498721 -0.887495 -0.000931156 0.0496642 -0.875 -0.000905375 0.049521 -0.8625 -0.000889659
0.0494381 -0.850001 -0.00103016 0.0494955 -0.837506 -0.00132689 0.0496979 -0.825018 -0.00177645 0.0500415
-0.8125 -0.00237739 0.0505246 -0.8 -0.00300504 0.0510334 -0.787542 -0.00405484 0.0518095 -0.775102
-0.00518246 0.0527495 -0.762685 -0.00639905 0.0538611 -0.75 -0.00774847 0.0551833 -0.7375 -0.00783706
0.0559797 -0.724999 -0.00829032 0.0566275 -0.712501 -0.00791263 0.0573558 -0.700056 -0.00674596 0.0581673
-0.6875 -0.00480703 0.0590787 -0.683399 -0.00384563 0.0594458 -0.679354 -0.00268907 0.0598573 -0.675299
-0.00156332 0.0602623 -0.671222 -0.000512824 0.0606513 -0.669069 1.14036e-10 0.0608472 -0.665346 0.000850628
0.0611778 -0.661623 0.00169682 0.0615204 -0.6579 0.00253782 0.0618641 -0.654174 0.00337314 0.0622016
-0.650817 0.00412024 0.0625 -0.645654 0.00526186 0.0629514 -0.640491 0.00640701 0.0634007 -0.635329
0.00755552 0.0638479 -0.630167 0.00870722 0.0642932 -0.625 0.00986322 0.0647369 -0.6125 0.0123847
0.0657955 -0.599867 0.0142343 0.0666354 -0.587142 0.0154024 0.0673118 -0.574364 0.0158576 0.0678145
-0.5625 0.0156347 0.0681051 -0.55 0.0150374 0.0685488 -0.537496 0.014423 0.0688483 -0.524995
0.0137411 0.0691192 -0.512498 0.0129853 0.06936 -0.499999 0.0121551 0.0695707 -0.487498 0.0112162
0.0697238 -0.474981 0.010506 0.0697629 -0.462458 0.00991238 0.0697913 -0.44993 0.00943513 0.0698092
-0.437494 0.00907666 0.0698166 -0.424991 0.00867041 0.0697964 -0.412483 0.00841953 0.0698633 -0.399975
0.00833779 0.0701359 -0.387474 0.00842621 0.0706115 -0.374974 0.0086858 0.0712875 -0.368715 0.00906227
0.0720059 -0.362498 0.00953795 0.0729807 -0.35631 0.0100779 0.0740921 -0.35013 0.0106456 0.0752392
-0.343679 0.0112285 0.0763113 -0.337408 0.0117561 0.0771122 -0.331095 0.0119035 0.0777074 -0.324767
0.0117416 0.0781311 -0.318439 0.0114997 0.0784935 -0.312329 0.0112938 0.0789359 -0.306038 0.0111364
0.0795266 -0.29977 0.0106292 0.0801642 -0.293534 0.00982637 0.0808159 -0.28729 0.0090258 0.0813821
-0.280875 0.00843887 0.0818043 -0.277714 0.00835487 0.0819015 -0.274551 0.00830048 0.0819611 -0.271388
0.00824226 0.0820151 -0.268225 0.00818161 0.0820661 -0.265069 0.0081169 0.082121 -0.261882 0.00801813
0.0822291 -0.258693 0.00795277 0.0822848 -0.255503 0.00789297 0.0823293 -0.252314 0.00783378 0.0823707
-0.249135 0.00777566 0.0824144 -0.24593 0.00771796 0.0824887 -0.242725 0.00766042 0.0825169 -0.23952
0.0076204 0.0825305 -0.236314 0.00760024 0.0825338 -0.233115 0.00759955 0.0825295 -0.229891 0.00761709
0.0825523 -0.226667 0.00761513 0.0825462 -0.223443 0.00761498 0.0825193 -0.220219 0.00762027 0.0824778
-0.217021 0.00763496 0.0824288 -0.213519 0.00765806 0.0823468 -0.210018 0.00765528 0.0822099 -0.206518
0.00764441 0.0820602 -0.203018 0.00763157 0.0819077 -0.199959 0.00762152 0.081777 -0.199848 0.00762174
0.0817737 -0.199737 0.00762206 0.0817701 -0.199626 0.00762253 0.0817662 -0.199515 0.00762322 0.0817618
-0.199405 0.00762428 0.0817567 -0.199376 0.00762683 0.081756 -0.199347 0.00762798 0.0817557 -0.199318
0.00762814 0.0817557 -0.199289 0.0076281 0.0817558 -0.199266 0.00762807 0.0817559 -1.001 1e-07
0.106363 -1.001 8e-08 0.106363 -1.001 5.99999e-08 0.106363 -1.001 3.99998e-08 0.106363
-1.001 1.99995e-08 0.106363 -1.001 2.15848e-14 0.106363 -1.0008 -7.52353e-06 0.106355 -1.0006
-1.50684e-05 0.106348 -1.0004 -2.26347e-05 0.10634 -1.0002 -3.02223e-05 0.106333 -1 -3.78323e-05
0.106325 -0.9875 -0.000514805 0.105839 -0.974992 -0.000860262 0.105447 -0.96248 -0.00109263 0.105125
-0.949966 -0.00123557 0.104839 -0.9375 -0.0012901 0.104591 -0.925 -0.00126722 0.104372 -0.912501
-0.00126644 0.104115 -0.900001 -0.00127091 0.103855 -0.887502 -0.00128066 0.103592 -0.875 -0.00129674
0.103372 -0.8625 -0.0013026 0.103252 -0.85 -0.00146071 0.103271 -0.837503 -0.0017315 0.103401
-0.825006 -0.00199266 0.103547 -0.8125 -0.00224429 0.103708 -0.8 -0.00251457 0.103905 -0.787498
-0.00244064 0.104164 -0.775009 -0.00196293 0.10454 -0.762547 -0.0010626 0.105044 -0.75094 3.73275e-11
0.10561 -0.750752 1.89905e-05 0.105621 -0.750564 3.7999e-05 0.105631 -0.750376 5.70256e-05 0.105641
-0.750188 7.60702e-05 0.105652 -0.75 9.51351e-05 0.105662 -0.7375 0.00136768 0.10636 -0.725097
0.00334197 0.107154 -0.712809 0.00587497 0.108123 -0.700639 0.00884107 0.10933 -0.6875 0.0125263
0.110921 -0.675 0.016571 0.112121 -0.662693 0.0211339 0.113452 -0.650247 0.0252841 0.114838
-0.637649 0.028923 0.116287 -0.625 0.0324149 0.118022 -0.616166 0.0340521 0.119418 -0.607262
0.0353665 0.120702 -0.598365 0.0365226 0.12217 -0.589485 0.037508 0.123852 -0.584221 0.0379846
0.125 -0.579876 0.0383127 0.126034 -0.575557 0.0385642 0.127187 -0.571274 0.0387307 0.128482
-0.567044 0.0388015 0.129948 -0.5625 0.0387555 0.131729 -0.549999 0.0381042 0.135377 -0.538315
0.0379117 0.141159 -0.527414 0.038005 0.148311 -0.518047 0.0379754 0.157381 -0.499997 0.0370196
0.167948 -0.487495 0.0359284 0.169043 -0.475014 0.034234 0.169236 -0.462551 0.0324103 0.169031
-0.45007 0.03075 0.168638 -0.437487 0.0296169 0.168262 -0.431233 0.0294306 0.168189 -0.424978
0.0292862 0.168138 -0.418722 0.0291693 0.168104 -0.412466 0.0290461 0.168083 -0.406218 0.0289168
0.168075 -0.399956 0.0287567 0.168077 -0.393694 0.0286007 0.168073 -0.387432 0.028407 0.168061
-0.381173 0.0281763 0.168041 -0.374908 0.0279425 0.168018 -0.368626 0.0276754 0.168 -0.362345
0.0274007 0.168059 -0.356072 0.0270495 0.168283 -0.349796 0.0267533 0.168502 -0.3435 0.0265103
0.168717 -0.33715 0.0261656 0.169046 -0.330791 0.0259044 0.169247 -0.32444 0.0254686 0.169376
-0.318103 0.0248489 0.169459 -0.31177 0.0240531 0.169249 -0.308575 0.0233433 0.168741 -0.305437
0.0224992 0.168103 -0.30232 0.0215838 0.167458 -0.299236 0.0206011 0.166758 -0.295808 0.0194671
0.165975 -0.293283 0.0186258 0.165449 -0.290807 0.0177289 0.164795 -0.288312 0.0168525 0.164192
-0.285775 0.0160263 0.163703 -0.283163 0.0152598 0.163308 -0.282461 0.0150761 0.163229 -0.281759
0.0148945 0.163151 -0.281056 0.0147151 0.163074 -0.280352 0.0145378 0.162997 -0.279655 0.0143648
0.162923 -0.276083 0.0135405 0.162627 -0.272497 0.0127386 0.162474 -0.268907 0.0119443 0.162366
-0.265314 0.0111616 0.162324 -0.258463 0.009711 0.162474 -1.001 1e-07 0.158995 -1.001
8e-08 0.158995 -1.001 6e-08 0.158995 -1.001 4.00001e-08 0.158995 -1.001 2.00001e-08
0.158995 -1.001 6.68797e-14 0.158995 -1.0008 -1.21301e-05 0.158999 -1.0006 -2.4251e-05 0.159002
-1.0004 -3.63627e-05 0.159006 -1.0002 -4.84653e-05 0.15901 -1 -6.05584e-05 0.159014 -0.9875
-0.000818001 0.159249 -0.974994 -0.00149382 0.159436 -0.962484 -0.00208922 0.159575 -0.94997 -0.00260155
0.159684 -0.9375 -0.00302038 0.159828 -0.925 -0.00337874 0.160008 -0.9125 -0.00373098 0.160178
-0.899999 -0.00408603 0.160345 -0.887496 -0.00432903 0.160435 -0.875 -0.00443398 0.160431 -0.8625
-0.00445119 0.160361 -0.850001 -0.00462212 0.160382 -0.837508 -0.00503021 0.160532 -0.825025 -0.00563161
0.160792 -0.8125 -0.006224 0.16107 -0.8 -0.0069264 0.16142 -0.787486 -0.00733205 0.161753
-0.77497 -0.00735712 0.1622 -0.762453 -0.00728832 0.162642 -0.75 -0.0071421 0.163069 -0.7375
-0.00663487 0.163771 -0.725242 -0.00471246 0.165513 -0.71303 -0.00231771 0.166975 -0.703076 8.1418e-10
0.167872 -0.699961 0.000788304 0.168068 -0.696852 0.00160933 0.168233 -0.693751 0.00246344 0.168366
-0.690658 0.00335099 0.168464 -0.6875 0.00429229 0.168537 -0.675 0.00798742 0.169468 -0.662628
0.0121439 0.170125 -0.650316 0.0164673 0.170825 -0.63815 0.0211552 0.171715 -0.625 0.0258279
0.173631 -0.615901 0.0278327 0.176405 -0.607677 0.0299101 0.181156 -0.599227 0.031412 0.18572
-0.595184 0.0317692 0.1875 -0.562499 0.0333957 0.2007 -0.549998 0.0314276 0.205431 -0.536717
0.0295531 0.207057 -0.523342 0.0276577 0.207242 -0.50993 0.0260657 0.206879 -0.499995 0.0252353
0.206844 -0.487492 0.0245996 0.207288 -0.474978 0.0240471 0.20718 -0.462467 0.0235789 0.206746
-0.449956 0.02321 0.20624 -0.437482 0.0229613 0.205811 -0.431226 0.0228826 0.205727 -0.42497
0.0228382 0.205678 -0.418714 0.0228255 0.205651 -0.412458 0.0227958 0.205633 -0.406205 0.0227335
0.205617 -0.399942 0.0226186 0.205587 -0.393678 0.0225557 0.205571 -0.387414 0.0224849 0.205555
-0.38115 0.0223739 0.205533 -0.374889 0.0222419 0.205512 -0.368608 0.0220579 0.205494 -0.362326
0.0219156 0.205461 -0.356045 0.0217403 0.205523 -0.349783 0.0213299 0.205851 -0.343488 0.0204299
0.206713 -0.340333 0.0197305 0.207398 -0.337226 0.0188257 0.208062 -0.334147 0.0178602 0.208768
-0.331081 0.0168901 0.209524 -0.327721 0.0158168 0.210415 -0.327506 0.0157484 0.210477 -0.327291
0.0156796 0.21054 -0.327076 0.0156106 0.210602 -0.326861 0.0155416 0.210663 -0.326653 0.0154746
0.210722 -0.323711 0.0145296 0.211553 -0.320779 0.0135098 0.212327 -0.317857 0.0124161 0.213038
-0.314922 0.011281 0.213614 -0.311947 0.0101575 0.214058 -0.308823 0.00916542 0.214378 -0.305823
0.00780837 0.214368 -0.302876 0.00635168 0.214172 -0.299883 0.00500712 0.213884 -0.296352 0.00383865
0.213581 -0.292895 0.00347403 0.213529 -0.289577 0.00243468 0.213474 -0.286287 0.00131004 0.21345
-0.283095 0.000249805 0.213498 -0.282337 0.000161455 0.213528 -0.281578 8.22809e-05 0.213554 -0.280818
1.54365e-05 0.213576 -0.280056 -3.32409e-05 0.21359 -0.279304 -5.00162e-05 0.213591 -1.001 1e-07
0.211626 -1.001 8e-08 0.211626 -1.001 6e-08 0.211626 -1.001 3.99999e-08 0.211626
-1.001 1.99997e-08 0.211626 -1.001 1.38061e-13 0.211626 -1.0008 -1.4594e-05 0.211634 -1.0006
-2.92269e-05 0.211642 -1.0004 -4.38988e-05 0.21165 -1.0002 -5.86096e-05 0.211658 -1 -7.33625e-05
0.211666 -0.9875 -0.000999097 0.21217 -0.975002 -0.0019599 0.212666 -0.962507 -0.00295133 0.213152
-0.950014 -0.00398349 0.213629 -0.9375 -0.00518951 0.214077 -0.925 -0.00600364 0.21432 -0.912486
-0.00659961 0.214435 -0.899963 -0.00699492 0.214458 -0.887437 -0.00724067 0.214388 -0.875 -0.0073459
0.214226 -0.8625 -0.00740831 0.213966 -0.849999 -0.00755357 0.213824 -0.837502 -0.00793715 0.213816
-0.825015 -0.00854545 0.213953 -0.8125 -0.00930859 0.214356 -0.8 -0.0104369 0.215006 -0.788032
-0.0139315 0.216589 -0.776319 -0.0181062 0.218412 -0.764954 -0.0230361 0.220525 -0.75 -0.0282087
0.223092 -0.7375 -0.0283444 0.224165 -0.725016 -0.0294948 0.224663 -0.712646 -0.0315897 0.22461
-0.700167 -0.0328938 0.224634 -0.6875 -0.0313182 0.225279 -0.675 -0.0266406 0.226565 -0.662378
-0.022265 0.227719 -0.64966 -0.018157 0.228788 -0.63693 -0.0141261 0.230013 -0.625 -0.0107973
0.231487 -0.613927 -0.00863782 0.233148 -0.602661 -0.00893991 0.234877 -0.591407 -0.00993346 0.23642
-0.580214 -0.0117038 0.237688 -0.562498 -0.015979 0.23931 -0.549997 -0.0166498 0.240164 -0.537476
-0.0174733 0.240072 -0.524949 -0.0181573 0.23984 -0.512418 -0.0187188 0.239472 -0.499992 -0.0191967
0.239002 -0.487488 -0.0192407 0.238854 -0.474995 -0.0187407 0.238587 -0.462502 -0.0182537 0.238343
-0.450007 -0.0177963 0.238102 -0.43747 -0.0173736 0.237862 -0.431211 -0.0173129 0.237806 -0.424953
-0.0172766 0.237772 -0.418694 -0.0172651 0.23776 -0.412435 -0.0172914 0.237755 -0.406178 -0.0173873
0.237736 -0.399905 -0.0175546 0.237704 -0.393652 -0.0180543 0.237535 -0.387436 -0.0188608 0.237241
-0.381214 -0.019618 0.236951 -0.374819 -0.0201364 0.236822 -0.368541 -0.0203702 0.236878 -0.362271
-0.0207753 0.236881 -0.356014 -0.0213376 0.236961 -0.349806 -0.0221073 0.237549 -0.343412 -0.0231844
0.238803 -0.340239 -0.0239395 0.239947 -0.337235 -0.024684 0.241486 -0.334425 -0.0254001 0.243367
-0.331526 -0.0261684 0.245085 -0.327507 -0.0272113 0.246886 -0.324614 -0.0279022 0.247523 -0.321768
-0.0288429 0.248035 -0.318868 -0.0296533 0.248462 -0.315913 -0.0302913 0.248799 -0.312368 -0.0308386
0.24908 -0.312226 -0.0308512 0.249085 -0.312084 -0.0308634 0.24909 -0.311941 -0.0308754 0.249094
-0.311799 -0.0308871 0.249099 -0.311657 -0.0308985 0.249103 -0.308527 -0.0311386 0.249181 -0.305387
-0.0311805 0.249224 -0.302248 -0.0310773 0.249261 -0.299116 -0.0308491 0.249298 -0.298406 -0.0307732
0.249307 -0.297947 -0.0307213 0.249314 -0.297489 -0.0306666 0.249319 -0.297032 -0.030609 0.249323
-0.296574 -0.0305486 0.249326 -0.296116 -0.0304851 0.249327 -0.29283 -0.0300084 0.249373 -0.289549
-0.0295556 0.24959 -0.286263 -0.0291113 0.249768 -0.284573 -0.0288915 0.249829 -0.279671 -0.0282788
0.249949 -1.001 1e-07 0.264258 -1.001 8e-08 0.264258 -1.001 5.99998e-08 0.264258
-1.001 3.99993e-08 0.264258 -1.001 1.99985e-08 0.264258 -1.001 2.22517e-13 0.264258 -1.0008
-8.92187e-06 0.264254 -1.0006 -1.78952e-05 0.26425 -1.0004 -2.69198e-05 0.264246 -1.0002 -3.59958e-05
0.264242 -1 -4.51237e-05 0.264238 -0.9875 -0.000619212 0.264005 -0.975004 -0.00125399 0.26374
-0.962512 -0.00196709 0.263464 -0.950024 -0.00275685 0.263185 -0.9375 -0.0036218 0.262906 -0.925
-0.00452278 0.26247 -0.912485 -0.00524684 0.262143 -0.899962 -0.00578086 0.261765 -0.887434 -0.00612137
0.261328 -0.875 -0.00626408 0.260826 -0.8625 -0.00633161 0.260275 -0.849992 -0.0063851 0.259933
-0.837482 -0.00661863 0.259866 -0.824979 -0.00702699 0.260074 -0.8125 -0.0076038 0.260557 -0.8
-0.00822672 0.261185 -0.787495 -0.00883991 0.261716 -0.774988 -0.00943652 0.262208 -0.762478 -0.0100184
0.262662 -0.75 -0.0105846 0.263081 -0.7375 -0.010858 0.263805 -0.725075 -0.00938065 0.264348
-0.712725 -0.00739216 0.264951 -0.700471 -0.00489273 0.265613 -0.6875 -0.00174083 0.266395 -0.686193
-0.00139266 0.266491 -0.684896 -0.00101145 0.266592 -0.683597 -0.000639338 0.266693 -0.682294 -0.000278442
0.266794 -0.681255 6.5626e-09 0.266874 -0.670004 0.00293573 0.267734 -0.658683 0.00559066 0.268592
-0.647302 0.00797176 0.269458 -0.63587 0.0100855 0.270345 -0.625 0.0118238 0.270968 -0.612499
0.0141504 0.271651 -0.599842 0.0155174 0.271403 -0.587148 0.0163753 0.270885 -0.574435 0.0165573
0.270184 -0.562498 0.0164676 0.269707 -0.549997 0.0167282 0.270097 -0.537542 0.0173394 0.271107
-0.525107 0.0181477 0.272213 -0.512671 0.0190847 0.273198 -0.499991 0.0197785 0.273838 -0.487484
0.0199003 0.273634 -0.47498 0.0199453 0.273262 -0.46248 0.0198815 0.27277 -0.44998 0.0197698
0.272281 -0.437454 0.0196875 0.27193 -0.43119 0.0196858 0.271865 -0.424924 0.0196805 0.271827
-0.418659 0.0196752 0.27181 -0.412394 0.0196711 0.271805 -0.40613 0.0196555 0.271809 -0.399843
0.0196159 0.271818 -0.393556 0.0195562 0.271828 -0.387269 0.0195042 0.271864 -0.380982 0.0194901
0.271953 -0.374693 0.0194269 0.272065 -0.368326 0.0192659 0.272212 -0.361992 0.0185953 0.272258
-0.355682 0.0177263 0.272163 -0.349382 0.0167845 0.272149 -0.342817 0.0161478 0.272134 -0.3396
0.0163635 0.272113 -0.33638 0.0165039 0.272196 -0.333161 0.0166716 0.272262 -0.329944 0.0168637
0.272343 -0.32672 0.0170766 0.272449 -0.323475 0.0175231 0.272199 -0.320281 0.0182298 0.271889
-0.317078 0.0188751 0.271542 -0.313865 0.0194386 0.271154 -0.310533 0.0197318 0.270736 -0.306735
0.0192708 0.270452 -0.303058 0.0182013 0.270224 -0.299433 0.0169692 0.269996 -0.295803 0.0157554
0.269737 -0.292134 0.0145778 0.269407 -0.291856 0.0145043 0.269364 -0.291579 0.014424 0.26932
-0.291305 0.0143362 0.269276 -0.291034 0.01424 0.269231 -0.290727 0.014131 0.269182 -0.290525
0.0140742 0.269152 -0.290325 0.014009 0.269128 -0.290128 0.0139357 0.269109 -0.289932 0.0138571
0.269092 -0.289704 0.0137675 0.269064 -0.28949 0.0136871 0.26902 -0.289276 0.0136038 0.268982
-0.289062 0.013517 0.268953 -0.288849 0.0134257 0.268936 -0.28865 0.0133351 0.268932 -1.001
1e-07 0.316889 -1.0008 1.29234e-06 0.31686 -1.0006 2.46464e-06 0.316831 -1.0004 3.61689e-06
0.316801 -1.0002 4.74907e-06 0.316772 -1 5.86118e-06 0.316742 -0.994239 3.71112e-05 0.315894
-0.988479 5.05499e-05 0.315039 -0.98272 4.73122e-05 0.31418 -0.976962 2.83494e-05 0.313318 -0.972134
1.18717e-12 0.312592 -0.972012 -9.71073e-07 0.312574 -0.971889 -1.94863e-06 0.312555 -0.971766 -2.93266e-06
0.312537 -0.971644 -3.92315e-06 0.312518 -0.971521 -4.91961e-06 0.3125 -0.964717 -6.06618e-05 0.311475
-0.957911 -0.000145726 0.310467 -0.951102 -0.000258759 0.309476 -0.944292 -0.000398483 0.308501 -0.9375
-0.000563207 0.307546 -0.925 -0.000913226 0.305792 -0.912487 -0.00109929 0.30411 -0.899956 -0.00112158
0.302551 -0.887412 -0.000973489 0.301111 -0.875 -0.000652069 0.299798 -0.871688 -0.000521655 0.299471
-0.868375 -0.000383761 0.299162 -0.865061 -0.000236703 0.298873 -0.861745 -8.02927e-05 0.298604 -0.86014
4.75571e-11 0.298483 -0.850612 0.000490168 0.297793 -0.841078 0.00107612 0.297287 -0.831543 0.00176674
0.296968 -0.822012 0.00257183 0.296844 -0.8125 0.00337783 0.296918 -0.8 0.00424571 0.297088
-0.787491 0.00497016 0.297243 -0.774985 0.00574826 0.297449 -0.762486 0.00660341 0.297728 -0.75
0.00753612 0.298076 -0.7375 0.00853633 0.298469 -0.72502 0.00965992 0.299088 -0.712571 0.0110248
0.299839 -0.700159 0.0126322 0.30072 -0.6875 0.0145415 0.301746 -0.675 0.0171662 0.302764
-0.662307 0.0188169 0.30335 -0.649582 0.0202847 0.303652 -0.636836 0.0215955 0.303687 -0.625
0.0226593 0.303467 -0.612499 0.0240414 0.303164 -0.599972 0.0247867 0.30229 -0.587439 0.0252884
0.301321 -0.574906 0.0255708 0.300264 -0.562498 0.0257741 0.299153 -0.549996 0.0263915 0.298812
-0.537511 0.0272773 0.299137 -0.52504 0.0282543 0.299684 -0.512566 0.0291371 0.300323 -0.499991
0.0298919 0.301033 -0.487483 0.030084 0.300918 -0.474977 0.0301925 0.300645 -0.462472 0.0301188
0.300325 -0.449968 0.0299534 0.299989 -0.437452 0.0298185 0.299678 -0.431188 0.0297913 0.299632
-0.424924 0.0297691 0.299594 -0.418659 0.0297539 0.299563 -0.412395 0.0297452 0.299539 -0.406131
0.0297379 0.299527 -0.399841 0.029733 0.299527 -0.393551 0.0297547 0.299563 -0.387262 0.0298147
0.299652 -0.380975 0.0299539 0.299773 -0.374683 0.0301785 0.299926 -0.370707 0.0303776 0.300047
-0.366737 0.0305879 0.30028 -0.362774 0.0308006 0.300616 -0.358822 0.0310162 0.30106 -0.355939
0.0311765 0.301466 -0.353347 0.031323 0.301887 -0.350763 0.0314825 0.302351 -0.348182 0.0316495
0.302829 -0.345604 0.0318248 0.303322 -0.342982 0.0320128 0.30384 -0.339792 0.032167 0.304361
-0.336621 0.0321598 0.304999 -0.33345 0.0321137 0.305643 -0.33029 0.032043 0.306334 -0.327021
0.0319526 0.307123 -0.323825 0.0319542 0.307828 -0.320608 0.0319093 0.308432 -0.317376 0.0317662
0.308924 -0.314134 0.0315197 0.309299 -0.311008 0.0311812 0.309547 -0.310631 0.0311331 0.309573
-0.310253 0.0310846 0.309596 -0.309876 0.0310348 0.309619 -0.309498 0.0309836 0.309642 -0.309191
0.0309406 0.309661 -0.306356 0.0305355 0.309835 -0.303537 0.0300142 0.309914 -0.300745 0.0293583
0.309862 -0.298002 0.0285414 0.309666 -0.294558 0.0272361 0.309204 -0.292701 0.0268099 0.309009
-0.290869 0.0265785 0.308501 -0.289074 0.0264417 0.307848 -0.287362 0.0264467 0.306988 -0.284681
0.0267675 0.305096 -1.001 1e-07 0.369521 -1.001 8e-08 0.369521 -1.001 5.9999e-08
0.369521 -1.001 3.99969e-08 0.369521 -1.00099 1.99938e-08 0.36952 -1.00099 1.84778e-13 0.36952
-1.00079 -2.89571e-06 0.369495 -1.0006 -5.81139e-06 0.369469 -1.0004 -8.74704e-06 0.369444 -1.0002
-1.17027e-05 0.369418 -1 -1.46783e-05 0.369393 -0.9875 -0.000203083 0.367793 -0.974999 -0.000390285
0.366204 -0.962492 -0.000507831 0.364647 -0.949982 -0.000559376 0.363117 -0.9375 -0.000548362 0.361613
-0.925 -0.000483706 0.360103 -0.9125 -0.00025569 0.358606 -0.904516 7.83897e-12 0.357638 -0.898613
0.000241994 0.356915 -0.892714 0.000530674 0.356172 -0.88682 0.000868412 0.355411 -0.880931 0.00126082
0.354644 -0.875 0.00171427 0.353863 -0.8625 0.00268235 0.352419 -0.849997 0.00399412 0.351314
-0.837503 0.00556759 0.350479 -0.825046 0.00744627 0.349729 -0.8125 0.00970089 0.349061 -0.8
0.0114503 0.348323 -0.787774 0.0145628 0.347487 -0.775651 0.0180866 0.346805 -0.763679 0.022111
0.346233 -0.75 0.0259172 0.345735 -0.7375 0.0274282 0.345605 -0.724938 0.0282877 0.34554
-0.712349 0.0285636 0.345541 -0.699761 0.0288326 0.3457 -0.6875 0.029651 0.346054 -0.675
0.0310465 0.346611 -0.662437 0.0318056 0.346925 -0.649848 0.0319711 0.347018 -0.637258 0.0319677
0.346936 -0.625 0.0319678 0.346647 -0.612499 0.0319703 0.346132 -0.600139 0.0309202 0.344503
-0.588117 0.0288172 0.341755 -0.576107 0.0267747 0.338906 -0.562498 0.0259079 0.336918 -0.549997
0.0264448 0.336271 -0.537493 0.0263022 0.335484 -0.525007 0.0256969 0.334632 -0.512513 0.0250808
0.333924 -0.499992 0.024757 0.33351 -0.487486 0.0248799 0.333489 -0.474979 0.0249124 0.333523
-0.462472 0.0248282 0.33358 -0.449968 0.0245705 0.333595 -0.43746 0.0244047 0.333608 -0.431199
0.0243827 0.333606 -0.424938 0.0243603 0.3336 -0.418677 0.0243401 0.333598 -0.412415 0.0243163
0.333601 -0.406154 0.0242901 0.333608 -0.399872 0.0242715 0.333631 -0.393589 0.0242458 0.333638
-0.387307 0.0241686 0.333624 -0.381027 0.0240351 0.333588 -0.374741 0.0239156 0.333555 -0.368415
0.0237846 0.333514 -0.36209 0.023655 0.333466 -0.355767 0.0235691 0.333678 -0.349478 0.0236207
0.334369 -0.34316 0.0237769 0.336044 -0.340976 0.0237759 0.337582 -0.33884 0.0236858 0.339182
-0.336739 0.023523 0.340824 -0.3346 0.0234592 0.342422 -0.332758 0.0234904 0.343737 -0.331725
0.0235431 0.344452 -0.330706 0.0236598 0.34518 -0.329704 0.0238422 0.345918 -0.328721 0.0240833
0.346665 -0.327598 0.0242579 0.347594 -0.325019 0.0243855 0.349941 -0.322345 0.0246424 0.352168
-0.319567 0.0250397 0.354241 -0.316646 0.0253975 0.356115 -0.312124 0.0257078 0.358517 -0.311695
0.0257014 0.358678 -0.311263 0.0256917 0.358831 -0.310829 0.0256817 0.358979 -0.310394 0.0256728
0.359123 -0.309773 0.0256617 0.359322 -0.30711 0.0256232 0.360139 -0.30439 0.0255412 0.360729
-0.301632 0.0254254 0.361098 -0.298857 0.0252763 0.361267 -0.296666 0.0251065 0.36128 -0.293241
0.0249858 0.361224 -0.289823 0.0247365 0.36121 -0.286404 0.0245075 0.361173 -0.282987 0.0242527
0.361153 -0.279723 0.0239511 0.361174 -1.001 1e-07 0.422153 -1.001 8e-08 0.422153
-1.001 6e-08 0.422153 -1.001 3.99999e-08 0.422153 -1.001 1.99998e-08 0.422153 -1.001
1.09183e-13 0.422153 -1.0008 -1.21518e-05 0.422146 -1.0006 -2.43285e-05 0.422139 -1.0004 -3.653e-05
0.422132 -1.0002 -4.87563e-05 0.422126 -1 -6.1008e-05 0.422119 -0.9875 -0.000827871 0.421703
-0.974992 -0.00146069 0.421303 -0.962478 -0.00196142 0.420916 -0.949958 -0.00233184 0.420539 -0.9375
-0.00258678 0.42017 -0.925 -0.00278992 0.419804 -0.912498 -0.00283419 0.419443 -0.900001 -0.00272239
0.418956 -0.887517 -0.00247454 0.418246 -0.875 -0.00208714 0.417307 -0.865392 -0.00166971 0.416408
-0.855786 -0.00122837 0.4155 -0.846188 -0.000725062 0.414531 -0.836602 -0.000157342 0.413496 -0.834228
3.58827e-11 0.413222 -0.829882 0.00030046 0.412721 -0.825539 0.000625699 0.412216 -0.821198 0.000976236
0.411706 -0.81686 0.00135259 0.411191 -0.8125 0.0017576 0.410667 -0.8 0.00293154 0.409294
-0.787532 0.00433356 0.407849 -0.775068 0.00585144 0.406482 -0.762617 0.0075704 0.405245 -0.75
0.00959725 0.404147 -0.7375 0.0110487 0.404154 -0.724946 0.0119155 0.404201 -0.712391 0.0127414
0.404415 -0.699833 0.0134539 0.404813 -0.6875 0.0140429 0.405396 -0.675 0.0148638 0.406193
-0.662472 0.0154315 0.406722 -0.649932 0.0159037 0.407041 -0.637386 0.0162579 0.407221 -0.625
0.0165416 0.407364 -0.6125 0.0169928 0.4076 -0.599994 0.0172718 0.407824 -0.587485 0.0174141
0.407969 -0.574975 0.0174593 0.407995 -0.562499 0.017399 0.407865 -0.549998 0.0171676 0.407518
-0.537491 0.0171176 0.407386 -0.524984 0.0170861 0.407405 -0.512477 0.016984 0.407468 -0.499996
0.0168124 0.407534 -0.487493 0.0165602 0.407608 -0.474994 0.016204 0.407816 -0.462496 0.0158661
0.408065 -0.449997 0.0155627 0.408316 -0.437483 0.0152706 0.408541 -0.431227 0.0152002 0.408581
-0.424971 0.0151279 0.408613 -0.418716 0.0150352 0.408636 -0.41246 0.0149296 0.408652 -0.406204
0.0148221 0.408663 -0.399936 0.0146972 0.40867 -0.393669 0.0145498 0.408707 -0.387405 0.0143399
0.408791 -0.381143 0.0140668 0.408898 -0.374866 0.0137291 0.409016 -0.368564 0.0133329 0.409181
-0.362264 0.0130312 0.409532 -0.355963 0.0128016 0.409902 -0.34966 0.0126392 0.410288 -0.343357
0.0124565 0.410645 -0.340172 0.0123438 0.410685 -0.336987 0.012251 0.410699 -0.3338 0.0121945
0.410712 -0.330614 0.0121749 0.410727 -0.327433 0.0121746 0.410748 -0.324191 0.0121828 0.4108
-0.320947 0.0121827 0.410822 -0.317706 0.0121189 0.410743 -0.314471 0.0120437 0.410519 -0.3112
0.0119547 0.41015 -0.307863 0.0117969 0.409675 -0.304589 0.0113767 0.408972 -0.301328 0.0109587
0.408208 -0.298062 0.0106143 0.407431 -0.294444 0.0103668 0.406528 -0.290266 0.0104167 0.405487
-0.28612 0.0100962 0.404365 -0.281994 0.00964005 0.403221 -0.277871 0.00914727 0.402079 -0.273512
0.00851638 0.400876 -0.273464 0.0084992 0.400885 -0.273417 0.00847939 0.40089 -0.27337 0.00845799
0.400891 -0.273324 0.00843639 0.400892 -0.27329 0.00842063 0.400892 -1.001 1e-07 0.474784
-1.001 8e-08 0.474784 -1.001 6e-08 0.474784 -1.001 4e-08 0.474784 -1.001
1.99999e-08 0.474784 -1.001 5.01061e-14 0.474784 -1.0008 -1.62256e-05 0.474782 -1.0006 -3.24725e-05
0.47478 -1.0004 -4.8741e-05 0.474779 -1.0002 -6.50308e-05 0.474777 -1 -8.13434e-05 0.474775
-0.9875 -0.00110138 0.474659 -0.97499 -0.00199548 0.474548 -0.962472 -0.00276449 0.474442 -0.949946
-0.00338931 0.474336 -0.9375 -0.00386709 0.474232 -0.925 -0.00421021 0.474136 -0.9125 -0.00452326
0.473989 -0.900001 -0.00483337 0.473759 -0.887503 -0.00512692 0.473432 -0.875 -0.00527888 0.472877
-0.8625 -0.00537858 0.472149 -0.849998 -0.00539892 0.471449 -0.837501 -0.00533891 0.470672 -0.825005
-0.00525275 0.469876 -0.8125 -0.00516419 0.469083 -0.8 -0.0049897 0.468222 -0.787485 -0.00484747
0.4676 -0.774969 -0.00450969 0.467116 -0.762449 -0.00403485 0.466862 -0.75 -0.00346084 0.4669
-0.739963 -0.00276868 0.467082 -0.72994 -0.00190109 0.46732 -0.719915 -0.00110644 0.467672 -0.709889
-0.000380651 0.46814 -0.704066 1.1095e-09 0.468417 -0.700752 0.000203717 0.46857 -0.697439 0.000404961
0.468721 -0.694125 0.000603749 0.468869 -0.690812 0.000800096 0.469015 -0.6875 0.000993869 0.469159
-0.675 0.00171629 0.469675 -0.662491 0.00231879 0.470134 -0.649976 0.00279689 0.470546 -0.637454
0.00313768 0.470895 -0.625 0.00331821 0.47115 -0.6125 0.00337711 0.471344 -0.599999 0.00335602
0.471459 -0.587498 0.00322011 0.471455 -0.574997 0.00303639 0.471416 -0.5625 0.00283084 0.471377
-0.549999 0.00259384 0.471328 -0.537504 0.00216789 0.471242 -0.525015 0.00161155 0.471114 -0.51253
0.000951925 0.470956 -0.499998 0.000236746 0.470795 -0.499221 0.00018943 0.470785 -0.498444 0.00014228
0.470774 -0.497667 9.54069e-05 0.470764 -0.49689 4.88116e-05 0.470754 -0.496073 1.63751e-07 0.470743
-0.484357 -0.000693719 0.470589 -0.472637 -0.00131995 0.470441 -0.460914 -0.00188001 0.470297 -0.449184
-0.00228957 0.47015 -0.437492 -0.00252898 0.469997 -0.431239 -0.00258997 0.469911 -0.424987 -0.00266064
0.46984 -0.418734 -0.00275476 0.469784 -0.412481 -0.00287247 0.469744 -0.406228 -0.00301395 0.46972
-0.399969 -0.00317916 0.469708 -0.393712 -0.00341556 0.469698 -0.387459 -0.00372757 0.469673 -0.38121
-0.00411349 0.469633 -0.374933 -0.00457406 0.469578 -0.36866 -0.00509211 0.469497 -0.362384 -0.00557256
0.469417 -0.356104 -0.00600982 0.469335 -0.349822 -0.0064046 0.46925 -0.343567 -0.00675652 0.469164
-0.33726 -0.00708222 0.469076 -0.330947 -0.00725286 0.469055 -0.324631 -0.00723727 0.469101 -0.318321
-0.00704059 0.469244 -0.312043 -0.00666729 0.469499 -0.308867 -0.00639182 0.469678 -0.305687 -0.00614528
0.469845 -0.302509 -0.00588812 0.470023 -0.299333 -0.00562479 0.470222 -0.296161 -0.00535668 0.470442
-0.292951 -0.00501847 0.470722 -0.289726 -0.00478625 0.47094 -0.286497 -0.00459752 0.47113 -0.283264
-0.00445059 0.471293 -0.280101 -0.00435049 0.471446 -0.276854 -0.00418692 0.471738 -0.273623 -0.00406359
0.472179 -0.270394 -0.00401187 0.472646 -0.267159 -0.00403235 0.473072 -0.263877 -0.00409667 0.47342
-0.26033 -0.0041491 0.473613 -0.256786 -0.00415655 0.473867 -0.253246 -0.00411064 0.474177 -0.249707
-0.00402885 0.47448 -0.246212 -0.00399556 0.474656 -0.243985 -0.00404943 0.474614 -0.241762 -0.00395655
0.474492 -0.239547 -0.00378474 0.474332 -0.237335 -0.0035686 0.474163 -0.235534 -0.00337194 0.474021
-1.001 1e-07 0.527416 -1.001 8e-08 0.527416 -1.001 6e-08 0.527416 -1.001
3.99999e-08 0.527416 -1.001 1.99998e-08 0.527416 -1.001 1.63613e-14 0.527416 -1.0008 -1.25765e-05
0.527414 -1.0006 -2.51784e-05 0.527412 -1.0004 -3.78057e-05 0.52741 -1.0002 -5.04585e-05 0.527408
-1 -6.31376e-05 0.527406 -0.9875 -0.000856379 0.527286 -0.974995 -0.00155826 0.527156 -0.962485
-0.00217077 0.527018 -0.949969 -0.00264686 0.526876 -0.9375 -0.00297723 0.526731 -0.925 -0.00319021
0.526609 -0.912501 -0.0033979 0.526433 -0.900003 -0.00360541 0.526173 -0.887506 -0.00382664 0.525849
-0.875 -0.00419192 0.525671 -0.8625 -0.00464734 0.525683 -0.849999 -0.00493754 0.52598 -0.8375
-0.0052401 0.526356 -0.825002 -0.00554113 0.526788 -0.8125 -0.00584007 0.527273 -0.8 -0.00643704
0.52757 -0.78749 -0.00684771 0.527737 -0.774978 -0.00705628 0.52805 -0.762466 -0.00710764 0.528435
-0.75 -0.0071215 0.528647 -0.7375 -0.00704855 0.528957 -0.724996 -0.00711873 0.529022 -0.712495
-0.0073372 0.528914 -0.699995 -0.00760919 0.52873 -0.6875 -0.00789056 0.528513 -0.675 -0.00806513
0.528298 -0.662505 -0.0084028 0.528002 -0.650014 -0.00883999 0.527677 -0.637525 -0.00932735 0.527338
-0.625 -0.0096969 0.527034 -0.6125 -0.0100313 0.52679 -0.599997 -0.0102915 0.526605 -0.587491
-0.0103844 0.526547 -0.574984 -0.0104751 0.526506 -0.5625 -0.0105866 0.526464 -0.55 -0.0107277
0.526416 -0.537501 -0.0109617 0.52643 -0.525005 -0.0113326 0.526404 -0.512514 -0.0118308 0.526344
-0.499999 -0.0124122 0.526272 -0.487498 -0.0131629 0.526085 -0.475186 -0.0154496 0.525874 -0.462927
-0.0180062 0.525664 -0.450709 -0.020753 0.525464 -0.437496 -0.0231432 0.525291 -0.424992 -0.0236928
0.525203 -0.412476 -0.0238607 0.525142 -0.399962 -0.0235987 0.525103 -0.387445 -0.023555 0.525035
-0.374974 -0.0237159 0.524958 -0.368716 -0.023873 0.524925 -0.362457 -0.0238452 0.524944 -0.356197
-0.0238311 0.524966 -0.349938 -0.0238267 0.524986 -0.343687 -0.0238319 0.525006 -0.337417 -0.0239537
0.524989 -0.331145 -0.0239716 0.524987 -0.324878 -0.0241213 0.524843 -0.31862 -0.0244083 0.524548
-0.312333 -0.0248346 0.524087 -0.306028 -0.0254116 0.523332 -0.299972 -0.0265887 0.521721 -0.293853
-0.0276009 0.52024 -0.28773 -0.0285915 0.518765 -0.280759 -0.0296386 0.517114 -0.278591 -0.0298741
0.516719 -0.276405 -0.0300538 0.516413 -0.274212 -0.0302091 0.51614 -0.272013 -0.0303404 0.5159
-0.264899 -0.0306885 0.515232 -0.264091 -0.0307031 0.515191 -0.263282 -0.0307226 0.51515 -0.262474
-0.0307486 0.51511 -0.261667 -0.0307811 0.515069 -0.261017 -0.0308126 0.515037 -0.25861 -0.030945
0.514915 -0.256208 -0.031134 0.514787 -0.253811 -0.0313804 0.514649 -0.251422 -0.0316853 0.514498
-0.248979 -0.0320601 0.514327 -0.245802 -0.0326445 0.514174 -0.242653 -0.0333581 0.514007 -0.239522
-0.0341514 0.51385 -0.236412 -0.0350258 0.513703 -0.233099 -0.0360477 0.513567 -0.229904 -0.036975
0.51351 -0.226729 -0.0379643 0.513432 -0.223528 -0.0388681 0.513353 -0.220305 -0.0396916 0.513276
-0.217107 -0.0404543 0.513208 -0.21402 -0.0410312 0.513196 -0.210937 -0.0416244 0.513188 -0.207842
-0.0421522 0.513177 -0.204723 -0.0425191 0.51316 -0.201495 -0.0427481 0.513135 -0.200085 -0.0428002
0.513122 -0.198675 -0.0428441 0.513109 -0.197264 -0.0428872 0.513097 -0.195854 -0.0429325 0.513085
-0.194429 -0.0429813 0.513072 -0.194045 -0.0429955 0.513068 -0.19366 -0.0430092 0.513064 -0.193275
-0.0430225 0.513061 -0.192891 -0.0430374 0.513057 -0.192515 -0.0430544 0.513053 -0.190633 -0.0431531
0.51303 -0.18875 -0.0432344 0.513011 -0.186866 -0.043294 0.512996 -0.184981 -0.0433252 0.512988
-0.18306 -0.0433297 0.51299 -0.181682 -0.0435186 0.513054 -0.180306 -0.0437275 0.513004 -0.178926
-0.0439129 0.512952 -0.177543 -0.0440696 0.51291 -0.177078 -0.0441064 0.512901 -0.17633 -0.0441525
0.512891 -0.175582 -0.0441955 0.512887 -0.174835 -0.0442361 0.512886 -0.174087 -0.0442766 0.512886
-0.173343 -0.044317 0.512885 -1.001 1e-07 0.580047 -1.001 8e-08 0.580047 -1.001
5.99999e-08 0.580047 -1.001 3.99996e-08 0.580047 -1.001 1.99993e-08 0.580047 -1.001 5.05825e-15
0.580047 -1.0008 -5.82646e-06 0.580044 -1.0006 -1.16677e-05 0.58004 -1.0004 -1.75237e-05 0.580037
-1.0002 -2.33945e-05 0.580033 -1 -2.92799e-05 0.58003 -0.9875 -0.000398398 0.579813 -0.974998
-0.000680338 0.5796 -0.962494 -0.000876209 0.579388 -0.949989 -0.000986895 0.579177 -0.9375 -0.00107825
0.578988 -0.925 -0.00127072 0.578875 -0.912502 -0.00157101 0.578865 -0.900008 -0.00200908 0.579005
-0.887523 -0.0025947 0.579308 -0.875 -0.00333526 0.579781 -0.8625 -0.00424583 0.580521 -0.850057
-0.00487863 0.582073 -0.83764 -0.00550314 0.583821 -0.825253 -0.00612199 0.585771 -0.8125 -0.00680415
0.588016 -0.8 -0.00792743 0.589161 -0.787522 -0.00841369 0.590858 -0.775021 -0.00887794 0.592385
-0.762498 -0.00927945 0.593742 -0.75 -0.00960462 0.594924 -0.7375 -0.0107978 0.595085 -0.724975
-0.0116953 0.594958 -0.712461 -0.012698 0.594653 -0.699951 -0.0137024 0.594219 -0.6875 -0.0146684
0.593693 -0.675 -0.0158769 0.593042 -0.662469 -0.0167778 0.592498 -0.649924 -0.017505 0.592019
-0.637371 -0.0181002 0.591583 -0.625 -0.0187188 0.591169 -0.6125 -0.0195912 0.59074 -0.599978
-0.0201482 0.590443 -0.587445 -0.0204517 0.590274 -0.574909 -0.0205997 0.590203 -0.5625 -0.0207539
0.590051 -0.55 -0.0209699 0.589771 -0.537497 -0.0211147 0.589621 -0.524992 -0.0211869 0.589557
-0.512488 -0.0213214 0.589479 -0.5 -0.0216324 0.589325 -0.487499 -0.0221584 0.58907 -0.474987
-0.0223044 0.588922 -0.462474 -0.022134 0.588859 -0.449963 -0.0218873 0.588795 -0.437498 -0.0218279
0.588534 -0.424996 -0.0220755 0.588021 -0.412485 -0.0219622 0.587768 -0.399975 -0.0216403 0.587677
-0.387466 -0.0212825 0.587544 -0.37499 -0.0211713 0.587246 -0.362484 -0.021415 0.586718 -0.349967
-0.0215028 0.586478 -0.337448 -0.0216284 0.586433 -0.324941 -0.0221923 0.586444 -0.312461 -0.0228392
0.586563 -0.306203 -0.0231456 0.586593 -0.299938 -0.0232172 0.586615 -0.293673 -0.023249 0.586633
-0.287408 -0.02328 0.58665 -0.281172 -0.0233487 0.586666 -0.274909 -0.0237339 0.586677 -0.268634
-0.023786 0.586687 -0.262358 -0.0237798 0.586658 -0.256083 -0.023749 0.586588 -0.249854 -0.0237151
0.586452 -0.243569 -0.0238879 0.586138 -0.237326 -0.0234773 0.585439 -0.231104 -0.022918 0.584659
-0.224895 -0.0222867 0.58384 -0.218419 -0.0216879 0.583117 -0.215258 -0.0215594 0.583007 -0.212094
-0.0214909 0.582953 -0.208928 -0.0214674 0.582942 -0.205763 -0.0214323 0.582953 -0.202615 -0.0213606
0.582968 -0.199456 -0.0212347 0.582971 -0.196296 -0.021162 0.582986 -0.193135 -0.0211079 0.583008
-0.189975 -0.0210212 0.583032 -0.186821 -0.0208808 0.58305 -0.183666 -0.0206689 0.583058 -0.180506
-0.02057 0.583102 -0.177345 -0.020516 0.583164 -0.174184 -0.0204112 0.583222 -0.171044 -0.0202142
0.583262 -0.167542 -0.0198501 0.583277 -0.16406 -0.0193287 0.583299 -0.160589 -0.0187372 0.583328
-0.15711 -0.018197 0.58336 -0.153546 -0.0177327 0.583377 -0.150821 -0.0176996 0.583365 -0.148103
-0.017889 0.583326 -0.145393 -0.0181622 0.583276 -0.14269 -0.0185077 0.583219 -0.139895 -0.0188755
0.58316 -0.137308 -0.0191087 0.583105 -0.134744 -0.0195048 0.582988 -0.132191 -0.0199676 0.582846
-0.129641 -0.0204422 0.5827 -0.127088 -0.0209174 0.582553 -1.001 1e-07 0.632679 -1.001
8e-08 0.632679 -1.001 5.99951e-08 0.632679 -1.00099 3.99854e-08 0.632679 -1.00099 1.99708e-08
0.632678 -1.00099 1.09963e-15 0.632678 -1.00079 -1.68749e-06 0.632668 -1.00059 -3.40824e-06 0.632657
-1.0004 -5.16218e-06 0.632646 -1.0002 -6.94922e-06 0.632635 -1 -8.76911e-06 0.632625 -0.9875
-0.000126344 0.631955 -0.975 -0.000516221 0.631401 -0.962499 -0.00100085 0.630941 -0.949999 -0.00157309
0.630574 -0.9375 -0.00222651 0.630295 -0.925 -0.00301226 0.630101 -0.912502 -0.00384596 0.630029
-0.900012 -0.00479651 0.630109 -0.887534 -0.00586439 0.630347 -0.875 -0.00707365 0.630756 -0.8625
-0.0084263 0.631317 -0.84996 -0.00943891 0.631659 -0.837425 -0.0104925 0.632065 -0.824896 -0.0115842
0.632536 -0.8125 -0.0126996 0.633065 -0.8 -0.0142707 0.634109 -0.787446 -0.0156928 0.634525
-0.774877 -0.0170324 0.634727 -0.762299 -0.0182973 0.634738 -0.75 -0.0195107 0.634569 -0.7375
-0.0208102 0.634587 -0.72497 -0.0217727 0.634596 -0.71244 -0.022725 0.634404 -0.69991 -0.0236486
0.634109 -0.6875 -0.02454 0.633718 -0.675 -0.0255571 0.63321 -0.662483 -0.0263957 0.632801
-0.649959 -0.0271407 0.632434 -0.63743 -0.0278113 0.632094 -0.625 -0.0284897 0.631711 -0.6125
-0.0293557 0.631206 -0.6 -0.0301223 0.630556 -0.587503 -0.0309047 0.62988 -0.575003 -0.0316412
0.629203 -0.5625 -0.0322853 0.628541 -0.55 -0.0329171 0.627965 -0.537498 -0.0334518 0.627334
-0.524993 -0.0338959 0.626704 -0.512487 -0.0343474 0.626081 -0.5 -0.0348513 0.62547 -0.498028
-0.0349395 0.625376 -0.496056 -0.0350296 0.625278 -0.494084 -0.0351191 0.625178 -0.492112 -0.035208
0.625075 -0.49072 -0.0352702 0.625 -0.480075 -0.0357434 0.624415 -0.469435 -0.0361995 0.623751
-0.458799 -0.0366352 0.623007 -0.448165 -0.0369936 0.622202 -0.437499 -0.0372029 0.621362 -0.424998
-0.0374202 0.620272 -0.412493 -0.0376557 0.619239 -0.399999 -0.0381056 0.618139 -0.387508 -0.0386473
0.61705 -0.374995 -0.0392811 0.615969 -0.362491 -0.0402019 0.614708 -0.349946 -0.0409596 0.613801
-0.33739 -0.0417608 0.613104 -0.324828 -0.0426135 0.612603 -0.312478 -0.0434615 0.612238 -0.306223
-0.0438983 0.612043 -0.299957 -0.0441718 0.611913 -0.293685 -0.0442879 0.611842 -0.287412 -0.0443263
0.611831 -0.281204 -0.0444007 0.611812 -0.274947 -0.0445131 0.611785 -0.268689 -0.044589 0.611767
-0.26243 -0.0446289 0.611756 -0.256172 -0.0447135 0.611761 -0.249917 -0.0448884 0.611788 -0.243653
-0.0451579 0.611837 -0.237385 -0.0453021 0.611921 -0.231115 -0.0453295 0.612037 -0.224847 -0.0452639
0.612192 -0.218596 -0.0451663 0.61235 -0.212322 -0.0450327 0.612513 -0.206045 -0.0450482 0.612581
-0.199769 -0.0452006 0.612562 -0.193494 -0.0453806 0.61255 -0.187222 -0.0455306 0.612558 -0.184087
-0.045589 0.612572 -0.180951 -0.0456479 0.612563 -0.177816 -0.0457029 0.612555 -0.174681 -0.0457527
0.612549 -0.171545 -0.0457972 0.612544 -0.168409 -0.0458453 0.612547 -0.165272 -0.0458843 0.612544
-0.162135 -0.0459206 0.612542 -0.158999 -0.045954 0.612541 -0.155862 -0.0459849 0.612541 -0.152719
-0.0460239 0.612552 -0.149575 -0.0460548 0.612552 -0.146432 -0.0460901 0.612551 -0.143289 -0.0461313
0.612551 -0.140145 -0.0461785 0.612552 -0.138712 -0.0462034 0.612553 -0.13728 -0.0462299 0.612553
-0.135847 -0.0462594 0.612553 -0.134415 -0.0462917 0.612553 -0.133606 -0.0463115 0.612553 -0.131767
-0.0463587 0.612552 -0.129929 -0.0464105 0.612549 -0.12809 -0.0464668 0.612546 -0.126252 -0.0465203
0.612537 -0.124413 -0.0465643 0.612519 -0.121292 -0.0466124 0.612477 -0.118172 -0.0466827 0.61242
-0.115052 -0.0467519 0.612361 -0.111932 -0.0468234 0.612301 -0.10881 -0.0468974 0.612242 -0.105675
-0.0469094 0.61221 -0.10254 -0.0468603 0.612248 -0.0994122 -0.0467104 0.612395 -0.0962971 -0.0464609
0.612646 -0.0931359 -0.0461492 0.612984 -0.0923692 -0.0460637 0.613085 -0.0916045 -0.0459713 0.613195
-0.0908392 -0.0458804 0.613302 -0.0900735 -0.0457912 0.613407 -0.089471 -0.0457222 0.613488 -0.0870246
-0.045446 0.613813 -0.0845818 -0.0451584 0.614154 -0.0821447 -0.0448611 0.614525 -0.0797138 -0.044555
0.61493 -0.077214 -0.0442305 0.615379 -0.0742029 -0.0439069 0.615831 -0.071182 -0.0436502 0.61626
-0.0681496 -0.0434199 0.616617 -0.0651109 -0.0432291 0.616942 -0.0621622 -0.0430839 0.61723 -0.059093
-0.0428511 0.617415 -0.0560403 -0.0424241 0.617502 -0.0529972 -0.0419329 0.617586 -0.0499659 -0.0413732
0.617668 -0.0468456 -0.0407704 0.617739 -0.0434833 -0.0404204 0.617896 -0.0401704 -0.0397339 0.617962
-0.0368885 -0.0389096 0.617999 -0.0336063 -0.0380892 0.618077 -0.0299777 -0.0373502 0.618243 -0.0270893
-0.0370631 0.618505 -0.0242032 -0.0366585 0.618532 -0.0213181 -0.0362461 0.618523 -0.018429 -0.0358633
0.618536 -0.0155765 -0.0355565 0.618647 -0.0136687 -0.0354986 0.618946 -0.0117666 -0.0352772 0.619201
-0.00987492 -0.0349585 0.619429 -0.00797998 -0.0346685 0.619669 -0.00562231 -0.0343951 0.619997 -0.00398192
-0.034339 0.620271 -0.00234797 -0.0342809 0.620581 -0.000711439 -0.0342227 0.620877 0.000927493 -0.0341644
0.62116 0.00258186 -0.0341054 0.621428 0.00529199 -0.0339994 0.621626 0.00800049 -0.0337644 0.621562
0.0107043 -0.033511 0.621418 0.0134065 -0.0332551 0.621252 0.016183 -0.0329966 0.621082 0.0192294
-0.0327932 0.620959 0.0222655 -0.032503 0.62077 0.0253023 -0.0322191 0.620583 0.02834 -0.0319424
0.6204 0.0314164 -0.0316754 0.620207 0.0344994 -0.0314815 0.620047 0.0375879 -0.0313983 0.619895
0.0406769 -0.0313721 0.619735 0.0437657 -0.0313584 0.619569 0.0468345 -0.0313588 0.619398 0.0480876
-0.0313743 0.619323 0.0493409 -0.031386 0.619253 0.0505941 -0.0313992 0.61918 0.0518472 -0.031414
0.619106 0.053201 -0.0314319 0.619024 0.054958 -0.0314579 0.618914 0.0567148 -0.0314936 0.618803
0.0584714 -0.0315385 0.618692 0.0602284 -0.0315847 0.618588 0.0619883 -0.0316274 0.618497 0.0647154
-0.0316032 0.618395 0.0674424 -0.031516 0.618328 0.070166 -0.0313534 0.618268 0.0728893 -0.0311865
0.618207 0.0753552 -0.0310315 0.61815 0.0771832 -0.0308678 0.618091 0.0790173 -0.0307811 0.618065
0.0808529 -0.0307283 0.618057 0.082689 -0.0307005 0.618061 0.0858166 -0.0306854 0.618084 0.0874269
-0.0306932 0.618114 0.0890372 -0.0307019 0.618144 0.0906476 -0.0307107 0.618174 0.0922579 -0.0307195
0.618204 0.0938678 -0.0307283 0.618234 0.0942253 -0.03073 0.618241 0.0945829 -0.0307278 0.618246
0.0949404 -0.0307264 0.618251 0.0952979 -0.0307259 0.618257 0.0957789 -0.0307264 0.618265 0.0984778
-0.0307394 0.618315 0.101177 -0.030754 0.618367 0.103875 -0.0307219 0.618423 0.106573 -0.0306378
0.618482 0.109262 -0.0305071 0.618545 0.109595 -0.0304852 0.618553 0.109928 -0.0304636 0.618561
0.110261 -0.0304419 0.618569 0.110593 -0.0304201 0.618576 0.110931 -0.0303979 0.618584 0.113703
-0.0302143 0.618647 0.116474 -0.0300152 0.618688 0.119244 -0.029802 0.618709 0.122013 -0.0295756
0.618712 0.124783 -0.0293473 0.618711 0.127844 -0.0291421 0.61876 0.130908 -0.0289987 0.618842
0.133973 -0.0288991 0.618957 0.137037 -0.0288457 0.619109 0.140124 -0.0288364 0.619297 0.143252
-0.0287866 0.619474 0.146372 -0.0287226 0.619772 0.149491 -0.0286436 0.620075 0.152608 -0.0285505
0.620384 0.155849 -0.0284399 0.620712 0.158967 -0.0283056 0.62084 0.162083 -0.0281157 0.620956
0.1652 -0.0279266 0.621051 0.168318 -0.0277379 0.621126 0.171436 -0.0275491 0.621181 0.174546
-0.0274167 0.621191 0.177656 -0.0273046 0.621194 0.180767 -0.0271994 0.62124 0.183876 -0.0271013
0.62133 0.186987 -0.027014 0.621463 0.190058 -0.0270079 0.621661 0.193118 -0.0272241 0.621908
0.196173 -0.0274726 0.622185 0.199224 -0.0277472 0.622478 0.202363 -0.0280557 0.622798 0.205492
-0.0283459 0.623133 0.20861 -0.0287438 0.623454 0.211737 -0.0290863 0.62375 0.214872 -0.0293774
0.624019 0.217999 -0.0296202 0.624263 0.219497 -0.029701 0.624364 0.220997 -0.029767 0.624453
0.222497 -0.0298239 0.624542 0.223997 -0.0298715 0.624633 0.226171 -0.0299276 0.624768 0.22769
-0.0299542 0.624865 0.229209 -0.0299739 0.624963 0.230728 -0.0299867 0.625063 0.232247 -0.0299931
0.625164 0.233766 -0.029993 0.625266 0.236925 -0.029973 0.62548 0.240085 -0.0300131 0.625673
0.243245 -0.0300846 0.625847 0.246405 -0.0301845 0.626002 0.249559 -0.030308 0.626138 0.255858
-0.0304202 0.626379 0.262161 -0.0304762 0.626496 0.268465 -0.0305574 0.626481 0.274767 -0.0306465
0.626369 0.281052 -0.0307254 0.626202 0.287328 -0.0307839 0.62599 0.293603 -0.0308628 0.625783
0.299879 -0.0309564 0.625584 0.306155 -0.0310639 0.625395 0.312431 -0.0311846 0.625214 0.313003
-0.0311966 0.625198 0.313575 -0.0312088 0.625183 0.314148 -0.0312214 0.625168 0.31472 -0.0312343
0.625152 0.315163 -0.0312446 0.62514 0.316166 -0.0312684 0.625114 0.317169 -0.0312931 0.625087
0.318172 -0.0313187 0.625062 0.319176 -0.0313453 0.625036 0.320309 -0.0313768 0.625007 0.325009
-0.0315135 0.624891 0.329708 -0.0316765 0.624782 0.334407 -0.0318666 0.624683 0.339104 -0.0320843
0.624592 0.343808 -0.0323307 0.624511 0.350074 -0.0326754 0.624406 0.356339 -0.033038 0.624291
0.362604 -0.0333925 0.624172 0.368869 -0.0337389 0.624048 0.375138 -0.0340771 0.623921 0.378277
-0.0342071 0.623854 0.381417 -0.0343038 0.623806 0.384558 -0.0343882 0.623763 0.387699 -0.0344602
0.623727 0.390831 -0.0345198 0.623697 0.393974 -0.0345739 0.62367 0.397117 -0.0346145 0.623653
0.400261 -0.0346357 0.623649 0.403404 -0.0346373 0.623659 0.406544 -0.0346191 0.623684 0.409693
-0.0345739 0.623739 0.41284 -0.0344764 0.623825 0.415985 -0.0343497 0.623924 0.419128 -0.0341932
0.624038 0.422248 -0.034008 0.624166 0.4234 -0.0339378 0.624209 0.42455 -0.0338467 0.624257
0.425701 -0.0337595 0.624304 0.426853 -0.033677 0.62435 0.42792 -0.0336059 0.62439 0.430143
-0.03347 0.624471 0.432367 -0.0333432 0.624549 0.434591 -0.0332299 0.624623 0.436817 -0.0331388
0.624689 0.43904 -0.0330918 0.62474 0.439508 -0.0330837 0.624746 0.439976 -0.0330806 0.62475
0.440444 -0.0330802 0.624752 0.440912 -0.0330797 0.624754 0.441357 -0.0330793 0.624755 -1.001
1e-07 0.685311 -1.0008 4.95598e-06 0.685295 -1.0006 9.76746e-06 0.685279 -1.0004 1.45345e-05
0.685263 -1.0002 1.92572e-05 0.685247 -1 2.39346e-05 0.685231 -0.9875 0.000312934 0.684247
-0.974988 0.000159119 0.683401 -0.971399 2.0358e-15 0.683199 -0.964619 -0.000358264 0.682841 -0.957844
-0.000818888 0.682525 -0.951073 -0.00137544 0.682251 -0.944309 -0.00202187 0.682019 -0.9375 -0.00275817
0.681826 -0.925 -0.0042298 0.68153 -0.912506 -0.00576307 0.681287 -0.900038 -0.00749442 0.681064
-0.887597 -0.00941522 0.680869 -0.875 -0.0115506 0.680706 -0.8625 -0.0138451 0.680619 -0.84992
-0.0156212 0.680275 -0.837307 -0.0171548 0.67998 -0.824668 -0.0184601 0.67973 -0.8125 -0.0195404
0.679391 -0.8 -0.021012 0.679409 -0.787495 -0.0223582 0.678928 -0.774979 -0.0236031 0.678477
-0.762438 -0.0245651 0.678018 -0.75 -0.0252537 0.677558 -0.7375 -0.0259989 0.677297 -0.724986
-0.0264507 0.677055 -0.712472 -0.0268712 0.676718 -0.69996 -0.0272675 0.676311 -0.6875 -0.027678
0.675952 -0.675 -0.0282527 0.675484 -0.662489 -0.0286379 0.675128 -0.649983 -0.0290629 0.674669
-0.637481 -0.0295796 0.674174 -0.625 -0.0302221 0.673659 -0.6125 -0.0311861 0.672963 -0.600003
-0.0319402 0.672008 -0.587502 -0.0326011 0.671022 -0.575005 -0.0332375 0.669989 -0.5625 -0.0339433
0.668992 -0.55 -0.0348201 0.668254 -0.537506 -0.0355777 0.667308 -0.525021 -0.036298 0.666229
-0.512541 -0.0370669 0.665126 -0.5 -0.0378361 0.664107 -0.4875 -0.0386821 0.663217 -0.475069
-0.0400499 0.662046 -0.462733 -0.0419034 0.660587 -0.450422 -0.0437803 0.658945 -0.437499 -0.0452517
0.657249 -0.424999 -0.0458114 0.655811 -0.413338 -0.0455783 0.651056 -0.402346 -0.0452331 0.644916
-0.391319 -0.0447744 0.638846 -0.374996 -0.0447257 0.631958 -0.364359 -0.0459757 0.630564 -0.353859
-0.0478011 0.628814 -0.343282 -0.0494534 0.627387 -0.332651 -0.0509766 0.626244 -0.317686 -0.052986
0.62499 -0.316646 -0.0531152 0.62493 -0.315606 -0.0532442 0.624871 -0.314565 -0.0533729 0.624813
-0.313525 -0.0535015 0.624756 -0.312485 -0.0536299 0.624699 -0.306231 -0.0544011 0.624362 -0.299962
-0.0550693 0.624106 -0.293682 -0.0556595 0.623902 -0.287396 -0.0561795 0.623741 -0.281216 -0.0566225
0.623625 -0.274962 -0.057028 0.623537 -0.268708 -0.0574478 0.623515 -0.262456 -0.0578994 0.623577
-0.256209 -0.0583861 0.623726 -0.249946 -0.0589132 0.623964 -0.245805 -0.0593081 0.624158 -0.24166
-0.0596576 0.624373 -0.237517 -0.0600038 0.624612 -0.233374 -0.0603469 0.624873 -0.232465 -0.0604216
0.624936 -0.229704 -0.0606482 0.625129 -0.226944 -0.060871 0.625339 -0.224185 -0.0610901 0.625567
-0.221428 -0.0613051 0.625812 -0.218661 -0.0615169 0.626078 -0.216398 -0.0616977 0.626282 -0.214135
-0.0618661 0.626494 -0.211872 -0.0620441 0.626702 -0.20961 -0.062232 0.626907 -0.207449 -0.062421
0.6271 -0.203435 -0.0627897 0.627453 -0.199424 -0.063185 0.627806 -0.195415 -0.0636079 0.628159
-0.191409 -0.0640595 0.628512 -0.187379 -0.0645441 0.628869 -0.181121 -0.0653199 0.629395 -0.17491
-0.0664191 0.629901 -0.168722 -0.0676392 0.630417 -0.162564 -0.0689999 0.630938 -0.156096 -0.0705537
0.6315 -0.149841 -0.0710776 0.632132 -0.143546 -0.0707789 0.632419 -0.137275 -0.0701261 0.632641
-0.131029 -0.0692383 0.632701 -0.124776 -0.0682348 0.632722 -0.118516 -0.0674564 0.632922 -0.112221
-0.0670069 0.632932 -0.105922 -0.0666065 0.632895 -0.0996187 -0.0662904 0.632955 -0.0934851 -0.0661223
0.63316 -0.0872501 -0.0660904 0.633341 -0.0810175 -0.0659419 0.633541 -0.0747887 -0.0656364 0.633674
-0.0685584 -0.065335 0.633664 -0.0623061 -0.065114 0.633599 -0.0560641 -0.0646853 0.633619 -0.0498382
-0.0640771 0.633497 -0.0435953 -0.0636739 0.633595 -0.0373576 -0.0632539 0.633842 -0.0310974 -0.0628482
0.634183 -0.0279723 -0.0628038 0.634411 -0.0248468 -0.0627801 0.634637 -0.0217222 -0.0627369 0.634872
-0.0185987 -0.0626752 0.635118 -0.015472 -0.0626167 0.635363 -0.0123457 -0.0625701 0.635621 -0.0092191
-0.0623423 0.63574 -0.00609232 -0.0621127 0.635851 -0.00296618 -0.061872 0.635957 0.000162579 -0.0616227
0.636059 0.00113493 -0.0615594 0.6361 0.00210699 -0.061492 0.636141 0.00307894 -0.061423 0.636182
0.00405078 -0.0613526 0.636224 0.00465268 -0.0613081 0.63625 0.00687871 -0.0611414 0.636345 0.00910437
-0.0609698 0.636441 0.0113296 -0.0607933 0.636537 0.0135545 -0.0606121 0.636632 0.0157828 -0.060426
0.636728 0.018906 -0.0601152 0.636868 0.0220198 -0.0597225 0.637012 0.0251292 -0.0593055 0.637182
0.0282391 -0.0589065 0.637382 0.0313969 -0.058522 0.637617 0.0328554 -0.0583818 0.637744 0.0343157
-0.0582529 0.637863 0.035777 -0.0581311 0.637977 0.0372392 -0.0580164 0.638086 0.0393811 -0.0578591
0.638239 0.0409052 -0.0577582 0.63834 0.0424304 -0.057668 0.638435 0.0439565 -0.0575883 0.638523
0.0454835 -0.0575218 0.638608 0.0470021 -0.0574722 0.638692 0.0501315 -0.05739 0.638879 0.0532624
-0.0572659 0.639008 0.0563934 -0.0571056 0.639086 0.0595234 -0.056914 0.639108 0.0626463 -0.0566938
0.63908 0.0657974 -0.0564527 0.639049 0.068932 -0.0560614 0.638956 0.0720625 -0.0556437 0.638839
0.0751888 -0.0552029 0.638697 0.0783844 -0.054656 0.638531 0.0798428 -0.0543904 0.638458 0.0812987
-0.0541118 0.638386 0.0827554 -0.0538304 0.638347 0.084212 -0.0535462 0.638341 0.0943073 -0.051557
0.638523 0.0975244 -0.0510583 0.63891 0.100721 -0.0505833 0.63946 0.103864 -0.0500822 0.640248
0.106879 -0.0494932 0.641393 0.110365 -0.0485696 0.643475 0.111642 -0.0483526 0.643813 0.112877
-0.0480415 0.644226 0.11413 -0.0477495 0.644594 0.115402 -0.047481 0.644915 0.115811 -0.0474027
0.645003 0.117917 -0.0470117 0.645434 0.120024 -0.0466037 0.645844 0.122131 -0.0461778 0.646236
0.124235 -0.0457404 0.64663 0.126336 -0.0452991 0.647017 0.129908 -0.044802 0.647348 0.133511
-0.044504 0.647562 0.137126 -0.0443361 0.647686 0.140747 -0.0442849 0.64772 0.144549 -0.0442171
0.647741 0.147039 -0.0441191 0.647758 0.149531 -0.0440712 0.647775 0.152023 -0.0440508 0.647784
0.154515 -0.0440305 0.647793 0.157002 -0.0439925 0.647799 0.159945 -0.0438747 0.647795 0.16289
-0.0438488 0.647806 0.165836 -0.0438328 0.647819 0.168782 -0.0438167 0.647832 0.171714 -0.0438007
0.647844 0.174846 -0.0437982 0.647867 0.177977 -0.0437843 0.647878 0.181109 -0.0437703 0.647888
0.18424 -0.0437564 0.647899 0.187374 -0.0437401 0.647909 0.190093 -0.0434915 0.647889 0.192617
-0.0424781 0.648128 0.195097 -0.0413676 0.648402 0.197579 -0.0402621 0.648674 0.201839 -0.0385875
0.649116 0.205126 -0.0377994 0.649367 0.208227 -0.0364532 0.649618 0.21131 -0.0350671 0.649869
0.214552 -0.0341114 0.650129 0.218301 -0.0334217 0.650417 0.221429 -0.0334467 0.650664 0.224478
-0.0341745 0.650807 0.227459 -0.0351444 0.650931 0.230348 -0.0363657 0.651015 0.23392 -0.0379168
0.651112 0.237056 -0.0384807 0.651295 0.240203 -0.0386945 0.651779 0.243337 -0.0387298 0.652381
0.246483 -0.0387519 0.65292 0.249608 -0.0387832 0.653363 0.25275 -0.0390239 0.653489 0.255899
-0.0391809 0.653534 0.259049 -0.0393192 0.653566 0.262201 -0.0394122 0.653571 0.26532 -0.0394299
0.65354 0.268461 -0.0394458 0.653504 0.271602 -0.0394549 0.653467 0.274743 -0.0394522 0.653423
0.277884 -0.0394439 0.653377 0.281025 -0.0394341 0.653331 0.287305 -0.0393839 0.65322 0.293578
-0.0391153 0.653078 0.299849 -0.0387909 0.652925 0.306116 -0.0384131 0.652763 0.312425 -0.0379886
0.65256 0.318709 -0.0378082 0.652388 0.324991 -0.0375499 0.652238 0.331271 -0.0372584 0.652081
0.337549 -0.0369287 0.651917 0.343845 -0.0365576 0.651746 0.350113 -0.0363608 0.651547 0.356374
-0.0361379 0.65122 0.362637 -0.0359539 0.650905 0.368903 -0.0358114 0.65061 0.375181 -0.0357124
0.650336 0.378307 -0.0356495 0.650275 0.381433 -0.0356124 0.650255 0.38456 -0.0355854 0.650255
0.387686 -0.0355838 0.650264 0.390809 -0.0356041 0.650271 0.393955 -0.0356404 0.65026 0.397102
-0.0356607 0.650266 0.400248 -0.0356699 0.650284 0.403395 -0.0356715 0.650312 0.406541 -0.0356623
0.650349 0.409679 -0.0356484 0.65039 0.412816 -0.0356375 0.650468 0.415952 -0.0356248 0.650568
0.419088 -0.0356162 0.650678 0.422231 -0.03561 0.650783 0.42538 -0.0356042 0.650863 0.428529
-0.0355981 0.650942 0.431679 -0.035594 0.651021 0.434828 -0.0355935 0.651099 0.437977 -0.0355937
0.651175 0.441257 -0.0355895 0.651247 0.444537 -0.035596 0.651296 0.447817 -0.0356071 0.651343
0.451098 -0.0356227 0.651388 0.454396 -0.0356427 0.651433 0.457392 -0.03567 0.651491 0.460389
-0.0356709 0.651545 0.463385 -0.0356705 0.651571 0.466382 -0.0356684 0.651569 0.469388 -0.0356635
0.651551 0.47238 -0.0356762 0.651498 0.475371 -0.0356833 0.651461 0.478363 -0.035685 0.651422
0.481355 -0.0356786 0.651381 0.484347 -0.035664 0.651339 0.487496 -0.0356426 0.651288 0.490644
-0.0356099 0.651264 0.493793 -0.0355803 0.65126 0.496942 -0.0355537 0.651278 0.500119 -0.0355314
0.651308 0.502924 -0.0355225 0.651332 0.505728 -0.0355196 0.651358 0.508533 -0.0355205 0.651386
0.511338 -0.0355293 0.651416 0.51415 -0.0355447 0.651448 -1.001 1e-07 0.737942 -1.0008
8.16551e-06 0.737945 -1.0006 1.62176e-05 0.737948 -1.0004 2.42563e-05 0.737951 -1.0002 3.22816e-05
0.737954 -1 4.02936e-05 0.737957 -0.9875 0.000539124 0.738154 -0.974993 0.000713899 0.738429
-0.962485 0.000676434 0.738718 -0.949979 0.000429903 0.739023 -0.938104 3.35724e-15 0.739326 -0.937983
-6.24234e-06 0.739329 -0.937862 -1.25019e-05 0.739332 -0.937742 -1.87788e-05 0.739335 -0.937621 -2.5073e-05
0.739339 -0.9375 -3.13849e-05 0.739342 -0.925 -0.000686446 0.739676 -0.912508 -0.00151755 0.739896
-0.900028 -0.00252994 0.739992 -0.887564 -0.00372791 0.739956 -0.875 -0.00512943 0.739776 -0.8625
-0.00674823 0.739638 -0.849959 -0.00799069 0.73937 -0.837387 -0.00889367 0.739244 -0.824796 -0.00949512
0.73926 -0.8125 -0.00982141 0.73941 -0.8 -0.0104559 0.739761 -0.787487 -0.0107478 0.740101
-0.774972 -0.0108792 0.740449 -0.762456 -0.0108546 0.740805 -0.75 -0.0106794 0.741169 -0.7375
-0.0104362 0.741577 -0.724997 -0.0102591 0.741912 -0.712489 -0.010183 0.742042 -0.69998 -0.0102137
0.741957 -0.6875 -0.0103572 0.741643 -0.675 -0.010678 0.741138 -0.662498 -0.0109535 0.740652
-0.650005 -0.0114477 0.740116 -0.637525 -0.0121643 0.739531 -0.625 -0.0131113 0.738896 -0.6125
-0.0143168 0.738089 -0.599998 -0.0154113 0.737168 -0.587484 -0.016441 0.736333 -0.574958 -0.0173987
0.735605 -0.5625 -0.0183013 0.735005 -0.55 -0.0192791 0.734619 -0.537472 -0.0198857 0.734445
-0.524931 -0.0201634 0.734323 -0.512388 -0.0201355 0.734205 -0.5 -0.0200019 0.734071 -0.4875
-0.0199809 0.733686 -0.474997 -0.0197205 0.733541 -0.462493 -0.019512 0.733515 -0.449987 -0.0195361
0.733547 -0.4375 -0.0198247 0.733619 -0.424999 -0.0204518 0.733678 -0.412487 -0.0206903 0.73349
-0.399974 -0.0209056 0.733338 -0.387463 -0.021285 0.733375 -0.374999 -0.0222808 0.733515 -0.362498
-0.0248623 0.733636 -0.350335 -0.0287379 0.733714 -0.338158 -0.0325674 0.733832 -0.325814 -0.0358145
0.734007 -0.312493 -0.0382659 0.734344 -0.29999 -0.0383469 0.735164 -0.28748 -0.0380647 0.735819
-0.274963 -0.0377079 0.736292 -0.262437 -0.0374864 0.736486 -0.249977 -0.0374906 0.73642 -0.237465
-0.038571 0.73643 -0.225062 -0.0402585 0.735394 -0.21274 -0.0424717 0.734398 -0.20047 -0.0450529
0.733676 -0.187409 -0.0481257 0.733524 -0.181137 -0.0495771 0.734389 -0.174863 -0.0508561 0.73549
-0.168602 -0.0519568 0.736827 -0.162354 -0.0530404 0.738237 -0.156046 -0.0542559 0.739578 -0.149713
-0.0556682 0.740766 -0.14343 -0.0568922 0.742355 -0.136999 -0.0576619 0.743604 -0.130466 -0.0579559
0.744467 -0.124414 -0.0577873 0.744917 -0.121236 -0.0575098 0.744891 -0.118089 -0.0570197 0.744711
-0.114984 -0.0563603 0.744399 -0.111902 -0.0556255 0.744022 -0.108566 -0.0550767 0.743747 -0.105325
-0.054786 0.743615 -0.102073 -0.0546121 0.743535 -0.098817 -0.0545442 0.743504 -0.0955607 -0.0545887
0.743458 -0.0923111 -0.0547514 0.743311 -0.0881784 -0.0551361 0.742971 -0.0844674 -0.0567554 0.741997
-0.0812153 -0.0590117 0.740703 -0.0795688 -0.0594517 0.740416 -0.0767489 -0.0598512 0.740113 -0.0756664
-0.06003 0.739996 -0.0745995 -0.0602693 0.739848 -0.0735585 -0.0605849 0.739664 -0.0725573 -0.0609874
0.739434 -0.0715424 -0.0614012 0.73918 -0.0703434 -0.0616212 0.73904 -0.0691573 -0.0618143 0.738792
-0.0679714 -0.0620084 0.738543 -0.0667857 -0.0622041 0.738295 -0.0626395 -0.0628975 0.737426 -0.0625342
-0.0629248 0.737405 -0.0624264 -0.0629381 0.737382 -0.062318 -0.0629393 0.737358 -0.0622102 -0.0629284
0.737334 -0.0621367 -0.0629181 0.737318 -0.0621349 -0.0629186 0.737317 -0.062133 -0.062919 0.737317
-0.0621311 -0.0629194 0.737317 -0.0621293 -0.0629196 0.737316 -0.0621276 -0.0629198 0.737316 -0.061735
-0.0629569 0.737297 -0.0616999 -0.0629565 0.737298 -1.001 1e-07 0.790574 -1.0008 5.13121e-06
0.790584 -1.0006 1.01507e-05 0.790595 -1.0004 1.51584e-05 0.790605 -1.0002 2.01545e-05 0.790616
-1 2.51391e-05 0.790627 -0.9875 0.000336057 0.791295 -0.974998 0.000633129 0.791925 -0.962493
0.00091615 0.792515 -0.949986 0.0011851 0.793063 -0.9375 0.00133735 0.793603 -0.925 0.00127223
0.794098 -0.912498 0.00106902 0.794488 -0.899995 0.000761694 0.794769 -0.887491 0.00041677 0.794939
-0.875 2.95483e-05 0.794994 -0.874831 2.36386e-05 0.794993 -0.874662 1.77478e-05 0.794992 -0.874492
1.18678e-05 0.794991 -0.874323 5.99886e-06 0.79499 -0.87415 4.21544e-14 0.79499 -0.86182 -0.000425984
0.794933 -0.849488 -0.00077911 0.79499 -0.837155 -0.0010616 0.795158 -0.824822 -0.00127565 0.79543
-0.8125 -0.00137382 0.795808 -0.8 -0.00129942 0.796308 -0.787506 -0.00109794 0.796917 -0.775012
-0.000855121 0.797503 -0.762517 -0.000612838 0.798056 -0.75 -0.000370701 0.798579 -0.746176 -0.000296561
0.79872 -0.742351 -0.000226367 0.798849 -0.738526 -0.000160185 0.798966 -0.7347 -9.8077e-05 0.79907
-0.728227 1.17834e-11 0.799225 -0.720082 0.000108181 0.799374 -0.711935 0.000196058 0.799463 -0.703788
0.000263023 0.799489 -0.695641 0.000308444 0.799452 -0.6875 0.000316975 0.79933 -0.675 0.000253601
0.798991 -0.66354 9.55879e-11 0.798631 -0.655832 -0.000318882 0.798368 -0.648129 -0.000733451 0.798091
-0.640432 -0.00124419 0.797802 -0.632743 -0.0018515 0.7975 -0.625 -0.0025614 0.797185 -0.6125
-0.00387029 0.79664 -0.59999 -0.00511535 0.796175 -0.58748 -0.00637586 0.795767 -0.57497 -0.00765106
0.79542 -0.5625 -0.00888626 0.795163 -0.55 -0.0103292 0.794901 -0.537462 -0.0114196 0.794842
-0.524901 -0.0122058 0.794912 -0.512329 -0.0127219 0.795186 -0.5 -0.0129595 0.795663 -0.4875
-0.0128404 0.796477 -0.474981 -0.0125388 0.796823 -0.462466 -0.0124308 0.797348 -0.449961 -0.0125455
0.798094 -0.4375 -0.0129197 0.799075 -0.424999 -0.0147601 0.801189 -0.414946 -0.0220871 0.804247
-0.4031 -0.0257919 0.807422 -0.390737 -0.0270931 0.810513 -0.382364 -0.0268754 0.8125 -0.380891
-0.0267422 0.812839 -0.379419 -0.0266035 0.813181 -0.377948 -0.0264593 0.813526 -0.376478 -0.0263097
0.813873 -0.374998 -0.0261535 0.814227 -0.362497 -0.0248729 0.817055 -0.350171 -0.0224625 0.819911
-0.337967 -0.0194098 0.822679 -0.325885 -0.015841 0.825364 -0.312494 -0.0113107 0.828339 -0.301025
-0.00904847 0.830417 -0.289752 -0.00612291 0.832729 -0.278199 -0.00406209 0.834534 -0.266492 -0.00269949
0.83597 -0.249978 -0.00161536 0.837567 -0.237457 -0.00180771 0.838234 -0.224951 -0.00258175 0.838734
-0.212472 -0.00375203 0.839167 -0.2 -0.00492137 0.839734 -0.187372 -0.00541644 0.840558 -0.181091
-0.00554734 0.841006 -0.174811 -0.00558351 0.841485 -0.16853 -0.0057602 0.841917 -0.162252 -0.00607505
0.842304 -0.155967 -0.00652633 0.842649 -0.152282 -0.00691855 0.842822 -0.148601 -0.0073398 0.842994
-0.144912 -0.007689 0.843185 -0.141219 -0.00796574 0.843404 -0.139419 -0.00806131 0.843524 -0.136395
-0.00818648 0.843738 -0.133371 -0.00827643 0.843965 -0.130348 -0.0083297 0.844206 -0.127325 -0.00834473
0.844461 -0.124304 -0.00831992 0.84473 -0.117908 -0.00840214 0.84562 -0.111652 -0.00824254 0.847221
-0.105594 -0.00775982 0.849406 -0.0998419 -0.00729607 0.852308 -0.0924689 -0.00704659 0.85676 -0.0913867
-0.00692208 0.857136 -0.0903035 -0.00679371 0.857508 -0.0892174 -0.0066632 0.85787 -0.088128 -0.00653163
0.858222 -0.0868012 -0.00637044 0.858639 -0.0847965 -0.00612494 0.859246 -0.0827884 -0.00588389 0.859843
-0.0807772 -0.00564669 0.860432 -0.0787584 -0.00538806 0.860985 -0.0767792 -0.00510285 0.861447 -0.0736691
-0.00451921 0.861723 -0.0708267 -0.00315441 0.862109 -0.0679111 -0.00191809 0.862354 -0.064855 -0.00105404
0.862419 -0.0612666 -0.00036245 0.862341 -0.0606901 -0.000300488 0.862306 -0.0601139 -0.000240145 0.862265
-0.0595376 -0.0001793 0.862225 -0.0589614 -0.000117892 0.862186 -0.0583552 -5.26261e-05 0.862146 -0.0560122
0.000202765 0.861999 -0.0536728 0.000474929 0.861827 -0.0513401 0.000774647 0.861615 -0.0490229 0.00112618
0.861326 -0.0469539 0.00153575 0.860925 -1.001 1e-07 0.843205 -1.0008 3.71377e-06 0.843206
-1.0006 7.30887e-06 0.843207 -1.0004 1.08854e-05 0.843208 -1.0002 1.44433e-05 0.843209 -1
1.79826e-05 0.84321 -0.9875 0.000238167 0.843288 -0.974999 0.000443042 0.843304 -0.962499 0.000632392
0.843257 -0.949999 0.00087304 0.843203 -0.9375 0.00124389 0.843206 -0.925 0.00177167 0.843262
-0.912495 0.00216122 0.843382 -0.899989 0.00244063 0.843574 -0.88748 0.00265362 0.843741 -0.875
0.00283826 0.843788 -0.8625 0.00301754 0.843735 -0.85 0.00321806 0.843778 -0.837502 0.00346688
0.843933 -0.825005 0.00370102 0.844146 -0.8125 0.00386161 0.844365 -0.8 0.00398715 0.844619
-0.787499 0.00409959 0.844803 -0.774997 0.0042171 0.84493 -0.762494 0.00433646 0.845019 -0.75
0.00445281 0.845092 -0.7375 0.00458824 0.845137 -0.725 0.00466298 0.845045 -0.712501 0.00468564
0.844795 -0.700006 0.00468292 0.844438 -0.6875 0.00467384 0.844009 -0.675 0.0046747 0.843512
-0.662499 0.00458367 0.84306 -0.649998 0.00435603 0.842646 -0.637502 0.00391955 0.842228 -0.625
0.00321196 0.841773 -0.617675 0.00256957 0.841483 -0.610372 0.00172121 0.841192 -0.603062 0.00091686
0.840925 -0.595747 0.000152824 0.84068 -0.594209 6.6361e-10 0.840633 -0.587867 -0.000623717 0.840444
-0.581526 -0.00125498 0.840273 -0.575184 -0.00189154 0.840124 -0.568842 -0.00253317 0.839999 -0.5625
-0.00317977 0.839897 -0.55 -0.00453612 0.839723 -0.537482 -0.00572754 0.839702 -0.524958 -0.00684133
0.8399 -0.512418 -0.00767679 0.840291 -0.5 -0.00819309 0.840871 -0.4875 -0.00859132 0.842077
-0.475548 -0.00832072 0.845945 -0.463744 -0.00838359 0.850248 -0.452025 -0.00834668 0.854779 -0.4375
-0.00799383 0.860444 -0.424999 -0.0084929 0.86231 -0.412619 -0.00803524 0.864857 -0.400183 -0.0074526
0.867095 -0.387702 -0.00676495 0.869025 -0.374999 -0.00603975 0.87058 -0.362498 -0.00545666 0.871377
-0.350084 -0.00410514 0.872526 -0.337645 -0.00295627 0.873619 -0.325184 -0.00200766 0.874662 -0.321023
-0.00175734 0.874997 -0.319317 -0.00166348 0.875133 -0.317611 -0.00157179 0.875268 -0.315905 -0.00148223
0.875401 -0.314198 -0.00139478 0.875533 -0.312494 -0.00130951 0.875663 -0.307642 -0.00104754 0.876059
-0.302782 -0.000853979 0.876404 -0.297916 -0.000755059 0.876694 -0.293047 -0.000744126 0.876932 -0.249976
-0.0013721 0.878607 -0.237462 -0.00319401 0.878115 -0.22504 -0.00552432 0.877444 -0.212548 -0.00753797
0.877227 -0.200024 -0.0093557 0.877313 -0.187406 -0.0110637 0.877612 -0.181132 -0.0116938 0.878102
-0.174859 -0.0122802 0.878657 -0.168596 -0.012961 0.879213 -0.162335 -0.0136255 0.879807 -0.156037
-0.014276 0.880444 -0.149734 -0.0151379 0.880899 -0.143761 -0.0172182 0.880075 -0.137737 -0.0192461
0.879537 -0.131698 -0.0212526 0.879113 -0.124489 -0.0236383 0.87868 -0.118134 -0.024724 0.879275
-0.111729 -0.0255234 0.879763 -0.105295 -0.0261212 0.880158 -0.0988391 -0.0265108 0.880449 -0.0927095
-0.026661 0.880611 -0.0895015 -0.0268495 0.880569 -0.0863033 -0.0271185 0.880405 -0.083111 -0.0274281
0.880201 -0.0799223 -0.0277414 0.879951 -0.0766586 -0.0280606 0.879657 -0.073394 -0.0282991 0.87948
-0.0701415 -0.0286335 0.879245 -0.0668822 -0.0289224 0.879047 -0.0636177 -0.0291709 0.878882 -0.0603342
-0.0293713 0.878747 -0.0567039 -0.0294683 0.878635 -0.0530715 -0.029522 0.878576 -0.0494384 -0.0295357
0.878541 -0.0458052 -0.029546 0.878516 -0.0422592 -0.0295514 0.878504 -0.0402838 -0.0295522 0.878504
-0.0383084 -0.0295529 0.878504 -0.036333 -0.0295537 0.878504 -0.0343576 -0.0295544 0.878503 -0.0323823
-0.0295551 0.878503 -1.001 1e-07 0.895837 -1.0008 4.14035e-06 0.895824 -1.0006 8.20403e-06
0.895811 -1.0004 1.2291e-05 0.895798 -1.0002 1.64013e-05 0.895785 -1 2.05351e-05 0.895773
-0.9875 0.000281557 0.894967 -0.975003 0.000780812 0.894238 -0.962513 0.00150839 0.893563 -0.950036
0.00244199 0.892912 -0.9375 0.00360762 0.892273 -0.925 0.00474466 0.891796 -0.912519 0.00611531
0.89146 -0.900036 0.00748983 0.891226 -0.887552 0.00886947 0.891096 -0.875 0.0102533 0.891068
-0.8625 0.0108947 0.890958 -0.849985 0.0111372 0.890923 -0.837469 0.0112803 0.890945 -0.824953
0.0113486 0.890978 -0.8125 0.0113435 0.891021 -0.8 0.0113191 0.891227 -0.787498 0.0113081
0.89127 -0.774997 0.0113038 0.891259 -0.762495 0.0113061 0.891191 -0.75 0.0113162 0.891071
-0.7375 0.0113358 0.890927 -0.725017 0.0115076 0.890283 -0.712541 0.0116807 0.889511 -0.70007
0.0118492 0.888663 -0.6875 0.0120143 0.887731 -0.675 0.012032 0.887023 -0.662539 0.0119716
0.885807 -0.650073 0.0117748 0.884669 -0.637602 0.0114384 0.883608 -0.625 0.0109543 0.882614
-0.6125 0.0103192 0.882105 -0.599995 0.00968258 0.881745 -0.587491 0.00898728 0.881457 -0.574989
0.00823755 0.881244 -0.5625 0.00743857 0.88111 -0.55 0.00634357 0.880983 -0.537476 0.00556595
0.881009 -0.524952 0.00482764 0.881277 -0.512434 0.00411989 0.881807 -0.5 0.00345383 0.88261
-0.48804 0.00276307 0.883557 -0.476073 0.00215405 0.88447 -0.464108 0.00162556 0.885462 -0.452146
0.00118063 0.886529 -0.4375 0.000741637 0.887923 -0.431136 0.000593319 0.888569 -0.424765 0.000488592
0.889155 -0.418389 0.000418284 0.889675 -0.412007 0.000381796 0.890131 -0.374999 0.000362982 0.892415
-0.36834 0.000290409 0.892527 -0.361683 0.000212065 0.892688 -0.355026 0.000141703 0.892907 -0.348372
7.82484e-05 0.893173 -0.339347 1.22755e-07 0.893558 -0.333976 -4.03837e-05 0.893807 -0.328606 -7.96216e-05
0.894066 -0.323237 -0.000117697 0.894335 -0.317868 -0.000154723 0.894615 -0.312495 -0.000190854 0.894907
-0.299992 -0.000256769 0.895631 -0.287488 -0.000830759 0.896048 -0.275006 -0.00183996 0.896202 -0.262558
-0.00321935 0.896131 -0.24998 -0.00464675 0.895945 -0.237468 -0.00645028 0.895503 -0.225238 -0.0094939
0.894426 -0.21315 -0.0130562 0.89334 -0.201215 -0.0170692 0.892141 -0.187416 -0.0216287 0.891307
-0.181147 -0.0224961 0.892513 -0.174871 -0.0231558 0.893804 -0.168602 -0.0238499 0.895115 -0.162332
-0.0245703 0.896405 -0.156076 -0.0253309 0.897664 -0.149787 -0.0263377 0.898814 -0.143605 -0.028226
0.899133 -0.137327 -0.0297393 0.899569 -0.130987 -0.0309464 0.90005 -0.129185 -0.0312157 0.900181
-0.12827 -0.0313451 0.900251 -0.127356 -0.0314752 0.900324 -0.126442 -0.0316059 0.900398 -0.125528
-0.0317373 0.900474 -0.124612 -0.0318696 0.900552 -0.118283 -0.0327466 0.901016 -0.111924 -0.0334584
0.901336 -0.105549 -0.0340632 0.901508 -0.099159 -0.0345252 0.90156 -0.0929569 -0.0348304 0.90148
-0.0897508 -0.0350338 0.901374 -0.0865515 -0.0353169 0.901248 -0.0833585 -0.0356565 0.901104 -0.0801717
-0.0360429 0.900941 -0.0769222 -0.0364573 0.90076 -0.0736991 -0.0368482 0.900575 -0.0704779 -0.0372642
0.900413 -0.0672545 -0.0376712 0.900274 -0.0640247 -0.038033 0.900159 -0.0608139 -0.0382931 0.900053
-0.057575 -0.0384228 0.899944 -0.054333 -0.0385019 0.899892 -0.0510899 -0.038543 0.899875 -0.0478466
-0.038558 0.899868 -0.0446419 -0.0385594 0.899868 -0.0413481 -0.0385608 0.899867 -0.0380543 -0.0385622
0.899867 -0.0347605 -0.0385632 0.899868 -0.0314667 -0.0385632 0.899871 -0.0281753 -0.0385616 0.899878
-0.025067 -0.0385583 0.899887 -0.021959 -0.0385458 0.899921 -0.018851 -0.038532 0.899958 -0.0157431
-0.0385168 0.899998 -0.012558 -0.038497 0.900051 -1.001 1e-07 0.948468 -1.0008 4.28383e-06
0.948456 -1.0006 8.48438e-06 0.948444 -1.0004 1.27017e-05 0.948432 -1.0002 1.69356e-05 0.94842
-1 2.11859e-05 0.948408 -0.9875 0.000289234 0.947661 -0.975002 0.00077991 0.946997 -0.962511
0.00149835 0.946422 -0.950031 0.00244934 0.945941 -0.9375 0.00364449 0.94556 -0.925 0.00508488
0.945167 -0.912523 0.00673512 0.944895 -0.900039 0.00835296 0.944752 -0.887543 0.00987491 0.944699
-0.875 0.0112715 0.944718 -0.8625 0.0121706 0.944568 -0.84998 0.0127375 0.944588 -0.837455
0.0131432 0.944794 -0.82493 0.0133898 0.945172 -0.8125 0.0134631 0.945709 -0.8 0.0134952
0.946342 -0.787637 0.0132662 0.948278 -0.775309 0.0130126 0.950423 -0.763024 0.0127309 0.9528
-0.75 0.0125204 0.955262 -0.7375 0.0130595 0.955796 -0.724984 0.0132287 0.956172 -0.712463
0.0134015 0.956308 -0.699942 0.0135889 0.956192 -0.6875 0.0136335 0.955941 -0.675 0.0133013
0.955724 -0.662503 0.0134397 0.955274 -0.650005 0.0135802 0.95482 -0.637507 0.0137075 0.9544
-0.625 0.013827 0.954028 -0.6125 0.0139891 0.953857 -0.599999 0.0140213 0.953672 -0.587498
0.0140295 0.953532 -0.574996 0.0140286 0.953448 -0.5625 0.0139972 0.953387 -0.55 0.013925
0.953335 -0.537502 0.0138529 0.953129 -0.525004 0.0137111 0.952887 -0.512508 0.0135109 0.952624
-0.5 0.0132455 0.952349 -0.4875 0.0128464 0.952169 -0.474996 0.0127673 0.951884 -0.462491
0.0127059 0.951635 -0.449985 0.0126536 0.951427 -0.4375 0.0126223 0.95127 -0.425 0.0124516
0.951262 -0.412499 0.0123261 0.95125 -0.400003 0.0119991 0.951122 -0.387516 0.0114624 0.950876
-0.374999 0.0107063 0.950507 -0.362499 0.00937438 0.950029 -0.350095 0.0074316 0.94923 -0.337662
0.00559214 0.948688 -0.325206 0.00385304 0.948412 -0.312497 0.00218065 0.948409 -0.30825 0.00174454
0.948506 -0.304002 0.00137711 0.948762 -0.299751 0.0010362 0.948989 -0.295497 0.000711801 0.949182
-0.286328 8.7563e-08 0.949499 -0.27906 -0.000587353 0.949584 -0.271791 -0.00116358 0.949617 -0.264522
-0.00173017 0.949598 -0.257251 -0.00228861 0.949529 -0.249989 -0.00283964 0.949409 -0.237484 -0.00397182
0.949181 -0.224981 -0.00509941 0.948841 -0.212484 -0.00627666 0.948457 -0.199992 -0.0074991 0.948033
-0.187463 -0.00876723 0.947571 -0.174934 -0.010513 0.947458 -0.162636 -0.0128451 0.945633 -0.150171
-0.0148401 0.944821 -0.13766 -0.0166636 0.944398 -0.124812 -0.0184098 0.943703 -0.118522 -0.0187959
0.94368 -0.112227 -0.0190905 0.943801 -0.105929 -0.019302 0.94389 -0.0996283 -0.0194231 0.943941
-0.0933624 -0.0194782 0.943992 -0.0870376 -0.0194847 0.943998 -0.0807129 -0.0194909 0.944001 -0.0743883
-0.0194722 0.943956 -0.0680648 -0.0195792 0.943891 -0.0617363 -0.0197237 0.943694 -0.0553904 -0.0200203
0.943271 -0.0491396 -0.0211996 0.942999 -0.0429057 -0.0224759 0.942784 -0.0366714 -0.0237552 0.942599
-0.0299659 -0.0250647 0.942465 -0.0267595 -0.0252866 0.942439 -0.0235481 -0.0254223 0.942421 -0.0203344
-0.025477 0.942413 -0.0171201 -0.0254884 0.94241 -0.0139508 -0.0254806 0.942391 -0.0103123 -0.0254588
0.942343 -0.0066735 -0.0254507 0.942324 -0.00303464 -0.0254515 0.942321 0.000604174 -0.0254532 0.942303
0.00422478 -0.0254681 0.942235 0.00639572 -0.0255109 0.942139 0.00855696 -0.0255377 0.94191 0.0107103
-0.0255635 0.941616 0.0128563 -0.0255941 0.941273 0.0144936 -0.0256174 0.941012 -1.001 1e-07
1.0011 -1.0008 9.24332e-07 1.0011 -1.0006 1.76546e-06 1.0011 -1.0004 2.62337e-06 1.0011
-1.0002 3.49807e-06 1.0011 -1 4.38955e-06 1.0011 -0.9875 6.13328e-05 1.00109 -0.975001
0.00024156 1.00106 -0.962506 0.000570371 1.001 -0.950015 0.00105907 1.00092 -0.9375 0.00171479
1.0008 -0.925 0.00248364 1.0007 -0.912497 0.00318777 1.00052 -0.899994 0.00385229 1.00025
-0.891011 0.00430345 1 -0.875 0.00507668 0.99947 -0.8625 0.00559931 0.998949 -0.849997
0.00612828 0.998525 -0.837493 0.00674236 0.998225 -0.824992 0.00743966 0.998038 -0.8125 0.00821784
0.997959 -0.8 0.00907939 0.997975 -0.787514 0.0100279 0.998416 -0.775049 0.0112058 0.998894
-0.76261 0.0126181 0.9994 -0.75 0.0142951 0.999938 -0.749734 0.0143272 0.999951 -0.749468
0.0143591 0.999963 -0.749202 0.0143909 0.999975 -0.748936 0.0144225 0.999988 -0.748678 0.014453
1 -0.736443 0.0158915 1.00058 -0.724174 0.0169738 1.00123 -0.711884 0.0177669 1.00189
-0.699578 0.018287 1.00253 -0.6875 0.0185268 1.00314 -0.675 0.0184628 1.00387 -0.662544
0.0179112 1.00503 -0.650111 0.0171816 1.00633 -0.63771 0.0162597 1.0078 -0.625 0.0152758
1.00949 -0.6125 0.0160512 1.01016 -0.600462 0.0195015 1.01087 -0.58844 0.0230199 1.01149
-0.576425 0.0265823 1.012 -0.5625 0.0307245 1.01246 -0.55 0.0306754 1.0126 -0.538007
0.027151 1.01275 -0.526057 0.023482 1.01285 -0.514141 0.0197055 1.01293 -0.5 0.0150829
1.01301 -0.4875 0.0140978 1.01304 -0.474968 0.0145179 1.01302 -0.462446 0.0151546 1.01309
-0.449933 0.0159414 1.01328 -0.4375 0.0168112 1.01359 -0.425 0.0168091 1.01407 -0.412491
0.0166696 1.01411 -0.399986 0.0163759 1.01402 -0.387485 0.015922 1.01385 -0.375 0.0152963
1.01364 -0.3625 0.0144445 1.01361 -0.349988 0.0137735 1.01359 -0.337472 0.0132122 1.01364
-0.324951 0.0127594 1.01376 -0.312499 0.01241 1.01396 -0.299998 0.0118269 1.01429 -0.287487
0.0114685 1.01449 -0.274971 0.0113471 1.01473 -0.262456 0.0114594 1.01499 -0.249996 0.0117159
1.01527 -0.237494 0.0121084 1.01567 -0.224981 0.0122921 1.01569 -0.212473 0.0122379 1.01531
-0.199989 0.0119576 1.01448 -0.187486 0.0114737 1.01324 -0.174978 0.0106464 1.01172 -0.162482
0.0106391 1.0099 -0.149959 0.0107082 1.00828 -0.137408 0.0108189 1.0069 -0.124948 0.010982
1.00577 -0.118686 0.0110578 1.0055 -0.112431 0.0114683 1.00546 -0.106176 0.0118756 1.00548
-0.0999268 0.0123323 1.00566 -0.0936408 0.0128557 1.006 -0.0873673 0.0129886 1.00632 -0.0810899
0.0130763 1.00658 -0.074811 0.0129982 1.00679 -0.0685356 0.0127448 1.00697 -0.062272 0.01232
1.00712 -0.0559757 0.0117466 1.00728 -0.049665 0.01134 1.00738 -0.0433637 0.0108247 1.00754
-0.0370809 0.0101616 1.00783 -0.0307912 0.00934298 1.00822 -0.0244238 0.00809201 1.00878 -0.0179462
0.00747145 1.00907 -0.0114424 0.00719988 1.0093 -0.00493063 0.00710534 1.00943 0.00104343 0.00724223
1.00931 0.00428534 0.00731972 1.00922 0.00752282 0.00750321 1.00913 0.010756 0.00775115 1.00904
0.0139909 0.00797796 1.00896 0.0172524 0.00810923 1.00889 0.0205843 0.00808642 1.00883 0.0239132
0.00793108 1.00881 0.0272366 0.00768537 1.00882 0.0305563 0.00739484 1.00884 0.0339256 0.00709355
1.00888 0.0373848 0.00682135 1.00891 0.0408471 0.00659582 1.00886 0.0443048 0.00631066 1.0088
0.0477554 0.00594986 1.00874 0.0511906 0.0055374 1.00868 0.053999 0.00507182 1.00871 0.0567839
0.00448802 1.00862 0.0595656 0.00388455 1.00857 0.0623453 0.00327082 1.00853 0.0683087 0.00196108
1.00848 0.068607 0.00190159 1.00849 0.0689057 0.0018441 1.00849 0.069205 0.00178949 1.0085
0.0695052 0.00173945 1.0085 0.0698054 0.00169806 1.0085 0.0698541 0.00168727 1.0085 0.0699037
0.00168257 1.0085 0.0699536 0.00168194 1.0085 0.0700035 0.00168191 1.0085 0.0700592 0.00168188
1.0085 
LINES 20 2734
142 0 1 2 3 4 5 6 7 8 9
10 11 12 13 14 15 16 17 18 19
20 21 22 23 24 25 26 27 28 29
30 31 32 33 34 35 36 37 38 39
40 41 42 43 44 45 46 47 48 49
50 51 52 53 54 55 56 57 58 59
60 61 62 63 64 65 66 67 68 69
70 71 72 73 74 75 76 77 78 79
80 81 82 83 84 85 86 87 88 89
90 91 92 93 94 95 96 97 98 99
100 101 102 103 104 105 106 107 108 109
110 111 112 113 114 115 116 117 118 119
120 121 122 123 124 125 126 127 128 129
130 131 132 133 134 135 136 137 138 139
140 141 121 142 143 144 145 146 147 148
149 150 151 152 153 154 155 156 157 158
159 160 161 162 163 164 165 166 167 168
169 170 171 172 173 174 175 176 177 178
179 180 181 182 183 184 185 186 187 188
189 190 191 192 193 194 195 196 197 198
199 200 201 202 203 204 205 206 207 208
209 210 211 212 213 214 215 216 217 218
219 220 221 222 223 224 225 226 227 228
229 230 231 232 233 234 235 236 237 238
239 240 241 242 243 244 245 246 247 248
249 250 251 252 253 254 255 256 257 258
259 260 261 262 106 263 264 265 266 267
268 269 270 271 272 273 274 275 276 277
278 279 280 281 282 283 284 285 286 287
288 289 290 291 292 293 294 295 296 297
298 299 300 301 302 303 304 305 306 307
308 309 310 311 312 313 314 315 316 317
318 319 320 321 322 323 324 325 326 327
328 329 330 331 332 333 334 335 336 337
338 339 340 341 342 343 344 345 346 347
348 349 350 351 352 353 354 355 356 357
358 359 360 361 362 363 364 365 366 367
368 104 369 370 371 372 373 374 375 376
377 378 379 380 381 382 383 384 385 386
387 388 389 390 391 392 393 394 395 396
397 398 399 400 401 402 403 404 405 406
407 408 409 410 411 412 413 414 415 416
417 418 419 420 421 422 423 424 425 426
427 428 429 430 431 432 433 434 435 436
437 438 439 440 441 442 443 444 445 446
447 448 449 450 451 452 453 454 455 456
457 458 459 460 461 462 463 464 465 466
467 468 469 470 471 472 101 473 474 475
476 477 478 479 480 481 482 483 484 485
486 487 488 489 490 491 492 493 494 495
496 497 498 499 500 501 502 503 504 505
506 507 508 509 510 511 512 513 514 515
516 517 518 519 520 521 522 523 524 525
526 527 528 529 530 531 532 533 534 535
536 537 538 539 540 541 542 543 544 545
546 547 548 549 550 551 552 553 554 555
556 557 558 559 560 561 562 563 564 565
566 567 568 569 570 571 572 573 106 574
575 576 577 578 579 580 581 582 583 584
585 586 587 588 589 590 591 592 593 594
595 596 597 598 599 600 601 602 603 604
605 606 607 608 609 610 611 612 613 614
615 616 617 618 619 620 621 622 623 624
625 626 627 628 629 630 631 632 633 634
635 636 637 638 639 640 641 642 643 644
645 646 647 648 649 650 651 652 653 654
655 656 657 658 659 660 661 662 663 664
665 666 667 668 669 670 671 672 673 674
675 676 677 678 679 111 680 681 682 683
684 685 686 687 688 689 690 691 692 693
694 695 696 697 698 699 700 701 702 703
704 705 706 707 708 709 710 711 712 713
714 715 716 717 718 719 720 721 722 723
724 725 726 727 728 729 730 731 732 733
734 735 736 737 738 739 740 741 742 743
744 745 746 747 748 749 750 751 752 753
754 755 756 757 758 759 760 761 762 763
764 765 766 767 768 769 770 771 772 773
774 775 776 777 778 779 780 781 782 783
784 785 786 787 788 789 790 104 791 792
793 794 795 796 797 798 799 800 801 802
803 804 805 806 807 808 809 810 811 812
813 814 815 816 817 818 819 820 821 822
823 824 825 826 827 828 829 830 831 832
833 834 835 836 837 838 839 840 841 842
843 844 845 846 847 848 849 850 851 852
853 854 855 856 857 858 859 860 861 862
863 864 865 866 867 868 869 870 871 872
873 874 875 876 877 878 879 880 881 882
883 884 885 886 887 888 889 890 891 892
893 894 101 895 896 897 898 899 900 901
902 903 904 905 906 907 908 909 910 911
912 913 914 915 916 917 918 919 920 921
922 923 924 925 926 927 928 929 930 931
932 933 934 935 936 937 938 939 940 941
942 943 944 945 946 947 948 949 950 951
952 953 954 955 956 957 958 959 960 961
962 963 964 965 966 967 968 969 970 971
972 973 974 975 976 977 978 979 980 981
982 983 984 985 986 987 988 989 990 991
992 993 994 995 111 996 997 998 999 1000
1001 1002 1003 1004 1005 1006 1007 1008 1009 1010
1011 1012 1013 1014 1015 1016 1017 1018 1019 1020
1021 1022 1023 1024 1025 1026 1027 1028 1029 1030
1031 1032 1033 1034 1035 1036 1037 1038 1039 1040
1041 1042 1043 1044 1045 1046 1047 1048 1049 1050
1051 1052 1053 1054 1055 1056 1057 1058 1059 1060
1061 1062 1063 1064 1065 1066 1067 1068 1069 1070
1071 1072 1073 1074 1075 1076 1077 1078 1079 1080
1081 1082 1083 1084 1085 1086 1087 1088 1089 1090
1091 1092 1093 1094 1095 1096 1097 1098 1099 1100
1101 1102 1103 1104 1105 1106 131 1107 1108 1109
1110 1111 1112 1113 1114 1115 1116 1117 1118 1119
1120 1121 1122 1123 1124 1125 1126 1127 1128 1129
1130 1131 1132 1133 1134 1135 1136 1137 1138 1139
1140 1141 1142 1143 1144 1145 1146 1147 1148 1149
1150 1151 1152 1153 1154 1155 1156 1157 1158 1159
1160 1161 1162 1163 1164 1165 1166 1167 1168 1169
1170 1171 1172 1173 1174 1175 1176 1177 1178 1179
1180 1181 1182 1183 1184 1185 1186 1187 1188 1189
1190 1191 1192 1193 1194 1195 1196 1197 1198 1199
1200 1201 1202 1203 1204 1205 1206 1207 1208 1209
1210 1211 1212 1213 1214 1215 1216 1217 1218 1219
1220 1221 1222 1223 1224 1225 1226 1227 1228 1229
1230 1231 1232 1233 1234 1235 1236 1237 111 1238
1239 1240 1241 1242 1243 1244 1245 1246 1247 1248
1249 1250 1251 1252 1253 1254 1255 1256 1257 1258
1259 1260 1261 1262 1263 1264 1265 1266 1267 1268
1269 1270 1271 1272 1273 1274 1275 1276 1277 1278
1279 1280 1281 1282 1283 1284 1285 1286 1287 1288
1289 1290 1291 1292 1293 1294 1295 1296 1297 1298
1299 1300 1301 1302 1303 1304 1305 1306 1307 1308
1309 1310 1311 1312 1313 1314 1315 1316 1317 1318
1319 1320 1321 1322 1323 1324 1325 1326 1327 1328
1329 1330 1331 1332 1333 1334 1335 1336 1337 1338
1339 1340 1341 1342 1343 1344 1345 1346 1347 1348
331 1349 1350 1351 1352 1353 1354 1355 1356 1357
1358 1359 1360 1361 1362 1363 1364 1365 1366 1367
1368 1369 1370 1371 1372 1373 1374 1375 1376 1377
1378 1379 1380 1381 1382 1383 1384 1385 1386 1387
1388 1389 1390 1391 1392 1393 1394 1395 1396 1397
1398 1399 1400 1401 1402 1403 1404 1405 1406 1407
1408 1409 1410 1411 1412 1413 1414 1415 1416 1417
1418 1419 1420 1421 1422 1423 1424 1425 1426 1427
1428 1429 1430 1431 1432 1433 1434 1435 1436 1437
1438 1439 1440 1441 1442 1443 1444 1445 1446 1447
1448 1449 1450 1451 1452 1453 1454 1455 1456 1457
1458 1459 1460 1461 1462 1463 1464 1465 1466 1467
1468 1469 1470 1471 1472 1473 1474 1475 1476 1477
1478 1479 1480 1481 1482 1483 1484 1485 1486 1487
1488 1489 1490 1491 1492 1493 1494 1495 1496 1497
1498 1499 1500 1501 1502 1503 1504 1505 1506 1507
1508 1509 1510 1511 1512 1513 1514 1515 1516 1517
1518 1519 1520 1521 1522 1523 1524 1525 1526 1527
1528 1529 1530 1531 1532 1533 1534 1535 1536 1537
1538 1539 1540 1541 1542 1543 1544 1545 1546 1547
1548 1549 1550 1551 1552 1553 1554 1555 1556 1557
1558 1559 1560 1561 1562 1563 1564 1565 1566 1567
1568 1569 1570 1571 1572 1573 1574 1575 1576 1577
1578 1579 1580 1581 1582 1583 1584 1585 1586 1587
1588 1589 1590 1591 1592 1593 1594 1595 1596 1597
1598 1599 1600 1601 1602 1603 1604 1605 1606 1607
1608 1609 1610 1611 1612 1613 1614 1615 1616 1617
1618 1619 1620 1621 1622 1623 1624 1625 1626 1627
1628 1629 1630 1631 1632 1633 1634 1635 1636 1637
1638 1639 1640 1641 1642 1643 1644 1645 1646 1647
1648 1649 1650 1651 1652 1653 1654 1655 1656 1657
1658 1659 1660 1661 1662 1663 1664 1665 1666 1667
1668 1669 1670 1671 1672 1673 1674 1675 1676 1677
1678 1679 299 1680 1681 1682 1683 1684 1685 1686
1687 1688 1689 1690 1691 1692 1693 1694 1695 1696
1697 1698 1699 1700 1701 1702 1703 1704 1705 1706
1707 1708 1709 1710 1711 1712 1713 1714 1715 1716
1717 1718 1719 1720 1721 1722 1723 1724 1725 1726
1727 1728 1729 1730 1731 1732 1733 1734 1735 1736
1737 1738 1739 1740 1741 1742 1743 1744 1745 1746
1747 1748 1749 1750 1751 1752 1753 1754 1755 1756
1757 1758 1759 1760 1761 1762 1763 1764 1765 1766
1767 1768 1769 1770 1771 1772 1773 1774 1775 1776
1777 1778 1779 1780 1781 1782 1783 1784 1785 1786
1787 1788 1789 1790 1791 1792 1793 1794 1795 1796
1797 1798 1799 1800 1801 1802 1803 1804 1805 1806
1807 1808 1809 1810 1811 1812 1813 1814 1815 1816
1817 1818 1819 1820 1821 1822 1823 1824 1825 1826
1827 1828 1829 1830 1831 1832 1833 1834 1835 1836
1837 1838 1839 1840 1841 1842 1843 1844 1845 1846
1847 1848 1849 1850 1851 1852 1853 1854 1855 1856
1857 1858 1859 1860 1861 1862 1863 1864 1865 1866
1867 1868 1869 1870 1871 1872 1873 1874 1875 1876
1877 1878 1879 1880 1881 1882 1883 1884 1885 1886
1887 1888 1889 1890 1891 1892 1893 1894 1895 1896
1897 1898 1899 1900 1901 1902 1903 1904 1905 1906
1907 1908 1909 1910 1911 1912 1913 1914 1915 1916
1917 1918 1919 1920 1921 1922 1923 1924 1925 1926
1927 1928 1929 1930 1931 1932 1933 1934 1935 1936
1937 1938 1939 1940 1941 1942 1943 1944 1945 1946
1947 1948 1949 1950 1951 1952 1953 1954 1955 1956
1957 1958 1959 1960 1961 1962 1963 1964 1965 1966
1967 1968 1969 1970 1971 1972 1973 1974 1975 1976
1977 1978 123 1979 1980 1981 1982 1983 1984 1985
1986 1987 1988 1989 1990 1991 1992 1993 1994 1995
1996 1997 1998 1999 2000 2001 2002 2003 2004 2005
2006 2007 2008 2009 2010 2011 2012 2013 2014 2015
2016 2017 2018 2019 2020 2021 2022 2023 2024 2025
2026 2027 2028 2029 2030 2031 2032 2033 2034 2035
2036 2037 2038 2039 2040 2041 2042 2043 2044 2045
2046 2047 2048 2049 2050 2051 2052 2053 2054 2055
2056 2057 2058 2059 2060 2061 2062 2063 2064 2065
2066 2067 2068 2069 2070 2071 2072 2073 2074 2075
2076 2077 2078 2079 2080 2081 2082 2083 2084 2085
2086 2087 2088 2089 2090 2091 2092 2093 2094 2095
2096 2097 2098 2099 2100 2101 133 2102 2103 2104
2105 2106 2107 2108 2109 2110 2111 2112 2113 2114
2115 2116 2117 2118 2119 2120 2121 2122 2123 2124
2125 2126 2127 2128 2129 2130 2131 2132 2133 2134
2135 2136 2137 2138 2139 2140 2141 2142 2143 2144
2145 2146 2147 2148 2149 2150 2151 2152 2153 2154
2155 2156 2157 2158 2159 2160 2161 2162 2163 2164
2165 2166 2167 2168 2169 2170 2171 2172 2173 2174
2175 2176 2177 2178 2179 2180 2181 2182 2183 2184
2185 2186 2187 2188 2189 2190 2191 2192 2193 2194
2195 2196 2197 2198 2199 2200 2201 2202 2203 2204
2205 2206 2207 2208 2209 2210 2211 2212 2213 2214
2215 2216 2217 2218 2219 2220 2221 2222 2223 2224
2225 2226 2227 2228 2229 2230 2231 2232 2233 2234
116 2235 2236 2237 2238 2239 2240 2241 2242 2243
2244 2245 2246 2247 2248 2249 2250 2251 2252 2253
2254 2255 2256 2257 2258 2259 2260 2261 2262 2263
2264 2265 2266 2267 2268 2269 2270 2271 2272 2273
2274 2275 2276 2277 2278 2279 2280 2281 2282 2283
2284 2285 2286 2287 2288 2289 2290 2291 2292 2293
2294 2295 2296 2297 2298 2299 2300 2301 2302 2303
2304 2305 2306 2307 2308 2309 2310 2311 2312 2313
2314 2315 2316 2317 2318 2319 2320 2321 2322 2323
2324 2325 2326 2327 2328 2329 2330 2331 2332 2333
2334 2335 2336 2337 2338 2339 2340 2341 2342 2343
2344 2345 2346 2347 2348 2349 2350 121 2351 2352
2353 2354 2355 2356 2357 2358 2359 2360 2361 2362
2363 2364 2365 2366 2367 2368 2369 2370 2371 2372
2373 2374 2375 2376 2377 2378 2379 2380 2381 2382
2383 2384 2385 2386 2387 2388 2389 2390 2391 2392
2393 2394 2395 2396 2397 2398 2399 2400 2401 2402
2403 2404 2405 2406 2407 2408 2409 2410 2411 2412
2413 2414 2415 2416 2417 2418 2419 2420 2421 2422
2423 2424 2425 2426 2427 2428 2429 2430 2431 2432
2433 2434 2435 2436 2437 2438 2439 2440 2441 2442
2443 2444 2445 2446 2447 2448 2449 2450 2451 2452
2453 2454 2455 2456 2457 2458 2459 2460 2461 2462
2463 2464 2465 2466 2467 2468 2469 2470 2471 111
2472 2473 2474 2475 2476 2477 2478 2479 2480 2481
2482 2483 2484 2485 2486 2487 2488 2489 2490 2491
2492 2493 2494 2495 2496 2497 2498 2499 2500 2501
2502 2503 2504 2505 2506 2507 2508 2509 2510 2511
2512 2513 2514 2515 2516 2517 2518 2519 2520 2521
2522 2523 2524 2525 2526 2527 2528 2529 2530 2531
2532 2533 2534 2535 2536 2537 2538 2539 2540 2541
2542 2543 2544 2545 2546 2547 2548 2549 2550 2551
2552 2553 2554 2555 2556 2557 2558 2559 2560 2561
2562 2563 2564 2565 2566 2567 2568 2569 2570 2571
2572 2573 2574 2575 2576 2577 2578 2579 2580 2581
2582 131 2583 2584 2585 2586 2587 2588 2589 2590
2591 2592 2593 2594 2595 2596 2597 2598 2599 2600
2601 2602 2603 2604 2605 2606 2607 2608 2609 2610
2611 2612 2613 2614 2615 2616 2617 2618 2619 2620
2621 2622 2623 2624 2625 2626 2627 2628 2629 2630
2631 2632 2633 2634 2635 2636 2637 2638 2639 2640
2641 2642 2643 2644 2645 2646 2647 2648 2649 2650
2651 2652 2653 2654 2655 2656 2657 2658 2659 2660
2661 2662 2663 2664 2665 2666 2667 2668 2669 2670
2671 2672 2673 2674 2675 2676 2677 2678 2679 2680
2681 2682 2683 2684 2685 2686 2687 2688 2689 2690
2691 2692 2693 2694 2695 2696 2697 2698 2699 2700
2701 2702 2703 2704 2705 2706 2707 2708 2709 2710
2711 2712 2713 
POINT_DATA 2714
FIELD attributes 3
age 1 2714 float
0 1.19145e-06 2.38291e-06 3.57436e-06 4.76581e-06 5.95885e-06 1.47636e-05 2.35683e-05 3.2373e-05 4.11777e-05 4.99824e-05
0.000674764 0.00129984 0.00192491 0.00254998 0.00317505 0.00380011 0.00442518 0.00505026 0.00567533 0.0063004
0.00692554 0.00755046 0.00817539 0.00880032 0.00942525 0.0100502 0.010675 0.0112999 0.0119247 0.0125495
0.0131744 0.0137983 0.0144223 0.0150462 0.0156479 0.0156524 0.0156569 0.0156613 0.0156658 0.0156703
0.0162943 0.0169188 0.0175438 0.0181693 0.0187952 0.019419 0.020044 0.0206689 0.0212939 0.0219188
0.0225439 0.0231698 0.0237956 0.0244213 0.0250469 0.0256718 0.0262968 0.0269217 0.0275466 0.0281715
0.0287963 0.0294221 0.029955 0.0302239 0.0304928 0.0307618 0.0310307 0.0312996 0.0316127 0.0319263
0.03224 0.0325538 0.0328676 0.0331807 0.0334937 0.0338067 0.0341197 0.0344327 0.0347458 0.0350591
0.0353724 0.0356857 0.0359991 0.0363128 0.0366265 0.0369403 0.037254 0.0375677 0.0378815 0.0381977
0.0384292 0.0385727 0.0387163 0.0388598 0.0390032 0.0391467 0.0393052 0.0394622 0.0396193 0.0397765
0.0399339 0.0400903 0.040246 0.0404017 0.0405573 0.0407129 0.0408675 0.0410237 0.04118 0.0413362
0.0414924 0.0416476 0.0418028 0.041958 0.0421132 0.0422684 0.042422 0.0425728 0.0427235 0.0428742
0.0430249 0.0431769 0.0433291 0.0434811 0.0436332 0.0437852 0.043942 0.044118 0.0442944 0.0444711
0.0446487 0.0448266 0.0449969 0.045166 0.0453337 0.0455022 0.0456709 0.0458519 0.0460596 0.0463034
0.0465881 0 2.44041e-08 4.88082e-08 7.32123e-08 9.76164e-08 1.22021e-07 9.92902e-06 1.9736e-05 2.95429e-05
3.93498e-05 4.91567e-05 0.00066365 0.00128235 0.00190505 0.00253153 0.00315721 0.00378526 0.00441583 0.00504726
0.00567955 0.00631228 0.00694417 0.00757328 0.00819963 0.0088231 0.00944566 0.0100671 0.0106836 0.0112984
0.0119112 0.0125363 0.0131569 0.0137646 0.0143641 0.0149532 0.0155402 0.0157314 0.0159183 0.0161055
0.016294 0.0163938 0.0165665 0.0167406 0.016915 0.0170886 0.0172443 0.0174829 0.0177189 0.0179524
0.0181835 0.0184124 0.0189906 0.0195847 0.0201941 0.0208176 0.0214065 0.022057 0.0226786 0.0232991
0.023918 0.0245356 0.0251712 0.0257962 0.02642 0.0270424 0.0276588 0.0282768 0.0288956 0.0295148
0.0301343 0.0307544 0.0310467 0.0313297 0.0316055 0.0318773 0.0321643 0.0324514 0.0327192 0.0329712
0.0332243 0.0334873 0.0337824 0.0341046 0.0344487 0.0347914 0.0351351 0.0352946 0.0354549 0.0356151
0.035775 0.0359333 0.0360876 0.0362475 0.0364083 0.0365692 0.0367293 0.0368882 0.0370497 0.0372113
0.0373724 0.0375325 0.03769 0.0378515 0.038009 0.0381628 0.0383125 0.0385007 0.0386596 0.0388696
0.0391839 0.0397339 0.039893 0.0400787 0.0403014 0.0405794 0.0409468 0.041161 0.0413357 0.0414833
0.041684 0.0420481 0 2.64589e-08 5.29177e-08 7.93766e-08 1.05835e-07 1.32293e-07 1.00853e-05 2.00373e-05
2.99884e-05 3.99385e-05 4.98889e-05 0.00067339 0.00130079 0.0019305 0.00256065 0.0031886 0.0038177 0.00444423
0.00506974 0.00569422 0.0063192 0.0069466 0.00757126 0.00819406 0.00881744 0.00944187 0.0100663 0.0106978
0.0113374 0.0119848 0.0125919 0.0126018 0.0126116 0.0126215 0.0126313 0.0126412 0.0132965 0.0139467
0.0145899 0.0152252 0.0159127 0.0165296 0.0169801 0.0174593 0.0179756 0.0185162 0.0189941 0.0194897
0.0200107 0.0205596 0.0209046 0.0212017 0.0215153 0.0218479 0.0222024 0.0226128 0.0236333 0.0248865
0.0262896 0.0278911 0.0302059 0.0310554 0.0317902 0.0324672 0.0331048 0.0337278 0.0340402 0.0343526
0.0346649 0.0349767 0.0352877 0.0355988 0.0359098 0.0362202 0.0365301 0.0368402 0.0371505 0.0374619
0.0377737 0.0380865 0.0384012 0.0387137 0.0390322 0.0393515 0.0396714 0.0399882 0.0401505 0.0403086
0.0404661 0.0406232 0.0408011 0.0409361 0.0410717 0.0412093 0.041349 0.0414919 0.04153 0.0415682
0.0416064 0.0416447 0.0416827 0.0418746 0.0420922 0.0423595 0.0427064 0.0436487 0 1.6179e-08
3.23581e-08 4.85371e-08 6.47161e-08 8.08952e-08 9.89355e-06 1.97065e-05 2.95198e-05 3.93334e-05 4.91471e-05 0.00066352
0.00127985 0.00189812 0.00251793 0.00313577 0.00375529 0.00437406 0.00499188 0.00561227 0.0062354 0.00686062
0.00748567 0.0081099 0.00873332 0.00935944 0.00998429 0.010614 0.0112521 0.0118931 0.0125333 0.0131789
0.0137814 0.0143889 0.0148921 0.0150508 0.0152101 0.0153701 0.0155307 0.0156955 0.0163237 0.0169783
0.0176795 0.0184466 0.019349 0.0200136 0.0208472 0.0217094 0.0220989 0.0251858 0.0264331 0.0273422
0.0280881 0.028776 0.0293207 0.0300735 0.0307877 0.0314723 0.0321368 0.0327753 0.0330902 0.0334045
0.0337185 0.0340319 0.0343445 0.0346572 0.0349704 0.0352836 0.0355964 0.0359089 0.036222 0.0365359
0.0368506 0.0371649 0.0374779 0.0376313 0.0377815 0.0379311 0.0380813 0.0382471 0.0382578 0.0382685
0.0382792 0.03829 0.0383004 0.0384476 0.0385954 0.0387435 0.0388922 0.039042 0.039197 0.0393524
0.0395052 0.0396566 0.0398313 0.0399974 0.0401535 0.0403725 0.0407596 0.0409855 0.0412508 0.0415743
0.0419929 0.0425895 0 1.38784e-08 2.77568e-08 4.16353e-08 5.55137e-08 6.93915e-08 1.01963e-05 2.03187e-05
3.04366e-05 4.05501e-05 5.06614e-05 0.00068321 0.00131434 0.00194422 0.00257167 0.00317925 0.0037845 0.0043971
0.00501791 0.00564278 0.00626632 0.00689492 0.00752277 0.00814986 0.00877628 0.00940698 0.0100377 0.0106456
0.0112348 0.0118074 0.0125517 0.013149 0.0137396 0.0143196 0.0149136 0.0155504 0.0162138 0.0168915
0.0175876 0.0183222 0.0190477 0.0197345 0.0205072 0.0212744 0.0220094 0.0231337 0.0239189 0.0245822
0.0252265 0.0258517 0.0264525 0.0270819 0.0277045 0.0283231 0.0289467 0.029578 0.0298929 0.030207
0.0305205 0.0308363 0.0311541 0.0314747 0.0317851 0.032085 0.0323833 0.0326976 0.0330149 0.0333282
0.033641 0.0339591 0.0342951 0.0344714 0.0346536 0.0348384 0.0350194 0.0352489 0.0353917 0.0355272
0.0356652 0.0358063 0.0359766 0.0359834 0.0359902 0.0359971 0.0360039 0.0360107 0.0361606 0.0363119
0.0364639 0.0366158 0.0366502 0.0366724 0.0366944 0.0367165 0.0367385 0.0367605 0.0369197 0.037101
0.0373429 0.0375279 0.0382366 0 2.49874e-08 4.99747e-08 7.4962e-08 9.99493e-08 1.24933e-07 1.12708e-05
2.24122e-05 3.35491e-05 4.46815e-05 5.58101e-05 0.000752374 0.0014201 0.00206678 0.00269433 0.00330582 0.00390264
0.00450755 0.00512055 0.00574163 0.00636599 0.00699907 0.00763472 0.0082731 0.0089138 0.00955586 0.0102095
0.0108497 0.0114783 0.0120958 0.0127009 0.0133132 0.0138753 0.0144471 0.0150305 0.0156684 0.0157364
0.0158046 0.0158731 0.015942 0.015997 0.0165947 0.0172118 0.0178503 0.0185122 0.0191485 0.0199028
0.0205623 0.0211917 0.0218017 0.0223991 0.0231391 0.0238017 0.0244275 0.0250339 0.0256482 0.0262579
0.0269001 0.0275622 0.0282293 0.0288872 0.0292056 0.0295221 0.0298385 0.0301538 0.0304703 0.0307912
0.0311112 0.0314331 0.0317601 0.0320896 0.032428 0.0327545 0.0330774 0.0334115 0.0337815 0.0339901
0.034197 0.0344079 0.0346215 0.0348381 0.035077 0.0353525 0.0356445 0.0359535 0.0362725 0.0365531
0.0368123 0.0371083 0.0375074 0.0381266 0.0382296 0.0383389 0.0384553 0.0385798 0.038727 0.0388206
0.0389146 0.0390091 0.0391111 0.0392674 0.0394964 0.0397487 0.0400284 0.0403398 0.0406665 0
1.17791e-05 2.35555e-05 3.5329e-05 4.70998e-05 5.88677e-05 0.000397717 0.00072993 0.0010558 0.0013756 0.00163884
0.00164542 0.001652 0.00165858 0.00166515 0.00167172 0.00203651 0.00239316 0.00274203 0.00308342 0.00341666
0.00401995 0.0046325 0.00525597 0.00589054 0.00652912 0.00670227 0.00687596 0.00705034 0.00722542 0.00731046
0.00781629 0.00832936 0.00885007 0.00937886 0.00991342 0.0106069 0.0112811 0.0119458 0.0126024 0.0132507
0.0139007 0.0145361 0.0151744 0.0158149 0.0164742 0.01716 0.0178303 0.0185044 0.0191883 0.0198321
0.0205333 0.0211652 0.0217816 0.0223832 0.0229678 0.0236643 0.0242929 0.0249213 0.0255472 0.0261732
0.0267996 0.0274575 0.0281115 0.028765 0.0294233 0.0297422 0.0300595 0.0303759 0.0306914 0.0310059
0.0313218 0.0316405 0.0319641 0.0322919 0.0326245 0.0328374 0.0330555 0.0332782 0.0335056 0.0336757
0.0338313 0.033989 0.0341476 0.034307 0.0344704 0.0346714 0.0348709 0.0350668 0.0352593 0.0354564
0.0356422 0.0358301 0.0360171 0.0362026 0.0363794 0.0364008 0.0364223 0.0364439 0.0364657 0.0364835
0.036649 0.0368204 0.0369964 0.0371773 0.0374176 0.0375661 0.0377229 0.0379122 0.0381449 0.038653
0 7.7467e-08 1.54934e-07 2.324e-07 3.09867e-07 3.87292e-07 1.16003e-05 2.28108e-05 3.40189e-05 4.52244e-05
5.64278e-05 0.000761223 0.00144271 0.00210721 0.00275555 0.00338698 0.00400499 0.00462573 0.00502394 0.00531917
0.00561489 0.00591144 0.00621054 0.00651457 0.00716056 0.00782912 0.00851407 0.00921681 0.00994758 0.0106576
0.0114057 0.0121782 0.012971 0.0138387 0.0145537 0.0152302 0.0158702 0.0165043 0.017136 0.0177936
0.0184359 0.0190626 0.0196893 0.0203143 0.0209669 0.021637 0.0223161 0.0229989 0.0237451 0.0244008
0.0250078 0.0255805 0.0261538 0.0267605 0.027415 0.0280654 0.0287117 0.0293539 0.0299937 0.0303115
0.0306261 0.03094 0.0312539 0.0315681 0.0318863 0.0322016 0.032516 0.0328297 0.0331449 0.0334603
0.0337774 0.0341041 0.0344433 0.0348125 0.0349745 0.0351279 0.0352727 0.0354162 0.0355364 0.0356023
0.0356687 0.0357354 0.0358022 0.0358797 0.0360609 0.036247 0.0364374 0.0366302 0.0369134 0.036938
0.0369628 0.0369877 0.0370125 0.0370477 0.0371975 0.0373462 0.0374926 0.0376368 0.0377521 0.0379311
0.038132 0.0384027 0.0387797 0.0393709 0 1.72289e-08 3.44579e-08 5.16868e-08 6.89157e-08 8.61441e-08
1.05542e-05 2.10158e-05 3.14709e-05 4.19197e-05 5.23627e-05 0.000705823 0.00135796 0.00200891 0.00265877 0.00329919
0.00393004 0.00456304 0.00519461 0.00582122 0.00644535 0.00692226 0.00740089 0.00788177 0.00836491 0.00848524
0.00870618 0.00892779 0.00915002 0.00937282 0.00959743 0.0102533 0.0109276 0.011619 0.0123243 0.0130524
0.0137612 0.0144274 0.0150927 0.015755 0.0164022 0.0170631 0.0177145 0.0183629 0.0190105 0.0196561
0.0203313 0.0209864 0.0216314 0.0222722 0.0229075 0.0235411 0.0241784 0.0248177 0.0254589 0.0261109
0.026794 0.0275012 0.0282134 0.0289187 0.0296052 0.0299279 0.0302497 0.0305719 0.030894 0.0312157
0.0315386 0.0318613 0.0321852 0.0325096 0.032835 0.0331631 0.033488 0.0338102 0.0341298 0.034448
0.0346088 0.0347694 0.0349296 0.0350893 0.0352484 0.0354099 0.0355722 0.0357345 0.0358953 0.0360567
0.0362223 0.0363905 0.0365563 0.0367188 0.0368941 0.0370868 0.0373158 0.0376196 0.0380665 0.038961
0.0391681 0.0393316 0.0394681 0.0396659 0.0400079 0 1.26413e-08 2.52826e-08 3.79239e-08 5.05651e-08
6.32063e-08 1.03187e-05 2.0569e-05 3.08141e-05 4.10539e-05 5.12893e-05 0.000691563 0.00133075 0.00196888 0.00260593
0.00323753 0.00387196 0.00450861 0.00514935 0.0057933 0.00643237 0.00707064 0.00770765 0.00834797 0.00898902
0.00963012 0.0102742 0.0109092 0.0115341 0.0121567 0.012778 0.0132826 0.0137779 0.0142761 0.0147769
0.0150702 0.0152378 0.0154057 0.0155738 0.0157421 0.0159105 0.0165488 0.0171889 0.0178323 0.0184779
0.01912 0.0197666 0.0204091 0.0210476 0.021683 0.0223155 0.022947 0.0235767 0.0241973 0.024812
0.0254301 0.0254684 0.0255068 0.0255451 0.0255834 0.0256237 0.0262013 0.0267763 0.0273489 0.0279216
0.0284932 0.0288011 0.0291112 0.0294231 0.0297366 0.030052 0.0303692 0.0306863 0.031003 0.0313195
0.0316372 0.0319542 0.0322703 0.0325857 0.0329005 0.0332131 0.0335284 0.0338522 0.0341817 0.0345162
0.0348542 0.0350286 0.0352008 0.0353736 0.0355466 0.0357199 0.0359006 0.0360765 0.0362522 0.0364279
0.0365989 0.0367798 0.036962 0.0371434 0.0373232 0.0375024 0.0376902 0.0378766 0.0380767 0.0383028
0.0385592 0.0387958 0.0389972 0.0392003 0.0394578 0.0398663 0 1.62026e-08 3.24052e-08 4.86077e-08
6.48103e-08 8.10126e-08 1.02695e-05 2.04529e-05 3.06314e-05 4.08049e-05 5.09742e-05 0.000687318 0.0013234 0.00195916
0.00259429 0.00322602 0.00385765 0.0044923 0.00513113 0.00577514 0.0064343 0.00710973 0.00779481 0.00849
0.00918628 0.0098833 0.0105828 0.0112599 0.0119255 0.0125798 0.0132204 0.0138617 0.0144981 0.0151302
0.0157636 0.0164008 0.017054 0.0176986 0.0183464 0.018996 0.0196441 0.020289 0.0209282 0.0215628
0.0221944 0.022822 0.0234494 0.0240708 0.0246845 0.0252909 0.0258932 0.0264898 0.027014 0.0275235
0.0280209 0.0285792 0.0291751 0.0297853 0.0304155 0.031053 0.0316839 0.0319983 0.0323135 0.0326298
0.032946 0.0332615 0.033589 0.0339047 0.0342364 0.0345844 0.0349522 0.0353677 0.035843 0.0363126
0.0367793 0.0373121 0.0374666 0.0376117 0.0377538 0.0378929 0.0383324 0.0383789 0.0384252 0.0384714
0.0385175 0.0385545 0.0386914 0.038828 0.0389648 0.0391018 0.0392432 0.0394229 0.0395978 0.0397717
0.0399448 0.0401282 0.040304 0.0404759 0.0406461 0.040815 0.0409826 0.0411565 0.0413482 0.0415494
0.0417422 0.0419349 0.0420229 0.0421038 0.0421889 0.0422841 0.042393 0.042427 0.0424613 0.0424958
0.0425316 0.0425684 0.0427625 0.0429855 0.0432483 0.0435693 0.0439969 0.0445563 0.0448275 0.0451258
0.0454996 0.0456691 0.0459796 0.0462605 0.0465262 0.0469251 0.0477206 0 3.66615e-08 7.3323e-08
1.09984e-07 1.46646e-07 1.83304e-07 1.08632e-05 2.15338e-05 3.21951e-05 4.28471e-05 5.34898e-05 0.000720445 0.00138544
0.00204872 0.00271047 0.00336527 0.004008 0.00465949 0.0053242 0.00600356 0.00670071 0.00741947 0.00816059
0.00891548 0.00968459 0.0104994 0.0112921 0.0120709 0.0128364 0.0135887 0.0143255 0.0150522 0.0157499
0.0164396 0.0171155 0.017773 0.0184367 0.0190996 0.0197608 0.0204191 0.021066 0.0217206 0.0223649
0.0230011 0.0236328 0.0242584 0.0248911 0.0255211 0.0261499 0.0267743 0.0273972 0.0280221 0.0286508
0.0292825 0.0299162 0.0305624 0.031227 0.0318745 0.0325078 0.0331571 0.0338081 0.0344629 0.0351111
0.0357643 0.0364286 0.0370874 0.0374163 0.0377325 0.0380469 0.0383613 0.0386774 0.0390216 0.039339
0.0396513 0.0399614 0.0402692 0.0405971 0.0408939 0.0411832 0.0414698 0.041771 0.0419235 0.0420787
0.0422359 0.0423931 0.0425484 0.0427027 0.0428587 0.043014 0.0431654 0.0433111 0.0434509 0.0435785
0.0436984 0.0438158 0.0439369 0.044082 0.0442227 0.0443762 0.0445664 0.0447727 0.0450048 0.045184
0.0453618 0.0455413 0.0457575 0.0460539 0.0462671 0.0464659 0.0467419 0.0472944 0 1.49033e-07
2.98065e-07 4.47095e-07 5.96123e-07 7.44789e-07 1.33035e-05 2.58524e-05 3.83915e-05 5.09208e-05 6.34393e-05 0.000854476
0.00162114 0.00236716 0.00309336 0.00380062 0.00449366 0.00519336 0.00590373 0.00662474 0.00736151 0.00811984
0.00889573 0.00968966 0.0105025 0.0113266 0.0121614 0.0130194 0.0138572 0.0146749 0.0154566 0.0162044
0.0169174 0.0176131 0.0182928 0.0189511 0.019613 0.0202723 0.0209299 0.021586 0.0222367 0.0228964
0.0235569 0.0242159 0.0248719 0.0255235 0.0261697 0.0268186 0.0274695 0.0281267 0.0287914 0.0288978
0.0290048 0.0291121 0.0292198 0.0292962 0.029881 0.0304776 0.031086 0.0317051 0.0323347 0.0330848
0.0338204 0.0345454 0.0352627 0.0359738 0.0366884 0.0373877 0.0380738 0.0387474 0.0394004 0.0397305
0.0400545 0.0403725 0.0406888 0.0410048 0.0413265 0.0416451 0.0419606 0.0422809 0.042607 0.0429395
0.0432602 0.0435698 0.0438802 0.0442034 0.0445425 0.0448713 0.0451903 0.0455054 0.0458214 0.04598
0.0461366 0.0462933 0.0464501 0.0466071 0.0467645 0.0469218 0.0470792 0.0472368 0.0473945 0.0475538
0.0477121 0.0478704 0.0480288 0.0481872 0.0482595 0.0483317 0.0484038 0.0484759 0.0485165 0.0486088
0.0487009 0.0487929 0.048885 0.0489775 0.0491352 0.0492906 0.0494453 0.0495998 0.0497541 0.0499108
0.0500651 0.0502157 0.0503623 0.0505078 0.0505423 0.0505762 0.0506102 0.0506443 0.0506712 0.0507808
0.0508898 0.0509967 0.0511011 0.0512064 0.0513436 0.0514605 0.0515776 0.0516952 0.0518101 0.0519447
0.0520844 0.0522248 0.0523659 0.0525262 0.0527684 0.0529468 0.0530958 0.0532459 0.0534393 0.0536408
0.0537771 0.053899 0.054025 0.0541755 0.0543392 0.0544615 0.0545593 0.0546692 0.054837 0.0550001
0.0551634 0.0553186 0.0554667 0.0556104 0.0558926 0.0561068 0.0563216 0.0565453 0.0567893 0.0570894
0.0573841 0.0576993 0.0580377 0.0583946 0.058832 0.0592098 0.0596032 0.0600114 0.0604328 0.0606149
0.0607942 0.0609743 0.0611552 0.0613516 0.0616079 0.0618537 0.0620892 0.0623205 0.0625519 0.0630117
0.0634148 0.0638381 0.0642671 0.0646612 0.0650279 0.0652909 0.0655179 0.0657168 0.0660179 0.0662405
0.0664457 0.0666428 0.0668324 0.067015 0.0670561 0.0670948 0.0671336 0.0671725 0.067225 0.0675206
0.0677902 0.0680392 0.0682724 0.0684926 0.0685191 0.0685453 0.0685714 0.0685973 0.0686235 0.0688372
0.0690341 0.0692166 0.0693867 0.0695506 0.0697478 0.0699258 0.0701058 0.0702886 0.0704754 0.0706752
0.0708528 0.0710259 0.0711946 0.0713651 0.0715538 0.0717158 0.0718785 0.0720417 0.0722054 0.072368
0.0725316 0.0726964 0.0728626 0.073029 0.0731936 0.0733615 0.0735284 0.0736956 0.0738681 0.0740352
0.0742023 0.0743686 0.0745341 0.074698 0.0747771 0.0748563 0.0749349 0.0750127 0.0751243 0.0752013
0.075278 0.0753542 0.07543 0.0755055 0.0756584 0.075809 0.0759585 0.0761069 0.076254 0.0765491
0.0768517 0.0771619 0.0774686 0.0777606 0.0780398 0.0783126 0.0785816 0.0788468 0.0791084 0.079132
0.0791555 0.0791791 0.0792028 0.0792211 0.0792628 0.0793045 0.0793464 0.0793884 0.079436 0.0796344
0.0798359 0.0800408 0.0802491 0.0804613 0.0807466 0.0810358 0.081329 0.0816264 0.0819282 0.0820817
0.0822362 0.082391 0.082546 0.0827009 0.0828565 0.0830132 0.0831717 0.083332 0.0834939 0.0836574
0.0838207 0.0839857 0.0841525 0.0843201 0.0843852 0.0844495 0.0845196 0.0845965 0.0846754 0.0848578
0.0850766 0.0853499 0.0857142 0.0862599 0.0865567 0.0867638 0.086923 0.0871611 0.0876245 0
1.3606e-05 2.72007e-05 4.07842e-05 5.43566e-05 6.79147e-05 0.00091459 0.00173315 0.00195963 0.002383 0.002798
0.00320476 0.00360342 0.00399718 0.00471336 0.00543248 0.00615792 0.00689124 0.00764442 0.00841692 0.00920098
0.00998548 0.0107701 0.0115261 0.0123013 0.0130926 0.0138692 0.0146302 0.0153686 0.0160704 0.016742
0.0174054 0.0180602 0.0187024 0.0193494 0.0199935 0.02064 0.0212898 0.0219429 0.0226068 0.0232735
0.0239396 0.0246049 0.0252678 0.0259228 0.0265825 0.0272495 0.0279266 0.028614 0.0293094 0.0300744
0.0309082 0.0317692 0.0326559 0.0334604 0.0344877 0.0355786 0.0366492 0.0380394 0.0386795 0.039306
0.0399243 0.040534 0.041377 0.0414343 0.0414916 0.0415489 0.0416061 0.0416631 0.0420063 0.0423476
0.0426876 0.0430264 0.0433578 0.0436929 0.0440298 0.0443702 0.0447143 0.0450634 0.0452985 0.0455332
0.0457696 0.0460077 0.0460604 0.0462207 0.0463819 0.0465441 0.0467073 0.0468722 0.0470065 0.0471414
0.0472756 0.0474092 0.0475362 0.0477711 0.0480056 0.0482397 0.0484736 0.048709 0.0490682 0.0494296
0.049799 0.0501763 0.0505841 0.0510248 0.0514719 0.0519184 0.0523457 0.0527609 0.0531511 0.0535019
0.0538397 0.0541619 0.0544599 0.0547591 0.055064 0.0553854 0.0557246 0.0560781 0.0564476 0.0568591
0.0572756 0.0576849 0.0580964 0.0582949 0.0584875 0.0586749 0.0588574 0.0590379 0.0592226 0.059427
0.0596267 0.0598213 0.060011 0.0600672 0.0601231 0.0601794 0.0602359 0.0602711 0.0604018 0.0605335
0.0606661 0.0607997 0.0609345 0.0611232 0.0613068 0.0614914 0.061679 0.061873 0.0619655 0.0620552
0.0621446 0.0622336 0.0623633 0.0624549 0.0625453 0.0626345 0.0627229 0.0628103 0.0629941 0.0631769
0.0633556 0.0635272 0.0636923 0.0638617 0.0640314 0.064198 0.0643615 0.0645334 0.0646137 0.0646949
0.0647773 0.0648609 0.0654486 0.065648 0.0658568 0.0660732 0.0662975 0.0665958 0.0666764 0.0667614
0.0668445 0.0669253 0.0669503 0.0670775 0.0672051 0.0673334 0.0674634 0.0675942 0.06779 0.0679836
0.0681896 0.068419 0.0687198 0.0689915 0.0691961 0.0693654 0.0695646 0.0698396 0.0704236 0.070751
0.0711244 0.0715731 0.0720762 0.0734175 0.0739753 0.0744289 0.0748313 0.0752288 0.0758011 0.0760864
0.0762771 0.0764262 0.0767132 0.0769946 0.0772022 0.0773784 0.0775569 0.077762 0.0779244 0.0780715
0.0782098 0.078338 0.0784941 0.0786414 0.0787793 0.0789119 0.0790464 0.0791831 0.0793265 0.0794772
0.0796298 0.0797846 0.07994 0.080097 0.0802533 0.0804062 0.0805566 0.0807051 0.0809922 0.0812662
0.0815331 0.0817932 0.0820469 0.0822981 0.0825398 0.082784 0.0830311 0.0832818 0.0835461 0.083812
0.084085 0.0843659 0.0846556 0.0848058 0.0849584 0.0851121 0.0852674 0.0854233 0.0855805 0.0857377
0.0858948 0.0860519 0.0862089 0.0863657 0.0865233 0.0866812 0.0868391 0.0869972 0.0871549 0.0873124
0.08747 0.0876277 0.0877862 0.0879531 0.0881178 0.0882826 0.0884478 0.0886145 0.0887919 0.0889453
0.0890986 0.0892517 0.089405 0.0895808 0.0897315 0.0898819 0.0900318 0.0901812 0.0903623 0.0905201
0.0906755 0.0908286 0.0909803 0.0911203 0.0912544 0.0914099 0.0915948 0.0918864 0 1.04968e-05
2.09866e-05 3.14694e-05 4.19452e-05 5.2414e-05 0.000706177 0.00134194 0.00196894 0.00258747 0.00316734 0.00317317
0.003179 0.00318483 0.00319065 0.00319648 0.00379937 0.00442001 0.00505947 0.00571887 0.00640603 0.00710348
0.00781358 0.00850256 0.00916998 0.00980025 0.0104183 0.0110125 0.0116012 0.0121841 0.0127585 0.0133298
0.0139063 0.0144973 0.0151038 0.0157254 0.0163582 0.0169977 0.0176455 0.0183016 0.0189693 0.0196385
0.0203043 0.0209695 0.0216341 0.0222938 0.0229539 0.0236036 0.0242424 0.0248702 0.0254961 0.0261413
0.0267745 0.0274252 0.0281129 0.0288568 0.0297117 0.030595 0.0315109 0.0324639 0.0334148 0.0343686
0.035218 0.0360128 0.0367672 0.0375283 0.0382041 0.0388605 0.0395063 0.0401612 0.040821 0.0414916
0.0421285 0.0427573 0.0433744 0.0440439 0.0444133 0.044802 0.0452072 0.0455986 0.0459766 0.046339
0.0467255 0.0471203 0.047523 0.0479019 0.0480842 0.0482817 0.0484888 0.0486959 0.0488995 0.049077
0.0492485 0.0494141 0.049583 0.0497654 0.0500182 0.050346 0.0507492 0.0509717 0.0513953 0.0516355
0.0519019 0.0521973 0.0525186 0.0528609 0.0533323 0.0537625 0.0542654 0.0548701 0.0575229 0.0581322
0.0587518 0.0594168 0.0601751 0.0611839 0.0615546 0.061973 0.0624538 0.0630197 0.0635908 0.22255
0.229366 0 9.03636e-06 1.8067e-05 2.7092e-05 3.61114e-05 4.51256e-05 0.000608159 0.00117301 0.00174014
0.00230977 0.0028741 0.00344537 0.00403332 0.00463609 0.00525157 0.00587969 0.00588839 0.00589709 0.00590578
0.00591447 0.00592336 0.00655601 0.00717271 0.00777405 0.00836061 0.00893107 0.0094935 0.0100464 0.0105985
0.0111515 0.0117064 0.0118765 0.0120478 0.0122204 0.0123942 0.0126905 0.0130679 0.0134516 0.0138416
0.0142382 0.0146413 0.015271 0.0158558 0.0162553 0.0166587 0.017066 0.0174771 0.0178954 0.0185771
0.0192601 0.0199472 0.0206384 0.0213286 0.0220323 0.0227145 0.023396 0.0240856 0.0247711 0.0255014
0.0262011 0.0269442 0.0277376 0.0285868 0.0296935 0.0312247 0.0325037 0.0335912 0.0342289 0.0343332
0.0344372 0.0345409 0.0346444 0.0347484 0.0356312 0.0364186 0.0371411 0.0378114 0.0385184 0.0392026
0.0398467 0.040515 0.0411984 0.0421646 0.0429026 0.0436898 0.0444633 0.0451718 0.0458632 0.0461726
0.0464742 0.0467725 0.0470673 0.047359 0.0475267 0.0476971 0.0478735 0.0480543 0.0481445 0.0482979
0.0484538 0.0486122 0.0487734 0.0489371 0.0492911 0.0496711 0.0500697 0.0504865 0.051075 0.0511668
0.0512739 0.0513834 0.0514884 0.051611 0.0517879 0.0519569 0.0521189 0.0522778 0.0524338 0.0527056
0.0529536 0.0531771 0.0533832 0.0536011 0.0536326 0.0536642 0.0536976 0.0537328 0.0537722 0.0539347
0.0541352 0.0543956 0.054764 0.0552809 0 9.16699e-06 1.83244e-05 2.74723e-05 3.66106e-05 4.57394e-05
0.00061573 0.00119229 0.00177544 0.002364 0.00295676 0.00355249 0.00415231 0.00475517 0.00536642 0.00598986
0.0066259 0.00724852 0.00785547 0.00845362 0.0090494 0.00963861 0.0102327 0.0108269 0.0114213 0.0120161
0.0126078 0.0132158 0.0138394 0.0144692 0.0150987 0.0157243 0.0163557 0.0169932 0.0176394 0.0182976
0.0186918 0.0190951 0.0194982 0.0199011 0.0199858 0.0203348 0.0206852 0.0210372 0.0213907 0.0217457
0.0224511 0.0231622 0.0238893 0.0246242 0.0253579 0.02615 0.027131 0.0281807 0.0292435 0.0305431
0.0314075 0.0321869 0.0329513 0.0337027 0.0344578 0.0352065 0.0359402 0.0367049 0.0375018 0.0377786
0.0378936 0.0380089 0.0381244 0.0382401 0.038356 0.0386895 0.0390258 0.0393583 0.0396873 0.0425679
0.0433366 0.044069 0.0447563 0.0454043 0.0460217 0.0463061 0.0465743 0.046837 0.0470996 0.0473638
0.0476505 0.0479716 0.0482944 0.0486259 0.0490349 0.049366 0.0497036 0.050058 0.0504331 0.0508113
0.0510154 0.0512097 0.0514023 0.0515989 0.0518055 0.0520285 0.0522357 0.0524356 0.0526284 0.0528186
0.0530293 0.053233 0.0534436 0.0536875 0.0539698 0.0541719 0.0543763 0.0546315 0.0549716 0.0554805
0 9.91867e-06 1.98368e-05 2.97544e-05 3.96714e-05 4.95884e-05 0.00066935 0.00129458 0.0019231 0.00255231
0.0031851 0.00382958 0.00449049 0.00515875 0.00583458 0.00652036 0.0071704 0.00780939 0.00844051 0.00906817
0.00968911 0.0103021 0.0109248 0.0115472 0.0121693 0.0127907 0.0134047 0.0140128 0.0146226 0.0152315
0.0158444 0.0164649 0.0170724 0.0176875 0.0183101 0.0189468 0.0195954 0.0202464 0.0209048 0.0215708
0.0222436 0.0229312 0.0236192 0.0243279 0.0250592 0.0258095 0.0265521 0.0272855 0.0280235 0.0287657
0.0296792 0.0300799 0.0304746 0.0308648 0.0312507 0.0334624 0.0338483 0.0342426 0.0346448 0.0350539
0.0356154 0.0359549 0.0362976 0.0366436 0.036993 0.037346 0.0381777 0.038991 0.0397875 0.0405705
0.041359 0.0421204 0.0428472 0.0435359 0.0441989 0.0449276 0.0452011 0.045449 0.0456877 0.0459231
0.0461565 0.0464118 0.0466936 0.0469716 0.0472476 0.0473253 0.0473649 0.0474045 0.0474442 0.0474841
0.0475241 0.0478042 0.0480942 0.0483942 0.0487081 0.0490268 0.0491993 0.0493774 0.0495584 0.0497411
0.049927 0.0501071 0.0502874 0.0504667 0.050644 0.0508162 0.0509851 0.051151 0.0513149 0.0514777
0.0516381 0.051803 0.0519678 0.0521326 0.0522973 0.0524697 0.0526702 0.0528282 0.0530141 0.0532592
0.0536273 0 1.02571e-05 2.05163e-05 3.07776e-05 4.10408e-05 5.13053e-05 0.000692972 0.00134278 0.00200118
0.0026687 0.00334959 0.00402983 0.00472443 0.00542409 0.00612415 0.00682394 0.0074889 0.00814026 0.00877149
0.00938368 0.009974 0.0105498 0.0110838 0.011608 0.0121215 0.0126664 0.0132456 0.0138401 0.0144447
0.0150593 0.0156815 0.0163105 0.0169349 0.0175604 0.0181863 0.0188138 0.0194504 0.0200776 0.0207045
0.0213324 0.0219624 0.0226146 0.0232461 0.0238743 0.0245025 0.0251311 0.0257558 0.0263767 0.026997
0.0276168 0.0282346 0.0288411 0.029469 0.0300989 0.0307307 0.0313664 0.0320208 0.0327516 0.033494
0.0342488 0.0350314 0.035287 0.035546 0.0358036 0.0360596 0.0366064 0.0370319 0.0374532 0.0378706
0.0382841 0.0386933 0.0394054 0.0400731 0.0407004 0.0412921 0.0418539 0.0423872 0.0428667 0.0433352
0.0438035 0.0443034 0.0445722 0.0448531 0.045146 0.0454518 0.0457657 0.0460824 0.0463992 0.0467192
0.0470403 0.0473654 0.0477016 0.0480488 0.0483934 0.0487362 0.0491015 0.0492653 0.0494278 0.0495892
0.0497502 0.04991 0.0500952 0.0502786 0.0504769 0.0507128 0.0509675 0.0511769 0.0513477 0.0515152
0.0517006 0.0520275 0 1.02164e-05 2.04347e-05 3.06547e-05 4.08766e-05 5.11003e-05 0.000690202 0.00133405
0.00198257 0.00263537 0.0032941 0.00396006 0.00462033 0.00527507 0.00574157 0.00656822 0.00720469 0.00782791
0.00843694 0.00903221 0.00961391 0.0101819 0.0107439 0.0113103 0.011881 0.0124653 0.0124778 0.0124904
0.0125029 0.0125155 0.0125277 0.0131063 0.0136963 0.0143004 0.0149198 0.0155428 0.0162055 0.0168822
0.0175668 0.0182596 0.0189849 0.0197051 0.02044 0.0211793 0.0219201 0.0227804 0.0234824 0.0240896
0.0246829 0.0252638 0.025934 0.0265403 0.0271519 0.02776 0.0283653 0.0289628 0.0295381 0.0300686
0.0305942 0.0311205 0.0316546 0.0322397 0.0328533 0.0334792 0.0341154 0.0347592 0.0354368 0.0360847
0.0367309 0.0373749 0.0380148 0.0386564 0.0392762 0.0398734 0.0404437 0.0409911 0.0415315 0.0420659
0.042604 0.0431462 0.0436874 0.0439657 0.0442431 0.0445263 0.0448167 0.0451166 0.0454261 0.0457402
0.0460594 0.0463837 0.0467139 0.0470481 0.0473762 0.0477025 0.0480194 0.0483336 0.0486586 0.0489823
0.049303 0.0496266 0.0499303 0.0500972 0.0502579 0.0504146 0.0505718 0.0507404 0.0509301 0.0511081
0.0512771 0.0514415 0.051607 0.0517762 0.0519222 0.0520644 0.052206 0.0523457 0.0524708 0.0526021
0.0527638 0.0529712 0.0535841 0.0537457 0.0539375 0.0541738 0.0544827 0.0549289 0.0551446 0.0553169
0.0554582 0.0556473 0.0560478 
p 1 2714 float
0 0 0 0 0 0 0 0 0 0 0
0 0 0 0 0 0 0 0 0 0
0 0 0 0 0 0 0 0 0 0
0 0 0 0 0 0 0 0 0 0
0 0 0 0 0 0 0 0 0 0
0 0 0 0 0 0 0 0 0 0
0 0 0 0 0 0 0 0 0 0
0 0 0 0 0 0 0 0 0 0
0 0 0 0 0 0 0 0 0 0
0 0 0 0 0 0 0 0 0 0
0 0 0 0 0 0 0 0 0 0
0 0 0 0 0 0 0 0 0 0
0 0 0 0 0 0 0 0 0 0
0 0 0 0 0 0 0 0 0 0
0 0 0 0 0 0 0 0 0 0
0 0 0 0 0 0 0 0 0 0
0 0 0 0 0 0 0 0 0 0
0 0 0 0 0 0 0 0 0 0
0 0 0 0 0 0 0 0 0 0
0 0 0 0 0 0 0 0 0 0
0 0 0 0 0 0 0 0 0 0
0 0 0 0 0 0 0 0 0 0
0 0 0 0 0 0 0 0 0 0
0 0 0 0 0 0 0 0 0 0
0 0 0 0 0 0 0 0 0 0
0 0 0 0 0 0 0 0 0 0
0 0 0 0 0 0 0 0 0 0
0 0 0 0 0 0 0 0 0 0
0 0 0 0 0 0 0 0 0 0
0 0 0 0 0 0 0 0 0 0
0 0 0 0 0 0 0 0 0 0
0 0 0 0 0 0 0 0 0 0
0 0 0 0 0 0 0 0 0 0
0 0 0 0 0 0 0 0 0 0
0 0 0 0 0 0 0 0 0 0
0 0 0 0 0 0 0 0 0 0
0 0 0 0 0 0 0 0 0 0
0 0 0 0 0 0 0 0 0 0
0 0 0 0 0 0 0 0 0 0
0 0 0 0 0 0 0 0 0 0
0 0 0 0 0 0 0 0 0 0
0 0 0 0 0 0 0 0 0 0
0 0 0 0 0 0 0 0 0 0
0 0 0 0 0 0 0 0 0 0
0 0 0 0 0 0 0 0 0 0
0 0 0 0 0 0 0 0 0 0
0 0 0 0 0 0 0 0 0 0
0 0 0 0 0 0 0 0 0 0
0 0 0 0 0 0 0 0 0 0
0 0 0 0 0 0 0 0 0 0
0 0 0 0 0 0 0 0 0 0
0 0 0 0 0 0 0 0 0 0
0 0 0 0 0 0 0 0 0 0
0 0 0 0 0 0 0 0 0 0
0 0 0 0 0 0 0 0 0 0
0 0 0 0 0 0 0 0 0 0
0 0 0 0 0 0 0 0 0 0
0 0 0 0 0 0 0 0 0 0
0 0 0 0 0 0 0 0 0 0
0 0 0 0 0 0 0 0 0 0
0 0 0 0 0 0 0 0 0 0
0 0 0 0 0 0 0 0 0 0
0 0 0 0 0 0 0 0 0 0
0 0 0 0 0 0 0 0 0 0
0 0 0 0 0 0 0 0 0 0
0 0 0 0 0 0 0 0 0 0
0 0 0 0 0 0 0 0 0 0
0 0 0 0 0 0 0 0 0 0
0 0 0 0 0 0 0 0 0 0
0 0 0 0 0 0 0 0 0 0
0 0 0 0 0 0 0 0 0 0
0 0 0 0 0 0 0 0 0 0
0 0 0 0 0 0 0 0 0 0
0 0 0 0 0 0 0 0 0 0
0 0 0 0 0 0 0 0 0 0
0 0 0 0 0 0 0 0 0 0
0 0 0 0 0 0 0 0 0 0
0 0 0 0 0 0 0 0 0 0
0 0 0 0 0 0 0 0 0 0
0 0 0 0 0 0 0 0 0 0
0 0 0 0 0 0 0 0 0 0
0 0 0 0 0 0 0 0 0 0
0 0 0 0 0 0 0 0 0 0
0 0 0 0 0 0 0 0 0 0
0 0 0 0 0 0 0 0 0 0
0 0 0 0 0 0 0 0 0 0
0 0 0 0 0 0 0 0 0 0
0 0 0 0 0 0 0 0 0 0
0 0 0 0 0 0 0 0 0 0
0 0 0 0 0 0 0 0 0 0
0 0 0 0 0 0 0 0 0 0
0 0 0 0 0 0 0 0 0 0
0 0 0 0 0 0 0 0 0 0
0 0 0 0 0 0 0 0 0 0
0 0 0 0 0 0 0 0 0 0
0 0 0 0 0 0 0 0 0 0
0 0 0 0 0 0 0 0 0 0
0 0 0 0 0 0 0 0 0 0
0 0 0 0 0 0 0 0 0 0
0 0 0 0 0 0 0 0 0 0
0 0 0 0 0 0 0 0 0 0
0 0 0 0 0 0 0 0 0 0
0 0 0 0 0 0 0 0 0 0
0 0 0 0 0 0 0 0 0 0
0 0 0 0 0 0 0 0 0 0
0 0 0 0 0 0 0 0 0 0
0 0 0 0 0 0 0 0 0 0
0 0 0 0 0 0 0 0 0 0
0 0 0 0 0 0 0 0 0 0
0 0 0 0 0 0 0 0 0 0
0 0 0 0 0 0 0 0 0 0
0 0 0 0 0 0 0 0 0 0
0 0 0 0 0 0 0 0 0 0
0 0 0 0 0 0 0 0 0 0
0 0 0 0 0 0 0 0 0 0
0 0 0 0 0 0 0 0 0 0
0 0 0 0 0 0 0 0 0 0
0 0 0 0 0 0 0 0 0 0
0 0 0 0 0 0 0 0 0 0
0 0 0 0 0 0 0 0 0 0
0 0 0 0 0 0 0 0 0 0
0 0 0 0 0 0 0 0 0 0
0 0 0 0 0 0 0 0 0 0
0 0 0 0 0 0 0 0 0 0
0 0 0 0 0 0 0 0 0 0
0 0 0 0 0 0 0 0 0 0
0 0 0 0 0 0 0 0 0 0
0 0 0 0 0 0 0 0 0 0
0 0 0 0 0 0 0 0 0 0
0 0 0 0 0 0 0 0 0 0
0 0 0 0 0 0 0 0 0 0
0 0 0 0 0 0 0 0 0 0
0 0 0 0 0 0 0 0 0 0
0 0 0 0 0 0 0 0 0 0
0 0 0 0 0 0 0 0 0 0
0 0 0 0 0 0 0 0 0 0
0 0 0 0 0 0 0 0 0 0
0 0 0 0 0 0 0 0 0 0
0 0 0 0 0 0 0 0 0 0
0 0 0 0 0 0 0 0 0 0
0 0 0 0 0 0 0 0 0 0
0 0 0 0 0 0 0 0 0 0
0 0 0 0 0 0 0 0 0 0
0 0 0 0 0 0 0 0 0 0
0 0 0 0 0 0 0 0 0 0
0 0 0 0 0 0 0 0 0 0
0 0 0 0 0 0 0 0 0 0
0 0 0 0 0 0 0 0 0 0
0 0 0 0 0 0 0 0 0 0
0 0 0 0 0 0 0 0 0 0
0 0 0 0 0 0 0 0 0 0
0 0 0 0 0 0 0 0 0 0
0 0 0 0 0 0 0 0 0 0
0 0 0 0 0 0 0 0 0 0
0 0 0 0 0 0 0 0 0 0
0 0 0 0 0 0 0 0 0 0
0 0 0 0 0 0 0 0 0 0
0 0 0 0 0 0 0 0 0 0
0 0 0 0 0 0 0 0 0 0
0 0 0 0 0 0 0 0 0 0
0 0 0 0 0 0 0 0 0 0
0 0 0 0 0 0 0 0 0 0
0 0 0 0 0 0 0 0 0 0
0 0 0 0 0 0 0 0 0 0
0 0 0 0 0 0 0 0 0 0
0 0 0 0 0 0 0 0 0 0
0 0 0 0 0 0 0 0 0 0
0 0 0 0 0 0 0 0 0 0
0 0 0 0 0 0 0 0 0 0
0 0 0 0 0 0 0 0 0 0
0 0 0 0 0 0 0 0 0 0
0 0 0 0 0 0 0 0 0 0
0 0 0 0 0 0 0 0 0 0
0 0 0 0 0 0 0 0 0 0
0 0 0 0 0 0 0 0 0 0
0 0 0 0 0 0 0 0 0 0
0 0 0 0 0 0 0 0 0 0
0 0 0 0 0 0 0 0 0 0
0 0 0 0 0 0 0 0 0 0
0 0 0 0 0 0 0 0 0 0
0 0 0 0 0 0 0 0 0 0
0 0 0 0 0 0 0 0 0 0
0 0 0 0 0 0 0 0 0 0
0 0 0 0 0 0 0 0 0 0
0 0 0 0 0 0 0 0 0 0
0 0 0 0 0 0 0 0 0 0
0 0 0 0 0 0 0 0 0 0
0 0 0 0 0 0 0 0 0 0
0 0 0 0 0 0 0 0 0 0
0 0 0 0 0 0 0 0 0 0
0 0 0 0 0 0 0 0 0 0
0 0 0 0 0 0 0 0 0 0
0 0 0 0 0 0 0 0 0 0
0 0 0 0 0 0 0 0 0 0
0 0 0 0 0 0 0 0 0 0
0 0 0 0 0 0 0 0 0 0
0 0 0 0 0 0 0 0 0 0
0 0 0 0 0 0 0 0 0 0
0 0 0 0 0 0 0 0 0 0
0 0 0 0 0 0 0 0 0 0
0 0 0 0 0 0 0 0 0 0
0 0 0 0 0 0 0 0 0 0
0 0 0 0 0 0 0 0 0 0
0 0 0 0 0 0 0 0 0 0
0 0 0 0 0 0 0 0 0 0
0 0 0 0 0 0 0 0 0 0
0 0 0 0 0 0 0 0 0 0
0 0 0 0 0 0 0 0 0 0
0 0 0 0 0 0 0 0 0 0
0 0 0 0 0 0 0 0 0 0
0 0 0 0 0 0 0 0 0 0
0 0 0 0 0 0 0 0 0 0
0 0 0 0 0 0 0 0 0 0
0 0 0 0 0 0 0 0 0 0
0 0 0 0 0 0 0 0 0 0
0 0 0 0 0 0 0 0 0 0
0 0 0 0 0 0 0 0 0 0
0 0 0 0 0 0 0 0 0 0
0 0 0 0 0 0 0 0 0 0
0 0 0 0 0 0 0 0 0 0
0 0 0 0 0 0 0 0 0 0
0 0 0 0 0 0 0 0 0 0
0 0 0 0 0 0 0 0 0 0
0 0 0 0 0 0 0 0 0 0
0 0 0 0 0 0 0 0 0 0
0 0 0 0 0 0 0 0 0 0
0 0 0 0 0 0 0 0 0 0
0 0 0 0 0 0 0 0 0 0
0 0 0 0 0 0 0 0 0 0
0 0 0 0 0 0 0 0 0 0
0 0 0 0 0 0 0 0 0 0
0 0 0 0 0 0 0 0 0 0
0 0 0 0 0 0 0 0 0 0
0 0 0 0 0 0 0 0 0 0
0 0 0 0 0 0 0 0 0 0
0 0 0 0 0 0 0 0 0 0
0 0 0 0 0 0 0 0 0 0
0 0 0 0 0 0 0 0 0 0
0 0 0 0 0 0 0 0 0 0
0 0 0 0 0 0 0 0 0 0
0 0 0 0 0 0 0 0 0 0
0 0 0 0 0 0 0 0 0 0
0 0 0 0 0 0 0 0 0 0
0 0 0 0 0 0 0 0 0 0
0 0 0 0 0 0 0 0 0 0
0 0 0 0 0 0 0 0 0 0
0 0 0 0 0 0 0 0 0 0
0 0 0 0 0 0 0 0 0 0
0 0 0 0 0 0 0 0 0 0
0 0 0 0 0 0 0 0 0 0
0 0 0 0 0 0 0 0 0 0
0 0 0 0 0 0 0 0 0 0
0 0 0 0 0 0 0 0 0 0
0 0 0 0 0 0 0 0 0 0
0 0 0 0 0 0 0 0 0 0
0 0 0 0 0 0 0 0 0 0
0 0 0 0 0 0 0 0 0 0
0 0 0 0 0 0 0 0 0 0
0 0 0 0 0 0 0 0 0 0
0 0 0 0 0 0 0 0 0 0
0 0 0 0 0 0 0 0 0 0
0 0 0 0 0 0 0 0 0 0
0 0 0 0 0 0 0 0 0 0
0 0 0 0 0 0 0 0 0 0
0 0 0 0 0 0 0 0 0 0
0 0 0 0 0 0 0 0 0 0
0 0 0 0 0 0 0 0 0 0
0 0 0 0 0 0 0 0 0 0
0 0 0 0 0 0 0 0 0 0
0 0 0 0 0 0 0 0 0 0
0 0 0 0 0 0 0 0 0 0
0 0 0 
U 3 2714 float
20.007 -0.0167862 -0.0261957 20.007 -0.016784 -0.0261945 20.007 -0.0167818 -0.0261934 20.007 -0.0167795
-0.0261923 20.007 -0.0167773 -0.0261911 20.007 -0.016775 -0.02619 20.007 -0.0167748 -0.0261881
20.007 -0.0167745 -0.0261863 20.007 -0.0167743 -0.0261844 20.007 -0.016774 -0.0261825 20.007
-0.0167415 -0.0261572 19.9977 0.00195874 -0.0115906 19.9977 0.00187156 -0.0115151 19.9978 0.00178795
-0.01144 19.9978 0.00170776 -0.0113654 19.998 0.00120434 -0.0113031 19.9976 0.00130228 -0.0112105
19.9976 0.00127956 -0.0111376 19.9977 0.00125714 -0.0110652 19.9978 0.00123504 -0.0109933 19.9957
0.000299943 -0.00261383 20.0023 -0.0202873 0.0164378 20.0023 -0.0202506 0.016362 20.0023 -0.0202133
0.016286 20.0022 -0.0201755 0.0162096 20.0024 -0.021151 0.017147 20.0045 -0.0366418 0.0266571
20.0052 -0.0422505 0.0301514 20.006 -0.0487102 0.0341745 20.007 -0.0561498 0.0388066 20.0031
-0.00187173 0.0265662 20.034 0.0583967 0.0271179 20.0334 0.0677213 0.0298904 20.0327 0.0784535
0.0330738 20.0319 0.0908055 0.0367301 20.031 0.104513 0.0407803 20.031 0.104455 0.0407497
20.0311 0.104397 0.0407191 20.0311 0.10434 0.0406885 20.0311 0.104282 0.0406579 20.031
0.104589 0.0408101 20.015 0.102558 0.0464692 20 0.101044 0.0519914 19.9852 0.0998763
0.0575633 19.9707 0.0990459 0.0632014 20.0375 0.0979014 0.0407905 20.0019 -0.0183173 0.0082049
20.0018 -0.0185585 0.00822825 20.0016 -0.018802 0.00825161 20.0015 -0.0190479 0.00827498 19.9983
-0.0238732 0.00814218 19.9704 -0.0774211 0.00161573 19.9747 -0.0693082 0.0026181 19.9785 -0.062059
0.00351935 19.9819 -0.0555812 0.00433031 20.0014 -0.0378768 0.00219014 20.002 -0.0295043 -0.00523227
20.0028 -0.0276505 -0.00447493 20.0036 -0.0259163 -0.00376517 20.0043 -0.0242939 -0.00309991 20.0076
-0.016626 8.85541e-05 19.9759 -0.0439842 0.0464774 19.975 -0.0458635 0.0483559 19.9743 -0.0475303
0.0500218 19.9744 -0.04761 0.0501555 19.9745 -0.0476902 0.0502898 19.9747 -0.047771 0.0504247
19.9748 -0.0478523 0.0505603 19.9704 -0.0473112 0.0502263 19.9359 -0.0275228 0.0313705 19.9305
-0.0268555 0.0314265 19.9252 -0.0262097 0.0314865 19.9201 -0.0255848 0.0315502 19.9837 -0.0364547
0.0334999 19.9858 -0.0351496 0.0305964 19.9859 -0.0352244 0.0305117 19.986 -0.0352984 0.0304258
19.9862 -0.0353715 0.0303388 19.999 -0.00136067 0.00505607 19.987 0.014554 0.00272416 19.9871
0.0145756 0.0026568 19.9871 0.0145971 0.00258933 19.9871 0.0146184 0.00252175 19.9886 0.0151522
-1.48912e-05 19.9887 0.0247228 -0.00457991 19.9887 0.0242479 -0.00435954 19.9887 0.0237832 -0.00414372
19.9887 0.0233285 -0.00393237 19.9896 0.00497881 -0.00646786 19.834 0.217354 0.0571786 19.829
0.231 0.0607014 19.825 0.241618 0.0634427 19.8282 0.236121 0.0616822 19.8313 0.230744
0.0599607 19.8343 0.225486 0.0582776 19.8372 0.220343 0.0566318 19.8179 0.252522 0.064199
20.002 0.327096 0.0572356 19.9884 0.34752 0.0627731 19.9739 0.3693 0.0686725 19.9585
0.392525 0.0749581 20.0592 0.256028 0.0365595 20.1625 0.0667322 -0.0181302 20.1645 0.0624442
-0.0193082 20.1664 0.058404 -0.020411 20.1681 0.0545976 -0.021443 20.1992 0.100701 -0.0174802
19.9993 0.0021759 0.00492729 19.9993 0.00217988 0.00493895 19.9993 0.00218385 0.00495062 19.9993
0.00218783 0.00496229 19.9983 -8.8315e-05 -0.00218767 19.9948 -0.00269659 -0.00841227 19.9948 -0.00271098
-0.00844517 19.9948 -0.00272535 -0.00847802 19.9948 -0.0027397 -0.00851085 20.2409 -0.0272298 0.123744
20.61 -0.0949102 0.284318 20.6159 -0.0929819 0.287522 20.6219 -0.0911047 0.290821 20.6283
-0.0892772 0.294217 20.4676 -0.00566662 0.228821 20.4554 0.0259401 0.209094 20.4627 0.0261005
0.212564 20.4701 0.0262609 0.216092 20.4777 0.0264213 0.219679 20.6148 0.131989 -0.14454
18.3628 -0.111032 0.0021753 18.3294 -0.105472 0.00206636 18.2971 -0.100114 0.00196141 18.266
-0.0949536 0.0018603 17.7009 0 0 18.4763 0.238839 -0.458798 18.6124 0.25483
-0.489515 18.7581 0.272233 -0.522945 18.914 0.291153 -0.559291 17.4645 0 0
16.2793 -0.227759 0.150523 14.1831 -0.200679 0.132626 12.086 -0.173398 0.114596 9.98767
-0.145865 0.0964001 7.70064 0 0 20.343 -0.819534 -1.27948 20.343 -0.819532
-1.27948 20.343 -0.81953 -1.27948 20.343 -0.819527 -1.27948 20.343 -0.819525 -1.27948
20.343 -0.819523 -1.27948 20.343 -0.819509 -1.27938 20.3431 -0.819494 -1.27927 20.3432
-0.81948 -1.27917 20.3432 -0.819466 -1.27907 20.342 -0.817698 -1.27769 20.222 -0.566683
-1.09474 20.1063 -0.328631 -0.914269 19.9944 -0.101492 -0.736516 19.8862 0.11501 -0.561511
19.903 0.0580928 -0.545217 19.8232 0.0763062 -0.534591 19.7991 0.0643021 -0.431661 19.7741
0.0524491 -0.328861 19.7482 0.0407462 -0.226193 19.7819 0.0248713 -0.13132 19.8683 -0.223326
0.091365 19.9492 -0.473749 0.322996 20.0289 -0.721065 0.551194 20.1073 -0.965271 0.775968
20.1159 -1.01006 0.818851 20.2072 -1.70281 1.25885 20.2333 -1.83409 1.52892 20.262
-1.98519 1.81382 20.2937 -2.1588 2.11526 20.1419 -0.142745 1.28332 20.5701 -0.74584
1.06594 20.8499 0.630034 1.21491 21.1233 1.98027 1.37736 21.389 3.303 1.55268
21.451 5.02938 1.92058 21.6461 6.18824 2.20131 21.6609 6.0137 2.16377 21.6214
5.5716 2.06294 21.5821 5.1394 1.96373 21.5636 4.92709 1.9147 21.3741 4.85841
1.96719 21.3588 4.82376 1.97138 21.4575 4.81091 1.94372 21.5546 4.7974 1.91626
21.6406 4.78464 1.89173 21.8752 4.85208 1.90367 22.1089 4.91882 1.91548 22.3414
4.98487 1.92717 22.573 5.05025 1.93873 21.6181 4.36083 1.83065 21.2655 3.11325
1.41391 20.8788 1.9168 1.10978 20.4953 0.730024 0.806277 20.1476 -0.378418 0.493635
19.2138 -0.91805 0.68186 20.1179 -0.988545 0.481986 20.1449 -1.09886 0.436452 20.1921
-1.22118 0.389198 20.2386 -1.34431 0.341038 19.6674 -1.47722 0.240917 20.0266 -1.13632
0.0626213 20.0768 -0.951635 0.0455323 20.1265 -0.766714 0.0286559 20.1756 -0.581568 0.0119925
20.2334 -0.657383 -0.0326435 20.2145 -0.405463 0.108134 20.199 -0.132011 0.440262 20.1798
0.142728 0.767646 20.1571 0.418602 1.09014 21.4086 1.28778 2.45728 21.9746 1.68137
3.44563 22.4316 1.95704 4.0284 22.7397 2.08902 4.22099 22.4779 2.03131 3.73571
21.8438 1.83789 2.78993 23.5703 0.550106 2.22227 25.1073 -0.642347 1.68108 25.0104
-0.956133 1.43213 23.2306 -0.782729 1.68226 21.3145 -0.533276 2.00126 19.4578 -1.57452
1.9794 18.1215 -2.33314 1.89393 18.2202 -2.33597 1.65199 18.6643 -1.70777 1.2283
19.8173 -0.526545 0.609556 19.7327 -0.339348 0.372172 19.7403 -0.363319 0.336863 19.7843
-0.379398 0.319129 19.9284 -0.408668 0.346329 20.6658 -0.640457 0.701005 19.9419 -0.408692
0.348143 19.8284 -0.371726 0.276553 19.8241 -0.367872 0.257789 19.865 -0.363181 0.272945
20.1677 -0.36311 0.467651 19.8389 -0.356171 0.174582 19.8417 -0.24775 0.0841375 19.8954
-0.125059 0.0202572 19.9882 -0.00433636 -0.0265681 20.4706 0.111352 0.144529 19.9542 -0.0120942
-0.0379014 20.4766 -0.000946978 -0.1706 20.9551 0.0343849 -0.269817 21.3602 0.098116 -0.327113
18.6072 0.122702 -0.435933 22.0314 -0.0174601 -0.86129 16.6662 -0.0517493 -0.712878 11.1357
-0.0408628 -0.485406 5.5631 -0.0182698 -0.23749 0.697109 0.00136145 -0.0212371 0.597265 0.00172832
-0.0193579 0.497822 0.00210198 -0.0175034 0.398946 0.00248523 -0.0156836 0.300929 0.00288295 -0.0139165
0.134432 0.0119133 -0.003486 0.165426 0.0065545 -0.00162843 0.195849 0.00110573 0.000256873 0.144081
-0.000193926 0.000519731 0.0646611 -8.70308e-05 0.000233247 0 0 0 20.0412 -0.75589
-0.759396 20.0412 -0.755894 -0.759406 20.0412 -0.755897 -0.759416 20.0412 -0.7559 -0.759427
20.0412 -0.755904 -0.759437 20.0412 -0.755907 -0.759447 20.0429 -0.758126 -0.763891 20.0446
-0.760346 -0.768336 20.0462 -0.762567 -0.772783 20.0479 -0.764789 -0.777231 20.0481 -0.764992
-0.779723 19.9358 -0.550619 -0.623859 19.8697 -0.369007 -0.511417 19.8595 -0.226839 -0.45368
19.8515 -0.0868323 -0.395724 19.8694 0.0363639 -0.348043 19.9501 0.00125215 -0.409635 19.9827
-0.00715565 -0.415465 20.0154 -0.0156004 -0.421592 20.0042 -0.0257323 -0.352456 19.9233 -0.00934192
-0.19137 20.0104 -0.253114 0.0305868 20.0657 -0.434788 0.209334 20.0472 -0.418941 0.233732
20.0287 -0.402985 0.258016 20.0191 -0.432857 0.31516 19.7968 0.117078 0.410511 19.5265
0.746851 0.588504 19.2486 1.39066 0.777564 19.118 1.75022 0.932652 19.0785 1.92724
1.0575 19.0785 1.92909 1.05837 19.0785 1.93095 1.05923 19.0785 1.9328 1.0601
19.0785 1.93465 1.06097 19.0741 1.94181 1.06407 19.0763 3.03662 1.22236 19.1063
3.9384 1.50609 19.155 4.66864 1.90057 19.1114 5.36013 2.31278 20.261 6.55603
1.94539 27.3204 10.1294 2.95584 25.9753 8.66153 2.89247 24.3984 7.04736 2.80623
23.3992 6.45961 3.21005 18.4825 3.42566 2.9199 17.9653 2.65196 2.5911 17.0796
2.21923 2.81833 16.1777 1.79507 3.06307 15.2569 1.38157 3.3281 14.6232 1.10415
3.47876 13.7728 0.802227 3.67671 12.8786 0.500536 3.89473 11.9328 0.199738 4.13669
11.0743 -0.112066 4.33817 12.2492 -0.638223 3.57497 9.32354 -0.153621 4.61383 7.76888
0.0665301 5.09717 5.84855 -0.018514 5.66325 7.79775 -0.41289 4.56499 14.7167 -1.28454
1.28971 16.9866 -2.30594 0.262403 18.4081 -2.69374 -0.303481 19.5756 -2.60388 -0.616672
20.1989 -1.81911 -0.602328 20.017 -0.59634 -0.233659 20.0204 -0.462113 -0.164385 20.0327
-0.374217 -0.109822 20.0637 -0.395247 -0.0669602 20.0945 -0.415811 -0.0240656 20.1262 -0.514596
0.00668587 20.1357 -0.501694 -0.014065 20.17 -0.623848 -0.0391081 20.2038 -0.74447 -0.06402
20.2029 -0.754179 -0.0731134 20.2445 -0.860782 -0.0598084 20.1698 -0.882009 0.189406 20.1187
-1.1264 0.718829 20.0616 -0.946731 0.698944 20.0049 -0.772233 0.683978 20.32 -1.10307
1.05294 19.9687 -0.820093 0.632967 19.8874 -1.36479 0.403873 19.812 -1.93736 0.259678
19.9905 -2.51193 -0.663749 19.6875 -4.37381 -3.13209 19.8446 -5.33725 -4.03322 19.789
-5.81194 -4.09511 19.6339 -6.25587 -4.45538 19.2654 -6.37304 -4.4016 18.7048 -6.23337
-3.90059 18.2539 -6.61325 -4.81767 18.1448 -6.37239 -4.38704 18.1558 -5.9122 -3.49441
18.2821 -5.36497 -2.77054 18.4046 -4.81884 -2.0639 18.3927 -4.7559 -2.04157 18.3812
-4.69234 -2.0182 18.3701 -4.62813 -1.9938 18.3685 -4.55637 -1.95481 18.6159 -4.29612
-1.54589 16.4775 -3.68445 -0.699456 13.4264 -2.97132 -0.406854 10.3601 -2.25654 -0.11977
7.27131 -1.53946 0.158833 0 0 0 20.3483 -1.23617 0.381556 20.3483
-1.23617 0.381557 20.3483 -1.23617 0.381558 20.3483 -1.23617 0.381559 20.3483 -1.23617
0.38156 20.3483 -1.23616 0.381561 20.3477 -1.23519 0.381851 20.3471 -1.23422 0.382142
20.3465 -1.23324 0.382432 20.3459 -1.23227 0.382723 20.3459 -1.23287 0.383426 20.2901
-1.09651 0.304024 20.2345 -0.963026 0.223648 20.1903 -0.82659 0.175681 20.1834 -0.677889
0.234321 20.177 -0.578454 0.289873 20.2018 -0.569256 0.274902 20.2327 -0.574682 0.269782
20.1546 -0.391689 0.144763 20.0531 -0.168427 -0.00621123 19.9932 -0.0275146 -0.11159 19.9967
-0.273463 0.033204 20.0131 -0.653757 0.241024 20.0232 -0.964672 0.417315 20.0047 -0.946122
0.443291 20.0049 -1.12412 0.560794 19.8733 -0.64423 0.528294 19.6132 -0.0392732 0.701066
19.5283 0.10733 0.688818 19.4524 0.228415 0.667621 19.3598 0.785591 1.08622 20.3458
3.1907 2.89209 20.1032 3.9423 2.40682 19.7804 4.60589 1.78314 19.6254 4.96614
1.23416 19.5127 5.15363 1.03672 19.39 5.34021 0.828635 19.2575 5.52586 0.609804
19.1572 5.70988 0.440678 19.8993 5.88242 1.48211 18.901 6.34995 1.00377 17.5583
6.16565 0.999196 15.8587 6.11104 1.15978 14.5737 5.17841 2.1239 13.6905 3.01635
4.17335 9.86473 2.49216 5.6989 9.801 1.74186 5.29378 10.381 0.917099 4.56991
10.5882 0.526903 4.27624 10.0227 -1.57792 3.79278 14.6079 -2.06181 1.78851 17.9326
-2.54118 0.247824 19.4946 -2.31423 -0.528255 18.2433 -1.5247 -0.0626049 16.6079 -0.844416
0.5889 17.5207 -0.773565 -0.150207 18.2749 -0.683834 -0.634809 18.8288 -0.555205 -0.760822
19.537 -0.389602 -0.672217 19.8629 -0.249858 -0.265713 19.9046 -0.141122 -0.158674 19.9259
-0.0403247 -0.0859474 19.9626 -0.0948957 -0.0546474 19.9992 -0.199261 -0.051663 20.0309 -0.367532
-0.0970724 19.9996 -0.200636 -0.0519292 20.0025 -0.226262 -0.0491112 20.0235 -0.354812 -0.070744
20.034 -0.422394 -0.0693888 20.0643 -0.587702 -0.05586 20.0098 -0.453436 -0.104809 19.9585
-0.557018 0.198018 19.9255 -1.30599 1.04273 20.1087 -2.87481 2.75296 20.5734 -4.56074
4.46362 20.6842 -6.02356 4.42399 20.5758 -6.4511 4.71513 20.4223 -6.46236 5.03919
20.2651 -6.47286 5.37046 20.048 -6.38622 5.84484 20.0595 -6.42517 5.82079 20.0441
-6.42997 5.77844 20.0216 -6.42572 5.73118 19.999 -6.42144 5.68383 19.9772 -6.41725
5.63783 19.8409 -6.90071 5.24005 19.7284 -7.38594 4.80025 19.7418 -7.63422 3.87588
19.8504 -7.49752 2.96226 20.1627 -6.40274 2.06551 19.3055 -8.73082 -0.0621094 19.2905
-9.53491 -1.28466 19.768 -8.88196 -1.90213 20.2112 -6.68835 -1.73566 20.809 -2.19456
-0.311886 21.2508 -6.65784 -0.352427 15.027 -5.13696 -0.108621 8.24625 -2.73846 0.12352
3.35514 -0.391227 0.132455 2.85984 -0.298391 0.0989181 2.34963 -0.206612 0.0659079 1.81955
-0.116279 0.0336124 1.26055 -0.0281188 0.00238584 0 0 0 19.7224 -1.44108
0.775514 19.7224 -1.44109 0.77552 19.7224 -1.4411 0.775526 19.7224 -1.4411 0.775532
19.7224 -1.44111 0.775537 19.7224 -1.44111 0.775543 19.7307 -1.4456 0.780032 19.7389
-1.45008 0.78452 19.7472 -1.45457 0.789007 19.7554 -1.45905 0.793494 19.7613 -1.4635
0.796964 19.8019 -1.52234 0.786019 19.8383 -1.57401 0.771622 19.9104 -1.64502 0.759048
20.5962 -1.98494 0.737352 20.6524 -1.34511 0.402698 20.428 -0.972853 0.186754 20.1715
-0.636772 0.0368722 20.0462 -0.393275 -0.112045 19.9458 -0.168763 -0.259844 19.8854 -0.0992841
-0.413638 19.911 -0.231365 -0.224863 19.9285 -0.611682 -0.0130862 19.9345 -0.971069 0.218311
19.8422 -1.20999 0.639672 19.8196 -1.78897 1.03034 19.6855 -5.74821 2.60325 19.8801
-7.08565 3.09528 19.8492 -8.60969 3.68965 20.0909 -6.94966 3.44898 20.9263 -0.227122
1.79517 21.1372 -1.94787 0.843185 21.3287 -3.61186 -0.0898161 21.0107 -2.19584 0.0402189
19.8911 2.47421 1.01285 18.8428 7.05104 1.93762 18.6232 6.45625 1.70362 18.272
5.90159 1.53526 17.3287 5.48741 1.66702 16.4446 4.58826 2.03167 16.1217 3.14426
2.41892 14.5799 -0.390933 2.23821 14.6691 -1.29503 2.01077 15.228 -2.40865 1.72505
15.7567 -3.80244 1.44262 15.9223 -0.854409 1.08747 18.8747 -1.24131 -0.137837 19.4454
-1.06183 -0.359986 20.0411 -0.89795 -0.589577 20.6824 -0.795529 -0.781488 19.8692 -0.0699257
-0.235422 20.0639 0.803022 -0.428484 20.1965 0.787382 -0.395226 20.0357 0.733336 -0.386397
19.8597 0.669676 -0.380668 19.8757 0.192813 -0.177518 19.9255 0.115352 -0.106634 19.9663
0.0368189 -0.0379448 19.815 -0.0831988 -0.0171763 19.6901 -0.301949 -0.0580807 19.5653 -0.521714
-0.10211 20.1448 -1.60993 -0.542584 20.7264 -2.6894 -0.981149 20.8607 -2.53822 -0.971542
20.346 -1.64968 -0.412199 19.7881 -0.736779 0.176988 20.0131 -1.29296 0.0110725 20.0018
-1.79753 0.253556 19.514 -2.41947 1.84955 19.0335 -3.20632 3.73328 17.9955 -4.28252
6.48633 16.4853 -4.08552 8.44744 15.2054 -3.87484 10.1766 16.0178 -4.24514 9.49017
17.5131 -4.54454 7.85178 20.2507 -4.83724 4.4573 21.0142 -6.94483 3.78242 21.0154
-5.87261 3.09462 20.9291 -4.51923 2.38284 20.8289 -3.21512 1.65097 20.7774 -1.83806
0.750083 20.7955 -1.79645 0.714929 20.8138 -1.75474 0.67955 20.8322 -1.71293 0.643949
20.8507 -1.67102 0.608124 20.8876 -1.60207 0.517939 20.753 -0.277346 0.285496 20.6386
0.678956 0.243198 20.6176 1.50197 0.243152 20.6771 2.20776 0.27915 20.7061 2.34545
0.294185 20.7331 2.47899 0.240048 20.7623 2.61276 0.183107 20.7937 2.74675 0.123381
20.8273 2.88098 0.0608889 20.6327 2.99391 0.288865 18.105 2.49811 1.19773 13.5791
1.83639 0.733551 9.13646 1.18776 0.33019 6.91795 0.864661 0.169098 0 0
0 17.9036 -0.800402 -0.359957 17.9036 -0.800414 -0.359946 17.9036 -0.800426 -0.359935
17.9036 -0.800439 -0.359924 17.9037 -0.800451 -0.359912 17.9037 -0.800463 -0.359901 17.9108
-0.805401 -0.355318 17.9179 -0.810339 -0.350738 17.9251 -0.815278 -0.346161 17.9322 -0.820217
-0.341587 17.9452 -0.824172 -0.334861 18.7148 -0.950657 -0.397531 19.3171 -1.10271 -0.426756
19.8986 -1.25848 -0.444705 20.4815 -1.4145 -0.455753 20.9443 -1.50963 -0.730188 20.6887
-1.19696 -0.541025 20.4289 -0.871163 -0.615739 20.1711 -0.548256 -0.703466 19.9155 -0.228567
-0.804001 19.7446 -0.106674 -0.870981 19.6769 -0.0841524 -0.537481 19.5965 -0.365815 -0.105945
19.516 -0.637358 0.324362 19.4351 -0.898373 0.753013 19.1226 -0.95295 0.960282 19.535
-0.957912 0.829888 19.8966 -0.949089 0.782167 20.259 -0.942393 0.735486 20.62 -0.935654
0.692042 20.4169 -0.446562 1.1826 22.1023 2.62815 0.966556 21.5974 3.47733 1.05398
21.0047 4.28424 1.13466 20.3346 4.94126 1.22624 19.2281 5.12385 1.40854 19.0181
5.59031 1.48649 18.9635 5.4301 1.47657 18.9158 5.2403 1.46268 18.8665 5.05546
1.44967 18.826 4.91223 1.44001 18.3442 4.30201 1.38949 17.8252 3.72933 1.35638
17.2701 3.19324 1.34026 17.0851 2.73199 0.978379 16.571 3.08423 0.906514 19.1943
2.07295 -0.376829 20.1679 1.36305 -0.823412 20.84 0.29844 -1.14896 19.9813 -0.150217
-0.797311 16.895 0.352207 0.526602 18.7967 0.922484 1.52365 19.8701 1.2916 1.7686
20.5072 1.54515 1.62287 20.6415 1.12947 1.04255 20.5153 0.199751 -0.335389 19.4678
0.0700566 -0.579066 18.8815 -0.0963754 -0.743212 18.7355 -0.167503 -0.731881 19.0408 -0.125013
-0.533885 19.6769 -0.00557825 -0.204396 19.7913 -0.0164522 -0.120528 19.8047 -0.0170047 -0.053165
19.8656 -0.0129368 -0.0161291 19.7932 -0.0491635 0.0113177 19.5938 -0.123647 0.0297068 19.6492
-0.186581 0.0309558 19.5287 -0.161236 0.111125 19.2246 -0.0432138 0.273868 19.0899 -0.191912
0.338942 18.8101 -0.475525 0.433627 19.4006 -2.05404 0.140994 19.5472 -2.69202 -0.29461
18.8533 -2.81845 -0.0406759 17.7442 -1.72078 -0.0404551 15.4213 1.03372 -0.103318 15.5644
0.678635 0.404675 15.2623 0.795389 0.311985 15.0591 0.898975 0.379918 14.8849 0.983139
0.486822 13.5823 1.86857 -1.04694 11.5952 2.56584 -1.12235 10.968 2.20998 -1.19038
10.3975 1.82298 -1.2533 10.4471 0.919357 -1.31281 13.5305 -1.64257 -1.0112 14.1887
-4.12704 -0.877934 12.2494 -4.16292 -0.771053 9.09414 -3.04131 -0.649768 5.92528 -1.90151
-0.532201 2.70248 -0.714306 -0.422266 2.52833 -0.73462 -0.401052 2.35336 -0.754181 -0.379199
2.17758 -0.772866 -0.356646 2.08728 -0.740819 -0.335802 2.15528 -0.606028 -0.317141 2.12675
-0.693266 -0.259245 2.09247 -0.776384 -0.202009 1.92176 -0.770355 -0.166986 1.45863 -0.573508
-0.179902 0.933849 -0.350804 -0.192865 0.848264 -0.330112 -0.148093 0.765039 -0.310709 -0.102853
0.684899 -0.292957 -0.0570903 0.608859 -0.277337 -0.0107699 0 0 0 16.9792
0.101225 -2.50058 16.9832 0.0995471 -2.50123 16.9872 0.0978677 -2.50188 16.9913 0.0961864
-2.50253 16.9953 0.0945034 -2.50318 17.0006 0.0922239 -2.50388 17.3379 0.0404519 -2.57193
17.6732 -0.00993543 -2.63614 18.007 -0.0592961 -2.69737 18.3395 -0.107695 -2.75579 18.6172
-0.147516 -2.80253 18.6243 -0.148557 -2.80376 18.6314 -0.149598 -2.80498 18.6386 -0.15064
-2.8062 18.6457 -0.151681 -2.80741 18.6528 -0.152808 -2.80894 19.0843 -0.238508 -2.82592
19.5162 -0.324001 -2.84138 19.9486 -0.409273 -2.85515 20.3813 -0.49432 -2.86736 20.7196
-0.580181 -2.90723 20.4283 -0.30376 -2.74587 20.0982 -0.0357458 -2.50029 19.7677 0.233374
-2.27014 19.4369 0.503339 -2.05591 19.1268 0.753202 -1.88669 19.0748 0.793901 -1.77836
19.0072 0.843305 -1.65839 18.9389 0.893383 -1.53896 18.8699 0.94414 -1.42009 18.8362
0.969028 -1.36285 18.5825 1.14206 -0.987989 18.3121 1.32631 -0.611668 18.0237 1.5225
-0.233724 17.7941 1.50778 0.137867 18.0257 1.25154 0.245131 18.5535 1.07449 0.230365
18.8132 1.17058 0.309842 19.0369 1.30246 0.424051 19.2593 1.43863 0.536522 19.2319
1.53888 0.60531 19.6395 1.76811 0.974462 19.5039 2.13842 1.1759 19.3782 2.50957
1.37619 19.2014 2.89603 1.55646 18.2275 3.82736 1.4842 18.9344 2.4624 0.87345
18.8795 2.17772 0.448149 18.636 1.91646 0.0511284 18.3856 1.65248 -0.341414 17.8259
1.97087 -0.43165 19.8252 1.1794 -1.38397 20.3322 0.814016 -1.57215 20.8319 0.469378
-1.75717 21.2282 0.347746 -1.89959 17.9472 0.886448 -0.490073 19.8645 1.40929 0.516828
19.8452 1.55471 0.870675 19.9302 1.4104 1.02091 20.0857 1.20564 1.13371 19.9697
0.306657 -0.183643 19.0087 0.165039 -0.414571 19.122 -0.112681 -0.488736 19.1334 -0.253091
-0.514466 19.0105 -0.204985 -0.472848 19.6428 -0.0853637 -0.142438 19.7417 -0.0700128 -0.119874
19.7987 -0.0480358 -0.0982053 19.8559 -0.027332 -0.075483 19.9163 -0.0232742 -0.038434 19.9165
-0.0156412 -0.00204911 19.7352 0.0682931 0.112945 19.4331 0.185192 0.275252 19.1773 0.42474
0.369562 18.9216 0.675426 0.460354 18.6672 0.934546 0.570397 18.212 0.9647 1.06665
17.7922 0.95518 1.50941 17.3741 0.947878 1.94998 16.9581 0.942868 2.38792 16.6554
0.940931 2.70636 16.388 1.01166 2.9407 16.278 1.05325 3.01659 16.1647 1.09932
3.0928 16.0479 1.15029 3.16925 15.8705 0.767618 2.59129 15.8927 -0.0361103 3.20028
16.1886 -0.235433 3.28793 16.4113 -0.367418 3.58796 16.5934 -0.45891 4.00514 17.2011
0.00861701 3.79193 17.1143 -0.238856 3.21256 17.2861 -0.765237 2.63131 17.4794 -1.32899
2.02154 17.6792 -1.91436 1.40437 17.6381 -2.25056 1.19969 17.5669 -2.25229 1.08149
17.4518 -2.3029 1.0725 17.3364 -2.35396 1.06406 17.2208 -2.40548 1.05618 17.1264
-2.44787 1.05022 16.4518 -3.04154 0.458898 15.8637 -3.7269 -0.291414 15.1633 -4.51689
-1.08447 14.332 -5.43131 -1.92517 12.5056 -2.87012 -1.31119 11.6841 -1.47575 -3.23793
9.48083 -0.722691 -3.45175 7.35729 0.0215726 -3.69399 5.27611 0.631372 -3.72285 0
0 0 17.7139 -0.258174 -2.26735 17.7139 -0.258188 -2.26735 17.714 -0.258203
-2.26736 17.714 -0.258217 -2.26736 17.714 -0.258231 -2.26736 17.7141 -0.258245 -2.26736
17.7179 -0.260085 -2.26803 17.7218 -0.261924 -2.2687 17.7257 -0.263764 -2.26937 17.7296
-0.265604 -2.27004 17.7356 -0.267318 -2.26964 18.3442 -0.274696 -2.33262 18.8206 -0.176895
-2.34289 19.2954 -0.0795028 -2.35955 19.7686 0.0174438 -2.3823 20.2262 0.104619 -2.44288
20.1366 0.36733 -2.41216 20.05 0.642096 -2.4294 19.9956 0.819683 -2.45137 19.9469
0.976174 -2.511 19.8749 1.13891 -2.56768 19.6915 1.31196 -2.56171 19.5066 1.49145
-2.56979 19.35 1.49858 -2.2357 18.702 1.9621 -1.65241 18.2408 2.2972 -1.21867
17.7264 2.67336 -1.06857 17.1677 3.08527 -0.913904 17.6058 2.464 -1.03961 16.3409
4.16014 -1.11639 15.6953 4.56205 -0.883045 15.1006 5.07608 -0.722405 15.7643 4.38641
-0.573748 17.4821 2.11334 -0.180923 18.5705 1.27051 -0.0964246 19.67 0.431151 0.00177472
19.8499 0.424172 0.25053 19.4103 1.29563 0.560404 19.0081 2.12196 0.846401 19.5608
1.18199 0.489218 20.0864 0.26403 0.14855 20.0886 -0.00536164 -0.131192 19.6143 6.48958e-05
-0.462755 19.155 0.00392162 -0.788524 18.4453 -1.56717 -2.43047 17.704 -3.09682 -4.04709
17.5887 -2.99128 -4.17212 18.2383 -1.16163 -2.66508 19.065 0.818835 -0.985655 20.5983
-0.234927 -1.29685 21.8025 -1.057 -1.48854 21.7909 -1.07447 -1.23384 20.6414 -0.533889
-0.682742 19.1071 0.187796 -0.0321485 19.2293 0.0500042 0.0516773 19.3501 -0.130267 0.088467
19.472 -0.401281 0.0243167 19.5482 -0.259188 0.0201695 19.7041 -0.0692245 -0.00701766 19.8989
-0.0712122 -0.0193638 19.9477 -0.0642371 -0.00486644 19.9467 -0.0757796 0.00682853 19.9262 -0.0833778
0.0226277 19.7453 -0.0584739 0.0721501 19.9235 -0.0817726 0.0238126 19.9816 -0.24539 -0.0449826
20.0238 -0.42567 -0.116055 19.939 -0.378868 -0.103819 20.0608 -0.415489 -0.130112 19.9482
-0.40891 -0.15081 19.3484 -0.262859 0.649664 18.5446 0.152302 2.03686 17.1125 0.422914
4.5363 13.4786 -0.00588796 9.49765 13.9283 -0.587361 10.4294 14.5015 -1.12403 11.3352
14.9097 -0.444799 11.1326 15.3184 0.259272 10.9377 15.6877 0.801104 10.8651 15.3589
1.75886 10.9728 15.0257 2.73443 11.0623 14.6958 3.60602 11.1712 14.4914 2.25288
11.9855 14.2319 0.704133 12.9496 14.3725 1.38066 11.9699 14.5879 2.08624 10.8903
15.1552 1.8565 9.72221 15.9627 1.0955 8.47927 17.4467 -0.261335 6.54318 17.4165
-0.389128 6.1708 17.4654 -0.403175 5.94972 17.5551 -0.35861 5.80667 17.6447 -0.315659
5.66145 17.772 -0.256881 5.45177 18.2861 -0.551224 3.96769 18.8348 -0.790798 2.51801
19.2488 -1.03454 1.17088 19.0077 -1.47285 0.118493 19.1348 -0.674508 -0.313799 17.0111
-1.2407 -0.0724193 12.6291 -0.845692 -0.13672 9.06488 -0.675932 -0.0518161 5.52132 -0.510154
0.0346101 0 0 0 19.0744 -1.16084 -0.641694 19.0744 -1.16084 -0.641693
19.0744 -1.16084 -0.641691 19.0744 -1.16085 -0.64169 19.0744 -1.16085 -0.641689 19.0744
-1.16085 -0.641688 19.086 -1.16394 -0.640773 19.0976 -1.16703 -0.639859 19.1092 -1.17011
-0.638943 19.1208 -1.1732 -0.638028 19.1289 -1.17354 -0.637434 19.1801 -0.970376 -0.612703
19.2248 -0.769227 -0.594452 19.2646 -0.570002 -0.580586 19.4532 -0.398074 -0.576613 19.8146
-0.322022 -0.578616 19.7499 -0.0699281 -0.571479 19.7872 0.17702 -0.770057 19.9235 0.395539
-1.13414 20.0552 0.620704 -1.5036 20.1468 0.875281 -1.88523 20.0704 0.922083 -1.89643
19.9573 1.04664 -2.01676 19.8429 1.17508 -2.14247 19.7269 1.30758 -2.27376 19.6681
1.35988 -2.26826 19.5992 1.46762 -2.27861 19.5334 1.57738 -2.29284 19.4707 1.6892
-2.311 19.4112 1.80315 -2.33319 19.0598 1.79 -2.09449 18.4911 2.07924 -2.14282
18.027 2.19541 -1.9765 17.6514 2.4369 -1.75407 17.3304 2.78407 -1.50758 17.6341
2.04764 0.00948524 18.8456 1.30109 0.0699432 18.8691 1.24136 0.321354 18.9602 1.07577
0.602065 19.0588 0.910215 0.900626 18.9123 1.24201 1.20527 19.233 0.871488 0.812726
19.3384 0.728242 0.491541 19.3747 0.546922 0.278669 19.1841 0.439344 0.220965 18.5144
0.668354 0.350202 19.0905 0.425865 0.341374 19.3913 0.22068 0.223881 19.5237 0.0705197
0.0413723 19.6382 -0.0949635 -0.205151 19.73 -0.365223 -0.547191 19.6243 -0.0784156 -0.206392
19.566 -0.0493221 0.0291833 19.5033 -0.159117 0.0988321 19.1432 -0.263281 0.10007 18.3026
-0.369248 0.108609 17.6745 -0.503599 0.294881 17.5489 -0.474494 0.349549 17.7217 -0.430148
0.35597 18.2298 -0.425513 0.326484 19.3848 -0.218184 0.124048 19.4359 -0.224555 0.100459
19.4171 -0.287833 0.0714481 19.4183 -0.327792 0.0484597 19.4484 -0.334284 0.0339846 19.4139
-0.386684 0.0222253 19.4187 -0.456967 0.114851 19.3426 -0.647902 0.260797 19.3048 -0.841863
0.32958 19.2851 -1.03776 0.361238 19.2123 -1.20765 0.504247 19.3893 -0.928528 1.08082
19.5555 -0.712524 1.14653 19.7184 -0.508186 1.20899 19.8072 -0.574124 1.12073 19.8158
-0.701326 0.253047 19.831 -0.577522 0.0822229 19.8899 -0.352732 0.0837827 19.9507 -0.123168
0.0947268 19.992 -0.0018026 0.127869 20.0766 0.0512417 0.324538 19.9917 -0.000968299 0.133663
19.9682 -0.392957 -0.48568 20.1225 -0.468002 -1.39191 20.2615 -0.551261 -2.28456 20.1491
-0.952737 -2.86738 19.4685 -2.49879 -4.18532 19.6588 -2.5201 -4.60325 20.0985 -2.11905
-4.78172 20.6422 -1.41198 -5.15371 21.6828 0.258865 -5.40058 18.1014 -1.39975 -4.89704
13.5821 -1.50137 -3.7681 9.22686 -1.10286 -2.556 4.87341 -0.705296 -1.34438 0.229758
-0.0829136 0.0438675 0.288906 -0.121182 0.0268598 0.342191 -0.15677 0.00967689 0.235811 -0.109229
0.0046687 0.0994664 -0.0460737 0.00196929 0 0 0 19.4776 -1.58212 -0.186817
19.4776 -1.58212 -0.186816 19.4776 -1.58212 -0.186815 19.4776 -1.58212 -0.186813 19.4777
-1.58213 -0.186812 19.4777 -1.58213 -0.186811 19.4875 -1.58503 -0.185625 19.4973 -1.58793
-0.184439 19.5071 -1.59083 -0.183252 19.5169 -1.59373 -0.182066 19.5229 -1.59313 -0.181315
19.5712 -1.3988 -0.1738 19.6169 -1.20511 -0.165951 19.6625 -0.980795 -0.165457 19.7059
-0.756461 -0.165056 19.7026 -0.540827 -0.152124 19.6347 -0.491716 -0.23018 19.5072 -0.483979
-0.358363 19.4073 -0.455858 -0.508682 19.5647 -0.237792 -0.867417 19.5844 -0.156205 -1.14104
19.6259 -0.0319208 -1.0996 19.5174 0.0937187 -1.21255 19.4931 0.134404 -1.24273 19.505
0.13813 -1.23647 19.4069 0.270911 -1.33633 19.7081 0.223975 -0.97912 20.0303 0.540543
-0.774605 20.1091 0.762719 -0.407928 20.0367 0.923836 0.0609258 19.891 1.37166 0.360541
20.2385 1.75189 0.479443 20.1229 1.59502 0.706927 20.0167 1.44906 0.934534 19.8579
1.29807 0.943529 19.7601 1.215 0.913857 19.7374 1.19878 0.898421 19.7145 1.18269
0.883004 19.6914 1.16671 0.867605 19.6682 1.15086 0.852225 19.5833 1.1318 0.809493
19.5412 0.941233 0.717051 19.4528 0.743099 0.63989 19.3956 0.527861 0.539898 19.3947
0.281136 0.398372 19.3328 0.0911035 0.29933 19.4569 -0.0328242 0.17925 19.5777 -0.212858
-0.00681495 19.6734 -0.289137 -0.060196 19.7593 -0.324984 -0.0618618 19.7938 -0.375281 -0.0775342
19.8448 -0.676488 -0.137189 20.1239 -0.896402 -0.206653 20.3112 -1.07318 -0.256386 20.2758
-1.15707 -0.260732 20.2587 -1.23354 -0.26589 20.266 -1.22964 -0.273353 20.2703 -1.22263
-0.27142 20.2747 -1.21563 -0.269498 20.279 -1.20862 -0.267587 20.2835 -1.20128 -0.265592
20.3817 -1.08905 -0.258164 20.4766 -0.978206 -0.251296 20.48 -0.7151 -0.257385 20.4552
-0.418855 -0.267541 20.3063 -0.19807 -0.277454 20.162 -0.227884 -0.229911 20.0506 -0.301814
-0.17879 19.9392 -0.375388 -0.127612 19.8276 -0.4486 -0.0763771 19.7336 -0.520872 -0.0381144
19.7329 -0.7456 -0.0307745 19.7402 -0.98491 -0.0788939 19.7482 -1.21959 -0.126829 19.7569
-1.4497 -0.174585 19.7881 -1.63415 -0.255575 19.8552 -1.5199 -0.252568 19.9077 -1.38628
-0.260309 19.9599 -1.2543 -0.26842 20.0105 -1.12576 -0.276681 20.0005 -1.03293 -0.279212
19.496 -0.526926 -0.0627556 19.1681 0.0472916 0.137349 18.8672 0.588012 0.427394 18.5724
1.10448 0.756381 18.2152 1.57961 1.02666 18.4561 1.43112 0.96771 18.4009 1.48893
1.03019 18.3511 1.52138 1.15113 18.3078 1.54768 1.2683 17.7654 1.87148 1.5512
18.3339 1.32021 1.23569 18.3735 1.07383 1.08093 18.4037 0.836372 0.928946 18.5048
0.585619 0.899181 17.9372 0.903784 1.60941 17.737 0.677074 2.42324 17.7982 0.285059
2.57485 17.9977 -0.113936 2.36814 18.314 -0.358963 1.94345 18.8847 -0.279132 1.02626
19.0166 -0.0399805 1.36371 17.6848 0.229403 1.54587 15.6541 0.361801 1.34372 13.6321
0.129834 0.685574 9.41276 -0.227689 -0.177001 11.0344 0.461075 -0.605318 10.9115 0.846108
-0.790286 8.5881 0.839433 -0.656834 4.40873 0.481445 -0.347328 0 0 0
19.5989 -1.23437 -0.194058 19.5989 -1.23437 -0.194056 19.5989 -1.23438 -0.194055 19.5989
-1.23438 -0.194054 19.5989 -1.23438 -0.194052 19.5989 -1.23439 -0.194051 19.6084 -1.23749
-0.192783 19.6178 -1.24059 -0.191516 19.6272 -1.2437 -0.190247 19.6367 -1.2468 -0.188979
19.6435 -1.24656 -0.188559 19.6601 -1.10345 -0.203818 19.6771 -0.963419 -0.217222 19.706
-0.74961 -0.224491 19.7376 -0.522954 -0.229147 19.7901 -0.337188 -0.192278 19.695 -0.327253
-0.277827 19.5639 -0.32483 -0.40768 19.4037 -0.343521 -0.502728 18.9731 -0.554155 -0.269701
18.5069 -0.674275 0.0167031 18.2481 -0.423598 0.434149 17.9791 -0.435222 0.541269 17.9486
-0.432331 0.619527 17.9368 -0.428881 0.696625 17.8699 -0.853424 0.424379 18.4747 -0.606488
0.246161 18.8005 -0.31339 0.470851 19.1203 -0.078482 0.587574 19.4601 -0.0216497 0.331351
19.4919 0.113767 0.483538 19.6483 -0.110285 0.101917 19.7787 -0.345635 -0.170615 19.7345
-0.42942 -0.291018 19.6068 -0.441528 -0.339187 19.1366 -0.267248 -0.32908 19.3867 -0.523911
-0.460059 19.282 -0.674866 -0.50203 19.2237 -0.750174 -0.521934 19.326 -0.570217 -0.468163
19.3832 -0.5185 -0.379327 19.5619 -0.407174 -0.28886 19.7056 -0.146406 -0.0905223 19.8021
-0.143483 -0.0659469 19.892 -0.177732 -0.0664421 19.924 -0.224961 -0.0765963 20.114 -0.37657
0.0219031 20.3606 -0.604331 -0.0420142 20.5992 -0.821569 -0.0992571 20.7768 -0.965206 -0.119595
20.954 -1.25838 -0.313562 23.4907 -4.36278 -0.402405 24.058 -5.01717 -0.41151 24.5623
-5.52203 -0.401616 23.6686 -4.28168 -0.310227 20.9845 -0.922285 -0.147789 20.5096 -0.27513
-0.0998856 19.8585 0.415741 -0.0617083 19.632 0.0686499 -0.106307 19.7704 -0.255077 -0.122435
19.9018 -0.499714 -0.107012 19.8567 0.0881625 0.0614017 19.788 0.0446913 0.0685144 19.7996
0.0138876 0.0652191 19.8124 -0.016439 0.0620214 19.1476 -0.37205 -0.0517446 19.8603 -0.0566906
-0.00594169 18.8956 -0.451309 -0.433512 17.9845 -0.824819 -0.84911 17.0928 -1.15883 -1.25281
15.1736 -1.38876 -1.81731 12.7407 -2.47654 -3.38853 13.0293 -2.15529 -3.1529 13.123
-2.12311 -3.16198 13.0827 -1.96492 -3.0991 14.0286 -1.52475 -2.55549 15.07 -1.23835
-2.10951 15.43 -1.09266 -1.91974 15.8034 -0.943839 -1.72321 16.1897 -0.792007 -1.52012
17.3726 -0.314943 -0.88913 17.4491 -0.420187 -0.875054 17.4869 -0.562436 -0.877496 17.5239
-0.705762 -0.880102 17.5602 -0.850158 -0.882875 17.5848 -0.968024 -0.886426 17.5817 -1.38295
-0.938728 17.5299 -1.80201 -1.01012 17.4316 -2.22502 -1.10086 17.2856 -2.65159 -1.21134
17.6767 -3.25181 -0.851563 18.0017 -4.07898 -0.95215 18.0027 -4.56161 -0.901994 17.9689
-5.05274 -0.84907 18.0629 -5.57029 -0.745384 18.1765 -5.27631 -0.321619 18.4705 -5.75421
-0.455339 18.8058 -5.30997 -0.462807 19.0843 -4.87691 -0.458726 19.0805 -4.55001 -0.401348
17.7522 -3.31819 -0.0726293 16.0841 -3.09455 -0.0408318 15.3844 -2.62311 -0.0528587 16.1691
-1.90265 -0.0902471 16.7559 -1.1884 -0.125887 16.029 -0.592031 -0.158994 17.4216 -0.542625
-0.149858 16.5691 -0.506076 -0.140249 14.8226 -0.476712 -0.130924 13.0768 -0.447403 -0.121611
11.3131 -0.417852 -0.112217 11.2333 -0.400821 -0.107663 11.153 -0.383784 -0.103107 10.7315
-0.415799 -0.106444 10.2109 -0.462337 -0.112119 9.69881 -0.508669 -0.117804 8.44353 -0.364522
-0.0859269 7.169 -0.226879 -0.055069 5.87068 -0.0973671 -0.0254864 4.49349 -0.0104926 0.0053327
2.4635 -0.337524 0.114369 5.075 -0.770624 -0.186244 4.6224 -0.621327 -0.173522 3.70068
-0.419473 -0.112796 2.74585 -0.216864 -0.0520648 2.4076 -0.148542 -0.0317077 2.66269 -0.153001
-0.0161976 2.81476 -0.152673 -0.00195753 1.87458 -0.101678 -0.00130368 0.934405 -0.0506824 -0.000649835
0 0 0 18.6625 -0.545531 -0.335824 18.6625 -0.545536 -0.335817 18.6626
-0.54554 -0.335809 18.6626 -0.545545 -0.335802 18.6627 -0.54555 -0.335794 18.6627 -0.545555
-0.335787 18.679 -0.547416 -0.333348 18.6953 -0.549277 -0.330909 18.7116 -0.551139 -0.32847
18.7278 -0.553001 -0.326031 18.7419 -0.553438 -0.324162 18.8007 -0.423974 -0.320978 18.8517
-0.295305 -0.31956 18.897 -0.167262 -0.319475 19.0725 -0.139518 -0.287564 19.4482 -0.299452
-0.176325 19.1845 -0.460927 -0.0150298 18.7955 -0.659039 0.21084 18.377 -0.862015 0.445481
17.9639 -1.06228 0.677773 17.391 -1.26686 1.03023 16.789 -0.853839 2.09354 16.4488
-0.827294 2.31627 16.1057 -0.804627 2.53564 15.6521 -0.837215 2.75514 15.7691 -1.41705
1.44428 16.021 -0.624317 2.17934 16.3325 -0.606533 1.99399 16.6455 -0.533699 1.8042
16.9616 -0.441306 1.60469 17.202 -1.642 0.220994 17.9518 -1.28634 -0.181768 18.1427
-1.4537 -0.443064 18.5096 -1.48605 -0.641596 18.9376 -1.46932 -0.800581 18.8325 -1.82078
-0.980297 18.903 -1.35894 -0.820666 18.9733 -1.09987 -0.724025 19.0706 -0.904133 -0.663206
19.1221 -0.956326 -0.639789 19.0958 -1.33271 -0.654603 19.4358 -0.864451 -0.460985 19.6994
-0.477156 -0.266322 19.8442 -0.234284 -0.112421 19.8359 -0.24639 -0.242954 19.7568 -0.341387
-0.442249 19.8455 -0.229949 -0.238305 19.8859 -0.114677 -0.101461 20.0264 -0.215525 -0.12524
20.0486 -0.499227 -0.246815 20.0038 -0.841706 -0.408204 19.9009 -0.232253 -0.235447 19.8106
0.269849 -0.0991134 19.7429 0.389215 -0.101068 19.29 0.0919211 -0.404183 18.8083 -0.37245
-0.772037 19.3252 0.175003 -0.390616 19.7519 0.508171 -0.144299 19.265 0.551116 -0.204055
19.1639 0.170832 -0.458163 19.1008 -0.372294 -0.806169 19.3098 -0.135409 -0.370376 19.166
-0.192276 -0.0687252 18.8284 -0.848882 0.016893 18.9428 -0.981985 0.179559 19.0248 -0.931468
0.0919351 19.8144 -0.226573 0.0710406 19.9257 -0.10086 0.0556609 19.927 -0.0987165 0.0546228
19.725 -0.2175 0.051398 18.202 -1.11913 0.0318138 19.7709 -0.164111 0.0297215 20.0899
0.0196332 -0.0902087 20.2376 0.0993181 -0.22688 20.2351 0.110049 -0.441302 19.1684 -0.526757
-0.958479 21.0336 1.38317 -2.35384 21.5081 1.93367 -2.69595 21.6626 2.2023 -2.85851
21.5004 1.98822 -2.39968 20.7308 0.842632 -0.720496 20.3869 0.440857 -0.353564 20.138
0.149691 -0.067153 20.1451 0.223481 0.0725486 20.2644 0.46178 0.0914569 20.4626 0.8157
0.0247023 20.2628 0.465581 0.0924342 20.357 0.348846 0.140767 20.8778 0.572764 0.160195
21.6312 0.963054 0.124132 22.5788 1.51629 0.0563535 24.7689 0.775081 0.344551 26.3515
0.450065 0.518663 26.9363 0.893254 0.493596 25.915 1.62606 0.331282 24.1414 2.50935
0.102658 24.7446 3.70567 0.157161 22.6216 3.85505 0.1884 18.289 2.83945 0.168809
17.2786 2.25107 0.0832271 11.7356 0.14258 -0.0522857 15.1682 -1.0574 -0.221507 15.2495
-1.53674 -0.278164 15.0477 -1.92391 -0.319079 12.9327 -1.70188 -0.274313 8.72743 -0.786717
-0.184508 12.0307 -1.85796 -0.546863 12.8388 -2.32807 -0.714191 9.23642 -1.71917 -0.530562
4.62141 -0.860183 -0.265465 0 0 0 15.7378 -0.134198 -0.858547 15.7379
-0.134232 -0.858518 15.7381 -0.134266 -0.858489 15.7382 -0.1343 -0.85846 15.7384 -0.134334
-0.858431 15.7386 -0.134368 -0.858402 15.751 -0.137124 -0.856051 15.7634 -0.139877 -0.853701
15.7758 -0.142628 -0.851352 15.7883 -0.145377 -0.849003 15.802 -0.148634 -0.846366 16.3045
-0.508534 -0.72326 16.7566 -0.649626 -0.615983 17.2128 -0.787984 -0.506075 17.6727 -0.923876
-0.393754 18.0364 -1.13378 -0.280943 17.8624 -1.19152 -0.102517 17.5819 -1.33809 0.112976
17.3067 -1.48109 0.329449 17.0117 -1.6413 0.555403 16.4835 -1.78371 0.740155 16.1621
-1.3051 0.440471 15.7881 -1.32706 0.512077 15.4146 -1.34308 0.579024 15.0413 -1.35339
0.641288 14.9738 -1.88213 1.25118 14.6318 -1.6574 0.484543 15.0023 -1.59888 0.241725
15.3836 -1.54702 0.0134262 15.7322 -1.55221 -0.216641 16.716 -1.73784 0.0242087 17.5734
-1.34982 0.012151 18.01 -1.36885 -0.275849 18.4345 -1.35883 -0.434098 18.8526 -1.35419
-0.592829 18.8842 -1.53647 -0.768217 18.9853 -1.27202 -0.620868 19.0461 -1.13304 -0.558094
19.0969 -1.02208 -0.517809 19.1005 -1.04248 -0.588432 18.9479 -1.3127 -0.764923 18.9256
-1.16074 -0.985154 18.9634 -1.18717 -1.02512 19.0549 -1.12272 -1.03262 19.1877 -0.988385
-1.01533 19.3447 -0.97778 -0.891421 19.2657 -0.824037 -0.972593 19.2123 -0.682247 -0.968222
19.0289 -0.68709 -0.94738 18.7863 -0.757979 -0.9194 18.5434 -0.829287 -0.884326 18.4326
-0.842731 -0.911428 18.369 -0.833875 -0.935231 18.3059 -0.824853 -0.958982 18.243 -0.815664
-0.98268 18.1989 -0.809056 -0.999382 17.8363 -0.764428 -1.11322 17.4796 -0.71613 -1.22374
17.178 -0.57894 -1.29977 16.9428 -0.332403 -1.33427 16.6641 -0.289665 -1.45308 17.0007
-0.32022 -1.40385 17.2319 -0.620454 -1.51702 17.4152 -0.755303 -1.5184 17.5954 -0.891294
-1.52042 17.4993 -1.28866 -1.76482 17.9393 -1.08337 -1.29711 18.3006 -1.16777 -1.01509
18.6485 -1.26586 -0.743931 18.9129 -1.29866 -0.559368 18.9485 -1.32329 -0.58939 19.3374
-0.844002 -0.404201 19.7264 -0.365175 -0.222885 19.8329 -0.121334 -0.0344514 19.6418 -0.235594
-0.059001 19.4524 -0.34926 -0.0833826 19.6428 -0.238229 -0.0589756 19.8335 -0.126603 -0.0344817
19.5374 -0.264127 0.0181488 19.1873 -0.53627 0.0811293 18.8359 -0.810592 0.14709 19.5463
-0.449467 0.262739 20.2522 -0.0885923 0.375764 20.1903 0.211344 0.496467 19.3444 0.301995
0.489563 18.5005 0.394098 0.482088 19.0906 -0.0472151 0.206385 19.6775 -0.478058 -0.0611151
19.9109 -0.570932 -0.0355641 19.8491 -0.474703 0.0245513 19.7736 -0.368494 0.0849469 20.0106
-0.375929 -0.0525883 20.0142 -0.351403 -0.0511604 19.9945 -0.31752 -0.0406236 19.9748 -0.283317
-0.0302366 19.9168 -0.305115 0.0158121 19.9444 -0.248262 -0.0168569 19.9271 -0.230343 -0.0125495
19.9099 -0.212301 -0.00833595 19.8805 -0.196107 0.00373932 19.7341 -0.244334 0.0633778 19.8546
-0.195235 0.00296383 19.8604 -0.22293 -0.00575347 19.8498 -0.260208 -0.000872485 19.8389 -0.297801
0.00427345 19.8152 -0.344364 0.0197784 19.8454 -0.368203 0.00593851 19.8665 -0.408109 0.000660334
19.8875 -0.44823 -0.00453928 19.9085 -0.488565 -0.00965977 19.9203 -0.51146 -0.0125057 19.9522
-0.561811 -0.0238235 19.9844 -0.61237 -0.0353411 19.9629 -0.581095 -0.0947371 19.8933 -0.475939
-0.196972 19.7814 -0.304601 -0.270545 20.0778 -0.452629 -0.363363 20.1693 -0.447269 -0.384036
20.2003 -0.462848 -0.383776 20.2321 -0.479335 -0.383757 20.006 -0.076655 -0.205899 20.3117
0.317749 0.248801 20.7781 0.996138 0.971948 21.249 1.70198 1.71114 21.7162 2.14137
2.32541 22.2546 2.48059 2.94085 22.5661 2.72708 3.22598 22.5012 2.67076 3.15362
22.4379 2.61571 3.0828 22.3761 2.56191 3.01347 22.3288 2.52057 2.96012 22.4064
2.63839 3.12777 22.8101 2.78211 3.48035 23.2781 2.9315 3.87223 23.7364 3.08093
4.26226 21.9541 2.35995 3.29842 25.8263 2.19473 3.66857 25.9128 1.96761 3.05018
25.8247 1.62129 2.75918 25.6796 1.26436 2.5075 22.7866 1.72864 1.3774 21.8592
3.05733 0.618151 21.675 3.49893 0.602885 21.4849 3.96721 0.576519 19.4618 3.75931
0.445365 13.8851 1.44538 0.647312 18.5623 3.84687 0.371111 22.0348 5.53434 0.251198
21.8568 5.46323 0.514326 18.771 3.8229 0.862479 14.3332 1.42463 1.29804 21.1715
2.96765 0.200814 23.659 3.38212 -0.0794347 22.9439 3.0404 0.110412 18.9537 2.03832
0.733519 11.6517 0.353289 1.82399 15.5523 1.81044 2.0902 19.3461 3.25944 2.33515
17.2362 2.6379 2.17914 14.0517 1.62964 1.95453 10.0548 0.343694 1.68108 10.0082
0.355572 1.89857 10.5445 0.375 1.90732 11.0659 0.393879 1.90664 11.5131 0.410896
1.86825 9.60538 0.375558 0.702927 12.6396 1.09674 -0.300677 12.5914 1.17995 -0.67049
12.0774 1.14373 -0.744167 11.3823 1.05967 -0.69339 10.1508 0.677857 -0.412196 10.3012
0.984558 -0.641351 9.63437 0.900654 -0.59091 8.97608 0.817515 -0.540979 8.62035 0.748387
-0.542844 7.04925 0.443362 -0.365568 8.17329 0.220089 -0.401207 7.85274 0.0665308 -0.407142
7.56603 0.0336652 -0.406339 7.28362 -0.000961222 -0.406588 6.8818 -0.0852975 -0.408649 6.9896
-0.0649415 -0.393809 6.95828 -0.0733765 -0.401982 6.92598 -0.0821109 -0.410452 6.89268 -0.091158
-0.419231 6.85555 -0.101287 -0.429068 7.14818 -0.145217 -0.450578 7.45868 -0.190533 -0.473297
7.59379 -0.199719 -0.44736 7.60768 -0.184853 -0.39273 5.9304 0.0527578 -0.223076 6.76627
0.216285 -0.165512 6.43399 0.384052 -0.140592 6.34715 0.389011 -0.142418 6.25724 0.39348
-0.144064 4.98607 0.446391 -0.163564 6.97158 0.329472 -0.0956201 8.08907 0.232697 -0.0370763
9.22974 0.139859 0.0199878 10.3872 0.0499508 0.0759444 7.23464 -0.0346283 0.135188 7.8472
-0.042568 0.146898 8.17003 -0.0445293 0.152953 8.49279 -0.0464887 0.159006 8.81549 -0.0484462
0.165058 8.71275 -0.0417032 0.162808 9.22985 0.0584554 0.123723 9.20975 0.0360817 0.13402
9.18796 0.013023 0.144614 9.16444 -0.0107444 0.155517 9.13038 -0.0437021 0.170612 10.0097
-0.0544302 0.192393 10.8367 0.129074 0.223602 11.5693 0.360825 0.254575 12.2116 0.593442
0.282746 12.5442 0.82428 0.314333 12.7139 0.823672 0.301306 12.7772 0.832427 0.299301
12.8403 0.841185 0.297291 12.9032 0.849946 0.295275 12.9667 0.858838 0.293224 14.0742
1.0111 0.207313 15.1784 1.16866 0.115283 16.2796 1.3311 0.0176536 16.9071 1.39334
-0.00242055 15.5213 1.04007 0.249489 17.2157 0.805693 0.458748 17.0209 0.553411 0.64007
16.7628 0.292248 0.828074 16.5271 0.0493018 1.00857 15.66 0.249604 0.887873 17.5611
0.359997 1.67794 18.012 0.456337 1.74858 18.4901 0.552336 1.83 18.9958 0.648027
1.92178 16.5331 0.712015 0.681004 19.2275 1.17223 0.713912 19.1659 1.16262 0.586459
19.1037 1.15617 0.459757 19.0407 1.15289 0.333804 19.1308 0.814243 0.0634829 19.0145
0.685422 0.0205481 18.8652 0.638299 0.278618 18.7152 0.590329 0.540987 18.6967 0.524467
0.796155 18.6567 0.0371233 1.20241 18.2224 -1.28731 1.47405 18.3041 -1.48875 1.65563
18.2502 -1.64292 1.75495 18.1969 -1.78823 1.85426 18.7172 -1.73617 2.00473 18.6682
-2.38247 1.92385 18.7994 -2.05872 1.77593 18.9384 -1.75865 1.62938 19.0844 -1.48199
1.48414 18.9297 -1.01978 1.27669 18.94 -0.834232 1.12457 19.0999 -0.723754 1.13955
19.2841 -0.612153 1.17407 19.4661 -0.502358 1.20782 19.7267 -0.345806 1.25564 19.8303
-0.256577 1.28196 19.9308 -0.169061 1.30759 20.0283 -0.0832053 1.33256 20.123 0.00103812
1.35688 20.66 0.130938 1.39439 20.984 -0.266579 1.28556 21.139 -0.478498 1.1641
21.2947 -0.673122 1.04421 21.4374 -0.838946 0.924353 21.3424 -0.380229 0.817525 20.8278
-0.184974 0.385096 20.3272 -0.261952 -0.0475018 20.5503 -0.290632 -0.366878 21.5165 -0.270142
-0.569166 22.4832 -0.209672 -0.760518 23.0008 -0.288992 -0.760889 23.3349 -0.348044 -0.738108
23.6637 -0.405464 -0.714393 23.9874 -0.461322 -0.689788 24.3028 -0.509767 -0.664685 24.2753
-0.517809 -0.658122 24.2285 -0.532071 -0.653112 24.1817 -0.546365 -0.64812 24.1348 -0.56069
-0.643144 24.0984 -0.571816 -0.639301 24.0277 -0.591648 -0.629218 23.9572 -0.61135 -0.619123
23.8815 -0.633305 -0.609212 23.7959 -0.659615 -0.599656 23.6993 -0.689287 -0.588852 23.3152
-0.809149 -0.53725 22.9317 -0.927754 -0.485994 22.549 -1.04507 -0.435096 22.167 -1.16105
-0.384566 21.9649 -1.20809 -0.366498 21.6642 -1.25412 -0.397765 21.3665 -1.20903 -0.406549
21.0685 -1.1646 -0.415049 20.77 -1.12082 -0.423265 20.4416 -0.846481 -0.431059 20.3315
-0.626171 -0.315395 20.2943 -0.544955 -0.274564 20.2572 -0.464467 -0.233765 20.2202 -0.384708
-0.192999 20.2034 -0.347548 -0.171943 20.0615 -0.259184 -0.11358 19.8343 -0.134278 -0.0249161
19.6061 -0.00990418 0.0641493 19.3919 0.112596 0.158139 19.2629 0.276364 0.336721 19.265
0.597078 0.525721 19.0668 0.76807 0.599377 18.8419 0.938222 0.681911 18.6132 1.10505
0.762372 17.6988 1.07763 0.664463 17.8765 1.41634 0.747679 16.4244 1.24404 0.669881
14.9741 1.07251 0.592174 13.526 0.901905 0.514576 12.1873 0.744943 0.442835 10.165
0.579587 0.35639 8.13984 0.414542 0.269571 6.11036 0.249974 0.182196 4.07362 0.0862223
0.0939025 1.57662 0.0270265 0.020438 2.2597 0.015009 0.0163488 2.93948 0.0029417 0.0122205
1.96635 0.00179288 0.00807937 0.95845 0.000873896 0.0039381 0 0 0 14.6994
0.356901 -1.17405 14.7119 0.353922 -1.17187 14.7244 0.350943 -1.16969 14.7369 0.347966
-1.16751 14.7493 0.344988 -1.16533 14.7636 0.341335 -1.16224 15.2859 -0.187909 -1.03399
15.8447 -0.702588 -0.89084 16.0137 -0.84621 -0.846108 16.327 -1.10993 -0.761019 16.6448
-1.36828 -0.673093 16.9668 -1.62152 -0.58254 17.2925 -1.86988 -0.489552 17.4537 -2.05483
-0.413399 17.3737 -2.13214 -0.337953 17.1871 -2.38662 -0.307103 16.9653 -2.61935 -0.265811
16.7253 -2.83511 -0.217365 16.1812 -2.97029 -0.112048 16.0442 -2.26524 -0.438239 16.0776
-1.95486 -0.376899 16.1087 -1.66357 -0.318577 16.0961 -1.42907 -0.448506 16.1236 -1.89817
0.0239876 15.8036 -1.70143 -0.608165 16.1167 -1.60299 -0.581223 16.4802 -1.2641 -0.602545
16.8435 -0.932513 -0.623314 17.8121 -1.06187 -0.372286 18.6317 -0.672734 -0.360403 18.8646
-0.633948 -0.506984 19.1083 -0.605225 -0.621576 19.4002 -0.63903 -0.559746 19.3209 -0.888258
-0.723275 19.4254 -0.598206 -0.553072 19.3444 -0.657339 -0.709388 19.2378 -0.795061 -0.762421
19.1101 -0.983821 -0.78787 18.8282 -1.45193 -1.04872 18.7458 -1.13114 -1.43193 18.7664
-0.992226 -1.47971 18.7847 -0.956622 -1.55293 18.8654 -1.06477 -1.50407 19.083 -1.33855
-1.12678 18.9383 -1.14834 -1.43493 18.7191 -1.07993 -1.61721 18.4314 -1.13555 -1.62835
18.2436 -1.1191 -1.48274 17.9762 -1.2165 -1.27942 16.2488 -1.78797 -1.53144 14.7946
-2.22282 -1.7498 14.2976 -2.17994 -1.90648 14.575 -1.65951 -1.91357 15.5381 -0.69561
-1.78699 11.3507 0.226853 -4.62852 10.0768 0.316484 -5.62851 10.2991 0.42839 -5.66911
11.742 0.0350784 -4.95551 16.6167 -1.95283 -2.17676 16.7603 -2.91374 -2.794 17.1062
-2.67217 -2.30833 17.4366 -2.49824 -1.87469 17.7524 -2.3838 -1.4871 18.1362 -2.2519
-1.04377 18.1551 -2.2508 -1.03037 18.174 -2.24975 -1.01702 18.1929 -2.24875 -1.00371
18.2117 -2.24779 -0.990448 18.2263 -2.2475 -0.980979 18.3676 -1.95784 -0.751764 18.4682
-1.73568 -0.599034 18.5575 -1.53504 -0.474588 18.6444 -1.33643 -0.351111 18.6685 -1.21038
-0.262013 18.5611 -1.24602 -0.0648969 18.3636 -1.3267 0.182404 18.1567 -1.4145 0.431614
17.9399 -1.50968 0.682719 17.6157 -1.6798 0.823173 17.6603 -1.48941 0.919427 17.53
-1.46456 1.00822 17.3947 -1.44074 1.09753 17.2541 -1.41799 1.18736 17.2221 -1.41324
1.20719 17.1179 -1.38214 1.30306 17.0094 -1.3503 1.40225 16.8965 -1.31769 1.50493
16.779 -1.28429 1.61126 16.8523 -1.34659 1.52022 16.7805 -1.24855 1.56864 16.8562
-1.32625 1.55275 16.9337 -1.40625 1.53632 17.0131 -1.48859 1.51932 17.0907 -1.56955
1.50254 17.1075 -1.68579 1.50417 17.1192 -1.80607 1.50701 17.1255 -1.93053 1.51109
17.1262 -2.05937 1.51649 17.4209 -2.15966 1.46221 17.1843 -3.04093 1.40219 16.7536
-3.3035 1.39468 16.3195 -3.6062 1.38338 15.8621 -3.81048 1.37774 14.1922 -1.18856
1.43282 14.0803 0.668049 0.643248 14.0461 1.46226 0.496487 14.6132 2.07719 0.140907
15.0616 2.41728 0.0506033 16.042 1.99453 0.510818 17.9478 1.28142 0.029953 18.6443
1.18545 -0.109793 19.564 0.981078 0.185743 20.5847 0.563956 0.688102 20.8363 0.106549
0.603658 20.4467 0.487281 0.657057 19.3776 0.950276 0.413433 18.367 0.888734 -0.0271207
17.688 0.625302 -0.184504 16.8945 1.16008 0.0546778 15.1291 1.47807 -0.298387 14.9867
0.967783 0.235721 15.2402 1.02633 0.602561 15.2151 0.986031 0.830861 15.7429 0.223526
1.1486 16.2242 0.123027 1.17202 16.6746 0.230369 1.25588 17.1157 0.338347 1.34349
17.3244 0.324172 1.36148 16.9247 0.252296 1.39437 15.2987 1.11432 0.583938 15.6572
1.15003 0.556753 16.0652 1.23687 0.542307 16.4895 1.31406 0.534854 17.2927 1.12422
0.73287 17.3892 1.20727 0.737214 17.2909 1.22642 0.73554 17.1921 1.24529 0.733867
17.0926 1.26386 0.732196 17.0306 1.27519 0.731163 16.9038 1.30369 0.726626 16.7783
1.33077 0.722043 16.6541 1.35648 0.717414 16.5311 1.38085 0.712741 16.5504 1.64648
0.741666 16.963 2.13962 0.781899 16.8441 2.25883 0.921297 16.5738 2.12667 1.06418
16.2806 1.98222 1.21185 15.7621 1.51526 1.37539 16.2718 1.43648 1.32554 16.3529
1.36291 1.27537 16.4333 1.28837 1.22621 16.5131 1.21287 1.17807 16.6286 1.10095
1.10912 16.8759 0.997635 1.04802 17.1132 0.894079 0.989194 17.2779 0.752526 0.95914
17.3607 0.566966 0.962038 17.0315 0.447284 1.01785 17.1241 0.678973 0.70597 17.5228
0.897144 0.433814 18.2386 1.11635 0.128132 18.9194 1.33407 -0.169651 18.5965 1.42281
-0.18532 18.4733 2.30614 -0.544913 18.7905 2.50729 -0.704792 19.123 2.69637 -0.863678
18.59 3.18116 -0.966285 18.1491 3.3059 -0.908705 17.9307 3.4313 -0.892762 17.6809
3.41551 -0.472094 17.4301 3.40005 -0.071531 17.1782 3.38496 0.309123 16.1325 2.50055
1.94418 15.3105 2.27497 2.6307 14.524 2.31585 3.64416 13.4421 2.62567 5.1027
11.6854 3.0966 6.97957 15.847 2.69207 4.19362 14.5153 3.65705 4.85773 15.0853
3.51479 4.4344 15.7354 3.32194 3.97215 16.3704 3.13385 3.52542 16.5675 3.07552
3.38812 16.5039 3.19622 3.21407 16.4271 3.32039 3.05141 16.1862 3.3652 3.03152
16.0544 3.37161 2.95526 18.2455 2.53957 1.69301 18.6128 1.53941 1.10393 17.5475
0.814643 0.602446 15.7844 0.223265 0.148968 12.6398 0.225609 0.070759 9.16571 0.360621
0.0608044 12.1774 0.233902 0.0856453 14.7155 0.120277 0.0528622 12.5123 0.102269 0.0449477
9.04278 0.138015 0.0219792 5.03997 0.201724 -0.00820193 8.99603 0.0790083 0.0342831 7.88894
0.043045 0.0346317 6.56498 0.035821 0.0288196 5.82825 0.0318011 0.0255855 2.33471 0.00186268
0.0169449 5.61425 0.0249972 0.0187878 6.90395 0.0307396 0.0231037 7.78407 0.0346583 0.026049
7.88177 0.0409001 0.0256643 4.75169 0.434477 -0.0347518 8.84686 3.55177 0.839241 13.0034
5.82338 1.43223 16.6442 7.41439 1.82858 14.8458 5.83541 1.53917 11.6809 2.80049
0.893132 14.9337 6.48327 1.20962 17.501 7.8681 1.42484 18.1598 5.3534 1.45339
18.2818 3.36359 1.40417 19.2553 -0.154324 1.52188 20.7342 -4.94914 0.971035 21.5596
-7.01325 0.898809 22.5326 -9.52526 0.658039 22.8798 -9.93581 0.617775 21.2892 -3.82846
1.24117 22.8276 -1.55096 3.51403 23.6344 -0.265954 4.54156 23.3855 -0.164455 4.00084
22.8606 -0.22905 3.24014 21.9112 -1.67809 0.88293 20.8969 -1.04175 0.300835 20.6383
-0.906282 0.204199 20.3634 -0.600671 0.0379156 20.0711 -0.114322 -0.202768 20.0016 -0.10093
-0.229448 20.0904 -0.0584413 -0.239722 20.5417 0.0180415 -0.283508 20.8857 0.0552385 -0.304734
21.1568 0.0657371 -0.3106 21.8718 0.174824 -0.386219 22.8997 0.980296 -0.519304 23.4944
1.21566 -0.571594 24.0955 1.45241 -0.625102 24.8665 1.67334 -0.801188 25.0106 0.717887
-0.683262 25.9946 1.06896 -0.621884 25.7171 1.19338 -0.64304 25.412 1.33488 -0.662993
25.1075 1.4795 -0.682865 23.7141 0.744737 -0.750539 23.5499 0.838284 -1.22918 22.9413
0.673984 -1.15634 22.3034 0.507344 -1.04847 21.6714 0.341799 -0.945681 20.8153 0.419181
-0.40851 20.4913 0.243047 -0.127839 20.3346 0.175658 -0.000998754 20.1406 0.0101882 0.0567341
20.0203 -0.130061 0.0464563 20.0171 -0.231262 -0.0723169 20.0159 -0.128924 0.0359618 20.0247
-0.0585014 0.117466 20.0406 -0.0103929 0.180218 20.0302 0.0582963 0.232012 20.0078 0.0889198
0.26279 19.911 0.0693343 0.49448 19.8643 0.0802033 0.631616 19.8549 0.054728 0.695895
19.8849 0.0388035 0.66937 19.974 0.0371826 0.506587 19.9851 0.0387104 0.50203 19.982
0.0257847 0.498822 19.9695 0.00334623 0.496495 19.8768 -0.00134479 0.477238 19.6531 0.0249986
0.43177 19.9139 -0.0393965 0.299592 19.9066 -0.0675072 0.28105 19.8481 -0.0938438 0.27511
19.7897 -0.120162 0.269102 16.8931 -0.15406 0.326965 19.5245 -0.00608496 0.350265 19.5513
0.00298286 0.169274 19.5763 0.0137177 -0.00993617 19.6016 0.0315242 -0.120387 17.0169 -0.0717723
-0.299575 19.8546 -0.0475466 -0.242126 19.8972 -0.0114276 -0.260461 19.9606 0.0431295 -0.272618
20.0242 0.0977697 -0.285033 17.3901 0.118058 -0.28059 19.9527 0.207174 -0.154887 20.2571
0.190733 -0.0198361 20.5656 0.173352 0.114646 20.9391 0.146967 0.198733 20.033 0.0635204
0.170155 20.9245 0.0216683 0.197513 18.0331 -0.00579579 0.179477 15.1685 -0.047761 0.161177
9.64536 -0.0525686 0.107774 0 0 0 19.0534 0.768377 0.281812 19.0661
0.767612 0.285356 19.0789 0.766848 0.288901 19.0916 0.766083 0.292447 19.1044 0.765319
0.295996 19.1201 0.763015 0.300755 19.673 0.274908 0.432632 19.949 -0.0597534 0.461807
20.2178 -0.398573 0.49185 20.4793 -0.741383 0.52275 20.721 -1.07072 0.55291 20.7239
-1.07384 0.553193 20.7268 -1.07696 0.553476 20.7296 -1.08008 0.553759 20.7325 -1.0832
0.554042 20.7334 -1.08653 0.554338 20.1277 -1.3391 0.353422 19.5169 -1.5832 0.150449
18.9022 -1.81676 -0.0545666 18.2833 -2.03958 -0.26173 17.9226 -2.32103 -0.197795 17.6606
-1.7497 -0.377626 18.2477 -1.31062 -0.182305 18.8648 -0.901152 0.023318 19.5094 -0.517696
0.238193 20.2257 -1.02664 0.567375 21.0581 -0.491188 0.572915 21.2607 -0.223218 0.591242
21.4699 0.0421471 0.611263 21.6857 0.30495 0.632944 21.8771 0.425657 0.714421 21.6913
0.307347 0.58075 21.1621 0.12872 0.22056 20.6246 -0.0506905 -0.141021 20.0787 -0.230863
-0.503941 19.7524 -0.506881 -0.799207 19.5499 -0.430836 -0.760084 19.286 -0.762968 -0.826881
19.0215 -1.09213 -0.890886 18.7568 -1.4182 -0.952045 18.6808 -1.80153 -1.20548 18.7772
-1.64379 -1.38405 18.8127 -1.54808 -1.25487 18.8475 -1.44096 -1.09553 18.8842 -1.36823
-0.90943 18.9365 -1.48135 -0.584472 19.2816 -0.933606 -0.268125 19.6313 -0.434669 -0.190928
19.9795 0.0443647 -0.186918 19.795 0.213538 -0.215061 19.3717 0.0326262 -0.595948 19.7455
0.411207 -0.229141 19.216 0.320369 -0.040062 18.1857 -0.0350255 0.0456892 16.7863 -0.387906
0.0967636 14.6215 -0.733537 0.0692744 14.1663 -0.270048 -0.213073 13.6623 -0.235082 -0.165296
13.1266 -0.398046 0.0380819 13.1085 -1.0472 0.147451 13.1074 -2.70678 0.127006 14.3196
-4.56291 0.0914951 15.3197 -4.81782 0.148991 16.3627 -4.30423 0.232353 17.5022 -3.2209
0.44271 18.5006 -0.119833 1.21256 19.0603 0.430036 0.998665 19.38 0.552338 0.732285
19.1284 0.338248 0.296121 18.8818 -0.00637507 -0.0994192 18.6611 -1.6113 0.0148086 19.4711
-2.64921 -1.62697 19.5976 -3.51982 -1.58409 19.8831 -4.18268 -1.16973 19.5084 -4.59007
-0.227948 16.9824 -3.92938 2.34307 16.1383 -3.29017 2.8311 15.4515 -2.71623 3.30133
15.9628 -2.76814 3.60141 16.6884 -3.21615 3.54841 17.4755 -3.8974 3.27727 16.2575
-3.1667 4.11104 16.288 -1.94956 3.16343 16.224 -0.730084 2.14305 15.9703 0.444893
1.1876 17.4315 1.52214 -0.138744 15.9376 2.48208 -0.915328 14.9917 3.18348 -1.50462
14.8834 3.54893 -1.82006 16.3828 2.69447 -1.35041 18.2616 1.63826 -0.746391 18.9585
1.01373 -0.462923 19.6625 0.410197 -0.188605 19.2847 -0.263714 -0.272457 17.8156 -0.892066
-0.807751 16.3455 -1.52154 -1.34376 11.3225 -4.94064 -2.97208 8.06507 -5.59543 -3.20946
7.40159 -1.9779 -1.28699 6.65569 -0.94283 -0.716363 4.50787 -0.744571 -0.487985 4.00397
-0.898016 -0.552533 3.52472 -1.0686 -0.625587 3.11626 -1.25289 -0.715762 2.96448 -1.20872
-0.740028 2.54381 -0.466891 -0.297471 2.75646 -0.448589 -0.577699 2.35848 -0.386037 -0.494214
1.96062 -0.323618 -0.410752 1.56295 -0.261394 -0.327321 0.172869 -0.0448126 -0.0356577 0.173931
-0.0214365 -0.0369443 0.163033 -0.00181991 -0.0354544 0.14213 0.0143524 -0.0316282 0.0728887 0.0102544
-0.0163505 0.0049671 -0.00128761 -0.00102456 0.00442574 -0.00102952 -0.000916935 0.00387682 -0.000768208 -0.000807793
0.00331851 -0.000502927 -0.000696766 0.00283424 -0.000305992 -0.000472642 0.00246994 -0.000233154 -0.00011588 0.00515909
5.34404e-05 6.99022e-05 0 0 0 22.1328 0.556774 1.16782 22.1466 0.555824
1.17175 22.1604 0.554875 1.17567 22.1742 0.553925 1.1796 22.188 0.552975 1.18353
22.2012 0.552219 1.18724 22.1338 0.525929 1.11545 22.0488 0.499037 1.03968 21.9561
0.472147 0.962231 22.1259 0.269799 0.956385 21.881 -0.113992 0.866384 21.2641 -0.345631
0.663963 20.7428 -0.509857 0.466439 20.3157 -0.560409 0.276528 19.8859 -0.61648 0.086633
19.454 -0.679355 -0.102632 19.4607 -0.677428 -0.100326 19.4679 -0.676413 -0.0976782 19.475
-0.675396 -0.0950301 19.4822 -0.674379 -0.0923821 19.4895 -0.673336 -0.0896704 19.9972 -0.572608
0.0934915 20.5093 -0.469762 0.277951 21.0253 -0.364927 0.463643 21.5998 -0.172092 0.663688
22.225 0.132291 0.887794 22.5967 0.364407 1.10264 22.6298 0.439797 1.06051 22.5947
0.438099 1.00137 22.5597 0.436424 0.942368 22.4838 0.43589 0.828592 22.3226 0.409674
0.751309 22.1647 0.383482 0.675403 22.0066 0.357269 0.599479 21.8483 0.331034 0.52354
21.5802 0.286613 0.395037 21.2339 0.229052 0.231475 20.8884 0.171688 0.0681952 20.5438
0.114533 -0.0947852 20.1933 0.0211624 -0.301795 19.8506 -0.100641 -0.539013 19.5995 -0.433714
-0.614555 19.2919 -0.798115 -0.660198 19.0936 -1.02761 -0.685844 18.8975 -1.254 -0.710018
18.7036 -1.47723 -0.732706 18.512 -1.69726 -0.753892 18.3362 -1.92 -0.799135 18.3158
-1.82292 -0.681847 18.2072 -1.83453 -0.592897 18.0992 -1.84486 -0.503136 18.0673 -1.7897
-0.371314 17.7631 -2.0505 -0.372433 18.3805 -1.59848 -0.086445 18.4316 -1.15366 0.101905
18.2301 -0.748294 0.397466 17.9848 -0.346645 0.695837 17.1159 0.163057 1.11471 17.8916
0.431073 0.494094 16.8434 0.145365 0.707183 15.7591 -0.144596 0.940566 14.6745 -0.44063
1.15502 11.295 -1.66293 1.91034 6.56617 -4.78526 1.99703 9.26114 -2.89666 2.48216
11.3695 -1.19654 2.84294 13.129 0.341372 3.1144 14.125 1.277 3.25243 14.1516
1.33355 3.28841 14.1779 1.38994 3.3245 14.204 1.44617 3.36069 14.2298 1.50224
3.39699 14.1613 1.45063 3.204 15.6547 3.06125 3.62752 16.8913 4.22526 3.83132
18.0228 5.32359 4.00458 18.9407 6.40767 4.20794 16.764 3.30665 3.03662 17.5003
4.54188 3.59061 17.2877 3.08373 2.69984 17.1322 1.99403 2.10254 17.091 1.12201
1.65201 16.9671 -0.260643 0.90489 15.886 -0.983217 0.634981 16.1314 -1.51291 0.559133
17.6061 -1.65059 0.801122 18.2627 -0.715963 1.19126 20.3036 -0.423161 1.44756 20.8218
-0.119944 1.58921 21.0544 -0.592291 1.44681 21.2952 -1.06794 1.31181 21.5439 -1.547
1.18393 21.9732 -2.33878 1.03059 21.6158 -2.47311 1.01273 20.9019 -1.97892 1.08326
20.4299 -1.53091 1.20661 19.9527 -1.05912 1.3324 19.7146 -0.816148 1.39429 19.3976
-0.577078 1.45878 19.0804 -0.336147 1.52151 18.7631 -0.0932912 1.58244 18.4456 0.151556
1.64152 18.0722 -0.232302 2.51506 16.4605 0.419965 4.21156 15.1987 1.21094 5.48248
13.7991 1.11261 6.96164 12.5291 0.423954 7.56535 11.7956 1.35709 4.09864 10.1055
1.19759 3.46856 9.92259 1.19233 3.3125 10.3768 1.25325 3.35588 10.8171 1.31417
3.3934 11.3361 1.3882 3.4323 11.8795 1.42604 3.53566 12.4124 1.46391 3.63403
12.7068 1.62785 3.4766 12.6931 1.82907 2.96442 11.4422 2.14726 1.01805 11.4614
5.50343 1.55416 13.0458 5.5317 1.09841 14.8235 4.19115 0.313174 16.4721 3.17461
-0.355445 18.2902 1.96609 -1.13223 18.2098 1.90688 -1.29449 17.2752 1.824 -1.19936
16.3395 1.74117 -1.10387 15.4027 1.65839 -1.00798 14.4159 1.57137 -0.90662 11.671
1.35779 -0.857108 8.95604 1.15071 -0.81478 6.2911 0.954388 -0.784299 4.00262 0.792366
-0.77486 0 0 0 21.8174 0.394216 0.0902882 21.8402 0.39259 0.0998168
21.863 0.390964 0.109341 21.8858 0.389338 0.118861 21.9086 0.387713 0.128377 21.9302
0.386295 0.137228 21.6813 0.355341 0.0271551 21.4365 0.324704 -0.0805645 21.2377 0.408875
-0.092228 21.0863 0.625629 0.00509086 20.9827 0.88594 0.0948293 20.847 0.649439 0.199081
20.7456 0.463478 0.319367 20.4636 0.348446 0.27262 20.0186 0.296159 0.0747029 19.6528
0.281872 -0.0821827 20.0762 0.322061 0.0682634 20.5914 0.409958 0.256377 20.8932 0.391432
0.355088 20.9892 0.269546 0.367432 21.215 0.213067 0.432421 21.0434 0.189265 0.308224
21.0411 0.19777 0.214729 21.0307 0.200789 0.149132 21.0073 0.195617 0.123317 21.1241
0.22888 0.0762253 20.5621 0.122936 -0.152205 20.0397 0.0363258 -0.399918 19.8433 -0.0043136
-0.567393 19.8635 -0.014423 -0.68154 19.982 0.00137556 -0.794239 19.7983 -0.144164 -0.715168
19.6113 -0.357114 -0.650018 19.336 -0.675443 -0.64725 18.9937 -1.07497 -0.690866 18.5842
-1.62987 -0.73744 18.1091 -2.10344 -0.719598 18.1351 -1.99561 -0.663448 18.1543 -1.89626
-0.608023 18.1672 -1.80467 -0.553266 18.1687 -1.7869 -0.541886 18.0968 -1.80145 -0.488957
18.0183 -1.80864 -0.421664 17.9403 -1.81519 -0.354263 17.8629 -1.8211 -0.286756 17.7204
-1.9228 -0.247151 17.6052 -1.67559 -0.0297954 17.2231 -1.53174 0.272414 17.0649 -1.13686
0.532086 16.9245 -0.703684 0.790487 15.7801 -0.502731 1.52337 12.1834 0.275858 3.94246
11.246 -0.059898 4.09965 11.0259 0.0347269 4.26254 11.1768 0.271511 4.35963 14.4617
-0.577386 2.15812 15.8856 0.587214 3.26795 16.2677 0.762212 2.9286 16.6095 0.91507
2.56734 16.8246 0.960484 2.06023 16.6973 0.778818 1.06453 16.9185 1.84197 1.56644
16.2663 1.50232 1.42821 15.6374 1.19049 1.3098 15.0304 0.904112 1.21018 14.8348
0.816248 1.18287 14.8032 0.795605 1.16733 14.7714 0.77532 1.15213 14.7394 0.755387
1.13727 14.7073 0.735798 1.12276 14.5525 0.785674 1.18792 14.4503 0.575589 1.02672
14.6325 0.297472 0.871384 14.7995 0.0332267 0.72318 14.9522 -0.218005 0.581674 16.2802
-2.37017 -0.640923 16.9589 -3.18159 -0.915495 18.1752 -2.9296 -0.316594 19.3285 -2.80528
0.13325 20.4382 -2.76674 0.484775 22.0561 -2.21507 1.72299 23.3919 -2.18662 2.06668
23.8427 -2.59157 2.11747 23.8364 -2.52985 2.26187 23.8434 -2.46278 2.41304 21.9808
-3.00571 1.58593 18.6037 -6.47931 -2.56542 18.6572 -6.28128 -1.66843 18.2218 -6.05353
-1.27725 17.6258 -5.83289 -1.05887 19.1944 -3.27967 1.7952 18.9725 -2.3677 1.4469
18.1537 -1.68683 1.11378 17.2085 -1.03854 0.776465 16.2101 -0.397062 0.428663 15.7191
-0.92377 -0.206824 16.4609 -1.38445 -0.843652 16.5734 -1.60728 -1.05964 16.2167 -1.59358
-1.27045 15.7956 -1.54484 -1.424 14.6435 -1.06983 -0.794862 15.6937 -1.6134 -1.13379
16.3048 -1.4454 -0.991302 16.9362 -1.28888 -0.852595 17.2587 -1.0534 -0.711093 17.2266
-0.460564 -0.531701 17.8361 -0.263678 -0.287914 17.2487 -0.0648948 -0.16588 14.8997 -0.0420744
-0.103955 12.561 -0.0192184 -0.041922 9.77198 -0.00395422 -0.00101122 9.66681 -0.00368221 -0.00111287
7.73826 -0.00289831 -0.000915021 5.80973 -0.00211441 -0.000717178 3.88122 -0.00133052 -0.00051934 0
0 0 20.164 0.407348 -1.29439 20.165 0.409723 -1.29543 20.166 0.412096
-1.29647 20.167 0.414469 -1.29752 20.168 0.41684 -1.29856 20.169 0.421165 -1.29959
19.9885 0.798511 -1.16543 19.8709 1.1576 -1.07416 19.8293 1.48377 -1.03446 19.8114
1.84206 -1.01 19.3956 1.76428 -0.740753 18.8849 2.07389 -0.507566 18.6798 2.05686
-0.350482 18.472 2.04139 -0.193083 18.3031 2.01794 -0.040343 19.2296 0.986614 -0.169989
19.5849 0.379631 -0.0542479 19.8314 0.226615 0.035544 19.942 0.108888 0.0516958 20.0544
-0.00830185 0.069691 20.3926 -0.0397762 0.33529 20.0746 -0.0176319 0.0701038 20.0863 -0.00696526
-0.0185774 20.0962 0.00381279 -0.108635 20.1099 0.0161464 -0.192768 20.3587 0.0320541 -0.234962
20.5272 0.282419 -1.05834 20.4571 0.283876 -1.26618 20.483 0.2767 -1.3934 20.5085
0.269354 -1.52045 20.1443 0.0284969 -1.14092 20.5115 -0.0993435 -2.00209 20.2686 -0.319966
-1.85025 20.029 -0.540308 -1.70328 19.7929 -0.760343 -1.56112 19.2725 -0.979127 -0.784831
19.2105 -0.978018 -0.554011 18.9891 -1.05593 -0.437284 18.7729 -1.12577 -0.319209 18.5619
-1.18751 -0.199753 18.1811 -1.59266 -0.183746 18.2029 -1.13019 0.0373173 17.6705 -1.04171
0.378173 17.1168 -0.967821 0.724872 16.573 -0.887742 1.07068 16.106 -0.930209 1.274
16.3175 -0.830419 1.24575 16.2113 -0.71606 1.34381 16.1166 -0.599473 1.43726 16.0334
-0.480565 1.52614 15.8835 -0.370188 1.61368 16.1397 -0.265323 1.4843 16.3411 -0.18017
1.33209 16.5388 -0.0945574 1.18157 16.733 -0.00850707 1.03267 17.2537 -0.188047 0.290777
16.8837 -0.198679 0.407287 16.5508 -0.174961 0.545623 16.2649 -0.155099 0.649845 16.0751
-0.139149 0.685331 15.8172 -0.119303 0.73269 15.6677 -0.114484 0.755892 15.5181 -0.110043
0.779026 15.3686 -0.105989 0.802084 15.2192 -0.102336 0.825058 15.0345 -0.0792605 0.870728
15.3731 -0.705699 0.512496 15.6717 -1.26706 0.193724 15.8985 -1.7618 -0.0907003 15.9518
-1.81023 -0.236276 16.4318 -2.36861 -0.57987 16.8261 -4.18754 -1.4815 17.5532 -5.17294
-1.57789 18.0005 -6.05232 -1.80834 18.9383 -6.25742 -1.14474 22.915 -3.17098 4.41006
25.3228 -2.66154 5.2109 26.2625 -2.90797 5.49104 26.6384 -3.06057 5.47946 26.8056
-3.25855 5.3966 24.6246 -3.94228 4.49958 21.9432 -6.70245 1.13242 22.5744 -5.44222
1.57077 22.9759 -4.37444 1.73988 23.1862 -3.46462 1.68584 23.1378 -3.27419 1.78772
23.0693 -3.28151 1.82755 23.0014 -3.28892 1.86765 22.9339 -3.29644 1.90804 22.867
-3.30405 1.9487 22.601 -3.13184 1.65752 21.9244 -2.45408 1.10263 21.2489 -2.01583
0.57384 20.3569 -1.47171 0.163803 19.4592 -0.957768 -0.249503 18.5867 -1.17883 -0.61704
17.968 -1.58981 -0.703876 17.6415 -1.87677 -0.797251 17.4403 -2.11439 -0.894013 17.4846
-2.22983 -0.972335 17.888 -2.16931 -1.02582 17.8678 -2.30791 -0.898941 17.9773 -2.26948
-0.77278 18.2244 -2.04179 -0.6495 18.6417 -1.50993 -0.61612 19.1773 -0.767937 -0.644791
19.5376 -0.47656 -0.314654 19.79 -0.251119 -0.107165 19.9171 -0.0921566 -0.039384 19.9818
-0.00861648 -0.00202613 19.9806 -0.0081718 -0.00221298 19.9822 -0.00872697 -0.00166365 19.9888 -0.00615829
0.0043658 20.0026 0.00040108 0.0191233 19.0898 0.00916847 0.0380518 15.5011 0.0161701 0.0485284
19.6648 0.0795754 0.21354 16.7244 0.0737904 0.197408 12.6784 0.0620669 0.165442 8.65303
0.0539703 0.142768 0 0 0 19.4986 0.407895 -1.18129 19.4949 0.409443
-1.17768 19.4912 0.41099 -1.17407 19.4875 0.412536 -1.17045 19.4837 0.414081 -1.16684
19.4805 0.417737 -1.16372 19.2333 0.755111 -1.02189 18.9721 1.09119 -0.874179 18.6958
1.42466 -0.720246 18.404 1.75529 -0.559923 18.3758 2.11746 -0.577424 17.9632 2.37581
-0.392107 17.8424 2.31232 -0.204555 17.8505 2.17404 -0.0745325 17.9235 1.99575 0.0268331
18.7983 1.35214 -0.226201 19.2217 0.870226 0.0311712 19.842 0.642791 0.325805 20.4595
0.402838 0.618266 21.0558 0.124067 0.909929 21.7108 0.0558191 1.09805 23.1485 -0.428717
3.62546 23.5206 -0.483948 4.09328 23.9244 -0.54856 4.62938 23.8988 -0.38634 4.51751
21.5809 0.930775 0.921524 21.0541 0.284687 0.632586 20.7087 0.285798 0.225121 20.3737
0.304836 -0.188528 19.9956 0.0717249 -0.40469 19.8729 -0.528219 -0.343817 20.0157 0.221712
-0.720761 19.9796 0.224692 -0.725672 19.9695 0.20334 -0.672079 19.931 0.190515 -0.59192
19.6344 0.254552 -0.268341 19.9317 0.051291 -0.296447 19.9416 0.0131839 -0.222826 19.9104
-0.00149219 -0.133981 19.8358 -0.0498142 -0.0955931 19.1649 -0.110692 -0.0806353 19.7931 -0.114227
-0.325514 19.8941 -0.225789 -0.385073 19.8909 -0.318547 -0.419113 19.8975 -0.422167 -0.437602
20.0119 -0.638939 -0.28826 20.1383 -0.127418 -0.459257 20.1595 -0.0990879 -0.400522 20.1781
-0.0842889 -0.335502 20.2059 -0.0506798 -0.254397 20.6103 -0.281477 -0.0137355 19.9109 -0.199823
-0.0192361 19.8391 -0.519152 -0.202445 19.7626 -0.849475 -0.390474 19.688 -1.18931 -0.580122
19.1045 -2.03559 -0.730335 16.9708 -2.65814 -1.09373 16.7478 -2.47776 -0.728901 16.5034
-2.30411 -0.365874 16.2387 -2.13697 -0.0045022 16.6216 -1.70663 0.380574 16.3941 -1.41821
0.988595 16.504 -1.32343 0.878949 16.6218 -1.26749 0.754055 16.7676 -1.30157 0.580379
17.0816 -1.38068 0.199464 17.2509 -1.36751 0.0779826 17.4178 -1.3575 -0.0445191 17.5824
-1.35053 -0.168048 17.7448 -1.34648 -0.29261 17.5613 -1.58995 -0.320266 18.7261 -1.6888
-0.509342 19.9221 -1.87668 -0.612047 21.1135 -2.06617 -0.716449 22.3008 -2.25713 -0.822396
23.4916 -3.27336 -0.212284 25.6466 -4.86336 -3.80428 26.6071 -4.25833 -1.73477 26.7174
-3.89414 -0.90256 25.7031 -3.49346 -1.39075 23.4021 -1.43626 -0.0850461 22.4053 -1.04852
0.430368 21.503 -0.72235 0.305142 20.6022 -0.395834 0.166438 19.9633 -0.175581 0.163498
19.9686 -0.0206278 0.0183298 19.9678 -0.0195403 0.00762177 19.76 0.05853 -0.140321 19.6971
-0.333358 -0.200213 19.4646 -0.444449 -0.606898 18.8776 -0.882298 -1.25888 18.0025 -3.39647
-0.782346 18.0867 -3.70273 -0.624421 18.1875 -3.7323 -0.538375 18.3571 -3.58482 -0.368755
19.578 -1.35531 -0.158679 19.7594 -0.834836 -0.106431 19.9154 -0.3391 -0.0540259 19.9598
-0.0705732 -0.0196037 19.8305 0.0485637 -0.117205 19.6471 0.118173 -0.256038 19.8415 0.0439851
-0.107997 18.3495 -0.00386886 -0.0110652 15.4242 -0.00721138 -0.0789684 14.2181 -0.0585315 -0.26655
10.369 -0.204381 -0.458375 12.654 -0.157052 -1.3396 12.8499 -0.154 -1.75675 11.5751
-0.165056 -1.84867 5.00923 -0.0714296 -0.800029 0 0 0 19.5763 0.0806869
-0.030776 19.5728 0.0823159 -0.026968 19.5693 0.083944 -0.0231581 19.5659 0.0855713 -0.0193464
19.5624 0.0871977 -0.0155329 19.5587 0.0890988 -0.0121169 19.4125 0.279921 -0.0518486 19.268
0.507016 -0.0869471 19.1334 0.748617 -0.129026 18.9991 0.995446 -0.171879 18.7699 1.15449
-0.154871 18.9361 1.06644 -0.273722 19.0971 1.01495 -0.407543 19.2557 0.9671 -0.542661
19.3681 0.935378 -0.640654 19.6396 0.821136 -0.819863 20.0626 0.848764 -0.678936 20.5296
1.00831 -0.494021 21.0007 1.1714 -0.313261 21.4756 1.33777 -0.136463 22.0087 1.51692
0.0295018 22.2161 1.6876 0.784025 22.0088 2.07987 0.843279 21.7964 2.47455 0.88796
21.5802 2.87016 0.920291 21.1855 2.55658 0.984379 21.1772 2.54203 0.985623 21.1697
2.52796 0.989009 21.1622 2.5139 0.992398 21.1547 2.49984 0.995791 21.1474 2.48622
0.999086 20.7946 1.83454 1.11015 20.3446 1.31283 1.08941 19.8668 0.839701 1.03197
19.3876 0.384854 0.973769 18.8625 -0.096526 1.11112 18.405 -0.815061 1.71029 18.1608
-1.06572 1.90114 17.9007 -1.33076 2.1164 17.5241 -1.35662 2.32873 17.3563 1.07663
0.933641 16.3797 4.69494 0.959504 16.2625 4.75924 0.839994 16.218 4.80872 0.691309
16.1874 4.81511 0.540708 17.8044 -0.0699487 0.200777 19.7541 -5.80525 0.232937 20.1407
-6.1839 0.179933 20.514 -6.50105 0.125354 21.0998 -6.89756 0.123737 20.617 -1.62484
0.0595422 20.4874 0.686872 -0.0374079 20.5948 1.04705 0.117135 20.6725 1.29988 0.309866
20.8078 1.45575 0.511263 21.7268 -0.00362484 0.844573 23.5773 -0.263031 0.0650202 23.7947
-0.558725 -0.168981 23.7514 -0.862503 -0.317562 23.3753 -1.17137 -0.398144 21.3659 -1.45605
-0.0462522 20.389 -1.09354 -0.0340719 19.9979 -0.896719 0.0785759 19.6815 -0.711766 0.191948
19.342 -0.542725 0.307135 18.4483 -0.860478 0.481783 19.3093 -0.553172 0.316608 19.3696
-0.187869 0.366889 19.4325 0.174285 0.413881 19.4731 0.40089 0.430753 19.4839 0.611677
0.623477 20.1906 0.296443 0.0303188 20.9451 -0.0907348 -0.639659 21.8887 -0.491379 -1.44827
22.8406 -0.884067 -2.2617 23.1458 -1.531 -2.82536 23.3832 -0.013682 -3.39222 23.2723
0.128382 -3.01412 23.1497 0.204317 -2.54277 23.0209 0.301318 -2.08567 22.5032 0.272483
-0.978403 22.5467 1.47953 -0.142154 22.0869 1.43806 0.0646035 21.5199 1.5727 0.604729
20.9592 1.74527 1.16346 20.273 0.429419 1.03265 19.982 0.279327 0.800448 19.6724
-0.244965 0.671958 19.3514 -0.781176 0.553973 18.9646 -1.28641 0.47043 18.8444 -1.71601
0.476749 19.2315 -1.23902 0.28415 19.31 -1.5793 0.509602 19.8274 -2.09256 0.918304
20.0177 -2.60529 1.21621 19.5918 -3.84911 1.73812 20.0115 -1.91713 0.89212 20.2815
-0.846841 0.727258 20.1199 -0.292106 0.382434 19.6731 0.450768 -0.398396 19.4218 0.464255
-0.501969 20.1505 1.14204 -0.55876 20.6354 1.58247 -0.578676 20.5723 1.44238 -0.530703
19.3425 0.778512 -0.432074 17.5699 -0.120271 -0.297023 18.6984 -0.872558 -0.100143 19.6621
-1.45367 0.0236549 20.1939 -1.76733 0.136326 20.3662 -1.82118 0.24778 20.443 -1.60863
0.190354 23.7074 -1.54431 -0.331411 24.3192 -2.0056 -0.438509 24.3695 -2.54812 -0.439433
24.579 -2.95116 -0.412771 22.4603 -3.7235 0.219201 21.2041 -4.44496 -0.671865 17.2084
-3.73326 -0.338582 13.3985 -2.95824 -0.157349 9.72974 -2.13693 -0.0914006 1.84649 -0.368324
0.0580201 1.55751 -0.299747 0.0413684 1.26631 -0.231008 0.0248417 0.971962 -0.162046 0.0084963
0.672742 -0.0927516 -0.00755932 0.225732 -0.050037 -0.00519601 0.28835 -0.02726 -0.00293176 0.353034
-0.00444736 -0.000665175 0.263687 -0.000153308 -0.000176532 0.139117 -8.08826e-05 -9.3135e-05 0 0
0 
