# vtk DataFile Version 2.0
track0
ASCII
DATASET POLYDATA
POINTS 18963 float
-1.001 -0.05 0.316889
-1.00079 -0.0500005 0.316891
-1.00059 -0.050001 0.316892
-1.00038 -0.0500015 0.316893
-1.00017 -0.050002 0.316894
-0.999963 -0.0500024 0.316895
-0.987461 -0.0500319 0.316959
-0.974959 -0.050063 0.317024
-0.962457 -0.0500947 0.31709
-0.949955 -0.0501271 0.317156
-0.937453 -0.0501603 0.317223
-0.924949 -0.0501926 0.317289
-0.912445 -0.0502268 0.317356
-0.899941 -0.0502624 0.317424
-0.887437 -0.0502994 0.317492
-0.874933 -0.0503379 0.317561
-0.862427 -0.050376 0.31763
-0.849921 -0.0504151 0.3177
-0.837414 -0.0504563 0.317769
-0.824908 -0.0504997 0.31784
-0.812402 -0.0505453 0.31791
-0.799901 -0.0505923 0.317981
-0.7874 -0.0506423 0.318052
-0.774899 -0.0506954 0.318124
-0.762398 -0.0507517 0.318195
-0.749897 -0.0508111 0.318267
-0.73748 -0.0508705 0.318338
-0.725063 -0.0509309 0.318409
-0.712645 -0.0509958 0.318479
-0.700228 -0.0510652 0.31855
-0.687811 -0.0511391 0.31862
-0.681926 -0.0511762 0.318653
-0.67604 -0.0512148 0.318686
-0.670155 -0.051255 0.318719
-0.664269 -0.0512969 0.318751
-0.658332 -0.0513408 0.318784
-0.65205 -0.0513889 0.318818
-0.645769 -0.051439 0.318852
-0.639488 -0.0514908 0.318886
-0.633206 -0.0515445 0.31892
-0.626925 -0.0515988 0.318953
-0.614159 -0.0517095 0.319021
-0.601394 -0.0518233 0.319088
-0.588629 -0.0519503 0.319154
-0.575864 -0.0520905 0.31922
-0.563098 -0.0522441 0.319284
-0.55057 -0.0524041 0.319346
-0.538043 -0.0525824 0.319408
-0.525516 -0.0527835 0.319468
-0.512989 -0.0530078 0.319526
-0.50046 -0.0532554 0.319582
-0.488031 -0.0535141 0.319637
-0.475603 -0.0538102 0.319694
-0.463176 -0.0541576 0.319749
-0.45075 -0.0545572 0.319801
-0.438313 -0.0550106 0.319851
-0.432124 -0.0552636 0.319878
-0.425935 -0.0555271 0.319909
-0.419748 -0.0558149 0.319941
-0.413562 -0.0561306 0.319972
-0.407367 -0.0564752 0.320002
-0.401153 -0.0568534 0.320028
-0.394942 -0.0572715 0.320062
-0.388735 -0.0577404 0.320095
-0.382531 -0.058261 0.320127
-0.376294 -0.0588371 0.32016
-0.370053 -0.0594656 0.320195
-0.363821 -0.060182 0.320236
-0.357602 -0.0610052 0.320282
-0.351397 -0.0619269 0.320327
-0.345081 -0.062969 0.320373
-0.344719 -0.0630352 0.320375
-0.344357 -0.0631017 0.320378
-0.343994 -0.0631688 0.320381
-0.343632 -0.0632363 0.320383
-0.343295 -0.0632998 0.320386
-0.337346 -0.0644249 0.32043
-0.331421 -0.0656663 0.320475
-0.325524 -0.0670344 0.320518
-0.319657 -0.0685261 0.320554
-0.313546 -0.0702111 0.320582
-0.310355 -0.0711438 0.32059
-0.307164 -0.0720775 0.320596
-0.303974 -0.0730121 0.320601
-0.300789 -0.0739642 0.320604
-0.297588 -0.0749741 0.320604
-0.295227 -0.0757606 0.320604
-0.292869 -0.0765555 0.320599
-0.29051 -0.0773466 0.32059
-0.288148 -0.0781306 0.320577
-0.285787 -0.0789067 0.32056
-0.285033 -0.0791524 0.320554
-0.284278 -0.0793979 0.320548
-0.283524 -0.0796433 0.320541
-0.282769 -0.0798886 0.320535
-0.282015 -0.0801336 0.320528
-0.278837 -0.0811634 0.320498
-0.275647 -0.0821537 0.320461
-0.272446 -0.0831065 0.320419
-0.269235 -0.0840261 0.32037
-0.266133 -0.0848844 0.320317
-0.263035 -0.0857145 0.320261
-0.259926 -0.0865043 0.320197
-0.256808 -0.0872556 0.320126
-0.253677 -0.087954 0.320052
-0.250663 -0.0885265 0.319978
-0.247607 -0.0890062 0.319901
-0.244544 -0.0894446 0.319822
-0.241474 -0.0898308 0.319741
-0.238398 -0.0901628 0.319657
-0.235418 -0.0904319 0.319576
-0.23215 -0.0906212 0.319486
-0.228882 -0.0907918 0.319398
-0.225611 -0.0909209 0.319309
-0.222339 -0.0910075 0.319219
-0.219072 -0.0910498 0.319128
-0.215875 -0.0910329 0.319038
-0.212678 -0.0910002 0.31895
-0.209481 -0.0909425 0.318862
-0.206284 -0.0908622 0.318773
-0.203078 -0.0907597 0.318684
-0.200035 -0.0906464 0.318597
-0.196992 -0.0905306 0.318511
-0.19395 -0.0904103 0.318425
-0.190908 -0.0902844 0.318338
-0.187864 -0.0901505 0.318251
-0.18487 -0.0900099 0.318163
-0.181876 -0.0898551 0.318076
-0.178883 -0.0896879 0.317989
-0.175891 -0.0895092 0.317902
-0.172894 -0.0893235 0.317814
-0.169849 -0.0891344 0.317724
-0.166805 -0.088933 0.317634
-0.163761 -0.0887277 0.317542
-0.160717 -0.0885243 0.317449
-0.157672 -0.0883239 0.317353
-0.154555 -0.0881239 0.317251
-0.151439 -0.0879085 0.317149
-0.148323 -0.0876929 0.317046
-0.145207 -0.087484 0.316941
-0.142091 -0.0872842 0.316834
-0.13859 -0.0870832 0.316717
-0.135087 -0.0869063 0.3166
-0.131583 -0.0867465 0.316479
-0.128079 -0.0866034 0.316353
-0.124594 -0.0864823 0.316226
-0.121392 -0.0863714 0.316111
-0.118189 -0.0863113 0.315989
-0.114986 -0.0862683 0.315858
-0.111783 -0.086241 0.315717
-0.108594 -0.08623 0.315567
-0.105335 -0.0862292 0.315398
-0.102078 -0.0862603 0.315216
-0.0988214 -0.0863029 0.31502
-0.095566 -0.086357 0.314808
-0.0922998 -0.0864233 0.314577
-0.089125 -0.0864861 0.314328
-0.0859517 -0.0865668 0.314064
-0.08278 -0.0866536 0.313784
-0.07961 -0.0867479 0.313487
-0.0764311 -0.08685 0.313174
-0.0747672 -0.0869047 0.313
-0.073104 -0.0869638 0.312823
-0.0714413 -0.0870272 0.312641
-0.0697794 -0.0870951 0.312455
-0.0685574 -0.0871483 0.312315
-0.0672975 -0.0872058 0.312168
-0.066038 -0.0872656 0.312019
-0.064779 -0.0873278 0.311866
-0.0635204 -0.0873919 0.311711
-0.0622589 -0.0874579 0.311551
-0.0592964 -0.0876211 0.311166
-0.0563365 -0.0878093 0.310772
-0.0533801 -0.0880286 0.310369
-0.0504279 -0.0882801 0.309953
-0.0474204 -0.0885711 0.309517
-0.0441625 -0.0889433 0.309023
-0.0409144 -0.0893711 0.30851
-0.0376841 -0.0898955 0.307975
-0.034478 -0.0905317 0.307416
-0.0310643 -0.0913468 0.306757
-0.0306742 -0.0914599 0.306663
-0.0302851 -0.0915752 0.306567
-0.029896 -0.0916909 0.306472
-0.0295065 -0.0918064 0.306379
-0.0291594 -0.091909 0.306297
-0.0255402 -0.092975 0.305465
-0.0219492 -0.0941965 0.30473
-0.0184152 -0.0956224 0.304094
-0.014968 -0.097237 0.303434
-0.0106943 -0.0998661 0.3025
-1.001 -0.05 0.369521
-1.00079 -0.0500005 0.369522
-1.00059 -0.050001 0.369524
-1.00038 -0.0500014 0.369525
-1.00017 -0.0500019 0.369526
-0.999964 -0.0500024 0.369527
-0.987462 -0.0500313 0.369603
-0.97496 -0.050063 0.36968
-0.962458 -0.0500954 0.369757
-0.949956 -0.0501287 0.369835
-0.937454 -0.0501626 0.369913
-0.92495 -0.0501944 0.369993
-0.912446 -0.0502284 0.370073
-0.899942 -0.0502638 0.370155
-0.887438 -0.0503006 0.370237
-0.874934 -0.0503389 0.37032
-0.862434 -0.0503766 0.370404
-0.849934 -0.0504163 0.370489
-0.837434 -0.0504581 0.370574
-0.824934 -0.0505021 0.37066
-0.812434 -0.0505483 0.370748
-0.80001 -0.0505942 0.370835
-0.787586 -0.0506426 0.370923
-0.775162 -0.0506941 0.371012
-0.762738 -0.0507487 0.371102
-0.750314 -0.0508062 0.371192
-0.738165 -0.0508634 0.371281
-0.726017 -0.0509236 0.371371
-0.713868 -0.050988 0.371461
-0.70172 -0.0510569 0.371551
-0.689571 -0.0511301 0.371643
-0.67688 -0.051208 0.371739
-0.66419 -0.0512901 0.371835
-0.651499 -0.0513788 0.371933
-0.638809 -0.0514741 0.372032
-0.626118 -0.0515762 0.372133
-0.613601 -0.0516822 0.372233
-0.601084 -0.0517984 0.372334
-0.588567 -0.0519262 0.372437
-0.57605 -0.0520656 0.372542
-0.563533 -0.0522169 0.372648
-0.551022 -0.0523717 0.372756
-0.538511 -0.0525336 0.372868
-0.526001 -0.0527168 0.372984
-0.513491 -0.0529215 0.373104
-0.500979 -0.0531481 0.373228
-0.488517 -0.0533942 0.373355
-0.476056 -0.0536831 0.37349
-0.463597 -0.0540183 0.373635
-0.451139 -0.0544006 0.373789
-0.43867 -0.0548314 0.373953
-0.432456 -0.0550653 0.374043
-0.426243 -0.0553127 0.374139
-0.42003 -0.0555817 0.37424
-0.413819 -0.0558745 0.374345
-0.4076 -0.0561922 0.374455
-0.401359 -0.0565362 0.374571
-0.395122 -0.0569215 0.374693
-0.388887 -0.0573492 0.374824
-0.382655 -0.0578199 0.374962
-0.376394 -0.0583369 0.375109
-0.375607 -0.0584066 0.375129
-0.37482 -0.0584774 0.375149
-0.374033 -0.0585493 0.37517
-0.373247 -0.0586223 0.375191
-0.372603 -0.0586828 0.375209
-0.367101 -0.059207 0.375363
-0.361607 -0.0598135 0.375528
-0.35612 -0.0604768 0.375699
-0.35064 -0.061197 0.375876
-0.345086 -0.0619858 0.376062
-0.343395 -0.0622457 0.376121
-0.341705 -0.062513 0.376182
-0.340016 -0.0627889 0.376243
-0.338329 -0.0630737 0.376306
-0.337106 -0.0632866 0.376352
-0.332369 -0.0641303 0.376533
-0.327644 -0.0650392 0.37672
-0.322938 -0.0660439 0.376894
-0.318248 -0.0671217 0.377069
-0.313381 -0.0683193 0.377254
-0.310176 -0.0691476 0.37737
-0.306975 -0.0699891 0.377477
-0.303778 -0.0708473 0.377578
-0.300589 -0.0717344 0.377673
-0.297358 -0.0726656 0.377763
-0.294197 -0.0736053 0.37785
-0.29104 -0.0745629 0.377923
-0.287892 -0.0755457 0.377985
-0.284742 -0.0765263 0.378035
-0.281551 -0.0775231 0.378073
-0.280705 -0.0777961 0.378081
-0.279859 -0.0780682 0.378086
-0.279012 -0.0783391 0.378091
-0.278165 -0.0786082 0.378094
-0.277285 -0.0788854 0.378096
-0.274791 -0.0796663 0.378097
-0.272294 -0.0804407 0.37809
-0.269796 -0.081209 0.378073
-0.267296 -0.0819713 0.378048
-0.26481 -0.0827244 0.378014
-0.261625 -0.0836856 0.377959
-0.258422 -0.084581 0.377886
-0.255207 -0.0854294 0.377795
-0.251976 -0.0862163 0.377682
-0.248853 -0.0869154 0.377551
-0.245751 -0.0875946 0.377406
-0.24264 -0.0882284 0.377243
-0.239514 -0.0887785 0.37706
-0.236382 -0.0892847 0.376864
-0.233301 -0.0897383 0.376659
-0.230501 -0.0900743 0.376457
-0.227699 -0.0903967 0.376248
-0.224893 -0.0906762 0.376035
-0.222084 -0.0909125 0.375817
-0.219339 -0.0911001 0.375599
-0.218513 -0.0911386 0.375533
-0.217686 -0.0911755 0.375466
-0.216859 -0.0912102 0.3754
-0.216032 -0.0912427 0.375335
-0.215163 -0.0912743 0.375266
-0.212849 -0.0913517 0.375084
-0.210535 -0.0914089 0.374902
-0.20822 -0.0914455 0.37472
-0.205905 -0.0914613 0.374539
-0.203601 -0.0914561 0.374358
-0.200469 -0.0914352 0.37412
-0.197338 -0.0913844 0.37388
-0.194208 -0.0913128 0.373642
-0.191077 -0.0912201 0.373407
-0.187943 -0.0911055 0.373173
-0.184865 -0.0909914 0.372951
-0.181787 -0.0908524 0.372725
-0.178711 -0.0906971 0.372499
-0.175636 -0.090524 0.372273
-0.172552 -0.0903356 0.372048
-0.169477 -0.0901568 0.371838
-0.166404 -0.0899602 0.371615
-0.163333 -0.0897562 0.371388
-0.160261 -0.0895504 0.371161
-0.157179 -0.0893477 0.370938
-0.154096 -0.0891566 0.370722
-0.151015 -0.0889449 0.370499
-0.147935 -0.088725 0.370274
-0.144855 -0.0884985 0.37005
-0.141766 -0.0882707 0.36983
-0.138638 -0.0880556 0.369626
-0.135513 -0.0878199 0.369402
-0.132388 -0.0875832 0.369174
-0.129263 -0.0873519 0.368947
-0.126118 -0.0871245 0.368722
-0.123218 -0.0869218 0.368523
-0.120317 -0.0867431 0.368313
-0.117416 -0.0865829 0.3681
-0.114513 -0.0864373 0.367888
-0.11159 -0.0863058 0.367681
-0.108329 -0.0861798 0.367479
-0.105068 -0.0861121 0.367257
-0.101807 -0.0860758 0.367034
-0.0985448 -0.086065 0.366812
-0.0952741 -0.0860798 0.366589
-0.0920337 -0.086107 0.366381
-0.0887948 -0.0861636 0.366156
-0.0855565 -0.0862362 0.365928
-0.0823188 -0.0863256 0.365695
-0.0790686 -0.086435 0.365461
-0.0758487 -0.0865532 0.36524
-0.0726309 -0.0866859 0.364999
-0.0694141 -0.0868344 0.364754
-0.0661985 -0.0869995 0.364502
-0.062973 -0.0871823 0.364244
-0.05983 -0.0873752 0.363996
-0.0566893 -0.0875723 0.363724
-0.0535516 -0.087779 0.363424
-0.0504175 -0.0879958 0.363097
-0.047267 -0.0882271 0.362742
-0.0460603 -0.0883216 0.362596
-0.044855 -0.0884225 0.362442
-0.0436514 -0.0885303 0.362281
-0.0424494 -0.0886452 0.362112
-0.041486 -0.0887435 0.361976
-0.0386415 -0.0890493 0.361591
-0.0357961 -0.0893533 0.361211
-0.0329525 -0.0896753 0.360833
-0.0301206 -0.0900793 0.360445
-0.0270062 -0.0906674 0.359998
-0.0268918 -0.0906993 0.359981
-0.0267775 -0.0907316 0.359963
-0.0266633 -0.0907643 0.359945
-0.0265492 -0.0907973 0.359927
-0.0264348 -0.0908309 0.359909
-0.0251415 -0.0912177 0.359705
-0.023849 -0.0916031 0.359494
-0.0225559 -0.0919848 0.359279
-0.0212621 -0.0923598 0.359057
-0.0200576 -0.0926935 0.358837
-0.0198017 -0.0927282 0.358812
-0.0195451 -0.0927405 0.358775
-0.0192886 -0.0927528 0.358738
-0.0190319 -0.092765 0.358702
-0.0187911 -0.0927764 0.358691
-0.0182023 -0.0928033 0.358759
-0.0176206 -0.0928737 0.358853
-0.0170454 -0.0929306 0.358987
-0.0165089 -0.0929306 0.359183
-0.0136054 -0.0925941 0.360689
-0.0107278 -0.0928348 0.362261
-0.00791476 -0.0933873 0.363872
-0.0051637 -0.0941318 0.365511
-0.0022327 -0.0949559 0.367268
-0.00135576 -0.0951705 0.367799
-0.00051228 -0.0953882 0.36838
0.000297078 -0.0956071 0.369007
0.00108566 -0.0958336 0.369657
0.00198949 -0.0961294 0.370368
0.00351 -0.0968299 0.371366
0.00382123 -0.0980955 0.372815
0.00366934 -0.0994075 0.374249
0.00351744 -0.100719 0.375682
0.00333865 -0.102264 0.377369
-1.001 -0.05 0.685311
-1.00082 -0.0500003 0.685313
-1.00065 -0.0500007 0.685315
-1.00047 -0.050001 0.685317
-1.0003 -0.0500014 0.685319
-1.00012 -0.0500017 0.685321
-0.987838 -0.0500262 0.685475
-0.975553 -0.0500526 0.685631
-0.963267 -0.0500794 0.685789
-0.950982 -0.0501069 0.685949
-0.938696 -0.0501348 0.686111
-0.926216 -0.0501621 0.686278
-0.913737 -0.0501908 0.686449
-0.901258 -0.0502205 0.686622
-0.888778 -0.0502514 0.6868
-0.876298 -0.0502833 0.68698
-0.863868 -0.0503148 0.687164
-0.851437 -0.0503465 0.68735
-0.839007 -0.0503799 0.687541
-0.826577 -0.0504148 0.687735
-0.814147 -0.0504514 0.687933
-0.806707 -0.0504742 0.688053
-0.799268 -0.0504979 0.688175
-0.791829 -0.0505223 0.688298
-0.78439 -0.0505475 0.688423
-0.77782 -0.0505704 0.688535
-0.772604 -0.0505892 0.688624
-0.767388 -0.0506083 0.688715
-0.762172 -0.0506278 0.688806
-0.756956 -0.0506476 0.688897
-0.751739 -0.0506673 0.68899
-0.739252 -0.0507147 0.689213
-0.726764 -0.0507621 0.689441
-0.714276 -0.0508126 0.689674
-0.701789 -0.0508662 0.689912
-0.6893 -0.0509228 0.690155
-0.676797 -0.0509823 0.690402
-0.664293 -0.0510456 0.690656
-0.65179 -0.0511131 0.690914
-0.639287 -0.0511846 0.691179
-0.626782 -0.0512603 0.691449
-0.614256 -0.0513369 0.691725
-0.60173 -0.0514147 0.692008
-0.589204 -0.0514984 0.692297
-0.576678 -0.051588 0.692592
-0.564151 -0.0516836 0.692894
-0.551615 -0.0517838 0.693203
-0.53908 -0.051891 0.693518
-0.526545 -0.0520064 0.693841
-0.51401 -0.05213 0.694171
-0.501473 -0.0522619 0.694507
-0.488834 -0.0523986 0.694855
-0.476195 -0.0525402 0.695211
-0.463556 -0.0526947 0.695575
-0.450918 -0.0528621 0.695946
-0.438275 -0.0530427 0.696325
-0.425725 -0.0532294 0.696711
-0.413176 -0.0534297 0.697103
-0.400627 -0.0536481 0.697502
-0.388079 -0.0538851 0.697908
-0.375525 -0.0541411 0.69832
-0.362817 -0.0544142 0.698743
-0.35011 -0.0547052 0.699169
-0.337403 -0.0550257 0.699595
-0.324698 -0.0553763 0.700022
-0.311986 -0.0557578 0.700448
-0.299476 -0.0561532 0.70087
-0.286966 -0.0565854 0.70127
-0.274457 -0.0570634 0.701645
-0.261949 -0.0575882 0.701993
-0.249437 -0.0581609 0.702315
-0.236912 -0.0587765 0.702611
-0.224389 -0.0594464 0.702857
-0.211869 -0.060182 0.703061
-0.199352 -0.0609805 0.703156
-0.18682 -0.0618482 0.703113
-0.185431 -0.061953 0.703087
-0.184042 -0.0620584 0.703059
-0.182653 -0.0621649 0.703027
-0.181264 -0.0622724 0.702993
-0.179991 -0.062372 0.70296
-0.175059 -0.062761 0.702821
-0.17013 -0.0631628 0.702648
-0.165203 -0.0635772 0.702441
-0.160278 -0.064003 0.702206
-0.155334 -0.0644422 0.701939
-0.148952 -0.065022 0.701556
-0.142578 -0.0656184 0.701092
-0.136211 -0.0662257 0.700553
-0.129852 -0.0668461 0.699927
-0.123452 -0.0674913 0.699175
-0.117219 -0.0680875 0.69829
-0.111 -0.0686894 0.697312
-0.104791 -0.069283 0.696267
-0.0985904 -0.0698712 0.695172
-0.0923003 -0.0704622 0.694015
-0.0892192 -0.0707398 0.693419
-0.0861431 -0.071024 0.692801
-0.0830712 -0.0713113 0.692163
-0.0800003 -0.0715872 0.691516
-0.0769007 -0.071849 0.690855
-0.0739583 -0.0720733 0.690218
-0.0710116 -0.0722928 0.689599
-0.0680586 -0.0725019 0.689008
-0.0651004 -0.0726995 0.688438
-0.0617699 -0.0729087 0.687823
-0.0616284 -0.0729169 0.687798
-0.0614869 -0.0729252 0.687773
-0.0613455 -0.0729334 0.687748
-0.061204 -0.0729416 0.687723
-0.061059 -0.07295 0.687698
-0.0580913 -0.0731219 0.687181
-0.0551194 -0.0732905 0.686688
-0.0521436 -0.0734555 0.686218
-0.0491641 -0.073617 0.68577
-0.0462203 -0.0737712 0.685349
-0.0430591 -0.0739288 0.684919
-0.0398959 -0.0740821 0.684504
-0.0367296 -0.0742341 0.684112
-0.0335603 -0.0743856 0.683744
-0.0304099 -0.0745352 0.683406
-0.0272869 -0.0746814 0.6831
-0.024163 -0.0748251 0.682803
-0.0210375 -0.0749692 0.682523
-0.0179103 -0.0751144 0.682263
-0.0147914 -0.0752593 0.682022
-0.0117439 -0.0754051 0.681814
-0.0086956 -0.0755442 0.681612
-0.00564632 -0.0756826 0.681426
-0.00259608 -0.075821 0.681256
0.000446602 -0.0759591 0.681103
0.00354836 -0.0761012 0.680969
0.00665074 -0.0762398 0.680847
0.00975376 -0.0763781 0.680743
0.0128573 -0.0765157 0.680655
0.015955 -0.0766514 0.680583
0.0190891 -0.07679 0.680529
0.0222236 -0.0769243 0.68049
0.0253584 -0.0770569 0.680467
0.0284932 -0.0771881 0.680462
0.0316251 -0.0773182 0.680475
0.0336104 -0.0774004 0.680495
0.0355956 -0.0774815 0.680523
0.0375807 -0.0775621 0.680559
0.0395657 -0.0776421 0.680603
0.0417106 -0.0777278 0.680659
0.0428502 -0.0777729 0.680694
0.0439898 -0.0778177 0.680731
0.0451294 -0.0778623 0.680771
0.0462688 -0.0779066 0.680813
0.0474089 -0.0779506 0.680857
0.0505817 -0.0780717 0.680988
0.0537534 -0.0781917 0.681142
0.0569241 -0.0783096 0.68132
0.0600932 -0.0784255 0.681524
0.0632732 -0.0785399 0.681755
0.0664332 -0.0786492 0.682014
0.0695904 -0.0787602 0.682305
0.0727443 -0.0788692 0.682631
0.0758945 -0.0789762 0.682991
0.0790905 -0.0790826 0.683392
0.0822637 -0.0791822 0.683822
0.0854299 -0.0792883 0.6843
0.0885879 -0.0793936 0.68483
0.0917369 -0.0794971 0.685411
0.0949895 -0.0796009 0.686067
0.0950778 -0.0796036 0.686086
0.0951661 -0.0796063 0.686106
0.0952544 -0.079609 0.686125
0.0953427 -0.0796118 0.686145
0.0954287 -0.0796144 0.686164
0.0984674 -0.0797076 0.686841
0.101491 -0.0798011 0.687581
0.1045 -0.0798946 0.688383
0.10749 -0.0799884 0.689247
0.110605 -0.0800887 0.690217
0.113438 -0.080192 0.691179
0.116243 -0.0803097 0.692216
0.119019 -0.0804306 0.693329
0.121759 -0.0805532 0.694526
0.124814 -0.080694 0.695971
0.127485 -0.080853 0.69733
0.130105 -0.081035 0.698783
0.132672 -0.0812226 0.700326
0.135181 -0.0814112 0.701962
0.137958 -0.0816246 0.703914
0.138009 -0.0816286 0.703953
0.13806 -0.0816327 0.703993
0.138112 -0.0816368 0.704032
0.138163 -0.0816409 0.704071
0.138213 -0.0816449 0.70411
0.141589 -0.0819098 0.706698
0.144786 -0.0822302 0.709497
0.147828 -0.082592 0.71246
0.150814 -0.0829745 0.715476
0.152678 -0.0832349 0.717302
0.153356 -0.0833351 0.717943
0.154029 -0.0834326 0.718591
0.154695 -0.0835272 0.719246
0.155357 -0.0836223 0.719904
0.156057 -0.0837294 0.720598
0.158467 -0.0841226 0.722981
0.160839 -0.0844841 0.725406
0.163208 -0.0848741 0.72783
0.165573 -0.0852902 0.730254
0.168645 -0.0858544 0.733421
0.169207 -0.0859597 0.734011
0.16976 -0.0860645 0.734609
0.170306 -0.0861679 0.735213
0.170857 -0.0862663 0.735815
0.171402 -0.0863572 0.736403
0.172791 -0.0865703 0.737881
0.174108 -0.0868378 0.739413
0.175388 -0.0871277 0.740972
0.176655 -0.0874304 0.74254
0.177928 -0.087749 0.744063
0.180431 -0.0884315 0.746855
0.182835 -0.0890026 0.749756
0.185204 -0.089535 0.752693
0.187549 -0.0900578 0.75565
0.191825 -0.090996 0.761059
0.192433 -0.0911695 0.761774
0.193022 -0.0913126 0.762511
0.193597 -0.0914356 0.763263
0.194173 -0.0915586 0.764014
0.196229 -0.0919983 0.7667
-1.001 -0.05 0.737942
-1.00088 -0.0500002 0.737944
-1.00077 -0.0500004 0.737945
-1.00065 -0.0500007 0.737947
-1.00054 -0.0500009 0.737948
-1.00042 -0.0500011 0.73795
-0.988226 -0.0500247 0.738114
-0.976032 -0.0500502 0.73828
-0.963837 -0.0500764 0.738449
-0.951643 -0.0501031 0.73862
-0.939448 -0.0501304 0.738794
-0.926826 -0.0501567 0.738977
-0.914203 -0.0501848 0.739164
-0.901581 -0.0502139 0.739354
-0.888958 -0.0502441 0.739548
-0.876335 -0.0502754 0.739746
-0.863886 -0.0503058 0.739946
-0.851436 -0.0503376 0.74015
-0.838986 -0.050371 0.740358
-0.826537 -0.0504059 0.74057
-0.814086 -0.0504424 0.740786
-0.801601 -0.0504788 0.741008
-0.789116 -0.0505167 0.741234
-0.776631 -0.0505568 0.741465
-0.764146 -0.0505989 0.741701
-0.75166 -0.050643 0.741942
-0.739172 -0.0506882 0.742188
-0.726683 -0.0507354 0.742439
-0.714195 -0.0507853 0.742696
-0.701708 -0.0508381 0.742959
-0.689219 -0.0508936 0.743228
-0.67672 -0.0509497 0.743502
-0.664221 -0.0510077 0.743783
-0.651722 -0.0510693 0.74407
-0.639224 -0.0511347 0.744364
-0.626724 -0.0512039 0.744665
-0.614198 -0.0512759 0.744973
-0.601671 -0.0513519 0.745288
-0.589145 -0.0514332 0.745611
-0.576619 -0.0515197 0.745942
-0.564091 -0.0516117 0.74628
-0.551561 -0.0517047 0.746626
-0.539031 -0.0518005 0.746981
-0.526502 -0.0519035 0.747344
-0.513972 -0.0520138 0.747715
-0.50144 -0.0521315 0.748095
-0.49023 -0.0522429 0.748443
-0.47902 -0.0523618 0.748797
-0.46781 -0.0524895 0.749158
-0.4566 -0.0526261 0.749527
-0.4467 -0.0527547 0.749858
-0.44477 -0.0527811 0.749924
-0.44284 -0.0528074 0.74999
-0.44091 -0.0528338 0.750056
-0.43898 -0.0528602 0.750122
-0.43705 -0.0528866 0.750189
-0.424538 -0.0530581 0.750622
-0.412026 -0.0532342 0.751064
-0.399515 -0.0534272 0.751513
-0.387004 -0.0536373 0.75197
-0.374491 -0.0538648 0.752435
-0.362087 -0.0541052 0.752904
-0.349683 -0.0543679 0.753376
-0.33728 -0.0546554 0.75385
-0.324878 -0.054968 0.754325
-0.312473 -0.0553064 0.754803
-0.299936 -0.0556665 0.755293
-0.2874 -0.0560555 0.75577
-0.274865 -0.0564893 0.75623
-0.262331 -0.0569679 0.756672
-0.249791 -0.0574927 0.757097
-0.237276 -0.0580542 0.757514
-0.224761 -0.0586839 0.75786
-0.212249 -0.0593932 0.758118
-0.19974 -0.0601862 0.758285
-0.187181 -0.0610707 0.758356
-0.183659 -0.061354 0.758356
-0.180138 -0.061648 0.758348
-0.176619 -0.0619561 0.75833
-0.173101 -0.062278 0.758299
-0.170925 -0.0624853 0.758267
-0.16791 -0.0627797 0.758211
-0.164897 -0.0630839 0.75814
-0.161885 -0.0633979 0.758053
-0.158874 -0.0637219 0.75795
-0.155846 -0.0640581 0.75783
-0.149582 -0.064773 0.757547
-0.143338 -0.0655893 0.757139
-0.13712 -0.0665111 0.756586
-0.130927 -0.0674948 0.75587
-0.124439 -0.0685935 0.754942
-0.121382 -0.0691783 0.754401
-0.118342 -0.0698034 0.753816
-0.115319 -0.0704577 0.753177
-0.112316 -0.0711301 0.752465
-0.109118 -0.0718701 0.751618
-0.107611 -0.0722248 0.751176
-0.106113 -0.0725912 0.750711
-0.104629 -0.0729645 0.75021
-0.103159 -0.073343 0.74967
-0.102452 -0.0735293 0.74939
-0.100568 -0.0740297 0.748623
-0.0986987 -0.0745341 0.747825
-0.0968428 -0.075042 0.746998
-0.0950003 -0.0755527 0.746143
-0.0930138 -0.0761037 0.745183
-0.0918784 -0.0764144 0.74461
-0.0907509 -0.0767223 0.744019
-0.0896312 -0.077027 0.743412
-0.0885203 -0.077328 0.742787
-0.0873223 -0.0776508 0.742089
-0.0848474 -0.0783128 0.740592
-0.0824005 -0.0789347 0.739033
-0.0799681 -0.0794695 0.73742
-0.0775517 -0.0799221 0.735758
-0.0753103 -0.0802725 0.734165
-0.0752336 -0.0802824 0.734108
-0.0751569 -0.0802923 0.734051
-0.0750802 -0.0803021 0.733994
-0.0750035 -0.0803118 0.733937
-0.0749269 -0.0803215 0.73388
-0.0719768 -0.080693 0.731683
-0.0689719 -0.0808943 0.729538
-0.065818 -0.081042 0.727615
-0.0624834 -0.0811016 0.726019
-0.0599872 -0.0810557 0.724832
-0.0577188 -0.0809846 0.723793
-0.0554286 -0.0808948 0.722804
-0.0531175 -0.0808045 0.721864
-0.0507893 -0.0807142 0.720969
-0.0472898 -0.0805796 0.719688
-0.047106 -0.0805749 0.719628
-0.0469222 -0.0805702 0.719569
-0.0467383 -0.0805654 0.719509
-0.0465543 -0.0805606 0.71945
-0.0463709 -0.0805559 0.719391
-0.042887 -0.0804707 0.718274
-0.0393757 -0.0804245 0.717244
-0.0358406 -0.080421 0.716297
-0.0322841 -0.0804616 0.715436
-0.0288208 -0.0805451 0.714687
-0.0257324 -0.0806561 0.714096
-0.0226399 -0.0807919 0.713533
-0.0195416 -0.0809509 0.713009
-0.0164382 -0.0811274 0.712522
-0.0133451 -0.0813086 0.712069
-0.0106969 -0.0814837 0.711713
-0.00804535 -0.0816529 0.711377
-0.00539148 -0.0818226 0.711062
-0.00273542 -0.0819929 0.710766
-0.000107408 -0.082164 0.710494
0.00304914 -0.0823366 0.710239
0.00620209 -0.0825314 0.709957
0.0093563 -0.0827276 0.70969
0.0125124 -0.0829217 0.709445
0.0156734 -0.0831198 0.709227
0.0188083 -0.0833341 0.709052
0.0219446 -0.083526 0.708879
0.0250821 -0.0837175 0.708728
0.0282206 -0.0839102 0.708599
0.0313481 -0.0841013 0.708492
0.0345037 -0.0842787 0.708444
0.0376576 -0.0844769 0.708371
0.0408121 -0.0846723 0.70832
0.0439669 -0.0848673 0.708293
0.0471242 -0.0850621 0.708289
0.0502599 -0.0852659 0.708324
0.053396 -0.0854584 0.708371
0.0565318 -0.0856488 0.708446
0.059667 -0.085836 0.708549
0.0627911 -0.0860179 0.708677
0.066011 -0.0861797 0.708879
0.0692301 -0.0863569 0.70908
0.0724467 -0.0865302 0.709322
0.0756602 -0.0866997 0.709603
0.0788313 -0.0868678 0.709922
0.0821519 -0.0870483 0.710303
0.0854639 -0.0872103 0.71076
0.088767 -0.0873617 0.71128
0.09206 -0.0875139 0.711861
0.0953887 -0.0876642 0.712509
0.0983621 -0.0878003 0.713144
0.101314 -0.0879576 0.713869
0.104247 -0.0881245 0.714663
0.10716 -0.0883074 0.715526
0.10795 -0.0883616 0.71578
0.108447 -0.0883965 0.715943
0.108943 -0.0884319 0.716108
0.109439 -0.0884677 0.716276
0.109933 -0.0885039 0.716446
0.110434 -0.0885409 0.716621
0.113421 -0.0887616 0.717673
0.116374 -0.0890033 0.718811
0.119293 -0.0892633 0.72003
0.122176 -0.089541 0.72133
0.125342 -0.0898689 0.72285
0.128134 -0.0901861 0.724267
0.13088 -0.0904975 0.725771
0.133584 -0.0908288 0.727346
0.136246 -0.0911797 0.728988
0.139329 -0.0916206 0.731013
0.140294 -0.0917634 0.731699
0.141248 -0.0919099 0.732398
0.142192 -0.0920598 0.73311
0.143134 -0.0922115 0.733824
0.143915 -0.0923392 0.734421
0.145761 -0.0926448 0.73584
0.14758 -0.0929731 0.737289
0.149379 -0.0933036 0.738762
0.151158 -0.093636 0.740258
0.152298 -0.0938523 0.741241
0.152864 -0.0939608 0.741738
0.153429 -0.0940697 0.742238
0.153991 -0.0941789 0.742739
0.154552 -0.0942883 0.743243
0.155135 -0.094403 0.743771
0.156354 -0.0946433 0.74488
0.157563 -0.0948898 0.745997
0.158764 -0.0951414 0.747122
0.159957 -0.0953982 0.748255
0.161104 -0.0956432 0.749347
0.163211 -0.0960891 0.751363
0.16529 -0.0965385 0.753407
0.167347 -0.0969908 0.755473
0.169385 -0.0974455 0.757557
0.171557 -0.0979338 0.759793
0.172513 -0.09815 0.76078
0.173463 -0.0983728 0.761771
0.174405 -0.0985975 0.762768
0.175341 -0.0988203 0.763772
0.176255 -0.0990351 0.764745
0.178484 -0.0995519 0.767096
0.180695 -0.100092 0.769459
0.182881 -0.100645 0.771842
0.18506 -0.101208 0.77423
0.187356 -0.101794 0.776747
0.188191 -0.102003 0.777666
0.189018 -0.102213 0.778592
0.189837 -0.102426 0.779524
0.190657 -0.102639 0.780455
0.19146 -0.102846 0.781355
0.193644 -0.103403 0.783776
0.195812 -0.103985 0.786206
0.197965 -0.104585 0.788645
0.200111 -0.105194 0.791088
0.202383 -0.105843 0.793683
0.203209 -0.106078 0.794629
0.20403 -0.106312 0.795579
0.204844 -0.106546 0.796535
0.205659 -0.106783 0.797489
0.206448 -0.107016 0.798408
0.207761 -0.10741 0.799925
0.209057 -0.107815 0.801454
0.210353 -0.108228 0.802981
0.211651 -0.108646 0.804505
0.212873 -0.109046 0.805935
0.213803 -0.109351 0.807019
0.214727 -0.109651 0.80811
0.215647 -0.109945 0.809206
0.216564 -0.110236 0.810305
0.217444 -0.110516 0.811361
0.218337 -0.1108 0.812435
0.219228 -0.111086 0.81351
0.220118 -0.111374 0.814585
0.221008 -0.111664 0.81566
0.221904 -0.111957 0.816738
0.224012 -0.11265 0.819269
0.226115 -0.11335 0.821801
0.228214 -0.114055 0.824337
0.230313 -0.114742 0.826876
0.232385 -0.115383 0.829389
0.232974 -0.115551 0.830106
0.233564 -0.115719 0.830821
0.234153 -0.115887 0.831537
0.234744 -0.116055 0.832251
0.235332 -0.116223 0.832959
0.236412 -0.116531 0.834254
0.237491 -0.116828 0.835553
0.238568 -0.117114 0.836855
0.239639 -0.117385 0.838166
0.240696 -0.117655 0.83947
0.242364 -0.118105 0.841554
0.244018 -0.118571 0.843646
0.245621 -0.119071 0.845769
0.247218 -0.119632 0.847882
0.249 -0.120299 0.85022
0.250392 -0.120887 0.852078
0.251776 -0.121518 0.853929
0.253159 -0.12215 0.855778
0.254544 -0.122778 0.857629
0.255943 -0.123409 0.859499
0.25628 -0.123552 0.859949
0.256613 -0.123698 0.860399
0.256946 -0.123845 0.86085
0.257277 -0.123992 0.861302
0.257576 -0.124125 0.861714
0.259195 -0.124848 0.863952
0.260777 -0.125612 0.866204
0.262318 -0.12642 0.868469
0.263901 -0.127257 0.870693
0.265514 -0.128128 0.873028
0.266085 -0.128451 0.873937
0.266648 -0.128781 0.874849
0.267204 -0.129116 0.875763
0.267754 -0.129449 0.876682
0.268344 -0.1298 0.877681
0.270036 -0.130792 0.88059
0.271738 -0.131748 0.883505
0.273447 -0.132679 0.886424
0.27509 -0.133632 0.889375
0.276574 -0.134572 0.892209
0.277336 -0.135122 0.893799
0.278091 -0.135646 0.8954
0.278834 -0.136158 0.897011
0.279538 -0.136691 0.898633
0.280309 -0.137339 0.900539
0.280811 -0.137831 0.901918
0.281287 -0.13834 0.903301
0.281751 -0.138861 0.904683
0.282212 -0.139393 0.906062
0.282663 -0.139927 0.907416
0.283346 -0.140642 0.909432
0.283896 -0.141436 0.911459
0.284359 -0.14228 0.913487
0.284732 -0.143174 0.915512
0.285053 -0.144129 0.917644
0.285122 -0.145579 0.9207
0.28541 -0.146937 0.923786
0.285698 -0.148294 0.926872
0.285987 -0.149652 0.929958
0.286245 -0.150866 0.932718
-1.001 -0.05 0.474784
-1.00079 -0.0500005 0.474786
-1.00059 -0.0500009 0.474788
-1.00038 -0.0500014 0.474789
-1.00017 -0.0500019 0.474791
-0.999966 -0.0500023 0.474793
-0.987465 -0.0500303 0.474894
-0.974963 -0.0500609 0.474996
-0.962462 -0.0500922 0.475099
-0.949961 -0.0501241 0.475203
-0.937459 -0.0501568 0.475309
-0.924973 -0.0501874 0.475417
-0.912487 -0.0502199 0.475526
-0.900002 -0.0502539 0.475636
-0.887516 -0.0502893 0.475748
-0.87503 -0.0503259 0.475862
-0.862698 -0.0503617 0.475977
-0.850366 -0.0503992 0.476093
-0.838034 -0.0504386 0.476211
-0.825702 -0.05048 0.47633
-0.81337 -0.0505234 0.476451
-0.801056 -0.0505667 0.476574
-0.788742 -0.0506123 0.476698
-0.776428 -0.0506608 0.476825
-0.764114 -0.0507121 0.476953
-0.751799 -0.0507659 0.477083
-0.739243 -0.0508217 0.477218
-0.726687 -0.0508804 0.477356
-0.714131 -0.050943 0.477496
-0.701576 -0.0510096 0.477638
-0.689019 -0.0510804 0.477783
-0.676532 -0.0511518 0.477929
-0.664045 -0.0512278 0.478079
-0.651557 -0.0513101 0.478231
-0.63907 -0.0513982 0.478386
-0.626582 -0.0514921 0.478545
-0.614073 -0.0515895 0.478707
-0.601564 -0.0516924 0.478875
-0.589056 -0.0518043 0.479047
-0.576547 -0.0519252 0.479225
-0.564037 -0.052056 0.479407
-0.551532 -0.0521907 0.479593
-0.539027 -0.0523373 0.479789
-0.526522 -0.0525005 0.479992
-0.514017 -0.0526784 0.480204
-0.50151 -0.0528713 0.480424
-0.489017 -0.0530755 0.480653
-0.476524 -0.0533001 0.480903
-0.464033 -0.0535519 0.48117
-0.451542 -0.0538257 0.481455
-0.439044 -0.0541258 0.481754
-0.432792 -0.0542893 0.481915
-0.42654 -0.054454 0.482078
-0.420289 -0.0546254 0.482246
-0.414038 -0.0548066 0.482422
-0.407785 -0.0549985 0.482607
-0.401516 -0.0552059 0.482808
-0.395249 -0.055433 0.483021
-0.388982 -0.0556809 0.483243
-0.382718 -0.0559579 0.483477
-0.376441 -0.0562649 0.483722
-0.370148 -0.0565913 0.483982
-0.363857 -0.0569486 0.484262
-0.357569 -0.0573423 0.484555
-0.351284 -0.057769 0.484862
-0.344973 -0.0582253 0.485185
-0.338666 -0.0587112 0.485523
-0.332363 -0.0592408 0.485886
-0.326065 -0.0598148 0.486262
-0.319772 -0.060438 0.486652
-0.313434 -0.0611262 0.487061
-0.309997 -0.0615382 0.487296
-0.306563 -0.0619711 0.487537
-0.303133 -0.0624323 0.487782
-0.299708 -0.0629271 0.488029
-0.297889 -0.0632067 0.488161
-0.294672 -0.0637135 0.4884
-0.291459 -0.0642382 0.488646
-0.288249 -0.0647807 0.488901
-0.285042 -0.0653374 0.489157
-0.281805 -0.0659135 0.489416
-0.275424 -0.0670895 0.489932
-0.269052 -0.0683285 0.490413
-0.262698 -0.0696544 0.490889
-0.256358 -0.0710563 0.491342
-0.249891 -0.072562 0.491752
-0.246749 -0.0733284 0.491918
-0.243611 -0.0741113 0.49207
-0.240476 -0.0749086 0.492208
-0.237343 -0.0757154 0.492328
-0.234181 -0.0765369 0.492431
-0.232739 -0.0769263 0.492469
-0.231296 -0.0773115 0.492502
-0.229852 -0.0776954 0.492529
-0.228408 -0.0780789 0.492548
-0.226895 -0.0784802 0.492561
-0.225174 -0.0789362 0.492567
-0.223454 -0.0793925 0.492567
-0.221733 -0.0798493 0.492561
-0.220013 -0.0803066 0.49255
-0.218289 -0.0807654 0.492532
-0.215148 -0.0815984 0.492491
-0.212007 -0.0824265 0.492422
-0.208865 -0.0832506 0.492328
-0.205722 -0.0840684 0.492208
-0.202569 -0.0848655 0.492065
-0.199351 -0.0856499 0.491901
-0.196131 -0.0864168 0.491701
-0.19291 -0.087169 0.491464
-0.189686 -0.0878989 0.491201
-0.186472 -0.0885846 0.490908
-0.183392 -0.0892023 0.490599
-0.180315 -0.0898189 0.490268
-0.177233 -0.0904049 0.489918
-0.174145 -0.0909472 0.489549
-0.171063 -0.0914606 0.489163
-0.16888 -0.0917929 0.488878
-0.166695 -0.092108 0.48858
-0.16451 -0.0924083 0.488275
-0.162323 -0.0926891 0.487965
-0.158625 -0.0931301 0.487433
-0.158196 -0.0931747 0.487369
-0.157766 -0.0932187 0.487306
-0.157336 -0.0932619 0.487242
-0.156906 -0.0933044 0.487178
-0.156477 -0.0933461 0.487114
-0.154281 -0.0935566 0.486785
-0.152083 -0.0937532 0.486454
-0.149885 -0.093936 0.486123
-0.147686 -0.0941048 0.485791
-0.145545 -0.0942556 0.485467
-0.144729 -0.094308 0.485344
-0.143913 -0.0943587 0.485221
-0.143097 -0.0944076 0.485098
-0.142281 -0.0944546 0.484975
-0.141467 -0.0944999 0.484852
-0.138298 -0.0946738 0.484373
-0.135127 -0.0948278 0.4839
-0.131955 -0.0949629 0.483431
-0.128781 -0.0950787 0.482968
-0.125626 -0.0951742 0.482512
-0.119334 -0.0953327 0.481612
-0.113037 -0.0954231 0.480731
-0.106737 -0.0954404 0.479872
-0.100433 -0.0954362 0.47904
-0.0941701 -0.0954288 0.47824
-0.0878991 -0.0953939 0.477458
-0.0816258 -0.0953548 0.476694
-0.07535 -0.0952868 0.475954
-0.0690704 -0.095239 0.475245
-0.0628185 -0.0952608 0.474578
-0.0596226 -0.0953002 0.474254
-0.0564274 -0.0953773 0.473932
-0.0532318 -0.0954758 0.473618
-0.0500356 -0.0955929 0.473317
-0.0468321 -0.0957189 0.473025
-0.0435535 -0.0958417 0.472734
-0.0402754 -0.096009 0.472459
-0.0369968 -0.0961938 0.472203
-0.0337175 -0.0963912 0.471966
-0.0304374 -0.0966301 0.471745
-0.0270934 -0.0968798 0.47155
-0.0237577 -0.097233 0.471375
-0.0204316 -0.0976768 0.471225
-0.0171176 -0.0982101 0.471101
-0.0137132 -0.0988424 0.471003
-0.0103212 -0.0995285 0.470908
-0.00697388 -0.100411 0.470857
-0.00366705 -0.101436 0.470828
-0.000397697 -0.102574 0.470813
0.00135113 -0.10325 0.470813
0.00170112 -0.103393 0.470813
0.00205073 -0.103536 0.470814
0.00239994 -0.10368 0.470815
0.00274876 -0.103826 0.470816
0.0031009 -0.103973 0.470817
0.00624922 -0.105299 0.470825
0.0093747 -0.106679 0.470837
0.0124783 -0.108106 0.470849
0.015561 -0.109579 0.47086
0.0188474 -0.111194 0.470865
0.0220201 -0.112789 0.470869
0.0251589 -0.114449 0.470884
0.0282846 -0.116134 0.47089
0.0314113 -0.117817 0.470876
0.0347089 -0.119549 0.470831
0.035412 -0.119899 0.470811
0.0361145 -0.120251 0.470793
0.0368173 -0.120602 0.470775
0.0375206 -0.120952 0.470757
0.038225 -0.121301 0.470737
0.0406917 -0.122517 0.470666
0.043168 -0.123714 0.470586
0.0456603 -0.124876 0.470494
0.0481719 -0.125994 0.470387
0.0506107 -0.127047 0.470272
0.0529314 -0.128023 0.470154
0.055251 -0.129003 0.470035
0.0575735 -0.129974 0.469907
0.0599055 -0.13092 0.469758
0.0621966 -0.131823 0.469596
0.0640374 -0.132504 0.469446
0.0658751 -0.133193 0.469294
0.0677156 -0.133874 0.469138
0.0695587 -0.134546 0.468979
0.0711829 -0.135131 0.468836
0.0723005 -0.135529 0.468736
0.073418 -0.135927 0.468635
0.0745356 -0.136324 0.468532
0.0756518 -0.136725 0.468429
0.0767705 -0.137133 0.468325
0.0781595 -0.137638 0.468199
0.0795499 -0.13814 0.46807
0.0809421 -0.138636 0.467941
0.0823367 -0.139126 0.467813
0.0838821 -0.139662 0.467674
0.0855586 -0.140237 0.467528
0.0872376 -0.140804 0.467384
0.0889194 -0.141364 0.467242
0.0906038 -0.141917 0.467102
0.0922625 -0.142454 0.466966
0.0952806 -0.143422 0.466719
0.098303 -0.144377 0.466479
0.101332 -0.145316 0.466258
0.104368 -0.146237 0.466055
0.107343 -0.147124 0.465861
0.110401 -0.148018 0.465696
0.113463 -0.148899 0.465531
0.116529 -0.149765 0.465366
0.1196 -0.150616 0.465203
0.122632 -0.15144 0.465043
0.123375 -0.151639 0.465004
0.124119 -0.151838 0.464965
0.124863 -0.152038 0.464927
0.125607 -0.152236 0.464888
0.126352 -0.152435 0.46485
0.132065 -0.153956 0.464553
0.137785 -0.155448 0.464249
0.143512 -0.156908 0.463937
0.149248 -0.158326 0.463577
0.154904 -0.15968 0.463171
0.16139 -0.161169 0.462723
0.167877 -0.162644 0.462254
0.174372 -0.164076 0.461754
0.180874 -0.165456 0.46121
0.187325 -0.166754 0.460615
0.1937 -0.167943 0.459993
0.200081 -0.169127 0.459415
0.206468 -0.170289 0.458849
0.212862 -0.171393 0.458266
0.219197 -0.172398 0.457674
0.225546 -0.173303 0.457055
0.231898 -0.174149 0.456386
0.238251 -0.174947 0.455671
0.244603 -0.175709 0.454906
0.25092 -0.176417 0.4541
0.254091 -0.176735 0.453682
0.257262 -0.177038 0.453251
0.260433 -0.177328 0.452804
0.263602 -0.177604 0.452342
0.266771 -0.177862 0.451872
0.269931 -0.178111 0.451381
0.273089 -0.178318 0.450867
0.276245 -0.178498 0.450322
0.279395 -0.178662 0.449745
0.282547 -0.178813 0.449143
0.285749 -0.17896 0.448533
0.288942 -0.17906 0.44787
0.292125 -0.179137 0.447155
0.2953 -0.179194 0.446407
0.298546 -0.179234 0.445618
0.30182 -0.179278 0.444812
0.305062 -0.179162 0.443892
0.308288 -0.179036 0.442917
0.311505 -0.178959 0.44191
0.314749 -0.178921 0.440863
0.314833 -0.17892 0.440836
0.314917 -0.178919 0.440809
0.315001 -0.178917 0.440781
0.315084 -0.178915 0.440754
0.315166 -0.178914 0.440727
0.318729 -0.178869 0.439575
0.322261 -0.178837 0.43833
0.325736 -0.17878 0.436936
0.329141 -0.178674 0.435381
0.333036 -0.178741 0.433647
0.335821 -0.179117 0.432555
0.338459 -0.179183 0.431098
0.341091 -0.179191 0.429628
0.343765 -0.179267 0.428236
0.344907 -0.179373 0.427754
0.34592 -0.179512 0.427395
0.346929 -0.179622 0.427014
0.347931 -0.179691 0.426606
0.348919 -0.179707 0.426162
0.349897 -0.179803 0.425733
0.350991 -0.180131 0.425317
0.351889 -0.180465 0.42457
0.352738 -0.180796 0.423766
0.353549 -0.181125 0.422922
0.360493 -0.184015 0.41523
0.360623 -0.184054 0.415181
0.36075 -0.184102 0.415131
0.360873 -0.184157 0.415081
0.360994 -0.184219 0.415031
0.361151 -0.184299 0.414972
0.361731 -0.184581 0.414803
0.362287 -0.184877 0.414586
0.362841 -0.185174 0.414366
0.363396 -0.18547 0.414145
0.368812 -0.18837 0.411988
-1.001 -0.05 0.632679
-1.0008 -0.0500004 0.632681
-1.0006 -0.0500008 0.632684
-1.0004 -0.0500012 0.632686
-1.0002 -0.0500017 0.632688
-0.999995 -0.0500021 0.63269
-0.988445 -0.0500258 0.632822
-0.976895 -0.0500503 0.632955
-0.965345 -0.0500752 0.633091
-0.953795 -0.0501007 0.633228
-0.943469 -0.0501239 0.633352
-0.942346 -0.0501265 0.633365
-0.941222 -0.050129 0.633379
-0.940098 -0.0501315 0.633393
-0.938975 -0.0501341 0.633407
-0.937851 -0.0501366 0.63342
-0.92577 -0.0501639 0.633568
-0.913689 -0.0501912 0.633719
-0.901608 -0.0502197 0.633873
-0.889527 -0.0502493 0.634028
-0.877445 -0.0502801 0.634187
-0.864749 -0.0503135 0.634356
-0.852054 -0.0503487 0.634529
-0.839359 -0.0503856 0.634704
-0.826664 -0.0504244 0.634884
-0.813968 -0.0504649 0.635066
-0.80153 -0.0505047 0.635249
-0.789092 -0.0505458 0.635435
-0.776654 -0.0505893 0.635624
-0.764216 -0.0506352 0.635817
-0.751777 -0.0506837 0.636013
-0.739286 -0.0507329 0.636214
-0.726794 -0.0507848 0.63642
-0.714303 -0.0508399 0.636629
-0.701812 -0.0508982 0.636842
-0.68932 -0.0509599 0.63706
-0.676814 -0.0510229 0.637282
-0.664308 -0.0510885 0.637509
-0.651802 -0.0511587 0.637741
-0.639296 -0.0512334 0.637978
-0.62679 -0.0513128 0.638219
-0.614279 -0.0513935 0.638466
-0.601768 -0.0514787 0.638719
-0.589258 -0.0515704 0.638978
-0.576748 -0.0516687 0.639242
-0.564236 -0.0517736 0.639512
-0.551703 -0.0518824 0.639789
-0.539171 -0.051996 0.640073
-0.526639 -0.0521192 0.640365
-0.514107 -0.052252 0.640663
-0.501573 -0.0523946 0.640969
-0.489011 -0.0525414 0.641282
-0.476448 -0.0526984 0.641605
-0.463886 -0.0528702 0.641936
-0.451325 -0.0530571 0.642277
-0.438759 -0.0532584 0.642626
-0.426198 -0.0534697 0.642982
-0.413637 -0.0536929 0.643348
-0.401077 -0.0539377 0.643724
-0.388518 -0.0542062 0.64411
-0.375953 -0.0544988 0.644508
-0.363308 -0.054805 0.644922
-0.350665 -0.0551412 0.645344
-0.338023 -0.0555175 0.645777
-0.325383 -0.0559348 0.646222
-0.312728 -0.0563874 0.646671
-0.300089 -0.0568696 0.647119
-0.28745 -0.0573875 0.647559
-0.274813 -0.0579552 0.647973
-0.262178 -0.058582 0.64837
-0.249529 -0.0592748 0.648763
-0.2433 -0.0596482 0.648957
-0.237072 -0.0600275 0.649148
-0.230845 -0.0604233 0.649332
-0.224619 -0.0608357 0.64951
-0.218386 -0.0612656 0.64968
-0.21548 -0.0614786 0.649759
-0.212574 -0.0616971 0.649837
-0.209669 -0.0619222 0.649914
-0.206764 -0.0621519 0.649988
-0.204565 -0.0623295 0.650042
-0.2011 -0.0626137 0.650124
-0.197635 -0.0629037 0.650201
-0.19417 -0.0631997 0.650273
-0.190706 -0.0635016 0.65034
-0.187239 -0.0638098 0.650402
-0.181004 -0.0643764 0.65051
-0.174771 -0.0649629 0.650585
-0.168539 -0.0655692 0.65063
-0.16231 -0.0661956 0.650646
-0.156066 -0.0668439 0.650634
-0.149742 -0.0675179 0.650595
-0.143421 -0.0682144 0.650519
-0.137102 -0.0689244 0.650406
-0.130785 -0.0696479 0.650259
-0.124447 -0.070388 0.650075
-0.118105 -0.0711513 0.649864
-0.111764 -0.0719055 0.649613
-0.105424 -0.0726643 0.649343
-0.0990854 -0.0734224 0.649024
-0.092731 -0.0741768 0.648643
-0.0865275 -0.074908 0.648237
-0.0803252 -0.0756351 0.647806
-0.0741228 -0.0763545 0.647365
-0.0679206 -0.0770608 0.646899
-0.0617066 -0.0777449 0.646392
-0.0555215 -0.0784267 0.645883
-0.0493287 -0.0790694 0.645418
-0.0431307 -0.0796827 0.644984
-0.0369281 -0.0802815 0.644598
-0.0307776 -0.0808649 0.644269
-0.0276539 -0.0811543 0.644121
-0.0245292 -0.0814447 0.643996
-0.0214039 -0.0817333 0.643882
-0.0182782 -0.0820197 0.643777
-0.015159 -0.0823022 0.643678
-0.0120378 -0.0825783 0.64358
-0.00891573 -0.0828506 0.643501
-0.005793 -0.0831188 0.643436
-0.0026697 -0.0833826 0.643381
0.000445433 -0.0836426 0.643332
0.00357822 -0.0839015 0.643285
0.00671181 -0.0841534 0.643256
0.00984591 -0.0844001 0.643243
0.0129804 -0.0846427 0.643241
0.0161086 -0.0848828 0.643246
0.0192309 -0.0851229 0.643258
0.0223537 -0.0853552 0.643287
0.0254768 -0.0855813 0.643329
0.0285998 -0.0858064 0.643382
0.0317192 -0.0860334 0.643441
0.0348588 -0.0862649 0.643506
0.0379981 -0.0864924 0.643591
0.0411372 -0.0867174 0.643692
0.0442758 -0.086944 0.643804
0.047417 -0.087176 0.643923
0.050566 -0.087415 0.644047
0.0537142 -0.0876492 0.644197
0.0568614 -0.0878816 0.644371
0.0600073 -0.0881185 0.644561
0.0631638 -0.0883587 0.644765
0.0662144 -0.0885905 0.644975
0.0692625 -0.0888291 0.645213
0.0723077 -0.0890782 0.645475
0.0753499 -0.0893379 0.645761
0.0784163 -0.0896091 0.646077
0.0815596 -0.0898994 0.64642
0.0846967 -0.0901949 0.646812
0.0878266 -0.0905113 0.647244
0.0909484 -0.0908497 0.647715
0.0941319 -0.0912238 0.648237
0.0971118 -0.0915858 0.648762
0.100072 -0.0919964 0.649356
0.103009 -0.0924643 0.650023
0.105921 -0.0929819 0.650757
0.107781 -0.0933487 0.651273
0.108045 -0.0934042 0.651351
0.108309 -0.0934601 0.651429
0.108573 -0.0935164 0.651508
0.108837 -0.0935729 0.651587
0.109103 -0.0936304 0.651668
0.110503 -0.0939351 0.652094
0.111892 -0.0942643 0.652536
0.113272 -0.0946158 0.652991
0.114641 -0.0949885 0.653459
0.115798 -0.0953109 0.653866
0.11802 -0.0959417 0.654663
0.120216 -0.0966181 0.655492
0.122386 -0.0973393 0.65635
0.12453 -0.0981122 0.657228
0.126783 -0.0989898 0.658184
0.129449 -0.100096 0.659371
0.131994 -0.101424 0.660595
0.134477 -0.102894 0.661783
0.136983 -0.104382 0.6629
0.141627 -0.107147 0.664849
0.141655 -0.107165 0.66486
0.141683 -0.107182 0.664871
0.141711 -0.107199 0.664882
0.141739 -0.107217 0.664893
0.141767 -0.107234 0.664904
0.144746 -0.109062 0.666046
0.147748 -0.110899 0.667112
0.150771 -0.112741 0.668104
0.153816 -0.114585 0.669028
0.157449 -0.116645 0.670054
0.160262 -0.118016 0.670803
0.163109 -0.119373 0.671432
0.165983 -0.120697 0.67201
0.168896 -0.12195 0.672555
0.171655 -0.12306 0.673037
0.1721 -0.123224 0.673108
0.172545 -0.12339 0.67318
0.172989 -0.123558 0.673254
0.173432 -0.123725 0.673328
0.173832 -0.123875 0.673397
0.176552 -0.124885 0.673875
0.179274 -0.12587 0.674387
0.181999 -0.126828 0.674937
0.184725 -0.127758 0.675528
0.187438 -0.128657 0.676164
0.190379 -0.129669 0.676883
0.193346 -0.130596 0.677605
0.196336 -0.131446 0.678334
0.199331 -0.132248 0.679093
0.20204 -0.133033 0.679867
0.205303 -0.134054 0.680916
0.208598 -0.135033 0.681903
0.21191 -0.13599 0.682854
0.215209 -0.136974 0.683824
0.218331 -0.137933 0.684764
0.22001 -0.138474 0.685274
0.221688 -0.139013 0.685793
0.223362 -0.139557 0.686315
0.225034 -0.14011 0.686839
0.226599 -0.140636 0.687331
0.226827 -0.140714 0.687402
0.227055 -0.140792 0.687474
0.227283 -0.140871 0.687546
0.227511 -0.140949 0.687618
0.227737 -0.141027 0.68769
0.229055 -0.141485 0.68811
0.230371 -0.141948 0.688532
0.231683 -0.142418 0.688956
0.232993 -0.142893 0.689382
0.234326 -0.143386 0.68982
0.237425 -0.144579 0.690868
0.240519 -0.145805 0.691896
0.243603 -0.14706 0.692917
0.24668 -0.14834 0.693928
0.249818 -0.149697 0.694971
0.252976 -0.151131 0.696043
0.256122 -0.152597 0.697109
0.259251 -0.154097 0.698174
0.262358 -0.155642 0.699242
0.265597 -0.15731 0.700371
0.26563 -0.157328 0.700383
0.265664 -0.157346 0.700395
0.265697 -0.157364 0.700407
0.265731 -0.157381 0.700419
0.265764 -0.157399 0.70043
0.267904 -0.158541 0.70119
0.270031 -0.159702 0.701955
0.272148 -0.160886 0.702716
0.274251 -0.162089 0.703483
0.276279 -0.163275 0.704232
0.277294 -0.163883 0.704613
0.278305 -0.164496 0.704994
0.279313 -0.165114 0.705376
0.280318 -0.165737 0.70576
0.281352 -0.166385 0.706156
0.283655 -0.167842 0.707037
0.285946 -0.169312 0.707923
0.288229 -0.170793 0.708812
0.290507 -0.17228 0.709705
0.292624 -0.173668 0.71054
0.293479 -0.174231 0.710878
0.294331 -0.174797 0.711218
0.295181 -0.175366 0.711559
0.296028 -0.175938 0.711901
0.296898 -0.176528 0.712253
0.300142 -0.178741 0.713562
0.303387 -0.180948 0.714876
0.306634 -0.18315 0.716194
0.309891 -0.185341 0.717511
0.313117 -0.18749 0.718814
0.313956 -0.188043 0.719153
0.314799 -0.188591 0.719491
0.315645 -0.189134 0.719829
0.316494 -0.189674 0.720168
0.317417 -0.190254 0.720534
0.318457 -0.190898 0.720945
0.319501 -0.191537 0.721353
0.320549 -0.192171 0.721761
0.3216 -0.1928 0.722166
0.322704 -0.193455 0.722587
0.324028 -0.194231 0.723088
0.325359 -0.194998 0.723585
0.326697 -0.195755 0.724079
0.328042 -0.196502 0.72457
0.329324 -0.197198 0.72503
0.33255 -0.1989 0.726156
0.335852 -0.200477 0.727244
0.339229 -0.201924 0.728283
0.342676 -0.203249 0.729249
0.345423 -0.204187 0.729903
0.346757 -0.204594 0.730157
0.348101 -0.204971 0.7304
0.349454 -0.20533 0.730625
0.350815 -0.205673 0.730829
0.353039 -0.206202 0.731123
0.3547 -0.206557 0.731294
0.356372 -0.206879 0.731429
0.358052 -0.20717 0.731524
0.359739 -0.207427 0.731578
0.361336 -0.207634 0.731588
0.364496 -0.207985 0.731499
0.367651 -0.208342 0.731312
0.370779 -0.208763 0.730917
0.373871 -0.209178 0.730297
0.377045 -0.209568 0.729397
0.38003 -0.209968 0.728256
0.38298 -0.210411 0.727045
0.3858 -0.211051 0.72563
0.388397 -0.211973 0.723965
0.390535 -0.212855 0.722492
0.390811 -0.212979 0.722295
0.391089 -0.213103 0.722099
0.391368 -0.213226 0.721905
0.391648 -0.213349 0.721712
0.391918 -0.213468 0.721524
0.394785 -0.214755 0.719504
0.397615 -0.216104 0.717473
0.400442 -0.217541 0.715498
0.40333 -0.219125 0.713735
0.406289 -0.220872 0.712063
0.406306 -0.220883 0.712054
0.406322 -0.220893 0.712046
0.406339 -0.220904 0.712037
0.406356 -0.220915 0.712028
0.406373 -0.220925 0.712019
0.408921 -0.222534 0.710674
0.411487 -0.224215 0.70946
0.414075 -0.225965 0.7084
0.416591 -0.227812 0.70733
0.421171 -0.231427 0.705192
0.421293 -0.231522 0.705132
0.421416 -0.231617 0.705073
0.421539 -0.231713 0.705014
0.421661 -0.231808 0.704955
0.421783 -0.231901 0.704897
0.422603 -0.232536 0.704503
0.423425 -0.233168 0.70411
0.424252 -0.233796 0.703718
0.425083 -0.234418 0.703326
0.425973 -0.235052 0.702914
0.428707 -0.236703 0.701694
0.431478 -0.238315 0.700504
0.434287 -0.239882 0.699345
0.437106 -0.241461 0.698228
0.439739 -0.242577 0.697162
0.442106 -0.243036 0.696108
0.444272 -0.244306 0.695324
0.44638 -0.245729 0.694651
0.448566 -0.247051 0.694019
0.451718 -0.248654 0.693196
0.454686 -0.249771 0.69253
0.457523 -0.251256 0.692034
0.460398 -0.2527 0.691648
0.46335 -0.254009 0.691382
0.463661 -0.254113 0.691373
0.464282 -0.254316 0.691358
0.464906 -0.254513 0.69135
0.465531 -0.254703 0.691348
0.466158 -0.254888 0.691354
0.466774 -0.255064 0.691364
0.470075 -0.256024 0.691396
0.473361 -0.25701 0.691619
0.476648 -0.257949 0.691993
0.479905 -0.258942 0.692473
0.483337 -0.260126 0.693061
0.486595 -0.260374 0.693789
0.489803 -0.260974 0.694535
0.492964 -0.26176 0.695307
0.496126 -0.262446 0.696163
0.499633 -0.263554 0.696867
0.50235 -0.265004 0.696974
0.50533 -0.265526 0.697558
0.508284 -0.265378 0.698422
0.511245 -0.26512 0.699233
0.519198 -0.264357 0.701331
0.521628 -0.264433 0.701607
0.523966 -0.26381 0.701979
0.52627 -0.263083 0.702363
0.528534 -0.262243 0.702759
0.531582 -0.261111 0.703293
-1.001 -0.05 0.790574
-0.98861 -0.050023 0.790754
-0.97622 -0.0500482 0.790937
-0.96383 -0.050074 0.791124
-0.95144 -0.0501003 0.791313
-0.939049 -0.050127 0.791505
-0.926521 -0.0501525 0.791702
-0.913993 -0.0501793 0.791904
-0.901466 -0.0502071 0.792109
-0.888938 -0.050236 0.792319
-0.87641 -0.0502658 0.792533
-0.863936 -0.0502948 0.79275
-0.851462 -0.0503255 0.792971
-0.838989 -0.0503576 0.793198
-0.826515 -0.0503912 0.793429
-0.814041 -0.0504262 0.793665
-0.801554 -0.0504614 0.793906
-0.789067 -0.050498 0.794153
-0.77658 -0.0505365 0.794405
-0.764093 -0.0505769 0.794663
-0.751605 -0.0506194 0.794927
-0.739121 -0.0506619 0.795196
-0.726636 -0.0507066 0.795471
-0.714152 -0.0507539 0.795753
-0.701668 -0.0508038 0.796041
-0.689182 -0.0508563 0.796337
-0.67669 -0.0509099 0.796638
-0.664199 -0.0509655 0.796947
-0.651707 -0.0510245 0.797264
-0.639216 -0.0510869 0.797589
-0.626723 -0.0511529 0.797922
-0.613904 -0.0512215 0.798271
-0.601085 -0.0512939 0.798629
-0.588267 -0.0513713 0.798997
-0.575448 -0.0514536 0.799375
-0.562625 -0.0515409 0.799763
-0.550404 -0.0516268 0.800141
-0.538183 -0.0517166 0.80053
-0.525963 -0.0518128 0.80093
-0.513744 -0.0519154 0.801341
-0.501521 -0.0520247 0.801763
-0.488946 -0.0521394 0.802206
-0.476371 -0.0522614 0.80266
-0.463796 -0.0523933 0.803128
-0.451223 -0.0525349 0.803609
-0.438648 -0.0526866 0.804103
-0.426132 -0.0528447 0.804607
-0.413617 -0.0530124 0.805122
-0.401103 -0.0531953 0.805653
-0.38859 -0.0533936 0.8062
-0.376074 -0.0536076 0.806762
-0.363572 -0.0538282 0.807339
-0.351071 -0.0540625 0.807929
-0.338571 -0.0543204 0.808537
-0.326073 -0.0546024 0.809163
-0.313567 -0.0549092 0.809809
-0.304537 -0.0551475 0.810289
-0.295508 -0.055405 0.810776
-0.286481 -0.0556853 0.811273
-0.277455 -0.055989 0.811782
-0.270007 -0.0562593 0.81221
-0.266198 -0.0564061 0.812433
-0.262389 -0.0565571 0.812659
-0.25858 -0.0567123 0.812886
-0.254771 -0.0568718 0.813116
-0.25096 -0.0570338 0.813348
-0.238438 -0.0575702 0.814119
-0.225921 -0.0581671 0.814929
-0.213411 -0.0588598 0.815774
-0.20091 -0.0596544 0.816656
-0.188346 -0.0605587 0.817591
-0.182997 -0.0609906 0.818021
-0.177653 -0.0614445 0.818483
-0.172313 -0.0619347 0.818962
-0.166979 -0.0624633 0.819458
-0.164606 -0.0627164 0.819687
-0.163116 -0.0628806 0.819833
-0.161626 -0.0630481 0.819981
-0.160136 -0.0632187 0.82013
-0.158648 -0.0633926 0.820281
-0.157154 -0.0635704 0.820434
-0.150906 -0.064328 0.821082
-0.144677 -0.0651667 0.821815
-0.138475 -0.066104 0.822648
-0.132305 -0.0671544 0.823578
-0.125901 -0.0683647 0.824624
-0.122776 -0.0690381 0.8252
-0.119668 -0.0697483 0.825822
-0.116577 -0.0704945 0.826484
-0.113504 -0.0712767 0.827186
-0.110271 -0.0721415 0.827965
-0.110032 -0.072209 0.828026
-0.109792 -0.0722769 0.828087
-0.109553 -0.072345 0.828149
-0.109315 -0.0724134 0.828211
-0.10909 -0.072478 0.82827
-0.106156 -0.0733272 0.829043
-0.103251 -0.0742225 0.829871
-0.100377 -0.0751638 0.830755
-0.0975363 -0.0761507 0.831695
-0.0944143 -0.0773001 0.832794
-0.0938757 -0.0775088 0.832996
-0.0933387 -0.0777191 0.833201
-0.0928032 -0.0779308 0.833409
-0.0922689 -0.0781438 0.833618
-0.0917718 -0.0783435 0.833815
-0.0891366 -0.0794107 0.834872
-0.0865345 -0.0805077 0.835979
-0.0839664 -0.0816341 0.837135
-0.0814379 -0.0827959 0.838342
-0.0786071 -0.0841533 0.83977
-0.0770185 -0.0849494 0.84062
-0.0754466 -0.0857553 0.841491
-0.0738905 -0.0865702 0.842383
-0.0723493 -0.0873929 0.843293
-0.0711472 -0.0880463 0.844023
-0.0695339 -0.0889354 0.845024
-0.0679328 -0.0898302 0.84604
-0.0663434 -0.0907304 0.847069
-0.0647653 -0.0916355 0.848111
-0.0630854 -0.0926173 0.849249
-0.0626261 -0.0928912 0.849569
-0.0621684 -0.0931657 0.84989
-0.061712 -0.0934408 0.850213
-0.0612557 -0.0937156 0.850536
-0.0608049 -0.0939867 0.850856
-0.0582231 -0.0955375 0.852685
-0.0556653 -0.0970892 0.854548
-0.0531301 -0.0986409 0.856441
-0.0506081 -0.10019 0.858354
-0.0483646 -0.101567 0.86007
-0.0482728 -0.101624 0.860141
-0.048181 -0.10168 0.860212
-0.0480892 -0.101736 0.860283
-0.0479975 -0.101793 0.860354
-0.0479055 -0.101849 0.860425
-0.0453551 -0.103416 0.862395
-0.0428113 -0.10498 0.864376
-0.0402737 -0.106542 0.866367
-0.0377231 -0.108082 0.868359
-0.0350358 -0.109678 0.870443
-0.0342817 -0.110121 0.871023
-0.0335278 -0.110563 0.871604
-0.0327742 -0.111006 0.872184
-0.0320207 -0.111448 0.872765
-0.0312654 -0.11189 0.873346
-0.0308526 -0.11213 0.873663
-0.0304395 -0.112371 0.873979
-0.0300264 -0.112611 0.874296
-0.0296126 -0.112851 0.874612
-0.0291965 -0.113091 0.874929
-0.0263141 -0.114747 0.877117
-0.0234234 -0.11639 0.879304
-0.0205248 -0.118021 0.881489
-0.0176149 -0.119641 0.883667
-0.0147898 -0.121184 0.885738
-0.0138104 -0.12171 0.886442
-0.0128269 -0.122233 0.887141
-0.0118394 -0.122754 0.887837
-0.0108478 -0.123273 0.888529
-0.00981782 -0.123808 0.889239
-0.00953761 -0.123952 0.889429
-0.00925736 -0.124096 0.889619
-0.00897695 -0.12424 0.889809
-0.0086963 -0.124384 0.889999
-0.00841147 -0.12453 0.890191
-0.00590327 -0.125811 0.89188
-0.00338336 -0.127084 0.893557
-0.00085259 -0.12835 0.895223
0.00168833 -0.129609 0.896879
0.00416793 -0.130811 0.898472
0.00609004 -0.131719 0.899675
0.00800515 -0.132634 0.900883
0.0099186 -0.13355 0.902094
0.0118336 -0.134464 0.903303
0.0137019 -0.135354 0.904481
0.0145633 -0.135763 0.905023
0.0154257 -0.136171 0.905564
0.0162895 -0.136579 0.906103
0.0171548 -0.136986 0.90664
0.0180089 -0.137389 0.907171
0.0188417 -0.137781 0.907689
0.0196757 -0.138173 0.908205
0.0205108 -0.138563 0.908721
0.0213469 -0.138953 0.909235
0.0222011 -0.13935 0.909759
0.024499 -0.140415 0.911164
0.0268027 -0.141475 0.912562
0.0291144 -0.142528 0.913952
0.0314349 -0.143575 0.915333
0.0337099 -0.144604 0.916683
0.0346396 -0.145023 0.91723
0.035572 -0.145439 0.917775
0.036507 -0.145851 0.918319
0.0374432 -0.146263 0.91886
0.0383963 -0.146682 0.919409
0.0402826 -0.147511 0.920487
0.0421748 -0.148334 0.921561
0.0440732 -0.149149 0.922628
0.0459871 -0.149956 0.923675
0.0480832 -0.150815 0.924772
0.0486431 -0.151043 0.925062
0.0492025 -0.151272 0.925352
0.0497614 -0.151501 0.925644
0.0503198 -0.15173 0.925936
0.0508802 -0.15196 0.92623
0.0509437 -0.151986 0.926263
0.0510072 -0.152012 0.926296
0.0510707 -0.152038 0.926329
0.0511341 -0.152064 0.926362
0.0511977 -0.15209 0.926396
0.0524136 -0.152587 0.927031
0.0536264 -0.153083 0.927674
0.0548385 -0.153578 0.928318
0.0560507 -0.154075 0.928962
0.0572562 -0.154569 0.929601
0.0581735 -0.154946 0.930087
0.0590896 -0.155323 0.930575
0.0600045 -0.155702 0.931064
0.0609192 -0.156081 0.931553
0.0618238 -0.156455 0.932035
0.0620901 -0.156565 0.932176
0.0623565 -0.156675 0.932317
0.062623 -0.156784 0.932458
0.0628895 -0.156894 0.932599
0.0631553 -0.157003 0.93274
0.0667774 -0.158493 0.934654
0.0704071 -0.159982 0.936554
0.0740458 -0.161469 0.938438
0.0776975 -0.162954 0.940299
0.0812637 -0.164385 0.942067
0.0830664 -0.165098 0.942937
0.084877 -0.165803 0.943797
0.0866918 -0.166504 0.944651
0.0885071 -0.167206 0.945502
0.0904704 -0.167968 0.94642
0.090616 -0.168025 0.946488
0.0907617 -0.168082 0.946556
0.0909073 -0.168139 0.946624
0.091053 -0.168195 0.946691
0.0911986 -0.168252 0.946759
0.0925282 -0.16877 0.947378
0.0938589 -0.169288 0.947994
0.0951909 -0.169805 0.948607
0.096524 -0.170323 0.949218
0.0978461 -0.170836 0.949821
0.101312 -0.172177 0.951393
0.104774 -0.173533 0.952964
0.108235 -0.174898 0.954526
0.111701 -0.176269 0.956074
0.115188 -0.177633 0.957606
0.117616 -0.178565 0.958636
0.120036 -0.179525 0.959659
0.122457 -0.180494 0.960671
0.124892 -0.18145 0.961661
0.127079 -0.182289 0.962522
0.12793 -0.182608 0.962846
0.12878 -0.182927 0.963171
0.12963 -0.183248 0.963496
0.130478 -0.183569 0.963823
0.131331 -0.183892 0.964151
0.133316 -0.184636 0.964907
0.135302 -0.18538 0.96566
0.137293 -0.186123 0.966401
0.139292 -0.186865 0.967124
0.141531 -0.187691 0.967913
0.141924 -0.187835 0.968048
0.142317 -0.187979 0.968182
0.14271 -0.188123 0.968315
0.143103 -0.188266 0.968447
0.143494 -0.188409 0.968579
0.146559 -0.189525 0.969604
0.149634 -0.190638 0.970602
0.152719 -0.191746 0.971576
0.155814 -0.192849 0.972523
0.158829 -0.193916 0.973418
0.161229 -0.194755 0.974095
0.163618 -0.19563 0.974762
0.166009 -0.196504 0.975426
0.168404 -0.197378 0.976076
0.170345 -0.198085 0.976589
0.170871 -0.198277 0.976726
0.171397 -0.198468 0.976862
0.171923 -0.19866 0.976997
0.172449 -0.198852 0.977132
0.172972 -0.199042 0.977266
0.17414 -0.199469 0.977562
0.175309 -0.199895 0.977856
0.176478 -0.200321 0.978149
0.177648 -0.200746 0.978441
0.178845 -0.201178 0.978739
0.181065 -0.201976 0.979292
0.183291 -0.202767 0.979833
0.185523 -0.20355 0.98036
0.187764 -0.204322 0.980866
0.189953 -0.205075 0.981337
0.192041 -0.205771 0.981764
0.194121 -0.2065 0.982172
0.196201 -0.207239 0.982565
0.19828 -0.20798 0.982957
0.200384 -0.208731 0.983354
0.204292 -0.210125 0.984092
0.208197 -0.211562 0.984759
0.212104 -0.213007 0.985399
0.216013 -0.21446 0.98601
0.21991 -0.215903 0.986585
0.22307 -0.217038 0.987022
0.226218 -0.218199 0.987483
0.229364 -0.219372 0.987917
0.232513 -0.220556 0.988305
0.235662 -0.221745 0.988665
0.235666 -0.221747 0.988665
0.23567 -0.221748 0.988666
0.235674 -0.22175 0.988666
0.235679 -0.221751 0.988666
0.235683 -0.221753 0.988667
0.238824 -0.222944 0.989001
0.241961 -0.224145 0.989334
0.245095 -0.225356 0.989665
0.248224 -0.226579 0.989997
0.251386 -0.227827 0.990333
0.254475 -0.229061 0.990655
0.257552 -0.23033 0.990957
0.260619 -0.231628 0.991246
0.26368 -0.232936 0.99154
0.266836 -0.234308 0.991855
0.267243 -0.234489 0.9919
0.26765 -0.23467 0.991945
0.268057 -0.234851 0.991988
0.268464 -0.235032 0.992032
0.268869 -0.235211 0.992076
0.27158 -0.236408 0.992368
0.274293 -0.237599 0.992659
0.277009 -0.238785 0.99294
0.279728 -0.239968 0.993212
0.28242 -0.241132 0.993481
0.285535 -0.242465 0.993803
0.288658 -0.243789 0.994089
0.291791 -0.245092 0.994361
0.294928 -0.246388 0.994624
0.297991 -0.247648 0.994872
0.299323 -0.248187 0.994983
0.300656 -0.248725 0.995088
0.301991 -0.24926 0.995191
0.303327 -0.249791 0.99529
0.30472 -0.250339 0.995391
0.306492 -0.251028 0.995516
0.308268 -0.251706 0.995637
0.310049 -0.252372 0.995755
0.311834 -0.253029 0.99587
0.313578 -0.253665 0.995978
0.319825 -0.255946 0.99635
0.326098 -0.25816 0.996667
0.33239 -0.26033 0.996913
0.338734 -0.262349 0.997135
0.344804 -0.264211 0.997319
0.351005 -0.266055 0.997497
0.357227 -0.267834 0.997642
0.363459 -0.269575 0.997776
0.369696 -0.271298 0.997903
0.37581 -0.272969 0.998019
0.381375 -0.274439 0.998203
0.386939 -0.275917 0.998385
0.392504 -0.277385 0.998576
0.398073 -0.278841 0.998777
0.40377 -0.280321 0.998993
0.404383 -0.280478 0.999017
0.404997 -0.280635 0.999042
0.405611 -0.280792 0.999067
0.406224 -0.280949 0.999092
0.406838 -0.281106 0.999118
0.409626 -0.281816 0.999234
0.412415 -0.282525 0.999352
0.415205 -0.28323 0.999478
0.417995 -0.28393 0.999611
0.419666 -0.284347 0.999695
0.423349 -0.285262 0.999887
0.427034 -0.28617 1.00009
0.43072 -0.287071 1.0003
0.434407 -0.287965 1.00053
0.438085 -0.288849 1.00076
0.450609 -0.291837 1.00162
0.463135 -0.294757 1.00265
0.475665 -0.297646 1.00372
0.488201 -0.300534 1.00472
0.500702 -0.303408 1.00568
0.506948 -0.30483 1.00614
0.513185 -0.306295 1.0066
0.519422 -0.307757 1.00706
0.525661 -0.309208 1.00753
0.531932 -0.310653 1.00801
0.532987 -0.310892 1.00809
0.534042 -0.311132 1.00818
0.535098 -0.311372 1.00826
0.536153 -0.311611 1.00835
0.537206 -0.311848 1.00843
0.542368 -0.313007 1.00884
0.547534 -0.314146 1.00926
0.552704 -0.315265 1.00968
0.557878 -0.316363 1.01011
0.563018 -0.31743 1.01052
0.569153 -0.318697 1.011
0.575294 -0.319958 1.01142
0.581439 -0.321203 1.01182
0.587586 -0.322438 1.01222
0.593692 -0.323654 1.01264
0.599899 -0.324879 1.01311
0.606107 -0.326103 1.01354
0.612318 -0.327327 1.01395
0.61853 -0.328538 1.01437
0.624725 -0.329722 1.01481
0.630945 -0.330889 1.01527
0.63717 -0.332044 1.0157
0.643399 -0.333188 1.01609
0.649629 -0.334324 1.01649
0.655826 -0.335451 1.01689
0.658959 -0.336018 1.0171
0.662091 -0.336585 1.0173
0.665224 -0.337152 1.01751
0.668356 -0.337717 1.01772
0.671489 -0.33828 1.01793
0.674642 -0.338843 1.01813
0.677795 -0.339403 1.01834
0.680949 -0.339959 1.01855
0.684104 -0.34051 1.01875
0.687251 -0.341054 1.01895
0.6904 -0.341591 1.01914
0.693548 -0.342128 1.01934
0.696698 -0.342659 1.01954
0.699848 -0.343182 1.01973
0.702994 -0.343699 1.01993
0.705089 -0.344036 1.02006
0.707185 -0.344371 1.02019
0.709282 -0.344701 1.02032
0.71138 -0.345027 1.02045
0.71375 -0.34539 1.02059
0.714767 -0.345544 1.02065
0.715784 -0.345697 1.02071
0.716801 -0.345849 1.02077
0.717819 -0.345999 1.02084
0.718835 -0.346149 1.0209
0.72515 -0.347072 1.02127
0.731468 -0.347971 1.02164
0.737791 -0.348843 1.02201
0.744116 -0.34969 1.02239
0.75041 -0.35052 1.02275
0.756723 -0.351329 1.02313
0.763037 -0.352137 1.02348
0.769351 -0.35294 1.02384
0.775666 -0.353741 1.02418
0.781973 -0.354536 1.02452
0.788259 -0.355325 1.02485
0.794545 -0.356103 1.02518
0.800831 -0.356884 1.02551
0.807118 -0.357658 1.02583
0.813399 -0.358421 1.02615
0.819669 -0.359161 1.02647
0.825939 -0.359908 1.02677
0.83221 -0.360646 1.02707
0.838482 -0.361376 1.02737
0.844748 -0.362095 1.02767
0.850989 -0.362793 1.02798
0.85723 -0.363495 1.02828
0.863472 -0.364182 1.0286
0.869714 -0.364864 1.02892
0.875955 -0.365541 1.02924
0.882117 -0.366192 1.02957
0.888277 -0.36685 1.02991
0.894437 -0.367506 1.03027
0.900596 -0.368159 1.03065
0.906767 -0.368808 1.03106
0.907835 -0.368918 1.03113
0.908904 -0.369027 1.0312
0.909972 -0.369135 1.03128
0.911041 -0.369244 1.03135
0.912061 -0.369347 1.03142
0.917126 -0.369855 1.03177
0.922191 -0.370357 1.03213
0.927256 -0.370851 1.03249
0.932322 -0.371338 1.03284
0.937383 -0.371817 1.0332
0.943582 -0.372386 1.03365
0.949781 -0.372958 1.03411
0.95598 -0.373526 1.03458
0.962177 -0.374083 1.03506
0.968381 -0.37463 1.03557
0.97029 -0.374794 1.03573
0.972199 -0.374958 1.03589
0.974108 -0.375121 1.03605
0.976017 -0.375282 1.03621
0.978016 -0.37545 1.03638
0.982336 -0.375811 1.03674
0.986657 -0.376166 1.0371
0.990979 -0.376516 1.03745
0.995301 -0.37686 1.0378
0.999617 -0.377199 1.03814
1.01215 -0.378168 1.03916
1.02469 -0.379118 1.04016
1.03723 -0.380045 1.04116
1.04978 -0.380926 1.04214
1.06229 -0.38177 1.04304
1.07479 -0.382514 1.04384
1.08729 -0.383286 1.04467
1.0998 -0.384019 1.04549
1.11231 -0.384702 1.04626
1.12481 -0.385337 1.04694
1.13735 -0.385921 1.04768
1.1499 -0.386455 1.04831
1.16245 -0.386949 1.04892
1.17501 -0.3874 1.04948
1.18752 -0.387805 1.04997
1.20001 -0.388121 1.0505
1.21252 -0.388431 1.05095
1.22502 -0.3887 1.05138
1.23752 -0.388926 1.05178
1.25 -0.38911 1.05215
1.2624 -0.389176 1.05252
1.2748 -0.389263 1.05287
1.28719 -0.389295 1.05322
1.29959 -0.389271 1.05357
1.31198 -0.389191 1.05391
1.32449 -0.38898 1.05428
1.337 -0.388779 1.05462
1.34951 -0.388522 1.05497
1.36201 -0.388205 1.05532
1.37452 -0.387828 1.0557
1.38706 -0.387346 1.05612
1.3996 -0.386855 1.05652
1.41214 -0.386305 1.05693
1.42467 -0.385693 1.05736
1.43721 -0.38502 1.05781
1.44977 -0.384225 1.0583
1.46233 -0.383428 1.05878
1.47488 -0.382571 1.05929
1.48743 -0.381652 1.05981
1.5 -0.380669 1.06035
1.50929 -0.379875 1.06079
1.51858 -0.379068 1.06123
1.52787 -0.378229 1.06167
1.53715 -0.377358 1.06213
1.54598 -0.376501 1.06257
1.54926 -0.37617 1.06274
1.55253 -0.375837 1.06291
1.55581 -0.375501 1.06308
1.55909 -0.375161 1.06324
1.56238 -0.374817 1.06341
1.56275 -0.374778 1.06343
1.56312 -0.374738 1.06345
1.56349 -0.374698 1.06347
1.56387 -0.374659 1.06349
1.56424 -0.37462 1.06351
1.57638 -0.373326 1.06414
1.58851 -0.371981 1.06477
1.60064 -0.370583 1.06541
1.61276 -0.369134 1.06605
1.62494 -0.367625 1.0667
1.63745 -0.366052 1.06739
1.64996 -0.364407 1.06805
1.66246 -0.362717 1.06872
1.67495 -0.360979 1.06939
1.68751 -0.359185 1.07006
1.70002 -0.357429 1.07064
1.71252 -0.355597 1.07126
1.72502 -0.353742 1.07185
1.73751 -0.351854 1.07245
1.75007 -0.349917 1.07304
1.76258 -0.348049 1.07362
1.77507 -0.34608 1.07421
1.78756 -0.344086 1.0748
1.80004 -0.342076 1.0754
1.81261 -0.340058 1.07597
1.82511 -0.338141 1.07646
1.83759 -0.336125 1.07704
1.85007 -0.334103 1.07762
1.86255 -0.332088 1.07819
1.87511 -0.330083 1.07877
1.8876 -0.328202 1.07932
1.90008 -0.326214 1.0799
1.91256 -0.324222 1.08047
1.92504 -0.322261 1.08101
1.93759 -0.32032 1.08152
1.94821 -0.318746 1.0819
1.95882 -0.31714 1.08231
1.96944 -0.315556 1.08271
1.98007 -0.313994 1.08309
1.99072 -0.31245 1.08345
1.99259 -0.312182 1.08351
1.99446 -0.311914 1.08358
1.99633 -0.311646 1.08364
1.9982 -0.311378 1.0837
2.00006 -0.311109 1.08376
2.01256 -0.309333 1.08417
2.02505 -0.307535 1.08458
2.03755 -0.305732 1.08498
2.05004 -0.30393 1.08537
2.06255 -0.302127 1.08573
2.07504 -0.300528 1.08601
2.08751 -0.298739 1.08635
2.09998 -0.296948 1.08667
2.11245 -0.295155 1.08698
2.12503 -0.293402 1.08726
2.13753 -0.291835 1.08745
2.15001 -0.290145 1.08769
2.16248 -0.288357 1.08796
2.17494 -0.286566 1.08821
2.18752 -0.284978 1.08839
2.20002 -0.283623 1.08847
2.2125 -0.282106 1.08861
2.22495 -0.280421 1.08879
2.23741 -0.278749 1.08896
2.25001 -0.277212 1.08906
2.26251 -0.275835 1.0891
2.275 -0.274361 1.08917
2.28747 -0.272794 1.08927
2.29995 -0.271255 1.08934
2.31251 -0.269855 1.08937
2.32501 -0.268632 1.08933
2.33749 -0.267273 1.08933
2.34997 -0.265869 1.08934
2.36246 -0.264489 1.08933
2.375 -0.263143 1.0893
2.3875 -0.261921 1.08922
2.4 -0.260623 1.08917
2.41249 -0.259346 1.0891
2.42499 -0.258089 1.08901
2.4375 -0.256854 1.08892
2.45 -0.255713 1.08879
2.4625 -0.254528 1.08868
2.475 -0.253365 1.08855
2.48749 -0.25222 1.08842
2.5 -0.251091 1.08827
2.50248 -0.250872 1.08824
2.50496 -0.250653 1.0882
2.50743 -0.250434 1.08817
2.50991 -0.250216 1.08814
2.5124 -0.249998 1.0881
2.52242 -0.24912 1.08797
2.53244 -0.248245 1.08782
2.54246 -0.247372 1.08767
2.55248 -0.246502 1.08751
2.5625 -0.245636 1.08735
2.575 -0.244593 1.08714
2.5875 -0.243525 1.08693
2.6 -0.242463 1.08671
2.61249 -0.241405 1.08647
2.625 -0.240348 1.08623
2.6375 -0.239365 1.08596
2.65 -0.238321 1.0857
2.66249 -0.237281 1.08544
2.67499 -0.236244 1.08516
2.6875 -0.235219 1.08488
2.7 -0.234285 1.08458
2.7125 -0.233287 1.08428
2.72499 -0.232275 1.08398
2.73748 -0.231265 1.08367
2.75 -0.230295 1.08334
2.76255 -0.229407 1.08298
2.77509 -0.228458 1.08263
2.78764 -0.227475 1.08229
2.80018 -0.226504 1.08194
2.81274 -0.22558 1.08158
2.82522 -0.224739 1.08121
2.8377 -0.223844 1.08084
2.85018 -0.222931 1.08046
2.86265 -0.222028 1.08007
2.87515 -0.221156 1.07967
2.88763 -0.220359 1.07924
2.9001 -0.21951 1.07883
2.91257 -0.218659 1.07841
2.92505 -0.217817 1.07799
2.93753 -0.216991 1.07756
2.95003 -0.216233 1.07712
2.96252 -0.215426 1.07668
2.97501 -0.21463 1.07623
2.9875 -0.213843 1.07578
3 -0.213066 1.07533
3.0125 -0.212344 1.07485
3.025 -0.211591 1.07438
3.0375 -0.210847 1.0739
3.05 -0.210113 1.07342
3.0625 -0.209387 1.07294
3.075 -0.208702 1.07246
3.0875 -0.207998 1.07197
3.1 -0.207304 1.07147
3.1125 -0.206618 1.07098
3.125 -0.205941 1.07048
3.1375 -0.205289 1.06996
3.15 -0.204631 1.06945
3.1625 -0.203983 1.06894
3.175 -0.203343 1.06842
3.1875 -0.202711 1.0679
3.18946 -0.202614 1.06782
3.19142 -0.202517 1.06774
3.19338 -0.202419 1.06766
3.19534 -0.202323 1.06758
3.19729 -0.202226 1.06749
3.20783 -0.201707 1.06705
3.21837 -0.201193 1.06661
3.22892 -0.200684 1.06617
3.23946 -0.20018 1.06573
3.25 -0.199682 1.06528
3.2625 -0.199103 1.06475
3.275 -0.198524 1.06422
3.2875 -0.197952 1.0637
3.3 -0.197387 1.06317
3.3125 -0.196829 1.06264
3.325 -0.19629 1.0621
3.3375 -0.195744 1.06157
3.35 -0.195205 1.06105
3.3625 -0.194672 1.06052
3.375 -0.194149 1.05999
3.3875 -0.193648 1.05945
3.4 -0.19314 1.05891
3.4125 -0.19264 1.05838
3.425 -0.192149 1.05784
3.4375 -0.191666 1.0573
3.45 -0.1912 1.05676
3.4625 -0.190733 1.05622
3.475 -0.190275 1.05568
3.4875 -0.189824 1.05513
3.5 -0.189382 1.05459
3.51086 -0.189006 1.05412
3.52172 -0.18863 1.05364
3.53258 -0.188259 1.05317
3.54344 -0.187894 1.05269
3.55535 -0.1875 1.05217
3.55678 -0.187453 1.05211
3.55821 -0.187407 1.05204
3.55964 -0.187361 1.05198
3.56107 -0.187314 1.05192
3.5625 -0.187268 1.05185
3.575 -0.186866 1.05131
3.5875 -0.18647 1.05076
3.6 -0.18608 1.05021
3.6125 -0.185697 1.04966
3.625 -0.185319 1.04911
3.6375 -0.184949 1.04855
3.65 -0.184578 1.048
3.6625 -0.184211 1.04745
3.675 -0.183851 1.04689
3.6875 -0.183497 1.04633
3.7 -0.183159 1.04579
3.7125 -0.182816 1.04523
3.725 -0.18248 1.04468
3.7375 -0.182149 1.04412
3.75 -0.181822 1.04356
3.7625 -0.18151 1.04301
3.775 -0.181192 1.04245
3.7875 -0.180877 1.04189
3.8 -0.180567 1.04134
3.8125 -0.180263 1.04078
3.825 -0.17998 1.04023
3.8375 -0.179686 1.03968
3.85 -0.179398 1.03912
3.8625 -0.179114 1.03857
3.875 -0.178833 1.03801
3.8875 -0.178573 1.03746
3.9 -0.178301 1.0369
3.9125 -0.178032 1.03635
3.925 -0.177767 1.03579
3.9375 -0.177508 1.03524
3.95 -0.177273 1.0347
3.9625 -0.177022 1.03415
3.975 -0.176777 1.0336
3.9875 -0.176535 1.03305
4 -0.176295 1.0325
4.0125 -0.176079 1.03194
4.025 -0.175848 1.0314
4.0375 -0.17562 1.03085
4.05 -0.175396 1.0303
4.0625 -0.175175 1.02975
4.075 -0.174981 1.02922
4.0875 -0.174769 1.02868
4.1 -0.17456 1.02813
4.1125 -0.174354 1.02759
4.125 -0.174152 1.02704
4.1375 -0.173973 1.0265
4.15 -0.17378 1.02596
4.1625 -0.173587 1.02542
4.175 -0.173398 1.02488
4.1875 -0.173214 1.02434
4.2 -0.173055 1.02382
4.2125 -0.172879 1.02328
4.225 -0.172706 1.02275
4.2375 -0.172537 1.02221
4.25 -0.172371 1.02167
4.2625 -0.172226 1.02114
4.275 -0.17207 1.0206
4.2875 -0.171917 1.02007
4.3 -0.171768 1.01954
4.3125 -0.171622 1.01901
4.325 -0.171493 1.01849
4.3375 -0.171355 1.01796
4.35 -0.171221 1.01743
4.3625 -0.171091 1.01691
4.375 -0.170964 1.01638
4.3875 -0.170847 1.01585
4.4 -0.170727 1.01533
4.4125 -0.170611 1.01481
4.425 -0.170497 1.01428
4.4375 -0.170387 1.01376
4.44727 -0.170307 1.01336
4.45704 -0.170225 1.01295
4.4668 -0.170146 1.01255
4.47657 -0.170068 1.01215
4.48639 -0.169992 1.01174
4.48911 -0.169972 1.01163
4.49184 -0.169951 1.01152
4.49456 -0.169931 1.0114
4.49728 -0.16991 1.01129
4.5 -0.16989 1.01118
4.5125 -0.169799 1.01067
4.525 -0.169709 1.01015
4.5375 -0.169621 1.00964
4.55 -0.169536 1.00912
4.5625 -0.169452 1.00861
4.575 -0.169373 1.0081
4.5875 -0.169294 1.00759
4.6 -0.169217 1.00709
4.6125 -0.169142 1.00658
4.625 -0.169069 1.00607
4.6375 -0.169002 1.00557
4.65 -0.168933 1.00507
4.6625 -0.168865 1.00456
4.675 -0.1688 1.00405
4.6875 -0.168737 1.00355
4.7 -0.168681 1.00305
4.7125 -0.168621 1.00255
4.725 -0.168563 1.00205
4.7375 -0.168507 1.00155
4.75 -0.168453 1.00105
4.7625 -0.168409 1.00056
4.775 -0.168358 1.00006
4.7875 -0.168308 0.999564
4.8 -0.168261 0.999068
4.8125 -0.168216 0.998572
4.825 -0.16818 0.998077
4.8375 -0.168138 0.997583
4.85 -0.168097 0.997091
4.8625 -0.168057 0.996599
4.875 -0.168022 0.996111
4.8875 -0.167996 0.995636
4.9 -0.167964 0.995151
4.9125 -0.16793 0.994662
4.925 -0.167898 0.994174
4.9375 -0.167871 0.993686
4.95 -0.167852 0.993199
4.9625 -0.167827 0.992713
4.975 -0.167801 0.992229
4.9875 -0.167776 0.991745
5 -0.167757 0.991269
5.0125 -0.167747 0.990805
5.025 -0.167731 0.990332
5.0375 -0.167712 0.989853
5.05 -0.167695 0.989376
5.0625 -0.167683 0.988899
5.075 -0.167678 0.988423
5.0875 -0.167669 0.987949
5.1 -0.167657 0.987476
5.1125 -0.167647 0.987004
5.125 -0.167642 0.986538
5.1375 -0.167646 0.986084
5.15 -0.167644 0.985622
5.1625 -0.16764 0.985154
5.175 -0.167637 0.984687
5.1875 -0.167639 0.98422
5.2 -0.167648 0.983755
5.2125 -0.167653 0.983291
5.225 -0.167655 0.982828
5.2375 -0.167658 0.982365
5.25 -0.167667 0.98191
5.2625 -0.167683 0.981465
5.275 -0.167694 0.981012
5.2875 -0.167702 0.980554
5.3 -0.167712 0.980096
5.3125 -0.167726 0.979639
5.325 -0.167747 0.979184
5.3375 -0.167764 0.978729
5.35 -0.167778 0.978276
5.3625 -0.167793 0.977822
5.375 -0.167813 0.977376
5.3875 -0.16784 0.976939
5.4 -0.167863 0.976495
5.4125 -0.167883 0.976046
5.425 -0.167904 0.975597
5.4375 -0.167929 0.975149
5.45 -0.167961 0.974702
5.4625 -0.167988 0.974256
5.475 -0.168014 0.973811
5.4875 -0.168039 0.973367
5.5 -0.168069 0.972928
5.5125 -0.168106 0.972499
5.525 -0.168139 0.972063
5.5375 -0.168168 0.971622
5.55 -0.168199 0.971181
5.5625 -0.168234 0.970741
5.575 -0.168275 0.970303
5.5875 -0.168312 0.969865
5.6 -0.168347 0.969428
5.6125 -0.168382 0.968991
5.625 -0.168422 0.968559
5.6375 -0.168468 0.968136
5.65 -0.168509 0.967704
5.6625 -0.16855 0.967271
5.675 -0.168591 0.966838
5.6875 -0.168635 0.966405
5.7 -0.168685 0.965974
5.7125 -0.168731 0.965544
5.725 -0.168777 0.965114
5.7375 -0.168823 0.964684
5.75 -0.168871 0.964255
5.7625 -0.168926 0.963836
5.775 -0.168976 0.963409
5.7875 -0.169026 0.962983
5.8 -0.169078 0.962557
5.8125 -0.16913 0.962131
5.825 -0.169188 0.961707
5.8375 -0.169243 0.961283
5.85 -0.169298 0.96086
5.8625 -0.169354 0.960437
5.875 -0.169411 0.960014
5.8875 -0.169472 0.959599
5.9 -0.169531 0.959178
5.9125 -0.169591 0.958759
5.925 -0.169652 0.958339
5.9375 -0.169713 0.95792
5.95 -0.169778 0.957502
5.9625 -0.169841 0.957085
5.975 -0.169905 0.956667
5.9875 -0.169969 0.95625
6 -0.170035 0.955833
6.0125 -0.170103 0.95542
6.025 -0.17017 0.955005
6.0375 -0.170238 0.954592
6.05 -0.170307 0.954178
6.0625 -0.170376 0.953765
6.07254 -0.170433 0.953434
6.08258 -0.170491 0.953102
6.09262 -0.170548 0.952771
6.10266 -0.170607 0.95244
6.11274 -0.170666 0.952108
6.11519 -0.17068 0.952027
6.11764 -0.170695 0.951947
6.1201 -0.170709 0.951866
6.12255 -0.170724 0.951786
6.125 -0.170739 0.951705
6.1375 -0.170813 0.951295
6.15 -0.170889 0.950885
6.1625 -0.170965 0.950476
6.175 -0.171042 0.950067
6.1875 -0.171119 0.949658
6.2 -0.171197 0.94925
6.2125 -0.171276 0.948841
6.225 -0.171355 0.948432
6.2375 -0.171435 0.948023
6.25 -0.171516 0.947615
6.2625 -0.171597 0.947207
6.275 -0.171679 0.9468
6.2875 -0.171761 0.946393
6.3 -0.171845 0.945986
6.3125 -0.171929 0.945578
6.325 -0.172013 0.945175
6.3375 -0.172098 0.944768
6.35 -0.172184 0.944361
6.3625 -0.172271 0.943955
6.375 -0.172358 0.943548
6.3875 -0.172446 0.943143
6.4 -0.172534 0.942738
6.4125 -0.172624 0.942332
6.425 -0.172713 0.941926
6.4375 -0.172804 0.941521
6.45 -0.172895 0.941121
6.4625 -0.172986 0.940716
6.475 -0.173078 0.940311
6.4875 -0.173171 0.939906
6.5 -0.173264 0.9395
6.5125 -0.173358 0.939098
6.525 -0.173452 0.938693
6.5375 -0.173547 0.938289
6.55 -0.173643 0.937885
6.5625 -0.17374 0.937481
6.575 -0.173837 0.937085
6.5875 -0.173934 0.936683
6.6 -0.174033 0.93628
6.6125 -0.174132 0.935878
6.625 -0.174232 0.935476
6.6375 -0.174332 0.935077
6.65 -0.174433 0.934676
6.6625 -0.174534 0.934275
6.675 -0.174637 0.933875
6.6875 -0.174739 0.933474
6.7 -0.174843 0.933081
6.7125 -0.174947 0.932682
6.725 -0.175052 0.932283
6.7375 -0.175157 0.931885
6.75 -0.175263 0.931486
6.7625 -0.175369 0.931091
6.775 -0.175476 0.930693
6.7875 -0.175584 0.930296
6.8 -0.175692 0.929899
6.8125 -0.175801 0.929502
6.825 -0.175911 0.929111
6.8375 -0.176021 0.928715
6.85 -0.176131 0.928319
6.8625 -0.176243 0.927924
6.875 -0.176355 0.927528
6.8875 -0.176467 0.927135
6.9 -0.17658 0.926741
6.9125 -0.176693 0.926346
6.925 -0.176807 0.925952
6.9375 -0.176922 0.925558
6.95 -0.177038 0.925169
6.9625 -0.177154 0.924776
6.975 -0.17727 0.924383
6.9875 -0.177388 0.923989
7 -0.177506 0.923596
7.0125 -0.177624 0.923206
7.025 -0.177743 0.922814
7.0375 -0.177863 0.922422
7.05 -0.177983 0.92203
7.0625 -0.178104 0.921639
7.075 -0.178226 0.921253
7.0875 -0.178349 0.920862
7.1 -0.178472 0.920472
7.1125 -0.178596 0.920081
7.125 -0.17872 0.919691
7.1375 -0.178845 0.919304
7.15 -0.178971 0.918914
7.1625 -0.179097 0.918525
7.175 -0.179224 0.918136
7.1875 -0.179351 0.917747
7.2 -0.17948 0.917363
7.2125 -0.179608 0.916975
7.225 -0.179738 0.916587
7.2375 -0.179868 0.916199
7.25 -0.179999 0.915812
7.2625 -0.18013 0.915426
7.275 -0.180262 0.91504
7.2875 -0.180395 0.914653
7.3 -0.180528 0.914266
7.3125 -0.180661 0.91388
7.325 -0.180796 0.913498
7.3375 -0.180931 0.913112
7.35 -0.181066 0.912727
7.3625 -0.181203 0.912341
7.375 -0.181339 0.911956
7.3875 -0.181477 0.911573
7.4 -0.181614 0.911189
7.4125 -0.181753 0.910805
7.425 -0.181892 0.910421
7.4375 -0.182031 0.910037
7.45 -0.182171 0.909656
7.4625 -0.182312 0.909273
7.475 -0.182453 0.90889
7.4875 -0.182595 0.908507
7.5 -0.182738 0.908124
7.5125 -0.182881 0.907743
7.525 -0.183025 0.907361
7.5375 -0.183169 0.906979
7.55 -0.183313 0.906598
7.5625 -0.183459 0.906216
7.575 -0.183605 0.905837
7.5875 -0.183751 0.905456
7.6 -0.183898 0.905076
7.6125 -0.184046 0.904695
7.625 -0.184194 0.904315
7.6375 -0.184343 0.903936
7.65 -0.184492 0.903557
7.6625 -0.184642 0.903178
7.675 -0.184793 0.902799
7.6875 -0.184943 0.90242
7.7 -0.185095 0.902043
7.7125 -0.185247 0.901665
7.725 -0.1854 0.901287
7.7375 -0.185553 0.900909
7.75 -0.185707 0.900532
7.7625 -0.185862 0.900155
7.775 -0.186017 0.899779
7.7875 -0.186172 0.899402
7.8 -0.186329 0.899026
7.8125 -0.186486 0.89865
7.825 -0.186643 0.898275
7.8375 -0.186802 0.8979
7.85 -0.186961 0.897526
7.8625 -0.187121 0.897152
7.875 -0.187282 0.896779
7.87837 -0.187326 0.896678
7.88175 -0.187369 0.896578
7.88512 -0.187413 0.896477
7.88849 -0.187457 0.896377
7.89177 -0.1875 0.896279
7.90092 -0.18762 0.896007
7.91006 -0.18774 0.895735
7.91921 -0.187862 0.895464
7.92835 -0.187984 0.895192
7.9375 -0.188108 0.894922
7.95 -0.188277 0.894552
7.9625 -0.188448 0.894183
7.975 -0.188619 0.893815
7.9875 -0.18879 0.893447
8 -0.188961 0.89308
8.0044 -0.189021 0.892951
8.00879 -0.189082 0.892823
8.01319 -0.189142 0.892695
8.01758 -0.189202 0.892569
8.02206 -0.189263 0.89244
8.04265 -0.189545 0.891857
8.06324 -0.189825 0.89129
8.08383 -0.190104 0.890738
8.10442 -0.190381 0.890181
8.125 -0.190657 0.88962
8.15 -0.190982 0.888942
8.175 -0.191332 0.888264
8.2 -0.191688 0.88759
8.225 -0.192049 0.886916
8.25 -0.192414 0.886241
8.3 -0.193052 0.88491
8.35 -0.19366 0.883606
8.4 -0.194215 0.882298
8.45 -0.194725 0.880976
8.5 -0.195197 0.879672
8.55 -0.195599 0.878636
8.59999 -0.196035 0.877368
8.64999 -0.196474 0.876083
8.69998 -0.196913 0.874803
8.75 -0.197349 0.87354
8.8 -0.19776 0.872468
8.84999 -0.198208 0.871187
8.89999 -0.198654 0.869904
8.94998 -0.199098 0.86863
9 -0.199541 0.867368
9.1 -0.200357 0.865452
9.2 -0.20113 0.863564
9.3 -0.201858 0.861699
9.40001 -0.202471 0.860035
9.5 -0.20284 0.858457
9.6 -0.202971 0.856961
9.69999 -0.203227 0.855169
9.79998 -0.20361 0.853076
9.89997 -0.203967 0.851024
10 -0.204206 0.849381
10.2 -0.20446 0.846885
10.4 -0.204678 0.844451
10.6 -0.204714 0.842295
10.8 -0.20457 0.840513
11 -0.204282 0.83937
11.2 -0.20442 0.838587
11.4 -0.204198 0.837571
11.6 -0.203963 0.836597
11.8 -0.203724 0.835669
12 -0.203509 0.834782
12.2 -0.203674 0.834193
12.4 -0.203503 0.833428
12.6 -0.203323 0.832687
12.8 -0.203141 0.831974
13 -0.20297 0.831286
13.2 -0.203146 0.830815
13.4 -0.202993 0.830177
13.6 -0.202834 0.829548
13.8 -0.202675 0.828931
14 -0.202523 0.828327
14.2 -0.202702 0.827907
14.4 -0.202567 0.827333
14.6 -0.202427 0.826761
14.8 -0.202285 0.826194
15 -0.202142 0.825635
-1.001 -0.05 0.843205
-0.98855 -0.0500226 0.843398
-0.976099 -0.050047 0.843594
-0.963649 -0.0500719 0.843793
-0.951199 -0.0500973 0.843995
-0.938748 -0.0501232 0.8442
-0.926287 -0.0501473 0.84441
-0.913826 -0.0501729 0.844624
-0.901365 -0.0501996 0.844842
-0.888904 -0.0502272 0.845064
-0.876442 -0.0502557 0.845291
-0.863955 -0.0502839 0.845524
-0.851469 -0.0503132 0.845762
-0.838982 -0.0503439 0.846005
-0.826496 -0.0503759 0.846254
-0.814009 -0.0504094 0.846508
-0.801523 -0.0504425 0.846768
-0.789038 -0.0504774 0.847033
-0.776552 -0.0505142 0.847304
-0.764067 -0.0505528 0.847582
-0.751581 -0.0505931 0.847866
-0.739099 -0.0506341 0.848157
-0.726618 -0.0506764 0.848455
-0.714136 -0.0507212 0.848761
-0.701655 -0.0507682 0.849074
-0.689172 -0.0508179 0.849395
-0.676688 -0.0508678 0.849723
-0.664203 -0.0509203 0.850059
-0.651719 -0.0509762 0.850404
-0.639235 -0.0510351 0.850758
-0.626748 -0.0510973 0.851121
-0.614102 -0.0511619 0.851498
-0.601457 -0.0512288 0.851886
-0.588811 -0.0513001 0.852285
-0.576167 -0.0513758 0.852696
-0.563522 -0.0514562 0.853117
-0.551138 -0.051536 0.853541
-0.538755 -0.0516207 0.853976
-0.526372 -0.0517117 0.854424
-0.51399 -0.0518087 0.854885
-0.501604 -0.0519116 0.855361
-0.48908 -0.0520194 0.855857
-0.476557 -0.052132 0.856369
-0.464034 -0.0522534 0.8569
-0.451513 -0.0523837 0.857449
-0.438985 -0.0525233 0.858016
-0.426456 -0.0526666 0.858599
-0.413929 -0.0528202 0.859203
-0.401404 -0.0529876 0.859829
-0.38888 -0.0531684 0.860481
-0.376344 -0.053363 0.86116
-0.363813 -0.0535675 0.861862
-0.351283 -0.0537849 0.862596
-0.338755 -0.0540238 0.863367
-0.326231 -0.0542844 0.864175
-0.313685 -0.0545677 0.865023
-0.301163 -0.0548636 0.865899
-0.288646 -0.0551893 0.866824
-0.276134 -0.0555525 0.867812
-0.263629 -0.0559542 0.868863
-0.251077 -0.0563968 0.869985
-0.240086 -0.0568149 0.871019
-0.229106 -0.0572778 0.872136
-0.218139 -0.0577978 0.87335
-0.207186 -0.058377 0.874664
-0.203501 -0.0585928 0.875141
-0.200481 -0.0587757 0.875542
-0.197463 -0.058963 0.875951
-0.194446 -0.0591547 0.876368
-0.19143 -0.0593509 0.876793
-0.188402 -0.0595522 0.877228
-0.18214 -0.0599749 0.878155
-0.175888 -0.0604159 0.87914
-0.169649 -0.0608895 0.880183
-0.163422 -0.0613962 0.881286
-0.15709 -0.0619472 0.882471
-0.155357 -0.0621086 0.882813
-0.153626 -0.062273 0.883163
-0.151896 -0.0624412 0.88352
-0.150169 -0.0626135 0.883885
-0.148792 -0.062754 0.884182
-0.144194 -0.0632325 0.885192
-0.139611 -0.0637381 0.886256
-0.135044 -0.0642711 0.887374
-0.130492 -0.0648282 0.888544
-0.125798 -0.0654258 0.889807
-0.11953 -0.0662572 0.891574
-0.113306 -0.0671489 0.89346
-0.107127 -0.0680907 0.895469
-0.100996 -0.0690819 0.897597
-0.0944521 -0.0702066 0.900048
-0.0910543 -0.0708444 0.901408
-0.0876764 -0.0714993 0.902808
-0.0843177 -0.0721651 0.904249
-0.080978 -0.0728373 0.90573
-0.0785438 -0.0733383 0.906841
-0.0754306 -0.0739926 0.908289
-0.0723334 -0.0746664 0.909761
-0.069258 -0.0753685 0.911266
-0.0662065 -0.0761007 0.912804
-0.0629741 -0.0769004 0.914472
-0.0618674 -0.0771833 0.915057
-0.0607619 -0.0774686 0.915643
-0.0596585 -0.0777553 0.916233
-0.058557 -0.0780436 0.916825
-0.0575258 -0.0783153 0.917383
-0.0556875 -0.0788026 0.918385
-0.0538506 -0.0792924 0.919387
-0.0520151 -0.0797847 0.920392
-0.0501811 -0.0802795 0.921397
-0.048379 -0.080768 0.922391
-0.0480818 -0.0808489 0.922556
-0.0477847 -0.0809298 0.922721
-0.0474876 -0.0810108 0.922885
-0.0471905 -0.0810917 0.92305
-0.0468933 -0.0811729 0.923216
-0.0436072 -0.0820728 0.925047
-0.0403283 -0.0829848 0.926885
-0.0370585 -0.0839091 0.928734
-0.0337989 -0.0848453 0.930594
-0.03046 -0.0858178 0.932511
-0.0286413 -0.086355 0.93356
-0.0268248 -0.0868966 0.934612
-0.0250102 -0.0874425 0.935664
-0.0231973 -0.087993 0.936717
-0.0214082 -0.0885417 0.937758
-0.0199374 -0.0889972 0.938615
-0.0184677 -0.0894548 0.939473
-0.016999 -0.0899143 0.940332
-0.0155314 -0.0903759 0.941192
-0.0140508 -0.0908445 0.942058
-0.0128452 -0.0912284 0.942762
-0.0116402 -0.091614 0.943467
-0.0104354 -0.0920014 0.944171
-0.00923018 -0.0923901 0.944874
-0.0080637 -0.0927676 0.945552
-0.00615586 -0.093387 0.946658
-0.00424852 -0.0940107 0.947762
-0.00234236 -0.0946394 0.948866
-0.000437365 -0.095273 0.949969
0.00148539 -0.0959159 0.951081
0.00180469 -0.0960232 0.951266
0.00212393 -0.0961306 0.95145
0.0024431 -0.0962382 0.951635
0.00276221 -0.0963459 0.95182
0.00308185 -0.0964539 0.952004
0.00619541 -0.0975062 0.953803
0.00930678 -0.0985716 0.955599
0.0124161 -0.0996511 0.957389
0.0155248 -0.100742 0.959173
0.0186558 -0.101847 0.960959
0.0203323 -0.102443 0.961909
0.0220092 -0.103041 0.962856
0.0236863 -0.103643 0.963801
0.0253639 -0.104248 0.964743
0.0270829 -0.10487 0.965705
0.0280603 -0.105224 0.96625
0.0290385 -0.105579 0.966794
0.0300176 -0.105933 0.967336
0.0309967 -0.106288 0.967877
0.0319704 -0.106643 0.968415
0.032345 -0.106779 0.968621
0.0327195 -0.106916 0.968828
0.0330941 -0.107053 0.969034
0.0334687 -0.107189 0.969241
0.0338431 -0.107326 0.969447
0.0369444 -0.10846 0.971152
0.040048 -0.109599 0.972849
0.0431539 -0.110745 0.974537
0.0462626 -0.111894 0.976218
0.0493441 -0.113034 0.977869
0.0501831 -0.113344 0.978313
0.0510229 -0.113654 0.978757
0.0518632 -0.113964 0.979199
0.0527035 -0.114274 0.979641
0.053559 -0.114591 0.980091
0.05596 -0.115482 0.981351
0.0583649 -0.116375 0.982603
0.0607759 -0.117267 0.983843
0.0631922 -0.118158 0.985074
0.065562 -0.119032 0.986273
0.0663685 -0.11933 0.98668
0.0671756 -0.119628 0.987086
0.0679833 -0.119926 0.98749
0.0687915 -0.120223 0.987893
0.0695992 -0.120521 0.988295
0.0720361 -0.121416 0.989504
0.0744762 -0.122312 0.990707
0.0769183 -0.123208 0.991905
0.0793624 -0.124105 0.993099
0.0817845 -0.124994 0.994274
0.0820155 -0.125079 0.994386
0.0822466 -0.125164 0.994497
0.0824777 -0.125249 0.994608
0.0827089 -0.125333 0.994719
0.0829419 -0.125419 0.994831
0.0858813 -0.126496 0.99624
0.0888312 -0.127568 0.997631
0.0917915 -0.128634 0.999004
0.0947627 -0.129693 1.00036
0.0976401 -0.130711 1.00165
0.100753 -0.131811 1.00304
0.103884 -0.132894 1.00439
0.107025 -0.133968 1.00573
0.110172 -0.135041 1.00706
0.113207 -0.136074 1.00832
0.11349 -0.13617 1.00844
0.113773 -0.136266 1.00856
0.114056 -0.136362 1.00868
0.114339 -0.136458 1.00879
0.114623 -0.136555 1.00891
0.115131 -0.136727 1.00912
0.115638 -0.136899 1.00933
0.116146 -0.13707 1.00953
0.116654 -0.137242 1.00974
0.117171 -0.137416 1.00995
0.119479 -0.138196 1.01089
0.121791 -0.138974 1.01183
0.124106 -0.139751 1.01275
0.126425 -0.140527 1.01367
0.128712 -0.141289 1.01456
0.131842 -0.142328 1.01578
0.13498 -0.143365 1.01698
0.138125 -0.1444 1.01816
0.141276 -0.145431 1.01933
0.144364 -0.146436 1.02047
0.147088 -0.147318 1.02146
0.149813 -0.148201 1.02244
0.152542 -0.149082 1.02341
0.155277 -0.149961 1.02437
0.15803 -0.150841 1.02532
0.158402 -0.150959 1.02545
0.158774 -0.151077 1.02558
0.159145 -0.151195 1.0257
0.159517 -0.151313 1.02583
0.159888 -0.151431 1.02596
0.159977 -0.151459 1.02599
0.160066 -0.151487 1.02602
0.160154 -0.151515 1.02605
0.160243 -0.151544 1.02608
0.160332 -0.151572 1.02611
0.163366 -0.152534 1.02713
0.166406 -0.153493 1.02815
0.169451 -0.154447 1.02915
0.172502 -0.155398 1.03014
0.175501 -0.156331 1.0311
0.178674 -0.157324 1.03211
0.181853 -0.158312 1.03311
0.185037 -0.159296 1.0341
0.188225 -0.160279 1.03507
0.191365 -0.161249 1.03603
0.194188 -0.162124 1.03688
0.197015 -0.162997 1.03772
0.199843 -0.16387 1.03856
0.202674 -0.164743 1.03939
0.205507 -0.165615 1.04022
0.205834 -0.165716 1.04031
0.206161 -0.165816 1.04041
0.206489 -0.165917 1.0405
0.206816 -0.166018 1.0406
0.207143 -0.166118 1.04069
0.207753 -0.166305 1.04086
0.208363 -0.166493 1.04104
0.208973 -0.16668 1.04121
0.209584 -0.166867 1.04139
0.210203 -0.167057 1.04157
0.212684 -0.167817 1.04227
0.215166 -0.168575 1.04298
0.21765 -0.169332 1.04368
0.220135 -0.170089 1.04437
0.222608 -0.17084 1.04506
0.225719 -0.171777 1.04592
0.228833 -0.172715 1.04677
0.231948 -0.173652 1.04761
0.235065 -0.174586 1.04846
0.238167 -0.175508 1.04928
0.241265 -0.176421 1.0501
0.244365 -0.177334 1.05091
0.247465 -0.178244 1.05172
0.250571 -0.179145 1.05252
0.253659 -0.18003 1.05331
0.256185 -0.180743 1.05395
0.258712 -0.181452 1.05458
0.261242 -0.182154 1.05521
0.263776 -0.182849 1.05584
0.266481 -0.183584 1.0565
0.266989 -0.183721 1.05662
0.267497 -0.183857 1.05675
0.268005 -0.183993 1.05687
0.268514 -0.184128 1.05699
0.269032 -0.184267 1.05712
0.269053 -0.184272 1.05712
0.269074 -0.184278 1.05713
0.269095 -0.184283 1.05713
0.269116 -0.184289 1.05714
0.269137 -0.184295 1.05714
0.272289 -0.185133 1.0579
0.275446 -0.185957 1.05864
0.278609 -0.186767 1.05938
0.281779 -0.187563 1.0601
0.284895 -0.188331 1.0608
0.288029 -0.189101 1.06151
0.29117 -0.189855 1.0622
0.294316 -0.190599 1.06287
0.297467 -0.191332 1.06354
0.300565 -0.192051 1.06419
0.303934 -0.192838 1.06489
0.30731 -0.19361 1.06557
0.310693 -0.194369 1.06624
0.314079 -0.195122 1.06689
0.317428 -0.195867 1.06754
0.320492 -0.196547 1.06814
0.323559 -0.197226 1.06873
0.326629 -0.1979 1.0693
0.3297 -0.19857 1.06987
0.332757 -0.199235 1.07044
0.335367 -0.199802 1.07091
0.337981 -0.200361 1.07138
0.340595 -0.200919 1.07185
0.343209 -0.201478 1.07231
0.346043 -0.202081 1.07281
0.346369 -0.20215 1.07286
0.346694 -0.202219 1.07292
0.34702 -0.202288 1.07298
0.347346 -0.202356 1.07303
0.347671 -0.202425 1.07309
0.353617 -0.203676 1.07413
0.359569 -0.204912 1.07514
0.365529 -0.206132 1.07613
0.371493 -0.207337 1.07711
0.377402 -0.208536 1.07807
0.383501 -0.209782 1.07906
0.389609 -0.210987 1.08004
0.395718 -0.212172 1.08104
0.401826 -0.213351 1.08205
0.407898 -0.214517 1.08307
0.411336 -0.215179 1.08366
0.414777 -0.215828 1.08424
0.418217 -0.216476 1.08484
0.421656 -0.217121 1.08544
0.425472 -0.217834 1.08611
0.428082 -0.21832 1.08657
0.430691 -0.218805 1.08704
0.433301 -0.219289 1.08751
0.435911 -0.219772 1.08798
0.438522 -0.220253 1.08845
0.44413 -0.221279 1.08947
0.449734 -0.222312 1.09051
0.455337 -0.22333 1.09156
0.460942 -0.224329 1.09262
0.465661 -0.225153 1.09353
0.466409 -0.225281 1.09368
0.467156 -0.225409 1.09382
0.467904 -0.225537 1.09397
0.468651 -0.225664 1.09411
0.469399 -0.225791 1.09426
0.475639 -0.226849 1.09549
0.481875 -0.227897 1.09675
0.488107 -0.228932 1.09803
0.494336 -0.229954 1.09934
0.500597 -0.230983 1.10067
0.50682 -0.231947 1.10199
0.513031 -0.232952 1.10334
0.519237 -0.233977 1.10469
0.525439 -0.234999 1.10607
0.531709 -0.236009 1.10746
0.537971 -0.23699 1.10883
0.544225 -0.237983 1.11023
0.550471 -0.238986 1.11165
0.55672 -0.239984 1.11307
0.563016 -0.240954 1.11448
0.569286 -0.241867 1.11586
0.575552 -0.242828 1.11723
0.581817 -0.243808 1.11859
0.58808 -0.244806 1.11995
0.594371 -0.245827 1.12131
0.59741 -0.246325 1.12195
0.600447 -0.246823 1.1226
0.603482 -0.247333 1.12325
0.606515 -0.247858 1.1239
0.609566 -0.248401 1.12456
0.610636 -0.248598 1.12478
0.611706 -0.248798 1.125
0.612776 -0.249002 1.12523
0.613845 -0.249209 1.12545
0.614991 -0.249436 1.12568
0.61611 -0.249661 1.12591
0.617228 -0.24989 1.12614
0.618346 -0.250123 1.12637
0.619464 -0.25036 1.12659
0.620364 -0.250554 1.12677
0.621156 -0.250726 1.12693
0.621948 -0.250901 1.12709
0.622739 -0.251077 1.12724
0.62353 -0.251255 1.1274
0.624324 -0.251435 1.12755
0.627341 -0.252128 1.12814
0.63035 -0.252852 1.12873
0.633352 -0.253612 1.12931
0.636346 -0.254405 1.12989
0.639408 -0.255253 1.13047
0.642407 -0.256116 1.13106
0.645398 -0.257001 1.13166
0.648379 -0.257912 1.13226
0.651346 -0.258875 1.13287
0.654435 -0.25996 1.13346
0.657567 -0.261151 1.13403
0.660658 -0.262422 1.13464
0.663727 -0.263745 1.13526
0.666792 -0.265083 1.13586
0.668356 -0.265779 1.13617
0.66898 -0.266059 1.1363
0.669604 -0.26634 1.13642
0.670226 -0.266623 1.13655
0.670848 -0.266907 1.13668
0.671473 -0.267193 1.13681
0.67444 -0.268556 1.13742
0.67741 -0.269907 1.13805
0.680378 -0.271256 1.13869
0.683354 -0.272589 1.13933
0.686318 -0.273861 1.13996
0.68818 -0.274596 1.14036
0.690061 -0.275284 1.14076
0.691952 -0.275943 1.14115
0.693854 -0.276575 1.14154
0.696129 -0.277296 1.142
0.698001 -0.277857 1.14238
0.699886 -0.278378 1.14275
0.701783 -0.278859 1.14311
0.70369 -0.279308 1.14346
0.705036 -0.279602 1.1437
0.705817 -0.279764 1.14384
0.706601 -0.279915 1.14397
0.707387 -0.280056 1.1441
0.708174 -0.280194 1.14423
0.709687 -0.280448 1.14448
0.711506 -0.280733 1.14476
0.71333 -0.280986 1.14504
0.71516 -0.281205 1.14531
0.716993 -0.281389 1.14558
0.718785 -0.281534 1.14584
0.721563 -0.281711 1.14624
0.724344 -0.281814 1.14664
0.727128 -0.28183 1.14704
0.729913 -0.281792 1.14742
0.732665 -0.281708 1.14779
0.733638 -0.281661 1.14791
0.734611 -0.281613 1.14804
0.735583 -0.281563 1.14816
0.736556 -0.281509 1.14829
0.737272 -0.281468 1.14838
0.740037 -0.281305 1.14874
0.742799 -0.28111 1.14909
0.745557 -0.280872 1.14946
0.748301 -0.280522 1.14983
0.751143 -0.280108 1.15023
0.75403 -0.27975 1.15067
0.7569 -0.279268 1.15109
0.759759 -0.27873 1.15152
0.762613 -0.278165 1.15194
0.765448 -0.277639 1.15238
0.768721 -0.277165 1.15291
0.771983 -0.276603 1.15343
0.775242 -0.276037 1.15395
0.778501 -0.275484 1.15449
0.781822 -0.274863 1.15505
0.784001 -0.274477 1.15545
0.786176 -0.274054 1.15582
0.788347 -0.273627 1.15621
0.790516 -0.273198 1.15661
0.792637 -0.272774 1.15701
0.796774 -0.27194 1.15783
0.800904 -0.271089 1.15866
0.805033 -0.270225 1.15948
0.809169 -0.269371 1.16028
0.81332 -0.268531 1.16107
0.819427 -0.267329 1.16225
0.825525 -0.266077 1.16344
0.831619 -0.264826 1.16464
0.837727 -0.263603 1.16581
0.843857 -0.262384 1.16695
0.850039 -0.261183 1.16817
0.856231 -0.259929 1.16929
0.862429 -0.258678 1.17038
0.868633 -0.257419 1.17142
0.874767 -0.256271 1.17244
0.88081 -0.255147 1.17349
0.886835 -0.253904 1.1745
0.89286 -0.25265 1.17549
0.898883 -0.251383 1.17648
0.902527 -0.250633 1.17706
0.903229 -0.25049 1.17718
0.90393 -0.250348 1.17729
0.904632 -0.250206 1.1774
0.905334 -0.250065 1.17751
0.906035 -0.249925 1.17762
0.912289 -0.248681 1.17859
0.918547 -0.247451 1.17955
0.92481 -0.246233 1.1805
0.931076 -0.245024 1.18143
0.937302 -0.243843 1.18234
0.943552 -0.242789 1.1832
0.949781 -0.241643 1.1841
0.956008 -0.240484 1.18499
0.962226 -0.239296 1.1859
0.968556 -0.238064 1.18684
0.970236 -0.237732 1.18709
0.971915 -0.237392 1.18734
0.973592 -0.23705 1.1876
0.975269 -0.236707 1.18786
0.97672 -0.23641 1.18809
0.98136 -0.235454 1.18881
0.985995 -0.234484 1.18954
0.990634 -0.233515 1.19026
0.995285 -0.232567 1.19092
0.999921 -0.231641 1.19154
1.00617 -0.230378 1.19236
1.01243 -0.22914 1.19314
1.01869 -0.227904 1.19389
1.02496 -0.226657 1.19462
1.03117 -0.225436 1.19531
1.0374 -0.224203 1.19602
1.04364 -0.22297 1.19669
1.04988 -0.221733 1.19736
1.05613 -0.220493 1.198
1.06235 -0.219254 1.19863
1.06265 -0.219194 1.19866
1.06295 -0.219135 1.19869
1.06324 -0.219075 1.19872
1.06354 -0.219016 1.19875
1.06384 -0.218956 1.19878
1.06975 -0.217776 1.19935
1.07566 -0.216588 1.19991
1.08157 -0.215392 1.20046
1.08748 -0.214187 1.201
1.09339 -0.212967 1.20151
1.09974 -0.211687 1.20205
1.10609 -0.210345 1.20256
1.11243 -0.208975 1.20307
1.11876 -0.207586 1.20355
1.12516 -0.206227 1.20402
1.13775 -0.203711 1.20491
1.15035 -0.201212 1.2057
1.16295 -0.198707 1.2064
1.17556 -0.196217 1.20702
1.18811 -0.193765 1.20755
1.19364 -0.192669 1.20776
1.19917 -0.19161 1.20799
1.20471 -0.190546 1.20822
1.21024 -0.189477 1.20844
1.2164 -0.188281 1.20867
1.22331 -0.186945 1.20889
1.23023 -0.185612 1.20907
1.23714 -0.184281 1.20919
1.24406 -0.182939 1.20928
1.25096 -0.181587 1.20935
1.26338 -0.179218 1.20943
1.27578 -0.176763 1.2094
1.28818 -0.174277 1.20926
1.30057 -0.171751 1.20903
1.31304 -0.16921 1.2087
1.32534 -0.166836 1.20827
1.33762 -0.164379 1.20773
1.34989 -0.161868 1.20709
1.36215 -0.159344 1.20634
1.37452 -0.156853 1.20548
1.387 -0.15442 1.20451
1.39946 -0.151943 1.20342
1.4119 -0.149475 1.20222
1.42435 -0.147048 1.2009
1.4369 -0.144622 1.19943
1.44945 -0.142308 1.1978
1.46197 -0.139938 1.1961
1.47449 -0.137599 1.19428
1.48699 -0.135303 1.19235
1.49963 -0.133022 1.19028
1.50251 -0.132509 1.18978
1.5054 -0.131997 1.18927
1.50829 -0.131486 1.18876
1.51117 -0.130978 1.18824
1.51379 -0.130519 1.18776
1.5198 -0.12947 1.18667
1.52579 -0.128423 1.18554
1.53179 -0.127376 1.1844
1.53778 -0.126341 1.18323
1.54408 -0.125275 1.18199
1.54777 -0.124667 1.18124
1.55145 -0.124063 1.18049
1.55512 -0.123466 1.17973
1.5588 -0.122874 1.17896
1.56249 -0.12229 1.17818
1.57506 -0.120367 1.17549
1.58761 -0.118477 1.17272
1.60015 -0.116657 1.16985
1.61268 -0.114907 1.1669
1.62532 -0.113222 1.1638
1.6379 -0.111803 1.16071
1.65046 -0.1103 1.15755
1.663 -0.10886 1.15431
1.67554 -0.107475 1.15101
1.68824 -0.106151 1.14761
1.70078 -0.104949 1.14421
1.71331 -0.103764 1.14073
1.72582 -0.102669 1.13717
1.73833 -0.101675 1.13357
1.75097 -0.100735 1.12991
1.75463 -0.100508 1.12885
1.75829 -0.100269 1.12778
1.76195 -0.100033 1.1267
1.76561 -0.0998018 1.12561
1.76904 -0.0995895 1.12458
1.77167 -0.0994308 1.12379
1.77429 -0.0992746 1.123
1.77691 -0.0991207 1.1222
1.77953 -0.0989694 1.12141
1.78216 -0.0988222 1.1206
1.78837 -0.0984955 1.1187
1.79459 -0.0981501 1.1168
1.80081 -0.0978179 1.11492
1.80703 -0.0974984 1.11304
1.81323 -0.0971923 1.11118
1.81945 -0.0969188 1.10935
1.82567 -0.0966428 1.1075
1.83188 -0.0963877 1.10564
1.8381 -0.0961431 1.10379
1.84433 -0.0959062 1.10193
1.84968 -0.095728 1.10034
1.85503 -0.0955468 1.09876
1.86038 -0.0953766 1.09717
1.86573 -0.0952172 1.09558
1.87108 -0.0950689 1.09399
1.87196 -0.0950477 1.09373
1.87284 -0.0950268 1.09347
1.87372 -0.0950065 1.09321
1.8746 -0.0949865 1.09295
1.87548 -0.0949671 1.09268
1.88793 -0.0947078 1.089
1.90041 -0.0945519 1.08541
1.91292 -0.0944928 1.08191
1.92545 -0.0944645 1.07848
1.93774 -0.0945191 1.07518
1.94738 -0.0946766 1.07268
1.95702 -0.0947811 1.07016
1.96665 -0.0949027 1.06764
1.97629 -0.0950431 1.06513
1.98577 -0.0952002 1.06269
1.98865 -0.0952534 1.06195
1.99152 -0.0953105 1.06122
1.99439 -0.0953715 1.06049
1.99727 -0.0954364 1.05976
2.00014 -0.095505 1.05904
2.01263 -0.0957946 1.05592
2.02511 -0.0961409 1.0528
2.0376 -0.0965417 1.04971
2.0501 -0.0969974 1.04665
2.06258 -0.0974514 1.04364
2.07507 -0.0976948 1.04082
2.08754 -0.0980911 1.03792
2.09999 -0.0986328 1.03495
2.11244 -0.0992166 1.03202
2.12504 -0.0998506 1.02918
2.13754 -0.100519 1.0265
2.15002 -0.101182 1.02377
2.1625 -0.101841 1.021
2.17499 -0.102496 1.01827
2.18752 -0.103105 1.01561
2.20002 -0.103629 1.01307
2.2125 -0.104293 1.01049
2.225 -0.10496 1.00795
2.23749 -0.105626 1.00545
2.25001 -0.106302 1.00297
2.25304 -0.106473 1.00238
2.25606 -0.106641 1.00179
2.25909 -0.106812 1.00121
2.26211 -0.106984 1.00062
2.26514 -0.107158 1.00003
2.27461 -0.107707 0.998202
2.28409 -0.108269 0.996394
2.29357 -0.108838 0.99461
2.30305 -0.109414 0.992851
2.3125 -0.109995 0.991122
2.325 -0.110794 0.988934
2.33749 -0.111581 0.986686
2.34999 -0.112385 0.984471
2.36249 -0.113217 0.982322
2.375 -0.114067 0.980228
2.3875 -0.114888 0.978259
2.39999 -0.11577 0.976254
2.41248 -0.116661 0.974283
2.42499 -0.117573 0.972367
2.4375 -0.118506 0.970505
2.45 -0.119481 0.968755
2.4625 -0.120453 0.966994
2.475 -0.121448 0.965289
2.48751 -0.122454 0.963621
2.5 -0.123463 0.961985
2.5038 -0.12377 0.9615
2.50759 -0.124079 0.961015
2.51139 -0.124389 0.960532
2.51519 -0.1247 0.960053
2.51881 -0.124997 0.959597
2.52755 -0.125715 0.958505
2.53629 -0.126436 0.95742
2.54503 -0.127161 0.956343
2.55376 -0.127891 0.955274
2.5625 -0.12863 0.954223
2.575 -0.129679 0.952758
2.5875 -0.130761 0.95131
2.6 -0.131849 0.949879
2.6125 -0.132942 0.948461
2.625 -0.134038 0.947055
2.63758 -0.13514 0.945684
2.65015 -0.136253 0.944327
2.66273 -0.137374 0.94299
2.67531 -0.138503 0.941674
2.68788 -0.139638 0.94038
2.69145 -0.139958 0.940023
2.69502 -0.140281 0.939667
2.69859 -0.140605 0.939313
2.70216 -0.140928 0.938962
2.70594 -0.141271 0.938593
2.71477 -0.142072 0.937736
2.7236 -0.14288 0.936895
2.73243 -0.143693 0.93607
2.74126 -0.144511 0.935261
2.75009 -0.145333 0.934468
2.76257 -0.146469 0.933358
2.77505 -0.147646 0.932287
2.78754 -0.148834 0.931249
2.80003 -0.150033 0.930243
2.81251 -0.151236 0.929274
2.82501 -0.152345 0.928267
2.8375 -0.153552 0.927351
2.85 -0.154765 0.92647
2.8625 -0.155987 0.925623
2.875 -0.157204 0.924803
2.8875 -0.158334 0.923978
2.9 -0.159535 0.923203
2.91249 -0.160764 0.922467
2.92499 -0.161996 0.921763
2.9375 -0.163183 0.921055
2.95 -0.164272 0.920308
2.9625 -0.165439 0.91964
2.97499 -0.16666 0.919037
2.98749 -0.167874 0.918458
3 -0.169036 0.917877
3.0125 -0.170124 0.917283
3.025 -0.171266 0.916737
3.03749 -0.172418 0.916218
3.04999 -0.17356 0.915718
3.0625 -0.174683 0.91523
3.075 -0.175738 0.914718
3.0875 -0.17684 0.914264
3.1 -0.177932 0.913829
3.1125 -0.179015 0.913412
3.125 -0.180087 0.913008
3.1375 -0.181117 0.912601
3.15 -0.182165 0.912226
3.1625 -0.183201 0.911864
3.175 -0.184228 0.911517
3.1875 -0.185246 0.911186
3.19312 -0.185697 0.911042
3.19875 -0.186149 0.910903
3.20437 -0.1866 0.910768
3.21 -0.187049 0.910636
3.21566 -0.1875 0.910506
3.22253 -0.188045 0.910353
3.2294 -0.188588 0.910203
3.23627 -0.18913 0.910058
3.24313 -0.189671 0.909916
3.25 -0.19021 0.909777
3.2625 -0.191164 0.90951
3.275 -0.192138 0.909278
3.2875 -0.193107 0.909058
3.3 -0.194072 0.908851
3.3125 -0.195036 0.908659
3.325 -0.195954 0.908442
3.3375 -0.196909 0.908277
3.35 -0.197862 0.908127
3.3625 -0.19881 0.907988
3.375 -0.199753 0.907861
3.3875 -0.200599 0.907655
3.4 -0.201525 0.907546
3.41249 -0.202451 0.907452
3.42499 -0.203372 0.90737
3.4375 -0.204275 0.907284
3.45 -0.205109 0.907143
3.4625 -0.20599 0.907069
3.47499 -0.206892 0.907033
3.48749 -0.207787 0.907007
3.5 -0.208629 0.906938
3.5125 -0.209381 0.906793
3.525 -0.210199 0.906732
3.53749 -0.211071 0.906744
3.54998 -0.211935 0.906764
3.5625 -0.212747 0.906737
3.575 -0.213498 0.906656
3.5875 -0.214288 0.906636
3.59999 -0.215107 0.906668
3.61249 -0.215916 0.906704
3.625 -0.216663 0.906682
3.6375 -0.217335 0.906592
3.65 -0.218062 0.906577
3.66249 -0.218831 0.906624
3.67499 -0.219591 0.906674
3.6875 -0.220311 0.906686
3.7 -0.220981 0.906647
3.7125 -0.221682 0.906664
3.725 -0.222406 0.906727
3.73749 -0.223121 0.906793
3.75 -0.223787 0.906812
3.7625 -0.224393 0.906771
3.775 -0.225042 0.906795
3.78749 -0.225724 0.906872
3.79999 -0.226398 0.906952
3.8125 -0.22704 0.906998
3.825 -0.227642 0.906998
3.8375 -0.228268 0.907049
3.85 -0.22891 0.90714
3.86249 -0.229544 0.907232
3.875 -0.230142 0.907288
3.8875 -0.23069 0.907291
3.9 -0.231274 0.907352
3.9125 -0.231875 0.907445
3.92499 -0.232467 0.907538
3.9375 -0.233042 0.907614
3.95 -0.233583 0.907647
3.9625 -0.234143 0.907728
3.975 -0.234704 0.907823
3.9875 -0.235258 0.907919
4 -0.235799 0.908007
4.0125 -0.236299 0.908047
4.025 -0.236828 0.908139
4.0375 -0.237354 0.908238
4.05 -0.237873 0.908337
4.0625 -0.238386 0.908436
4.075 -0.238873 0.908497
4.0875 -0.239373 0.908597
4.1 -0.239866 0.908697
4.1125 -0.240353 0.908798
4.125 -0.240836 0.9089
4.1375 -0.24129 0.908969
4.15 -0.241761 0.909071
4.1625 -0.242227 0.909174
4.175 -0.242687 0.909277
4.1875 -0.243141 0.90938
4.2 -0.243581 0.909463
4.2125 -0.244024 0.909567
4.225 -0.244462 0.909671
4.2375 -0.244894 0.909776
4.25 -0.245322 0.909881
4.2625 -0.245736 0.909972
4.275 -0.246155 0.910079
4.2875 -0.24657 0.910185
4.3 -0.246979 0.910293
4.3125 -0.247384 0.9104
4.325 -0.247781 0.9105
4.3375 -0.248176 0.910608
4.35 -0.248566 0.910716
4.3625 -0.248952 0.910824
4.375 -0.249334 0.910933
4.37942 -0.249467 0.910971
4.38383 -0.2496 0.911009
4.38825 -0.249733 0.911048
4.39266 -0.249865 0.911086
4.39718 -0.25 0.911126
4.40524 -0.25024 0.911197
4.41331 -0.250478 0.911268
4.42137 -0.250715 0.911339
4.42944 -0.250951 0.911411
4.4375 -0.251185 0.911482
4.45 -0.251542 0.91159
4.4625 -0.251899 0.911702
4.475 -0.252252 0.911814
4.4875 -0.252602 0.911927
4.5 -0.252949 0.91204
4.5125 -0.25329 0.912148
4.525 -0.253631 0.912263
4.5375 -0.25397 0.912378
4.55 -0.254305 0.912494
4.5625 -0.254637 0.91261
4.575 -0.254956 0.912714
4.5875 -0.255282 0.912831
4.6 -0.255604 0.912948
4.6125 -0.255923 0.913065
4.625 -0.256239 0.913183
4.6375 -0.256548 0.913288
4.65 -0.256859 0.913407
4.6625 -0.257167 0.913526
4.675 -0.257473 0.913645
4.6875 -0.257776 0.913764
4.7 -0.258062 0.913864
4.7125 -0.258358 0.913984
4.725 -0.258652 0.914104
4.7375 -0.258943 0.914224
4.75 -0.259231 0.914344
4.7625 -0.25951 0.914446
4.775 -0.259794 0.914567
4.7875 -0.260074 0.914689
4.8 -0.260352 0.914811
4.8125 -0.260627 0.914933
4.825 -0.260884 0.915029
4.8375 -0.261153 0.915151
4.85 -0.26142 0.915274
4.8625 -0.261683 0.915396
4.875 -0.261945 0.915518
4.8875 -0.262197 0.915618
4.9 -0.262453 0.915741
4.9125 -0.262708 0.915864
4.925 -0.262959 0.915986
4.9375 -0.263208 0.916108
4.95 -0.263436 0.916202
4.9625 -0.263679 0.916323
4.975 -0.263919 0.916445
4.9875 -0.264158 0.916568
5 -0.264393 0.916688
5.0125 -0.264619 0.916784
5.025 -0.264849 0.916904
5.0375 -0.265078 0.917027
5.05 -0.265304 0.91715
5.0625 -0.265524 0.917267
5.075 -0.265728 0.917358
5.0875 -0.265943 0.917473
5.1 -0.266159 0.917596
5.1125 -0.266373 0.917718
5.125 -0.266584 0.917833
5.1375 -0.266788 0.917926
5.15 -0.266994 0.91804
5.1625 -0.2672 0.918161
5.175 -0.267403 0.918283
5.1875 -0.267599 0.918395
5.2 -0.267781 0.918481
5.2125 -0.267972 0.918592
5.225 -0.268167 0.918712
5.2375 -0.26836 0.918832
5.25 -0.268549 0.918942
5.2625 -0.268733 0.91903
5.275 -0.268917 0.919139
5.2875 -0.269102 0.919258
5.3 -0.269284 0.919377
5.3125 -0.269459 0.919483
5.325 -0.269621 0.919566
5.3375 -0.269791 0.919671
5.35 -0.269966 0.919788
5.3625 -0.270138 0.919905
5.375 -0.270308 0.92001
5.3875 -0.270473 0.920093
5.4 -0.270639 0.920195
5.4125 -0.270805 0.920311
5.425 -0.270969 0.920426
5.4375 -0.271124 0.920526
5.45 -0.271268 0.920604
5.4625 -0.27142 0.920703
5.475 -0.271576 0.920816
5.4875 -0.271731 0.920929
5.5 -0.271883 0.921027
5.5125 -0.272032 0.921105
5.525 -0.27218 0.921202
5.5375 -0.272328 0.921313
5.55 -0.272474 0.921424
5.5625 -0.272612 0.921518
5.575 -0.27274 0.921592
5.5875 -0.272875 0.921684
5.6 -0.273014 0.921793
5.6125 -0.273153 0.921901
5.625 -0.273289 0.921993
5.6375 -0.273423 0.922065
5.65 -0.273556 0.922155
5.6625 -0.273688 0.922261
5.675 -0.273819 0.922366
5.6875 -0.273942 0.922454
5.7 -0.274056 0.922523
5.7125 -0.274176 0.922609
5.725 -0.274301 0.922712
5.7375 -0.274425 0.922815
5.75 -0.274547 0.9229
5.7625 -0.274667 0.922967
5.775 -0.274787 0.92305
5.7875 -0.274905 0.92315
5.8 -0.275022 0.92325
5.8125 -0.275131 0.923332
5.825 -0.275232 0.923396
5.8375 -0.275338 0.923476
5.85 -0.27545 0.923572
5.8625 -0.27556 0.923669
5.875 -0.275669 0.923747
5.8875 -0.275776 0.923808
5.9 -0.275883 0.923884
5.9125 -0.275988 0.923977
5.925 -0.276091 0.924069
5.9375 -0.276188 0.924144
5.95 -0.276277 0.924202
5.9625 -0.276371 0.924276
5.975 -0.276469 0.924364
5.9875 -0.276567 0.924453
6 -0.276664 0.924524
6.0125 -0.276761 0.924578
6.025 -0.276856 0.924648
6.0375 -0.276949 0.924733
6.05 -0.27704 0.924817
6.0625 -0.277125 0.924886
6.075 -0.277205 0.924938
6.0875 -0.277288 0.925005
6.1 -0.277375 0.925086
6.1125 -0.277462 0.925166
6.125 -0.277549 0.92523
6.1375 -0.277636 0.925278
6.15 -0.277721 0.92534
6.1625 -0.277805 0.925417
6.175 -0.277887 0.925494
6.1875 -0.277963 0.925555
6.2 -0.278034 0.925601
6.2125 -0.278109 0.925661
6.225 -0.278187 0.925734
6.2375 -0.278266 0.925806
6.25 -0.278344 0.925862
6.2625 -0.278422 0.925904
6.275 -0.278499 0.925958
6.2875 -0.278573 0.926027
6.3 -0.278647 0.926095
6.3125 -0.278715 0.926148
6.325 -0.278779 0.926188
6.3375 -0.278846 0.92624
6.35 -0.278916 0.926304
6.3625 -0.278986 0.926367
6.375 -0.279056 0.926415
6.3875 -0.279126 0.926449
6.4 -0.279195 0.926496
6.4125 -0.279261 0.926555
6.425 -0.279327 0.926614
6.4375 -0.279388 0.926659
6.45 -0.279445 0.926692
6.4625 -0.279505 0.926736
6.475 -0.279568 0.926791
6.4875 -0.27963 0.926845
6.5 -0.279693 0.926885
6.5125 -0.279756 0.926912
6.525 -0.279818 0.926951
6.5375 -0.279877 0.927001
6.55 -0.279936 0.927051
6.5625 -0.279991 0.927089
6.575 -0.280043 0.927115
6.5875 -0.280097 0.927151
6.6 -0.280153 0.927197
6.6125 -0.280209 0.927242
6.625 -0.280266 0.927275
6.6375 -0.280324 0.927295
6.65 -0.28038 0.927325
6.6625 -0.280433 0.927367
6.675 -0.280487 0.927409
6.6875 -0.280537 0.927439
6.7 -0.280584 0.927458
6.7125 -0.280633 0.927486
6.725 -0.280684 0.927524
6.7375 -0.280735 0.927561
6.75 -0.280786 0.927586
6.7625 -0.280839 0.927598
6.775 -0.28089 0.927621
6.7875 -0.280938 0.927655
6.8 -0.280987 0.927688
6.8125 -0.281032 0.92771
6.825 -0.281075 0.927721
6.8375 -0.281119 0.927742
6.85 -0.281165 0.927771
6.8625 -0.281211 0.9278
6.875 -0.281258 0.927816
6.8875 -0.281306 0.927821
6.9 -0.281352 0.927836
6.9125 -0.281397 0.927861
6.925 -0.281441 0.927885
6.9375 -0.281482 0.9279
6.95 -0.281521 0.927904
6.9625 -0.281561 0.927916
6.975 -0.281604 0.927937
6.9875 -0.281646 0.927957
7 -0.281689 0.927965
7.0125 -0.281734 0.927963
7.025 -0.281777 0.92797
7.0375 -0.281818 0.927986
7.05 -0.281859 0.928001
7.0625 -0.281897 0.928007
7.075 -0.281934 0.928004
7.0875 -0.281972 0.928009
7.1 -0.282012 0.928021
7.1125 -0.282051 0.928032
7.125 -0.282092 0.928033
7.1375 -0.282135 0.928023
7.15 -0.282175 0.928022
7.1625 -0.282214 0.92803
7.175 -0.282252 0.928037
7.1875 -0.282289 0.928036
7.2 -0.282323 0.928026
7.2125 -0.282359 0.928023
7.225 -0.282397 0.928026
7.2375 -0.282435 0.928029
7.25 -0.282473 0.928022
7.2625 -0.282513 0.928005
7.275 -0.282552 0.927996
7.2875 -0.282589 0.927996
7.3 -0.282625 0.927995
7.3125 -0.28266 0.927985
7.325 -0.282693 0.927968
7.3375 -0.282727 0.927957
7.35 -0.282763 0.927952
7.3625 -0.282799 0.927946
7.375 -0.282836 0.927931
7.3875 -0.282875 0.927907
7.4 -0.282911 0.92789
7.4125 -0.282946 0.927881
7.425 -0.282981 0.927872
7.4375 -0.283014 0.927855
7.45 -0.283046 0.92783
7.4625 -0.283079 0.927811
7.475 -0.283113 0.927799
7.4875 -0.283147 0.927785
7.5 -0.283183 0.927762
7.5125 -0.28322 0.92773
7.525 -0.283255 0.927706
7.5375 -0.283289 0.927689
7.55 -0.283323 0.927671
7.5625 -0.283355 0.927646
7.575 -0.283386 0.927615
7.5875 -0.283418 0.927589
7.6 -0.283451 0.927568
7.6125 -0.283485 0.927546
7.625 -0.283519 0.927516
7.6375 -0.283555 0.927477
7.65 -0.28359 0.927446
7.6625 -0.283623 0.927421
7.675 -0.283656 0.927396
7.6875 -0.283687 0.927364
7.7 -0.283716 0.927326
7.7125 -0.283747 0.927293
7.725 -0.283779 0.927265
7.7375 -0.283811 0.927236
7.75 -0.283845 0.927199
7.7625 -0.28388 0.927154
7.775 -0.283913 0.927115
7.7875 -0.283944 0.927083
7.8 -0.283976 0.927051
7.8125 -0.284005 0.927013
7.825 -0.284034 0.926969
7.8375 -0.284063 0.926929
7.85 -0.284094 0.926894
7.8625 -0.284125 0.926858
7.875 -0.284157 0.926814
7.8875 -0.28419 0.926763
7.9 -0.284222 0.926719
7.9125 -0.284251 0.926682
7.925 -0.28428 0.926645
7.9375 -0.284308 0.926603
7.95 -0.284336 0.926554
7.9625 -0.284367 0.926505
7.975 -0.284401 0.926456
7.9875 -0.284435 0.926405
8 -0.284468 0.926352
8.025 -0.28453 0.926241
8.05 -0.284594 0.926126
8.075 -0.284657 0.926007
8.1 -0.284716 0.925882
8.125 -0.284776 0.925736
8.15 -0.284851 0.925537
8.175 -0.284879 0.925382
8.2 -0.284908 0.925223
8.225 -0.28494 0.925062
8.25 -0.284974 0.924897
8.3 -0.285097 0.924512
8.35 -0.285241 0.92413
8.4 -0.285375 0.923729
8.45 -0.285475 0.923302
8.5 -0.285542 0.922849
8.55 -0.285637 0.922181
8.6 -0.285698 0.921706
8.65 -0.285762 0.921231
8.70001 -0.285827 0.920757
8.75 -0.285889 0.920287
8.8 -0.285947 0.919663
8.85 -0.285997 0.91922
8.9 -0.286044 0.918782
8.95001 -0.28609 0.918348
9 -0.286147 0.917913
9.1 -0.286387 0.916559
9.2 -0.286584 0.915244
9.3 -0.286792 0.913898
9.4 -0.287139 0.912524
9.5 -0.287353 0.911223
9.6 -0.287334 0.910002
9.7 -0.287436 0.908491
9.79999 -0.287663 0.906684
9.89998 -0.287873 0.904878
10 -0.287972 0.903478
10.2 -0.287958 0.901461
10.4 -0.287925 0.899534
10.6 -0.287861 0.897777
10.8 -0.287587 0.896344
11 -0.287376 0.895253
11.2 -0.287587 0.894519
11.4 -0.287442 0.893554
11.6 -0.287137 0.892513
11.8 -0.286826 0.891519
12 -0.286686 0.89068
12.2 -0.286923 0.890136
12.4 -0.286826 0.889418
12.6 -0.28658 0.888639
12.8 -0.286332 0.887888
13 -0.286236 0.887244
13.2 -0.286484 0.886814
13.4 -0.286406 0.88622
13.6 -0.286185 0.88556
13.8 -0.285963 0.884911
14 -0.285885 0.884348
14.2 -0.286137 0.883965
14.4 -0.286076 0.883431
14.6 -0.285879 0.882834
14.8 -0.285681 0.88224
15 -0.285619 0.881718
-1.001 -0.05 0.895837
-0.988576 -0.0500212 0.89604
-0.976153 -0.0500444 0.896246
-0.96373 -0.0500682 0.896456
-0.951306 -0.0500924 0.896669
-0.938882 -0.0501171 0.896886
-0.926395 -0.0501406 0.897108
-0.913908 -0.0501652 0.897336
-0.901421 -0.0501907 0.897568
-0.888934 -0.0502171 0.897806
-0.876446 -0.0502444 0.898048
-0.863956 -0.0502709 0.898295
-0.851467 -0.0502989 0.898548
-0.838978 -0.0503282 0.898807
-0.82649 -0.0503588 0.899072
-0.814 -0.0503907 0.899343
-0.801518 -0.0504227 0.899619
-0.789037 -0.0504558 0.899903
-0.776556 -0.0504905 0.900194
-0.764075 -0.050527 0.900491
-0.751592 -0.0505652 0.900795
-0.739113 -0.0506033 0.901107
-0.726635 -0.0506433 0.901426
-0.714156 -0.0506857 0.901754
-0.701678 -0.0507304 0.902089
-0.689198 -0.0507772 0.902433
-0.676717 -0.0508249 0.902786
-0.664237 -0.0508742 0.903149
-0.651757 -0.0509263 0.903522
-0.639277 -0.0509814 0.903906
-0.626794 -0.0510396 0.904299
-0.614291 -0.0510983 0.904703
-0.601788 -0.0511601 0.905119
-0.589286 -0.0512261 0.905547
-0.576784 -0.0512962 0.905988
-0.564279 -0.0513701 0.906442
-0.551762 -0.0514464 0.906909
-0.539245 -0.0515254 0.907393
-0.526729 -0.0516096 0.907895
-0.514214 -0.0516995 0.908412
-0.501694 -0.0517953 0.908945
-0.489171 -0.0518928 0.909494
-0.47665 -0.0519962 0.910064
-0.46413 -0.0521082 0.910652
-0.451611 -0.0522281 0.911264
-0.439083 -0.0523558 0.911899
-0.426557 -0.052489 0.912556
-0.414032 -0.0526281 0.913243
-0.401509 -0.0527785 0.913963
-0.388988 -0.0529403 0.914715
-0.376451 -0.0531154 0.915495
-0.363914 -0.0532957 0.916304
-0.351381 -0.0534906 0.917157
-0.338851 -0.0537052 0.91805
-0.326325 -0.0539374 0.918992
-0.313771 -0.0541882 0.919987
-0.301238 -0.0544534 0.921026
-0.288712 -0.0547364 0.92214
-0.276194 -0.0550482 0.923331
-0.263684 -0.0553894 0.924601
-0.251107 -0.0557631 0.925958
-0.238553 -0.0561577 0.927386
-0.226017 -0.0566025 0.928953
-0.213502 -0.0570964 0.930658
-0.201007 -0.0576389 0.932495
-0.188335 -0.0582403 0.934499
-0.184202 -0.058454 0.935208
-0.180073 -0.058671 0.935934
-0.175948 -0.0588976 0.936685
-0.171828 -0.0591342 0.937459
-0.168818 -0.0593146 0.938044
-0.160166 -0.0598491 0.939763
-0.151538 -0.0604255 0.941586
-0.142942 -0.0610469 0.943541
-0.134386 -0.0617149 0.945648
-0.125547 -0.062457 0.947993
-0.125101 -0.0624964 0.948118
-0.124654 -0.0625358 0.948244
-0.124208 -0.0625753 0.948371
-0.123762 -0.062615 0.948497
-0.123327 -0.0626538 0.948621
-0.11748 -0.0631769 0.950289
-0.111651 -0.0637197 0.952013
-0.10584 -0.0642823 0.95379
-0.100053 -0.0648704 0.955636
-0.0940876 -0.0655058 0.957616
-0.0877785 -0.0662084 0.959792
-0.0815036 -0.066953 0.962052
-0.0752602 -0.0677294 0.964387
-0.0690443 -0.068531 0.966786
-0.063288 -0.0693014 0.969083
-0.0631357 -0.0693225 0.969146
-0.0629834 -0.0693435 0.969209
-0.0628312 -0.0693646 0.969271
-0.0626789 -0.0693858 0.969334
-0.0625265 -0.0694069 0.969397
-0.0561711 -0.0702902 0.97202
-0.0498494 -0.0712126 0.97471
-0.0435618 -0.0721738 0.977466
-0.0373078 -0.0731727 0.980284
-0.0307367 -0.0742596 0.983317
-0.0245151 -0.0753189 0.986256
-0.0183188 -0.076429 0.989229
-0.0121428 -0.0775926 0.992223
-0.00598292 -0.0787755 0.995243
-0.000296464 -0.0798972 0.998055
0.000404202 -0.0800418 0.998407
0.00110426 -0.0801879 0.99876
0.00180371 -0.0803354 0.999113
0.00250255 -0.0804844 0.999466
0.00320673 -0.0806351 0.999824
0.00954693 -0.081998 1.00305
0.0158903 -0.0833699 1.00626
0.0222256 -0.0847722 1.00948
0.0285495 -0.0862082 1.0127
0.034904 -0.0876767 1.01595
0.0380532 -0.0884251 1.01758
0.0412033 -0.0891767 1.0192
0.0443527 -0.0899349 1.02081
0.0475008 -0.0906993 1.02243
0.0504469 -0.0914206 1.02394
0.0515765 -0.0916992 1.02452
0.0527067 -0.0919786 1.0251
0.0538377 -0.0922587 1.02568
0.0549695 -0.0925394 1.02626
0.0561324 -0.0928285 1.02685
0.0581868 -0.0933402 1.02789
0.0602431 -0.0938543 1.02892
0.0623012 -0.0943709 1.02995
0.0643611 -0.09489 1.03098
0.0664033 -0.0954058 1.03199
0.0727191 -0.0970045 1.03512
0.0790562 -0.0986094 1.03821
0.0854014 -0.10022 1.04128
0.0917644 -0.101845 1.0443
0.0979788 -0.103445 1.04718
0.0998925 -0.103944 1.04805
0.101807 -0.104447 1.04892
0.103721 -0.104952 1.04979
0.105637 -0.10546 1.05065
0.107458 -0.105944 1.05147
0.108709 -0.106278 1.05203
0.10996 -0.106612 1.05259
0.111212 -0.106947 1.05315
0.112464 -0.107282 1.05371
0.113713 -0.107616 1.05427
0.114703 -0.107882 1.0547
0.115694 -0.108147 1.05514
0.116686 -0.108412 1.05558
0.117679 -0.108677 1.05601
0.118709 -0.108951 1.05646
0.120857 -0.109523 1.05739
0.123009 -0.110091 1.05832
0.125165 -0.110657 1.05923
0.127325 -0.111221 1.06014
0.129449 -0.111773 1.06103
0.132596 -0.112591 1.06233
0.135747 -0.113403 1.06363
0.138902 -0.11421 1.06493
0.142059 -0.115017 1.06622
0.145185 -0.11582 1.06749
0.147425 -0.116399 1.0684
0.149668 -0.116976 1.0693
0.151914 -0.117552 1.0702
0.154162 -0.118131 1.07109
0.156593 -0.118757 1.07204
0.157419 -0.11897 1.07236
0.158246 -0.119184 1.07268
0.159073 -0.119398 1.073
0.159901 -0.119611 1.07331
0.160725 -0.119824 1.07363
0.160919 -0.119875 1.0737
0.161113 -0.119925 1.07377
0.161308 -0.119975 1.07385
0.161502 -0.120025 1.07392
0.161696 -0.120075 1.07399
0.164605 -0.120828 1.0751
0.167518 -0.121583 1.07618
0.170435 -0.12234 1.07726
0.173355 -0.1231 1.07833
0.176243 -0.123852 1.07937
0.179357 -0.124669 1.0805
0.182477 -0.125483 1.08161
0.185601 -0.126295 1.08272
0.18873 -0.127107 1.08381
0.191812 -0.127905 1.08487
0.19406 -0.128486 1.08565
0.19631 -0.12907 1.08642
0.198562 -0.129653 1.08718
0.200816 -0.130234 1.08794
0.203247 -0.130857 1.08875
0.204099 -0.131074 1.08903
0.204952 -0.131291 1.08932
0.205805 -0.131508 1.0896
0.206659 -0.131725 1.08988
0.207509 -0.131941 1.09016
0.210622 -0.132732 1.09118
0.213741 -0.133517 1.09218
0.216865 -0.134298 1.09317
0.219992 -0.135079 1.09416
0.223074 -0.135848 1.09512
0.223304 -0.135906 1.09519
0.223534 -0.135963 1.09526
0.223764 -0.13602 1.09533
0.223994 -0.136078 1.0954
0.224225 -0.136135 1.09548
0.227054 -0.136839 1.09635
0.229885 -0.137539 1.09721
0.23272 -0.138236 1.09806
0.235558 -0.13893 1.09891
0.238367 -0.139613 1.09974
0.24142 -0.140358 1.10063
0.244481 -0.14109 1.10151
0.247546 -0.141818 1.10238
0.250615 -0.142543 1.10323
0.253634 -0.143258 1.10406
0.256565 -0.143958 1.10485
0.259501 -0.144651 1.10563
0.26244 -0.145345 1.1064
0.265382 -0.146042 1.10715
0.26828 -0.146733 1.10788
0.268474 -0.14678 1.10793
0.268668 -0.146826 1.10798
0.268863 -0.146873 1.10803
0.269057 -0.146919 1.10807
0.269253 -0.146966 1.10812
0.271954 -0.147613 1.10879
0.274656 -0.148262 1.10944
0.277359 -0.148912 1.11009
0.280064 -0.149564 1.11073
0.282754 -0.150214 1.11136
0.28592 -0.150975 1.11209
0.289086 -0.151741 1.11281
0.292254 -0.152507 1.11353
0.295425 -0.15327 1.11423
0.298584 -0.15403 1.11492
0.299453 -0.154238 1.11511
0.300322 -0.154446 1.11529
0.301192 -0.154654 1.11548
0.302062 -0.154862 1.11566
0.302935 -0.155071 1.11585
0.305199 -0.155611 1.11632
0.307464 -0.15615 1.11679
0.309731 -0.156689 1.11726
0.311998 -0.157225 1.11772
0.314254 -0.157757 1.11817
0.317383 -0.158491 1.11879
0.320512 -0.159226 1.11941
0.323645 -0.159959 1.12001
0.326778 -0.160694 1.12061
0.329897 -0.161423 1.1212
0.333026 -0.16215 1.12177
0.336156 -0.162882 1.12234
0.339289 -0.163612 1.12289
0.342424 -0.16434 1.12343
0.345545 -0.165061 1.12397
0.346863 -0.165363 1.12419
0.348181 -0.165665 1.12441
0.3495 -0.165965 1.12463
0.350818 -0.166266 1.12485
0.352203 -0.166581 1.12508
0.357001 -0.167669 1.12588
0.361803 -0.16875 1.12666
0.366609 -0.169829 1.12742
0.371419 -0.170906 1.12816
0.376196 -0.171973 1.12887
0.382341 -0.173348 1.12975
0.38849 -0.174697 1.13065
0.394643 -0.176026 1.13155
0.400797 -0.177326 1.13249
0.406918 -0.178605 1.13342
0.409999 -0.179239 1.1339
0.413079 -0.179875 1.13437
0.416159 -0.180511 1.13485
0.419239 -0.181144 1.13534
0.422322 -0.181769 1.13583
0.425416 -0.182387 1.13632
0.42851 -0.183002 1.13682
0.431603 -0.18361 1.13733
0.434697 -0.184211 1.13785
0.437793 -0.184803 1.13838
0.440325 -0.185279 1.13881
0.442856 -0.185752 1.13925
0.445388 -0.18622 1.13969
0.44792 -0.186683 1.14014
0.450703 -0.187185 1.14064
0.454332 -0.18783 1.1413
0.457962 -0.188462 1.14197
0.461593 -0.189079 1.14265
0.465224 -0.189682 1.14334
0.468849 -0.190268 1.14404
0.475117 -0.191256 1.14526
0.481384 -0.19221 1.14652
0.487649 -0.193115 1.14783
0.493915 -0.193961 1.14916
0.500185 -0.194745 1.15054
0.505 -0.19531 1.15163
0.509814 -0.195856 1.15273
0.514624 -0.196352 1.15387
0.519431 -0.196808 1.15505
0.523193 -0.19715 1.15598
0.524876 -0.197294 1.1564
0.526559 -0.197433 1.15683
0.528241 -0.197567 1.15726
0.529923 -0.197696 1.1577
0.531609 -0.197821 1.15814
0.537864 -0.198258 1.15979
0.544109 -0.198663 1.16148
0.550341 -0.19901 1.16323
0.556569 -0.199348 1.16499
0.562887 -0.199665 1.16683
0.569176 -0.19989 1.16875
0.575462 -0.200172 1.17067
0.581743 -0.200515 1.1726
0.588013 -0.200879 1.17456
0.594316 -0.201243 1.17659
0.597392 -0.201422 1.17761
0.600467 -0.201618 1.17863
0.603535 -0.201818 1.17967
0.606598 -0.202019 1.18073
0.609698 -0.202223 1.18182
0.612739 -0.20242 1.18291
0.615772 -0.202617 1.18402
0.6188 -0.202812 1.18515
0.621822 -0.203005 1.18629
0.624904 -0.203202 1.18747
0.624974 -0.203206 1.1875
0.625044 -0.203211 1.18753
0.625114 -0.203215 1.18755
0.625184 -0.203219 1.18758
0.625254 -0.203224 1.18761
0.627493 -0.203364 1.18848
0.629728 -0.203503 1.18936
0.631956 -0.203641 1.19026
0.634178 -0.203777 1.19118
0.63652 -0.203918 1.19217
0.637269 -0.203963 1.19249
0.638019 -0.204008 1.19281
0.638768 -0.204052 1.19313
0.639518 -0.204097 1.19345
0.640267 -0.204141 1.19377
0.643315 -0.204322 1.19507
0.64636 -0.204504 1.19638
0.649401 -0.204686 1.1977
0.652439 -0.204868 1.19902
0.655511 -0.205053 1.20038
0.657307 -0.205164 1.20119
0.659101 -0.205276 1.20201
0.660898 -0.205389 1.20281
0.662698 -0.205502 1.20361
0.664572 -0.205619 1.20444
0.665792 -0.205694 1.20497
0.667013 -0.205769 1.2055
0.668234 -0.205844 1.20602
0.669455 -0.205919 1.20655
0.670672 -0.205994 1.20707
0.674098 -0.206204 1.20852
0.677539 -0.206414 1.20994
0.680998 -0.206624 1.21131
0.684474 -0.206833 1.21264
0.687888 -0.207029 1.2139
0.690813 -0.207181 1.21493
0.693747 -0.207348 1.21593
0.696699 -0.207506 1.21688
0.699668 -0.207654 1.21778
0.702595 -0.207784 1.2186
0.705168 -0.207879 1.21926
0.707756 -0.207944 1.21987
0.710355 -0.207995 1.22044
0.712963 -0.208035 1.22095
0.718203 -0.20809 1.22189
0.718269 -0.20809 1.22189
0.718336 -0.20809 1.2219
0.718402 -0.20809 1.22191
0.718469 -0.20809 1.22192
0.718538 -0.20809 1.22193
0.721698 -0.208092 1.22237
0.724866 -0.208078 1.22275
0.72804 -0.208048 1.22307
0.73122 -0.208002 1.22333
0.734341 -0.20794 1.22353
0.737524 -0.207856 1.22368
0.740707 -0.207766 1.22382
0.743891 -0.207664 1.22393
0.747076 -0.207551 1.224
0.750258 -0.207428 1.22404
0.753392 -0.207297 1.22405
0.756526 -0.20715 1.22405
0.759659 -0.206995 1.22404
0.762792 -0.206834 1.22402
0.76593 -0.206665 1.22399
0.769045 -0.20649 1.22392
0.772159 -0.206297 1.22388
0.775273 -0.206098 1.22383
0.778387 -0.205893 1.22378
0.781503 -0.20568 1.22374
0.787677 -0.205282 1.22365
0.79385 -0.204854 1.22357
0.80002 -0.204392 1.22348
0.806189 -0.203917 1.22339
0.812372 -0.203451 1.22337
0.818676 -0.202936 1.22331
0.824981 -0.202433 1.22328
0.831284 -0.201908 1.22328
0.837585 -0.201358 1.2233
0.843891 -0.200786 1.22336
0.850087 -0.200152 1.22339
0.856285 -0.199543 1.22347
0.86248 -0.198902 1.22357
0.868671 -0.198236 1.2237
0.87487 -0.197564 1.22388
0.881108 -0.19684 1.22403
0.887346 -0.196131 1.22424
0.89358 -0.195396 1.22448
0.899809 -0.194635 1.22475
0.90606 -0.193843 1.22506
0.912291 -0.192946 1.22537
0.91853 -0.19211 1.22568
0.924764 -0.191239 1.22599
0.930993 -0.190332 1.22632
0.937213 -0.189388 1.22664
0.939263 -0.189059 1.22675
0.941313 -0.188731 1.22686
0.943362 -0.188394 1.22698
0.945408 -0.188048 1.22709
0.947183 -0.18774 1.22719
0.951462 -0.186978 1.22743
0.955741 -0.186219 1.22768
0.960023 -0.185476 1.22791
0.964307 -0.184746 1.22815
0.968575 -0.184016 1.22837
0.974837 -0.182864 1.22872
0.981113 -0.181779 1.22903
0.987386 -0.180677 1.22934
0.993656 -0.179558 1.22965
0.999886 -0.178438 1.22996
1.00613 -0.177178 1.23032
1.0124 -0.176014 1.23064
1.01869 -0.174925 1.23091
1.02498 -0.17384 1.23118
1.03114 -0.172681 1.23146
1.03731 -0.171437 1.23174
1.04349 -0.170245 1.232
1.04968 -0.169103 1.23221
1.05587 -0.167962 1.23241
1.06198 -0.166774 1.2326
1.06825 -0.165486 1.23279
1.07453 -0.164242 1.23297
1.08081 -0.162992 1.23313
1.08709 -0.16172 1.23328
1.09333 -0.160445 1.23341
1.09708 -0.159643 1.23349
1.10083 -0.158854 1.23355
1.10457 -0.158063 1.2336
1.10832 -0.157268 1.23366
1.11222 -0.156437 1.23371
1.11483 -0.155878 1.23374
1.11744 -0.155322 1.23377
1.12004 -0.154767 1.23379
1.12265 -0.154213 1.23381
1.12526 -0.153662 1.23382
1.13153 -0.152343 1.23385
1.1378 -0.151021 1.23386
1.14407 -0.149698 1.23385
1.15034 -0.148383 1.23381
1.15661 -0.147075 1.23376
1.16293 -0.145751 1.23368
1.16925 -0.144456 1.23356
1.17558 -0.143185 1.2334
1.1819 -0.141922 1.23321
1.18819 -0.140675 1.23302
1.20073 -0.138206 1.23265
1.21327 -0.13578 1.23217
1.22581 -0.133356 1.23163
1.23836 -0.130985 1.23105
1.25087 -0.128718 1.23043
1.25459 -0.128058 1.23022
1.25831 -0.127398 1.22999
1.26202 -0.126741 1.22976
1.26574 -0.126087 1.22951
1.26955 -0.12542 1.22925
1.27827 -0.123901 1.22864
1.28699 -0.122389 1.22797
1.2957 -0.120883 1.22727
1.30441 -0.119382 1.22652
1.31314 -0.117882 1.22572
1.32548 -0.115811 1.22452
1.33782 -0.113746 1.22324
1.35016 -0.111694 1.22186
1.36248 -0.109655 1.22038
1.37485 -0.10765 1.21878
1.38725 -0.105786 1.217
1.39964 -0.103858 1.21519
1.41202 -0.101901 1.21334
1.42439 -0.0999656 1.21139
1.43686 -0.0980638 1.20931
1.4494 -0.0962301 1.20709
1.46194 -0.094446 1.20479
1.47446 -0.0927193 1.20241
1.48698 -0.0910567 1.19995
1.49956 -0.0894435 1.19736
1.50822 -0.088418 1.19549
1.51687 -0.0873705 1.1936
1.52551 -0.0863486 1.19166
1.53414 -0.0853523 1.18969
1.54154 -0.084522 1.18797
1.54571 -0.0840643 1.18699
1.54988 -0.083612 1.18601
1.55405 -0.0831652 1.18501
1.55822 -0.0827237 1.18401
1.56239 -0.0822866 1.18299
1.57498 -0.0810322 1.17993
1.58754 -0.0797886 1.17679
1.60009 -0.0785918 1.17359
1.61263 -0.0774425 1.17032
1.6253 -0.0763815 1.16697
1.63789 -0.0755178 1.16363
1.65046 -0.0746487 1.16027
1.66304 -0.0738547 1.1569
1.67562 -0.0731196 1.15353
1.68821 -0.0724545 1.15012
1.70074 -0.0719351 1.14667
1.71327 -0.0713989 1.14322
1.7258 -0.0709349 1.13974
1.73832 -0.0705139 1.13623
1.75088 -0.0700768 1.13273
1.75664 -0.0699111 1.13112
1.76241 -0.0697324 1.1295
1.76817 -0.0695613 1.12788
1.77393 -0.0694018 1.12624
1.77948 -0.0692593 1.12464
1.78 -0.069247 1.12449
1.78052 -0.0692349 1.12434
1.78104 -0.0692228 1.12419
1.78155 -0.0692108 1.12404
1.78207 -0.0691989 1.12389
1.78829 -0.0690591 1.12209
1.79451 -0.0689128 1.12029
1.80073 -0.0687634 1.11849
1.80695 -0.0686113 1.11671
1.81316 -0.0684643 1.11495
1.81938 -0.0683438 1.11318
1.8256 -0.0682149 1.11141
1.83182 -0.0680904 1.10963
1.83804 -0.0679761 1.10786
1.84428 -0.0678736 1.10607
1.85051 -0.0677946 1.10428
1.85674 -0.0677024 1.10251
1.86298 -0.0676153 1.10074
1.86921 -0.067533 1.09897
1.87543 -0.067456 1.09721
1.88789 -0.0673548 1.09367
1.90037 -0.0672903 1.09018
1.91285 -0.0672715 1.08675
1.92536 -0.0672967 1.08337
1.93774 -0.0673633 1.0801
1.95022 -0.0675044 1.07687
1.9627 -0.0676175 1.07362
1.97517 -0.067735 1.07038
1.98765 -0.0678569 1.06715
2.00014 -0.0679893 1.06392
2.00111 -0.0680019 1.06367
2.00209 -0.0680147 1.06342
2.00306 -0.0680276 1.06317
2.00403 -0.0680407 1.06292
2.005 -0.0680539 1.06267
2.01652 -0.0682118 1.05972
2.02803 -0.0684153 1.05678
2.03955 -0.0686643 1.05385
2.05108 -0.0689232 1.05096
2.06258 -0.06919 1.0481
2.07507 -0.0693868 1.0451
2.08756 -0.0696651 1.04207
2.10006 -0.0699604 1.03908
2.11256 -0.0702726 1.03613
2.12505 -0.070577 1.03318
2.13754 -0.070882 1.0303
2.15003 -0.0711678 1.02738
2.16252 -0.0714576 1.02447
2.17501 -0.0717512 1.02156
2.18752 -0.0720603 1.01867
2.20002 -0.0722932 1.01585
2.21251 -0.0726029 1.01301
2.225 -0.0729231 1.01017
2.23749 -0.073252 1.00733
2.25001 -0.0736001 1.0045
2.25404 -0.0737228 1.00361
2.25806 -0.0738417 1.00271
2.26208 -0.0739636 1.00181
2.26611 -0.0740886 1.00092
2.2701 -0.0742156 1.00003
2.27858 -0.0744918 0.998155
2.28706 -0.0747839 0.996289
2.29555 -0.0750917 0.994435
2.30404 -0.0754154 0.992594
2.3125 -0.0757494 0.990771
2.325 -0.0762749 0.988167
2.33749 -0.0767919 0.985503
2.34998 -0.0773427 0.982864
2.36248 -0.0779195 0.980259
2.375 -0.0785081 0.977699
2.3875 -0.0790522 0.975248
2.39999 -0.0796478 0.972749
2.41248 -0.0802797 0.970258
2.42497 -0.080934 0.967789
2.4375 -0.0816205 0.96537
2.45 -0.0823595 0.963093
2.46249 -0.0830648 0.960737
2.47496 -0.0837549 0.958333
2.48744 -0.0844627 0.955937
2.5 -0.0851809 0.953594
2.5125 -0.0858888 0.951352
2.52499 -0.086659 0.949088
2.53749 -0.0874464 0.946851
2.54999 -0.0882599 0.944643
2.5625 -0.0890997 0.942464
2.56841 -0.0895175 0.941472
2.57432 -0.0899311 0.94047
2.58022 -0.0903513 0.939474
2.58613 -0.0907783 0.938487
2.59207 -0.0912135 0.937503
2.59865 -0.091704 0.936419
2.60524 -0.0922001 0.935344
2.61183 -0.0926993 0.93428
2.61842 -0.0932014 0.933224
2.625 -0.0937055 0.93218
2.63756 -0.094669 0.930203
2.65012 -0.0956468 0.928239
2.66269 -0.0966385 0.926305
2.67526 -0.0976474 0.924404
2.68781 -0.0986764 0.922543
2.70026 -0.0996812 0.920741
2.71271 -0.10071 0.918927
2.72515 -0.101761 0.917125
2.7376 -0.102818 0.915347
2.75006 -0.103902 0.913645
2.76255 -0.105018 0.912031
2.77503 -0.106123 0.910371
2.78751 -0.107228 0.908704
2.8 -0.108344 0.907074
2.8125 -0.109466 0.905487
2.825 -0.110586 0.903978
2.8375 -0.111735 0.902449
2.84999 -0.112893 0.900942
2.86249 -0.114057 0.899463
2.875 -0.115233 0.898021
2.8875 -0.116445 0.896688
2.9 -0.117644 0.895323
2.9125 -0.118852 0.893992
2.925 -0.120065 0.89269
2.9375 -0.121282 0.891416
2.94512 -0.122026 0.890668
2.95275 -0.122774 0.889923
2.96037 -0.123524 0.889188
2.96799 -0.124276 0.888464
2.97533 -0.125 0.887778
2.98026 -0.125488 0.887323
2.9852 -0.125977 0.886871
2.99013 -0.126467 0.886423
2.99507 -0.126959 0.885979
3 -0.127451 0.885539
3.0125 -0.128691 0.884431
3.025 -0.129951 0.883353
3.0375 -0.13121 0.882294
3.05001 -0.132464 0.881251
3.0625 -0.133711 0.880224
3.06314 -0.133774 0.880172
3.06378 -0.133838 0.88012
3.06442 -0.133902 0.880068
3.06507 -0.133965 0.880016
3.06571 -0.13403 0.879964
3.07757 -0.135206 0.879008
3.08943 -0.136385 0.878078
3.10129 -0.137568 0.877173
3.11315 -0.138753 0.876293
3.125 -0.13994 0.875439
3.1375 -0.14112 0.874513
3.15 -0.142373 0.873663
3.1625 -0.143628 0.87284
3.175 -0.144886 0.872044
3.1875 -0.146145 0.871275
3.2 -0.147319 0.870482
3.2125 -0.148574 0.869755
3.22499 -0.149831 0.869055
3.23749 -0.151089 0.868382
3.25 -0.152338 0.867727
3.2625 -0.153432 0.866988
3.27499 -0.154653 0.866357
3.28749 -0.155899 0.865769
3.29998 -0.157144 0.865205
3.3125 -0.158359 0.864646
3.325 -0.159474 0.864054
3.3375 -0.160666 0.863525
3.34999 -0.161896 0.86304
3.36248 -0.163123 0.862577
3.375 -0.164278 0.862084
3.3875 -0.165308 0.861527
3.39999 -0.166439 0.861059
3.41249 -0.167638 0.860659
3.42498 -0.168818 0.860269
3.4375 -0.169946 0.859866
3.45 -0.170987 0.859433
3.4625 -0.172088 0.859049
3.47499 -0.173198 0.858686
3.48749 -0.174292 0.858333
3.5 -0.175366 0.857985
3.5125 -0.176341 0.857589
3.525 -0.177386 0.857258
3.53749 -0.178417 0.856936
3.54999 -0.179434 0.856623
3.5625 -0.180441 0.856318
3.575 -0.1814 0.856001
3.5875 -0.18238 0.855711
3.6 -0.183351 0.855428
3.6125 -0.18431 0.855154
3.625 -0.185257 0.854888
3.63108 -0.185706 0.854759
3.63717 -0.186158 0.854635
3.64325 -0.186607 0.854514
3.64934 -0.187054 0.854395
3.65545 -0.1875 0.854277
3.66186 -0.187965 0.854155
3.66827 -0.188429 0.854036
3.67468 -0.188892 0.853919
3.68109 -0.189355 0.853804
3.6875 -0.189817 0.853691
3.7 -0.190701 0.85346
3.7125 -0.191598 0.853252
3.725 -0.192492 0.853051
3.7375 -0.193383 0.85286
3.75 -0.194269 0.852678
3.7625 -0.195122 0.852478
3.775 -0.196 0.852313
3.7875 -0.196874 0.852156
3.8 -0.197745 0.852008
3.8125 -0.198614 0.851868
3.825 -0.199411 0.851671
3.8375 -0.200272 0.851546
3.84999 -0.201129 0.851428
3.86249 -0.201984 0.851319
3.875 -0.202828 0.85121
3.8875 -0.203617 0.85106
3.9 -0.204445 0.850961
3.9125 -0.205285 0.850882
3.92499 -0.206121 0.850811
3.9375 -0.206922 0.850715
3.95 -0.207647 0.850556
3.9625 -0.208431 0.850464
3.97499 -0.209252 0.85042
3.98749 -0.21007 0.850382
4 -0.210851 0.850317
4.0125 -0.211581 0.850212
4.025 -0.212348 0.850154
4.03749 -0.213149 0.850143
4.04999 -0.213945 0.850136
4.0625 -0.214675 0.850071
4.075 -0.21534 0.84995
4.0875 -0.216054 0.84989
4.09999 -0.21682 0.849892
4.11249 -0.217581 0.849898
4.125 -0.218298 0.849865
4.1375 -0.21897 0.849794
4.15 -0.219672 0.849765
4.1625 -0.220405 0.84978
4.17499 -0.221131 0.849797
4.1875 -0.221801 0.849762
4.2 -0.222413 0.849677
4.2125 -0.223069 0.849646
4.22499 -0.223768 0.849671
4.23749 -0.224464 0.8497
4.25 -0.22512 0.849693
4.2625 -0.225737 0.84965
4.275 -0.22638 0.849647
4.2875 -0.227046 0.84968
4.29999 -0.227706 0.849714
4.3125 -0.228324 0.84971
4.325 -0.228894 0.84966
4.3375 -0.229501 0.849661
4.35 -0.230132 0.849695
4.36249 -0.230757 0.84973
4.375 -0.231361 0.849746
4.3875 -0.231931 0.84973
4.4 -0.232523 0.849749
4.4125 -0.233122 0.849785
4.425 -0.233717 0.849822
4.4375 -0.234293 0.849846
4.45 -0.234827 0.849829
4.4625 -0.235394 0.849857
4.475 -0.235963 0.849895
4.4875 -0.236528 0.849933
4.5 -0.237086 0.84997
4.5125 -0.237613 0.849976
4.525 -0.238161 0.850016
4.5375 -0.238704 0.850057
4.55 -0.239243 0.850098
4.5625 -0.239777 0.85014
4.575 -0.240277 0.85015
4.5875 -0.2408 0.850193
4.6 -0.241317 0.850236
4.6125 -0.241831 0.850279
4.625 -0.24234 0.850324
4.6375 -0.242831 0.850351
4.65 -0.243331 0.850396
4.6625 -0.243827 0.850442
4.675 -0.244319 0.850488
4.6875 -0.244806 0.850535
4.7 -0.245276 0.850568
4.7125 -0.245754 0.850616
4.725 -0.246228 0.850665
4.7375 -0.246697 0.850714
4.75 -0.247163 0.850764
4.7625 -0.247621 0.850808
4.775 -0.248079 0.850859
4.7875 -0.248533 0.85091
4.8 -0.248984 0.850963
4.8125 -0.249431 0.851016
4.81573 -0.249544 0.851029
4.81895 -0.249658 0.851043
4.82218 -0.249772 0.851057
4.8254 -0.249885 0.851071
4.82867 -0.25 0.851085
4.83793 -0.250324 0.851125
4.8472 -0.250647 0.851165
4.85647 -0.250968 0.851207
4.86573 -0.251289 0.851248
4.875 -0.251607 0.851291
4.8875 -0.252033 0.851344
4.9 -0.252459 0.851403
4.9125 -0.252882 0.851462
4.925 -0.253304 0.851523
4.9375 -0.253723 0.851584
4.95 -0.254135 0.851639
4.9625 -0.254548 0.851702
4.975 -0.254959 0.851766
4.9875 -0.255368 0.851831
5 -0.255775 0.851896
5.0125 -0.256169 0.851949
5.025 -0.256571 0.852017
5.0375 -0.256971 0.852085
5.05 -0.257369 0.852154
5.0625 -0.257764 0.852224
5.075 -0.258149 0.85228
5.0875 -0.258539 0.852352
5.1 -0.258928 0.852424
5.1125 -0.259314 0.852497
5.125 -0.259698 0.85257
5.1375 -0.260064 0.852623
5.15 -0.260444 0.852698
5.1625 -0.260822 0.852774
5.175 -0.261198 0.85285
5.1875 -0.261572 0.852927
5.2 -0.261932 0.852985
5.2125 -0.262302 0.853063
5.225 -0.262669 0.853142
5.2375 -0.263034 0.853222
5.25 -0.263396 0.853301
5.2625 -0.263736 0.853355
5.275 -0.264093 0.853434
5.2875 -0.26445 0.853516
5.3 -0.264804 0.853599
5.3125 -0.265155 0.853679
5.325 -0.265493 0.853738
5.3375 -0.265839 0.853817
5.35 -0.266185 0.853902
5.3625 -0.26653 0.853987
5.375 -0.266867 0.854065
5.3875 -0.267185 0.854119
5.4 -0.267517 0.854196
5.4125 -0.267855 0.854283
5.425 -0.26819 0.854371
5.4375 -0.268519 0.85445
5.45 -0.268836 0.854509
5.4625 -0.269161 0.854588
5.475 -0.269489 0.854677
5.4875 -0.269815 0.854766
5.5 -0.27013 0.854843
5.5125 -0.270428 0.854896
5.525 -0.270738 0.854973
5.5375 -0.271057 0.855064
5.55 -0.271375 0.855155
5.5625 -0.271684 0.855234
5.575 -0.271983 0.855293
5.5875 -0.272288 0.855371
5.6 -0.272599 0.855464
5.6125 -0.272908 0.855557
5.625 -0.273203 0.855632
5.6375 -0.273481 0.855686
5.65 -0.273773 0.855761
5.6625 -0.274075 0.855855
5.675 -0.274376 0.855949
5.6875 -0.274667 0.856027
5.7 -0.274949 0.856086
5.7125 -0.275237 0.856164
5.725 -0.275531 0.856259
5.7375 -0.275824 0.856354
5.75 -0.2761 0.856428
5.7625 -0.276362 0.856482
5.775 -0.276635 0.856556
5.7875 -0.27692 0.85665
5.8 -0.277203 0.856744
5.8125 -0.277478 0.856821
5.825 -0.277745 0.85688
5.8375 -0.278016 0.856956
5.85 -0.278293 0.85705
5.8625 -0.278567 0.857143
5.875 -0.278827 0.857216
5.8875 -0.279073 0.857269
5.9 -0.279329 0.857342
5.9125 -0.279596 0.857433
5.925 -0.279864 0.857525
5.9375 -0.280123 0.857601
5.95 -0.280375 0.857659
5.9625 -0.280632 0.857733
5.975 -0.280894 0.857824
5.9875 -0.281151 0.857914
6 -0.281396 0.857986
6.0125 -0.281627 0.858038
6.025 -0.281869 0.858109
6.0375 -0.28212 0.858197
6.05 -0.282373 0.858287
6.0625 -0.282618 0.85836
6.075 -0.282857 0.858417
6.0875 -0.283099 0.858489
6.1 -0.283346 0.858577
6.1125 -0.28359 0.858665
6.125 -0.283822 0.858734
6.1375 -0.284041 0.858786
6.15 -0.284271 0.858855
6.1625 -0.284509 0.858941
6.175 -0.284748 0.859027
6.1875 -0.284981 0.859097
6.2 -0.285206 0.859153
6.2125 -0.285436 0.859222
6.225 -0.28567 0.859307
6.2375 -0.285901 0.859391
6.25 -0.286122 0.859459
6.2625 -0.286331 0.85951
6.275 -0.286549 0.859577
6.2875 -0.286776 0.85966
6.3 -0.287002 0.859742
6.3125 -0.287222 0.85981
6.325 -0.287436 0.859863
6.3375 -0.287654 0.85993
6.35 -0.287875 0.86001
6.3625 -0.288095 0.86009
6.375 -0.288305 0.860155
6.3875 -0.288505 0.860204
6.4 -0.288713 0.860268
6.4125 -0.288928 0.860345
6.425 -0.289142 0.860421
6.4375 -0.289351 0.860485
6.45 -0.289554 0.860535
6.4625 -0.289761 0.860598
6.475 -0.28997 0.860672
6.4875 -0.290179 0.860745
6.5 -0.290379 0.860807
6.5125 -0.29057 0.860854
6.525 -0.290768 0.860914
6.5375 -0.290972 0.860985
6.55 -0.291175 0.861055
6.5625 -0.291374 0.861115
6.575 -0.291568 0.861163
6.5875 -0.291765 0.861222
6.6 -0.291964 0.86129
6.6125 -0.292162 0.861357
6.625 -0.292354 0.861415
6.6375 -0.292537 0.861459
6.65 -0.292727 0.861516
6.6625 -0.29292 0.861581
6.675 -0.293113 0.861645
6.6875 -0.293303 0.861701
6.7 -0.293489 0.861746
6.7125 -0.293677 0.861802
6.725 -0.293866 0.861863
6.7375 -0.294054 0.861924
6.75 -0.294238 0.861979
6.7625 -0.294414 0.86202
6.775 -0.294596 0.862074
6.7875 -0.294781 0.862132
6.8 -0.294964 0.86219
6.8125 -0.295146 0.862243
6.825 -0.295324 0.862284
6.8375 -0.295504 0.862336
6.85 -0.295684 0.862391
6.8625 -0.295864 0.862446
6.875 -0.29604 0.862496
6.8875 -0.296209 0.862534
6.9 -0.296384 0.862584
6.9125 -0.29656 0.862636
6.925 -0.296736 0.862688
6.9375 -0.29691 0.862736
6.95 -0.297081 0.862773
6.9625 -0.297253 0.86282
6.975 -0.297426 0.86287
6.9875 -0.297598 0.862919
7 -0.297768 0.862965
7.0125 -0.297931 0.863
7.025 -0.2981 0.863045
7.0375 -0.298269 0.863091
7.05 -0.298438 0.863137
7.0625 -0.298606 0.863181
7.075 -0.29877 0.863215
7.0875 -0.298937 0.863258
7.1 -0.299103 0.863301
7.1125 -0.299268 0.863344
7.125 -0.299432 0.863386
7.1375 -0.29959 0.863418
7.15 -0.299753 0.863459
7.1625 -0.299916 0.8635
7.175 -0.300078 0.86354
7.1875 -0.30024 0.86358
7.2 -0.300398 0.86361
7.2125 -0.300559 0.863648
7.225 -0.300718 0.863686
7.2375 -0.300877 0.863724
7.25 -0.301036 0.863761
7.2625 -0.301189 0.863789
7.275 -0.301347 0.863824
7.2875 -0.301504 0.863859
7.3 -0.30166 0.863894
7.3125 -0.301816 0.863928
7.325 -0.30197 0.863953
7.3375 -0.302124 0.863986
7.35 -0.302279 0.864018
7.3625 -0.302432 0.86405
7.375 -0.302585 0.864081
7.3875 -0.302734 0.864105
7.4 -0.302886 0.864134
7.4125 -0.303037 0.864164
7.425 -0.303188 0.864192
7.4375 -0.303338 0.86422
7.45 -0.303486 0.864242
7.4625 -0.303636 0.864269
7.475 -0.303784 0.864295
7.4875 -0.303933 0.864321
7.5 -0.304081 0.864347
7.5125 -0.304225 0.864366
7.525 -0.304371 0.86439
7.5375 -0.304518 0.864414
7.55 -0.304664 0.864437
7.5625 -0.304809 0.864459
7.575 -0.304953 0.864477
7.5875 -0.305097 0.864498
7.6 -0.305241 0.864519
7.6125 -0.305384 0.86454
7.625 -0.305527 0.86456
7.6375 -0.305667 0.864575
7.65 -0.305809 0.864594
7.6625 -0.30595 0.864612
7.675 -0.306091 0.86463
7.6875 -0.306231 0.864648
7.7 -0.30637 0.864661
7.7125 -0.306509 0.864678
7.725 -0.306648 0.864694
7.7375 -0.306786 0.86471
7.75 -0.306924 0.864725
7.7625 -0.307059 0.864737
7.775 -0.307196 0.864751
7.7875 -0.307332 0.864765
7.8 -0.307467 0.864779
7.8125 -0.307602 0.864792
7.825 -0.307736 0.864802
7.8375 -0.30787 0.864815
7.85 -0.308003 0.864827
7.8625 -0.308135 0.864839
7.875 -0.308267 0.864851
7.8875 -0.308397 0.86486
7.9 -0.308528 0.864871
7.9125 -0.308658 0.864883
7.925 -0.308788 0.864894
7.9375 -0.308918 0.864905
7.95 -0.309046 0.864914
7.9625 -0.309174 0.864924
7.975 -0.3093 0.864935
7.9875 -0.309425 0.864946
8 -0.30955 0.864956
8.025 -0.309795 0.864975
8.05 -0.310035 0.864996
8.075 -0.310272 0.864995
8.1 -0.310504 0.864971
8.125 -0.310722 0.864923
8.15 -0.310907 0.864822
8.175 -0.311112 0.864748
8.2 -0.311325 0.864687
8.225 -0.311535 0.864626
8.25 -0.311734 0.864548
8.3 -0.312088 0.86433
8.35 -0.312439 0.864116
8.4 -0.312742 0.863889
8.45 -0.312987 0.863646
8.5 -0.313209 0.863308
8.55 -0.31348 0.862673
8.6 -0.313702 0.862316
8.65001 -0.313909 0.86202
8.70001 -0.314112 0.861718
8.75 -0.314312 0.861385
8.8 -0.314501 0.860833
8.85 -0.314684 0.860535
8.9 -0.314863 0.860238
8.95001 -0.315038 0.85994
9 -0.315212 0.859633
9.1 -0.315702 0.858399
9.2 -0.316127 0.857229
9.3 -0.316512 0.85609
9.4 -0.316873 0.854755
9.5 -0.31703 0.853456
9.6 -0.316962 0.852242
9.7 -0.317023 0.850743
9.79999 -0.317188 0.849003
9.89998 -0.317324 0.847257
10 -0.317368 0.845848
10.2 -0.317244 0.843814
10.4 -0.317103 0.841872
10.6 -0.316879 0.840107
10.8 -0.316472 0.838624
11 -0.316247 0.837543
11.2 -0.316445 0.836819
11.4 -0.316286 0.835864
11.6 -0.315914 0.834793
11.8 -0.315537 0.833768
12 -0.31539 0.832933
12.2 -0.315622 0.832395
12.4 -0.315518 0.831682
12.6 -0.315217 0.830878
12.8 -0.314915 0.830102
13 -0.314816 0.82946
13.2 -0.315062 0.829033
13.4 -0.314981 0.828441
13.6 -0.314709 0.827758
13.8 -0.314437 0.827086
14 -0.314357 0.826525
14.2 -0.314607 0.826144
14.4 -0.314544 0.825612
14.6 -0.3143 0.824994
14.8 -0.314053 0.82438
15 -0.313989 0.82386
-1.001 -0.05 0.948468
-0.988582 -0.0500205 0.948682
-0.976164 -0.0500423 0.948898
-0.963746 -0.0500646 0.949118
-0.951328 -0.0500873 0.949342
-0.93891 -0.0501105 0.949569
-0.92642 -0.0501324 0.949802
-0.91393 -0.0501556 0.950041
-0.90144 -0.0501797 0.950285
-0.88895 -0.0502047 0.950534
-0.87646 -0.0502305 0.950789
-0.863973 -0.050256 0.951049
-0.851486 -0.0502824 0.951316
-0.839 -0.0503099 0.951589
-0.826513 -0.0503387 0.951868
-0.814026 -0.0503687 0.952154
-0.801547 -0.0503984 0.952446
-0.789068 -0.0504295 0.952745
-0.776589 -0.0504622 0.953052
-0.764111 -0.0504965 0.953367
-0.75163 -0.0505324 0.953688
-0.739151 -0.0505688 0.954018
-0.726672 -0.0506063 0.954357
-0.714193 -0.0506458 0.954705
-0.701715 -0.0506874 0.955062
-0.689234 -0.0507311 0.955427
-0.676758 -0.0507749 0.955802
-0.664282 -0.0508208 0.956188
-0.651806 -0.0508694 0.956585
-0.639331 -0.0509209 0.956993
-0.626853 -0.050975 0.957412
-0.614352 -0.0510307 0.957843
-0.601851 -0.0510879 0.958289
-0.589351 -0.0511486 0.958749
-0.576852 -0.0512131 0.959222
-0.564348 -0.0512814 0.959709
-0.551831 -0.0513503 0.960212
-0.539316 -0.051423 0.960732
-0.526801 -0.0515009 0.96127
-0.514287 -0.051584 0.961825
-0.501766 -0.0516719 0.962399
-0.489243 -0.051763 0.962993
-0.476721 -0.051857 0.963611
-0.464201 -0.0519574 0.964254
-0.451682 -0.0520652 0.964921
-0.439152 -0.0521806 0.965611
-0.426621 -0.052298 0.966327
-0.414093 -0.0524231 0.967077
-0.401566 -0.0525592 0.967858
-0.389042 -0.0527058 0.968673
-0.376499 -0.0528619 0.969525
-0.363958 -0.0530256 0.970413
-0.35142 -0.0531962 0.971351
-0.338887 -0.0533804 0.972339
-0.326357 -0.0535791 0.973379
-0.313792 -0.0537956 0.97447
-0.301246 -0.0540183 0.975611
-0.288707 -0.0542609 0.97683
-0.276176 -0.0545302 0.978124
-0.263654 -0.0548202 0.979495
-0.251059 -0.0551332 0.980953
-0.238503 -0.0554654 0.982487
-0.225963 -0.0558176 0.984143
-0.21344 -0.0562022 0.98592
-0.200936 -0.0566198 0.987817
-0.188276 -0.057077 0.989865
-0.176113 -0.0575558 0.991962
-0.163991 -0.0580777 0.994277
-0.151903 -0.0586431 0.996749
-0.13985 -0.0592537 0.999379
-0.135547 -0.0594917 1.00038
-0.133506 -0.059608 1.00087
-0.131466 -0.0597256 1.00136
-0.129427 -0.0598445 1.00185
-0.12739 -0.0599647 1.00235
-0.125342 -0.0600865 1.00286
-0.119049 -0.0604634 1.00444
-0.11277 -0.0608462 1.00607
-0.106506 -0.0612411 1.00776
-0.100259 -0.0616477 1.0095
-0.0938761 -0.0620761 1.01134
-0.0922466 -0.0621885 1.01183
-0.0906183 -0.0623026 1.01232
-0.0889914 -0.062418 1.01282
-0.0873657 -0.0625346 1.01332
-0.0859299 -0.0626387 1.01376
-0.0811706 -0.0629874 1.01525
-0.0764224 -0.0633477 1.01676
-0.0716848 -0.0637215 1.01831
-0.0669574 -0.0641112 1.01989
-0.06213 -0.0645262 1.02152
-0.057503 -0.0649405 1.02313
-0.0528828 -0.0653678 1.02474
-0.048271 -0.0658063 1.02638
-0.0436676 -0.066256 1.02804
-0.0395209 -0.0666703 1.02956
-0.03729 -0.0668976 1.03039
-0.0350608 -0.067128 1.03123
-0.0328334 -0.0673616 1.03207
-0.0306071 -0.0675983 1.03291
-0.0283664 -0.0678384 1.03376
-0.0220324 -0.0685207 1.03619
-0.0157139 -0.0692287 1.03865
-0.00941233 -0.0699577 1.04114
-0.00312929 -0.0707075 1.04368
0.00330177 -0.0714948 1.0463
0.00928649 -0.0722417 1.04875
0.0152561 -0.0730122 1.05123
0.0212161 -0.0738002 1.05372
0.0271705 -0.0745977 1.05622
0.0326753 -0.0753443 1.05855
0.0331383 -0.0754079 1.05875
0.0336013 -0.0754715 1.05894
0.0340643 -0.0755351 1.05914
0.0345272 -0.0755989 1.05934
0.0349904 -0.0756628 1.05953
0.041316 -0.0765367 1.06223
0.0476371 -0.0774226 1.06493
0.0539543 -0.0783256 1.06763
0.0602754 -0.0792535 1.07031
0.0666165 -0.0802384 1.07305
0.0729034 -0.0812448 1.0758
0.0792055 -0.0822471 1.07851
0.085519 -0.0832496 1.0812
0.0918339 -0.0842677 1.08388
0.0980536 -0.0852878 1.08651
0.0988579 -0.0854225 1.08685
0.0996621 -0.0855572 1.08719
0.100466 -0.0856922 1.08753
0.10127 -0.0858275 1.08787
0.102076 -0.0859633 1.08821
0.107539 -0.0868874 1.09051
0.113005 -0.0878177 1.09281
0.118472 -0.0887578 1.09511
0.123949 -0.0897148 1.09737
0.129393 -0.0906705 1.0996
0.129535 -0.0906953 1.09965
0.129677 -0.0907201 1.09971
0.129819 -0.0907449 1.09977
0.129962 -0.0907697 1.09983
0.130104 -0.0907946 1.09989
0.1362 -0.0918583 1.10239
0.1423 -0.0929225 1.10488
0.148405 -0.0939902 1.10736
0.15452 -0.095071 1.1098
0.160586 -0.0961653 1.11217
0.163721 -0.0967377 1.11337
0.166856 -0.0973218 1.11457
0.169992 -0.0979162 1.11576
0.173129 -0.0985121 1.11695
0.176259 -0.0991079 1.11813
0.177472 -0.0993383 1.11859
0.178686 -0.0995692 1.11905
0.1799 -0.0998001 1.11951
0.181115 -0.100031 1.11996
0.182381 -0.100271 1.12043
0.184293 -0.100634 1.12114
0.186209 -0.100995 1.12185
0.188126 -0.101353 1.12255
0.190046 -0.10171 1.12325
0.191945 -0.102061 1.12393
0.195082 -0.102642 1.12505
0.198229 -0.103215 1.12615
0.20138 -0.103787 1.12723
0.204534 -0.104358 1.12831
0.207631 -0.104918 1.12936
0.20918 -0.1052 1.12989
0.210731 -0.10548 1.13041
0.212282 -0.105762 1.13093
0.213834 -0.106043 1.13145
0.215388 -0.106325 1.13196
0.216961 -0.10661 1.13248
0.218534 -0.106894 1.133
0.220108 -0.107179 1.13352
0.221682 -0.107463 1.13403
0.22325 -0.107744 1.13454
0.226359 -0.108306 1.13554
0.229471 -0.108863 1.13653
0.232587 -0.109421 1.13751
0.235706 -0.10998 1.13848
0.238796 -0.110535 1.13944
0.238962 -0.110565 1.13949
0.239128 -0.110595 1.13954
0.239295 -0.110625 1.13959
0.239461 -0.110655 1.13964
0.239629 -0.110685 1.13969
0.242523 -0.111207 1.14057
0.245419 -0.111732 1.14144
0.248317 -0.112259 1.14231
0.251216 -0.11279 1.14316
0.254102 -0.113322 1.144
0.257122 -0.113882 1.14487
0.260143 -0.114449 1.14573
0.263165 -0.115021 1.14658
0.266188 -0.115597 1.14743
0.269202 -0.116175 1.14826
0.272177 -0.11675 1.14907
0.275155 -0.117333 1.14987
0.278135 -0.117924 1.15065
0.281116 -0.118523 1.15142
0.284077 -0.119121 1.15218
0.287531 -0.119821 1.15304
0.290989 -0.120535 1.15388
0.294448 -0.121264 1.1547
0.297909 -0.122008 1.1555
0.302355 -0.122984 1.1565
0.303163 -0.123166 1.15667
0.303971 -0.123348 1.15685
0.304778 -0.123531 1.15703
0.305586 -0.123715 1.1572
0.30636 -0.123892 1.15737
0.307975 -0.124263 1.15771
0.309591 -0.124637 1.15805
0.311206 -0.125014 1.15839
0.312821 -0.125393 1.15873
0.314436 -0.125775 1.15906
0.320366 -0.127189 1.16027
0.326296 -0.128655 1.16142
0.332227 -0.130166 1.1625
0.338155 -0.13174 1.16351
0.344121 -0.133408 1.16445
0.347167 -0.134297 1.1649
0.350208 -0.135202 1.16535
0.353245 -0.136122 1.16579
0.356281 -0.137049 1.16623
0.359354 -0.137998 1.16667
0.361172 -0.13857 1.16692
0.362991 -0.139142 1.16716
0.364809 -0.139714 1.16741
0.366628 -0.140289 1.16765
0.368426 -0.140859 1.16789
0.369684 -0.141259 1.16806
0.370942 -0.14166 1.16822
0.3722 -0.142062 1.16839
0.373458 -0.142464 1.16855
0.374716 -0.142865 1.16871
0.37784 -0.143862 1.16911
0.380964 -0.144856 1.16951
0.384091 -0.145846 1.16991
0.387219 -0.146833 1.1703
0.390334 -0.14781 1.17068
0.392078 -0.148352 1.1709
0.393824 -0.148891 1.17111
0.395571 -0.149424 1.17133
0.397319 -0.149951 1.17155
0.398986 -0.150449 1.17176
0.400415 -0.150872 1.17194
0.401844 -0.151293 1.17212
0.403274 -0.15171 1.1723
0.404705 -0.152124 1.17248
0.406129 -0.152533 1.17267
0.409244 -0.15342 1.17308
0.412365 -0.154284 1.17349
0.415489 -0.155127 1.17392
0.418617 -0.155951 1.17436
0.421699 -0.156744 1.1748
0.422023 -0.156825 1.17485
0.422347 -0.156905 1.1749
0.422671 -0.156986 1.17495
0.422995 -0.157066 1.17499
0.42333 -0.157149 1.17504
0.426125 -0.157835 1.17545
0.428923 -0.158504 1.17588
0.431724 -0.159156 1.17631
0.434527 -0.159792 1.17675
0.437303 -0.160406 1.17719
0.440444 -0.161086 1.1777
0.443588 -0.161739 1.17822
0.446734 -0.162369 1.17876
0.449882 -0.162979 1.17931
0.453008 -0.16357 1.17986
0.456123 -0.164147 1.18042
0.45924 -0.164704 1.18098
0.462357 -0.16524 1.18157
0.465475 -0.165757 1.18216
0.468584 -0.166254 1.18275
0.471664 -0.16673 1.18335
0.474744 -0.167189 1.18396
0.477825 -0.16763 1.18458
0.480906 -0.168052 1.18521
0.48398 -0.168453 1.18584
0.485229 -0.168607 1.1861
0.486477 -0.168758 1.18637
0.487726 -0.168904 1.18663
0.488974 -0.169044 1.1869
0.490116 -0.169168 1.18714
0.491978 -0.169366 1.18755
0.493841 -0.169555 1.18795
0.495704 -0.169736 1.18836
0.497566 -0.169909 1.18878
0.499427 -0.170075 1.18919
0.502596 -0.170333 1.18991
0.505763 -0.170554 1.19064
0.50893 -0.170741 1.19138
0.512097 -0.170894 1.19213
0.515266 -0.171012 1.19289
0.518478 -0.171069 1.19366
0.521687 -0.171095 1.19444
0.524894 -0.171088 1.19524
0.528098 -0.171047 1.19604
0.531324 -0.17097 1.19686
0.534501 -0.170838 1.19767
0.537674 -0.170701 1.1985
0.540843 -0.170538 1.19934
0.544008 -0.170348 1.20018
0.547207 -0.170128 1.20104
0.548567 -0.170009 1.20142
0.549926 -0.169892 1.20179
0.551283 -0.169771 1.20217
0.552641 -0.169645 1.20255
0.55391 -0.169522 1.2029
0.555711 -0.169341 1.2034
0.557511 -0.169158 1.20391
0.55931 -0.168972 1.20441
0.561109 -0.168784 1.20492
0.562915 -0.168593 1.20544
0.56924 -0.167869 1.20725
0.575535 -0.167089 1.20915
0.581799 -0.166258 1.21111
0.588046 -0.165418 1.21314
0.594536 -0.164532 1.2153
0.59613 -0.164308 1.21584
0.597724 -0.164089 1.2164
0.599317 -0.163871 1.21695
0.600908 -0.163649 1.21751
0.602403 -0.163438 1.21803
0.607088 -0.162771 1.21969
0.611762 -0.162114 1.22139
0.616431 -0.161469 1.2231
0.621105 -0.160834 1.2248
0.625823 -0.16021 1.22651
0.631961 -0.159398 1.22876
0.638117 -0.158644 1.23099
0.644282 -0.157922 1.2332
0.65045 -0.15724 1.23541
0.656514 -0.156606 1.23758
0.657702 -0.15649 1.23798
0.658891 -0.156376 1.23839
0.660081 -0.156264 1.2388
0.661271 -0.156152 1.2392
0.662618 -0.156027 1.23965
0.664471 -0.155857 1.24027
0.666326 -0.15569 1.24089
0.668181 -0.155525 1.2415
0.670037 -0.155363 1.24211
0.671885 -0.155205 1.24273
0.674978 -0.154951 1.24375
0.678079 -0.154702 1.24475
0.68119 -0.15446 1.24572
0.684311 -0.154224 1.24666
0.687348 -0.154004 1.24755
0.689928 -0.153834 1.24828
0.692511 -0.153671 1.24901
0.695101 -0.153512 1.24971
0.697696 -0.153358 1.25039
0.701078 -0.153165 1.25124
0.701423 -0.153147 1.25133
0.701768 -0.153128 1.25141
0.702112 -0.153109 1.25149
0.702457 -0.153091 1.25157
0.702801 -0.153072 1.25166
0.705925 -0.152907 1.2524
0.709056 -0.152743 1.25311
0.712193 -0.152584 1.2538
0.715336 -0.152429 1.25445
0.718418 -0.152284 1.25507
0.721566 -0.152156 1.25568
0.724718 -0.152022 1.25627
0.727874 -0.151887 1.25684
0.731035 -0.151755 1.25738
0.734158 -0.151637 1.25789
0.737309 -0.151536 1.25838
0.740463 -0.151429 1.25886
0.74362 -0.15132 1.25931
0.746779 -0.151213 1.25974
0.749911 -0.151111 1.26016
0.75618 -0.150918 1.26095
0.762457 -0.150723 1.26169
0.768741 -0.150534 1.26237
0.77503 -0.150329 1.263
0.781259 -0.150101 1.26359
0.787548 -0.149903 1.26408
0.793834 -0.149661 1.2646
0.80012 -0.149386 1.26509
0.806409 -0.149092 1.26552
0.812705 -0.148796 1.26591
0.81894 -0.148535 1.2662
0.82517 -0.148211 1.26652
0.831396 -0.147848 1.26687
0.837622 -0.147462 1.26721
0.84388 -0.147068 1.2675
0.85012 -0.146681 1.26771
0.856355 -0.146248 1.26797
0.862586 -0.145778 1.26826
0.868816 -0.145289 1.26854
0.875084 -0.144806 1.26876
0.881294 -0.144348 1.26889
0.887499 -0.143831 1.26908
0.893696 -0.143259 1.26932
0.899894 -0.142672 1.26954
0.906137 -0.142074 1.26972
0.91241 -0.141464 1.26984
0.91868 -0.140827 1.26997
0.924947 -0.140167 1.27011
0.931213 -0.139492 1.27024
0.937503 -0.138811 1.27033
0.943742 -0.138135 1.27037
0.949977 -0.13743 1.27043
0.956209 -0.136701 1.2705
0.962439 -0.135957 1.27056
0.968695 -0.135188 1.27058
0.974792 -0.134412 1.27056
0.980887 -0.133625 1.27055
0.986981 -0.132826 1.27054
0.993074 -0.132019 1.27051
0.999178 -0.131201 1.27047
1.00545 -0.130341 1.27038
1.01173 -0.12949 1.27032
1.01801 -0.128631 1.27024
1.02428 -0.127762 1.27014
1.03055 -0.126882 1.27004
1.03375 -0.126426 1.26997
1.03694 -0.125969 1.2699
1.04013 -0.12551 1.26983
1.04332 -0.125049 1.26976
1.04639 -0.124603 1.26968
1.0495 -0.124152 1.2696
1.05261 -0.1237 1.26952
1.05572 -0.123249 1.26943
1.05882 -0.122797 1.26934
1.06193 -0.122346 1.26925
1.07456 -0.120487 1.26884
1.08718 -0.118558 1.26838
1.09978 -0.116554 1.26786
1.11238 -0.114511 1.26729
1.12508 -0.112537 1.26666
1.13775 -0.11057 1.26599
1.15043 -0.108642 1.26529
1.1631 -0.106705 1.26454
1.17576 -0.104786 1.26372
1.18843 -0.102957 1.2628
1.20093 -0.101169 1.26172
1.21343 -0.0993394 1.26074
1.22594 -0.0975414 1.25967
1.23844 -0.0958181 1.25847
1.25094 -0.0941233 1.25722
1.26277 -0.0925339 1.25596
1.27459 -0.0909728 1.25466
1.28642 -0.0894381 1.2533
1.29823 -0.0879292 1.2519
1.3057 -0.0869847 1.25096
1.30726 -0.0867883 1.25076
1.30882 -0.086592 1.25056
1.31038 -0.0863957 1.25036
1.31194 -0.0861994 1.25015
1.3135 -0.086003 1.24995
1.32588 -0.0844499 1.24831
1.33826 -0.0829003 1.2466
1.35063 -0.0813602 1.24483
1.363 -0.0798379 1.24301
1.37541 -0.0783259 1.24114
1.38771 -0.0769166 1.23917
1.39999 -0.0754529 1.23719
1.41227 -0.0740091 1.23516
1.42454 -0.0726021 1.23306
1.43687 -0.0712298 1.2309
1.4494 -0.0699049 1.2286
1.46192 -0.0686125 1.22624
1.47444 -0.0673717 1.22382
1.48695 -0.0661701 1.22134
1.49952 -0.0650013 1.2188
1.50472 -0.0645401 1.21771
1.50993 -0.0640788 1.21662
1.51513 -0.063623 1.21551
1.52033 -0.0631729 1.2144
1.52591 -0.0626958 1.2132
1.53319 -0.0620822 1.21162
1.54047 -0.0614826 1.21002
1.54775 -0.0608968 1.20841
1.55503 -0.0603247 1.20679
1.56232 -0.0597649 1.20515
1.57491 -0.0588428 1.20232
1.58749 -0.057928 1.19945
1.60006 -0.057044 1.19655
1.61264 -0.0561906 1.19363
1.62526 -0.0553781 1.19067
1.6268 -0.0552869 1.19031
1.62834 -0.0551952 1.18995
1.62988 -0.0551041 1.18959
1.63142 -0.0550134 1.18923
1.63295 -0.0549235 1.18887
1.64401 -0.0542793 1.18629
1.65506 -0.0536626 1.18368
1.66611 -0.053073 1.18105
1.67715 -0.0525103 1.17839
1.68823 -0.0519738 1.1757
1.70072 -0.0514746 1.17274
1.71318 -0.0509354 1.1697
1.72564 -0.0504313 1.16665
1.73811 -0.0499614 1.16359
1.75065 -0.0495015 1.16051
1.76313 -0.0490977 1.15754
1.77558 -0.048682 1.15448
1.78803 -0.0482915 1.1514
1.80048 -0.0479222 1.14829
1.81305 -0.0475377 1.14516
1.82552 -0.0472122 1.14208
1.83798 -0.0468568 1.13896
1.85043 -0.0465085 1.13582
1.86288 -0.0461724 1.13267
1.8754 -0.045837 1.12954
1.87896 -0.0457476 1.12865
1.88251 -0.0456561 1.12776
1.88607 -0.045566 1.12688
1.88962 -0.0454774 1.12599
1.89318 -0.0453902 1.12511
1.90209 -0.0451753 1.12289
1.91101 -0.0449675 1.12069
1.91993 -0.0447672 1.1185
1.92885 -0.0445746 1.11633
1.93774 -0.0443904 1.1142
1.95023 -0.0440901 1.11124
1.9627 -0.0438128 1.10825
1.97518 -0.0435404 1.10526
1.98765 -0.0432744 1.10227
2.00015 -0.0430769 1.09931
2.01264 -0.0429967 1.09642
2.02512 -0.0428317 1.09348
2.03759 -0.0426304 1.09052
2.05006 -0.0424362 1.08756
2.06259 -0.0422477 1.08461
2.07509 -0.0420727 1.08169
2.08757 -0.0419183 1.07875
2.10005 -0.0417739 1.07579
2.11254 -0.0416316 1.07284
2.12506 -0.0415072 1.06989
2.13137 -0.0414818 1.06842
2.13767 -0.0414353 1.06694
2.14398 -0.0413973 1.06546
2.15029 -0.0413679 1.06398
2.15637 -0.0413446 1.06256
2.1626 -0.0413241 1.0611
2.16884 -0.0413001 1.05964
2.17507 -0.0412727 1.05818
2.1813 -0.0412418 1.05672
2.18753 -0.0412074 1.05526
2.20003 -0.0411935 1.05238
2.21251 -0.041121 1.04943
2.22499 -0.0410437 1.04648
2.23746 -0.0409617 1.04351
2.25002 -0.0408734 1.04054
2.26252 -0.0407706 1.03763
2.27501 -0.0407067 1.03468
2.28749 -0.0406738 1.03172
2.29998 -0.0406563 1.02876
2.31251 -0.0407233 1.02588
2.32501 -0.0409021 1.02311
2.33749 -0.0410136 1.02026
2.34996 -0.0410841 1.01736
2.36243 -0.0411712 1.01446
2.375 -0.0412778 1.01156
2.38521 -0.041387 1.00925
2.39541 -0.0415096 1.00692
2.40562 -0.0416429 1.00459
2.41582 -0.041787 1.00227
2.42582 -0.0419388 1.00001
2.42815 -0.0419789 0.999483
2.43049 -0.0420193 0.998957
2.43283 -0.04206 0.99843
2.43516 -0.0421009 0.997904
2.4375 -0.0421422 0.997378
2.45 -0.0423702 0.994577
2.4625 -0.0425962 0.991757
2.47499 -0.0428222 0.98893
2.48748 -0.0430407 0.98609
2.5 -0.0432652 0.983247
2.5125 -0.0436279 0.98058
2.52498 -0.0439111 0.977795
2.53744 -0.0441678 0.974964
2.54991 -0.0444469 0.972155
2.5625 -0.0447572 0.969361
2.575 -0.0451121 0.966676
2.58749 -0.0454802 0.963947
2.59998 -0.0458631 0.961208
2.61247 -0.0462621 0.958477
2.625 -0.0467077 0.955791
2.6375 -0.0472575 0.953261
2.64998 -0.0477516 0.950625
2.66246 -0.0482485 0.947984
2.67494 -0.0487633 0.945365
2.6875 -0.0492991 0.942754
2.69223 -0.0495106 0.941792
2.69697 -0.049725 0.940823
2.7017 -0.0499417 0.939858
2.70644 -0.0501607 0.938896
2.71114 -0.0503808 0.937942
2.71893 -0.0507487 0.936371
2.72672 -0.0511155 0.934797
2.7345 -0.0514813 0.933221
2.74229 -0.0518461 0.931642
2.75008 -0.0522115 0.930063
2.76257 -0.0528158 0.927586
2.77504 -0.0534167 0.925075
2.78753 -0.0540355 0.922592
2.80001 -0.0546724 0.920137
2.81251 -0.0553271 0.91771
2.825 -0.0560471 0.915393
2.8375 -0.0567455 0.913035
2.84999 -0.0574622 0.910707
2.8625 -0.0581947 0.908406
2.875 -0.0589366 0.90612
2.88677 -0.0596493 0.904006
2.89854 -0.0603716 0.901893
2.91031 -0.0611025 0.899796
2.92209 -0.061842 0.897714
2.93242 -0.0624999 0.895903
2.93344 -0.0625654 0.895727
2.93445 -0.0626311 0.895551
2.93547 -0.0626968 0.895376
2.93648 -0.0627627 0.8952
2.9375 -0.0628286 0.895024
2.95 -0.063641 0.892867
2.9625 -0.0644677 0.890731
2.97501 -0.0653036 0.888609
2.98751 -0.0661482 0.886499
3 -0.067 0.884406
3.00582 -0.0674055 0.883451
3.01164 -0.0678089 0.882487
3.01746 -0.068216 0.881531
3.02329 -0.0686266 0.880583
3.0292 -0.0690469 0.879629
3.03586 -0.0695247 0.878562
3.04252 -0.0700058 0.877502
3.04918 -0.0704902 0.876449
3.05584 -0.0709779 0.875404
3.0625 -0.0714677 0.874366
3.075 -0.0723707 0.872441
3.0875 -0.0732965 0.870515
3.1 -0.0742332 0.868613
3.1125 -0.0751804 0.866735
3.125 -0.0761337 0.864885
3.1375 -0.0770534 0.863085
3.15 -0.0780014 0.861269
3.16249 -0.0789602 0.859471
3.17499 -0.0799259 0.857697
3.1875 -0.0808858 0.855962
3.2 -0.0818205 0.854302
3.21249 -0.082776 0.852606
3.22498 -0.0837454 0.850896
3.23748 -0.0847198 0.849207
3.25 -0.0856784 0.847564
3.2625 -0.086607 0.845985
3.275 -0.0875599 0.844382
3.28749 -0.0885365 0.842756
3.29998 -0.0895125 0.841157
3.3125 -0.0904782 0.839627
3.325 -0.0914269 0.838181
3.33749 -0.092389 0.836693
3.34999 -0.0933569 0.835205
3.36248 -0.0943238 0.833742
3.375 -0.0952872 0.832303
3.3875 -0.0962263 0.830932
3.4 -0.0971852 0.829544
3.4125 -0.098141 0.828176
3.425 -0.0990943 0.826828
3.4375 -0.100048 0.825506
3.44585 -0.100681 0.824656
3.4542 -0.101317 0.823802
3.46255 -0.101953 0.822959
3.4709 -0.102589 0.822128
3.47973 -0.10326 0.821258
3.48378 -0.103568 0.820862
3.48784 -0.103875 0.820469
3.49189 -0.104182 0.820076
3.49595 -0.104488 0.819685
3.5 -0.104795 0.819295
3.5125 -0.105727 0.818098
3.525 -0.106669 0.81691
3.5375 -0.107608 0.815734
3.55 -0.108545 0.81457
3.5625 -0.10948 0.813421
3.575 -0.110388 0.812304
3.5875 -0.111321 0.811178
3.6 -0.112251 0.810063
3.6125 -0.113178 0.808959
3.625 -0.114097 0.807867
3.6375 -0.114964 0.806817
3.65 -0.115862 0.805754
3.6625 -0.11675 0.804707
3.675 -0.117627 0.803674
3.6875 -0.118496 0.802655
3.7 -0.11934 0.801669
3.7125 -0.120194 0.800676
3.725 -0.121042 0.799696
3.7375 -0.12188 0.79873
3.75 -0.12271 0.797777
3.75703 -0.123168 0.797253
3.76406 -0.123627 0.79673
3.77109 -0.124084 0.796211
3.77812 -0.124538 0.795696
3.78532 -0.125 0.795173
3.79076 -0.125347 0.794782
3.79619 -0.125694 0.794393
3.80163 -0.126041 0.794005
3.80706 -0.126387 0.79362
3.8125 -0.126734 0.793237
3.825 -0.12752 0.792352
3.8375 -0.128315 0.791486
3.85 -0.129109 0.79063
3.8625 -0.129902 0.789786
3.875 -0.130691 0.788955
3.8875 -0.131455 0.788123
3.9 -0.132238 0.787314
3.9125 -0.133019 0.786517
3.925 -0.133798 0.78573
3.9375 -0.134577 0.784954
3.95 -0.135303 0.784154
3.9625 -0.136076 0.783395
3.975 -0.136849 0.782645
3.9875 -0.137622 0.781906
4 -0.138391 0.781178
4.0125 -0.139111 0.780436
4.025 -0.139869 0.779721
4.0375 -0.140631 0.779019
4.05 -0.141392 0.778326
4.0625 -0.142135 0.777632
4.075 -0.142814 0.77691
4.0875 -0.143544 0.776226
4.1 -0.144278 0.775555
4.1125 -0.145005 0.774889
4.125 -0.145724 0.774227
4.1375 -0.146397 0.773555
4.15 -0.1471 0.772901
4.1625 -0.147798 0.772252
4.175 -0.148489 0.771608
4.1875 -0.149174 0.77097
4.2 -0.149818 0.770317
4.2125 -0.150488 0.769686
4.225 -0.151153 0.769061
4.2375 -0.151811 0.768441
4.25 -0.152465 0.767825
4.2625 -0.153098 0.767208
4.275 -0.15374 0.766599
4.2875 -0.154378 0.765995
4.3 -0.155011 0.765395
4.3125 -0.155638 0.7648
4.32133 -0.156073 0.764381
4.33017 -0.15651 0.763966
4.339 -0.156945 0.763554
4.34783 -0.157377 0.763144
4.35738 -0.157842 0.762704
4.3609 -0.158013 0.762542
4.36443 -0.158184 0.762381
4.36795 -0.158354 0.76222
4.37148 -0.158524 0.762059
4.375 -0.158694 0.761899
4.3875 -0.159293 0.76133
4.4 -0.159893 0.760768
4.4125 -0.16049 0.760212
4.425 -0.161084 0.75966
4.4375 -0.161675 0.759115
4.45 -0.162253 0.758572
4.4625 -0.162839 0.758039
4.475 -0.163423 0.757511
4.4875 -0.164004 0.756989
4.5 -0.164582 0.756471
4.5125 -0.165136 0.755943
4.525 -0.16571 0.755434
4.5375 -0.166281 0.754929
4.55 -0.16685 0.754429
4.5625 -0.167417 0.753934
4.575 -0.167958 0.753436
4.5875 -0.168521 0.75295
4.6 -0.169081 0.75247
4.6125 -0.169639 0.751993
4.625 -0.170195 0.751521
4.6375 -0.170713 0.751031
4.65 -0.171265 0.750567
4.6625 -0.171815 0.750106
4.675 -0.172363 0.74965
4.6875 -0.172905 0.749197
4.7 -0.173416 0.748738
4.7125 -0.173953 0.748291
4.725 -0.174488 0.747847
4.7375 -0.175019 0.747405
4.75 -0.175545 0.746966
4.7625 -0.176034 0.746511
4.775 -0.176551 0.746076
4.7875 -0.177063 0.745643
4.8 -0.177571 0.745212
4.8125 -0.178075 0.744783
4.825 -0.178556 0.744351
4.8375 -0.179053 0.743926
4.85 -0.179547 0.743503
4.8625 -0.180037 0.743083
4.875 -0.180523 0.742664
4.8875 -0.180988 0.74224
4.9 -0.181467 0.741825
4.9125 -0.181941 0.741413
4.925 -0.182411 0.741003
4.9375 -0.182879 0.740595
4.95 -0.183335 0.740186
4.9625 -0.183798 0.739782
4.975 -0.184259 0.73938
4.9875 -0.184717 0.73898
5 -0.185171 0.738582
5.0125 -0.185616 0.738183
5.025 -0.186062 0.737789
5.0375 -0.186505 0.737396
5.05 -0.186945 0.737006
5.0625 -0.187383 0.736617
5.06317 -0.187406 0.736596
5.06384 -0.18743 0.736575
5.06451 -0.187453 0.736555
5.06518 -0.187477 0.736534
5.06585 -0.1875 0.736513
5.07768 -0.187913 0.736148
5.08951 -0.188325 0.735784
5.10134 -0.188737 0.735422
5.11317 -0.189147 0.735061
5.125 -0.189555 0.734702
5.1375 -0.189981 0.734323
5.15 -0.190409 0.733948
5.1625 -0.190834 0.733574
5.175 -0.191258 0.733202
5.1875 -0.191682 0.732833
5.2 -0.192098 0.732457
5.2125 -0.19252 0.732091
5.225 -0.192942 0.731727
5.2375 -0.193363 0.731364
5.25 -0.193782 0.731003
5.2625 -0.19419 0.730638
5.275 -0.194606 0.73028
5.2875 -0.19502 0.729925
5.3 -0.195433 0.729571
5.3125 -0.195846 0.729219
5.325 -0.196244 0.728856
5.3375 -0.196655 0.728507
5.35 -0.197066 0.72816
5.3625 -0.197476 0.727815
5.375 -0.197885 0.727472
5.3875 -0.198277 0.72712
5.4 -0.198683 0.726779
5.4125 -0.199087 0.726441
5.425 -0.199492 0.726104
5.4375 -0.199895 0.725769
5.45 -0.200279 0.725417
5.4625 -0.20068 0.725084
5.475 -0.201081 0.724753
5.4875 -0.201482 0.724424
5.5 -0.20188 0.724096
5.5125 -0.202259 0.723757
5.525 -0.202653 0.72343
5.5375 -0.203049 0.723107
5.55 -0.203446 0.722786
5.5625 -0.203836 0.722461
5.575 -0.204206 0.72212
5.5875 -0.204594 0.721797
5.6 -0.204987 0.721481
5.6125 -0.205379 0.721167
5.625 -0.205764 0.720849
5.6375 -0.206131 0.720522
5.65 -0.206512 0.720206
5.6625 -0.2069 0.719895
5.675 -0.207286 0.719585
5.6875 -0.207664 0.71927
5.7 -0.208023 0.718939
5.7125 -0.208398 0.718624
5.725 -0.208777 0.718315
5.7375 -0.209154 0.718007
5.75 -0.209527 0.717697
5.7625 -0.209883 0.717378
5.775 -0.210253 0.717069
5.7875 -0.210625 0.716762
5.8 -0.210995 0.716455
5.8125 -0.211362 0.716148
5.825 -0.211712 0.715827
5.8375 -0.212077 0.715521
5.85 -0.212442 0.715216
5.8625 -0.212805 0.714911
5.875 -0.213168 0.714608
5.8875 -0.213514 0.714296
5.9 -0.213874 0.713993
5.9125 -0.214232 0.71369
5.925 -0.214589 0.713387
5.9375 -0.214945 0.713086
5.95 -0.215287 0.712774
5.9625 -0.21564 0.712472
5.975 -0.215992 0.712172
5.9875 -0.216343 0.711872
6 -0.216693 0.711573
6.0125 -0.217032 0.711268
6.025 -0.217379 0.710969
6.0375 -0.217726 0.710671
6.05 -0.218072 0.710373
6.0625 -0.218417 0.710075
6.075 -0.218752 0.709772
6.0875 -0.219094 0.709475
6.1 -0.219435 0.709179
6.1125 -0.219775 0.708884
6.125 -0.220114 0.708589
6.1375 -0.220447 0.708291
6.15 -0.220784 0.707997
6.1625 -0.221121 0.707703
6.175 -0.221456 0.707409
6.1875 -0.221791 0.707117
6.2 -0.22212 0.706821
6.2125 -0.222453 0.706529
6.225 -0.222784 0.706238
6.2375 -0.223115 0.705947
6.25 -0.223446 0.705657
6.2625 -0.223772 0.705366
6.275 -0.224101 0.705076
6.2875 -0.224429 0.704787
6.3 -0.224756 0.704498
6.3125 -0.225082 0.70421
6.32107 -0.225305 0.704013
6.32964 -0.225527 0.703816
6.33821 -0.22575 0.703619
6.34678 -0.225972 0.703423
6.35557 -0.226199 0.703222
6.35946 -0.226299 0.703134
6.36334 -0.226399 0.703045
6.36723 -0.2265 0.702956
6.37111 -0.2266 0.702868
6.375 -0.2267 0.702779
6.3875 -0.227021 0.702494
6.4 -0.227343 0.702211
6.4125 -0.227663 0.701928
6.425 -0.227983 0.701646
6.4375 -0.228303 0.701364
6.45 -0.22862 0.701083
6.4625 -0.228938 0.700804
6.475 -0.229256 0.700525
6.4875 -0.229573 0.700248
6.5 -0.229889 0.699971
6.5125 -0.230202 0.699692
6.525 -0.230518 0.699416
6.5375 -0.230833 0.699141
6.55 -0.231148 0.698867
6.5625 -0.231462 0.698593
6.575 -0.231771 0.698319
6.5875 -0.232084 0.698047
6.6 -0.232396 0.697775
6.6125 -0.232708 0.697505
6.625 -0.23302 0.697235
6.6375 -0.233325 0.696962
6.65 -0.233636 0.696693
6.6625 -0.233946 0.696425
6.675 -0.234255 0.696158
6.6875 -0.234564 0.695891
6.7 -0.234866 0.695623
6.7125 -0.235174 0.695358
6.725 -0.235482 0.695094
6.7375 -0.235789 0.69483
6.75 -0.236096 0.694566
6.7625 -0.236395 0.694298
6.775 -0.236701 0.694036
6.7875 -0.237007 0.693775
6.8 -0.237312 0.693514
6.8125 -0.237617 0.693253
6.825 -0.237912 0.692991
6.8375 -0.238216 0.692731
6.85 -0.23852 0.692473
6.8625 -0.238824 0.692215
6.875 -0.239127 0.691957
6.8875 -0.23942 0.691694
6.9 -0.239721 0.691437
6.9125 -0.240022 0.691181
6.925 -0.240321 0.690924
6.9375 -0.24062 0.690668
6.95 -0.240909 0.69041
6.9625 -0.241206 0.690154
6.975 -0.241503 0.689899
6.9875 -0.241798 0.689644
7 -0.242093 0.689389
7.0125 -0.24238 0.689131
7.025 -0.242673 0.688877
7.0375 -0.242965 0.688623
7.05 -0.243257 0.688369
7.0625 -0.243547 0.688115
7.075 -0.243831 0.687861
7.0875 -0.244121 0.687608
7.1 -0.24441 0.687355
7.1125 -0.244697 0.687102
7.125 -0.244984 0.68685
7.1375 -0.245266 0.686596
7.15 -0.245551 0.686344
7.1625 -0.245836 0.686092
7.175 -0.246119 0.685841
7.1875 -0.246402 0.68559
7.2 -0.246681 0.685338
7.2125 -0.246963 0.685088
7.225 -0.247244 0.684837
7.2375 -0.247525 0.684587
7.25 -0.247804 0.684337
7.2625 -0.248082 0.684086
7.275 -0.24836 0.683837
7.2875 -0.248637 0.683587
7.3 -0.248913 0.683338
7.3125 -0.249189 0.683089
7.31987 -0.249351 0.682942
7.32725 -0.249514 0.682795
7.33462 -0.249676 0.682649
7.342 -0.249838 0.682502
7.34937 -0.25 0.682356
7.35449 -0.250112 0.682254
7.35962 -0.250225 0.682152
7.36475 -0.250337 0.682051
7.36987 -0.250449 0.681949
7.375 -0.250561 0.681847
7.3875 -0.250833 0.681599
7.4 -0.251106 0.681352
7.4125 -0.251378 0.681104
7.425 -0.251649 0.680857
7.4375 -0.25192 0.68061
7.45 -0.252191 0.680362
7.4625 -0.252462 0.680115
7.475 -0.252733 0.679869
7.4875 -0.253004 0.679622
7.5 -0.253274 0.679376
7.5125 -0.253541 0.679129
7.525 -0.253811 0.678883
7.5375 -0.25408 0.678638
7.55 -0.254348 0.678392
7.5625 -0.254616 0.678146
7.575 -0.254882 0.677899
7.5875 -0.25515 0.677654
7.6 -0.255418 0.677409
7.6125 -0.255685 0.677164
7.625 -0.255952 0.67692
7.6375 -0.256214 0.676674
7.65 -0.25648 0.676429
7.6625 -0.256746 0.676185
7.675 -0.257011 0.675942
7.6875 -0.257276 0.675698
7.7 -0.257537 0.675451
7.7125 -0.257801 0.675208
7.725 -0.258066 0.674965
7.7375 -0.25833 0.674723
7.75 -0.258593 0.674481
7.7625 -0.25885 0.674236
7.775 -0.259113 0.673994
7.7875 -0.259376 0.673753
7.8 -0.259638 0.673512
7.8125 -0.2599 0.673271
7.825 -0.260156 0.673026
7.8375 -0.260417 0.672786
7.85 -0.260678 0.672546
7.8625 -0.260938 0.672307
7.875 -0.261198 0.672068
7.8875 -0.26145 0.671827
7.9 -0.261709 0.671591
7.9125 -0.261967 0.671355
7.925 -0.262226 0.67112
7.9375 -0.262484 0.670887
7.95 -0.262735 0.670648
7.9625 -0.262989 0.670409
7.975 -0.263241 0.67017
7.9875 -0.263491 0.669931
8 -0.263739 0.669692
8.025 -0.26422 0.669222
8.05 -0.264689 0.668753
8.075 -0.265146 0.668286
8.1 -0.26559 0.667819
8.125 -0.26602 0.667354
8.15 -0.26641 0.666869
8.175 -0.266827 0.666405
8.2 -0.267241 0.665941
8.225 -0.26765 0.665475
8.25 -0.268055 0.66501
8.3 -0.26882 0.664052
8.35 -0.26951 0.663083
8.4 -0.270069 0.662095
8.45001 -0.2705 0.661087
8.5 -0.270803 0.660057
8.55 -0.271 0.658941
8.6 -0.271223 0.657872
8.65 -0.271446 0.656794
8.7 -0.271669 0.655707
8.75 -0.271876 0.654622
8.8 -0.272008 0.653464
8.85 -0.27219 0.652416
8.9 -0.272361 0.651373
8.95001 -0.272531 0.650339
9 -0.272698 0.649312
9.1 -0.272968 0.647047
9.2 -0.273157 0.644945
9.30002 -0.273392 0.64342
9.40003 -0.273603 0.641976
9.5 -0.273762 0.640436
9.6 -0.2738 0.638874
9.7 -0.273852 0.637221
9.8 -0.273859 0.635583
9.9 -0.273829 0.633973
10 -0.273784 0.632431
10.2 -0.273663 0.629488
10.4 -0.27344 0.626714
10.6 -0.273173 0.624372
10.8 -0.272745 0.622694
11 -0.272377 0.621565
11.2 -0.272441 0.6208
11.4 -0.27214 0.6198
11.6 -0.271704 0.618743
11.8 -0.271286 0.617722
12 -0.27102 0.616833
12.2 -0.271139 0.616246
12.4 -0.270917 0.615481
12.6 -0.270573 0.614668
12.8 -0.270234 0.613879
13 -0.270024 0.613183
13.2 -0.270165 0.612706
13.4 -0.269972 0.61206
13.6 -0.269662 0.611362
13.8 -0.269355 0.610677
14 -0.269167 0.610065
14.2 -0.269315 0.609637
14.4 -0.269144 0.609054
14.6 -0.26886 0.608421
14.8 -0.26857 0.607795
15 -0.268389 0.607229
-1.001 -0.05 1.0011
-0.98859 -0.0500191 1.00132
-0.976179 -0.0500386 1.00155
-0.963769 -0.0500585 1.00178
-0.951359 -0.0500788 1.00201
-0.938948 -0.0500996 1.00225
-0.926461 -0.0501204 1.00249
-0.913975 -0.0501411 1.00274
-0.901488 -0.0501627 1.003
-0.889002 -0.0501851 1.00326
-0.876514 -0.0502082 1.00353
-0.864028 -0.0502318 1.0038
-0.851542 -0.0502565 1.00408
-0.839056 -0.0502823 1.00436
-0.82657 -0.0503092 1.00466
-0.814082 -0.0503373 1.00496
-0.801599 -0.0503652 1.00526
-0.789116 -0.0503935 1.00558
-0.776633 -0.0504232 1.0059
-0.76415 -0.0504544 1.00623
-0.751666 -0.0504871 1.00657
-0.739184 -0.0505205 1.00691
-0.726702 -0.0505556 1.00727
-0.71422 -0.0505926 1.00763
-0.701738 -0.0506315 1.00801
-0.689254 -0.0506722 1.00839
-0.676774 -0.0507135 1.00879
-0.664294 -0.0507554 1.00919
-0.651815 -0.0507999 1.00961
-0.639336 -0.0508469 1.01004
-0.626854 -0.0508965 1.01048
-0.614358 -0.0509467 1.01094
-0.601864 -0.0509996 1.01141
-0.58937 -0.0510556 1.01189
-0.576876 -0.051115 1.01239
-0.564377 -0.0511777 1.0129
-0.551857 -0.0512424 1.01343
-0.539337 -0.0513087 1.01398
-0.526818 -0.0513794 1.01455
-0.5143 -0.0514547 1.01514
-0.501773 -0.0515345 1.01575
-0.489249 -0.0516149 1.01637
-0.476725 -0.0516999 1.01703
-0.464203 -0.0517911 1.01771
-0.451683 -0.0518886 1.01841
-0.439149 -0.0519921 1.01914
-0.426608 -0.0520998 1.0199
-0.41407 -0.0522106 1.02069
-0.401534 -0.0523294 1.02151
-0.389001 -0.052457 1.02238
-0.376445 -0.0525939 1.02327
-0.363901 -0.0527328 1.02421
-0.35136 -0.0528813 1.02519
-0.338824 -0.0530429 1.02622
-0.326292 -0.0532177 1.02731
-0.313722 -0.0534033 1.02844
-0.301165 -0.0535982 1.02963
-0.288615 -0.0538001 1.03088
-0.276072 -0.0540166 1.0322
-0.263538 -0.0542504 1.0336
-0.250935 -0.0545052 1.03507
-0.238376 -0.0547665 1.03662
-0.225831 -0.0550509 1.03827
-0.213302 -0.0553657 1.04004
-0.200787 -0.0557009 1.04189
-0.188134 -0.0560606 1.04387
-0.175548 -0.0564409 1.04594
-0.162987 -0.056837 1.04816
-0.15045 -0.0572612 1.0505
-0.137939 -0.0577134 1.05297
-0.125202 -0.0582034 1.05563
-0.120135 -0.0584098 1.05676
-0.115072 -0.0586131 1.05791
-0.110016 -0.0588198 1.05908
-0.104965 -0.0590313 1.06028
-0.100665 -0.059216 1.06132
-0.0925126 -0.0595739 1.06334
-0.0843738 -0.0599401 1.06541
-0.0762517 -0.060333 1.06754
-0.0681471 -0.0607552 1.06973
-0.0599016 -0.0612155 1.07202
-0.0574788 -0.061355 1.07271
-0.0550572 -0.0614945 1.07341
-0.0526369 -0.061634 1.07412
-0.0502181 -0.0617737 1.07483
-0.0477986 -0.0619135 1.07554
-0.0375868 -0.0625042 1.07858
-0.0274038 -0.0631093 1.08171
-0.0172545 -0.0637403 1.08494
-0.00713153 -0.0644115 1.08824
0.00325397 -0.0651513 1.09169
0.0095685 -0.0656348 1.09383
0.0158751 -0.0661378 1.09599
0.0221738 -0.0666585 1.09817
0.0284645 -0.0671962 1.10037
0.0348247 -0.0677563 1.10261
0.0411108 -0.0683137 1.10486
0.0473949 -0.0688887 1.10711
0.0536776 -0.0694717 1.10936
0.059959 -0.0700611 1.11162
0.0662546 -0.0706604 1.11388
0.0698159 -0.0710024 1.11515
0.0733743 -0.0713499 1.11644
0.0769327 -0.0717003 1.11772
0.0804926 -0.072052 1.119
0.0840169 -0.0724008 1.12026
0.0867403 -0.0726708 1.12124
0.0894638 -0.0729421 1.12222
0.0921873 -0.073215 1.12319
0.0949109 -0.0734893 1.12417
0.0976339 -0.0737651 1.12514
0.103896 -0.0744026 1.12739
0.110164 -0.0750484 1.12962
0.116433 -0.0757015 1.13185
0.122703 -0.0763826 1.13407
0.128944 -0.0770549 1.13629
0.135209 -0.0777343 1.13856
0.141487 -0.0784304 1.14078
0.147775 -0.0791403 1.14297
0.154064 -0.0798562 1.14516
0.160272 -0.0805843 1.14731
0.163103 -0.0809212 1.1483
0.165933 -0.0812574 1.14928
0.168764 -0.0815949 1.15026
0.171596 -0.0819344 1.15124
0.174439 -0.0822772 1.15222
0.177854 -0.0826916 1.1534
0.181271 -0.0831088 1.15457
0.184692 -0.0835297 1.15573
0.188117 -0.083953 1.15688
0.191517 -0.0843735 1.158
0.197748 -0.0851441 1.16005
0.203987 -0.0859243 1.16207
0.210233 -0.0867171 1.16407
0.216486 -0.0875227 1.16603
0.222679 -0.0883325 1.16795
0.228814 -0.0891471 1.16984
0.23496 -0.0899796 1.17169
0.24111 -0.0908354 1.17351
0.247264 -0.091721 1.1753
0.251749 -0.0923883 1.17659
0.252072 -0.092437 1.17668
0.252395 -0.0924858 1.17677
0.252718 -0.0925347 1.17686
0.25304 -0.0925836 1.17695
0.253363 -0.0926325 1.17704
0.259442 -0.0935548 1.17874
0.265524 -0.094527 1.18041
0.271608 -0.09555 1.18204
0.277692 -0.0966247 1.18363
0.283766 -0.0977499 1.18518
0.285558 -0.098095 1.18562
0.287351 -0.0984462 1.18606
0.289142 -0.0988079 1.1865
0.290933 -0.09918 1.18693
0.29293 -0.099607 1.18741
0.296963 -0.100496 1.18836
0.30099 -0.101434 1.1893
0.30501 -0.102419 1.19021
0.309022 -0.103452 1.1911
0.313113 -0.104552 1.19202
0.316121 -0.105413 1.19269
0.319119 -0.106311 1.19336
0.322108 -0.107241 1.19402
0.325089 -0.108202 1.19468
0.328167 -0.109225 1.19536
0.328354 -0.109289 1.1954
0.32854 -0.109354 1.19544
0.328726 -0.109418 1.19548
0.328912 -0.109482 1.19552
0.329093 -0.109545 1.19556
0.331878 -0.110513 1.19617
0.334654 -0.111511 1.19678
0.337419 -0.112539 1.19738
0.340175 -0.113596 1.19797
0.343028 -0.114719 1.19858
0.346032 -0.115925 1.1992
0.349027 -0.117159 1.19982
0.352017 -0.118408 1.20043
0.354998 -0.119679 1.20104
0.358066 -0.121022 1.20166
0.359532 -0.121675 1.20195
0.360996 -0.122332 1.20224
0.362458 -0.122992 1.20253
0.36392 -0.123653 1.20282
0.365371 -0.12431 1.20311
0.3663 -0.12473 1.20329
0.367228 -0.125149 1.20348
0.368157 -0.125569 1.20366
0.369087 -0.125988 1.20384
0.370024 -0.12641 1.20403
0.370741 -0.126733 1.20417
0.371459 -0.127056 1.20431
0.372176 -0.127379 1.20445
0.372893 -0.127703 1.20459
0.373611 -0.128026 1.20473
0.376835 -0.129479 1.20536
0.38007 -0.130911 1.20599
0.383316 -0.132319 1.20662
0.386571 -0.133706 1.20724
0.389721 -0.135026 1.20784
0.392847 -0.136312 1.20843
0.395979 -0.13758 1.20903
0.399123 -0.138818 1.20962
0.402282 -0.140015 1.21022
0.405908 -0.141334 1.2109
0.405995 -0.141365 1.21091
0.406082 -0.141395 1.21093
0.406168 -0.141425 1.21095
0.406255 -0.141455 1.21096
0.406344 -0.141485 1.21098
0.409312 -0.14251 1.21153
0.412293 -0.1435 1.21208
0.415285 -0.144456 1.21263
0.418288 -0.145378 1.21318
0.421176 -0.146227 1.2137
0.4243 -0.147109 1.21428
0.427428 -0.14798 1.21485
0.430564 -0.148823 1.21542
0.43371 -0.149622 1.21599
0.436789 -0.150359 1.21655
0.439114 -0.150872 1.21698
0.44144 -0.151382 1.21741
0.443764 -0.151893 1.21785
0.446087 -0.1524 1.21829
0.448147 -0.152832 1.21869
0.449233 -0.153051 1.2189
0.450319 -0.153266 1.21911
0.451407 -0.153476 1.21932
0.452495 -0.153682 1.21953
0.453584 -0.153884 1.21974
0.45658 -0.154427 1.22032
0.459586 -0.154911 1.2209
0.462597 -0.155353 1.22149
0.465612 -0.155761 1.22209
0.468575 -0.156129 1.22268
0.46952 -0.156237 1.22286
0.470467 -0.156337 1.22305
0.471414 -0.156433 1.22324
0.472361 -0.156525 1.22343
0.473862 -0.156666 1.22372
0.47592 -0.156847 1.22413
0.477978 -0.157011 1.22454
0.480038 -0.157159 1.22495
0.482099 -0.157291 1.22536
0.48415 -0.157406 1.22577
0.487282 -0.157555 1.22639
0.490414 -0.15767 1.22702
0.493548 -0.157742 1.22765
0.496684 -0.157771 1.22827
0.499806 -0.157754 1.22889
0.502962 -0.157688 1.2295
0.506118 -0.157589 1.23012
0.509273 -0.157448 1.23072
0.512427 -0.157265 1.23132
0.51283 -0.157236 1.23139
0.513381 -0.157195 1.2315
0.513931 -0.157152 1.2316
0.514481 -0.157108 1.2317
0.515032 -0.157062 1.2318
0.515583 -0.157014 1.23191
0.518125 -0.156792 1.23238
0.520664 -0.15653 1.23285
0.523202 -0.156243 1.23331
0.525737 -0.155929 1.23378
0.528191 -0.155608 1.23422
0.528825 -0.155523 1.23434
0.529459 -0.155436 1.23445
0.530093 -0.155347 1.23457
0.530727 -0.155257 1.23468
0.531362 -0.155165 1.2348
0.534473 -0.154714 1.23536
0.537579 -0.154225 1.23593
0.540679 -0.153706 1.2365
0.543775 -0.153157 1.23706
0.546855 -0.152579 1.23763
0.550089 -0.151941 1.23822
0.553323 -0.151297 1.23881
0.556552 -0.150639 1.23941
0.559777 -0.149962 1.24001
0.563032 -0.149217 1.24062
0.566164 -0.148431 1.24123
0.569298 -0.147649 1.24182
0.572436 -0.146875 1.24241
0.57557 -0.146091 1.243
0.578691 -0.145286 1.24361
0.581812 -0.14445 1.24424
0.584941 -0.143637 1.24486
0.588069 -0.142823 1.24549
0.591195 -0.142008 1.24612
0.594296 -0.141198 1.24676
0.597133 -0.140452 1.24735
0.59997 -0.139714 1.24796
0.602806 -0.138979 1.24857
0.605642 -0.138248 1.24919
0.608138 -0.137606 1.24973
0.611557 -0.136729 1.25049
0.614977 -0.135858 1.25125
0.618396 -0.134992 1.25202
0.621814 -0.134129 1.2528
0.625237 -0.133267 1.25358
0.631451 -0.131658 1.25505
0.637687 -0.130116 1.25649
0.643918 -0.128615 1.258
0.650155 -0.127164 1.25953
0.656312 -0.125826 1.26103
0.657393 -0.125606 1.2613
0.658474 -0.125388 1.26156
0.659556 -0.125172 1.26182
0.660639 -0.124958 1.26208
0.661812 -0.124729 1.26236
0.666911 -0.12375 1.26356
0.672026 -0.122818 1.26474
0.677157 -0.121932 1.26587
0.682297 -0.121068 1.26698
0.687306 -0.120244 1.26805
0.693546 -0.119326 1.26927
0.699792 -0.118416 1.27046
0.706051 -0.117559 1.27163
0.712321 -0.116724 1.27275
0.718501 -0.11594 1.2738
0.724858 -0.115254 1.27485
0.731236 -0.114586 1.27576
0.737624 -0.113941 1.27663
0.744024 -0.113343 1.27744
0.75028 -0.112788 1.27814
0.752833 -0.112579 1.27839
0.755386 -0.11237 1.27863
0.757941 -0.112163 1.27886
0.760497 -0.111958 1.27908
0.764141 -0.11167 1.27938
0.76759 -0.111402 1.27964
0.771041 -0.11114 1.27989
0.774493 -0.110886 1.28013
0.777947 -0.110641 1.28035
0.781387 -0.110407 1.28056
0.787628 -0.110002 1.28091
0.793872 -0.109602 1.28122
0.800118 -0.10921 1.28149
0.806366 -0.108821 1.28172
0.812595 -0.108434 1.28191
0.818848 -0.10805 1.28206
0.825101 -0.10765 1.28219
0.831353 -0.107236 1.28229
0.837605 -0.106814 1.28236
0.843861 -0.106385 1.2824
0.850095 -0.105955 1.28241
0.856327 -0.105503 1.28239
0.862557 -0.105032 1.28235
0.868786 -0.104544 1.28228
0.875028 -0.104037 1.28219
0.881248 -0.103522 1.28208
0.887465 -0.102985 1.28196
0.893681 -0.102429 1.28182
0.899894 -0.101852 1.28165
0.906125 -0.101252 1.28147
0.907801 -0.101086 1.28142
0.909477 -0.100918 1.28136
0.911152 -0.100749 1.28131
0.912828 -0.100578 1.28125
0.914237 -0.100433 1.2812
0.918904 -0.0999503 1.28103
0.923569 -0.0994564 1.28085
0.928233 -0.0989515 1.28066
0.932896 -0.0984356 1.28047
0.937571 -0.0979071 1.28026
0.943831 -0.0971814 1.27996
0.950088 -0.0964425 1.27965
0.956342 -0.0956851 1.27932
0.962593 -0.0949079 1.27898
0.968869 -0.094106 1.2786
0.969104 -0.0940751 1.27858
0.96934 -0.0940441 1.27857
0.969575 -0.0940131 1.27855
0.969811 -0.0939821 1.27854
0.970045 -0.0939513 1.27852
0.976056 -0.0931591 1.27813
0.982065 -0.0923555 1.27772
0.988071 -0.0915405 1.27729
0.994075 -0.0907141 1.27685
1.00011 -0.0898719 1.27639
1.00634 -0.0889774 1.27588
1.01257 -0.0880706 1.2754
1.0188 -0.0871568 1.2749
1.02502 -0.086236 1.2744
1.03126 -0.0853055 1.27388
1.03766 -0.0843367 1.27329
1.04406 -0.0833681 1.27272
1.05046 -0.0823966 1.27215
1.05687 -0.0814202 1.27157
1.06326 -0.080441 1.27094
1.07575 -0.0785215 1.2696
1.08823 -0.0766039 1.26819
1.10071 -0.0746732 1.2667
1.11317 -0.0727372 1.26519
1.12571 -0.0708067 1.26366
1.13633 -0.0691694 1.26227
1.14696 -0.067531 1.26089
1.15757 -0.0658876 1.25945
1.16819 -0.0642616 1.25796
1.17916 -0.0626204 1.25638
1.18102 -0.0623493 1.2561
1.18287 -0.0620785 1.25583
1.18473 -0.0618081 1.25555
1.18658 -0.0615379 1.25527
1.18844 -0.0612681 1.255
1.19367 -0.0605119 1.25422
1.19889 -0.0597571 1.25342
1.20411 -0.0590102 1.25262
1.20933 -0.0582736 1.25181
1.21376 -0.0576572 1.25111
1.22115 -0.0566416 1.24994
1.22854 -0.0556341 1.24874
1.23592 -0.0546342 1.24752
1.24329 -0.0536415 1.24626
1.2507 -0.0526511 1.24497
1.26321 -0.0510597 1.24282
1.27569 -0.0494464 1.24052
1.28816 -0.0478552 1.23815
1.30061 -0.046284 1.23568
1.31323 -0.0447353 1.23311
1.32555 -0.0434156 1.23058
1.33784 -0.0420314 1.22795
1.3501 -0.0406205 1.22521
1.36235 -0.0392358 1.22239
1.37481 -0.0379415 1.21953
1.38721 -0.0368071 1.21675
1.39957 -0.0356161 1.21381
1.41189 -0.0343752 1.21073
1.42421 -0.0332072 1.20759
1.43681 -0.0321617 1.20438
1.44936 -0.0313002 1.20121
1.46187 -0.0303593 1.19792
1.47437 -0.0294938 1.19458
1.48687 -0.0287048 1.1912
1.49803 -0.0280644 1.18817
1.49834 -0.0280487 1.18809
1.49864 -0.028033 1.18801
1.49894 -0.0280174 1.18793
1.49924 -0.0280017 1.18784
1.49954 -0.0279861 1.18776
1.5121 -0.0273388 1.18433
1.52465 -0.0267314 1.18085
1.53718 -0.0261653 1.17731
1.5497 -0.0256412 1.17372
1.56234 -0.0251799 1.17003
1.57492 -0.0248959 1.1664
1.58748 -0.0245795 1.16268
1.60001 -0.0242317 1.15889
1.61254 -0.0239264 1.1551
1.62525 -0.0237049 1.15138
1.6378 -0.0235759 1.14785
1.65033 -0.0234464 1.14421
1.66283 -0.0233643 1.14049
1.67533 -0.0233441 1.13679
1.68802 -0.0233683 1.13306
1.69303 -0.0234322 1.13159
1.69805 -0.0234785 1.13012
1.70306 -0.0235311 1.12865
1.70807 -0.0235932 1.12718
1.71301 -0.0236637 1.12573
1.71439 -0.023686 1.12533
1.71577 -0.0237086 1.12492
1.71715 -0.0237316 1.12452
1.71852 -0.023755 1.12411
1.7199 -0.0237787 1.12371
1.72608 -0.023886 1.1219
1.73226 -0.0239917 1.1201
1.73844 -0.0240939 1.1183
1.74462 -0.0241924 1.11651
1.75079 -0.0242931 1.11474
1.75702 -0.0244197 1.11296
1.76325 -0.0245279 1.11117
1.76947 -0.0246428 1.10937
1.7757 -0.0247628 1.10759
1.78194 -0.0248806 1.10579
1.78816 -0.0250048 1.10401
1.79439 -0.0251268 1.10222
1.80061 -0.0252468 1.10043
1.80683 -0.0253649 1.09865
1.81305 -0.0254813 1.09686
1.8151 -0.0255239 1.09627
1.81715 -0.0255641 1.09568
1.8192 -0.0256042 1.0951
1.82125 -0.0256447 1.09451
1.82327 -0.0256847 1.09392
1.82745 -0.0257675 1.09272
1.83164 -0.0258494 1.09152
1.83582 -0.0259303 1.09031
1.84 -0.0260102 1.08911
1.84419 -0.0260904 1.08791
1.85042 -0.0262224 1.08613
1.85665 -0.0263495 1.08434
1.86289 -0.0264835 1.08256
1.86912 -0.0266244 1.08078
1.87536 -0.0267667 1.079
1.88683 -0.0270083 1.07575
1.89831 -0.027255 1.07255
1.90979 -0.0275164 1.06935
1.92128 -0.0277831 1.06615
1.93345 -0.0280608 1.06277
1.93431 -0.0280798 1.06253
1.93516 -0.0280987 1.0623
1.93601 -0.0281175 1.06206
1.93686 -0.0281361 1.06183
1.93772 -0.0281547 1.06159
1.9502 -0.0284337 1.05817
1.96268 -0.0286882 1.05474
1.97516 -0.0289284 1.05132
1.98764 -0.0291746 1.0479
2.00013 -0.0294174 1.04449
2.01262 -0.0295443 1.04117
2.02509 -0.0297079 1.03779
2.03754 -0.0299051 1.03434
2.05 -0.0301277 1.03093
2.06257 -0.0304628 1.02764
2.07507 -0.0308951 1.02454
2.08753 -0.0311794 1.0213
2.09997 -0.0313659 1.01797
2.11242 -0.0315685 1.01466
2.12504 -0.0317667 1.01132
2.13377 -0.0318957 1.00907
2.14249 -0.0320527 1.00681
2.15121 -0.0322078 1.00455
2.15993 -0.0323603 1.0023
2.16857 -0.0325143 1.00007
2.17236 -0.0325893 0.999101
2.17615 -0.0326653 0.998131
2.17994 -0.0327425 0.997164
2.18373 -0.0328207 0.9962
2.18752 -0.0329 0.995239
2.20002 -0.0331917 0.992082
2.21251 -0.0334389 0.988901
2.22501 -0.0336886 0.98573
2.2375 -0.0339162 0.982561
2.25001 -0.0341982 0.979465
2.26251 -0.0347252 0.976617
2.27497 -0.0350855 0.973595
2.2874 -0.0352858 0.970406
2.29983 -0.0354904 0.967229
2.3125 -0.0358037 0.964102
2.325 -0.0362222 0.961139
2.33749 -0.0366165 0.958134
2.34998 -0.0370007 0.955105
2.36247 -0.0374085 0.952098
2.375 -0.0378982 0.949164
2.38574 -0.0384774 0.946833
2.39646 -0.0389588 0.944386
2.40718 -0.0394833 0.941981
2.41791 -0.0400334 0.939599
2.42741 -0.0405391 0.937511
2.42943 -0.0406501 0.937071
2.43144 -0.0407608 0.936631
2.43346 -0.0408713 0.93619
2.43548 -0.0409814 0.93575
2.4375 -0.0410913 0.935311
2.45 -0.041797 0.932612
2.46249 -0.0424715 0.929881
2.47499 -0.043142 0.927152
2.48748 -0.0438082 0.924423
2.5 -0.0444857 0.921706
2.5125 -0.0452423 0.919085
2.52498 -0.045948 0.91639
2.53747 -0.0466573 0.913697
2.54997 -0.0473978 0.911047
2.5625 -0.0482023 0.908476
2.57505 -0.0491824 0.906141
2.58758 -0.05004 0.90363
2.60012 -0.0509232 0.901158
2.61266 -0.0518257 0.898714
2.62528 -0.0527481 0.896277
2.63774 -0.0537362 0.894005
2.65019 -0.0547104 0.891692
2.66265 -0.0556993 0.889404
2.67511 -0.0567029 0.887141
2.68758 -0.0577216 0.884903
2.69735 -0.0585785 0.883246
2.70711 -0.0594153 0.88156
2.71687 -0.0602601 0.879889
2.72663 -0.061113 0.878231
2.73623 -0.0619595 0.876616
2.73745 -0.0620678 0.876414
2.73866 -0.0621761 0.876212
2.73988 -0.0622843 0.87601
2.74109 -0.0623926 0.875809
2.74231 -0.0625011 0.875607
2.74385 -0.0626385 0.875353
2.74539 -0.0627761 0.875099
2.74693 -0.0629139 0.874846
2.74847 -0.063052 0.874593
2.75001 -0.0631902 0.874341
2.76251 -0.0643079 0.872294
2.77501 -0.0654474 0.870291
2.78752 -0.0666038 0.868328
2.80003 -0.0677773 0.866406
2.8125 -0.0689632 0.864533
2.825 -0.0700815 0.862634
2.8375 -0.0712784 0.860794
2.85001 -0.0724894 0.858989
2.86252 -0.0737162 0.857222
2.875 -0.0749561 0.855498
2.8875 -0.0761261 0.853767
2.9 -0.0773598 0.85207
2.9125 -0.0786134 0.850411
2.925 -0.07988 0.848785
2.9375 -0.0811153 0.847176
2.95 -0.0822557 0.845572
2.9625 -0.0834712 0.843988
2.97499 -0.0847385 0.842426
2.98748 -0.0860131 0.840887
3 -0.0872515 0.839382
3.0125 -0.0884321 0.837917
3.025 -0.0896495 0.836448
3.03749 -0.0908845 0.834988
3.04999 -0.0921128 0.833554
3.0625 -0.0933221 0.832153
3.075 -0.0944791 0.83081
3.08749 -0.0956768 0.829448
3.09999 -0.0968713 0.828113
3.11249 -0.0980611 0.826803
3.125 -0.0992462 0.825516
3.1375 -0.100406 0.824278
3.15 -0.101578 0.823041
3.1625 -0.102745 0.821828
3.17501 -0.103908 0.820637
3.1875 -0.105067 0.819474
3.18808 -0.10512 0.819421
3.18865 -0.105173 0.819369
3.18923 -0.105227 0.819317
3.1898 -0.10528 0.819265
3.19038 -0.105334 0.819212
3.2023 -0.106437 0.818134
3.21423 -0.107542 0.817082
3.22616 -0.108647 0.816049
3.23809 -0.10975 0.815036
3.25 -0.11085 0.814042
3.2625 -0.111946 0.812993
3.275 -0.113096 0.811982
3.2875 -0.114244 0.810991
3.3 -0.11539 0.81002
3.3125 -0.116529 0.809067
3.325 -0.117607 0.808118
3.3375 -0.118707 0.807181
3.35 -0.11979 0.806257
3.3625 -0.120854 0.805346
3.375 -0.1219 0.804449
3.3827 -0.12252 0.8039
3.3904 -0.123147 0.803358
3.39811 -0.123768 0.802821
3.40581 -0.124383 0.802288
3.41363 -0.125 0.801753
3.4184 -0.125373 0.80143
3.42318 -0.125745 0.801108
3.42795 -0.126117 0.800789
3.43273 -0.12649 0.800472
3.4375 -0.126863 0.800156
3.45 -0.127819 0.79932
3.4625 -0.128794 0.798512
3.475 -0.129769 0.797719
3.4875 -0.130738 0.796941
3.5 -0.1317 0.796179
3.5125 -0.13262 0.795403
3.525 -0.133575 0.794668
3.5375 -0.134525 0.793949
3.55 -0.135472 0.793244
3.5625 -0.13642 0.792552
3.575 -0.137266 0.791791
3.5875 -0.138208 0.791123
3.6 -0.139151 0.790467
3.6125 -0.140093 0.789825
3.625 -0.141017 0.789188
3.6375 -0.141869 0.788514
3.65 -0.142778 0.787892
3.6625 -0.143707 0.787299
3.675 -0.144636 0.786719
3.6875 -0.14551 0.786108
3.7 -0.146282 0.785428
3.7125 -0.147138 0.784826
3.725 -0.148058 0.784286
3.73749 -0.148978 0.783758
3.75 -0.149843 0.783206
3.7625 -0.150638 0.782621
3.775 -0.151482 0.782075
3.7875 -0.152358 0.78156
3.79999 -0.153225 0.781049
3.8125 -0.154031 0.780503
3.825 -0.15475 0.779903
3.8375 -0.15554 0.779367
3.85 -0.156362 0.778864
3.8625 -0.157176 0.778366
3.875 -0.157964 0.777861
3.8875 -0.158692 0.777331
3.9 -0.159462 0.776833
3.9125 -0.160241 0.776348
3.925 -0.161013 0.775867
3.9375 -0.161767 0.775382
3.95 -0.162446 0.774856
3.9625 -0.163185 0.77438
3.975 -0.163923 0.773912
3.9875 -0.164656 0.773448
4 -0.165384 0.772989
4.0125 -0.166062 0.772514
4.025 -0.166772 0.77206
4.0375 -0.167478 0.771611
4.05 -0.168179 0.771166
4.0625 -0.168874 0.770726
4.075 -0.169521 0.770263
4.0875 -0.170201 0.769829
4.1 -0.170877 0.7694
4.1125 -0.171548 0.768974
4.125 -0.172215 0.768553
4.1375 -0.172855 0.768127
4.15 -0.17351 0.767712
4.1625 -0.174161 0.767302
4.175 -0.174809 0.766895
4.1875 -0.175452 0.766493
4.2 -0.176073 0.766084
4.2125 -0.176705 0.76569
4.225 -0.177333 0.765299
4.2375 -0.177958 0.764912
4.25 -0.178579 0.764529
4.2625 -0.17919 0.764147
4.275 -0.179803 0.76377
4.2875 -0.180412 0.763398
4.3 -0.181018 0.763029
4.3125 -0.18162 0.762663
4.31298 -0.181643 0.762649
4.31345 -0.181666 0.762636
4.31393 -0.181689 0.762622
4.31441 -0.181712 0.762608
4.31488 -0.181735 0.762594
4.32691 -0.18231 0.762248
4.33893 -0.182882 0.761905
4.35095 -0.183453 0.761567
4.36298 -0.184022 0.761233
4.375 -0.184588 0.760904
4.3875 -0.185167 0.76056
4.4 -0.185752 0.760226
4.4125 -0.186331 0.759894
4.425 -0.186904 0.759563
4.4375 -0.187471 0.759235
4.43763 -0.187476 0.759231
4.43776 -0.187482 0.759228
4.43789 -0.187488 0.759224
4.43802 -0.187494 0.759221
4.43815 -0.1875 0.759218
4.45052 -0.188056 0.758894
4.46289 -0.18861 0.758574
4.47526 -0.189161 0.758255
4.48763 -0.189709 0.757939
4.5 -0.190253 0.757624
4.5125 -0.190794 0.757305
4.525 -0.191339 0.756992
4.5375 -0.191881 0.756681
4.55 -0.192419 0.756372
4.5625 -0.192955 0.756066
4.575 -0.193476 0.755748
4.5875 -0.194009 0.755446
4.6 -0.194538 0.755146
4.6125 -0.195065 0.754849
4.625 -0.195589 0.754554
4.6375 -0.196094 0.754248
4.65 -0.196615 0.753958
4.6625 -0.197133 0.753669
4.675 -0.197649 0.753382
4.6875 -0.198161 0.753098
4.7 -0.198649 0.75279
4.7125 -0.199158 0.752509
4.725 -0.199665 0.75223
4.7375 -0.200169 0.751953
4.75 -0.20067 0.751678
4.7625 -0.201146 0.751388
4.775 -0.201644 0.751116
4.7875 -0.202139 0.750847
4.8 -0.202632 0.750579
4.8125 -0.20312 0.750311
4.825 -0.20358 0.750017
4.8375 -0.204064 0.749751
4.85 -0.204549 0.749491
4.8625 -0.205031 0.749232
4.875 -0.205507 0.748972
4.8875 -0.205959 0.748698
4.9 -0.206431 0.748441
4.9125 -0.206906 0.748189
4.925 -0.207378 0.747939
4.9375 -0.207842 0.747683
4.95 -0.208279 0.747403
4.9625 -0.208739 0.74715
4.975 -0.209205 0.746907
4.9875 -0.209669 0.746665
5 -0.210123 0.74642
5.0125 -0.210553 0.746161
5.025 -0.211004 0.745918
5.0375 -0.211462 0.745684
5.05 -0.211917 0.745451
5.0625 -0.21236 0.745208
5.075 -0.212777 0.744942
5.0875 -0.213216 0.744701
5.1 -0.213667 0.744474
5.1125 -0.214115 0.74425
5.125 -0.21455 0.744018
5.1375 -0.214962 0.743774
5.15 -0.215394 0.743545
5.1625 -0.215837 0.743326
5.175 -0.216278 0.74311
5.1875 -0.216702 0.742879
5.2 -0.217102 0.742626
5.2125 -0.217523 0.742397
5.225 -0.21796 0.742186
5.2375 -0.218394 0.741977
5.25 -0.218812 0.741758
5.2625 -0.219209 0.741528
5.275 -0.219624 0.741312
5.2875 -0.220053 0.741108
5.3 -0.220481 0.740906
5.3125 -0.220889 0.740687
5.325 -0.221275 0.740447
5.3375 -0.22168 0.74023
5.35 -0.222104 0.740033
5.3625 -0.222526 0.739838
5.375 -0.222929 0.739632
5.3875 -0.223312 0.739414
5.4 -0.223712 0.73921
5.4125 -0.224129 0.73902
5.425 -0.224545 0.73883
5.4375 -0.224939 0.738622
5.45 -0.225312 0.738394
5.4625 -0.225704 0.738187
5.475 -0.226112 0.738
5.4875 -0.226519 0.737814
5.5 -0.226909 0.737616
5.5125 -0.227279 0.737408
5.525 -0.227666 0.737212
5.5375 -0.228065 0.737027
5.55 -0.228462 0.736841
5.5625 -0.228844 0.736643
5.575 -0.229206 0.736427
5.5875 -0.229585 0.73623
5.6 -0.229975 0.736046
5.6125 -0.230363 0.735862
5.625 -0.23074 0.735672
5.6375 -0.231099 0.735471
5.65 -0.231473 0.735282
5.6625 -0.231855 0.735099
5.675 -0.232235 0.734916
5.6875 -0.232605 0.734727
5.7 -0.232957 0.734521
5.7125 -0.233326 0.734332
5.725 -0.233698 0.734151
5.7375 -0.234069 0.733969
5.75 -0.234435 0.733785
5.7625 -0.234784 0.733592
5.775 -0.235148 0.733409
5.7875 -0.235514 0.733228
5.8 -0.235878 0.733048
5.8125 -0.236239 0.732867
5.825 -0.236583 0.73267
5.8375 -0.236941 0.73249
5.85 -0.237299 0.73231
5.8625 -0.237656 0.732131
5.875 -0.238013 0.731953
5.8875 -0.238353 0.731766
5.9 -0.238706 0.731588
5.9125 -0.239059 0.731411
5.925 -0.239411 0.731234
5.9375 -0.23976 0.731057
5.95 -0.240096 0.730869
5.9625 -0.240443 0.730692
5.975 -0.240788 0.730516
5.9875 -0.241133 0.73034
6 -0.241476 0.730164
6.0125 -0.241809 0.729984
6.025 -0.24215 0.729809
6.0375 -0.242491 0.729634
6.05 -0.242831 0.72946
6.0625 -0.243169 0.729286
6.075 -0.243498 0.729106
6.0875 -0.243834 0.728932
6.1 -0.244168 0.728759
6.1125 -0.244501 0.728586
6.125 -0.244834 0.728413
6.1375 -0.24516 0.728238
6.15 -0.24549 0.728067
6.1625 -0.245821 0.727895
6.175 -0.24615 0.727724
6.1875 -0.246478 0.727553
6.2 -0.246801 0.72738
6.2125 -0.247126 0.72721
6.225 -0.24745 0.72704
6.2375 -0.247774 0.72687
6.25 -0.248096 0.726701
6.2625 -0.248417 0.726531
6.275 -0.248738 0.726363
6.2875 -0.249059 0.726195
6.3 -0.249379 0.726027
6.3125 -0.249698 0.72586
6.31488 -0.249758 0.725828
6.31726 -0.249819 0.725796
6.31963 -0.249879 0.725765
6.32201 -0.24994 0.725733
6.3244 -0.25 0.725701
6.33452 -0.250256 0.725566
6.34464 -0.250512 0.725431
6.35476 -0.250768 0.725296
6.36488 -0.251024 0.725162
6.375 -0.251279 0.725028
6.3875 -0.251594 0.724861
6.4 -0.251909 0.724697
6.4125 -0.252225 0.724532
6.425 -0.25254 0.724368
6.4375 -0.252855 0.724205
6.45 -0.253167 0.724039
6.4625 -0.25348 0.723876
6.475 -0.253793 0.723713
6.4875 -0.254106 0.723551
6.5 -0.254419 0.723389
6.5125 -0.254728 0.723223
6.525 -0.255041 0.723062
6.5375 -0.255354 0.722901
6.55 -0.255666 0.72274
6.5625 -0.255978 0.72258
6.575 -0.256285 0.722416
6.5875 -0.256596 0.722257
6.6 -0.256907 0.722097
6.6125 -0.257217 0.721939
6.625 -0.257528 0.72178
6.6375 -0.257832 0.721615
6.65 -0.258142 0.721457
6.6625 -0.258452 0.7213
6.675 -0.258762 0.721143
6.6875 -0.259072 0.720986
6.7 -0.259373 0.720824
6.7125 -0.259682 0.720667
6.725 -0.259991 0.720512
6.7375 -0.260299 0.720356
6.75 -0.260608 0.720201
6.7625 -0.260907 0.720037
6.775 -0.261215 0.719882
6.7875 -0.261523 0.719728
6.8 -0.261831 0.719573
6.8125 -0.262139 0.71942
6.825 -0.262437 0.719259
6.8375 -0.262745 0.719106
6.85 -0.263052 0.718953
6.8625 -0.263359 0.718801
6.875 -0.263665 0.718648
6.8875 -0.26396 0.718485
6.9 -0.264266 0.718332
6.9125 -0.264572 0.718181
6.925 -0.264878 0.71803
6.9375 -0.265182 0.717878
6.95 -0.265476 0.717719
6.9625 -0.265779 0.717567
6.975 -0.266083 0.717416
6.9875 -0.266386 0.717265
7 -0.266688 0.717113
7.0125 -0.26698 0.716952
7.025 -0.267281 0.716799
7.0375 -0.267582 0.716648
7.05 -0.267883 0.716497
7.0625 -0.268183 0.716345
7.075 -0.268473 0.716187
7.0875 -0.268772 0.716035
7.1 -0.269071 0.715884
7.1125 -0.269369 0.715732
7.125 -0.269667 0.715581
7.1375 -0.269955 0.71542
7.15 -0.270251 0.715269
7.1625 -0.270547 0.715117
7.175 -0.270842 0.714965
7.1875 -0.271138 0.714813
7.2 -0.271424 0.714656
7.2125 -0.271718 0.714504
7.225 -0.272011 0.714352
7.2375 -0.272305 0.7142
7.25 -0.272597 0.714048
7.2625 -0.272882 0.713889
7.275 -0.273173 0.713737
7.2875 -0.273464 0.713585
7.3 -0.273755 0.713433
7.3125 -0.274045 0.71328
7.325 -0.274329 0.713124
7.3375 -0.274618 0.712971
7.35 -0.274907 0.712819
7.3625 -0.275196 0.712667
7.375 -0.275484 0.712514
7.3875 -0.275765 0.712356
7.4 -0.276052 0.712204
7.4125 -0.276338 0.712051
7.425 -0.276624 0.711899
7.4375 -0.27691 0.711746
7.45 -0.277189 0.71159
7.4625 -0.277473 0.711438
7.475 -0.277758 0.711285
7.4875 -0.278041 0.711132
7.5 -0.278324 0.71098
7.5125 -0.278602 0.710823
7.525 -0.278884 0.71067
7.5375 -0.279165 0.710517
7.55 -0.279447 0.710364
7.5625 -0.279727 0.710211
7.575 -0.280003 0.710056
7.5875 -0.280283 0.709903
7.6 -0.280562 0.70975
7.6125 -0.280841 0.709597
7.625 -0.281119 0.709445
7.6375 -0.281393 0.709289
7.65 -0.28167 0.709136
7.6625 -0.281946 0.708983
7.675 -0.282222 0.708831
7.6875 -0.282498 0.708678
7.7 -0.28277 0.708524
7.7125 -0.283044 0.708371
7.725 -0.283319 0.708219
7.7375 -0.283592 0.708067
7.75 -0.283866 0.707915
7.7625 -0.284136 0.707761
7.775 -0.284408 0.707609
7.7875 -0.284679 0.707457
7.8 -0.28495 0.707306
7.8125 -0.285221 0.707155
7.825 -0.285489 0.707003
7.8375 -0.285758 0.706852
7.85 -0.286027 0.706702
7.8625 -0.286295 0.706552
7.875 -0.286563 0.706403
7.8875 -0.286828 0.706253
7.9 -0.287095 0.706104
7.9125 -0.28736 0.705957
7.925 -0.287625 0.70581
7.9375 -0.287889 0.705664
7.95 -0.288151 0.705518
7.9625 -0.288413 0.705373
7.975 -0.288675 0.705229
7.9875 -0.288935 0.705085
8 -0.289194 0.704942
8.025 -0.289709 0.704657
8.05 -0.290218 0.704375
8.075 -0.290715 0.704095
8.1 -0.291182 0.703814
8.125 -0.291605 0.703514
8.15 -0.291978 0.703182
8.175 -0.292397 0.702886
8.2 -0.292843 0.702613
8.225 -0.293291 0.702344
8.25 -0.293695 0.702047
8.3 -0.294386 0.701373
8.35 -0.295061 0.700695
8.4 -0.295657 0.700005
8.45 -0.296142 0.699298
8.5 -0.2965 0.698569
8.55 -0.296777 0.697672
8.6 -0.297112 0.696897
8.65 -0.297447 0.696114
8.7 -0.29777 0.695333
8.75 -0.298077 0.694554
8.8 -0.298239 0.693615
8.85 -0.298525 0.692914
8.90001 -0.298799 0.692221
8.95001 -0.299067 0.691535
9 -0.299333 0.690859
9.1 -0.299732 0.689028
9.2 -0.300008 0.68722
9.30001 -0.300308 0.685909
9.40002 -0.300557 0.684503
9.5 -0.300756 0.682999
9.6 -0.300748 0.681561
9.7 -0.300827 0.679909
9.79999 -0.300861 0.678272
9.89999 -0.30085 0.676651
10 -0.300823 0.675095
10.2 -0.30065 0.672439
10.4 -0.300443 0.669844
10.6 -0.300134 0.667566
10.8 -0.299666 0.665947
11 -0.299338 0.664838
11.2 -0.299439 0.664092
11.4 -0.299178 0.66311
11.6 -0.298731 0.662035
11.8 -0.298299 0.660998
12 -0.298069 0.660128
12.2 -0.298222 0.65956
12.4 -0.298035 0.658813
12.6 -0.297678 0.657993
12.8 -0.297327 0.657197
13 -0.297152 0.656519
13.2 -0.297325 0.656059
13.4 -0.297167 0.655432
13.6 -0.296846 0.654728
13.8 -0.296527 0.654037
14 -0.296374 0.653442
14.2 -0.296554 0.65303
14.4 -0.296417 0.652465
14.6 -0.296124 0.651827
14.8 -0.295826 0.651195
15 -0.295682 0.650645
-1.001 -0.05 0.0011
-1.00079 -0.05 0.0011
-1.00058 -0.0500001 0.0011
-1.00038 -0.0500001 0.0011
-1.00017 -0.0500001 0.00110001
-0.999962 -0.0500002 0.00110001
-0.98746 -0.0500022 0.00110016
-0.974958 -0.0500058 0.00109998
-0.962456 -0.0500095 0.0010998
-0.949954 -0.0500131 0.00109962
-0.937452 -0.0500167 0.00109945
-0.924948 -0.0500164 0.00109967
-0.912445 -0.0500203 0.00109974
-0.899941 -0.0500242 0.00109981
-0.887437 -0.0500281 0.00109988
-0.874933 -0.050032 0.00109995
-0.862428 -0.0500317 0.00110027
-0.849922 -0.050036 0.0011005
-0.837416 -0.0500403 0.00110074
-0.82491 -0.0500446 0.00110098
-0.812404 -0.0500489 0.00110121
-0.799896 -0.0500522 0.00110153
-0.787388 -0.0500571 0.00110183
-0.774879 -0.050062 0.00110212
-0.762371 -0.0500669 0.00110242
-0.749862 -0.0500718 0.00110272
-0.737351 -0.0500758 0.001103
-0.724839 -0.0500817 0.00110329
-0.712328 -0.0500875 0.00110359
-0.699816 -0.0500934 0.00110388
-0.687304 -0.0500992 0.00110418
-0.674789 -0.0500988 0.00110439
-0.662273 -0.050106 0.00110461
-0.649757 -0.0501132 0.00110482
-0.637242 -0.0501204 0.00110504
-0.624726 -0.0501276 0.00110526
-0.612206 -0.0501343 0.0011052
-0.599685 -0.0501437 0.00110522
-0.587165 -0.050153 0.00110524
-0.574644 -0.0501623 0.00110526
-0.562124 -0.0501716 0.00110527
-0.549598 -0.050181 0.00110477
-0.537072 -0.050194 0.00110427
-0.524546 -0.050207 0.00110376
-0.51202 -0.05022 0.00110326
-0.499494 -0.050233 0.00110275
-0.486962 -0.0502468 0.00110134
-0.47443 -0.0502679 0.00109971
-0.461898 -0.0502889 0.00109808
-0.449366 -0.0503099 0.00109646
-0.436834 -0.0503309 0.00109484
-0.424293 -0.0503301 0.00109044
-0.411751 -0.0503694 0.0010839
-0.39921 -0.0504084 0.00107739
-0.386669 -0.0504472 0.00107093
-0.374128 -0.0504857 0.0010645
-0.367853 -0.0505015 0.00105947
-0.361577 -0.0505427 0.00105543
-0.355302 -0.0505837 0.0010514
-0.349026 -0.0506246 0.00104739
-0.342751 -0.0506653 0.00104339
-0.336477 -0.0506953 0.00103815
-0.330204 -0.050752 0.00103397
-0.323931 -0.0508085 0.00102981
-0.317658 -0.0508648 0.00102567
-0.311385 -0.0509209 0.00102154
-0.305108 -0.0509634 0.00101521
-0.298832 -0.0510412 0.00100986
-0.292556 -0.0511186 0.00100455
-0.28628 -0.0511956 0.000999255
-0.280003 -0.0512722 0.000993992
-0.273727 -0.0513294 0.000986202
-0.267452 -0.0514478 0.000978845
-0.261177 -0.0515653 0.000971546
-0.254901 -0.0516819 0.000964303
-0.248623 -0.0517977 0.000957112
-0.242357 -0.051878 0.000947306
-0.236094 -0.0520721 0.000936256
-0.22983 -0.0522639 0.000925339
-0.223566 -0.0524534 0.000914554
-0.217294 -0.0526408 0.000903885
-0.211047 -0.052765 0.000891215
-0.204809 -0.0530941 0.000876456
-0.198569 -0.0534175 0.000861951
-0.19233 -0.0537353 0.000847695
-0.186065 -0.054049 0.000833626
-0.182942 -0.0541492 0.000826996
-0.179825 -0.0543613 0.000821803
-0.176708 -0.0545719 0.000816644
-0.173591 -0.0547813 0.000811519
-0.170452 -0.0549907 0.000806391
-0.167328 -0.0550968 0.000797627
-0.16421 -0.0553251 0.000794361
-0.161092 -0.0555524 0.00079111
-0.157974 -0.0557787 0.000787872
-0.154831 -0.056006 0.000784622
-0.151684 -0.0561236 0.000781685
-0.148545 -0.056381 0.000780088
-0.145406 -0.0566379 0.000778494
-0.142267 -0.0568942 0.000776903
-0.139098 -0.0571525 0.000775301
-0.13592 -0.0572823 0.00077431
-0.132753 -0.0575775 0.000774562
-0.129587 -0.0578728 0.000774814
-0.12642 -0.0581682 0.000775066
-0.12322 -0.0584669 0.000775321
-0.120001 -0.0586141 0.000776561
-0.116796 -0.058942 0.000778627
-0.113589 -0.0592445 0.000780962
-0.110379 -0.0595234 0.000783552
-0.10715 -0.0597816 0.000786397
-0.105167 -0.0598983 0.000787164
-0.103187 -0.0600497 0.000790033
-0.101206 -0.0601993 0.000793897
-0.099225 -0.0603394 0.000797927
-0.0981956 -0.0604073 0.000800105
-0.0967341 -0.0605004 0.000803257
-0.0952728 -0.0605962 0.000806365
-0.0938116 -0.0606948 0.000809428
-0.0923507 -0.0607962 0.000812446
-0.0908894 -0.0609004 0.000815417
-0.0876384 -0.0611114 0.000822561
-0.084392 -0.0613855 0.000829918
-0.0811474 -0.0616802 0.000837019
-0.0779044 -0.0619912 0.000843505
-0.0746624 -0.0623187 0.000849353
-0.0715013 -0.0624639 0.000857234
-0.0683534 -0.0627865 0.000860532
-0.0652077 -0.0631311 0.000862792
-0.0620622 -0.0634765 0.000865058
-0.0589292 -0.0637842 0.00086838
-0.0559601 -0.063918 0.000876054
-0.0529994 -0.0641773 0.000877492
-0.0500423 -0.0644751 0.000876998
-0.0470852 -0.0647726 0.000876503
-0.0441266 -0.0650551 0.000880833
-0.0411918 -0.0652916 0.000899624
-0.038258 -0.0655398 0.0009036
-0.0353245 -0.0657917 0.000901758
-0.0323909 -0.0660432 0.00089992
-0.0294546 -0.066281 0.000905511
-0.0264839 -0.0664893 0.000929799
-0.0235127 -0.066692 0.000933838
-0.0205413 -0.0668905 0.000928394
-0.0175697 -0.067088 0.000922979
-0.0145995 -0.0672478 0.000921089
-0.0115916 -0.067328 0.000926962
-0.00858453 -0.0674384 0.000922419
-0.00557803 -0.0675617 0.000913147
-0.00257148 -0.067684 0.000903961
0.000439041 -0.0677962 0.000904977
0.003472 -0.0678893 0.000928806
0.00650589 -0.0679487 0.000929063
0.00954006 -0.0679906 0.000917555
0.0125742 -0.068032 0.000906178
0.0156041 -0.0680667 0.000905194
0.0186448 -0.0680877 0.000926698
0.0216856 -0.0680623 0.000926327
0.0247261 -0.0680142 0.000915045
0.0277666 -0.0679666 0.00090389
0.0308064 -0.067919 0.00090173
0.0338331 -0.0678705 0.000919363
0.0368585 -0.0677697 0.000918109
0.0398829 -0.0676448 0.000907797
0.0429075 -0.0675212 0.000897593
0.0459354 -0.0674229 0.000888458
0.0489495 -0.067384 0.000881782
0.0519598 -0.0672273 0.000874186
0.0549674 -0.0670259 0.000866278
0.0579751 -0.0668263 0.000858436
0.0609873 -0.066663 0.000850095
0.0640181 -0.0666011 0.000840185
0.0670424 -0.0663917 0.000831762
0.0700633 -0.0661383 0.000823851
0.0730844 -0.0658871 0.00081601
0.0761083 -0.0656507 0.000809285
0.0792154 -0.0654563 0.000806257
0.0823152 -0.0651679 0.000798913
0.0854131 -0.0648597 0.000790609
0.0885113 -0.0645545 0.000782386
0.0916261 -0.0642641 0.000774087
0.0947895 -0.064041 0.000765166
0.0979465 -0.0637405 0.000752539
0.101103 -0.0634369 0.00073974
0.10426 -0.0631383 0.000727149
0.107434 -0.0628489 0.000714678
0.110628 -0.0627616 0.00070025
0.113814 -0.062519 0.000685434
0.117 -0.0622931 0.00067104
0.120188 -0.0620832 0.000657057
0.123394 -0.0618877 0.000643401
0.126581 -0.0617529 0.00063069
0.129767 -0.0616011 0.000617775
0.132953 -0.0614605 0.000605208
0.13614 -0.0613308 0.000592979
0.139328 -0.0612115 0.000581078
0.139703 -0.0611991 0.000579719
0.140078 -0.0611866 0.000578364
0.140454 -0.0611743 0.000577016
0.140829 -0.0611625 0.000575675
0.141239 -0.0611498 0.000574217
0.144025 -0.0610666 0.000564374
0.146811 -0.0609765 0.000555
0.149596 -0.0608788 0.000546097
0.152381 -0.0607729 0.000537677
0.155168 -0.0606582 0.00052974
0.158316 -0.0605717 0.000519482
0.161462 -0.0604344 0.000511731
0.164607 -0.0602865 0.000504553
0.167752 -0.060127 0.000497965
0.170907 -0.0599546 0.000491964
0.174045 -0.0598805 0.000482642
0.17718 -0.0597083 0.000477193
0.180314 -0.0595381 0.000471805
0.183449 -0.0593697 0.000466478
0.186599 -0.0592024 0.000461185
0.189734 -0.0591215 0.000458476
0.192866 -0.0589732 0.000453522
0.195998 -0.0588265 0.000448622
0.19913 -0.0586814 0.000443774
0.202272 -0.0585374 0.000438964
0.205406 -0.058467 0.000436152
0.208537 -0.0583394 0.000430803
0.211669 -0.0582135 0.00042552
0.214801 -0.058089 0.000420302
0.217939 -0.0579658 0.000415136
0.224199 -0.0578752 0.000400518
0.230457 -0.0576807 0.000395759
0.236714 -0.0574884 0.000391057
0.242972 -0.0572985 0.000386411
0.249237 -0.0571105 0.000381814
0.255511 -0.0570207 0.00038581
0.261784 -0.0568997 0.000381149
0.268058 -0.0567802 0.000376544
0.274331 -0.0566621 0.000371994
0.280606 -0.0565454 0.000367499
0.286896 -0.0565126 0.000360836
0.293186 -0.0564319 0.000356723
0.299476 -0.0563522 0.000352656
0.305766 -0.0562735 0.000348636
0.312057 -0.0561956 0.000344661
0.318354 -0.0561614 0.000347553
0.32465 -0.0560988 0.000343755
0.330946 -0.0560368 0.000339998
0.337243 -0.0559754 0.000336283
0.34354 -0.0559148 0.000332608
0.349835 -0.0558949 0.000327562
0.356131 -0.0558439 0.000324207
0.362427 -0.0557933 0.000320887
0.368723 -0.0557433 0.0003176
0.375019 -0.0556938 0.000314347
0.381306 -0.0556772 0.000309885
0.387594 -0.055634 0.00030699
0.393881 -0.0555912 0.000304121
0.400169 -0.0555488 0.000301279
0.406456 -0.0555068 0.000298464
0.412733 -0.0554925 0.000294493
0.419009 -0.0554551 0.000291983
0.425286 -0.0554181 0.000289494
0.431562 -0.0553813 0.000287027
0.437839 -0.0553449 0.00028458
0.444102 -0.0553324 0.000281028
0.450364 -0.0552995 0.000278851
0.456627 -0.055267 0.00027669
0.462889 -0.0552346 0.000274546
0.469152 -0.0552026 0.000272418
0.475402 -0.0551914 0.000269263
0.481653 -0.0551623 0.000267394
0.487903 -0.0551333 0.000265538
0.494153 -0.0551046 0.000263695
0.500404 -0.0550761 0.000261864
0.506648 -0.0550623 0.000263208
0.512891 -0.0550357 0.00026163
0.519135 -0.0550093 0.000260061
0.525378 -0.0549831 0.000258501
0.531622 -0.054957 0.000256951
0.53786 -0.0549477 0.000254544
0.544097 -0.0549237 0.000253247
0.550335 -0.0548998 0.000251957
0.556573 -0.054876 0.000250672
0.562811 -0.0548523 0.000249395
0.569041 -0.0548409 0.000250688
0.57527 -0.0548188 0.000249614
0.5815 -0.0547967 0.000248545
0.58773 -0.0547748 0.00024748
0.59396 -0.0547529 0.00024642
0.600183 -0.054745 0.000244672
0.606407 -0.0547247 0.000243773
0.61263 -0.0547045 0.000242877
0.618854 -0.0546844 0.000241985
0.625078 -0.0546643 0.000241095
0.631302 -0.0546546 0.000242391
0.637526 -0.0546357 0.000241605
0.64375 -0.0546169 0.000240822
0.649973 -0.0545982 0.000240041
0.656198 -0.0545794 0.000239262
0.662429 -0.0545725 0.000237964
0.66866 -0.054555 0.000237282
0.674891 -0.0545376 0.000236602
0.681122 -0.0545202 0.000235924
0.687354 -0.0545029 0.000235248
0.693597 -0.0544963 0.000234128
0.69984 -0.0544801 0.000233515
0.706083 -0.054464 0.000232904
0.712326 -0.0544479 0.000232294
0.718569 -0.0544318 0.000231686
0.724825 -0.0544257 0.000230711
0.731081 -0.0544107 0.000230134
0.737336 -0.0543957 0.000229559
0.743592 -0.0543808 0.000228985
0.749848 -0.0543659 0.000228413
0.756113 -0.0543603 0.000227548
0.762377 -0.0543465 0.000226971
0.768642 -0.0543328 0.000226396
0.774906 -0.0543191 0.000225822
0.781171 -0.0543054 0.00022525
0.787437 -0.0543002 0.000224481
0.793703 -0.0542877 0.000223909
0.799969 -0.0542752 0.000223338
0.806235 -0.0542628 0.000222769
0.812501 -0.0542503 0.000222201
0.818764 -0.0542443 0.000223211
0.825026 -0.0542329 0.000222657
0.831289 -0.0542216 0.000222104
0.837551 -0.0542102 0.000221552
0.843814 -0.0541989 0.000221002
0.850074 -0.0541946 0.000220425
0.856335 -0.0541844 0.000219905
0.862595 -0.0541742 0.000219386
0.868855 -0.0541641 0.000218869
0.875116 -0.0541539 0.000218353
0.881378 -0.0541501 0.000217871
0.88764 -0.0541411 0.000217392
0.893902 -0.0541321 0.000216914
0.900164 -0.0541231 0.000216437
0.906426 -0.0541142 0.000215961
0.912692 -0.0541109 0.000215564
0.918958 -0.0541031 0.000215135
0.925224 -0.0540953 0.000214707
0.93149 -0.0540876 0.000214279
0.937756 -0.0540799 0.000213853
0.944027 -0.0540771 0.000213549
0.950299 -0.0540707 0.000213194
0.956571 -0.0540642 0.00021284
0.962842 -0.0540578 0.000212486
0.969114 -0.0540513 0.000212133
0.975395 -0.0540493 0.000211942
0.981676 -0.0540442 0.000211673
0.987957 -0.0540392 0.000211405
0.994237 -0.0540341 0.000211137
1.00052 -0.054029 0.00021087
1.00681 -0.0540262 0.00021181
1.0131 -0.054023 0.00021164
1.01939 -0.0540197 0.000211471
1.02568 -0.0540165 0.000211302
1.03197 -0.0540132 0.000211132
1.03826 -0.0540132 0.000211214
1.04455 -0.0540123 0.00021114
1.05084 -0.0540115 0.000211067
1.05714 -0.0540106 0.000210993
1.06343 -0.0540097 0.00021092
1.06971 -0.0540088 0.000211984
1.07599 -0.0540111 0.000211971
1.08228 -0.0540135 0.000211957
1.08856 -0.0540158 0.000211943
1.09484 -0.0540182 0.00021193
1.1011 -0.0540219 0.000212186
1.10737 -0.0540285 0.000212177
1.11363 -0.0540352 0.000212167
1.11989 -0.0540418 0.000212158
1.12615 -0.0540485 0.000212148
1.1324 -0.0540552 0.000212275
1.13864 -0.0540682 0.000212139
1.14489 -0.0540811 0.000212003
1.15113 -0.0540939 0.000211867
1.15738 -0.0541068 0.000211732
1.16363 -0.0541181 0.00021136
1.16987 -0.0541405 0.00021059
1.17612 -0.0541628 0.000209822
1.18237 -0.0541851 0.000209057
1.18862 -0.0542072 0.000208296
1.19489 -0.0542254 0.000206937
1.20117 -0.0542639 0.000204997
1.20744 -0.054302 0.000203076
1.21371 -0.0543398 0.000201173
1.21999 -0.0543772 0.000199287
1.2263 -0.0544085 0.000196556
1.23262 -0.0544828 0.000192894
1.23894 -0.0545557 0.000189302
1.24525 -0.0546272 0.000185777
1.25157 -0.0546974 0.000182318
1.25474 -0.0547245 0.000179328
1.2579 -0.0547815 0.000177567
1.26107 -0.054838 0.000175824
1.26424 -0.0548939 0.000174098
1.26741 -0.0549493 0.000172389
1.2706 -0.0549795 0.000169331
1.27379 -0.0550462 0.000167987
1.27698 -0.0551125 0.000166655
1.28017 -0.0551782 0.000165334
1.28336 -0.0552434 0.000164022
1.28661 -0.055281 0.000162186
1.28986 -0.0553644 0.000160809
1.29311 -0.0554471 0.000159444
1.29636 -0.055529 0.000158091
1.29961 -0.0556103 0.00015675
1.30294 -0.0556569 0.000154935
1.30628 -0.0557741 0.000153996
1.30961 -0.0558906 0.000153063
1.31294 -0.0560064 0.000152135
1.31626 -0.0561211 0.000151216
1.31968 -0.0562061 0.000146977
1.32309 -0.0564122 0.000149016
1.32651 -0.0566212 0.000151083
1.32992 -0.056833 0.000153179
1.33326 -0.0570435 0.00015526
1.33568 -0.0571408 0.000154314
1.33808 -0.0574059 0.000158901
1.34049 -0.0576134 0.000161476
1.3429 -0.0577677 0.000162236
1.34311 -0.0577768 0.000162162
1.34456 -0.0578379 0.000161568
1.34601 -0.0579019 0.000161273
1.34747 -0.0579689 0.00016128
1.34892 -0.0580391 0.000161589
1.35037 -0.0581123 0.000162202
1.35044 -0.0581142 0.000162231
1.35052 -0.0581163 0.000162261
1.35059 -0.0581184 0.000162294
1.35067 -0.0581204 0.00016233
1.35074 -0.0581226 0.000162371
1.35095 -0.0581284 0.000162487
1.35116 -0.0581342 0.000162622
1.35136 -0.0581402 0.000162776
1.35157 -0.0581464 0.000162948
1.35178 -0.0581527 0.000163136
1.35476 -0.0582459 0.000165932
1.35774 -0.0584563 0.000167886
1.36071 -0.0587195 0.000169472
1.36368 -0.0589851 0.000171073
1.36656 -0.0592446 0.000172636
1.36935 -0.0593368 0.000175403
1.37213 -0.0596369 0.000178096
1.3749 -0.0599412 0.000180827
1.37768 -0.0602498 0.000183596
1.38037 -0.0605535 0.000186322
1.38275 -0.0606549 0.00019247
1.38511 -0.060979 0.0002025
1.38746 -0.0613522 0.000213555
1.3898 -0.0617424 0.00022511
1.39199 -0.0620145 0.00023456
1.39241 -0.0620373 0.000235942
1.39284 -0.0620566 0.000237206
1.39327 -0.0620723 0.000238352
1.3937 -0.0620845 0.000239378
1.39413 -0.0620931 0.000240288
1.39713 -0.0620931 0.000240288
1.40012 -0.0621442 0.000252502
1.40312 -0.0621997 0.000265756
1.40612 -0.0622573 0.000279523
1.40906 -0.062316 0.000293544
1.41185 -0.062316 0.000293544
1.41465 -0.0623572 0.000312467
1.41744 -0.0624007 0.000332468
1.42024 -0.0624467 0.000353597
1.42303 -0.0624951 0.000375839
1.42585 -0.0624951 0.000375839
1.42866 -0.0625326 0.000406227
1.43148 -0.0625729 0.000438922
1.4343 -0.0626162 0.000474084
1.43713 -0.0626629 0.000511956
1.43996 -0.0626629 0.000511956
1.44279 -0.0626944 0.000559348
1.44562 -0.0627289 0.000611108
1.44846 -0.0627664 0.000667629
1.45131 -0.0628078 0.00072983
1.45419 -0.0628078 0.00072983
1.45708 -0.062835 0.000801024
1.45996 -0.0628649 0.000879448
1.46284 -0.0628979 0.000965856
1.46591 -0.0629366 0.00106718
1.46889 -0.0629366 0.00106718
1.47188 -0.0628994 0.00116557
1.47486 -0.0628584 0.00127409
1.47784 -0.0628131 0.0013939
1.48092 -0.0627633 0.00152553
1.48372 -0.0627633 0.00152553
1.48651 -0.0626482 0.0015981
1.4893 -0.0624465 0.00168067
1.49208 -0.0621582 0.00177361
1.49471 -0.0619108 0.00186311
1.49797 -0.0616569 0.00191853
1.50122 -0.06136 0.00198673
1.50447 -0.061069 0.0020374
1.50773 -0.0608175 0.00208914
1.51099 -0.0606041 0.00214198
1.51433 -0.0604593 0.00215573
1.51765 -0.0602073 0.00220783
1.52097 -0.0598609 0.0022839
1.52428 -0.0594181 0.00238534
1.52602 -0.059129 0.00245239
1.52634 -0.05907 0.00246599
1.52665 -0.0590096 0.00248037
1.52697 -0.0589479 0.00249554
1.52729 -0.0588856 0.00251121
1.52761 -0.0588222 0.00252685
1.5309 -0.0581699 0.00267704
1.53418 -0.0575191 0.00284433
1.53747 -0.0568671 0.00300745
1.54075 -0.0562138 0.00316619
1.54405 -0.0555582 0.00332063
1.54731 -0.054909 0.00346269
1.55057 -0.0542531 0.00360537
1.55382 -0.0535956 0.00374375
1.55708 -0.0529304 0.00387704
1.56034 -0.0522442 0.0040043
1.56355 -0.0515491 0.00412208
1.56676 -0.0508382 0.00424088
1.56996 -0.0501113 0.00435975
1.57316 -0.0493684 0.00447885
1.57639 -0.0486014 0.00459959
1.57837 -0.0481274 0.00467074
1.58035 -0.0476509 0.00474301
1.58233 -0.0471652 0.00481501
1.58431 -0.0466703 0.00488679
1.58603 -0.0462297 0.00494932
1.58726 -0.0459121 0.00499254
1.58848 -0.045593 0.00503729
1.58971 -0.045272 0.00508302
1.59093 -0.0449488 0.00512856
1.59216 -0.044622 0.00517411
1.59529 -0.0437787 0.00527971
1.59842 -0.0429239 0.00538977
1.60155 -0.0420573 0.00549632
1.60467 -0.0411789 0.00559928
1.60783 -0.0402725 0.00570065
1.61095 -0.0393408 0.00578094
1.61407 -0.0383995 0.00586458
1.61719 -0.0374461 0.00594341
1.62031 -0.0364818 0.00601784
1.62345 -0.0355009 0.00609037
1.62641 -0.0345821 0.00614634
1.62938 -0.0336679 0.00620086
1.63234 -0.0327513 0.00625302
1.63531 -0.0318323 0.00630273
1.63826 -0.030907 0.00634823
1.6384 -0.0308621 0.0063502
1.63854 -0.0308172 0.00635216
1.63869 -0.0307723 0.00635412
1.63883 -0.0307274 0.00635607
1.63897 -0.0306825 0.00635801
1.64206 -0.0297022 0.00639841
1.64516 -0.0287218 0.0064401
1.64826 -0.027745 0.00647899
1.65136 -0.0267768 0.00650954
1.65445 -0.0258173 0.00653437
1.65961 -0.0242167 0.00655798
1.6648 -0.0227321 0.00661327
1.67002 -0.0213555 0.00668275
1.67526 -0.0200559 0.00675637
1.68295 -0.0182683 0.0068694
1.68346 -0.0181606 0.00687735
1.68397 -0.0180532 0.00688525
1.68448 -0.0179461 0.00689309
1.68499 -0.0178393 0.00690089
1.6855 -0.0177339 0.00690867
1.69175 -0.0165016 0.00700636
1.698 -0.0152481 0.00711194
1.70426 -0.0140483 0.00722704
1.71052 -0.0128769 0.00735691
1.71676 -0.0117223 0.00750429
1.72303 -0.0108287 0.00764725
1.72927 -0.00973572 0.0078124
1.73551 -0.00865841 0.00798725
1.74176 -0.00759684 0.00817181
1.74811 -0.00654219 0.00836958
1.75348 -0.00587519 0.00854954
1.75882 -0.00506559 0.00873237
1.76416 -0.00424402 0.00891727
1.76949 -0.0034043 0.00910343
1.77402 -0.00267558 0.00926281
1.77512 -0.00249606 0.00930168
1.77622 -0.00231511 0.00934053
1.77732 -0.00213276 0.00937938
1.77841 -0.00194899 0.00941823
1.77951 -0.00176343 0.00945716
1.78178 -0.00137984 0.00953715
1.78404 -0.00100234 0.00961954
1.78631 -0.000632221 0.00970397
1.78857 -0.000269494 0.00979045
1.79128 0.00015371 0.00989588
1.79521 0.00074522 0.0100512
1.79915 0.00130308 0.0102138
1.80309 0.00182277 0.0103827
1.80704 0.00230194 0.0105571
1.81094 0.00273679 0.010735
1.81666 0.00340133 0.0109827
1.82238 0.00404159 0.0112381
1.82811 0.00466198 0.0114919
1.83384 0.00526243 0.0117441
1.84026 0.0059127 0.0120247
1.84695 0.00656435 0.012315
1.85366 0.00715941 0.0126021
1.86036 0.00769884 0.0128859
1.86707 0.00818361 0.0131666
1.87374 0.00862037 0.0134426
1.88629 0.00953767 0.0139413
1.89884 0.0104731 0.0144753
1.91139 0.0114308 0.0150183
1.92394 0.0124125 0.0155707
1.93651 0.0134217 0.0161344
1.94504 0.0142234 0.0165205
1.95357 0.0149856 0.0169179
1.96209 0.0157689 0.0173217
1.97062 0.0165743 0.0177325
1.97633 0.0171304 0.018013
1.98092 0.0175848 0.0182406
1.9855 0.0180406 0.01847
1.99008 0.0185039 0.0187025
1.99466 0.0189755 0.0189383
1.99925 0.0194563 0.019178
2.01178 0.020803 0.0198239
2.02432 0.0221942 0.0205124
2.03684 0.0236254 0.0212256
2.04936 0.0250678 0.0219541
2.06194 0.0265281 0.0227021
2.07447 0.0278918 0.0233445
2.08698 0.0293852 0.0241169
2.09948 0.0308909 0.0249098
2.11198 0.032425 0.0257305
2.12459 0.0340247 0.0265973
2.13711 0.0356058 0.0273297
2.14962 0.037261 0.0282384
2.16211 0.0389603 0.0291864
2.17459 0.0407057 0.0301763
2.18721 0.0425008 0.031217
2.19973 0.0438151 0.0318725
2.21216 0.0455991 0.0329133
2.22457 0.0474802 0.0340428
2.23697 0.0494075 0.035206
2.2498 0.05141 0.0363941
2.26231 0.0531835 0.0372997
2.27478 0.0551218 0.0384225
2.28725 0.0570771 0.0395366
2.29972 0.0590487 0.0406411
2.31236 0.0609972 0.0417171
2.31449 0.0612997 0.0418788
2.31661 0.0616137 0.0420492
2.31873 0.0619249 0.0422175
2.32086 0.0622332 0.0423837
2.32278 0.06251 0.0425323
2.33321 0.0639961 0.0433275
2.34363 0.0655133 0.0441297
2.35404 0.0670923 0.0449558
2.36443 0.0687667 0.0458237
2.37491 0.0705643 0.0467476
2.38741 0.0723857 0.0476734
2.3998 0.0747505 0.0489032
2.41215 0.0772908 0.0502227
2.42446 0.0799592 0.0516041
2.43744 0.082642 0.0530014
2.44994 0.0846088 0.0540707
2.46229 0.0872193 0.0554961
2.4744 0.0905779 0.0573429
2.48657 0.0937836 0.0591195
2.49996 0.0965225 0.0606239
2.51246 0.0981035 0.0614459
2.52474 0.100655 0.0629312
2.53689 0.103623 0.0647241
2.54907 0.106458 0.0664612
2.56247 0.109396 0.06828
2.57498 0.111311 0.0694736
2.58732 0.113825 0.0710831
2.59971 0.116189 0.0726054
2.61214 0.118411 0.0740456
2.62498 0.120561 0.075447
2.63196 0.121449 0.0760146
2.6389 0.122506 0.0767048
2.64585 0.123503 0.0773524
2.65282 0.124442 0.0779578
2.65723 0.125001 0.0783155
2.6603 0.125374 0.078553
2.66337 0.125747 0.0787902
2.66644 0.12612 0.0790269
2.66951 0.126483 0.0792567
2.6729 0.126876 0.0795033
2.67582 0.127205 0.0797083
2.67874 0.127528 0.0799096
2.68166 0.127846 0.0801071
2.68458 0.128159 0.0803009
2.68749 0.128466 0.0804907
2.69999 0.129744 0.0812754
2.7125 0.130968 0.0820233
2.72502 0.132106 0.0827026
2.73755 0.133161 0.0833148
2.74999 0.13413 0.0838571
2.76249 0.13488 0.0841669
2.77499 0.135708 0.0845756
2.78749 0.136468 0.0849222
2.79999 0.137163 0.0852085
2.8125 0.137796 0.0854358
2.825 0.138328 0.0855653
2.8375 0.13889 0.085704
2.85 0.139402 0.0857942
2.8625 0.139866 0.0858352
2.875 0.140282 0.0858283
2.8875 0.140543 0.0856371
2.9 0.140879 0.0855285
2.9125 0.141176 0.0853796
2.925 0.141437 0.0851915
2.9375 0.141671 0.0849714
2.95 0.141871 0.0847169
2.9625 0.142075 0.0844374
2.975 0.142259 0.0841319
2.9875 0.142416 0.083796
3 0.142545 0.0834305
3.0125 0.142616 0.0829928
3.025 0.142698 0.0825659
3.0375 0.142756 0.0821146
3.05 0.142793 0.0816394
3.0625 0.142816 0.0811449
3.06798 0.142825 0.0809236
3.07346 0.142834 0.0806971
3.07893 0.142843 0.0804685
3.08441 0.142851 0.0802378
3.0891 0.142857 0.0800378
3.09628 0.142861 0.0797275
3.10346 0.142862 0.0794117
3.11064 0.142859 0.0790903
3.11782 0.142853 0.0787634
3.125 0.142843 0.0784311
3.1375 0.142806 0.0778395
3.15 0.142779 0.0772411
3.1625 0.142746 0.0766301
3.175 0.142706 0.0760069
3.1875 0.142668 0.0753735
3.2 0.142549 0.0746698
3.2125 0.142529 0.0740241
3.22501 0.142511 0.0733709
3.23751 0.14249 0.0727091
3.25 0.142466 0.0720396
3.2625 0.142387 0.0713504
3.275 0.142367 0.0706688
3.2875 0.142349 0.0699823
3.3 0.142331 0.069291
3.3125 0.142318 0.0685956
3.325 0.14213 0.0677783
3.33751 0.142125 0.0670718
3.35002 0.142128 0.0663648
3.36252 0.142134 0.0656563
3.375 0.142128 0.0649464
3.3875 0.142059 0.0642239
3.4 0.142049 0.0635017
3.4125 0.142062 0.0627804
3.425 0.142075 0.06206
3.4375 0.142028 0.0613034
3.45 0.141836 0.0604587
3.46251 0.141784 0.0596949
3.47502 0.141786 0.0589639
3.48752 0.14179 0.0582361
3.5 0.14178 0.0575144
3.5125 0.141731 0.0567963
3.525 0.141713 0.0560671
3.5375 0.141709 0.0553375
3.55 0.141708 0.0546131
3.5625 0.141667 0.0538693
3.575 0.141526 0.0530685
3.5875 0.14148 0.0523224
3.60001 0.141466 0.051598
3.61252 0.141454 0.0508793
3.625 0.141439 0.0501721
3.6375 0.141408 0.0494816
3.65 0.141386 0.0487715
3.6625 0.141371 0.0480602
3.675 0.141355 0.0473545
3.6875 0.141314 0.0466405
3.7 0.141212 0.0458935
3.7125 0.141166 0.0451803
3.72501 0.141134 0.0444811
3.73751 0.141098 0.0437871
3.75 0.141064 0.0431077
3.7625 0.141029 0.0424555
3.775 0.140988 0.0417771
3.7875 0.140948 0.0410968
3.8 0.140901 0.0404214
3.8125 0.140842 0.0397448
3.825 0.140756 0.0390525
3.8375 0.140692 0.0383804
3.85 0.140628 0.0377179
3.8625 0.140558 0.0370609
3.875 0.140489 0.0364176
3.8875 0.14043 0.0358073
3.9 0.140354 0.0351682
3.9125 0.140271 0.034527
3.925 0.140181 0.0338913
3.9375 0.140087 0.0332583
3.95 0.139994 0.0326198
3.9625 0.139895 0.0319937
3.975 0.139788 0.0313742
3.9875 0.139675 0.0307602
4 0.139557 0.0301511
4.0125 0.139456 0.0295749
4.025 0.139335 0.0289717
4.0375 0.13921 0.0283734
4.05 0.139078 0.0277808
4.0625 0.138941 0.0271935
4.075 0.13882 0.0266076
4.0875 0.138678 0.0260288
4.1 0.138529 0.025456
4.1125 0.138375 0.024889
4.125 0.138215 0.0243274
4.1375 0.138065 0.023783
4.15 0.137905 0.0232262
4.1625 0.137739 0.0226751
4.175 0.137568 0.0221298
4.1875 0.13739 0.0215901
4.2 0.137219 0.0210554
4.2125 0.137032 0.0205266
4.225 0.13684 0.0200038
4.2375 0.136643 0.0194868
4.25 0.136439 0.0189754
4.25111 0.136421 0.0189304
4.25221 0.136402 0.0188852
4.25332 0.136384 0.0188401
4.25443 0.136366 0.018795
4.25554 0.136348 0.01875
4.26693 0.13616 0.0182863
4.27832 0.135986 0.0178301
4.28972 0.135825 0.0173828
4.30111 0.135676 0.0169444
4.3125 0.135538 0.0165148
4.325 0.135257 0.01608
4.3375 0.135123 0.0156238
4.35 0.135 0.0151799
4.36251 0.13488 0.0147584
4.375 0.134762 0.0143577
4.3875 0.1346 0.0140342
4.4 0.134478 0.0136638
4.4125 0.134359 0.0133097
4.425 0.134243 0.0129708
4.4375 0.134127 0.012646
4.45 0.13388 0.0123531
4.4625 0.133759 0.0120508
4.475 0.133644 0.0117599
4.48751 0.133529 0.0114801
4.5 0.133416 0.0112108
4.5125 0.133286 0.0109856
4.525 0.133169 0.0107322
4.5375 0.133056 0.0104873
4.55 0.132946 0.0102508
4.5625 0.132836 0.0100225
4.575 0.132635 0.00981252
4.5875 0.132522 0.00959741
4.6 0.132412 0.00938874
4.6125 0.132305 0.00918663
4.625 0.132198 0.00899118
4.6375 0.13209 0.00882408
4.65 0.13198 0.00863919
4.6625 0.13187 0.00846028
4.675 0.131763 0.00828647
4.6875 0.131659 0.00811728
4.7 0.131494 0.00795977
4.7125 0.131388 0.00779955
4.725 0.131283 0.00764435
4.7375 0.131181 0.00749313
4.75 0.131081 0.00734573
4.7625 0.130931 0.00720782
4.775 0.130831 0.0070675
4.7875 0.130733 0.00693058
4.8 0.130638 0.00679694
4.8125 0.130544 0.00666723
4.825 0.130408 0.00654583
4.8375 0.130313 0.0064226
4.85 0.13022 0.00630219
4.8625 0.13013 0.00618452
4.875 0.13004 0.00607011
4.8875 0.129962 0.00596897
4.9 0.129873 0.00586003
4.9125 0.129785 0.00575348
4.925 0.129699 0.00564922
4.9375 0.129615 0.00554768
4.95 0.129501 0.00545214
4.9625 0.129416 0.00535562
4.975 0.129333 0.0052611
4.9875 0.129252 0.00516854
5 0.129172 0.00507825
5.0125 0.129068 0.00499306
5.025 0.128989 0.00490725
5.0375 0.128911 0.00482314
5.05 0.128834 0.00474069
5.0625 0.128759 0.00466013
5.075 0.128664 0.00458392
5.0875 0.128589 0.00450738
5.1 0.128516 0.0044323
5.1125 0.128444 0.00435865
5.125 0.128373 0.00428655
5.1375 0.128315 0.00422104
5.15 0.128245 0.00415325
5.1625 0.128176 0.00408681
5.175 0.128108 0.00402157
5.1875 0.128042 0.00395751
5.2 0.127962 0.00389588
5.2125 0.127897 0.00383512
5.225 0.127833 0.00377546
5.2375 0.12777 0.00371684
5.25 0.127708 0.00365923
5.2625 0.127657 0.00360556
5.275 0.127596 0.00355013
5.2875 0.127536 0.00349564
5.3 0.127476 0.00344208
5.3125 0.127418 0.00338942
5.325 0.127351 0.00333909
5.3375 0.127295 0.00328909
5.35 0.127239 0.00323991
5.3625 0.127183 0.00319153
5.375 0.127129 0.00314395
5.3875 0.127085 0.00309964
5.4 0.127032 0.00305439
5.4125 0.126979 0.00300985
5.425 0.126928 0.00296602
5.4375 0.126877 0.00292289
5.45 0.126822 0.0028814
5.4625 0.126772 0.00284036
5.475 0.126724 0.00279996
5.4875 0.126676 0.00276017
5.5 0.126629 0.00272099
5.5125 0.12659 0.0026841
5.525 0.126544 0.00264679
5.5375 0.126499 0.00261002
5.55 0.126455 0.00257381
5.5625 0.126411 0.00253813
5.575 0.126364 0.00250365
5.5875 0.126322 0.00246964
5.6 0.12628 0.00243612
5.6125 0.126239 0.00240309
5.625 0.126199 0.00237053
5.6375 0.126164 0.00233958
5.65 0.126126 0.00230897
5.6625 0.126088 0.00227879
5.675 0.12605 0.00224903
5.6875 0.126013 0.00221968
5.7 0.125974 0.00219077
5.7125 0.125938 0.00216274
5.725 0.125903 0.00213508
5.7375 0.125869 0.0021078
5.75 0.125834 0.00208088
5.7625 0.125798 0.00205433
5.775 0.125765 0.00202819
5.7875 0.125732 0.0020024
5.8 0.125699 0.00197695
5.8125 0.125667 0.00195184
5.825 0.125634 0.00192744
5.8375 0.125603 0.00190342
5.85 0.125572 0.00187971
5.8625 0.125542 0.0018563
5.875 0.125512 0.0018332
5.8875 0.125485 0.00181093
5.9 0.125457 0.00178881
5.9125 0.125428 0.00176696
5.925 0.1254 0.00174539
5.9375 0.125373 0.00172409
5.95 0.125345 0.00170337
5.9625 0.125319 0.00168296
5.975 0.125293 0.0016628
5.9875 0.125267 0.00164289
6 0.125241 0.00162321
6.0125 0.125216 0.00160408
6.025 0.125192 0.00158522
6.0375 0.125168 0.00156658
6.05 0.125144 0.00154817
6.0625 0.12512 0.00152997
6.075 0.125097 0.00151229
6.0875 0.125075 0.00149483
6.1 0.125053 0.00147757
6.1125 0.125031 0.00146052
6.125 0.125009 0.00144366
6.12605 0.125007 0.00144229
6.12709 0.125005 0.00144093
6.12814 0.125004 0.00143957
6.12918 0.125002 0.00143822
6.13031 0.125 0.00143678
6.14174 0.124981 0.00142213
6.15318 0.124963 0.00140763
6.16462 0.124944 0.00139329
6.17606 0.124926 0.00137909
6.1875 0.124907 0.00136505
6.2 0.124888 0.00134986
6.2125 0.124868 0.00133511
6.225 0.124849 0.00132053
6.2375 0.124829 0.00130611
6.25 0.124809 0.00129186
6.2625 0.124791 0.00127775
6.275 0.124772 0.00126383
6.2875 0.124752 0.00125007
6.3 0.124732 0.00123647
6.3125 0.124712 0.00122301
6.325 0.124696 0.00120991
6.3375 0.124677 0.00119699
6.35 0.124657 0.00118422
6.3625 0.124638 0.00117158
6.375 0.124618 0.00115909
6.3875 0.124602 0.00114688
6.4 0.124583 0.00113487
6.4125 0.124564 0.001123
6.425 0.124545 0.00111126
6.4375 0.124526 0.00109964
6.45 0.124512 0.00108828
6.4625 0.124494 0.00107712
6.475 0.124475 0.00106608
6.4875 0.124456 0.00105516
6.5 0.124438 0.00104436
6.5125 0.124426 0.00103376
6.525 0.124407 0.00102338
6.5375 0.124389 0.0010131
6.55 0.124371 0.00100293
6.5625 0.124352 0.000992877
6.575 0.124341 0.000982985
6.5875 0.124323 0.000973307
6.6 0.124306 0.000963731
6.6125 0.124287 0.000954256
6.625 0.124269 0.00094488
6.6375 0.124259 0.000935628
6.65 0.124242 0.000926715
6.6625 0.124225 0.000917892
6.675 0.124207 0.000909158
6.6875 0.12419 0.000900512
6.7 0.124181 0.000891845
6.7125 0.124164 0.000883514
6.725 0.124147 0.000875266
6.7375 0.12413 0.0008671
6.75 0.124112 0.000859015
6.7625 0.124099 0.000850807
6.775 0.124082 0.000842926
6.7875 0.124065 0.000835123
6.8 0.124048 0.000827399
6.8125 0.124031 0.000819753
6.825 0.124023 0.000812127
6.8375 0.124006 0.000804759
6.85 0.12399 0.000797465
6.8625 0.123973 0.000790243
6.875 0.123955 0.000783092
6.8875 0.123943 0.000775825
6.9 0.123927 0.000768932
6.9125 0.12391 0.000762106
6.925 0.123893 0.000755347
6.9375 0.123876 0.000748654
6.95 0.12387 0.000741916
6.9625 0.123854 0.000735463
6.975 0.123837 0.000729072
6.9875 0.12382 0.000722744
7 0.123804 0.000716476
7.0125 0.123792 0.000710005
7.025 0.123776 0.000703955
7.0375 0.12376 0.000697964
7.05 0.123743 0.000692029
7.0625 0.123727 0.000686152
7.075 0.123722 0.000680173
7.0875 0.123706 0.0006745
7.1 0.12369 0.00066888
7.1125 0.123673 0.000663314
7.125 0.123657 0.0006578
7.1375 0.123653 0.00065216
7.15 0.123637 0.000646867
7.1625 0.123621 0.000641622
7.175 0.123605 0.000636425
7.1875 0.123589 0.000631275
7.2 0.123585 0.000625945
7.2125 0.12357 0.000620966
7.225 0.123554 0.000616032
7.2375 0.123538 0.000611141
7.25 0.123522 0.000606295
7.2625 0.123519 0.000601256
7.275 0.123503 0.000596547
7.2875 0.123488 0.000591881
7.3 0.123472 0.000587257
7.3125 0.123456 0.000582676
7.325 0.123454 0.000577908
7.3375 0.123438 0.000573474
7.35 0.123423 0.00056908
7.3625 0.123407 0.000564725
7.375 0.123392 0.00056041
7.3875 0.123382 0.000555693
7.4 0.123367 0.000551518
7.4125 0.123352 0.00054738
7.425 0.123336 0.000543278
7.4375 0.123321 0.000539214
7.45 0.123319 0.000534929
7.4625 0.123304 0.000530998
7.475 0.123289 0.000527102
7.4875 0.123274 0.00052324
7.5 0.123259 0.000519412
7.5125 0.123257 0.000515346
7.525 0.123243 0.000511631
7.5375 0.123228 0.000507944
7.55 0.123214 0.000504283
7.5625 0.1232 0.000500649
7.575 0.123198 0.000496786
7.5875 0.123185 0.000493254
7.6 0.123172 0.000489747
7.6125 0.123159 0.000486266
7.625 0.123146 0.00048281
7.6375 0.123144 0.000479135
7.65 0.123132 0.000475774
7.6625 0.12312 0.000472437
7.675 0.123108 0.000469123
7.6875 0.123096 0.000465834
7.7 0.123095 0.000462334
7.7125 0.123084 0.000459136
7.725 0.123073 0.00045596
7.7375 0.123061 0.000452807
7.75 0.12305 0.000449676
7.7625 0.123043 0.000446136
7.775 0.123033 0.000443079
7.7875 0.123023 0.000440044
7.8 0.123012 0.00043703
7.8125 0.123002 0.000434037
7.825 0.123002 0.000430853
7.8375 0.122992 0.000427955
7.85 0.122983 0.000425076
7.8625 0.122974 0.000422216
7.875 0.122964 0.000419376
7.8875 0.122958 0.000416127
7.9 0.12295 0.000413281
7.9125 0.122941 0.000410456
7.925 0.122932 0.00040765
7.9375 0.122924 0.000404863
7.95 0.122924 0.000401995
7.9625 0.122917 0.000399623
7.975 0.122909 0.000397265
7.9875 0.122902 0.000394921
8 0.122895 0.000392591
8.025 0.122885 0.000386198
8.05 0.122869 0.000379918
8.075 0.122854 0.000373741
8.1 0.122839 0.000367665
8.125 0.122824 0.000361689
8.15 0.122826 0.000356439
8.175 0.122815 0.000351813
8.2 0.122804 0.000347248
8.225 0.122793 0.000342742
8.25 0.122783 0.000338295
8.3 0.122773 0.00032954
8.35 0.122785 0.000320863
8.4 0.122797 0.000312415
8.45 0.122809 0.00030419
8.5 0.12282 0.000296183
8.55 0.122829 0.000292708
8.6 0.12284 0.000286346
8.65 0.122851 0.000280122
8.7 0.122861 0.000274034
8.75 0.122871 0.000268079
8.8 0.122871 0.000263498
8.85 0.122879 0.000258136
8.9 0.122887 0.000252882
8.95 0.122895 0.000247736
9 0.122903 0.000242695
9.1 0.122904 0.000235827
9.2 0.122921 0.00023172
9.3 0.122939 0.000227685
9.4 0.122956 0.00022372
9.5 0.122973 0.000219825
9.6 0.122977 0.000219296
9.7 0.122987 0.000215508
9.8 0.122996 0.000211785
9.9 0.123006 0.000208126
10 0.123015 0.000204531
10.2 0.123017 0.000200695
10.4 0.123023 0.000199563
10.6 0.123028 0.000198438
10.8 0.123034 0.000197319
11 0.123039 0.000196206
11.2 0.12304 0.000196025
11.4 0.123043 0.000195336
11.6 0.123047 0.000194649
11.8 0.12305 0.000193964
12 0.123053 0.000193282
12.2 0.123054 0.00019319
12.4 0.123056 0.00019269
12.6 0.123059 0.000192192
12.8 0.123062 0.000191695
13 0.123064 0.000191199
13.2 0.123065 0.000191147
13.4 0.123067 0.000190718
13.6 0.12307 0.00019029
13.8 0.123072 0.000189863
14 0.123074 0.000189437
14.2 0.123075 0.000189402
14.4 0.123209 0.000175693
14.6 0.123416 0.000116207
14.8 0.123697 9.97104e-06
14.813 0.12372 0
-1.001 -0.05 0.0537316
-1.00079 -0.0500005 0.0537317
-1.00058 -0.050001 0.0537318
-1.00038 -0.0500015 0.053732
-1.00017 -0.050002 0.0537321
-0.999962 -0.0500025 0.0537322
-0.98746 -0.0500321 0.0537403
-0.974958 -0.0500644 0.0537486
-0.962456 -0.0500976 0.0537571
-0.949954 -0.0501315 0.0537658
-0.937452 -0.0501661 0.0537747
-0.924949 -0.050198 0.0537838
-0.912445 -0.0502328 0.0537936
-0.899941 -0.0502691 0.0538037
-0.887437 -0.0503068 0.0538139
-0.874934 -0.050346 0.0538245
-0.862428 -0.0503846 0.053835
-0.849922 -0.0504253 0.0538461
-0.837416 -0.0504683 0.0538572
-0.82491 -0.0505134 0.0538683
-0.812405 -0.0505606 0.0538793
-0.799896 -0.0506072 0.0538898
-0.787388 -0.0506571 0.0539005
-0.774879 -0.05071 0.0539107
-0.762371 -0.050766 0.0539204
-0.749862 -0.050825 0.05393
-0.737351 -0.0508847 0.0539387
-0.724839 -0.0509476 0.0539473
-0.712327 -0.0510147 0.0539556
-0.699816 -0.0510861 0.0539627
-0.687304 -0.0511617 0.0539687
-0.674788 -0.0512382 0.0539732
-0.662272 -0.0513197 0.0539771
-0.649756 -0.0514075 0.0539788
-0.637241 -0.0515015 0.0539785
-0.624725 -0.0516016 0.0539772
-0.612204 -0.0517045 0.0539737
-0.599683 -0.0518137 0.0539686
-0.587162 -0.0519321 0.0539616
-0.574642 -0.0520599 0.0539506
-0.56212 -0.0521972 0.0539355
-0.549596 -0.0523387 0.0539159
-0.537071 -0.0524912 0.0538921
-0.524547 -0.0526588 0.0538606
-0.512023 -0.0528417 0.0538215
-0.499497 -0.0530393 0.0537781
-0.486967 -0.053246 0.0537284
-0.474437 -0.0534691 0.0536704
-0.461907 -0.0537162 0.0536033
-0.449378 -0.0539892 0.0535209
-0.436845 -0.0542884 0.0534231
-0.424297 -0.0546036 0.0533085
-0.41175 -0.0549564 0.0531728
-0.399205 -0.0553576 0.0530072
-0.386662 -0.0558077 0.0528116
-0.374104 -0.0563012 0.0525918
-0.367847 -0.0565645 0.0524715
-0.361591 -0.0568338 0.052345
-0.355335 -0.0571144 0.0522121
-0.34908 -0.0574109 0.0520692
-0.342819 -0.0577275 0.0519129
-0.336558 -0.0580593 0.0517409
-0.330299 -0.0584237 0.0515608
-0.324043 -0.0588207 0.0513678
-0.317789 -0.0592506 0.0511645
-0.311514 -0.0597158 0.0509539
-0.306134 -0.0601416 0.0507647
-0.300756 -0.0605925 0.0505672
-0.295381 -0.0610689 0.0503654
-0.290008 -0.0615715 0.0501588
-0.286992 -0.0618722 0.0500373
-0.285597 -0.062016 0.0499797
-0.284203 -0.0621619 0.0499215
-0.282809 -0.0623099 0.0498628
-0.281415 -0.0624601 0.0498034
-0.280019 -0.0626127 0.0497434
-0.273741 -0.0633068 0.0494711
-0.267469 -0.0640591 0.0491915
-0.261206 -0.0648708 0.0489031
-0.254948 -0.0657283 0.0486106
-0.248628 -0.0666339 0.0483132
-0.242358 -0.0675829 0.0479996
-0.236093 -0.0685756 0.0477154
-0.22984 -0.069645 0.0474369
-0.223596 -0.0707608 0.0471492
-0.217278 -0.0719343 0.0468974
-0.21102 -0.0731515 0.0466628
-0.204766 -0.0743983 0.0464584
-0.198517 -0.0756743 0.0462837
-0.192278 -0.0770011 0.0461322
-0.185989 -0.0783815 0.0460189
-0.182886 -0.079081 0.0459798
-0.179785 -0.0797867 0.0459458
-0.176685 -0.0804946 0.0459214
-0.173585 -0.0812045 0.0459067
-0.170477 -0.0819184 0.0459014
-0.167384 -0.0826303 0.0459066
-0.16429 -0.0833391 0.045928
-0.161197 -0.0840496 0.045965
-0.158103 -0.0847585 0.0460162
-0.15501 -0.0854595 0.0460793
-0.151911 -0.0861593 0.0461508
-0.148811 -0.086855 0.0462338
-0.14571 -0.0875443 0.046329
-0.142608 -0.0882272 0.0464365
-0.139517 -0.0889024 0.0465569
-0.13641 -0.0895755 0.046689
-0.133301 -0.0902384 0.0468346
-0.130189 -0.0908821 0.0469872
-0.127073 -0.0915068 0.0471469
-0.12398 -0.0921078 0.0473125
-0.123518 -0.092195 0.0473385
-0.123056 -0.092282 0.0473647
-0.122594 -0.0923685 0.047391
-0.122132 -0.0924546 0.0474174
-0.12165 -0.0925438 0.047445
-0.119307 -0.0929761 0.0475797
-0.116962 -0.0933989 0.0477171
-0.114615 -0.0938133 0.0478572
-0.112268 -0.0942195 0.0480002
-0.110083 -0.0945898 0.0481358
-0.10977 -0.0946418 0.0481555
-0.109458 -0.0946937 0.0481752
-0.109145 -0.0947455 0.0481948
-0.108833 -0.0947973 0.0482145
-0.10852 -0.0948488 0.0482341
-0.105419 -0.0953604 0.0484301
-0.102315 -0.0958616 0.0486257
-0.099209 -0.0963491 0.0488227
-0.0961012 -0.0968232 0.0490212
-0.0930088 -0.0972812 0.0492202
-0.0899271 -0.0977265 0.0494241
-0.0868429 -0.0981587 0.0496205
-0.0837569 -0.0985785 0.0498138
-0.080669 -0.098986 0.0500041
-0.0775983 -0.0993822 0.0501906
-0.0745188 -0.0997774 0.0503807
-0.0714369 -0.100159 0.0505602
-0.0683539 -0.100534 0.0507355
-0.0652694 -0.100899 0.0509051
-0.0621984 -0.101252 0.0510677
-0.0591021 -0.101599 0.0512335
-0.0560046 -0.101943 0.0513849
-0.0529057 -0.102278 0.0515254
-0.0498057 -0.102605 0.0516599
-0.0467142 -0.102925 0.0517888
-0.0436393 -0.10324 0.0519127
-0.0405632 -0.103548 0.0520255
-0.0374862 -0.103849 0.0521298
-0.0344083 -0.104143 0.0522272
-0.0313381 -0.104431 0.052318
-0.0282452 -0.104713 0.0524034
-0.0251521 -0.104995 0.0524774
-0.0220585 -0.105275 0.0525436
-0.0189643 -0.105549 0.0526026
-0.0158716 -0.105819 0.0526542
-0.0127692 -0.106086 0.0526962
-0.0096668 -0.106353 0.05273
-0.00656391 -0.106615 0.0527565
-0.00346058 -0.106873 0.0527756
-0.000358699 -0.107128 0.0527875
0.00265694 -0.107372 0.0527915
0.00567254 -0.107617 0.0527876
0.00868832 -0.107858 0.0527758
0.0117044 -0.108096 0.0527569
0.0148829 -0.108342 0.0527293
0.0149469 -0.108347 0.0527286
0.015011 -0.108352 0.0527279
0.015075 -0.108357 0.0527271
0.0151391 -0.108362 0.0527264
0.0152031 -0.108367 0.0527257
0.0183065 -0.108602 0.0526902
0.0214102 -0.108834 0.0526469
0.024514 -0.109061 0.0525959
0.027618 -0.109284 0.0525372
0.0307207 -0.109504 0.0524715
0.0338265 -0.109718 0.0524
0.0369321 -0.109932 0.0523224
0.0400379 -0.110141 0.0522379
0.0431438 -0.110346 0.0521462
0.0462499 -0.110546 0.0520471
0.0493748 -0.110738 0.0519422
0.0524996 -0.11093 0.0518299
0.0556244 -0.111116 0.0517109
0.0587492 -0.111297 0.0515849
0.0618743 -0.111472 0.0514521
0.064999 -0.111635 0.0513119
0.0681232 -0.111801 0.0511679
0.0712476 -0.11196 0.0510179
0.074372 -0.112112 0.0508618
0.0774968 -0.112256 0.0506997
0.0806187 -0.112389 0.0505315
0.0837405 -0.112519 0.0503586
0.0868623 -0.112642 0.0501802
0.0899841 -0.112755 0.0499962
0.0931059 -0.11286 0.0498071
0.0957824 -0.11294 0.0496405
0.0984589 -0.113019 0.0494716
0.101135 -0.113091 0.0492996
0.103812 -0.113157 0.0491243
0.106138 -0.113208 0.0489692
0.106645 -0.113219 0.0489349
0.107151 -0.113228 0.0489006
0.107657 -0.113238 0.0488661
0.108164 -0.113248 0.0488315
0.10867 -0.113257 0.0487969
0.111791 -0.113313 0.0485826
0.114913 -0.113359 0.0483673
0.118034 -0.113397 0.0481507
0.121156 -0.113426 0.0479329
0.124276 -0.113446 0.0477139
0.127399 -0.113464 0.047493
0.130522 -0.113468 0.0472727
0.133645 -0.113464 0.0470521
0.136768 -0.113453 0.0468316
0.139889 -0.113434 0.0466112
0.143018 -0.113413 0.0463905
0.146146 -0.113379 0.0461733
0.149275 -0.113339 0.0459579
0.152403 -0.113293 0.0457443
0.155531 -0.113242 0.0455326
0.161788 -0.113164 0.0451044
0.168046 -0.113069 0.0446908
0.174304 -0.112961 0.0442893
0.180563 -0.112847 0.0438951
0.186815 -0.112669 0.0434616
0.193067 -0.112414 0.0429743
0.199327 -0.112204 0.0425627
0.205591 -0.112038 0.0422012
0.211855 -0.111863 0.0418444
0.218079 -0.111661 0.0414806
0.224372 -0.111377 0.0410595
0.230673 -0.111167 0.0407181
0.236974 -0.110962 0.0403853
0.243275 -0.110752 0.0400565
0.249543 -0.110537 0.0397332
0.255807 -0.110298 0.039395
0.262072 -0.110069 0.0390833
0.268337 -0.109833 0.0387745
0.274602 -0.109594 0.0384696
0.28086 -0.109359 0.0381716
0.284305 -0.109225 0.0380033
0.287749 -0.109096 0.0378435
0.291194 -0.108968 0.037685
0.294639 -0.108841 0.0375279
0.298645 -0.108694 0.0373468
0.301366 -0.108595 0.0372247
0.304086 -0.108497 0.0371039
0.306808 -0.1084 0.0369846
0.309529 -0.108304 0.0368666
0.312249 -0.108209 0.0367501
0.318548 -0.107984 0.0364736
0.324847 -0.107769 0.0362118
0.331147 -0.107556 0.0359555
0.337448 -0.107347 0.0357061
0.343743 -0.107146 0.0354651
0.350033 -0.106938 0.0352161
0.356324 -0.106747 0.0349867
0.362616 -0.106561 0.0347642
0.368908 -0.106381 0.0345476
0.375193 -0.106205 0.0343353
0.381474 -0.106008 0.0340945
0.387758 -0.105842 0.033889
0.394042 -0.105678 0.0336877
0.400326 -0.105518 0.033492
0.406601 -0.105363 0.0333022
0.412873 -0.105189 0.0330923
0.419146 -0.105041 0.0329087
0.42542 -0.104897 0.03273
0.431694 -0.104756 0.0325562
0.437961 -0.104619 0.0323872
0.444218 -0.104448 0.03218
0.450478 -0.104319 0.0320148
0.456737 -0.104194 0.0318551
0.462997 -0.104072 0.0317002
0.469248 -0.10395 0.0315477
0.475494 -0.103802 0.0313746
0.481743 -0.103683 0.0312263
0.487991 -0.10357 0.0310861
0.49424 -0.103458 0.0309507
0.500482 -0.103341 0.0308134
0.506723 -0.103184 0.0306427
0.512965 -0.103065 0.0305097
0.519208 -0.102956 0.0303895
0.525451 -0.102848 0.0302742
0.531685 -0.102735 0.0301582
0.537917 -0.1026 0.0300265
0.544149 -0.102485 0.0299142
0.550381 -0.102378 0.0298114
0.556614 -0.102272 0.0297131
0.562843 -0.102152 0.0296065
0.569065 -0.101994 0.0294706
0.575289 -0.101874 0.0293659
0.581513 -0.10177 0.0292764
0.587737 -0.101667 0.0291902
0.593954 -0.101553 0.0290994
0.600175 -0.101416 0.0289924
0.606397 -0.101304 0.0289032
0.61262 -0.101198 0.0288217
0.618842 -0.101093 0.0287431
0.625061 -0.100977 0.0286594
0.631283 -0.100825 0.0285513
0.637506 -0.100709 0.0284695
0.643729 -0.100601 0.0283941
0.649953 -0.100493 0.0283212
0.656171 -0.100382 0.0282484
0.662401 -0.100247 0.0281618
0.668632 -0.100136 0.02809
0.674863 -0.100028 0.0280215
0.681094 -0.0999202 0.0279552
0.687322 -0.0998107 0.0278891
0.693565 -0.0996633 0.0278019
0.699809 -0.0995533 0.0277365
0.706054 -0.0994439 0.027672
0.712298 -0.0993348 0.0276094
0.718538 -0.099226 0.0275487
0.724798 -0.0990951 0.0274766
0.731058 -0.0989877 0.0274157
0.737318 -0.098881 0.0273566
0.743578 -0.0987748 0.0272991
0.749836 -0.0986694 0.0272422
0.756104 -0.0985316 0.0271701
0.762372 -0.0984255 0.0271127
0.76864 -0.0983204 0.0270558
0.774909 -0.0982163 0.0270005
0.781174 -0.0981132 0.0269467
0.787442 -0.0979928 0.0268852
0.793711 -0.0978923 0.0268317
0.79998 -0.097793 0.0267797
0.806249 -0.0976947 0.0267294
0.812517 -0.0975977 0.0266795
0.81878 -0.0974761 0.0266202
0.825043 -0.0973797 0.0265702
0.831306 -0.0972849 0.0265207
0.83757 -0.0971915 0.0264728
0.843831 -0.0970995 0.0264268
0.850091 -0.0969952 0.0263764
0.856352 -0.0969072 0.0263317
0.862613 -0.0968212 0.026289
0.868873 -0.0967372 0.0262481
0.875133 -0.0966553 0.0262077
0.881396 -0.0965562 0.0261622
0.887659 -0.0964774 0.026122
0.893922 -0.0964015 0.0260823
0.900186 -0.0963285 0.0260444
0.906448 -0.0962586 0.0260086
0.912715 -0.0961813 0.025971
0.918982 -0.0961189 0.0259377
0.925249 -0.0960606 0.0259069
0.931516 -0.0960064 0.0258784
0.937782 -0.0959561 0.0258504
0.944053 -0.0958955 0.0258205
0.950325 -0.095853 0.0257937
0.956596 -0.0958163 0.0257675
0.962867 -0.0957856 0.0257442
0.969138 -0.0957611 0.0257238
0.975418 -0.0957347 0.0257042
0.981698 -0.0957254 0.0256889
0.987978 -0.0957244 0.0256772
0.994258 -0.0957317 0.0256689
1.00054 -0.0957472 0.0256618
1.00683 -0.095759 0.025655
1.01312 -0.0957922 0.0256507
1.01941 -0.0958369 0.0256478
1.0257 -0.0958939 0.0256488
1.03199 -0.0959632 0.0256543
1.03828 -0.0960371 0.0256623
1.04457 -0.0961374 0.0256752
1.05086 -0.0962555 0.0256928
1.05715 -0.0963916 0.0257148
1.06345 -0.0965453 0.0257383
1.06973 -0.0967024 0.0257638
1.07601 -0.0968949 0.0257908
1.08229 -0.0971113 0.0258189
1.08856 -0.0973539 0.0258512
1.09485 -0.0976235 0.0258881
1.1011 -0.0979047 0.0259273
1.10736 -0.098235 0.0259689
1.11361 -0.0986034 0.0260124
1.11985 -0.0990104 0.0260578
1.12612 -0.0994546 0.0261035
1.13235 -0.0999097 0.0261515
1.13857 -0.100427 0.0261964
1.14478 -0.100993 0.0262394
1.15099 -0.101611 0.0262793
1.15725 -0.102281 0.026317
1.16345 -0.102975 0.0263539
1.16964 -0.103737 0.0263863
1.17583 -0.104566 0.0264131
1.18201 -0.105462 0.0264327
1.18826 -0.106419 0.0264503
1.19453 -0.107427 0.0264664
1.20079 -0.108492 0.0264779
1.20705 -0.109608 0.0264885
1.21329 -0.110781 0.0264994
1.21962 -0.112026 0.0265158
1.22593 -0.113307 0.0265463
1.23223 -0.114648 0.0265668
1.23851 -0.116039 0.026587
1.2448 -0.117464 0.0266157
1.25116 -0.118947 0.0266534
1.25522 -0.119932 0.0266857
1.25927 -0.120918 0.026717
1.26332 -0.121917 0.0267568
1.26737 -0.122931 0.0268052
1.27114 -0.123871 0.0268576
1.27342 -0.124438 0.0268935
1.27569 -0.125002 0.0269304
1.27797 -0.125567 0.0269679
1.28025 -0.126134 0.0270033
1.28253 -0.126704 0.0270366
1.28871 -0.128254 0.0271328
1.2949 -0.12978 0.0272305
1.30109 -0.131304 0.0273399
1.30728 -0.132797 0.0274643
1.31344 -0.134223 0.0276057
1.31962 -0.13563 0.027769
1.32581 -0.136986 0.0279236
1.33201 -0.138303 0.0280949
1.33822 -0.139576 0.0282788
1.34434 -0.14079 0.0284549
1.35051 -0.142013 0.0286237
1.35669 -0.143152 0.0287975
1.36288 -0.144267 0.028964
1.36907 -0.145361 0.029122
1.37518 -0.146398 0.0292774
1.38138 -0.147389 0.029442
1.38759 -0.14832 0.0295842
1.39381 -0.149203 0.0297054
1.40003 -0.150058 0.029816
1.40618 -0.150875 0.0299153
1.4124 -0.151652 0.0300121
1.41862 -0.152396 0.030093
1.42484 -0.15312 0.0301601
1.43106 -0.153822 0.0302124
1.43726 -0.154497 0.0302469
1.44209 -0.155007 0.0302605
1.44693 -0.155496 0.0302711
1.45176 -0.155977 0.0302702
1.4566 -0.15645 0.0302578
1.46256 -0.157023 0.0302311
1.4637 -0.15713 0.0302244
1.46484 -0.157237 0.0302175
1.46598 -0.157343 0.0302103
1.46712 -0.157448 0.0302027
1.46826 -0.157553 0.0301949
1.47446 -0.15812 0.0301519
1.48065 -0.158684 0.0301008
1.48685 -0.159243 0.0300415
1.49305 -0.159798 0.0299741
1.49924 -0.160348 0.0298985
1.50543 -0.160893 0.0298134
1.51162 -0.161436 0.0297279
1.51782 -0.161988 0.0296281
1.52401 -0.162537 0.0295246
1.5302 -0.163076 0.0294263
1.5364 -0.163595 0.0293343
1.54261 -0.164131 0.0292373
1.54881 -0.164673 0.0291318
1.55501 -0.165209 0.0290313
1.56122 -0.165738 0.0289377
1.56746 -0.166273 0.0288329
1.5737 -0.166803 0.0287437
1.57994 -0.16733 0.0286591
1.58618 -0.167854 0.0285782
1.59241 -0.168371 0.0285018
1.59865 -0.168871 0.0284314
1.6049 -0.16938 0.0283621
1.61114 -0.169891 0.0282949
1.61738 -0.170402 0.0282302
1.62363 -0.170914 0.0281619
1.62987 -0.17143 0.0280822
1.63611 -0.171937 0.0280193
1.64235 -0.172441 0.0279652
1.64859 -0.172944 0.0279138
1.65483 -0.173442 0.027865
1.66109 -0.173933 0.0278167
1.66735 -0.174429 0.0277769
1.67361 -0.174927 0.0277442
1.67987 -0.175419 0.0277147
1.68613 -0.175912 0.0276779
1.69866 -0.176907 0.0275773
1.71118 -0.177895 0.0274908
1.72371 -0.178871 0.0274079
1.73624 -0.179832 0.0273423
1.74877 -0.180775 0.0273016
1.7613 -0.181648 0.027255
1.77384 -0.182537 0.0272125
1.78637 -0.183415 0.0271761
1.79891 -0.184281 0.0271457
1.81145 -0.185134 0.0271187
1.817 -0.185495 0.0271013
1.82256 -0.185859 0.0270852
1.82812 -0.186221 0.0270706
1.83368 -0.18658 0.0270569
1.83929 -0.186942 0.027044
1.84626 -0.187388 0.0270291
1.85323 -0.187831 0.0270151
1.86019 -0.188273 0.027002
1.86716 -0.188713 0.0269897
1.87412 -0.18915 0.0269783
1.88666 -0.189927 0.0269539
1.89919 -0.190704 0.0269393
1.91173 -0.191476 0.0269284
1.92426 -0.192242 0.0269213
1.9368 -0.193003 0.0269179
1.94933 -0.193734 0.0269207
1.96186 -0.194482 0.0269294
1.97439 -0.195226 0.026943
1.98692 -0.195965 0.0269615
1.99945 -0.196701 0.0269848
2.01198 -0.197395 0.0269954
2.0245 -0.198117 0.0270265
2.03703 -0.198832 0.0270617
2.04955 -0.19954 0.0271012
2.06208 -0.200242 0.0271449
2.0746 -0.200898 0.0271914
2.08712 -0.201586 0.0272406
2.09964 -0.202268 0.0272934
2.11216 -0.202944 0.02735
2.12469 -0.203614 0.0274103
2.13721 -0.204234 0.0274586
2.14972 -0.204892 0.0275236
2.16224 -0.205545 0.0275919
2.17475 -0.206192 0.0276633
2.18728 -0.206834 0.0277372
2.19979 -0.207428 0.027812
2.2123 -0.208061 0.0278882
2.22481 -0.208692 0.0279661
2.23732 -0.209319 0.0280464
2.24984 -0.209942 0.0281293
2.26235 -0.21051 0.0281964
2.27486 -0.211127 0.0282805
2.28737 -0.211742 0.0283667
2.29987 -0.212354 0.0284549
2.31239 -0.212968 0.0285439
2.3249 -0.213531 0.0286338
2.3374 -0.214144 0.0287219
2.34991 -0.214759 0.0288105
2.36241 -0.215374 0.0289005
2.37492 -0.215988 0.0289922
2.38743 -0.216549 0.0290668
2.39993 -0.217164 0.0291564
2.41243 -0.217779 0.0292476
2.42494 -0.218395 0.0293398
2.43745 -0.219015 0.0294321
2.44995 -0.219583 0.0295285
2.46245 -0.220203 0.029617
2.47495 -0.220828 0.0297053
2.48746 -0.221455 0.0297941
2.49997 -0.222083 0.0298844
2.51247 -0.222666 0.0299597
2.52497 -0.223295 0.0300461
2.53747 -0.223927 0.030134
2.54997 -0.224562 0.0302218
2.56248 -0.225204 0.0303095
2.57498 -0.225799 0.0304104
2.58748 -0.226444 0.0304945
2.59998 -0.227093 0.0305785
2.61248 -0.227748 0.0306624
2.62499 -0.228407 0.0307476
2.63749 -0.229042 0.0308266
2.64999 -0.229706 0.0309098
2.66249 -0.230374 0.0309944
2.67499 -0.231048 0.0310788
2.68749 -0.231728 0.0311632
2.69999 -0.232372 0.0312728
2.71249 -0.233058 0.0313577
2.72499 -0.23375 0.031442
2.73749 -0.234448 0.0315264
2.74999 -0.235153 0.0316117
2.7625 -0.235861 0.0317034
2.775 -0.236574 0.0317919
2.7875 -0.237293 0.0318806
2.79999 -0.238016 0.0319717
2.8125 -0.238743 0.0320651
2.825 -0.239449 0.0321917
2.8375 -0.240184 0.0322959
2.84999 -0.240923 0.032403
2.86249 -0.241666 0.0325128
2.875 -0.242413 0.0326261
2.8875 -0.243178 0.0327528
2.9 -0.243936 0.0328815
2.9125 -0.244699 0.0330146
2.925 -0.245466 0.0331515
2.9375 -0.246236 0.0332921
2.94974 -0.246989 0.0334433
2.96199 -0.247753 0.0335921
2.97423 -0.248519 0.0337446
2.98648 -0.249289 0.0339007
2.99775 -0.25 0.0340486
2.9982 -0.250028 0.0340547
2.99865 -0.250057 0.0340609
2.9991 -0.250086 0.0340671
2.99955 -0.250114 0.0340732
3 -0.250143 0.0340794
3.0125 -0.250937 0.0342519
3.025 -0.251739 0.0344287
3.0375 -0.252545 0.0346075
3.05 -0.253355 0.0347875
3.0625 -0.254169 0.0349686
3.075 -0.254982 0.0351647
3.0875 -0.255804 0.0353465
3.1 -0.25663 0.0355295
3.1125 -0.257459 0.0357137
3.125 -0.258293 0.0359004
3.1375 -0.259109 0.036108
3.15 -0.25995 0.0362964
3.1625 -0.260796 0.0364867
3.17499 -0.261645 0.0366781
3.1875 -0.262497 0.0368705
3.2 -0.263343 0.0371147
3.2125 -0.2642 0.0373105
3.225 -0.26506 0.0375038
3.2375 -0.265923 0.0376981
3.25 -0.266781 0.0379026
3.2625 -0.26761 0.038143
3.275 -0.268468 0.0383534
3.2875 -0.269341 0.0385512
3.29999 -0.270217 0.0387497
3.3125 -0.271094 0.0389795
3.325 -0.271969 0.0392649
3.3375 -0.27285 0.0395051
3.35 -0.273735 0.0397162
3.3625 -0.274623 0.0399308
3.375 -0.275494 0.0401711
3.3875 -0.27634 0.0404472
3.4 -0.277214 0.0406989
3.4125 -0.27811 0.0409313
3.42499 -0.279009 0.0411664
3.4375 -0.279911 0.0414391
3.45 -0.280814 0.0417582
3.4625 -0.281721 0.0420452
3.475 -0.282632 0.0423036
3.4875 -0.283544 0.0425639
3.5 -0.284435 0.0428495
3.5125 -0.285302 0.0431624
3.525 -0.286198 0.0434637
3.53749 -0.287124 0.0437528
3.54999 -0.28805 0.0440441
3.5625 -0.288972 0.0443637
3.575 -0.289887 0.0447106
3.5875 -0.29081 0.0450462
3.6 -0.291739 0.0453743
3.6125 -0.292664 0.0457057
3.625 -0.29357 0.0460446
3.6375 -0.29445 0.0463931
3.65 -0.295361 0.0467501
3.66249 -0.296282 0.0471122
3.67499 -0.297201 0.0474776
3.6875 -0.298114 0.0478474
3.7 -0.299013 0.0482194
3.7125 -0.299928 0.0486069
3.725 -0.300841 0.0489992
3.7375 -0.301749 0.0493947
3.75 -0.302654 0.049793
3.7625 -0.303533 0.0501807
3.775 -0.304435 0.050592
3.7875 -0.305332 0.0510055
3.79999 -0.306224 0.0514218
3.8125 -0.307114 0.0518417
3.825 -0.307991 0.0522521
3.8375 -0.308875 0.0526812
3.85 -0.309755 0.0531128
3.8625 -0.310631 0.053547
3.875 -0.311502 0.0539831
3.87789 -0.311702 0.0540835
3.88077 -0.311902 0.0541849
3.88366 -0.312101 0.0542863
3.88655 -0.312301 0.0543878
3.88943 -0.3125 0.0544894
3.89905 -0.313163 0.054828
3.90866 -0.313826 0.0551673
3.91827 -0.314491 0.0555077
3.92789 -0.315157 0.055849
3.9375 -0.315825 0.0561913
3.95 -0.316685 0.0566438
3.9625 -0.317556 0.0570917
3.975 -0.318429 0.0575406
3.9875 -0.319304 0.0579907
4 -0.320181 0.0584422
4.0125 -0.321047 0.0589269
4.025 -0.321927 0.0593826
4.0375 -0.322809 0.0598394
4.05 -0.323692 0.0602968
4.0625 -0.324577 0.0607549
4.075 -0.325431 0.0612317
4.0875 -0.326316 0.0616964
4.1 -0.327205 0.0621612
4.11249 -0.328094 0.0626265
4.125 -0.328981 0.0631032
4.1375 -0.329845 0.0636251
4.15 -0.33073 0.0641152
4.1625 -0.331621 0.0645942
4.175 -0.332509 0.065075
4.1875 -0.333387 0.0655603
4.2 -0.334232 0.0660573
4.2125 -0.335107 0.0665541
4.225 -0.335986 0.0670518
4.23749 -0.336862 0.0675508
4.25 -0.337735 0.0680541
4.2625 -0.338581 0.0685835
4.275 -0.33945 0.0690978
4.2875 -0.340315 0.0696148
4.3 -0.341178 0.0701331
4.3125 -0.342039 0.0706524
4.325 -0.342873 0.0711698
4.3375 -0.34373 0.0716991
4.35 -0.344584 0.0722286
4.36249 -0.345435 0.0727595
4.375 -0.346283 0.0732933
4.3875 -0.347112 0.073832
4.4 -0.347954 0.0743743
4.4125 -0.348793 0.074919
4.425 -0.349629 0.0754657
4.4375 -0.350463 0.0760126
4.45 -0.351284 0.0765522
4.4625 -0.352113 0.0771026
4.475 -0.35294 0.0776527
4.4875 -0.353763 0.0782049
4.5 -0.354583 0.0787593
4.50868 -0.355147 0.0791442
4.51736 -0.355712 0.0795321
4.52604 -0.356276 0.079921
4.53472 -0.356838 0.0803108
4.543 -0.357372 0.0806834
4.5469 -0.357623 0.0808593
4.5508 -0.357874 0.0810355
4.5547 -0.358124 0.0812118
4.5586 -0.358373 0.0813883
4.5625 -0.358623 0.0815649
4.575 -0.359419 0.0821286
4.5875 -0.360213 0.0826971
4.6 -0.361001 0.0832696
4.6125 -0.361785 0.0838469
4.625 -0.362563 0.084429
4.6375 -0.363336 0.0849994
4.65 -0.364102 0.0855903
4.6625 -0.364864 0.0861861
4.675 -0.36562 0.0867867
4.6875 -0.366371 0.0873924
4.7 -0.367101 0.087976
4.7125 -0.36784 0.0885896
4.725 -0.368574 0.0892052
4.73749 -0.369303 0.0898198
4.75 -0.370028 0.0904338
4.7625 -0.370748 0.0910232
4.775 -0.371462 0.0916341
4.7875 -0.37217 0.0922442
4.8 -0.372874 0.0928537
4.8125 -0.373572 0.0934624
4.81768 -0.373858 0.0937113
4.82285 -0.374144 0.0939623
4.82803 -0.374428 0.0942129
4.83321 -0.374712 0.0944633
4.83848 -0.375 0.0947182
4.84579 -0.375398 0.0950711
4.85309 -0.375795 0.0954242
4.86039 -0.376191 0.0957777
4.8677 -0.376586 0.0961314
4.875 -0.37698 0.0964854
4.8875 -0.377649 0.0970933
4.9 -0.37832 0.0977007
4.9125 -0.378988 0.0983089
4.925 -0.379653 0.0989179
4.9375 -0.380315 0.0995272
4.95 -0.38097 0.100136
4.9625 -0.381624 0.100746
4.975 -0.382274 0.101356
4.9875 -0.382921 0.101968
5 -0.383566 0.10258
5.0125 -0.38419 0.103195
5.025 -0.384827 0.10381
5.0375 -0.385462 0.104426
5.05 -0.386093 0.105043
5.0625 -0.386721 0.10566
5.075 -0.38734 0.106271
5.0875 -0.387959 0.106891
5.1 -0.388575 0.107512
5.1125 -0.389187 0.108133
5.125 -0.389793 0.108755
5.1375 -0.390368 0.109375
5.15 -0.390963 0.110002
5.1625 -0.391561 0.11063
5.175 -0.392155 0.111259
5.1875 -0.392744 0.111884
5.2 -0.393326 0.112497
5.2125 -0.393906 0.113126
5.225 -0.394484 0.113762
5.2375 -0.395058 0.114399
5.25 -0.395613 0.115032
5.2625 -0.396137 0.115657
5.275 -0.396682 0.116295
5.2875 -0.39724 0.116942
5.29999 -0.397794 0.117589
5.3125 -0.398343 0.118223
5.325 -0.398886 0.118838
5.3375 -0.399426 0.119476
5.35 -0.399963 0.120132
5.3625 -0.400496 0.120787
5.375 -0.401005 0.12143
5.3875 -0.401486 0.122059
5.4 -0.401988 0.122705
5.4125 -0.402504 0.123364
5.42499 -0.403014 0.124021
5.4375 -0.403521 0.124664
5.45 -0.404025 0.125284
5.4625 -0.404523 0.125931
5.475 -0.405016 0.126588
5.4875 -0.405505 0.127243
5.5 -0.405983 0.127893
5.5125 -0.406434 0.128522
5.525 -0.406906 0.129175
5.5375 -0.407378 0.12983
5.54999 -0.407845 0.130485
5.5625 -0.408308 0.131138
5.575 -0.40877 0.131762
5.5875 -0.409225 0.132416
5.6 -0.409675 0.133067
5.6125 -0.41012 0.133717
5.625 -0.410562 0.134367
5.6375 -0.410984 0.134999
5.65 -0.411417 0.135649
5.6625 -0.411846 0.136298
5.675 -0.41227 0.136946
5.6875 -0.412691 0.137593
5.7 -0.41311 0.138223
5.7125 -0.413522 0.138867
5.725 -0.41393 0.139508
5.7375 -0.414335 0.140149
5.75 -0.414735 0.14079
5.75884 -0.415012 0.141239
5.76768 -0.41529 0.141691
5.77651 -0.415566 0.142142
5.78535 -0.415839 0.142594
5.79395 -0.416104 0.143033
5.79766 -0.416217 0.143222
5.80137 -0.41633 0.143411
5.80508 -0.416443 0.1436
5.80879 -0.416555 0.143789
5.8125 -0.416666 0.143978
5.825 -0.417041 0.144611
5.8375 -0.417411 0.145248
5.85 -0.417777 0.145885
5.8625 -0.418139 0.146523
5.875 -0.418495 0.147162
5.8875 -0.418853 0.14779
5.9 -0.4192 0.148432
5.9125 -0.419543 0.149076
5.925 -0.419881 0.149721
5.9375 -0.420214 0.150366
5.95 -0.420537 0.150986
5.9625 -0.420861 0.151632
5.975 -0.421181 0.152279
5.9875 -0.421495 0.152927
6 -0.421806 0.153578
6.0125 -0.422125 0.154194
6.025 -0.422426 0.154846
6.0375 -0.422722 0.1555
6.05 -0.423013 0.156156
6.0625 -0.423299 0.156811
6.075 -0.423571 0.157417
6.0875 -0.423847 0.158069
6.1 -0.424121 0.158724
6.11249 -0.424392 0.159378
6.125 -0.42466 0.160029
6.1375 -0.424942 0.160635
6.15 -0.425202 0.161282
6.1625 -0.425459 0.161928
6.175 -0.425712 0.162573
6.1875 -0.425962 0.163216
6.2 -0.426202 0.163812
6.2125 -0.426445 0.164451
6.225 -0.426684 0.165087
6.23749 -0.426921 0.165723
6.25 -0.427154 0.166357
6.2625 -0.427401 0.166952
6.275 -0.427627 0.167582
6.2875 -0.427851 0.16821
6.3 -0.428072 0.168837
6.3125 -0.428289 0.169462
6.325 -0.428498 0.170049
6.3375 -0.428709 0.17067
6.35 -0.428916 0.171289
6.3625 -0.42912 0.171906
6.375 -0.429321 0.172522
6.3875 -0.429533 0.173107
6.4 -0.429728 0.173719
6.4125 -0.429919 0.174329
6.425 -0.430107 0.174938
6.4375 -0.430293 0.175546
6.45 -0.430472 0.176123
6.4625 -0.430651 0.176726
6.475 -0.430826 0.177327
6.4875 -0.430999 0.177926
6.5 -0.431168 0.178525
6.5125 -0.431346 0.179098
6.525 -0.431509 0.179693
6.5375 -0.43167 0.180287
6.55 -0.431827 0.180879
6.5625 -0.431981 0.181469
6.575 -0.43213 0.182036
6.5875 -0.432278 0.182623
6.6 -0.432423 0.183207
6.6125 -0.432565 0.183791
6.625 -0.432703 0.184373
6.6375 -0.432848 0.184936
6.65 -0.43298 0.185515
6.6625 -0.43311 0.186093
6.675 -0.433237 0.186669
6.6875 -0.43336 0.187244
6.7 -0.43348 0.187801
6.7125 -0.433598 0.188372
6.725 -0.433713 0.188942
6.7375 -0.433825 0.189511
6.75 -0.433934 0.190078
6.7625 -0.434047 0.190631
6.775 -0.43415 0.191196
6.7875 -0.43425 0.191759
6.8 -0.434348 0.192321
6.8125 -0.434442 0.192881
6.825 -0.434534 0.193428
6.8375 -0.434622 0.193986
6.85 -0.434708 0.194541
6.8625 -0.434791 0.195095
6.875 -0.434871 0.195648
6.8875 -0.434953 0.196191
6.9 -0.435028 0.196741
6.9125 -0.435099 0.19729
6.925 -0.435168 0.197838
6.9375 -0.435233 0.198384
6.95 -0.435296 0.198921
6.9625 -0.435356 0.199464
6.975 -0.435413 0.200007
6.9875 -0.435468 0.200547
7 -0.435519 0.201087
7.0125 -0.435572 0.201618
7.025 -0.435618 0.202155
7.0375 -0.435661 0.20269
7.05 -0.435702 0.203225
7.0625 -0.435739 0.203758
7.07071 -0.435762 0.204103
7.07892 -0.435784 0.204451
7.08712 -0.435804 0.204797
7.09533 -0.435823 0.205142
7.10346 -0.435841 0.205483
7.10777 -0.43585 0.205663
7.11208 -0.435858 0.205843
7.11638 -0.435866 0.206022
7.12069 -0.435874 0.206202
7.125 -0.435881 0.206381
7.1375 -0.435902 0.206899
7.15 -0.435919 0.207418
7.1625 -0.435933 0.207936
7.175 -0.435945 0.208452
7.1875 -0.435955 0.208965
7.2 -0.435966 0.209474
7.2125 -0.435971 0.209984
7.225 -0.435975 0.210491
7.2375 -0.435976 0.210997
7.25 -0.435975 0.211501
7.2625 -0.435973 0.211999
7.275 -0.435969 0.212499
7.2875 -0.435961 0.212997
7.3 -0.435952 0.213492
7.3125 -0.435941 0.213986
7.325 -0.43593 0.214475
7.3375 -0.435915 0.214965
7.35 -0.435897 0.215453
7.3625 -0.435877 0.215938
7.375 -0.435855 0.216422
7.3875 -0.435832 0.2169
7.4 -0.435806 0.217379
7.4125 -0.435778 0.217857
7.425 -0.435748 0.218332
7.4375 -0.435715 0.218805
7.45 -0.435684 0.219273
7.4625 -0.435647 0.219742
7.475 -0.435609 0.220209
7.4875 -0.435568 0.220675
7.5 -0.435525 0.221138
7.5125 -0.435482 0.221594
7.525 -0.435435 0.222052
7.5375 -0.435386 0.222509
7.55 -0.435335 0.222963
7.5625 -0.435282 0.223415
7.575 -0.435231 0.223861
7.5875 -0.435173 0.224309
7.6 -0.435113 0.224755
7.6125 -0.435051 0.225199
7.625 -0.434986 0.22564
7.6375 -0.434922 0.226074
7.65 -0.434854 0.226511
7.6625 -0.434783 0.226946
7.675 -0.43471 0.227378
7.6875 -0.434635 0.227808
7.7 -0.434563 0.228231
7.7125 -0.434484 0.228656
7.725 -0.434401 0.229079
7.7375 -0.434317 0.2295
7.75 -0.43423 0.229918
7.7625 -0.434144 0.230326
7.775 -0.434052 0.230738
7.7875 -0.433958 0.231148
7.8 -0.433862 0.231554
7.8125 -0.433762 0.231958
7.825 -0.433667 0.232352
7.8375 -0.433561 0.23275
7.85 -0.433453 0.233144
7.8625 -0.433341 0.233536
7.875 -0.433227 0.233923
7.8875 -0.433115 0.234299
7.9 -0.432994 0.234678
7.9125 -0.432868 0.235053
7.925 -0.432735 0.235424
7.9375 -0.432595 0.23579
7.95 -0.432459 0.236143
7.9625 -0.432299 0.236497
7.975 -0.432134 0.236847
7.9875 -0.431964 0.237192
8 -0.43179 0.237533
8.025 -0.431469 0.238185
8.05 -0.431144 0.238822
8.075 -0.430833 0.239408
8.10001 -0.430542 0.239953
8.125 -0.430274 0.240414
8.15 -0.430034 0.24072
8.175 -0.429725 0.241146
8.19999 -0.429383 0.241629
8.22499 -0.429051 0.242101
8.25 -0.428824 0.242491
8.3 -0.428707 0.243015
8.35 -0.428585 0.243473
8.4 -0.428544 0.243859
8.45 -0.428585 0.244172
8.5 -0.428763 0.244327
8.55 -0.428876 0.244099
8.6 -0.428989 0.244133
8.65 -0.429101 0.244228
8.7 -0.429211 0.244314
8.75 -0.429391 0.244327
8.8 -0.42976 0.244162
8.85 -0.429903 0.244085
8.9 -0.429946 0.244018
8.95 -0.429985 0.243907
9 -0.43002 0.243657
9.1 -0.430087 0.242638
9.2 -0.430134 0.241582
9.3 -0.430068 0.240371
9.39999 -0.42996 0.239027
9.5 -0.429943 0.237596
9.6 -0.430221 0.236533
9.69999 -0.430021 0.235046
9.79999 -0.429753 0.233568
9.89998 -0.429405 0.232101
10 -0.428977 0.230644
10.2 -0.428515 0.228804
10.4 -0.428209 0.227302
10.6 -0.427979 0.22602
10.8 -0.427805 0.22493
11 -0.427687 0.224029
11.0123 -0.427684 0.223985
11.0247 -0.42768 0.223941
11.037 -0.427676 0.223897
11.0494 -0.427673 0.223853
11.0617 -0.427669 0.223809
11.2494 -0.42762 0.22315
11.437 -0.427629 0.222513
11.6247 -0.427695 0.221899
11.8123 -0.427822 0.221305
12 -0.428014 0.220722
12.2 -0.428012 0.220219
12.4 -0.428284 0.219621
12.6 -0.428583 0.219043
12.8 -0.428909 0.218482
13 -0.429207 0.217952
13.2 -0.429208 0.217553
13.4 -0.429508 0.217045
13.6 -0.429902 0.216513
13.8 -0.430306 0.21599
14 -0.430609 0.215515
14.2 -0.430609 0.215163
14.4 -0.430922 0.214705
14.6 -0.431363 0.214208
14.8 -0.431803 0.213717
15 -0.432155 0.213266
-1.001 -0.05 0.106363
-1.00079 -0.0500005 0.106363
-1.00058 -0.050001 0.106364
-1.00038 -0.0500015 0.106364
-1.00017 -0.050002 0.106364
-0.999962 -0.0500025 0.106365
-0.98746 -0.0500329 0.106382
-0.974958 -0.0500666 0.106399
-0.962456 -0.0501011 0.106416
-0.949955 -0.0501364 0.106433
-0.937453 -0.0501724 0.106451
-0.924949 -0.0502059 0.106469
-0.912445 -0.0502421 0.106488
-0.899941 -0.0502797 0.106506
-0.887438 -0.0503187 0.106525
-0.874934 -0.0503593 0.106544
-0.862428 -0.0503986 0.106563
-0.849922 -0.0504406 0.106582
-0.837416 -0.0504849 0.106601
-0.82491 -0.0505312 0.106619
-0.812404 -0.0505798 0.106638
-0.799896 -0.050628 0.106656
-0.787387 -0.0506791 0.106674
-0.774879 -0.0507333 0.106691
-0.76237 -0.0507906 0.106707
-0.749861 -0.0508509 0.106723
-0.737349 -0.0509115 0.106738
-0.724837 -0.0509758 0.106752
-0.712325 -0.0510446 0.106764
-0.699813 -0.0511176 0.106774
-0.687301 -0.051195 0.106784
-0.674785 -0.0512736 0.106792
-0.662268 -0.051357 0.106798
-0.649752 -0.0514466 0.106801
-0.637236 -0.0515426 0.106802
-0.624719 -0.0516452 0.1068
-0.612201 -0.0517502 0.106795
-0.599682 -0.0518625 0.106785
-0.587164 -0.0519852 0.106768
-0.574646 -0.052118 0.106747
-0.562127 -0.0522604 0.106721
-0.549624 -0.0524081 0.106691
-0.537121 -0.0525663 0.106651
-0.524619 -0.0527397 0.106603
-0.512117 -0.05293 0.106544
-0.499612 -0.0531379 0.106475
-0.487098 -0.0533546 0.106395
-0.474584 -0.0535944 0.106294
-0.462071 -0.0538651 0.106174
-0.449559 -0.0541672 0.106034
-0.43704 -0.0544963 0.105878
-0.424473 -0.0548474 0.105705
-0.411908 -0.0552344 0.105487
-0.399346 -0.0556658 0.105233
-0.386785 -0.0561473 0.104949
-0.374217 -0.0567331 0.104591
-0.368077 -0.0570633 0.104383
-0.361938 -0.057404 0.104158
-0.355801 -0.0577684 0.103921
-0.349666 -0.0581566 0.103671
-0.343515 -0.0585733 0.103407
-0.337127 -0.0590438 0.103112
-0.330743 -0.0595651 0.102791
-0.324365 -0.0601354 0.102451
-0.317992 -0.0607525 0.102093
-0.311563 -0.061423 0.101714
-0.310404 -0.0615536 0.101642
-0.309245 -0.0616864 0.101569
-0.308087 -0.0618223 0.101495
-0.306929 -0.0619613 0.101421
-0.306015 -0.0620739 0.101361
-0.301005 -0.0627034 0.101035
-0.296003 -0.0633761 0.100691
-0.291006 -0.0640842 0.100334
-0.286015 -0.0648273 0.0999706
-0.280954 -0.0656166 0.0995944
-0.274652 -0.0666516 0.099133
-0.268362 -0.0677532 0.0986728
-0.262088 -0.0689397 0.0981953
-0.255828 -0.070203 0.0977285
-0.249445 -0.0715714 0.0972726
-0.246313 -0.0722816 0.0970634
-0.243185 -0.0730073 0.096863
-0.240058 -0.0737446 0.096674
-0.236934 -0.0744935 0.0964963
-0.233791 -0.0752591 0.0963285
-0.232037 -0.0757032 0.0962412
-0.230281 -0.0761443 0.0961593
-0.228526 -0.0765855 0.0960842
-0.22677 -0.0770272 0.0960157
-0.22498 -0.0774779 0.0959527
-0.223567 -0.0778342 0.0959084
-0.222153 -0.0781909 0.0958673
-0.22074 -0.0785481 0.0958292
-0.219327 -0.0789058 0.0957943
-0.217913 -0.079264 0.0957624
-0.214758 -0.0800632 0.0956961
-0.211601 -0.0808577 0.095651
-0.208443 -0.08165 0.0956252
-0.205285 -0.0824403 0.0956184
-0.202136 -0.0832225 0.0956283
-0.19904 -0.0839813 0.0956517
-0.195939 -0.0847225 0.0956991
-0.192835 -0.0854462 0.0957652
-0.189727 -0.0861543 0.0958513
-0.186657 -0.086842 0.0959599
-0.183618 -0.0875058 0.0960885
-0.180575 -0.0881461 0.0962412
-0.177529 -0.0887625 0.0964144
-0.174479 -0.0893606 0.0966016
-0.171464 -0.0899336 0.0968004
-0.168403 -0.0904812 0.0970162
-0.165336 -0.0909908 0.0972584
-0.162267 -0.0914749 0.0975115
-0.159194 -0.0919337 0.0977759
-0.156165 -0.0923596 0.0980467
-0.155001 -0.0925062 0.0981528
-0.153836 -0.092652 0.0982593
-0.152671 -0.0927941 0.0983649
-0.151505 -0.0929326 0.0984697
-0.150137 -0.0930907 0.0985921
-0.148303 -0.0932957 0.0987567
-0.146468 -0.0934909 0.0989236
-0.144633 -0.0936764 0.0990929
-0.142796 -0.0938521 0.0992646
-0.140969 -0.0940172 0.0994377
-0.137917 -0.0942786 0.0997275
-0.134862 -0.0945153 0.100015
-0.131806 -0.0947271 0.1003
-0.128748 -0.0949147 0.100582
-0.125713 -0.0950836 0.10085
-0.122636 -0.0952456 0.101115
-0.119556 -0.0953876 0.101369
-0.116476 -0.0955196 0.101612
-0.113394 -0.0956383 0.101846
-0.110326 -0.0957395 0.102072
-0.107182 -0.0958405 0.102294
-0.104036 -0.0959313 0.102513
-0.10089 -0.0960128 0.102722
-0.0977437 -0.0960887 0.102925
-0.0946029 -0.0961592 0.103119
-0.0883175 -0.0963019 0.103499
-0.08203 -0.0964281 0.103848
-0.0757405 -0.0965276 0.104168
-0.0694492 -0.096617 0.104453
-0.063171 -0.0967158 0.104705
-0.0569521 -0.0968123 0.104939
-0.0507323 -0.0969223 0.105139
-0.0445117 -0.0970312 0.105316
-0.0382905 -0.097146 0.105459
-0.0320784 -0.0972802 0.105571
-0.0258337 -0.0974149 0.105667
-0.0195892 -0.0975757 0.105728
-0.0133447 -0.097745 0.105764
-0.00710051 -0.097927 0.105766
-0.000860237 -0.0981379 0.105741
0.00543007 -0.098347 0.105702
0.0117187 -0.0985934 0.105626
0.0180064 -0.0988548 0.105526
0.0242925 -0.0991351 0.105385
0.0305859 -0.0994461 0.105211
0.0369585 -0.0997489 0.105016
0.0433278 -0.100093 0.104785
0.0496946 -0.100457 0.104517
0.0560582 -0.100836 0.104199
0.0624298 -0.101249 0.103836
0.0687459 -0.101633 0.103443
0.0750582 -0.102057 0.10303
0.0813659 -0.102502 0.102572
0.0876686 -0.102956 0.102058
0.0939924 -0.103423 0.101506
0.100211 -0.103889 0.100979
0.106423 -0.104353 0.100378
0.11263 -0.104806 0.0997316
0.118835 -0.105251 0.0990429
0.125073 -0.105691 0.098321
0.1282 -0.105909 0.0979481
0.131329 -0.106132 0.097586
0.134457 -0.10635 0.0972181
0.137585 -0.106562 0.0968435
0.140711 -0.106768 0.0964627
0.143803 -0.106967 0.0960714
0.146894 -0.107155 0.0956766
0.149985 -0.107335 0.095277
0.153077 -0.107506 0.0948727
0.156167 -0.107669 0.0944636
0.157159 -0.107717 0.0943293
0.15815 -0.107766 0.0941956
0.159142 -0.107813 0.0940615
0.160133 -0.10786 0.0939271
0.161128 -0.107906 0.093792
0.163208 -0.107999 0.0935088
0.165288 -0.108088 0.0932261
0.167368 -0.108173 0.0929435
0.169449 -0.108254 0.0926604
0.171527 -0.108333 0.0923771
0.173409 -0.1084 0.0921195
0.175292 -0.108464 0.0918629
0.177175 -0.108526 0.0916067
0.179058 -0.108584 0.0913509
0.183106 -0.108703 0.0908018
0.183884 -0.108723 0.0906965
0.184663 -0.108743 0.0905912
0.185442 -0.108762 0.0904859
0.186221 -0.10878 0.0903808
0.186999 -0.108798 0.0902756
0.190107 -0.108868 0.0898563
0.193215 -0.10893 0.0894393
0.196324 -0.108983 0.0890247
0.199433 -0.109028 0.0886123
0.202537 -0.109066 0.0882029
0.205652 -0.109097 0.0877941
0.208767 -0.109124 0.0873882
0.211882 -0.109146 0.0869847
0.214998 -0.109163 0.0865849
0.21811 -0.109174 0.0861897
0.224427 -0.109182 0.0853952
0.230746 -0.109177 0.0846199
0.237065 -0.109149 0.083846
0.243383 -0.109087 0.0830629
0.249696 -0.109016 0.0822782
0.255935 -0.108939 0.0814782
0.26218 -0.108849 0.0807331
0.268431 -0.108746 0.0800399
0.274684 -0.108626 0.079366
0.280887 -0.108481 0.0786957
0.287173 -0.108308 0.0780125
0.293462 -0.10815 0.0773584
0.299755 -0.108005 0.0767322
0.306048 -0.107856 0.0761146
0.312319 -0.107693 0.0754743
0.31862 -0.107512 0.0747958
0.324928 -0.107336 0.0741807
0.331238 -0.107161 0.0735921
0.337549 -0.106982 0.0730093
0.343828 -0.106796 0.072431
0.350117 -0.106583 0.0718387
0.35641 -0.106385 0.0712736
0.362703 -0.106183 0.0707158
0.368996 -0.105979 0.0701651
0.375276 -0.105773 0.0696226
0.381061 -0.10557 0.069104
0.386848 -0.105372 0.0686156
0.392635 -0.105172 0.0681324
0.398423 -0.10497 0.0676545
0.405858 -0.104706 0.067044
0.406027 -0.104699 0.0670302
0.406196 -0.104693 0.0670165
0.406365 -0.104687 0.0670027
0.406534 -0.104681 0.0669889
0.406703 -0.104675 0.0669752
0.412978 -0.104446 0.0664637
0.419255 -0.104219 0.0659671
0.425532 -0.103994 0.0654844
0.431811 -0.103771 0.0650128
0.43808 -0.10355 0.0645531
0.444336 -0.103327 0.0640964
0.450595 -0.103111 0.0636573
0.456854 -0.102896 0.0632286
0.463113 -0.102683 0.0628103
0.469364 -0.102469 0.0624002
0.475608 -0.102239 0.0619719
0.481855 -0.102027 0.0615794
0.488103 -0.101815 0.0611989
0.494351 -0.101604 0.0608282
0.500585 -0.101392 0.0604682
0.506828 -0.101171 0.0601014
0.513072 -0.10096 0.0597561
0.519317 -0.100749 0.0594207
0.525562 -0.100536 0.0590951
0.531799 -0.100321 0.0587753
0.538023 -0.100083 0.0584302
0.544251 -0.0998658 0.0581196
0.550479 -0.0996523 0.057823
0.556707 -0.0994368 0.0575342
0.562923 -0.0992185 0.057252
0.569133 -0.0989874 0.0569634
0.575346 -0.0987673 0.0566914
0.581558 -0.0985453 0.056426
0.58777 -0.0983211 0.0561671
0.593977 -0.0980959 0.0559129
0.60019 -0.0978465 0.0556381
0.606404 -0.0976178 0.0553894
0.612619 -0.0973877 0.0551442
0.618834 -0.0971558 0.0549041
0.62504 -0.0969224 0.0546694
0.631253 -0.0966796 0.0544304
0.637466 -0.0964417 0.0542026
0.643679 -0.0962021 0.0539797
0.649893 -0.0959608 0.0537614
0.656103 -0.0957187 0.0535456
0.662323 -0.0954661 0.0533231
0.668545 -0.0952214 0.0531111
0.674766 -0.0949758 0.0529012
0.680987 -0.0947288 0.052695
0.687205 -0.0944806 0.0524932
0.691871 -0.0942918 0.0523433
0.696536 -0.0941037 0.0521967
0.701202 -0.0939152 0.0520526
0.705868 -0.0937262 0.0519108
0.710526 -0.0935371 0.0517708
0.712104 -0.093473 0.0517237
0.713682 -0.0934087 0.0516767
0.71526 -0.0933444 0.0516299
0.716838 -0.09328 0.0515832
0.718415 -0.0932156 0.0515366
0.724685 -0.0929609 0.0513538
0.730954 -0.0927036 0.0511715
0.737223 -0.0924453 0.050991
0.743492 -0.0921862 0.0508131
0.749761 -0.0919262 0.0506392
0.756042 -0.0916741 0.0504807
0.762322 -0.0914126 0.0503143
0.768603 -0.0911506 0.0501515
0.774883 -0.090888 0.0499908
0.781166 -0.0906245 0.0498316
0.787443 -0.0903775 0.0496861
0.79372 -0.0901142 0.0495331
0.799996 -0.0898504 0.0493819
0.806272 -0.0895861 0.0492326
0.812552 -0.0893211 0.0490866
0.818817 -0.089083 0.048973
0.82508 -0.0888195 0.0488357
0.831343 -0.0885559 0.048702
0.837606 -0.088292 0.0485702
0.843875 -0.0880275 0.0484401
0.850133 -0.087796 0.0483294
0.856389 -0.0875346 0.0482098
0.862646 -0.0872735 0.0480925
0.868903 -0.0870126 0.0479775
0.875165 -0.0867536 0.0478675
0.881429 -0.0865397 0.0477992
0.887692 -0.0862885 0.0477024
0.893954 -0.0860344 0.0476057
0.900217 -0.0857815 0.0475113
0.906487 -0.0855382 0.0474219
0.912754 -0.0853348 0.0473471
0.91902 -0.085101 0.0472704
0.925286 -0.0848591 0.0471951
0.931552 -0.0846197 0.0471227
0.937823 -0.0844016 0.0470666
0.944089 -0.0842333 0.0470451
0.950354 -0.0840292 0.0470033
0.956619 -0.0838098 0.0469538
0.962883 -0.0835947 0.0469078
0.969153 -0.0834044 0.0468683
0.975431 -0.083255 0.0468381
0.981708 -0.08308 0.0468117
0.987985 -0.0828917 0.0467894
0.994262 -0.082711 0.0467712
1.00054 -0.082568 0.0467735
1.00684 -0.0824807 0.0468065
1.01314 -0.0823608 0.0468238
1.01943 -0.082223 0.0468321
1.02573 -0.0820968 0.0468453
1.03203 -0.0820051 0.0468661
1.03834 -0.0819594 0.046896
1.04464 -0.0818993 0.0469326
1.05095 -0.0818337 0.0469756
1.05725 -0.0817852 0.0470238
1.06356 -0.0817907 0.047096
1.06985 -0.0818649 0.0471994
1.07614 -0.0819204 0.047289
1.08244 -0.0819651 0.0473683
1.08873 -0.0820351 0.0474526
1.09502 -0.0821577 0.0475462
1.10127 -0.0823375 0.0476494
1.10753 -0.0825302 0.047756
1.11378 -0.0827418 0.0478658
1.12003 -0.0829939 0.047978
1.12629 -0.0833295 0.0481102
1.13238 -0.0837535 0.0482625
1.13848 -0.0841913 0.048389
1.14457 -0.0846695 0.0485024
1.15066 -0.0852061 0.0486146
1.15677 -0.0858141 0.0487261
1.16308 -0.0865331 0.0488407
1.16938 -0.0873242 0.0489293
1.17566 -0.0881943 0.0490108
1.18194 -0.0891543 0.0490928
1.18831 -0.0902405 0.0491844
1.19179 -0.0909004 0.0492409
1.19526 -0.091605 0.0492884
1.19873 -0.0923579 0.0493442
1.20218 -0.093148 0.0494053
1.20389 -0.0935529 0.0494368
1.20702 -0.0943057 0.0494956
1.21015 -0.0950732 0.0495517
1.21327 -0.0958549 0.0496048
1.21639 -0.0966538 0.0496302
1.21954 -0.097479 0.0496411
1.22589 -0.0992214 0.0496795
1.23224 -0.100964 0.0497257
1.23857 -0.102777 0.049783
1.24488 -0.104647 0.0498715
1.2513 -0.106553 0.0499926
1.25243 -0.106889 0.0500181
1.25356 -0.107216 0.0500444
1.25469 -0.107544 0.0500722
1.25582 -0.107875 0.0501013
1.25705 -0.108237 0.0501346
1.259 -0.108816 0.0501903
1.26095 -0.109397 0.0502472
1.2629 -0.109978 0.0503053
1.26485 -0.11056 0.0503647
1.2668 -0.111145 0.0504266
1.26992 -0.112097 0.0505392
1.27304 -0.113035 0.0506578
1.27616 -0.113979 0.0507874
1.27928 -0.114929 0.050928
1.28239 -0.115871 0.0510766
1.28548 -0.116802 0.0512343
1.28856 -0.117722 0.0513976
1.29165 -0.118636 0.0515682
1.29473 -0.119546 0.0517461
1.2978 -0.120446 0.0519316
1.30087 -0.121352 0.0521419
1.30394 -0.122234 0.0523495
1.30703 -0.123092 0.0525609
1.31011 -0.123926 0.0527772
1.31315 -0.124721 0.0529939
1.31376 -0.124878 0.0530392
1.31438 -0.125035 0.0530849
1.315 -0.125191 0.0531308
1.31562 -0.125346 0.0531766
1.31628 -0.12551 0.0532256
1.3187 -0.126108 0.0534053
1.32112 -0.126693 0.0535842
1.32355 -0.127265 0.0537624
1.32597 -0.127824 0.0539403
1.32838 -0.128365 0.0541165
1.33144 -0.129056 0.0543504
1.33452 -0.129723 0.0545765
1.33759 -0.130371 0.0548006
1.34067 -0.131007 0.0550254
1.34371 -0.131628 0.0552568
1.34981 -0.132868 0.0557569
1.35592 -0.134054 0.0562515
1.36204 -0.135179 0.0567335
1.36817 -0.136256 0.0571789
1.37421 -0.137285 0.0575787
1.38049 -0.138354 0.0579943
1.3868 -0.139334 0.0583604
1.3931 -0.140297 0.0587007
1.39942 -0.14124 0.0589908
1.40565 -0.142151 0.0592408
1.40881 -0.142602 0.0593535
1.41197 -0.143049 0.0594581
1.41513 -0.143493 0.0595548
1.41829 -0.143933 0.0596434
1.42145 -0.14437 0.0597248
1.42459 -0.144808 0.0598042
1.42773 -0.145238 0.0598736
1.43087 -0.145667 0.0599355
1.43401 -0.146095 0.0599902
1.43714 -0.146521 0.0600397
1.44026 -0.146944 0.0600874
1.44338 -0.147366 0.0601244
1.4465 -0.147789 0.0601538
1.44962 -0.148212 0.0601769
1.45274 -0.148638 0.0601969
1.45585 -0.149067 0.0602154
1.45896 -0.149493 0.0602315
1.46207 -0.149917 0.0602457
1.46518 -0.15034 0.0602576
1.46829 -0.150761 0.0602663
1.47448 -0.151583 0.0602799
1.48067 -0.152398 0.060274
1.48686 -0.153217 0.0602612
1.49305 -0.15403 0.0602377
1.49924 -0.15483 0.0602006
1.50214 -0.155203 0.0601776
1.50505 -0.155576 0.0601478
1.50795 -0.155952 0.0601161
1.51085 -0.156329 0.0600824
1.51367 -0.156698 0.0600478
1.51699 -0.157135 0.0600049
1.5203 -0.15757 0.0599628
1.52361 -0.158004 0.0599235
1.52693 -0.158437 0.0598871
1.53024 -0.158868 0.0598533
1.53646 -0.159671 0.0597813
1.54267 -0.160477 0.059721
1.54888 -0.161288 0.0596579
1.55509 -0.162096 0.0595986
1.56131 -0.162892 0.0595499
1.56756 -0.163673 0.0594866
1.5738 -0.164463 0.059441
1.58005 -0.165259 0.0593977
1.58629 -0.166025 0.0593524
1.59254 -0.166773 0.0593094
1.59877 -0.167516 0.0592766
1.605 -0.168253 0.059243
1.61124 -0.168986 0.0592141
1.61747 -0.16971 0.059187
1.62369 -0.170422 0.0591616
1.62998 -0.171117 0.0591519
1.63625 -0.171835 0.059135
1.64253 -0.172547 0.0591199
1.64881 -0.173257 0.0591095
1.6551 -0.173967 0.0591047
1.66133 -0.174651 0.0591038
1.66755 -0.175342 0.0591259
1.67378 -0.176026 0.0591539
1.68 -0.176701 0.0591848
1.68623 -0.177364 0.059219
1.69874 -0.178623 0.0593052
1.71126 -0.179865 0.059412
1.72378 -0.181091 0.0595227
1.7363 -0.182279 0.0596247
1.7488 -0.183398 0.0597
1.7568 -0.18407 0.0597397
1.76481 -0.184747 0.0597811
1.77282 -0.185414 0.0598195
1.78083 -0.186069 0.0598527
1.78946 -0.186764 0.059883
1.79386 -0.187111 0.0598953
1.79827 -0.187455 0.0599053
1.80268 -0.187795 0.059913
1.80708 -0.188132 0.0599185
1.81148 -0.188464 0.0599217
1.82402 -0.189396 0.0599285
1.83655 -0.190321 0.0599416
1.84908 -0.191234 0.0599621
1.86162 -0.192134 0.0599899
1.87414 -0.193021 0.0600243
1.88668 -0.193882 0.0600463
1.89921 -0.194753 0.0600906
1.91174 -0.195616 0.0601445
1.92427 -0.196469 0.0602097
1.93681 -0.197312 0.0602861
1.94934 -0.198102 0.0603711
1.96186 -0.198931 0.060461
1.97439 -0.199752 0.0605635
1.98692 -0.200565 0.0606787
1.99946 -0.20137 0.0608036
2.01198 -0.202113 0.0609136
2.02451 -0.202899 0.0610476
2.03703 -0.203686 0.0611935
2.04955 -0.204465 0.061349
2.06209 -0.205217 0.0615138
2.07461 -0.205901 0.0616862
2.08713 -0.206636 0.0618611
2.09965 -0.207378 0.0620402
2.11217 -0.208109 0.0622242
2.1247 -0.208815 0.0624091
2.13721 -0.209448 0.0625852
2.14973 -0.210141 0.0627781
2.16224 -0.210842 0.0629763
2.17475 -0.211534 0.0631769
2.18728 -0.212204 0.0633808
2.19979 -0.212802 0.0635905
2.2123 -0.21346 0.0638002
2.22481 -0.214125 0.0640113
2.23732 -0.214784 0.0642241
2.24984 -0.215428 0.064436
2.26235 -0.215995 0.064636
2.27486 -0.216633 0.064852
2.28736 -0.217279 0.0650706
2.29987 -0.217923 0.0652901
2.31239 -0.218557 0.0655116
2.3249 -0.219121 0.0657388
2.3374 -0.219754 0.0659621
2.34991 -0.220391 0.0661857
2.36241 -0.221028 0.0664095
2.37493 -0.221664 0.0666328
2.38743 -0.222229 0.0668445
2.39993 -0.222866 0.0670684
2.41243 -0.223505 0.0672922
2.42493 -0.224147 0.0675155
2.43745 -0.224791 0.0677391
2.44995 -0.225372 0.0679717
2.46245 -0.226014 0.0681944
2.47496 -0.22666 0.0684176
2.48746 -0.22731 0.0686409
2.49997 -0.227964 0.0688644
2.51247 -0.22857 0.0690805
2.52497 -0.229223 0.0693036
2.53747 -0.229881 0.0695279
2.54997 -0.230544 0.0697532
2.56248 -0.231214 0.0699805
2.57498 -0.231843 0.0702232
2.58748 -0.232516 0.0704529
2.59998 -0.233197 0.0706859
2.61248 -0.233883 0.0709213
2.62499 -0.234576 0.0711592
2.63749 -0.235252 0.0713989
2.64999 -0.23595 0.0716411
2.66249 -0.236655 0.0718874
2.67499 -0.237366 0.0721377
2.68749 -0.238084 0.0723922
2.69999 -0.238782 0.0726673
2.71249 -0.239512 0.0729321
2.72499 -0.240248 0.0732026
2.73749 -0.240991 0.0734788
2.74999 -0.241742 0.0737609
2.7625 -0.242497 0.0740525
2.775 -0.243258 0.0743468
2.78749 -0.244026 0.0746488
2.79999 -0.244801 0.0749585
2.8125 -0.245584 0.0752762
2.825 -0.246362 0.0756126
2.8375 -0.247159 0.0759475
2.84999 -0.247963 0.0762919
2.86249 -0.248775 0.0766461
2.875 -0.249595 0.0770103
2.87622 -0.249676 0.0770469
2.87744 -0.249757 0.0770835
2.87866 -0.249838 0.0771202
2.87988 -0.249919 0.077157
2.88109 -0.25 0.0771937
2.89237 -0.25075 0.077536
2.90365 -0.251508 0.0778843
2.91493 -0.252274 0.0782386
2.92621 -0.253045 0.0786
2.9375 -0.253821 0.07897
2.94318 -0.254212 0.0791608
2.94885 -0.254605 0.0793512
2.95453 -0.254999 0.0795437
2.96021 -0.255394 0.0797382
2.96557 -0.255768 0.0799241
2.97246 -0.256249 0.080165
2.97934 -0.256731 0.0804087
2.98623 -0.257214 0.0806554
2.99311 -0.257699 0.0809049
3 -0.258186 0.0811574
3.0125 -0.259071 0.0816232
3.025 -0.259959 0.082096
3.0375 -0.260851 0.0825785
3.05 -0.261747 0.0830707
3.0625 -0.262646 0.0835728
3.075 -0.26354 0.0840806
3.0875 -0.264441 0.0845936
3.1 -0.265345 0.0851154
3.1125 -0.266252 0.0856467
3.125 -0.267161 0.0861878
3.1375 -0.26807 0.0867449
3.15 -0.268983 0.0873057
3.1625 -0.269897 0.0878757
3.175 -0.270813 0.088455
3.1875 -0.27173 0.089041
3.2 -0.272633 0.0896304
3.2125 -0.273551 0.0902357
3.225 -0.274468 0.0908473
3.23749 -0.275386 0.0914677
3.25 -0.276307 0.0920973
3.2625 -0.27722 0.0927294
3.275 -0.278139 0.0933832
3.2875 -0.27906 0.094046
3.29999 -0.279982 0.0947169
3.3125 -0.2809 0.0953918
3.325 -0.281798 0.0960518
3.3375 -0.282713 0.0967503
3.34999 -0.283632 0.0974668
3.36249 -0.28455 0.0981921
3.375 -0.285464 0.0989128
3.3875 -0.286364 0.0996081
3.4 -0.287274 0.100352
3.41249 -0.28819 0.10113
3.42498 -0.289104 0.101919
3.4375 -0.290006 0.102686
3.45 -0.290888 0.103416
3.4625 -0.291784 0.104205
3.47499 -0.292688 0.105039
3.48748 -0.293587 0.105877
3.5 -0.294475 0.106689
3.5125 -0.295343 0.10745
3.52499 -0.296223 0.108284
3.53749 -0.297104 0.109147
3.54998 -0.297979 0.110015
3.5625 -0.298849 0.110877
3.575 -0.299701 0.11168
3.58749 -0.300561 0.112563
3.59999 -0.301417 0.113452
3.61248 -0.302266 0.114344
3.625 -0.303111 0.11524
3.6375 -0.303934 0.116076
3.64999 -0.304766 0.116979
3.66249 -0.30559 0.117883
3.67499 -0.306407 0.118789
3.6875 -0.30722 0.119701
3.7 -0.308023 0.12058
3.7125 -0.308823 0.121498
3.72499 -0.309618 0.12242
3.73749 -0.310404 0.123343
3.75 -0.311184 0.124269
3.75427 -0.311447 0.124583
3.75854 -0.31171 0.1249
3.76281 -0.311972 0.125217
3.76708 -0.312233 0.125534
3.77146 -0.3125 0.12586
3.77967 -0.312998 0.126471
3.78788 -0.313494 0.127084
3.79608 -0.313989 0.127699
3.80429 -0.314481 0.128316
3.8125 -0.314973 0.128937
3.825 -0.315715 0.129891
3.8375 -0.316458 0.130849
3.85 -0.317196 0.131812
3.8625 -0.317928 0.132779
3.875 -0.318656 0.133751
3.8875 -0.319371 0.134727
3.9 -0.320088 0.135713
3.9125 -0.320798 0.136702
3.925 -0.321501 0.137696
3.9375 -0.322197 0.138693
3.94652 -0.322689 0.139417
3.95555 -0.323183 0.140144
3.96457 -0.323673 0.140872
3.97359 -0.32416 0.141601
3.98239 -0.32463 0.142314
3.98591 -0.324817 0.1426
3.98943 -0.325003 0.142886
3.99295 -0.325189 0.143172
3.99648 -0.325374 0.143458
4 -0.325558 0.143744
4.0125 -0.326207 0.14476
4.025 -0.326851 0.145777
4.0375 -0.327487 0.146795
4.05 -0.328116 0.147815
4.0625 -0.328737 0.148835
4.075 -0.329347 0.149851
4.0875 -0.329953 0.150879
4.1 -0.330551 0.151908
4.1125 -0.331141 0.152939
4.125 -0.331724 0.153971
4.1375 -0.332271 0.154988
4.15 -0.332837 0.15603
4.16249 -0.333395 0.157073
4.17499 -0.333946 0.158119
4.1875 -0.334489 0.159162
4.2 -0.335022 0.16018
4.2125 -0.335547 0.161229
4.22499 -0.336065 0.162295
4.23749 -0.336575 0.163363
4.25 -0.337058 0.164413
4.2625 -0.337504 0.165431
4.275 -0.337964 0.166488
4.28749 -0.338439 0.167581
4.29998 -0.338906 0.168676
4.3125 -0.339368 0.169736
4.325 -0.339822 0.170756
4.3375 -0.340262 0.17182
4.34999 -0.340688 0.17293
4.36248 -0.341096 0.17404
4.375 -0.34147 0.175106
4.3875 -0.341811 0.176126
4.4 -0.342163 0.177198
4.41249 -0.34253 0.178324
4.42498 -0.342891 0.179449
4.4375 -0.343254 0.180526
4.45 -0.343615 0.181549
4.4625 -0.343954 0.18263
4.47499 -0.344274 0.183756
4.48748 -0.344585 0.184876
4.5 -0.344876 0.185959
4.5125 -0.345142 0.186983
4.52499 -0.345416 0.188071
4.53749 -0.345688 0.189183
4.54998 -0.345951 0.190289
4.5625 -0.346208 0.19138
4.575 -0.346472 0.192407
4.58749 -0.346707 0.193501
4.59999 -0.346933 0.194586
4.61249 -0.347151 0.195667
4.625 -0.34736 0.196744
4.6375 -0.347553 0.197772
4.65 -0.347745 0.19884
4.66249 -0.347929 0.199904
4.67499 -0.348104 0.200964
4.6875 -0.348272 0.202016
4.69406 -0.348358 0.202556
4.70062 -0.34844 0.203102
4.70719 -0.348519 0.203646
4.71375 -0.348596 0.204188
4.72017 -0.348669 0.204716
4.72614 -0.348736 0.205206
4.7321 -0.3488 0.205695
4.73807 -0.348862 0.206185
4.74403 -0.348922 0.206676
4.75 -0.348979 0.207167
4.7625 -0.3491 0.208188
4.775 -0.349208 0.209218
4.7875 -0.349306 0.210251
4.8 -0.349394 0.211284
4.8125 -0.349474 0.212317
4.825 -0.349543 0.213312
4.8375 -0.349604 0.214342
4.84999 -0.349655 0.215371
4.86249 -0.349697 0.216401
4.875 -0.349729 0.217434
4.8875 -0.349778 0.21842
4.9 -0.349793 0.219447
4.91249 -0.349795 0.220481
4.92499 -0.349788 0.221516
4.9375 -0.349772 0.222531
4.95 -0.34975 0.223482
4.9625 -0.349715 0.224486
4.97499 -0.349669 0.225519
4.98748 -0.349612 0.226553
5 -0.349568 0.227554
5.0125 -0.349548 0.228502
5.025 -0.349489 0.229493
5.03749 -0.349392 0.230528
5.04998 -0.349285 0.231561
5.0625 -0.349178 0.232532
5.075 -0.349071 0.23344
5.0875 -0.34895 0.234401
5.09999 -0.348812 0.235419
5.11248 -0.348669 0.236434
5.125 -0.348554 0.237397
5.1375 -0.348468 0.238305
5.15 -0.348339 0.239257
5.16249 -0.348167 0.240256
5.17498 -0.347984 0.24125
5.1875 -0.347806 0.242182
5.2 -0.347632 0.243052
5.2125 -0.347439 0.243974
5.22499 -0.347228 0.244943
5.23748 -0.347011 0.245903
5.25 -0.346816 0.24682
5.2625 -0.346651 0.247682
5.275 -0.346439 0.248587
5.28749 -0.346199 0.249512
5.29999 -0.345953 0.250428
5.3125 -0.345706 0.251317
5.325 -0.345468 0.252146
5.3375 -0.345207 0.253026
5.34999 -0.344938 0.25391
5.36249 -0.344664 0.254786
5.375 -0.344384 0.255654
5.3875 -0.344139 0.256466
5.4 -0.343849 0.257316
5.41249 -0.343554 0.258156
5.42499 -0.343255 0.258987
5.4375 -0.342951 0.259813
5.45 -0.342651 0.260598
5.4625 -0.342337 0.261407
5.475 -0.342017 0.262211
5.4875 -0.341692 0.263006
5.5 -0.341364 0.263792
5.51131 -0.341073 0.264483
5.52262 -0.340769 0.265178
5.53393 -0.340461 0.265867
5.54524 -0.340149 0.266548
5.55692 -0.339823 0.267246
5.55804 -0.339792 0.267312
5.55915 -0.33976 0.267378
5.56027 -0.339729 0.267444
5.56138 -0.339697 0.26751
5.5625 -0.339666 0.267576
5.575 -0.339311 0.268315
5.5875 -0.338949 0.269052
5.6 -0.338582 0.269785
5.6125 -0.338209 0.270514
5.625 -0.337831 0.271237
5.6375 -0.337453 0.271945
5.65 -0.337065 0.272658
5.6625 -0.336672 0.273365
5.675 -0.336273 0.274068
5.6875 -0.335869 0.274767
5.7 -0.335474 0.27545
5.7125 -0.335059 0.276142
5.725 -0.334639 0.27683
5.7375 -0.334213 0.277513
5.75 -0.333783 0.278191
5.7625 -0.333364 0.278837
5.775 -0.332924 0.279505
5.7875 -0.332479 0.280168
5.79999 -0.332029 0.280825
5.8125 -0.331576 0.281477
5.825 -0.331145 0.282102
5.8375 -0.330685 0.282742
5.85 -0.330216 0.283382
5.86249 -0.329742 0.284016
5.875 -0.329269 0.284636
5.8875 -0.328813 0.28522
5.9 -0.328333 0.285828
5.9125 -0.327845 0.286438
5.92499 -0.327354 0.287039
5.9375 -0.326866 0.287629
5.95 -0.326399 0.288192
5.9625 -0.325903 0.28877
5.975 -0.325403 0.289343
5.98749 -0.324899 0.289908
6 -0.324393 0.290465
6.0125 -0.323904 0.29099
6.025 -0.323393 0.291534
6.0375 -0.322879 0.29207
6.05 -0.322364 0.292599
6.0625 -0.321846 0.293121
6.075 -0.321346 0.29362
6.0875 -0.320825 0.294128
6.1 -0.320302 0.294629
6.1125 -0.319776 0.295123
6.125 -0.319249 0.29561
6.1375 -0.31873 0.296075
6.15 -0.318199 0.296548
6.1625 -0.317665 0.297014
6.175 -0.31713 0.297472
6.1875 -0.316593 0.297924
6.2 -0.316064 0.298362
6.2125 -0.315524 0.2988
6.225 -0.314983 0.299232
6.2375 -0.314441 0.299656
6.25 -0.313898 0.300074
6.25643 -0.313618 0.300284
6.26287 -0.313337 0.300493
6.2693 -0.313055 0.300701
6.27573 -0.312773 0.300906
6.28196 -0.3125 0.301103
6.28807 -0.312232 0.301295
6.29418 -0.311962 0.301486
6.30028 -0.311693 0.301674
6.30639 -0.311422 0.301862
6.3125 -0.311151 0.302047
6.325 -0.310599 0.302423
6.3375 -0.31004 0.302793
6.35 -0.30948 0.303157
6.3625 -0.308916 0.303515
6.375 -0.308349 0.303866
6.3875 -0.307792 0.304204
6.4 -0.30722 0.304542
6.4125 -0.306644 0.304873
6.425 -0.306066 0.305198
6.4375 -0.305485 0.305517
6.45 -0.304918 0.305821
6.4625 -0.304332 0.306127
6.475 -0.303745 0.306426
6.4875 -0.303154 0.30672
6.5 -0.302561 0.307007
6.5125 -0.301995 0.307274
6.525 -0.301398 0.307547
6.5375 -0.300797 0.307815
6.55 -0.300194 0.308076
6.5625 -0.299589 0.308332
6.575 -0.29901 0.308568
6.5875 -0.298403 0.30881
6.6 -0.297791 0.309046
6.6125 -0.297177 0.309277
6.625 -0.296569 0.309498
6.6375 -0.295996 0.309697
6.65 -0.295388 0.309904
6.6625 -0.294765 0.310109
6.67499 -0.294141 0.310309
6.6875 -0.293526 0.310498
6.7 -0.292939 0.310671
6.7125 -0.292324 0.310846
6.725 -0.291694 0.31102
6.73749 -0.291064 0.311188
6.75 -0.290451 0.311343
6.7625 -0.289873 0.311479
6.775 -0.28926 0.311621
6.7875 -0.28863 0.311763
6.79999 -0.288 0.311898
6.8125 -0.287381 0.312024
6.825 -0.286789 0.312137
6.8375 -0.28617 0.31225
6.85 -0.285539 0.31236
6.86249 -0.284908 0.312465
6.875 -0.284291 0.31256
6.8875 -0.283708 0.312637
6.9 -0.283091 0.31272
6.9125 -0.282461 0.312801
6.92499 -0.28183 0.312876
6.9375 -0.281209 0.312943
6.95 -0.280614 0.312999
6.9625 -0.279993 0.313054
6.975 -0.279363 0.313106
6.9875 -0.278732 0.313152
7 -0.278113 0.313189
7.0125 -0.277528 0.313212
7.025 -0.27691 0.313239
7.0375 -0.27628 0.313262
7.04999 -0.275651 0.313281
7.0625 -0.27503 0.313293
7.075 -0.274435 0.313295
7.0875 -0.273814 0.313296
7.1 -0.273185 0.313292
7.1125 -0.272556 0.313284
7.125 -0.271938 0.313268
7.1375 -0.271353 0.313239
7.15 -0.270735 0.313212
7.1625 -0.270107 0.313182
7.17499 -0.269479 0.313148
7.1875 -0.26886 0.313107
7.2 -0.268267 0.313059
7.2125 -0.267649 0.313008
7.225 -0.267022 0.312953
7.2375 -0.266396 0.312893
7.25 -0.265781 0.312826
7.2625 -0.265198 0.312748
7.275 -0.264585 0.312671
7.2875 -0.263967 0.31259
7.3 -0.263351 0.312504
7.3125 -0.262739 0.312413
7.325 -0.262151 0.312316
7.3375 -0.261541 0.312215
7.35 -0.260933 0.312108
7.3625 -0.260327 0.311997
7.375 -0.259724 0.311882
7.3875 -0.259145 0.311757
7.4 -0.258545 0.311631
7.4125 -0.257948 0.311501
7.425 -0.257353 0.311366
7.4375 -0.256759 0.311227
7.45 -0.25618 0.311082
7.4625 -0.255591 0.310932
7.475 -0.255003 0.310778
7.4875 -0.254418 0.310619
7.5 -0.253834 0.310456
7.5125 -0.253262 0.310287
7.525 -0.252683 0.310115
7.5375 -0.252107 0.309938
7.55 -0.251533 0.309757
7.5625 -0.250961 0.309572
7.56672 -0.250769 0.309508
7.57095 -0.250576 0.309443
7.57517 -0.250384 0.309378
7.5794 -0.250192 0.309312
7.58361 -0.25 0.309245
7.59189 -0.249624 0.309114
7.60017 -0.249249 0.308981
7.60845 -0.248874 0.308846
7.61672 -0.248499 0.308709
7.625 -0.248124 0.30857
7.6375 -0.247562 0.308358
7.65 -0.246997 0.308141
7.6625 -0.246433 0.307919
7.675 -0.245869 0.307693
7.6875 -0.245306 0.307462
7.7 -0.244752 0.307226
7.7125 -0.24419 0.306986
7.725 -0.243628 0.306741
7.7375 -0.243067 0.306492
7.75 -0.242507 0.306238
7.7625 -0.24196 0.305981
7.775 -0.241402 0.305718
7.7875 -0.240845 0.305449
7.8 -0.240289 0.305176
7.8125 -0.239734 0.304897
7.825 -0.239199 0.304615
7.8375 -0.238646 0.304327
7.85 -0.238094 0.304034
7.8625 -0.237545 0.303736
7.875 -0.236996 0.303432
7.8875 -0.236471 0.303127
7.9 -0.235931 0.30281
7.9125 -0.235391 0.302486
7.925 -0.234853 0.302154
7.9375 -0.234321 0.301817
7.95 -0.233812 0.301477
7.9625 -0.23329 0.301133
7.975 -0.23277 0.300782
7.9875 -0.232255 0.300425
8 -0.231751 0.300063
8.025 -0.230791 0.299334
8.05 -0.229864 0.298586
8.075 -0.228971 0.297819
8.1 -0.228112 0.297034
8.125 -0.227288 0.296232
8.15 -0.226568 0.295458
8.175 -0.225793 0.294654
8.2 -0.225063 0.293842
8.225 -0.224379 0.293021
8.25 -0.223739 0.292194
8.26541 -0.223395 0.291693
8.28083 -0.223064 0.291191
8.29624 -0.222748 0.290688
8.31165 -0.222447 0.290183
8.3269 -0.222165 0.289682
8.36152 -0.221556 0.288541
8.39614 -0.221048 0.287405
8.43076 -0.220639 0.286273
8.46539 -0.22033 0.285148
8.5 -0.220119 0.284056
8.55 -0.219834 0.282643
8.6 -0.21959 0.281092
8.64999 -0.219364 0.279502
8.69999 -0.219154 0.277875
8.75 -0.218971 0.276225
8.8 -0.218892 0.274694
8.84999 -0.218755 0.272963
8.89999 -0.218639 0.27122
8.94998 -0.218544 0.269464
9 -0.21847 0.267695
9.1 -0.218161 0.264669
9.2 -0.21797 0.261722
9.30001 -0.217868 0.258888
9.40002 -0.21727 0.256303
9.5 -0.216878 0.254063
9.6 -0.216905 0.252435
9.69998 -0.216194 0.250156
9.79997 -0.215278 0.247758
9.89995 -0.214423 0.245508
10 -0.213566 0.243425
10.2 -0.212515 0.240843
10.4 -0.211619 0.238605
10.6 -0.211003 0.236865
10.8 -0.210654 0.235603
11 -0.210389 0.234568
11.0541 -0.210341 0.234343
11.1082 -0.210288 0.234116
11.1623 -0.210238 0.233893
11.2163 -0.21019 0.233673
11.2707 -0.210145 0.233456
11.4166 -0.210032 0.232885
11.5624 -0.209953 0.232326
11.7083 -0.20991 0.231782
11.8541 -0.209902 0.231251
12 -0.209931 0.230731
12.2 -0.209809 0.230113
12.4 -0.209907 0.229423
12.6 -0.210032 0.228751
12.8 -0.210184 0.228098
13 -0.210355 0.227466
13.2 -0.210233 0.226971
13.4 -0.210413 0.226365
13.6 -0.210613 0.225769
13.8 -0.210817 0.22519
14 -0.211011 0.224634
14.2 -0.210905 0.224207
14.4 -0.211112 0.223671
14.6 -0.21132 0.223126
14.8 -0.211523 0.222588
15 -0.211707 0.222063
-1.001 -0.05 0.158995
-1.00079 -0.0500005 0.158995
-1.00059 -0.050001 0.158996
-1.00038 -0.0500015 0.158996
-1.00017 -0.050002 0.158997
-0.999963 -0.0500025 0.158997
-0.987461 -0.0500327 0.159025
-0.974959 -0.0500659 0.159053
-0.962457 -0.0500999 0.159082
-0.949955 -0.0501348 0.159111
-0.937453 -0.0501704 0.15914
-0.924949 -0.0502038 0.159169
-0.912445 -0.0502395 0.159199
-0.899941 -0.0502766 0.159228
-0.887437 -0.0503152 0.159258
-0.874934 -0.0503553 0.159287
-0.862428 -0.0503945 0.159317
-0.849922 -0.050436 0.159346
-0.837416 -0.0504798 0.159376
-0.82491 -0.0505257 0.159405
-0.812404 -0.0505739 0.159433
-0.799895 -0.050622 0.159462
-0.787386 -0.0506729 0.15949
-0.774877 -0.0507268 0.159517
-0.762368 -0.0507839 0.159543
-0.749859 -0.050844 0.159569
-0.737347 -0.0509048 0.159593
-0.724834 -0.050969 0.159617
-0.712322 -0.0510376 0.159638
-0.699809 -0.0511107 0.159658
-0.687297 -0.0511883 0.159677
-0.674783 -0.0512674 0.159693
-0.662269 -0.0513514 0.159707
-0.649755 -0.0514423 0.159717
-0.637241 -0.0515398 0.159725
-0.624727 -0.0516439 0.159729
-0.612235 -0.0517511 0.15973
-0.599744 -0.0518654 0.159725
-0.587252 -0.0519901 0.159714
-0.574761 -0.0521252 0.159698
-0.562268 -0.0522719 0.159675
-0.549727 -0.0524245 0.159646
-0.537186 -0.0525908 0.159605
-0.524646 -0.0527772 0.159552
-0.512106 -0.0529826 0.159488
-0.499564 -0.0532059 0.159412
-0.486997 -0.0534425 0.159324
-0.474431 -0.0537032 0.15921
-0.461866 -0.0539956 0.159077
-0.449302 -0.0543259 0.158922
-0.436731 -0.0546989 0.158743
-0.430591 -0.0548937 0.158632
-0.424451 -0.0550977 0.15851
-0.418312 -0.0553135 0.158379
-0.412174 -0.0555412 0.158237
-0.40603 -0.0557809 0.158086
-0.399814 -0.0560351 0.157922
-0.393599 -0.056313 0.157736
-0.387386 -0.0566283 0.157536
-0.381177 -0.0569815 0.157321
-0.374945 -0.0573747 0.15709
-0.371622 -0.0576048 0.156959
-0.3683 -0.0578483 0.156822
-0.36498 -0.0581052 0.15668
-0.361661 -0.0583756 0.156534
-0.359613 -0.0585508 0.15644
-0.356432 -0.0588311 0.156292
-0.353253 -0.0591238 0.156139
-0.350075 -0.0594289 0.155981
-0.346898 -0.0597466 0.155819
-0.343707 -0.0600785 0.155651
-0.338739 -0.0606125 0.155378
-0.333778 -0.0611958 0.155084
-0.328824 -0.0618304 0.154779
-0.323878 -0.062515 0.154462
-0.322464 -0.0627252 0.154367
-0.320514 -0.0630207 0.154235
-0.318566 -0.0633237 0.154102
-0.316619 -0.0636344 0.153966
-0.314674 -0.0639526 0.153828
-0.312716 -0.0642805 0.153688
-0.306457 -0.0653515 0.15323
-0.300217 -0.0665187 0.152758
-0.294 -0.0677973 0.152259
-0.287807 -0.0691867 0.151763
-0.281402 -0.0707398 0.151275
-0.27825 -0.0715427 0.151049
-0.275098 -0.0723472 0.150839
-0.271946 -0.073156 0.150642
-0.268797 -0.0739754 0.150456
-0.265645 -0.0748183 0.150275
-0.262752 -0.0756162 0.150113
-0.25986 -0.0764219 0.149968
-0.25697 -0.0772337 0.149838
-0.254079 -0.0780482 0.149723
-0.25138 -0.0788104 0.149632
-0.25105 -0.0789036 0.149623
-0.25072 -0.0789968 0.149614
-0.250391 -0.0790901 0.149605
-0.250061 -0.0791833 0.149596
-0.249731 -0.0792765 0.149587
-0.246496 -0.0801915 0.149504
-0.243256 -0.0810929 0.149444
-0.240012 -0.0819802 0.149409
-0.236765 -0.0828584 0.149396
-0.233547 -0.0837263 0.149404
-0.230416 -0.0845629 0.149433
-0.227273 -0.0853533 0.149487
-0.224119 -0.0860985 0.149566
-0.220959 -0.0868105 0.149664
-0.217885 -0.0874935 0.149772
-0.214793 -0.0881687 0.149892
-0.211695 -0.0888089 0.150037
-0.208591 -0.0894158 0.150201
-0.20548 -0.089979 0.150377
-0.202402 -0.0904875 0.150561
-0.199494 -0.0908814 0.150754
-0.196586 -0.0912672 0.150956
-0.193674 -0.0916189 0.151158
-0.190758 -0.0919365 0.15136
-0.187867 -0.0922174 0.151563
-0.184789 -0.0924644 0.151781
-0.181709 -0.09269 0.151995
-0.178627 -0.0928913 0.152201
-0.175543 -0.0930705 0.152397
-0.172479 -0.0932264 0.152582
-0.169351 -0.0933557 0.152761
-0.166221 -0.0934757 0.152924
-0.163091 -0.0935833 0.153074
-0.159959 -0.0936783 0.153211
-0.156845 -0.0937603 0.153335
-0.153845 -0.0938144 0.153446
-0.150843 -0.0938646 0.153534
-0.147841 -0.0939082 0.15361
-0.144839 -0.0939449 0.153674
-0.141846 -0.0939746 0.153727
-0.13882 -0.0940008 0.153778
-0.135793 -0.0940286 0.153812
-0.132766 -0.0940599 0.153842
-0.129739 -0.0940946 0.153867
-0.126714 -0.0941328 0.153886
-0.123663 -0.0941711 0.153908
-0.120612 -0.0942107 0.153916
-0.117561 -0.0942498 0.153917
-0.11451 -0.0942884 0.153913
-0.111458 -0.0943266 0.153903
-0.108355 -0.0943669 0.15389
-0.105252 -0.094412 0.153869
-0.10215 -0.0944638 0.153846
-0.0990471 -0.0945225 0.15382
-0.0959418 -0.094588 0.153792
-0.0957983 -0.0945914 0.153791
-0.0956549 -0.0945947 0.153789
-0.0955115 -0.094598 0.153788
-0.0953681 -0.0946013 0.153786
-0.0952253 -0.0946046 0.153785
-0.0890611 -0.0947476 0.15372
-0.0828976 -0.0949098 0.15364
-0.0767348 -0.0950897 0.153543
-0.0705728 -0.0952875 0.153432
-0.064398 -0.0955042 0.153308
-0.0579278 -0.0957476 0.153163
-0.0514585 -0.0960022 0.153001
-0.04499 -0.0962692 0.152824
-0.0385224 -0.0965487 0.152633
-0.0320459 -0.0968413 0.152433
-0.0255932 -0.0971426 0.15222
-0.0191415 -0.0974534 0.151992
-0.0126905 -0.0977724 0.151754
-0.00624046 -0.0981025 0.151508
0.000215458 -0.098448 0.151257
0.00631082 -0.0987784 0.151018
0.0124041 -0.0991275 0.150756
0.0184965 -0.0994905 0.15049
0.0245877 -0.0998698 0.150221
0.0306963 -0.100269 0.149947
0.0372283 -0.100697 0.149663
0.0437568 -0.10115 0.14934
0.0502841 -0.101617 0.149012
0.0568097 -0.102103 0.14868
0.0633511 -0.102613 0.148337
0.0696621 -0.103109 0.14802
0.0759679 -0.103637 0.147656
0.082271 -0.104191 0.147282
0.0885703 -0.104779 0.146898
0.0948973 -0.105392 0.146506
0.101121 -0.106004 0.146138
0.10734 -0.106643 0.145719
0.113553 -0.107304 0.14527
0.119763 -0.107994 0.144807
0.126007 -0.10868 0.144318
0.132255 -0.109348 0.143807
0.138495 -0.110063 0.143266
0.144727 -0.110828 0.142697
0.150955 -0.111606 0.142105
0.157238 -0.112392 0.141489
0.159626 -0.112691 0.141248
0.162013 -0.112992 0.141005
0.164401 -0.113289 0.140759
0.166789 -0.113585 0.140511
0.168949 -0.113849 0.140284
0.169703 -0.11394 0.140204
0.170456 -0.114032 0.140124
0.171209 -0.114122 0.140044
0.171962 -0.114213 0.139964
0.172716 -0.114304 0.139883
0.175777 -0.114669 0.139554
0.178839 -0.115024 0.139221
0.181901 -0.115369 0.138883
0.184965 -0.115704 0.138541
0.188022 -0.116028 0.138199
0.191066 -0.116337 0.137856
0.19411 -0.11664 0.137514
0.197155 -0.116933 0.13717
0.200201 -0.117215 0.136825
0.20324 -0.117482 0.136478
0.206299 -0.117736 0.136119
0.20936 -0.117979 0.135769
0.212423 -0.118211 0.135425
0.215486 -0.118433 0.135081
0.218536 -0.118642 0.134734
0.221612 -0.11884 0.134378
0.224688 -0.119034 0.134027
0.227765 -0.119223 0.13368
0.230843 -0.119404 0.133331
0.233914 -0.119576 0.132978
0.237063 -0.11974 0.13261
0.240214 -0.119898 0.132249
0.243366 -0.120048 0.131891
0.246518 -0.120191 0.131532
0.249661 -0.120326 0.13117
0.25596 -0.120576 0.130425
0.262259 -0.1208 0.129673
0.268558 -0.121006 0.128917
0.274857 -0.121194 0.128159
0.281156 -0.121365 0.127397
0.282696 -0.121402 0.127201
0.284235 -0.121437 0.127009
0.285775 -0.121471 0.126816
0.287314 -0.121504 0.126623
0.288939 -0.121539 0.126419
0.293709 -0.121636 0.125819
0.298482 -0.121727 0.125227
0.303255 -0.121811 0.124643
0.308028 -0.121886 0.124058
0.312793 -0.121951 0.123475
0.317591 -0.122005 0.122884
0.32239 -0.122056 0.122301
0.327189 -0.1221 0.121719
0.331988 -0.122137 0.121137
0.33867 -0.122178 0.120326
0.339801 -0.122183 0.120189
0.340933 -0.122187 0.120051
0.342064 -0.122191 0.119914
0.343195 -0.122194 0.119777
0.344326 -0.122197 0.119639
0.35059 -0.122211 0.118878
0.356853 -0.122215 0.118107
0.363116 -0.12221 0.117331
0.369379 -0.122199 0.116566
0.375647 -0.122186 0.115818
0.381933 -0.12217 0.115091
0.38822 -0.122151 0.114375
0.394508 -0.122128 0.11367
0.400798 -0.122103 0.112978
0.407076 -0.122075 0.112301
0.412568 -0.122048 0.111719
0.41806 -0.122022 0.11115
0.423554 -0.121995 0.110591
0.429049 -0.121968 0.110042
0.433777 -0.121943 0.109577
0.434709 -0.121937 0.109487
0.435642 -0.121932 0.109397
0.436575 -0.121926 0.109307
0.437507 -0.121921 0.109217
0.43844 -0.121915 0.109127
0.444673 -0.121877 0.10853
0.450906 -0.121835 0.107943
0.457141 -0.121791 0.107366
0.463377 -0.121745 0.106799
0.469605 -0.121698 0.106246
0.475861 -0.121658 0.105704
0.482118 -0.121619 0.105173
0.488377 -0.121577 0.104653
0.494636 -0.121533 0.104146
0.500887 -0.121488 0.10365
0.507145 -0.121437 0.103171
0.513404 -0.121385 0.102708
0.519661 -0.121309 0.102235
0.525919 -0.121219 0.101759
0.532177 -0.121125 0.101289
0.535295 -0.121078 0.101059
0.538413 -0.121027 0.100824
0.541532 -0.120974 0.100589
0.54465 -0.120919 0.100352
0.54777 -0.120862 0.100113
0.550852 -0.120806 0.0998799
0.553934 -0.120749 0.0996508
0.557017 -0.120694 0.0994283
0.5601 -0.120641 0.0992124
0.56318 -0.120589 0.0990021
0.569354 -0.120494 0.0985973
0.575527 -0.120399 0.0982008
0.581702 -0.120304 0.0978124
0.587877 -0.120209 0.097432
0.594047 -0.120115 0.09706
0.600247 -0.120042 0.096682
0.606447 -0.119944 0.0963145
0.612648 -0.119842 0.0959492
0.618848 -0.119737 0.0955861
0.625047 -0.119628 0.0952251
0.626821 -0.119595 0.0951239
0.628595 -0.119562 0.0950225
0.630369 -0.119529 0.0949214
0.632143 -0.119496 0.0948205
0.633927 -0.119462 0.0947194
0.638354 -0.119377 0.0944691
0.64278 -0.119293 0.0942224
0.647207 -0.119209 0.0939793
0.651635 -0.119126 0.0937398
0.65606 -0.119042 0.0935027
0.662264 -0.118922 0.093178
0.668468 -0.118804 0.0928577
0.674672 -0.118686 0.0925407
0.680877 -0.118567 0.0922269
0.687079 -0.118448 0.0919165
0.693328 -0.118314 0.0915948
0.699579 -0.118193 0.0912917
0.705829 -0.118073 0.0909928
0.71208 -0.117954 0.0906981
0.718324 -0.117835 0.0904077
0.724599 -0.11771 0.0901248
0.730874 -0.11759 0.08984
0.737149 -0.11747 0.0895571
0.743424 -0.117349 0.0892759
0.749699 -0.117227 0.0889972
0.755997 -0.117086 0.0887081
0.762295 -0.116961 0.0884307
0.768593 -0.116838 0.0881569
0.774891 -0.116716 0.0878855
0.781186 -0.116593 0.0876187
0.787474 -0.116465 0.087365
0.793762 -0.116341 0.087101
0.80005 -0.116217 0.0868354
0.806338 -0.116093 0.0865715
0.812628 -0.115964 0.0863103
0.818884 -0.115824 0.0860558
0.82514 -0.115694 0.0857983
0.831397 -0.115569 0.085541
0.837653 -0.115445 0.0852862
0.843908 -0.115321 0.0850402
0.850166 -0.115197 0.0848148
0.856423 -0.115072 0.0845746
0.86268 -0.114946 0.084329
0.868937 -0.11482 0.0840851
0.875197 -0.114701 0.0838572
0.881464 -0.114595 0.0836586
0.88773 -0.114477 0.0834368
0.893996 -0.114352 0.0832028
0.900262 -0.114228 0.0829717
0.906533 -0.114109 0.0827568
0.91281 -0.113999 0.0825671
0.919086 -0.113883 0.0823618
0.925361 -0.113765 0.0821469
0.931637 -0.11365 0.0819372
0.937916 -0.113551 0.0817589
0.944175 -0.113477 0.081624
0.950434 -0.113387 0.0814611
0.956692 -0.113284 0.0812783
0.96295 -0.113185 0.0811011
0.969213 -0.1131 0.0809482
0.97549 -0.11303 0.0808243
0.981767 -0.112956 0.0806898
0.988044 -0.112878 0.0805467
0.99432 -0.112807 0.0804115
1.0006 -0.112768 0.0803195
1.00691 -0.112766 0.080277
1.01323 -0.112745 0.0802071
1.01954 -0.112708 0.0801132
1.02585 -0.11268 0.0800278
1.03217 -0.112678 0.0799709
1.03848 -0.112703 0.0799439
1.0448 -0.112728 0.0799145
1.05111 -0.112752 0.0798827
1.05743 -0.112792 0.0798624
1.06374 -0.112889 0.0798986
1.07004 -0.113048 0.0799944
1.07633 -0.113186 0.080061
1.08262 -0.113308 0.0801026
1.08892 -0.113453 0.0801583
1.09521 -0.113642 0.0802416
1.10144 -0.113877 0.0803541
1.10767 -0.114128 0.0804705
1.1139 -0.114401 0.0805916
1.12013 -0.114709 0.0807282
1.12637 -0.115098 0.0809162
1.13252 -0.115586 0.0811701
1.13868 -0.116064 0.0813827
1.14483 -0.116568 0.0815891
1.15098 -0.117131 0.0818151
1.15713 -0.117755 0.0820521
1.16328 -0.118473 0.0823074
1.16942 -0.119239 0.0825661
1.17555 -0.120065 0.0828327
1.18166 -0.120971 0.0831323
1.18786 -0.121973 0.0834704
1.19094 -0.122548 0.0836771
1.19403 -0.12312 0.0838698
1.1971 -0.123721 0.0840839
1.20017 -0.124352 0.0843198
1.2025 -0.124848 0.0845107
1.2058 -0.125554 0.0847828
1.2091 -0.126265 0.0850508
1.21239 -0.126979 0.0853147
1.21569 -0.127703 0.0855707
1.21899 -0.128439 0.0858179
1.22523 -0.129844 0.0862934
1.23147 -0.131257 0.0867862
1.23769 -0.132726 0.0873229
1.2439 -0.134201 0.0878923
1.25019 -0.135649 0.088488
1.25643 -0.137154 0.0891873
1.2627 -0.138545 0.0898323
1.26896 -0.139915 0.0905253
1.27524 -0.141254 0.091237
1.28138 -0.142533 0.0919234
1.28443 -0.143156 0.0922646
1.28747 -0.143775 0.0926015
1.29052 -0.144385 0.0929379
1.29357 -0.144986 0.0932737
1.2966 -0.145578 0.0936094
1.29765 -0.14578 0.0937273
1.29869 -0.145981 0.0938441
1.29973 -0.146181 0.0939608
1.30078 -0.14638 0.0940773
1.30187 -0.146586 0.0941987
1.30385 -0.146961 0.0944199
1.30584 -0.147331 0.0946409
1.30783 -0.147699 0.0948622
1.30982 -0.148062 0.0950839
1.31181 -0.148421 0.0953053
1.31487 -0.148975 0.0956484
1.31793 -0.14952 0.0959884
1.321 -0.150058 0.0963263
1.32407 -0.150593 0.0966648
1.32712 -0.151123 0.0970028
1.3302 -0.151656 0.0973455
1.33327 -0.152176 0.0976777
1.33635 -0.152689 0.0980052
1.33944 -0.153198 0.0983289
1.34249 -0.153697 0.0986467
1.34571 -0.154231 0.0989816
1.34893 -0.154761 0.0993081
1.35216 -0.155287 0.0996303
1.35538 -0.155811 0.0999501
1.3588 -0.156364 0.100287
1.36171 -0.156832 0.100572
1.36463 -0.157296 0.100854
1.36754 -0.157757 0.101134
1.37045 -0.158213 0.101412
1.37336 -0.158664 0.101688
1.37974 -0.159656 0.102291
1.38613 -0.160632 0.102884
1.39252 -0.161597 0.103463
1.39892 -0.16256 0.104034
1.40528 -0.163515 0.1046
1.41163 -0.16449 0.105184
1.41798 -0.165424 0.105748
1.42434 -0.166356 0.106305
1.4307 -0.167276 0.106851
1.43702 -0.168183 0.107381
1.4433 -0.169091 0.1079
1.44959 -0.16998 0.108419
1.45588 -0.170852 0.10894
1.46217 -0.171716 0.109457
1.46844 -0.172596 0.109978
1.47468 -0.17349 0.110503
1.48093 -0.17436 0.111019
1.48718 -0.175207 0.111526
1.49343 -0.176048 0.112031
1.49965 -0.176883 0.112521
1.50592 -0.177724 0.113001
1.51218 -0.178562 0.113498
1.51845 -0.179395 0.114005
1.52471 -0.180223 0.114511
1.53098 -0.181042 0.115013
1.53724 -0.181842 0.115491
1.5435 -0.182654 0.115993
1.54976 -0.183459 0.116493
1.55603 -0.184255 0.11699
1.5623 -0.185045 0.117485
1.5651 -0.185392 0.117704
1.5679 -0.18574 0.117926
1.5707 -0.186087 0.118147
1.57351 -0.186431 0.118369
1.57636 -0.18678 0.118594
1.57978 -0.187196 0.118862
1.5832 -0.18761 0.119129
1.58662 -0.188021 0.119395
1.59004 -0.188429 0.11966
1.59346 -0.188835 0.119924
1.59966 -0.189569 0.120398
1.60586 -0.190292 0.120877
1.61206 -0.191007 0.121354
1.61826 -0.191713 0.121827
1.62446 -0.192411 0.122294
1.63066 -0.19311 0.122759
1.63686 -0.193797 0.123228
1.64307 -0.194478 0.123694
1.64927 -0.195151 0.124159
1.65547 -0.195817 0.12462
1.65771 -0.196056 0.124786
1.65996 -0.196293 0.124952
1.6622 -0.19653 0.125118
1.66445 -0.196766 0.125282
1.66677 -0.197009 0.125451
1.67073 -0.197422 0.125738
1.67469 -0.197832 0.126023
1.67866 -0.198238 0.126306
1.68262 -0.198642 0.126592
1.68658 -0.199043 0.12688
1.69281 -0.199671 0.127332
1.69905 -0.200291 0.127793
1.70529 -0.200904 0.128261
1.71153 -0.201507 0.128728
1.71776 -0.202102 0.12919
1.72401 -0.202684 0.129634
1.73025 -0.203255 0.130094
1.7365 -0.20381 0.130543
1.74275 -0.204357 0.130988
1.74899 -0.204897 0.131433
1.76156 -0.205963 0.132251
1.77413 -0.207 0.133024
1.7867 -0.207994 0.13377
1.79928 -0.208955 0.13447
1.81182 -0.209881 0.135094
1.82434 -0.210776 0.135538
1.83685 -0.21166 0.136113
1.84936 -0.212528 0.136702
1.86187 -0.21337 0.137317
1.8744 -0.214185 0.137956
1.88691 -0.214955 0.138506
1.89942 -0.215738 0.139168
1.91193 -0.216503 0.139867
1.92444 -0.217251 0.140594
1.93698 -0.217989 0.141332
1.94949 -0.218658 0.142009
1.962 -0.219366 0.142752
1.9745 -0.22006 0.143505
1.98701 -0.220742 0.144272
1.99954 -0.221412 0.145061
2.01205 -0.222004 0.145758
2.02456 -0.22264 0.146545
2.03707 -0.223265 0.147341
2.04957 -0.223879 0.148142
2.06211 -0.224474 0.148947
2.07463 -0.224984 0.149707
2.08715 -0.225547 0.150504
2.09966 -0.226112 0.151312
2.11218 -0.226668 0.152125
2.12471 -0.227204 0.152918
2.13723 -0.227689 0.153621
2.14974 -0.228201 0.154402
2.16225 -0.22872 0.155213
2.17475 -0.229234 0.156031
2.18729 -0.229712 0.156839
2.1998 -0.23012 0.157616
2.21231 -0.230577 0.15842
2.22482 -0.231059 0.159241
2.23733 -0.231533 0.160065
2.24985 -0.231996 0.160865
2.26236 -0.232442 0.161604
2.27487 -0.232889 0.16241
2.28737 -0.233333 0.163244
2.29987 -0.233774 0.164084
2.3124 -0.2342 0.164926
2.3249 -0.234582 0.165755
2.33741 -0.235 0.166609
2.34991 -0.235427 0.167474
2.36241 -0.235853 0.168347
2.37493 -0.236281 0.169226
2.38743 -0.23673 0.170067
2.39994 -0.237154 0.170971
2.41244 -0.237577 0.171893
2.42493 -0.238002 0.172827
2.43745 -0.238429 0.173774
2.44996 -0.238839 0.174713
2.46246 -0.239269 0.175694
2.47495 -0.239703 0.176688
2.48745 -0.240139 0.1777
2.49997 -0.240576 0.178732
2.51247 -0.241049 0.179739
2.52497 -0.241492 0.180817
2.53746 -0.241937 0.181915
2.54996 -0.242384 0.183034
2.56248 -0.242834 0.184175
2.57498 -0.243285 0.185305
2.58748 -0.243743 0.186495
2.59997 -0.244203 0.187707
2.61246 -0.244664 0.188941
2.62499 -0.245127 0.190201
2.63749 -0.245609 0.191446
2.64998 -0.246075 0.192757
2.66248 -0.246541 0.194091
2.67497 -0.247006 0.195448
2.68749 -0.247472 0.196833
2.69619 -0.247797 0.197797
2.70489 -0.248122 0.19879
2.71359 -0.248445 0.199793
2.72228 -0.248767 0.200808
2.72943 -0.249031 0.201649
2.73354 -0.249183 0.202136
2.73766 -0.249334 0.202627
2.74177 -0.249483 0.203122
2.74588 -0.249632 0.203618
2.75 -0.249779 0.204117
2.75123 -0.249823 0.204267
2.75246 -0.249867 0.204417
2.75369 -0.249911 0.204567
2.75492 -0.249954 0.204718
2.75618 -0.249999 0.204873
2.76745 -0.250395 0.206253
2.77871 -0.250784 0.207648
2.78997 -0.251166 0.20906
2.80122 -0.25154 0.210489
2.8125 -0.251907 0.211936
2.825 -0.252297 0.213549
2.8375 -0.252672 0.215177
2.84999 -0.253034 0.216821
2.86249 -0.253382 0.218484
2.875 -0.253718 0.220167
2.8875 -0.254029 0.221865
2.9 -0.254335 0.223583
2.91249 -0.254626 0.225318
2.92498 -0.254902 0.22707
2.9375 -0.255157 0.228834
2.95 -0.255385 0.230596
2.9625 -0.255598 0.23238
2.97499 -0.255788 0.234173
2.98749 -0.255958 0.235976
3 -0.256111 0.237798
3.0125 -0.256226 0.239621
3.02499 -0.256339 0.241476
3.03749 -0.256433 0.243346
3.04998 -0.256502 0.245221
3.0625 -0.256546 0.247106
3.075 -0.25656 0.248978
3.08749 -0.256557 0.250886
3.09999 -0.256528 0.2528
3.11248 -0.256474 0.254722
3.125 -0.256395 0.256655
3.13514 -0.256297 0.25821
3.14529 -0.256197 0.259798
3.15543 -0.256078 0.261384
3.16557 -0.255942 0.262968
3.17493 -0.255799 0.26443
3.17745 -0.255757 0.264822
3.17996 -0.255713 0.265215
3.18247 -0.255669 0.265607
3.18499 -0.255623 0.266
3.1875 -0.255577 0.266393
3.2 -0.255339 0.268337
3.2125 -0.25508 0.270298
3.22499 -0.254795 0.27226
3.23749 -0.254483 0.274216
3.25 -0.254145 0.276166
3.2625 -0.253787 0.278086
3.275 -0.253396 0.280009
3.2875 -0.25298 0.281922
3.3 -0.252538 0.283825
3.3125 -0.252069 0.285721
3.32294 -0.251655 0.287284
3.33337 -0.251224 0.288852
3.3438 -0.250775 0.290414
3.35424 -0.250307 0.29197
3.36085 -0.25 0.29295
3.36368 -0.249865 0.293368
3.36651 -0.24973 0.293785
3.36934 -0.249592 0.294201
3.37217 -0.249454 0.294617
3.375 -0.249314 0.295032
3.3875 -0.248693 0.296855
3.4 -0.248043 0.298672
3.4125 -0.247366 0.300477
3.425 -0.246663 0.302271
3.4375 -0.245932 0.304059
3.45 -0.245206 0.305794
3.46249 -0.24442 0.307562
3.47498 -0.243606 0.30932
3.48747 -0.242765 0.311066
3.5 -0.241895 0.312805
3.5125 -0.241034 0.314443
3.52499 -0.240114 0.31615
3.53747 -0.239166 0.317845
3.54996 -0.238198 0.319513
3.5625 -0.237211 0.32115
3.57219 -0.236474 0.322339
3.58187 -0.235692 0.323547
3.59155 -0.2349 0.324733
3.60124 -0.2341 0.325898
3.61136 -0.233255 0.327093
3.61409 -0.233025 0.327409
3.61681 -0.232794 0.327724
3.61954 -0.232561 0.328039
3.62227 -0.232328 0.328353
3.625 -0.232093 0.328666
3.6375 -0.231023 0.330087
3.65 -0.229922 0.3315
3.6625 -0.228799 0.332898
3.67499 -0.227655 0.334278
3.6875 -0.226489 0.33564
3.7 -0.225338 0.336921
3.71249 -0.224135 0.338239
3.72498 -0.222912 0.339535
3.73747 -0.221668 0.340813
3.75 -0.220406 0.342071
3.7625 -0.219203 0.343226
3.77499 -0.217924 0.344423
3.78747 -0.216606 0.345621
3.79996 -0.215269 0.346798
3.8125 -0.213937 0.347916
3.825 -0.212648 0.348927
3.83749 -0.211299 0.349984
3.84997 -0.209896 0.351073
3.86245 -0.20848 0.352132
3.875 -0.207097 0.353115
3.8875 -0.205772 0.354002
3.89999 -0.20437 0.354925
3.91247 -0.202934 0.355844
3.92496 -0.201493 0.356729
3.9375 -0.200046 0.357574
3.95 -0.198644 0.358328
3.96249 -0.197187 0.359112
3.97499 -0.195724 0.359862
3.98748 -0.194258 0.360581
4 -0.192786 0.361269
4.00915 -0.191729 0.361731
4.01829 -0.190651 0.362193
4.02743 -0.189572 0.36264
4.03658 -0.188493 0.36307
4.04498 -0.1875 0.363451
4.04849 -0.187085 0.363604
4.05199 -0.18667 0.363755
4.05549 -0.186253 0.363903
4.059 -0.185835 0.364049
4.0625 -0.185416 0.364193
4.075 -0.183931 0.364691
4.0875 -0.182423 0.365167
4.1 -0.180902 0.365615
4.11249 -0.179372 0.366035
4.125 -0.177832 0.366428
4.1375 -0.176326 0.366775
4.14999 -0.174769 0.367113
4.16249 -0.173203 0.367424
4.17498 -0.171627 0.367708
4.1875 -0.170056 0.367957
4.2 -0.168556 0.368146
4.21249 -0.166988 0.368336
4.22498 -0.165376 0.368514
4.23746 -0.163756 0.368666
4.25 -0.162167 0.368778
4.2625 -0.160632 0.368844
4.27499 -0.159044 0.368901
4.28748 -0.157418 0.368943
4.29997 -0.155791 0.368959
4.3125 -0.154203 0.368931
4.325 -0.152683 0.368854
4.33749 -0.151098 0.368776
4.34998 -0.149465 0.36869
4.36246 -0.147831 0.368581
4.375 -0.146226 0.368436
4.3875 -0.144675 0.368253
4.39999 -0.143076 0.368058
4.41248 -0.141456 0.367843
4.42498 -0.139844 0.367604
4.4375 -0.138247 0.367335
4.45 -0.136714 0.367023
4.46249 -0.135124 0.366707
4.47499 -0.133543 0.366368
4.48748 -0.131971 0.366006
4.5 -0.130401 0.365619
4.50876 -0.129321 0.365329
4.51753 -0.12823 0.365029
4.52629 -0.127141 0.364719
4.53505 -0.126056 0.364397
4.5436 -0.125 0.364073
4.54738 -0.124535 0.363925
4.55116 -0.12407 0.363775
4.55494 -0.123605 0.363623
4.55872 -0.12314 0.36347
4.5625 -0.122675 0.363314
4.575 -0.121144 0.362794
4.5875 -0.119606 0.362253
4.6 -0.118067 0.361692
4.61249 -0.116527 0.36111
4.625 -0.114982 0.360505
4.6375 -0.113479 0.359874
4.64999 -0.111934 0.359231
4.66249 -0.110386 0.358567
4.67498 -0.108838 0.357882
4.6875 -0.107296 0.357177
4.7 -0.105802 0.356459
4.71249 -0.104273 0.35572
4.72499 -0.102723 0.354959
4.73747 -0.101171 0.354179
4.75 -0.099657 0.353374
4.7625 -0.0982006 0.352547
4.77499 -0.0967022 0.351708
4.78748 -0.0951687 0.350854
4.79997 -0.0936421 0.349981
4.8125 -0.0921451 0.349091
4.825 -0.0906948 0.348191
4.83749 -0.0892144 0.347268
4.84999 -0.0877219 0.346326
4.86248 -0.0862367 0.345369
4.875 -0.0847703 0.344391
4.8875 -0.0833567 0.343396
4.89999 -0.0819041 0.342388
4.91249 -0.0804515 0.341364
4.92498 -0.0790062 0.340325
4.9375 -0.0775652 0.33927
4.95 -0.0761638 0.338206
4.9625 -0.0747427 0.337123
4.97499 -0.0733289 0.336026
4.98749 -0.0719225 0.334916
5 -0.0705214 0.333791
5.0104 -0.0693775 0.332845
5.02079 -0.0682256 0.331888
5.03118 -0.0670789 0.330923
5.04158 -0.0659372 0.329949
5.051 -0.064906 0.329058
5.0533 -0.0646556 0.328839
5.0556 -0.0644054 0.32862
5.0579 -0.0641554 0.3284
5.0602 -0.0639056 0.328179
5.0625 -0.063656 0.327958
5.06464 -0.0634248 0.327753
5.06678 -0.0631932 0.327547
5.06892 -0.0629621 0.32734
5.07106 -0.0627315 0.327133
5.07321 -0.0625 0.326925
5.08357 -0.0613884 0.32592
5.09392 -0.0602818 0.324907
5.10428 -0.0591804 0.323887
5.11464 -0.0580841 0.322858
5.125 -0.0569929 0.321821
5.1375 -0.0556994 0.320571
5.15 -0.0543949 0.3193
5.16249 -0.0530979 0.318018
5.17499 -0.0518086 0.316726
5.1875 -0.0505255 0.31542
5.2 -0.049291 0.314129
5.21249 -0.0480254 0.312808
5.22499 -0.0467651 0.311476
5.23748 -0.0455126 0.310134
5.25 -0.0442781 0.308788
5.2625 -0.0430943 0.307462
5.27499 -0.0418833 0.306107
5.28748 -0.0406582 0.30473
5.29997 -0.0394409 0.303344
5.3125 -0.0382615 0.301963
5.325 -0.0371361 0.300602
5.33749 -0.0359811 0.299214
5.34998 -0.0347967 0.2978
5.36247 -0.0336218 0.296379
5.375 -0.0324896 0.294973
5.3875 -0.0314058 0.293589
5.39999 -0.0302968 0.292177
5.41248 -0.0291626 0.290737
5.42497 -0.0280405 0.289295
5.4375 -0.0269594 0.287863
5.45 -0.0259292 0.286451
5.46249 -0.0248699 0.285015
5.47499 -0.0238025 0.283567
5.48748 -0.0227471 0.282119
5.5 -0.0217091 0.28067
5.5125 -0.020716 0.279244
5.525 -0.0197006 0.277791
5.53749 -0.0186971 0.276337
5.54999 -0.0177055 0.274883
5.5625 -0.0167245 0.273427
5.57315 -0.015916 0.272196
5.58381 -0.0151006 0.270957
5.59446 -0.0142936 0.269717
5.60512 -0.013495 0.268479
5.6155 -0.0127246 0.267272
5.6174 -0.0125852 0.267051
5.6193 -0.0124461 0.26683
5.6212 -0.0123072 0.266609
5.6231 -0.0121687 0.266388
5.625 -0.0120304 0.266167
5.6375 -0.0111252 0.264713
5.65 -0.0102296 0.263252
5.6625 -0.00934617 0.261789
5.675 -0.00847495 0.260325
5.6875 -0.00761619 0.258858
5.7 -0.00678092 0.257408
5.7125 -0.00594954 0.255943
5.725 -0.00513364 0.254481
5.7375 -0.00433317 0.253023
5.75 -0.00354778 0.251568
5.7616 -0.00283822 0.250227
5.7732 -0.00213181 0.248882
5.7848 -0.00143659 0.24754
5.7964 -0.000753729 0.246202
5.80944 -1.12399e-15 0.2447
5.81005 3.46049e-05 0.24463
5.81067 6.9183e-05 0.24456
5.81128 0.000103734 0.24449
5.81189 0.000138259 0.24442
5.8125 0.000172755 0.24435
5.825 0.000876999 0.242916
5.8375 0.00157067 0.241484
5.85 0.00225322 0.240054
5.86251 0.00292518 0.238627
5.875 0.00358866 0.237203
5.8875 0.00423885 0.235791
5.9 0.00488546 0.234372
5.9125 0.00552376 0.232956
5.925 0.00615309 0.231542
5.9375 0.00677154 0.230131
5.95 0.00736009 0.228741
5.9625 0.00795847 0.227338
5.975 0.0085467 0.225937
5.9875 0.00912717 0.224539
6 0.00970003 0.223143
6.0125 0.0102498 0.221778
6.025 0.0108046 0.220391
6.0375 0.0113514 0.219007
6.04999 0.0118901 0.217626
6.0625 0.012421 0.216247
6.075 0.0129079 0.214905
6.0875 0.0134159 0.213545
6.1 0.0139135 0.212192
6.1125 0.0144008 0.210848
6.125 0.014878 0.209511
6.13302 0.0151732 0.208666
6.14104 0.0154679 0.207818
6.14906 0.0157586 0.206973
6.15707 0.0160452 0.206131
6.16514 0.0163293 0.205288
6.16961 0.0164846 0.204822
6.17408 0.0166386 0.204356
6.17856 0.0167913 0.203892
6.18303 0.0169426 0.203428
6.1875 0.0170926 0.202964
6.2 0.0175093 0.201676
6.2125 0.0179151 0.200388
6.225 0.0183109 0.199105
6.2375 0.0186968 0.197826
6.25 0.0190726 0.196551
6.2625 0.0194285 0.195298
6.275 0.0197866 0.194033
6.2875 0.020135 0.192772
6.3 0.0204738 0.191515
6.3125 0.0208034 0.190266
6.325 0.0211293 0.189051
6.3375 0.0214434 0.187817
6.35 0.021747 0.18658
6.3625 0.0220413 0.185347
6.375 0.0223171 0.184132
6.3875 0.0225671 0.182947
6.4 0.0228239 0.181747
6.4125 0.0230844 0.180534
6.42499 0.0233345 0.179327
6.4375 0.0235788 0.178149
6.45 0.0238175 0.177004
6.4625 0.0240444 0.17584
6.475 0.0242595 0.174659
6.48749 0.0244654 0.173484
6.5 0.0246464 0.172336
6.5125 0.0248016 0.171218
6.525 0.0249649 0.170085
6.5375 0.0251362 0.168936
6.54999 0.0252997 0.167794
6.5625 0.0254573 0.166682
6.575 0.025609 0.165602
6.5875 0.0257502 0.164504
6.6 0.0258817 0.163394
6.61249 0.0260063 0.162293
6.625 0.0261138 0.161211
6.6375 0.0261976 0.160159
6.65 0.0262924 0.159091
6.6625 0.0263862 0.158024
6.675 0.0264733 0.156965
6.6875 0.0265539 0.155916
6.7 0.0266285 0.154897
6.7125 0.026694 0.153862
6.725 0.0267531 0.152834
6.7375 0.0268059 0.151814
6.75 0.026852 0.150802
6.7625 0.0268801 0.149811
6.775 0.0269121 0.148815
6.7875 0.0269376 0.147828
6.8 0.0269569 0.146847
6.8125 0.0269701 0.145874
6.81946 0.0269742 0.14534
6.82641 0.0269762 0.144804
6.83337 0.0269764 0.144271
6.84033 0.0269748 0.14374
6.84743 0.0269714 0.143201
6.85294 0.0269672 0.142783
6.85846 0.0269619 0.142367
6.86397 0.0269552 0.141952
6.86949 0.0269472 0.141538
6.875 0.0269379 0.141126
6.8875 0.0269172 0.140197
6.9 0.0268873 0.13927
6.9125 0.0268511 0.138349
6.925 0.0268088 0.137433
6.9375 0.0267608 0.136523
6.95 0.0267047 0.135627
6.9625 0.0266459 0.134727
6.975 0.0265814 0.133833
6.9875 0.026511 0.132943
7 0.0264345 0.132059
7.0125 0.0263671 0.131201
7.025 0.0262808 0.130328
7.0375 0.0261885 0.12946
7.05 0.0260906 0.128598
7.0625 0.0259864 0.127743
7.075 0.0258718 0.126914
7.0875 0.0257577 0.126073
7.1 0.0256402 0.12523
7.1125 0.0255173 0.124393
7.125 0.0253969 0.123572
7.1375 0.025288 0.122779
7.15 0.0251612 0.12197
7.1625 0.0250202 0.121153
7.175 0.0248741 0.120341
7.1875 0.0247187 0.119548
7.2 0.0245529 0.118778
7.2125 0.0243888 0.117997
7.225 0.0242258 0.117205
7.2375 0.0240575 0.116418
7.25 0.0238973 0.115657
7.2625 0.0237465 0.114921
7.275 0.0235776 0.114171
7.2875 0.0233922 0.113408
7.29999 0.0232023 0.112651
7.3125 0.0230024 0.111914
7.325 0.0227921 0.1112
7.3375 0.0225842 0.110474
7.35 0.0223772 0.10974
7.3625 0.0221663 0.109011
7.375 0.0219613 0.108302
7.3875 0.0217651 0.107618
7.4 0.0215522 0.10692
7.4125 0.0213261 0.106212
7.425 0.0210969 0.10551
7.4375 0.0208587 0.104824
7.45 0.0206101 0.104159
7.4625 0.0203647 0.103484
7.475 0.0201198 0.102802
7.4875 0.0198719 0.102126
7.5 0.0196275 0.101466
7.5125 0.0193912 0.100829
7.525 0.0191392 0.100178
7.5375 0.0188775 0.099522
7.55 0.0186132 0.0988711
7.5625 0.0183429 0.0982321
7.575 0.0180628 0.0976138
7.5875 0.0177868 0.0969845
7.6 0.0175105 0.096355
7.6125 0.0172319 0.0957303
7.625 0.0169528 0.0951138
7.6375 0.0166811 0.0945194
7.65 0.016395 0.0939116
7.6625 0.0161055 0.0933071
7.675 0.0158138 0.0927071
7.6875 0.0155197 0.0921117
7.7 0.0152161 0.0915349
7.7125 0.0149161 0.0909494
7.725 0.0146138 0.0903685
7.7375 0.0143093 0.0897919
7.75 0.0140027 0.0892197
7.7625 0.0137002 0.0886634
7.775 0.0133884 0.0881005
7.7875 0.0130744 0.0875417
7.8 0.0127583 0.0869872
7.8125 0.01244 0.0864367
7.825 0.0121157 0.0858971
7.8375 0.0117924 0.0853553
7.85 0.0114671 0.0848175
7.8625 0.0111398 0.0842837
7.875 0.0108107 0.0837538
7.8875 0.0104815 0.0832315
7.9 0.0101473 0.0827094
7.9125 0.00981008 0.0821907
7.925 0.00946976 0.0816754
7.9375 0.00912638 0.0811635
7.93816 0.00910806 0.0811367
7.93882 0.00908974 0.0811098
7.93948 0.00907142 0.0810829
7.94014 0.00905309 0.081056
7.94081 0.00903474 0.0810291
7.95265 0.00870647 0.0805483
7.96448 0.00837708 0.0800703
7.97632 0.00804727 0.0795954
7.98816 0.00771704 0.0791238
8 0.00738647 0.0786554
8.025 0.0067014 0.0776674
8.05 0.00606064 0.0766816
8.075 0.00548673 0.0756954
8.10001 0.00497398 0.0747105
8.125 0.0044473 0.073754
8.15 0.00392093 0.0728257
8.175 0.00339781 0.0718962
8.2 0.00290471 0.0709716
8.225 0.00244175 0.0700516
8.25 0.00199184 0.069143
8.27199 0.00159347 0.0683624
8.29398 0.00121824 0.0675903
8.31597 0.00087014 0.0668253
8.33796 0.00054926 0.0660675
8.37911 -6.98797e-14 0.064663
8.40329 -0.000266551 0.0638522
8.42747 -0.000500691 0.063051
8.45165 -0.000702218 0.0622592
8.47583 -0.000870927 0.0614767
8.5 -0.00100659 0.0607034
8.51468 -0.00108581 0.0602514
8.52936 -0.00116505 0.0597978
8.54404 -0.00124202 0.0593443
8.55872 -0.00131673 0.058891
8.57333 -0.00138895 0.0584401
8.60866 -0.00156129 0.0573543
8.644 -0.00173108 0.0563205
8.67934 -0.00187769 0.0553402
8.71467 -0.00200158 0.0544104
8.75 -0.00210309 0.0535289
8.8 -0.00217409 0.0523533
8.85 -0.00228421 0.0512029
8.9 -0.00236561 0.0501362
8.95001 -0.00241448 0.0491556
9 -0.00243096 0.0482565
9.1 -0.00228526 0.0466113
9.20001 -0.00207588 0.0454507
9.30002 -0.00177297 0.0447213
9.40003 -0.00147041 0.0440109
9.5 -0.00116963 0.0433135
9.57435 -0.000935707 0.0428049
9.6487 -0.000710159 0.0423019
9.72306 -0.00048627 0.0418056
9.79741 -0.000264008 0.0413158
9.88636 -5.94389e-13 0.0407377
9.90909 5.75084e-05 0.0406126
9.93182 0.000111873 0.0404948
9.95454 0.000163119 0.0403839
9.97727 0.000211275 0.0402801
10 0.000256364 0.0401832
10.2 0.000620942 0.0393908
10.4 0.000980291 0.0386164
10.6 0.00133361 0.037859
10.8 0.00168106 0.0371181
11 0.00195907 0.0365221
11.2 0.00200749 0.0363767
11.4 0.00206319 0.0362307
11.6 0.00211892 0.0360853
11.8 0.00217468 0.0359405
12 0.00223046 0.0357963
12.2 0.00225564 0.0357025
12.4 0.0022884 0.0356075
12.6 0.00232123 0.0355128
12.8 0.00235411 0.0354184
13 0.00238706 0.0353242
13.2 0.00240603 0.0352526
13.4 0.00243281 0.0351796
13.6 0.00245965 0.0351068
13.8 0.00248655 0.0350342
14 0.00251351 0.0349617
14.2 0.00253033 0.0348995
14.4 0.00262601 0.0347902
14.6 0.00279535 0.0346335
14.8 0.00304035 0.0344285
15 0.0033631 0.034174
-1.001 -0.05 0.211626
-1.00079 -0.0500005 0.211627
-1.00058 -0.050001 0.211628
-1.00038 -0.0500015 0.211628
-1.00017 -0.050002 0.211629
-0.999962 -0.0500025 0.21163
-0.98746 -0.0500327 0.211669
-0.974958 -0.0500653 0.211708
-0.962456 -0.0500988 0.211747
-0.949954 -0.050133 0.211786
-0.937452 -0.050168 0.211826
-0.924949 -0.0502011 0.211866
-0.912445 -0.0502363 0.211907
-0.899941 -0.0502731 0.211947
-0.887437 -0.0503113 0.211988
-0.874933 -0.050351 0.212029
-0.862427 -0.0503899 0.212071
-0.849921 -0.0504311 0.212112
-0.837415 -0.0504746 0.212153
-0.824909 -0.0505202 0.212194
-0.812402 -0.050568 0.212234
-0.799893 -0.0506158 0.212275
-0.787384 -0.0506663 0.212315
-0.774875 -0.05072 0.212355
-0.762366 -0.0507768 0.212393
-0.749857 -0.0508368 0.212431
-0.737346 -0.0508975 0.212469
-0.724835 -0.0509616 0.212505
-0.712324 -0.0510303 0.21254
-0.699814 -0.0511036 0.212573
-0.687303 -0.0511814 0.212604
-0.674815 -0.0512608 0.212635
-0.662328 -0.0513451 0.212662
-0.649841 -0.0514362 0.212686
-0.637354 -0.0515344 0.212707
-0.624866 -0.0516396 0.212726
-0.612452 -0.0517474 0.212741
-0.600038 -0.0518631 0.212752
-0.587624 -0.0519904 0.212757
-0.57521 -0.0521291 0.212756
-0.562794 -0.0522791 0.21275
-0.550118 -0.052439 0.212737
-0.537443 -0.0526133 0.212714
-0.524767 -0.0528082 0.212678
-0.512093 -0.0530241 0.212631
-0.499415 -0.0532632 0.212576
-0.486999 -0.0535099 0.212513
-0.474584 -0.0537888 0.212425
-0.46217 -0.0541089 0.212315
-0.449757 -0.0544709 0.212183
-0.437326 -0.0548965 0.212023
-0.431141 -0.0551366 0.211927
-0.424957 -0.0553875 0.211822
-0.418774 -0.0556582 0.211709
-0.412592 -0.05595 0.211589
-0.406402 -0.056264 0.211459
-0.400254 -0.0566021 0.21132
-0.394108 -0.0569703 0.211167
-0.387965 -0.0573786 0.211001
-0.381826 -0.057828 0.210822
-0.37566 -0.0583214 0.210629
-0.369473 -0.0588545 0.210418
-0.363294 -0.0594522 0.210188
-0.357122 -0.0601253 0.209946
-0.35096 -0.0608745 0.209691
-0.344722 -0.0617068 0.209418
-0.342687 -0.062004 0.209322
-0.340654 -0.062313 0.209223
-0.338623 -0.0626366 0.209122
-0.336595 -0.0629747 0.209019
-0.335397 -0.0631832 0.208956
-0.331017 -0.0639647 0.208725
-0.326649 -0.0648071 0.208483
-0.322294 -0.0657093 0.208232
-0.317949 -0.0666619 0.207977
-0.313474 -0.0677116 0.207709
-0.310312 -0.0684971 0.207519
-0.307152 -0.0692941 0.207332
-0.303998 -0.0701129 0.207148
-0.300851 -0.0709599 0.206967
-0.297659 -0.0718363 0.206786
-0.294491 -0.0727371 0.206609
-0.291328 -0.073657 0.206443
-0.288169 -0.0745902 0.206288
-0.285013 -0.0755354 0.206144
-0.281816 -0.0765122 0.206009
-0.280114 -0.0770535 0.205945
-0.27841 -0.0775905 0.205886
-0.276705 -0.0781227 0.205832
-0.274999 -0.0786517 0.205784
-0.273171 -0.0792145 0.205737
-0.271615 -0.0796902 0.205702
-0.270059 -0.0801657 0.205671
-0.268502 -0.080641 0.205642
-0.266946 -0.081116 0.205617
-0.265389 -0.0815909 0.205595
-0.262092 -0.0825961 0.205556
-0.258779 -0.0835487 0.205539
-0.255459 -0.084478 0.205547
-0.252134 -0.0853846 0.205578
-0.248893 -0.0862285 0.205625
-0.245768 -0.0870163 0.205686
-0.242633 -0.0877558 0.205767
-0.239488 -0.0884527 0.205861
-0.236334 -0.0891076 0.205969
-0.233241 -0.0896848 0.206096
-0.23037 -0.0901291 0.206233
-0.227498 -0.0905652 0.20638
-0.224621 -0.0909675 0.206531
-0.221739 -0.091326 0.206687
-0.218895 -0.0916354 0.206845
-0.21587 -0.0918829 0.207018
-0.212843 -0.0921042 0.207182
-0.209813 -0.0922887 0.207344
-0.206781 -0.0924359 0.207504
-0.203783 -0.0925472 0.207659
-0.200696 -0.0926267 0.207814
-0.197609 -0.0926919 0.207956
-0.194521 -0.0927395 0.20809
-0.191432 -0.0927649 0.208218
-0.188355 -0.0927676 0.208338
-0.185269 -0.0927527 0.208457
-0.182183 -0.0927256 0.208563
-0.179096 -0.092685 0.208662
-0.176009 -0.0926307 0.208753
-0.172925 -0.092566 0.208839
-0.169866 -0.0924955 0.208926
-0.166808 -0.0924298 0.209004
-0.163749 -0.0923693 0.209076
-0.16069 -0.0923103 0.209142
-0.157633 -0.0922529 0.209203
-0.154612 -0.0922025 0.209263
-0.151591 -0.0921442 0.209314
-0.148571 -0.092084 0.209361
-0.14555 -0.0920224 0.209402
-0.142529 -0.0919611 0.209439
-0.139508 -0.0919015 0.209472
-0.136487 -0.0918469 0.209498
-0.133465 -0.0917993 0.209517
-0.130443 -0.0917605 0.209529
-0.127422 -0.091732 0.209535
-0.124431 -0.0917155 0.209534
-0.121439 -0.0917016 0.209526
-0.118448 -0.0916948 0.20951
-0.115456 -0.0916955 0.209487
-0.11246 -0.0917041 0.209456
-0.109371 -0.0917217 0.209415
-0.106282 -0.0917467 0.209365
-0.103194 -0.0917781 0.209304
-0.100105 -0.0918156 0.209233
-0.0970086 -0.0918577 0.209154
-0.0950064 -0.0918879 0.209097
-0.0930044 -0.0919196 0.209037
-0.0910025 -0.0919522 0.208973
-0.0890008 -0.0919857 0.208905
-0.0872303 -0.0920161 0.208842
-0.0859 -0.0920394 0.208792
-0.0845697 -0.0920633 0.208739
-0.0832394 -0.0920878 0.208685
-0.0819093 -0.0921128 0.208629
-0.0805793 -0.0921384 0.208571
-0.0773374 -0.092201 0.208426
-0.0740961 -0.0922651 0.208267
-0.0708555 -0.09233 0.208096
-0.0676154 -0.0923958 0.207916
-0.064375 -0.0924625 0.207728
-0.0612792 -0.0925264 0.207541
-0.0581841 -0.0925923 0.207345
-0.0550895 -0.0926597 0.20714
-0.0519955 -0.0927287 0.206928
-0.0489016 -0.092799 0.206705
-0.0455903 -0.092875 0.206458
-0.0422801 -0.0929523 0.206197
-0.0389705 -0.0930317 0.205929
-0.0356615 -0.0931138 0.205654
-0.0323485 -0.0931984 0.205372
-0.0290942 -0.0932834 0.20509
-0.0258405 -0.0933693 0.204802
-0.0225871 -0.0934554 0.204509
-0.0193341 -0.0935416 0.204213
-0.0160776 -0.0936281 0.203913
-0.0158683 -0.0936337 0.203893
-0.015659 -0.0936392 0.203874
-0.0154497 -0.0936448 0.203854
-0.0152404 -0.0936503 0.203835
-0.0150317 -0.0936559 0.203815
-0.0121434 -0.0937325 0.203546
-0.00925514 -0.0938083 0.203277
-0.00636692 -0.0938834 0.203007
-0.00347867 -0.093958 0.202737
-0.000590209 -0.094032 0.202467
0.00248753 -0.0941107 0.202182
0.00556551 -0.0941892 0.201899
0.00864391 -0.0942674 0.201621
0.0117227 -0.0943452 0.201347
0.0147962 -0.0944225 0.201079
0.0182004 -0.094508 0.200786
0.0216047 -0.0945967 0.200497
0.0250095 -0.0946871 0.200215
0.0284149 -0.0947791 0.199939
0.0318165 -0.0948727 0.19967
0.0349581 -0.0949612 0.199428
0.0380998 -0.095052 0.199188
0.0412415 -0.0951455 0.19895
0.0443834 -0.0952418 0.198714
0.0475242 -0.0953408 0.198481
0.0506568 -0.09544 0.198249
0.0537892 -0.0955447 0.198018
0.0569215 -0.0956535 0.197787
0.0600537 -0.0957669 0.197557
0.0631872 -0.0958848 0.197329
0.0664116 -0.0960115 0.197097
0.0696356 -0.0961412 0.196862
0.0728596 -0.0962755 0.196628
0.0760835 -0.0964144 0.196395
0.0793087 -0.0965585 0.196163
0.0824694 -0.0967022 0.19594
0.0856296 -0.0968516 0.195715
0.0887896 -0.0970071 0.19549
0.0919495 -0.0971675 0.195266
0.0951111 -0.0973342 0.195046
0.0982471 -0.0975081 0.194834
0.101383 -0.0976838 0.194616
0.104518 -0.0978631 0.194396
0.107652 -0.0980491 0.194177
0.110791 -0.0982407 0.193961
0.11393 -0.0984365 0.193749
0.117068 -0.0986391 0.193534
0.120206 -0.0988488 0.193314
0.123343 -0.0990667 0.193095
0.126484 -0.0992957 0.192881
0.129596 -0.0995341 0.192675
0.132707 -0.0997731 0.192458
0.135817 -0.100012 0.19223
0.138927 -0.10026 0.192001
0.142043 -0.100514 0.191778
0.145159 -0.100772 0.191562
0.148273 -0.10104 0.191336
0.151386 -0.101317 0.191104
0.154497 -0.101602 0.190868
0.15762 -0.101894 0.190633
0.163787 -0.102491 0.190183
0.16995 -0.103114 0.189714
0.176108 -0.103758 0.189209
0.182263 -0.104399 0.18866
0.18845 -0.105046 0.188087
0.190461 -0.105257 0.187896
0.192472 -0.105466 0.1877
0.194483 -0.105674 0.1875
0.196494 -0.105879 0.187297
0.19813 -0.106045 0.187129
0.199281 -0.106161 0.18701
0.200431 -0.106277 0.186889
0.201582 -0.106391 0.186768
0.202732 -0.106505 0.186644
0.203884 -0.106618 0.186518
0.206927 -0.106914 0.186175
0.209972 -0.107193 0.185824
0.213017 -0.10746 0.185467
0.216062 -0.107716 0.185105
0.219106 -0.107959 0.184737
0.220995 -0.108101 0.184504
0.222883 -0.108238 0.18427
0.224772 -0.10837 0.184034
0.226661 -0.108498 0.183798
0.229067 -0.108656 0.183495
0.230093 -0.108721 0.183365
0.231119 -0.108784 0.183234
0.232145 -0.108846 0.183103
0.233171 -0.108907 0.182972
0.234197 -0.108966 0.18284
0.237222 -0.109137 0.18245
0.240248 -0.109299 0.182056
0.243273 -0.109452 0.181659
0.246299 -0.109595 0.181257
0.249322 -0.109727 0.180853
0.252419 -0.109851 0.180432
0.255515 -0.109968 0.180009
0.258612 -0.110077 0.179582
0.261708 -0.11018 0.179152
0.264804 -0.110276 0.178717
0.267973 -0.110366 0.178268
0.271142 -0.110456 0.177816
0.274311 -0.110542 0.17736
0.277479 -0.110624 0.1769
0.28065 -0.110703 0.176436
0.2872 -0.110852 0.175454
0.293747 -0.110979 0.174444
0.300291 -0.111081 0.173409
0.306831 -0.111171 0.172351
0.313399 -0.111249 0.171262
0.316564 -0.111281 0.170724
0.31973 -0.111311 0.170184
0.322895 -0.111339 0.16964
0.326059 -0.111366 0.169092
0.329228 -0.11139 0.168538
0.332366 -0.111409 0.167982
0.335505 -0.111427 0.167431
0.338644 -0.111444 0.166883
0.341782 -0.111458 0.166329
0.344917 -0.111473 0.165763
0.34805 -0.111488 0.165186
0.351183 -0.111503 0.164613
0.354317 -0.111517 0.164045
0.357451 -0.111529 0.163478
0.360579 -0.111538 0.162912
0.363681 -0.111543 0.162349
0.366784 -0.11155 0.161794
0.369889 -0.111557 0.161246
0.372994 -0.111564 0.160704
0.376099 -0.111572 0.160166
0.376185 -0.111572 0.160151
0.376271 -0.111572 0.160137
0.376356 -0.111572 0.160122
0.376442 -0.111573 0.160107
0.376528 -0.111573 0.160092
0.379528 -0.11158 0.159579
0.382529 -0.111589 0.159071
0.385531 -0.111599 0.158571
0.388534 -0.11161 0.158076
0.391527 -0.111621 0.157587
0.394662 -0.111632 0.157075
0.397798 -0.111642 0.156574
0.400935 -0.111653 0.15608
0.404074 -0.111667 0.155594
0.4072 -0.111683 0.155114
0.410344 -0.1117 0.154631
0.413491 -0.111718 0.154158
0.416638 -0.111738 0.153693
0.419786 -0.111761 0.153234
0.422924 -0.111787 0.152776
0.42605 -0.111817 0.152319
0.429177 -0.111845 0.151873
0.432306 -0.111872 0.151437
0.435436 -0.111903 0.151008
0.438553 -0.111937 0.150582
0.441677 -0.111974 0.150157
0.444802 -0.112012 0.149743
0.447928 -0.112052 0.149337
0.451055 -0.112095 0.148937
0.454171 -0.112145 0.14854
0.457285 -0.112201 0.148145
0.460402 -0.112253 0.147761
0.463519 -0.112303 0.147387
0.466637 -0.112355 0.147017
0.469744 -0.11241 0.146651
0.47286 -0.112469 0.146285
0.475977 -0.112527 0.145931
0.479094 -0.112585 0.145583
0.482212 -0.112645 0.14524
0.485321 -0.11271 0.144901
0.488445 -0.112785 0.144564
0.49157 -0.112854 0.144236
0.494695 -0.112922 0.143914
0.497821 -0.112993 0.143597
0.500939 -0.113063 0.143287
0.504139 -0.113137 0.142969
0.507341 -0.113211 0.142664
0.510543 -0.113285 0.142364
0.513746 -0.11336 0.14207
0.516941 -0.113437 0.141781
0.520117 -0.113519 0.141504
0.523294 -0.1136 0.141228
0.526471 -0.113682 0.140957
0.529649 -0.113766 0.140691
0.532824 -0.11385 0.140429
0.535916 -0.113932 0.140175
0.539008 -0.114015 0.139928
0.542101 -0.114099 0.139685
0.545194 -0.114183 0.139444
0.548285 -0.114268 0.139208
0.550164 -0.11432 0.139067
0.552044 -0.114373 0.138926
0.553923 -0.114426 0.138786
0.555803 -0.114479 0.138646
0.557739 -0.114535 0.138503
0.558873 -0.114567 0.13842
0.560007 -0.1146 0.138336
0.56114 -0.114633 0.138253
0.562274 -0.114667 0.13817
0.563408 -0.1147 0.138088
0.566451 -0.11479 0.137867
0.569494 -0.114882 0.137646
0.572537 -0.114977 0.137426
0.57558 -0.115073 0.137207
0.578624 -0.115171 0.136991
0.581701 -0.11527 0.136776
0.584778 -0.11537 0.136564
0.587855 -0.115471 0.136354
0.590933 -0.115573 0.136146
0.594009 -0.115673 0.135942
0.597108 -0.115774 0.135747
0.600206 -0.115877 0.135544
0.603304 -0.11598 0.135341
0.606402 -0.116085 0.135141
0.609503 -0.116189 0.134943
0.61261 -0.116293 0.134748
0.615717 -0.1164 0.134551
0.618825 -0.11651 0.134355
0.621932 -0.11662 0.134159
0.62504 -0.116726 0.133974
0.628139 -0.116828 0.133804
0.631238 -0.116936 0.133621
0.634335 -0.11705 0.133428
0.637432 -0.117164 0.133233
0.640536 -0.117276 0.133041
0.643633 -0.117384 0.132852
0.646731 -0.117497 0.132659
0.649828 -0.117617 0.132462
0.652925 -0.117734 0.132269
0.656025 -0.117844 0.13209
0.659106 -0.117946 0.131927
0.662185 -0.118056 0.131749
0.665264 -0.118174 0.131556
0.668342 -0.118295 0.131364
0.671429 -0.118413 0.131176
0.674522 -0.118526 0.130992
0.677614 -0.118645 0.130804
0.680706 -0.118768 0.130612
0.683798 -0.118886 0.130422
0.686893 -0.118997 0.130241
0.689986 -0.119099 0.130076
0.693078 -0.119211 0.129894
0.696169 -0.119327 0.129708
0.69926 -0.119446 0.129522
0.702359 -0.119567 0.129336
0.705503 -0.119684 0.129156
0.708646 -0.119807 0.128967
0.711789 -0.119926 0.12878
0.714933 -0.120039 0.128595
0.718078 -0.120149 0.128412
0.721225 -0.120249 0.128244
0.724371 -0.120357 0.128063
0.727517 -0.120467 0.127883
0.730662 -0.120581 0.127703
0.733813 -0.120698 0.127522
0.736984 -0.120814 0.127345
0.740154 -0.120931 0.127163
0.743325 -0.121042 0.126984
0.746496 -0.121149 0.126806
0.749666 -0.121251 0.126631
0.752682 -0.121343 0.12647
0.755698 -0.121438 0.126305
0.758714 -0.121536 0.12614
0.761729 -0.121637 0.125974
0.764389 -0.121728 0.125827
0.767757 -0.121847 0.125641
0.771125 -0.121961 0.125454
0.774493 -0.122067 0.12527
0.777862 -0.122166 0.125086
0.781228 -0.122258 0.124904
0.787515 -0.122437 0.124574
0.793801 -0.122601 0.124232
0.800087 -0.122772 0.123882
0.806373 -0.122939 0.123533
0.812662 -0.123091 0.123193
0.818922 -0.123237 0.12288
0.825183 -0.12338 0.122555
0.831443 -0.123524 0.122234
0.837704 -0.12367 0.121917
0.843966 -0.123817 0.121605
0.850204 -0.123977 0.121304
0.856443 -0.124128 0.121001
0.862681 -0.124281 0.1207
0.86892 -0.124436 0.120402
0.875158 -0.124594 0.120107
0.875942 -0.124614 0.120071
0.876725 -0.124634 0.120034
0.877508 -0.124654 0.119998
0.878292 -0.124674 0.119961
0.879074 -0.124694 0.119925
0.884567 -0.124835 0.119672
0.890061 -0.124977 0.119422
0.895555 -0.125119 0.119175
0.90105 -0.125261 0.118932
0.906543 -0.125404 0.118692
0.912822 -0.125569 0.118424
0.919101 -0.125732 0.118162
0.925381 -0.125896 0.11791
0.931661 -0.12606 0.117668
0.937939 -0.126224 0.117434
0.944202 -0.126399 0.117211
0.950466 -0.126576 0.116992
0.95673 -0.126766 0.116784
0.962995 -0.126943 0.116592
0.969258 -0.127116 0.116412
0.975551 -0.127297 0.116249
0.981845 -0.127485 0.116088
0.988138 -0.12769 0.115941
0.994431 -0.127901 0.115804
1.00073 -0.128105 0.115683
1.00706 -0.128332 0.115592
1.0134 -0.128544 0.115492
1.01974 -0.128766 0.115407
1.02608 -0.128997 0.115342
1.03242 -0.129237 0.115297
1.03875 -0.129497 0.115292
1.04508 -0.12976 0.115279
1.05142 -0.130048 0.1153
1.05775 -0.130352 0.115336
1.06408 -0.130654 0.11539
1.07037 -0.131014 0.115522
1.07665 -0.131336 0.1156
1.08294 -0.131677 0.1157
1.08922 -0.132036 0.115833
1.0955 -0.132413 0.116003
1.10171 -0.132841 0.116246
1.10792 -0.133257 0.116449
1.11412 -0.133696 0.116674
1.12033 -0.134167 0.116936
1.12653 -0.134701 0.117258
1.13263 -0.135343 0.11771
1.13873 -0.13593 0.118061
1.14484 -0.136542 0.118415
1.15093 -0.137231 0.118826
1.15702 -0.137999 0.119297
1.16317 -0.138885 0.11986
1.16932 -0.139768 0.12039
1.17546 -0.140706 0.120958
1.18159 -0.141699 0.121564
1.18778 -0.14276 0.122217
1.19255 -0.143666 0.122803
1.19732 -0.144559 0.123374
1.20209 -0.145489 0.123994
1.20683 -0.146461 0.124664
1.21023 -0.147165 0.12516
1.212 -0.147532 0.125421
1.21378 -0.147898 0.125683
1.21555 -0.148265 0.125948
1.21732 -0.148631 0.126216
1.2191 -0.148999 0.126487
1.22216 -0.149632 0.126956
1.22523 -0.150265 0.127438
1.22829 -0.1509 0.127934
1.23135 -0.151538 0.128445
1.23443 -0.152185 0.128975
1.23705 -0.152741 0.129441
1.23966 -0.153279 0.129905
1.24228 -0.153812 0.130364
1.2449 -0.154339 0.130819
1.24804 -0.154964 0.131359
1.2484 -0.155036 0.131422
1.24877 -0.155108 0.131485
1.24913 -0.15518 0.131548
1.2495 -0.155252 0.131611
1.24986 -0.155323 0.131674
1.25607 -0.156545 0.132754
1.26228 -0.157748 0.133844
1.26849 -0.158942 0.134953
1.2747 -0.160113 0.136052
1.2809 -0.161237 0.137105
1.2871 -0.162356 0.138137
1.2933 -0.163448 0.139179
1.29951 -0.16453 0.140221
1.30571 -0.165599 0.141261
1.3119 -0.166679 0.142315
1.31811 -0.167823 0.143451
1.32434 -0.168903 0.144551
1.33058 -0.169925 0.145618
1.33683 -0.170936 0.146677
1.34294 -0.17192 0.147723
1.3492 -0.172945 0.14879
1.35546 -0.173935 0.149868
1.36172 -0.174921 0.150957
1.36799 -0.1759 0.152051
1.37423 -0.176865 0.153134
1.37588 -0.177119 0.153422
1.37753 -0.17737 0.153707
1.37918 -0.177621 0.153992
1.38083 -0.177872 0.154278
1.38252 -0.178129 0.154572
1.384 -0.178352 0.154828
1.38547 -0.178575 0.155084
1.38695 -0.178797 0.155341
1.38842 -0.179019 0.155598
1.3899 -0.17924 0.155857
1.39305 -0.179717 0.156416
1.39621 -0.180185 0.156966
1.39937 -0.180648 0.157511
1.40253 -0.181106 0.158051
1.40567 -0.181556 0.158585
1.40885 -0.18201 0.15912
1.41202 -0.182459 0.159656
1.4152 -0.182904 0.160191
1.41837 -0.183348 0.160731
1.42154 -0.183796 0.161279
1.42472 -0.184248 0.161837
1.42789 -0.184692 0.162385
1.43107 -0.18513 0.162926
1.43425 -0.185564 0.163463
1.43741 -0.185994 0.163994
1.44057 -0.186425 0.164523
1.44374 -0.186856 0.165055
1.44691 -0.187287 0.165591
1.45008 -0.187719 0.16613
1.45325 -0.188152 0.166675
1.45614 -0.18855 0.167179
1.45903 -0.188944 0.167677
1.46192 -0.189336 0.168174
1.46482 -0.189726 0.168668
1.46792 -0.190142 0.169197
1.46814 -0.190171 0.169234
1.46836 -0.1902 0.169271
1.46857 -0.19023 0.169308
1.46879 -0.190259 0.169345
1.46901 -0.190288 0.169382
1.47532 -0.191128 0.170451
1.48163 -0.191962 0.171521
1.48794 -0.192789 0.172587
1.49425 -0.193603 0.173637
1.50055 -0.194392 0.174653
1.50682 -0.195175 0.17567
1.51311 -0.195943 0.176669
1.51939 -0.196705 0.177665
1.52568 -0.197452 0.178635
1.53194 -0.198184 0.179582
1.53817 -0.198922 0.180527
1.5444 -0.199643 0.181479
1.55064 -0.200357 0.182416
1.55688 -0.201061 0.183339
1.5631 -0.201758 0.184259
1.56669 -0.202158 0.184788
1.57028 -0.202556 0.18532
1.57387 -0.202952 0.185852
1.57747 -0.203346 0.186385
1.58097 -0.203727 0.186904
1.58358 -0.204011 0.18729
1.5862 -0.204294 0.187675
1.58882 -0.204576 0.188059
1.59144 -0.204857 0.188442
1.59405 -0.205138 0.188823
1.60024 -0.20579 0.189709
1.60641 -0.206445 0.190607
1.61259 -0.207094 0.191501
1.61877 -0.20774 0.192405
1.62496 -0.208386 0.193321
1.63115 -0.209015 0.194207
1.63734 -0.209651 0.195132
1.64353 -0.210287 0.196068
1.64972 -0.210919 0.19701
1.65594 -0.211542 0.197947
1.66215 -0.212125 0.19882
1.66835 -0.212732 0.199755
1.67455 -0.213331 0.200689
1.68075 -0.213924 0.201623
1.68699 -0.214515 0.202562
1.69321 -0.215086 0.203469
1.69943 -0.215659 0.204399
1.70565 -0.216223 0.205329
1.71187 -0.216776 0.206259
1.71811 -0.217319 0.20719
1.71951 -0.217438 0.207399
1.72092 -0.217558 0.207609
1.72233 -0.217677 0.207819
1.72373 -0.217795 0.208029
1.72518 -0.217916 0.208244
1.73 -0.218319 0.208964
1.73483 -0.218716 0.209682
1.73965 -0.219107 0.2104
1.74448 -0.219492 0.211117
1.7493 -0.219871 0.211832
1.76181 -0.220856 0.213692
1.77434 -0.221816 0.215514
1.78687 -0.222753 0.217299
1.7994 -0.223671 0.219043
1.81187 -0.224532 0.22058
1.82435 -0.225334 0.221887
1.83682 -0.226159 0.22338
1.84926 -0.227 0.22502
1.86171 -0.227816 0.226653
1.8743 -0.228578 0.2282
1.88696 -0.229259 0.229601
1.89961 -0.229983 0.231149
1.91225 -0.23072 0.232778
1.92489 -0.23143 0.234403
1.93765 -0.232087 0.235979
1.95013 -0.232624 0.237368
1.96259 -0.233223 0.238916
1.97505 -0.233816 0.240501
1.9875 -0.234379 0.242084
2.00007 -0.234919 0.243684
2.01251 -0.235356 0.245196
2.02494 -0.23584 0.246774
2.03737 -0.236302 0.248353
2.0498 -0.236737 0.249934
2.06226 -0.237145 0.25152
2.07268 -0.237444 0.252804
2.08308 -0.237745 0.254128
2.09349 -0.238029 0.255454
2.1039 -0.238296 0.256782
2.11259 -0.238503 0.257891
2.11502 -0.238558 0.258202
2.11745 -0.238612 0.258514
2.11988 -0.238667 0.258827
2.12231 -0.238722 0.259141
2.12474 -0.238776 0.259456
2.13725 -0.239053 0.261068
2.14975 -0.239327 0.262731
2.16226 -0.239582 0.264425
2.17475 -0.239818 0.266151
2.1873 -0.240037 0.267918
2.19981 -0.240231 0.269598
2.2123 -0.240402 0.271433
2.22479 -0.240555 0.273283
2.23727 -0.240692 0.275149
2.24986 -0.24081 0.277046
2.26237 -0.240903 0.278819
2.27485 -0.240969 0.280743
2.28734 -0.241014 0.282685
2.29982 -0.241041 0.284647
2.3124 -0.241051 0.286648
2.32491 -0.241068 0.288518
2.33739 -0.241034 0.290553
2.34986 -0.240983 0.292615
2.36234 -0.240911 0.294698
2.37493 -0.240811 0.296822
2.38744 -0.24071 0.29881
2.39991 -0.240566 0.300966
2.41239 -0.240397 0.303142
2.42485 -0.240201 0.30534
2.43746 -0.239979 0.307589
2.44996 -0.23979 0.309674
2.46242 -0.239524 0.311964
2.47489 -0.239227 0.314274
2.48735 -0.238907 0.316567
2.49997 -0.23856 0.318866
2.50422 -0.238439 0.319611
2.50846 -0.238313 0.320376
2.5127 -0.238183 0.321138
2.51695 -0.238051 0.321898
2.52083 -0.237928 0.32259
2.52916 -0.23766 0.32407
2.53749 -0.237371 0.325562
2.54581 -0.237063 0.327064
2.55414 -0.236734 0.328579
2.56248 -0.236382 0.330111
2.57498 -0.235839 0.332308
2.58746 -0.235228 0.33463
2.59993 -0.234569 0.336978
2.61239 -0.233861 0.339351
2.62499 -0.233124 0.341722
2.63749 -0.23245 0.343892
2.64996 -0.231651 0.346208
2.66241 -0.230773 0.348591
2.67485 -0.229854 0.35098
2.68749 -0.228907 0.353284
2.69999 -0.22798 0.355357
2.71246 -0.226971 0.357593
2.72489 -0.225881 0.359967
2.73732 -0.224747 0.36234
2.75 -0.223643 0.364582
2.7625 -0.22261 0.366603
2.77496 -0.221433 0.368756
2.78742 -0.220175 0.370935
2.79988 -0.218889 0.373058
2.8125 -0.21756 0.375155
2.825 -0.216266 0.377026
2.83747 -0.214895 0.379
2.84995 -0.213498 0.380925
2.86244 -0.212074 0.382798
2.875 -0.210616 0.384626
2.87702 -0.210379 0.38491
2.87905 -0.210139 0.385195
2.88107 -0.209898 0.385478
2.88309 -0.209657 0.38576
2.88514 -0.209412 0.386044
2.89561 -0.208157 0.38749
2.90608 -0.206878 0.38892
2.91655 -0.205574 0.390333
2.92702 -0.204245 0.391731
2.9375 -0.202889 0.393117
2.95 -0.201271 0.394711
2.96249 -0.199592 0.396326
2.97498 -0.197877 0.397915
2.98746 -0.196132 0.399469
3 -0.194358 0.400975
3.00975 -0.192987 0.402059
3.01949 -0.191581 0.403157
3.02923 -0.190163 0.404224
3.03897 -0.188731 0.405259
3.04727 -0.1875 0.406115
3.05032 -0.187045 0.406421
3.05336 -0.186589 0.406723
3.05641 -0.186132 0.407023
3.05945 -0.185673 0.40732
3.0625 -0.185213 0.407613
3.075 -0.183332 0.408792
3.0875 -0.181414 0.409935
3.1 -0.179471 0.411029
3.11249 -0.177497 0.412074
3.125 -0.175491 0.413071
3.1375 -0.173554 0.413948
3.14998 -0.171514 0.414839
3.16246 -0.169433 0.41569
3.17494 -0.167325 0.416495
3.1875 -0.165227 0.417216
3.2 -0.163206 0.417813
3.21249 -0.1611 0.418419
3.22496 -0.158904 0.419034
3.23743 -0.156699 0.419593
3.25 -0.154559 0.420036
3.2625 -0.152512 0.420364
3.27498 -0.150367 0.420702
3.28745 -0.148122 0.421049
3.29992 -0.145881 0.421338
3.3125 -0.143676 0.421534
3.325 -0.141553 0.421628
3.33749 -0.139348 0.421723
3.34997 -0.137122 0.421778
3.36245 -0.134901 0.421779
3.375 -0.132677 0.421727
3.38389 -0.131141 0.42163
3.39278 -0.129574 0.421528
3.40166 -0.12801 0.421402
3.41055 -0.126451 0.421252
3.41883 -0.125 0.421089
3.42256 -0.124347 0.421006
3.4263 -0.123692 0.420918
3.43003 -0.123036 0.420827
3.43376 -0.12238 0.420731
3.4375 -0.121721 0.42063
3.45 -0.119537 0.420267
3.46249 -0.117323 0.419874
3.47498 -0.115098 0.419436
3.48747 -0.112866 0.418955
3.5 -0.11062 0.41843
3.5125 -0.108444 0.417838
3.52499 -0.10621 0.417227
3.53747 -0.10395 0.416584
3.54995 -0.101678 0.415898
3.5625 -0.0994501 0.41513
3.575 -0.0973107 0.414279
3.58749 -0.0951038 0.413428
3.59996 -0.0928288 0.412575
3.61244 -0.0905606 0.411676
3.625 -0.0883375 0.410711
3.6375 -0.0861906 0.409695
3.64999 -0.0839914 0.408651
3.66247 -0.0817616 0.407573
3.67495 -0.0795391 0.406455
3.6875 -0.0773398 0.405278
3.7 -0.0752218 0.404035
3.71249 -0.073039 0.402791
3.72498 -0.0708674 0.40151
3.73746 -0.0687073 0.400191
3.75 -0.0665487 0.39883
3.75477 -0.065739 0.398296
3.75954 -0.0649245 0.397759
3.76431 -0.0641114 0.397216
3.76908 -0.0632999 0.396667
3.77378 -0.0625 0.396121
3.78153 -0.0611867 0.395214
3.78927 -0.0598732 0.394294
3.79701 -0.0585596 0.393361
3.80475 -0.0572459 0.392414
3.8125 -0.0559352 0.391453
3.81585 -0.0553728 0.391035
3.81921 -0.0548095 0.390613
3.82256 -0.0542471 0.39019
3.82591 -0.0536856 0.389765
3.82907 -0.0531565 0.389362
3.83826 -0.0516234 0.388186
3.84744 -0.0500958 0.386991
3.85663 -0.0485739 0.385778
3.86581 -0.0470575 0.384546
3.875 -0.0455441 0.383294
3.8875 -0.0435247 0.381583
3.89999 -0.0414827 0.379827
3.91248 -0.0394502 0.378038
3.92496 -0.037427 0.376216
3.9375 -0.035408 0.374361
3.95 -0.0334881 0.372505
3.96249 -0.0315136 0.370606
3.97496 -0.0295184 0.368673
3.98743 -0.027531 0.366711
4 -0.0255859 0.364729
4.0125 -0.0237257 0.362761
4.02499 -0.0218274 0.360742
4.03746 -0.0199052 0.35868
4.04994 -0.0180088 0.3566
4.0625 -0.0161569 0.354496
4.075 -0.0143984 0.3524
4.08749 -0.012591 0.350264
4.09997 -0.0108001 0.348109
4.11246 -0.00903083 0.345937
4.125 -0.00727506 0.34374
4.13574 -0.00582005 0.341856
4.14647 -0.0043553 0.339949
4.1572 -0.00290579 0.338031
4.16794 -0.00147148 0.336102
4.17907 1.7085e-13 0.334091
4.18075 0.000220527 0.333784
4.18244 0.00044089 0.333477
4.18413 0.000661071 0.33317
4.18581 0.000881013 0.332863
4.1875 0.00110075 0.332555
4.19232 0.00172664 0.331678
4.19714 0.00235252 0.330796
4.20197 0.00297734 0.329911
4.20679 0.00359953 0.329027
4.21148 0.00420271 0.328167
4.21919 0.00518685 0.326759
4.22689 0.00616298 0.325344
4.23459 0.00713108 0.323923
4.2423 0.00809114 0.322497
4.25 0.00904329 0.321064
4.2625 0.0105453 0.318772
4.27499 0.0120604 0.316428
4.28748 0.0135555 0.314069
4.29997 0.0150268 0.311698
4.3125 0.0164721 0.309325
4.325 0.0178471 0.307033
4.33749 0.0192375 0.304673
4.34996 0.0206248 0.302276
4.36244 0.0219885 0.29987
4.375 0.0232963 0.297495
4.3875 0.0245151 0.2952
4.39999 0.0257643 0.292843
4.41246 0.0270428 0.290425
4.42493 0.0282976 0.28801
4.4375 0.0294985 0.285642
4.45 0.0306268 0.283358
4.46249 0.0317732 0.281013
4.47497 0.0329051 0.278657
4.48746 0.0340087 0.276314
4.5 0.0350875 0.273979
4.50813 0.0357452 0.272499
4.51626 0.0364127 0.271002
4.52439 0.0370687 0.269512
4.53252 0.0377133 0.268028
4.54049 0.0383339 0.266579
4.54489 0.0386704 0.265783
4.5493 0.0390034 0.264987
4.5537 0.0393331 0.264189
4.5581 0.0396592 0.263391
4.5625 0.0399818 0.262593
4.575 0.0408786 0.260344
4.5875 0.04176 0.258073
4.6 0.0426143 0.255799
4.6125 0.0434417 0.253525
4.625 0.0442417 0.251254
4.6375 0.0450069 0.249058
4.64999 0.0457561 0.246809
4.66248 0.0464809 0.244551
4.67498 0.0471767 0.242307
4.6875 0.0478409 0.240086
4.7 0.0484457 0.237936
4.71249 0.0490623 0.235742
4.72499 0.0496599 0.233554
4.73748 0.0502329 0.23138
4.75 0.0507801 0.229217
4.7625 0.0512919 0.227126
4.77499 0.0517905 0.224994
4.78749 0.0522641 0.222875
4.79999 0.0527163 0.220769
4.8125 0.0531476 0.218674
4.825 0.0535291 0.216634
4.8375 0.0539154 0.214567
4.84999 0.0542807 0.212513
4.86249 0.054624 0.210473
4.875 0.0549419 0.208453
4.87958 0.0550477 0.207725
4.88417 0.0551513 0.206994
4.88875 0.0552516 0.206265
4.89334 0.0553486 0.205539
4.89792 0.0554424 0.204814
4.90584 0.0555985 0.203569
4.91376 0.0557442 0.202328
4.92167 0.0558794 0.20109
4.92959 0.0560042 0.199855
4.9375 0.0561185 0.198625
4.95 0.0563001 0.196713
4.9625 0.0564462 0.194792
4.975 0.0565722 0.192888
4.98751 0.056678 0.191001
5 0.056764 0.189132
5.0125 0.0568323 0.187298
5.025 0.0568831 0.18546
5.0375 0.0569151 0.183638
5.05001 0.0569279 0.181833
5.0625 0.0569216 0.180046
5.075 0.0569094 0.178294
5.0875 0.0568669 0.176538
5.1 0.0568053 0.174796
5.1125 0.0567254 0.173071
5.125 0.0566287 0.17136
5.1375 0.056514 0.169682
5.15 0.0563842 0.168
5.1625 0.0562377 0.166332
5.175 0.0560745 0.164678
5.1875 0.0558935 0.163039
5.2 0.0557081 0.161439
5.2125 0.0554933 0.159829
5.225 0.0552618 0.158233
5.2375 0.0550144 0.15665
5.25 0.0547515 0.155081
5.2625 0.0544698 0.153547
5.275 0.0541759 0.152004
5.2875 0.0538663 0.150475
5.3 0.0535408 0.148961
5.3125 0.0531992 0.147465
5.32027 0.0529819 0.146557
5.32803 0.052754 0.145645
5.33579 0.0525202 0.14474
5.34356 0.0522802 0.143841
5.35156 0.052027 0.142923
5.35625 0.0518749 0.142388
5.36093 0.0517203 0.141855
5.36562 0.0515634 0.141325
5.37031 0.051404 0.140795
5.375 0.0512422 0.140268
5.3875 0.0508152 0.138876
5.4 0.0503614 0.137487
5.4125 0.0498907 0.136109
5.425 0.0494033 0.134743
5.4375 0.0488994 0.13339
5.45 0.0483914 0.132072
5.4625 0.0478571 0.13074
5.475 0.0473065 0.129421
5.48749 0.0467396 0.128113
5.5 0.046165 0.126824
5.5125 0.045625 0.125595
5.52499 0.0450315 0.124338
5.53749 0.0444096 0.12308
5.54998 0.0437742 0.121835
5.5625 0.043131 0.120616
5.575 0.0424897 0.119445
5.5875 0.0418253 0.118256
5.59999 0.0411413 0.117061
5.61249 0.0404437 0.115879
5.625 0.0397642 0.11474
5.6375 0.0391171 0.113656
5.64999 0.0384208 0.112545
5.66249 0.0376776 0.11141
5.67498 0.0369214 0.110287
5.6875 0.0361619 0.109203
5.7 0.0354034 0.108163
5.7125 0.0346243 0.107106
5.72499 0.0338244 0.106033
5.73749 0.0330133 0.104973
5.75 0.0322253 0.103961
5.7625 0.0314632 0.103
5.77499 0.0306519 0.102012
5.78749 0.0298019 0.101008
5.79998 0.0289417 0.100017
5.8125 0.0280733 0.0990522
5.825 0.0272044 0.0981291
5.8375 0.026317 0.0971897
5.84999 0.0254161 0.0962528
5.86249 0.0245055 0.0953281
5.875 0.02359 0.0944207
5.8875 0.0226977 0.0935612
5.89999 0.0217595 0.0926752
5.91249 0.0208113 0.0917999
5.92498 0.0198538 0.090936
5.9375 0.0188848 0.0900825
5.95 0.0179122 0.0892623
5.9625 0.016925 0.0884344
5.975 0.0159283 0.0876177
5.98749 0.0149224 0.0868117
6 0.0139068 0.086016
6.0125 0.0128955 0.0852463
6.025 0.0118622 0.0844728
6.0375 0.0108199 0.0837096
6.04999 0.00976858 0.0829566
6.0625 0.00870756 0.0822132
6.06695 0.00832665 0.0819533
6.0714 0.0079443 0.0816939
6.07586 0.00756073 0.0814358
6.08031 0.00717604 0.0811789
6.08492 0.00677618 0.0809139
6.09294 0.00607945 0.0804557
6.10095 0.00537884 0.080001
6.10897 0.00467436 0.0795496
6.11698 0.00396601 0.0791016
6.125 0.00325366 0.0786569
6.13232 0.00260293 0.0782535
6.13964 0.00194593 0.0778532
6.14696 0.0012872 0.0774555
6.15427 0.000626733 0.0770603
6.1612 -7.42107e-16 0.0766886
6.16646 -0.000477062 0.076408
6.17172 -0.00095613 0.0761289
6.17698 -0.00143721 0.0758514
6.18224 -0.00192029 0.0755754
6.1875 -0.00240549 0.0753009
6.2 -0.00355632 0.0746495
6.2125 -0.00472503 0.0740086
6.225 -0.00590521 0.0733761
6.23749 -0.0070969 0.072752
6.25 -0.00830096 0.072136
6.2625 -0.00947727 0.0715327
6.275 -0.0107022 0.0709324
6.28749 -0.011936 0.0703406
6.29999 -0.0131786 0.0697573
6.3125 -0.014432 0.0691815
6.325 -0.0156601 0.0686029
6.3375 -0.0169273 0.0680427
6.34999 -0.0182029 0.0674903
6.36249 -0.0194868 0.066946
6.375 -0.0207736 0.0664098
6.3875 -0.0220082 0.0658881
6.39999 -0.0233028 0.0653672
6.41249 -0.024617 0.0648526
6.42498 -0.0259393 0.064346
6.4375 -0.0272619 0.0638412
6.45 -0.0285563 0.063333
6.4625 -0.0298879 0.0628422
6.47499 -0.0312403 0.0623627
6.48749 -0.0326004 0.0618904
6.5 -0.0339413 0.0614279
6.5125 -0.0352312 0.0609789
6.52499 -0.0365791 0.0605306
6.53748 -0.0379666 0.0600856
6.54997 -0.0393613 0.0596469
6.5625 -0.0407455 0.0592059
6.575 -0.042102 0.0587615
6.5875 -0.0434939 0.0583336
6.59999 -0.0449072 0.057917
6.61249 -0.0463232 0.0575049
6.625 -0.0477282 0.0570984
6.6375 -0.049087 0.056702
6.64999 -0.050505 0.056304
6.66249 -0.0519288 0.0559099
6.67498 -0.053355 0.0555201
6.6875 -0.054787 0.0551337
6.7 -0.0562009 0.0547462
6.7125 -0.0576346 0.0543692
6.725 -0.0590709 0.0539964
6.73749 -0.0605096 0.0536276
6.75 -0.061951 0.0532627
6.75095 -0.0620608 0.0532352
6.75191 -0.0621708 0.0532078
6.75286 -0.0622808 0.0531803
6.75381 -0.0623908 0.0531529
6.75476 -0.0625 0.0531257
6.76631 -0.0638333 0.0527938
6.77785 -0.0651734 0.0524672
6.7894 -0.0665205 0.0521458
6.80095 -0.067875 0.0518297
6.8125 -0.0692378 0.0515188
6.825 -0.0706952 0.0511894
6.8375 -0.0721855 0.0508643
6.84999 -0.0736846 0.0505453
6.86249 -0.0751921 0.0502324
6.875 -0.0767095 0.0499248
6.8875 -0.0781892 0.0496037
6.9 -0.0797109 0.0493032
6.91249 -0.0812506 0.0490129
6.92498 -0.0827988 0.0487286
6.9375 -0.0843304 0.0484509
6.95 -0.0858169 0.048182
6.96249 -0.0873503 0.0479161
6.97498 -0.0889305 0.0476534
6.98747 -0.0905148 0.0473946
7 -0.09207 0.0471218
7.0125 -0.0935879 0.0468365
7.025 -0.0951459 0.0465709
7.03749 -0.0967444 0.0463252
7.04998 -0.0983452 0.0460868
7.0625 -0.0999092 0.0458527
7.075 -0.10143 0.045624
7.08749 -0.102996 0.0453955
7.09998 -0.104599 0.0451681
7.11247 -0.106201 0.0449435
7.125 -0.107787 0.0447129
7.1375 -0.109337 0.044472
7.15 -0.110925 0.0442517
7.16249 -0.112519 0.0440378
7.17499 -0.114112 0.0438266
7.1875 -0.115706 0.0436178
7.2 -0.117264 0.0434136
7.2125 -0.118852 0.0432105
7.22499 -0.120438 0.0430102
7.23749 -0.122021 0.0428125
7.25 -0.123606 0.0426169
7.25221 -0.123885 0.0425825
7.25442 -0.124164 0.0425485
7.25663 -0.124444 0.0425145
7.25883 -0.124723 0.0424806
7.26103 -0.125 0.042447
7.27132 -0.126302 0.0422897
7.28162 -0.127607 0.0421353
7.29191 -0.128916 0.0419842
7.3022 -0.130229 0.0418364
7.3125 -0.131545 0.0416918
7.325 -0.133123 0.0415112
7.3375 -0.134729 0.0413439
7.34999 -0.13634 0.0411813
7.36249 -0.137956 0.0410234
7.375 -0.139578 0.04087
7.3875 -0.141158 0.0407264
7.39999 -0.142777 0.0405828
7.41249 -0.144413 0.0404421
7.42498 -0.146054 0.0403063
7.4375 -0.147674 0.0401631
7.45 -0.149247 0.0400058
7.46249 -0.150862 0.039867
7.47499 -0.152507 0.0397421
7.48748 -0.15415 0.0396195
7.5 -0.15577 0.0395014
7.5125 -0.157347 0.0393896
7.525 -0.158962 0.0392753
7.53749 -0.160602 0.03916
7.54998 -0.162241 0.0390468
7.5625 -0.163857 0.0389249
7.575 -0.165429 0.0387889
7.5875 -0.167041 0.0386711
7.59999 -0.168677 0.0385651
7.61248 -0.17031 0.0384613
7.625 -0.171927 0.0383608
7.6375 -0.173503 0.0382659
7.65 -0.175116 0.0381689
7.66249 -0.176729 0.0380738
7.67499 -0.178338 0.037981
7.6875 -0.179944 0.0378898
7.69948 -0.181455 0.037795
7.71146 -0.182985 0.0377111
7.72344 -0.184511 0.0376287
7.73542 -0.186033 0.0375483
7.747 -0.1875 0.0374723
7.7476 -0.187576 0.0374684
7.7482 -0.187652 0.0374646
7.7488 -0.187728 0.0374608
7.7494 -0.187804 0.0374569
7.75 -0.18788 0.0374531
7.7625 -0.189459 0.0373734
7.775 -0.191043 0.0372982
7.7875 -0.192631 0.0372268
7.8 -0.194221 0.0371595
7.8125 -0.195816 0.0370957
7.825 -0.197387 0.0370399
7.8375 -0.198988 0.0369837
7.84999 -0.200593 0.0369313
7.86249 -0.202201 0.0368828
7.875 -0.203806 0.0368353
7.8875 -0.205353 0.0367721
7.89999 -0.206942 0.036725
7.91249 -0.208551 0.0366871
7.92498 -0.21016 0.0366525
7.9375 -0.211759 0.0366253
7.95 -0.213325 0.036611
7.96249 -0.21495 0.0366035
7.97498 -0.216588 0.0366002
7.98748 -0.218213 0.0365981
8 -0.219792 0.0365851
8.025 -0.222756 0.0365069
8.05001 -0.225652 0.0364225
8.07502 -0.228489 0.0363471
8.10004 -0.231267 0.0362802
8.125 -0.233971 0.0362212
8.1495 -0.236514 0.0361802
8.174 -0.239073 0.0361281
8.19851 -0.241545 0.0360734
8.22303 -0.243931 0.0360156
8.24652 -0.246133 0.0359573
8.24722 -0.246196 0.0359554
8.24791 -0.246259 0.0359536
8.24861 -0.246322 0.0359518
8.2493 -0.246385 0.03595
8.25 -0.246448 0.0359482
8.25794 -0.247159 0.0359279
8.26588 -0.247859 0.0359081
8.27382 -0.248525 0.0358872
8.28177 -0.249157 0.0358653
8.29295 -0.25 0.035833
8.33436 -0.252887 0.0357061
8.37581 -0.25514 0.0355586
8.41729 -0.256795 0.03539
8.45878 -0.257944 0.0352028
8.5 -0.259098 0.0350222
8.55 -0.260329 0.0347712
8.6 -0.26171 0.0345663
8.64999 -0.263088 0.0343684
8.69999 -0.264351 0.0341723
8.75 -0.2655 0.0339775
8.8 -0.266252 0.0337726
8.85 -0.267238 0.0335756
8.89999 -0.268145 0.033365
8.94999 -0.269035 0.0331544
9 -0.269934 0.0329502
9.1 -0.270982 0.0324865
9.19999 -0.272599 0.0319831
9.29997 -0.274879 0.0313085
9.39995 -0.277099 0.0306514
9.5 -0.278388 0.030073
9.6 -0.278175 0.0296113
9.7 -0.278736 0.0290276
9.79999 -0.279453 0.0284288
9.89999 -0.280152 0.027844
10 -0.280797 0.0272966
10.2 -0.28077 0.0270162
10.4 -0.280895 0.0267915
10.6 -0.281019 0.0265687
10.8 -0.281142 0.0263479
11 -0.281264 0.0261289
11.2 -0.28123 0.0260243
11.4 -0.281342 0.0258871
11.6 -0.281454 0.0257507
11.8 -0.281565 0.0256149
12 -0.281675 0.02548
12.2 -0.281658 0.0254124
12.4 -0.281768 0.0253085
12.6 -0.281877 0.0252051
12.8 -0.281986 0.025102
13 -0.282095 0.0249994
13.2 -0.282082 0.024948
13.4 -0.28219 0.0248572
13.6 -0.282298 0.0247668
13.8 -0.282405 0.0246767
14 -0.282511 0.0245869
14.2 -0.2825 0.0245424
14.4 -0.282569 0.024433
14.6 -0.282566 0.0242762
14.8 -0.282488 0.024071
15 -0.282408 0.023828
-1.001 -0.05 0.264258
-1.00079 -0.0500005 0.264259
-1.00059 -0.050001 0.26426
-1.00038 -0.0500015 0.26426
-1.00017 -0.050002 0.264261
-0.999963 -0.0500025 0.264262
-0.987461 -0.0500321 0.264313
-0.974959 -0.0500628 0.264365
-0.962457 -0.0500943 0.264417
-0.949955 -0.0501267 0.26447
-0.937453 -0.0501599 0.264523
-0.924949 -0.0501926 0.264576
-0.912445 -0.0502258 0.26463
-0.899941 -0.0502605 0.264684
-0.887437 -0.0502967 0.264738
-0.874933 -0.0503344 0.264792
-0.862427 -0.050373 0.264847
-0.84992 -0.0504138 0.264902
-0.837414 -0.0504568 0.264957
-0.824908 -0.050502 0.265012
-0.812402 -0.0505494 0.265066
-0.799893 -0.0505969 0.265121
-0.787385 -0.0506456 0.265176
-0.774876 -0.0506975 0.265231
-0.762368 -0.0507527 0.265285
-0.749859 -0.0508111 0.265338
-0.737366 -0.0508714 0.265392
-0.724872 -0.0509357 0.265444
-0.712378 -0.0510046 0.265496
-0.699885 -0.0510781 0.265546
-0.687391 -0.0511562 0.265596
-0.675001 -0.051235 0.265644
-0.662611 -0.0513176 0.26569
-0.65022 -0.0514073 0.265734
-0.63783 -0.0515044 0.265776
-0.625439 -0.0516088 0.265816
-0.613036 -0.0517172 0.265853
-0.600633 -0.0518337 0.265888
-0.58823 -0.0519619 0.265918
-0.575827 -0.0521022 0.265945
-0.563424 -0.0522545 0.265966
-0.550668 -0.0524178 0.265987
-0.537913 -0.0525971 0.266002
-0.525157 -0.0527996 0.266009
-0.512403 -0.0530256 0.266009
-0.499644 -0.0532755 0.266001
-0.487315 -0.0535314 0.265986
-0.474986 -0.0538223 0.265961
-0.462658 -0.0541628 0.265921
-0.450332 -0.0545539 0.265865
-0.437994 -0.0550013 0.265796
-0.431804 -0.0552571 0.265755
-0.425615 -0.0555248 0.265711
-0.419427 -0.0558149 0.265663
-0.41324 -0.0561309 0.265611
-0.407043 -0.0564746 0.265552
-0.400829 -0.0568513 0.265485
-0.394616 -0.0572681 0.26541
-0.388408 -0.0577328 0.265327
-0.382203 -0.0582473 0.265236
-0.375966 -0.0588171 0.265138
-0.369744 -0.0594361 0.265033
-0.363532 -0.0601462 0.264917
-0.357332 -0.0609511 0.264794
-0.351146 -0.0618592 0.264661
-0.344849 -0.062898 0.264509
-0.344594 -0.0629449 0.264502
-0.344338 -0.062992 0.264495
-0.344082 -0.0630393 0.264489
-0.343826 -0.0630868 0.264482
-0.343583 -0.0631323 0.264475
-0.337567 -0.0642622 0.264313
-0.331575 -0.0655108 0.264143
-0.325609 -0.0668755 0.263964
-0.319671 -0.0683619 0.263782
-0.313494 -0.0700443 0.263595
-0.310295 -0.0709692 0.263501
-0.307104 -0.0719176 0.263412
-0.303927 -0.0729158 0.263325
-0.300753 -0.0739227 0.263241
-0.297495 -0.0749562 0.263159
-0.295118 -0.0757388 0.2631
-0.292745 -0.0765311 0.263045
-0.290371 -0.07732 0.262995
-0.287994 -0.078102 0.262948
-0.285641 -0.078869 0.262906
-0.284876 -0.0791161 0.262893
-0.284111 -0.0793634 0.262881
-0.283346 -0.0796108 0.262869
-0.282581 -0.0798583 0.262858
-0.281815 -0.0801059 0.262847
-0.278595 -0.0811456 0.262802
-0.275365 -0.0821523 0.262767
-0.272124 -0.0831252 0.262739
-0.268873 -0.0840667 0.26272
-0.265721 -0.0849485 0.262707
-0.262619 -0.0857961 0.262701
-0.259506 -0.0866044 0.262707
-0.256365 -0.0872934 0.262721
-0.253215 -0.0879394 0.262739
-0.250235 -0.0885189 0.262759
-0.247135 -0.08901 0.262784
-0.244028 -0.089457 0.262816
-0.240914 -0.0898473 0.262849
-0.237793 -0.0901806 0.262884
-0.234739 -0.0904503 0.262919
-0.23156 -0.0906184 0.26296
-0.228381 -0.0907751 0.262995
-0.225199 -0.0908924 0.263029
-0.222016 -0.0909697 0.263062
-0.218841 -0.0910059 0.263094
-0.215654 -0.0909898 0.263123
-0.212467 -0.0909648 0.263149
-0.209281 -0.0909186 0.263173
-0.206094 -0.0908504 0.263196
-0.2029 -0.0907617 0.263216
-0.199882 -0.0906599 0.263231
-0.196865 -0.0905591 0.263243
-0.193848 -0.0904534 0.263251
-0.190831 -0.0903413 0.263256
-0.187813 -0.0902225 0.263257
-0.184843 -0.090099 0.263251
-0.181874 -0.0899637 0.263244
-0.178905 -0.0898205 0.263234
-0.175937 -0.0896692 0.263221
-0.172965 -0.0895131 0.263204
-0.16995 -0.0893533 0.263187
-0.166936 -0.0891863 0.263162
-0.163922 -0.0890191 0.263132
-0.160907 -0.0888557 0.263097
-0.157891 -0.0886962 0.263056
-0.154766 -0.0885432 0.263007
-0.151642 -0.0883762 0.262953
-0.148518 -0.0882135 0.262892
-0.145394 -0.0880551 0.262824
-0.142264 -0.0878979 0.262748
-0.139088 -0.0877496 0.262667
-0.135913 -0.0875987 0.262572
-0.132738 -0.087453 0.262464
-0.129563 -0.0873151 0.262347
-0.126383 -0.0871876 0.262217
-0.123102 -0.0870734 0.262065
-0.119821 -0.0869728 0.261906
-0.116539 -0.0868854 0.261736
-0.113259 -0.0868111 0.261553
-0.109982 -0.0867502 0.26136
-0.106756 -0.0867009 0.261167
-0.10353 -0.0867017 0.26095
-0.100306 -0.08672 0.260718
-0.0970832 -0.0867453 0.260472
-0.0938548 -0.0867698 0.260217
-0.0905329 -0.086774 0.259954
-0.0872132 -0.0868013 0.259668
-0.0838953 -0.0868389 0.259361
-0.0805792 -0.0868781 0.259036
-0.077261 -0.0869153 0.2587
-0.0742825 -0.0869359 0.258398
-0.0713082 -0.0869627 0.258058
-0.0683371 -0.0869926 0.257691
-0.0653688 -0.0870252 0.257302
-0.0623775 -0.087056 0.256891
-0.0594287 -0.0870749 0.256475
-0.0564863 -0.0870883 0.256016
-0.0535504 -0.0871029 0.255518
-0.0506186 -0.0871178 0.254995
-0.0476486 -0.087144 0.254445
-0.0443543 -0.0871985 0.253816
-0.0410753 -0.0872211 0.25311
-0.0378054 -0.0872416 0.252363
-0.0345408 -0.0872744 0.251593
-0.031182 -0.0873189 0.250771
-0.0308006 -0.0873261 0.250674
-0.0304194 -0.0873329 0.250576
-0.0300383 -0.0873395 0.250477
-0.0296572 -0.0873461 0.250379
-0.0292876 -0.0873524 0.250283
-0.0264327 -0.0874008 0.249538
-0.0235827 -0.0874411 0.248775
-0.0207372 -0.0874792 0.247994
-0.017896 -0.0875186 0.247199
-0.0150272 -0.0875605 0.246378
-0.0119533 -0.0876113 0.245478
-0.00886564 -0.0876294 0.244625
-0.00576704 -0.087618 0.243813
-0.00266612 -0.087599 0.243009
0.0003562 -0.087599 0.242223
0.00324152 -0.0876167 0.241468
0.00614388 -0.0876013 0.240782
0.00906062 -0.087554 0.240161
0.0119837 -0.0875046 0.239571
0.0147356 -0.0874633 0.239033
0.017951 -0.0874278 0.23842
0.0211848 -0.0873764 0.237913
0.0244225 -0.0873108 0.237434
0.0276617 -0.0872357 0.236967
0.0308121 -0.0871569 0.236527
0.0325652 -0.0871081 0.236269
0.0343197 -0.0870591 0.236022
0.036074 -0.087009 0.235774
0.037828 -0.0869577 0.235524
0.0397592 -0.0868998 0.235248
0.04117 -0.0868555 0.235045
0.0425806 -0.0868103 0.23484
0.0439911 -0.0867643 0.234635
0.0454013 -0.0867174 0.234428
0.0468136 -0.0866696 0.23422
0.050078 -0.0865647 0.233743
0.0533423 -0.0864628 0.233266
0.056608 -0.0863693 0.232795
0.0598743 -0.0862822 0.232328
0.0631342 -0.0861959 0.23186
0.0663463 -0.0861067 0.231397
0.0695607 -0.0860402 0.230946
0.0727765 -0.0859859 0.230503
0.0759936 -0.085939 0.230069
0.0791897 -0.0858972 0.229648
0.0821811 -0.0858586 0.229262
0.0851731 -0.0858352 0.228879
0.0881656 -0.0858269 0.2285
0.0911588 -0.08582 0.228125
0.0941451 -0.0858053 0.227762
0.0971718 -0.085782 0.227405
0.100199 -0.0857838 0.22705
0.103226 -0.0858098 0.226696
0.106254 -0.0858384 0.226348
0.109282 -0.0858536 0.22601
0.112525 -0.0858546 0.22566
0.115769 -0.0858996 0.225321
0.119013 -0.0859809 0.224993
0.122258 -0.0860662 0.224672
0.125488 -0.0861368 0.224376
0.128887 -0.0861923 0.224091
0.132285 -0.0862821 0.223804
0.135682 -0.0863997 0.22352
0.13908 -0.0865224 0.223244
0.142467 -0.0866322 0.222983
0.145582 -0.0867138 0.222756
0.148697 -0.0868338 0.222545
0.151812 -0.0869743 0.222344
0.154928 -0.0871234 0.22215
0.158034 -0.0872858 0.221973
0.161147 -0.0874494 0.221822
0.164258 -0.0876405 0.221667
0.167367 -0.0878561 0.221515
0.170477 -0.088082 0.22137
0.173593 -0.0883176 0.22123
0.176663 -0.0885531 0.221096
0.179732 -0.0888106 0.220971
0.182799 -0.0890778 0.220845
0.185866 -0.0893547 0.220719
0.18894 -0.0896504 0.220592
0.191975 -0.0899638 0.220482
0.19501 -0.0902819 0.22036
0.198041 -0.0906191 0.220227
0.201071 -0.090969 0.220093
0.204114 -0.091333 0.219957
0.207121 -0.0917189 0.219813
0.21013 -0.0920901 0.219667
0.213141 -0.0924402 0.2195
0.216152 -0.0927695 0.219312
0.21915 -0.0930767 0.219103
0.219935 -0.0931527 0.219041
0.220719 -0.093226 0.218978
0.221504 -0.0932975 0.218914
0.222289 -0.0933673 0.218849
0.223202 -0.0934463 0.218771
0.224631 -0.0935661 0.218648
0.22606 -0.0936792 0.21852
0.227489 -0.0937866 0.218389
0.228918 -0.0938896 0.218256
0.229954 -0.0939612 0.218156
0.230849 -0.094021 0.218069
0.231744 -0.0940788 0.217981
0.232639 -0.0941347 0.217891
0.233534 -0.0941885 0.217801
0.234428 -0.0942403 0.217709
0.237503 -0.0944126 0.217388
0.240578 -0.0945652 0.217059
0.243653 -0.0946982 0.216721
0.246728 -0.0948118 0.216374
0.249801 -0.0949061 0.216019
0.252756 -0.0949874 0.215679
0.255711 -0.0950469 0.215325
0.258665 -0.0950915 0.214964
0.261618 -0.0951211 0.214596
0.264572 -0.0951358 0.214221
0.267715 -0.095144 0.21381
0.270857 -0.0951358 0.213396
0.273999 -0.0951196 0.212973
0.277139 -0.0950955 0.212541
0.280284 -0.0950632 0.212101
0.286934 -0.0950117 0.211168
0.293575 -0.0949453 0.210171
0.300206 -0.0948682 0.20911
0.306823 -0.0948091 0.207962
0.313519 -0.0947614 0.206685
0.316086 -0.0947522 0.206155
0.31865 -0.0947561 0.20561
0.321208 -0.0947772 0.205039
0.32376 -0.0948155 0.204442
0.325475 -0.0948532 0.204022
0.326321 -0.0948751 0.20381
0.327166 -0.094898 0.203598
0.328012 -0.0949217 0.203386
0.328858 -0.0949464 0.203174
0.329704 -0.094972 0.202962
0.332867 -0.0950712 0.202158
0.336026 -0.0952025 0.201343
0.339177 -0.0953781 0.200508
0.342311 -0.0956141 0.199624
0.345518 -0.0959003 0.198658
0.348696 -0.0962105 0.197627
0.351866 -0.0965501 0.196581
0.355027 -0.096924 0.195522
0.358196 -0.0972669 0.194475
0.361403 -0.0975485 0.193451
0.362483 -0.0976065 0.19313
0.363561 -0.0976748 0.192801
0.364637 -0.0977489 0.192469
0.365717 -0.0978192 0.192149
0.366792 -0.0978844 0.191844
0.36896 -0.0980043 0.191267
0.371133 -0.098113 0.190707
0.373308 -0.0982119 0.190152
0.375484 -0.0983026 0.189601
0.37765 -0.0983868 0.189064
0.380477 -0.0984949 0.188412
0.383297 -0.0985988 0.187732
0.386122 -0.0986966 0.187067
0.38895 -0.0987885 0.186418
0.391782 -0.0988783 0.185774
0.394711 -0.0989679 0.185118
0.397644 -0.0990685 0.184485
0.400581 -0.099179 0.183873
0.403521 -0.0992886 0.183274
0.406432 -0.099392 0.182687
0.409935 -0.0995104 0.181988
0.413438 -0.0996363 0.181284
0.416939 -0.0997696 0.180573
0.420442 -0.0999029 0.179877
0.423942 -0.100032 0.179206
0.426777 -0.100133 0.178685
0.429612 -0.100242 0.17817
0.432448 -0.100353 0.177664
0.435287 -0.100462 0.17717
0.438101 -0.100576 0.176693
0.441236 -0.100708 0.176182
0.444373 -0.100832 0.175679
0.447513 -0.10096 0.175195
0.450655 -0.101088 0.174726
0.45377 -0.101215 0.174278
0.454871 -0.10126 0.174125
0.455973 -0.101305 0.173974
0.457075 -0.101349 0.173825
0.458177 -0.101394 0.173678
0.459629 -0.101454 0.173486
0.461564 -0.101533 0.173235
0.463501 -0.101612 0.172989
0.465437 -0.101692 0.172748
0.467375 -0.101773 0.172513
0.469303 -0.101855 0.172287
0.469728 -0.101874 0.172238
0.470154 -0.101893 0.17219
0.470579 -0.101912 0.172142
0.471005 -0.101931 0.172094
0.471313 -0.101945 0.17206
0.474006 -0.102068 0.171762
0.476701 -0.102196 0.171477
0.479396 -0.102327 0.171203
0.482093 -0.102457 0.170941
0.484777 -0.102584 0.170692
0.48787 -0.102733 0.170421
0.490964 -0.102876 0.170163
0.494059 -0.103018 0.169916
0.497156 -0.10316 0.169682
0.500241 -0.103309 0.169469
0.503431 -0.103476 0.169267
0.506622 -0.103639 0.16908
0.509814 -0.103804 0.168907
0.513006 -0.103968 0.168741
0.516185 -0.104132 0.168584
0.518474 -0.104256 0.168477
0.520764 -0.104374 0.168374
0.523053 -0.10449 0.168278
0.525343 -0.104606 0.16819
0.528899 -0.104784 0.168063
0.529627 -0.10482 0.168041
0.530355 -0.104856 0.16802
0.531084 -0.104891 0.167999
0.531812 -0.104926 0.167979
0.532538 -0.104961 0.167959
0.535645 -0.105113 0.167881
0.538753 -0.105267 0.16782
0.541861 -0.105421 0.167772
0.543575 -0.105505 0.167753
0.544473 -0.105549 0.167744
0.545371 -0.105593 0.167737
0.546269 -0.105636 0.167731
0.547168 -0.10568 0.167725
0.548065 -0.105723 0.167721
0.550753 -0.105853 0.167712
0.55344 -0.105984 0.167709
0.556128 -0.106117 0.167713
0.558815 -0.106252 0.167724
0.561982 -0.106413 0.167745
0.562203 -0.106425 0.167747
0.562423 -0.106436 0.167749
0.562644 -0.106448 0.167751
0.562865 -0.106459 0.167753
0.563086 -0.10647 0.167755
0.566124 -0.106627 0.167784
0.569162 -0.106785 0.167818
0.5722 -0.106944 0.167859
0.575237 -0.107106 0.167907
0.578276 -0.107271 0.167963
0.581385 -0.107445 0.168029
0.584493 -0.107617 0.168099
0.587602 -0.10779 0.168173
0.590711 -0.107965 0.168252
0.59382 -0.108141 0.168336
0.596942 -0.108324 0.168424
0.600065 -0.108502 0.168517
0.603187 -0.108681 0.168611
0.606309 -0.108863 0.168707
0.609431 -0.109049 0.168806
0.610697 -0.109127 0.168847
0.611963 -0.109204 0.168888
0.613228 -0.109282 0.168929
0.614494 -0.10936 0.168971
0.615786 -0.10944 0.169014
0.617636 -0.109556 0.169076
0.619485 -0.109672 0.169138
0.621335 -0.10979 0.169202
0.623185 -0.109908 0.169266
0.625035 -0.110028 0.169332
0.628151 -0.110229 0.169444
0.631267 -0.110433 0.169559
0.634382 -0.110639 0.169678
0.637497 -0.110847 0.1698
0.640614 -0.111057 0.169925
0.643724 -0.111266 0.170056
0.646834 -0.11148 0.170187
0.649944 -0.111695 0.170322
0.653053 -0.111912 0.17046
0.656165 -0.112131 0.170603
0.659271 -0.11235 0.170753
0.662377 -0.112573 0.170901
0.665482 -0.112798 0.171052
0.668587 -0.113024 0.171206
0.671695 -0.113253 0.171364
0.673684 -0.1134 0.171467
0.675673 -0.113548 0.171571
0.677662 -0.113697 0.171676
0.679651 -0.113846 0.171783
0.681464 -0.113983 0.171881
0.682617 -0.11407 0.171945
0.683769 -0.114157 0.172008
0.684922 -0.114245 0.172072
0.686074 -0.114334 0.172136
0.687227 -0.114422 0.172201
0.690345 -0.114663 0.172376
0.693462 -0.114906 0.172554
0.696578 -0.115152 0.172735
0.699695 -0.115399 0.172919
0.702815 -0.115649 0.173106
0.705948 -0.115903 0.173301
0.70908 -0.116159 0.173498
0.712213 -0.116416 0.173698
0.715345 -0.116676 0.173902
0.71848 -0.116938 0.17411
0.721632 -0.117201 0.174327
0.724783 -0.117471 0.174545
0.727933 -0.117743 0.174766
0.731083 -0.118016 0.174991
0.734238 -0.118292 0.17522
0.73738 -0.118568 0.175456
0.740521 -0.118843 0.175694
0.743662 -0.119119 0.175934
0.746803 -0.119396 0.176177
0.749946 -0.119674 0.176423
0.753078 -0.119948 0.176673
0.756209 -0.120227 0.176925
0.759339 -0.120512 0.177179
0.76247 -0.120798 0.177434
0.765605 -0.121086 0.177689
0.768734 -0.121376 0.177942
0.771862 -0.121671 0.178198
0.77499 -0.121969 0.178455
0.778118 -0.122268 0.178713
0.78125 -0.12257 0.178972
0.784381 -0.122869 0.179228
0.78751 -0.123174 0.179487
0.790639 -0.12348 0.179749
0.793768 -0.123788 0.180012
0.796901 -0.124095 0.180278
0.798139 -0.124216 0.180383
0.799377 -0.124338 0.18049
0.800615 -0.12446 0.180596
0.801853 -0.124582 0.180702
0.80303 -0.1247 0.180803
0.804925 -0.124889 0.180965
0.806819 -0.125079 0.181128
0.808714 -0.12527 0.181291
0.810608 -0.125462 0.181454
0.812504 -0.125654 0.181618
0.815621 -0.125972 0.18189
0.818738 -0.126293 0.182161
0.821855 -0.126617 0.18243
0.824971 -0.126945 0.182699
0.828089 -0.127278 0.182965
0.831222 -0.127617 0.183238
0.834356 -0.127957 0.183504
0.837489 -0.128297 0.183772
0.840623 -0.128636 0.18404
0.843755 -0.128974 0.18431
0.846884 -0.129311 0.184588
0.850013 -0.12965 0.184863
0.853142 -0.12999 0.185142
0.85627 -0.13033 0.185426
0.859401 -0.13067 0.185716
0.86252 -0.13101 0.186017
0.86564 -0.131355 0.186316
0.868758 -0.131705 0.186619
0.871875 -0.132061 0.186926
0.874999 -0.132419 0.187238
0.875451 -0.132472 0.187284
0.875902 -0.132524 0.18733
0.876354 -0.132577 0.187376
0.876806 -0.132629 0.187422
0.877252 -0.132681 0.187468
0.87992 -0.132992 0.18774
0.882586 -0.133306 0.188015
0.885252 -0.133624 0.188292
0.887917 -0.133945 0.188571
0.890588 -0.134271 0.188852
0.893718 -0.134659 0.189185
0.896847 -0.13505 0.18952
0.899976 -0.135442 0.189859
0.903104 -0.135838 0.190202
0.906237 -0.136236 0.190549
0.909376 -0.136629 0.190899
0.912513 -0.13703 0.191256
0.915649 -0.137434 0.191619
0.918784 -0.137838 0.191987
0.921931 -0.138242 0.192361
0.925086 -0.138641 0.192744
0.928241 -0.139043 0.193131
0.931395 -0.139441 0.193526
0.934549 -0.139837 0.193926
0.937708 -0.140234 0.194332
0.938865 -0.140377 0.194483
0.940021 -0.140521 0.194636
0.941176 -0.140665 0.194789
0.942332 -0.140809 0.194944
0.94347 -0.140951 0.195096
0.945491 -0.141202 0.195369
0.94751 -0.141453 0.195646
0.94953 -0.141703 0.195926
0.951549 -0.141952 0.196211
0.953572 -0.142201 0.196501
0.95676 -0.142593 0.196963
0.959948 -0.142985 0.197434
0.963133 -0.143376 0.197916
0.966318 -0.143768 0.198407
0.969516 -0.144162 0.198909
0.972738 -0.144556 0.199426
0.97596 -0.144956 0.199946
0.979179 -0.145361 0.200473
0.982397 -0.145769 0.201008
0.985631 -0.146183 0.201554
0.988924 -0.146606 0.202121
0.992216 -0.147033 0.202691
0.995506 -0.147464 0.203267
0.998795 -0.1479 0.203849
1.0021 -0.14834 0.204441
1.00353 -0.148532 0.204701
1.00496 -0.148725 0.204961
1.00639 -0.148918 0.205222
1.00782 -0.149111 0.205484
1.00923 -0.149303 0.205743
1.01107 -0.149553 0.206083
1.0129 -0.149804 0.206424
1.01474 -0.150057 0.206768
1.01658 -0.150311 0.207113
1.01841 -0.150567 0.20746
1.02146 -0.150979 0.20801
1.0245 -0.151407 0.208597
1.02753 -0.151836 0.20919
1.03057 -0.152267 0.209788
1.03363 -0.152699 0.210395
1.03664 -0.153117 0.210988
1.03964 -0.153534 0.211581
1.04265 -0.153949 0.212178
1.04565 -0.154364 0.212779
1.04866 -0.154777 0.213383
1.05147 -0.155152 0.213942
1.05428 -0.155536 0.214514
1.05708 -0.155917 0.215089
1.05989 -0.156297 0.215666
1.06251 -0.15665 0.216207
1.06283 -0.156693 0.216274
1.06315 -0.156736 0.21634
1.06347 -0.156778 0.216407
1.06379 -0.156821 0.216473
1.06411 -0.156864 0.21654
1.06641 -0.157173 0.217023
1.0687 -0.157483 0.217512
1.071 -0.157791 0.218005
1.0733 -0.158098 0.218502
1.07539 -0.158377 0.21896
1.07919 -0.158884 0.219804
1.083 -0.159387 0.220651
1.0868 -0.159882 0.221489
1.09061 -0.160371 0.22232
1.09441 -0.160855 0.223146
1.09744 -0.161245 0.223808
1.10047 -0.161635 0.224449
1.10351 -0.162023 0.225071
1.10655 -0.162413 0.225693
1.10955 -0.162804 0.226327
1.11264 -0.163209 0.226997
1.11573 -0.163622 0.22765
1.11882 -0.164043 0.228293
1.1219 -0.16447 0.228943
1.12498 -0.164903 0.229608
1.12762 -0.165281 0.230203
1.13025 -0.165666 0.230784
1.13289 -0.166057 0.231376
1.13552 -0.166453 0.231973
1.13817 -0.166858 0.232582
1.13861 -0.166927 0.232685
1.13906 -0.166996 0.232788
1.1395 -0.167065 0.232891
1.13995 -0.167134 0.232994
1.14039 -0.167204 0.233097
1.1435 -0.167691 0.233821
1.1466 -0.168188 0.234543
1.14971 -0.168694 0.235265
1.15281 -0.169208 0.23599
1.15593 -0.16973 0.236726
1.15774 -0.170037 0.237163
1.15954 -0.170347 0.2376
1.16135 -0.170658 0.238039
1.16316 -0.170968 0.238481
1.16487 -0.171264 0.238903
1.16619 -0.171494 0.239231
1.16751 -0.171724 0.23956
1.16884 -0.171956 0.239891
1.17016 -0.172189 0.240223
1.17148 -0.172424 0.240558
1.1746 -0.172978 0.241352
1.17771 -0.173534 0.242147
1.18082 -0.174093 0.24295
1.18393 -0.17465 0.243761
1.18705 -0.175207 0.244584
1.19019 -0.175767 0.245425
1.19333 -0.176323 0.246262
1.19648 -0.176867 0.247111
1.19962 -0.177401 0.247971
1.20268 -0.177914 0.248821
1.2027 -0.177917 0.248826
1.20271 -0.17792 0.24883
1.20273 -0.177922 0.248835
1.20274 -0.177925 0.248839
1.20276 -0.177927 0.248843
1.20595 -0.178459 0.249742
1.20914 -0.178985 0.250633
1.21234 -0.179505 0.251517
1.21553 -0.180015 0.252402
1.21871 -0.18051 0.253284
1.22186 -0.180985 0.254162
1.22501 -0.181466 0.255033
1.22815 -0.181946 0.255901
1.23131 -0.182426 0.256765
1.23445 -0.182898 0.257634
1.23756 -0.183357 0.258504
1.24068 -0.183824 0.259362
1.2438 -0.184291 0.260215
1.24692 -0.184761 0.261062
1.25002 -0.185231 0.2619
1.25245 -0.185593 0.26255
1.25488 -0.18596 0.2632
1.25731 -0.186329 0.263846
1.25974 -0.1867 0.264489
1.26224 -0.187081 0.265144
1.26289 -0.18718 0.265312
1.26354 -0.18728 0.26548
1.26418 -0.18738 0.265648
1.26483 -0.18748 0.265815
1.26548 -0.18758 0.265983
1.26592 -0.187649 0.266097
1.26636 -0.187718 0.266212
1.26681 -0.187787 0.266327
1.26725 -0.187857 0.266441
1.26767 -0.187923 0.26655
1.2703 -0.188338 0.26723
1.27294 -0.188756 0.267906
1.27557 -0.189177 0.268579
1.2782 -0.189601 0.269249
1.28083 -0.190028 0.269914
1.28393 -0.190543 0.270706
1.28704 -0.191057 0.271481
1.29014 -0.191577 0.272252
1.29325 -0.192108 0.273018
1.29634 -0.19265 0.27378
1.29951 -0.193209 0.274584
1.30269 -0.193771 0.27536
1.30587 -0.194341 0.276129
1.30904 -0.194925 0.276909
1.3122 -0.195514 0.277693
1.31399 -0.195865 0.278156
1.31578 -0.196213 0.278617
1.31757 -0.196561 0.279079
1.31935 -0.196909 0.279543
1.32112 -0.197255 0.280005
1.3227 -0.197566 0.280421
1.32429 -0.197876 0.280839
1.32587 -0.198185 0.281256
1.32745 -0.198491 0.281671
1.32904 -0.198793 0.282081
1.33206 -0.19935 0.28284
1.33507 -0.199904 0.283639
1.33808 -0.200447 0.284442
1.34109 -0.200981 0.28525
1.34415 -0.201513 0.286074
1.34423 -0.201526 0.286095
1.34431 -0.201539 0.286116
1.34438 -0.201553 0.286138
1.34446 -0.201566 0.286159
1.34454 -0.201579 0.28618
1.34767 -0.202112 0.287028
1.35079 -0.202634 0.287881
1.35392 -0.203146 0.288738
1.35706 -0.203622 0.289597
1.36018 -0.204053 0.290452
1.36274 -0.204405 0.291154
1.36531 -0.204709 0.29187
1.36788 -0.204992 0.292583
1.37046 -0.205265 0.293286
1.37287 -0.205511 0.293935
1.37346 -0.20557 0.294093
1.37406 -0.205629 0.294251
1.37465 -0.205687 0.29441
1.37524 -0.205744 0.294569
1.37583 -0.205801 0.294728
1.37899 -0.206107 0.295574
1.38215 -0.206406 0.296426
1.38531 -0.206702 0.29728
1.38847 -0.206999 0.298125
1.39163 -0.207295 0.298958
1.39485 -0.207598 0.29978
1.39807 -0.207904 0.300624
1.40128 -0.208212 0.301483
1.4045 -0.20852 0.302344
1.40775 -0.208835 0.303182
1.41088 -0.209143 0.303952
1.414 -0.209437 0.30476
1.41711 -0.209717 0.305604
1.42022 -0.209997 0.306447
1.4234 -0.210298 0.307279
1.42686 -0.210643 0.308152
1.43032 -0.211011 0.309052
1.43377 -0.21137 0.309955
1.43723 -0.211702 0.310847
1.44072 -0.212005 0.311725
1.44185 -0.212089 0.311997
1.44297 -0.212166 0.312271
1.44409 -0.212242 0.312545
1.44522 -0.212317 0.312818
1.44632 -0.21239 0.313086
1.4481 -0.212505 0.313516
1.44988 -0.212612 0.313946
1.45166 -0.212709 0.314378
1.45344 -0.212797 0.314811
1.45522 -0.212876 0.315245
1.45841 -0.213037 0.316013
1.46161 -0.213168 0.316809
1.4648 -0.213294 0.317615
1.46799 -0.213417 0.318427
1.47121 -0.21356 0.319238
1.47426 -0.213724 0.319984
1.47731 -0.213879 0.320759
1.48034 -0.21403 0.321554
1.48338 -0.21418 0.322355
1.48646 -0.21434 0.323162
1.48951 -0.214514 0.32394
1.49254 -0.214671 0.324734
1.49558 -0.214828 0.325523
1.49862 -0.21499 0.326303
1.50167 -0.215156 0.327076
1.50225 -0.215188 0.327219
1.50283 -0.215221 0.327363
1.5034 -0.215254 0.327507
1.50398 -0.215286 0.327651
1.50455 -0.215318 0.327792
1.50706 -0.21546 0.328415
1.50957 -0.2156 0.329041
1.51208 -0.215739 0.32967
1.51458 -0.215877 0.330301
1.5171 -0.216015 0.330937
1.52019 -0.216186 0.331701
1.52328 -0.216345 0.332476
1.52637 -0.216507 0.333242
1.52946 -0.21667 0.333998
1.53255 -0.216834 0.334744
1.53875 -0.217186 0.336185
1.54495 -0.217533 0.337617
1.55115 -0.217876 0.339036
1.55736 -0.218215 0.340442
1.56354 -0.218549 0.341828
1.56525 -0.218642 0.342205
1.56697 -0.218733 0.342586
1.56869 -0.218824 0.342966
1.5704 -0.218914 0.343346
1.57207 -0.219 0.343715
1.57293 -0.219044 0.343905
1.57379 -0.219088 0.344095
1.57465 -0.219132 0.344285
1.57551 -0.219176 0.344475
1.5764 -0.219221 0.344673
1.58 -0.219404 0.34547
1.58361 -0.219584 0.346268
1.58722 -0.219762 0.347065
1.59082 -0.219937 0.347862
1.59443 -0.22011 0.348658
1.60059 -0.220401 0.350018
1.60676 -0.220684 0.351381
1.61293 -0.220959 0.352745
1.6191 -0.221227 0.35411
1.62527 -0.221483 0.355474
1.63144 -0.22173 0.356835
1.63762 -0.221965 0.358203
1.6438 -0.222189 0.359572
1.64998 -0.222403 0.360942
1.65616 -0.222609 0.362314
1.66235 -0.222803 0.363675
1.66854 -0.222994 0.365052
1.67473 -0.223177 0.366431
1.68092 -0.223349 0.367812
1.68712 -0.22351 0.369198
1.6921 -0.223629 0.370298
1.69708 -0.223742 0.371413
1.70205 -0.223848 0.372526
1.70703 -0.223945 0.373635
1.71182 -0.224031 0.3747
1.71309 -0.224051 0.374981
1.71435 -0.224072 0.375262
1.71562 -0.224092 0.375544
1.71689 -0.224112 0.375826
1.71816 -0.224131 0.37611
1.72438 -0.224226 0.377501
1.73061 -0.224317 0.378894
1.73683 -0.224406 0.380295
1.74305 -0.224493 0.381705
1.74928 -0.224576 0.383121
1.7619 -0.224679 0.3859
1.77452 -0.224763 0.388711
1.78714 -0.224812 0.391506
1.79979 -0.224812 0.394183
1.8124 -0.224803 0.396825
1.82499 -0.22478 0.399293
1.83755 -0.224723 0.40192
1.85007 -0.224634 0.404687
1.8626 -0.224507 0.407449
1.87536 -0.224304 0.4101
1.88795 -0.224024 0.412537
1.90051 -0.223752 0.415122
1.91305 -0.223477 0.417819
1.92559 -0.223144 0.420483
1.93832 -0.222732 0.423123
1.95085 -0.222217 0.425605
1.96337 -0.221726 0.428155
1.9759 -0.221176 0.430682
1.98842 -0.220561 0.433177
2.00099 -0.219876 0.435644
2.00332 -0.219733 0.43609
2.00565 -0.219591 0.43654
2.00798 -0.219446 0.436988
2.01032 -0.219299 0.437434
2.01262 -0.219151 0.437875
2.02281 -0.218485 0.439816
2.033 -0.21779 0.44175
2.04319 -0.217065 0.443679
2.05337 -0.216313 0.445612
2.06357 -0.215531 0.44755
2.07604 -0.214514 0.449799
2.08849 -0.213497 0.452167
2.10094 -0.21244 0.454534
2.11338 -0.211343 0.4569
2.12591 -0.210153 0.459225
2.1384 -0.208792 0.46139
2.15089 -0.207488 0.46364
2.16337 -0.206195 0.465915
2.17586 -0.204841 0.468146
2.18838 -0.203391 0.470276
2.20077 -0.201813 0.472163
2.21315 -0.200266 0.474185
2.22552 -0.198657 0.476172
2.2379 -0.196977 0.478099
2.25035 -0.195215 0.479976
2.26036 -0.193675 0.481365
2.27036 -0.192146 0.482775
2.28037 -0.19057 0.48414
2.29037 -0.188945 0.485458
2.29889 -0.187518 0.486541
2.3016 -0.187051 0.486876
2.30432 -0.18658 0.487208
2.30703 -0.186106 0.487538
2.30974 -0.185628 0.487866
2.31246 -0.185147 0.488192
2.32495 -0.182922 0.489655
2.33744 -0.180624 0.491089
2.34992 -0.178268 0.492463
2.3624 -0.175854 0.493775
2.37494 -0.173372 0.495017
2.38744 -0.170885 0.496018
2.39993 -0.168318 0.497037
2.41242 -0.165708 0.497944
2.4249 -0.163056 0.498741
2.43746 -0.160345 0.499433
2.44996 -0.157617 0.499962
2.46245 -0.154835 0.500441
2.47494 -0.152018 0.50082
2.48743 -0.149166 0.501099
2.49997 -0.146258 0.501281
2.51248 -0.143335 0.501319
2.52496 -0.140355 0.501305
2.53744 -0.137341 0.5012
2.54992 -0.134298 0.501008
2.56248 -0.131197 0.500729
2.56748 -0.129957 0.500563
2.57247 -0.128702 0.500401
2.57747 -0.127445 0.500221
2.58246 -0.126186 0.500022
2.58717 -0.124997 0.499816
2.59473 -0.123084 0.49946
2.60229 -0.121168 0.499071
2.60985 -0.119246 0.498651
2.61741 -0.117321 0.498198
2.62499 -0.115384 0.497712
2.63749 -0.112261 0.49677
2.64997 -0.109065 0.495824
2.66245 -0.105877 0.494783
2.67492 -0.102697 0.49365
2.68749 -0.0995063 0.492408
2.69999 -0.0964468 0.491007
2.71247 -0.0932963 0.489594
2.72493 -0.0901126 0.488124
2.73739 -0.0869312 0.486581
2.75 -0.0837776 0.484872
2.7625 -0.0807564 0.482993
2.77498 -0.0776435 0.481129
2.78745 -0.0745224 0.47921
2.79991 -0.0714377 0.477195
2.8125 -0.0683429 0.47506
2.81737 -0.0671742 0.47419
2.82223 -0.0659919 0.473311
2.82709 -0.0648127 0.472418
2.83195 -0.0636365 0.471513
2.83666 -0.0624996 0.470623
2.84433 -0.0606517 0.469152
2.85199 -0.0588045 0.46765
2.85964 -0.0569579 0.466117
2.8673 -0.0551145 0.464554
2.875 -0.0532619 0.462949
2.8875 -0.05033 0.460365
2.89996 -0.0473412 0.45765
2.91241 -0.0443889 0.454869
2.92486 -0.0414801 0.452028
2.9375 -0.03857 0.449082
2.93856 -0.03833 0.448829
2.93962 -0.0380894 0.448576
2.94069 -0.0378491 0.448323
2.94175 -0.0376091 0.448069
2.94279 -0.0373742 0.44782
2.95423 -0.0347962 0.445076
2.96566 -0.0322301 0.442267
2.97708 -0.0296755 0.439391
2.98848 -0.027128 0.436456
3 -0.0245588 0.433431
3.0125 -0.0219474 0.430144
3.02495 -0.0192379 0.426756
3.03737 -0.016496 0.423285
3.0498 -0.0138309 0.41977
3.0625 -0.0111786 0.416136
3.07392 -0.00894287 0.412885
3.0853 -0.00667052 0.409542
3.09668 -0.00444157 0.406165
3.10807 -0.00225551 0.402753
3.12004 2.82257e-08 0.399128
3.12103 0.000182608 0.398824
3.12202 0.000364971 0.39852
3.12302 0.000547117 0.398216
3.12401 0.000729045 0.397912
3.125 0.000910827 0.397608
3.13166 0.00212773 0.395568
3.13832 0.003337 0.393511
3.14497 0.00454015 0.391443
3.15162 0.00573725 0.389366
3.15792 0.0068602 0.387406
3.16384 0.00790426 0.385574
3.16975 0.00893545 0.383729
3.17566 0.0099538 0.381873
3.18158 0.0109593 0.380004
3.1875 0.0119513 0.378129
3.2 0.0139848 0.374246
3.21246 0.0160114 0.370219
3.2249 0.0179833 0.366146
3.23735 0.0198922 0.362045
3.25 0.0217477 0.357948
3.2625 0.0234683 0.354065
3.27495 0.0251796 0.350034
3.28737 0.0268764 0.345865
3.2998 0.0285042 0.341739
3.3125 0.0300767 0.337611
3.31964 0.0308902 0.33538
3.32676 0.0317084 0.333108
3.33388 0.0325111 0.330838
3.34101 0.0332931 0.328581
3.34779 0.0340156 0.326453
3.35323 0.0345808 0.324755
3.35867 0.0351323 0.32305
3.36411 0.03567 0.321339
3.36955 0.036194 0.319623
3.375 0.0367021 0.317906
3.3875 0.0378084 0.31404
3.39996 0.0388869 0.310052
3.41242 0.0398966 0.306031
3.42488 0.0408368 0.301981
3.4375 0.0416979 0.298009
3.45 0.0424547 0.294261
3.46246 0.0431703 0.290388
3.47491 0.0438289 0.286455
3.48737 0.0444233 0.282547
3.5 0.0449348 0.278677
3.50915 0.0452167 0.275994
3.51828 0.0454954 0.273256
3.52742 0.0457395 0.270536
3.53657 0.0459437 0.267847
3.54547 0.0461039 0.265263
3.54888 0.0461511 0.264286
3.55228 0.0461925 0.26331
3.55569 0.0462282 0.262333
3.55909 0.0462582 0.261357
3.5625 0.0462829 0.260382
3.575 0.0463641 0.256845
3.58749 0.046361 0.253263
3.59997 0.0462815 0.249682
3.61246 0.0461253 0.246101
3.625 0.0459285 0.242586
3.6375 0.0457426 0.239265
3.64997 0.0454475 0.235852
3.66244 0.0450765 0.232431
3.67492 0.0446482 0.229045
3.6875 0.0441672 0.225713
3.7 0.0436535 0.222558
3.71248 0.043077 0.219336
3.72496 0.0424434 0.216123
3.73745 0.0417578 0.212973
3.75 0.0410198 0.209876
3.75507 0.0407117 0.208679
3.76013 0.0403875 0.207467
3.7652 0.0400553 0.206265
3.77027 0.0397152 0.205074
3.77535 0.0393664 0.203889
3.78278 0.038845 0.202171
3.79021 0.0383042 0.200462
3.79764 0.037744 0.198761
3.80507 0.0371645 0.197068
3.8125 0.0365662 0.195383
3.825 0.0356043 0.192641
3.83748 0.0345122 0.18985
3.84996 0.0333651 0.187083
3.86244 0.0321636 0.18434
3.875 0.0309398 0.181651
3.8875 0.0297517 0.179099
3.89998 0.0284595 0.176513
3.91245 0.0270622 0.173893
3.92492 0.0256294 0.171317
3.9375 0.0242432 0.168864
3.95 0.0229299 0.166573
3.96247 0.0214763 0.164218
3.97492 0.0199088 0.161829
3.98738 0.0183085 0.15949
4 0.0166859 0.157206
4.0125 0.0151065 0.155062
4.02498 0.0134345 0.152889
4.03747 0.011733 0.150764
4.04996 0.0100043 0.148691
4.0625 0.0082431 0.146662
4.06803 0.00747043 0.145805
4.07355 0.00667895 0.144944
4.07907 0.00588222 0.144092
4.0846 0.00508024 0.14325
4.09037 0.00423743 0.14238
4.09613 0.00338994 0.141521
4.10189 0.00253589 0.140669
4.10765 0.00167527 0.139823
4.11342 0.000810157 0.138986
4.1188 4.59653e-13 0.138214
4.12004 -0.00018722 0.138038
4.12128 -0.000374751 0.137862
4.12252 -0.000562653 0.137687
4.12376 -0.000750964 0.137512
4.125 -0.000939685 0.137338
4.1375 -0.00283875 0.135585
4.15 -0.00477902 0.13387
4.1625 -0.00675132 0.132193
4.175 -0.00875565 0.130556
4.1875 -0.0107926 0.128957
4.2 -0.0127696 0.127457
4.21248 -0.0148662 0.125935
4.22495 -0.0169978 0.124448
4.23743 -0.0191622 0.122998
4.25 -0.0213364 0.121581
4.2625 -0.0234399 0.120224
4.27499 -0.0256385 0.118893
4.28746 -0.0279248 0.117591
4.29993 -0.030236 0.11633
4.3125 -0.0324825 0.115177
4.325 -0.0346319 0.114147
4.33748 -0.0368924 0.113085
4.34993 -0.0392674 0.111984
4.36238 -0.0416531 0.110919
4.375 -0.0440249 0.109893
4.3875 -0.0463181 0.108932
4.39999 -0.0486981 0.107995
4.41247 -0.0511003 0.107092
4.42496 -0.0535078 0.106229
4.4375 -0.0559323 0.105402
4.44443 -0.0572458 0.104988
4.45135 -0.0585858 0.104566
4.45828 -0.0599275 0.104157
4.4652 -0.0612708 0.103759
4.47153 -0.0625 0.103406
4.47723 -0.0636066 0.103098
4.48292 -0.0647178 0.102796
4.48861 -0.0658326 0.1025
4.4943 -0.066951 0.10221
4.5 -0.0680738 0.101926
4.5125 -0.0705078 0.101335
4.52499 -0.0729969 0.100753
4.53748 -0.0755052 0.100199
4.54996 -0.0780353 0.0996747
4.5625 -0.0805787 0.0991735
4.575 -0.0830343 0.0986827
4.58749 -0.0855706 0.0982309
4.59996 -0.0881425 0.0978103
4.61244 -0.0907152 0.0974147
4.625 -0.0932766 0.0970544
4.6375 -0.0957454 0.096761
4.64998 -0.0982916 0.0964447
4.66246 -0.100861 0.0961376
4.67494 -0.103433 0.0958524
4.6875 -0.106003 0.0955856
4.7 -0.108484 0.0953278
4.71249 -0.111038 0.0951057
4.72497 -0.113604 0.094909
4.73746 -0.116156 0.0947406
4.75 -0.118705 0.0945998
4.75633 -0.119964 0.0945538
4.76266 -0.121238 0.0945042
4.76899 -0.122507 0.0944617
4.77532 -0.123774 0.0944263
4.78146 -0.125 0.0943987
4.78767 -0.126235 0.0943776
4.79388 -0.12747 0.0943622
4.80009 -0.128706 0.0943526
4.80629 -0.129942 0.0943486
4.8125 -0.131178 0.0943497
4.825 -0.133637 0.0943718
4.83749 -0.136126 0.0944052
4.84999 -0.138616 0.0944617
4.86248 -0.141107 0.0945414
4.875 -0.143583 0.0946343
4.8875 -0.145962 0.0947075
4.89999 -0.148401 0.094827
4.91248 -0.150835 0.0949662
4.92497 -0.153255 0.0951214
4.9375 -0.155662 0.0952943
4.95 -0.157989 0.0954994
4.96249 -0.160356 0.0956987
4.97499 -0.162722 0.0959082
4.98748 -0.165075 0.0961318
5 -0.167401 0.0963628
5.0125 -0.169634 0.0965735
5.02499 -0.171921 0.0968271
5.03748 -0.174212 0.0971031
5.04997 -0.17648 0.0973958
5.0625 -0.178731 0.0977059
5.07255 -0.180485 0.0979782
5.0826 -0.182252 0.0982496
5.09266 -0.184004 0.0985317
5.10271 -0.185741 0.0988243
5.11298 -0.1875 0.0991337
5.11539 -0.187908 0.0992083
5.11779 -0.188315 0.0992836
5.12019 -0.188722 0.0993594
5.1226 -0.189128 0.0994358
5.125 -0.189533 0.0995128
5.1375 -0.191633 0.0999137
5.15 -0.193728 0.100334
5.1625 -0.195811 0.100771
5.175 -0.197881 0.101227
5.1875 -0.199938 0.101701
5.2 -0.201906 0.102137
5.21249 -0.203925 0.102634
5.22498 -0.205942 0.103157
5.23747 -0.207945 0.103697
5.25 -0.209913 0.104245
5.2625 -0.211811 0.104789
5.275 -0.21373 0.10536
5.28749 -0.215668 0.105954
5.29998 -0.217581 0.106557
5.3125 -0.219401 0.107116
5.325 -0.221122 0.107628
5.33749 -0.22289 0.108196
5.34997 -0.224704 0.108823
5.36246 -0.226501 0.109465
5.375 -0.228244 0.110105
5.3875 -0.229918 0.110738
5.4 -0.231608 0.111389
5.41249 -0.233294 0.112055
5.42499 -0.234954 0.112727
5.4375 -0.236574 0.113394
5.45 -0.238108 0.114022
5.46249 -0.239686 0.114708
5.47499 -0.241238 0.115398
5.48748 -0.242765 0.116092
5.5 -0.244269 0.116794
5.50981 -0.245415 0.117343
5.51961 -0.246559 0.1179
5.52942 -0.247687 0.118461
5.53923 -0.248802 0.119026
5.54992 -0.25 0.119643
5.55244 -0.250278 0.119789
5.55495 -0.250555 0.119935
5.55747 -0.250831 0.120081
5.55998 -0.251106 0.120228
5.5625 -0.251381 0.120375
5.575 -0.252739 0.121102
5.5875 -0.254083 0.121844
5.6 -0.255409 0.122594
5.61251 -0.256717 0.123352
5.625 -0.258006 0.124119
5.6375 -0.259232 0.124855
5.64999 -0.260488 0.12564
5.66249 -0.261726 0.126434
5.67499 -0.262946 0.127235
5.6875 -0.264148 0.128043
5.7 -0.265298 0.128805
5.7125 -0.266459 0.129618
5.72499 -0.267601 0.130437
5.73749 -0.26872 0.131255
5.75 -0.269817 0.132073
5.7625 -0.270832 0.132836
5.77499 -0.271887 0.133653
5.78749 -0.272922 0.134471
5.79998 -0.273934 0.135287
5.8125 -0.274927 0.136104
5.825 -0.275883 0.136895
5.8375 -0.276832 0.137709
5.85 -0.277761 0.138521
5.8625 -0.278669 0.139332
5.875 -0.279557 0.140143
5.88414 -0.280182 0.140725
5.89327 -0.280808 0.141318
5.90241 -0.281424 0.14191
5.91154 -0.28203 0.142502
5.92009 -0.282588 0.143055
5.92357 -0.282811 0.14328
5.92705 -0.283033 0.143505
5.93053 -0.283254 0.143731
5.93402 -0.283473 0.143956
5.9375 -0.283691 0.144182
5.95 -0.284467 0.144986
5.9625 -0.285227 0.145797
5.975 -0.285969 0.14661
5.9875 -0.286696 0.147425
6 -0.287407 0.148242
6.0125 -0.288108 0.149038
6.025 -0.288789 0.149858
6.0375 -0.289453 0.15068
6.05 -0.290103 0.151504
6.0625 -0.290735 0.152329
6.075 -0.291339 0.153114
6.0875 -0.291939 0.153938
6.1 -0.292524 0.154763
6.11249 -0.293093 0.155589
6.125 -0.293649 0.156416
6.1375 -0.294207 0.15719
6.15 -0.294734 0.158009
6.1625 -0.295243 0.158836
6.175 -0.295738 0.159663
6.1875 -0.296214 0.160473
6.2 -0.296665 0.16123
6.2125 -0.297116 0.162032
6.22499 -0.297559 0.162842
6.23749 -0.297989 0.163647
6.25 -0.298411 0.164441
6.2625 -0.298839 0.165185
6.275 -0.299235 0.16597
6.2875 -0.299618 0.166753
6.3 -0.299989 0.167533
6.3125 -0.300349 0.168307
6.325 -0.30069 0.169032
6.3375 -0.301027 0.169794
6.35 -0.301355 0.170551
6.3625 -0.301671 0.171304
6.375 -0.301977 0.172052
6.3875 -0.302291 0.172761
6.4 -0.302575 0.173498
6.4125 -0.30285 0.17423
6.425 -0.303114 0.174958
6.4375 -0.303369 0.17568
6.45 -0.30361 0.176368
6.4625 -0.303845 0.177079
6.475 -0.304071 0.177785
6.4875 -0.304288 0.178486
6.5 -0.304495 0.179183
6.5125 -0.304707 0.179853
6.525 -0.304894 0.180539
6.5375 -0.305073 0.181221
6.55 -0.305242 0.181898
6.5625 -0.305403 0.18257
6.575 -0.305554 0.183216
6.5875 -0.305698 0.183877
6.6 -0.305833 0.184533
6.6125 -0.30596 0.185184
6.625 -0.306078 0.18583
6.6375 -0.306201 0.186456
6.65 -0.306302 0.187092
6.6625 -0.306395 0.187723
6.675 -0.306481 0.188349
6.6875 -0.306559 0.188971
6.7 -0.306629 0.189571
6.7125 -0.306692 0.190182
6.725 -0.306747 0.190788
6.7375 -0.306795 0.191388
6.75 -0.306835 0.191984
6.7625 -0.306879 0.192563
6.775 -0.306904 0.193149
6.7875 -0.306923 0.19373
6.8 -0.306934 0.194306
6.8125 -0.306939 0.194876
6.825 -0.306938 0.195429
6.8375 -0.306928 0.195989
6.85 -0.306913 0.196544
6.8625 -0.30689 0.197094
6.875 -0.306862 0.197639
6.8875 -0.306838 0.198168
6.9 -0.306795 0.198703
6.9125 -0.306747 0.199232
6.925 -0.306693 0.199756
6.9375 -0.306632 0.200276
6.95 -0.306568 0.200777
6.9625 -0.306495 0.201283
6.975 -0.306418 0.201783
6.9875 -0.306334 0.202277
7 -0.306245 0.202764
7.0125 -0.306157 0.203241
7.025 -0.306057 0.203716
7.0375 -0.305952 0.204185
7.05 -0.305843 0.204647
7.0625 -0.305728 0.205104
7.06458 -0.305708 0.205178
7.06666 -0.305688 0.205253
7.06874 -0.305667 0.205328
7.07081 -0.305647 0.205402
7.07293 -0.305626 0.205477
7.08334 -0.305523 0.205848
7.09376 -0.305417 0.206215
7.10417 -0.305307 0.206578
7.11459 -0.305193 0.206937
7.125 -0.305077 0.207292
7.1375 -0.304937 0.207711
7.15 -0.304789 0.208128
7.1625 -0.304636 0.208538
7.175 -0.304479 0.208944
7.1875 -0.304317 0.209343
7.2 -0.304164 0.209731
7.2125 -0.303995 0.210119
7.225 -0.303821 0.210503
7.2375 -0.303643 0.21088
7.25 -0.303462 0.211253
7.2625 -0.303288 0.211612
7.275 -0.3031 0.211973
7.2875 -0.302907 0.212329
7.3 -0.302711 0.212679
7.3125 -0.302511 0.213023
7.325 -0.302331 0.213351
7.3375 -0.302125 0.213684
7.35 -0.301915 0.214012
7.3625 -0.301702 0.214335
7.375 -0.301486 0.214652
7.3875 -0.301286 0.214952
7.4 -0.301064 0.215258
7.4125 -0.300839 0.215559
7.425 -0.300612 0.215853
7.4375 -0.300381 0.216143
7.45 -0.30018 0.216412
7.4625 -0.299944 0.21669
7.475 -0.299707 0.216963
7.4875 -0.299466 0.217231
7.5 -0.299222 0.217493
7.5125 -0.299002 0.217737
7.525 -0.298755 0.217988
7.5375 -0.298505 0.218234
7.55 -0.298253 0.218474
7.5625 -0.298 0.218709
7.575 -0.297782 0.218922
7.5875 -0.297527 0.219145
7.6 -0.297268 0.219364
7.6125 -0.297006 0.219577
7.625 -0.296746 0.219783
7.6375 -0.296509 0.219972
7.65 -0.296247 0.220167
7.6625 -0.29598 0.220359
7.675 -0.29571 0.220545
7.6875 -0.295447 0.220723
7.7 -0.295217 0.220882
7.7125 -0.294953 0.221049
7.725 -0.29468 0.221213
7.7375 -0.294404 0.221372
7.75 -0.294135 0.221523
7.7625 -0.29389 0.221658
7.775 -0.293621 0.221797
7.7875 -0.293344 0.221935
7.8 -0.293066 0.222066
7.8125 -0.292799 0.222188
7.825 -0.292566 0.222292
7.8375 -0.292299 0.222402
7.85 -0.292022 0.22251
7.8625 -0.291744 0.222612
7.875 -0.291476 0.222705
7.8875 -0.291234 0.222782
7.9 -0.290971 0.222864
7.9125 -0.290702 0.222943
7.925 -0.290436 0.223016
7.9375 -0.290184 0.223079
7.95 -0.289965 0.223125
7.9625 -0.289705 0.223173
7.975 -0.289428 0.223218
7.9875 -0.289153 0.223259
8 -0.288898 0.223292
8.025 -0.288481 0.223334
8.05 -0.288072 0.223353
8.075 -0.28769 0.223349
8.1 -0.287365 0.223319
8.125 -0.287151 0.223224
8.15 -0.287075 0.223034
8.175 -0.286792 0.222875
8.2 -0.286434 0.222727
8.22499 -0.286114 0.222567
8.25 -0.285875 0.222361
8.3 -0.285761 0.221792
8.35 -0.285615 0.221155
8.4 -0.285539 0.220486
8.45 -0.285658 0.219814
8.5 -0.285971 0.219139
8.55 -0.286296 0.218208
8.6 -0.286637 0.217463
8.65001 -0.286965 0.216703
8.70001 -0.287313 0.215923
8.75 -0.287682 0.215124
8.8 -0.28821 0.214202
8.85 -0.288572 0.213333
8.9 -0.288948 0.212452
8.95001 -0.289329 0.211559
9 -0.289667 0.210646
9.1 -0.290314 0.20843
9.2 -0.291064 0.206292
9.30001 -0.291064 0.204441
9.40002 -0.290852 0.202534
9.5 -0.290505 0.200536
9.6 -0.290572 0.199137
9.69999 -0.29004 0.197228
9.79998 -0.289583 0.19547
9.89998 -0.289086 0.193788
10 -0.288537 0.192173
10.1166 -0.288085 0.190839
10.2331 -0.28769 0.189627
10.3497 -0.287389 0.188585
10.4663 -0.28718 0.187709
10.5991 -0.287026 0.18687
10.6793 -0.286948 0.186415
10.7594 -0.286891 0.185995
10.8396 -0.286856 0.185609
10.9198 -0.286841 0.185259
11 -0.28681 0.184941
11.2 -0.286626 0.184223
11.4 -0.286702 0.183417
11.6 -0.286845 0.182637
11.8 -0.287057 0.181883
12 -0.287194 0.181221
12.2 -0.287065 0.180718
12.4 -0.287228 0.180119
12.6 -0.287531 0.179486
12.8 -0.287845 0.17889
13 -0.288038 0.178375
13.2 -0.287944 0.177992
13.4 -0.288147 0.177503
13.6 -0.28849 0.176965
13.8 -0.288836 0.176445
14 -0.28905 0.175991
14.2 -0.288968 0.17566
14.4 -0.289196 0.175225
14.6 -0.289529 0.174713
14.8 -0.289853 0.174204
15 -0.290074 0.173742
-1.001 -0.05 0.422153
-1.00079 -0.0500005 0.422154
-1.00059 -0.0500009 0.422156
-1.00038 -0.0500014 0.422157
-1.00017 -0.0500019 0.422158
-0.999965 -0.0500023 0.42216
-0.987463 -0.0500308 0.422248
-0.974961 -0.0500619 0.422338
-0.962459 -0.0500939 0.422428
-0.949957 -0.0501265 0.42252
-0.937455 -0.0501599 0.422612
-0.924954 -0.0501913 0.422706
-0.912453 -0.0502246 0.4228
-0.899952 -0.0502594 0.422897
-0.887451 -0.0502955 0.422994
-0.87495 -0.0503331 0.423093
-0.862498 -0.0503698 0.423192
-0.850047 -0.0504086 0.423293
-0.837595 -0.0504496 0.423395
-0.825143 -0.0504926 0.423498
-0.812691 -0.0505376 0.423602
-0.800505 -0.0505818 0.423706
-0.788319 -0.0506282 0.42381
-0.776133 -0.0506775 0.423917
-0.763947 -0.0507296 0.424024
-0.751761 -0.0507846 0.424133
-0.739219 -0.0508418 0.424245
-0.726677 -0.0509022 0.424359
-0.714134 -0.0509671 0.424475
-0.701592 -0.0510362 0.424593
-0.689049 -0.0511095 0.424712
-0.676514 -0.0511846 0.424834
-0.663978 -0.0512637 0.424957
-0.651442 -0.0513493 0.425082
-0.638906 -0.0514414 0.42521
-0.62637 -0.0515401 0.425341
-0.613862 -0.0516414 0.425473
-0.601354 -0.0517501 0.425608
-0.588847 -0.0518692 0.425747
-0.576339 -0.0519986 0.42589
-0.56383 -0.0521385 0.426037
-0.551325 -0.0522852 0.426187
-0.538821 -0.0524437 0.426344
-0.526317 -0.0526201 0.426509
-0.513813 -0.0528146 0.426681
-0.501307 -0.0530276 0.426861
-0.488824 -0.0532499 0.427046
-0.476342 -0.0535028 0.427249
-0.463862 -0.0537915 0.427468
-0.451382 -0.0541165 0.427702
-0.438893 -0.0544787 0.427953
-0.432655 -0.0546808 0.428091
-0.426418 -0.0548918 0.428236
-0.420181 -0.0551176 0.428389
-0.413945 -0.0553602 0.42855
-0.407704 -0.0556213 0.428719
-0.401466 -0.0559052 0.428896
-0.395229 -0.056213 0.429085
-0.388995 -0.056551 0.429286
-0.382762 -0.0569204 0.429498
-0.376512 -0.0573244 0.429721
-0.370208 -0.0577624 0.429963
-0.363909 -0.0582504 0.430221
-0.357615 -0.0587929 0.430494
-0.351327 -0.0593869 0.43078
-0.344991 -0.0600386 0.431083
-0.339351 -0.0606861 0.431372
-0.33372 -0.0613962 0.431678
-0.328098 -0.0621747 0.431996
-0.322488 -0.0630218 0.432325
-0.320848 -0.0632898 0.432425
-0.319351 -0.06354 0.432516
-0.317855 -0.0637949 0.432609
-0.31636 -0.0640549 0.432702
-0.314866 -0.0643203 0.432796
-0.313363 -0.0645948 0.432891
-0.306939 -0.0658106 0.433313
-0.300535 -0.0671275 0.43373
-0.294154 -0.0685522 0.434159
-0.287802 -0.0701015 0.434576
-0.281223 -0.071833 0.434968
-0.278039 -0.0727017 0.435126
-0.274858 -0.073583 0.435266
-0.271679 -0.0744731 0.43539
-0.268502 -0.0753715 0.4355
-0.265301 -0.076291 0.435596
-0.263452 -0.0768424 0.435644
-0.261601 -0.0773901 0.43568
-0.25975 -0.0779364 0.435709
-0.257898 -0.0784793 0.435729
-0.25597 -0.0790413 0.435742
-0.254546 -0.0794537 0.435745
-0.253122 -0.0798664 0.435745
-0.251698 -0.0802794 0.435741
-0.250274 -0.0806927 0.435733
-0.248847 -0.0811063 0.435722
-0.245497 -0.0820695 0.435685
-0.24214 -0.0830039 0.435615
-0.238777 -0.0839151 0.435512
-0.235409 -0.0848038 0.435378
-0.232091 -0.0856495 0.435223
-0.22901 -0.0864063 0.435058
-0.225921 -0.0871246 0.434866
-0.222826 -0.0878076 0.434651
-0.219725 -0.0884558 0.434415
-0.21665 -0.0890654 0.434155
-0.213804 -0.0895603 0.433891
-0.210958 -0.0900374 0.433604
-0.208108 -0.0904799 0.433306
-0.205253 -0.0908859 0.432998
-0.20242 -0.0912524 0.432684
-0.199475 -0.0915848 0.432355
-0.196525 -0.0918608 0.432016
-0.193572 -0.0920965 0.431674
-0.190617 -0.0922921 0.43133
-0.187699 -0.0924483 0.430989
-0.184603 -0.0925747 0.430634
-0.181504 -0.0926429 0.430285
-0.178403 -0.0926728 0.429941
-0.175303 -0.0926635 0.429601
-0.172232 -0.0926142 0.429268
-0.169149 -0.0925441 0.428928
-0.166065 -0.0924402 0.428607
-0.162982 -0.0923174 0.42829
-0.159898 -0.0921854 0.427977
-0.156815 -0.0920441 0.427668
-0.153805 -0.0919209 0.427364
-0.150796 -0.0917527 0.427069
-0.147788 -0.0915714 0.426776
-0.14478 -0.0913802 0.426484
-0.141764 -0.0911813 0.42619
-0.138752 -0.0909948 0.425882
-0.135739 -0.0907942 0.425587
-0.132725 -0.0905947 0.425293
-0.129712 -0.0903977 0.425
-0.1267 -0.0902033 0.424708
-0.125082 -0.0901037 0.424551
-0.123465 -0.0899984 0.424395
-0.121848 -0.0898923 0.42424
-0.12023 -0.0897852 0.424086
-0.118521 -0.0896712 0.423923
-0.117114 -0.0895765 0.42379
-0.115707 -0.0894795 0.423657
-0.114301 -0.0893802 0.423525
-0.112894 -0.0892785 0.423393
-0.111487 -0.0891742 0.423262
-0.108302 -0.0889407 0.422973
-0.105117 -0.0886934 0.422686
-0.101931 -0.088463 0.422405
-0.098743 -0.0882509 0.42213
-0.0955558 -0.0880579 0.42186
-0.0921234 -0.0878962 0.421592
-0.0886921 -0.0877152 0.421324
-0.0852594 -0.0875492 0.421063
-0.0818253 -0.0873988 0.42081
-0.0784 -0.0872631 0.420568
-0.0750742 -0.0871642 0.420377
-0.0717491 -0.0870984 0.420161
-0.0684231 -0.0870567 0.419953
-0.0650963 -0.0870389 0.419754
-0.0617802 -0.0870459 0.419567
-0.0585561 -0.0870555 0.419429
-0.0553348 -0.0871534 0.419264
-0.052115 -0.0872976 0.419105
-0.0488973 -0.0874906 0.418954
-0.045645 -0.0877376 0.418809
-0.0441862 -0.0878642 0.418747
-0.0427295 -0.0880118 0.418681
-0.0412742 -0.088172 0.418615
-0.0398207 -0.0883493 0.418551
-0.0393355 -0.0884146 0.41853
-0.0371543 -0.0887174 0.418437
-0.0349795 -0.0890639 0.418348
-0.0328122 -0.0894554 0.418263
-0.0306536 -0.089893 0.418181
-0.0284183 -0.0903976 0.418101
-0.024585 -0.0913404 0.417962
-0.0207835 -0.0924036 0.417816
-0.0169838 -0.0934733 0.417672
-0.0131873 -0.0945544 0.41753
-0.00943193 -0.0960816 0.417428
-0.00752597 -0.0970962 0.417398
-0.00567269 -0.0982044 0.417384
-0.00385348 -0.0993677 0.417376
-0.00201526 -0.100501 0.417364
-0.000558833 -0.101337 0.41735
-0.000279701 -0.101485 0.417346
-1.94321e-06 -0.101636 0.417343
0.000274427 -0.101789 0.417341
0.000550179 -0.101944 0.417339
0.000804447 -0.102081 0.417337
0.00201484 -0.10271 0.417325
0.00321407 -0.10336 0.41731
0.0044107 -0.104015 0.417292
0.00561122 -0.104662 0.417267
0.00683485 -0.105351 0.417231
0.00802505 -0.10597 0.417176
0.00916682 -0.106674 0.417116
0.0103059 -0.107382 0.417043
0.011443 -0.108091 0.41696
0.0128497 -0.108952 0.416848
0.0136871 -0.109445 0.416774
0.0145152 -0.109956 0.41671
0.0153351 -0.110481 0.416655
0.0161559 -0.111004 0.4166
0.0170569 -0.111562 0.416531
0.0203662 -0.113513 0.416237
0.0235321 -0.115695 0.415989
0.0267171 -0.117848 0.415736
0.0299274 -0.119963 0.415474
0.032163 -0.121378 0.415286
0.0326214 -0.121649 0.415245
0.0330857 -0.121908 0.4152
0.0335559 -0.122156 0.415151
0.0340329 -0.122389 0.415096
0.0344725 -0.122584 0.415039
0.0363293 -0.123273 0.414761
0.0381554 -0.12399 0.414371
0.0399775 -0.12471 0.413968
0.0417996 -0.12543 0.413565
0.0437889 -0.126139 0.413163
0.0468611 -0.126995 0.41266
0.0498465 -0.128038 0.412008
0.0527856 -0.129165 0.411289
0.0557405 -0.130253 0.410576
0.0593613 -0.131458 0.40976
0.0628063 -0.132393 0.40908
0.0662187 -0.133402 0.408344
0.0696395 -0.134383 0.407609
0.073082 -0.135301 0.406894
0.0765809 -0.136166 0.40619
0.0781262 -0.13648 0.405903
0.0796678 -0.136807 0.40561
0.0812119 -0.137125 0.405321
0.0827586 -0.137435 0.405036
0.0843149 -0.137736 0.404754
0.0843974 -0.137752 0.404739
0.0844799 -0.137767 0.404724
0.0845624 -0.137783 0.40471
0.0846449 -0.137798 0.404695
0.0847274 -0.137814 0.40468
0.0862468 -0.138098 0.404409
0.0877682 -0.138373 0.40414
0.0892915 -0.138639 0.403873
0.0908167 -0.138897 0.403608
0.0923214 -0.139142 0.403348
0.0956319 -0.139696 0.402786
0.0989491 -0.140209 0.402225
0.10227 -0.1407 0.401666
0.105594 -0.141169 0.401109
0.108872 -0.14161 0.400565
0.112029 -0.142053 0.400035
0.115193 -0.142471 0.399526
0.11836 -0.142877 0.399026
0.12153 -0.143272 0.398535
0.124674 -0.143669 0.398058
0.127806 -0.144092 0.397597
0.130944 -0.144491 0.397145
0.134085 -0.144869 0.396703
0.137228 -0.145243 0.39627
0.140343 -0.145622 0.395848
0.143444 -0.146007 0.395435
0.146547 -0.146388 0.395032
0.149651 -0.14677 0.394641
0.152756 -0.147156 0.39426
0.155854 -0.14755 0.393892
0.159044 -0.147973 0.393533
0.162235 -0.148383 0.393178
0.165428 -0.148794 0.392835
0.168623 -0.149203 0.392504
0.171808 -0.149619 0.392192
0.17472 -0.150011 0.39194
0.177633 -0.150398 0.391692
0.180546 -0.150793 0.39145
0.183458 -0.151197 0.391214
0.186975 -0.151695 0.390937
0.18709 -0.151712 0.390928
0.187205 -0.151728 0.39092
0.18732 -0.151745 0.390911
0.187435 -0.151762 0.390902
0.18755 -0.151779 0.390893
0.191151 -0.152304 0.390621
0.194752 -0.15284 0.390354
0.198354 -0.153374 0.390101
0.201957 -0.153906 0.389859
0.205343 -0.154405 0.389645
0.208098 -0.15481 0.389481
0.210853 -0.155218 0.389323
0.213608 -0.155629 0.389174
0.216363 -0.156044 0.389032
0.219119 -0.156463 0.388897
0.225458 -0.157417 0.388602
0.231801 -0.15835 0.388331
0.23815 -0.159249 0.388075
0.244497 -0.160159 0.387818
0.25081 -0.161074 0.387563
0.257251 -0.161982 0.38735
0.263696 -0.162865 0.387148
0.270144 -0.163725 0.386949
0.276595 -0.164566 0.386746
0.283012 -0.165386 0.386473
0.289586 -0.166209 0.386076
0.296172 -0.166964 0.385751
0.30276 -0.167703 0.385428
0.309348 -0.168423 0.385071
0.315883 -0.16908 0.384668
0.319125 -0.169391 0.384421
0.322367 -0.169703 0.384165
0.325607 -0.170025 0.383886
0.328842 -0.170358 0.383582
0.332101 -0.170694 0.383246
0.335334 -0.171096 0.382833
0.33856 -0.171519 0.382385
0.341772 -0.171974 0.381871
0.344967 -0.17247 0.381297
0.348273 -0.173032 0.38063
0.351031 -0.173544 0.380001
0.353756 -0.174152 0.379317
0.356426 -0.17487 0.378532
0.359028 -0.175705 0.377642
0.359464 -0.175866 0.377484
0.360379 -0.17621 0.377151
0.361292 -0.176562 0.37682
0.362202 -0.176923 0.376491
0.36311 -0.177292 0.376164
0.364037 -0.17768 0.375827
0.365709 -0.178404 0.375194
0.367332 -0.179203 0.374528
0.368928 -0.180046 0.373848
0.370558 -0.180853 0.373206
0.371786 -0.181381 0.372791
0.373459 -0.182004 0.372309
0.375138 -0.182623 0.371844
0.376797 -0.183277 0.371358
0.378438 -0.183962 0.370854
0.380138 -0.184669 0.370329
0.383119 -0.18582 0.369451
0.386077 -0.187026 0.368569
0.389041 -0.188234 0.367712
0.392042 -0.189403 0.36693
0.395029 -0.190523 0.366187
0.397822 -0.191519 0.365549
0.400611 -0.192506 0.364884
0.403404 -0.193488 0.364227
0.4062 -0.194466 0.363578
0.408988 -0.195436 0.362939
0.409511 -0.195616 0.362821
0.410033 -0.1958 0.362702
0.410556 -0.195983 0.362584
0.411078 -0.196165 0.362465
0.411589 -0.196343 0.362349
0.412001 -0.196485 0.362256
0.412412 -0.196627 0.362162
0.412824 -0.196768 0.362067
0.413236 -0.196909 0.361972
0.41366 -0.197053 0.361875
0.416047 -0.197863 0.361332
0.418441 -0.198655 0.360796
0.420844 -0.199426 0.36027
0.423259 -0.200169 0.359757
0.425629 -0.200864 0.359273
0.428207 -0.201612 0.35877
0.430776 -0.202394 0.358269
0.433339 -0.203197 0.357772
0.435905 -0.203996 0.357285
0.438563 -0.204789 0.356816
0.441795 -0.205617 0.356351
0.445018 -0.206487 0.355899
0.448236 -0.207378 0.355454
0.451455 -0.208261 0.354998
0.454961 -0.209184 0.354509
0.45789 -0.209858 0.354109
0.460816 -0.210552 0.353717
0.463746 -0.211231 0.353333
0.466684 -0.211882 0.352961
0.469593 -0.212537 0.352615
0.471302 -0.21291 0.352416
0.473011 -0.21328 0.352221
0.474721 -0.213648 0.352028
0.476433 -0.214011 0.351839
0.47827 -0.214396 0.351639
0.48007 -0.214764 0.351448
0.481872 -0.215128 0.351259
0.483675 -0.215485 0.351075
0.485479 -0.215838 0.350893
0.48727 -0.216182 0.350717
0.490011 -0.216704 0.350452
0.492757 -0.217208 0.350201
0.495506 -0.217704 0.349964
0.498259 -0.218187 0.349752
0.50096 -0.218641 0.349569
0.503979 -0.219136 0.349386
0.507003 -0.219601 0.349217
0.51003 -0.220061 0.349059
0.513056 -0.220521 0.348903
0.516023 -0.220975 0.348752
0.519233 -0.221476 0.348599
0.522446 -0.221958 0.348481
0.52566 -0.222438 0.348365
0.528875 -0.222918 0.34825
0.532019 -0.223389 0.348159
0.53526 -0.223871 0.348097
0.538507 -0.224312 0.348124
0.541745 -0.224817 0.348164
0.544972 -0.225383 0.348213
0.548258 -0.225996 0.348272
0.549484 -0.226282 0.348263
0.550707 -0.22658 0.348276
0.551928 -0.226887 0.348301
0.55315 -0.227188 0.348316
0.554203 -0.22744 0.34832
0.556475 -0.22797 0.348304
0.558744 -0.228515 0.348295
0.561007 -0.229082 0.348294
0.563263 -0.229679 0.348305
0.565512 -0.230319 0.348332
0.568215 -0.230927 0.348285
0.570902 -0.231602 0.348338
0.573587 -0.23229 0.34836
0.57627 -0.232983 0.348359
0.579039 -0.233696 0.348349
0.581982 -0.23442 0.348343
0.584928 -0.235134 0.34834
0.587878 -0.235827 0.348333
0.590834 -0.2365 0.348323
0.592694 -0.236909 0.348314
0.592908 -0.236955 0.348312
0.593122 -0.237001 0.348312
0.593336 -0.237048 0.348311
0.59355 -0.237094 0.34831
0.593764 -0.23714 0.348308
0.596786 -0.237788 0.348287
0.59981 -0.238425 0.348266
0.602837 -0.239051 0.348241
0.605869 -0.239653 0.348211
0.608901 -0.24022 0.348176
0.612018 -0.240707 0.348118
0.615135 -0.241184 0.347999
0.618252 -0.241662 0.347864
0.621373 -0.242103 0.347719
0.624511 -0.242503 0.34757
0.627808 -0.242862 0.347423
0.631101 -0.243216 0.347208
0.634395 -0.243556 0.34697
0.637692 -0.243854 0.346731
0.640985 -0.24411 0.346506
0.64262 -0.24421 0.34641
0.644256 -0.244302 0.346306
0.645891 -0.24439 0.346196
0.647527 -0.244467 0.346087
0.649756 -0.244552 0.345942
0.65134 -0.244594 0.345843
0.652925 -0.24462 0.345746
0.654511 -0.244632 0.34565
0.656096 -0.244629 0.345553
0.657671 -0.244622 0.345456
0.66088 -0.244618 0.345252
0.664088 -0.244595 0.345045
0.667297 -0.244543 0.344849
0.670505 -0.244461 0.344665
0.674063 -0.244355 0.344463
0.674281 -0.244347 0.344451
0.674499 -0.24434 0.344439
0.674717 -0.244332 0.344427
0.674935 -0.244325 0.344414
0.675155 -0.244317 0.344402
0.678214 -0.244211 0.344229
0.681273 -0.244092 0.344057
0.684331 -0.243962 0.343887
0.68739 -0.243828 0.34374
0.690416 -0.24369 0.343625
0.69355 -0.243645 0.343504
0.696683 -0.243507 0.343408
0.699815 -0.243359 0.343314
0.702948 -0.243223 0.34322
0.706087 -0.2431 0.343125
0.708006 -0.243091 0.343081
0.709924 -0.243044 0.343014
0.711842 -0.243006 0.342943
0.71376 -0.242979 0.342869
0.715765 -0.242982 0.342786
0.716246 -0.242995 0.342764
0.716728 -0.243007 0.342741
0.717209 -0.243018 0.342715
0.717691 -0.243029 0.342689
0.718168 -0.243041 0.342663
0.718705 -0.243055 0.342634
0.719241 -0.243069 0.342604
0.719777 -0.243083 0.342574
0.720313 -0.243096 0.342544
0.720849 -0.243109 0.342514
0.723898 -0.243177 0.342342
0.726947 -0.243194 0.34216
0.729996 -0.243173 0.34197
0.733045 -0.243155 0.34178
0.736091 -0.243154 0.341589
0.739199 -0.243201 0.341393
0.742307 -0.243219 0.341194
0.745415 -0.243223 0.340993
0.748522 -0.243228 0.340791
0.751629 -0.243265 0.340596
0.754688 -0.24335 0.340414
0.757745 -0.243418 0.340218
0.760803 -0.243468 0.340009
0.76386 -0.243512 0.339798
0.766921 -0.243559 0.339588
0.769984 -0.243612 0.339381
0.773047 -0.243673 0.339181
0.77611 -0.243742 0.338986
0.779174 -0.243822 0.338796
0.782234 -0.243915 0.338608
0.788378 -0.244126 0.338241
0.794521 -0.244357 0.337874
0.800664 -0.244598 0.337512
0.806807 -0.244851 0.337156
0.812954 -0.245137 0.336794
0.819181 -0.245432 0.336423
0.825407 -0.24575 0.336051
0.831633 -0.246072 0.335684
0.837859 -0.246399 0.335322
0.844091 -0.246732 0.334965
0.850411 -0.247072 0.334612
0.856731 -0.247426 0.334266
0.863051 -0.247782 0.333927
0.869371 -0.248139 0.333594
0.875692 -0.248498 0.333268
0.87843 -0.248654 0.33313
0.881169 -0.24881 0.332992
0.883907 -0.248965 0.332854
0.886646 -0.24912 0.332717
0.889442 -0.249278 0.332579
0.89298 -0.249477 0.332404
0.896518 -0.249675 0.332231
0.900056 -0.249873 0.33206
0.903595 -0.250073 0.331889
0.907133 -0.250275 0.331719
0.913455 -0.250631 0.331409
0.919778 -0.250996 0.331106
0.926101 -0.251363 0.330804
0.932423 -0.251723 0.33049
0.938746 -0.252077 0.330164
0.945183 -0.252408 0.329817
0.951617 -0.252758 0.329447
0.95805 -0.253101 0.329044
0.964483 -0.253443 0.32864
0.970918 -0.253765 0.3282
0.977106 -0.254027 0.327694
0.983297 -0.25431 0.327246
0.989486 -0.254571 0.326764
0.995676 -0.254831 0.326294
1.00187 -0.255102 0.32589
1.00484 -0.255226 0.325694
1.00781 -0.255369 0.325515
1.01079 -0.25551 0.325345
1.01376 -0.255647 0.325183
1.01673 -0.255777 0.325016
1.01971 -0.25588 0.324826
1.02269 -0.255998 0.324661
1.02568 -0.256116 0.324508
1.02866 -0.256228 0.324366
1.03163 -0.256326 0.324232
1.03492 -0.256413 0.324085
1.03821 -0.256513 0.323954
1.04149 -0.256618 0.32384
1.04478 -0.256719 0.323744
1.04807 -0.256805 0.323659
1.05109 -0.25686 0.323589
1.05411 -0.256935 0.323527
1.05713 -0.257017 0.323474
1.06014 -0.257098 0.32343
1.06316 -0.25717 0.3234
1.0662 -0.257226 0.323386
1.06925 -0.257293 0.323369
1.07229 -0.257365 0.323354
1.07534 -0.257434 0.323346
1.07838 -0.257492 0.323348
1.08144 -0.257528 0.323364
1.0845 -0.257581 0.323381
1.08756 -0.257638 0.323403
1.09061 -0.257694 0.323434
1.09367 -0.257745 0.323481
1.09986 -0.257819 0.323628
1.10604 -0.257871 0.323841
1.11222 -0.257916 0.324113
1.1184 -0.257969 0.324429
1.12458 -0.25803 0.324798
1.13086 -0.258062 0.325179
1.13714 -0.25811 0.325672
1.14341 -0.25818 0.326252
1.14968 -0.258261 0.326876
1.156 -0.258373 0.327558
1.16229 -0.258555 0.32831
1.16858 -0.258675 0.329061
1.17487 -0.258773 0.329827
1.18116 -0.258878 0.330619
1.18745 -0.258995 0.331432
1.19371 -0.259131 0.332258
1.19997 -0.259255 0.333121
1.20623 -0.259375 0.334009
1.21248 -0.259499 0.334915
1.21877 -0.259658 0.335852
1.22505 -0.259887 0.336829
1.23133 -0.260042 0.337796
1.2376 -0.260199 0.338775
1.24388 -0.260363 0.339764
1.25015 -0.260534 0.340764
1.25421 -0.26066 0.341419
1.25827 -0.260782 0.342083
1.26233 -0.260906 0.342749
1.2664 -0.261034 0.343417
1.27014 -0.261155 0.344035
1.27243 -0.26123 0.344415
1.27472 -0.261305 0.344797
1.27701 -0.26138 0.345181
1.2793 -0.261455 0.345568
1.28159 -0.26153 0.345958
1.28789 -0.261757 0.347035
1.29419 -0.261962 0.348121
1.30049 -0.262166 0.349222
1.30679 -0.262365 0.350329
1.31309 -0.262562 0.351445
1.31943 -0.262923 0.352596
1.32577 -0.263172 0.353735
1.33212 -0.263366 0.354871
1.33846 -0.263556 0.356014
1.34479 -0.263825 0.357176
1.35107 -0.26424 0.358353
1.35736 -0.264563 0.35952
1.36366 -0.264778 0.360674
1.36995 -0.264978 0.361832
1.37621 -0.265238 0.362999
1.38241 -0.265558 0.364172
1.38862 -0.265818 0.365337
1.39483 -0.266066 0.366502
1.40103 -0.266328 0.367672
1.40722 -0.266598 0.368837
1.41343 -0.266922 0.370018
1.41965 -0.267216 0.371194
1.42586 -0.26751 0.372365
1.43207 -0.267813 0.373538
1.43827 -0.268125 0.374711
1.43851 -0.268137 0.374757
1.43876 -0.26815 0.374803
1.439 -0.268162 0.374848
1.43924 -0.268175 0.374894
1.43948 -0.268187 0.37494
1.44547 -0.268498 0.376076
1.45146 -0.268819 0.377222
1.45744 -0.269151 0.378378
1.46342 -0.269494 0.379545
1.46942 -0.269845 0.380726
1.47567 -0.270194 0.381895
1.48191 -0.270521 0.383129
1.48814 -0.270847 0.384379
1.49437 -0.271178 0.385639
1.50066 -0.271522 0.386903
1.51312 -0.27223 0.389365
1.52558 -0.272895 0.391828
1.53803 -0.273559 0.394299
1.55049 -0.27423 0.396793
1.56295 -0.274905 0.399138
1.57535 -0.275503 0.401183
1.58773 -0.276116 0.40342
1.60005 -0.276744 0.405895
1.61238 -0.277332 0.408362
1.62497 -0.277863 0.410687
1.6374 -0.278317 0.412784
1.64979 -0.278753 0.415051
1.66218 -0.27919 0.417354
1.67457 -0.279571 0.419621
1.68708 -0.279889 0.421863
1.69955 -0.28013 0.424007
1.712 -0.280398 0.426178
1.72447 -0.280626 0.428309
1.73694 -0.2808 0.43042
1.74939 -0.280915 0.432525
1.75512 -0.280936 0.433477
1.76085 -0.280956 0.43443
1.76658 -0.280965 0.435377
1.77232 -0.280965 0.436319
1.77822 -0.280954 0.437283
1.78503 -0.280928 0.438389
1.79185 -0.280895 0.4395
1.79867 -0.280853 0.440615
1.80548 -0.280803 0.441735
1.8123 -0.280745 0.44286
1.82485 -0.280567 0.444889
1.8374 -0.280406 0.446986
1.84993 -0.280215 0.449098
1.86247 -0.279999 0.451234
1.87506 -0.279748 0.45339
1.88773 -0.279378 0.455331
1.90036 -0.279018 0.457451
1.91298 -0.278649 0.459674
1.92559 -0.278248 0.461917
1.93838 -0.277758 0.464076
1.95093 -0.277189 0.466056
1.96346 -0.276624 0.468145
1.97597 -0.276062 0.470349
1.98848 -0.275457 0.472535
2.00112 -0.274756 0.474529
2.0136 -0.27398 0.476296
2.02606 -0.273202 0.478217
2.03849 -0.272414 0.480258
2.05093 -0.271582 0.482264
2.06352 -0.270691 0.484195
2.07599 -0.269755 0.485965
2.08844 -0.268798 0.487832
2.1009 -0.267805 0.489689
2.11335 -0.266774 0.491511
2.12587 -0.2657 0.493305
2.13848 -0.264567 0.49498
2.15108 -0.26342 0.496715
2.16368 -0.262241 0.498422
2.17629 -0.26103 0.500103
2.18893 -0.259784 0.501763
2.19236 -0.259436 0.502202
2.1958 -0.259087 0.502643
2.19923 -0.258735 0.503081
2.20267 -0.258381 0.503517
2.20615 -0.258019 0.503957
2.21497 -0.257098 0.505064
2.22378 -0.256162 0.506163
2.2326 -0.255212 0.507255
2.24141 -0.254248 0.508341
2.25023 -0.253266 0.509417
2.25591 -0.252624 0.510087
2.26158 -0.251976 0.510755
2.26726 -0.25132 0.511413
2.27293 -0.250657 0.512062
2.27801 -0.250058 0.512634
2.2849 -0.249236 0.513401
2.29179 -0.248404 0.514157
2.29868 -0.247562 0.514904
2.30558 -0.24671 0.515642
2.31247 -0.245848 0.516369
2.32497 -0.24426 0.517636
2.33746 -0.242651 0.51891
2.34995 -0.241012 0.520152
2.36244 -0.239342 0.521363
2.37495 -0.237645 0.522545
2.38746 -0.235906 0.523551
2.39995 -0.234161 0.524657
2.41244 -0.232397 0.525755
2.42493 -0.230605 0.526824
2.43747 -0.228774 0.52781
2.44997 -0.226914 0.528653
2.46246 -0.225044 0.529554
2.47496 -0.223163 0.530515
2.48745 -0.221254 0.53143
2.49998 -0.219315 0.532161
2.51248 -0.217358 0.532719
2.52497 -0.215385 0.53337
2.53746 -0.213395 0.534118
2.54995 -0.211384 0.534828
2.56249 -0.209342 0.5354
2.57499 -0.207287 0.535838
2.58748 -0.205218 0.536319
2.59998 -0.203141 0.536797
2.61248 -0.201053 0.537219
2.62499 -0.198944 0.537575
2.63749 -0.196834 0.537784
2.64999 -0.194695 0.538044
2.66248 -0.192539 0.538251
2.67497 -0.190373 0.538409
2.68749 -0.188198 0.538523
2.6883 -0.188058 0.538527
2.6891 -0.187918 0.538531
2.68991 -0.187778 0.538535
2.69071 -0.187638 0.538539
2.69151 -0.187499 0.538542
2.70321 -0.185463 0.538593
2.71491 -0.183421 0.538609
2.7266 -0.18137 0.538589
2.73829 -0.179305 0.538531
2.75 -0.177217 0.538433
2.7625 -0.175024 0.538269
2.77499 -0.172774 0.538084
2.78747 -0.170506 0.537854
2.79995 -0.168223 0.537584
2.8125 -0.165969 0.537277
2.825 -0.163816 0.536939
2.83748 -0.161588 0.536561
2.84995 -0.15928 0.536141
2.86242 -0.156963 0.535678
2.875 -0.15468 0.53516
2.8875 -0.152464 0.534598
2.89999 -0.150199 0.534013
2.91247 -0.147884 0.533402
2.92495 -0.145578 0.532758
2.9375 -0.143322 0.532089
2.95 -0.141149 0.531404
2.96248 -0.138902 0.530671
2.97496 -0.136642 0.529902
2.98744 -0.134388 0.529104
3 -0.13213 0.528273
3.00806 -0.130704 0.52772
3.01612 -0.129267 0.527159
3.02417 -0.127836 0.526589
3.03223 -0.126408 0.526008
3.04019 -0.125 0.525424
3.04465 -0.124211 0.52509
3.04911 -0.123423 0.524751
3.05357 -0.122634 0.524408
3.05803 -0.121845 0.524059
3.0625 -0.121055 0.523706
3.075 -0.118856 0.522704
3.08749 -0.116645 0.521669
3.09999 -0.114434 0.5206
3.11248 -0.112221 0.519496
3.125 -0.110011 0.518352
3.1375 -0.107851 0.517219
3.14999 -0.105668 0.516026
3.16248 -0.103492 0.514805
3.17497 -0.101324 0.513553
3.1875 -0.0991546 0.512265
3.19036 -0.098663 0.511965
3.19321 -0.098171 0.511663
3.19607 -0.0976792 0.51136
3.19892 -0.0971878 0.511055
3.20164 -0.0967209 0.510763
3.21131 -0.0950578 0.509718
3.22098 -0.0933947 0.508657
3.23065 -0.0917315 0.50758
3.24032 -0.0900676 0.506493
3.25 -0.0883999 0.505392
3.2625 -0.0862676 0.503937
3.27499 -0.0841106 0.502474
3.28749 -0.0819513 0.50099
3.29998 -0.0797895 0.499486
3.3125 -0.0776184 0.497952
3.325 -0.0754992 0.4964
3.33749 -0.0733348 0.494813
3.34997 -0.0711765 0.493197
3.36246 -0.0690268 0.491553
3.375 -0.0668747 0.489871
3.38015 -0.0659998 0.489163
3.38531 -0.0651198 0.488453
3.39046 -0.0642412 0.48774
3.39562 -0.063364 0.487021
3.4007 -0.0625 0.486308
3.40806 -0.0612508 0.485269
3.41542 -0.060001 0.484219
3.42277 -0.0587494 0.483159
3.43013 -0.0574954 0.482089
3.4375 -0.0562361 0.481005
3.45 -0.0541285 0.479158
3.46249 -0.0519839 0.477279
3.47497 -0.0498327 0.47537
3.48745 -0.047675 0.473432
3.5 -0.0455098 0.471463
3.5125 -0.0434153 0.469533
3.52498 -0.0412679 0.467541
3.53745 -0.0391019 0.465504
3.54992 -0.0369473 0.463442
3.5625 -0.0347878 0.461339
3.575 -0.0327048 0.459237
3.58749 -0.0305825 0.457106
3.59997 -0.028471 0.45495
3.61246 -0.0263688 0.452773
3.62456 -0.0243384 0.450644
3.62465 -0.0243238 0.450629
3.62474 -0.0243092 0.450613
3.62483 -0.0242946 0.450598
3.62491 -0.02428 0.450582
3.625 -0.0242654 0.450567
3.6375 -0.0221768 0.448351
3.65 -0.0200879 0.446109
3.66249 -0.0179991 0.443841
3.67497 -0.0159102 0.441547
3.6875 -0.0138137 0.439217
3.7 -0.0117627 0.436891
3.71248 -0.00968062 0.434513
3.72497 -0.00761489 0.432114
3.73745 -0.00556609 0.429694
3.75 -0.00352313 0.42724
3.7544 -0.0028185 0.426374
3.75879 -0.0021108 0.425504
3.76319 -0.00140517 0.424631
3.76758 -0.0007016 0.423756
3.77198 2.44167e-11 0.422879
3.78008 0.00128978 0.421256
3.78819 0.00257739 0.419625
3.79629 0.00386447 0.417985
3.80439 0.00515154 0.416338
3.8125 0.006441 0.414679
3.825 0.00840403 0.412147
3.83749 0.0103873 0.409564
3.84997 0.01237 0.406961
3.86245 0.014352 0.404339
3.875 0.0163384 0.401692
3.88678 0.0181481 0.399272
3.89854 0.0199872 0.396793
3.9103 0.0218139 0.394319
3.92207 0.0236275 0.39185
3.93285 0.0252779 0.38959
3.93378 0.0254192 0.389396
3.93471 0.0255603 0.389201
3.93564 0.0257014 0.389007
3.93657 0.0258425 0.388812
3.9375 0.0259835 0.388617
3.95 0.0278742 0.386001
3.9625 0.0297563 0.383355
3.97499 0.031626 0.380686
3.98748 0.0334836 0.377995
4 0.0353355 0.375275
4.0125 0.0371203 0.372628
4.02498 0.0389293 0.369904
4.03745 0.0407446 0.367131
4.04992 0.0425448 0.364344
4.0625 0.0443073 0.36158
4.075 0.0459889 0.358905
4.08748 0.0477009 0.356156
4.09996 0.0494071 0.35339
4.11244 0.0510932 0.350629
4.125 0.052766 0.347856
4.1375 0.0543737 0.345158
4.14999 0.0559901 0.342413
4.16248 0.0575868 0.339673
4.17498 0.0591655 0.336937
4.1875 0.0607295 0.334201
4.19038 0.0610836 0.333574
4.19327 0.0614382 0.332946
4.19615 0.0617919 0.332318
4.19903 0.0621446 0.33169
4.20194 0.0625 0.331056
4.20459 0.0628229 0.330479
4.20725 0.0631454 0.329902
4.2099 0.0634676 0.329325
4.21255 0.0637895 0.328749
4.21522 0.0641118 0.328171
4.22217 0.0649517 0.326663
4.22913 0.0657858 0.325156
4.23609 0.0666141 0.32365
4.24305 0.0674355 0.322144
4.25 0.0682484 0.320643
4.2625 0.0696873 0.317979
4.275 0.0711165 0.315292
4.2875 0.0725232 0.312613
4.3 0.0739074 0.30994
4.3125 0.075268 0.307276
4.325 0.0765582 0.304685
4.33749 0.0778714 0.302048
4.34998 0.0791685 0.29941
4.36247 0.0804451 0.296778
4.375 0.081697 0.294173
4.3875 0.0828986 0.291649
4.39999 0.0841033 0.28908
4.41247 0.0853049 0.286481
4.42496 0.0864851 0.2839
4.4375 0.087624 0.281359
4.45 0.0886939 0.278901
4.46249 0.0897969 0.276396
4.47498 0.090877 0.273913
4.48748 0.0919346 0.271452
4.5 0.0929709 0.269011
4.50256 0.0931769 0.26852
4.50512 0.0933829 0.268027
4.50767 0.0935881 0.267535
4.51023 0.0937924 0.267044
4.51279 0.0939958 0.266554
4.52273 0.0947826 0.264653
4.53268 0.0955551 0.262755
4.54262 0.0963134 0.260859
4.55257 0.0970573 0.258967
4.5625 0.0977856 0.25708
4.575 0.0986846 0.254759
4.58749 0.0995649 0.252394
4.59999 0.100423 0.250034
4.61249 0.101259 0.247677
4.625 0.102057 0.245356
4.6375 0.102793 0.243118
4.64999 0.103543 0.240834
4.66248 0.104301 0.238523
4.67497 0.105038 0.23623
4.6875 0.105755 0.233984
4.7 0.106447 0.23182
4.71249 0.107126 0.229614
4.72499 0.107786 0.227397
4.73748 0.10843 0.225195
4.75 0.109045 0.223027
4.7625 0.109606 0.220936
4.77499 0.110188 0.218802
4.78748 0.110761 0.216673
4.79998 0.111312 0.214567
4.8125 0.111844 0.21248
4.82199 0.112228 0.210942
4.83147 0.112603 0.209392
4.84096 0.112967 0.207855
4.85045 0.113319 0.206329
4.86008 0.113665 0.204794
4.86306 0.113768 0.204322
4.86605 0.113871 0.20385
4.86903 0.113972 0.203379
4.87202 0.114073 0.202909
4.875 0.114172 0.20244
4.8875 0.114589 0.200484
4.9 0.114981 0.198529
4.9125 0.115354 0.196583
4.92501 0.115707 0.194647
4.9375 0.116044 0.192727
4.95 0.116365 0.190859
4.9625 0.116679 0.188973
4.975 0.116979 0.187105
4.9875 0.117267 0.185253
5 0.117542 0.18342
5.0125 0.117822 0.181632
5.025 0.118074 0.179834
5.0375 0.118313 0.178051
5.05001 0.118539 0.176286
5.0625 0.118754 0.174536
5.075 0.118954 0.172825
5.0875 0.119147 0.171106
5.1 0.119329 0.169401
5.1125 0.119499 0.167711
5.125 0.119658 0.166037
5.1375 0.119815 0.164397
5.15 0.119951 0.162753
5.1625 0.120075 0.161124
5.17501 0.120188 0.159508
5.1875 0.120291 0.157907
5.2 0.12038 0.156335
5.2125 0.120462 0.15476
5.225 0.120535 0.153198
5.2375 0.120597 0.151649
5.25 0.120648 0.150114
5.26194 0.120694 0.148673
5.27388 0.120724 0.147231
5.28582 0.120746 0.145799
5.29776 0.120757 0.144383
5.31032 0.120758 0.142911
5.31076 0.120757 0.14286
5.31119 0.120757 0.14281
5.31163 0.120756 0.142759
5.31206 0.120756 0.142709
5.3125 0.120756 0.142658
5.325 0.120744 0.141213
5.3375 0.120721 0.139777
5.35 0.120686 0.138353
5.36251 0.120642 0.136941
5.375 0.120592 0.135546
5.3875 0.120538 0.134179
5.4 0.120477 0.132812
5.4125 0.120409 0.13146
5.425 0.120335 0.130123
5.4375 0.120256 0.128801
5.45 0.120187 0.127506
5.4625 0.120096 0.126212
5.475 0.12 0.124932
5.4875 0.119898 0.123666
5.5 0.119789 0.122413
5.5125 0.119677 0.121189
5.525 0.119558 0.119961
5.5375 0.119432 0.118745
5.55 0.1193 0.117542
5.5625 0.119162 0.116353
5.575 0.119038 0.115192
5.5875 0.11889 0.114027
5.6 0.118736 0.112875
5.6125 0.118577 0.111735
5.625 0.118411 0.110605
5.6375 0.118242 0.109506
5.65 0.118066 0.108399
5.6625 0.117884 0.107303
5.675 0.117696 0.106217
5.6875 0.117503 0.105143
5.7 0.117326 0.1041
5.7125 0.117123 0.103048
5.725 0.116915 0.102007
5.7375 0.116701 0.100975
5.75 0.116481 0.0999535
5.7625 0.116257 0.0989651
5.775 0.116028 0.0979634
5.7875 0.115794 0.0969711
5.8 0.115554 0.095988
5.8125 0.115309 0.0950142
5.825 0.115085 0.0940747
5.8375 0.11483 0.0931209
5.85 0.114571 0.0921758
5.8625 0.114306 0.0912393
5.875 0.114036 0.0903118
5.8875 0.113762 0.0894213
5.9 0.113483 0.0885182
5.9125 0.1132 0.0876263
5.925 0.112911 0.0867456
5.9375 0.112617 0.0858758
5.95 0.112331 0.0850289
5.9625 0.11203 0.0841811
5.975 0.111723 0.0833437
5.9875 0.111412 0.0825166
6 0.111096 0.0817
6.00246 0.111033 0.0815413
6.00493 0.11097 0.0813827
6.00739 0.110906 0.0812245
6.00986 0.110842 0.0810667
6.01236 0.110778 0.0809068
6.02239 0.110517 0.0802678
6.03242 0.110253 0.0796343
6.04245 0.109986 0.0790064
6.05247 0.109716 0.0783839
6.0625 0.109443 0.077767
6.075 0.109105 0.0770047
6.0875 0.108759 0.07625
6.1 0.108408 0.0755035
6.1125 0.108053 0.0747651
6.125 0.107693 0.074035
6.1375 0.107356 0.0733129
6.15 0.106988 0.0725978
6.1625 0.106616 0.0718906
6.175 0.106239 0.0711911
6.1875 0.105859 0.070499
6.2 0.10549 0.0698148
6.2125 0.105103 0.0691365
6.225 0.104712 0.0684654
6.2375 0.104317 0.0678017
6.25 0.10392 0.0671453
6.2625 0.103568 0.0664956
6.275 0.103169 0.0658523
6.2875 0.10276 0.0652158
6.3 0.102346 0.0645863
6.3125 0.101934 0.0639633
6.325 0.101537 0.0633472
6.3375 0.101121 0.0627366
6.35 0.100694 0.0621319
6.3625 0.100264 0.0615338
6.375 0.0998544 0.0609417
6.3875 0.099488 0.0603551
6.4 0.0990775 0.0597744
6.4125 0.0986351 0.0591999
6.425 0.098189 0.0586315
6.4375 0.0977531 0.0580689
6.45 0.0973319 0.0575124
6.4625 0.0968922 0.056961
6.475 0.0964351 0.0564145
6.4875 0.0959745 0.055874
6.5 0.0955535 0.055338
6.5125 0.0951734 0.0548066
6.525 0.0947512 0.0542811
6.5375 0.0942865 0.0537614
6.54999 0.0938156 0.0532473
6.5625 0.0933583 0.0527381
6.575 0.0929151 0.0522342
6.5875 0.0924544 0.0517349
6.6 0.091976 0.0512402
6.6125 0.0915045 0.0507499
6.625 0.09107 0.0502632
6.6375 0.0906728 0.0497801
6.65 0.0902341 0.0493028
6.6625 0.0897532 0.0488313
6.67499 0.0892653 0.0483644
6.6875 0.0887903 0.0479018
6.7 0.0883288 0.0474438
6.7125 0.087851 0.0469901
6.725 0.087357 0.0465406
6.7375 0.0868618 0.046095
6.75 0.0864014 0.0456521
6.7625 0.0859764 0.0452121
6.775 0.0855119 0.0447778
6.7875 0.0850136 0.0443489
6.79999 0.0845146 0.0439236
6.8125 0.0840249 0.043502
6.825 0.0835478 0.0430846
6.8375 0.0830554 0.0426712
6.85 0.0825525 0.0422618
6.8625 0.0820493 0.0418557
6.875 0.0815655 0.041452
6.8875 0.0811155 0.0410503
6.9 0.0806279 0.0406543
6.9125 0.0801222 0.0402626
6.925 0.0796162 0.039874
6.9375 0.0791141 0.0394887
6.95 0.0786237 0.039107
6.9625 0.0781192 0.0387289
6.975 0.0776103 0.0383544
6.9875 0.0771011 0.0379828
7 0.0765971 0.0376138
7.0125 0.076125 0.0372462
7.025 0.075617 0.0368843
7.0375 0.0751056 0.0365254
7.05 0.074594 0.0361693
7.0625 0.0740816 0.0358162
7.075 0.0735798 0.0354662
7.0875 0.0730661 0.0351197
7.1 0.072552 0.0347763
7.1125 0.0720376 0.0344354
7.125 0.0715231 0.0340972
7.1375 0.0710314 0.0337601
7.15 0.0705161 0.0334277
7.1625 0.0700008 0.0330978
7.175 0.0694854 0.0327704
7.1875 0.0689699 0.0324454
7.2 0.0684597 0.0321234
7.2125 0.0679433 0.0318046
7.225 0.0674268 0.0314882
7.2375 0.0669103 0.0311742
7.25 0.0663938 0.0308625
7.2625 0.0658866 0.0305524
7.275 0.0653698 0.0302457
7.2875 0.0648531 0.0299411
7.3 0.0643363 0.0296389
7.3125 0.0638196 0.0293388
7.31889 0.0635557 0.0291867
7.32529 0.0632911 0.0290354
7.33168 0.0630264 0.0288847
7.33807 0.0627618 0.0287346
7.3444 0.0625 0.0285867
7.35052 0.0622468 0.0284441
7.35664 0.0619931 0.028302
7.36276 0.0617391 0.0281606
7.36888 0.0614846 0.0280198
7.375 0.0612298 0.0278795
7.3875 0.0607099 0.027594
7.4 0.0601869 0.0273112
7.4125 0.0596622 0.027031
7.425 0.0591358 0.0267532
7.4375 0.0586077 0.0264778
7.45 0.0580886 0.0262053
7.4625 0.0575571 0.0259353
7.475 0.0570238 0.0256676
7.4875 0.0564889 0.0254022
7.5 0.0559521 0.025139
7.5125 0.0554205 0.0248765
7.525 0.0548818 0.0246179
7.5375 0.0543421 0.0243614
7.55 0.0538015 0.0241069
7.5625 0.0532599 0.0238543
7.575 0.0527316 0.0236037
7.5875 0.0521894 0.0233551
7.6 0.0516465 0.0231084
7.6125 0.0511028 0.0228635
7.625 0.0505582 0.0226205
7.6375 0.0500167 0.0223782
7.65 0.0494709 0.022139
7.6625 0.0489243 0.0219015
7.675 0.0483768 0.0216659
7.6875 0.0478287 0.0214319
7.7 0.0472872 0.0211996
7.7125 0.046739 0.020969
7.725 0.0461904 0.0207401
7.7375 0.045641 0.0205129
7.75 0.045091 0.0202873
7.7625 0.0445417 0.020063
7.775 0.0439904 0.0198408
7.7875 0.0434382 0.0196202
7.8 0.0428852 0.0194012
7.8125 0.0423317 0.0191837
7.81752 0.0421098 0.019097
7.82254 0.0418876 0.0190104
7.82756 0.0416655 0.0189241
7.83258 0.0414434 0.018838
7.83772 0.041216 0.01875
7.84518 0.0408865 0.0186227
7.85263 0.0405563 0.0184965
7.86009 0.0402256 0.0183714
7.86754 0.0398944 0.0182472
7.875 0.0395626 0.0181241
7.8875 0.0390344 0.017922
7.9 0.0384755 0.0177212
7.9125 0.0379135 0.0175243
7.925 0.0373483 0.0173315
7.9375 0.0367798 0.0171424
7.95 0.0362775 0.0169631
7.9625 0.0357044 0.0167789
7.97499 0.0351401 0.0165924
7.98749 0.0345796 0.0164045
8 0.0340215 0.0162153
8.025 0.0331442 0.0158485
8.04999 0.0321248 0.0154713
8.07499 0.0312096 0.0151177
8.1 0.0305669 0.0148047
8.125 0.0300028 0.0145068
8.15 0.0298203 0.0142537
8.175 0.0293704 0.0140018
8.19999 0.0289476 0.0137721
8.22499 0.0285468 0.0135499
8.25 0.0281713 0.0133341
8.3 0.0277365 0.0129449
8.35 0.0278187 0.0125947
8.4 0.0279972 0.0122814
8.45001 0.0281782 0.0119752
8.5 0.0283617 0.0116759
8.55 0.0285533 0.0114855
8.6 0.0288162 0.0112227
8.65 0.0290827 0.0109657
8.7 0.0293528 0.0107143
8.75 0.0296267 0.0104684
8.8 0.0296177 0.0102814
8.85 0.0298999 0.010062
8.9 0.0301848 0.00984665
8.95 0.0304726 0.00963508
9 0.0307632 0.00942724
9.1 0.0307876 0.0091515
9.2 0.0312708 0.00899625
9.3 0.0317595 0.00884306
9.4 0.0322538 0.00869188
9.5 0.0327538 0.00854268
9.6 0.0328698 0.00850705
9.7 0.0332657 0.00835551
9.8 0.0336582 0.00820646
9.9 0.0340434 0.00806016
10 0.0344215 0.00791655
10.2 0.0344905 0.00776665
10.4 0.0346821 0.00770395
10.6 0.0348738 0.00764291
10.8 0.0350657 0.00758349
11 0.0352578 0.00752568
11.2 0.0352748 0.00751871
11.4 0.0354041 0.0074921
11.6 0.035533 0.00746558
11.8 0.0356614 0.00743916
12 0.0357893 0.00741283
12.2 0.0358042 0.0074093
12.4 0.0359079 0.00739003
12.6 0.0360114 0.00737081
12.8 0.0361147 0.00735164
13 0.0362176 0.00733252
13.2 0.036232 0.00733053
13.4 0.036327 0.007314
13.6 0.0364217 0.00729751
13.8 0.0365163 0.00728106
14 0.0366106 0.00726465
14.2 0.0366247 0.00726328
14.4 0.0367859 0.0072123
14.6 0.0370203 0.00711487
14.8 0.0373293 0.00697001
15 0.0377143 0.0067767
-1.001 -0.05 0.527416
-1.00079 -0.0500004 0.527418
-1.00059 -0.0500009 0.52742
-1.00038 -0.0500013 0.527422
-1.00017 -0.0500018 0.527423
-0.999968 -0.0500022 0.527425
-0.987469 -0.0500294 0.527541
-0.97497 -0.0500593 0.527659
-0.962471 -0.0500899 0.527779
-0.949973 -0.0501212 0.527899
-0.937474 -0.0501532 0.528022
-0.925026 -0.0501832 0.528145
-0.912578 -0.050215 0.52827
-0.90013 -0.0502481 0.528397
-0.887682 -0.0502825 0.528526
-0.875234 -0.0503182 0.528657
-0.863071 -0.0503523 0.528787
-0.850908 -0.0503884 0.528919
-0.838745 -0.0504263 0.529053
-0.826582 -0.0504661 0.529189
-0.814419 -0.0505077 0.529327
-0.801831 -0.0505509 0.529472
-0.789242 -0.0505963 0.529619
-0.776654 -0.0506442 0.529769
-0.764065 -0.0506948 0.529921
-0.751476 -0.0507482 0.530076
-0.739026 -0.0508012 0.530232
-0.726576 -0.0508573 0.53039
-0.714126 -0.0509174 0.530552
-0.701677 -0.0509812 0.530716
-0.689226 -0.0510487 0.530884
-0.676721 -0.0511178 0.531055
-0.664216 -0.0511905 0.53123
-0.651711 -0.0512683 0.53141
-0.639206 -0.0513517 0.531593
-0.6267 -0.0514408 0.53178
-0.614192 -0.0515316 0.531971
-0.601683 -0.0516286 0.532167
-0.589175 -0.0517344 0.532369
-0.576667 -0.0518485 0.532576
-0.564158 -0.0519703 0.532788
-0.551654 -0.0520971 0.533006
-0.53915 -0.0522313 0.533234
-0.526646 -0.0523773 0.533469
-0.514143 -0.0525363 0.533712
-0.501637 -0.0527098 0.533964
-0.489125 -0.052889 0.534224
-0.476613 -0.0530859 0.5345
-0.464102 -0.0533077 0.53479
-0.451592 -0.0535507 0.535093
-0.439076 -0.0538134 0.535409
-0.426515 -0.0540941 0.535741
-0.413957 -0.0544008 0.536109
-0.4014 -0.0547414 0.5365
-0.388845 -0.0551162 0.53691
-0.376273 -0.0555307 0.537357
-0.370004 -0.0557591 0.537608
-0.363735 -0.0559912 0.537865
-0.357467 -0.0562364 0.538134
-0.351201 -0.0564945 0.538416
-0.344926 -0.0567663 0.53871
-0.338648 -0.0570584 0.539024
-0.332371 -0.0573737 0.53935
-0.326097 -0.0577253 0.539686
-0.319826 -0.0581149 0.540032
-0.313532 -0.0585447 0.540389
-0.307245 -0.059002 0.540761
-0.300962 -0.059498 0.541149
-0.294683 -0.060039 0.541546
-0.288409 -0.0606255 0.541951
-0.282095 -0.0612537 0.542366
-0.278593 -0.0616204 0.5426
-0.275094 -0.0620012 0.542839
-0.271596 -0.0623955 0.54308
-0.268099 -0.0628035 0.543322
-0.265818 -0.0630821 0.54348
-0.262787 -0.0634638 0.543691
-0.259759 -0.0638604 0.543903
-0.256732 -0.0642717 0.544115
-0.253707 -0.0646978 0.544329
-0.250663 -0.0651418 0.544544
-0.244313 -0.0660879 0.544991
-0.237976 -0.0671159 0.545433
-0.231651 -0.0682274 0.54586
-0.225337 -0.0694038 0.546259
-0.218908 -0.0706605 0.54669
-0.212554 -0.0719736 0.547097
-0.206202 -0.0733106 0.547433
-0.199856 -0.0746926 0.547715
-0.193524 -0.0761464 0.54793
-0.187125 -0.0776579 0.54806
-0.186845 -0.0777262 0.548062
-0.186565 -0.0777945 0.548064
-0.186284 -0.0778629 0.548066
-0.186004 -0.0779314 0.548067
-0.185726 -0.0779993 0.548069
-0.182811 -0.078712 0.548082
-0.179898 -0.0794306 0.548082
-0.176985 -0.0801552 0.548068
-0.174074 -0.0808839 0.548041
-0.171153 -0.0816197 0.548002
-0.168024 -0.0824082 0.54795
-0.164897 -0.0832025 0.547873
-0.161771 -0.084 0.547775
-0.158647 -0.0848002 0.547655
-0.15551 -0.0855967 0.547515
-0.152338 -0.0863956 0.547357
-0.149166 -0.0871901 0.547177
-0.145993 -0.0879756 0.546975
-0.142819 -0.0887521 0.546751
-0.139648 -0.0895202 0.546502
-0.13957 -0.0895389 0.546496
-0.139493 -0.0895575 0.546489
-0.139415 -0.0895761 0.546482
-0.139337 -0.0895948 0.546475
-0.139261 -0.089613 0.546469
-0.136739 -0.0902175 0.546249
-0.134215 -0.0908093 0.546016
-0.131688 -0.0913832 0.545772
-0.129158 -0.0919394 0.545517
-0.125902 -0.0926343 0.545176
-0.1255 -0.0927174 0.545133
-0.125099 -0.0928002 0.545089
-0.124698 -0.0928826 0.545046
-0.124296 -0.0929647 0.545002
-0.123895 -0.0930463 0.544957
-0.120742 -0.0936865 0.544608
-0.117585 -0.0943109 0.54426
-0.114424 -0.0949182 0.543909
-0.111261 -0.0955082 0.543557
-0.108122 -0.0960761 0.543206
-0.105097 -0.0966157 0.542855
-0.102069 -0.0971385 0.542498
-0.0990401 -0.0976476 0.542137
-0.0960093 -0.0981438 0.541772
-0.0929967 -0.0986253 0.541396
-0.0899572 -0.0991001 0.541002
-0.086917 -0.0995717 0.540609
-0.083876 -0.10004 0.540218
-0.0808348 -0.100508 0.539828
-0.0777985 -0.10098 0.539443
-0.0748007 -0.101453 0.539065
-0.0718027 -0.101921 0.538685
-0.0688047 -0.102388 0.538304
-0.0658071 -0.102859 0.537924
-0.0628102 -0.103331 0.537546
-0.0598075 -0.103798 0.537167
-0.0568063 -0.104282 0.536797
-0.0538063 -0.104778 0.536434
-0.0508076 -0.105288 0.536079
-0.047791 -0.105814 0.535729
-0.046994 -0.105957 0.535639
-0.0461971 -0.1061 0.53555
-0.0454003 -0.106244 0.535462
-0.0446036 -0.10639 0.535374
-0.043844 -0.10653 0.53529
-0.0415843 -0.10695 0.535044
-0.0393261 -0.107382 0.534804
-0.0370696 -0.107825 0.534569
-0.0348147 -0.10828 0.53434
-0.0325344 -0.108751 0.534114
-0.0292902 -0.109434 0.5338
-0.0260509 -0.110147 0.533501
-0.0228172 -0.110892 0.533222
-0.0195897 -0.111671 0.532961
-0.016291 -0.112492 0.532706
-0.0128314 -0.113378 0.532452
-0.00937874 -0.114297 0.532218
-0.00593291 -0.115245 0.532006
-0.00249419 -0.116224 0.531815
0.00101893 -0.117262 0.531645
0.00254637 -0.117734 0.531585
0.00407216 -0.118212 0.531532
0.00559711 -0.118693 0.531481
0.00712149 -0.119176 0.531433
0.00853998 -0.119627 0.53139
0.0103674 -0.12021 0.531337
0.0121934 -0.120798 0.531288
0.0140181 -0.12139 0.531242
0.0158415 -0.121986 0.531201
0.0176758 -0.122591 0.531164
0.0209073 -0.123664 0.531105
0.0241385 -0.124738 0.531052
0.0273694 -0.125814 0.531004
0.0306001 -0.12689 0.530962
0.0338325 -0.127965 0.530919
0.0369736 -0.129007 0.530874
0.0401181 -0.130039 0.530823
0.0432656 -0.131061 0.530765
0.046416 -0.132073 0.5307
0.0495428 -0.133068 0.53063
0.0502941 -0.133305 0.530612
0.0510456 -0.133541 0.530592
0.0517972 -0.133776 0.530572
0.0525491 -0.13401 0.530551
0.0529411 -0.134132 0.53054
0.053917 -0.134435 0.530512
0.0548934 -0.134737 0.530483
0.05587 -0.135037 0.530453
0.056847 -0.135337 0.530423
0.0578705 -0.135649 0.53039
0.0592736 -0.136075 0.530344
0.0606772 -0.136499 0.530296
0.0620814 -0.136922 0.530247
0.0634861 -0.137342 0.530197
0.0648864 -0.137758 0.530145
0.0679293 -0.138659 0.530029
0.0709769 -0.139543 0.529901
0.0740286 -0.14041 0.529759
0.0770842 -0.141261 0.529604
0.0801102 -0.142085 0.52944
0.082799 -0.142802 0.529289
0.0854957 -0.143486 0.529131
0.0881973 -0.14415 0.528968
0.0909043 -0.14479 0.528798
0.0935476 -0.145388 0.528624
0.0964738 -0.146058 0.528438
0.09941 -0.14668 0.528242
0.102351 -0.147278 0.52804
0.105295 -0.147856 0.527836
0.108166 -0.1484 0.527635
0.111234 -0.148993 0.527413
0.114314 -0.149515 0.527193
0.117399 -0.150012 0.526973
0.120487 -0.150487 0.526752
0.123493 -0.15093 0.526538
0.126034 -0.15131 0.526369
0.128581 -0.151649 0.526196
0.131128 -0.151986 0.526026
0.133676 -0.152317 0.525858
0.137768 -0.152838 0.525595
0.138027 -0.15287 0.525579
0.138286 -0.152902 0.525563
0.138545 -0.152933 0.525547
0.138804 -0.152965 0.525531
0.139062 -0.152996 0.525515
0.142209 -0.153377 0.525321
0.145355 -0.153757 0.525129
0.148502 -0.154136 0.524942
0.151649 -0.154514 0.524758
0.154795 -0.154894 0.524575
0.157943 -0.155261 0.524392
0.16109 -0.15564 0.524206
0.164237 -0.156018 0.524017
0.167384 -0.156397 0.523827
0.17054 -0.156772 0.523639
0.17368 -0.157126 0.52346
0.17682 -0.157484 0.52327
0.179958 -0.157848 0.52307
0.183096 -0.158206 0.522868
0.186243 -0.158541 0.522668
0.189334 -0.158846 0.522473
0.192425 -0.159151 0.522272
0.195515 -0.159456 0.522066
0.198606 -0.159745 0.521861
0.201697 -0.160004 0.52167
0.20478 -0.160231 0.521496
0.207861 -0.160474 0.521311
0.210942 -0.160714 0.52112
0.214025 -0.160925 0.520934
0.217115 -0.161111 0.520758
0.220083 -0.161263 0.520595
0.22305 -0.161445 0.520428
0.226016 -0.161631 0.520269
0.228985 -0.161783 0.520121
0.23195 -0.16189 0.519994
0.235511 -0.161951 0.519884
0.239072 -0.162062 0.519805
0.242631 -0.162223 0.519757
0.246189 -0.162415 0.519723
0.249884 -0.162651 0.519675
0.252318 -0.162842 0.51963
0.254756 -0.162983 0.519636
0.257195 -0.163103 0.519666
0.259633 -0.163226 0.519694
0.262066 -0.163341 0.519697
0.265182 -0.163479 0.519666
0.268296 -0.163653 0.519682
0.271409 -0.163859 0.519737
0.274521 -0.16406 0.519788
0.277643 -0.164231 0.519802
0.280828 -0.164371 0.519776
0.28401 -0.164546 0.519797
0.287191 -0.164754 0.519862
0.29037 -0.164968 0.51993
0.293562 -0.165171 0.519961
0.29672 -0.165356 0.519952
0.299878 -0.165553 0.519981
0.303034 -0.165762 0.520047
0.30619 -0.165972 0.520119
0.309359 -0.166162 0.520159
0.312554 -0.166329 0.520161
0.315748 -0.166514 0.520202
0.318941 -0.166717 0.520278
0.322134 -0.166918 0.520359
0.325342 -0.167107 0.520417
0.328545 -0.167279 0.520447
0.331748 -0.167457 0.520507
0.33495 -0.167642 0.520595
0.338152 -0.167823 0.520688
0.341366 -0.167986 0.520764
0.34462 -0.168126 0.52082
0.347873 -0.168276 0.520898
0.351125 -0.168432 0.520993
0.354378 -0.168583 0.52109
0.357639 -0.168721 0.52117
0.360884 -0.16884 0.521224
0.364128 -0.168959 0.521302
0.367372 -0.169079 0.521396
0.370616 -0.169195 0.52149
0.373867 -0.169296 0.521574
0.377164 -0.169373 0.52164
0.380461 -0.169457 0.521718
0.383758 -0.169543 0.521797
0.387054 -0.169629 0.521872
0.390353 -0.169711 0.521931
0.393579 -0.169777 0.521958
0.396805 -0.169844 0.521997
0.400031 -0.169917 0.522034
0.403257 -0.169997 0.522056
0.406484 -0.170071 0.522049
0.409762 -0.170122 0.521998
0.41304 -0.170198 0.521943
0.416317 -0.170291 0.521851
0.419592 -0.170404 0.521722
0.422873 -0.170537 0.52155
0.426149 -0.170681 0.521293
0.429423 -0.170841 0.521018
0.432687 -0.171049 0.520673
0.435939 -0.171306 0.520256
0.43925 -0.171621 0.519739
0.441445 -0.171835 0.519285
0.443632 -0.172085 0.518809
0.445802 -0.172368 0.518275
0.447948 -0.172707 0.517681
0.44856 -0.172821 0.517492
0.449931 -0.173089 0.517055
0.451291 -0.173382 0.516598
0.452639 -0.1737 0.516123
0.453977 -0.174037 0.515634
0.4548 -0.174255 0.515322
0.454979 -0.174304 0.515253
0.455158 -0.174353 0.515184
0.455336 -0.174402 0.515114
0.455514 -0.174452 0.515043
0.455695 -0.174503 0.514972
0.459175 -0.175494 0.513595
0.462543 -0.176657 0.512078
0.465792 -0.177988 0.510447
0.468922 -0.179498 0.508738
0.472615 -0.181392 0.506735
0.474171 -0.182253 0.506
0.475662 -0.183138 0.505166
0.477125 -0.184036 0.504296
0.478606 -0.184945 0.503468
0.479755 -0.185633 0.502884
0.480634 -0.186142 0.502494
0.4815 -0.186643 0.502067
0.482354 -0.187135 0.501604
0.483211 -0.187631 0.501154
0.484212 -0.188214 0.500648
0.484946 -0.188644 0.500297
0.48568 -0.189082 0.499955
0.486413 -0.189528 0.499623
0.487144 -0.189984 0.499301
0.487886 -0.190424 0.498987
0.490021 -0.191603 0.49811
0.492108 -0.19288 0.497252
0.49418 -0.194197 0.496421
0.496348 -0.195431 0.495717
0.498536 -0.19658 0.49504
0.501648 -0.19783 0.494406
0.504715 -0.199136 0.493674
0.507762 -0.200468 0.492901
0.510837 -0.201729 0.492123
0.514104 -0.202964 0.491307
0.516346 -0.203582 0.490826
0.518557 -0.204258 0.490282
0.520776 -0.204902 0.489735
0.523005 -0.205513 0.489186
0.525113 -0.206056 0.488667
0.526114 -0.206298 0.488418
0.527117 -0.206533 0.488168
0.528122 -0.20676 0.487916
0.529127 -0.206979 0.487663
0.530121 -0.207187 0.487411
0.533428 -0.207904 0.486561
0.536754 -0.208529 0.485716
0.540092 -0.209082 0.48487
0.543434 -0.209597 0.484011
0.546663 -0.210079 0.483158
0.546908 -0.210116 0.483092
0.547152 -0.210152 0.483025
0.547397 -0.210188 0.482959
0.547641 -0.210225 0.482892
0.547886 -0.210262 0.482825
0.550967 -0.210729 0.481982
0.554044 -0.211203 0.48113
0.557118 -0.211686 0.48027
0.560187 -0.212176 0.479399
0.563282 -0.212701 0.478495
0.566276 -0.213296 0.477577
0.569239 -0.213994 0.47663
0.57217 -0.214788 0.475658
0.575078 -0.215636 0.474665
0.57815 -0.216458 0.473653
0.581044 -0.217091 0.472783
0.58387 -0.217861 0.471805
0.586677 -0.218638 0.470778
0.589482 -0.219371 0.469716
0.591118 -0.21977 0.469074
0.591345 -0.219823 0.468983
0.591571 -0.219875 0.468892
0.591798 -0.219929 0.468801
0.592024 -0.219982 0.468709
0.592247 -0.220034 0.468618
0.592344 -0.220056 0.468579
0.592442 -0.220078 0.46854
0.592539 -0.220101 0.4685
0.592636 -0.220123 0.468461
0.592734 -0.220145 0.468421
0.596144 -0.220921 0.467038
0.599549 -0.221633 0.465608
0.602951 -0.22228 0.46414
0.606348 -0.222861 0.462633
0.609791 -0.223388 0.461061
0.612721 -0.223713 0.459643
0.615639 -0.223942 0.458182
0.618543 -0.224087 0.456684
0.621435 -0.224187 0.455159
0.623646 -0.224229 0.453965
0.624108 -0.224233 0.45371
0.624571 -0.224233 0.453454
0.625033 -0.224231 0.453198
0.625495 -0.224225 0.452942
0.62596 -0.224219 0.452682
0.628981 -0.224176 0.450995
0.631984 -0.224028 0.449283
0.634967 -0.223803 0.447545
0.637929 -0.223508 0.44578
0.641234 -0.22319 0.443778
0.643986 -0.222944 0.442074
0.646725 -0.22267 0.440354
0.64947 -0.222366 0.43865
0.652266 -0.222009 0.437039
0.655434 -0.221537 0.435183
0.655556 -0.221515 0.43511
0.655677 -0.221493 0.435037
0.655798 -0.221471 0.434964
0.655919 -0.221449 0.43489
0.656041 -0.221426 0.434816
0.658764 -0.220921 0.433171
0.661408 -0.220375 0.431413
0.664008 -0.219813 0.429596
0.666559 -0.21934 0.427688
0.669385 -0.218821 0.42557
0.670733 -0.218569 0.424567
0.672092 -0.218348 0.423572
0.673458 -0.218155 0.422581
0.674825 -0.217981 0.421587
0.676205 -0.217824 0.420573
0.678138 -0.217636 0.419125
0.680073 -0.217393 0.417689
0.681991 -0.217146 0.416231
0.683887 -0.216904 0.414743
0.685398 -0.216714 0.413525
0.685498 -0.216701 0.413444
0.685597 -0.216689 0.413362
0.685696 -0.216676 0.41328
0.685795 -0.216664 0.413198
0.685895 -0.216651 0.413115
0.686196 -0.216612 0.412868
0.686497 -0.216574 0.412621
0.686798 -0.216535 0.412373
0.687099 -0.216497 0.412126
0.687402 -0.216458 0.41188
0.689929 -0.216128 0.409851
0.692449 -0.215818 0.407809
0.694986 -0.215522 0.405787
0.69754 -0.21524 0.403784
0.700075 -0.214977 0.401833
0.703271 -0.214662 0.399646
0.706458 -0.214393 0.39744
0.709692 -0.21414 0.3953
0.712951 -0.213933 0.393195
0.716873 -0.213734 0.39078
0.717007 -0.213729 0.390703
0.71714 -0.213724 0.390626
0.717274 -0.213719 0.390549
0.717407 -0.213714 0.390472
0.717541 -0.213709 0.390395
0.720838 -0.213596 0.388509
0.724131 -0.213466 0.386616
0.727432 -0.213326 0.384735
0.730768 -0.2132 0.382919
0.734015 -0.213099 0.381193
0.737205 -0.213025 0.379653
0.740387 -0.212965 0.378095
0.743577 -0.21292 0.376556
0.746782 -0.212892 0.375046
0.749963 -0.212884 0.373604
0.750068 -0.212885 0.373558
0.750174 -0.212886 0.373513
0.750279 -0.212886 0.373467
0.750384 -0.212887 0.373421
0.750489 -0.212888 0.373376
0.753559 -0.212908 0.372045
0.756624 -0.212894 0.370699
0.759686 -0.212844 0.36935
0.762746 -0.212758 0.367997
0.76584 -0.212692 0.36669
0.768965 -0.212692 0.365486
0.772069 -0.212633 0.36423
0.775162 -0.212538 0.362952
0.778265 -0.21245 0.361697
0.78146 -0.21237 0.360454
0.782439 -0.212351 0.360105
0.783416 -0.212331 0.35975
0.784394 -0.212311 0.359396
0.785372 -0.21229 0.359044
0.786316 -0.212269 0.358706
0.788438 -0.212222 0.357951
0.790561 -0.212167 0.357199
0.792684 -0.212103 0.35645
0.794809 -0.212035 0.355704
0.796925 -0.211966 0.354977
0.799988 -0.211878 0.353991
0.803041 -0.211768 0.352977
0.806089 -0.21164 0.351946
0.809141 -0.211505 0.350933
0.812238 -0.211415 0.350007
0.815299 -0.211369 0.349194
0.818347 -0.211274 0.348332
0.821381 -0.211134 0.347431
0.824422 -0.210993 0.346553
0.827536 -0.210847 0.345697
0.830684 -0.210707 0.344899
0.833825 -0.210551 0.344077
0.836975 -0.210398 0.343291
0.840132 -0.210245 0.34253
0.843272 -0.21009 0.341798
0.843698 -0.210069 0.341703
0.844123 -0.210048 0.341607
0.844549 -0.210027 0.341512
0.844975 -0.210005 0.341417
0.8454 -0.209984 0.341323
0.848255 -0.209841 0.340695
0.85111 -0.209691 0.340068
0.853965 -0.209533 0.339444
0.85682 -0.209368 0.338823
0.859673 -0.209185 0.338197
0.862943 -0.208986 0.337529
0.866203 -0.208751 0.336828
0.869461 -0.208499 0.33612
0.87272 -0.208242 0.335422
0.876021 -0.208003 0.334753
0.879103 -0.207817 0.334188
0.882176 -0.207582 0.333587
0.885246 -0.207331 0.332979
0.888316 -0.207079 0.332377
0.891427 -0.206827 0.331779
0.894496 -0.206611 0.331239
0.897554 -0.20635 0.330662
0.900613 -0.206084 0.330088
0.903672 -0.205815 0.329517
0.906765 -0.20554 0.328944
0.908398 -0.205407 0.328656
0.910029 -0.20526 0.328361
0.91166 -0.205114 0.328069
0.913291 -0.204968 0.327778
0.914851 -0.204829 0.327503
0.916316 -0.204699 0.327245
0.917781 -0.204568 0.326988
0.919245 -0.204434 0.32673
0.92071 -0.2043 0.326471
0.922176 -0.204164 0.326214
0.925275 -0.203879 0.32568
0.928373 -0.203588 0.325141
0.931471 -0.203297 0.324604
0.93457 -0.203005 0.32407
0.937671 -0.202712 0.323537
0.937794 -0.2027 0.323516
0.937917 -0.202688 0.323495
0.93804 -0.202676 0.323474
0.938163 -0.202664 0.323453
0.938284 -0.202652 0.323432
0.941284 -0.202361 0.322917
0.944282 -0.202066 0.322398
0.947281 -0.201768 0.321875
0.950278 -0.20147 0.32135
0.953281 -0.201173 0.32082
0.956395 -0.200863 0.320297
0.959503 -0.200556 0.319741
0.962612 -0.200254 0.319183
0.96572 -0.199953 0.318624
0.968841 -0.199651 0.318064
0.971933 -0.199334 0.31756
0.97502 -0.199051 0.317004
0.978107 -0.19877 0.316452
0.981197 -0.198483 0.315916
0.984296 -0.198194 0.315394
0.986375 -0.198 0.315069
0.988453 -0.19781 0.314731
0.990532 -0.197623 0.314404
0.992614 -0.197438 0.314086
0.994744 -0.19725 0.31377
0.995759 -0.197161 0.313623
0.996774 -0.197073 0.313477
0.997789 -0.196986 0.313331
0.998805 -0.1969 0.313185
0.99982 -0.196814 0.31304
1.00605 -0.196293 0.312189
1.0123 -0.195821 0.31142
1.01857 -0.195399 0.31074
1.02484 -0.195018 0.310169
1.03102 -0.194678 0.30973
1.03738 -0.194328 0.309475
1.04374 -0.194034 0.309221
1.05011 -0.193796 0.309083
1.05648 -0.193612 0.309055
1.06284 -0.193475 0.309127
1.06905 -0.193369 0.309311
1.07526 -0.193318 0.30957
1.08146 -0.193332 0.309924
1.08766 -0.193398 0.310371
1.0939 -0.193504 0.310911
1.09551 -0.193547 0.311076
1.09713 -0.193589 0.311245
1.09874 -0.193635 0.311422
1.10035 -0.193688 0.311607
1.10149 -0.193728 0.311744
1.10617 -0.193907 0.312325
1.11084 -0.194129 0.312976
1.1155 -0.194382 0.313691
1.12015 -0.194665 0.314465
1.1249 -0.194991 0.315304
1.12802 -0.195228 0.315891
1.13114 -0.195503 0.3165
1.13425 -0.195811 0.317131
1.13735 -0.196145 0.317786
1.14052 -0.196502 0.318478
1.14365 -0.19687 0.319184
1.14678 -0.197227 0.319896
1.14991 -0.19758 0.320616
1.15304 -0.197938 0.321348
1.15618 -0.198289 0.32209
1.1593 -0.198629 0.322845
1.16243 -0.198987 0.323611
1.16555 -0.199347 0.324387
1.16867 -0.199711 0.325174
1.17182 -0.200082 0.325981
1.17288 -0.200207 0.326256
1.17394 -0.200333 0.326533
1.175 -0.200459 0.326811
1.17605 -0.200586 0.32709
1.17705 -0.200706 0.327354
1.17895 -0.200935 0.327859
1.18085 -0.201166 0.328366
1.18275 -0.201399 0.328877
1.18465 -0.201636 0.329393
1.18625 -0.201839 0.329833
1.1865 -0.201871 0.329901
1.18674 -0.201902 0.329969
1.18699 -0.201934 0.330037
1.18723 -0.201965 0.330105
1.18748 -0.201997 0.330173
1.19059 -0.202396 0.331035
1.1937 -0.202797 0.331902
1.19681 -0.203204 0.332779
1.19991 -0.203617 0.333665
1.20304 -0.204042 0.334569
1.20619 -0.204481 0.33549
1.20934 -0.20492 0.336419
1.21248 -0.205365 0.337357
1.21563 -0.205809 0.3383
1.21879 -0.206253 0.339255
1.22196 -0.206711 0.340219
1.22513 -0.20716 0.341187
1.2283 -0.207607 0.342162
1.23147 -0.208056 0.343143
1.23464 -0.208512 0.344135
1.23479 -0.208534 0.344181
1.23493 -0.208555 0.344227
1.23508 -0.208577 0.344273
1.23522 -0.208598 0.344319
1.23537 -0.20862 0.344364
1.23839 -0.209067 0.345317
1.24141 -0.20952 0.34627
1.24443 -0.209977 0.347223
1.24745 -0.210439 0.34818
1.25048 -0.210905 0.349142
1.25364 -0.211386 0.350132
1.25679 -0.211872 0.35113
1.25994 -0.212363 0.352138
1.26308 -0.212866 0.353154
1.26626 -0.213391 0.354193
1.2694 -0.213923 0.355229
1.27255 -0.214453 0.356259
1.27569 -0.214989 0.357286
1.27883 -0.215528 0.358311
1.28196 -0.21607 0.359332
1.28307 -0.216264 0.359692
1.28418 -0.216459 0.360054
1.28529 -0.216656 0.360416
1.2864 -0.216853 0.360778
1.28748 -0.217048 0.361132
1.28846 -0.217224 0.36145
1.28943 -0.217401 0.361767
1.2904 -0.21758 0.362084
1.29137 -0.217761 0.362401
1.29224 -0.217924 0.362686
1.29644 -0.218717 0.364057
1.30064 -0.219533 0.365421
1.30483 -0.220371 0.36677
1.30902 -0.221231 0.368103
1.31322 -0.222111 0.369419
1.31709 -0.222962 0.370589
1.32095 -0.223818 0.371766
1.32479 -0.224719 0.372959
1.32862 -0.225676 0.374162
1.33213 -0.22661 0.375278
1.33466 -0.227301 0.376084
1.33719 -0.227993 0.376884
1.33972 -0.228674 0.377675
1.34226 -0.229344 0.378459
1.34477 -0.229991 0.379223
1.3461 -0.230321 0.379622
1.34743 -0.230655 0.380023
1.34876 -0.230987 0.380422
1.35009 -0.231317 0.380818
1.35142 -0.231642 0.38121
1.35321 -0.232081 0.381738
1.35501 -0.232518 0.382266
1.35681 -0.232953 0.382793
1.3586 -0.233388 0.383319
1.3604 -0.233821 0.383843
1.36349 -0.234567 0.38474
1.36659 -0.235308 0.385642
1.36969 -0.236047 0.386544
1.37278 -0.236784 0.387444
1.37588 -0.237521 0.388333
1.3778 -0.237977 0.388865
1.37971 -0.238436 0.389408
1.38162 -0.238898 0.38995
1.38353 -0.239363 0.39049
1.38533 -0.239801 0.390996
1.38654 -0.240098 0.391337
1.38776 -0.240397 0.391678
1.38898 -0.240696 0.392019
1.39019 -0.240998 0.39236
1.39141 -0.241299 0.392701
1.39451 -0.242035 0.393554
1.39759 -0.242813 0.394425
1.40067 -0.243598 0.395296
1.40375 -0.244375 0.396164
1.40689 -0.245136 0.397037
1.40985 -0.245784 0.397834
1.41281 -0.246426 0.398629
1.41578 -0.247061 0.399419
1.41875 -0.24769 0.400204
1.42207 -0.248388 0.401077
1.42525 -0.249044 0.401903
1.42842 -0.249691 0.402723
1.4316 -0.250328 0.403536
1.43479 -0.250956 0.404342
1.43794 -0.251567 0.405133
1.43885 -0.25174 0.405357
1.43975 -0.251913 0.405582
1.44066 -0.252086 0.405806
1.44156 -0.252258 0.40603
1.44247 -0.252429 0.406253
1.44782 -0.25344 0.407573
1.45316 -0.254456 0.408903
1.4585 -0.255477 0.410245
1.46384 -0.256503 0.411599
1.46921 -0.257543 0.412975
1.47546 -0.258601 0.414512
1.48166 -0.259811 0.416135
1.48783 -0.2611 0.417808
1.494 -0.262404 0.419497
1.50046 -0.263545 0.421061
1.51291 -0.265221 0.423601
1.52539 -0.266774 0.426089
1.53789 -0.268208 0.428534
1.55039 -0.269528 0.43106
1.56273 -0.270666 0.433265
1.5677 -0.27107 0.434039
1.57267 -0.271469 0.434836
1.57764 -0.271853 0.435622
1.58262 -0.272219 0.436396
1.58745 -0.27256 0.437136
1.59493 -0.273073 0.438264
1.6024 -0.273579 0.439401
1.60987 -0.274078 0.440546
1.61734 -0.274552 0.441722
1.62482 -0.274996 0.442938
1.63725 -0.275535 0.444912
1.64966 -0.276194 0.446971
1.66206 -0.276832 0.449054
1.67446 -0.277411 0.451183
1.68695 -0.277932 0.453352
1.69943 -0.2783 0.454991
1.71185 -0.278696 0.457029
1.72424 -0.279096 0.459284
1.73662 -0.279459 0.461594
1.74936 -0.279569 0.463879
1.76195 -0.279408 0.466026
1.77452 -0.279337 0.468286
1.78708 -0.279382 0.47065
1.79964 -0.279366 0.472996
1.81232 -0.279145 0.475192
1.8249 -0.278751 0.477222
1.83746 -0.278412 0.479367
1.85001 -0.278093 0.481589
1.86256 -0.277699 0.483769
1.87522 -0.277216 0.485843
1.88788 -0.276609 0.487686
1.90051 -0.276007 0.489732
1.91314 -0.275355 0.491725
1.92578 -0.274644 0.493684
1.93852 -0.273868 0.495627
1.94506 -0.273434 0.496581
1.95161 -0.272993 0.497552
1.95815 -0.272539 0.498514
1.96469 -0.27207 0.499467
1.97113 -0.271596 0.500397
1.97714 -0.271141 0.501258
1.98315 -0.270675 0.50212
1.98915 -0.2702 0.502982
1.99516 -0.269716 0.503841
2.00118 -0.269222 0.5047
2.01365 -0.268166 0.506436
2.02612 -0.267085 0.508199
2.03858 -0.265965 0.50996
2.05105 -0.264803 0.511725
2.06355 -0.263595 0.513501
2.07599 -0.26228 0.51509
2.08842 -0.260991 0.516799
2.10084 -0.259647 0.518468
2.11327 -0.258248 0.520098
2.12575 -0.256795 0.521691
2.13627 -0.255531 0.522952
2.14679 -0.254238 0.524212
2.15731 -0.25292 0.525436
2.16783 -0.251573 0.526631
2.17629 -0.250469 0.527571
2.17874 -0.250143 0.527839
2.18119 -0.249816 0.528106
2.18365 -0.249487 0.528372
2.1861 -0.249157 0.528637
2.18855 -0.248825 0.528901
2.20093 -0.247143 0.530217
2.21331 -0.245426 0.531514
2.22569 -0.243673 0.532779
2.23806 -0.241888 0.534012
2.25045 -0.240078 0.535212
2.26286 -0.238224 0.536291
2.27527 -0.236354 0.537452
2.28767 -0.234458 0.53858
2.30007 -0.232533 0.539676
2.31252 -0.230562 0.540707
2.325 -0.228541 0.541602
2.33749 -0.226497 0.542557
2.34996 -0.224429 0.543553
2.36243 -0.222337 0.544484
2.37496 -0.220203 0.545257
2.38746 -0.218042 0.545846
2.39995 -0.215857 0.546525
2.41244 -0.213649 0.547233
2.42493 -0.211424 0.547884
2.43747 -0.209168 0.548441
2.44997 -0.206895 0.548857
2.46247 -0.204598 0.549316
2.47496 -0.202284 0.549763
2.48745 -0.19996 0.550148
2.49998 -0.197614 0.550473
2.51073 -0.195591 0.550617
2.52148 -0.193543 0.5508
2.53222 -0.19148 0.550941
2.54297 -0.189411 0.551042
2.55287 -0.187496 0.551098
2.5548 -0.187123 0.551102
2.55672 -0.18675 0.551105
2.55864 -0.186376 0.551107
2.56056 -0.186003 0.551109
2.56249 -0.185628 0.551109
2.57499 -0.183208 0.551096
2.58748 -0.180752 0.551041
2.59997 -0.178278 0.550941
2.61246 -0.175785 0.550793
2.62499 -0.173255 0.550596
2.63749 -0.170804 0.550311
2.64998 -0.168271 0.550003
2.66245 -0.165699 0.549656
2.67492 -0.16313 0.549263
2.68749 -0.160607 0.548817
2.69999 -0.158213 0.548328
2.71247 -0.155722 0.547795
2.72494 -0.153159 0.547218
2.7374 -0.150599 0.546602
2.75 -0.148068 0.545929
2.7625 -0.145629 0.545208
2.77498 -0.143128 0.54446
2.78746 -0.140601 0.54368
2.79994 -0.138096 0.542867
2.8125 -0.135589 0.54201
2.82351 -0.133471 0.54124
2.83451 -0.131296 0.540428
2.8455 -0.129125 0.539588
2.8565 -0.126962 0.538722
2.86653 -0.125 0.537911
2.86822 -0.12467 0.537771
2.86992 -0.12434 0.53763
2.87161 -0.124011 0.537489
2.8733 -0.123681 0.537346
2.875 -0.123352 0.537203
2.8875 -0.120932 0.536149
2.89999 -0.118507 0.535047
2.91249 -0.116087 0.533905
2.92497 -0.113664 0.532717
2.9375 -0.111229 0.531479
2.95 -0.108853 0.530205
2.96249 -0.106442 0.528897
2.97497 -0.104017 0.52755
2.98745 -0.101597 0.52616
3 -0.0991963 0.524745
3.0125 -0.0968711 0.52335
3.02498 -0.094496 0.521862
3.03746 -0.0921236 0.520338
3.04993 -0.0897594 0.518782
3.0625 -0.0873846 0.517176
3.073 -0.0854298 0.515806
3.08349 -0.0834616 0.514414
3.09399 -0.0814986 0.512996
3.10448 -0.07954 0.511559
3.1134 -0.0778771 0.51032
3.11572 -0.0774456 0.509994
3.11804 -0.077014 0.509668
3.12036 -0.0765823 0.509341
3.12268 -0.0761504 0.509014
3.125 -0.0757182 0.508685
3.1375 -0.0733968 0.506904
3.14999 -0.0710629 0.505105
3.16249 -0.0687243 0.503282
3.17497 -0.0663863 0.501432
3.1875 -0.0640553 0.49954
3.18918 -0.0637442 0.49928
3.19087 -0.0634324 0.49902
3.19255 -0.0631207 0.498759
3.19423 -0.0628092 0.498497
3.1959 -0.0625 0.498237
3.20672 -0.0604984 0.496547
3.21754 -0.0584968 0.494829
3.22835 -0.0564966 0.493083
3.23915 -0.0544977 0.49131
3.25 -0.052492 0.489502
3.2625 -0.0502206 0.487436
3.27498 -0.0479021 0.485295
3.28745 -0.0455821 0.483117
3.29992 -0.0432594 0.480904
3.3125 -0.0409415 0.478642
3.325 -0.0387102 0.476382
3.33748 -0.0364196 0.474083
3.34995 -0.0340713 0.471743
3.36241 -0.0317384 0.469372
3.375 -0.0294293 0.466979
3.3875 -0.0272014 0.464618
3.39998 -0.0249219 0.462178
3.41245 -0.0226437 0.459707
3.42491 -0.0203767 0.457215
3.4375 -0.0181007 0.454672
3.44195 -0.0173099 0.453764
3.4464 -0.0165124 0.452853
3.45084 -0.0157166 0.451938
3.45529 -0.0149226 0.451019
3.45955 -0.0141638 0.450136
3.46764 -0.0127239 0.448453
3.47573 -0.0112832 0.446757
3.48381 -0.00984167 0.44505
3.49189 -0.00839926 0.44333
3.5 -0.00695103 0.441592
3.50796 -0.00556083 0.439878
3.51591 -0.0041564 0.438148
3.52387 -0.00276265 0.436408
3.53182 -0.00137955 0.434657
3.53981 3.66084e-10 0.432887
3.54435 0.000777142 0.431876
3.54889 0.00155291 0.430862
3.55342 0.00232818 0.429845
3.55796 0.00310298 0.428824
3.5625 0.00387829 0.427799
3.575 0.00599751 0.424996
3.58749 0.00812417 0.422145
3.59997 0.0102462 0.41927
3.61245 0.012361 0.41637
3.625 0.0144796 0.413427
3.6375 0.0165312 0.410576
3.64997 0.0186153 0.407636
3.66244 0.0207097 0.404649
3.6749 0.0227861 0.401667
3.6875 0.024864 0.398664
3.6957 0.0261793 0.396757
3.7039 0.0275079 0.394816
3.71209 0.0288282 0.392877
3.72029 0.0301404 0.390941
3.72799 0.0313653 0.389126
3.73239 0.0320618 0.38809
3.73679 0.0327561 0.387051
3.74119 0.0334484 0.386009
3.74559 0.0341386 0.384963
3.75 0.0348274 0.383913
3.7625 0.0367559 0.380964
3.77498 0.0386895 0.377952
3.78746 0.040607 0.374913
3.79994 0.0425084 0.371846
3.8125 0.0443857 0.368765
3.825 0.0461742 0.365781
3.83748 0.0479909 0.362713
3.84995 0.0497952 0.359626
3.86243 0.0515688 0.356545
3.875 0.0533233 0.353448
3.8875 0.0549992 0.350441
3.89999 0.0566799 0.34738
3.91248 0.0583308 0.344326
3.92498 0.0599574 0.341277
3.9375 0.0615629 0.338228
3.93899 0.0617503 0.337867
3.94048 0.0619378 0.337505
3.94197 0.062125 0.337144
3.94346 0.0623119 0.336782
3.94496 0.0625 0.336418
3.95206 0.0633877 0.334695
3.95916 0.0642714 0.332973
3.96627 0.065151 0.331252
3.97337 0.0660265 0.329533
3.98054 0.0669038 0.327804
3.98443 0.0673757 0.326871
3.98833 0.0678451 0.325939
3.99222 0.0683121 0.325006
3.99611 0.0687767 0.324074
4 0.0692384 0.323142
4.0125 0.0707062 0.320178
4.02499 0.0721597 0.317185
4.03749 0.0735849 0.314198
4.05 0.0749801 0.31122
4.0625 0.0763443 0.308252
4.075 0.0776221 0.305378
4.08749 0.0789195 0.30245
4.09997 0.0801985 0.299516
4.11246 0.0814497 0.29659
4.125 0.0826682 0.293701
4.1375 0.0838288 0.290913
4.14999 0.084986 0.288069
4.16247 0.0861343 0.285187
4.17496 0.0872526 0.282335
4.1875 0.0883272 0.279523
4.1997 0.089299 0.276875
4.21189 0.0902959 0.274185
4.22408 0.091265 0.271519
4.23629 0.0922067 0.26888
4.24843 0.0931164 0.266283
4.24874 0.0931393 0.266216
4.24906 0.0931621 0.26615
4.24937 0.0931849 0.266083
4.24969 0.0932077 0.266017
4.25 0.0932304 0.26595
4.2625 0.0941348 0.263308
4.275 0.0950116 0.260669
4.28751 0.09586 0.258034
4.30002 0.0966796 0.255404
4.3125 0.0974684 0.252782
4.325 0.0982377 0.250247
4.33749 0.0989778 0.247656
4.34998 0.0996895 0.245048
4.36247 0.100373 0.242442
4.375 0.101002 0.239903
4.3875 0.101573 0.237464
4.39999 0.102156 0.234972
4.41247 0.102745 0.232441
4.42496 0.10331 0.229929
4.4375 0.103855 0.227481
4.45 0.104377 0.225134
4.46249 0.104876 0.222734
4.47498 0.105348 0.220319
4.48748 0.105793 0.217932
4.5 0.10621 0.215574
4.5121 0.106558 0.213381
4.5242 0.106913 0.211157
4.53631 0.107244 0.208958
4.54842 0.107551 0.206784
4.56067 0.107838 0.204609
4.56104 0.107846 0.204545
4.5614 0.107854 0.204481
4.56177 0.107862 0.204417
4.56213 0.10787 0.204353
4.5625 0.107878 0.204289
4.575 0.108144 0.202102
4.5875 0.108386 0.199925
4.60001 0.108604 0.197758
4.61251 0.108797 0.195602
4.625 0.108965 0.193459
4.6375 0.109152 0.191378
4.64999 0.109279 0.189259
4.66249 0.10938 0.187147
4.67499 0.109463 0.185055
4.6875 0.109532 0.182994
4.7 0.10959 0.181012
4.71249 0.109632 0.178993
4.72499 0.109658 0.17698
4.73749 0.109668 0.174984
4.75 0.109672 0.173017
4.7625 0.109701 0.171127
4.77499 0.109679 0.1692
4.78749 0.109632 0.16728
4.79999 0.109571 0.165375
4.8125 0.109494 0.163498
4.825 0.109404 0.161694
4.83749 0.109301 0.159855
4.84999 0.109185 0.158018
4.86249 0.109054 0.156197
4.875 0.108911 0.154403
4.8875 0.108784 0.152678
4.9 0.108612 0.15093
4.9125 0.108426 0.149204
4.925 0.108226 0.1475
4.9375 0.108011 0.145818
4.94208 0.107927 0.145214
4.94666 0.107841 0.144609
4.95124 0.107754 0.144007
4.95581 0.107665 0.143407
4.96047 0.107572 0.1428
4.96838 0.107411 0.141775
4.97628 0.107244 0.140755
4.98419 0.107072 0.13974
4.9921 0.106894 0.13873
5 0.106711 0.137726
5.0125 0.10642 0.136166
5.025 0.106109 0.1346
5.0375 0.105786 0.133046
5.05 0.105448 0.131504
5.0625 0.105097 0.129976
5.075 0.104787 0.128506
5.0875 0.104418 0.12701
5.09999 0.104027 0.125518
5.11249 0.103622 0.124039
5.125 0.10321 0.122594
5.1375 0.102797 0.121214
5.15 0.102363 0.119804
5.16249 0.101909 0.118375
5.17498 0.101446 0.116961
5.1875 0.101017 0.115597
5.2 0.100632 0.114293
5.2125 0.100192 0.112963
5.22499 0.0996956 0.111608
5.23748 0.0991892 0.110267
5.25 0.0986821 0.108981
5.2625 0.0981771 0.107757
5.275 0.0976551 0.106504
5.28749 0.0971157 0.105224
5.29998 0.0965662 0.103958
5.3125 0.0960484 0.102744
5.325 0.0955664 0.101587
5.3375 0.0950269 0.100404
5.34999 0.0944488 0.0992112
5.36248 0.0938619 0.0980355
5.375 0.093268 0.0968904
5.3875 0.0926739 0.0958019
5.4 0.0920649 0.0946857
5.41249 0.0914453 0.093577
5.42499 0.0908172 0.0924839
5.4375 0.0901809 0.0914052
5.45 0.0895743 0.090376
5.4625 0.0889238 0.0893302
5.47499 0.0882657 0.0882987
5.48749 0.0875999 0.0872816
5.5 0.0869243 0.0862781
5.5125 0.0862432 0.085307
5.525 0.0855513 0.084333
5.5375 0.0848503 0.0833727
5.55 0.0841418 0.0824257
5.5625 0.0834257 0.0814918
5.56422 0.0833263 0.0813652
5.56594 0.0832265 0.0812387
5.56766 0.0831266 0.0811123
5.56939 0.0830265 0.0809863
5.57113 0.0829252 0.080859
5.5819 0.0822971 0.0800729
5.59268 0.0816633 0.0792946
5.60345 0.0810239 0.0785242
5.61423 0.0803788 0.0777616
5.625 0.0797275 0.077007
5.6375 0.0789826 0.0761412
5.65 0.0782106 0.0752848
5.6625 0.0774307 0.0744384
5.675 0.0766435 0.0736019
5.6875 0.0758488 0.072775
5.7 0.075062 0.0719587
5.7125 0.0742514 0.0711506
5.725 0.0734334 0.0703518
5.7375 0.072608 0.0695625
5.75 0.0717775 0.0687823
5.7625 0.0709848 0.0680125
5.775 0.0701445 0.0672499
5.78749 0.0692999 0.0664962
5.79999 0.0684511 0.0657514
5.8125 0.0675974 0.0650148
5.825 0.0667492 0.0642876
5.8375 0.0658871 0.0635684
5.85 0.0650209 0.0628578
5.8625 0.0641506 0.0621556
5.875 0.0632759 0.061461
5.87721 0.0631207 0.0613393
5.87943 0.0629648 0.0612178
5.88164 0.0628087 0.0610964
5.88386 0.0626525 0.0609753
5.88601 0.0625 0.0608575
5.89631 0.0617719 0.0602961
5.90661 0.0610369 0.0597401
5.91691 0.0602953 0.0591901
5.9272 0.0595471 0.0586461
5.9375 0.0587922 0.0581081
5.95 0.0578868 0.057464
5.9625 0.0569532 0.0568261
5.975 0.0560097 0.0561966
5.98749 0.0550563 0.0555755
6 0.0540913 0.0549612
6.0125 0.053137 0.0543507
6.025 0.0521532 0.0537511
6.0375 0.0511586 0.0531585
6.04999 0.0501536 0.0525738
6.0625 0.0491372 0.0519966
6.075 0.0481773 0.051434
6.08749 0.0471521 0.0508722
6.09999 0.0461076 0.0503171
6.11248 0.0450523 0.0497691
6.125 0.0439955 0.0492243
6.1375 0.0429618 0.0486813
6.15 0.0418924 0.0481496
6.16249 0.0407964 0.0476274
6.17499 0.0396893 0.0471119
6.1875 0.0386194 0.046607
6.2 0.0376054 0.0461153
6.21249 0.0365287 0.0456243
6.22498 0.0353887 0.0451341
6.23747 0.0342376 0.0446484
6.25 0.0331032 0.0441617
6.2625 0.0319915 0.0436766
6.275 0.0308448 0.0432021
6.28749 0.0296635 0.0427381
6.29999 0.0284751 0.0422788
6.3125 0.0273291 0.0418285
6.325 0.0262332 0.0413887
6.33749 0.0250729 0.0409484
6.34998 0.0238596 0.0405087
6.36247 0.0226398 0.0400732
6.375 0.0214285 0.0396374
6.3875 0.0202393 0.0392025
6.4 0.0190166 0.0387777
6.41249 0.0177742 0.0383608
6.42499 0.0165288 0.0379482
6.4375 0.0152965 0.0375409
6.45 0.0141118 0.0371431
6.46249 0.0128646 0.036745
6.47499 0.0116075 0.0363505
6.48748 0.0103475 0.03596
6.5 0.00908184 0.0355729
6.5125 0.00783375 0.0351875
6.525 0.00656386 0.0348103
6.5375 0.00529112 0.0344371
6.54999 0.00401571 0.0340677
6.5625 0.00273676 0.0337019
6.56789 0.00218941 0.0335463
6.57328 0.00163661 0.0333911
6.57867 0.00108336 0.0332365
6.58406 0.000529645 0.0330826
6.58921 -3.34688e-16 0.0329361
6.59637 -0.000736702 0.0327334
6.60352 -0.00147634 0.0325324
6.61068 -0.00221893 0.0323332
6.61784 -0.00296447 0.0321357
6.625 -0.00371341 0.03194
6.6375 -0.00501107 0.031603
6.65 -0.00633282 0.0312698
6.66249 -0.00766353 0.0309418
6.67499 -0.00900322 0.0306187
6.6875 -0.0103535 0.0303003
6.7 -0.0116887 0.0299787
6.7125 -0.0130545 0.0296699
6.72499 -0.0144258 0.0293648
6.73749 -0.0158027 0.0290633
6.75 -0.0171866 0.0287649
6.7625 -0.0185349 0.028474
6.775 -0.0199275 0.0281826
6.78749 -0.0213255 0.0278943
6.79998 -0.0227291 0.0276096
6.8125 -0.0241409 0.0273277
6.825 -0.0255382 0.027043
6.8375 -0.0269591 0.0267683
6.84999 -0.0283856 0.0264969
6.86249 -0.0298178 0.0262287
6.875 -0.0312568 0.0259631
6.8875 -0.0326723 0.0257034
6.9 -0.0341204 0.0254439
6.91249 -0.0355739 0.0251873
6.92499 -0.0370328 0.0249334
6.9375 -0.0384996 0.0246824
6.95 -0.0399586 0.0244304
6.9625 -0.0414353 0.0241859
6.975 -0.0429179 0.0239443
6.98749 -0.0444059 0.0237055
7 -0.0459007 0.023469
7.0125 -0.0473826 0.0232371
7.025 -0.0488874 0.0230063
7.03749 -0.0503976 0.0227781
7.04999 -0.0519134 0.0225525
7.0625 -0.0534364 0.0223292
7.075 -0.0549571 0.0221065
7.0875 -0.0564905 0.0218889
7.1 -0.0580293 0.0216737
7.11249 -0.0595736 0.0214609
7.125 -0.0611246 0.0212504
7.12722 -0.0613997 0.0212135
7.12945 -0.0616757 0.0211767
7.13167 -0.0619517 0.0211399
7.13389 -0.0622277 0.0211032
7.13608 -0.0625 0.0210671
7.14637 -0.0637771 0.0208983
7.15665 -0.0650588 0.0207328
7.16693 -0.066344 0.0205701
7.17721 -0.0676305 0.0204092
7.1875 -0.068919 0.0202502
7.2 -0.0704818 0.0200592
7.2125 -0.0720519 0.0198705
7.225 -0.0736244 0.0196845
7.2375 -0.0751991 0.0195012
7.25 -0.0767767 0.0193204
7.25798 -0.0777842 0.0192064
7.26596 -0.0787935 0.0190938
7.27394 -0.0798037 0.0189823
7.28192 -0.0808149 0.0188719
7.29082 -0.0819437 0.01875
7.29516 -0.0824942 0.0186913
7.29949 -0.0830455 0.0186329
7.30383 -0.0835974 0.0185749
7.30816 -0.0841501 0.0185173
7.3125 -0.0847036 0.01846
7.325 -0.0862572 0.018298
7.33749 -0.0878595 0.0181369
7.34999 -0.0894677 0.0179788
7.36248 -0.0910814 0.017824
7.375 -0.0927041 0.0176721
7.3875 -0.0941712 0.0175305
7.39998 -0.0957985 0.0173852
7.41246 -0.0974311 0.0172431
7.42494 -0.0990691 0.0171039
7.4375 -0.100724 0.0169665
7.45 -0.102121 0.016843
7.46247 -0.103773 0.0167119
7.47494 -0.10543 0.0165835
7.4874 -0.107092 0.0164579
7.5 -0.108777 0.0163338
7.5125 -0.11008 0.0162179
7.52496 -0.111754 0.0161005
7.53741 -0.113434 0.0159857
7.54987 -0.115118 0.0158734
7.5625 -0.116833 0.0157619
7.575 -0.11812 0.0156669
7.58747 -0.119658 0.015563
7.59995 -0.121116 0.0154621
7.61244 -0.122498 0.0153637
7.625 -0.123818 0.0152674
7.62746 -0.124054 0.0152491
7.62991 -0.124298 0.0152309
7.63236 -0.124539 0.0152127
7.63482 -0.124778 0.0151946
7.63712 -0.125 0.0151777
7.6472 -0.125963 0.0151041
7.65727 -0.126948 0.0150309
7.66734 -0.127959 0.014958
7.67741 -0.128995 0.0148855
7.6875 -0.130061 0.0148132
7.7 -0.1312 0.0147243
7.71247 -0.132592 0.014636
7.72494 -0.134032 0.0145482
7.73741 -0.135522 0.014461
7.75 -0.137084 0.0143735
7.7625 -0.138187 0.0143009
7.77494 -0.139798 0.0142163
7.78738 -0.141502 0.0141316
7.79981 -0.143222 0.0140489
7.8125 -0.144833 0.0139668
7.825 -0.145861 0.0138878
7.83745 -0.147409 0.013811
7.84987 -0.149133 0.0137364
7.86229 -0.15086 0.0136641
7.875 -0.152433 0.0135968
7.8875 -0.153466 0.0135448
7.89995 -0.154983 0.0134829
7.91237 -0.156717 0.0134188
7.92479 -0.158457 0.0133583
7.9375 -0.159988 0.0132989
7.95 -0.160963 0.0132412
7.96245 -0.16244 0.0131869
7.97487 -0.164179 0.0131342
7.98728 -0.165915 0.0130829
8 -0.167412 0.0130376
8.025 -0.169366 0.0129717
8.04995 -0.171885 0.0128915
8.07483 -0.175033 0.0127974
8.09973 -0.17797 0.0127146
8.125 -0.179923 0.0126794
8.15 -0.180873 0.0126865
8.17496 -0.182535 0.0126741
8.19986 -0.185005 0.0126355
8.22475 -0.187529 0.0125949
8.25 -0.189058 0.0125679
8.3 -0.190218 0.0125398
8.34998 -0.191957 0.0123713
8.39997 -0.193703 0.0121611
8.44995 -0.195394 0.011957
8.5 -0.19701 0.0117579
8.55 -0.197062 0.0115157
8.59999 -0.198199 0.0113389
8.64998 -0.199316 0.0111651
8.69996 -0.200414 0.0109944
8.75 -0.201494 0.0108265
8.8 -0.201723 0.0107537
8.84999 -0.202553 0.0106073
8.89999 -0.203371 0.0104631
8.94998 -0.204176 0.010321
9 -0.20497 0.010181
9.1 -0.204943 0.00988242
9.2 -0.20555 0.00970293
9.3 -0.206145 0.0095269
9.4 -0.206728 0.00935426
9.5 -0.2073 0.00918491
9.6 -0.207238 0.0090498
9.7 -0.207442 0.00887926
9.8 -0.207642 0.00871206
9.9 -0.207838 0.00854813
10 -0.208031 0.00838739
10.2 -0.208023 0.00830257
10.4 -0.20806 0.00823516
10.6 -0.208097 0.0081683
10.8 -0.208134 0.008102
11 -0.208171 0.00803623
11.2 -0.20816 0.00800429
11.4 -0.208194 0.00796279
11.6 -0.208228 0.00792149
11.8 -0.208262 0.00788042
12 -0.208295 0.00783956
12.2 -0.20829 0.00781889
12.4 -0.208323 0.00778735
12.6 -0.208356 0.00775594
12.8 -0.20839 0.00772466
13 -0.208422 0.00769351
13.2 -0.208419 0.00767774
13.4 -0.208451 0.00765015
13.6 -0.208484 0.00762266
13.8 -0.208517 0.00759526
14 -0.208549 0.00756797
14.2 -0.208546 0.00755434
14.4 -0.208518 0.00748948
14.6 -0.208417 0.007378
14.8 -0.208242 0.00721891
15 -0.207997 0.00701234
-1.001 -0.05 0.580047
-1.00079 -0.0500004 0.58005
-1.00059 -0.0500009 0.580052
-1.00038 -0.0500013 0.580054
-1.00018 -0.0500018 0.580056
-0.999972 -0.0500022 0.580058
-0.987488 -0.050029 0.580188
-0.975003 -0.0500574 0.58032
-0.962518 -0.0500865 0.580453
-0.950034 -0.0501163 0.580588
-0.937549 -0.0501467 0.580724
-0.92521 -0.0501755 0.580861
-0.912871 -0.050206 0.581
-0.900532 -0.0502378 0.581141
-0.888192 -0.0502708 0.581285
-0.875854 -0.050305 0.58143
-0.863694 -0.0503383 0.581576
-0.851533 -0.0503731 0.581724
-0.839373 -0.0504097 0.581875
-0.827213 -0.0504481 0.582028
-0.815052 -0.0504884 0.582183
-0.802381 -0.0505303 0.582348
-0.78971 -0.0505742 0.582516
-0.77704 -0.0506208 0.582687
-0.764369 -0.0506698 0.582861
-0.751698 -0.0507215 0.583038
-0.73922 -0.0507731 0.583216
-0.726742 -0.050827 0.583398
-0.714263 -0.0508843 0.583584
-0.701785 -0.0509451 0.583773
-0.689306 -0.0510095 0.583965
-0.676797 -0.0510748 0.584161
-0.664288 -0.0511438 0.584363
-0.651779 -0.051218 0.584568
-0.63927 -0.0512972 0.584777
-0.62676 -0.0513813 0.584991
-0.614253 -0.051468 0.58521
-0.601746 -0.0515586 0.585434
-0.589239 -0.051656 0.585664
-0.576732 -0.0517609 0.5859
-0.564223 -0.0518735 0.586141
-0.551711 -0.0519888 0.586389
-0.539198 -0.052112 0.586644
-0.526686 -0.0522469 0.586907
-0.514175 -0.0523938 0.587178
-0.50166 -0.0525507 0.587456
-0.489123 -0.0527156 0.587742
-0.476586 -0.0528895 0.58804
-0.46405 -0.0530785 0.588347
-0.451514 -0.0532864 0.588667
-0.438974 -0.0535136 0.588999
-0.426405 -0.0537495 0.589345
-0.413838 -0.0540096 0.58971
-0.401272 -0.0543028 0.590095
-0.388707 -0.0546285 0.590498
-0.376131 -0.0549792 0.590913
-0.363546 -0.0553536 0.591341
-0.350963 -0.0557573 0.591801
-0.338382 -0.0562018 0.59227
-0.325803 -0.0566912 0.592769
-0.313201 -0.0572583 0.593304
-0.308736 -0.0574824 0.593506
-0.304272 -0.0577141 0.593713
-0.299809 -0.0579553 0.593922
-0.295346 -0.0582061 0.594134
-0.291578 -0.0584261 0.594316
-0.289657 -0.0585417 0.59441
-0.287737 -0.0586591 0.594504
-0.285816 -0.0587781 0.594599
-0.283896 -0.0588987 0.594694
-0.281974 -0.0590205 0.594791
-0.275723 -0.0594217 0.595107
-0.269474 -0.0598467 0.595437
-0.263228 -0.0603007 0.595772
-0.256984 -0.0607839 0.596113
-0.250714 -0.061299 0.59646
-0.248039 -0.0615307 0.59661
-0.245364 -0.0617689 0.596762
-0.24269 -0.0620151 0.596915
-0.240017 -0.0622694 0.597068
-0.237928 -0.0624746 0.597188
-0.234 -0.0628698 0.597413
-0.230075 -0.0632806 0.59764
-0.226151 -0.0637072 0.597869
-0.222229 -0.0641495 0.598098
-0.21829 -0.064607 0.598329
-0.212141 -0.0653382 0.598686
-0.205996 -0.0661096 0.599036
-0.199858 -0.0669295 0.599388
-0.193726 -0.0677978 0.59974
-0.187537 -0.0687157 0.600099
-0.181352 -0.0696552 0.600425
-0.175174 -0.0706376 0.600736
-0.169002 -0.0716673 0.60104
-0.162838 -0.0727444 0.601327
-0.156596 -0.0738653 0.601583
-0.15348 -0.0744347 0.60169
-0.150361 -0.0749928 0.601768
-0.147242 -0.0755495 0.601833
-0.144123 -0.0761097 0.601891
-0.141016 -0.0766713 0.601941
-0.138768 -0.0770846 0.601977
-0.13652 -0.0774969 0.602002
-0.134272 -0.0779099 0.602021
-0.132024 -0.0783237 0.602035
-0.129791 -0.0787354 0.602044
-0.128664 -0.0789434 0.602046
-0.127538 -0.0791513 0.602046
-0.126412 -0.0793589 0.602045
-0.125285 -0.0795662 0.602042
-0.124159 -0.0797732 0.602038
-0.120824 -0.0803862 0.602018
-0.117489 -0.0809947 0.601986
-0.114153 -0.0816007 0.601942
-0.110817 -0.0822048 0.601886
-0.107478 -0.0828078 0.601818
-0.104257 -0.0833954 0.601737
-0.101035 -0.0839702 0.601648
-0.0978115 -0.084539 0.601548
-0.0945882 -0.0851054 0.601439
-0.0913699 -0.0856699 0.60132
-0.0882792 -0.0862135 0.601195
-0.0851875 -0.0867484 0.601061
-0.0820949 -0.0872768 0.600918
-0.079002 -0.0878018 0.60077
-0.0759138 -0.0883276 0.600622
-0.0729177 -0.0888413 0.60048
-0.0699202 -0.0893444 0.60033
-0.0669218 -0.0898417 0.600177
-0.0639232 -0.0903375 0.600025
-0.0609321 -0.0908306 0.599874
-0.0579507 -0.0913246 0.599731
-0.054969 -0.0918157 0.599585
-0.0519868 -0.0923054 0.599443
-0.0490043 -0.0927947 0.599307
-0.0460249 -0.0932848 0.599179
-0.0452997 -0.0934042 0.59915
-0.0445745 -0.0935238 0.599121
-0.0438493 -0.0936435 0.599093
-0.0431242 -0.0937632 0.599065
-0.0424061 -0.0938818 0.599038
-0.0401449 -0.0942553 0.598956
-0.0378836 -0.0946291 0.598878
-0.0356222 -0.0950032 0.598805
-0.0333607 -0.0953767 0.598733
-0.0310991 -0.0957495 0.598663
-0.0279353 -0.0962712 0.598569
-0.0247714 -0.0967921 0.598473
-0.0216072 -0.0973115 0.598382
-0.0184427 -0.0978312 0.598301
-0.0152795 -0.0983513 0.598233
-0.0119845 -0.0988931 0.598178
-0.00868988 -0.0994363 0.598119
-0.0053955 -0.099981 0.598058
-0.00210119 -0.100527 0.59801
0.00119413 -0.101077 0.597992
0.00428183 -0.101594 0.598003
0.00736949 -0.102112 0.597997
0.010457 -0.10263 0.597976
0.0135437 -0.103153 0.597964
0.0166341 -0.103679 0.597968
0.0197626 -0.104213 0.597994
0.0228909 -0.10475 0.598008
0.0260185 -0.105289 0.598026
0.0291451 -0.105835 0.598049
0.0322794 -0.106389 0.598077
0.0326359 -0.106452 0.598081
0.0329925 -0.106516 0.598085
0.033349 -0.10658 0.598088
0.0337055 -0.106644 0.598092
0.0340578 -0.106707 0.598096
0.0368949 -0.10722 0.598126
0.0397311 -0.107738 0.598153
0.0425662 -0.108262 0.598177
0.0454003 -0.108792 0.598199
0.048246 -0.109329 0.59822
0.0512449 -0.109907 0.598243
0.0542425 -0.110492 0.59825
0.0572381 -0.111087 0.598246
0.0602303 -0.111699 0.598233
0.0632442 -0.112333 0.598212
0.0663823 -0.113011 0.598181
0.0695139 -0.113717 0.598132
0.0726386 -0.114451 0.598062
0.075756 -0.115214 0.597971
0.0789451 -0.11603 0.597871
0.0821648 -0.116893 0.597763
0.0853731 -0.117793 0.597621
0.0885654 -0.118743 0.597446
0.091736 -0.119756 0.597238
0.0950374 -0.120878 0.596998
0.0955659 -0.121071 0.596955
0.0960928 -0.121269 0.596912
0.0966187 -0.121469 0.596869
0.0971443 -0.12167 0.596825
0.0976015 -0.121845 0.596786
0.100261 -0.122872 0.596558
0.102909 -0.123926 0.596316
0.105545 -0.125003 0.59605
0.10817 -0.126101 0.59576
0.110883 -0.127265 0.595442
0.114023 -0.128649 0.595059
0.11715 -0.130057 0.59465
0.120331 -0.131336 0.594239
0.123534 -0.132549 0.593799
0.126689 -0.133682 0.59334
0.127477 -0.133938 0.593221
0.128265 -0.134193 0.593099
0.129055 -0.134441 0.592976
0.129846 -0.134683 0.592852
0.130569 -0.134899 0.592738
0.1326 -0.135489 0.592416
0.134636 -0.136058 0.592084
0.136676 -0.136608 0.591742
0.13872 -0.137137 0.591392
0.140728 -0.137617 0.591049
0.141196 -0.137719 0.590971
0.141665 -0.137821 0.590892
0.142134 -0.137921 0.590814
0.142603 -0.138021 0.590736
0.143137 -0.138132 0.590648
0.145672 -0.138652 0.590233
0.148215 -0.139132 0.589819
0.150766 -0.139572 0.589404
0.153324 -0.139969 0.58899
0.155832 -0.140318 0.588585
0.158818 -0.140706 0.588114
0.161814 -0.141039 0.587661
0.164814 -0.141347 0.587219
0.167818 -0.141629 0.586788
0.17078 -0.141884 0.586384
0.173803 -0.14218 0.58597
0.176833 -0.142447 0.585585
0.179865 -0.142709 0.585219
0.182899 -0.142974 0.584869
0.185914 -0.143262 0.584533
0.189025 -0.143617 0.584197
0.19214 -0.14395 0.583878
0.195258 -0.14427 0.583575
0.198377 -0.144598 0.583288
0.201482 -0.14497 0.583004
0.204487 -0.145381 0.582728
0.207494 -0.145775 0.582459
0.210504 -0.146154 0.582197
0.213512 -0.14655 0.581944
0.216509 -0.146989 0.581712
0.222707 -0.147999 0.581277
0.228896 -0.149087 0.580886
0.23506 -0.15032 0.580551
0.241203 -0.151666 0.580262
0.247458 -0.153102 0.579994
0.250467 -0.153859 0.579892
0.253479 -0.154604 0.579784
0.256486 -0.155366 0.579685
0.25949 -0.156145 0.579597
0.2622 -0.156865 0.579527
0.265574 -0.15778 0.57945
0.268942 -0.158718 0.579385
0.272303 -0.15968 0.579333
0.275657 -0.160668 0.579291
0.27907 -0.161704 0.579257
0.282235 -0.162681 0.579233
0.285398 -0.163665 0.579219
0.288558 -0.164661 0.579211
0.291714 -0.165667 0.579207
0.294898 -0.166689 0.579206
0.298084 -0.167725 0.579199
0.301273 -0.168752 0.579204
0.304463 -0.169778 0.579211
0.307652 -0.170803 0.579221
0.31083 -0.171823 0.579234
0.312975 -0.172511 0.579245
0.315121 -0.173193 0.579254
0.317268 -0.173875 0.579265
0.319415 -0.174557 0.579276
0.321634 -0.175263 0.579289
0.322662 -0.17559 0.579295
0.32369 -0.175917 0.579302
0.324718 -0.176243 0.579308
0.325746 -0.176569 0.579315
0.326774 -0.176895 0.579321
0.329962 -0.177908 0.579342
0.333153 -0.178912 0.579364
0.336345 -0.179915 0.579388
0.339537 -0.180916 0.579413
0.342717 -0.18191 0.579439
0.345882 -0.182898 0.579469
0.34905 -0.183879 0.579499
0.352219 -0.184856 0.579527
0.35539 -0.185828 0.579555
0.358545 -0.186792 0.579582
0.361306 -0.187634 0.579609
0.364071 -0.18847 0.579634
0.366835 -0.189304 0.579656
0.3696 -0.190136 0.579674
0.372474 -0.191001 0.57969
0.372802 -0.191099 0.579691
0.37313 -0.191198 0.579693
0.373458 -0.191296 0.579694
0.373786 -0.191394 0.579695
0.374114 -0.191493 0.579696
0.377148 -0.192402 0.579706
0.380181 -0.193313 0.579708
0.383213 -0.194226 0.579701
0.386245 -0.195143 0.579686
0.389282 -0.196064 0.579661
0.392182 -0.196945 0.579627
0.395077 -0.197841 0.579583
0.397968 -0.19875 0.579534
0.400854 -0.199676 0.57948
0.403794 -0.200638 0.579421
0.406738 -0.201612 0.579365
0.409665 -0.202634 0.579308
0.412587 -0.203671 0.579235
0.415505 -0.204715 0.579153
0.418497 -0.20579 0.579044
0.418766 -0.205887 0.579031
0.419036 -0.205984 0.579018
0.419305 -0.206081 0.579005
0.419575 -0.206178 0.578992
0.419849 -0.206276 0.578978
0.422302 -0.207149 0.578854
0.424757 -0.208014 0.578715
0.427216 -0.208865 0.57856
0.42968 -0.209697 0.578387
0.431127 -0.210173 0.578275
0.432077 -0.210481 0.578198
0.433027 -0.210787 0.578119
0.433977 -0.211093 0.578039
0.434927 -0.211398 0.577959
0.435875 -0.211702 0.577878
0.439155 -0.212751 0.577592
0.442443 -0.213775 0.577294
0.445734 -0.21478 0.576978
0.449031 -0.215761 0.576642
0.452263 -0.216684 0.576286
0.454709 -0.217387 0.576004
0.457164 -0.218057 0.575714
0.45962 -0.218719 0.575416
0.462073 -0.219384 0.575104
0.465007 -0.220181 0.574716
0.465622 -0.220348 0.574631
0.466236 -0.220516 0.574545
0.466851 -0.220683 0.574458
0.467465 -0.22085 0.57437
0.468081 -0.221018 0.574281
0.471214 -0.221872 0.573834
0.474341 -0.22274 0.573365
0.477463 -0.223615 0.572877
0.48058 -0.224494 0.572369
0.48375 -0.225398 0.571842
0.485981 -0.226035 0.571464
0.48821 -0.22669 0.571099
0.490434 -0.227365 0.570741
0.492643 -0.228073 0.570358
0.494361 -0.228654 0.57004
0.495196 -0.228946 0.569883
0.496032 -0.22924 0.569728
0.496867 -0.229535 0.569577
0.497703 -0.229831 0.569428
0.498538 -0.230129 0.569278
0.501688 -0.231259 0.568696
0.504821 -0.23247 0.568192
0.507939 -0.233737 0.567736
0.511041 -0.235055 0.56732
0.514408 -0.236486 0.566918
0.517679 -0.237861 0.566593
0.520924 -0.239306 0.566315
0.524139 -0.240824 0.566091
0.527302 -0.242459 0.565964
0.528809 -0.24331 0.565951
0.529739 -0.243858 0.565957
0.530671 -0.244402 0.565967
0.531605 -0.244943 0.56598
0.532542 -0.24548 0.565997
0.533467 -0.246014 0.566021
0.537093 -0.248129 0.566146
0.540645 -0.25036 0.566345
0.544171 -0.252628 0.566582
0.547689 -0.254905 0.566847
0.551097 -0.257116 0.56713
0.552506 -0.257972 0.567243
0.553916 -0.258822 0.56737
0.555328 -0.259669 0.567507
0.55674 -0.260515 0.567645
0.558185 -0.261389 0.567776
0.560005 -0.262488 0.567922
0.561845 -0.263554 0.568071
0.563701 -0.26459 0.568221
0.565572 -0.265599 0.568372
0.56733 -0.26651 0.568487
0.570413 -0.26802 0.568619
0.573512 -0.269491 0.568808
0.576621 -0.270937 0.569034
0.57976 -0.272318 0.569252
0.582836 -0.273548 0.569433
0.584499 -0.274134 0.569511
0.586156 -0.274738 0.569588
0.587816 -0.275335 0.569661
0.589482 -0.275914 0.569728
0.591176 -0.276483 0.56979
0.592479 -0.276904 0.569831
0.593785 -0.277314 0.569869
0.595094 -0.277713 0.569905
0.596407 -0.278102 0.569938
0.597698 -0.278474 0.569968
0.600687 -0.27932 0.570031
0.603695 -0.280099 0.570096
0.606717 -0.280822 0.570151
0.609751 -0.281491 0.570194
0.61275 -0.282109 0.570216
0.615399 -0.282622 0.5702
0.618053 -0.283107 0.57019
0.620711 -0.283569 0.570189
0.623374 -0.284006 0.570188
0.625986 -0.284386 0.570191
0.628963 -0.284763 0.570199
0.631949 -0.285051 0.570167
0.63494 -0.285293 0.57012
0.637931 -0.285526 0.570068
0.640802 -0.285742 0.570012
0.643426 -0.285972 0.56997
0.646051 -0.286183 0.569916
0.648675 -0.286393 0.569857
0.6513 -0.286603 0.569792
0.654358 -0.286848 0.569718
0.654833 -0.286887 0.569707
0.655308 -0.286925 0.569696
0.655783 -0.286963 0.569684
0.656258 -0.287002 0.569673
0.656733 -0.28704 0.569662
0.659898 -0.287293 0.569586
0.663064 -0.287545 0.569503
0.666229 -0.287793 0.569416
0.669395 -0.288038 0.569322
0.672561 -0.28828 0.569219
0.675717 -0.288511 0.569113
0.678872 -0.288741 0.568992
0.682027 -0.288966 0.568861
0.685183 -0.289185 0.568722
0.688342 -0.289399 0.568574
0.691373 -0.289595 0.568425
0.694404 -0.289788 0.568268
0.697436 -0.289975 0.568103
0.700467 -0.290157 0.567932
0.703505 -0.290333 0.567753
0.704142 -0.290368 0.567713
0.704778 -0.290404 0.567674
0.705415 -0.290439 0.567634
0.706051 -0.290475 0.567594
0.706653 -0.290508 0.567555
0.708898 -0.290632 0.567412
0.711143 -0.290752 0.567263
0.713387 -0.290868 0.567109
0.715631 -0.290978 0.566949
0.717868 -0.291084 0.566784
0.720835 -0.291224 0.566559
0.723803 -0.291358 0.566321
0.726769 -0.291489 0.566072
0.729734 -0.291615 0.565812
0.732703 -0.291738 0.56554
0.735732 -0.291852 0.565217
0.738764 -0.291978 0.564922
0.741795 -0.292104 0.564616
0.744825 -0.292228 0.564298
0.747855 -0.29235 0.563967
0.749323 -0.292403 0.563789
0.750789 -0.292456 0.56361
0.752256 -0.292509 0.563429
0.753723 -0.292562 0.563245
0.755029 -0.292608 0.563079
0.756746 -0.292669 0.562859
0.758463 -0.29273 0.562639
0.76018 -0.292792 0.562419
0.761897 -0.292854 0.562198
0.763615 -0.292916 0.561977
0.766832 -0.293024 0.561547
0.77005 -0.293137 0.561128
0.773267 -0.293245 0.560705
0.776485 -0.293348 0.560279
0.779699 -0.293446 0.559849
0.78617 -0.293621 0.558952
0.792635 -0.293775 0.558016
0.799089 -0.293874 0.556999
0.805538 -0.293967 0.555945
0.812047 -0.294085 0.554922
0.818405 -0.294001 0.553811
0.824775 -0.294049 0.55277
0.83115 -0.294165 0.551767
0.83753 -0.294299 0.550801
0.843844 -0.294323 0.549832
0.850105 -0.294208 0.548951
0.85636 -0.294188 0.548028
0.86261 -0.294258 0.547068
0.868868 -0.294332 0.546165
0.875147 -0.294326 0.545365
0.881436 -0.294247 0.544664
0.887718 -0.294248 0.543899
0.893991 -0.294328 0.543074
0.900269 -0.294423 0.542282
0.906587 -0.294543 0.541561
0.912825 -0.294692 0.540934
0.919061 -0.294846 0.540285
0.925297 -0.295026 0.539643
0.931535 -0.295247 0.539038
0.937776 -0.295493 0.538502
0.944021 -0.295756 0.538115
0.950258 -0.296148 0.537719
0.956489 -0.296658 0.537354
0.962718 -0.297222 0.537034
0.968985 -0.297944 0.53674
0.97209 -0.298361 0.536639
0.975189 -0.29882 0.536551
0.978283 -0.299317 0.536482
0.98137 -0.299855 0.536433
0.984507 -0.30043 0.536404
0.987585 -0.301002 0.536409
0.990656 -0.301609 0.536441
0.993719 -0.302249 0.536504
0.996782 -0.302891 0.536585
0.999894 -0.303535 0.536689
1.00298 -0.304158 0.536821
1.00606 -0.304841 0.536973
1.00911 -0.305586 0.537146
1.01217 -0.306336 0.537339
1.01533 -0.307065 0.537558
1.01837 -0.307725 0.537786
1.0214 -0.308437 0.538032
1.0244 -0.309202 0.538297
1.02742 -0.309927 0.538579
1.03052 -0.31064 0.538906
1.03364 -0.311331 0.539279
1.03677 -0.311986 0.539658
1.0399 -0.312598 0.540045
1.04304 -0.313167 0.540441
1.04612 -0.313696 0.540844
1.04925 -0.314189 0.541289
1.05238 -0.31464 0.541747
1.05552 -0.315058 0.542217
1.05866 -0.315434 0.542696
1.06175 -0.315766 0.543179
1.06492 -0.316064 0.543694
1.0681 -0.316313 0.544207
1.07127 -0.316524 0.544723
1.07445 -0.316696 0.545243
1.07759 -0.316829 0.545761
1.07853 -0.316859 0.545918
1.07947 -0.316884 0.546074
1.08041 -0.316905 0.54623
1.08136 -0.316924 0.546386
1.08232 -0.316939 0.546545
1.08459 -0.316968 0.546921
1.08687 -0.316986 0.547294
1.08915 -0.316994 0.547666
1.09143 -0.316992 0.548036
1.0937 -0.316976 0.548404
1.09693 -0.316909 0.548928
1.10015 -0.316841 0.549438
1.10338 -0.316743 0.549943
1.10661 -0.316616 0.550443
1.10983 -0.316461 0.550937
1.11301 -0.316246 0.551417
1.11619 -0.316036 0.551881
1.11937 -0.315799 0.552337
1.12254 -0.315533 0.552789
1.12572 -0.31524 0.553238
1.12884 -0.314899 0.553679
1.13196 -0.314558 0.554114
1.13507 -0.314193 0.554551
1.13819 -0.313805 0.554985
1.14131 -0.313393 0.555414
1.14444 -0.312935 0.555846
1.14758 -0.312479 0.556271
1.1507 -0.312006 0.556697
1.15383 -0.311514 0.557124
1.15696 -0.311003 0.557555
1.16012 -0.310423 0.55801
1.16328 -0.309862 0.558454
1.16644 -0.309286 0.5589
1.16959 -0.308684 0.559354
1.17274 -0.308055 0.559817
1.17385 -0.30782 0.559985
1.17495 -0.307587 0.560153
1.17605 -0.307352 0.560322
1.17715 -0.307115 0.560494
1.17819 -0.306888 0.560659
1.18036 -0.306414 0.561005
1.18252 -0.305939 0.561355
1.18469 -0.305463 0.561708
1.18685 -0.304988 0.562061
1.18902 -0.304516 0.562413
1.1921 -0.30383 0.562929
1.19519 -0.303142 0.563436
1.19828 -0.302457 0.563948
1.20137 -0.301776 0.564465
1.20445 -0.301091 0.565002
1.2076 -0.300383 0.56559
1.21075 -0.299676 0.566162
1.2139 -0.29897 0.566735
1.21706 -0.29827 0.567319
1.22019 -0.297579 0.567912
1.22644 -0.296219 0.569134
1.23269 -0.294859 0.570378
1.23892 -0.293498 0.571685
1.24516 -0.292164 0.573021
1.25143 -0.290822 0.574443
1.25762 -0.289535 0.575911
1.2638 -0.288217 0.577361
1.26997 -0.286882 0.578819
1.27614 -0.285552 0.580296
1.28235 -0.284218 0.581802
1.28609 -0.283403 0.582758
1.28983 -0.282599 0.583698
1.29358 -0.281788 0.584643
1.29732 -0.28097 0.585594
1.30107 -0.28014 0.586555
1.30354 -0.27959 0.587192
1.30601 -0.279037 0.587831
1.30847 -0.27848 0.588474
1.31093 -0.27792 0.589119
1.31341 -0.277353 0.589773
1.32583 -0.274515 0.592949
1.33824 -0.271658 0.596149
1.35065 -0.268756 0.599305
1.36306 -0.265753 0.602401
1.37553 -0.262607 0.60542
1.38551 -0.259938 0.607749
1.39548 -0.257314 0.610164
1.40544 -0.254608 0.612563
1.41537 -0.251808 0.614948
1.42432 -0.24925 0.617041
1.42702 -0.248468 0.617659
1.42972 -0.247687 0.618271
1.43243 -0.246906 0.618879
1.43513 -0.246125 0.619482
1.43783 -0.245348 0.620077
1.44173 -0.244236 0.620903
1.44562 -0.243106 0.621744
1.44951 -0.241972 0.622575
1.4534 -0.24083 0.623399
1.45725 -0.239694 0.624206
1.45961 -0.238995 0.624695
1.46196 -0.238292 0.625182
1.46432 -0.237586 0.625667
1.46667 -0.236877 0.626151
1.46903 -0.236162 0.626635
1.47525 -0.23427 0.627896
1.48148 -0.232377 0.629138
1.48771 -0.230485 0.630356
1.49394 -0.228577 0.631554
1.50015 -0.22666 0.632727
1.50545 -0.225019 0.633704
1.51075 -0.223363 0.634673
1.51605 -0.221693 0.635628
1.52135 -0.220012 0.636568
1.52622 -0.218455 0.637419
1.52723 -0.218132 0.637591
1.52823 -0.21781 0.637764
1.52923 -0.217487 0.637936
1.53024 -0.217164 0.638107
1.53124 -0.216841 0.638278
1.5375 -0.214827 0.639331
1.54375 -0.212794 0.640391
1.54999 -0.210744 0.641444
1.55623 -0.208678 0.642491
1.56253 -0.206595 0.643498
1.57396 -0.202865 0.645139
1.58539 -0.199113 0.646701
1.59682 -0.195293 0.648182
1.60823 -0.191398 0.649582
1.61817 -0.187975 0.650742
1.61955 -0.187499 0.650896
1.62092 -0.187022 0.651051
1.6223 -0.186546 0.651204
1.62368 -0.186069 0.651358
1.62505 -0.185594 0.651511
1.63746 -0.181305 0.652858
1.64988 -0.177008 0.654117
1.66231 -0.172706 0.655275
1.67475 -0.1684 0.656334
1.68712 -0.164141 0.657291
1.69961 -0.159918 0.658165
1.71205 -0.155572 0.658975
1.72446 -0.151105 0.659723
1.73687 -0.146629 0.660376
1.74955 -0.142221 0.660831
1.7599 -0.138765 0.661026
1.7702 -0.135181 0.661256
1.78051 -0.131582 0.661442
1.79082 -0.128007 0.661555
1.79973 -0.124937 0.661591
1.80224 -0.124082 0.661588
1.80474 -0.123226 0.66158
1.80724 -0.12237 0.661569
1.80974 -0.121513 0.661554
1.81224 -0.120656 0.661535
1.8248 -0.116379 0.66139
1.83734 -0.112051 0.661202
1.84987 -0.107699 0.660929
1.86239 -0.103337 0.66056
1.87504 -0.0989716 0.660108
1.8876 -0.0947266 0.659587
1.90014 -0.09043 0.65897
1.91266 -0.0860848 0.658252
1.92518 -0.0817565 0.65741
1.93789 -0.0774295 0.656368
1.94678 -0.0744552 0.65549
1.95566 -0.0714662 0.654606
1.96455 -0.0684908 0.653669
1.97343 -0.0655396 0.652661
1.98245 -0.0625597 0.651571
1.98611 -0.0613533 0.651099
1.98978 -0.0601455 0.650615
1.99344 -0.0589363 0.650118
1.9971 -0.0577258 0.649608
2.00079 -0.0565098 0.649082
2.01342 -0.052395 0.647231
2.026 -0.0482269 0.645217
2.03856 -0.0440598 0.643039
2.05109 -0.0399027 0.640693
2.06393 -0.0357767 0.638152
2.07636 -0.0321181 0.635629
2.08867 -0.0282366 0.632854
2.10098 -0.0244289 0.629939
2.11327 -0.0206972 0.626884
2.12015 -0.0186457 0.625086
2.12134 -0.0182941 0.624766
2.12253 -0.0179429 0.624444
2.12372 -0.0175921 0.624121
2.12491 -0.0172417 0.623797
2.12611 -0.016891 0.623471
2.13748 -0.0135558 0.620336
2.14884 -0.0102462 0.617093
2.16017 -0.00698508 0.613748
2.17149 -0.00378411 0.610284
2.18438 -0.000206553 0.606186
2.18515 3.10011e-06 0.60593
2.18592 0.000212536 0.605673
2.18669 0.000421754 0.605416
2.18746 0.000630756 0.605158
2.18824 0.000839881 0.604899
2.20065 0.00418287 0.600745
2.21302 0.00748236 0.596427
2.22536 0.0107247 0.59196
2.23764 0.0139283 0.587338
2.25031 0.0172204 0.582411
2.26076 0.0198492 0.578435
2.27114 0.0224635 0.574257
2.28148 0.0250564 0.569991
2.29182 0.0276237 0.565698
2.29939 0.0294807 0.562538
2.302 0.0301128 0.561447
2.30461 0.030742 0.56035
2.30721 0.0313681 0.559248
2.30981 0.0319912 0.558141
2.31243 0.0326149 0.557027
2.32495 0.035582 0.551724
2.33738 0.038503 0.546214
2.34977 0.0413694 0.54057
2.36213 0.0441776 0.534826
2.375 0.0470397 0.528856
2.38586 0.0493778 0.52387
2.39668 0.0517333 0.518796
2.40748 0.0540714 0.513691
2.41828 0.0563853 0.508564
2.42806 0.0584566 0.503904
2.42994 0.0588488 0.503008
2.43182 0.0592395 0.50211
2.4337 0.0596284 0.501209
2.43557 0.0600157 0.500305
2.43746 0.0604025 0.499399
2.43952 0.0608228 0.498411
2.44158 0.0612419 0.49742
2.44364 0.0616594 0.496428
2.4457 0.0620752 0.495436
2.44783 0.0625042 0.494409
2.45826 0.0645923 0.489384
2.46869 0.0666455 0.484352
2.47912 0.0686637 0.479312
2.48956 0.0706465 0.474265
2.49997 0.0725874 0.469226
2.51024 0.0744214 0.464283
2.5205 0.0762673 0.45931
2.53075 0.078096 0.454326
2.54102 0.0798991 0.449365
2.55116 0.0816459 0.44451
2.55342 0.0820283 0.443436
2.55569 0.0824083 0.442362
2.55795 0.0827859 0.441287
2.56022 0.0831611 0.440212
2.56248 0.0835311 0.439139
2.57498 0.0855417 0.433232
2.58747 0.0875183 0.427287
2.59996 0.0894263 0.42133
2.61246 0.0912651 0.415361
2.62499 0.0930007 0.409546
2.63604 0.0944266 0.404564
2.64707 0.0958112 0.39951
2.65809 0.0971478 0.394437
2.66915 0.0984225 0.389417
2.67983 0.0995859 0.384632
2.68136 0.0997436 0.383953
2.68289 0.0998994 0.383274
2.68443 0.100053 0.382595
2.68596 0.100206 0.381915
2.68749 0.100356 0.381239
2.69999 0.101568 0.375767
2.71247 0.102684 0.370222
2.72495 0.103695 0.364661
2.73743 0.104602 0.359084
2.75 0.105359 0.353647
2.7625 0.105935 0.348473
2.77498 0.10651 0.343252
2.78746 0.10704 0.338033
2.79998 0.107459 0.332895
2.8125 0.107761 0.327871
2.8143 0.107786 0.327174
2.8161 0.10781 0.326474
2.8179 0.107832 0.325774
2.8197 0.107852 0.325076
2.82148 0.10787 0.324387
2.83218 0.107964 0.320264
2.84289 0.107969 0.316134
2.85358 0.10788 0.31199
2.86427 0.107697 0.30783
2.875 0.107474 0.303746
2.8875 0.107256 0.299261
2.89994 0.106875 0.294626
2.91236 0.106379 0.289958
2.9248 0.105803 0.28533
2.9375 0.10515 0.280737
2.94735 0.104611 0.277353
2.95718 0.104027 0.273909
2.96701 0.103396 0.270482
2.97685 0.102717 0.267105
2.98658 0.102002 0.263818
2.98927 0.101794 0.262929
2.99195 0.101583 0.262041
2.99463 0.101368 0.261152
2.99732 0.10115 0.260264
3 0.100931 0.259378
3.0125 0.0999222 0.255288
3.02497 0.0987932 0.251151
3.03744 0.0975845 0.247014
3.04989 0.0962908 0.242861
3.0625 0.0950099 0.238757
3.075 0.0938718 0.234895
3.08745 0.0925456 0.230929
3.09984 0.0910126 0.226853
3.11223 0.0894129 0.222807
3.125 0.087807 0.218795
3.13553 0.0865274 0.215628
3.14602 0.0851539 0.212402
3.15652 0.0837447 0.209196
3.16703 0.0823164 0.206037
3.17744 0.0808851 0.202959
3.17945 0.0806053 0.202374
3.18146 0.0803247 0.201788
3.18348 0.0800433 0.201202
3.18549 0.0797611 0.200617
3.1875 0.0794782 0.200031
3.2 0.0777331 0.196418
3.21248 0.0759267 0.192773
3.22496 0.074081 0.189121
3.23743 0.0722151 0.185488
3.25 0.0703323 0.181879
3.26085 0.0687658 0.178866
3.27168 0.0671196 0.175829
3.28251 0.0654564 0.172826
3.29336 0.0637782 0.169859
3.30159 0.0625 0.167635
3.30377 0.0621601 0.167051
3.30595 0.0618191 0.166468
3.30814 0.061477 0.165887
3.31032 0.0611338 0.165307
3.3125 0.0607899 0.164729
3.325 0.0588293 0.161444
3.3375 0.0568138 0.158187
3.35 0.0547488 0.154973
3.3625 0.0526244 0.151802
3.375 0.0504409 0.148673
3.38076 0.0494514 0.1473
3.38651 0.0484373 0.14592
3.39226 0.0474179 0.144556
3.39802 0.0463932 0.14321
3.40409 0.0453073 0.141809
3.41077 0.0441065 0.140288
3.41745 0.042897 0.138777
3.42414 0.0416787 0.137277
3.43082 0.0404518 0.135788
3.4375 0.0392177 0.134314
3.45 0.0369378 0.13162
3.46248 0.0345754 0.128926
3.47497 0.0321798 0.126273
3.48746 0.0297506 0.123659
3.5 0.0273256 0.121131
3.5125 0.0249983 0.118801
3.52497 0.0225523 0.116418
3.53741 0.0200002 0.113994
3.54985 0.017436 0.11164
3.5625 0.0148487 0.10935
3.575 0.0123375 0.107219
3.58748 0.00973094 0.105075
3.59997 0.00711633 0.103
3.61246 0.00447759 0.100997
3.625 0.00180669 0.0990569
3.62669 0.00144535 0.0988073
3.62838 0.00108189 0.0985566
3.63007 0.00071793 0.0983072
3.63177 0.00035349 0.0980591
3.6334 1.67564e-10 0.09782
3.64422 -0.00233735 0.096249
3.65504 -0.00471362 0.0947244
3.66586 -0.00712905 0.0932459
3.67667 -0.00958384 0.0918134
3.6875 -0.0120827 0.0904238
3.7 -0.0148754 0.0889508
3.71247 -0.0177894 0.087463
3.72494 -0.020721 0.0860351
3.73742 -0.0236704 0.0846669
3.75 -0.0266622 0.0833473
3.75581 -0.0280389 0.0827666
3.76162 -0.0294313 0.0821977
3.76743 -0.0308279 0.0816413
3.77323 -0.0322287 0.0810975
3.78037 -0.0339556 0.0804444
3.7868 -0.0355158 0.0798734
3.79322 -0.037084 0.079316
3.79965 -0.0386603 0.0787722
3.80607 -0.0402448 0.0782419
3.8125 -0.0418393 0.0777245
3.825 -0.0449345 0.0767364
3.83749 -0.0480815 0.0758089
3.84998 -0.0512587 0.074932
3.86246 -0.054466 0.0741056
3.875 -0.0577183 0.0733258
3.87873 -0.0586747 0.0731101
3.88245 -0.0596454 0.0728941
3.88618 -0.0606173 0.0726809
3.8899 -0.0615894 0.0724706
3.89339 -0.0625 0.0722765
3.90221 -0.0648026 0.0717921
3.91103 -0.0671198 0.0713275
3.91985 -0.0694515 0.0708828
3.92866 -0.071798 0.0704578
3.9375 -0.0741637 0.0700524
3.95 -0.0774242 0.0695389
3.96247 -0.0807905 0.0690411
3.97495 -0.0841611 0.0685903
3.98742 -0.0875355 0.0681864
4 -0.0909433 0.0678228
4.0125 -0.0942047 0.0674556
4.02497 -0.0975908 0.0671812
4.03744 -0.100987 0.0669517
4.0499 -0.104386 0.066764
4.0625 -0.107809 0.0666218
4.075 -0.111086 0.0665544
4.08747 -0.114479 0.0664973
4.09994 -0.117852 0.0664619
4.11243 -0.121194 0.0664508
4.125 -0.124526 0.0664639
4.12536 -0.124621 0.0664649
4.12572 -0.124716 0.066466
4.12609 -0.12481 0.0664671
4.12645 -0.124905 0.0664683
4.12681 -0.125 0.0664694
4.13895 -0.128178 0.0665087
4.15108 -0.131365 0.0665699
4.16322 -0.134561 0.0666532
4.17535 -0.137765 0.0667587
4.1875 -0.140979 0.066885
4.2 -0.144098 0.066999
4.21246 -0.147352 0.0671818
4.22493 -0.150601 0.0673978
4.2374 -0.153824 0.0676444
4.25 -0.157049 0.0679251
4.2625 -0.160104 0.0682618
4.27498 -0.163254 0.0685965
4.28746 -0.166378 0.0689608
4.29995 -0.169481 0.0693521
4.3125 -0.172577 0.0697723
4.325 -0.175502 0.0701821
4.33747 -0.178531 0.070654
4.34995 -0.181523 0.0711484
4.36245 -0.184464 0.0716601
4.375 -0.187364 0.072191
4.37512 -0.187391 0.0721963
4.37524 -0.187418 0.0722015
4.37536 -0.187446 0.0722067
4.37548 -0.187473 0.072212
4.3756 -0.1875 0.0722172
4.38798 -0.190311 0.0727591
4.40036 -0.19312 0.0733133
4.41274 -0.195922 0.0738789
4.42513 -0.1987 0.0744592
4.4375 -0.20143 0.0750567
4.45 -0.204077 0.0756887
4.46249 -0.206747 0.0763278
4.475 -0.209373 0.0769847
4.48751 -0.211955 0.077659
4.5 -0.214494 0.0783493
4.5083 -0.216131 0.0788157
4.51659 -0.217777 0.0792928
4.52489 -0.219408 0.0797773
4.53319 -0.221022 0.0802692
4.54004 -0.222341 0.0806808
4.54453 -0.223198 0.080954
4.54902 -0.224051 0.0812297
4.55352 -0.224899 0.0815078
4.55801 -0.225743 0.0817884
4.5625 -0.226581 0.082071
4.575 -0.228891 0.0828567
4.5875 -0.23118 0.0836686
4.60001 -0.233439 0.0844993
4.61252 -0.235671 0.0853489
4.625 -0.237872 0.0862153
4.6375 -0.240016 0.0870839
4.65 -0.242161 0.0879862
4.6625 -0.244279 0.0889071
4.675 -0.246358 0.0898394
4.6875 -0.248394 0.0907804
4.68953 -0.248715 0.090933
4.69156 -0.249037 0.0910873
4.69359 -0.249358 0.0912418
4.69562 -0.249678 0.0913965
4.69767 -0.25 0.091553
4.70814 -0.251637 0.0923522
4.7186 -0.253255 0.0931636
4.72907 -0.254856 0.0939871
4.73955 -0.256439 0.0948226
4.75 -0.258001 0.0956686
4.7625 -0.259787 0.0966355
4.77499 -0.261608 0.0976772
4.78748 -0.263404 0.0987359
4.79997 -0.265174 0.0998115
4.8125 -0.266913 0.100887
4.825 -0.268581 0.101878
4.83749 -0.270257 0.102958
4.84998 -0.271926 0.104098
4.86247 -0.273569 0.105254
4.875 -0.275114 0.10635
4.8875 -0.276536 0.107361
4.89999 -0.278011 0.108462
4.91246 -0.279538 0.109654
4.92493 -0.281047 0.110853
4.9375 -0.282505 0.111982
4.95 -0.283896 0.113029
4.96249 -0.28529 0.114159
4.97498 -0.286688 0.115376
4.98746 -0.288055 0.116601
5 -0.289323 0.117752
5.0125 -0.290486 0.118822
5.02499 -0.291709 0.119977
5.03746 -0.292965 0.121192
5.04995 -0.294192 0.122406
5.0625 -0.295385 0.12359
5.075 -0.296522 0.124697
5.08749 -0.29766 0.125883
5.09998 -0.29878 0.12709
5.11248 -0.299874 0.128297
5.125 -0.300942 0.129506
5.1375 -0.301914 0.130639
5.14999 -0.302931 0.131842
5.16248 -0.303923 0.133046
5.17498 -0.304891 0.13425
5.1875 -0.305836 0.135457
5.2 -0.306744 0.136624
5.2125 -0.307641 0.137828
5.225 -0.308514 0.139033
5.2375 -0.309364 0.140238
5.25 -0.310189 0.141441
5.25305 -0.310383 0.141733
5.25611 -0.310577 0.142026
5.25916 -0.310769 0.14232
5.26222 -0.31096 0.142613
5.26519 -0.311145 0.142899
5.26959 -0.311416 0.143321
5.27399 -0.311684 0.143744
5.27838 -0.31195 0.144167
5.28278 -0.312213 0.14459
5.28761 -0.3125 0.145054
5.29259 -0.312792 0.145531
5.29757 -0.313082 0.146007
5.30255 -0.313368 0.146483
5.30752 -0.313651 0.146959
5.3125 -0.313932 0.147434
5.325 -0.314631 0.148613
5.3375 -0.315309 0.149803
5.35 -0.315969 0.150991
5.3625 -0.316611 0.152177
5.375 -0.317234 0.15336
5.3875 -0.317833 0.1545
5.4 -0.31842 0.155679
5.41249 -0.318991 0.156856
5.42499 -0.319544 0.15803
5.4375 -0.32008 0.159202
5.45 -0.320617 0.160305
5.4625 -0.321118 0.161471
5.47499 -0.321601 0.162635
5.48749 -0.322069 0.163795
5.5 -0.322519 0.164954
5.5125 -0.322944 0.16603
5.52499 -0.323362 0.167183
5.53749 -0.323763 0.168333
5.54998 -0.324149 0.169481
5.5625 -0.324518 0.170626
5.575 -0.324906 0.171669
5.58749 -0.325243 0.172808
5.59999 -0.325564 0.173942
5.61248 -0.325869 0.175073
5.625 -0.326159 0.176196
5.6375 -0.326428 0.177219
5.64999 -0.326688 0.17833
5.66248 -0.326933 0.179448
5.67498 -0.327163 0.180562
5.6875 -0.327386 0.181657
5.7 -0.327636 0.182649
5.71249 -0.327831 0.183732
5.72499 -0.328003 0.184832
5.73748 -0.32816 0.185926
5.75 -0.328302 0.186996
5.7625 -0.32843 0.187972
5.77499 -0.328546 0.189031
5.78749 -0.328648 0.19011
5.79998 -0.32874 0.191176
5.8125 -0.328828 0.192218
5.825 -0.328949 0.193165
5.83749 -0.329015 0.194194
5.84999 -0.329072 0.195209
5.86249 -0.32912 0.196211
5.875 -0.329159 0.197202
5.8875 -0.329191 0.198129
5.9 -0.329214 0.199099
5.91249 -0.329228 0.200057
5.92499 -0.329235 0.201004
5.9375 -0.329234 0.201939
5.94667 -0.329236 0.2026
5.95583 -0.329226 0.203271
5.965 -0.329211 0.203936
5.97416 -0.329192 0.204594
5.98329 -0.32917 0.205244
5.98663 -0.32916 0.20548
5.98997 -0.329149 0.205716
5.99331 -0.329138 0.205951
5.99666 -0.329127 0.206187
6 -0.329114 0.206422
6.0125 -0.32907 0.207296
6.025 -0.329011 0.208175
6.0375 -0.328944 0.20905
6.05 -0.328867 0.209921
6.0625 -0.328781 0.210787
6.075 -0.328695 0.211621
6.0875 -0.328591 0.212479
6.1 -0.328478 0.213333
6.1125 -0.328357 0.214182
6.125 -0.328227 0.215029
6.1375 -0.328126 0.215824
6.15 -0.327978 0.216664
6.16249 -0.327822 0.2175
6.17499 -0.327658 0.218331
6.1875 -0.327486 0.219156
6.2 -0.327328 0.219914
6.2125 -0.327143 0.220724
6.22499 -0.326947 0.221535
6.23749 -0.326745 0.222338
6.25 -0.326543 0.223123
6.2625 -0.326384 0.223844
6.275 -0.32617 0.224615
6.28749 -0.325944 0.225383
6.29999 -0.325713 0.226142
6.3125 -0.325477 0.22689
6.325 -0.325257 0.227576
6.3375 -0.32501 0.228309
6.34999 -0.324757 0.229035
6.36249 -0.324498 0.229751
6.375 -0.324235 0.23046
6.3875 -0.324012 0.231109
6.4 -0.323739 0.231801
6.41249 -0.323462 0.232485
6.42499 -0.323181 0.23316
6.4375 -0.322894 0.233826
6.45 -0.322621 0.234443
6.4625 -0.322326 0.235093
6.475 -0.322026 0.235736
6.48749 -0.321722 0.236369
6.5 -0.321414 0.236995
6.5125 -0.321136 0.237577
6.525 -0.320821 0.238187
6.5375 -0.320502 0.238788
6.54999 -0.32018 0.239382
6.5625 -0.319854 0.239968
6.575 -0.319536 0.240517
6.5875 -0.319202 0.241087
6.6 -0.318865 0.241649
6.6125 -0.318524 0.242203
6.625 -0.31818 0.242749
6.6375 -0.317854 0.243265
6.65 -0.317505 0.243796
6.6625 -0.317152 0.244319
6.675 -0.316797 0.244834
6.6875 -0.316439 0.245342
6.7 -0.316085 0.245828
6.7125 -0.31572 0.24632
6.725 -0.315353 0.246805
6.7375 -0.314984 0.247282
6.75 -0.314612 0.247751
6.7625 -0.314246 0.248206
6.775 -0.313871 0.248661
6.7875 -0.313493 0.249108
6.8 -0.313114 0.249548
6.8125 -0.312732 0.24998
6.81401 -0.312686 0.250032
6.81552 -0.312639 0.250083
6.81703 -0.312593 0.250134
6.81854 -0.312546 0.250185
6.82004 -0.3125 0.250236
6.83103 -0.312161 0.250605
6.84202 -0.311818 0.25097
6.85302 -0.311474 0.25133
6.86401 -0.311126 0.251685
6.875 -0.310776 0.252036
6.8875 -0.310379 0.252425
6.9 -0.309975 0.252812
6.9125 -0.309568 0.253192
6.925 -0.309158 0.253565
6.9375 -0.308745 0.253933
6.95 -0.30834 0.254287
6.9625 -0.30792 0.254642
6.975 -0.307496 0.25499
6.9875 -0.30707 0.255333
7 -0.30664 0.255669
7.0125 -0.306221 0.255991
7.025 -0.305786 0.256315
7.0375 -0.305348 0.256633
7.05 -0.304907 0.256944
7.0625 -0.304464 0.25725
7.075 -0.304044 0.257537
7.0875 -0.303595 0.25783
7.1 -0.303143 0.258117
7.1125 -0.302688 0.258399
7.125 -0.302232 0.258674
7.1375 -0.301794 0.25893
7.15 -0.301336 0.259191
7.1625 -0.300877 0.259445
7.175 -0.300417 0.259693
7.1875 -0.299956 0.259934
7.2 -0.29952 0.260157
7.2125 -0.299058 0.260385
7.225 -0.298595 0.260606
7.2375 -0.298132 0.260821
7.25 -0.297668 0.26103
7.2625 -0.297218 0.261224
7.275 -0.296753 0.26142
7.2875 -0.296287 0.26161
7.3 -0.29582 0.261793
7.3125 -0.295353 0.26197
7.325 -0.294904 0.262134
7.3375 -0.294437 0.262299
7.35 -0.293969 0.262458
7.3625 -0.293501 0.262611
7.375 -0.293033 0.262758
7.3875 -0.292574 0.262894
7.4 -0.292105 0.263029
7.4125 -0.291635 0.263158
7.425 -0.291165 0.263281
7.4375 -0.290695 0.263399
7.45 -0.290238 0.263506
7.4625 -0.289768 0.263612
7.475 -0.289298 0.263712
7.4875 -0.288829 0.263807
7.5 -0.288359 0.263896
7.5125 -0.287896 0.263977
7.525 -0.287426 0.264054
7.5375 -0.286955 0.264126
7.55 -0.286485 0.264193
7.5625 -0.286014 0.264254
7.575 -0.285555 0.264307
7.5875 -0.285085 0.264357
7.6 -0.284616 0.264402
7.6125 -0.284147 0.264442
7.625 -0.283678 0.264476
7.6375 -0.283216 0.264502
7.65 -0.282747 0.264525
7.6625 -0.282279 0.264543
7.675 -0.28181 0.264555
7.6875 -0.281343 0.264562
7.7 -0.280885 0.264561
7.7125 -0.280419 0.264557
7.725 -0.279954 0.264548
7.7375 -0.27949 0.264534
7.75 -0.279027 0.264514
7.7625 -0.27857 0.264487
7.775 -0.278107 0.264455
7.7875 -0.277645 0.264418
7.8 -0.277184 0.264375
7.8125 -0.276725 0.264327
7.825 -0.276276 0.264272
7.8375 -0.275819 0.264212
7.85 -0.275365 0.264147
7.8625 -0.274913 0.264076
7.875 -0.274462 0.263999
7.8875 -0.27402 0.263914
7.9 -0.273573 0.263825
7.9125 -0.273126 0.263729
7.925 -0.272681 0.263627
7.9375 -0.272238 0.263519
7.95 -0.271808 0.263402
7.9625 -0.27137 0.263281
7.975 -0.270942 0.263153
7.9875 -0.270524 0.263019
8 -0.270113 0.262878
8.025 -0.269334 0.262581
8.05 -0.26859 0.262263
8.075 -0.267888 0.261924
8.10001 -0.267227 0.261565
8.125 -0.266609 0.261186
8.15 -0.266096 0.260746
8.175 -0.265468 0.260317
8.2 -0.264902 0.259877
8.225 -0.264396 0.259428
8.25 -0.263951 0.25897
8.3 -0.263272 0.257964
8.35 -0.26265 0.256917
8.4 -0.262224 0.255864
8.45 -0.261993 0.254806
8.5 -0.261955 0.253747
8.55 -0.262054 0.252607
8.6 -0.262144 0.251515
8.65 -0.262256 0.250404
8.7 -0.262392 0.249272
8.75 -0.262551 0.248121
8.8 -0.262782 0.24692
8.85 -0.262968 0.245725
8.9 -0.26317 0.244519
8.95 -0.263388 0.243301
9 -0.263596 0.242068
9.1 -0.263957 0.239454
9.2 -0.26443 0.236921
9.30001 -0.264484 0.234606
9.40002 -0.264096 0.232363
9.5 -0.263758 0.230266
9.6 -0.263838 0.228776
9.69999 -0.263185 0.226641
9.79997 -0.262513 0.224569
9.89996 -0.261837 0.222599
10 -0.261111 0.220698
10.1753 -0.260331 0.218593
10.3506 -0.259679 0.216763
10.5259 -0.259239 0.215313
10.7013 -0.258995 0.214218
10.9111 -0.258756 0.213085
10.9289 -0.258741 0.213006
10.9467 -0.258727 0.21293
10.9644 -0.258714 0.212855
10.9822 -0.258702 0.212781
11 -0.258689 0.212709
11.2 -0.258522 0.211919
11.4 -0.258463 0.211128
11.6 -0.258471 0.210363
11.8 -0.258545 0.209625
12 -0.25869 0.208908
12.2 -0.258564 0.20834
12.4 -0.258724 0.20767
12.6 -0.258961 0.206996
12.8 -0.259217 0.206348
13 -0.259397 0.205767
13.2 -0.259288 0.205322
13.4 -0.259478 0.204768
13.6 -0.259764 0.20419
13.8 -0.260055 0.203628
14 -0.260257 0.203118
14.2 -0.260162 0.202733
14.4 -0.260379 0.202243
14.6 -0.260669 0.201706
14.8 -0.260955 0.201177
15 -0.261169 0.200682
LINES 20 18983
191 0 1 2 3 4 5 6 7 8 9 10 11 12 13 14 15 16 17 18 19 20 21 22 23 24 25 26 27 28 29 30 31 32 33 34 35 36 37 38 39 40 41 42 43 44 45 46 47 48 49 50 51 52 53 54 55 56 57 58 59 60 61 62 63 64 65 66 67 68 69 70 71 72 73 74 75 76 77 78 79 80 81 82 83 84 85 86 87 88 89 90 91 92 93 94 95 96 97 98 99 100 101 102 103 104 105 106 107 108 109 110 111 112 113 114 115 116 117 118 119 120 121 122 123 124 125 126 127 128 129 130 131 132 133 134 135 136 137 138 139 140 141 142 143 144 145 146 147 148 149 150 151 152 153 154 155 156 157 158 159 160 161 162 163 164 165 166 167 168 169 170 171 172 173 174 175 176 177 178 179 180 181 182 183 184 185 186 187 188 189 190
220 191 192 193 194 195 196 197 198 199 200 201 202 203 204 205 206 207 208 209 210 211 212 213 214 215 216 217 218 219 220 221 222 223 224 225 226 227 228 229 230 231 232 233 234 235 236 237 238 239 240 241 242 243 244 245 246 247 248 249 250 251 252 253 254 255 256 257 258 259 260 261 262 263 264 265 266 267 268 269 270 271 272 273 274 275 276 277 278 279 280 281 282 283 284 285 286 287 288 289 290 291 292 293 294 295 296 297 298 299 300 301 302 303 304 305 306 307 308 309 310 311 312 313 314 315 316 317 318 319 320 321 322 323 324 325 326 327 328 329 330 331 332 333 334 335 336 337 338 339 340 341 342 343 344 345 346 347 348 349 350 351 352 353 354 355 356 357 358 359 360 361 362 363 364 365 366 367 368 369 370 371 372 373 374 375 376 377 378 379 380 381 382 383 384 385 386 387 388 389 390 391 392 393 394 395 396 397 398 399 400 401 402 403 404 405 406 407 408 409 410
226 411 412 413 414 415 416 417 418 419 420 421 422 423 424 425 426 427 428 429 430 431 432 433 434 435 436 437 438 439 440 441 442 443 444 445 446 447 448 449 450 451 452 453 454 455 456 457 458 459 460 461 462 463 464 465 466 467 468 469 470 471 472 473 474 475 476 477 478 479 480 481 482 483 484 485 486 487 488 489 490 491 492 493 494 495 496 497 498 499 500 501 502 503 504 505 506 507 508 509 510 511 512 513 514 515 516 517 518 519 520 521 522 523 524 525 526 527 528 529 530 531 532 533 534 535 536 537 538 539 540 541 542 543 544 545 546 547 548 549 550 551 552 553 554 555 556 557 558 559 560 561 562 563 564 565 566 567 568 569 570 571 572 573 574 575 576 577 578 579 580 581 582 583 584 585 586 587 588 589 590 591 592 593 594 595 596 597 598 599 600 601 602 603 604 605 606 607 608 609 610 611 612 613 614 615 616 617 618 619 620 621 622 623 624 625 626 627 628 629 630 631 632 633 634 635 636
331 637 638 639 640 641 642 643 644 645 646 647 648 649 650 651 652 653 654 655 656 657 658 659 660 661 662 663 664 665 666 667 668 669 670 671 672 673 674 675 676 677 678 679 680 681 682 683 684 685 686 687 688 689 690 691 692 693 694 695 696 697 698 699 700 701 702 703 704 705 706 707 708 709 710 711 712 713 714 715 716 717 718 719 720 721 722 723 724 725 726 727 728 729 730 731 732 733 734 735 736 737 738 739 740 741 742 743 744 745 746 747 748 749 750 751 752 753 754 755 756 757 758 759 760 761 762 763 764 765 766 767 768 769 770 771 772 773 774 775 776 777 778 779 780 781 782 783 784 785 786 787 788 789 790 791 792 793 794 795 796 797 798 799 800 801 802 803 804 805 806 807 808 809 810 811 812 813 814 815 816 817 818 819 820 821 822 823 824 825 826 827 828 829 830 831 832 833 834 835 836 837 838 839 840 841 842 843 844 845 846 847 848 849 850 851 852 853 854 855 856 857 858 859 860 861 862 863 864 865 866 867 868 869 870 871 872 873 874 875 876 877 878 879 880 881 882 883 884 885 886 887 888 889 890 891 892 893 894 895 896 897 898 899 900 901 902 903 904 905 906 907 908 909 910 911 912 913 914 915 916 917 918 919 920 921 922 923 924 925 926 927 928 929 930 931 932 933 934 935 936 937 938 939 940 941 942 943 944 945 946 947 948 949 950 951 952 953 954 955 956 957 958 959 960 961 962 963 964 965 966 967
311 968 969 970 971 972 973 974 975 976 977 978 979 980 981 982 983 984 985 986 987 988 989 990 991 992 993 994 995 996 997 998 999 1000 1001 1002 1003 1004 1005 1006 1007 1008 1009 1010 1011 1012 1013 1014 1015 1016 1017 1018 1019 1020 1021 1022 1023 1024 1025 1026 1027 1028 1029 1030 1031 1032 1033 1034 1035 1036 1037 1038 1039 1040 1041 1042 1043 1044 1045 1046 1047 1048 1049 1050 1051 1052 1053 1054 1055 1056 1057 1058 1059 1060 1061 1062 1063 1064 1065 1066 1067 1068 1069 1070 1071 1072 1073 1074 1075 1076 1077 1078 1079 1080 1081 1082 1083 1084 1085 1086 1087 1088 1089 1090 1091 1092 1093 1094 1095 1096 1097 1098 1099 1100 1101 1102 1103 1104 1105 1106 1107 1108 1109 1110 1111 1112 1113 1114 1115 1116 1117 1118 1119 1120 1121 1122 1123 1124 1125 1126 1127 1128 1129 1130 1131 1132 1133 1134 1135 1136 1137 1138 1139 1140 1141 1142 1143 1144 1145 1146 1147 1148 1149 1150 1151 1152 1153 1154 1155 1156 1157 1158 1159 1160 1161 1162 1163 1164 1165 1166 1167 1168 1169 1170 1171 1172 1173 1174 1175 1176 1177 1178 1179 1180 1181 1182 1183 1184 1185 1186 1187 1188 1189 1190 1191 1192 1193 1194 1195 1196 1197 1198 1199 1200 1201 1202 1203 1204 1205 1206 1207 1208 1209 1210 1211 1212 1213 1214 1215 1216 1217 1218 1219 1220 1221 1222 1223 1224 1225 1226 1227 1228 1229 1230 1231 1232 1233 1234 1235 1236 1237 1238 1239 1240 1241 1242 1243 1244 1245 1246 1247 1248 1249 1250 1251 1252 1253 1254 1255 1256 1257 1258 1259 1260 1261 1262 1263 1264 1265 1266 1267 1268 1269 1270 1271 1272 1273 1274 1275 1276 1277 1278
376 1279 1280 1281 1282 1283 1284 1285 1286 1287 1288 1289 1290 1291 1292 1293 1294 1295 1296 1297 1298 1299 1300 1301 1302 1303 1304 1305 1306 1307 1308 1309 1310 1311 1312 1313 1314 1315 1316 1317 1318 1319 1320 1321 1322 1323 1324 1325 1326 1327 1328 1329 1330 1331 1332 1333 1334 1335 1336 1337 1338 1339 1340 1341 1342 1343 1344 1345 1346 1347 1348 1349 1350 1351 1352 1353 1354 1355 1356 1357 1358 1359 1360 1361 1362 1363 1364 1365 1366 1367 1368 1369 1370 1371 1372 1373 1374 1375 1376 1377 1378 1379 1380 1381 1382 1383 1384 1385 1386 1387 1388 1389 1390 1391 1392 1393 1394 1395 1396 1397 1398 1399 1400 1401 1402 1403 1404 1405 1406 1407 1408 1409 1410 1411 1412 1413 1414 1415 1416 1417 1418 1419 1420 1421 1422 1423 1424 1425 1426 1427 1428 1429 1430 1431 1432 1433 1434 1435 1436 1437 1438 1439 1440 1441 1442 1443 1444 1445 1446 1447 1448 1449 1450 1451 1452 1453 1454 1455 1456 1457 1458 1459 1460 1461 1462 1463 1464 1465 1466 1467 1468 1469 1470 1471 1472 1473 1474 1475 1476 1477 1478 1479 1480 1481 1482 1483 1484 1485 1486 1487 1488 1489 1490 1491 1492 1493 1494 1495 1496 1497 1498 1499 1500 1501 1502 1503 1504 1505 1506 1507 1508 1509 1510 1511 1512 1513 1514 1515 1516 1517 1518 1519 1520 1521 1522 1523 1524 1525 1526 1527 1528 1529 1530 1531 1532 1533 1534 1535 1536 1537 1538 1539 1540 1541 1542 1543 1544 1545 1546 1547 1548 1549 1550 1551 1552 1553 1554 1555 1556 1557 1558 1559 1560 1561 1562 1563 1564 1565 1566 1567 1568 1569 1570 1571 1572 1573 1574 1575 1576 1577 1578 1579 1580 1581 1582 1583 1584 1585 1586 1587 1588 1589 1590 1591 1592 1593 1594 1595 1596 1597 1598 1599 1600 1601 1602 1603 1604 1605 1606 1607 1608 1609 1610 1611 1612 1613 1614 1615 1616 1617 1618 1619 1620 1621 1622 1623 1624 1625 1626 1627 1628 1629 1630 1631 1632 1633 1634 1635 1636 1637 1638 1639 1640 1641 1642 1643 1644 1645 1646 1647 1648 1649 1650 1651 1652 1653 1654
1166 1655 1656 1657 1658 1659 1660 1661 1662 1663 1664 1665 1666 1667 1668 1669 1670 1671 1672 1673 1674 1675 1676 1677 1678 1679 1680 1681 1682 1683 1684 1685 1686 1687 1688 1689 1690 1691 1692 1693 1694 1695 1696 1697 1698 1699 1700 1701 1702 1703 1704 1705 1706 1707 1708 1709 1710 1711 1712 1713 1714 1715 1716 1717 1718 1719 1720 1721 1722 1723 1724 1725 1726 1727 1728 1729 1730 1731 1732 1733 1734 1735 1736 1737 1738 1739 1740 1741 1742 1743 1744 1745 1746 1747 1748 1749 1750 1751 1752 1753 1754 1755 1756 1757 1758 1759 1760 1761 1762 1763 1764 1765 1766 1767 1768 1769 1770 1771 1772 1773 1774 1775 1776 1777 1778 1779 1780 1781 1782 1783 1784 1785 1786 1787 1788 1789 1790 1791 1792 1793 1794 1795 1796 1797 1798 1799 1800 1801 1802 1803 1804 1805 1806 1807 1808 1809 1810 1811 1812 1813 1814 1815 1816 1817 1818 1819 1820 1821 1822 1823 1824 1825 1826 1827 1828 1829 1830 1831 1832 1833 1834 1835 1836 1837 1838 1839 1840 1841 1842 1843 1844 1845 1846 1847 1848 1849 1850 1851 1852 1853 1854 1855 1856 1857 1858 1859 1860 1861 1862 1863 1864 1865 1866 1867 1868 1869 1870 1871 1872 1873 1874 1875 1876 1877 1878 1879 1880 1881 1882 1883 1884 1885 1886 1887 1888 1889 1890 1891 1892 1893 1894 1895 1896 1897 1898 1899 1900 1901 1902 1903 1904 1905 1906 1907 1908 1909 1910 1911 1912 1913 1914 1915 1916 1917 1918 1919 1920 1921 1922 1923 1924 1925 1926 1927 1928 1929 1930 1931 1932 1933 1934 1935 1936 1937 1938 1939 1940 1941 1942 1943 1944 1945 1946 1947 1948 1949 1950 1951 1952 1953 1954 1955 1956 1957 1958 1959 1960 1961 1962 1963 1964 1965 1966 1967 1968 1969 1970 1971 1972 1973 1974 1975 1976 1977 1978 1979 1980 1981 1982 1983 1984 1985 1986 1987 1988 1989 1990 1991 1992 1993 1994 1995 1996 1997 1998 1999 2000 2001 2002 2003 2004 2005 2006 2007 2008 2009 2010 2011 2012 2013 2014 2015 2016 2017 2018 2019 2020 2021 2022 2023 2024 2025 2026 2027 2028 2029 2030 2031 2032 2033 2034 2035 2036 2037 2038 2039 2040 2041 2042 2043 2044 2045 2046 2047 2048 2049 2050 2051 2052 2053 2054 2055 2056 2057 2058 2059 2060 2061 2062 2063 2064 2065 2066 2067 2068 2069 2070 2071 2072 2073 2074 2075 2076 2077 2078 2079 2080 2081 2082 2083 2084 2085 2086 2087 2088 2089 2090 2091 2092 2093 2094 2095 2096 2097 2098 2099 2100 2101 2102 2103 2104 2105 2106 2107 2108 2109 2110 2111 2112 2113 2114 2115 2116 2117 2118 2119 2120 2121 2122 2123 2124 2125 2126 2127 2128 2129 2130 2131 2132 2133 2134 2135 2136 2137 2138 2139 2140 2141 2142 2143 2144 2145 2146 2147 2148 2149 2150 2151 2152 2153 2154 2155 2156 2157 2158 2159 2160 2161 2162 2163 2164 2165 2166 2167 2168 2169 2170 2171 2172 2173 2174 2175 2176 2177 2178 2179 2180 2181 2182 2183 2184 2185 2186 2187 2188 2189 2190 2191 2192 2193 2194 2195 2196 2197 2198 2199 2200 2201 2202 2203 2204 2205 2206 2207 2208 2209 2210 2211 2212 2213 2214 2215 2216 2217 2218 2219 2220 2221 2222 2223 2224 2225 2226 2227 2228 2229 2230 2231 2232 2233 2234 2235 2236 2237 2238 2239 2240 2241 2242 2243 2244 2245 2246 2247 2248 2249 2250 2251 2252 2253 2254 2255 2256 2257 2258 2259 2260 2261 2262 2263 2264 2265 2266 2267 2268 2269 2270 2271 2272 2273 2274 2275 2276 2277 2278 2279 2280 2281 2282 2283 2284 2285 2286 2287 2288 2289 2290 2291 2292 2293 2294 2295 2296 2297 2298 2299 2300 2301 2302 2303 2304 2305 2306 2307 2308 2309 2310 2311 2312 2313 2314 2315 2316 2317 2318 2319 2320 2321 2322 2323 2324 2325 2326 2327 2328 2329 2330 2331 2332 2333 2334 2335 2336 2337 2338 2339 2340 2341 2342 2343 2344 2345 2346 2347 2348 2349 2350 2351 2352 2353 2354 2355 2356 2357 2358 2359 2360 2361 2362 2363 2364 2365 2366 2367 2368 2369 2370 2371 2372 2373 2374 2375 2376 2377 2378 2379 2380 2381 2382 2383 2384 2385 2386 2387 2388 2389 2390 2391 2392 2393 2394 2395 2396 2397 2398 2399 2400 2401 2402 2403 2404 2405 2406 2407 2408 2409 2410 2411 2412 2413 2414 2415 2416 2417 2418 2419 2420 2421 2422 2423 2424 2425 2426 2427 2428 2429 2430 2431 2432 2433 2434 2435 2436 2437 2438 2439 2440 2441 2442 2443 2444 2445 2446 2447 2448 2449 2450 2451 2452 2453 2454 2455 2456 2457 2458 2459 2460 2461 2462 2463 2464 2465 2466 2467 2468 2469 2470 2471 2472 2473 2474 2475 2476 2477 2478 2479 2480 2481 2482 2483 2484 2485 2486 2487 2488 2489 2490 2491 2492 2493 2494 2495 2496 2497 2498 2499 2500 2501 2502 2503 2504 2505 2506 2507 2508 2509 2510 2511 2512 2513 2514 2515 2516 2517 2518 2519 2520 2521 2522 2523 2524 2525 2526 2527 2528 2529 2530 2531 2532 2533 2534 2535 2536 2537 2538 2539 2540 2541 2542 2543 2544 2545 2546 2547 2548 2549 2550 2551 2552 2553 2554 2555 2556 2557 2558 2559 2560 2561 2562 2563 2564 2565 2566 2567 2568 2569 2570 2571 2572 2573 2574 2575 2576 2577 2578 2579 2580 2581 2582 2583 2584 2585 2586 2587 2588 2589 2590 2591 2592 2593 2594 2595 2596 2597 2598 2599 2600 2601 2602 2603 2604 2605 2606 2607 2608 2609 2610 2611 2612 2613 2614 2615 2616 2617 2618 2619 2620 2621 2622 2623 2624 2625 2626 2627 2628 2629 2630 2631 2632 2633 2634 2635 2636 2637 2638 2639 2640 2641 2642 2643 2644 2645 2646 2647 2648 2649 2650 2651 2652 2653 2654 2655 2656 2657 2658 2659 2660 2661 2662 2663 2664 2665 2666 2667 2668 2669 2670 2671 2672 2673 2674 2675 2676 2677 2678 2679 2680 2681 2682 2683 2684 2685 2686 2687 2688 2689 2690 2691 2692 2693 2694 2695 2696 2697 2698 2699 2700 2701 2702 2703 2704 2705 2706 2707 2708 2709 2710 2711 2712 2713 2714 2715 2716 2717 2718 2719 2720 2721 2722 2723 2724 2725 2726 2727 2728 2729 2730 2731 2732 2733 2734 2735 2736 2737 2738 2739 2740 2741 2742 2743 2744 2745 2746 2747 2748 2749 2750 2751 2752 2753 2754 2755 2756 2757 2758 2759 2760 2761 2762 2763 2764 2765 2766 2767 2768 2769 2770 2771 2772 2773 2774 2775 2776 2777 2778 2779 2780 2781 2782 2783 2784 2785 2786 2787 2788 2789 2790 2791 2792 2793 2794 2795 2796 2797 2798 2799 2800 2801 2802 2803 2804 2805 2806 2807 2808 2809 2810 2811 2812 2813 2814 2815 2816 2817 2818 2819 2820
1216 2821 2822 2823 2824 2825 2826 2827 2828 2829 2830 2831 2832 2833 2834 2835 2836 2837 2838 2839 2840 2841 2842 2843 2844 2845 2846 2847 2848 2849 2850 2851 2852 2853 2854 2855 2856 2857 2858 2859 2860 2861 2862 2863 2864 2865 2866 2867 2868 2869 2870 2871 2872 2873 2874 2875 2876 2877 2878 2879 2880 2881 2882 2883 2884 2885 2886 2887 2888 2889 2890 2891 2892 2893 2894 2895 2896 2897 2898 2899 2900 2901 2902 2903 2904 2905 2906 2907 2908 2909 2910 2911 2912 2913 2914 2915 2916 2917 2918 2919 2920 2921 2922 2923 2924 2925 2926 2927 2928 2929 2930 2931 2932 2933 2934 2935 2936 2937 2938 2939 2940 2941 2942 2943 2944 2945 2946 2947 2948 2949 2950 2951 2952 2953 2954 2955 2956 2957 2958 2959 2960 2961 2962 2963 2964 2965 2966 2967 2968 2969 2970 2971 2972 2973 2974 2975 2976 2977 2978 2979 2980 2981 2982 2983 2984 2985 2986 2987 2988 2989 2990 2991 2992 2993 2994 2995 2996 2997 2998 2999 3000 3001 3002 3003 3004 3005 3006 3007 3008 3009 3010 3011 3012 3013 3014 3015 3016 3017 3018 3019 3020 3021 3022 3023 3024 3025 3026 3027 3028 3029 3030 3031 3032 3033 3034 3035 3036 3037 3038 3039 3040 3041 3042 3043 3044 3045 3046 3047 3048 3049 3050 3051 3052 3053 3054 3055 3056 3057 3058 3059 3060 3061 3062 3063 3064 3065 3066 3067 3068 3069 3070 3071 3072 3073 3074 3075 3076 3077 3078 3079 3080 3081 3082 3083 3084 3085 3086 3087 3088 3089 3090 3091 3092 3093 3094 3095 3096 3097 3098 3099 3100 3101 3102 3103 3104 3105 3106 3107 3108 3109 3110 3111 3112 3113 3114 3115 3116 3117 3118 3119 3120 3121 3122 3123 3124 3125 3126 3127 3128 3129 3130 3131 3132 3133 3134 3135 3136 3137 3138 3139 3140 3141 3142 3143 3144 3145 3146 3147 3148 3149 3150 3151 3152 3153 3154 3155 3156 3157 3158 3159 3160 3161 3162 3163 3164 3165 3166 3167 3168 3169 3170 3171 3172 3173 3174 3175 3176 3177 3178 3179 3180 3181 3182 3183 3184 3185 3186 3187 3188 3189 3190 3191 3192 3193 3194 3195 3196 3197 3198 3199 3200 3201 3202 3203 3204 3205 3206 3207 3208 3209 3210 3211 3212 3213 3214 3215 3216 3217 3218 3219 3220 3221 3222 3223 3224 3225 3226 3227 3228 3229 3230 3231 3232 3233 3234 3235 3236 3237 3238 3239 3240 3241 3242 3243 3244 3245 3246 3247 3248 3249 3250 3251 3252 3253 3254 3255 3256 3257 3258 3259 3260 3261 3262 3263 3264 3265 3266 3267 3268 3269 3270 3271 3272 3273 3274 3275 3276 3277 3278 3279 3280 3281 3282 3283 3284 3285 3286 3287 3288 3289 3290 3291 3292 3293 3294 3295 3296 3297 3298 3299 3300 3301 3302 3303 3304 3305 3306 3307 3308 3309 3310 3311 3312 3313 3314 3315 3316 3317 3318 3319 3320 3321 3322 3323 3324 3325 3326 3327 3328 3329 3330 3331 3332 3333 3334 3335 3336 3337 3338 3339 3340 3341 3342 3343 3344 3345 3346 3347 3348 3349 3350 3351 3352 3353 3354 3355 3356 3357 3358 3359 3360 3361 3362 3363 3364 3365 3366 3367 3368 3369 3370 3371 3372 3373 3374 3375 3376 3377 3378 3379 3380 3381 3382 3383 3384 3385 3386 3387 3388 3389 3390 3391 3392 3393 3394 3395 3396 3397 3398 3399 3400 3401 3402 3403 3404 3405 3406 3407 3408 3409 3410 3411 3412 3413 3414 3415 3416 3417 3418 3419 3420 3421 3422 3423 3424 3425 3426 3427 3428 3429 3430 3431 3432 3433 3434 3435 3436 3437 3438 3439 3440 3441 3442 3443 3444 3445 3446 3447 3448 3449 3450 3451 3452 3453 3454 3455 3456 3457 3458 3459 3460 3461 3462 3463 3464 3465 3466 3467 3468 3469 3470 3471 3472 3473 3474 3475 3476 3477 3478 3479 3480 3481 3482 3483 3484 3485 3486 3487 3488 3489 3490 3491 3492 3493 3494 3495 3496 3497 3498 3499 3500 3501 3502 3503 3504 3505 3506 3507 3508 3509 3510 3511 3512 3513 3514 3515 3516 3517 3518 3519 3520 3521 3522 3523 3524 3525 3526 3527 3528 3529 3530 3531 3532 3533 3534 3535 3536 3537 3538 3539 3540 3541 3542 3543 3544 3545 3546 3547 3548 3549 3550 3551 3552 3553 3554 3555 3556 3557 3558 3559 3560 3561 3562 3563 3564 3565 3566 3567 3568 3569 3570 3571 3572 3573 3574 3575 3576 3577 3578 3579 3580 3581 3582 3583 3584 3585 3586 3587 3588 3589 3590 3591 3592 3593 3594 3595 3596 3597 3598 3599 3600 3601 3602 3603 3604 3605 3606 3607 3608 3609 3610 3611 3612 3613 3614 3615 3616 3617 3618 3619 3620 3621 3622 3623 3624 3625 3626 3627 3628 3629 3630 3631 3632 3633 3634 3635 3636 3637 3638 3639 3640 3641 3642 3643 3644 3645 3646 3647 3648 3649 3650 3651 3652 3653 3654 3655 3656 3657 3658 3659 3660 3661 3662 3663 3664 3665 3666 3667 3668 3669 3670 3671 3672 3673 3674 3675 3676 3677 3678 3679 3680 3681 3682 3683 3684 3685 3686 3687 3688 3689 3690 3691 3692 3693 3694 3695 3696 3697 3698 3699 3700 3701 3702 3703 3704 3705 3706 3707 3708 3709 3710 3711 3712 3713 3714 3715 3716 3717 3718 3719 3720 3721 3722 3723 3724 3725 3726 3727 3728 3729 3730 3731 3732 3733 3734 3735 3736 3737 3738 3739 3740 3741 3742 3743 3744 3745 3746 3747 3748 3749 3750 3751 3752 3753 3754 3755 3756 3757 3758 3759 3760 3761 3762 3763 3764 3765 3766 3767 3768 3769 3770 3771 3772 3773 3774 3775 3776 3777 3778 3779 3780 3781 3782 3783 3784 3785 3786 3787 3788 3789 3790 3791 3792 3793 3794 3795 3796 3797 3798 3799 3800 3801 3802 3803 3804 3805 3806 3807 3808 3809 3810 3811 3812 3813 3814 3815 3816 3817 3818 3819 3820 3821 3822 3823 3824 3825 3826 3827 3828 3829 3830 3831 3832 3833 3834 3835 3836 3837 3838 3839 3840 3841 3842 3843 3844 3845 3846 3847 3848 3849 3850 3851 3852 3853 3854 3855 3856 3857 3858 3859 3860 3861 3862 3863 3864 3865 3866 3867 3868 3869 3870 3871 3872 3873 3874 3875 3876 3877 3878 3879 3880 3881 3882 3883 3884 3885 3886 3887 3888 3889 3890 3891 3892 3893 3894 3895 3896 3897 3898 3899 3900 3901 3902 3903 3904 3905 3906 3907 3908 3909 3910 3911 3912 3913 3914 3915 3916 3917 3918 3919 3920 3921 3922 3923 3924 3925 3926 3927 3928 3929 3930 3931 3932 3933 3934 3935 3936 3937 3938 3939 3940 3941 3942 3943 3944 3945 3946 3947 3948 3949 3950 3951 3952 3953 3954 3955 3956 3957 3958 3959 3960 3961 3962 3963 3964 3965 3966 3967 3968 3969 3970 3971 3972 3973 3974 3975 3976 3977 3978 3979 3980 3981 3982 3983 3984 3985 3986 3987 3988 3989 3990 3991 3992 3993 3994 3995 3996 3997 3998 3999 4000 4001 4002 4003 4004 4005 4006 4007 4008 4009 4010 4011 4012 4013 4014 4015 4016 4017 4018 4019 4020 4021 4022 4023 4024 4025 4026 4027 4028 4029 4030 4031 4032 4033 4034 4035 4036
1136 4037 4038 4039 4040 4041 4042 4043 4044 4045 4046 4047 4048 4049 4050 4051 4052 4053 4054 4055 4056 4057 4058 4059 4060 4061 4062 4063 4064 4065 4066 4067 4068 4069 4070 4071 4072 4073 4074 4075 4076 4077 4078 4079 4080 4081 4082 4083 4084 4085 4086 4087 4088 4089 4090 4091 4092 4093 4094 4095 4096 4097 4098 4099 4100 4101 4102 4103 4104 4105 4106 4107 4108 4109 4110 4111 4112 4113 4114 4115 4116 4117 4118 4119 4120 4121 4122 4123 4124 4125 4126 4127 4128 4129 4130 4131 4132 4133 4134 4135 4136 4137 4138 4139 4140 4141 4142 4143 4144 4145 4146 4147 4148 4149 4150 4151 4152 4153 4154 4155 4156 4157 4158 4159 4160 4161 4162 4163 4164 4165 4166 4167 4168 4169 4170 4171 4172 4173 4174 4175 4176 4177 4178 4179 4180 4181 4182 4183 4184 4185 4186 4187 4188 4189 4190 4191 4192 4193 4194 4195 4196 4197 4198 4199 4200 4201 4202 4203 4204 4205 4206 4207 4208 4209 4210 4211 4212 4213 4214 4215 4216 4217 4218 4219 4220 4221 4222 4223 4224 4225 4226 4227 4228 4229 4230 4231 4232 4233 4234 4235 4236 4237 4238 4239 4240 4241 4242 4243 4244 4245 4246 4247 4248 4249 4250 4251 4252 4253 4254 4255 4256 4257 4258 4259 4260 4261 4262 4263 4264 4265 4266 4267 4268 4269 4270 4271 4272 4273 4274 4275 4276 4277 4278 4279 4280 4281 4282 4283 4284 4285 4286 4287 4288 4289 4290 4291 4292 4293 4294 4295 4296 4297 4298 4299 4300 4301 4302 4303 4304 4305 4306 4307 4308 4309 4310 4311 4312 4313 4314 4315 4316 4317 4318 4319 4320 4321 4322 4323 4324 4325 4326 4327 4328 4329 4330 4331 4332 4333 4334 4335 4336 4337 4338 4339 4340 4341 4342 4343 4344 4345 4346 4347 4348 4349 4350 4351 4352 4353 4354 4355 4356 4357 4358 4359 4360 4361 4362 4363 4364 4365 4366 4367 4368 4369 4370 4371 4372 4373 4374 4375 4376 4377 4378 4379 4380 4381 4382 4383 4384 4385 4386 4387 4388 4389 4390 4391 4392 4393 4394 4395 4396 4397 4398 4399 4400 4401 4402 4403 4404 4405 4406 4407 4408 4409 4410 4411 4412 4413 4414 4415 4416 4417 4418 4419 4420 4421 4422 4423 4424 4425 4426 4427 4428 4429 4430 4431 4432 4433 4434 4435 4436 4437 4438 4439 4440 4441 4442 4443 4444 4445 4446 4447 4448 4449 4450 4451 4452 4453 4454 4455 4456 4457 4458 4459 4460 4461 4462 4463 4464 4465 4466 4467 4468 4469 4470 4471 4472 4473 4474 4475 4476 4477 4478 4479 4480 4481 4482 4483 4484 4485 4486 4487 4488 4489 4490 4491 4492 4493 4494 4495 4496 4497 4498 4499 4500 4501 4502 4503 4504 4505 4506 4507 4508 4509 4510 4511 4512 4513 4514 4515 4516 4517 4518 4519 4520 4521 4522 4523 4524 4525 4526 4527 4528 4529 4530 4531 4532 4533 4534 4535 4536 4537 4538 4539 4540 4541 4542 4543 4544 4545 4546 4547 4548 4549 4550 4551 4552 4553 4554 4555 4556 4557 4558 4559 4560 4561 4562 4563 4564 4565 4566 4567 4568 4569 4570 4571 4572 4573 4574 4575 4576 4577 4578 4579 4580 4581 4582 4583 4584 4585 4586 4587 4588 4589 4590 4591 4592 4593 4594 4595 4596 4597 4598 4599 4600 4601 4602 4603 4604 4605 4606 4607 4608 4609 4610 4611 4612 4613 4614 4615 4616 4617 4618 4619 4620 4621 4622 4623 4624 4625 4626 4627 4628 4629 4630 4631 4632 4633 4634 4635 4636 4637 4638 4639 4640 4641 4642 4643 4644 4645 4646 4647 4648 4649 4650 4651 4652 4653 4654 4655 4656 4657 4658 4659 4660 4661 4662 4663 4664 4665 4666 4667 4668 4669 4670 4671 4672 4673 4674 4675 4676 4677 4678 4679 4680 4681 4682 4683 4684 4685 4686 4687 4688 4689 4690 4691 4692 4693 4694 4695 4696 4697 4698 4699 4700 4701 4702 4703 4704 4705 4706 4707 4708 4709 4710 4711 4712 4713 4714 4715 4716 4717 4718 4719 4720 4721 4722 4723 4724 4725 4726 4727 4728 4729 4730 4731 4732 4733 4734 4735 4736 4737 4738 4739 4740 4741 4742 4743 4744 4745 4746 4747 4748 4749 4750 4751 4752 4753 4754 4755 4756 4757 4758 4759 4760 4761 4762 4763 4764 4765 4766 4767 4768 4769 4770 4771 4772 4773 4774 4775 4776 4777 4778 4779 4780 4781 4782 4783 4784 4785 4786 4787 4788 4789 4790 4791 4792 4793 4794 4795 4796 4797 4798 4799 4800 4801 4802 4803 4804 4805 4806 4807 4808 4809 4810 4811 4812 4813 4814 4815 4816 4817 4818 4819 4820 4821 4822 4823 4824 4825 4826 4827 4828 4829 4830 4831 4832 4833 4834 4835 4836 4837 4838 4839 4840 4841 4842 4843 4844 4845 4846 4847 4848 4849 4850 4851 4852 4853 4854 4855 4856 4857 4858 4859 4860 4861 4862 4863 4864 4865 4866 4867 4868 4869 4870 4871 4872 4873 4874 4875 4876 4877 4878 4879 4880 4881 4882 4883 4884 4885 4886 4887 4888 4889 4890 4891 4892 4893 4894 4895 4896 4897 4898 4899 4900 4901 4902 4903 4904 4905 4906 4907 4908 4909 4910 4911 4912 4913 4914 4915 4916 4917 4918 4919 4920 4921 4922 4923 4924 4925 4926 4927 4928 4929 4930 4931 4932 4933 4934 4935 4936 4937 4938 4939 4940 4941 4942 4943 4944 4945 4946 4947 4948 4949 4950 4951 4952 4953 4954 4955 4956 4957 4958 4959 4960 4961 4962 4963 4964 4965 4966 4967 4968 4969 4970 4971 4972 4973 4974 4975 4976 4977 4978 4979 4980 4981 4982 4983 4984 4985 4986 4987 4988 4989 4990 4991 4992 4993 4994 4995 4996 4997 4998 4999 5000 5001 5002 5003 5004 5005 5006 5007 5008 5009 5010 5011 5012 5013 5014 5015 5016 5017 5018 5019 5020 5021 5022 5023 5024 5025 5026 5027 5028 5029 5030 5031 5032 5033 5034 5035 5036 5037 5038 5039 5040 5041 5042 5043 5044 5045 5046 5047 5048 5049 5050 5051 5052 5053 5054 5055 5056 5057 5058 5059 5060 5061 5062 5063 5064 5065 5066 5067 5068 5069 5070 5071 5072 5073 5074 5075 5076 5077 5078 5079 5080 5081 5082 5083 5084 5085 5086 5087 5088 5089 5090 5091 5092 5093 5094 5095 5096 5097 5098 5099 5100 5101 5102 5103 5104 5105 5106 5107 5108 5109 5110 5111 5112 5113 5114 5115 5116 5117 5118 5119 5120 5121 5122 5123 5124 5125 5126 5127 5128 5129 5130 5131 5132 5133 5134 5135 5136 5137 5138 5139 5140 5141 5142 5143 5144 5145 5146 5147 5148 5149 5150 5151 5152 5153 5154 5155 5156 5157 5158 5159 5160 5161 5162 5163 5164 5165 5166 5167 5168 5169 5170 5171 5172
1121 5173 5174 5175 5176 5177 5178 5179 5180 5181 5182 5183 5184 5185 5186 5187 5188 5189 5190 5191 5192 5193 5194 5195 5196 5197 5198 5199 5200 5201 5202 5203 5204 5205 5206 5207 5208 5209 5210 5211 5212 5213 5214 5215 5216 5217 5218 5219 5220 5221 5222 5223 5224 5225 5226 5227 5228 5229 5230 5231 5232 5233 5234 5235 5236 5237 5238 5239 5240 5241 5242 5243 5244 5245 5246 5247 5248 5249 5250 5251 5252 5253 5254 5255 5256 5257 5258 5259 5260 5261 5262 5263 5264 5265 5266 5267 5268 5269 5270 5271 5272 5273 5274 5275 5276 5277 5278 5279 5280 5281 5282 5283 5284 5285 5286 5287 5288 5289 5290 5291 5292 5293 5294 5295 5296 5297 5298 5299 5300 5301 5302 5303 5304 5305 5306 5307 5308 5309 5310 5311 5312 5313 5314 5315 5316 5317 5318 5319 5320 5321 5322 5323 5324 5325 5326 5327 5328 5329 5330 5331 5332 5333 5334 5335 5336 5337 5338 5339 5340 5341 5342 5343 5344 5345 5346 5347 5348 5349 5350 5351 5352 5353 5354 5355 5356 5357 5358 5359 5360 5361 5362 5363 5364 5365 5366 5367 5368 5369 5370 5371 5372 5373 5374 5375 5376 5377 5378 5379 5380 5381 5382 5383 5384 5385 5386 5387 5388 5389 5390 5391 5392 5393 5394 5395 5396 5397 5398 5399 5400 5401 5402 5403 5404 5405 5406 5407 5408 5409 5410 5411 5412 5413 5414 5415 5416 5417 5418 5419 5420 5421 5422 5423 5424 5425 5426 5427 5428 5429 5430 5431 5432 5433 5434 5435 5436 5437 5438 5439 5440 5441 5442 5443 5444 5445 5446 5447 5448 5449 5450 5451 5452 5453 5454 5455 5456 5457 5458 5459 5460 5461 5462 5463 5464 5465 5466 5467 5468 5469 5470 5471 5472 5473 5474 5475 5476 5477 5478 5479 5480 5481 5482 5483 5484 5485 5486 5487 5488 5489 5490 5491 5492 5493 5494 5495 5496 5497 5498 5499 5500 5501 5502 5503 5504 5505 5506 5507 5508 5509 5510 5511 5512 5513 5514 5515 5516 5517 5518 5519 5520 5521 5522 5523 5524 5525 5526 5527 5528 5529 5530 5531 5532 5533 5534 5535 5536 5537 5538 5539 5540 5541 5542 5543 5544 5545 5546 5547 5548 5549 5550 5551 5552 5553 5554 5555 5556 5557 5558 5559 5560 5561 5562 5563 5564 5565 5566 5567 5568 5569 5570 5571 5572 5573 5574 5575 5576 5577 5578 5579 5580 5581 5582 5583 5584 5585 5586 5587 5588 5589 5590 5591 5592 5593 5594 5595 5596 5597 5598 5599 5600 5601 5602 5603 5604 5605 5606 5607 5608 5609 5610 5611 5612 5613 5614 5615 5616 5617 5618 5619 5620 5621 5622 5623 5624 5625 5626 5627 5628 5629 5630 5631 5632 5633 5634 5635 5636 5637 5638 5639 5640 5641 5642 5643 5644 5645 5646 5647 5648 5649 5650 5651 5652 5653 5654 5655 5656 5657 5658 5659 5660 5661 5662 5663 5664 5665 5666 5667 5668 5669 5670 5671 5672 5673 5674 5675 5676 5677 5678 5679 5680 5681 5682 5683 5684 5685 5686 5687 5688 5689 5690 5691 5692 5693 5694 5695 5696 5697 5698 5699 5700 5701 5702 5703 5704 5705 5706 5707 5708 5709 5710 5711 5712 5713 5714 5715 5716 5717 5718 5719 5720 5721 5722 5723 5724 5725 5726 5727 5728 5729 5730 5731 5732 5733 5734 5735 5736 5737 5738 5739 5740 5741 5742 5743 5744 5745 5746 5747 5748 5749 5750 5751 5752 5753 5754 5755 5756 5757 5758 5759 5760 5761 5762 5763 5764 5765 5766 5767 5768 5769 5770 5771 5772 5773 5774 5775 5776 5777 5778 5779 5780 5781 5782 5783 5784 5785 5786 5787 5788 5789 5790 5791 5792 5793 5794 5795 5796 5797 5798 5799 5800 5801 5802 5803 5804 5805 5806 5807 5808 5809 5810 5811 5812 5813 5814 5815 5816 5817 5818 5819 5820 5821 5822 5823 5824 5825 5826 5827 5828 5829 5830 5831 5832 5833 5834 5835 5836 5837 5838 5839 5840 5841 5842 5843 5844 5845 5846 5847 5848 5849 5850 5851 5852 5853 5854 5855 5856 5857 5858 5859 5860 5861 5862 5863 5864 5865 5866 5867 5868 5869 5870 5871 5872 5873 5874 5875 5876 5877 5878 5879 5880 5881 5882 5883 5884 5885 5886 5887 5888 5889 5890 5891 5892 5893 5894 5895 5896 5897 5898 5899 5900 5901 5902 5903 5904 5905 5906 5907 5908 5909 5910 5911 5912 5913 5914 5915 5916 5917 5918 5919 5920 5921 5922 5923 5924 5925 5926 5927 5928 5929 5930 5931 5932 5933 5934 5935 5936 5937 5938 5939 5940 5941 5942 5943 5944 5945 5946 5947 5948 5949 5950 5951 5952 5953 5954 5955 5956 5957 5958 5959 5960 5961 5962 5963 5964 5965 5966 5967 5968 5969 5970 5971 5972 5973 5974 5975 5976 5977 5978 5979 5980 5981 5982 5983 5984 5985 5986 5987 5988 5989 5990 5991 5992 5993 5994 5995 5996 5997 5998 5999 6000 6001 6002 6003 6004 6005 6006 6007 6008 6009 6010 6011 6012 6013 6014 6015 6016 6017 6018 6019 6020 6021 6022 6023 6024 6025 6026 6027 6028 6029 6030 6031 6032 6033 6034 6035 6036 6037 6038 6039 6040 6041 6042 6043 6044 6045 6046 6047 6048 6049 6050 6051 6052 6053 6054 6055 6056 6057 6058 6059 6060 6061 6062 6063 6064 6065 6066 6067 6068 6069 6070 6071 6072 6073 6074 6075 6076 6077 6078 6079 6080 6081 6082 6083 6084 6085 6086 6087 6088 6089 6090 6091 6092 6093 6094 6095 6096 6097 6098 6099 6100 6101 6102 6103 6104 6105 6106 6107 6108 6109 6110 6111 6112 6113 6114 6115 6116 6117 6118 6119 6120 6121 6122 6123 6124 6125 6126 6127 6128 6129 6130 6131 6132 6133 6134 6135 6136 6137 6138 6139 6140 6141 6142 6143 6144 6145 6146 6147 6148 6149 6150 6151 6152 6153 6154 6155 6156 6157 6158 6159 6160 6161 6162 6163 6164 6165 6166 6167 6168 6169 6170 6171 6172 6173 6174 6175 6176 6177 6178 6179 6180 6181 6182 6183 6184 6185 6186 6187 6188 6189 6190 6191 6192 6193 6194 6195 6196 6197 6198 6199 6200 6201 6202 6203 6204 6205 6206 6207 6208 6209 6210 6211 6212 6213 6214 6215 6216 6217 6218 6219 6220 6221 6222 6223 6224 6225 6226 6227 6228 6229 6230 6231 6232 6233 6234 6235 6236 6237 6238 6239 6240 6241 6242 6243 6244 6245 6246 6247 6248 6249 6250 6251 6252 6253 6254 6255 6256 6257 6258 6259 6260 6261 6262 6263 6264 6265 6266 6267 6268 6269 6270 6271 6272 6273 6274 6275 6276 6277 6278 6279 6280 6281 6282 6283 6284 6285 6286 6287 6288 6289 6290 6291 6292 6293
1096 6294 6295 6296 6297 6298 6299 6300 6301 6302 6303 6304 6305 6306 6307 6308 6309 6310 6311 6312 6313 6314 6315 6316 6317 6318 6319 6320 6321 6322 6323 6324 6325 6326 6327 6328 6329 6330 6331 6332 6333 6334 6335 6336 6337 6338 6339 6340 6341 6342 6343 6344 6345 6346 6347 6348 6349 6350 6351 6352 6353 6354 6355 6356 6357 6358 6359 6360 6361 6362 6363 6364 6365 6366 6367 6368 6369 6370 6371 6372 6373 6374 6375 6376 6377 6378 6379 6380 6381 6382 6383 6384 6385 6386 6387 6388 6389 6390 6391 6392 6393 6394 6395 6396 6397 6398 6399 6400 6401 6402 6403 6404 6405 6406 6407 6408 6409 6410 6411 6412 6413 6414 6415 6416 6417 6418 6419 6420 6421 6422 6423 6424 6425 6426 6427 6428 6429 6430 6431 6432 6433 6434 6435 6436 6437 6438 6439 6440 6441 6442 6443 6444 6445 6446 6447 6448 6449 6450 6451 6452 6453 6454 6455 6456 6457 6458 6459 6460 6461 6462 6463 6464 6465 6466 6467 6468 6469 6470 6471 6472 6473 6474 6475 6476 6477 6478 6479 6480 6481 6482 6483 6484 6485 6486 6487 6488 6489 6490 6491 6492 6493 6494 6495 6496 6497 6498 6499 6500 6501 6502 6503 6504 6505 6506 6507 6508 6509 6510 6511 6512 6513 6514 6515 6516 6517 6518 6519 6520 6521 6522 6523 6524 6525 6526 6527 6528 6529 6530 6531 6532 6533 6534 6535 6536 6537 6538 6539 6540 6541 6542 6543 6544 6545 6546 6547 6548 6549 6550 6551 6552 6553 6554 6555 6556 6557 6558 6559 6560 6561 6562 6563 6564 6565 6566 6567 6568 6569 6570 6571 6572 6573 6574 6575 6576 6577 6578 6579 6580 6581 6582 6583 6584 6585 6586 6587 6588 6589 6590 6591 6592 6593 6594 6595 6596 6597 6598 6599 6600 6601 6602 6603 6604 6605 6606 6607 6608 6609 6610 6611 6612 6613 6614 6615 6616 6617 6618 6619 6620 6621 6622 6623 6624 6625 6626 6627 6628 6629 6630 6631 6632 6633 6634 6635 6636 6637 6638 6639 6640 6641 6642 6643 6644 6645 6646 6647 6648 6649 6650 6651 6652 6653 6654 6655 6656 6657 6658 6659 6660 6661 6662 6663 6664 6665 6666 6667 6668 6669 6670 6671 6672 6673 6674 6675 6676 6677 6678 6679 6680 6681 6682 6683 6684 6685 6686 6687 6688 6689 6690 6691 6692 6693 6694 6695 6696 6697 6698 6699 6700 6701 6702 6703 6704 6705 6706 6707 6708 6709 6710 6711 6712 6713 6714 6715 6716 6717 6718 6719 6720 6721 6722 6723 6724 6725 6726 6727 6728 6729 6730 6731 6732 6733 6734 6735 6736 6737 6738 6739 6740 6741 6742 6743 6744 6745 6746 6747 6748 6749 6750 6751 6752 6753 6754 6755 6756 6757 6758 6759 6760 6761 6762 6763 6764 6765 6766 6767 6768 6769 6770 6771 6772 6773 6774 6775 6776 6777 6778 6779 6780 6781 6782 6783 6784 6785 6786 6787 6788 6789 6790 6791 6792 6793 6794 6795 6796 6797 6798 6799 6800 6801 6802 6803 6804 6805 6806 6807 6808 6809 6810 6811 6812 6813 6814 6815 6816 6817 6818 6819 6820 6821 6822 6823 6824 6825 6826 6827 6828 6829 6830 6831 6832 6833 6834 6835 6836 6837 6838 6839 6840 6841 6842 6843 6844 6845 6846 6847 6848 6849 6850 6851 6852 6853 6854 6855 6856 6857 6858 6859 6860 6861 6862 6863 6864 6865 6866 6867 6868 6869 6870 6871 6872 6873 6874 6875 6876 6877 6878 6879 6880 6881 6882 6883 6884 6885 6886 6887 6888 6889 6890 6891 6892 6893 6894 6895 6896 6897 6898 6899 6900 6901 6902 6903 6904 6905 6906 6907 6908 6909 6910 6911 6912 6913 6914 6915 6916 6917 6918 6919 6920 6921 6922 6923 6924 6925 6926 6927 6928 6929 6930 6931 6932 6933 6934 6935 6936 6937 6938 6939 6940 6941 6942 6943 6944 6945 6946 6947 6948 6949 6950 6951 6952 6953 6954 6955 6956 6957 6958 6959 6960 6961 6962 6963 6964 6965 6966 6967 6968 6969 6970 6971 6972 6973 6974 6975 6976 6977 6978 6979 6980 6981 6982 6983 6984 6985 6986 6987 6988 6989 6990 6991 6992 6993 6994 6995 6996 6997 6998 6999 7000 7001 7002 7003 7004 7005 7006 7007 7008 7009 7010 7011 7012 7013 7014 7015 7016 7017 7018 7019 7020 7021 7022 7023 7024 7025 7026 7027 7028 7029 7030 7031 7032 7033 7034 7035 7036 7037 7038 7039 7040 7041 7042 7043 7044 7045 7046 7047 7048 7049 7050 7051 7052 7053 7054 7055 7056 7057 7058 7059 7060 7061 7062 7063 7064 7065 7066 7067 7068 7069 7070 7071 7072 7073 7074 7075 7076 7077 7078 7079 7080 7081 7082 7083 7084 7085 7086 7087 7088 7089 7090 7091 7092 7093 7094 7095 7096 7097 7098 7099 7100 7101 7102 7103 7104 7105 7106 7107 7108 7109 7110 7111 7112 7113 7114 7115 7116 7117 7118 7119 7120 7121 7122 7123 7124 7125 7126 7127 7128 7129 7130 7131 7132 7133 7134 7135 7136 7137 7138 7139 7140 7141 7142 7143 7144 7145 7146 7147 7148 7149 7150 7151 7152 7153 7154 7155 7156 7157 7158 7159 7160 7161 7162 7163 7164 7165 7166 7167 7168 7169 7170 7171 7172 7173 7174 7175 7176 7177 7178 7179 7180 7181 7182 7183 7184 7185 7186 7187 7188 7189 7190 7191 7192 7193 7194 7195 7196 7197 7198 7199 7200 7201 7202 7203 7204 7205 7206 7207 7208 7209 7210 7211 7212 7213 7214 7215 7216 7217 7218 7219 7220 7221 7222 7223 7224 7225 7226 7227 7228 7229 7230 7231 7232 7233 7234 7235 7236 7237 7238 7239 7240 7241 7242 7243 7244 7245 7246 7247 7248 7249 7250 7251 7252 7253 7254 7255 7256 7257 7258 7259 7260 7261 7262 7263 7264 7265 7266 7267 7268 7269 7270 7271 7272 7273 7274 7275 7276 7277 7278 7279 7280 7281 7282 7283 7284 7285 7286 7287 7288 7289 7290 7291 7292 7293 7294 7295 7296 7297 7298 7299 7300 7301 7302 7303 7304 7305 7306 7307 7308 7309 7310 7311 7312 7313 7314 7315 7316 7317 7318 7319 7320 7321 7322 7323 7324 7325 7326 7327 7328 7329 7330 7331 7332 7333 7334 7335 7336 7337 7338 7339 7340 7341 7342 7343 7344 7345 7346 7347 7348 7349 7350 7351 7352 7353 7354 7355 7356 7357 7358 7359 7360 7361 7362 7363 7364 7365 7366 7367 7368 7369 7370 7371 7372 7373 7374 7375 7376 7377 7378 7379 7380 7381 7382 7383 7384 7385 7386 7387 7388 7389
1191 7390 7391 7392 7393 7394 7395 7396 7397 7398 7399 7400 7401 7402 7403 7404 7405 7406 7407 7408 7409 7410 7411 7412 7413 7414 7415 7416 7417 7418 7419 7420 7421 7422 7423 7424 7425 7426 7427 7428 7429 7430 7431 7432 7433 7434 7435 7436 7437 7438 7439 7440 7441 7442 7443 7444 7445 7446 7447 7448 7449 7450 7451 7452 7453 7454 7455 7456 7457 7458 7459 7460 7461 7462 7463 7464 7465 7466 7467 7468 7469 7470 7471 7472 7473 7474 7475 7476 7477 7478 7479 7480 7481 7482 7483 7484 7485 7486 7487 7488 7489 7490 7491 7492 7493 7494 7495 7496 7497 7498 7499 7500 7501 7502 7503 7504 7505 7506 7507 7508 7509 7510 7511 7512 7513 7514 7515 7516 7517 7518 7519 7520 7521 7522 7523 7524 7525 7526 7527 7528 7529 7530 7531 7532 7533 7534 7535 7536 7537 7538 7539 7540 7541 7542 7543 7544 7545 7546 7547 7548 7549 7550 7551 7552 7553 7554 7555 7556 7557 7558 7559 7560 7561 7562 7563 7564 7565 7566 7567 7568 7569 7570 7571 7572 7573 7574 7575 7576 7577 7578 7579 7580 7581 7582 7583 7584 7585 7586 7587 7588 7589 7590 7591 7592 7593 7594 7595 7596 7597 7598 7599 7600 7601 7602 7603 7604 7605 7606 7607 7608 7609 7610 7611 7612 7613 7614 7615 7616 7617 7618 7619 7620 7621 7622 7623 7624 7625 7626 7627 7628 7629 7630 7631 7632 7633 7634 7635 7636 7637 7638 7639 7640 7641 7642 7643 7644 7645 7646 7647 7648 7649 7650 7651 7652 7653 7654 7655 7656 7657 7658 7659 7660 7661 7662 7663 7664 7665 7666 7667 7668 7669 7670 7671 7672 7673 7674 7675 7676 7677 7678 7679 7680 7681 7682 7683 7684 7685 7686 7687 7688 7689 7690 7691 7692 7693 7694 7695 7696 7697 7698 7699 7700 7701 7702 7703 7704 7705 7706 7707 7708 7709 7710 7711 7712 7713 7714 7715 7716 7717 7718 7719 7720 7721 7722 7723 7724 7725 7726 7727 7728 7729 7730 7731 7732 7733 7734 7735 7736 7737 7738 7739 7740 7741 7742 7743 7744 7745 7746 7747 7748 7749 7750 7751 7752 7753 7754 7755 7756 7757 7758 7759 7760 7761 7762 7763 7764 7765 7766 7767 7768 7769 7770 7771 7772 7773 7774 7775 7776 7777 7778 7779 7780 7781 7782 7783 7784 7785 7786 7787 7788 7789 7790 7791 7792 7793 7794 7795 7796 7797 7798 7799 7800 7801 7802 7803 7804 7805 7806 7807 7808 7809 7810 7811 7812 7813 7814 7815 7816 7817 7818 7819 7820 7821 7822 7823 7824 7825 7826 7827 7828 7829 7830 7831 7832 7833 7834 7835 7836 7837 7838 7839 7840 7841 7842 7843 7844 7845 7846 7847 7848 7849 7850 7851 7852 7853 7854 7855 7856 7857 7858 7859 7860 7861 7862 7863 7864 7865 7866 7867 7868 7869 7870 7871 7872 7873 7874 7875 7876 7877 7878 7879 7880 7881 7882 7883 7884 7885 7886 7887 7888 7889 7890 7891 7892 7893 7894 7895 7896 7897 7898 7899 7900 7901 7902 7903 7904 7905 7906 7907 7908 7909 7910 7911 7912 7913 7914 7915 7916 7917 7918 7919 7920 7921 7922 7923 7924 7925 7926 7927 7928 7929 7930 7931 7932 7933 7934 7935 7936 7937 7938 7939 7940 7941 7942 7943 7944 7945 7946 7947 7948 7949 7950 7951 7952 7953 7954 7955 7956 7957 7958 7959 7960 7961 7962 7963 7964 7965 7966 7967 7968 7969 7970 7971 7972 7973 7974 7975 7976 7977 7978 7979 7980 7981 7982 7983 7984 7985 7986 7987 7988 7989 7990 7991 7992 7993 7994 7995 7996 7997 7998 7999 8000 8001 8002 8003 8004 8005 8006 8007 8008 8009 8010 8011 8012 8013 8014 8015 8016 8017 8018 8019 8020 8021 8022 8023 8024 8025 8026 8027 8028 8029 8030 8031 8032 8033 8034 8035 8036 8037 8038 8039 8040 8041 8042 8043 8044 8045 8046 8047 8048 8049 8050 8051 8052 8053 8054 8055 8056 8057 8058 8059 8060 8061 8062 8063 8064 8065 8066 8067 8068 8069 8070 8071 8072 8073 8074 8075 8076 8077 8078 8079 8080 8081 8082 8083 8084 8085 8086 8087 8088 8089 8090 8091 8092 8093 8094 8095 8096 8097 8098 8099 8100 8101 8102 8103 8104 8105 8106 8107 8108 8109 8110 8111 8112 8113 8114 8115 8116 8117 8118 8119 8120 8121 8122 8123 8124 8125 8126 8127 8128 8129 8130 8131 8132 8133 8134 8135 8136 8137 8138 8139 8140 8141 8142 8143 8144 8145 8146 8147 8148 8149 8150 8151 8152 8153 8154 8155 8156 8157 8158 8159 8160 8161 8162 8163 8164 8165 8166 8167 8168 8169 8170 8171 8172 8173 8174 8175 8176 8177 8178 8179 8180 8181 8182 8183 8184 8185 8186 8187 8188 8189 8190 8191 8192 8193 8194 8195 8196 8197 8198 8199 8200 8201 8202 8203 8204 8205 8206 8207 8208 8209 8210 8211 8212 8213 8214 8215 8216 8217 8218 8219 8220 8221 8222 8223 8224 8225 8226 8227 8228 8229 8230 8231 8232 8233 8234 8235 8236 8237 8238 8239 8240 8241 8242 8243 8244 8245 8246 8247 8248 8249 8250 8251 8252 8253 8254 8255 8256 8257 8258 8259 8260 8261 8262 8263 8264 8265 8266 8267 8268 8269 8270 8271 8272 8273 8274 8275 8276 8277 8278 8279 8280 8281 8282 8283 8284 8285 8286 8287 8288 8289 8290 8291 8292 8293 8294 8295 8296 8297 8298 8299 8300 8301 8302 8303 8304 8305 8306 8307 8308 8309 8310 8311 8312 8313 8314 8315 8316 8317 8318 8319 8320 8321 8322 8323 8324 8325 8326 8327 8328 8329 8330 8331 8332 8333 8334 8335 8336 8337 8338 8339 8340 8341 8342 8343 8344 8345 8346 8347 8348 8349 8350 8351 8352 8353 8354 8355 8356 8357 8358 8359 8360 8361 8362 8363 8364 8365 8366 8367 8368 8369 8370 8371 8372 8373 8374 8375 8376 8377 8378 8379 8380 8381 8382 8383 8384 8385 8386 8387 8388 8389 8390 8391 8392 8393 8394 8395 8396 8397 8398 8399 8400 8401 8402 8403 8404 8405 8406 8407 8408 8409 8410 8411 8412 8413 8414 8415 8416 8417 8418 8419 8420 8421 8422 8423 8424 8425 8426 8427 8428 8429 8430 8431 8432 8433 8434 8435 8436 8437 8438 8439 8440 8441 8442 8443 8444 8445 8446 8447 8448 8449 8450 8451 8452 8453 8454 8455 8456 8457 8458 8459 8460 8461 8462 8463 8464 8465 8466 8467 8468 8469 8470 8471 8472 8473 8474 8475 8476 8477 8478 8479 8480 8481 8482 8483 8484 8485 8486 8487 8488 8489 8490 8491 8492 8493 8494 8495 8496 8497 8498 8499 8500 8501 8502 8503 8504 8505 8506 8507 8508 8509 8510 8511 8512 8513 8514 8515 8516 8517 8518 8519 8520 8521 8522 8523 8524 8525 8526 8527 8528 8529 8530 8531 8532 8533 8534 8535 8536 8537 8538 8539 8540 8541 8542 8543 8544 8545 8546 8547 8548 8549 8550 8551 8552 8553 8554 8555 8556 8557 8558 8559 8560 8561 8562 8563 8564 8565 8566 8567 8568 8569 8570 8571 8572 8573 8574 8575 8576 8577 8578 8579 8580
1086 8581 8582 8583 8584 8585 8586 8587 8588 8589 8590 8591 8592 8593 8594 8595 8596 8597 8598 8599 8600 8601 8602 8603 8604 8605 8606 8607 8608 8609 8610 8611 8612 8613 8614 8615 8616 8617 8618 8619 8620 8621 8622 8623 8624 8625 8626 8627 8628 8629 8630 8631 8632 8633 8634 8635 8636 8637 8638 8639 8640 8641 8642 8643 8644 8645 8646 8647 8648 8649 8650 8651 8652 8653 8654 8655 8656 8657 8658 8659 8660 8661 8662 8663 8664 8665 8666 8667 8668 8669 8670 8671 8672 8673 8674 8675 8676 8677 8678 8679 8680 8681 8682 8683 8684 8685 8686 8687 8688 8689 8690 8691 8692 8693 8694 8695 8696 8697 8698 8699 8700 8701 8702 8703 8704 8705 8706 8707 8708 8709 8710 8711 8712 8713 8714 8715 8716 8717 8718 8719 8720 8721 8722 8723 8724 8725 8726 8727 8728 8729 8730 8731 8732 8733 8734 8735 8736 8737 8738 8739 8740 8741 8742 8743 8744 8745 8746 8747 8748 8749 8750 8751 8752 8753 8754 8755 8756 8757 8758 8759 8760 8761 8762 8763 8764 8765 8766 8767 8768 8769 8770 8771 8772 8773 8774 8775 8776 8777 8778 8779 8780 8781 8782 8783 8784 8785 8786 8787 8788 8789 8790 8791 8792 8793 8794 8795 8796 8797 8798 8799 8800 8801 8802 8803 8804 8805 8806 8807 8808 8809 8810 8811 8812 8813 8814 8815 8816 8817 8818 8819 8820 8821 8822 8823 8824 8825 8826 8827 8828 8829 8830 8831 8832 8833 8834 8835 8836 8837 8838 8839 8840 8841 8842 8843 8844 8845 8846 8847 8848 8849 8850 8851 8852 8853 8854 8855 8856 8857 8858 8859 8860 8861 8862 8863 8864 8865 8866 8867 8868 8869 8870 8871 8872 8873 8874 8875 8876 8877 8878 8879 8880 8881 8882 8883 8884 8885 8886 8887 8888 8889 8890 8891 8892 8893 8894 8895 8896 8897 8898 8899 8900 8901 8902 8903 8904 8905 8906 8907 8908 8909 8910 8911 8912 8913 8914 8915 8916 8917 8918 8919 8920 8921 8922 8923 8924 8925 8926 8927 8928 8929 8930 8931 8932 8933 8934 8935 8936 8937 8938 8939 8940 8941 8942 8943 8944 8945 8946 8947 8948 8949 8950 8951 8952 8953 8954 8955 8956 8957 8958 8959 8960 8961 8962 8963 8964 8965 8966 8967 8968 8969 8970 8971 8972 8973 8974 8975 8976 8977 8978 8979 8980 8981 8982 8983 8984 8985 8986 8987 8988 8989 8990 8991 8992 8993 8994 8995 8996 8997 8998 8999 9000 9001 9002 9003 9004 9005 9006 9007 9008 9009 9010 9011 9012 9013 9014 9015 9016 9017 9018 9019 9020 9021 9022 9023 9024 9025 9026 9027 9028 9029 9030 9031 9032 9033 9034 9035 9036 9037 9038 9039 9040 9041 9042 9043 9044 9045 9046 9047 9048 9049 9050 9051 9052 9053 9054 9055 9056 9057 9058 9059 9060 9061 9062 9063 9064 9065 9066 9067 9068 9069 9070 9071 9072 9073 9074 9075 9076 9077 9078 9079 9080 9081 9082 9083 9084 9085 9086 9087 9088 9089 9090 9091 9092 9093 9094 9095 9096 9097 9098 9099 9100 9101 9102 9103 9104 9105 9106 9107 9108 9109 9110 9111 9112 9113 9114 9115 9116 9117 9118 9119 9120 9121 9122 9123 9124 9125 9126 9127 9128 9129 9130 9131 9132 9133 9134 9135 9136 9137 9138 9139 9140 9141 9142 9143 9144 9145 9146 9147 9148 9149 9150 9151 9152 9153 9154 9155 9156 9157 9158 9159 9160 9161 9162 9163 9164 9165 9166 9167 9168 9169 9170 9171 9172 9173 9174 9175 9176 9177 9178 9179 9180 9181 9182 9183 9184 9185 9186 9187 9188 9189 9190 9191 9192 9193 9194 9195 9196 9197 9198 9199 9200 9201 9202 9203 9204 9205 9206 9207 9208 9209 9210 9211 9212 9213 9214 9215 9216 9217 9218 9219 9220 9221 9222 9223 9224 9225 9226 9227 9228 9229 9230 9231 9232 9233 9234 9235 9236 9237 9238 9239 9240 9241 9242 9243 9244 9245 9246 9247 9248 9249 9250 9251 9252 9253 9254 9255 9256 9257 9258 9259 9260 9261 9262 9263 9264 9265 9266 9267 9268 9269 9270 9271 9272 9273 9274 9275 9276 9277 9278 9279 9280 9281 9282 9283 9284 9285 9286 9287 9288 9289 9290 9291 9292 9293 9294 9295 9296 9297 9298 9299 9300 9301 9302 9303 9304 9305 9306 9307 9308 9309 9310 9311 9312 9313 9314 9315 9316 9317 9318 9319 9320 9321 9322 9323 9324 9325 9326 9327 9328 9329 9330 9331 9332 9333 9334 9335 9336 9337 9338 9339 9340 9341 9342 9343 9344 9345 9346 9347 9348 9349 9350 9351 9352 9353 9354 9355 9356 9357 9358 9359 9360 9361 9362 9363 9364 9365 9366 9367 9368 9369 9370 9371 9372 9373 9374 9375 9376 9377 9378 9379 9380 9381 9382 9383 9384 9385 9386 9387 9388 9389 9390 9391 9392 9393 9394 9395 9396 9397 9398 9399 9400 9401 9402 9403 9404 9405 9406 9407 9408 9409 9410 9411 9412 9413 9414 9415 9416 9417 9418 9419 9420 9421 9422 9423 9424 9425 9426 9427 9428 9429 9430 9431 9432 9433 9434 9435 9436 9437 9438 9439 9440 9441 9442 9443 9444 9445 9446 9447 9448 9449 9450 9451 9452 9453 9454 9455 9456 9457 9458 9459 9460 9461 9462 9463 9464 9465 9466 9467 9468 9469 9470 9471 9472 9473 9474 9475 9476 9477 9478 9479 9480 9481 9482 9483 9484 9485 9486 9487 9488 9489 9490 9491 9492 9493 9494 9495 9496 9497 9498 9499 9500 9501 9502 9503 9504 9505 9506 9507 9508 9509 9510 9511 9512 9513 9514 9515 9516 9517 9518 9519 9520 9521 9522 9523 9524 9525 9526 9527 9528 9529 9530 9531 9532 9533 9534 9535 9536 9537 9538 9539 9540 9541 9542 9543 9544 9545 9546 9547 9548 9549 9550 9551 9552 9553 9554 9555 9556 9557 9558 9559 9560 9561 9562 9563 9564 9565 9566 9567 9568 9569 9570 9571 9572 9573 9574 9575 9576 9577 9578 9579 9580 9581 9582 9583 9584 9585 9586 9587 9588 9589 9590 9591 9592 9593 9594 9595 9596 9597 9598 9599 9600 9601 9602 9603 9604 9605 9606 9607 9608 9609 9610 9611 9612 9613 9614 9615 9616 9617 9618 9619 9620 9621 9622 9623 9624 9625 9626 9627 9628 9629 9630 9631 9632 9633 9634 9635 9636 9637 9638 9639 9640 9641 9642 9643 9644 9645 9646 9647 9648 9649 9650 9651 9652 9653 9654 9655 9656 9657 9658 9659 9660 9661 9662 9663 9664 9665 9666
1126 9667 9668 9669 9670 9671 9672 9673 9674 9675 9676 9677 9678 9679 9680 9681 9682 9683 9684 9685 9686 9687 9688 9689 9690 9691 9692 9693 9694 9695 9696 9697 9698 9699 9700 9701 9702 9703 9704 9705 9706 9707 9708 9709 9710 9711 9712 9713 9714 9715 9716 9717 9718 9719 9720 9721 9722 9723 9724 9725 9726 9727 9728 9729 9730 9731 9732 9733 9734 9735 9736 9737 9738 9739 9740 9741 9742 9743 9744 9745 9746 9747 9748 9749 9750 9751 9752 9753 9754 9755 9756 9757 9758 9759 9760 9761 9762 9763 9764 9765 9766 9767 9768 9769 9770 9771 9772 9773 9774 9775 9776 9777 9778 9779 9780 9781 9782 9783 9784 9785 9786 9787 9788 9789 9790 9791 9792 9793 9794 9795 9796 9797 9798 9799 9800 9801 9802 9803 9804 9805 9806 9807 9808 9809 9810 9811 9812 9813 9814 9815 9816 9817 9818 9819 9820 9821 9822 9823 9824 9825 9826 9827 9828 9829 9830 9831 9832 9833 9834 9835 9836 9837 9838 9839 9840 9841 9842 9843 9844 9845 9846 9847 9848 9849 9850 9851 9852 9853 9854 9855 9856 9857 9858 9859 9860 9861 9862 9863 9864 9865 9866 9867 9868 9869 9870 9871 9872 9873 9874 9875 9876 9877 9878 9879 9880 9881 9882 9883 9884 9885 9886 9887 9888 9889 9890 9891 9892 9893 9894 9895 9896 9897 9898 9899 9900 9901 9902 9903 9904 9905 9906 9907 9908 9909 9910 9911 9912 9913 9914 9915 9916 9917 9918 9919 9920 9921 9922 9923 9924 9925 9926 9927 9928 9929 9930 9931 9932 9933 9934 9935 9936 9937 9938 9939 9940 9941 9942 9943 9944 9945 9946 9947 9948 9949 9950 9951 9952 9953 9954 9955 9956 9957 9958 9959 9960 9961 9962 9963 9964 9965 9966 9967 9968 9969 9970 9971 9972 9973 9974 9975 9976 9977 9978 9979 9980 9981 9982 9983 9984 9985 9986 9987 9988 9989 9990 9991 9992 9993 9994 9995 9996 9997 9998 9999 10000 10001 10002 10003 10004 10005 10006 10007 10008 10009 10010 10011 10012 10013 10014 10015 10016 10017 10018 10019 10020 10021 10022 10023 10024 10025 10026 10027 10028 10029 10030 10031 10032 10033 10034 10035 10036 10037 10038 10039 10040 10041 10042 10043 10044 10045 10046 10047 10048 10049 10050 10051 10052 10053 10054 10055 10056 10057 10058 10059 10060 10061 10062 10063 10064 10065 10066 10067 10068 10069 10070 10071 10072 10073 10074 10075 10076 10077 10078 10079 10080 10081 10082 10083 10084 10085 10086 10087 10088 10089 10090 10091 10092 10093 10094 10095 10096 10097 10098 10099 10100 10101 10102 10103 10104 10105 10106 10107 10108 10109 10110 10111 10112 10113 10114 10115 10116 10117 10118 10119 10120 10121 10122 10123 10124 10125 10126 10127 10128 10129 10130 10131 10132 10133 10134 10135 10136 10137 10138 10139 10140 10141 10142 10143 10144 10145 10146 10147 10148 10149 10150 10151 10152 10153 10154 10155 10156 10157 10158 10159 10160 10161 10162 10163 10164 10165 10166 10167 10168 10169 10170 10171 10172 10173 10174 10175 10176 10177 10178 10179 10180 10181 10182 10183 10184 10185 10186 10187 10188 10189 10190 10191 10192 10193 10194 10195 10196 10197 10198 10199 10200 10201 10202 10203 10204 10205 10206 10207 10208 10209 10210 10211 10212 10213 10214 10215 10216 10217 10218 10219 10220 10221 10222 10223 10224 10225 10226 10227 10228 10229 10230 10231 10232 10233 10234 10235 10236 10237 10238 10239 10240 10241 10242 10243 10244 10245 10246 10247 10248 10249 10250 10251 10252 10253 10254 10255 10256 10257 10258 10259 10260 10261 10262 10263 10264 10265 10266 10267 10268 10269 10270 10271 10272 10273 10274 10275 10276 10277 10278 10279 10280 10281 10282 10283 10284 10285 10286 10287 10288 10289 10290 10291 10292 10293 10294 10295 10296 10297 10298 10299 10300 10301 10302 10303 10304 10305 10306 10307 10308 10309 10310 10311 10312 10313 10314 10315 10316 10317 10318 10319 10320 10321 10322 10323 10324 10325 10326 10327 10328 10329 10330 10331 10332 10333 10334 10335 10336 10337 10338 10339 10340 10341 10342 10343 10344 10345 10346 10347 10348 10349 10350 10351 10352 10353 10354 10355 10356 10357 10358 10359 10360 10361 10362 10363 10364 10365 10366 10367 10368 10369 10370 10371 10372 10373 10374 10375 10376 10377 10378 10379 10380 10381 10382 10383 10384 10385 10386 10387 10388 10389 10390 10391 10392 10393 10394 10395 10396 10397 10398 10399 10400 10401 10402 10403 10404 10405 10406 10407 10408 10409 10410 10411 10412 10413 10414 10415 10416 10417 10418 10419 10420 10421 10422 10423 10424 10425 10426 10427 10428 10429 10430 10431 10432 10433 10434 10435 10436 10437 10438 10439 10440 10441 10442 10443 10444 10445 10446 10447 10448 10449 10450 10451 10452 10453 10454 10455 10456 10457 10458 10459 10460 10461 10462 10463 10464 10465 10466 10467 10468 10469 10470 10471 10472 10473 10474 10475 10476 10477 10478 10479 10480 10481 10482 10483 10484 10485 10486 10487 10488 10489 10490 10491 10492 10493 10494 10495 10496 10497 10498 10499 10500 10501 10502 10503 10504 10505 10506 10507 10508 10509 10510 10511 10512 10513 10514 10515 10516 10517 10518 10519 10520 10521 10522 10523 10524 10525 10526 10527 10528 10529 10530 10531 10532 10533 10534 10535 10536 10537 10538 10539 10540 10541 10542 10543 10544 10545 10546 10547 10548 10549 10550 10551 10552 10553 10554 10555 10556 10557 10558 10559 10560 10561 10562 10563 10564 10565 10566 10567 10568 10569 10570 10571 10572 10573 10574 10575 10576 10577 10578 10579 10580 10581 10582 10583 10584 10585 10586 10587 10588 10589 10590 10591 10592 10593 10594 10595 10596 10597 10598 10599 10600 10601 10602 10603 10604 10605 10606 10607 10608 10609 10610 10611 10612 10613 10614 10615 10616 10617 10618 10619 10620 10621 10622 10623 10624 10625 10626 10627 10628 10629 10630 10631 10632 10633 10634 10635 10636 10637 10638 10639 10640 10641 10642 10643 10644 10645 10646 10647 10648 10649 10650 10651 10652 10653 10654 10655 10656 10657 10658 10659 10660 10661 10662 10663 10664 10665 10666 10667 10668 10669 10670 10671 10672 10673 10674 10675 10676 10677 10678 10679 10680 10681 10682 10683 10684 10685 10686 10687 10688 10689 10690 10691 10692 10693 10694 10695 10696 10697 10698 10699 10700 10701 10702 10703 10704 10705 10706 10707 10708 10709 10710 10711 10712 10713 10714 10715 10716 10717 10718 10719 10720 10721 10722 10723 10724 10725 10726 10727 10728 10729 10730 10731 10732 10733 10734 10735 10736 10737 10738 10739 10740 10741 10742 10743 10744 10745 10746 10747 10748 10749 10750 10751 10752 10753 10754 10755 10756 10757 10758 10759 10760 10761 10762 10763 10764 10765 10766 10767 10768 10769 10770 10771 10772 10773 10774 10775 10776 10777 10778 10779 10780 10781 10782 10783 10784 10785 10786 10787 10788 10789 10790 10791 10792
1176 10793 10794 10795 10796 10797 10798 10799 10800 10801 10802 10803 10804 10805 10806 10807 10808 10809 10810 10811 10812 10813 10814 10815 10816 10817 10818 10819 10820 10821 10822 10823 10824 10825 10826 10827 10828 10829 10830 10831 10832 10833 10834 10835 10836 10837 10838 10839 10840 10841 10842 10843 10844 10845 10846 10847 10848 10849 10850 10851 10852 10853 10854 10855 10856 10857 10858 10859 10860 10861 10862 10863 10864 10865 10866 10867 10868 10869 10870 10871 10872 10873 10874 10875 10876 10877 10878 10879 10880 10881 10882 10883 10884 10885 10886 10887 10888 10889 10890 10891 10892 10893 10894 10895 10896 10897 10898 10899 10900 10901 10902 10903 10904 10905 10906 10907 10908 10909 10910 10911 10912 10913 10914 10915 10916 10917 10918 10919 10920 10921 10922 10923 10924 10925 10926 10927 10928 10929 10930 10931 10932 10933 10934 10935 10936 10937 10938 10939 10940 10941 10942 10943 10944 10945 10946 10947 10948 10949 10950 10951 10952 10953 10954 10955 10956 10957 10958 10959 10960 10961 10962 10963 10964 10965 10966 10967 10968 10969 10970 10971 10972 10973 10974 10975 10976 10977 10978 10979 10980 10981 10982 10983 10984 10985 10986 10987 10988 10989 10990 10991 10992 10993 10994 10995 10996 10997 10998 10999 11000 11001 11002 11003 11004 11005 11006 11007 11008 11009 11010 11011 11012 11013 11014 11015 11016 11017 11018 11019 11020 11021 11022 11023 11024 11025 11026 11027 11028 11029 11030 11031 11032 11033 11034 11035 11036 11037 11038 11039 11040 11041 11042 11043 11044 11045 11046 11047 11048 11049 11050 11051 11052 11053 11054 11055 11056 11057 11058 11059 11060 11061 11062 11063 11064 11065 11066 11067 11068 11069 11070 11071 11072 11073 11074 11075 11076 11077 11078 11079 11080 11081 11082 11083 11084 11085 11086 11087 11088 11089 11090 11091 11092 11093 11094 11095 11096 11097 11098 11099 11100 11101 11102 11103 11104 11105 11106 11107 11108 11109 11110 11111 11112 11113 11114 11115 11116 11117 11118 11119 11120 11121 11122 11123 11124 11125 11126 11127 11128 11129 11130 11131 11132 11133 11134 11135 11136 11137 11138 11139 11140 11141 11142 11143 11144 11145 11146 11147 11148 11149 11150 11151 11152 11153 11154 11155 11156 11157 11158 11159 11160 11161 11162 11163 11164 11165 11166 11167 11168 11169 11170 11171 11172 11173 11174 11175 11176 11177 11178 11179 11180 11181 11182 11183 11184 11185 11186 11187 11188 11189 11190 11191 11192 11193 11194 11195 11196 11197 11198 11199 11200 11201 11202 11203 11204 11205 11206 11207 11208 11209 11210 11211 11212 11213 11214 11215 11216 11217 11218 11219 11220 11221 11222 11223 11224 11225 11226 11227 11228 11229 11230 11231 11232 11233 11234 11235 11236 11237 11238 11239 11240 11241 11242 11243 11244 11245 11246 11247 11248 11249 11250 11251 11252 11253 11254 11255 11256 11257 11258 11259 11260 11261 11262 11263 11264 11265 11266 11267 11268 11269 11270 11271 11272 11273 11274 11275 11276 11277 11278 11279 11280 11281 11282 11283 11284 11285 11286 11287 11288 11289 11290 11291 11292 11293 11294 11295 11296 11297 11298 11299 11300 11301 11302 11303 11304 11305 11306 11307 11308 11309 11310 11311 11312 11313 11314 11315 11316 11317 11318 11319 11320 11321 11322 11323 11324 11325 11326 11327 11328 11329 11330 11331 11332 11333 11334 11335 11336 11337 11338 11339 11340 11341 11342 11343 11344 11345 11346 11347 11348 11349 11350 11351 11352 11353 11354 11355 11356 11357 11358 11359 11360 11361 11362 11363 11364 11365 11366 11367 11368 11369 11370 11371 11372 11373 11374 11375 11376 11377 11378 11379 11380 11381 11382 11383 11384 11385 11386 11387 11388 11389 11390 11391 11392 11393 11394 11395 11396 11397 11398 11399 11400 11401 11402 11403 11404 11405 11406 11407 11408 11409 11410 11411 11412 11413 11414 11415 11416 11417 11418 11419 11420 11421 11422 11423 11424 11425 11426 11427 11428 11429 11430 11431 11432 11433 11434 11435 11436 11437 11438 11439 11440 11441 11442 11443 11444 11445 11446 11447 11448 11449 11450 11451 11452 11453 11454 11455 11456 11457 11458 11459 11460 11461 11462 11463 11464 11465 11466 11467 11468 11469 11470 11471 11472 11473 11474 11475 11476 11477 11478 11479 11480 11481 11482 11483 11484 11485 11486 11487 11488 11489 11490 11491 11492 11493 11494 11495 11496 11497 11498 11499 11500 11501 11502 11503 11504 11505 11506 11507 11508 11509 11510 11511 11512 11513 11514 11515 11516 11517 11518 11519 11520 11521 11522 11523 11524 11525 11526 11527 11528 11529 11530 11531 11532 11533 11534 11535 11536 11537 11538 11539 11540 11541 11542 11543 11544 11545 11546 11547 11548 11549 11550 11551 11552 11553 11554 11555 11556 11557 11558 11559 11560 11561 11562 11563 11564 11565 11566 11567 11568 11569 11570 11571 11572 11573 11574 11575 11576 11577 11578 11579 11580 11581 11582 11583 11584 11585 11586 11587 11588 11589 11590 11591 11592 11593 11594 11595 11596 11597 11598 11599 11600 11601 11602 11603 11604 11605 11606 11607 11608 11609 11610 11611 11612 11613 11614 11615 11616 11617 11618 11619 11620 11621 11622 11623 11624 11625 11626 11627 11628 11629 11630 11631 11632 11633 11634 11635 11636 11637 11638 11639 11640 11641 11642 11643 11644 11645 11646 11647 11648 11649 11650 11651 11652 11653 11654 11655 11656 11657 11658 11659 11660 11661 11662 11663 11664 11665 11666 11667 11668 11669 11670 11671 11672 11673 11674 11675 11676 11677 11678 11679 11680 11681 11682 11683 11684 11685 11686 11687 11688 11689 11690 11691 11692 11693 11694 11695 11696 11697 11698 11699 11700 11701 11702 11703 11704 11705 11706 11707 11708 11709 11710 11711 11712 11713 11714 11715 11716 11717 11718 11719 11720 11721 11722 11723 11724 11725 11726 11727 11728 11729 11730 11731 11732 11733 11734 11735 11736 11737 11738 11739 11740 11741 11742 11743 11744 11745 11746 11747 11748 11749 11750 11751 11752 11753 11754 11755 11756 11757 11758 11759 11760 11761 11762 11763 11764 11765 11766 11767 11768 11769 11770 11771 11772 11773 11774 11775 11776 11777 11778 11779 11780 11781 11782 11783 11784 11785 11786 11787 11788 11789 11790 11791 11792 11793 11794 11795 11796 11797 11798 11799 11800 11801 11802 11803 11804 11805 11806 11807 11808 11809 11810 11811 11812 11813 11814 11815 11816 11817 11818 11819 11820 11821 11822 11823 11824 11825 11826 11827 11828 11829 11830 11831 11832 11833 11834 11835 11836 11837 11838 11839 11840 11841 11842 11843 11844 11845 11846 11847 11848 11849 11850 11851 11852 11853 11854 11855 11856 11857 11858 11859 11860 11861 11862 11863 11864 11865 11866 11867 11868 11869 11870 11871 11872 11873 11874 11875 11876 11877 11878 11879 11880 11881 11882 11883 11884 11885 11886 11887 11888 11889 11890 11891 11892 11893 11894 11895 11896 11897 11898 11899 11900 11901 11902 11903 11904 11905 11906 11907 11908 11909 11910 11911 11912 11913 11914 11915 11916 11917 11918 11919 11920 11921 11922 11923 11924 11925 11926 11927 11928 11929 11930 11931 11932 11933 11934 11935 11936 11937 11938 11939 11940 11941 11942 11943 11944 11945 11946 11947 11948 11949 11950 11951 11952 11953 11954 11955 11956 11957 11958 11959 11960 11961 11962 11963 11964 11965 11966 11967 11968
1316 11969 11970 11971 11972 11973 11974 11975 11976 11977 11978 11979 11980 11981 11982 11983 11984 11985 11986 11987 11988 11989 11990 11991 11992 11993 11994 11995 11996 11997 11998 11999 12000 12001 12002 12003 12004 12005 12006 12007 12008 12009 12010 12011 12012 12013 12014 12015 12016 12017 12018 12019 12020 12021 12022 12023 12024 12025 12026 12027 12028 12029 12030 12031 12032 12033 12034 12035 12036 12037 12038 12039 12040 12041 12042 12043 12044 12045 12046 12047 12048 12049 12050 12051 12052 12053 12054 12055 12056 12057 12058 12059 12060 12061 12062 12063 12064 12065 12066 12067 12068 12069 12070 12071 12072 12073 12074 12075 12076 12077 12078 12079 12080 12081 12082 12083 12084 12085 12086 12087 12088 12089 12090 12091 12092 12093 12094 12095 12096 12097 12098 12099 12100 12101 12102 12103 12104 12105 12106 12107 12108 12109 12110 12111 12112 12113 12114 12115 12116 12117 12118 12119 12120 12121 12122 12123 12124 12125 12126 12127 12128 12129 12130 12131 12132 12133 12134 12135 12136 12137 12138 12139 12140 12141 12142 12143 12144 12145 12146 12147 12148 12149 12150 12151 12152 12153 12154 12155 12156 12157 12158 12159 12160 12161 12162 12163 12164 12165 12166 12167 12168 12169 12170 12171 12172 12173 12174 12175 12176 12177 12178 12179 12180 12181 12182 12183 12184 12185 12186 12187 12188 12189 12190 12191 12192 12193 12194 12195 12196 12197 12198 12199 12200 12201 12202 12203 12204 12205 12206 12207 12208 12209 12210 12211 12212 12213 12214 12215 12216 12217 12218 12219 12220 12221 12222 12223 12224 12225 12226 12227 12228 12229 12230 12231 12232 12233 12234 12235 12236 12237 12238 12239 12240 12241 12242 12243 12244 12245 12246 12247 12248 12249 12250 12251 12252 12253 12254 12255 12256 12257 12258 12259 12260 12261 12262 12263 12264 12265 12266 12267 12268 12269 12270 12271 12272 12273 12274 12275 12276 12277 12278 12279 12280 12281 12282 12283 12284 12285 12286 12287 12288 12289 12290 12291 12292 12293 12294 12295 12296 12297 12298 12299 12300 12301 12302 12303 12304 12305 12306 12307 12308 12309 12310 12311 12312 12313 12314 12315 12316 12317 12318 12319 12320 12321 12322 12323 12324 12325 12326 12327 12328 12329 12330 12331 12332 12333 12334 12335 12336 12337 12338 12339 12340 12341 12342 12343 12344 12345 12346 12347 12348 12349 12350 12351 12352 12353 12354 12355 12356 12357 12358 12359 12360 12361 12362 12363 12364 12365 12366 12367 12368 12369 12370 12371 12372 12373 12374 12375 12376 12377 12378 12379 12380 12381 12382 12383 12384 12385 12386 12387 12388 12389 12390 12391 12392 12393 12394 12395 12396 12397 12398 12399 12400 12401 12402 12403 12404 12405 12406 12407 12408 12409 12410 12411 12412 12413 12414 12415 12416 12417 12418 12419 12420 12421 12422 12423 12424 12425 12426 12427 12428 12429 12430 12431 12432 12433 12434 12435 12436 12437 12438 12439 12440 12441 12442 12443 12444 12445 12446 12447 12448 12449 12450 12451 12452 12453 12454 12455 12456 12457 12458 12459 12460 12461 12462 12463 12464 12465 12466 12467 12468 12469 12470 12471 12472 12473 12474 12475 12476 12477 12478 12479 12480 12481 12482 12483 12484 12485 12486 12487 12488 12489 12490 12491 12492 12493 12494 12495 12496 12497 12498 12499 12500 12501 12502 12503 12504 12505 12506 12507 12508 12509 12510 12511 12512 12513 12514 12515 12516 12517 12518 12519 12520 12521 12522 12523 12524 12525 12526 12527 12528 12529 12530 12531 12532 12533 12534 12535 12536 12537 12538 12539 12540 12541 12542 12543 12544 12545 12546 12547 12548 12549 12550 12551 12552 12553 12554 12555 12556 12557 12558 12559 12560 12561 12562 12563 12564 12565 12566 12567 12568 12569 12570 12571 12572 12573 12574 12575 12576 12577 12578 12579 12580 12581 12582 12583 12584 12585 12586 12587 12588 12589 12590 12591 12592 12593 12594 12595 12596 12597 12598 12599 12600 12601 12602 12603 12604 12605 12606 12607 12608 12609 12610 12611 12612 12613 12614 12615 12616 12617 12618 12619 12620 12621 12622 12623 12624 12625 12626 12627 12628 12629 12630 12631 12632 12633 12634 12635 12636 12637 12638 12639 12640 12641 12642 12643 12644 12645 12646 12647 12648 12649 12650 12651 12652 12653 12654 12655 12656 12657 12658 12659 12660 12661 12662 12663 12664 12665 12666 12667 12668 12669 12670 12671 12672 12673 12674 12675 12676 12677 12678 12679 12680 12681 12682 12683 12684 12685 12686 12687 12688 12689 12690 12691 12692 12693 12694 12695 12696 12697 12698 12699 12700 12701 12702 12703 12704 12705 12706 12707 12708 12709 12710 12711 12712 12713 12714 12715 12716 12717 12718 12719 12720 12721 12722 12723 12724 12725 12726 12727 12728 12729 12730 12731 12732 12733 12734 12735 12736 12737 12738 12739 12740 12741 12742 12743 12744 12745 12746 12747 12748 12749 12750 12751 12752 12753 12754 12755 12756 12757 12758 12759 12760 12761 12762 12763 12764 12765 12766 12767 12768 12769 12770 12771 12772 12773 12774 12775 12776 12777 12778 12779 12780 12781 12782 12783 12784 12785 12786 12787 12788 12789 12790 12791 12792 12793 12794 12795 12796 12797 12798 12799 12800 12801 12802 12803 12804 12805 12806 12807 12808 12809 12810 12811 12812 12813 12814 12815 12816 12817 12818 12819 12820 12821 12822 12823 12824 12825 12826 12827 12828 12829 12830 12831 12832 12833 12834 12835 12836 12837 12838 12839 12840 12841 12842 12843 12844 12845 12846 12847 12848 12849 12850 12851 12852 12853 12854 12855 12856 12857 12858 12859 12860 12861 12862 12863 12864 12865 12866 12867 12868 12869 12870 12871 12872 12873 12874 12875 12876 12877 12878 12879 12880 12881 12882 12883 12884 12885 12886 12887 12888 12889 12890 12891 12892 12893 12894 12895 12896 12897 12898 12899 12900 12901 12902 12903 12904 12905 12906 12907 12908 12909 12910 12911 12912 12913 12914 12915 12916 12917 12918 12919 12920 12921 12922 12923 12924 12925 12926 12927 12928 12929 12930 12931 12932 12933 12934 12935 12936 12937 12938 12939 12940 12941 12942 12943 12944 12945 12946 12947 12948 12949 12950 12951 12952 12953 12954 12955 12956 12957 12958 12959 12960 12961 12962 12963 12964 12965 12966 12967 12968 12969 12970 12971 12972 12973 12974 12975 12976 12977 12978 12979 12980 12981 12982 12983 12984 12985 12986 12987 12988 12989 12990 12991 12992 12993 12994 12995 12996 12997 12998 12999 13000 13001 13002 13003 13004 13005 13006 13007 13008 13009 13010 13011 13012 13013 13014 13015 13016 13017 13018 13019 13020 13021 13022 13023 13024 13025 13026 13027 13028 13029 13030 13031 13032 13033 13034 13035 13036 13037 13038 13039 13040 13041 13042 13043 13044 13045 13046 13047 13048 13049 13050 13051 13052 13053 13054 13055 13056 13057 13058 13059 13060 13061 13062 13063 13064 13065 13066 13067 13068 13069 13070 13071 13072 13073 13074 13075 13076 13077 13078 13079 13080 13081 13082 13083 13084 13085 13086 13087 13088 13089 13090 13091 13092 13093 13094 13095 13096 13097 13098 13099 13100 13101 13102 13103 13104 13105 13106 13107 13108 13109 13110 13111 13112 13113 13114 13115 13116 13117 13118 13119 13120 13121 13122 13123 13124 13125 13126 13127 13128 13129 13130 13131 13132 13133 13134 13135 13136 13137 13138 13139 13140 13141 13142 13143 13144 13145 13146 13147 13148 13149 13150 13151 13152 13153 13154 13155 13156 13157 13158 13159 13160 13161 13162 13163 13164 13165 13166 13167 13168 13169 13170 13171 13172 13173 13174 13175 13176 13177 13178 13179 13180 13181 13182 13183 13184 13185 13186 13187 13188 13189 13190 13191 13192 13193 13194 13195 13196 13197 13198 13199 13200 13201 13202 13203 13204 13205 13206 13207 13208 13209 13210 13211 13212 13213 13214 13215 13216 13217 13218 13219 13220 13221 13222 13223 13224 13225 13226 13227 13228 13229 13230 13231 13232 13233 13234 13235 13236 13237 13238 13239 13240 13241 13242 13243 13244 13245 13246 13247 13248 13249 13250 13251 13252 13253 13254 13255 13256 13257 13258 13259 13260 13261 13262 13263 13264 13265 13266 13267 13268 13269 13270 13271 13272 13273 13274 13275 13276 13277 13278 13279 13280 13281 13282 13283 13284
1510 13285 13286 13287 13288 13289 13290 13291 13292 13293 13294 13295 13296 13297 13298 13299 13300 13301 13302 13303 13304 13305 13306 13307 13308 13309 13310 13311 13312 13313 13314 13315 13316 13317 13318 13319 13320 13321 13322 13323 13324 13325 13326 13327 13328 13329 13330 13331 13332 13333 13334 13335 13336 13337 13338 13339 13340 13341 13342 13343 13344 13345 13346 13347 13348 13349 13350 13351 13352 13353 13354 13355 13356 13357 13358 13359 13360 13361 13362 13363 13364 13365 13366 13367 13368 13369 13370 13371 13372 13373 13374 13375 13376 13377 13378 13379 13380 13381 13382 13383 13384 13385 13386 13387 13388 13389 13390 13391 13392 13393 13394 13395 13396 13397 13398 13399 13400 13401 13402 13403 13404 13405 13406 13407 13408 13409 13410 13411 13412 13413 13414 13415 13416 13417 13418 13419 13420 13421 13422 13423 13424 13425 13426 13427 13428 13429 13430 13431 13432 13433 13434 13435 13436 13437 13438 13439 13440 13441 13442 13443 13444 13445 13446 13447 13448 13449 13450 13451 13452 13453 13454 13455 13456 13457 13458 13459 13460 13461 13462 13463 13464 13465 13466 13467 13468 13469 13470 13471 13472 13473 13474 13475 13476 13477 13478 13479 13480 13481 13482 13483 13484 13485 13486 13487 13488 13489 13490 13491 13492 13493 13494 13495 13496 13497 13498 13499 13500 13501 13502 13503 13504 13505 13506 13507 13508 13509 13510 13511 13512 13513 13514 13515 13516 13517 13518 13519 13520 13521 13522 13523 13524 13525 13526 13527 13528 13529 13530 13531 13532 13533 13534 13535 13536 13537 13538 13539 13540 13541 13542 13543 13544 13545 13546 13547 13548 13549 13550 13551 13552 13553 13554 13555 13556 13557 13558 13559 13560 13561 13562 13563 13564 13565 13566 13567 13568 13569 13570 13571 13572 13573 13574 13575 13576 13577 13578 13579 13580 13581 13582 13583 13584 13585 13586 13587 13588 13589 13590 13591 13592 13593 13594 13595 13596 13597 13598 13599 13600 13601 13602 13603 13604 13605 13606 13607 13608 13609 13610 13611 13612 13613 13614 13615 13616 13617 13618 13619 13620 13621 13622 13623 13624 13625 13626 13627 13628 13629 13630 13631 13632 13633 13634 13635 13636 13637 13638 13639 13640 13641 13642 13643 13644 13645 13646 13647 13648 13649 13650 13651 13652 13653 13654 13655 13656 13657 13658 13659 13660 13661 13662 13663 13664 13665 13666 13667 13668 13669 13670 13671 13672 13673 13674 13675 13676 13677 13678 13679 13680 13681 13682 13683 13684 13685 13686 13687 13688 13689 13690 13691 13692 13693 13694 13695 13696 13697 13698 13699 13700 13701 13702 13703 13704 13705 13706 13707 13708 13709 13710 13711 13712 13713 13714 13715 13716 13717 13718 13719 13720 13721 13722 13723 13724 13725 13726 13727 13728 13729 13730 13731 13732 13733 13734 13735 13736 13737 13738 13739 13740 13741 13742 13743 13744 13745 13746 13747 13748 13749 13750 13751 13752 13753 13754 13755 13756 13757 13758 13759 13760 13761 13762 13763 13764 13765 13766 13767 13768 13769 13770 13771 13772 13773 13774 13775 13776 13777 13778 13779 13780 13781 13782 13783 13784 13785 13786 13787 13788 13789 13790 13791 13792 13793 13794 13795 13796 13797 13798 13799 13800 13801 13802 13803 13804 13805 13806 13807 13808 13809 13810 13811 13812 13813 13814 13815 13816 13817 13818 13819 13820 13821 13822 13823 13824 13825 13826 13827 13828 13829 13830 13831 13832 13833 13834 13835 13836 13837 13838 13839 13840 13841 13842 13843 13844 13845 13846 13847 13848 13849 13850 13851 13852 13853 13854 13855 13856 13857 13858 13859 13860 13861 13862 13863 13864 13865 13866 13867 13868 13869 13870 13871 13872 13873 13874 13875 13876 13877 13878 13879 13880 13881 13882 13883 13884 13885 13886 13887 13888 13889 13890 13891 13892 13893 13894 13895 13896 13897 13898 13899 13900 13901 13902 13903 13904 13905 13906 13907 13908 13909 13910 13911 13912 13913 13914 13915 13916 13917 13918 13919 13920 13921 13922 13923 13924 13925 13926 13927 13928 13929 13930 13931 13932 13933 13934 13935 13936 13937 13938 13939 13940 13941 13942 13943 13944 13945 13946 13947 13948 13949 13950 13951 13952 13953 13954 13955 13956 13957 13958 13959 13960 13961 13962 13963 13964 13965 13966 13967 13968 13969 13970 13971 13972 13973 13974 13975 13976 13977 13978 13979 13980 13981 13982 13983 13984 13985 13986 13987 13988 13989 13990 13991 13992 13993 13994 13995 13996 13997 13998 13999 14000 14001 14002 14003 14004 14005 14006 14007 14008 14009 14010 14011 14012 14013 14014 14015 14016 14017 14018 14019 14020 14021 14022 14023 14024 14025 14026 14027 14028 14029 14030 14031 14032 14033 14034 14035 14036 14037 14038 14039 14040 14041 14042 14043 14044 14045 14046 14047 14048 14049 14050 14051 14052 14053 14054 14055 14056 14057 14058 14059 14060 14061 14062 14063 14064 14065 14066 14067 14068 14069 14070 14071 14072 14073 14074 14075 14076 14077 14078 14079 14080 14081 14082 14083 14084 14085 14086 14087 14088 14089 14090 14091 14092 14093 14094 14095 14096 14097 14098 14099 14100 14101 14102 14103 14104 14105 14106 14107 14108 14109 14110 14111 14112 14113 14114 14115 14116 14117 14118 14119 14120 14121 14122 14123 14124 14125 14126 14127 14128 14129 14130 14131 14132 14133 14134 14135 14136 14137 14138 14139 14140 14141 14142 14143 14144 14145 14146 14147 14148 14149 14150 14151 14152 14153 14154 14155 14156 14157 14158 14159 14160 14161 14162 14163 14164 14165 14166 14167 14168 14169 14170 14171 14172 14173 14174 14175 14176 14177 14178 14179 14180 14181 14182 14183 14184 14185 14186 14187 14188 14189 14190 14191 14192 14193 14194 14195 14196 14197 14198 14199 14200 14201 14202 14203 14204 14205 14206 14207 14208 14209 14210 14211 14212 14213 14214 14215 14216 14217 14218 14219 14220 14221 14222 14223 14224 14225 14226 14227 14228 14229 14230 14231 14232 14233 14234 14235 14236 14237 14238 14239 14240 14241 14242 14243 14244 14245 14246 14247 14248 14249 14250 14251 14252 14253 14254 14255 14256 14257 14258 14259 14260 14261 14262 14263 14264 14265 14266 14267 14268 14269 14270 14271 14272 14273 14274 14275 14276 14277 14278 14279 14280 14281 14282 14283 14284 14285 14286 14287 14288 14289 14290 14291 14292 14293 14294 14295 14296 14297 14298 14299 14300 14301 14302 14303 14304 14305 14306 14307 14308 14309 14310 14311 14312 14313 14314 14315 14316 14317 14318 14319 14320 14321 14322 14323 14324 14325 14326 14327 14328 14329 14330 14331 14332 14333 14334 14335 14336 14337 14338 14339 14340 14341 14342 14343 14344 14345 14346 14347 14348 14349 14350 14351 14352 14353 14354 14355 14356 14357 14358 14359 14360 14361 14362 14363 14364 14365 14366 14367 14368 14369 14370 14371 14372 14373 14374 14375 14376 14377 14378 14379 14380 14381 14382 14383 14384 14385 14386 14387 14388 14389 14390 14391 14392 14393 14394 14395 14396 14397 14398 14399 14400 14401 14402 14403 14404 14405 14406 14407 14408 14409 14410 14411 14412 14413 14414 14415 14416 14417 14418 14419 14420 14421 14422 14423 14424 14425 14426 14427 14428 14429 14430 14431 14432 14433 14434 14435 14436 14437 14438 14439 14440 14441 14442 14443 14444 14445 14446 14447 14448 14449 14450 14451 14452 14453 14454 14455 14456 14457 14458 14459 14460 14461 14462 14463 14464 14465 14466 14467 14468 14469 14470 14471 14472 14473 14474 14475 14476 14477 14478 14479 14480 14481 14482 14483 14484 14485 14486 14487 14488 14489 14490 14491 14492 14493 14494 14495 14496 14497 14498 14499 14500 14501 14502 14503 14504 14505 14506 14507 14508 14509 14510 14511 14512 14513 14514 14515 14516 14517 14518 14519 14520 14521 14522 14523 14524 14525 14526 14527 14528 14529 14530 14531 14532 14533 14534 14535 14536 14537 14538 14539 14540 14541 14542 14543 14544 14545 14546 14547 14548 14549 14550 14551 14552 14553 14554 14555 14556 14557 14558 14559 14560 14561 14562 14563 14564 14565 14566 14567 14568 14569 14570 14571 14572 14573 14574 14575 14576 14577 14578 14579 14580 14581 14582 14583 14584 14585 14586 14587 14588 14589 14590 14591 14592 14593 14594 14595 14596 14597 14598 14599 14600 14601 14602 14603 14604 14605 14606 14607 14608 14609 14610 14611 14612 14613 14614 14615 14616 14617 14618 14619 14620 14621 14622 14623 14624 14625 14626 14627 14628 14629 14630 14631 14632 14633 14634 14635 14636 14637 14638 14639 14640 14641 14642 14643 14644 14645 14646 14647 14648 14649 14650 14651 14652 14653 14654 14655 14656 14657 14658 14659 14660 14661 14662 14663 14664 14665 14666 14667 14668 14669 14670 14671 14672 14673 14674 14675 14676 14677 14678 14679 14680 14681 14682 14683 14684 14685 14686 14687 14688 14689 14690 14691 14692 14693 14694 14695 14696 14697 14698 14699 14700 14701 14702 14703 14704 14705 14706 14707 14708 14709 14710 14711 14712 14713 14714 14715 14716 14717 14718 14719 14720 14721 14722 14723 14724 14725 14726 14727 14728 14729 14730 14731 14732 14733 14734 14735 14736 14737 14738 14739 14740 14741 14742 14743 14744 14745 14746 14747 14748 14749 14750 14751 14752 14753 14754 14755 14756 14757 14758 14759 14760 14761 14762 14763 14764 14765 14766 14767 14768 14769 14770 14771 14772 14773 14774 14775 14776 14777 14778 14779 14780 14781 14782 14783 14784 14785 14786 14787 14788 14789 14790 14791 14792 14793 14794
1326 14795 14796 14797 14798 14799 14800 14801 14802 14803 14804 14805 14806 14807 14808 14809 14810 14811 14812 14813 14814 14815 14816 14817 14818 14819 14820 14821 14822 14823 14824 14825 14826 14827 14828 14829 14830 14831 14832 14833 14834 14835 14836 14837 14838 14839 14840 14841 14842 14843 14844 14845 14846 14847 14848 14849 14850 14851 14852 14853 14854 14855 14856 14857 14858 14859 14860 14861 14862 14863 14864 14865 14866 14867 14868 14869 14870 14871 14872 14873 14874 14875 14876 14877 14878 14879 14880 14881 14882 14883 14884 14885 14886 14887 14888 14889 14890 14891 14892 14893 14894 14895 14896 14897 14898 14899 14900 14901 14902 14903 14904 14905 14906 14907 14908 14909 14910 14911 14912 14913 14914 14915 14916 14917 14918 14919 14920 14921 14922 14923 14924 14925 14926 14927 14928 14929 14930 14931 14932 14933 14934 14935 14936 14937 14938 14939 14940 14941 14942 14943 14944 14945 14946 14947 14948 14949 14950 14951 14952 14953 14954 14955 14956 14957 14958 14959 14960 14961 14962 14963 14964 14965 14966 14967 14968 14969 14970 14971 14972 14973 14974 14975 14976 14977 14978 14979 14980 14981 14982 14983 14984 14985 14986 14987 14988 14989 14990 14991 14992 14993 14994 14995 14996 14997 14998 14999 15000 15001 15002 15003 15004 15005 15006 15007 15008 15009 15010 15011 15012 15013 15014 15015 15016 15017 15018 15019 15020 15021 15022 15023 15024 15025 15026 15027 15028 15029 15030 15031 15032 15033 15034 15035 15036 15037 15038 15039 15040 15041 15042 15043 15044 15045 15046 15047 15048 15049 15050 15051 15052 15053 15054 15055 15056 15057 15058 15059 15060 15061 15062 15063 15064 15065 15066 15067 15068 15069 15070 15071 15072 15073 15074 15075 15076 15077 15078 15079 15080 15081 15082 15083 15084 15085 15086 15087 15088 15089 15090 15091 15092 15093 15094 15095 15096 15097 15098 15099 15100 15101 15102 15103 15104 15105 15106 15107 15108 15109 15110 15111 15112 15113 15114 15115 15116 15117 15118 15119 15120 15121 15122 15123 15124 15125 15126 15127 15128 15129 15130 15131 15132 15133 15134 15135 15136 15137 15138 15139 15140 15141 15142 15143 15144 15145 15146 15147 15148 15149 15150 15151 15152 15153 15154 15155 15156 15157 15158 15159 15160 15161 15162 15163 15164 15165 15166 15167 15168 15169 15170 15171 15172 15173 15174 15175 15176 15177 15178 15179 15180 15181 15182 15183 15184 15185 15186 15187 15188 15189 15190 15191 15192 15193 15194 15195 15196 15197 15198 15199 15200 15201 15202 15203 15204 15205 15206 15207 15208 15209 15210 15211 15212 15213 15214 15215 15216 15217 15218 15219 15220 15221 15222 15223 15224 15225 15226 15227 15228 15229 15230 15231 15232 15233 15234 15235 15236 15237 15238 15239 15240 15241 15242 15243 15244 15245 15246 15247 15248 15249 15250 15251 15252 15253 15254 15255 15256 15257 15258 15259 15260 15261 15262 15263 15264 15265 15266 15267 15268 15269 15270 15271 15272 15273 15274 15275 15276 15277 15278 15279 15280 15281 15282 15283 15284 15285 15286 15287 15288 15289 15290 15291 15292 15293 15294 15295 15296 15297 15298 15299 15300 15301 15302 15303 15304 15305 15306 15307 15308 15309 15310 15311 15312 15313 15314 15315 15316 15317 15318 15319 15320 15321 15322 15323 15324 15325 15326 15327 15328 15329 15330 15331 15332 15333 15334 15335 15336 15337 15338 15339 15340 15341 15342 15343 15344 15345 15346 15347 15348 15349 15350 15351 15352 15353 15354 15355 15356 15357 15358 15359 15360 15361 15362 15363 15364 15365 15366 15367 15368 15369 15370 15371 15372 15373 15374 15375 15376 15377 15378 15379 15380 15381 15382 15383 15384 15385 15386 15387 15388 15389 15390 15391 15392 15393 15394 15395 15396 15397 15398 15399 15400 15401 15402 15403 15404 15405 15406 15407 15408 15409 15410 15411 15412 15413 15414 15415 15416 15417 15418 15419 15420 15421 15422 15423 15424 15425 15426 15427 15428 15429 15430 15431 15432 15433 15434 15435 15436 15437 15438 15439 15440 15441 15442 15443 15444 15445 15446 15447 15448 15449 15450 15451 15452 15453 15454 15455 15456 15457 15458 15459 15460 15461 15462 15463 15464 15465 15466 15467 15468 15469 15470 15471 15472 15473 15474 15475 15476 15477 15478 15479 15480 15481 15482 15483 15484 15485 15486 15487 15488 15489 15490 15491 15492 15493 15494 15495 15496 15497 15498 15499 15500 15501 15502 15503 15504 15505 15506 15507 15508 15509 15510 15511 15512 15513 15514 15515 15516 15517 15518 15519 15520 15521 15522 15523 15524 15525 15526 15527 15528 15529 15530 15531 15532 15533 15534 15535 15536 15537 15538 15539 15540 15541 15542 15543 15544 15545 15546 15547 15548 15549 15550 15551 15552 15553 15554 15555 15556 15557 15558 15559 15560 15561 15562 15563 15564 15565 15566 15567 15568 15569 15570 15571 15572 15573 15574 15575 15576 15577 15578 15579 15580 15581 15582 15583 15584 15585 15586 15587 15588 15589 15590 15591 15592 15593 15594 15595 15596 15597 15598 15599 15600 15601 15602 15603 15604 15605 15606 15607 15608 15609 15610 15611 15612 15613 15614 15615 15616 15617 15618 15619 15620 15621 15622 15623 15624 15625 15626 15627 15628 15629 15630 15631 15632 15633 15634 15635 15636 15637 15638 15639 15640 15641 15642 15643 15644 15645 15646 15647 15648 15649 15650 15651 15652 15653 15654 15655 15656 15657 15658 15659 15660 15661 15662 15663 15664 15665 15666 15667 15668 15669 15670 15671 15672 15673 15674 15675 15676 15677 15678 15679 15680 15681 15682 15683 15684 15685 15686 15687 15688 15689 15690 15691 15692 15693 15694 15695 15696 15697 15698 15699 15700 15701 15702 15703 15704 15705 15706 15707 15708 15709 15710 15711 15712 15713 15714 15715 15716 15717 15718 15719 15720 15721 15722 15723 15724 15725 15726 15727 15728 15729 15730 15731 15732 15733 15734 15735 15736 15737 15738 15739 15740 15741 15742 15743 15744 15745 15746 15747 15748 15749 15750 15751 15752 15753 15754 15755 15756 15757 15758 15759 15760 15761 15762 15763 15764 15765 15766 15767 15768 15769 15770 15771 15772 15773 15774 15775 15776 15777 15778 15779 15780 15781 15782 15783 15784 15785 15786 15787 15788 15789 15790 15791 15792 15793 15794 15795 15796 15797 15798 15799 15800 15801 15802 15803 15804 15805 15806 15807 15808 15809 15810 15811 15812 15813 15814 15815 15816 15817 15818 15819 15820 15821 15822 15823 15824 15825 15826 15827 15828 15829 15830 15831 15832 15833 15834 15835 15836 15837 15838 15839 15840 15841 15842 15843 15844 15845 15846 15847 15848 15849 15850 15851 15852 15853 15854 15855 15856 15857 15858 15859 15860 15861 15862 15863 15864 15865 15866 15867 15868 15869 15870 15871 15872 15873 15874 15875 15876 15877 15878 15879 15880 15881 15882 15883 15884 15885 15886 15887 15888 15889 15890 15891 15892 15893 15894 15895 15896 15897 15898 15899 15900 15901 15902 15903 15904 15905 15906 15907 15908 15909 15910 15911 15912 15913 15914 15915 15916 15917 15918 15919 15920 15921 15922 15923 15924 15925 15926 15927 15928 15929 15930 15931 15932 15933 15934 15935 15936 15937 15938 15939 15940 15941 15942 15943 15944 15945 15946 15947 15948 15949 15950 15951 15952 15953 15954 15955 15956 15957 15958 15959 15960 15961 15962 15963 15964 15965 15966 15967 15968 15969 15970 15971 15972 15973 15974 15975 15976 15977 15978 15979 15980 15981 15982 15983 15984 15985 15986 15987 15988 15989 15990 15991 15992 15993 15994 15995 15996 15997 15998 15999 16000 16001 16002 16003 16004 16005 16006 16007 16008 16009 16010 16011 16012 16013 16014 16015 16016 16017 16018 16019 16020 16021 16022 16023 16024 16025 16026 16027 16028 16029 16030 16031 16032 16033 16034 16035 16036 16037 16038 16039 16040 16041 16042 16043 16044 16045 16046 16047 16048 16049 16050 16051 16052 16053 16054 16055 16056 16057 16058 16059 16060 16061 16062 16063 16064 16065 16066 16067 16068 16069 16070 16071 16072 16073 16074 16075 16076 16077 16078 16079 16080 16081 16082 16083 16084 16085 16086 16087 16088 16089 16090 16091 16092 16093 16094 16095 16096 16097 16098 16099 16100 16101 16102 16103 16104 16105 16106 16107 16108 16109 16110 16111 16112 16113 16114 16115 16116 16117 16118 16119 16120
1466 16121 16122 16123 16124 16125 16126 16127 16128 16129 16130 16131 16132 16133 16134 16135 16136 16137 16138 16139 16140 16141 16142 16143 16144 16145 16146 16147 16148 16149 16150 16151 16152 16153 16154 16155 16156 16157 16158 16159 16160 16161 16162 16163 16164 16165 16166 16167 16168 16169 16170 16171 16172 16173 16174 16175 16176 16177 16178 16179 16180 16181 16182 16183 16184 16185 16186 16187 16188 16189 16190 16191 16192 16193 16194 16195 16196 16197 16198 16199 16200 16201 16202 16203 16204 16205 16206 16207 16208 16209 16210 16211 16212 16213 16214 16215 16216 16217 16218 16219 16220 16221 16222 16223 16224 16225 16226 16227 16228 16229 16230 16231 16232 16233 16234 16235 16236 16237 16238 16239 16240 16241 16242 16243 16244 16245 16246 16247 16248 16249 16250 16251 16252 16253 16254 16255 16256 16257 16258 16259 16260 16261 16262 16263 16264 16265 16266 16267 16268 16269 16270 16271 16272 16273 16274 16275 16276 16277 16278 16279 16280 16281 16282 16283 16284 16285 16286 16287 16288 16289 16290 16291 16292 16293 16294 16295 16296 16297 16298 16299 16300 16301 16302 16303 16304 16305 16306 16307 16308 16309 16310 16311 16312 16313 16314 16315 16316 16317 16318 16319 16320 16321 16322 16323 16324 16325 16326 16327 16328 16329 16330 16331 16332 16333 16334 16335 16336 16337 16338 16339 16340 16341 16342 16343 16344 16345 16346 16347 16348 16349 16350 16351 16352 16353 16354 16355 16356 16357 16358 16359 16360 16361 16362 16363 16364 16365 16366 16367 16368 16369 16370 16371 16372 16373 16374 16375 16376 16377 16378 16379 16380 16381 16382 16383 16384 16385 16386 16387 16388 16389 16390 16391 16392 16393 16394 16395 16396 16397 16398 16399 16400 16401 16402 16403 16404 16405 16406 16407 16408 16409 16410 16411 16412 16413 16414 16415 16416 16417 16418 16419 16420 16421 16422 16423 16424 16425 16426 16427 16428 16429 16430 16431 16432 16433 16434 16435 16436 16437 16438 16439 16440 16441 16442 16443 16444 16445 16446 16447 16448 16449 16450 16451 16452 16453 16454 16455 16456 16457 16458 16459 16460 16461 16462 16463 16464 16465 16466 16467 16468 16469 16470 16471 16472 16473 16474 16475 16476 16477 16478 16479 16480 16481 16482 16483 16484 16485 16486 16487 16488 16489 16490 16491 16492 16493 16494 16495 16496 16497 16498 16499 16500 16501 16502 16503 16504 16505 16506 16507 16508 16509 16510 16511 16512 16513 16514 16515 16516 16517 16518 16519 16520 16521 16522 16523 16524 16525 16526 16527 16528 16529 16530 16531 16532 16533 16534 16535 16536 16537 16538 16539 16540 16541 16542 16543 16544 16545 16546 16547 16548 16549 16550 16551 16552 16553 16554 16555 16556 16557 16558 16559 16560 16561 16562 16563 16564 16565 16566 16567 16568 16569 16570 16571 16572 16573 16574 16575 16576 16577 16578 16579 16580 16581 16582 16583 16584 16585 16586 16587 16588 16589 16590 16591 16592 16593 16594 16595 16596 16597 16598 16599 16600 16601 16602 16603 16604 16605 16606 16607 16608 16609 16610 16611 16612 16613 16614 16615 16616 16617 16618 16619 16620 16621 16622 16623 16624 16625 16626 16627 16628 16629 16630 16631 16632 16633 16634 16635 16636 16637 16638 16639 16640 16641 16642 16643 16644 16645 16646 16647 16648 16649 16650 16651 16652 16653 16654 16655 16656 16657 16658 16659 16660 16661 16662 16663 16664 16665 16666 16667 16668 16669 16670 16671 16672 16673 16674 16675 16676 16677 16678 16679 16680 16681 16682 16683 16684 16685 16686 16687 16688 16689 16690 16691 16692 16693 16694 16695 16696 16697 16698 16699 16700 16701 16702 16703 16704 16705 16706 16707 16708 16709 16710 16711 16712 16713 16714 16715 16716 16717 16718 16719 16720 16721 16722 16723 16724 16725 16726 16727 16728 16729 16730 16731 16732 16733 16734 16735 16736 16737 16738 16739 16740 16741 16742 16743 16744 16745 16746 16747 16748 16749 16750 16751 16752 16753 16754 16755 16756 16757 16758 16759 16760 16761 16762 16763 16764 16765 16766 16767 16768 16769 16770 16771 16772 16773 16774 16775 16776 16777 16778 16779 16780 16781 16782 16783 16784 16785 16786 16787 16788 16789 16790 16791 16792 16793 16794 16795 16796 16797 16798 16799 16800 16801 16802 16803 16804 16805 16806 16807 16808 16809 16810 16811 16812 16813 16814 16815 16816 16817 16818 16819 16820 16821 16822 16823 16824 16825 16826 16827 16828 16829 16830 16831 16832 16833 16834 16835 16836 16837 16838 16839 16840 16841 16842 16843 16844 16845 16846 16847 16848 16849 16850 16851 16852 16853 16854 16855 16856 16857 16858 16859 16860 16861 16862 16863 16864 16865 16866 16867 16868 16869 16870 16871 16872 16873 16874 16875 16876 16877 16878 16879 16880 16881 16882 16883 16884 16885 16886 16887 16888 16889 16890 16891 16892 16893 16894 16895 16896 16897 16898 16899 16900 16901 16902 16903 16904 16905 16906 16907 16908 16909 16910 16911 16912 16913 16914 16915 16916 16917 16918 16919 16920 16921 16922 16923 16924 16925 16926 16927 16928 16929 16930 16931 16932 16933 16934 16935 16936 16937 16938 16939 16940 16941 16942 16943 16944 16945 16946 16947 16948 16949 16950 16951 16952 16953 16954 16955 16956 16957 16958 16959 16960 16961 16962 16963 16964 16965 16966 16967 16968 16969 16970 16971 16972 16973 16974 16975 16976 16977 16978 16979 16980 16981 16982 16983 16984 16985 16986 16987 16988 16989 16990 16991 16992 16993 16994 16995 16996 16997 16998 16999 17000 17001 17002 17003 17004 17005 17006 17007 17008 17009 17010 17011 17012 17013 17014 17015 17016 17017 17018 17019 17020 17021 17022 17023 17024 17025 17026 17027 17028 17029 17030 17031 17032 17033 17034 17035 17036 17037 17038 17039 17040 17041 17042 17043 17044 17045 17046 17047 17048 17049 17050 17051 17052 17053 17054 17055 17056 17057 17058 17059 17060 17061 17062 17063 17064 17065 17066 17067 17068 17069 17070 17071 17072 17073 17074 17075 17076 17077 17078 17079 17080 17081 17082 17083 17084 17085 17086 17087 17088 17089 17090 17091 17092 17093 17094 17095 17096 17097 17098 17099 17100 17101 17102 17103 17104 17105 17106 17107 17108 17109 17110 17111 17112 17113 17114 17115 17116 17117 17118 17119 17120 17121 17122 17123 17124 17125 17126 17127 17128 17129 17130 17131 17132 17133 17134 17135 17136 17137 17138 17139 17140 17141 17142 17143 17144 17145 17146 17147 17148 17149 17150 17151 17152 17153 17154 17155 17156 17157 17158 17159 17160 17161 17162 17163 17164 17165 17166 17167 17168 17169 17170 17171 17172 17173 17174 17175 17176 17177 17178 17179 17180 17181 17182 17183 17184 17185 17186 17187 17188 17189 17190 17191 17192 17193 17194 17195 17196 17197 17198 17199 17200 17201 17202 17203 17204 17205 17206 17207 17208 17209 17210 17211 17212 17213 17214 17215 17216 17217 17218 17219 17220 17221 17222 17223 17224 17225 17226 17227 17228 17229 17230 17231 17232 17233 17234 17235 17236 17237 17238 17239 17240 17241 17242 17243 17244 17245 17246 17247 17248 17249 17250 17251 17252 17253 17254 17255 17256 17257 17258 17259 17260 17261 17262 17263 17264 17265 17266 17267 17268 17269 17270 17271 17272 17273 17274 17275 17276 17277 17278 17279 17280 17281 17282 17283 17284 17285 17286 17287 17288 17289 17290 17291 17292 17293 17294 17295 17296 17297 17298 17299 17300 17301 17302 17303 17304 17305 17306 17307 17308 17309 17310 17311 17312 17313 17314 17315 17316 17317 17318 17319 17320 17321 17322 17323 17324 17325 17326 17327 17328 17329 17330 17331 17332 17333 17334 17335 17336 17337 17338 17339 17340 17341 17342 17343 17344 17345 17346 17347 17348 17349 17350 17351 17352 17353 17354 17355 17356 17357 17358 17359 17360 17361 17362 17363 17364 17365 17366 17367 17368 17369 17370 17371 17372 17373 17374 17375 17376 17377 17378 17379 17380 17381 17382 17383 17384 17385 17386 17387 17388 17389 17390 17391 17392 17393 17394 17395 17396 17397 17398 17399 17400 17401 17402 17403 17404 17405 17406 17407 17408 17409 17410 17411 17412 17413 17414 17415 17416 17417 17418 17419 17420 17421 17422 17423 17424 17425 17426 17427 17428 17429 17430 17431 17432 17433 17434 17435 17436 17437 17438 17439 17440 17441 17442 17443 17444 17445 17446 17447 17448 17449 17450 17451 17452 17453 17454 17455 17456 17457 17458 17459 17460 17461 17462 17463 17464 17465 17466 17467 17468 17469 17470 17471 17472 17473 17474 17475 17476 17477 17478 17479 17480 17481 17482 17483 17484 17485 17486 17487 17488 17489 17490 17491 17492 17493 17494 17495 17496 17497 17498 17499 17500 17501 17502 17503 17504 17505 17506 17507 17508 17509 17510 17511 17512 17513 17514 17515 17516 17517 17518 17519 17520 17521 17522 17523 17524 17525 17526 17527 17528 17529 17530 17531 17532 17533 17534 17535 17536 17537 17538 17539 17540 17541 17542 17543 17544 17545 17546 17547 17548 17549 17550 17551 17552 17553 17554 17555 17556 17557 17558 17559 17560 17561 17562 17563 17564 17565 17566 17567 17568 17569 17570 17571 17572 17573 17574 17575 17576 17577 17578 17579 17580 17581 17582 17583 17584 17585 17586
1376 17587 17588 17589 17590 17591 17592 17593 17594 17595 17596 17597 17598 17599 17600 17601 17602 17603 17604 17605 17606 17607 17608 17609 17610 17611 17612 17613 17614 17615 17616 17617 17618 17619 17620 17621 17622 17623 17624 17625 17626 17627 17628 17629 17630 17631 17632 17633 17634 17635 17636 17637 17638 17639 17640 17641 17642 17643 17644 17645 17646 17647 17648 17649 17650 17651 17652 17653 17654 17655 17656 17657 17658 17659 17660 17661 17662 17663 17664 17665 17666 17667 17668 17669 17670 17671 17672 17673 17674 17675 17676 17677 17678 17679 17680 17681 17682 17683 17684 17685 17686 17687 17688 17689 17690 17691 17692 17693 17694 17695 17696 17697 17698 17699 17700 17701 17702 17703 17704 17705 17706 17707 17708 17709 17710 17711 17712 17713 17714 17715 17716 17717 17718 17719 17720 17721 17722 17723 17724 17725 17726 17727 17728 17729 17730 17731 17732 17733 17734 17735 17736 17737 17738 17739 17740 17741 17742 17743 17744 17745 17746 17747 17748 17749 17750 17751 17752 17753 17754 17755 17756 17757 17758 17759 17760 17761 17762 17763 17764 17765 17766 17767 17768 17769 17770 17771 17772 17773 17774 17775 17776 17777 17778 17779 17780 17781 17782 17783 17784 17785 17786 17787 17788 17789 17790 17791 17792 17793 17794 17795 17796 17797 17798 17799 17800 17801 17802 17803 17804 17805 17806 17807 17808 17809 17810 17811 17812 17813 17814 17815 17816 17817 17818 17819 17820 17821 17822 17823 17824 17825 17826 17827 17828 17829 17830 17831 17832 17833 17834 17835 17836 17837 17838 17839 17840 17841 17842 17843 17844 17845 17846 17847 17848 17849 17850 17851 17852 17853 17854 17855 17856 17857 17858 17859 17860 17861 17862 17863 17864 17865 17866 17867 17868 17869 17870 17871 17872 17873 17874 17875 17876 17877 17878 17879 17880 17881 17882 17883 17884 17885 17886 17887 17888 17889 17890 17891 17892 17893 17894 17895 17896 17897 17898 17899 17900 17901 17902 17903 17904 17905 17906 17907 17908 17909 17910 17911 17912 17913 17914 17915 17916 17917 17918 17919 17920 17921 17922 17923 17924 17925 17926 17927 17928 17929 17930 17931 17932 17933 17934 17935 17936 17937 17938 17939 17940 17941 17942 17943 17944 17945 17946 17947 17948 17949 17950 17951 17952 17953 17954 17955 17956 17957 17958 17959 17960 17961 17962 17963 17964 17965 17966 17967 17968 17969 17970 17971 17972 17973 17974 17975 17976 17977 17978 17979 17980 17981 17982 17983 17984 17985 17986 17987 17988 17989 17990 17991 17992 17993 17994 17995 17996 17997 17998 17999 18000 18001 18002 18003 18004 18005 18006 18007 18008 18009 18010 18011 18012 18013 18014 18015 18016 18017 18018 18019 18020 18021 18022 18023 18024 18025 18026 18027 18028 18029 18030 18031 18032 18033 18034 18035 18036 18037 18038 18039 18040 18041 18042 18043 18044 18045 18046 18047 18048 18049 18050 18051 18052 18053 18054 18055 18056 18057 18058 18059 18060 18061 18062 18063 18064 18065 18066 18067 18068 18069 18070 18071 18072 18073 18074 18075 18076 18077 18078 18079 18080 18081 18082 18083 18084 18085 18086 18087 18088 18089 18090 18091 18092 18093 18094 18095 18096 18097 18098 18099 18100 18101 18102 18103 18104 18105 18106 18107 18108 18109 18110 18111 18112 18113 18114 18115 18116 18117 18118 18119 18120 18121 18122 18123 18124 18125 18126 18127 18128 18129 18130 18131 18132 18133 18134 18135 18136 18137 18138 18139 18140 18141 18142 18143 18144 18145 18146 18147 18148 18149 18150 18151 18152 18153 18154 18155 18156 18157 18158 18159 18160 18161 18162 18163 18164 18165 18166 18167 18168 18169 18170 18171 18172 18173 18174 18175 18176 18177 18178 18179 18180 18181 18182 18183 18184 18185 18186 18187 18188 18189 18190 18191 18192 18193 18194 18195 18196 18197 18198 18199 18200 18201 18202 18203 18204 18205 18206 18207 18208 18209 18210 18211 18212 18213 18214 18215 18216 18217 18218 18219 18220 18221 18222 18223 18224 18225 18226 18227 18228 18229 18230 18231 18232 18233 18234 18235 18236 18237 18238 18239 18240 18241 18242 18243 18244 18245 18246 18247 18248 18249 18250 18251 18252 18253 18254 18255 18256 18257 18258 18259 18260 18261 18262 18263 18264 18265 18266 18267 18268 18269 18270 18271 18272 18273 18274 18275 18276 18277 18278 18279 18280 18281 18282 18283 18284 18285 18286 18287 18288 18289 18290 18291 18292 18293 18294 18295 18296 18297 18298 18299 18300 18301 18302 18303 18304 18305 18306 18307 18308 18309 18310 18311 18312 18313 18314 18315 18316 18317 18318 18319 18320 18321 18322 18323 18324 18325 18326 18327 18328 18329 18330 18331 18332 18333 18334 18335 18336 18337 18338 18339 18340 18341 18342 18343 18344 18345 18346 18347 18348 18349 18350 18351 18352 18353 18354 18355 18356 18357 18358 18359 18360 18361 18362 18363 18364 18365 18366 18367 18368 18369 18370 18371 18372 18373 18374 18375 18376 18377 18378 18379 18380 18381 18382 18383 18384 18385 18386 18387 18388 18389 18390 18391 18392 18393 18394 18395 18396 18397 18398 18399 18400 18401 18402 18403 18404 18405 18406 18407 18408 18409 18410 18411 18412 18413 18414 18415 18416 18417 18418 18419 18420 18421 18422 18423 18424 18425 18426 18427 18428 18429 18430 18431 18432 18433 18434 18435 18436 18437 18438 18439 18440 18441 18442 18443 18444 18445 18446 18447 18448 18449 18450 18451 18452 18453 18454 18455 18456 18457 18458 18459 18460 18461 18462 18463 18464 18465 18466 18467 18468 18469 18470 18471 18472 18473 18474 18475 18476 18477 18478 18479 18480 18481 18482 18483 18484 18485 18486 18487 18488 18489 18490 18491 18492 18493 18494 18495 18496 18497 18498 18499 18500 18501 18502 18503 18504 18505 18506 18507 18508 18509 18510 18511 18512 18513 18514 18515 18516 18517 18518 18519 18520 18521 18522 18523 18524 18525 18526 18527 18528 18529 18530 18531 18532 18533 18534 18535 18536 18537 18538 18539 18540 18541 18542 18543 18544 18545 18546 18547 18548 18549 18550 18551 18552 18553 18554 18555 18556 18557 18558 18559 18560 18561 18562 18563 18564 18565 18566 18567 18568 18569 18570 18571 18572 18573 18574 18575 18576 18577 18578 18579 18580 18581 18582 18583 18584 18585 18586 18587 18588 18589 18590 18591 18592 18593 18594 18595 18596 18597 18598 18599 18600 18601 18602 18603 18604 18605 18606 18607 18608 18609 18610 18611 18612 18613 18614 18615 18616 18617 18618 18619 18620 18621 18622 18623 18624 18625 18626 18627 18628 18629 18630 18631 18632 18633 18634 18635 18636 18637 18638 18639 18640 18641 18642 18643 18644 18645 18646 18647 18648 18649 18650 18651 18652 18653 18654 18655 18656 18657 18658 18659 18660 18661 18662 18663 18664 18665 18666 18667 18668 18669 18670 18671 18672 18673 18674 18675 18676 18677 18678 18679 18680 18681 18682 18683 18684 18685 18686 18687 18688 18689 18690 18691 18692 18693 18694 18695 18696 18697 18698 18699 18700 18701 18702 18703 18704 18705 18706 18707 18708 18709 18710 18711 18712 18713 18714 18715 18716 18717 18718 18719 18720 18721 18722 18723 18724 18725 18726 18727 18728 18729 18730 18731 18732 18733 18734 18735 18736 18737 18738 18739 18740 18741 18742 18743 18744 18745 18746 18747 18748 18749 18750 18751 18752 18753 18754 18755 18756 18757 18758 18759 18760 18761 18762 18763 18764 18765 18766 18767 18768 18769 18770 18771 18772 18773 18774 18775 18776 18777 18778 18779 18780 18781 18782 18783 18784 18785 18786 18787 18788 18789 18790 18791 18792 18793 18794 18795 18796 18797 18798 18799 18800 18801 18802 18803 18804 18805 18806 18807 18808 18809 18810 18811 18812 18813 18814 18815 18816 18817 18818 18819 18820 18821 18822 18823 18824 18825 18826 18827 18828 18829 18830 18831 18832 18833 18834 18835 18836 18837 18838 18839 18840 18841 18842 18843 18844 18845 18846 18847 18848 18849 18850 18851 18852 18853 18854 18855 18856 18857 18858 18859 18860 18861 18862 18863 18864 18865 18866 18867 18868 18869 18870 18871 18872 18873 18874 18875 18876 18877 18878 18879 18880 18881 18882 18883 18884 18885 18886 18887 18888 18889 18890 18891 18892 18893 18894 18895 18896 18897 18898 18899 18900 18901 18902 18903 18904 18905 18906 18907 18908 18909 18910 18911 18912 18913 18914 18915 18916 18917 18918 18919 18920 18921 18922 18923 18924 18925 18926 18927 18928 18929 18930 18931 18932 18933 18934 18935 18936 18937 18938 18939 18940 18941 18942 18943 18944 18945 18946 18947 18948 18949 18950 18951 18952 18953 18954 18955 18956 18957 18958 18959 18960 18961 18962
POINT_DATA 18963
 FIELD attributes 2
p 1 18963 float
18.4015 18.4078 18.4141 18.4204 18.4267 18.4329 18.7003 18.964 19.2277 19.4913 19.8025 20.1891 20.5737 20.9582 21.3428 21.7352 22.1849 22.6236 23.0622 23.5008 23.9386 24.4591 24.9763 25.4934 26.0106 26.5388 27.1895 27.8169 28.4443 29.0716 29.698 30.0792 30.4575 30.8357 31.2139 31.5954 31.9998 32.4042 32.8085 33.2313 33.6554 34.7788 35.8096 36.8402 37.8704 38.9109 40.4195 41.8171 43.2142 44.6108 46.0127 48.3418 50.4247 52.5053 54.5836 57.6561 58.9804 60.3454 61.7143 63.0937 64.7003 66.9194 68.3182 69.6976 71.051 72.5117 74.3967 75.4859 76.0649 76.5856 77.1552 77.1286 77.159 77.189 77.2187 77.2461 77.2502 77.2249 74.1796 69.5339 63.9159 60.5956 57.3068 53.6504 48.838 43.7881 39.2466 34.5102 29.7129 24.7832 19.757 18.3676 16.9781 15.5885 14.209 12.8743 6.30912 -1.5213 -9.30646 -16.7894 -23.9304 -30.9315 -37.9401 -41.9984 -46.7778 -51.7598 -54.7667 -56.7224 -58.3163 -59.9769 -61.6415 -59.8748 -56.9851 -54.3118 -52.2172 -45.3415 -36.5762 -30.8734 -25.6202 -20.2972 -14.5949 -8.46148 -3.86835 -0.0503352 3.16456 5.21961 8.51216 11.2232 13.453 15.2495 16.4754 19.473 21.8981 23.9499 25.8387 27.4165 30.5395 33.1533 35.5195 38.0134 41.2002 44.1038 46.8486 49.5704 52.6751 56.0884 57.7754 59.5789 61.553 63.5174 65.448 67.1264 68.6696 70.2025 71.5425 72.4959 73.5426 75.1975 76.9973 78.7881 80.4009 82.0172 83.535 85.0507 86.5644 87.6762 88.8847 90.0931 91.5372 93.2502 94.6957 99.973 104.042 107.803 111.538 114.764 121.208 125.371 128.912 132.096 134.383 135.111 135.39 135.516 135.645 135.761 138.824 142.046 145.6 149.102 133.304
18.2276 18.2337 18.2399 18.2461 18.2523 18.2585 18.5111 18.8024 19.0938 19.3775 19.731 20.1235 20.5091 20.895 21.2808 21.6694 22.1219 22.5622 23.0026 23.4428 23.8821 24.4143 24.9326 25.451 25.9695 26.4832 27.1293 27.7575 28.3857 29.0138 29.6404 30.4764 31.2677 32.0589 32.8501 33.6465 34.6963 35.7185 36.7405 37.7624 38.8448 40.3808 41.7352 43.0888 44.4417 45.7892 47.8412 49.8068 51.7702 53.7313 56.7311 58.1893 59.5228 60.7965 62.0651 63.353 64.8106 66.1546 67.4881 68.811 70.852 71.2383 71.6388 72.0388 72.4384 72.765 73.9325 74.4167 74.8531 75.2414 75.7991 75.9472 76.2456 76.5685 76.8862 77.1128 77.6704 74.0306 73.5559 73.0423 70.3728 68.2198 65.6316 62.8607 60.0407 56.9092 52.2418 46.9216 42.6697 38.2904 33.2168 31.4838 29.5955 27.5406 25.4852 23.3529 18.7953 14.2245 9.64089 4.8638 -0.166185 -4.83675 -9.68073 -17.341 -25.3518 -30.8179 -35.169 -40.2534 -42.0963 -44.1074 -49.0261 -47.1672 -46.4625 -45.9012 -45.4854 -45.239 -43.4455 -41.2949 -39.3654 -38.2513 -37.0835 -34.2312 -31.4085 -28.6162 -25.855 -22.7853 -16.8749 -12.5566 -8.27188 -3.8425 0.266488 3.94549 6.95471 9.8364 12.5796 14.398 17.0726 19.4572 21.6855 23.8627 25.9286 28.6664 31.1088 33.4733 35.8215 38.1348 41.2706 44.0588 46.744 49.8633 53.9206 56.2201 59.023 61.8108 64.8056 69.2479 71.6674 74.2984 76.8144 79.1284 81.0941 82.1318 83.6407 85.209 87.0291 88.4902 90.0622 92.2629 94.1752 96.0703 98.002 101.053 103.571 106.078 108.956 112.06 113.877 115.679 117.473 118.559 118.967 120.471 121.693 122.245 122.729 123.145 123.199 123.253 123.307 123.36 123.386 123.194 123.036 122.879 122.723 122.691 121.806 120.638 112.458 113.415 114.294 112.793 112.636 113.772 114.776 99.3396 84.8102 75.9756 72.6467 83.7454 84.5695 85.2565 85.6613 85.7016 85.7904 90.6982 91.8717 89.8092 84.8119 79.0911
17.0276 17.0326 17.0376 17.0426 17.0475 17.0525 17.3094 17.5576 17.8057 18.0538 18.3565 18.7279 19.086 19.4441 19.8022 20.1682 20.5924 21.009 21.4255 21.842 22.2583 22.5481 22.8369 23.1258 23.4146 23.6696 23.8721 24.0746 24.278 24.4841 24.6895 25.2742 25.8485 26.4226 26.9967 27.5702 28.2588 28.9463 29.6338 30.3211 31.0176 31.8662 32.693 33.5197 34.3463 35.1731 36.1861 37.1886 38.191 39.1933 40.2064 41.4868 42.7091 43.9311 45.1527 46.387 47.9698 49.4462 50.9157 52.3828 53.8765 55.9511 57.7059 59.46 61.2134 63.045 65.3487 67.3238 69.2943 71.4271 73.969 76.0261 77.5133 79.2533 81.8522 86.158 86.3689 86.6391 86.9083 87.1768 87.4221 88.287 89.0906 89.3783 89.651 90.1242 89.7352 89.1416 88.7064 88.6929 86.6329 85.2774 83.4729 80.9273 76.8616 71.9485 69.8457 67.8213 66.0302 63.567 60.7316 58.709 54.9735 51.5436 48.1165 44.1281 44.0133 43.8607 43.708 43.5553 43.399 40.2563 37.0984 33.9259 30.8045 28.1444 25.8923 23.9064 21.6492 19.7939 18.7884 18.6 18.4456 18.2917 18.0161 17.744 18.2313 18.3591 18.6103 18.8633 18.7966 19.2162 19.439 19.6561 19.8736 19.915 20.4508 20.8835 21.243 21.5517 21.8303 22.1973 22.5127 22.8226 23.1271 23.5719 23.8355 24.0972 24.357 24.6149 24.8605 26.0116 27.1687 27.7209 28.2201 28.7624 29.757 30.5685 31.3464 32.2842 33.3217 35.5224 36.5998 37.5695 38.4096 39.1799 39.2736 39.3276 39.3814 39.4351 39.4873 41.1641 42.6898 44.1097 45.5446 45.5396 48.3079 49.6284 51.1431 52.4013 51.2152 53.0331 53.2341 52.7317 51.4635 49.4628 49.6641 49.638 49.4597 49.2812 49.1058 43.4685 36.5857 24.6754 8.48122 -2.19549 -4.34151 -6.50047 -8.24213 -9.22359 -10.2631 -11.1584 -14.6723 -18.5604 -23.0368 -26.8402 -27.0848 -27.3947 -27.8662 -28.3293 -28.775 -23.4977 -21.5491 -23.5158 -29.6416 -35.757 -38.67 -43.2707 -45.9834 -46.6896 -47.4843 -47.5681 -47.6679 -47.8725 -48.0344 -48.6129
16.5974 16.6007 16.6039 16.6072 16.6104 16.6137 16.8322 17.0962 17.3601 17.6146 17.9518 18.3044 18.6588 19.0094 19.36 19.7266 20.15 20.5549 20.9597 21.3645 21.7715 22.256 22.7262 23.1964 23.6665 24.1393 24.7128 25.2727 25.8325 26.3922 26.961 27.6523 28.3269 29.0013 29.6757 30.3512 31.1862 32.0054 32.8246 33.6435 34.476 35.5065 36.5132 37.5197 38.5259 39.5299 40.6459 41.7494 42.8526 43.9557 44.9308 45.1276 45.3243 45.5211 45.7179 45.9122 47.5677 49.1669 50.7657 52.3641 53.9559 56.0944 58.1666 60.2384 62.3096 64.369 67.458 70.2071 72.9414 75.6708 78.3249 82.8985 86.9477 90.982 95.0002 101.244 102.915 104.576 106.168 107.668 108.59 109.862 111.128 112.386 113.637 114.84 119.505 124.205 126.56 128.708 132.467 134.273 135.486 136.206 136.907 137.405 138.228 137.587 136.54 135.512 135.119 134.778 134.404 134.001 132.419 129.245 127.239 125.211 122.546 119.743 116.678 111.756 103.267 94.5193 85.5379 77.358 77.1314 76.9048 76.6831 76.4874 76.2919 53.7681 26.7234 0.836716 -11.8741 -22.2227 -30.0558 -35.0769 -40.1654 -45.3143 -46.1294 -46.4921 -46.8557 -47.2506 -48.5078 -49.0288 -43.0494 -37.25 -31.6035 -26.1168 -22.1708 -17.1571 -13.0969 -10.1576 -9.21127 -7.40959 -4.63768 -3.74485 -2.87102 -1.62061 -1.47597 -0.787173 -0.305856 -0.0343638 0.256309 0.604665 0.162338 0.469436 0.810868 1.19302 3.06535 2.25627 2.57039 2.82822 3.0652 3.61755 2.25778 2.06587 1.82496 1.53875 2.78138 -0.950257 -1.71787 -2.50397 -3.30228 -4.18628 -6.34607 -9.24657 -11.6275 -14.8842 -18.4165 -19.4389 -20.0048 -21.3767 -22.908 -23.3686 -24.1123 -24.8676 -25.6345 -25.7171 -25.3764 -24.4784 -23.8532 -23.4909 -23.2906 -23.4213 -23.9445 -25.9482 -28.2095 -30.7268 -34.3866 -36.9295 -39.3119 -40.0424 -40.7795 -41.3982 -43.062 -44.395 -45.7692 -47.1839 -48.1257 -48.6936 -49.2659 -49.8424 -50.423 -50.9015 -52.5788 -53.9342 -55.3113 -56.4383 -56.386 -57.3186 -58.0281 -58.4795 -58.3852 -57.9588 -58.3312 -58.4805 -58.5509 -58.9554 -59.3454 -59.8953 -60.3217 -60.2577 -59.6456 -58.9683 -59.1567 -59.3484 -59.6487 -59.9975 -60.3345 -60.6234 -60.8794 -60.9097 -60.7354 -60.4298 -60.6355 -60.8408 -60.7298 -60.4481 -60.1779 -60.4454 -60.5424 -60.6214 -60.7013 -60.915 -61.8972 -62.8769 -63.036 -62.6688 -62.3159 -62.8623 -63.4093 -63.7095 -63.8543 -63.9993 -65.5639 -67.1296 -67.9272 -68.1643 -68.4208 -68.6327 -68.8447 -68.2983 -67.5074 -66.7225 -64.8918 -63.2792 -63.0699 -62.9948 -62.9648 -59.1865 -59.981 -57.9097 -55.2785 -54.2467 -50.5969 -48.8933 -47.5216 -46.1388 -46.0534 -45.7769 -45.8294 -45.9547 -46.0808 -46.1961 -45.7807 -45.3923 -43.0099 -40.7557 -38.6134 -38.8757 -39.145 -38.6207 -37.5997 -36.5071 -34.5698 -32.624 -30.7174 -28.8251 -27.1059 -26.2423 -25.1751 -23.5812 -22.0261 -20.2645 -18.5225 -17.5159 -17.0416 -16.5515 -21.8213 -8.67735 -1.73576 4.27254 -11.0258 -27.5755 -28.5267 -34.6963 -40.866 -47.2983 -53.8004
17.974 17.9802 17.9864 17.9927 17.9989 18.0051 18.2467 18.5359 18.8056 19.0701 19.4338 19.8229 20.2095 20.5958 20.9811 21.373 21.8208 22.257 22.6923 23.127 23.5629 24.083 24.6042 25.1123 25.6118 26.1249 26.7623 27.3851 28.0078 28.6248 29.249 30.0429 30.8128 31.5596 32.3062 33.0581 34.061 34.9764 35.8915 36.8471 37.8121 39.1113 40.3234 41.4586 42.5933 43.7439 45.5656 47.2764 48.7965 50.1932 52.3722 53.0821 54.0286 55.0981 56.1864 57.522 58.5904 59.5044 60.4885 61.5163 62.6715 63.9159 64.7605 65.6781 66.7293 67.6454 69.048 69.6292 70.1784 70.6761 71.6481 71.734 71.9874 71.1325 70.4615 70.4625 70.5989 70.7284 70.64 70.502 70.472 68.2961 67.177 65.2711 61.5868 56.9689 56.0306 54.6082 52.2933 49.8027 45.7701 44.9813 43.4267 41.6027 39.7754 37.8579 36.8141 35.8053 34.792 33.7604 32.0994 30.8188 28.6562 25.967 23.1043 20.7165 18.4914 15.7675 13.7353 9.63581 5.46235 6.19176 6.2349 5.90797 5.0566 4.06322 4.0259 3.8314 4.47431 5.09175 6.09126 6.19348 6.29483 6.39532 6.49493 6.56596 7.88135 9.26086 10.6324 12.1169 13.6278 14.2047 14.7799 15.3535 15.8949 16.258 19.0635 21.674 24.2737 26.8623 29.2679 34.9451 40.5018 45.0564 49.84 54.5433 58.9172 63.4167 68.0926 72.9232 77.7571 79.8376 82.5461 85.527 88.3174 90.8547 94.3612 97.9388 101.522 103.577 105.626 108.589 109.631 111.046 113.946 114.821 114.451 112.496 109.811 106.898 105.204 104.941 104.677 104.412 104.068 103.661 98.3573 92.5855 86.6478 79.8748 72.0497 59.7632 49.1189 39.6908 32.1534 24.6587 22.1332 20.5463 19.8046 19.06 18.3121 14.9245 11.445 7.92359 4.63077 1.47173 -1.28465 -3.46053 -4.95941 -6.66841 -8.1756 -9.67733 -10.3534 -11.0329 -11.7159 -12.3198 -12.9868 -13.6561 -14.4388 -15.2908 -15.4632 -15.7437 -15.7483 -15.5712 -14.9878 -14.3511 -14.2339 -14.1215 -14.014 -13.8757 -13.6659 -13.1884 -12.3394 -11.6581 -12.292 -12.653 -13.2784 -13.438 -13.2896 -13.1153 -12.5852 -12.7227 -12.7211 -12.7059 -12.6907 -12.6756 -12.3612 -11.9648 -11.8653 -11.7736 -10.8996 -12.2465 -12.318 -12.6047 -11.9369 -10.2171 -10.5945 -10.2383 -9.00668 -6.25835 -3.09491 -3.48861 -2.63385 0.0359935 2.80301 5.65539 7.3289 8.95437 10.5662 11.8681 13.9075 16.6818 18.8798 20.5083 21.6729 21.5787 26.5097 29.0481 31.1759 33.2173 33.7287 38.7704 41.1133 42.4549 43.7699 44.3381 44.8483 45.173 45.1397 45.1068 45.0749 49.3672 53.3017 57.0467 56.8708 54.9762 67.7607 68.445 66.6727 64.4338 63.4576 63.1548 62.9106 62.7528 62.8543 62.8658 63.7697 63.1862 62.5941 61.9971 48.3779 48.193 47.9876 47.7645 47.4465 47.0243 44.4162 42.1327 39.9817 37.8307 12.3922
17.2436 17.2487 17.2545 17.2604 17.2663 17.2722 17.5295 17.7894 18.0493 18.3092 18.5687 18.5985 18.6283 18.6581 18.6879 18.7176 19.0933 19.46 19.8267 20.1934 20.559 20.9788 21.397 21.8153 22.2335 22.6558 23.1588 23.6552 24.1516 24.648 25.1388 25.731 26.3196 26.9081 27.4966 28.0772 28.7918 29.4929 30.1938 30.8947 31.5939 32.4493 33.2896 34.1297 34.9689 35.794 36.8428 37.8493 38.8561 39.8627 40.879 42.1318 43.3343 44.5363 45.7416 46.9302 48.4709 49.8993 51.3012 52.7024 54.1708 55.8624 57.415 58.9654 60.6222 62.2433 64.2782 66.1669 67.6266 69.1202 70.8428 71.4591 72.0135 72.5654 73.1148 73.6629 73.7083 73.7417 73.891 74.0389 74.1498 74.3503 74.5496 74.7476 74.9443 75.1168 74.9481 74.8541 74.7534 74.6459 74.3965 73.7917 73.005 72.2096 71.4057 70.3168 69.0341 67.3614 65.857 63.747 62.1257 60.5342 58.0571 55.7106 52.1165 49.6753 48.5161 46.3688 43.828 41.9459 40.0218 39.9049 39.6072 39.2924 38.9054 38.3037 38.198 38.102 38.0183 37.9484 37.8825 38.2574 38.5421 38.7968 38.9884 39.1158 39.7514 40.3811 41.0473 41.6067 42.0714 43.194 44.3007 45.3837 46.5072 47.6126 49.5362 51.296 53.0863 54.7783 56.3679 59.3029 61.9896 64.3678 66.3903 68.4135 72.499 75.1398 77.7949 80.9718 83.7534 88.441 91.3755 93.7384 95.9469 97.2679 97.4461 97.6232 97.7992 97.9741 97.9849 97.8481 97.6776 97.4585 97.3669 97.2675 97.6809 97.985 97.35 94.474 90.5705 93.2776 84.8847 73.4856 60.3406 36.7831 36.6935 36.6037 36.4435 36.2832 36.1235 20.8947 5.67051 -9.57098 -22.8738 -41.8734 -53.8478 -60.9168 -65.7029 -71.1556 -76.7428 -77.9885 -78.6119 -76.9545 -74.7978 -72.8751 -68.9776 -65.1992 -61.5497 -58.4596 -63.4971 -57.7746 -51.9524 -46.246 -43.1879 -40.4867 -35.6436 -31.3795 -30.3219 -29.319 -30.3598 -28.3298 -27.8194 -27.8651 -27.9252 -27.9948 -27.9807 -27.9668 -27.9678 -27.9789 -27.9904 -27.7696 -27.5578 -27.355 -27.272 -27.8404 -26.409 -26.7148 -27.2583 -28.6787 -30.5659 -29.8023 -29.6497 -30.3741 -31.1817 -32.1892 -32.1722 -32.1661 -32.1825 -32.199 -32.2155 -32.7937 -33.2397 -33.6411 -34.0585 -34.4796 -34.7703 -35.0652 -35.3644 -35.5718 -35.5158 -36.065 -36.9119 -36.1316 -35.5233 -34.9593 -34.6213 -34.2845 -33.9487 -33.4334 -32.8945 -30.3863 -27.8344 -23.6741 -19.1491 -14.5313 -14.0703 -13.5922 -12.061 -10.4656 -8.74209 -6.8902 -5.09373 -3.54985 -2.00865 -0.398627 1.90353 4.19689 6.48078 8.55842 10.0401 16.1699 21.4524 25.7627 29.1452 31.0967 32.9098 34.1024 35.1138 36.109 37.6982 38.6611 39.4853 40.2835 41.0535 41.2539 42.5797 43.8737 45.2293 46.4942 47.2585 47.3482 47.6945 48.1589 47.8915 47.5393 47.5088 47.4787 47.4489 47.4538 47.4683 48.006 48.0589 46.8717 46.2634 45.8058 45.8201 45.8288 45.8232 45.8176 45.812 46.4956 47.1697 47.0604 46.6221 45.8346 45.8164 45.7981 45.7799 45.7617 45.7441 45.6862 45.4658 45.2433 44.4769 42.7004 43.0199 43.2882 43.8949 42.5859 41.3004 42.3662 43.3906 42.7251 41.613 39.8901 39.7771 39.8214 39.582 38.5459 38.4112 38.3202 38.2168 38.1008 37.9764 37.861 38.9571 39.6344 39.6645 39.3707 35.072 37.704 40.5805 40.7959 37.4412 33.4055 37.2278 40.1783 38.9261 38.3557 35.6379 39.6123 40.1485 40.6512 40.8429 37.6969
16.2506 16.4771 16.7464 16.9732 17.1941 17.5027 17.8554 18.1991 18.5427 18.8884 19.2342 19.6405 20.0395 20.426 20.8125 21.204 21.6724 22.1246 22.5767 23.0377 23.5002 24.0577 24.6063 25.1458 25.6852 26.2323 26.9099 27.5636 28.2172 28.876 29.5414 30.3866 31.1929 31.9915 32.7899 33.5933 34.6251 35.6152 36.6049 37.5944 38.5639 39.8647 41.1274 42.3892 43.6507 44.8806 46.5973 48.2347 49.8714 51.5075 53.1253 55.4381 57.6564 59.8736 62.0897 64.2653 66.5664 68.7969 71.0261 73.2543 75.092 76.0309 76.9696 77.908 78.8748 79.8058 84.826 89.6936 94.548 99.4836 104.793 107.113 109.955 112.828 115.687 116.954 117.76 118.565 119.369 120.171 120.867 124.272 128.544 133.214 137.191 141.496 143.227 144.732 146.073 147.157 148.314 148.461 148.531 148.598 148.664 148.726 149.792 150.81 151.779 152.596 152.696 152.786 152.742 152.608 152.472 152.343 152.066 151.775 151.618 151.021 149.872 149.221 148.511 147.669 146.813 146.129 145.434 144.732 144.023 142.712 141.21 140.705 140.21 139.796 139.382 138.973 136.311 133.637 131.028 128.674 126.614 126.552 126.49 126.42 126.311 126.202 122.81 119.418 116.343 113.421 110.453 109.558 108.663 107.773 107.038 106.303 105.823 105.343 104.785 104.193 103.599 100.306 97.0096 93.7145 90.5864 87.5676 86.4928 85.4163 84.3605 83.3117 82.2251 81.8441 81.5563 81.3458 81.1352 80.9216 78.3369 75.748 73.1552 71.6739 70.2867 69.1688 67.8415 66.3179 64.7937 63.3072 62.7321 62.1795 61.6264 60.9765 60.3202 59.4946 58.6836 57.9013 57.1185 56.3191 54.1089 51.96 49.808 48.0025 46.4572 45.668 44.8773 44.1929 43.5287 42.8529 41.3089 39.7623 38.8223 37.9849 36.5907 36.1369 35.6834 35.2302 34.7771 34.3612 34.2734 34.1857 34.0979 34.0103 33.8804 32.476 31.4659 30.6067 29.7474 28.8926 28.1858 27.4797 26.8285 26.3011 25.7136 25.481 25.2485 25.0158 24.8322 24.65 21.2248 17.9617 14.5472 12.1571 9.80366 8.75971 7.84452 7.06588 6.28681 5.47242 5.421 5.36957 5.30045 5.22465 5.14885 4.32127 3.49265 2.66299 1.77079 0.933958 -3.34365 -6.67574 -9.38551 -12.3167 -14.2949 -18.3354 -21.9555 -24.7894 -27.6382 -30.4858 -32.4506 -34.4135 -36.3746 -37.9837 -38.1703 -40.4351 -41.3907 -41.3405 -42.5199 -43.8572 -43.9878 -44.1196 -44.2526 -44.4106 -44.5852 -43.7154 -43.3511 -43.2622 -46.2839 -49.2826 -47.211 -46.2129 -46.1978 -46.2017 -46.2197 -46.1557 -46.0924 -46.0298 -45.9678 -46.0321 -46.649 -46.9815 -46.7777 -46.2313 -45.6725 -46.112 -46.5595 -47.03 -47.58 -47.5919 -48.2403 -48.5549 -49.9009 -49.7228 -49.5423 -49.849 -50.361 -49.6686 -48.5604 -47.9317 -44.0644 -41.6396 -39.7834 -38.5148 -37.444 -37.4424 -37.4408 -37.4391 -37.4381 -37.4379 -35.8597 -34.2873 -32.5748 -30.8433 -29.2969 -27.81 -27.2248 -29.273 -31.0073 -33.746 -33.7853 -34.0316 -34.5717 -35.1112 -35.6481 -38.065 -40.2553 -42.4355 -43.9869 -44.9069 -47.879 -49.9627 -51.1876 -52.2801 -52.8695 -53.4096 -53.6353 -53.5102 -53.3885 -53.2652 -53.33 -53.3987 -53.4584 -53.4114 -53.2272 -52.9669 -52.3481 -50.073 -49.2077 -48.1145 -46.6227 -45.0365 -43.503 -41.975 -39.5939 -38.063 -37.019 -35.9791 -34.9432 -34.1186 -33.9995 -33.8803 -33.7612 -33.6466 -33.6168 -33.5601 -33.542 -33.5243 -33.507 -33.4969 -33.4502 -33.4025 -33.3538 -33.304 -33.2971 -33.9041 -34.5966 -35.3439 -36.0553 -37.0934 -37.1707 -37.5002 -37.8667 -38.2328 -38.6488 -38.6531 -38.6719 -38.6907 -38.7095 -38.7283 -38.7863 -38.8449 -38.9039 -39.0541 -39.2755 -39.6405 -40.0363 -40.3769 -40.7754 -41.221 -42.2068 -43.192 -44.1483 -44.4724 -44.7714 -45.6897 -46.6145 -47.4636 -48.286 -49.093 -49.6432 -50.1561 -50.6263 -51.0309 -51.4467 -52.3048 -53.0074 -53.5991 -54.1912 -54.5728 -55.6064 -56.295 -56.9449 -57.605 -58.2693 -58.6358 -58.69 -58.769 -58.8493 -58.9417 -58.9901 -59.0388 -59.0878 -59.1371 -59.2043 -58.7218 -58.3088 -57.3544 -55.7054 -54.6051 -53.8937 -52.5478 -51.6744 -50.618 -49.7543 -49.2438 -48.6065 -48.1253 -47.7887 -47.3498 -47.1796 -46.9301 -46.6867 -46.4506 -46.0306 -45.8481 -45.6259 -45.493 -45.3603 -45.1542 -44.9317 -44.7672 -44.604 -44.4541 -44.3784 -44.3475 -44.3337 -44.3199 -44.3062 -44.2932 -44.1855 -44.0762 -43.9673 -43.8589 -43.7118 -43.6783 -43.6355 -43.5865 -43.5383 -43.5183 -43.4926 -43.4806 -43.4914 -43.5124 -43.5344 -43.5924 -43.6504 -43.7085 -43.7666 -43.7281 -44.1647 -44.4961 -44.68 -44.9644 -44.8324 -45.4163 -45.7407 -45.8856 -45.9452 -45.8295 -45.7945 -45.7605 -45.4621 -44.8849 -44.2727 -44.1354 -43.7857 -43.441 -43.1012 -42.3675 -42.4015 -42.0236 -41.6504 -41.2744 -40.492 -40.0439 -39.5488 -39.0644 -38.5851 -37.8951 -37.3481 -36.7441 -36.1458 -35.5533 -34.9958 -34.4248 -33.7561 -33.0923 -32.4334 -31.6772 -31.1582 -30.4868 -29.8178 -29.1513 -28.5202 -28.2947 -28.0695 -27.8433 -27.601 -27.3554 -27.3268 -27.297 -27.2673 -27.2377 -27.2085 -26.2754 -25.3442 -24.4053 -23.4698 -22.4505 -21.5476 -20.6552 -19.7658 -18.8572 -17.6834 -16.7655 -15.8055 -14.8885 -13.9729 -13.0365 -11.9762 -11.1204 -10.217 -9.24465 -8.45029 -7.5727 -6.81512 -6.07379 -5.45569 -5.12772 -4.21626 -3.61514 -3.10619 -2.59611 -2.26261 -1.84567 -1.54703 -1.24779 -0.949434 -0.678345 -0.626581 -0.574818 -0.523058 -0.471299 -0.4107 -0.197183 0.0223746 0.253515 0.48467 0.653399 0.838542 0.961551 1.08455 1.22814 1.4123 1.43217 1.4633 1.52111 1.52661 1.53032 1.60392 1.67602 1.7044 1.78043 1.85788 1.80165 1.74796 1.75792 1.73845 1.71033 1.74859 1.76535 1.76544 1.77366 1.82028 1.75281 1.74987 1.7464 1.73999 1.71762 1.72408 1.71611 1.71322 1.71079 1.71255 1.70739 1.70735 1.70732 1.70728 1.70724 1.70423 1.70115 1.69534 1.68702 1.71031 1.6722 1.66358 1.66107 1.65848 1.68395 1.64717 1.64403 1.64084 1.64189 1.73033 1.64856 1.62276 1.62416 1.64399 1.68545 1.63831 1.61174 1.61724 1.66762 1.75481 1.67771 1.64885 1.65375 1.67234 1.71794 1.68156 1.67709 1.68145 1.69176 1.76152 1.68315 1.68691 1.69048 1.69324 1.72461 1.69811 1.6998 1.70276 1.7057 1.74265 1.70771 1.7079 1.70808 1.70779 1.71636 1.70372 1.70154 1.69967 1.69779 1.69819 1.69527 1.69477 1.69427 1.69377 1.69327 1.68776 1.68225 1.67673 1.6711 1.68594 1.65776 1.64988 1.64199 1.63411 1.65825 1.61817 1.60868 1.59963 1.59616 1.63834 1.58927 1.58448 1.57965 1.57476 1.59042 1.56524 1.55965 1.55401 1.54836 1.55457 1.53789 1.53239 1.52678 1.52115 1.51494 1.51393 1.51292 1.51191 1.51089 1.51141 1.50067 1.49143 1.48219 1.47325 1.47628 1.45592 1.44703 1.43779 1.42855 1.4429 1.41093 1.40176 1.39263 1.38375 1.4023 1.36627 1.35665 1.34702 1.33737 1.36488 1.3178 1.30721 1.29654 1.28582 1.31216 1.26441 1.253 1.2416 1.23031 1.26507 1.20793 1.19636 1.18434 1.17232 1.20348 1.14861 1.13635 1.1241 1.11222 1.15131 1.08855 1.07673 1.06483 1.0552 1.08827 1.0338 1.01903 1.00787 1.00281 1.03963 0.982734 0.972406 0.963994 0.955568 0.981255 0.939106 0.930201 0.921283 0.91207 0.929038 0.893433 0.883861 0.874504 0.865135 0.870304 0.846764 0.837468 0.828161 0.818567 0.815281 0.800813 0.792851 0.785413 0.777969 0.770477 0.767941 0.765405 0.762868 0.760332 0.760274 0.74621 0.734675 0.723133 0.711152 0.710153 0.687102 0.675867 0.6651 0.654328 0.666963 0.633498 0.623788 0.614072 0.603821 0.621075 0.584599 0.575358 0.566606 0.557849 0.589268 0.540471 0.5317 0.522926 0.516504 0.544024 0.500951 0.485841 0.47663 0.478913 0.511466 0.463382 0.439087 0.42959 0.435851 0.459834 0.418868 0.392036 0.383911 0.39724 0.426288 0.380668 0.350904 0.343095 0.352544 0.37488 0.336614 0.310792 0.30357 0.316894 0.344597 0.302351 0.27498 0.268596 0.278893 0.301387 0.266935 0.244098 0.238382 0.252109 0.279183 0.241187 0.216854 0.211176 0.221043 0.242262 0.21039 0.189394 0.183496 0.195465 0.220088 0.184413 0.161685 0.155631 0.164018 0.183368 0.152911 0.133133 0.12704 0.137148 0.159855 0.12602 0.104703 0.0985251 0.105446 0.123281 0.0941327 0.0771339 0.0718653 0.0774103 0.0982446 0.0657921 0.0522005 0.0474972 0.0478988 0.0654814 0.0384478 0.0310889 0.0270381 0.0238877 0.0446109 0.0160024 0.0119989 0.0080962 0.00419146 0.0182542 -0.00261561 -0.00665011 -0.0106865 -0.0147208 -0.00322859 -0.0221738 -0.0264883 -0.030881 -0.0352755 -0.030042 -0.0440305 -0.0485308 -0.0530328 -0.057409 -0.0547004 -0.065617 -0.0700888 -0.0746378 -0.0791886 -0.0810969 -0.087338 -0.0910807 -0.0948246 -0.0985699 -0.102395 -0.103495 -0.104595 -0.105695 -0.106795 -0.107295 -0.113268 -0.118326 -0.123236 -0.128148 -0.128367 -0.137224 -0.14127 -0.145318 -0.149532 -0.147591 -0.158049 -0.161635 -0.165058 -0.168483 -0.160495 -0.175883 -0.179332 -0.182783 -0.18635 -0.178557 -0.194354 -0.197944 -0.201468 -0.204994 -0.190301 -0.211416 -0.214661 -0.217907 -0.221062 -0.208131 -0.226051 -0.230516 -0.23346 -0.234087 -0.218498 -0.240989 -0.245957 -0.249142 -0.251489 -0.240408 -0.259108 -0.263341 -0.266567 -0.269255 -0.254092 -0.275682 -0.278668 -0.281419 -0.284588 -0.273782 -0.290482 -0.293339 -0.295641 -0.297943 -0.284148 -0.303091 -0.305129 -0.307169 -0.309835 -0.299858 -0.314584 -0.317245 -0.319706 -0.322146 -0.310107 -0.326471 -0.329008 -0.331655 -0.334599 -0.326804 -0.339191 -0.342651 -0.3457 -0.34845 -0.340166 -0.355396 -0.358872 -0.362707 -0.366799 -0.362137 -0.374836 -0.378957 -0.38297 -0.38665 -0.380306 -0.393475 -0.396573 -0.400138 -0.403762 -0.400188 -0.410287 -0.413536 -0.416785 -0.419393 -0.414319 -0.425281 -0.428135 -0.431521 -0.434907 -0.432646 -0.441835 -0.445253 -0.448672 -0.451894 -0.44864 -0.457718 -0.460879 -0.464281 -0.467683 -0.466799 -0.474478 -0.478551 -0.482623 -0.486551 -0.486094 -0.495356 -0.500668 -0.506023 -0.511377 -0.514015 -0.523395 -0.530174 -0.536952 -0.543731 -0.547951 -0.558562 -0.566314 -0.574066 -0.581819 -0.588091 -0.599311 -0.609282 -0.619254 -0.629227 -0.638433 -0.649163 -0.658636 -0.66811 -0.677585 -0.686891 -0.692069 -0.697334 -0.702599 -0.707865 -0.712991 -0.727198 -0.741407 -0.755617 -0.769828 -0.783804 -0.793857 -0.794055 -0.79426 -0.794472 -0.772065 -0.758974 -0.752747 -0.746516 -0.740283 -0.733925 -0.693012 -0.65476 -0.631706 -0.608634 -0.60512 -0.748939 -0.76581 -0.798068 -0.838341 -0.614582 -0.515314 -0.357683 -0.184562 -0.0228103 0.0152102 -0.0176778 -0.0521567 -0.0843146 -0.118192 -0.177906 -0.083387 -0.0913515 -0.104081 -0.117329 -0.134049 -0.124497 -0.11894 -0.149224 -0.294402 -0.439622 -0.554137 -0.66909 -0.67977 -0.425976 -0.17139 -0.0742386 -0.0180851 0.114976 0.475976 0.48443 0.648055 0.645448 0.63924 0.635627 0.476997 0.485121 0.442248 0.393457 0.313497 0.218435 0.201798 0.178049 0.149623 0.105272 0.0711628 0.0710309 0.0607343 0.0459445 0.0186298 0
15.8243 16.029 16.2721 16.4961 16.7163 17.0203 17.3555 17.6972 18.0282 18.3485 18.6813 19.0658 19.4304 19.8037 20.1899 20.5644 21.0108 21.4623 21.8971 22.3245 22.7612 23.2962 23.8071 24.3227 24.8607 25.3857 26.0329 26.6849 27.3024 27.9172 28.5432 29.3446 30.1069 30.8689 31.6507 32.4207 33.4294 34.4086 35.3318 36.2546 37.1826 38.4579 39.6443 40.8301 42.0429 43.247 44.9245 46.4921 48.0291 49.5647 51.0893 53.3509 55.4052 57.4568 59.5057 61.5748 64.7342 67.4667 70.1915 72.9006 75.5455 79.3579 82.7596 86.1407 89.4999 90.624 91.5361 92.4463 93.3546 94.3081 95.4341 97.5812 99.8196 102.029 104.208 106.352 106.97 107.558 108.142 108.722 109.181 110.69 112.17 113.356 114.226 115.066 115.814 116.289 116.698 117.378 117.347 116.89 116.678 116.649 116.115 115.39 114.6 113.58 112.37 111.19 109.926 109.547 108.975 108.392 107.806 107.273 106.674 106.075 105.476 104.809 104.119 103.991 103.863 103.735 103.693 103.67 102.139 100.6 99.0587 97.1587 95.1531 94.175 93.1768 92.1106 90.9934 89.8655 89.03 88.1941 87.3434 86.4119 85.4715 84.8306 84.0672 83.0822 82.0965 81.1423 80.0773 79.1703 78.2628 77.1309 75.9476 75.7801 75.6126 75.4451 75.2352 75.0141 73.1501 71.1278 69.0826 66.9098 64.7059 63.6579 62.5702 61.3288 60.1147 58.8709 58.2939 57.7152 57.0399 56.3643 55.6921 55.4514 55.2106 54.9699 54.7211 54.4622 52.2035 49.8522 47.8024 45.5811 43.2254 42.6352 42.0234 41.2738 40.5241 39.7607 38.0336 36.4935 34.9187 33.2103 31.4717 30.9089 30.3004 29.626 28.9512 28.2767 26.6233 25.271 23.9166 22.2943 20.4822 20.3543 20.2082 20.0263 19.8443 19.661 17.5934 15.5149 13.5228 11.4754 9.3973 8.59063 7.01502 5.57374 4.12694 2.52697 2.36604 2.23207 2.11237 1.99259 1.87237 1.65003 1.42743 1.19631 0.934806 0.668612 -0.451236 -1.57558 -2.70437 -3.7068 -4.58765 -5.52785 -6.47671 -7.54013 -8.6894 -9.82013 -10.5879 -11.184 -11.7144 -12.2507 -12.7957 -12.8801 -12.9646 -13.0493 -13.1457 -13.2423 -13.254 -13.2672 -13.2809 -13.2946 -13.3083 -13.8773 -14.4745 -15.0776 -15.6853 -16.2825 -16.71 -17.1436 -17.7615 -18.6518 -19.5308 -19.9254 -20.3006 -20.7806 -21.2626 -21.7466 -21.8119 -21.8771 -21.9424 -22.006 -22.0544 -22.153 -22.2916 -22.4379 -22.5843 -22.733 -23.2879 -23.8442 -24.4017 -24.9066 -25.353 -26.1483 -26.9204 -27.6955 -28.4292 -29.1442 -30.1219 -31.012 -31.5717 -32.1678 -32.5852 -33.8164 -34.5563 -35.2035 -35.8555 -36.5559 -36.6393 -36.7228 -36.8242 -36.9498 -37.078 -37.0834 -37.0887 -37.094 -37.0994 -37.1031 -37.7616 -38.4341 -39.1183 -39.8141 -40.7498 -40.4716 -40.4143 -40.4184 -40.3789 -40.2972 -39.8425 -39.409 -39.1349 -39.4702 -39.8013 -39.0326 -38.7828 -38.9157 -38.997 -39.403 -39.8028 -39.5933 -39.3848 -39.237 -39.2199 -39.2254 -39.2311 -39.2368 -39.2425 -39.2311 -38.7832 -38.3505 -36.9979 -35.9179 -34.7613 -35.0623 -34.8401 -34.8292 -34.8808 -34.6364 -34.4932 -34.62 -34.7476 -34.8758 -35.0188 -35.0601 -35.1018 -35.1153 -35.0611 -35.2617 -34.8146 -35.0438 -35.4389 -35.8403 -36.1835 -36.2136 -36.2438 -36.2741 -36.3044 -36.3958 -36.7677 -37.1777 -37.5943 -38.2416 -38.2255 -38.8548 -39.3533 -39.7166 -39.8946 -40.0291 -38.9669 -37.9152 -37.045 -36.4171 -35.6359 -34.3212 -32.6838 -30.7387 -28.7952 -26.182 -25.2026 -23.3516 -21.3954 -19.4472 -17.1442 -16.4146 -15.7918 -15.171 -14.5522 -13.8908 -13.2011 -12.5139 -11.9169 -11.3618 -10.9169 -10.5077 -10.0998 -9.69328 -9.38596 -9.29698 -8.30755 -7.17539 -6.06313 -5.15224 -6.01708 -4.72119 -3.7143 -4.09831 -8.58084 -13.363 -16.8677 -21.463 -27.9731 -34.2868 -37.5403 -38.6919 -39.8449 -40.9993 -42.1007 -42.9423 -57.8141 -69.2204 -81.4053 -92.6983 -103.267 -115.511 -127.48 -139.501 -151.571 -165.999 -169.819 -168.617 -170.991 -173.492 -176.7 -177.212 -177.186 -176.299 -175.454 -173.911 -173.398 -174.287 -175.875 -177.575 -179.05 -168.536 -156.268 -150.684 -146.466 -142.027 -140.445 -138.678 -136.913 -135.15 -133.854 -128.5 -122.873 -114.99 -108.969 -105.496 -97.1889 -91.505 -86.9669 -83.1706 -80.2131 -74.1622 -71.5858 -69.6984 -66.992 -66.3344 -64.873 -63.7196 -62.5721 -61.4305 -60.3491 -58.2911 -56.5589 -54.4144 -52.1179 -50.7692 -48.3859 -46.7181 -45.8517 -45.6101 -45.5953 -44.8973 -44.7527 -44.8431 -45.1567 -45.5291 -45.3732 -45.1914 -45.0124 -45.0245 -45.0128 -44.9318 -44.8511 -44.7707 -44.6907 -45.0556 -45.3374 -45.6091 -45.8809 -46.1684 -46.052 -45.8203 -45.8421 -45.9368 -46.017 -46.1321 -46.3451 -46.2688 -46.1922 -46.1152 -46.0482 -45.9792 -46.0079 -46.0906 -46.1728 -46.4004 -46.957 -47.3936 -47.5408 -47.6049 -47.2957 -47.6604 -47.6331 -47.6767 -47.7216 -47.7485 -47.7619 -47.761 -47.7601 -47.7592 -47.7583 -47.8141 -47.8716 -47.8853 -47.7423 -47.4464 -48.5105 -48.8531 -49.0863 -48.2869 -46.9495 -47.2883 -47.2692 -47.0606 -46.7965 -46.3343 -46.0446 -45.9302 -45.8165 -45.6983 -45.4459 -45.331 -45.2278 -45.2951 -45.3668 -44.81 -44.8747 -44.6684 -44.6012 -44.3932 -43.7367 -43.7192 -43.6219 -43.3673 -42.6681 -41.8037 -41.5485 -40.9671 -40.1806 -39.4613 -38.4443 -37.6687 -36.6405 -35.5747 -34.5258 -33.5173 -33.2921 -32.9968 -32.702 -32.4077 -32.1411 -31.6029 -31.0688 -30.4702 -29.8111 -29.122 -28.7525 -28.3843 -28.0104 -27.5394 -26.9586 -25.7319 -24.4367 -23.1525 -21.7001 -19.7865 -18.8029 -17.468 -16.2565 -15.0992 -13.8861 -12.9883 -11.9367 -10.8124 -9.90633 -8.95032 -8.76376 -8.53636 -8.30125 -8.06655 -7.84636 -7.65159 -7.4569 -7.2592 -7.04101 -6.91204 -6.35535 -5.95101 -5.54679 -5.1427 -4.77979 -4.42047 -3.96587 -3.5619 -3.16668 -2.74592 -2.53308 -2.3057 -2.07887 -1.85258 -1.61827 -1.59821 -1.57817 -1.55817 -1.52806 -1.42428 -0.662399 0.0853384 0.674783 1.1195 1.53941 1.65161 1.73607 1.81878 2.00709 2.20455 2.29801 2.39121 2.48416 2.57512 2.50407 2.75442 2.95717 3.13588 3.17381 2.92056 3.13534 3.34437 3.43977 3.44927 3.45524 3.42217 3.393 3.38719 3.38119 3.37492 3.32672 3.31114 3.29602 3.29259 3.33643 3.28904 3.29011 3.29112 3.29207 3.29297 3.28667 3.27587 3.26437 3.25217 3.20831 3.15226 3.12302 3.10133 3.07504 2.97877 2.96869 2.94547 2.92919 2.9117 2.95686 2.86085 2.85619 2.8434 2.82666 2.81927 2.80484 2.80274 2.80059 2.79839 2.79624 2.78395 2.77148 2.75984 2.75262 2.76886 2.72922 2.7135 2.69514 2.67652 2.76432 2.66942 2.68942 2.7088 2.72752 2.76779 2.75024 2.75652 2.76273 2.76888 2.7744 2.77973 2.78468 2.78925 2.79346 2.80434 2.79753 2.80201 2.80577 2.80974 2.82164 2.8087 2.81349 2.81667 2.82526 2.87494 2.82517 2.80978 2.8118 2.82903 2.86365 2.81937 2.78762 2.79196 2.83138 2.89239 2.80972 2.77739 2.78166 2.79175 2.84465 2.77328 2.77716 2.77769 2.77023 2.81499 2.75388 2.74368 2.73865 2.73828 2.75081 2.73417 2.73388 2.73352 2.7331 2.73261 2.72233 2.71089 2.6994 2.68785 2.68484 2.65832 2.63727 2.61804 2.607 2.6402 2.57811 2.56525 2.54247 2.51855 2.53716 2.48594 2.46076 2.43685 2.44166 2.50292 2.41679 2.3696 2.34411 2.34669 2.37029 2.31774 2.26998 2.24645 2.2876 2.33973 2.25897 2.18846 2.16797 2.18272 2.20591 2.15637 2.11225 2.09299 2.12361 2.16756 2.09644 2.03685 2.01811 2.02838 2.04803 2.0009 1.95975 1.9409 1.96237 1.99678 1.93219 1.87914 1.86202 1.86717 1.88292 1.83676 1.80532 1.78778 1.78892 1.81586 1.75544 1.72457 1.70639 1.69673 1.70955 1.66328 1.64597 1.62813 1.61026 1.632 1.57931 1.56183 1.54432 1.53041 1.53759 1.50185 1.48868 1.47189 1.45508 1.46045 1.42407 1.40716 1.39024 1.37702 1.37492 1.3503 1.33699 1.3202 1.30339 1.29466 1.27098 1.2545 1.238 1.22466 1.21319 1.20701 1.20253 1.19804 1.19356 1.18897 1.17852 1.16758 1.15664 1.14569 1.13492 1.11862 1.10219 1.08576 1.0722 1.06187 1.04499 1.03197 1.01625 1.00053 0.985999 0.971455 0.957006 0.942647 0.930847 0.925576 0.907279 0.896521 0.883284 0.869876 0.858667 0.845463 0.832609 0.820047 0.809979 0.808322 0.787296 0.776899 0.764189 0.751112 0.741263 0.726117 0.712818 0.69996 0.689133 0.689722 0.664262 0.653328 0.640647 0.627695 0.620052 0.603209 0.590217 0.57805 0.569099 0.571677 0.545994 0.53322 0.521847 0.511667 0.507588 0.491149 0.478975 0.468919 0.464471 0.470082 0.447088 0.434096 0.425237 0.419187 0.418754 0.403341 0.391545 0.383391 0.382872 0.389713 0.367377 0.352692 0.344695 0.34091 0.341616 0.325208 0.312058 0.304233 0.305887 0.313209 0.290419 0.273186 0.265456 0.26378 0.265502 0.247685 0.232571 0.224822 0.228355 0.235896 0.212138 0.192136 0.184501 0.185389 0.188755 0.170138 0.153373 0.146286 0.152892 0.162014 0.139477 0.118853 0.112576 0.117362 0.123546 0.105656 0.0884927 0.0829033 0.0923411 0.102669 0.0812432 0.060064 0.0545439 0.0612967 0.068179 0.0492742 0.0303424 0.0248198 0.0346834 0.0445794 0.0220908 -0.000428792 -0.00663968 -5.4561e-05 0.00655475 -0.013583 -0.0337436 -0.0396457 -0.0301795 -0.0206844 -0.0434325 -0.0662081 -0.0725859 -0.0651731 -0.0577385 -0.0772699 -0.0968006 -0.10189 -0.0916789 -0.0814419 -0.102054 -0.122691 -0.127492 -0.118094 -0.108681 -0.126571 -0.144476 -0.147895 -0.136526 -0.125134 -0.143646 -0.16218 -0.165398 -0.155198 -0.144984 -0.161797 -0.178621 -0.181598 -0.170619 -0.159621 -0.177518 -0.195431 -0.198835 -0.189372 -0.179899 -0.196689 -0.213489 -0.216953 -0.206932 -0.196894 -0.214563 -0.232248 -0.236029 -0.227256 -0.218473 -0.23515 -0.251835 -0.255714 -0.246581 -0.237434 -0.254227 -0.271032 -0.274558 -0.265424 -0.25628 -0.271815 -0.287356 -0.290141 -0.28061 -0.271066 -0.285806 -0.300558 -0.302894 -0.293596 -0.28429 -0.298635 -0.312985 -0.315475 -0.306815 -0.298144 -0.313033 -0.327928 -0.331222 -0.32365 -0.316054 -0.33147 -0.346854 -0.350727 -0.343369 -0.335955 -0.351528 -0.367057 -0.371139 -0.364399 -0.357598 -0.373011 -0.388383 -0.392686 -0.386197 -0.379652 -0.394783 -0.409895 -0.413858 -0.406771 -0.399654 -0.414124 -0.428598 -0.431634 -0.424049 -0.416457 -0.429474 -0.442497 -0.44482 -0.436837 -0.428849 -0.441728 -0.45461 -0.457087 -0.450127 -0.443162 -0.456189 -0.469219 -0.472182 -0.465461 -0.458739 -0.472156 -0.485575 -0.488817 -0.482531 -0.47624 -0.489627 -0.503017 -0.507049 -0.501872 -0.496694 -0.511371 -0.526049 -0.531568 -0.528052 -0.524532 -0.540493 -0.556458 -0.563586 -0.561363 -0.559138 -0.57763 -0.596124 -0.604305 -0.602403 -0.600497 -0.61937 -0.638246 -0.649409 -0.652775 -0.65614 -0.684489 -0.712841 -0.724698 -0.721561 -0.718421 -0.743485 -0.768553 -0.790345 -0.822835 -0.855326 -0.949036 -1.04274 -1.03663 -0.926737 -0.816843 -0.659179 -0.600114 -0.588204 -0.583017 -0.687674 -0.822984 -0.81576 -0.817656 -0.819517 -0.692936 -0.480129 -0.304945 -0.127486 0.0497926 0.0120936 0.000268723 -0.0380688 -0.0733068 -0.106676 -0.172103 -0.275351 -0.288803 -0.302971 -0.321536 -0.226553 -0.204044 -0.14392 -0.0355261 -0.117258 -0.262108 -0.376243 -0.490808 -0.476927 -0.210584 0.0560137 0.188134 0.256067 0.358857 0.421597 0.43 0.593577 0.661549 0.655333 0.584175 0.4255 0.433581 0.412348 0.368555 0.28735 0.192265 0.175607 0.154886 0.131038 0.0923916 0.0582719 0.0581298 0.0521401 0.041709 0.0186298 0
15.2871 15.5137 15.7568 16 16.2199 16.488 16.814 17.121 17.4413 17.7616 18.0645 18.4241 18.7882 19.1522 19.4963 19.8455 20.2638 20.6639 21.0902 21.5164 21.93 22.4293 22.9391 23.446 23.9173 24.4034 25.0075 25.5736 26.1768 26.7891 27.3769 28.1153 28.8668 29.5922 30.2758 30.9807 31.8955 32.7395 33.6183 34.5446 35.4295 36.5949 37.7757 38.8521 39.8989 40.9763 42.4731 43.8039 45.1328 46.6274 48.0434 50.0593 51.9753 53.6424 55.3043 57.0144 59.5441 61.6454 63.7366 65.8488 68.2382 71.8041 74.1934 76.4265 78.6177 81.5677 82.3349 83.4747 84.6084 85.7346 86.553 88.5605 90.108 91.4147 92.6709 93.1702 93.1919 93.1958 93.1995 93.203 93.2063 93.3191 93.4088 93.654 93.874 93.684 93.2396 92.5651 91.8816 90.8877 89.9251 89.9121 89.8991 89.8861 89.8636 89.8312 88.4604 87.0423 85.6007 83.8855 81.8369 79.5184 77.3471 74.9282 72.1748 69.5461 69.2395 68.9327 68.6254 68.3553 68.0829 65.4043 62.6623 59.7074 55.9902 52.3563 50.3211 49.1622 47.9865 46.7998 45.6895 45.0717 44.4287 43.7855 43.1365 42.4654 41.4414 40.4158 39.3399 38.4002 37.5019 34.6407 31.9266 28.7497 25.1574 21.3402 20.7755 20.0513 19.3025 18.5523 17.8378 17.3857 16.9404 16.5067 16.0982 15.8435 15.4898 15.1774 14.9112 14.6402 14.3588 13.7777 13.1937 12.6068 11.8548 10.972 10.165 9.35826 8.55686 7.802 7.052 6.63282 6.08823 5.44054 4.79047 4.08605 3.83038 3.57442 3.33033 3.1045 2.8942 2.84689 2.79117 2.7351 2.67902 2.62306 1.86833 1.11028 0.34892 -0.425989 -1.56595 -2.2256 -2.98873 -3.96366 -5.01939 -6.1135 -6.77534 -7.41608 -8.05134 -8.68772 -9.47405 -9.773 -10.0724 -10.3721 -10.6598 -10.8883 -11.7781 -12.5071 -13.3065 -14.1097 -14.9203 -14.9573 -15.0349 -15.1126 -15.1903 -15.2685 -16.1212 -16.9787 -17.5123 -17.8546 -18.5185 -18.5825 -18.7434 -18.9253 -19.2131 -19.5886 -19.4993 -19.742 -19.8136 -19.862 -20.1051 -19.8992 -19.9159 -19.9327 -19.9494 -19.9663 -20.2418 -20.5688 -21.0422 -21.518 -21.6319 -22.7703 -23.4708 -24.072 -24.7296 -25.4287 -25.5698 -25.5984 -25.6273 -25.6564 -25.686 -25.8595 -26.1304 -26.4908 -26.8533 -26.8488 -27.15 -27.2745 -27.461 -27.8381 -28.3517 -28.3072 -28.6979 -29.0657 -29.41 -29.6929 -29.911 -30.1078 -30.3049 -30.5021 -30.7093 -31.563 -32.8572 -34.3232 -35.7913 -37.2873 -39.2768 -41.0242 -41.9094 -43.3456 -46.3061 -47.0564 -47.807 -48.8759 -49.9123 -50.9671 -51.6761 -52.4628 -53.2635 -54.0691 -54.9744 -55.5489 -56.2361 -56.9264 -57.6198 -58.3856 -59.0983 -59.4501 -59.8136 -60.1887 -60.6058 -61.308 -62.6754 -63.5819 -63.572 -63.662 -63.698 -64.0847 -64.2047 -63.7838 -62.5476 -61.6473 -60.7495 -59.8544 -58.9867 -59.4755 -55.4493 -51.9578 -49.6568 -45.0599 -41.8458 -38.1516 -34.3753 -30.418 -26.1903 -22.0879 -21.0199 -19.9247 -18.9009 -17.9157 -16.9664 -15.8751 -15.9085 -16.5183 -17.1413 -17.7884 -17.7897 -17.8386 -17.91 -17.9814 -18.0524 -19.5375 -21.277 -23.0284 -24.7915 -26.6197 -27.1186 -27.6174 -28.1159 -28.6143 -29.141 -33.1289 -37.1888 -41.2516 -45.323 -50.0809 -54.7161 -58.9785 -63.0419 -66.8535 -70.8198 -73.0854 -75.3525 -77.6211 -79.9653 -82.4308 -90.5503 -99.2856 -107.644 -113.548 -118.855 -129.611 -135.021 -140.218 -145.28 -149.907 -153.482 -153.381 -153.521 -153.879 -155.076 -154.927 -154.846 -154.764 -154.683 -154.599 -151.72 -148.943 -146.273 -143.896 -141.95 -138.867 -133.669 -128.372 -123.109 -118.239 -115.059 -110.008 -104.786 -99.973 -94.2578 -91.9849 -89.059 -85.7698 -82.4843 -79.9185 -76.1057 -71.3014 -67.7939 -65.1884 -61.0515 -59.2462 -57.0583 -55.5987 -54.6738 -53.3946 -52.7913 -51.6975 -50.9211 -50.664 -49.4511 -49.7589 -49.987 -50.2234 -50.5111 -50.6222 -50.688 -50.8492 -51.0665 -51.2864 -51.4102 -51.4515 -51.6425 -51.8354 -52.0302 -52.2009 -52.2374 -52.1578 -52.0694 -51.9457 -52.2129 -52.2918 -52.2975 -52.3162 -51.7355 -50.9643 -50.6441 -50.2881 -49.9778 -49.5834 -49.1216 -49.2729 -49.423 -49.1213 -48.4095 -47.7116 -47.3859 -46.9946 -46.5351 -46.0625 -45.7548 -45.1698 -45.2296 -45.2902 -45.3518 -45.3609 -45.2196 -45.0788 -44.9385 -44.7986 -44.6116 -44.6683 -44.4466 -44.3905 -44.2956 -43.8137 -43.1361 -42.5245 -42.4206 -42.8499 -43.2873 -43.6101 -43.6533 -43.5413 -43.2194 -42.6285 -42.5972 -42.4947 -42.3936 -42.294 -42.1932 -41.9507 -41.7018 -41.4594 -41.2236 -40.73 -40.5117 -40.1248 -39.7438 -39.2394 -38.3176 -37.9331 -37.4324 -36.7466 -35.9003 -34.9635 -34.0003 -32.9001 -31.7019 -30.5509 -29.2392 -28.6891 -27.7763 -26.8751 -25.9986 -25.2522 -24.8958 -24.5411 -24.1879 -23.8362 -23.1398 -22.1619 -21.1117 -20.0721 -18.7365 -16.9086 -15.6062 -14.3811 -13.3502 -12.336 -11.2062 -10.2283 -9.44228 -8.71689 -8.13222 -7.36074 -6.99078 -6.68427 -6.40176 -6.12002 -5.84884 -5.83047 -5.81211 -5.79376 -5.76878 -5.71208 -5.42118 -5.10466 -4.7851 -4.39362 -3.76387 -3.55786 -3.13049 -2.68539 -2.23476 -1.59549 -0.822921 -0.540738 -0.274962 -0.014303 -0.205441 0.345404 0.900792 1.45365 2.004 2.49822 2.62657 2.74367 2.86051 2.97465 3.17246 3.15937 3.17295 3.187 3.20104 3.21506 3.34298 3.46488 3.52318 3.57886 3.47179 3.62628 3.70262 3.77823 3.79897 3.79985 3.77445 3.78585 3.79716 3.83914 3.83306 3.78942 3.77579 3.75568 3.77307 3.84905 3.78094 3.78655 3.79208 3.79752 3.80282 3.81524 3.82712 3.83847 3.84305 3.80879 3.76331 3.75789 3.73873 3.69671 3.57581 3.55057 3.53057 3.51206 3.54318 3.63738 3.44316 3.31629 3.30688 3.35919 3.43156 3.33071 3.33857 3.37066 3.40163 3.51412 3.43111 3.44959 3.46776 3.48562 3.50326 3.50458 3.50161 3.49845 3.49512 3.53136 3.49315 3.49385 3.49605 3.5064 3.55432 3.501 3.47609 3.46744 3.57912 3.72633 3.57947 3.50998 3.53241 3.57936 3.67131 3.5882 3.59375 3.61328 3.63532 3.79628 3.6655 3.68536 3.70166 3.71732 3.76574 3.73918 3.7462 3.75297 3.7595 3.76555 3.76554 3.76545 3.76526 3.76631 3.7813 3.7633 3.76093 3.76497 3.76864 3.77346 3.77203 3.77204 3.77205 3.77206 3.77206 3.76987 3.76705 3.76361 3.75998 3.73564 3.74996 3.74267 3.73396 3.72462 3.72126 3.69921 3.68675 3.67368 3.66037 3.60423 3.62304 3.61603 3.60068 3.58618 3.57653 3.54692 3.52217 3.50575 3.46892 3.41798 3.42097 3.41603 3.39499 3.37257 3.3527 3.31278 3.28102 3.25957 3.2368 3.19483 3.1801 3.16079 3.14011 3.11197 3.09198 3.05592 3.0287 3.0073 2.98814 2.96752 2.95743 2.949 2.94055 2.93207 2.92352 2.91081 2.89686 2.88288 2.86887 2.85261 2.8312 2.80484 2.78217 2.76379 2.75997 2.72429 2.70507 2.68049 2.65272 2.61678 2.60847 2.58103 2.55568 2.53946 2.54417 2.49787 2.46898 2.44205 2.41044 2.37578 2.36391 2.34595 2.31884 2.3145 2.31601 2.2711 2.22596 2.19811 2.16685 2.13636 2.1209 2.10464 2.08058 2.07982 2.07948 2.03456 1.98921 1.96329 1.93793 1.91318 1.89526 1.87671 1.85394 1.85348 1.85336 1.81047 1.76951 1.74767 1.72792 1.70798 1.68869 1.67008 1.64936 1.6408 1.64168 1.60139 1.57279 1.55295 1.5365 1.52028 1.50036 1.48363 1.46472 1.4474 1.44826 1.41084 1.39263 1.37441 1.35918 1.34563 1.32704 1.31318 1.29629 1.2794 1.27469 1.24831 1.23242 1.21653 1.20362 1.19198 1.17729 1.16496 1.14961 1.13424 1.12293 1.10414 1.08852 1.07295 1.06027 1.04772 1.04418 1.04086 1.03754 1.03422 1.03085 1.02108 1.00937 0.997669 0.985962 0.973036 0.959358 0.944266 0.92926 0.916317 0.905267 0.890107 0.877525 0.863232 0.848837 0.831322 0.821733 0.808105 0.794613 0.782879 0.775644 0.759704 0.749129 0.736773 0.724237 0.708288 0.702679 0.69126 0.680066 0.670652 0.667915 0.650912 0.641906 0.630958 0.619565 0.604801 0.598907 0.588336 0.577597 0.57015 0.568951 0.550703 0.539678 0.529408 0.518308 0.50619 0.499169 0.490324 0.480676 0.476138 0.476521 0.458153 0.444528 0.435136 0.425164 0.415013 0.407105 0.398641 0.389541 0.387644 0.388604 0.371103 0.355738 0.347206 0.339167 0.331375 0.323925 0.316341 0.308523 0.310206 0.312617 0.296452 0.280231 0.272605 0.26648 0.26042 0.252308 0.244132 0.237929 0.240306 0.242733 0.225539 0.208294 0.198763 0.193286 0.187867 0.177673 0.167424 0.162621 0.165611 0.168646 0.150635 0.132467 0.121718 0.117591 0.113515 0.102935 0.0923682 0.088236 0.0913278 0.0944568 0.0778824 0.0612727 0.05282 0.0504844 0.0481796 0.0389358 0.0296609 0.0257216 0.0298726 0.034057 0.0192379 0.00438693 -0.0013844 -0.00223305 -0.0030547 -0.0119953 -0.0209628 -0.0252053 -0.0204182 -0.0156019 -0.0300413 -0.0443946 -0.0487543 -0.048862 -0.0488306 -0.0583309 -0.06733 -0.0717637 -0.0675464 -0.0620913 -0.0770143 -0.0901898 -0.0947853 -0.0950625 -0.0942987 -0.104236 -0.112751 -0.117294 -0.114794 -0.109374 -0.123915 -0.135102 -0.139353 -0.140022 -0.138714 -0.148664 -0.156024 -0.159792 -0.158313 -0.152476 -0.166307 -0.175217 -0.178498 -0.178862 -0.176279 -0.185894 -0.191755 -0.194873 -0.194468 -0.188086 -0.201668 -0.209265 -0.212749 -0.21405 -0.211436 -0.221999 -0.227962 -0.232108 -0.233969 -0.228129 -0.243296 -0.250713 -0.255435 -0.258685 -0.256279 -0.268467 -0.274498 -0.279399 -0.283208 -0.277567 -0.293167 -0.299166 -0.303881 -0.30807 -0.304867 -0.317663 -0.32205 -0.326223 -0.330714 -0.324571 -0.338964 -0.342857 -0.346298 -0.34965 -0.345404 -0.356103 -0.358996 -0.362003 -0.365635 -0.360323 -0.372219 -0.376104 -0.379264 -0.382301 -0.379462 -0.389529 -0.392885 -0.396351 -0.400534 -0.397193 -0.408648 -0.413057 -0.416854 -0.420562 -0.418985 -0.428823 -0.433208 -0.437629 -0.442318 -0.440914 -0.451992 -0.457199 -0.462531 -0.46788 -0.468735 -0.479697 -0.486202 -0.492646 -0.498591 -0.500184 -0.512266 -0.518898 -0.526177 -0.533531 -0.536817 -0.550468 -0.56089 -0.571129 -0.579728 -0.585899 -0.602033 -0.61169 -0.622787 -0.634041 -0.640481 -0.664715 -0.68685 -0.707913 -0.71885 -0.734375 -0.749594 -0.745772 -0.739663 -0.733324 -0.709547 -0.620276 -0.592931 -0.547438 -0.49812 -0.548229 -0.75903 -0.850776 -0.862336 -0.732776 -0.479233 -0.243495 -0.0584553 0.110051 0.205376 0.079913 0.0783845 0.0506912 0.0147778 -0.0254529 -0.103694 -0.242297 -0.253395 -0.263376 -0.266045 -0.137668 -0.116699 -0.0789156 -0.0189398 -0.125771 -0.259503 -0.365171 -0.4522 -0.447225 -0.225036 0.041509 0.17354 0.283186 0.338891 0.429368 0.437773 0.601353 0.693799 0.687566 0.595299 0.436623 0.444704 0.430939 0.381805 0.293284 0.198199 0.181541 0.161864 0.133265 0.0947443 0.0606247 0.0604825 0.0559647 0.0410264 0.0186299 0
14.8161 15.0004 15.2061 15.4117 15.6172 15.8913 16.1792 16.4801 16.781 17.0817 17.3794 17.7128 18.0518 18.3914 18.7308 19.0574 19.4429 19.8399 20.2369 20.6263 21.0027 21.4606 21.9188 22.3889 22.8588 23.3069 23.8536 24.4183 24.9826 25.5166 26.0421 26.7036 27.3386 28.0192 28.6992 29.3405 30.1528 30.994 31.8346 32.5733 33.3324 34.3338 35.2178 36.2479 37.2846 38.244 39.5142 40.8383 42.0623 43.1173 44.2362 45.7754 47.061 48.4388 50.0701 51.5454 53.5393 55.5689 56.9923 58.4026 59.9142 61.9651 63.4979 65.0071 66.5001 68.4281 70.5906 71.4684 72.2936 73.1 73.3668 73.5467 73.7254 73.9028 74.1312 74.2351 74.6432 75.009 75.353 75.6753 75.9449 75.8648 75.7369 75.6075 75.4768 75.3599 74.968 74.5257 74.0228 73.5089 72.9385 72.3133 71.4729 70.6258 69.5212 68.4873 68.0567 67.6245 67.1896 66.917 66.7565 65.2254 63.6321 62.0178 60.2442 58.2196 56.7375 55.0776 53.0681 51.0549 49.1892 49.0695 48.9499 48.8302 48.6814 48.5101 46.8252 44.9123 42.7071 40.1523 37.6665 36.0724 34.2221 32.1627 29.9745 27.5378 27.1829 26.9305 26.7767 26.6228 26.4687 24.9015 23.2028 21.6028 20.1271 18.7758 18.7502 18.7203 18.6904 18.6606 18.6307 17.3187 16.0328 14.6701 13.0162 11.0117 10.3271 9.66003 8.89338 8.12068 7.24565 7.00484 6.69299 6.35472 6.01622 5.68505 5.40431 5.12196 4.838 4.52063 4.09601 3.95292 3.32585 2.64306 2.24701 1.66124 1.49156 1.32424 1.15627 0.987662 0.81827 0.658655 0.460661 0.18576 -0.0902526 -0.369167 -0.549263 -0.570085 -0.730444 -0.917449 -1.1314 -1.1216 -1.11625 -1.11092 -1.1056 -1.10024 -1.10809 -1.11827 -1.13077 -1.26209 -1.1505 -1.03634 -0.943974 -0.878158 -0.681523 -0.469722 -0.0514313 0.357019 0.396094 0.0223681 -0.405705 -0.657244 -0.293152 -0.0510407 0.167873 0.419373 0.423372 0.426567 0.389976 0.314081 0.240427 0.177722 0.112212 0.0438941 -0.0272313 -0.0167621 -0.83323 -1.4505 -2.62806 -4.56843 -8.25221 -9.09919 -10.088 -11.894 -13.7895 -15.916 -17.2923 -19.143 -21.0652 -22.9891 -24.8939 -25.9446 -26.9955 -27.9794 -28.9444 -29.9379 -32.3842 -36.194 -40.0064 -43.8214 -47.4309 -49.6104 -52.264 -54.9215 -57.5593 -59.1084 -60.3064 -61.5073 -62.7108 -63.9171 -65.4757 -68.624 -71.4158 -74.1059 -76.4317 -79.2954 -79.6387 -79.8378 -80.0336 -80.2299 -80.4329 -82.4525 -84.2808 -86.1304 -88.0012 -89.6626 -90.9296 -92.2314 -93.5343 -94.0316 -94.3151 -94.7861 -95.2919 -96.081 -97.2315 -98.4662 -98.8252 -99.931 -101.261 -102.809 -104.646 -105.667 -107.032 -108.385 -108.913 -109.405 -109.997 -110.607 -111.234 -111.879 -112.505 -113.775 -114.119 -114.484 -114.674 -115.072 -114.166 -112.605 -111.308 -110.236 -107.584 -105.61 -102.196 -98.7972 -95.475 -88.5942 -86.985 -85.703 -84.4603 -83.2247 -82.0755 -80.0273 -77.9823 -75.9406 -73.0862 -71.0485 -61.8638 -54.3629 -48.0566 -41.8232 -36.7693 -36.0935 -35.644 -35.3086 -34.9756 -34.5575 -31.6714 -29.9619 -30.3225 -30.4138 -30.3188 -32.3443 -34.7173 -36.9467 -40.1447 -48.8271 -49.636 -50.5012 -51.3682 -52.2372 -53.222 -54.5834 -55.9363 -57.2773 -58.6185 -59.848 -61.9722 -63.8554 -65.7582 -68.0454 -69.9614 -71.7882 -73.4876 -75.2517 -77.0414 -79.4009 -79.6403 -79.8801 -80.1202 -80.3607 -80.6343 -82.5866 -84.5552 -86.5518 -88.625 -90.3083 -91.2212 -91.8975 -92.4097 -92.6342 -92.6221 -92.6138 -92.2558 -91.3922 -90.6223 -89.7385 -87.8666 -85.2639 -82.0538 -80.1209 -78.8012 -78.0012 -75.9539 -73.7452 -72.9252 -72.0785 -71.1251 -69.6676 -68.3296 -66.8466 -64.6809 -64.5516 -64.2465 -63.5111 -62.3237 -61.0462 -60.7355 -60.3959 -59.8564 -58.98 -58.0737 -58.0363 -57.9472 -57.4792 -57.2349 -57.0608 -56.3052 -55.633 -55.2021 -54.5612 -53.8816 -53.7519 -53.2186 -52.4269 -51.6013 -50.6543 -49.9688 -49.1929 -48.4199 -47.6491 -46.9325 -46.893 -46.5154 -46.1382 -45.8213 -45.524 -45.308 -45.0923 -44.8769 -44.6618 -44.2899 -43.3574 -42.3286 -41.0869 -40.3872 -39.5939 -38.4042 -37.7787 -37.4134 -37.0595 -37.0933 -37.1783 -37.1502 -37.0308 -37.0789 -37.1837 -36.6954 -36.3616 -36.0358 -35.6995 -35.4923 -35.4615 -35.4308 -35.4004 -35.3702 -35.3057 -35.0129 -34.6998 -34.3812 -34.0717 -33.3875 -33.0446 -32.4709 -31.8526 -31.1433 -30.264 -29.2513 -28.1054 -27.2651 -26.4342 -25.5046 -25.1797 -24.8457 -24.513 -24.1815 -23.7786 -22.989 -22.2021 -21.4178 -20.636 -19.9622 -18.8421 -17.6984 -16.559 -15.4085 -14.4887 -14.328 -14.2574 -14.1867 -14.1161 -14.0458 -13.0779 -12.1076 -11.1378 -10.1829 -9.79751 -8.84947 -8.09504 -7.34524 -6.6631 -6.32919 -5.64626 -5.02336 -4.40532 -3.69937 -3.0831 -2.63713 -1.82835 -1.01013 -0.350985 0.323347 0.423892 0.526 0.628056 0.730061 0.83205 1.09339 1.30821 1.47977 1.65072 1.6186 1.9171 2.17726 2.42077 2.6595 2.89426 2.93092 3.03025 3.11429 3.19296 3.30907 3.48134 3.56589 3.58472 3.65748 3.7514 3.80185 3.84565 3.88938 3.90838 3.91429 3.93923 3.96425 3.98933 4.01448 4.03886 4.06641 4.09984 4.13342 4.13487 4.05693 4.15267 4.21817 4.21756 4.24091 4.26767 4.25072 4.22805 4.19101 4.15394 4.11755 4.14026 4.10348 4.0665 4.02933 4.01503 4.0154 4.01577 4.01613 4.01649 4.02274 4.00389 3.9881 3.96387 3.95183 4.05962 3.98458 3.95154 3.95812 3.9745 4.00387 4.01014 4.01592 4.02114 4.04304 4.09891 4.07476 4.06984 4.06923 4.06813 4.05614 4.08167 4.07781 4.0739 4.06993 4.06593 4.07279 4.0797 4.08665 4.09239 4.09237 4.1284 4.15543 4.18172 4.20726 4.26212 4.25978 4.28072 4.29895 4.3118 4.30615 4.33826 4.34676 4.35486 4.36415 4.37396 4.37437 4.37478 4.37519 4.37559 4.37882 4.37874 4.37316 4.36618 4.35877 4.42409 4.36292 4.37967 4.39614 4.41234 4.42851 4.43978 4.45084 4.46169 4.47272 4.48411 4.4939 4.50799 4.52113 4.52889 4.48313 4.52097 4.53124 4.5351 4.53945 4.55942 4.52883 4.50618 4.50038 4.46824 4.42379 4.43939 4.45625 4.44678 4.4687 4.49686 4.44079 4.4094 4.39676 4.38615 4.35991 4.36436 4.35198 4.33837 4.31999 4.32328 4.29183 4.2785 4.26561 4.25478 4.24317 4.24028 4.23734 4.23438 4.23139 4.20913 4.21477 4.20416 4.19327 4.18119 4.08129 4.1445 4.13288 4.12145 4.0999 3.99221 4.03152 4.00653 3.98138 3.95365 3.86678 3.88919 3.86119 3.83617 3.81102 3.77313 3.76948 3.75629 3.74305 3.72976 3.71583 3.70484 3.69381 3.68276 3.67169 3.65261 3.63575 3.60985 3.58612 3.56556 3.52904 3.52158 3.50049 3.4725 3.44371 3.38078 3.39395 3.36594 3.33779 3.31351 3.2587 3.26122 3.23936 3.21076 3.17097 3.10459 3.11773 3.09445 3.06222 3.03192 2.98129 2.97694 2.94979 2.9195 2.88918 2.84045 2.83389 2.80491 2.77623 2.75084 2.71713 2.70046 2.67604 2.64988 2.62292 2.59267 2.5787 2.56052 2.54232 2.52511 2.50734 2.50125 2.49515 2.48905 2.48294 2.47276 2.45583 2.43522 2.41416 2.39111 2.35227 2.34566 2.3236 2.30383 2.28401 2.23553 2.2419 2.22252 2.20311 2.18232 2.1255 2.13921 2.11984 2.1016 2.08333 2.01882 2.04224 2.02486 2.00746 1.98499 1.92123 1.9419 1.92664 1.90652 1.88642 1.82529 1.84263 1.82332 1.80401 1.78407 1.73471 1.74227 1.7229 1.70423 1.68557 1.64589 1.6472 1.62962 1.61205 1.59351 1.56221 1.55638 1.5384 1.52143 1.50447 1.48115 1.47046 1.4541 1.43757 1.41998 1.40209 1.40147 1.40059 1.39971 1.39882 1.39794 1.38338 1.36881 1.35516 1.34165 1.32643 1.3149 1.30163 1.28781 1.27331 1.25247 1.24559 1.23159 1.21811 1.20541 1.18806 1.17972 1.16764 1.15439 1.14076 1.11634 1.11485 1.10221 1.08967 1.07833 1.0614 1.05528 1.04463 1.03288 1.02112 0.996091 0.999437 0.988598 0.977418 0.966365 0.950729 0.945039 0.935575 0.924636 0.910558 0.887906 0.889534 0.883329 0.872973 0.861578 0.848581 0.842346 0.833835 0.823459 0.809784 0.790519 0.791503 0.784682 0.77455 0.764607 0.752699 0.745956 0.737224 0.727533 0.71706 0.699704 0.699677 0.690906 0.681717 0.67302 0.662161 0.655781 0.64745 0.638725 0.62995 0.615555 0.613094 0.6044 0.595848 0.587674 0.578021 0.571203 0.563102 0.554693 0.546077 0.534181 0.529627 0.521277 0.513375 0.505855 0.497513 0.491216 0.484374 0.477191 0.469283 0.459842 0.45426 0.446711 0.439903 0.433278 0.42631 0.419876 0.413097 0.406299 0.399144 0.391639 0.387414 0.382781 0.378153 0.373548 0.368826 0.366762 0.364698 0.362634 0.36057 0.357996 0.352388 0.346283 0.340178 0.333989 0.325996 0.321771 0.315877 0.310146 0.304413 0.29502 0.292716 0.287099 0.281482 0.2757 0.26559 0.263696 0.258078 0.252737 0.247394 0.235811 0.236485 0.231414 0.226342 0.221048 0.20917 0.209817 0.204758 0.199855 0.194951 0.181197 0.184168 0.179368 0.174566 0.169756 0.156599 0.1595 0.154777 0.150052 0.145153 0.130096 0.134083 0.128589 0.123095 0.117599 0.104669 0.105586 0.0997849 0.0939973 0.0882102 0.075879 0.0758089 0.0698844 0.0639603 0.0579688 0.047334 0.0452531 0.0391883 0.0331618 0.0271357 0.0174561 0.0147294 0.00878448 0.00283994 -0.00312837 -0.0113959 -0.0153274 -0.0211259 -0.0267992 -0.0324722 -0.0396061 -0.0439341 -0.0494893 -0.0550442 -0.0609271 -0.0674601 -0.0706691 -0.0743112 -0.0779169 -0.0812729 -0.0846261 -0.086864 -0.0891019 -0.0913398 -0.0935778 -0.0960418 -0.10133 -0.106826 -0.112323 -0.118081 -0.125119 -0.129434 -0.135026 -0.140391 -0.145757 -0.15228 -0.156225 -0.161395 -0.16657 -0.171937 -0.180147 -0.182037 -0.186924 -0.191968 -0.197031 -0.203987 -0.206653 -0.211763 -0.216699 -0.221025 -0.22969 -0.229253 -0.23268 -0.237004 -0.241737 -0.247958 -0.249117 -0.255042 -0.26004 -0.263741 -0.27321 -0.273751 -0.276946 -0.281867 -0.288619 -0.293071 -0.297482 -0.324131 -0.349465 -0.37396 -0.401154 -0.430138 -0.423534 -0.419236 -0.418591 -0.372791 -0.327188 -0.313252 -0.299392 -0.285607 -0.312464 -0.550702 -0.523757 -0.496817 -0.46988 -0.308096 -0.17886 -0.0854513 0.00726031 0.0992802 0.0600945 0.128743 0.174987 0.220622 0.188082 0.151573 0.185994 0.181442 0.205718 0.229973 0.208464 0.154928 -0.148883 -0.29028 -0.372605 -0.47559 -0.505223 -0.49552 -0.492646 -0.508857 -0.521977 -0.398987 -0.0845025 0.285442 0.522547 0.531028 0.694678 0.749964 0.749631 0.692576 0.533965 0.542105 0.508158 0.428483 0.3434 0.248346 0.231717 0.203374 0.158911 0.118053 0.0839485 0.0838203 0.0704331 0.0430241 0.0186299 0
14.1623 14.373 14.5837 14.7942 15.0051 15.2518 15.5344 15.8127 16.091 16.3691 16.6437 16.9544 17.2674 17.5803 17.8931 18.2036 18.5636 18.9253 19.2868 19.6481 20.001 20.4171 20.8425 21.2678 21.6928 22.1028 22.5962 23.0997 23.6029 24.1058 24.5828 25.1592 25.7609 26.3621 26.963 27.5124 28.1969 28.9146 29.6345 30.3535 31.0163 31.8448 32.7265 33.6069 34.4134 35.1695 36.1454 37.0649 38.1146 39.1611 40.1049 41.2956 42.5804 43.846 44.7385 45.7266 46.993 47.9745 49.1841 50.5927 51.8256 53.2922 54.855 55.6552 56.4353 57.3042 58.2186 58.6863 59.1241 59.5318 60.3334 60.2072 60.3174 60.4897 60.6928 60.8611 60.8313 60.2429 59.5341 58.8111 57.8017 57.628 57.4077 57.1863 56.9636 56.7395 55.773 54.6557 52.548 50.5266 48.3533 47.0466 45.698 44.3365 43.2048 42.5499 41.1668 39.8326 38.5064 37.0246 35.4628 34.8299 34.0564 33.2074 32.3232 31.4463 30.8837 30.3209 29.758 29.1327 28.3915 27.4149 26.1319 24.6274 23.2881 21.8661 20.9306 19.9463 18.8712 17.5864 15.9425 15.3617 14.8772 14.4218 13.9803 13.5522 13.2373 12.9846 12.7478 12.5332 12.3216 12.6861 12.4714 12.2016 11.9221 11.5069 12.278 12.7797 14.0754 15.3532 16.2946 16.3667 16.4388 16.5108 16.5828 16.6182 18.7146 20.7903 22.8316 24.8458 25.7109 26.3706 27.3514 28.3228 29.2846 30.3472 31.8096 33.2423 34.3973 33.3102 33.1794 34.048 33.9786 33.6081 32.6435 31.6356 31.6101 31.4679 31.3099 31.1516 30.9975 29.442 27.8591 26.2494 24.468 21.5574 18.1536 14.0764 9.58089 4.94988 0.312122 -2.78209 -6.66127 -10.1054 -13.1665 -16.2043 -17.9633 -19.7225 -21.4819 -23.4031 -25.4972 -26.7386 -27.9798 -29.2208 -30.5397 -31.9332 -37.9151 -44.9422 -51.9929 -56.8946 -63.2078 -69.4032 -74.8524 -79.3922 -84.0364 -89.4582 -89.5439 -89.6453 -89.7468 -89.8483 -89.952 -93.6111 -97.3235 -101.066 -104.662 -107.763 -111.574 -114.575 -117.182 -119.855 -120.982 -123.63 -126.628 -129.194 -130.276 -131.27 -131.766 -132.271 -132.785 -133.309 -133.719 -134.93 -135.968 -136.934 -138.016 -140.223 -140.03 -140.285 -140.549 -140.823 -141.342 -142.498 -143.682 -144.892 -146.13 -147.246 -148.762 -150.252 -150.885 -151.173 -151.279 -150.658 -149.694 -148.794 -147.975 -147.938 -147.922 -147.91 -147.901 -147.897 -148.293 -145.515 -143.529 -141.602 -139.794 -138.138 -137.719 -137.304 -136.893 -136.485 -135.807 -131.793 -127.696 -123.674 -119.657 -110.862 -106.296 -101.809 -97.3717 -90.1842 -82.8658 -78.0813 -73.6092 -67.9242 -62.749 -57.7392 -52.9679 -50.0149 -47.3075 -44.6018 -42.0998 -39.3475 -37.7359 -36.0205 -34.3064 -32.7988 -30.5749 -28.5215 -27.1932 -25.866 -24.8572 -24.7205 -23.5669 -23.7307 -26.1612 -28.7003 -28.7681 -29.6137 -30.4601 -31.3073 -32.226 -35.2671 -38.3681 -39.6408 -40.7623 -44.0894 -47.5474 -51.5152 -54.2945 -57.862 -63.5496 -67.0609 -69.6335 -71.2285 -70.7499 -69.8599 -69.7853 -69.5843 -69.3928 -69.2108 -68.9651 -68.9275 -69.1965 -69.5478 -69.9051 -70.245 -70.8229 -71.4448 -71.5931 -71.3002 -71.071 -70.6162 -70.0562 -70.2024 -70.5151 -70.6568 -70.2316 -69.7884 -69.3567 -68.7081 -68.1341 -67.3334 -66.6634 -65.9681 -65.2842 -64.6437 -64.4519 -64.2858 -64.1205 -63.9559 -63.818 -63.314 -62.8138 -62.3173 -61.8256 -61.6229 -61.0937 -60.3777 -59.6904 -59.0266 -58.3757 -58.3414 -58.306 -58.2706 -58.2352 -58.2001 -57.3147 -56.4349 -55.5609 -54.6927 -53.3328 -52.0411 -51.0342 -50.0295 -48.9477 -47.4956 -46.9262 -46.3711 -45.8257 -44.8209 -43.7104 -42.4001 -41.2607 -40.207 -39.0488 -38.1094 -37.3721 -36.5556 -36.0755 -35.9257 -35.7616 -35.6951 -35.6287 -35.5624 -35.4962 -35.505 -35.3706 -35.4065 -35.4532 -35.5015 -35.5439 -35.6457 -35.7521 -35.8628 -35.978 -36.2546 -35.4889 -35.1622 -34.8452 -34.5521 -34.3642 -33.989 -33.6202 -33.3037 -33.3974 -33.6185 -32.3597 -31.0848 -30.2484 -29.5855 -28.9605 -28.1038 -27.026 -26.0182 -25.0668 -24.2256 -24.2029 -24.1801 -24.1573 -24.1313 -24.0752 -22.9194 -21.7662 -20.601 -19.3032 -18.3063 -16.7032 -15.0435 -13.9388 -12.4635 -10.9468 -10.1113 -9.06661 -8.29452 -7.52423 -6.63896 -6.38567 -6.18559 -5.9926 -5.80005 -5.62167 -5.56952 -5.5174 -5.46531 -5.42042 -5.42594 -5.32505 -5.15546 -4.96826 -4.83881 -4.91557 -4.73707 -4.51245 -4.30763 -4.15494 -4.06825 -3.60278 -3.24825 -2.89371 -2.55647 -2.31972 -2.1856 -2.05435 -1.92558 -1.80231 -1.68052 -1.38895 -1.09738 -0.805818 -0.518571 -0.260053 0.162601 0.438777 0.714705 1.08674 1.26818 1.88672 2.08605 2.06892 2.36774 2.69706 2.75043 2.80377 2.8571 2.90105 2.83026 3.21516 3.51769 3.87809 4.05084 2.9744 3.63386 4.28696 4.40648 4.18485 3.92744 4.04383 4.15874 4.20145 4.13217 3.93036 4.14357 4.11336 4.07733 4.06811 4.12301 4.17252 4.22199 4.27142 4.319 4.25406 4.3889 4.46648 4.47566 4.47648 4.52604 4.48475 4.44685 4.42953 4.4103 4.38885 4.40699 4.41405 4.39478 4.45747 4.55003 4.45658 4.49888 4.50479 4.50193 4.4988 4.49248 4.48616 4.47985 4.47354 4.50047 4.46399 4.44987 4.43582 4.43473 4.49843 4.46822 4.48274 4.51036 4.56583 4.72229 4.61852 4.63598 4.66562 4.69641 4.74587 4.75407 4.77487 4.79503 4.81455 4.87567 4.85541 4.86503 4.87429 4.88321 4.89154 4.89256 4.89435 4.8978 4.90124 4.90468 4.90803 4.91136 4.91467 4.91797 4.92297 4.95004 4.97696 5.00267 5.02717 5.04725 5.06693 5.08349 5.10179 5.11905 5.12317 5.16007 5.17765 5.18853 5.19233 5.20493 5.22031 5.22977 5.22981 5.19621 5.16187 5.21584 5.24767 5.24369 5.24032 5.24356 5.23011 5.21742 5.21013 5.20509 5.17384 5.18713 5.17744 5.16727 5.15217 5.13578 5.13441 5.13349 5.13257 5.13165 5.13073 5.12243 5.1179 5.11459 5.11074 5.03445 5.09062 5.08183 5.07249 5.05676 4.91398 4.9726 4.93696 4.90136 4.86578 4.79603 4.80334 4.78158 4.75982 4.73805 4.71595 4.70602 4.6943 4.68255 4.67077 4.64481 4.63044 4.60055 4.5739 4.54701 4.48853 4.49294 4.46632 4.43839 4.40637 4.29943 4.35209 4.32153 4.29303 4.25636 4.17642 4.19654 4.18785 4.15794 4.08692 3.98152 4.02451 4.04852 4.01841 3.95229 3.87879 3.88661 3.88351 3.84707 3.77393 3.6826 3.71279 3.70865 3.67417 3.62968 3.56538 3.56591 3.544 3.51199 3.4673 3.38763 3.4069 3.3745 3.34435 3.31417 3.25605 3.25059 3.22074 3.19088 3.15808 3.09771 3.09423 3.06319 3.03421 3.0052 2.9632 2.94686 2.91886 2.89085 2.86275 2.82159 2.80209 2.77499 2.74786 2.72071 2.69031 2.66713 2.64092 2.61468 2.58842 2.56081 2.5599 2.55886 2.55781 2.55677 2.55572 2.53217 2.50923 2.48625 2.46322 2.43133 2.41645 2.39005 2.36326 2.33649 2.30925 2.30908 2.3088 2.30852 2.30824 2.30796 2.28489 2.26209 2.23928 2.21646 2.1888 2.17171 2.14949 2.12726 2.10502 2.06769 2.06184 2.04092 2.01998 1.99904 1.96524 1.95923 1.93955 1.91985 1.90005 1.85326 1.86146 1.84229 1.82312 1.80393 1.76667 1.7655 1.74685 1.72818 1.70819 1.65867 1.66854 1.65359 1.63553 1.6147 1.57995 1.57711 1.56307 1.54585 1.52166 1.47773 1.48677 1.47941 1.46285 1.44096 1.41061 1.40725 1.39679 1.38064 1.3536 1.31358 1.32039 1.31819 1.30317 1.28179 1.25615 1.25239 1.24504 1.23143 1.20382 1.16928 1.17538 1.17702 1.16411 1.14322 1.12035 1.1149 1.10832 1.09586 1.06736 1.03662 1.03973 1.04202 1.0303 1.01163 0.992795 0.986899 0.980935 0.969686 0.943682 0.917751 0.920721 0.922881 0.912195 0.896114 0.879586 0.873013 0.865521 0.855098 0.835276 0.812272 0.81353 0.810904 0.801186 0.788914 0.77511 0.768462 0.760511 0.751518 0.737981 0.718368 0.718987 0.71355 0.704581 0.694482 0.682206 0.675097 0.666209 0.657071 0.647023 0.629326 0.628944 0.620829 0.611902 0.602842 0.591586 0.584875 0.57618 0.567563 0.559133 0.544486 0.54185 0.533657 0.525206 0.516679 0.506696 0.499508 0.491054 0.482662 0.474645 0.462944 0.458482 0.45103 0.443202 0.435342 0.426718 0.420045 0.412864 0.405682 0.398838 0.390252 0.38511 0.378606 0.371654 0.364701 0.357489 0.350643 0.343535 0.336427 0.329909 0.32337 0.322287 0.321105 0.319923 0.31874 0.317554 0.312662 0.307142 0.301595 0.296046 0.289563 0.28421 0.277908 0.271604 0.265757 0.259701 0.254618 0.249053 0.243097 0.23714 0.228287 0.225565 0.219768 0.21397 0.208507 0.20259 0.197953 0.192658 0.187095 0.181531 0.171801 0.171295 0.166051 0.160805 0.155737 0.150364 0.146444 0.141516 0.136386 0.131254 0.12048 0.121749 0.116774 0.111798 0.106998 0.10182 0.0977809 0.0930094 0.0880746 0.0827106 0.0713829 0.0725873 0.068158 0.0629624 0.0575178 0.0517501 0.0466357 0.0410087 0.0352804 0.0290236 0.0178546 0.0180685 0.0125905 0.00669269 0.000910948 -0.00521012 -0.0103772 -0.0161066 -0.022089 -0.0280713 -0.038593 -0.0392447 -0.0451809 -0.051117 -0.0565633 -0.0622028 -0.0669596 -0.0720785 -0.0777187 -0.0833589 -0.0924199 -0.0934244 -0.0989943 -0.104564 -0.109568 -0.114868 -0.119824 -0.125029 -0.13069 -0.136351 -0.144597 -0.147172 -0.152873 -0.158535 -0.163877 -0.169216 -0.174557 -0.179753 -0.185229 -0.190776 -0.19814 -0.201331 -0.206694 -0.211904 -0.216799 -0.22169 -0.226636 -0.231232 -0.236188 -0.241417 -0.247929 -0.251789 -0.257093 -0.261858 -0.266171 -0.270792 -0.275576 -0.279281 -0.283381 -0.288237 -0.293605 -0.298619 -0.304794 -0.309171 -0.312974 -0.317661 -0.324088 -0.327638 -0.331572 -0.3383 -0.344026 -0.368367 -0.395823 -0.399191 -0.401773 -0.407567 -0.418775 -0.410863 -0.402969 -0.402837 -0.392437 -0.323091 -0.276164 -0.265391 -0.29329 -0.343325 -0.730099 -0.99384 -1.00751 -0.704668 -0.27809 -0.130662 0.0422625 0.16107 0.253517 0.0535759 0.150044 0.196441 0.175244 0.142338 0.100715 0.190664 0.178303 0.181247 0.205031 0.129371 0.158318 -0.100227 -0.182198 -0.264389 -0.391552 -0.467916 -0.458155 -0.448502 -0.464445 -0.350172 -0.254485 -0.061933 0.307925 0.496211 0.504669 0.668297 0.74628 0.744913 0.666429 0.507797 0.515918 0.496854 0.417182 0.330021 0.234957 0.218318 0.195552 0.151091 0.111648 0.0775386 0.0774059 0.0692341 0.0418255 0.0186299 0
18.4882 18.4938 18.4993 18.5049 18.5104 18.516 18.8111 19.1069 19.4027 19.6985 20.0334 20.3973 20.7474 21.0974 21.4475 21.7938 22.182 22.5653 22.9485 23.3318 23.7227 24.1816 24.6255 25.0694 25.5134 25.9572 26.484 27.0021 27.5203 28.0385 28.5691 29.2083 29.809 30.4098 31.0105 31.6064 32.3276 33.0205 33.7134 34.4063 35.1263 36.0332 36.8223 37.6114 38.4005 39.1673 40.1626 41.0415 41.9204 42.7992 43.7407 45.2056 46.1809 47.1563 48.1317 49.6547 50.3725 50.9779 51.6423 52.3067 52.8552 53.3623 53.5272 53.6922 54.1759 54.3938 54.8859 55.1703 55.1314 55.0927 54.9547 54.9975 54.5449 54.0926 54.05 53.7412 53.643 53.051 51.8906 50.7315 49.5868 48.2139 46.1176 44.0244 42.4375 39.7763 38.565 37.3426 36.101 34.8532 33.6357 31.6127 29.5113 27.4104 25.5408 23.674 21.2619 18.819 16.4595 14.1004 11.72 8.45667 5.76265 3.06857 0.374445 -2.06298 -5.62794 -8.40836 -11.1858 -13.9602 -16.8028 -19.0006 -20.6715 -22.3197 -23.9719 -24.832 -26.0627 -27.2925 -28.5213 -29.7491 -30.8095 -33.1351 -35.5451 -37.914 -40.2685 -42.1116 -43.2293 -45.1678 -47.3759 -49.1766 -51.3086 -51.6893 -52.378 -53.6928 -55.2988 -57.5023 -56.846 -56.8962 -57.3633 -58.1769 -59.676 -58.5232 -58.0354 -58.2523 -59.0087 -60.2909 -59.427 -59.1567 -59.3906 -60.2944 -62.0579 -60.8443 -60.3519 -60.5641 -61.3784 -62.9004 -61.7663 -61.1852 -61.2274 -61.7793 -62.8663 -61.4512 -60.7549 -60.6348 -60.8106 -61.4855 -60.2589 -59.5784 -59.3532 -59.463 -59.9309 -58.4007 -57.9346 -58.0308 -58.6651 -60.4889 -58.8983 -58.3309 -58.0747 -58.1887 -59.212 -56.9014 -55.2422 -53.2337 -51.2965 -50.4139 -47.9828 -45.6882 -43.3774 -41.0509 -39.1499 -37.1555 -35.2196 -33.2762 -31.3258 -29.3979 -29.1959 -29.0017 -28.8074 -28.613 -28.4004 -26.922 -25.4449 -23.9695 -22.496 -20.9261 -19.5831 -18.2948 -17.0067 -15.7189 -14.3105 -13.2561 -12.3606 -11.4652 -10.57 -9.59442 -8.82909 -8.04435 -7.25984 -6.47556 -5.69479 -5.27208 -5.10746 -4.94305 -4.76407 -4.78999 -5.00584 -5.26485 -5.52426 -5.7441 -5.81603 -6.64157 -7.1574 -7.67349 -8.18983 -8.7042 -9.38743 -9.96233 -10.5374 -11.1127 -11.7104 -12.5215 -13.1003 -13.6793 -14.2584 -14.765 -15.4881 -16.109 -16.7299 -17.3509 -18.0228 -18.862 -19.5071 -20.1522 -20.7974 -21.3741 -22.0892 -22.7175 -23.3458 -23.9753 -24.617 -25.3383 -25.9272 -26.5148 -27.1023 -27.6247 -28.2118 -28.7265 -29.2412 -29.7592 -30.245 -30.7493 -31.1563 -31.5605 -31.9648 -32.3057 -32.6421 -32.9121 -33.1821 -33.4545 -33.67 -33.8554 -33.9679 -34.0791 -34.1904 -34.2387 -34.2509 -34.2042 -34.1576 -34.1128 -34.0119 -33.9044 -33.7369 -33.5679 -33.3989 -33.1777 -32.9653 -32.7055 -32.4458 -32.1864 -31.8808 -31.5789 -31.2387 -30.9001 -30.5615 -30.1809 -29.8116 -29.4083 -29.0051 -28.597 -28.1429 -27.7157 -27.2722 -26.8332 -26.3942 -25.9279 -25.4879 -25.0249 -24.5619 -24.0969 -23.6023 -23.108 -22.5958 -22.0863 -21.5768 -21.0463 -20.4838 -19.9053 -19.3267 -18.742 -18.1279 -17.4454 -16.7679 -16.1 -15.4321 -14.7488 -13.9739 -13.1902 -12.4066 -11.6094 -10.7763 -9.79155 -8.83226 -7.89197 -6.95169 -5.99889 -4.86141 -3.72053 -2.57966 -1.409 -0.176541 1.32947 2.76109 4.14517 5.52925 6.92837 8.58899 10.2412 11.8934 13.6212 15.4795 17.6835 19.709 21.6289 23.5488 25.4843 27.5979 29.6667 31.7355 33.9519 36.4173 38.9454 41.0445 42.9458 44.8472 46.734 48.0844 49.2893 50.4943 51.9233 53.8079 54.8808 54.9965 54.8192 54.6422 54.3977 52.3043 49.8221 47.341 45.1239 43.7094 42.1024 40.4918 38.2554 35.9152 33.5999 30.5209 27.3233 24.1263 21.4907 18.799 14.8423 10.8225 6.38162 1.94177 -2.41774 -8.81886 -15.1751 -21.5304 -27.7581 -33.7486 -43.2413 -51.2822 -59.2386 -67.1992 -73.9482 -84.4261 -90.7689 -97.1571 -103.584 -104.136 -108.051 -111.965 -115.878 -119.789 -122.794 -122.975 -123.123 -123.271 -123.419 -123.575 -124.006 -124.436 -124.866 -125.381 -126.1 -137.775 -148.369 -158.176 -167.977 -175.3 -184.116 -188.736 -193.345 -198.094 -199.383 -213.307 -217.932 -219.845 -215.282 -208.145 -208.594 -209.053 -209.52 -209.996 -210.343 -210.286 -210.451 -212.604 -214.757 -215.927 -213.296 -209.476 -205.659 -201.846 -193.067 -186.406 -180.068 -173.736 -167.409 -159.139 -156.001 -151.627 -147.26 -142.9 -136.293 -135.412 -133.147 -130.896 -128.662 -126.268 -126.269 -124.178 -122.135 -121.014 -114.358 -108.625 -103.824 -99.1032 -93.8763 -88.3725 -82.8037 -78.2114 -73.0239 -67.8115 -64.2307 -60.4371 -57.4722 -54.5568 -51.8724 -50.6239 -50.2325 -49.8406 -49.4764 -49.2193 -49.0884 -47.4631 -46.4097 -45.3606 -44.3158 -43.6227 -43.3212 -43.0559 -42.8143 -42.6178 -42.4511 -41.7686 -41.0879 -40.414 -39.7465 -39.0399 -38.5784 -38.0955 -37.6165 -37.1426 -36.7758 -36.5247 -36.2609 -35.9696 -35.679 -35.2958 -34.7028 -34.0349 -33.3713 -32.8025 -32.1388 -31.8268 -31.4602 -31.1257 -30.907 -30.8329 -30.6524 -30.1691 -29.686 -28.9996 -28.264 -28.2374 -28.2108 -28.1842 -28.1468 -28.0679 -27.2123 -26.4162 -25.7026 -25.0075 -24.7125 -24.0312 -23.7188 -23.4373 -23.1593 -22.7583 -22.7107 -22.6631 -22.6154 -22.5802 -22.6021 -22.4481 -22.4096 -22.2952 -22.1357 -22.6667 -22.8642 -23.4888 -24.1194 -24.7208 -25.555 -25.812 -26.1819 -26.5858 -26.9893 -27.3317 -27.4247 -27.5176 -27.6105 -27.7034 -27.7816 -27.7411 -27.7297 -27.718 -27.7209 -27.7983 -27.8407 -27.8629 -27.8728 -27.8842 -27.985 -27.8561 -27.7218 -27.5861 -27.4491 -27.294 -27.2074 -27.1172 -27.0235 -26.9067 -26.373 -25.6277 -24.895 -24.1644 -23.4359 -22.7749 -22.3872 -22.1036 -21.822 -21.5425 -21.3564 -21.1898 -20.9735 -20.749 -20.5249 -20.3285 -19.7632 -19.2489 -18.8467 -18.4448 -18.1334 -17.5791 -17.1381 -16.6436 -16.074 -15.6406 -15.0343 -14.486 -13.9391 -13.449 -13.1524 -12.4489 -11.9131 -11.3928 -10.902 -10.5221 -9.95471 -9.50384 -9.05343 -8.60982 -8.18647 -8.0975 -8.03246 -7.96732 -7.90208 -7.84292 -7.49366 -7.14416 -6.7949 -6.44702 -6.16122 -5.7185 -5.37122 -5.02517 -4.70129 -4.41136 -4.04814 -3.69841 -3.43851 -3.2432 -3.05975 -2.70178 -2.41465 -2.17825 -1.94105 -1.70606 -1.49411 -1.28044 -1.06482 -0.847344 -0.638684 -0.517772 -0.413056 -0.307706 -0.201625 -0.134021 -0.0847609 -0.0352518 0.0189844 0.073147 0.132912 0.181246 0.229592 0.277951 0.325991 0.37712 0.542206 0.718128 0.89442 1.07106 1.27925 1.39169 1.54362 1.69594 1.84864 2.05158 2.11515 2.24501 2.37606 2.50743 2.69285 2.75338 2.86142 2.96967 3.07469 3.22602 3.25436 3.33339 3.41621 3.49918 3.60063 3.63863 3.70539 3.77234 3.83451 3.90409 3.91181 3.93387 3.95594 3.98108 4.0035 4.03592 4.06836 4.1008 4.13327 4.17207 4.2154 4.26428 4.31319 4.35987 4.40909 4.44432 4.47931 4.51493 4.55058 4.60221 4.61585 4.63688 4.65792 4.67975 4.68937 4.72301 4.7336 4.74201 4.75379 4.78116 4.77524 4.77465 4.77708 4.77109 4.74964 4.78982 4.80779 4.81096 4.82197 4.84785 4.84527 4.84561 4.84771 4.84232 4.80186 4.86345 4.88776 4.88765 4.88972 4.90272 4.89662 4.88846 4.88504 4.86356 4.79294 4.86231 4.87964 4.8745 4.86574 4.86598 4.85569 4.84299 4.8371 4.8084 4.71909 4.79427 4.80774 4.79962 4.7895 4.78262 4.76739 4.75475 4.74427 4.71448 4.61468 4.68941 4.6834 4.6667 4.65065 4.63612 4.61488 4.59828 4.58107 4.56386 4.48497 4.52847 4.51131 4.49415 4.47725 4.46301 4.44706 4.42996 4.41268 4.39538 4.35661 4.35992 4.34192 4.3239 4.30587 4.29105 4.28983 4.28866 4.28748 4.28631 4.28513 4.29344 4.2992 4.30442 4.30912 4.2173 4.32635 4.32849 4.31543 4.30188 4.18364 4.28084 4.26621 4.25093 4.23532 4.09403 4.20929 4.19353 4.17704 4.1603 4.04691 4.13143 4.11454 4.09719 4.0796 3.95113 4.04652 4.02775 4.0088 3.98964 3.88425 3.95216 3.93194 3.91148 3.8909 3.77568 3.85127 3.83087 3.80998 3.789 3.68215 3.74888 3.72822 3.70751 3.68724 3.58908 3.64762 3.62729 3.60692 3.58697 3.50636 3.54795 3.5277 3.50742 3.48749 3.40405 3.44819 3.42843 3.40865 3.3892 3.31349 3.35189 3.33335 3.31479 3.29649 3.22868 3.26149 3.24383 3.22615 3.20862 3.1526 3.17499 3.15712 3.13912 3.12111 3.06374 3.0849 3.06624 3.04752 3.0288 2.97949 2.99153 2.97321 2.95489 2.93655 2.88942 2.90094 2.88291 2.86488 2.84684 2.80655 2.81138 2.79342 2.77545 2.75747 2.71831 2.72306 2.7062 2.68934 2.67247 2.63971 2.64081 2.62527 2.60973 2.59418 2.56375 2.56393 2.54866 2.53338 2.5181 2.49167 2.4885 2.47306 2.45762 2.44218 2.41601 2.41177 2.3964 2.38102 2.36563 2.34165 2.33506 2.32011 2.30515 2.29019 2.26922 2.26162 2.24749 2.23335 2.21922 2.20114 2.19198 2.17835 2.16473 2.1511 2.13447 2.12489 2.11186 2.09883 2.08579 2.07106 2.06131 2.04938 2.03745 2.02552 2.01302 2.00316 1.99224 1.98131 1.97039 1.95982 1.95907 1.95825 1.95743 1.9566 1.95568 1.94598 1.93627 1.92657 1.91686 1.90634 1.89633 1.8851 1.87387 1.86264 1.84978 1.83999 1.82855 1.8171 1.80565 1.79216 1.783 1.77138 1.75976 1.74814 1.73363 1.72508 1.71324 1.7014 1.68956 1.67426 1.66668 1.65528 1.64388 1.63247 1.61702 1.61071 1.59997 1.58923 1.57848 1.5631 1.55737 1.54664 1.53591 1.52518 1.50927 1.50387 1.49274 1.48162 1.47049 1.45354 1.44827 1.43682 1.42537 1.41393 1.39598 1.39107 1.37948 1.36789 1.3563 1.33821 1.33359 1.32218 1.31076 1.29935 1.28078 1.27699 1.2657 1.25441 1.24312 1.22458 1.22095 1.20981 1.19868 1.18754 1.16854 1.16595 1.1552 1.14446 1.13371 1.11511 1.1128 1.10244 1.09207 1.0817 1.06322 1.06122 1.05084 1.04046 1.03008 1.01128 1.00896 0.998009 0.987061 0.976114 0.956518 0.953732 0.942145 0.930558 0.918971 0.898566 0.895316 0.883064 0.870812 0.85856 0.83683 0.83352 0.820527 0.807535 0.794542 0.77233 0.768206 0.754733 0.74126 0.727787 0.704971 0.700515 0.686532 0.672549 0.658567 0.635778 0.630317 0.615835 0.601352 0.58687 0.564102 0.557427 0.542076 0.526726 0.511376 0.488084 0.480424 0.464609 0.448794 0.43298 0.409421 0.400335 0.382634 0.364933 0.347233 0.322238 0.312715 0.29598 0.279246 0.262512 0.239278 0.221249 0.193333 0.165418 0.137503 0.10092 0.125762 0.148745 0.171728 0.194711 0.214082 0.262763 0.285575 0.308392 0.331215 0.329918 0.345698 0.35852 0.371341 0.384161 0.3954 0.343966 0.254205 0.238615 0.312446 0.367018 0.186225 -0.00312212 -0.222164 -0.466267 -0.71811 -0.779099 -0.841001 -0.881154 -0.895511 -0.910457 -0.961215 -1.02208 -1.04094 -1.00758 -0.980785 -1.04612 -1.10629 -1.16646 -1.20739 -1.17937 -0.713431 -0.247792 0.217846 0.633184 0.873596 0.877624 0.86846 0.859297 0.850134 0.840214 0.777362 0.68635 0.595338 0.504325 0.413184 0.375196 0.323269 0.271342 0.219416 0.167465 0.150843 0.123742 0.0966335 0.0695167 0.0677603
18.5729 18.579 18.5851 18.5912 18.5973 18.6034 18.8447 19.1281 19.3813 19.6309 19.968 20.3301 20.6877 21.0448 21.3966 21.7554 22.1529 22.5396 22.9357 23.3326 23.7296 24.1871 24.6426 25.0977 25.5438 26.0017 26.5402 27.0601 27.592 28.124 28.6576 29.297 29.9215 30.546 31.1508 31.7682 32.5276 33.2292 33.9659 34.7024 35.4338 36.3491 37.2199 38.0903 38.9072 39.7343 40.8261 41.7643 42.7834 43.801 44.8121 46.0991 47.2242 48.3457 49.4345 50.7916 51.4545 52.1177 52.7966 53.487 54.3544 54.8097 55.0746 55.2645 55.3411 55.3792 55.4579 55.2048 54.9501 54.7402 54.616 54.564 54.5114 54.4582 54.4043 54.2778 53.1846 52.0438 51.1241 50.3194 49.3246 46.9464 44.516 42.9122 39.9177 36.9526 34.3138 31.6576 28.1695 22.9228 17.9994 16.6379 14.925 13.208 11.4868 9.59704 7.8667 5.55522 3.52522 2.0192 0.049283 -1.1635 -2.7051 -4.25476 -6.03742 -7.97188 -9.39749 -10.1445 -10.9111 -11.7181 -12.9166 -12.8256 -12.8875 -12.9496 -13.0118 -13.0768 -13.2975 -13.5712 -13.8689 -14.1718 -14.4572 -14.4832 -14.5092 -14.5352 -14.5614 -14.549 -14.708 -14.7499 -14.7973 -14.8503 -14.7722 -14.639 -14.5334 -14.433 -14.4941 -14.4132 -14.3078 -14.3388 -14.3593 -14.3497 -13.6689 -13.868 -13.8241 -13.6987 -13.5954 -13.5431 -13.083 -12.7791 -12.5768 -12.2137 -11.5431 -11.7246 -11.6171 -11.4663 -11.3191 -11.1164 -10.9386 -10.8765 -10.8176 -10.8261 -10.656 -11.0321 -11.344 -11.5406 -11.7389 -11.9498 -11.952 -11.9543 -11.9566 -11.9589 -11.9659 -12.2998 -12.6394 -12.9818 -13.2922 -13.6 -13.8206 -14.1038 -14.4044 -14.7082 -15.0795 -15.2364 -15.4954 -15.7577 -16.0233 -16.459 -16.45 -16.7902 -17.1343 -17.4824 -17.9823 -18.2973 -18.7318 -19.1703 -19.5606 -19.9712 -20.1706 -20.4671 -20.7649 -21.0655 -21.3293 -21.3763 -21.4233 -21.4704 -21.5176 -21.5734 -21.7014 -21.8642 -22.0297 -22.1449 -22.3209 -22.1489 -22.2421 -22.2945 -22.3494 -22.6136 -22.3118 -22.2275 -22.1455 -22.0796 -22.3439 -22.0747 -21.8081 -21.5223 -20.5688 -19.5316 -18.673 -18.0221 -17.6481 -17.2243 -16.6759 -16.1194 -15.9952 -15.9396 -15.8895 -15.6994 -15.9459 -16.1036 -16.2383 -16.3176 -16.4427 -16.4294 -16.5317 -16.6342 -16.7368 -16.8669 -16.9726 -17.0784 -17.1842 -17.2901 -17.3891 -17.7971 -18.1936 -18.5884 -18.9822 -19.2897 -19.9079 -20.4088 -20.9127 -21.425 -21.8699 -22.5181 -23.0843 -23.628 -24.1677 -24.5223 -25.2974 -25.8573 -26.417 -26.9646 -27.3387 -28.0404 -28.5816 -29.1363 -29.6644 -29.9578 -30.6317 -31.1434 -31.6267 -32.0072 -32.206 -32.7245 -33.0941 -33.4599 -33.7554 -33.8753 -34.3689 -34.6938 -34.9338 -35.1108 -35.1784 -35.5032 -35.6906 -35.7677 -35.7552 -35.6156 -35.7404 -35.7218 -35.6331 -35.5086 -35.2633 -35.1974 -35.0333 -34.8363 -34.6183 -34.2721 -34.1594 -33.8999 -33.6256 -33.3575 -32.9845 -32.7483 -32.4159 -32.0724 -31.729 -31.2606 -30.9865 -30.5917 -30.1969 -29.812 -29.3725 -28.9981 -28.5739 -28.1461 -27.7183 -27.2034 -26.8097 -26.3573 -25.905 -25.4532 -25.004 -24.5237 -24.0311 -23.5392 -23.0474 -22.5063 -21.9981 -21.4493 -20.9006 -20.356 -19.8403 -19.2311 -18.6104 -17.9855 -17.3605 -16.7065 -16.0404 -15.3426 -14.644 -13.9362 -13.2748 -12.4661 -11.6306 -10.8153 -10.0028 -9.15874 -8.24206 -7.27436 -6.3049 -5.31552 -4.3879 -3.25845 -2.07892 -0.908659 0.259026 1.47801 2.73109 4.09019 5.44527 6.78301 8.00164 9.36292 10.8445 12.3646 13.8808 15.5353 16.7398 18.2848 19.8182 21.239 22.3551 23.1456 24.238 25.4646 26.7667 28.3147 28.1974 28.2238 28.501 28.2386 27.8772 26.4822 24.879 23.0442 21.1117 18.9887 15.7228 12.3882 8.90437 5.37853 0.802581 -1.56608 -4.23667 -6.91384 -9.86281 -12.6562 -14.1749 -15.6795 -17.1226 -18.5655 -19.8119 -22.9945 -27.0301 -30.7048 -33.9688 -37.2686 -39.3117 -41.5887 -44.2649 -45.1633 -48.6361 -47.796 -48.8588 -50.1151 -51.6084 -52.305 -52.0057 -49.894 -49.7018 -49.6568 -48.422 -48.2237 -47.5405 -46.452 -45.0918 -43.1438 -42.4328 -41.4771 -40.525 -39.5951 -38.4888 -38.3019 -38.1151 -37.9284 -37.7417 -37.5784 -36.6628 -35.7376 -34.8135 -33.8906 -32.8718 -32.2955 -31.481 -30.8801 -30.4537 -29.8235 -29.6535 -28.9592 -28.7272 -28.6567 -28.188 -28.3764 -28.3997 -28.5701 -28.6343 -28.4012 -28.215 -28.0262 -27.8507 -27.7114 -27.5719 -27.2226 -26.8565 -26.4934 -26.1046 -25.6529 -24.1619 -23.2222 -23.2115 -24.3196 -26.009 -26.9162 -27.2898 -27.775 -28.2344 -28.0162 -27.7387 -27.2843 -26.8305 -26.3923 -26.0089 -25.6775 -25.3805 -25.1006 -24.8277 -24.5519 -24.2042 -23.8566 -23.509 -23.1614 -22.8014 -22.2996 -21.7798 -21.26 -20.7404 -20.2166 -19.822 -19.3636 -18.9054 -18.4472 -17.962 -17.5517 -17.0752 -16.5988 -16.1226 -15.5664 -15.1416 -14.6314 -14.1182 -13.6051 -13.0584 -12.5422 -12.0124 -11.4826 -10.9764 -10.4271 -9.961 -9.48361 -8.97436 -8.46511 -7.98636 -7.50016 -7.03639 -6.57264 -6.15523 -5.71256 -5.31683 -4.94896 -4.56065 -4.16898 -3.82968 -3.43737 -3.10901 -2.78283 -2.45986 -2.1618 -1.80282 -1.51855 -1.23387 -0.948372 -0.766159 -0.362673 -0.117793 0.121843 0.360673 0.456662 0.827368 1.01728 1.20716 1.40409 1.3779 1.76555 1.91708 2.06273 2.20564 2.13921 2.47058 2.58563 2.69424 2.79086 2.62532 2.97271 3.0651 3.12603 3.18582 3.0353 3.26236 3.29297 3.3235 3.35318 3.20702 3.36055 3.3711 3.38247 3.39375 3.34704 3.39163 3.39646 3.40125 3.40477 3.40201 3.4022 3.40238 3.40257 3.40275 3.40317 3.40793 3.41592 3.42525 3.43457 3.42223 3.46161 3.46332 3.46504 3.46652 3.43139 3.49238 3.48576 3.47861 3.47149 3.33633 3.4851 3.4854 3.47412 3.43142 3.29647 3.43061 3.48346 3.47295 3.35044 3.14533 3.33466 3.45781 3.43841 3.30145 3.11393 3.27644 3.39994 3.38171 3.18 2.934 3.13818 3.31747 3.29716 3.09885 2.88382 3.043 3.20219 3.17428 2.91535 2.65613 2.84579 2.97753 2.93313 2.77718 2.5565 2.68513 2.71183 2.66588 2.57155 2.32795 2.47854 2.4472 2.40276 2.35939 2.1901 2.25316 2.21437 2.17364 2.13157 2.01489 2.04258 2.00495 1.96789 1.93278 1.88779 1.88832 1.88094 1.87356 1.86618 1.85881 1.8392 1.81893 1.79852 1.77811 1.74929 1.74165 1.7199 1.69817 1.67591 1.60839 1.65041 1.63294 1.61671 1.6005 1.52171 1.58912 1.58002 1.568 1.52947 1.40386 1.51113 1.5375 1.51763 1.47246 1.35689 1.45514 1.4549 1.4347 1.4097 1.26454 1.38609 1.36761 1.347 1.32594 1.20968 1.28907 1.26624 1.24552 1.22664 1.12318 1.18883 1.17019 1.15105 1.12783 1.0592 1.08369 1.06154 1.04428 1.02699 0.987361 0.99714 0.985358 0.973555 0.961732 0.950436 0.946695 0.942145 0.937593 0.933039 0.920191 0.913439 0.902269 0.892175 0.882052 0.850859 0.857799 0.846871 0.835912 0.82492 0.755213 0.798665 0.7834 0.765253 0.747095 0.704463 0.707834 0.689294 0.670742 0.652178 0.622898 0.626498 0.619613 0.612614 0.605444 0.598139 0.588738 0.579332 0.56992 0.560502 0.544643 0.537835 0.523281 0.508708 0.494638 0.475095 0.473819 0.462437 0.450603 0.438747 0.393072 0.426246 0.416865 0.407458 0.397418 0.359266 0.385509 0.37543 0.366126 0.348263 0.271875 0.330771 0.338444 0.32988 0.305908 0.253933 0.294531 0.310998 0.304202 0.251093 0.164353 0.235479 0.285203 0.278965 0.228851 0.166946 0.213886 0.254492 0.242642 0.166732 0.0770718 0.152679 0.197974 0.187281 0.148376 0.0866116 0.136695 0.151269 0.142241 0.111378 0.0232558 0.105596 0.111122 0.10205 0.0919977 0.0269737 0.0710015 0.0601075 0.0500609 0.0402857 -0.027749 0.0175769 0.00764299 -0.00233927 -0.012822 -0.0466404 -0.0339846 -0.0444058 -0.0546616 -0.0649374 -0.0893701 -0.0832966 -0.0905216 -0.0977563 -0.105001 -0.112109 -0.113606 -0.115106 -0.116609 -0.118114 -0.121352 -0.124213 -0.128666 -0.133138 -0.137637 -0.147601 -0.147107 -0.151321 -0.155562 -0.15967 -0.172903 -0.167836 -0.170849 -0.173836 -0.176851 -0.190066 -0.181964 -0.184402 -0.186867 -0.190175 -0.206864 -0.202237 -0.205486 -0.209764 -0.214516 -0.228092 -0.226748 -0.231465 -0.236229 -0.240874 -0.249477 -0.250926 -0.255757 -0.260753 -0.265767 -0.275363 -0.276717 -0.281694 -0.286681 -0.291163 -0.296413 -0.303002 -0.307733 -0.312977 -0.318383 -0.325104 -0.331097 -0.336443 -0.341614 -0.346598 -0.347519 -0.355653 -0.359463 -0.363294 -0.367142 -0.370338 -0.373938 -0.37721 -0.380344 -0.383487 -0.383293 -0.391885 -0.395454 -0.399044 -0.402972 -0.40599 -0.412264 -0.416764 -0.421049 -0.425354 -0.425073 -0.43456 -0.439454 -0.444369 -0.449417 -0.453435 -0.460131 -0.464873 -0.469533 -0.474214 -0.474822 -0.483527 -0.487851 -0.492196 -0.496562 -0.49985 -0.506114 -0.510624 -0.515154 -0.519705 -0.520633 -0.528314 -0.532445 -0.536595 -0.540765 -0.543764 -0.548683 -0.55247 -0.556276 -0.560102 -0.561192 -0.566544 -0.568928 -0.571322 -0.573724 -0.57611 -0.577124 -0.578139 -0.579157 -0.580178 -0.580833 -0.585391 -0.590016 -0.594845 -0.599688 -0.606153 -0.610542 -0.616459 -0.622389 -0.628333 -0.63323 -0.640261 -0.646607 -0.652968 -0.659342 -0.666936 -0.672972 -0.680396 -0.687834 -0.695285 -0.700973 -0.710153 -0.719039 -0.727939 -0.736854 -0.746888 -0.755746 -0.765717 -0.775702 -0.785447 -0.79262 -0.8044 -0.815248 -0.826536 -0.837838 -0.850111 -0.86321 -0.877426 -0.891657 -0.904557 -0.914287 -0.932226 -0.948228 -0.966566 -0.984922 -1.00393 -1.0283 -1.05354 -1.0788 -1.09869 -1.11509 -1.14634 -1.17118 -1.20567 -1.2404 -1.27437 -1.32327 -1.36682 -1.40679 -1.43291 -1.45272 -1.49807 -1.52277 -1.5614 -1.60742 -1.66355 -1.74125 -1.74041 -1.73515 -1.72533 -1.62567 -1.39618 -1.36446 -1.20157 -1.0533 -1.03204 -0.351387 0.0328388 0.0725739 -0.305788 -0.972793 -0.970289 -1.04233 -1.11444 -1.10146 -0.868918 -1.0795 -1.12084 -1.108 -1.07085 -0.980374 -1.70708 -1.97917 -1.94455 -1.62652 -0.885077 -0.781277 -0.56561 -0.348472 -0.244404 -0.271705 -0.95701 -0.95166 -0.946229 -0.941754 -0.301085 0.0516917 0.215692 0.345471 0.475291 0.602977 0.605094 0.604522 0.60395 0.603379 0.602806 0.648725 0.694504 0.742678 0.797948 0.620054 0.627408 0.556254 0.489705 0.435476 0.291156 0.277682 0.242589 0.201695 0.163203 0.100875 0.106274 0.092106 0.0681244 0.045468 0.0025367
18.5341 18.5401 18.5461 18.5522 18.5582 18.5642 18.8019 19.0808 19.3377 19.5874 19.9292 20.2938 20.6514 21.0113 21.3769 21.7458 22.1601 22.5689 22.9698 23.3667 23.7705 24.2461 24.7016 25.163 25.6341 26.1002 26.6635 27.22 27.7635 28.296 28.8403 29.5173 30.142 30.7906 31.4595 32.1152 32.9497 33.7658 34.5581 35.2963 36.0614 37.1022 37.9713 38.9577 39.9729 40.9564 42.3305 43.59 44.8464 45.872 46.906 48.9512 50.8138 51.9535 53.4288 55.3819 56.2498 56.7624 57.2677 57.8189 58.7572 59.4114 59.6581 59.8816 60.083 60.3899 60.3849 60.4258 60.4649 60.1547 59.8392 59.2521 58.841 58.2916 57.7241 56.1224 54.5017 53.4232 50.7411 47.0957 42.4419 40.7894 38.492 36.1863 33.8685 30.3507 28.7326 26.9217 25.1156 23.3044 21.4527 20.3766 19.2984 18.2183 17.112 15.6636 12.9901 9.91202 6.82575 4.13811 1.48405 -1.18846 -3.48186 -6.17893 -9.8262 -14.0306 -16.2007 -18.6008 -20.0695 -21.5711 -23.3706 -24.0298 -24.9963 -26.0019 -26.9063 -27.3808 -27.103 -26.3391 -25.5843 -24.9913 -24.6466 -24.6087 -24.5777 -24.5537 -24.5368 -24.2614 -22.5451 -20.9696 -19.2693 -16.6205 -15.155 -12.7453 -10.6403 -8.51852 -6.37986 -4.88475 -3.80885 -2.40386 -1.23209 -0.0909485 0.39513 1.86984 3.52781 5.01139 5.89184 6.66857 6.93524 7.37409 7.52239 7.33727 7.33431 7.16967 7.15766 7.16708 6.80392 6.71997 6.12757 5.81514 5.11352 4.39128 3.98031 3.51371 2.95102 2.06147 1.2937 0.275761 -0.248635 -1.23646 -2.7462 -3.84331 -4.22054 -6.15789 -7.96354 -9.99098 -11.6007 -13.7487 -14.7872 -15.5662 -16.3344 -17.1121 -17.7721 -19.0926 -19.72 -20.3515 -20.9871 -21.6679 -21.7786 -21.9145 -22.0509 -22.1878 -22.3256 -22.6231 -22.91 -23.1827 -23.4571 -23.5716 -23.5459 -23.6685 -23.8044 -23.942 -24.2415 -24.3021 -24.363 -24.424 -24.4853 -24.5466 -24.6155 -24.6903 -24.7686 -24.6234 -24.4414 -24.2542 -24.0906 -23.964 -23.8562 -23.772 -23.3611 -23.1275 -22.725 -22.6204 -22.68 -22.5193 -22.3666 -22.0117 -21.3599 -20.7393 -20.8155 -20.8933 -20.8837 -21.1412 -21.4759 -21.1956 -21.2623 -21.5476 -21.8806 -22.1267 -22.5497 -23.0253 -23.4521 -23.8613 -24.4837 -24.7409 -25.1556 -25.5707 -26.0717 -26.7354 -26.7507 -26.766 -26.7812 -26.7965 -26.8129 -27.3125 -27.8143 -28.3073 -28.8013 -29.307 -29.8413 -30.3769 -30.9133 -31.4418 -31.9972 -32.4109 -32.8196 -33.2995 -33.7799 -34.1258 -34.5942 -34.9163 -35.239 -35.5355 -35.7455 -36.0173 -36.2127 -36.3869 -36.5498 -36.6152 -36.8102 -36.8343 -36.8579 -36.9046 -36.9376 -36.8154 -36.7105 -36.5821 -36.4541 -36.2821 -36.0791 -35.8394 -35.6018 -35.399 -35.206 -34.8992 -34.6209 -34.3174 -34.0062 -33.6929 -33.4138 -33.1297 -32.8457 -32.5768 -32.3182 -32.2297 -32.1413 -32.0528 -31.9643 -31.8782 -31.4715 -31.0688 -30.6569 -30.2289 -29.8281 -29.3661 -28.9261 -28.4907 -28.0567 -27.6178 -27.178 -26.7205 -26.2634 -25.8132 -25.3688 -24.8746 -24.3985 -23.9017 -23.405 -22.8566 -22.358 -21.8045 -21.2511 -20.7012 -20.08 -19.4363 -18.8075 -18.1751 -17.5266 -16.822 -16.087 -15.3701 -14.662 -13.9509 -13.2153 -12.3814 -11.557 -10.7314 -9.87721 -9.00212 -7.93907 -6.90665 -5.92766 -4.88561 -3.83163 -2.56967 -1.30262 -0.110434 1.12223 2.37042 4.0355 5.62164 7.00688 8.54161 10.0461 11.9475 13.8228 15.382 16.9926 18.5996 20.9646 23.1523 24.7045 26.5426 28.3986 30.4619 32.2905 33.5108 34.6472 35.7021 37.5261 37.8077 37.7546 37.5779 36.9378 36.739 36.2418 35.3564 34.1033 33.4725 32.4816 31.4788 29.6996 27.9092 26.5728 22.623 19.2231 13.6094 6.98803 0.172027 -0.302747 -1.32258 -2.34694 -3.37407 -4.49367 -5.85424 -7.21543 -8.57722 -9.92882 -11.2341 -13.8553 -16.8299 -19.8067 -22.0635 -24.0331 -26.5408 -28.7659 -30.9946 -33.741 -36.8453 -38.5012 -39.9457 -41.3558 -42.7828 -44.2261 -44.4613 -44.7007 -44.9407 -45.1813 -45.4386 -46.3333 -47.238 -48.0909 -48.718 -49.609 -50.3829 -50.7943 -51.8842 -52.4487 -52.3942 -52.4867 -51.4207 -49.453 -48.029 -50.5957 -47.3031 -46.1158 -44.8447 -43.9934 -42.6434 -42.0472 -41.5001 -40.9564 -40.3932 -39.938 -39.2422 -38.6388 -38.1089 -37.7264 -37.5609 -36.919 -36.4619 -36.0812 -35.7634 -35.3641 -34.9019 -34.5842 -34.2936 -34.0237 -33.9865 -33.2103 -32.8342 -32.516 -32.2051 -31.6374 -31.5534 -31.3916 -31.2423 -31.0928 -30.9473 -30.8137 -30.6908 -30.568 -30.4302 -30.2624 -29.9394 -29.6755 -29.4724 -29.3315 -28.9544 -29.4067 -29.2945 -29.2904 -29.2834 -29.074 -29.1247 -28.9801 -28.8791 -28.7831 -28.4848 -28.2491 -28.0447 -27.8271 -27.5883 -27.2366 -26.9129 -26.9181 -26.9863 -27.1595 -27.5719 -28.2267 -28.3218 -28.3181 -28.1721 -27.9802 -27.7809 -27.5405 -27.3167 -27.0935 -26.8533 -26.7483 -26.6432 -26.5381 -26.433 -26.2647 -25.6113 -24.9298 -24.2486 -23.5775 -22.9154 -22.4459 -21.9438 -21.4479 -20.9521 -20.4158 -20.057 -19.6334 -19.2101 -18.7745 -18.2783 -17.893 -17.4354 -16.9577 -16.4405 -15.8408 -15.4339 -14.9279 -14.383 -13.8482 -13.2868 -12.7732 -12.2563 -11.7018 -11.143 -10.5697 -10.1 -9.58099 -9.05604 -8.58116 -8.10836 -7.61417 -7.17043 -6.70688 -6.2309 -5.78001 -5.37696 -4.96519 -4.57184 -4.19324 -3.8612 -3.45587 -3.12503 -2.79345 -2.45059 -2.15305 -1.78902 -1.50057 -1.21825 -0.935932 -0.749384 -0.358118 -0.126184 0.105724 0.340464 0.459357 0.793434 0.975722 1.15589 1.33601 1.36928 1.6777 1.81249 1.94718 2.08179 2.09635 2.32911 2.42472 2.52019 2.61551 2.58247 2.78136 2.84327 2.90498 2.96649 2.9441 3.04639 3.06932 3.09205 3.11457 3.12782 3.13606 3.13638 3.13671 3.13703 3.13735 3.14896 3.16049 3.17244 3.18474 3.2051 3.21772 3.22053 3.22334 3.22614 3.22878 3.23305 3.23731 3.24158 3.24585 3.23103 3.26005 3.26511 3.27024 3.27541 3.25606 3.31332 3.31577 3.31713 3.31855 3.19736 3.32191 3.31428 3.30672 3.30852 3.18766 3.30592 3.30423 3.29058 3.277 3.02275 3.25484 3.24431 3.2327 3.19839 3.00436 3.15479 3.19574 3.1861 3.05603 2.77546 2.9905 3.11426 3.10358 2.96679 2.77863 2.89724 2.96598 2.92897 2.76909 2.50874 2.70172 2.74362 2.70403 2.64284 2.47895 2.55137 2.51099 2.46937 2.42853 2.22895 2.32055 2.27792 2.23528 2.19119 2.10664 2.09173 2.04852 2.00534 1.96214 1.90136 1.90158 1.88742 1.87326 1.85909 1.84457 1.81916 1.79373 1.76827 1.74348 1.70449 1.69006 1.65476 1.61938 1.58392 1.53717 1.53034 1.49622 1.45919 1.42206 1.35994 1.37378 1.35068 1.327 1.30327 1.2801 1.27445 1.2688 1.26314 1.25748 1.2397 1.2375 1.22212 1.20667 1.19179 1.14464 1.1662 1.15328 1.13998 1.12663 1.00818 1.09814 1.08743 1.07485 1.04579 0.964432 1.01016 1.02549 1.01276 0.9267 0.797883 0.883394 0.962046 0.946677 0.866512 0.784251 0.821374 0.858039 0.826573 0.707411 0.587983 0.657564 0.729214 0.716946 0.643231 0.569589 0.594245 0.608379 0.584906 0.515352 0.420267 0.469278 0.474384 0.451781 0.423065 0.363503 0.371445 0.349967 0.328092 0.306026 0.249516 0.254863 0.234091 0.213339 0.192989 0.167725 0.16044 0.150641 0.140827 0.130998 0.120911 0.116712 0.112491 0.108248 0.103981 0.0891535 0.091105 0.0823584 0.073575 0.0658093 0.0361159 0.0484224 0.0409954 0.0323824 0.023632 -0.0332923 0.00185209 -0.00171868 -0.00990368 -0.0273735 -0.0658276 -0.0544919 -0.0522397 -0.0606903 -0.0988678 -0.150421 -0.127805 -0.106146 -0.116074 -0.139736 -0.163572 -0.164732 -0.165939 -0.17882 -0.219702 -0.26046 -0.245189 -0.230327 -0.237498 -0.250385 -0.263396 -0.274598 -0.285539 -0.293922 -0.315824 -0.342413 -0.329467 -0.325123 -0.331592 -0.336761 -0.338674 -0.352531 -0.36061 -0.36657 -0.371397 -0.393979 -0.386218 -0.391085 -0.396961 -0.40386 -0.404884 -0.418614 -0.42526 -0.43088 -0.435906 -0.444714 -0.446065 -0.449941 -0.453876 -0.459203 -0.464848 -0.465272 -0.465697 -0.466122 -0.466548 -0.467471 -0.471848 -0.47682 -0.480209 -0.483465 -0.48043 -0.49179 -0.495626 -0.499536 -0.5055 -0.521186 -0.517067 -0.522573 -0.525875 -0.52925 -0.513109 -0.537931 -0.540668 -0.543475 -0.549083 -0.568669 -0.558067 -0.558677 -0.561044 -0.556356 -0.536683 -0.562453 -0.570823 -0.571992 -0.57655 -0.593755 -0.581746 -0.582046 -0.583631 -0.585287 -0.566569 -0.590272 -0.591518 -0.592831 -0.594819 -0.607776 -0.599064 -0.601374 -0.603265 -0.605137 -0.596389 -0.610684 -0.612919 -0.615372 -0.618159 -0.625971 -0.623994 -0.626536 -0.628874 -0.630975 -0.631026 -0.634173 -0.634938 -0.635718 -0.636514 -0.637483 -0.638913 -0.640358 -0.641817 -0.643291 -0.64144 -0.647057 -0.649811 -0.652548 -0.654878 -0.657747 -0.659236 -0.662083 -0.665394 -0.668773 -0.656063 -0.674252 -0.67779 -0.681383 -0.68463 -0.68804 -0.689205 -0.692295 -0.695985 -0.699728 -0.674449 -0.701956 -0.707846 -0.711824 -0.715333 -0.718405 -0.720778 -0.724306 -0.72867 -0.720362 -0.696272 -0.723569 -0.739458 -0.742153 -0.743291 -0.743589 -0.745079 -0.746491 -0.749017 -0.74011 -0.717258 -0.742196 -0.754519 -0.757286 -0.758517 -0.759569 -0.761962 -0.76428 -0.767422 -0.762356 -0.74258 -0.767823 -0.7796 -0.783016 -0.785472 -0.787008 -0.791327 -0.795086 -0.798671 -0.795501 -0.777568 -0.802188 -0.813798 -0.817745 -0.821111 -0.823319 -0.82947 -0.834562 -0.839106 -0.836887 -0.821498 -0.84622 -0.858501 -0.863514 -0.86769 -0.870335 -0.878021 -0.88405 -0.889671 -0.893589 -0.88172 -0.906228 -0.912131 -0.918573 -0.925047 -0.929889 -0.938843 -0.946452 -0.954091 -0.961338 -0.960051 -0.97732 -0.985848 -0.994668 -1.00352 -1.0119 -1.02264 -1.03273 -1.04285 -1.05297 -1.06206 -1.06727 -1.07135 -1.07544 -1.07952 -1.0836 -1.09101 -1.09843 -1.10587 -1.11332 -1.12012 -1.13347 -1.1464 -1.15936 -1.17407 -1.18567 -1.20608 -1.22343 -1.23775 -1.25209 -1.2632 -1.28082 -1.29812 -1.31546 -1.34056 -1.35378 -1.4031 -1.43219 -1.45266 -1.47247 -1.46707 -1.51034 -1.56388 -1.62465 -1.69878 -1.73743 -2.18717 -2.33295 -2.358 -2.20471 -1.77596 -1.66234 -1.551 -1.43997 -1.32925 -1.26196 -1.41259 -1.36318 -1.31397 -1.2648 -1.15167 -1.11792 -1.08001 -1.04219 -1.00445 -0.967215 -0.886838 -0.806985 -0.727651 -0.661377 -0.601346 -0.697304 -0.723325 -0.749332 -0.787772 -0.935645 -1.3354 -1.35422 -1.37281 -1.3913 -0.992992 -0.953507 -0.939674 -0.846812 -0.768249 -0.778567 -1.76584 -2.08578 -2.05545 -1.87769 -0.974813 -0.639036 -0.124538 0.390117 0.570835 0.691106 0.700519 0.698012 0.695505 0.693 0.690481 0.726508 0.76245 0.798308 0.837219 0.697392 0.688159 0.617248 0.54629 0.474474 0.330454 0.317212 0.274148 0.229761 0.18449 0.122291 0.127764 0.102356 0.0750828 0.0469276 0.0040798
18.4573 18.4634 18.4696 18.4757 18.4819 18.488 18.7278 19.0071 19.2864 19.5527 19.8992 20.2746 20.6457 21.0114 21.3771 21.7528 22.1797 22.5884 22.9972 23.4147 23.8312 24.3237 24.8087 25.28 25.7512 26.2335 26.8228 27.3793 27.9357 28.5195 29.0997 29.8296 30.55 31.2197 31.8893 32.5824 33.5087 34.3228 35.1547 36.0712 36.9623 38.2073 39.3963 40.4902 41.5112 42.5765 44.2685 45.5253 47.0087 48.6398 51.4831 52.5623 53.6485 54.7329 55.8049 56.9296 58.536 59.4574 60.3506 61.2338 62.108 62.5564 62.8793 63.1977 63.5115 63.7024 64.0289 64.3522 64.6724 64.9895 65.6612 66.2853 66.01 65.8528 65.7178 65.6708 65.6338 65.5932 65.5489 65.5011 65.528 64.6839 64.2869 61.7414 57.3486 52.527 50.038 47.4199 44.4768 41.2817 37.9428 34.2508 31.0005 27.1367 23.0438 19.2096 18.7668 18.3239 17.8808 17.4575 17.1639 12.3993 7.28107 2.47157 -2.15544 -7.73759 -11.2394 -14.7888 -18.5761 -22.1742 -25.9038 -29.8262 -32.9367 -34.3499 -35.8687 -39.8174 -38.373 -37.478 -36.664 -36.7499 -37.4927 -36.1365 -33.3918 -30.318 -27.2945 -23.6334 -20.3396 -17.3699 -14.4157 -11.4772 -9.01821 -5.45301 -3.45335 -1.45861 0.531136 2.23154 4.09114 5.19808 6.3008 7.39929 8.26534 9.50235 10.3541 11.2045 12.0536 12.8132 13.297 13.6132 13.927 14.2385 14.581 14.6066 14.6256 14.6445 14.6632 14.6753 15.1927 15.7409 16.0082 16.0469 16.1078 16.0883 16.0767 15.835 15.3878 15.0297 14.6801 14.3807 14.0037 13.5224 13.2 12.8574 12.5878 12.2366 11.8159 11.4418 11.1445 11.0698 11.059 10.9525 10.7199 10.1595 10.0345 9.6702 8.99399 8.48146 7.23255 6.19282 4.84577 2.93265 0.747763 -0.900448 -2.53054 -4.7579 -8.3571 -11.9048 -12.7034 -13.6279 -14.5998 -15.5732 -16.4553 -16.7537 -17.0523 -17.351 -17.6497 -17.9521 -19.2596 -20.6354 -21.9483 -22.6608 -23.2683 -23.6583 -24.2164 -24.7888 -25.4071 -26.1493 -25.9454 -25.803 -25.8167 -25.8847 -25.9716 -25.8068 -25.7024 -25.7656 -25.8909 -25.996 -25.6895 -25.4514 -25.2648 -25.1236 -25.0392 -24.4277 -24.2951 -24.1687 -24.0493 -23.6847 -23.6078 -23.6161 -23.6246 -23.6333 -23.6427 -23.6202 -23.5992 -23.5675 -23.5367 -23.485 -23.7321 -24.0137 -24.2962 -24.5796 -24.9755 -25.0436 -25.1117 -25.1798 -25.248 -25.3213 -26.0831 -26.7744 -27.2523 -27.8225 -28.4509 -29.0405 -29.6318 -30.3295 -31.0626 -31.7948 -32.3333 -32.8688 -33.3671 -33.8229 -34.216 -34.2938 -34.3717 -34.4496 -34.5275 -34.6056 -35.0484 -35.4942 -35.9412 -36.4315 -36.9508 -37.4514 -37.8093 -38.169 -38.5306 -38.7019 -38.8791 -39.2491 -39.5574 -39.7748 -40.0166 -40.0886 -40.1411 -40.2575 -40.3821 -40.5314 -40.4033 -40.3368 -40.2711 -40.1828 -40.1098 -39.9754 -39.8885 -39.8026 -39.7177 -39.6364 -39.4182 -39.2242 -39.0305 -38.8371 -38.6919 -38.6038 -38.5168 -38.4299 -38.343 -38.2556 -38.0166 -37.7779 -37.5395 -37.3333 -37.059 -36.7041 -36.3443 -35.9848 -35.6256 -35.4064 -34.8293 -34.4187 -34.0085 -33.6022 -33.2138 -32.6752 -32.2395 -31.8041 -31.3726 -31.2805 -30.4769 -29.9659 -29.4968 -29.0771 -28.7751 -28.1649 -27.6775 -27.2403 -26.9404 -26.9069 -26.1135 -25.5277 -25.0796 -24.6614 -24.3008 -23.6513 -23.0771 -22.5842 -22.2353 -22.0075 -21.1388 -20.4211 -19.9342 -19.4941 -19.1128 -18.3813 -17.6958 -17.1891 -16.8864 -16.6482 -15.7226 -14.8637 -14.2535 -13.6287 -13.0136 -12.1675 -11.3294 -10.5968 -9.9736 -9.36376 -8.23783 -7.12053 -6.23112 -5.19482 -4.16174 -3.04454 -1.92749 -0.945667 0.041665 1.01461 2.46548 3.90021 5.036 6.47908 7.93176 9.32575 10.6185 11.6921 13.0472 14.4847 15.7353 16.7179 17.4777 18.3282 19.2904 19.9018 19.2745 18.6367 17.943 16.738 16.0452 14.9629 13.8611 12.3732 10.814 9.02415 7.23378 6.00076 5.02701 3.87904 0.591674 -3.17747 -6.90734 -10.5142 -14.0776 -16.6927 -20.1924 -23.7086 -27.0745 -30.5763 -32.0042 -32.7585 -33.5162 -34.3598 -35.2093 -35.3506 -35.3953 -35.4403 -35.4856 -35.5332 -35.6703 -35.8476 -36.0261 -36.2057 -36.1999 -36.2365 -36.1363 -36.2643 -36.4154 -36.4574 -35.2608 -35.0329 -34.9578 -35.0239 -35.8339 -35.8479 -36.0501 -36.2812 -36.513 -36.7602 -36.8001 -36.492 -36.1849 -35.8786 -35.8055 -35.4174 -35.0949 -34.7298 -34.1882 -34.2171 -33.3834 -32.8424 -32.3275 -32.1957 -32.3535 -31.9448 -31.5372 -31.2516 -31.2585 -31.2632 -31.1828 -31.1034 -31.0595 -30.9319 -30.8048 -30.9944 -31.0605 -31.0101 -30.8921 -30.5187 -31.0485 -30.9507 -30.8536 -30.7601 -30.5112 -30.6535 -30.5999 -30.5358 -30.4627 -30.3885 -30.3193 -30.2502 -30.1812 -30.1125 -30.0518 -29.8087 -29.5788 -29.3533 -29.1306 -28.99 -28.7932 -28.63 -28.4601 -28.2903 -28.1467 -28.1711 -28.1224 -28.0739 -28.0254 -27.9755 -27.9152 -27.855 -27.8247 -27.7974 -27.7656 -27.7186 -27.6473 -27.6017 -27.5652 -27.4814 -27.8742 -27.8946 -27.9595 -28.0429 -27.4206 -27.4645 -27.0758 -26.7138 -26.4137 -25.7865 -25.6098 -25.1394 -24.6017 -24.0656 -23.3353 -23.0424 -22.5676 -22.0998 -21.6443 -20.9035 -20.6964 -20.2532 -19.8134 -19.3785 -18.6207 -18.2461 -17.7289 -17.2308 -16.7139 -16.0021 -15.4766 -14.947 -14.4165 -13.8501 -13.2811 -12.6365 -12.0471 -11.5256 -11.0412 -10.5924 -9.90417 -9.30611 -8.8262 -8.45384 -8.17803 -7.41949 -6.88158 -6.45406 -6.10713 -5.9443 -5.20602 -4.7534 -4.39429 -4.11125 -4.14342 -3.37769 -3.08632 -2.81002 -2.51219 -2.59494 -2.00459 -1.76795 -1.57156 -1.37821 -1.52814 -1.03907 -0.895482 -0.752282 -0.592994 -0.634435 -0.336745 -0.227508 -0.125622 -0.0242221 -0.0833644 0.12581 0.195255 0.264233 0.33274 0.354552 0.416571 0.443044 0.469285 0.485431 0.492507 0.507408 0.521551 0.534911 0.548205 0.561001 0.562036 0.563473 0.564903 0.566327 0.567787 0.581081 0.593828 0.606019 0.617648 0.643862 0.657793 0.654866 0.65127 0.646995 0.607492 0.646652 0.634052 0.620685 0.623091 0.61436 0.633561 0.632883 0.624966 0.609313 0.521746 0.588097 0.567936 0.562655 0.556556 0.514033 0.529552 0.514238 0.498103 0.481138 0.373792 0.432957 0.407665 0.382003 0.355965 0.331553 0.334658 0.33774 0.340801 0.343839 0.337604 0.361255 0.367749 0.364707 0.360897 0.346634 0.375052 0.370334 0.363412 0.355757 0.337088 0.336385 0.322864 0.308816 0.30245 0.302132 0.300251 0.298313 0.296319 0.294267 0.299987 0.276969 0.260476 0.241154 0.210348 0.213658 0.154551 0.124641 0.102742 0.0797678 0.146507 0.0309939 0.00158277 -0.0112383 -0.0140384 0.0287489 -0.00575026 -0.00437081 -0.00801949 -0.0122537 -0.0172801 -0.0200151 -0.0227867 -0.025595 -0.0284401 -0.0281081 -0.0423511 -0.057097 -0.0726391 -0.0779162 -0.00315177 -0.0897859 -0.0962329 -0.114837 -0.133909 -0.139443 -0.154947 -0.174943 -0.188501 -0.143134 -0.0472496 -0.155481 -0.244494 -0.246264 -0.245799 -0.248114 -0.245692 -0.245145 -0.243622 -0.232685 -0.159695 -0.252445 -0.252446 -0.255949 -0.262351 -0.273563 -0.276048 -0.282138 -0.288614 -0.295061 -0.298623 -0.301515 -0.304475 -0.307503 -0.310599 -0.312281 -0.323438 -0.334857 -0.352135 -0.370161 -0.329429 -0.394813 -0.413015 -0.431944 -0.445637 -0.452623 -0.47025 -0.488918 -0.509024 -0.471127 -0.415831 -0.485148 -0.539775 -0.553353 -0.560432 -0.567037 -0.580624 -0.594426 -0.607985 -0.580673 -0.542095 -0.615732 -0.658563 -0.673778 -0.68896 -0.70257 -0.719684 -0.738022 -0.756868 -0.768533 -0.763205 -0.793097 -0.801168 -0.809635 -0.823542 -0.837332 -0.843784 -0.85028 -0.856821 -0.863407 -0.862157 -0.887449 -0.908251 -0.926871 -0.940356 -0.919179 -0.969842 -0.985044 -1.00385 -1.01834 -1.00766 -1.04479 -1.07671 -1.09354 -1.0762 -1.05116 -1.10244 -1.14802 -1.15781 -1.15841 -1.15672 -1.18493 -1.2043 -1.21407 -1.21592 -1.19955 -1.24884 -1.26644 -1.27729 -1.28839 -1.29611 -1.31707 -1.3288 -1.34075 -1.35292 -1.35614 -1.37924 -1.38963 -1.40016 -1.41084 -1.42066 -1.42449 -1.42834 -1.43219 -1.43606 -1.42999 -1.4394 -1.43925 -1.43911 -1.43897 -1.43885 -1.44489 -1.45106 -1.45735 -1.46377 -1.4226 -1.47253 -1.47993 -1.48749 -1.49522 -1.47434 -1.50163 -1.5104 -1.51807 -1.4913 -1.39556 -1.48175 -1.53637 -1.54408 -1.53377 -1.51799 -1.5392 -1.5606 -1.55053 -1.46653 -1.38247 -1.4604 -1.53841 -1.52782 -1.50714 -1.48524 -1.48844 -1.4857 -1.47732 -1.4522 -1.37903 -1.44767 -1.43795 -1.4308 -1.42373 -1.41247 -1.40971 -1.40436 -1.39907 -1.39384 -1.38788 -1.3872 -1.38651 -1.38583 -1.38516 -1.38064 -1.38054 -1.38003 -1.37964 -1.37936 -1.31504 -1.35117 -1.33428 -1.31761 -1.30108 -1.27278 -1.2679 -1.2535 -1.23948 -1.22563 -1.21024 -1.20974 -1.20923 -1.20873 -1.20822 -1.20779 -1.19799 -1.18829 -1.17858 -1.1685 -1.14516 -1.15002 -1.14044 -1.13107 -1.12215 -1.11723 -1.10664 -1.09846 -1.08974 -1.08107 -1.04013 -1.06771 -1.05987 -1.05208 -1.04435 -1.04164 -1.02325 -1.01015 -0.997001 -0.983972 -0.958241 -0.963811 -0.955264 -0.946765 -0.938315 -0.929867 -0.924594 -0.920668 -0.917339 -0.914025 -0.905478 -0.900119 -0.887647 -0.87327 -0.859 -0.84781 -0.835807 -0.822779 -0.809854 -0.797265 -0.761355 -0.773128 -0.770586 -0.758197 -0.748949 -0.742398 -0.731539 -0.72054 -0.709363 -0.682121 -0.651891 -0.665757 -0.677919 -0.668649 -0.664926 -0.66186 -0.652565 -0.643157 -0.635326 -0.608586 -0.58199 -0.596753 -0.605313 -0.596645 -0.592704 -0.589367 -0.578621 -0.572754 -0.565542 -0.556046 -0.532219 -0.545741 -0.53849 -0.531932 -0.529183 -0.527668 -0.521103 -0.519305 -0.514155 -0.508463 -0.499371 -0.50042 -0.497494 -0.494592 -0.491714 -0.488801 -0.487169 -0.485742 -0.484334 -0.482943 -0.480936 -0.478228 -0.475349 -0.469335 -0.462829 -0.463785 -0.453761 -0.448417 -0.443597 -0.441931 -0.437434 -0.437129 -0.435937 -0.431793 -0.429689 -0.439498 -0.428153 -0.422087 -0.418883 -0.417189 -0.413797 -0.415129 -0.416175 -0.413341 -0.421021 -0.431701 -0.422128 -0.412892 -0.411822 -0.411027 -0.410266 -0.413828 -0.417121 -0.417369 -0.427958 -0.440319 -0.432927 -0.427055 -0.428677 -0.43028 -0.431827 -0.437314 -0.442169 -0.445249 -0.455548 -0.469492 -0.464468 -0.462581 -0.466866 -0.470876 -0.474737 -0.481784 -0.488052 -0.493365 -0.503351 -0.518727 -0.515471 -0.518987 -0.525268 -0.53153 -0.537591 -0.545792 -0.552847 -0.559834 -0.567478 -0.583574 -0.582978 -0.590317 -0.59718 -0.604076 -0.610834 -0.61662 -0.622377 -0.628166 -0.634052 -0.645786 -0.645407 -0.646061 -0.646741 -0.647447 -0.648685 -0.641273 -0.635402 -0.629558 -0.623741 -0.626567 -0.625789 -0.625699 -0.625608 -0.625518 -0.625427 -0.621933 -0.614913 -0.607881 -0.600837 -0.569853 -0.513858 -0.465217 -0.413189 -0.317405 -0.241897 -0.275106 -0.261856 -0.248926 -0.227557 -0.178627 -0.152703 -0.126683 -0.100708 -0.0747796 -0.0263572 0.000377355 0.0272535 0.0542724 0.0814351 0.105263 0.0537297 -0.0141777 -0.0820784 -0.149904 -0.216791 -0.345882 -0.48369 -0.622025 -0.76086 -0.91264 -0.971228 -1.01478 -1.0575 -1.10067 -1.13859 -1.07014 -1.02349 -1.08194 -1.14205 -1.20488 -1.2545 -1.29703 -1.33959 -1.38217 -1.42014 -1.42941 -1.43869 -1.44796 -1.45723 -1.46491 -0.996913 -0.529031 -0.0611946 0.416925 0.916079 0.909199 0.900178 0.891157 0.882135 0.878816 0.788854 0.697891 0.606928 0.515965 0.432013 0.380526 0.328619 0.276712 0.224806 0.177198 0.150481 0.123408 0.0963447 0.0692917 0.0419623
18.4811 18.4872 18.4933 18.4993 18.5054 18.5114 18.7557 19.0113 19.2669 19.5224 19.8697 20.2506 20.6253 20.9999 21.3745 21.7603 22.1993 22.6206 23.0418 23.4631 23.89 24.4015 24.8907 25.38 25.8717 26.3731 26.9962 27.589 28.1766 28.7642 29.366 30.1516 30.8708 31.5898 32.3284 33.0771 34.1154 35.0705 35.9813 36.8918 37.8314 39.2787 40.4753 41.6707 42.9885 44.2776 46.3349 47.9551 49.5711 51.9397 54.8805 55.9071 56.9356 57.9609 59.0147 60.2729 62.2062 63.4013 64.6175 65.8194 67.2518 68.741 69.4793 70.1765 70.8171 71.7478 71.6972 71.348 70.9845 70.6067 70.3749 69.7899 69.1687 69.5749 68.016 65.6445 63.6471 61.609 59.5285 57.219 54.3318 50.0016 46.1167 42.3054 38.2617 33.2296 29.8941 26.2804 23.0727 19.8611 16.4188 14.213 12.0044 9.79298 7.38849 4.19449 -1.58654 -9.27362 -16.9826 -21.3229 -26.6224 -31.1592 -34.3497 -37.6193 -43.3087 -49.8797 -48.2489 -48.5092 -48.9502 -49.534 -50.9154 -46.9678 -44.658 -42.4266 -39.609 -35.0979 -29.6183 -25.6911 -21.805 -17.9285 -14.5184 -9.4659 -5.87614 -2.28561 0.677625 2.65119 4.71726 6.16893 7.81482 9.45963 10.518 12.1779 13.3926 14.6332 15.9644 17.1221 18.2935 19.3116 20.1803 20.9457 21.6837 22.404 22.9703 23.6894 24.5016 25.4206 25.7912 26.2925 26.7751 27.211 27.6518 27.644 27.6729 27.7004 27.7209 27.7161 27.7132 27.7095 27.7052 27.7001 27.6895 27.5277 27.3474 27.173 26.9983 26.8164 26.6781 26.5593 26.4376 26.2568 25.9948 25.3177 24.7895 24.3141 23.8371 23.3125 22.4077 21.5023 20.596 19.6889 18.7925 18.7239 18.6679 18.6118 18.5502 18.4888 17.6489 16.8112 15.9866 15.162 14.3712 13.6891 12.9609 12.2323 11.5033 10.9541 10.7599 10.6004 10.4398 10.278 10.1723 10.4699 10.8759 11.2811 11.5071 11.6048 11.9621 12.1896 12.5259 12.862 12.8745 12.9858 12.9418 12.8999 12.8939 12.6447 12.6105 12.5248 12.3737 12.218 12.0769 11.9148 11.7734 11.6139 11.2821 10.8828 10.7635 10.5894 10.232 9.80118 9.33468 8.85485 8.36909 7.91574 7.48244 7.05231 6.56966 5.91338 5.08939 4.33505 3.59623 1.92265 -0.773956 -4.03133 -6.58246 -8.99676 -9.94243 -10.9462 -11.9513 -12.9579 -13.778 -14.336 -14.8943 -15.7841 -16.7129 -17.779 -19.6887 -20.8512 -22.0245 -23.2408 -24.5153 -25.0068 -25.2713 -25.5396 -25.8118 -26.1634 -26.348 -26.4218 -26.4747 -26.5283 -26.6441 -26.2893 -25.9525 -25.6732 -25.3982 -25.1 -24.6272 -23.9983 -23.4771 -23.0207 -22.806 -22.4066 -22.194 -21.9831 -21.7002 -21.5989 -21.4195 -21.1661 -21.8029 -22.2521 -22.6225 -23.2046 -23.5368 -23.7841 -23.9814 -24.1178 -24.845 -25.5664 -26.0912 -26.3069 -26.5235 -27.4845 -28.2905 -28.7548 -29.391 -30.0502 -31.1194 -31.6863 -32.2622 -32.8429 -33.432 -33.4478 -33.46 -33.4723 -33.4846 -33.497 -34.0579 -34.6199 -35.1915 -35.8441 -36.2964 -36.6909 -37.0439 -37.4055 -37.7456 -38.006 -38.2885 -38.5618 -38.8155 -39.0557 -39.2962 -39.5286 -39.7549 -39.9784 -40.2683 -40.5664 -40.7993 -41.057 -41.3123 -41.6176 -41.9336 -42.1686 -42.4326 -42.7463 -43.0846 -43.4677 -43.5774 -43.7298 -43.9113 -44.1172 -44.3628 -44.3573 -44.4437 -44.563 -44.5852 -44.6595 -44.5111 -44.4636 -44.4466 -44.435 -44.4445 -44.1599 -44.1837 -44.209 -44.2368 -44.3966 -44.3338 -44.3166 -44.3011 -44.2869 -44.2437 -44.1655 -44.0752 -43.985 -43.8949 -43.822 -43.7909 -43.7597 -43.7286 -43.6975 -43.645 -43.494 -43.3201 -43.1645 -43.0195 -42.8317 -42.6116 -42.3596 -42.1085 -41.8592 -41.5501 -41.3985 -41.1479 -40.888 -40.6217 -40.3487 -40.1746 -39.9561 -39.7124 -39.437 -39.1372 -39.0754 -39.0138 -38.8143 -38.5399 -38.2647 -38.2193 -38.1695 -37.9709 -37.6063 -37.2408 -37.2367 -37.2324 -37.0327 -36.7206 -36.3964 -36.4001 -36.3474 -36.1853 -35.9467 -35.6289 -35.6445 -35.5426 -35.367 -35.1646 -34.8489 -34.786 -34.5736 -34.3538 -34.1528 -33.8369 -33.6624 -33.4253 -33.1775 -32.9299 -32.6359 -32.4116 -32.1791 -31.9463 -31.7205 -31.5161 -31.2981 -31.0595 -30.8121 -30.5647 -30.3466 -30.0863 -29.8341 -29.5818 -29.3294 -29.0524 -28.5686 -28.0286 -27.5773 -27.2163 -26.8609 -26.4313 -25.9797 -25.5281 -25.0762 -24.605 -24.1762 -23.7396 -23.303 -22.865 -22.3823 -22.3247 -22.2657 -22.2068 -22.1479 -22.0891 -21.7458 -21.4741 -21.2025 -20.931 -20.6397 -20.3457 -20.0569 -19.7684 -19.4116 -18.959 -18.6252 -18.3022 -17.7005 -17.1164 -16.5218 -16.0113 -15.5026 -14.8024 -14.0973 -13.5127 -12.6936 -11.9304 -11.2952 -10.6631 -9.94275 -9.29521 -8.78532 -7.83873 -6.96208 -6.54478 -5.36301 -4.35132 -3.48487 -2.627 -1.77343 -0.927734 0.108494 1.32076 2.38289 2.89575 3.83386 4.3794 5.02882 5.62323 5.97111 5.64032 4.35481 3.04148 1.70032 -0.0382697 -1.1909 -3.10243 -4.83302 -6.42706 -7.54169 -8.18976 -9.00554 -9.82254 -10.6408 -11.1477 -12.6335 -14.0012 -15.0116 -16.0316 -17.122 -18.0255 -18.8869 -19.7489 -20.5662 -21.4387 -21.5452 -21.6517 -21.7582 -21.8648 -21.9987 -23.295 -24.9573 -26.3243 -26.9642 -28.093 -29.0287 -30.0366 -30.8525 -31.3474 -31.6157 -32.1123 -32.5543 -32.7202 -32.7294 -32.6595 -32.9019 -32.906 -32.8687 -32.7669 -32.6457 -32.5843 -32.5563 -32.5283 -32.5004 -32.4718 -32.433 -32.402 -32.3831 -32.3641 -32.3917 -32.237 -32.1228 -32.0201 -31.9218 -31.9025 -31.7585 -31.6213 -31.5444 -31.5451 -31.5795 -31.3485 -31.1743 -31.101 -31.0428 -31.0149 -30.8553 -30.8139 -30.782 -30.755 -30.8001 -30.7087 -30.7005 -30.6918 -30.6832 -30.6739 -30.6723 -30.6707 -30.6691 -30.6676 -30.666 -30.3965 -30.1069 -30.0378 -30.0528 -29.9656 -30.3603 -30.4248 -30.4983 -30.5142 -30.373 -30.2178 -30.2312 -30.2446 -30.1787 -30.0762 -30.044 -29.9716 -29.8992 -29.8269 -29.7492 -29.7004 -29.6515 -29.6026 -29.5537 -29.4543 -29.3985 -29.3112 -29.2151 -29.1195 -28.948 -28.9462 -28.8716 -28.7777 -28.659 -28.4604 -28.5742 -28.4593 -28.3478 -28.2367 -28.0187 -27.963 -27.7989 -27.6444 -27.4941 -27.3387 -27.3837 -27.3552 -27.3268 -27.2984 -27.2693 -27.1106 -26.9538 -26.7991 -26.6533 -27.0109 -27.1576 -27.304 -27.2259 -26.3843 -25.5482 -25.5331 -25.4748 -25.0257 -24.3278 -23.5579 -23.3765 -23.0849 -22.6166 -22.024 -21.2599 -20.9915 -20.5331 -20.0103 -19.4917 -18.7556 -18.3077 -17.7674 -17.2305 -16.6942 -16.1143 -15.6591 -15.2483 -14.8379 -14.428 -14.0863 -13.9871 -13.8866 -13.7862 -13.6857 -13.5985 -13.1211 -12.6785 -12.2369 -11.7963 -11.3754 -10.9827 -10.6022 -10.2223 -9.85087 -9.62355 -9.1952 -8.89234 -8.5743 -8.25709 -7.94006 -7.69468 -7.42677 -7.17158 -6.92928 -6.79968 -6.47917 -6.27713 -6.07617 -5.87367 -5.64533 -5.52565 -5.3705 -5.24817 -5.12827 -5.0554 -4.98719 -4.95586 -4.92453 -4.8932 -4.86454 -4.78158 -4.69955 -4.61848 -4.54068 -4.37828 -4.34857 -4.25331 -4.15963 -4.01017 -3.70229 -3.74367 -3.71108 -3.62131 -3.41689 -3.13991 -3.19269 -3.22343 -3.13816 -2.91692 -2.67525 -2.71529 -2.65984 -2.53985 -2.42732 -2.18102 -2.23043 -2.14271 -2.03643 -1.9277 -1.81239 -1.80999 -1.79475 -1.77955 -1.76441 -1.74915 -1.67246 -1.59692 -1.52254 -1.45961 -1.40575 -1.33213 -1.25479 -1.16666 -1.06199 -0.898871 -0.89868 -0.827614 -0.757834 -0.689336 -0.634179 -0.617359 -0.60067 -0.584112 -0.567685 -0.5295 -0.485313 -0.426686 -0.364362 -0.30425 -0.273688 -0.187247 -0.136037 -0.0945903 -0.00721185 0.128251 0.100236 0.0715914 0.0765102 0.0569978 0.0525275 0.134847 0.216439 0.240111 0.299704 0.364495 0.305093 0.301039 0.307354 0.308216 0.27494 0.302544 0.29344 0.283451 0.274912 0.273155 0.274337 0.275348 0.276189 0.276858 0.284748 0.273218 0.266906 0.252079 0.229603 0.273623 0.221653 0.184097 0.164775 0.15248 0.139429 0.109557 0.0792081 0.0547286 0.0445099 0.0337804 -0.0234941 -0.072292 -0.105753 -0.146066 -0.19576 -0.228574 -0.271685 -0.313225 -0.355959 -0.401066 -0.421731 -0.439246 -0.456928 -0.474776 -0.492564 -0.516049 -0.539986 -0.564376 -0.57749 -0.602208 -0.601557 -0.610009 -0.617767 -0.625177 -0.632231 -0.664833 -0.698172 -0.732245 -0.76705 -0.756865 -0.844248 -0.895514 -0.948043 -0.991521 -0.829802 -1.02763 -1.14951 -1.20735 -1.20443 -1.18019 -1.25086 -1.30527 -1.3135 -1.25437 -1.12833 -1.30252 -1.34004 -1.35029 -1.36116 -1.34619 -1.37901 -1.39107 -1.40356 -1.41646 -1.43026 -1.43316 -1.43629 -1.44007 -1.44385 -1.45276 -1.45828 -1.46586 -1.46465 -1.46112 -1.45772 -1.45451 -1.45152 -1.44873 -1.44616 -1.4293 -1.44586 -1.44444 -1.44158 -1.40893 -1.23937 -1.37635 -1.44147 -1.44089 -1.43151 -1.41821 -1.43494 -1.45189 -1.42278 -1.28833 -1.14446 -1.27171 -1.28394 -1.25571 -1.23488 -1.20663 -1.19233 -1.18185 -1.17162 -1.16165 -1.14972 -1.14097 -1.1323 -1.1237 -1.11518 -1.09536 -1.09014 -1.07381 -1.06765 -1.05558 -0.917735 -0.991636 -1.00015 -0.969715 -0.934213 -0.868778 -0.87263 -0.853877 -0.831481 -0.807932 -0.68809 -0.752975 -0.733218 -0.716826 -0.701046 -0.659357 -0.658993 -0.64466 -0.630258 -0.614583 -0.567025 -0.58489 -0.576898 -0.5714 -0.565989 -0.56066 -0.553036 -0.545654 -0.538512 -0.53161 -0.493022 -0.50002 -0.479326 -0.459336 -0.440572 -0.407677 -0.406211 -0.391298 -0.375332 -0.36 -0.318655 -0.326822 -0.31241 -0.300265 -0.29147 -0.266695 -0.267606 -0.259419 -0.251747 -0.241628 -0.202297 -0.217236 -0.209989 -0.205114 -0.200706 -0.179139 -0.183742 -0.179869 -0.175307 -0.170284 -0.143039 -0.152798 -0.148662 -0.145779 -0.143075 -0.140476 -0.138552 -0.136691 -0.134895 -0.133163 -0.129158 -0.125802 -0.121304 -0.117254 -0.113288 -0.106737 -0.10186 -0.0990665 -0.0976376 -0.0945511 -0.0821499 -0.0874544 -0.0889466 -0.088364 -0.0887947 -0.0889781 -0.0862544 -0.0860564 -0.0870139 -0.0801352 -0.070285 -0.0781623 -0.0860035 -0.0901185 -0.094226 -0.0987805 -0.0970774 -0.0955323 -0.100683 -0.095904 -0.0912111 -0.102565 -0.111821 -0.117006 -0.125807 -0.135047 -0.134531 -0.140856 -0.145569 -0.148872 -0.147373 -0.160745 -0.165577 -0.1705 -0.179063 -0.190953 -0.194296 -0.202203 -0.207934 -0.213888 -0.217831 -0.227052 -0.233279 -0.239725 -0.246388 -0.257336 -0.260489 -0.26444 -0.266792 -0.269169 -0.271659 -0.27448 -0.277392 -0.280395 -0.283488 -0.28908 -0.291168 -0.294951 -0.298785 -0.302669 -0.306392 -0.310655 -0.314968 -0.319331 -0.323766 -0.325652 -0.339433 -0.350183 -0.361204 -0.372495 -0.359771 -0.394078 -0.40454 -0.415182 -0.425804 -0.421384 -0.444843 -0.454888 -0.466031 -0.472973 -0.447658 -0.490301 -0.508945 -0.520924 -0.525351 -0.521565 -0.545774 -0.561496 -0.572434 -0.567149 -0.544691 -0.586756 -0.618287 -0.627595 -0.628911 -0.626458 -0.650642 -0.667819 -0.67536 -0.675502 -0.657889 -0.701711 -0.713326 -0.721284 -0.7293 -0.731034 -0.747833 -0.75572 -0.76393 -0.773565 -0.78201 -0.784079 -0.784838 -0.785597 -0.786356 -0.78711 -0.800246 -0.81351 -0.825541 -0.837605 -0.824341 -0.862578 -0.876336 -0.890908 -0.906168 -0.896592 -0.927822 -0.948132 -0.963438 -0.950274 -0.914478 -0.967092 -1.01962 -1.03362 -1.02691 -1.01972 -1.05046 -1.08176 -1.08982 -1.06128 -1.03227 -1.08678 -1.13176 -1.13996 -1.13923 -1.13202 -1.16012 -1.17286 -1.18158 -1.19032 -1.16978 -1.2084 -1.21787 -1.22735 -1.23632 -1.24354 -1.24711 -1.24881 -1.2505 -1.2522 -1.25388 -1.26484 -1.27624 -1.28779 -1.2994 -1.29758 -1.32575 -1.34095 -1.35622 -1.36932 -1.328 -1.38776 -1.41876 -1.43564 -1.43547 -1.42383 -1.46282 -1.49472 -1.50968 -1.49207 -1.45866 -1.52346 -1.57185 -1.5891 -1.59067 -1.58334 -1.62525 -1.65832 -1.67383 -1.66958 -1.64128 -1.70827 -1.72978 -1.74587 -1.76214 -1.76363 -1.79388 -1.8116 -1.82895 -1.84629 -1.86303 -1.86396 -1.86489 -1.86583 -1.86676 -1.86719 -1.88922 -1.91059 -1.93198 -1.95446 -1.95617 -2.00907 -2.03031 -2.05036 -2.06683 -2.06358 -2.10865 -2.13771 -2.15383 -2.16071 -2.15276 -2.28805 -2.33995 -2.33386 -2.27237 -2.13494 -2.08055 -2.14518 -2.20954 -2.26732 -2.25254 -2.39809 -2.35465 -2.3103 -2.26506 -2.22122 -2.22251 -2.22379 -2.22507 -2.22636 -2.21854 -2.15337 -2.11414 -2.0743 -2.03388 -1.97622 -1.72241 -1.46569 -1.20898 -0.974656 -0.728598 -0.886654 -1.04449 -1.20012 -1.35549 -1.46788 -1.65 -1.70952 -1.75622 -1.79718 -1.64199 -0.936899 -0.36918 -0.160974 -0.194381 -0.500062 -1.14351 -1.30822 -1.28861 -1.21465 -0.545826 -0.214653 0.253048 0.706504 0.800814 0.789205 0.908622 0.89883 0.889042 0.883471 0.764546 0.720949 0.629749 0.538549 0.463469 0.37122 0.335712 0.283727 0.231742 0.188302 0.144187 0.130463 0.103318 0.0761635 0.0559946 0.0327106
18.3277 18.3339 18.3402 18.3464 18.3527 18.359 18.6396 18.9261 19.2126 19.4991 19.8406 20.2323 20.6135 20.9947 21.3758 21.7591 22.1958 22.6279 23.0601 23.4922 23.9337 24.458 24.9646 25.4712 25.9778 26.4878 27.1199 27.7342 28.3484 28.9627 29.5894 30.4079 31.1686 31.9293 32.6898 33.4631 34.5438 35.5401 36.5335 37.5267 38.5385 40.1336 41.475 42.8082 44.1404 45.4789 47.856 49.8152 51.7698 53.8797 57.1307 58.3509 59.5247 60.744 62.0343 63.5538 65.7968 67.1017 68.4201 69.7538 71.2958 72.9985 73.5512 74.457 75.5721 76.4552 76.4307 76.4515 76.4721 76.4925 76.5118 76.4883 76.3251 73.5488 68.8091 63.1253 59.3842 54.2268 50.8332 47.8346 43.3533 39.3555 34.5508 29.4984 24.448 19.4544 18.1298 16.8863 15.7176 14.5026 13.1062 6.81652 -0.969126 -8.71967 -16.5392 -23.1557 -30.5659 -39.6078 -43.8306 -47.4565 -53.597 -56.4852 -58.3272 -60.3333 -62.5033 -65.2368 -63.7948 -61.4216 -59.1957 -57.0855 -49.2674 -41.1144 -35.4358 -29.7883 -23.7115 -17.308 -11.2786 -7.41551 -3.64792 0.119852 2.24206 5.0327 7.0626 9.09104 11.1588 12.5193 14.7007 16.5371 18.2387 19.9403 21.1442 23.1957 24.7864 26.3769 28.2945 29.7924 31.5657 33.3558 34.9427 36.8307 39.4121 39.788 40.7882 42.1168 43.7418 46.5572 45.8606 46.3638 47.1969 47.9558 48.5412 48.6205 49.1555 49.9843 50.3611 50.8782 51.6554 52.0489 52.602 53.2941 53.6923 53.91 54.199 53.6087 52.8826 52.1185 50.7639 48.6646 46.1969 43.6889 40.9526 40.4052 39.6576 38.8286 37.9991 37.1937 33.2243 29.5246 25.9907 22.2038 17.1213 15.2172 12.6469 5.82456 -2.03789 -9.8362 -7.16785 -4.71874 -6.05191 -11.2788 -17.6813 -9.3989 -6.48441 -4.98597 -3.53886 -3.53456 1.35833 2.04468 2.7295 3.41278 4.26643 5.16188 6.05734 6.95282 7.84832 8.82391 9.0301 9.5362 9.89344 9.89987 9.83227 10.2027 10.1945 9.99562 10.0726 10.1958 9.3064 8.41431 8.19724 8.34232 8.48781 8.50153 8.51644 8.58825 9.25647 9.92655 9.08164 8.32214 8.15253 7.83282 7.49279 6.98609 6.63333 6.49805 6.92172 7.57694 7.55827 7.53618 7.55239 7.88389 8.10572 9.00634 9.10642 9.07307 9.02276 8.68202 8.93208 8.07391 7.21096 6.17764 4.79003 3.19642 1.01722 -0.47849 -1.97476 -3.87187 -5.77303 -8.52688 -11.2952 -14.078 -17.4227 -17.9905 -18.417 -18.8454 -19.2758 -19.7789 -20.6418 -21.4859 -22.3009 -23.1195 -23.7155 -24.245 -24.7763 -25.3094 -25.8444 -26.3491 -26.4255 -26.5459 -26.6807 -26.83 -26.7911 -25.7612 -24.6952 -23.6384 -22.591 -22.0909 -21.0641 -19.5018 -17.9502 -16.818 -15.8232 -13.8758 -10.5148 -6.35298 -3.10803 -1.84738 -1.2659 0.128074 1.49915 2.84678 3.21604 2.90922 2.60128 2.29222 2.07613 2.58794 0.00837352 -2.2624 -4.04493 -8.00318 -14.2981 -20.1087 -24.0346 -28.1424 -34.1346 -40.8908 -43.0874 -44.7295 -44.5141 -44.3237 -44.1647 -45.3356 -46.6173 -47.9099 -49.2152 -50.5349 -48.4569 -48.3316 -48.2465 -47.6517 -47.5053 -47.0717 -46.5966 -46.1541 -46.0416 -45.932 -45.9822 -46.0311 -46.2185 -46.4666 -46.7226 -47.1643 -47.5045 -47.8243 -48.1921 -48.632 -49.0354 -49.4441 -49.8938 -50.3508 -50.8633 -50.9979 -51.1105 -51.2244 -51.3395 -51.4927 -51.719 -51.948 -52.1889 -52.4339 -52.6767 -52.7273 -52.7749 -52.8227 -52.8706 -52.9054 -53.217 -53.4831 -53.7187 -53.9613 -54.2574 -54.1065 -53.9185 -53.7429 -53.9393 -53.9619 -53.6925 -53.6007 -53.342 -53.082 -52.9822 -53.069 -53.0736 -53.0802 -53.0889 -53.1535 -53.2129 -53.2728 -53.3331 -53.3938 -53.3958 -52.8501 -52.4872 -52.1432 -51.957 -51.8603 -51.764 -51.6683 -51.5731 -51.47 -51.0038 -50.5669 -50.1297 -49.6923 -48.8481 -48.7258 -48.6034 -48.4811 -48.3587 -48.3965 -48.1217 -47.7551 -47.3915 -47.0312 -46.7648 -46.1758 -45.6132 -45.0517 -44.4915 -44.1578 -43.5966 -43.0894 -42.6153 -42.1563 -41.7546 -41.6059 -41.5036 -41.4013 -41.2991 -41.1949 -41.0443 -40.8939 -40.7436 -40.5934 -40.4075 -40.2114 -40.0301 -39.8494 -39.6691 -39.4279 -39.2204 -38.9533 -38.6866 -38.4202 -38.1506 -37.9532 -37.7496 -37.5464 -37.3435 -37.1491 -37.1137 -37.0929 -37.0724 -37.052 -37.0335 -37.0208 -37.0054 -36.9882 -36.9711 -36.9705 -36.9768 -36.9825 -37 -37.0181 -37.0684 -37.012 -36.9089 -36.8058 -36.6802 -36.4372 -36.1497 -35.8801 -35.6512 -35.4441 -35.1536 -34.8224 -34.5009 -34.1573 -33.7579 -33.2857 -32.7334 -32.2386 -31.868 -31.4187 -30.949 -30.3994 -30.0716 -29.8094 -29.5476 -29.5448 -29.2765 -29.118 -29.0009 -28.9452 -28.9348 -28.7897 -28.6087 -28.4277 -28.2467 -28.0746 -27.822 -27.6305 -27.4705 -27.3106 -27.1281 -26.8338 -26.5791 -26.2178 -25.8568 -25.7255 -25.6441 -25.8123 -25.9804 -26.1321 -26.1836 -26.1642 -26.032 -25.877 -25.7222 -25.4333 -25.0379 -24.5522 -24.1045 -23.9015 -23.6888 -23.6661 -23.6569 -23.6478 -23.6387 -23.6297 -23.5458 -23.4625 -23.4127 -23.3735 -23.4392 -23.7096 -24.0365 -24.1572 -24.2955 -24.6752 -25.0064 -25.2346 -25.3665 -25.5588 -25.7408 -25.9107 -26.0677 -26.1316 -26.1967 -26.2574 -26.261 -26.2363 -26.2119 -26.1876 -26.1639 -26.1292 -26.1299 -26.1324 -26.136 -26.0936 -25.916 -25.6027 -25.2919 -25.0876 -24.8462 -24.5201 -24.1214 -23.6593 -23.2409 -22.9116 -22.7541 -22.3856 -22.0199 -21.6603 -21.2616 -21.226 -21.1844 -21.143 -21.1017 -21.0614 -20.9516 -20.9315 -20.924 -20.9164 -21.2424 -21.6949 -21.8913 -22.0303 -21.9185 -21.5786 -21.283 -21.2789 -21.2508 -21.1989 -21.3582 -21.4263 -21.3798 -21.3337 -21.288 -21.2283 -21.2301 -21.232 -21.2338 -21.2357 -21.2196 -21.0073 -20.9015 -20.7585 -20.5259 -20.3142 -20.0503 -19.7973 -19.543 -19.3919 -19.1448 -19.3473 -19.553 -19.3986 -18.9925 -18.5649 -18.3181 -18.0767 -17.8373 -17.4308 -16.9653 -16.7844 -16.6516 -16.5919 -16.5339 -16.477 -16.4689 -16.4607 -16.4526 -16.4445 -16.457 -16.5836 -16.7118 -16.8417 -16.9825 -17.377 -17.4919 -17.7474 -18.0025 -18.2487 -18.4828 -18.6342 -18.7859 -18.9379 -19.0901 -19.2648 -19.7024 -20.2932 -20.8041 -21.3158 -22.0079 -22.2722 -22.8614 -23.4532 -23.8996 -24.2563 -24.2573 -24.2582 -24.2592 -24.2601 -24.2623 -24.4142 -24.5676 -24.6721 -24.7611 -24.5715 -24.8126 -24.8861 -25.0296 -24.8244 -24.5723 -24.5976 -24.6512 -24.4815 -24.3045 -23.8163 -24.1183 -24.0213 -23.9246 -23.7786 -23.6131 -23.6033 -23.5936 -23.5792 -23.5589 -23.4681 -23.5224 -23.5162 -23.5101 -23.5005 -23.4904 -23.4006 -23.3111 -23.2221 -23.1335 -23.0656 -23.0189 -22.9338 -22.9729 -23.1174 -23.2139 -23.1321 -23.4294 -24.0117 -24.3777 -25.0235 -24.9437 -25.1843 -25.6118 -26.0398 -26.4635 -26.8642 -27.2575 -27.6403 -28.0223 -29.883 -30.5129 -31.0799 -31.6545 -32.2367 -32.7865 -32.8853 -32.8999 -32.9146 -32.9292 -32.9439 -33.8456 -34.7546 -35.3319 -35.8387 -36.6246 -35.9438 -35.5658 -35.3243 -35.0847 -35.0011 -34.9434 -34.8858 -34.8283 -34.7711 -34.8148 -33.8103 -32.9929 -31.5592 -30.1989 -29.4732 -28.9978 -28.4759 -28.0302 -28.3986 -28.8116 -28.9865 -29.1621 -29.245 -29.4174 -29.5942 -29.6047 -29.9142 -30.3955 -32.1286 -34.4483 -34.2804 -33.9755 -33.6714 -33.3689 -33.1837 -32.9326 -32.6861 -32.4442 -32.2068 -32.2869 -28.9549 -27.1871 -25.6879 -25.464 -25.6363 -24.9229 -24.5416 -24.548 -24.9882 -25.9812 -26.2771 -26.6655 -27.0289 -27.3919 -27.805 -27.8601 -27.8662 -27.8724 -27.8786 -27.8847 -27.9977 -28.1109 -28.2242 -28.3667 -28.3925 -28.0969 -28.1725 -28.2435 -28.3146 -28.7469 -28.9608 -29.0529 -29.1455 -29.2387 -29.3158 -29.3199 -29.3023 -29.2848 -29.2675 -29.2404 -29.2323 -29.227 -29.2218 -29.2166 -29.2112 -29.1887 -29.1664 -29.1443 -29.1223 -29.1087 -29.0543 -29.0034 -28.953 -28.9312 -28.9554 -28.8793 -28.8403 -28.7931 -28.7398 -28.7356 -28.6213 -28.5385 -28.4642 -28.3905 -28.3525 -28.2156 -28.0971 -27.9789 -27.8611 -27.7479 -27.7141 -27.6775 -27.6411 -27.6046 -27.5919 -27.2131 -26.9646 -26.7156 -26.5303 -26.9062 -26.4507 -26.2178 -25.9229 -25.5755 -25.325 -24.8976 -24.4741 -24.0888 -23.7728 -23.4535 -23.1736 -22.8591 -22.36 -21.8655 -21.3482 -21.0791 -20.5787 -20.0638 -19.5437 -18.9939 -18.9402 -18.8438 -18.7476 -18.6514 -18.5564 -18.1634 -17.7758 -17.4048 -17.035 -16.6056 -16.1412 -15.6902 -15.2409 -14.8231 -14.418 -13.9211 -13.4415 -13.0472 -12.6469 -12.235 -11.8262 -11.4439 -11.0664 -10.6927 -10.398 -10.0538 -9.77188 -9.49354 -9.2189 -8.99657 -8.92424 -8.85212 -8.78019 -8.70848 -8.6243 -8.32706 -7.99793 -7.66777 -7.33491 -6.93221 -6.70652 -6.41321 -6.12605 -5.82031 -5.50715 -5.26347 -5.0054 -4.75792 -4.53464 -4.28429 -4.13006 -3.93636 -3.7328 -3.53383 -3.34974 -3.28008 -3.2198 -3.16046 -3.10204 -3.04776 -2.94478 -2.84341 -2.74364 -2.6453 -2.50715 -2.38939 -2.24454 -2.1051 -1.9616 -1.71576 -1.70078 -1.63691 -1.54896 -1.44781 -1.34172 -1.30164 -1.25841 -1.21341 -1.16588 -1.08769 -1.11279 -1.1076 -1.10313 -1.09936 -1.09638 -1.08489 -1.0751 -1.07126 -1.07147 -1.0911 -1.09812 -1.07663 -1.05138 -1.02919 -1.00137 -1.01243 -1.01163 -1.01085 -1.01009 -1.00936 -1.05354 -1.10183 -1.17253 -1.24708 -0.98844 -1.25368 -1.41104 -1.38888 -1.36491 -1.27112 -1.31994 -1.33358 -1.34943 -1.36744 -1.39034 -1.39303 -1.39574 -1.39846 -1.4012 -1.41044 -1.43458 -1.45873 -1.47615 -1.44936 -1.42419 -1.41041 -1.39733 -1.38495 -1.36959 -1.34121 -1.38083 -1.37696 -1.36781 -1.20598 -0.880679 -1.15013 -1.40282 -1.28403 -1.19383 -1.08317 -1.048 -1.01998 -0.994621 -0.970197 -0.944102 -0.917148 -0.890837 -0.865172 -0.831906 -0.76922 -0.821206 -0.797456 -0.810277 -0.602245 -0.319571 -0.481106 -0.548877 -0.511378 -0.429436 -0.29282 -0.330748 -0.313053 -0.287474 -0.264229 -0.243886 -0.233675 -0.222321 -0.211232 -0.195339 -0.14641 -0.182643 -0.180114 -0.188652 -0.133652 0.00635176 -0.0845242 -0.109132 -0.105962 -0.0558865 0.0724737 -0.0396681 -0.0758695 -0.0605147 -0.0404573 0.0433842 -0.010296 -0.00301688 0.00370207 0.00986371 0.0131144 0.00400911 -0.00602606 -0.0169902 -0.0288825 -0.0149425 -0.0634325 -0.0879204 -0.110536 -0.0564621 0.0705966 -0.0653357 -0.204226 -0.224197 -0.177332 -0.131767 -0.195322 -0.247778 -0.260418 -0.225847 -0.138843 -0.28949 -0.312088 -0.332795 -0.355804 -0.356922 -0.38931 -0.401012 -0.41314 -0.42569 -0.439235 -0.454464 -0.470075 -0.484383 -0.497602 -0.510279 -0.512919 -0.516432 -0.52051 -0.524609 -0.523162 -0.560137 -0.589108 -0.619969 -0.652717 -0.626085 -0.732598 -0.772422 -0.812341 -0.817433 -0.776356 -0.885425 -0.98926 -1.02953 -0.986098 -0.943342 -1.06585 -1.19107 -1.22137 -1.1985 -1.16533 -1.28455 -1.32963 -1.36156 -1.39707 -1.38689 -1.44946 -1.47013 -1.49108 -1.5123 -1.53195 -1.54859 -1.56034 -1.57214 -1.58412 -1.54712 -1.63069 -1.66415 -1.70616 -1.72781 -1.66443 -1.76683 -1.8243 -1.84712 -1.83146 -1.74031 -1.87698 -1.93547 -1.96262 -1.96977 -1.91034 -2.01529 -2.05213 -2.05921 -2.06671 -2.01572 -2.07305 -2.07787 -2.08279 -2.08782 -2.09279 -2.0993 -2.1059 -2.11167 -2.11415 -2.06146 -2.13136 -2.14631 -2.16238 -2.1524 -2.0588 -2.14623 -2.1557 -2.15468 -2.14157 -2.02313 -2.13625 -2.16191 -2.16723 -2.14665 -2.05419 -2.14338 -2.16737 -2.15064 -2.13437 -2.03529 -2.09876 -2.08742 -2.07636 -2.06558 -2.05229 -2.05021 -2.04815 -2.04609 -2.04405 -2.03151 -2.03485 -2.02767 -2.02337 -2.01933 -1.95241 -2.00481 -2.0109 -2.00695 -1.95459 -1.86443 -1.92807 -1.99064 -1.97936 -1.89544 -1.81215 -1.87397 -1.93542 -1.92547 -1.83397 -1.74271 -1.81341 -1.84327 -1.82467 -1.7888 -1.7014 -1.76582 -1.74686 -1.72918 -1.7146 -1.66044 -1.68672 -1.67679 -1.66573 -1.65327 -1.63998 -1.63812 -1.63627 -1.63442 -1.63259 -1.62948 -1.62336 -1.61523 -1.60737 -1.60192 -1.59027 -1.59558 -1.58969 -1.58238 -1.57481 -1.55173 -1.5677 -1.56129 -1.55165 -1.54424 -1.52298 -1.53643 -1.53047 -1.52198 -1.51374 -1.49507 -1.50212 -1.49336 -1.48575 -1.48182 -1.47219 -1.47546 -1.47256 -1.46977 -1.46572 -1.46091 -1.4589 -1.4569 -1.45492 -1.45296 -1.44702 -1.44447 -1.43786 -1.4348 -1.43263 -1.41658 -1.42672 -1.4251 -1.42364 -1.41917 -1.38033 -1.41212 -1.4093 -1.4096 -1.4099 -1.37233 -1.40113 -1.40566 -1.40631 -1.39016 -1.33849 -1.38409 -1.39384 -1.39184 -1.384 -1.34603 -1.37729 -1.37913 -1.37819 -1.37516 -1.32343 -1.36809 -1.36544 -1.36459 -1.36417 -1.33074 -1.35861 -1.35821 -1.35718 -1.3554 -1.31639 -1.35066 -1.34906 -1.34785 -1.34768 -1.32183 -1.34461 -1.3448 -1.34361 -1.34254 -1.31218 -1.33984 -1.33921 -1.33869 -1.33912 -1.31866 -1.33874 -1.33922 -1.33919 -1.33924 -1.3144 -1.3386 -1.33879 -1.33907 -1.33958 -1.32165 -1.3406 -1.34083 -1.34111 -1.34146 -1.31826 -1.34126 -1.34152 -1.34187 -1.34229 -1.3236 -1.34266 -1.34332 -1.34405 -1.34448 -1.32086 -1.34098 -1.33996 -1.33901 -1.33812 -1.32707 -1.33475 -1.33425 -1.33381 -1.33345 -1.33157 -1.33317 -1.33325 -1.33333 -1.33342 -1.33351 -1.335 -1.33652 -1.33808 -1.33966 -1.33416 -1.34112 -1.3439 -1.34671 -1.34957 -1.34511 -1.35491 -1.3583 -1.36173 -1.3652 -1.34988 -1.36976 -1.37392 -1.37811 -1.38233 -1.37257 -1.38961 -1.39488 -1.40019 -1.40554 -1.3839 -1.4145 -1.4213 -1.42814 -1.435 -1.42279 -1.4478 -1.45634 -1.46492 -1.47341 -1.44873 -1.48922 -1.4997 -1.51043 -1.52032 -1.50767 -1.53988 -1.55493 -1.56863 -1.57778 -1.55733 -1.60338 -1.62545 -1.64358 -1.65678 -1.65012 -1.69199 -1.72039 -1.74473 -1.75853 -1.74705 -1.80477 -1.84435 -1.8788 -1.90369 -1.90821 -1.9613 -2.00713 -2.04918 -2.07524 -2.08415 -2.137 -2.19156 -2.25037 -2.31951 -2.40443 -2.2566 -2.1968 -2.19776 -2.25297 -2.39351 -2.06687 -1.83748 -1.71704 -1.64016 -1.60748 -1.65087 -1.65788 -1.63877 -1.60673 -1.53976 -1.433 -1.21738 -1.08949 -0.962282 -0.758931 -0.956706 -1.0975 -1.13536 -1.17332 -1.11717 -1.67779 -1.69711 -1.72337 -1.79561 -1.22927 -1.18566 -1.04578 -0.833994 -0.619126 -0.627368 -1.45099 -1.43199 -1.3677 -1.29905 -0.754036 -0.544918 -0.24478 0.0554076 0.305305 0.391468 0.488742 0.5858 0.682641 0.707056 0.679769 0.896739 0.946158 0.995414 0.921788 0.684762 0.696988 0.656177 0.576907 0.470533 0.326618 0.313338 0.278941 0.23454 0.182346 0.120128 0.125583 0.113059 0.0858024 0.051561 0.00870177
18.142 18.1483 18.1546 18.1608 18.1671 18.1734 18.4343 18.7263 18.9919 19.2566 19.6044 20.0026 20.3899 20.7773 21.1629 21.5486 22.0014 22.4398 22.8791 23.3184 23.754 24.2801 24.7962 25.3123 25.8227 26.337 26.9835 27.6182 28.2361 28.8539 29.4922 30.3065 31.0853 31.864 32.6424 33.4299 34.4996 35.4733 36.4467 37.42 38.4014 39.8703 41.1205 42.37 43.6187 44.9384 47.0571 48.7567 50.4545 52.1505 54.8398 55.8016 56.892 58.0996 59.311 60.5435 62.3886 63.5878 64.6846 65.8292 67.3621 68.988 69.9235 70.8272 71.7082 73.3334 73.638 73.6069 73.5244 73.3905 73.3363 73.3324 73.4551 73.6584 73.3065 73.5242 71.8759 71.2349 68.7554 64.322 58.2684 55.6188 52.6095 49.5898 46.3253 41.4217 38.5462 35.8129 33.2184 30.3948 27.4475 25.8397 24.2283 22.6136 20.8649 18.7201 13.6723 7.67945 1.65983 -1.29263 -4.87374 -8.16234 -10.7687 -13.4519 -17.7368 -23.8739 -21.2863 -21.2914 -21.6815 -22.1619 -24.2099 -20.0323 -19.3443 -18.5632 -15.9916 -14.4995 -9.41337 -6.09354 -2.96364 -0.422656 0.665271 7.79536 11.4392 14.531 17.6232 19.1742 24.0387 26.5829 28.8921 31.0936 31.9379 34.9867 37.148 39.2729 41.3986 43.2714 44.6584 45.8901 47.1217 48.3532 49.6543 50.7847 51.9146 53.0888 54.3644 55.6287 58.5718 61.0687 63.5472 66.0231 68.3911 71.0597 73.6708 76.2788 78.9349 82.7528 85.1117 88.3129 91.5766 94.8461 99.2452 102.429 106.33 110.21 114.067 117.717 119.7 121.31 122.972 124.625 125.171 127.729 130.25 132.73 135.168 135.573 138.366 138.333 138.289 136 131.775 129.237 125.276 116.902 107.941 101.093 100.363 99.6316 98.7977 97.5972 96.5115 93.4412 90.1014 86.6069 83.2765 79.9222 74.6083 69.4161 64.2184 58.8327 52.1419 47.6803 43.2418 38.7588 34.2342 29.2868 11.0284 -10.9978 -33.0756 -55.2196 -70.9307 -73.4876 -75.6478 -77.8789 -80.1936 -81.6955 -100.687 -116.311 -128.514 -108.058 -77.3559 -76.0028 -74.5973 -65.7179 -50.8824 -32.522 -23.8405 -18.8543 -15.5802 -12.3429 -10.5192 -10.1948 -9.41536 -8.63257 -7.86194 -7.09996 -7.0898 -7.07963 -7.05468 -7.02781 -7.00096 -6.55558 -6.12017 -5.69461 -5.27883 -5.71134 -4.59388 -3.84463 -3.10985 -2.69445 -3.95762 -3.8798 -3.62041 -3.56227 -3.71657 -4.05398 -3.04102 -2.16466 -1.47798 -2.01244 -2.54407 -1.61064 -0.95677 -0.663255 -0.528763 -0.612351 0.300755 0.848079 1.39289 1.80441 1.81495 2.49996 2.62587 2.78098 2.93596 3.12299 3.13557 3.14815 3.16072 3.17329 3.15578 2.99801 2.58476 2.1678 1.74707 1.34814 1.06594 0.781813 0.495749 0.207732 0.194075 0.559101 0.917473 0.950391 0.968598 0.322363 2.25577 3.449 3.99227 5.06689 6.5134 9.31888 11.5847 14.1692 20.8075 27.315 29.2426 31.4028 33.5472 35.9704 38.4443 41.91 45.1655 48.0045 49.7465 50.0105 52.1104 51.5938 50.7488 45.6235 44.6889 43.0201 41.3321 39.6258 37.7486 35.5476 27.8539 20.3213 13.5466 7.04719 2.37392 -2.56962 -7.52638 -12.4794 -16.5724 -19.7392 -32.4585 -42.5169 -47.2198 -50.3245 -53.0768 -54.0371 -56.0608 -58.0911 -60.1272 -61.7802 -61.8833 -61.9358 -61.9803 -62.0249 -62.5592 -63.1766 -63.7384 -63.9685 -64.199 -64.4369 -66.0961 -67.7628 -69.4387 -71.0813 -72.5077 -75.246 -77.919 -80.4393 -82.2168 -83.3516 -88.0732 -92.773 -94.0365 -93.4062 -91.7982 -92.5689 -92.111 -91.2459 -90.9217 -88.5137 -88.5412 -88.2192 -87.7714 -87.2443 -85.9979 -85.3346 -84.676 -84.022 -83.4474 -83.1079 -82.3664 -81.7376 -81.1276 -80.437 -79.7244 -78.2628 -76.6115 -74.3977 -72.338 -70.7041 -67.9701 -64.2791 -60.4831 -57.437 -53.9109 -47.7828 -44.6279 -41.4961 -37.713 -37.0936 -33.0353 -30.3485 -34.8326 -39.2581 -43.0041 -45.3838 -47.7808 -50.2008 -52.6521 -55.638 -62.2003 -70.0366 -77.9695 -85.1995 -88.9754 -90.2986 -91.9269 -93.631 -95.3233 -96.3795 -97.0582 -97.437 -97.3343 -97.2318 -97.1296 -97.9425 -99.0195 -101.137 -103.707 -107.077 -111.319 -113.546 -113.666 -112.059 -107.851 -107.136 -105.642 -103.133 -101.004 -99.1112 -98.4847 -97.6255 -95.39 -92.1094 -87.4363 -85.7739 -84.1048 -82.2037 -79.719 -76.716 -71.2635 -67.0623 -62.8648 -59.7775 -56.6667 -56.489 -56.3536 -56.2183 -56.083 -55.9461 -53.5342 -51.048 -48.1712 -45.3184 -44.5301 -41.1585 -37.74 -35.091 -32.5504 -30.201 -28.2637 -27.4154 -26.6246 -26.2877 -26.1616 -25.726 -25.2912 -25.1439 -25.4149 -25.6838 -25.4808 -25.4211 -25.5776 -25.734 -25.89 -25.6397 -25.382 -25.4345 -25.8827 -27.3497 -25.7476 -24.875 -24.8288 -25.4746 -26.6154 -25 -23.5573 -23.3401 -24.3588 -25.6586 -25.1232 -24.8524 -25.2087 -26.1143 -27.3541 -27.4214 -27.4016 -27.3835 -27.9578 -28.4001 -27.9492 -27.8664 -27.7846 -27.7037 -27.9246 -27.8295 -27.7633 -27.6381 -27.5131 -27.5011 -27.3408 -27.2263 -27.1118 -26.9973 -26.8804 -26.7314 -26.6009 -26.5344 -26.4679 -26.3924 -26.2362 -26.1269 -25.9341 -25.7418 -25.5826 -25.4267 -25.4583 -25.7185 -26.0978 -26.5944 -26.8661 -27.6256 -28.4947 -29.7469 -30.5901 -31.6128 -32.361 -33.0794 -33.5911 -34.1858 -34.9811 -36.0637 -37.1749 -38.0017 -38.5293 -39.923 -40.9561 -41.8865 -42.792 -43.4912 -44.2265 -44.7165 -44.935 -44.7738 -44.2487 -44.9146 -45.3291 -45.489 -45.5304 -45.4353 -45.6605 -45.7914 -45.8725 -45.7413 -45.1828 -44.5946 -44.1654 -44.0386 -44.2239 -44.9763 -44.4541 -43.086 -42.2404 -41.1551 -39.4073 -38.5098 -37.7026 -36.5475 -35.2928 -34.0912 -33.8062 -33.3736 -32.7807 -32.1631 -31.5492 -31.4665 -31.1557 -30.7547 -30.3547 -29.8937 -29.8274 -29.628 -29.4287 -29.2295 -29.047 -28.9813 -28.9158 -28.8507 -28.7858 -28.6402 -28.4828 -28.3491 -28.2818 -28.214 -27.8832 -27.8512 -27.8973 -27.9334 -27.786 -27.7566 -27.5669 -27.4127 -27.4858 -27.8818 -28.2759 -28.0952 -27.913 -27.9137 -27.922 -28.1355 -27.9325 -27.935 -27.8653 -27.7957 -27.7259 -27.7247 -27.7176 -27.7105 -27.7034 -27.6963 -27.5704 -27.4452 -27.3206 -27.3197 -27.2254 -27.0456 -26.988 -26.9089 -27.0803 -27.4286 -27.4214 -27.5859 -27.7585 -27.4791 -27.1025 -27.123 -27.147 -27.1785 -27.123 -27.0669 -27.129 -27.129 -27.0983 -26.9188 -26.7127 -26.64 -26.4191 -26.1689 -25.8982 -25.5407 -25.5019 -25.3361 -25.1708 -25.0058 -24.8365 -24.6849 -24.5208 -24.3573 -24.1944 -23.6925 -23.4534 -23.0057 -22.5587 -22.0754 -21.116 -20.8386 -20.4751 -20.027 -19.3646 -18.6331 -18.2464 -17.8584 -17.3588 -16.77 -16.1823 -15.6331 -15.0946 -14.6086 -14.1799 -13.797 -13.222 -12.7399 -12.2799 -11.8359 -11.5087 -11.0367 -10.6259 -10.2099 -9.79511 -9.41749 -9.28778 -9.18367 -9.07966 -8.97575 -8.87031 -8.58319 -8.29673 -8.01095 -7.72497 -7.45238 -7.28432 -7.11646 -6.94923 -6.78247 -6.63373 -6.44756 -6.26214 -6.07748 -5.89356 -5.67561 -5.35341 -5.04219 -4.73296 -4.42302 -3.99087 -3.77494 -3.52129 -3.25826 -3.016 -2.79742 -2.51443 -2.23018 -2.00048 -1.67428 -1.35597 -1.24629 -1.13287 -0.93637 -0.792627 -0.654643 -0.408203 -0.201486 -0.0259392 0.160937 0.381084 0.452992 0.612441 0.758271 0.892809 1.02142 1.03254 1.03936 1.04616 1.05297 1.05975 1.14373 1.22614 1.3212 1.4226 1.60653 1.63311 1.71577 1.78552 1.95172 2.2524 2.17717 2.10063 2.15761 2.26894 2.37996 2.3986 2.41793 2.49633 2.63691 2.7945 2.71377 2.73865 2.7977 2.83497 2.87141 2.88601 2.88836 2.908 2.9311 2.95353 2.97118 2.98867 3.00599 3.02314 3.00571 3.06328 3.09264 3.1203 3.12361 3.0724 3.09549 3.07596 3.05927 3.04131 3.00368 3.01361 3.0066 2.99952 2.99237 2.98552 2.96661 2.94603 2.92119 2.89595 2.85036 2.84274 2.80422 2.76498 2.72575 2.65734 2.65454 2.59656 2.53146 2.46542 2.38091 2.37433 2.34074 2.30699 2.27311 2.23953 2.20488 2.18055 2.16093 2.14095 2.10849 2.06298 2.01662 1.96839 1.88307 1.69611 1.73321 1.72992 1.66984 1.60691 1.50912 1.46769 1.40291 1.33205 1.25726 1.18421 1.18364 1.18308 1.18252 1.18195 1.18196 1.10225 1.02214 0.9412 0.860998 0.748864 0.725437 0.669253 0.611081 0.552345 0.514809 0.477173 0.453889 0.430542 0.407132 0.383656 0.345622 0.314418 0.285128 0.255638 0.269999 0.166337 0.114167 0.0615231 -0.00786783 -0.124697 -0.0545543 -0.0849894 -0.108551 -0.132158 -0.153836 -0.155782 -0.157731 -0.159684 -0.161639 -0.167817 -0.191226 -0.219154 -0.254434 -0.298195 -0.183376 -0.311936 -0.395526 -0.425478 -0.45064 -0.48917 -0.416184 -0.395862 -0.396585 -0.398601 -0.30742 -0.391654 -0.395044 -0.397845 -0.400871 -0.411152 -0.403325 -0.40431 -0.405306 -0.406311 -0.407338 -0.40926 -0.411185 -0.413112 -0.410499 -0.40656 -0.389301 -0.372141 -0.357364 -0.343802 -0.306142 -0.316939 -0.295338 -0.274193 -0.253503 -0.310287 -0.23906 -0.213462 -0.195941 -0.157374 -0.0848109 -0.128321 -0.154294 -0.126251 -0.129286 -0.158292 -0.0579781 -0.0454271 -0.0227582 0.00209593 0.0359528 0.0295098 0.0349819 0.0404316 0.0458588 0.0512652 0.0809776 0.106731 0.123749 0.140462 0.169595 0.185639 0.208454 0.230798 0.239594 0.216252 0.275564 0.329078 0.349949 0.382964 0.422439 0.427131 0.439591 0.454671 0.459757 0.445572 0.502189 0.523048 0.530749 0.538926 0.566322 0.564601 0.573272 0.578781 0.583985 0.588956 0.592945 0.596906 0.600838 0.604741 0.605921 0.628351 0.64628 0.663717 0.679034 0.679303 0.706826 0.718271 0.729563 0.74045 0.74457 0.765444 0.776165 0.786199 0.794061 0.794082 0.814492 0.822249 0.829988 0.839015 0.844313 0.859504 0.86755 0.873261 0.878675 0.877844 0.892893 0.89803 0.902887 0.907466 0.911148 0.920573 0.924306 0.92609 0.92748 0.928638 0.928978 0.929317 0.929656 0.929995 0.929552 0.940893 0.951073 0.959996 0.965038 0.959955 0.973044 0.977055 0.980834 0.984384 0.974668 0.99209 0.995468 0.998625 1.00014 0.990887 1.00369 1.00456 1.00689 1.00902 0.996729 1.01445 1.01643 1.01719 1.01615 1.00352 1.01737 1.01591 1.0146 1.01516 0.998999 1.01768 1.01759 1.01508 1.01242 0.995606 1.01254 1.01018 1.00767 1.00557 0.985342 1.00674 1.004 1.00098 0.99735 0.976317 0.991367 0.985665 0.979825 0.97385 0.96226 0.970695 0.965497 0.960109 0.954595 0.947693 0.94829 0.947236 0.946177 0.945113 0.944029 0.944088 0.944038 0.943882 0.945426 0.940045 0.950472 0.951092 0.950428 0.949613 0.929287 0.948573 0.947303 0.945888 0.946515 0.921843 0.945347 0.945629 0.94332 0.939036 0.901531 0.931683 0.934528 0.931709 0.922278 0.890502 0.914194 0.924379 0.920714 0.89921 0.862344 0.889447 0.906573 0.90277 0.879073 0.847828 0.868879 0.888146 0.884711 0.85015 0.814967 0.84049 0.865679 0.862144 0.832218 0.802308 0.822214 0.841965 0.835964 0.801759 0.767719 0.791528 0.815047 0.811561 0.782 0.752449 0.770014 0.787447 0.782475 0.749022 0.715375 0.736906 0.753957 0.747492 0.723682 0.694777 0.710226 0.718653 0.711965 0.689992 0.657366 0.676921 0.682511 0.67571 0.661593 0.634083 0.647605 0.647074 0.640144 0.628908 0.597512 0.615614 0.610842 0.603876 0.597584 0.572156 0.582444 0.576007 0.569036 0.562041 0.537397 0.546776 0.539604 0.53241 0.525367 0.508969 0.511004 0.503375 0.495614 0.487833 0.472785 0.47115 0.46266 0.454151 0.445624 0.436387 0.434048 0.429856 0.425148 0.420436 0.41577 0.410852 0.405927 0.400994 0.396055 0.390078 0.380922 0.370198 0.359444 0.348661 0.336534 0.328869 0.317345 0.305793 0.294214 0.277229 0.271953 0.259001 0.24603 0.23304 0.218211 0.210245 0.197032 0.183802 0.170555 0.154056 0.144742 0.130702 0.116646 0.102919 0.0894287 0.0801151 0.06708 0.0534141 0.0397337 0.0249348 0.0119259 -0.00325406 -0.0184479 -0.031302 -0.0426194 -0.0454329 -0.0482499 -0.0510678 -0.0538866 -0.0585238 -0.0633312 -0.0681693 -0.0730376 -0.0779361 -0.0929216 -0.101821 -0.124803 -0.147934 -0.155306 -0.196195 -0.180581 -0.16104 -0.150894 -0.142404 -0.11467 0.205585 0.359541 0.405117 0.399963 0.0903305 0.15057 0.190583 0.221235 0.246678 0.232458 0.613934 0.692139 0.752904 0.813612 0.548618 0.541517 0.302123 0.0626842 -0.176798 -0.615117 -0.64737 -0.707784 -0.768234 -0.828718 -0.880883 -0.679976 -0.7373 -0.794595 -0.851862 -1.06344 -1.31572 -1.37403 -1.43044 -1.48691 -1.34308 -0.867443 -0.401315 0.0648106 0.530933 0.920366 0.944999 0.935684 0.926368 0.917054 0.878714 0.801658 0.710612 0.619567 0.528521 0.432551 0.386273 0.334334 0.282395 0.230457 0.177577 0.155075 0.127969 0.100855 0.0737326 0.0456928
17.7452 17.7513 17.7574 17.7635 17.7696 17.7757 18.0254 18.3153 18.6052 18.8803 19.2294 19.6206 20.0019 20.3858 20.7697 21.1519 21.5911 22.021 22.4508 22.8805 23.3092 23.8199 24.3193 24.8292 25.3391 25.8533 26.4816 27.099 27.7109 28.3137 28.9166 29.6799 30.4009 31.1362 31.8834 32.6234 33.5535 34.4689 35.3588 36.2264 37.1038 38.275 39.3243 40.4063 41.5406 42.6715 44.1481 45.5573 46.8591 48.1152 49.3643 51.4335 53.1135 54.5465 56.2503 58.6945 59.3202 60.3429 61.3618 62.3812 63.7165 64.57 65.2689 65.9627 66.6497 67.6061 68.2316 68.5322 68.8195 69.2531 69.7268 70.0889 70.2033 70.3127 70.2142 70.1124 69.9788 69.8401 69.6964 69.5476 69.3365 68.6094 67.4675 65.9826 66.3911 65.4324 63.6446 61.958 59.6205 56.508 53.3623 53.3358 53.2483 53.1423 53.0362 52.9309 51.9586 50.9726 50.0115 49.0436 48.1435 46.8262 45.1537 43.4946 42.616 41.4127 40.7186 39.7129 38.6877 37.3989 35.6532 35.6264 35.5859 35.5454 35.5048 35.4652 34.5251 34.7315 34.9178 35.0858 35.2829 35.263 35.243 35.2226 35.2021 35.2009 35.6912 36.1784 36.6584 37.1472 38.3082 39.1293 40.1489 41.3308 42.7247 44.2278 45.5974 46.9668 48.4476 50.1733 51.8959 53.3203 54.6888 56.0724 57.6317 59.3873 60.3628 61.7541 63.1705 64.5692 65.8019 66.244 66.3828 66.5208 66.7269 66.9407 67.696 68.4442 69.1853 69.8457 70.1115 70.1809 70.4065 70.6038 70.6741 71.0093 69.7583 68.5108 67.2416 65.9591 64.5326 63.2535 62.0246 61.0291 60.0342 58.9285 57.7279 56.4115 55.0947 53.7776 52.3547 48.6224 44.6927 40.8163 38.2514 35.5831 32.6576 29.7123 26.764 23.8081 20.4157 19.5867 18.7483 18.0029 17.2968 16.9284 16.0114 15.0933 14.1741 13.2538 12.308 11.0607 9.8185 8.57415 7.32763 6.10492 2.93321 -0.472706 -3.88752 -6.31685 -7.65719 -7.4909 -7.85415 -8.6594 -9.72264 -11.9617 -8.73488 -8.66743 -8.80819 -8.97443 -12.2383 -9.63234 -9.68215 -10.1053 -10.4456 -11.5027 -9.03794 -8.61562 -8.21386 -7.81259 -7.16916 -7.13222 -7.09527 -7.05832 -7.02136 -6.9433 -6.29241 -5.57594 -4.85966 -4.74503 -3.88545 -4.38367 -4.66111 -4.7097 -4.52125 -4.03483 -4.23125 -4.43522 -4.54807 -3.91372 -3.28693 -3.57231 -3.85835 -3.88047 -4.5548 -5.24694 -4.32021 -3.85186 -4.05512 -4.70606 -4.58474 -4.82115 -6.01444 -6.63528 -8.54516 -12.477 -10.186 -7.92783 -6.34298 -4.53633 -2.63305 -7.52875 -10.8003 -10.8505 -11.6581 -12.4574 -8.50887 -4.97859 -5.23047 -7.85589 -10.4919 -8.34693 -6.19834 -5.68022 -6.77835 -7.87721 -7.51914 -7.16465 -7.01963 -7.40456 -7.78843 -7.43283 -7.08087 -6.76896 -6.83033 -6.89126 -6.32921 -5.77595 -5.44071 -5.56563 -5.71922 -5.29084 -4.88415 -4.72541 -4.84419 -4.99849 -4.79453 -4.64726 -4.54003 -4.4964 -4.55562 -4.0934 -3.54797 -3.21973 -2.75249 -2.01054 -1.23567 -0.616717 0.131718 1.43282 2.44385 4.97922 7.52972 8.83287 10.176 12.7281 16.0092 17.786 19.424 21.7478 23.2194 26.2385 26.6179 27.3466 27.9035 28.0133 28.1933 28.3029 28.2762 28.1126 27.9811 27.971 27.9598 27.9473 27.8862 27.7623 24.629 21.0025 16.9639 15.8971 16.579 14.5695 12.3992 7.15409 0.247603 -4.99908 -8.61514 -12.2026 -13.2458 -14.3037 -15.5668 -16.3268 -17.1008 -17.8908 -17.6902 -17.1797 -18.338 -19.1924 -17.9331 -17.5224 -17.1806 -19.4284 -21.5524 -19.618 -17.5738 -11.655 -13.0651 -11.9801 -10.855 -9.76724 -8.59381 -8.04314 -7.49983 -6.96397 -6.43561 -6.56873 -5.10331 -3.53121 -2.30366 -1.29449 -0.452784 -0.381006 -0.271723 -0.161065 -0.0503988 0.0605586 1.30279 2.54346 3.78252 4.01909 4.16908 3.71635 3.23862 2.88331 2.69027 2.67308 -0.201632 -1.64644 -2.14518 -2.54447 -2.70452 -2.89969 -3.09545 -3.18677 -3.18802 -3.18432 -3.19813 -3.21198 -3.22586 -3.24369 -3.26411 -3.52093 -3.85923 -4.2189 -4.59951 -6.34293 -6.47862 -6.67914 -7.11752 -7.57925 -7.95197 -7.93559 -7.92001 -7.90521 -8.01495 -8.13476 -8.30455 -8.32414 -8.53595 -9.12428 -9.84163 -10.6864 -11.8462 -13.4484 -14.8644 -16.4962 -16.5428 -16.5894 -16.6361 -16.7166 -16.8051 -18.1465 -19.6134 -21.0993 -24.2967 -29.3773 -29.6553 -29.9237 -31.0318 -32.7154 -34.1715 -32.912 -32.8303 -33.2522 -33.6704 -34.0046 -34.1158 -34.227 -34.2116 -34.1299 -34.0474 -34.1585 -34.2556 -34.085 -33.8065 -33.5287 -32.0535 -30.7715 -29.5011 -28.2427 -27.6105 -25.7358 -25.1552 -24.6828 -25.0285 -25.4702 -25.4516 -25.433 -25.4143 -25.4342 -25.4865 -25.6833 -25.9146 -26.2493 -26.7057 -27.7136 -27.4903 -27.6053 -27.8372 -28.2307 -28.6539 -28.6656 -28.6732 -28.6732 -28.6732 -28.6732 -28.7393 -28.7985 -28.8562 -28.7705 -28.5897 -28.7274 -28.7939 -28.8439 -28.8648 -28.8149 -28.839 -28.8505 -28.856 -28.8616 -28.8672 -28.8681 -28.8695 -28.8565 -28.7924 -28.6294 -28.8215 -28.9684 -28.9532 -28.7433 -28.5401 -28.7456 -28.9335 -28.9775 -28.9402 -28.8311 -29.0425 -28.9943 -29.0146 -29.0461 -29.045 -29.0748 -29.0716 -29.0684 -29.0654 -29.0624 -29.0887 -29.1157 -29.1451 -29.2078 -29.3001 -29.2527 -29.1831 -29.1101 -29.0027 -28.8636 -28.8208 -28.7113 -28.6172 -28.5344 -28.4346 -28.3393 -28.2852 -28.2322 -28.1794 -28.0833 -28.0896 -28.0572 -28.024 -27.9907 -27.9589 -27.9265 -27.8942 -27.8619 -27.8391 -27.8388 -27.7749 -27.7145 -27.6541 -27.6183 -27.6622 -27.6638 -27.6654 -27.6671 -27.6687 -27.6704 -27.6976 -27.7248 -27.7516 -27.7785 -27.7897 -27.9263 -28.0761 -28.1513 -28.2229 -28.2557 -28.5516 -28.8496 -29.1479 -29.419 -29.6125 -29.8644 -30.0768 -30.3008 -30.5291 -30.7629 -30.9084 -31.0538 -31.1993 -31.3448 -31.2288 -32.2148 -33.1075 -34.0016 -35.0624 -35.2227 -36.5175 -37.3836 -37.8725 -38.0432 -38.3483 -38.5328 -38.6344 -38.6678 -38.6271 -38.5739 -38.5098 -38.4512 -38.3965 -38.3456 -38.3123 -38.1737 -38.0914 -38.0825 -38.2346 -37.7777 -38.3044 -38.6697 -38.7747 -38.219 -37.5559 -37.7036 -37.5615 -37.1464 -36.5586 -35.5248 -36.1287 -35.7325 -35.3303 -34.9296 -34.2019 -34.301 -34.1601 -34.0192 -33.8783 -33.7451 -33.5591 -33.3455 -33.1199 -32.8947 -32.7073 -32.6775 -32.6478 -32.6181 -32.5884 -32.5677 -32.2855 -32.0008 -31.7161 -31.4323 -31.1696 -30.9494 -30.7296 -30.5121 -30.2953 -30.1149 -29.9583 -29.7736 -29.5839 -29.3876 -29.1809 -29.1765 -29.1701 -29.1634 -29.1566 -29.1499 -29.0163 -28.8822 -28.7272 -28.5408 -28.1007 -28.0882 -28.0618 -27.8066 -27.4413 -27.0196 -27.0336 -26.8908 -26.6956 -26.5004 -26.158 -26.1979 -26.1525 -26.0808 -26.0092 -25.9394 -25.8815 -25.839 -25.8157 -25.7926 -25.7721 -25.59 -25.5766 -25.6476 -25.6997 -25.5925 -25.8568 -26.1927 -26.4857 -26.7871 -27.0215 -27.1962 -27.2714 -27.3446 -27.3534 -27.1626 -27.3142 -27.3348 -27.346 -27.3571 -27.368 -27.4557 -27.5711 -27.6978 -27.8081 -27.5995 -28.0646 -28.2406 -28.399 -28.282 -27.9675 -28.1034 -28.0518 -27.98 -27.9084 -27.8597 -27.816 -27.7723 -27.7286 -27.7121 -27.8718 -27.9035 -27.9245 -27.971 -28.025 -28.0939 -28.1062 -28.0984 -28.0905 -28.0823 -28.073 -28.0862 -28.0987 -28.1106 -28.1173 -28.0771 -28.0792 -28.0891 -28.099 -28.1088 -28.1186 -28.1587 -28.199 -28.2395 -28.262 -28.4205 -29.3695 -29.9366 -30.1933 -29.3498 -28.2439 -28.2254 -28.0714 -28.2813 -27.7622 -27.2975 -27.3155 -27.3658 -27.4165 -27.4676 -27.4471 -27.4375 -27.4284 -27.4703 -27.5327 -27.3172 -27.545 -27.4999 -27.586 -27.4718 -27.2572 -27.3019 -27.2525 -27.0709 -26.2408 -25.2352 -25.6532 -26.1342 -25.6976 -24.5216 -23.3459 -23.3221 -23.1154 -22.4847 -21.7826 -20.8283 -20.5609 -20.0482 -19.4988 -18.9518 -18.3302 -18.1094 -17.8432 -17.5777 -17.3129 -17.0533 -16.8159 -16.5829 -16.3579 -16.1332 -15.8418 -15.4283 -14.9423 -14.4424 -13.9441 -13.37 -12.9699 -12.4826 -11.9982 -11.5105 -10.9898 -10.6357 -10.245 -9.88141 -9.52796 -9.24529 -9.17183 -9.09846 -9.02521 -8.95206 -8.84648 -8.48951 -8.12272 -7.76283 -7.41119 -6.93974 -6.74932 -6.43432 -6.12203 -5.77323 -5.3476 -5.0353 -4.71669 -4.39386 -3.99275 -3.56477 -3.37182 -3.15674 -2.85837 -2.58557 -2.36248 -2.0752 -1.81263 -1.57282 -1.33517 -1.04524 -0.953512 -0.788619 -0.63269 -0.47867 -0.338353 -0.316151 -0.294009 -0.271926 -0.249902 -0.181666 -0.109677 0.000287605 0.107688 0.220499 0.505806 0.495702 0.554182 0.679504 0.971784 1.41512 1.29695 1.24183 1.33798 1.53246 1.75472 1.77385 1.8198 1.9019 2.02816 2.27638 2.20286 2.28559 2.36041 2.40769 2.44987 2.45488 2.45986 2.46481 2.46972 2.48089 2.51166 2.53826 2.60147 2.66749 2.64786 2.73329 2.78817 2.81304 2.81379 2.79244 2.81465 2.80908 2.80182 2.79597 2.72527 2.75983 2.74354 2.71577 2.68723 2.66231 2.65635 2.65036 2.64434 2.63829 2.62644 2.59793 2.55802 2.50993 2.44152 2.38859 2.3845 2.37774 2.37095 2.36414 2.35735 2.32104 2.27677 2.23142 2.18499 2.06619 2.08764 2.02579 1.96818 1.92751 1.88461 1.8128 1.74008 1.68917 1.56276 1.41125 1.46812 1.41476 1.33946 1.27133 1.19509 1.17049 1.14594 1.12126 1.09392 1.06563 1.00515 0.944215 0.882818 0.820956 0.83335 0.750666 0.710238 0.669463 0.628344 0.586669 0.566532 0.550652 0.534679 0.518611 0.538445 0.440814 0.386854 0.327402 0.264162 0.0871793 0.0991725 0.0662678 0.0508391 0.0396434 0.106643 0.00166914 -0.00436274 -0.0104681 -0.0173148 -0.0371837 -0.0538152 -0.0705403 -0.0873592 -0.104272 -0.043962 -0.150691 -0.192832 -0.235675 -0.288106 -0.335102 -0.26001 -0.233418 -0.223769 -0.214445 -0.0901441 -0.184338 -0.180804 -0.178716 -0.177099 -0.17884 -0.174307 -0.174477 -0.174653 -0.174835 -0.175025 -0.179041 -0.183113 -0.187241 -0.179541 -0.166098 -0.153057 -0.14007 -0.127138 -0.117715 -0.0848318 -0.0768034 -0.0445538 -0.0160341 0.0117023 -0.0537548 0.0235929 0.0600002 0.0822784 0.130436 0.211964 0.162421 0.129648 0.169749 0.173715 0.146795 0.243904 0.256509 0.279317 0.306136 0.331994 0.333251 0.334508 0.335765 0.337021 0.33657 0.382724 0.427148 0.459482 0.48433 0.508229 0.540682 0.569111 0.595006 0.581765 0.560795 0.631043 0.693181 0.710806 0.735985 0.761986 0.777531 0.787048 0.79429 0.797962 0.775191 0.820164 0.822809 0.824682 0.829143 0.841436 0.842343 0.843249 0.844154 0.845059 0.845343 0.874632 0.894778 0.909915 0.924341 0.914057 0.957185 0.974147 0.982543 0.985838 0.978432 1.00433 1.01349 1.0187 1.01911 1.00384 1.03464 1.04487 1.04686 1.04525 1.03347 1.05699 1.06363 1.0635 1.06065 1.04774 1.06771 1.06709 1.06361 1.05965 1.05178 1.05581 1.05386 1.05184 1.04977 1.04759 1.05254 1.05729 1.06316 1.07256 1.06709 1.08976 1.09925 1.10462 1.10953 1.06221 1.11358 1.1266 1.1311 1.12262 1.09495 1.12327 1.14513 1.1438 1.10415 1.05773 1.10009 1.14119 1.13711 1.10761 1.07733 1.1015 1.12577 1.119 1.07907 1.03738 1.07499 1.09596 1.08777 1.0684 1.03672 1.05829 1.05266 1.04437 1.03791 0.999886 1.02275 1.01657 1.00984 0.998175 0.976671 0.977603 0.966422 0.959617 0.952605 0.943687 0.944304 0.94337 0.942431 0.941489 0.940533 0.940435 0.940141 0.939649 0.935895 0.916361 0.924862 0.922473 0.921612 0.920509 0.89319 0.910778 0.908494 0.90598 0.900186 0.856791 0.87779 0.87039 0.862954 0.85535 0.832132 0.83689 0.829767 0.822486 0.813326 0.7996 0.800133 0.798245 0.796353 0.794456 0.792602 0.782383 0.774356 0.766161 0.757798 0.749548 0.740258 0.730049 0.719596 0.705635 0.688137 0.684499 0.67129 0.66002 0.649038 0.638656 0.630672 0.620034 0.607612 0.591349 0.571163 0.570628 0.564689 0.551397 0.539498 0.527987 0.519603 0.510411 0.494755 0.472565 0.450563 0.448766 0.445928 0.431777 0.417323 0.403102 0.392683 0.381352 0.368954 0.347836 0.324737 0.322208 0.315413 0.302692 0.288807 0.273056 0.262115 0.249425 0.236449 0.224301 0.203465 0.19847 0.186561 0.173924 0.161221 0.147588 0.142612 0.137194 0.131763 0.126322 0.121111 0.111839 0.10251 0.0931243 0.0846339 0.0857113 0.0623246 0.0454668 0.0283768 0.0111183 0.00669435 -0.0176231 -0.0338118 -0.0501045 -0.0654484 -0.0547239 -0.0908475 -0.105075 -0.121325 -0.137676 -0.143827 -0.166369 -0.183248 -0.199189 -0.211987 -0.209378 -0.238546 -0.251817 -0.265748 -0.28249 -0.29282 -0.313652 -0.329917 -0.343313 -0.356791 -0.36102 -0.38463 -0.39856 -0.412574 -0.426671 -0.439921 -0.458089 -0.471996 -0.48598 -0.500042 -0.509641 -0.514427 -0.516584 -0.518741 -0.520899 -0.523028 -0.536904 -0.550134 -0.562303 -0.574503 -0.58112 -0.600191 -0.615476 -0.630806 -0.646181 -0.660787 -0.671905 -0.682386 -0.692884 -0.7034 -0.715148 -0.719808 -0.724173 -0.728552 -0.732946 -0.739835 -0.750831 -0.764712 -0.780112 -0.795677 -0.820394 -0.826239 -0.843122 -0.858877 -0.874212 -0.905801 -0.905133 -0.92214 -0.939253 -0.957055 -1.00322 -0.991202 -1.00999 -1.02869 -1.04749 -1.09557 -1.09584 -1.12133 -1.14581 -1.16936 -1.1963 -1.1966 -1.20114 -1.20565 -1.21014 -1.21432 -1.22752 -1.2409 -1.25447 -1.26823 -1.28795 -1.29923 -1.31764 -1.33642 -1.35559 -1.37695 -1.39314 -1.41339 -1.4348 -1.46082 -1.50071 -1.49853 -1.51039 -1.52795 -1.5516 -1.57478 -1.57143 -1.58428 -1.60558 -1.63761 -1.68501 -1.61299 -1.57346 -1.5782 -1.59769 -1.63049 -1.51174 -1.39891 -1.38306 -1.46632 -1.5565 -1.80368 -2.06049 -2.05405 -1.75377 -1.41003 -0.840052 -0.494148 -0.235839 0.0139978 -0.40601 -0.229348 -0.394037 -0.558572 -0.722955 -1.20685 -1.37751 -1.41306 -1.4486 -1.48414 -1.44632 -1.06382 -1.02411 -0.892219 -0.619233 -0.61117 -0.886772 -0.941994 -0.991938 -0.965318 -0.734485 -0.31018 0.156071 0.622316 0.775098 0.837388 0.867774 0.858424 0.849074 0.840114 0.804659 0.728236 0.637167 0.546098 0.45663 0.392867 0.345993 0.294049 0.242105 0.191036 0.155931 0.132953 0.105837 0.0787119 0.052275 0.0382394
17.6162 17.6222 17.6282 17.6342 17.6402 17.6462 17.9023 18.1593 18.4162 18.6731 18.9964 19.3743 19.7498 20.1252 20.5006 20.8815 21.304 21.7328 22.1615 22.5901 23.0097 23.5166 24.0142 24.5118 25.0132 25.5183 26.1304 26.725 27.3286 27.9322 28.5318 29.2602 29.9813 30.7023 31.4095 32.1157 33.0029 33.8496 34.7171 35.5843 36.4521 37.5227 38.5738 39.6246 40.6343 41.643 42.9653 44.1651 45.4289 46.6918 47.9773 49.5355 50.9918 52.4376 53.8249 55.1476 57.0437 58.562 60.3652 62.0285 64.0519 64.5435 64.9857 65.4263 65.8653 66.2346 66.4234 66.6119 66.806 67.0288 67.2529 68.0212 68.5486 69.0692 69.583 70.2273 70.3638 70.4332 70.5006 70.5658 70.6152 70.7381 70.8579 70.9746 71.1465 71.4218 71.0476 70.7238 70.3902 70.1053 69.1841 68.8564 68.0759 66.4698 64.8319 63.67 63.2305 62.5744 61.981 61.384 60.294 59.6844 59.1914 58.6966 58.2001 57.7051 57.4573 57.1544 56.8509 56.5467 56.3974 55.8655 55.3056 54.7234 54.1369 53.5325 53.6203 53.4162 53.0607 52.8353 52.6959 52.7876 52.7869 52.6404 52.3815 52.0874 52.6856 53.053 52.922 52.7877 52.6057 52.8222 52.6294 52.5597 52.6767 52.7708 52.7976 52.8051 52.8124 52.8197 52.8269 52.8867 52.9136 52.8069 52.6998 52.4702 52.595 52.4686 52.4517 52.2845 51.7277 52.0544 52.3818 52.1747 51.4978 50.8147 50.6486 50.4692 50.1426 49.8591 49.4994 49.5584 49.8228 49.7442 49.6185 49.5726 49.5946 49.6225 49.6518 49.6812 49.7101 49.9853 50.2598 50.5682 51.1649 51.0931 51.8327 52.7859 53.6093 53.9515 54.0962 54.8252 55.5271 55.7869 55.8891 55.9447 56.0681 54.5781 51.3729 48.358 45.2311 44.2364 43.1494 41.9643 40.777 39.7416 35.407 30.0645 24.7007 19.4235 14.0272 2.48523 -19.8978 -27.8397 -35.2197 -45.4218 -47.3128 -48.2129 -49.1361 -50.0824 -50.9659 -54.9547 -59.0556 -62.8012 -64.9331 -65.2975 -65.3002 -64.59 -63.8868 -63.1904 -62.4061 -61.2705 -60.2656 -59.35 -58.5245 -58.6319 -54.4488 -50.0986 -45.7873 -39.8446 -37.4235 -33.4966 -30.0721 -26.6064 -24.3169 -23.8657 -22.461 -21.1223 -20.6679 -21.0857 -21.6306 -19.5648 -17.657 -18.029 -19.9463 -22.1747 -22.5245 -24.2992 -24.6857 -24.3349 -25.2776 -24.4301 -23.9828 -23.5469 -23.1226 -22.7498 -22.277 -21.8186 -21.395 -20.9978 -19.5035 -18.1575 -17.7085 -17.4161 -16.8302 -16.9058 -16.2066 -15.7479 -15.312 -15.1074 -15.4343 -15.53 -15.1388 -14.6176 -14.0963 -13.5572 -13.3361 -13.115 -12.894 -12.6701 -12.4288 -11.3228 -10.2848 -9.26056 -8.1196 -6.73224 -5.72404 -4.39959 -3.0782 -1.80861 -0.383336 1.08346 2.48482 3.96485 5.47858 7.05132 7.21866 7.38599 7.55331 7.70421 7.77584 9.59146 11.449 13.3695 14.8605 15.9675 16.3452 16.1008 16.4862 17.5019 17.3212 15.0194 13.2116 11.1892 10.0043 9.19341 8.78876 8.51359 8.26821 8.02279 7.7734 6.54076 5.02507 3.21986 1.38676 0.296337 -0.0161525 -0.0444873 -0.0728496 -0.101241 -0.492075 -0.22621 -0.211475 -0.214105 -0.258109 -1.96295 0.703608 1.478 1.50849 1.49783 1.47846 1.43578 1.39282 1.3496 1.28895 1.19426 1.73845 2.00693 2.16736 1.91792 1.68147 3.23891 4.03252 1.71726 -0.510747 -1.61018 -1.48732 -1.36546 -1.24461 -1.47483 -1.98319 -3.55503 -4.56564 -5.47194 -7.17921 -9.67538 -6.80894 -5.10796 -9.88138 -15.0947 -17.8463 -19.5288 -21.2138 -22.9012 -24.1397 -25.1191 -35.7162 -47.6452 -59.8428 -72.1495 -85.197 -93.9146 -102.565 -108.539 -109.522 -111.537 -117.642 -123.848 -130.138 -134.36 -137.938 -144.422 -151.003 -152.651 -152.521 -152.693 -158.757 -158.165 -154.824 -151.584 -148.354 -147.521 -146.723 -145.96 -145.535 -145.831 -138.952 -134.335 -129.932 -127.61 -127.09 -119.973 -113.258 -109.369 -111.194 -113.144 -106.159 -101.739 -99.445 -97.1506 -96.6375 -91.272 -89.5511 -87.8309 -86.1879 -84.275 -83.9655 -83.656 -83.3465 -83.0371 -82.6167 -81.4255 -80.2523 -79.0807 -77.6873 -76.3237 -75.6203 -74.9533 -74.323 -73.6962 -73.0137 -72.4767 -71.93 -71.3866 -70.8286 -70.2089 -70.0319 -69.86 -69.6882 -69.5165 -69.3543 -68.7416 -68.1277 -67.5167 -66.9086 -66.6059 -64.9751 -64.0787 -63.1844 -62.325 -62.1459 -61.8556 -61.1114 -60.369 -59.5962 -58.6017 -58.185 -57.8577 -57.531 -57.2048 -56.9146 -56.5461 -56.1778 -55.8095 -55.4414 -54.9453 -54.6813 -53.9356 -53.1921 -52.451 -51.5675 -50.0902 -49.0595 -47.9674 -46.4848 -44.787 -42.8379 -41.0969 -39.9468 -39.6431 -39.1217 -37.4555 -35.7797 -34.8568 -35.0259 -35.1864 -33.5613 -31.9767 -31.2908 -31.1852 -31.2705 -30.1214 -29.2695 -28.8162 -29.1112 -30.3675 -29.1172 -28.5911 -29.3061 -29.3192 -30.9535 -31.9347 -32.8382 -33.767 -34.8023 -35.7193 -37.6756 -39.6685 -41.5983 -43.2856 -44.7412 -47.6441 -50.5626 -53.012 -54.9125 -56.8769 -61.1422 -65.4096 -67.9514 -71.0981 -74.5112 -78.3102 -81.6683 -84.92 -88.0252 -91.1425 -96.5231 -100.004 -103.468 -107.006 -110.666 -112.969 -114.811 -116.738 -118.749 -120.531 -120.608 -120.338 -120.109 -119.883 -119.656 -119.783 -119.916 -120.057 -119.914 -118.276 -117.846 -116.165 -114.542 -112.963 -109.894 -109.16 -106.908 -104.466 -102.079 -98.8158 -96.656 -93.669 -91.1543 -89.0367 -85.9905 -84.4089 -82.3489 -80.3096 -77.9783 -74.2759 -72.5043 -70.701 -68.5734 -66.4267 -63.851 -63.2817 -62.8057 -62.3312 -61.8581 -61.4103 -60.3428 -59.2758 -57.8803 -56.4579 -55.1928 -54.0235 -52.3039 -50.6308 -49.1732 -47.5645 -45.9236 -44.9551 -44.2915 -43.6286 -43.4961 -42.3687 -40.754 -40.3716 -39.2203 -38.0389 -37.7713 -37.4303 -37.1367 -36.8446 -36.2941 -35.4263 -35.4727 -35.5216 -35.5729 -35.6271 -35.5326 -35.4384 -35.3446 -35.28 -35.58 -34.8449 -34.2252 -33.8723 -33.8662 -34.2312 -33.4062 -33.1138 -32.7196 -32.3858 -32.103 -31.9295 -31.7565 -31.5839 -31.4494 -31.4637 -31.2928 -31.1826 -31.0809 -30.9806 -30.8828 -30.8257 -30.7691 -30.7129 -30.6572 -30.6926 -30.3175 -30.0698 -29.9145 -29.8122 -29.8955 -29.7778 -29.7111 -29.6573 -29.5944 -29.5208 -29.4924 -29.4641 -29.4358 -29.4119 -29.4038 -29.477 -29.4648 -29.4625 -29.2641 -28.8077 -28.6429 -28.4096 -28.0992 -27.6955 -27.3455 -27.2823 -27.2191 -27.156 -27.1037 -27.0865 -26.5679 -26.018 -25.486 -24.8127 -23.9268 -23.4566 -22.9972 -22.2297 -21.2077 -20.1861 -19.8303 -19.3754 -18.8926 -18.3958 -17.9505 -17.8049 -17.6597 -17.515 -17.3724 -17.2349 -16.7865 -16.2849 -15.7821 -14.9968 -13.9628 -13.6212 -13.3044 -12.6195 -11.8075 -11.0031 -10.5578 -10.0791 -9.59647 -9.13941 -8.68908 -8.4904 -8.29354 -8.09852 -7.92672 -7.82329 -7.04949 -6.44996 -5.90067 -5.58765 -5.52023 -4.89888 -4.68042 -4.4884 -4.30741 -4.22075 -4.2005 -4.18048 -4.16068 -4.13882 -4.07145 -3.95301 -3.86291 -3.68482 -3.47474 -3.25645 -3.25352 -3.25066 -3.24788 -3.24584 -3.2561 -3.28307 -3.34028 -3.38719 -3.40025 -3.1944 -3.5008 -3.5745 -3.51292 -3.50898 -3.54323 -3.56081 -3.57895 -3.59765 -3.53767 -3.39813 -3.59155 -3.65924 -3.67432 -3.47085 -3.22647 -3.05859 -2.96569 -2.88935 -2.82243 -2.77502 -2.76506 -2.75529 -2.74558 -2.69421 -2.63335 -2.60039 -2.56453 -2.52878 -2.49312 -2.45563 -2.30261 -2.15114 -2.00123 -1.85289 -2.06809 -1.71565 -1.5697 -1.47864 -1.38618 -1.29527 -1.22668 -1.15816 -1.08972 -1.07719 -1.09297 -0.697736 -0.393791 -0.103226 0.216409 0.466741 0.537749 0.65431 0.814955 0.93983 1.05654 1.09254 1.12845 1.16428 1.18373 1.19122 1.53594 1.82617 2.11144 2.13284 2.04991 2.4983 2.80264 2.87362 2.92232 2.94288 2.9625 2.97493 2.98197 2.98889 2.99561 3.14447 3.27516 3.40086 3.39011 3.19916 3.50068 3.64016 3.6843 3.6326 3.46285 3.61744 3.63798 3.59813 3.55597 3.51047 3.52052 3.53038 3.54008 3.54338 3.52989 3.60266 3.63639 3.66241 3.45131 3.03531 3.29001 3.60754 3.62007 3.47166 3.31353 3.33244 3.28544 3.21167 3.13552 3.05977 3.05767 3.05555 3.05339 3.05202 3.05522 3.04889 3.03727 3.0211 3.00683 2.84446 2.99605 2.98153 2.96427 2.94058 2.92185 2.91711 2.9123 2.90742 2.90248 2.87873 2.85714 2.82179 2.78753 2.75014 2.81301 2.73673 2.73901 2.74057 2.74141 2.74156 2.74313 2.74411 2.73609 2.7269 2.70915 2.71374 2.69649 2.68366 2.57813 2.32692 2.4567 2.59068 2.5471 2.49399 2.43003 2.40168 2.34678 2.28611 2.22226 2.13206 2.14543 2.13539 2.12529 2.11513 2.10523 2.06763 2.02764 1.98527 1.94087 1.88361 1.82718 1.76541 1.70202 1.63622 1.57172 1.53433 1.50118 1.46751 1.43332 1.39039 1.34458 1.29826 1.25144 1.20411 1.14759 1.06208 0.967607 0.871287 0.773128 0.666479 0.630297 0.596771 0.564346 0.531936 0.501519 0.448366 0.394615 0.340264 0.28814 0.301431 0.176605 0.116188 0.0550679 -0.00432588 -0.0686042 -0.125963 -0.184623 -0.243923 -0.296893 -0.283497 -0.420035 -0.488252 -0.547756 -0.607362 -0.667578 -0.669249 -0.670858 -0.672465 -0.674072 -0.675675 -0.689043 -0.702648 -0.716493 -0.73217 -0.765973 -0.744135 -0.7419 -0.741626 -0.740052 -0.695544 -0.748429 -0.747263 -0.749902 -0.75298 -0.770241 -0.760966 -0.765715 -0.772667 -0.78018 -0.787446 -0.788062 -0.788134 -0.788206 -0.788278 -0.78835 -0.752846 -0.717303 -0.694152 -0.68528 -0.72072 -0.672407 -0.66438 -0.657312 -0.6518 -0.671639 -0.645616 -0.642741 -0.640215 -0.638036 -0.636114 -0.634757 -0.633501 -0.632344 -0.631287 -0.630956 -0.627746 -0.626101 -0.626111 -0.626776 -0.611484 -0.629873 -0.631563 -0.626068 -0.619884 -0.61016 -0.611098 -0.609422 -0.60777 -0.606141 -0.60452 -0.603117 -0.602328 -0.60195 -0.601982 -0.615855 -0.60365 -0.6042 -0.605335 -0.603289 -0.591535 -0.604325 -0.61236 -0.615638 -0.631898 -0.652611 -0.644933 -0.637328 -0.634897 -0.62542 -0.61622 -0.634185 -0.652652 -0.659032 -0.672137 -0.686453 -0.679272 -0.675275 -0.679283 -0.677301 -0.668889 -0.6886 -0.697677 -0.70302 -0.708819 -0.721228 -0.719216 -0.724474 -0.730106 -0.736107 -0.735172 -0.746776 -0.751758 -0.75713 -0.762956 -0.769779 -0.770461 -0.771849 -0.773257 -0.774687 -0.776101 -0.777138 -0.778142 -0.777625 -0.777148 -0.776667 -0.778376 -0.780115 -0.781882 -0.783678 -0.782149 -0.788951 -0.793353 -0.797922 -0.802655 -0.795854 -0.813003 -0.817417 -0.821986 -0.826315 -0.810886 -0.833799 -0.83726 -0.841505 -0.845893 -0.819845 -0.855307 -0.859913 -0.864576 -0.867309 -0.83892 -0.877313 -0.880392 -0.884648 -0.886983 -0.849052 -0.895523 -0.905466 -0.908953 -0.90655 -0.875877 -0.913289 -0.923754 -0.926898 -0.920875 -0.884121 -0.928775 -0.943149 -0.943443 -0.939846 -0.913664 -0.946168 -0.94552 -0.944998 -0.945629 -0.922921 -0.948924 -0.950085 -0.950382 -0.950785 -0.944881 -0.952018 -0.952569 -0.953173 -0.953831 -0.954538 -0.955211 -0.955897 -0.95659 -0.95729 -0.958032 -0.960179 -0.961272 -0.961825 -0.962479 -0.952697 -0.964953 -0.96621 -0.967565 -0.969657 -0.972827 -0.976027 -0.978322 -0.980079 -0.980804 -0.957339 -0.984473 -0.989258 -0.989082 -0.988877 -0.988548 -0.990026 -0.989722 -0.989589 -0.988194 -0.964687 -0.990312 -0.991098 -0.991451 -0.99104 -0.992278 -0.993578 -0.993664 -0.994218 -0.994907 -0.977183 -0.998557 -0.999156 -0.999734 -1.00025 -1.00134 -1.00272 -1.00304 -1.00353 -1.00431 -0.991602 -1.00689 -1.00793 -1.00877 -1.00962 -1.01093 -1.01289 -1.01414 -1.01545 -1.01688 -1.01141 -1.02057 -1.02192 -1.02325 -1.02464 -1.02613 -1.02751 -1.02855 -1.02964 -1.03086 -1.03181 -1.03238 -1.03251 -1.03264 -1.03276 -1.03289 -1.03471 -1.03663 -1.03859 -1.0406 -1.03666 -1.04493 -1.04774 -1.0506 -1.05347 -1.04899 -1.05827 -1.06165 -1.06513 -1.06865 -1.05223 -1.07436 -1.07803 -1.08175 -1.08553 -1.07384 -1.0915 -1.09588 -1.1003 -1.10336 -1.07589 -1.10648 -1.10955 -1.11268 -1.11587 -1.10333 -1.11935 -1.12289 -1.12657 -1.1303 -1.11286 -1.13661 -1.14098 -1.14539 -1.14922 -1.14185 -1.15558 -1.16021 -1.16562 -1.17108 -1.16203 -1.18251 -1.18951 -1.19656 -1.2024 -1.20051 -1.21499 -1.22215 -1.23077 -1.23943 -1.23743 -1.258 -1.26852 -1.279 -1.28765 -1.29054 -1.30772 -1.31844 -1.33095 -1.34394 -1.34829 -1.37338 -1.39026 -1.40596 -1.41987 -1.4287 -1.45238 -1.46914 -1.48775 -1.50899 -1.52184 -1.55994 -1.59038 -1.6157 -1.63943 -1.6581 -1.69302 -1.72024 -1.74778 -1.78448 -1.813 -1.88764 -1.97136 -2.05229 -2.13323 -2.21589 -2.15709 -2.14663 -2.13613 -2.14009 -2.20293 -2.02005 -1.87808 -1.73609 -1.59406 -1.50409 -1.52546 -1.50034 -1.4752 -1.45003 -1.41138 -1.24831 -1.11872 -0.989811 -0.861576 -0.708507 -0.884848 -0.930982 -0.969518 -1.00817 -1.01556 -1.21359 -1.23151 -1.2497 -1.29492 -1.1475 -1.10619 -1.00513 -0.806075 -0.665883 -0.675975 -1.66303 -1.76019 -1.70767 -1.63699 -0.831938 -0.52098 -0.0697739 0.365171 0.478961 0.615194 0.636627 0.658049 0.679461 0.685147 0.679099 0.76552 0.814915 0.86415 0.915938 0.685456 0.697059 0.641133 0.566556 0.469306 0.325412 0.312153 0.275753 0.231361 0.181724 0.119516 0.124981 0.107674 0.0804028 0.0484086 0.00555483
k 1 18963 float
0.209713 0.209713 0.209714 0.209714 0.209715 0.209715 0.210362 0.210339 0.210317 0.210295 0.209667 0.21022 0.210205 0.210191 0.210176 0.209667 0.210144 0.210153 0.210162 0.210171 0.209802 0.210196 0.210238 0.21028 0.210321 0.210122 0.210441 0.210529 0.210617 0.210706 0.210699 0.210863 0.21094 0.211017 0.211094 0.211172 0.211254 0.211336 0.211418 0.211506 0.211595 0.211953 0.212276 0.212599 0.212922 0.213247 0.213911 0.214517 0.215122 0.215727 0.216324 0.21744 0.218358 0.219276 0.220192 0.22138 0.222397 0.223208 0.223971 0.224711 0.225171 0.226789 0.228099 0.229404 0.230678 0.231761 0.233772 0.235939 0.237838 0.239723 0.241643 0.241759 0.24195 0.24214 0.24233 0.242507 0.245214 0.248343 0.253909 0.260665 0.264824 0.265302 0.265753 0.269458 0.277307 0.285666 0.290448 0.294309 0.297899 0.301577 0.305324 0.306538 0.307753 0.308968 0.310196 0.311475 0.317 0.326995 0.337315 0.349026 0.361022 0.365164 0.369488 0.376972 0.406908 0.439705 0.43285 0.434705 0.439004 0.443829 0.46855 0.447033 0.449103 0.45187 0.456462 0.473366 0.456946 0.463852 0.469932 0.478604 0.498306 0.478095 0.468664 0.464682 0.466316 0.475765 0.46263 0.457384 0.459069 0.463999 0.473189 0.458529 0.448794 0.442249 0.438079 0.438167 0.433853 0.430919 0.42856 0.426098 0.423282 0.424178 0.42421 0.424041 0.422265 0.4212 0.419856 0.419034 0.41824 0.417337 0.414656 0.413378 0.41265 0.411845 0.412281 0.418717 0.413733 0.414025 0.414537 0.415029 0.417843 0.416922 0.418642 0.420341 0.422019 0.423236 0.423531 0.423795 0.422249 0.418641 0.418446 0.419654 0.424104 0.42897 0.433658 0.44344 0.452992 0.466255 0.479954 0.493262 0.507708 0.511544 0.51143 0.509971 0.508519 0.507234 0.507454 0.507697 0.508539 0.508801 0.532985
0.2112 0.2112 0.211199 0.211198 0.211198 0.211197 0.211052 0.211057 0.211063 0.211062 0.211195 0.211096 0.211113 0.211138 0.211163 0.211275 0.211238 0.211289 0.211339 0.211387 0.211489 0.211516 0.2116 0.211686 0.211771 0.211873 0.211986 0.212118 0.212251 0.212383 0.212502 0.21274 0.212977 0.213213 0.21345 0.213669 0.214039 0.2144 0.21476 0.215121 0.215493 0.216175 0.216793 0.217412 0.218031 0.218641 0.219563 0.220422 0.22128 0.222138 0.223299 0.223936 0.224622 0.225311 0.225999 0.226708 0.227822 0.228924 0.230023 0.23112 0.232336 0.232531 0.232723 0.232915 0.233107 0.233263 0.234677 0.235928 0.237171 0.238405 0.239647 0.240042 0.240668 0.241316 0.241963 0.242433 0.244063 0.248428 0.250834 0.253222 0.254604 0.255169 0.257455 0.261375 0.265505 0.270918 0.274392 0.280554 0.284109 0.288405 0.296512 0.297782 0.299678 0.302247 0.30482 0.307494 0.312679 0.3179 0.323153 0.329678 0.337983 0.337846 0.34592 0.370477 0.396899 0.415967 0.427016 0.452896 0.451961 0.452073 0.478171 0.467529 0.46847 0.470306 0.473048 0.481549 0.477552 0.476065 0.475024 0.475539 0.476126 0.474599 0.47344 0.472655 0.472249 0.481339 0.472025 0.472943 0.474254 0.475623 0.491255 0.470304 0.471659 0.475189 0.481728 0.507861 0.47794 0.463732 0.458008 0.461016 0.478311 0.456297 0.448141 0.447419 0.450981 0.465754 0.449992 0.444991 0.443818 0.449392 0.466885 0.450766 0.44893 0.44943 0.45175 0.466539 0.455261 0.453481 0.453597 0.453444 0.458196 0.448796 0.447795 0.446691 0.445489 0.44763 0.440205 0.440181 0.439805 0.439331 0.445659 0.44106 0.444639 0.448172 0.452068 0.456212 0.459539 0.462851 0.466121 0.467973 0.468523 0.4759 0.482292 0.486394 0.490303 0.4943 0.494398 0.494496 0.494593 0.49469 0.495184 0.502173 0.510026 0.517856 0.525646 0.535409 0.537203 0.544539 0.552096 0.5538 0.555485 0.559268 0.561691 0.562979 0.564448 0.589366 0.61995 0.650179 0.673524 0.693159 0.704996 0.716627 0.722333 0.716807 0.70983 0.723423 0.735105 0.74673 0.745275 0.743314
0.223431 0.223432 0.223433 0.223433 0.223434 0.223435 0.223554 0.223594 0.223633 0.223672 0.223647 0.223786 0.223857 0.223928 0.223998 0.224054 0.224162 0.224257 0.224353 0.224448 0.22454 0.224622 0.2247 0.224779 0.224858 0.224927 0.224982 0.225037 0.225092 0.225148 0.225208 0.225378 0.225551 0.225724 0.225897 0.226085 0.226297 0.226525 0.226753 0.22698 0.227238 0.227514 0.227815 0.228115 0.228416 0.22876 0.229116 0.229517 0.229918 0.230319 0.230789 0.231269 0.23181 0.232351 0.232893 0.23354 0.234173 0.234914 0.235662 0.236411 0.237284 0.238212 0.239205 0.240198 0.241191 0.242264 0.243372 0.244486 0.2456 0.24677 0.248147 0.249484 0.250626 0.252426 0.25422 0.256018 0.256286 0.256597 0.256907 0.257217 0.257501 0.258525 0.259533 0.260412 0.261286 0.262357 0.264157 0.266161 0.268366 0.271071 0.273925 0.278781 0.282447 0.286798 0.294443 0.303333 0.303155 0.304013 0.309854 0.319293 0.333305 0.334508 0.336759 0.340942 0.345205 0.350377 0.350486 0.350514 0.350542 0.350571 0.350601 0.351368 0.352256 0.353261 0.354074 0.36057 0.356689 0.357476 0.358838 0.361412 0.366348 0.364272 0.364374 0.365246 0.366648 0.371961 0.368416 0.369131 0.369538 0.369966 0.371226 0.371175 0.371103 0.371324 0.372082 0.374203 0.373476 0.374273 0.37443 0.374206 0.374045 0.374146 0.373908 0.373693 0.373499 0.374012 0.37437 0.374733 0.375103 0.375478 0.375994 0.377354 0.379025 0.379081 0.379107 0.380804 0.381123 0.382598 0.384137 0.386127 0.389505 0.393303 0.396489 0.399993 0.404049 0.408434 0.408564 0.408801 0.409038 0.409274 0.409505 0.417069 0.424657 0.432678 0.442364 0.455158 0.458586 0.469111 0.483811 0.498294 0.516912 0.532274 0.548608 0.560767 0.574623 0.590819 0.59059 0.591452 0.593043 0.594634 0.596197 0.633491 0.678223 0.730238 0.804662 0.864886 0.867734 0.870393 0.876877 0.890411 0.904711 0.820906 0.900297 0.986642 1.07854 1.203 1.2619 1.30734 1.31472 1.32265 1.33108 1.45854 1.55327 1.61132 1.62595 1.6425 1.87509 2.04754 2.18409 2.26357 2.32726 2.38237 2.43169 2.45217 2.47364 2.55038
0.224114 0.224115 0.224115 0.224115 0.224116 0.224116 0.223984 0.224025 0.224066 0.224108 0.224327 0.224269 0.224353 0.224434 0.224516 0.224743 0.224731 0.224836 0.224942 0.225048 0.225258 0.225295 0.22543 0.225566 0.225701 0.225926 0.226017 0.226193 0.22637 0.226546 0.2268 0.226958 0.22719 0.227422 0.227653 0.227948 0.228192 0.228498 0.228804 0.22911 0.229468 0.229832 0.230244 0.230655 0.231066 0.231508 0.231973 0.232471 0.232969 0.233467 0.233907 0.233994 0.234081 0.234167 0.234254 0.234339 0.235107 0.235861 0.236615 0.23737 0.238114 0.23909 0.240065 0.24104 0.242015 0.242983 0.244313 0.24568 0.247058 0.248437 0.249885 0.251746 0.253437 0.255123 0.256803 0.25909 0.260244 0.261642 0.262985 0.264254 0.265039 0.266009 0.266975 0.267936 0.268891 0.270117 0.2758 0.282081 0.285835 0.289377 0.295391 0.298331 0.302507 0.309066 0.316066 0.325127 0.330596 0.341865 0.354504 0.366289 0.37072 0.375374 0.379749 0.383858 0.393314 0.410251 0.419073 0.42779 0.451496 0.477945 0.506385 0.527848 0.531675 0.536169 0.54129 0.557637 0.558162 0.558687 0.559136 0.55919 0.559245 0.668326 0.903577 1.10843 1.01849 0.972435 0.873172 0.794705 0.720432 0.649793 0.588016 0.588157 0.5883 0.588628 0.593988 0.593963 0.587215 0.585314 0.584303 0.584198 0.612256 0.584107 0.583251 0.581882 0.579178 0.574478 0.581544 0.580272 0.579203 0.580129 0.571436 0.584334 0.586734 0.585798 0.583209 0.576641 0.592183 0.591923 0.590908 0.591385 0.526295 0.598507 0.598199 0.597705 0.597586 0.587724 0.59994 0.601164 0.602066 0.602738 0.560724 0.600447 0.601373 0.603333 0.60329 0.594282 0.594187 0.596744 0.598942 0.596116 0.595886 0.604258 0.602349 0.600966 0.600255 0.60024 0.599975 0.599732 0.599509 0.606527 0.618151 0.599462 0.602367 0.608979 0.637479 0.709925 0.676658 0.687377 0.701264 0.724537 0.783632 0.784608 0.786589 0.794363 0.802213 0.808805 0.814534 0.839211 0.864596 0.890673 0.907996 0.915992 0.924053 0.932179 0.940368 0.950638 0.965344 1.00935 1.053 1.06585 1.11788 1.14982 1.17711 1.1993 1.21168 1.21911 1.1979 1.2029 1.24119 1.34196 1.4398 1.42339 1.41684 1.44583 1.52779 1.61811 1.55686 1.49592 1.54277 1.63949 1.73337 1.71705 1.72866 1.77524 1.80698 1.88271 1.8341 1.7856 1.83914 1.94804 2.05313 2.01476 2.12454 2.25087 2.3777 2.49447 2.41562 2.33699 2.35059 2.42338 2.4933 2.50508 2.5168 2.50662 2.48276 2.45882 2.28775 2.11667 2.14223 2.27289 2.40264 2.40105 2.39948 2.39511 2.38989 2.38475 2.30587 2.24302 2.28514 2.32057 2.35381 2.31427 2.36353 2.32774 2.27698 2.29546 2.28976 2.28987 2.29086 2.29175 2.29594 2.29379 2.29448 2.29581 2.29715 2.29837 2.29282 2.28803 2.27404 2.27957 2.29784 2.28356 2.26949 2.26405 2.26388 2.26352 2.25056 2.23677 2.23039 2.24643 2.26855 2.24867 2.23442 2.23584 2.23777 2.24072 2.23213 2.22562 2.22067 2.21586 2.20177 2.18485 2.16643 2.14691 2.10793 2.06947 2.0298 1.87916 1.72852 1.58213 1.46335
0.214578 0.214579 0.21458 0.214581 0.214582 0.214583 0.213704 0.213739 0.213774 0.21381 0.214756 0.213951 0.21401 0.214068 0.214123 0.215029 0.214298 0.21435 0.21442 0.214502 0.215359 0.214755 0.214875 0.215004 0.215138 0.215979 0.215523 0.215696 0.21587 0.216103 0.216963 0.216557 0.216795 0.217031 0.217268 0.218132 0.217858 0.218192 0.218526 0.218882 0.219853 0.219784 0.220331 0.220832 0.221334 0.222453 0.222714 0.223232 0.223687 0.22434 0.225191 0.224785 0.225001 0.225545 0.226111 0.227175 0.227629 0.228319 0.229085 0.229935 0.231289 0.231757 0.232704 0.233599 0.23439 0.235659 0.236808 0.23804 0.23937 0.240914 0.242723 0.243812 0.245085 0.247185 0.249033 0.249619 0.250379 0.251128 0.251851 0.252564 0.254056 0.257527 0.261504 0.265609 0.271449 0.276145 0.276349 0.277668 0.28077 0.283951 0.292276 0.292433 0.294267 0.296688 0.299114 0.301659 0.302812 0.303892 0.304977 0.30611 0.309123 0.30989 0.313448 0.3187 0.323817 0.327003 0.332511 0.33968 0.346133 0.371237 0.396744 0.388416 0.389079 0.394183 0.398808 0.409138 0.41335 0.416479 0.41793 0.419607 0.422819 0.423402 0.423992 0.424587 0.425188 0.425994 0.426794 0.427973 0.429265 0.431115 0.433298 0.433146 0.433007 0.432879 0.432749 0.435152 0.433427 0.435994 0.438767 0.44175 0.448048 0.457092 0.467024 0.46551 0.45729 0.457242 0.452428 0.453921 0.450648 0.442297 0.43832 0.429761 0.428813 0.42995 0.436097 0.449444 0.447108 0.455582 0.466242 0.47289 0.489913 0.493672 0.504293 0.514496 0.524267 0.539229 0.552753 0.562851 0.570532 0.577193 0.580263 0.581067 0.581864 0.582654 0.583269 0.583762 0.595801 0.611801 0.628503 0.640335 0.652419 0.637909 0.633828 0.637785 0.648908 0.664109 0.671121 0.678771 0.68702 0.69529 0.703589 0.713297 0.707128 0.701787 0.72911 0.762482 0.755139 0.776938 0.797703 0.796564 0.80263 0.784695 0.779464 0.774473 0.769715 0.765724 0.759254 0.752769 0.739248 0.721141 0.716325 0.724986 0.733876 0.742724 0.752563 0.763496 0.766827 0.770341 0.774036 0.782625 0.801549 0.810261 0.856808 0.899736 0.910165 0.99714 1.03554 1.07722 1.12127 1.1768 1.25507 1.2887 1.31607 1.34285 1.36964 1.39649 1.51541 1.63576 1.68003 1.72707 1.88151 1.72146 1.77661 1.92594 1.9632 2.21521 1.9501 1.75822 1.61775 1.65509 1.77538 1.66152 1.60312 1.62218 1.63274 1.61709 1.64305 1.64251 1.64284 1.64117 1.54927 1.60923 1.63107 1.62119 1.59615 1.52667 1.57916 1.58414 1.59567 1.6126 1.54788 1.5964 1.61208 1.6143 1.61595 1.62017 1.62143 1.62205 1.6214 1.62075 1.62011 1.66608 1.71063 1.75666 1.7433 1.69453 1.72115 1.75014 1.76459 1.77293 1.77711 1.80762 1.83897 1.86977 1.8564 1.81753 1.82921 1.83213 1.83447 1.83638 1.82691 1.82545 1.82364 1.82152 1.82159 1.82217 1.82115 1.81702 1.81187 1.80672 1.81283
0.222911 0.222911 0.222912 0.222912 0.222912 0.222912 0.222946 0.222987 0.223027 0.223068 0.223108 0.223112 0.223117 0.223121 0.223126 0.22313 0.2232 0.223268 0.223336 0.223405 0.223463 0.223574 0.223677 0.22378 0.223883 0.223936 0.22412 0.224243 0.224367 0.224491 0.224554 0.224795 0.224969 0.225143 0.225317 0.225423 0.225719 0.225949 0.226177 0.226405 0.22657 0.226935 0.22724 0.227545 0.22785 0.2281 0.228553 0.228964 0.229375 0.229786 0.230162 0.230738 0.231304 0.23187 0.232429 0.232968 0.233713 0.234486 0.235276 0.236065 0.236895 0.237821 0.238748 0.239674 0.240635 0.241612 0.242834 0.243938 0.245002 0.246143 0.247339 0.247839 0.248417 0.248995 0.249573 0.250593 0.251179 0.251848 0.252316 0.252784 0.253139 0.25361 0.25408 0.25455 0.255019 0.255761 0.256693 0.257948 0.259201 0.260454 0.262235 0.263359 0.265273 0.267184 0.269091 0.272243 0.27326 0.275893 0.278118 0.280712 0.283845 0.285412 0.288514 0.291379 0.295428 0.3027 0.300806 0.301174 0.303666 0.305603 0.307606 0.306529 0.307198 0.308021 0.309187 0.311409 0.311003 0.311527 0.313059 0.315697 0.31958 0.317202 0.316638 0.318179 0.320389 0.323202 0.322114 0.322464 0.323882 0.327591 0.333211 0.330002 0.328225 0.329757 0.332905 0.336807 0.33709 0.338038 0.341455 0.347682 0.357114 0.353225 0.355699 0.36 0.363521 0.371166 0.373554 0.379238 0.385186 0.393984 0.409278 0.421371 0.443849 0.459153 0.474242 0.483827 0.48447 0.485106 0.485736 0.48636 0.488699 0.49584 0.503263 0.51065 0.520884 0.529487 0.542484 0.555006 0.565453 0.576943 0.593014 0.591058 0.651949 0.681606 0.726804 0.807508 0.808586 0.809661 0.810955 0.812252 0.813548 0.941685 1.07146 1.19918 1.2243 1.22349 1.32172 1.36582 1.38417 1.41589 1.45063 1.46844 1.4784 1.45774 1.42931 1.40404 1.38008 1.35835 1.33897 1.32839 1.44041 1.31322 1.21242 1.26877 1.52082 1.74313 1.73615 1.75008 1.80608 1.85941 1.94347 2.02039 2.07914 2.13067 2.18126 2.22783 2.23357 2.2393 2.25605 2.28003 2.30383 2.34354 2.38297 2.42213 2.46029 2.6494 2.46984 2.54185 2.63382 2.87995 3.19909 3.29031 3.42727 3.62901 3.85048 4.09749 4.10115 4.10505 4.10943 4.11381 4.11818 4.26859 4.37154 4.59787 4.82048 5.03275 5.10077 5.16773 5.23361 5.30868 5.41457 5.50359 5.68447 5.80045 6.00172 6.18821 6.24095 6.29297 6.34425 6.42353 6.5062 6.41753 6.33325 6.48028 6.79939 7.14918 7.05594 6.96566 6.9751 6.96299 6.95064 6.94575 6.94795 6.98195 7.01646 7.05312 7.0862 7.12035 7.15564 7.18421 7.19353 7.12103 7.10355 7.02106 7.02217 7.08568 7.00622 6.97238 6.95229 6.934 6.90739 6.87163 6.81555 6.76333 6.71521 6.6043 6.44976 6.28929 6.18288 6.11353 6.03786 5.94558 5.84133 5.7359 5.71043 5.70062 5.70487 5.70895 5.71285 5.70371 5.69124 5.73185 5.74998 5.7041 5.60083 5.47071 5.47058 5.47039 5.47002 5.46966 5.46931 5.48337 5.48822 5.35635 5.18716 5.04822 5.04903 5.04982 5.0506 5.04767 5.0338 5.02034 5.00249 4.98465 4.9523 4.89269 4.90975 4.92455 4.88099 4.36168 3.90732 4.60281 5.13726 4.93731 4.58081 4.08701 4.32963 4.18805 3.97643 3.71604 3.69263 3.68669 3.68048 3.67402 3.64597 3.54778 3.68108 3.67174 3.68273 3.71284 2.92659 3.35233 3.75052 3.78057 3.32272 2.74141 2.97861 3.27597 3.24202 3.18104 2.50136 2.68191 2.69302 2.71174 2.64935 2.25361
0.224859 0.225043 0.225084 0.225132 0.225178 0.225088 0.225275 0.225347 0.225418 0.225498 0.225466 0.225677 0.22578 0.22588 0.225981 0.225978 0.226209 0.226341 0.226472 0.226605 0.226642 0.226904 0.227077 0.22725 0.227422 0.227511 0.227817 0.228046 0.228274 0.228503 0.228658 0.229033 0.229339 0.229644 0.229949 0.230194 0.230646 0.231052 0.231459 0.231865 0.232226 0.232822 0.233397 0.233972 0.234547 0.235094 0.235885 0.236632 0.237379 0.238126 0.238857 0.23983 0.240786 0.241742 0.242698 0.243656 0.244654 0.245678 0.246703 0.247728 0.248574 0.248998 0.249422 0.249845 0.250275 0.250718 0.252617 0.254462 0.256305 0.258164 0.260138 0.2615 0.263512 0.265548 0.267584 0.268492 0.269007 0.26952 0.270033 0.270545 0.271175 0.275087 0.279446 0.283964 0.288411 0.293356 0.29423 0.299036 0.303522 0.307463 0.312071 0.312518 0.313207 0.313903 0.314598 0.315251 0.322339 0.329229 0.335916 0.343821 0.352565 0.354168 0.355672 0.357109 0.358539 0.359865 0.366208 0.372509 0.379828 0.387326 0.396345 0.401093 0.405257 0.408066 0.410767 0.41281 0.416534 0.420186 0.423769 0.426404 0.429017 0.429474 0.429932 0.430454 0.430976 0.431491 0.434807 0.437994 0.440596 0.443275 0.445786 0.445959 0.446131 0.446276 0.446305 0.446334 0.44845 0.45053 0.513006 0.537055 0.53484 0.519187 0.503529 0.488498 0.492056 0.495647 0.485707 0.475767 0.487279 0.508024 0.528865 0.53274 0.536912 0.553826 0.601088 0.648104 0.627617 0.607229 0.618546 0.655342 0.714175 0.694677 0.68677 0.688512 0.690267 0.692061 0.683651 0.675993 0.669039 0.71959 0.756578 0.636093 0.577579 0.576699 0.575844 0.575034 0.574304 0.573778 0.573281 0.573726 0.574787 0.572 0.570141 0.570059 0.569991 0.569934 0.567553 0.605192 0.643834 0.655735 0.697863 0.620451 0.543022 0.594279 0.670298 0.747562 0.748422 0.749757 0.858894 0.968047 0.951493 0.930598 0.90966 0.888682 0.867667 0.878099 0.869941 0.861783 0.853624 0.845463 0.911102 0.887436 0.863774 0.840265 0.816832 0.793596 0.711015 0.628185 0.573139 0.581507 0.585847 0.584379 0.582913 0.581449 0.582528 0.583662 0.583483 0.646319 0.727082 0.815723 0.905159 0.721174 0.632301 0.641884 0.651804 0.682763 0.68318 0.683597 0.685818 0.68872 0.691622 0.701825 0.712063 0.722336 0.731803 0.749416 0.723417 0.877895 1.1566 1.57176 2.03166 2.5001 3.41344 5.16716 6.92591 8.28923 8.02625 7.76366 7.50144 7.42175 8.08494 7.84406 9.2392 10.9701 11.9267 12.994 13.0374 13.0814 13.126 13.0605 12.9176 10.6923 7.81229 6.05426 5.54717 5.05368 5.29935 4.6947 4.49776 4.29878 4.13614 4.1848 4.23339 4.28189 4.33033 4.27554 4.43413 4.47874 4.54888 4.46316 4.37571 4.18949 4.00468 3.82726 3.80935 3.80421 3.66829 3.62427 3.25634 3.32092 3.38627 3.28289 3.21301 3.27182 3.31885 3.28377 3.39223 3.59307 3.83208 3.94056 4.00921 4.00904 4.00886 4.00869 4.00873 4.00914 3.92274 3.83575 3.7336 3.85822 4.09588 4.17535 4.23815 4.24993 4.27023 4.18163 4.25516 4.28629 4.25704 4.22783 4.19878 4.06335 4.03274 4.00927 4.0286 4.08856 4.10233 4.10424 4.1619 4.23074 4.38253 4.41369 4.42755 4.42197 4.41723 4.41317 4.32771 4.24505 4.17682 4.21399 4.39117 4.39138 4.62981 4.44872 4.38653 4.3878 4.70017 4.78396 4.77009 4.75887 4.5029 4.59302 4.582 4.57065 4.55896 4.49906 4.50022 4.50138 4.50254 4.50495 4.5043 4.49331 4.45798 4.4224 4.38655 4.36493 4.31308 4.26062 4.20754 4.15382 4.12825 3.87032 3.81091 3.84717 3.78388 3.71351 3.60805 3.71317 3.83373 3.95371 4.0797 4.09265 4.10178 4.1109 4.12001 4.12909 4.11589 4.10367 4.09241 4.03404 3.99687 3.44185 3.28467 3.16778 3.33231 3.73376 3.42898 3.12578 3.12835 3.47384 3.81668 3.55631 3.32381 3.38006 3.35015 3.40929 3.47411 3.52207 3.56311 3.59353 3.58347 3.62327 3.65691 3.65031 3.64407 3.62974 3.64991 3.68257 3.71701 3.75097 3.78984 3.77316 3.76149 3.76002 3.7588 3.75768 3.75103 3.74448 3.73803 3.73169 3.74732 3.74373 3.77169 3.74683 3.68006 3.88547 3.61898 3.65541 3.62915 3.72402 4.01855 3.77192 3.91978 3.94483 3.94227 4.09054 4.07983 4.11634 4.16063 4.21438 4.26058 4.36846 4.37578 4.47068 4.56567 4.62395 4.84653 5.0587 5.27028 5.44964 5.42051 5.44695 5.43988 5.43279 5.42567 5.41884 5.48016 5.54826 5.61647 5.68479 5.66554 5.95476 6.13041 6.22623 6.32186 6.4295 6.44976 6.43508 6.41736 6.39834 6.37855 6.32208 6.26646 6.21167 6.1577 6.22238 6.12109 6.19683 6.22275 6.03387 5.92778 5.97328 6.20506 6.23296 6.06583 6.67287 6.10614 6.40468 6.43808 6.23649 7.17795 6.30617 6.44678 6.59098 6.73878 7.37323 7.04865 7.26972 7.49651 7.69943 8.23242 7.96203 8.11789 8.29489 8.47954 9.04223 8.85212 8.99189 9.13939 9.29471 9.68618 9.67443 9.81466 9.96243 10.1179 10.3697 10.404 10.4729 10.5454 10.6217 10.698 10.7046 10.7116 10.7209 10.7554 10.8085 10.7971 10.8012 10.8054 10.8098 10.8142 11.0195 11.2146 11.318 11.425 10.8347 11.5463 11.6419 11.7404 11.8443 11.1193 11.9071 11.9826 12.0766 12.1726 10.9435 12.2201 12.3274 12.429 12.4899 11.4288 12.4723 12.71 12.8372 12.6433 11.4253 12.678 12.8981 12.8128 12.7293 12.026 12.5255 12.4552 12.3861 12.3167 12.223 12.227 12.2311 12.2352 12.2393 12.1785 12.2695 12.2999 12.34 12.3809 11.5687 12.4062 12.4317 12.458 12.2665 11.6304 12.1133 12.482 12.4986 11.5301 10.4919 11.2857 12.0729 12.0104 11.398 10.7825 11.172 11.5355 11.3878 10.664 9.78769 10.5255 10.7793 10.6475 10.4455 9.90218 10.231 10.1125 9.99493 9.87726 9.36184 9.6362 9.52954 9.42435 9.32021 9.18104 9.19491 9.17578 9.15668 9.13761 9.1185 9.09319 9.06796 9.04307 9.01846 8.87216 8.96298 8.93472 8.90516 8.87573 8.5349 8.81482 8.78774 8.76077 8.70335 8.3307 8.59523 8.65155 8.6266 8.42207 8.00709 8.31498 8.47705 8.41206 8.20072 7.85786 8.08713 8.15701 8.09815 7.93304 7.56487 7.8356 7.851 7.79905 7.72802 7.42052 7.6346 7.59049 7.545 7.49291 7.20877 7.38548 7.33615 7.29464 7.2532 7.07608 7.16127 7.12193 7.08267 7.03971 6.91662 6.94841 6.90842 6.87127 6.8342 6.78818 6.791 6.78545 6.77991 6.77436 6.76885 6.73895 6.7091 6.6793 6.64852 6.596 6.57892 6.5458 6.51275 6.47975 6.41765 6.41653 6.38451 6.35211 6.31412 6.23122 6.24526 6.20954 6.17392 6.1384 6.08248 6.06884 6.03414 5.99955 5.96634 5.92556 5.91492 5.8894 5.86123 5.83312 5.8024 5.79932 5.79625 5.79317 5.7901 5.78414 5.76109 5.73503 5.70895 5.68703 5.65224 5.64641 5.62556 5.60039 5.57522 5.50264 5.52708 5.50251 5.47855 5.45904 5.40134 5.41779 5.39837 5.37615 5.35246 5.24735 5.30811 5.28505 5.26452 5.24573 5.17057 5.20488 5.18595 5.16655 5.14421 5.01516 5.10261 5.08127 5.06327 5.04527 4.95764 5.0063 4.98876 4.97123 4.95174 4.80648 4.91327 4.89506 4.87815 4.85739 4.7646 4.81803 4.80709 4.79031 4.75784 4.62003 4.72402 4.70815 4.68765 4.66717 4.58606 4.62446 4.60466 4.58487 4.56532 4.47404 4.52543 4.50646 4.48725 4.46806 4.42188 4.42908 4.41022 4.39138 4.37291 4.33611 4.34096 4.32739 4.3133 4.29921 4.28505 4.28191 4.27876 4.27562 4.27248 4.26562 4.25571 4.24196 4.22821 4.21484 4.18858 4.18959 4.17663 4.16331 4.15 4.1004 4.12485 4.11193 4.09902 4.08653 4.04013 4.06293 4.05075 4.03816 4.02557 3.94709 4.00258 3.99049 3.97841 3.96303 3.90167 3.9372 3.93377 3.92208 3.89037 3.80593 3.86326 3.87828 3.86698 3.83298 3.77344 3.80862 3.82258 3.80911 3.7567 3.67578 3.73155 3.75844 3.74533 3.70625 3.64764 3.68176 3.69728 3.68465 3.63376 3.5561 3.61006 3.6367 3.62479 3.58702 3.53019 3.56394 3.57955 3.56832 3.51958 3.44504 3.49727 3.52296 3.51236 3.47608 3.421 3.4543 3.46951 3.45952 3.41347 3.34199 3.39252 3.4167 3.4073 3.37296 3.31968 3.35273 3.36726 3.35806 3.31524 3.24643 3.29541 3.31814 3.30919 3.27683 3.22497 3.25738 3.26813 3.25796 3.22479 3.15922 3.20697 3.21538 3.20548 3.18636 3.13617 3.16809 3.1645 3.15495 3.14306 3.08014 3.12494 3.11564 3.10636 3.09707 3.0538 3.07716 3.06818 3.0592 3.05021 3.00637 3.03147 3.02271 3.01399 3.00527 2.97734 2.98714 2.97846 2.96978 2.96109 2.93652 2.94336 2.93483 2.92629 2.91776 2.9039 2.9023 2.8956 2.88889 2.88219 2.87547 2.87426 2.87305 2.87184 2.87063 2.86812 2.86338 2.85733 2.85128 2.84523 2.83168 2.83331 2.82739 2.82147 2.81556 2.7957 2.80394 2.79812 2.7923 2.78647 2.76133 2.77523 2.7696 2.76398 2.75837 2.72704 2.74767 2.74226 2.73686 2.73146 2.69528 2.72063 2.71524 2.70986 2.70425 2.66226 2.69124 2.68846 2.6823 2.67188 2.63159 2.65957 2.6561 2.64943 2.64057 2.59975 2.62806 2.62367 2.61717 2.60971 2.57064 2.59744 2.59154 2.58522 2.57939 2.54068 2.56705 2.56138 2.55519 2.549 2.51337 2.53707 2.53099 2.5249 2.5194 2.48471 2.50782 2.5024 2.4965 2.49056 2.45841 2.47849 2.47249 2.46664 2.46123 2.43048 2.44958 2.44422 2.43853 2.4326 2.40453 2.42106 2.41521 2.40971 2.40448 2.37775 2.39334 2.3882 2.38292 2.37721 2.35301 2.36594 2.36031 2.35517 2.35009 2.3274 2.33943 2.33439 2.32936 2.32387 2.30346 2.31303 2.3077 2.30277 2.29785 2.27899 2.28773 2.28288 2.27803 2.27293 2.2561 2.26242 2.25741 2.25261 2.24782 2.23264 2.238 2.23326 2.22851 2.22365 2.21029 2.21347 2.20873 2.20408 2.19944 2.18782 2.19002 2.18545 2.18088 2.1763 2.16632 2.1665 2.16203 2.15755 2.15308 2.14497 2.14408 2.13966 2.13523 2.13081 2.12423 2.12153 2.1171 2.11268 2.10825 2.1034 2.10263 2.10145 2.10027 2.09909 2.09795 2.09482 2.09169 2.08857 2.08544 2.08188 2.07724 2.07202 2.06679 2.06156 2.05562 2.04821 2.03814 2.02806 2.01799 2.00772 1.9656 1.92848 1.92055 1.91262 1.89441 1.89822 1.89101 1.879 1.86451 1.83075 1.78856 1.74658 1.6881 1.61507 1.49689 1.58405 1.57856 1.56444 1.54586 1.46013 1.51929 1.5102 1.49793 1.48344 1.38299 1.33743 1.29231 1.27158 1.10726 0.942933 1.06636 1.19007 1.16358 0.960137 0.756318 0.7327 0.710359 0.666789 0.558538 0.44543 0.534305 0.531188 0.526083 0.515875 0.418446 0.496961 0.494123 0.489355 0.480546 0.393912 0.464813 0.462164 0.457713 0.450056 0.37165 0.436503 0.435621 0.433368 0.428996 0.360156
0.225324 0.22533 0.225375 0.225413 0.22545 0.225533 0.22559 0.225658 0.225731 0.225807 0.225897 0.225987 0.226087 0.226187 0.226286 0.226395 0.226518 0.226648 0.226778 0.226908 0.227046 0.22721 0.227379 0.227549 0.227719 0.227897 0.228114 0.22834 0.228564 0.228787 0.229022 0.229314 0.229614 0.229913 0.23021 0.230517 0.2309 0.231307 0.231704 0.232101 0.232529 0.233066 0.233631 0.234195 0.234762 0.235366 0.236132 0.236867 0.237597 0.238327 0.239044 0.239979 0.240897 0.241816 0.242734 0.243677 0.244956 0.246281 0.247605 0.248938 0.250357 0.251935 0.253345 0.25475 0.256148 0.256617 0.25701 0.257403 0.257796 0.258205 0.258675 0.25984 0.261469 0.263091 0.264706 0.266439 0.267385 0.268582 0.269778 0.270972 0.271924 0.274756 0.27756 0.279908 0.281763 0.284592 0.289125 0.293971 0.298731 0.304141 0.31096 0.314879 0.318527 0.321959 0.32509 0.327187 0.329817 0.333898 0.338897 0.341903 0.344201 0.34385 0.345546 0.347353 0.349155 0.35074 0.35082 0.350891 0.350953 0.352594 0.354958 0.355072 0.355186 0.3553 0.355727 0.356223 0.359277 0.363054 0.367248 0.370255 0.373547 0.375599 0.377572 0.379292 0.381163 0.383076 0.383562 0.384041 0.384742 0.386698 0.38867 0.389998 0.391648 0.393888 0.396132 0.398308 0.399575 0.400141 0.400697 0.402374 0.404267 0.404671 0.405073 0.405476 0.405824 0.406159 0.408261 0.41214 0.415084 0.420546 0.425967 0.427227 0.428819 0.43091 0.432502 0.434135 0.433981 0.433851 0.435003 0.436156 0.437303 0.43765 0.437998 0.438345 0.43862 0.438803 0.440009 0.442512 0.441733 0.443897 0.448337 0.447817 0.447608 0.449369 0.45113 0.452921 0.454492 0.454602 0.455357 0.458718 0.46327 0.463398 0.464868 0.468282 0.471702 0.475123 0.478379 0.476444 0.474531 0.477284 0.483591 0.482728 0.482482 0.48344 0.484399 0.485365 0.492891 0.500531 0.50511 0.502956 0.49969 0.483654 0.483741 0.485957 0.488251 0.494348 0.493919 0.49408 0.494554 0.49503 0.495507 0.495472 0.495441 0.49592 0.498254 0.500629 0.504295 0.508039 0.511859 0.530263 0.54921 0.534816 0.520656 0.566941 0.667678 0.766771 0.650059 0.64293 0.680418 0.718179 0.756414 0.757868 0.759329 0.760797 0.761999 0.769967 0.766599 0.765719 0.765689 0.765659 0.76563 0.770575 0.776188 0.782286 0.810071 0.900028 0.865002 0.830074 0.834787 0.873688 0.912286 0.901376 0.908038 0.914859 0.921918 0.929217 0.927471 0.92573 0.923992 0.922411 0.922175 0.917529 0.915887 0.91482 0.913761 0.912696 0.915336 0.918068 0.920891 0.924656 0.935069 0.924087 0.917826 0.924915 0.938822 0.954868 0.93228 0.913181 0.907145 0.919299 0.97085 0.919486 0.918026 0.913751 0.909647 0.90545 0.903281 0.901118 0.900131 0.900727 0.901338 0.901289 0.901239 0.90119 0.90114 0.90131 0.903113 0.905697 0.908752 0.912277 0.949921 0.900781 0.887674 0.89376 0.906239 0.924009 0.879643 0.84564 0.8374 0.89689 0.9557 0.885241 0.863452 0.877557 0.887362 0.934518 0.92169 0.924985 0.928341 0.940887 0.976207 0.979579 0.982955 0.986336 0.989721 0.992489 1.02274 1.05423 1.17852 1.35366 1.53794 1.41639 1.4791 1.5274 1.56382 1.70473 1.65417 1.67222 1.69 1.70751 1.72665 1.72364 1.72057 1.71482 1.70275 1.74273 1.74027 1.78133 1.8215 1.86146 1.89493 1.89909 1.90324 1.90738 1.91151 1.92254 1.93612 1.96204 1.9867 1.97381 2.09913 2.04193 2.01991 2.03458 2.07634 2.12512 2.20917 2.28145 2.27695 2.27169 2.24476 2.37013 2.4078 2.40043 2.39281 2.38915 2.53611 2.55559 2.558 2.5603 2.51356 2.54346 2.53034 2.51725 2.50421 2.49027 2.48498 2.47967 2.47718 2.47598 2.47504 2.46941 2.46375 2.45805 2.4519 2.44962 2.37812 2.36079 2.3401 2.3362 2.5254 2.45332 2.4035 2.44581 2.63481 2.82799 2.81303 2.7331 2.6642 2.66628 2.6661 2.68433 2.70251 2.72064 2.73259 2.71429 2.77969 2.75823 2.73091 2.71105 2.72399 2.70633 2.73568 2.76665 2.79915 2.83959 2.73293 2.61282 2.60826 2.6073 2.65069 2.6277 2.61217 2.60687 2.60192 2.59311 2.58675 2.59579 2.61286 2.63185 2.6537 2.60858 2.56818 2.55854 2.55724 2.56469 2.56177 2.56383 2.56602 2.56833 2.57013 2.57091 2.57147 2.56526 2.56126 2.55748 2.579 2.59884 2.61133 2.60008 2.56183 2.63279 2.63651 2.62729 2.71401 2.65228 2.76693 2.79448 2.82185 2.84902 2.87585 2.91 2.92393 2.92877 2.93332 2.93869 2.95527 3.00666 3.00865 3.06807 3.14365 3.05961 2.99464 3.1036 3.17431 3.37184 3.26735 3.36624 3.42055 3.45414 3.47912 3.48096 3.48281 3.48468 3.48656 3.48944 3.53211 3.56855 3.60565 3.64209 3.21293 3.71829 3.78585 3.90225 3.97459 4.02876 4.11889 4.148 4.17697 4.20578 4.23058 4.29517 4.26461 4.12795 3.99721 4.00703 3.88777 3.85314 3.88247 3.77631 3.84349 3.8623 3.87407 3.88314 3.89328 3.90813 3.9083 3.91186 3.91542 3.91899 3.92254 4.00805 4.09464 4.17208 4.21508 4.17764 4.45161 4.55795 4.67161 4.45387 4.05193 3.97088 4.13324 4.23638 4.24232 4.36168 4.30169 4.29814 4.29494 4.29378 4.3345 4.36811 4.40392 4.42479 4.44725 4.42743 4.43909 4.49398 4.65304 4.74233 4.61397 4.6791 4.78934 4.96881 5.19459 5.50764 5.1888 5.13531 5.25725 5.41882 5.5948 5.54485 5.68926 5.83738 5.99885 6.26351 6.20218 6.23115 6.26072 6.29088 6.31882 6.40487 6.49392 6.5033 6.43828 6.37339 6.39498 6.41711 6.44089 6.48118 6.41279 6.55395 6.6173 6.68711 6.78404 6.4688 6.87336 7.01618 7.09045 7.11826 7.02951 7.25652 7.33258 7.30055 7.24986 7.05257 7.18357 7.21499 7.22723 7.23997 7.25243 7.23848 7.22466 7.21114 7.20554 7.22324 7.14748 7.10735 7.06779 7.02878 6.98616 6.97616 6.96722 6.95546 6.94355 6.91171 6.92643 6.92332 6.92073 6.91867 6.90625 6.90866 6.91109 6.91354 6.9138 6.88991 6.7956 6.68689 6.45775 6.23857 5.85332 6.15855 6.11011 6.05373 5.98858 5.92475 5.91591 5.90728 5.89888 5.89016 5.83145 5.89592 5.88809 5.8864 5.90369 5.94797 5.97835 6.01509 5.97771 5.68242 5.3886 5.67456 5.93027 5.89455 5.81908 5.71393 5.79261 5.7615 5.72747 5.69121 5.57755 5.64711 5.63709 5.62715 5.61731 5.60755 5.63177 5.65752 5.6835 5.70973 5.51738 5.79628 5.83399 5.79255 5.75595 5.61454 5.70881 5.68462 5.64901 5.61468 5.40244 5.55971 5.52318 5.50265 5.48971 5.45523 5.47126 5.46741 5.46361 5.45987 5.45635 5.45246 5.44874 5.44302 5.42741 5.41451 5.39397 5.39002 5.39088 5.392 5.31966 5.35813 5.33565 5.31368 5.2921 5.26703 5.2601 5.25273 5.24543 5.23818 5.23161 5.22022 5.20917 5.19847 5.18811 5.20569 5.16962 5.15395 5.13893 5.12303 5.24408 5.11384 5.09812 5.08316 5.07551 5.11089 5.07611 5.05574 5.04329 5.08576 5.18802 5.09471 5.02694 5.02457 5.03594 5.05288 5.05156 5.04962 5.04813 5.05372 5.10797 5.05556 5.05129 5.04721 5.04341 5.03706 5.04066 5.03533 5.02956 5.02342 5.02283 5.01559 5.01196 5.00836 5.00478 5.0012 4.99177 4.98254 4.97334 4.96418 5.02007 4.93828 4.92125 4.904 4.88545 4.97609 4.8513 4.83247 4.81565 4.79914 5.04143 4.77965 4.75019 4.73343 4.75896 4.91741 4.74874 4.66461 4.64829 4.77826 5.01316 4.77779 4.58662 4.57657 4.70376 4.85193 4.70314 4.57862 4.5759 4.74545 4.9511 4.74009 4.57253 4.56584 4.66683 4.79718 4.66018 4.55157 4.54139 4.68029 4.86042 4.66984 4.52396 4.51135 4.59641 4.71177 4.58665 4.49118 4.48469 4.58711 4.74289 4.56921 4.47554 4.46813 4.50683 4.60874 4.49327 4.453 4.4449 4.46499 4.60376 4.44812 4.4269 4.4184 4.4098 4.49702 4.40281 4.39376 4.38464 4.37633 4.46719 4.36605 4.3573 4.34763 4.33789 4.37839 4.3236 4.31369 4.30372 4.29445 4.33019 4.2791 4.26982 4.25991 4.24994 4.25704 4.23175 4.22167 4.21155 4.20182 4.19777 4.18897 4.18545 4.18193 4.1784 4.17479 4.16657 4.15829 4.15001 4.14173 4.1424 4.12069 4.10821 4.09572 4.08348 4.08647 4.05885 4.04709 4.0351 4.0231 4.04359 3.99852 3.98679 3.97506 3.96349 3.98138 3.93937 3.92792 3.91632 3.90471 3.94341 3.88038 3.86892 3.85747 3.84608 3.87459 3.82212 3.8111 3.80014 3.7892 3.8419 3.76626 3.75581 3.7453 3.73454 3.77096 3.71137 3.70078 3.69046 3.68275 3.74305 3.66311 3.64789 3.63792 3.63378 3.67022 3.61442 3.59664 3.58704 3.59189 3.64749 3.57361 3.54738 3.53799 3.54125 3.57391 3.52275 3.49877 3.48956 3.50354 3.55416 3.48569 3.4513 3.44231 3.45087 3.48017 3.43318 3.40497 3.39624 3.41711 3.46348 3.4002 3.36017 3.35161 3.36383 3.38989 3.34667 3.3157 3.30731 3.33294 3.37523 3.31637 3.27231 3.26411 3.27895 3.30237 3.26268 3.23019 3.22218 3.25116 3.28992 3.23551 3.18921 3.18134 3.19759 3.21834 3.18197 3.14895 3.14126 3.17206 3.20722 3.1569 3.10949 3.10199 3.11903 3.13748 3.10394 3.07088 3.06354 3.09534 3.12738 3.08086 3.03439 3.02696 3.0433 3.05961 3.0289 2.99821 2.99235 3.02161 3.05082 3.00773 2.96468 2.95622 2.97064 2.98504 2.95687 2.92873 2.92382 2.95045 2.97703 2.93708 2.89705 2.88792 2.9006 2.91325 2.88735 2.86147 2.85648 2.88048 2.90446 2.8674 2.83035 2.82206 2.83326 2.84444 2.8205 2.79657 2.79113 2.8129 2.83467 2.80028 2.7659 2.75828 2.76806 2.77783 2.75575 2.73368 2.72802 2.74787 2.76772 2.73577 2.70383 2.69679 2.70535 2.71389 2.69339 2.67291 2.66701 2.68503 2.70305 2.67323 2.6434 2.63677 2.6443 2.65183 2.63273 2.61365 2.60771 2.62412 2.64052 2.61279 2.58507 2.57886 2.58568 2.59249 2.57458 2.55668 2.55076 2.56564 2.58052 2.55462 2.52873 2.52279 2.52878 2.53476 2.51814 2.50153 2.49577 2.50925 2.52275 2.4987 2.47471 2.46901 2.47403 2.47909 2.46352 2.44799 2.44234 2.45446 2.46666 2.44412 2.42164 2.41608 2.42049 2.42493 2.4103 2.39569 2.39023 2.40128 2.41238 2.39134 2.37032 2.36493 2.36886 2.37277 2.35899 2.3452 2.33994 2.34993 2.35992 2.34023 2.32055 2.31526 2.31861 2.32196 2.30909 2.29622 2.29124 2.30027 2.30931 2.291 2.27269 2.26749 2.27025 2.273 2.26098 2.24896 2.24424 2.25227 2.26031 2.24318 2.22606 2.2209 2.22316 2.22542 2.21419 2.20297 2.19855 2.20574 2.21292 2.19701 2.18111 2.17602 2.17787 2.17971 2.16927 2.15883 2.15471 2.16105 2.16738 2.15259 2.1378 2.13275 2.13408 2.1354 2.12583 2.11626 2.11242 2.11786 2.1233 2.10992 2.09654 2.09134 2.09085 2.09036 2.07099 2.05706 2.04556 2.02772 1.98692 2.00749 1.99338 1.97658 1.95978 1.91737 1.86979 1.8025 1.73367 1.66483 1.50355 1.61034 1.59515 1.58023 1.56548 1.41717 1.53072 1.51775 1.50375 1.48354 1.35043 1.3009 1.25655 1.18341 1.03591 0.871317 0.994498 1.11794 1.10724 0.900551 0.693634 0.66105 0.629866 0.600471 0.535569 0.422438 0.511292 0.547227 0.542109 0.49583 0.398382 0.476881 0.508523 0.504186 0.462872 0.376223 0.44711 0.475604 0.471778 0.434404 0.355984 0.420824 0.447755 0.445965 0.414432 0.345579
0.225495 0.225544 0.225589 0.225635 0.225682 0.225731 0.225816 0.225897 0.225974 0.22605 0.226128 0.226223 0.226323 0.226423 0.226526 0.226634 0.226751 0.226882 0.227012 0.227142 0.227289 0.227436 0.227605 0.227775 0.227943 0.228134 0.228326 0.228544 0.228766 0.22899 0.229242 0.229499 0.229795 0.230087 0.230374 0.2307 0.231053 0.231438 0.231829 0.23223 0.23267 0.233166 0.233729 0.234267 0.234797 0.235398 0.236099 0.236787 0.237475 0.238198 0.238924 0.239791 0.240686 0.241538 0.24239 0.24329 0.244422 0.245596 0.246768 0.247947 0.249314 0.250972 0.252521 0.25406 0.255592 0.257259 0.257779 0.258603 0.259428 0.260252 0.260856 0.262441 0.265161 0.268591 0.27202 0.273683 0.273823 0.273998 0.274173 0.274347 0.274518 0.27657 0.2786 0.281521 0.284432 0.287957 0.292001 0.29604 0.299537 0.303896 0.307909 0.307999 0.308089 0.308179 0.30827 0.308361 0.312555 0.316744 0.320841 0.325062 0.32964 0.333794 0.337799 0.341487 0.345251 0.350523 0.35141 0.352295 0.353178 0.353875 0.354575 0.358415 0.363589 0.369155 0.375671 0.384015 0.382752 0.387462 0.391211 0.394314 0.397218 0.397833 0.398474 0.399118 0.400372 0.402124 0.403878 0.405642 0.40763 0.409206 0.410945 0.411294 0.418656 0.429125 0.430424 0.434564 0.433121 0.435164 0.437726 0.440294 0.442743 0.443294 0.443941 0.444746 0.44572 0.447685 0.446923 0.446521 0.446694 0.44744 0.448218 0.44885 0.449523 0.450235 0.450096 0.449203 0.442897 0.436748 0.440023 0.456672 0.472821 0.464853 0.464659 0.467603 0.470543 0.473713 0.472613 0.471521 0.471174 0.471959 0.47364 0.47326 0.473458 0.473679 0.4739 0.474121 0.474291 0.474491 0.474722 0.473846 0.485748 0.474745 0.467952 0.469873 0.478791 0.489982 0.490263 0.492013 0.494218 0.496451 0.501721 0.503558 0.505408 0.507268 0.509261 0.51182 0.510751 0.506278 0.51051 0.514799 0.521142 0.519257 0.520391 0.521525 0.52266 0.523802 0.531237 0.538779 0.539021 0.534943 0.552645 0.529714 0.524755 0.522756 0.527175 0.535799 0.52555 0.527167 0.533915 0.54151 0.553476 0.550896 0.552887 0.554878 0.556869 0.558877 0.5747 0.584152 0.574717 0.5654 0.598216 0.562803 0.572572 0.59303 0.607867 0.636269 0.632994 0.636966 0.640947 0.644937 0.648953 0.654491 0.667119 0.686278 0.705557 0.721656 0.69955 0.723408 0.725724 0.781532 0.875703 0.804395 0.845051 0.868881 0.877779 0.904647 0.919112 0.93185 0.944619 0.957418 0.970883 1.00932 1.03722 1.0614 1.08619 1.07001 1.05821 1.05408 0.983436 0.995679 1.00633 0.98986 0.973334 0.986995 1.0166 1.04992 1.05681 1.06256 1.06678 1.07101 1.09732 1.10174 1.11226 1.12273 1.13312 1.14448 1.14918 1.14949 1.14991 1.15043 1.19582 1.15658 1.169 1.1574 1.1437 1.27359 1.1986 1.24334 1.27786 1.29347 1.31257 1.31786 1.32315 1.32844 1.33364 1.33501 1.35643 1.40232 1.4072 1.43254 1.47813 1.4434 1.41646 1.43631 1.44445 1.47175 1.44863 1.46806 1.48561 1.50214 1.56615 1.56914 1.58769 1.58531 1.58247 1.60239 1.60121 1.60173 1.60304 1.60436 1.60566 1.60469 1.63359 1.66185 1.68949 1.71354 1.71174 1.70996 1.70819 1.70643 1.70873 1.73213 1.75547 1.77844 1.81201 1.83769 1.8479 1.84656 1.85076 1.84579 1.84111 1.84962 1.85817 1.86676 1.86725 1.85363 1.87988 1.88432 1.88831 1.87315 1.83888 1.82362 1.81591 1.81087 1.81814 1.842 1.78938 1.78499 1.78436 1.78585 1.79588 1.79306 1.79304 1.79302 1.793 1.79298 1.79452 1.79827 1.80429 1.8106 1.82038 1.81412 1.82054 1.82954 1.83996 1.83606 1.84299 1.85171 1.86101 1.86916 1.89719 1.8705 1.88536 1.90359 1.922 1.93284 1.93459 1.99437 2.00671 1.96515 2.01606 1.9754 1.98864 1.9964 1.98413 2.04905 1.99563 2.00699 1.98892 1.93244 1.97913 1.91053 1.89368 1.87579 1.85882 1.92093 1.86511 1.88552 1.90915 1.93334 1.97409 1.96368 1.99107 2.01871 2.04659 2.07101 2.06755 2.04672 2.02802 2.01781 2.04241 2.01589 2.03257 2.06403 2.06806 2.13892 2.08143 2.04299 2.07809 2.17365 2.25841 2.19256 2.11165 2.11904 2.18254 2.24583 2.2104 2.23337 2.30067 2.36951 2.54204 2.42707 2.50114 2.57549 2.65013 2.70513 2.68468 2.66447 2.64452 2.62482 2.67595 2.58926 2.57894 2.59293 2.66348 2.85664 2.68141 2.52741 2.5473 2.78925 3.02614 2.99921 3.04414 2.98557 2.89873 2.97634 2.95114 2.98023 3.00973 3.03965 3.07077 3.08314 3.07722 3.0735 3.07196 3.15412 3.07199 3.08667 3.14596 3.28485 3.2855 3.33192 3.39817 3.4931 3.88109 4.24405 3.83683 3.68457 3.78176 3.90085 4.04012 4.07802 4.14543 4.21798 4.29796 4.36926 4.4219 4.47535 4.52961 4.58471 4.48255 4.75117 4.90139 5.05837 5.04436 4.81548 4.93294 4.90764 4.89189 4.89247 4.86406 4.89576 4.91684 4.93509 4.92373 4.90525 4.90295 4.9267 4.95678 4.98821 5.01989 5.02579 5.03171 5.03763 5.03843 5.01467 5.10052 5.15064 5.19654 5.16367 4.88121 5.11096 5.10278 5.09784 5.09507 4.86869 5.0559 5.04822 5.05884 5.06778 4.88554 4.85729 4.7918 4.72951 4.67031 4.48432 4.65589 4.68004 4.70453 4.70159 4.58807 4.61344 4.60795 4.60191 4.59588 4.58987 4.58464 4.58237 4.58808 4.59458 4.61656 4.63345 4.64158 4.6507 4.67268 4.51699 4.73256 4.75251 4.77267 4.78644 4.74358 4.83819 4.85949 4.8752 4.81759 4.64525 4.7467 4.72709 4.70761 4.68827 4.66922 4.68169 4.69463 4.70802 4.72382 4.51447 4.79569 4.82081 4.82913 4.81181 4.70079 4.85564 4.91649 4.93328 4.79242 4.4471 4.81862 5.05977 5.07228 4.93102 4.73258 4.87707 4.84702 4.78987 4.73416 4.53642 4.65486 4.62861 4.60273 4.5772 4.55192 4.56209 4.57676 4.5915 4.60631 4.54999 4.66413 4.69515 4.72288 4.73192 4.63228 4.78139 4.86903 4.9054 4.73877 4.51032 4.75527 4.87984 4.86264 4.79948 4.64671 4.79403 4.80451 4.79286 4.77451 4.56265 4.73703 4.72137 4.71031 4.69962 4.64051 4.67725 4.6708 4.6645 4.65833 4.65255 4.64758 4.64267 4.6378 4.63168 4.6274 4.61293 4.60753 4.60806 4.60868 4.61068 4.60937 4.60927 4.60916 4.60906 4.60896 4.60015 4.59172 4.58366 4.57521 4.70167 4.55722 4.54753 4.53922 4.53126 4.61151 4.52376 4.51564 4.50783 4.51311 4.78188 4.54185 4.48612 4.478 4.49695 4.56755 4.50128 4.46516 4.45685 4.56905 4.76929 4.58353 4.45595 4.47297 4.50703 4.56141 4.53771 4.53099 4.54141 4.55992 4.70698 4.57851 4.58638 4.59241 4.58909 4.60305 4.59546 4.58965 4.59027 4.59331 4.61627 4.59815 4.59899 4.59979 4.60056 4.60129 4.59322 4.5839 4.57457 4.56524 4.59721 4.5399 4.52249 4.50858 4.49872 4.5423 4.47362 4.46278 4.44772 4.43021 4.59047 4.40292 4.38707 4.37268 4.37581 4.4583 4.36153 4.32405 4.30937 4.37979 4.55161 4.37469 4.25455 4.24034 4.29068 4.36059 4.27488 4.19036 4.18435 4.33672 4.48841 4.32915 4.17056 4.15707 4.22124 4.28519 4.21341 4.14176 4.13569 4.27008 4.40391 4.25849 4.11362 4.09921 4.15476 4.21013 4.14504 4.08579 4.07583 4.17143 4.28814 4.15412 4.06421 4.05422 4.07676 4.12407 4.06544 4.03447 4.02397 4.05252 4.15609 4.03415 4.00406 3.99368 3.98739 4.02816 3.97521 3.96485 3.95444 3.94764 4.02626 3.9375 3.93067 3.92032 3.90992 3.92874 3.89537 3.88478 3.87415 3.86677 3.89882 3.85338 3.84593 3.8354 3.82481 3.82409 3.80615 3.79596 3.78578 3.7783 3.77474 3.76911 3.76726 3.76541 3.76355 3.76167 3.75483 3.7462 3.73756 3.72892 3.72645 3.7088 3.69749 3.68626 3.67722 3.67793 3.65756 3.64871 3.63774 3.62665 3.63743 3.60448 3.59389 3.58344 3.57492 3.58591 3.55482 3.54637 3.53612 3.52569 3.55098 3.50425 3.49406 3.48408 3.47578 3.4952 3.45483 3.44666 3.43699 3.42901 3.46553 3.41144 3.39744 3.38823 3.38561 3.40724 3.36778 3.35219 3.34321 3.34793 3.38318 3.33122 3.30572 3.29701 3.30165 3.32169 3.2845 3.26156 3.25307 3.26869 3.30265 3.2528 3.21746 3.20928 3.21999 3.23869 3.20387 3.1752 3.16721 3.192 3.22436 3.17671 3.13309 3.12534 3.1408 3.158 3.1252 3.09243 3.08601 3.11694 3.1478 3.10236 3.05697 3.04805 3.06401 3.07994 3.04946 3.019 3.01552 3.04491 3.07423 3.03119 2.98819 2.97615 2.99053 3.00489 2.97659 2.94851 2.94763 2.97559 3.00351 2.96249 2.9214 2.90808 2.92141 2.93472 2.90857 2.88243 2.87988 2.90589 2.93188 2.89275 2.85363 2.84302 2.85507 2.86711 2.84276 2.81842 2.81331 2.83781 2.8623 2.8253 2.7883 2.78023 2.79106 2.80188 2.7793 2.7569 2.75016 2.77223 2.79519 2.76022 2.72799 2.72143 2.72908 2.73864 2.7178 2.69947 2.69305 2.70904 2.73062 2.69749 2.6713 2.665 2.6691 2.6774 2.65817 2.64321 2.637 2.64761 2.66771 2.63649 2.6157 2.60964 2.61084 2.61802 2.60037 2.58824 2.58229 2.58834 2.60707 2.57789 2.56182 2.55595 2.55473 2.56062 2.54451 2.53481 2.52907 2.5311 2.54833 2.5207 2.50858 2.50301 2.50002 2.50493 2.49019 2.4824 2.47694 2.47574 2.49186 2.46569 2.45697 2.45159 2.44722 2.45126 2.43765 2.43135 2.42606 2.42201 2.43694 2.41234 2.40659 2.40141 2.396 2.39929 2.387 2.38172 2.37664 2.3716 2.38403 2.36255 2.35757 2.35256 2.34739 2.34901 2.33834 2.33327 2.32834 2.32343 2.33272 2.31449 2.3097 2.30488 2.29991 2.30026 2.29101 2.28613 2.2814 2.27668 2.28328 2.2679 2.26324 2.25857 2.25378 2.25306 2.24497 2.24026 2.23566 2.23108 2.23529 2.22248 2.218 2.2135 2.20888 2.20733 2.20029 2.19575 2.19134 2.18693 2.1891 2.1786 2.17425 2.16989 2.16544 2.16312 2.15698 2.1526 2.1483 2.14401 2.14434 2.13575 2.13154 2.12733 2.123 2.12009 2.11498 2.1111 2.10712 2.10313 2.10192 2.08559 2.07322 2.05812 2.0387 2.02006 2.01801 2.01159 1.99833 1.97252 1.93877 1.89178 1.84823 1.80576 1.71385 1.51448 1.66975 1.68745 1.66257 1.61969 1.41831 1.58104 1.56411 1.54561 1.52688 1.36198 1.3083 1.25708 1.20752 1.05674 0.887234 1.00667 1.10408 1.09505 0.922414 0.71551 0.682941 0.652136 0.629475 0.536805 0.423675 0.512531 0.562005 0.556874 0.496814 0.399367 0.477865 0.521387 0.516562 0.46346 0.376811 0.447697 0.486866 0.482368 0.434575 0.356155 0.420996 0.457412 0.455125 0.414264 0.345411
0.22609 0.225699 0.225747 0.225794 0.225841 0.226396 0.226005 0.226088 0.226171 0.226254 0.226849 0.22647 0.226584 0.226699 0.226815 0.227409 0.227081 0.227225 0.227369 0.22751 0.228106 0.227836 0.228012 0.228193 0.228375 0.228988 0.228785 0.229017 0.229251 0.229473 0.230112 0.229994 0.230279 0.230582 0.230886 0.231577 0.231571 0.231975 0.232381 0.232749 0.23351 0.233654 0.234135 0.234682 0.235233 0.236117 0.236487 0.2372 0.237872 0.238473 0.239393 0.239961 0.240696 0.241469 0.242338 0.243375 0.244276 0.245451 0.246398 0.247344 0.24855 0.249906 0.251377 0.252846 0.254312 0.255997 0.25871 0.260529 0.262349 0.264283 0.26497 0.265289 0.265607 0.265925 0.266265 0.266546 0.267741 0.269633 0.27151 0.273371 0.275368 0.276093 0.27696 0.277826 0.278691 0.279455 0.281907 0.284007 0.28566 0.2873 0.28889 0.289833 0.29165 0.293449 0.296294 0.29897 0.299639 0.300304 0.300742 0.301728 0.303212 0.305243 0.308775 0.312754 0.316646 0.320556 0.324531 0.327914 0.33118 0.33446 0.337479 0.337665 0.337852 0.338038 0.338324 0.338688 0.34291 0.347265 0.3504 0.358726 0.364997 0.367069 0.369663 0.372871 0.376857 0.383059 0.382735 0.383258 0.384595 0.385933 0.387271 0.389217 0.393184 0.398641 0.400977 0.400352 0.400307 0.400456 0.400605 0.400754 0.400903 0.404812 0.409234 0.410644 0.415204 0.416012 0.4124 0.411904 0.416842 0.422316 0.434703 0.431941 0.432625 0.434586 0.436549 0.438306 0.43821 0.438136 0.438083 0.437898 0.437205 0.424522 0.427699 0.432668 0.433788 0.439944 0.438917 0.439701 0.440495 0.441296 0.442107 0.442222 0.443044 0.445286 0.447547 0.448931 0.450119 0.446323 0.448698 0.452149 0.45674 0.455984 0.45622 0.456455 0.45669 0.456927 0.459145 0.461408 0.463715 0.463348 0.470898 0.46347 0.461465 0.468079 0.480571 0.493727 0.485869 0.478161 0.49474 0.533001 0.575812 0.638831 0.650475 0.657963 0.665457 0.675088 0.675419 0.675753 0.677952 0.681989 0.685863 0.693215 0.700586 0.707974 0.715381 0.717153 0.736311 0.774659 0.777586 0.749341 0.745763 0.687531 0.644571 0.654558 0.669066 0.702906 0.698594 0.704844 0.712658 0.720475 0.728211 0.731959 0.735709 0.744364 0.754041 0.759129 0.754465 0.760625 0.766868 0.773191 0.785297 0.781992 0.783891 0.785843 0.787824 0.788785 0.790441 0.792124 0.793832 0.795566 0.796991 0.79895 0.801477 0.8043 0.807674 0.808394 0.808526 0.808556 0.808584 0.808615 0.808649 0.808551 0.81019 0.811952 0.813835 0.819498 0.815637 0.815068 0.815472 0.823238 0.834169 0.825914 0.817704 0.818388 0.825155 0.833343 0.828333 0.828574 0.830326 0.831872 0.839076 0.836708 0.839611 0.842519 0.844393 0.846132 0.847937 0.849775 0.851647 0.853551 0.861134 0.859568 0.869195 0.879621 0.886271 0.908612 0.901047 0.906137 0.91531 0.927558 0.958861 0.951356 0.964162 0.968574 0.972955 1.01157 1.00852 1.01435 1.02114 1.02801 1.03451 1.03814 1.04175 1.04533 1.05594 1.08229 1.16827 1.24532 1.28963 1.33322 1.39338 1.38754 1.39913 1.41943 1.43973 1.46082 1.511 1.55509 1.58977 1.63031 1.69212 1.67131 1.68403 1.76484 1.84031 1.74167 1.74125 1.74923 1.75725 1.76531 1.77446 1.78655 1.8 1.81498 1.82985 1.83594 1.837 1.8238 1.81109 1.80986 1.79169 1.81823 1.79355 1.76914 1.74602 1.7176 1.71585 1.71411 1.71239 1.71069 1.71428 1.70141 1.69322 1.68617 1.68041 1.69485 1.67142 1.65878 1.65062 1.65844 1.67917 1.65162 1.63197 1.62385 1.6214 1.62367 1.59711 1.57827 1.56464 1.55073 1.56028 1.51042 1.4889 1.52862 1.54723 1.65376 1.53574 1.47832 1.46304 1.46274 1.47631 1.44172 1.41295 1.39882 1.47386 1.5754 1.45657 1.33109 1.32103 1.33222 1.34659 1.30511 1.26899 1.26294 1.30288 1.3537 1.29274 1.24633 1.24282 1.24419 1.25098 1.23861 1.22591 1.21493 1.21016 1.22562 1.19849 1.19871 1.19936 1.19858 1.20343 1.2006 1.2038 1.20709 1.20703 1.20665 1.20096 1.19534 1.18978 1.18428 1.19485 1.25793 1.32387 1.35428 1.28018 1.3812 1.2474 1.27304 1.32853 1.33402 1.41229 1.38605 1.43641 1.45711 1.49606 1.64242 1.53957 1.55978 1.58199 1.60597 1.62264 1.62712 1.63165 1.63621 1.64082 1.65609 1.68569 1.72827 1.77038 1.81436 1.8472 1.90991 1.94985 1.98653 2.03951 2.35697 2.14303 2.20759 2.27759 2.35008 2.43217 2.45385 2.48744 2.5214 2.55574 2.59053 2.60554 2.62154 2.63852 2.65648 2.69012 2.71728 2.74947 2.7836 2.82168 2.92673 2.88759 2.89614 2.90471 2.91329 2.92185 2.89463 2.8682 2.84277 2.82461 3.06007 2.8714 2.8942 2.91893 2.9291 2.93441 2.9838 3.01679 3.0648 3.0466 2.85173 3.12906 3.21512 3.19519 3.15993 3.06904 3.14737 3.14179 3.13628 3.13087 3.12553 3.11029 3.13343 3.19222 3.25144 3.3993 3.19575 3.11857 3.07354 3.16631 3.36192 3.19305 3.09282 3.09815 3.21148 3.39467 3.24867 3.21915 3.27654 3.33345 3.4925 3.4237 3.45284 3.48228 3.51169 3.54007 3.52037 3.5005 3.48045 3.46024 3.5299 3.39788 3.35446 3.31071 3.40205 3.67831 3.41015 3.21238 3.21085 3.34221 3.52364 3.35294 3.25604 3.32173 3.42561 3.6886 3.5074 3.56162 3.61609 3.67082 3.72315 3.72253 3.72191 3.72131 3.72071 3.74552 3.70425 3.69461 3.68473 3.67654 3.68905 3.63968 3.61095 3.60483 3.68237 3.85424 3.64743 3.57168 3.57664 3.60527 3.6946 3.59654 3.61076 3.65724 3.70389 3.84002 3.76513 3.7849 3.80469 3.82449 3.8442 3.84151 3.83878 3.83601 3.83275 3.9074 3.80866 3.80642 3.80487 3.80401 3.81939 3.79487 3.79551 3.79927 3.80952 3.86175 3.82318 3.83249 3.84215 3.85084 3.85711 3.85785 3.8586 3.85935 3.8601 3.85685 3.86881 3.88095 3.8939 3.90721 3.83543 3.9091 3.88812 3.86738 3.84686 3.82629 3.83238 3.83851 3.84468 3.85177 3.84197 3.88024 3.89251 3.90447 3.90927 3.83268 3.92039 3.94102 3.94736 3.92538 3.85112 3.93297 3.98474 3.99216 3.93344 3.84885 3.93576 4.02109 4.01017 3.937 3.84939 3.93678 3.96556 3.95466 3.93724 3.85477 3.91879 3.90716 3.896 3.88653 3.84554 3.86981 3.86409 3.85818 3.85128 3.84405 3.84531 3.84657 3.84782 3.84906 3.86342 3.85521 3.8591 3.86295 3.86749 3.86937 3.87901 3.88229 3.88509 3.89301 3.94567 3.91615 3.92571 3.93501 3.93933 3.93623 3.94558 3.94476 3.9497 3.95447 3.96441 3.9616 3.96394 3.96621 3.96844 3.97022 3.96404 3.95785 3.95165 3.94545 3.96451 3.92787 3.91522 3.90521 3.899 3.92317 3.88384 3.87733 3.86456 3.85115 3.95907 3.83078 3.81879 3.80677 3.79887 3.85109 3.78833 3.77117 3.75917 3.78993 3.92338 3.78809 3.76482 3.7689 3.77003 3.8191 3.7782 3.77446 3.77613 3.77767 3.86192 3.78362 3.78521 3.78601 3.77973 3.79359 3.77544 3.76923 3.76728 3.76723 3.78502 3.76791 3.7679 3.76784 3.76516 3.76004 3.75745 3.75487 3.75228 3.74968 3.74979 3.73865 3.73017 3.72258 3.71955 3.72013 3.70993 3.70668 3.6977 3.68869 3.70327 3.67177 3.66358 3.65536 3.65058 3.65753 3.63694 3.63122 3.62257 3.61389 3.6496 3.59782 3.58958 3.58131 3.57558 3.58658 3.56265 3.55539 3.55053 3.5456 3.58623 3.53677 3.53238 3.52791 3.52182 3.53077 3.51221 3.50593 3.50138 3.49678 3.51847 3.48832 3.48385 3.47932 3.47217 3.47216 3.45941 3.452 3.44723 3.44242 3.44615 3.43328 3.42875 3.42375 3.41615 3.40872 3.4082 3.4078 3.4074 3.407 3.40661 3.39872 3.39083 3.38512 3.37972 3.37266 3.3671 3.36132 3.35429 3.34575 3.33399 3.32799 3.31988 3.31271 3.30701 3.29855 3.29206 3.28654 3.2791 3.27102 3.26198 3.25369 3.24596 3.23841 3.23295 3.22528 3.21653 3.21102 3.2033 3.19558 3.1924 3.17846 3.17092 3.16353 3.15772 3.15216 3.14138 3.13449 3.12721 3.12252 3.12495 3.10713 3.0964 3.08941 3.084 3.08035 3.06893 3.06041 3.05423 3.05277 3.05934 3.03818 3.02778 3.02194 3.01624 3.01485 3.00264 2.99476 2.98915 2.98517 2.99561 2.97221 2.96621 2.96103 2.95392 2.95392 2.9422 2.93527 2.92997 2.92487 2.9346 2.91384 2.90903 2.90368 2.89691 2.8957 2.88538 2.87882 2.87334 2.86858 2.87484 2.85868 2.85415 2.84858 2.84213 2.83931 2.83052 2.82417 2.8184 2.81387 2.81584 2.80471 2.8004 2.79453 2.78827 2.78368 2.77655 2.77052 2.76456 2.76025 2.7576 2.75304 2.7502 2.74716 2.74315 2.73903 2.73723 2.73542 2.73361 2.73181 2.72932 2.72434 2.71869 2.71303 2.70862 2.70373 2.70002 2.69551 2.68986 2.68421 2.67501 2.67307 2.66762 2.66217 2.6575 2.65221 2.64844 2.64369 2.63823 2.63276 2.62293 2.62195 2.61661 2.61126 2.60632 2.60122 2.59682 2.59183 2.58651 2.58119 2.57228 2.57063 2.56553 2.56044 2.55536 2.55119 2.54581 2.54077 2.53574 2.53067 2.52392 2.52072 2.51573 2.51072 2.50572 2.50191 2.49602 2.49117 2.48632 2.48146 2.47695 2.47205 2.46735 2.46265 2.45794 2.45438 2.44876 2.44416 2.43957 2.43497 2.43137 2.42598 2.42148 2.41698 2.41244 2.40869 2.4035 2.39905 2.39465 2.39024 2.38658 2.38166 2.37742 2.37318 2.36884 2.36465 2.36195 2.35942 2.35691 2.35449 2.35207 2.35038 2.34869 2.347 2.34532 2.34307 2.33952 2.33548 2.33143 2.3272 2.31825 2.31856 2.31439 2.31043 2.30647 2.29971 2.29826 2.29439 2.29051 2.28639 2.27252 2.27787 2.27381 2.26998 2.26618 2.25795 2.25791 2.25416 2.25035 2.24631 2.22899 2.23773 2.23376 2.22998 2.22629 2.21718 2.21804 2.21442 2.21067 2.20675 2.18733 2.19837 2.19449 2.19076 2.18717 2.17748 2.17886 2.17534 2.17156 2.16763 2.14674 2.15836 2.15037 2.14327 2.1386 2.12527 2.10924 2.09332 2.07737 2.06139 2.02695 2.03433 2.01019 1.98606 1.96192 1.91354 1.87994 1.8422 1.80455 1.76701 1.68023 1.72555 1.70972 1.6939 1.67793 1.62166 1.65027 1.63623 1.62041 1.60458 1.52877 1.43174 1.2108 1.13007 1.10043 1.01501 1.044 1.02616 1.00117 0.955948 0.908931 0.866354 0.789157 0.681116 0.571208 0.458121 0.547008 0.575667 0.567055 0.526613 0.429192 0.507715 0.532027 0.52447 0.489057 0.402429 0.473337 0.494733 0.48802 0.456402 0.378 0.442859 0.463457 0.45981 0.433783 0.364949
0.228515 0.228578 0.228642 0.228706 0.22877 0.228776 0.228926 0.229016 0.229107 0.229198 0.229176 0.229389 0.2295 0.229612 0.229724 0.229679 0.229961 0.2301 0.230239 0.230379 0.23032 0.230674 0.230848 0.231023 0.231199 0.231135 0.23157 0.231792 0.232014 0.232237 0.232183 0.232707 0.232993 0.23328 0.233567 0.233542 0.234143 0.234504 0.234866 0.235228 0.235335 0.236007 0.236489 0.236973 0.237429 0.237667 0.238388 0.238928 0.239527 0.240127 0.240525 0.241299 0.242038 0.242773 0.243348 0.243891 0.244724 0.245465 0.246314 0.247258 0.248143 0.24936 0.250841 0.251862 0.252879 0.254131 0.255798 0.257421 0.259035 0.26064 0.262515 0.262936 0.263803 0.26477 0.265795 0.266669 0.267918 0.269993 0.272182 0.274353 0.276243 0.276682 0.27728 0.277877 0.278472 0.279067 0.282087 0.285902 0.290713 0.29413 0.297462 0.29914 0.301905 0.304884 0.307311 0.311668 0.312601 0.314509 0.316586 0.319702 0.32373 0.325792 0.327083 0.327963 0.32929 0.330625 0.331363 0.332102 0.332841 0.33399 0.335897 0.33697 0.34034 0.343876 0.349686 0.356246 0.354834 0.35441 0.356778 0.359815 0.364563 0.364902 0.366596 0.368707 0.370665 0.372464 0.372934 0.372994 0.373822 0.375472 0.376083 0.37487 0.378442 0.382318 0.386247 0.39712 0.396261 0.402544 0.405743 0.40901 0.415816 0.416283 0.416751 0.417219 0.417687 0.418263 0.42598 0.434208 0.442333 0.450735 0.472565 0.47373 0.477869 0.481998 0.486118 0.490705 0.498823 0.506902 0.514005 0.512695 0.515253 0.498144 0.498909 0.503965 0.510603 0.518716 0.518976 0.519674 0.52043 0.521185 0.521919 0.531029 0.539997 0.548826 0.561962 0.569891 0.575294 0.580018 0.587862 0.597152 0.608938 0.611083 0.614217 0.616923 0.619268 0.621599 0.623652 0.625709 0.627771 0.629559 0.631098 0.632552 0.634004 0.635457 0.637041 0.638748 0.642385 0.646022 0.649873 0.654081 0.658586 0.657066 0.65778 0.661304 0.662786 0.670207 0.664359 0.664392 0.664426 0.66446 0.664494 0.664456 0.664684 0.665353 0.667549 0.665366 0.665773 0.667362 0.669295 0.671566 0.67662 0.675487 0.89242 1.05909 1.0521 1.04769 1.00817 0.969027 0.930241 0.891815 0.949589 0.759459 0.693495 0.695981 0.698926 0.769135 0.707339 0.708839 0.710385 0.711977 0.714396 0.717421 0.72062 0.723995 0.727545 0.732739 0.737787 0.747101 0.754521 0.761456 0.771479 0.776052 0.784884 0.79441 0.804817 0.806871 0.809626 0.812406 0.81521 0.818039 0.853685 0.83427 0.8421 0.850405 0.900613 0.988056 0.984756 0.981614 0.978631 0.975807 1.03579 0.952104 0.934024 0.918627 0.912064 0.983637 0.924578 0.93191 0.947157 0.99859 1.0529 1.04253 1.02941 1.05004 1.09531 1.14774 1.12426 1.14573 1.16581 1.18583 1.2104 1.24485 1.26346 1.28415 1.30471 1.32271 1.34416 1.36519 1.38517 1.40498 1.44937 1.43559 1.50512 1.53693 1.55183 1.58012 1.57175 1.57829 1.58481 1.59131 1.59832 1.61188 1.62609 1.6146 1.60106 1.4789 1.51609 1.51989 1.53172 1.58519 1.64903 1.56036 1.55791 1.53291 1.50719 1.49119 1.46807 1.4628 1.45769 1.45274 1.44591 1.4384 1.42391 1.40785 1.39206 1.38003 1.35469 1.33195 1.31565 1.30541 1.30164 1.28591 1.27683 1.25968 1.24128 1.23155 1.21032 1.19476 1.17974 1.17117 1.17285 1.15868 1.14946 1.13691 1.12476 1.11582 1.11158 1.10929 1.10702 1.10478 1.10291 1.0968 1.09087 1.0851 1.07954 1.09431 1.07796 1.07307 1.07124 1.07174 1.07359 1.07309 1.07324 1.07338 1.07352 1.07366 1.06854 1.06366 1.05903 1.05465 1.04115 1.0384 1.03212 1.026 1.0279 1.06687 1.02676 1.01255 1.01337 1.01642 1.02286 1.00817 1.01364 1.02447 1.02984 1.08105 1.05965 1.1071 1.14451 1.17197 1.20383 1.21126 1.2187 1.22616 1.23363 1.24808 1.24044 1.25392 1.26812 1.28254 1.29496 1.31279 1.33102 1.34964 1.36867 1.49048 1.37713 1.37789 1.3797 1.38434 1.40034 1.40988 1.44153 1.48242 1.80201 2.21065 1.96125 1.69692 1.7628 1.87125 1.98951 2.0226 2.10907 2.2036 2.30228 2.39331 2.39382 2.39433 2.39484 2.39507 2.39272 2.40123 2.41021 2.41994 2.46017 2.77952 2.592 2.38419 2.3819 2.32691 2.26834 2.32401 2.31699 2.32819 2.31994 2.33269 2.32376 2.32535 2.32855 2.33207 2.33636 2.33951 2.34268 2.34585 2.34679 2.33204 2.35725 2.35787 2.35676 2.34769 2.31087 2.34231 2.34646 2.34688 2.34277 2.29181 2.34682 2.34862 2.35037 2.34378 2.31901 2.3261 2.32499 2.32285 2.3211 2.31937 2.32391 2.32842 2.3329 2.33721 2.34065 2.34497 2.35426 2.36377 2.37007 2.39105 2.39518 2.52699 2.79281 2.86137 2.92584 2.92183 2.91782 2.9138 2.9106 2.91737 2.87543 2.84262 2.80608 2.8192 3.12965 2.89354 2.66192 2.65957 2.80219 2.96658 2.87909 2.8251 2.89433 3.01162 3.27682 3.09182 3.14366 3.20102 3.25529 3.302 3.30947 3.31697 3.32448 3.33197 3.33629 3.3572 3.37899 3.40837 3.37557 3.20548 3.32669 3.4405 3.45744 3.48517 3.51655 3.42196 3.35995 3.38188 3.38071 3.34102 3.39199 3.40955 3.43718 3.46742 3.49458 3.50008 3.50558 3.51107 3.51655 3.49791 3.54719 3.57441 3.60153 3.6238 3.64993 3.64418 3.62856 3.62059 3.5896 3.47517 3.56727 3.56724 3.5686 3.57233 3.60821 3.54916 3.5604 3.57218 3.58451 3.57358 3.58672 3.60156 3.6167 3.63214 3.65201 3.65403 3.65599 3.65782 3.65966 3.66151 3.6622 3.66289 3.66359 3.66428 3.67002 3.67418 3.68126 3.68862 3.69627 3.78309 3.72947 3.73741 3.74643 3.75582 3.77349 3.81221 3.82589 3.83699 3.86305 3.91603 3.92049 3.92871 3.94214 3.91173 3.87992 3.96892 4.01808 4.02301 4.01976 3.9919 4.05461 4.05926 4.05806 4.05454 4.01131 4.05709 4.0523 4.04769 4.04691 4.04576 4.04757 4.04754 4.04751 4.04749 4.04746 4.0567 4.06316 4.06851 4.07388 4.16084 4.09147 4.09837 4.10529 4.11911 4.17674 4.18076 4.2076 4.23389 4.25964 4.31484 4.3013 4.31554 4.32959 4.34344 4.35732 4.35792 4.35248 4.34703 4.34156 4.37309 4.32574 4.3161 4.31715 4.31808 4.37195 4.3088 4.3075 4.30328 4.28885 4.48081 4.26923 4.25635 4.24822 4.26342 4.35553 4.25703 4.21716 4.20475 4.30597 4.5086 4.31094 4.1594 4.14532 4.21577 4.30568 4.22892 4.17201 4.17685 4.29666 4.47551 4.29882 4.21365 4.21404 4.24114 4.31561 4.2506 4.22778 4.2233 4.25249 4.40651 4.25045 4.24081 4.23371 4.22648 4.28347 4.2343 4.2271 4.21979 4.21707 4.31581 4.22265 4.21828 4.21023 4.20208 4.22374 4.19643 4.18798 4.17943 4.17091 4.20989 4.16935 4.16069 4.15195 4.14313 4.14212 4.12918 4.12085 4.11246 4.10399 4.09921 4.09855 4.09848 4.09841 4.09834 4.09827 4.09039 4.0808 4.07116 4.06149 4.05765 4.04243 4.03571 4.02921 4.02261 4.01518 4.01505 4.01495 4.01486 4.01476 4.01467 4.00856 4.0031 3.99758 3.992 3.97485 3.97745 3.97187 3.96623 3.96052 3.91227 3.94186 3.93612 3.93033 3.92449 3.89268 3.90358 3.89751 3.8914 3.88512 3.81818 3.86065 3.85393 3.84717 3.84037 3.80509 3.81468 3.80826 3.8018 3.79186 3.73268 3.76544 3.76238 3.7561 3.74616 3.71789 3.72187 3.71787 3.71156 3.69382 3.65093 3.66919 3.66972 3.66337 3.65115 3.62954 3.62848 3.62462 3.61843 3.5991 3.56962 3.57677 3.57635 3.56988 3.5576 3.54109 3.53604 3.53063 3.52342 3.50734 3.48847 3.48604 3.48193 3.47434 3.46384 3.45204 3.44418 3.43668 3.42875 3.41891 3.40892 3.39997 3.39109 3.38289 3.37448 3.36588 3.35616 3.34653 3.33806 3.33472 3.33129 3.31694 3.30298 3.29459 3.28872 3.28306 3.27218 3.26181 3.25371 3.25324 3.25526 3.23704 3.22259 3.21468 3.20915 3.20557 3.19381 3.18382 3.176 3.17442 3.18058 3.15905 3.14677 3.13914 3.13287 3.13112 3.11855 3.10981 3.10246 3.09782 3.10788 3.08413 3.07636 3.06927 3.06184 3.06164 3.04952 3.04227 3.03527 3.02886 3.03814 3.01684 3.01068 3.00382 2.99676 2.99517 2.9846 2.97775 2.97101 2.96501 2.97014 2.95366 2.94785 2.9412 2.93448 2.93112 2.92221 2.91559 2.90896 2.9032 2.90341 2.89214 2.8865 2.87999 2.87347 2.86821 2.86109 2.85479 2.84849 2.84292 2.83799 2.8365 2.8355 2.83451 2.83351 2.83251 2.82809 2.82301 2.8179 2.81279 2.80506 2.80134 2.79516 2.78898 2.78338 2.77545 2.77198 2.76642 2.76032 2.75422 2.74084 2.74172 2.7358 2.72988 2.72437 2.71482 2.71275 2.70729 2.70143 2.69557 2.67981 2.68313 2.67736 2.6716 2.66615 2.6557 2.6541 2.64872 2.64304 2.63736 2.62117 2.62534 2.61987 2.6144 2.60913 2.59854 2.59732 2.59214 2.58678 2.58078 2.56581 2.56875 2.56449 2.55924 2.55308 2.54347 2.54115 2.53611 2.5307 2.52465 2.51268 2.51328 2.50845 2.50322 2.49776 2.48957 2.48662 2.48134 2.47622 2.4711 2.46177 2.46013 2.45513 2.45013 2.44486 2.43795 2.43406 2.42884 2.42394 2.41904 2.4123 2.40869 2.40398 2.39927 2.39415 2.38849 2.3842 2.37923 2.37467 2.37011 2.36518 2.36065 2.3562 2.3517 2.34679 2.3418 2.33722 2.3324 2.32796 2.3236 2.31976 2.31468 2.31045 2.30606 2.30135 2.29685 2.29219 2.28754 2.28317 2.27902 2.27577 2.27053 2.26647 2.26211 2.25752 2.25326 2.24859 2.2441 2.23978 2.23578 2.2328 2.22774 2.22384 2.21956 2.21516 2.21107 2.20654 2.20218 2.19788 2.19402 2.19091 2.18631 2.18254 2.17821 2.17385 2.16969 2.16568 2.16181 2.15793 2.1538 2.15002 2.13353 2.11846 2.10829 2.07416 2.02633 2.05161 2.0629 2.04593 1.97203 1.87591 1.84924 1.80872 1.77006 1.73234 1.58446 1.70516 1.68919 1.67309 1.65696 1.55228 1.63124 1.61752 1.60284 1.58687 1.44052 1.38432 1.18583 1.15627 1.12665 0.975114 1.05971 1.04184 1.02402 0.979009 0.857286 0.834034 0.779368 0.671328 0.560756 0.447654 0.536531 0.577998 0.56999 0.517519 0.420089 0.498604 0.534835 0.527275 0.481129 0.394495 0.465396 0.497583 0.490868 0.449494 0.371087 0.43594 0.466033 0.462384 0.427462 0.358622
0.132825 0.132862 0.1329 0.132938 0.132975 0.133013 0.13072 0.129899 0.129077 0.128256 0.128931 0.126297 0.125294 0.124292 0.12329 0.124015 0.121373 0.120458 0.119543 0.118627 0.119525 0.116886 0.116057 0.115227 0.114398 0.11546 0.112828 0.112086 0.111345 0.110603 0.111827 0.109216 0.108565 0.107914 0.107263 0.108644 0.106056 0.105498 0.104941 0.104383 0.105941 0.103385 0.102926 0.102467 0.102009 0.103793 0.101219 0.100884 0.100549 0.100214 0.102492 0.0998866 0.0998332 0.0997799 0.0997265 0.103546 0.100148 0.100323 0.10049 0.100656 0.104371 0.101022 0.101126 0.10123 0.101468 0.105274 0.102067 0.10245 0.102724 0.102998 0.106971 0.10395 0.104586 0.105223 0.105921 0.110508 0.107986 0.109493 0.110822 0.112151 0.118201 0.116416 0.118917 0.121418 0.124066 0.132675 0.129448 0.131353 0.133347 0.13537 0.142221 0.140181 0.142131 0.144082 0.146841 0.153011 0.152999 0.156252 0.158914 0.161577 0.167364 0.169324 0.173449 0.177574 0.181698 0.18864 0.193086 0.198983 0.204897 0.210828 0.219567 0.224049 0.231176 0.238177 0.245186 0.248831 0.253261 0.257677 0.262077 0.266462 0.271998 0.284165 0.298205 0.311804 0.325259 0.341237 0.342831 0.350795 0.360807 0.369555 0.383513 0.377034 0.375192 0.376225 0.382927 0.401025 0.382984 0.374685 0.373149 0.380897 0.40153 0.377656 0.365178 0.362216 0.364879 0.375129 0.359623 0.349497 0.346169 0.357025 0.383303 0.35234 0.335573 0.332566 0.34352 0.372426 0.33915 0.319849 0.317214 0.33184 0.365616 0.328463 0.309643 0.307395 0.310441 0.32279 0.306179 0.297704 0.296101 0.301258 0.316068 0.299125 0.294094 0.293787 0.30777 0.357987 0.307637 0.304188 0.315638 0.333334 0.391847 0.347207 0.356423 0.375062 0.395587 0.430471 0.415222 0.429349 0.443135 0.456595 0.482944 0.472429 0.478216 0.48376 0.48907 0.495262 0.494256 0.494333 0.494404 0.494467 0.494528 0.492807 0.491122 0.48946 0.487823 0.493811 0.482701 0.48006 0.477423 0.47479 0.489585 0.469265 0.470614 0.471944 0.473257 0.488765 0.468313 0.470782 0.473244 0.475698 0.495011 0.475989 0.477941 0.479885 0.481431 0.50357 0.496703 0.51073 0.524748 0.538323 0.563093 0.562538 0.571721 0.580902 0.590079 0.603043 0.598399 0.59963 0.600859 0.602087 0.604644 0.593164 0.590781 0.588398 0.586014 0.588889 0.57899 0.57558 0.57217 0.56876 0.56909 0.556593 0.553271 0.549949 0.546627 0.550136 0.539706 0.536817 0.533928 0.531011 0.533355 0.521236 0.518582 0.515971 0.513361 0.518153 0.507785 0.505285 0.502786 0.500159 0.502617 0.492087 0.489356 0.48674 0.484126 0.489107 0.478465 0.475737 0.47301 0.470124 0.473157 0.462864 0.45998 0.457237 0.454495 0.459497 0.448827 0.446138 0.443448 0.440588 0.444049 0.43392 0.43113 0.4285 0.425869 0.431001 0.420474 0.417911 0.415348 0.412631 0.417306 0.406507 0.40386 0.401336 0.398812 0.403956 0.393666 0.391191 0.388717 0.386152 0.391003 0.380688 0.378189 0.375743 0.373298 0.378352 0.368345 0.365905 0.363465 0.361002 0.365122 0.35601 0.353574 0.351136 0.348699 0.353556 0.343806 0.341389 0.338972 0.336575 0.341389 0.33189 0.329521 0.327112 0.324703 0.329357 0.31984 0.317402 0.314963 0.312592 0.317311 0.308096 0.305705 0.303215 0.300725 0.305167 0.295738 0.293243 0.290748 0.288392 0.292533 0.284314 0.282077 0.279671 0.277265 0.281819 0.272684 0.270447 0.26821 0.266171 0.270647 0.263112 0.261384 0.259429 0.257474 0.262663 0.254093 0.252607 0.251121 0.249902 0.256459 0.249305 0.248851 0.248053 0.247255 0.254083 0.246731 0.246938 0.247144 0.247689 0.257037 0.251984 0.254256 0.256242 0.258228 0.269552 0.267907 0.276069 0.28423 0.292857 0.321618 0.317263 0.326218 0.334231 0.342089 0.362651 0.35973 0.368762 0.377794 0.387848 0.409486 0.409009 0.420545 0.431745 0.442946 0.466555 0.472697 0.490814 0.508932 0.52811 0.566341 0.596686 0.626753 0.653127 0.679471 0.73465 0.777788 0.820032 0.8625 0.905159 0.90882 0.929152 0.949439 0.969676 0.989858 1.02125 1.02229 1.02309 1.02388 1.02468 1.02552 1.02775 1.02998 1.03221 1.03499 1.0391 1.10186 1.15738 1.20784 1.25825 1.29402 1.32679 1.34394 1.361 1.36996 1.3732 1.4006 1.42268 1.46087 1.49039 1.51623 1.51399 1.51186 1.50983 1.50792 1.5047 1.4966 1.50173 1.53596 1.57018 1.59692 1.60043 1.5971 1.59379 1.5905 1.57633 1.59053 1.58246 1.57451 1.56667 1.54371 1.55013 1.53872 1.52764 1.51692 1.48154 1.48419 1.47172 1.45989 1.44878 1.39572 1.39558 1.36802 1.34153 1.34741 1.29526 1.36618 1.39771 1.43304 1.38181 1.31701 1.30483 1.29198 1.22474 1.15739 1.06832 1.12631 1.15898 1.19336 1.22316 1.23493 1.24245 1.25004 1.25032 1.24049 1.2275 1.27662 1.28721 1.29768 1.30801 1.32087 1.3256 1.33039 1.33122 1.32495 1.31866 1.31664 1.3129 1.3095 1.30677 1.30961 1.31619 1.31485 1.31363 1.31245 1.30904 1.31427 1.32087 1.33019 1.3396 1.35763 1.37562 1.40239 1.4296 1.4461 1.43475 1.47894 1.49873 1.52164 1.55649 1.61326 1.63366 1.65632 1.67894 1.68059 1.67689 1.67724 1.67758 1.67792 1.67886 1.68211 1.67161 1.67114 1.68432 1.68903 1.67308 1.60888 1.56994 1.56746 1.56513 1.5619 1.56173 1.56156 1.56139 1.56049 1.55627 1.54634 1.54131 1.51441 1.47355 1.47734 1.41939 1.417 1.41553 1.41954 1.45118 1.44273 1.46737 1.49078 1.51416 1.534 1.53558 1.53715 1.5387 1.54024 1.54496 1.55673 1.57052 1.58446 1.59951 1.62235 1.64278 1.67009 1.70171 1.73333 1.78886 1.78534 1.81968 1.85397 1.88819 1.92648 1.92696 1.92715 1.92704 1.92625 2.02587 1.94802 1.97139 1.99601 2.02197 2.15688 2.08508 2.11566 2.14708 2.17941 2.20175 2.20349 2.20936 2.21601 2.22273 2.22141 2.25456 2.2695 2.26718 2.26539 2.19439 2.29839 2.30097 2.31873 2.35796 2.20649 2.45636 2.5018 2.54912 2.58025 2.23927 2.65361 2.75381 2.78754 2.74739 2.36844 2.70744 2.66516 2.62225 2.58242 2.49039 2.52954 2.52436 2.51921 2.51409 2.50947 2.5806 2.64959 2.71817 2.79153 2.61545 2.95334 3.05624 3.17501 3.15709 2.7672 3.14681 3.5235 3.51826 3.28203 2.90994 3.16654 3.26571 3.23977 3.22405 2.95766 3.07645 3.05598 3.0307 3.00397 2.93629 2.94007 2.93261 2.92414 2.91477 2.90831 2.91457 2.92029 2.91602 2.91161 2.90661 2.89935 2.89205 2.88474 2.87776 2.90741 2.86942 2.85848 2.84692 2.8348 2.95366 2.84152 2.84207 2.84196 2.84123 2.99775 2.87493 2.88212 2.8886 2.8944 3.03833 2.93419 2.94567 2.95647 2.96572 3.05967 3.01351 3.02557 3.03893 3.05162 3.102 3.09578 3.10584 3.11518 3.1208 3.12449 3.12495 3.12278 3.12058 3.12108 3.12225 3.11514 3.1077 3.09996 3.09191 3.12043 3.06499 3.04738 3.02909 3.00616 3.04585 2.95301 2.92923 2.90924 2.88882 3.04195 2.85484 2.83269 2.81033 2.78381 2.8898 2.75442 2.72688 2.70438 2.72265 2.92936 2.72751 2.64646 2.63346 2.65171 2.72041 2.65312 2.62386 2.61002 2.65003 2.7919 2.65143 2.59383 2.57882 2.57686 2.58115 2.57396 2.5672 2.55451 2.56923 2.64801 2.56501 2.52811 2.51775 2.49731 2.4453 2.48847 2.49587 2.48758 2.48416 2.51042 2.47393 2.45318 2.44551 2.41492 2.32302 2.40234 2.41648 2.40788 2.39616 2.38207 2.38264 2.37517 2.36648 2.33418 2.21581 2.32008 2.31974 2.30571 2.29162 2.24428 2.26611 2.25155 2.23721 2.22304 2.12188 2.19541 2.18085 2.16647 2.15229 2.11151 2.12502 2.1105 2.09611 2.08189 2.03636 2.05335 2.03906 2.02494 2.011 1.99715 1.99741 1.99633 1.99525 1.99417 1.9931 1.96344 1.93332 1.90374 1.8747 1.9054 1.82134 1.79392 1.77908 1.76495 1.84186 1.74484 1.73221 1.7199 1.70807 1.76867 1.69108 1.68062 1.66999 1.65971 1.72516 1.64414 1.6351 1.62572 1.61651 1.66976 1.60258 1.59452 1.58628 1.57792 1.633 1.56431 1.55635 1.54905 1.54209 1.58837 1.52987 1.52253 1.51595 1.50951 1.55205 1.49825 1.492 1.48584 1.47926 1.51782 1.46812 1.46228 1.45651 1.45041 1.48772 1.43944 1.43396 1.42852 1.42285 1.45501 1.41261 1.40744 1.40232 1.39702 1.42605 1.38718 1.38228 1.37741 1.37244 1.39844 1.36292 1.35826 1.35363 1.34895 1.37269 1.33921 1.33474 1.33035 1.326 1.34714 1.3172 1.31296 1.30877 1.3046 1.32334 1.29634 1.29228 1.28824 1.28422 1.30028 1.27606 1.27217 1.2683 1.26444 1.27817 1.25649 1.25275 1.24903 1.24533 1.25728 1.23779 1.23421 1.23063 1.22707 1.23687 1.21974 1.21629 1.21286 1.20944 1.2178 1.20247 1.19916 1.19586 1.19256 1.19898 1.18557 1.18239 1.17921 1.17604 1.18153 1.16958 1.16649 1.16341 1.16034 1.16439 1.15426 1.15125 1.14826 1.14526 1.14778 1.13919 1.1363 1.13342 1.13054 1.13168 1.12469 1.12192 1.11915 1.11639 1.11663 1.11075 1.10804 1.10535 1.10266 1.10186 1.09716 1.09453 1.0919 1.08927 1.08752 1.08397 1.08146 1.07894 1.07643 1.07385 1.07354 1.0733 1.07307 1.07283 1.07259 1.07005 1.06752 1.06499 1.06247 1.06073 1.0571 1.05441 1.05173 1.04905 1.04799 1.04378 1.04116 1.03855 1.03595 1.03564 1.0307 1.02816 1.02562 1.02309 1.02375 1.01798 1.01551 1.01304 1.01057 1.01196 1.00563 1.00322 1.00082 0.998426 1.00062 0.99364 0.991305 0.988973 0.986644 0.989603 0.982002 0.97973 0.977459 0.975191 0.978884 0.970589 0.968381 0.966175 0.963971 0.968447 0.959573 0.9574 0.95523 0.953061 0.958501 0.948782 0.946637 0.944493 0.94235 0.948064 0.938143 0.936066 0.933991 0.931917 0.938683 0.927803 0.925794 0.923785 0.921778 0.92881 0.917812 0.915829 0.913846 0.911864 0.919965 0.907906 0.90595 0.903994 0.902038 0.910251 0.898243 0.896354 0.894465 0.892577 0.901363 0.888869 0.887037 0.885206 0.883375 0.892735 0.879795 0.877993 0.876192 0.87439 0.884246 0.870907 0.869138 0.86737 0.865602 0.875926 0.862167 0.860429 0.858692 0.856955 0.868522 0.853526 0.851815 0.850105 0.848395 0.8597 0.845092 0.843415 0.841738 0.840062 0.851808 0.837026 0.835591 0.834155 0.83272 0.844071 0.829872 0.82846 0.827048 0.825635 0.836481 0.822835 0.821446 0.820056 0.818667 0.82903 0.815906 0.814534 0.813163 0.811792 0.822476 0.809077 0.807721 0.806364 0.805007 0.814468 0.802364 0.801082 0.799801 0.798519 0.808362 0.795745 0.794211 0.792677 0.791143 0.799522 0.805338 0.823283 0.841228 0.859173 0.888632 0.926638 0.971092 1.01555 1.06 1.1068 1.11446 1.12668 1.1389 1.15112 1.16647 1.15661 1.14819 1.15045 1.16559 1.18122 1.17074 1.16153 1.1514 1.14049 1.13056 1.11276 1.09599 1.08373 1.07683 1.07059 1.04543 1.02094 0.991113 0.954654 0.918033 0.883555 0.848591 0.813627 0.784841 0.776292 0.713164 0.650044 0.586924 0.529021 0.489097 0.483275 0.474834 0.466394 0.457953 0.449403 0.444128 0.43657 0.429011 0.421453 0.413814 0.409028 0.402242 0.395455 0.388669 0.381818 0.379568 0.376341 0.373087 0.369807 0.369593
0.175633 0.175637 0.175641 0.175645 0.175649 0.175652 0.181664 0.181191 0.180972 0.180782 0.174059 0.180148 0.179878 0.179573 0.178877 0.171914 0.178243 0.177597 0.177323 0.177076 0.169982 0.176502 0.176288 0.17606 0.175464 0.168285 0.174892 0.17435 0.174176 0.174003 0.166897 0.173544 0.173433 0.173317 0.172836 0.165849 0.172294 0.171868 0.171796 0.171714 0.165128 0.171149 0.17108 0.170997 0.170629 0.164618 0.169716 0.169505 0.169529 0.169526 0.164883 0.168898 0.169475 0.170007 0.172102 0.175305 0.173921 0.174183 0.174689 0.17539 0.177219 0.176566 0.177282 0.177927 0.17846 0.179904 0.180043 0.180674 0.181372 0.182583 0.183263 0.183472 0.183679 0.183885 0.184089 0.184533 0.186077 0.188033 0.189001 0.189425 0.192693 0.191628 0.19523 0.195305 0.198002 0.202786 0.201961 0.201155 0.203235 0.206396 0.209561 0.211396 0.212741 0.21409 0.215443 0.216246 0.217431 0.22046 0.222704 0.223495 0.224706 0.226337 0.230213 0.234128 0.239668 0.244545 0.25103 0.252143 0.253436 0.255127 0.260969 0.260001 0.260569 0.261139 0.26171 0.262306 0.264525 0.267408 0.270577 0.273785 0.276492 0.276226 0.275961 0.275697 0.275433 0.276417 0.277307 0.281606 0.285977 0.29042 0.300027 0.296435 0.299618 0.302876 0.302427 0.312673 0.303689 0.303869 0.305549 0.30886 0.326053 0.312462 0.312859 0.312153 0.31578 0.329878 0.319677 0.315535 0.315304 0.321315 0.336803 0.321069 0.318994 0.319192 0.319406 0.329114 0.320108 0.320245 0.320397 0.320022 0.327026 0.320467 0.32016 0.320382 0.320627 0.320908 0.320918 0.320928 0.320938 0.320948 0.321035 0.32257 0.32423 0.325915 0.327814 0.332126 0.330601 0.331954 0.333441 0.334959 0.341637 0.336708 0.337669 0.338669 0.339709 0.348627 0.341258 0.34269 0.344177 0.345718 0.353265 0.348637 0.35055 0.352526 0.353985 0.357584 0.355984 0.357685 0.359375 0.361113 0.362665 0.362678 0.362692 0.362706 0.362722 0.363444 0.361723 0.36088 0.36009 0.358885 0.364349 0.357257 0.357924 0.358649 0.359428 0.367561 0.358479 0.357734 0.357046 0.356383 0.370686 0.372403 0.374332 0.376425 0.424606 0.486007 0.42825 0.402138 0.406985 0.431186 0.51531 0.429897 0.450342 0.461861 0.472051 0.523007 0.496756 0.512618 0.529919 0.550538 0.614394 0.579512 0.593058 0.606574 0.620058 0.629544 0.626399 0.623268 0.62015 0.617044 0.631954 0.61233 0.61097 0.614504 0.621396 0.645697 0.624644 0.62966 0.632656 0.629974 0.709939 0.625486 0.625367 0.628513 0.632312 0.675166 0.629426 0.63137 0.633231 0.629933 0.760158 0.632097 0.62821 0.628742 0.634681 0.687579 0.634603 0.626082 0.625463 0.645913 0.777604 0.650692 0.617037 0.615499 0.626323 0.66789 0.628554 0.613897 0.611723 0.658681 0.785889 0.664969 0.612454 0.610703 0.632517 0.687664 0.635565 0.617399 0.615872 0.647068 0.764791 0.645947 0.621834 0.62011 0.626135 0.679059 0.627979 0.62129 0.61912 0.623475 0.73401 0.622417 0.621941 0.619465 0.617016 0.665506 0.619502 0.617218 0.614948 0.614556 0.704515 0.617328 0.617106 0.615076 0.613046 0.651189 0.614727 0.612799 0.61087 0.610595 0.677907 0.612833 0.612665 0.611121 0.60957 0.63766 0.610338 0.608695 0.607068 0.606673 0.654795 0.607762 0.607289 0.605707 0.604027 0.62386 0.603448 0.602021 0.600604 0.599799 0.634495 0.599645 0.598798 0.597112 0.595256 0.609922 0.593735 0.592605 0.591357 0.589965 0.618349 0.588901 0.587606 0.586523 0.585309 0.599541 0.585589 0.585593 0.585206 0.583068 0.617115 0.582989 0.581134 0.581703 0.582032 0.602819 0.586295 0.587422 0.587914 0.583984 0.646056 0.591996 0.587513 0.590804 0.599093 0.622027 0.612034 0.608413 0.615801 0.649667 0.697373 0.652884 0.625349 0.629679 0.625699 0.609449 0.623287 0.636589 0.645859 0.66734 0.731261 0.683072 0.726319 0.77065 0.767331 0.755035 0.744404 0.735814 0.73592 0.73595 0.756003 0.735334 0.748583 0.748454 0.737177 0.776605 0.731971 0.748692 0.752844 0.736195 0.742675 0.729321 0.732766 0.737594 0.740576 0.750439 0.726876 0.716351 0.713214 0.709596 0.726562 0.705251 0.728539 0.731371 0.709579 0.708713 0.693135 0.70293 0.712615 0.71272 0.694249 0.690043 0.685838 0.681634 0.677433 0.673782 0.678702 0.683108 0.687452 0.691732 0.705035 0.696003 0.724496 0.724508 0.701709 0.686342 0.689862 0.718792 0.742898 0.75942 0.819248 0.749001 0.751761 0.794696 0.827507 0.83174 0.806826 0.830672 0.867378 0.937026 1.10476 0.926333 0.857241 0.891082 0.953382 1.02915 0.925969 0.866791 0.871687 1.06182 1.34791 1.34829 1.39299 1.47212 1.68721 1.68851 1.72261 1.73685 1.75155 1.77038 1.80633 1.86266 1.90401 1.92073 1.92733 1.93409 1.92715 1.92039 1.9138 1.90738 1.99113 1.88753 1.88047 1.87394 1.86793 1.96865 1.87894 1.86818 1.85802 1.84845 2.3249 1.87504 1.90436 1.93384 1.96348 2.12739 2.00518 2.02976 2.05729 2.08501 2.5113 2.15231 2.18252 2.21292 2.22737 2.38342 2.29139 2.30252 2.33309 2.36384 2.69099 2.45513 2.48775 2.52049 2.52278 2.63631 2.61854 2.6226 2.64442 2.66923 2.86604 2.78414 2.78176 2.78303 2.7896 2.76783 2.9178 2.92554 2.91912 2.8866 2.80057 3.00132 2.95551 2.96072 2.97339 2.67512 3.09499 3.10701 3.11886 3.08632 2.66764 3.20124 3.18358 3.20142 3.21151 2.6343 3.31588 3.35218 3.36928 3.34247 2.64096 3.43366 3.50183 3.47583 3.44605 2.69408 3.42781 3.39349 3.35896 3.32473 2.72234 3.26825 3.2286 3.18903 3.14929 2.82139 3.06807 3.02511 2.98204 2.93746 2.88939 2.88905 2.88871 2.88838 2.88804 2.88618 2.87694 2.87524 2.87726 2.87923 2.87953 2.91519 2.91833 2.92147 2.91798 2.74152 2.97892 2.97569 2.98045 2.98522 2.79022 3.07763 3.10119 3.10418 2.99371 2.57582 3.04679 3.25345 3.25959 3.0253 2.61491 3.07896 3.39032 3.37547 2.99608 2.45958 3.03478 3.48683 3.48285 3.02873 2.46804 3.05639 3.57878 3.58987 3.03512 2.42763 3.0497 3.67114 3.67976 3.03691 2.39417 3.04322 3.52382 3.48888 3.08295 2.46263 3.07477 3.30896 3.27558 3.09156 2.43193 3.08066 3.09808 3.0665 3.03595 2.53816 2.93761 2.90976 2.87968 2.84816 2.54272 2.76372 2.73209 2.70214 2.67743 2.61186 2.64278 2.63786 2.63296 2.62807 2.6232 2.63441 2.64004 2.64435 2.64869 2.57066 2.67679 2.68298 2.68923 2.70405 2.55841 2.76528 2.77907 2.78444 2.78985 2.44974 2.85006 2.87271 2.88089 2.81003 2.46386 2.83476 2.94514 2.91142 2.77809 2.36769 2.79214 2.83411 2.79868 2.76859 2.36688 2.76649 2.76149 2.73563 2.70556 2.34975 2.67107 2.64084 2.62433 2.61994 2.35653 2.59714 2.59221 2.5852 2.56022 2.3878 2.51648 2.49504 2.49072 2.48636 2.41523 2.47458 2.47147 2.46834 2.46519 2.46219 2.46503 2.46538 2.46573 2.46609 2.45217 2.46902 2.48323 2.50115 2.51917 2.46303 2.5448 2.56066 2.57662 2.59268 2.50355 2.60691 2.6105 2.60432 2.59819 2.50804 2.57628 2.57075 2.56526 2.55982 2.53964 2.55413 2.55364 2.55255 2.55056 2.54853 2.54541 2.54229 2.53918 2.53609 2.52159 2.5321 2.52646 2.52083 2.51718 2.44955 2.52473 2.52175 2.51615 2.51056 2.4407 2.52194 2.51674 2.51155 2.51114 2.33852 2.53166 2.53186 2.52799 2.50829 2.38467 2.51824 2.54799 2.5465 2.47103 2.25644 2.47281 2.57937 2.57967 2.49884 2.36027 2.50807 2.6147 2.61705 2.43883 2.21175 2.44056 2.64317 2.62407 2.4954 2.34066 2.49033 2.5858 2.57085 2.43524 2.20325 2.43608 2.51915 2.50685 2.45989 2.30149 2.453 2.47382 2.4655 2.44905 2.22053 2.42708 2.41154 2.40545 2.40257 2.28796 2.38499 2.38256 2.37956 2.36585 2.25758 2.34051 2.32782 2.32566 2.32351 2.29377 2.31706 2.31599 2.31494 2.31389 2.31053 2.313 2.31546 2.31792 2.32039 2.31074 2.333 2.34592 2.36508 2.38429 2.29503 2.41993 2.43835 2.45683 2.47148 2.3841 2.49733 2.51332 2.53266 2.55206 2.2953 2.58355 2.60242 2.62135 2.63054 2.46742 2.63733 2.65201 2.64759 2.62786 2.30984 2.62418 2.62118 2.61682 2.61519 2.45556 2.6003 2.59979 2.59628 2.59284 2.33316 2.5782 2.57486 2.57166 2.57323 2.45233 2.56311 2.56473 2.5632 2.56079 2.3649 2.54938 2.54683 2.5465 2.54856 2.46024 2.54218 2.54431 2.54537 2.54338 2.39974 2.53432 2.53234 2.53485 2.53771 2.47621 2.53541 2.53822 2.54108 2.54069 2.43876 2.53385 2.53407 2.53717 2.54031 2.49928 2.54042 2.5435 2.54661 2.54857 2.47857 2.54406 2.54679 2.55031 2.55386 2.52827 2.55662 2.56008 2.56357 2.56708 2.52094 2.56638 2.56993 2.57351 2.57711 2.56143 2.58098 2.58447 2.58798 2.59152 2.56169 2.59457 2.59839 2.60222 2.60607 2.59712 2.6079 2.60835 2.6088 2.60925 2.6097 2.61406 2.61841 2.62276 2.62711 2.61829 2.64265 2.64583 2.64437 2.64298 2.60161 2.63911 2.63769 2.63633 2.63502 2.61428 2.63395 2.6329 2.63191 2.63098 2.59138 2.62801 2.62705 2.62614 2.62529 2.60589 2.62717 2.62641 2.62571 2.62506 2.58222 2.6225 2.62178 2.62111 2.62116 2.59995 2.62393 2.62439 2.62405 2.62376 2.57374 2.62161 2.62123 2.6209 2.62228 2.59702 2.62472 2.62627 2.626 2.62577 2.56499 2.6234 2.62303 2.62271 2.62503 2.59424 2.62664 2.62897 2.62879 2.6286 2.55421 2.62584 2.62539 2.62552 2.62773 2.58996 2.62717 2.62894 2.62915 2.62858 2.53757 2.62539 2.62491 2.61716 2.60196 2.52709 2.51527 2.41688 2.32391 2.1853 1.95582 2.17491 2.28649 2.26419 2.04457 1.68891 1.64464 1.59511 1.54471 1.40975 1.25128 1.34975 1.36808 1.36074 1.29203 1.11392 1.24084 1.28709 1.27876 1.22952 1.11907 1.06607 1.05169 1.03028 0.995509 0.820943 0.936512 0.92478 0.913607 0.902645 0.745692 0.675192 0.622681 0.573865 0.525084 0.475196 0.475956 0.475122 0.474289 0.473456 0.472622 0.468501 0.464357 0.461344 0.461598 0.431076 0.45056 0.444552 0.438986 0.430885 0.39672 0.415423 0.416135 0.410327 0.397781 0.367992 0.384346 0.388666 0.385347 0.374778 0.352751
0.190996 0.190993 0.19099 0.190987 0.190984 0.190981 0.189969 0.18982 0.189637 0.189442 0.190076 0.188926 0.188645 0.188388 0.188187 0.188848 0.187708 0.187529 0.187295 0.187033 0.187712 0.186598 0.18636 0.186159 0.186016 0.186737 0.185669 0.185576 0.185426 0.185227 0.18597 0.184983 0.184827 0.184747 0.184731 0.185529 0.184733 0.184834 0.184869 0.184752 0.185473 0.18491 0.184765 0.184946 0.185208 0.185897 0.185842 0.18649 0.187132 0.18701 0.18746 0.188372 0.189885 0.19028 0.190439 0.191357 0.19048 0.191131 0.191783 0.192523 0.194716 0.195627 0.197298 0.19886 0.200422 0.202382 0.202729 0.203456 0.204182 0.204767 0.205201 0.205905 0.206881 0.208285 0.209664 0.212677 0.214073 0.217471 0.220498 0.223889 0.227505 0.22791 0.230386 0.232851 0.23535 0.242908 0.243353 0.244676 0.246021 0.247377 0.248769 0.249314 0.249862 0.250414 0.251068 0.253116 0.255002 0.258053 0.261123 0.263276 0.265131 0.268091 0.269792 0.272816 0.278952 0.292312 0.296997 0.306746 0.307545 0.308466 0.325579 0.333661 0.337199 0.341046 0.344831 0.354518 0.347038 0.347039 0.34708 0.347427 0.348479 0.350599 0.352803 0.355091 0.357463 0.361733 0.360306 0.362745 0.365027 0.364975 0.369954 0.364878 0.364179 0.364204 0.365018 0.371375 0.365955 0.366654 0.36839 0.370288 0.377636 0.383325 0.390007 0.390972 0.385732 0.387284 0.381868 0.381764 0.382121 0.375782 0.378352 0.370872 0.369848 0.369306 0.364058 0.370267 0.360325 0.360421 0.362989 0.359628 0.373887 0.358112 0.362604 0.36952 0.377219 0.408236 0.383464 0.397859 0.417234 0.434493 0.44859 0.443235 0.45504 0.477055 0.479838 0.490438 0.434676 0.437646 0.443845 0.450626 0.525923 0.487899 0.493478 0.499107 0.504786 0.533339 0.52442 0.52723 0.530075 0.532953 0.535875 0.530884 0.530153 0.534883 0.539647 0.545818 0.542725 0.545409 0.548289 0.551212 0.557589 0.558835 0.560089 0.561353 0.562626 0.564001 0.56838 0.573153 0.578101 0.579679 0.581916 0.580454 0.580859 0.582483 0.584766 0.589414 0.593937 0.638639 0.748989 0.909909 1.13488 0.91438 0.694439 0.679349 0.827842 0.982488 0.83834 0.698647 0.736581 0.970174 1.24567 0.952133 0.879152 0.919224 0.956721 1.14865 1.00813 1.02479 1.05505 1.0903 1.2622 1.14727 1.17108 1.19484 1.22085 1.2549 1.25461 1.25432 1.25403 1.25374 1.25642 1.24017 1.22745 1.21598 1.20491 1.23731 1.1862 1.17557 1.16532 1.16239 1.3088 1.15377 1.14466 1.13408 1.12391 1.21544 1.11896 1.10749 1.09643 1.11181 1.30045 1.12956 1.08748 1.08535 1.09418 1.19223 1.10392 1.1016 1.1 1.10248 1.24957 1.12084 1.12411 1.1244 1.12487 1.18074 1.13547 1.13578 1.13643 1.14059 1.19748 1.15109 1.15427 1.15563 1.15653 1.17012 1.16 1.16065 1.16135 1.16299 1.16524 1.16622 1.16721 1.16821 1.16921 1.16285 1.17288 1.1765 1.17989 1.18282 1.16085 1.18638 1.19074 1.19477 1.19874 1.14719 1.19979 1.20368 1.20773 1.21365 1.15974 1.21371 1.21957 1.22345 1.22736 1.14235 1.22313 1.2267 1.2303 1.23283 1.15746 1.22205 1.23454 1.23768 1.22183 1.14008 1.21075 1.23524 1.23845 1.21637 1.15399 1.20827 1.23707 1.23951 1.20577 1.14405 1.1988 1.234 1.23575 1.20199 1.14832 1.19991 1.2348 1.23711 1.20491 1.156 1.20812 1.24675 1.25097 1.21166 1.15739 1.21832 1.26893 1.27533 1.23733 1.19073 1.24594 1.29004 1.29405 1.25343 1.19457 1.26321 1.3033 1.30784 1.29353 1.24597 1.30414 1.31846 1.33284 1.36005 1.35926 1.39242 1.44314 1.47367 1.48474 1.49014 1.48057 1.47019 1.41871 1.38094 1.42513 1.36861 1.37598 1.3524 1.33135 1.32507 1.28721 1.29414 1.30621 1.31836 1.33164 1.32546 1.31929 1.31311 1.31672 1.36545 1.33944 1.35305 1.36663 1.36731 1.39536 1.37979 1.38953 1.39942 1.40593 1.45618 1.42081 1.39782 1.3772 1.35704 1.34287 1.34345 1.33993 1.33644 1.33297 1.32931 1.30278 1.277 1.2514 1.22444 1.27686 1.20927 1.18997 1.18097 1.20531 1.26292 1.25836 1.24885 1.23278 1.21195 1.25421 1.19911 1.19861 1.18415 1.15159 1.13864 1.13143 1.12418 1.11687 1.11096 1.13012 1.09921 1.09782 1.10012 1.10415 1.11078 1.09467 1.0955 1.10319 1.11762 1.15939 1.11166 1.10298 1.11003 1.13008 1.15064 1.19241 1.22466 1.23157 1.22353 1.23261 1.21995 1.24972 1.28177 1.31377 1.34481 1.36421 1.38156 1.39901 1.41175 1.41254 1.43996 1.55328 1.64951 1.72966 1.74078 1.79185 2.05304 2.0644 2.05383 2.28321 2.04933 2.05945 2.0984 2.14126 2.24761 2.17833 2.21258 2.22426 2.26576 2.63644 2.29892 2.26257 2.28429 2.33682 2.44347 2.47304 2.78758 2.94162 2.86032 2.81828 2.83838 2.86115 2.88794 2.91478 2.94375 2.94897 2.95428 2.95969 2.96518 2.98197 3.01123 3.07142 3.13269 3.18081 3.42091 3.13766 3.18926 3.26126 3.3345 3.4839 3.32237 3.34891 3.37669 3.43468 4.1116 3.48853 3.3424 3.3164 3.36516 3.5688 3.38557 3.31113 3.28086 3.42185 3.971 3.46135 3.33184 3.31246 3.34443 3.54187 3.41454 3.38363 3.38161 3.46782 3.86713 3.55203 3.52157 3.53573 3.56087 3.69689 3.67235 3.67786 3.69593 3.72865 3.95177 3.85243 3.87669 3.89682 3.87863 3.85238 4.00601 3.96065 3.98861 4.01643 3.93803 4.13051 4.1546 4.1785 4.15552 3.89379 4.2175 4.20596 4.23068 4.25522 3.96484 4.33749 4.35696 4.37621 4.39452 4.02856 4.41257 4.43106 4.44932 4.46733 4.13137 4.51803 4.53001 4.54166 4.55299 4.26689 4.54065 4.51438 4.48784 4.46102 4.40345 4.4311 4.42744 4.42378 4.42012 4.41647 4.42013 4.42377 4.42193 4.4154 4.4248 4.41826 4.41115 4.40407 4.39701 4.39035 4.37932 4.36829 4.35725 4.34621 4.32466 4.3175 4.29165 4.2659 4.24024 4.20781 4.26589 4.24221 4.21506 4.18806 4.03735 4.17071 4.13919 4.10788 4.10984 3.94947 4.13514 4.14757 4.11438 4.0814 3.72947 4.08742 4.06211 4.04762 4.01865 3.70157 4.00245 4.11181 4.12024 3.92686 3.51447 3.89794 4.12279 4.15904 3.91606 3.55874 3.89041 4.11243 4.10046 3.87502 3.47857 3.85098 3.97123 3.95888 3.88884 3.53531 3.85636 3.85364 3.84212 3.82992 3.54144 3.76614 3.75559 3.74522 3.73641 3.58955 3.69522 3.6872 3.67878 3.67052 3.63026 3.65355 3.65061 3.64768 3.64478 3.64181 3.63522 3.62867 3.62218 3.61612 3.59562 3.6104 3.59878 3.58727 3.57586 3.49904 3.58017 3.55423 3.51734 3.4806 3.42137 3.46043 3.43806 3.41295 3.3879 3.36355 3.3614 3.35927 3.35715 3.35504 3.34171 3.35696 3.35369 3.3506 3.35516 3.22272 3.41215 3.42234 3.42251 3.42283 3.28462 3.47759 3.48645 3.49216 3.42275 3.07029 3.42829 3.6111 3.62012 3.50074 3.3066 3.53284 3.74498 3.75183 3.36919 2.99343 3.3874 3.78216 3.82334 3.60775 3.39136 3.62864 3.85691 3.83204 3.44519 3.05657 3.46306 3.77641 3.75234 3.59046 3.34662 3.58261 3.66729 3.64914 3.55819 3.17194 3.56957 3.53828 3.522 3.51108 3.33986 3.47317 3.46438 3.45272 3.42618 3.31814 3.38691 3.37315 3.35945 3.34581 3.34128 3.36342 3.3856 3.40781 3.43007 3.34862 3.49697 3.54281 3.5879 3.61761 3.45838 3.69349 3.72525 3.77218 3.81976 3.3149 3.85171 3.94919 3.99517 3.91744 3.60348 3.94473 4.14571 4.19253 3.83412 3.29169 3.82435 4.3477 4.36884 4.04385 3.71836 4.03581 4.35334 4.33869 3.80793 3.27593 3.7931 4.31013 4.34483 4.03391 3.72234 4.02391 4.28465 4.26863 3.88668 3.39189 3.90229 4.15919 4.14316 4.02817 3.73711 4.01502 4.06111 4.04674 4.02486 3.56119 3.97528 3.95465 3.94008 3.93163 3.76101 3.89829 3.89216 3.87882 3.86119 3.72125 3.82595 3.81101 3.79625 3.79112 3.78654 3.78857 3.79061 3.79265 3.79468 3.7866 3.81813 3.83987 3.85178 3.8624 3.80077 3.88713 3.89849 3.9098 3.93023 3.72468 3.96379 3.98198 3.9921 4.00216 3.82176 4.02735 4.03742 4.04744 4.03224 3.66431 4.01902 4.09738 4.10572 4.04426 3.83508 4.04522 4.09992 4.08981 4.0155 3.67167 4.02669 4.05767 4.04782 4.03794 3.84193 4.02168 4.0116 4.00148 3.99374 3.73402 3.97741 3.96962 3.96015 3.95036 3.84135 3.93218 3.9226 3.9136 3.90563 3.79194 3.88925 3.88125 3.87257 3.86309 3.83431 3.84876 3.84379 3.83882 3.83383 3.82937 3.8316 3.83384 3.83609 3.83834 3.82771 3.8448 3.8493 3.85365 3.85703 3.79556 3.8641 3.86786 3.87256 3.8773 3.81406 3.88582 3.89052 3.89523 3.8994 3.75409 3.90732 3.91169 3.91646 3.92125 3.79854 3.91978 3.93425 3.93906 3.90292 3.71746 3.89406 3.95666 3.96155 3.90765 3.78054 3.90411 3.96888 3.96569 3.87433 3.69821 3.87134 3.95126 3.94804 3.88791 3.75842 3.88367 3.93515 3.93187 3.85973 3.68881 3.8557 3.9175 3.91391 3.86289 3.73093 3.85821 3.90231 3.89841 3.83712 3.67089 3.83216 3.88499 3.88073 3.83317 3.69901 3.82778 3.86981 3.86544 3.80733 3.64553 3.80146 3.85293 3.8488 3.79866 3.663 3.79258 3.83723 3.83166 3.77174 3.61436 3.76492 3.78586 3.77314 3.75288 3.61526 3.74029 3.72949 3.71702 3.70456 3.57736 3.68219 3.66958 3.65697 3.64631 3.56443 3.62673 3.61642 3.60412 3.59182 3.53575 3.56809 3.55564 3.5432 3.53313 3.51414 3.52127 3.51839 3.51551 3.51263 3.5097 3.50815 3.5066 3.50504 3.50348 3.4833 3.49944 3.49696 3.49448 3.49489 3.45944 3.494 3.49419 3.49127 3.48834 3.41417 3.48209 3.47894 3.47577 3.47634 3.4005 3.47077 3.47082 3.46731 3.46349 3.34209 3.44581 3.45069 3.44706 3.42753 3.33413 3.40814 3.41065 3.39183 3.32562 3.18111 3.11667 3.04224 2.96781 2.89337 2.7522 2.80618 2.73802 2.66984 2.60231 2.51156 2.48735 2.45415 2.42093 2.3877 2.35483 2.2758 2.1967 2.11753 2.02227 1.92178 1.96926 1.95387 1.93854 1.91104 1.77594 1.85688 1.83563 1.81429 1.79286 1.66951 1.58968 1.51502 1.40725 1.25251 1.01478 1.18777 1.20222 1.14146 1.09044 0.873069 0.804544 0.714557 0.624622 0.570401 0.516581 0.519982 0.516325 0.512669 0.509014 0.505339 0.50218 0.499008 0.495822 0.49405 0.470124 0.48421 0.478269 0.472316 0.465857 0.431685 0.450385 0.444742 0.437664 0.429463 0.399668 0.416022 0.413459 0.40969 0.404891 0.382872
0.195066 0.195065 0.195064 0.195063 0.195062 0.195061 0.195865 0.195711 0.195558 0.195444 0.194393 0.195127 0.194976 0.194772 0.194567 0.193525 0.194278 0.194094 0.193909 0.19379 0.192783 0.193564 0.193492 0.193342 0.193191 0.192233 0.193051 0.192949 0.192846 0.192844 0.191975 0.192846 0.192926 0.192897 0.192868 0.192086 0.192996 0.19308 0.193185 0.193397 0.192852 0.193932 0.194398 0.194734 0.194969 0.194669 0.195917 0.196519 0.197149 0.197797 0.200149 0.200431 0.200924 0.201417 0.20191 0.202592 0.203587 0.204454 0.20531 0.206163 0.207099 0.207804 0.208525 0.209245 0.209963 0.210406 0.211091 0.211774 0.212456 0.213136 0.213879 0.216034 0.217812 0.219483 0.221097 0.221551 0.222271 0.222989 0.223705 0.22442 0.225106 0.228495 0.23229 0.237467 0.243679 0.245211 0.243288 0.242564 0.244887 0.251081 0.258286 0.261751 0.264789 0.268467 0.272384 0.276057 0.276476 0.276894 0.277312 0.277738 0.278205 0.283814 0.290843 0.29695 0.304096 0.317144 0.317067 0.317116 0.32723 0.343282 0.360318 0.372934 0.382124 0.385208 0.389727 0.418502 0.405568 0.405217 0.405347 0.406613 0.415721 0.407534 0.407051 0.406608 0.406431 0.410738 0.407491 0.408647 0.409949 0.411398 0.419055 0.415917 0.41997 0.424092 0.428284 0.442163 0.42591 0.421935 0.417948 0.413949 0.416887 0.410778 0.413361 0.415952 0.41855 0.427655 0.416068 0.41172 0.407346 0.402945 0.398866 0.398706 0.398704 0.398702 0.3987 0.398714 0.398347 0.39824 0.39756 0.396276 0.395586 0.396762 0.399618 0.399087 0.395518 0.395854 0.391873 0.392593 0.391918 0.389358 0.39986 0.386409 0.392717 0.397644 0.40103 0.421746 0.396473 0.405331 0.412415 0.412671 0.440806 0.412983 0.418263 0.437249 0.454302 0.501538 0.470076 0.454807 0.492022 0.48307 0.468748 0.515742 0.575713 0.608265 0.649472 0.689623 0.697125 0.704904 0.713884 0.722916 0.731137 0.733385 0.735635 0.737888 0.740144 0.742791 0.747686 0.755296 0.76138 0.752554 0.752353 0.744182 0.742281 0.740781 0.743938 0.766438 0.740182 0.722641 0.711413 0.713933 0.72071 0.703108 0.690943 0.692003 0.708341 0.733247 0.701586 0.685981 0.682357 0.68731 0.705999 0.694439 0.6972 0.700817 0.705936 0.79473 0.757689 0.762608 0.767588 0.77263 0.778014 0.744079 0.710796 0.707114 0.705989 0.733655 0.701992 0.703501 0.705145 0.706923 0.709585 0.71017 0.710761 0.711358 0.711961 0.713255 0.732776 0.747403 0.743571 0.730121 0.712161 0.709676 0.708117 0.705196 0.701913 0.699843 0.696973 0.69515 0.694002 0.693626 0.693374 0.693343 0.693314 0.693289 0.693265 0.693988 0.695416 0.69769 0.700062 0.700899 0.701528 0.709437 0.708162 0.70699 0.705919 0.715432 0.697994 0.731305 0.752217 0.757887 0.76221 0.788554 0.800665 0.816904 0.833721 0.828965 0.828562 0.812646 0.796748 0.782531 0.751918 0.752482 0.750297 0.748181 0.746136 0.856166 0.782131 0.800908 0.819802 0.838818 0.866301 0.857413 0.861042 0.864681 0.86833 0.872008 0.864531 0.857156 0.849882 0.848947 0.869233 0.836964 0.837077 0.837331 0.837723 0.933306 0.830727 0.824237 0.817856 0.813113 0.884575 0.804324 0.810739 0.817253 0.827675 1.00521 0.843288 0.82377 0.825308 0.851465 0.939336 0.866483 0.851179 0.860433 0.922635 1.0877 0.947505 0.896115 0.903673 0.935867 1.00555 0.950213 0.923776 0.932952 0.992749 1.09503 1.0135 0.967492 0.976831 1.01708 1.07586 1.03609 1.00718 1.01454 1.08653 1.17956 1.10605 1.04886 1.0576 1.09755 1.14411 1.11235 1.08349 1.08738 1.16985 1.25893 1.1835 1.11164 1.11984 1.16182 1.20471 1.16949 1.13437 1.13912 1.23306 1.32643 1.24474 1.1687 1.18141 1.22821 1.27789 1.25543 1.23936 1.25191 1.29982 1.36223 1.33454 1.33114 1.34816 1.36997 1.39546 1.4134 1.41935 1.461 1.50172 1.58792 1.56511 1.62193 1.67892 1.70313 1.68453 1.6459 1.60694 1.59266 1.58941 1.61582 1.59166 1.60066 1.59298 1.5718 1.6847 1.6312 1.66995 1.65553 1.58738 1.55289 1.53512 1.51741 1.49987 1.49649 1.51486 1.50619 1.50181 1.49745 1.4931 1.48857 1.4872 1.48971 1.4923 1.49497 1.47544 1.49177 1.49303 1.50686 1.52199 1.50883 1.51897 1.51195 1.50224 1.48938 1.46865 1.47811 1.47731 1.47576 1.47423 1.47262 1.47003 1.47116 1.47237 1.47365 1.48037 1.47605 1.47687 1.51348 1.54634 1.60558 1.54283 1.57375 1.5889 1.62195 1.67178 1.63576 1.60055 1.67067 1.87177 2.06429 1.91716 1.771 1.78549 1.96516 2.14367 2.05788 2.02602 2.0738 2.16798 2.43602 2.29434 2.34465 2.39529 2.44078 2.56326 2.52619 2.53797 2.5534 2.57204 2.59115 2.61854 2.64606 2.6737 2.70145 2.74556 2.74847 2.79604 2.8582 2.92903 3.04953 2.97389 3.03155 3.09456 3.15797 3.23341 3.24492 3.27534 3.30579 3.33626 3.36777 3.40362 3.43971 3.43823 3.43328 3.46527 3.45552 3.47643 3.58045 3.71445 3.89003 3.82431 3.82923 3.80425 3.76721 3.9201 4.08103 4.00422 4.07857 4.31789 4.84682 4.4408 4.42165 4.35269 4.28512 4.24626 4.36307 4.42 4.46496 4.48323 4.63961 4.67924 4.71263 4.73009 4.72307 4.34926 4.94083 4.87684 4.91048 4.93425 4.69534 5.14493 5.27839 5.339 5.07799 4.29144 5.25091 5.64959 5.73759 5.45486 4.80662 5.64261 6.12428 6.14492 5.67034 4.66786 5.84761 6.32238 6.34334 6.08 5.1644 6.21438 6.46394 6.48186 6.34503 5.20293 6.44694 6.52689 6.53784 6.55191 5.54577 6.53209 6.54315 6.54395 6.5442 5.63725 6.48963 6.4852 6.48096 6.48241 5.869 6.42983 6.42524 6.41749 6.41003 5.97283 6.35058 6.34288 6.33559 6.32871 6.13553 6.29545 6.29029 6.28538 6.25125 6.2052 6.2511 6.27272 6.26741 6.2622 6.23927 6.25288 6.25103 6.24918 6.24734 6.24546 6.23293 6.22094 6.2095 6.19862 6.17486 6.2046 6.18894 6.17403 6.15987 6.11562 6.1755 6.15878 6.14269 6.13845 6.00537 6.18734 6.18536 6.17915 6.16837 6.02923 6.21809 6.21071 6.21523 6.22003 5.96699 6.28589 6.29146 6.29712 6.30287 6.10021 6.35573 6.28857 6.22221 6.15663 6.09678 6.10622 6.11571 6.12524 6.13482 6.09256 6.22097 6.25863 6.24788 6.23729 6.06359 6.25315 6.24482 6.23579 6.22678 6.15057 6.21937 6.20978 6.2001 6.19408 6.19206 6.19389 6.19574 6.1976 6.19949 6.18654 6.20336 6.20887 6.21387 6.21455 6.07644 6.2018 6.20397 6.21026 6.21671 6.10584 6.19796 6.20179 6.18782 6.16275 5.96838 6.10158 6.08452 6.06821 6.0519 6.03485 6.03908 6.04328 6.04746 6.05161 5.99661 6.0698 6.08607 6.10182 6.11565 5.96245 6.12854 6.13955 6.15077 6.12401 5.65919 6.04414 6.16799 6.17501 6.06017 5.82859 6.01804 6.16963 6.15111 5.84502 5.4526 5.84415 5.98457 5.94715 5.88713 5.6752 5.82567 5.78975 5.75177 5.71214 5.51662 5.64181 5.61301 5.58413 5.55547 5.53098 5.53296 5.53494 5.53692 5.5389 5.50583 5.54987 5.55814 5.56249 5.56683 5.44413 5.58551 5.59143 5.59735 5.54989 5.32126 5.51843 5.63754 5.63943 5.49551 5.30662 5.47253 5.58735 5.57154 5.40829 5.1852 5.38477 5.52804 5.51513 5.36657 5.16956 5.33651 5.40341 5.36183 5.28203 5.06032 5.24314 5.20088 5.1587 5.1243 5.00758 5.06292 5.03992 5.01681 4.98865 4.96122 4.96058 4.95994 4.95929 4.95864 4.92639 4.95744 4.9558 4.95669 4.96301 4.85699 4.96594 4.97067 4.97224 4.92182 4.7345 4.88056 4.96863 4.97311 4.85525 4.70722 4.82255 4.91793 4.8973 4.76166 4.58863 4.73319 4.79755 4.77576 4.7117 4.56839 4.67995 4.67882 4.65666 4.63442 4.48385 4.58268 4.56039 4.53803 4.5156 4.44487 4.4719 4.4533 4.43467 4.41599 4.39902 4.39567 4.39231 4.38895 4.3856 4.37817 4.37838 4.3734 4.36842 4.36344 4.35844 4.34643 4.33435 4.3222 4.30998 4.27991 4.28671 4.2719 4.25702 4.24205 4.1198 4.2098 4.20145 4.18642 4.15692 4.09428 4.12221 4.13456 4.11954 4.0137 3.88055 3.9673 4.0536 4.04478 3.98274 3.92076 3.94923 3.97744 3.95866 3.85572 3.74137 3.83675 3.87377 3.85414 3.82629 3.76529 3.79251 3.7745 3.75541 3.73637 3.66696 3.69949 3.68369 3.66793 3.6522 3.63732 3.63572 3.63412 3.63253 3.63093 3.62275 3.61895 3.60697 3.59503 3.58314 3.56396 3.5596 3.5456 3.53169 3.51827 3.48616 3.49739 3.48645 3.47439 3.46239 3.449 3.44848 3.44795 3.44743 3.4469 3.44574 3.43567 3.42498 3.41484 3.40717 3.3965 3.3909 3.38312 3.37478 3.3648 3.33091 3.34625 3.33697 3.33002 3.32309 3.30758 3.30695 3.29983 3.29274 3.28568 3.2377 3.26664 3.25846 3.25037 3.24234 3.23045 3.22839 3.22352 3.21867 3.21385 3.20902 3.20712 3.20507 3.20297 3.20086 3.19648 3.19338 3.18801 3.18291 3.17784 3.14229 3.16822 3.16318 3.15819 3.15151 3.13216 3.13974 3.13903 3.13429 3.10365 3.05207 3.08686 3.114 3.10613 3.08696 3.06565 3.07199 3.07728 3.07014 3.02208 2.97167 3.0066 3.04131 3.03484 3.01334 2.99197 2.99902 3.00227 2.99486 2.96415 2.91765 2.95502 2.96232 2.95511 2.94635 2.92509 2.93219 2.92536 2.91848 2.91102 2.87824 2.89602 2.88872 2.88201 2.87546 2.86552 2.86495 2.8614 2.85785 2.85433 2.85074 2.84846 2.84616 2.84387 2.84158 2.83321 2.83433 2.82921 2.82462 2.82015 2.78728 2.81124 2.80676 2.80222 2.79722 2.7591 2.78839 2.78349 2.77905 2.7654 2.70433 2.74961 2.76173 2.75731 2.73324 2.68849 2.71983 2.73987 2.73559 2.68678 2.62609 2.67195 2.71513 2.70684 2.66318 2.61724 2.6483 2.67496 2.66697 2.61334 2.55298 2.59929 2.63519 2.62752 2.58976 2.54388 2.57571 2.59688 2.58956 2.54519 2.4853 2.53205 2.55902 2.55186 2.52132 2.47537 2.50781 2.52207 2.51406 2.48251 2.42346 2.4707 2.48011 2.47204 2.45679 2.41098 2.44391 2.43935 2.43157 2.42374 2.36849 2.40756 2.39992 2.3924 2.38493 2.35114 2.36955 2.36223 2.35494 2.3477 2.31725 2.33261 2.32548 2.31839 2.31133 2.29549 2.29703 2.28998 2.28297 2.27599 2.26829 2.26851 2.26816 2.26782 2.26748 2.26714 2.26079 2.25373 2.2467 2.23969 2.22142 2.18172 2.10807 2.0359 1.98363 1.92164 1.92337 1.91138 1.89949 1.87936 1.8427 1.82619 1.81107 1.79592 1.78073 1.75228 1.73482 1.71741 1.70005 1.68275 1.64342 1.63996 1.63381 1.62766 1.62105 1.61042 1.58339 1.55754 1.53198 1.50672 1.48311 1.45903 1.4246 1.38894 1.35366 1.32062 1.23967 1.1606 1.13409 1.10841 1.08229 1.05616 1.02928 1.00242 0.975563 0.930944 0.918595 0.906254 0.893921 0.881596 0.869243 0.805169 0.741117 0.677085 0.606674 0.520602 0.512423 0.503949 0.495475 0.487002 0.476139 0.468859 0.461285 0.453711 0.446137 0.43766 0.431139 0.424342 0.417545 0.410747 0.403575 0.400578 0.397352 0.394115 0.390866 0.387063
0.199317 0.199317 0.199316 0.199315 0.199315 0.199314 0.198268 0.198174 0.19808 0.197986 0.198934 0.197787 0.19766 0.197534 0.197407 0.198436 0.197287 0.197207 0.197128 0.197049 0.198077 0.197015 0.19698 0.196946 0.196919 0.197951 0.197032 0.197069 0.197097 0.197125 0.198126 0.197353 0.197451 0.197549 0.197669 0.198669 0.198111 0.198373 0.198602 0.198831 0.199884 0.199643 0.200139 0.200634 0.201222 0.202531 0.202709 0.203401 0.204091 0.204158 0.204882 0.205741 0.206391 0.207011 0.207609 0.207916 0.209564 0.210788 0.212068 0.213339 0.214514 0.216764 0.218874 0.220968 0.222917 0.224811 0.226156 0.227368 0.228573 0.229772 0.230477 0.232974 0.235436 0.237415 0.239982 0.24186 0.241496 0.243125 0.246213 0.248643 0.253826 0.256553 0.260297 0.264214 0.26884 0.277761 0.279928 0.283699 0.287193 0.290703 0.294475 0.296364 0.298259 0.300159 0.302799 0.308477 0.314661 0.334508 0.354337 0.356853 0.370079 0.378173 0.38411 0.390387 0.41362 0.447212 0.43203 0.428927 0.429794 0.431563 0.445129 0.430782 0.430334 0.430317 0.430503 0.438486 0.429807 0.43118 0.433548 0.436154 0.44405 0.436518 0.440761 0.445095 0.448629 0.466202 0.444005 0.438413 0.434855 0.431295 0.436016 0.427056 0.42695 0.426658 0.425677 0.437387 0.421475 0.419042 0.414039 0.407256 0.406175 0.399189 0.395392 0.392645 0.390531 0.39134 0.386833 0.385775 0.384542 0.382862 0.382016 0.379867 0.378799 0.377724 0.376687 0.375932 0.37532 0.374704 0.374083 0.373457 0.373678 0.371454 0.369823 0.368146 0.366448 0.366605 0.364361 0.363524 0.362675 0.361917 0.362604 0.361864 0.361253 0.360354 0.359437 0.360061 0.358657 0.358215 0.357769 0.357447 0.357917 0.357822 0.357882 0.357942 0.357974 0.358005 0.357651 0.357411 0.357842 0.358277 0.360449 0.359703 0.360957 0.362214 0.363472 0.36639 0.366174 0.367534 0.368883 0.370221 0.37753 0.371074 0.37173 0.372368 0.372621 0.377406 0.372228 0.371726 0.372172 0.372591 0.384333 0.372212 0.375542 0.3791 0.382096 0.393138 0.383383 0.38164 0.385053 0.395295 0.413258 0.395968 0.386184 0.387174 0.397934 0.41395 0.399189 0.388381 0.392613 0.416919 0.445402 0.42172 0.399695 0.411005 0.432239 0.455848 0.437692 0.436106 0.45149 0.477846 0.529608 0.568465 0.625858 0.66156 0.683848 0.697737 0.713035 0.714164 0.715302 0.716449 0.717389 0.716879 0.716364 0.72487 0.734404 0.761525 0.742418 0.740434 0.739541 0.751615 0.78234 0.767938 0.771523 0.775163 0.778856 0.783628 0.78527 0.786012 0.786597 0.787204 0.790814 0.787835 0.788765 0.791953 0.795316 0.814864 0.799682 0.804134 0.805641 0.80543 0.826725 0.80803 0.809502 0.811019 0.816385 0.872816 0.89111 0.924279 0.929674 0.942128 0.95759 0.966696 0.978185 0.987123 1.00054 1.01949 1.00357 0.989156 1.00418 1.03211 1.0599 1.04045 1.02843 1.03564 1.05252 1.08793 1.06219 1.05415 1.05364 1.05662 1.06024 1.05961 1.05963 1.05965 1.05968 1.0597 1.05913 1.05861 1.05855 1.0626 1.07496 1.05699 1.05132 1.05304 1.05624 1.0644 1.04949 1.03999 1.0405 1.06164 1.0875 1.05656 1.03127 1.02952 1.04294 1.05959 1.03568 1.0156 1.01454 1.03506 1.05998 1.02613 1.00648 1.01258 1.02948 1.05802 1.02729 1.01675 1.0248 1.04299 1.07821 1.04322 1.04305 1.05489 1.05125 1.08943 1.06067 1.05379 1.05958 1.06708 1.08639 1.06966 1.07456 1.07801 1.07829 1.0938 1.0812 1.08123 1.08408 1.0888 1.09617 1.09604 1.10053 1.105 1.10946 1.11448 1.11582 1.11715 1.11849 1.11982 1.12604 1.13053 1.14222 1.14859 1.15193 1.17844 1.15014 1.15052 1.14772 1.13858 1.18864 1.12804 1.12664 1.1258 1.13982 1.21971 1.14322 1.10664 1.09994 1.14996 1.22853 1.15672 1.0846 1.09397 1.18737 1.28111 1.19958 1.11729 1.11478 1.19168 1.26913 1.20569 1.14213 1.16063 1.25155 1.3498 1.2715 1.21796 1.21526 1.24949 1.30916 1.27387 1.27203 1.29273 1.32548 1.40951 1.35305 1.34131 1.33197 1.32715 1.33983 1.35395 1.37256 1.39636 1.42001 1.45846 1.4421 1.42923 1.41661 1.40588 1.39299 1.41592 1.43811 1.46339 1.48853 1.51059 1.50159 1.47748 1.45376 1.43041 1.43565 1.45455 1.51168 1.51996 1.47919 1.46594 1.45943 1.46269 1.46599 1.46933 1.46977 1.478 1.48238 1.48673 1.49098 1.4916 1.49258 1.49232 1.49206 1.4918 1.49155 1.49017 1.49059 1.49107 1.4916 1.50305 1.48916 1.48837 1.48781 1.48691 1.52807 1.51301 1.54366 1.49193 1.46662 1.51019 1.48493 1.5168 1.51381 1.47554 1.54303 1.44772 1.44596 1.44215 1.43829 1.52333 1.44437 1.46981 1.46581 1.43199 1.58074 1.43133 1.42981 1.43377 1.44382 1.58886 1.48688 1.48198 1.47966 1.50373 1.6475 1.56769 1.56164 1.57326 1.59061 1.67665 1.66752 1.7246 1.78126 1.83751 1.90842 1.9021 1.9205 1.97663 1.98487 1.96893 1.96325 1.9632 1.96323 1.96336 1.92787 1.96745 1.98435 2.01725 2.04421 2.02596 2.02798 2.00879 1.98967 1.97154 1.95211 1.94937 1.94663 1.9439 1.94117 1.94306 1.93047 1.93897 1.9177 1.85681 1.79631 1.78924 1.77877 1.76865 1.74432 1.68265 1.73108 1.7811 1.80162 1.79403 1.78171 1.80727 1.81946 1.8241 1.83021 1.82968 1.83877 1.84331 1.84786 1.85243 1.85715 1.86041 1.86435 1.86931 1.87429 1.88324 1.87105 1.86248 1.86518 1.8692 1.86707 1.87242 1.87965 1.89031 1.91505 1.94707 1.92617 1.91171 1.91073 1.91768 1.93101 1.94202 1.95918 1.97685 1.99645 2.03083 2.01937 2.02444 2.03026 2.0361 2.0424 2.0425 2.04261 2.04271 2.04281 2.04371 2.07951 2.10321 2.11672 2.11728 2.1823 2.12593 2.17991 2.19161 2.22719 2.32419 2.26778 2.32364 2.37954 2.40042 2.44838 2.4424 2.45333 2.46435 2.47547 2.50036 2.51466 2.52902 2.54343 2.55789 2.56806 2.60967 2.65186 2.64874 2.64561 2.71833 2.71817 2.73183 2.74938 2.76485 2.75326 2.8966 2.92484 2.95164 2.97881 3.02801 3.08742 3.12198 3.16045 3.20102 3.22937 3.25785 3.2583 3.25879 3.25934 3.25994 3.27067 3.28191 3.29364 3.30404 3.3738 3.41477 3.45724 3.52849 3.73034 3.93446 3.80174 3.68196 3.69146 3.6313 3.55212 3.80611 3.96852 3.97959 3.76513 3.24806 4.01137 4.20609 4.20738 4.20178 3.8063 4.33164 4.32227 4.31821 4.31433 3.92942 4.36332 4.34751 4.3317 4.31586 4.30264 4.32879 4.35361 4.37848 4.40339 4.35906 4.60948 4.7868 4.96597 5.14706 4.74943 5.59135 5.64877 5.70746 5.76731 5.09924 5.97766 6.03266 6.08539 6.13955 5.39049 6.31648 6.35944 6.41312 6.47825 5.64481 6.63702 6.69823 6.76203 6.82124 5.82337 6.9469 7.01543 6.83105 6.63051 6.03827 6.3534 6.28532 6.21758 6.15017 6.0888 6.21433 6.34072 6.46799 6.59317 6.16598 6.89378 7.07869 7.26695 7.11215 6.01973 7.05693 7.53085 7.58512 7.11483 6.21368 7.05992 7.77102 7.84148 6.90454 5.88783 6.89208 7.26591 7.12825 6.99084 6.18034 6.70622 6.59334 6.48119 6.37305 6.16415 6.2471 6.23165 6.21631 6.20109 6.18581 6.23113 6.27666 6.32242 6.37094 6.14246 6.46101 6.508 6.51397 6.44856 6.14806 6.32839 6.27709 6.22632 6.17605 6.13633 6.13236 6.12847 6.12465 6.12091 6.09741 6.10272 6.08618 6.06485 6.04475 5.75622 5.99879 6.01914 6.00747 5.92808 5.78119 5.88887 5.99589 5.92987 5.61417 5.32198 5.59167 5.86064 5.81424 5.66604 5.49523 5.59919 5.59351 5.54264 5.49106 5.27301 5.3997 5.36401 5.32865 5.29447 5.26542 5.26791 5.27045 5.27304 5.27567 5.23766 5.28648 5.29437 5.30047 5.30503 5.19127 5.28955 5.33202 5.34144 5.21902 5.04765 5.18664 5.32441 5.29953 5.18132 5.05434 5.14432 5.19236 5.16967 5.086 4.92673 5.06649 5.03773 5.00798 4.97875 4.914 4.936 4.92549 4.91505 4.90468 4.89451 4.8938 4.8932 4.89271 4.87627 4.84629 4.85006 4.84303 4.83581 4.82851 4.82162 4.80758 4.79372 4.78007 4.76661 4.67386 4.73945 4.72208 4.70507 4.68295 4.56219 4.62958 4.65233 4.63788 4.49348 4.3019 4.43861 4.53838 4.49963 4.41992 4.30259 4.37102 4.3472 4.31398 4.2812 4.16163 4.21803 4.19143 4.16514 4.13915 4.11251 4.11069 4.10875 4.10646 4.10416 4.09963 4.09634 4.09183 4.08574 4.07925 4.07295 4.06156 4.05024 4.039 4.02785 3.98026 4.00101 3.98332 3.96172 3.93901 3.91185 3.89778 3.88087 3.85945 3.79206 3.70348 3.74174 3.7793 3.7638 3.73717 3.71033 3.70011 3.68402 3.66511 3.6461 3.58991 3.61403 3.60206 3.59019 3.57841 3.5671 3.56334 3.5596 3.55588 3.55218 3.52977 3.53798 3.52721 3.51607 3.50498 3.49183 3.48464 3.47494 3.46387 3.44091 3.37674 3.42781 3.42549 3.41586 3.40598 3.39379 3.38819 3.37876 3.37038 3.36216 3.31138 3.34599 3.33814 3.32847 3.31316 3.29726 3.2931 3.28803 3.28271 3.27741 3.27212 3.26774 3.26338 3.25906 3.25476 3.24815 3.24388 3.23633 3.2289 3.22155 3.19559 3.20779 3.2006 3.19347 3.18645 3.17695 3.17357 3.1667 3.16004 3.15367 3.12782 3.14201 3.13588 3.12984 3.12367 3.11381 3.11267 3.10692 3.10145 3.09606 3.06424 3.08651 3.08141 3.07282 3.06137 3.04732 3.04446 3.03783 3.03106 3.02434 3.01746 3.0152 3.01294 3.01068 3.00843 3.00009 3.00046 2.99455 2.98868 2.98291 2.94141 2.97235 2.96668 2.96089 2.94946 2.91155 2.93351 2.93704 2.93001 2.89947 2.84285 2.88231 2.90471 2.89817 2.86871 2.83064 2.8543 2.87552 2.86925 2.81314 2.75638 2.79704 2.83757 2.82926 2.78817 2.74741 2.7701 2.78317 2.77126 2.73296 2.67626 2.71818 2.7255 2.71454 2.69858 2.65776 2.68181 2.67199 2.66166 2.65082 2.60372 2.63009 2.61985 2.61018 2.60061 2.57749 2.58174 2.57262 2.56359 2.55466 2.53992 2.54176 2.53838 2.53533 2.5323 2.52917 2.52476 2.52037 2.51601 2.51167 2.49118 2.50251 2.4911 2.47972 2.46836 2.45763 2.45509 2.45258 2.45011 2.44766 2.4309 2.43946 2.434 2.42872 2.42361 2.36199 2.41411 2.40529 2.39651 2.38785 2.30897 2.37136 2.36313 2.35465 2.33567 2.23852 2.31238 2.32206 2.31374 2.28142 2.19521 2.25937 2.28328 2.27578 2.22312 2.12779 2.20223 2.24607 2.23953 2.17897 2.09347 2.15896 2.18881 2.17146 2.12899 2.03635 2.11218 2.10067 2.08351 2.06639 2.00211 2.03143 2.01451 1.99757 1.98028 1.95935 1.96169 1.96038 1.95908 1.95777 1.95647 1.9548 1.95323 1.95209 1.95107 1.90561 1.94957 1.9488 1.94798 1.94618 1.87467 1.93027 1.94608 1.94586 1.89455 1.8019 1.87524 1.94747 1.94059 1.8692 1.79746 1.85416 1.91103 1.90013 1.81118 1.72215 1.79812 1.85429 1.8374 1.78825 1.71473 1.77056 1.77073 1.75419 1.73768 1.6603 1.70473 1.68841 1.67214 1.65642 1.63343 1.63783 1.6351 1.63237 1.62964 1.62693 1.62639 1.62557 1.6247 1.62388 1.59913 1.62312 1.62248 1.62192 1.61911 1.53364 1.60052 1.62297 1.62281 1.59019 1.53607 1.57893 1.60693 1.60028 1.54242 1.46039 1.53264 1.5775 1.57126 1.53358 1.47771 1.5228 1.54765 1.53509 1.49083 1.40815 1.48103 1.47516 1.45998 1.44532 1.39929 1.41689 1.40319 1.38906 1.37498 1.36143 1.36132 1.36122 1.36111 1.36101 1.36013 1.35893 1.35695 1.35502 1.35352 1.31126 1.35142 1.34998 1.3482 1.34178 1.30984 1.333 1.34037 1.33507 1.30287 1.23577 1.2942 1.32568 1.33442 1.33258 1.31754 1.31362 1.32405 1.33471 1.34587 1.33618 1.34795 1.35228 1.35682 1.36157 1.36616 1.3655 1.36485 1.36419 1.36353 1.36486 1.3586 1.35692 1.35526 1.35362 1.35134 1.33926 1.32834 1.32089 1.33575 1.35352 1.33064 1.31446 1.2814 1.24868 1.2227 1.19857 1.1751 1.16117 1.15163 1.14656 1.06845 0.998247 0.955119 0.915036 0.844054 0.871216 0.846323 0.829768 0.815192 0.711718 0.664278 0.600807 0.538464 0.504541 0.464166 0.472331 0.463753 0.455176 0.448481 0.427036 0.432566 0.42492 0.417275 0.411108 0.393817 0.397899 0.391045 0.384191 0.378583 0.36397 0.368822 0.365557 0.362281 0.359569 0.349641
0.204513 0.204513 0.204514 0.204514 0.204515 0.204515 0.204656 0.204629 0.204601 0.204573 0.204298 0.204511 0.204476 0.20444 0.204404 0.204048 0.204374 0.204369 0.204364 0.204359 0.203943 0.204409 0.20445 0.204492 0.204533 0.204058 0.204678 0.204781 0.204884 0.204986 0.204461 0.205277 0.205456 0.205635 0.205813 0.205238 0.206321 0.206625 0.206903 0.207181 0.206807 0.20808 0.208654 0.209223 0.209789 0.20982 0.211473 0.212284 0.213088 0.214214 0.215829 0.217773 0.218665 0.219346 0.219978 0.219539 0.22219 0.223504 0.224792 0.226055 0.226581 0.229343 0.231168 0.233854 0.237103 0.239893 0.240045 0.240174 0.240303 0.240431 0.240554 0.243513 0.24642 0.251528 0.258344 0.262539 0.265994 0.27237 0.275005 0.276813 0.282377 0.287452 0.291268 0.294716 0.298188 0.301645 0.302936 0.304184 0.305392 0.306548 0.307499 0.313642 0.323863 0.334277 0.344902 0.355054 0.363203 0.403987 0.408368 0.40807 0.443647 0.437592 0.440941 0.445226 0.450448 0.474577 0.454284 0.457656 0.461513 0.465921 0.480513 0.469052 0.477671 0.486611 0.49409 0.510742 0.491316 0.487756 0.485358 0.483008 0.489333 0.479945 0.479962 0.480042 0.476811 0.485494 0.469136 0.461519 0.453296 0.445023 0.443953 0.437703 0.433854 0.429962 0.425451 0.425925 0.422479 0.421397 0.42103 0.420896 0.421338 0.422148 0.421797 0.420786 0.420886 0.425055 0.413568 0.410374 0.409291 0.409574 0.413401 0.405175 0.402158 0.402554 0.40715 0.423694 0.408572 0.402521 0.404059 0.408463 0.416537 0.413089 0.413884 0.416463 0.428574 0.450407 0.438315 0.442072 0.453511 0.461874 0.471488 0.472617 0.473939 0.475339 0.47674 0.478101 0.481873 0.48625 0.490925 0.497439 0.513124 0.514736 0.517885 0.529143 0.552767 0.576021 0.565804 0.556598 0.563278 0.572397 0.582578 0.587549 0.594351 0.602451 0.611352 0.630861 0.632152 0.638815 0.645478 0.652142 0.658721 0.660818 0.662903 0.664975 0.667035 0.682231 0.677703 0.690438 0.704868 0.724264 0.754865 0.74829 0.764264 0.792149 0.856627 0.9442 0.891546 0.83888 0.862605 0.894585 0.927062 0.890087 0.853693 0.878347 1.01998 1.16237 0.984785 0.834514 0.845445 0.922996 1.00913 0.933261 0.880443 0.895382 1.04491 1.2503 1.03172 0.944236 0.962282 1.0112 1.12418 1.02498 1.02211 1.05169 1.09349 1.35858 1.11864 1.14471 1.17071 1.211 1.34403 1.27911 1.3366 1.37059 1.40428 1.57116 1.50425 1.55065 1.59797 1.64622 1.72927 1.71789 1.7254 1.7328 1.74011 1.74849 1.77097 1.7837 1.78299 1.78196 1.78097 1.78083 1.78055 1.78015 1.77961 1.80522 1.76204 1.73956 1.71627 1.69219 1.74913 1.69708 1.68898 1.6812 1.67375 1.80787 1.69765 1.69285 1.68817 1.69547 1.73728 1.76869 1.79013 1.79915 1.80614 1.81773 1.76704 1.80743 1.84779 1.88809 1.91059 1.90981 1.90901 1.90819 1.9083 1.91581 1.92611 1.94067 1.95428 1.99227 2.05662 2.04725 2.02001 2.00981 2.00529 2.00467 1.98888 1.98358 2.01574 2.04801 2.08012 2.04537 2.00175 1.95894 1.94115 2.00144 1.86122 1.83476 1.8105 1.81866 1.86797 1.80393 1.74711 1.74233 1.81328 1.88391 1.80652 1.72871 1.73475 1.79186 1.84989 1.79943 1.786 1.7814 1.78643 1.85374 1.79307 1.78738 1.77671 1.76638 1.77068 1.75795 1.75521 1.75252 1.74989 1.7465 1.74053 1.73484 1.73983 1.74594 1.75376 1.7522 1.75236 1.75252 1.75269 1.75283 1.75285 1.75343 1.75467 1.75646 1.76873 1.76351 1.76718 1.77147 1.76529 1.76976 1.74548 1.73163 1.73132 1.73145 1.74191 1.731 1.7231 1.71577 1.709 1.69638 1.69285 1.68936 1.6859 1.68248 1.66913 1.66084 1.66381 1.66854 1.67127 1.67371 1.67625 1.6789 1.68165 1.68325 1.69073 1.6972 1.70425 1.71189 1.70837 1.70964 1.71092 1.71219 1.71347 1.71689 1.71309 1.71994 1.72685 1.73381 1.73972 1.74888 1.75705 1.76526 1.7735 1.78756 1.78351 1.79779 1.80762 1.81545 1.81552 1.82606 1.83029 1.83451 1.83873 1.84302 1.84337 1.84366 1.8439 1.84409 1.86288 1.84134 1.84429 1.84718 1.84999 1.89202 1.84574 1.85563 1.86566 1.87583 1.9396 1.8846 1.89331 1.90208 1.91093 1.93717 1.9237 1.92812 1.93259 1.9371 1.94125 1.93925 1.93636 1.93286 1.92932 1.93794 1.91754 1.90754 1.8964 1.88512 1.87172 1.86464 1.85014 1.83577 1.82726 1.88972 1.81143 1.80299 1.7892 1.76945 1.73153 1.75431 1.74683 1.74033 1.76569 1.83316 1.76962 1.72842 1.73599 1.7225 1.6833 1.75616 1.778 1.78602 1.794 1.82344 1.81271 1.819 1.82614 1.83452 1.82205 1.84428 1.84632 1.84834 1.85034 1.85223 1.84776 1.84354 1.83944 1.83531 1.8657 1.82497 1.81881 1.81055 1.80193 1.82602 1.79062 1.77953 1.76851 1.77081 1.85729 1.76539 1.76116 1.75412 1.74728 1.75835 1.74607 1.73569 1.72668 1.72723 1.73308 1.72874 1.72886 1.72898 1.72909 1.72921 1.72247 1.71559 1.70127 1.68452 1.65497 1.66548 1.64692 1.64474 1.64408 1.66548 1.64725 1.63944 1.64144 1.63631 1.58966 1.65013 1.64833 1.64831 1.64845 1.64156 1.6472 1.64652 1.64586 1.64522 1.64461 1.63799 1.62753 1.61709 1.60678 1.61158 1.58709 1.57058 1.55423 1.54745 1.61294 1.55262 1.51785 1.50679 1.50329 1.5159 1.50613 1.48457 1.46909 1.46678 1.47681 1.46709 1.46593 1.46476 1.46359 1.46243 1.45956 1.44758 1.43429 1.42097 1.32829 1.39811 1.38811 1.39488 1.38752 1.36735 1.37531 1.375 1.36921 1.35803 1.32624 1.34598 1.33927 1.33259 1.32596 1.32405 1.32363 1.3232 1.32278 1.32236 1.3236 1.32486 1.32075 1.3175 1.3163 1.31521 1.29981 1.27077 1.24186 1.22161 1.21128 1.17416 1.13736 1.13233 1.17227 1.2072 1.17117 1.14301 1.14627 1.15703 1.17392 1.16849 1.1726 1.17592 1.17918 1.18241 1.18126 1.18011 1.17896 1.1778 1.18003 1.17886 1.17769 1.17649 1.17543 1.17904 1.17954 1.17803 1.1765 1.1748 1.17316 1.17242 1.17165 1.17086 1.17004 1.17755 1.16388 1.16009 1.15617 1.1523 1.1624 1.14553 1.14573 1.14617 1.15068 1.15734 1.15733 1.15732 1.15731 1.1573 1.15737 1.14135 1.12556 1.11686 1.11063 1.11403 1.09969 1.08939 1.0808 1.07691 1.07376 1.06558 1.05971 1.05508 1.05043 1.05286 1.04177 1.03853 1.03529 1.03303 1.03105 1.0301 1.02914 1.02844 1.02793 1.02729 1.02729 1.02714 1.02699 1.02679 1.02657 1.02422 1.0218 1.01931 1.01676 1.02829 1.00969 1.00653 1.00413 1.00493 1.02932 1.00603 1.0018 1.01177 1.0194 1.04811 1.04541 1.0439 1.04308 1.04223 1.04137 1.03892 1.04022 1.04653 1.05298 1.08355 1.00921 1.00554 1.00197 0.998503 0.996982 0.994914 0.994908 0.994902 0.994896 0.99489 0.99267 0.990568 0.982691 0.973694 0.983708 0.967425 0.96157 0.960544 0.959635 0.957333 0.955552 0.953772 0.951993 0.950215 0.954921 0.939705 0.931674 0.92359 0.915873 0.910622 0.901657 0.893358 0.886736 0.904041 0.923265 0.901859 0.880429 0.876845 0.8772 0.877856 0.871217 0.866552 0.863167 0.866439 0.877744 0.872634 0.877357 0.882089 0.886805 0.887676 0.88258 0.877556 0.872607 0.867732 0.890446 0.865193 0.859347 0.856812 0.872347 0.898244 0.883095 0.876336 0.879423 0.90341 0.948441 0.909977 0.914294 0.923732 0.933102 0.949409 0.948021 0.949766 0.951512 0.953258 0.954977 0.951026 0.947021 0.942964 0.940516 0.987186 0.945126 0.953664 0.961842 0.970076 1.0269 1.03424 1.04097 1.04784 1.05485 1.05706 1.06435 1.06346 1.06258 1.06173 1.05734 1.05795 1.05887 1.05979 1.06071 1.06166 1.06415 1.06666 1.06919 1.07174 1.07834 1.07477 1.0785 1.08231 1.08207 1.12062 1.07482 1.0738 1.07589 1.0804 1.10966 1.07952 1.08411 1.08231 1.08066 1.16235 1.09024 1.11415 1.13803 1.16189 1.18482 1.18134 1.17592 1.1705 1.16506 1.18525 1.16473 1.16354 1.1622 1.17216 1.28255 1.30947 1.34643 1.39607 1.47793 1.59622 1.52741 1.45882 1.46997 1.49686 1.52455 1.5587 1.58715 1.59247 1.65564 1.75562 1.70212 1.7389 1.75544 1.7624 1.77267 1.78212 1.78171 1.78133 1.78097 1.78064 1.78571 1.79634 1.82727 1.85835 1.86696 1.88486 1.91655 1.94851 2.01877 2.19257 2.08771 2.02409 2.06816 2.10496 2.12916 2.17368 2.22093 2.25818 2.292 2.3947 2.35607 2.37706 2.39919 2.42248 2.45208 2.45774 2.46344 2.46915 2.47489 2.46973 2.49467 2.49106 2.48397 2.48403 2.55212 2.52882 2.54465 2.56208 2.58778 2.59847 2.64961 2.68206 2.71488 2.74491 2.80589 2.81467 2.85439 2.8988 2.9446 2.9725 3.00989 3.02296 3.03625 3.04975 3.06271 3.0701 3.07783 3.0859 3.09493 3.11622 3.15732 3.19379 3.23052 3.27975 3.46995 3.40105 3.39736 3.4313 3.46503 3.50017 3.55193 3.58729 3.61767 3.65871 3.74924 3.71461 3.72979 3.74503 3.76034 3.77524 3.79371 3.81233 3.82737 3.84045 3.84115 3.87484 3.87564 3.87117 3.86717 3.85491 3.86121 3.86103 3.86086 3.86068 3.86052 3.87914 3.89846 3.91397 3.92548 3.80983 3.92551 3.97967 3.93441 3.89259 3.76634 3.8441 3.81762 3.79208 3.76748 3.73677 3.73565 3.73453 3.73341 3.7323 3.7325 3.72336 3.72063 3.71914 3.71652 3.71418 3.70571 3.6974 3.68924 3.67542 3.64042 3.65387 3.63378 3.60858 3.5904 3.57576 3.54987 3.52391 3.50751 3.47766 3.42881 3.45336 3.45026 3.43996 3.42993 3.42094 3.41639 3.41197 3.40767 3.39618 3.35818 3.38847 3.37885 3.36711 3.3758 3.39252 3.37342 3.36172 3.3581 3.32846 3.26724 3.31626 3.31114 3.29673 3.2827 3.26944 3.26853 3.26776 3.26701 3.2647 3.25201 3.26206 3.25736 3.25243 3.26226 3.2913 3.27186 3.26696 3.26743 3.24991 3.209 3.25448 3.26436 3.24951 3.23644 3.23251 3.22154 3.2164 3.21131 3.20629 3.20096 3.19804 3.19515 3.19229 3.18944 3.20452 3.18267 3.17806 3.1741 3.16167 3.13866 3.14733 3.15588 3.15412 3.16129 3.1693 3.13957 3.11394 3.10231 3.08432 3.05804 3.07452 3.0637 3.05257 3.04155 3.03601 3.02688 3.0219 3.01694 3.01201 3.00688 3.00393 3.00097 2.99531 2.98732 2.97988 2.97853 2.977 2.97535 2.97371 2.9706 2.9573 2.94342 2.92962 2.91589 2.8852 2.88639 2.87285 2.85898 2.83369 2.7947 2.79773 2.7986 2.7833 2.74623 2.70987 2.7129 2.71487 2.69416 2.65889 2.62041 2.62483 2.61098 2.58965 2.56811 2.53661 2.53598 2.52427 2.51261 2.50101 2.49045 2.48305 2.47641 2.46981 2.46323 2.44876 2.44144 2.42621 2.40995 2.39246 2.36983 2.35985 2.34577 2.32867 2.30565 2.27213 2.2754 2.26457 2.24818 2.23084 2.20981 2.20154 2.18629 2.16713 2.14821 2.11992 2.12098 2.11164 2.10237 2.09316 2.08427 2.07857 2.07289 2.06733 2.06211 2.04987 2.04564 2.03447 2.02335 2.01029 1.99088 1.98574 1.97485 1.96324 1.94891 1.92262 1.92683 1.9185 1.90734 1.89534 1.87869 1.87493 1.86565 1.85203 1.83863 1.81404 1.81571 1.80554 1.79552 1.78565 1.77551 1.77403 1.77255 1.77108 1.76961 1.77157 1.76059 1.75337 1.74643 1.73963 1.73689 1.72584 1.71852 1.71214 1.71633 1.7295 1.70855 1.68681 1.68129 1.67903 1.67699 1.66846 1.66038 1.65657 1.66504 1.67381 1.6566 1.64592 1.64215 1.63885 1.63893 1.63337 1.62926 1.62553 1.62276 1.62516 1.61897 1.61715 1.61497 1.61233 1.60953 1.60875 1.60799 1.60723 1.60647 1.61733 1.60204 1.59862 1.59532 1.59276 1.62072 1.58661 1.58404 1.58119 1.58173 1.68333 1.59355 1.59268 1.60558 1.61519 1.66316 1.63577 1.64286 1.65386 1.6648 1.72382 1.68588 1.69691 1.70662 1.7114 1.72616 1.72154 1.72465 1.72775 1.73288 1.73936 1.73988 1.7404 1.74093 1.74145 1.75341 1.74344 1.74525 1.74215 1.73804 1.81258 1.73361 1.73048 1.72734 1.7283 1.82147 1.72892 1.72886 1.72548 1.72289 1.91337 1.74586 1.71985 1.71723 1.75591 1.89063 1.78194 1.76459 1.77926 1.82168 2.00466 1.84329 1.84151 1.85527 1.86679 1.99762 1.89684 1.90749 1.91965 1.93192 2.08531 1.95967 1.97138 1.9819 1.99111 2.08824 2.01501 2.02381 2.03286 2.04313 2.1567 2.06607 2.07604 2.0838 2.0914 2.16587 2.1106 2.11804 2.12531 2.13357 2.22221 2.15294 2.16067 2.1674 2.17399 2.23541 2.19019 2.19671 2.20309 2.20953 2.28514 2.22618 2.23211 2.23784 2.24345 2.29948 2.25703 2.2623 2.26744 2.27246 2.34396 2.28567 2.29046 2.29512 2.30045 2.35658 2.32187 2.33118 2.34035 2.34939 2.39016 2.37061 2.37955 2.38835 2.39702 2.40883 2.40714 2.40854 2.40994 2.41134 2.41275 2.41742 2.42203 2.42659 2.43109 2.43731 2.44414 2.4495 2.45479 2.46 2.46824 2.47102 2.47622 2.48134 2.48639 2.48982 2.49869 2.50365 2.50854 2.51335 2.52209 2.52388 2.52868 2.53341 2.53806 2.53414 2.54901 2.55358 2.55806 2.56247 2.56933 2.57224 2.5766 2.58089 2.58519 2.57086 2.59463 2.59893 2.60299 2.60694 2.60983 2.6154 2.61945 2.62332 2.62396 2.60059 2.63102 2.63919 2.64285 2.64538 2.64356 2.65241 2.65719 2.66067 2.6552 2.62404 2.66131 2.67486 2.67812 2.67801 2.67072 2.6838 2.69048 2.69371 2.68163 2.64207 2.6869 2.7062 2.70921 2.70531 2.69082 2.7081 2.71719 2.72054 2.69053 2.61354 2.6122 2.572 2.50716 2.45675 2.39546 2.45011 2.44115 2.39326 2.34351 2.24167 2.19111 2.09397 1.97303 1.85173 1.70009 1.76239 1.73989 1.71203 1.68412 1.54212 1.63129 1.61077 1.59065 1.57345 1.48037 1.40019 1.2503 1.20749 1.17725 0.941166 1.07528 1.00916 0.979207 0.953436 0.818368 0.776825 0.724343 0.67188 0.624808 0.592403 0.572343 0.55229 0.532243 0.513666 0.496146 0.516868 0.512503 0.508111 0.48862 0.449636 0.470475 0.475455 0.466841 0.447507 0.413339 0.432049 0.436561 0.429487 0.412473 0.382689 0.399052 0.404525 0.400787 0.388851 0.366834
0.212068 0.212069 0.212069 0.21207 0.21207 0.21207 0.212238 0.212242 0.212262 0.212281 0.212142 0.212314 0.212356 0.212399 0.212424 0.212325 0.212501 0.212552 0.212617 0.212682 0.212623 0.21282 0.212916 0.213012 0.213097 0.213085 0.21332 0.213466 0.213628 0.21379 0.213856 0.214141 0.214362 0.214584 0.214806 0.214982 0.215397 0.215744 0.216091 0.216438 0.216746 0.217391 0.217945 0.218499 0.219053 0.219641 0.220664 0.221429 0.222194 0.222958 0.223991 0.224429 0.224971 0.225567 0.226172 0.226814 0.227884 0.228746 0.229576 0.230454 0.231393 0.232745 0.233982 0.235169 0.236351 0.237704 0.239561 0.241227 0.242878 0.244514 0.244989 0.24542 0.245836 0.246246 0.246996 0.248236 0.252232 0.255456 0.261768 0.269675 0.272457 0.274222 0.277259 0.280291 0.284014 0.291269 0.294158 0.297548 0.300938 0.304887 0.309019 0.3109 0.312787 0.31468 0.317113 0.321153 0.333417 0.350816 0.368225 0.370503 0.37721 0.384625 0.38958 0.394851 0.408481 0.434099 0.422271 0.422058 0.424593 0.427547 0.441341 0.434379 0.437896 0.441821 0.445594 0.456131 0.453453 0.46004 0.466483 0.471531 0.488221 0.474534 0.475243 0.473511 0.471842 0.48884 0.470633 0.471808 0.475032 0.47915 0.495828 0.482524 0.48211 0.482052 0.48196 0.486587 0.483024 0.48433 0.485644 0.486964 0.488366 0.487229 0.486123 0.484161 0.480224 0.483264 0.47203 0.465619 0.459075 0.452398 0.459438 0.45271 0.45195 0.451074 0.450198 0.465582 0.457788 0.460961 0.464431 0.4678 0.479073 0.476406 0.481802 0.486838 0.491494 0.498506 0.497823 0.500576 0.504545 0.508576 0.509873 0.515441 0.520617 0.525385 0.529729 0.540755 0.546827 0.553907 0.560945 0.572411 0.583673 0.601988 0.625245 0.641594 0.657362 0.670186 0.669932 0.669618 0.669958 0.672872 0.675562 0.682793 0.691041 0.699991 0.70224 0.705777 0.708786 0.714519 0.720231 0.730201 0.744156 0.749513 0.754611 0.761581 0.769845 0.779123 0.805403 0.791029 0.777182 0.764042 0.754466 0.753394 0.75354 0.753809 0.754228 0.756427 0.75342 0.750738 0.743709 0.734882 0.727287 0.751939 0.773473 0.774586 0.763299 0.749008 0.780864 0.793352 0.797996 0.803594 0.80437 0.828723 0.837648 0.84655 0.855558 0.864715 0.865749 0.866782 0.867263 0.86767 0.868079 0.875011 0.882183 0.889594 0.897241 0.909326 0.916388 0.947862 0.980271 1.00141 1.06651 1.02738 1.03049 1.05504 1.09305 1.1426 1.11905 1.1043 1.1272 1.22062 1.31313 1.29083 1.30211 1.33465 1.36517 1.43292 1.45924 1.4954 1.53184 1.56515 1.59038 1.62874 1.61795 1.60316 1.58832 1.57036 1.56973 1.5691 1.56848 1.56785 1.56867 1.54883 1.54974 1.55087 1.55221 1.55368 1.54863 1.54352 1.53835 1.53311 1.55823 1.51421 1.50137 1.47509 1.45178 1.56639 1.46573 1.41104 1.39673 1.43781 1.50247 1.47033 1.46688 1.478 1.44115 1.4635 1.50892 1.53133 1.55352 1.5786 1.53665 1.63149 1.68549 1.73888 1.75867 1.73129 1.83225 1.81172 1.78349 1.75739 1.75223 1.7572 1.76197 1.76655 1.76383 1.74906 1.76849 1.77592 1.75176 1.72014 1.70053 1.68922 1.68695 1.68371 1.68108 1.68067 1.62675 1.60655 1.60822 1.6194 1.65139 1.63314 1.6248 1.61676 1.60898 1.60205 1.61171 1.61116 1.60898 1.60682 1.60217 1.60339 1.60469 1.6065 1.60832 1.61021 1.61268 1.61598 1.62033 1.62695 1.63892 1.59188 1.56279 1.58317 1.60076 1.65861 1.65574 1.65151 1.78154 1.81356 1.86717 1.84906 1.84692 1.85064 1.74971 1.91986 1.80173 1.78503 1.80638 1.83294 1.9012 1.90074 1.90126 1.90275 1.93892 2.07754 1.86411 2.09037 2.35952 2.43427 2.63187 2.29134 2.22321 1.95923 1.84377 2.1015 1.79916 1.66947 1.58055 1.55962 1.76628 1.6163 1.61332 1.60384 1.57657 1.63313 1.62046 1.61617 1.65383 1.69188 1.72501 1.77954 1.8322 1.88234 1.92899 2.05723 1.842 1.91561 2.02161 2.11065 2.17797 2.04178 2.04534 2.06224 2.08425 2.10128 2.17131 2.20555 2.1824 2.15931 2.13629 2.25778 2.38253 2.44397 2.45296 2.33191 2.49811 2.56963 2.56465 2.49107 2.30437 2.53817 2.66634 2.66713 2.58498 2.46226 2.50101 2.52891 2.48849 2.39723 2.26549 2.21128 2.16279 2.12261 2.1326 2.19435 2.05949 1.99833 1.94262 1.93986 1.95755 1.94998 1.95195 1.95391 1.95589 1.95788 1.95007 1.92923 1.83553 1.74401 1.72959 1.61071 1.40203 1.35843 1.33681 1.21747 1.32067 1.32088 1.31611 1.25081 1.15414 1.15898 1.16376 1.16017 1.14448 1.1289 1.15423 1.16962 1.16999 1.17037 1.17074 1.3054 1.43949 1.4775 1.46348 1.32802 1.53228 1.65568 1.68762 1.58181 1.40176 1.6446 1.85896 1.89213 1.74183 1.54993 1.81303 1.98458 1.93467 1.73032 1.43429 1.43657 1.40428 1.37175 1.30888 1.21297 1.31648 1.31805 1.31949 1.3208 1.26254 1.32981 1.33012 1.33111 1.33209 1.31112 1.3376 1.34054 1.3435 1.34648 1.34956 1.35533 1.35987 1.36009 1.36026 1.37414 1.36536 1.37035 1.38386 1.39745 1.42954 1.41696 1.42787 1.48368 1.63097 1.73985 1.68167 1.71419 1.68593 1.55338 1.53375 1.45959 1.42088 1.38632 1.39923 1.47537 1.40369 1.37614 1.37062 1.38726 1.43371 1.38631 1.3609 1.35619 1.38181 1.43808 1.37879 1.34967 1.3506 1.3696 1.41056 1.36978 1.35384 1.35879 1.38725 1.44879 1.38967 1.37092 1.37553 1.39103 1.43211 1.45626 1.45772 1.4428 1.5618 1.74094 1.60363 1.50972 1.51542 1.54042 1.59276 1.57895 1.57738 1.59218 1.63511 1.70678 1.67096 1.65736 1.6673 1.69735 1.7424 1.73426 1.7493 1.76148 1.77394 1.81155 1.80139 1.80481 1.80826 1.81176 1.81519 1.83519 1.85534 1.87564 1.89609 1.86523 1.95109 1.99867 2.03178 2.06324 1.76312 2.00128 2.13294 2.17001 1.99841 1.73494 1.94023 2.17733 2.21801 2.08365 1.95132 2.10492 2.15701 2.13577 2.10661 2.0213 2.07636 2.06238 2.04211 2.02202 1.99642 2.00128 2.00052 1.99975 1.99898 1.99822 1.99875 1.99971 2.0011 2.00922 1.93194 2.01753 2.02959 2.01664 1.99414 1.96457 1.95415 1.91707 1.93997 1.84769 1.56337 1.75199 1.91835 1.90388 1.6413 1.37223 1.58356 1.73212 1.69496 1.58499 1.37049 1.54555 1.52803 1.50555 1.48588 1.40757 1.44545 1.44047 1.43552 1.43062 1.4256 1.43159 1.43552 1.43949 1.44351 1.4236 1.46328 1.47306 1.49317 1.51298 1.4403 1.5115 1.56125 1.58393 1.56715 1.54287 1.57263 1.60118 1.61882 1.5789 1.53874 1.58075 1.6179 1.63344 1.6512 1.67107 1.65494 1.66803 1.68768 1.70268 1.70112 1.71355 1.73495 1.75868 1.78254 1.81817 1.8097 1.81774 1.82577 1.83381 1.84198 1.87081 1.89966 1.92851 1.95318 1.91107 1.94785 1.95208 1.9569 1.96172 1.96602 1.97562 1.98525 1.99492 2.00463 2.01537 2.03732 2.0571 2.07701 2.09044 2.1011 2.13508 2.15287 2.17609 2.1971 2.21591 2.24558 2.27512 2.29906 2.31067 2.32337 2.36279 2.4019 2.44092 2.4698 2.49983 2.52237 2.54978 2.5896 2.63466 2.66365 2.70058 2.75174 2.79652 2.8361 2.87714 2.87816 2.88079 2.88341 2.88604 2.88866 2.89246 2.89652 2.9067 2.92051 2.99616 2.94984 2.96215 2.97185 3.06069 3.24908 3.14181 3.03574 3.05572 3.15422 3.25389 3.20908 3.16606 3.21902 3.36366 3.53331 3.40834 3.41659 3.46887 3.52036 3.61284 3.60054 3.6332 3.66565 3.69807 3.73007 3.73306 3.73606 3.73909 3.74213 3.75386 3.74853 3.75358 3.75896 3.77317 3.84309 3.79743 3.81019 3.82296 3.83594 3.85433 3.85166 3.8543 3.85695 3.85962 3.86217 3.87831 3.89486 3.91226 3.9298 3.92773 3.97034 3.99234 4.01461 4.03682 4.11516 4.07668 4.08519 4.09565 4.10645 4.10322 4.1215 4.12603 4.13061 4.13524 4.13986 4.13872 4.13833 4.13835 4.13845 4.12388 4.13422 4.13228 4.13057 4.13503 4.17482 4.14055 4.11247 4.104 4.09501 4.07227 4.07825 4.07013 4.06403 4.05926 4.05488 4.05494 4.055 4.05506 4.05512 4.05447 4.06178 4.06877 4.07615 4.08322 4.01139 4.07639 4.04889 4.02133 3.99424 3.93864 3.95692 3.94781 3.93875 3.92975 3.9208 3.91168 3.90465 3.89828 3.89197 3.88724 3.87502 3.86457 3.85426 3.85053 3.88126 3.82939 3.8246 3.81826 3.81206 3.80649 3.80504 3.80359 3.80214 3.80069 3.79652 3.78101 3.76248 3.74592 3.73161 3.70076 3.69765 3.68885 3.67346 3.63545 3.58836 3.60768 3.60195 3.58645 3.56979 3.54137 3.53625 3.52176 3.50824 3.49494 3.4775 3.47822 3.47529 3.47237 3.46946 3.46653 3.46501 3.4635 3.46199 3.46225 3.46303 3.45421 3.44544 3.4373 3.4295 3.4414 3.40993 3.39643 3.3831 3.36994 3.37296 3.34894 3.33473 3.32279 3.32726 3.35489 3.31351 3.28152 3.27873 3.28313 3.29253 3.27854 3.27662 3.27586 3.27545 3.28072 3.27484 3.27471 3.27458 3.27445 3.27432 3.26529 3.25601 3.24603 3.23614 3.25294 3.21741 3.20583 3.19438 3.18215 3.16783 3.1666 3.16759 3.16392 3.17755 3.20139 3.17057 3.15443 3.15039 3.14467 3.13568 3.14108 3.13869 3.13358 3.12872 3.13918 3.12265 3.11944 3.11581 3.11222 3.10861 3.10665 3.10469 3.10274 3.1008 3.10191 3.09177 3.08423 3.07677 3.0704 3.05554 3.06199 3.05686 3.05185 3.04688 3.04948 3.03844 3.03355 3.02863 3.02333 3.01035 3.01447 3.00934 3.0043 2.99954 2.99893 2.99105 2.98633 2.98144 2.97661 2.96532 2.96806 2.9634 2.95879 2.95423 2.95229 2.94631 2.94212 2.93598 2.92977 2.9233 2.92309 2.92289 2.92268 2.92248 2.92179 2.91665 2.91105 2.90492 2.89663 2.87363 2.88026 2.87212 2.86406 2.85608 2.8386 2.84082 2.83314 2.82553 2.81761 2.79182 2.8024 2.79453 2.78726 2.78008 2.76053 2.76641 2.75953 2.75243 2.74495 2.71479 2.73155 2.72437 2.71735 2.7109 2.68777 2.69881 2.69251 2.68574 2.67904 2.64224 2.66745 2.66106 2.65474 2.64862 2.62024 2.63797 2.63191 2.62588 2.61887 2.57436 2.59989 2.58976 2.57972 2.56978 2.54843 2.55205 2.54248 2.533 2.52361 2.51136 2.5126 2.51078 2.50896 2.50715 2.50531 2.49898 2.4927 2.48646 2.4806 2.44995 2.46792 2.46057 2.45305 2.4456 2.38899 2.43094 2.42367 2.41645 2.4097 2.32096 2.39586 2.38928 2.38232 2.37057 2.27191 2.34795 2.35529 2.34864 2.31212 2.20427 2.28961 2.32352 2.31714 2.26281 2.16668 2.24216 2.29218 2.28611 2.20451 2.09872 2.18383 2.26223 2.25645 2.16519 2.07155 2.14639 2.22137 2.21053 2.10682 2.0031 2.0881 2.17321 2.16836 2.07608 1.9838 2.05723 2.13078 2.12016 2.01831 1.91643 2.00109 2.08584 2.07703 1.98783 1.89767 1.97038 2.03038 2.01937 1.93783 1.83785 1.92207 1.97379 1.96311 1.90693 1.81877 1.89069 1.91914 1.90877 1.86454 1.7664 1.84997 1.86583 1.85575 1.83238 1.74624 1.81732 1.81452 1.80473 1.79479 1.70141 1.77419 1.76445 1.75494 1.74547 1.67967 1.72573 1.71643 1.70716 1.69785 1.64222 1.67822 1.66909 1.66005 1.65105 1.61814 1.63278 1.62393 1.61512 1.60635 1.58783 1.59226 1.58762 1.58321 1.5788 1.57445 1.57325 1.57205 1.57087 1.5697 1.56011 1.56607 1.56375 1.56147 1.55923 1.53296 1.55424 1.55222 1.55025 1.54832 1.50332 1.53801 1.53097 1.52398 1.51704 1.47919 1.50312 1.49635 1.48962 1.48292 1.4509 1.46937 1.46283 1.45632 1.44987 1.42754 1.43725 1.43099 1.42472 1.41849 1.4023 1.40604 1.39995 1.3939 1.38799 1.37962 1.37986 1.37756 1.37527 1.37298 1.37058 1.36278 1.35503 1.34734 1.33971 1.34912 1.31963 1.30698 1.29455 1.28253 1.31397 1.26876 1.27455 1.27554 1.27563 1.35959 1.32249 1.29576 1.27771 1.32537 1.39653 1.32718 1.29187 1.29733 1.31348 1.38456 1.31624 1.30016 1.30137 1.30263 1.31761 1.27557 1.26239 1.24924 1.23612 1.24404 1.19431 1.17593 1.15757 1.13923 1.15006 1.10079 1.07575 1.05072 1.02568 0.991657 0.973812 0.938228 0.902516 0.866819 0.822112 0.758604 0.69534 0.632079 0.568819 0.507287 0.503611 0.495131 0.486651 0.478171 0.4655 0.46162 0.454036 0.446452 0.438868 0.428224 0.424494 0.417688 0.410881 0.404075 0.394804 0.393785 0.390541 0.38727 0.383973 0.378829
0.218701 0.218702 0.218703 0.218704 0.218705 0.218706 0.219634 0.219666 0.219699 0.219729 0.218873 0.219768 0.21982 0.219872 0.219923 0.219149 0.220004 0.220052 0.220101 0.220151 0.2194 0.220099 0.22026 0.220401 0.220542 0.220167 0.220885 0.221054 0.221219 0.221379 0.221008 0.221755 0.221982 0.222212 0.222444 0.222185 0.222983 0.223314 0.223636 0.223952 0.223821 0.224726 0.225169 0.225631 0.226122 0.226219 0.227289 0.227927 0.228573 0.229221 0.2295 0.2309 0.231679 0.232561 0.234145 0.235791 0.23607 0.236604 0.237137 0.237673 0.238431 0.23907 0.239813 0.240579 0.241344 0.242181 0.243213 0.24446 0.245706 0.246695 0.247624 0.24854 0.249404 0.250265 0.251531 0.252422 0.253552 0.254677 0.255797 0.256913 0.257969 0.261149 0.265516 0.269592 0.271016 0.276509 0.277655 0.280855 0.287735 0.292464 0.297586 0.2977 0.297859 0.298032 0.298205 0.298376 0.301037 0.303715 0.306245 0.308782 0.310968 0.315274 0.321217 0.327058 0.3292 0.332459 0.336784 0.341908 0.347101 0.35336 0.361472 0.361711 0.361969 0.362228 0.362486 0.362739 0.3688 0.368222 0.36772 0.368501 0.372425 0.372792 0.373161 0.373531 0.373903 0.373986 0.370632 0.369371 0.368264 0.36732 0.38059 0.371664 0.369708 0.371679 0.380942 0.394279 0.38568 0.377097 0.378768 0.390626 0.402428 0.394324 0.388547 0.390666 0.396673 0.407037 0.400763 0.403719 0.407246 0.41068 0.41696 0.416185 0.417246 0.418299 0.419534 0.420752 0.423982 0.427125 0.430182 0.433641 0.439702 0.443195 0.451269 0.459062 0.464633 0.475131 0.475883 0.477712 0.47931 0.482436 0.489914 0.493552 0.494662 0.494322 0.493955 0.493681 0.494183 0.496196 0.498152 0.500053 0.503224 0.51117 0.520361 0.52919 0.529652 0.531216 0.532071 0.533522 0.535094 0.536844 0.544723 0.550023 0.555839 0.557595 0.557624 0.55765 0.557314 0.556995 0.556693 0.556407 0.557171 0.560202 0.563366 0.566552 0.56976 0.573295 0.581084 0.589896 0.598867 0.603159 0.602297 0.60021 0.598857 0.600682 0.604426 0.60662 0.60024 0.603495 0.598889 0.59462 0.606994 0.587327 0.584542 0.58428 0.584906 0.602426 0.591185 0.596015 0.598542 0.601125 0.605363 0.605547 0.605733 0.60592 0.606109 0.606975 0.608738 0.611274 0.613809 0.622991 0.633452 0.626471 0.638271 0.640606 0.653553 0.690231 0.659334 0.631223 0.645688 0.662007 0.678981 0.655849 0.632827 0.643969 0.735535 0.82822 0.719948 0.658249 0.664211 0.687153 0.737221 0.68772 0.678367 0.684274 0.763511 0.95688 0.884445 0.80826 0.830215 0.987736 1.15001 1.00027 0.919006 0.983152 1.21073 1.43915 1.19478 0.981349 1.04471 1.20032 1.35788 1.20817 1.05672 1.11814 1.46623 1.81698 1.50075 1.18339 1.23463 1.58035 1.92903 1.64225 1.35399 1.46575 1.9369 2.41203 2.01977 1.64031 1.8318 2.60061 3.40687 2.71328 2.12376 2.36676 3.002 3.69536 3.14909 2.82395 3.07436 4.06174 5.4219 4.21056 3.51676 3.69933 4.26628 5.13254 4.43594 4.1445 4.19799 4.78304 6.17246 4.90145 4.58084 4.54398 4.64797 5.45207 4.93522 4.86188 4.82281 4.88968 5.64173 5.34372 5.35933 5.38376 5.42218 5.4374 5.46288 5.49296 5.52432 5.55558 5.57662 5.58978 5.60307 5.6165 5.60909 5.57464 5.5858 5.59659 5.58108 5.42952 5.06096 5.39616 5.67731 5.53642 5.33231 5.17392 5.02383 4.87473 4.81235 4.74954 4.67553 4.6389 4.60245 4.56619 4.53781 4.50997 4.66197 4.75385 4.44014 4.52591 4.20493 4.56747 4.9276 4.92192 4.86466 4.43237 4.70074 4.66396 4.61668 4.56811 4.51792 4.49248 4.46674 4.4407 4.41435 4.33518 4.28122 4.18674 4.04817 3.88528 3.71244 3.71214 3.70016 3.68773 3.6753 3.66282 3.58161 3.50058 3.41973 3.35301 3.19225 3.13853 3.08322 3.03198 2.85873 2.65117 2.79336 2.81568 2.75958 2.69501 2.65119 2.65157 2.65196 2.6514 2.65001 2.64718 2.64448 2.64177 2.63906 2.6368 2.63484 2.56948 2.48369 2.39892 2.31525 2.05254 2.20153 2.31492 2.18805 2.05903 1.95824 1.96412 1.97 1.97588 1.94971 1.92103 1.99246 2.01526 2.03493 1.93312 1.79195 1.79316 1.77541 1.73025 1.652 1.56142 1.56118 1.56094 1.5607 1.55713 1.55279 1.61977 1.67525 1.77383 1.81273 1.75078 1.771 1.79117 1.7869 1.76428 1.73767 1.76387 1.76234 1.74848 1.73426 1.72256 1.7222 1.72184 1.72114 1.72027 1.7194 1.71472 1.71269 1.70772 1.6952 1.68272 1.70475 1.69712 1.68964 1.68232 1.58237 1.68272 1.67643 1.67037 1.60534 1.53186 1.53414 1.53642 1.5387 1.53646 1.53044 1.59953 1.64648 1.63613 1.62497 1.51892 1.58686 1.58625 1.56316 1.50934 1.4431 1.44755 1.44985 1.44807 1.44629 1.44451 1.46861 1.49802 1.52762 1.48322 1.38912 1.46726 1.51325 1.49638 1.46824 1.41179 1.42772 1.42708 1.41861 1.41018 1.40211 1.40386 1.40548 1.40303 1.40039 1.39786 1.39986 1.40024 1.39927 1.37393 1.35371 1.37983 1.40277 1.39902 1.39521 1.39215 1.3941 1.39913 1.39609 1.39223 1.38443 1.38856 1.38794 1.38732 1.38671 1.3861 1.3854 1.3846 1.38366 1.38195 1.35665 1.38727 1.39943 1.3924 1.3705 1.33596 1.36819 1.37557 1.37358 1.36663 1.33106 1.37572 1.3735 1.37023 1.36689 1.34291 1.36134 1.35773 1.35413 1.35058 1.34722 1.34716 1.34707 1.34694 1.34791 1.3516 1.35797 1.36325 1.36853 1.37496 1.3849 1.38573 1.38624 1.38676 1.38727 1.38777 1.39659 1.40406 1.40855 1.41304 1.42911 1.4204 1.42309 1.43643 1.45029 1.48553 1.46431 1.47809 1.49976 1.51941 1.54598 1.53086 1.52883 1.52572 1.5222 1.51853 1.51758 1.51665 1.51575 1.51486 1.48538 1.4201 1.36583 1.33123 1.30161 1.27164 1.24856 1.22794 1.21172 1.20017 1.21648 1.16827 1.1607 1.1586 1.16163 1.14169 1.13168 1.12574 1.12 1.11448 1.1107 1.08928 1.07949 1.07622 1.08967 1.08847 1.11985 1.14254 1.15122 1.12651 1.09711 1.11018 1.11475 1.11126 1.10026 1.08453 1.09486 1.09413 1.09488 1.09573 1.08915 1.09344 1.09338 1.09332 1.09326 1.09322 1.09236 1.0898 1.0865 1.08322 1.08271 1.08326 1.08382 1.08437 1.08493 1.08547 1.08897 1.08771 1.08606 1.08457 1.0809 1.08526 1.08656 1.09217 1.09916 1.11125 1.1031 1.11333 1.12713 1.13295 1.13085 1.13104 1.132 1.13307 1.13413 1.1352 1.14276 1.15017 1.15089 1.15619 1.19762 1.1742 1.15211 1.14725 1.15669 1.17315 1.16562 1.17793 1.19243 1.20701 1.234 1.22292 1.22157 1.22323 1.2249 1.22656 1.22618 1.22574 1.22522 1.22473 1.22431 1.23976 1.27728 1.31828 1.35538 1.3505 1.39573 1.40558 1.40603 1.40741 1.41458 1.42871 1.44362 1.45829 1.46543 1.44902 1.45994 1.45979 1.45884 1.45786 1.45688 1.45867 1.46209 1.46618 1.47015 1.47205 1.48339 1.48974 1.49577 1.50784 1.52802 1.52286 1.5215 1.5206 1.51974 1.52227 1.52165 1.52105 1.52048 1.52181 1.53535 1.53117 1.54445 1.57361 1.60666 1.64725 1.64963 1.66004 1.67029 1.68038 1.6915 1.70707 1.72229 1.73719 1.7506 1.74422 1.75306 1.75557 1.75807 1.76056 1.76302 1.75908 1.75507 1.75101 1.74525 1.81222 1.78602 1.77712 1.78124 1.83652 1.89903 1.86404 1.84957 1.86219 1.69203 1.47922 1.52364 1.49835 1.47326 1.44838 1.43043 1.428 1.42557 1.43849 1.45711 1.45776 1.47775 1.47911 1.47615 1.47964 1.30573 1.47873 1.57076 1.58249 1.54751 1.49888 1.56891 1.62904 1.64334 1.5859 1.52753 1.592 1.63883 1.64018 1.61217 1.54273 1.61584 1.61049 1.61953 1.62912 1.62126 1.63351 1.64115 1.6488 1.65647 1.66404 1.68823 1.71006 1.72721 1.74434 1.6652 1.79171 1.83583 1.88629 1.93701 1.75941 1.94525 1.94708 1.94825 1.94678 1.82054 1.92507 1.92169 1.9212 1.92149 1.92152 1.92346 1.92541 1.92735 1.92928 1.9341 1.94921 1.96428 1.97366 1.97523 1.9954 2.01535 2.02144 2.0295 2.04948 2.07199 2.09918 2.12329 2.13008 2.14212 2.15652 2.19302 2.21637 2.23705 2.26004 2.28096 2.31269 2.34145 2.3679 2.39986 2.41789 2.4574 2.49476 2.52559 2.55672 2.5857 2.58429 2.5829 2.5815 2.58011 2.60966 2.58505 2.5847 2.58451 2.58983 2.71904 2.66155 2.64906 2.67885 2.80131 3.00699 2.90179 2.83806 2.87311 2.97422 3.09418 3.06267 3.07153 3.12857 3.19734 3.37231 3.29698 3.35041 3.40311 3.45283 3.4981 3.50039 3.50268 3.50497 3.50727 3.51945 3.52346 3.53782 3.55528 3.57327 3.60905 3.60245 3.60868 3.62744 3.67532 3.76663 3.68832 3.69685 3.7152 3.73451 3.77012 3.76611 3.78114 3.7956 3.8102 3.82272 3.82789 3.83306 3.83825 3.84344 3.84337 3.87815 3.90664 3.93098 3.94389 3.96862 3.96404 3.96649 3.96895 3.97141 3.97386 3.97838 3.98172 3.98534 3.98925 4.00972 3.99495 3.99827 4.00287 3.98906 3.94873 3.98195 4.01408 4.00677 4.01519 4.03004 3.9844 3.97269 3.96782 3.9626 3.94652 3.95381 3.95196 3.95016 3.9488 3.94784 3.9563 3.96492 3.97371 3.98267 3.91063 3.95471 3.93408 3.91372 3.89365 3.87375 3.86846 3.86512 3.86181 3.85853 3.85582 3.84344 3.83268 3.82005 3.80634 3.84271 3.79879 3.77574 3.7687 3.76196 3.75709 3.74928 3.74442 3.73966 3.73508 3.73276 3.72664 3.72055 3.7145 3.70848 3.69841 3.68563 3.66833 3.65129 3.61721 3.55674 3.58465 3.57962 3.56142 3.54325 3.51611 3.50775 3.491 3.47669 3.46272 3.44604 3.44707 3.44548 3.44389 3.44231 3.44072 3.43651 3.43235 3.42822 3.43039 3.43565 3.43029 3.42495 3.41963 3.41406 3.43123 3.39337 3.37891 3.36548 3.35231 3.36396 3.33359 3.31656 3.30423 3.31833 3.36114 3.30667 3.26342 3.26901 3.27802 3.29628 3.28167 3.28317 3.28622 3.28998 3.29376 3.29348 3.29319 3.2929 3.29262 3.29256 3.28053 3.26886 3.2559 3.24225 3.28266 3.23488 3.20911 3.19693 3.19008 3.19346 3.19153 3.18962 3.18797 3.2173 3.25609 3.21598 3.19021 3.188 3.18596 3.18516 3.1854 3.18242 3.17948 3.17729 3.17695 3.17677 3.1766 3.17642 3.17625 3.17592 3.16969 3.16175 3.15303 3.14439 3.15807 3.13278 3.12355 3.11937 3.11333 3.10192 3.10863 3.10635 3.10216 3.10261 3.11866 3.09763 3.08983 3.08499 3.07773 3.0628 3.07258 3.07152 3.06638 3.0613 3.06916 3.05094 3.04503 3.03856 3.03215 3.02262 3.02426 3.02183 3.01941 3.01699 3.01454 3.01067 3.00681 3.0033 3.00069 2.98229 2.99293 2.98778 2.98181 2.97587 2.94759 2.96233 2.96037 2.95487 2.93001 2.88161 2.91183 2.93513 2.92802 2.90096 2.87052 2.88711 2.90331 2.89545 2.84732 2.7993 2.83302 2.86663 2.85693 2.82439 2.7912 2.80751 2.81325 2.80169 2.77416 2.72549 2.76113 2.75838 2.74756 2.73726 2.70528 2.71759 2.70772 2.6979 2.68722 2.65823 2.66727 2.657 2.64789 2.63888 2.6286 2.62877 2.62757 2.62637 2.62517 2.62395 2.61763 2.61136 2.60515 2.59836 2.561 2.58331 2.57615 2.56939 2.5627 2.48792 2.54792 2.54125 2.53466 2.51767 2.42639 2.47709 2.45767 2.43837 2.41916 2.35812 2.38048 2.36168 2.34299 2.32426 2.29964 2.30207 2.29878 2.29549 2.2922 2.289 2.28349 2.27828 2.2732 2.26826 2.23683 2.25775 2.25229 2.24701 2.2417 2.17709 2.23181 2.22715 2.22282 2.2187 2.12054 2.19841 2.20781 2.20445 2.16656 2.06797 2.14585 2.1928 2.19027 2.11607 2.01887 2.09675 2.1746 2.16505 2.06804 1.97073 2.04909 2.12463 2.11245 2.02338 1.92808 2.00573 2.06487 2.05352 1.9797 1.88358 1.96223 1.99956 1.98313 1.93921 1.84568 1.92268 1.91754 1.90147 1.88551 1.80626 1.85323 1.83753 1.82183 1.80618 1.77204 1.78369 1.77702 1.77036 1.7637 1.75735 1.75707 1.75684 1.75665 1.75653 1.73159 1.75661 1.75667 1.75684 1.75714 1.6952 1.75602 1.74652 1.73708 1.72789 1.65196 1.71038 1.70168 1.69274 1.68386 1.62306 1.6666 1.65789 1.64942 1.64154 1.58563 1.62557 1.61784 1.61007 1.60191 1.55777 1.58588 1.57808 1.57083 1.56363 1.52535 1.54911 1.54206 1.53506 1.52811 1.49902 1.51363 1.50692 1.50027 1.49366 1.47077 1.47691 1.47422 1.47152 1.46883 1.46618 1.46715 1.46524 1.45879 1.45237 1.43644 1.43899 1.43144 1.42394 1.41649 1.40613 1.40439 1.39968 1.39499 1.39033 1.38514 1.3809 1.3768 1.37271 1.36863 1.37157 1.35301 1.34146 1.3295 1.31768 1.33221 1.29529 1.28394 1.27329 1.26299 1.2959 1.2433 1.23337 1.22357 1.21361 1.26781 1.19468 1.18546 1.17651 1.16767 1.23251 1.17805 1.18483 1.19117 1.19709 1.21193 1.20349 1.2045 1.20549 1.20647 1.20738 1.19669 1.18582 1.17473 1.16343 1.18966 1.13924 1.12433 1.10903 1.0933 1.1533 1.06957 1.04854 1.03803 1.05173 1.14006 1.04264 1.00733 0.999188 1.01844 1.09309 1.00985 0.972437 0.964891 0.996245 1.08466 0.98795 0.94703 0.951958 1.00554 1.11301 1.09947 1.08413 1.08191 1.12828 1.18049 1.13555 1.09052 1.09922 1.1604 1.22919 1.18943 1.18867 1.20858 1.22841 1.23674 1.19336 1.18379 1.17423 1.1647 1.16648 1.12741 1.12038 1.11337 1.10636 1.10927 1.05787 0.99146 0.894236 0.892972 0.860558 0.848592 0.81274 0.778772 0.771425 0.733557 0.675259 0.612036 0.548813 0.510395 0.474575 0.471243 0.462761 0.45428 0.445973 0.436868 0.433337 0.425752 0.418168 0.41073 0.402712 0.39927 0.392464 0.385657 0.378978 0.371885 0.37116 0.36793 0.364688 0.361491 0.357262
0.222309 0.22231 0.22231 0.22231 0.222311 0.222311 0.22228 0.222298 0.222317 0.222335 0.22243 0.222448 0.22249 0.222531 0.222573 0.222665 0.222727 0.22276 0.222794 0.222828 0.222891 0.223013 0.223092 0.223171 0.223272 0.223367 0.223589 0.223753 0.223903 0.224053 0.224163 0.224457 0.224678 0.2249 0.225129 0.225292 0.225671 0.225979 0.226289 0.226599 0.226853 0.227341 0.227779 0.228217 0.228634 0.229008 0.229654 0.230224 0.230866 0.231508 0.232128 0.233014 0.233891 0.234757 0.235548 0.236333 0.2375 0.238412 0.239407 0.240502 0.241622 0.241989 0.24236 0.24273 0.2431 0.243412 0.243568 0.243724 0.243881 0.244042 0.244207 0.245253 0.246209 0.247161 0.24811 0.24911 0.249731 0.250551 0.251371 0.252191 0.252833 0.253874 0.254911 0.255943 0.256753 0.257678 0.259054 0.26139 0.263701 0.265662 0.26647 0.268349 0.271933 0.27764 0.281177 0.281699 0.276765 0.276704 0.277972 0.27925 0.284605 0.283744 0.284812 0.285886 0.286965 0.288043 0.288304 0.289047 0.289793 0.290542 0.291414 0.292036 0.293341 0.294434 0.295553 0.302481 0.298123 0.298008 0.300077 0.302721 0.307315 0.306727 0.306715 0.307739 0.315029 0.324611 0.314995 0.311149 0.312005 0.313067 0.317128 0.315306 0.317272 0.319952 0.323717 0.329815 0.328091 0.328887 0.329682 0.330476 0.33126 0.333236 0.334905 0.33534 0.335772 0.336139 0.328294 0.32804 0.329422 0.333447 0.342167 0.337918 0.333674 0.34143 0.359025 0.376554 0.362758 0.350501 0.354756 0.362318 0.372383 0.370585 0.373072 0.379987 0.387413 0.401477 0.397119 0.398204 0.400638 0.403071 0.405475 0.416199 0.426865 0.436432 0.437598 0.463377 0.442877 0.4355 0.453052 0.460331 0.463467 0.45781 0.452004 0.459926 0.504789 0.549999 0.510444 0.501501 0.52464 0.542094 0.564176 0.566755 0.5693 0.571823 0.574341 0.576527 0.584247 0.595077 0.605741 0.61667 0.628129 0.623598 0.974207 0.946519 0.904279 0.967004 0.875857 0.875166 0.875282 0.876202 0.877774 0.79321 0.709923 0.645871 0.651858 0.675054 0.653929 0.653719 0.653521 0.653335 0.653137 0.660419 0.668624 0.677428 0.686831 0.694924 0.687371 0.69721 0.707714 0.708035 0.738495 0.710365 0.708492 0.720204 0.741261 0.76882 0.748905 0.744692 0.770389 0.842892 0.92169 0.867206 0.819312 0.847062 0.929953 1.02457 1.12107 1.15764 1.25101 1.32669 1.42918 1.41881 1.44326 1.46722 1.49068 1.51141 1.54537 1.57894 1.62765 1.6835 1.70756 1.53726 1.50967 1.5064 1.52855 1.66226 1.63794 1.66323 1.69328 1.75134 2.00173 1.8819 1.92172 1.97158 2.02149 2.07317 2.06276 2.05239 2.04207 2.04657 2.13809 1.98641 2.0099 2.06843 2.09539 2.30697 2.17338 2.18414 2.1963 2.23311 2.57009 2.30912 2.31456 2.37317 2.45035 2.53016 2.52504 2.51992 2.5148 2.51625 2.54936 2.46654 2.43564 2.48294 2.51823 2.68908 2.59523 2.61126 2.62752 2.644 2.83614 2.68259 2.70902 2.75174 2.83907 2.94856 2.9357 2.93665 2.94077 2.94486 2.949 2.9205 2.91503 2.93289 2.94986 2.95929 2.96226 2.96436 2.96639 2.96836 2.99346 2.98861 3.01327 3.03771 3.06574 3.17194 3.08968 3.11728 3.18227 3.24915 3.32784 3.33073 3.33357 3.33634 3.34684 3.37264 3.31383 3.30187 3.30625 3.40557 3.55434 3.51383 3.49644 3.57065 3.63959 3.67697 3.66242 3.64805 3.63385 3.65127 3.69345 3.63982 3.62395 3.61959 3.61911 3.61093 3.68711 3.7387 3.63412 3.52745 3.47455 3.44994 3.42553 3.40136 3.38355 3.36976 3.34394 3.31689 3.2876 3.26137 3.26337 3.24879 3.23433 3.22328 3.21773 3.22031 3.22538 3.23163 3.2389 3.24448 3.24929 3.17704 3.10757 3.0724 3.05626 3.04297 3.05369 3.04941 3.0392 3.02833 3.01272 3.0067 3.00088 2.99524 2.98169 2.95035 2.94433 2.92464 2.90791 2.88983 2.85273 2.82321 2.79452 2.76686 2.74487 2.72626 2.64139 2.58539 2.55661 2.52826 2.52563 2.48557 2.45937 2.43316 2.40744 2.37745 2.37456 2.37166 2.36877 2.36587 2.35824 2.34218 2.32348 2.30485 2.28691 2.26226 2.25387 2.24484 2.23066 2.21661 2.20312 2.1942 2.1899 2.18577 2.18247 2.18192 2.18083 2.18017 2.17951 2.17886 2.17824 2.1759 2.17366 2.17157 2.16965 2.1408 2.17192 2.17471 2.17759 2.18084 2.1084 2.20758 2.20885 2.21006 2.20237 2.13337 2.13773 2.13769 2.13762 2.1375 2.13737 2.14903 2.16069 2.17235 2.18401 2.14682 2.19779 2.19944 2.20132 2.20342 2.15389 2.10852 1.96073 1.85977 1.85567 1.75152 1.92215 2.02247 2.0756 1.9666 1.85634 2.0375 2.21941 2.23033 2.06016 1.88116 2.12285 2.35364 2.33482 2.08435 1.7707 2.19001 2.38608 2.37743 2.30571 2.06201 2.41853 2.40667 2.44115 2.88785 2.87994 2.97202 3.01952 3.06811 3.08851 3.00978 3.14338 3.17407 3.16529 3.03933 2.78752 3.06039 3.33021 3.32956 3.14405 2.95391 3.15403 3.35283 3.25417 3.03472 2.76627 3.03164 3.03646 2.96935 2.91374 2.71182 2.82713 2.80449 2.78197 2.765 2.68362 2.73117 2.71815 2.70992 2.70644 2.66855 2.68434 2.67889 2.67313 2.6676 2.66222 2.65723 2.65297 2.64947 2.64429 2.62757 2.62665 2.61269 2.60125 2.5942 2.55645 2.58579 2.57546 2.56184 2.55053 2.52263 2.52198 2.50233 2.49181 2.48901 2.44942 2.47888 2.48161 2.48558 2.48156 2.40288 2.45429 2.45759 2.42724 2.39461 2.32057 2.3418 2.33443 2.3271 2.31982 2.31295 2.31377 2.31473 2.31617 2.31756 2.24056 2.31892 2.31476 2.31271 2.29384 2.2216 2.25073 2.24726 2.21813 2.18911 2.10907 2.07271 2.00584 1.9846 1.9029 1.78982 1.85157 1.86625 1.85027 1.83413 1.82409 1.80098 1.79698 1.79301 1.78908 1.78516 1.77992 1.77467 1.76943 1.76649 1.77882 1.73011 1.70347 1.69059 1.69278 1.73091 1.671 1.65992 1.6486 1.63672 1.62644 1.61895 1.61149 1.60406 1.5979 1.59233 1.58523 1.57792 1.57037 1.56289 1.55554 1.55287 1.55021 1.54756 1.54491 1.5451 1.52841 1.51707 1.51138 1.50956 1.52342 1.49716 1.49934 1.50769 1.51334 1.51429 1.51121 1.50814 1.50506 1.50332 1.5064 1.48893 1.47593 1.46641 1.46086 1.45253 1.43437 1.42007 1.42583 1.41855 1.40738 1.40227 1.39716 1.39205 1.39031 1.39936 1.38585 1.45869 1.53443 1.71684 2.05703 1.78398 1.51205 1.53081 1.76646 2.00129 1.88306 1.92054 2.00961 2.09945 2.17822 2.16329 2.14827 2.13317 2.13694 2.18846 2.02888 1.95438 1.87769 2.02796 2.3749 2.09489 1.81 1.86174 2.12592 2.421 2.24579 2.26727 2.35614 2.43787 2.51758 2.50232 2.48671 2.47075 2.46929 2.51438 2.39695 2.3458 2.30214 2.32821 2.38392 2.35783 2.36351 2.36678 2.37064 2.37158 2.37294 2.37427 2.37559 2.37715 2.3839 2.39072 2.39553 2.40791 2.42327 2.43895 2.43837 2.43778 2.43718 2.43646 2.43353 2.42046 2.40459 2.38496 2.36292 2.35991 2.31605 2.29465 2.28641 2.26975 2.25217 2.2463 2.2404 2.23447 2.23424 2.23977 2.20981 2.18652 2.1661 2.16133 2.1632 2.14557 2.13052 2.116 2.10183 2.08954 2.08713 2.08471 2.0823 2.08356 2.08601 2.08591 2.08501 2.08411 2.08322 2.0824 2.075 2.0678 2.06082 2.05405 2.15185 2.04876 2.02118 2.0699 2.1373 2.20336 2.19796 2.19254 2.18711 2.2025 2.22835 2.12328 2.08089 2.03579 2.22557 2.4166 2.27989 2.23682 2.32207 2.39398 2.46227 2.45651 2.45073 2.44494 2.46079 2.49226 2.39519 2.35405 2.31234 2.44595 2.62629 2.54741 2.52614 2.59558 2.68082 2.83125 2.80536 2.80219 2.81587 2.8295 2.84296 2.83413 2.81142 2.78818 2.85327 3.03712 2.90615 2.8709 2.8967 2.97122 3.10368 3.05328 3.06677 3.10745 3.14681 3.19647 3.19795 3.19941 3.20083 3.20506 3.21685 3.18892 3.18533 3.16835 3.23195 3.3682 3.27067 3.15546 3.15212 3.21989 3.29284 3.25062 3.25332 3.27604 3.2997 3.32231 3.32072 3.31913 3.31753 3.31616 3.31615 3.29308 3.27696 3.26693 3.26251 3.26198 3.24103 3.23566 3.23071 3.22791 3.22568 3.22532 3.22495 3.22457 3.22418 3.2302 3.22268 3.21747 3.20856 3.1992 3.20666 3.20102 3.19863 3.19617 3.19364 3.19089 3.1862 3.18145 3.17849 3.17558 3.14342 3.16185 3.15472 3.14571 3.11122 3.03893 3.06911 3.09126 3.0663 3.02485 2.96493 2.98755 2.96477 2.93874 2.91271 2.88071 2.88311 2.87962 2.87613 2.87265 2.86927 2.85743 2.84563 2.83386 2.8223 2.78924 2.7831 2.75872 2.73475 2.71101 2.68123 2.67683 2.66606 2.65533 2.64466 2.63145 2.61938 2.60734 2.59533 2.58335 2.55719 2.54823 2.52525 2.50236 2.47958 2.41173 2.43045 2.41783 2.40489 2.39201 2.37997 2.37062 2.36146 2.35249 2.34181 2.28709 2.30776 2.28487 2.26223 2.23929 2.18464 2.19344 2.17339 2.15173 2.12477 2.04821 2.08303 2.05968 2.0305 2.00179 1.9721 1.97251 1.97176 1.97096 1.97016 1.96937 1.95985 1.9505 1.94132 1.93192 1.91332 1.90606 1.8915 1.87736 1.86255 1.82434 1.83794 1.82511 1.8106 1.79636 1.77607 1.77215 1.75809 1.74315 1.72861 1.71432 1.71454 1.71441 1.71427 1.71414 1.71401 1.70758 1.70119 1.69945 1.70301 1.72301 1.71077 1.71525 1.7199 1.71505 1.71238 1.70737 1.70359 1.69988 1.69624 1.69673 1.69561 1.6945 1.69341 1.69233 1.69383 1.6881 1.68204 1.67149 1.66103 1.67475 1.64691 1.63889 1.64001 1.6429 1.64725 1.64588 1.64594 1.646 1.64606 1.64612 1.64553 1.64513 1.64483 1.64462 1.72778 1.63889 1.63882 1.63889 1.6732 1.86105 1.71146 1.6275 1.62821 1.74001 1.88214 1.76557 1.65018 1.67627 1.8574 2.03866 1.88923 1.74073 1.74765 1.88314 2.0173 1.91942 1.85923 1.88213 1.97937 2.14917 2.00643 1.98409 2.00287 2.02208 2.13759 2.06888 2.08436 2.09944 2.11413 2.2098 2.1503 2.16277 2.17566 2.19005 2.21487 2.20941 2.21254 2.21565 2.21875 2.22176 2.21957 2.21791 2.22758 2.23717 2.24763 2.25563 2.26358 2.27147 2.27932 2.26527 2.30511 2.32429 2.34316 2.36173 2.35347 2.39094 2.40851 2.4258 2.44279 2.37272 2.46519 2.48118 2.49712 2.5128 2.50263 2.52972 2.54506 2.56012 2.57384 2.49592 2.58737 2.60067 2.61439 2.62843 2.64255 2.6402 2.65196 2.66431 2.66696 2.62314 2.67378 2.69405 2.70578 2.72541 2.76745 2.73685 2.73645 2.74579 2.75244 2.74499 2.76101 2.7697 2.77812 2.78786 2.83202 2.80085 2.81167 2.82088 2.82983 2.84273 2.8427 2.84961 2.85637 2.863 2.86946 2.87512 2.88078 2.88644 2.89208 2.86936 2.91593 2.93354 2.94996 2.96621 2.93023 2.99316 3.00881 3.02429 3.04029 2.84986 3.06281 3.07776 3.09207 3.10177 3.01568 3.10845 3.13076 3.13695 3.11041 2.88561 3.1183 3.14861 3.15402 3.15502 3.08704 3.15768 3.16407 3.1689 3.17301 2.98422 3.17316 3.17706 3.18121 3.18522 3.14212 3.1858 3.18975 3.1932 3.19604 3.06979 3.19619 3.19878 3.20145 3.20449 3.18251 3.2054 3.20855 3.21059 3.21232 3.14191 3.21295 3.21467 3.21622 3.21856 3.21125 3.22121 3.22344 3.22449 3.22538 3.20244 3.22606 3.22662 3.22702 3.228 3.22922 3.22971 3.22992 3.23013 3.23034 3.23055 3.23418 3.23643 3.23859 3.24067 3.24499 3.24612 3.24859 3.25096 3.25344 3.26205 3.26213 3.26435 3.26633 3.26821 3.27494 3.27495 3.27685 3.27864 3.28033 3.29203 3.28836 3.28989 3.29132 3.2928 3.29727 3.3003 3.30154 3.30267 3.30368 3.31269 3.31025 3.31104 3.31169 3.31224 3.31117 3.3164 3.31659 3.31668 3.31697 3.32156 3.32058 3.32067 3.32037 3.31998 3.31558 3.3215 3.32085 3.32011 3.31968 3.32107 3.32068 3.31997 3.31886 3.31767 3.3111 3.317 3.31554 3.31403 3.31272 3.31174 3.31143 3.30978 3.30793 3.30599 3.29754 3.30359 3.30142 3.2992 3.29693 3.294 3.29379 3.2912 3.28858 3.28593 3.27494 3.28227 3.27939 3.27631 3.27311 3.26796 3.2685 3.26493 3.26131 3.25793 3.24252 3.253 3.24877 3.24397 3.23911 3.23002 3.21348 3.17956 3.14558 3.11684 3.06944 2.99995 2.91395 2.82775 2.74134 2.66396 2.67516 2.60528 2.53545 2.46567 2.40087 2.31893 2.19833 2.07735 1.956 1.82436 1.83042 1.8025 1.77415 1.74575 1.67932 1.69491 1.67395 1.65295 1.63365 1.59 1.50988 1.38659 1.30497 1.20639 0.968615 1.14156 1.10306 1.06174 1.03539 0.840545 0.778489 0.699591 0.622482 0.579706 0.528539 0.524098 0.519658 0.515217 0.511095 0.507212 0.50841 0.504064 0.499691 0.496527 0.458593 0.479446 0.478365 0.471247 0.455515 0.42134 0.440045 0.440776 0.433698 0.419933 0.390143 0.4065 0.408951 0.40518 0.395875 0.373856
