== 2025-03-25 13:55:30,258 easyblock.py:339 INFO This is EasyBuild 5.0.0 (framework: 5.0.0, easyblocks: 5.0.0) on host aion-0066.
== 2025-03-25 13:55:30,259 easyblock.py:345 INFO This is easyblock ConfigureMake from module easybuild.easyblocks.generic.configuremake (/home/users/mghavami/.local/easybuild/software/EasyBuild/5.0.0/lib/python3.8/site-packages/easybuild/easyblocks/generic/configuremake.py)
== 2025-03-25 13:55:30,259 easyblock.py:1116 INFO Build dir set to /tmp/mghavami/OSUMicroBenchmarks/7.5/gompi-2020b
== 2025-03-25 13:55:30,259 easyblock.py:1173 INFO Software install dir set to /home/users/mghavami/.local/easybuild/software/OSU-Micro-Benchmarks/7.5-gompi-2020b
== 2025-03-25 13:55:30,259 easyblock.py:1178 INFO Module install dir set to /home/users/mghavami/.local/easybuild/modules/all
== 2025-03-25 13:55:30,259 easyblock.py:313 INFO Init completed for application name OSU-Micro-Benchmarks version 7.5
== 2025-03-25 13:55:30,259 easyblock.py:4572 INFO Obtained application instance for OSU-Micro-Benchmarks (easyblock: ConfigureMake)
== 2025-03-25 13:55:30,259 easyconfig.py:1812 INFO Generating template values...
== 2025-03-25 13:55:30,259 mpi.py:122 INFO Using template MPI command 'mpirun -n %(nr_ranks)s %(cmd)s' for MPI family 'OpenMPI'
== 2025-03-25 13:55:30,259 mpi.py:298 INFO Using MPI command template 'mpirun -n %(nr_ranks)s %(cmd)s' (params: {'nr_ranks': 1, 'cmd': 'xxx_command_xxx'})
== 2025-03-25 13:55:30,260 easyconfig.py:1831 INFO Template values: arch='x86_64', bitbucket_account='osu-micro-benchmarks', github_account='osu-micro-benchmarks', module_name='perf/OSU-Micro-Benchmarks/7.5-gompi-2020b', mpi_cmd_prefix='mpirun -n 1', name='OSU-Micro-Benchmarks', nameletter='O', nameletterlower='o', namelower='osu-micro-benchmarks', rpath_enabled='true', software_commit='', sysroot='', toolchain_name='gompi', toolchain_version='2020b', version='7.5', version_major='7', version_major_minor='7.5', version_minor='5', versionprefix='', versionsuffix=''
== 2025-03-25 13:55:30,260 one.py:179 INFO Skipping reformatting value for parameter 'toolchain'
== 2025-03-25 13:55:30,260 one.py:179 INFO Skipping reformatting value for parameter 'toolchainopts'
== 2025-03-25 13:55:30,261 filetools.py:2001 INFO Creating directory /tmp/eb-09zxmkft/reprod_20250325135530_2357788 (parents: True, set_gid: False, sticky: False)
== 2025-03-25 13:55:30,261 easyblock.py:4827 INFO Dumped easyconfig instance to /tmp/eb-09zxmkft/reprod_20250325135530_2357788/OSU-Micro-Benchmarks-7.5-gompi-2020b.eb
== 2025-03-25 13:55:30,261 filetools.py:2001 INFO Creating directory /tmp/eb-09zxmkft/reprod_20250325135530_2357788/easyblocks (parents: True, set_gid: False, sticky: False)
== 2025-03-25 13:55:30,262 filetools.py:2485 INFO /home/users/mghavami/.local/easybuild/software/EasyBuild/5.0.0/lib/python3.8/site-packages/easybuild/easyblocks/generic/configuremake.py copied to /tmp/eb-09zxmkft/reprod_20250325135530_2357788/easyblocks/configuremake.py
== 2025-03-25 13:55:30,262 easyblock.py:4807 INFO Dumped easyblock configuremake.py required for reproduction to /tmp/eb-09zxmkft/reprod_20250325135530_2357788/easyblocks
== 2025-03-25 13:55:30,263 easyblock.py:2430 INFO Number of iterations to perform for central part of installation procedure: 1
== 2025-03-25 13:55:30,263 build_log.py:322 INFO building and installing perf/OSU-Micro-Benchmarks/7.5-gompi-2020b...
== 2025-03-25 13:55:30,264 filetools.py:2084 INFO Lock /home/users/mghavami/.local/easybuild/software/.locks/_home_users_mghavami_.local_easybuild_software_OSU-Micro-Benchmarks_7.5-gompi-2020b.lock does not exist
== 2025-03-25 13:55:30,264 filetools.py:2041 INFO Creating lock at /home/users/mghavami/.local/easybuild/software/.locks/_home_users_mghavami_.local_easybuild_software_OSU-Micro-Benchmarks_7.5-gompi-2020b.lock...
== 2025-03-25 13:55:30,265 filetools.py:2001 INFO Creating directory /home/users/mghavami/.local/easybuild/software/.locks/_home_users_mghavami_.local_easybuild_software_OSU-Micro-Benchmarks_7.5-gompi-2020b.lock (parents: True, set_gid: False, sticky: False)
== 2025-03-25 13:55:30,266 filetools.py:2050 INFO Lock created: /home/users/mghavami/.local/easybuild/software/.locks/_home_users_mghavami_.local_easybuild_software_OSU-Micro-Benchmarks_7.5-gompi-2020b.lock
== 2025-03-25 13:55:30,271 run.py:489 INFO Path to bash that will be used to run shell commands: /usr/bin/bash
== 2025-03-25 13:55:30,272 run.py:500 INFO Running shell command 'ulimit -u' in /mnt/aiongpfs/users/mghavami/y2425-w04-software-installation-on-hpc-AminGhavami/omb
== 2025-03-25 13:55:30,282 run.py:598 INFO Output of 'ulimit ...' shell command (stdout + stderr):
1028647

== 2025-03-25 13:55:30,282 run.py:601 INFO Shell command completed successfully (see output above): ulimit -u
== 2025-03-25 13:55:30,282 systemtools.py:1254 INFO Limiting parallelism from 32 to 16
== 2025-03-25 13:55:30,282 easyblock.py:2466 INFO Setting parallelism: 16
== 2025-03-25 13:55:30,282 build_log.py:322 INFO fetching files and verifying checksums...
== 2025-03-25 13:55:30,282 easyblock.py:4243 INFO Starting fetch step
== 2025-03-25 13:55:30,282 easyconfig.py:1812 INFO Generating template values...
== 2025-03-25 13:55:30,283 mpi.py:122 INFO Using template MPI command 'mpirun -n %(nr_ranks)s %(cmd)s' for MPI family 'OpenMPI'
== 2025-03-25 13:55:30,283 mpi.py:298 INFO Using MPI command template 'mpirun -n %(nr_ranks)s %(cmd)s' (params: {'nr_ranks': 1, 'cmd': 'xxx_command_xxx'})
== 2025-03-25 13:55:30,283 easyconfig.py:1831 INFO Template values: arch='x86_64', bitbucket_account='osu-micro-benchmarks', builddir='/tmp/mghavami/OSUMicroBenchmarks/7.5/gompi-2020b', github_account='osu-micro-benchmarks', installdir='/home/users/mghavami/.local/easybuild/software/OSU-Micro-Benchmarks/7.5-gompi-2020b', module_name='perf/OSU-Micro-Benchmarks/7.5-gompi-2020b', mpi_cmd_prefix='mpirun -n 1', name='OSU-Micro-Benchmarks', nameletter='O', nameletterlower='o', namelower='osu-micro-benchmarks', parallel='16', rpath_enabled='true', software_commit='', start_dir='None', sysroot='', toolchain_name='gompi', toolchain_version='2020b', version='7.5', version_major='7', version_major_minor='7.5', version_minor='5', versionprefix='', versionsuffix=''
== 2025-03-25 13:55:30,283 easyblock.py:4251 INFO Running method fetch_step part of step fetch
== 2025-03-25 13:55:30,283 easyblock.py:2567 WARNING Easyconfig does not specify an EasyBuild-version (key 'easybuild_version')! Assuming the latest version
== 2025-03-25 13:55:30,283 easyblock.py:860 INFO Considering directory in which easyconfig file is located when searching for checksums.json: /mnt/aiongpfs/users/mghavami/y2425-w04-software-installation-on-hpc-AminGhavami/omb
== 2025-03-25 13:55:30,284 tools.py:281 INFO Found location to 'eb' script via $EB_SCRIPT_PATH: /home/users/mghavami/.local/easybuild/software/EasyBuild/5.0.0/bin/eb
== 2025-03-25 13:55:30,284 tools.py:295 INFO Also considering installation prefix /home/users/mghavami/.local/easybuild/software/EasyBuild/5.0.0 (determined via path to 'eb' script)...
== 2025-03-25 13:55:30,286 easyblock.py:934 WARNING Couldn't find file 'checksums.json' anywhere, and downloading it is disabled... Paths attempted (in order): 
 * /mnt/aiongpfs/users/mghavami/y2425-w04-software-installation-on-hpc-AminGhavami/omb/o/OSU-Micro-Benchmarks/checksums.json
 * /mnt/aiongpfs/users/mghavami/y2425-w04-software-installation-on-hpc-AminGhavami/omb/OSU-Micro-Benchmarks/checksums.json
 * /mnt/aiongpfs/users/mghavami/y2425-w04-software-installation-on-hpc-AminGhavami/omb/checksums.json
 * /tmp/eb-09zxmkft/tweaked_easyconfigs/o/OSU-Micro-Benchmarks/checksums.json
 * /tmp/eb-09zxmkft/tweaked_easyconfigs/OSU-Micro-Benchmarks/checksums.json
 * /tmp/eb-09zxmkft/tweaked_easyconfigs/checksums.json
 * /home/users/mghavami/.local/easybuild/software/EasyBuild/5.0.0/easybuild/easyconfigs/o/OSU-Micro-Benchmarks/checksums.json
 * /home/users/mghavami/.local/easybuild/software/EasyBuild/5.0.0/easybuild/easyconfigs/OSU-Micro-Benchmarks/checksums.json
 * /home/users/mghavami/.local/easybuild/software/EasyBuild/5.0.0/easybuild/easyconfigs/checksums.json
 * /tmp/eb-09zxmkft/tweaked_dep_easyconfigs/o/OSU-Micro-Benchmarks/checksums.json
 * /tmp/eb-09zxmkft/tweaked_dep_easyconfigs/OSU-Micro-Benchmarks/checksums.json
 * /tmp/eb-09zxmkft/tweaked_dep_easyconfigs/checksums.json
 * /home/users/mghavami/.local/easybuild/software/EasyBuild/5.0.0/easybuild/easyconfigs/o/OSU-Micro-Benchmarks/checksums.json
 * /home/users/mghavami/.local/easybuild/software/EasyBuild/5.0.0/easybuild/easyconfigs/OSU-Micro-Benchmarks/checksums.json
 * /home/users/mghavami/.local/easybuild/software/EasyBuild/5.0.0/easybuild/easyconfigs/checksums.json
 * /home/users/mghavami/.local/easybuild/sources/o/OSU-Micro-Benchmarks/checksums.json
 * /home/users/mghavami/.local/easybuild/sources/OSU-Micro-Benchmarks/checksums.json
 * /home/users/mghavami/.local/easybuild/sources/checksums.json
== 2025-03-25 13:55:30,286 easyblock.py:860 INFO Considering directory in which easyconfig file is located when searching for osu-micro-benchmarks-7.5.tar.gz: /mnt/aiongpfs/users/mghavami/y2425-w04-software-installation-on-hpc-AminGhavami/omb
== 2025-03-25 13:55:30,286 tools.py:281 INFO Found location to 'eb' script via $EB_SCRIPT_PATH: /home/users/mghavami/.local/easybuild/software/EasyBuild/5.0.0/bin/eb
== 2025-03-25 13:55:30,286 tools.py:295 INFO Also considering installation prefix /home/users/mghavami/.local/easybuild/software/EasyBuild/5.0.0 (determined via path to 'eb' script)...
== 2025-03-25 13:55:30,286 filetools.py:2001 INFO Creating directory /home/users/mghavami/.local/easybuild/sources/o/OSU-Micro-Benchmarks (parents: True, set_gid: False, sticky: False)
== 2025-03-25 13:55:31,228 filetools.py:849 INFO File size for https://mvapich.cse.ohio-state.edu/download/mvapich/osu-micro-benchmarks-7.5.tar.gz: 974483
== 2025-03-25 13:55:31,228 filetools.py:289 INFO Not showing progress bar for downloading small file (size 974483)
== 2025-03-25 13:55:31,749 filetools.py:856 INFO Downloaded file osu-micro-benchmarks-7.5.tar.gz from url https://mvapich.cse.ohio-state.edu/download/mvapich/osu-micro-benchmarks-7.5.tar.gz to /home/users/mghavami/.local/easybuild/sources/o/OSU-Micro-Benchmarks/osu-micro-benchmarks-7.5.tar.gz
== 2025-03-25 13:55:31,749 filetools.py:891 INFO Successful download of file osu-micro-benchmarks-7.5.tar.gz from url https://mvapich.cse.ohio-state.edu/download/mvapich/osu-micro-benchmarks-7.5.tar.gz to path /home/users/mghavami/.local/easybuild/sources/o/OSU-Micro-Benchmarks/osu-micro-benchmarks-7.5.tar.gz
== 2025-03-25 13:55:31,749 easyblock.py:1010 INFO Successfully downloaded source file osu-micro-benchmarks-7.5.tar.gz from https://mvapich.cse.ohio-state.edu/download/mvapich/osu-micro-benchmarks-7.5.tar.gz
== 2025-03-25 13:55:31,749 easyblock.py:548 INFO Added sources: [{'name': 'osu-micro-benchmarks-7.5.tar.gz', 'path': '/home/users/mghavami/.local/easybuild/sources/o/OSU-Micro-Benchmarks/osu-micro-benchmarks-7.5.tar.gz', 'cmd': None, 'checksum': None, 'finalpath': '/tmp/mghavami/OSUMicroBenchmarks/7.5/gompi-2020b'}]
== 2025-03-25 13:55:31,749 easyblock.py:2610 INFO no patches provided
== 2025-03-25 13:55:31,750 easyblock.py:2619 INFO sha256 checksum for /home/users/mghavami/.local/easybuild/sources/o/OSU-Micro-Benchmarks/osu-micro-benchmarks-7.5.tar.gz: 1cf84ac5419456202757a757c5f9a4f5c6ecd05c65783c7976421cfd6020b3b3
== 2025-03-25 13:55:31,751 easyblock.py:2654 INFO Checking dirs that need to be created: ['/home/users/mghavami/.local/easybuild/software/OSU-Micro-Benchmarks/7.5-gompi-2020b', '/home/users/mghavami/.local/easybuild/modules/all/perf/OSU-Micro-Benchmarks', '/home/users/mghavami/.local/easybuild/modules/perf/perf/OSU-Micro-Benchmarks']
== 2025-03-25 13:55:31,751 filetools.py:2001 INFO Creating directory /home/users/mghavami/.local/easybuild/software/OSU-Micro-Benchmarks/7.5-gompi-2020b (parents: True, set_gid: False, sticky: False)
== 2025-03-25 13:55:31,752 filetools.py:2001 INFO Creating directory /home/users/mghavami/.local/easybuild/modules/all/perf/OSU-Micro-Benchmarks (parents: True, set_gid: False, sticky: False)
== 2025-03-25 13:55:31,758 filetools.py:2001 INFO Creating directory /home/users/mghavami/.local/easybuild/modules/perf/perf/OSU-Micro-Benchmarks (parents: True, set_gid: False, sticky: False)
== 2025-03-25 13:55:31,775 configuremake.py:97 INFO config.guess version: 2023-08-22 (last updated: 2025-03-25T13:12:52.346033, SHA256 checksum: ec2577614252326f889df1de97b9a457c03a9a94811048563c211a44496d8ba3)
== 2025-03-25 13:55:31,775 configuremake.py:152 INFO Found config.guess at /home/users/mghavami/.local/easybuild/sources/generic/eb_v5.0.0/ConfigureMake/config.guess
== 2025-03-25 13:55:31,775 easyblock.py:4251 INFO Running method checksum_step part of step fetch
== 2025-03-25 13:55:31,775 easyblock.py:2672 INFO Checksum verification for /home/users/mghavami/.local/easybuild/sources/o/OSU-Micro-Benchmarks/osu-micro-benchmarks-7.5.tar.gz using None passed.
== 2025-03-25 13:55:31,776 build_log.py:322 INFO ... (took 1 secs)
== 2025-03-25 13:55:31,776 build_log.py:322 INFO creating build dir, resetting environment...
== 2025-03-25 13:55:31,776 easyblock.py:4243 INFO Starting ready step
== 2025-03-25 13:55:31,776 easyconfig.py:1812 INFO Generating template values...
== 2025-03-25 13:55:31,776 mpi.py:122 INFO Using template MPI command 'mpirun -n %(nr_ranks)s %(cmd)s' for MPI family 'OpenMPI'
== 2025-03-25 13:55:31,776 mpi.py:298 INFO Using MPI command template 'mpirun -n %(nr_ranks)s %(cmd)s' (params: {'nr_ranks': 1, 'cmd': 'xxx_command_xxx'})
== 2025-03-25 13:55:31,776 easyconfig.py:1831 INFO Template values: arch='x86_64', bitbucket_account='osu-micro-benchmarks', builddir='/tmp/mghavami/OSUMicroBenchmarks/7.5/gompi-2020b', github_account='osu-micro-benchmarks', installdir='/home/users/mghavami/.local/easybuild/software/OSU-Micro-Benchmarks/7.5-gompi-2020b', module_name='perf/OSU-Micro-Benchmarks/7.5-gompi-2020b', mpi_cmd_prefix='mpirun -n 1', name='OSU-Micro-Benchmarks', nameletter='O', nameletterlower='o', namelower='osu-micro-benchmarks', parallel='16', rpath_enabled='true', software_commit='', start_dir='None', sysroot='', toolchain_name='gompi', toolchain_version='2020b', version='7.5', version_major='7', version_major_minor='7.5', version_minor='5', versionprefix='', versionsuffix=''
== 2025-03-25 13:55:31,776 easyblock.py:4251 INFO Running method check_readiness_step part of step ready
== 2025-03-25 13:55:31,777 run.py:500 INFO Running shell command '/usr/share/lmod/lmod/libexec/lmod python --terse list' in /mnt/aiongpfs/users/mghavami/y2425-w04-software-installation-on-hpc-AminGhavami/omb
== 2025-03-25 13:55:31,821 run.py:595 INFO Output of '/usr/share/lmod/lmod/libexec/lmod ...' shell command (stdout only):
import os
os.environ["MODULEPATH"] = "/home/users/mghavami/.local/easybuild/modules/all:/opt/apps/easybuild/environment/modules:/cvmfs/software.eessi.io/init/modules:/opt/apps/resif/aion/2020b/epyc/modules/all";
os.environ["_ModuleTable001_"] = "X01vZHVsZVRhYmxlXyA9IHsKTVR2ZXJzaW9uID0gMywKY19yZWJ1aWxkVGltZSA9IGZhbHNlLApjX3Nob3J0VGltZSA9IGZhbHNlLApkZXB0aFQgPSB7fSwKZmFtaWx5ID0gewplbnYgPSAiZW52L3JlbGVhc2UiLAp9LAptVCA9IHsKWyJlbnYvcmVsZWFzZSJdID0gewphY3Rpb25BID0gewoiYXBwZW5kX3BhdGgoXCJNT0RVTEVQQVRIXCIsXCIvb3B0L2FwcHMvcmVzaWYvYWlvbi8yMDIwYi9lcHljL21vZHVsZXMvYWxsXCIpIiwKfSwKZm4gPSAiL29wdC9hcHBzL2Vhc3lidWlsZC9lbnZpcm9ubWVudC9tb2R1bGVzL2Vudi9yZWxlYXNlL2RlZmF1bHQubHVhIiwKZnVsbE5hbWUgPSAiZW52L3JlbGVhc2UvZGVmYXVsdCIsCmxvYWRPcmRlciA9IDEsCnByb3BUID0gewpsbW9kID0g";
os.environ["_ModuleTable002_"] = "ewpzdGlja3kgPSAxLAp9LAp9LApzdGFja0RlcHRoID0gMCwKc3RhdHVzID0gImFjdGl2ZSIsCnVzZXJOYW1lID0gImVudi9yZWxlYXNlL2RlZmF1bHQiLAp3ViA9ICIqZGVmYXVsdC4qemZpbmFsIiwKfSwKWyJ0b29scy9FYXN5QnVpbGQiXSA9IHsKZm4gPSAiL2hvbWUvdXNlcnMvbWdoYXZhbWkvLmxvY2FsL2Vhc3lidWlsZC9tb2R1bGVzL2FsbC90b29scy9FYXN5QnVpbGQvNS4wLjAubHVhIiwKZnVsbE5hbWUgPSAidG9vbHMvRWFzeUJ1aWxkLzUuMC4wIiwKbG9hZE9yZGVyID0gMiwKcHJvcFQgPSB7fSwKc3RhY2tEZXB0aCA9IDAsCnN0YXR1cyA9ICJhY3RpdmUiLAp1c2VyTmFtZSA9ICJ0b29scy9FYXN5QnVpbGQvNS4wLjAiLAp3ViA9ICIwMDAwMDAwMDUuKnpmaW5hbCIs";
os.environ["_ModuleTable003_"] = "Cn0sCn0sCm1wYXRoQSA9IHsKIi9ob21lL3VzZXJzL21naGF2YW1pLy5sb2NhbC9lYXN5YnVpbGQvbW9kdWxlcy9hbGwiCiwgIi9vcHQvYXBwcy9lYXN5YnVpbGQvZW52aXJvbm1lbnQvbW9kdWxlcyIKLCAiL2N2bWZzL3NvZnR3YXJlLmVlc3NpLmlvL2luaXQvbW9kdWxlcyIsICIvb3B0L2FwcHMvcmVzaWYvYWlvbi8yMDIwYi9lcHljL21vZHVsZXMvYWxsIiwKfSwKc3lzdGVtQmFzZU1QQVRIID0gIi9vcHQvYXBwcy9lYXN5YnVpbGQvZW52aXJvbm1lbnQvbW9kdWxlczovY3ZtZnMvc29mdHdhcmUuZWVzc2kuaW8vaW5pdC9tb2R1bGVzIiwKfQo=";
os.environ["_ModuleTable_Sz_"] = "3";
_mlstatus = True

== 2025-03-25 13:55:31,822 run.py:596 INFO Warnings and errors of '/usr/share/lmod/lmod/libexec/lmod ...' shell command (stderr only):
env/release/default
tools/EasyBuild/5.0.0

== 2025-03-25 13:55:31,822 run.py:601 INFO Shell command completed successfully (see output above): /usr/share/lmod/lmod/libexec/lmod python --terse list
== 2025-03-25 13:55:31,822 easyblock.py:2516 WARNING Loaded modules detected: ['env/release/default', 'tools/EasyBuild/5.0.0']
== 2025-03-25 13:55:31,822 easyblock.py:4251 INFO Running method make_builddir part of step ready
== 2025-03-25 13:55:31,822 filetools.py:2001 INFO Creating directory /tmp/mghavami/OSUMicroBenchmarks/7.5/gompi-2020b (parents: True, set_gid: False, sticky: False)
== 2025-03-25 13:55:31,823 easyblock.py:4251 INFO Running method reset_env part of step ready
== 2025-03-25 13:55:31,823 easyblock.py:4251 INFO Running method handle_iterate_opts part of step ready
== 2025-03-25 13:55:31,823 easyconfig.py:1812 INFO Generating template values...
== 2025-03-25 13:55:31,824 mpi.py:122 INFO Using template MPI command 'mpirun -n %(nr_ranks)s %(cmd)s' for MPI family 'OpenMPI'
== 2025-03-25 13:55:31,824 mpi.py:298 INFO Using MPI command template 'mpirun -n %(nr_ranks)s %(cmd)s' (params: {'nr_ranks': 1, 'cmd': 'xxx_command_xxx'})
== 2025-03-25 13:55:31,824 easyconfig.py:1831 INFO Template values: arch='x86_64', bitbucket_account='osu-micro-benchmarks', builddir='/tmp/mghavami/OSUMicroBenchmarks/7.5/gompi-2020b', github_account='osu-micro-benchmarks', installdir='/home/users/mghavami/.local/easybuild/software/OSU-Micro-Benchmarks/7.5-gompi-2020b', module_name='perf/OSU-Micro-Benchmarks/7.5-gompi-2020b', mpi_cmd_prefix='mpirun -n 1', name='OSU-Micro-Benchmarks', nameletter='O', nameletterlower='o', namelower='osu-micro-benchmarks', parallel='16', rpath_enabled='true', software_commit='', start_dir='None', sysroot='', toolchain_name='gompi', toolchain_version='2020b', version='7.5', version_major='7', version_major_minor='7.5', version_minor='5', versionprefix='', versionsuffix=''
== 2025-03-25 13:55:31,824 build_log.py:322 INFO ... (took < 1 sec)
== 2025-03-25 13:55:31,824 build_log.py:322 INFO unpacking...
== 2025-03-25 13:55:31,824 easyblock.py:4243 INFO Starting extract step
== 2025-03-25 13:55:31,824 easyconfig.py:1812 INFO Generating template values...
== 2025-03-25 13:55:31,824 mpi.py:122 INFO Using template MPI command 'mpirun -n %(nr_ranks)s %(cmd)s' for MPI family 'OpenMPI'
== 2025-03-25 13:55:31,824 mpi.py:298 INFO Using MPI command template 'mpirun -n %(nr_ranks)s %(cmd)s' (params: {'nr_ranks': 1, 'cmd': 'xxx_command_xxx'})
== 2025-03-25 13:55:31,824 easyconfig.py:1831 INFO Template values: arch='x86_64', bitbucket_account='osu-micro-benchmarks', builddir='/tmp/mghavami/OSUMicroBenchmarks/7.5/gompi-2020b', github_account='osu-micro-benchmarks', installdir='/home/users/mghavami/.local/easybuild/software/OSU-Micro-Benchmarks/7.5-gompi-2020b', module_name='perf/OSU-Micro-Benchmarks/7.5-gompi-2020b', mpi_cmd_prefix='mpirun -n 1', name='OSU-Micro-Benchmarks', nameletter='O', nameletterlower='o', namelower='osu-micro-benchmarks', parallel='16', rpath_enabled='true', software_commit='', start_dir='None', sysroot='', toolchain_name='gompi', toolchain_version='2020b', version='7.5', version_major='7', version_major_minor='7.5', version_minor='5', versionprefix='', versionsuffix=''
== 2025-03-25 13:55:31,825 easyblock.py:4251 INFO Running method extract_step part of step extract
== 2025-03-25 13:55:31,825 easyblock.py:2796 INFO Unpacking source osu-micro-benchmarks-7.5.tar.gz
== 2025-03-25 13:55:31,826 run.py:452 INFO run_shell_cmd: command environment of "tar xzf /home/users/mghavami/.local/easybuild/sources/o/OSU-Micro-Benchmarks/osu-micro-benchmarks-7.5.tar.gz" will be saved to /tmp/eb-09zxmkft/run-shell-cmd-output/tar-fkboxys6
== 2025-03-25 13:55:31,826 run.py:455 INFO run_shell_cmd: Output of "tar xzf /home/users/mghavami/.local/easybuild/sources/o/OSU-Micro-Benchmarks/osu-micro-benchmarks-7.5.tar.gz" will be logged to /tmp/eb-09zxmkft/run-shell-cmd-output/tar-fkboxys6/out.txt
== 2025-03-25 13:55:31,837 run.py:489 INFO Path to bash that will be used to run shell commands: /usr/bin/bash
== 2025-03-25 13:55:31,838 run.py:500 INFO Running shell command 'tar xzf /home/users/mghavami/.local/easybuild/sources/o/OSU-Micro-Benchmarks/osu-micro-benchmarks-7.5.tar.gz' in /tmp/mghavami/OSUMicroBenchmarks/7.5/gompi-2020b
== 2025-03-25 13:55:31,931 run.py:598 INFO Output of 'tar ...' shell command (stdout + stderr):

== 2025-03-25 13:55:31,931 run.py:601 INFO Shell command completed successfully (see output above): tar xzf /home/users/mghavami/.local/easybuild/sources/o/OSU-Micro-Benchmarks/osu-micro-benchmarks-7.5.tar.gz
== 2025-03-25 13:55:31,931 build_log.py:322 INFO ... (took < 1 sec)
== 2025-03-25 13:55:31,932 build_log.py:322 INFO patching...
== 2025-03-25 13:55:31,932 easyblock.py:4243 INFO Starting patch step
== 2025-03-25 13:55:31,932 easyconfig.py:1812 INFO Generating template values...
== 2025-03-25 13:55:31,932 mpi.py:122 INFO Using template MPI command 'mpirun -n %(nr_ranks)s %(cmd)s' for MPI family 'OpenMPI'
== 2025-03-25 13:55:31,932 mpi.py:298 INFO Using MPI command template 'mpirun -n %(nr_ranks)s %(cmd)s' (params: {'nr_ranks': 1, 'cmd': 'xxx_command_xxx'})
== 2025-03-25 13:55:31,932 easyconfig.py:1831 INFO Template values: arch='x86_64', bitbucket_account='osu-micro-benchmarks', builddir='/tmp/mghavami/OSUMicroBenchmarks/7.5/gompi-2020b', github_account='osu-micro-benchmarks', installdir='/home/users/mghavami/.local/easybuild/software/OSU-Micro-Benchmarks/7.5-gompi-2020b', module_name='perf/OSU-Micro-Benchmarks/7.5-gompi-2020b', mpi_cmd_prefix='mpirun -n 1', name='OSU-Micro-Benchmarks', nameletter='O', nameletterlower='o', namelower='osu-micro-benchmarks', parallel='16', rpath_enabled='true', software_commit='', start_dir='None', sysroot='', toolchain_name='gompi', toolchain_version='2020b', version='7.5', version_major='7', version_major_minor='7.5', version_minor='5', versionprefix='', versionsuffix=''
== 2025-03-25 13:55:31,932 easyblock.py:4251 INFO Running method patch_step part of step patch
== 2025-03-25 13:55:31,932 build_log.py:322 INFO ... (took < 1 sec)
== 2025-03-25 13:55:31,932 build_log.py:322 INFO preparing...
== 2025-03-25 13:55:31,933 easyblock.py:4243 INFO Starting prepare step
== 2025-03-25 13:55:31,933 easyconfig.py:1812 INFO Generating template values...
== 2025-03-25 13:55:31,933 mpi.py:122 INFO Using template MPI command 'mpirun -n %(nr_ranks)s %(cmd)s' for MPI family 'OpenMPI'
== 2025-03-25 13:55:31,933 mpi.py:298 INFO Using MPI command template 'mpirun -n %(nr_ranks)s %(cmd)s' (params: {'nr_ranks': 1, 'cmd': 'xxx_command_xxx'})
== 2025-03-25 13:55:31,933 easyconfig.py:1831 INFO Template values: arch='x86_64', bitbucket_account='osu-micro-benchmarks', builddir='/tmp/mghavami/OSUMicroBenchmarks/7.5/gompi-2020b', github_account='osu-micro-benchmarks', installdir='/home/users/mghavami/.local/easybuild/software/OSU-Micro-Benchmarks/7.5-gompi-2020b', module_name='perf/OSU-Micro-Benchmarks/7.5-gompi-2020b', mpi_cmd_prefix='mpirun -n 1', name='OSU-Micro-Benchmarks', nameletter='O', nameletterlower='o', namelower='osu-micro-benchmarks', parallel='16', rpath_enabled='true', software_commit='', start_dir='None', sysroot='', toolchain_name='gompi', toolchain_version='2020b', version='7.5', version_major='7', version_major_minor='7.5', version_minor='5', versionprefix='', versionsuffix=''
== 2025-03-25 13:55:31,933 easyblock.py:4251 INFO Running method prepare_step part of step prepare
== 2025-03-25 13:55:31,933 modules.py:972 INFO Checking whether toolchain/gompi/2020b exists...
== 2025-03-25 13:55:31,933 modules.py:980 INFO Module toolchain/gompi/2020b not found in list of available modules, checking via 'module show'...
== 2025-03-25 13:55:31,934 run.py:500 INFO Running shell command '/usr/share/lmod/lmod/libexec/lmod python show toolchain/gompi/2020b' in /tmp/mghavami/OSUMicroBenchmarks/7.5/gompi-2020b/osu-micro-benchmarks-7.5
== 2025-03-25 13:55:32,044 run.py:595 INFO Output of '/usr/share/lmod/lmod/libexec/lmod ...' shell command (stdout only):
import os
os.environ["MODULEPATH"] = "/home/users/mghavami/.local/easybuild/modules/all:/opt/apps/easybuild/environment/modules:/cvmfs/software.eessi.io/init/modules:/opt/apps/resif/aion/2020b/epyc/modules/all";
os.environ["_ModuleTable001_"] = "X01vZHVsZVRhYmxlXyA9IHsKTVR2ZXJzaW9uID0gMywKY19yZWJ1aWxkVGltZSA9IGZhbHNlLApjX3Nob3J0VGltZSA9IGZhbHNlLApkZXB0aFQgPSB7fSwKZmFtaWx5ID0gewplbnYgPSAiZW52L3JlbGVhc2UiLAp9LAptVCA9IHsKWyJlbnYvcmVsZWFzZSJdID0gewphY3Rpb25BID0gewoiYXBwZW5kX3BhdGgoXCJNT0RVTEVQQVRIXCIsXCIvb3B0L2FwcHMvcmVzaWYvYWlvbi8yMDIwYi9lcHljL21vZHVsZXMvYWxsXCIpIiwKfSwKZm4gPSAiL29wdC9hcHBzL2Vhc3lidWlsZC9lbnZpcm9ubWVudC9tb2R1bGVzL2Vudi9yZWxlYXNlL2RlZmF1bHQubHVhIiwKZnVsbE5hbWUgPSAiZW52L3JlbGVhc2UvZGVmYXVsdCIsCmxvYWRPcmRlciA9IDEsCnByb3BUID0gewpsbW9kID0g";
os.environ["_ModuleTable002_"] = "ewpzdGlja3kgPSAxLAp9LAp9LApzdGFja0RlcHRoID0gMCwKc3RhdHVzID0gImFjdGl2ZSIsCnVzZXJOYW1lID0gImVudi9yZWxlYXNlL2RlZmF1bHQiLAp3ViA9ICIqZGVmYXVsdC4qemZpbmFsIiwKfSwKWyJ0b29scy9FYXN5QnVpbGQiXSA9IHsKZm4gPSAiL2hvbWUvdXNlcnMvbWdoYXZhbWkvLmxvY2FsL2Vhc3lidWlsZC9tb2R1bGVzL2FsbC90b29scy9FYXN5QnVpbGQvNS4wLjAubHVhIiwKZnVsbE5hbWUgPSAidG9vbHMvRWFzeUJ1aWxkLzUuMC4wIiwKbG9hZE9yZGVyID0gMiwKcHJvcFQgPSB7fSwKc3RhY2tEZXB0aCA9IDAsCnN0YXR1cyA9ICJhY3RpdmUiLAp1c2VyTmFtZSA9ICJ0b29scy9FYXN5QnVpbGQvNS4wLjAiLAp3ViA9ICIwMDAwMDAwMDUuKnpmaW5hbCIs";
os.environ["_ModuleTable003_"] = "Cn0sCn0sCm1wYXRoQSA9IHsKIi9ob21lL3VzZXJzL21naGF2YW1pLy5sb2NhbC9lYXN5YnVpbGQvbW9kdWxlcy9hbGwiCiwgIi9vcHQvYXBwcy9lYXN5YnVpbGQvZW52aXJvbm1lbnQvbW9kdWxlcyIKLCAiL2N2bWZzL3NvZnR3YXJlLmVlc3NpLmlvL2luaXQvbW9kdWxlcyIsICIvb3B0L2FwcHMvcmVzaWYvYWlvbi8yMDIwYi9lcHljL21vZHVsZXMvYWxsIiwKfSwKc3lzdGVtQmFzZU1QQVRIID0gIi9vcHQvYXBwcy9lYXN5YnVpbGQvZW52aXJvbm1lbnQvbW9kdWxlczovY3ZtZnMvc29mdHdhcmUuZWVzc2kuaW8vaW5pdC9tb2R1bGVzIiwKfQo=";
os.environ["_ModuleTable_Sz_"] = "3";
_mlstatus = True

== 2025-03-25 13:55:32,045 run.py:596 INFO Warnings and errors of '/usr/share/lmod/lmod/libexec/lmod ...' shell command (stderr only):
-------------------------------------------------------------------
   /opt/apps/resif/aion/2020b/epyc/modules/all/toolchain/gompi/2020b.lua:
-------------------------------------------------------------------
help([[
Description
===========
GNU Compiler Collection (GCC) based compiler toolchain,
 including OpenMPI for MPI support.


More information
================
 - Homepage: (none)
]])
whatis("Description: GNU Compiler Collection (GCC) based compiler toolchain,
 including OpenMPI for MPI support.")
whatis("Homepage: (none)")
whatis("URL: (none)")
conflict("toolchain/gompi")
load("compiler/GCC/10.2.0")
load("mpi/OpenMPI/4.0.5-GCC-10.2.0")
setenv("EBROOTGOMPI","/opt/apps/resif/aion/2020b/epyc/software/gompi/2020b")
setenv("EBVERSIONGOMPI","2020b")
setenv("EBDEVELGOMPI","/opt/apps/resif/aion/2020b/epyc/software/gompi/2020b/easybuild/toolchain-gompi-2020b-easybuild-devel")


== 2025-03-25 13:55:32,045 run.py:601 INFO Shell command completed successfully (see output above): /usr/share/lmod/lmod/libexec/lmod python show toolchain/gompi/2020b
== 2025-03-25 13:55:32,045 modules.py:1000 INFO Result for existence check of toolchain/gompi/2020b module: True
== 2025-03-25 13:55:32,046 run.py:500 INFO Running shell command '/usr/share/lmod/lmod/libexec/lmod python --terse list' in /tmp/mghavami/OSUMicroBenchmarks/7.5/gompi-2020b/osu-micro-benchmarks-7.5
== 2025-03-25 13:55:32,090 run.py:595 INFO Output of '/usr/share/lmod/lmod/libexec/lmod ...' shell command (stdout only):
import os
os.environ["MODULEPATH"] = "/home/users/mghavami/.local/easybuild/modules/all:/opt/apps/easybuild/environment/modules:/cvmfs/software.eessi.io/init/modules:/opt/apps/resif/aion/2020b/epyc/modules/all";
os.environ["_ModuleTable001_"] = "X01vZHVsZVRhYmxlXyA9IHsKTVR2ZXJzaW9uID0gMywKY19yZWJ1aWxkVGltZSA9IGZhbHNlLApjX3Nob3J0VGltZSA9IGZhbHNlLApkZXB0aFQgPSB7fSwKZmFtaWx5ID0gewplbnYgPSAiZW52L3JlbGVhc2UiLAp9LAptVCA9IHsKWyJlbnYvcmVsZWFzZSJdID0gewphY3Rpb25BID0gewoiYXBwZW5kX3BhdGgoXCJNT0RVTEVQQVRIXCIsXCIvb3B0L2FwcHMvcmVzaWYvYWlvbi8yMDIwYi9lcHljL21vZHVsZXMvYWxsXCIpIiwKfSwKZm4gPSAiL29wdC9hcHBzL2Vhc3lidWlsZC9lbnZpcm9ubWVudC9tb2R1bGVzL2Vudi9yZWxlYXNlL2RlZmF1bHQubHVhIiwKZnVsbE5hbWUgPSAiZW52L3JlbGVhc2UvZGVmYXVsdCIsCmxvYWRPcmRlciA9IDEsCnByb3BUID0gewpsbW9kID0g";
os.environ["_ModuleTable002_"] = "ewpzdGlja3kgPSAxLAp9LAp9LApzdGFja0RlcHRoID0gMCwKc3RhdHVzID0gImFjdGl2ZSIsCnVzZXJOYW1lID0gImVudi9yZWxlYXNlL2RlZmF1bHQiLAp3ViA9ICIqZGVmYXVsdC4qemZpbmFsIiwKfSwKWyJ0b29scy9FYXN5QnVpbGQiXSA9IHsKZm4gPSAiL2hvbWUvdXNlcnMvbWdoYXZhbWkvLmxvY2FsL2Vhc3lidWlsZC9tb2R1bGVzL2FsbC90b29scy9FYXN5QnVpbGQvNS4wLjAubHVhIiwKZnVsbE5hbWUgPSAidG9vbHMvRWFzeUJ1aWxkLzUuMC4wIiwKbG9hZE9yZGVyID0gMiwKcHJvcFQgPSB7fSwKc3RhY2tEZXB0aCA9IDAsCnN0YXR1cyA9ICJhY3RpdmUiLAp1c2VyTmFtZSA9ICJ0b29scy9FYXN5QnVpbGQvNS4wLjAiLAp3ViA9ICIwMDAwMDAwMDUuKnpmaW5hbCIs";
os.environ["_ModuleTable003_"] = "Cn0sCn0sCm1wYXRoQSA9IHsKIi9ob21lL3VzZXJzL21naGF2YW1pLy5sb2NhbC9lYXN5YnVpbGQvbW9kdWxlcy9hbGwiCiwgIi9vcHQvYXBwcy9lYXN5YnVpbGQvZW52aXJvbm1lbnQvbW9kdWxlcyIKLCAiL2N2bWZzL3NvZnR3YXJlLmVlc3NpLmlvL2luaXQvbW9kdWxlcyIsICIvb3B0L2FwcHMvcmVzaWYvYWlvbi8yMDIwYi9lcHljL21vZHVsZXMvYWxsIiwKfSwKc3lzdGVtQmFzZU1QQVRIID0gIi9vcHQvYXBwcy9lYXN5YnVpbGQvZW52aXJvbm1lbnQvbW9kdWxlczovY3ZtZnMvc29mdHdhcmUuZWVzc2kuaW8vaW5pdC9tb2R1bGVzIiwKfQo=";
os.environ["_ModuleTable_Sz_"] = "3";
_mlstatus = True

== 2025-03-25 13:55:32,090 run.py:596 INFO Warnings and errors of '/usr/share/lmod/lmod/libexec/lmod ...' shell command (stderr only):
env/release/default
tools/EasyBuild/5.0.0

== 2025-03-25 13:55:32,091 run.py:601 INFO Shell command completed successfully (see output above): /usr/share/lmod/lmod/libexec/lmod python --terse list
== 2025-03-25 13:55:32,091 run.py:500 INFO Running shell command '/usr/share/lmod/lmod/libexec/lmod python load toolchain/gompi/2020b' in /tmp/mghavami/OSUMicroBenchmarks/7.5/gompi-2020b/osu-micro-benchmarks-7.5
== 2025-03-25 13:55:32,269 run.py:595 INFO Output of '/usr/share/lmod/lmod/libexec/lmod ...' shell command (stdout only):
import os
os.environ["__LMOD_REF_COUNT_ACLOCAL_PATH"] = "/opt/apps/resif/aion/2020b/epyc/software/libxml2/2.9.10-GCCcore-10.2.0/share/aclocal:1";
os.environ["ACLOCAL_PATH"] = "/opt/apps/resif/aion/2020b/epyc/software/libxml2/2.9.10-GCCcore-10.2.0/share/aclocal";
os.environ["__LMOD_REF_COUNT_CMAKE_LIBRARY_PATH"] = "/opt/apps/resif/aion/2020b/epyc/software/GCCcore/10.2.0/lib64:1";
os.environ["CMAKE_LIBRARY_PATH"] = "/opt/apps/resif/aion/2020b/epyc/software/GCCcore/10.2.0/lib64";
os.environ["__LMOD_REF_COUNT_CMAKE_PREFIX_PATH"] = "/opt/apps/resif/aion/2020b/epyc/software/OpenMPI/4.0.5-GCC-10.2.0:1;/opt/apps/resif/aion/2020b/epyc/software/UCX/1.9.0-GCCcore-10.2.0:1;/opt/apps/resif/aion/2020b/epyc/software/hwloc/2.2.0-GCCcore-10.2.0:1;/opt/apps/resif/aion/2020b/epyc/software/libpciaccess/0.16-GCCcore-10.2.0:1;/opt/apps/resif/aion/2020b/epyc/software/libxml2/2.9.10-GCCcore-10.2.0:1;/opt/apps/resif/aion/2020b/epyc/software/XZ/5.2.5-GCCcore-10.2.0:1;/opt/apps/resif/aion/2020b/epyc/software/numactl/2.0.13-GCCcore-10.2.0:1;/opt/apps/resif/aion/2020b/epyc/software/binutils/2.35-GCCcore-10.2.0:1;/opt/apps/resif/aion/2020b/epyc/software/zlib/1.2.11-GCCcore-10.2.0:1;/opt/apps/resif/aion/2020b/epyc/software/GCCcore/10.2.0:1;/home/users/mghavami/.local/easybuild/software/EasyBuild/5.0.0:1";
os.environ["CMAKE_PREFIX_PATH"] = "/opt/apps/resif/aion/2020b/epyc/software/OpenMPI/4.0.5-GCC-10.2.0:/opt/apps/resif/aion/2020b/epyc/software/UCX/1.9.0-GCCcore-10.2.0:/opt/apps/resif/aion/2020b/epyc/software/hwloc/2.2.0-GCCcore-10.2.0:/opt/apps/resif/aion/2020b/epyc/software/libpciaccess/0.16-GCCcore-10.2.0:/opt/apps/resif/aion/2020b/epyc/software/libxml2/2.9.10-GCCcore-10.2.0:/opt/apps/resif/aion/2020b/epyc/software/XZ/5.2.5-GCCcore-10.2.0:/opt/apps/resif/aion/2020b/epyc/software/numactl/2.0.13-GCCcore-10.2.0:/opt/apps/resif/aion/2020b/epyc/software/binutils/2.35-GCCcore-10.2.0:/opt/apps/resif/aion/2020b/epyc/software/zlib/1.2.11-GCCcore-10.2.0:/opt/apps/resif/aion/2020b/epyc/software/GCCcore/10.2.0:/home/users/mghavami/.local/easybuild/software/EasyBuild/5.0.0";
os.environ["__LMOD_REF_COUNT_CPATH"] = "/opt/apps/resif/aion/2020b/epyc/software/OpenMPI/4.0.5-GCC-10.2.0/include:1;/opt/apps/resif/aion/2020b/epyc/software/UCX/1.9.0-GCCcore-10.2.0/include:1;/opt/apps/resif/aion/2020b/epyc/software/hwloc/2.2.0-GCCcore-10.2.0/include:1;/opt/apps/resif/aion/2020b/epyc/software/libpciaccess/0.16-GCCcore-10.2.0/include:1;/opt/apps/resif/aion/2020b/epyc/software/libxml2/2.9.10-GCCcore-10.2.0/include/libxml2:1;/opt/apps/resif/aion/2020b/epyc/software/libxml2/2.9.10-GCCcore-10.2.0/include:1;/opt/apps/resif/aion/2020b/epyc/software/XZ/5.2.5-GCCcore-10.2.0/include:1;/opt/apps/resif/aion/2020b/epyc/software/numactl/2.0.13-GCCcore-10.2.0/include:1;/opt/apps/resif/aion/2020b/epyc/software/binutils/2.35-GCCcore-10.2.0/include:1;/opt/apps/resif/aion/2020b/epyc/software/zlib/1.2.11-GCCcore-10.2.0/include:1";
os.environ["CPATH"] = "/opt/apps/resif/aion/2020b/epyc/software/OpenMPI/4.0.5-GCC-10.2.0/include:/opt/apps/resif/aion/2020b/epyc/software/UCX/1.9.0-GCCcore-10.2.0/include:/opt/apps/resif/aion/2020b/epyc/software/hwloc/2.2.0-GCCcore-10.2.0/include:/opt/apps/resif/aion/2020b/epyc/software/libpciaccess/0.16-GCCcore-10.2.0/include:/opt/apps/resif/aion/2020b/epyc/software/libxml2/2.9.10-GCCcore-10.2.0/include/libxml2:/opt/apps/resif/aion/2020b/epyc/software/libxml2/2.9.10-GCCcore-10.2.0/include:/opt/apps/resif/aion/2020b/epyc/software/XZ/5.2.5-GCCcore-10.2.0/include:/opt/apps/resif/aion/2020b/epyc/software/numactl/2.0.13-GCCcore-10.2.0/include:/opt/apps/resif/aion/2020b/epyc/software/binutils/2.35-GCCcore-10.2.0/include:/opt/apps/resif/aion/2020b/epyc/software/zlib/1.2.11-GCCcore-10.2.0/include";
os.environ["EBDEVELBINUTILS"] = "/opt/apps/resif/aion/2020b/epyc/software/binutils/2.35-GCCcore-10.2.0/easybuild/tools-binutils-2.35-GCCcore-10.2.0-easybuild-devel";
os.environ["EBDEVELGCC"] = "/opt/apps/resif/aion/2020b/epyc/software/GCC/10.2.0/easybuild/compiler-GCC-10.2.0-easybuild-devel";
os.environ["EBDEVELGCCCORE"] = "/opt/apps/resif/aion/2020b/epyc/software/GCCcore/10.2.0/easybuild/compiler-GCCcore-10.2.0-easybuild-devel";
os.environ["EBDEVELGOMPI"] = "/opt/apps/resif/aion/2020b/epyc/software/gompi/2020b/easybuild/toolchain-gompi-2020b-easybuild-devel";
os.environ["EBDEVELHWLOC"] = "/opt/apps/resif/aion/2020b/epyc/software/hwloc/2.2.0-GCCcore-10.2.0/easybuild/system-hwloc-2.2.0-GCCcore-10.2.0-easybuild-devel";
os.environ["EBDEVELLIBPCIACCESS"] = "/opt/apps/resif/aion/2020b/epyc/software/libpciaccess/0.16-GCCcore-10.2.0/easybuild/system-libpciaccess-0.16-GCCcore-10.2.0-easybuild-devel";
os.environ["EBDEVELLIBXML2"] = "/opt/apps/resif/aion/2020b/epyc/software/libxml2/2.9.10-GCCcore-10.2.0/easybuild/lib-libxml2-2.9.10-GCCcore-10.2.0-easybuild-devel";
os.environ["EBDEVELNUMACTL"] = "/opt/apps/resif/aion/2020b/epyc/software/numactl/2.0.13-GCCcore-10.2.0/easybuild/tools-numactl-2.0.13-GCCcore-10.2.0-easybuild-devel";
os.environ["EBDEVELOPENMPI"] = "/opt/apps/resif/aion/2020b/epyc/software/OpenMPI/4.0.5-GCC-10.2.0/easybuild/mpi-OpenMPI-4.0.5-GCC-10.2.0-easybuild-devel";
os.environ["EBDEVELUCX"] = "/opt/apps/resif/aion/2020b/epyc/software/UCX/1.9.0-GCCcore-10.2.0/easybuild/lib-UCX-1.9.0-GCCcore-10.2.0-easybuild-devel";
os.environ["EBDEVELXZ"] = "/opt/apps/resif/aion/2020b/epyc/software/XZ/5.2.5-GCCcore-10.2.0/easybuild/tools-XZ-5.2.5-GCCcore-10.2.0-easybuild-devel";
os.environ["EBDEVELZLIB"] = "/opt/apps/resif/aion/2020b/epyc/software/zlib/1.2.11-GCCcore-10.2.0/easybuild/lib-zlib-1.2.11-GCCcore-10.2.0-easybuild-devel";
os.environ["EBROOTBINUTILS"] = "/opt/apps/resif/aion/2020b/epyc/software/binutils/2.35-GCCcore-10.2.0";
os.environ["EBROOTGCC"] = "/opt/apps/resif/aion/2020b/epyc/software/GCCcore/10.2.0";
os.environ["EBROOTGCCCORE"] = "/opt/apps/resif/aion/2020b/epyc/software/GCCcore/10.2.0";
os.environ["EBROOTGOMPI"] = "/opt/apps/resif/aion/2020b/epyc/software/gompi/2020b";
os.environ["EBROOTHWLOC"] = "/opt/apps/resif/aion/2020b/epyc/software/hwloc/2.2.0-GCCcore-10.2.0";
os.environ["EBROOTLIBPCIACCESS"] = "/opt/apps/resif/aion/2020b/epyc/software/libpciaccess/0.16-GCCcore-10.2.0";
os.environ["EBROOTLIBXML2"] = "/opt/apps/resif/aion/2020b/epyc/software/libxml2/2.9.10-GCCcore-10.2.0";
os.environ["EBROOTNUMACTL"] = "/opt/apps/resif/aion/2020b/epyc/software/numactl/2.0.13-GCCcore-10.2.0";
os.environ["EBROOTOPENMPI"] = "/opt/apps/resif/aion/2020b/epyc/software/OpenMPI/4.0.5-GCC-10.2.0";
os.environ["EBROOTUCX"] = "/opt/apps/resif/aion/2020b/epyc/software/UCX/1.9.0-GCCcore-10.2.0";
os.environ["EBROOTXZ"] = "/opt/apps/resif/aion/2020b/epyc/software/XZ/5.2.5-GCCcore-10.2.0";
os.environ["EBROOTZLIB"] = "/opt/apps/resif/aion/2020b/epyc/software/zlib/1.2.11-GCCcore-10.2.0";
os.environ["EBVERSIONBINUTILS"] = "2.35";
os.environ["EBVERSIONGCC"] = "10.2.0";
os.environ["EBVERSIONGCCCORE"] = "10.2.0";
os.environ["EBVERSIONGOMPI"] = "2020b";
os.environ["EBVERSIONHWLOC"] = "2.2.0";
os.environ["EBVERSIONLIBPCIACCESS"] = "0.16";
os.environ["EBVERSIONLIBXML2"] = "2.9.10";
os.environ["EBVERSIONNUMACTL"] = "2.0.13";
os.environ["EBVERSIONOPENMPI"] = "4.0.5";
os.environ["EBVERSIONUCX"] = "1.9.0";
os.environ["EBVERSIONXZ"] = "5.2.5";
os.environ["EBVERSIONZLIB"] = "1.2.11";
os.environ["__LMOD_REF_COUNT_LD_LIBRARY_PATH"] = "/opt/apps/resif/aion/2020b/epyc/software/OpenMPI/4.0.5-GCC-10.2.0/lib:1;/opt/apps/resif/aion/2020b/epyc/software/UCX/1.9.0-GCCcore-10.2.0/lib:1;/opt/apps/resif/aion/2020b/epyc/software/hwloc/2.2.0-GCCcore-10.2.0/lib:1;/opt/apps/resif/aion/2020b/epyc/software/libpciaccess/0.16-GCCcore-10.2.0/lib:1;/opt/apps/resif/aion/2020b/epyc/software/libxml2/2.9.10-GCCcore-10.2.0/lib:1;/opt/apps/resif/aion/2020b/epyc/software/XZ/5.2.5-GCCcore-10.2.0/lib:1;/opt/apps/resif/aion/2020b/epyc/software/numactl/2.0.13-GCCcore-10.2.0/lib:1;/opt/apps/resif/aion/2020b/epyc/software/binutils/2.35-GCCcore-10.2.0/lib:1;/opt/apps/resif/aion/2020b/epyc/software/zlib/1.2.11-GCCcore-10.2.0/lib:1;/opt/apps/resif/aion/2020b/epyc/software/GCCcore/10.2.0/lib64:1;/opt/apps/resif/aion/2020b/epyc/software/GCCcore/10.2.0/lib:1";
os.environ["LD_LIBRARY_PATH"] = "/opt/apps/resif/aion/2020b/epyc/software/OpenMPI/4.0.5-GCC-10.2.0/lib:/opt/apps/resif/aion/2020b/epyc/software/UCX/1.9.0-GCCcore-10.2.0/lib:/opt/apps/resif/aion/2020b/epyc/software/hwloc/2.2.0-GCCcore-10.2.0/lib:/opt/apps/resif/aion/2020b/epyc/software/libpciaccess/0.16-GCCcore-10.2.0/lib:/opt/apps/resif/aion/2020b/epyc/software/libxml2/2.9.10-GCCcore-10.2.0/lib:/opt/apps/resif/aion/2020b/epyc/software/XZ/5.2.5-GCCcore-10.2.0/lib:/opt/apps/resif/aion/2020b/epyc/software/numactl/2.0.13-GCCcore-10.2.0/lib:/opt/apps/resif/aion/2020b/epyc/software/binutils/2.35-GCCcore-10.2.0/lib:/opt/apps/resif/aion/2020b/epyc/software/zlib/1.2.11-GCCcore-10.2.0/lib:/opt/apps/resif/aion/2020b/epyc/software/GCCcore/10.2.0/lib64:/opt/apps/resif/aion/2020b/epyc/software/GCCcore/10.2.0/lib";
os.environ["__LMOD_REF_COUNT_LIBRARY_PATH"] = "/opt/apps/resif/aion/2020b/epyc/software/OpenMPI/4.0.5-GCC-10.2.0/lib:1;/opt/apps/resif/aion/2020b/epyc/software/UCX/1.9.0-GCCcore-10.2.0/lib:1;/opt/apps/resif/aion/2020b/epyc/software/hwloc/2.2.0-GCCcore-10.2.0/lib:1;/opt/apps/resif/aion/2020b/epyc/software/libpciaccess/0.16-GCCcore-10.2.0/lib:1;/opt/apps/resif/aion/2020b/epyc/software/libxml2/2.9.10-GCCcore-10.2.0/lib:1;/opt/apps/resif/aion/2020b/epyc/software/XZ/5.2.5-GCCcore-10.2.0/lib:1;/opt/apps/resif/aion/2020b/epyc/software/numactl/2.0.13-GCCcore-10.2.0/lib:1;/opt/apps/resif/aion/2020b/epyc/software/binutils/2.35-GCCcore-10.2.0/lib:1;/opt/apps/resif/aion/2020b/epyc/software/zlib/1.2.11-GCCcore-10.2.0/lib:1";
os.environ["LIBRARY_PATH"] = "/opt/apps/resif/aion/2020b/epyc/software/OpenMPI/4.0.5-GCC-10.2.0/lib:/opt/apps/resif/aion/2020b/epyc/software/UCX/1.9.0-GCCcore-10.2.0/lib:/opt/apps/resif/aion/2020b/epyc/software/hwloc/2.2.0-GCCcore-10.2.0/lib:/opt/apps/resif/aion/2020b/epyc/software/libpciaccess/0.16-GCCcore-10.2.0/lib:/opt/apps/resif/aion/2020b/epyc/software/libxml2/2.9.10-GCCcore-10.2.0/lib:/opt/apps/resif/aion/2020b/epyc/software/XZ/5.2.5-GCCcore-10.2.0/lib:/opt/apps/resif/aion/2020b/epyc/software/numactl/2.0.13-GCCcore-10.2.0/lib:/opt/apps/resif/aion/2020b/epyc/software/binutils/2.35-GCCcore-10.2.0/lib:/opt/apps/resif/aion/2020b/epyc/software/zlib/1.2.11-GCCcore-10.2.0/lib";
os.environ["LOADEDMODULES"] = "env/release/default:tools/EasyBuild/5.0.0:compiler/GCCcore/10.2.0:lib/zlib/1.2.11-GCCcore-10.2.0:tools/binutils/2.35-GCCcore-10.2.0:compiler/GCC/10.2.0:tools/numactl/2.0.13-GCCcore-10.2.0:tools/XZ/5.2.5-GCCcore-10.2.0:lib/libxml2/2.9.10-GCCcore-10.2.0:system/libpciaccess/0.16-GCCcore-10.2.0:system/hwloc/2.2.0-GCCcore-10.2.0:lib/UCX/1.9.0-GCCcore-10.2.0:mpi/OpenMPI/4.0.5-GCC-10.2.0:toolchain/gompi/2020b";
os.environ["__LMOD_REF_COUNT_MANPATH"] = "/opt/apps/resif/aion/2020b/epyc/software/OpenMPI/4.0.5-GCC-10.2.0/share/man:1;/opt/apps/resif/aion/2020b/epyc/software/hwloc/2.2.0-GCCcore-10.2.0/share/man:1;/opt/apps/resif/aion/2020b/epyc/software/libxml2/2.9.10-GCCcore-10.2.0/share/man:1;/opt/apps/resif/aion/2020b/epyc/software/XZ/5.2.5-GCCcore-10.2.0/share/man:1;/opt/apps/resif/aion/2020b/epyc/software/numactl/2.0.13-GCCcore-10.2.0/share/man:1;/opt/apps/resif/aion/2020b/epyc/software/binutils/2.35-GCCcore-10.2.0/share/man:1;/opt/apps/resif/aion/2020b/epyc/software/zlib/1.2.11-GCCcore-10.2.0/share/man:1;/opt/apps/resif/aion/2020b/epyc/software/GCCcore/10.2.0/share/man:1;/usr/share/lmod/lmod/share/man:1;:1;/opt/puppetlabs/puppet/share/man:1";
os.environ["MANPATH"] = "/opt/apps/resif/aion/2020b/epyc/software/OpenMPI/4.0.5-GCC-10.2.0/share/man:/opt/apps/resif/aion/2020b/epyc/software/hwloc/2.2.0-GCCcore-10.2.0/share/man:/opt/apps/resif/aion/2020b/epyc/software/libxml2/2.9.10-GCCcore-10.2.0/share/man:/opt/apps/resif/aion/2020b/epyc/software/XZ/5.2.5-GCCcore-10.2.0/share/man:/opt/apps/resif/aion/2020b/epyc/software/numactl/2.0.13-GCCcore-10.2.0/share/man:/opt/apps/resif/aion/2020b/epyc/software/binutils/2.35-GCCcore-10.2.0/share/man:/opt/apps/resif/aion/2020b/epyc/software/zlib/1.2.11-GCCcore-10.2.0/share/man:/opt/apps/resif/aion/2020b/epyc/software/GCCcore/10.2.0/share/man:/usr/share/lmod/lmod/share/man::/opt/puppetlabs/puppet/share/man";
os.environ["MODULEPATH"] = "/home/users/mghavami/.local/easybuild/modules/all:/opt/apps/easybuild/environment/modules:/cvmfs/software.eessi.io/init/modules:/opt/apps/resif/aion/2020b/epyc/modules/all";
os.environ["__LMOD_REF_COUNT_PATH"] = "/opt/apps/resif/aion/2020b/epyc/software/OpenMPI/4.0.5-GCC-10.2.0/bin:1;/opt/apps/resif/aion/2020b/epyc/software/UCX/1.9.0-GCCcore-10.2.0/bin:1;/opt/apps/resif/aion/2020b/epyc/software/hwloc/2.2.0-GCCcore-10.2.0/sbin:1;/opt/apps/resif/aion/2020b/epyc/software/hwloc/2.2.0-GCCcore-10.2.0/bin:1;/opt/apps/resif/aion/2020b/epyc/software/libxml2/2.9.10-GCCcore-10.2.0/bin:1;/opt/apps/resif/aion/2020b/epyc/software/XZ/5.2.5-GCCcore-10.2.0/bin:1;/opt/apps/resif/aion/2020b/epyc/software/numactl/2.0.13-GCCcore-10.2.0/bin:1;/opt/apps/resif/aion/2020b/epyc/software/binutils/2.35-GCCcore-10.2.0/bin:1;/opt/apps/resif/aion/2020b/epyc/software/GCCcore/10.2.0/bin:1;/home/users/mghavami/.local/easybuild/software/EasyBuild/5.0.0/bin:1;/home/users/mghavami/.local/bin:1;/home/users/mghavami/bin:1;/usr/local/bin:1;/usr/bin:1;/usr/local/sbin:1;/usr/sbin:1;/opt/puppetlabs/bin:1;/usr/share/lmod/lmod/libexec:1";
os.environ["PATH"] = "/opt/apps/resif/aion/2020b/epyc/software/OpenMPI/4.0.5-GCC-10.2.0/bin:/opt/apps/resif/aion/2020b/epyc/software/UCX/1.9.0-GCCcore-10.2.0/bin:/opt/apps/resif/aion/2020b/epyc/software/hwloc/2.2.0-GCCcore-10.2.0/sbin:/opt/apps/resif/aion/2020b/epyc/software/hwloc/2.2.0-GCCcore-10.2.0/bin:/opt/apps/resif/aion/2020b/epyc/software/libxml2/2.9.10-GCCcore-10.2.0/bin:/opt/apps/resif/aion/2020b/epyc/software/XZ/5.2.5-GCCcore-10.2.0/bin:/opt/apps/resif/aion/2020b/epyc/software/numactl/2.0.13-GCCcore-10.2.0/bin:/opt/apps/resif/aion/2020b/epyc/software/binutils/2.35-GCCcore-10.2.0/bin:/opt/apps/resif/aion/2020b/epyc/software/GCCcore/10.2.0/bin:/home/users/mghavami/.local/easybuild/software/EasyBuild/5.0.0/bin:/home/users/mghavami/.local/bin:/home/users/mghavami/bin:/usr/local/bin:/usr/bin:/usr/local/sbin:/usr/sbin:/opt/puppetlabs/bin:/usr/share/lmod/lmod/libexec";
os.environ["__LMOD_REF_COUNT_PKG_CONFIG_PATH"] = "/opt/apps/resif/aion/2020b/epyc/software/OpenMPI/4.0.5-GCC-10.2.0/lib/pkgconfig:1;/opt/apps/resif/aion/2020b/epyc/software/UCX/1.9.0-GCCcore-10.2.0/lib/pkgconfig:1;/opt/apps/resif/aion/2020b/epyc/software/hwloc/2.2.0-GCCcore-10.2.0/lib/pkgconfig:1;/opt/apps/resif/aion/2020b/epyc/software/libpciaccess/0.16-GCCcore-10.2.0/lib/pkgconfig:1;/opt/apps/resif/aion/2020b/epyc/software/libxml2/2.9.10-GCCcore-10.2.0/lib/pkgconfig:1;/opt/apps/resif/aion/2020b/epyc/software/XZ/5.2.5-GCCcore-10.2.0/lib/pkgconfig:1;/opt/apps/resif/aion/2020b/epyc/software/numactl/2.0.13-GCCcore-10.2.0/lib/pkgconfig:1;/opt/apps/resif/aion/2020b/epyc/software/zlib/1.2.11-GCCcore-10.2.0/lib/pkgconfig:1";
os.environ["PKG_CONFIG_PATH"] = "/opt/apps/resif/aion/2020b/epyc/software/OpenMPI/4.0.5-GCC-10.2.0/lib/pkgconfig:/opt/apps/resif/aion/2020b/epyc/software/UCX/1.9.0-GCCcore-10.2.0/lib/pkgconfig:/opt/apps/resif/aion/2020b/epyc/software/hwloc/2.2.0-GCCcore-10.2.0/lib/pkgconfig:/opt/apps/resif/aion/2020b/epyc/software/libpciaccess/0.16-GCCcore-10.2.0/lib/pkgconfig:/opt/apps/resif/aion/2020b/epyc/software/libxml2/2.9.10-GCCcore-10.2.0/lib/pkgconfig:/opt/apps/resif/aion/2020b/epyc/software/XZ/5.2.5-GCCcore-10.2.0/lib/pkgconfig:/opt/apps/resif/aion/2020b/epyc/software/numactl/2.0.13-GCCcore-10.2.0/lib/pkgconfig:/opt/apps/resif/aion/2020b/epyc/software/zlib/1.2.11-GCCcore-10.2.0/lib/pkgconfig";
os.environ["__LMOD_REF_COUNT_XDG_DATA_DIRS"] = "/opt/apps/resif/aion/2020b/epyc/software/OpenMPI/4.0.5-GCC-10.2.0/share:1;/opt/apps/resif/aion/2020b/epyc/software/UCX/1.9.0-GCCcore-10.2.0/share:1;/opt/apps/resif/aion/2020b/epyc/software/hwloc/2.2.0-GCCcore-10.2.0/share:1;/opt/apps/resif/aion/2020b/epyc/software/libxml2/2.9.10-GCCcore-10.2.0/share:1;/opt/apps/resif/aion/2020b/epyc/software/XZ/5.2.5-GCCcore-10.2.0/share:1;/opt/apps/resif/aion/2020b/epyc/software/numactl/2.0.13-GCCcore-10.2.0/share:1;/opt/apps/resif/aion/2020b/epyc/software/binutils/2.35-GCCcore-10.2.0/share:1;/opt/apps/resif/aion/2020b/epyc/software/zlib/1.2.11-GCCcore-10.2.0/share:1;/opt/apps/resif/aion/2020b/epyc/software/GCCcore/10.2.0/share:1";
os.environ["XDG_DATA_DIRS"] = "/opt/apps/resif/aion/2020b/epyc/software/OpenMPI/4.0.5-GCC-10.2.0/share:/opt/apps/resif/aion/2020b/epyc/software/UCX/1.9.0-GCCcore-10.2.0/share:/opt/apps/resif/aion/2020b/epyc/software/hwloc/2.2.0-GCCcore-10.2.0/share:/opt/apps/resif/aion/2020b/epyc/software/libxml2/2.9.10-GCCcore-10.2.0/share:/opt/apps/resif/aion/2020b/epyc/software/XZ/5.2.5-GCCcore-10.2.0/share:/opt/apps/resif/aion/2020b/epyc/software/numactl/2.0.13-GCCcore-10.2.0/share:/opt/apps/resif/aion/2020b/epyc/software/binutils/2.35-GCCcore-10.2.0/share:/opt/apps/resif/aion/2020b/epyc/software/zlib/1.2.11-GCCcore-10.2.0/share:/opt/apps/resif/aion/2020b/epyc/software/GCCcore/10.2.0/share";
os.environ["_LMFILES_"] = "/opt/apps/easybuild/environment/modules/env/release/default.lua:/home/users/mghavami/.local/easybuild/modules/all/tools/EasyBuild/5.0.0.lua:/opt/apps/resif/aion/2020b/epyc/modules/all/compiler/GCCcore/10.2.0.lua:/opt/apps/resif/aion/2020b/epyc/modules/all/lib/zlib/1.2.11-GCCcore-10.2.0.lua:/opt/apps/resif/aion/2020b/epyc/modules/all/tools/binutils/2.35-GCCcore-10.2.0.lua:/opt/apps/resif/aion/2020b/epyc/modules/all/compiler/GCC/10.2.0.lua:/opt/apps/resif/aion/2020b/epyc/modules/all/tools/numactl/2.0.13-GCCcore-10.2.0.lua:/opt/apps/resif/aion/2020b/epyc/modules/all/tools/XZ/5.2.5-GCCcore-10.2.0.lua:/opt/apps/resif/aion/2020b/epyc/modules/all/lib/libxml2/2.9.10-GCCcore-10.2.0.lua:/opt/apps/resif/aion/2020b/epyc/modules/all/system/libpciaccess/0.16-GCCcore-10.2.0.lua:/opt/apps/resif/aion/2020b/epyc/modules/all/system/hwloc/2.2.0-GCCcore-10.2.0.lua:/opt/apps/resif/aion/2020b/epyc/modules/all/lib/UCX/1.9.0-GCCcore-10.2.0.lua:/opt/apps/resif/aion/2020b/epyc/modules/all/mpi/OpenMPI/4.0.5-GCC-10.2.0.lua:/opt/apps/resif/aion/2020b/epyc/modules/all/toolchain/gompi/2020b.lua";
os.environ["_ModuleTable001_"] = "X01vZHVsZVRhYmxlXyA9IHsKTVR2ZXJzaW9uID0gMywKY19yZWJ1aWxkVGltZSA9IGZhbHNlLApjX3Nob3J0VGltZSA9IGZhbHNlLApkZXB0aFQgPSB7fSwKZmFtaWx5ID0gewplbnYgPSAiZW52L3JlbGVhc2UiLAp9LAptVCA9IHsKWyJjb21waWxlci9HQ0MiXSA9IHsKZm4gPSAiL29wdC9hcHBzL3Jlc2lmL2Fpb24vMjAyMGIvZXB5Yy9tb2R1bGVzL2FsbC9jb21waWxlci9HQ0MvMTAuMi4wLmx1YSIsCmZ1bGxOYW1lID0gImNvbXBpbGVyL0dDQy8xMC4yLjAiLApsb2FkT3JkZXIgPSA2LApwcm9wVCA9IHt9LApzdGFja0RlcHRoID0gMSwKc3RhdHVzID0gImFjdGl2ZSIsCnVzZXJOYW1lID0gImNvbXBpbGVyL0dDQy8xMC4yLjAiLAp3ViA9ICIwMDAwMDAwMTAuMDAwMDAwMDAy";
os.environ["_ModuleTable002_"] = "Lip6ZmluYWwiLAp9LApbImNvbXBpbGVyL0dDQ2NvcmUiXSA9IHsKZm4gPSAiL29wdC9hcHBzL3Jlc2lmL2Fpb24vMjAyMGIvZXB5Yy9tb2R1bGVzL2FsbC9jb21waWxlci9HQ0Njb3JlLzEwLjIuMC5sdWEiLApmdWxsTmFtZSA9ICJjb21waWxlci9HQ0Njb3JlLzEwLjIuMCIsCmxvYWRPcmRlciA9IDMsCnByb3BUID0ge30sCnN0YWNrRGVwdGggPSAyLApzdGF0dXMgPSAiYWN0aXZlIiwKdXNlck5hbWUgPSAiY29tcGlsZXIvR0NDY29yZS8xMC4yLjAiLAp3ViA9ICIwMDAwMDAwMTAuMDAwMDAwMDAyLip6ZmluYWwiLAp9LApbImVudi9yZWxlYXNlIl0gPSB7CmFjdGlvbkEgPSB7CiJhcHBlbmRfcGF0aChcIk1PRFVMRVBBVEhcIixcIi9vcHQvYXBwcy9yZXNpZi9haW9uLzIwMjBi";
os.environ["_ModuleTable003_"] = "L2VweWMvbW9kdWxlcy9hbGxcIikiLAp9LApmbiA9ICIvb3B0L2FwcHMvZWFzeWJ1aWxkL2Vudmlyb25tZW50L21vZHVsZXMvZW52L3JlbGVhc2UvZGVmYXVsdC5sdWEiLApmdWxsTmFtZSA9ICJlbnYvcmVsZWFzZS9kZWZhdWx0IiwKbG9hZE9yZGVyID0gMSwKcHJvcFQgPSB7Cmxtb2QgPSB7CnN0aWNreSA9IDEsCn0sCn0sCnN0YWNrRGVwdGggPSAwLApzdGF0dXMgPSAiYWN0aXZlIiwKdXNlck5hbWUgPSAiZW52L3JlbGVhc2UvZGVmYXVsdCIsCndWID0gIipkZWZhdWx0Lip6ZmluYWwiLAp9LApbImxpYi9VQ1giXSA9IHsKZm4gPSAiL29wdC9hcHBzL3Jlc2lmL2Fpb24vMjAyMGIvZXB5Yy9tb2R1bGVzL2FsbC9saWIvVUNYLzEuOS4wLUdDQ2NvcmUtMTAuMi4wLmx1YSIsCmZ1";
os.environ["_ModuleTable004_"] = "bGxOYW1lID0gImxpYi9VQ1gvMS45LjAtR0NDY29yZS0xMC4yLjAiLApsb2FkT3JkZXIgPSAxMiwKcHJvcFQgPSB7fSwKc3RhY2tEZXB0aCA9IDIsCnN0YXR1cyA9ICJhY3RpdmUiLAp1c2VyTmFtZSA9ICJsaWIvVUNYLzEuOS4wLUdDQ2NvcmUtMTAuMi4wIiwKd1YgPSAiMDAwMDAwMDAxLjAwMDAwMDAwOS4qZ2NjY29yZS4qemZpbmFsLS4wMDAwMDAwMTAuMDAwMDAwMDAyLip6ZmluYWwiLAp9LApbImxpYi9saWJ4bWwyIl0gPSB7CmZuID0gIi9vcHQvYXBwcy9yZXNpZi9haW9uLzIwMjBiL2VweWMvbW9kdWxlcy9hbGwvbGliL2xpYnhtbDIvMi45LjEwLUdDQ2NvcmUtMTAuMi4wLmx1YSIsCmZ1bGxOYW1lID0gImxpYi9saWJ4bWwyLzIuOS4xMC1HQ0Njb3JlLTEwLjIuMCIsCmxv";
os.environ["_ModuleTable005_"] = "YWRPcmRlciA9IDksCnByb3BUID0ge30sCnN0YWNrRGVwdGggPSAzLApzdGF0dXMgPSAiYWN0aXZlIiwKdXNlck5hbWUgPSAibGliL2xpYnhtbDIvMi45LjEwLUdDQ2NvcmUtMTAuMi4wIiwKd1YgPSAiMDAwMDAwMDAyLjAwMDAwMDAwOS4wMDAwMDAwMTAuKmdjY2NvcmUuKnpmaW5hbC0uMDAwMDAwMDEwLjAwMDAwMDAwMi4qemZpbmFsIiwKfSwKWyJsaWIvemxpYiJdID0gewpmbiA9ICIvb3B0L2FwcHMvcmVzaWYvYWlvbi8yMDIwYi9lcHljL21vZHVsZXMvYWxsL2xpYi96bGliLzEuMi4xMS1HQ0Njb3JlLTEwLjIuMC5sdWEiLApmdWxsTmFtZSA9ICJsaWIvemxpYi8xLjIuMTEtR0NDY29yZS0xMC4yLjAiLApsb2FkT3JkZXIgPSA0LApwcm9wVCA9IHt9LApzdGFja0RlcHRoID0g";
os.environ["_ModuleTable006_"] = "MywKc3RhdHVzID0gImFjdGl2ZSIsCnVzZXJOYW1lID0gImxpYi96bGliLzEuMi4xMS1HQ0Njb3JlLTEwLjIuMCIsCndWID0gIjAwMDAwMDAwMS4wMDAwMDAwMDIuMDAwMDAwMDExLipnY2Njb3JlLip6ZmluYWwtLjAwMDAwMDAxMC4wMDAwMDAwMDIuKnpmaW5hbCIsCn0sClsibXBpL09wZW5NUEkiXSA9IHsKZm4gPSAiL29wdC9hcHBzL3Jlc2lmL2Fpb24vMjAyMGIvZXB5Yy9tb2R1bGVzL2FsbC9tcGkvT3Blbk1QSS80LjAuNS1HQ0MtMTAuMi4wLmx1YSIsCmZ1bGxOYW1lID0gIm1waS9PcGVuTVBJLzQuMC41LUdDQy0xMC4yLjAiLApsb2FkT3JkZXIgPSAxMywKcHJvcFQgPSB7fSwKc3RhY2tEZXB0aCA9IDEsCnN0YXR1cyA9ICJhY3RpdmUiLAp1c2VyTmFtZSA9ICJtcGkvT3Bl";
os.environ["_ModuleTable007_"] = "bk1QSS80LjAuNS1HQ0MtMTAuMi4wIiwKd1YgPSAiMDAwMDAwMDA0LjAwMDAwMDAwMC4wMDAwMDAwMDUuKmdjYy4qemZpbmFsLS4wMDAwMDAwMTAuMDAwMDAwMDAyLip6ZmluYWwiLAp9LApbInN5c3RlbS9od2xvYyJdID0gewpmbiA9ICIvb3B0L2FwcHMvcmVzaWYvYWlvbi8yMDIwYi9lcHljL21vZHVsZXMvYWxsL3N5c3RlbS9od2xvYy8yLjIuMC1HQ0Njb3JlLTEwLjIuMC5sdWEiLApmdWxsTmFtZSA9ICJzeXN0ZW0vaHdsb2MvMi4yLjAtR0NDY29yZS0xMC4yLjAiLApsb2FkT3JkZXIgPSAxMSwKcHJvcFQgPSB7fSwKc3RhY2tEZXB0aCA9IDIsCnN0YXR1cyA9ICJhY3RpdmUiLAp1c2VyTmFtZSA9ICJzeXN0ZW0vaHdsb2MvMi4yLjAtR0NDY29yZS0xMC4yLjAiLAp3ViA9ICIw";
os.environ["_ModuleTable008_"] = "MDAwMDAwMDIuMDAwMDAwMDAyLipnY2Njb3JlLip6ZmluYWwtLjAwMDAwMDAxMC4wMDAwMDAwMDIuKnpmaW5hbCIsCn0sClsic3lzdGVtL2xpYnBjaWFjY2VzcyJdID0gewpmbiA9ICIvb3B0L2FwcHMvcmVzaWYvYWlvbi8yMDIwYi9lcHljL21vZHVsZXMvYWxsL3N5c3RlbS9saWJwY2lhY2Nlc3MvMC4xNi1HQ0Njb3JlLTEwLjIuMC5sdWEiLApmdWxsTmFtZSA9ICJzeXN0ZW0vbGlicGNpYWNjZXNzLzAuMTYtR0NDY29yZS0xMC4yLjAiLApsb2FkT3JkZXIgPSAxMCwKcHJvcFQgPSB7fSwKc3RhY2tEZXB0aCA9IDMsCnN0YXR1cyA9ICJhY3RpdmUiLAp1c2VyTmFtZSA9ICJzeXN0ZW0vbGlicGNpYWNjZXNzLzAuMTYtR0NDY29yZS0xMC4yLjAiLAp3ViA9ICIwMDAwMDAwMDAuMDAw";
os.environ["_ModuleTable009_"] = "MDAwMDE2LipnY2Njb3JlLip6ZmluYWwtLjAwMDAwMDAxMC4wMDAwMDAwMDIuKnpmaW5hbCIsCn0sClsidG9vbGNoYWluL2dvbXBpIl0gPSB7CmZuID0gIi9vcHQvYXBwcy9yZXNpZi9haW9uLzIwMjBiL2VweWMvbW9kdWxlcy9hbGwvdG9vbGNoYWluL2dvbXBpLzIwMjBiLmx1YSIsCmZ1bGxOYW1lID0gInRvb2xjaGFpbi9nb21waS8yMDIwYiIsCmxvYWRPcmRlciA9IDE0LApwcm9wVCA9IHt9LApzdGFja0RlcHRoID0gMCwKc3RhdHVzID0gImFjdGl2ZSIsCnVzZXJOYW1lID0gInRvb2xjaGFpbi9nb21waS8yMDIwYiIsCndWID0gIjAwMDAwMjAyMC4qYi4qemZpbmFsIiwKfSwKWyJ0b29scy9FYXN5QnVpbGQiXSA9IHsKZm4gPSAiL2hvbWUvdXNlcnMvbWdoYXZhbWkvLmxvY2Fs";
os.environ["_ModuleTable010_"] = "L2Vhc3lidWlsZC9tb2R1bGVzL2FsbC90b29scy9FYXN5QnVpbGQvNS4wLjAubHVhIiwKZnVsbE5hbWUgPSAidG9vbHMvRWFzeUJ1aWxkLzUuMC4wIiwKbG9hZE9yZGVyID0gMiwKcHJvcFQgPSB7fSwKc3RhY2tEZXB0aCA9IDAsCnN0YXR1cyA9ICJhY3RpdmUiLAp1c2VyTmFtZSA9ICJ0b29scy9FYXN5QnVpbGQvNS4wLjAiLAp3ViA9ICIwMDAwMDAwMDUuKnpmaW5hbCIsCn0sClsidG9vbHMvWFoiXSA9IHsKZm4gPSAiL29wdC9hcHBzL3Jlc2lmL2Fpb24vMjAyMGIvZXB5Yy9tb2R1bGVzL2FsbC90b29scy9YWi81LjIuNS1HQ0Njb3JlLTEwLjIuMC5sdWEiLApmdWxsTmFtZSA9ICJ0b29scy9YWi81LjIuNS1HQ0Njb3JlLTEwLjIuMCIsCmxvYWRPcmRlciA9IDgsCnByb3BUID0g";
os.environ["_ModuleTable011_"] = "e30sCnN0YWNrRGVwdGggPSA0LApzdGF0dXMgPSAiYWN0aXZlIiwKdXNlck5hbWUgPSAidG9vbHMvWFovNS4yLjUtR0NDY29yZS0xMC4yLjAiLAp3ViA9ICIwMDAwMDAwMDUuMDAwMDAwMDAyLjAwMDAwMDAwNS4qZ2NjY29yZS4qemZpbmFsLS4wMDAwMDAwMTAuMDAwMDAwMDAyLip6ZmluYWwiLAp9LApbInRvb2xzL2JpbnV0aWxzIl0gPSB7CmZuID0gIi9vcHQvYXBwcy9yZXNpZi9haW9uLzIwMjBiL2VweWMvbW9kdWxlcy9hbGwvdG9vbHMvYmludXRpbHMvMi4zNS1HQ0Njb3JlLTEwLjIuMC5sdWEiLApmdWxsTmFtZSA9ICJ0b29scy9iaW51dGlscy8yLjM1LUdDQ2NvcmUtMTAuMi4wIiwKbG9hZE9yZGVyID0gNSwKcHJvcFQgPSB7fSwKc3RhY2tEZXB0aCA9IDIsCnN0YXR1cyA9";
os.environ["_ModuleTable012_"] = "ICJhY3RpdmUiLAp1c2VyTmFtZSA9ICJ0b29scy9iaW51dGlscy8yLjM1LUdDQ2NvcmUtMTAuMi4wIiwKd1YgPSAiMDAwMDAwMDAyLjAwMDAwMDAzNS4qZ2NjY29yZS4qemZpbmFsLS4wMDAwMDAwMTAuMDAwMDAwMDAyLip6ZmluYWwiLAp9LApbInRvb2xzL251bWFjdGwiXSA9IHsKZm4gPSAiL29wdC9hcHBzL3Jlc2lmL2Fpb24vMjAyMGIvZXB5Yy9tb2R1bGVzL2FsbC90b29scy9udW1hY3RsLzIuMC4xMy1HQ0Njb3JlLTEwLjIuMC5sdWEiLApmdWxsTmFtZSA9ICJ0b29scy9udW1hY3RsLzIuMC4xMy1HQ0Njb3JlLTEwLjIuMCIsCmxvYWRPcmRlciA9IDcsCnByb3BUID0ge30sCnN0YWNrRGVwdGggPSAzLApzdGF0dXMgPSAiYWN0aXZlIiwKdXNlck5hbWUgPSAidG9vbHMvbnVt";
os.environ["_ModuleTable013_"] = "YWN0bC8yLjAuMTMtR0NDY29yZS0xMC4yLjAiLAp3ViA9ICIwMDAwMDAwMDIuMDAwMDAwMDAwLjAwMDAwMDAxMy4qZ2NjY29yZS4qemZpbmFsLS4wMDAwMDAwMTAuMDAwMDAwMDAyLip6ZmluYWwiLAp9LAp9LAptcGF0aEEgPSB7CiIvaG9tZS91c2Vycy9tZ2hhdmFtaS8ubG9jYWwvZWFzeWJ1aWxkL21vZHVsZXMvYWxsIgosICIvb3B0L2FwcHMvZWFzeWJ1aWxkL2Vudmlyb25tZW50L21vZHVsZXMiCiwgIi9jdm1mcy9zb2Z0d2FyZS5lZXNzaS5pby9pbml0L21vZHVsZXMiLCAiL29wdC9hcHBzL3Jlc2lmL2Fpb24vMjAyMGIvZXB5Yy9tb2R1bGVzL2FsbCIsCn0sCnN5c3RlbUJhc2VNUEFUSCA9ICIvb3B0L2FwcHMvZWFzeWJ1aWxkL2Vudmlyb25tZW50L21vZHVsZXM6L2N2bWZz";
os.environ["_ModuleTable014_"] = "L3NvZnR3YXJlLmVlc3NpLmlvL2luaXQvbW9kdWxlcyIsCn0K";
os.environ["_ModuleTable_Sz_"] = "14";
_mlstatus = True

== 2025-03-25 13:55:32,270 run.py:596 INFO Warnings and errors of '/usr/share/lmod/lmod/libexec/lmod ...' shell command (stderr only):

== 2025-03-25 13:55:32,270 run.py:601 INFO Shell command completed successfully (see output above): /usr/share/lmod/lmod/libexec/lmod python load toolchain/gompi/2020b
== 2025-03-25 13:55:32,272 run.py:500 INFO Running shell command '/usr/share/lmod/lmod/libexec/lmod python --terse list' in /tmp/mghavami/OSUMicroBenchmarks/7.5/gompi-2020b/osu-micro-benchmarks-7.5
== 2025-03-25 13:55:32,350 run.py:595 INFO Output of '/usr/share/lmod/lmod/libexec/lmod ...' shell command (stdout only):
import os
os.environ["MODULEPATH"] = "/home/users/mghavami/.local/easybuild/modules/all:/opt/apps/easybuild/environment/modules:/cvmfs/software.eessi.io/init/modules:/opt/apps/resif/aion/2020b/epyc/modules/all";
os.environ["_ModuleTable001_"] = "X01vZHVsZVRhYmxlXyA9IHsKTVR2ZXJzaW9uID0gMywKY19yZWJ1aWxkVGltZSA9IGZhbHNlLApjX3Nob3J0VGltZSA9IGZhbHNlLApkZXB0aFQgPSB7fSwKZmFtaWx5ID0gewplbnYgPSAiZW52L3JlbGVhc2UiLAp9LAptVCA9IHsKWyJjb21waWxlci9HQ0MiXSA9IHsKZm4gPSAiL29wdC9hcHBzL3Jlc2lmL2Fpb24vMjAyMGIvZXB5Yy9tb2R1bGVzL2FsbC9jb21waWxlci9HQ0MvMTAuMi4wLmx1YSIsCmZ1bGxOYW1lID0gImNvbXBpbGVyL0dDQy8xMC4yLjAiLApsb2FkT3JkZXIgPSA2LApwcm9wVCA9IHt9LApzdGFja0RlcHRoID0gMSwKc3RhdHVzID0gImFjdGl2ZSIsCnVzZXJOYW1lID0gImNvbXBpbGVyL0dDQy8xMC4yLjAiLAp3ViA9ICIwMDAwMDAwMTAuMDAwMDAwMDAy";
os.environ["_ModuleTable002_"] = "Lip6ZmluYWwiLAp9LApbImNvbXBpbGVyL0dDQ2NvcmUiXSA9IHsKZm4gPSAiL29wdC9hcHBzL3Jlc2lmL2Fpb24vMjAyMGIvZXB5Yy9tb2R1bGVzL2FsbC9jb21waWxlci9HQ0Njb3JlLzEwLjIuMC5sdWEiLApmdWxsTmFtZSA9ICJjb21waWxlci9HQ0Njb3JlLzEwLjIuMCIsCmxvYWRPcmRlciA9IDMsCnByb3BUID0ge30sCnN0YWNrRGVwdGggPSAyLApzdGF0dXMgPSAiYWN0aXZlIiwKdXNlck5hbWUgPSAiY29tcGlsZXIvR0NDY29yZS8xMC4yLjAiLAp3ViA9ICIwMDAwMDAwMTAuMDAwMDAwMDAyLip6ZmluYWwiLAp9LApbImVudi9yZWxlYXNlIl0gPSB7CmFjdGlvbkEgPSB7CiJhcHBlbmRfcGF0aChcIk1PRFVMRVBBVEhcIixcIi9vcHQvYXBwcy9yZXNpZi9haW9uLzIwMjBi";
os.environ["_ModuleTable003_"] = "L2VweWMvbW9kdWxlcy9hbGxcIikiLAp9LApmbiA9ICIvb3B0L2FwcHMvZWFzeWJ1aWxkL2Vudmlyb25tZW50L21vZHVsZXMvZW52L3JlbGVhc2UvZGVmYXVsdC5sdWEiLApmdWxsTmFtZSA9ICJlbnYvcmVsZWFzZS9kZWZhdWx0IiwKbG9hZE9yZGVyID0gMSwKcHJvcFQgPSB7Cmxtb2QgPSB7CnN0aWNreSA9IDEsCn0sCn0sCnN0YWNrRGVwdGggPSAwLApzdGF0dXMgPSAiYWN0aXZlIiwKdXNlck5hbWUgPSAiZW52L3JlbGVhc2UvZGVmYXVsdCIsCndWID0gIipkZWZhdWx0Lip6ZmluYWwiLAp9LApbImxpYi9VQ1giXSA9IHsKZm4gPSAiL29wdC9hcHBzL3Jlc2lmL2Fpb24vMjAyMGIvZXB5Yy9tb2R1bGVzL2FsbC9saWIvVUNYLzEuOS4wLUdDQ2NvcmUtMTAuMi4wLmx1YSIsCmZ1";
os.environ["_ModuleTable004_"] = "bGxOYW1lID0gImxpYi9VQ1gvMS45LjAtR0NDY29yZS0xMC4yLjAiLApsb2FkT3JkZXIgPSAxMiwKcHJvcFQgPSB7fSwKc3RhY2tEZXB0aCA9IDIsCnN0YXR1cyA9ICJhY3RpdmUiLAp1c2VyTmFtZSA9ICJsaWIvVUNYLzEuOS4wLUdDQ2NvcmUtMTAuMi4wIiwKd1YgPSAiMDAwMDAwMDAxLjAwMDAwMDAwOS4qZ2NjY29yZS4qemZpbmFsLS4wMDAwMDAwMTAuMDAwMDAwMDAyLip6ZmluYWwiLAp9LApbImxpYi9saWJ4bWwyIl0gPSB7CmZuID0gIi9vcHQvYXBwcy9yZXNpZi9haW9uLzIwMjBiL2VweWMvbW9kdWxlcy9hbGwvbGliL2xpYnhtbDIvMi45LjEwLUdDQ2NvcmUtMTAuMi4wLmx1YSIsCmZ1bGxOYW1lID0gImxpYi9saWJ4bWwyLzIuOS4xMC1HQ0Njb3JlLTEwLjIuMCIsCmxv";
os.environ["_ModuleTable005_"] = "YWRPcmRlciA9IDksCnByb3BUID0ge30sCnN0YWNrRGVwdGggPSAzLApzdGF0dXMgPSAiYWN0aXZlIiwKdXNlck5hbWUgPSAibGliL2xpYnhtbDIvMi45LjEwLUdDQ2NvcmUtMTAuMi4wIiwKd1YgPSAiMDAwMDAwMDAyLjAwMDAwMDAwOS4wMDAwMDAwMTAuKmdjY2NvcmUuKnpmaW5hbC0uMDAwMDAwMDEwLjAwMDAwMDAwMi4qemZpbmFsIiwKfSwKWyJsaWIvemxpYiJdID0gewpmbiA9ICIvb3B0L2FwcHMvcmVzaWYvYWlvbi8yMDIwYi9lcHljL21vZHVsZXMvYWxsL2xpYi96bGliLzEuMi4xMS1HQ0Njb3JlLTEwLjIuMC5sdWEiLApmdWxsTmFtZSA9ICJsaWIvemxpYi8xLjIuMTEtR0NDY29yZS0xMC4yLjAiLApsb2FkT3JkZXIgPSA0LApwcm9wVCA9IHt9LApzdGFja0RlcHRoID0g";
os.environ["_ModuleTable006_"] = "MywKc3RhdHVzID0gImFjdGl2ZSIsCnVzZXJOYW1lID0gImxpYi96bGliLzEuMi4xMS1HQ0Njb3JlLTEwLjIuMCIsCndWID0gIjAwMDAwMDAwMS4wMDAwMDAwMDIuMDAwMDAwMDExLipnY2Njb3JlLip6ZmluYWwtLjAwMDAwMDAxMC4wMDAwMDAwMDIuKnpmaW5hbCIsCn0sClsibXBpL09wZW5NUEkiXSA9IHsKZm4gPSAiL29wdC9hcHBzL3Jlc2lmL2Fpb24vMjAyMGIvZXB5Yy9tb2R1bGVzL2FsbC9tcGkvT3Blbk1QSS80LjAuNS1HQ0MtMTAuMi4wLmx1YSIsCmZ1bGxOYW1lID0gIm1waS9PcGVuTVBJLzQuMC41LUdDQy0xMC4yLjAiLApsb2FkT3JkZXIgPSAxMywKcHJvcFQgPSB7fSwKc3RhY2tEZXB0aCA9IDEsCnN0YXR1cyA9ICJhY3RpdmUiLAp1c2VyTmFtZSA9ICJtcGkvT3Bl";
os.environ["_ModuleTable007_"] = "bk1QSS80LjAuNS1HQ0MtMTAuMi4wIiwKd1YgPSAiMDAwMDAwMDA0LjAwMDAwMDAwMC4wMDAwMDAwMDUuKmdjYy4qemZpbmFsLS4wMDAwMDAwMTAuMDAwMDAwMDAyLip6ZmluYWwiLAp9LApbInN5c3RlbS9od2xvYyJdID0gewpmbiA9ICIvb3B0L2FwcHMvcmVzaWYvYWlvbi8yMDIwYi9lcHljL21vZHVsZXMvYWxsL3N5c3RlbS9od2xvYy8yLjIuMC1HQ0Njb3JlLTEwLjIuMC5sdWEiLApmdWxsTmFtZSA9ICJzeXN0ZW0vaHdsb2MvMi4yLjAtR0NDY29yZS0xMC4yLjAiLApsb2FkT3JkZXIgPSAxMSwKcHJvcFQgPSB7fSwKc3RhY2tEZXB0aCA9IDIsCnN0YXR1cyA9ICJhY3RpdmUiLAp1c2VyTmFtZSA9ICJzeXN0ZW0vaHdsb2MvMi4yLjAtR0NDY29yZS0xMC4yLjAiLAp3ViA9ICIw";
os.environ["_ModuleTable008_"] = "MDAwMDAwMDIuMDAwMDAwMDAyLipnY2Njb3JlLip6ZmluYWwtLjAwMDAwMDAxMC4wMDAwMDAwMDIuKnpmaW5hbCIsCn0sClsic3lzdGVtL2xpYnBjaWFjY2VzcyJdID0gewpmbiA9ICIvb3B0L2FwcHMvcmVzaWYvYWlvbi8yMDIwYi9lcHljL21vZHVsZXMvYWxsL3N5c3RlbS9saWJwY2lhY2Nlc3MvMC4xNi1HQ0Njb3JlLTEwLjIuMC5sdWEiLApmdWxsTmFtZSA9ICJzeXN0ZW0vbGlicGNpYWNjZXNzLzAuMTYtR0NDY29yZS0xMC4yLjAiLApsb2FkT3JkZXIgPSAxMCwKcHJvcFQgPSB7fSwKc3RhY2tEZXB0aCA9IDMsCnN0YXR1cyA9ICJhY3RpdmUiLAp1c2VyTmFtZSA9ICJzeXN0ZW0vbGlicGNpYWNjZXNzLzAuMTYtR0NDY29yZS0xMC4yLjAiLAp3ViA9ICIwMDAwMDAwMDAuMDAw";
os.environ["_ModuleTable009_"] = "MDAwMDE2LipnY2Njb3JlLip6ZmluYWwtLjAwMDAwMDAxMC4wMDAwMDAwMDIuKnpmaW5hbCIsCn0sClsidG9vbGNoYWluL2dvbXBpIl0gPSB7CmZuID0gIi9vcHQvYXBwcy9yZXNpZi9haW9uLzIwMjBiL2VweWMvbW9kdWxlcy9hbGwvdG9vbGNoYWluL2dvbXBpLzIwMjBiLmx1YSIsCmZ1bGxOYW1lID0gInRvb2xjaGFpbi9nb21waS8yMDIwYiIsCmxvYWRPcmRlciA9IDE0LApwcm9wVCA9IHt9LApzdGFja0RlcHRoID0gMCwKc3RhdHVzID0gImFjdGl2ZSIsCnVzZXJOYW1lID0gInRvb2xjaGFpbi9nb21waS8yMDIwYiIsCndWID0gIjAwMDAwMjAyMC4qYi4qemZpbmFsIiwKfSwKWyJ0b29scy9FYXN5QnVpbGQiXSA9IHsKZm4gPSAiL2hvbWUvdXNlcnMvbWdoYXZhbWkvLmxvY2Fs";
os.environ["_ModuleTable010_"] = "L2Vhc3lidWlsZC9tb2R1bGVzL2FsbC90b29scy9FYXN5QnVpbGQvNS4wLjAubHVhIiwKZnVsbE5hbWUgPSAidG9vbHMvRWFzeUJ1aWxkLzUuMC4wIiwKbG9hZE9yZGVyID0gMiwKcHJvcFQgPSB7fSwKc3RhY2tEZXB0aCA9IDAsCnN0YXR1cyA9ICJhY3RpdmUiLAp1c2VyTmFtZSA9ICJ0b29scy9FYXN5QnVpbGQvNS4wLjAiLAp3ViA9ICIwMDAwMDAwMDUuKnpmaW5hbCIsCn0sClsidG9vbHMvWFoiXSA9IHsKZm4gPSAiL29wdC9hcHBzL3Jlc2lmL2Fpb24vMjAyMGIvZXB5Yy9tb2R1bGVzL2FsbC90b29scy9YWi81LjIuNS1HQ0Njb3JlLTEwLjIuMC5sdWEiLApmdWxsTmFtZSA9ICJ0b29scy9YWi81LjIuNS1HQ0Njb3JlLTEwLjIuMCIsCmxvYWRPcmRlciA9IDgsCnByb3BUID0g";
os.environ["_ModuleTable011_"] = "e30sCnN0YWNrRGVwdGggPSA0LApzdGF0dXMgPSAiYWN0aXZlIiwKdXNlck5hbWUgPSAidG9vbHMvWFovNS4yLjUtR0NDY29yZS0xMC4yLjAiLAp3ViA9ICIwMDAwMDAwMDUuMDAwMDAwMDAyLjAwMDAwMDAwNS4qZ2NjY29yZS4qemZpbmFsLS4wMDAwMDAwMTAuMDAwMDAwMDAyLip6ZmluYWwiLAp9LApbInRvb2xzL2JpbnV0aWxzIl0gPSB7CmZuID0gIi9vcHQvYXBwcy9yZXNpZi9haW9uLzIwMjBiL2VweWMvbW9kdWxlcy9hbGwvdG9vbHMvYmludXRpbHMvMi4zNS1HQ0Njb3JlLTEwLjIuMC5sdWEiLApmdWxsTmFtZSA9ICJ0b29scy9iaW51dGlscy8yLjM1LUdDQ2NvcmUtMTAuMi4wIiwKbG9hZE9yZGVyID0gNSwKcHJvcFQgPSB7fSwKc3RhY2tEZXB0aCA9IDIsCnN0YXR1cyA9";
os.environ["_ModuleTable012_"] = "ICJhY3RpdmUiLAp1c2VyTmFtZSA9ICJ0b29scy9iaW51dGlscy8yLjM1LUdDQ2NvcmUtMTAuMi4wIiwKd1YgPSAiMDAwMDAwMDAyLjAwMDAwMDAzNS4qZ2NjY29yZS4qemZpbmFsLS4wMDAwMDAwMTAuMDAwMDAwMDAyLip6ZmluYWwiLAp9LApbInRvb2xzL251bWFjdGwiXSA9IHsKZm4gPSAiL29wdC9hcHBzL3Jlc2lmL2Fpb24vMjAyMGIvZXB5Yy9tb2R1bGVzL2FsbC90b29scy9udW1hY3RsLzIuMC4xMy1HQ0Njb3JlLTEwLjIuMC5sdWEiLApmdWxsTmFtZSA9ICJ0b29scy9udW1hY3RsLzIuMC4xMy1HQ0Njb3JlLTEwLjIuMCIsCmxvYWRPcmRlciA9IDcsCnByb3BUID0ge30sCnN0YWNrRGVwdGggPSAzLApzdGF0dXMgPSAiYWN0aXZlIiwKdXNlck5hbWUgPSAidG9vbHMvbnVt";
os.environ["_ModuleTable013_"] = "YWN0bC8yLjAuMTMtR0NDY29yZS0xMC4yLjAiLAp3ViA9ICIwMDAwMDAwMDIuMDAwMDAwMDAwLjAwMDAwMDAxMy4qZ2NjY29yZS4qemZpbmFsLS4wMDAwMDAwMTAuMDAwMDAwMDAyLip6ZmluYWwiLAp9LAp9LAptcGF0aEEgPSB7CiIvaG9tZS91c2Vycy9tZ2hhdmFtaS8ubG9jYWwvZWFzeWJ1aWxkL21vZHVsZXMvYWxsIgosICIvb3B0L2FwcHMvZWFzeWJ1aWxkL2Vudmlyb25tZW50L21vZHVsZXMiCiwgIi9jdm1mcy9zb2Z0d2FyZS5lZXNzaS5pby9pbml0L21vZHVsZXMiLCAiL29wdC9hcHBzL3Jlc2lmL2Fpb24vMjAyMGIvZXB5Yy9tb2R1bGVzL2FsbCIsCn0sCnN5c3RlbUJhc2VNUEFUSCA9ICIvb3B0L2FwcHMvZWFzeWJ1aWxkL2Vudmlyb25tZW50L21vZHVsZXM6L2N2bWZz";
os.environ["_ModuleTable014_"] = "L3NvZnR3YXJlLmVlc3NpLmlvL2luaXQvbW9kdWxlcyIsCn0K";
os.environ["_ModuleTable_Sz_"] = "14";
_mlstatus = True

== 2025-03-25 13:55:32,351 run.py:596 INFO Warnings and errors of '/usr/share/lmod/lmod/libexec/lmod ...' shell command (stderr only):
env/release/default
tools/EasyBuild/5.0.0
compiler/GCCcore/10.2.0
lib/zlib/1.2.11-GCCcore-10.2.0
tools/binutils/2.35-GCCcore-10.2.0
compiler/GCC/10.2.0
tools/numactl/2.0.13-GCCcore-10.2.0
tools/XZ/5.2.5-GCCcore-10.2.0
lib/libxml2/2.9.10-GCCcore-10.2.0
system/libpciaccess/0.16-GCCcore-10.2.0
system/hwloc/2.2.0-GCCcore-10.2.0
lib/UCX/1.9.0-GCCcore-10.2.0
mpi/OpenMPI/4.0.5-GCC-10.2.0
toolchain/gompi/2020b

== 2025-03-25 13:55:32,351 run.py:601 INFO Shell command completed successfully (see output above): /usr/share/lmod/lmod/libexec/lmod python --terse list
== 2025-03-25 13:55:32,352 modules.py:972 INFO Checking whether toolchain/gompi/2020b exists...
== 2025-03-25 13:55:32,352 modules.py:980 INFO Module toolchain/gompi/2020b not found in list of available modules, checking via 'module show'...
== 2025-03-25 13:55:32,352 modules.py:1000 INFO Result for existence check of toolchain/gompi/2020b module: True
== 2025-03-25 13:55:32,353 toolchain.py:769 INFO List of toolchain dependency modules and toolchain definition match!
== 2025-03-25 13:55:32,354 compiler.py:376 INFO _set_optimal_architecture: using -march=native as optarch for x86_64/AMD.
== 2025-03-25 13:55:32,359 environment.py:93 INFO Environment variable CC set to mpicc (previously undefined)
== 2025-03-25 13:55:32,359 environment.py:93 INFO Environment variable EBVARCC set to mpicc (previously undefined)
== 2025-03-25 13:55:32,359 environment.py:93 INFO Environment variable CC_SEQ set to gcc (previously undefined)
== 2025-03-25 13:55:32,359 environment.py:93 INFO Environment variable EBVARCC_SEQ set to gcc (previously undefined)
== 2025-03-25 13:55:32,359 environment.py:93 INFO Environment variable CFLAGS set to -O2 -ftree-vectorize -march=native -fno-math-errno (previously undefined)
== 2025-03-25 13:55:32,359 environment.py:93 INFO Environment variable EBVARCFLAGS set to -O2 -ftree-vectorize -march=native -fno-math-errno (previously undefined)
== 2025-03-25 13:55:32,359 environment.py:93 INFO Environment variable CXX set to mpicxx (previously undefined)
== 2025-03-25 13:55:32,359 environment.py:93 INFO Environment variable EBVARCXX set to mpicxx (previously undefined)
== 2025-03-25 13:55:32,359 environment.py:93 INFO Environment variable CXXFLAGS set to -O2 -ftree-vectorize -march=native -fno-math-errno (previously undefined)
== 2025-03-25 13:55:32,359 environment.py:93 INFO Environment variable EBVARCXXFLAGS set to -O2 -ftree-vectorize -march=native -fno-math-errno (previously undefined)
== 2025-03-25 13:55:32,359 environment.py:93 INFO Environment variable CXX_SEQ set to g++ (previously undefined)
== 2025-03-25 13:55:32,360 environment.py:93 INFO Environment variable EBVARCXX_SEQ set to g++ (previously undefined)
== 2025-03-25 13:55:32,360 environment.py:93 INFO Environment variable F77 set to mpifort (previously undefined)
== 2025-03-25 13:55:32,360 environment.py:93 INFO Environment variable EBVARF77 set to mpifort (previously undefined)
== 2025-03-25 13:55:32,360 environment.py:93 INFO Environment variable F77_SEQ set to gfortran (previously undefined)
== 2025-03-25 13:55:32,360 environment.py:93 INFO Environment variable EBVARF77_SEQ set to gfortran (previously undefined)
== 2025-03-25 13:55:32,360 environment.py:93 INFO Environment variable F90 set to mpifort (previously undefined)
== 2025-03-25 13:55:32,360 environment.py:93 INFO Environment variable EBVARF90 set to mpifort (previously undefined)
== 2025-03-25 13:55:32,360 environment.py:93 INFO Environment variable F90FLAGS set to -O2 -ftree-vectorize -march=native -fno-math-errno (previously undefined)
== 2025-03-25 13:55:32,360 environment.py:93 INFO Environment variable EBVARF90FLAGS set to -O2 -ftree-vectorize -march=native -fno-math-errno (previously undefined)
== 2025-03-25 13:55:32,360 environment.py:93 INFO Environment variable F90_SEQ set to gfortran (previously undefined)
== 2025-03-25 13:55:32,360 environment.py:93 INFO Environment variable EBVARF90_SEQ set to gfortran (previously undefined)
== 2025-03-25 13:55:32,360 environment.py:93 INFO Environment variable FC set to mpifort (previously undefined)
== 2025-03-25 13:55:32,360 environment.py:93 INFO Environment variable EBVARFC set to mpifort (previously undefined)
== 2025-03-25 13:55:32,360 environment.py:93 INFO Environment variable FCFLAGS set to -O2 -ftree-vectorize -march=native -fno-math-errno (previously undefined)
== 2025-03-25 13:55:32,360 environment.py:93 INFO Environment variable EBVARFCFLAGS set to -O2 -ftree-vectorize -march=native -fno-math-errno (previously undefined)
== 2025-03-25 13:55:32,360 environment.py:93 INFO Environment variable FC_SEQ set to gfortran (previously undefined)
== 2025-03-25 13:55:32,361 environment.py:93 INFO Environment variable EBVARFC_SEQ set to gfortran (previously undefined)
== 2025-03-25 13:55:32,361 environment.py:93 INFO Environment variable FFLAGS set to -O2 -ftree-vectorize -march=native -fno-math-errno (previously undefined)
== 2025-03-25 13:55:32,361 environment.py:93 INFO Environment variable EBVARFFLAGS set to -O2 -ftree-vectorize -march=native -fno-math-errno (previously undefined)
== 2025-03-25 13:55:32,361 environment.py:93 INFO Environment variable FLIBS set to -lgfortran (previously undefined)
== 2025-03-25 13:55:32,361 environment.py:93 INFO Environment variable EBVARFLIBS set to -lgfortran (previously undefined)
== 2025-03-25 13:55:32,361 environment.py:93 INFO Environment variable LDFLAGS set to -L/opt/apps/resif/aion/2020b/epyc/software/GCCcore/10.2.0/lib64 -L/opt/apps/resif/aion/2020b/epyc/software/GCCcore/10.2.0/lib (previously undefined)
== 2025-03-25 13:55:32,361 environment.py:93 INFO Environment variable EBVARLDFLAGS set to -L/opt/apps/resif/aion/2020b/epyc/software/GCCcore/10.2.0/lib64 -L/opt/apps/resif/aion/2020b/epyc/software/GCCcore/10.2.0/lib (previously undefined)
== 2025-03-25 13:55:32,361 environment.py:93 INFO Environment variable LIBS set to -lm -lpthread (previously undefined)
== 2025-03-25 13:55:32,361 environment.py:93 INFO Environment variable EBVARLIBS set to -lm -lpthread (previously undefined)
== 2025-03-25 13:55:32,361 environment.py:93 INFO Environment variable MPICC set to mpicc (previously undefined)
== 2025-03-25 13:55:32,361 environment.py:93 INFO Environment variable EBVARMPICC set to mpicc (previously undefined)
== 2025-03-25 13:55:32,361 environment.py:93 INFO Environment variable MPICXX set to mpicxx (previously undefined)
== 2025-03-25 13:55:32,361 environment.py:93 INFO Environment variable EBVARMPICXX set to mpicxx (previously undefined)
== 2025-03-25 13:55:32,361 environment.py:93 INFO Environment variable MPIF77 set to mpifort (previously undefined)
== 2025-03-25 13:55:32,361 environment.py:93 INFO Environment variable EBVARMPIF77 set to mpifort (previously undefined)
== 2025-03-25 13:55:32,362 environment.py:93 INFO Environment variable MPIF90 set to mpifort (previously undefined)
== 2025-03-25 13:55:32,362 environment.py:93 INFO Environment variable EBVARMPIF90 set to mpifort (previously undefined)
== 2025-03-25 13:55:32,362 environment.py:93 INFO Environment variable MPIFC set to mpifort (previously undefined)
== 2025-03-25 13:55:32,362 environment.py:93 INFO Environment variable EBVARMPIFC set to mpifort (previously undefined)
== 2025-03-25 13:55:32,362 environment.py:93 INFO Environment variable MPI_INC_DIR set to /opt/apps/resif/aion/2020b/epyc/software/OpenMPI/4.0.5-GCC-10.2.0/include (previously undefined)
== 2025-03-25 13:55:32,362 environment.py:93 INFO Environment variable EBVARMPI_INC_DIR set to /opt/apps/resif/aion/2020b/epyc/software/OpenMPI/4.0.5-GCC-10.2.0/include (previously undefined)
== 2025-03-25 13:55:32,362 environment.py:93 INFO Environment variable MPI_LIB_DIR set to /opt/apps/resif/aion/2020b/epyc/software/OpenMPI/4.0.5-GCC-10.2.0/lib64 (previously undefined)
== 2025-03-25 13:55:32,362 environment.py:93 INFO Environment variable EBVARMPI_LIB_DIR set to /opt/apps/resif/aion/2020b/epyc/software/OpenMPI/4.0.5-GCC-10.2.0/lib64 (previously undefined)
== 2025-03-25 13:55:32,362 environment.py:93 INFO Environment variable MPI_LIB_SHARED set to /opt/apps/resif/aion/2020b/epyc/software/OpenMPI/4.0.5-GCC-10.2.0/lib64/libmpi.so (previously undefined)
== 2025-03-25 13:55:32,362 environment.py:93 INFO Environment variable EBVARMPI_LIB_SHARED set to /opt/apps/resif/aion/2020b/epyc/software/OpenMPI/4.0.5-GCC-10.2.0/lib64/libmpi.so (previously undefined)
== 2025-03-25 13:55:32,362 environment.py:93 INFO Environment variable MPI_LIB_STATIC set to /opt/apps/resif/aion/2020b/epyc/software/OpenMPI/4.0.5-GCC-10.2.0/lib64/libmpi.a (previously undefined)
== 2025-03-25 13:55:32,362 environment.py:93 INFO Environment variable EBVARMPI_LIB_STATIC set to /opt/apps/resif/aion/2020b/epyc/software/OpenMPI/4.0.5-GCC-10.2.0/lib64/libmpi.a (previously undefined)
== 2025-03-25 13:55:32,362 environment.py:93 INFO Environment variable OMPI_CC set to gcc (previously undefined)
== 2025-03-25 13:55:32,362 environment.py:93 INFO Environment variable EBVAROMPI_CC set to gcc (previously undefined)
== 2025-03-25 13:55:32,362 environment.py:93 INFO Environment variable OMPI_CXX set to g++ (previously undefined)
== 2025-03-25 13:55:32,363 environment.py:93 INFO Environment variable EBVAROMPI_CXX set to g++ (previously undefined)
== 2025-03-25 13:55:32,363 environment.py:93 INFO Environment variable OMPI_F77 set to gfortran (previously undefined)
== 2025-03-25 13:55:32,363 environment.py:93 INFO Environment variable EBVAROMPI_F77 set to gfortran (previously undefined)
== 2025-03-25 13:55:32,363 environment.py:93 INFO Environment variable OMPI_F90 set to gfortran (previously undefined)
== 2025-03-25 13:55:32,363 environment.py:93 INFO Environment variable EBVAROMPI_F90 set to gfortran (previously undefined)
== 2025-03-25 13:55:32,363 environment.py:93 INFO Environment variable OMPI_FC set to gfortran (previously undefined)
== 2025-03-25 13:55:32,363 environment.py:93 INFO Environment variable EBVAROMPI_FC set to gfortran (previously undefined)
== 2025-03-25 13:55:32,363 environment.py:93 INFO Environment variable OPTFLAGS set to -O2 -ftree-vectorize -march=native (previously undefined)
== 2025-03-25 13:55:32,363 environment.py:93 INFO Environment variable EBVAROPTFLAGS set to -O2 -ftree-vectorize -march=native (previously undefined)
== 2025-03-25 13:55:32,363 environment.py:93 INFO Environment variable PRECFLAGS set to -fno-math-errno (previously undefined)
== 2025-03-25 13:55:32,363 environment.py:93 INFO Environment variable EBVARPRECFLAGS set to -fno-math-errno (previously undefined)
== 2025-03-25 13:55:32,363 toolchain.py:985 INFO Putting RPATH wrappers in place...
== 2025-03-25 13:55:32,369 filetools.py:546 INFO Command gcc found at /opt/apps/resif/aion/2020b/epyc/software/GCCcore/10.2.0/bin/gcc
== 2025-03-25 13:55:32,370 filetools.py:2001 INFO Creating directory /tmp/eb-09zxmkft/tmp2l12z53e/rpath_wrappers/gcc_wrapper (parents: True, set_gid: False, sticky: False)
== 2025-03-25 13:55:32,370 filetools.py:1853 INFO Adjusting permissions recursively for /tmp/eb-09zxmkft/tmp2l12z53e/rpath_wrappers/gcc_wrapper/gcc
== 2025-03-25 13:55:32,370 environment.py:93 INFO Environment variable PATH set to /tmp/eb-09zxmkft/tmp2l12z53e/rpath_wrappers/gcc_wrapper:/opt/apps/resif/aion/2020b/epyc/software/OpenMPI/4.0.5-GCC-10.2.0/bin:/opt/apps/resif/aion/2020b/epyc/software/UCX/1.9.0-GCCcore-10.2.0/bin:/opt/apps/resif/aion/2020b/epyc/software/hwloc/2.2.0-GCCcore-10.2.0/sbin:/opt/apps/resif/aion/2020b/epyc/software/hwloc/2.2.0-GCCcore-10.2.0/bin:/opt/apps/resif/aion/2020b/epyc/software/libxml2/2.9.10-GCCcore-10.2.0/bin:/opt/apps/resif/aion/2020b/epyc/software/XZ/5.2.5-GCCcore-10.2.0/bin:/opt/apps/resif/aion/2020b/epyc/software/numactl/2.0.13-GCCcore-10.2.0/bin:/opt/apps/resif/aion/2020b/epyc/software/binutils/2.35-GCCcore-10.2.0/bin:/opt/apps/resif/aion/2020b/epyc/software/GCCcore/10.2.0/bin:/home/users/mghavami/.local/easybuild/software/EasyBuild/5.0.0/bin:/home/users/mghavami/.local/bin:/home/users/mghavami/bin:/usr/local/bin:/usr/bin:/usr/local/sbin:/usr/sbin:/opt/puppetlabs/bin:/usr/share/lmod/lmod/libexec (previous value: '/opt/apps/resif/aion/2020b/epyc/software/OpenMPI/4.0.5-GCC-10.2.0/bin:/opt/apps/resif/aion/2020b/epyc/software/UCX/1.9.0-GCCcore-10.2.0/bin:/opt/apps/resif/aion/2020b/epyc/software/hwloc/2.2.0-GCCcore-10.2.0/sbin:/opt/apps/resif/aion/2020b/epyc/software/hwloc/2.2.0-GCCcore-10.2.0/bin:/opt/apps/resif/aion/2020b/epyc/software/libxml2/2.9.10-GCCcore-10.2.0/bin:/opt/apps/resif/aion/2020b/epyc/software/XZ/5.2.5-GCCcore-10.2.0/bin:/opt/apps/resif/aion/2020b/epyc/software/numactl/2.0.13-GCCcore-10.2.0/bin:/opt/apps/resif/aion/2020b/epyc/software/binutils/2.35-GCCcore-10.2.0/bin:/opt/apps/resif/aion/2020b/epyc/software/GCCcore/10.2.0/bin:/home/users/mghavami/.local/easybuild/software/EasyBuild/5.0.0/bin:/home/users/mghavami/.local/bin:/home/users/mghavami/bin:/usr/local/bin:/usr/bin:/usr/local/sbin:/usr/sbin:/opt/puppetlabs/bin:/usr/share/lmod/lmod/libexec')
== 2025-03-25 13:55:32,370 filetools.py:546 INFO Command gcc found at /tmp/eb-09zxmkft/tmp2l12z53e/rpath_wrappers/gcc_wrapper/gcc
== 2025-03-25 13:55:32,370 toolchain.py:1069 INFO RPATH wrapper script for /opt/apps/resif/aion/2020b/epyc/software/GCCcore/10.2.0/bin/gcc: /tmp/eb-09zxmkft/tmp2l12z53e/rpath_wrappers/gcc_wrapper/gcc (log: /dev/null)
== 2025-03-25 13:55:32,371 filetools.py:546 INFO Command g++ found at /opt/apps/resif/aion/2020b/epyc/software/GCCcore/10.2.0/bin/g++
== 2025-03-25 13:55:32,371 filetools.py:2001 INFO Creating directory /tmp/eb-09zxmkft/tmp2l12z53e/rpath_wrappers/gxx_wrapper (parents: True, set_gid: False, sticky: False)
== 2025-03-25 13:55:32,371 filetools.py:1853 INFO Adjusting permissions recursively for /tmp/eb-09zxmkft/tmp2l12z53e/rpath_wrappers/gxx_wrapper/g++
== 2025-03-25 13:55:32,371 environment.py:93 INFO Environment variable PATH set to /tmp/eb-09zxmkft/tmp2l12z53e/rpath_wrappers/gxx_wrapper:/tmp/eb-09zxmkft/tmp2l12z53e/rpath_wrappers/gcc_wrapper:/opt/apps/resif/aion/2020b/epyc/software/OpenMPI/4.0.5-GCC-10.2.0/bin:/opt/apps/resif/aion/2020b/epyc/software/UCX/1.9.0-GCCcore-10.2.0/bin:/opt/apps/resif/aion/2020b/epyc/software/hwloc/2.2.0-GCCcore-10.2.0/sbin:/opt/apps/resif/aion/2020b/epyc/software/hwloc/2.2.0-GCCcore-10.2.0/bin:/opt/apps/resif/aion/2020b/epyc/software/libxml2/2.9.10-GCCcore-10.2.0/bin:/opt/apps/resif/aion/2020b/epyc/software/XZ/5.2.5-GCCcore-10.2.0/bin:/opt/apps/resif/aion/2020b/epyc/software/numactl/2.0.13-GCCcore-10.2.0/bin:/opt/apps/resif/aion/2020b/epyc/software/binutils/2.35-GCCcore-10.2.0/bin:/opt/apps/resif/aion/2020b/epyc/software/GCCcore/10.2.0/bin:/home/users/mghavami/.local/easybuild/software/EasyBuild/5.0.0/bin:/home/users/mghavami/.local/bin:/home/users/mghavami/bin:/usr/local/bin:/usr/bin:/usr/local/sbin:/usr/sbin:/opt/puppetlabs/bin:/usr/share/lmod/lmod/libexec (previous value: '/tmp/eb-09zxmkft/tmp2l12z53e/rpath_wrappers/gcc_wrapper:/opt/apps/resif/aion/2020b/epyc/software/OpenMPI/4.0.5-GCC-10.2.0/bin:/opt/apps/resif/aion/2020b/epyc/software/UCX/1.9.0-GCCcore-10.2.0/bin:/opt/apps/resif/aion/2020b/epyc/software/hwloc/2.2.0-GCCcore-10.2.0/sbin:/opt/apps/resif/aion/2020b/epyc/software/hwloc/2.2.0-GCCcore-10.2.0/bin:/opt/apps/resif/aion/2020b/epyc/software/libxml2/2.9.10-GCCcore-10.2.0/bin:/opt/apps/resif/aion/2020b/epyc/software/XZ/5.2.5-GCCcore-10.2.0/bin:/opt/apps/resif/aion/2020b/epyc/software/numactl/2.0.13-GCCcore-10.2.0/bin:/opt/apps/resif/aion/2020b/epyc/software/binutils/2.35-GCCcore-10.2.0/bin:/opt/apps/resif/aion/2020b/epyc/software/GCCcore/10.2.0/bin:/home/users/mghavami/.local/easybuild/software/EasyBuild/5.0.0/bin:/home/users/mghavami/.local/bin:/home/users/mghavami/bin:/usr/local/bin:/usr/bin:/usr/local/sbin:/usr/sbin:/opt/puppetlabs/bin:/usr/share/lmod/lmod/libexec')
== 2025-03-25 13:55:32,371 filetools.py:546 INFO Command g++ found at /tmp/eb-09zxmkft/tmp2l12z53e/rpath_wrappers/gxx_wrapper/g++
== 2025-03-25 13:55:32,371 toolchain.py:1069 INFO RPATH wrapper script for /opt/apps/resif/aion/2020b/epyc/software/GCCcore/10.2.0/bin/g++: /tmp/eb-09zxmkft/tmp2l12z53e/rpath_wrappers/gxx_wrapper/g++ (log: /dev/null)
== 2025-03-25 13:55:32,371 filetools.py:546 INFO Command gfortran found at /opt/apps/resif/aion/2020b/epyc/software/GCCcore/10.2.0/bin/gfortran
== 2025-03-25 13:55:32,371 filetools.py:2001 INFO Creating directory /tmp/eb-09zxmkft/tmp2l12z53e/rpath_wrappers/gfortran_wrapper (parents: True, set_gid: False, sticky: False)
== 2025-03-25 13:55:32,372 filetools.py:1853 INFO Adjusting permissions recursively for /tmp/eb-09zxmkft/tmp2l12z53e/rpath_wrappers/gfortran_wrapper/gfortran
== 2025-03-25 13:55:32,372 environment.py:93 INFO Environment variable PATH set to /tmp/eb-09zxmkft/tmp2l12z53e/rpath_wrappers/gfortran_wrapper:/tmp/eb-09zxmkft/tmp2l12z53e/rpath_wrappers/gxx_wrapper:/tmp/eb-09zxmkft/tmp2l12z53e/rpath_wrappers/gcc_wrapper:/opt/apps/resif/aion/2020b/epyc/software/OpenMPI/4.0.5-GCC-10.2.0/bin:/opt/apps/resif/aion/2020b/epyc/software/UCX/1.9.0-GCCcore-10.2.0/bin:/opt/apps/resif/aion/2020b/epyc/software/hwloc/2.2.0-GCCcore-10.2.0/sbin:/opt/apps/resif/aion/2020b/epyc/software/hwloc/2.2.0-GCCcore-10.2.0/bin:/opt/apps/resif/aion/2020b/epyc/software/libxml2/2.9.10-GCCcore-10.2.0/bin:/opt/apps/resif/aion/2020b/epyc/software/XZ/5.2.5-GCCcore-10.2.0/bin:/opt/apps/resif/aion/2020b/epyc/software/numactl/2.0.13-GCCcore-10.2.0/bin:/opt/apps/resif/aion/2020b/epyc/software/binutils/2.35-GCCcore-10.2.0/bin:/opt/apps/resif/aion/2020b/epyc/software/GCCcore/10.2.0/bin:/home/users/mghavami/.local/easybuild/software/EasyBuild/5.0.0/bin:/home/users/mghavami/.local/bin:/home/users/mghavami/bin:/usr/local/bin:/usr/bin:/usr/local/sbin:/usr/sbin:/opt/puppetlabs/bin:/usr/share/lmod/lmod/libexec (previous value: '/tmp/eb-09zxmkft/tmp2l12z53e/rpath_wrappers/gxx_wrapper:/tmp/eb-09zxmkft/tmp2l12z53e/rpath_wrappers/gcc_wrapper:/opt/apps/resif/aion/2020b/epyc/software/OpenMPI/4.0.5-GCC-10.2.0/bin:/opt/apps/resif/aion/2020b/epyc/software/UCX/1.9.0-GCCcore-10.2.0/bin:/opt/apps/resif/aion/2020b/epyc/software/hwloc/2.2.0-GCCcore-10.2.0/sbin:/opt/apps/resif/aion/2020b/epyc/software/hwloc/2.2.0-GCCcore-10.2.0/bin:/opt/apps/resif/aion/2020b/epyc/software/libxml2/2.9.10-GCCcore-10.2.0/bin:/opt/apps/resif/aion/2020b/epyc/software/XZ/5.2.5-GCCcore-10.2.0/bin:/opt/apps/resif/aion/2020b/epyc/software/numactl/2.0.13-GCCcore-10.2.0/bin:/opt/apps/resif/aion/2020b/epyc/software/binutils/2.35-GCCcore-10.2.0/bin:/opt/apps/resif/aion/2020b/epyc/software/GCCcore/10.2.0/bin:/home/users/mghavami/.local/easybuild/software/EasyBuild/5.0.0/bin:/home/users/mghavami/.local/bin:/home/users/mghavami/bin:/usr/local/bin:/usr/bin:/usr/local/sbin:/usr/sbin:/opt/puppetlabs/bin:/usr/share/lmod/lmod/libexec')
== 2025-03-25 13:55:32,372 filetools.py:546 INFO Command gfortran found at /tmp/eb-09zxmkft/tmp2l12z53e/rpath_wrappers/gfortran_wrapper/gfortran
== 2025-03-25 13:55:32,372 toolchain.py:1069 INFO RPATH wrapper script for /opt/apps/resif/aion/2020b/epyc/software/GCCcore/10.2.0/bin/gfortran: /tmp/eb-09zxmkft/tmp2l12z53e/rpath_wrappers/gfortran_wrapper/gfortran (log: /dev/null)
== 2025-03-25 13:55:32,372 filetools.py:546 INFO Command ld found at /opt/apps/resif/aion/2020b/epyc/software/binutils/2.35-GCCcore-10.2.0/bin/ld
== 2025-03-25 13:55:32,372 filetools.py:2001 INFO Creating directory /tmp/eb-09zxmkft/tmp2l12z53e/rpath_wrappers/ld_wrapper (parents: True, set_gid: False, sticky: False)
== 2025-03-25 13:55:32,372 filetools.py:1853 INFO Adjusting permissions recursively for /tmp/eb-09zxmkft/tmp2l12z53e/rpath_wrappers/ld_wrapper/ld
== 2025-03-25 13:55:32,372 environment.py:93 INFO Environment variable PATH set to /tmp/eb-09zxmkft/tmp2l12z53e/rpath_wrappers/ld_wrapper:/tmp/eb-09zxmkft/tmp2l12z53e/rpath_wrappers/gfortran_wrapper:/tmp/eb-09zxmkft/tmp2l12z53e/rpath_wrappers/gxx_wrapper:/tmp/eb-09zxmkft/tmp2l12z53e/rpath_wrappers/gcc_wrapper:/opt/apps/resif/aion/2020b/epyc/software/OpenMPI/4.0.5-GCC-10.2.0/bin:/opt/apps/resif/aion/2020b/epyc/software/UCX/1.9.0-GCCcore-10.2.0/bin:/opt/apps/resif/aion/2020b/epyc/software/hwloc/2.2.0-GCCcore-10.2.0/sbin:/opt/apps/resif/aion/2020b/epyc/software/hwloc/2.2.0-GCCcore-10.2.0/bin:/opt/apps/resif/aion/2020b/epyc/software/libxml2/2.9.10-GCCcore-10.2.0/bin:/opt/apps/resif/aion/2020b/epyc/software/XZ/5.2.5-GCCcore-10.2.0/bin:/opt/apps/resif/aion/2020b/epyc/software/numactl/2.0.13-GCCcore-10.2.0/bin:/opt/apps/resif/aion/2020b/epyc/software/binutils/2.35-GCCcore-10.2.0/bin:/opt/apps/resif/aion/2020b/epyc/software/GCCcore/10.2.0/bin:/home/users/mghavami/.local/easybuild/software/EasyBuild/5.0.0/bin:/home/users/mghavami/.local/bin:/home/users/mghavami/bin:/usr/local/bin:/usr/bin:/usr/local/sbin:/usr/sbin:/opt/puppetlabs/bin:/usr/share/lmod/lmod/libexec (previous value: '/tmp/eb-09zxmkft/tmp2l12z53e/rpath_wrappers/gfortran_wrapper:/tmp/eb-09zxmkft/tmp2l12z53e/rpath_wrappers/gxx_wrapper:/tmp/eb-09zxmkft/tmp2l12z53e/rpath_wrappers/gcc_wrapper:/opt/apps/resif/aion/2020b/epyc/software/OpenMPI/4.0.5-GCC-10.2.0/bin:/opt/apps/resif/aion/2020b/epyc/software/UCX/1.9.0-GCCcore-10.2.0/bin:/opt/apps/resif/aion/2020b/epyc/software/hwloc/2.2.0-GCCcore-10.2.0/sbin:/opt/apps/resif/aion/2020b/epyc/software/hwloc/2.2.0-GCCcore-10.2.0/bin:/opt/apps/resif/aion/2020b/epyc/software/libxml2/2.9.10-GCCcore-10.2.0/bin:/opt/apps/resif/aion/2020b/epyc/software/XZ/5.2.5-GCCcore-10.2.0/bin:/opt/apps/resif/aion/2020b/epyc/software/numactl/2.0.13-GCCcore-10.2.0/bin:/opt/apps/resif/aion/2020b/epyc/software/binutils/2.35-GCCcore-10.2.0/bin:/opt/apps/resif/aion/2020b/epyc/software/GCCcore/10.2.0/bin:/home/users/mghavami/.local/easybuild/software/EasyBuild/5.0.0/bin:/home/users/mghavami/.local/bin:/home/users/mghavami/bin:/usr/local/bin:/usr/bin:/usr/local/sbin:/usr/sbin:/opt/puppetlabs/bin:/usr/share/lmod/lmod/libexec')
== 2025-03-25 13:55:32,372 filetools.py:546 INFO Command ld found at /tmp/eb-09zxmkft/tmp2l12z53e/rpath_wrappers/ld_wrapper/ld
== 2025-03-25 13:55:32,373 toolchain.py:1069 INFO RPATH wrapper script for /opt/apps/resif/aion/2020b/epyc/software/binutils/2.35-GCCcore-10.2.0/bin/ld: /tmp/eb-09zxmkft/tmp2l12z53e/rpath_wrappers/ld_wrapper/ld (log: /dev/null)
== 2025-03-25 13:55:32,373 filetools.py:546 INFO Command ld.gold found at /opt/apps/resif/aion/2020b/epyc/software/binutils/2.35-GCCcore-10.2.0/bin/ld.gold
== 2025-03-25 13:55:32,373 filetools.py:2001 INFO Creating directory /tmp/eb-09zxmkft/tmp2l12z53e/rpath_wrappers/ld.gold_wrapper (parents: True, set_gid: False, sticky: False)
== 2025-03-25 13:55:32,373 filetools.py:1853 INFO Adjusting permissions recursively for /tmp/eb-09zxmkft/tmp2l12z53e/rpath_wrappers/ld.gold_wrapper/ld.gold
== 2025-03-25 13:55:32,373 environment.py:93 INFO Environment variable PATH set to /tmp/eb-09zxmkft/tmp2l12z53e/rpath_wrappers/ld.gold_wrapper:/tmp/eb-09zxmkft/tmp2l12z53e/rpath_wrappers/ld_wrapper:/tmp/eb-09zxmkft/tmp2l12z53e/rpath_wrappers/gfortran_wrapper:/tmp/eb-09zxmkft/tmp2l12z53e/rpath_wrappers/gxx_wrapper:/tmp/eb-09zxmkft/tmp2l12z53e/rpath_wrappers/gcc_wrapper:/opt/apps/resif/aion/2020b/epyc/software/OpenMPI/4.0.5-GCC-10.2.0/bin:/opt/apps/resif/aion/2020b/epyc/software/UCX/1.9.0-GCCcore-10.2.0/bin:/opt/apps/resif/aion/2020b/epyc/software/hwloc/2.2.0-GCCcore-10.2.0/sbin:/opt/apps/resif/aion/2020b/epyc/software/hwloc/2.2.0-GCCcore-10.2.0/bin:/opt/apps/resif/aion/2020b/epyc/software/libxml2/2.9.10-GCCcore-10.2.0/bin:/opt/apps/resif/aion/2020b/epyc/software/XZ/5.2.5-GCCcore-10.2.0/bin:/opt/apps/resif/aion/2020b/epyc/software/numactl/2.0.13-GCCcore-10.2.0/bin:/opt/apps/resif/aion/2020b/epyc/software/binutils/2.35-GCCcore-10.2.0/bin:/opt/apps/resif/aion/2020b/epyc/software/GCCcore/10.2.0/bin:/home/users/mghavami/.local/easybuild/software/EasyBuild/5.0.0/bin:/home/users/mghavami/.local/bin:/home/users/mghavami/bin:/usr/local/bin:/usr/bin:/usr/local/sbin:/usr/sbin:/opt/puppetlabs/bin:/usr/share/lmod/lmod/libexec (previous value: '/tmp/eb-09zxmkft/tmp2l12z53e/rpath_wrappers/ld_wrapper:/tmp/eb-09zxmkft/tmp2l12z53e/rpath_wrappers/gfortran_wrapper:/tmp/eb-09zxmkft/tmp2l12z53e/rpath_wrappers/gxx_wrapper:/tmp/eb-09zxmkft/tmp2l12z53e/rpath_wrappers/gcc_wrapper:/opt/apps/resif/aion/2020b/epyc/software/OpenMPI/4.0.5-GCC-10.2.0/bin:/opt/apps/resif/aion/2020b/epyc/software/UCX/1.9.0-GCCcore-10.2.0/bin:/opt/apps/resif/aion/2020b/epyc/software/hwloc/2.2.0-GCCcore-10.2.0/sbin:/opt/apps/resif/aion/2020b/epyc/software/hwloc/2.2.0-GCCcore-10.2.0/bin:/opt/apps/resif/aion/2020b/epyc/software/libxml2/2.9.10-GCCcore-10.2.0/bin:/opt/apps/resif/aion/2020b/epyc/software/XZ/5.2.5-GCCcore-10.2.0/bin:/opt/apps/resif/aion/2020b/epyc/software/numactl/2.0.13-GCCcore-10.2.0/bin:/opt/apps/resif/aion/2020b/epyc/software/binutils/2.35-GCCcore-10.2.0/bin:/opt/apps/resif/aion/2020b/epyc/software/GCCcore/10.2.0/bin:/home/users/mghavami/.local/easybuild/software/EasyBuild/5.0.0/bin:/home/users/mghavami/.local/bin:/home/users/mghavami/bin:/usr/local/bin:/usr/bin:/usr/local/sbin:/usr/sbin:/opt/puppetlabs/bin:/usr/share/lmod/lmod/libexec')
== 2025-03-25 13:55:32,373 filetools.py:546 INFO Command ld.gold found at /tmp/eb-09zxmkft/tmp2l12z53e/rpath_wrappers/ld.gold_wrapper/ld.gold
== 2025-03-25 13:55:32,373 toolchain.py:1069 INFO RPATH wrapper script for /opt/apps/resif/aion/2020b/epyc/software/binutils/2.35-GCCcore-10.2.0/bin/ld.gold: /tmp/eb-09zxmkft/tmp2l12z53e/rpath_wrappers/ld.gold_wrapper/ld.gold (log: /dev/null)
== 2025-03-25 13:55:32,373 filetools.py:546 INFO Command ld.bfd found at /opt/apps/resif/aion/2020b/epyc/software/binutils/2.35-GCCcore-10.2.0/bin/ld.bfd
== 2025-03-25 13:55:32,374 filetools.py:2001 INFO Creating directory /tmp/eb-09zxmkft/tmp2l12z53e/rpath_wrappers/ld.bfd_wrapper (parents: True, set_gid: False, sticky: False)
== 2025-03-25 13:55:32,374 filetools.py:1853 INFO Adjusting permissions recursively for /tmp/eb-09zxmkft/tmp2l12z53e/rpath_wrappers/ld.bfd_wrapper/ld.bfd
== 2025-03-25 13:55:32,374 environment.py:93 INFO Environment variable PATH set to /tmp/eb-09zxmkft/tmp2l12z53e/rpath_wrappers/ld.bfd_wrapper:/tmp/eb-09zxmkft/tmp2l12z53e/rpath_wrappers/ld.gold_wrapper:/tmp/eb-09zxmkft/tmp2l12z53e/rpath_wrappers/ld_wrapper:/tmp/eb-09zxmkft/tmp2l12z53e/rpath_wrappers/gfortran_wrapper:/tmp/eb-09zxmkft/tmp2l12z53e/rpath_wrappers/gxx_wrapper:/tmp/eb-09zxmkft/tmp2l12z53e/rpath_wrappers/gcc_wrapper:/opt/apps/resif/aion/2020b/epyc/software/OpenMPI/4.0.5-GCC-10.2.0/bin:/opt/apps/resif/aion/2020b/epyc/software/UCX/1.9.0-GCCcore-10.2.0/bin:/opt/apps/resif/aion/2020b/epyc/software/hwloc/2.2.0-GCCcore-10.2.0/sbin:/opt/apps/resif/aion/2020b/epyc/software/hwloc/2.2.0-GCCcore-10.2.0/bin:/opt/apps/resif/aion/2020b/epyc/software/libxml2/2.9.10-GCCcore-10.2.0/bin:/opt/apps/resif/aion/2020b/epyc/software/XZ/5.2.5-GCCcore-10.2.0/bin:/opt/apps/resif/aion/2020b/epyc/software/numactl/2.0.13-GCCcore-10.2.0/bin:/opt/apps/resif/aion/2020b/epyc/software/binutils/2.35-GCCcore-10.2.0/bin:/opt/apps/resif/aion/2020b/epyc/software/GCCcore/10.2.0/bin:/home/users/mghavami/.local/easybuild/software/EasyBuild/5.0.0/bin:/home/users/mghavami/.local/bin:/home/users/mghavami/bin:/usr/local/bin:/usr/bin:/usr/local/sbin:/usr/sbin:/opt/puppetlabs/bin:/usr/share/lmod/lmod/libexec (previous value: '/tmp/eb-09zxmkft/tmp2l12z53e/rpath_wrappers/ld.gold_wrapper:/tmp/eb-09zxmkft/tmp2l12z53e/rpath_wrappers/ld_wrapper:/tmp/eb-09zxmkft/tmp2l12z53e/rpath_wrappers/gfortran_wrapper:/tmp/eb-09zxmkft/tmp2l12z53e/rpath_wrappers/gxx_wrapper:/tmp/eb-09zxmkft/tmp2l12z53e/rpath_wrappers/gcc_wrapper:/opt/apps/resif/aion/2020b/epyc/software/OpenMPI/4.0.5-GCC-10.2.0/bin:/opt/apps/resif/aion/2020b/epyc/software/UCX/1.9.0-GCCcore-10.2.0/bin:/opt/apps/resif/aion/2020b/epyc/software/hwloc/2.2.0-GCCcore-10.2.0/sbin:/opt/apps/resif/aion/2020b/epyc/software/hwloc/2.2.0-GCCcore-10.2.0/bin:/opt/apps/resif/aion/2020b/epyc/software/libxml2/2.9.10-GCCcore-10.2.0/bin:/opt/apps/resif/aion/2020b/epyc/software/XZ/5.2.5-GCCcore-10.2.0/bin:/opt/apps/resif/aion/2020b/epyc/software/numactl/2.0.13-GCCcore-10.2.0/bin:/opt/apps/resif/aion/2020b/epyc/software/binutils/2.35-GCCcore-10.2.0/bin:/opt/apps/resif/aion/2020b/epyc/software/GCCcore/10.2.0/bin:/home/users/mghavami/.local/easybuild/software/EasyBuild/5.0.0/bin:/home/users/mghavami/.local/bin:/home/users/mghavami/bin:/usr/local/bin:/usr/bin:/usr/local/sbin:/usr/sbin:/opt/puppetlabs/bin:/usr/share/lmod/lmod/libexec')
== 2025-03-25 13:55:32,374 filetools.py:546 INFO Command ld.bfd found at /tmp/eb-09zxmkft/tmp2l12z53e/rpath_wrappers/ld.bfd_wrapper/ld.bfd
== 2025-03-25 13:55:32,374 toolchain.py:1069 INFO RPATH wrapper script for /opt/apps/resif/aion/2020b/epyc/software/binutils/2.35-GCCcore-10.2.0/bin/ld.bfd: /tmp/eb-09zxmkft/tmp2l12z53e/rpath_wrappers/ld.bfd_wrapper/ld.bfd (log: /dev/null)
== 2025-03-25 13:55:32,374 easyblock.py:2333 INFO Using /tmp/mghavami/OSUMicroBenchmarks/7.5/gompi-2020b/osu-micro-benchmarks-7.5/ as start dir
== 2025-03-25 13:55:32,374 build_log.py:322 INFO ... (took < 1 sec)
== 2025-03-25 13:55:32,374 build_log.py:322 INFO configuring...
== 2025-03-25 13:55:32,374 easyblock.py:4243 INFO Starting configure step
== 2025-03-25 13:55:32,374 easyconfig.py:1812 INFO Generating template values...
== 2025-03-25 13:55:32,375 mpi.py:122 INFO Using template MPI command 'mpirun -n %(nr_ranks)s %(cmd)s' for MPI family 'OpenMPI'
== 2025-03-25 13:55:32,375 mpi.py:298 INFO Using MPI command template 'mpirun -n %(nr_ranks)s %(cmd)s' (params: {'nr_ranks': 1, 'cmd': 'xxx_command_xxx'})
== 2025-03-25 13:55:32,375 easyconfig.py:1831 INFO Template values: arch='x86_64', bitbucket_account='osu-micro-benchmarks', builddir='/tmp/mghavami/OSUMicroBenchmarks/7.5/gompi-2020b', github_account='osu-micro-benchmarks', installdir='/home/users/mghavami/.local/easybuild/software/OSU-Micro-Benchmarks/7.5-gompi-2020b', module_name='perf/OSU-Micro-Benchmarks/7.5-gompi-2020b', mpi_cmd_prefix='mpirun -n 1', name='OSU-Micro-Benchmarks', nameletter='O', nameletterlower='o', namelower='osu-micro-benchmarks', parallel='16', rpath_enabled='true', software_commit='', start_dir='/tmp/mghavami/OSUMicroBenchmarks/7.5/gompi-2020b/osu-micro-benchmarks-7.5/', sysroot='', toolchain_name='gompi', toolchain_version='2020b', version='7.5', version_major='7', version_major_minor='7.5', version_minor='5', versionprefix='', versionsuffix=''
== 2025-03-25 13:55:32,375 easyblock.py:4251 INFO Running method configure_step part of step configure
== 2025-03-25 13:55:32,376 configuremake.py:97 INFO config.guess version: 2023-08-22 (last updated: 2025-03-25T13:12:52.346033, SHA256 checksum: ec2577614252326f889df1de97b9a457c03a9a94811048563c211a44496d8ba3)
== 2025-03-25 13:55:32,376 run.py:452 INFO run_shell_cmd: command environment of "/home/users/mghavami/.local/easybuild/sources/generic/eb_v5.0.0/ConfigureMake/config.guess" will be saved to /tmp/eb-09zxmkft/run-shell-cmd-output/configguess-yg_fxzv2
== 2025-03-25 13:55:32,376 run.py:455 INFO run_shell_cmd: Output of "/home/users/mghavami/.local/easybuild/sources/generic/eb_v5.0.0/ConfigureMake/config.guess" will be logged to /tmp/eb-09zxmkft/run-shell-cmd-output/configguess-yg_fxzv2/out.txt
== 2025-03-25 13:55:32,393 run.py:489 INFO Path to bash that will be used to run shell commands: /usr/bin/bash
== 2025-03-25 13:55:32,393 run.py:500 INFO Running shell command '/home/users/mghavami/.local/easybuild/sources/generic/eb_v5.0.0/ConfigureMake/config.guess' in /tmp/mghavami/OSUMicroBenchmarks/7.5/gompi-2020b/osu-micro-benchmarks-7.5
== 2025-03-25 13:55:32,562 run.py:598 INFO Output of '/home/users/mghavami/.local/easybuild/sources/generic/eb_v5.0.0/ConfigureMake/config.guess ...' shell command (stdout + stderr):
x86_64-pc-linux-gnu

== 2025-03-25 13:55:32,562 run.py:601 INFO Shell command completed successfully (see output above): /home/users/mghavami/.local/easybuild/sources/generic/eb_v5.0.0/ConfigureMake/config.guess
== 2025-03-25 13:55:32,562 configuremake.py:263 INFO /home/users/mghavami/.local/easybuild/sources/generic/eb_v5.0.0/ConfigureMake/config.guess returned a system type 'x86_64-pc-linux-gnu'
== 2025-03-25 13:55:32,563 configuremake.py:267 INFO Providing 'x86_64-pc-linux-gnu' as value to --build option of configure script
== 2025-03-25 13:55:32,563 configuremake.py:271 INFO Providing 'x86_64-pc-linux-gnu' as value to --host option of configure script
== 2025-03-25 13:55:32,563 run.py:452 INFO run_shell_cmd: command environment of "./configure --prefix=/home/users/mghavami/.local/easybuild/software/OSU-Micro-Benchmarks/7.5-gompi-2020b  --build=x86_64-pc-linux-gnu  --host=x86_64-pc-linux-gnu" will be saved to /tmp/eb-09zxmkft/run-shell-cmd-output/configure-4dtew4_w
== 2025-03-25 13:55:32,563 run.py:455 INFO run_shell_cmd: Output of "./configure --prefix=/home/users/mghavami/.local/easybuild/software/OSU-Micro-Benchmarks/7.5-gompi-2020b  --build=x86_64-pc-linux-gnu  --host=x86_64-pc-linux-gnu" will be logged to /tmp/eb-09zxmkft/run-shell-cmd-output/configure-4dtew4_w/out.txt
== 2025-03-25 13:55:32,580 run.py:489 INFO Path to bash that will be used to run shell commands: /usr/bin/bash
== 2025-03-25 13:55:32,580 run.py:500 INFO Running shell command './configure --prefix=/home/users/mghavami/.local/easybuild/software/OSU-Micro-Benchmarks/7.5-gompi-2020b  --build=x86_64-pc-linux-gnu  --host=x86_64-pc-linux-gnu' in /tmp/mghavami/OSUMicroBenchmarks/7.5/gompi-2020b/osu-micro-benchmarks-7.5
== 2025-03-25 13:55:43,519 run.py:598 INFO Output of './configure ...' shell command (stdout + stderr):
checking for a BSD-compatible install... /usr/bin/install -c
checking whether build environment is sane... yes
checking for a thread-safe mkdir -p... /usr/bin/mkdir -p
checking for gawk... gawk
checking whether make sets $(MAKE)... yes
checking whether make supports nested variables... yes
checking build system type... x86_64-pc-linux-gnu
checking host system type... x86_64-pc-linux-gnu
checking how to print strings... printf
checking whether make supports the include directive... yes (GNU style)
checking for x86_64-pc-linux-gnu-gcc... mpicc
checking whether the C compiler works... yes
checking for C compiler default output file name... a.out
checking for suffix of executables... 
checking whether we are cross compiling... no
checking for suffix of object files... o
checking whether we are using the GNU C compiler... yes
checking whether mpicc accepts -g... yes
checking for mpicc option to accept ISO C89... none needed
checking whether mpicc understands -c and -o together... yes
checking dependency style of mpicc... gcc3
checking for a sed that does not truncate output... /usr/bin/sed
checking for grep that handles long lines and -e... /usr/bin/grep
checking for egrep... /usr/bin/grep -E
checking for fgrep... /usr/bin/grep -F
checking for ld used by mpicc... /tmp/eb-09zxmkft/tmp2l12z53e/rpath_wrappers/ld_wrapper/ld
checking if the linker (/tmp/eb-09zxmkft/tmp2l12z53e/rpath_wrappers/ld_wrapper/ld) is GNU ld... yes
checking for BSD- or MS-compatible name lister (nm)... /opt/apps/resif/aion/2020b/epyc/software/binutils/2.35-GCCcore-10.2.0/bin/nm -B
checking the name lister (/opt/apps/resif/aion/2020b/epyc/software/binutils/2.35-GCCcore-10.2.0/bin/nm -B) interface... BSD nm
checking whether ln -s works... yes
checking the maximum length of command line arguments... 1572864
checking how to convert x86_64-pc-linux-gnu file names to x86_64-pc-linux-gnu format... func_convert_file_noop
checking how to convert x86_64-pc-linux-gnu file names to toolchain format... func_convert_file_noop
checking for /tmp/eb-09zxmkft/tmp2l12z53e/rpath_wrappers/ld_wrapper/ld option to reload object files... -r
checking for x86_64-pc-linux-gnu-objdump... no
checking for objdump... objdump
checking how to recognize dependent libraries... pass_all
checking for x86_64-pc-linux-gnu-dlltool... no
checking for dlltool... no
checking how to associate runtime and link libraries... printf %s\n
checking for x86_64-pc-linux-gnu-ar... no
checking for ar... ar
checking for archiver @FILE support... @
checking for x86_64-pc-linux-gnu-strip... no
checking for strip... strip
checking for x86_64-pc-linux-gnu-ranlib... no
checking for ranlib... ranlib
checking command to parse /opt/apps/resif/aion/2020b/epyc/software/binutils/2.35-GCCcore-10.2.0/bin/nm -B output from mpicc object... ok
checking for sysroot... no
checking for a working dd... /usr/bin/dd
checking how to truncate binary pipes... /usr/bin/dd bs=4096 count=1
checking for x86_64-pc-linux-gnu-mt... no
checking for mt... no
checking if : is a manifest tool... no
checking how to run the C preprocessor... mpicc -E
checking for ANSI C header files... yes
checking for sys/types.h... yes
checking for sys/stat.h... yes
checking for stdlib.h... yes
checking for string.h... yes
checking for memory.h... yes
checking for strings.h... yes
checking for inttypes.h... yes
checking for stdint.h... yes
checking for unistd.h... yes
checking for dlfcn.h... yes
checking for objdir... .libs
checking if mpicc supports -fno-rtti -fno-exceptions... no
checking for mpicc option to produce PIC... -fPIC -DPIC
checking if mpicc PIC flag -fPIC -DPIC works... yes
checking if mpicc static flag -static works... no
checking if mpicc supports -c -o file.o... yes
checking if mpicc supports -c -o file.o... (cached) yes
checking whether the mpicc linker (/tmp/eb-09zxmkft/tmp2l12z53e/rpath_wrappers/ld_wrapper/ld -m elf_x86_64) supports shared libraries... yes
checking whether -lc should be explicitly linked in... no
checking dynamic linker characteristics... GNU/Linux ld.so
checking how to hardcode library paths into programs... immediate
checking whether stripping libraries is possible... yes
checking if libtool supports shared libraries... yes
checking whether to build shared libraries... yes
checking whether to build static libraries... yes
checking for MPI_Session_init... no
checking for x86_64-pc-linux-gnu-mpicc... (cached) mpicc
checking whether we are using the GNU C compiler... (cached) yes
checking whether mpicc accepts -g... (cached) yes
checking for mpicc option to accept ISO C89... (cached) none needed
checking whether mpicc understands -c and -o together... (cached) yes
checking dependency style of mpicc... (cached) gcc3
checking whether we are using the GNU C++ compiler... yes
checking whether mpicxx accepts -g... yes
checking dependency style of mpicxx... gcc3
checking how to run the C++ preprocessor... mpicxx -E
checking for ld used by mpicxx... /tmp/eb-09zxmkft/tmp2l12z53e/rpath_wrappers/ld_wrapper/ld -m elf_x86_64
checking if the linker (/tmp/eb-09zxmkft/tmp2l12z53e/rpath_wrappers/ld_wrapper/ld -m elf_x86_64) is GNU ld... yes
checking whether the mpicxx linker (/tmp/eb-09zxmkft/tmp2l12z53e/rpath_wrappers/ld_wrapper/ld -m elf_x86_64) supports shared libraries... yes
checking for mpicxx option to produce PIC... -fPIC -DPIC
checking if mpicxx PIC flag -fPIC -DPIC works... yes
checking if mpicxx static flag -static works... no
checking if mpicxx supports -c -o file.o... yes
checking if mpicxx supports -c -o file.o... (cached) yes
checking whether the mpicxx linker (/tmp/eb-09zxmkft/tmp2l12z53e/rpath_wrappers/ld_wrapper/ld -m elf_x86_64) supports shared libraries... yes
checking dynamic linker characteristics... (cached) GNU/Linux ld.so
checking how to hardcode library paths into programs... immediate
checking for library containing sqrt... none required
checking for library containing pthread_join... none required
checking for library containing clock_gettime... none required
checking for stdlib.h... (cached) yes
checking for string.h... (cached) yes
checking sys/time.h usability... yes
checking sys/time.h presence... yes
checking for sys/time.h... yes
checking for unistd.h... (cached) yes
checking math.h usability... yes
checking math.h presence... yes
checking for math.h... yes
checking for inline... inline
checking for getpagesize... yes
checking for gettimeofday... yes
checking for memset... yes
checking for sqrt... yes
checking for MPI_Init... yes
checking for MPI_Accumulate... yes
checking for MPI_Get_accumulate... yes
checking for shmem_barrier_all... no
checking for upc_memput... no
checking whether upcxx_alltoall is declared... no
checking for shmem_finalize... no
checking that generated files are newer than configure... done
configure: creating ./config.status
config.status: creating Makefile
config.status: creating c/Makefile
config.status: creating c/mpi/Makefile
config.status: creating c/mpi/pt2pt/Makefile
config.status: creating c/mpi/startup/Makefile
config.status: creating c/mpi/one-sided/Makefile
config.status: creating c/mpi/collective/Makefile
config.status: creating c/openshmem/Makefile
config.status: creating c/xccl/collective/Makefile
config.status: creating c/xccl/pt2pt/Makefile
config.status: creating c/xccl/Makefile
config.status: creating c/upc/Makefile
config.status: creating c/upcxx/Makefile
config.status: creating c/mpi/pt2pt/standard/Makefile
config.status: creating c/mpi/pt2pt/persistent/Makefile
config.status: creating c/mpi/collective/blocking/Makefile
config.status: creating c/mpi/collective/non_blocking/Makefile
config.status: creating c/mpi/collective/neighborhood/Makefile
config.status: creating c/mpi/collective/persistent/Makefile
config.status: creating c/mpi/pt2pt/congestion/Makefile
config.status: executing depfiles commands
config.status: executing libtool commands

== 2025-03-25 13:55:43,520 run.py:601 INFO Shell command completed successfully (see output above): ./configure --prefix=/home/users/mghavami/.local/easybuild/software/OSU-Micro-Benchmarks/7.5-gompi-2020b  --build=x86_64-pc-linux-gnu  --host=x86_64-pc-linux-gnu
== 2025-03-25 13:55:43,521 build_log.py:322 INFO ... (took 11 secs)
== 2025-03-25 13:55:43,521 build_log.py:322 INFO building...
== 2025-03-25 13:55:43,521 easyblock.py:4243 INFO Starting build step
== 2025-03-25 13:55:43,521 easyconfig.py:1812 INFO Generating template values...
== 2025-03-25 13:55:43,521 mpi.py:122 INFO Using template MPI command 'mpirun -n %(nr_ranks)s %(cmd)s' for MPI family 'OpenMPI'
== 2025-03-25 13:55:43,521 mpi.py:298 INFO Using MPI command template 'mpirun -n %(nr_ranks)s %(cmd)s' (params: {'nr_ranks': 1, 'cmd': 'xxx_command_xxx'})
== 2025-03-25 13:55:43,521 easyconfig.py:1831 INFO Template values: arch='x86_64', bitbucket_account='osu-micro-benchmarks', builddir='/tmp/mghavami/OSUMicroBenchmarks/7.5/gompi-2020b', github_account='osu-micro-benchmarks', installdir='/home/users/mghavami/.local/easybuild/software/OSU-Micro-Benchmarks/7.5-gompi-2020b', module_name='perf/OSU-Micro-Benchmarks/7.5-gompi-2020b', mpi_cmd_prefix='mpirun -n 1', name='OSU-Micro-Benchmarks', nameletter='O', nameletterlower='o', namelower='osu-micro-benchmarks', parallel='16', rpath_enabled='true', software_commit='', start_dir='/tmp/mghavami/OSUMicroBenchmarks/7.5/gompi-2020b/osu-micro-benchmarks-7.5/', sysroot='', toolchain_name='gompi', toolchain_version='2020b', version='7.5', version_major='7', version_major_minor='7.5', version_minor='5', versionprefix='', versionsuffix=''
== 2025-03-25 13:55:43,521 easyblock.py:4251 INFO Running method build_step part of step build
== 2025-03-25 13:55:43,521 configuremake.py:380 INFO Building target ''
== 2025-03-25 13:55:43,522 run.py:452 INFO run_shell_cmd: command environment of "make  -j 16" will be saved to /tmp/eb-09zxmkft/run-shell-cmd-output/make-lctmqyzv
== 2025-03-25 13:55:43,522 run.py:455 INFO run_shell_cmd: Output of "make  -j 16" will be logged to /tmp/eb-09zxmkft/run-shell-cmd-output/make-lctmqyzv/out.txt
== 2025-03-25 13:55:43,538 run.py:489 INFO Path to bash that will be used to run shell commands: /usr/bin/bash
== 2025-03-25 13:55:43,538 run.py:500 INFO Running shell command 'make  -j 16' in /tmp/mghavami/OSUMicroBenchmarks/7.5/gompi-2020b/osu-micro-benchmarks-7.5
== 2025-03-25 13:55:53,366 run.py:598 INFO Output of 'make ...' shell command (stdout + stderr):
Making all in c
make[1]: Entering directory '/tmp/mghavami/OSUMicroBenchmarks/7.5/gompi-2020b/osu-micro-benchmarks-7.5/c'
Making all in mpi
make[2]: Entering directory '/tmp/mghavami/OSUMicroBenchmarks/7.5/gompi-2020b/osu-micro-benchmarks-7.5/c/mpi'
Making all in pt2pt
make[3]: Entering directory '/tmp/mghavami/OSUMicroBenchmarks/7.5/gompi-2020b/osu-micro-benchmarks-7.5/c/mpi/pt2pt'
Making all in standard
make[4]: Entering directory '/tmp/mghavami/OSUMicroBenchmarks/7.5/gompi-2020b/osu-micro-benchmarks-7.5/c/mpi/pt2pt/standard'
depbase=`echo osu_bibw.o | sed 's|[^/]*$|.deps/&|;s|\.o$||'`;\
mpicc -DPACKAGE_NAME=\"OSU-Micro-Benchmarks\" -DPACKAGE_TARNAME=\"osu-micro-benchmarks\" -DPACKAGE_VERSION=\"7.5\" -DPACKAGE_STRING=\"OSU-Micro-Benchmarks\ 7.5\" -DPACKAGE_BUGREPORT=\"mvapich-discuss@cse.ohio-state.edu\" -DPACKAGE_URL=\"\" -DPACKAGE=\"osu-micro-benchmarks\" -DVERSION=\"7.5\" -DSTDC_HEADERS=1 -DHAVE_SYS_TYPES_H=1 -DHAVE_SYS_STAT_H=1 -DHAVE_STDLIB_H=1 -DHAVE_STRING_H=1 -DHAVE_MEMORY_H=1 -DHAVE_STRINGS_H=1 -DHAVE_INTTYPES_H=1 -DHAVE_STDINT_H=1 -DHAVE_UNISTD_H=1 -DHAVE_DLFCN_H=1 -DLT_OBJDIR=\".libs/\" -DHAVE_STDLIB_H=1 -DHAVE_STRING_H=1 -DHAVE_SYS_TIME_H=1 -DHAVE_UNISTD_H=1 -DHAVE_MATH_H=1 -DHAVE_GETPAGESIZE=1 -DHAVE_GETTIMEOFDAY=1 -DHAVE_MEMSET=1 -DHAVE_SQRT=1 -DFIELD_WIDTH=18 -DFLOAT_PRECISION=2 -I.    -I../../../../c/util  -O2 -ftree-vectorize -march=native -fno-math-errno -MT osu_bibw.o -MD -MP -MF $depbase.Tpo -c -o osu_bibw.o osu_bibw.c &&\
mv -f $depbase.Tpo $depbase.Po
depbase=`echo osu_bw.o | sed 's|[^/]*$|.deps/&|;s|\.o$||'`;\
mpicc -DPACKAGE_NAME=\"OSU-Micro-Benchmarks\" -DPACKAGE_TARNAME=\"osu-micro-benchmarks\" -DPACKAGE_VERSION=\"7.5\" -DPACKAGE_STRING=\"OSU-Micro-Benchmarks\ 7.5\" -DPACKAGE_BUGREPORT=\"mvapich-discuss@cse.ohio-state.edu\" -DPACKAGE_URL=\"\" -DPACKAGE=\"osu-micro-benchmarks\" -DVERSION=\"7.5\" -DSTDC_HEADERS=1 -DHAVE_SYS_TYPES_H=1 -DHAVE_SYS_STAT_H=1 -DHAVE_STDLIB_H=1 -DHAVE_STRING_H=1 -DHAVE_MEMORY_H=1 -DHAVE_STRINGS_H=1 -DHAVE_INTTYPES_H=1 -DHAVE_STDINT_H=1 -DHAVE_UNISTD_H=1 -DHAVE_DLFCN_H=1 -DLT_OBJDIR=\".libs/\" -DHAVE_STDLIB_H=1 -DHAVE_STRING_H=1 -DHAVE_SYS_TIME_H=1 -DHAVE_UNISTD_H=1 -DHAVE_MATH_H=1 -DHAVE_GETPAGESIZE=1 -DHAVE_GETTIMEOFDAY=1 -DHAVE_MEMSET=1 -DHAVE_SQRT=1 -DFIELD_WIDTH=18 -DFLOAT_PRECISION=2 -I.    -I../../../../c/util  -O2 -ftree-vectorize -march=native -fno-math-errno -MT osu_bw.o -MD -MP -MF $depbase.Tpo -c -o osu_bw.o osu_bw.c &&\
mv -f $depbase.Tpo $depbase.Po
depbase=`echo osu_latency.o | sed 's|[^/]*$|.deps/&|;s|\.o$||'`;\
mpicc -DPACKAGE_NAME=\"OSU-Micro-Benchmarks\" -DPACKAGE_TARNAME=\"osu-micro-benchmarks\" -DPACKAGE_VERSION=\"7.5\" -DPACKAGE_STRING=\"OSU-Micro-Benchmarks\ 7.5\" -DPACKAGE_BUGREPORT=\"mvapich-discuss@cse.ohio-state.edu\" -DPACKAGE_URL=\"\" -DPACKAGE=\"osu-micro-benchmarks\" -DVERSION=\"7.5\" -DSTDC_HEADERS=1 -DHAVE_SYS_TYPES_H=1 -DHAVE_SYS_STAT_H=1 -DHAVE_STDLIB_H=1 -DHAVE_STRING_H=1 -DHAVE_MEMORY_H=1 -DHAVE_STRINGS_H=1 -DHAVE_INTTYPES_H=1 -DHAVE_STDINT_H=1 -DHAVE_UNISTD_H=1 -DHAVE_DLFCN_H=1 -DLT_OBJDIR=\".libs/\" -DHAVE_STDLIB_H=1 -DHAVE_STRING_H=1 -DHAVE_SYS_TIME_H=1 -DHAVE_UNISTD_H=1 -DHAVE_MATH_H=1 -DHAVE_GETPAGESIZE=1 -DHAVE_GETTIMEOFDAY=1 -DHAVE_MEMSET=1 -DHAVE_SQRT=1 -DFIELD_WIDTH=18 -DFLOAT_PRECISION=2 -I.    -I../../../../c/util  -O2 -ftree-vectorize -march=native -fno-math-errno -MT osu_latency.o -MD -MP -MF $depbase.Tpo -c -o osu_latency.o osu_latency.c &&\
mv -f $depbase.Tpo $depbase.Po
depbase=`echo osu_mbw_mr.o | sed 's|[^/]*$|.deps/&|;s|\.o$||'`;\
mpicc -DPACKAGE_NAME=\"OSU-Micro-Benchmarks\" -DPACKAGE_TARNAME=\"osu-micro-benchmarks\" -DPACKAGE_VERSION=\"7.5\" -DPACKAGE_STRING=\"OSU-Micro-Benchmarks\ 7.5\" -DPACKAGE_BUGREPORT=\"mvapich-discuss@cse.ohio-state.edu\" -DPACKAGE_URL=\"\" -DPACKAGE=\"osu-micro-benchmarks\" -DVERSION=\"7.5\" -DSTDC_HEADERS=1 -DHAVE_SYS_TYPES_H=1 -DHAVE_SYS_STAT_H=1 -DHAVE_STDLIB_H=1 -DHAVE_STRING_H=1 -DHAVE_MEMORY_H=1 -DHAVE_STRINGS_H=1 -DHAVE_INTTYPES_H=1 -DHAVE_STDINT_H=1 -DHAVE_UNISTD_H=1 -DHAVE_DLFCN_H=1 -DLT_OBJDIR=\".libs/\" -DHAVE_STDLIB_H=1 -DHAVE_STRING_H=1 -DHAVE_SYS_TIME_H=1 -DHAVE_UNISTD_H=1 -DHAVE_MATH_H=1 -DHAVE_GETPAGESIZE=1 -DHAVE_GETTIMEOFDAY=1 -DHAVE_MEMSET=1 -DHAVE_SQRT=1 -DFIELD_WIDTH=18 -DFLOAT_PRECISION=2 -I.    -I../../../../c/util  -O2 -ftree-vectorize -march=native -fno-math-errno -MT osu_mbw_mr.o -MD -MP -MF $depbase.Tpo -c -o osu_mbw_mr.o osu_mbw_mr.c &&\
mv -f $depbase.Tpo $depbase.Po
depbase=`echo osu_multi_lat.o | sed 's|[^/]*$|.deps/&|;s|\.o$||'`;\
mpicc -DPACKAGE_NAME=\"OSU-Micro-Benchmarks\" -DPACKAGE_TARNAME=\"osu-micro-benchmarks\" -DPACKAGE_VERSION=\"7.5\" -DPACKAGE_STRING=\"OSU-Micro-Benchmarks\ 7.5\" -DPACKAGE_BUGREPORT=\"mvapich-discuss@cse.ohio-state.edu\" -DPACKAGE_URL=\"\" -DPACKAGE=\"osu-micro-benchmarks\" -DVERSION=\"7.5\" -DSTDC_HEADERS=1 -DHAVE_SYS_TYPES_H=1 -DHAVE_SYS_STAT_H=1 -DHAVE_STDLIB_H=1 -DHAVE_STRING_H=1 -DHAVE_MEMORY_H=1 -DHAVE_STRINGS_H=1 -DHAVE_INTTYPES_H=1 -DHAVE_STDINT_H=1 -DHAVE_UNISTD_H=1 -DHAVE_DLFCN_H=1 -DLT_OBJDIR=\".libs/\" -DHAVE_STDLIB_H=1 -DHAVE_STRING_H=1 -DHAVE_SYS_TIME_H=1 -DHAVE_UNISTD_H=1 -DHAVE_MATH_H=1 -DHAVE_GETPAGESIZE=1 -DHAVE_GETTIMEOFDAY=1 -DHAVE_MEMSET=1 -DHAVE_SQRT=1 -DFIELD_WIDTH=18 -DFLOAT_PRECISION=2 -I.    -I../../../../c/util  -O2 -ftree-vectorize -march=native -fno-math-errno -MT osu_multi_lat.o -MD -MP -MF $depbase.Tpo -c -o osu_multi_lat.o osu_multi_lat.c &&\
mv -f $depbase.Tpo $depbase.Po
depbase=`echo osu_latency_mt.o | sed 's|[^/]*$|.deps/&|;s|\.o$||'`;\
mpicc -DPACKAGE_NAME=\"OSU-Micro-Benchmarks\" -DPACKAGE_TARNAME=\"osu-micro-benchmarks\" -DPACKAGE_VERSION=\"7.5\" -DPACKAGE_STRING=\"OSU-Micro-Benchmarks\ 7.5\" -DPACKAGE_BUGREPORT=\"mvapich-discuss@cse.ohio-state.edu\" -DPACKAGE_URL=\"\" -DPACKAGE=\"osu-micro-benchmarks\" -DVERSION=\"7.5\" -DSTDC_HEADERS=1 -DHAVE_SYS_TYPES_H=1 -DHAVE_SYS_STAT_H=1 -DHAVE_STDLIB_H=1 -DHAVE_STRING_H=1 -DHAVE_MEMORY_H=1 -DHAVE_STRINGS_H=1 -DHAVE_INTTYPES_H=1 -DHAVE_STDINT_H=1 -DHAVE_UNISTD_H=1 -DHAVE_DLFCN_H=1 -DLT_OBJDIR=\".libs/\" -DHAVE_STDLIB_H=1 -DHAVE_STRING_H=1 -DHAVE_SYS_TIME_H=1 -DHAVE_UNISTD_H=1 -DHAVE_MATH_H=1 -DHAVE_GETPAGESIZE=1 -DHAVE_GETTIMEOFDAY=1 -DHAVE_MEMSET=1 -DHAVE_SQRT=1 -DFIELD_WIDTH=18 -DFLOAT_PRECISION=2 -I.    -I../../../../c/util  -O2 -ftree-vectorize -march=native -fno-math-errno -MT osu_latency_mt.o -MD -MP -MF $depbase.Tpo -c -o osu_latency_mt.o osu_latency_mt.c &&\
mv -f $depbase.Tpo $depbase.Po
depbase=`echo osu_latency_mp.o | sed 's|[^/]*$|.deps/&|;s|\.o$||'`;\
mpicc -DPACKAGE_NAME=\"OSU-Micro-Benchmarks\" -DPACKAGE_TARNAME=\"osu-micro-benchmarks\" -DPACKAGE_VERSION=\"7.5\" -DPACKAGE_STRING=\"OSU-Micro-Benchmarks\ 7.5\" -DPACKAGE_BUGREPORT=\"mvapich-discuss@cse.ohio-state.edu\" -DPACKAGE_URL=\"\" -DPACKAGE=\"osu-micro-benchmarks\" -DVERSION=\"7.5\" -DSTDC_HEADERS=1 -DHAVE_SYS_TYPES_H=1 -DHAVE_SYS_STAT_H=1 -DHAVE_STDLIB_H=1 -DHAVE_STRING_H=1 -DHAVE_MEMORY_H=1 -DHAVE_STRINGS_H=1 -DHAVE_INTTYPES_H=1 -DHAVE_STDINT_H=1 -DHAVE_UNISTD_H=1 -DHAVE_DLFCN_H=1 -DLT_OBJDIR=\".libs/\" -DHAVE_STDLIB_H=1 -DHAVE_STRING_H=1 -DHAVE_SYS_TIME_H=1 -DHAVE_UNISTD_H=1 -DHAVE_MATH_H=1 -DHAVE_GETPAGESIZE=1 -DHAVE_GETTIMEOFDAY=1 -DHAVE_MEMSET=1 -DHAVE_SQRT=1 -DFIELD_WIDTH=18 -DFLOAT_PRECISION=2 -I.    -I../../../../c/util  -O2 -ftree-vectorize -march=native -fno-math-errno -MT osu_latency_mp.o -MD -MP -MF $depbase.Tpo -c -o osu_latency_mp.o osu_latency_mp.c &&\
mv -f $depbase.Tpo $depbase.Po
depbase=`echo ../../../util/osu_util.o | sed 's|[^/]*$|.deps/&|;s|\.o$||'`;\
mpicc -DPACKAGE_NAME=\"OSU-Micro-Benchmarks\" -DPACKAGE_TARNAME=\"osu-micro-benchmarks\" -DPACKAGE_VERSION=\"7.5\" -DPACKAGE_STRING=\"OSU-Micro-Benchmarks\ 7.5\" -DPACKAGE_BUGREPORT=\"mvapich-discuss@cse.ohio-state.edu\" -DPACKAGE_URL=\"\" -DPACKAGE=\"osu-micro-benchmarks\" -DVERSION=\"7.5\" -DSTDC_HEADERS=1 -DHAVE_SYS_TYPES_H=1 -DHAVE_SYS_STAT_H=1 -DHAVE_STDLIB_H=1 -DHAVE_STRING_H=1 -DHAVE_MEMORY_H=1 -DHAVE_STRINGS_H=1 -DHAVE_INTTYPES_H=1 -DHAVE_STDINT_H=1 -DHAVE_UNISTD_H=1 -DHAVE_DLFCN_H=1 -DLT_OBJDIR=\".libs/\" -DHAVE_STDLIB_H=1 -DHAVE_STRING_H=1 -DHAVE_SYS_TIME_H=1 -DHAVE_UNISTD_H=1 -DHAVE_MATH_H=1 -DHAVE_GETPAGESIZE=1 -DHAVE_GETTIMEOFDAY=1 -DHAVE_MEMSET=1 -DHAVE_SQRT=1 -DFIELD_WIDTH=18 -DFLOAT_PRECISION=2 -I.    -I../../../../c/util  -O2 -ftree-vectorize -march=native -fno-math-errno -MT ../../../util/osu_util.o -MD -MP -MF $depbase.Tpo -c -o ../../../util/osu_util.o ../../../util/osu_util.c &&\
mv -f $depbase.Tpo $depbase.Po
depbase=`echo ../../../util/osu_util_mpi.o | sed 's|[^/]*$|.deps/&|;s|\.o$||'`;\
mpicc -DPACKAGE_NAME=\"OSU-Micro-Benchmarks\" -DPACKAGE_TARNAME=\"osu-micro-benchmarks\" -DPACKAGE_VERSION=\"7.5\" -DPACKAGE_STRING=\"OSU-Micro-Benchmarks\ 7.5\" -DPACKAGE_BUGREPORT=\"mvapich-discuss@cse.ohio-state.edu\" -DPACKAGE_URL=\"\" -DPACKAGE=\"osu-micro-benchmarks\" -DVERSION=\"7.5\" -DSTDC_HEADERS=1 -DHAVE_SYS_TYPES_H=1 -DHAVE_SYS_STAT_H=1 -DHAVE_STDLIB_H=1 -DHAVE_STRING_H=1 -DHAVE_MEMORY_H=1 -DHAVE_STRINGS_H=1 -DHAVE_INTTYPES_H=1 -DHAVE_STDINT_H=1 -DHAVE_UNISTD_H=1 -DHAVE_DLFCN_H=1 -DLT_OBJDIR=\".libs/\" -DHAVE_STDLIB_H=1 -DHAVE_STRING_H=1 -DHAVE_SYS_TIME_H=1 -DHAVE_UNISTD_H=1 -DHAVE_MATH_H=1 -DHAVE_GETPAGESIZE=1 -DHAVE_GETTIMEOFDAY=1 -DHAVE_MEMSET=1 -DHAVE_SQRT=1 -DFIELD_WIDTH=18 -DFLOAT_PRECISION=2 -I.    -I../../../../c/util  -O2 -ftree-vectorize -march=native -fno-math-errno -MT ../../../util/osu_util_mpi.o -MD -MP -MF $depbase.Tpo -c -o ../../../util/osu_util_mpi.o ../../../util/osu_util_mpi.c &&\
mv -f $depbase.Tpo $depbase.Po
depbase=`echo ../../../util/osu_util_graph.o | sed 's|[^/]*$|.deps/&|;s|\.o$||'`;\
mpicc -DPACKAGE_NAME=\"OSU-Micro-Benchmarks\" -DPACKAGE_TARNAME=\"osu-micro-benchmarks\" -DPACKAGE_VERSION=\"7.5\" -DPACKAGE_STRING=\"OSU-Micro-Benchmarks\ 7.5\" -DPACKAGE_BUGREPORT=\"mvapich-discuss@cse.ohio-state.edu\" -DPACKAGE_URL=\"\" -DPACKAGE=\"osu-micro-benchmarks\" -DVERSION=\"7.5\" -DSTDC_HEADERS=1 -DHAVE_SYS_TYPES_H=1 -DHAVE_SYS_STAT_H=1 -DHAVE_STDLIB_H=1 -DHAVE_STRING_H=1 -DHAVE_MEMORY_H=1 -DHAVE_STRINGS_H=1 -DHAVE_INTTYPES_H=1 -DHAVE_STDINT_H=1 -DHAVE_UNISTD_H=1 -DHAVE_DLFCN_H=1 -DLT_OBJDIR=\".libs/\" -DHAVE_STDLIB_H=1 -DHAVE_STRING_H=1 -DHAVE_SYS_TIME_H=1 -DHAVE_UNISTD_H=1 -DHAVE_MATH_H=1 -DHAVE_GETPAGESIZE=1 -DHAVE_GETTIMEOFDAY=1 -DHAVE_MEMSET=1 -DHAVE_SQRT=1 -DFIELD_WIDTH=18 -DFLOAT_PRECISION=2 -I.    -I../../../../c/util  -O2 -ftree-vectorize -march=native -fno-math-errno -MT ../../../util/osu_util_graph.o -MD -MP -MF $depbase.Tpo -c -o ../../../util/osu_util_graph.o ../../../util/osu_util_graph.c &&\
mv -f $depbase.Tpo $depbase.Po
depbase=`echo ../../../util/osu_util_papi.o | sed 's|[^/]*$|.deps/&|;s|\.o$||'`;\
mpicc -DPACKAGE_NAME=\"OSU-Micro-Benchmarks\" -DPACKAGE_TARNAME=\"osu-micro-benchmarks\" -DPACKAGE_VERSION=\"7.5\" -DPACKAGE_STRING=\"OSU-Micro-Benchmarks\ 7.5\" -DPACKAGE_BUGREPORT=\"mvapich-discuss@cse.ohio-state.edu\" -DPACKAGE_URL=\"\" -DPACKAGE=\"osu-micro-benchmarks\" -DVERSION=\"7.5\" -DSTDC_HEADERS=1 -DHAVE_SYS_TYPES_H=1 -DHAVE_SYS_STAT_H=1 -DHAVE_STDLIB_H=1 -DHAVE_STRING_H=1 -DHAVE_MEMORY_H=1 -DHAVE_STRINGS_H=1 -DHAVE_INTTYPES_H=1 -DHAVE_STDINT_H=1 -DHAVE_UNISTD_H=1 -DHAVE_DLFCN_H=1 -DLT_OBJDIR=\".libs/\" -DHAVE_STDLIB_H=1 -DHAVE_STRING_H=1 -DHAVE_SYS_TIME_H=1 -DHAVE_UNISTD_H=1 -DHAVE_MATH_H=1 -DHAVE_GETPAGESIZE=1 -DHAVE_GETTIMEOFDAY=1 -DHAVE_MEMSET=1 -DHAVE_SQRT=1 -DFIELD_WIDTH=18 -DFLOAT_PRECISION=2 -I.    -I../../../../c/util  -O2 -ftree-vectorize -march=native -fno-math-errno -MT ../../../util/osu_util_papi.o -MD -MP -MF $depbase.Tpo -c -o ../../../util/osu_util_papi.o ../../../util/osu_util_papi.c &&\
mv -f $depbase.Tpo $depbase.Po
/bin/sh ../../../../libtool  --tag=CXX   --mode=link mpicxx  -O2 -ftree-vectorize -march=native -fno-math-errno  -L/opt/apps/resif/aion/2020b/epyc/software/GCCcore/10.2.0/lib64 -L/opt/apps/resif/aion/2020b/epyc/software/GCCcore/10.2.0/lib -o osu_bibw osu_bibw.o ../../../util/osu_util.o ../../../util/osu_util_mpi.o ../../../util/osu_util_graph.o ../../../util/osu_util_papi.o    -lm -lpthread
/bin/sh ../../../../libtool  --tag=CXX   --mode=link mpicxx  -O2 -ftree-vectorize -march=native -fno-math-errno  -L/opt/apps/resif/aion/2020b/epyc/software/GCCcore/10.2.0/lib64 -L/opt/apps/resif/aion/2020b/epyc/software/GCCcore/10.2.0/lib -o osu_bw osu_bw.o ../../../util/osu_util.o ../../../util/osu_util_mpi.o ../../../util/osu_util_graph.o ../../../util/osu_util_papi.o    -lm -lpthread
/bin/sh ../../../../libtool  --tag=CXX   --mode=link mpicxx  -O2 -ftree-vectorize -march=native -fno-math-errno  -L/opt/apps/resif/aion/2020b/epyc/software/GCCcore/10.2.0/lib64 -L/opt/apps/resif/aion/2020b/epyc/software/GCCcore/10.2.0/lib -o osu_latency osu_latency.o ../../../util/osu_util.o ../../../util/osu_util_mpi.o ../../../util/osu_util_graph.o ../../../util/osu_util_papi.o    -lm -lpthread
/bin/sh ../../../../libtool  --tag=CXX   --mode=link mpicxx  -O2 -ftree-vectorize -march=native -fno-math-errno  -L/opt/apps/resif/aion/2020b/epyc/software/GCCcore/10.2.0/lib64 -L/opt/apps/resif/aion/2020b/epyc/software/GCCcore/10.2.0/lib -o osu_mbw_mr osu_mbw_mr.o ../../../util/osu_util.o ../../../util/osu_util_mpi.o ../../../util/osu_util_graph.o ../../../util/osu_util_papi.o    -lm -lpthread
/bin/sh ../../../../libtool  --tag=CXX   --mode=link mpicxx  -O2 -ftree-vectorize -march=native -fno-math-errno  -L/opt/apps/resif/aion/2020b/epyc/software/GCCcore/10.2.0/lib64 -L/opt/apps/resif/aion/2020b/epyc/software/GCCcore/10.2.0/lib -o osu_multi_lat osu_multi_lat.o ../../../util/osu_util.o ../../../util/osu_util_mpi.o ../../../util/osu_util_graph.o ../../../util/osu_util_papi.o    -lm -lpthread
/bin/sh ../../../../libtool  --tag=CXX   --mode=link mpicxx  -O2 -ftree-vectorize -march=native -fno-math-errno  -L/opt/apps/resif/aion/2020b/epyc/software/GCCcore/10.2.0/lib64 -L/opt/apps/resif/aion/2020b/epyc/software/GCCcore/10.2.0/lib -o osu_latency_mt osu_latency_mt.o ../../../util/osu_util.o ../../../util/osu_util_mpi.o ../../../util/osu_util_graph.o ../../../util/osu_util_papi.o    -lm -lpthread
/bin/sh ../../../../libtool  --tag=CXX   --mode=link mpicxx  -O2 -ftree-vectorize -march=native -fno-math-errno  -L/opt/apps/resif/aion/2020b/epyc/software/GCCcore/10.2.0/lib64 -L/opt/apps/resif/aion/2020b/epyc/software/GCCcore/10.2.0/lib -o osu_latency_mp osu_latency_mp.o ../../../util/osu_util.o ../../../util/osu_util_mpi.o ../../../util/osu_util_graph.o ../../../util/osu_util_papi.o    -lm -lpthread
libtool: link: mpicxx -O2 -ftree-vectorize -march=native -fno-math-errno -o osu_bibw osu_bibw.o ../../../util/osu_util.o ../../../util/osu_util_mpi.o ../../../util/osu_util_graph.o ../../../util/osu_util_papi.o  -L/opt/apps/resif/aion/2020b/epyc/software/GCCcore/10.2.0/lib64 -L/opt/apps/resif/aion/2020b/epyc/software/GCCcore/10.2.0/lib -lm -lpthread
libtool: link: mpicxx -O2 -ftree-vectorize -march=native -fno-math-errno -o osu_mbw_mr osu_mbw_mr.o ../../../util/osu_util.o ../../../util/osu_util_mpi.o ../../../util/osu_util_graph.o ../../../util/osu_util_papi.o  -L/opt/apps/resif/aion/2020b/epyc/software/GCCcore/10.2.0/lib64 -L/opt/apps/resif/aion/2020b/epyc/software/GCCcore/10.2.0/lib -lm -lpthread
libtool: link: mpicxx -O2 -ftree-vectorize -march=native -fno-math-errno -o osu_latency_mt osu_latency_mt.o ../../../util/osu_util.o ../../../util/osu_util_mpi.o ../../../util/osu_util_graph.o ../../../util/osu_util_papi.o  -L/opt/apps/resif/aion/2020b/epyc/software/GCCcore/10.2.0/lib64 -L/opt/apps/resif/aion/2020b/epyc/software/GCCcore/10.2.0/lib -lm -lpthread
libtool: link: mpicxx -O2 -ftree-vectorize -march=native -fno-math-errno -o osu_latency osu_latency.o ../../../util/osu_util.o ../../../util/osu_util_mpi.o ../../../util/osu_util_graph.o ../../../util/osu_util_papi.o  -L/opt/apps/resif/aion/2020b/epyc/software/GCCcore/10.2.0/lib64 -L/opt/apps/resif/aion/2020b/epyc/software/GCCcore/10.2.0/lib -lm -lpthread
libtool: link: mpicxx -O2 -ftree-vectorize -march=native -fno-math-errno -o osu_latency_mp osu_latency_mp.o ../../../util/osu_util.o ../../../util/osu_util_mpi.o ../../../util/osu_util_graph.o ../../../util/osu_util_papi.o  -L/opt/apps/resif/aion/2020b/epyc/software/GCCcore/10.2.0/lib64 -L/opt/apps/resif/aion/2020b/epyc/software/GCCcore/10.2.0/lib -lm -lpthread
libtool: link: mpicxx -O2 -ftree-vectorize -march=native -fno-math-errno -o osu_multi_lat osu_multi_lat.o ../../../util/osu_util.o ../../../util/osu_util_mpi.o ../../../util/osu_util_graph.o ../../../util/osu_util_papi.o  -L/opt/apps/resif/aion/2020b/epyc/software/GCCcore/10.2.0/lib64 -L/opt/apps/resif/aion/2020b/epyc/software/GCCcore/10.2.0/lib -lm -lpthread
libtool: link: mpicxx -O2 -ftree-vectorize -march=native -fno-math-errno -o osu_bw osu_bw.o ../../../util/osu_util.o ../../../util/osu_util_mpi.o ../../../util/osu_util_graph.o ../../../util/osu_util_papi.o  -L/opt/apps/resif/aion/2020b/epyc/software/GCCcore/10.2.0/lib64 -L/opt/apps/resif/aion/2020b/epyc/software/GCCcore/10.2.0/lib -lm -lpthread
make[4]: Leaving directory '/tmp/mghavami/OSUMicroBenchmarks/7.5/gompi-2020b/osu-micro-benchmarks-7.5/c/mpi/pt2pt/standard'
Making all in persistent
make[4]: Entering directory '/tmp/mghavami/OSUMicroBenchmarks/7.5/gompi-2020b/osu-micro-benchmarks-7.5/c/mpi/pt2pt/persistent'
depbase=`echo osu_bibw_persistent.o | sed 's|[^/]*$|.deps/&|;s|\.o$||'`;\
mpicc -DPACKAGE_NAME=\"OSU-Micro-Benchmarks\" -DPACKAGE_TARNAME=\"osu-micro-benchmarks\" -DPACKAGE_VERSION=\"7.5\" -DPACKAGE_STRING=\"OSU-Micro-Benchmarks\ 7.5\" -DPACKAGE_BUGREPORT=\"mvapich-discuss@cse.ohio-state.edu\" -DPACKAGE_URL=\"\" -DPACKAGE=\"osu-micro-benchmarks\" -DVERSION=\"7.5\" -DSTDC_HEADERS=1 -DHAVE_SYS_TYPES_H=1 -DHAVE_SYS_STAT_H=1 -DHAVE_STDLIB_H=1 -DHAVE_STRING_H=1 -DHAVE_MEMORY_H=1 -DHAVE_STRINGS_H=1 -DHAVE_INTTYPES_H=1 -DHAVE_STDINT_H=1 -DHAVE_UNISTD_H=1 -DHAVE_DLFCN_H=1 -DLT_OBJDIR=\".libs/\" -DHAVE_STDLIB_H=1 -DHAVE_STRING_H=1 -DHAVE_SYS_TIME_H=1 -DHAVE_UNISTD_H=1 -DHAVE_MATH_H=1 -DHAVE_GETPAGESIZE=1 -DHAVE_GETTIMEOFDAY=1 -DHAVE_MEMSET=1 -DHAVE_SQRT=1 -DFIELD_WIDTH=18 -DFLOAT_PRECISION=2 -I.    -I../../../../c/util  -O2 -ftree-vectorize -march=native -fno-math-errno -MT osu_bibw_persistent.o -MD -MP -MF $depbase.Tpo -c -o osu_bibw_persistent.o osu_bibw_persistent.c &&\
mv -f $depbase.Tpo $depbase.Po
depbase=`echo osu_bw_persistent.o | sed 's|[^/]*$|.deps/&|;s|\.o$||'`;\
mpicc -DPACKAGE_NAME=\"OSU-Micro-Benchmarks\" -DPACKAGE_TARNAME=\"osu-micro-benchmarks\" -DPACKAGE_VERSION=\"7.5\" -DPACKAGE_STRING=\"OSU-Micro-Benchmarks\ 7.5\" -DPACKAGE_BUGREPORT=\"mvapich-discuss@cse.ohio-state.edu\" -DPACKAGE_URL=\"\" -DPACKAGE=\"osu-micro-benchmarks\" -DVERSION=\"7.5\" -DSTDC_HEADERS=1 -DHAVE_SYS_TYPES_H=1 -DHAVE_SYS_STAT_H=1 -DHAVE_STDLIB_H=1 -DHAVE_STRING_H=1 -DHAVE_MEMORY_H=1 -DHAVE_STRINGS_H=1 -DHAVE_INTTYPES_H=1 -DHAVE_STDINT_H=1 -DHAVE_UNISTD_H=1 -DHAVE_DLFCN_H=1 -DLT_OBJDIR=\".libs/\" -DHAVE_STDLIB_H=1 -DHAVE_STRING_H=1 -DHAVE_SYS_TIME_H=1 -DHAVE_UNISTD_H=1 -DHAVE_MATH_H=1 -DHAVE_GETPAGESIZE=1 -DHAVE_GETTIMEOFDAY=1 -DHAVE_MEMSET=1 -DHAVE_SQRT=1 -DFIELD_WIDTH=18 -DFLOAT_PRECISION=2 -I.    -I../../../../c/util  -O2 -ftree-vectorize -march=native -fno-math-errno -MT osu_bw_persistent.o -MD -MP -MF $depbase.Tpo -c -o osu_bw_persistent.o osu_bw_persistent.c &&\
mv -f $depbase.Tpo $depbase.Po
depbase=`echo osu_latency_persistent.o | sed 's|[^/]*$|.deps/&|;s|\.o$||'`;\
mpicc -DPACKAGE_NAME=\"OSU-Micro-Benchmarks\" -DPACKAGE_TARNAME=\"osu-micro-benchmarks\" -DPACKAGE_VERSION=\"7.5\" -DPACKAGE_STRING=\"OSU-Micro-Benchmarks\ 7.5\" -DPACKAGE_BUGREPORT=\"mvapich-discuss@cse.ohio-state.edu\" -DPACKAGE_URL=\"\" -DPACKAGE=\"osu-micro-benchmarks\" -DVERSION=\"7.5\" -DSTDC_HEADERS=1 -DHAVE_SYS_TYPES_H=1 -DHAVE_SYS_STAT_H=1 -DHAVE_STDLIB_H=1 -DHAVE_STRING_H=1 -DHAVE_MEMORY_H=1 -DHAVE_STRINGS_H=1 -DHAVE_INTTYPES_H=1 -DHAVE_STDINT_H=1 -DHAVE_UNISTD_H=1 -DHAVE_DLFCN_H=1 -DLT_OBJDIR=\".libs/\" -DHAVE_STDLIB_H=1 -DHAVE_STRING_H=1 -DHAVE_SYS_TIME_H=1 -DHAVE_UNISTD_H=1 -DHAVE_MATH_H=1 -DHAVE_GETPAGESIZE=1 -DHAVE_GETTIMEOFDAY=1 -DHAVE_MEMSET=1 -DHAVE_SQRT=1 -DFIELD_WIDTH=18 -DFLOAT_PRECISION=2 -I.    -I../../../../c/util  -O2 -ftree-vectorize -march=native -fno-math-errno -MT osu_latency_persistent.o -MD -MP -MF $depbase.Tpo -c -o osu_latency_persistent.o osu_latency_persistent.c &&\
mv -f $depbase.Tpo $depbase.Po
/bin/sh ../../../../libtool  --tag=CXX   --mode=link mpicxx  -O2 -ftree-vectorize -march=native -fno-math-errno  -L/opt/apps/resif/aion/2020b/epyc/software/GCCcore/10.2.0/lib64 -L/opt/apps/resif/aion/2020b/epyc/software/GCCcore/10.2.0/lib -o osu_latency_persistent osu_latency_persistent.o ../../../util/osu_util.o ../../../util/osu_util_mpi.o ../../../util/osu_util_graph.o ../../../util/osu_util_papi.o    -lm -lpthread
/bin/sh ../../../../libtool  --tag=CXX   --mode=link mpicxx  -O2 -ftree-vectorize -march=native -fno-math-errno  -L/opt/apps/resif/aion/2020b/epyc/software/GCCcore/10.2.0/lib64 -L/opt/apps/resif/aion/2020b/epyc/software/GCCcore/10.2.0/lib -o osu_bw_persistent osu_bw_persistent.o ../../../util/osu_util.o ../../../util/osu_util_mpi.o ../../../util/osu_util_graph.o ../../../util/osu_util_papi.o    -lm -lpthread
/bin/sh ../../../../libtool  --tag=CXX   --mode=link mpicxx  -O2 -ftree-vectorize -march=native -fno-math-errno  -L/opt/apps/resif/aion/2020b/epyc/software/GCCcore/10.2.0/lib64 -L/opt/apps/resif/aion/2020b/epyc/software/GCCcore/10.2.0/lib -o osu_bibw_persistent osu_bibw_persistent.o ../../../util/osu_util.o ../../../util/osu_util_mpi.o ../../../util/osu_util_graph.o ../../../util/osu_util_papi.o    -lm -lpthread
libtool: link: mpicxx -O2 -ftree-vectorize -march=native -fno-math-errno -o osu_latency_persistent osu_latency_persistent.o ../../../util/osu_util.o ../../../util/osu_util_mpi.o ../../../util/osu_util_graph.o ../../../util/osu_util_papi.o  -L/opt/apps/resif/aion/2020b/epyc/software/GCCcore/10.2.0/lib64 -L/opt/apps/resif/aion/2020b/epyc/software/GCCcore/10.2.0/lib -lm -lpthread
libtool: link: mpicxx -O2 -ftree-vectorize -march=native -fno-math-errno -o osu_bw_persistent osu_bw_persistent.o ../../../util/osu_util.o ../../../util/osu_util_mpi.o ../../../util/osu_util_graph.o ../../../util/osu_util_papi.o  -L/opt/apps/resif/aion/2020b/epyc/software/GCCcore/10.2.0/lib64 -L/opt/apps/resif/aion/2020b/epyc/software/GCCcore/10.2.0/lib -lm -lpthread
libtool: link: mpicxx -O2 -ftree-vectorize -march=native -fno-math-errno -o osu_bibw_persistent osu_bibw_persistent.o ../../../util/osu_util.o ../../../util/osu_util_mpi.o ../../../util/osu_util_graph.o ../../../util/osu_util_papi.o  -L/opt/apps/resif/aion/2020b/epyc/software/GCCcore/10.2.0/lib64 -L/opt/apps/resif/aion/2020b/epyc/software/GCCcore/10.2.0/lib -lm -lpthread
make[4]: Leaving directory '/tmp/mghavami/OSUMicroBenchmarks/7.5/gompi-2020b/osu-micro-benchmarks-7.5/c/mpi/pt2pt/persistent'
Making all in congestion
make[4]: Entering directory '/tmp/mghavami/OSUMicroBenchmarks/7.5/gompi-2020b/osu-micro-benchmarks-7.5/c/mpi/pt2pt/congestion'
depbase=`echo osu_bw_fan_out.o | sed 's|[^/]*$|.deps/&|;s|\.o$||'`;\
mpicc -DPACKAGE_NAME=\"OSU-Micro-Benchmarks\" -DPACKAGE_TARNAME=\"osu-micro-benchmarks\" -DPACKAGE_VERSION=\"7.5\" -DPACKAGE_STRING=\"OSU-Micro-Benchmarks\ 7.5\" -DPACKAGE_BUGREPORT=\"mvapich-discuss@cse.ohio-state.edu\" -DPACKAGE_URL=\"\" -DPACKAGE=\"osu-micro-benchmarks\" -DVERSION=\"7.5\" -DSTDC_HEADERS=1 -DHAVE_SYS_TYPES_H=1 -DHAVE_SYS_STAT_H=1 -DHAVE_STDLIB_H=1 -DHAVE_STRING_H=1 -DHAVE_MEMORY_H=1 -DHAVE_STRINGS_H=1 -DHAVE_INTTYPES_H=1 -DHAVE_STDINT_H=1 -DHAVE_UNISTD_H=1 -DHAVE_DLFCN_H=1 -DLT_OBJDIR=\".libs/\" -DHAVE_STDLIB_H=1 -DHAVE_STRING_H=1 -DHAVE_SYS_TIME_H=1 -DHAVE_UNISTD_H=1 -DHAVE_MATH_H=1 -DHAVE_GETPAGESIZE=1 -DHAVE_GETTIMEOFDAY=1 -DHAVE_MEMSET=1 -DHAVE_SQRT=1 -DFIELD_WIDTH=18 -DFLOAT_PRECISION=2 -I.    -I../../../../c/util -I../../../../c/mpi/pt2pt/congestion/utils  -O2 -ftree-vectorize -march=native -fno-math-errno -MT osu_bw_fan_out.o -MD -MP -MF $depbase.Tpo -c -o osu_bw_fan_out.o osu_bw_fan_out.c &&\
mv -f $depbase.Tpo $depbase.Po
depbase=`echo osu_bw_fan_in.o | sed 's|[^/]*$|.deps/&|;s|\.o$||'`;\
mpicc -DPACKAGE_NAME=\"OSU-Micro-Benchmarks\" -DPACKAGE_TARNAME=\"osu-micro-benchmarks\" -DPACKAGE_VERSION=\"7.5\" -DPACKAGE_STRING=\"OSU-Micro-Benchmarks\ 7.5\" -DPACKAGE_BUGREPORT=\"mvapich-discuss@cse.ohio-state.edu\" -DPACKAGE_URL=\"\" -DPACKAGE=\"osu-micro-benchmarks\" -DVERSION=\"7.5\" -DSTDC_HEADERS=1 -DHAVE_SYS_TYPES_H=1 -DHAVE_SYS_STAT_H=1 -DHAVE_STDLIB_H=1 -DHAVE_STRING_H=1 -DHAVE_MEMORY_H=1 -DHAVE_STRINGS_H=1 -DHAVE_INTTYPES_H=1 -DHAVE_STDINT_H=1 -DHAVE_UNISTD_H=1 -DHAVE_DLFCN_H=1 -DLT_OBJDIR=\".libs/\" -DHAVE_STDLIB_H=1 -DHAVE_STRING_H=1 -DHAVE_SYS_TIME_H=1 -DHAVE_UNISTD_H=1 -DHAVE_MATH_H=1 -DHAVE_GETPAGESIZE=1 -DHAVE_GETTIMEOFDAY=1 -DHAVE_MEMSET=1 -DHAVE_SQRT=1 -DFIELD_WIDTH=18 -DFLOAT_PRECISION=2 -I.    -I../../../../c/util -I../../../../c/mpi/pt2pt/congestion/utils  -O2 -ftree-vectorize -march=native -fno-math-errno -MT osu_bw_fan_in.o -MD -MP -MF $depbase.Tpo -c -o osu_bw_fan_in.o osu_bw_fan_in.c &&\
mv -f $depbase.Tpo $depbase.Po
depbase=`echo utils/osu_bw_fan_util.o | sed 's|[^/]*$|.deps/&|;s|\.o$||'`;\
mpicc -DPACKAGE_NAME=\"OSU-Micro-Benchmarks\" -DPACKAGE_TARNAME=\"osu-micro-benchmarks\" -DPACKAGE_VERSION=\"7.5\" -DPACKAGE_STRING=\"OSU-Micro-Benchmarks\ 7.5\" -DPACKAGE_BUGREPORT=\"mvapich-discuss@cse.ohio-state.edu\" -DPACKAGE_URL=\"\" -DPACKAGE=\"osu-micro-benchmarks\" -DVERSION=\"7.5\" -DSTDC_HEADERS=1 -DHAVE_SYS_TYPES_H=1 -DHAVE_SYS_STAT_H=1 -DHAVE_STDLIB_H=1 -DHAVE_STRING_H=1 -DHAVE_MEMORY_H=1 -DHAVE_STRINGS_H=1 -DHAVE_INTTYPES_H=1 -DHAVE_STDINT_H=1 -DHAVE_UNISTD_H=1 -DHAVE_DLFCN_H=1 -DLT_OBJDIR=\".libs/\" -DHAVE_STDLIB_H=1 -DHAVE_STRING_H=1 -DHAVE_SYS_TIME_H=1 -DHAVE_UNISTD_H=1 -DHAVE_MATH_H=1 -DHAVE_GETPAGESIZE=1 -DHAVE_GETTIMEOFDAY=1 -DHAVE_MEMSET=1 -DHAVE_SQRT=1 -DFIELD_WIDTH=18 -DFLOAT_PRECISION=2 -I.    -I../../../../c/util -I../../../../c/mpi/pt2pt/congestion/utils  -O2 -ftree-vectorize -march=native -fno-math-errno -MT utils/osu_bw_fan_util.o -MD -MP -MF $depbase.Tpo -c -o utils/osu_bw_fan_util.o utils/osu_bw_fan_util.c &&\
mv -f $depbase.Tpo $depbase.Po
/bin/sh ../../../../libtool  --tag=CXX   --mode=link mpicxx  -O2 -ftree-vectorize -march=native -fno-math-errno  -L/opt/apps/resif/aion/2020b/epyc/software/GCCcore/10.2.0/lib64 -L/opt/apps/resif/aion/2020b/epyc/software/GCCcore/10.2.0/lib -o osu_bw_fan_out osu_bw_fan_out.o ../../../util/osu_util.o ../../../util/osu_util_mpi.o ../../../util/osu_util_graph.o ../../../util/osu_util_papi.o ./utils/osu_bw_fan_util.o    -lm -lpthread
/bin/sh ../../../../libtool  --tag=CXX   --mode=link mpicxx  -O2 -ftree-vectorize -march=native -fno-math-errno  -L/opt/apps/resif/aion/2020b/epyc/software/GCCcore/10.2.0/lib64 -L/opt/apps/resif/aion/2020b/epyc/software/GCCcore/10.2.0/lib -o osu_bw_fan_in osu_bw_fan_in.o ../../../util/osu_util.o ../../../util/osu_util_mpi.o ../../../util/osu_util_graph.o ../../../util/osu_util_papi.o ./utils/osu_bw_fan_util.o    -lm -lpthread
libtool: link: mpicxx -O2 -ftree-vectorize -march=native -fno-math-errno -o osu_bw_fan_out osu_bw_fan_out.o ../../../util/osu_util.o ../../../util/osu_util_mpi.o ../../../util/osu_util_graph.o ../../../util/osu_util_papi.o ./utils/osu_bw_fan_util.o  -L/opt/apps/resif/aion/2020b/epyc/software/GCCcore/10.2.0/lib64 -L/opt/apps/resif/aion/2020b/epyc/software/GCCcore/10.2.0/lib -lm -lpthread
libtool: link: mpicxx -O2 -ftree-vectorize -march=native -fno-math-errno -o osu_bw_fan_in osu_bw_fan_in.o ../../../util/osu_util.o ../../../util/osu_util_mpi.o ../../../util/osu_util_graph.o ../../../util/osu_util_papi.o ./utils/osu_bw_fan_util.o  -L/opt/apps/resif/aion/2020b/epyc/software/GCCcore/10.2.0/lib64 -L/opt/apps/resif/aion/2020b/epyc/software/GCCcore/10.2.0/lib -lm -lpthread
make[4]: Leaving directory '/tmp/mghavami/OSUMicroBenchmarks/7.5/gompi-2020b/osu-micro-benchmarks-7.5/c/mpi/pt2pt/congestion'
make[4]: Entering directory '/tmp/mghavami/OSUMicroBenchmarks/7.5/gompi-2020b/osu-micro-benchmarks-7.5/c/mpi/pt2pt'
make[4]: Nothing to be done for 'all-am'.
make[4]: Leaving directory '/tmp/mghavami/OSUMicroBenchmarks/7.5/gompi-2020b/osu-micro-benchmarks-7.5/c/mpi/pt2pt'
make[3]: Leaving directory '/tmp/mghavami/OSUMicroBenchmarks/7.5/gompi-2020b/osu-micro-benchmarks-7.5/c/mpi/pt2pt'
Making all in collective
make[3]: Entering directory '/tmp/mghavami/OSUMicroBenchmarks/7.5/gompi-2020b/osu-micro-benchmarks-7.5/c/mpi/collective'
Making all in neighborhood
make[4]: Entering directory '/tmp/mghavami/OSUMicroBenchmarks/7.5/gompi-2020b/osu-micro-benchmarks-7.5/c/mpi/collective/neighborhood'
depbase=`echo osu_neighbor_allgather.o | sed 's|[^/]*$|.deps/&|;s|\.o$||'`;\
mpicc -DPACKAGE_NAME=\"OSU-Micro-Benchmarks\" -DPACKAGE_TARNAME=\"osu-micro-benchmarks\" -DPACKAGE_VERSION=\"7.5\" -DPACKAGE_STRING=\"OSU-Micro-Benchmarks\ 7.5\" -DPACKAGE_BUGREPORT=\"mvapich-discuss@cse.ohio-state.edu\" -DPACKAGE_URL=\"\" -DPACKAGE=\"osu-micro-benchmarks\" -DVERSION=\"7.5\" -DSTDC_HEADERS=1 -DHAVE_SYS_TYPES_H=1 -DHAVE_SYS_STAT_H=1 -DHAVE_STDLIB_H=1 -DHAVE_STRING_H=1 -DHAVE_MEMORY_H=1 -DHAVE_STRINGS_H=1 -DHAVE_INTTYPES_H=1 -DHAVE_STDINT_H=1 -DHAVE_UNISTD_H=1 -DHAVE_DLFCN_H=1 -DLT_OBJDIR=\".libs/\" -DHAVE_STDLIB_H=1 -DHAVE_STRING_H=1 -DHAVE_SYS_TIME_H=1 -DHAVE_UNISTD_H=1 -DHAVE_MATH_H=1 -DHAVE_GETPAGESIZE=1 -DHAVE_GETTIMEOFDAY=1 -DHAVE_MEMSET=1 -DHAVE_SQRT=1 -DFIELD_WIDTH=18 -DFLOAT_PRECISION=2 -I.    -I../../../../c/util  -O2 -ftree-vectorize -march=native -fno-math-errno -MT osu_neighbor_allgather.o -MD -MP -MF $depbase.Tpo -c -o osu_neighbor_allgather.o osu_neighbor_allgather.c &&\
mv -f $depbase.Tpo $depbase.Po
depbase=`echo osu_neighbor_allgatherv.o | sed 's|[^/]*$|.deps/&|;s|\.o$||'`;\
mpicc -DPACKAGE_NAME=\"OSU-Micro-Benchmarks\" -DPACKAGE_TARNAME=\"osu-micro-benchmarks\" -DPACKAGE_VERSION=\"7.5\" -DPACKAGE_STRING=\"OSU-Micro-Benchmarks\ 7.5\" -DPACKAGE_BUGREPORT=\"mvapich-discuss@cse.ohio-state.edu\" -DPACKAGE_URL=\"\" -DPACKAGE=\"osu-micro-benchmarks\" -DVERSION=\"7.5\" -DSTDC_HEADERS=1 -DHAVE_SYS_TYPES_H=1 -DHAVE_SYS_STAT_H=1 -DHAVE_STDLIB_H=1 -DHAVE_STRING_H=1 -DHAVE_MEMORY_H=1 -DHAVE_STRINGS_H=1 -DHAVE_INTTYPES_H=1 -DHAVE_STDINT_H=1 -DHAVE_UNISTD_H=1 -DHAVE_DLFCN_H=1 -DLT_OBJDIR=\".libs/\" -DHAVE_STDLIB_H=1 -DHAVE_STRING_H=1 -DHAVE_SYS_TIME_H=1 -DHAVE_UNISTD_H=1 -DHAVE_MATH_H=1 -DHAVE_GETPAGESIZE=1 -DHAVE_GETTIMEOFDAY=1 -DHAVE_MEMSET=1 -DHAVE_SQRT=1 -DFIELD_WIDTH=18 -DFLOAT_PRECISION=2 -I.    -I../../../../c/util  -O2 -ftree-vectorize -march=native -fno-math-errno -MT osu_neighbor_allgatherv.o -MD -MP -MF $depbase.Tpo -c -o osu_neighbor_allgatherv.o osu_neighbor_allgatherv.c &&\
mv -f $depbase.Tpo $depbase.Po
depbase=`echo osu_neighbor_alltoall.o | sed 's|[^/]*$|.deps/&|;s|\.o$||'`;\
mpicc -DPACKAGE_NAME=\"OSU-Micro-Benchmarks\" -DPACKAGE_TARNAME=\"osu-micro-benchmarks\" -DPACKAGE_VERSION=\"7.5\" -DPACKAGE_STRING=\"OSU-Micro-Benchmarks\ 7.5\" -DPACKAGE_BUGREPORT=\"mvapich-discuss@cse.ohio-state.edu\" -DPACKAGE_URL=\"\" -DPACKAGE=\"osu-micro-benchmarks\" -DVERSION=\"7.5\" -DSTDC_HEADERS=1 -DHAVE_SYS_TYPES_H=1 -DHAVE_SYS_STAT_H=1 -DHAVE_STDLIB_H=1 -DHAVE_STRING_H=1 -DHAVE_MEMORY_H=1 -DHAVE_STRINGS_H=1 -DHAVE_INTTYPES_H=1 -DHAVE_STDINT_H=1 -DHAVE_UNISTD_H=1 -DHAVE_DLFCN_H=1 -DLT_OBJDIR=\".libs/\" -DHAVE_STDLIB_H=1 -DHAVE_STRING_H=1 -DHAVE_SYS_TIME_H=1 -DHAVE_UNISTD_H=1 -DHAVE_MATH_H=1 -DHAVE_GETPAGESIZE=1 -DHAVE_GETTIMEOFDAY=1 -DHAVE_MEMSET=1 -DHAVE_SQRT=1 -DFIELD_WIDTH=18 -DFLOAT_PRECISION=2 -I.    -I../../../../c/util  -O2 -ftree-vectorize -march=native -fno-math-errno -MT osu_neighbor_alltoall.o -MD -MP -MF $depbase.Tpo -c -o osu_neighbor_alltoall.o osu_neighbor_alltoall.c &&\
mv -f $depbase.Tpo $depbase.Po
depbase=`echo osu_neighbor_alltoallv.o | sed 's|[^/]*$|.deps/&|;s|\.o$||'`;\
mpicc -DPACKAGE_NAME=\"OSU-Micro-Benchmarks\" -DPACKAGE_TARNAME=\"osu-micro-benchmarks\" -DPACKAGE_VERSION=\"7.5\" -DPACKAGE_STRING=\"OSU-Micro-Benchmarks\ 7.5\" -DPACKAGE_BUGREPORT=\"mvapich-discuss@cse.ohio-state.edu\" -DPACKAGE_URL=\"\" -DPACKAGE=\"osu-micro-benchmarks\" -DVERSION=\"7.5\" -DSTDC_HEADERS=1 -DHAVE_SYS_TYPES_H=1 -DHAVE_SYS_STAT_H=1 -DHAVE_STDLIB_H=1 -DHAVE_STRING_H=1 -DHAVE_MEMORY_H=1 -DHAVE_STRINGS_H=1 -DHAVE_INTTYPES_H=1 -DHAVE_STDINT_H=1 -DHAVE_UNISTD_H=1 -DHAVE_DLFCN_H=1 -DLT_OBJDIR=\".libs/\" -DHAVE_STDLIB_H=1 -DHAVE_STRING_H=1 -DHAVE_SYS_TIME_H=1 -DHAVE_UNISTD_H=1 -DHAVE_MATH_H=1 -DHAVE_GETPAGESIZE=1 -DHAVE_GETTIMEOFDAY=1 -DHAVE_MEMSET=1 -DHAVE_SQRT=1 -DFIELD_WIDTH=18 -DFLOAT_PRECISION=2 -I.    -I../../../../c/util  -O2 -ftree-vectorize -march=native -fno-math-errno -MT osu_neighbor_alltoallv.o -MD -MP -MF $depbase.Tpo -c -o osu_neighbor_alltoallv.o osu_neighbor_alltoallv.c &&\
mv -f $depbase.Tpo $depbase.Po
depbase=`echo osu_neighbor_alltoallw.o | sed 's|[^/]*$|.deps/&|;s|\.o$||'`;\
mpicc -DPACKAGE_NAME=\"OSU-Micro-Benchmarks\" -DPACKAGE_TARNAME=\"osu-micro-benchmarks\" -DPACKAGE_VERSION=\"7.5\" -DPACKAGE_STRING=\"OSU-Micro-Benchmarks\ 7.5\" -DPACKAGE_BUGREPORT=\"mvapich-discuss@cse.ohio-state.edu\" -DPACKAGE_URL=\"\" -DPACKAGE=\"osu-micro-benchmarks\" -DVERSION=\"7.5\" -DSTDC_HEADERS=1 -DHAVE_SYS_TYPES_H=1 -DHAVE_SYS_STAT_H=1 -DHAVE_STDLIB_H=1 -DHAVE_STRING_H=1 -DHAVE_MEMORY_H=1 -DHAVE_STRINGS_H=1 -DHAVE_INTTYPES_H=1 -DHAVE_STDINT_H=1 -DHAVE_UNISTD_H=1 -DHAVE_DLFCN_H=1 -DLT_OBJDIR=\".libs/\" -DHAVE_STDLIB_H=1 -DHAVE_STRING_H=1 -DHAVE_SYS_TIME_H=1 -DHAVE_UNISTD_H=1 -DHAVE_MATH_H=1 -DHAVE_GETPAGESIZE=1 -DHAVE_GETTIMEOFDAY=1 -DHAVE_MEMSET=1 -DHAVE_SQRT=1 -DFIELD_WIDTH=18 -DFLOAT_PRECISION=2 -I.    -I../../../../c/util  -O2 -ftree-vectorize -march=native -fno-math-errno -MT osu_neighbor_alltoallw.o -MD -MP -MF $depbase.Tpo -c -o osu_neighbor_alltoallw.o osu_neighbor_alltoallw.c &&\
mv -f $depbase.Tpo $depbase.Po
depbase=`echo osu_ineighbor_allgather.o | sed 's|[^/]*$|.deps/&|;s|\.o$||'`;\
mpicc -DPACKAGE_NAME=\"OSU-Micro-Benchmarks\" -DPACKAGE_TARNAME=\"osu-micro-benchmarks\" -DPACKAGE_VERSION=\"7.5\" -DPACKAGE_STRING=\"OSU-Micro-Benchmarks\ 7.5\" -DPACKAGE_BUGREPORT=\"mvapich-discuss@cse.ohio-state.edu\" -DPACKAGE_URL=\"\" -DPACKAGE=\"osu-micro-benchmarks\" -DVERSION=\"7.5\" -DSTDC_HEADERS=1 -DHAVE_SYS_TYPES_H=1 -DHAVE_SYS_STAT_H=1 -DHAVE_STDLIB_H=1 -DHAVE_STRING_H=1 -DHAVE_MEMORY_H=1 -DHAVE_STRINGS_H=1 -DHAVE_INTTYPES_H=1 -DHAVE_STDINT_H=1 -DHAVE_UNISTD_H=1 -DHAVE_DLFCN_H=1 -DLT_OBJDIR=\".libs/\" -DHAVE_STDLIB_H=1 -DHAVE_STRING_H=1 -DHAVE_SYS_TIME_H=1 -DHAVE_UNISTD_H=1 -DHAVE_MATH_H=1 -DHAVE_GETPAGESIZE=1 -DHAVE_GETTIMEOFDAY=1 -DHAVE_MEMSET=1 -DHAVE_SQRT=1 -DFIELD_WIDTH=18 -DFLOAT_PRECISION=2 -I.    -I../../../../c/util  -O2 -ftree-vectorize -march=native -fno-math-errno -MT osu_ineighbor_allgather.o -MD -MP -MF $depbase.Tpo -c -o osu_ineighbor_allgather.o osu_ineighbor_allgather.c &&\
mv -f $depbase.Tpo $depbase.Po
depbase=`echo osu_ineighbor_allgatherv.o | sed 's|[^/]*$|.deps/&|;s|\.o$||'`;\
mpicc -DPACKAGE_NAME=\"OSU-Micro-Benchmarks\" -DPACKAGE_TARNAME=\"osu-micro-benchmarks\" -DPACKAGE_VERSION=\"7.5\" -DPACKAGE_STRING=\"OSU-Micro-Benchmarks\ 7.5\" -DPACKAGE_BUGREPORT=\"mvapich-discuss@cse.ohio-state.edu\" -DPACKAGE_URL=\"\" -DPACKAGE=\"osu-micro-benchmarks\" -DVERSION=\"7.5\" -DSTDC_HEADERS=1 -DHAVE_SYS_TYPES_H=1 -DHAVE_SYS_STAT_H=1 -DHAVE_STDLIB_H=1 -DHAVE_STRING_H=1 -DHAVE_MEMORY_H=1 -DHAVE_STRINGS_H=1 -DHAVE_INTTYPES_H=1 -DHAVE_STDINT_H=1 -DHAVE_UNISTD_H=1 -DHAVE_DLFCN_H=1 -DLT_OBJDIR=\".libs/\" -DHAVE_STDLIB_H=1 -DHAVE_STRING_H=1 -DHAVE_SYS_TIME_H=1 -DHAVE_UNISTD_H=1 -DHAVE_MATH_H=1 -DHAVE_GETPAGESIZE=1 -DHAVE_GETTIMEOFDAY=1 -DHAVE_MEMSET=1 -DHAVE_SQRT=1 -DFIELD_WIDTH=18 -DFLOAT_PRECISION=2 -I.    -I../../../../c/util  -O2 -ftree-vectorize -march=native -fno-math-errno -MT osu_ineighbor_allgatherv.o -MD -MP -MF $depbase.Tpo -c -o osu_ineighbor_allgatherv.o osu_ineighbor_allgatherv.c &&\
mv -f $depbase.Tpo $depbase.Po
depbase=`echo osu_ineighbor_alltoall.o | sed 's|[^/]*$|.deps/&|;s|\.o$||'`;\
mpicc -DPACKAGE_NAME=\"OSU-Micro-Benchmarks\" -DPACKAGE_TARNAME=\"osu-micro-benchmarks\" -DPACKAGE_VERSION=\"7.5\" -DPACKAGE_STRING=\"OSU-Micro-Benchmarks\ 7.5\" -DPACKAGE_BUGREPORT=\"mvapich-discuss@cse.ohio-state.edu\" -DPACKAGE_URL=\"\" -DPACKAGE=\"osu-micro-benchmarks\" -DVERSION=\"7.5\" -DSTDC_HEADERS=1 -DHAVE_SYS_TYPES_H=1 -DHAVE_SYS_STAT_H=1 -DHAVE_STDLIB_H=1 -DHAVE_STRING_H=1 -DHAVE_MEMORY_H=1 -DHAVE_STRINGS_H=1 -DHAVE_INTTYPES_H=1 -DHAVE_STDINT_H=1 -DHAVE_UNISTD_H=1 -DHAVE_DLFCN_H=1 -DLT_OBJDIR=\".libs/\" -DHAVE_STDLIB_H=1 -DHAVE_STRING_H=1 -DHAVE_SYS_TIME_H=1 -DHAVE_UNISTD_H=1 -DHAVE_MATH_H=1 -DHAVE_GETPAGESIZE=1 -DHAVE_GETTIMEOFDAY=1 -DHAVE_MEMSET=1 -DHAVE_SQRT=1 -DFIELD_WIDTH=18 -DFLOAT_PRECISION=2 -I.    -I../../../../c/util  -O2 -ftree-vectorize -march=native -fno-math-errno -MT osu_ineighbor_alltoall.o -MD -MP -MF $depbase.Tpo -c -o osu_ineighbor_alltoall.o osu_ineighbor_alltoall.c &&\
mv -f $depbase.Tpo $depbase.Po
depbase=`echo osu_ineighbor_alltoallv.o | sed 's|[^/]*$|.deps/&|;s|\.o$||'`;\
mpicc -DPACKAGE_NAME=\"OSU-Micro-Benchmarks\" -DPACKAGE_TARNAME=\"osu-micro-benchmarks\" -DPACKAGE_VERSION=\"7.5\" -DPACKAGE_STRING=\"OSU-Micro-Benchmarks\ 7.5\" -DPACKAGE_BUGREPORT=\"mvapich-discuss@cse.ohio-state.edu\" -DPACKAGE_URL=\"\" -DPACKAGE=\"osu-micro-benchmarks\" -DVERSION=\"7.5\" -DSTDC_HEADERS=1 -DHAVE_SYS_TYPES_H=1 -DHAVE_SYS_STAT_H=1 -DHAVE_STDLIB_H=1 -DHAVE_STRING_H=1 -DHAVE_MEMORY_H=1 -DHAVE_STRINGS_H=1 -DHAVE_INTTYPES_H=1 -DHAVE_STDINT_H=1 -DHAVE_UNISTD_H=1 -DHAVE_DLFCN_H=1 -DLT_OBJDIR=\".libs/\" -DHAVE_STDLIB_H=1 -DHAVE_STRING_H=1 -DHAVE_SYS_TIME_H=1 -DHAVE_UNISTD_H=1 -DHAVE_MATH_H=1 -DHAVE_GETPAGESIZE=1 -DHAVE_GETTIMEOFDAY=1 -DHAVE_MEMSET=1 -DHAVE_SQRT=1 -DFIELD_WIDTH=18 -DFLOAT_PRECISION=2 -I.    -I../../../../c/util  -O2 -ftree-vectorize -march=native -fno-math-errno -MT osu_ineighbor_alltoallv.o -MD -MP -MF $depbase.Tpo -c -o osu_ineighbor_alltoallv.o osu_ineighbor_alltoallv.c &&\
mv -f $depbase.Tpo $depbase.Po
depbase=`echo osu_ineighbor_alltoallw.o | sed 's|[^/]*$|.deps/&|;s|\.o$||'`;\
mpicc -DPACKAGE_NAME=\"OSU-Micro-Benchmarks\" -DPACKAGE_TARNAME=\"osu-micro-benchmarks\" -DPACKAGE_VERSION=\"7.5\" -DPACKAGE_STRING=\"OSU-Micro-Benchmarks\ 7.5\" -DPACKAGE_BUGREPORT=\"mvapich-discuss@cse.ohio-state.edu\" -DPACKAGE_URL=\"\" -DPACKAGE=\"osu-micro-benchmarks\" -DVERSION=\"7.5\" -DSTDC_HEADERS=1 -DHAVE_SYS_TYPES_H=1 -DHAVE_SYS_STAT_H=1 -DHAVE_STDLIB_H=1 -DHAVE_STRING_H=1 -DHAVE_MEMORY_H=1 -DHAVE_STRINGS_H=1 -DHAVE_INTTYPES_H=1 -DHAVE_STDINT_H=1 -DHAVE_UNISTD_H=1 -DHAVE_DLFCN_H=1 -DLT_OBJDIR=\".libs/\" -DHAVE_STDLIB_H=1 -DHAVE_STRING_H=1 -DHAVE_SYS_TIME_H=1 -DHAVE_UNISTD_H=1 -DHAVE_MATH_H=1 -DHAVE_GETPAGESIZE=1 -DHAVE_GETTIMEOFDAY=1 -DHAVE_MEMSET=1 -DHAVE_SQRT=1 -DFIELD_WIDTH=18 -DFLOAT_PRECISION=2 -I.    -I../../../../c/util  -O2 -ftree-vectorize -march=native -fno-math-errno -MT osu_ineighbor_alltoallw.o -MD -MP -MF $depbase.Tpo -c -o osu_ineighbor_alltoallw.o osu_ineighbor_alltoallw.c &&\
mv -f $depbase.Tpo $depbase.Po
/bin/sh ../../../../libtool  --tag=CXX   --mode=link mpicxx  -O2 -ftree-vectorize -march=native -fno-math-errno  -L/opt/apps/resif/aion/2020b/epyc/software/GCCcore/10.2.0/lib64 -L/opt/apps/resif/aion/2020b/epyc/software/GCCcore/10.2.0/lib -o osu_neighbor_alltoallw osu_neighbor_alltoallw.o ../../../util/osu_util.o ../../../util/osu_util_mpi.o ../../../util/osu_util_graph.o ../../../util/osu_util_papi.o    -lm -lpthread
/bin/sh ../../../../libtool  --tag=CXX   --mode=link mpicxx  -O2 -ftree-vectorize -march=native -fno-math-errno  -L/opt/apps/resif/aion/2020b/epyc/software/GCCcore/10.2.0/lib64 -L/opt/apps/resif/aion/2020b/epyc/software/GCCcore/10.2.0/lib -o osu_neighbor_allgather osu_neighbor_allgather.o ../../../util/osu_util.o ../../../util/osu_util_mpi.o ../../../util/osu_util_graph.o ../../../util/osu_util_papi.o    -lm -lpthread
/bin/sh ../../../../libtool  --tag=CXX   --mode=link mpicxx  -O2 -ftree-vectorize -march=native -fno-math-errno  -L/opt/apps/resif/aion/2020b/epyc/software/GCCcore/10.2.0/lib64 -L/opt/apps/resif/aion/2020b/epyc/software/GCCcore/10.2.0/lib -o osu_neighbor_alltoall osu_neighbor_alltoall.o ../../../util/osu_util.o ../../../util/osu_util_mpi.o ../../../util/osu_util_graph.o ../../../util/osu_util_papi.o    -lm -lpthread
/bin/sh ../../../../libtool  --tag=CXX   --mode=link mpicxx  -O2 -ftree-vectorize -march=native -fno-math-errno  -L/opt/apps/resif/aion/2020b/epyc/software/GCCcore/10.2.0/lib64 -L/opt/apps/resif/aion/2020b/epyc/software/GCCcore/10.2.0/lib -o osu_neighbor_alltoallv osu_neighbor_alltoallv.o ../../../util/osu_util.o ../../../util/osu_util_mpi.o ../../../util/osu_util_graph.o ../../../util/osu_util_papi.o    -lm -lpthread
/bin/sh ../../../../libtool  --tag=CXX   --mode=link mpicxx  -O2 -ftree-vectorize -march=native -fno-math-errno  -L/opt/apps/resif/aion/2020b/epyc/software/GCCcore/10.2.0/lib64 -L/opt/apps/resif/aion/2020b/epyc/software/GCCcore/10.2.0/lib -o osu_ineighbor_allgather osu_ineighbor_allgather.o ../../../util/osu_util.o ../../../util/osu_util_mpi.o ../../../util/osu_util_graph.o ../../../util/osu_util_papi.o    -lm -lpthread
/bin/sh ../../../../libtool  --tag=CXX   --mode=link mpicxx  -O2 -ftree-vectorize -march=native -fno-math-errno  -L/opt/apps/resif/aion/2020b/epyc/software/GCCcore/10.2.0/lib64 -L/opt/apps/resif/aion/2020b/epyc/software/GCCcore/10.2.0/lib -o osu_ineighbor_alltoall osu_ineighbor_alltoall.o ../../../util/osu_util.o ../../../util/osu_util_mpi.o ../../../util/osu_util_graph.o ../../../util/osu_util_papi.o    -lm -lpthread
/bin/sh ../../../../libtool  --tag=CXX   --mode=link mpicxx  -O2 -ftree-vectorize -march=native -fno-math-errno  -L/opt/apps/resif/aion/2020b/epyc/software/GCCcore/10.2.0/lib64 -L/opt/apps/resif/aion/2020b/epyc/software/GCCcore/10.2.0/lib -o osu_ineighbor_alltoallw osu_ineighbor_alltoallw.o ../../../util/osu_util.o ../../../util/osu_util_mpi.o ../../../util/osu_util_graph.o ../../../util/osu_util_papi.o    -lm -lpthread
/bin/sh ../../../../libtool  --tag=CXX   --mode=link mpicxx  -O2 -ftree-vectorize -march=native -fno-math-errno  -L/opt/apps/resif/aion/2020b/epyc/software/GCCcore/10.2.0/lib64 -L/opt/apps/resif/aion/2020b/epyc/software/GCCcore/10.2.0/lib -o osu_neighbor_allgatherv osu_neighbor_allgatherv.o ../../../util/osu_util.o ../../../util/osu_util_mpi.o ../../../util/osu_util_graph.o ../../../util/osu_util_papi.o    -lm -lpthread
/bin/sh ../../../../libtool  --tag=CXX   --mode=link mpicxx  -O2 -ftree-vectorize -march=native -fno-math-errno  -L/opt/apps/resif/aion/2020b/epyc/software/GCCcore/10.2.0/lib64 -L/opt/apps/resif/aion/2020b/epyc/software/GCCcore/10.2.0/lib -o osu_ineighbor_allgatherv osu_ineighbor_allgatherv.o ../../../util/osu_util.o ../../../util/osu_util_mpi.o ../../../util/osu_util_graph.o ../../../util/osu_util_papi.o    -lm -lpthread
/bin/sh ../../../../libtool  --tag=CXX   --mode=link mpicxx  -O2 -ftree-vectorize -march=native -fno-math-errno  -L/opt/apps/resif/aion/2020b/epyc/software/GCCcore/10.2.0/lib64 -L/opt/apps/resif/aion/2020b/epyc/software/GCCcore/10.2.0/lib -o osu_ineighbor_alltoallv osu_ineighbor_alltoallv.o ../../../util/osu_util.o ../../../util/osu_util_mpi.o ../../../util/osu_util_graph.o ../../../util/osu_util_papi.o    -lm -lpthread
libtool: link: mpicxx -O2 -ftree-vectorize -march=native -fno-math-errno -o osu_ineighbor_alltoallw osu_ineighbor_alltoallw.o ../../../util/osu_util.o ../../../util/osu_util_mpi.o ../../../util/osu_util_graph.o ../../../util/osu_util_papi.o  -L/opt/apps/resif/aion/2020b/epyc/software/GCCcore/10.2.0/lib64 -L/opt/apps/resif/aion/2020b/epyc/software/GCCcore/10.2.0/lib -lm -lpthread
libtool: link: mpicxx -O2 -ftree-vectorize -march=native -fno-math-errno -o osu_neighbor_allgather osu_neighbor_allgather.o ../../../util/osu_util.o ../../../util/osu_util_mpi.o ../../../util/osu_util_graph.o ../../../util/osu_util_papi.o  -L/opt/apps/resif/aion/2020b/epyc/software/GCCcore/10.2.0/lib64 -L/opt/apps/resif/aion/2020b/epyc/software/GCCcore/10.2.0/lib -lm -lpthread
libtool: link: mpicxx -O2 -ftree-vectorize -march=native -fno-math-errno -o osu_ineighbor_alltoall osu_ineighbor_alltoall.o ../../../util/osu_util.o ../../../util/osu_util_mpi.o ../../../util/osu_util_graph.o ../../../util/osu_util_papi.o  -L/opt/apps/resif/aion/2020b/epyc/software/GCCcore/10.2.0/lib64 -L/opt/apps/resif/aion/2020b/epyc/software/GCCcore/10.2.0/lib -lm -lpthread
libtool: link: mpicxx -O2 -ftree-vectorize -march=native -fno-math-errno -o osu_neighbor_alltoall osu_neighbor_alltoall.o ../../../util/osu_util.o ../../../util/osu_util_mpi.o ../../../util/osu_util_graph.o ../../../util/osu_util_papi.o  -L/opt/apps/resif/aion/2020b/epyc/software/GCCcore/10.2.0/lib64 -L/opt/apps/resif/aion/2020b/epyc/software/GCCcore/10.2.0/lib -lm -lpthread
libtool: link: mpicxx -O2 -ftree-vectorize -march=native -fno-math-errno -o osu_neighbor_alltoallw osu_neighbor_alltoallw.o ../../../util/osu_util.o ../../../util/osu_util_mpi.o ../../../util/osu_util_graph.o ../../../util/osu_util_papi.o  -L/opt/apps/resif/aion/2020b/epyc/software/GCCcore/10.2.0/lib64 -L/opt/apps/resif/aion/2020b/epyc/software/GCCcore/10.2.0/lib -lm -lpthread
libtool: link: mpicxx -O2 -ftree-vectorize -march=native -fno-math-errno -o osu_ineighbor_allgatherv osu_ineighbor_allgatherv.o ../../../util/osu_util.o ../../../util/osu_util_mpi.o ../../../util/osu_util_graph.o ../../../util/osu_util_papi.o  -L/opt/apps/resif/aion/2020b/epyc/software/GCCcore/10.2.0/lib64 -L/opt/apps/resif/aion/2020b/epyc/software/GCCcore/10.2.0/lib -lm -lpthread
libtool: link: mpicxx -O2 -ftree-vectorize -march=native -fno-math-errno -o osu_neighbor_alltoallv osu_neighbor_alltoallv.o ../../../util/osu_util.o ../../../util/osu_util_mpi.o ../../../util/osu_util_graph.o ../../../util/osu_util_papi.o  -L/opt/apps/resif/aion/2020b/epyc/software/GCCcore/10.2.0/lib64 -L/opt/apps/resif/aion/2020b/epyc/software/GCCcore/10.2.0/lib -lm -lpthread
libtool: link: mpicxx -O2 -ftree-vectorize -march=native -fno-math-errno -o osu_neighbor_allgatherv osu_neighbor_allgatherv.o ../../../util/osu_util.o ../../../util/osu_util_mpi.o ../../../util/osu_util_graph.o ../../../util/osu_util_papi.o  -L/opt/apps/resif/aion/2020b/epyc/software/GCCcore/10.2.0/lib64 -L/opt/apps/resif/aion/2020b/epyc/software/GCCcore/10.2.0/lib -lm -lpthread
libtool: link: mpicxx -O2 -ftree-vectorize -march=native -fno-math-errno -o osu_ineighbor_allgather osu_ineighbor_allgather.o ../../../util/osu_util.o ../../../util/osu_util_mpi.o ../../../util/osu_util_graph.o ../../../util/osu_util_papi.o  -L/opt/apps/resif/aion/2020b/epyc/software/GCCcore/10.2.0/lib64 -L/opt/apps/resif/aion/2020b/epyc/software/GCCcore/10.2.0/lib -lm -lpthread
libtool: link: mpicxx -O2 -ftree-vectorize -march=native -fno-math-errno -o osu_ineighbor_alltoallv osu_ineighbor_alltoallv.o ../../../util/osu_util.o ../../../util/osu_util_mpi.o ../../../util/osu_util_graph.o ../../../util/osu_util_papi.o  -L/opt/apps/resif/aion/2020b/epyc/software/GCCcore/10.2.0/lib64 -L/opt/apps/resif/aion/2020b/epyc/software/GCCcore/10.2.0/lib -lm -lpthread
make[4]: Leaving directory '/tmp/mghavami/OSUMicroBenchmarks/7.5/gompi-2020b/osu-micro-benchmarks-7.5/c/mpi/collective/neighborhood'
Making all in blocking
make[4]: Entering directory '/tmp/mghavami/OSUMicroBenchmarks/7.5/gompi-2020b/osu-micro-benchmarks-7.5/c/mpi/collective/blocking'
depbase=`echo osu_alltoallv.o | sed 's|[^/]*$|.deps/&|;s|\.o$||'`;\
mpicc -DPACKAGE_NAME=\"OSU-Micro-Benchmarks\" -DPACKAGE_TARNAME=\"osu-micro-benchmarks\" -DPACKAGE_VERSION=\"7.5\" -DPACKAGE_STRING=\"OSU-Micro-Benchmarks\ 7.5\" -DPACKAGE_BUGREPORT=\"mvapich-discuss@cse.ohio-state.edu\" -DPACKAGE_URL=\"\" -DPACKAGE=\"osu-micro-benchmarks\" -DVERSION=\"7.5\" -DSTDC_HEADERS=1 -DHAVE_SYS_TYPES_H=1 -DHAVE_SYS_STAT_H=1 -DHAVE_STDLIB_H=1 -DHAVE_STRING_H=1 -DHAVE_MEMORY_H=1 -DHAVE_STRINGS_H=1 -DHAVE_INTTYPES_H=1 -DHAVE_STDINT_H=1 -DHAVE_UNISTD_H=1 -DHAVE_DLFCN_H=1 -DLT_OBJDIR=\".libs/\" -DHAVE_STDLIB_H=1 -DHAVE_STRING_H=1 -DHAVE_SYS_TIME_H=1 -DHAVE_UNISTD_H=1 -DHAVE_MATH_H=1 -DHAVE_GETPAGESIZE=1 -DHAVE_GETTIMEOFDAY=1 -DHAVE_MEMSET=1 -DHAVE_SQRT=1 -DFIELD_WIDTH=18 -DFLOAT_PRECISION=2 -I.    -I../../../../c/util  -O2 -ftree-vectorize -march=native -fno-math-errno -MT osu_alltoallv.o -MD -MP -MF $depbase.Tpo -c -o osu_alltoallv.o osu_alltoallv.c &&\
mv -f $depbase.Tpo $depbase.Po
depbase=`echo ../../../util/osu_util_validation.o | sed 's|[^/]*$|.deps/&|;s|\.o$||'`;\
mpicc -DPACKAGE_NAME=\"OSU-Micro-Benchmarks\" -DPACKAGE_TARNAME=\"osu-micro-benchmarks\" -DPACKAGE_VERSION=\"7.5\" -DPACKAGE_STRING=\"OSU-Micro-Benchmarks\ 7.5\" -DPACKAGE_BUGREPORT=\"mvapich-discuss@cse.ohio-state.edu\" -DPACKAGE_URL=\"\" -DPACKAGE=\"osu-micro-benchmarks\" -DVERSION=\"7.5\" -DSTDC_HEADERS=1 -DHAVE_SYS_TYPES_H=1 -DHAVE_SYS_STAT_H=1 -DHAVE_STDLIB_H=1 -DHAVE_STRING_H=1 -DHAVE_MEMORY_H=1 -DHAVE_STRINGS_H=1 -DHAVE_INTTYPES_H=1 -DHAVE_STDINT_H=1 -DHAVE_UNISTD_H=1 -DHAVE_DLFCN_H=1 -DLT_OBJDIR=\".libs/\" -DHAVE_STDLIB_H=1 -DHAVE_STRING_H=1 -DHAVE_SYS_TIME_H=1 -DHAVE_UNISTD_H=1 -DHAVE_MATH_H=1 -DHAVE_GETPAGESIZE=1 -DHAVE_GETTIMEOFDAY=1 -DHAVE_MEMSET=1 -DHAVE_SQRT=1 -DFIELD_WIDTH=18 -DFLOAT_PRECISION=2 -I.    -I../../../../c/util  -O2 -ftree-vectorize -march=native -fno-math-errno -MT ../../../util/osu_util_validation.o -MD -MP -MF $depbase.Tpo -c -o ../../../util/osu_util_validation.o ../../../util/osu_util_validation.c &&\
mv -f $depbase.Tpo $depbase.Po
depbase=`echo osu_alltoallw.o | sed 's|[^/]*$|.deps/&|;s|\.o$||'`;\
mpicc -DPACKAGE_NAME=\"OSU-Micro-Benchmarks\" -DPACKAGE_TARNAME=\"osu-micro-benchmarks\" -DPACKAGE_VERSION=\"7.5\" -DPACKAGE_STRING=\"OSU-Micro-Benchmarks\ 7.5\" -DPACKAGE_BUGREPORT=\"mvapich-discuss@cse.ohio-state.edu\" -DPACKAGE_URL=\"\" -DPACKAGE=\"osu-micro-benchmarks\" -DVERSION=\"7.5\" -DSTDC_HEADERS=1 -DHAVE_SYS_TYPES_H=1 -DHAVE_SYS_STAT_H=1 -DHAVE_STDLIB_H=1 -DHAVE_STRING_H=1 -DHAVE_MEMORY_H=1 -DHAVE_STRINGS_H=1 -DHAVE_INTTYPES_H=1 -DHAVE_STDINT_H=1 -DHAVE_UNISTD_H=1 -DHAVE_DLFCN_H=1 -DLT_OBJDIR=\".libs/\" -DHAVE_STDLIB_H=1 -DHAVE_STRING_H=1 -DHAVE_SYS_TIME_H=1 -DHAVE_UNISTD_H=1 -DHAVE_MATH_H=1 -DHAVE_GETPAGESIZE=1 -DHAVE_GETTIMEOFDAY=1 -DHAVE_MEMSET=1 -DHAVE_SQRT=1 -DFIELD_WIDTH=18 -DFLOAT_PRECISION=2 -I.    -I../../../../c/util  -O2 -ftree-vectorize -march=native -fno-math-errno -MT osu_alltoallw.o -MD -MP -MF $depbase.Tpo -c -o osu_alltoallw.o osu_alltoallw.c &&\
mv -f $depbase.Tpo $depbase.Po
depbase=`echo osu_allgatherv.o | sed 's|[^/]*$|.deps/&|;s|\.o$||'`;\
mpicc -DPACKAGE_NAME=\"OSU-Micro-Benchmarks\" -DPACKAGE_TARNAME=\"osu-micro-benchmarks\" -DPACKAGE_VERSION=\"7.5\" -DPACKAGE_STRING=\"OSU-Micro-Benchmarks\ 7.5\" -DPACKAGE_BUGREPORT=\"mvapich-discuss@cse.ohio-state.edu\" -DPACKAGE_URL=\"\" -DPACKAGE=\"osu-micro-benchmarks\" -DVERSION=\"7.5\" -DSTDC_HEADERS=1 -DHAVE_SYS_TYPES_H=1 -DHAVE_SYS_STAT_H=1 -DHAVE_STDLIB_H=1 -DHAVE_STRING_H=1 -DHAVE_MEMORY_H=1 -DHAVE_STRINGS_H=1 -DHAVE_INTTYPES_H=1 -DHAVE_STDINT_H=1 -DHAVE_UNISTD_H=1 -DHAVE_DLFCN_H=1 -DLT_OBJDIR=\".libs/\" -DHAVE_STDLIB_H=1 -DHAVE_STRING_H=1 -DHAVE_SYS_TIME_H=1 -DHAVE_UNISTD_H=1 -DHAVE_MATH_H=1 -DHAVE_GETPAGESIZE=1 -DHAVE_GETTIMEOFDAY=1 -DHAVE_MEMSET=1 -DHAVE_SQRT=1 -DFIELD_WIDTH=18 -DFLOAT_PRECISION=2 -I.    -I../../../../c/util  -O2 -ftree-vectorize -march=native -fno-math-errno -MT osu_allgatherv.o -MD -MP -MF $depbase.Tpo -c -o osu_allgatherv.o osu_allgatherv.c &&\
mv -f $depbase.Tpo $depbase.Po
depbase=`echo osu_scatterv.o | sed 's|[^/]*$|.deps/&|;s|\.o$||'`;\
mpicc -DPACKAGE_NAME=\"OSU-Micro-Benchmarks\" -DPACKAGE_TARNAME=\"osu-micro-benchmarks\" -DPACKAGE_VERSION=\"7.5\" -DPACKAGE_STRING=\"OSU-Micro-Benchmarks\ 7.5\" -DPACKAGE_BUGREPORT=\"mvapich-discuss@cse.ohio-state.edu\" -DPACKAGE_URL=\"\" -DPACKAGE=\"osu-micro-benchmarks\" -DVERSION=\"7.5\" -DSTDC_HEADERS=1 -DHAVE_SYS_TYPES_H=1 -DHAVE_SYS_STAT_H=1 -DHAVE_STDLIB_H=1 -DHAVE_STRING_H=1 -DHAVE_MEMORY_H=1 -DHAVE_STRINGS_H=1 -DHAVE_INTTYPES_H=1 -DHAVE_STDINT_H=1 -DHAVE_UNISTD_H=1 -DHAVE_DLFCN_H=1 -DLT_OBJDIR=\".libs/\" -DHAVE_STDLIB_H=1 -DHAVE_STRING_H=1 -DHAVE_SYS_TIME_H=1 -DHAVE_UNISTD_H=1 -DHAVE_MATH_H=1 -DHAVE_GETPAGESIZE=1 -DHAVE_GETTIMEOFDAY=1 -DHAVE_MEMSET=1 -DHAVE_SQRT=1 -DFIELD_WIDTH=18 -DFLOAT_PRECISION=2 -I.    -I../../../../c/util  -O2 -ftree-vectorize -march=native -fno-math-errno -MT osu_scatterv.o -MD -MP -MF $depbase.Tpo -c -o osu_scatterv.o osu_scatterv.c &&\
mv -f $depbase.Tpo $depbase.Po
depbase=`echo osu_gatherv.o | sed 's|[^/]*$|.deps/&|;s|\.o$||'`;\
mpicc -DPACKAGE_NAME=\"OSU-Micro-Benchmarks\" -DPACKAGE_TARNAME=\"osu-micro-benchmarks\" -DPACKAGE_VERSION=\"7.5\" -DPACKAGE_STRING=\"OSU-Micro-Benchmarks\ 7.5\" -DPACKAGE_BUGREPORT=\"mvapich-discuss@cse.ohio-state.edu\" -DPACKAGE_URL=\"\" -DPACKAGE=\"osu-micro-benchmarks\" -DVERSION=\"7.5\" -DSTDC_HEADERS=1 -DHAVE_SYS_TYPES_H=1 -DHAVE_SYS_STAT_H=1 -DHAVE_STDLIB_H=1 -DHAVE_STRING_H=1 -DHAVE_MEMORY_H=1 -DHAVE_STRINGS_H=1 -DHAVE_INTTYPES_H=1 -DHAVE_STDINT_H=1 -DHAVE_UNISTD_H=1 -DHAVE_DLFCN_H=1 -DLT_OBJDIR=\".libs/\" -DHAVE_STDLIB_H=1 -DHAVE_STRING_H=1 -DHAVE_SYS_TIME_H=1 -DHAVE_UNISTD_H=1 -DHAVE_MATH_H=1 -DHAVE_GETPAGESIZE=1 -DHAVE_GETTIMEOFDAY=1 -DHAVE_MEMSET=1 -DHAVE_SQRT=1 -DFIELD_WIDTH=18 -DFLOAT_PRECISION=2 -I.    -I../../../../c/util  -O2 -ftree-vectorize -march=native -fno-math-errno -MT osu_gatherv.o -MD -MP -MF $depbase.Tpo -c -o osu_gatherv.o osu_gatherv.c &&\
mv -f $depbase.Tpo $depbase.Po
depbase=`echo osu_reduce_scatter.o | sed 's|[^/]*$|.deps/&|;s|\.o$||'`;\
mpicc -DPACKAGE_NAME=\"OSU-Micro-Benchmarks\" -DPACKAGE_TARNAME=\"osu-micro-benchmarks\" -DPACKAGE_VERSION=\"7.5\" -DPACKAGE_STRING=\"OSU-Micro-Benchmarks\ 7.5\" -DPACKAGE_BUGREPORT=\"mvapich-discuss@cse.ohio-state.edu\" -DPACKAGE_URL=\"\" -DPACKAGE=\"osu-micro-benchmarks\" -DVERSION=\"7.5\" -DSTDC_HEADERS=1 -DHAVE_SYS_TYPES_H=1 -DHAVE_SYS_STAT_H=1 -DHAVE_STDLIB_H=1 -DHAVE_STRING_H=1 -DHAVE_MEMORY_H=1 -DHAVE_STRINGS_H=1 -DHAVE_INTTYPES_H=1 -DHAVE_STDINT_H=1 -DHAVE_UNISTD_H=1 -DHAVE_DLFCN_H=1 -DLT_OBJDIR=\".libs/\" -DHAVE_STDLIB_H=1 -DHAVE_STRING_H=1 -DHAVE_SYS_TIME_H=1 -DHAVE_UNISTD_H=1 -DHAVE_MATH_H=1 -DHAVE_GETPAGESIZE=1 -DHAVE_GETTIMEOFDAY=1 -DHAVE_MEMSET=1 -DHAVE_SQRT=1 -DFIELD_WIDTH=18 -DFLOAT_PRECISION=2 -I.    -I../../../../c/util  -O2 -ftree-vectorize -march=native -fno-math-errno -MT osu_reduce_scatter.o -MD -MP -MF $depbase.Tpo -c -o osu_reduce_scatter.o osu_reduce_scatter.c &&\
mv -f $depbase.Tpo $depbase.Po
depbase=`echo osu_barrier.o | sed 's|[^/]*$|.deps/&|;s|\.o$||'`;\
mpicc -DPACKAGE_NAME=\"OSU-Micro-Benchmarks\" -DPACKAGE_TARNAME=\"osu-micro-benchmarks\" -DPACKAGE_VERSION=\"7.5\" -DPACKAGE_STRING=\"OSU-Micro-Benchmarks\ 7.5\" -DPACKAGE_BUGREPORT=\"mvapich-discuss@cse.ohio-state.edu\" -DPACKAGE_URL=\"\" -DPACKAGE=\"osu-micro-benchmarks\" -DVERSION=\"7.5\" -DSTDC_HEADERS=1 -DHAVE_SYS_TYPES_H=1 -DHAVE_SYS_STAT_H=1 -DHAVE_STDLIB_H=1 -DHAVE_STRING_H=1 -DHAVE_MEMORY_H=1 -DHAVE_STRINGS_H=1 -DHAVE_INTTYPES_H=1 -DHAVE_STDINT_H=1 -DHAVE_UNISTD_H=1 -DHAVE_DLFCN_H=1 -DLT_OBJDIR=\".libs/\" -DHAVE_STDLIB_H=1 -DHAVE_STRING_H=1 -DHAVE_SYS_TIME_H=1 -DHAVE_UNISTD_H=1 -DHAVE_MATH_H=1 -DHAVE_GETPAGESIZE=1 -DHAVE_GETTIMEOFDAY=1 -DHAVE_MEMSET=1 -DHAVE_SQRT=1 -DFIELD_WIDTH=18 -DFLOAT_PRECISION=2 -I.    -I../../../../c/util  -O2 -ftree-vectorize -march=native -fno-math-errno -MT osu_barrier.o -MD -MP -MF $depbase.Tpo -c -o osu_barrier.o osu_barrier.c &&\
mv -f $depbase.Tpo $depbase.Po
depbase=`echo osu_reduce.o | sed 's|[^/]*$|.deps/&|;s|\.o$||'`;\
mpicc -DPACKAGE_NAME=\"OSU-Micro-Benchmarks\" -DPACKAGE_TARNAME=\"osu-micro-benchmarks\" -DPACKAGE_VERSION=\"7.5\" -DPACKAGE_STRING=\"OSU-Micro-Benchmarks\ 7.5\" -DPACKAGE_BUGREPORT=\"mvapich-discuss@cse.ohio-state.edu\" -DPACKAGE_URL=\"\" -DPACKAGE=\"osu-micro-benchmarks\" -DVERSION=\"7.5\" -DSTDC_HEADERS=1 -DHAVE_SYS_TYPES_H=1 -DHAVE_SYS_STAT_H=1 -DHAVE_STDLIB_H=1 -DHAVE_STRING_H=1 -DHAVE_MEMORY_H=1 -DHAVE_STRINGS_H=1 -DHAVE_INTTYPES_H=1 -DHAVE_STDINT_H=1 -DHAVE_UNISTD_H=1 -DHAVE_DLFCN_H=1 -DLT_OBJDIR=\".libs/\" -DHAVE_STDLIB_H=1 -DHAVE_STRING_H=1 -DHAVE_SYS_TIME_H=1 -DHAVE_UNISTD_H=1 -DHAVE_MATH_H=1 -DHAVE_GETPAGESIZE=1 -DHAVE_GETTIMEOFDAY=1 -DHAVE_MEMSET=1 -DHAVE_SQRT=1 -DFIELD_WIDTH=18 -DFLOAT_PRECISION=2 -I.    -I../../../../c/util  -O2 -ftree-vectorize -march=native -fno-math-errno -MT osu_reduce.o -MD -MP -MF $depbase.Tpo -c -o osu_reduce.o osu_reduce.c &&\
mv -f $depbase.Tpo $depbase.Po
depbase=`echo osu_allreduce.o | sed 's|[^/]*$|.deps/&|;s|\.o$||'`;\
mpicc -DPACKAGE_NAME=\"OSU-Micro-Benchmarks\" -DPACKAGE_TARNAME=\"osu-micro-benchmarks\" -DPACKAGE_VERSION=\"7.5\" -DPACKAGE_STRING=\"OSU-Micro-Benchmarks\ 7.5\" -DPACKAGE_BUGREPORT=\"mvapich-discuss@cse.ohio-state.edu\" -DPACKAGE_URL=\"\" -DPACKAGE=\"osu-micro-benchmarks\" -DVERSION=\"7.5\" -DSTDC_HEADERS=1 -DHAVE_SYS_TYPES_H=1 -DHAVE_SYS_STAT_H=1 -DHAVE_STDLIB_H=1 -DHAVE_STRING_H=1 -DHAVE_MEMORY_H=1 -DHAVE_STRINGS_H=1 -DHAVE_INTTYPES_H=1 -DHAVE_STDINT_H=1 -DHAVE_UNISTD_H=1 -DHAVE_DLFCN_H=1 -DLT_OBJDIR=\".libs/\" -DHAVE_STDLIB_H=1 -DHAVE_STRING_H=1 -DHAVE_SYS_TIME_H=1 -DHAVE_UNISTD_H=1 -DHAVE_MATH_H=1 -DHAVE_GETPAGESIZE=1 -DHAVE_GETTIMEOFDAY=1 -DHAVE_MEMSET=1 -DHAVE_SQRT=1 -DFIELD_WIDTH=18 -DFLOAT_PRECISION=2 -I.    -I../../../../c/util  -O2 -ftree-vectorize -march=native -fno-math-errno -MT osu_allreduce.o -MD -MP -MF $depbase.Tpo -c -o osu_allreduce.o osu_allreduce.c &&\
mv -f $depbase.Tpo $depbase.Po
depbase=`echo osu_alltoall.o | sed 's|[^/]*$|.deps/&|;s|\.o$||'`;\
mpicc -DPACKAGE_NAME=\"OSU-Micro-Benchmarks\" -DPACKAGE_TARNAME=\"osu-micro-benchmarks\" -DPACKAGE_VERSION=\"7.5\" -DPACKAGE_STRING=\"OSU-Micro-Benchmarks\ 7.5\" -DPACKAGE_BUGREPORT=\"mvapich-discuss@cse.ohio-state.edu\" -DPACKAGE_URL=\"\" -DPACKAGE=\"osu-micro-benchmarks\" -DVERSION=\"7.5\" -DSTDC_HEADERS=1 -DHAVE_SYS_TYPES_H=1 -DHAVE_SYS_STAT_H=1 -DHAVE_STDLIB_H=1 -DHAVE_STRING_H=1 -DHAVE_MEMORY_H=1 -DHAVE_STRINGS_H=1 -DHAVE_INTTYPES_H=1 -DHAVE_STDINT_H=1 -DHAVE_UNISTD_H=1 -DHAVE_DLFCN_H=1 -DLT_OBJDIR=\".libs/\" -DHAVE_STDLIB_H=1 -DHAVE_STRING_H=1 -DHAVE_SYS_TIME_H=1 -DHAVE_UNISTD_H=1 -DHAVE_MATH_H=1 -DHAVE_GETPAGESIZE=1 -DHAVE_GETTIMEOFDAY=1 -DHAVE_MEMSET=1 -DHAVE_SQRT=1 -DFIELD_WIDTH=18 -DFLOAT_PRECISION=2 -I.    -I../../../../c/util  -O2 -ftree-vectorize -march=native -fno-math-errno -MT osu_alltoall.o -MD -MP -MF $depbase.Tpo -c -o osu_alltoall.o osu_alltoall.c &&\
mv -f $depbase.Tpo $depbase.Po
depbase=`echo osu_bcast.o | sed 's|[^/]*$|.deps/&|;s|\.o$||'`;\
mpicc -DPACKAGE_NAME=\"OSU-Micro-Benchmarks\" -DPACKAGE_TARNAME=\"osu-micro-benchmarks\" -DPACKAGE_VERSION=\"7.5\" -DPACKAGE_STRING=\"OSU-Micro-Benchmarks\ 7.5\" -DPACKAGE_BUGREPORT=\"mvapich-discuss@cse.ohio-state.edu\" -DPACKAGE_URL=\"\" -DPACKAGE=\"osu-micro-benchmarks\" -DVERSION=\"7.5\" -DSTDC_HEADERS=1 -DHAVE_SYS_TYPES_H=1 -DHAVE_SYS_STAT_H=1 -DHAVE_STDLIB_H=1 -DHAVE_STRING_H=1 -DHAVE_MEMORY_H=1 -DHAVE_STRINGS_H=1 -DHAVE_INTTYPES_H=1 -DHAVE_STDINT_H=1 -DHAVE_UNISTD_H=1 -DHAVE_DLFCN_H=1 -DLT_OBJDIR=\".libs/\" -DHAVE_STDLIB_H=1 -DHAVE_STRING_H=1 -DHAVE_SYS_TIME_H=1 -DHAVE_UNISTD_H=1 -DHAVE_MATH_H=1 -DHAVE_GETPAGESIZE=1 -DHAVE_GETTIMEOFDAY=1 -DHAVE_MEMSET=1 -DHAVE_SQRT=1 -DFIELD_WIDTH=18 -DFLOAT_PRECISION=2 -I.    -I../../../../c/util  -O2 -ftree-vectorize -march=native -fno-math-errno -MT osu_bcast.o -MD -MP -MF $depbase.Tpo -c -o osu_bcast.o osu_bcast.c &&\
mv -f $depbase.Tpo $depbase.Po
depbase=`echo osu_gather.o | sed 's|[^/]*$|.deps/&|;s|\.o$||'`;\
mpicc -DPACKAGE_NAME=\"OSU-Micro-Benchmarks\" -DPACKAGE_TARNAME=\"osu-micro-benchmarks\" -DPACKAGE_VERSION=\"7.5\" -DPACKAGE_STRING=\"OSU-Micro-Benchmarks\ 7.5\" -DPACKAGE_BUGREPORT=\"mvapich-discuss@cse.ohio-state.edu\" -DPACKAGE_URL=\"\" -DPACKAGE=\"osu-micro-benchmarks\" -DVERSION=\"7.5\" -DSTDC_HEADERS=1 -DHAVE_SYS_TYPES_H=1 -DHAVE_SYS_STAT_H=1 -DHAVE_STDLIB_H=1 -DHAVE_STRING_H=1 -DHAVE_MEMORY_H=1 -DHAVE_STRINGS_H=1 -DHAVE_INTTYPES_H=1 -DHAVE_STDINT_H=1 -DHAVE_UNISTD_H=1 -DHAVE_DLFCN_H=1 -DLT_OBJDIR=\".libs/\" -DHAVE_STDLIB_H=1 -DHAVE_STRING_H=1 -DHAVE_SYS_TIME_H=1 -DHAVE_UNISTD_H=1 -DHAVE_MATH_H=1 -DHAVE_GETPAGESIZE=1 -DHAVE_GETTIMEOFDAY=1 -DHAVE_MEMSET=1 -DHAVE_SQRT=1 -DFIELD_WIDTH=18 -DFLOAT_PRECISION=2 -I.    -I../../../../c/util  -O2 -ftree-vectorize -march=native -fno-math-errno -MT osu_gather.o -MD -MP -MF $depbase.Tpo -c -o osu_gather.o osu_gather.c &&\
mv -f $depbase.Tpo $depbase.Po
depbase=`echo osu_allgather.o | sed 's|[^/]*$|.deps/&|;s|\.o$||'`;\
mpicc -DPACKAGE_NAME=\"OSU-Micro-Benchmarks\" -DPACKAGE_TARNAME=\"osu-micro-benchmarks\" -DPACKAGE_VERSION=\"7.5\" -DPACKAGE_STRING=\"OSU-Micro-Benchmarks\ 7.5\" -DPACKAGE_BUGREPORT=\"mvapich-discuss@cse.ohio-state.edu\" -DPACKAGE_URL=\"\" -DPACKAGE=\"osu-micro-benchmarks\" -DVERSION=\"7.5\" -DSTDC_HEADERS=1 -DHAVE_SYS_TYPES_H=1 -DHAVE_SYS_STAT_H=1 -DHAVE_STDLIB_H=1 -DHAVE_STRING_H=1 -DHAVE_MEMORY_H=1 -DHAVE_STRINGS_H=1 -DHAVE_INTTYPES_H=1 -DHAVE_STDINT_H=1 -DHAVE_UNISTD_H=1 -DHAVE_DLFCN_H=1 -DLT_OBJDIR=\".libs/\" -DHAVE_STDLIB_H=1 -DHAVE_STRING_H=1 -DHAVE_SYS_TIME_H=1 -DHAVE_UNISTD_H=1 -DHAVE_MATH_H=1 -DHAVE_GETPAGESIZE=1 -DHAVE_GETTIMEOFDAY=1 -DHAVE_MEMSET=1 -DHAVE_SQRT=1 -DFIELD_WIDTH=18 -DFLOAT_PRECISION=2 -I.    -I../../../../c/util  -O2 -ftree-vectorize -march=native -fno-math-errno -MT osu_allgather.o -MD -MP -MF $depbase.Tpo -c -o osu_allgather.o osu_allgather.c &&\
mv -f $depbase.Tpo $depbase.Po
depbase=`echo osu_scatter.o | sed 's|[^/]*$|.deps/&|;s|\.o$||'`;\
mpicc -DPACKAGE_NAME=\"OSU-Micro-Benchmarks\" -DPACKAGE_TARNAME=\"osu-micro-benchmarks\" -DPACKAGE_VERSION=\"7.5\" -DPACKAGE_STRING=\"OSU-Micro-Benchmarks\ 7.5\" -DPACKAGE_BUGREPORT=\"mvapich-discuss@cse.ohio-state.edu\" -DPACKAGE_URL=\"\" -DPACKAGE=\"osu-micro-benchmarks\" -DVERSION=\"7.5\" -DSTDC_HEADERS=1 -DHAVE_SYS_TYPES_H=1 -DHAVE_SYS_STAT_H=1 -DHAVE_STDLIB_H=1 -DHAVE_STRING_H=1 -DHAVE_MEMORY_H=1 -DHAVE_STRINGS_H=1 -DHAVE_INTTYPES_H=1 -DHAVE_STDINT_H=1 -DHAVE_UNISTD_H=1 -DHAVE_DLFCN_H=1 -DLT_OBJDIR=\".libs/\" -DHAVE_STDLIB_H=1 -DHAVE_STRING_H=1 -DHAVE_SYS_TIME_H=1 -DHAVE_UNISTD_H=1 -DHAVE_MATH_H=1 -DHAVE_GETPAGESIZE=1 -DHAVE_GETTIMEOFDAY=1 -DHAVE_MEMSET=1 -DHAVE_SQRT=1 -DFIELD_WIDTH=18 -DFLOAT_PRECISION=2 -I.    -I../../../../c/util  -O2 -ftree-vectorize -march=native -fno-math-errno -MT osu_scatter.o -MD -MP -MF $depbase.Tpo -c -o osu_scatter.o osu_scatter.c &&\
mv -f $depbase.Tpo $depbase.Po
depbase=`echo osu_reduce_scatter_block.o | sed 's|[^/]*$|.deps/&|;s|\.o$||'`;\
mpicc -DPACKAGE_NAME=\"OSU-Micro-Benchmarks\" -DPACKAGE_TARNAME=\"osu-micro-benchmarks\" -DPACKAGE_VERSION=\"7.5\" -DPACKAGE_STRING=\"OSU-Micro-Benchmarks\ 7.5\" -DPACKAGE_BUGREPORT=\"mvapich-discuss@cse.ohio-state.edu\" -DPACKAGE_URL=\"\" -DPACKAGE=\"osu-micro-benchmarks\" -DVERSION=\"7.5\" -DSTDC_HEADERS=1 -DHAVE_SYS_TYPES_H=1 -DHAVE_SYS_STAT_H=1 -DHAVE_STDLIB_H=1 -DHAVE_STRING_H=1 -DHAVE_MEMORY_H=1 -DHAVE_STRINGS_H=1 -DHAVE_INTTYPES_H=1 -DHAVE_STDINT_H=1 -DHAVE_UNISTD_H=1 -DHAVE_DLFCN_H=1 -DLT_OBJDIR=\".libs/\" -DHAVE_STDLIB_H=1 -DHAVE_STRING_H=1 -DHAVE_SYS_TIME_H=1 -DHAVE_UNISTD_H=1 -DHAVE_MATH_H=1 -DHAVE_GETPAGESIZE=1 -DHAVE_GETTIMEOFDAY=1 -DHAVE_MEMSET=1 -DHAVE_SQRT=1 -DFIELD_WIDTH=18 -DFLOAT_PRECISION=2 -I.    -I../../../../c/util  -O2 -ftree-vectorize -march=native -fno-math-errno -MT osu_reduce_scatter_block.o -MD -MP -MF $depbase.Tpo -c -o osu_reduce_scatter_block.o osu_reduce_scatter_block.c &&\
mv -f $depbase.Tpo $depbase.Po
/bin/sh ../../../../libtool  --tag=CXX   --mode=link mpicxx  -O2 -ftree-vectorize -march=native -fno-math-errno  -L/opt/apps/resif/aion/2020b/epyc/software/GCCcore/10.2.0/lib64 -L/opt/apps/resif/aion/2020b/epyc/software/GCCcore/10.2.0/lib -o osu_alltoallw osu_alltoallw.o ../../../util/osu_util.o ../../../util/osu_util_mpi.o ../../../util/osu_util_graph.o ../../../util/osu_util_papi.o ../../../util/osu_util_validation.o    -lm -lpthread
/bin/sh ../../../../libtool  --tag=CXX   --mode=link mpicxx  -O2 -ftree-vectorize -march=native -fno-math-errno  -L/opt/apps/resif/aion/2020b/epyc/software/GCCcore/10.2.0/lib64 -L/opt/apps/resif/aion/2020b/epyc/software/GCCcore/10.2.0/lib -o osu_allreduce osu_allreduce.o ../../../util/osu_util.o ../../../util/osu_util_mpi.o ../../../util/osu_util_graph.o ../../../util/osu_util_papi.o ../../../util/osu_util_validation.o    -lm -lpthread
/bin/sh ../../../../libtool  --tag=CXX   --mode=link mpicxx  -O2 -ftree-vectorize -march=native -fno-math-errno  -L/opt/apps/resif/aion/2020b/epyc/software/GCCcore/10.2.0/lib64 -L/opt/apps/resif/aion/2020b/epyc/software/GCCcore/10.2.0/lib -o osu_alltoall osu_alltoall.o ../../../util/osu_util.o ../../../util/osu_util_mpi.o ../../../util/osu_util_graph.o ../../../util/osu_util_papi.o ../../../util/osu_util_validation.o    -lm -lpthread
/bin/sh ../../../../libtool  --tag=CXX   --mode=link mpicxx  -O2 -ftree-vectorize -march=native -fno-math-errno  -L/opt/apps/resif/aion/2020b/epyc/software/GCCcore/10.2.0/lib64 -L/opt/apps/resif/aion/2020b/epyc/software/GCCcore/10.2.0/lib -o osu_gather osu_gather.o ../../../util/osu_util.o ../../../util/osu_util_mpi.o ../../../util/osu_util_graph.o ../../../util/osu_util_papi.o ../../../util/osu_util_validation.o    -lm -lpthread
/bin/sh ../../../../libtool  --tag=CXX   --mode=link mpicxx  -O2 -ftree-vectorize -march=native -fno-math-errno  -L/opt/apps/resif/aion/2020b/epyc/software/GCCcore/10.2.0/lib64 -L/opt/apps/resif/aion/2020b/epyc/software/GCCcore/10.2.0/lib -o osu_scatter osu_scatter.o ../../../util/osu_util.o ../../../util/osu_util_mpi.o ../../../util/osu_util_graph.o ../../../util/osu_util_papi.o ../../../util/osu_util_validation.o    -lm -lpthread
/bin/sh ../../../../libtool  --tag=CXX   --mode=link mpicxx  -O2 -ftree-vectorize -march=native -fno-math-errno  -L/opt/apps/resif/aion/2020b/epyc/software/GCCcore/10.2.0/lib64 -L/opt/apps/resif/aion/2020b/epyc/software/GCCcore/10.2.0/lib -o osu_allgatherv osu_allgatherv.o ../../../util/osu_util.o ../../../util/osu_util_mpi.o ../../../util/osu_util_graph.o ../../../util/osu_util_papi.o ../../../util/osu_util_validation.o    -lm -lpthread
/bin/sh ../../../../libtool  --tag=CXX   --mode=link mpicxx  -O2 -ftree-vectorize -march=native -fno-math-errno  -L/opt/apps/resif/aion/2020b/epyc/software/GCCcore/10.2.0/lib64 -L/opt/apps/resif/aion/2020b/epyc/software/GCCcore/10.2.0/lib -o osu_reduce_scatter osu_reduce_scatter.o ../../../util/osu_util.o ../../../util/osu_util_mpi.o ../../../util/osu_util_graph.o ../../../util/osu_util_papi.o ../../../util/osu_util_validation.o    -lm -lpthread
/bin/sh ../../../../libtool  --tag=CXX   --mode=link mpicxx  -O2 -ftree-vectorize -march=native -fno-math-errno  -L/opt/apps/resif/aion/2020b/epyc/software/GCCcore/10.2.0/lib64 -L/opt/apps/resif/aion/2020b/epyc/software/GCCcore/10.2.0/lib -o osu_reduce osu_reduce.o ../../../util/osu_util.o ../../../util/osu_util_mpi.o ../../../util/osu_util_graph.o ../../../util/osu_util_papi.o ../../../util/osu_util_validation.o    -lm -lpthread
/bin/sh ../../../../libtool  --tag=CXX   --mode=link mpicxx  -O2 -ftree-vectorize -march=native -fno-math-errno  -L/opt/apps/resif/aion/2020b/epyc/software/GCCcore/10.2.0/lib64 -L/opt/apps/resif/aion/2020b/epyc/software/GCCcore/10.2.0/lib -o osu_bcast osu_bcast.o ../../../util/osu_util.o ../../../util/osu_util_mpi.o ../../../util/osu_util_graph.o ../../../util/osu_util_papi.o ../../../util/osu_util_validation.o    -lm -lpthread
/bin/sh ../../../../libtool  --tag=CXX   --mode=link mpicxx  -O2 -ftree-vectorize -march=native -fno-math-errno  -L/opt/apps/resif/aion/2020b/epyc/software/GCCcore/10.2.0/lib64 -L/opt/apps/resif/aion/2020b/epyc/software/GCCcore/10.2.0/lib -o osu_allgather osu_allgather.o ../../../util/osu_util.o ../../../util/osu_util_mpi.o ../../../util/osu_util_graph.o ../../../util/osu_util_papi.o ../../../util/osu_util_validation.o    -lm -lpthread
/bin/sh ../../../../libtool  --tag=CXX   --mode=link mpicxx  -O2 -ftree-vectorize -march=native -fno-math-errno  -L/opt/apps/resif/aion/2020b/epyc/software/GCCcore/10.2.0/lib64 -L/opt/apps/resif/aion/2020b/epyc/software/GCCcore/10.2.0/lib -o osu_reduce_scatter_block osu_reduce_scatter_block.o ../../../util/osu_util.o ../../../util/osu_util_mpi.o ../../../util/osu_util_graph.o ../../../util/osu_util_papi.o ../../../util/osu_util_validation.o    -lm -lpthread
/bin/sh ../../../../libtool  --tag=CXX   --mode=link mpicxx  -O2 -ftree-vectorize -march=native -fno-math-errno  -L/opt/apps/resif/aion/2020b/epyc/software/GCCcore/10.2.0/lib64 -L/opt/apps/resif/aion/2020b/epyc/software/GCCcore/10.2.0/lib -o osu_alltoallv osu_alltoallv.o ../../../util/osu_util.o ../../../util/osu_util_mpi.o ../../../util/osu_util_graph.o ../../../util/osu_util_papi.o ../../../util/osu_util_validation.o    -lm -lpthread
/bin/sh ../../../../libtool  --tag=CXX   --mode=link mpicxx  -O2 -ftree-vectorize -march=native -fno-math-errno  -L/opt/apps/resif/aion/2020b/epyc/software/GCCcore/10.2.0/lib64 -L/opt/apps/resif/aion/2020b/epyc/software/GCCcore/10.2.0/lib -o osu_scatterv osu_scatterv.o ../../../util/osu_util.o ../../../util/osu_util_mpi.o ../../../util/osu_util_graph.o ../../../util/osu_util_papi.o ../../../util/osu_util_validation.o    -lm -lpthread
/bin/sh ../../../../libtool  --tag=CXX   --mode=link mpicxx  -O2 -ftree-vectorize -march=native -fno-math-errno  -L/opt/apps/resif/aion/2020b/epyc/software/GCCcore/10.2.0/lib64 -L/opt/apps/resif/aion/2020b/epyc/software/GCCcore/10.2.0/lib -o osu_barrier osu_barrier.o ../../../util/osu_util.o ../../../util/osu_util_mpi.o ../../../util/osu_util_graph.o ../../../util/osu_util_papi.o ../../../util/osu_util_validation.o    -lm -lpthread
/bin/sh ../../../../libtool  --tag=CXX   --mode=link mpicxx  -O2 -ftree-vectorize -march=native -fno-math-errno  -L/opt/apps/resif/aion/2020b/epyc/software/GCCcore/10.2.0/lib64 -L/opt/apps/resif/aion/2020b/epyc/software/GCCcore/10.2.0/lib -o osu_gatherv osu_gatherv.o ../../../util/osu_util.o ../../../util/osu_util_mpi.o ../../../util/osu_util_graph.o ../../../util/osu_util_papi.o ../../../util/osu_util_validation.o    -lm -lpthread
libtool: link: mpicxx -O2 -ftree-vectorize -march=native -fno-math-errno -o osu_gather osu_gather.o ../../../util/osu_util.o ../../../util/osu_util_mpi.o ../../../util/osu_util_graph.o ../../../util/osu_util_papi.o ../../../util/osu_util_validation.o  -L/opt/apps/resif/aion/2020b/epyc/software/GCCcore/10.2.0/lib64 -L/opt/apps/resif/aion/2020b/epyc/software/GCCcore/10.2.0/lib -lm -lpthread
libtool: link: mpicxx -O2 -ftree-vectorize -march=native -fno-math-errno -o osu_alltoall osu_alltoall.o ../../../util/osu_util.o ../../../util/osu_util_mpi.o ../../../util/osu_util_graph.o ../../../util/osu_util_papi.o ../../../util/osu_util_validation.o  -L/opt/apps/resif/aion/2020b/epyc/software/GCCcore/10.2.0/lib64 -L/opt/apps/resif/aion/2020b/epyc/software/GCCcore/10.2.0/lib -lm -lpthread
libtool: link: mpicxx -O2 -ftree-vectorize -march=native -fno-math-errno -o osu_reduce_scatter osu_reduce_scatter.o ../../../util/osu_util.o ../../../util/osu_util_mpi.o ../../../util/osu_util_graph.o ../../../util/osu_util_papi.o ../../../util/osu_util_validation.o  -L/opt/apps/resif/aion/2020b/epyc/software/GCCcore/10.2.0/lib64 -L/opt/apps/resif/aion/2020b/epyc/software/GCCcore/10.2.0/lib -lm -lpthread
libtool: link: mpicxx -O2 -ftree-vectorize -march=native -fno-math-errno -o osu_allreduce osu_allreduce.o ../../../util/osu_util.o ../../../util/osu_util_mpi.o ../../../util/osu_util_graph.o ../../../util/osu_util_papi.o ../../../util/osu_util_validation.o  -L/opt/apps/resif/aion/2020b/epyc/software/GCCcore/10.2.0/lib64 -L/opt/apps/resif/aion/2020b/epyc/software/GCCcore/10.2.0/lib -lm -lpthread
libtool: link: mpicxx -O2 -ftree-vectorize -march=native -fno-math-errno -o osu_allgather osu_allgather.o ../../../util/osu_util.o ../../../util/osu_util_mpi.o ../../../util/osu_util_graph.o ../../../util/osu_util_papi.o ../../../util/osu_util_validation.o  -L/opt/apps/resif/aion/2020b/epyc/software/GCCcore/10.2.0/lib64 -L/opt/apps/resif/aion/2020b/epyc/software/GCCcore/10.2.0/lib -lm -lpthread
libtool: link: mpicxx -O2 -ftree-vectorize -march=native -fno-math-errno -o osu_reduce_scatter_block osu_reduce_scatter_block.o ../../../util/osu_util.o ../../../util/osu_util_mpi.o ../../../util/osu_util_graph.o ../../../util/osu_util_papi.o ../../../util/osu_util_validation.o  -L/opt/apps/resif/aion/2020b/epyc/software/GCCcore/10.2.0/lib64 -L/opt/apps/resif/aion/2020b/epyc/software/GCCcore/10.2.0/lib -lm -lpthread
libtool: link: mpicxx -O2 -ftree-vectorize -march=native -fno-math-errno -o osu_allgatherv osu_allgatherv.o ../../../util/osu_util.o ../../../util/osu_util_mpi.o ../../../util/osu_util_graph.o ../../../util/osu_util_papi.o ../../../util/osu_util_validation.o  -L/opt/apps/resif/aion/2020b/epyc/software/GCCcore/10.2.0/lib64 -L/opt/apps/resif/aion/2020b/epyc/software/GCCcore/10.2.0/lib -lm -lpthread
libtool: link: mpicxx -O2 -ftree-vectorize -march=native -fno-math-errno -o osu_bcast osu_bcast.o ../../../util/osu_util.o ../../../util/osu_util_mpi.o ../../../util/osu_util_graph.o ../../../util/osu_util_papi.o ../../../util/osu_util_validation.o  -L/opt/apps/resif/aion/2020b/epyc/software/GCCcore/10.2.0/lib64 -L/opt/apps/resif/aion/2020b/epyc/software/GCCcore/10.2.0/lib -lm -lpthread
libtool: link: mpicxx -O2 -ftree-vectorize -march=native -fno-math-errno -o osu_alltoallw osu_alltoallw.o ../../../util/osu_util.o ../../../util/osu_util_mpi.o ../../../util/osu_util_graph.o ../../../util/osu_util_papi.o ../../../util/osu_util_validation.o  -L/opt/apps/resif/aion/2020b/epyc/software/GCCcore/10.2.0/lib64 -L/opt/apps/resif/aion/2020b/epyc/software/GCCcore/10.2.0/lib -lm -lpthread
libtool: link: mpicxx -O2 -ftree-vectorize -march=native -fno-math-errno -o osu_reduce osu_reduce.o ../../../util/osu_util.o ../../../util/osu_util_mpi.o ../../../util/osu_util_graph.o ../../../util/osu_util_papi.o ../../../util/osu_util_validation.o  -L/opt/apps/resif/aion/2020b/epyc/software/GCCcore/10.2.0/lib64 -L/opt/apps/resif/aion/2020b/epyc/software/GCCcore/10.2.0/lib -lm -lpthread
libtool: link: mpicxx -O2 -ftree-vectorize -march=native -fno-math-errno -o osu_barrier osu_barrier.o ../../../util/osu_util.o ../../../util/osu_util_mpi.o ../../../util/osu_util_graph.o ../../../util/osu_util_papi.o ../../../util/osu_util_validation.o  -L/opt/apps/resif/aion/2020b/epyc/software/GCCcore/10.2.0/lib64 -L/opt/apps/resif/aion/2020b/epyc/software/GCCcore/10.2.0/lib -lm -lpthread
libtool: link: mpicxx -O2 -ftree-vectorize -march=native -fno-math-errno -o osu_scatter osu_scatter.o ../../../util/osu_util.o ../../../util/osu_util_mpi.o ../../../util/osu_util_graph.o ../../../util/osu_util_papi.o ../../../util/osu_util_validation.o  -L/opt/apps/resif/aion/2020b/epyc/software/GCCcore/10.2.0/lib64 -L/opt/apps/resif/aion/2020b/epyc/software/GCCcore/10.2.0/lib -lm -lpthread
libtool: link: mpicxx -O2 -ftree-vectorize -march=native -fno-math-errno -o osu_gatherv osu_gatherv.o ../../../util/osu_util.o ../../../util/osu_util_mpi.o ../../../util/osu_util_graph.o ../../../util/osu_util_papi.o ../../../util/osu_util_validation.o  -L/opt/apps/resif/aion/2020b/epyc/software/GCCcore/10.2.0/lib64 -L/opt/apps/resif/aion/2020b/epyc/software/GCCcore/10.2.0/lib -lm -lpthread
libtool: link: mpicxx -O2 -ftree-vectorize -march=native -fno-math-errno -o osu_alltoallv osu_alltoallv.o ../../../util/osu_util.o ../../../util/osu_util_mpi.o ../../../util/osu_util_graph.o ../../../util/osu_util_papi.o ../../../util/osu_util_validation.o  -L/opt/apps/resif/aion/2020b/epyc/software/GCCcore/10.2.0/lib64 -L/opt/apps/resif/aion/2020b/epyc/software/GCCcore/10.2.0/lib -lm -lpthread
libtool: link: mpicxx -O2 -ftree-vectorize -march=native -fno-math-errno -o osu_scatterv osu_scatterv.o ../../../util/osu_util.o ../../../util/osu_util_mpi.o ../../../util/osu_util_graph.o ../../../util/osu_util_papi.o ../../../util/osu_util_validation.o  -L/opt/apps/resif/aion/2020b/epyc/software/GCCcore/10.2.0/lib64 -L/opt/apps/resif/aion/2020b/epyc/software/GCCcore/10.2.0/lib -lm -lpthread
make[4]: Leaving directory '/tmp/mghavami/OSUMicroBenchmarks/7.5/gompi-2020b/osu-micro-benchmarks-7.5/c/mpi/collective/blocking'
Making all in non_blocking
make[4]: Entering directory '/tmp/mghavami/OSUMicroBenchmarks/7.5/gompi-2020b/osu-micro-benchmarks-7.5/c/mpi/collective/non_blocking'
depbase=`echo osu_iallgather.o | sed 's|[^/]*$|.deps/&|;s|\.o$||'`;\
mpicc -DPACKAGE_NAME=\"OSU-Micro-Benchmarks\" -DPACKAGE_TARNAME=\"osu-micro-benchmarks\" -DPACKAGE_VERSION=\"7.5\" -DPACKAGE_STRING=\"OSU-Micro-Benchmarks\ 7.5\" -DPACKAGE_BUGREPORT=\"mvapich-discuss@cse.ohio-state.edu\" -DPACKAGE_URL=\"\" -DPACKAGE=\"osu-micro-benchmarks\" -DVERSION=\"7.5\" -DSTDC_HEADERS=1 -DHAVE_SYS_TYPES_H=1 -DHAVE_SYS_STAT_H=1 -DHAVE_STDLIB_H=1 -DHAVE_STRING_H=1 -DHAVE_MEMORY_H=1 -DHAVE_STRINGS_H=1 -DHAVE_INTTYPES_H=1 -DHAVE_STDINT_H=1 -DHAVE_UNISTD_H=1 -DHAVE_DLFCN_H=1 -DLT_OBJDIR=\".libs/\" -DHAVE_STDLIB_H=1 -DHAVE_STRING_H=1 -DHAVE_SYS_TIME_H=1 -DHAVE_UNISTD_H=1 -DHAVE_MATH_H=1 -DHAVE_GETPAGESIZE=1 -DHAVE_GETTIMEOFDAY=1 -DHAVE_MEMSET=1 -DHAVE_SQRT=1 -DFIELD_WIDTH=18 -DFLOAT_PRECISION=2 -I.    -I../../../../c/util  -O2 -ftree-vectorize -march=native -fno-math-errno -MT osu_iallgather.o -MD -MP -MF $depbase.Tpo -c -o osu_iallgather.o osu_iallgather.c &&\
mv -f $depbase.Tpo $depbase.Po
depbase=`echo osu_ibcast.o | sed 's|[^/]*$|.deps/&|;s|\.o$||'`;\
mpicc -DPACKAGE_NAME=\"OSU-Micro-Benchmarks\" -DPACKAGE_TARNAME=\"osu-micro-benchmarks\" -DPACKAGE_VERSION=\"7.5\" -DPACKAGE_STRING=\"OSU-Micro-Benchmarks\ 7.5\" -DPACKAGE_BUGREPORT=\"mvapich-discuss@cse.ohio-state.edu\" -DPACKAGE_URL=\"\" -DPACKAGE=\"osu-micro-benchmarks\" -DVERSION=\"7.5\" -DSTDC_HEADERS=1 -DHAVE_SYS_TYPES_H=1 -DHAVE_SYS_STAT_H=1 -DHAVE_STDLIB_H=1 -DHAVE_STRING_H=1 -DHAVE_MEMORY_H=1 -DHAVE_STRINGS_H=1 -DHAVE_INTTYPES_H=1 -DHAVE_STDINT_H=1 -DHAVE_UNISTD_H=1 -DHAVE_DLFCN_H=1 -DLT_OBJDIR=\".libs/\" -DHAVE_STDLIB_H=1 -DHAVE_STRING_H=1 -DHAVE_SYS_TIME_H=1 -DHAVE_UNISTD_H=1 -DHAVE_MATH_H=1 -DHAVE_GETPAGESIZE=1 -DHAVE_GETTIMEOFDAY=1 -DHAVE_MEMSET=1 -DHAVE_SQRT=1 -DFIELD_WIDTH=18 -DFLOAT_PRECISION=2 -I.    -I../../../../c/util  -O2 -ftree-vectorize -march=native -fno-math-errno -MT osu_ibcast.o -MD -MP -MF $depbase.Tpo -c -o osu_ibcast.o osu_ibcast.c &&\
mv -f $depbase.Tpo $depbase.Po
depbase=`echo osu_ialltoall.o | sed 's|[^/]*$|.deps/&|;s|\.o$||'`;\
mpicc -DPACKAGE_NAME=\"OSU-Micro-Benchmarks\" -DPACKAGE_TARNAME=\"osu-micro-benchmarks\" -DPACKAGE_VERSION=\"7.5\" -DPACKAGE_STRING=\"OSU-Micro-Benchmarks\ 7.5\" -DPACKAGE_BUGREPORT=\"mvapich-discuss@cse.ohio-state.edu\" -DPACKAGE_URL=\"\" -DPACKAGE=\"osu-micro-benchmarks\" -DVERSION=\"7.5\" -DSTDC_HEADERS=1 -DHAVE_SYS_TYPES_H=1 -DHAVE_SYS_STAT_H=1 -DHAVE_STDLIB_H=1 -DHAVE_STRING_H=1 -DHAVE_MEMORY_H=1 -DHAVE_STRINGS_H=1 -DHAVE_INTTYPES_H=1 -DHAVE_STDINT_H=1 -DHAVE_UNISTD_H=1 -DHAVE_DLFCN_H=1 -DLT_OBJDIR=\".libs/\" -DHAVE_STDLIB_H=1 -DHAVE_STRING_H=1 -DHAVE_SYS_TIME_H=1 -DHAVE_UNISTD_H=1 -DHAVE_MATH_H=1 -DHAVE_GETPAGESIZE=1 -DHAVE_GETTIMEOFDAY=1 -DHAVE_MEMSET=1 -DHAVE_SQRT=1 -DFIELD_WIDTH=18 -DFLOAT_PRECISION=2 -I.    -I../../../../c/util  -O2 -ftree-vectorize -march=native -fno-math-errno -MT osu_ialltoall.o -MD -MP -MF $depbase.Tpo -c -o osu_ialltoall.o osu_ialltoall.c &&\
mv -f $depbase.Tpo $depbase.Po
depbase=`echo osu_ibarrier.o | sed 's|[^/]*$|.deps/&|;s|\.o$||'`;\
mpicc -DPACKAGE_NAME=\"OSU-Micro-Benchmarks\" -DPACKAGE_TARNAME=\"osu-micro-benchmarks\" -DPACKAGE_VERSION=\"7.5\" -DPACKAGE_STRING=\"OSU-Micro-Benchmarks\ 7.5\" -DPACKAGE_BUGREPORT=\"mvapich-discuss@cse.ohio-state.edu\" -DPACKAGE_URL=\"\" -DPACKAGE=\"osu-micro-benchmarks\" -DVERSION=\"7.5\" -DSTDC_HEADERS=1 -DHAVE_SYS_TYPES_H=1 -DHAVE_SYS_STAT_H=1 -DHAVE_STDLIB_H=1 -DHAVE_STRING_H=1 -DHAVE_MEMORY_H=1 -DHAVE_STRINGS_H=1 -DHAVE_INTTYPES_H=1 -DHAVE_STDINT_H=1 -DHAVE_UNISTD_H=1 -DHAVE_DLFCN_H=1 -DLT_OBJDIR=\".libs/\" -DHAVE_STDLIB_H=1 -DHAVE_STRING_H=1 -DHAVE_SYS_TIME_H=1 -DHAVE_UNISTD_H=1 -DHAVE_MATH_H=1 -DHAVE_GETPAGESIZE=1 -DHAVE_GETTIMEOFDAY=1 -DHAVE_MEMSET=1 -DHAVE_SQRT=1 -DFIELD_WIDTH=18 -DFLOAT_PRECISION=2 -I.    -I../../../../c/util  -O2 -ftree-vectorize -march=native -fno-math-errno -MT osu_ibarrier.o -MD -MP -MF $depbase.Tpo -c -o osu_ibarrier.o osu_ibarrier.c &&\
mv -f $depbase.Tpo $depbase.Po
depbase=`echo osu_igather.o | sed 's|[^/]*$|.deps/&|;s|\.o$||'`;\
mpicc -DPACKAGE_NAME=\"OSU-Micro-Benchmarks\" -DPACKAGE_TARNAME=\"osu-micro-benchmarks\" -DPACKAGE_VERSION=\"7.5\" -DPACKAGE_STRING=\"OSU-Micro-Benchmarks\ 7.5\" -DPACKAGE_BUGREPORT=\"mvapich-discuss@cse.ohio-state.edu\" -DPACKAGE_URL=\"\" -DPACKAGE=\"osu-micro-benchmarks\" -DVERSION=\"7.5\" -DSTDC_HEADERS=1 -DHAVE_SYS_TYPES_H=1 -DHAVE_SYS_STAT_H=1 -DHAVE_STDLIB_H=1 -DHAVE_STRING_H=1 -DHAVE_MEMORY_H=1 -DHAVE_STRINGS_H=1 -DHAVE_INTTYPES_H=1 -DHAVE_STDINT_H=1 -DHAVE_UNISTD_H=1 -DHAVE_DLFCN_H=1 -DLT_OBJDIR=\".libs/\" -DHAVE_STDLIB_H=1 -DHAVE_STRING_H=1 -DHAVE_SYS_TIME_H=1 -DHAVE_UNISTD_H=1 -DHAVE_MATH_H=1 -DHAVE_GETPAGESIZE=1 -DHAVE_GETTIMEOFDAY=1 -DHAVE_MEMSET=1 -DHAVE_SQRT=1 -DFIELD_WIDTH=18 -DFLOAT_PRECISION=2 -I.    -I../../../../c/util  -O2 -ftree-vectorize -march=native -fno-math-errno -MT osu_igather.o -MD -MP -MF $depbase.Tpo -c -o osu_igather.o osu_igather.c &&\
mv -f $depbase.Tpo $depbase.Po
depbase=`echo osu_iscatter.o | sed 's|[^/]*$|.deps/&|;s|\.o$||'`;\
mpicc -DPACKAGE_NAME=\"OSU-Micro-Benchmarks\" -DPACKAGE_TARNAME=\"osu-micro-benchmarks\" -DPACKAGE_VERSION=\"7.5\" -DPACKAGE_STRING=\"OSU-Micro-Benchmarks\ 7.5\" -DPACKAGE_BUGREPORT=\"mvapich-discuss@cse.ohio-state.edu\" -DPACKAGE_URL=\"\" -DPACKAGE=\"osu-micro-benchmarks\" -DVERSION=\"7.5\" -DSTDC_HEADERS=1 -DHAVE_SYS_TYPES_H=1 -DHAVE_SYS_STAT_H=1 -DHAVE_STDLIB_H=1 -DHAVE_STRING_H=1 -DHAVE_MEMORY_H=1 -DHAVE_STRINGS_H=1 -DHAVE_INTTYPES_H=1 -DHAVE_STDINT_H=1 -DHAVE_UNISTD_H=1 -DHAVE_DLFCN_H=1 -DLT_OBJDIR=\".libs/\" -DHAVE_STDLIB_H=1 -DHAVE_STRING_H=1 -DHAVE_SYS_TIME_H=1 -DHAVE_UNISTD_H=1 -DHAVE_MATH_H=1 -DHAVE_GETPAGESIZE=1 -DHAVE_GETTIMEOFDAY=1 -DHAVE_MEMSET=1 -DHAVE_SQRT=1 -DFIELD_WIDTH=18 -DFLOAT_PRECISION=2 -I.    -I../../../../c/util  -O2 -ftree-vectorize -march=native -fno-math-errno -MT osu_iscatter.o -MD -MP -MF $depbase.Tpo -c -o osu_iscatter.o osu_iscatter.c &&\
mv -f $depbase.Tpo $depbase.Po
depbase=`echo osu_iscatterv.o | sed 's|[^/]*$|.deps/&|;s|\.o$||'`;\
mpicc -DPACKAGE_NAME=\"OSU-Micro-Benchmarks\" -DPACKAGE_TARNAME=\"osu-micro-benchmarks\" -DPACKAGE_VERSION=\"7.5\" -DPACKAGE_STRING=\"OSU-Micro-Benchmarks\ 7.5\" -DPACKAGE_BUGREPORT=\"mvapich-discuss@cse.ohio-state.edu\" -DPACKAGE_URL=\"\" -DPACKAGE=\"osu-micro-benchmarks\" -DVERSION=\"7.5\" -DSTDC_HEADERS=1 -DHAVE_SYS_TYPES_H=1 -DHAVE_SYS_STAT_H=1 -DHAVE_STDLIB_H=1 -DHAVE_STRING_H=1 -DHAVE_MEMORY_H=1 -DHAVE_STRINGS_H=1 -DHAVE_INTTYPES_H=1 -DHAVE_STDINT_H=1 -DHAVE_UNISTD_H=1 -DHAVE_DLFCN_H=1 -DLT_OBJDIR=\".libs/\" -DHAVE_STDLIB_H=1 -DHAVE_STRING_H=1 -DHAVE_SYS_TIME_H=1 -DHAVE_UNISTD_H=1 -DHAVE_MATH_H=1 -DHAVE_GETPAGESIZE=1 -DHAVE_GETTIMEOFDAY=1 -DHAVE_MEMSET=1 -DHAVE_SQRT=1 -DFIELD_WIDTH=18 -DFLOAT_PRECISION=2 -I.    -I../../../../c/util  -O2 -ftree-vectorize -march=native -fno-math-errno -MT osu_iscatterv.o -MD -MP -MF $depbase.Tpo -c -o osu_iscatterv.o osu_iscatterv.c &&\
mv -f $depbase.Tpo $depbase.Po
depbase=`echo osu_igatherv.o | sed 's|[^/]*$|.deps/&|;s|\.o$||'`;\
mpicc -DPACKAGE_NAME=\"OSU-Micro-Benchmarks\" -DPACKAGE_TARNAME=\"osu-micro-benchmarks\" -DPACKAGE_VERSION=\"7.5\" -DPACKAGE_STRING=\"OSU-Micro-Benchmarks\ 7.5\" -DPACKAGE_BUGREPORT=\"mvapich-discuss@cse.ohio-state.edu\" -DPACKAGE_URL=\"\" -DPACKAGE=\"osu-micro-benchmarks\" -DVERSION=\"7.5\" -DSTDC_HEADERS=1 -DHAVE_SYS_TYPES_H=1 -DHAVE_SYS_STAT_H=1 -DHAVE_STDLIB_H=1 -DHAVE_STRING_H=1 -DHAVE_MEMORY_H=1 -DHAVE_STRINGS_H=1 -DHAVE_INTTYPES_H=1 -DHAVE_STDINT_H=1 -DHAVE_UNISTD_H=1 -DHAVE_DLFCN_H=1 -DLT_OBJDIR=\".libs/\" -DHAVE_STDLIB_H=1 -DHAVE_STRING_H=1 -DHAVE_SYS_TIME_H=1 -DHAVE_UNISTD_H=1 -DHAVE_MATH_H=1 -DHAVE_GETPAGESIZE=1 -DHAVE_GETTIMEOFDAY=1 -DHAVE_MEMSET=1 -DHAVE_SQRT=1 -DFIELD_WIDTH=18 -DFLOAT_PRECISION=2 -I.    -I../../../../c/util  -O2 -ftree-vectorize -march=native -fno-math-errno -MT osu_igatherv.o -MD -MP -MF $depbase.Tpo -c -o osu_igatherv.o osu_igatherv.c &&\
mv -f $depbase.Tpo $depbase.Po
depbase=`echo osu_iallgatherv.o | sed 's|[^/]*$|.deps/&|;s|\.o$||'`;\
mpicc -DPACKAGE_NAME=\"OSU-Micro-Benchmarks\" -DPACKAGE_TARNAME=\"osu-micro-benchmarks\" -DPACKAGE_VERSION=\"7.5\" -DPACKAGE_STRING=\"OSU-Micro-Benchmarks\ 7.5\" -DPACKAGE_BUGREPORT=\"mvapich-discuss@cse.ohio-state.edu\" -DPACKAGE_URL=\"\" -DPACKAGE=\"osu-micro-benchmarks\" -DVERSION=\"7.5\" -DSTDC_HEADERS=1 -DHAVE_SYS_TYPES_H=1 -DHAVE_SYS_STAT_H=1 -DHAVE_STDLIB_H=1 -DHAVE_STRING_H=1 -DHAVE_MEMORY_H=1 -DHAVE_STRINGS_H=1 -DHAVE_INTTYPES_H=1 -DHAVE_STDINT_H=1 -DHAVE_UNISTD_H=1 -DHAVE_DLFCN_H=1 -DLT_OBJDIR=\".libs/\" -DHAVE_STDLIB_H=1 -DHAVE_STRING_H=1 -DHAVE_SYS_TIME_H=1 -DHAVE_UNISTD_H=1 -DHAVE_MATH_H=1 -DHAVE_GETPAGESIZE=1 -DHAVE_GETTIMEOFDAY=1 -DHAVE_MEMSET=1 -DHAVE_SQRT=1 -DFIELD_WIDTH=18 -DFLOAT_PRECISION=2 -I.    -I../../../../c/util  -O2 -ftree-vectorize -march=native -fno-math-errno -MT osu_iallgatherv.o -MD -MP -MF $depbase.Tpo -c -o osu_iallgatherv.o osu_iallgatherv.c &&\
mv -f $depbase.Tpo $depbase.Po
depbase=`echo osu_ialltoallv.o | sed 's|[^/]*$|.deps/&|;s|\.o$||'`;\
mpicc -DPACKAGE_NAME=\"OSU-Micro-Benchmarks\" -DPACKAGE_TARNAME=\"osu-micro-benchmarks\" -DPACKAGE_VERSION=\"7.5\" -DPACKAGE_STRING=\"OSU-Micro-Benchmarks\ 7.5\" -DPACKAGE_BUGREPORT=\"mvapich-discuss@cse.ohio-state.edu\" -DPACKAGE_URL=\"\" -DPACKAGE=\"osu-micro-benchmarks\" -DVERSION=\"7.5\" -DSTDC_HEADERS=1 -DHAVE_SYS_TYPES_H=1 -DHAVE_SYS_STAT_H=1 -DHAVE_STDLIB_H=1 -DHAVE_STRING_H=1 -DHAVE_MEMORY_H=1 -DHAVE_STRINGS_H=1 -DHAVE_INTTYPES_H=1 -DHAVE_STDINT_H=1 -DHAVE_UNISTD_H=1 -DHAVE_DLFCN_H=1 -DLT_OBJDIR=\".libs/\" -DHAVE_STDLIB_H=1 -DHAVE_STRING_H=1 -DHAVE_SYS_TIME_H=1 -DHAVE_UNISTD_H=1 -DHAVE_MATH_H=1 -DHAVE_GETPAGESIZE=1 -DHAVE_GETTIMEOFDAY=1 -DHAVE_MEMSET=1 -DHAVE_SQRT=1 -DFIELD_WIDTH=18 -DFLOAT_PRECISION=2 -I.    -I../../../../c/util  -O2 -ftree-vectorize -march=native -fno-math-errno -MT osu_ialltoallv.o -MD -MP -MF $depbase.Tpo -c -o osu_ialltoallv.o osu_ialltoallv.c &&\
mv -f $depbase.Tpo $depbase.Po
depbase=`echo osu_ialltoallw.o | sed 's|[^/]*$|.deps/&|;s|\.o$||'`;\
mpicc -DPACKAGE_NAME=\"OSU-Micro-Benchmarks\" -DPACKAGE_TARNAME=\"osu-micro-benchmarks\" -DPACKAGE_VERSION=\"7.5\" -DPACKAGE_STRING=\"OSU-Micro-Benchmarks\ 7.5\" -DPACKAGE_BUGREPORT=\"mvapich-discuss@cse.ohio-state.edu\" -DPACKAGE_URL=\"\" -DPACKAGE=\"osu-micro-benchmarks\" -DVERSION=\"7.5\" -DSTDC_HEADERS=1 -DHAVE_SYS_TYPES_H=1 -DHAVE_SYS_STAT_H=1 -DHAVE_STDLIB_H=1 -DHAVE_STRING_H=1 -DHAVE_MEMORY_H=1 -DHAVE_STRINGS_H=1 -DHAVE_INTTYPES_H=1 -DHAVE_STDINT_H=1 -DHAVE_UNISTD_H=1 -DHAVE_DLFCN_H=1 -DLT_OBJDIR=\".libs/\" -DHAVE_STDLIB_H=1 -DHAVE_STRING_H=1 -DHAVE_SYS_TIME_H=1 -DHAVE_UNISTD_H=1 -DHAVE_MATH_H=1 -DHAVE_GETPAGESIZE=1 -DHAVE_GETTIMEOFDAY=1 -DHAVE_MEMSET=1 -DHAVE_SQRT=1 -DFIELD_WIDTH=18 -DFLOAT_PRECISION=2 -I.    -I../../../../c/util  -O2 -ftree-vectorize -march=native -fno-math-errno -MT osu_ialltoallw.o -MD -MP -MF $depbase.Tpo -c -o osu_ialltoallw.o osu_ialltoallw.c &&\
mv -f $depbase.Tpo $depbase.Po
depbase=`echo osu_ireduce.o | sed 's|[^/]*$|.deps/&|;s|\.o$||'`;\
mpicc -DPACKAGE_NAME=\"OSU-Micro-Benchmarks\" -DPACKAGE_TARNAME=\"osu-micro-benchmarks\" -DPACKAGE_VERSION=\"7.5\" -DPACKAGE_STRING=\"OSU-Micro-Benchmarks\ 7.5\" -DPACKAGE_BUGREPORT=\"mvapich-discuss@cse.ohio-state.edu\" -DPACKAGE_URL=\"\" -DPACKAGE=\"osu-micro-benchmarks\" -DVERSION=\"7.5\" -DSTDC_HEADERS=1 -DHAVE_SYS_TYPES_H=1 -DHAVE_SYS_STAT_H=1 -DHAVE_STDLIB_H=1 -DHAVE_STRING_H=1 -DHAVE_MEMORY_H=1 -DHAVE_STRINGS_H=1 -DHAVE_INTTYPES_H=1 -DHAVE_STDINT_H=1 -DHAVE_UNISTD_H=1 -DHAVE_DLFCN_H=1 -DLT_OBJDIR=\".libs/\" -DHAVE_STDLIB_H=1 -DHAVE_STRING_H=1 -DHAVE_SYS_TIME_H=1 -DHAVE_UNISTD_H=1 -DHAVE_MATH_H=1 -DHAVE_GETPAGESIZE=1 -DHAVE_GETTIMEOFDAY=1 -DHAVE_MEMSET=1 -DHAVE_SQRT=1 -DFIELD_WIDTH=18 -DFLOAT_PRECISION=2 -I.    -I../../../../c/util  -O2 -ftree-vectorize -march=native -fno-math-errno -MT osu_ireduce.o -MD -MP -MF $depbase.Tpo -c -o osu_ireduce.o osu_ireduce.c &&\
mv -f $depbase.Tpo $depbase.Po
depbase=`echo osu_iallreduce.o | sed 's|[^/]*$|.deps/&|;s|\.o$||'`;\
mpicc -DPACKAGE_NAME=\"OSU-Micro-Benchmarks\" -DPACKAGE_TARNAME=\"osu-micro-benchmarks\" -DPACKAGE_VERSION=\"7.5\" -DPACKAGE_STRING=\"OSU-Micro-Benchmarks\ 7.5\" -DPACKAGE_BUGREPORT=\"mvapich-discuss@cse.ohio-state.edu\" -DPACKAGE_URL=\"\" -DPACKAGE=\"osu-micro-benchmarks\" -DVERSION=\"7.5\" -DSTDC_HEADERS=1 -DHAVE_SYS_TYPES_H=1 -DHAVE_SYS_STAT_H=1 -DHAVE_STDLIB_H=1 -DHAVE_STRING_H=1 -DHAVE_MEMORY_H=1 -DHAVE_STRINGS_H=1 -DHAVE_INTTYPES_H=1 -DHAVE_STDINT_H=1 -DHAVE_UNISTD_H=1 -DHAVE_DLFCN_H=1 -DLT_OBJDIR=\".libs/\" -DHAVE_STDLIB_H=1 -DHAVE_STRING_H=1 -DHAVE_SYS_TIME_H=1 -DHAVE_UNISTD_H=1 -DHAVE_MATH_H=1 -DHAVE_GETPAGESIZE=1 -DHAVE_GETTIMEOFDAY=1 -DHAVE_MEMSET=1 -DHAVE_SQRT=1 -DFIELD_WIDTH=18 -DFLOAT_PRECISION=2 -I.    -I../../../../c/util  -O2 -ftree-vectorize -march=native -fno-math-errno -MT osu_iallreduce.o -MD -MP -MF $depbase.Tpo -c -o osu_iallreduce.o osu_iallreduce.c &&\
mv -f $depbase.Tpo $depbase.Po
depbase=`echo osu_ireduce_scatter.o | sed 's|[^/]*$|.deps/&|;s|\.o$||'`;\
mpicc -DPACKAGE_NAME=\"OSU-Micro-Benchmarks\" -DPACKAGE_TARNAME=\"osu-micro-benchmarks\" -DPACKAGE_VERSION=\"7.5\" -DPACKAGE_STRING=\"OSU-Micro-Benchmarks\ 7.5\" -DPACKAGE_BUGREPORT=\"mvapich-discuss@cse.ohio-state.edu\" -DPACKAGE_URL=\"\" -DPACKAGE=\"osu-micro-benchmarks\" -DVERSION=\"7.5\" -DSTDC_HEADERS=1 -DHAVE_SYS_TYPES_H=1 -DHAVE_SYS_STAT_H=1 -DHAVE_STDLIB_H=1 -DHAVE_STRING_H=1 -DHAVE_MEMORY_H=1 -DHAVE_STRINGS_H=1 -DHAVE_INTTYPES_H=1 -DHAVE_STDINT_H=1 -DHAVE_UNISTD_H=1 -DHAVE_DLFCN_H=1 -DLT_OBJDIR=\".libs/\" -DHAVE_STDLIB_H=1 -DHAVE_STRING_H=1 -DHAVE_SYS_TIME_H=1 -DHAVE_UNISTD_H=1 -DHAVE_MATH_H=1 -DHAVE_GETPAGESIZE=1 -DHAVE_GETTIMEOFDAY=1 -DHAVE_MEMSET=1 -DHAVE_SQRT=1 -DFIELD_WIDTH=18 -DFLOAT_PRECISION=2 -I.    -I../../../../c/util  -O2 -ftree-vectorize -march=native -fno-math-errno -MT osu_ireduce_scatter.o -MD -MP -MF $depbase.Tpo -c -o osu_ireduce_scatter.o osu_ireduce_scatter.c &&\
mv -f $depbase.Tpo $depbase.Po
depbase=`echo osu_ireduce_scatter_block.o | sed 's|[^/]*$|.deps/&|;s|\.o$||'`;\
mpicc -DPACKAGE_NAME=\"OSU-Micro-Benchmarks\" -DPACKAGE_TARNAME=\"osu-micro-benchmarks\" -DPACKAGE_VERSION=\"7.5\" -DPACKAGE_STRING=\"OSU-Micro-Benchmarks\ 7.5\" -DPACKAGE_BUGREPORT=\"mvapich-discuss@cse.ohio-state.edu\" -DPACKAGE_URL=\"\" -DPACKAGE=\"osu-micro-benchmarks\" -DVERSION=\"7.5\" -DSTDC_HEADERS=1 -DHAVE_SYS_TYPES_H=1 -DHAVE_SYS_STAT_H=1 -DHAVE_STDLIB_H=1 -DHAVE_STRING_H=1 -DHAVE_MEMORY_H=1 -DHAVE_STRINGS_H=1 -DHAVE_INTTYPES_H=1 -DHAVE_STDINT_H=1 -DHAVE_UNISTD_H=1 -DHAVE_DLFCN_H=1 -DLT_OBJDIR=\".libs/\" -DHAVE_STDLIB_H=1 -DHAVE_STRING_H=1 -DHAVE_SYS_TIME_H=1 -DHAVE_UNISTD_H=1 -DHAVE_MATH_H=1 -DHAVE_GETPAGESIZE=1 -DHAVE_GETTIMEOFDAY=1 -DHAVE_MEMSET=1 -DHAVE_SQRT=1 -DFIELD_WIDTH=18 -DFLOAT_PRECISION=2 -I.    -I../../../../c/util  -O2 -ftree-vectorize -march=native -fno-math-errno -MT osu_ireduce_scatter_block.o -MD -MP -MF $depbase.Tpo -c -o osu_ireduce_scatter_block.o osu_ireduce_scatter_block.c &&\
mv -f $depbase.Tpo $depbase.Po
/bin/sh ../../../../libtool  --tag=CXX   --mode=link mpicxx  -O2 -ftree-vectorize -march=native -fno-math-errno  -L/opt/apps/resif/aion/2020b/epyc/software/GCCcore/10.2.0/lib64 -L/opt/apps/resif/aion/2020b/epyc/software/GCCcore/10.2.0/lib -o osu_iallreduce osu_iallreduce.o ../../../util/osu_util.o ../../../util/osu_util_mpi.o ../../../util/osu_util_graph.o ../../../util/osu_util_papi.o    -lm -lpthread
/bin/sh ../../../../libtool  --tag=CXX   --mode=link mpicxx  -O2 -ftree-vectorize -march=native -fno-math-errno  -L/opt/apps/resif/aion/2020b/epyc/software/GCCcore/10.2.0/lib64 -L/opt/apps/resif/aion/2020b/epyc/software/GCCcore/10.2.0/lib -o osu_ibarrier osu_ibarrier.o ../../../util/osu_util.o ../../../util/osu_util_mpi.o ../../../util/osu_util_graph.o ../../../util/osu_util_papi.o    -lm -lpthread
/bin/sh ../../../../libtool  --tag=CXX   --mode=link mpicxx  -O2 -ftree-vectorize -march=native -fno-math-errno  -L/opt/apps/resif/aion/2020b/epyc/software/GCCcore/10.2.0/lib64 -L/opt/apps/resif/aion/2020b/epyc/software/GCCcore/10.2.0/lib -o osu_iallgatherv osu_iallgatherv.o ../../../util/osu_util.o ../../../util/osu_util_mpi.o ../../../util/osu_util_graph.o ../../../util/osu_util_papi.o    -lm -lpthread
/bin/sh ../../../../libtool  --tag=CXX   --mode=link mpicxx  -O2 -ftree-vectorize -march=native -fno-math-errno  -L/opt/apps/resif/aion/2020b/epyc/software/GCCcore/10.2.0/lib64 -L/opt/apps/resif/aion/2020b/epyc/software/GCCcore/10.2.0/lib -o osu_ibcast osu_ibcast.o ../../../util/osu_util.o ../../../util/osu_util_mpi.o ../../../util/osu_util_graph.o ../../../util/osu_util_papi.o    -lm -lpthread
/bin/sh ../../../../libtool  --tag=CXX   --mode=link mpicxx  -O2 -ftree-vectorize -march=native -fno-math-errno  -L/opt/apps/resif/aion/2020b/epyc/software/GCCcore/10.2.0/lib64 -L/opt/apps/resif/aion/2020b/epyc/software/GCCcore/10.2.0/lib -o osu_ialltoallw osu_ialltoallw.o ../../../util/osu_util.o ../../../util/osu_util_mpi.o ../../../util/osu_util_graph.o ../../../util/osu_util_papi.o    -lm -lpthread
/bin/sh ../../../../libtool  --tag=CXX   --mode=link mpicxx  -O2 -ftree-vectorize -march=native -fno-math-errno  -L/opt/apps/resif/aion/2020b/epyc/software/GCCcore/10.2.0/lib64 -L/opt/apps/resif/aion/2020b/epyc/software/GCCcore/10.2.0/lib -o osu_ialltoallv osu_ialltoallv.o ../../../util/osu_util.o ../../../util/osu_util_mpi.o ../../../util/osu_util_graph.o ../../../util/osu_util_papi.o    -lm -lpthread
/bin/sh ../../../../libtool  --tag=CXX   --mode=link mpicxx  -O2 -ftree-vectorize -march=native -fno-math-errno  -L/opt/apps/resif/aion/2020b/epyc/software/GCCcore/10.2.0/lib64 -L/opt/apps/resif/aion/2020b/epyc/software/GCCcore/10.2.0/lib -o osu_iallgather osu_iallgather.o ../../../util/osu_util.o ../../../util/osu_util_mpi.o ../../../util/osu_util_graph.o ../../../util/osu_util_papi.o    -lm -lpthread
/bin/sh ../../../../libtool  --tag=CXX   --mode=link mpicxx  -O2 -ftree-vectorize -march=native -fno-math-errno  -L/opt/apps/resif/aion/2020b/epyc/software/GCCcore/10.2.0/lib64 -L/opt/apps/resif/aion/2020b/epyc/software/GCCcore/10.2.0/lib -o osu_ialltoall osu_ialltoall.o ../../../util/osu_util.o ../../../util/osu_util_mpi.o ../../../util/osu_util_graph.o ../../../util/osu_util_papi.o    -lm -lpthread
/bin/sh ../../../../libtool  --tag=CXX   --mode=link mpicxx  -O2 -ftree-vectorize -march=native -fno-math-errno  -L/opt/apps/resif/aion/2020b/epyc/software/GCCcore/10.2.0/lib64 -L/opt/apps/resif/aion/2020b/epyc/software/GCCcore/10.2.0/lib -o osu_igather osu_igather.o ../../../util/osu_util.o ../../../util/osu_util_mpi.o ../../../util/osu_util_graph.o ../../../util/osu_util_papi.o    -lm -lpthread
/bin/sh ../../../../libtool  --tag=CXX   --mode=link mpicxx  -O2 -ftree-vectorize -march=native -fno-math-errno  -L/opt/apps/resif/aion/2020b/epyc/software/GCCcore/10.2.0/lib64 -L/opt/apps/resif/aion/2020b/epyc/software/GCCcore/10.2.0/lib -o osu_ireduce osu_ireduce.o ../../../util/osu_util.o ../../../util/osu_util_mpi.o ../../../util/osu_util_graph.o ../../../util/osu_util_papi.o    -lm -lpthread
/bin/sh ../../../../libtool  --tag=CXX   --mode=link mpicxx  -O2 -ftree-vectorize -march=native -fno-math-errno  -L/opt/apps/resif/aion/2020b/epyc/software/GCCcore/10.2.0/lib64 -L/opt/apps/resif/aion/2020b/epyc/software/GCCcore/10.2.0/lib -o osu_igatherv osu_igatherv.o ../../../util/osu_util.o ../../../util/osu_util_mpi.o ../../../util/osu_util_graph.o ../../../util/osu_util_papi.o    -lm -lpthread
/bin/sh ../../../../libtool  --tag=CXX   --mode=link mpicxx  -O2 -ftree-vectorize -march=native -fno-math-errno  -L/opt/apps/resif/aion/2020b/epyc/software/GCCcore/10.2.0/lib64 -L/opt/apps/resif/aion/2020b/epyc/software/GCCcore/10.2.0/lib -o osu_iscatter osu_iscatter.o ../../../util/osu_util.o ../../../util/osu_util_mpi.o ../../../util/osu_util_graph.o ../../../util/osu_util_papi.o    -lm -lpthread
/bin/sh ../../../../libtool  --tag=CXX   --mode=link mpicxx  -O2 -ftree-vectorize -march=native -fno-math-errno  -L/opt/apps/resif/aion/2020b/epyc/software/GCCcore/10.2.0/lib64 -L/opt/apps/resif/aion/2020b/epyc/software/GCCcore/10.2.0/lib -o osu_ireduce_scatter osu_ireduce_scatter.o ../../../util/osu_util.o ../../../util/osu_util_mpi.o ../../../util/osu_util_graph.o ../../../util/osu_util_papi.o    -lm -lpthread
/bin/sh ../../../../libtool  --tag=CXX   --mode=link mpicxx  -O2 -ftree-vectorize -march=native -fno-math-errno  -L/opt/apps/resif/aion/2020b/epyc/software/GCCcore/10.2.0/lib64 -L/opt/apps/resif/aion/2020b/epyc/software/GCCcore/10.2.0/lib -o osu_iscatterv osu_iscatterv.o ../../../util/osu_util.o ../../../util/osu_util_mpi.o ../../../util/osu_util_graph.o ../../../util/osu_util_papi.o    -lm -lpthread
/bin/sh ../../../../libtool  --tag=CXX   --mode=link mpicxx  -O2 -ftree-vectorize -march=native -fno-math-errno  -L/opt/apps/resif/aion/2020b/epyc/software/GCCcore/10.2.0/lib64 -L/opt/apps/resif/aion/2020b/epyc/software/GCCcore/10.2.0/lib -o osu_ireduce_scatter_block osu_ireduce_scatter_block.o ../../../util/osu_util.o ../../../util/osu_util_mpi.o ../../../util/osu_util_graph.o ../../../util/osu_util_papi.o    -lm -lpthread
libtool: link: mpicxx -O2 -ftree-vectorize -march=native -fno-math-errno -o osu_igather osu_igather.o ../../../util/osu_util.o ../../../util/osu_util_mpi.o ../../../util/osu_util_graph.o ../../../util/osu_util_papi.o  -L/opt/apps/resif/aion/2020b/epyc/software/GCCcore/10.2.0/lib64 -L/opt/apps/resif/aion/2020b/epyc/software/GCCcore/10.2.0/lib -lm -lpthread
libtool: link: mpicxx -O2 -ftree-vectorize -march=native -fno-math-errno -o osu_ialltoallw osu_ialltoallw.o ../../../util/osu_util.o ../../../util/osu_util_mpi.o ../../../util/osu_util_graph.o ../../../util/osu_util_papi.o  -L/opt/apps/resif/aion/2020b/epyc/software/GCCcore/10.2.0/lib64 -L/opt/apps/resif/aion/2020b/epyc/software/GCCcore/10.2.0/lib -lm -lpthread
libtool: link: mpicxx -O2 -ftree-vectorize -march=native -fno-math-errno -o osu_ibcast osu_ibcast.o ../../../util/osu_util.o ../../../util/osu_util_mpi.o ../../../util/osu_util_graph.o ../../../util/osu_util_papi.o  -L/opt/apps/resif/aion/2020b/epyc/software/GCCcore/10.2.0/lib64 -L/opt/apps/resif/aion/2020b/epyc/software/GCCcore/10.2.0/lib -lm -lpthread
libtool: link: mpicxx -O2 -ftree-vectorize -march=native -fno-math-errno -o osu_iallreduce osu_iallreduce.o ../../../util/osu_util.o ../../../util/osu_util_mpi.o ../../../util/osu_util_graph.o ../../../util/osu_util_papi.o  -L/opt/apps/resif/aion/2020b/epyc/software/GCCcore/10.2.0/lib64 -L/opt/apps/resif/aion/2020b/epyc/software/GCCcore/10.2.0/lib -lm -lpthread
libtool: link: mpicxx -O2 -ftree-vectorize -march=native -fno-math-errno -o osu_iallgather osu_iallgather.o ../../../util/osu_util.o ../../../util/osu_util_mpi.o ../../../util/osu_util_graph.o ../../../util/osu_util_papi.o  -L/opt/apps/resif/aion/2020b/epyc/software/GCCcore/10.2.0/lib64 -L/opt/apps/resif/aion/2020b/epyc/software/GCCcore/10.2.0/lib -lm -lpthread
libtool: link: mpicxx -O2 -ftree-vectorize -march=native -fno-math-errno -o osu_ibarrier osu_ibarrier.o ../../../util/osu_util.o ../../../util/osu_util_mpi.o ../../../util/osu_util_graph.o ../../../util/osu_util_papi.o  -L/opt/apps/resif/aion/2020b/epyc/software/GCCcore/10.2.0/lib64 -L/opt/apps/resif/aion/2020b/epyc/software/GCCcore/10.2.0/lib -lm -lpthread
libtool: link: mpicxx -O2 -ftree-vectorize -march=native -fno-math-errno -o osu_ireduce osu_ireduce.o ../../../util/osu_util.o ../../../util/osu_util_mpi.o ../../../util/osu_util_graph.o ../../../util/osu_util_papi.o  -L/opt/apps/resif/aion/2020b/epyc/software/GCCcore/10.2.0/lib64 -L/opt/apps/resif/aion/2020b/epyc/software/GCCcore/10.2.0/lib -lm -lpthread
libtool: link: mpicxx -O2 -ftree-vectorize -march=native -fno-math-errno -o osu_iscatter osu_iscatter.o ../../../util/osu_util.o ../../../util/osu_util_mpi.o ../../../util/osu_util_graph.o ../../../util/osu_util_papi.o  -L/opt/apps/resif/aion/2020b/epyc/software/GCCcore/10.2.0/lib64 -L/opt/apps/resif/aion/2020b/epyc/software/GCCcore/10.2.0/lib -lm -lpthread
libtool: link: mpicxx -O2 -ftree-vectorize -march=native -fno-math-errno -o osu_ialltoallv osu_ialltoallv.o ../../../util/osu_util.o ../../../util/osu_util_mpi.o ../../../util/osu_util_graph.o ../../../util/osu_util_papi.o  -L/opt/apps/resif/aion/2020b/epyc/software/GCCcore/10.2.0/lib64 -L/opt/apps/resif/aion/2020b/epyc/software/GCCcore/10.2.0/lib -lm -lpthread
libtool: link: mpicxx -O2 -ftree-vectorize -march=native -fno-math-errno -o osu_igatherv osu_igatherv.o ../../../util/osu_util.o ../../../util/osu_util_mpi.o ../../../util/osu_util_graph.o ../../../util/osu_util_papi.o  -L/opt/apps/resif/aion/2020b/epyc/software/GCCcore/10.2.0/lib64 -L/opt/apps/resif/aion/2020b/epyc/software/GCCcore/10.2.0/lib -lm -lpthread
libtool: link: mpicxx -O2 -ftree-vectorize -march=native -fno-math-errno -o osu_iallgatherv osu_iallgatherv.o ../../../util/osu_util.o ../../../util/osu_util_mpi.o ../../../util/osu_util_graph.o ../../../util/osu_util_papi.o  -L/opt/apps/resif/aion/2020b/epyc/software/GCCcore/10.2.0/lib64 -L/opt/apps/resif/aion/2020b/epyc/software/GCCcore/10.2.0/lib -lm -lpthread
libtool: link: mpicxx -O2 -ftree-vectorize -march=native -fno-math-errno -o osu_ireduce_scatter osu_ireduce_scatter.o ../../../util/osu_util.o ../../../util/osu_util_mpi.o ../../../util/osu_util_graph.o ../../../util/osu_util_papi.o  -L/opt/apps/resif/aion/2020b/epyc/software/GCCcore/10.2.0/lib64 -L/opt/apps/resif/aion/2020b/epyc/software/GCCcore/10.2.0/lib -lm -lpthread
libtool: link: mpicxx -O2 -ftree-vectorize -march=native -fno-math-errno -o osu_iscatterv osu_iscatterv.o ../../../util/osu_util.o ../../../util/osu_util_mpi.o ../../../util/osu_util_graph.o ../../../util/osu_util_papi.o  -L/opt/apps/resif/aion/2020b/epyc/software/GCCcore/10.2.0/lib64 -L/opt/apps/resif/aion/2020b/epyc/software/GCCcore/10.2.0/lib -lm -lpthread
libtool: link: mpicxx -O2 -ftree-vectorize -march=native -fno-math-errno -o osu_ialltoall osu_ialltoall.o ../../../util/osu_util.o ../../../util/osu_util_mpi.o ../../../util/osu_util_graph.o ../../../util/osu_util_papi.o  -L/opt/apps/resif/aion/2020b/epyc/software/GCCcore/10.2.0/lib64 -L/opt/apps/resif/aion/2020b/epyc/software/GCCcore/10.2.0/lib -lm -lpthread
libtool: link: mpicxx -O2 -ftree-vectorize -march=native -fno-math-errno -o osu_ireduce_scatter_block osu_ireduce_scatter_block.o ../../../util/osu_util.o ../../../util/osu_util_mpi.o ../../../util/osu_util_graph.o ../../../util/osu_util_papi.o  -L/opt/apps/resif/aion/2020b/epyc/software/GCCcore/10.2.0/lib64 -L/opt/apps/resif/aion/2020b/epyc/software/GCCcore/10.2.0/lib -lm -lpthread
make[4]: Leaving directory '/tmp/mghavami/OSUMicroBenchmarks/7.5/gompi-2020b/osu-micro-benchmarks-7.5/c/mpi/collective/non_blocking'
make[4]: Entering directory '/tmp/mghavami/OSUMicroBenchmarks/7.5/gompi-2020b/osu-micro-benchmarks-7.5/c/mpi/collective'
make[4]: Nothing to be done for 'all-am'.
make[4]: Leaving directory '/tmp/mghavami/OSUMicroBenchmarks/7.5/gompi-2020b/osu-micro-benchmarks-7.5/c/mpi/collective'
make[3]: Leaving directory '/tmp/mghavami/OSUMicroBenchmarks/7.5/gompi-2020b/osu-micro-benchmarks-7.5/c/mpi/collective'
Making all in startup
make[3]: Entering directory '/tmp/mghavami/OSUMicroBenchmarks/7.5/gompi-2020b/osu-micro-benchmarks-7.5/c/mpi/startup'
depbase=`echo osu_init.o | sed 's|[^/]*$|.deps/&|;s|\.o$||'`;\
mpicc -DPACKAGE_NAME=\"OSU-Micro-Benchmarks\" -DPACKAGE_TARNAME=\"osu-micro-benchmarks\" -DPACKAGE_VERSION=\"7.5\" -DPACKAGE_STRING=\"OSU-Micro-Benchmarks\ 7.5\" -DPACKAGE_BUGREPORT=\"mvapich-discuss@cse.ohio-state.edu\" -DPACKAGE_URL=\"\" -DPACKAGE=\"osu-micro-benchmarks\" -DVERSION=\"7.5\" -DSTDC_HEADERS=1 -DHAVE_SYS_TYPES_H=1 -DHAVE_SYS_STAT_H=1 -DHAVE_STDLIB_H=1 -DHAVE_STRING_H=1 -DHAVE_MEMORY_H=1 -DHAVE_STRINGS_H=1 -DHAVE_INTTYPES_H=1 -DHAVE_STDINT_H=1 -DHAVE_UNISTD_H=1 -DHAVE_DLFCN_H=1 -DLT_OBJDIR=\".libs/\" -DHAVE_STDLIB_H=1 -DHAVE_STRING_H=1 -DHAVE_SYS_TIME_H=1 -DHAVE_UNISTD_H=1 -DHAVE_MATH_H=1 -DHAVE_GETPAGESIZE=1 -DHAVE_GETTIMEOFDAY=1 -DHAVE_MEMSET=1 -DHAVE_SQRT=1 -DFIELD_WIDTH=18 -DFLOAT_PRECISION=2 -I.    -I../../../c/util  -O2 -ftree-vectorize -march=native -fno-math-errno -MT osu_init.o -MD -MP -MF $depbase.Tpo -c -o osu_init.o osu_init.c &&\
mv -f $depbase.Tpo $depbase.Po
depbase=`echo osu_hello.o | sed 's|[^/]*$|.deps/&|;s|\.o$||'`;\
mpicc -DPACKAGE_NAME=\"OSU-Micro-Benchmarks\" -DPACKAGE_TARNAME=\"osu-micro-benchmarks\" -DPACKAGE_VERSION=\"7.5\" -DPACKAGE_STRING=\"OSU-Micro-Benchmarks\ 7.5\" -DPACKAGE_BUGREPORT=\"mvapich-discuss@cse.ohio-state.edu\" -DPACKAGE_URL=\"\" -DPACKAGE=\"osu-micro-benchmarks\" -DVERSION=\"7.5\" -DSTDC_HEADERS=1 -DHAVE_SYS_TYPES_H=1 -DHAVE_SYS_STAT_H=1 -DHAVE_STDLIB_H=1 -DHAVE_STRING_H=1 -DHAVE_MEMORY_H=1 -DHAVE_STRINGS_H=1 -DHAVE_INTTYPES_H=1 -DHAVE_STDINT_H=1 -DHAVE_UNISTD_H=1 -DHAVE_DLFCN_H=1 -DLT_OBJDIR=\".libs/\" -DHAVE_STDLIB_H=1 -DHAVE_STRING_H=1 -DHAVE_SYS_TIME_H=1 -DHAVE_UNISTD_H=1 -DHAVE_MATH_H=1 -DHAVE_GETPAGESIZE=1 -DHAVE_GETTIMEOFDAY=1 -DHAVE_MEMSET=1 -DHAVE_SQRT=1 -DFIELD_WIDTH=18 -DFLOAT_PRECISION=2 -I.    -I../../../c/util  -O2 -ftree-vectorize -march=native -fno-math-errno -MT osu_hello.o -MD -MP -MF $depbase.Tpo -c -o osu_hello.o osu_hello.c &&\
mv -f $depbase.Tpo $depbase.Po
/bin/sh ../../../libtool  --tag=CC   --mode=link mpicc -I../../../c/util  -O2 -ftree-vectorize -march=native -fno-math-errno  -L/opt/apps/resif/aion/2020b/epyc/software/GCCcore/10.2.0/lib64 -L/opt/apps/resif/aion/2020b/epyc/software/GCCcore/10.2.0/lib -o osu_hello osu_hello.o  -lm -lpthread
/bin/sh ../../../libtool  --tag=CXX   --mode=link mpicxx  -O2 -ftree-vectorize -march=native -fno-math-errno  -L/opt/apps/resif/aion/2020b/epyc/software/GCCcore/10.2.0/lib64 -L/opt/apps/resif/aion/2020b/epyc/software/GCCcore/10.2.0/lib -o osu_init osu_init.o ../../util/osu_util.o ../../util/osu_util_mpi.o ../../util/osu_util_papi.o    -lm -lpthread
libtool: link: mpicc -I../../../c/util -O2 -ftree-vectorize -march=native -fno-math-errno -o osu_hello osu_hello.o  -L/opt/apps/resif/aion/2020b/epyc/software/GCCcore/10.2.0/lib64 -L/opt/apps/resif/aion/2020b/epyc/software/GCCcore/10.2.0/lib -lm -lpthread
libtool: link: mpicxx -O2 -ftree-vectorize -march=native -fno-math-errno -o osu_init osu_init.o ../../util/osu_util.o ../../util/osu_util_mpi.o ../../util/osu_util_papi.o  -L/opt/apps/resif/aion/2020b/epyc/software/GCCcore/10.2.0/lib64 -L/opt/apps/resif/aion/2020b/epyc/software/GCCcore/10.2.0/lib -lm -lpthread
make[3]: Leaving directory '/tmp/mghavami/OSUMicroBenchmarks/7.5/gompi-2020b/osu-micro-benchmarks-7.5/c/mpi/startup'
Making all in one-sided
make[3]: Entering directory '/tmp/mghavami/OSUMicroBenchmarks/7.5/gompi-2020b/osu-micro-benchmarks-7.5/c/mpi/one-sided'
depbase=`echo osu_acc_latency.o | sed 's|[^/]*$|.deps/&|;s|\.o$||'`;\
mpicc -DPACKAGE_NAME=\"OSU-Micro-Benchmarks\" -DPACKAGE_TARNAME=\"osu-micro-benchmarks\" -DPACKAGE_VERSION=\"7.5\" -DPACKAGE_STRING=\"OSU-Micro-Benchmarks\ 7.5\" -DPACKAGE_BUGREPORT=\"mvapich-discuss@cse.ohio-state.edu\" -DPACKAGE_URL=\"\" -DPACKAGE=\"osu-micro-benchmarks\" -DVERSION=\"7.5\" -DSTDC_HEADERS=1 -DHAVE_SYS_TYPES_H=1 -DHAVE_SYS_STAT_H=1 -DHAVE_STDLIB_H=1 -DHAVE_STRING_H=1 -DHAVE_MEMORY_H=1 -DHAVE_STRINGS_H=1 -DHAVE_INTTYPES_H=1 -DHAVE_STDINT_H=1 -DHAVE_UNISTD_H=1 -DHAVE_DLFCN_H=1 -DLT_OBJDIR=\".libs/\" -DHAVE_STDLIB_H=1 -DHAVE_STRING_H=1 -DHAVE_SYS_TIME_H=1 -DHAVE_UNISTD_H=1 -DHAVE_MATH_H=1 -DHAVE_GETPAGESIZE=1 -DHAVE_GETTIMEOFDAY=1 -DHAVE_MEMSET=1 -DHAVE_SQRT=1 -DFIELD_WIDTH=18 -DFLOAT_PRECISION=2 -I.    -I../../../c/util  -O2 -ftree-vectorize -march=native -fno-math-errno -MT osu_acc_latency.o -MD -MP -MF $depbase.Tpo -c -o osu_acc_latency.o osu_acc_latency.c &&\
mv -f $depbase.Tpo $depbase.Po
depbase=`echo osu_get_bw.o | sed 's|[^/]*$|.deps/&|;s|\.o$||'`;\
mpicc -DPACKAGE_NAME=\"OSU-Micro-Benchmarks\" -DPACKAGE_TARNAME=\"osu-micro-benchmarks\" -DPACKAGE_VERSION=\"7.5\" -DPACKAGE_STRING=\"OSU-Micro-Benchmarks\ 7.5\" -DPACKAGE_BUGREPORT=\"mvapich-discuss@cse.ohio-state.edu\" -DPACKAGE_URL=\"\" -DPACKAGE=\"osu-micro-benchmarks\" -DVERSION=\"7.5\" -DSTDC_HEADERS=1 -DHAVE_SYS_TYPES_H=1 -DHAVE_SYS_STAT_H=1 -DHAVE_STDLIB_H=1 -DHAVE_STRING_H=1 -DHAVE_MEMORY_H=1 -DHAVE_STRINGS_H=1 -DHAVE_INTTYPES_H=1 -DHAVE_STDINT_H=1 -DHAVE_UNISTD_H=1 -DHAVE_DLFCN_H=1 -DLT_OBJDIR=\".libs/\" -DHAVE_STDLIB_H=1 -DHAVE_STRING_H=1 -DHAVE_SYS_TIME_H=1 -DHAVE_UNISTD_H=1 -DHAVE_MATH_H=1 -DHAVE_GETPAGESIZE=1 -DHAVE_GETTIMEOFDAY=1 -DHAVE_MEMSET=1 -DHAVE_SQRT=1 -DFIELD_WIDTH=18 -DFLOAT_PRECISION=2 -I.    -I../../../c/util  -O2 -ftree-vectorize -march=native -fno-math-errno -MT osu_get_bw.o -MD -MP -MF $depbase.Tpo -c -o osu_get_bw.o osu_get_bw.c &&\
mv -f $depbase.Tpo $depbase.Po
depbase=`echo osu_get_latency.o | sed 's|[^/]*$|.deps/&|;s|\.o$||'`;\
mpicc -DPACKAGE_NAME=\"OSU-Micro-Benchmarks\" -DPACKAGE_TARNAME=\"osu-micro-benchmarks\" -DPACKAGE_VERSION=\"7.5\" -DPACKAGE_STRING=\"OSU-Micro-Benchmarks\ 7.5\" -DPACKAGE_BUGREPORT=\"mvapich-discuss@cse.ohio-state.edu\" -DPACKAGE_URL=\"\" -DPACKAGE=\"osu-micro-benchmarks\" -DVERSION=\"7.5\" -DSTDC_HEADERS=1 -DHAVE_SYS_TYPES_H=1 -DHAVE_SYS_STAT_H=1 -DHAVE_STDLIB_H=1 -DHAVE_STRING_H=1 -DHAVE_MEMORY_H=1 -DHAVE_STRINGS_H=1 -DHAVE_INTTYPES_H=1 -DHAVE_STDINT_H=1 -DHAVE_UNISTD_H=1 -DHAVE_DLFCN_H=1 -DLT_OBJDIR=\".libs/\" -DHAVE_STDLIB_H=1 -DHAVE_STRING_H=1 -DHAVE_SYS_TIME_H=1 -DHAVE_UNISTD_H=1 -DHAVE_MATH_H=1 -DHAVE_GETPAGESIZE=1 -DHAVE_GETTIMEOFDAY=1 -DHAVE_MEMSET=1 -DHAVE_SQRT=1 -DFIELD_WIDTH=18 -DFLOAT_PRECISION=2 -I.    -I../../../c/util  -O2 -ftree-vectorize -march=native -fno-math-errno -MT osu_get_latency.o -MD -MP -MF $depbase.Tpo -c -o osu_get_latency.o osu_get_latency.c &&\
mv -f $depbase.Tpo $depbase.Po
depbase=`echo osu_put_bibw.o | sed 's|[^/]*$|.deps/&|;s|\.o$||'`;\
mpicc -DPACKAGE_NAME=\"OSU-Micro-Benchmarks\" -DPACKAGE_TARNAME=\"osu-micro-benchmarks\" -DPACKAGE_VERSION=\"7.5\" -DPACKAGE_STRING=\"OSU-Micro-Benchmarks\ 7.5\" -DPACKAGE_BUGREPORT=\"mvapich-discuss@cse.ohio-state.edu\" -DPACKAGE_URL=\"\" -DPACKAGE=\"osu-micro-benchmarks\" -DVERSION=\"7.5\" -DSTDC_HEADERS=1 -DHAVE_SYS_TYPES_H=1 -DHAVE_SYS_STAT_H=1 -DHAVE_STDLIB_H=1 -DHAVE_STRING_H=1 -DHAVE_MEMORY_H=1 -DHAVE_STRINGS_H=1 -DHAVE_INTTYPES_H=1 -DHAVE_STDINT_H=1 -DHAVE_UNISTD_H=1 -DHAVE_DLFCN_H=1 -DLT_OBJDIR=\".libs/\" -DHAVE_STDLIB_H=1 -DHAVE_STRING_H=1 -DHAVE_SYS_TIME_H=1 -DHAVE_UNISTD_H=1 -DHAVE_MATH_H=1 -DHAVE_GETPAGESIZE=1 -DHAVE_GETTIMEOFDAY=1 -DHAVE_MEMSET=1 -DHAVE_SQRT=1 -DFIELD_WIDTH=18 -DFLOAT_PRECISION=2 -I.    -I../../../c/util  -O2 -ftree-vectorize -march=native -fno-math-errno -MT osu_put_bibw.o -MD -MP -MF $depbase.Tpo -c -o osu_put_bibw.o osu_put_bibw.c &&\
mv -f $depbase.Tpo $depbase.Po
depbase=`echo osu_put_bw.o | sed 's|[^/]*$|.deps/&|;s|\.o$||'`;\
mpicc -DPACKAGE_NAME=\"OSU-Micro-Benchmarks\" -DPACKAGE_TARNAME=\"osu-micro-benchmarks\" -DPACKAGE_VERSION=\"7.5\" -DPACKAGE_STRING=\"OSU-Micro-Benchmarks\ 7.5\" -DPACKAGE_BUGREPORT=\"mvapich-discuss@cse.ohio-state.edu\" -DPACKAGE_URL=\"\" -DPACKAGE=\"osu-micro-benchmarks\" -DVERSION=\"7.5\" -DSTDC_HEADERS=1 -DHAVE_SYS_TYPES_H=1 -DHAVE_SYS_STAT_H=1 -DHAVE_STDLIB_H=1 -DHAVE_STRING_H=1 -DHAVE_MEMORY_H=1 -DHAVE_STRINGS_H=1 -DHAVE_INTTYPES_H=1 -DHAVE_STDINT_H=1 -DHAVE_UNISTD_H=1 -DHAVE_DLFCN_H=1 -DLT_OBJDIR=\".libs/\" -DHAVE_STDLIB_H=1 -DHAVE_STRING_H=1 -DHAVE_SYS_TIME_H=1 -DHAVE_UNISTD_H=1 -DHAVE_MATH_H=1 -DHAVE_GETPAGESIZE=1 -DHAVE_GETTIMEOFDAY=1 -DHAVE_MEMSET=1 -DHAVE_SQRT=1 -DFIELD_WIDTH=18 -DFLOAT_PRECISION=2 -I.    -I../../../c/util  -O2 -ftree-vectorize -march=native -fno-math-errno -MT osu_put_bw.o -MD -MP -MF $depbase.Tpo -c -o osu_put_bw.o osu_put_bw.c &&\
mv -f $depbase.Tpo $depbase.Po
depbase=`echo osu_put_latency.o | sed 's|[^/]*$|.deps/&|;s|\.o$||'`;\
mpicc -DPACKAGE_NAME=\"OSU-Micro-Benchmarks\" -DPACKAGE_TARNAME=\"osu-micro-benchmarks\" -DPACKAGE_VERSION=\"7.5\" -DPACKAGE_STRING=\"OSU-Micro-Benchmarks\ 7.5\" -DPACKAGE_BUGREPORT=\"mvapich-discuss@cse.ohio-state.edu\" -DPACKAGE_URL=\"\" -DPACKAGE=\"osu-micro-benchmarks\" -DVERSION=\"7.5\" -DSTDC_HEADERS=1 -DHAVE_SYS_TYPES_H=1 -DHAVE_SYS_STAT_H=1 -DHAVE_STDLIB_H=1 -DHAVE_STRING_H=1 -DHAVE_MEMORY_H=1 -DHAVE_STRINGS_H=1 -DHAVE_INTTYPES_H=1 -DHAVE_STDINT_H=1 -DHAVE_UNISTD_H=1 -DHAVE_DLFCN_H=1 -DLT_OBJDIR=\".libs/\" -DHAVE_STDLIB_H=1 -DHAVE_STRING_H=1 -DHAVE_SYS_TIME_H=1 -DHAVE_UNISTD_H=1 -DHAVE_MATH_H=1 -DHAVE_GETPAGESIZE=1 -DHAVE_GETTIMEOFDAY=1 -DHAVE_MEMSET=1 -DHAVE_SQRT=1 -DFIELD_WIDTH=18 -DFLOAT_PRECISION=2 -I.    -I../../../c/util  -O2 -ftree-vectorize -march=native -fno-math-errno -MT osu_put_latency.o -MD -MP -MF $depbase.Tpo -c -o osu_put_latency.o osu_put_latency.c &&\
mv -f $depbase.Tpo $depbase.Po
depbase=`echo osu_get_acc_latency.o | sed 's|[^/]*$|.deps/&|;s|\.o$||'`;\
mpicc -DPACKAGE_NAME=\"OSU-Micro-Benchmarks\" -DPACKAGE_TARNAME=\"osu-micro-benchmarks\" -DPACKAGE_VERSION=\"7.5\" -DPACKAGE_STRING=\"OSU-Micro-Benchmarks\ 7.5\" -DPACKAGE_BUGREPORT=\"mvapich-discuss@cse.ohio-state.edu\" -DPACKAGE_URL=\"\" -DPACKAGE=\"osu-micro-benchmarks\" -DVERSION=\"7.5\" -DSTDC_HEADERS=1 -DHAVE_SYS_TYPES_H=1 -DHAVE_SYS_STAT_H=1 -DHAVE_STDLIB_H=1 -DHAVE_STRING_H=1 -DHAVE_MEMORY_H=1 -DHAVE_STRINGS_H=1 -DHAVE_INTTYPES_H=1 -DHAVE_STDINT_H=1 -DHAVE_UNISTD_H=1 -DHAVE_DLFCN_H=1 -DLT_OBJDIR=\".libs/\" -DHAVE_STDLIB_H=1 -DHAVE_STRING_H=1 -DHAVE_SYS_TIME_H=1 -DHAVE_UNISTD_H=1 -DHAVE_MATH_H=1 -DHAVE_GETPAGESIZE=1 -DHAVE_GETTIMEOFDAY=1 -DHAVE_MEMSET=1 -DHAVE_SQRT=1 -DFIELD_WIDTH=18 -DFLOAT_PRECISION=2 -I.    -I../../../c/util  -O2 -ftree-vectorize -march=native -fno-math-errno -MT osu_get_acc_latency.o -MD -MP -MF $depbase.Tpo -c -o osu_get_acc_latency.o osu_get_acc_latency.c &&\
mv -f $depbase.Tpo $depbase.Po
depbase=`echo osu_fop_latency.o | sed 's|[^/]*$|.deps/&|;s|\.o$||'`;\
mpicc -DPACKAGE_NAME=\"OSU-Micro-Benchmarks\" -DPACKAGE_TARNAME=\"osu-micro-benchmarks\" -DPACKAGE_VERSION=\"7.5\" -DPACKAGE_STRING=\"OSU-Micro-Benchmarks\ 7.5\" -DPACKAGE_BUGREPORT=\"mvapich-discuss@cse.ohio-state.edu\" -DPACKAGE_URL=\"\" -DPACKAGE=\"osu-micro-benchmarks\" -DVERSION=\"7.5\" -DSTDC_HEADERS=1 -DHAVE_SYS_TYPES_H=1 -DHAVE_SYS_STAT_H=1 -DHAVE_STDLIB_H=1 -DHAVE_STRING_H=1 -DHAVE_MEMORY_H=1 -DHAVE_STRINGS_H=1 -DHAVE_INTTYPES_H=1 -DHAVE_STDINT_H=1 -DHAVE_UNISTD_H=1 -DHAVE_DLFCN_H=1 -DLT_OBJDIR=\".libs/\" -DHAVE_STDLIB_H=1 -DHAVE_STRING_H=1 -DHAVE_SYS_TIME_H=1 -DHAVE_UNISTD_H=1 -DHAVE_MATH_H=1 -DHAVE_GETPAGESIZE=1 -DHAVE_GETTIMEOFDAY=1 -DHAVE_MEMSET=1 -DHAVE_SQRT=1 -DFIELD_WIDTH=18 -DFLOAT_PRECISION=2 -I.    -I../../../c/util  -O2 -ftree-vectorize -march=native -fno-math-errno -MT osu_fop_latency.o -MD -MP -MF $depbase.Tpo -c -o osu_fop_latency.o osu_fop_latency.c &&\
mv -f $depbase.Tpo $depbase.Po
depbase=`echo osu_cas_latency.o | sed 's|[^/]*$|.deps/&|;s|\.o$||'`;\
mpicc -DPACKAGE_NAME=\"OSU-Micro-Benchmarks\" -DPACKAGE_TARNAME=\"osu-micro-benchmarks\" -DPACKAGE_VERSION=\"7.5\" -DPACKAGE_STRING=\"OSU-Micro-Benchmarks\ 7.5\" -DPACKAGE_BUGREPORT=\"mvapich-discuss@cse.ohio-state.edu\" -DPACKAGE_URL=\"\" -DPACKAGE=\"osu-micro-benchmarks\" -DVERSION=\"7.5\" -DSTDC_HEADERS=1 -DHAVE_SYS_TYPES_H=1 -DHAVE_SYS_STAT_H=1 -DHAVE_STDLIB_H=1 -DHAVE_STRING_H=1 -DHAVE_MEMORY_H=1 -DHAVE_STRINGS_H=1 -DHAVE_INTTYPES_H=1 -DHAVE_STDINT_H=1 -DHAVE_UNISTD_H=1 -DHAVE_DLFCN_H=1 -DLT_OBJDIR=\".libs/\" -DHAVE_STDLIB_H=1 -DHAVE_STRING_H=1 -DHAVE_SYS_TIME_H=1 -DHAVE_UNISTD_H=1 -DHAVE_MATH_H=1 -DHAVE_GETPAGESIZE=1 -DHAVE_GETTIMEOFDAY=1 -DHAVE_MEMSET=1 -DHAVE_SQRT=1 -DFIELD_WIDTH=18 -DFLOAT_PRECISION=2 -I.    -I../../../c/util  -O2 -ftree-vectorize -march=native -fno-math-errno -MT osu_cas_latency.o -MD -MP -MF $depbase.Tpo -c -o osu_cas_latency.o osu_cas_latency.c &&\
mv -f $depbase.Tpo $depbase.Po
/bin/sh ../../../libtool  --tag=CXX   --mode=link mpicxx  -O2 -ftree-vectorize -march=native -fno-math-errno  -L/opt/apps/resif/aion/2020b/epyc/software/GCCcore/10.2.0/lib64 -L/opt/apps/resif/aion/2020b/epyc/software/GCCcore/10.2.0/lib -o osu_put_bibw osu_put_bibw.o ../../util/osu_util.o ../../util/osu_util_mpi.o ../../util/osu_util_graph.o ../../util/osu_util_papi.o ../../util/osu_util_validation.o    -lm -lpthread
/bin/sh ../../../libtool  --tag=CXX   --mode=link mpicxx  -O2 -ftree-vectorize -march=native -fno-math-errno  -L/opt/apps/resif/aion/2020b/epyc/software/GCCcore/10.2.0/lib64 -L/opt/apps/resif/aion/2020b/epyc/software/GCCcore/10.2.0/lib -o osu_get_bw osu_get_bw.o ../../util/osu_util.o ../../util/osu_util_mpi.o ../../util/osu_util_graph.o ../../util/osu_util_papi.o ../../util/osu_util_validation.o    -lm -lpthread
/bin/sh ../../../libtool  --tag=CXX   --mode=link mpicxx  -O2 -ftree-vectorize -march=native -fno-math-errno  -L/opt/apps/resif/aion/2020b/epyc/software/GCCcore/10.2.0/lib64 -L/opt/apps/resif/aion/2020b/epyc/software/GCCcore/10.2.0/lib -o osu_put_latency osu_put_latency.o ../../util/osu_util.o ../../util/osu_util_mpi.o ../../util/osu_util_graph.o ../../util/osu_util_papi.o ../../util/osu_util_validation.o    -lm -lpthread
/bin/sh ../../../libtool  --tag=CXX   --mode=link mpicxx  -O2 -ftree-vectorize -march=native -fno-math-errno  -L/opt/apps/resif/aion/2020b/epyc/software/GCCcore/10.2.0/lib64 -L/opt/apps/resif/aion/2020b/epyc/software/GCCcore/10.2.0/lib -o osu_put_bw osu_put_bw.o ../../util/osu_util.o ../../util/osu_util_mpi.o ../../util/osu_util_graph.o ../../util/osu_util_papi.o ../../util/osu_util_validation.o    -lm -lpthread
/bin/sh ../../../libtool  --tag=CXX   --mode=link mpicxx  -O2 -ftree-vectorize -march=native -fno-math-errno  -L/opt/apps/resif/aion/2020b/epyc/software/GCCcore/10.2.0/lib64 -L/opt/apps/resif/aion/2020b/epyc/software/GCCcore/10.2.0/lib -o osu_fop_latency osu_fop_latency.o ../../util/osu_util.o ../../util/osu_util_mpi.o ../../util/osu_util_graph.o ../../util/osu_util_papi.o ../../util/osu_util_validation.o    -lm -lpthread
/bin/sh ../../../libtool  --tag=CXX   --mode=link mpicxx  -O2 -ftree-vectorize -march=native -fno-math-errno  -L/opt/apps/resif/aion/2020b/epyc/software/GCCcore/10.2.0/lib64 -L/opt/apps/resif/aion/2020b/epyc/software/GCCcore/10.2.0/lib -o osu_cas_latency osu_cas_latency.o ../../util/osu_util.o ../../util/osu_util_mpi.o ../../util/osu_util_graph.o ../../util/osu_util_papi.o ../../util/osu_util_validation.o    -lm -lpthread
/bin/sh ../../../libtool  --tag=CXX   --mode=link mpicxx  -O2 -ftree-vectorize -march=native -fno-math-errno  -L/opt/apps/resif/aion/2020b/epyc/software/GCCcore/10.2.0/lib64 -L/opt/apps/resif/aion/2020b/epyc/software/GCCcore/10.2.0/lib -o osu_get_acc_latency osu_get_acc_latency.o ../../util/osu_util.o ../../util/osu_util_mpi.o ../../util/osu_util_graph.o ../../util/osu_util_papi.o ../../util/osu_util_validation.o    -lm -lpthread
/bin/sh ../../../libtool  --tag=CXX   --mode=link mpicxx  -O2 -ftree-vectorize -march=native -fno-math-errno  -L/opt/apps/resif/aion/2020b/epyc/software/GCCcore/10.2.0/lib64 -L/opt/apps/resif/aion/2020b/epyc/software/GCCcore/10.2.0/lib -o osu_acc_latency osu_acc_latency.o ../../util/osu_util.o ../../util/osu_util_mpi.o ../../util/osu_util_graph.o ../../util/osu_util_papi.o ../../util/osu_util_validation.o    -lm -lpthread
/bin/sh ../../../libtool  --tag=CXX   --mode=link mpicxx  -O2 -ftree-vectorize -march=native -fno-math-errno  -L/opt/apps/resif/aion/2020b/epyc/software/GCCcore/10.2.0/lib64 -L/opt/apps/resif/aion/2020b/epyc/software/GCCcore/10.2.0/lib -o osu_get_latency osu_get_latency.o ../../util/osu_util.o ../../util/osu_util_mpi.o ../../util/osu_util_graph.o ../../util/osu_util_papi.o ../../util/osu_util_validation.o    -lm -lpthread
libtool: link: mpicxx -O2 -ftree-vectorize -march=native -fno-math-errno -o osu_put_latency osu_put_latency.o ../../util/osu_util.o ../../util/osu_util_mpi.o ../../util/osu_util_graph.o ../../util/osu_util_papi.o ../../util/osu_util_validation.o  -L/opt/apps/resif/aion/2020b/epyc/software/GCCcore/10.2.0/lib64 -L/opt/apps/resif/aion/2020b/epyc/software/GCCcore/10.2.0/lib -lm -lpthread
libtool: link: mpicxx -O2 -ftree-vectorize -march=native -fno-math-errno -o osu_get_bw osu_get_bw.o ../../util/osu_util.o ../../util/osu_util_mpi.o ../../util/osu_util_graph.o ../../util/osu_util_papi.o ../../util/osu_util_validation.o  -L/opt/apps/resif/aion/2020b/epyc/software/GCCcore/10.2.0/lib64 -L/opt/apps/resif/aion/2020b/epyc/software/GCCcore/10.2.0/lib -lm -lpthread
libtool: link: mpicxx -O2 -ftree-vectorize -march=native -fno-math-errno -o osu_put_bibw osu_put_bibw.o ../../util/osu_util.o ../../util/osu_util_mpi.o ../../util/osu_util_graph.o ../../util/osu_util_papi.o ../../util/osu_util_validation.o  -L/opt/apps/resif/aion/2020b/epyc/software/GCCcore/10.2.0/lib64 -L/opt/apps/resif/aion/2020b/epyc/software/GCCcore/10.2.0/lib -lm -lpthread
libtool: link: mpicxx -O2 -ftree-vectorize -march=native -fno-math-errno -o osu_put_bw osu_put_bw.o ../../util/osu_util.o ../../util/osu_util_mpi.o ../../util/osu_util_graph.o ../../util/osu_util_papi.o ../../util/osu_util_validation.o  -L/opt/apps/resif/aion/2020b/epyc/software/GCCcore/10.2.0/lib64 -L/opt/apps/resif/aion/2020b/epyc/software/GCCcore/10.2.0/lib -lm -lpthread
libtool: link: mpicxx -O2 -ftree-vectorize -march=native -fno-math-errno -o osu_acc_latency osu_acc_latency.o ../../util/osu_util.o ../../util/osu_util_mpi.o ../../util/osu_util_graph.o ../../util/osu_util_papi.o ../../util/osu_util_validation.o  -L/opt/apps/resif/aion/2020b/epyc/software/GCCcore/10.2.0/lib64 -L/opt/apps/resif/aion/2020b/epyc/software/GCCcore/10.2.0/lib -lm -lpthread
libtool: link: mpicxx -O2 -ftree-vectorize -march=native -fno-math-errno -o osu_get_acc_latency osu_get_acc_latency.o ../../util/osu_util.o ../../util/osu_util_mpi.o ../../util/osu_util_graph.o ../../util/osu_util_papi.o ../../util/osu_util_validation.o  -L/opt/apps/resif/aion/2020b/epyc/software/GCCcore/10.2.0/lib64 -L/opt/apps/resif/aion/2020b/epyc/software/GCCcore/10.2.0/lib -lm -lpthread
libtool: link: mpicxx -O2 -ftree-vectorize -march=native -fno-math-errno -o osu_cas_latency osu_cas_latency.o ../../util/osu_util.o ../../util/osu_util_mpi.o ../../util/osu_util_graph.o ../../util/osu_util_papi.o ../../util/osu_util_validation.o  -L/opt/apps/resif/aion/2020b/epyc/software/GCCcore/10.2.0/lib64 -L/opt/apps/resif/aion/2020b/epyc/software/GCCcore/10.2.0/lib -lm -lpthread
libtool: link: mpicxx -O2 -ftree-vectorize -march=native -fno-math-errno -o osu_fop_latency osu_fop_latency.o ../../util/osu_util.o ../../util/osu_util_mpi.o ../../util/osu_util_graph.o ../../util/osu_util_papi.o ../../util/osu_util_validation.o  -L/opt/apps/resif/aion/2020b/epyc/software/GCCcore/10.2.0/lib64 -L/opt/apps/resif/aion/2020b/epyc/software/GCCcore/10.2.0/lib -lm -lpthread
libtool: link: mpicxx -O2 -ftree-vectorize -march=native -fno-math-errno -o osu_get_latency osu_get_latency.o ../../util/osu_util.o ../../util/osu_util_mpi.o ../../util/osu_util_graph.o ../../util/osu_util_papi.o ../../util/osu_util_validation.o  -L/opt/apps/resif/aion/2020b/epyc/software/GCCcore/10.2.0/lib64 -L/opt/apps/resif/aion/2020b/epyc/software/GCCcore/10.2.0/lib -lm -lpthread
make[3]: Leaving directory '/tmp/mghavami/OSUMicroBenchmarks/7.5/gompi-2020b/osu-micro-benchmarks-7.5/c/mpi/one-sided'
make[3]: Entering directory '/tmp/mghavami/OSUMicroBenchmarks/7.5/gompi-2020b/osu-micro-benchmarks-7.5/c/mpi'
make[3]: Nothing to be done for 'all-am'.
make[3]: Leaving directory '/tmp/mghavami/OSUMicroBenchmarks/7.5/gompi-2020b/osu-micro-benchmarks-7.5/c/mpi'
make[2]: Leaving directory '/tmp/mghavami/OSUMicroBenchmarks/7.5/gompi-2020b/osu-micro-benchmarks-7.5/c/mpi'
make[2]: Entering directory '/tmp/mghavami/OSUMicroBenchmarks/7.5/gompi-2020b/osu-micro-benchmarks-7.5/c'
make[2]: Nothing to be done for 'all-am'.
make[2]: Leaving directory '/tmp/mghavami/OSUMicroBenchmarks/7.5/gompi-2020b/osu-micro-benchmarks-7.5/c'
make[1]: Leaving directory '/tmp/mghavami/OSUMicroBenchmarks/7.5/gompi-2020b/osu-micro-benchmarks-7.5/c'
make[1]: Entering directory '/tmp/mghavami/OSUMicroBenchmarks/7.5/gompi-2020b/osu-micro-benchmarks-7.5'
make[1]: Nothing to be done for 'all-am'.
make[1]: Leaving directory '/tmp/mghavami/OSUMicroBenchmarks/7.5/gompi-2020b/osu-micro-benchmarks-7.5'

== 2025-03-25 13:55:53,367 run.py:601 INFO Shell command completed successfully (see output above): make  -j 16
== 2025-03-25 13:55:53,367 build_log.py:322 INFO ... (took 9 secs)
== 2025-03-25 13:55:53,367 build_log.py:322 INFO testing...
== 2025-03-25 13:55:53,367 easyblock.py:4243 INFO Starting test step
== 2025-03-25 13:55:53,367 easyconfig.py:1812 INFO Generating template values...
== 2025-03-25 13:55:53,367 mpi.py:122 INFO Using template MPI command 'mpirun -n %(nr_ranks)s %(cmd)s' for MPI family 'OpenMPI'
== 2025-03-25 13:55:53,367 mpi.py:298 INFO Using MPI command template 'mpirun -n %(nr_ranks)s %(cmd)s' (params: {'nr_ranks': 1, 'cmd': 'xxx_command_xxx'})
== 2025-03-25 13:55:53,368 easyconfig.py:1831 INFO Template values: arch='x86_64', bitbucket_account='osu-micro-benchmarks', builddir='/tmp/mghavami/OSUMicroBenchmarks/7.5/gompi-2020b', github_account='osu-micro-benchmarks', installdir='/home/users/mghavami/.local/easybuild/software/OSU-Micro-Benchmarks/7.5-gompi-2020b', module_name='perf/OSU-Micro-Benchmarks/7.5-gompi-2020b', mpi_cmd_prefix='mpirun -n 1', name='OSU-Micro-Benchmarks', nameletter='O', nameletterlower='o', namelower='osu-micro-benchmarks', parallel='16', rpath_enabled='true', software_commit='', start_dir='/tmp/mghavami/OSUMicroBenchmarks/7.5/gompi-2020b/osu-micro-benchmarks-7.5/', sysroot='', toolchain_name='gompi', toolchain_version='2020b', version='7.5', version_major='7', version_major_minor='7.5', version_minor='5', versionprefix='', versionsuffix=''
== 2025-03-25 13:55:53,368 easyblock.py:4251 INFO Running method test_step part of step test
== 2025-03-25 13:55:53,368 build_log.py:322 INFO ... (took < 1 sec)
== 2025-03-25 13:55:53,368 build_log.py:322 INFO installing...
== 2025-03-25 13:55:53,368 easyblock.py:4243 INFO Starting install step
== 2025-03-25 13:55:53,368 easyconfig.py:1812 INFO Generating template values...
== 2025-03-25 13:55:53,368 mpi.py:122 INFO Using template MPI command 'mpirun -n %(nr_ranks)s %(cmd)s' for MPI family 'OpenMPI'
== 2025-03-25 13:55:53,368 mpi.py:298 INFO Using MPI command template 'mpirun -n %(nr_ranks)s %(cmd)s' (params: {'nr_ranks': 1, 'cmd': 'xxx_command_xxx'})
== 2025-03-25 13:55:53,368 easyconfig.py:1831 INFO Template values: arch='x86_64', bitbucket_account='osu-micro-benchmarks', builddir='/tmp/mghavami/OSUMicroBenchmarks/7.5/gompi-2020b', github_account='osu-micro-benchmarks', installdir='/home/users/mghavami/.local/easybuild/software/OSU-Micro-Benchmarks/7.5-gompi-2020b', module_name='perf/OSU-Micro-Benchmarks/7.5-gompi-2020b', mpi_cmd_prefix='mpirun -n 1', name='OSU-Micro-Benchmarks', nameletter='O', nameletterlower='o', namelower='osu-micro-benchmarks', parallel='16', rpath_enabled='true', software_commit='', start_dir='/tmp/mghavami/OSUMicroBenchmarks/7.5/gompi-2020b/osu-micro-benchmarks-7.5/', sysroot='', toolchain_name='gompi', toolchain_version='2020b', version='7.5', version_major='7', version_major_minor='7.5', version_minor='5', versionprefix='', versionsuffix=''
== 2025-03-25 13:55:53,368 easyblock.py:4251 INFO Running method stage_install_step part of step install
== 2025-03-25 13:55:53,368 easyblock.py:4251 INFO Running method make_installdir part of step install
== 2025-03-25 13:55:53,369 easyblock.py:1198 INFO Found old directory /home/users/mghavami/.local/easybuild/software/OSU-Micro-Benchmarks/7.5-gompi-2020b
== 2025-03-25 13:55:53,369 filetools.py:402 INFO Path /home/users/mghavami/.local/easybuild/software/OSU-Micro-Benchmarks/7.5-gompi-2020b successfully removed.
== 2025-03-25 13:55:53,369 easyblock.py:1206 INFO Removed old directory /home/users/mghavami/.local/easybuild/software/OSU-Micro-Benchmarks/7.5-gompi-2020b
== 2025-03-25 13:55:53,369 filetools.py:2001 INFO Creating directory /home/users/mghavami/.local/easybuild/software/OSU-Micro-Benchmarks/7.5-gompi-2020b (parents: True, set_gid: False, sticky: False)
== 2025-03-25 13:55:53,369 easyblock.py:4251 INFO Running method install_step part of step install
== 2025-03-25 13:55:53,370 run.py:452 INFO run_shell_cmd: command environment of "make install" will be saved to /tmp/eb-09zxmkft/run-shell-cmd-output/make-gbekjvuh
== 2025-03-25 13:55:53,370 run.py:455 INFO run_shell_cmd: Output of "make install" will be logged to /tmp/eb-09zxmkft/run-shell-cmd-output/make-gbekjvuh/out.txt
== 2025-03-25 13:55:53,386 run.py:489 INFO Path to bash that will be used to run shell commands: /usr/bin/bash
== 2025-03-25 13:55:53,386 run.py:500 INFO Running shell command 'make install' in /tmp/mghavami/OSUMicroBenchmarks/7.5/gompi-2020b/osu-micro-benchmarks-7.5
== 2025-03-25 13:55:54,268 run.py:598 INFO Output of 'make ...' shell command (stdout + stderr):
Making install in c
make[1]: Entering directory '/tmp/mghavami/OSUMicroBenchmarks/7.5/gompi-2020b/osu-micro-benchmarks-7.5/c'
Making install in mpi
make[2]: Entering directory '/tmp/mghavami/OSUMicroBenchmarks/7.5/gompi-2020b/osu-micro-benchmarks-7.5/c/mpi'
Making install in pt2pt
make[3]: Entering directory '/tmp/mghavami/OSUMicroBenchmarks/7.5/gompi-2020b/osu-micro-benchmarks-7.5/c/mpi/pt2pt'
Making install in standard
make[4]: Entering directory '/tmp/mghavami/OSUMicroBenchmarks/7.5/gompi-2020b/osu-micro-benchmarks-7.5/c/mpi/pt2pt/standard'
make[5]: Entering directory '/tmp/mghavami/OSUMicroBenchmarks/7.5/gompi-2020b/osu-micro-benchmarks-7.5/c/mpi/pt2pt/standard'
make[5]: Nothing to be done for 'install-exec-am'.
 /usr/bin/mkdir -p '/home/users/mghavami/.local/easybuild/software/OSU-Micro-Benchmarks/7.5-gompi-2020b/libexec/osu-micro-benchmarks/mpi/pt2pt'
  /bin/sh ../../../../libtool   --mode=install /usr/bin/install -c osu_bibw osu_bw osu_latency osu_mbw_mr osu_multi_lat osu_latency_mt osu_latency_mp '/home/users/mghavami/.local/easybuild/software/OSU-Micro-Benchmarks/7.5-gompi-2020b/libexec/osu-micro-benchmarks/mpi/pt2pt'
libtool: install: /usr/bin/install -c osu_bibw /home/users/mghavami/.local/easybuild/software/OSU-Micro-Benchmarks/7.5-gompi-2020b/libexec/osu-micro-benchmarks/mpi/pt2pt/osu_bibw
libtool: install: /usr/bin/install -c osu_bw /home/users/mghavami/.local/easybuild/software/OSU-Micro-Benchmarks/7.5-gompi-2020b/libexec/osu-micro-benchmarks/mpi/pt2pt/osu_bw
libtool: install: /usr/bin/install -c osu_latency /home/users/mghavami/.local/easybuild/software/OSU-Micro-Benchmarks/7.5-gompi-2020b/libexec/osu-micro-benchmarks/mpi/pt2pt/osu_latency
libtool: install: /usr/bin/install -c osu_mbw_mr /home/users/mghavami/.local/easybuild/software/OSU-Micro-Benchmarks/7.5-gompi-2020b/libexec/osu-micro-benchmarks/mpi/pt2pt/osu_mbw_mr
libtool: install: /usr/bin/install -c osu_multi_lat /home/users/mghavami/.local/easybuild/software/OSU-Micro-Benchmarks/7.5-gompi-2020b/libexec/osu-micro-benchmarks/mpi/pt2pt/osu_multi_lat
libtool: install: /usr/bin/install -c osu_latency_mt /home/users/mghavami/.local/easybuild/software/OSU-Micro-Benchmarks/7.5-gompi-2020b/libexec/osu-micro-benchmarks/mpi/pt2pt/osu_latency_mt
libtool: install: /usr/bin/install -c osu_latency_mp /home/users/mghavami/.local/easybuild/software/OSU-Micro-Benchmarks/7.5-gompi-2020b/libexec/osu-micro-benchmarks/mpi/pt2pt/osu_latency_mp
make[5]: Leaving directory '/tmp/mghavami/OSUMicroBenchmarks/7.5/gompi-2020b/osu-micro-benchmarks-7.5/c/mpi/pt2pt/standard'
make[4]: Leaving directory '/tmp/mghavami/OSUMicroBenchmarks/7.5/gompi-2020b/osu-micro-benchmarks-7.5/c/mpi/pt2pt/standard'
Making install in persistent
make[4]: Entering directory '/tmp/mghavami/OSUMicroBenchmarks/7.5/gompi-2020b/osu-micro-benchmarks-7.5/c/mpi/pt2pt/persistent'
make[5]: Entering directory '/tmp/mghavami/OSUMicroBenchmarks/7.5/gompi-2020b/osu-micro-benchmarks-7.5/c/mpi/pt2pt/persistent'
make[5]: Nothing to be done for 'install-exec-am'.
 /usr/bin/mkdir -p '/home/users/mghavami/.local/easybuild/software/OSU-Micro-Benchmarks/7.5-gompi-2020b/libexec/osu-micro-benchmarks/mpi/pt2pt/persistent'
  /bin/sh ../../../../libtool   --mode=install /usr/bin/install -c osu_bibw_persistent osu_bw_persistent osu_latency_persistent '/home/users/mghavami/.local/easybuild/software/OSU-Micro-Benchmarks/7.5-gompi-2020b/libexec/osu-micro-benchmarks/mpi/pt2pt/persistent'
libtool: install: /usr/bin/install -c osu_bibw_persistent /home/users/mghavami/.local/easybuild/software/OSU-Micro-Benchmarks/7.5-gompi-2020b/libexec/osu-micro-benchmarks/mpi/pt2pt/persistent/osu_bibw_persistent
libtool: install: /usr/bin/install -c osu_bw_persistent /home/users/mghavami/.local/easybuild/software/OSU-Micro-Benchmarks/7.5-gompi-2020b/libexec/osu-micro-benchmarks/mpi/pt2pt/persistent/osu_bw_persistent
libtool: install: /usr/bin/install -c osu_latency_persistent /home/users/mghavami/.local/easybuild/software/OSU-Micro-Benchmarks/7.5-gompi-2020b/libexec/osu-micro-benchmarks/mpi/pt2pt/persistent/osu_latency_persistent
make[5]: Leaving directory '/tmp/mghavami/OSUMicroBenchmarks/7.5/gompi-2020b/osu-micro-benchmarks-7.5/c/mpi/pt2pt/persistent'
make[4]: Leaving directory '/tmp/mghavami/OSUMicroBenchmarks/7.5/gompi-2020b/osu-micro-benchmarks-7.5/c/mpi/pt2pt/persistent'
Making install in congestion
make[4]: Entering directory '/tmp/mghavami/OSUMicroBenchmarks/7.5/gompi-2020b/osu-micro-benchmarks-7.5/c/mpi/pt2pt/congestion'
make[5]: Entering directory '/tmp/mghavami/OSUMicroBenchmarks/7.5/gompi-2020b/osu-micro-benchmarks-7.5/c/mpi/pt2pt/congestion'
make[5]: Nothing to be done for 'install-exec-am'.
 /usr/bin/mkdir -p '/home/users/mghavami/.local/easybuild/software/OSU-Micro-Benchmarks/7.5-gompi-2020b/libexec/osu-micro-benchmarks/mpi/congestion'
  /bin/sh ../../../../libtool   --mode=install /usr/bin/install -c osu_bw_fan_out osu_bw_fan_in '/home/users/mghavami/.local/easybuild/software/OSU-Micro-Benchmarks/7.5-gompi-2020b/libexec/osu-micro-benchmarks/mpi/congestion'
libtool: install: /usr/bin/install -c osu_bw_fan_out /home/users/mghavami/.local/easybuild/software/OSU-Micro-Benchmarks/7.5-gompi-2020b/libexec/osu-micro-benchmarks/mpi/congestion/osu_bw_fan_out
libtool: install: /usr/bin/install -c osu_bw_fan_in /home/users/mghavami/.local/easybuild/software/OSU-Micro-Benchmarks/7.5-gompi-2020b/libexec/osu-micro-benchmarks/mpi/congestion/osu_bw_fan_in
make[5]: Leaving directory '/tmp/mghavami/OSUMicroBenchmarks/7.5/gompi-2020b/osu-micro-benchmarks-7.5/c/mpi/pt2pt/congestion'
make[4]: Leaving directory '/tmp/mghavami/OSUMicroBenchmarks/7.5/gompi-2020b/osu-micro-benchmarks-7.5/c/mpi/pt2pt/congestion'
make[4]: Entering directory '/tmp/mghavami/OSUMicroBenchmarks/7.5/gompi-2020b/osu-micro-benchmarks-7.5/c/mpi/pt2pt'
make[5]: Entering directory '/tmp/mghavami/OSUMicroBenchmarks/7.5/gompi-2020b/osu-micro-benchmarks-7.5/c/mpi/pt2pt'
make[5]: Nothing to be done for 'install-exec-am'.
make[5]: Nothing to be done for 'install-data-am'.
make[5]: Leaving directory '/tmp/mghavami/OSUMicroBenchmarks/7.5/gompi-2020b/osu-micro-benchmarks-7.5/c/mpi/pt2pt'
make[4]: Leaving directory '/tmp/mghavami/OSUMicroBenchmarks/7.5/gompi-2020b/osu-micro-benchmarks-7.5/c/mpi/pt2pt'
make[3]: Leaving directory '/tmp/mghavami/OSUMicroBenchmarks/7.5/gompi-2020b/osu-micro-benchmarks-7.5/c/mpi/pt2pt'
Making install in collective
make[3]: Entering directory '/tmp/mghavami/OSUMicroBenchmarks/7.5/gompi-2020b/osu-micro-benchmarks-7.5/c/mpi/collective'
Making install in neighborhood
make[4]: Entering directory '/tmp/mghavami/OSUMicroBenchmarks/7.5/gompi-2020b/osu-micro-benchmarks-7.5/c/mpi/collective/neighborhood'
make[5]: Entering directory '/tmp/mghavami/OSUMicroBenchmarks/7.5/gompi-2020b/osu-micro-benchmarks-7.5/c/mpi/collective/neighborhood'
make[5]: Nothing to be done for 'install-exec-am'.
 /usr/bin/mkdir -p '/home/users/mghavami/.local/easybuild/software/OSU-Micro-Benchmarks/7.5-gompi-2020b/libexec/osu-micro-benchmarks/mpi/collective'
  /bin/sh ../../../../libtool   --mode=install /usr/bin/install -c osu_neighbor_allgather osu_neighbor_allgatherv osu_neighbor_alltoall osu_neighbor_alltoallv osu_neighbor_alltoallw osu_ineighbor_allgather osu_ineighbor_allgatherv osu_ineighbor_alltoall osu_ineighbor_alltoallv osu_ineighbor_alltoallw '/home/users/mghavami/.local/easybuild/software/OSU-Micro-Benchmarks/7.5-gompi-2020b/libexec/osu-micro-benchmarks/mpi/collective'
libtool: install: /usr/bin/install -c osu_neighbor_allgather /home/users/mghavami/.local/easybuild/software/OSU-Micro-Benchmarks/7.5-gompi-2020b/libexec/osu-micro-benchmarks/mpi/collective/osu_neighbor_allgather
libtool: install: /usr/bin/install -c osu_neighbor_allgatherv /home/users/mghavami/.local/easybuild/software/OSU-Micro-Benchmarks/7.5-gompi-2020b/libexec/osu-micro-benchmarks/mpi/collective/osu_neighbor_allgatherv
libtool: install: /usr/bin/install -c osu_neighbor_alltoall /home/users/mghavami/.local/easybuild/software/OSU-Micro-Benchmarks/7.5-gompi-2020b/libexec/osu-micro-benchmarks/mpi/collective/osu_neighbor_alltoall
libtool: install: /usr/bin/install -c osu_neighbor_alltoallv /home/users/mghavami/.local/easybuild/software/OSU-Micro-Benchmarks/7.5-gompi-2020b/libexec/osu-micro-benchmarks/mpi/collective/osu_neighbor_alltoallv
libtool: install: /usr/bin/install -c osu_neighbor_alltoallw /home/users/mghavami/.local/easybuild/software/OSU-Micro-Benchmarks/7.5-gompi-2020b/libexec/osu-micro-benchmarks/mpi/collective/osu_neighbor_alltoallw
libtool: install: /usr/bin/install -c osu_ineighbor_allgather /home/users/mghavami/.local/easybuild/software/OSU-Micro-Benchmarks/7.5-gompi-2020b/libexec/osu-micro-benchmarks/mpi/collective/osu_ineighbor_allgather
libtool: install: /usr/bin/install -c osu_ineighbor_allgatherv /home/users/mghavami/.local/easybuild/software/OSU-Micro-Benchmarks/7.5-gompi-2020b/libexec/osu-micro-benchmarks/mpi/collective/osu_ineighbor_allgatherv
libtool: install: /usr/bin/install -c osu_ineighbor_alltoall /home/users/mghavami/.local/easybuild/software/OSU-Micro-Benchmarks/7.5-gompi-2020b/libexec/osu-micro-benchmarks/mpi/collective/osu_ineighbor_alltoall
libtool: install: /usr/bin/install -c osu_ineighbor_alltoallv /home/users/mghavami/.local/easybuild/software/OSU-Micro-Benchmarks/7.5-gompi-2020b/libexec/osu-micro-benchmarks/mpi/collective/osu_ineighbor_alltoallv
libtool: install: /usr/bin/install -c osu_ineighbor_alltoallw /home/users/mghavami/.local/easybuild/software/OSU-Micro-Benchmarks/7.5-gompi-2020b/libexec/osu-micro-benchmarks/mpi/collective/osu_ineighbor_alltoallw
make[5]: Leaving directory '/tmp/mghavami/OSUMicroBenchmarks/7.5/gompi-2020b/osu-micro-benchmarks-7.5/c/mpi/collective/neighborhood'
make[4]: Leaving directory '/tmp/mghavami/OSUMicroBenchmarks/7.5/gompi-2020b/osu-micro-benchmarks-7.5/c/mpi/collective/neighborhood'
Making install in blocking
make[4]: Entering directory '/tmp/mghavami/OSUMicroBenchmarks/7.5/gompi-2020b/osu-micro-benchmarks-7.5/c/mpi/collective/blocking'
make[5]: Entering directory '/tmp/mghavami/OSUMicroBenchmarks/7.5/gompi-2020b/osu-micro-benchmarks-7.5/c/mpi/collective/blocking'
make[5]: Nothing to be done for 'install-exec-am'.
 /usr/bin/mkdir -p '/home/users/mghavami/.local/easybuild/software/OSU-Micro-Benchmarks/7.5-gompi-2020b/libexec/osu-micro-benchmarks/mpi/collective'
  /bin/sh ../../../../libtool   --mode=install /usr/bin/install -c osu_alltoallv osu_alltoallw osu_allgatherv osu_scatterv osu_gatherv osu_reduce_scatter osu_barrier osu_reduce osu_allreduce osu_alltoall osu_bcast osu_gather osu_allgather osu_scatter osu_reduce_scatter_block '/home/users/mghavami/.local/easybuild/software/OSU-Micro-Benchmarks/7.5-gompi-2020b/libexec/osu-micro-benchmarks/mpi/collective'
libtool: install: /usr/bin/install -c osu_alltoallv /home/users/mghavami/.local/easybuild/software/OSU-Micro-Benchmarks/7.5-gompi-2020b/libexec/osu-micro-benchmarks/mpi/collective/osu_alltoallv
libtool: install: /usr/bin/install -c osu_alltoallw /home/users/mghavami/.local/easybuild/software/OSU-Micro-Benchmarks/7.5-gompi-2020b/libexec/osu-micro-benchmarks/mpi/collective/osu_alltoallw
libtool: install: /usr/bin/install -c osu_allgatherv /home/users/mghavami/.local/easybuild/software/OSU-Micro-Benchmarks/7.5-gompi-2020b/libexec/osu-micro-benchmarks/mpi/collective/osu_allgatherv
libtool: install: /usr/bin/install -c osu_scatterv /home/users/mghavami/.local/easybuild/software/OSU-Micro-Benchmarks/7.5-gompi-2020b/libexec/osu-micro-benchmarks/mpi/collective/osu_scatterv
libtool: install: /usr/bin/install -c osu_gatherv /home/users/mghavami/.local/easybuild/software/OSU-Micro-Benchmarks/7.5-gompi-2020b/libexec/osu-micro-benchmarks/mpi/collective/osu_gatherv
libtool: install: /usr/bin/install -c osu_reduce_scatter /home/users/mghavami/.local/easybuild/software/OSU-Micro-Benchmarks/7.5-gompi-2020b/libexec/osu-micro-benchmarks/mpi/collective/osu_reduce_scatter
libtool: install: /usr/bin/install -c osu_barrier /home/users/mghavami/.local/easybuild/software/OSU-Micro-Benchmarks/7.5-gompi-2020b/libexec/osu-micro-benchmarks/mpi/collective/osu_barrier
libtool: install: /usr/bin/install -c osu_reduce /home/users/mghavami/.local/easybuild/software/OSU-Micro-Benchmarks/7.5-gompi-2020b/libexec/osu-micro-benchmarks/mpi/collective/osu_reduce
libtool: install: /usr/bin/install -c osu_allreduce /home/users/mghavami/.local/easybuild/software/OSU-Micro-Benchmarks/7.5-gompi-2020b/libexec/osu-micro-benchmarks/mpi/collective/osu_allreduce
libtool: install: /usr/bin/install -c osu_alltoall /home/users/mghavami/.local/easybuild/software/OSU-Micro-Benchmarks/7.5-gompi-2020b/libexec/osu-micro-benchmarks/mpi/collective/osu_alltoall
libtool: install: /usr/bin/install -c osu_bcast /home/users/mghavami/.local/easybuild/software/OSU-Micro-Benchmarks/7.5-gompi-2020b/libexec/osu-micro-benchmarks/mpi/collective/osu_bcast
libtool: install: /usr/bin/install -c osu_gather /home/users/mghavami/.local/easybuild/software/OSU-Micro-Benchmarks/7.5-gompi-2020b/libexec/osu-micro-benchmarks/mpi/collective/osu_gather
libtool: install: /usr/bin/install -c osu_allgather /home/users/mghavami/.local/easybuild/software/OSU-Micro-Benchmarks/7.5-gompi-2020b/libexec/osu-micro-benchmarks/mpi/collective/osu_allgather
libtool: install: /usr/bin/install -c osu_scatter /home/users/mghavami/.local/easybuild/software/OSU-Micro-Benchmarks/7.5-gompi-2020b/libexec/osu-micro-benchmarks/mpi/collective/osu_scatter
libtool: install: /usr/bin/install -c osu_reduce_scatter_block /home/users/mghavami/.local/easybuild/software/OSU-Micro-Benchmarks/7.5-gompi-2020b/libexec/osu-micro-benchmarks/mpi/collective/osu_reduce_scatter_block
make[5]: Leaving directory '/tmp/mghavami/OSUMicroBenchmarks/7.5/gompi-2020b/osu-micro-benchmarks-7.5/c/mpi/collective/blocking'
make[4]: Leaving directory '/tmp/mghavami/OSUMicroBenchmarks/7.5/gompi-2020b/osu-micro-benchmarks-7.5/c/mpi/collective/blocking'
Making install in non_blocking
make[4]: Entering directory '/tmp/mghavami/OSUMicroBenchmarks/7.5/gompi-2020b/osu-micro-benchmarks-7.5/c/mpi/collective/non_blocking'
make[5]: Entering directory '/tmp/mghavami/OSUMicroBenchmarks/7.5/gompi-2020b/osu-micro-benchmarks-7.5/c/mpi/collective/non_blocking'
make[5]: Nothing to be done for 'install-exec-am'.
 /usr/bin/mkdir -p '/home/users/mghavami/.local/easybuild/software/OSU-Micro-Benchmarks/7.5-gompi-2020b/libexec/osu-micro-benchmarks/mpi/collective'
  /bin/sh ../../../../libtool   --mode=install /usr/bin/install -c osu_iallgather osu_ibcast osu_ialltoall osu_ibarrier osu_igather osu_iscatter osu_iscatterv osu_igatherv osu_iallgatherv osu_ialltoallv osu_ialltoallw osu_ireduce osu_iallreduce osu_ireduce_scatter osu_ireduce_scatter_block '/home/users/mghavami/.local/easybuild/software/OSU-Micro-Benchmarks/7.5-gompi-2020b/libexec/osu-micro-benchmarks/mpi/collective'
libtool: install: /usr/bin/install -c osu_iallgather /home/users/mghavami/.local/easybuild/software/OSU-Micro-Benchmarks/7.5-gompi-2020b/libexec/osu-micro-benchmarks/mpi/collective/osu_iallgather
libtool: install: /usr/bin/install -c osu_ibcast /home/users/mghavami/.local/easybuild/software/OSU-Micro-Benchmarks/7.5-gompi-2020b/libexec/osu-micro-benchmarks/mpi/collective/osu_ibcast
libtool: install: /usr/bin/install -c osu_ialltoall /home/users/mghavami/.local/easybuild/software/OSU-Micro-Benchmarks/7.5-gompi-2020b/libexec/osu-micro-benchmarks/mpi/collective/osu_ialltoall
libtool: install: /usr/bin/install -c osu_ibarrier /home/users/mghavami/.local/easybuild/software/OSU-Micro-Benchmarks/7.5-gompi-2020b/libexec/osu-micro-benchmarks/mpi/collective/osu_ibarrier
libtool: install: /usr/bin/install -c osu_igather /home/users/mghavami/.local/easybuild/software/OSU-Micro-Benchmarks/7.5-gompi-2020b/libexec/osu-micro-benchmarks/mpi/collective/osu_igather
libtool: install: /usr/bin/install -c osu_iscatter /home/users/mghavami/.local/easybuild/software/OSU-Micro-Benchmarks/7.5-gompi-2020b/libexec/osu-micro-benchmarks/mpi/collective/osu_iscatter
libtool: install: /usr/bin/install -c osu_iscatterv /home/users/mghavami/.local/easybuild/software/OSU-Micro-Benchmarks/7.5-gompi-2020b/libexec/osu-micro-benchmarks/mpi/collective/osu_iscatterv
libtool: install: /usr/bin/install -c osu_igatherv /home/users/mghavami/.local/easybuild/software/OSU-Micro-Benchmarks/7.5-gompi-2020b/libexec/osu-micro-benchmarks/mpi/collective/osu_igatherv
libtool: install: /usr/bin/install -c osu_iallgatherv /home/users/mghavami/.local/easybuild/software/OSU-Micro-Benchmarks/7.5-gompi-2020b/libexec/osu-micro-benchmarks/mpi/collective/osu_iallgatherv
libtool: install: /usr/bin/install -c osu_ialltoallv /home/users/mghavami/.local/easybuild/software/OSU-Micro-Benchmarks/7.5-gompi-2020b/libexec/osu-micro-benchmarks/mpi/collective/osu_ialltoallv
libtool: install: /usr/bin/install -c osu_ialltoallw /home/users/mghavami/.local/easybuild/software/OSU-Micro-Benchmarks/7.5-gompi-2020b/libexec/osu-micro-benchmarks/mpi/collective/osu_ialltoallw
libtool: install: /usr/bin/install -c osu_ireduce /home/users/mghavami/.local/easybuild/software/OSU-Micro-Benchmarks/7.5-gompi-2020b/libexec/osu-micro-benchmarks/mpi/collective/osu_ireduce
libtool: install: /usr/bin/install -c osu_iallreduce /home/users/mghavami/.local/easybuild/software/OSU-Micro-Benchmarks/7.5-gompi-2020b/libexec/osu-micro-benchmarks/mpi/collective/osu_iallreduce
libtool: install: /usr/bin/install -c osu_ireduce_scatter /home/users/mghavami/.local/easybuild/software/OSU-Micro-Benchmarks/7.5-gompi-2020b/libexec/osu-micro-benchmarks/mpi/collective/osu_ireduce_scatter
libtool: install: /usr/bin/install -c osu_ireduce_scatter_block /home/users/mghavami/.local/easybuild/software/OSU-Micro-Benchmarks/7.5-gompi-2020b/libexec/osu-micro-benchmarks/mpi/collective/osu_ireduce_scatter_block
make[5]: Leaving directory '/tmp/mghavami/OSUMicroBenchmarks/7.5/gompi-2020b/osu-micro-benchmarks-7.5/c/mpi/collective/non_blocking'
make[4]: Leaving directory '/tmp/mghavami/OSUMicroBenchmarks/7.5/gompi-2020b/osu-micro-benchmarks-7.5/c/mpi/collective/non_blocking'
make[4]: Entering directory '/tmp/mghavami/OSUMicroBenchmarks/7.5/gompi-2020b/osu-micro-benchmarks-7.5/c/mpi/collective'
make[5]: Entering directory '/tmp/mghavami/OSUMicroBenchmarks/7.5/gompi-2020b/osu-micro-benchmarks-7.5/c/mpi/collective'
make[5]: Nothing to be done for 'install-exec-am'.
make[5]: Nothing to be done for 'install-data-am'.
make[5]: Leaving directory '/tmp/mghavami/OSUMicroBenchmarks/7.5/gompi-2020b/osu-micro-benchmarks-7.5/c/mpi/collective'
make[4]: Leaving directory '/tmp/mghavami/OSUMicroBenchmarks/7.5/gompi-2020b/osu-micro-benchmarks-7.5/c/mpi/collective'
make[3]: Leaving directory '/tmp/mghavami/OSUMicroBenchmarks/7.5/gompi-2020b/osu-micro-benchmarks-7.5/c/mpi/collective'
Making install in startup
make[3]: Entering directory '/tmp/mghavami/OSUMicroBenchmarks/7.5/gompi-2020b/osu-micro-benchmarks-7.5/c/mpi/startup'
make[4]: Entering directory '/tmp/mghavami/OSUMicroBenchmarks/7.5/gompi-2020b/osu-micro-benchmarks-7.5/c/mpi/startup'
make[4]: Nothing to be done for 'install-exec-am'.
 /usr/bin/mkdir -p '/home/users/mghavami/.local/easybuild/software/OSU-Micro-Benchmarks/7.5-gompi-2020b/libexec/osu-micro-benchmarks/mpi/startup'
  /bin/sh ../../../libtool   --mode=install /usr/bin/install -c osu_init osu_hello '/home/users/mghavami/.local/easybuild/software/OSU-Micro-Benchmarks/7.5-gompi-2020b/libexec/osu-micro-benchmarks/mpi/startup'
libtool: install: /usr/bin/install -c osu_init /home/users/mghavami/.local/easybuild/software/OSU-Micro-Benchmarks/7.5-gompi-2020b/libexec/osu-micro-benchmarks/mpi/startup/osu_init
libtool: install: /usr/bin/install -c osu_hello /home/users/mghavami/.local/easybuild/software/OSU-Micro-Benchmarks/7.5-gompi-2020b/libexec/osu-micro-benchmarks/mpi/startup/osu_hello
make[4]: Leaving directory '/tmp/mghavami/OSUMicroBenchmarks/7.5/gompi-2020b/osu-micro-benchmarks-7.5/c/mpi/startup'
make[3]: Leaving directory '/tmp/mghavami/OSUMicroBenchmarks/7.5/gompi-2020b/osu-micro-benchmarks-7.5/c/mpi/startup'
Making install in one-sided
make[3]: Entering directory '/tmp/mghavami/OSUMicroBenchmarks/7.5/gompi-2020b/osu-micro-benchmarks-7.5/c/mpi/one-sided'
make[4]: Entering directory '/tmp/mghavami/OSUMicroBenchmarks/7.5/gompi-2020b/osu-micro-benchmarks-7.5/c/mpi/one-sided'
make[4]: Nothing to be done for 'install-exec-am'.
 /usr/bin/mkdir -p '/home/users/mghavami/.local/easybuild/software/OSU-Micro-Benchmarks/7.5-gompi-2020b/libexec/osu-micro-benchmarks/mpi/one-sided'
  /bin/sh ../../../libtool   --mode=install /usr/bin/install -c osu_acc_latency osu_get_bw osu_get_latency osu_put_bibw osu_put_bw osu_put_latency osu_get_acc_latency osu_fop_latency osu_cas_latency '/home/users/mghavami/.local/easybuild/software/OSU-Micro-Benchmarks/7.5-gompi-2020b/libexec/osu-micro-benchmarks/mpi/one-sided'
libtool: install: /usr/bin/install -c osu_acc_latency /home/users/mghavami/.local/easybuild/software/OSU-Micro-Benchmarks/7.5-gompi-2020b/libexec/osu-micro-benchmarks/mpi/one-sided/osu_acc_latency
libtool: install: /usr/bin/install -c osu_get_bw /home/users/mghavami/.local/easybuild/software/OSU-Micro-Benchmarks/7.5-gompi-2020b/libexec/osu-micro-benchmarks/mpi/one-sided/osu_get_bw
libtool: install: /usr/bin/install -c osu_get_latency /home/users/mghavami/.local/easybuild/software/OSU-Micro-Benchmarks/7.5-gompi-2020b/libexec/osu-micro-benchmarks/mpi/one-sided/osu_get_latency
libtool: install: /usr/bin/install -c osu_put_bibw /home/users/mghavami/.local/easybuild/software/OSU-Micro-Benchmarks/7.5-gompi-2020b/libexec/osu-micro-benchmarks/mpi/one-sided/osu_put_bibw
libtool: install: /usr/bin/install -c osu_put_bw /home/users/mghavami/.local/easybuild/software/OSU-Micro-Benchmarks/7.5-gompi-2020b/libexec/osu-micro-benchmarks/mpi/one-sided/osu_put_bw
libtool: install: /usr/bin/install -c osu_put_latency /home/users/mghavami/.local/easybuild/software/OSU-Micro-Benchmarks/7.5-gompi-2020b/libexec/osu-micro-benchmarks/mpi/one-sided/osu_put_latency
libtool: install: /usr/bin/install -c osu_get_acc_latency /home/users/mghavami/.local/easybuild/software/OSU-Micro-Benchmarks/7.5-gompi-2020b/libexec/osu-micro-benchmarks/mpi/one-sided/osu_get_acc_latency
libtool: install: /usr/bin/install -c osu_fop_latency /home/users/mghavami/.local/easybuild/software/OSU-Micro-Benchmarks/7.5-gompi-2020b/libexec/osu-micro-benchmarks/mpi/one-sided/osu_fop_latency
libtool: install: /usr/bin/install -c osu_cas_latency /home/users/mghavami/.local/easybuild/software/OSU-Micro-Benchmarks/7.5-gompi-2020b/libexec/osu-micro-benchmarks/mpi/one-sided/osu_cas_latency
make[4]: Leaving directory '/tmp/mghavami/OSUMicroBenchmarks/7.5/gompi-2020b/osu-micro-benchmarks-7.5/c/mpi/one-sided'
make[3]: Leaving directory '/tmp/mghavami/OSUMicroBenchmarks/7.5/gompi-2020b/osu-micro-benchmarks-7.5/c/mpi/one-sided'
make[3]: Entering directory '/tmp/mghavami/OSUMicroBenchmarks/7.5/gompi-2020b/osu-micro-benchmarks-7.5/c/mpi'
make[4]: Entering directory '/tmp/mghavami/OSUMicroBenchmarks/7.5/gompi-2020b/osu-micro-benchmarks-7.5/c/mpi'
make[4]: Nothing to be done for 'install-exec-am'.
make[4]: Nothing to be done for 'install-data-am'.
make[4]: Leaving directory '/tmp/mghavami/OSUMicroBenchmarks/7.5/gompi-2020b/osu-micro-benchmarks-7.5/c/mpi'
make[3]: Leaving directory '/tmp/mghavami/OSUMicroBenchmarks/7.5/gompi-2020b/osu-micro-benchmarks-7.5/c/mpi'
make[2]: Leaving directory '/tmp/mghavami/OSUMicroBenchmarks/7.5/gompi-2020b/osu-micro-benchmarks-7.5/c/mpi'
make[2]: Entering directory '/tmp/mghavami/OSUMicroBenchmarks/7.5/gompi-2020b/osu-micro-benchmarks-7.5/c'
make[3]: Entering directory '/tmp/mghavami/OSUMicroBenchmarks/7.5/gompi-2020b/osu-micro-benchmarks-7.5/c'
make[3]: Nothing to be done for 'install-data-am'.
make[3]: Leaving directory '/tmp/mghavami/OSUMicroBenchmarks/7.5/gompi-2020b/osu-micro-benchmarks-7.5/c'
make[2]: Leaving directory '/tmp/mghavami/OSUMicroBenchmarks/7.5/gompi-2020b/osu-micro-benchmarks-7.5/c'
make[1]: Leaving directory '/tmp/mghavami/OSUMicroBenchmarks/7.5/gompi-2020b/osu-micro-benchmarks-7.5/c'
make[1]: Entering directory '/tmp/mghavami/OSUMicroBenchmarks/7.5/gompi-2020b/osu-micro-benchmarks-7.5'
make[2]: Entering directory '/tmp/mghavami/OSUMicroBenchmarks/7.5/gompi-2020b/osu-micro-benchmarks-7.5'
make[2]: Nothing to be done for 'install-exec-am'.
make[2]: Nothing to be done for 'install-data-am'.
make[2]: Leaving directory '/tmp/mghavami/OSUMicroBenchmarks/7.5/gompi-2020b/osu-micro-benchmarks-7.5'
make[1]: Leaving directory '/tmp/mghavami/OSUMicroBenchmarks/7.5/gompi-2020b/osu-micro-benchmarks-7.5'

== 2025-03-25 13:55:54,268 run.py:601 INFO Shell command completed successfully (see output above): make install
== 2025-03-25 13:55:54,268 build_log.py:322 INFO ... (took < 1 sec)
== 2025-03-25 13:55:54,268 build_log.py:322 INFO taking care of extensions...
== 2025-03-25 13:55:54,268 easyblock.py:4243 INFO Starting extensions step
== 2025-03-25 13:55:54,269 easyconfig.py:1812 INFO Generating template values...
== 2025-03-25 13:55:54,269 mpi.py:122 INFO Using template MPI command 'mpirun -n %(nr_ranks)s %(cmd)s' for MPI family 'OpenMPI'
== 2025-03-25 13:55:54,269 mpi.py:298 INFO Using MPI command template 'mpirun -n %(nr_ranks)s %(cmd)s' (params: {'nr_ranks': 1, 'cmd': 'xxx_command_xxx'})
== 2025-03-25 13:55:54,269 easyconfig.py:1831 INFO Template values: arch='x86_64', bitbucket_account='osu-micro-benchmarks', builddir='/tmp/mghavami/OSUMicroBenchmarks/7.5/gompi-2020b', github_account='osu-micro-benchmarks', installdir='/home/users/mghavami/.local/easybuild/software/OSU-Micro-Benchmarks/7.5-gompi-2020b', module_name='perf/OSU-Micro-Benchmarks/7.5-gompi-2020b', mpi_cmd_prefix='mpirun -n 1', name='OSU-Micro-Benchmarks', nameletter='O', nameletterlower='o', namelower='osu-micro-benchmarks', parallel='16', rpath_enabled='true', software_commit='', start_dir='/tmp/mghavami/OSUMicroBenchmarks/7.5/gompi-2020b/osu-micro-benchmarks-7.5/', sysroot='', toolchain_name='gompi', toolchain_version='2020b', version='7.5', version_major='7', version_major_minor='7.5', version_minor='5', versionprefix='', versionsuffix=''
== 2025-03-25 13:55:54,269 easyblock.py:4251 INFO Running method extensions_step part of step extensions
== 2025-03-25 13:55:54,269 build_log.py:322 INFO ... (took < 1 sec)
== 2025-03-25 13:55:54,269 build_log.py:322 INFO restore after iterating...
== 2025-03-25 13:55:54,269 easyblock.py:4243 INFO Starting postiter step
== 2025-03-25 13:55:54,269 easyconfig.py:1812 INFO Generating template values...
== 2025-03-25 13:55:54,270 mpi.py:122 INFO Using template MPI command 'mpirun -n %(nr_ranks)s %(cmd)s' for MPI family 'OpenMPI'
== 2025-03-25 13:55:54,270 mpi.py:298 INFO Using MPI command template 'mpirun -n %(nr_ranks)s %(cmd)s' (params: {'nr_ranks': 1, 'cmd': 'xxx_command_xxx'})
== 2025-03-25 13:55:54,270 easyconfig.py:1831 INFO Template values: arch='x86_64', bitbucket_account='osu-micro-benchmarks', builddir='/tmp/mghavami/OSUMicroBenchmarks/7.5/gompi-2020b', github_account='osu-micro-benchmarks', installdir='/home/users/mghavami/.local/easybuild/software/OSU-Micro-Benchmarks/7.5-gompi-2020b', module_name='perf/OSU-Micro-Benchmarks/7.5-gompi-2020b', mpi_cmd_prefix='mpirun -n 1', name='OSU-Micro-Benchmarks', nameletter='O', nameletterlower='o', namelower='osu-micro-benchmarks', parallel='16', rpath_enabled='true', software_commit='', start_dir='/tmp/mghavami/OSUMicroBenchmarks/7.5/gompi-2020b/osu-micro-benchmarks-7.5/', sysroot='', toolchain_name='gompi', toolchain_version='2020b', version='7.5', version_major='7', version_major_minor='7.5', version_minor='5', versionprefix='', versionsuffix=''
== 2025-03-25 13:55:54,270 easyblock.py:4251 INFO Running method post_iter_step part of step postiter
== 2025-03-25 13:55:54,270 build_log.py:322 INFO ... (took < 1 sec)
== 2025-03-25 13:55:54,270 build_log.py:322 INFO postprocessing...
== 2025-03-25 13:55:54,270 easyblock.py:4243 INFO Starting postproc step
== 2025-03-25 13:55:54,270 easyconfig.py:1812 INFO Generating template values...
== 2025-03-25 13:55:54,270 mpi.py:122 INFO Using template MPI command 'mpirun -n %(nr_ranks)s %(cmd)s' for MPI family 'OpenMPI'
== 2025-03-25 13:55:54,270 mpi.py:298 INFO Using MPI command template 'mpirun -n %(nr_ranks)s %(cmd)s' (params: {'nr_ranks': 1, 'cmd': 'xxx_command_xxx'})
== 2025-03-25 13:55:54,270 easyconfig.py:1831 INFO Template values: arch='x86_64', bitbucket_account='osu-micro-benchmarks', builddir='/tmp/mghavami/OSUMicroBenchmarks/7.5/gompi-2020b', github_account='osu-micro-benchmarks', installdir='/home/users/mghavami/.local/easybuild/software/OSU-Micro-Benchmarks/7.5-gompi-2020b', module_name='perf/OSU-Micro-Benchmarks/7.5-gompi-2020b', mpi_cmd_prefix='mpirun -n 1', name='OSU-Micro-Benchmarks', nameletter='O', nameletterlower='o', namelower='osu-micro-benchmarks', parallel='16', rpath_enabled='true', software_commit='', start_dir='/tmp/mghavami/OSUMicroBenchmarks/7.5/gompi-2020b/osu-micro-benchmarks-7.5/', sysroot='', toolchain_name='gompi', toolchain_version='2020b', version='7.5', version_major='7', version_major_minor='7.5', version_minor='5', versionprefix='', versionsuffix=''
== 2025-03-25 13:55:54,270 easyblock.py:4251 INFO Running method post_processing_step part of step postproc
== 2025-03-25 13:55:54,271 easyblock.py:3167 INFO Path to 'env' command to use in patched shebang lines: /usr/bin/env
== 2025-03-25 13:55:54,271 build_log.py:322 INFO ... (took < 1 sec)
== 2025-03-25 13:55:54,271 build_log.py:322 INFO sanity checking...
== 2025-03-25 13:55:54,271 easyblock.py:4243 INFO Starting sanitycheck step
== 2025-03-25 13:55:54,271 easyconfig.py:1812 INFO Generating template values...
== 2025-03-25 13:55:54,271 mpi.py:122 INFO Using template MPI command 'mpirun -n %(nr_ranks)s %(cmd)s' for MPI family 'OpenMPI'
== 2025-03-25 13:55:54,272 mpi.py:298 INFO Using MPI command template 'mpirun -n %(nr_ranks)s %(cmd)s' (params: {'nr_ranks': 1, 'cmd': 'xxx_command_xxx'})
== 2025-03-25 13:55:54,272 easyconfig.py:1831 INFO Template values: arch='x86_64', bitbucket_account='osu-micro-benchmarks', builddir='/tmp/mghavami/OSUMicroBenchmarks/7.5/gompi-2020b', github_account='osu-micro-benchmarks', installdir='/home/users/mghavami/.local/easybuild/software/OSU-Micro-Benchmarks/7.5-gompi-2020b', module_name='perf/OSU-Micro-Benchmarks/7.5-gompi-2020b', mpi_cmd_prefix='mpirun -n 1', name='OSU-Micro-Benchmarks', nameletter='O', nameletterlower='o', namelower='osu-micro-benchmarks', parallel='16', rpath_enabled='true', software_commit='', start_dir='/tmp/mghavami/OSUMicroBenchmarks/7.5/gompi-2020b/osu-micro-benchmarks-7.5/', sysroot='', toolchain_name='gompi', toolchain_version='2020b', version='7.5', version_major='7', version_major_minor='7.5', version_minor='5', versionprefix='', versionsuffix=''
== 2025-03-25 13:55:54,272 easyblock.py:4251 INFO Running method sanity_check_step part of step sanitycheck
== 2025-03-25 13:55:54,272 easyblock.py:3618 INFO Using (only) sanity check paths specified by easyconfig file: {'files': [], 'dirs': ['libexec/osu-micro-benchmarks/mpi/collective', 'libexec/osu-micro-benchmarks/mpi/one-sided', 'libexec/osu-micro-benchmarks/mpi/pt2pt', 'libexec/osu-micro-benchmarks/mpi/startup']}
== 2025-03-25 13:55:54,272 easyblock.py:1870 INFO Loading fake module (perf/OSU-Micro-Benchmarks/7.5-gompi-2020b)
== 2025-03-25 13:55:54,274 run.py:500 INFO Running shell command '/usr/share/lmod/lmod/libexec/lmod python --terse list' in /tmp/mghavami/OSUMicroBenchmarks/7.5/gompi-2020b/osu-micro-benchmarks-7.5
== 2025-03-25 13:55:54,352 run.py:595 INFO Output of '/usr/share/lmod/lmod/libexec/lmod ...' shell command (stdout only):
import os
os.environ["MODULEPATH"] = "/home/users/mghavami/.local/easybuild/modules/all:/opt/apps/easybuild/environment/modules:/cvmfs/software.eessi.io/init/modules:/opt/apps/resif/aion/2020b/epyc/modules/all";
os.environ["_ModuleTable001_"] = "X01vZHVsZVRhYmxlXyA9IHsKTVR2ZXJzaW9uID0gMywKY19yZWJ1aWxkVGltZSA9IGZhbHNlLApjX3Nob3J0VGltZSA9IGZhbHNlLApkZXB0aFQgPSB7fSwKZmFtaWx5ID0gewplbnYgPSAiZW52L3JlbGVhc2UiLAp9LAptVCA9IHsKWyJjb21waWxlci9HQ0MiXSA9IHsKZm4gPSAiL29wdC9hcHBzL3Jlc2lmL2Fpb24vMjAyMGIvZXB5Yy9tb2R1bGVzL2FsbC9jb21waWxlci9HQ0MvMTAuMi4wLmx1YSIsCmZ1bGxOYW1lID0gImNvbXBpbGVyL0dDQy8xMC4yLjAiLApsb2FkT3JkZXIgPSA2LApwcm9wVCA9IHt9LApzdGFja0RlcHRoID0gMSwKc3RhdHVzID0gImFjdGl2ZSIsCnVzZXJOYW1lID0gImNvbXBpbGVyL0dDQy8xMC4yLjAiLAp3ViA9ICIwMDAwMDAwMTAuMDAwMDAwMDAy";
os.environ["_ModuleTable002_"] = "Lip6ZmluYWwiLAp9LApbImNvbXBpbGVyL0dDQ2NvcmUiXSA9IHsKZm4gPSAiL29wdC9hcHBzL3Jlc2lmL2Fpb24vMjAyMGIvZXB5Yy9tb2R1bGVzL2FsbC9jb21waWxlci9HQ0Njb3JlLzEwLjIuMC5sdWEiLApmdWxsTmFtZSA9ICJjb21waWxlci9HQ0Njb3JlLzEwLjIuMCIsCmxvYWRPcmRlciA9IDMsCnByb3BUID0ge30sCnN0YWNrRGVwdGggPSAyLApzdGF0dXMgPSAiYWN0aXZlIiwKdXNlck5hbWUgPSAiY29tcGlsZXIvR0NDY29yZS8xMC4yLjAiLAp3ViA9ICIwMDAwMDAwMTAuMDAwMDAwMDAyLip6ZmluYWwiLAp9LApbImVudi9yZWxlYXNlIl0gPSB7CmFjdGlvbkEgPSB7CiJhcHBlbmRfcGF0aChcIk1PRFVMRVBBVEhcIixcIi9vcHQvYXBwcy9yZXNpZi9haW9uLzIwMjBi";
os.environ["_ModuleTable003_"] = "L2VweWMvbW9kdWxlcy9hbGxcIikiLAp9LApmbiA9ICIvb3B0L2FwcHMvZWFzeWJ1aWxkL2Vudmlyb25tZW50L21vZHVsZXMvZW52L3JlbGVhc2UvZGVmYXVsdC5sdWEiLApmdWxsTmFtZSA9ICJlbnYvcmVsZWFzZS9kZWZhdWx0IiwKbG9hZE9yZGVyID0gMSwKcHJvcFQgPSB7Cmxtb2QgPSB7CnN0aWNreSA9IDEsCn0sCn0sCnN0YWNrRGVwdGggPSAwLApzdGF0dXMgPSAiYWN0aXZlIiwKdXNlck5hbWUgPSAiZW52L3JlbGVhc2UvZGVmYXVsdCIsCndWID0gIipkZWZhdWx0Lip6ZmluYWwiLAp9LApbImxpYi9VQ1giXSA9IHsKZm4gPSAiL29wdC9hcHBzL3Jlc2lmL2Fpb24vMjAyMGIvZXB5Yy9tb2R1bGVzL2FsbC9saWIvVUNYLzEuOS4wLUdDQ2NvcmUtMTAuMi4wLmx1YSIsCmZ1";
os.environ["_ModuleTable004_"] = "bGxOYW1lID0gImxpYi9VQ1gvMS45LjAtR0NDY29yZS0xMC4yLjAiLApsb2FkT3JkZXIgPSAxMiwKcHJvcFQgPSB7fSwKc3RhY2tEZXB0aCA9IDIsCnN0YXR1cyA9ICJhY3RpdmUiLAp1c2VyTmFtZSA9ICJsaWIvVUNYLzEuOS4wLUdDQ2NvcmUtMTAuMi4wIiwKd1YgPSAiMDAwMDAwMDAxLjAwMDAwMDAwOS4qZ2NjY29yZS4qemZpbmFsLS4wMDAwMDAwMTAuMDAwMDAwMDAyLip6ZmluYWwiLAp9LApbImxpYi9saWJ4bWwyIl0gPSB7CmZuID0gIi9vcHQvYXBwcy9yZXNpZi9haW9uLzIwMjBiL2VweWMvbW9kdWxlcy9hbGwvbGliL2xpYnhtbDIvMi45LjEwLUdDQ2NvcmUtMTAuMi4wLmx1YSIsCmZ1bGxOYW1lID0gImxpYi9saWJ4bWwyLzIuOS4xMC1HQ0Njb3JlLTEwLjIuMCIsCmxv";
os.environ["_ModuleTable005_"] = "YWRPcmRlciA9IDksCnByb3BUID0ge30sCnN0YWNrRGVwdGggPSAzLApzdGF0dXMgPSAiYWN0aXZlIiwKdXNlck5hbWUgPSAibGliL2xpYnhtbDIvMi45LjEwLUdDQ2NvcmUtMTAuMi4wIiwKd1YgPSAiMDAwMDAwMDAyLjAwMDAwMDAwOS4wMDAwMDAwMTAuKmdjY2NvcmUuKnpmaW5hbC0uMDAwMDAwMDEwLjAwMDAwMDAwMi4qemZpbmFsIiwKfSwKWyJsaWIvemxpYiJdID0gewpmbiA9ICIvb3B0L2FwcHMvcmVzaWYvYWlvbi8yMDIwYi9lcHljL21vZHVsZXMvYWxsL2xpYi96bGliLzEuMi4xMS1HQ0Njb3JlLTEwLjIuMC5sdWEiLApmdWxsTmFtZSA9ICJsaWIvemxpYi8xLjIuMTEtR0NDY29yZS0xMC4yLjAiLApsb2FkT3JkZXIgPSA0LApwcm9wVCA9IHt9LApzdGFja0RlcHRoID0g";
os.environ["_ModuleTable006_"] = "MywKc3RhdHVzID0gImFjdGl2ZSIsCnVzZXJOYW1lID0gImxpYi96bGliLzEuMi4xMS1HQ0Njb3JlLTEwLjIuMCIsCndWID0gIjAwMDAwMDAwMS4wMDAwMDAwMDIuMDAwMDAwMDExLipnY2Njb3JlLip6ZmluYWwtLjAwMDAwMDAxMC4wMDAwMDAwMDIuKnpmaW5hbCIsCn0sClsibXBpL09wZW5NUEkiXSA9IHsKZm4gPSAiL29wdC9hcHBzL3Jlc2lmL2Fpb24vMjAyMGIvZXB5Yy9tb2R1bGVzL2FsbC9tcGkvT3Blbk1QSS80LjAuNS1HQ0MtMTAuMi4wLmx1YSIsCmZ1bGxOYW1lID0gIm1waS9PcGVuTVBJLzQuMC41LUdDQy0xMC4yLjAiLApsb2FkT3JkZXIgPSAxMywKcHJvcFQgPSB7fSwKc3RhY2tEZXB0aCA9IDEsCnN0YXR1cyA9ICJhY3RpdmUiLAp1c2VyTmFtZSA9ICJtcGkvT3Bl";
os.environ["_ModuleTable007_"] = "bk1QSS80LjAuNS1HQ0MtMTAuMi4wIiwKd1YgPSAiMDAwMDAwMDA0LjAwMDAwMDAwMC4wMDAwMDAwMDUuKmdjYy4qemZpbmFsLS4wMDAwMDAwMTAuMDAwMDAwMDAyLip6ZmluYWwiLAp9LApbInN5c3RlbS9od2xvYyJdID0gewpmbiA9ICIvb3B0L2FwcHMvcmVzaWYvYWlvbi8yMDIwYi9lcHljL21vZHVsZXMvYWxsL3N5c3RlbS9od2xvYy8yLjIuMC1HQ0Njb3JlLTEwLjIuMC5sdWEiLApmdWxsTmFtZSA9ICJzeXN0ZW0vaHdsb2MvMi4yLjAtR0NDY29yZS0xMC4yLjAiLApsb2FkT3JkZXIgPSAxMSwKcHJvcFQgPSB7fSwKc3RhY2tEZXB0aCA9IDIsCnN0YXR1cyA9ICJhY3RpdmUiLAp1c2VyTmFtZSA9ICJzeXN0ZW0vaHdsb2MvMi4yLjAtR0NDY29yZS0xMC4yLjAiLAp3ViA9ICIw";
os.environ["_ModuleTable008_"] = "MDAwMDAwMDIuMDAwMDAwMDAyLipnY2Njb3JlLip6ZmluYWwtLjAwMDAwMDAxMC4wMDAwMDAwMDIuKnpmaW5hbCIsCn0sClsic3lzdGVtL2xpYnBjaWFjY2VzcyJdID0gewpmbiA9ICIvb3B0L2FwcHMvcmVzaWYvYWlvbi8yMDIwYi9lcHljL21vZHVsZXMvYWxsL3N5c3RlbS9saWJwY2lhY2Nlc3MvMC4xNi1HQ0Njb3JlLTEwLjIuMC5sdWEiLApmdWxsTmFtZSA9ICJzeXN0ZW0vbGlicGNpYWNjZXNzLzAuMTYtR0NDY29yZS0xMC4yLjAiLApsb2FkT3JkZXIgPSAxMCwKcHJvcFQgPSB7fSwKc3RhY2tEZXB0aCA9IDMsCnN0YXR1cyA9ICJhY3RpdmUiLAp1c2VyTmFtZSA9ICJzeXN0ZW0vbGlicGNpYWNjZXNzLzAuMTYtR0NDY29yZS0xMC4yLjAiLAp3ViA9ICIwMDAwMDAwMDAuMDAw";
os.environ["_ModuleTable009_"] = "MDAwMDE2LipnY2Njb3JlLip6ZmluYWwtLjAwMDAwMDAxMC4wMDAwMDAwMDIuKnpmaW5hbCIsCn0sClsidG9vbGNoYWluL2dvbXBpIl0gPSB7CmZuID0gIi9vcHQvYXBwcy9yZXNpZi9haW9uLzIwMjBiL2VweWMvbW9kdWxlcy9hbGwvdG9vbGNoYWluL2dvbXBpLzIwMjBiLmx1YSIsCmZ1bGxOYW1lID0gInRvb2xjaGFpbi9nb21waS8yMDIwYiIsCmxvYWRPcmRlciA9IDE0LApwcm9wVCA9IHt9LApzdGFja0RlcHRoID0gMCwKc3RhdHVzID0gImFjdGl2ZSIsCnVzZXJOYW1lID0gInRvb2xjaGFpbi9nb21waS8yMDIwYiIsCndWID0gIjAwMDAwMjAyMC4qYi4qemZpbmFsIiwKfSwKWyJ0b29scy9FYXN5QnVpbGQiXSA9IHsKZm4gPSAiL2hvbWUvdXNlcnMvbWdoYXZhbWkvLmxvY2Fs";
os.environ["_ModuleTable010_"] = "L2Vhc3lidWlsZC9tb2R1bGVzL2FsbC90b29scy9FYXN5QnVpbGQvNS4wLjAubHVhIiwKZnVsbE5hbWUgPSAidG9vbHMvRWFzeUJ1aWxkLzUuMC4wIiwKbG9hZE9yZGVyID0gMiwKcHJvcFQgPSB7fSwKc3RhY2tEZXB0aCA9IDAsCnN0YXR1cyA9ICJhY3RpdmUiLAp1c2VyTmFtZSA9ICJ0b29scy9FYXN5QnVpbGQvNS4wLjAiLAp3ViA9ICIwMDAwMDAwMDUuKnpmaW5hbCIsCn0sClsidG9vbHMvWFoiXSA9IHsKZm4gPSAiL29wdC9hcHBzL3Jlc2lmL2Fpb24vMjAyMGIvZXB5Yy9tb2R1bGVzL2FsbC90b29scy9YWi81LjIuNS1HQ0Njb3JlLTEwLjIuMC5sdWEiLApmdWxsTmFtZSA9ICJ0b29scy9YWi81LjIuNS1HQ0Njb3JlLTEwLjIuMCIsCmxvYWRPcmRlciA9IDgsCnByb3BUID0g";
os.environ["_ModuleTable011_"] = "e30sCnN0YWNrRGVwdGggPSA0LApzdGF0dXMgPSAiYWN0aXZlIiwKdXNlck5hbWUgPSAidG9vbHMvWFovNS4yLjUtR0NDY29yZS0xMC4yLjAiLAp3ViA9ICIwMDAwMDAwMDUuMDAwMDAwMDAyLjAwMDAwMDAwNS4qZ2NjY29yZS4qemZpbmFsLS4wMDAwMDAwMTAuMDAwMDAwMDAyLip6ZmluYWwiLAp9LApbInRvb2xzL2JpbnV0aWxzIl0gPSB7CmZuID0gIi9vcHQvYXBwcy9yZXNpZi9haW9uLzIwMjBiL2VweWMvbW9kdWxlcy9hbGwvdG9vbHMvYmludXRpbHMvMi4zNS1HQ0Njb3JlLTEwLjIuMC5sdWEiLApmdWxsTmFtZSA9ICJ0b29scy9iaW51dGlscy8yLjM1LUdDQ2NvcmUtMTAuMi4wIiwKbG9hZE9yZGVyID0gNSwKcHJvcFQgPSB7fSwKc3RhY2tEZXB0aCA9IDIsCnN0YXR1cyA9";
os.environ["_ModuleTable012_"] = "ICJhY3RpdmUiLAp1c2VyTmFtZSA9ICJ0b29scy9iaW51dGlscy8yLjM1LUdDQ2NvcmUtMTAuMi4wIiwKd1YgPSAiMDAwMDAwMDAyLjAwMDAwMDAzNS4qZ2NjY29yZS4qemZpbmFsLS4wMDAwMDAwMTAuMDAwMDAwMDAyLip6ZmluYWwiLAp9LApbInRvb2xzL251bWFjdGwiXSA9IHsKZm4gPSAiL29wdC9hcHBzL3Jlc2lmL2Fpb24vMjAyMGIvZXB5Yy9tb2R1bGVzL2FsbC90b29scy9udW1hY3RsLzIuMC4xMy1HQ0Njb3JlLTEwLjIuMC5sdWEiLApmdWxsTmFtZSA9ICJ0b29scy9udW1hY3RsLzIuMC4xMy1HQ0Njb3JlLTEwLjIuMCIsCmxvYWRPcmRlciA9IDcsCnByb3BUID0ge30sCnN0YWNrRGVwdGggPSAzLApzdGF0dXMgPSAiYWN0aXZlIiwKdXNlck5hbWUgPSAidG9vbHMvbnVt";
os.environ["_ModuleTable013_"] = "YWN0bC8yLjAuMTMtR0NDY29yZS0xMC4yLjAiLAp3ViA9ICIwMDAwMDAwMDIuMDAwMDAwMDAwLjAwMDAwMDAxMy4qZ2NjY29yZS4qemZpbmFsLS4wMDAwMDAwMTAuMDAwMDAwMDAyLip6ZmluYWwiLAp9LAp9LAptcGF0aEEgPSB7CiIvaG9tZS91c2Vycy9tZ2hhdmFtaS8ubG9jYWwvZWFzeWJ1aWxkL21vZHVsZXMvYWxsIgosICIvb3B0L2FwcHMvZWFzeWJ1aWxkL2Vudmlyb25tZW50L21vZHVsZXMiCiwgIi9jdm1mcy9zb2Z0d2FyZS5lZXNzaS5pby9pbml0L21vZHVsZXMiLCAiL29wdC9hcHBzL3Jlc2lmL2Fpb24vMjAyMGIvZXB5Yy9tb2R1bGVzL2FsbCIsCn0sCnN5c3RlbUJhc2VNUEFUSCA9ICIvb3B0L2FwcHMvZWFzeWJ1aWxkL2Vudmlyb25tZW50L21vZHVsZXM6L2N2bWZz";
os.environ["_ModuleTable014_"] = "L3NvZnR3YXJlLmVlc3NpLmlvL2luaXQvbW9kdWxlcyIsCn0K";
os.environ["_ModuleTable_Sz_"] = "14";
_mlstatus = True

== 2025-03-25 13:55:54,352 run.py:596 INFO Warnings and errors of '/usr/share/lmod/lmod/libexec/lmod ...' shell command (stderr only):
env/release/default
tools/EasyBuild/5.0.0
compiler/GCCcore/10.2.0
lib/zlib/1.2.11-GCCcore-10.2.0
tools/binutils/2.35-GCCcore-10.2.0
compiler/GCC/10.2.0
tools/numactl/2.0.13-GCCcore-10.2.0
tools/XZ/5.2.5-GCCcore-10.2.0
lib/libxml2/2.9.10-GCCcore-10.2.0
system/libpciaccess/0.16-GCCcore-10.2.0
system/hwloc/2.2.0-GCCcore-10.2.0
lib/UCX/1.9.0-GCCcore-10.2.0
mpi/OpenMPI/4.0.5-GCC-10.2.0
toolchain/gompi/2020b

== 2025-03-25 13:55:54,353 run.py:601 INFO Shell command completed successfully (see output above): /usr/share/lmod/lmod/libexec/lmod python --terse list
== 2025-03-25 13:55:54,354 filetools.py:2001 INFO Creating directory /tmp/eb-09zxmkft/tmp1hrm161w/all/perf/OSU-Micro-Benchmarks (parents: True, set_gid: False, sticky: False)
== 2025-03-25 13:55:54,354 easyblock.py:4050 INFO Module file /tmp/eb-09zxmkft/tmp1hrm161w/all/perf/OSU-Micro-Benchmarks/7.5-gompi-2020b.lua written: help([==[

Description
===========
OSU Micro-Benchmarks


More information
================
 - Homepage: https://mvapich.cse.ohio-state.edu/benchmarks/
]==])

whatis([==[Description: OSU Micro-Benchmarks]==])
whatis([==[Homepage: https://mvapich.cse.ohio-state.edu/benchmarks/]==])
whatis([==[URL: https://mvapich.cse.ohio-state.edu/benchmarks/]==])

local root = "/home/users/mghavami/.local/easybuild/software/OSU-Micro-Benchmarks/7.5-gompi-2020b"

conflict("perf/OSU-Micro-Benchmarks")

depends_on("toolchain/gompi/2020b")

prepend_path("ACLOCAL_PATH", pathJoin(root, "share/aclocal"))
prepend_path("CLASSPATH", pathJoin(root, "*.jar"))
prepend_path("CMAKE_LIBRARY_PATH", pathJoin(root, "lib64"))
prepend_path("CMAKE_PREFIX_PATH", root)
prepend_path("CPATH", pathJoin(root, "include"))
prepend_path("GI_TYPELIB_PATH", pathJoin(root, "lib/girepository-*"))
prepend_path("GI_TYPELIB_PATH", pathJoin(root, "lib64/girepository-*"))
prepend_path("LD_LIBRARY_PATH", pathJoin(root, "lib"))
prepend_path("LD_LIBRARY_PATH", pathJoin(root, "lib64"))
prepend_path("LIBRARY_PATH", pathJoin(root, "lib"))
prepend_path("LIBRARY_PATH", pathJoin(root, "lib64"))
prepend_path("MANPATH", pathJoin(root, "man"))
prepend_path("MANPATH", pathJoin(root, "share/man"))
prepend_path("PATH", pathJoin(root, "bin"))
prepend_path("PATH", pathJoin(root, "sbin"))
prepend_path("PATH", pathJoin(root, "libexec/osu-micro-benchmarks/mpi/collective"))
prepend_path("PATH", pathJoin(root, "libexec/osu-micro-benchmarks/mpi/one-sided"))
prepend_path("PATH", pathJoin(root, "libexec/osu-micro-benchmarks/mpi/pt2pt"))
prepend_path("PATH", pathJoin(root, "libexec/osu-micro-benchmarks/mpi/startup"))
prepend_path("PKG_CONFIG_PATH", pathJoin(root, "lib/pkgconfig"))
prepend_path("PKG_CONFIG_PATH", pathJoin(root, "lib64/pkgconfig"))
prepend_path("PKG_CONFIG_PATH", pathJoin(root, "share/pkgconfig"))
prepend_path("XDG_DATA_DIRS", pathJoin(root, "share"))
setenv("EBROOTOSUMINMICROMINBENCHMARKS", root)
setenv("EBVERSIONOSUMINMICROMINBENCHMARKS", "7.5")
setenv("EBDEVELOSUMINMICROMINBENCHMARKS", pathJoin(root, "easybuild/perf-OSU-Micro-Benchmarks-7.5-gompi-2020b-easybuild-devel"))

-- Built with EasyBuild version 5.0.0

== 2025-03-25 13:55:54,355 filetools.py:2001 INFO Creating directory /tmp/eb-09zxmkft/tmp1hrm161w/perf/perf/OSU-Micro-Benchmarks (parents: True, set_gid: False, sticky: False)
== 2025-03-25 13:55:54,355 easyblock.py:4085 INFO Skipping devel module...
== 2025-03-25 13:55:54,355 filetools.py:357 INFO Symlinked 7.5-gompi-2020b.lua to /tmp/eb-09zxmkft/tmp1hrm161w/all/perf/OSU-Micro-Benchmarks/default
== 2025-03-25 13:55:54,355 module_generator.py:1492 INFO Module default version file written to point to /tmp/eb-09zxmkft/tmp1hrm161w/all/perf/OSU-Micro-Benchmarks/default
== 2025-03-25 13:55:54,356 run.py:500 INFO Running shell command '/usr/share/lmod/lmod/libexec/lmod python use --priority 10000 /tmp/eb-09zxmkft/tmp1hrm161w/all/' in /tmp/mghavami/OSUMicroBenchmarks/7.5/gompi-2020b/osu-micro-benchmarks-7.5
== 2025-03-25 13:55:54,499 run.py:595 INFO Output of '/usr/share/lmod/lmod/libexec/lmod ...' shell command (stdout only):
import os
os.environ["__LMOD_Priority_MODULEPATH"] = "/tmp/eb-09zxmkft/tmp1hrm161w/all:-10000";
os.environ["__LMOD_REF_COUNT_MODULEPATH"] = "/tmp/eb-09zxmkft/tmp1hrm161w/all:1;/home/users/mghavami/.local/easybuild/modules/all:1;/opt/apps/easybuild/environment/modules:1;/cvmfs/software.eessi.io/init/modules:1;/opt/apps/resif/aion/2020b/epyc/modules/all:1";
os.environ["MODULEPATH"] = "/tmp/eb-09zxmkft/tmp1hrm161w/all:/home/users/mghavami/.local/easybuild/modules/all:/opt/apps/easybuild/environment/modules:/cvmfs/software.eessi.io/init/modules:/opt/apps/resif/aion/2020b/epyc/modules/all";
os.environ["_ModuleTable001_"] = "X01vZHVsZVRhYmxlXyA9IHsKTVR2ZXJzaW9uID0gMywKY19yZWJ1aWxkVGltZSA9IGZhbHNlLApjX3Nob3J0VGltZSA9IGZhbHNlLApkZXB0aFQgPSB7fSwKZmFtaWx5ID0gewplbnYgPSAiZW52L3JlbGVhc2UiLAp9LAptVCA9IHsKWyJjb21waWxlci9HQ0MiXSA9IHsKZm4gPSAiL29wdC9hcHBzL3Jlc2lmL2Fpb24vMjAyMGIvZXB5Yy9tb2R1bGVzL2FsbC9jb21waWxlci9HQ0MvMTAuMi4wLmx1YSIsCmZ1bGxOYW1lID0gImNvbXBpbGVyL0dDQy8xMC4yLjAiLApsb2FkT3JkZXIgPSA2LApwcm9wVCA9IHt9LApzdGFja0RlcHRoID0gMSwKc3RhdHVzID0gImFjdGl2ZSIsCnVzZXJOYW1lID0gImNvbXBpbGVyL0dDQy8xMC4yLjAiLAp3ViA9ICIwMDAwMDAwMTAuMDAwMDAwMDAy";
os.environ["_ModuleTable002_"] = "Lip6ZmluYWwiLAp9LApbImNvbXBpbGVyL0dDQ2NvcmUiXSA9IHsKZm4gPSAiL29wdC9hcHBzL3Jlc2lmL2Fpb24vMjAyMGIvZXB5Yy9tb2R1bGVzL2FsbC9jb21waWxlci9HQ0Njb3JlLzEwLjIuMC5sdWEiLApmdWxsTmFtZSA9ICJjb21waWxlci9HQ0Njb3JlLzEwLjIuMCIsCmxvYWRPcmRlciA9IDMsCnByb3BUID0ge30sCnN0YWNrRGVwdGggPSAyLApzdGF0dXMgPSAiYWN0aXZlIiwKdXNlck5hbWUgPSAiY29tcGlsZXIvR0NDY29yZS8xMC4yLjAiLAp3ViA9ICIwMDAwMDAwMTAuMDAwMDAwMDAyLip6ZmluYWwiLAp9LApbImVudi9yZWxlYXNlIl0gPSB7CmFjdGlvbkEgPSB7CiJhcHBlbmRfcGF0aChcIk1PRFVMRVBBVEhcIixcIi9vcHQvYXBwcy9yZXNpZi9haW9uLzIwMjBi";
os.environ["_ModuleTable003_"] = "L2VweWMvbW9kdWxlcy9hbGxcIikiLAp9LApmbiA9ICIvb3B0L2FwcHMvZWFzeWJ1aWxkL2Vudmlyb25tZW50L21vZHVsZXMvZW52L3JlbGVhc2UvZGVmYXVsdC5sdWEiLApmdWxsTmFtZSA9ICJlbnYvcmVsZWFzZS9kZWZhdWx0IiwKbG9hZE9yZGVyID0gMSwKcHJvcFQgPSB7Cmxtb2QgPSB7CnN0aWNreSA9IDEsCn0sCn0sCnN0YWNrRGVwdGggPSAwLApzdGF0dXMgPSAiYWN0aXZlIiwKdXNlck5hbWUgPSAiZW52L3JlbGVhc2UvZGVmYXVsdCIsCndWID0gIipkZWZhdWx0Lip6ZmluYWwiLAp9LApbImxpYi9VQ1giXSA9IHsKZm4gPSAiL29wdC9hcHBzL3Jlc2lmL2Fpb24vMjAyMGIvZXB5Yy9tb2R1bGVzL2FsbC9saWIvVUNYLzEuOS4wLUdDQ2NvcmUtMTAuMi4wLmx1YSIsCmZ1";
os.environ["_ModuleTable004_"] = "bGxOYW1lID0gImxpYi9VQ1gvMS45LjAtR0NDY29yZS0xMC4yLjAiLApsb2FkT3JkZXIgPSAxMiwKcHJvcFQgPSB7fSwKc3RhY2tEZXB0aCA9IDIsCnN0YXR1cyA9ICJhY3RpdmUiLAp1c2VyTmFtZSA9ICJsaWIvVUNYLzEuOS4wLUdDQ2NvcmUtMTAuMi4wIiwKd1YgPSAiMDAwMDAwMDAxLjAwMDAwMDAwOS4qZ2NjY29yZS4qemZpbmFsLS4wMDAwMDAwMTAuMDAwMDAwMDAyLip6ZmluYWwiLAp9LApbImxpYi9saWJ4bWwyIl0gPSB7CmZuID0gIi9vcHQvYXBwcy9yZXNpZi9haW9uLzIwMjBiL2VweWMvbW9kdWxlcy9hbGwvbGliL2xpYnhtbDIvMi45LjEwLUdDQ2NvcmUtMTAuMi4wLmx1YSIsCmZ1bGxOYW1lID0gImxpYi9saWJ4bWwyLzIuOS4xMC1HQ0Njb3JlLTEwLjIuMCIsCmxv";
os.environ["_ModuleTable005_"] = "YWRPcmRlciA9IDksCnByb3BUID0ge30sCnN0YWNrRGVwdGggPSAzLApzdGF0dXMgPSAiYWN0aXZlIiwKdXNlck5hbWUgPSAibGliL2xpYnhtbDIvMi45LjEwLUdDQ2NvcmUtMTAuMi4wIiwKd1YgPSAiMDAwMDAwMDAyLjAwMDAwMDAwOS4wMDAwMDAwMTAuKmdjY2NvcmUuKnpmaW5hbC0uMDAwMDAwMDEwLjAwMDAwMDAwMi4qemZpbmFsIiwKfSwKWyJsaWIvemxpYiJdID0gewpmbiA9ICIvb3B0L2FwcHMvcmVzaWYvYWlvbi8yMDIwYi9lcHljL21vZHVsZXMvYWxsL2xpYi96bGliLzEuMi4xMS1HQ0Njb3JlLTEwLjIuMC5sdWEiLApmdWxsTmFtZSA9ICJsaWIvemxpYi8xLjIuMTEtR0NDY29yZS0xMC4yLjAiLApsb2FkT3JkZXIgPSA0LApwcm9wVCA9IHt9LApzdGFja0RlcHRoID0g";
os.environ["_ModuleTable006_"] = "MywKc3RhdHVzID0gImFjdGl2ZSIsCnVzZXJOYW1lID0gImxpYi96bGliLzEuMi4xMS1HQ0Njb3JlLTEwLjIuMCIsCndWID0gIjAwMDAwMDAwMS4wMDAwMDAwMDIuMDAwMDAwMDExLipnY2Njb3JlLip6ZmluYWwtLjAwMDAwMDAxMC4wMDAwMDAwMDIuKnpmaW5hbCIsCn0sClsibXBpL09wZW5NUEkiXSA9IHsKZm4gPSAiL29wdC9hcHBzL3Jlc2lmL2Fpb24vMjAyMGIvZXB5Yy9tb2R1bGVzL2FsbC9tcGkvT3Blbk1QSS80LjAuNS1HQ0MtMTAuMi4wLmx1YSIsCmZ1bGxOYW1lID0gIm1waS9PcGVuTVBJLzQuMC41LUdDQy0xMC4yLjAiLApsb2FkT3JkZXIgPSAxMywKcHJvcFQgPSB7fSwKc3RhY2tEZXB0aCA9IDEsCnN0YXR1cyA9ICJhY3RpdmUiLAp1c2VyTmFtZSA9ICJtcGkvT3Bl";
os.environ["_ModuleTable007_"] = "bk1QSS80LjAuNS1HQ0MtMTAuMi4wIiwKd1YgPSAiMDAwMDAwMDA0LjAwMDAwMDAwMC4wMDAwMDAwMDUuKmdjYy4qemZpbmFsLS4wMDAwMDAwMTAuMDAwMDAwMDAyLip6ZmluYWwiLAp9LApbInN5c3RlbS9od2xvYyJdID0gewpmbiA9ICIvb3B0L2FwcHMvcmVzaWYvYWlvbi8yMDIwYi9lcHljL21vZHVsZXMvYWxsL3N5c3RlbS9od2xvYy8yLjIuMC1HQ0Njb3JlLTEwLjIuMC5sdWEiLApmdWxsTmFtZSA9ICJzeXN0ZW0vaHdsb2MvMi4yLjAtR0NDY29yZS0xMC4yLjAiLApsb2FkT3JkZXIgPSAxMSwKcHJvcFQgPSB7fSwKc3RhY2tEZXB0aCA9IDIsCnN0YXR1cyA9ICJhY3RpdmUiLAp1c2VyTmFtZSA9ICJzeXN0ZW0vaHdsb2MvMi4yLjAtR0NDY29yZS0xMC4yLjAiLAp3ViA9ICIw";
os.environ["_ModuleTable008_"] = "MDAwMDAwMDIuMDAwMDAwMDAyLipnY2Njb3JlLip6ZmluYWwtLjAwMDAwMDAxMC4wMDAwMDAwMDIuKnpmaW5hbCIsCn0sClsic3lzdGVtL2xpYnBjaWFjY2VzcyJdID0gewpmbiA9ICIvb3B0L2FwcHMvcmVzaWYvYWlvbi8yMDIwYi9lcHljL21vZHVsZXMvYWxsL3N5c3RlbS9saWJwY2lhY2Nlc3MvMC4xNi1HQ0Njb3JlLTEwLjIuMC5sdWEiLApmdWxsTmFtZSA9ICJzeXN0ZW0vbGlicGNpYWNjZXNzLzAuMTYtR0NDY29yZS0xMC4yLjAiLApsb2FkT3JkZXIgPSAxMCwKcHJvcFQgPSB7fSwKc3RhY2tEZXB0aCA9IDMsCnN0YXR1cyA9ICJhY3RpdmUiLAp1c2VyTmFtZSA9ICJzeXN0ZW0vbGlicGNpYWNjZXNzLzAuMTYtR0NDY29yZS0xMC4yLjAiLAp3ViA9ICIwMDAwMDAwMDAuMDAw";
os.environ["_ModuleTable009_"] = "MDAwMDE2LipnY2Njb3JlLip6ZmluYWwtLjAwMDAwMDAxMC4wMDAwMDAwMDIuKnpmaW5hbCIsCn0sClsidG9vbGNoYWluL2dvbXBpIl0gPSB7CmZuID0gIi9vcHQvYXBwcy9yZXNpZi9haW9uLzIwMjBiL2VweWMvbW9kdWxlcy9hbGwvdG9vbGNoYWluL2dvbXBpLzIwMjBiLmx1YSIsCmZ1bGxOYW1lID0gInRvb2xjaGFpbi9nb21waS8yMDIwYiIsCmxvYWRPcmRlciA9IDE0LApwcm9wVCA9IHt9LApzdGFja0RlcHRoID0gMCwKc3RhdHVzID0gImFjdGl2ZSIsCnVzZXJOYW1lID0gInRvb2xjaGFpbi9nb21waS8yMDIwYiIsCndWID0gIjAwMDAwMjAyMC4qYi4qemZpbmFsIiwKfSwKWyJ0b29scy9FYXN5QnVpbGQiXSA9IHsKZm4gPSAiL2hvbWUvdXNlcnMvbWdoYXZhbWkvLmxvY2Fs";
os.environ["_ModuleTable010_"] = "L2Vhc3lidWlsZC9tb2R1bGVzL2FsbC90b29scy9FYXN5QnVpbGQvNS4wLjAubHVhIiwKZnVsbE5hbWUgPSAidG9vbHMvRWFzeUJ1aWxkLzUuMC4wIiwKbG9hZE9yZGVyID0gMiwKcHJvcFQgPSB7fSwKc3RhY2tEZXB0aCA9IDAsCnN0YXR1cyA9ICJhY3RpdmUiLAp1c2VyTmFtZSA9ICJ0b29scy9FYXN5QnVpbGQvNS4wLjAiLAp3ViA9ICIwMDAwMDAwMDUuKnpmaW5hbCIsCn0sClsidG9vbHMvWFoiXSA9IHsKZm4gPSAiL29wdC9hcHBzL3Jlc2lmL2Fpb24vMjAyMGIvZXB5Yy9tb2R1bGVzL2FsbC90b29scy9YWi81LjIuNS1HQ0Njb3JlLTEwLjIuMC5sdWEiLApmdWxsTmFtZSA9ICJ0b29scy9YWi81LjIuNS1HQ0Njb3JlLTEwLjIuMCIsCmxvYWRPcmRlciA9IDgsCnByb3BUID0g";
os.environ["_ModuleTable011_"] = "e30sCnN0YWNrRGVwdGggPSA0LApzdGF0dXMgPSAiYWN0aXZlIiwKdXNlck5hbWUgPSAidG9vbHMvWFovNS4yLjUtR0NDY29yZS0xMC4yLjAiLAp3ViA9ICIwMDAwMDAwMDUuMDAwMDAwMDAyLjAwMDAwMDAwNS4qZ2NjY29yZS4qemZpbmFsLS4wMDAwMDAwMTAuMDAwMDAwMDAyLip6ZmluYWwiLAp9LApbInRvb2xzL2JpbnV0aWxzIl0gPSB7CmZuID0gIi9vcHQvYXBwcy9yZXNpZi9haW9uLzIwMjBiL2VweWMvbW9kdWxlcy9hbGwvdG9vbHMvYmludXRpbHMvMi4zNS1HQ0Njb3JlLTEwLjIuMC5sdWEiLApmdWxsTmFtZSA9ICJ0b29scy9iaW51dGlscy8yLjM1LUdDQ2NvcmUtMTAuMi4wIiwKbG9hZE9yZGVyID0gNSwKcHJvcFQgPSB7fSwKc3RhY2tEZXB0aCA9IDIsCnN0YXR1cyA9";
os.environ["_ModuleTable012_"] = "ICJhY3RpdmUiLAp1c2VyTmFtZSA9ICJ0b29scy9iaW51dGlscy8yLjM1LUdDQ2NvcmUtMTAuMi4wIiwKd1YgPSAiMDAwMDAwMDAyLjAwMDAwMDAzNS4qZ2NjY29yZS4qemZpbmFsLS4wMDAwMDAwMTAuMDAwMDAwMDAyLip6ZmluYWwiLAp9LApbInRvb2xzL251bWFjdGwiXSA9IHsKZm4gPSAiL29wdC9hcHBzL3Jlc2lmL2Fpb24vMjAyMGIvZXB5Yy9tb2R1bGVzL2FsbC90b29scy9udW1hY3RsLzIuMC4xMy1HQ0Njb3JlLTEwLjIuMC5sdWEiLApmdWxsTmFtZSA9ICJ0b29scy9udW1hY3RsLzIuMC4xMy1HQ0Njb3JlLTEwLjIuMCIsCmxvYWRPcmRlciA9IDcsCnByb3BUID0ge30sCnN0YWNrRGVwdGggPSAzLApzdGF0dXMgPSAiYWN0aXZlIiwKdXNlck5hbWUgPSAidG9vbHMvbnVt";
os.environ["_ModuleTable013_"] = "YWN0bC8yLjAuMTMtR0NDY29yZS0xMC4yLjAiLAp3ViA9ICIwMDAwMDAwMDIuMDAwMDAwMDAwLjAwMDAwMDAxMy4qZ2NjY29yZS4qemZpbmFsLS4wMDAwMDAwMTAuMDAwMDAwMDAyLip6ZmluYWwiLAp9LAp9LAptcGF0aEEgPSB7CiIvdG1wL2ViLTA5enhta2Z0L3RtcDFocm0xNjF3L2FsbCIKLCAiL2hvbWUvdXNlcnMvbWdoYXZhbWkvLmxvY2FsL2Vhc3lidWlsZC9tb2R1bGVzL2FsbCIKLCAiL29wdC9hcHBzL2Vhc3lidWlsZC9lbnZpcm9ubWVudC9tb2R1bGVzIgosICIvY3ZtZnMvc29mdHdhcmUuZWVzc2kuaW8vaW5pdC9tb2R1bGVzIiwgIi9vcHQvYXBwcy9yZXNpZi9haW9uLzIwMjBiL2VweWMvbW9kdWxlcy9hbGwiLAp9LApzeXN0ZW1CYXNlTVBBVEggPSAiL29wdC9hcHBz";
os.environ["_ModuleTable014_"] = "L2Vhc3lidWlsZC9lbnZpcm9ubWVudC9tb2R1bGVzOi9jdm1mcy9zb2Z0d2FyZS5lZXNzaS5pby9pbml0L21vZHVsZXMiLAp9Cg==";
os.environ["_ModuleTable_Sz_"] = "14";
_mlstatus = True

== 2025-03-25 13:55:54,499 run.py:596 INFO Warnings and errors of '/usr/share/lmod/lmod/libexec/lmod ...' shell command (stderr only):

== 2025-03-25 13:55:54,499 run.py:601 INFO Shell command completed successfully (see output above): /usr/share/lmod/lmod/libexec/lmod python use --priority 10000 /tmp/eb-09zxmkft/tmp1hrm161w/all/
== 2025-03-25 13:55:54,500 environment.py:93 INFO Environment variable __LMOD_REF_COUNT_PATH set to /home/users/mghavami/.local/easybuild/software/EasyBuild/5.0.0/bin:1;/home/users/mghavami/.local/bin:1;/home/users/mghavami/bin:1;/usr/local/bin:1;/usr/bin:1;/usr/local/sbin:1;/usr/sbin:1;/opt/puppetlabs/bin:1;/usr/share/lmod/lmod/libexec:1 (previous value: '/opt/apps/resif/aion/2020b/epyc/software/OpenMPI/4.0.5-GCC-10.2.0/bin:1;/opt/apps/resif/aion/2020b/epyc/software/UCX/1.9.0-GCCcore-10.2.0/bin:1;/opt/apps/resif/aion/2020b/epyc/software/hwloc/2.2.0-GCCcore-10.2.0/sbin:1;/opt/apps/resif/aion/2020b/epyc/software/hwloc/2.2.0-GCCcore-10.2.0/bin:1;/opt/apps/resif/aion/2020b/epyc/software/libxml2/2.9.10-GCCcore-10.2.0/bin:1;/opt/apps/resif/aion/2020b/epyc/software/XZ/5.2.5-GCCcore-10.2.0/bin:1;/opt/apps/resif/aion/2020b/epyc/software/numactl/2.0.13-GCCcore-10.2.0/bin:1;/opt/apps/resif/aion/2020b/epyc/software/binutils/2.35-GCCcore-10.2.0/bin:1;/opt/apps/resif/aion/2020b/epyc/software/GCCcore/10.2.0/bin:1;/home/users/mghavami/.local/easybuild/software/EasyBuild/5.0.0/bin:1;/home/users/mghavami/.local/bin:1;/home/users/mghavami/bin:1;/usr/local/bin:1;/usr/bin:1;/usr/local/sbin:1;/usr/sbin:1;/opt/puppetlabs/bin:1;/usr/share/lmod/lmod/libexec:1')
== 2025-03-25 13:55:54,500 environment.py:93 INFO Environment variable _ModuleTable002_ set to ewpzdGlja3kgPSAxLAp9LAp9LApzdGFja0RlcHRoID0gMCwKc3RhdHVzID0gImFjdGl2ZSIsCnVzZXJOYW1lID0gImVudi9yZWxlYXNlL2RlZmF1bHQiLAp3ViA9ICIqZGVmYXVsdC4qemZpbmFsIiwKfSwKWyJ0b29scy9FYXN5QnVpbGQiXSA9IHsKZm4gPSAiL2hvbWUvdXNlcnMvbWdoYXZhbWkvLmxvY2FsL2Vhc3lidWlsZC9tb2R1bGVzL2FsbC90b29scy9FYXN5QnVpbGQvNS4wLjAubHVhIiwKZnVsbE5hbWUgPSAidG9vbHMvRWFzeUJ1aWxkLzUuMC4wIiwKbG9hZE9yZGVyID0gMiwKcHJvcFQgPSB7fSwKc3RhY2tEZXB0aCA9IDAsCnN0YXR1cyA9ICJhY3RpdmUiLAp1c2VyTmFtZSA9ICJ0b29scy9FYXN5QnVpbGQvNS4wLjAiLAp3ViA9ICIwMDAwMDAwMDUuKnpmaW5hbCIs (previous value: 'Lip6ZmluYWwiLAp9LApbImNvbXBpbGVyL0dDQ2NvcmUiXSA9IHsKZm4gPSAiL29wdC9hcHBzL3Jlc2lmL2Fpb24vMjAyMGIvZXB5Yy9tb2R1bGVzL2FsbC9jb21waWxlci9HQ0Njb3JlLzEwLjIuMC5sdWEiLApmdWxsTmFtZSA9ICJjb21waWxlci9HQ0Njb3JlLzEwLjIuMCIsCmxvYWRPcmRlciA9IDMsCnByb3BUID0ge30sCnN0YWNrRGVwdGggPSAyLApzdGF0dXMgPSAiYWN0aXZlIiwKdXNlck5hbWUgPSAiY29tcGlsZXIvR0NDY29yZS8xMC4yLjAiLAp3ViA9ICIwMDAwMDAwMTAuMDAwMDAwMDAyLip6ZmluYWwiLAp9LApbImVudi9yZWxlYXNlIl0gPSB7CmFjdGlvbkEgPSB7CiJhcHBlbmRfcGF0aChcIk1PRFVMRVBBVEhcIixcIi9vcHQvYXBwcy9yZXNpZi9haW9uLzIwMjBi')
== 2025-03-25 13:55:54,500 environment.py:93 INFO Environment variable __LMOD_REF_COUNT_MODULEPATH set to /home/users/mghavami/.local/easybuild/modules/all:1;/opt/apps/easybuild/environment/modules:1;/cvmfs/software.eessi.io/init/modules:1;/opt/apps/resif/aion/2020b/epyc/modules/all:1 (previous value: '/tmp/eb-09zxmkft/tmp1hrm161w/all:1;/home/users/mghavami/.local/easybuild/modules/all:1;/opt/apps/easybuild/environment/modules:1;/cvmfs/software.eessi.io/init/modules:1;/opt/apps/resif/aion/2020b/epyc/modules/all:1')
== 2025-03-25 13:55:54,500 environment.py:93 INFO Environment variable CMAKE_PREFIX_PATH set to /home/users/mghavami/.local/easybuild/software/EasyBuild/5.0.0 (previous value: '/opt/apps/resif/aion/2020b/epyc/software/OpenMPI/4.0.5-GCC-10.2.0:/opt/apps/resif/aion/2020b/epyc/software/UCX/1.9.0-GCCcore-10.2.0:/opt/apps/resif/aion/2020b/epyc/software/hwloc/2.2.0-GCCcore-10.2.0:/opt/apps/resif/aion/2020b/epyc/software/libpciaccess/0.16-GCCcore-10.2.0:/opt/apps/resif/aion/2020b/epyc/software/libxml2/2.9.10-GCCcore-10.2.0:/opt/apps/resif/aion/2020b/epyc/software/XZ/5.2.5-GCCcore-10.2.0:/opt/apps/resif/aion/2020b/epyc/software/numactl/2.0.13-GCCcore-10.2.0:/opt/apps/resif/aion/2020b/epyc/software/binutils/2.35-GCCcore-10.2.0:/opt/apps/resif/aion/2020b/epyc/software/zlib/1.2.11-GCCcore-10.2.0:/opt/apps/resif/aion/2020b/epyc/software/GCCcore/10.2.0:/home/users/mghavami/.local/easybuild/software/EasyBuild/5.0.0')
== 2025-03-25 13:55:54,500 environment.py:93 INFO Environment variable __LMOD_REF_COUNT_CMAKE_PREFIX_PATH set to /home/users/mghavami/.local/easybuild/software/EasyBuild/5.0.0:1 (previous value: '/opt/apps/resif/aion/2020b/epyc/software/OpenMPI/4.0.5-GCC-10.2.0:1;/opt/apps/resif/aion/2020b/epyc/software/UCX/1.9.0-GCCcore-10.2.0:1;/opt/apps/resif/aion/2020b/epyc/software/hwloc/2.2.0-GCCcore-10.2.0:1;/opt/apps/resif/aion/2020b/epyc/software/libpciaccess/0.16-GCCcore-10.2.0:1;/opt/apps/resif/aion/2020b/epyc/software/libxml2/2.9.10-GCCcore-10.2.0:1;/opt/apps/resif/aion/2020b/epyc/software/XZ/5.2.5-GCCcore-10.2.0:1;/opt/apps/resif/aion/2020b/epyc/software/numactl/2.0.13-GCCcore-10.2.0:1;/opt/apps/resif/aion/2020b/epyc/software/binutils/2.35-GCCcore-10.2.0:1;/opt/apps/resif/aion/2020b/epyc/software/zlib/1.2.11-GCCcore-10.2.0:1;/opt/apps/resif/aion/2020b/epyc/software/GCCcore/10.2.0:1;/home/users/mghavami/.local/easybuild/software/EasyBuild/5.0.0:1')
== 2025-03-25 13:55:54,501 environment.py:93 INFO Environment variable _ModuleTable001_ set to X01vZHVsZVRhYmxlXyA9IHsKTVR2ZXJzaW9uID0gMywKY19yZWJ1aWxkVGltZSA9IGZhbHNlLApjX3Nob3J0VGltZSA9IGZhbHNlLApkZXB0aFQgPSB7fSwKZmFtaWx5ID0gewplbnYgPSAiZW52L3JlbGVhc2UiLAp9LAptVCA9IHsKWyJlbnYvcmVsZWFzZSJdID0gewphY3Rpb25BID0gewoiYXBwZW5kX3BhdGgoXCJNT0RVTEVQQVRIXCIsXCIvb3B0L2FwcHMvcmVzaWYvYWlvbi8yMDIwYi9lcHljL21vZHVsZXMvYWxsXCIpIiwKfSwKZm4gPSAiL29wdC9hcHBzL2Vhc3lidWlsZC9lbnZpcm9ubWVudC9tb2R1bGVzL2Vudi9yZWxlYXNlL2RlZmF1bHQubHVhIiwKZnVsbE5hbWUgPSAiZW52L3JlbGVhc2UvZGVmYXVsdCIsCmxvYWRPcmRlciA9IDEsCnByb3BUID0gewpsbW9kID0g (previous value: 'X01vZHVsZVRhYmxlXyA9IHsKTVR2ZXJzaW9uID0gMywKY19yZWJ1aWxkVGltZSA9IGZhbHNlLApjX3Nob3J0VGltZSA9IGZhbHNlLApkZXB0aFQgPSB7fSwKZmFtaWx5ID0gewplbnYgPSAiZW52L3JlbGVhc2UiLAp9LAptVCA9IHsKWyJjb21waWxlci9HQ0MiXSA9IHsKZm4gPSAiL29wdC9hcHBzL3Jlc2lmL2Fpb24vMjAyMGIvZXB5Yy9tb2R1bGVzL2FsbC9jb21waWxlci9HQ0MvMTAuMi4wLmx1YSIsCmZ1bGxOYW1lID0gImNvbXBpbGVyL0dDQy8xMC4yLjAiLApsb2FkT3JkZXIgPSA2LApwcm9wVCA9IHt9LApzdGFja0RlcHRoID0gMSwKc3RhdHVzID0gImFjdGl2ZSIsCnVzZXJOYW1lID0gImNvbXBpbGVyL0dDQy8xMC4yLjAiLAp3ViA9ICIwMDAwMDAwMTAuMDAwMDAwMDAy')
== 2025-03-25 13:55:54,501 environment.py:93 INFO Environment variable LOADEDMODULES set to env/release/default:tools/EasyBuild/5.0.0 (previous value: 'env/release/default:tools/EasyBuild/5.0.0:compiler/GCCcore/10.2.0:lib/zlib/1.2.11-GCCcore-10.2.0:tools/binutils/2.35-GCCcore-10.2.0:compiler/GCC/10.2.0:tools/numactl/2.0.13-GCCcore-10.2.0:tools/XZ/5.2.5-GCCcore-10.2.0:lib/libxml2/2.9.10-GCCcore-10.2.0:system/libpciaccess/0.16-GCCcore-10.2.0:system/hwloc/2.2.0-GCCcore-10.2.0:lib/UCX/1.9.0-GCCcore-10.2.0:mpi/OpenMPI/4.0.5-GCC-10.2.0:toolchain/gompi/2020b')
== 2025-03-25 13:55:54,501 environment.py:93 INFO Environment variable _ModuleTable003_ set to Cn0sCn0sCm1wYXRoQSA9IHsKIi9ob21lL3VzZXJzL21naGF2YW1pLy5sb2NhbC9lYXN5YnVpbGQvbW9kdWxlcy9hbGwiCiwgIi9vcHQvYXBwcy9lYXN5YnVpbGQvZW52aXJvbm1lbnQvbW9kdWxlcyIKLCAiL2N2bWZzL3NvZnR3YXJlLmVlc3NpLmlvL2luaXQvbW9kdWxlcyIsICIvb3B0L2FwcHMvcmVzaWYvYWlvbi8yMDIwYi9lcHljL21vZHVsZXMvYWxsIiwKfSwKc3lzdGVtQmFzZU1QQVRIID0gIi9vcHQvYXBwcy9lYXN5YnVpbGQvZW52aXJvbm1lbnQvbW9kdWxlczovY3ZtZnMvc29mdHdhcmUuZWVzc2kuaW8vaW5pdC9tb2R1bGVzIiwKfQo= (previous value: 'L2VweWMvbW9kdWxlcy9hbGxcIikiLAp9LApmbiA9ICIvb3B0L2FwcHMvZWFzeWJ1aWxkL2Vudmlyb25tZW50L21vZHVsZXMvZW52L3JlbGVhc2UvZGVmYXVsdC5sdWEiLApmdWxsTmFtZSA9ICJlbnYvcmVsZWFzZS9kZWZhdWx0IiwKbG9hZE9yZGVyID0gMSwKcHJvcFQgPSB7Cmxtb2QgPSB7CnN0aWNreSA9IDEsCn0sCn0sCnN0YWNrRGVwdGggPSAwLApzdGF0dXMgPSAiYWN0aXZlIiwKdXNlck5hbWUgPSAiZW52L3JlbGVhc2UvZGVmYXVsdCIsCndWID0gIipkZWZhdWx0Lip6ZmluYWwiLAp9LApbImxpYi9VQ1giXSA9IHsKZm4gPSAiL29wdC9hcHBzL3Jlc2lmL2Fpb24vMjAyMGIvZXB5Yy9tb2R1bGVzL2FsbC9saWIvVUNYLzEuOS4wLUdDQ2NvcmUtMTAuMi4wLmx1YSIsCmZ1')
== 2025-03-25 13:55:54,501 environment.py:93 INFO Environment variable _ModuleTable_Sz_ set to 3 (previous value: '14')
== 2025-03-25 13:55:54,501 environment.py:93 INFO Environment variable MANPATH set to /usr/share/lmod/lmod/share/man::/opt/puppetlabs/puppet/share/man (previous value: '/opt/apps/resif/aion/2020b/epyc/software/OpenMPI/4.0.5-GCC-10.2.0/share/man:/opt/apps/resif/aion/2020b/epyc/software/hwloc/2.2.0-GCCcore-10.2.0/share/man:/opt/apps/resif/aion/2020b/epyc/software/libxml2/2.9.10-GCCcore-10.2.0/share/man:/opt/apps/resif/aion/2020b/epyc/software/XZ/5.2.5-GCCcore-10.2.0/share/man:/opt/apps/resif/aion/2020b/epyc/software/numactl/2.0.13-GCCcore-10.2.0/share/man:/opt/apps/resif/aion/2020b/epyc/software/binutils/2.35-GCCcore-10.2.0/share/man:/opt/apps/resif/aion/2020b/epyc/software/zlib/1.2.11-GCCcore-10.2.0/share/man:/opt/apps/resif/aion/2020b/epyc/software/GCCcore/10.2.0/share/man:/usr/share/lmod/lmod/share/man::/opt/puppetlabs/puppet/share/man')
== 2025-03-25 13:55:54,501 environment.py:93 INFO Environment variable MODULEPATH set to /home/users/mghavami/.local/easybuild/modules/all:/opt/apps/easybuild/environment/modules:/cvmfs/software.eessi.io/init/modules:/opt/apps/resif/aion/2020b/epyc/modules/all (previous value: '/tmp/eb-09zxmkft/tmp1hrm161w/all:/home/users/mghavami/.local/easybuild/modules/all:/opt/apps/easybuild/environment/modules:/cvmfs/software.eessi.io/init/modules:/opt/apps/resif/aion/2020b/epyc/modules/all')
== 2025-03-25 13:55:54,501 environment.py:93 INFO Environment variable PATH set to /home/users/mghavami/.local/easybuild/software/EasyBuild/5.0.0/bin:/home/users/mghavami/.local/bin:/home/users/mghavami/bin:/usr/local/bin:/usr/bin:/usr/local/sbin:/usr/sbin:/opt/puppetlabs/bin:/usr/share/lmod/lmod/libexec (previous value: '/tmp/eb-09zxmkft/tmp2l12z53e/rpath_wrappers/ld.bfd_wrapper:/tmp/eb-09zxmkft/tmp2l12z53e/rpath_wrappers/ld.gold_wrapper:/tmp/eb-09zxmkft/tmp2l12z53e/rpath_wrappers/ld_wrapper:/tmp/eb-09zxmkft/tmp2l12z53e/rpath_wrappers/gfortran_wrapper:/tmp/eb-09zxmkft/tmp2l12z53e/rpath_wrappers/gxx_wrapper:/tmp/eb-09zxmkft/tmp2l12z53e/rpath_wrappers/gcc_wrapper:/opt/apps/resif/aion/2020b/epyc/software/OpenMPI/4.0.5-GCC-10.2.0/bin:/opt/apps/resif/aion/2020b/epyc/software/UCX/1.9.0-GCCcore-10.2.0/bin:/opt/apps/resif/aion/2020b/epyc/software/hwloc/2.2.0-GCCcore-10.2.0/sbin:/opt/apps/resif/aion/2020b/epyc/software/hwloc/2.2.0-GCCcore-10.2.0/bin:/opt/apps/resif/aion/2020b/epyc/software/libxml2/2.9.10-GCCcore-10.2.0/bin:/opt/apps/resif/aion/2020b/epyc/software/XZ/5.2.5-GCCcore-10.2.0/bin:/opt/apps/resif/aion/2020b/epyc/software/numactl/2.0.13-GCCcore-10.2.0/bin:/opt/apps/resif/aion/2020b/epyc/software/binutils/2.35-GCCcore-10.2.0/bin:/opt/apps/resif/aion/2020b/epyc/software/GCCcore/10.2.0/bin:/home/users/mghavami/.local/easybuild/software/EasyBuild/5.0.0/bin:/home/users/mghavami/.local/bin:/home/users/mghavami/bin:/usr/local/bin:/usr/bin:/usr/local/sbin:/usr/sbin:/opt/puppetlabs/bin:/usr/share/lmod/lmod/libexec')
== 2025-03-25 13:55:54,501 environment.py:93 INFO Environment variable _LMFILES_ set to /opt/apps/easybuild/environment/modules/env/release/default.lua:/home/users/mghavami/.local/easybuild/modules/all/tools/EasyBuild/5.0.0.lua (previous value: '/opt/apps/easybuild/environment/modules/env/release/default.lua:/home/users/mghavami/.local/easybuild/modules/all/tools/EasyBuild/5.0.0.lua:/opt/apps/resif/aion/2020b/epyc/modules/all/compiler/GCCcore/10.2.0.lua:/opt/apps/resif/aion/2020b/epyc/modules/all/lib/zlib/1.2.11-GCCcore-10.2.0.lua:/opt/apps/resif/aion/2020b/epyc/modules/all/tools/binutils/2.35-GCCcore-10.2.0.lua:/opt/apps/resif/aion/2020b/epyc/modules/all/compiler/GCC/10.2.0.lua:/opt/apps/resif/aion/2020b/epyc/modules/all/tools/numactl/2.0.13-GCCcore-10.2.0.lua:/opt/apps/resif/aion/2020b/epyc/modules/all/tools/XZ/5.2.5-GCCcore-10.2.0.lua:/opt/apps/resif/aion/2020b/epyc/modules/all/lib/libxml2/2.9.10-GCCcore-10.2.0.lua:/opt/apps/resif/aion/2020b/epyc/modules/all/system/libpciaccess/0.16-GCCcore-10.2.0.lua:/opt/apps/resif/aion/2020b/epyc/modules/all/system/hwloc/2.2.0-GCCcore-10.2.0.lua:/opt/apps/resif/aion/2020b/epyc/modules/all/lib/UCX/1.9.0-GCCcore-10.2.0.lua:/opt/apps/resif/aion/2020b/epyc/modules/all/mpi/OpenMPI/4.0.5-GCC-10.2.0.lua:/opt/apps/resif/aion/2020b/epyc/modules/all/toolchain/gompi/2020b.lua')
== 2025-03-25 13:55:54,503 modules.py:821 INFO $MODULEPATH set via list of module paths (w/ 'module use'): /tmp/eb-09zxmkft/tmp1hrm161w/all:/home/users/mghavami/.local/easybuild/modules/all:/opt/apps/easybuild/environment/modules:/cvmfs/software.eessi.io/init/modules:/opt/apps/resif/aion/2020b/epyc/modules/all
== 2025-03-25 13:55:54,503 run.py:500 INFO Running shell command '/usr/share/lmod/lmod/libexec/lmod python --terse list' in /tmp/mghavami/OSUMicroBenchmarks/7.5/gompi-2020b/osu-micro-benchmarks-7.5
== 2025-03-25 13:55:54,547 run.py:595 INFO Output of '/usr/share/lmod/lmod/libexec/lmod ...' shell command (stdout only):
import os
os.environ["__LMOD_REF_COUNT_MODULEPATH"] = "/tmp/eb-09zxmkft/tmp1hrm161w/all:1;/home/users/mghavami/.local/easybuild/modules/all:1;/opt/apps/easybuild/environment/modules:1;/cvmfs/software.eessi.io/init/modules:1;/opt/apps/resif/aion/2020b/epyc/modules/all:1";
os.environ["MODULEPATH"] = "/tmp/eb-09zxmkft/tmp1hrm161w/all:/home/users/mghavami/.local/easybuild/modules/all:/opt/apps/easybuild/environment/modules:/cvmfs/software.eessi.io/init/modules:/opt/apps/resif/aion/2020b/epyc/modules/all";
os.environ["_ModuleTable001_"] = "X01vZHVsZVRhYmxlXyA9IHsKTVR2ZXJzaW9uID0gMywKY19yZWJ1aWxkVGltZSA9IGZhbHNlLApjX3Nob3J0VGltZSA9IGZhbHNlLApkZXB0aFQgPSB7fSwKZmFtaWx5ID0gewplbnYgPSAiZW52L3JlbGVhc2UiLAp9LAptVCA9IHsKWyJlbnYvcmVsZWFzZSJdID0gewphY3Rpb25BID0gewoiYXBwZW5kX3BhdGgoXCJNT0RVTEVQQVRIXCIsXCIvb3B0L2FwcHMvcmVzaWYvYWlvbi8yMDIwYi9lcHljL21vZHVsZXMvYWxsXCIpIiwKfSwKZm4gPSAiL29wdC9hcHBzL2Vhc3lidWlsZC9lbnZpcm9ubWVudC9tb2R1bGVzL2Vudi9yZWxlYXNlL2RlZmF1bHQubHVhIiwKZnVsbE5hbWUgPSAiZW52L3JlbGVhc2UvZGVmYXVsdCIsCmxvYWRPcmRlciA9IDEsCnByb3BUID0gewpsbW9kID0g";
os.environ["_ModuleTable002_"] = "ewpzdGlja3kgPSAxLAp9LAp9LApzdGFja0RlcHRoID0gMCwKc3RhdHVzID0gImFjdGl2ZSIsCnVzZXJOYW1lID0gImVudi9yZWxlYXNlL2RlZmF1bHQiLAp3ViA9ICIqZGVmYXVsdC4qemZpbmFsIiwKfSwKWyJ0b29scy9FYXN5QnVpbGQiXSA9IHsKZm4gPSAiL2hvbWUvdXNlcnMvbWdoYXZhbWkvLmxvY2FsL2Vhc3lidWlsZC9tb2R1bGVzL2FsbC90b29scy9FYXN5QnVpbGQvNS4wLjAubHVhIiwKZnVsbE5hbWUgPSAidG9vbHMvRWFzeUJ1aWxkLzUuMC4wIiwKbG9hZE9yZGVyID0gMiwKcHJvcFQgPSB7fSwKc3RhY2tEZXB0aCA9IDAsCnN0YXR1cyA9ICJhY3RpdmUiLAp1c2VyTmFtZSA9ICJ0b29scy9FYXN5QnVpbGQvNS4wLjAiLAp3ViA9ICIwMDAwMDAwMDUuKnpmaW5hbCIs";
os.environ["_ModuleTable003_"] = "Cn0sCn0sCm1wYXRoQSA9IHsKIi90bXAvZWItMDl6eG1rZnQvdG1wMWhybTE2MXcvYWxsIgosICIvaG9tZS91c2Vycy9tZ2hhdmFtaS8ubG9jYWwvZWFzeWJ1aWxkL21vZHVsZXMvYWxsIgosICIvb3B0L2FwcHMvZWFzeWJ1aWxkL2Vudmlyb25tZW50L21vZHVsZXMiCiwgIi9jdm1mcy9zb2Z0d2FyZS5lZXNzaS5pby9pbml0L21vZHVsZXMiLCAiL29wdC9hcHBzL3Jlc2lmL2Fpb24vMjAyMGIvZXB5Yy9tb2R1bGVzL2FsbCIsCn0sCnN5c3RlbUJhc2VNUEFUSCA9ICIvb3B0L2FwcHMvZWFzeWJ1aWxkL2Vudmlyb25tZW50L21vZHVsZXM6L2N2bWZzL3NvZnR3YXJlLmVlc3NpLmlvL2luaXQvbW9kdWxlcyIsCn0K";
os.environ["_ModuleTable_Sz_"] = "3";
_mlstatus = True

== 2025-03-25 13:55:54,547 run.py:596 INFO Warnings and errors of '/usr/share/lmod/lmod/libexec/lmod ...' shell command (stderr only):
env/release/default
tools/EasyBuild/5.0.0

== 2025-03-25 13:55:54,548 run.py:601 INFO Shell command completed successfully (see output above): /usr/share/lmod/lmod/libexec/lmod python --terse list
== 2025-03-25 13:55:54,548 run.py:500 INFO Running shell command '/usr/share/lmod/lmod/libexec/lmod python load perf/OSU-Micro-Benchmarks/7.5-gompi-2020b' in /tmp/mghavami/OSUMicroBenchmarks/7.5/gompi-2020b/osu-micro-benchmarks-7.5
== 2025-03-25 13:55:54,748 run.py:595 INFO Output of '/usr/share/lmod/lmod/libexec/lmod ...' shell command (stdout only):
import os
os.environ["__LMOD_REF_COUNT_ACLOCAL_PATH"] = "/home/users/mghavami/.local/easybuild/software/OSU-Micro-Benchmarks/7.5-gompi-2020b/share/aclocal:1;/opt/apps/resif/aion/2020b/epyc/software/libxml2/2.9.10-GCCcore-10.2.0/share/aclocal:1";
os.environ["ACLOCAL_PATH"] = "/home/users/mghavami/.local/easybuild/software/OSU-Micro-Benchmarks/7.5-gompi-2020b/share/aclocal:/opt/apps/resif/aion/2020b/epyc/software/libxml2/2.9.10-GCCcore-10.2.0/share/aclocal";
os.environ["__LMOD_REF_COUNT_CLASSPATH"] = "/home/users/mghavami/.local/easybuild/software/OSU-Micro-Benchmarks/7.5-gompi-2020b/*.jar:1";
os.environ["CLASSPATH"] = "/home/users/mghavami/.local/easybuild/software/OSU-Micro-Benchmarks/7.5-gompi-2020b/*.jar";
os.environ["__LMOD_REF_COUNT_CMAKE_LIBRARY_PATH"] = "/home/users/mghavami/.local/easybuild/software/OSU-Micro-Benchmarks/7.5-gompi-2020b/lib64:1;/opt/apps/resif/aion/2020b/epyc/software/GCCcore/10.2.0/lib64:1";
os.environ["CMAKE_LIBRARY_PATH"] = "/home/users/mghavami/.local/easybuild/software/OSU-Micro-Benchmarks/7.5-gompi-2020b/lib64:/opt/apps/resif/aion/2020b/epyc/software/GCCcore/10.2.0/lib64";
os.environ["__LMOD_REF_COUNT_CMAKE_PREFIX_PATH"] = "/home/users/mghavami/.local/easybuild/software/OSU-Micro-Benchmarks/7.5-gompi-2020b:1;/opt/apps/resif/aion/2020b/epyc/software/OpenMPI/4.0.5-GCC-10.2.0:1;/opt/apps/resif/aion/2020b/epyc/software/UCX/1.9.0-GCCcore-10.2.0:1;/opt/apps/resif/aion/2020b/epyc/software/hwloc/2.2.0-GCCcore-10.2.0:1;/opt/apps/resif/aion/2020b/epyc/software/libpciaccess/0.16-GCCcore-10.2.0:1;/opt/apps/resif/aion/2020b/epyc/software/libxml2/2.9.10-GCCcore-10.2.0:1;/opt/apps/resif/aion/2020b/epyc/software/XZ/5.2.5-GCCcore-10.2.0:1;/opt/apps/resif/aion/2020b/epyc/software/numactl/2.0.13-GCCcore-10.2.0:1;/opt/apps/resif/aion/2020b/epyc/software/binutils/2.35-GCCcore-10.2.0:1;/opt/apps/resif/aion/2020b/epyc/software/zlib/1.2.11-GCCcore-10.2.0:1;/opt/apps/resif/aion/2020b/epyc/software/GCCcore/10.2.0:1;/home/users/mghavami/.local/easybuild/software/EasyBuild/5.0.0:1";
os.environ["CMAKE_PREFIX_PATH"] = "/home/users/mghavami/.local/easybuild/software/OSU-Micro-Benchmarks/7.5-gompi-2020b:/opt/apps/resif/aion/2020b/epyc/software/OpenMPI/4.0.5-GCC-10.2.0:/opt/apps/resif/aion/2020b/epyc/software/UCX/1.9.0-GCCcore-10.2.0:/opt/apps/resif/aion/2020b/epyc/software/hwloc/2.2.0-GCCcore-10.2.0:/opt/apps/resif/aion/2020b/epyc/software/libpciaccess/0.16-GCCcore-10.2.0:/opt/apps/resif/aion/2020b/epyc/software/libxml2/2.9.10-GCCcore-10.2.0:/opt/apps/resif/aion/2020b/epyc/software/XZ/5.2.5-GCCcore-10.2.0:/opt/apps/resif/aion/2020b/epyc/software/numactl/2.0.13-GCCcore-10.2.0:/opt/apps/resif/aion/2020b/epyc/software/binutils/2.35-GCCcore-10.2.0:/opt/apps/resif/aion/2020b/epyc/software/zlib/1.2.11-GCCcore-10.2.0:/opt/apps/resif/aion/2020b/epyc/software/GCCcore/10.2.0:/home/users/mghavami/.local/easybuild/software/EasyBuild/5.0.0";
os.environ["__LMOD_REF_COUNT_CPATH"] = "/home/users/mghavami/.local/easybuild/software/OSU-Micro-Benchmarks/7.5-gompi-2020b/include:1;/opt/apps/resif/aion/2020b/epyc/software/OpenMPI/4.0.5-GCC-10.2.0/include:1;/opt/apps/resif/aion/2020b/epyc/software/UCX/1.9.0-GCCcore-10.2.0/include:1;/opt/apps/resif/aion/2020b/epyc/software/hwloc/2.2.0-GCCcore-10.2.0/include:1;/opt/apps/resif/aion/2020b/epyc/software/libpciaccess/0.16-GCCcore-10.2.0/include:1;/opt/apps/resif/aion/2020b/epyc/software/libxml2/2.9.10-GCCcore-10.2.0/include/libxml2:1;/opt/apps/resif/aion/2020b/epyc/software/libxml2/2.9.10-GCCcore-10.2.0/include:1;/opt/apps/resif/aion/2020b/epyc/software/XZ/5.2.5-GCCcore-10.2.0/include:1;/opt/apps/resif/aion/2020b/epyc/software/numactl/2.0.13-GCCcore-10.2.0/include:1;/opt/apps/resif/aion/2020b/epyc/software/binutils/2.35-GCCcore-10.2.0/include:1;/opt/apps/resif/aion/2020b/epyc/software/zlib/1.2.11-GCCcore-10.2.0/include:1";
os.environ["CPATH"] = "/home/users/mghavami/.local/easybuild/software/OSU-Micro-Benchmarks/7.5-gompi-2020b/include:/opt/apps/resif/aion/2020b/epyc/software/OpenMPI/4.0.5-GCC-10.2.0/include:/opt/apps/resif/aion/2020b/epyc/software/UCX/1.9.0-GCCcore-10.2.0/include:/opt/apps/resif/aion/2020b/epyc/software/hwloc/2.2.0-GCCcore-10.2.0/include:/opt/apps/resif/aion/2020b/epyc/software/libpciaccess/0.16-GCCcore-10.2.0/include:/opt/apps/resif/aion/2020b/epyc/software/libxml2/2.9.10-GCCcore-10.2.0/include/libxml2:/opt/apps/resif/aion/2020b/epyc/software/libxml2/2.9.10-GCCcore-10.2.0/include:/opt/apps/resif/aion/2020b/epyc/software/XZ/5.2.5-GCCcore-10.2.0/include:/opt/apps/resif/aion/2020b/epyc/software/numactl/2.0.13-GCCcore-10.2.0/include:/opt/apps/resif/aion/2020b/epyc/software/binutils/2.35-GCCcore-10.2.0/include:/opt/apps/resif/aion/2020b/epyc/software/zlib/1.2.11-GCCcore-10.2.0/include";
os.environ["EBDEVELBINUTILS"] = "/opt/apps/resif/aion/2020b/epyc/software/binutils/2.35-GCCcore-10.2.0/easybuild/tools-binutils-2.35-GCCcore-10.2.0-easybuild-devel";
os.environ["EBDEVELGCC"] = "/opt/apps/resif/aion/2020b/epyc/software/GCC/10.2.0/easybuild/compiler-GCC-10.2.0-easybuild-devel";
os.environ["EBDEVELGCCCORE"] = "/opt/apps/resif/aion/2020b/epyc/software/GCCcore/10.2.0/easybuild/compiler-GCCcore-10.2.0-easybuild-devel";
os.environ["EBDEVELGOMPI"] = "/opt/apps/resif/aion/2020b/epyc/software/gompi/2020b/easybuild/toolchain-gompi-2020b-easybuild-devel";
os.environ["EBDEVELHWLOC"] = "/opt/apps/resif/aion/2020b/epyc/software/hwloc/2.2.0-GCCcore-10.2.0/easybuild/system-hwloc-2.2.0-GCCcore-10.2.0-easybuild-devel";
os.environ["EBDEVELLIBPCIACCESS"] = "/opt/apps/resif/aion/2020b/epyc/software/libpciaccess/0.16-GCCcore-10.2.0/easybuild/system-libpciaccess-0.16-GCCcore-10.2.0-easybuild-devel";
os.environ["EBDEVELLIBXML2"] = "/opt/apps/resif/aion/2020b/epyc/software/libxml2/2.9.10-GCCcore-10.2.0/easybuild/lib-libxml2-2.9.10-GCCcore-10.2.0-easybuild-devel";
os.environ["EBDEVELNUMACTL"] = "/opt/apps/resif/aion/2020b/epyc/software/numactl/2.0.13-GCCcore-10.2.0/easybuild/tools-numactl-2.0.13-GCCcore-10.2.0-easybuild-devel";
os.environ["EBDEVELOPENMPI"] = "/opt/apps/resif/aion/2020b/epyc/software/OpenMPI/4.0.5-GCC-10.2.0/easybuild/mpi-OpenMPI-4.0.5-GCC-10.2.0-easybuild-devel";
os.environ["EBDEVELOSUMINMICROMINBENCHMARKS"] = "/home/users/mghavami/.local/easybuild/software/OSU-Micro-Benchmarks/7.5-gompi-2020b/easybuild/perf-OSU-Micro-Benchmarks-7.5-gompi-2020b-easybuild-devel";
os.environ["EBDEVELUCX"] = "/opt/apps/resif/aion/2020b/epyc/software/UCX/1.9.0-GCCcore-10.2.0/easybuild/lib-UCX-1.9.0-GCCcore-10.2.0-easybuild-devel";
os.environ["EBDEVELXZ"] = "/opt/apps/resif/aion/2020b/epyc/software/XZ/5.2.5-GCCcore-10.2.0/easybuild/tools-XZ-5.2.5-GCCcore-10.2.0-easybuild-devel";
os.environ["EBDEVELZLIB"] = "/opt/apps/resif/aion/2020b/epyc/software/zlib/1.2.11-GCCcore-10.2.0/easybuild/lib-zlib-1.2.11-GCCcore-10.2.0-easybuild-devel";
os.environ["EBROOTBINUTILS"] = "/opt/apps/resif/aion/2020b/epyc/software/binutils/2.35-GCCcore-10.2.0";
os.environ["EBROOTGCC"] = "/opt/apps/resif/aion/2020b/epyc/software/GCCcore/10.2.0";
os.environ["EBROOTGCCCORE"] = "/opt/apps/resif/aion/2020b/epyc/software/GCCcore/10.2.0";
os.environ["EBROOTGOMPI"] = "/opt/apps/resif/aion/2020b/epyc/software/gompi/2020b";
os.environ["EBROOTHWLOC"] = "/opt/apps/resif/aion/2020b/epyc/software/hwloc/2.2.0-GCCcore-10.2.0";
os.environ["EBROOTLIBPCIACCESS"] = "/opt/apps/resif/aion/2020b/epyc/software/libpciaccess/0.16-GCCcore-10.2.0";
os.environ["EBROOTLIBXML2"] = "/opt/apps/resif/aion/2020b/epyc/software/libxml2/2.9.10-GCCcore-10.2.0";
os.environ["EBROOTNUMACTL"] = "/opt/apps/resif/aion/2020b/epyc/software/numactl/2.0.13-GCCcore-10.2.0";
os.environ["EBROOTOPENMPI"] = "/opt/apps/resif/aion/2020b/epyc/software/OpenMPI/4.0.5-GCC-10.2.0";
os.environ["EBROOTOSUMINMICROMINBENCHMARKS"] = "/home/users/mghavami/.local/easybuild/software/OSU-Micro-Benchmarks/7.5-gompi-2020b";
os.environ["EBROOTUCX"] = "/opt/apps/resif/aion/2020b/epyc/software/UCX/1.9.0-GCCcore-10.2.0";
os.environ["EBROOTXZ"] = "/opt/apps/resif/aion/2020b/epyc/software/XZ/5.2.5-GCCcore-10.2.0";
os.environ["EBROOTZLIB"] = "/opt/apps/resif/aion/2020b/epyc/software/zlib/1.2.11-GCCcore-10.2.0";
os.environ["EBVERSIONBINUTILS"] = "2.35";
os.environ["EBVERSIONGCC"] = "10.2.0";
os.environ["EBVERSIONGCCCORE"] = "10.2.0";
os.environ["EBVERSIONGOMPI"] = "2020b";
os.environ["EBVERSIONHWLOC"] = "2.2.0";
os.environ["EBVERSIONLIBPCIACCESS"] = "0.16";
os.environ["EBVERSIONLIBXML2"] = "2.9.10";
os.environ["EBVERSIONNUMACTL"] = "2.0.13";
os.environ["EBVERSIONOPENMPI"] = "4.0.5";
os.environ["EBVERSIONOSUMINMICROMINBENCHMARKS"] = "7.5";
os.environ["EBVERSIONUCX"] = "1.9.0";
os.environ["EBVERSIONXZ"] = "5.2.5";
os.environ["EBVERSIONZLIB"] = "1.2.11";
os.environ["__LMOD_REF_COUNT_GI_TYPELIB_PATH"] = "/home/users/mghavami/.local/easybuild/software/OSU-Micro-Benchmarks/7.5-gompi-2020b/lib64/girepository-*:1;/home/users/mghavami/.local/easybuild/software/OSU-Micro-Benchmarks/7.5-gompi-2020b/lib/girepository-*:1";
os.environ["GI_TYPELIB_PATH"] = "/home/users/mghavami/.local/easybuild/software/OSU-Micro-Benchmarks/7.5-gompi-2020b/lib64/girepository-*:/home/users/mghavami/.local/easybuild/software/OSU-Micro-Benchmarks/7.5-gompi-2020b/lib/girepository-*";
os.environ["__LMOD_REF_COUNT_LD_LIBRARY_PATH"] = "/home/users/mghavami/.local/easybuild/software/OSU-Micro-Benchmarks/7.5-gompi-2020b/lib64:1;/home/users/mghavami/.local/easybuild/software/OSU-Micro-Benchmarks/7.5-gompi-2020b/lib:1;/opt/apps/resif/aion/2020b/epyc/software/OpenMPI/4.0.5-GCC-10.2.0/lib:1;/opt/apps/resif/aion/2020b/epyc/software/UCX/1.9.0-GCCcore-10.2.0/lib:1;/opt/apps/resif/aion/2020b/epyc/software/hwloc/2.2.0-GCCcore-10.2.0/lib:1;/opt/apps/resif/aion/2020b/epyc/software/libpciaccess/0.16-GCCcore-10.2.0/lib:1;/opt/apps/resif/aion/2020b/epyc/software/libxml2/2.9.10-GCCcore-10.2.0/lib:1;/opt/apps/resif/aion/2020b/epyc/software/XZ/5.2.5-GCCcore-10.2.0/lib:1;/opt/apps/resif/aion/2020b/epyc/software/numactl/2.0.13-GCCcore-10.2.0/lib:1;/opt/apps/resif/aion/2020b/epyc/software/binutils/2.35-GCCcore-10.2.0/lib:1;/opt/apps/resif/aion/2020b/epyc/software/zlib/1.2.11-GCCcore-10.2.0/lib:1;/opt/apps/resif/aion/2020b/epyc/software/GCCcore/10.2.0/lib64:1;/opt/apps/resif/aion/2020b/epyc/software/GCCcore/10.2.0/lib:1";
os.environ["LD_LIBRARY_PATH"] = "/home/users/mghavami/.local/easybuild/software/OSU-Micro-Benchmarks/7.5-gompi-2020b/lib64:/home/users/mghavami/.local/easybuild/software/OSU-Micro-Benchmarks/7.5-gompi-2020b/lib:/opt/apps/resif/aion/2020b/epyc/software/OpenMPI/4.0.5-GCC-10.2.0/lib:/opt/apps/resif/aion/2020b/epyc/software/UCX/1.9.0-GCCcore-10.2.0/lib:/opt/apps/resif/aion/2020b/epyc/software/hwloc/2.2.0-GCCcore-10.2.0/lib:/opt/apps/resif/aion/2020b/epyc/software/libpciaccess/0.16-GCCcore-10.2.0/lib:/opt/apps/resif/aion/2020b/epyc/software/libxml2/2.9.10-GCCcore-10.2.0/lib:/opt/apps/resif/aion/2020b/epyc/software/XZ/5.2.5-GCCcore-10.2.0/lib:/opt/apps/resif/aion/2020b/epyc/software/numactl/2.0.13-GCCcore-10.2.0/lib:/opt/apps/resif/aion/2020b/epyc/software/binutils/2.35-GCCcore-10.2.0/lib:/opt/apps/resif/aion/2020b/epyc/software/zlib/1.2.11-GCCcore-10.2.0/lib:/opt/apps/resif/aion/2020b/epyc/software/GCCcore/10.2.0/lib64:/opt/apps/resif/aion/2020b/epyc/software/GCCcore/10.2.0/lib";
os.environ["__LMOD_REF_COUNT_LIBRARY_PATH"] = "/home/users/mghavami/.local/easybuild/software/OSU-Micro-Benchmarks/7.5-gompi-2020b/lib64:1;/home/users/mghavami/.local/easybuild/software/OSU-Micro-Benchmarks/7.5-gompi-2020b/lib:1;/opt/apps/resif/aion/2020b/epyc/software/OpenMPI/4.0.5-GCC-10.2.0/lib:1;/opt/apps/resif/aion/2020b/epyc/software/UCX/1.9.0-GCCcore-10.2.0/lib:1;/opt/apps/resif/aion/2020b/epyc/software/hwloc/2.2.0-GCCcore-10.2.0/lib:1;/opt/apps/resif/aion/2020b/epyc/software/libpciaccess/0.16-GCCcore-10.2.0/lib:1;/opt/apps/resif/aion/2020b/epyc/software/libxml2/2.9.10-GCCcore-10.2.0/lib:1;/opt/apps/resif/aion/2020b/epyc/software/XZ/5.2.5-GCCcore-10.2.0/lib:1;/opt/apps/resif/aion/2020b/epyc/software/numactl/2.0.13-GCCcore-10.2.0/lib:1;/opt/apps/resif/aion/2020b/epyc/software/binutils/2.35-GCCcore-10.2.0/lib:1;/opt/apps/resif/aion/2020b/epyc/software/zlib/1.2.11-GCCcore-10.2.0/lib:1";
os.environ["LIBRARY_PATH"] = "/home/users/mghavami/.local/easybuild/software/OSU-Micro-Benchmarks/7.5-gompi-2020b/lib64:/home/users/mghavami/.local/easybuild/software/OSU-Micro-Benchmarks/7.5-gompi-2020b/lib:/opt/apps/resif/aion/2020b/epyc/software/OpenMPI/4.0.5-GCC-10.2.0/lib:/opt/apps/resif/aion/2020b/epyc/software/UCX/1.9.0-GCCcore-10.2.0/lib:/opt/apps/resif/aion/2020b/epyc/software/hwloc/2.2.0-GCCcore-10.2.0/lib:/opt/apps/resif/aion/2020b/epyc/software/libpciaccess/0.16-GCCcore-10.2.0/lib:/opt/apps/resif/aion/2020b/epyc/software/libxml2/2.9.10-GCCcore-10.2.0/lib:/opt/apps/resif/aion/2020b/epyc/software/XZ/5.2.5-GCCcore-10.2.0/lib:/opt/apps/resif/aion/2020b/epyc/software/numactl/2.0.13-GCCcore-10.2.0/lib:/opt/apps/resif/aion/2020b/epyc/software/binutils/2.35-GCCcore-10.2.0/lib:/opt/apps/resif/aion/2020b/epyc/software/zlib/1.2.11-GCCcore-10.2.0/lib";
os.environ["LOADEDMODULES"] = "env/release/default:tools/EasyBuild/5.0.0:compiler/GCCcore/10.2.0:lib/zlib/1.2.11-GCCcore-10.2.0:tools/binutils/2.35-GCCcore-10.2.0:compiler/GCC/10.2.0:tools/numactl/2.0.13-GCCcore-10.2.0:tools/XZ/5.2.5-GCCcore-10.2.0:lib/libxml2/2.9.10-GCCcore-10.2.0:system/libpciaccess/0.16-GCCcore-10.2.0:system/hwloc/2.2.0-GCCcore-10.2.0:lib/UCX/1.9.0-GCCcore-10.2.0:mpi/OpenMPI/4.0.5-GCC-10.2.0:toolchain/gompi/2020b:perf/OSU-Micro-Benchmarks/7.5-gompi-2020b";
os.environ["__LMOD_REF_COUNT_MANPATH"] = "/home/users/mghavami/.local/easybuild/software/OSU-Micro-Benchmarks/7.5-gompi-2020b/share/man:1;/home/users/mghavami/.local/easybuild/software/OSU-Micro-Benchmarks/7.5-gompi-2020b/man:1;/opt/apps/resif/aion/2020b/epyc/software/OpenMPI/4.0.5-GCC-10.2.0/share/man:1;/opt/apps/resif/aion/2020b/epyc/software/hwloc/2.2.0-GCCcore-10.2.0/share/man:1;/opt/apps/resif/aion/2020b/epyc/software/libxml2/2.9.10-GCCcore-10.2.0/share/man:1;/opt/apps/resif/aion/2020b/epyc/software/XZ/5.2.5-GCCcore-10.2.0/share/man:1;/opt/apps/resif/aion/2020b/epyc/software/numactl/2.0.13-GCCcore-10.2.0/share/man:1;/opt/apps/resif/aion/2020b/epyc/software/binutils/2.35-GCCcore-10.2.0/share/man:1;/opt/apps/resif/aion/2020b/epyc/software/zlib/1.2.11-GCCcore-10.2.0/share/man:1;/opt/apps/resif/aion/2020b/epyc/software/GCCcore/10.2.0/share/man:1;/usr/share/lmod/lmod/share/man:1;:1;/opt/puppetlabs/puppet/share/man:1";
os.environ["MANPATH"] = "/home/users/mghavami/.local/easybuild/software/OSU-Micro-Benchmarks/7.5-gompi-2020b/share/man:/home/users/mghavami/.local/easybuild/software/OSU-Micro-Benchmarks/7.5-gompi-2020b/man:/opt/apps/resif/aion/2020b/epyc/software/OpenMPI/4.0.5-GCC-10.2.0/share/man:/opt/apps/resif/aion/2020b/epyc/software/hwloc/2.2.0-GCCcore-10.2.0/share/man:/opt/apps/resif/aion/2020b/epyc/software/libxml2/2.9.10-GCCcore-10.2.0/share/man:/opt/apps/resif/aion/2020b/epyc/software/XZ/5.2.5-GCCcore-10.2.0/share/man:/opt/apps/resif/aion/2020b/epyc/software/numactl/2.0.13-GCCcore-10.2.0/share/man:/opt/apps/resif/aion/2020b/epyc/software/binutils/2.35-GCCcore-10.2.0/share/man:/opt/apps/resif/aion/2020b/epyc/software/zlib/1.2.11-GCCcore-10.2.0/share/man:/opt/apps/resif/aion/2020b/epyc/software/GCCcore/10.2.0/share/man:/usr/share/lmod/lmod/share/man::/opt/puppetlabs/puppet/share/man";
os.environ["MODULEPATH"] = "/tmp/eb-09zxmkft/tmp1hrm161w/all:/home/users/mghavami/.local/easybuild/modules/all:/opt/apps/easybuild/environment/modules:/cvmfs/software.eessi.io/init/modules:/opt/apps/resif/aion/2020b/epyc/modules/all";
os.environ["__LMOD_REF_COUNT_PATH"] = "/home/users/mghavami/.local/easybuild/software/OSU-Micro-Benchmarks/7.5-gompi-2020b/libexec/osu-micro-benchmarks/mpi/startup:1;/home/users/mghavami/.local/easybuild/software/OSU-Micro-Benchmarks/7.5-gompi-2020b/libexec/osu-micro-benchmarks/mpi/pt2pt:1;/home/users/mghavami/.local/easybuild/software/OSU-Micro-Benchmarks/7.5-gompi-2020b/libexec/osu-micro-benchmarks/mpi/one-sided:1;/home/users/mghavami/.local/easybuild/software/OSU-Micro-Benchmarks/7.5-gompi-2020b/libexec/osu-micro-benchmarks/mpi/collective:1;/home/users/mghavami/.local/easybuild/software/OSU-Micro-Benchmarks/7.5-gompi-2020b/sbin:1;/home/users/mghavami/.local/easybuild/software/OSU-Micro-Benchmarks/7.5-gompi-2020b/bin:1;/opt/apps/resif/aion/2020b/epyc/software/OpenMPI/4.0.5-GCC-10.2.0/bin:1;/opt/apps/resif/aion/2020b/epyc/software/UCX/1.9.0-GCCcore-10.2.0/bin:1;/opt/apps/resif/aion/2020b/epyc/software/hwloc/2.2.0-GCCcore-10.2.0/sbin:1;/opt/apps/resif/aion/2020b/epyc/software/hwloc/2.2.0-GCCcore-10.2.0/bin:1;/opt/apps/resif/aion/2020b/epyc/software/libxml2/2.9.10-GCCcore-10.2.0/bin:1;/opt/apps/resif/aion/2020b/epyc/software/XZ/5.2.5-GCCcore-10.2.0/bin:1;/opt/apps/resif/aion/2020b/epyc/software/numactl/2.0.13-GCCcore-10.2.0/bin:1;/opt/apps/resif/aion/2020b/epyc/software/binutils/2.35-GCCcore-10.2.0/bin:1;/opt/apps/resif/aion/2020b/epyc/software/GCCcore/10.2.0/bin:1;/home/users/mghavami/.local/easybuild/software/EasyBuild/5.0.0/bin:1;/home/users/mghavami/.local/bin:1;/home/users/mghavami/bin:1;/usr/local/bin:1;/usr/bin:1;/usr/local/sbin:1;/usr/sbin:1;/opt/puppetlabs/bin:1;/usr/share/lmod/lmod/libexec:1";
os.environ["PATH"] = "/home/users/mghavami/.local/easybuild/software/OSU-Micro-Benchmarks/7.5-gompi-2020b/libexec/osu-micro-benchmarks/mpi/startup:/home/users/mghavami/.local/easybuild/software/OSU-Micro-Benchmarks/7.5-gompi-2020b/libexec/osu-micro-benchmarks/mpi/pt2pt:/home/users/mghavami/.local/easybuild/software/OSU-Micro-Benchmarks/7.5-gompi-2020b/libexec/osu-micro-benchmarks/mpi/one-sided:/home/users/mghavami/.local/easybuild/software/OSU-Micro-Benchmarks/7.5-gompi-2020b/libexec/osu-micro-benchmarks/mpi/collective:/home/users/mghavami/.local/easybuild/software/OSU-Micro-Benchmarks/7.5-gompi-2020b/sbin:/home/users/mghavami/.local/easybuild/software/OSU-Micro-Benchmarks/7.5-gompi-2020b/bin:/opt/apps/resif/aion/2020b/epyc/software/OpenMPI/4.0.5-GCC-10.2.0/bin:/opt/apps/resif/aion/2020b/epyc/software/UCX/1.9.0-GCCcore-10.2.0/bin:/opt/apps/resif/aion/2020b/epyc/software/hwloc/2.2.0-GCCcore-10.2.0/sbin:/opt/apps/resif/aion/2020b/epyc/software/hwloc/2.2.0-GCCcore-10.2.0/bin:/opt/apps/resif/aion/2020b/epyc/software/libxml2/2.9.10-GCCcore-10.2.0/bin:/opt/apps/resif/aion/2020b/epyc/software/XZ/5.2.5-GCCcore-10.2.0/bin:/opt/apps/resif/aion/2020b/epyc/software/numactl/2.0.13-GCCcore-10.2.0/bin:/opt/apps/resif/aion/2020b/epyc/software/binutils/2.35-GCCcore-10.2.0/bin:/opt/apps/resif/aion/2020b/epyc/software/GCCcore/10.2.0/bin:/home/users/mghavami/.local/easybuild/software/EasyBuild/5.0.0/bin:/home/users/mghavami/.local/bin:/home/users/mghavami/bin:/usr/local/bin:/usr/bin:/usr/local/sbin:/usr/sbin:/opt/puppetlabs/bin:/usr/share/lmod/lmod/libexec";
os.environ["__LMOD_REF_COUNT_PKG_CONFIG_PATH"] = "/home/users/mghavami/.local/easybuild/software/OSU-Micro-Benchmarks/7.5-gompi-2020b/share/pkgconfig:1;/home/users/mghavami/.local/easybuild/software/OSU-Micro-Benchmarks/7.5-gompi-2020b/lib64/pkgconfig:1;/home/users/mghavami/.local/easybuild/software/OSU-Micro-Benchmarks/7.5-gompi-2020b/lib/pkgconfig:1;/opt/apps/resif/aion/2020b/epyc/software/OpenMPI/4.0.5-GCC-10.2.0/lib/pkgconfig:1;/opt/apps/resif/aion/2020b/epyc/software/UCX/1.9.0-GCCcore-10.2.0/lib/pkgconfig:1;/opt/apps/resif/aion/2020b/epyc/software/hwloc/2.2.0-GCCcore-10.2.0/lib/pkgconfig:1;/opt/apps/resif/aion/2020b/epyc/software/libpciaccess/0.16-GCCcore-10.2.0/lib/pkgconfig:1;/opt/apps/resif/aion/2020b/epyc/software/libxml2/2.9.10-GCCcore-10.2.0/lib/pkgconfig:1;/opt/apps/resif/aion/2020b/epyc/software/XZ/5.2.5-GCCcore-10.2.0/lib/pkgconfig:1;/opt/apps/resif/aion/2020b/epyc/software/numactl/2.0.13-GCCcore-10.2.0/lib/pkgconfig:1;/opt/apps/resif/aion/2020b/epyc/software/zlib/1.2.11-GCCcore-10.2.0/lib/pkgconfig:1";
os.environ["PKG_CONFIG_PATH"] = "/home/users/mghavami/.local/easybuild/software/OSU-Micro-Benchmarks/7.5-gompi-2020b/share/pkgconfig:/home/users/mghavami/.local/easybuild/software/OSU-Micro-Benchmarks/7.5-gompi-2020b/lib64/pkgconfig:/home/users/mghavami/.local/easybuild/software/OSU-Micro-Benchmarks/7.5-gompi-2020b/lib/pkgconfig:/opt/apps/resif/aion/2020b/epyc/software/OpenMPI/4.0.5-GCC-10.2.0/lib/pkgconfig:/opt/apps/resif/aion/2020b/epyc/software/UCX/1.9.0-GCCcore-10.2.0/lib/pkgconfig:/opt/apps/resif/aion/2020b/epyc/software/hwloc/2.2.0-GCCcore-10.2.0/lib/pkgconfig:/opt/apps/resif/aion/2020b/epyc/software/libpciaccess/0.16-GCCcore-10.2.0/lib/pkgconfig:/opt/apps/resif/aion/2020b/epyc/software/libxml2/2.9.10-GCCcore-10.2.0/lib/pkgconfig:/opt/apps/resif/aion/2020b/epyc/software/XZ/5.2.5-GCCcore-10.2.0/lib/pkgconfig:/opt/apps/resif/aion/2020b/epyc/software/numactl/2.0.13-GCCcore-10.2.0/lib/pkgconfig:/opt/apps/resif/aion/2020b/epyc/software/zlib/1.2.11-GCCcore-10.2.0/lib/pkgconfig";
os.environ["__LMOD_REF_COUNT_XDG_DATA_DIRS"] = "/home/users/mghavami/.local/easybuild/software/OSU-Micro-Benchmarks/7.5-gompi-2020b/share:1;/opt/apps/resif/aion/2020b/epyc/software/OpenMPI/4.0.5-GCC-10.2.0/share:1;/opt/apps/resif/aion/2020b/epyc/software/UCX/1.9.0-GCCcore-10.2.0/share:1;/opt/apps/resif/aion/2020b/epyc/software/hwloc/2.2.0-GCCcore-10.2.0/share:1;/opt/apps/resif/aion/2020b/epyc/software/libxml2/2.9.10-GCCcore-10.2.0/share:1;/opt/apps/resif/aion/2020b/epyc/software/XZ/5.2.5-GCCcore-10.2.0/share:1;/opt/apps/resif/aion/2020b/epyc/software/numactl/2.0.13-GCCcore-10.2.0/share:1;/opt/apps/resif/aion/2020b/epyc/software/binutils/2.35-GCCcore-10.2.0/share:1;/opt/apps/resif/aion/2020b/epyc/software/zlib/1.2.11-GCCcore-10.2.0/share:1;/opt/apps/resif/aion/2020b/epyc/software/GCCcore/10.2.0/share:1";
os.environ["XDG_DATA_DIRS"] = "/home/users/mghavami/.local/easybuild/software/OSU-Micro-Benchmarks/7.5-gompi-2020b/share:/opt/apps/resif/aion/2020b/epyc/software/OpenMPI/4.0.5-GCC-10.2.0/share:/opt/apps/resif/aion/2020b/epyc/software/UCX/1.9.0-GCCcore-10.2.0/share:/opt/apps/resif/aion/2020b/epyc/software/hwloc/2.2.0-GCCcore-10.2.0/share:/opt/apps/resif/aion/2020b/epyc/software/libxml2/2.9.10-GCCcore-10.2.0/share:/opt/apps/resif/aion/2020b/epyc/software/XZ/5.2.5-GCCcore-10.2.0/share:/opt/apps/resif/aion/2020b/epyc/software/numactl/2.0.13-GCCcore-10.2.0/share:/opt/apps/resif/aion/2020b/epyc/software/binutils/2.35-GCCcore-10.2.0/share:/opt/apps/resif/aion/2020b/epyc/software/zlib/1.2.11-GCCcore-10.2.0/share:/opt/apps/resif/aion/2020b/epyc/software/GCCcore/10.2.0/share";
os.environ["_LMFILES_"] = "/opt/apps/easybuild/environment/modules/env/release/default.lua:/home/users/mghavami/.local/easybuild/modules/all/tools/EasyBuild/5.0.0.lua:/opt/apps/resif/aion/2020b/epyc/modules/all/compiler/GCCcore/10.2.0.lua:/opt/apps/resif/aion/2020b/epyc/modules/all/lib/zlib/1.2.11-GCCcore-10.2.0.lua:/opt/apps/resif/aion/2020b/epyc/modules/all/tools/binutils/2.35-GCCcore-10.2.0.lua:/opt/apps/resif/aion/2020b/epyc/modules/all/compiler/GCC/10.2.0.lua:/opt/apps/resif/aion/2020b/epyc/modules/all/tools/numactl/2.0.13-GCCcore-10.2.0.lua:/opt/apps/resif/aion/2020b/epyc/modules/all/tools/XZ/5.2.5-GCCcore-10.2.0.lua:/opt/apps/resif/aion/2020b/epyc/modules/all/lib/libxml2/2.9.10-GCCcore-10.2.0.lua:/opt/apps/resif/aion/2020b/epyc/modules/all/system/libpciaccess/0.16-GCCcore-10.2.0.lua:/opt/apps/resif/aion/2020b/epyc/modules/all/system/hwloc/2.2.0-GCCcore-10.2.0.lua:/opt/apps/resif/aion/2020b/epyc/modules/all/lib/UCX/1.9.0-GCCcore-10.2.0.lua:/opt/apps/resif/aion/2020b/epyc/modules/all/mpi/OpenMPI/4.0.5-GCC-10.2.0.lua:/opt/apps/resif/aion/2020b/epyc/modules/all/toolchain/gompi/2020b.lua:/tmp/eb-09zxmkft/tmp1hrm161w/all/perf/OSU-Micro-Benchmarks/7.5-gompi-2020b.lua";
os.environ["_ModuleTable001_"] = "X01vZHVsZVRhYmxlXyA9IHsKTVR2ZXJzaW9uID0gMywKY19yZWJ1aWxkVGltZSA9IGZhbHNlLApjX3Nob3J0VGltZSA9IGZhbHNlLApkZXB0aFQgPSB7fSwKZmFtaWx5ID0gewplbnYgPSAiZW52L3JlbGVhc2UiLAp9LAptVCA9IHsKWyJjb21waWxlci9HQ0MiXSA9IHsKZm4gPSAiL29wdC9hcHBzL3Jlc2lmL2Fpb24vMjAyMGIvZXB5Yy9tb2R1bGVzL2FsbC9jb21waWxlci9HQ0MvMTAuMi4wLmx1YSIsCmZ1bGxOYW1lID0gImNvbXBpbGVyL0dDQy8xMC4yLjAiLApsb2FkT3JkZXIgPSA2LApwcm9wVCA9IHt9LApzdGFja0RlcHRoID0gMiwKc3RhdHVzID0gImFjdGl2ZSIsCnVzZXJOYW1lID0gImNvbXBpbGVyL0dDQy8xMC4yLjAiLAp3ViA9ICIwMDAwMDAwMTAuMDAwMDAwMDAy";
os.environ["_ModuleTable002_"] = "Lip6ZmluYWwiLAp9LApbImNvbXBpbGVyL0dDQ2NvcmUiXSA9IHsKZm4gPSAiL29wdC9hcHBzL3Jlc2lmL2Fpb24vMjAyMGIvZXB5Yy9tb2R1bGVzL2FsbC9jb21waWxlci9HQ0Njb3JlLzEwLjIuMC5sdWEiLApmdWxsTmFtZSA9ICJjb21waWxlci9HQ0Njb3JlLzEwLjIuMCIsCmxvYWRPcmRlciA9IDMsCnByb3BUID0ge30sCnN0YWNrRGVwdGggPSAzLApzdGF0dXMgPSAiYWN0aXZlIiwKdXNlck5hbWUgPSAiY29tcGlsZXIvR0NDY29yZS8xMC4yLjAiLAp3ViA9ICIwMDAwMDAwMTAuMDAwMDAwMDAyLip6ZmluYWwiLAp9LApbImVudi9yZWxlYXNlIl0gPSB7CmFjdGlvbkEgPSB7CiJhcHBlbmRfcGF0aChcIk1PRFVMRVBBVEhcIixcIi9vcHQvYXBwcy9yZXNpZi9haW9uLzIwMjBi";
os.environ["_ModuleTable003_"] = "L2VweWMvbW9kdWxlcy9hbGxcIikiLAp9LApmbiA9ICIvb3B0L2FwcHMvZWFzeWJ1aWxkL2Vudmlyb25tZW50L21vZHVsZXMvZW52L3JlbGVhc2UvZGVmYXVsdC5sdWEiLApmdWxsTmFtZSA9ICJlbnYvcmVsZWFzZS9kZWZhdWx0IiwKbG9hZE9yZGVyID0gMSwKcHJvcFQgPSB7Cmxtb2QgPSB7CnN0aWNreSA9IDEsCn0sCn0sCnN0YWNrRGVwdGggPSAwLApzdGF0dXMgPSAiYWN0aXZlIiwKdXNlck5hbWUgPSAiZW52L3JlbGVhc2UvZGVmYXVsdCIsCndWID0gIipkZWZhdWx0Lip6ZmluYWwiLAp9LApbImxpYi9VQ1giXSA9IHsKZm4gPSAiL29wdC9hcHBzL3Jlc2lmL2Fpb24vMjAyMGIvZXB5Yy9tb2R1bGVzL2FsbC9saWIvVUNYLzEuOS4wLUdDQ2NvcmUtMTAuMi4wLmx1YSIsCmZ1";
os.environ["_ModuleTable004_"] = "bGxOYW1lID0gImxpYi9VQ1gvMS45LjAtR0NDY29yZS0xMC4yLjAiLApsb2FkT3JkZXIgPSAxMiwKcHJvcFQgPSB7fSwKc3RhY2tEZXB0aCA9IDMsCnN0YXR1cyA9ICJhY3RpdmUiLAp1c2VyTmFtZSA9ICJsaWIvVUNYLzEuOS4wLUdDQ2NvcmUtMTAuMi4wIiwKd1YgPSAiMDAwMDAwMDAxLjAwMDAwMDAwOS4qZ2NjY29yZS4qemZpbmFsLS4wMDAwMDAwMTAuMDAwMDAwMDAyLip6ZmluYWwiLAp9LApbImxpYi9saWJ4bWwyIl0gPSB7CmZuID0gIi9vcHQvYXBwcy9yZXNpZi9haW9uLzIwMjBiL2VweWMvbW9kdWxlcy9hbGwvbGliL2xpYnhtbDIvMi45LjEwLUdDQ2NvcmUtMTAuMi4wLmx1YSIsCmZ1bGxOYW1lID0gImxpYi9saWJ4bWwyLzIuOS4xMC1HQ0Njb3JlLTEwLjIuMCIsCmxv";
os.environ["_ModuleTable005_"] = "YWRPcmRlciA9IDksCnByb3BUID0ge30sCnN0YWNrRGVwdGggPSA0LApzdGF0dXMgPSAiYWN0aXZlIiwKdXNlck5hbWUgPSAibGliL2xpYnhtbDIvMi45LjEwLUdDQ2NvcmUtMTAuMi4wIiwKd1YgPSAiMDAwMDAwMDAyLjAwMDAwMDAwOS4wMDAwMDAwMTAuKmdjY2NvcmUuKnpmaW5hbC0uMDAwMDAwMDEwLjAwMDAwMDAwMi4qemZpbmFsIiwKfSwKWyJsaWIvemxpYiJdID0gewpmbiA9ICIvb3B0L2FwcHMvcmVzaWYvYWlvbi8yMDIwYi9lcHljL21vZHVsZXMvYWxsL2xpYi96bGliLzEuMi4xMS1HQ0Njb3JlLTEwLjIuMC5sdWEiLApmdWxsTmFtZSA9ICJsaWIvemxpYi8xLjIuMTEtR0NDY29yZS0xMC4yLjAiLApsb2FkT3JkZXIgPSA0LApwcm9wVCA9IHt9LApzdGFja0RlcHRoID0g";
os.environ["_ModuleTable006_"] = "NCwKc3RhdHVzID0gImFjdGl2ZSIsCnVzZXJOYW1lID0gImxpYi96bGliLzEuMi4xMS1HQ0Njb3JlLTEwLjIuMCIsCndWID0gIjAwMDAwMDAwMS4wMDAwMDAwMDIuMDAwMDAwMDExLipnY2Njb3JlLip6ZmluYWwtLjAwMDAwMDAxMC4wMDAwMDAwMDIuKnpmaW5hbCIsCn0sClsibXBpL09wZW5NUEkiXSA9IHsKZm4gPSAiL29wdC9hcHBzL3Jlc2lmL2Fpb24vMjAyMGIvZXB5Yy9tb2R1bGVzL2FsbC9tcGkvT3Blbk1QSS80LjAuNS1HQ0MtMTAuMi4wLmx1YSIsCmZ1bGxOYW1lID0gIm1waS9PcGVuTVBJLzQuMC41LUdDQy0xMC4yLjAiLApsb2FkT3JkZXIgPSAxMywKcHJvcFQgPSB7fSwKc3RhY2tEZXB0aCA9IDIsCnN0YXR1cyA9ICJhY3RpdmUiLAp1c2VyTmFtZSA9ICJtcGkvT3Bl";
os.environ["_ModuleTable007_"] = "bk1QSS80LjAuNS1HQ0MtMTAuMi4wIiwKd1YgPSAiMDAwMDAwMDA0LjAwMDAwMDAwMC4wMDAwMDAwMDUuKmdjYy4qemZpbmFsLS4wMDAwMDAwMTAuMDAwMDAwMDAyLip6ZmluYWwiLAp9LApbInBlcmYvT1NVLU1pY3JvLUJlbmNobWFya3MiXSA9IHsKZm4gPSAiL3RtcC9lYi0wOXp4bWtmdC90bXAxaHJtMTYxdy9hbGwvcGVyZi9PU1UtTWljcm8tQmVuY2htYXJrcy83LjUtZ29tcGktMjAyMGIubHVhIiwKZnVsbE5hbWUgPSAicGVyZi9PU1UtTWljcm8tQmVuY2htYXJrcy83LjUtZ29tcGktMjAyMGIiLApsb2FkT3JkZXIgPSAxNSwKcHJvcFQgPSB7fSwKc3RhY2tEZXB0aCA9IDAsCnN0YXR1cyA9ICJhY3RpdmUiLAp1c2VyTmFtZSA9ICJwZXJmL09TVS1NaWNyby1CZW5jaG1hcmtz";
os.environ["_ModuleTable008_"] = "LzcuNS1nb21waS0yMDIwYiIsCndWID0gIl4wMDAwMDAwNy4wMDAwMDAwMDUuKmdvbXBpLip6ZmluYWwtLjAwMDAwMjAyMC4qYi4qemZpbmFsIiwKfSwKWyJzeXN0ZW0vaHdsb2MiXSA9IHsKZm4gPSAiL29wdC9hcHBzL3Jlc2lmL2Fpb24vMjAyMGIvZXB5Yy9tb2R1bGVzL2FsbC9zeXN0ZW0vaHdsb2MvMi4yLjAtR0NDY29yZS0xMC4yLjAubHVhIiwKZnVsbE5hbWUgPSAic3lzdGVtL2h3bG9jLzIuMi4wLUdDQ2NvcmUtMTAuMi4wIiwKbG9hZE9yZGVyID0gMTEsCnByb3BUID0ge30sCnN0YWNrRGVwdGggPSAzLApzdGF0dXMgPSAiYWN0aXZlIiwKdXNlck5hbWUgPSAic3lzdGVtL2h3bG9jLzIuMi4wLUdDQ2NvcmUtMTAuMi4wIiwKd1YgPSAiMDAwMDAwMDAyLjAwMDAwMDAwMi4q";
os.environ["_ModuleTable009_"] = "Z2NjY29yZS4qemZpbmFsLS4wMDAwMDAwMTAuMDAwMDAwMDAyLip6ZmluYWwiLAp9LApbInN5c3RlbS9saWJwY2lhY2Nlc3MiXSA9IHsKZm4gPSAiL29wdC9hcHBzL3Jlc2lmL2Fpb24vMjAyMGIvZXB5Yy9tb2R1bGVzL2FsbC9zeXN0ZW0vbGlicGNpYWNjZXNzLzAuMTYtR0NDY29yZS0xMC4yLjAubHVhIiwKZnVsbE5hbWUgPSAic3lzdGVtL2xpYnBjaWFjY2Vzcy8wLjE2LUdDQ2NvcmUtMTAuMi4wIiwKbG9hZE9yZGVyID0gMTAsCnByb3BUID0ge30sCnN0YWNrRGVwdGggPSA0LApzdGF0dXMgPSAiYWN0aXZlIiwKdXNlck5hbWUgPSAic3lzdGVtL2xpYnBjaWFjY2Vzcy8wLjE2LUdDQ2NvcmUtMTAuMi4wIiwKd1YgPSAiMDAwMDAwMDAwLjAwMDAwMDAxNi4qZ2NjY29yZS4qemZp";
os.environ["_ModuleTable010_"] = "bmFsLS4wMDAwMDAwMTAuMDAwMDAwMDAyLip6ZmluYWwiLAp9LApbInRvb2xjaGFpbi9nb21waSJdID0gewpmbiA9ICIvb3B0L2FwcHMvcmVzaWYvYWlvbi8yMDIwYi9lcHljL21vZHVsZXMvYWxsL3Rvb2xjaGFpbi9nb21waS8yMDIwYi5sdWEiLApmdWxsTmFtZSA9ICJ0b29sY2hhaW4vZ29tcGkvMjAyMGIiLApsb2FkT3JkZXIgPSAxNCwKcHJvcFQgPSB7fSwKcmVmX2NvdW50ID0gMSwKc3RhY2tEZXB0aCA9IDEsCnN0YXR1cyA9ICJhY3RpdmUiLAp1c2VyTmFtZSA9ICJ0b29sY2hhaW4vZ29tcGkvMjAyMGIiLAp3ViA9ICIwMDAwMDIwMjAuKmIuKnpmaW5hbCIsCn0sClsidG9vbHMvRWFzeUJ1aWxkIl0gPSB7CmZuID0gIi9ob21lL3VzZXJzL21naGF2YW1pLy5sb2NhbC9lYXN5";
os.environ["_ModuleTable011_"] = "YnVpbGQvbW9kdWxlcy9hbGwvdG9vbHMvRWFzeUJ1aWxkLzUuMC4wLmx1YSIsCmZ1bGxOYW1lID0gInRvb2xzL0Vhc3lCdWlsZC81LjAuMCIsCmxvYWRPcmRlciA9IDIsCnByb3BUID0ge30sCnN0YWNrRGVwdGggPSAwLApzdGF0dXMgPSAiYWN0aXZlIiwKdXNlck5hbWUgPSAidG9vbHMvRWFzeUJ1aWxkLzUuMC4wIiwKd1YgPSAiMDAwMDAwMDA1Lip6ZmluYWwiLAp9LApbInRvb2xzL1haIl0gPSB7CmZuID0gIi9vcHQvYXBwcy9yZXNpZi9haW9uLzIwMjBiL2VweWMvbW9kdWxlcy9hbGwvdG9vbHMvWFovNS4yLjUtR0NDY29yZS0xMC4yLjAubHVhIiwKZnVsbE5hbWUgPSAidG9vbHMvWFovNS4yLjUtR0NDY29yZS0xMC4yLjAiLApsb2FkT3JkZXIgPSA4LApwcm9wVCA9IHt9LApz";
os.environ["_ModuleTable012_"] = "dGFja0RlcHRoID0gNSwKc3RhdHVzID0gImFjdGl2ZSIsCnVzZXJOYW1lID0gInRvb2xzL1haLzUuMi41LUdDQ2NvcmUtMTAuMi4wIiwKd1YgPSAiMDAwMDAwMDA1LjAwMDAwMDAwMi4wMDAwMDAwMDUuKmdjY2NvcmUuKnpmaW5hbC0uMDAwMDAwMDEwLjAwMDAwMDAwMi4qemZpbmFsIiwKfSwKWyJ0b29scy9iaW51dGlscyJdID0gewpmbiA9ICIvb3B0L2FwcHMvcmVzaWYvYWlvbi8yMDIwYi9lcHljL21vZHVsZXMvYWxsL3Rvb2xzL2JpbnV0aWxzLzIuMzUtR0NDY29yZS0xMC4yLjAubHVhIiwKZnVsbE5hbWUgPSAidG9vbHMvYmludXRpbHMvMi4zNS1HQ0Njb3JlLTEwLjIuMCIsCmxvYWRPcmRlciA9IDUsCnByb3BUID0ge30sCnN0YWNrRGVwdGggPSAzLApzdGF0dXMgPSAiYWN0";
os.environ["_ModuleTable013_"] = "aXZlIiwKdXNlck5hbWUgPSAidG9vbHMvYmludXRpbHMvMi4zNS1HQ0Njb3JlLTEwLjIuMCIsCndWID0gIjAwMDAwMDAwMi4wMDAwMDAwMzUuKmdjY2NvcmUuKnpmaW5hbC0uMDAwMDAwMDEwLjAwMDAwMDAwMi4qemZpbmFsIiwKfSwKWyJ0b29scy9udW1hY3RsIl0gPSB7CmZuID0gIi9vcHQvYXBwcy9yZXNpZi9haW9uLzIwMjBiL2VweWMvbW9kdWxlcy9hbGwvdG9vbHMvbnVtYWN0bC8yLjAuMTMtR0NDY29yZS0xMC4yLjAubHVhIiwKZnVsbE5hbWUgPSAidG9vbHMvbnVtYWN0bC8yLjAuMTMtR0NDY29yZS0xMC4yLjAiLApsb2FkT3JkZXIgPSA3LApwcm9wVCA9IHt9LApzdGFja0RlcHRoID0gNCwKc3RhdHVzID0gImFjdGl2ZSIsCnVzZXJOYW1lID0gInRvb2xzL251bWFjdGwv";
os.environ["_ModuleTable014_"] = "Mi4wLjEzLUdDQ2NvcmUtMTAuMi4wIiwKd1YgPSAiMDAwMDAwMDAyLjAwMDAwMDAwMC4wMDAwMDAwMTMuKmdjY2NvcmUuKnpmaW5hbC0uMDAwMDAwMDEwLjAwMDAwMDAwMi4qemZpbmFsIiwKfSwKfSwKbXBhdGhBID0gewoiL3RtcC9lYi0wOXp4bWtmdC90bXAxaHJtMTYxdy9hbGwiCiwgIi9ob21lL3VzZXJzL21naGF2YW1pLy5sb2NhbC9lYXN5YnVpbGQvbW9kdWxlcy9hbGwiCiwgIi9vcHQvYXBwcy9lYXN5YnVpbGQvZW52aXJvbm1lbnQvbW9kdWxlcyIKLCAiL2N2bWZzL3NvZnR3YXJlLmVlc3NpLmlvL2luaXQvbW9kdWxlcyIsICIvb3B0L2FwcHMvcmVzaWYvYWlvbi8yMDIwYi9lcHljL21vZHVsZXMvYWxsIiwKfSwKc3lzdGVtQmFzZU1QQVRIID0gIi9vcHQvYXBwcy9lYXN5";
os.environ["_ModuleTable015_"] = "YnVpbGQvZW52aXJvbm1lbnQvbW9kdWxlczovY3ZtZnMvc29mdHdhcmUuZWVzc2kuaW8vaW5pdC9tb2R1bGVzIiwKfQo=";
os.environ["_ModuleTable_Sz_"] = "15";
_mlstatus = True

== 2025-03-25 13:55:54,748 run.py:596 INFO Warnings and errors of '/usr/share/lmod/lmod/libexec/lmod ...' shell command (stderr only):

== 2025-03-25 13:55:54,748 run.py:601 INFO Shell command completed successfully (see output above): /usr/share/lmod/lmod/libexec/lmod python load perf/OSU-Micro-Benchmarks/7.5-gompi-2020b
== 2025-03-25 13:55:54,750 environment.py:93 INFO Environment variable OMPI_MCA_rmaps_base_oversubscribe set to 1 (previously undefined)
== 2025-03-25 13:55:54,750 easyblock.py:3483 INFO Checking for banned/required linked shared libraries...
== 2025-03-25 13:55:54,750 easyblock.py:3501 INFO No banned/required libraries specified
== 2025-03-25 13:55:54,751 run.py:500 INFO Running shell command '/usr/share/lmod/lmod/libexec/lmod python unload perf/OSU-Micro-Benchmarks/7.5-gompi-2020b' in /tmp/mghavami/OSUMicroBenchmarks/7.5/gompi-2020b/osu-micro-benchmarks-7.5
== 2025-03-25 13:55:54,852 run.py:595 INFO Output of '/usr/share/lmod/lmod/libexec/lmod ...' shell command (stdout only):
import os
os.environ["__LMOD_REF_COUNT_ACLOCAL_PATH"] = "/opt/apps/resif/aion/2020b/epyc/software/libxml2/2.9.10-GCCcore-10.2.0/share/aclocal:1";
os.environ["ACLOCAL_PATH"] = "/opt/apps/resif/aion/2020b/epyc/software/libxml2/2.9.10-GCCcore-10.2.0/share/aclocal";
os.environ["__LMOD_REF_COUNT_CLASSPATH"] = ''
del os.environ["__LMOD_REF_COUNT_CLASSPATH"]
os.environ["CLASSPATH"] = ''
del os.environ["CLASSPATH"]
os.environ["__LMOD_REF_COUNT_CMAKE_LIBRARY_PATH"] = "/opt/apps/resif/aion/2020b/epyc/software/GCCcore/10.2.0/lib64:1";
os.environ["CMAKE_LIBRARY_PATH"] = "/opt/apps/resif/aion/2020b/epyc/software/GCCcore/10.2.0/lib64";
os.environ["__LMOD_REF_COUNT_CMAKE_PREFIX_PATH"] = "/opt/apps/resif/aion/2020b/epyc/software/OpenMPI/4.0.5-GCC-10.2.0:1;/opt/apps/resif/aion/2020b/epyc/software/UCX/1.9.0-GCCcore-10.2.0:1;/opt/apps/resif/aion/2020b/epyc/software/hwloc/2.2.0-GCCcore-10.2.0:1;/opt/apps/resif/aion/2020b/epyc/software/libpciaccess/0.16-GCCcore-10.2.0:1;/opt/apps/resif/aion/2020b/epyc/software/libxml2/2.9.10-GCCcore-10.2.0:1;/opt/apps/resif/aion/2020b/epyc/software/XZ/5.2.5-GCCcore-10.2.0:1;/opt/apps/resif/aion/2020b/epyc/software/numactl/2.0.13-GCCcore-10.2.0:1;/opt/apps/resif/aion/2020b/epyc/software/binutils/2.35-GCCcore-10.2.0:1;/opt/apps/resif/aion/2020b/epyc/software/zlib/1.2.11-GCCcore-10.2.0:1;/opt/apps/resif/aion/2020b/epyc/software/GCCcore/10.2.0:1;/home/users/mghavami/.local/easybuild/software/EasyBuild/5.0.0:1";
os.environ["CMAKE_PREFIX_PATH"] = "/opt/apps/resif/aion/2020b/epyc/software/OpenMPI/4.0.5-GCC-10.2.0:/opt/apps/resif/aion/2020b/epyc/software/UCX/1.9.0-GCCcore-10.2.0:/opt/apps/resif/aion/2020b/epyc/software/hwloc/2.2.0-GCCcore-10.2.0:/opt/apps/resif/aion/2020b/epyc/software/libpciaccess/0.16-GCCcore-10.2.0:/opt/apps/resif/aion/2020b/epyc/software/libxml2/2.9.10-GCCcore-10.2.0:/opt/apps/resif/aion/2020b/epyc/software/XZ/5.2.5-GCCcore-10.2.0:/opt/apps/resif/aion/2020b/epyc/software/numactl/2.0.13-GCCcore-10.2.0:/opt/apps/resif/aion/2020b/epyc/software/binutils/2.35-GCCcore-10.2.0:/opt/apps/resif/aion/2020b/epyc/software/zlib/1.2.11-GCCcore-10.2.0:/opt/apps/resif/aion/2020b/epyc/software/GCCcore/10.2.0:/home/users/mghavami/.local/easybuild/software/EasyBuild/5.0.0";
os.environ["__LMOD_REF_COUNT_CPATH"] = "/opt/apps/resif/aion/2020b/epyc/software/OpenMPI/4.0.5-GCC-10.2.0/include:1;/opt/apps/resif/aion/2020b/epyc/software/UCX/1.9.0-GCCcore-10.2.0/include:1;/opt/apps/resif/aion/2020b/epyc/software/hwloc/2.2.0-GCCcore-10.2.0/include:1;/opt/apps/resif/aion/2020b/epyc/software/libpciaccess/0.16-GCCcore-10.2.0/include:1;/opt/apps/resif/aion/2020b/epyc/software/libxml2/2.9.10-GCCcore-10.2.0/include/libxml2:1;/opt/apps/resif/aion/2020b/epyc/software/libxml2/2.9.10-GCCcore-10.2.0/include:1;/opt/apps/resif/aion/2020b/epyc/software/XZ/5.2.5-GCCcore-10.2.0/include:1;/opt/apps/resif/aion/2020b/epyc/software/numactl/2.0.13-GCCcore-10.2.0/include:1;/opt/apps/resif/aion/2020b/epyc/software/binutils/2.35-GCCcore-10.2.0/include:1;/opt/apps/resif/aion/2020b/epyc/software/zlib/1.2.11-GCCcore-10.2.0/include:1";
os.environ["CPATH"] = "/opt/apps/resif/aion/2020b/epyc/software/OpenMPI/4.0.5-GCC-10.2.0/include:/opt/apps/resif/aion/2020b/epyc/software/UCX/1.9.0-GCCcore-10.2.0/include:/opt/apps/resif/aion/2020b/epyc/software/hwloc/2.2.0-GCCcore-10.2.0/include:/opt/apps/resif/aion/2020b/epyc/software/libpciaccess/0.16-GCCcore-10.2.0/include:/opt/apps/resif/aion/2020b/epyc/software/libxml2/2.9.10-GCCcore-10.2.0/include/libxml2:/opt/apps/resif/aion/2020b/epyc/software/libxml2/2.9.10-GCCcore-10.2.0/include:/opt/apps/resif/aion/2020b/epyc/software/XZ/5.2.5-GCCcore-10.2.0/include:/opt/apps/resif/aion/2020b/epyc/software/numactl/2.0.13-GCCcore-10.2.0/include:/opt/apps/resif/aion/2020b/epyc/software/binutils/2.35-GCCcore-10.2.0/include:/opt/apps/resif/aion/2020b/epyc/software/zlib/1.2.11-GCCcore-10.2.0/include";
os.environ["EBDEVELGOMPI"] = ''
del os.environ["EBDEVELGOMPI"]
os.environ["EBDEVELOSUMINMICROMINBENCHMARKS"] = ''
del os.environ["EBDEVELOSUMINMICROMINBENCHMARKS"]
os.environ["EBROOTGOMPI"] = ''
del os.environ["EBROOTGOMPI"]
os.environ["EBROOTOSUMINMICROMINBENCHMARKS"] = ''
del os.environ["EBROOTOSUMINMICROMINBENCHMARKS"]
os.environ["EBVERSIONGOMPI"] = ''
del os.environ["EBVERSIONGOMPI"]
os.environ["EBVERSIONOSUMINMICROMINBENCHMARKS"] = ''
del os.environ["EBVERSIONOSUMINMICROMINBENCHMARKS"]
os.environ["__LMOD_REF_COUNT_GI_TYPELIB_PATH"] = ''
del os.environ["__LMOD_REF_COUNT_GI_TYPELIB_PATH"]
os.environ["GI_TYPELIB_PATH"] = ''
del os.environ["GI_TYPELIB_PATH"]
os.environ["__LMOD_REF_COUNT_LD_LIBRARY_PATH"] = ''
del os.environ["__LMOD_REF_COUNT_LD_LIBRARY_PATH"]
os.environ["LD_LIBRARY_PATH"] = ''
del os.environ["LD_LIBRARY_PATH"]
os.environ["__LMOD_REF_COUNT_LIBRARY_PATH"] = "/opt/apps/resif/aion/2020b/epyc/software/OpenMPI/4.0.5-GCC-10.2.0/lib:1;/opt/apps/resif/aion/2020b/epyc/software/UCX/1.9.0-GCCcore-10.2.0/lib:1;/opt/apps/resif/aion/2020b/epyc/software/hwloc/2.2.0-GCCcore-10.2.0/lib:1;/opt/apps/resif/aion/2020b/epyc/software/libpciaccess/0.16-GCCcore-10.2.0/lib:1;/opt/apps/resif/aion/2020b/epyc/software/libxml2/2.9.10-GCCcore-10.2.0/lib:1;/opt/apps/resif/aion/2020b/epyc/software/XZ/5.2.5-GCCcore-10.2.0/lib:1;/opt/apps/resif/aion/2020b/epyc/software/numactl/2.0.13-GCCcore-10.2.0/lib:1;/opt/apps/resif/aion/2020b/epyc/software/binutils/2.35-GCCcore-10.2.0/lib:1;/opt/apps/resif/aion/2020b/epyc/software/zlib/1.2.11-GCCcore-10.2.0/lib:1";
os.environ["LIBRARY_PATH"] = "/opt/apps/resif/aion/2020b/epyc/software/OpenMPI/4.0.5-GCC-10.2.0/lib:/opt/apps/resif/aion/2020b/epyc/software/UCX/1.9.0-GCCcore-10.2.0/lib:/opt/apps/resif/aion/2020b/epyc/software/hwloc/2.2.0-GCCcore-10.2.0/lib:/opt/apps/resif/aion/2020b/epyc/software/libpciaccess/0.16-GCCcore-10.2.0/lib:/opt/apps/resif/aion/2020b/epyc/software/libxml2/2.9.10-GCCcore-10.2.0/lib:/opt/apps/resif/aion/2020b/epyc/software/XZ/5.2.5-GCCcore-10.2.0/lib:/opt/apps/resif/aion/2020b/epyc/software/numactl/2.0.13-GCCcore-10.2.0/lib:/opt/apps/resif/aion/2020b/epyc/software/binutils/2.35-GCCcore-10.2.0/lib:/opt/apps/resif/aion/2020b/epyc/software/zlib/1.2.11-GCCcore-10.2.0/lib";
os.environ["LOADEDMODULES"] = "env/release/default:tools/EasyBuild/5.0.0:compiler/GCCcore/10.2.0:lib/zlib/1.2.11-GCCcore-10.2.0:tools/binutils/2.35-GCCcore-10.2.0:compiler/GCC/10.2.0:tools/numactl/2.0.13-GCCcore-10.2.0:tools/XZ/5.2.5-GCCcore-10.2.0:lib/libxml2/2.9.10-GCCcore-10.2.0:system/libpciaccess/0.16-GCCcore-10.2.0:system/hwloc/2.2.0-GCCcore-10.2.0:lib/UCX/1.9.0-GCCcore-10.2.0:mpi/OpenMPI/4.0.5-GCC-10.2.0";
os.environ["__LMOD_REF_COUNT_MANPATH"] = "/opt/apps/resif/aion/2020b/epyc/software/OpenMPI/4.0.5-GCC-10.2.0/share/man:1;/opt/apps/resif/aion/2020b/epyc/software/hwloc/2.2.0-GCCcore-10.2.0/share/man:1;/opt/apps/resif/aion/2020b/epyc/software/libxml2/2.9.10-GCCcore-10.2.0/share/man:1;/opt/apps/resif/aion/2020b/epyc/software/XZ/5.2.5-GCCcore-10.2.0/share/man:1;/opt/apps/resif/aion/2020b/epyc/software/numactl/2.0.13-GCCcore-10.2.0/share/man:1;/opt/apps/resif/aion/2020b/epyc/software/binutils/2.35-GCCcore-10.2.0/share/man:1;/opt/apps/resif/aion/2020b/epyc/software/zlib/1.2.11-GCCcore-10.2.0/share/man:1;/opt/apps/resif/aion/2020b/epyc/software/GCCcore/10.2.0/share/man:1;/usr/share/lmod/lmod/share/man:1;:1;/opt/puppetlabs/puppet/share/man:1";
os.environ["MANPATH"] = "/opt/apps/resif/aion/2020b/epyc/software/OpenMPI/4.0.5-GCC-10.2.0/share/man:/opt/apps/resif/aion/2020b/epyc/software/hwloc/2.2.0-GCCcore-10.2.0/share/man:/opt/apps/resif/aion/2020b/epyc/software/libxml2/2.9.10-GCCcore-10.2.0/share/man:/opt/apps/resif/aion/2020b/epyc/software/XZ/5.2.5-GCCcore-10.2.0/share/man:/opt/apps/resif/aion/2020b/epyc/software/numactl/2.0.13-GCCcore-10.2.0/share/man:/opt/apps/resif/aion/2020b/epyc/software/binutils/2.35-GCCcore-10.2.0/share/man:/opt/apps/resif/aion/2020b/epyc/software/zlib/1.2.11-GCCcore-10.2.0/share/man:/opt/apps/resif/aion/2020b/epyc/software/GCCcore/10.2.0/share/man:/usr/share/lmod/lmod/share/man::/opt/puppetlabs/puppet/share/man";
os.environ["MODULEPATH"] = "/tmp/eb-09zxmkft/tmp1hrm161w/all:/home/users/mghavami/.local/easybuild/modules/all:/opt/apps/easybuild/environment/modules:/cvmfs/software.eessi.io/init/modules:/opt/apps/resif/aion/2020b/epyc/modules/all";
os.environ["__LMOD_REF_COUNT_PATH"] = "/opt/apps/resif/aion/2020b/epyc/software/OpenMPI/4.0.5-GCC-10.2.0/bin:1;/opt/apps/resif/aion/2020b/epyc/software/UCX/1.9.0-GCCcore-10.2.0/bin:1;/opt/apps/resif/aion/2020b/epyc/software/hwloc/2.2.0-GCCcore-10.2.0/sbin:1;/opt/apps/resif/aion/2020b/epyc/software/hwloc/2.2.0-GCCcore-10.2.0/bin:1;/opt/apps/resif/aion/2020b/epyc/software/libxml2/2.9.10-GCCcore-10.2.0/bin:1;/opt/apps/resif/aion/2020b/epyc/software/XZ/5.2.5-GCCcore-10.2.0/bin:1;/opt/apps/resif/aion/2020b/epyc/software/numactl/2.0.13-GCCcore-10.2.0/bin:1;/opt/apps/resif/aion/2020b/epyc/software/binutils/2.35-GCCcore-10.2.0/bin:1;/opt/apps/resif/aion/2020b/epyc/software/GCCcore/10.2.0/bin:1;/home/users/mghavami/.local/easybuild/software/EasyBuild/5.0.0/bin:1;/home/users/mghavami/.local/bin:1;/home/users/mghavami/bin:1;/usr/local/bin:1;/usr/bin:1;/usr/local/sbin:1;/usr/sbin:1;/opt/puppetlabs/bin:1;/usr/share/lmod/lmod/libexec:1";
os.environ["PATH"] = "/opt/apps/resif/aion/2020b/epyc/software/OpenMPI/4.0.5-GCC-10.2.0/bin:/opt/apps/resif/aion/2020b/epyc/software/UCX/1.9.0-GCCcore-10.2.0/bin:/opt/apps/resif/aion/2020b/epyc/software/hwloc/2.2.0-GCCcore-10.2.0/sbin:/opt/apps/resif/aion/2020b/epyc/software/hwloc/2.2.0-GCCcore-10.2.0/bin:/opt/apps/resif/aion/2020b/epyc/software/libxml2/2.9.10-GCCcore-10.2.0/bin:/opt/apps/resif/aion/2020b/epyc/software/XZ/5.2.5-GCCcore-10.2.0/bin:/opt/apps/resif/aion/2020b/epyc/software/numactl/2.0.13-GCCcore-10.2.0/bin:/opt/apps/resif/aion/2020b/epyc/software/binutils/2.35-GCCcore-10.2.0/bin:/opt/apps/resif/aion/2020b/epyc/software/GCCcore/10.2.0/bin:/home/users/mghavami/.local/easybuild/software/EasyBuild/5.0.0/bin:/home/users/mghavami/.local/bin:/home/users/mghavami/bin:/usr/local/bin:/usr/bin:/usr/local/sbin:/usr/sbin:/opt/puppetlabs/bin:/usr/share/lmod/lmod/libexec";
os.environ["__LMOD_REF_COUNT_PKG_CONFIG_PATH"] = "/opt/apps/resif/aion/2020b/epyc/software/OpenMPI/4.0.5-GCC-10.2.0/lib/pkgconfig:1;/opt/apps/resif/aion/2020b/epyc/software/UCX/1.9.0-GCCcore-10.2.0/lib/pkgconfig:1;/opt/apps/resif/aion/2020b/epyc/software/hwloc/2.2.0-GCCcore-10.2.0/lib/pkgconfig:1;/opt/apps/resif/aion/2020b/epyc/software/libpciaccess/0.16-GCCcore-10.2.0/lib/pkgconfig:1;/opt/apps/resif/aion/2020b/epyc/software/libxml2/2.9.10-GCCcore-10.2.0/lib/pkgconfig:1;/opt/apps/resif/aion/2020b/epyc/software/XZ/5.2.5-GCCcore-10.2.0/lib/pkgconfig:1;/opt/apps/resif/aion/2020b/epyc/software/numactl/2.0.13-GCCcore-10.2.0/lib/pkgconfig:1;/opt/apps/resif/aion/2020b/epyc/software/zlib/1.2.11-GCCcore-10.2.0/lib/pkgconfig:1";
os.environ["PKG_CONFIG_PATH"] = "/opt/apps/resif/aion/2020b/epyc/software/OpenMPI/4.0.5-GCC-10.2.0/lib/pkgconfig:/opt/apps/resif/aion/2020b/epyc/software/UCX/1.9.0-GCCcore-10.2.0/lib/pkgconfig:/opt/apps/resif/aion/2020b/epyc/software/hwloc/2.2.0-GCCcore-10.2.0/lib/pkgconfig:/opt/apps/resif/aion/2020b/epyc/software/libpciaccess/0.16-GCCcore-10.2.0/lib/pkgconfig:/opt/apps/resif/aion/2020b/epyc/software/libxml2/2.9.10-GCCcore-10.2.0/lib/pkgconfig:/opt/apps/resif/aion/2020b/epyc/software/XZ/5.2.5-GCCcore-10.2.0/lib/pkgconfig:/opt/apps/resif/aion/2020b/epyc/software/numactl/2.0.13-GCCcore-10.2.0/lib/pkgconfig:/opt/apps/resif/aion/2020b/epyc/software/zlib/1.2.11-GCCcore-10.2.0/lib/pkgconfig";
os.environ["__LMOD_REF_COUNT_XDG_DATA_DIRS"] = "/opt/apps/resif/aion/2020b/epyc/software/OpenMPI/4.0.5-GCC-10.2.0/share:1;/opt/apps/resif/aion/2020b/epyc/software/UCX/1.9.0-GCCcore-10.2.0/share:1;/opt/apps/resif/aion/2020b/epyc/software/hwloc/2.2.0-GCCcore-10.2.0/share:1;/opt/apps/resif/aion/2020b/epyc/software/libxml2/2.9.10-GCCcore-10.2.0/share:1;/opt/apps/resif/aion/2020b/epyc/software/XZ/5.2.5-GCCcore-10.2.0/share:1;/opt/apps/resif/aion/2020b/epyc/software/numactl/2.0.13-GCCcore-10.2.0/share:1;/opt/apps/resif/aion/2020b/epyc/software/binutils/2.35-GCCcore-10.2.0/share:1;/opt/apps/resif/aion/2020b/epyc/software/zlib/1.2.11-GCCcore-10.2.0/share:1;/opt/apps/resif/aion/2020b/epyc/software/GCCcore/10.2.0/share:1";
os.environ["XDG_DATA_DIRS"] = "/opt/apps/resif/aion/2020b/epyc/software/OpenMPI/4.0.5-GCC-10.2.0/share:/opt/apps/resif/aion/2020b/epyc/software/UCX/1.9.0-GCCcore-10.2.0/share:/opt/apps/resif/aion/2020b/epyc/software/hwloc/2.2.0-GCCcore-10.2.0/share:/opt/apps/resif/aion/2020b/epyc/software/libxml2/2.9.10-GCCcore-10.2.0/share:/opt/apps/resif/aion/2020b/epyc/software/XZ/5.2.5-GCCcore-10.2.0/share:/opt/apps/resif/aion/2020b/epyc/software/numactl/2.0.13-GCCcore-10.2.0/share:/opt/apps/resif/aion/2020b/epyc/software/binutils/2.35-GCCcore-10.2.0/share:/opt/apps/resif/aion/2020b/epyc/software/zlib/1.2.11-GCCcore-10.2.0/share:/opt/apps/resif/aion/2020b/epyc/software/GCCcore/10.2.0/share";
os.environ["_LMFILES_"] = "/opt/apps/easybuild/environment/modules/env/release/default.lua:/home/users/mghavami/.local/easybuild/modules/all/tools/EasyBuild/5.0.0.lua:/opt/apps/resif/aion/2020b/epyc/modules/all/compiler/GCCcore/10.2.0.lua:/opt/apps/resif/aion/2020b/epyc/modules/all/lib/zlib/1.2.11-GCCcore-10.2.0.lua:/opt/apps/resif/aion/2020b/epyc/modules/all/tools/binutils/2.35-GCCcore-10.2.0.lua:/opt/apps/resif/aion/2020b/epyc/modules/all/compiler/GCC/10.2.0.lua:/opt/apps/resif/aion/2020b/epyc/modules/all/tools/numactl/2.0.13-GCCcore-10.2.0.lua:/opt/apps/resif/aion/2020b/epyc/modules/all/tools/XZ/5.2.5-GCCcore-10.2.0.lua:/opt/apps/resif/aion/2020b/epyc/modules/all/lib/libxml2/2.9.10-GCCcore-10.2.0.lua:/opt/apps/resif/aion/2020b/epyc/modules/all/system/libpciaccess/0.16-GCCcore-10.2.0.lua:/opt/apps/resif/aion/2020b/epyc/modules/all/system/hwloc/2.2.0-GCCcore-10.2.0.lua:/opt/apps/resif/aion/2020b/epyc/modules/all/lib/UCX/1.9.0-GCCcore-10.2.0.lua:/opt/apps/resif/aion/2020b/epyc/modules/all/mpi/OpenMPI/4.0.5-GCC-10.2.0.lua";
os.environ["_ModuleTable001_"] = "X01vZHVsZVRhYmxlXyA9IHsKTVR2ZXJzaW9uID0gMywKY19yZWJ1aWxkVGltZSA9IGZhbHNlLApjX3Nob3J0VGltZSA9IGZhbHNlLApkZXB0aFQgPSB7fSwKZmFtaWx5ID0gewplbnYgPSAiZW52L3JlbGVhc2UiLAp9LAptVCA9IHsKWyJjb21waWxlci9HQ0MiXSA9IHsKZm4gPSAiL29wdC9hcHBzL3Jlc2lmL2Fpb24vMjAyMGIvZXB5Yy9tb2R1bGVzL2FsbC9jb21waWxlci9HQ0MvMTAuMi4wLmx1YSIsCmZ1bGxOYW1lID0gImNvbXBpbGVyL0dDQy8xMC4yLjAiLApsb2FkT3JkZXIgPSA2LApwcm9wVCA9IHt9LApzdGFja0RlcHRoID0gMiwKc3RhdHVzID0gImFjdGl2ZSIsCnVzZXJOYW1lID0gImNvbXBpbGVyL0dDQy8xMC4yLjAiLAp3ViA9ICIwMDAwMDAwMTAuMDAwMDAwMDAy";
os.environ["_ModuleTable002_"] = "Lip6ZmluYWwiLAp9LApbImNvbXBpbGVyL0dDQ2NvcmUiXSA9IHsKZm4gPSAiL29wdC9hcHBzL3Jlc2lmL2Fpb24vMjAyMGIvZXB5Yy9tb2R1bGVzL2FsbC9jb21waWxlci9HQ0Njb3JlLzEwLjIuMC5sdWEiLApmdWxsTmFtZSA9ICJjb21waWxlci9HQ0Njb3JlLzEwLjIuMCIsCmxvYWRPcmRlciA9IDMsCnByb3BUID0ge30sCnN0YWNrRGVwdGggPSAzLApzdGF0dXMgPSAiYWN0aXZlIiwKdXNlck5hbWUgPSAiY29tcGlsZXIvR0NDY29yZS8xMC4yLjAiLAp3ViA9ICIwMDAwMDAwMTAuMDAwMDAwMDAyLip6ZmluYWwiLAp9LApbImVudi9yZWxlYXNlIl0gPSB7CmFjdGlvbkEgPSB7CiJhcHBlbmRfcGF0aChcIk1PRFVMRVBBVEhcIixcIi9vcHQvYXBwcy9yZXNpZi9haW9uLzIwMjBi";
os.environ["_ModuleTable003_"] = "L2VweWMvbW9kdWxlcy9hbGxcIikiLAp9LApmbiA9ICIvb3B0L2FwcHMvZWFzeWJ1aWxkL2Vudmlyb25tZW50L21vZHVsZXMvZW52L3JlbGVhc2UvZGVmYXVsdC5sdWEiLApmdWxsTmFtZSA9ICJlbnYvcmVsZWFzZS9kZWZhdWx0IiwKbG9hZE9yZGVyID0gMSwKcHJvcFQgPSB7Cmxtb2QgPSB7CnN0aWNreSA9IDEsCn0sCn0sCnN0YWNrRGVwdGggPSAwLApzdGF0dXMgPSAiYWN0aXZlIiwKdXNlck5hbWUgPSAiZW52L3JlbGVhc2UvZGVmYXVsdCIsCndWID0gIipkZWZhdWx0Lip6ZmluYWwiLAp9LApbImxpYi9VQ1giXSA9IHsKZm4gPSAiL29wdC9hcHBzL3Jlc2lmL2Fpb24vMjAyMGIvZXB5Yy9tb2R1bGVzL2FsbC9saWIvVUNYLzEuOS4wLUdDQ2NvcmUtMTAuMi4wLmx1YSIsCmZ1";
os.environ["_ModuleTable004_"] = "bGxOYW1lID0gImxpYi9VQ1gvMS45LjAtR0NDY29yZS0xMC4yLjAiLApsb2FkT3JkZXIgPSAxMiwKcHJvcFQgPSB7fSwKc3RhY2tEZXB0aCA9IDMsCnN0YXR1cyA9ICJhY3RpdmUiLAp1c2VyTmFtZSA9ICJsaWIvVUNYLzEuOS4wLUdDQ2NvcmUtMTAuMi4wIiwKd1YgPSAiMDAwMDAwMDAxLjAwMDAwMDAwOS4qZ2NjY29yZS4qemZpbmFsLS4wMDAwMDAwMTAuMDAwMDAwMDAyLip6ZmluYWwiLAp9LApbImxpYi9saWJ4bWwyIl0gPSB7CmZuID0gIi9vcHQvYXBwcy9yZXNpZi9haW9uLzIwMjBiL2VweWMvbW9kdWxlcy9hbGwvbGliL2xpYnhtbDIvMi45LjEwLUdDQ2NvcmUtMTAuMi4wLmx1YSIsCmZ1bGxOYW1lID0gImxpYi9saWJ4bWwyLzIuOS4xMC1HQ0Njb3JlLTEwLjIuMCIsCmxv";
os.environ["_ModuleTable005_"] = "YWRPcmRlciA9IDksCnByb3BUID0ge30sCnN0YWNrRGVwdGggPSA0LApzdGF0dXMgPSAiYWN0aXZlIiwKdXNlck5hbWUgPSAibGliL2xpYnhtbDIvMi45LjEwLUdDQ2NvcmUtMTAuMi4wIiwKd1YgPSAiMDAwMDAwMDAyLjAwMDAwMDAwOS4wMDAwMDAwMTAuKmdjY2NvcmUuKnpmaW5hbC0uMDAwMDAwMDEwLjAwMDAwMDAwMi4qemZpbmFsIiwKfSwKWyJsaWIvemxpYiJdID0gewpmbiA9ICIvb3B0L2FwcHMvcmVzaWYvYWlvbi8yMDIwYi9lcHljL21vZHVsZXMvYWxsL2xpYi96bGliLzEuMi4xMS1HQ0Njb3JlLTEwLjIuMC5sdWEiLApmdWxsTmFtZSA9ICJsaWIvemxpYi8xLjIuMTEtR0NDY29yZS0xMC4yLjAiLApsb2FkT3JkZXIgPSA0LApwcm9wVCA9IHt9LApzdGFja0RlcHRoID0g";
os.environ["_ModuleTable006_"] = "NCwKc3RhdHVzID0gImFjdGl2ZSIsCnVzZXJOYW1lID0gImxpYi96bGliLzEuMi4xMS1HQ0Njb3JlLTEwLjIuMCIsCndWID0gIjAwMDAwMDAwMS4wMDAwMDAwMDIuMDAwMDAwMDExLipnY2Njb3JlLip6ZmluYWwtLjAwMDAwMDAxMC4wMDAwMDAwMDIuKnpmaW5hbCIsCn0sClsibXBpL09wZW5NUEkiXSA9IHsKZm4gPSAiL29wdC9hcHBzL3Jlc2lmL2Fpb24vMjAyMGIvZXB5Yy9tb2R1bGVzL2FsbC9tcGkvT3Blbk1QSS80LjAuNS1HQ0MtMTAuMi4wLmx1YSIsCmZ1bGxOYW1lID0gIm1waS9PcGVuTVBJLzQuMC41LUdDQy0xMC4yLjAiLApsb2FkT3JkZXIgPSAxMywKcHJvcFQgPSB7fSwKc3RhY2tEZXB0aCA9IDIsCnN0YXR1cyA9ICJhY3RpdmUiLAp1c2VyTmFtZSA9ICJtcGkvT3Bl";
os.environ["_ModuleTable007_"] = "bk1QSS80LjAuNS1HQ0MtMTAuMi4wIiwKd1YgPSAiMDAwMDAwMDA0LjAwMDAwMDAwMC4wMDAwMDAwMDUuKmdjYy4qemZpbmFsLS4wMDAwMDAwMTAuMDAwMDAwMDAyLip6ZmluYWwiLAp9LApbInN5c3RlbS9od2xvYyJdID0gewpmbiA9ICIvb3B0L2FwcHMvcmVzaWYvYWlvbi8yMDIwYi9lcHljL21vZHVsZXMvYWxsL3N5c3RlbS9od2xvYy8yLjIuMC1HQ0Njb3JlLTEwLjIuMC5sdWEiLApmdWxsTmFtZSA9ICJzeXN0ZW0vaHdsb2MvMi4yLjAtR0NDY29yZS0xMC4yLjAiLApsb2FkT3JkZXIgPSAxMSwKcHJvcFQgPSB7fSwKc3RhY2tEZXB0aCA9IDMsCnN0YXR1cyA9ICJhY3RpdmUiLAp1c2VyTmFtZSA9ICJzeXN0ZW0vaHdsb2MvMi4yLjAtR0NDY29yZS0xMC4yLjAiLAp3ViA9ICIw";
os.environ["_ModuleTable008_"] = "MDAwMDAwMDIuMDAwMDAwMDAyLipnY2Njb3JlLip6ZmluYWwtLjAwMDAwMDAxMC4wMDAwMDAwMDIuKnpmaW5hbCIsCn0sClsic3lzdGVtL2xpYnBjaWFjY2VzcyJdID0gewpmbiA9ICIvb3B0L2FwcHMvcmVzaWYvYWlvbi8yMDIwYi9lcHljL21vZHVsZXMvYWxsL3N5c3RlbS9saWJwY2lhY2Nlc3MvMC4xNi1HQ0Njb3JlLTEwLjIuMC5sdWEiLApmdWxsTmFtZSA9ICJzeXN0ZW0vbGlicGNpYWNjZXNzLzAuMTYtR0NDY29yZS0xMC4yLjAiLApsb2FkT3JkZXIgPSAxMCwKcHJvcFQgPSB7fSwKc3RhY2tEZXB0aCA9IDQsCnN0YXR1cyA9ICJhY3RpdmUiLAp1c2VyTmFtZSA9ICJzeXN0ZW0vbGlicGNpYWNjZXNzLzAuMTYtR0NDY29yZS0xMC4yLjAiLAp3ViA9ICIwMDAwMDAwMDAuMDAw";
os.environ["_ModuleTable009_"] = "MDAwMDE2LipnY2Njb3JlLip6ZmluYWwtLjAwMDAwMDAxMC4wMDAwMDAwMDIuKnpmaW5hbCIsCn0sClsidG9vbHMvRWFzeUJ1aWxkIl0gPSB7CmZuID0gIi9ob21lL3VzZXJzL21naGF2YW1pLy5sb2NhbC9lYXN5YnVpbGQvbW9kdWxlcy9hbGwvdG9vbHMvRWFzeUJ1aWxkLzUuMC4wLmx1YSIsCmZ1bGxOYW1lID0gInRvb2xzL0Vhc3lCdWlsZC81LjAuMCIsCmxvYWRPcmRlciA9IDIsCnByb3BUID0ge30sCnN0YWNrRGVwdGggPSAwLApzdGF0dXMgPSAiYWN0aXZlIiwKdXNlck5hbWUgPSAidG9vbHMvRWFzeUJ1aWxkLzUuMC4wIiwKd1YgPSAiMDAwMDAwMDA1Lip6ZmluYWwiLAp9LApbInRvb2xzL1haIl0gPSB7CmZuID0gIi9vcHQvYXBwcy9yZXNpZi9haW9uLzIwMjBiL2VweWMv";
os.environ["_ModuleTable010_"] = "bW9kdWxlcy9hbGwvdG9vbHMvWFovNS4yLjUtR0NDY29yZS0xMC4yLjAubHVhIiwKZnVsbE5hbWUgPSAidG9vbHMvWFovNS4yLjUtR0NDY29yZS0xMC4yLjAiLApsb2FkT3JkZXIgPSA4LApwcm9wVCA9IHt9LApzdGFja0RlcHRoID0gNSwKc3RhdHVzID0gImFjdGl2ZSIsCnVzZXJOYW1lID0gInRvb2xzL1haLzUuMi41LUdDQ2NvcmUtMTAuMi4wIiwKd1YgPSAiMDAwMDAwMDA1LjAwMDAwMDAwMi4wMDAwMDAwMDUuKmdjY2NvcmUuKnpmaW5hbC0uMDAwMDAwMDEwLjAwMDAwMDAwMi4qemZpbmFsIiwKfSwKWyJ0b29scy9iaW51dGlscyJdID0gewpmbiA9ICIvb3B0L2FwcHMvcmVzaWYvYWlvbi8yMDIwYi9lcHljL21vZHVsZXMvYWxsL3Rvb2xzL2JpbnV0aWxzLzIuMzUtR0NDY29y";
os.environ["_ModuleTable011_"] = "ZS0xMC4yLjAubHVhIiwKZnVsbE5hbWUgPSAidG9vbHMvYmludXRpbHMvMi4zNS1HQ0Njb3JlLTEwLjIuMCIsCmxvYWRPcmRlciA9IDUsCnByb3BUID0ge30sCnN0YWNrRGVwdGggPSAzLApzdGF0dXMgPSAiYWN0aXZlIiwKdXNlck5hbWUgPSAidG9vbHMvYmludXRpbHMvMi4zNS1HQ0Njb3JlLTEwLjIuMCIsCndWID0gIjAwMDAwMDAwMi4wMDAwMDAwMzUuKmdjY2NvcmUuKnpmaW5hbC0uMDAwMDAwMDEwLjAwMDAwMDAwMi4qemZpbmFsIiwKfSwKWyJ0b29scy9udW1hY3RsIl0gPSB7CmZuID0gIi9vcHQvYXBwcy9yZXNpZi9haW9uLzIwMjBiL2VweWMvbW9kdWxlcy9hbGwvdG9vbHMvbnVtYWN0bC8yLjAuMTMtR0NDY29yZS0xMC4yLjAubHVhIiwKZnVsbE5hbWUgPSAidG9vbHMv";
os.environ["_ModuleTable012_"] = "bnVtYWN0bC8yLjAuMTMtR0NDY29yZS0xMC4yLjAiLApsb2FkT3JkZXIgPSA3LApwcm9wVCA9IHt9LApzdGFja0RlcHRoID0gNCwKc3RhdHVzID0gImFjdGl2ZSIsCnVzZXJOYW1lID0gInRvb2xzL251bWFjdGwvMi4wLjEzLUdDQ2NvcmUtMTAuMi4wIiwKd1YgPSAiMDAwMDAwMDAyLjAwMDAwMDAwMC4wMDAwMDAwMTMuKmdjY2NvcmUuKnpmaW5hbC0uMDAwMDAwMDEwLjAwMDAwMDAwMi4qemZpbmFsIiwKfSwKfSwKbXBhdGhBID0gewoiL3RtcC9lYi0wOXp4bWtmdC90bXAxaHJtMTYxdy9hbGwiCiwgIi9ob21lL3VzZXJzL21naGF2YW1pLy5sb2NhbC9lYXN5YnVpbGQvbW9kdWxlcy9hbGwiCiwgIi9vcHQvYXBwcy9lYXN5YnVpbGQvZW52aXJvbm1lbnQvbW9kdWxlcyIKLCAiL2N2";
os.environ["_ModuleTable013_"] = "bWZzL3NvZnR3YXJlLmVlc3NpLmlvL2luaXQvbW9kdWxlcyIsICIvb3B0L2FwcHMvcmVzaWYvYWlvbi8yMDIwYi9lcHljL21vZHVsZXMvYWxsIiwKfSwKc3lzdGVtQmFzZU1QQVRIID0gIi9vcHQvYXBwcy9lYXN5YnVpbGQvZW52aXJvbm1lbnQvbW9kdWxlczovY3ZtZnMvc29mdHdhcmUuZWVzc2kuaW8vaW5pdC9tb2R1bGVzIiwKfQo=";
os.environ["_ModuleTable_Sz_"] = "13";
os.environ["_ModuleTable015_"] = ''
del os.environ["_ModuleTable015_"]
_mlstatus = True

== 2025-03-25 13:55:54,852 run.py:596 INFO Warnings and errors of '/usr/share/lmod/lmod/libexec/lmod ...' shell command (stderr only):

== 2025-03-25 13:55:54,852 run.py:601 INFO Shell command completed successfully (see output above): /usr/share/lmod/lmod/libexec/lmod python unload perf/OSU-Micro-Benchmarks/7.5-gompi-2020b
== 2025-03-25 13:55:54,853 environment.py:93 INFO Environment variable LD_LIBRARY_PATH set to /home/users/mghavami/.local/easybuild/software/OSU-Micro-Benchmarks/7.5-gompi-2020b/lib64:/home/users/mghavami/.local/easybuild/software/OSU-Micro-Benchmarks/7.5-gompi-2020b/lib:/opt/apps/resif/aion/2020b/epyc/software/OpenMPI/4.0.5-GCC-10.2.0/lib:/opt/apps/resif/aion/2020b/epyc/software/UCX/1.9.0-GCCcore-10.2.0/lib:/opt/apps/resif/aion/2020b/epyc/software/hwloc/2.2.0-GCCcore-10.2.0/lib:/opt/apps/resif/aion/2020b/epyc/software/libpciaccess/0.16-GCCcore-10.2.0/lib:/opt/apps/resif/aion/2020b/epyc/software/libxml2/2.9.10-GCCcore-10.2.0/lib:/opt/apps/resif/aion/2020b/epyc/software/XZ/5.2.5-GCCcore-10.2.0/lib:/opt/apps/resif/aion/2020b/epyc/software/numactl/2.0.13-GCCcore-10.2.0/lib:/opt/apps/resif/aion/2020b/epyc/software/binutils/2.35-GCCcore-10.2.0/lib:/opt/apps/resif/aion/2020b/epyc/software/zlib/1.2.11-GCCcore-10.2.0/lib:/opt/apps/resif/aion/2020b/epyc/software/GCCcore/10.2.0/lib64:/opt/apps/resif/aion/2020b/epyc/software/GCCcore/10.2.0/lib (previously undefined)
== 2025-03-25 13:55:54,854 filetools.py:402 INFO Path /tmp/eb-09zxmkft/tmp1hrm161w successfully removed.
== 2025-03-25 13:55:54,854 environment.py:93 INFO Environment variable _ModuleTable002_ set to Lip6ZmluYWwiLAp9LApbImNvbXBpbGVyL0dDQ2NvcmUiXSA9IHsKZm4gPSAiL29wdC9hcHBzL3Jlc2lmL2Fpb24vMjAyMGIvZXB5Yy9tb2R1bGVzL2FsbC9jb21waWxlci9HQ0Njb3JlLzEwLjIuMC5sdWEiLApmdWxsTmFtZSA9ICJjb21waWxlci9HQ0Njb3JlLzEwLjIuMCIsCmxvYWRPcmRlciA9IDMsCnByb3BUID0ge30sCnN0YWNrRGVwdGggPSAyLApzdGF0dXMgPSAiYWN0aXZlIiwKdXNlck5hbWUgPSAiY29tcGlsZXIvR0NDY29yZS8xMC4yLjAiLAp3ViA9ICIwMDAwMDAwMTAuMDAwMDAwMDAyLip6ZmluYWwiLAp9LApbImVudi9yZWxlYXNlIl0gPSB7CmFjdGlvbkEgPSB7CiJhcHBlbmRfcGF0aChcIk1PRFVMRVBBVEhcIixcIi9vcHQvYXBwcy9yZXNpZi9haW9uLzIwMjBi (previous value: 'Lip6ZmluYWwiLAp9LApbImNvbXBpbGVyL0dDQ2NvcmUiXSA9IHsKZm4gPSAiL29wdC9hcHBzL3Jlc2lmL2Fpb24vMjAyMGIvZXB5Yy9tb2R1bGVzL2FsbC9jb21waWxlci9HQ0Njb3JlLzEwLjIuMC5sdWEiLApmdWxsTmFtZSA9ICJjb21waWxlci9HQ0Njb3JlLzEwLjIuMCIsCmxvYWRPcmRlciA9IDMsCnByb3BUID0ge30sCnN0YWNrRGVwdGggPSAzLApzdGF0dXMgPSAiYWN0aXZlIiwKdXNlck5hbWUgPSAiY29tcGlsZXIvR0NDY29yZS8xMC4yLjAiLAp3ViA9ICIwMDAwMDAwMTAuMDAwMDAwMDAyLip6ZmluYWwiLAp9LApbImVudi9yZWxlYXNlIl0gPSB7CmFjdGlvbkEgPSB7CiJhcHBlbmRfcGF0aChcIk1PRFVMRVBBVEhcIixcIi9vcHQvYXBwcy9yZXNpZi9haW9uLzIwMjBi')
== 2025-03-25 13:55:54,854 environment.py:93 INFO Environment variable __LMOD_REF_COUNT_MODULEPATH set to /home/users/mghavami/.local/easybuild/modules/all:1;/opt/apps/easybuild/environment/modules:1;/cvmfs/software.eessi.io/init/modules:1;/opt/apps/resif/aion/2020b/epyc/modules/all:1 (previous value: '/tmp/eb-09zxmkft/tmp1hrm161w/all:1;/home/users/mghavami/.local/easybuild/modules/all:1;/opt/apps/easybuild/environment/modules:1;/cvmfs/software.eessi.io/init/modules:1;/opt/apps/resif/aion/2020b/epyc/modules/all:1')
== 2025-03-25 13:55:54,855 environment.py:93 INFO Environment variable _ModuleTable001_ set to X01vZHVsZVRhYmxlXyA9IHsKTVR2ZXJzaW9uID0gMywKY19yZWJ1aWxkVGltZSA9IGZhbHNlLApjX3Nob3J0VGltZSA9IGZhbHNlLApkZXB0aFQgPSB7fSwKZmFtaWx5ID0gewplbnYgPSAiZW52L3JlbGVhc2UiLAp9LAptVCA9IHsKWyJjb21waWxlci9HQ0MiXSA9IHsKZm4gPSAiL29wdC9hcHBzL3Jlc2lmL2Fpb24vMjAyMGIvZXB5Yy9tb2R1bGVzL2FsbC9jb21waWxlci9HQ0MvMTAuMi4wLmx1YSIsCmZ1bGxOYW1lID0gImNvbXBpbGVyL0dDQy8xMC4yLjAiLApsb2FkT3JkZXIgPSA2LApwcm9wVCA9IHt9LApzdGFja0RlcHRoID0gMSwKc3RhdHVzID0gImFjdGl2ZSIsCnVzZXJOYW1lID0gImNvbXBpbGVyL0dDQy8xMC4yLjAiLAp3ViA9ICIwMDAwMDAwMTAuMDAwMDAwMDAy (previous value: 'X01vZHVsZVRhYmxlXyA9IHsKTVR2ZXJzaW9uID0gMywKY19yZWJ1aWxkVGltZSA9IGZhbHNlLApjX3Nob3J0VGltZSA9IGZhbHNlLApkZXB0aFQgPSB7fSwKZmFtaWx5ID0gewplbnYgPSAiZW52L3JlbGVhc2UiLAp9LAptVCA9IHsKWyJjb21waWxlci9HQ0MiXSA9IHsKZm4gPSAiL29wdC9hcHBzL3Jlc2lmL2Fpb24vMjAyMGIvZXB5Yy9tb2R1bGVzL2FsbC9jb21waWxlci9HQ0MvMTAuMi4wLmx1YSIsCmZ1bGxOYW1lID0gImNvbXBpbGVyL0dDQy8xMC4yLjAiLApsb2FkT3JkZXIgPSA2LApwcm9wVCA9IHt9LApzdGFja0RlcHRoID0gMiwKc3RhdHVzID0gImFjdGl2ZSIsCnVzZXJOYW1lID0gImNvbXBpbGVyL0dDQy8xMC4yLjAiLAp3ViA9ICIwMDAwMDAwMTAuMDAwMDAwMDAy')
== 2025-03-25 13:55:54,855 environment.py:93 INFO Environment variable LOADEDMODULES set to env/release/default:tools/EasyBuild/5.0.0:compiler/GCCcore/10.2.0:lib/zlib/1.2.11-GCCcore-10.2.0:tools/binutils/2.35-GCCcore-10.2.0:compiler/GCC/10.2.0:tools/numactl/2.0.13-GCCcore-10.2.0:tools/XZ/5.2.5-GCCcore-10.2.0:lib/libxml2/2.9.10-GCCcore-10.2.0:system/libpciaccess/0.16-GCCcore-10.2.0:system/hwloc/2.2.0-GCCcore-10.2.0:lib/UCX/1.9.0-GCCcore-10.2.0:mpi/OpenMPI/4.0.5-GCC-10.2.0:toolchain/gompi/2020b (previous value: 'env/release/default:tools/EasyBuild/5.0.0:compiler/GCCcore/10.2.0:lib/zlib/1.2.11-GCCcore-10.2.0:tools/binutils/2.35-GCCcore-10.2.0:compiler/GCC/10.2.0:tools/numactl/2.0.13-GCCcore-10.2.0:tools/XZ/5.2.5-GCCcore-10.2.0:lib/libxml2/2.9.10-GCCcore-10.2.0:system/libpciaccess/0.16-GCCcore-10.2.0:system/hwloc/2.2.0-GCCcore-10.2.0:lib/UCX/1.9.0-GCCcore-10.2.0:mpi/OpenMPI/4.0.5-GCC-10.2.0')
== 2025-03-25 13:55:54,855 environment.py:93 INFO Environment variable _ModuleTable_Sz_ set to 14 (previous value: '13')
== 2025-03-25 13:55:54,855 environment.py:93 INFO Environment variable PATH set to /tmp/eb-09zxmkft/tmp2l12z53e/rpath_wrappers/ld.bfd_wrapper:/tmp/eb-09zxmkft/tmp2l12z53e/rpath_wrappers/ld.gold_wrapper:/tmp/eb-09zxmkft/tmp2l12z53e/rpath_wrappers/ld_wrapper:/tmp/eb-09zxmkft/tmp2l12z53e/rpath_wrappers/gfortran_wrapper:/tmp/eb-09zxmkft/tmp2l12z53e/rpath_wrappers/gxx_wrapper:/tmp/eb-09zxmkft/tmp2l12z53e/rpath_wrappers/gcc_wrapper:/opt/apps/resif/aion/2020b/epyc/software/OpenMPI/4.0.5-GCC-10.2.0/bin:/opt/apps/resif/aion/2020b/epyc/software/UCX/1.9.0-GCCcore-10.2.0/bin:/opt/apps/resif/aion/2020b/epyc/software/hwloc/2.2.0-GCCcore-10.2.0/sbin:/opt/apps/resif/aion/2020b/epyc/software/hwloc/2.2.0-GCCcore-10.2.0/bin:/opt/apps/resif/aion/2020b/epyc/software/libxml2/2.9.10-GCCcore-10.2.0/bin:/opt/apps/resif/aion/2020b/epyc/software/XZ/5.2.5-GCCcore-10.2.0/bin:/opt/apps/resif/aion/2020b/epyc/software/numactl/2.0.13-GCCcore-10.2.0/bin:/opt/apps/resif/aion/2020b/epyc/software/binutils/2.35-GCCcore-10.2.0/bin:/opt/apps/resif/aion/2020b/epyc/software/GCCcore/10.2.0/bin:/home/users/mghavami/.local/easybuild/software/EasyBuild/5.0.0/bin:/home/users/mghavami/.local/bin:/home/users/mghavami/bin:/usr/local/bin:/usr/bin:/usr/local/sbin:/usr/sbin:/opt/puppetlabs/bin:/usr/share/lmod/lmod/libexec (previous value: '/opt/apps/resif/aion/2020b/epyc/software/OpenMPI/4.0.5-GCC-10.2.0/bin:/opt/apps/resif/aion/2020b/epyc/software/UCX/1.9.0-GCCcore-10.2.0/bin:/opt/apps/resif/aion/2020b/epyc/software/hwloc/2.2.0-GCCcore-10.2.0/sbin:/opt/apps/resif/aion/2020b/epyc/software/hwloc/2.2.0-GCCcore-10.2.0/bin:/opt/apps/resif/aion/2020b/epyc/software/libxml2/2.9.10-GCCcore-10.2.0/bin:/opt/apps/resif/aion/2020b/epyc/software/XZ/5.2.5-GCCcore-10.2.0/bin:/opt/apps/resif/aion/2020b/epyc/software/numactl/2.0.13-GCCcore-10.2.0/bin:/opt/apps/resif/aion/2020b/epyc/software/binutils/2.35-GCCcore-10.2.0/bin:/opt/apps/resif/aion/2020b/epyc/software/GCCcore/10.2.0/bin:/home/users/mghavami/.local/easybuild/software/EasyBuild/5.0.0/bin:/home/users/mghavami/.local/bin:/home/users/mghavami/bin:/usr/local/bin:/usr/bin:/usr/local/sbin:/usr/sbin:/opt/puppetlabs/bin:/usr/share/lmod/lmod/libexec')
== 2025-03-25 13:55:54,855 environment.py:93 INFO Environment variable _LMFILES_ set to /opt/apps/easybuild/environment/modules/env/release/default.lua:/home/users/mghavami/.local/easybuild/modules/all/tools/EasyBuild/5.0.0.lua:/opt/apps/resif/aion/2020b/epyc/modules/all/compiler/GCCcore/10.2.0.lua:/opt/apps/resif/aion/2020b/epyc/modules/all/lib/zlib/1.2.11-GCCcore-10.2.0.lua:/opt/apps/resif/aion/2020b/epyc/modules/all/tools/binutils/2.35-GCCcore-10.2.0.lua:/opt/apps/resif/aion/2020b/epyc/modules/all/compiler/GCC/10.2.0.lua:/opt/apps/resif/aion/2020b/epyc/modules/all/tools/numactl/2.0.13-GCCcore-10.2.0.lua:/opt/apps/resif/aion/2020b/epyc/modules/all/tools/XZ/5.2.5-GCCcore-10.2.0.lua:/opt/apps/resif/aion/2020b/epyc/modules/all/lib/libxml2/2.9.10-GCCcore-10.2.0.lua:/opt/apps/resif/aion/2020b/epyc/modules/all/system/libpciaccess/0.16-GCCcore-10.2.0.lua:/opt/apps/resif/aion/2020b/epyc/modules/all/system/hwloc/2.2.0-GCCcore-10.2.0.lua:/opt/apps/resif/aion/2020b/epyc/modules/all/lib/UCX/1.9.0-GCCcore-10.2.0.lua:/opt/apps/resif/aion/2020b/epyc/modules/all/mpi/OpenMPI/4.0.5-GCC-10.2.0.lua:/opt/apps/resif/aion/2020b/epyc/modules/all/toolchain/gompi/2020b.lua (previous value: '/opt/apps/easybuild/environment/modules/env/release/default.lua:/home/users/mghavami/.local/easybuild/modules/all/tools/EasyBuild/5.0.0.lua:/opt/apps/resif/aion/2020b/epyc/modules/all/compiler/GCCcore/10.2.0.lua:/opt/apps/resif/aion/2020b/epyc/modules/all/lib/zlib/1.2.11-GCCcore-10.2.0.lua:/opt/apps/resif/aion/2020b/epyc/modules/all/tools/binutils/2.35-GCCcore-10.2.0.lua:/opt/apps/resif/aion/2020b/epyc/modules/all/compiler/GCC/10.2.0.lua:/opt/apps/resif/aion/2020b/epyc/modules/all/tools/numactl/2.0.13-GCCcore-10.2.0.lua:/opt/apps/resif/aion/2020b/epyc/modules/all/tools/XZ/5.2.5-GCCcore-10.2.0.lua:/opt/apps/resif/aion/2020b/epyc/modules/all/lib/libxml2/2.9.10-GCCcore-10.2.0.lua:/opt/apps/resif/aion/2020b/epyc/modules/all/system/libpciaccess/0.16-GCCcore-10.2.0.lua:/opt/apps/resif/aion/2020b/epyc/modules/all/system/hwloc/2.2.0-GCCcore-10.2.0.lua:/opt/apps/resif/aion/2020b/epyc/modules/all/lib/UCX/1.9.0-GCCcore-10.2.0.lua:/opt/apps/resif/aion/2020b/epyc/modules/all/mpi/OpenMPI/4.0.5-GCC-10.2.0.lua')
== 2025-03-25 13:55:54,855 environment.py:93 INFO Environment variable EBDEVELGOMPI set to /opt/apps/resif/aion/2020b/epyc/software/gompi/2020b/easybuild/toolchain-gompi-2020b-easybuild-devel (previously undefined)
== 2025-03-25 13:55:54,855 environment.py:93 INFO Environment variable EBROOTGOMPI set to /opt/apps/resif/aion/2020b/epyc/software/gompi/2020b (previously undefined)
== 2025-03-25 13:55:54,855 environment.py:93 INFO Environment variable EBVERSIONGOMPI set to 2020b (previously undefined)
== 2025-03-25 13:55:54,856 environment.py:93 INFO Environment variable __LMOD_REF_COUNT_LD_LIBRARY_PATH set to /opt/apps/resif/aion/2020b/epyc/software/OpenMPI/4.0.5-GCC-10.2.0/lib:1;/opt/apps/resif/aion/2020b/epyc/software/UCX/1.9.0-GCCcore-10.2.0/lib:1;/opt/apps/resif/aion/2020b/epyc/software/hwloc/2.2.0-GCCcore-10.2.0/lib:1;/opt/apps/resif/aion/2020b/epyc/software/libpciaccess/0.16-GCCcore-10.2.0/lib:1;/opt/apps/resif/aion/2020b/epyc/software/libxml2/2.9.10-GCCcore-10.2.0/lib:1;/opt/apps/resif/aion/2020b/epyc/software/XZ/5.2.5-GCCcore-10.2.0/lib:1;/opt/apps/resif/aion/2020b/epyc/software/numactl/2.0.13-GCCcore-10.2.0/lib:1;/opt/apps/resif/aion/2020b/epyc/software/binutils/2.35-GCCcore-10.2.0/lib:1;/opt/apps/resif/aion/2020b/epyc/software/zlib/1.2.11-GCCcore-10.2.0/lib:1;/opt/apps/resif/aion/2020b/epyc/software/GCCcore/10.2.0/lib64:1;/opt/apps/resif/aion/2020b/epyc/software/GCCcore/10.2.0/lib:1 (previously undefined)
== 2025-03-25 13:55:54,856 environment.py:93 INFO Environment variable LD_LIBRARY_PATH set to /opt/apps/resif/aion/2020b/epyc/software/OpenMPI/4.0.5-GCC-10.2.0/lib:/opt/apps/resif/aion/2020b/epyc/software/UCX/1.9.0-GCCcore-10.2.0/lib:/opt/apps/resif/aion/2020b/epyc/software/hwloc/2.2.0-GCCcore-10.2.0/lib:/opt/apps/resif/aion/2020b/epyc/software/libpciaccess/0.16-GCCcore-10.2.0/lib:/opt/apps/resif/aion/2020b/epyc/software/libxml2/2.9.10-GCCcore-10.2.0/lib:/opt/apps/resif/aion/2020b/epyc/software/XZ/5.2.5-GCCcore-10.2.0/lib:/opt/apps/resif/aion/2020b/epyc/software/numactl/2.0.13-GCCcore-10.2.0/lib:/opt/apps/resif/aion/2020b/epyc/software/binutils/2.35-GCCcore-10.2.0/lib:/opt/apps/resif/aion/2020b/epyc/software/zlib/1.2.11-GCCcore-10.2.0/lib:/opt/apps/resif/aion/2020b/epyc/software/GCCcore/10.2.0/lib64:/opt/apps/resif/aion/2020b/epyc/software/GCCcore/10.2.0/lib (previous value: '/home/users/mghavami/.local/easybuild/software/OSU-Micro-Benchmarks/7.5-gompi-2020b/lib64:/home/users/mghavami/.local/easybuild/software/OSU-Micro-Benchmarks/7.5-gompi-2020b/lib:/opt/apps/resif/aion/2020b/epyc/software/OpenMPI/4.0.5-GCC-10.2.0/lib:/opt/apps/resif/aion/2020b/epyc/software/UCX/1.9.0-GCCcore-10.2.0/lib:/opt/apps/resif/aion/2020b/epyc/software/hwloc/2.2.0-GCCcore-10.2.0/lib:/opt/apps/resif/aion/2020b/epyc/software/libpciaccess/0.16-GCCcore-10.2.0/lib:/opt/apps/resif/aion/2020b/epyc/software/libxml2/2.9.10-GCCcore-10.2.0/lib:/opt/apps/resif/aion/2020b/epyc/software/XZ/5.2.5-GCCcore-10.2.0/lib:/opt/apps/resif/aion/2020b/epyc/software/numactl/2.0.13-GCCcore-10.2.0/lib:/opt/apps/resif/aion/2020b/epyc/software/binutils/2.35-GCCcore-10.2.0/lib:/opt/apps/resif/aion/2020b/epyc/software/zlib/1.2.11-GCCcore-10.2.0/lib:/opt/apps/resif/aion/2020b/epyc/software/GCCcore/10.2.0/lib64:/opt/apps/resif/aion/2020b/epyc/software/GCCcore/10.2.0/lib')
== 2025-03-25 13:55:54,856 environment.py:93 INFO Environment variable _ModuleTable004_ set to bGxOYW1lID0gImxpYi9VQ1gvMS45LjAtR0NDY29yZS0xMC4yLjAiLApsb2FkT3JkZXIgPSAxMiwKcHJvcFQgPSB7fSwKc3RhY2tEZXB0aCA9IDIsCnN0YXR1cyA9ICJhY3RpdmUiLAp1c2VyTmFtZSA9ICJsaWIvVUNYLzEuOS4wLUdDQ2NvcmUtMTAuMi4wIiwKd1YgPSAiMDAwMDAwMDAxLjAwMDAwMDAwOS4qZ2NjY29yZS4qemZpbmFsLS4wMDAwMDAwMTAuMDAwMDAwMDAyLip6ZmluYWwiLAp9LApbImxpYi9saWJ4bWwyIl0gPSB7CmZuID0gIi9vcHQvYXBwcy9yZXNpZi9haW9uLzIwMjBiL2VweWMvbW9kdWxlcy9hbGwvbGliL2xpYnhtbDIvMi45LjEwLUdDQ2NvcmUtMTAuMi4wLmx1YSIsCmZ1bGxOYW1lID0gImxpYi9saWJ4bWwyLzIuOS4xMC1HQ0Njb3JlLTEwLjIuMCIsCmxv (previous value: 'bGxOYW1lID0gImxpYi9VQ1gvMS45LjAtR0NDY29yZS0xMC4yLjAiLApsb2FkT3JkZXIgPSAxMiwKcHJvcFQgPSB7fSwKc3RhY2tEZXB0aCA9IDMsCnN0YXR1cyA9ICJhY3RpdmUiLAp1c2VyTmFtZSA9ICJsaWIvVUNYLzEuOS4wLUdDQ2NvcmUtMTAuMi4wIiwKd1YgPSAiMDAwMDAwMDAxLjAwMDAwMDAwOS4qZ2NjY29yZS4qemZpbmFsLS4wMDAwMDAwMTAuMDAwMDAwMDAyLip6ZmluYWwiLAp9LApbImxpYi9saWJ4bWwyIl0gPSB7CmZuID0gIi9vcHQvYXBwcy9yZXNpZi9haW9uLzIwMjBiL2VweWMvbW9kdWxlcy9hbGwvbGliL2xpYnhtbDIvMi45LjEwLUdDQ2NvcmUtMTAuMi4wLmx1YSIsCmZ1bGxOYW1lID0gImxpYi9saWJ4bWwyLzIuOS4xMC1HQ0Njb3JlLTEwLjIuMCIsCmxv')
== 2025-03-25 13:55:54,856 environment.py:93 INFO Environment variable _ModuleTable005_ set to YWRPcmRlciA9IDksCnByb3BUID0ge30sCnN0YWNrRGVwdGggPSAzLApzdGF0dXMgPSAiYWN0aXZlIiwKdXNlck5hbWUgPSAibGliL2xpYnhtbDIvMi45LjEwLUdDQ2NvcmUtMTAuMi4wIiwKd1YgPSAiMDAwMDAwMDAyLjAwMDAwMDAwOS4wMDAwMDAwMTAuKmdjY2NvcmUuKnpmaW5hbC0uMDAwMDAwMDEwLjAwMDAwMDAwMi4qemZpbmFsIiwKfSwKWyJsaWIvemxpYiJdID0gewpmbiA9ICIvb3B0L2FwcHMvcmVzaWYvYWlvbi8yMDIwYi9lcHljL21vZHVsZXMvYWxsL2xpYi96bGliLzEuMi4xMS1HQ0Njb3JlLTEwLjIuMC5sdWEiLApmdWxsTmFtZSA9ICJsaWIvemxpYi8xLjIuMTEtR0NDY29yZS0xMC4yLjAiLApsb2FkT3JkZXIgPSA0LApwcm9wVCA9IHt9LApzdGFja0RlcHRoID0g (previous value: 'YWRPcmRlciA9IDksCnByb3BUID0ge30sCnN0YWNrRGVwdGggPSA0LApzdGF0dXMgPSAiYWN0aXZlIiwKdXNlck5hbWUgPSAibGliL2xpYnhtbDIvMi45LjEwLUdDQ2NvcmUtMTAuMi4wIiwKd1YgPSAiMDAwMDAwMDAyLjAwMDAwMDAwOS4wMDAwMDAwMTAuKmdjY2NvcmUuKnpmaW5hbC0uMDAwMDAwMDEwLjAwMDAwMDAwMi4qemZpbmFsIiwKfSwKWyJsaWIvemxpYiJdID0gewpmbiA9ICIvb3B0L2FwcHMvcmVzaWYvYWlvbi8yMDIwYi9lcHljL21vZHVsZXMvYWxsL2xpYi96bGliLzEuMi4xMS1HQ0Njb3JlLTEwLjIuMC5sdWEiLApmdWxsTmFtZSA9ICJsaWIvemxpYi8xLjIuMTEtR0NDY29yZS0xMC4yLjAiLApsb2FkT3JkZXIgPSA0LApwcm9wVCA9IHt9LApzdGFja0RlcHRoID0g')
== 2025-03-25 13:55:54,856 environment.py:93 INFO Environment variable _ModuleTable006_ set to MywKc3RhdHVzID0gImFjdGl2ZSIsCnVzZXJOYW1lID0gImxpYi96bGliLzEuMi4xMS1HQ0Njb3JlLTEwLjIuMCIsCndWID0gIjAwMDAwMDAwMS4wMDAwMDAwMDIuMDAwMDAwMDExLipnY2Njb3JlLip6ZmluYWwtLjAwMDAwMDAxMC4wMDAwMDAwMDIuKnpmaW5hbCIsCn0sClsibXBpL09wZW5NUEkiXSA9IHsKZm4gPSAiL29wdC9hcHBzL3Jlc2lmL2Fpb24vMjAyMGIvZXB5Yy9tb2R1bGVzL2FsbC9tcGkvT3Blbk1QSS80LjAuNS1HQ0MtMTAuMi4wLmx1YSIsCmZ1bGxOYW1lID0gIm1waS9PcGVuTVBJLzQuMC41LUdDQy0xMC4yLjAiLApsb2FkT3JkZXIgPSAxMywKcHJvcFQgPSB7fSwKc3RhY2tEZXB0aCA9IDEsCnN0YXR1cyA9ICJhY3RpdmUiLAp1c2VyTmFtZSA9ICJtcGkvT3Bl (previous value: 'NCwKc3RhdHVzID0gImFjdGl2ZSIsCnVzZXJOYW1lID0gImxpYi96bGliLzEuMi4xMS1HQ0Njb3JlLTEwLjIuMCIsCndWID0gIjAwMDAwMDAwMS4wMDAwMDAwMDIuMDAwMDAwMDExLipnY2Njb3JlLip6ZmluYWwtLjAwMDAwMDAxMC4wMDAwMDAwMDIuKnpmaW5hbCIsCn0sClsibXBpL09wZW5NUEkiXSA9IHsKZm4gPSAiL29wdC9hcHBzL3Jlc2lmL2Fpb24vMjAyMGIvZXB5Yy9tb2R1bGVzL2FsbC9tcGkvT3Blbk1QSS80LjAuNS1HQ0MtMTAuMi4wLmx1YSIsCmZ1bGxOYW1lID0gIm1waS9PcGVuTVBJLzQuMC41LUdDQy0xMC4yLjAiLApsb2FkT3JkZXIgPSAxMywKcHJvcFQgPSB7fSwKc3RhY2tEZXB0aCA9IDIsCnN0YXR1cyA9ICJhY3RpdmUiLAp1c2VyTmFtZSA9ICJtcGkvT3Bl')
== 2025-03-25 13:55:54,856 environment.py:93 INFO Environment variable _ModuleTable007_ set to bk1QSS80LjAuNS1HQ0MtMTAuMi4wIiwKd1YgPSAiMDAwMDAwMDA0LjAwMDAwMDAwMC4wMDAwMDAwMDUuKmdjYy4qemZpbmFsLS4wMDAwMDAwMTAuMDAwMDAwMDAyLip6ZmluYWwiLAp9LApbInN5c3RlbS9od2xvYyJdID0gewpmbiA9ICIvb3B0L2FwcHMvcmVzaWYvYWlvbi8yMDIwYi9lcHljL21vZHVsZXMvYWxsL3N5c3RlbS9od2xvYy8yLjIuMC1HQ0Njb3JlLTEwLjIuMC5sdWEiLApmdWxsTmFtZSA9ICJzeXN0ZW0vaHdsb2MvMi4yLjAtR0NDY29yZS0xMC4yLjAiLApsb2FkT3JkZXIgPSAxMSwKcHJvcFQgPSB7fSwKc3RhY2tEZXB0aCA9IDIsCnN0YXR1cyA9ICJhY3RpdmUiLAp1c2VyTmFtZSA9ICJzeXN0ZW0vaHdsb2MvMi4yLjAtR0NDY29yZS0xMC4yLjAiLAp3ViA9ICIw (previous value: 'bk1QSS80LjAuNS1HQ0MtMTAuMi4wIiwKd1YgPSAiMDAwMDAwMDA0LjAwMDAwMDAwMC4wMDAwMDAwMDUuKmdjYy4qemZpbmFsLS4wMDAwMDAwMTAuMDAwMDAwMDAyLip6ZmluYWwiLAp9LApbInN5c3RlbS9od2xvYyJdID0gewpmbiA9ICIvb3B0L2FwcHMvcmVzaWYvYWlvbi8yMDIwYi9lcHljL21vZHVsZXMvYWxsL3N5c3RlbS9od2xvYy8yLjIuMC1HQ0Njb3JlLTEwLjIuMC5sdWEiLApmdWxsTmFtZSA9ICJzeXN0ZW0vaHdsb2MvMi4yLjAtR0NDY29yZS0xMC4yLjAiLApsb2FkT3JkZXIgPSAxMSwKcHJvcFQgPSB7fSwKc3RhY2tEZXB0aCA9IDMsCnN0YXR1cyA9ICJhY3RpdmUiLAp1c2VyTmFtZSA9ICJzeXN0ZW0vaHdsb2MvMi4yLjAtR0NDY29yZS0xMC4yLjAiLAp3ViA9ICIw')
== 2025-03-25 13:55:54,856 environment.py:93 INFO Environment variable _ModuleTable008_ set to MDAwMDAwMDIuMDAwMDAwMDAyLipnY2Njb3JlLip6ZmluYWwtLjAwMDAwMDAxMC4wMDAwMDAwMDIuKnpmaW5hbCIsCn0sClsic3lzdGVtL2xpYnBjaWFjY2VzcyJdID0gewpmbiA9ICIvb3B0L2FwcHMvcmVzaWYvYWlvbi8yMDIwYi9lcHljL21vZHVsZXMvYWxsL3N5c3RlbS9saWJwY2lhY2Nlc3MvMC4xNi1HQ0Njb3JlLTEwLjIuMC5sdWEiLApmdWxsTmFtZSA9ICJzeXN0ZW0vbGlicGNpYWNjZXNzLzAuMTYtR0NDY29yZS0xMC4yLjAiLApsb2FkT3JkZXIgPSAxMCwKcHJvcFQgPSB7fSwKc3RhY2tEZXB0aCA9IDMsCnN0YXR1cyA9ICJhY3RpdmUiLAp1c2VyTmFtZSA9ICJzeXN0ZW0vbGlicGNpYWNjZXNzLzAuMTYtR0NDY29yZS0xMC4yLjAiLAp3ViA9ICIwMDAwMDAwMDAuMDAw (previous value: 'MDAwMDAwMDIuMDAwMDAwMDAyLipnY2Njb3JlLip6ZmluYWwtLjAwMDAwMDAxMC4wMDAwMDAwMDIuKnpmaW5hbCIsCn0sClsic3lzdGVtL2xpYnBjaWFjY2VzcyJdID0gewpmbiA9ICIvb3B0L2FwcHMvcmVzaWYvYWlvbi8yMDIwYi9lcHljL21vZHVsZXMvYWxsL3N5c3RlbS9saWJwY2lhY2Nlc3MvMC4xNi1HQ0Njb3JlLTEwLjIuMC5sdWEiLApmdWxsTmFtZSA9ICJzeXN0ZW0vbGlicGNpYWNjZXNzLzAuMTYtR0NDY29yZS0xMC4yLjAiLApsb2FkT3JkZXIgPSAxMCwKcHJvcFQgPSB7fSwKc3RhY2tEZXB0aCA9IDQsCnN0YXR1cyA9ICJhY3RpdmUiLAp1c2VyTmFtZSA9ICJzeXN0ZW0vbGlicGNpYWNjZXNzLzAuMTYtR0NDY29yZS0xMC4yLjAiLAp3ViA9ICIwMDAwMDAwMDAuMDAw')
== 2025-03-25 13:55:54,856 environment.py:93 INFO Environment variable _ModuleTable009_ set to MDAwMDE2LipnY2Njb3JlLip6ZmluYWwtLjAwMDAwMDAxMC4wMDAwMDAwMDIuKnpmaW5hbCIsCn0sClsidG9vbGNoYWluL2dvbXBpIl0gPSB7CmZuID0gIi9vcHQvYXBwcy9yZXNpZi9haW9uLzIwMjBiL2VweWMvbW9kdWxlcy9hbGwvdG9vbGNoYWluL2dvbXBpLzIwMjBiLmx1YSIsCmZ1bGxOYW1lID0gInRvb2xjaGFpbi9nb21waS8yMDIwYiIsCmxvYWRPcmRlciA9IDE0LApwcm9wVCA9IHt9LApzdGFja0RlcHRoID0gMCwKc3RhdHVzID0gImFjdGl2ZSIsCnVzZXJOYW1lID0gInRvb2xjaGFpbi9nb21waS8yMDIwYiIsCndWID0gIjAwMDAwMjAyMC4qYi4qemZpbmFsIiwKfSwKWyJ0b29scy9FYXN5QnVpbGQiXSA9IHsKZm4gPSAiL2hvbWUvdXNlcnMvbWdoYXZhbWkvLmxvY2Fs (previous value: 'MDAwMDE2LipnY2Njb3JlLip6ZmluYWwtLjAwMDAwMDAxMC4wMDAwMDAwMDIuKnpmaW5hbCIsCn0sClsidG9vbHMvRWFzeUJ1aWxkIl0gPSB7CmZuID0gIi9ob21lL3VzZXJzL21naGF2YW1pLy5sb2NhbC9lYXN5YnVpbGQvbW9kdWxlcy9hbGwvdG9vbHMvRWFzeUJ1aWxkLzUuMC4wLmx1YSIsCmZ1bGxOYW1lID0gInRvb2xzL0Vhc3lCdWlsZC81LjAuMCIsCmxvYWRPcmRlciA9IDIsCnByb3BUID0ge30sCnN0YWNrRGVwdGggPSAwLApzdGF0dXMgPSAiYWN0aXZlIiwKdXNlck5hbWUgPSAidG9vbHMvRWFzeUJ1aWxkLzUuMC4wIiwKd1YgPSAiMDAwMDAwMDA1Lip6ZmluYWwiLAp9LApbInRvb2xzL1haIl0gPSB7CmZuID0gIi9vcHQvYXBwcy9yZXNpZi9haW9uLzIwMjBiL2VweWMv')
== 2025-03-25 13:55:54,856 environment.py:93 INFO Environment variable _ModuleTable010_ set to L2Vhc3lidWlsZC9tb2R1bGVzL2FsbC90b29scy9FYXN5QnVpbGQvNS4wLjAubHVhIiwKZnVsbE5hbWUgPSAidG9vbHMvRWFzeUJ1aWxkLzUuMC4wIiwKbG9hZE9yZGVyID0gMiwKcHJvcFQgPSB7fSwKc3RhY2tEZXB0aCA9IDAsCnN0YXR1cyA9ICJhY3RpdmUiLAp1c2VyTmFtZSA9ICJ0b29scy9FYXN5QnVpbGQvNS4wLjAiLAp3ViA9ICIwMDAwMDAwMDUuKnpmaW5hbCIsCn0sClsidG9vbHMvWFoiXSA9IHsKZm4gPSAiL29wdC9hcHBzL3Jlc2lmL2Fpb24vMjAyMGIvZXB5Yy9tb2R1bGVzL2FsbC90b29scy9YWi81LjIuNS1HQ0Njb3JlLTEwLjIuMC5sdWEiLApmdWxsTmFtZSA9ICJ0b29scy9YWi81LjIuNS1HQ0Njb3JlLTEwLjIuMCIsCmxvYWRPcmRlciA9IDgsCnByb3BUID0g (previous value: 'bW9kdWxlcy9hbGwvdG9vbHMvWFovNS4yLjUtR0NDY29yZS0xMC4yLjAubHVhIiwKZnVsbE5hbWUgPSAidG9vbHMvWFovNS4yLjUtR0NDY29yZS0xMC4yLjAiLApsb2FkT3JkZXIgPSA4LApwcm9wVCA9IHt9LApzdGFja0RlcHRoID0gNSwKc3RhdHVzID0gImFjdGl2ZSIsCnVzZXJOYW1lID0gInRvb2xzL1haLzUuMi41LUdDQ2NvcmUtMTAuMi4wIiwKd1YgPSAiMDAwMDAwMDA1LjAwMDAwMDAwMi4wMDAwMDAwMDUuKmdjY2NvcmUuKnpmaW5hbC0uMDAwMDAwMDEwLjAwMDAwMDAwMi4qemZpbmFsIiwKfSwKWyJ0b29scy9iaW51dGlscyJdID0gewpmbiA9ICIvb3B0L2FwcHMvcmVzaWYvYWlvbi8yMDIwYi9lcHljL21vZHVsZXMvYWxsL3Rvb2xzL2JpbnV0aWxzLzIuMzUtR0NDY29y')
== 2025-03-25 13:55:54,856 environment.py:93 INFO Environment variable _ModuleTable011_ set to e30sCnN0YWNrRGVwdGggPSA0LApzdGF0dXMgPSAiYWN0aXZlIiwKdXNlck5hbWUgPSAidG9vbHMvWFovNS4yLjUtR0NDY29yZS0xMC4yLjAiLAp3ViA9ICIwMDAwMDAwMDUuMDAwMDAwMDAyLjAwMDAwMDAwNS4qZ2NjY29yZS4qemZpbmFsLS4wMDAwMDAwMTAuMDAwMDAwMDAyLip6ZmluYWwiLAp9LApbInRvb2xzL2JpbnV0aWxzIl0gPSB7CmZuID0gIi9vcHQvYXBwcy9yZXNpZi9haW9uLzIwMjBiL2VweWMvbW9kdWxlcy9hbGwvdG9vbHMvYmludXRpbHMvMi4zNS1HQ0Njb3JlLTEwLjIuMC5sdWEiLApmdWxsTmFtZSA9ICJ0b29scy9iaW51dGlscy8yLjM1LUdDQ2NvcmUtMTAuMi4wIiwKbG9hZE9yZGVyID0gNSwKcHJvcFQgPSB7fSwKc3RhY2tEZXB0aCA9IDIsCnN0YXR1cyA9 (previous value: 'ZS0xMC4yLjAubHVhIiwKZnVsbE5hbWUgPSAidG9vbHMvYmludXRpbHMvMi4zNS1HQ0Njb3JlLTEwLjIuMCIsCmxvYWRPcmRlciA9IDUsCnByb3BUID0ge30sCnN0YWNrRGVwdGggPSAzLApzdGF0dXMgPSAiYWN0aXZlIiwKdXNlck5hbWUgPSAidG9vbHMvYmludXRpbHMvMi4zNS1HQ0Njb3JlLTEwLjIuMCIsCndWID0gIjAwMDAwMDAwMi4wMDAwMDAwMzUuKmdjY2NvcmUuKnpmaW5hbC0uMDAwMDAwMDEwLjAwMDAwMDAwMi4qemZpbmFsIiwKfSwKWyJ0b29scy9udW1hY3RsIl0gPSB7CmZuID0gIi9vcHQvYXBwcy9yZXNpZi9haW9uLzIwMjBiL2VweWMvbW9kdWxlcy9hbGwvdG9vbHMvbnVtYWN0bC8yLjAuMTMtR0NDY29yZS0xMC4yLjAubHVhIiwKZnVsbE5hbWUgPSAidG9vbHMv')
== 2025-03-25 13:55:54,856 environment.py:93 INFO Environment variable _ModuleTable012_ set to ICJhY3RpdmUiLAp1c2VyTmFtZSA9ICJ0b29scy9iaW51dGlscy8yLjM1LUdDQ2NvcmUtMTAuMi4wIiwKd1YgPSAiMDAwMDAwMDAyLjAwMDAwMDAzNS4qZ2NjY29yZS4qemZpbmFsLS4wMDAwMDAwMTAuMDAwMDAwMDAyLip6ZmluYWwiLAp9LApbInRvb2xzL251bWFjdGwiXSA9IHsKZm4gPSAiL29wdC9hcHBzL3Jlc2lmL2Fpb24vMjAyMGIvZXB5Yy9tb2R1bGVzL2FsbC90b29scy9udW1hY3RsLzIuMC4xMy1HQ0Njb3JlLTEwLjIuMC5sdWEiLApmdWxsTmFtZSA9ICJ0b29scy9udW1hY3RsLzIuMC4xMy1HQ0Njb3JlLTEwLjIuMCIsCmxvYWRPcmRlciA9IDcsCnByb3BUID0ge30sCnN0YWNrRGVwdGggPSAzLApzdGF0dXMgPSAiYWN0aXZlIiwKdXNlck5hbWUgPSAidG9vbHMvbnVt (previous value: 'bnVtYWN0bC8yLjAuMTMtR0NDY29yZS0xMC4yLjAiLApsb2FkT3JkZXIgPSA3LApwcm9wVCA9IHt9LApzdGFja0RlcHRoID0gNCwKc3RhdHVzID0gImFjdGl2ZSIsCnVzZXJOYW1lID0gInRvb2xzL251bWFjdGwvMi4wLjEzLUdDQ2NvcmUtMTAuMi4wIiwKd1YgPSAiMDAwMDAwMDAyLjAwMDAwMDAwMC4wMDAwMDAwMTMuKmdjY2NvcmUuKnpmaW5hbC0uMDAwMDAwMDEwLjAwMDAwMDAwMi4qemZpbmFsIiwKfSwKfSwKbXBhdGhBID0gewoiL3RtcC9lYi0wOXp4bWtmdC90bXAxaHJtMTYxdy9hbGwiCiwgIi9ob21lL3VzZXJzL21naGF2YW1pLy5sb2NhbC9lYXN5YnVpbGQvbW9kdWxlcy9hbGwiCiwgIi9vcHQvYXBwcy9lYXN5YnVpbGQvZW52aXJvbm1lbnQvbW9kdWxlcyIKLCAiL2N2')
== 2025-03-25 13:55:54,856 environment.py:93 INFO Environment variable _ModuleTable013_ set to YWN0bC8yLjAuMTMtR0NDY29yZS0xMC4yLjAiLAp3ViA9ICIwMDAwMDAwMDIuMDAwMDAwMDAwLjAwMDAwMDAxMy4qZ2NjY29yZS4qemZpbmFsLS4wMDAwMDAwMTAuMDAwMDAwMDAyLip6ZmluYWwiLAp9LAp9LAptcGF0aEEgPSB7CiIvaG9tZS91c2Vycy9tZ2hhdmFtaS8ubG9jYWwvZWFzeWJ1aWxkL21vZHVsZXMvYWxsIgosICIvb3B0L2FwcHMvZWFzeWJ1aWxkL2Vudmlyb25tZW50L21vZHVsZXMiCiwgIi9jdm1mcy9zb2Z0d2FyZS5lZXNzaS5pby9pbml0L21vZHVsZXMiLCAiL29wdC9hcHBzL3Jlc2lmL2Fpb24vMjAyMGIvZXB5Yy9tb2R1bGVzL2FsbCIsCn0sCnN5c3RlbUJhc2VNUEFUSCA9ICIvb3B0L2FwcHMvZWFzeWJ1aWxkL2Vudmlyb25tZW50L21vZHVsZXM6L2N2bWZz (previous value: 'bWZzL3NvZnR3YXJlLmVlc3NpLmlvL2luaXQvbW9kdWxlcyIsICIvb3B0L2FwcHMvcmVzaWYvYWlvbi8yMDIwYi9lcHljL21vZHVsZXMvYWxsIiwKfSwKc3lzdGVtQmFzZU1QQVRIID0gIi9vcHQvYXBwcy9lYXN5YnVpbGQvZW52aXJvbm1lbnQvbW9kdWxlczovY3ZtZnMvc29mdHdhcmUuZWVzc2kuaW8vaW5pdC9tb2R1bGVzIiwKfQo=')
== 2025-03-25 13:55:54,857 environment.py:93 INFO Environment variable _ModuleTable014_ set to L3NvZnR3YXJlLmVlc3NpLmlvL2luaXQvbW9kdWxlcyIsCn0K (previous value: 'Mi4wLjEzLUdDQ2NvcmUtMTAuMi4wIiwKd1YgPSAiMDAwMDAwMDAyLjAwMDAwMDAwMC4wMDAwMDAwMTMuKmdjY2NvcmUuKnpmaW5hbC0uMDAwMDAwMDEwLjAwMDAwMDAwMi4qemZpbmFsIiwKfSwKfSwKbXBhdGhBID0gewoiL3RtcC9lYi0wOXp4bWtmdC90bXAxaHJtMTYxdy9hbGwiCiwgIi9ob21lL3VzZXJzL21naGF2YW1pLy5sb2NhbC9lYXN5YnVpbGQvbW9kdWxlcy9hbGwiCiwgIi9vcHQvYXBwcy9lYXN5YnVpbGQvZW52aXJvbm1lbnQvbW9kdWxlcyIKLCAiL2N2bWZzL3NvZnR3YXJlLmVlc3NpLmlvL2luaXQvbW9kdWxlcyIsICIvb3B0L2FwcHMvcmVzaWYvYWlvbi8yMDIwYi9lcHljL21vZHVsZXMvYWxsIiwKfSwKc3lzdGVtQmFzZU1QQVRIID0gIi9vcHQvYXBwcy9lYXN5')
== 2025-03-25 13:55:54,857 environment.py:93 INFO Environment variable CC set to mpicc (previously undefined)
== 2025-03-25 13:55:54,857 environment.py:93 INFO Environment variable EBVARCC set to mpicc (previously undefined)
== 2025-03-25 13:55:54,857 environment.py:93 INFO Environment variable CC_SEQ set to gcc (previously undefined)
== 2025-03-25 13:55:54,857 environment.py:93 INFO Environment variable EBVARCC_SEQ set to gcc (previously undefined)
== 2025-03-25 13:55:54,857 environment.py:93 INFO Environment variable CFLAGS set to -O2 -ftree-vectorize -march=native -fno-math-errno (previously undefined)
== 2025-03-25 13:55:54,857 environment.py:93 INFO Environment variable EBVARCFLAGS set to -O2 -ftree-vectorize -march=native -fno-math-errno (previously undefined)
== 2025-03-25 13:55:54,857 environment.py:93 INFO Environment variable CXX set to mpicxx (previously undefined)
== 2025-03-25 13:55:54,857 environment.py:93 INFO Environment variable EBVARCXX set to mpicxx (previously undefined)
== 2025-03-25 13:55:54,857 environment.py:93 INFO Environment variable CXXFLAGS set to -O2 -ftree-vectorize -march=native -fno-math-errno (previously undefined)
== 2025-03-25 13:55:54,857 environment.py:93 INFO Environment variable EBVARCXXFLAGS set to -O2 -ftree-vectorize -march=native -fno-math-errno (previously undefined)
== 2025-03-25 13:55:54,857 environment.py:93 INFO Environment variable CXX_SEQ set to g++ (previously undefined)
== 2025-03-25 13:55:54,857 environment.py:93 INFO Environment variable EBVARCXX_SEQ set to g++ (previously undefined)
== 2025-03-25 13:55:54,858 environment.py:93 INFO Environment variable F77 set to mpifort (previously undefined)
== 2025-03-25 13:55:54,858 environment.py:93 INFO Environment variable EBVARF77 set to mpifort (previously undefined)
== 2025-03-25 13:55:54,858 environment.py:93 INFO Environment variable F77_SEQ set to gfortran (previously undefined)
== 2025-03-25 13:55:54,858 environment.py:93 INFO Environment variable EBVARF77_SEQ set to gfortran (previously undefined)
== 2025-03-25 13:55:54,858 environment.py:93 INFO Environment variable F90 set to mpifort (previously undefined)
== 2025-03-25 13:55:54,858 environment.py:93 INFO Environment variable EBVARF90 set to mpifort (previously undefined)
== 2025-03-25 13:55:54,858 environment.py:93 INFO Environment variable F90FLAGS set to -O2 -ftree-vectorize -march=native -fno-math-errno (previously undefined)
== 2025-03-25 13:55:54,858 environment.py:93 INFO Environment variable EBVARF90FLAGS set to -O2 -ftree-vectorize -march=native -fno-math-errno (previously undefined)
== 2025-03-25 13:55:54,858 environment.py:93 INFO Environment variable F90_SEQ set to gfortran (previously undefined)
== 2025-03-25 13:55:54,858 environment.py:93 INFO Environment variable EBVARF90_SEQ set to gfortran (previously undefined)
== 2025-03-25 13:55:54,858 environment.py:93 INFO Environment variable FC set to mpifort (previously undefined)
== 2025-03-25 13:55:54,858 environment.py:93 INFO Environment variable EBVARFC set to mpifort (previously undefined)
== 2025-03-25 13:55:54,858 environment.py:93 INFO Environment variable FCFLAGS set to -O2 -ftree-vectorize -march=native -fno-math-errno (previously undefined)
== 2025-03-25 13:55:54,859 environment.py:93 INFO Environment variable EBVARFCFLAGS set to -O2 -ftree-vectorize -march=native -fno-math-errno (previously undefined)
== 2025-03-25 13:55:54,859 environment.py:93 INFO Environment variable FC_SEQ set to gfortran (previously undefined)
== 2025-03-25 13:55:54,859 environment.py:93 INFO Environment variable EBVARFC_SEQ set to gfortran (previously undefined)
== 2025-03-25 13:55:54,859 environment.py:93 INFO Environment variable FFLAGS set to -O2 -ftree-vectorize -march=native -fno-math-errno (previously undefined)
== 2025-03-25 13:55:54,859 environment.py:93 INFO Environment variable EBVARFFLAGS set to -O2 -ftree-vectorize -march=native -fno-math-errno (previously undefined)
== 2025-03-25 13:55:54,859 environment.py:93 INFO Environment variable FLIBS set to -lgfortran (previously undefined)
== 2025-03-25 13:55:54,859 environment.py:93 INFO Environment variable EBVARFLIBS set to -lgfortran (previously undefined)
== 2025-03-25 13:55:54,859 environment.py:93 INFO Environment variable LDFLAGS set to -L/opt/apps/resif/aion/2020b/epyc/software/GCCcore/10.2.0/lib64 -L/opt/apps/resif/aion/2020b/epyc/software/GCCcore/10.2.0/lib (previously undefined)
== 2025-03-25 13:55:54,859 environment.py:93 INFO Environment variable EBVARLDFLAGS set to -L/opt/apps/resif/aion/2020b/epyc/software/GCCcore/10.2.0/lib64 -L/opt/apps/resif/aion/2020b/epyc/software/GCCcore/10.2.0/lib (previously undefined)
== 2025-03-25 13:55:54,859 environment.py:93 INFO Environment variable LIBS set to -lm -lpthread (previously undefined)
== 2025-03-25 13:55:54,859 environment.py:93 INFO Environment variable EBVARLIBS set to -lm -lpthread (previously undefined)
== 2025-03-25 13:55:54,859 environment.py:93 INFO Environment variable MPICC set to mpicc (previously undefined)
== 2025-03-25 13:55:54,859 environment.py:93 INFO Environment variable EBVARMPICC set to mpicc (previously undefined)
== 2025-03-25 13:55:54,859 environment.py:93 INFO Environment variable MPICXX set to mpicxx (previously undefined)
== 2025-03-25 13:55:54,860 environment.py:93 INFO Environment variable EBVARMPICXX set to mpicxx (previously undefined)
== 2025-03-25 13:55:54,860 environment.py:93 INFO Environment variable MPIF77 set to mpifort (previously undefined)
== 2025-03-25 13:55:54,860 environment.py:93 INFO Environment variable EBVARMPIF77 set to mpifort (previously undefined)
== 2025-03-25 13:55:54,860 environment.py:93 INFO Environment variable MPIF90 set to mpifort (previously undefined)
== 2025-03-25 13:55:54,860 environment.py:93 INFO Environment variable EBVARMPIF90 set to mpifort (previously undefined)
== 2025-03-25 13:55:54,860 environment.py:93 INFO Environment variable MPIFC set to mpifort (previously undefined)
== 2025-03-25 13:55:54,860 environment.py:93 INFO Environment variable EBVARMPIFC set to mpifort (previously undefined)
== 2025-03-25 13:55:54,860 environment.py:93 INFO Environment variable MPI_INC_DIR set to /opt/apps/resif/aion/2020b/epyc/software/OpenMPI/4.0.5-GCC-10.2.0/include (previously undefined)
== 2025-03-25 13:55:54,860 environment.py:93 INFO Environment variable EBVARMPI_INC_DIR set to /opt/apps/resif/aion/2020b/epyc/software/OpenMPI/4.0.5-GCC-10.2.0/include (previously undefined)
== 2025-03-25 13:55:54,860 environment.py:93 INFO Environment variable MPI_LIB_DIR set to /opt/apps/resif/aion/2020b/epyc/software/OpenMPI/4.0.5-GCC-10.2.0/lib64 (previously undefined)
== 2025-03-25 13:55:54,860 environment.py:93 INFO Environment variable EBVARMPI_LIB_DIR set to /opt/apps/resif/aion/2020b/epyc/software/OpenMPI/4.0.5-GCC-10.2.0/lib64 (previously undefined)
== 2025-03-25 13:55:54,860 environment.py:93 INFO Environment variable MPI_LIB_SHARED set to /opt/apps/resif/aion/2020b/epyc/software/OpenMPI/4.0.5-GCC-10.2.0/lib64/libmpi.so (previously undefined)
== 2025-03-25 13:55:54,860 environment.py:93 INFO Environment variable EBVARMPI_LIB_SHARED set to /opt/apps/resif/aion/2020b/epyc/software/OpenMPI/4.0.5-GCC-10.2.0/lib64/libmpi.so (previously undefined)
== 2025-03-25 13:55:54,860 environment.py:93 INFO Environment variable MPI_LIB_STATIC set to /opt/apps/resif/aion/2020b/epyc/software/OpenMPI/4.0.5-GCC-10.2.0/lib64/libmpi.a (previously undefined)
== 2025-03-25 13:55:54,861 environment.py:93 INFO Environment variable EBVARMPI_LIB_STATIC set to /opt/apps/resif/aion/2020b/epyc/software/OpenMPI/4.0.5-GCC-10.2.0/lib64/libmpi.a (previously undefined)
== 2025-03-25 13:55:54,861 environment.py:93 INFO Environment variable OMPI_CC set to gcc (previously undefined)
== 2025-03-25 13:55:54,861 environment.py:93 INFO Environment variable EBVAROMPI_CC set to gcc (previously undefined)
== 2025-03-25 13:55:54,861 environment.py:93 INFO Environment variable OMPI_CXX set to g++ (previously undefined)
== 2025-03-25 13:55:54,861 environment.py:93 INFO Environment variable EBVAROMPI_CXX set to g++ (previously undefined)
== 2025-03-25 13:55:54,861 environment.py:93 INFO Environment variable OMPI_F77 set to gfortran (previously undefined)
== 2025-03-25 13:55:54,861 environment.py:93 INFO Environment variable EBVAROMPI_F77 set to gfortran (previously undefined)
== 2025-03-25 13:55:54,861 environment.py:93 INFO Environment variable OMPI_F90 set to gfortran (previously undefined)
== 2025-03-25 13:55:54,861 environment.py:93 INFO Environment variable EBVAROMPI_F90 set to gfortran (previously undefined)
== 2025-03-25 13:55:54,861 environment.py:93 INFO Environment variable OMPI_FC set to gfortran (previously undefined)
== 2025-03-25 13:55:54,861 environment.py:93 INFO Environment variable EBVAROMPI_FC set to gfortran (previously undefined)
== 2025-03-25 13:55:54,861 environment.py:93 INFO Environment variable OPTFLAGS set to -O2 -ftree-vectorize -march=native (previously undefined)
== 2025-03-25 13:55:54,861 environment.py:93 INFO Environment variable EBVAROPTFLAGS set to -O2 -ftree-vectorize -march=native (previously undefined)
== 2025-03-25 13:55:54,861 environment.py:93 INFO Environment variable PRECFLAGS set to -fno-math-errno (previously undefined)
== 2025-03-25 13:55:54,862 environment.py:93 INFO Environment variable EBVARPRECFLAGS set to -fno-math-errno (previously undefined)
== 2025-03-25 13:55:54,862 easyblock.py:3356 INFO Checking RPATH linkage for binaries/libraries...
== 2025-03-25 13:55:54,862 easyblock.py:3365 INFO Not unsetting $LD_LIBRARY_PATH since strict RPATH sanity check is disabled...
== 2025-03-25 13:55:54,862 run.py:500 INFO Running shell command '/usr/share/lmod/lmod/libexec/lmod python --terse list' in /tmp/mghavami/OSUMicroBenchmarks/7.5/gompi-2020b/osu-micro-benchmarks-7.5
== 2025-03-25 13:55:54,942 run.py:595 INFO Output of '/usr/share/lmod/lmod/libexec/lmod ...' shell command (stdout only):
import os
os.environ["MODULEPATH"] = "/home/users/mghavami/.local/easybuild/modules/all:/opt/apps/easybuild/environment/modules:/cvmfs/software.eessi.io/init/modules:/opt/apps/resif/aion/2020b/epyc/modules/all";
os.environ["_ModuleTable001_"] = "X01vZHVsZVRhYmxlXyA9IHsKTVR2ZXJzaW9uID0gMywKY19yZWJ1aWxkVGltZSA9IGZhbHNlLApjX3Nob3J0VGltZSA9IGZhbHNlLApkZXB0aFQgPSB7fSwKZmFtaWx5ID0gewplbnYgPSAiZW52L3JlbGVhc2UiLAp9LAptVCA9IHsKWyJjb21waWxlci9HQ0MiXSA9IHsKZm4gPSAiL29wdC9hcHBzL3Jlc2lmL2Fpb24vMjAyMGIvZXB5Yy9tb2R1bGVzL2FsbC9jb21waWxlci9HQ0MvMTAuMi4wLmx1YSIsCmZ1bGxOYW1lID0gImNvbXBpbGVyL0dDQy8xMC4yLjAiLApsb2FkT3JkZXIgPSA2LApwcm9wVCA9IHt9LApzdGFja0RlcHRoID0gMSwKc3RhdHVzID0gImFjdGl2ZSIsCnVzZXJOYW1lID0gImNvbXBpbGVyL0dDQy8xMC4yLjAiLAp3ViA9ICIwMDAwMDAwMTAuMDAwMDAwMDAy";
os.environ["_ModuleTable002_"] = "Lip6ZmluYWwiLAp9LApbImNvbXBpbGVyL0dDQ2NvcmUiXSA9IHsKZm4gPSAiL29wdC9hcHBzL3Jlc2lmL2Fpb24vMjAyMGIvZXB5Yy9tb2R1bGVzL2FsbC9jb21waWxlci9HQ0Njb3JlLzEwLjIuMC5sdWEiLApmdWxsTmFtZSA9ICJjb21waWxlci9HQ0Njb3JlLzEwLjIuMCIsCmxvYWRPcmRlciA9IDMsCnByb3BUID0ge30sCnN0YWNrRGVwdGggPSAyLApzdGF0dXMgPSAiYWN0aXZlIiwKdXNlck5hbWUgPSAiY29tcGlsZXIvR0NDY29yZS8xMC4yLjAiLAp3ViA9ICIwMDAwMDAwMTAuMDAwMDAwMDAyLip6ZmluYWwiLAp9LApbImVudi9yZWxlYXNlIl0gPSB7CmFjdGlvbkEgPSB7CiJhcHBlbmRfcGF0aChcIk1PRFVMRVBBVEhcIixcIi9vcHQvYXBwcy9yZXNpZi9haW9uLzIwMjBi";
os.environ["_ModuleTable003_"] = "L2VweWMvbW9kdWxlcy9hbGxcIikiLAp9LApmbiA9ICIvb3B0L2FwcHMvZWFzeWJ1aWxkL2Vudmlyb25tZW50L21vZHVsZXMvZW52L3JlbGVhc2UvZGVmYXVsdC5sdWEiLApmdWxsTmFtZSA9ICJlbnYvcmVsZWFzZS9kZWZhdWx0IiwKbG9hZE9yZGVyID0gMSwKcHJvcFQgPSB7Cmxtb2QgPSB7CnN0aWNreSA9IDEsCn0sCn0sCnN0YWNrRGVwdGggPSAwLApzdGF0dXMgPSAiYWN0aXZlIiwKdXNlck5hbWUgPSAiZW52L3JlbGVhc2UvZGVmYXVsdCIsCndWID0gIipkZWZhdWx0Lip6ZmluYWwiLAp9LApbImxpYi9VQ1giXSA9IHsKZm4gPSAiL29wdC9hcHBzL3Jlc2lmL2Fpb24vMjAyMGIvZXB5Yy9tb2R1bGVzL2FsbC9saWIvVUNYLzEuOS4wLUdDQ2NvcmUtMTAuMi4wLmx1YSIsCmZ1";
os.environ["_ModuleTable004_"] = "bGxOYW1lID0gImxpYi9VQ1gvMS45LjAtR0NDY29yZS0xMC4yLjAiLApsb2FkT3JkZXIgPSAxMiwKcHJvcFQgPSB7fSwKc3RhY2tEZXB0aCA9IDIsCnN0YXR1cyA9ICJhY3RpdmUiLAp1c2VyTmFtZSA9ICJsaWIvVUNYLzEuOS4wLUdDQ2NvcmUtMTAuMi4wIiwKd1YgPSAiMDAwMDAwMDAxLjAwMDAwMDAwOS4qZ2NjY29yZS4qemZpbmFsLS4wMDAwMDAwMTAuMDAwMDAwMDAyLip6ZmluYWwiLAp9LApbImxpYi9saWJ4bWwyIl0gPSB7CmZuID0gIi9vcHQvYXBwcy9yZXNpZi9haW9uLzIwMjBiL2VweWMvbW9kdWxlcy9hbGwvbGliL2xpYnhtbDIvMi45LjEwLUdDQ2NvcmUtMTAuMi4wLmx1YSIsCmZ1bGxOYW1lID0gImxpYi9saWJ4bWwyLzIuOS4xMC1HQ0Njb3JlLTEwLjIuMCIsCmxv";
os.environ["_ModuleTable005_"] = "YWRPcmRlciA9IDksCnByb3BUID0ge30sCnN0YWNrRGVwdGggPSAzLApzdGF0dXMgPSAiYWN0aXZlIiwKdXNlck5hbWUgPSAibGliL2xpYnhtbDIvMi45LjEwLUdDQ2NvcmUtMTAuMi4wIiwKd1YgPSAiMDAwMDAwMDAyLjAwMDAwMDAwOS4wMDAwMDAwMTAuKmdjY2NvcmUuKnpmaW5hbC0uMDAwMDAwMDEwLjAwMDAwMDAwMi4qemZpbmFsIiwKfSwKWyJsaWIvemxpYiJdID0gewpmbiA9ICIvb3B0L2FwcHMvcmVzaWYvYWlvbi8yMDIwYi9lcHljL21vZHVsZXMvYWxsL2xpYi96bGliLzEuMi4xMS1HQ0Njb3JlLTEwLjIuMC5sdWEiLApmdWxsTmFtZSA9ICJsaWIvemxpYi8xLjIuMTEtR0NDY29yZS0xMC4yLjAiLApsb2FkT3JkZXIgPSA0LApwcm9wVCA9IHt9LApzdGFja0RlcHRoID0g";
os.environ["_ModuleTable006_"] = "MywKc3RhdHVzID0gImFjdGl2ZSIsCnVzZXJOYW1lID0gImxpYi96bGliLzEuMi4xMS1HQ0Njb3JlLTEwLjIuMCIsCndWID0gIjAwMDAwMDAwMS4wMDAwMDAwMDIuMDAwMDAwMDExLipnY2Njb3JlLip6ZmluYWwtLjAwMDAwMDAxMC4wMDAwMDAwMDIuKnpmaW5hbCIsCn0sClsibXBpL09wZW5NUEkiXSA9IHsKZm4gPSAiL29wdC9hcHBzL3Jlc2lmL2Fpb24vMjAyMGIvZXB5Yy9tb2R1bGVzL2FsbC9tcGkvT3Blbk1QSS80LjAuNS1HQ0MtMTAuMi4wLmx1YSIsCmZ1bGxOYW1lID0gIm1waS9PcGVuTVBJLzQuMC41LUdDQy0xMC4yLjAiLApsb2FkT3JkZXIgPSAxMywKcHJvcFQgPSB7fSwKc3RhY2tEZXB0aCA9IDEsCnN0YXR1cyA9ICJhY3RpdmUiLAp1c2VyTmFtZSA9ICJtcGkvT3Bl";
os.environ["_ModuleTable007_"] = "bk1QSS80LjAuNS1HQ0MtMTAuMi4wIiwKd1YgPSAiMDAwMDAwMDA0LjAwMDAwMDAwMC4wMDAwMDAwMDUuKmdjYy4qemZpbmFsLS4wMDAwMDAwMTAuMDAwMDAwMDAyLip6ZmluYWwiLAp9LApbInN5c3RlbS9od2xvYyJdID0gewpmbiA9ICIvb3B0L2FwcHMvcmVzaWYvYWlvbi8yMDIwYi9lcHljL21vZHVsZXMvYWxsL3N5c3RlbS9od2xvYy8yLjIuMC1HQ0Njb3JlLTEwLjIuMC5sdWEiLApmdWxsTmFtZSA9ICJzeXN0ZW0vaHdsb2MvMi4yLjAtR0NDY29yZS0xMC4yLjAiLApsb2FkT3JkZXIgPSAxMSwKcHJvcFQgPSB7fSwKc3RhY2tEZXB0aCA9IDIsCnN0YXR1cyA9ICJhY3RpdmUiLAp1c2VyTmFtZSA9ICJzeXN0ZW0vaHdsb2MvMi4yLjAtR0NDY29yZS0xMC4yLjAiLAp3ViA9ICIw";
os.environ["_ModuleTable008_"] = "MDAwMDAwMDIuMDAwMDAwMDAyLipnY2Njb3JlLip6ZmluYWwtLjAwMDAwMDAxMC4wMDAwMDAwMDIuKnpmaW5hbCIsCn0sClsic3lzdGVtL2xpYnBjaWFjY2VzcyJdID0gewpmbiA9ICIvb3B0L2FwcHMvcmVzaWYvYWlvbi8yMDIwYi9lcHljL21vZHVsZXMvYWxsL3N5c3RlbS9saWJwY2lhY2Nlc3MvMC4xNi1HQ0Njb3JlLTEwLjIuMC5sdWEiLApmdWxsTmFtZSA9ICJzeXN0ZW0vbGlicGNpYWNjZXNzLzAuMTYtR0NDY29yZS0xMC4yLjAiLApsb2FkT3JkZXIgPSAxMCwKcHJvcFQgPSB7fSwKc3RhY2tEZXB0aCA9IDMsCnN0YXR1cyA9ICJhY3RpdmUiLAp1c2VyTmFtZSA9ICJzeXN0ZW0vbGlicGNpYWNjZXNzLzAuMTYtR0NDY29yZS0xMC4yLjAiLAp3ViA9ICIwMDAwMDAwMDAuMDAw";
os.environ["_ModuleTable009_"] = "MDAwMDE2LipnY2Njb3JlLip6ZmluYWwtLjAwMDAwMDAxMC4wMDAwMDAwMDIuKnpmaW5hbCIsCn0sClsidG9vbGNoYWluL2dvbXBpIl0gPSB7CmZuID0gIi9vcHQvYXBwcy9yZXNpZi9haW9uLzIwMjBiL2VweWMvbW9kdWxlcy9hbGwvdG9vbGNoYWluL2dvbXBpLzIwMjBiLmx1YSIsCmZ1bGxOYW1lID0gInRvb2xjaGFpbi9nb21waS8yMDIwYiIsCmxvYWRPcmRlciA9IDE0LApwcm9wVCA9IHt9LApzdGFja0RlcHRoID0gMCwKc3RhdHVzID0gImFjdGl2ZSIsCnVzZXJOYW1lID0gInRvb2xjaGFpbi9nb21waS8yMDIwYiIsCndWID0gIjAwMDAwMjAyMC4qYi4qemZpbmFsIiwKfSwKWyJ0b29scy9FYXN5QnVpbGQiXSA9IHsKZm4gPSAiL2hvbWUvdXNlcnMvbWdoYXZhbWkvLmxvY2Fs";
os.environ["_ModuleTable010_"] = "L2Vhc3lidWlsZC9tb2R1bGVzL2FsbC90b29scy9FYXN5QnVpbGQvNS4wLjAubHVhIiwKZnVsbE5hbWUgPSAidG9vbHMvRWFzeUJ1aWxkLzUuMC4wIiwKbG9hZE9yZGVyID0gMiwKcHJvcFQgPSB7fSwKc3RhY2tEZXB0aCA9IDAsCnN0YXR1cyA9ICJhY3RpdmUiLAp1c2VyTmFtZSA9ICJ0b29scy9FYXN5QnVpbGQvNS4wLjAiLAp3ViA9ICIwMDAwMDAwMDUuKnpmaW5hbCIsCn0sClsidG9vbHMvWFoiXSA9IHsKZm4gPSAiL29wdC9hcHBzL3Jlc2lmL2Fpb24vMjAyMGIvZXB5Yy9tb2R1bGVzL2FsbC90b29scy9YWi81LjIuNS1HQ0Njb3JlLTEwLjIuMC5sdWEiLApmdWxsTmFtZSA9ICJ0b29scy9YWi81LjIuNS1HQ0Njb3JlLTEwLjIuMCIsCmxvYWRPcmRlciA9IDgsCnByb3BUID0g";
os.environ["_ModuleTable011_"] = "e30sCnN0YWNrRGVwdGggPSA0LApzdGF0dXMgPSAiYWN0aXZlIiwKdXNlck5hbWUgPSAidG9vbHMvWFovNS4yLjUtR0NDY29yZS0xMC4yLjAiLAp3ViA9ICIwMDAwMDAwMDUuMDAwMDAwMDAyLjAwMDAwMDAwNS4qZ2NjY29yZS4qemZpbmFsLS4wMDAwMDAwMTAuMDAwMDAwMDAyLip6ZmluYWwiLAp9LApbInRvb2xzL2JpbnV0aWxzIl0gPSB7CmZuID0gIi9vcHQvYXBwcy9yZXNpZi9haW9uLzIwMjBiL2VweWMvbW9kdWxlcy9hbGwvdG9vbHMvYmludXRpbHMvMi4zNS1HQ0Njb3JlLTEwLjIuMC5sdWEiLApmdWxsTmFtZSA9ICJ0b29scy9iaW51dGlscy8yLjM1LUdDQ2NvcmUtMTAuMi4wIiwKbG9hZE9yZGVyID0gNSwKcHJvcFQgPSB7fSwKc3RhY2tEZXB0aCA9IDIsCnN0YXR1cyA9";
os.environ["_ModuleTable012_"] = "ICJhY3RpdmUiLAp1c2VyTmFtZSA9ICJ0b29scy9iaW51dGlscy8yLjM1LUdDQ2NvcmUtMTAuMi4wIiwKd1YgPSAiMDAwMDAwMDAyLjAwMDAwMDAzNS4qZ2NjY29yZS4qemZpbmFsLS4wMDAwMDAwMTAuMDAwMDAwMDAyLip6ZmluYWwiLAp9LApbInRvb2xzL251bWFjdGwiXSA9IHsKZm4gPSAiL29wdC9hcHBzL3Jlc2lmL2Fpb24vMjAyMGIvZXB5Yy9tb2R1bGVzL2FsbC90b29scy9udW1hY3RsLzIuMC4xMy1HQ0Njb3JlLTEwLjIuMC5sdWEiLApmdWxsTmFtZSA9ICJ0b29scy9udW1hY3RsLzIuMC4xMy1HQ0Njb3JlLTEwLjIuMCIsCmxvYWRPcmRlciA9IDcsCnByb3BUID0ge30sCnN0YWNrRGVwdGggPSAzLApzdGF0dXMgPSAiYWN0aXZlIiwKdXNlck5hbWUgPSAidG9vbHMvbnVt";
os.environ["_ModuleTable013_"] = "YWN0bC8yLjAuMTMtR0NDY29yZS0xMC4yLjAiLAp3ViA9ICIwMDAwMDAwMDIuMDAwMDAwMDAwLjAwMDAwMDAxMy4qZ2NjY29yZS4qemZpbmFsLS4wMDAwMDAwMTAuMDAwMDAwMDAyLip6ZmluYWwiLAp9LAp9LAptcGF0aEEgPSB7CiIvaG9tZS91c2Vycy9tZ2hhdmFtaS8ubG9jYWwvZWFzeWJ1aWxkL21vZHVsZXMvYWxsIgosICIvb3B0L2FwcHMvZWFzeWJ1aWxkL2Vudmlyb25tZW50L21vZHVsZXMiCiwgIi9jdm1mcy9zb2Z0d2FyZS5lZXNzaS5pby9pbml0L21vZHVsZXMiLCAiL29wdC9hcHBzL3Jlc2lmL2Fpb24vMjAyMGIvZXB5Yy9tb2R1bGVzL2FsbCIsCn0sCnN5c3RlbUJhc2VNUEFUSCA9ICIvb3B0L2FwcHMvZWFzeWJ1aWxkL2Vudmlyb25tZW50L21vZHVsZXM6L2N2bWZz";
os.environ["_ModuleTable014_"] = "L3NvZnR3YXJlLmVlc3NpLmlvL2luaXQvbW9kdWxlcyIsCn0K";
os.environ["_ModuleTable_Sz_"] = "14";
_mlstatus = True

== 2025-03-25 13:55:54,942 run.py:596 INFO Warnings and errors of '/usr/share/lmod/lmod/libexec/lmod ...' shell command (stderr only):
env/release/default
tools/EasyBuild/5.0.0
compiler/GCCcore/10.2.0
lib/zlib/1.2.11-GCCcore-10.2.0
tools/binutils/2.35-GCCcore-10.2.0
compiler/GCC/10.2.0
tools/numactl/2.0.13-GCCcore-10.2.0
tools/XZ/5.2.5-GCCcore-10.2.0
lib/libxml2/2.9.10-GCCcore-10.2.0
system/libpciaccess/0.16-GCCcore-10.2.0
system/hwloc/2.2.0-GCCcore-10.2.0
lib/UCX/1.9.0-GCCcore-10.2.0
mpi/OpenMPI/4.0.5-GCC-10.2.0
toolchain/gompi/2020b

== 2025-03-25 13:55:54,942 run.py:601 INFO Shell command completed successfully (see output above): /usr/share/lmod/lmod/libexec/lmod python --terse list
== 2025-03-25 13:55:54,944 easyblock.py:3382 INFO Ignoring the following libraries if they are not found by RPATH sanity check: ('libcuda.so', 'libcuda.so.1', 'libnvidia-ml.so', 'libnvidia-ml.so.1')
== 2025-03-25 13:55:54,944 easyblock.py:3389 INFO Using default subdirs for binaries/libraries to verify RPATH linking: ['bin', 'lib', 'lib64']
== 2025-03-25 13:55:54,944 build_log.py:322 INFO ... (took < 1 sec)
== 2025-03-25 13:55:54,944 build_log.py:322 INFO cleaning up...
== 2025-03-25 13:55:54,944 easyblock.py:4243 INFO Starting cleanup step
== 2025-03-25 13:55:54,944 easyconfig.py:1812 INFO Generating template values...
== 2025-03-25 13:55:54,945 mpi.py:122 INFO Using template MPI command 'mpirun -n %(nr_ranks)s %(cmd)s' for MPI family 'OpenMPI'
== 2025-03-25 13:55:54,945 mpi.py:298 INFO Using MPI command template 'mpirun -n %(nr_ranks)s %(cmd)s' (params: {'nr_ranks': 1, 'cmd': 'xxx_command_xxx'})
== 2025-03-25 13:55:54,945 easyconfig.py:1831 INFO Template values: arch='x86_64', bitbucket_account='osu-micro-benchmarks', builddir='/tmp/mghavami/OSUMicroBenchmarks/7.5/gompi-2020b', github_account='osu-micro-benchmarks', installdir='/home/users/mghavami/.local/easybuild/software/OSU-Micro-Benchmarks/7.5-gompi-2020b', module_name='perf/OSU-Micro-Benchmarks/7.5-gompi-2020b', mpi_cmd_prefix='mpirun -n 1', name='OSU-Micro-Benchmarks', nameletter='O', nameletterlower='o', namelower='osu-micro-benchmarks', parallel='16', rpath_enabled='true', software_commit='', start_dir='/tmp/mghavami/OSUMicroBenchmarks/7.5/gompi-2020b/osu-micro-benchmarks-7.5/', sysroot='', toolchain_name='gompi', toolchain_version='2020b', version='7.5', version_major='7', version_major_minor='7.5', version_minor='5', versionprefix='', versionsuffix=''
== 2025-03-25 13:55:54,945 easyblock.py:4251 INFO Running method cleanup_step part of step cleanup
== 2025-03-25 13:55:54,945 easyblock.py:3978 INFO Cleaning up builddir /tmp/mghavami/OSUMicroBenchmarks/7.5/gompi-2020b (in /mnt/aiongpfs/users/mghavami/y2425-w04-software-installation-on-hpc-AminGhavami/omb)
== 2025-03-25 13:55:54,957 filetools.py:402 INFO Path /tmp/mghavami/OSUMicroBenchmarks/7.5/gompi-2020b successfully removed.
== 2025-03-25 13:55:54,957 build_log.py:322 INFO ... (took < 1 sec)
== 2025-03-25 13:55:54,958 build_log.py:322 INFO creating module...
== 2025-03-25 13:55:54,958 easyblock.py:4243 INFO Starting module step
== 2025-03-25 13:55:54,958 easyconfig.py:1812 INFO Generating template values...
== 2025-03-25 13:55:54,958 mpi.py:122 INFO Using template MPI command 'mpirun -n %(nr_ranks)s %(cmd)s' for MPI family 'OpenMPI'
== 2025-03-25 13:55:54,958 mpi.py:298 INFO Using MPI command template 'mpirun -n %(nr_ranks)s %(cmd)s' (params: {'nr_ranks': 1, 'cmd': 'xxx_command_xxx'})
== 2025-03-25 13:55:54,958 easyconfig.py:1831 INFO Template values: arch='x86_64', bitbucket_account='osu-micro-benchmarks', builddir='/tmp/mghavami/OSUMicroBenchmarks/7.5/gompi-2020b', github_account='osu-micro-benchmarks', installdir='/home/users/mghavami/.local/easybuild/software/OSU-Micro-Benchmarks/7.5-gompi-2020b', module_name='perf/OSU-Micro-Benchmarks/7.5-gompi-2020b', mpi_cmd_prefix='mpirun -n 1', name='OSU-Micro-Benchmarks', nameletter='O', nameletterlower='o', namelower='osu-micro-benchmarks', parallel='16', rpath_enabled='true', software_commit='', start_dir='/tmp/mghavami/OSUMicroBenchmarks/7.5/gompi-2020b/osu-micro-benchmarks-7.5/', sysroot='', toolchain_name='gompi', toolchain_version='2020b', version='7.5', version_major='7', version_major_minor='7.5', version_minor='5', versionprefix='', versionsuffix=''
== 2025-03-25 13:55:54,958 easyblock.py:4251 INFO Running method make_module_step part of step module
== 2025-03-25 13:55:54,959 run.py:500 INFO Running shell command '/usr/share/lmod/lmod/libexec/lmod python --terse list' in /mnt/aiongpfs/users/mghavami/y2425-w04-software-installation-on-hpc-AminGhavami/omb
== 2025-03-25 13:55:55,037 run.py:595 INFO Output of '/usr/share/lmod/lmod/libexec/lmod ...' shell command (stdout only):
import os
os.environ["MODULEPATH"] = "/home/users/mghavami/.local/easybuild/modules/all:/opt/apps/easybuild/environment/modules:/cvmfs/software.eessi.io/init/modules:/opt/apps/resif/aion/2020b/epyc/modules/all";
os.environ["_ModuleTable001_"] = "X01vZHVsZVRhYmxlXyA9IHsKTVR2ZXJzaW9uID0gMywKY19yZWJ1aWxkVGltZSA9IGZhbHNlLApjX3Nob3J0VGltZSA9IGZhbHNlLApkZXB0aFQgPSB7fSwKZmFtaWx5ID0gewplbnYgPSAiZW52L3JlbGVhc2UiLAp9LAptVCA9IHsKWyJjb21waWxlci9HQ0MiXSA9IHsKZm4gPSAiL29wdC9hcHBzL3Jlc2lmL2Fpb24vMjAyMGIvZXB5Yy9tb2R1bGVzL2FsbC9jb21waWxlci9HQ0MvMTAuMi4wLmx1YSIsCmZ1bGxOYW1lID0gImNvbXBpbGVyL0dDQy8xMC4yLjAiLApsb2FkT3JkZXIgPSA2LApwcm9wVCA9IHt9LApzdGFja0RlcHRoID0gMSwKc3RhdHVzID0gImFjdGl2ZSIsCnVzZXJOYW1lID0gImNvbXBpbGVyL0dDQy8xMC4yLjAiLAp3ViA9ICIwMDAwMDAwMTAuMDAwMDAwMDAy";
os.environ["_ModuleTable002_"] = "Lip6ZmluYWwiLAp9LApbImNvbXBpbGVyL0dDQ2NvcmUiXSA9IHsKZm4gPSAiL29wdC9hcHBzL3Jlc2lmL2Fpb24vMjAyMGIvZXB5Yy9tb2R1bGVzL2FsbC9jb21waWxlci9HQ0Njb3JlLzEwLjIuMC5sdWEiLApmdWxsTmFtZSA9ICJjb21waWxlci9HQ0Njb3JlLzEwLjIuMCIsCmxvYWRPcmRlciA9IDMsCnByb3BUID0ge30sCnN0YWNrRGVwdGggPSAyLApzdGF0dXMgPSAiYWN0aXZlIiwKdXNlck5hbWUgPSAiY29tcGlsZXIvR0NDY29yZS8xMC4yLjAiLAp3ViA9ICIwMDAwMDAwMTAuMDAwMDAwMDAyLip6ZmluYWwiLAp9LApbImVudi9yZWxlYXNlIl0gPSB7CmFjdGlvbkEgPSB7CiJhcHBlbmRfcGF0aChcIk1PRFVMRVBBVEhcIixcIi9vcHQvYXBwcy9yZXNpZi9haW9uLzIwMjBi";
os.environ["_ModuleTable003_"] = "L2VweWMvbW9kdWxlcy9hbGxcIikiLAp9LApmbiA9ICIvb3B0L2FwcHMvZWFzeWJ1aWxkL2Vudmlyb25tZW50L21vZHVsZXMvZW52L3JlbGVhc2UvZGVmYXVsdC5sdWEiLApmdWxsTmFtZSA9ICJlbnYvcmVsZWFzZS9kZWZhdWx0IiwKbG9hZE9yZGVyID0gMSwKcHJvcFQgPSB7Cmxtb2QgPSB7CnN0aWNreSA9IDEsCn0sCn0sCnN0YWNrRGVwdGggPSAwLApzdGF0dXMgPSAiYWN0aXZlIiwKdXNlck5hbWUgPSAiZW52L3JlbGVhc2UvZGVmYXVsdCIsCndWID0gIipkZWZhdWx0Lip6ZmluYWwiLAp9LApbImxpYi9VQ1giXSA9IHsKZm4gPSAiL29wdC9hcHBzL3Jlc2lmL2Fpb24vMjAyMGIvZXB5Yy9tb2R1bGVzL2FsbC9saWIvVUNYLzEuOS4wLUdDQ2NvcmUtMTAuMi4wLmx1YSIsCmZ1";
os.environ["_ModuleTable004_"] = "bGxOYW1lID0gImxpYi9VQ1gvMS45LjAtR0NDY29yZS0xMC4yLjAiLApsb2FkT3JkZXIgPSAxMiwKcHJvcFQgPSB7fSwKc3RhY2tEZXB0aCA9IDIsCnN0YXR1cyA9ICJhY3RpdmUiLAp1c2VyTmFtZSA9ICJsaWIvVUNYLzEuOS4wLUdDQ2NvcmUtMTAuMi4wIiwKd1YgPSAiMDAwMDAwMDAxLjAwMDAwMDAwOS4qZ2NjY29yZS4qemZpbmFsLS4wMDAwMDAwMTAuMDAwMDAwMDAyLip6ZmluYWwiLAp9LApbImxpYi9saWJ4bWwyIl0gPSB7CmZuID0gIi9vcHQvYXBwcy9yZXNpZi9haW9uLzIwMjBiL2VweWMvbW9kdWxlcy9hbGwvbGliL2xpYnhtbDIvMi45LjEwLUdDQ2NvcmUtMTAuMi4wLmx1YSIsCmZ1bGxOYW1lID0gImxpYi9saWJ4bWwyLzIuOS4xMC1HQ0Njb3JlLTEwLjIuMCIsCmxv";
os.environ["_ModuleTable005_"] = "YWRPcmRlciA9IDksCnByb3BUID0ge30sCnN0YWNrRGVwdGggPSAzLApzdGF0dXMgPSAiYWN0aXZlIiwKdXNlck5hbWUgPSAibGliL2xpYnhtbDIvMi45LjEwLUdDQ2NvcmUtMTAuMi4wIiwKd1YgPSAiMDAwMDAwMDAyLjAwMDAwMDAwOS4wMDAwMDAwMTAuKmdjY2NvcmUuKnpmaW5hbC0uMDAwMDAwMDEwLjAwMDAwMDAwMi4qemZpbmFsIiwKfSwKWyJsaWIvemxpYiJdID0gewpmbiA9ICIvb3B0L2FwcHMvcmVzaWYvYWlvbi8yMDIwYi9lcHljL21vZHVsZXMvYWxsL2xpYi96bGliLzEuMi4xMS1HQ0Njb3JlLTEwLjIuMC5sdWEiLApmdWxsTmFtZSA9ICJsaWIvemxpYi8xLjIuMTEtR0NDY29yZS0xMC4yLjAiLApsb2FkT3JkZXIgPSA0LApwcm9wVCA9IHt9LApzdGFja0RlcHRoID0g";
os.environ["_ModuleTable006_"] = "MywKc3RhdHVzID0gImFjdGl2ZSIsCnVzZXJOYW1lID0gImxpYi96bGliLzEuMi4xMS1HQ0Njb3JlLTEwLjIuMCIsCndWID0gIjAwMDAwMDAwMS4wMDAwMDAwMDIuMDAwMDAwMDExLipnY2Njb3JlLip6ZmluYWwtLjAwMDAwMDAxMC4wMDAwMDAwMDIuKnpmaW5hbCIsCn0sClsibXBpL09wZW5NUEkiXSA9IHsKZm4gPSAiL29wdC9hcHBzL3Jlc2lmL2Fpb24vMjAyMGIvZXB5Yy9tb2R1bGVzL2FsbC9tcGkvT3Blbk1QSS80LjAuNS1HQ0MtMTAuMi4wLmx1YSIsCmZ1bGxOYW1lID0gIm1waS9PcGVuTVBJLzQuMC41LUdDQy0xMC4yLjAiLApsb2FkT3JkZXIgPSAxMywKcHJvcFQgPSB7fSwKc3RhY2tEZXB0aCA9IDEsCnN0YXR1cyA9ICJhY3RpdmUiLAp1c2VyTmFtZSA9ICJtcGkvT3Bl";
os.environ["_ModuleTable007_"] = "bk1QSS80LjAuNS1HQ0MtMTAuMi4wIiwKd1YgPSAiMDAwMDAwMDA0LjAwMDAwMDAwMC4wMDAwMDAwMDUuKmdjYy4qemZpbmFsLS4wMDAwMDAwMTAuMDAwMDAwMDAyLip6ZmluYWwiLAp9LApbInN5c3RlbS9od2xvYyJdID0gewpmbiA9ICIvb3B0L2FwcHMvcmVzaWYvYWlvbi8yMDIwYi9lcHljL21vZHVsZXMvYWxsL3N5c3RlbS9od2xvYy8yLjIuMC1HQ0Njb3JlLTEwLjIuMC5sdWEiLApmdWxsTmFtZSA9ICJzeXN0ZW0vaHdsb2MvMi4yLjAtR0NDY29yZS0xMC4yLjAiLApsb2FkT3JkZXIgPSAxMSwKcHJvcFQgPSB7fSwKc3RhY2tEZXB0aCA9IDIsCnN0YXR1cyA9ICJhY3RpdmUiLAp1c2VyTmFtZSA9ICJzeXN0ZW0vaHdsb2MvMi4yLjAtR0NDY29yZS0xMC4yLjAiLAp3ViA9ICIw";
os.environ["_ModuleTable008_"] = "MDAwMDAwMDIuMDAwMDAwMDAyLipnY2Njb3JlLip6ZmluYWwtLjAwMDAwMDAxMC4wMDAwMDAwMDIuKnpmaW5hbCIsCn0sClsic3lzdGVtL2xpYnBjaWFjY2VzcyJdID0gewpmbiA9ICIvb3B0L2FwcHMvcmVzaWYvYWlvbi8yMDIwYi9lcHljL21vZHVsZXMvYWxsL3N5c3RlbS9saWJwY2lhY2Nlc3MvMC4xNi1HQ0Njb3JlLTEwLjIuMC5sdWEiLApmdWxsTmFtZSA9ICJzeXN0ZW0vbGlicGNpYWNjZXNzLzAuMTYtR0NDY29yZS0xMC4yLjAiLApsb2FkT3JkZXIgPSAxMCwKcHJvcFQgPSB7fSwKc3RhY2tEZXB0aCA9IDMsCnN0YXR1cyA9ICJhY3RpdmUiLAp1c2VyTmFtZSA9ICJzeXN0ZW0vbGlicGNpYWNjZXNzLzAuMTYtR0NDY29yZS0xMC4yLjAiLAp3ViA9ICIwMDAwMDAwMDAuMDAw";
os.environ["_ModuleTable009_"] = "MDAwMDE2LipnY2Njb3JlLip6ZmluYWwtLjAwMDAwMDAxMC4wMDAwMDAwMDIuKnpmaW5hbCIsCn0sClsidG9vbGNoYWluL2dvbXBpIl0gPSB7CmZuID0gIi9vcHQvYXBwcy9yZXNpZi9haW9uLzIwMjBiL2VweWMvbW9kdWxlcy9hbGwvdG9vbGNoYWluL2dvbXBpLzIwMjBiLmx1YSIsCmZ1bGxOYW1lID0gInRvb2xjaGFpbi9nb21waS8yMDIwYiIsCmxvYWRPcmRlciA9IDE0LApwcm9wVCA9IHt9LApzdGFja0RlcHRoID0gMCwKc3RhdHVzID0gImFjdGl2ZSIsCnVzZXJOYW1lID0gInRvb2xjaGFpbi9nb21waS8yMDIwYiIsCndWID0gIjAwMDAwMjAyMC4qYi4qemZpbmFsIiwKfSwKWyJ0b29scy9FYXN5QnVpbGQiXSA9IHsKZm4gPSAiL2hvbWUvdXNlcnMvbWdoYXZhbWkvLmxvY2Fs";
os.environ["_ModuleTable010_"] = "L2Vhc3lidWlsZC9tb2R1bGVzL2FsbC90b29scy9FYXN5QnVpbGQvNS4wLjAubHVhIiwKZnVsbE5hbWUgPSAidG9vbHMvRWFzeUJ1aWxkLzUuMC4wIiwKbG9hZE9yZGVyID0gMiwKcHJvcFQgPSB7fSwKc3RhY2tEZXB0aCA9IDAsCnN0YXR1cyA9ICJhY3RpdmUiLAp1c2VyTmFtZSA9ICJ0b29scy9FYXN5QnVpbGQvNS4wLjAiLAp3ViA9ICIwMDAwMDAwMDUuKnpmaW5hbCIsCn0sClsidG9vbHMvWFoiXSA9IHsKZm4gPSAiL29wdC9hcHBzL3Jlc2lmL2Fpb24vMjAyMGIvZXB5Yy9tb2R1bGVzL2FsbC90b29scy9YWi81LjIuNS1HQ0Njb3JlLTEwLjIuMC5sdWEiLApmdWxsTmFtZSA9ICJ0b29scy9YWi81LjIuNS1HQ0Njb3JlLTEwLjIuMCIsCmxvYWRPcmRlciA9IDgsCnByb3BUID0g";
os.environ["_ModuleTable011_"] = "e30sCnN0YWNrRGVwdGggPSA0LApzdGF0dXMgPSAiYWN0aXZlIiwKdXNlck5hbWUgPSAidG9vbHMvWFovNS4yLjUtR0NDY29yZS0xMC4yLjAiLAp3ViA9ICIwMDAwMDAwMDUuMDAwMDAwMDAyLjAwMDAwMDAwNS4qZ2NjY29yZS4qemZpbmFsLS4wMDAwMDAwMTAuMDAwMDAwMDAyLip6ZmluYWwiLAp9LApbInRvb2xzL2JpbnV0aWxzIl0gPSB7CmZuID0gIi9vcHQvYXBwcy9yZXNpZi9haW9uLzIwMjBiL2VweWMvbW9kdWxlcy9hbGwvdG9vbHMvYmludXRpbHMvMi4zNS1HQ0Njb3JlLTEwLjIuMC5sdWEiLApmdWxsTmFtZSA9ICJ0b29scy9iaW51dGlscy8yLjM1LUdDQ2NvcmUtMTAuMi4wIiwKbG9hZE9yZGVyID0gNSwKcHJvcFQgPSB7fSwKc3RhY2tEZXB0aCA9IDIsCnN0YXR1cyA9";
os.environ["_ModuleTable012_"] = "ICJhY3RpdmUiLAp1c2VyTmFtZSA9ICJ0b29scy9iaW51dGlscy8yLjM1LUdDQ2NvcmUtMTAuMi4wIiwKd1YgPSAiMDAwMDAwMDAyLjAwMDAwMDAzNS4qZ2NjY29yZS4qemZpbmFsLS4wMDAwMDAwMTAuMDAwMDAwMDAyLip6ZmluYWwiLAp9LApbInRvb2xzL251bWFjdGwiXSA9IHsKZm4gPSAiL29wdC9hcHBzL3Jlc2lmL2Fpb24vMjAyMGIvZXB5Yy9tb2R1bGVzL2FsbC90b29scy9udW1hY3RsLzIuMC4xMy1HQ0Njb3JlLTEwLjIuMC5sdWEiLApmdWxsTmFtZSA9ICJ0b29scy9udW1hY3RsLzIuMC4xMy1HQ0Njb3JlLTEwLjIuMCIsCmxvYWRPcmRlciA9IDcsCnByb3BUID0ge30sCnN0YWNrRGVwdGggPSAzLApzdGF0dXMgPSAiYWN0aXZlIiwKdXNlck5hbWUgPSAidG9vbHMvbnVt";
os.environ["_ModuleTable013_"] = "YWN0bC8yLjAuMTMtR0NDY29yZS0xMC4yLjAiLAp3ViA9ICIwMDAwMDAwMDIuMDAwMDAwMDAwLjAwMDAwMDAxMy4qZ2NjY29yZS4qemZpbmFsLS4wMDAwMDAwMTAuMDAwMDAwMDAyLip6ZmluYWwiLAp9LAp9LAptcGF0aEEgPSB7CiIvaG9tZS91c2Vycy9tZ2hhdmFtaS8ubG9jYWwvZWFzeWJ1aWxkL21vZHVsZXMvYWxsIgosICIvb3B0L2FwcHMvZWFzeWJ1aWxkL2Vudmlyb25tZW50L21vZHVsZXMiCiwgIi9jdm1mcy9zb2Z0d2FyZS5lZXNzaS5pby9pbml0L21vZHVsZXMiLCAiL29wdC9hcHBzL3Jlc2lmL2Fpb24vMjAyMGIvZXB5Yy9tb2R1bGVzL2FsbCIsCn0sCnN5c3RlbUJhc2VNUEFUSCA9ICIvb3B0L2FwcHMvZWFzeWJ1aWxkL2Vudmlyb25tZW50L21vZHVsZXM6L2N2bWZz";
os.environ["_ModuleTable014_"] = "L3NvZnR3YXJlLmVlc3NpLmlvL2luaXQvbW9kdWxlcyIsCn0K";
os.environ["_ModuleTable_Sz_"] = "14";
_mlstatus = True

== 2025-03-25 13:55:55,038 run.py:596 INFO Warnings and errors of '/usr/share/lmod/lmod/libexec/lmod ...' shell command (stderr only):
env/release/default
tools/EasyBuild/5.0.0
compiler/GCCcore/10.2.0
lib/zlib/1.2.11-GCCcore-10.2.0
tools/binutils/2.35-GCCcore-10.2.0
compiler/GCC/10.2.0
tools/numactl/2.0.13-GCCcore-10.2.0
tools/XZ/5.2.5-GCCcore-10.2.0
lib/libxml2/2.9.10-GCCcore-10.2.0
system/libpciaccess/0.16-GCCcore-10.2.0
system/hwloc/2.2.0-GCCcore-10.2.0
lib/UCX/1.9.0-GCCcore-10.2.0
mpi/OpenMPI/4.0.5-GCC-10.2.0
toolchain/gompi/2020b

== 2025-03-25 13:55:55,038 run.py:601 INFO Shell command completed successfully (see output above): /usr/share/lmod/lmod/libexec/lmod python --terse list
== 2025-03-25 13:55:55,042 easyblock.py:4050 INFO Module file /home/users/mghavami/.local/easybuild/modules/all/perf/OSU-Micro-Benchmarks/7.5-gompi-2020b.lua written: help([==[

Description
===========
OSU Micro-Benchmarks


More information
================
 - Homepage: https://mvapich.cse.ohio-state.edu/benchmarks/
]==])

whatis([==[Description: OSU Micro-Benchmarks]==])
whatis([==[Homepage: https://mvapich.cse.ohio-state.edu/benchmarks/]==])
whatis([==[URL: https://mvapich.cse.ohio-state.edu/benchmarks/]==])

local root = "/home/users/mghavami/.local/easybuild/software/OSU-Micro-Benchmarks/7.5-gompi-2020b"

conflict("perf/OSU-Micro-Benchmarks")

depends_on("toolchain/gompi/2020b")

prepend_path("CMAKE_PREFIX_PATH", root)
prepend_path("PATH", pathJoin(root, "libexec/osu-micro-benchmarks/mpi/collective"))
prepend_path("PATH", pathJoin(root, "libexec/osu-micro-benchmarks/mpi/one-sided"))
prepend_path("PATH", pathJoin(root, "libexec/osu-micro-benchmarks/mpi/pt2pt"))
prepend_path("PATH", pathJoin(root, "libexec/osu-micro-benchmarks/mpi/startup"))
setenv("EBROOTOSUMINMICROMINBENCHMARKS", root)
setenv("EBVERSIONOSUMINMICROMINBENCHMARKS", "7.5")
setenv("EBDEVELOSUMINMICROMINBENCHMARKS", pathJoin(root, "easybuild/perf-OSU-Micro-Benchmarks-7.5-gompi-2020b-easybuild-devel"))

-- Built with EasyBuild version 5.0.0

== 2025-03-25 13:55:55,043 easyblock.py:1259 INFO Making devel module...
== 2025-03-25 13:55:55,043 easyblock.py:1870 INFO Loading fake module (perf/OSU-Micro-Benchmarks/7.5-gompi-2020b)
== 2025-03-25 13:55:55,044 run.py:500 INFO Running shell command '/usr/share/lmod/lmod/libexec/lmod python --terse list' in /mnt/aiongpfs/users/mghavami/y2425-w04-software-installation-on-hpc-AminGhavami/omb
== 2025-03-25 13:55:55,122 run.py:595 INFO Output of '/usr/share/lmod/lmod/libexec/lmod ...' shell command (stdout only):
import os
os.environ["MODULEPATH"] = "/home/users/mghavami/.local/easybuild/modules/all:/opt/apps/easybuild/environment/modules:/cvmfs/software.eessi.io/init/modules:/opt/apps/resif/aion/2020b/epyc/modules/all";
os.environ["_ModuleTable001_"] = "X01vZHVsZVRhYmxlXyA9IHsKTVR2ZXJzaW9uID0gMywKY19yZWJ1aWxkVGltZSA9IGZhbHNlLApjX3Nob3J0VGltZSA9IGZhbHNlLApkZXB0aFQgPSB7fSwKZmFtaWx5ID0gewplbnYgPSAiZW52L3JlbGVhc2UiLAp9LAptVCA9IHsKWyJjb21waWxlci9HQ0MiXSA9IHsKZm4gPSAiL29wdC9hcHBzL3Jlc2lmL2Fpb24vMjAyMGIvZXB5Yy9tb2R1bGVzL2FsbC9jb21waWxlci9HQ0MvMTAuMi4wLmx1YSIsCmZ1bGxOYW1lID0gImNvbXBpbGVyL0dDQy8xMC4yLjAiLApsb2FkT3JkZXIgPSA2LApwcm9wVCA9IHt9LApzdGFja0RlcHRoID0gMSwKc3RhdHVzID0gImFjdGl2ZSIsCnVzZXJOYW1lID0gImNvbXBpbGVyL0dDQy8xMC4yLjAiLAp3ViA9ICIwMDAwMDAwMTAuMDAwMDAwMDAy";
os.environ["_ModuleTable002_"] = "Lip6ZmluYWwiLAp9LApbImNvbXBpbGVyL0dDQ2NvcmUiXSA9IHsKZm4gPSAiL29wdC9hcHBzL3Jlc2lmL2Fpb24vMjAyMGIvZXB5Yy9tb2R1bGVzL2FsbC9jb21waWxlci9HQ0Njb3JlLzEwLjIuMC5sdWEiLApmdWxsTmFtZSA9ICJjb21waWxlci9HQ0Njb3JlLzEwLjIuMCIsCmxvYWRPcmRlciA9IDMsCnByb3BUID0ge30sCnN0YWNrRGVwdGggPSAyLApzdGF0dXMgPSAiYWN0aXZlIiwKdXNlck5hbWUgPSAiY29tcGlsZXIvR0NDY29yZS8xMC4yLjAiLAp3ViA9ICIwMDAwMDAwMTAuMDAwMDAwMDAyLip6ZmluYWwiLAp9LApbImVudi9yZWxlYXNlIl0gPSB7CmFjdGlvbkEgPSB7CiJhcHBlbmRfcGF0aChcIk1PRFVMRVBBVEhcIixcIi9vcHQvYXBwcy9yZXNpZi9haW9uLzIwMjBi";
os.environ["_ModuleTable003_"] = "L2VweWMvbW9kdWxlcy9hbGxcIikiLAp9LApmbiA9ICIvb3B0L2FwcHMvZWFzeWJ1aWxkL2Vudmlyb25tZW50L21vZHVsZXMvZW52L3JlbGVhc2UvZGVmYXVsdC5sdWEiLApmdWxsTmFtZSA9ICJlbnYvcmVsZWFzZS9kZWZhdWx0IiwKbG9hZE9yZGVyID0gMSwKcHJvcFQgPSB7Cmxtb2QgPSB7CnN0aWNreSA9IDEsCn0sCn0sCnN0YWNrRGVwdGggPSAwLApzdGF0dXMgPSAiYWN0aXZlIiwKdXNlck5hbWUgPSAiZW52L3JlbGVhc2UvZGVmYXVsdCIsCndWID0gIipkZWZhdWx0Lip6ZmluYWwiLAp9LApbImxpYi9VQ1giXSA9IHsKZm4gPSAiL29wdC9hcHBzL3Jlc2lmL2Fpb24vMjAyMGIvZXB5Yy9tb2R1bGVzL2FsbC9saWIvVUNYLzEuOS4wLUdDQ2NvcmUtMTAuMi4wLmx1YSIsCmZ1";
os.environ["_ModuleTable004_"] = "bGxOYW1lID0gImxpYi9VQ1gvMS45LjAtR0NDY29yZS0xMC4yLjAiLApsb2FkT3JkZXIgPSAxMiwKcHJvcFQgPSB7fSwKc3RhY2tEZXB0aCA9IDIsCnN0YXR1cyA9ICJhY3RpdmUiLAp1c2VyTmFtZSA9ICJsaWIvVUNYLzEuOS4wLUdDQ2NvcmUtMTAuMi4wIiwKd1YgPSAiMDAwMDAwMDAxLjAwMDAwMDAwOS4qZ2NjY29yZS4qemZpbmFsLS4wMDAwMDAwMTAuMDAwMDAwMDAyLip6ZmluYWwiLAp9LApbImxpYi9saWJ4bWwyIl0gPSB7CmZuID0gIi9vcHQvYXBwcy9yZXNpZi9haW9uLzIwMjBiL2VweWMvbW9kdWxlcy9hbGwvbGliL2xpYnhtbDIvMi45LjEwLUdDQ2NvcmUtMTAuMi4wLmx1YSIsCmZ1bGxOYW1lID0gImxpYi9saWJ4bWwyLzIuOS4xMC1HQ0Njb3JlLTEwLjIuMCIsCmxv";
os.environ["_ModuleTable005_"] = "YWRPcmRlciA9IDksCnByb3BUID0ge30sCnN0YWNrRGVwdGggPSAzLApzdGF0dXMgPSAiYWN0aXZlIiwKdXNlck5hbWUgPSAibGliL2xpYnhtbDIvMi45LjEwLUdDQ2NvcmUtMTAuMi4wIiwKd1YgPSAiMDAwMDAwMDAyLjAwMDAwMDAwOS4wMDAwMDAwMTAuKmdjY2NvcmUuKnpmaW5hbC0uMDAwMDAwMDEwLjAwMDAwMDAwMi4qemZpbmFsIiwKfSwKWyJsaWIvemxpYiJdID0gewpmbiA9ICIvb3B0L2FwcHMvcmVzaWYvYWlvbi8yMDIwYi9lcHljL21vZHVsZXMvYWxsL2xpYi96bGliLzEuMi4xMS1HQ0Njb3JlLTEwLjIuMC5sdWEiLApmdWxsTmFtZSA9ICJsaWIvemxpYi8xLjIuMTEtR0NDY29yZS0xMC4yLjAiLApsb2FkT3JkZXIgPSA0LApwcm9wVCA9IHt9LApzdGFja0RlcHRoID0g";
os.environ["_ModuleTable006_"] = "MywKc3RhdHVzID0gImFjdGl2ZSIsCnVzZXJOYW1lID0gImxpYi96bGliLzEuMi4xMS1HQ0Njb3JlLTEwLjIuMCIsCndWID0gIjAwMDAwMDAwMS4wMDAwMDAwMDIuMDAwMDAwMDExLipnY2Njb3JlLip6ZmluYWwtLjAwMDAwMDAxMC4wMDAwMDAwMDIuKnpmaW5hbCIsCn0sClsibXBpL09wZW5NUEkiXSA9IHsKZm4gPSAiL29wdC9hcHBzL3Jlc2lmL2Fpb24vMjAyMGIvZXB5Yy9tb2R1bGVzL2FsbC9tcGkvT3Blbk1QSS80LjAuNS1HQ0MtMTAuMi4wLmx1YSIsCmZ1bGxOYW1lID0gIm1waS9PcGVuTVBJLzQuMC41LUdDQy0xMC4yLjAiLApsb2FkT3JkZXIgPSAxMywKcHJvcFQgPSB7fSwKc3RhY2tEZXB0aCA9IDEsCnN0YXR1cyA9ICJhY3RpdmUiLAp1c2VyTmFtZSA9ICJtcGkvT3Bl";
os.environ["_ModuleTable007_"] = "bk1QSS80LjAuNS1HQ0MtMTAuMi4wIiwKd1YgPSAiMDAwMDAwMDA0LjAwMDAwMDAwMC4wMDAwMDAwMDUuKmdjYy4qemZpbmFsLS4wMDAwMDAwMTAuMDAwMDAwMDAyLip6ZmluYWwiLAp9LApbInN5c3RlbS9od2xvYyJdID0gewpmbiA9ICIvb3B0L2FwcHMvcmVzaWYvYWlvbi8yMDIwYi9lcHljL21vZHVsZXMvYWxsL3N5c3RlbS9od2xvYy8yLjIuMC1HQ0Njb3JlLTEwLjIuMC5sdWEiLApmdWxsTmFtZSA9ICJzeXN0ZW0vaHdsb2MvMi4yLjAtR0NDY29yZS0xMC4yLjAiLApsb2FkT3JkZXIgPSAxMSwKcHJvcFQgPSB7fSwKc3RhY2tEZXB0aCA9IDIsCnN0YXR1cyA9ICJhY3RpdmUiLAp1c2VyTmFtZSA9ICJzeXN0ZW0vaHdsb2MvMi4yLjAtR0NDY29yZS0xMC4yLjAiLAp3ViA9ICIw";
os.environ["_ModuleTable008_"] = "MDAwMDAwMDIuMDAwMDAwMDAyLipnY2Njb3JlLip6ZmluYWwtLjAwMDAwMDAxMC4wMDAwMDAwMDIuKnpmaW5hbCIsCn0sClsic3lzdGVtL2xpYnBjaWFjY2VzcyJdID0gewpmbiA9ICIvb3B0L2FwcHMvcmVzaWYvYWlvbi8yMDIwYi9lcHljL21vZHVsZXMvYWxsL3N5c3RlbS9saWJwY2lhY2Nlc3MvMC4xNi1HQ0Njb3JlLTEwLjIuMC5sdWEiLApmdWxsTmFtZSA9ICJzeXN0ZW0vbGlicGNpYWNjZXNzLzAuMTYtR0NDY29yZS0xMC4yLjAiLApsb2FkT3JkZXIgPSAxMCwKcHJvcFQgPSB7fSwKc3RhY2tEZXB0aCA9IDMsCnN0YXR1cyA9ICJhY3RpdmUiLAp1c2VyTmFtZSA9ICJzeXN0ZW0vbGlicGNpYWNjZXNzLzAuMTYtR0NDY29yZS0xMC4yLjAiLAp3ViA9ICIwMDAwMDAwMDAuMDAw";
os.environ["_ModuleTable009_"] = "MDAwMDE2LipnY2Njb3JlLip6ZmluYWwtLjAwMDAwMDAxMC4wMDAwMDAwMDIuKnpmaW5hbCIsCn0sClsidG9vbGNoYWluL2dvbXBpIl0gPSB7CmZuID0gIi9vcHQvYXBwcy9yZXNpZi9haW9uLzIwMjBiL2VweWMvbW9kdWxlcy9hbGwvdG9vbGNoYWluL2dvbXBpLzIwMjBiLmx1YSIsCmZ1bGxOYW1lID0gInRvb2xjaGFpbi9nb21waS8yMDIwYiIsCmxvYWRPcmRlciA9IDE0LApwcm9wVCA9IHt9LApzdGFja0RlcHRoID0gMCwKc3RhdHVzID0gImFjdGl2ZSIsCnVzZXJOYW1lID0gInRvb2xjaGFpbi9nb21waS8yMDIwYiIsCndWID0gIjAwMDAwMjAyMC4qYi4qemZpbmFsIiwKfSwKWyJ0b29scy9FYXN5QnVpbGQiXSA9IHsKZm4gPSAiL2hvbWUvdXNlcnMvbWdoYXZhbWkvLmxvY2Fs";
os.environ["_ModuleTable010_"] = "L2Vhc3lidWlsZC9tb2R1bGVzL2FsbC90b29scy9FYXN5QnVpbGQvNS4wLjAubHVhIiwKZnVsbE5hbWUgPSAidG9vbHMvRWFzeUJ1aWxkLzUuMC4wIiwKbG9hZE9yZGVyID0gMiwKcHJvcFQgPSB7fSwKc3RhY2tEZXB0aCA9IDAsCnN0YXR1cyA9ICJhY3RpdmUiLAp1c2VyTmFtZSA9ICJ0b29scy9FYXN5QnVpbGQvNS4wLjAiLAp3ViA9ICIwMDAwMDAwMDUuKnpmaW5hbCIsCn0sClsidG9vbHMvWFoiXSA9IHsKZm4gPSAiL29wdC9hcHBzL3Jlc2lmL2Fpb24vMjAyMGIvZXB5Yy9tb2R1bGVzL2FsbC90b29scy9YWi81LjIuNS1HQ0Njb3JlLTEwLjIuMC5sdWEiLApmdWxsTmFtZSA9ICJ0b29scy9YWi81LjIuNS1HQ0Njb3JlLTEwLjIuMCIsCmxvYWRPcmRlciA9IDgsCnByb3BUID0g";
os.environ["_ModuleTable011_"] = "e30sCnN0YWNrRGVwdGggPSA0LApzdGF0dXMgPSAiYWN0aXZlIiwKdXNlck5hbWUgPSAidG9vbHMvWFovNS4yLjUtR0NDY29yZS0xMC4yLjAiLAp3ViA9ICIwMDAwMDAwMDUuMDAwMDAwMDAyLjAwMDAwMDAwNS4qZ2NjY29yZS4qemZpbmFsLS4wMDAwMDAwMTAuMDAwMDAwMDAyLip6ZmluYWwiLAp9LApbInRvb2xzL2JpbnV0aWxzIl0gPSB7CmZuID0gIi9vcHQvYXBwcy9yZXNpZi9haW9uLzIwMjBiL2VweWMvbW9kdWxlcy9hbGwvdG9vbHMvYmludXRpbHMvMi4zNS1HQ0Njb3JlLTEwLjIuMC5sdWEiLApmdWxsTmFtZSA9ICJ0b29scy9iaW51dGlscy8yLjM1LUdDQ2NvcmUtMTAuMi4wIiwKbG9hZE9yZGVyID0gNSwKcHJvcFQgPSB7fSwKc3RhY2tEZXB0aCA9IDIsCnN0YXR1cyA9";
os.environ["_ModuleTable012_"] = "ICJhY3RpdmUiLAp1c2VyTmFtZSA9ICJ0b29scy9iaW51dGlscy8yLjM1LUdDQ2NvcmUtMTAuMi4wIiwKd1YgPSAiMDAwMDAwMDAyLjAwMDAwMDAzNS4qZ2NjY29yZS4qemZpbmFsLS4wMDAwMDAwMTAuMDAwMDAwMDAyLip6ZmluYWwiLAp9LApbInRvb2xzL251bWFjdGwiXSA9IHsKZm4gPSAiL29wdC9hcHBzL3Jlc2lmL2Fpb24vMjAyMGIvZXB5Yy9tb2R1bGVzL2FsbC90b29scy9udW1hY3RsLzIuMC4xMy1HQ0Njb3JlLTEwLjIuMC5sdWEiLApmdWxsTmFtZSA9ICJ0b29scy9udW1hY3RsLzIuMC4xMy1HQ0Njb3JlLTEwLjIuMCIsCmxvYWRPcmRlciA9IDcsCnByb3BUID0ge30sCnN0YWNrRGVwdGggPSAzLApzdGF0dXMgPSAiYWN0aXZlIiwKdXNlck5hbWUgPSAidG9vbHMvbnVt";
os.environ["_ModuleTable013_"] = "YWN0bC8yLjAuMTMtR0NDY29yZS0xMC4yLjAiLAp3ViA9ICIwMDAwMDAwMDIuMDAwMDAwMDAwLjAwMDAwMDAxMy4qZ2NjY29yZS4qemZpbmFsLS4wMDAwMDAwMTAuMDAwMDAwMDAyLip6ZmluYWwiLAp9LAp9LAptcGF0aEEgPSB7CiIvaG9tZS91c2Vycy9tZ2hhdmFtaS8ubG9jYWwvZWFzeWJ1aWxkL21vZHVsZXMvYWxsIgosICIvb3B0L2FwcHMvZWFzeWJ1aWxkL2Vudmlyb25tZW50L21vZHVsZXMiCiwgIi9jdm1mcy9zb2Z0d2FyZS5lZXNzaS5pby9pbml0L21vZHVsZXMiLCAiL29wdC9hcHBzL3Jlc2lmL2Fpb24vMjAyMGIvZXB5Yy9tb2R1bGVzL2FsbCIsCn0sCnN5c3RlbUJhc2VNUEFUSCA9ICIvb3B0L2FwcHMvZWFzeWJ1aWxkL2Vudmlyb25tZW50L21vZHVsZXM6L2N2bWZz";
os.environ["_ModuleTable014_"] = "L3NvZnR3YXJlLmVlc3NpLmlvL2luaXQvbW9kdWxlcyIsCn0K";
os.environ["_ModuleTable_Sz_"] = "14";
_mlstatus = True

== 2025-03-25 13:55:55,122 run.py:596 INFO Warnings and errors of '/usr/share/lmod/lmod/libexec/lmod ...' shell command (stderr only):
env/release/default
tools/EasyBuild/5.0.0
compiler/GCCcore/10.2.0
lib/zlib/1.2.11-GCCcore-10.2.0
tools/binutils/2.35-GCCcore-10.2.0
compiler/GCC/10.2.0
tools/numactl/2.0.13-GCCcore-10.2.0
tools/XZ/5.2.5-GCCcore-10.2.0
lib/libxml2/2.9.10-GCCcore-10.2.0
system/libpciaccess/0.16-GCCcore-10.2.0
system/hwloc/2.2.0-GCCcore-10.2.0
lib/UCX/1.9.0-GCCcore-10.2.0
mpi/OpenMPI/4.0.5-GCC-10.2.0
toolchain/gompi/2020b

== 2025-03-25 13:55:55,122 run.py:601 INFO Shell command completed successfully (see output above): /usr/share/lmod/lmod/libexec/lmod python --terse list
== 2025-03-25 13:55:55,124 filetools.py:2001 INFO Creating directory /tmp/eb-09zxmkft/tmp1hrm161w/all/perf/OSU-Micro-Benchmarks (parents: True, set_gid: False, sticky: False)
== 2025-03-25 13:55:55,124 easyblock.py:4050 INFO Module file /tmp/eb-09zxmkft/tmp1hrm161w/all/perf/OSU-Micro-Benchmarks/7.5-gompi-2020b.lua written: help([==[

Description
===========
OSU Micro-Benchmarks


More information
================
 - Homepage: https://mvapich.cse.ohio-state.edu/benchmarks/
]==])

whatis([==[Description: OSU Micro-Benchmarks]==])
whatis([==[Homepage: https://mvapich.cse.ohio-state.edu/benchmarks/]==])
whatis([==[URL: https://mvapich.cse.ohio-state.edu/benchmarks/]==])

local root = "/home/users/mghavami/.local/easybuild/software/OSU-Micro-Benchmarks/7.5-gompi-2020b"

conflict("perf/OSU-Micro-Benchmarks")

depends_on("toolchain/gompi/2020b")

prepend_path("ACLOCAL_PATH", pathJoin(root, "share/aclocal"))
prepend_path("CLASSPATH", pathJoin(root, "*.jar"))
prepend_path("CMAKE_LIBRARY_PATH", pathJoin(root, "lib64"))
prepend_path("CMAKE_PREFIX_PATH", root)
prepend_path("CPATH", pathJoin(root, "include"))
prepend_path("GI_TYPELIB_PATH", pathJoin(root, "lib/girepository-*"))
prepend_path("GI_TYPELIB_PATH", pathJoin(root, "lib64/girepository-*"))
prepend_path("LD_LIBRARY_PATH", pathJoin(root, "lib"))
prepend_path("LD_LIBRARY_PATH", pathJoin(root, "lib64"))
prepend_path("LIBRARY_PATH", pathJoin(root, "lib"))
prepend_path("LIBRARY_PATH", pathJoin(root, "lib64"))
prepend_path("MANPATH", pathJoin(root, "man"))
prepend_path("MANPATH", pathJoin(root, "share/man"))
prepend_path("PATH", pathJoin(root, "bin"))
prepend_path("PATH", pathJoin(root, "sbin"))
prepend_path("PATH", pathJoin(root, "libexec/osu-micro-benchmarks/mpi/collective"))
prepend_path("PATH", pathJoin(root, "libexec/osu-micro-benchmarks/mpi/one-sided"))
prepend_path("PATH", pathJoin(root, "libexec/osu-micro-benchmarks/mpi/pt2pt"))
prepend_path("PATH", pathJoin(root, "libexec/osu-micro-benchmarks/mpi/startup"))
prepend_path("PKG_CONFIG_PATH", pathJoin(root, "lib/pkgconfig"))
prepend_path("PKG_CONFIG_PATH", pathJoin(root, "lib64/pkgconfig"))
prepend_path("PKG_CONFIG_PATH", pathJoin(root, "share/pkgconfig"))
prepend_path("XDG_DATA_DIRS", pathJoin(root, "share"))
setenv("EBROOTOSUMINMICROMINBENCHMARKS", root)
setenv("EBVERSIONOSUMINMICROMINBENCHMARKS", "7.5")
setenv("EBDEVELOSUMINMICROMINBENCHMARKS", pathJoin(root, "easybuild/perf-OSU-Micro-Benchmarks-7.5-gompi-2020b-easybuild-devel"))

-- Built with EasyBuild version 5.0.0

== 2025-03-25 13:55:55,124 filetools.py:2001 INFO Creating directory /tmp/eb-09zxmkft/tmp1hrm161w/perf/perf/OSU-Micro-Benchmarks (parents: True, set_gid: False, sticky: False)
== 2025-03-25 13:55:55,124 easyblock.py:4085 INFO Skipping devel module...
== 2025-03-25 13:55:55,124 filetools.py:357 INFO Symlinked 7.5-gompi-2020b.lua to /tmp/eb-09zxmkft/tmp1hrm161w/all/perf/OSU-Micro-Benchmarks/default
== 2025-03-25 13:55:55,124 module_generator.py:1492 INFO Module default version file written to point to /tmp/eb-09zxmkft/tmp1hrm161w/all/perf/OSU-Micro-Benchmarks/default
== 2025-03-25 13:55:55,125 run.py:500 INFO Running shell command '/usr/share/lmod/lmod/libexec/lmod python use --priority 10000 /tmp/eb-09zxmkft/tmp1hrm161w/all/' in /mnt/aiongpfs/users/mghavami/y2425-w04-software-installation-on-hpc-AminGhavami/omb
== 2025-03-25 13:55:55,268 run.py:595 INFO Output of '/usr/share/lmod/lmod/libexec/lmod ...' shell command (stdout only):
import os
os.environ["__LMOD_Priority_MODULEPATH"] = "/tmp/eb-09zxmkft/tmp1hrm161w/all:-10000";
os.environ["__LMOD_REF_COUNT_MODULEPATH"] = "/tmp/eb-09zxmkft/tmp1hrm161w/all:1;/home/users/mghavami/.local/easybuild/modules/all:1;/opt/apps/easybuild/environment/modules:1;/cvmfs/software.eessi.io/init/modules:1;/opt/apps/resif/aion/2020b/epyc/modules/all:1";
os.environ["MODULEPATH"] = "/tmp/eb-09zxmkft/tmp1hrm161w/all:/home/users/mghavami/.local/easybuild/modules/all:/opt/apps/easybuild/environment/modules:/cvmfs/software.eessi.io/init/modules:/opt/apps/resif/aion/2020b/epyc/modules/all";
os.environ["_ModuleTable001_"] = "X01vZHVsZVRhYmxlXyA9IHsKTVR2ZXJzaW9uID0gMywKY19yZWJ1aWxkVGltZSA9IGZhbHNlLApjX3Nob3J0VGltZSA9IGZhbHNlLApkZXB0aFQgPSB7fSwKZmFtaWx5ID0gewplbnYgPSAiZW52L3JlbGVhc2UiLAp9LAptVCA9IHsKWyJjb21waWxlci9HQ0MiXSA9IHsKZm4gPSAiL29wdC9hcHBzL3Jlc2lmL2Fpb24vMjAyMGIvZXB5Yy9tb2R1bGVzL2FsbC9jb21waWxlci9HQ0MvMTAuMi4wLmx1YSIsCmZ1bGxOYW1lID0gImNvbXBpbGVyL0dDQy8xMC4yLjAiLApsb2FkT3JkZXIgPSA2LApwcm9wVCA9IHt9LApzdGFja0RlcHRoID0gMSwKc3RhdHVzID0gImFjdGl2ZSIsCnVzZXJOYW1lID0gImNvbXBpbGVyL0dDQy8xMC4yLjAiLAp3ViA9ICIwMDAwMDAwMTAuMDAwMDAwMDAy";
os.environ["_ModuleTable002_"] = "Lip6ZmluYWwiLAp9LApbImNvbXBpbGVyL0dDQ2NvcmUiXSA9IHsKZm4gPSAiL29wdC9hcHBzL3Jlc2lmL2Fpb24vMjAyMGIvZXB5Yy9tb2R1bGVzL2FsbC9jb21waWxlci9HQ0Njb3JlLzEwLjIuMC5sdWEiLApmdWxsTmFtZSA9ICJjb21waWxlci9HQ0Njb3JlLzEwLjIuMCIsCmxvYWRPcmRlciA9IDMsCnByb3BUID0ge30sCnN0YWNrRGVwdGggPSAyLApzdGF0dXMgPSAiYWN0aXZlIiwKdXNlck5hbWUgPSAiY29tcGlsZXIvR0NDY29yZS8xMC4yLjAiLAp3ViA9ICIwMDAwMDAwMTAuMDAwMDAwMDAyLip6ZmluYWwiLAp9LApbImVudi9yZWxlYXNlIl0gPSB7CmFjdGlvbkEgPSB7CiJhcHBlbmRfcGF0aChcIk1PRFVMRVBBVEhcIixcIi9vcHQvYXBwcy9yZXNpZi9haW9uLzIwMjBi";
os.environ["_ModuleTable003_"] = "L2VweWMvbW9kdWxlcy9hbGxcIikiLAp9LApmbiA9ICIvb3B0L2FwcHMvZWFzeWJ1aWxkL2Vudmlyb25tZW50L21vZHVsZXMvZW52L3JlbGVhc2UvZGVmYXVsdC5sdWEiLApmdWxsTmFtZSA9ICJlbnYvcmVsZWFzZS9kZWZhdWx0IiwKbG9hZE9yZGVyID0gMSwKcHJvcFQgPSB7Cmxtb2QgPSB7CnN0aWNreSA9IDEsCn0sCn0sCnN0YWNrRGVwdGggPSAwLApzdGF0dXMgPSAiYWN0aXZlIiwKdXNlck5hbWUgPSAiZW52L3JlbGVhc2UvZGVmYXVsdCIsCndWID0gIipkZWZhdWx0Lip6ZmluYWwiLAp9LApbImxpYi9VQ1giXSA9IHsKZm4gPSAiL29wdC9hcHBzL3Jlc2lmL2Fpb24vMjAyMGIvZXB5Yy9tb2R1bGVzL2FsbC9saWIvVUNYLzEuOS4wLUdDQ2NvcmUtMTAuMi4wLmx1YSIsCmZ1";
os.environ["_ModuleTable004_"] = "bGxOYW1lID0gImxpYi9VQ1gvMS45LjAtR0NDY29yZS0xMC4yLjAiLApsb2FkT3JkZXIgPSAxMiwKcHJvcFQgPSB7fSwKc3RhY2tEZXB0aCA9IDIsCnN0YXR1cyA9ICJhY3RpdmUiLAp1c2VyTmFtZSA9ICJsaWIvVUNYLzEuOS4wLUdDQ2NvcmUtMTAuMi4wIiwKd1YgPSAiMDAwMDAwMDAxLjAwMDAwMDAwOS4qZ2NjY29yZS4qemZpbmFsLS4wMDAwMDAwMTAuMDAwMDAwMDAyLip6ZmluYWwiLAp9LApbImxpYi9saWJ4bWwyIl0gPSB7CmZuID0gIi9vcHQvYXBwcy9yZXNpZi9haW9uLzIwMjBiL2VweWMvbW9kdWxlcy9hbGwvbGliL2xpYnhtbDIvMi45LjEwLUdDQ2NvcmUtMTAuMi4wLmx1YSIsCmZ1bGxOYW1lID0gImxpYi9saWJ4bWwyLzIuOS4xMC1HQ0Njb3JlLTEwLjIuMCIsCmxv";
os.environ["_ModuleTable005_"] = "YWRPcmRlciA9IDksCnByb3BUID0ge30sCnN0YWNrRGVwdGggPSAzLApzdGF0dXMgPSAiYWN0aXZlIiwKdXNlck5hbWUgPSAibGliL2xpYnhtbDIvMi45LjEwLUdDQ2NvcmUtMTAuMi4wIiwKd1YgPSAiMDAwMDAwMDAyLjAwMDAwMDAwOS4wMDAwMDAwMTAuKmdjY2NvcmUuKnpmaW5hbC0uMDAwMDAwMDEwLjAwMDAwMDAwMi4qemZpbmFsIiwKfSwKWyJsaWIvemxpYiJdID0gewpmbiA9ICIvb3B0L2FwcHMvcmVzaWYvYWlvbi8yMDIwYi9lcHljL21vZHVsZXMvYWxsL2xpYi96bGliLzEuMi4xMS1HQ0Njb3JlLTEwLjIuMC5sdWEiLApmdWxsTmFtZSA9ICJsaWIvemxpYi8xLjIuMTEtR0NDY29yZS0xMC4yLjAiLApsb2FkT3JkZXIgPSA0LApwcm9wVCA9IHt9LApzdGFja0RlcHRoID0g";
os.environ["_ModuleTable006_"] = "MywKc3RhdHVzID0gImFjdGl2ZSIsCnVzZXJOYW1lID0gImxpYi96bGliLzEuMi4xMS1HQ0Njb3JlLTEwLjIuMCIsCndWID0gIjAwMDAwMDAwMS4wMDAwMDAwMDIuMDAwMDAwMDExLipnY2Njb3JlLip6ZmluYWwtLjAwMDAwMDAxMC4wMDAwMDAwMDIuKnpmaW5hbCIsCn0sClsibXBpL09wZW5NUEkiXSA9IHsKZm4gPSAiL29wdC9hcHBzL3Jlc2lmL2Fpb24vMjAyMGIvZXB5Yy9tb2R1bGVzL2FsbC9tcGkvT3Blbk1QSS80LjAuNS1HQ0MtMTAuMi4wLmx1YSIsCmZ1bGxOYW1lID0gIm1waS9PcGVuTVBJLzQuMC41LUdDQy0xMC4yLjAiLApsb2FkT3JkZXIgPSAxMywKcHJvcFQgPSB7fSwKc3RhY2tEZXB0aCA9IDEsCnN0YXR1cyA9ICJhY3RpdmUiLAp1c2VyTmFtZSA9ICJtcGkvT3Bl";
os.environ["_ModuleTable007_"] = "bk1QSS80LjAuNS1HQ0MtMTAuMi4wIiwKd1YgPSAiMDAwMDAwMDA0LjAwMDAwMDAwMC4wMDAwMDAwMDUuKmdjYy4qemZpbmFsLS4wMDAwMDAwMTAuMDAwMDAwMDAyLip6ZmluYWwiLAp9LApbInN5c3RlbS9od2xvYyJdID0gewpmbiA9ICIvb3B0L2FwcHMvcmVzaWYvYWlvbi8yMDIwYi9lcHljL21vZHVsZXMvYWxsL3N5c3RlbS9od2xvYy8yLjIuMC1HQ0Njb3JlLTEwLjIuMC5sdWEiLApmdWxsTmFtZSA9ICJzeXN0ZW0vaHdsb2MvMi4yLjAtR0NDY29yZS0xMC4yLjAiLApsb2FkT3JkZXIgPSAxMSwKcHJvcFQgPSB7fSwKc3RhY2tEZXB0aCA9IDIsCnN0YXR1cyA9ICJhY3RpdmUiLAp1c2VyTmFtZSA9ICJzeXN0ZW0vaHdsb2MvMi4yLjAtR0NDY29yZS0xMC4yLjAiLAp3ViA9ICIw";
os.environ["_ModuleTable008_"] = "MDAwMDAwMDIuMDAwMDAwMDAyLipnY2Njb3JlLip6ZmluYWwtLjAwMDAwMDAxMC4wMDAwMDAwMDIuKnpmaW5hbCIsCn0sClsic3lzdGVtL2xpYnBjaWFjY2VzcyJdID0gewpmbiA9ICIvb3B0L2FwcHMvcmVzaWYvYWlvbi8yMDIwYi9lcHljL21vZHVsZXMvYWxsL3N5c3RlbS9saWJwY2lhY2Nlc3MvMC4xNi1HQ0Njb3JlLTEwLjIuMC5sdWEiLApmdWxsTmFtZSA9ICJzeXN0ZW0vbGlicGNpYWNjZXNzLzAuMTYtR0NDY29yZS0xMC4yLjAiLApsb2FkT3JkZXIgPSAxMCwKcHJvcFQgPSB7fSwKc3RhY2tEZXB0aCA9IDMsCnN0YXR1cyA9ICJhY3RpdmUiLAp1c2VyTmFtZSA9ICJzeXN0ZW0vbGlicGNpYWNjZXNzLzAuMTYtR0NDY29yZS0xMC4yLjAiLAp3ViA9ICIwMDAwMDAwMDAuMDAw";
os.environ["_ModuleTable009_"] = "MDAwMDE2LipnY2Njb3JlLip6ZmluYWwtLjAwMDAwMDAxMC4wMDAwMDAwMDIuKnpmaW5hbCIsCn0sClsidG9vbGNoYWluL2dvbXBpIl0gPSB7CmZuID0gIi9vcHQvYXBwcy9yZXNpZi9haW9uLzIwMjBiL2VweWMvbW9kdWxlcy9hbGwvdG9vbGNoYWluL2dvbXBpLzIwMjBiLmx1YSIsCmZ1bGxOYW1lID0gInRvb2xjaGFpbi9nb21waS8yMDIwYiIsCmxvYWRPcmRlciA9IDE0LApwcm9wVCA9IHt9LApzdGFja0RlcHRoID0gMCwKc3RhdHVzID0gImFjdGl2ZSIsCnVzZXJOYW1lID0gInRvb2xjaGFpbi9nb21waS8yMDIwYiIsCndWID0gIjAwMDAwMjAyMC4qYi4qemZpbmFsIiwKfSwKWyJ0b29scy9FYXN5QnVpbGQiXSA9IHsKZm4gPSAiL2hvbWUvdXNlcnMvbWdoYXZhbWkvLmxvY2Fs";
os.environ["_ModuleTable010_"] = "L2Vhc3lidWlsZC9tb2R1bGVzL2FsbC90b29scy9FYXN5QnVpbGQvNS4wLjAubHVhIiwKZnVsbE5hbWUgPSAidG9vbHMvRWFzeUJ1aWxkLzUuMC4wIiwKbG9hZE9yZGVyID0gMiwKcHJvcFQgPSB7fSwKc3RhY2tEZXB0aCA9IDAsCnN0YXR1cyA9ICJhY3RpdmUiLAp1c2VyTmFtZSA9ICJ0b29scy9FYXN5QnVpbGQvNS4wLjAiLAp3ViA9ICIwMDAwMDAwMDUuKnpmaW5hbCIsCn0sClsidG9vbHMvWFoiXSA9IHsKZm4gPSAiL29wdC9hcHBzL3Jlc2lmL2Fpb24vMjAyMGIvZXB5Yy9tb2R1bGVzL2FsbC90b29scy9YWi81LjIuNS1HQ0Njb3JlLTEwLjIuMC5sdWEiLApmdWxsTmFtZSA9ICJ0b29scy9YWi81LjIuNS1HQ0Njb3JlLTEwLjIuMCIsCmxvYWRPcmRlciA9IDgsCnByb3BUID0g";
os.environ["_ModuleTable011_"] = "e30sCnN0YWNrRGVwdGggPSA0LApzdGF0dXMgPSAiYWN0aXZlIiwKdXNlck5hbWUgPSAidG9vbHMvWFovNS4yLjUtR0NDY29yZS0xMC4yLjAiLAp3ViA9ICIwMDAwMDAwMDUuMDAwMDAwMDAyLjAwMDAwMDAwNS4qZ2NjY29yZS4qemZpbmFsLS4wMDAwMDAwMTAuMDAwMDAwMDAyLip6ZmluYWwiLAp9LApbInRvb2xzL2JpbnV0aWxzIl0gPSB7CmZuID0gIi9vcHQvYXBwcy9yZXNpZi9haW9uLzIwMjBiL2VweWMvbW9kdWxlcy9hbGwvdG9vbHMvYmludXRpbHMvMi4zNS1HQ0Njb3JlLTEwLjIuMC5sdWEiLApmdWxsTmFtZSA9ICJ0b29scy9iaW51dGlscy8yLjM1LUdDQ2NvcmUtMTAuMi4wIiwKbG9hZE9yZGVyID0gNSwKcHJvcFQgPSB7fSwKc3RhY2tEZXB0aCA9IDIsCnN0YXR1cyA9";
os.environ["_ModuleTable012_"] = "ICJhY3RpdmUiLAp1c2VyTmFtZSA9ICJ0b29scy9iaW51dGlscy8yLjM1LUdDQ2NvcmUtMTAuMi4wIiwKd1YgPSAiMDAwMDAwMDAyLjAwMDAwMDAzNS4qZ2NjY29yZS4qemZpbmFsLS4wMDAwMDAwMTAuMDAwMDAwMDAyLip6ZmluYWwiLAp9LApbInRvb2xzL251bWFjdGwiXSA9IHsKZm4gPSAiL29wdC9hcHBzL3Jlc2lmL2Fpb24vMjAyMGIvZXB5Yy9tb2R1bGVzL2FsbC90b29scy9udW1hY3RsLzIuMC4xMy1HQ0Njb3JlLTEwLjIuMC5sdWEiLApmdWxsTmFtZSA9ICJ0b29scy9udW1hY3RsLzIuMC4xMy1HQ0Njb3JlLTEwLjIuMCIsCmxvYWRPcmRlciA9IDcsCnByb3BUID0ge30sCnN0YWNrRGVwdGggPSAzLApzdGF0dXMgPSAiYWN0aXZlIiwKdXNlck5hbWUgPSAidG9vbHMvbnVt";
os.environ["_ModuleTable013_"] = "YWN0bC8yLjAuMTMtR0NDY29yZS0xMC4yLjAiLAp3ViA9ICIwMDAwMDAwMDIuMDAwMDAwMDAwLjAwMDAwMDAxMy4qZ2NjY29yZS4qemZpbmFsLS4wMDAwMDAwMTAuMDAwMDAwMDAyLip6ZmluYWwiLAp9LAp9LAptcGF0aEEgPSB7CiIvdG1wL2ViLTA5enhta2Z0L3RtcDFocm0xNjF3L2FsbCIKLCAiL2hvbWUvdXNlcnMvbWdoYXZhbWkvLmxvY2FsL2Vhc3lidWlsZC9tb2R1bGVzL2FsbCIKLCAiL29wdC9hcHBzL2Vhc3lidWlsZC9lbnZpcm9ubWVudC9tb2R1bGVzIgosICIvY3ZtZnMvc29mdHdhcmUuZWVzc2kuaW8vaW5pdC9tb2R1bGVzIiwgIi9vcHQvYXBwcy9yZXNpZi9haW9uLzIwMjBiL2VweWMvbW9kdWxlcy9hbGwiLAp9LApzeXN0ZW1CYXNlTVBBVEggPSAiL29wdC9hcHBz";
os.environ["_ModuleTable014_"] = "L2Vhc3lidWlsZC9lbnZpcm9ubWVudC9tb2R1bGVzOi9jdm1mcy9zb2Z0d2FyZS5lZXNzaS5pby9pbml0L21vZHVsZXMiLAp9Cg==";
os.environ["_ModuleTable_Sz_"] = "14";
_mlstatus = True

== 2025-03-25 13:55:55,268 run.py:596 INFO Warnings and errors of '/usr/share/lmod/lmod/libexec/lmod ...' shell command (stderr only):

== 2025-03-25 13:55:55,268 run.py:601 INFO Shell command completed successfully (see output above): /usr/share/lmod/lmod/libexec/lmod python use --priority 10000 /tmp/eb-09zxmkft/tmp1hrm161w/all/
== 2025-03-25 13:55:55,269 environment.py:93 INFO Environment variable __LMOD_REF_COUNT_PATH set to /home/users/mghavami/.local/easybuild/software/EasyBuild/5.0.0/bin:1;/home/users/mghavami/.local/bin:1;/home/users/mghavami/bin:1;/usr/local/bin:1;/usr/bin:1;/usr/local/sbin:1;/usr/sbin:1;/opt/puppetlabs/bin:1;/usr/share/lmod/lmod/libexec:1 (previous value: '/opt/apps/resif/aion/2020b/epyc/software/OpenMPI/4.0.5-GCC-10.2.0/bin:1;/opt/apps/resif/aion/2020b/epyc/software/UCX/1.9.0-GCCcore-10.2.0/bin:1;/opt/apps/resif/aion/2020b/epyc/software/hwloc/2.2.0-GCCcore-10.2.0/sbin:1;/opt/apps/resif/aion/2020b/epyc/software/hwloc/2.2.0-GCCcore-10.2.0/bin:1;/opt/apps/resif/aion/2020b/epyc/software/libxml2/2.9.10-GCCcore-10.2.0/bin:1;/opt/apps/resif/aion/2020b/epyc/software/XZ/5.2.5-GCCcore-10.2.0/bin:1;/opt/apps/resif/aion/2020b/epyc/software/numactl/2.0.13-GCCcore-10.2.0/bin:1;/opt/apps/resif/aion/2020b/epyc/software/binutils/2.35-GCCcore-10.2.0/bin:1;/opt/apps/resif/aion/2020b/epyc/software/GCCcore/10.2.0/bin:1;/home/users/mghavami/.local/easybuild/software/EasyBuild/5.0.0/bin:1;/home/users/mghavami/.local/bin:1;/home/users/mghavami/bin:1;/usr/local/bin:1;/usr/bin:1;/usr/local/sbin:1;/usr/sbin:1;/opt/puppetlabs/bin:1;/usr/share/lmod/lmod/libexec:1')
== 2025-03-25 13:55:55,269 environment.py:93 INFO Environment variable _ModuleTable002_ set to ewpzdGlja3kgPSAxLAp9LAp9LApzdGFja0RlcHRoID0gMCwKc3RhdHVzID0gImFjdGl2ZSIsCnVzZXJOYW1lID0gImVudi9yZWxlYXNlL2RlZmF1bHQiLAp3ViA9ICIqZGVmYXVsdC4qemZpbmFsIiwKfSwKWyJ0b29scy9FYXN5QnVpbGQiXSA9IHsKZm4gPSAiL2hvbWUvdXNlcnMvbWdoYXZhbWkvLmxvY2FsL2Vhc3lidWlsZC9tb2R1bGVzL2FsbC90b29scy9FYXN5QnVpbGQvNS4wLjAubHVhIiwKZnVsbE5hbWUgPSAidG9vbHMvRWFzeUJ1aWxkLzUuMC4wIiwKbG9hZE9yZGVyID0gMiwKcHJvcFQgPSB7fSwKc3RhY2tEZXB0aCA9IDAsCnN0YXR1cyA9ICJhY3RpdmUiLAp1c2VyTmFtZSA9ICJ0b29scy9FYXN5QnVpbGQvNS4wLjAiLAp3ViA9ICIwMDAwMDAwMDUuKnpmaW5hbCIs (previous value: 'Lip6ZmluYWwiLAp9LApbImNvbXBpbGVyL0dDQ2NvcmUiXSA9IHsKZm4gPSAiL29wdC9hcHBzL3Jlc2lmL2Fpb24vMjAyMGIvZXB5Yy9tb2R1bGVzL2FsbC9jb21waWxlci9HQ0Njb3JlLzEwLjIuMC5sdWEiLApmdWxsTmFtZSA9ICJjb21waWxlci9HQ0Njb3JlLzEwLjIuMCIsCmxvYWRPcmRlciA9IDMsCnByb3BUID0ge30sCnN0YWNrRGVwdGggPSAyLApzdGF0dXMgPSAiYWN0aXZlIiwKdXNlck5hbWUgPSAiY29tcGlsZXIvR0NDY29yZS8xMC4yLjAiLAp3ViA9ICIwMDAwMDAwMTAuMDAwMDAwMDAyLip6ZmluYWwiLAp9LApbImVudi9yZWxlYXNlIl0gPSB7CmFjdGlvbkEgPSB7CiJhcHBlbmRfcGF0aChcIk1PRFVMRVBBVEhcIixcIi9vcHQvYXBwcy9yZXNpZi9haW9uLzIwMjBi')
== 2025-03-25 13:55:55,270 environment.py:93 INFO Environment variable __LMOD_REF_COUNT_MODULEPATH set to /home/users/mghavami/.local/easybuild/modules/all:1;/opt/apps/easybuild/environment/modules:1;/cvmfs/software.eessi.io/init/modules:1;/opt/apps/resif/aion/2020b/epyc/modules/all:1 (previous value: '/tmp/eb-09zxmkft/tmp1hrm161w/all:1;/home/users/mghavami/.local/easybuild/modules/all:1;/opt/apps/easybuild/environment/modules:1;/cvmfs/software.eessi.io/init/modules:1;/opt/apps/resif/aion/2020b/epyc/modules/all:1')
== 2025-03-25 13:55:55,270 environment.py:93 INFO Environment variable CMAKE_PREFIX_PATH set to /home/users/mghavami/.local/easybuild/software/EasyBuild/5.0.0 (previous value: '/opt/apps/resif/aion/2020b/epyc/software/OpenMPI/4.0.5-GCC-10.2.0:/opt/apps/resif/aion/2020b/epyc/software/UCX/1.9.0-GCCcore-10.2.0:/opt/apps/resif/aion/2020b/epyc/software/hwloc/2.2.0-GCCcore-10.2.0:/opt/apps/resif/aion/2020b/epyc/software/libpciaccess/0.16-GCCcore-10.2.0:/opt/apps/resif/aion/2020b/epyc/software/libxml2/2.9.10-GCCcore-10.2.0:/opt/apps/resif/aion/2020b/epyc/software/XZ/5.2.5-GCCcore-10.2.0:/opt/apps/resif/aion/2020b/epyc/software/numactl/2.0.13-GCCcore-10.2.0:/opt/apps/resif/aion/2020b/epyc/software/binutils/2.35-GCCcore-10.2.0:/opt/apps/resif/aion/2020b/epyc/software/zlib/1.2.11-GCCcore-10.2.0:/opt/apps/resif/aion/2020b/epyc/software/GCCcore/10.2.0:/home/users/mghavami/.local/easybuild/software/EasyBuild/5.0.0')
== 2025-03-25 13:55:55,270 environment.py:93 INFO Environment variable __LMOD_REF_COUNT_CMAKE_PREFIX_PATH set to /home/users/mghavami/.local/easybuild/software/EasyBuild/5.0.0:1 (previous value: '/opt/apps/resif/aion/2020b/epyc/software/OpenMPI/4.0.5-GCC-10.2.0:1;/opt/apps/resif/aion/2020b/epyc/software/UCX/1.9.0-GCCcore-10.2.0:1;/opt/apps/resif/aion/2020b/epyc/software/hwloc/2.2.0-GCCcore-10.2.0:1;/opt/apps/resif/aion/2020b/epyc/software/libpciaccess/0.16-GCCcore-10.2.0:1;/opt/apps/resif/aion/2020b/epyc/software/libxml2/2.9.10-GCCcore-10.2.0:1;/opt/apps/resif/aion/2020b/epyc/software/XZ/5.2.5-GCCcore-10.2.0:1;/opt/apps/resif/aion/2020b/epyc/software/numactl/2.0.13-GCCcore-10.2.0:1;/opt/apps/resif/aion/2020b/epyc/software/binutils/2.35-GCCcore-10.2.0:1;/opt/apps/resif/aion/2020b/epyc/software/zlib/1.2.11-GCCcore-10.2.0:1;/opt/apps/resif/aion/2020b/epyc/software/GCCcore/10.2.0:1;/home/users/mghavami/.local/easybuild/software/EasyBuild/5.0.0:1')
== 2025-03-25 13:55:55,270 environment.py:93 INFO Environment variable _ModuleTable001_ set to X01vZHVsZVRhYmxlXyA9IHsKTVR2ZXJzaW9uID0gMywKY19yZWJ1aWxkVGltZSA9IGZhbHNlLApjX3Nob3J0VGltZSA9IGZhbHNlLApkZXB0aFQgPSB7fSwKZmFtaWx5ID0gewplbnYgPSAiZW52L3JlbGVhc2UiLAp9LAptVCA9IHsKWyJlbnYvcmVsZWFzZSJdID0gewphY3Rpb25BID0gewoiYXBwZW5kX3BhdGgoXCJNT0RVTEVQQVRIXCIsXCIvb3B0L2FwcHMvcmVzaWYvYWlvbi8yMDIwYi9lcHljL21vZHVsZXMvYWxsXCIpIiwKfSwKZm4gPSAiL29wdC9hcHBzL2Vhc3lidWlsZC9lbnZpcm9ubWVudC9tb2R1bGVzL2Vudi9yZWxlYXNlL2RlZmF1bHQubHVhIiwKZnVsbE5hbWUgPSAiZW52L3JlbGVhc2UvZGVmYXVsdCIsCmxvYWRPcmRlciA9IDEsCnByb3BUID0gewpsbW9kID0g (previous value: 'X01vZHVsZVRhYmxlXyA9IHsKTVR2ZXJzaW9uID0gMywKY19yZWJ1aWxkVGltZSA9IGZhbHNlLApjX3Nob3J0VGltZSA9IGZhbHNlLApkZXB0aFQgPSB7fSwKZmFtaWx5ID0gewplbnYgPSAiZW52L3JlbGVhc2UiLAp9LAptVCA9IHsKWyJjb21waWxlci9HQ0MiXSA9IHsKZm4gPSAiL29wdC9hcHBzL3Jlc2lmL2Fpb24vMjAyMGIvZXB5Yy9tb2R1bGVzL2FsbC9jb21waWxlci9HQ0MvMTAuMi4wLmx1YSIsCmZ1bGxOYW1lID0gImNvbXBpbGVyL0dDQy8xMC4yLjAiLApsb2FkT3JkZXIgPSA2LApwcm9wVCA9IHt9LApzdGFja0RlcHRoID0gMSwKc3RhdHVzID0gImFjdGl2ZSIsCnVzZXJOYW1lID0gImNvbXBpbGVyL0dDQy8xMC4yLjAiLAp3ViA9ICIwMDAwMDAwMTAuMDAwMDAwMDAy')
== 2025-03-25 13:55:55,270 environment.py:93 INFO Environment variable LOADEDMODULES set to env/release/default:tools/EasyBuild/5.0.0 (previous value: 'env/release/default:tools/EasyBuild/5.0.0:compiler/GCCcore/10.2.0:lib/zlib/1.2.11-GCCcore-10.2.0:tools/binutils/2.35-GCCcore-10.2.0:compiler/GCC/10.2.0:tools/numactl/2.0.13-GCCcore-10.2.0:tools/XZ/5.2.5-GCCcore-10.2.0:lib/libxml2/2.9.10-GCCcore-10.2.0:system/libpciaccess/0.16-GCCcore-10.2.0:system/hwloc/2.2.0-GCCcore-10.2.0:lib/UCX/1.9.0-GCCcore-10.2.0:mpi/OpenMPI/4.0.5-GCC-10.2.0:toolchain/gompi/2020b')
== 2025-03-25 13:55:55,270 environment.py:93 INFO Environment variable _ModuleTable003_ set to Cn0sCn0sCm1wYXRoQSA9IHsKIi9ob21lL3VzZXJzL21naGF2YW1pLy5sb2NhbC9lYXN5YnVpbGQvbW9kdWxlcy9hbGwiCiwgIi9vcHQvYXBwcy9lYXN5YnVpbGQvZW52aXJvbm1lbnQvbW9kdWxlcyIKLCAiL2N2bWZzL3NvZnR3YXJlLmVlc3NpLmlvL2luaXQvbW9kdWxlcyIsICIvb3B0L2FwcHMvcmVzaWYvYWlvbi8yMDIwYi9lcHljL21vZHVsZXMvYWxsIiwKfSwKc3lzdGVtQmFzZU1QQVRIID0gIi9vcHQvYXBwcy9lYXN5YnVpbGQvZW52aXJvbm1lbnQvbW9kdWxlczovY3ZtZnMvc29mdHdhcmUuZWVzc2kuaW8vaW5pdC9tb2R1bGVzIiwKfQo= (previous value: 'L2VweWMvbW9kdWxlcy9hbGxcIikiLAp9LApmbiA9ICIvb3B0L2FwcHMvZWFzeWJ1aWxkL2Vudmlyb25tZW50L21vZHVsZXMvZW52L3JlbGVhc2UvZGVmYXVsdC5sdWEiLApmdWxsTmFtZSA9ICJlbnYvcmVsZWFzZS9kZWZhdWx0IiwKbG9hZE9yZGVyID0gMSwKcHJvcFQgPSB7Cmxtb2QgPSB7CnN0aWNreSA9IDEsCn0sCn0sCnN0YWNrRGVwdGggPSAwLApzdGF0dXMgPSAiYWN0aXZlIiwKdXNlck5hbWUgPSAiZW52L3JlbGVhc2UvZGVmYXVsdCIsCndWID0gIipkZWZhdWx0Lip6ZmluYWwiLAp9LApbImxpYi9VQ1giXSA9IHsKZm4gPSAiL29wdC9hcHBzL3Jlc2lmL2Fpb24vMjAyMGIvZXB5Yy9tb2R1bGVzL2FsbC9saWIvVUNYLzEuOS4wLUdDQ2NvcmUtMTAuMi4wLmx1YSIsCmZ1')
== 2025-03-25 13:55:55,270 environment.py:93 INFO Environment variable _ModuleTable_Sz_ set to 3 (previous value: '14')
== 2025-03-25 13:55:55,270 environment.py:93 INFO Environment variable MANPATH set to /usr/share/lmod/lmod/share/man::/opt/puppetlabs/puppet/share/man (previous value: '/opt/apps/resif/aion/2020b/epyc/software/OpenMPI/4.0.5-GCC-10.2.0/share/man:/opt/apps/resif/aion/2020b/epyc/software/hwloc/2.2.0-GCCcore-10.2.0/share/man:/opt/apps/resif/aion/2020b/epyc/software/libxml2/2.9.10-GCCcore-10.2.0/share/man:/opt/apps/resif/aion/2020b/epyc/software/XZ/5.2.5-GCCcore-10.2.0/share/man:/opt/apps/resif/aion/2020b/epyc/software/numactl/2.0.13-GCCcore-10.2.0/share/man:/opt/apps/resif/aion/2020b/epyc/software/binutils/2.35-GCCcore-10.2.0/share/man:/opt/apps/resif/aion/2020b/epyc/software/zlib/1.2.11-GCCcore-10.2.0/share/man:/opt/apps/resif/aion/2020b/epyc/software/GCCcore/10.2.0/share/man:/usr/share/lmod/lmod/share/man::/opt/puppetlabs/puppet/share/man')
== 2025-03-25 13:55:55,270 environment.py:93 INFO Environment variable MODULEPATH set to /home/users/mghavami/.local/easybuild/modules/all:/opt/apps/easybuild/environment/modules:/cvmfs/software.eessi.io/init/modules:/opt/apps/resif/aion/2020b/epyc/modules/all (previous value: '/tmp/eb-09zxmkft/tmp1hrm161w/all:/home/users/mghavami/.local/easybuild/modules/all:/opt/apps/easybuild/environment/modules:/cvmfs/software.eessi.io/init/modules:/opt/apps/resif/aion/2020b/epyc/modules/all')
== 2025-03-25 13:55:55,270 environment.py:93 INFO Environment variable PATH set to /home/users/mghavami/.local/easybuild/software/EasyBuild/5.0.0/bin:/home/users/mghavami/.local/bin:/home/users/mghavami/bin:/usr/local/bin:/usr/bin:/usr/local/sbin:/usr/sbin:/opt/puppetlabs/bin:/usr/share/lmod/lmod/libexec (previous value: '/tmp/eb-09zxmkft/tmp2l12z53e/rpath_wrappers/ld.bfd_wrapper:/tmp/eb-09zxmkft/tmp2l12z53e/rpath_wrappers/ld.gold_wrapper:/tmp/eb-09zxmkft/tmp2l12z53e/rpath_wrappers/ld_wrapper:/tmp/eb-09zxmkft/tmp2l12z53e/rpath_wrappers/gfortran_wrapper:/tmp/eb-09zxmkft/tmp2l12z53e/rpath_wrappers/gxx_wrapper:/tmp/eb-09zxmkft/tmp2l12z53e/rpath_wrappers/gcc_wrapper:/opt/apps/resif/aion/2020b/epyc/software/OpenMPI/4.0.5-GCC-10.2.0/bin:/opt/apps/resif/aion/2020b/epyc/software/UCX/1.9.0-GCCcore-10.2.0/bin:/opt/apps/resif/aion/2020b/epyc/software/hwloc/2.2.0-GCCcore-10.2.0/sbin:/opt/apps/resif/aion/2020b/epyc/software/hwloc/2.2.0-GCCcore-10.2.0/bin:/opt/apps/resif/aion/2020b/epyc/software/libxml2/2.9.10-GCCcore-10.2.0/bin:/opt/apps/resif/aion/2020b/epyc/software/XZ/5.2.5-GCCcore-10.2.0/bin:/opt/apps/resif/aion/2020b/epyc/software/numactl/2.0.13-GCCcore-10.2.0/bin:/opt/apps/resif/aion/2020b/epyc/software/binutils/2.35-GCCcore-10.2.0/bin:/opt/apps/resif/aion/2020b/epyc/software/GCCcore/10.2.0/bin:/home/users/mghavami/.local/easybuild/software/EasyBuild/5.0.0/bin:/home/users/mghavami/.local/bin:/home/users/mghavami/bin:/usr/local/bin:/usr/bin:/usr/local/sbin:/usr/sbin:/opt/puppetlabs/bin:/usr/share/lmod/lmod/libexec')
== 2025-03-25 13:55:55,271 environment.py:93 INFO Environment variable _LMFILES_ set to /opt/apps/easybuild/environment/modules/env/release/default.lua:/home/users/mghavami/.local/easybuild/modules/all/tools/EasyBuild/5.0.0.lua (previous value: '/opt/apps/easybuild/environment/modules/env/release/default.lua:/home/users/mghavami/.local/easybuild/modules/all/tools/EasyBuild/5.0.0.lua:/opt/apps/resif/aion/2020b/epyc/modules/all/compiler/GCCcore/10.2.0.lua:/opt/apps/resif/aion/2020b/epyc/modules/all/lib/zlib/1.2.11-GCCcore-10.2.0.lua:/opt/apps/resif/aion/2020b/epyc/modules/all/tools/binutils/2.35-GCCcore-10.2.0.lua:/opt/apps/resif/aion/2020b/epyc/modules/all/compiler/GCC/10.2.0.lua:/opt/apps/resif/aion/2020b/epyc/modules/all/tools/numactl/2.0.13-GCCcore-10.2.0.lua:/opt/apps/resif/aion/2020b/epyc/modules/all/tools/XZ/5.2.5-GCCcore-10.2.0.lua:/opt/apps/resif/aion/2020b/epyc/modules/all/lib/libxml2/2.9.10-GCCcore-10.2.0.lua:/opt/apps/resif/aion/2020b/epyc/modules/all/system/libpciaccess/0.16-GCCcore-10.2.0.lua:/opt/apps/resif/aion/2020b/epyc/modules/all/system/hwloc/2.2.0-GCCcore-10.2.0.lua:/opt/apps/resif/aion/2020b/epyc/modules/all/lib/UCX/1.9.0-GCCcore-10.2.0.lua:/opt/apps/resif/aion/2020b/epyc/modules/all/mpi/OpenMPI/4.0.5-GCC-10.2.0.lua:/opt/apps/resif/aion/2020b/epyc/modules/all/toolchain/gompi/2020b.lua')
== 2025-03-25 13:55:55,272 modules.py:821 INFO $MODULEPATH set via list of module paths (w/ 'module use'): /tmp/eb-09zxmkft/tmp1hrm161w/all:/home/users/mghavami/.local/easybuild/modules/all:/opt/apps/easybuild/environment/modules:/cvmfs/software.eessi.io/init/modules:/opt/apps/resif/aion/2020b/epyc/modules/all
== 2025-03-25 13:55:55,272 run.py:500 INFO Running shell command '/usr/share/lmod/lmod/libexec/lmod python --terse list' in /mnt/aiongpfs/users/mghavami/y2425-w04-software-installation-on-hpc-AminGhavami/omb
== 2025-03-25 13:55:55,317 run.py:595 INFO Output of '/usr/share/lmod/lmod/libexec/lmod ...' shell command (stdout only):
import os
os.environ["__LMOD_REF_COUNT_MODULEPATH"] = "/tmp/eb-09zxmkft/tmp1hrm161w/all:1;/home/users/mghavami/.local/easybuild/modules/all:1;/opt/apps/easybuild/environment/modules:1;/cvmfs/software.eessi.io/init/modules:1;/opt/apps/resif/aion/2020b/epyc/modules/all:1";
os.environ["MODULEPATH"] = "/tmp/eb-09zxmkft/tmp1hrm161w/all:/home/users/mghavami/.local/easybuild/modules/all:/opt/apps/easybuild/environment/modules:/cvmfs/software.eessi.io/init/modules:/opt/apps/resif/aion/2020b/epyc/modules/all";
os.environ["_ModuleTable001_"] = "X01vZHVsZVRhYmxlXyA9IHsKTVR2ZXJzaW9uID0gMywKY19yZWJ1aWxkVGltZSA9IGZhbHNlLApjX3Nob3J0VGltZSA9IGZhbHNlLApkZXB0aFQgPSB7fSwKZmFtaWx5ID0gewplbnYgPSAiZW52L3JlbGVhc2UiLAp9LAptVCA9IHsKWyJlbnYvcmVsZWFzZSJdID0gewphY3Rpb25BID0gewoiYXBwZW5kX3BhdGgoXCJNT0RVTEVQQVRIXCIsXCIvb3B0L2FwcHMvcmVzaWYvYWlvbi8yMDIwYi9lcHljL21vZHVsZXMvYWxsXCIpIiwKfSwKZm4gPSAiL29wdC9hcHBzL2Vhc3lidWlsZC9lbnZpcm9ubWVudC9tb2R1bGVzL2Vudi9yZWxlYXNlL2RlZmF1bHQubHVhIiwKZnVsbE5hbWUgPSAiZW52L3JlbGVhc2UvZGVmYXVsdCIsCmxvYWRPcmRlciA9IDEsCnByb3BUID0gewpsbW9kID0g";
os.environ["_ModuleTable002_"] = "ewpzdGlja3kgPSAxLAp9LAp9LApzdGFja0RlcHRoID0gMCwKc3RhdHVzID0gImFjdGl2ZSIsCnVzZXJOYW1lID0gImVudi9yZWxlYXNlL2RlZmF1bHQiLAp3ViA9ICIqZGVmYXVsdC4qemZpbmFsIiwKfSwKWyJ0b29scy9FYXN5QnVpbGQiXSA9IHsKZm4gPSAiL2hvbWUvdXNlcnMvbWdoYXZhbWkvLmxvY2FsL2Vhc3lidWlsZC9tb2R1bGVzL2FsbC90b29scy9FYXN5QnVpbGQvNS4wLjAubHVhIiwKZnVsbE5hbWUgPSAidG9vbHMvRWFzeUJ1aWxkLzUuMC4wIiwKbG9hZE9yZGVyID0gMiwKcHJvcFQgPSB7fSwKc3RhY2tEZXB0aCA9IDAsCnN0YXR1cyA9ICJhY3RpdmUiLAp1c2VyTmFtZSA9ICJ0b29scy9FYXN5QnVpbGQvNS4wLjAiLAp3ViA9ICIwMDAwMDAwMDUuKnpmaW5hbCIs";
os.environ["_ModuleTable003_"] = "Cn0sCn0sCm1wYXRoQSA9IHsKIi90bXAvZWItMDl6eG1rZnQvdG1wMWhybTE2MXcvYWxsIgosICIvaG9tZS91c2Vycy9tZ2hhdmFtaS8ubG9jYWwvZWFzeWJ1aWxkL21vZHVsZXMvYWxsIgosICIvb3B0L2FwcHMvZWFzeWJ1aWxkL2Vudmlyb25tZW50L21vZHVsZXMiCiwgIi9jdm1mcy9zb2Z0d2FyZS5lZXNzaS5pby9pbml0L21vZHVsZXMiLCAiL29wdC9hcHBzL3Jlc2lmL2Fpb24vMjAyMGIvZXB5Yy9tb2R1bGVzL2FsbCIsCn0sCnN5c3RlbUJhc2VNUEFUSCA9ICIvb3B0L2FwcHMvZWFzeWJ1aWxkL2Vudmlyb25tZW50L21vZHVsZXM6L2N2bWZzL3NvZnR3YXJlLmVlc3NpLmlvL2luaXQvbW9kdWxlcyIsCn0K";
os.environ["_ModuleTable_Sz_"] = "3";
_mlstatus = True

== 2025-03-25 13:55:55,317 run.py:596 INFO Warnings and errors of '/usr/share/lmod/lmod/libexec/lmod ...' shell command (stderr only):
env/release/default
tools/EasyBuild/5.0.0

== 2025-03-25 13:55:55,318 run.py:601 INFO Shell command completed successfully (see output above): /usr/share/lmod/lmod/libexec/lmod python --terse list
== 2025-03-25 13:55:55,318 run.py:500 INFO Running shell command '/usr/share/lmod/lmod/libexec/lmod python load perf/OSU-Micro-Benchmarks/7.5-gompi-2020b' in /mnt/aiongpfs/users/mghavami/y2425-w04-software-installation-on-hpc-AminGhavami/omb
== 2025-03-25 13:55:55,518 run.py:595 INFO Output of '/usr/share/lmod/lmod/libexec/lmod ...' shell command (stdout only):
import os
os.environ["__LMOD_REF_COUNT_ACLOCAL_PATH"] = "/home/users/mghavami/.local/easybuild/software/OSU-Micro-Benchmarks/7.5-gompi-2020b/share/aclocal:1;/opt/apps/resif/aion/2020b/epyc/software/libxml2/2.9.10-GCCcore-10.2.0/share/aclocal:1";
os.environ["ACLOCAL_PATH"] = "/home/users/mghavami/.local/easybuild/software/OSU-Micro-Benchmarks/7.5-gompi-2020b/share/aclocal:/opt/apps/resif/aion/2020b/epyc/software/libxml2/2.9.10-GCCcore-10.2.0/share/aclocal";
os.environ["__LMOD_REF_COUNT_CLASSPATH"] = "/home/users/mghavami/.local/easybuild/software/OSU-Micro-Benchmarks/7.5-gompi-2020b/*.jar:1";
os.environ["CLASSPATH"] = "/home/users/mghavami/.local/easybuild/software/OSU-Micro-Benchmarks/7.5-gompi-2020b/*.jar";
os.environ["__LMOD_REF_COUNT_CMAKE_LIBRARY_PATH"] = "/home/users/mghavami/.local/easybuild/software/OSU-Micro-Benchmarks/7.5-gompi-2020b/lib64:1;/opt/apps/resif/aion/2020b/epyc/software/GCCcore/10.2.0/lib64:1";
os.environ["CMAKE_LIBRARY_PATH"] = "/home/users/mghavami/.local/easybuild/software/OSU-Micro-Benchmarks/7.5-gompi-2020b/lib64:/opt/apps/resif/aion/2020b/epyc/software/GCCcore/10.2.0/lib64";
os.environ["__LMOD_REF_COUNT_CMAKE_PREFIX_PATH"] = "/home/users/mghavami/.local/easybuild/software/OSU-Micro-Benchmarks/7.5-gompi-2020b:1;/opt/apps/resif/aion/2020b/epyc/software/OpenMPI/4.0.5-GCC-10.2.0:1;/opt/apps/resif/aion/2020b/epyc/software/UCX/1.9.0-GCCcore-10.2.0:1;/opt/apps/resif/aion/2020b/epyc/software/hwloc/2.2.0-GCCcore-10.2.0:1;/opt/apps/resif/aion/2020b/epyc/software/libpciaccess/0.16-GCCcore-10.2.0:1;/opt/apps/resif/aion/2020b/epyc/software/libxml2/2.9.10-GCCcore-10.2.0:1;/opt/apps/resif/aion/2020b/epyc/software/XZ/5.2.5-GCCcore-10.2.0:1;/opt/apps/resif/aion/2020b/epyc/software/numactl/2.0.13-GCCcore-10.2.0:1;/opt/apps/resif/aion/2020b/epyc/software/binutils/2.35-GCCcore-10.2.0:1;/opt/apps/resif/aion/2020b/epyc/software/zlib/1.2.11-GCCcore-10.2.0:1;/opt/apps/resif/aion/2020b/epyc/software/GCCcore/10.2.0:1;/home/users/mghavami/.local/easybuild/software/EasyBuild/5.0.0:1";
os.environ["CMAKE_PREFIX_PATH"] = "/home/users/mghavami/.local/easybuild/software/OSU-Micro-Benchmarks/7.5-gompi-2020b:/opt/apps/resif/aion/2020b/epyc/software/OpenMPI/4.0.5-GCC-10.2.0:/opt/apps/resif/aion/2020b/epyc/software/UCX/1.9.0-GCCcore-10.2.0:/opt/apps/resif/aion/2020b/epyc/software/hwloc/2.2.0-GCCcore-10.2.0:/opt/apps/resif/aion/2020b/epyc/software/libpciaccess/0.16-GCCcore-10.2.0:/opt/apps/resif/aion/2020b/epyc/software/libxml2/2.9.10-GCCcore-10.2.0:/opt/apps/resif/aion/2020b/epyc/software/XZ/5.2.5-GCCcore-10.2.0:/opt/apps/resif/aion/2020b/epyc/software/numactl/2.0.13-GCCcore-10.2.0:/opt/apps/resif/aion/2020b/epyc/software/binutils/2.35-GCCcore-10.2.0:/opt/apps/resif/aion/2020b/epyc/software/zlib/1.2.11-GCCcore-10.2.0:/opt/apps/resif/aion/2020b/epyc/software/GCCcore/10.2.0:/home/users/mghavami/.local/easybuild/software/EasyBuild/5.0.0";
os.environ["__LMOD_REF_COUNT_CPATH"] = "/home/users/mghavami/.local/easybuild/software/OSU-Micro-Benchmarks/7.5-gompi-2020b/include:1;/opt/apps/resif/aion/2020b/epyc/software/OpenMPI/4.0.5-GCC-10.2.0/include:1;/opt/apps/resif/aion/2020b/epyc/software/UCX/1.9.0-GCCcore-10.2.0/include:1;/opt/apps/resif/aion/2020b/epyc/software/hwloc/2.2.0-GCCcore-10.2.0/include:1;/opt/apps/resif/aion/2020b/epyc/software/libpciaccess/0.16-GCCcore-10.2.0/include:1;/opt/apps/resif/aion/2020b/epyc/software/libxml2/2.9.10-GCCcore-10.2.0/include/libxml2:1;/opt/apps/resif/aion/2020b/epyc/software/libxml2/2.9.10-GCCcore-10.2.0/include:1;/opt/apps/resif/aion/2020b/epyc/software/XZ/5.2.5-GCCcore-10.2.0/include:1;/opt/apps/resif/aion/2020b/epyc/software/numactl/2.0.13-GCCcore-10.2.0/include:1;/opt/apps/resif/aion/2020b/epyc/software/binutils/2.35-GCCcore-10.2.0/include:1;/opt/apps/resif/aion/2020b/epyc/software/zlib/1.2.11-GCCcore-10.2.0/include:1";
os.environ["CPATH"] = "/home/users/mghavami/.local/easybuild/software/OSU-Micro-Benchmarks/7.5-gompi-2020b/include:/opt/apps/resif/aion/2020b/epyc/software/OpenMPI/4.0.5-GCC-10.2.0/include:/opt/apps/resif/aion/2020b/epyc/software/UCX/1.9.0-GCCcore-10.2.0/include:/opt/apps/resif/aion/2020b/epyc/software/hwloc/2.2.0-GCCcore-10.2.0/include:/opt/apps/resif/aion/2020b/epyc/software/libpciaccess/0.16-GCCcore-10.2.0/include:/opt/apps/resif/aion/2020b/epyc/software/libxml2/2.9.10-GCCcore-10.2.0/include/libxml2:/opt/apps/resif/aion/2020b/epyc/software/libxml2/2.9.10-GCCcore-10.2.0/include:/opt/apps/resif/aion/2020b/epyc/software/XZ/5.2.5-GCCcore-10.2.0/include:/opt/apps/resif/aion/2020b/epyc/software/numactl/2.0.13-GCCcore-10.2.0/include:/opt/apps/resif/aion/2020b/epyc/software/binutils/2.35-GCCcore-10.2.0/include:/opt/apps/resif/aion/2020b/epyc/software/zlib/1.2.11-GCCcore-10.2.0/include";
os.environ["EBDEVELBINUTILS"] = "/opt/apps/resif/aion/2020b/epyc/software/binutils/2.35-GCCcore-10.2.0/easybuild/tools-binutils-2.35-GCCcore-10.2.0-easybuild-devel";
os.environ["EBDEVELGCC"] = "/opt/apps/resif/aion/2020b/epyc/software/GCC/10.2.0/easybuild/compiler-GCC-10.2.0-easybuild-devel";
os.environ["EBDEVELGCCCORE"] = "/opt/apps/resif/aion/2020b/epyc/software/GCCcore/10.2.0/easybuild/compiler-GCCcore-10.2.0-easybuild-devel";
os.environ["EBDEVELGOMPI"] = "/opt/apps/resif/aion/2020b/epyc/software/gompi/2020b/easybuild/toolchain-gompi-2020b-easybuild-devel";
os.environ["EBDEVELHWLOC"] = "/opt/apps/resif/aion/2020b/epyc/software/hwloc/2.2.0-GCCcore-10.2.0/easybuild/system-hwloc-2.2.0-GCCcore-10.2.0-easybuild-devel";
os.environ["EBDEVELLIBPCIACCESS"] = "/opt/apps/resif/aion/2020b/epyc/software/libpciaccess/0.16-GCCcore-10.2.0/easybuild/system-libpciaccess-0.16-GCCcore-10.2.0-easybuild-devel";
os.environ["EBDEVELLIBXML2"] = "/opt/apps/resif/aion/2020b/epyc/software/libxml2/2.9.10-GCCcore-10.2.0/easybuild/lib-libxml2-2.9.10-GCCcore-10.2.0-easybuild-devel";
os.environ["EBDEVELNUMACTL"] = "/opt/apps/resif/aion/2020b/epyc/software/numactl/2.0.13-GCCcore-10.2.0/easybuild/tools-numactl-2.0.13-GCCcore-10.2.0-easybuild-devel";
os.environ["EBDEVELOPENMPI"] = "/opt/apps/resif/aion/2020b/epyc/software/OpenMPI/4.0.5-GCC-10.2.0/easybuild/mpi-OpenMPI-4.0.5-GCC-10.2.0-easybuild-devel";
os.environ["EBDEVELOSUMINMICROMINBENCHMARKS"] = "/home/users/mghavami/.local/easybuild/software/OSU-Micro-Benchmarks/7.5-gompi-2020b/easybuild/perf-OSU-Micro-Benchmarks-7.5-gompi-2020b-easybuild-devel";
os.environ["EBDEVELUCX"] = "/opt/apps/resif/aion/2020b/epyc/software/UCX/1.9.0-GCCcore-10.2.0/easybuild/lib-UCX-1.9.0-GCCcore-10.2.0-easybuild-devel";
os.environ["EBDEVELXZ"] = "/opt/apps/resif/aion/2020b/epyc/software/XZ/5.2.5-GCCcore-10.2.0/easybuild/tools-XZ-5.2.5-GCCcore-10.2.0-easybuild-devel";
os.environ["EBDEVELZLIB"] = "/opt/apps/resif/aion/2020b/epyc/software/zlib/1.2.11-GCCcore-10.2.0/easybuild/lib-zlib-1.2.11-GCCcore-10.2.0-easybuild-devel";
os.environ["EBROOTBINUTILS"] = "/opt/apps/resif/aion/2020b/epyc/software/binutils/2.35-GCCcore-10.2.0";
os.environ["EBROOTGCC"] = "/opt/apps/resif/aion/2020b/epyc/software/GCCcore/10.2.0";
os.environ["EBROOTGCCCORE"] = "/opt/apps/resif/aion/2020b/epyc/software/GCCcore/10.2.0";
os.environ["EBROOTGOMPI"] = "/opt/apps/resif/aion/2020b/epyc/software/gompi/2020b";
os.environ["EBROOTHWLOC"] = "/opt/apps/resif/aion/2020b/epyc/software/hwloc/2.2.0-GCCcore-10.2.0";
os.environ["EBROOTLIBPCIACCESS"] = "/opt/apps/resif/aion/2020b/epyc/software/libpciaccess/0.16-GCCcore-10.2.0";
os.environ["EBROOTLIBXML2"] = "/opt/apps/resif/aion/2020b/epyc/software/libxml2/2.9.10-GCCcore-10.2.0";
os.environ["EBROOTNUMACTL"] = "/opt/apps/resif/aion/2020b/epyc/software/numactl/2.0.13-GCCcore-10.2.0";
os.environ["EBROOTOPENMPI"] = "/opt/apps/resif/aion/2020b/epyc/software/OpenMPI/4.0.5-GCC-10.2.0";
os.environ["EBROOTOSUMINMICROMINBENCHMARKS"] = "/home/users/mghavami/.local/easybuild/software/OSU-Micro-Benchmarks/7.5-gompi-2020b";
os.environ["EBROOTUCX"] = "/opt/apps/resif/aion/2020b/epyc/software/UCX/1.9.0-GCCcore-10.2.0";
os.environ["EBROOTXZ"] = "/opt/apps/resif/aion/2020b/epyc/software/XZ/5.2.5-GCCcore-10.2.0";
os.environ["EBROOTZLIB"] = "/opt/apps/resif/aion/2020b/epyc/software/zlib/1.2.11-GCCcore-10.2.0";
os.environ["EBVERSIONBINUTILS"] = "2.35";
os.environ["EBVERSIONGCC"] = "10.2.0";
os.environ["EBVERSIONGCCCORE"] = "10.2.0";
os.environ["EBVERSIONGOMPI"] = "2020b";
os.environ["EBVERSIONHWLOC"] = "2.2.0";
os.environ["EBVERSIONLIBPCIACCESS"] = "0.16";
os.environ["EBVERSIONLIBXML2"] = "2.9.10";
os.environ["EBVERSIONNUMACTL"] = "2.0.13";
os.environ["EBVERSIONOPENMPI"] = "4.0.5";
os.environ["EBVERSIONOSUMINMICROMINBENCHMARKS"] = "7.5";
os.environ["EBVERSIONUCX"] = "1.9.0";
os.environ["EBVERSIONXZ"] = "5.2.5";
os.environ["EBVERSIONZLIB"] = "1.2.11";
os.environ["__LMOD_REF_COUNT_GI_TYPELIB_PATH"] = "/home/users/mghavami/.local/easybuild/software/OSU-Micro-Benchmarks/7.5-gompi-2020b/lib64/girepository-*:1;/home/users/mghavami/.local/easybuild/software/OSU-Micro-Benchmarks/7.5-gompi-2020b/lib/girepository-*:1";
os.environ["GI_TYPELIB_PATH"] = "/home/users/mghavami/.local/easybuild/software/OSU-Micro-Benchmarks/7.5-gompi-2020b/lib64/girepository-*:/home/users/mghavami/.local/easybuild/software/OSU-Micro-Benchmarks/7.5-gompi-2020b/lib/girepository-*";
os.environ["__LMOD_REF_COUNT_LD_LIBRARY_PATH"] = "/home/users/mghavami/.local/easybuild/software/OSU-Micro-Benchmarks/7.5-gompi-2020b/lib64:1;/home/users/mghavami/.local/easybuild/software/OSU-Micro-Benchmarks/7.5-gompi-2020b/lib:1;/opt/apps/resif/aion/2020b/epyc/software/OpenMPI/4.0.5-GCC-10.2.0/lib:1;/opt/apps/resif/aion/2020b/epyc/software/UCX/1.9.0-GCCcore-10.2.0/lib:1;/opt/apps/resif/aion/2020b/epyc/software/hwloc/2.2.0-GCCcore-10.2.0/lib:1;/opt/apps/resif/aion/2020b/epyc/software/libpciaccess/0.16-GCCcore-10.2.0/lib:1;/opt/apps/resif/aion/2020b/epyc/software/libxml2/2.9.10-GCCcore-10.2.0/lib:1;/opt/apps/resif/aion/2020b/epyc/software/XZ/5.2.5-GCCcore-10.2.0/lib:1;/opt/apps/resif/aion/2020b/epyc/software/numactl/2.0.13-GCCcore-10.2.0/lib:1;/opt/apps/resif/aion/2020b/epyc/software/binutils/2.35-GCCcore-10.2.0/lib:1;/opt/apps/resif/aion/2020b/epyc/software/zlib/1.2.11-GCCcore-10.2.0/lib:1;/opt/apps/resif/aion/2020b/epyc/software/GCCcore/10.2.0/lib64:1;/opt/apps/resif/aion/2020b/epyc/software/GCCcore/10.2.0/lib:1";
os.environ["LD_LIBRARY_PATH"] = "/home/users/mghavami/.local/easybuild/software/OSU-Micro-Benchmarks/7.5-gompi-2020b/lib64:/home/users/mghavami/.local/easybuild/software/OSU-Micro-Benchmarks/7.5-gompi-2020b/lib:/opt/apps/resif/aion/2020b/epyc/software/OpenMPI/4.0.5-GCC-10.2.0/lib:/opt/apps/resif/aion/2020b/epyc/software/UCX/1.9.0-GCCcore-10.2.0/lib:/opt/apps/resif/aion/2020b/epyc/software/hwloc/2.2.0-GCCcore-10.2.0/lib:/opt/apps/resif/aion/2020b/epyc/software/libpciaccess/0.16-GCCcore-10.2.0/lib:/opt/apps/resif/aion/2020b/epyc/software/libxml2/2.9.10-GCCcore-10.2.0/lib:/opt/apps/resif/aion/2020b/epyc/software/XZ/5.2.5-GCCcore-10.2.0/lib:/opt/apps/resif/aion/2020b/epyc/software/numactl/2.0.13-GCCcore-10.2.0/lib:/opt/apps/resif/aion/2020b/epyc/software/binutils/2.35-GCCcore-10.2.0/lib:/opt/apps/resif/aion/2020b/epyc/software/zlib/1.2.11-GCCcore-10.2.0/lib:/opt/apps/resif/aion/2020b/epyc/software/GCCcore/10.2.0/lib64:/opt/apps/resif/aion/2020b/epyc/software/GCCcore/10.2.0/lib";
os.environ["__LMOD_REF_COUNT_LIBRARY_PATH"] = "/home/users/mghavami/.local/easybuild/software/OSU-Micro-Benchmarks/7.5-gompi-2020b/lib64:1;/home/users/mghavami/.local/easybuild/software/OSU-Micro-Benchmarks/7.5-gompi-2020b/lib:1;/opt/apps/resif/aion/2020b/epyc/software/OpenMPI/4.0.5-GCC-10.2.0/lib:1;/opt/apps/resif/aion/2020b/epyc/software/UCX/1.9.0-GCCcore-10.2.0/lib:1;/opt/apps/resif/aion/2020b/epyc/software/hwloc/2.2.0-GCCcore-10.2.0/lib:1;/opt/apps/resif/aion/2020b/epyc/software/libpciaccess/0.16-GCCcore-10.2.0/lib:1;/opt/apps/resif/aion/2020b/epyc/software/libxml2/2.9.10-GCCcore-10.2.0/lib:1;/opt/apps/resif/aion/2020b/epyc/software/XZ/5.2.5-GCCcore-10.2.0/lib:1;/opt/apps/resif/aion/2020b/epyc/software/numactl/2.0.13-GCCcore-10.2.0/lib:1;/opt/apps/resif/aion/2020b/epyc/software/binutils/2.35-GCCcore-10.2.0/lib:1;/opt/apps/resif/aion/2020b/epyc/software/zlib/1.2.11-GCCcore-10.2.0/lib:1";
os.environ["LIBRARY_PATH"] = "/home/users/mghavami/.local/easybuild/software/OSU-Micro-Benchmarks/7.5-gompi-2020b/lib64:/home/users/mghavami/.local/easybuild/software/OSU-Micro-Benchmarks/7.5-gompi-2020b/lib:/opt/apps/resif/aion/2020b/epyc/software/OpenMPI/4.0.5-GCC-10.2.0/lib:/opt/apps/resif/aion/2020b/epyc/software/UCX/1.9.0-GCCcore-10.2.0/lib:/opt/apps/resif/aion/2020b/epyc/software/hwloc/2.2.0-GCCcore-10.2.0/lib:/opt/apps/resif/aion/2020b/epyc/software/libpciaccess/0.16-GCCcore-10.2.0/lib:/opt/apps/resif/aion/2020b/epyc/software/libxml2/2.9.10-GCCcore-10.2.0/lib:/opt/apps/resif/aion/2020b/epyc/software/XZ/5.2.5-GCCcore-10.2.0/lib:/opt/apps/resif/aion/2020b/epyc/software/numactl/2.0.13-GCCcore-10.2.0/lib:/opt/apps/resif/aion/2020b/epyc/software/binutils/2.35-GCCcore-10.2.0/lib:/opt/apps/resif/aion/2020b/epyc/software/zlib/1.2.11-GCCcore-10.2.0/lib";
os.environ["LOADEDMODULES"] = "env/release/default:tools/EasyBuild/5.0.0:compiler/GCCcore/10.2.0:lib/zlib/1.2.11-GCCcore-10.2.0:tools/binutils/2.35-GCCcore-10.2.0:compiler/GCC/10.2.0:tools/numactl/2.0.13-GCCcore-10.2.0:tools/XZ/5.2.5-GCCcore-10.2.0:lib/libxml2/2.9.10-GCCcore-10.2.0:system/libpciaccess/0.16-GCCcore-10.2.0:system/hwloc/2.2.0-GCCcore-10.2.0:lib/UCX/1.9.0-GCCcore-10.2.0:mpi/OpenMPI/4.0.5-GCC-10.2.0:toolchain/gompi/2020b:perf/OSU-Micro-Benchmarks/7.5-gompi-2020b";
os.environ["__LMOD_REF_COUNT_MANPATH"] = "/home/users/mghavami/.local/easybuild/software/OSU-Micro-Benchmarks/7.5-gompi-2020b/share/man:1;/home/users/mghavami/.local/easybuild/software/OSU-Micro-Benchmarks/7.5-gompi-2020b/man:1;/opt/apps/resif/aion/2020b/epyc/software/OpenMPI/4.0.5-GCC-10.2.0/share/man:1;/opt/apps/resif/aion/2020b/epyc/software/hwloc/2.2.0-GCCcore-10.2.0/share/man:1;/opt/apps/resif/aion/2020b/epyc/software/libxml2/2.9.10-GCCcore-10.2.0/share/man:1;/opt/apps/resif/aion/2020b/epyc/software/XZ/5.2.5-GCCcore-10.2.0/share/man:1;/opt/apps/resif/aion/2020b/epyc/software/numactl/2.0.13-GCCcore-10.2.0/share/man:1;/opt/apps/resif/aion/2020b/epyc/software/binutils/2.35-GCCcore-10.2.0/share/man:1;/opt/apps/resif/aion/2020b/epyc/software/zlib/1.2.11-GCCcore-10.2.0/share/man:1;/opt/apps/resif/aion/2020b/epyc/software/GCCcore/10.2.0/share/man:1;/usr/share/lmod/lmod/share/man:1;:1;/opt/puppetlabs/puppet/share/man:1";
os.environ["MANPATH"] = "/home/users/mghavami/.local/easybuild/software/OSU-Micro-Benchmarks/7.5-gompi-2020b/share/man:/home/users/mghavami/.local/easybuild/software/OSU-Micro-Benchmarks/7.5-gompi-2020b/man:/opt/apps/resif/aion/2020b/epyc/software/OpenMPI/4.0.5-GCC-10.2.0/share/man:/opt/apps/resif/aion/2020b/epyc/software/hwloc/2.2.0-GCCcore-10.2.0/share/man:/opt/apps/resif/aion/2020b/epyc/software/libxml2/2.9.10-GCCcore-10.2.0/share/man:/opt/apps/resif/aion/2020b/epyc/software/XZ/5.2.5-GCCcore-10.2.0/share/man:/opt/apps/resif/aion/2020b/epyc/software/numactl/2.0.13-GCCcore-10.2.0/share/man:/opt/apps/resif/aion/2020b/epyc/software/binutils/2.35-GCCcore-10.2.0/share/man:/opt/apps/resif/aion/2020b/epyc/software/zlib/1.2.11-GCCcore-10.2.0/share/man:/opt/apps/resif/aion/2020b/epyc/software/GCCcore/10.2.0/share/man:/usr/share/lmod/lmod/share/man::/opt/puppetlabs/puppet/share/man";
os.environ["MODULEPATH"] = "/tmp/eb-09zxmkft/tmp1hrm161w/all:/home/users/mghavami/.local/easybuild/modules/all:/opt/apps/easybuild/environment/modules:/cvmfs/software.eessi.io/init/modules:/opt/apps/resif/aion/2020b/epyc/modules/all";
os.environ["__LMOD_REF_COUNT_PATH"] = "/home/users/mghavami/.local/easybuild/software/OSU-Micro-Benchmarks/7.5-gompi-2020b/libexec/osu-micro-benchmarks/mpi/startup:1;/home/users/mghavami/.local/easybuild/software/OSU-Micro-Benchmarks/7.5-gompi-2020b/libexec/osu-micro-benchmarks/mpi/pt2pt:1;/home/users/mghavami/.local/easybuild/software/OSU-Micro-Benchmarks/7.5-gompi-2020b/libexec/osu-micro-benchmarks/mpi/one-sided:1;/home/users/mghavami/.local/easybuild/software/OSU-Micro-Benchmarks/7.5-gompi-2020b/libexec/osu-micro-benchmarks/mpi/collective:1;/home/users/mghavami/.local/easybuild/software/OSU-Micro-Benchmarks/7.5-gompi-2020b/sbin:1;/home/users/mghavami/.local/easybuild/software/OSU-Micro-Benchmarks/7.5-gompi-2020b/bin:1;/opt/apps/resif/aion/2020b/epyc/software/OpenMPI/4.0.5-GCC-10.2.0/bin:1;/opt/apps/resif/aion/2020b/epyc/software/UCX/1.9.0-GCCcore-10.2.0/bin:1;/opt/apps/resif/aion/2020b/epyc/software/hwloc/2.2.0-GCCcore-10.2.0/sbin:1;/opt/apps/resif/aion/2020b/epyc/software/hwloc/2.2.0-GCCcore-10.2.0/bin:1;/opt/apps/resif/aion/2020b/epyc/software/libxml2/2.9.10-GCCcore-10.2.0/bin:1;/opt/apps/resif/aion/2020b/epyc/software/XZ/5.2.5-GCCcore-10.2.0/bin:1;/opt/apps/resif/aion/2020b/epyc/software/numactl/2.0.13-GCCcore-10.2.0/bin:1;/opt/apps/resif/aion/2020b/epyc/software/binutils/2.35-GCCcore-10.2.0/bin:1;/opt/apps/resif/aion/2020b/epyc/software/GCCcore/10.2.0/bin:1;/home/users/mghavami/.local/easybuild/software/EasyBuild/5.0.0/bin:1;/home/users/mghavami/.local/bin:1;/home/users/mghavami/bin:1;/usr/local/bin:1;/usr/bin:1;/usr/local/sbin:1;/usr/sbin:1;/opt/puppetlabs/bin:1;/usr/share/lmod/lmod/libexec:1";
os.environ["PATH"] = "/home/users/mghavami/.local/easybuild/software/OSU-Micro-Benchmarks/7.5-gompi-2020b/libexec/osu-micro-benchmarks/mpi/startup:/home/users/mghavami/.local/easybuild/software/OSU-Micro-Benchmarks/7.5-gompi-2020b/libexec/osu-micro-benchmarks/mpi/pt2pt:/home/users/mghavami/.local/easybuild/software/OSU-Micro-Benchmarks/7.5-gompi-2020b/libexec/osu-micro-benchmarks/mpi/one-sided:/home/users/mghavami/.local/easybuild/software/OSU-Micro-Benchmarks/7.5-gompi-2020b/libexec/osu-micro-benchmarks/mpi/collective:/home/users/mghavami/.local/easybuild/software/OSU-Micro-Benchmarks/7.5-gompi-2020b/sbin:/home/users/mghavami/.local/easybuild/software/OSU-Micro-Benchmarks/7.5-gompi-2020b/bin:/opt/apps/resif/aion/2020b/epyc/software/OpenMPI/4.0.5-GCC-10.2.0/bin:/opt/apps/resif/aion/2020b/epyc/software/UCX/1.9.0-GCCcore-10.2.0/bin:/opt/apps/resif/aion/2020b/epyc/software/hwloc/2.2.0-GCCcore-10.2.0/sbin:/opt/apps/resif/aion/2020b/epyc/software/hwloc/2.2.0-GCCcore-10.2.0/bin:/opt/apps/resif/aion/2020b/epyc/software/libxml2/2.9.10-GCCcore-10.2.0/bin:/opt/apps/resif/aion/2020b/epyc/software/XZ/5.2.5-GCCcore-10.2.0/bin:/opt/apps/resif/aion/2020b/epyc/software/numactl/2.0.13-GCCcore-10.2.0/bin:/opt/apps/resif/aion/2020b/epyc/software/binutils/2.35-GCCcore-10.2.0/bin:/opt/apps/resif/aion/2020b/epyc/software/GCCcore/10.2.0/bin:/home/users/mghavami/.local/easybuild/software/EasyBuild/5.0.0/bin:/home/users/mghavami/.local/bin:/home/users/mghavami/bin:/usr/local/bin:/usr/bin:/usr/local/sbin:/usr/sbin:/opt/puppetlabs/bin:/usr/share/lmod/lmod/libexec";
os.environ["__LMOD_REF_COUNT_PKG_CONFIG_PATH"] = "/home/users/mghavami/.local/easybuild/software/OSU-Micro-Benchmarks/7.5-gompi-2020b/share/pkgconfig:1;/home/users/mghavami/.local/easybuild/software/OSU-Micro-Benchmarks/7.5-gompi-2020b/lib64/pkgconfig:1;/home/users/mghavami/.local/easybuild/software/OSU-Micro-Benchmarks/7.5-gompi-2020b/lib/pkgconfig:1;/opt/apps/resif/aion/2020b/epyc/software/OpenMPI/4.0.5-GCC-10.2.0/lib/pkgconfig:1;/opt/apps/resif/aion/2020b/epyc/software/UCX/1.9.0-GCCcore-10.2.0/lib/pkgconfig:1;/opt/apps/resif/aion/2020b/epyc/software/hwloc/2.2.0-GCCcore-10.2.0/lib/pkgconfig:1;/opt/apps/resif/aion/2020b/epyc/software/libpciaccess/0.16-GCCcore-10.2.0/lib/pkgconfig:1;/opt/apps/resif/aion/2020b/epyc/software/libxml2/2.9.10-GCCcore-10.2.0/lib/pkgconfig:1;/opt/apps/resif/aion/2020b/epyc/software/XZ/5.2.5-GCCcore-10.2.0/lib/pkgconfig:1;/opt/apps/resif/aion/2020b/epyc/software/numactl/2.0.13-GCCcore-10.2.0/lib/pkgconfig:1;/opt/apps/resif/aion/2020b/epyc/software/zlib/1.2.11-GCCcore-10.2.0/lib/pkgconfig:1";
os.environ["PKG_CONFIG_PATH"] = "/home/users/mghavami/.local/easybuild/software/OSU-Micro-Benchmarks/7.5-gompi-2020b/share/pkgconfig:/home/users/mghavami/.local/easybuild/software/OSU-Micro-Benchmarks/7.5-gompi-2020b/lib64/pkgconfig:/home/users/mghavami/.local/easybuild/software/OSU-Micro-Benchmarks/7.5-gompi-2020b/lib/pkgconfig:/opt/apps/resif/aion/2020b/epyc/software/OpenMPI/4.0.5-GCC-10.2.0/lib/pkgconfig:/opt/apps/resif/aion/2020b/epyc/software/UCX/1.9.0-GCCcore-10.2.0/lib/pkgconfig:/opt/apps/resif/aion/2020b/epyc/software/hwloc/2.2.0-GCCcore-10.2.0/lib/pkgconfig:/opt/apps/resif/aion/2020b/epyc/software/libpciaccess/0.16-GCCcore-10.2.0/lib/pkgconfig:/opt/apps/resif/aion/2020b/epyc/software/libxml2/2.9.10-GCCcore-10.2.0/lib/pkgconfig:/opt/apps/resif/aion/2020b/epyc/software/XZ/5.2.5-GCCcore-10.2.0/lib/pkgconfig:/opt/apps/resif/aion/2020b/epyc/software/numactl/2.0.13-GCCcore-10.2.0/lib/pkgconfig:/opt/apps/resif/aion/2020b/epyc/software/zlib/1.2.11-GCCcore-10.2.0/lib/pkgconfig";
os.environ["__LMOD_REF_COUNT_XDG_DATA_DIRS"] = "/home/users/mghavami/.local/easybuild/software/OSU-Micro-Benchmarks/7.5-gompi-2020b/share:1;/opt/apps/resif/aion/2020b/epyc/software/OpenMPI/4.0.5-GCC-10.2.0/share:1;/opt/apps/resif/aion/2020b/epyc/software/UCX/1.9.0-GCCcore-10.2.0/share:1;/opt/apps/resif/aion/2020b/epyc/software/hwloc/2.2.0-GCCcore-10.2.0/share:1;/opt/apps/resif/aion/2020b/epyc/software/libxml2/2.9.10-GCCcore-10.2.0/share:1;/opt/apps/resif/aion/2020b/epyc/software/XZ/5.2.5-GCCcore-10.2.0/share:1;/opt/apps/resif/aion/2020b/epyc/software/numactl/2.0.13-GCCcore-10.2.0/share:1;/opt/apps/resif/aion/2020b/epyc/software/binutils/2.35-GCCcore-10.2.0/share:1;/opt/apps/resif/aion/2020b/epyc/software/zlib/1.2.11-GCCcore-10.2.0/share:1;/opt/apps/resif/aion/2020b/epyc/software/GCCcore/10.2.0/share:1";
os.environ["XDG_DATA_DIRS"] = "/home/users/mghavami/.local/easybuild/software/OSU-Micro-Benchmarks/7.5-gompi-2020b/share:/opt/apps/resif/aion/2020b/epyc/software/OpenMPI/4.0.5-GCC-10.2.0/share:/opt/apps/resif/aion/2020b/epyc/software/UCX/1.9.0-GCCcore-10.2.0/share:/opt/apps/resif/aion/2020b/epyc/software/hwloc/2.2.0-GCCcore-10.2.0/share:/opt/apps/resif/aion/2020b/epyc/software/libxml2/2.9.10-GCCcore-10.2.0/share:/opt/apps/resif/aion/2020b/epyc/software/XZ/5.2.5-GCCcore-10.2.0/share:/opt/apps/resif/aion/2020b/epyc/software/numactl/2.0.13-GCCcore-10.2.0/share:/opt/apps/resif/aion/2020b/epyc/software/binutils/2.35-GCCcore-10.2.0/share:/opt/apps/resif/aion/2020b/epyc/software/zlib/1.2.11-GCCcore-10.2.0/share:/opt/apps/resif/aion/2020b/epyc/software/GCCcore/10.2.0/share";
os.environ["_LMFILES_"] = "/opt/apps/easybuild/environment/modules/env/release/default.lua:/home/users/mghavami/.local/easybuild/modules/all/tools/EasyBuild/5.0.0.lua:/opt/apps/resif/aion/2020b/epyc/modules/all/compiler/GCCcore/10.2.0.lua:/opt/apps/resif/aion/2020b/epyc/modules/all/lib/zlib/1.2.11-GCCcore-10.2.0.lua:/opt/apps/resif/aion/2020b/epyc/modules/all/tools/binutils/2.35-GCCcore-10.2.0.lua:/opt/apps/resif/aion/2020b/epyc/modules/all/compiler/GCC/10.2.0.lua:/opt/apps/resif/aion/2020b/epyc/modules/all/tools/numactl/2.0.13-GCCcore-10.2.0.lua:/opt/apps/resif/aion/2020b/epyc/modules/all/tools/XZ/5.2.5-GCCcore-10.2.0.lua:/opt/apps/resif/aion/2020b/epyc/modules/all/lib/libxml2/2.9.10-GCCcore-10.2.0.lua:/opt/apps/resif/aion/2020b/epyc/modules/all/system/libpciaccess/0.16-GCCcore-10.2.0.lua:/opt/apps/resif/aion/2020b/epyc/modules/all/system/hwloc/2.2.0-GCCcore-10.2.0.lua:/opt/apps/resif/aion/2020b/epyc/modules/all/lib/UCX/1.9.0-GCCcore-10.2.0.lua:/opt/apps/resif/aion/2020b/epyc/modules/all/mpi/OpenMPI/4.0.5-GCC-10.2.0.lua:/opt/apps/resif/aion/2020b/epyc/modules/all/toolchain/gompi/2020b.lua:/tmp/eb-09zxmkft/tmp1hrm161w/all/perf/OSU-Micro-Benchmarks/7.5-gompi-2020b.lua";
os.environ["_ModuleTable001_"] = "X01vZHVsZVRhYmxlXyA9IHsKTVR2ZXJzaW9uID0gMywKY19yZWJ1aWxkVGltZSA9IGZhbHNlLApjX3Nob3J0VGltZSA9IGZhbHNlLApkZXB0aFQgPSB7fSwKZmFtaWx5ID0gewplbnYgPSAiZW52L3JlbGVhc2UiLAp9LAptVCA9IHsKWyJjb21waWxlci9HQ0MiXSA9IHsKZm4gPSAiL29wdC9hcHBzL3Jlc2lmL2Fpb24vMjAyMGIvZXB5Yy9tb2R1bGVzL2FsbC9jb21waWxlci9HQ0MvMTAuMi4wLmx1YSIsCmZ1bGxOYW1lID0gImNvbXBpbGVyL0dDQy8xMC4yLjAiLApsb2FkT3JkZXIgPSA2LApwcm9wVCA9IHt9LApzdGFja0RlcHRoID0gMiwKc3RhdHVzID0gImFjdGl2ZSIsCnVzZXJOYW1lID0gImNvbXBpbGVyL0dDQy8xMC4yLjAiLAp3ViA9ICIwMDAwMDAwMTAuMDAwMDAwMDAy";
os.environ["_ModuleTable002_"] = "Lip6ZmluYWwiLAp9LApbImNvbXBpbGVyL0dDQ2NvcmUiXSA9IHsKZm4gPSAiL29wdC9hcHBzL3Jlc2lmL2Fpb24vMjAyMGIvZXB5Yy9tb2R1bGVzL2FsbC9jb21waWxlci9HQ0Njb3JlLzEwLjIuMC5sdWEiLApmdWxsTmFtZSA9ICJjb21waWxlci9HQ0Njb3JlLzEwLjIuMCIsCmxvYWRPcmRlciA9IDMsCnByb3BUID0ge30sCnN0YWNrRGVwdGggPSAzLApzdGF0dXMgPSAiYWN0aXZlIiwKdXNlck5hbWUgPSAiY29tcGlsZXIvR0NDY29yZS8xMC4yLjAiLAp3ViA9ICIwMDAwMDAwMTAuMDAwMDAwMDAyLip6ZmluYWwiLAp9LApbImVudi9yZWxlYXNlIl0gPSB7CmFjdGlvbkEgPSB7CiJhcHBlbmRfcGF0aChcIk1PRFVMRVBBVEhcIixcIi9vcHQvYXBwcy9yZXNpZi9haW9uLzIwMjBi";
os.environ["_ModuleTable003_"] = "L2VweWMvbW9kdWxlcy9hbGxcIikiLAp9LApmbiA9ICIvb3B0L2FwcHMvZWFzeWJ1aWxkL2Vudmlyb25tZW50L21vZHVsZXMvZW52L3JlbGVhc2UvZGVmYXVsdC5sdWEiLApmdWxsTmFtZSA9ICJlbnYvcmVsZWFzZS9kZWZhdWx0IiwKbG9hZE9yZGVyID0gMSwKcHJvcFQgPSB7Cmxtb2QgPSB7CnN0aWNreSA9IDEsCn0sCn0sCnN0YWNrRGVwdGggPSAwLApzdGF0dXMgPSAiYWN0aXZlIiwKdXNlck5hbWUgPSAiZW52L3JlbGVhc2UvZGVmYXVsdCIsCndWID0gIipkZWZhdWx0Lip6ZmluYWwiLAp9LApbImxpYi9VQ1giXSA9IHsKZm4gPSAiL29wdC9hcHBzL3Jlc2lmL2Fpb24vMjAyMGIvZXB5Yy9tb2R1bGVzL2FsbC9saWIvVUNYLzEuOS4wLUdDQ2NvcmUtMTAuMi4wLmx1YSIsCmZ1";
os.environ["_ModuleTable004_"] = "bGxOYW1lID0gImxpYi9VQ1gvMS45LjAtR0NDY29yZS0xMC4yLjAiLApsb2FkT3JkZXIgPSAxMiwKcHJvcFQgPSB7fSwKc3RhY2tEZXB0aCA9IDMsCnN0YXR1cyA9ICJhY3RpdmUiLAp1c2VyTmFtZSA9ICJsaWIvVUNYLzEuOS4wLUdDQ2NvcmUtMTAuMi4wIiwKd1YgPSAiMDAwMDAwMDAxLjAwMDAwMDAwOS4qZ2NjY29yZS4qemZpbmFsLS4wMDAwMDAwMTAuMDAwMDAwMDAyLip6ZmluYWwiLAp9LApbImxpYi9saWJ4bWwyIl0gPSB7CmZuID0gIi9vcHQvYXBwcy9yZXNpZi9haW9uLzIwMjBiL2VweWMvbW9kdWxlcy9hbGwvbGliL2xpYnhtbDIvMi45LjEwLUdDQ2NvcmUtMTAuMi4wLmx1YSIsCmZ1bGxOYW1lID0gImxpYi9saWJ4bWwyLzIuOS4xMC1HQ0Njb3JlLTEwLjIuMCIsCmxv";
os.environ["_ModuleTable005_"] = "YWRPcmRlciA9IDksCnByb3BUID0ge30sCnN0YWNrRGVwdGggPSA0LApzdGF0dXMgPSAiYWN0aXZlIiwKdXNlck5hbWUgPSAibGliL2xpYnhtbDIvMi45LjEwLUdDQ2NvcmUtMTAuMi4wIiwKd1YgPSAiMDAwMDAwMDAyLjAwMDAwMDAwOS4wMDAwMDAwMTAuKmdjY2NvcmUuKnpmaW5hbC0uMDAwMDAwMDEwLjAwMDAwMDAwMi4qemZpbmFsIiwKfSwKWyJsaWIvemxpYiJdID0gewpmbiA9ICIvb3B0L2FwcHMvcmVzaWYvYWlvbi8yMDIwYi9lcHljL21vZHVsZXMvYWxsL2xpYi96bGliLzEuMi4xMS1HQ0Njb3JlLTEwLjIuMC5sdWEiLApmdWxsTmFtZSA9ICJsaWIvemxpYi8xLjIuMTEtR0NDY29yZS0xMC4yLjAiLApsb2FkT3JkZXIgPSA0LApwcm9wVCA9IHt9LApzdGFja0RlcHRoID0g";
os.environ["_ModuleTable006_"] = "NCwKc3RhdHVzID0gImFjdGl2ZSIsCnVzZXJOYW1lID0gImxpYi96bGliLzEuMi4xMS1HQ0Njb3JlLTEwLjIuMCIsCndWID0gIjAwMDAwMDAwMS4wMDAwMDAwMDIuMDAwMDAwMDExLipnY2Njb3JlLip6ZmluYWwtLjAwMDAwMDAxMC4wMDAwMDAwMDIuKnpmaW5hbCIsCn0sClsibXBpL09wZW5NUEkiXSA9IHsKZm4gPSAiL29wdC9hcHBzL3Jlc2lmL2Fpb24vMjAyMGIvZXB5Yy9tb2R1bGVzL2FsbC9tcGkvT3Blbk1QSS80LjAuNS1HQ0MtMTAuMi4wLmx1YSIsCmZ1bGxOYW1lID0gIm1waS9PcGVuTVBJLzQuMC41LUdDQy0xMC4yLjAiLApsb2FkT3JkZXIgPSAxMywKcHJvcFQgPSB7fSwKc3RhY2tEZXB0aCA9IDIsCnN0YXR1cyA9ICJhY3RpdmUiLAp1c2VyTmFtZSA9ICJtcGkvT3Bl";
os.environ["_ModuleTable007_"] = "bk1QSS80LjAuNS1HQ0MtMTAuMi4wIiwKd1YgPSAiMDAwMDAwMDA0LjAwMDAwMDAwMC4wMDAwMDAwMDUuKmdjYy4qemZpbmFsLS4wMDAwMDAwMTAuMDAwMDAwMDAyLip6ZmluYWwiLAp9LApbInBlcmYvT1NVLU1pY3JvLUJlbmNobWFya3MiXSA9IHsKZm4gPSAiL3RtcC9lYi0wOXp4bWtmdC90bXAxaHJtMTYxdy9hbGwvcGVyZi9PU1UtTWljcm8tQmVuY2htYXJrcy83LjUtZ29tcGktMjAyMGIubHVhIiwKZnVsbE5hbWUgPSAicGVyZi9PU1UtTWljcm8tQmVuY2htYXJrcy83LjUtZ29tcGktMjAyMGIiLApsb2FkT3JkZXIgPSAxNSwKcHJvcFQgPSB7fSwKc3RhY2tEZXB0aCA9IDAsCnN0YXR1cyA9ICJhY3RpdmUiLAp1c2VyTmFtZSA9ICJwZXJmL09TVS1NaWNyby1CZW5jaG1hcmtz";
os.environ["_ModuleTable008_"] = "LzcuNS1nb21waS0yMDIwYiIsCndWID0gIl4wMDAwMDAwNy4wMDAwMDAwMDUuKmdvbXBpLip6ZmluYWwtLjAwMDAwMjAyMC4qYi4qemZpbmFsIiwKfSwKWyJzeXN0ZW0vaHdsb2MiXSA9IHsKZm4gPSAiL29wdC9hcHBzL3Jlc2lmL2Fpb24vMjAyMGIvZXB5Yy9tb2R1bGVzL2FsbC9zeXN0ZW0vaHdsb2MvMi4yLjAtR0NDY29yZS0xMC4yLjAubHVhIiwKZnVsbE5hbWUgPSAic3lzdGVtL2h3bG9jLzIuMi4wLUdDQ2NvcmUtMTAuMi4wIiwKbG9hZE9yZGVyID0gMTEsCnByb3BUID0ge30sCnN0YWNrRGVwdGggPSAzLApzdGF0dXMgPSAiYWN0aXZlIiwKdXNlck5hbWUgPSAic3lzdGVtL2h3bG9jLzIuMi4wLUdDQ2NvcmUtMTAuMi4wIiwKd1YgPSAiMDAwMDAwMDAyLjAwMDAwMDAwMi4q";
os.environ["_ModuleTable009_"] = "Z2NjY29yZS4qemZpbmFsLS4wMDAwMDAwMTAuMDAwMDAwMDAyLip6ZmluYWwiLAp9LApbInN5c3RlbS9saWJwY2lhY2Nlc3MiXSA9IHsKZm4gPSAiL29wdC9hcHBzL3Jlc2lmL2Fpb24vMjAyMGIvZXB5Yy9tb2R1bGVzL2FsbC9zeXN0ZW0vbGlicGNpYWNjZXNzLzAuMTYtR0NDY29yZS0xMC4yLjAubHVhIiwKZnVsbE5hbWUgPSAic3lzdGVtL2xpYnBjaWFjY2Vzcy8wLjE2LUdDQ2NvcmUtMTAuMi4wIiwKbG9hZE9yZGVyID0gMTAsCnByb3BUID0ge30sCnN0YWNrRGVwdGggPSA0LApzdGF0dXMgPSAiYWN0aXZlIiwKdXNlck5hbWUgPSAic3lzdGVtL2xpYnBjaWFjY2Vzcy8wLjE2LUdDQ2NvcmUtMTAuMi4wIiwKd1YgPSAiMDAwMDAwMDAwLjAwMDAwMDAxNi4qZ2NjY29yZS4qemZp";
os.environ["_ModuleTable010_"] = "bmFsLS4wMDAwMDAwMTAuMDAwMDAwMDAyLip6ZmluYWwiLAp9LApbInRvb2xjaGFpbi9nb21waSJdID0gewpmbiA9ICIvb3B0L2FwcHMvcmVzaWYvYWlvbi8yMDIwYi9lcHljL21vZHVsZXMvYWxsL3Rvb2xjaGFpbi9nb21waS8yMDIwYi5sdWEiLApmdWxsTmFtZSA9ICJ0b29sY2hhaW4vZ29tcGkvMjAyMGIiLApsb2FkT3JkZXIgPSAxNCwKcHJvcFQgPSB7fSwKcmVmX2NvdW50ID0gMSwKc3RhY2tEZXB0aCA9IDEsCnN0YXR1cyA9ICJhY3RpdmUiLAp1c2VyTmFtZSA9ICJ0b29sY2hhaW4vZ29tcGkvMjAyMGIiLAp3ViA9ICIwMDAwMDIwMjAuKmIuKnpmaW5hbCIsCn0sClsidG9vbHMvRWFzeUJ1aWxkIl0gPSB7CmZuID0gIi9ob21lL3VzZXJzL21naGF2YW1pLy5sb2NhbC9lYXN5";
os.environ["_ModuleTable011_"] = "YnVpbGQvbW9kdWxlcy9hbGwvdG9vbHMvRWFzeUJ1aWxkLzUuMC4wLmx1YSIsCmZ1bGxOYW1lID0gInRvb2xzL0Vhc3lCdWlsZC81LjAuMCIsCmxvYWRPcmRlciA9IDIsCnByb3BUID0ge30sCnN0YWNrRGVwdGggPSAwLApzdGF0dXMgPSAiYWN0aXZlIiwKdXNlck5hbWUgPSAidG9vbHMvRWFzeUJ1aWxkLzUuMC4wIiwKd1YgPSAiMDAwMDAwMDA1Lip6ZmluYWwiLAp9LApbInRvb2xzL1haIl0gPSB7CmZuID0gIi9vcHQvYXBwcy9yZXNpZi9haW9uLzIwMjBiL2VweWMvbW9kdWxlcy9hbGwvdG9vbHMvWFovNS4yLjUtR0NDY29yZS0xMC4yLjAubHVhIiwKZnVsbE5hbWUgPSAidG9vbHMvWFovNS4yLjUtR0NDY29yZS0xMC4yLjAiLApsb2FkT3JkZXIgPSA4LApwcm9wVCA9IHt9LApz";
os.environ["_ModuleTable012_"] = "dGFja0RlcHRoID0gNSwKc3RhdHVzID0gImFjdGl2ZSIsCnVzZXJOYW1lID0gInRvb2xzL1haLzUuMi41LUdDQ2NvcmUtMTAuMi4wIiwKd1YgPSAiMDAwMDAwMDA1LjAwMDAwMDAwMi4wMDAwMDAwMDUuKmdjY2NvcmUuKnpmaW5hbC0uMDAwMDAwMDEwLjAwMDAwMDAwMi4qemZpbmFsIiwKfSwKWyJ0b29scy9iaW51dGlscyJdID0gewpmbiA9ICIvb3B0L2FwcHMvcmVzaWYvYWlvbi8yMDIwYi9lcHljL21vZHVsZXMvYWxsL3Rvb2xzL2JpbnV0aWxzLzIuMzUtR0NDY29yZS0xMC4yLjAubHVhIiwKZnVsbE5hbWUgPSAidG9vbHMvYmludXRpbHMvMi4zNS1HQ0Njb3JlLTEwLjIuMCIsCmxvYWRPcmRlciA9IDUsCnByb3BUID0ge30sCnN0YWNrRGVwdGggPSAzLApzdGF0dXMgPSAiYWN0";
os.environ["_ModuleTable013_"] = "aXZlIiwKdXNlck5hbWUgPSAidG9vbHMvYmludXRpbHMvMi4zNS1HQ0Njb3JlLTEwLjIuMCIsCndWID0gIjAwMDAwMDAwMi4wMDAwMDAwMzUuKmdjY2NvcmUuKnpmaW5hbC0uMDAwMDAwMDEwLjAwMDAwMDAwMi4qemZpbmFsIiwKfSwKWyJ0b29scy9udW1hY3RsIl0gPSB7CmZuID0gIi9vcHQvYXBwcy9yZXNpZi9haW9uLzIwMjBiL2VweWMvbW9kdWxlcy9hbGwvdG9vbHMvbnVtYWN0bC8yLjAuMTMtR0NDY29yZS0xMC4yLjAubHVhIiwKZnVsbE5hbWUgPSAidG9vbHMvbnVtYWN0bC8yLjAuMTMtR0NDY29yZS0xMC4yLjAiLApsb2FkT3JkZXIgPSA3LApwcm9wVCA9IHt9LApzdGFja0RlcHRoID0gNCwKc3RhdHVzID0gImFjdGl2ZSIsCnVzZXJOYW1lID0gInRvb2xzL251bWFjdGwv";
os.environ["_ModuleTable014_"] = "Mi4wLjEzLUdDQ2NvcmUtMTAuMi4wIiwKd1YgPSAiMDAwMDAwMDAyLjAwMDAwMDAwMC4wMDAwMDAwMTMuKmdjY2NvcmUuKnpmaW5hbC0uMDAwMDAwMDEwLjAwMDAwMDAwMi4qemZpbmFsIiwKfSwKfSwKbXBhdGhBID0gewoiL3RtcC9lYi0wOXp4bWtmdC90bXAxaHJtMTYxdy9hbGwiCiwgIi9ob21lL3VzZXJzL21naGF2YW1pLy5sb2NhbC9lYXN5YnVpbGQvbW9kdWxlcy9hbGwiCiwgIi9vcHQvYXBwcy9lYXN5YnVpbGQvZW52aXJvbm1lbnQvbW9kdWxlcyIKLCAiL2N2bWZzL3NvZnR3YXJlLmVlc3NpLmlvL2luaXQvbW9kdWxlcyIsICIvb3B0L2FwcHMvcmVzaWYvYWlvbi8yMDIwYi9lcHljL21vZHVsZXMvYWxsIiwKfSwKc3lzdGVtQmFzZU1QQVRIID0gIi9vcHQvYXBwcy9lYXN5";
os.environ["_ModuleTable015_"] = "YnVpbGQvZW52aXJvbm1lbnQvbW9kdWxlczovY3ZtZnMvc29mdHdhcmUuZWVzc2kuaW8vaW5pdC9tb2R1bGVzIiwKfQo=";
os.environ["_ModuleTable_Sz_"] = "15";
_mlstatus = True

== 2025-03-25 13:55:55,519 run.py:596 INFO Warnings and errors of '/usr/share/lmod/lmod/libexec/lmod ...' shell command (stderr only):

== 2025-03-25 13:55:55,519 run.py:601 INFO Shell command completed successfully (see output above): /usr/share/lmod/lmod/libexec/lmod python load perf/OSU-Micro-Benchmarks/7.5-gompi-2020b
== 2025-03-25 13:55:55,523 filetools.py:2001 INFO Creating directory /home/users/mghavami/.local/easybuild/software/OSU-Micro-Benchmarks/7.5-gompi-2020b/easybuild (parents: True, set_gid: False, sticky: False)
== 2025-03-25 13:55:55,525 run.py:500 INFO Running shell command '/usr/share/lmod/lmod/libexec/lmod python unload perf/OSU-Micro-Benchmarks/7.5-gompi-2020b' in /mnt/aiongpfs/users/mghavami/y2425-w04-software-installation-on-hpc-AminGhavami/omb
== 2025-03-25 13:55:55,626 run.py:595 INFO Output of '/usr/share/lmod/lmod/libexec/lmod ...' shell command (stdout only):
import os
os.environ["__LMOD_REF_COUNT_ACLOCAL_PATH"] = "/opt/apps/resif/aion/2020b/epyc/software/libxml2/2.9.10-GCCcore-10.2.0/share/aclocal:1";
os.environ["ACLOCAL_PATH"] = "/opt/apps/resif/aion/2020b/epyc/software/libxml2/2.9.10-GCCcore-10.2.0/share/aclocal";
os.environ["__LMOD_REF_COUNT_CLASSPATH"] = ''
del os.environ["__LMOD_REF_COUNT_CLASSPATH"]
os.environ["CLASSPATH"] = ''
del os.environ["CLASSPATH"]
os.environ["__LMOD_REF_COUNT_CMAKE_LIBRARY_PATH"] = "/opt/apps/resif/aion/2020b/epyc/software/GCCcore/10.2.0/lib64:1";
os.environ["CMAKE_LIBRARY_PATH"] = "/opt/apps/resif/aion/2020b/epyc/software/GCCcore/10.2.0/lib64";
os.environ["__LMOD_REF_COUNT_CMAKE_PREFIX_PATH"] = "/opt/apps/resif/aion/2020b/epyc/software/OpenMPI/4.0.5-GCC-10.2.0:1;/opt/apps/resif/aion/2020b/epyc/software/UCX/1.9.0-GCCcore-10.2.0:1;/opt/apps/resif/aion/2020b/epyc/software/hwloc/2.2.0-GCCcore-10.2.0:1;/opt/apps/resif/aion/2020b/epyc/software/libpciaccess/0.16-GCCcore-10.2.0:1;/opt/apps/resif/aion/2020b/epyc/software/libxml2/2.9.10-GCCcore-10.2.0:1;/opt/apps/resif/aion/2020b/epyc/software/XZ/5.2.5-GCCcore-10.2.0:1;/opt/apps/resif/aion/2020b/epyc/software/numactl/2.0.13-GCCcore-10.2.0:1;/opt/apps/resif/aion/2020b/epyc/software/binutils/2.35-GCCcore-10.2.0:1;/opt/apps/resif/aion/2020b/epyc/software/zlib/1.2.11-GCCcore-10.2.0:1;/opt/apps/resif/aion/2020b/epyc/software/GCCcore/10.2.0:1;/home/users/mghavami/.local/easybuild/software/EasyBuild/5.0.0:1";
os.environ["CMAKE_PREFIX_PATH"] = "/opt/apps/resif/aion/2020b/epyc/software/OpenMPI/4.0.5-GCC-10.2.0:/opt/apps/resif/aion/2020b/epyc/software/UCX/1.9.0-GCCcore-10.2.0:/opt/apps/resif/aion/2020b/epyc/software/hwloc/2.2.0-GCCcore-10.2.0:/opt/apps/resif/aion/2020b/epyc/software/libpciaccess/0.16-GCCcore-10.2.0:/opt/apps/resif/aion/2020b/epyc/software/libxml2/2.9.10-GCCcore-10.2.0:/opt/apps/resif/aion/2020b/epyc/software/XZ/5.2.5-GCCcore-10.2.0:/opt/apps/resif/aion/2020b/epyc/software/numactl/2.0.13-GCCcore-10.2.0:/opt/apps/resif/aion/2020b/epyc/software/binutils/2.35-GCCcore-10.2.0:/opt/apps/resif/aion/2020b/epyc/software/zlib/1.2.11-GCCcore-10.2.0:/opt/apps/resif/aion/2020b/epyc/software/GCCcore/10.2.0:/home/users/mghavami/.local/easybuild/software/EasyBuild/5.0.0";
os.environ["__LMOD_REF_COUNT_CPATH"] = "/opt/apps/resif/aion/2020b/epyc/software/OpenMPI/4.0.5-GCC-10.2.0/include:1;/opt/apps/resif/aion/2020b/epyc/software/UCX/1.9.0-GCCcore-10.2.0/include:1;/opt/apps/resif/aion/2020b/epyc/software/hwloc/2.2.0-GCCcore-10.2.0/include:1;/opt/apps/resif/aion/2020b/epyc/software/libpciaccess/0.16-GCCcore-10.2.0/include:1;/opt/apps/resif/aion/2020b/epyc/software/libxml2/2.9.10-GCCcore-10.2.0/include/libxml2:1;/opt/apps/resif/aion/2020b/epyc/software/libxml2/2.9.10-GCCcore-10.2.0/include:1;/opt/apps/resif/aion/2020b/epyc/software/XZ/5.2.5-GCCcore-10.2.0/include:1;/opt/apps/resif/aion/2020b/epyc/software/numactl/2.0.13-GCCcore-10.2.0/include:1;/opt/apps/resif/aion/2020b/epyc/software/binutils/2.35-GCCcore-10.2.0/include:1;/opt/apps/resif/aion/2020b/epyc/software/zlib/1.2.11-GCCcore-10.2.0/include:1";
os.environ["CPATH"] = "/opt/apps/resif/aion/2020b/epyc/software/OpenMPI/4.0.5-GCC-10.2.0/include:/opt/apps/resif/aion/2020b/epyc/software/UCX/1.9.0-GCCcore-10.2.0/include:/opt/apps/resif/aion/2020b/epyc/software/hwloc/2.2.0-GCCcore-10.2.0/include:/opt/apps/resif/aion/2020b/epyc/software/libpciaccess/0.16-GCCcore-10.2.0/include:/opt/apps/resif/aion/2020b/epyc/software/libxml2/2.9.10-GCCcore-10.2.0/include/libxml2:/opt/apps/resif/aion/2020b/epyc/software/libxml2/2.9.10-GCCcore-10.2.0/include:/opt/apps/resif/aion/2020b/epyc/software/XZ/5.2.5-GCCcore-10.2.0/include:/opt/apps/resif/aion/2020b/epyc/software/numactl/2.0.13-GCCcore-10.2.0/include:/opt/apps/resif/aion/2020b/epyc/software/binutils/2.35-GCCcore-10.2.0/include:/opt/apps/resif/aion/2020b/epyc/software/zlib/1.2.11-GCCcore-10.2.0/include";
os.environ["EBDEVELGOMPI"] = ''
del os.environ["EBDEVELGOMPI"]
os.environ["EBDEVELOSUMINMICROMINBENCHMARKS"] = ''
del os.environ["EBDEVELOSUMINMICROMINBENCHMARKS"]
os.environ["EBROOTGOMPI"] = ''
del os.environ["EBROOTGOMPI"]
os.environ["EBROOTOSUMINMICROMINBENCHMARKS"] = ''
del os.environ["EBROOTOSUMINMICROMINBENCHMARKS"]
os.environ["EBVERSIONGOMPI"] = ''
del os.environ["EBVERSIONGOMPI"]
os.environ["EBVERSIONOSUMINMICROMINBENCHMARKS"] = ''
del os.environ["EBVERSIONOSUMINMICROMINBENCHMARKS"]
os.environ["__LMOD_REF_COUNT_GI_TYPELIB_PATH"] = ''
del os.environ["__LMOD_REF_COUNT_GI_TYPELIB_PATH"]
os.environ["GI_TYPELIB_PATH"] = ''
del os.environ["GI_TYPELIB_PATH"]
os.environ["__LMOD_REF_COUNT_LD_LIBRARY_PATH"] = ''
del os.environ["__LMOD_REF_COUNT_LD_LIBRARY_PATH"]
os.environ["LD_LIBRARY_PATH"] = ''
del os.environ["LD_LIBRARY_PATH"]
os.environ["__LMOD_REF_COUNT_LIBRARY_PATH"] = "/opt/apps/resif/aion/2020b/epyc/software/OpenMPI/4.0.5-GCC-10.2.0/lib:1;/opt/apps/resif/aion/2020b/epyc/software/UCX/1.9.0-GCCcore-10.2.0/lib:1;/opt/apps/resif/aion/2020b/epyc/software/hwloc/2.2.0-GCCcore-10.2.0/lib:1;/opt/apps/resif/aion/2020b/epyc/software/libpciaccess/0.16-GCCcore-10.2.0/lib:1;/opt/apps/resif/aion/2020b/epyc/software/libxml2/2.9.10-GCCcore-10.2.0/lib:1;/opt/apps/resif/aion/2020b/epyc/software/XZ/5.2.5-GCCcore-10.2.0/lib:1;/opt/apps/resif/aion/2020b/epyc/software/numactl/2.0.13-GCCcore-10.2.0/lib:1;/opt/apps/resif/aion/2020b/epyc/software/binutils/2.35-GCCcore-10.2.0/lib:1;/opt/apps/resif/aion/2020b/epyc/software/zlib/1.2.11-GCCcore-10.2.0/lib:1";
os.environ["LIBRARY_PATH"] = "/opt/apps/resif/aion/2020b/epyc/software/OpenMPI/4.0.5-GCC-10.2.0/lib:/opt/apps/resif/aion/2020b/epyc/software/UCX/1.9.0-GCCcore-10.2.0/lib:/opt/apps/resif/aion/2020b/epyc/software/hwloc/2.2.0-GCCcore-10.2.0/lib:/opt/apps/resif/aion/2020b/epyc/software/libpciaccess/0.16-GCCcore-10.2.0/lib:/opt/apps/resif/aion/2020b/epyc/software/libxml2/2.9.10-GCCcore-10.2.0/lib:/opt/apps/resif/aion/2020b/epyc/software/XZ/5.2.5-GCCcore-10.2.0/lib:/opt/apps/resif/aion/2020b/epyc/software/numactl/2.0.13-GCCcore-10.2.0/lib:/opt/apps/resif/aion/2020b/epyc/software/binutils/2.35-GCCcore-10.2.0/lib:/opt/apps/resif/aion/2020b/epyc/software/zlib/1.2.11-GCCcore-10.2.0/lib";
os.environ["LOADEDMODULES"] = "env/release/default:tools/EasyBuild/5.0.0:compiler/GCCcore/10.2.0:lib/zlib/1.2.11-GCCcore-10.2.0:tools/binutils/2.35-GCCcore-10.2.0:compiler/GCC/10.2.0:tools/numactl/2.0.13-GCCcore-10.2.0:tools/XZ/5.2.5-GCCcore-10.2.0:lib/libxml2/2.9.10-GCCcore-10.2.0:system/libpciaccess/0.16-GCCcore-10.2.0:system/hwloc/2.2.0-GCCcore-10.2.0:lib/UCX/1.9.0-GCCcore-10.2.0:mpi/OpenMPI/4.0.5-GCC-10.2.0";
os.environ["__LMOD_REF_COUNT_MANPATH"] = "/opt/apps/resif/aion/2020b/epyc/software/OpenMPI/4.0.5-GCC-10.2.0/share/man:1;/opt/apps/resif/aion/2020b/epyc/software/hwloc/2.2.0-GCCcore-10.2.0/share/man:1;/opt/apps/resif/aion/2020b/epyc/software/libxml2/2.9.10-GCCcore-10.2.0/share/man:1;/opt/apps/resif/aion/2020b/epyc/software/XZ/5.2.5-GCCcore-10.2.0/share/man:1;/opt/apps/resif/aion/2020b/epyc/software/numactl/2.0.13-GCCcore-10.2.0/share/man:1;/opt/apps/resif/aion/2020b/epyc/software/binutils/2.35-GCCcore-10.2.0/share/man:1;/opt/apps/resif/aion/2020b/epyc/software/zlib/1.2.11-GCCcore-10.2.0/share/man:1;/opt/apps/resif/aion/2020b/epyc/software/GCCcore/10.2.0/share/man:1;/usr/share/lmod/lmod/share/man:1;:1;/opt/puppetlabs/puppet/share/man:1";
os.environ["MANPATH"] = "/opt/apps/resif/aion/2020b/epyc/software/OpenMPI/4.0.5-GCC-10.2.0/share/man:/opt/apps/resif/aion/2020b/epyc/software/hwloc/2.2.0-GCCcore-10.2.0/share/man:/opt/apps/resif/aion/2020b/epyc/software/libxml2/2.9.10-GCCcore-10.2.0/share/man:/opt/apps/resif/aion/2020b/epyc/software/XZ/5.2.5-GCCcore-10.2.0/share/man:/opt/apps/resif/aion/2020b/epyc/software/numactl/2.0.13-GCCcore-10.2.0/share/man:/opt/apps/resif/aion/2020b/epyc/software/binutils/2.35-GCCcore-10.2.0/share/man:/opt/apps/resif/aion/2020b/epyc/software/zlib/1.2.11-GCCcore-10.2.0/share/man:/opt/apps/resif/aion/2020b/epyc/software/GCCcore/10.2.0/share/man:/usr/share/lmod/lmod/share/man::/opt/puppetlabs/puppet/share/man";
os.environ["MODULEPATH"] = "/tmp/eb-09zxmkft/tmp1hrm161w/all:/home/users/mghavami/.local/easybuild/modules/all:/opt/apps/easybuild/environment/modules:/cvmfs/software.eessi.io/init/modules:/opt/apps/resif/aion/2020b/epyc/modules/all";
os.environ["__LMOD_REF_COUNT_PATH"] = "/opt/apps/resif/aion/2020b/epyc/software/OpenMPI/4.0.5-GCC-10.2.0/bin:1;/opt/apps/resif/aion/2020b/epyc/software/UCX/1.9.0-GCCcore-10.2.0/bin:1;/opt/apps/resif/aion/2020b/epyc/software/hwloc/2.2.0-GCCcore-10.2.0/sbin:1;/opt/apps/resif/aion/2020b/epyc/software/hwloc/2.2.0-GCCcore-10.2.0/bin:1;/opt/apps/resif/aion/2020b/epyc/software/libxml2/2.9.10-GCCcore-10.2.0/bin:1;/opt/apps/resif/aion/2020b/epyc/software/XZ/5.2.5-GCCcore-10.2.0/bin:1;/opt/apps/resif/aion/2020b/epyc/software/numactl/2.0.13-GCCcore-10.2.0/bin:1;/opt/apps/resif/aion/2020b/epyc/software/binutils/2.35-GCCcore-10.2.0/bin:1;/opt/apps/resif/aion/2020b/epyc/software/GCCcore/10.2.0/bin:1;/home/users/mghavami/.local/easybuild/software/EasyBuild/5.0.0/bin:1;/home/users/mghavami/.local/bin:1;/home/users/mghavami/bin:1;/usr/local/bin:1;/usr/bin:1;/usr/local/sbin:1;/usr/sbin:1;/opt/puppetlabs/bin:1;/usr/share/lmod/lmod/libexec:1";
os.environ["PATH"] = "/opt/apps/resif/aion/2020b/epyc/software/OpenMPI/4.0.5-GCC-10.2.0/bin:/opt/apps/resif/aion/2020b/epyc/software/UCX/1.9.0-GCCcore-10.2.0/bin:/opt/apps/resif/aion/2020b/epyc/software/hwloc/2.2.0-GCCcore-10.2.0/sbin:/opt/apps/resif/aion/2020b/epyc/software/hwloc/2.2.0-GCCcore-10.2.0/bin:/opt/apps/resif/aion/2020b/epyc/software/libxml2/2.9.10-GCCcore-10.2.0/bin:/opt/apps/resif/aion/2020b/epyc/software/XZ/5.2.5-GCCcore-10.2.0/bin:/opt/apps/resif/aion/2020b/epyc/software/numactl/2.0.13-GCCcore-10.2.0/bin:/opt/apps/resif/aion/2020b/epyc/software/binutils/2.35-GCCcore-10.2.0/bin:/opt/apps/resif/aion/2020b/epyc/software/GCCcore/10.2.0/bin:/home/users/mghavami/.local/easybuild/software/EasyBuild/5.0.0/bin:/home/users/mghavami/.local/bin:/home/users/mghavami/bin:/usr/local/bin:/usr/bin:/usr/local/sbin:/usr/sbin:/opt/puppetlabs/bin:/usr/share/lmod/lmod/libexec";
os.environ["__LMOD_REF_COUNT_PKG_CONFIG_PATH"] = "/opt/apps/resif/aion/2020b/epyc/software/OpenMPI/4.0.5-GCC-10.2.0/lib/pkgconfig:1;/opt/apps/resif/aion/2020b/epyc/software/UCX/1.9.0-GCCcore-10.2.0/lib/pkgconfig:1;/opt/apps/resif/aion/2020b/epyc/software/hwloc/2.2.0-GCCcore-10.2.0/lib/pkgconfig:1;/opt/apps/resif/aion/2020b/epyc/software/libpciaccess/0.16-GCCcore-10.2.0/lib/pkgconfig:1;/opt/apps/resif/aion/2020b/epyc/software/libxml2/2.9.10-GCCcore-10.2.0/lib/pkgconfig:1;/opt/apps/resif/aion/2020b/epyc/software/XZ/5.2.5-GCCcore-10.2.0/lib/pkgconfig:1;/opt/apps/resif/aion/2020b/epyc/software/numactl/2.0.13-GCCcore-10.2.0/lib/pkgconfig:1;/opt/apps/resif/aion/2020b/epyc/software/zlib/1.2.11-GCCcore-10.2.0/lib/pkgconfig:1";
os.environ["PKG_CONFIG_PATH"] = "/opt/apps/resif/aion/2020b/epyc/software/OpenMPI/4.0.5-GCC-10.2.0/lib/pkgconfig:/opt/apps/resif/aion/2020b/epyc/software/UCX/1.9.0-GCCcore-10.2.0/lib/pkgconfig:/opt/apps/resif/aion/2020b/epyc/software/hwloc/2.2.0-GCCcore-10.2.0/lib/pkgconfig:/opt/apps/resif/aion/2020b/epyc/software/libpciaccess/0.16-GCCcore-10.2.0/lib/pkgconfig:/opt/apps/resif/aion/2020b/epyc/software/libxml2/2.9.10-GCCcore-10.2.0/lib/pkgconfig:/opt/apps/resif/aion/2020b/epyc/software/XZ/5.2.5-GCCcore-10.2.0/lib/pkgconfig:/opt/apps/resif/aion/2020b/epyc/software/numactl/2.0.13-GCCcore-10.2.0/lib/pkgconfig:/opt/apps/resif/aion/2020b/epyc/software/zlib/1.2.11-GCCcore-10.2.0/lib/pkgconfig";
os.environ["__LMOD_REF_COUNT_XDG_DATA_DIRS"] = "/opt/apps/resif/aion/2020b/epyc/software/OpenMPI/4.0.5-GCC-10.2.0/share:1;/opt/apps/resif/aion/2020b/epyc/software/UCX/1.9.0-GCCcore-10.2.0/share:1;/opt/apps/resif/aion/2020b/epyc/software/hwloc/2.2.0-GCCcore-10.2.0/share:1;/opt/apps/resif/aion/2020b/epyc/software/libxml2/2.9.10-GCCcore-10.2.0/share:1;/opt/apps/resif/aion/2020b/epyc/software/XZ/5.2.5-GCCcore-10.2.0/share:1;/opt/apps/resif/aion/2020b/epyc/software/numactl/2.0.13-GCCcore-10.2.0/share:1;/opt/apps/resif/aion/2020b/epyc/software/binutils/2.35-GCCcore-10.2.0/share:1;/opt/apps/resif/aion/2020b/epyc/software/zlib/1.2.11-GCCcore-10.2.0/share:1;/opt/apps/resif/aion/2020b/epyc/software/GCCcore/10.2.0/share:1";
os.environ["XDG_DATA_DIRS"] = "/opt/apps/resif/aion/2020b/epyc/software/OpenMPI/4.0.5-GCC-10.2.0/share:/opt/apps/resif/aion/2020b/epyc/software/UCX/1.9.0-GCCcore-10.2.0/share:/opt/apps/resif/aion/2020b/epyc/software/hwloc/2.2.0-GCCcore-10.2.0/share:/opt/apps/resif/aion/2020b/epyc/software/libxml2/2.9.10-GCCcore-10.2.0/share:/opt/apps/resif/aion/2020b/epyc/software/XZ/5.2.5-GCCcore-10.2.0/share:/opt/apps/resif/aion/2020b/epyc/software/numactl/2.0.13-GCCcore-10.2.0/share:/opt/apps/resif/aion/2020b/epyc/software/binutils/2.35-GCCcore-10.2.0/share:/opt/apps/resif/aion/2020b/epyc/software/zlib/1.2.11-GCCcore-10.2.0/share:/opt/apps/resif/aion/2020b/epyc/software/GCCcore/10.2.0/share";
os.environ["_LMFILES_"] = "/opt/apps/easybuild/environment/modules/env/release/default.lua:/home/users/mghavami/.local/easybuild/modules/all/tools/EasyBuild/5.0.0.lua:/opt/apps/resif/aion/2020b/epyc/modules/all/compiler/GCCcore/10.2.0.lua:/opt/apps/resif/aion/2020b/epyc/modules/all/lib/zlib/1.2.11-GCCcore-10.2.0.lua:/opt/apps/resif/aion/2020b/epyc/modules/all/tools/binutils/2.35-GCCcore-10.2.0.lua:/opt/apps/resif/aion/2020b/epyc/modules/all/compiler/GCC/10.2.0.lua:/opt/apps/resif/aion/2020b/epyc/modules/all/tools/numactl/2.0.13-GCCcore-10.2.0.lua:/opt/apps/resif/aion/2020b/epyc/modules/all/tools/XZ/5.2.5-GCCcore-10.2.0.lua:/opt/apps/resif/aion/2020b/epyc/modules/all/lib/libxml2/2.9.10-GCCcore-10.2.0.lua:/opt/apps/resif/aion/2020b/epyc/modules/all/system/libpciaccess/0.16-GCCcore-10.2.0.lua:/opt/apps/resif/aion/2020b/epyc/modules/all/system/hwloc/2.2.0-GCCcore-10.2.0.lua:/opt/apps/resif/aion/2020b/epyc/modules/all/lib/UCX/1.9.0-GCCcore-10.2.0.lua:/opt/apps/resif/aion/2020b/epyc/modules/all/mpi/OpenMPI/4.0.5-GCC-10.2.0.lua";
os.environ["_ModuleTable001_"] = "X01vZHVsZVRhYmxlXyA9IHsKTVR2ZXJzaW9uID0gMywKY19yZWJ1aWxkVGltZSA9IGZhbHNlLApjX3Nob3J0VGltZSA9IGZhbHNlLApkZXB0aFQgPSB7fSwKZmFtaWx5ID0gewplbnYgPSAiZW52L3JlbGVhc2UiLAp9LAptVCA9IHsKWyJjb21waWxlci9HQ0MiXSA9IHsKZm4gPSAiL29wdC9hcHBzL3Jlc2lmL2Fpb24vMjAyMGIvZXB5Yy9tb2R1bGVzL2FsbC9jb21waWxlci9HQ0MvMTAuMi4wLmx1YSIsCmZ1bGxOYW1lID0gImNvbXBpbGVyL0dDQy8xMC4yLjAiLApsb2FkT3JkZXIgPSA2LApwcm9wVCA9IHt9LApzdGFja0RlcHRoID0gMiwKc3RhdHVzID0gImFjdGl2ZSIsCnVzZXJOYW1lID0gImNvbXBpbGVyL0dDQy8xMC4yLjAiLAp3ViA9ICIwMDAwMDAwMTAuMDAwMDAwMDAy";
os.environ["_ModuleTable002_"] = "Lip6ZmluYWwiLAp9LApbImNvbXBpbGVyL0dDQ2NvcmUiXSA9IHsKZm4gPSAiL29wdC9hcHBzL3Jlc2lmL2Fpb24vMjAyMGIvZXB5Yy9tb2R1bGVzL2FsbC9jb21waWxlci9HQ0Njb3JlLzEwLjIuMC5sdWEiLApmdWxsTmFtZSA9ICJjb21waWxlci9HQ0Njb3JlLzEwLjIuMCIsCmxvYWRPcmRlciA9IDMsCnByb3BUID0ge30sCnN0YWNrRGVwdGggPSAzLApzdGF0dXMgPSAiYWN0aXZlIiwKdXNlck5hbWUgPSAiY29tcGlsZXIvR0NDY29yZS8xMC4yLjAiLAp3ViA9ICIwMDAwMDAwMTAuMDAwMDAwMDAyLip6ZmluYWwiLAp9LApbImVudi9yZWxlYXNlIl0gPSB7CmFjdGlvbkEgPSB7CiJhcHBlbmRfcGF0aChcIk1PRFVMRVBBVEhcIixcIi9vcHQvYXBwcy9yZXNpZi9haW9uLzIwMjBi";
os.environ["_ModuleTable003_"] = "L2VweWMvbW9kdWxlcy9hbGxcIikiLAp9LApmbiA9ICIvb3B0L2FwcHMvZWFzeWJ1aWxkL2Vudmlyb25tZW50L21vZHVsZXMvZW52L3JlbGVhc2UvZGVmYXVsdC5sdWEiLApmdWxsTmFtZSA9ICJlbnYvcmVsZWFzZS9kZWZhdWx0IiwKbG9hZE9yZGVyID0gMSwKcHJvcFQgPSB7Cmxtb2QgPSB7CnN0aWNreSA9IDEsCn0sCn0sCnN0YWNrRGVwdGggPSAwLApzdGF0dXMgPSAiYWN0aXZlIiwKdXNlck5hbWUgPSAiZW52L3JlbGVhc2UvZGVmYXVsdCIsCndWID0gIipkZWZhdWx0Lip6ZmluYWwiLAp9LApbImxpYi9VQ1giXSA9IHsKZm4gPSAiL29wdC9hcHBzL3Jlc2lmL2Fpb24vMjAyMGIvZXB5Yy9tb2R1bGVzL2FsbC9saWIvVUNYLzEuOS4wLUdDQ2NvcmUtMTAuMi4wLmx1YSIsCmZ1";
os.environ["_ModuleTable004_"] = "bGxOYW1lID0gImxpYi9VQ1gvMS45LjAtR0NDY29yZS0xMC4yLjAiLApsb2FkT3JkZXIgPSAxMiwKcHJvcFQgPSB7fSwKc3RhY2tEZXB0aCA9IDMsCnN0YXR1cyA9ICJhY3RpdmUiLAp1c2VyTmFtZSA9ICJsaWIvVUNYLzEuOS4wLUdDQ2NvcmUtMTAuMi4wIiwKd1YgPSAiMDAwMDAwMDAxLjAwMDAwMDAwOS4qZ2NjY29yZS4qemZpbmFsLS4wMDAwMDAwMTAuMDAwMDAwMDAyLip6ZmluYWwiLAp9LApbImxpYi9saWJ4bWwyIl0gPSB7CmZuID0gIi9vcHQvYXBwcy9yZXNpZi9haW9uLzIwMjBiL2VweWMvbW9kdWxlcy9hbGwvbGliL2xpYnhtbDIvMi45LjEwLUdDQ2NvcmUtMTAuMi4wLmx1YSIsCmZ1bGxOYW1lID0gImxpYi9saWJ4bWwyLzIuOS4xMC1HQ0Njb3JlLTEwLjIuMCIsCmxv";
os.environ["_ModuleTable005_"] = "YWRPcmRlciA9IDksCnByb3BUID0ge30sCnN0YWNrRGVwdGggPSA0LApzdGF0dXMgPSAiYWN0aXZlIiwKdXNlck5hbWUgPSAibGliL2xpYnhtbDIvMi45LjEwLUdDQ2NvcmUtMTAuMi4wIiwKd1YgPSAiMDAwMDAwMDAyLjAwMDAwMDAwOS4wMDAwMDAwMTAuKmdjY2NvcmUuKnpmaW5hbC0uMDAwMDAwMDEwLjAwMDAwMDAwMi4qemZpbmFsIiwKfSwKWyJsaWIvemxpYiJdID0gewpmbiA9ICIvb3B0L2FwcHMvcmVzaWYvYWlvbi8yMDIwYi9lcHljL21vZHVsZXMvYWxsL2xpYi96bGliLzEuMi4xMS1HQ0Njb3JlLTEwLjIuMC5sdWEiLApmdWxsTmFtZSA9ICJsaWIvemxpYi8xLjIuMTEtR0NDY29yZS0xMC4yLjAiLApsb2FkT3JkZXIgPSA0LApwcm9wVCA9IHt9LApzdGFja0RlcHRoID0g";
os.environ["_ModuleTable006_"] = "NCwKc3RhdHVzID0gImFjdGl2ZSIsCnVzZXJOYW1lID0gImxpYi96bGliLzEuMi4xMS1HQ0Njb3JlLTEwLjIuMCIsCndWID0gIjAwMDAwMDAwMS4wMDAwMDAwMDIuMDAwMDAwMDExLipnY2Njb3JlLip6ZmluYWwtLjAwMDAwMDAxMC4wMDAwMDAwMDIuKnpmaW5hbCIsCn0sClsibXBpL09wZW5NUEkiXSA9IHsKZm4gPSAiL29wdC9hcHBzL3Jlc2lmL2Fpb24vMjAyMGIvZXB5Yy9tb2R1bGVzL2FsbC9tcGkvT3Blbk1QSS80LjAuNS1HQ0MtMTAuMi4wLmx1YSIsCmZ1bGxOYW1lID0gIm1waS9PcGVuTVBJLzQuMC41LUdDQy0xMC4yLjAiLApsb2FkT3JkZXIgPSAxMywKcHJvcFQgPSB7fSwKc3RhY2tEZXB0aCA9IDIsCnN0YXR1cyA9ICJhY3RpdmUiLAp1c2VyTmFtZSA9ICJtcGkvT3Bl";
os.environ["_ModuleTable007_"] = "bk1QSS80LjAuNS1HQ0MtMTAuMi4wIiwKd1YgPSAiMDAwMDAwMDA0LjAwMDAwMDAwMC4wMDAwMDAwMDUuKmdjYy4qemZpbmFsLS4wMDAwMDAwMTAuMDAwMDAwMDAyLip6ZmluYWwiLAp9LApbInN5c3RlbS9od2xvYyJdID0gewpmbiA9ICIvb3B0L2FwcHMvcmVzaWYvYWlvbi8yMDIwYi9lcHljL21vZHVsZXMvYWxsL3N5c3RlbS9od2xvYy8yLjIuMC1HQ0Njb3JlLTEwLjIuMC5sdWEiLApmdWxsTmFtZSA9ICJzeXN0ZW0vaHdsb2MvMi4yLjAtR0NDY29yZS0xMC4yLjAiLApsb2FkT3JkZXIgPSAxMSwKcHJvcFQgPSB7fSwKc3RhY2tEZXB0aCA9IDMsCnN0YXR1cyA9ICJhY3RpdmUiLAp1c2VyTmFtZSA9ICJzeXN0ZW0vaHdsb2MvMi4yLjAtR0NDY29yZS0xMC4yLjAiLAp3ViA9ICIw";
os.environ["_ModuleTable008_"] = "MDAwMDAwMDIuMDAwMDAwMDAyLipnY2Njb3JlLip6ZmluYWwtLjAwMDAwMDAxMC4wMDAwMDAwMDIuKnpmaW5hbCIsCn0sClsic3lzdGVtL2xpYnBjaWFjY2VzcyJdID0gewpmbiA9ICIvb3B0L2FwcHMvcmVzaWYvYWlvbi8yMDIwYi9lcHljL21vZHVsZXMvYWxsL3N5c3RlbS9saWJwY2lhY2Nlc3MvMC4xNi1HQ0Njb3JlLTEwLjIuMC5sdWEiLApmdWxsTmFtZSA9ICJzeXN0ZW0vbGlicGNpYWNjZXNzLzAuMTYtR0NDY29yZS0xMC4yLjAiLApsb2FkT3JkZXIgPSAxMCwKcHJvcFQgPSB7fSwKc3RhY2tEZXB0aCA9IDQsCnN0YXR1cyA9ICJhY3RpdmUiLAp1c2VyTmFtZSA9ICJzeXN0ZW0vbGlicGNpYWNjZXNzLzAuMTYtR0NDY29yZS0xMC4yLjAiLAp3ViA9ICIwMDAwMDAwMDAuMDAw";
os.environ["_ModuleTable009_"] = "MDAwMDE2LipnY2Njb3JlLip6ZmluYWwtLjAwMDAwMDAxMC4wMDAwMDAwMDIuKnpmaW5hbCIsCn0sClsidG9vbHMvRWFzeUJ1aWxkIl0gPSB7CmZuID0gIi9ob21lL3VzZXJzL21naGF2YW1pLy5sb2NhbC9lYXN5YnVpbGQvbW9kdWxlcy9hbGwvdG9vbHMvRWFzeUJ1aWxkLzUuMC4wLmx1YSIsCmZ1bGxOYW1lID0gInRvb2xzL0Vhc3lCdWlsZC81LjAuMCIsCmxvYWRPcmRlciA9IDIsCnByb3BUID0ge30sCnN0YWNrRGVwdGggPSAwLApzdGF0dXMgPSAiYWN0aXZlIiwKdXNlck5hbWUgPSAidG9vbHMvRWFzeUJ1aWxkLzUuMC4wIiwKd1YgPSAiMDAwMDAwMDA1Lip6ZmluYWwiLAp9LApbInRvb2xzL1haIl0gPSB7CmZuID0gIi9vcHQvYXBwcy9yZXNpZi9haW9uLzIwMjBiL2VweWMv";
os.environ["_ModuleTable010_"] = "bW9kdWxlcy9hbGwvdG9vbHMvWFovNS4yLjUtR0NDY29yZS0xMC4yLjAubHVhIiwKZnVsbE5hbWUgPSAidG9vbHMvWFovNS4yLjUtR0NDY29yZS0xMC4yLjAiLApsb2FkT3JkZXIgPSA4LApwcm9wVCA9IHt9LApzdGFja0RlcHRoID0gNSwKc3RhdHVzID0gImFjdGl2ZSIsCnVzZXJOYW1lID0gInRvb2xzL1haLzUuMi41LUdDQ2NvcmUtMTAuMi4wIiwKd1YgPSAiMDAwMDAwMDA1LjAwMDAwMDAwMi4wMDAwMDAwMDUuKmdjY2NvcmUuKnpmaW5hbC0uMDAwMDAwMDEwLjAwMDAwMDAwMi4qemZpbmFsIiwKfSwKWyJ0b29scy9iaW51dGlscyJdID0gewpmbiA9ICIvb3B0L2FwcHMvcmVzaWYvYWlvbi8yMDIwYi9lcHljL21vZHVsZXMvYWxsL3Rvb2xzL2JpbnV0aWxzLzIuMzUtR0NDY29y";
os.environ["_ModuleTable011_"] = "ZS0xMC4yLjAubHVhIiwKZnVsbE5hbWUgPSAidG9vbHMvYmludXRpbHMvMi4zNS1HQ0Njb3JlLTEwLjIuMCIsCmxvYWRPcmRlciA9IDUsCnByb3BUID0ge30sCnN0YWNrRGVwdGggPSAzLApzdGF0dXMgPSAiYWN0aXZlIiwKdXNlck5hbWUgPSAidG9vbHMvYmludXRpbHMvMi4zNS1HQ0Njb3JlLTEwLjIuMCIsCndWID0gIjAwMDAwMDAwMi4wMDAwMDAwMzUuKmdjY2NvcmUuKnpmaW5hbC0uMDAwMDAwMDEwLjAwMDAwMDAwMi4qemZpbmFsIiwKfSwKWyJ0b29scy9udW1hY3RsIl0gPSB7CmZuID0gIi9vcHQvYXBwcy9yZXNpZi9haW9uLzIwMjBiL2VweWMvbW9kdWxlcy9hbGwvdG9vbHMvbnVtYWN0bC8yLjAuMTMtR0NDY29yZS0xMC4yLjAubHVhIiwKZnVsbE5hbWUgPSAidG9vbHMv";
os.environ["_ModuleTable012_"] = "bnVtYWN0bC8yLjAuMTMtR0NDY29yZS0xMC4yLjAiLApsb2FkT3JkZXIgPSA3LApwcm9wVCA9IHt9LApzdGFja0RlcHRoID0gNCwKc3RhdHVzID0gImFjdGl2ZSIsCnVzZXJOYW1lID0gInRvb2xzL251bWFjdGwvMi4wLjEzLUdDQ2NvcmUtMTAuMi4wIiwKd1YgPSAiMDAwMDAwMDAyLjAwMDAwMDAwMC4wMDAwMDAwMTMuKmdjY2NvcmUuKnpmaW5hbC0uMDAwMDAwMDEwLjAwMDAwMDAwMi4qemZpbmFsIiwKfSwKfSwKbXBhdGhBID0gewoiL3RtcC9lYi0wOXp4bWtmdC90bXAxaHJtMTYxdy9hbGwiCiwgIi9ob21lL3VzZXJzL21naGF2YW1pLy5sb2NhbC9lYXN5YnVpbGQvbW9kdWxlcy9hbGwiCiwgIi9vcHQvYXBwcy9lYXN5YnVpbGQvZW52aXJvbm1lbnQvbW9kdWxlcyIKLCAiL2N2";
os.environ["_ModuleTable013_"] = "bWZzL3NvZnR3YXJlLmVlc3NpLmlvL2luaXQvbW9kdWxlcyIsICIvb3B0L2FwcHMvcmVzaWYvYWlvbi8yMDIwYi9lcHljL21vZHVsZXMvYWxsIiwKfSwKc3lzdGVtQmFzZU1QQVRIID0gIi9vcHQvYXBwcy9lYXN5YnVpbGQvZW52aXJvbm1lbnQvbW9kdWxlczovY3ZtZnMvc29mdHdhcmUuZWVzc2kuaW8vaW5pdC9tb2R1bGVzIiwKfQo=";
os.environ["_ModuleTable_Sz_"] = "13";
os.environ["_ModuleTable015_"] = ''
del os.environ["_ModuleTable015_"]
_mlstatus = True

== 2025-03-25 13:55:55,626 run.py:596 INFO Warnings and errors of '/usr/share/lmod/lmod/libexec/lmod ...' shell command (stderr only):

== 2025-03-25 13:55:55,626 run.py:601 INFO Shell command completed successfully (see output above): /usr/share/lmod/lmod/libexec/lmod python unload perf/OSU-Micro-Benchmarks/7.5-gompi-2020b
== 2025-03-25 13:55:55,627 environment.py:93 INFO Environment variable LD_LIBRARY_PATH set to /home/users/mghavami/.local/easybuild/software/OSU-Micro-Benchmarks/7.5-gompi-2020b/lib64:/home/users/mghavami/.local/easybuild/software/OSU-Micro-Benchmarks/7.5-gompi-2020b/lib:/opt/apps/resif/aion/2020b/epyc/software/OpenMPI/4.0.5-GCC-10.2.0/lib:/opt/apps/resif/aion/2020b/epyc/software/UCX/1.9.0-GCCcore-10.2.0/lib:/opt/apps/resif/aion/2020b/epyc/software/hwloc/2.2.0-GCCcore-10.2.0/lib:/opt/apps/resif/aion/2020b/epyc/software/libpciaccess/0.16-GCCcore-10.2.0/lib:/opt/apps/resif/aion/2020b/epyc/software/libxml2/2.9.10-GCCcore-10.2.0/lib:/opt/apps/resif/aion/2020b/epyc/software/XZ/5.2.5-GCCcore-10.2.0/lib:/opt/apps/resif/aion/2020b/epyc/software/numactl/2.0.13-GCCcore-10.2.0/lib:/opt/apps/resif/aion/2020b/epyc/software/binutils/2.35-GCCcore-10.2.0/lib:/opt/apps/resif/aion/2020b/epyc/software/zlib/1.2.11-GCCcore-10.2.0/lib:/opt/apps/resif/aion/2020b/epyc/software/GCCcore/10.2.0/lib64:/opt/apps/resif/aion/2020b/epyc/software/GCCcore/10.2.0/lib (previously undefined)
== 2025-03-25 13:55:55,628 filetools.py:402 INFO Path /tmp/eb-09zxmkft/tmp1hrm161w successfully removed.
== 2025-03-25 13:55:55,628 environment.py:93 INFO Environment variable _ModuleTable002_ set to Lip6ZmluYWwiLAp9LApbImNvbXBpbGVyL0dDQ2NvcmUiXSA9IHsKZm4gPSAiL29wdC9hcHBzL3Jlc2lmL2Fpb24vMjAyMGIvZXB5Yy9tb2R1bGVzL2FsbC9jb21waWxlci9HQ0Njb3JlLzEwLjIuMC5sdWEiLApmdWxsTmFtZSA9ICJjb21waWxlci9HQ0Njb3JlLzEwLjIuMCIsCmxvYWRPcmRlciA9IDMsCnByb3BUID0ge30sCnN0YWNrRGVwdGggPSAyLApzdGF0dXMgPSAiYWN0aXZlIiwKdXNlck5hbWUgPSAiY29tcGlsZXIvR0NDY29yZS8xMC4yLjAiLAp3ViA9ICIwMDAwMDAwMTAuMDAwMDAwMDAyLip6ZmluYWwiLAp9LApbImVudi9yZWxlYXNlIl0gPSB7CmFjdGlvbkEgPSB7CiJhcHBlbmRfcGF0aChcIk1PRFVMRVBBVEhcIixcIi9vcHQvYXBwcy9yZXNpZi9haW9uLzIwMjBi (previous value: 'Lip6ZmluYWwiLAp9LApbImNvbXBpbGVyL0dDQ2NvcmUiXSA9IHsKZm4gPSAiL29wdC9hcHBzL3Jlc2lmL2Fpb24vMjAyMGIvZXB5Yy9tb2R1bGVzL2FsbC9jb21waWxlci9HQ0Njb3JlLzEwLjIuMC5sdWEiLApmdWxsTmFtZSA9ICJjb21waWxlci9HQ0Njb3JlLzEwLjIuMCIsCmxvYWRPcmRlciA9IDMsCnByb3BUID0ge30sCnN0YWNrRGVwdGggPSAzLApzdGF0dXMgPSAiYWN0aXZlIiwKdXNlck5hbWUgPSAiY29tcGlsZXIvR0NDY29yZS8xMC4yLjAiLAp3ViA9ICIwMDAwMDAwMTAuMDAwMDAwMDAyLip6ZmluYWwiLAp9LApbImVudi9yZWxlYXNlIl0gPSB7CmFjdGlvbkEgPSB7CiJhcHBlbmRfcGF0aChcIk1PRFVMRVBBVEhcIixcIi9vcHQvYXBwcy9yZXNpZi9haW9uLzIwMjBi')
== 2025-03-25 13:55:55,628 environment.py:93 INFO Environment variable __LMOD_REF_COUNT_MODULEPATH set to /home/users/mghavami/.local/easybuild/modules/all:1;/opt/apps/easybuild/environment/modules:1;/cvmfs/software.eessi.io/init/modules:1;/opt/apps/resif/aion/2020b/epyc/modules/all:1 (previous value: '/tmp/eb-09zxmkft/tmp1hrm161w/all:1;/home/users/mghavami/.local/easybuild/modules/all:1;/opt/apps/easybuild/environment/modules:1;/cvmfs/software.eessi.io/init/modules:1;/opt/apps/resif/aion/2020b/epyc/modules/all:1')
== 2025-03-25 13:55:55,628 environment.py:93 INFO Environment variable _ModuleTable001_ set to X01vZHVsZVRhYmxlXyA9IHsKTVR2ZXJzaW9uID0gMywKY19yZWJ1aWxkVGltZSA9IGZhbHNlLApjX3Nob3J0VGltZSA9IGZhbHNlLApkZXB0aFQgPSB7fSwKZmFtaWx5ID0gewplbnYgPSAiZW52L3JlbGVhc2UiLAp9LAptVCA9IHsKWyJjb21waWxlci9HQ0MiXSA9IHsKZm4gPSAiL29wdC9hcHBzL3Jlc2lmL2Fpb24vMjAyMGIvZXB5Yy9tb2R1bGVzL2FsbC9jb21waWxlci9HQ0MvMTAuMi4wLmx1YSIsCmZ1bGxOYW1lID0gImNvbXBpbGVyL0dDQy8xMC4yLjAiLApsb2FkT3JkZXIgPSA2LApwcm9wVCA9IHt9LApzdGFja0RlcHRoID0gMSwKc3RhdHVzID0gImFjdGl2ZSIsCnVzZXJOYW1lID0gImNvbXBpbGVyL0dDQy8xMC4yLjAiLAp3ViA9ICIwMDAwMDAwMTAuMDAwMDAwMDAy (previous value: 'X01vZHVsZVRhYmxlXyA9IHsKTVR2ZXJzaW9uID0gMywKY19yZWJ1aWxkVGltZSA9IGZhbHNlLApjX3Nob3J0VGltZSA9IGZhbHNlLApkZXB0aFQgPSB7fSwKZmFtaWx5ID0gewplbnYgPSAiZW52L3JlbGVhc2UiLAp9LAptVCA9IHsKWyJjb21waWxlci9HQ0MiXSA9IHsKZm4gPSAiL29wdC9hcHBzL3Jlc2lmL2Fpb24vMjAyMGIvZXB5Yy9tb2R1bGVzL2FsbC9jb21waWxlci9HQ0MvMTAuMi4wLmx1YSIsCmZ1bGxOYW1lID0gImNvbXBpbGVyL0dDQy8xMC4yLjAiLApsb2FkT3JkZXIgPSA2LApwcm9wVCA9IHt9LApzdGFja0RlcHRoID0gMiwKc3RhdHVzID0gImFjdGl2ZSIsCnVzZXJOYW1lID0gImNvbXBpbGVyL0dDQy8xMC4yLjAiLAp3ViA9ICIwMDAwMDAwMTAuMDAwMDAwMDAy')
== 2025-03-25 13:55:55,628 environment.py:93 INFO Environment variable LOADEDMODULES set to env/release/default:tools/EasyBuild/5.0.0:compiler/GCCcore/10.2.0:lib/zlib/1.2.11-GCCcore-10.2.0:tools/binutils/2.35-GCCcore-10.2.0:compiler/GCC/10.2.0:tools/numactl/2.0.13-GCCcore-10.2.0:tools/XZ/5.2.5-GCCcore-10.2.0:lib/libxml2/2.9.10-GCCcore-10.2.0:system/libpciaccess/0.16-GCCcore-10.2.0:system/hwloc/2.2.0-GCCcore-10.2.0:lib/UCX/1.9.0-GCCcore-10.2.0:mpi/OpenMPI/4.0.5-GCC-10.2.0:toolchain/gompi/2020b (previous value: 'env/release/default:tools/EasyBuild/5.0.0:compiler/GCCcore/10.2.0:lib/zlib/1.2.11-GCCcore-10.2.0:tools/binutils/2.35-GCCcore-10.2.0:compiler/GCC/10.2.0:tools/numactl/2.0.13-GCCcore-10.2.0:tools/XZ/5.2.5-GCCcore-10.2.0:lib/libxml2/2.9.10-GCCcore-10.2.0:system/libpciaccess/0.16-GCCcore-10.2.0:system/hwloc/2.2.0-GCCcore-10.2.0:lib/UCX/1.9.0-GCCcore-10.2.0:mpi/OpenMPI/4.0.5-GCC-10.2.0')
== 2025-03-25 13:55:55,628 environment.py:93 INFO Environment variable _ModuleTable_Sz_ set to 14 (previous value: '13')
== 2025-03-25 13:55:55,629 environment.py:93 INFO Environment variable PATH set to /tmp/eb-09zxmkft/tmp2l12z53e/rpath_wrappers/ld.bfd_wrapper:/tmp/eb-09zxmkft/tmp2l12z53e/rpath_wrappers/ld.gold_wrapper:/tmp/eb-09zxmkft/tmp2l12z53e/rpath_wrappers/ld_wrapper:/tmp/eb-09zxmkft/tmp2l12z53e/rpath_wrappers/gfortran_wrapper:/tmp/eb-09zxmkft/tmp2l12z53e/rpath_wrappers/gxx_wrapper:/tmp/eb-09zxmkft/tmp2l12z53e/rpath_wrappers/gcc_wrapper:/opt/apps/resif/aion/2020b/epyc/software/OpenMPI/4.0.5-GCC-10.2.0/bin:/opt/apps/resif/aion/2020b/epyc/software/UCX/1.9.0-GCCcore-10.2.0/bin:/opt/apps/resif/aion/2020b/epyc/software/hwloc/2.2.0-GCCcore-10.2.0/sbin:/opt/apps/resif/aion/2020b/epyc/software/hwloc/2.2.0-GCCcore-10.2.0/bin:/opt/apps/resif/aion/2020b/epyc/software/libxml2/2.9.10-GCCcore-10.2.0/bin:/opt/apps/resif/aion/2020b/epyc/software/XZ/5.2.5-GCCcore-10.2.0/bin:/opt/apps/resif/aion/2020b/epyc/software/numactl/2.0.13-GCCcore-10.2.0/bin:/opt/apps/resif/aion/2020b/epyc/software/binutils/2.35-GCCcore-10.2.0/bin:/opt/apps/resif/aion/2020b/epyc/software/GCCcore/10.2.0/bin:/home/users/mghavami/.local/easybuild/software/EasyBuild/5.0.0/bin:/home/users/mghavami/.local/bin:/home/users/mghavami/bin:/usr/local/bin:/usr/bin:/usr/local/sbin:/usr/sbin:/opt/puppetlabs/bin:/usr/share/lmod/lmod/libexec (previous value: '/opt/apps/resif/aion/2020b/epyc/software/OpenMPI/4.0.5-GCC-10.2.0/bin:/opt/apps/resif/aion/2020b/epyc/software/UCX/1.9.0-GCCcore-10.2.0/bin:/opt/apps/resif/aion/2020b/epyc/software/hwloc/2.2.0-GCCcore-10.2.0/sbin:/opt/apps/resif/aion/2020b/epyc/software/hwloc/2.2.0-GCCcore-10.2.0/bin:/opt/apps/resif/aion/2020b/epyc/software/libxml2/2.9.10-GCCcore-10.2.0/bin:/opt/apps/resif/aion/2020b/epyc/software/XZ/5.2.5-GCCcore-10.2.0/bin:/opt/apps/resif/aion/2020b/epyc/software/numactl/2.0.13-GCCcore-10.2.0/bin:/opt/apps/resif/aion/2020b/epyc/software/binutils/2.35-GCCcore-10.2.0/bin:/opt/apps/resif/aion/2020b/epyc/software/GCCcore/10.2.0/bin:/home/users/mghavami/.local/easybuild/software/EasyBuild/5.0.0/bin:/home/users/mghavami/.local/bin:/home/users/mghavami/bin:/usr/local/bin:/usr/bin:/usr/local/sbin:/usr/sbin:/opt/puppetlabs/bin:/usr/share/lmod/lmod/libexec')
== 2025-03-25 13:55:55,629 environment.py:93 INFO Environment variable _LMFILES_ set to /opt/apps/easybuild/environment/modules/env/release/default.lua:/home/users/mghavami/.local/easybuild/modules/all/tools/EasyBuild/5.0.0.lua:/opt/apps/resif/aion/2020b/epyc/modules/all/compiler/GCCcore/10.2.0.lua:/opt/apps/resif/aion/2020b/epyc/modules/all/lib/zlib/1.2.11-GCCcore-10.2.0.lua:/opt/apps/resif/aion/2020b/epyc/modules/all/tools/binutils/2.35-GCCcore-10.2.0.lua:/opt/apps/resif/aion/2020b/epyc/modules/all/compiler/GCC/10.2.0.lua:/opt/apps/resif/aion/2020b/epyc/modules/all/tools/numactl/2.0.13-GCCcore-10.2.0.lua:/opt/apps/resif/aion/2020b/epyc/modules/all/tools/XZ/5.2.5-GCCcore-10.2.0.lua:/opt/apps/resif/aion/2020b/epyc/modules/all/lib/libxml2/2.9.10-GCCcore-10.2.0.lua:/opt/apps/resif/aion/2020b/epyc/modules/all/system/libpciaccess/0.16-GCCcore-10.2.0.lua:/opt/apps/resif/aion/2020b/epyc/modules/all/system/hwloc/2.2.0-GCCcore-10.2.0.lua:/opt/apps/resif/aion/2020b/epyc/modules/all/lib/UCX/1.9.0-GCCcore-10.2.0.lua:/opt/apps/resif/aion/2020b/epyc/modules/all/mpi/OpenMPI/4.0.5-GCC-10.2.0.lua:/opt/apps/resif/aion/2020b/epyc/modules/all/toolchain/gompi/2020b.lua (previous value: '/opt/apps/easybuild/environment/modules/env/release/default.lua:/home/users/mghavami/.local/easybuild/modules/all/tools/EasyBuild/5.0.0.lua:/opt/apps/resif/aion/2020b/epyc/modules/all/compiler/GCCcore/10.2.0.lua:/opt/apps/resif/aion/2020b/epyc/modules/all/lib/zlib/1.2.11-GCCcore-10.2.0.lua:/opt/apps/resif/aion/2020b/epyc/modules/all/tools/binutils/2.35-GCCcore-10.2.0.lua:/opt/apps/resif/aion/2020b/epyc/modules/all/compiler/GCC/10.2.0.lua:/opt/apps/resif/aion/2020b/epyc/modules/all/tools/numactl/2.0.13-GCCcore-10.2.0.lua:/opt/apps/resif/aion/2020b/epyc/modules/all/tools/XZ/5.2.5-GCCcore-10.2.0.lua:/opt/apps/resif/aion/2020b/epyc/modules/all/lib/libxml2/2.9.10-GCCcore-10.2.0.lua:/opt/apps/resif/aion/2020b/epyc/modules/all/system/libpciaccess/0.16-GCCcore-10.2.0.lua:/opt/apps/resif/aion/2020b/epyc/modules/all/system/hwloc/2.2.0-GCCcore-10.2.0.lua:/opt/apps/resif/aion/2020b/epyc/modules/all/lib/UCX/1.9.0-GCCcore-10.2.0.lua:/opt/apps/resif/aion/2020b/epyc/modules/all/mpi/OpenMPI/4.0.5-GCC-10.2.0.lua')
== 2025-03-25 13:55:55,629 environment.py:93 INFO Environment variable _ModuleTable004_ set to bGxOYW1lID0gImxpYi9VQ1gvMS45LjAtR0NDY29yZS0xMC4yLjAiLApsb2FkT3JkZXIgPSAxMiwKcHJvcFQgPSB7fSwKc3RhY2tEZXB0aCA9IDIsCnN0YXR1cyA9ICJhY3RpdmUiLAp1c2VyTmFtZSA9ICJsaWIvVUNYLzEuOS4wLUdDQ2NvcmUtMTAuMi4wIiwKd1YgPSAiMDAwMDAwMDAxLjAwMDAwMDAwOS4qZ2NjY29yZS4qemZpbmFsLS4wMDAwMDAwMTAuMDAwMDAwMDAyLip6ZmluYWwiLAp9LApbImxpYi9saWJ4bWwyIl0gPSB7CmZuID0gIi9vcHQvYXBwcy9yZXNpZi9haW9uLzIwMjBiL2VweWMvbW9kdWxlcy9hbGwvbGliL2xpYnhtbDIvMi45LjEwLUdDQ2NvcmUtMTAuMi4wLmx1YSIsCmZ1bGxOYW1lID0gImxpYi9saWJ4bWwyLzIuOS4xMC1HQ0Njb3JlLTEwLjIuMCIsCmxv (previous value: 'bGxOYW1lID0gImxpYi9VQ1gvMS45LjAtR0NDY29yZS0xMC4yLjAiLApsb2FkT3JkZXIgPSAxMiwKcHJvcFQgPSB7fSwKc3RhY2tEZXB0aCA9IDMsCnN0YXR1cyA9ICJhY3RpdmUiLAp1c2VyTmFtZSA9ICJsaWIvVUNYLzEuOS4wLUdDQ2NvcmUtMTAuMi4wIiwKd1YgPSAiMDAwMDAwMDAxLjAwMDAwMDAwOS4qZ2NjY29yZS4qemZpbmFsLS4wMDAwMDAwMTAuMDAwMDAwMDAyLip6ZmluYWwiLAp9LApbImxpYi9saWJ4bWwyIl0gPSB7CmZuID0gIi9vcHQvYXBwcy9yZXNpZi9haW9uLzIwMjBiL2VweWMvbW9kdWxlcy9hbGwvbGliL2xpYnhtbDIvMi45LjEwLUdDQ2NvcmUtMTAuMi4wLmx1YSIsCmZ1bGxOYW1lID0gImxpYi9saWJ4bWwyLzIuOS4xMC1HQ0Njb3JlLTEwLjIuMCIsCmxv')
== 2025-03-25 13:55:55,629 environment.py:93 INFO Environment variable _ModuleTable005_ set to YWRPcmRlciA9IDksCnByb3BUID0ge30sCnN0YWNrRGVwdGggPSAzLApzdGF0dXMgPSAiYWN0aXZlIiwKdXNlck5hbWUgPSAibGliL2xpYnhtbDIvMi45LjEwLUdDQ2NvcmUtMTAuMi4wIiwKd1YgPSAiMDAwMDAwMDAyLjAwMDAwMDAwOS4wMDAwMDAwMTAuKmdjY2NvcmUuKnpmaW5hbC0uMDAwMDAwMDEwLjAwMDAwMDAwMi4qemZpbmFsIiwKfSwKWyJsaWIvemxpYiJdID0gewpmbiA9ICIvb3B0L2FwcHMvcmVzaWYvYWlvbi8yMDIwYi9lcHljL21vZHVsZXMvYWxsL2xpYi96bGliLzEuMi4xMS1HQ0Njb3JlLTEwLjIuMC5sdWEiLApmdWxsTmFtZSA9ICJsaWIvemxpYi8xLjIuMTEtR0NDY29yZS0xMC4yLjAiLApsb2FkT3JkZXIgPSA0LApwcm9wVCA9IHt9LApzdGFja0RlcHRoID0g (previous value: 'YWRPcmRlciA9IDksCnByb3BUID0ge30sCnN0YWNrRGVwdGggPSA0LApzdGF0dXMgPSAiYWN0aXZlIiwKdXNlck5hbWUgPSAibGliL2xpYnhtbDIvMi45LjEwLUdDQ2NvcmUtMTAuMi4wIiwKd1YgPSAiMDAwMDAwMDAyLjAwMDAwMDAwOS4wMDAwMDAwMTAuKmdjY2NvcmUuKnpmaW5hbC0uMDAwMDAwMDEwLjAwMDAwMDAwMi4qemZpbmFsIiwKfSwKWyJsaWIvemxpYiJdID0gewpmbiA9ICIvb3B0L2FwcHMvcmVzaWYvYWlvbi8yMDIwYi9lcHljL21vZHVsZXMvYWxsL2xpYi96bGliLzEuMi4xMS1HQ0Njb3JlLTEwLjIuMC5sdWEiLApmdWxsTmFtZSA9ICJsaWIvemxpYi8xLjIuMTEtR0NDY29yZS0xMC4yLjAiLApsb2FkT3JkZXIgPSA0LApwcm9wVCA9IHt9LApzdGFja0RlcHRoID0g')
== 2025-03-25 13:55:55,629 environment.py:93 INFO Environment variable _ModuleTable006_ set to MywKc3RhdHVzID0gImFjdGl2ZSIsCnVzZXJOYW1lID0gImxpYi96bGliLzEuMi4xMS1HQ0Njb3JlLTEwLjIuMCIsCndWID0gIjAwMDAwMDAwMS4wMDAwMDAwMDIuMDAwMDAwMDExLipnY2Njb3JlLip6ZmluYWwtLjAwMDAwMDAxMC4wMDAwMDAwMDIuKnpmaW5hbCIsCn0sClsibXBpL09wZW5NUEkiXSA9IHsKZm4gPSAiL29wdC9hcHBzL3Jlc2lmL2Fpb24vMjAyMGIvZXB5Yy9tb2R1bGVzL2FsbC9tcGkvT3Blbk1QSS80LjAuNS1HQ0MtMTAuMi4wLmx1YSIsCmZ1bGxOYW1lID0gIm1waS9PcGVuTVBJLzQuMC41LUdDQy0xMC4yLjAiLApsb2FkT3JkZXIgPSAxMywKcHJvcFQgPSB7fSwKc3RhY2tEZXB0aCA9IDEsCnN0YXR1cyA9ICJhY3RpdmUiLAp1c2VyTmFtZSA9ICJtcGkvT3Bl (previous value: 'NCwKc3RhdHVzID0gImFjdGl2ZSIsCnVzZXJOYW1lID0gImxpYi96bGliLzEuMi4xMS1HQ0Njb3JlLTEwLjIuMCIsCndWID0gIjAwMDAwMDAwMS4wMDAwMDAwMDIuMDAwMDAwMDExLipnY2Njb3JlLip6ZmluYWwtLjAwMDAwMDAxMC4wMDAwMDAwMDIuKnpmaW5hbCIsCn0sClsibXBpL09wZW5NUEkiXSA9IHsKZm4gPSAiL29wdC9hcHBzL3Jlc2lmL2Fpb24vMjAyMGIvZXB5Yy9tb2R1bGVzL2FsbC9tcGkvT3Blbk1QSS80LjAuNS1HQ0MtMTAuMi4wLmx1YSIsCmZ1bGxOYW1lID0gIm1waS9PcGVuTVBJLzQuMC41LUdDQy0xMC4yLjAiLApsb2FkT3JkZXIgPSAxMywKcHJvcFQgPSB7fSwKc3RhY2tEZXB0aCA9IDIsCnN0YXR1cyA9ICJhY3RpdmUiLAp1c2VyTmFtZSA9ICJtcGkvT3Bl')
== 2025-03-25 13:55:55,629 environment.py:93 INFO Environment variable _ModuleTable007_ set to bk1QSS80LjAuNS1HQ0MtMTAuMi4wIiwKd1YgPSAiMDAwMDAwMDA0LjAwMDAwMDAwMC4wMDAwMDAwMDUuKmdjYy4qemZpbmFsLS4wMDAwMDAwMTAuMDAwMDAwMDAyLip6ZmluYWwiLAp9LApbInN5c3RlbS9od2xvYyJdID0gewpmbiA9ICIvb3B0L2FwcHMvcmVzaWYvYWlvbi8yMDIwYi9lcHljL21vZHVsZXMvYWxsL3N5c3RlbS9od2xvYy8yLjIuMC1HQ0Njb3JlLTEwLjIuMC5sdWEiLApmdWxsTmFtZSA9ICJzeXN0ZW0vaHdsb2MvMi4yLjAtR0NDY29yZS0xMC4yLjAiLApsb2FkT3JkZXIgPSAxMSwKcHJvcFQgPSB7fSwKc3RhY2tEZXB0aCA9IDIsCnN0YXR1cyA9ICJhY3RpdmUiLAp1c2VyTmFtZSA9ICJzeXN0ZW0vaHdsb2MvMi4yLjAtR0NDY29yZS0xMC4yLjAiLAp3ViA9ICIw (previous value: 'bk1QSS80LjAuNS1HQ0MtMTAuMi4wIiwKd1YgPSAiMDAwMDAwMDA0LjAwMDAwMDAwMC4wMDAwMDAwMDUuKmdjYy4qemZpbmFsLS4wMDAwMDAwMTAuMDAwMDAwMDAyLip6ZmluYWwiLAp9LApbInN5c3RlbS9od2xvYyJdID0gewpmbiA9ICIvb3B0L2FwcHMvcmVzaWYvYWlvbi8yMDIwYi9lcHljL21vZHVsZXMvYWxsL3N5c3RlbS9od2xvYy8yLjIuMC1HQ0Njb3JlLTEwLjIuMC5sdWEiLApmdWxsTmFtZSA9ICJzeXN0ZW0vaHdsb2MvMi4yLjAtR0NDY29yZS0xMC4yLjAiLApsb2FkT3JkZXIgPSAxMSwKcHJvcFQgPSB7fSwKc3RhY2tEZXB0aCA9IDMsCnN0YXR1cyA9ICJhY3RpdmUiLAp1c2VyTmFtZSA9ICJzeXN0ZW0vaHdsb2MvMi4yLjAtR0NDY29yZS0xMC4yLjAiLAp3ViA9ICIw')
== 2025-03-25 13:55:55,629 environment.py:93 INFO Environment variable _ModuleTable008_ set to MDAwMDAwMDIuMDAwMDAwMDAyLipnY2Njb3JlLip6ZmluYWwtLjAwMDAwMDAxMC4wMDAwMDAwMDIuKnpmaW5hbCIsCn0sClsic3lzdGVtL2xpYnBjaWFjY2VzcyJdID0gewpmbiA9ICIvb3B0L2FwcHMvcmVzaWYvYWlvbi8yMDIwYi9lcHljL21vZHVsZXMvYWxsL3N5c3RlbS9saWJwY2lhY2Nlc3MvMC4xNi1HQ0Njb3JlLTEwLjIuMC5sdWEiLApmdWxsTmFtZSA9ICJzeXN0ZW0vbGlicGNpYWNjZXNzLzAuMTYtR0NDY29yZS0xMC4yLjAiLApsb2FkT3JkZXIgPSAxMCwKcHJvcFQgPSB7fSwKc3RhY2tEZXB0aCA9IDMsCnN0YXR1cyA9ICJhY3RpdmUiLAp1c2VyTmFtZSA9ICJzeXN0ZW0vbGlicGNpYWNjZXNzLzAuMTYtR0NDY29yZS0xMC4yLjAiLAp3ViA9ICIwMDAwMDAwMDAuMDAw (previous value: 'MDAwMDAwMDIuMDAwMDAwMDAyLipnY2Njb3JlLip6ZmluYWwtLjAwMDAwMDAxMC4wMDAwMDAwMDIuKnpmaW5hbCIsCn0sClsic3lzdGVtL2xpYnBjaWFjY2VzcyJdID0gewpmbiA9ICIvb3B0L2FwcHMvcmVzaWYvYWlvbi8yMDIwYi9lcHljL21vZHVsZXMvYWxsL3N5c3RlbS9saWJwY2lhY2Nlc3MvMC4xNi1HQ0Njb3JlLTEwLjIuMC5sdWEiLApmdWxsTmFtZSA9ICJzeXN0ZW0vbGlicGNpYWNjZXNzLzAuMTYtR0NDY29yZS0xMC4yLjAiLApsb2FkT3JkZXIgPSAxMCwKcHJvcFQgPSB7fSwKc3RhY2tEZXB0aCA9IDQsCnN0YXR1cyA9ICJhY3RpdmUiLAp1c2VyTmFtZSA9ICJzeXN0ZW0vbGlicGNpYWNjZXNzLzAuMTYtR0NDY29yZS0xMC4yLjAiLAp3ViA9ICIwMDAwMDAwMDAuMDAw')
== 2025-03-25 13:55:55,629 environment.py:93 INFO Environment variable _ModuleTable009_ set to MDAwMDE2LipnY2Njb3JlLip6ZmluYWwtLjAwMDAwMDAxMC4wMDAwMDAwMDIuKnpmaW5hbCIsCn0sClsidG9vbGNoYWluL2dvbXBpIl0gPSB7CmZuID0gIi9vcHQvYXBwcy9yZXNpZi9haW9uLzIwMjBiL2VweWMvbW9kdWxlcy9hbGwvdG9vbGNoYWluL2dvbXBpLzIwMjBiLmx1YSIsCmZ1bGxOYW1lID0gInRvb2xjaGFpbi9nb21waS8yMDIwYiIsCmxvYWRPcmRlciA9IDE0LApwcm9wVCA9IHt9LApzdGFja0RlcHRoID0gMCwKc3RhdHVzID0gImFjdGl2ZSIsCnVzZXJOYW1lID0gInRvb2xjaGFpbi9nb21waS8yMDIwYiIsCndWID0gIjAwMDAwMjAyMC4qYi4qemZpbmFsIiwKfSwKWyJ0b29scy9FYXN5QnVpbGQiXSA9IHsKZm4gPSAiL2hvbWUvdXNlcnMvbWdoYXZhbWkvLmxvY2Fs (previous value: 'MDAwMDE2LipnY2Njb3JlLip6ZmluYWwtLjAwMDAwMDAxMC4wMDAwMDAwMDIuKnpmaW5hbCIsCn0sClsidG9vbHMvRWFzeUJ1aWxkIl0gPSB7CmZuID0gIi9ob21lL3VzZXJzL21naGF2YW1pLy5sb2NhbC9lYXN5YnVpbGQvbW9kdWxlcy9hbGwvdG9vbHMvRWFzeUJ1aWxkLzUuMC4wLmx1YSIsCmZ1bGxOYW1lID0gInRvb2xzL0Vhc3lCdWlsZC81LjAuMCIsCmxvYWRPcmRlciA9IDIsCnByb3BUID0ge30sCnN0YWNrRGVwdGggPSAwLApzdGF0dXMgPSAiYWN0aXZlIiwKdXNlck5hbWUgPSAidG9vbHMvRWFzeUJ1aWxkLzUuMC4wIiwKd1YgPSAiMDAwMDAwMDA1Lip6ZmluYWwiLAp9LApbInRvb2xzL1haIl0gPSB7CmZuID0gIi9vcHQvYXBwcy9yZXNpZi9haW9uLzIwMjBiL2VweWMv')
== 2025-03-25 13:55:55,630 environment.py:93 INFO Environment variable _ModuleTable010_ set to L2Vhc3lidWlsZC9tb2R1bGVzL2FsbC90b29scy9FYXN5QnVpbGQvNS4wLjAubHVhIiwKZnVsbE5hbWUgPSAidG9vbHMvRWFzeUJ1aWxkLzUuMC4wIiwKbG9hZE9yZGVyID0gMiwKcHJvcFQgPSB7fSwKc3RhY2tEZXB0aCA9IDAsCnN0YXR1cyA9ICJhY3RpdmUiLAp1c2VyTmFtZSA9ICJ0b29scy9FYXN5QnVpbGQvNS4wLjAiLAp3ViA9ICIwMDAwMDAwMDUuKnpmaW5hbCIsCn0sClsidG9vbHMvWFoiXSA9IHsKZm4gPSAiL29wdC9hcHBzL3Jlc2lmL2Fpb24vMjAyMGIvZXB5Yy9tb2R1bGVzL2FsbC90b29scy9YWi81LjIuNS1HQ0Njb3JlLTEwLjIuMC5sdWEiLApmdWxsTmFtZSA9ICJ0b29scy9YWi81LjIuNS1HQ0Njb3JlLTEwLjIuMCIsCmxvYWRPcmRlciA9IDgsCnByb3BUID0g (previous value: 'bW9kdWxlcy9hbGwvdG9vbHMvWFovNS4yLjUtR0NDY29yZS0xMC4yLjAubHVhIiwKZnVsbE5hbWUgPSAidG9vbHMvWFovNS4yLjUtR0NDY29yZS0xMC4yLjAiLApsb2FkT3JkZXIgPSA4LApwcm9wVCA9IHt9LApzdGFja0RlcHRoID0gNSwKc3RhdHVzID0gImFjdGl2ZSIsCnVzZXJOYW1lID0gInRvb2xzL1haLzUuMi41LUdDQ2NvcmUtMTAuMi4wIiwKd1YgPSAiMDAwMDAwMDA1LjAwMDAwMDAwMi4wMDAwMDAwMDUuKmdjY2NvcmUuKnpmaW5hbC0uMDAwMDAwMDEwLjAwMDAwMDAwMi4qemZpbmFsIiwKfSwKWyJ0b29scy9iaW51dGlscyJdID0gewpmbiA9ICIvb3B0L2FwcHMvcmVzaWYvYWlvbi8yMDIwYi9lcHljL21vZHVsZXMvYWxsL3Rvb2xzL2JpbnV0aWxzLzIuMzUtR0NDY29y')
== 2025-03-25 13:55:55,630 environment.py:93 INFO Environment variable _ModuleTable011_ set to e30sCnN0YWNrRGVwdGggPSA0LApzdGF0dXMgPSAiYWN0aXZlIiwKdXNlck5hbWUgPSAidG9vbHMvWFovNS4yLjUtR0NDY29yZS0xMC4yLjAiLAp3ViA9ICIwMDAwMDAwMDUuMDAwMDAwMDAyLjAwMDAwMDAwNS4qZ2NjY29yZS4qemZpbmFsLS4wMDAwMDAwMTAuMDAwMDAwMDAyLip6ZmluYWwiLAp9LApbInRvb2xzL2JpbnV0aWxzIl0gPSB7CmZuID0gIi9vcHQvYXBwcy9yZXNpZi9haW9uLzIwMjBiL2VweWMvbW9kdWxlcy9hbGwvdG9vbHMvYmludXRpbHMvMi4zNS1HQ0Njb3JlLTEwLjIuMC5sdWEiLApmdWxsTmFtZSA9ICJ0b29scy9iaW51dGlscy8yLjM1LUdDQ2NvcmUtMTAuMi4wIiwKbG9hZE9yZGVyID0gNSwKcHJvcFQgPSB7fSwKc3RhY2tEZXB0aCA9IDIsCnN0YXR1cyA9 (previous value: 'ZS0xMC4yLjAubHVhIiwKZnVsbE5hbWUgPSAidG9vbHMvYmludXRpbHMvMi4zNS1HQ0Njb3JlLTEwLjIuMCIsCmxvYWRPcmRlciA9IDUsCnByb3BUID0ge30sCnN0YWNrRGVwdGggPSAzLApzdGF0dXMgPSAiYWN0aXZlIiwKdXNlck5hbWUgPSAidG9vbHMvYmludXRpbHMvMi4zNS1HQ0Njb3JlLTEwLjIuMCIsCndWID0gIjAwMDAwMDAwMi4wMDAwMDAwMzUuKmdjY2NvcmUuKnpmaW5hbC0uMDAwMDAwMDEwLjAwMDAwMDAwMi4qemZpbmFsIiwKfSwKWyJ0b29scy9udW1hY3RsIl0gPSB7CmZuID0gIi9vcHQvYXBwcy9yZXNpZi9haW9uLzIwMjBiL2VweWMvbW9kdWxlcy9hbGwvdG9vbHMvbnVtYWN0bC8yLjAuMTMtR0NDY29yZS0xMC4yLjAubHVhIiwKZnVsbE5hbWUgPSAidG9vbHMv')
== 2025-03-25 13:55:55,630 environment.py:93 INFO Environment variable _ModuleTable012_ set to ICJhY3RpdmUiLAp1c2VyTmFtZSA9ICJ0b29scy9iaW51dGlscy8yLjM1LUdDQ2NvcmUtMTAuMi4wIiwKd1YgPSAiMDAwMDAwMDAyLjAwMDAwMDAzNS4qZ2NjY29yZS4qemZpbmFsLS4wMDAwMDAwMTAuMDAwMDAwMDAyLip6ZmluYWwiLAp9LApbInRvb2xzL251bWFjdGwiXSA9IHsKZm4gPSAiL29wdC9hcHBzL3Jlc2lmL2Fpb24vMjAyMGIvZXB5Yy9tb2R1bGVzL2FsbC90b29scy9udW1hY3RsLzIuMC4xMy1HQ0Njb3JlLTEwLjIuMC5sdWEiLApmdWxsTmFtZSA9ICJ0b29scy9udW1hY3RsLzIuMC4xMy1HQ0Njb3JlLTEwLjIuMCIsCmxvYWRPcmRlciA9IDcsCnByb3BUID0ge30sCnN0YWNrRGVwdGggPSAzLApzdGF0dXMgPSAiYWN0aXZlIiwKdXNlck5hbWUgPSAidG9vbHMvbnVt (previous value: 'bnVtYWN0bC8yLjAuMTMtR0NDY29yZS0xMC4yLjAiLApsb2FkT3JkZXIgPSA3LApwcm9wVCA9IHt9LApzdGFja0RlcHRoID0gNCwKc3RhdHVzID0gImFjdGl2ZSIsCnVzZXJOYW1lID0gInRvb2xzL251bWFjdGwvMi4wLjEzLUdDQ2NvcmUtMTAuMi4wIiwKd1YgPSAiMDAwMDAwMDAyLjAwMDAwMDAwMC4wMDAwMDAwMTMuKmdjY2NvcmUuKnpmaW5hbC0uMDAwMDAwMDEwLjAwMDAwMDAwMi4qemZpbmFsIiwKfSwKfSwKbXBhdGhBID0gewoiL3RtcC9lYi0wOXp4bWtmdC90bXAxaHJtMTYxdy9hbGwiCiwgIi9ob21lL3VzZXJzL21naGF2YW1pLy5sb2NhbC9lYXN5YnVpbGQvbW9kdWxlcy9hbGwiCiwgIi9vcHQvYXBwcy9lYXN5YnVpbGQvZW52aXJvbm1lbnQvbW9kdWxlcyIKLCAiL2N2')
== 2025-03-25 13:55:55,630 environment.py:93 INFO Environment variable _ModuleTable013_ set to YWN0bC8yLjAuMTMtR0NDY29yZS0xMC4yLjAiLAp3ViA9ICIwMDAwMDAwMDIuMDAwMDAwMDAwLjAwMDAwMDAxMy4qZ2NjY29yZS4qemZpbmFsLS4wMDAwMDAwMTAuMDAwMDAwMDAyLip6ZmluYWwiLAp9LAp9LAptcGF0aEEgPSB7CiIvaG9tZS91c2Vycy9tZ2hhdmFtaS8ubG9jYWwvZWFzeWJ1aWxkL21vZHVsZXMvYWxsIgosICIvb3B0L2FwcHMvZWFzeWJ1aWxkL2Vudmlyb25tZW50L21vZHVsZXMiCiwgIi9jdm1mcy9zb2Z0d2FyZS5lZXNzaS5pby9pbml0L21vZHVsZXMiLCAiL29wdC9hcHBzL3Jlc2lmL2Fpb24vMjAyMGIvZXB5Yy9tb2R1bGVzL2FsbCIsCn0sCnN5c3RlbUJhc2VNUEFUSCA9ICIvb3B0L2FwcHMvZWFzeWJ1aWxkL2Vudmlyb25tZW50L21vZHVsZXM6L2N2bWZz (previous value: 'bWZzL3NvZnR3YXJlLmVlc3NpLmlvL2luaXQvbW9kdWxlcyIsICIvb3B0L2FwcHMvcmVzaWYvYWlvbi8yMDIwYi9lcHljL21vZHVsZXMvYWxsIiwKfSwKc3lzdGVtQmFzZU1QQVRIID0gIi9vcHQvYXBwcy9lYXN5YnVpbGQvZW52aXJvbm1lbnQvbW9kdWxlczovY3ZtZnMvc29mdHdhcmUuZWVzc2kuaW8vaW5pdC9tb2R1bGVzIiwKfQo=')
== 2025-03-25 13:55:55,630 environment.py:93 INFO Environment variable _ModuleTable014_ set to L3NvZnR3YXJlLmVlc3NpLmlvL2luaXQvbW9kdWxlcyIsCn0K (previous value: 'Mi4wLjEzLUdDQ2NvcmUtMTAuMi4wIiwKd1YgPSAiMDAwMDAwMDAyLjAwMDAwMDAwMC4wMDAwMDAwMTMuKmdjY2NvcmUuKnpmaW5hbC0uMDAwMDAwMDEwLjAwMDAwMDAwMi4qemZpbmFsIiwKfSwKfSwKbXBhdGhBID0gewoiL3RtcC9lYi0wOXp4bWtmdC90bXAxaHJtMTYxdy9hbGwiCiwgIi9ob21lL3VzZXJzL21naGF2YW1pLy5sb2NhbC9lYXN5YnVpbGQvbW9kdWxlcy9hbGwiCiwgIi9vcHQvYXBwcy9lYXN5YnVpbGQvZW52aXJvbm1lbnQvbW9kdWxlcyIKLCAiL2N2bWZzL3NvZnR3YXJlLmVlc3NpLmlvL2luaXQvbW9kdWxlcyIsICIvb3B0L2FwcHMvcmVzaWYvYWlvbi8yMDIwYi9lcHljL21vZHVsZXMvYWxsIiwKfSwKc3lzdGVtQmFzZU1QQVRIID0gIi9vcHQvYXBwcy9lYXN5')
== 2025-03-25 13:55:55,630 environment.py:93 INFO Environment variable LD_LIBRARY_PATH set to /opt/apps/resif/aion/2020b/epyc/software/OpenMPI/4.0.5-GCC-10.2.0/lib:/opt/apps/resif/aion/2020b/epyc/software/UCX/1.9.0-GCCcore-10.2.0/lib:/opt/apps/resif/aion/2020b/epyc/software/hwloc/2.2.0-GCCcore-10.2.0/lib:/opt/apps/resif/aion/2020b/epyc/software/libpciaccess/0.16-GCCcore-10.2.0/lib:/opt/apps/resif/aion/2020b/epyc/software/libxml2/2.9.10-GCCcore-10.2.0/lib:/opt/apps/resif/aion/2020b/epyc/software/XZ/5.2.5-GCCcore-10.2.0/lib:/opt/apps/resif/aion/2020b/epyc/software/numactl/2.0.13-GCCcore-10.2.0/lib:/opt/apps/resif/aion/2020b/epyc/software/binutils/2.35-GCCcore-10.2.0/lib:/opt/apps/resif/aion/2020b/epyc/software/zlib/1.2.11-GCCcore-10.2.0/lib:/opt/apps/resif/aion/2020b/epyc/software/GCCcore/10.2.0/lib64:/opt/apps/resif/aion/2020b/epyc/software/GCCcore/10.2.0/lib (previous value: '/home/users/mghavami/.local/easybuild/software/OSU-Micro-Benchmarks/7.5-gompi-2020b/lib64:/home/users/mghavami/.local/easybuild/software/OSU-Micro-Benchmarks/7.5-gompi-2020b/lib:/opt/apps/resif/aion/2020b/epyc/software/OpenMPI/4.0.5-GCC-10.2.0/lib:/opt/apps/resif/aion/2020b/epyc/software/UCX/1.9.0-GCCcore-10.2.0/lib:/opt/apps/resif/aion/2020b/epyc/software/hwloc/2.2.0-GCCcore-10.2.0/lib:/opt/apps/resif/aion/2020b/epyc/software/libpciaccess/0.16-GCCcore-10.2.0/lib:/opt/apps/resif/aion/2020b/epyc/software/libxml2/2.9.10-GCCcore-10.2.0/lib:/opt/apps/resif/aion/2020b/epyc/software/XZ/5.2.5-GCCcore-10.2.0/lib:/opt/apps/resif/aion/2020b/epyc/software/numactl/2.0.13-GCCcore-10.2.0/lib:/opt/apps/resif/aion/2020b/epyc/software/binutils/2.35-GCCcore-10.2.0/lib:/opt/apps/resif/aion/2020b/epyc/software/zlib/1.2.11-GCCcore-10.2.0/lib:/opt/apps/resif/aion/2020b/epyc/software/GCCcore/10.2.0/lib64:/opt/apps/resif/aion/2020b/epyc/software/GCCcore/10.2.0/lib')
== 2025-03-25 13:55:55,630 environment.py:93 INFO Environment variable EBDEVELGOMPI set to /opt/apps/resif/aion/2020b/epyc/software/gompi/2020b/easybuild/toolchain-gompi-2020b-easybuild-devel (previously undefined)
== 2025-03-25 13:55:55,630 environment.py:93 INFO Environment variable EBROOTGOMPI set to /opt/apps/resif/aion/2020b/epyc/software/gompi/2020b (previously undefined)
== 2025-03-25 13:55:55,630 environment.py:93 INFO Environment variable EBVERSIONGOMPI set to 2020b (previously undefined)
== 2025-03-25 13:55:55,630 environment.py:93 INFO Environment variable __LMOD_REF_COUNT_LD_LIBRARY_PATH set to /opt/apps/resif/aion/2020b/epyc/software/OpenMPI/4.0.5-GCC-10.2.0/lib:1;/opt/apps/resif/aion/2020b/epyc/software/UCX/1.9.0-GCCcore-10.2.0/lib:1;/opt/apps/resif/aion/2020b/epyc/software/hwloc/2.2.0-GCCcore-10.2.0/lib:1;/opt/apps/resif/aion/2020b/epyc/software/libpciaccess/0.16-GCCcore-10.2.0/lib:1;/opt/apps/resif/aion/2020b/epyc/software/libxml2/2.9.10-GCCcore-10.2.0/lib:1;/opt/apps/resif/aion/2020b/epyc/software/XZ/5.2.5-GCCcore-10.2.0/lib:1;/opt/apps/resif/aion/2020b/epyc/software/numactl/2.0.13-GCCcore-10.2.0/lib:1;/opt/apps/resif/aion/2020b/epyc/software/binutils/2.35-GCCcore-10.2.0/lib:1;/opt/apps/resif/aion/2020b/epyc/software/zlib/1.2.11-GCCcore-10.2.0/lib:1;/opt/apps/resif/aion/2020b/epyc/software/GCCcore/10.2.0/lib64:1;/opt/apps/resif/aion/2020b/epyc/software/GCCcore/10.2.0/lib:1 (previously undefined)
== 2025-03-25 13:55:55,630 environment.py:93 INFO Environment variable CC set to mpicc (previously undefined)
== 2025-03-25 13:55:55,630 environment.py:93 INFO Environment variable EBVARCC set to mpicc (previously undefined)
== 2025-03-25 13:55:55,630 environment.py:93 INFO Environment variable CC_SEQ set to gcc (previously undefined)
== 2025-03-25 13:55:55,631 environment.py:93 INFO Environment variable EBVARCC_SEQ set to gcc (previously undefined)
== 2025-03-25 13:55:55,631 environment.py:93 INFO Environment variable CFLAGS set to -O2 -ftree-vectorize -march=native -fno-math-errno (previously undefined)
== 2025-03-25 13:55:55,631 environment.py:93 INFO Environment variable EBVARCFLAGS set to -O2 -ftree-vectorize -march=native -fno-math-errno (previously undefined)
== 2025-03-25 13:55:55,631 environment.py:93 INFO Environment variable CXX set to mpicxx (previously undefined)
== 2025-03-25 13:55:55,631 environment.py:93 INFO Environment variable EBVARCXX set to mpicxx (previously undefined)
== 2025-03-25 13:55:55,631 environment.py:93 INFO Environment variable CXXFLAGS set to -O2 -ftree-vectorize -march=native -fno-math-errno (previously undefined)
== 2025-03-25 13:55:55,631 environment.py:93 INFO Environment variable EBVARCXXFLAGS set to -O2 -ftree-vectorize -march=native -fno-math-errno (previously undefined)
== 2025-03-25 13:55:55,631 environment.py:93 INFO Environment variable CXX_SEQ set to g++ (previously undefined)
== 2025-03-25 13:55:55,631 environment.py:93 INFO Environment variable EBVARCXX_SEQ set to g++ (previously undefined)
== 2025-03-25 13:55:55,631 environment.py:93 INFO Environment variable F77 set to mpifort (previously undefined)
== 2025-03-25 13:55:55,631 environment.py:93 INFO Environment variable EBVARF77 set to mpifort (previously undefined)
== 2025-03-25 13:55:55,631 environment.py:93 INFO Environment variable F77_SEQ set to gfortran (previously undefined)
== 2025-03-25 13:55:55,631 environment.py:93 INFO Environment variable EBVARF77_SEQ set to gfortran (previously undefined)
== 2025-03-25 13:55:55,631 environment.py:93 INFO Environment variable F90 set to mpifort (previously undefined)
== 2025-03-25 13:55:55,632 environment.py:93 INFO Environment variable EBVARF90 set to mpifort (previously undefined)
== 2025-03-25 13:55:55,632 environment.py:93 INFO Environment variable F90FLAGS set to -O2 -ftree-vectorize -march=native -fno-math-errno (previously undefined)
== 2025-03-25 13:55:55,632 environment.py:93 INFO Environment variable EBVARF90FLAGS set to -O2 -ftree-vectorize -march=native -fno-math-errno (previously undefined)
== 2025-03-25 13:55:55,632 environment.py:93 INFO Environment variable F90_SEQ set to gfortran (previously undefined)
== 2025-03-25 13:55:55,632 environment.py:93 INFO Environment variable EBVARF90_SEQ set to gfortran (previously undefined)
== 2025-03-25 13:55:55,632 environment.py:93 INFO Environment variable FC set to mpifort (previously undefined)
== 2025-03-25 13:55:55,632 environment.py:93 INFO Environment variable EBVARFC set to mpifort (previously undefined)
== 2025-03-25 13:55:55,632 environment.py:93 INFO Environment variable FCFLAGS set to -O2 -ftree-vectorize -march=native -fno-math-errno (previously undefined)
== 2025-03-25 13:55:55,632 environment.py:93 INFO Environment variable EBVARFCFLAGS set to -O2 -ftree-vectorize -march=native -fno-math-errno (previously undefined)
== 2025-03-25 13:55:55,632 environment.py:93 INFO Environment variable FC_SEQ set to gfortran (previously undefined)
== 2025-03-25 13:55:55,632 environment.py:93 INFO Environment variable EBVARFC_SEQ set to gfortran (previously undefined)
== 2025-03-25 13:55:55,632 environment.py:93 INFO Environment variable FFLAGS set to -O2 -ftree-vectorize -march=native -fno-math-errno (previously undefined)
== 2025-03-25 13:55:55,632 environment.py:93 INFO Environment variable EBVARFFLAGS set to -O2 -ftree-vectorize -march=native -fno-math-errno (previously undefined)
== 2025-03-25 13:55:55,632 environment.py:93 INFO Environment variable FLIBS set to -lgfortran (previously undefined)
== 2025-03-25 13:55:55,633 environment.py:93 INFO Environment variable EBVARFLIBS set to -lgfortran (previously undefined)
== 2025-03-25 13:55:55,633 environment.py:93 INFO Environment variable LDFLAGS set to -L/opt/apps/resif/aion/2020b/epyc/software/GCCcore/10.2.0/lib64 -L/opt/apps/resif/aion/2020b/epyc/software/GCCcore/10.2.0/lib (previously undefined)
== 2025-03-25 13:55:55,633 environment.py:93 INFO Environment variable EBVARLDFLAGS set to -L/opt/apps/resif/aion/2020b/epyc/software/GCCcore/10.2.0/lib64 -L/opt/apps/resif/aion/2020b/epyc/software/GCCcore/10.2.0/lib (previously undefined)
== 2025-03-25 13:55:55,633 environment.py:93 INFO Environment variable LIBS set to -lm -lpthread (previously undefined)
== 2025-03-25 13:55:55,633 environment.py:93 INFO Environment variable EBVARLIBS set to -lm -lpthread (previously undefined)
== 2025-03-25 13:55:55,633 environment.py:93 INFO Environment variable MPICC set to mpicc (previously undefined)
== 2025-03-25 13:55:55,633 environment.py:93 INFO Environment variable EBVARMPICC set to mpicc (previously undefined)
== 2025-03-25 13:55:55,633 environment.py:93 INFO Environment variable MPICXX set to mpicxx (previously undefined)
== 2025-03-25 13:55:55,633 environment.py:93 INFO Environment variable EBVARMPICXX set to mpicxx (previously undefined)
== 2025-03-25 13:55:55,633 environment.py:93 INFO Environment variable MPIF77 set to mpifort (previously undefined)
== 2025-03-25 13:55:55,633 environment.py:93 INFO Environment variable EBVARMPIF77 set to mpifort (previously undefined)
== 2025-03-25 13:55:55,633 environment.py:93 INFO Environment variable MPIF90 set to mpifort (previously undefined)
== 2025-03-25 13:55:55,633 environment.py:93 INFO Environment variable EBVARMPIF90 set to mpifort (previously undefined)
== 2025-03-25 13:55:55,633 environment.py:93 INFO Environment variable MPIFC set to mpifort (previously undefined)
== 2025-03-25 13:55:55,634 environment.py:93 INFO Environment variable EBVARMPIFC set to mpifort (previously undefined)
== 2025-03-25 13:55:55,634 environment.py:93 INFO Environment variable MPI_INC_DIR set to /opt/apps/resif/aion/2020b/epyc/software/OpenMPI/4.0.5-GCC-10.2.0/include (previously undefined)
== 2025-03-25 13:55:55,634 environment.py:93 INFO Environment variable EBVARMPI_INC_DIR set to /opt/apps/resif/aion/2020b/epyc/software/OpenMPI/4.0.5-GCC-10.2.0/include (previously undefined)
== 2025-03-25 13:55:55,634 environment.py:93 INFO Environment variable MPI_LIB_DIR set to /opt/apps/resif/aion/2020b/epyc/software/OpenMPI/4.0.5-GCC-10.2.0/lib64 (previously undefined)
== 2025-03-25 13:55:55,634 environment.py:93 INFO Environment variable EBVARMPI_LIB_DIR set to /opt/apps/resif/aion/2020b/epyc/software/OpenMPI/4.0.5-GCC-10.2.0/lib64 (previously undefined)
== 2025-03-25 13:55:55,634 environment.py:93 INFO Environment variable MPI_LIB_SHARED set to /opt/apps/resif/aion/2020b/epyc/software/OpenMPI/4.0.5-GCC-10.2.0/lib64/libmpi.so (previously undefined)
== 2025-03-25 13:55:55,634 environment.py:93 INFO Environment variable EBVARMPI_LIB_SHARED set to /opt/apps/resif/aion/2020b/epyc/software/OpenMPI/4.0.5-GCC-10.2.0/lib64/libmpi.so (previously undefined)
== 2025-03-25 13:55:55,634 environment.py:93 INFO Environment variable MPI_LIB_STATIC set to /opt/apps/resif/aion/2020b/epyc/software/OpenMPI/4.0.5-GCC-10.2.0/lib64/libmpi.a (previously undefined)
== 2025-03-25 13:55:55,634 environment.py:93 INFO Environment variable EBVARMPI_LIB_STATIC set to /opt/apps/resif/aion/2020b/epyc/software/OpenMPI/4.0.5-GCC-10.2.0/lib64/libmpi.a (previously undefined)
== 2025-03-25 13:55:55,634 environment.py:93 INFO Environment variable OMPI_CC set to gcc (previously undefined)
== 2025-03-25 13:55:55,634 environment.py:93 INFO Environment variable EBVAROMPI_CC set to gcc (previously undefined)
== 2025-03-25 13:55:55,634 environment.py:93 INFO Environment variable OMPI_CXX set to g++ (previously undefined)
== 2025-03-25 13:55:55,634 environment.py:93 INFO Environment variable EBVAROMPI_CXX set to g++ (previously undefined)
== 2025-03-25 13:55:55,635 environment.py:93 INFO Environment variable OMPI_F77 set to gfortran (previously undefined)
== 2025-03-25 13:55:55,635 environment.py:93 INFO Environment variable EBVAROMPI_F77 set to gfortran (previously undefined)
== 2025-03-25 13:55:55,635 environment.py:93 INFO Environment variable OMPI_F90 set to gfortran (previously undefined)
== 2025-03-25 13:55:55,635 environment.py:93 INFO Environment variable EBVAROMPI_F90 set to gfortran (previously undefined)
== 2025-03-25 13:55:55,635 environment.py:93 INFO Environment variable OMPI_FC set to gfortran (previously undefined)
== 2025-03-25 13:55:55,635 environment.py:93 INFO Environment variable EBVAROMPI_FC set to gfortran (previously undefined)
== 2025-03-25 13:55:55,635 environment.py:93 INFO Environment variable OPTFLAGS set to -O2 -ftree-vectorize -march=native (previously undefined)
== 2025-03-25 13:55:55,635 environment.py:93 INFO Environment variable EBVAROPTFLAGS set to -O2 -ftree-vectorize -march=native (previously undefined)
== 2025-03-25 13:55:55,635 environment.py:93 INFO Environment variable PRECFLAGS set to -fno-math-errno (previously undefined)
== 2025-03-25 13:55:55,635 environment.py:93 INFO Environment variable EBVARPRECFLAGS set to -fno-math-errno (previously undefined)
== 2025-03-25 13:55:55,635 build_log.py:322 INFO ... (took < 1 sec)
== 2025-03-25 13:55:55,636 build_log.py:322 INFO permissions...
== 2025-03-25 13:55:55,636 easyblock.py:4243 INFO Starting permissions step
== 2025-03-25 13:55:55,636 easyconfig.py:1812 INFO Generating template values...
== 2025-03-25 13:55:55,636 mpi.py:122 INFO Using template MPI command 'mpirun -n %(nr_ranks)s %(cmd)s' for MPI family 'OpenMPI'
== 2025-03-25 13:55:55,636 mpi.py:298 INFO Using MPI command template 'mpirun -n %(nr_ranks)s %(cmd)s' (params: {'nr_ranks': 1, 'cmd': 'xxx_command_xxx'})
== 2025-03-25 13:55:55,636 easyconfig.py:1831 INFO Template values: arch='x86_64', bitbucket_account='osu-micro-benchmarks', builddir='/tmp/mghavami/OSUMicroBenchmarks/7.5/gompi-2020b', github_account='osu-micro-benchmarks', installdir='/home/users/mghavami/.local/easybuild/software/OSU-Micro-Benchmarks/7.5-gompi-2020b', module_name='perf/OSU-Micro-Benchmarks/7.5-gompi-2020b', mpi_cmd_prefix='mpirun -n 1', name='OSU-Micro-Benchmarks', nameletter='O', nameletterlower='o', namelower='osu-micro-benchmarks', parallel='16', rpath_enabled='true', software_commit='', start_dir='/tmp/mghavami/OSUMicroBenchmarks/7.5/gompi-2020b/osu-micro-benchmarks-7.5/', sysroot='', toolchain_name='gompi', toolchain_version='2020b', version='7.5', version_major='7', version_major_minor='7.5', version_minor='5', versionprefix='', versionsuffix=''
== 2025-03-25 13:55:55,636 easyblock.py:4251 INFO Running method permissions_step part of step permissions
== 2025-03-25 13:55:55,636 filetools.py:1853 INFO Adjusting permissions recursively for /home/users/mghavami/.local/easybuild/software/OSU-Micro-Benchmarks/7.5-gompi-2020b
== 2025-03-25 13:55:55,638 easyblock.py:4125 INFO Successfully removed write permissions recursively for group/other on install dir.
== 2025-03-25 13:55:55,638 filetools.py:1853 INFO Adjusting permissions recursively for /home/users/mghavami/.local/easybuild/software/OSU-Micro-Benchmarks/7.5-gompi-2020b
== 2025-03-25 13:55:55,639 filetools.py:1853 INFO Adjusting permissions recursively for /home/users/mghavami/.local/easybuild/software/OSU-Micro-Benchmarks/7.5-gompi-2020b
== 2025-03-25 13:55:55,640 easyblock.py:4153 INFO Successfully added read permissions recursively on install dir /home/users/mghavami/.local/easybuild/software/OSU-Micro-Benchmarks/7.5-gompi-2020b
== 2025-03-25 13:55:55,640 build_log.py:322 INFO ... (took < 1 sec)
== 2025-03-25 13:55:55,640 build_log.py:322 INFO packaging...
== 2025-03-25 13:55:55,640 easyblock.py:4243 INFO Starting package step
== 2025-03-25 13:55:55,640 easyconfig.py:1812 INFO Generating template values...
== 2025-03-25 13:55:55,640 mpi.py:122 INFO Using template MPI command 'mpirun -n %(nr_ranks)s %(cmd)s' for MPI family 'OpenMPI'
== 2025-03-25 13:55:55,640 mpi.py:298 INFO Using MPI command template 'mpirun -n %(nr_ranks)s %(cmd)s' (params: {'nr_ranks': 1, 'cmd': 'xxx_command_xxx'})
== 2025-03-25 13:55:55,640 easyconfig.py:1831 INFO Template values: arch='x86_64', bitbucket_account='osu-micro-benchmarks', builddir='/tmp/mghavami/OSUMicroBenchmarks/7.5/gompi-2020b', github_account='osu-micro-benchmarks', installdir='/home/users/mghavami/.local/easybuild/software/OSU-Micro-Benchmarks/7.5-gompi-2020b', module_name='perf/OSU-Micro-Benchmarks/7.5-gompi-2020b', mpi_cmd_prefix='mpirun -n 1', name='OSU-Micro-Benchmarks', nameletter='O', nameletterlower='o', namelower='osu-micro-benchmarks', parallel='16', rpath_enabled='true', software_commit='', start_dir='/tmp/mghavami/OSUMicroBenchmarks/7.5/gompi-2020b/osu-micro-benchmarks-7.5/', sysroot='', toolchain_name='gompi', toolchain_version='2020b', version='7.5', version_major='7', version_major_minor='7.5', version_minor='5', versionprefix='', versionsuffix=''
== 2025-03-25 13:55:55,641 easyblock.py:4251 INFO Running method package_step part of step package
== 2025-03-25 13:55:55,641 easyblock.py:3157 INFO Skipping package step (not enabled)
== 2025-03-25 13:55:55,641 build_log.py:322 INFO ... (took < 1 sec)
== 2025-03-25 13:55:55,641 filetools.py:2092 INFO Removing lock /home/users/mghavami/.local/easybuild/software/.locks/_home_users_mghavami_.local_easybuild_software_OSU-Micro-Benchmarks_7.5-gompi-2020b.lock...
== 2025-03-25 13:55:55,641 filetools.py:402 INFO Path /home/users/mghavami/.local/easybuild/software/.locks/_home_users_mghavami_.local_easybuild_software_OSU-Micro-Benchmarks_7.5-gompi-2020b.lock successfully removed.
== 2025-03-25 13:55:55,641 filetools.py:2096 INFO Lock removed: /home/users/mghavami/.local/easybuild/software/.locks/_home_users_mghavami_.local_easybuild_software_OSU-Micro-Benchmarks_7.5-gompi-2020b.lock
== 2025-03-25 13:55:55,642 tools.py:618 INFO Script to set up build environment for OSU-Micro-Benchmarks-7.5-gompi-2020b.eb dumped to /tmp/eb-09zxmkft/reprod_20250325135530_2357788/OSU-Micro-Benchmarks-7.5-gompi-2020b.env
== 2025-03-25 13:55:55,643 easyblock.py:4679 INFO Collecting build stats...
== 2025-03-25 13:55:55,667 run.py:489 INFO Path to bash that will be used to run shell commands: /usr/bin/bash
== 2025-03-25 13:55:55,667 run.py:500 INFO Running shell command 'gcc -v' in /mnt/aiongpfs/users/mghavami/y2425-w04-software-installation-on-hpc-AminGhavami/omb
== 2025-03-25 13:55:55,727 run.py:598 INFO Output of 'gcc ...' shell command (stdout + stderr):
Using built-in specs.
COLLECT_GCC=/opt/apps/resif/aion/2020b/epyc/software/GCCcore/10.2.0/bin/gcc
COLLECT_LTO_WRAPPER=/mnt/aiongpfs/apps/resif/aion/2020b/epyc/software/GCCcore/10.2.0/bin/../libexec/gcc/x86_64-pc-linux-gnu/10.2.0/lto-wrapper
OFFLOAD_TARGET_NAMES=nvptx-none
Target: x86_64-pc-linux-gnu
Configured with: ../configure --enable-languages=c,c++,fortran --without-cuda-driver --enable-offload-targets=nvptx-none --enable-lto --enable-checking=release --disable-multilib --enable-shared=yes --enable-static=yes --enable-threads=posix --enable-plugins --enable-gold=default --enable-ld --with-plugin-ld=ld.gold --prefix=/opt/apps/resif/aion/2020b/epyc/software/GCCcore/10.2.0 --with-local-prefix=/opt/apps/resif/aion/2020b/epyc/software/GCCcore/10.2.0 --enable-bootstrap --with-isl=/dev/shm/GCCcore/10.2.0/system-system/gcc-10.2.0/stage2_stuff --build=x86_64-pc-linux-gnu --host=x86_64-pc-linux-gnu
Thread model: posix
Supported LTO compression algorithms: zlib
gcc version 10.2.0 (GCC) 

== 2025-03-25 13:55:55,728 run.py:601 INFO Shell command completed successfully (see output above): gcc -v
== 2025-03-25 13:55:55,728 run.py:489 INFO Path to bash that will be used to run shell commands: /usr/bin/bash
== 2025-03-25 13:55:55,728 run.py:500 INFO Running shell command 'ldd --version' in /mnt/aiongpfs/users/mghavami/y2425-w04-software-installation-on-hpc-AminGhavami/omb
== 2025-03-25 13:55:55,752 run.py:598 INFO Output of 'ldd ...' shell command (stdout + stderr):
ldd (GNU libc) 2.28
Copyright (C) 2018 Free Software Foundation, Inc.
This is free software; see the source for copying conditions.  There is NO
warranty; not even for MERCHANTABILITY or FITNESS FOR A PARTICULAR PURPOSE.
Written by Roland McGrath and Ulrich Drepper.

== 2025-03-25 13:55:55,752 run.py:601 INFO Shell command completed successfully (see output above): ldd --version
== 2025-03-25 13:55:55,753 filetools.py:561 WARNING Could not find command 'python' (with permissions to read/execute it) in $PATH (['/tmp/eb-09zxmkft/tmp2l12z53e/rpath_wrappers/ld.bfd_wrapper', '/tmp/eb-09zxmkft/tmp2l12z53e/rpath_wrappers/ld.gold_wrapper', '/tmp/eb-09zxmkft/tmp2l12z53e/rpath_wrappers/ld_wrapper', '/tmp/eb-09zxmkft/tmp2l12z53e/rpath_wrappers/gfortran_wrapper', '/tmp/eb-09zxmkft/tmp2l12z53e/rpath_wrappers/gxx_wrapper', '/tmp/eb-09zxmkft/tmp2l12z53e/rpath_wrappers/gcc_wrapper', '/opt/apps/resif/aion/2020b/epyc/software/OpenMPI/4.0.5-GCC-10.2.0/bin', '/opt/apps/resif/aion/2020b/epyc/software/UCX/1.9.0-GCCcore-10.2.0/bin', '/opt/apps/resif/aion/2020b/epyc/software/hwloc/2.2.0-GCCcore-10.2.0/sbin', '/opt/apps/resif/aion/2020b/epyc/software/hwloc/2.2.0-GCCcore-10.2.0/bin', '/opt/apps/resif/aion/2020b/epyc/software/libxml2/2.9.10-GCCcore-10.2.0/bin', '/opt/apps/resif/aion/2020b/epyc/software/XZ/5.2.5-GCCcore-10.2.0/bin', '/opt/apps/resif/aion/2020b/epyc/software/numactl/2.0.13-GCCcore-10.2.0/bin', '/opt/apps/resif/aion/2020b/epyc/software/binutils/2.35-GCCcore-10.2.0/bin', '/opt/apps/resif/aion/2020b/epyc/software/GCCcore/10.2.0/bin', '/home/users/mghavami/.local/easybuild/software/EasyBuild/5.0.0/bin', '/home/users/mghavami/.local/bin', '/home/users/mghavami/bin', '/usr/local/bin', '/usr/bin', '/usr/local/sbin', '/usr/sbin', '/opt/puppetlabs/bin', '/usr/share/lmod/lmod/libexec'])
== 2025-03-25 13:55:55,754 filetools.py:546 INFO Command gcc found at /tmp/eb-09zxmkft/tmp2l12z53e/rpath_wrappers/gcc_wrapper/gcc
== 2025-03-25 13:55:55,754 easyblock.py:4682 INFO Build stats: OrderedDict([('easybuild-framework_version', '5.0.0'), ('easybuild-easyblocks_version', '5.0.0'), ('timestamp', 1742907355), ('build_time', 25.38), ('install_size', 8409563), ('command_line', ["--buildpath='/tmp/mghavami'", "--module-naming-scheme='CategorizedModuleNamingScheme'", "--prefix='/home/users/mghavami/.local/easybuild'", "--try-software='OSU-Micro-Benchmarks,7.5'", "--try-toolchain='gompi,2020b'"]), ('modules_tool', ('Lmod', '/usr/share/lmod/lmod/libexec/lmod', '8.7.55')), ('core_count', 32), ('cpu_arch', 'x86_64'), ('cpu_arch_name', 'UNKNOWN'), ('cpu_model', 'AMD EPYC 7H12 64-Core Processor'), ('cpu_speed', 2600.0), ('cpu_vendor', 'AMD'), ('gcc_version', 'Using built-in specs.; COLLECT_GCC=/opt/apps/resif/aion/2020b/epyc/software/GCCcore/10.2.0/bin/gcc; COLLECT_LTO_WRAPPER=/mnt/aiongpfs/apps/resif/aion/2020b/epyc/software/GCCcore/10.2.0/bin/../libexec/gcc/x86_64-pc-linux-gnu/10.2.0/lto-wrapper; OFFLOAD_TARGET_NAMES=nvptx-none; Target: x86_64-pc-linux-gnu; Configured with: ../configure --enable-languages=c,c++,fortran --without-cuda-driver --enable-offload-targets=nvptx-none --enable-lto --enable-checking=release --disable-multilib --enable-shared=yes --enable-static=yes --enable-threads=posix --enable-plugins --enable-gold=default --enable-ld --with-plugin-ld=ld.gold --prefix=/opt/apps/resif/aion/2020b/epyc/software/GCCcore/10.2.0 --with-local-prefix=/opt/apps/resif/aion/2020b/epyc/software/GCCcore/10.2.0 --enable-bootstrap --with-isl=/dev/shm/GCCcore/10.2.0/system-system/gcc-10.2.0/stage2_stuff --build=x86_64-pc-linux-gnu --host=x86_64-pc-linux-gnu; Thread model: posix; Supported LTO compression algorithms: zlib; gcc version 10.2.0 (GCC) ; '), ('glibc_version', '2.28'), ('hostname', 'aion-0066'), ('os_name', 'RHEL'), ('os_type', 'Linux'), ('os_version', '8.10'), ('platform_name', 'x86_64-unknown-linux'), ('python_version', '3.6.8 (default, Nov 15 2024, 08:11:39) ; [GCC 8.5.0 20210514 (Red Hat 8.5.0-22)]'), ('system_gcc_path', '/tmp/eb-09zxmkft/tmp2l12z53e/rpath_wrappers/gcc_wrapper/gcc'), ('system_python_path', None), ('total_memory', 257207)])
== 2025-03-25 13:55:55,757 filetools.py:2927 INFO /tmp/eb-09zxmkft/reprod_20250325135530_2357788 moved to /home/users/mghavami/.local/easybuild/software/OSU-Micro-Benchmarks/7.5-gompi-2020b/easybuild/reprod
== 2025-03-25 13:55:55,757 easyblock.py:4692 INFO Wrote files for reproducibility to /home/users/mghavami/.local/easybuild/software/OSU-Micro-Benchmarks/7.5-gompi-2020b/easybuild/reprod
== 2025-03-25 13:55:55,759 filetools.py:2001 INFO Creating directory /home/users/mghavami/.local/easybuild/ebfiles_repo/OSU-Micro-Benchmarks (parents: True, set_gid: False, sticky: False)
== 2025-03-25 13:55:55,762 easyblock.py:357 INFO Closing log for application name OSU-Micro-Benchmarks version 7.5
