[  0%] Building CXX object thirdparty/fmt/CMakeFiles/fmtlib-static.dir/src/format.cc.o
[  0%] Building CXX object thirdparty/fmt/CMakeFiles/fmtlib-static.dir/src/os.cc.o
-- Found Git: /usr/bin/git (found version "2.43.5") 
fatal: No names found, cannot describe anything.
-- Revision status: Detection failed
[  0%] Built target GitRevision
In file included from /home/users/mghavami/y2425-w02-compilation-on-hpc-AminGhavami/precice/precice-3.1.2/thirdparty/fmt/include/fmt/format-inl.h:25,
                 from /home/users/mghavami/y2425-w02-compilation-on-hpc-AminGhavami/precice/precice-3.1.2/thirdparty/fmt/src/format.cc:8:
In function ‘fmt::v10::detail::format_decimal_result<Char*> fmt::v10::detail::format_decimal(Char*, UInt, int) [with Char = char; UInt = unsigned int]’,
    inlined from ‘constexpr fmt::v10::detail::format_decimal_result<Iterator> fmt::v10::detail::format_decimal(Iterator, UInt, int) [with Char = char; UInt = unsigned int; Iterator = fmt::v10::appender; typename std::enable_if<(! std::is_pointer<typename std::remove_cv<typename std::remove_reference<_Arg>::type>::type>::value), int>::type <anonymous> = 0]’ at /home/users/mghavami/y2425-w02-compilation-on-hpc-AminGhavami/precice/precice-3.1.2/thirdparty/fmt/include/fmt/format.h:1336:28,
    inlined from ‘void fmt::v10::detail::format_hexfloat(Float, int, fmt::v10::detail::float_specs, fmt::v10::detail::buffer<char>&) [with Float = double; typename std::enable_if<(! std::integral_constant<bool, (std::numeric_limits<_Tp>::digits == 106)>::value), int>::type <anonymous> = 0]’ at /home/users/mghavami/y2425-w02-compilation-on-hpc-AminGhavami/precice/precice-3.1.2/thirdparty/fmt/include/fmt/format.h:3257:23:
/home/users/mghavami/y2425-w02-compilation-on-hpc-AminGhavami/precice/precice-3.1.2/thirdparty/fmt/include/fmt/format.h:1292:11: warning: writing 2 bytes into a region of size 0 [-Wstringop-overflow=]
 1292 |     memcpy(dst, src, 2);
      |     ~~~~~~^~~~~~~~~~~~~
/home/users/mghavami/y2425-w02-compilation-on-hpc-AminGhavami/precice/precice-3.1.2/thirdparty/fmt/include/fmt/format.h: In function ‘void fmt::v10::detail::format_hexfloat(Float, int, fmt::v10::detail::float_specs, fmt::v10::detail::buffer<char>&) [with Float = double; typename std::enable_if<(! std::integral_constant<bool, (std::numeric_limits<_Tp>::digits == 106)>::value), int>::type <anonymous> = 0]’:
/home/users/mghavami/y2425-w02-compilation-on-hpc-AminGhavami/precice/precice-3.1.2/thirdparty/fmt/include/fmt/format.h:1335:8: note: at offset -2 to object ‘buffer’ with size 10 declared here
 1335 |   Char buffer[digits10<UInt>() + 1] = {};
      |        ^~~~~~
[  0%] Linking CXX static library libfmtlib-static.a
[  0%] Built target fmtlib-static
[  0%] Building CXX object CMakeFiles/preciceCore.dir/src/acceleration/AitkenAcceleration.cpp.o
[  0%] Building CXX object CMakeFiles/preciceCore.dir/src/acceleration/BaseQNAcceleration.cpp.o
[  1%] Building CXX object CMakeFiles/preciceCore.dir/src/acceleration/IQNIMVJAcceleration.cpp.o
[  1%] Building CXX object CMakeFiles/preciceCore.dir/src/acceleration/IQNILSAcceleration.cpp.o
[  1%] Building CXX object CMakeFiles/preciceCore.dir/src/acceleration/ConstantRelaxationAcceleration.cpp.o
[  1%] Building CXX object CMakeFiles/preciceCore.dir/src/acceleration/config/AccelerationConfiguration.cpp.o
[  1%] Building CXX object CMakeFiles/preciceCore.dir/src/acceleration/impl/ConstantPreconditioner.cpp.o
[  2%] Building CXX object CMakeFiles/preciceCore.dir/src/acceleration/impl/ParallelMatrixOperations.cpp.o
[  2%] Building CXX object CMakeFiles/preciceCore.dir/src/acceleration/impl/QRFactorization.cpp.o
[  2%] Building CXX object CMakeFiles/preciceCore.dir/src/precice/impl/versions.cpp.o
[  2%] Building CXX object CMakeFiles/preciceCore.dir/src/acceleration/Acceleration.cpp.o
[  2%] Building CXX object CMakeFiles/preciceCore.dir/src/acceleration/impl/ResidualSumPreconditioner.cpp.o
[  2%] Building CXX object CMakeFiles/preciceCore.dir/src/acceleration/impl/ResidualPreconditioner.cpp.o
[  2%] Building CXX object CMakeFiles/preciceCore.dir/src/acceleration/impl/SVDFactorization.cpp.o
[  2%] Building CXX object CMakeFiles/preciceCore.dir/src/acceleration/impl/ValuePreconditioner.cpp.o
[  3%] Building CXX object CMakeFiles/preciceCore.dir/src/action/PythonAction.cpp.o
[  3%] Building CXX object CMakeFiles/preciceCore.dir/src/action/RecorderAction.cpp.o
[  3%] Building CXX object CMakeFiles/preciceCore.dir/src/action/ScaleByAreaAction.cpp.o
In file included from /opt/apps/resif/aion/2020b/epyc/software/Boost/1.74.0-GCC-10.2.0/include/boost/config/header_deprecated.hpp:18,
                 from /opt/apps/resif/aion/2020b/epyc/software/Boost/1.74.0-GCC-10.2.0/include/boost/range/result_iterator.hpp:18,
                 from /opt/apps/resif/aion/2020b/epyc/software/Boost/1.74.0-GCC-10.2.0/include/boost/range/metafunctions.hpp:20,
                 from /opt/apps/resif/aion/2020b/epyc/software/Boost/1.74.0-GCC-10.2.0/include/boost/range.hpp:19,
                 from /home/users/mghavami/y2425-w02-compilation-on-hpc-AminGhavami/precice/precice-3.1.2/src/time/Storage.hpp:4,
                 from /home/users/mghavami/y2425-w02-compilation-on-hpc-AminGhavami/precice/precice-3.1.2/src/cplscheme/CouplingData.hpp:7,
                 from /home/users/mghavami/y2425-w02-compilation-on-hpc-AminGhavami/precice/precice-3.1.2/src/cplscheme/BaseCouplingScheme.hpp:12,
                 from /home/users/mghavami/y2425-w02-compilation-on-hpc-AminGhavami/precice/precice-3.1.2/src/acceleration/Acceleration.hpp:7,
                 from /home/users/mghavami/y2425-w02-compilation-on-hpc-AminGhavami/precice/precice-3.1.2/src/acceleration/IQNILSAcceleration.hpp:6,
                 from /home/users/mghavami/y2425-w02-compilation-on-hpc-AminGhavami/precice/precice-3.1.2/src/acceleration/IQNILSAcceleration.cpp:1:
/opt/apps/resif/aion/2020b/epyc/software/Boost/1.74.0-GCC-10.2.0/include/boost/config/pragma_message.hpp:24:34: note: ‘#pragma message: This header is deprecated. Use <boost/range/iterator.hpp> instead.’
   24 | # define BOOST_PRAGMA_MESSAGE(x) _Pragma(BOOST_STRINGIZE(message(x)))
      |                                  ^~~~~~~
/opt/apps/resif/aion/2020b/epyc/software/Boost/1.74.0-GCC-10.2.0/include/boost/config/pragma_message.hpp:24:34: note: in definition of macro ‘BOOST_PRAGMA_MESSAGE’
   24 | # define BOOST_PRAGMA_MESSAGE(x) _Pragma(BOOST_STRINGIZE(message(x)))
      |                                  ^~~~~~~
/opt/apps/resif/aion/2020b/epyc/software/Boost/1.74.0-GCC-10.2.0/include/boost/range/result_iterator.hpp:20:1: note: in expansion of macro ‘BOOST_HEADER_DEPRECATED’
   20 | BOOST_HEADER_DEPRECATED("<boost/range/iterator.hpp>")
      | ^~~~~~~~~~~~~~~~~~~~~~~
/opt/apps/resif/aion/2020b/epyc/software/Boost/1.74.0-GCC-10.2.0/include/boost/config/pragma_message.hpp:24:34: note: ‘#pragma message: This header is deprecated. Use <boost/range/reverse_iterator.hpp> instead.’
   24 | # define BOOST_PRAGMA_MESSAGE(x) _Pragma(BOOST_STRINGIZE(message(x)))
      |                                  ^~~~~~~
/opt/apps/resif/aion/2020b/epyc/software/Boost/1.74.0-GCC-10.2.0/include/boost/config/pragma_message.hpp:24:34: note: in definition of macro ‘BOOST_PRAGMA_MESSAGE’
   24 | # define BOOST_PRAGMA_MESSAGE(x) _Pragma(BOOST_STRINGIZE(message(x)))
      |                                  ^~~~~~~
/opt/apps/resif/aion/2020b/epyc/software/Boost/1.74.0-GCC-10.2.0/include/boost/range/const_reverse_iterator.hpp:20:1: note: in expansion of macro ‘BOOST_HEADER_DEPRECATED’
   20 | BOOST_HEADER_DEPRECATED("<boost/range/reverse_iterator.hpp>")
      | ^~~~~~~~~~~~~~~~~~~~~~~
/opt/apps/resif/aion/2020b/epyc/software/Boost/1.74.0-GCC-10.2.0/include/boost/config/pragma_message.hpp:24:34: note: ‘#pragma message: This header is deprecated. Use <boost/range/reverse_iterator.hpp> instead.’
   24 | # define BOOST_PRAGMA_MESSAGE(x) _Pragma(BOOST_STRINGIZE(message(x)))
      |                                  ^~~~~~~
/opt/apps/resif/aion/2020b/epyc/software/Boost/1.74.0-GCC-10.2.0/include/boost/config/pragma_message.hpp:24:34: note: in definition of macro ‘BOOST_PRAGMA_MESSAGE’
   24 | # define BOOST_PRAGMA_MESSAGE(x) _Pragma(BOOST_STRINGIZE(message(x)))
      |                                  ^~~~~~~
/opt/apps/resif/aion/2020b/epyc/software/Boost/1.74.0-GCC-10.2.0/include/boost/range/reverse_result_iterator.hpp:20:1: note: in expansion of macro ‘BOOST_HEADER_DEPRECATED’
   20 | BOOST_HEADER_DEPRECATED("<boost/range/reverse_iterator.hpp>")
      | ^~~~~~~~~~~~~~~~~~~~~~~
In file included from /opt/apps/resif/aion/2020b/epyc/software/Boost/1.74.0-GCC-10.2.0/include/boost/config/header_deprecated.hpp:18,
                 from /opt/apps/resif/aion/2020b/epyc/software/Boost/1.74.0-GCC-10.2.0/include/boost/range/result_iterator.hpp:18,
                 from /opt/apps/resif/aion/2020b/epyc/software/Boost/1.74.0-GCC-10.2.0/include/boost/range/metafunctions.hpp:20,
                 from /opt/apps/resif/aion/2020b/epyc/software/Boost/1.74.0-GCC-10.2.0/include/boost/range.hpp:19,
                 from /home/users/mghavami/y2425-w02-compilation-on-hpc-AminGhavami/precice/precice-3.1.2/src/time/Storage.hpp:4,
                 from /home/users/mghavami/y2425-w02-compilation-on-hpc-AminGhavami/precice/precice-3.1.2/src/cplscheme/CouplingData.hpp:7,
                 from /home/users/mghavami/y2425-w02-compilation-on-hpc-AminGhavami/precice/precice-3.1.2/src/cplscheme/BaseCouplingScheme.hpp:12,
                 from /home/users/mghavami/y2425-w02-compilation-on-hpc-AminGhavami/precice/precice-3.1.2/src/acceleration/Acceleration.hpp:7,
                 from /home/users/mghavami/y2425-w02-compilation-on-hpc-AminGhavami/precice/precice-3.1.2/src/acceleration/ConstantRelaxationAcceleration.hpp:7,
                 from /home/users/mghavami/y2425-w02-compilation-on-hpc-AminGhavami/precice/precice-3.1.2/src/acceleration/ConstantRelaxationAcceleration.cpp:1:
/opt/apps/resif/aion/2020b/epyc/software/Boost/1.74.0-GCC-10.2.0/include/boost/config/pragma_message.hpp:24:34: note: ‘#pragma message: This header is deprecated. Use <boost/range/iterator.hpp> instead.’
   24 | # define BOOST_PRAGMA_MESSAGE(x) _Pragma(BOOST_STRINGIZE(message(x)))
      |                                  ^~~~~~~
/opt/apps/resif/aion/2020b/epyc/software/Boost/1.74.0-GCC-10.2.0/include/boost/config/pragma_message.hpp:24:34: note: in definition of macro ‘BOOST_PRAGMA_MESSAGE’
   24 | # define BOOST_PRAGMA_MESSAGE(x) _Pragma(BOOST_STRINGIZE(message(x)))
      |                                  ^~~~~~~
/opt/apps/resif/aion/2020b/epyc/software/Boost/1.74.0-GCC-10.2.0/include/boost/range/result_iterator.hpp:20:1: note: in expansion of macro ‘BOOST_HEADER_DEPRECATED’
   20 | BOOST_HEADER_DEPRECATED("<boost/range/iterator.hpp>")
      | ^~~~~~~~~~~~~~~~~~~~~~~
/opt/apps/resif/aion/2020b/epyc/software/Boost/1.74.0-GCC-10.2.0/include/boost/config/pragma_message.hpp:24:34: note: ‘#pragma message: This header is deprecated. Use <boost/range/reverse_iterator.hpp> instead.’
   24 | # define BOOST_PRAGMA_MESSAGE(x) _Pragma(BOOST_STRINGIZE(message(x)))
      |                                  ^~~~~~~
/opt/apps/resif/aion/2020b/epyc/software/Boost/1.74.0-GCC-10.2.0/include/boost/config/pragma_message.hpp:24:34: note: in definition of macro ‘BOOST_PRAGMA_MESSAGE’
   24 | # define BOOST_PRAGMA_MESSAGE(x) _Pragma(BOOST_STRINGIZE(message(x)))
      |                                  ^~~~~~~
/opt/apps/resif/aion/2020b/epyc/software/Boost/1.74.0-GCC-10.2.0/include/boost/range/const_reverse_iterator.hpp:20:1: note: in expansion of macro ‘BOOST_HEADER_DEPRECATED’
   20 | BOOST_HEADER_DEPRECATED("<boost/range/reverse_iterator.hpp>")
      | ^~~~~~~~~~~~~~~~~~~~~~~
/opt/apps/resif/aion/2020b/epyc/software/Boost/1.74.0-GCC-10.2.0/include/boost/config/pragma_message.hpp:24:34: note: ‘#pragma message: This header is deprecated. Use <boost/range/reverse_iterator.hpp> instead.’
   24 | # define BOOST_PRAGMA_MESSAGE(x) _Pragma(BOOST_STRINGIZE(message(x)))
      |                                  ^~~~~~~
/opt/apps/resif/aion/2020b/epyc/software/Boost/1.74.0-GCC-10.2.0/include/boost/config/pragma_message.hpp:24:34: note: in definition of macro ‘BOOST_PRAGMA_MESSAGE’
   24 | # define BOOST_PRAGMA_MESSAGE(x) _Pragma(BOOST_STRINGIZE(message(x)))
      |                                  ^~~~~~~
/opt/apps/resif/aion/2020b/epyc/software/Boost/1.74.0-GCC-10.2.0/include/boost/range/reverse_result_iterator.hpp:20:1: note: in expansion of macro ‘BOOST_HEADER_DEPRECATED’
   20 | BOOST_HEADER_DEPRECATED("<boost/range/reverse_iterator.hpp>")
      | ^~~~~~~~~~~~~~~~~~~~~~~
In file included from /opt/apps/resif/aion/2020b/epyc/software/Boost/1.74.0-GCC-10.2.0/include/boost/config/header_deprecated.hpp:18,
                 from /opt/apps/resif/aion/2020b/epyc/software/Boost/1.74.0-GCC-10.2.0/include/boost/range/result_iterator.hpp:18,
                 from /opt/apps/resif/aion/2020b/epyc/software/Boost/1.74.0-GCC-10.2.0/include/boost/range/metafunctions.hpp:20,
                 from /opt/apps/resif/aion/2020b/epyc/software/Boost/1.74.0-GCC-10.2.0/include/boost/range.hpp:19,
                 from /home/users/mghavami/y2425-w02-compilation-on-hpc-AminGhavami/precice/precice-3.1.2/src/time/Storage.hpp:4,
                 from /home/users/mghavami/y2425-w02-compilation-on-hpc-AminGhavami/precice/precice-3.1.2/src/cplscheme/CouplingData.hpp:7,
                 from /home/users/mghavami/y2425-w02-compilation-on-hpc-AminGhavami/precice/precice-3.1.2/src/cplscheme/BaseCouplingScheme.hpp:12,
                 from /home/users/mghavami/y2425-w02-compilation-on-hpc-AminGhavami/precice/precice-3.1.2/src/acceleration/Acceleration.hpp:7,
                 from /home/users/mghavami/y2425-w02-compilation-on-hpc-AminGhavami/precice/precice-3.1.2/src/acceleration/Acceleration.cpp:1:
/opt/apps/resif/aion/2020b/epyc/software/Boost/1.74.0-GCC-10.2.0/include/boost/config/pragma_message.hpp:24:34: note: ‘#pragma message: This header is deprecated. Use <boost/range/iterator.hpp> instead.’
   24 | # define BOOST_PRAGMA_MESSAGE(x) _Pragma(BOOST_STRINGIZE(message(x)))
      |                                  ^~~~~~~
/opt/apps/resif/aion/2020b/epyc/software/Boost/1.74.0-GCC-10.2.0/include/boost/config/pragma_message.hpp:24:34: note: in definition of macro ‘BOOST_PRAGMA_MESSAGE’
   24 | # define BOOST_PRAGMA_MESSAGE(x) _Pragma(BOOST_STRINGIZE(message(x)))
      |                                  ^~~~~~~
/opt/apps/resif/aion/2020b/epyc/software/Boost/1.74.0-GCC-10.2.0/include/boost/range/result_iterator.hpp:20:1: note: in expansion of macro ‘BOOST_HEADER_DEPRECATED’
   20 | BOOST_HEADER_DEPRECATED("<boost/range/iterator.hpp>")
      | ^~~~~~~~~~~~~~~~~~~~~~~
/opt/apps/resif/aion/2020b/epyc/software/Boost/1.74.0-GCC-10.2.0/include/boost/config/pragma_message.hpp:24:34: note: ‘#pragma message: This header is deprecated. Use <boost/range/reverse_iterator.hpp> instead.’
   24 | # define BOOST_PRAGMA_MESSAGE(x) _Pragma(BOOST_STRINGIZE(message(x)))
      |                                  ^~~~~~~
/opt/apps/resif/aion/2020b/epyc/software/Boost/1.74.0-GCC-10.2.0/include/boost/config/pragma_message.hpp:24:34: note: in definition of macro ‘BOOST_PRAGMA_MESSAGE’
   24 | # define BOOST_PRAGMA_MESSAGE(x) _Pragma(BOOST_STRINGIZE(message(x)))
      |                                  ^~~~~~~
/opt/apps/resif/aion/2020b/epyc/software/Boost/1.74.0-GCC-10.2.0/include/boost/range/const_reverse_iterator.hpp:20:1: note: in expansion of macro ‘BOOST_HEADER_DEPRECATED’
   20 | BOOST_HEADER_DEPRECATED("<boost/range/reverse_iterator.hpp>")
      | ^~~~~~~~~~~~~~~~~~~~~~~
/opt/apps/resif/aion/2020b/epyc/software/Boost/1.74.0-GCC-10.2.0/include/boost/config/pragma_message.hpp:24:34: note: ‘#pragma message: This header is deprecated. Use <boost/range/reverse_iterator.hpp> instead.’
   24 | # define BOOST_PRAGMA_MESSAGE(x) _Pragma(BOOST_STRINGIZE(message(x)))
      |                                  ^~~~~~~
/opt/apps/resif/aion/2020b/epyc/software/Boost/1.74.0-GCC-10.2.0/include/boost/config/pragma_message.hpp:24:34: note: in definition of macro ‘BOOST_PRAGMA_MESSAGE’
   24 | # define BOOST_PRAGMA_MESSAGE(x) _Pragma(BOOST_STRINGIZE(message(x)))
      |                                  ^~~~~~~
/opt/apps/resif/aion/2020b/epyc/software/Boost/1.74.0-GCC-10.2.0/include/boost/range/reverse_result_iterator.hpp:20:1: note: in expansion of macro ‘BOOST_HEADER_DEPRECATED’
   20 | BOOST_HEADER_DEPRECATED("<boost/range/reverse_iterator.hpp>")
      | ^~~~~~~~~~~~~~~~~~~~~~~
In file included from /opt/apps/resif/aion/2020b/epyc/software/Boost/1.74.0-GCC-10.2.0/include/boost/config/header_deprecated.hpp:18,
                 from /opt/apps/resif/aion/2020b/epyc/software/Boost/1.74.0-GCC-10.2.0/include/boost/range/result_iterator.hpp:18,
                 from /opt/apps/resif/aion/2020b/epyc/software/Boost/1.74.0-GCC-10.2.0/include/boost/range/metafunctions.hpp:20,
                 from /opt/apps/resif/aion/2020b/epyc/software/Boost/1.74.0-GCC-10.2.0/include/boost/range.hpp:19,
                 from /home/users/mghavami/y2425-w02-compilation-on-hpc-AminGhavami/precice/precice-3.1.2/src/time/Storage.hpp:4,
                 from /home/users/mghavami/y2425-w02-compilation-on-hpc-AminGhavami/precice/precice-3.1.2/src/cplscheme/CouplingData.hpp:7,
                 from /home/users/mghavami/y2425-w02-compilation-on-hpc-AminGhavami/precice/precice-3.1.2/src/cplscheme/BaseCouplingScheme.hpp:12,
                 from /home/users/mghavami/y2425-w02-compilation-on-hpc-AminGhavami/precice/precice-3.1.2/src/acceleration/Acceleration.hpp:7,
                 from /home/users/mghavami/y2425-w02-compilation-on-hpc-AminGhavami/precice/precice-3.1.2/src/acceleration/impl/QRFactorization.cpp:11:
/opt/apps/resif/aion/2020b/epyc/software/Boost/1.74.0-GCC-10.2.0/include/boost/config/pragma_message.hpp:24:34: note: ‘#pragma message: This header is deprecated. Use <boost/range/iterator.hpp> instead.’
   24 | # define BOOST_PRAGMA_MESSAGE(x) _Pragma(BOOST_STRINGIZE(message(x)))
      |                                  ^~~~~~~
/opt/apps/resif/aion/2020b/epyc/software/Boost/1.74.0-GCC-10.2.0/include/boost/config/pragma_message.hpp:24:34: note: in definition of macro ‘BOOST_PRAGMA_MESSAGE’
   24 | # define BOOST_PRAGMA_MESSAGE(x) _Pragma(BOOST_STRINGIZE(message(x)))
      |                                  ^~~~~~~
/opt/apps/resif/aion/2020b/epyc/software/Boost/1.74.0-GCC-10.2.0/include/boost/range/result_iterator.hpp:20:1: note: in expansion of macro ‘BOOST_HEADER_DEPRECATED’
   20 | BOOST_HEADER_DEPRECATED("<boost/range/iterator.hpp>")
      | ^~~~~~~~~~~~~~~~~~~~~~~
/opt/apps/resif/aion/2020b/epyc/software/Boost/1.74.0-GCC-10.2.0/include/boost/config/pragma_message.hpp:24:34: note: ‘#pragma message: This header is deprecated. Use <boost/range/reverse_iterator.hpp> instead.’
   24 | # define BOOST_PRAGMA_MESSAGE(x) _Pragma(BOOST_STRINGIZE(message(x)))
      |                                  ^~~~~~~
/opt/apps/resif/aion/2020b/epyc/software/Boost/1.74.0-GCC-10.2.0/include/boost/config/pragma_message.hpp:24:34: note: in definition of macro ‘BOOST_PRAGMA_MESSAGE’
   24 | # define BOOST_PRAGMA_MESSAGE(x) _Pragma(BOOST_STRINGIZE(message(x)))
      |                                  ^~~~~~~
/opt/apps/resif/aion/2020b/epyc/software/Boost/1.74.0-GCC-10.2.0/include/boost/range/const_reverse_iterator.hpp:20:1: note: in expansion of macro ‘BOOST_HEADER_DEPRECATED’
   20 | BOOST_HEADER_DEPRECATED("<boost/range/reverse_iterator.hpp>")
      | ^~~~~~~~~~~~~~~~~~~~~~~
/opt/apps/resif/aion/2020b/epyc/software/Boost/1.74.0-GCC-10.2.0/include/boost/config/pragma_message.hpp:24:34: note: ‘#pragma message: This header is deprecated. Use <boost/range/reverse_iterator.hpp> instead.’
   24 | # define BOOST_PRAGMA_MESSAGE(x) _Pragma(BOOST_STRINGIZE(message(x)))
      |                                  ^~~~~~~
/opt/apps/resif/aion/2020b/epyc/software/Boost/1.74.0-GCC-10.2.0/include/boost/config/pragma_message.hpp:24:34: note: in definition of macro ‘BOOST_PRAGMA_MESSAGE’
   24 | # define BOOST_PRAGMA_MESSAGE(x) _Pragma(BOOST_STRINGIZE(message(x)))
      |                                  ^~~~~~~
/opt/apps/resif/aion/2020b/epyc/software/Boost/1.74.0-GCC-10.2.0/include/boost/range/reverse_result_iterator.hpp:20:1: note: in expansion of macro ‘BOOST_HEADER_DEPRECATED’
   20 | BOOST_HEADER_DEPRECATED("<boost/range/reverse_iterator.hpp>")
      | ^~~~~~~~~~~~~~~~~~~~~~~
In file included from /opt/apps/resif/aion/2020b/epyc/software/Boost/1.74.0-GCC-10.2.0/include/boost/config/header_deprecated.hpp:18,
                 from /opt/apps/resif/aion/2020b/epyc/software/Boost/1.74.0-GCC-10.2.0/include/boost/range/result_iterator.hpp:18,
                 from /opt/apps/resif/aion/2020b/epyc/software/Boost/1.74.0-GCC-10.2.0/include/boost/range/metafunctions.hpp:20,
                 from /opt/apps/resif/aion/2020b/epyc/software/Boost/1.74.0-GCC-10.2.0/include/boost/range.hpp:19,
                 from /home/users/mghavami/y2425-w02-compilation-on-hpc-AminGhavami/precice/precice-3.1.2/src/time/Storage.hpp:4,
                 from /home/users/mghavami/y2425-w02-compilation-on-hpc-AminGhavami/precice/precice-3.1.2/src/cplscheme/CouplingData.hpp:7,
                 from /home/users/mghavami/y2425-w02-compilation-on-hpc-AminGhavami/precice/precice-3.1.2/src/cplscheme/BaseCouplingScheme.hpp:12,
                 from /home/users/mghavami/y2425-w02-compilation-on-hpc-AminGhavami/precice/precice-3.1.2/src/acceleration/Acceleration.hpp:7,
                 from /home/users/mghavami/y2425-w02-compilation-on-hpc-AminGhavami/precice/precice-3.1.2/src/acceleration/config/AccelerationConfiguration.hpp:6,
                 from /home/users/mghavami/y2425-w02-compilation-on-hpc-AminGhavami/precice/precice-3.1.2/src/acceleration/config/AccelerationConfiguration.cpp:1:
/opt/apps/resif/aion/2020b/epyc/software/Boost/1.74.0-GCC-10.2.0/include/boost/config/pragma_message.hpp:24:34: note: ‘#pragma message: This header is deprecated. Use <boost/range/iterator.hpp> instead.’
   24 | # define BOOST_PRAGMA_MESSAGE(x) _Pragma(BOOST_STRINGIZE(message(x)))
      |                                  ^~~~~~~
/opt/apps/resif/aion/2020b/epyc/software/Boost/1.74.0-GCC-10.2.0/include/boost/config/pragma_message.hpp:24:34: note: in definition of macro ‘BOOST_PRAGMA_MESSAGE’
   24 | # define BOOST_PRAGMA_MESSAGE(x) _Pragma(BOOST_STRINGIZE(message(x)))
      |                                  ^~~~~~~
/opt/apps/resif/aion/2020b/epyc/software/Boost/1.74.0-GCC-10.2.0/include/boost/range/result_iterator.hpp:20:1: note: in expansion of macro ‘BOOST_HEADER_DEPRECATED’
   20 | BOOST_HEADER_DEPRECATED("<boost/range/iterator.hpp>")
      | ^~~~~~~~~~~~~~~~~~~~~~~
/opt/apps/resif/aion/2020b/epyc/software/Boost/1.74.0-GCC-10.2.0/include/boost/config/pragma_message.hpp:24:34: note: ‘#pragma message: This header is deprecated. Use <boost/range/reverse_iterator.hpp> instead.’
   24 | # define BOOST_PRAGMA_MESSAGE(x) _Pragma(BOOST_STRINGIZE(message(x)))
      |                                  ^~~~~~~
/opt/apps/resif/aion/2020b/epyc/software/Boost/1.74.0-GCC-10.2.0/include/boost/config/pragma_message.hpp:24:34: note: in definition of macro ‘BOOST_PRAGMA_MESSAGE’
   24 | # define BOOST_PRAGMA_MESSAGE(x) _Pragma(BOOST_STRINGIZE(message(x)))
      |                                  ^~~~~~~
/opt/apps/resif/aion/2020b/epyc/software/Boost/1.74.0-GCC-10.2.0/include/boost/range/const_reverse_iterator.hpp:20:1: note: in expansion of macro ‘BOOST_HEADER_DEPRECATED’
   20 | BOOST_HEADER_DEPRECATED("<boost/range/reverse_iterator.hpp>")
      | ^~~~~~~~~~~~~~~~~~~~~~~
/opt/apps/resif/aion/2020b/epyc/software/Boost/1.74.0-GCC-10.2.0/include/boost/config/pragma_message.hpp:24:34: note: ‘#pragma message: This header is deprecated. Use <boost/range/reverse_iterator.hpp> instead.’
   24 | # define BOOST_PRAGMA_MESSAGE(x) _Pragma(BOOST_STRINGIZE(message(x)))
      |                                  ^~~~~~~
/opt/apps/resif/aion/2020b/epyc/software/Boost/1.74.0-GCC-10.2.0/include/boost/config/pragma_message.hpp:24:34: note: in definition of macro ‘BOOST_PRAGMA_MESSAGE’
   24 | # define BOOST_PRAGMA_MESSAGE(x) _Pragma(BOOST_STRINGIZE(message(x)))
      |                                  ^~~~~~~
/opt/apps/resif/aion/2020b/epyc/software/Boost/1.74.0-GCC-10.2.0/include/boost/range/reverse_result_iterator.hpp:20:1: note: in expansion of macro ‘BOOST_HEADER_DEPRECATED’
   20 | BOOST_HEADER_DEPRECATED("<boost/range/reverse_iterator.hpp>")
      | ^~~~~~~~~~~~~~~~~~~~~~~
In file included from /opt/apps/resif/aion/2020b/epyc/software/Boost/1.74.0-GCC-10.2.0/include/boost/config/header_deprecated.hpp:18,
                 from /opt/apps/resif/aion/2020b/epyc/software/Boost/1.74.0-GCC-10.2.0/include/boost/range/result_iterator.hpp:18,
                 from /opt/apps/resif/aion/2020b/epyc/software/Boost/1.74.0-GCC-10.2.0/include/boost/range/metafunctions.hpp:20,
                 from /opt/apps/resif/aion/2020b/epyc/software/Boost/1.74.0-GCC-10.2.0/include/boost/range.hpp:19,
                 from /home/users/mghavami/y2425-w02-compilation-on-hpc-AminGhavami/precice/precice-3.1.2/src/time/Storage.hpp:4,
                 from /home/users/mghavami/y2425-w02-compilation-on-hpc-AminGhavami/precice/precice-3.1.2/src/cplscheme/CouplingData.hpp:7,
                 from /home/users/mghavami/y2425-w02-compilation-on-hpc-AminGhavami/precice/precice-3.1.2/src/cplscheme/BaseCouplingScheme.hpp:12,
                 from /home/users/mghavami/y2425-w02-compilation-on-hpc-AminGhavami/precice/precice-3.1.2/src/acceleration/Acceleration.hpp:7,
                 from /home/users/mghavami/y2425-w02-compilation-on-hpc-AminGhavami/precice/precice-3.1.2/src/acceleration/IQNIMVJAcceleration.hpp:8,
                 from /home/users/mghavami/y2425-w02-compilation-on-hpc-AminGhavami/precice/precice-3.1.2/src/acceleration/IQNIMVJAcceleration.cpp:11:
/opt/apps/resif/aion/2020b/epyc/software/Boost/1.74.0-GCC-10.2.0/include/boost/config/pragma_message.hpp:24:34: note: ‘#pragma message: This header is deprecated. Use <boost/range/iterator.hpp> instead.’
   24 | # define BOOST_PRAGMA_MESSAGE(x) _Pragma(BOOST_STRINGIZE(message(x)))
      |                                  ^~~~~~~
/opt/apps/resif/aion/2020b/epyc/software/Boost/1.74.0-GCC-10.2.0/include/boost/config/pragma_message.hpp:24:34: note: in definition of macro ‘BOOST_PRAGMA_MESSAGE’
   24 | # define BOOST_PRAGMA_MESSAGE(x) _Pragma(BOOST_STRINGIZE(message(x)))
      |                                  ^~~~~~~
/opt/apps/resif/aion/2020b/epyc/software/Boost/1.74.0-GCC-10.2.0/include/boost/range/result_iterator.hpp:20:1: note: in expansion of macro ‘BOOST_HEADER_DEPRECATED’
   20 | BOOST_HEADER_DEPRECATED("<boost/range/iterator.hpp>")
      | ^~~~~~~~~~~~~~~~~~~~~~~
/opt/apps/resif/aion/2020b/epyc/software/Boost/1.74.0-GCC-10.2.0/include/boost/config/pragma_message.hpp:24:34: note: ‘#pragma message: This header is deprecated. Use <boost/range/reverse_iterator.hpp> instead.’
   24 | # define BOOST_PRAGMA_MESSAGE(x) _Pragma(BOOST_STRINGIZE(message(x)))
      |                                  ^~~~~~~
/opt/apps/resif/aion/2020b/epyc/software/Boost/1.74.0-GCC-10.2.0/include/boost/config/pragma_message.hpp:24:34: note: in definition of macro ‘BOOST_PRAGMA_MESSAGE’
   24 | # define BOOST_PRAGMA_MESSAGE(x) _Pragma(BOOST_STRINGIZE(message(x)))
      |                                  ^~~~~~~
/opt/apps/resif/aion/2020b/epyc/software/Boost/1.74.0-GCC-10.2.0/include/boost/range/const_reverse_iterator.hpp:20:1: note: in expansion of macro ‘BOOST_HEADER_DEPRECATED’
   20 | BOOST_HEADER_DEPRECATED("<boost/range/reverse_iterator.hpp>")
      | ^~~~~~~~~~~~~~~~~~~~~~~
/opt/apps/resif/aion/2020b/epyc/software/Boost/1.74.0-GCC-10.2.0/include/boost/config/pragma_message.hpp:24:34: note: ‘#pragma message: This header is deprecated. Use <boost/range/reverse_iterator.hpp> instead.’
   24 | # define BOOST_PRAGMA_MESSAGE(x) _Pragma(BOOST_STRINGIZE(message(x)))
      |                                  ^~~~~~~
/opt/apps/resif/aion/2020b/epyc/software/Boost/1.74.0-GCC-10.2.0/include/boost/config/pragma_message.hpp:24:34: note: in definition of macro ‘BOOST_PRAGMA_MESSAGE’
   24 | # define BOOST_PRAGMA_MESSAGE(x) _Pragma(BOOST_STRINGIZE(message(x)))
      |                                  ^~~~~~~
/opt/apps/resif/aion/2020b/epyc/software/Boost/1.74.0-GCC-10.2.0/include/boost/range/reverse_result_iterator.hpp:20:1: note: in expansion of macro ‘BOOST_HEADER_DEPRECATED’
   20 | BOOST_HEADER_DEPRECATED("<boost/range/reverse_iterator.hpp>")
      | ^~~~~~~~~~~~~~~~~~~~~~~
In file included from /opt/apps/resif/aion/2020b/epyc/software/Boost/1.74.0-GCC-10.2.0/include/boost/config/header_deprecated.hpp:18,
                 from /opt/apps/resif/aion/2020b/epyc/software/Boost/1.74.0-GCC-10.2.0/include/boost/range/result_iterator.hpp:18,
                 from /opt/apps/resif/aion/2020b/epyc/software/Boost/1.74.0-GCC-10.2.0/include/boost/range/metafunctions.hpp:20,
                 from /opt/apps/resif/aion/2020b/epyc/software/Boost/1.74.0-GCC-10.2.0/include/boost/range.hpp:19,
                 from /home/users/mghavami/y2425-w02-compilation-on-hpc-AminGhavami/precice/precice-3.1.2/src/time/Storage.hpp:4,
                 from /home/users/mghavami/y2425-w02-compilation-on-hpc-AminGhavami/precice/precice-3.1.2/src/cplscheme/CouplingData.hpp:7,
                 from /home/users/mghavami/y2425-w02-compilation-on-hpc-AminGhavami/precice/precice-3.1.2/src/cplscheme/BaseCouplingScheme.hpp:12,
                 from /home/users/mghavami/y2425-w02-compilation-on-hpc-AminGhavami/precice/precice-3.1.2/src/acceleration/Acceleration.hpp:7,
                 from /home/users/mghavami/y2425-w02-compilation-on-hpc-AminGhavami/precice/precice-3.1.2/src/acceleration/AitkenAcceleration.hpp:8,
                 from /home/users/mghavami/y2425-w02-compilation-on-hpc-AminGhavami/precice/precice-3.1.2/src/acceleration/AitkenAcceleration.cpp:1:
/opt/apps/resif/aion/2020b/epyc/software/Boost/1.74.0-GCC-10.2.0/include/boost/config/pragma_message.hpp:24:34: note: ‘#pragma message: This header is deprecated. Use <boost/range/iterator.hpp> instead.’
   24 | # define BOOST_PRAGMA_MESSAGE(x) _Pragma(BOOST_STRINGIZE(message(x)))
      |                                  ^~~~~~~
/opt/apps/resif/aion/2020b/epyc/software/Boost/1.74.0-GCC-10.2.0/include/boost/config/pragma_message.hpp:24:34: note: in definition of macro ‘BOOST_PRAGMA_MESSAGE’
   24 | # define BOOST_PRAGMA_MESSAGE(x) _Pragma(BOOST_STRINGIZE(message(x)))
      |                                  ^~~~~~~
/opt/apps/resif/aion/2020b/epyc/software/Boost/1.74.0-GCC-10.2.0/include/boost/range/result_iterator.hpp:20:1: note: in expansion of macro ‘BOOST_HEADER_DEPRECATED’
   20 | BOOST_HEADER_DEPRECATED("<boost/range/iterator.hpp>")
      | ^~~~~~~~~~~~~~~~~~~~~~~
/opt/apps/resif/aion/2020b/epyc/software/Boost/1.74.0-GCC-10.2.0/include/boost/config/pragma_message.hpp:24:34: note: ‘#pragma message: This header is deprecated. Use <boost/range/reverse_iterator.hpp> instead.’
   24 | # define BOOST_PRAGMA_MESSAGE(x) _Pragma(BOOST_STRINGIZE(message(x)))
      |                                  ^~~~~~~
/opt/apps/resif/aion/2020b/epyc/software/Boost/1.74.0-GCC-10.2.0/include/boost/config/pragma_message.hpp:24:34: note: in definition of macro ‘BOOST_PRAGMA_MESSAGE’
   24 | # define BOOST_PRAGMA_MESSAGE(x) _Pragma(BOOST_STRINGIZE(message(x)))
      |                                  ^~~~~~~
/opt/apps/resif/aion/2020b/epyc/software/Boost/1.74.0-GCC-10.2.0/include/boost/range/const_reverse_iterator.hpp:20:1: note: in expansion of macro ‘BOOST_HEADER_DEPRECATED’
   20 | BOOST_HEADER_DEPRECATED("<boost/range/reverse_iterator.hpp>")
      | ^~~~~~~~~~~~~~~~~~~~~~~
/opt/apps/resif/aion/2020b/epyc/software/Boost/1.74.0-GCC-10.2.0/include/boost/config/pragma_message.hpp:24:34: note: ‘#pragma message: This header is deprecated. Use <boost/range/reverse_iterator.hpp> instead.’
   24 | # define BOOST_PRAGMA_MESSAGE(x) _Pragma(BOOST_STRINGIZE(message(x)))
      |                                  ^~~~~~~
/opt/apps/resif/aion/2020b/epyc/software/Boost/1.74.0-GCC-10.2.0/include/boost/config/pragma_message.hpp:24:34: note: in definition of macro ‘BOOST_PRAGMA_MESSAGE’
   24 | # define BOOST_PRAGMA_MESSAGE(x) _Pragma(BOOST_STRINGIZE(message(x)))
      |                                  ^~~~~~~
/opt/apps/resif/aion/2020b/epyc/software/Boost/1.74.0-GCC-10.2.0/include/boost/range/reverse_result_iterator.hpp:20:1: note: in expansion of macro ‘BOOST_HEADER_DEPRECATED’
   20 | BOOST_HEADER_DEPRECATED("<boost/range/reverse_iterator.hpp>")
      | ^~~~~~~~~~~~~~~~~~~~~~~
In file included from /opt/apps/resif/aion/2020b/epyc/software/Boost/1.74.0-GCC-10.2.0/include/boost/config/header_deprecated.hpp:18,
                 from /opt/apps/resif/aion/2020b/epyc/software/Boost/1.74.0-GCC-10.2.0/include/boost/range/result_iterator.hpp:18,
                 from /opt/apps/resif/aion/2020b/epyc/software/Boost/1.74.0-GCC-10.2.0/include/boost/range/metafunctions.hpp:20,
                 from /opt/apps/resif/aion/2020b/epyc/software/Boost/1.74.0-GCC-10.2.0/include/boost/range.hpp:19,
                 from /home/users/mghavami/y2425-w02-compilation-on-hpc-AminGhavami/precice/precice-3.1.2/src/time/Storage.hpp:4,
                 from /home/users/mghavami/y2425-w02-compilation-on-hpc-AminGhavami/precice/precice-3.1.2/src/mesh/Data.hpp:11,
                 from /home/users/mghavami/y2425-w02-compilation-on-hpc-AminGhavami/precice/precice-3.1.2/src/mesh/Mesh.hpp:14,
                 from /home/users/mghavami/y2425-w02-compilation-on-hpc-AminGhavami/precice/precice-3.1.2/src/mapping/Mapping.hpp:6,
                 from /home/users/mghavami/y2425-w02-compilation-on-hpc-AminGhavami/precice/precice-3.1.2/src/action/Action.hpp:3,
                 from /home/users/mghavami/y2425-w02-compilation-on-hpc-AminGhavami/precice/precice-3.1.2/src/action/RecorderAction.hpp:4,
                 from /home/users/mghavami/y2425-w02-compilation-on-hpc-AminGhavami/precice/precice-3.1.2/src/action/RecorderAction.cpp:1:
/opt/apps/resif/aion/2020b/epyc/software/Boost/1.74.0-GCC-10.2.0/include/boost/config/pragma_message.hpp:24:34: note: ‘#pragma message: This header is deprecated. Use <boost/range/iterator.hpp> instead.’
   24 | # define BOOST_PRAGMA_MESSAGE(x) _Pragma(BOOST_STRINGIZE(message(x)))
      |                                  ^~~~~~~
/opt/apps/resif/aion/2020b/epyc/software/Boost/1.74.0-GCC-10.2.0/include/boost/config/pragma_message.hpp:24:34: note: in definition of macro ‘BOOST_PRAGMA_MESSAGE’
   24 | # define BOOST_PRAGMA_MESSAGE(x) _Pragma(BOOST_STRINGIZE(message(x)))
      |                                  ^~~~~~~
/opt/apps/resif/aion/2020b/epyc/software/Boost/1.74.0-GCC-10.2.0/include/boost/range/result_iterator.hpp:20:1: note: in expansion of macro ‘BOOST_HEADER_DEPRECATED’
   20 | BOOST_HEADER_DEPRECATED("<boost/range/iterator.hpp>")
      | ^~~~~~~~~~~~~~~~~~~~~~~
In file included from /opt/apps/resif/aion/2020b/epyc/software/Boost/1.74.0-GCC-10.2.0/include/boost/config/header_deprecated.hpp:18,
                 from /opt/apps/resif/aion/2020b/epyc/software/Boost/1.74.0-GCC-10.2.0/include/boost/range/result_iterator.hpp:18,
                 from /opt/apps/resif/aion/2020b/epyc/software/Boost/1.74.0-GCC-10.2.0/include/boost/range/metafunctions.hpp:20,
                 from /opt/apps/resif/aion/2020b/epyc/software/Boost/1.74.0-GCC-10.2.0/include/boost/range.hpp:19,
                 from /home/users/mghavami/y2425-w02-compilation-on-hpc-AminGhavami/precice/precice-3.1.2/src/time/Storage.hpp:4,
                 from /home/users/mghavami/y2425-w02-compilation-on-hpc-AminGhavami/precice/precice-3.1.2/src/cplscheme/CouplingData.hpp:7,
                 from /home/users/mghavami/y2425-w02-compilation-on-hpc-AminGhavami/precice/precice-3.1.2/src/cplscheme/BaseCouplingScheme.hpp:12,
                 from /home/users/mghavami/y2425-w02-compilation-on-hpc-AminGhavami/precice/precice-3.1.2/src/acceleration/Acceleration.hpp:7,
                 from /home/users/mghavami/y2425-w02-compilation-on-hpc-AminGhavami/precice/precice-3.1.2/src/acceleration/BaseQNAcceleration.hpp:11,
                 from /home/users/mghavami/y2425-w02-compilation-on-hpc-AminGhavami/precice/precice-3.1.2/src/acceleration/BaseQNAcceleration.cpp:1:
/opt/apps/resif/aion/2020b/epyc/software/Boost/1.74.0-GCC-10.2.0/include/boost/config/pragma_message.hpp:24:34: note: ‘#pragma message: This header is deprecated. Use <boost/range/iterator.hpp> instead.’
   24 | # define BOOST_PRAGMA_MESSAGE(x) _Pragma(BOOST_STRINGIZE(message(x)))
      |                                  ^~~~~~~
/opt/apps/resif/aion/2020b/epyc/software/Boost/1.74.0-GCC-10.2.0/include/boost/config/pragma_message.hpp:24:34: note: in definition of macro ‘BOOST_PRAGMA_MESSAGE’
   24 | # define BOOST_PRAGMA_MESSAGE(x) _Pragma(BOOST_STRINGIZE(message(x)))
      |                                  ^~~~~~~
/opt/apps/resif/aion/2020b/epyc/software/Boost/1.74.0-GCC-10.2.0/include/boost/range/result_iterator.hpp:20:1: note: in expansion of macro ‘BOOST_HEADER_DEPRECATED’
   20 | BOOST_HEADER_DEPRECATED("<boost/range/iterator.hpp>")
      | ^~~~~~~~~~~~~~~~~~~~~~~
/opt/apps/resif/aion/2020b/epyc/software/Boost/1.74.0-GCC-10.2.0/include/boost/config/pragma_message.hpp:24:34: note: ‘#pragma message: This header is deprecated. Use <boost/range/reverse_iterator.hpp> instead.’
   24 | # define BOOST_PRAGMA_MESSAGE(x) _Pragma(BOOST_STRINGIZE(message(x)))
      |                                  ^~~~~~~
/opt/apps/resif/aion/2020b/epyc/software/Boost/1.74.0-GCC-10.2.0/include/boost/config/pragma_message.hpp:24:34: note: in definition of macro ‘BOOST_PRAGMA_MESSAGE’
   24 | # define BOOST_PRAGMA_MESSAGE(x) _Pragma(BOOST_STRINGIZE(message(x)))
      |                                  ^~~~~~~
/opt/apps/resif/aion/2020b/epyc/software/Boost/1.74.0-GCC-10.2.0/include/boost/range/const_reverse_iterator.hpp:20:1: note: in expansion of macro ‘BOOST_HEADER_DEPRECATED’
   20 | BOOST_HEADER_DEPRECATED("<boost/range/reverse_iterator.hpp>")
      | ^~~~~~~~~~~~~~~~~~~~~~~
/opt/apps/resif/aion/2020b/epyc/software/Boost/1.74.0-GCC-10.2.0/include/boost/config/pragma_message.hpp:24:34: note: ‘#pragma message: This header is deprecated. Use <boost/range/reverse_iterator.hpp> instead.’
   24 | # define BOOST_PRAGMA_MESSAGE(x) _Pragma(BOOST_STRINGIZE(message(x)))
      |                                  ^~~~~~~
/opt/apps/resif/aion/2020b/epyc/software/Boost/1.74.0-GCC-10.2.0/include/boost/config/pragma_message.hpp:24:34: note: in definition of macro ‘BOOST_PRAGMA_MESSAGE’
   24 | # define BOOST_PRAGMA_MESSAGE(x) _Pragma(BOOST_STRINGIZE(message(x)))
      |                                  ^~~~~~~
/opt/apps/resif/aion/2020b/epyc/software/Boost/1.74.0-GCC-10.2.0/include/boost/range/const_reverse_iterator.hpp:20:1: note: in expansion of macro ‘BOOST_HEADER_DEPRECATED’
   20 | BOOST_HEADER_DEPRECATED("<boost/range/reverse_iterator.hpp>")
      | ^~~~~~~~~~~~~~~~~~~~~~~
/opt/apps/resif/aion/2020b/epyc/software/Boost/1.74.0-GCC-10.2.0/include/boost/config/pragma_message.hpp:24:34: note: ‘#pragma message: This header is deprecated. Use <boost/range/reverse_iterator.hpp> instead.’
   24 | # define BOOST_PRAGMA_MESSAGE(x) _Pragma(BOOST_STRINGIZE(message(x)))
      |                                  ^~~~~~~
/opt/apps/resif/aion/2020b/epyc/software/Boost/1.74.0-GCC-10.2.0/include/boost/config/pragma_message.hpp:24:34: note: in definition of macro ‘BOOST_PRAGMA_MESSAGE’
   24 | # define BOOST_PRAGMA_MESSAGE(x) _Pragma(BOOST_STRINGIZE(message(x)))
      |                                  ^~~~~~~
/opt/apps/resif/aion/2020b/epyc/software/Boost/1.74.0-GCC-10.2.0/include/boost/range/reverse_result_iterator.hpp:20:1: note: in expansion of macro ‘BOOST_HEADER_DEPRECATED’
   20 | BOOST_HEADER_DEPRECATED("<boost/range/reverse_iterator.hpp>")
      | ^~~~~~~~~~~~~~~~~~~~~~~
/opt/apps/resif/aion/2020b/epyc/software/Boost/1.74.0-GCC-10.2.0/include/boost/config/pragma_message.hpp:24:34: note: ‘#pragma message: This header is deprecated. Use <boost/range/reverse_iterator.hpp> instead.’
   24 | # define BOOST_PRAGMA_MESSAGE(x) _Pragma(BOOST_STRINGIZE(message(x)))
      |                                  ^~~~~~~
/opt/apps/resif/aion/2020b/epyc/software/Boost/1.74.0-GCC-10.2.0/include/boost/config/pragma_message.hpp:24:34: note: in definition of macro ‘BOOST_PRAGMA_MESSAGE’
   24 | # define BOOST_PRAGMA_MESSAGE(x) _Pragma(BOOST_STRINGIZE(message(x)))
      |                                  ^~~~~~~
/opt/apps/resif/aion/2020b/epyc/software/Boost/1.74.0-GCC-10.2.0/include/boost/range/reverse_result_iterator.hpp:20:1: note: in expansion of macro ‘BOOST_HEADER_DEPRECATED’
   20 | BOOST_HEADER_DEPRECATED("<boost/range/reverse_iterator.hpp>")
      | ^~~~~~~~~~~~~~~~~~~~~~~
In file included from /opt/apps/resif/aion/2020b/epyc/software/Boost/1.74.0-GCC-10.2.0/include/boost/config/header_deprecated.hpp:18,
                 from /opt/apps/resif/aion/2020b/epyc/software/Boost/1.74.0-GCC-10.2.0/include/boost/range/result_iterator.hpp:18,
                 from /opt/apps/resif/aion/2020b/epyc/software/Boost/1.74.0-GCC-10.2.0/include/boost/range/metafunctions.hpp:20,
                 from /opt/apps/resif/aion/2020b/epyc/software/Boost/1.74.0-GCC-10.2.0/include/boost/range.hpp:19,
                 from /home/users/mghavami/y2425-w02-compilation-on-hpc-AminGhavami/precice/precice-3.1.2/src/time/Storage.hpp:4,
                 from /home/users/mghavami/y2425-w02-compilation-on-hpc-AminGhavami/precice/precice-3.1.2/src/mesh/Data.hpp:11,
                 from /home/users/mghavami/y2425-w02-compilation-on-hpc-AminGhavami/precice/precice-3.1.2/src/mesh/Mesh.hpp:14,
                 from /home/users/mghavami/y2425-w02-compilation-on-hpc-AminGhavami/precice/precice-3.1.2/src/mapping/Mapping.hpp:6,
                 from /home/users/mghavami/y2425-w02-compilation-on-hpc-AminGhavami/precice/precice-3.1.2/src/action/Action.hpp:3,
                 from /home/users/mghavami/y2425-w02-compilation-on-hpc-AminGhavami/precice/precice-3.1.2/src/action/PythonAction.hpp:5,
                 from /home/users/mghavami/y2425-w02-compilation-on-hpc-AminGhavami/precice/precice-3.1.2/src/action/PythonAction.cpp:3:
/opt/apps/resif/aion/2020b/epyc/software/Boost/1.74.0-GCC-10.2.0/include/boost/config/pragma_message.hpp:24:34: note: ‘#pragma message: This header is deprecated. Use <boost/range/iterator.hpp> instead.’
   24 | # define BOOST_PRAGMA_MESSAGE(x) _Pragma(BOOST_STRINGIZE(message(x)))
      |                                  ^~~~~~~
/opt/apps/resif/aion/2020b/epyc/software/Boost/1.74.0-GCC-10.2.0/include/boost/config/pragma_message.hpp:24:34: note: in definition of macro ‘BOOST_PRAGMA_MESSAGE’
   24 | # define BOOST_PRAGMA_MESSAGE(x) _Pragma(BOOST_STRINGIZE(message(x)))
      |                                  ^~~~~~~
/opt/apps/resif/aion/2020b/epyc/software/Boost/1.74.0-GCC-10.2.0/include/boost/range/result_iterator.hpp:20:1: note: in expansion of macro ‘BOOST_HEADER_DEPRECATED’
   20 | BOOST_HEADER_DEPRECATED("<boost/range/iterator.hpp>")
      | ^~~~~~~~~~~~~~~~~~~~~~~
/opt/apps/resif/aion/2020b/epyc/software/Boost/1.74.0-GCC-10.2.0/include/boost/config/pragma_message.hpp:24:34: note: ‘#pragma message: This header is deprecated. Use <boost/range/reverse_iterator.hpp> instead.’
   24 | # define BOOST_PRAGMA_MESSAGE(x) _Pragma(BOOST_STRINGIZE(message(x)))
      |                                  ^~~~~~~
/opt/apps/resif/aion/2020b/epyc/software/Boost/1.74.0-GCC-10.2.0/include/boost/config/pragma_message.hpp:24:34: note: in definition of macro ‘BOOST_PRAGMA_MESSAGE’
   24 | # define BOOST_PRAGMA_MESSAGE(x) _Pragma(BOOST_STRINGIZE(message(x)))
      |                                  ^~~~~~~
/opt/apps/resif/aion/2020b/epyc/software/Boost/1.74.0-GCC-10.2.0/include/boost/range/const_reverse_iterator.hpp:20:1: note: in expansion of macro ‘BOOST_HEADER_DEPRECATED’
   20 | BOOST_HEADER_DEPRECATED("<boost/range/reverse_iterator.hpp>")
      | ^~~~~~~~~~~~~~~~~~~~~~~
/opt/apps/resif/aion/2020b/epyc/software/Boost/1.74.0-GCC-10.2.0/include/boost/config/pragma_message.hpp:24:34: note: ‘#pragma message: This header is deprecated. Use <boost/range/reverse_iterator.hpp> instead.’
   24 | # define BOOST_PRAGMA_MESSAGE(x) _Pragma(BOOST_STRINGIZE(message(x)))
      |                                  ^~~~~~~
/opt/apps/resif/aion/2020b/epyc/software/Boost/1.74.0-GCC-10.2.0/include/boost/config/pragma_message.hpp:24:34: note: in definition of macro ‘BOOST_PRAGMA_MESSAGE’
   24 | # define BOOST_PRAGMA_MESSAGE(x) _Pragma(BOOST_STRINGIZE(message(x)))
      |                                  ^~~~~~~
/opt/apps/resif/aion/2020b/epyc/software/Boost/1.74.0-GCC-10.2.0/include/boost/range/reverse_result_iterator.hpp:20:1: note: in expansion of macro ‘BOOST_HEADER_DEPRECATED’
   20 | BOOST_HEADER_DEPRECATED("<boost/range/reverse_iterator.hpp>")
      | ^~~~~~~~~~~~~~~~~~~~~~~
[  3%] Building CXX object CMakeFiles/preciceCore.dir/src/action/SummationAction.cpp.o
[  3%] Building CXX object CMakeFiles/preciceCore.dir/src/action/config/ActionConfiguration.cpp.o
[  4%] Building CXX object CMakeFiles/preciceCore.dir/src/com/Communication.cpp.o
[  4%] Building CXX object CMakeFiles/preciceCore.dir/src/com/ConnectionInfoPublisher.cpp.o
[  4%] Building CXX object CMakeFiles/preciceCore.dir/src/com/Extra.cpp.o
[  4%] Building CXX object CMakeFiles/preciceCore.dir/src/com/MPICommunication.cpp.o
[  4%] Building CXX object CMakeFiles/preciceCore.dir/src/com/MPIDirectCommunication.cpp.o
[  4%] Building CXX object CMakeFiles/preciceCore.dir/src/com/MPIPortsCommunication.cpp.o
[  5%] Building CXX object CMakeFiles/preciceCore.dir/src/com/MPIPortsCommunicationFactory.cpp.o
[  5%] Building CXX object CMakeFiles/preciceCore.dir/src/com/MPIRequest.cpp.o
In file included from /opt/apps/resif/aion/2020b/epyc/software/Boost/1.74.0-GCC-10.2.0/include/boost/config/header_deprecated.hpp:18,
                 from /opt/apps/resif/aion/2020b/epyc/software/Boost/1.74.0-GCC-10.2.0/include/boost/range/result_iterator.hpp:18,
                 from /opt/apps/resif/aion/2020b/epyc/software/Boost/1.74.0-GCC-10.2.0/include/boost/range/metafunctions.hpp:20,
                 from /opt/apps/resif/aion/2020b/epyc/software/Boost/1.74.0-GCC-10.2.0/include/boost/range.hpp:19,
                 from /home/users/mghavami/y2425-w02-compilation-on-hpc-AminGhavami/precice/precice-3.1.2/src/time/Storage.hpp:4,
                 from /home/users/mghavami/y2425-w02-compilation-on-hpc-AminGhavami/precice/precice-3.1.2/src/mesh/Data.hpp:11,
                 from /home/users/mghavami/y2425-w02-compilation-on-hpc-AminGhavami/precice/precice-3.1.2/src/mesh/Mesh.hpp:14,
                 from /home/users/mghavami/y2425-w02-compilation-on-hpc-AminGhavami/precice/precice-3.1.2/src/mapping/Mapping.hpp:6,
                 from /home/users/mghavami/y2425-w02-compilation-on-hpc-AminGhavami/precice/precice-3.1.2/src/action/Action.hpp:3,
                 from /home/users/mghavami/y2425-w02-compilation-on-hpc-AminGhavami/precice/precice-3.1.2/src/action/ScaleByAreaAction.hpp:4,
                 from /home/users/mghavami/y2425-w02-compilation-on-hpc-AminGhavami/precice/precice-3.1.2/src/action/ScaleByAreaAction.cpp:1:
/opt/apps/resif/aion/2020b/epyc/software/Boost/1.74.0-GCC-10.2.0/include/boost/config/pragma_message.hpp:24:34: note: ‘#pragma message: This header is deprecated. Use <boost/range/iterator.hpp> instead.’
   24 | # define BOOST_PRAGMA_MESSAGE(x) _Pragma(BOOST_STRINGIZE(message(x)))
      |                                  ^~~~~~~
/opt/apps/resif/aion/2020b/epyc/software/Boost/1.74.0-GCC-10.2.0/include/boost/config/pragma_message.hpp:24:34: note: in definition of macro ‘BOOST_PRAGMA_MESSAGE’
   24 | # define BOOST_PRAGMA_MESSAGE(x) _Pragma(BOOST_STRINGIZE(message(x)))
      |                                  ^~~~~~~
/opt/apps/resif/aion/2020b/epyc/software/Boost/1.74.0-GCC-10.2.0/include/boost/range/result_iterator.hpp:20:1: note: in expansion of macro ‘BOOST_HEADER_DEPRECATED’
   20 | BOOST_HEADER_DEPRECATED("<boost/range/iterator.hpp>")
      | ^~~~~~~~~~~~~~~~~~~~~~~
/opt/apps/resif/aion/2020b/epyc/software/Boost/1.74.0-GCC-10.2.0/include/boost/config/pragma_message.hpp:24:34: note: ‘#pragma message: This header is deprecated. Use <boost/range/reverse_iterator.hpp> instead.’
   24 | # define BOOST_PRAGMA_MESSAGE(x) _Pragma(BOOST_STRINGIZE(message(x)))
      |                                  ^~~~~~~
/opt/apps/resif/aion/2020b/epyc/software/Boost/1.74.0-GCC-10.2.0/include/boost/config/pragma_message.hpp:24:34: note: in definition of macro ‘BOOST_PRAGMA_MESSAGE’
   24 | # define BOOST_PRAGMA_MESSAGE(x) _Pragma(BOOST_STRINGIZE(message(x)))
      |                                  ^~~~~~~
/opt/apps/resif/aion/2020b/epyc/software/Boost/1.74.0-GCC-10.2.0/include/boost/range/const_reverse_iterator.hpp:20:1: note: in expansion of macro ‘BOOST_HEADER_DEPRECATED’
   20 | BOOST_HEADER_DEPRECATED("<boost/range/reverse_iterator.hpp>")
      | ^~~~~~~~~~~~~~~~~~~~~~~
/opt/apps/resif/aion/2020b/epyc/software/Boost/1.74.0-GCC-10.2.0/include/boost/config/pragma_message.hpp:24:34: note: ‘#pragma message: This header is deprecated. Use <boost/range/reverse_iterator.hpp> instead.’
   24 | # define BOOST_PRAGMA_MESSAGE(x) _Pragma(BOOST_STRINGIZE(message(x)))
      |                                  ^~~~~~~
/opt/apps/resif/aion/2020b/epyc/software/Boost/1.74.0-GCC-10.2.0/include/boost/config/pragma_message.hpp:24:34: note: in definition of macro ‘BOOST_PRAGMA_MESSAGE’
   24 | # define BOOST_PRAGMA_MESSAGE(x) _Pragma(BOOST_STRINGIZE(message(x)))
      |                                  ^~~~~~~
/opt/apps/resif/aion/2020b/epyc/software/Boost/1.74.0-GCC-10.2.0/include/boost/range/reverse_result_iterator.hpp:20:1: note: in expansion of macro ‘BOOST_HEADER_DEPRECATED’
   20 | BOOST_HEADER_DEPRECATED("<boost/range/reverse_iterator.hpp>")
      | ^~~~~~~~~~~~~~~~~~~~~~~
[  5%] Building CXX object CMakeFiles/preciceCore.dir/src/com/MPISinglePortsCommunication.cpp.o
[  5%] Building CXX object CMakeFiles/preciceCore.dir/src/com/MPISinglePortsCommunicationFactory.cpp.o
In file included from /opt/apps/resif/aion/2020b/epyc/software/Boost/1.74.0-GCC-10.2.0/include/boost/config/header_deprecated.hpp:18,
                 from /opt/apps/resif/aion/2020b/epyc/software/Boost/1.74.0-GCC-10.2.0/include/boost/range/result_iterator.hpp:18,
                 from /opt/apps/resif/aion/2020b/epyc/software/Boost/1.74.0-GCC-10.2.0/include/boost/range/metafunctions.hpp:20,
                 from /opt/apps/resif/aion/2020b/epyc/software/Boost/1.74.0-GCC-10.2.0/include/boost/range.hpp:19,
                 from /home/users/mghavami/y2425-w02-compilation-on-hpc-AminGhavami/precice/precice-3.1.2/src/time/Storage.hpp:4,
                 from /home/users/mghavami/y2425-w02-compilation-on-hpc-AminGhavami/precice/precice-3.1.2/src/mesh/Data.hpp:11,
                 from /home/users/mghavami/y2425-w02-compilation-on-hpc-AminGhavami/precice/precice-3.1.2/src/mesh/Mesh.hpp:14,
                 from /home/users/mghavami/y2425-w02-compilation-on-hpc-AminGhavami/precice/precice-3.1.2/src/mapping/Mapping.hpp:6,
                 from /home/users/mghavami/y2425-w02-compilation-on-hpc-AminGhavami/precice/precice-3.1.2/src/action/Action.hpp:3,
                 from /home/users/mghavami/y2425-w02-compilation-on-hpc-AminGhavami/precice/precice-3.1.2/src/action/config/ActionConfiguration.hpp:6,
                 from /home/users/mghavami/y2425-w02-compilation-on-hpc-AminGhavami/precice/precice-3.1.2/src/action/config/ActionConfiguration.cpp:1:
/opt/apps/resif/aion/2020b/epyc/software/Boost/1.74.0-GCC-10.2.0/include/boost/config/pragma_message.hpp:24:34: note: ‘#pragma message: This header is deprecated. Use <boost/range/iterator.hpp> instead.’
   24 | # define BOOST_PRAGMA_MESSAGE(x) _Pragma(BOOST_STRINGIZE(message(x)))
      |                                  ^~~~~~~
/opt/apps/resif/aion/2020b/epyc/software/Boost/1.74.0-GCC-10.2.0/include/boost/config/pragma_message.hpp:24:34: note: in definition of macro ‘BOOST_PRAGMA_MESSAGE’
   24 | # define BOOST_PRAGMA_MESSAGE(x) _Pragma(BOOST_STRINGIZE(message(x)))
      |                                  ^~~~~~~
/opt/apps/resif/aion/2020b/epyc/software/Boost/1.74.0-GCC-10.2.0/include/boost/range/result_iterator.hpp:20:1: note: in expansion of macro ‘BOOST_HEADER_DEPRECATED’
   20 | BOOST_HEADER_DEPRECATED("<boost/range/iterator.hpp>")
      | ^~~~~~~~~~~~~~~~~~~~~~~
/opt/apps/resif/aion/2020b/epyc/software/Boost/1.74.0-GCC-10.2.0/include/boost/config/pragma_message.hpp:24:34: note: ‘#pragma message: This header is deprecated. Use <boost/range/reverse_iterator.hpp> instead.’
   24 | # define BOOST_PRAGMA_MESSAGE(x) _Pragma(BOOST_STRINGIZE(message(x)))
      |                                  ^~~~~~~
/opt/apps/resif/aion/2020b/epyc/software/Boost/1.74.0-GCC-10.2.0/include/boost/config/pragma_message.hpp:24:34: note: in definition of macro ‘BOOST_PRAGMA_MESSAGE’
   24 | # define BOOST_PRAGMA_MESSAGE(x) _Pragma(BOOST_STRINGIZE(message(x)))
      |                                  ^~~~~~~
/opt/apps/resif/aion/2020b/epyc/software/Boost/1.74.0-GCC-10.2.0/include/boost/range/const_reverse_iterator.hpp:20:1: note: in expansion of macro ‘BOOST_HEADER_DEPRECATED’
   20 | BOOST_HEADER_DEPRECATED("<boost/range/reverse_iterator.hpp>")
      | ^~~~~~~~~~~~~~~~~~~~~~~
/opt/apps/resif/aion/2020b/epyc/software/Boost/1.74.0-GCC-10.2.0/include/boost/config/pragma_message.hpp:24:34: note: ‘#pragma message: This header is deprecated. Use <boost/range/reverse_iterator.hpp> instead.’
   24 | # define BOOST_PRAGMA_MESSAGE(x) _Pragma(BOOST_STRINGIZE(message(x)))
      |                                  ^~~~~~~
/opt/apps/resif/aion/2020b/epyc/software/Boost/1.74.0-GCC-10.2.0/include/boost/config/pragma_message.hpp:24:34: note: in definition of macro ‘BOOST_PRAGMA_MESSAGE’
   24 | # define BOOST_PRAGMA_MESSAGE(x) _Pragma(BOOST_STRINGIZE(message(x)))
      |                                  ^~~~~~~
/opt/apps/resif/aion/2020b/epyc/software/Boost/1.74.0-GCC-10.2.0/include/boost/range/reverse_result_iterator.hpp:20:1: note: in expansion of macro ‘BOOST_HEADER_DEPRECATED’
   20 | BOOST_HEADER_DEPRECATED("<boost/range/reverse_iterator.hpp>")
      | ^~~~~~~~~~~~~~~~~~~~~~~
In file included from /opt/apps/resif/aion/2020b/epyc/software/Boost/1.74.0-GCC-10.2.0/include/boost/config/header_deprecated.hpp:18,
                 from /opt/apps/resif/aion/2020b/epyc/software/Boost/1.74.0-GCC-10.2.0/include/boost/range/result_iterator.hpp:18,
                 from /opt/apps/resif/aion/2020b/epyc/software/Boost/1.74.0-GCC-10.2.0/include/boost/range/metafunctions.hpp:20,
                 from /opt/apps/resif/aion/2020b/epyc/software/Boost/1.74.0-GCC-10.2.0/include/boost/range.hpp:19,
                 from /home/users/mghavami/y2425-w02-compilation-on-hpc-AminGhavami/precice/precice-3.1.2/src/time/Storage.hpp:4,
                 from /home/users/mghavami/y2425-w02-compilation-on-hpc-AminGhavami/precice/precice-3.1.2/src/mesh/Data.hpp:11,
                 from /home/users/mghavami/y2425-w02-compilation-on-hpc-AminGhavami/precice/precice-3.1.2/src/mesh/Mesh.hpp:14,
                 from /home/users/mghavami/y2425-w02-compilation-on-hpc-AminGhavami/precice/precice-3.1.2/src/mapping/Mapping.hpp:6,
                 from /home/users/mghavami/y2425-w02-compilation-on-hpc-AminGhavami/precice/precice-3.1.2/src/action/Action.hpp:3,
                 from /home/users/mghavami/y2425-w02-compilation-on-hpc-AminGhavami/precice/precice-3.1.2/src/action/SummationAction.hpp:5,
                 from /home/users/mghavami/y2425-w02-compilation-on-hpc-AminGhavami/precice/precice-3.1.2/src/action/SummationAction.cpp:1:
/opt/apps/resif/aion/2020b/epyc/software/Boost/1.74.0-GCC-10.2.0/include/boost/config/pragma_message.hpp:24:34: note: ‘#pragma message: This header is deprecated. Use <boost/range/iterator.hpp> instead.’
   24 | # define BOOST_PRAGMA_MESSAGE(x) _Pragma(BOOST_STRINGIZE(message(x)))
      |                                  ^~~~~~~
/opt/apps/resif/aion/2020b/epyc/software/Boost/1.74.0-GCC-10.2.0/include/boost/config/pragma_message.hpp:24:34: note: in definition of macro ‘BOOST_PRAGMA_MESSAGE’
   24 | # define BOOST_PRAGMA_MESSAGE(x) _Pragma(BOOST_STRINGIZE(message(x)))
      |                                  ^~~~~~~
/opt/apps/resif/aion/2020b/epyc/software/Boost/1.74.0-GCC-10.2.0/include/boost/range/result_iterator.hpp:20:1: note: in expansion of macro ‘BOOST_HEADER_DEPRECATED’
   20 | BOOST_HEADER_DEPRECATED("<boost/range/iterator.hpp>")
      | ^~~~~~~~~~~~~~~~~~~~~~~
/opt/apps/resif/aion/2020b/epyc/software/Boost/1.74.0-GCC-10.2.0/include/boost/config/pragma_message.hpp:24:34: note: ‘#pragma message: This header is deprecated. Use <boost/range/reverse_iterator.hpp> instead.’
   24 | # define BOOST_PRAGMA_MESSAGE(x) _Pragma(BOOST_STRINGIZE(message(x)))
      |                                  ^~~~~~~
/opt/apps/resif/aion/2020b/epyc/software/Boost/1.74.0-GCC-10.2.0/include/boost/config/pragma_message.hpp:24:34: note: in definition of macro ‘BOOST_PRAGMA_MESSAGE’
   24 | # define BOOST_PRAGMA_MESSAGE(x) _Pragma(BOOST_STRINGIZE(message(x)))
      |                                  ^~~~~~~
/opt/apps/resif/aion/2020b/epyc/software/Boost/1.74.0-GCC-10.2.0/include/boost/range/const_reverse_iterator.hpp:20:1: note: in expansion of macro ‘BOOST_HEADER_DEPRECATED’
   20 | BOOST_HEADER_DEPRECATED("<boost/range/reverse_iterator.hpp>")
      | ^~~~~~~~~~~~~~~~~~~~~~~
/opt/apps/resif/aion/2020b/epyc/software/Boost/1.74.0-GCC-10.2.0/include/boost/config/pragma_message.hpp:24:34: note: ‘#pragma message: This header is deprecated. Use <boost/range/reverse_iterator.hpp> instead.’
   24 | # define BOOST_PRAGMA_MESSAGE(x) _Pragma(BOOST_STRINGIZE(message(x)))
      |                                  ^~~~~~~
/opt/apps/resif/aion/2020b/epyc/software/Boost/1.74.0-GCC-10.2.0/include/boost/config/pragma_message.hpp:24:34: note: in definition of macro ‘BOOST_PRAGMA_MESSAGE’
   24 | # define BOOST_PRAGMA_MESSAGE(x) _Pragma(BOOST_STRINGIZE(message(x)))
      |                                  ^~~~~~~
/opt/apps/resif/aion/2020b/epyc/software/Boost/1.74.0-GCC-10.2.0/include/boost/range/reverse_result_iterator.hpp:20:1: note: in expansion of macro ‘BOOST_HEADER_DEPRECATED’
   20 | BOOST_HEADER_DEPRECATED("<boost/range/reverse_iterator.hpp>")
      | ^~~~~~~~~~~~~~~~~~~~~~~
[  5%] Building CXX object CMakeFiles/preciceCore.dir/src/com/Request.cpp.o
[  6%] Building CXX object CMakeFiles/preciceCore.dir/src/com/SerializedMesh.cpp.o
[  6%] Building CXX object CMakeFiles/preciceCore.dir/src/com/SerializedPartitioning.cpp.o
[  6%] Building CXX object CMakeFiles/preciceCore.dir/src/com/SerializedStamples.cpp.o
In file included from /opt/apps/resif/aion/2020b/epyc/software/Boost/1.74.0-GCC-10.2.0/include/boost/config/header_deprecated.hpp:18,
                 from /opt/apps/resif/aion/2020b/epyc/software/Boost/1.74.0-GCC-10.2.0/include/boost/range/result_iterator.hpp:18,
                 from /opt/apps/resif/aion/2020b/epyc/software/Boost/1.74.0-GCC-10.2.0/include/boost/range/metafunctions.hpp:20,
                 from /opt/apps/resif/aion/2020b/epyc/software/Boost/1.74.0-GCC-10.2.0/include/boost/range.hpp:19,
                 from /home/users/mghavami/y2425-w02-compilation-on-hpc-AminGhavami/precice/precice-3.1.2/src/time/Storage.hpp:4,
                 from /home/users/mghavami/y2425-w02-compilation-on-hpc-AminGhavami/precice/precice-3.1.2/src/mesh/Data.hpp:11,
                 from /home/users/mghavami/y2425-w02-compilation-on-hpc-AminGhavami/precice/precice-3.1.2/src/mesh/Mesh.hpp:14,
                 from /home/users/mghavami/y2425-w02-compilation-on-hpc-AminGhavami/precice/precice-3.1.2/src/com/Extra.hpp:4,
                 from /home/users/mghavami/y2425-w02-compilation-on-hpc-AminGhavami/precice/precice-3.1.2/src/com/Extra.cpp:1:
/opt/apps/resif/aion/2020b/epyc/software/Boost/1.74.0-GCC-10.2.0/include/boost/config/pragma_message.hpp:24:34: note: ‘#pragma message: This header is deprecated. Use <boost/range/iterator.hpp> instead.’
   24 | # define BOOST_PRAGMA_MESSAGE(x) _Pragma(BOOST_STRINGIZE(message(x)))
      |                                  ^~~~~~~
/opt/apps/resif/aion/2020b/epyc/software/Boost/1.74.0-GCC-10.2.0/include/boost/config/pragma_message.hpp:24:34: note: in definition of macro ‘BOOST_PRAGMA_MESSAGE’
   24 | # define BOOST_PRAGMA_MESSAGE(x) _Pragma(BOOST_STRINGIZE(message(x)))
      |                                  ^~~~~~~
/opt/apps/resif/aion/2020b/epyc/software/Boost/1.74.0-GCC-10.2.0/include/boost/range/result_iterator.hpp:20:1: note: in expansion of macro ‘BOOST_HEADER_DEPRECATED’
   20 | BOOST_HEADER_DEPRECATED("<boost/range/iterator.hpp>")
      | ^~~~~~~~~~~~~~~~~~~~~~~
/opt/apps/resif/aion/2020b/epyc/software/Boost/1.74.0-GCC-10.2.0/include/boost/config/pragma_message.hpp:24:34: note: ‘#pragma message: This header is deprecated. Use <boost/range/reverse_iterator.hpp> instead.’
   24 | # define BOOST_PRAGMA_MESSAGE(x) _Pragma(BOOST_STRINGIZE(message(x)))
      |                                  ^~~~~~~
/opt/apps/resif/aion/2020b/epyc/software/Boost/1.74.0-GCC-10.2.0/include/boost/config/pragma_message.hpp:24:34: note: in definition of macro ‘BOOST_PRAGMA_MESSAGE’
   24 | # define BOOST_PRAGMA_MESSAGE(x) _Pragma(BOOST_STRINGIZE(message(x)))
      |                                  ^~~~~~~
/opt/apps/resif/aion/2020b/epyc/software/Boost/1.74.0-GCC-10.2.0/include/boost/range/const_reverse_iterator.hpp:20:1: note: in expansion of macro ‘BOOST_HEADER_DEPRECATED’
   20 | BOOST_HEADER_DEPRECATED("<boost/range/reverse_iterator.hpp>")
      | ^~~~~~~~~~~~~~~~~~~~~~~
/opt/apps/resif/aion/2020b/epyc/software/Boost/1.74.0-GCC-10.2.0/include/boost/config/pragma_message.hpp:24:34: note: ‘#pragma message: This header is deprecated. Use <boost/range/reverse_iterator.hpp> instead.’
   24 | # define BOOST_PRAGMA_MESSAGE(x) _Pragma(BOOST_STRINGIZE(message(x)))
      |                                  ^~~~~~~
/opt/apps/resif/aion/2020b/epyc/software/Boost/1.74.0-GCC-10.2.0/include/boost/config/pragma_message.hpp:24:34: note: in definition of macro ‘BOOST_PRAGMA_MESSAGE’
   24 | # define BOOST_PRAGMA_MESSAGE(x) _Pragma(BOOST_STRINGIZE(message(x)))
      |                                  ^~~~~~~
/opt/apps/resif/aion/2020b/epyc/software/Boost/1.74.0-GCC-10.2.0/include/boost/range/reverse_result_iterator.hpp:20:1: note: in expansion of macro ‘BOOST_HEADER_DEPRECATED’
   20 | BOOST_HEADER_DEPRECATED("<boost/range/reverse_iterator.hpp>")
      | ^~~~~~~~~~~~~~~~~~~~~~~
[  6%] Building CXX object CMakeFiles/preciceCore.dir/src/com/SocketCommunication.cpp.o
[  6%] Building CXX object CMakeFiles/preciceCore.dir/src/com/SocketCommunicationFactory.cpp.o
[  7%] Building CXX object CMakeFiles/preciceCore.dir/src/com/SocketRequest.cpp.o
[  7%] Building CXX object CMakeFiles/preciceCore.dir/src/com/SocketSendQueue.cpp.o
[  7%] Building CXX object CMakeFiles/preciceCore.dir/src/com/config/CommunicationConfiguration.cpp.o
[  7%] Building CXX object CMakeFiles/preciceCore.dir/src/cplscheme/BaseCouplingScheme.cpp.o
[  7%] Building CXX object CMakeFiles/preciceCore.dir/src/cplscheme/BiCouplingScheme.cpp.o
[  7%] Building CXX object CMakeFiles/preciceCore.dir/src/cplscheme/CompositionalCouplingScheme.cpp.o
[  8%] Building CXX object CMakeFiles/preciceCore.dir/src/cplscheme/Constants.cpp.o
[  8%] Building CXX object CMakeFiles/preciceCore.dir/src/cplscheme/CouplingData.cpp.o
[  8%] Building CXX object CMakeFiles/preciceCore.dir/src/cplscheme/CouplingScheme.cpp.o
In file included from /opt/apps/resif/aion/2020b/epyc/software/Boost/1.74.0-GCC-10.2.0/include/boost/config/header_deprecated.hpp:18,
                 from /opt/apps/resif/aion/2020b/epyc/software/Boost/1.74.0-GCC-10.2.0/include/boost/range/result_iterator.hpp:18,
                 from /opt/apps/resif/aion/2020b/epyc/software/Boost/1.74.0-GCC-10.2.0/include/boost/range/metafunctions.hpp:20,
                 from /opt/apps/resif/aion/2020b/epyc/software/Boost/1.74.0-GCC-10.2.0/include/boost/range.hpp:19,
                 from /home/users/mghavami/y2425-w02-compilation-on-hpc-AminGhavami/precice/precice-3.1.2/src/time/Storage.hpp:4,
                 from /home/users/mghavami/y2425-w02-compilation-on-hpc-AminGhavami/precice/precice-3.1.2/src/cplscheme/CouplingData.hpp:7,
                 from /home/users/mghavami/y2425-w02-compilation-on-hpc-AminGhavami/precice/precice-3.1.2/src/com/SerializedStamples.cpp:2:
/opt/apps/resif/aion/2020b/epyc/software/Boost/1.74.0-GCC-10.2.0/include/boost/config/pragma_message.hpp:24:34: note: ‘#pragma message: This header is deprecated. Use <boost/range/iterator.hpp> instead.’
   24 | # define BOOST_PRAGMA_MESSAGE(x) _Pragma(BOOST_STRINGIZE(message(x)))
      |                                  ^~~~~~~
/opt/apps/resif/aion/2020b/epyc/software/Boost/1.74.0-GCC-10.2.0/include/boost/config/pragma_message.hpp:24:34: note: in definition of macro ‘BOOST_PRAGMA_MESSAGE’
   24 | # define BOOST_PRAGMA_MESSAGE(x) _Pragma(BOOST_STRINGIZE(message(x)))
      |                                  ^~~~~~~
/opt/apps/resif/aion/2020b/epyc/software/Boost/1.74.0-GCC-10.2.0/include/boost/range/result_iterator.hpp:20:1: note: in expansion of macro ‘BOOST_HEADER_DEPRECATED’
   20 | BOOST_HEADER_DEPRECATED("<boost/range/iterator.hpp>")
      | ^~~~~~~~~~~~~~~~~~~~~~~
/opt/apps/resif/aion/2020b/epyc/software/Boost/1.74.0-GCC-10.2.0/include/boost/config/pragma_message.hpp:24:34: note: ‘#pragma message: This header is deprecated. Use <boost/range/reverse_iterator.hpp> instead.’
   24 | # define BOOST_PRAGMA_MESSAGE(x) _Pragma(BOOST_STRINGIZE(message(x)))
      |                                  ^~~~~~~
/opt/apps/resif/aion/2020b/epyc/software/Boost/1.74.0-GCC-10.2.0/include/boost/config/pragma_message.hpp:24:34: note: in definition of macro ‘BOOST_PRAGMA_MESSAGE’
   24 | # define BOOST_PRAGMA_MESSAGE(x) _Pragma(BOOST_STRINGIZE(message(x)))
      |                                  ^~~~~~~
/opt/apps/resif/aion/2020b/epyc/software/Boost/1.74.0-GCC-10.2.0/include/boost/range/const_reverse_iterator.hpp:20:1: note: in expansion of macro ‘BOOST_HEADER_DEPRECATED’
   20 | BOOST_HEADER_DEPRECATED("<boost/range/reverse_iterator.hpp>")
      | ^~~~~~~~~~~~~~~~~~~~~~~
/opt/apps/resif/aion/2020b/epyc/software/Boost/1.74.0-GCC-10.2.0/include/boost/config/pragma_message.hpp:24:34: note: ‘#pragma message: This header is deprecated. Use <boost/range/reverse_iterator.hpp> instead.’
   24 | # define BOOST_PRAGMA_MESSAGE(x) _Pragma(BOOST_STRINGIZE(message(x)))
      |                                  ^~~~~~~
/opt/apps/resif/aion/2020b/epyc/software/Boost/1.74.0-GCC-10.2.0/include/boost/config/pragma_message.hpp:24:34: note: in definition of macro ‘BOOST_PRAGMA_MESSAGE’
   24 | # define BOOST_PRAGMA_MESSAGE(x) _Pragma(BOOST_STRINGIZE(message(x)))
      |                                  ^~~~~~~
/opt/apps/resif/aion/2020b/epyc/software/Boost/1.74.0-GCC-10.2.0/include/boost/range/reverse_result_iterator.hpp:20:1: note: in expansion of macro ‘BOOST_HEADER_DEPRECATED’
   20 | BOOST_HEADER_DEPRECATED("<boost/range/reverse_iterator.hpp>")
      | ^~~~~~~~~~~~~~~~~~~~~~~
[  8%] Building CXX object CMakeFiles/preciceCore.dir/src/cplscheme/ImplicitData.cpp.o
In file included from /opt/apps/resif/aion/2020b/epyc/software/Boost/1.74.0-GCC-10.2.0/include/boost/config/header_deprecated.hpp:18,
                 from /opt/apps/resif/aion/2020b/epyc/software/Boost/1.74.0-GCC-10.2.0/include/boost/range/result_iterator.hpp:18,
                 from /opt/apps/resif/aion/2020b/epyc/software/Boost/1.74.0-GCC-10.2.0/include/boost/range/metafunctions.hpp:20,
                 from /opt/apps/resif/aion/2020b/epyc/software/Boost/1.74.0-GCC-10.2.0/include/boost/range.hpp:19,
                 from /home/users/mghavami/y2425-w02-compilation-on-hpc-AminGhavami/precice/precice-3.1.2/src/time/Storage.hpp:4,
                 from /home/users/mghavami/y2425-w02-compilation-on-hpc-AminGhavami/precice/precice-3.1.2/src/mesh/Data.hpp:11,
                 from /home/users/mghavami/y2425-w02-compilation-on-hpc-AminGhavami/precice/precice-3.1.2/src/mesh/Mesh.hpp:14,
                 from /home/users/mghavami/y2425-w02-compilation-on-hpc-AminGhavami/precice/precice-3.1.2/src/com/SerializedPartitioning.hpp:7,
                 from /home/users/mghavami/y2425-w02-compilation-on-hpc-AminGhavami/precice/precice-3.1.2/src/com/SerializedPartitioning.cpp:8:
/opt/apps/resif/aion/2020b/epyc/software/Boost/1.74.0-GCC-10.2.0/include/boost/config/pragma_message.hpp:24:34: note: ‘#pragma message: This header is deprecated. Use <boost/range/iterator.hpp> instead.’
   24 | # define BOOST_PRAGMA_MESSAGE(x) _Pragma(BOOST_STRINGIZE(message(x)))
      |                                  ^~~~~~~
/opt/apps/resif/aion/2020b/epyc/software/Boost/1.74.0-GCC-10.2.0/include/boost/config/pragma_message.hpp:24:34: note: in definition of macro ‘BOOST_PRAGMA_MESSAGE’
   24 | # define BOOST_PRAGMA_MESSAGE(x) _Pragma(BOOST_STRINGIZE(message(x)))
      |                                  ^~~~~~~
/opt/apps/resif/aion/2020b/epyc/software/Boost/1.74.0-GCC-10.2.0/include/boost/range/result_iterator.hpp:20:1: note: in expansion of macro ‘BOOST_HEADER_DEPRECATED’
   20 | BOOST_HEADER_DEPRECATED("<boost/range/iterator.hpp>")
      | ^~~~~~~~~~~~~~~~~~~~~~~
/opt/apps/resif/aion/2020b/epyc/software/Boost/1.74.0-GCC-10.2.0/include/boost/config/pragma_message.hpp:24:34: note: ‘#pragma message: This header is deprecated. Use <boost/range/reverse_iterator.hpp> instead.’
   24 | # define BOOST_PRAGMA_MESSAGE(x) _Pragma(BOOST_STRINGIZE(message(x)))
      |                                  ^~~~~~~
/opt/apps/resif/aion/2020b/epyc/software/Boost/1.74.0-GCC-10.2.0/include/boost/config/pragma_message.hpp:24:34: note: in definition of macro ‘BOOST_PRAGMA_MESSAGE’
   24 | # define BOOST_PRAGMA_MESSAGE(x) _Pragma(BOOST_STRINGIZE(message(x)))
      |                                  ^~~~~~~
/opt/apps/resif/aion/2020b/epyc/software/Boost/1.74.0-GCC-10.2.0/include/boost/range/const_reverse_iterator.hpp:20:1: note: in expansion of macro ‘BOOST_HEADER_DEPRECATED’
   20 | BOOST_HEADER_DEPRECATED("<boost/range/reverse_iterator.hpp>")
      | ^~~~~~~~~~~~~~~~~~~~~~~
/opt/apps/resif/aion/2020b/epyc/software/Boost/1.74.0-GCC-10.2.0/include/boost/config/pragma_message.hpp:24:34: note: ‘#pragma message: This header is deprecated. Use <boost/range/reverse_iterator.hpp> instead.’
   24 | # define BOOST_PRAGMA_MESSAGE(x) _Pragma(BOOST_STRINGIZE(message(x)))
      |                                  ^~~~~~~
/opt/apps/resif/aion/2020b/epyc/software/Boost/1.74.0-GCC-10.2.0/include/boost/config/pragma_message.hpp:24:34: note: in definition of macro ‘BOOST_PRAGMA_MESSAGE’
   24 | # define BOOST_PRAGMA_MESSAGE(x) _Pragma(BOOST_STRINGIZE(message(x)))
      |                                  ^~~~~~~
/opt/apps/resif/aion/2020b/epyc/software/Boost/1.74.0-GCC-10.2.0/include/boost/range/reverse_result_iterator.hpp:20:1: note: in expansion of macro ‘BOOST_HEADER_DEPRECATED’
   20 | BOOST_HEADER_DEPRECATED("<boost/range/reverse_iterator.hpp>")
      | ^~~~~~~~~~~~~~~~~~~~~~~
In file included from /opt/apps/resif/aion/2020b/epyc/software/Boost/1.74.0-GCC-10.2.0/include/boost/config/header_deprecated.hpp:18,
                 from /opt/apps/resif/aion/2020b/epyc/software/Boost/1.74.0-GCC-10.2.0/include/boost/range/result_iterator.hpp:18,
                 from /opt/apps/resif/aion/2020b/epyc/software/Boost/1.74.0-GCC-10.2.0/include/boost/range/metafunctions.hpp:20,
                 from /opt/apps/resif/aion/2020b/epyc/software/Boost/1.74.0-GCC-10.2.0/include/boost/range.hpp:19,
                 from /home/users/mghavami/y2425-w02-compilation-on-hpc-AminGhavami/precice/precice-3.1.2/src/time/Storage.hpp:4,
                 from /home/users/mghavami/y2425-w02-compilation-on-hpc-AminGhavami/precice/precice-3.1.2/src/mesh/Data.hpp:11,
                 from /home/users/mghavami/y2425-w02-compilation-on-hpc-AminGhavami/precice/precice-3.1.2/src/mesh/Mesh.hpp:14,
                 from /home/users/mghavami/y2425-w02-compilation-on-hpc-AminGhavami/precice/precice-3.1.2/src/com/SerializedMesh.cpp:6:
/opt/apps/resif/aion/2020b/epyc/software/Boost/1.74.0-GCC-10.2.0/include/boost/config/pragma_message.hpp:24:34: note: ‘#pragma message: This header is deprecated. Use <boost/range/iterator.hpp> instead.’
   24 | # define BOOST_PRAGMA_MESSAGE(x) _Pragma(BOOST_STRINGIZE(message(x)))
      |                                  ^~~~~~~
/opt/apps/resif/aion/2020b/epyc/software/Boost/1.74.0-GCC-10.2.0/include/boost/config/pragma_message.hpp:24:34: note: in definition of macro ‘BOOST_PRAGMA_MESSAGE’
   24 | # define BOOST_PRAGMA_MESSAGE(x) _Pragma(BOOST_STRINGIZE(message(x)))
      |                                  ^~~~~~~
/opt/apps/resif/aion/2020b/epyc/software/Boost/1.74.0-GCC-10.2.0/include/boost/range/result_iterator.hpp:20:1: note: in expansion of macro ‘BOOST_HEADER_DEPRECATED’
   20 | BOOST_HEADER_DEPRECATED("<boost/range/iterator.hpp>")
      | ^~~~~~~~~~~~~~~~~~~~~~~
/opt/apps/resif/aion/2020b/epyc/software/Boost/1.74.0-GCC-10.2.0/include/boost/config/pragma_message.hpp:24:34: note: ‘#pragma message: This header is deprecated. Use <boost/range/reverse_iterator.hpp> instead.’
   24 | # define BOOST_PRAGMA_MESSAGE(x) _Pragma(BOOST_STRINGIZE(message(x)))
      |                                  ^~~~~~~
/opt/apps/resif/aion/2020b/epyc/software/Boost/1.74.0-GCC-10.2.0/include/boost/config/pragma_message.hpp:24:34: note: in definition of macro ‘BOOST_PRAGMA_MESSAGE’
   24 | # define BOOST_PRAGMA_MESSAGE(x) _Pragma(BOOST_STRINGIZE(message(x)))
      |                                  ^~~~~~~
/opt/apps/resif/aion/2020b/epyc/software/Boost/1.74.0-GCC-10.2.0/include/boost/range/const_reverse_iterator.hpp:20:1: note: in expansion of macro ‘BOOST_HEADER_DEPRECATED’
   20 | BOOST_HEADER_DEPRECATED("<boost/range/reverse_iterator.hpp>")
      | ^~~~~~~~~~~~~~~~~~~~~~~
/opt/apps/resif/aion/2020b/epyc/software/Boost/1.74.0-GCC-10.2.0/include/boost/config/pragma_message.hpp:24:34: note: ‘#pragma message: This header is deprecated. Use <boost/range/reverse_iterator.hpp> instead.’
   24 | # define BOOST_PRAGMA_MESSAGE(x) _Pragma(BOOST_STRINGIZE(message(x)))
      |                                  ^~~~~~~
/opt/apps/resif/aion/2020b/epyc/software/Boost/1.74.0-GCC-10.2.0/include/boost/config/pragma_message.hpp:24:34: note: in definition of macro ‘BOOST_PRAGMA_MESSAGE’
   24 | # define BOOST_PRAGMA_MESSAGE(x) _Pragma(BOOST_STRINGIZE(message(x)))
      |                                  ^~~~~~~
/opt/apps/resif/aion/2020b/epyc/software/Boost/1.74.0-GCC-10.2.0/include/boost/range/reverse_result_iterator.hpp:20:1: note: in expansion of macro ‘BOOST_HEADER_DEPRECATED’
   20 | BOOST_HEADER_DEPRECATED("<boost/range/reverse_iterator.hpp>")
      | ^~~~~~~~~~~~~~~~~~~~~~~
[  8%] Building CXX object CMakeFiles/preciceCore.dir/src/cplscheme/MultiCouplingScheme.cpp.o
[  9%] Building CXX object CMakeFiles/preciceCore.dir/src/cplscheme/ParallelCouplingScheme.cpp.o
[  9%] Building CXX object CMakeFiles/preciceCore.dir/src/cplscheme/SerialCouplingScheme.cpp.o
[  9%] Building CXX object CMakeFiles/preciceCore.dir/src/cplscheme/config/CouplingSchemeConfiguration.cpp.o
[  9%] Building CXX object CMakeFiles/preciceCore.dir/src/cplscheme/impl/AbsoluteConvergenceMeasure.cpp.o
[  9%] Building CXX object CMakeFiles/preciceCore.dir/src/cplscheme/impl/AbsoluteOrRelativeConvergenceMeasure.cpp.o
In file included from /opt/apps/resif/aion/2020b/epyc/software/Boost/1.74.0-GCC-10.2.0/include/boost/config/header_deprecated.hpp:18,
                 from /opt/apps/resif/aion/2020b/epyc/software/Boost/1.74.0-GCC-10.2.0/include/boost/range/result_iterator.hpp:18,
                 from /opt/apps/resif/aion/2020b/epyc/software/Boost/1.74.0-GCC-10.2.0/include/boost/range/metafunctions.hpp:20,
                 from /opt/apps/resif/aion/2020b/epyc/software/Boost/1.74.0-GCC-10.2.0/include/boost/range.hpp:19,
                 from /home/users/mghavami/y2425-w02-compilation-on-hpc-AminGhavami/precice/precice-3.1.2/src/time/Storage.hpp:4,
                 from /home/users/mghavami/y2425-w02-compilation-on-hpc-AminGhavami/precice/precice-3.1.2/src/cplscheme/CouplingData.hpp:7,
                 from /home/users/mghavami/y2425-w02-compilation-on-hpc-AminGhavami/precice/precice-3.1.2/src/cplscheme/BaseCouplingScheme.hpp:12,
                 from /home/users/mghavami/y2425-w02-compilation-on-hpc-AminGhavami/precice/precice-3.1.2/src/acceleration/Acceleration.hpp:7,
                 from /home/users/mghavami/y2425-w02-compilation-on-hpc-AminGhavami/precice/precice-3.1.2/src/cplscheme/BaseCouplingScheme.cpp:12:
/opt/apps/resif/aion/2020b/epyc/software/Boost/1.74.0-GCC-10.2.0/include/boost/config/pragma_message.hpp:24:34: note: ‘#pragma message: This header is deprecated. Use <boost/range/iterator.hpp> instead.’
   24 | # define BOOST_PRAGMA_MESSAGE(x) _Pragma(BOOST_STRINGIZE(message(x)))
      |                                  ^~~~~~~
/opt/apps/resif/aion/2020b/epyc/software/Boost/1.74.0-GCC-10.2.0/include/boost/config/pragma_message.hpp:24:34: note: in definition of macro ‘BOOST_PRAGMA_MESSAGE’
   24 | # define BOOST_PRAGMA_MESSAGE(x) _Pragma(BOOST_STRINGIZE(message(x)))
      |                                  ^~~~~~~
/opt/apps/resif/aion/2020b/epyc/software/Boost/1.74.0-GCC-10.2.0/include/boost/range/result_iterator.hpp:20:1: note: in expansion of macro ‘BOOST_HEADER_DEPRECATED’
   20 | BOOST_HEADER_DEPRECATED("<boost/range/iterator.hpp>")
      | ^~~~~~~~~~~~~~~~~~~~~~~
/opt/apps/resif/aion/2020b/epyc/software/Boost/1.74.0-GCC-10.2.0/include/boost/config/pragma_message.hpp:24:34: note: ‘#pragma message: This header is deprecated. Use <boost/range/reverse_iterator.hpp> instead.’
   24 | # define BOOST_PRAGMA_MESSAGE(x) _Pragma(BOOST_STRINGIZE(message(x)))
      |                                  ^~~~~~~
/opt/apps/resif/aion/2020b/epyc/software/Boost/1.74.0-GCC-10.2.0/include/boost/config/pragma_message.hpp:24:34: note: in definition of macro ‘BOOST_PRAGMA_MESSAGE’
   24 | # define BOOST_PRAGMA_MESSAGE(x) _Pragma(BOOST_STRINGIZE(message(x)))
      |                                  ^~~~~~~
/opt/apps/resif/aion/2020b/epyc/software/Boost/1.74.0-GCC-10.2.0/include/boost/range/const_reverse_iterator.hpp:20:1: note: in expansion of macro ‘BOOST_HEADER_DEPRECATED’
   20 | BOOST_HEADER_DEPRECATED("<boost/range/reverse_iterator.hpp>")
      | ^~~~~~~~~~~~~~~~~~~~~~~
/opt/apps/resif/aion/2020b/epyc/software/Boost/1.74.0-GCC-10.2.0/include/boost/config/pragma_message.hpp:24:34: note: ‘#pragma message: This header is deprecated. Use <boost/range/reverse_iterator.hpp> instead.’
   24 | # define BOOST_PRAGMA_MESSAGE(x) _Pragma(BOOST_STRINGIZE(message(x)))
      |                                  ^~~~~~~
/opt/apps/resif/aion/2020b/epyc/software/Boost/1.74.0-GCC-10.2.0/include/boost/config/pragma_message.hpp:24:34: note: in definition of macro ‘BOOST_PRAGMA_MESSAGE’
   24 | # define BOOST_PRAGMA_MESSAGE(x) _Pragma(BOOST_STRINGIZE(message(x)))
      |                                  ^~~~~~~
/opt/apps/resif/aion/2020b/epyc/software/Boost/1.74.0-GCC-10.2.0/include/boost/range/reverse_result_iterator.hpp:20:1: note: in expansion of macro ‘BOOST_HEADER_DEPRECATED’
   20 | BOOST_HEADER_DEPRECATED("<boost/range/reverse_iterator.hpp>")
      | ^~~~~~~~~~~~~~~~~~~~~~~
In file included from /opt/apps/resif/aion/2020b/epyc/software/Boost/1.74.0-GCC-10.2.0/include/boost/config/header_deprecated.hpp:18,
                 from /opt/apps/resif/aion/2020b/epyc/software/Boost/1.74.0-GCC-10.2.0/include/boost/range/result_iterator.hpp:18,
                 from /opt/apps/resif/aion/2020b/epyc/software/Boost/1.74.0-GCC-10.2.0/include/boost/range/metafunctions.hpp:20,
                 from /opt/apps/resif/aion/2020b/epyc/software/Boost/1.74.0-GCC-10.2.0/include/boost/range.hpp:19,
                 from /home/users/mghavami/y2425-w02-compilation-on-hpc-AminGhavami/precice/precice-3.1.2/src/time/Storage.hpp:4,
                 from /home/users/mghavami/y2425-w02-compilation-on-hpc-AminGhavami/precice/precice-3.1.2/src/cplscheme/CouplingData.hpp:7,
                 from /home/users/mghavami/y2425-w02-compilation-on-hpc-AminGhavami/precice/precice-3.1.2/src/cplscheme/CouplingData.cpp:1:
/opt/apps/resif/aion/2020b/epyc/software/Boost/1.74.0-GCC-10.2.0/include/boost/config/pragma_message.hpp:24:34: note: ‘#pragma message: This header is deprecated. Use <boost/range/iterator.hpp> instead.’
   24 | # define BOOST_PRAGMA_MESSAGE(x) _Pragma(BOOST_STRINGIZE(message(x)))
      |                                  ^~~~~~~
/opt/apps/resif/aion/2020b/epyc/software/Boost/1.74.0-GCC-10.2.0/include/boost/config/pragma_message.hpp:24:34: note: in definition of macro ‘BOOST_PRAGMA_MESSAGE’
   24 | # define BOOST_PRAGMA_MESSAGE(x) _Pragma(BOOST_STRINGIZE(message(x)))
      |                                  ^~~~~~~
/opt/apps/resif/aion/2020b/epyc/software/Boost/1.74.0-GCC-10.2.0/include/boost/range/result_iterator.hpp:20:1: note: in expansion of macro ‘BOOST_HEADER_DEPRECATED’
   20 | BOOST_HEADER_DEPRECATED("<boost/range/iterator.hpp>")
      | ^~~~~~~~~~~~~~~~~~~~~~~
/opt/apps/resif/aion/2020b/epyc/software/Boost/1.74.0-GCC-10.2.0/include/boost/config/pragma_message.hpp:24:34: note: ‘#pragma message: This header is deprecated. Use <boost/range/reverse_iterator.hpp> instead.’
   24 | # define BOOST_PRAGMA_MESSAGE(x) _Pragma(BOOST_STRINGIZE(message(x)))
      |                                  ^~~~~~~
/opt/apps/resif/aion/2020b/epyc/software/Boost/1.74.0-GCC-10.2.0/include/boost/config/pragma_message.hpp:24:34: note: in definition of macro ‘BOOST_PRAGMA_MESSAGE’
   24 | # define BOOST_PRAGMA_MESSAGE(x) _Pragma(BOOST_STRINGIZE(message(x)))
      |                                  ^~~~~~~
/opt/apps/resif/aion/2020b/epyc/software/Boost/1.74.0-GCC-10.2.0/include/boost/range/const_reverse_iterator.hpp:20:1: note: in expansion of macro ‘BOOST_HEADER_DEPRECATED’
   20 | BOOST_HEADER_DEPRECATED("<boost/range/reverse_iterator.hpp>")
      | ^~~~~~~~~~~~~~~~~~~~~~~
/opt/apps/resif/aion/2020b/epyc/software/Boost/1.74.0-GCC-10.2.0/include/boost/config/pragma_message.hpp:24:34: note: ‘#pragma message: This header is deprecated. Use <boost/range/reverse_iterator.hpp> instead.’
   24 | # define BOOST_PRAGMA_MESSAGE(x) _Pragma(BOOST_STRINGIZE(message(x)))
      |                                  ^~~~~~~
/opt/apps/resif/aion/2020b/epyc/software/Boost/1.74.0-GCC-10.2.0/include/boost/config/pragma_message.hpp:24:34: note: in definition of macro ‘BOOST_PRAGMA_MESSAGE’
   24 | # define BOOST_PRAGMA_MESSAGE(x) _Pragma(BOOST_STRINGIZE(message(x)))
      |                                  ^~~~~~~
/opt/apps/resif/aion/2020b/epyc/software/Boost/1.74.0-GCC-10.2.0/include/boost/range/reverse_result_iterator.hpp:20:1: note: in expansion of macro ‘BOOST_HEADER_DEPRECATED’
   20 | BOOST_HEADER_DEPRECATED("<boost/range/reverse_iterator.hpp>")
      | ^~~~~~~~~~~~~~~~~~~~~~~
[ 10%] Building CXX object CMakeFiles/preciceCore.dir/src/cplscheme/impl/RelativeConvergenceMeasure.cpp.o
In file included from /opt/apps/resif/aion/2020b/epyc/software/Boost/1.74.0-GCC-10.2.0/include/boost/config/header_deprecated.hpp:18,
                 from /opt/apps/resif/aion/2020b/epyc/software/Boost/1.74.0-GCC-10.2.0/include/boost/range/result_iterator.hpp:18,
                 from /opt/apps/resif/aion/2020b/epyc/software/Boost/1.74.0-GCC-10.2.0/include/boost/range/metafunctions.hpp:20,
                 from /opt/apps/resif/aion/2020b/epyc/software/Boost/1.74.0-GCC-10.2.0/include/boost/range.hpp:19,
                 from /home/users/mghavami/y2425-w02-compilation-on-hpc-AminGhavami/precice/precice-3.1.2/src/time/Storage.hpp:4,
                 from /home/users/mghavami/y2425-w02-compilation-on-hpc-AminGhavami/precice/precice-3.1.2/src/cplscheme/CouplingData.hpp:7,
                 from /home/users/mghavami/y2425-w02-compilation-on-hpc-AminGhavami/precice/precice-3.1.2/src/cplscheme/BaseCouplingScheme.hpp:12,
                 from /home/users/mghavami/y2425-w02-compilation-on-hpc-AminGhavami/precice/precice-3.1.2/src/cplscheme/MultiCouplingScheme.hpp:6,
                 from /home/users/mghavami/y2425-w02-compilation-on-hpc-AminGhavami/precice/precice-3.1.2/src/cplscheme/MultiCouplingScheme.cpp:1:
/opt/apps/resif/aion/2020b/epyc/software/Boost/1.74.0-GCC-10.2.0/include/boost/config/pragma_message.hpp:24:34: note: ‘#pragma message: This header is deprecated. Use <boost/range/iterator.hpp> instead.’
   24 | # define BOOST_PRAGMA_MESSAGE(x) _Pragma(BOOST_STRINGIZE(message(x)))
      |                                  ^~~~~~~
/opt/apps/resif/aion/2020b/epyc/software/Boost/1.74.0-GCC-10.2.0/include/boost/config/pragma_message.hpp:24:34: note: in definition of macro ‘BOOST_PRAGMA_MESSAGE’
   24 | # define BOOST_PRAGMA_MESSAGE(x) _Pragma(BOOST_STRINGIZE(message(x)))
      |                                  ^~~~~~~
/opt/apps/resif/aion/2020b/epyc/software/Boost/1.74.0-GCC-10.2.0/include/boost/range/result_iterator.hpp:20:1: note: in expansion of macro ‘BOOST_HEADER_DEPRECATED’
   20 | BOOST_HEADER_DEPRECATED("<boost/range/iterator.hpp>")
      | ^~~~~~~~~~~~~~~~~~~~~~~
/opt/apps/resif/aion/2020b/epyc/software/Boost/1.74.0-GCC-10.2.0/include/boost/config/pragma_message.hpp:24:34: note: ‘#pragma message: This header is deprecated. Use <boost/range/reverse_iterator.hpp> instead.’
   24 | # define BOOST_PRAGMA_MESSAGE(x) _Pragma(BOOST_STRINGIZE(message(x)))
      |                                  ^~~~~~~
/opt/apps/resif/aion/2020b/epyc/software/Boost/1.74.0-GCC-10.2.0/include/boost/config/pragma_message.hpp:24:34: note: in definition of macro ‘BOOST_PRAGMA_MESSAGE’
   24 | # define BOOST_PRAGMA_MESSAGE(x) _Pragma(BOOST_STRINGIZE(message(x)))
      |                                  ^~~~~~~
/opt/apps/resif/aion/2020b/epyc/software/Boost/1.74.0-GCC-10.2.0/include/boost/range/const_reverse_iterator.hpp:20:1: note: in expansion of macro ‘BOOST_HEADER_DEPRECATED’
   20 | BOOST_HEADER_DEPRECATED("<boost/range/reverse_iterator.hpp>")
      | ^~~~~~~~~~~~~~~~~~~~~~~
/opt/apps/resif/aion/2020b/epyc/software/Boost/1.74.0-GCC-10.2.0/include/boost/config/pragma_message.hpp:24:34: note: ‘#pragma message: This header is deprecated. Use <boost/range/reverse_iterator.hpp> instead.’
   24 | # define BOOST_PRAGMA_MESSAGE(x) _Pragma(BOOST_STRINGIZE(message(x)))
      |                                  ^~~~~~~
/opt/apps/resif/aion/2020b/epyc/software/Boost/1.74.0-GCC-10.2.0/include/boost/config/pragma_message.hpp:24:34: note: in definition of macro ‘BOOST_PRAGMA_MESSAGE’
   24 | # define BOOST_PRAGMA_MESSAGE(x) _Pragma(BOOST_STRINGIZE(message(x)))
      |                                  ^~~~~~~
/opt/apps/resif/aion/2020b/epyc/software/Boost/1.74.0-GCC-10.2.0/include/boost/range/reverse_result_iterator.hpp:20:1: note: in expansion of macro ‘BOOST_HEADER_DEPRECATED’
   20 | BOOST_HEADER_DEPRECATED("<boost/range/reverse_iterator.hpp>")
      | ^~~~~~~~~~~~~~~~~~~~~~~
In file included from /opt/apps/resif/aion/2020b/epyc/software/Boost/1.74.0-GCC-10.2.0/include/boost/config/header_deprecated.hpp:18,
                 from /opt/apps/resif/aion/2020b/epyc/software/Boost/1.74.0-GCC-10.2.0/include/boost/range/result_iterator.hpp:18,
                 from /opt/apps/resif/aion/2020b/epyc/software/Boost/1.74.0-GCC-10.2.0/include/boost/range/metafunctions.hpp:20,
                 from /opt/apps/resif/aion/2020b/epyc/software/Boost/1.74.0-GCC-10.2.0/include/boost/range.hpp:19,
                 from /home/users/mghavami/y2425-w02-compilation-on-hpc-AminGhavami/precice/precice-3.1.2/src/time/Storage.hpp:4,
                 from /home/users/mghavami/y2425-w02-compilation-on-hpc-AminGhavami/precice/precice-3.1.2/src/cplscheme/CouplingData.hpp:7,
                 from /home/users/mghavami/y2425-w02-compilation-on-hpc-AminGhavami/precice/precice-3.1.2/src/cplscheme/BaseCouplingScheme.hpp:12,
                 from /home/users/mghavami/y2425-w02-compilation-on-hpc-AminGhavami/precice/precice-3.1.2/src/cplscheme/BiCouplingScheme.hpp:6,
                 from /home/users/mghavami/y2425-w02-compilation-on-hpc-AminGhavami/precice/precice-3.1.2/src/cplscheme/ParallelCouplingScheme.hpp:4,
                 from /home/users/mghavami/y2425-w02-compilation-on-hpc-AminGhavami/precice/precice-3.1.2/src/cplscheme/ParallelCouplingScheme.cpp:1:
/opt/apps/resif/aion/2020b/epyc/software/Boost/1.74.0-GCC-10.2.0/include/boost/config/pragma_message.hpp:24:34: note: ‘#pragma message: This header is deprecated. Use <boost/range/iterator.hpp> instead.’
   24 | # define BOOST_PRAGMA_MESSAGE(x) _Pragma(BOOST_STRINGIZE(message(x)))
      |                                  ^~~~~~~
/opt/apps/resif/aion/2020b/epyc/software/Boost/1.74.0-GCC-10.2.0/include/boost/config/pragma_message.hpp:24:34: note: in definition of macro ‘BOOST_PRAGMA_MESSAGE’
   24 | # define BOOST_PRAGMA_MESSAGE(x) _Pragma(BOOST_STRINGIZE(message(x)))
      |                                  ^~~~~~~
/opt/apps/resif/aion/2020b/epyc/software/Boost/1.74.0-GCC-10.2.0/include/boost/range/result_iterator.hpp:20:1: note: in expansion of macro ‘BOOST_HEADER_DEPRECATED’
   20 | BOOST_HEADER_DEPRECATED("<boost/range/iterator.hpp>")
      | ^~~~~~~~~~~~~~~~~~~~~~~
/opt/apps/resif/aion/2020b/epyc/software/Boost/1.74.0-GCC-10.2.0/include/boost/config/pragma_message.hpp:24:34: note: ‘#pragma message: This header is deprecated. Use <boost/range/reverse_iterator.hpp> instead.’
   24 | # define BOOST_PRAGMA_MESSAGE(x) _Pragma(BOOST_STRINGIZE(message(x)))
      |                                  ^~~~~~~
/opt/apps/resif/aion/2020b/epyc/software/Boost/1.74.0-GCC-10.2.0/include/boost/config/pragma_message.hpp:24:34: note: in definition of macro ‘BOOST_PRAGMA_MESSAGE’
   24 | # define BOOST_PRAGMA_MESSAGE(x) _Pragma(BOOST_STRINGIZE(message(x)))
      |                                  ^~~~~~~
/opt/apps/resif/aion/2020b/epyc/software/Boost/1.74.0-GCC-10.2.0/include/boost/range/const_reverse_iterator.hpp:20:1: note: in expansion of macro ‘BOOST_HEADER_DEPRECATED’
   20 | BOOST_HEADER_DEPRECATED("<boost/range/reverse_iterator.hpp>")
      | ^~~~~~~~~~~~~~~~~~~~~~~
[ 10%] Building CXX object CMakeFiles/preciceCore.dir/src/cplscheme/impl/ResidualRelativeConvergenceMeasure.cpp.o
/opt/apps/resif/aion/2020b/epyc/software/Boost/1.74.0-GCC-10.2.0/include/boost/config/pragma_message.hpp:24:34: note: ‘#pragma message: This header is deprecated. Use <boost/range/reverse_iterator.hpp> instead.’
   24 | # define BOOST_PRAGMA_MESSAGE(x) _Pragma(BOOST_STRINGIZE(message(x)))
      |                                  ^~~~~~~
/opt/apps/resif/aion/2020b/epyc/software/Boost/1.74.0-GCC-10.2.0/include/boost/config/pragma_message.hpp:24:34: note: in definition of macro ‘BOOST_PRAGMA_MESSAGE’
   24 | # define BOOST_PRAGMA_MESSAGE(x) _Pragma(BOOST_STRINGIZE(message(x)))
      |                                  ^~~~~~~
/opt/apps/resif/aion/2020b/epyc/software/Boost/1.74.0-GCC-10.2.0/include/boost/range/reverse_result_iterator.hpp:20:1: note: in expansion of macro ‘BOOST_HEADER_DEPRECATED’
   20 | BOOST_HEADER_DEPRECATED("<boost/range/reverse_iterator.hpp>")
      | ^~~~~~~~~~~~~~~~~~~~~~~
In file included from /opt/apps/resif/aion/2020b/epyc/software/Boost/1.74.0-GCC-10.2.0/include/boost/config/header_deprecated.hpp:18,
                 from /opt/apps/resif/aion/2020b/epyc/software/Boost/1.74.0-GCC-10.2.0/include/boost/range/result_iterator.hpp:18,
                 from /opt/apps/resif/aion/2020b/epyc/software/Boost/1.74.0-GCC-10.2.0/include/boost/range/metafunctions.hpp:20,
                 from /opt/apps/resif/aion/2020b/epyc/software/Boost/1.74.0-GCC-10.2.0/include/boost/range.hpp:19,
                 from /home/users/mghavami/y2425-w02-compilation-on-hpc-AminGhavami/precice/precice-3.1.2/src/time/Storage.hpp:4,
                 from /home/users/mghavami/y2425-w02-compilation-on-hpc-AminGhavami/precice/precice-3.1.2/src/cplscheme/CouplingData.hpp:7,
                 from /home/users/mghavami/y2425-w02-compilation-on-hpc-AminGhavami/precice/precice-3.1.2/src/cplscheme/BaseCouplingScheme.hpp:12,
                 from /home/users/mghavami/y2425-w02-compilation-on-hpc-AminGhavami/precice/precice-3.1.2/src/acceleration/Acceleration.hpp:7,
                 from /home/users/mghavami/y2425-w02-compilation-on-hpc-AminGhavami/precice/precice-3.1.2/src/cplscheme/SerialCouplingScheme.cpp:8:
/opt/apps/resif/aion/2020b/epyc/software/Boost/1.74.0-GCC-10.2.0/include/boost/config/pragma_message.hpp:24:34: note: ‘#pragma message: This header is deprecated. Use <boost/range/iterator.hpp> instead.’
   24 | # define BOOST_PRAGMA_MESSAGE(x) _Pragma(BOOST_STRINGIZE(message(x)))
      |                                  ^~~~~~~
/opt/apps/resif/aion/2020b/epyc/software/Boost/1.74.0-GCC-10.2.0/include/boost/config/pragma_message.hpp:24:34: note: in definition of macro ‘BOOST_PRAGMA_MESSAGE’
   24 | # define BOOST_PRAGMA_MESSAGE(x) _Pragma(BOOST_STRINGIZE(message(x)))
      |                                  ^~~~~~~
/opt/apps/resif/aion/2020b/epyc/software/Boost/1.74.0-GCC-10.2.0/include/boost/range/result_iterator.hpp:20:1: note: in expansion of macro ‘BOOST_HEADER_DEPRECATED’
   20 | BOOST_HEADER_DEPRECATED("<boost/range/iterator.hpp>")
      | ^~~~~~~~~~~~~~~~~~~~~~~
/opt/apps/resif/aion/2020b/epyc/software/Boost/1.74.0-GCC-10.2.0/include/boost/config/pragma_message.hpp:24:34: note: ‘#pragma message: This header is deprecated. Use <boost/range/reverse_iterator.hpp> instead.’
   24 | # define BOOST_PRAGMA_MESSAGE(x) _Pragma(BOOST_STRINGIZE(message(x)))
      |                                  ^~~~~~~
/opt/apps/resif/aion/2020b/epyc/software/Boost/1.74.0-GCC-10.2.0/include/boost/config/pragma_message.hpp:24:34: note: in definition of macro ‘BOOST_PRAGMA_MESSAGE’
   24 | # define BOOST_PRAGMA_MESSAGE(x) _Pragma(BOOST_STRINGIZE(message(x)))
      |                                  ^~~~~~~
/opt/apps/resif/aion/2020b/epyc/software/Boost/1.74.0-GCC-10.2.0/include/boost/range/const_reverse_iterator.hpp:20:1: note: in expansion of macro ‘BOOST_HEADER_DEPRECATED’
   20 | BOOST_HEADER_DEPRECATED("<boost/range/reverse_iterator.hpp>")
      | ^~~~~~~~~~~~~~~~~~~~~~~
/opt/apps/resif/aion/2020b/epyc/software/Boost/1.74.0-GCC-10.2.0/include/boost/config/pragma_message.hpp:24:34: note: ‘#pragma message: This header is deprecated. Use <boost/range/reverse_iterator.hpp> instead.’
   24 | # define BOOST_PRAGMA_MESSAGE(x) _Pragma(BOOST_STRINGIZE(message(x)))
      |                                  ^~~~~~~
/opt/apps/resif/aion/2020b/epyc/software/Boost/1.74.0-GCC-10.2.0/include/boost/config/pragma_message.hpp:24:34: note: in definition of macro ‘BOOST_PRAGMA_MESSAGE’
   24 | # define BOOST_PRAGMA_MESSAGE(x) _Pragma(BOOST_STRINGIZE(message(x)))
      |                                  ^~~~~~~
/opt/apps/resif/aion/2020b/epyc/software/Boost/1.74.0-GCC-10.2.0/include/boost/range/reverse_result_iterator.hpp:20:1: note: in expansion of macro ‘BOOST_HEADER_DEPRECATED’
   20 | BOOST_HEADER_DEPRECATED("<boost/range/reverse_iterator.hpp>")
      | ^~~~~~~~~~~~~~~~~~~~~~~
In file included from /opt/apps/resif/aion/2020b/epyc/software/Boost/1.74.0-GCC-10.2.0/include/boost/config/header_deprecated.hpp:18,
                 from /opt/apps/resif/aion/2020b/epyc/software/Boost/1.74.0-GCC-10.2.0/include/boost/range/result_iterator.hpp:18,
                 from /opt/apps/resif/aion/2020b/epyc/software/Boost/1.74.0-GCC-10.2.0/include/boost/range/metafunctions.hpp:20,
                 from /opt/apps/resif/aion/2020b/epyc/software/Boost/1.74.0-GCC-10.2.0/include/boost/range.hpp:19,
                 from /home/users/mghavami/y2425-w02-compilation-on-hpc-AminGhavami/precice/precice-3.1.2/src/time/Storage.hpp:4,
                 from /home/users/mghavami/y2425-w02-compilation-on-hpc-AminGhavami/precice/precice-3.1.2/src/cplscheme/CouplingData.hpp:7,
                 from /home/users/mghavami/y2425-w02-compilation-on-hpc-AminGhavami/precice/precice-3.1.2/src/cplscheme/BaseCouplingScheme.hpp:12,
                 from /home/users/mghavami/y2425-w02-compilation-on-hpc-AminGhavami/precice/precice-3.1.2/src/cplscheme/MultiCouplingScheme.hpp:6,
                 from /home/users/mghavami/y2425-w02-compilation-on-hpc-AminGhavami/precice/precice-3.1.2/src/cplscheme/config/CouplingSchemeConfiguration.hpp:11,
                 from /home/users/mghavami/y2425-w02-compilation-on-hpc-AminGhavami/precice/precice-3.1.2/src/cplscheme/config/CouplingSchemeConfiguration.cpp:9:
/opt/apps/resif/aion/2020b/epyc/software/Boost/1.74.0-GCC-10.2.0/include/boost/config/pragma_message.hpp:24:34: note: ‘#pragma message: This header is deprecated. Use <boost/range/iterator.hpp> instead.’
   24 | # define BOOST_PRAGMA_MESSAGE(x) _Pragma(BOOST_STRINGIZE(message(x)))
      |                                  ^~~~~~~
/opt/apps/resif/aion/2020b/epyc/software/Boost/1.74.0-GCC-10.2.0/include/boost/config/pragma_message.hpp:24:34: note: in definition of macro ‘BOOST_PRAGMA_MESSAGE’
   24 | # define BOOST_PRAGMA_MESSAGE(x) _Pragma(BOOST_STRINGIZE(message(x)))
      |                                  ^~~~~~~
/opt/apps/resif/aion/2020b/epyc/software/Boost/1.74.0-GCC-10.2.0/include/boost/range/result_iterator.hpp:20:1: note: in expansion of macro ‘BOOST_HEADER_DEPRECATED’
   20 | BOOST_HEADER_DEPRECATED("<boost/range/iterator.hpp>")
      | ^~~~~~~~~~~~~~~~~~~~~~~
/opt/apps/resif/aion/2020b/epyc/software/Boost/1.74.0-GCC-10.2.0/include/boost/config/pragma_message.hpp:24:34: note: ‘#pragma message: This header is deprecated. Use <boost/range/reverse_iterator.hpp> instead.’
   24 | # define BOOST_PRAGMA_MESSAGE(x) _Pragma(BOOST_STRINGIZE(message(x)))
      |                                  ^~~~~~~
/opt/apps/resif/aion/2020b/epyc/software/Boost/1.74.0-GCC-10.2.0/include/boost/config/pragma_message.hpp:24:34: note: in definition of macro ‘BOOST_PRAGMA_MESSAGE’
   24 | # define BOOST_PRAGMA_MESSAGE(x) _Pragma(BOOST_STRINGIZE(message(x)))
      |                                  ^~~~~~~
/opt/apps/resif/aion/2020b/epyc/software/Boost/1.74.0-GCC-10.2.0/include/boost/range/const_reverse_iterator.hpp:20:1: note: in expansion of macro ‘BOOST_HEADER_DEPRECATED’
   20 | BOOST_HEADER_DEPRECATED("<boost/range/reverse_iterator.hpp>")
      | ^~~~~~~~~~~~~~~~~~~~~~~
/opt/apps/resif/aion/2020b/epyc/software/Boost/1.74.0-GCC-10.2.0/include/boost/config/pragma_message.hpp:24:34: note: ‘#pragma message: This header is deprecated. Use <boost/range/reverse_iterator.hpp> instead.’
   24 | # define BOOST_PRAGMA_MESSAGE(x) _Pragma(BOOST_STRINGIZE(message(x)))
      |                                  ^~~~~~~
/opt/apps/resif/aion/2020b/epyc/software/Boost/1.74.0-GCC-10.2.0/include/boost/config/pragma_message.hpp:24:34: note: in definition of macro ‘BOOST_PRAGMA_MESSAGE’
   24 | # define BOOST_PRAGMA_MESSAGE(x) _Pragma(BOOST_STRINGIZE(message(x)))
      |                                  ^~~~~~~
/opt/apps/resif/aion/2020b/epyc/software/Boost/1.74.0-GCC-10.2.0/include/boost/range/reverse_result_iterator.hpp:20:1: note: in expansion of macro ‘BOOST_HEADER_DEPRECATED’
   20 | BOOST_HEADER_DEPRECATED("<boost/range/reverse_iterator.hpp>")
      | ^~~~~~~~~~~~~~~~~~~~~~~
[ 10%] Building CXX object CMakeFiles/preciceCore.dir/src/cplscheme/impl/TimeHandler.cpp.o
In file included from /opt/apps/resif/aion/2020b/epyc/software/Boost/1.74.0-GCC-10.2.0/include/boost/config/header_deprecated.hpp:18,
                 from /opt/apps/resif/aion/2020b/epyc/software/Boost/1.74.0-GCC-10.2.0/include/boost/range/result_iterator.hpp:18,
                 from /opt/apps/resif/aion/2020b/epyc/software/Boost/1.74.0-GCC-10.2.0/include/boost/range/metafunctions.hpp:20,
                 from /opt/apps/resif/aion/2020b/epyc/software/Boost/1.74.0-GCC-10.2.0/include/boost/range.hpp:19,
                 from /home/users/mghavami/y2425-w02-compilation-on-hpc-AminGhavami/precice/precice-3.1.2/src/time/Storage.hpp:4,
                 from /home/users/mghavami/y2425-w02-compilation-on-hpc-AminGhavami/precice/precice-3.1.2/src/cplscheme/impl/../CouplingData.hpp:7,
                 from /home/users/mghavami/y2425-w02-compilation-on-hpc-AminGhavami/precice/precice-3.1.2/src/cplscheme/impl/AbsoluteOrRelativeConvergenceMeasure.hpp:9,
                 from /home/users/mghavami/y2425-w02-compilation-on-hpc-AminGhavami/precice/precice-3.1.2/src/cplscheme/impl/AbsoluteOrRelativeConvergenceMeasure.cpp:1:
/opt/apps/resif/aion/2020b/epyc/software/Boost/1.74.0-GCC-10.2.0/include/boost/config/pragma_message.hpp:24:34: note: ‘#pragma message: This header is deprecated. Use <boost/range/iterator.hpp> instead.’
   24 | # define BOOST_PRAGMA_MESSAGE(x) _Pragma(BOOST_STRINGIZE(message(x)))
      |                                  ^~~~~~~
/opt/apps/resif/aion/2020b/epyc/software/Boost/1.74.0-GCC-10.2.0/include/boost/config/pragma_message.hpp:24:34: note: in definition of macro ‘BOOST_PRAGMA_MESSAGE’
   24 | # define BOOST_PRAGMA_MESSAGE(x) _Pragma(BOOST_STRINGIZE(message(x)))
      |                                  ^~~~~~~
/opt/apps/resif/aion/2020b/epyc/software/Boost/1.74.0-GCC-10.2.0/include/boost/range/result_iterator.hpp:20:1: note: in expansion of macro ‘BOOST_HEADER_DEPRECATED’
   20 | BOOST_HEADER_DEPRECATED("<boost/range/iterator.hpp>")
      | ^~~~~~~~~~~~~~~~~~~~~~~
/opt/apps/resif/aion/2020b/epyc/software/Boost/1.74.0-GCC-10.2.0/include/boost/config/pragma_message.hpp:24:34: note: ‘#pragma message: This header is deprecated. Use <boost/range/reverse_iterator.hpp> instead.’
   24 | # define BOOST_PRAGMA_MESSAGE(x) _Pragma(BOOST_STRINGIZE(message(x)))
      |                                  ^~~~~~~
/opt/apps/resif/aion/2020b/epyc/software/Boost/1.74.0-GCC-10.2.0/include/boost/config/pragma_message.hpp:24:34: note: in definition of macro ‘BOOST_PRAGMA_MESSAGE’
   24 | # define BOOST_PRAGMA_MESSAGE(x) _Pragma(BOOST_STRINGIZE(message(x)))
      |                                  ^~~~~~~
/opt/apps/resif/aion/2020b/epyc/software/Boost/1.74.0-GCC-10.2.0/include/boost/range/const_reverse_iterator.hpp:20:1: note: in expansion of macro ‘BOOST_HEADER_DEPRECATED’
   20 | BOOST_HEADER_DEPRECATED("<boost/range/reverse_iterator.hpp>")
      | ^~~~~~~~~~~~~~~~~~~~~~~
/opt/apps/resif/aion/2020b/epyc/software/Boost/1.74.0-GCC-10.2.0/include/boost/config/pragma_message.hpp:24:34: note: ‘#pragma message: This header is deprecated. Use <boost/range/reverse_iterator.hpp> instead.’
   24 | # define BOOST_PRAGMA_MESSAGE(x) _Pragma(BOOST_STRINGIZE(message(x)))
      |                                  ^~~~~~~
/opt/apps/resif/aion/2020b/epyc/software/Boost/1.74.0-GCC-10.2.0/include/boost/config/pragma_message.hpp:24:34: note: in definition of macro ‘BOOST_PRAGMA_MESSAGE’
   24 | # define BOOST_PRAGMA_MESSAGE(x) _Pragma(BOOST_STRINGIZE(message(x)))
      |                                  ^~~~~~~
/opt/apps/resif/aion/2020b/epyc/software/Boost/1.74.0-GCC-10.2.0/include/boost/range/reverse_result_iterator.hpp:20:1: note: in expansion of macro ‘BOOST_HEADER_DEPRECATED’
   20 | BOOST_HEADER_DEPRECATED("<boost/range/reverse_iterator.hpp>")
      | ^~~~~~~~~~~~~~~~~~~~~~~
[ 10%] Building CXX object CMakeFiles/preciceCore.dir/src/io/ExportCSV.cpp.o
[ 10%] Building CXX object CMakeFiles/preciceCore.dir/src/io/ExportVTK.cpp.o
[ 10%] Building CXX object CMakeFiles/preciceCore.dir/src/io/ExportVTP.cpp.o
[ 11%] Building CXX object CMakeFiles/preciceCore.dir/src/io/ExportVTU.cpp.o
[ 11%] Building CXX object CMakeFiles/preciceCore.dir/src/io/ExportXML.cpp.o
[ 11%] Building CXX object CMakeFiles/preciceCore.dir/src/io/TXTReader.cpp.o
[ 11%] Building CXX object CMakeFiles/preciceCore.dir/src/io/TXTTableWriter.cpp.o
In file included from /opt/apps/resif/aion/2020b/epyc/software/Boost/1.74.0-GCC-10.2.0/include/boost/config/header_deprecated.hpp:18,
                 from /opt/apps/resif/aion/2020b/epyc/software/Boost/1.74.0-GCC-10.2.0/include/boost/range/result_iterator.hpp:18,
                 from /opt/apps/resif/aion/2020b/epyc/software/Boost/1.74.0-GCC-10.2.0/include/boost/range/metafunctions.hpp:20,
                 from /opt/apps/resif/aion/2020b/epyc/software/Boost/1.74.0-GCC-10.2.0/include/boost/range.hpp:19,
                 from /home/users/mghavami/y2425-w02-compilation-on-hpc-AminGhavami/precice/precice-3.1.2/src/time/Storage.hpp:4,
                 from /home/users/mghavami/y2425-w02-compilation-on-hpc-AminGhavami/precice/precice-3.1.2/src/cplscheme/impl/../CouplingData.hpp:7,
                 from /home/users/mghavami/y2425-w02-compilation-on-hpc-AminGhavami/precice/precice-3.1.2/src/cplscheme/impl/ResidualRelativeConvergenceMeasure.hpp:8,
                 from /home/users/mghavami/y2425-w02-compilation-on-hpc-AminGhavami/precice/precice-3.1.2/src/cplscheme/impl/ResidualRelativeConvergenceMeasure.cpp:1:
/opt/apps/resif/aion/2020b/epyc/software/Boost/1.74.0-GCC-10.2.0/include/boost/config/pragma_message.hpp:24:34: note: ‘#pragma message: This header is deprecated. Use <boost/range/iterator.hpp> instead.’
   24 | # define BOOST_PRAGMA_MESSAGE(x) _Pragma(BOOST_STRINGIZE(message(x)))
      |                                  ^~~~~~~
/opt/apps/resif/aion/2020b/epyc/software/Boost/1.74.0-GCC-10.2.0/include/boost/config/pragma_message.hpp:24:34: note: in definition of macro ‘BOOST_PRAGMA_MESSAGE’
   24 | # define BOOST_PRAGMA_MESSAGE(x) _Pragma(BOOST_STRINGIZE(message(x)))
      |                                  ^~~~~~~
/opt/apps/resif/aion/2020b/epyc/software/Boost/1.74.0-GCC-10.2.0/include/boost/range/result_iterator.hpp:20:1: note: in expansion of macro ‘BOOST_HEADER_DEPRECATED’
   20 | BOOST_HEADER_DEPRECATED("<boost/range/iterator.hpp>")
      | ^~~~~~~~~~~~~~~~~~~~~~~
/opt/apps/resif/aion/2020b/epyc/software/Boost/1.74.0-GCC-10.2.0/include/boost/config/pragma_message.hpp:24:34: note: ‘#pragma message: This header is deprecated. Use <boost/range/reverse_iterator.hpp> instead.’
   24 | # define BOOST_PRAGMA_MESSAGE(x) _Pragma(BOOST_STRINGIZE(message(x)))
      |                                  ^~~~~~~
/opt/apps/resif/aion/2020b/epyc/software/Boost/1.74.0-GCC-10.2.0/include/boost/config/pragma_message.hpp:24:34: note: in definition of macro ‘BOOST_PRAGMA_MESSAGE’
   24 | # define BOOST_PRAGMA_MESSAGE(x) _Pragma(BOOST_STRINGIZE(message(x)))
      |                                  ^~~~~~~
/opt/apps/resif/aion/2020b/epyc/software/Boost/1.74.0-GCC-10.2.0/include/boost/range/const_reverse_iterator.hpp:20:1: note: in expansion of macro ‘BOOST_HEADER_DEPRECATED’
   20 | BOOST_HEADER_DEPRECATED("<boost/range/reverse_iterator.hpp>")
      | ^~~~~~~~~~~~~~~~~~~~~~~
/opt/apps/resif/aion/2020b/epyc/software/Boost/1.74.0-GCC-10.2.0/include/boost/config/pragma_message.hpp:24:34: note: ‘#pragma message: This header is deprecated. Use <boost/range/reverse_iterator.hpp> instead.’
   24 | # define BOOST_PRAGMA_MESSAGE(x) _Pragma(BOOST_STRINGIZE(message(x)))
      |                                  ^~~~~~~
/opt/apps/resif/aion/2020b/epyc/software/Boost/1.74.0-GCC-10.2.0/include/boost/config/pragma_message.hpp:24:34: note: in definition of macro ‘BOOST_PRAGMA_MESSAGE’
   24 | # define BOOST_PRAGMA_MESSAGE(x) _Pragma(BOOST_STRINGIZE(message(x)))
      |                                  ^~~~~~~
/opt/apps/resif/aion/2020b/epyc/software/Boost/1.74.0-GCC-10.2.0/include/boost/range/reverse_result_iterator.hpp:20:1: note: in expansion of macro ‘BOOST_HEADER_DEPRECATED’
   20 | BOOST_HEADER_DEPRECATED("<boost/range/reverse_iterator.hpp>")
      | ^~~~~~~~~~~~~~~~~~~~~~~
In file included from /opt/apps/resif/aion/2020b/epyc/software/Boost/1.74.0-GCC-10.2.0/include/boost/config/header_deprecated.hpp:18,
                 from /opt/apps/resif/aion/2020b/epyc/software/Boost/1.74.0-GCC-10.2.0/include/boost/range/result_iterator.hpp:18,
                 from /opt/apps/resif/aion/2020b/epyc/software/Boost/1.74.0-GCC-10.2.0/include/boost/range/metafunctions.hpp:20,
                 from /opt/apps/resif/aion/2020b/epyc/software/Boost/1.74.0-GCC-10.2.0/include/boost/range.hpp:19,
                 from /home/users/mghavami/y2425-w02-compilation-on-hpc-AminGhavami/precice/precice-3.1.2/src/time/Storage.hpp:4,
                 from /home/users/mghavami/y2425-w02-compilation-on-hpc-AminGhavami/precice/precice-3.1.2/src/cplscheme/CouplingData.hpp:7,
                 from /home/users/mghavami/y2425-w02-compilation-on-hpc-AminGhavami/precice/precice-3.1.2/src/cplscheme/BaseCouplingScheme.hpp:12,
                 from /home/users/mghavami/y2425-w02-compilation-on-hpc-AminGhavami/precice/precice-3.1.2/src/cplscheme/BiCouplingScheme.hpp:6,
                 from /home/users/mghavami/y2425-w02-compilation-on-hpc-AminGhavami/precice/precice-3.1.2/src/cplscheme/BiCouplingScheme.cpp:8:
/opt/apps/resif/aion/2020b/epyc/software/Boost/1.74.0-GCC-10.2.0/include/boost/config/pragma_message.hpp:24:34: note: ‘#pragma message: This header is deprecated. Use <boost/range/iterator.hpp> instead.’
   24 | # define BOOST_PRAGMA_MESSAGE(x) _Pragma(BOOST_STRINGIZE(message(x)))
      |                                  ^~~~~~~
/opt/apps/resif/aion/2020b/epyc/software/Boost/1.74.0-GCC-10.2.0/include/boost/config/pragma_message.hpp:24:34: note: in definition of macro ‘BOOST_PRAGMA_MESSAGE’
   24 | # define BOOST_PRAGMA_MESSAGE(x) _Pragma(BOOST_STRINGIZE(message(x)))
      |                                  ^~~~~~~
/opt/apps/resif/aion/2020b/epyc/software/Boost/1.74.0-GCC-10.2.0/include/boost/range/result_iterator.hpp:20:1: note: in expansion of macro ‘BOOST_HEADER_DEPRECATED’
   20 | BOOST_HEADER_DEPRECATED("<boost/range/iterator.hpp>")
      | ^~~~~~~~~~~~~~~~~~~~~~~
/opt/apps/resif/aion/2020b/epyc/software/Boost/1.74.0-GCC-10.2.0/include/boost/config/pragma_message.hpp:24:34: note: ‘#pragma message: This header is deprecated. Use <boost/range/reverse_iterator.hpp> instead.’
   24 | # define BOOST_PRAGMA_MESSAGE(x) _Pragma(BOOST_STRINGIZE(message(x)))
      |                                  ^~~~~~~
/opt/apps/resif/aion/2020b/epyc/software/Boost/1.74.0-GCC-10.2.0/include/boost/config/pragma_message.hpp:24:34: note: in definition of macro ‘BOOST_PRAGMA_MESSAGE’
   24 | # define BOOST_PRAGMA_MESSAGE(x) _Pragma(BOOST_STRINGIZE(message(x)))
      |                                  ^~~~~~~
/opt/apps/resif/aion/2020b/epyc/software/Boost/1.74.0-GCC-10.2.0/include/boost/range/const_reverse_iterator.hpp:20:1: note: in expansion of macro ‘BOOST_HEADER_DEPRECATED’
   20 | BOOST_HEADER_DEPRECATED("<boost/range/reverse_iterator.hpp>")
      | ^~~~~~~~~~~~~~~~~~~~~~~
/opt/apps/resif/aion/2020b/epyc/software/Boost/1.74.0-GCC-10.2.0/include/boost/config/pragma_message.hpp:24:34: note: ‘#pragma message: This header is deprecated. Use <boost/range/reverse_iterator.hpp> instead.’
   24 | # define BOOST_PRAGMA_MESSAGE(x) _Pragma(BOOST_STRINGIZE(message(x)))
      |                                  ^~~~~~~
/opt/apps/resif/aion/2020b/epyc/software/Boost/1.74.0-GCC-10.2.0/include/boost/config/pragma_message.hpp:24:34: note: in definition of macro ‘BOOST_PRAGMA_MESSAGE’
   24 | # define BOOST_PRAGMA_MESSAGE(x) _Pragma(BOOST_STRINGIZE(message(x)))
      |                                  ^~~~~~~
/opt/apps/resif/aion/2020b/epyc/software/Boost/1.74.0-GCC-10.2.0/include/boost/range/reverse_result_iterator.hpp:20:1: note: in expansion of macro ‘BOOST_HEADER_DEPRECATED’
   20 | BOOST_HEADER_DEPRECATED("<boost/range/reverse_iterator.hpp>")
      | ^~~~~~~~~~~~~~~~~~~~~~~
In file included from /opt/apps/resif/aion/2020b/epyc/software/Boost/1.74.0-GCC-10.2.0/include/boost/config/header_deprecated.hpp:18,
                 from /opt/apps/resif/aion/2020b/epyc/software/Boost/1.74.0-GCC-10.2.0/include/boost/range/result_iterator.hpp:18,
                 from /opt/apps/resif/aion/2020b/epyc/software/Boost/1.74.0-GCC-10.2.0/include/boost/range/metafunctions.hpp:20,
                 from /opt/apps/resif/aion/2020b/epyc/software/Boost/1.74.0-GCC-10.2.0/include/boost/range.hpp:19,
                 from /home/users/mghavami/y2425-w02-compilation-on-hpc-AminGhavami/precice/precice-3.1.2/src/time/Storage.hpp:4,
                 from /home/users/mghavami/y2425-w02-compilation-on-hpc-AminGhavami/precice/precice-3.1.2/src/cplscheme/CouplingData.hpp:7,
                 from /home/users/mghavami/y2425-w02-compilation-on-hpc-AminGhavami/precice/precice-3.1.2/src/cplscheme/BaseCouplingScheme.hpp:12,
                 from /home/users/mghavami/y2425-w02-compilation-on-hpc-AminGhavami/precice/precice-3.1.2/src/cplscheme/CompositionalCouplingScheme.cpp:10:
/opt/apps/resif/aion/2020b/epyc/software/Boost/1.74.0-GCC-10.2.0/include/boost/config/pragma_message.hpp:24:34: note: ‘#pragma message: This header is deprecated. Use <boost/range/iterator.hpp> instead.’
   24 | # define BOOST_PRAGMA_MESSAGE(x) _Pragma(BOOST_STRINGIZE(message(x)))
      |                                  ^~~~~~~
/opt/apps/resif/aion/2020b/epyc/software/Boost/1.74.0-GCC-10.2.0/include/boost/config/pragma_message.hpp:24:34: note: in definition of macro ‘BOOST_PRAGMA_MESSAGE’
   24 | # define BOOST_PRAGMA_MESSAGE(x) _Pragma(BOOST_STRINGIZE(message(x)))
      |                                  ^~~~~~~
/opt/apps/resif/aion/2020b/epyc/software/Boost/1.74.0-GCC-10.2.0/include/boost/range/result_iterator.hpp:20:1: note: in expansion of macro ‘BOOST_HEADER_DEPRECATED’
   20 | BOOST_HEADER_DEPRECATED("<boost/range/iterator.hpp>")
      | ^~~~~~~~~~~~~~~~~~~~~~~
/opt/apps/resif/aion/2020b/epyc/software/Boost/1.74.0-GCC-10.2.0/include/boost/config/pragma_message.hpp:24:34: note: ‘#pragma message: This header is deprecated. Use <boost/range/reverse_iterator.hpp> instead.’
   24 | # define BOOST_PRAGMA_MESSAGE(x) _Pragma(BOOST_STRINGIZE(message(x)))
      |                                  ^~~~~~~
/opt/apps/resif/aion/2020b/epyc/software/Boost/1.74.0-GCC-10.2.0/include/boost/config/pragma_message.hpp:24:34: note: in definition of macro ‘BOOST_PRAGMA_MESSAGE’
   24 | # define BOOST_PRAGMA_MESSAGE(x) _Pragma(BOOST_STRINGIZE(message(x)))
      |                                  ^~~~~~~
/opt/apps/resif/aion/2020b/epyc/software/Boost/1.74.0-GCC-10.2.0/include/boost/range/const_reverse_iterator.hpp:20:1: note: in expansion of macro ‘BOOST_HEADER_DEPRECATED’
   20 | BOOST_HEADER_DEPRECATED("<boost/range/reverse_iterator.hpp>")
      | ^~~~~~~~~~~~~~~~~~~~~~~
/opt/apps/resif/aion/2020b/epyc/software/Boost/1.74.0-GCC-10.2.0/include/boost/config/pragma_message.hpp:24:34: note: ‘#pragma message: This header is deprecated. Use <boost/range/reverse_iterator.hpp> instead.’
   24 | # define BOOST_PRAGMA_MESSAGE(x) _Pragma(BOOST_STRINGIZE(message(x)))
      |                                  ^~~~~~~
/opt/apps/resif/aion/2020b/epyc/software/Boost/1.74.0-GCC-10.2.0/include/boost/config/pragma_message.hpp:24:34: note: in definition of macro ‘BOOST_PRAGMA_MESSAGE’
   24 | # define BOOST_PRAGMA_MESSAGE(x) _Pragma(BOOST_STRINGIZE(message(x)))
      |                                  ^~~~~~~
/opt/apps/resif/aion/2020b/epyc/software/Boost/1.74.0-GCC-10.2.0/include/boost/range/reverse_result_iterator.hpp:20:1: note: in expansion of macro ‘BOOST_HEADER_DEPRECATED’
   20 | BOOST_HEADER_DEPRECATED("<boost/range/reverse_iterator.hpp>")
      | ^~~~~~~~~~~~~~~~~~~~~~~
[ 11%] Building CXX object CMakeFiles/preciceCore.dir/src/io/TXTWriter.cpp.o
In file included from /opt/apps/resif/aion/2020b/epyc/software/Boost/1.74.0-GCC-10.2.0/include/boost/config/header_deprecated.hpp:18,
                 from /opt/apps/resif/aion/2020b/epyc/software/Boost/1.74.0-GCC-10.2.0/include/boost/range/result_iterator.hpp:18,
                 from /opt/apps/resif/aion/2020b/epyc/software/Boost/1.74.0-GCC-10.2.0/include/boost/range/metafunctions.hpp:20,
                 from /opt/apps/resif/aion/2020b/epyc/software/Boost/1.74.0-GCC-10.2.0/include/boost/range.hpp:19,
                 from /home/users/mghavami/y2425-w02-compilation-on-hpc-AminGhavami/precice/precice-3.1.2/src/time/Storage.hpp:4,
                 from /home/users/mghavami/y2425-w02-compilation-on-hpc-AminGhavami/precice/precice-3.1.2/src/cplscheme/impl/../CouplingData.hpp:7,
                 from /home/users/mghavami/y2425-w02-compilation-on-hpc-AminGhavami/precice/precice-3.1.2/src/cplscheme/impl/RelativeConvergenceMeasure.hpp:9,
                 from /home/users/mghavami/y2425-w02-compilation-on-hpc-AminGhavami/precice/precice-3.1.2/src/cplscheme/impl/RelativeConvergenceMeasure.cpp:1:
/opt/apps/resif/aion/2020b/epyc/software/Boost/1.74.0-GCC-10.2.0/include/boost/config/pragma_message.hpp:24:34: note: ‘#pragma message: This header is deprecated. Use <boost/range/iterator.hpp> instead.’
   24 | # define BOOST_PRAGMA_MESSAGE(x) _Pragma(BOOST_STRINGIZE(message(x)))
      |                                  ^~~~~~~
/opt/apps/resif/aion/2020b/epyc/software/Boost/1.74.0-GCC-10.2.0/include/boost/config/pragma_message.hpp:24:34: note: in definition of macro ‘BOOST_PRAGMA_MESSAGE’
   24 | # define BOOST_PRAGMA_MESSAGE(x) _Pragma(BOOST_STRINGIZE(message(x)))
      |                                  ^~~~~~~
/opt/apps/resif/aion/2020b/epyc/software/Boost/1.74.0-GCC-10.2.0/include/boost/range/result_iterator.hpp:20:1: note: in expansion of macro ‘BOOST_HEADER_DEPRECATED’
   20 | BOOST_HEADER_DEPRECATED("<boost/range/iterator.hpp>")
      | ^~~~~~~~~~~~~~~~~~~~~~~
/opt/apps/resif/aion/2020b/epyc/software/Boost/1.74.0-GCC-10.2.0/include/boost/config/pragma_message.hpp:24:34: note: ‘#pragma message: This header is deprecated. Use <boost/range/reverse_iterator.hpp> instead.’
   24 | # define BOOST_PRAGMA_MESSAGE(x) _Pragma(BOOST_STRINGIZE(message(x)))
      |                                  ^~~~~~~
/opt/apps/resif/aion/2020b/epyc/software/Boost/1.74.0-GCC-10.2.0/include/boost/config/pragma_message.hpp:24:34: note: in definition of macro ‘BOOST_PRAGMA_MESSAGE’
   24 | # define BOOST_PRAGMA_MESSAGE(x) _Pragma(BOOST_STRINGIZE(message(x)))
      |                                  ^~~~~~~
/opt/apps/resif/aion/2020b/epyc/software/Boost/1.74.0-GCC-10.2.0/include/boost/range/const_reverse_iterator.hpp:20:1: note: in expansion of macro ‘BOOST_HEADER_DEPRECATED’
   20 | BOOST_HEADER_DEPRECATED("<boost/range/reverse_iterator.hpp>")
      | ^~~~~~~~~~~~~~~~~~~~~~~
/opt/apps/resif/aion/2020b/epyc/software/Boost/1.74.0-GCC-10.2.0/include/boost/config/pragma_message.hpp:24:34: note: ‘#pragma message: This header is deprecated. Use <boost/range/reverse_iterator.hpp> instead.’
   24 | # define BOOST_PRAGMA_MESSAGE(x) _Pragma(BOOST_STRINGIZE(message(x)))
      |                                  ^~~~~~~
/opt/apps/resif/aion/2020b/epyc/software/Boost/1.74.0-GCC-10.2.0/include/boost/config/pragma_message.hpp:24:34: note: in definition of macro ‘BOOST_PRAGMA_MESSAGE’
   24 | # define BOOST_PRAGMA_MESSAGE(x) _Pragma(BOOST_STRINGIZE(message(x)))
      |                                  ^~~~~~~
/opt/apps/resif/aion/2020b/epyc/software/Boost/1.74.0-GCC-10.2.0/include/boost/range/reverse_result_iterator.hpp:20:1: note: in expansion of macro ‘BOOST_HEADER_DEPRECATED’
   20 | BOOST_HEADER_DEPRECATED("<boost/range/reverse_iterator.hpp>")
      | ^~~~~~~~~~~~~~~~~~~~~~~
[ 12%] Building CXX object CMakeFiles/preciceCore.dir/src/io/config/ExportConfiguration.cpp.o
In file included from /opt/apps/resif/aion/2020b/epyc/software/Boost/1.74.0-GCC-10.2.0/include/boost/config/header_deprecated.hpp:18,
                 from /opt/apps/resif/aion/2020b/epyc/software/Boost/1.74.0-GCC-10.2.0/include/boost/range/result_iterator.hpp:18,
                 from /opt/apps/resif/aion/2020b/epyc/software/Boost/1.74.0-GCC-10.2.0/include/boost/range/metafunctions.hpp:20,
                 from /opt/apps/resif/aion/2020b/epyc/software/Boost/1.74.0-GCC-10.2.0/include/boost/range.hpp:19,
                 from /home/users/mghavami/y2425-w02-compilation-on-hpc-AminGhavami/precice/precice-3.1.2/src/time/Storage.hpp:4,
                 from /home/users/mghavami/y2425-w02-compilation-on-hpc-AminGhavami/precice/precice-3.1.2/src/mesh/Data.hpp:11,
                 from /home/users/mghavami/y2425-w02-compilation-on-hpc-AminGhavami/precice/precice-3.1.2/src/io/ExportCSV.cpp:10:
/opt/apps/resif/aion/2020b/epyc/software/Boost/1.74.0-GCC-10.2.0/include/boost/config/pragma_message.hpp:24:34: note: ‘#pragma message: This header is deprecated. Use <boost/range/iterator.hpp> instead.’
   24 | # define BOOST_PRAGMA_MESSAGE(x) _Pragma(BOOST_STRINGIZE(message(x)))
      |                                  ^~~~~~~
/opt/apps/resif/aion/2020b/epyc/software/Boost/1.74.0-GCC-10.2.0/include/boost/config/pragma_message.hpp:24:34: note: in definition of macro ‘BOOST_PRAGMA_MESSAGE’
   24 | # define BOOST_PRAGMA_MESSAGE(x) _Pragma(BOOST_STRINGIZE(message(x)))
      |                                  ^~~~~~~
/opt/apps/resif/aion/2020b/epyc/software/Boost/1.74.0-GCC-10.2.0/include/boost/range/result_iterator.hpp:20:1: note: in expansion of macro ‘BOOST_HEADER_DEPRECATED’
   20 | BOOST_HEADER_DEPRECATED("<boost/range/iterator.hpp>")
      | ^~~~~~~~~~~~~~~~~~~~~~~
/opt/apps/resif/aion/2020b/epyc/software/Boost/1.74.0-GCC-10.2.0/include/boost/config/pragma_message.hpp:24:34: note: ‘#pragma message: This header is deprecated. Use <boost/range/reverse_iterator.hpp> instead.’
   24 | # define BOOST_PRAGMA_MESSAGE(x) _Pragma(BOOST_STRINGIZE(message(x)))
      |                                  ^~~~~~~
/opt/apps/resif/aion/2020b/epyc/software/Boost/1.74.0-GCC-10.2.0/include/boost/config/pragma_message.hpp:24:34: note: in definition of macro ‘BOOST_PRAGMA_MESSAGE’
   24 | # define BOOST_PRAGMA_MESSAGE(x) _Pragma(BOOST_STRINGIZE(message(x)))
      |                                  ^~~~~~~
/opt/apps/resif/aion/2020b/epyc/software/Boost/1.74.0-GCC-10.2.0/include/boost/range/const_reverse_iterator.hpp:20:1: note: in expansion of macro ‘BOOST_HEADER_DEPRECATED’
   20 | BOOST_HEADER_DEPRECATED("<boost/range/reverse_iterator.hpp>")
      | ^~~~~~~~~~~~~~~~~~~~~~~
/opt/apps/resif/aion/2020b/epyc/software/Boost/1.74.0-GCC-10.2.0/include/boost/config/pragma_message.hpp:24:34: note: ‘#pragma message: This header is deprecated. Use <boost/range/reverse_iterator.hpp> instead.’
   24 | # define BOOST_PRAGMA_MESSAGE(x) _Pragma(BOOST_STRINGIZE(message(x)))
      |                                  ^~~~~~~
/opt/apps/resif/aion/2020b/epyc/software/Boost/1.74.0-GCC-10.2.0/include/boost/config/pragma_message.hpp:24:34: note: in definition of macro ‘BOOST_PRAGMA_MESSAGE’
   24 | # define BOOST_PRAGMA_MESSAGE(x) _Pragma(BOOST_STRINGIZE(message(x)))
      |                                  ^~~~~~~
/opt/apps/resif/aion/2020b/epyc/software/Boost/1.74.0-GCC-10.2.0/include/boost/range/reverse_result_iterator.hpp:20:1: note: in expansion of macro ‘BOOST_HEADER_DEPRECATED’
   20 | BOOST_HEADER_DEPRECATED("<boost/range/reverse_iterator.hpp>")
      | ^~~~~~~~~~~~~~~~~~~~~~~
[ 12%] Building CXX object CMakeFiles/preciceCore.dir/src/logging/LogConfiguration.cpp.o
[ 12%] Building CXX object CMakeFiles/preciceCore.dir/src/logging/Logger.cpp.o
In file included from /opt/apps/resif/aion/2020b/epyc/software/Boost/1.74.0-GCC-10.2.0/include/boost/config/header_deprecated.hpp:18,
                 from /opt/apps/resif/aion/2020b/epyc/software/Boost/1.74.0-GCC-10.2.0/include/boost/range/result_iterator.hpp:18,
                 from /opt/apps/resif/aion/2020b/epyc/software/Boost/1.74.0-GCC-10.2.0/include/boost/range/metafunctions.hpp:20,
                 from /opt/apps/resif/aion/2020b/epyc/software/Boost/1.74.0-GCC-10.2.0/include/boost/range.hpp:19,
                 from /home/users/mghavami/y2425-w02-compilation-on-hpc-AminGhavami/precice/precice-3.1.2/src/time/Storage.hpp:4,
                 from /home/users/mghavami/y2425-w02-compilation-on-hpc-AminGhavami/precice/precice-3.1.2/src/mesh/Data.hpp:11,
                 from /home/users/mghavami/y2425-w02-compilation-on-hpc-AminGhavami/precice/precice-3.1.2/src/io/ExportVTK.cpp:9:
/opt/apps/resif/aion/2020b/epyc/software/Boost/1.74.0-GCC-10.2.0/include/boost/config/pragma_message.hpp:24:34: note: ‘#pragma message: This header is deprecated. Use <boost/range/iterator.hpp> instead.’
   24 | # define BOOST_PRAGMA_MESSAGE(x) _Pragma(BOOST_STRINGIZE(message(x)))
      |                                  ^~~~~~~
/opt/apps/resif/aion/2020b/epyc/software/Boost/1.74.0-GCC-10.2.0/include/boost/config/pragma_message.hpp:24:34: note: in definition of macro ‘BOOST_PRAGMA_MESSAGE’
   24 | # define BOOST_PRAGMA_MESSAGE(x) _Pragma(BOOST_STRINGIZE(message(x)))
      |                                  ^~~~~~~
/opt/apps/resif/aion/2020b/epyc/software/Boost/1.74.0-GCC-10.2.0/include/boost/range/result_iterator.hpp:20:1: note: in expansion of macro ‘BOOST_HEADER_DEPRECATED’
   20 | BOOST_HEADER_DEPRECATED("<boost/range/iterator.hpp>")
      | ^~~~~~~~~~~~~~~~~~~~~~~
/opt/apps/resif/aion/2020b/epyc/software/Boost/1.74.0-GCC-10.2.0/include/boost/config/pragma_message.hpp:24:34: note: ‘#pragma message: This header is deprecated. Use <boost/range/reverse_iterator.hpp> instead.’
   24 | # define BOOST_PRAGMA_MESSAGE(x) _Pragma(BOOST_STRINGIZE(message(x)))
      |                                  ^~~~~~~
/opt/apps/resif/aion/2020b/epyc/software/Boost/1.74.0-GCC-10.2.0/include/boost/config/pragma_message.hpp:24:34: note: in definition of macro ‘BOOST_PRAGMA_MESSAGE’
   24 | # define BOOST_PRAGMA_MESSAGE(x) _Pragma(BOOST_STRINGIZE(message(x)))
      |                                  ^~~~~~~
/opt/apps/resif/aion/2020b/epyc/software/Boost/1.74.0-GCC-10.2.0/include/boost/range/const_reverse_iterator.hpp:20:1: note: in expansion of macro ‘BOOST_HEADER_DEPRECATED’
   20 | BOOST_HEADER_DEPRECATED("<boost/range/reverse_iterator.hpp>")
      | ^~~~~~~~~~~~~~~~~~~~~~~
/opt/apps/resif/aion/2020b/epyc/software/Boost/1.74.0-GCC-10.2.0/include/boost/config/pragma_message.hpp:24:34: note: ‘#pragma message: This header is deprecated. Use <boost/range/reverse_iterator.hpp> instead.’
   24 | # define BOOST_PRAGMA_MESSAGE(x) _Pragma(BOOST_STRINGIZE(message(x)))
      |                                  ^~~~~~~
/opt/apps/resif/aion/2020b/epyc/software/Boost/1.74.0-GCC-10.2.0/include/boost/config/pragma_message.hpp:24:34: note: in definition of macro ‘BOOST_PRAGMA_MESSAGE’
   24 | # define BOOST_PRAGMA_MESSAGE(x) _Pragma(BOOST_STRINGIZE(message(x)))
      |                                  ^~~~~~~
/opt/apps/resif/aion/2020b/epyc/software/Boost/1.74.0-GCC-10.2.0/include/boost/range/reverse_result_iterator.hpp:20:1: note: in expansion of macro ‘BOOST_HEADER_DEPRECATED’
   20 | BOOST_HEADER_DEPRECATED("<boost/range/reverse_iterator.hpp>")
      | ^~~~~~~~~~~~~~~~~~~~~~~
[ 12%] Building CXX object CMakeFiles/preciceCore.dir/src/logging/Tracer.cpp.o
In file included from /opt/apps/resif/aion/2020b/epyc/software/Boost/1.74.0-GCC-10.2.0/include/boost/config/header_deprecated.hpp:18,
                 from /opt/apps/resif/aion/2020b/epyc/software/Boost/1.74.0-GCC-10.2.0/include/boost/range/result_iterator.hpp:18,
                 from /opt/apps/resif/aion/2020b/epyc/software/Boost/1.74.0-GCC-10.2.0/include/boost/range/metafunctions.hpp:20,
                 from /opt/apps/resif/aion/2020b/epyc/software/Boost/1.74.0-GCC-10.2.0/include/boost/range.hpp:19,
                 from /home/users/mghavami/y2425-w02-compilation-on-hpc-AminGhavami/precice/precice-3.1.2/src/time/Storage.hpp:4,
                 from /home/users/mghavami/y2425-w02-compilation-on-hpc-AminGhavami/precice/precice-3.1.2/src/mesh/Data.hpp:11,
                 from /home/users/mghavami/y2425-w02-compilation-on-hpc-AminGhavami/precice/precice-3.1.2/src/io/ExportVTP.cpp:5:
/opt/apps/resif/aion/2020b/epyc/software/Boost/1.74.0-GCC-10.2.0/include/boost/config/pragma_message.hpp:24:34: note: ‘#pragma message: This header is deprecated. Use <boost/range/iterator.hpp> instead.’
   24 | # define BOOST_PRAGMA_MESSAGE(x) _Pragma(BOOST_STRINGIZE(message(x)))
      |                                  ^~~~~~~
/opt/apps/resif/aion/2020b/epyc/software/Boost/1.74.0-GCC-10.2.0/include/boost/config/pragma_message.hpp:24:34: note: in definition of macro ‘BOOST_PRAGMA_MESSAGE’
   24 | # define BOOST_PRAGMA_MESSAGE(x) _Pragma(BOOST_STRINGIZE(message(x)))
      |                                  ^~~~~~~
/opt/apps/resif/aion/2020b/epyc/software/Boost/1.74.0-GCC-10.2.0/include/boost/range/result_iterator.hpp:20:1: note: in expansion of macro ‘BOOST_HEADER_DEPRECATED’
   20 | BOOST_HEADER_DEPRECATED("<boost/range/iterator.hpp>")
      | ^~~~~~~~~~~~~~~~~~~~~~~
/opt/apps/resif/aion/2020b/epyc/software/Boost/1.74.0-GCC-10.2.0/include/boost/config/pragma_message.hpp:24:34: note: ‘#pragma message: This header is deprecated. Use <boost/range/reverse_iterator.hpp> instead.’
   24 | # define BOOST_PRAGMA_MESSAGE(x) _Pragma(BOOST_STRINGIZE(message(x)))
      |                                  ^~~~~~~
/opt/apps/resif/aion/2020b/epyc/software/Boost/1.74.0-GCC-10.2.0/include/boost/config/pragma_message.hpp:24:34: note: in definition of macro ‘BOOST_PRAGMA_MESSAGE’
   24 | # define BOOST_PRAGMA_MESSAGE(x) _Pragma(BOOST_STRINGIZE(message(x)))
      |                                  ^~~~~~~
/opt/apps/resif/aion/2020b/epyc/software/Boost/1.74.0-GCC-10.2.0/include/boost/range/const_reverse_iterator.hpp:20:1: note: in expansion of macro ‘BOOST_HEADER_DEPRECATED’
   20 | BOOST_HEADER_DEPRECATED("<boost/range/reverse_iterator.hpp>")
      | ^~~~~~~~~~~~~~~~~~~~~~~
/opt/apps/resif/aion/2020b/epyc/software/Boost/1.74.0-GCC-10.2.0/include/boost/config/pragma_message.hpp:24:34: note: ‘#pragma message: This header is deprecated. Use <boost/range/reverse_iterator.hpp> instead.’
   24 | # define BOOST_PRAGMA_MESSAGE(x) _Pragma(BOOST_STRINGIZE(message(x)))
      |                                  ^~~~~~~
/opt/apps/resif/aion/2020b/epyc/software/Boost/1.74.0-GCC-10.2.0/include/boost/config/pragma_message.hpp:24:34: note: in definition of macro ‘BOOST_PRAGMA_MESSAGE’
   24 | # define BOOST_PRAGMA_MESSAGE(x) _Pragma(BOOST_STRINGIZE(message(x)))
      |                                  ^~~~~~~
/opt/apps/resif/aion/2020b/epyc/software/Boost/1.74.0-GCC-10.2.0/include/boost/range/reverse_result_iterator.hpp:20:1: note: in expansion of macro ‘BOOST_HEADER_DEPRECATED’
   20 | BOOST_HEADER_DEPRECATED("<boost/range/reverse_iterator.hpp>")
      | ^~~~~~~~~~~~~~~~~~~~~~~
[ 12%] Building CXX object CMakeFiles/preciceCore.dir/src/logging/config/LogConfiguration.cpp.o
In file included from /opt/apps/resif/aion/2020b/epyc/software/Boost/1.74.0-GCC-10.2.0/include/boost/config/header_deprecated.hpp:18,
                 from /opt/apps/resif/aion/2020b/epyc/software/Boost/1.74.0-GCC-10.2.0/include/boost/range/result_iterator.hpp:18,
                 from /opt/apps/resif/aion/2020b/epyc/software/Boost/1.74.0-GCC-10.2.0/include/boost/range/metafunctions.hpp:20,
                 from /opt/apps/resif/aion/2020b/epyc/software/Boost/1.74.0-GCC-10.2.0/include/boost/range.hpp:19,
                 from /home/users/mghavami/y2425-w02-compilation-on-hpc-AminGhavami/precice/precice-3.1.2/src/time/Storage.hpp:4,
                 from /home/users/mghavami/y2425-w02-compilation-on-hpc-AminGhavami/precice/precice-3.1.2/src/mesh/Data.hpp:11,
                 from /home/users/mghavami/y2425-w02-compilation-on-hpc-AminGhavami/precice/precice-3.1.2/src/io/ExportVTU.cpp:10:
/opt/apps/resif/aion/2020b/epyc/software/Boost/1.74.0-GCC-10.2.0/include/boost/config/pragma_message.hpp:24:34: note: ‘#pragma message: This header is deprecated. Use <boost/range/iterator.hpp> instead.’
   24 | # define BOOST_PRAGMA_MESSAGE(x) _Pragma(BOOST_STRINGIZE(message(x)))
      |                                  ^~~~~~~
/opt/apps/resif/aion/2020b/epyc/software/Boost/1.74.0-GCC-10.2.0/include/boost/config/pragma_message.hpp:24:34: note: in definition of macro ‘BOOST_PRAGMA_MESSAGE’
   24 | # define BOOST_PRAGMA_MESSAGE(x) _Pragma(BOOST_STRINGIZE(message(x)))
      |                                  ^~~~~~~
/opt/apps/resif/aion/2020b/epyc/software/Boost/1.74.0-GCC-10.2.0/include/boost/range/result_iterator.hpp:20:1: note: in expansion of macro ‘BOOST_HEADER_DEPRECATED’
   20 | BOOST_HEADER_DEPRECATED("<boost/range/iterator.hpp>")
      | ^~~~~~~~~~~~~~~~~~~~~~~
/opt/apps/resif/aion/2020b/epyc/software/Boost/1.74.0-GCC-10.2.0/include/boost/config/pragma_message.hpp:24:34: note: ‘#pragma message: This header is deprecated. Use <boost/range/reverse_iterator.hpp> instead.’
   24 | # define BOOST_PRAGMA_MESSAGE(x) _Pragma(BOOST_STRINGIZE(message(x)))
      |                                  ^~~~~~~
/opt/apps/resif/aion/2020b/epyc/software/Boost/1.74.0-GCC-10.2.0/include/boost/config/pragma_message.hpp:24:34: note: in definition of macro ‘BOOST_PRAGMA_MESSAGE’
   24 | # define BOOST_PRAGMA_MESSAGE(x) _Pragma(BOOST_STRINGIZE(message(x)))
      |                                  ^~~~~~~
/opt/apps/resif/aion/2020b/epyc/software/Boost/1.74.0-GCC-10.2.0/include/boost/range/const_reverse_iterator.hpp:20:1: note: in expansion of macro ‘BOOST_HEADER_DEPRECATED’
   20 | BOOST_HEADER_DEPRECATED("<boost/range/reverse_iterator.hpp>")
      | ^~~~~~~~~~~~~~~~~~~~~~~
/opt/apps/resif/aion/2020b/epyc/software/Boost/1.74.0-GCC-10.2.0/include/boost/config/pragma_message.hpp:24:34: note: ‘#pragma message: This header is deprecated. Use <boost/range/reverse_iterator.hpp> instead.’
   24 | # define BOOST_PRAGMA_MESSAGE(x) _Pragma(BOOST_STRINGIZE(message(x)))
      |                                  ^~~~~~~
/opt/apps/resif/aion/2020b/epyc/software/Boost/1.74.0-GCC-10.2.0/include/boost/config/pragma_message.hpp:24:34: note: in definition of macro ‘BOOST_PRAGMA_MESSAGE’
   24 | # define BOOST_PRAGMA_MESSAGE(x) _Pragma(BOOST_STRINGIZE(message(x)))
      |                                  ^~~~~~~
/opt/apps/resif/aion/2020b/epyc/software/Boost/1.74.0-GCC-10.2.0/include/boost/range/reverse_result_iterator.hpp:20:1: note: in expansion of macro ‘BOOST_HEADER_DEPRECATED’
   20 | BOOST_HEADER_DEPRECATED("<boost/range/reverse_iterator.hpp>")
      | ^~~~~~~~~~~~~~~~~~~~~~~
In file included from /opt/apps/resif/aion/2020b/epyc/software/Boost/1.74.0-GCC-10.2.0/include/boost/config/header_deprecated.hpp:18,
                 from /opt/apps/resif/aion/2020b/epyc/software/Boost/1.74.0-GCC-10.2.0/include/boost/range/result_iterator.hpp:18,
                 from /opt/apps/resif/aion/2020b/epyc/software/Boost/1.74.0-GCC-10.2.0/include/boost/range/metafunctions.hpp:20,
                 from /opt/apps/resif/aion/2020b/epyc/software/Boost/1.74.0-GCC-10.2.0/include/boost/range.hpp:19,
                 from /home/users/mghavami/y2425-w02-compilation-on-hpc-AminGhavami/precice/precice-3.1.2/src/time/Storage.hpp:4,
                 from /home/users/mghavami/y2425-w02-compilation-on-hpc-AminGhavami/precice/precice-3.1.2/src/mesh/Data.hpp:11,
                 from /home/users/mghavami/y2425-w02-compilation-on-hpc-AminGhavami/precice/precice-3.1.2/src/io/ExportXML.cpp:10:
/opt/apps/resif/aion/2020b/epyc/software/Boost/1.74.0-GCC-10.2.0/include/boost/config/pragma_message.hpp:24:34: note: ‘#pragma message: This header is deprecated. Use <boost/range/iterator.hpp> instead.’
   24 | # define BOOST_PRAGMA_MESSAGE(x) _Pragma(BOOST_STRINGIZE(message(x)))
      |                                  ^~~~~~~
/opt/apps/resif/aion/2020b/epyc/software/Boost/1.74.0-GCC-10.2.0/include/boost/config/pragma_message.hpp:24:34: note: in definition of macro ‘BOOST_PRAGMA_MESSAGE’
   24 | # define BOOST_PRAGMA_MESSAGE(x) _Pragma(BOOST_STRINGIZE(message(x)))
      |                                  ^~~~~~~
/opt/apps/resif/aion/2020b/epyc/software/Boost/1.74.0-GCC-10.2.0/include/boost/range/result_iterator.hpp:20:1: note: in expansion of macro ‘BOOST_HEADER_DEPRECATED’
   20 | BOOST_HEADER_DEPRECATED("<boost/range/iterator.hpp>")
      | ^~~~~~~~~~~~~~~~~~~~~~~
/opt/apps/resif/aion/2020b/epyc/software/Boost/1.74.0-GCC-10.2.0/include/boost/config/pragma_message.hpp:24:34: note: ‘#pragma message: This header is deprecated. Use <boost/range/reverse_iterator.hpp> instead.’
   24 | # define BOOST_PRAGMA_MESSAGE(x) _Pragma(BOOST_STRINGIZE(message(x)))
      |                                  ^~~~~~~
/opt/apps/resif/aion/2020b/epyc/software/Boost/1.74.0-GCC-10.2.0/include/boost/config/pragma_message.hpp:24:34: note: in definition of macro ‘BOOST_PRAGMA_MESSAGE’
   24 | # define BOOST_PRAGMA_MESSAGE(x) _Pragma(BOOST_STRINGIZE(message(x)))
      |                                  ^~~~~~~
/opt/apps/resif/aion/2020b/epyc/software/Boost/1.74.0-GCC-10.2.0/include/boost/range/const_reverse_iterator.hpp:20:1: note: in expansion of macro ‘BOOST_HEADER_DEPRECATED’
   20 | BOOST_HEADER_DEPRECATED("<boost/range/reverse_iterator.hpp>")
      | ^~~~~~~~~~~~~~~~~~~~~~~
/opt/apps/resif/aion/2020b/epyc/software/Boost/1.74.0-GCC-10.2.0/include/boost/config/pragma_message.hpp:24:34: note: ‘#pragma message: This header is deprecated. Use <boost/range/reverse_iterator.hpp> instead.’
   24 | # define BOOST_PRAGMA_MESSAGE(x) _Pragma(BOOST_STRINGIZE(message(x)))
      |                                  ^~~~~~~
/opt/apps/resif/aion/2020b/epyc/software/Boost/1.74.0-GCC-10.2.0/include/boost/config/pragma_message.hpp:24:34: note: in definition of macro ‘BOOST_PRAGMA_MESSAGE’
   24 | # define BOOST_PRAGMA_MESSAGE(x) _Pragma(BOOST_STRINGIZE(message(x)))
      |                                  ^~~~~~~
/opt/apps/resif/aion/2020b/epyc/software/Boost/1.74.0-GCC-10.2.0/include/boost/range/reverse_result_iterator.hpp:20:1: note: in expansion of macro ‘BOOST_HEADER_DEPRECATED’
   20 | BOOST_HEADER_DEPRECATED("<boost/range/reverse_iterator.hpp>")
      | ^~~~~~~~~~~~~~~~~~~~~~~
[ 13%] Building CXX object CMakeFiles/preciceCore.dir/src/m2n/BoundM2N.cpp.o
[ 13%] Building CXX object CMakeFiles/preciceCore.dir/src/m2n/GatherScatterComFactory.cpp.o
[ 13%] Building CXX object CMakeFiles/preciceCore.dir/src/m2n/GatherScatterCommunication.cpp.o
In file included from /opt/apps/resif/aion/2020b/epyc/software/Boost/1.74.0-GCC-10.2.0/include/boost/config/header_deprecated.hpp:18,
                 from /opt/apps/resif/aion/2020b/epyc/software/Boost/1.74.0-GCC-10.2.0/include/boost/range/result_iterator.hpp:18,
                 from /opt/apps/resif/aion/2020b/epyc/software/Boost/1.74.0-GCC-10.2.0/include/boost/range/metafunctions.hpp:20,
                 from /opt/apps/resif/aion/2020b/epyc/software/Boost/1.74.0-GCC-10.2.0/include/boost/range.hpp:19,
                 from /opt/apps/resif/aion/2020b/epyc/software/Boost/1.74.0-GCC-10.2.0/include/boost/accumulators/statistics/covariance.hpp:18,
                 from /opt/apps/resif/aion/2020b/epyc/software/Boost/1.74.0-GCC-10.2.0/include/boost/accumulators/statistics.hpp:13,
                 from /home/users/mghavami/y2425-w02-compilation-on-hpc-AminGhavami/precice/precice-3.1.2/src/utils/DoubleAggregator.hpp:2,
                 from /home/users/mghavami/y2425-w02-compilation-on-hpc-AminGhavami/precice/precice-3.1.2/src/cplscheme/impl/TimeHandler.cpp:6:
/opt/apps/resif/aion/2020b/epyc/software/Boost/1.74.0-GCC-10.2.0/include/boost/config/pragma_message.hpp:24:34: note: ‘#pragma message: This header is deprecated. Use <boost/range/iterator.hpp> instead.’
   24 | # define BOOST_PRAGMA_MESSAGE(x) _Pragma(BOOST_STRINGIZE(message(x)))
      |                                  ^~~~~~~
/opt/apps/resif/aion/2020b/epyc/software/Boost/1.74.0-GCC-10.2.0/include/boost/config/pragma_message.hpp:24:34: note: in definition of macro ‘BOOST_PRAGMA_MESSAGE’
   24 | # define BOOST_PRAGMA_MESSAGE(x) _Pragma(BOOST_STRINGIZE(message(x)))
      |                                  ^~~~~~~
/opt/apps/resif/aion/2020b/epyc/software/Boost/1.74.0-GCC-10.2.0/include/boost/range/result_iterator.hpp:20:1: note: in expansion of macro ‘BOOST_HEADER_DEPRECATED’
   20 | BOOST_HEADER_DEPRECATED("<boost/range/iterator.hpp>")
      | ^~~~~~~~~~~~~~~~~~~~~~~
/opt/apps/resif/aion/2020b/epyc/software/Boost/1.74.0-GCC-10.2.0/include/boost/config/pragma_message.hpp:24:34: note: ‘#pragma message: This header is deprecated. Use <boost/range/reverse_iterator.hpp> instead.’
   24 | # define BOOST_PRAGMA_MESSAGE(x) _Pragma(BOOST_STRINGIZE(message(x)))
      |                                  ^~~~~~~
/opt/apps/resif/aion/2020b/epyc/software/Boost/1.74.0-GCC-10.2.0/include/boost/config/pragma_message.hpp:24:34: note: in definition of macro ‘BOOST_PRAGMA_MESSAGE’
   24 | # define BOOST_PRAGMA_MESSAGE(x) _Pragma(BOOST_STRINGIZE(message(x)))
      |                                  ^~~~~~~
/opt/apps/resif/aion/2020b/epyc/software/Boost/1.74.0-GCC-10.2.0/include/boost/range/const_reverse_iterator.hpp:20:1: note: in expansion of macro ‘BOOST_HEADER_DEPRECATED’
   20 | BOOST_HEADER_DEPRECATED("<boost/range/reverse_iterator.hpp>")
      | ^~~~~~~~~~~~~~~~~~~~~~~
/opt/apps/resif/aion/2020b/epyc/software/Boost/1.74.0-GCC-10.2.0/include/boost/config/pragma_message.hpp:24:34: note: ‘#pragma message: This header is deprecated. Use <boost/range/reverse_iterator.hpp> instead.’
   24 | # define BOOST_PRAGMA_MESSAGE(x) _Pragma(BOOST_STRINGIZE(message(x)))
      |                                  ^~~~~~~
/opt/apps/resif/aion/2020b/epyc/software/Boost/1.74.0-GCC-10.2.0/include/boost/config/pragma_message.hpp:24:34: note: in definition of macro ‘BOOST_PRAGMA_MESSAGE’
   24 | # define BOOST_PRAGMA_MESSAGE(x) _Pragma(BOOST_STRINGIZE(message(x)))
      |                                  ^~~~~~~
/opt/apps/resif/aion/2020b/epyc/software/Boost/1.74.0-GCC-10.2.0/include/boost/range/reverse_result_iterator.hpp:20:1: note: in expansion of macro ‘BOOST_HEADER_DEPRECATED’
   20 | BOOST_HEADER_DEPRECATED("<boost/range/reverse_iterator.hpp>")
      | ^~~~~~~~~~~~~~~~~~~~~~~
[ 13%] Building CXX object CMakeFiles/preciceCore.dir/src/m2n/M2N.cpp.o
[ 13%] Building CXX object CMakeFiles/preciceCore.dir/src/m2n/PointToPointComFactory.cpp.o
[ 13%] Building CXX object CMakeFiles/preciceCore.dir/src/m2n/PointToPointCommunication.cpp.o
[ 14%] Building CXX object CMakeFiles/preciceCore.dir/src/m2n/config/M2NConfiguration.cpp.o
In file included from /opt/apps/resif/aion/2020b/epyc/software/Boost/1.74.0-GCC-10.2.0/include/boost/accumulators/statistics/extended_p_square.hpp:28,
                 from /opt/apps/resif/aion/2020b/epyc/software/Boost/1.74.0-GCC-10.2.0/include/boost/accumulators/statistics.hpp:17,
                 from /home/users/mghavami/y2425-w02-compilation-on-hpc-AminGhavami/precice/precice-3.1.2/src/utils/DoubleAggregator.hpp:2,
                 from /home/users/mghavami/y2425-w02-compilation-on-hpc-AminGhavami/precice/precice-3.1.2/src/cplscheme/impl/TimeHandler.cpp:6:
/opt/apps/resif/aion/2020b/epyc/software/Boost/1.74.0-GCC-10.2.0/include/boost/accumulators/statistics/times2_iterator.hpp:29:14: warning: ‘template<class _Operation> class std::binder1st’ is deprecated [-Wdeprecated-declarations]
   29 |         std::binder1st<std::multiplies<std::size_t> >
      |              ^~~~~~~~~
In file included from /mnt/aiongpfs/apps/resif/aion/2020b/epyc/software/GCCcore/10.2.0/include/c++/10.2.0/bits/stl_function.h:1392,
                 from /mnt/aiongpfs/apps/resif/aion/2020b/epyc/software/GCCcore/10.2.0/include/c++/10.2.0/memory:78,
                 from /home/users/mghavami/y2425-w02-compilation-on-hpc-AminGhavami/precice/precice-3.1.2/src/cplscheme/impl/TimeHandler.hpp:3,
                 from /home/users/mghavami/y2425-w02-compilation-on-hpc-AminGhavami/precice/precice-3.1.2/src/cplscheme/impl/TimeHandler.cpp:1:
/mnt/aiongpfs/apps/resif/aion/2020b/epyc/software/GCCcore/10.2.0/include/c++/10.2.0/backward/binders.h:108:11: note: declared here
  108 |     class binder1st
      |           ^~~~~~~~~
[ 14%] Building CXX object CMakeFiles/preciceCore.dir/src/mapping/AxialGeoMultiscaleMapping.cpp.o
[ 14%] Building CXX object CMakeFiles/preciceCore.dir/src/mapping/BarycentricBaseMapping.cpp.o
[ 14%] Building CXX object CMakeFiles/preciceCore.dir/src/mapping/LinearCellInterpolationMapping.cpp.o
In file included from /opt/apps/resif/aion/2020b/epyc/software/Boost/1.74.0-GCC-10.2.0/include/boost/config/header_deprecated.hpp:18,
                 from /opt/apps/resif/aion/2020b/epyc/software/Boost/1.74.0-GCC-10.2.0/include/boost/range/result_iterator.hpp:18,
                 from /opt/apps/resif/aion/2020b/epyc/software/Boost/1.74.0-GCC-10.2.0/include/boost/range/metafunctions.hpp:20,
                 from /opt/apps/resif/aion/2020b/epyc/software/Boost/1.74.0-GCC-10.2.0/include/boost/range.hpp:19,
                 from /home/users/mghavami/y2425-w02-compilation-on-hpc-AminGhavami/precice/precice-3.1.2/src/time/Storage.hpp:4,
                 from /home/users/mghavami/y2425-w02-compilation-on-hpc-AminGhavami/precice/precice-3.1.2/src/mesh/Data.hpp:11,
                 from /home/users/mghavami/y2425-w02-compilation-on-hpc-AminGhavami/precice/precice-3.1.2/src/mesh/Mesh.hpp:14,
                 from /home/users/mghavami/y2425-w02-compilation-on-hpc-AminGhavami/precice/precice-3.1.2/src/m2n/DistributedCommunication.hpp:5,
                 from /home/users/mghavami/y2425-w02-compilation-on-hpc-AminGhavami/precice/precice-3.1.2/src/m2n/DistributedComFactory.hpp:3,
                 from /home/users/mghavami/y2425-w02-compilation-on-hpc-AminGhavami/precice/precice-3.1.2/src/m2n/M2N.hpp:8,
                 from /home/users/mghavami/y2425-w02-compilation-on-hpc-AminGhavami/precice/precice-3.1.2/src/m2n/BoundM2N.cpp:7:
/opt/apps/resif/aion/2020b/epyc/software/Boost/1.74.0-GCC-10.2.0/include/boost/config/pragma_message.hpp:24:34: note: ‘#pragma message: This header is deprecated. Use <boost/range/iterator.hpp> instead.’
   24 | # define BOOST_PRAGMA_MESSAGE(x) _Pragma(BOOST_STRINGIZE(message(x)))
      |                                  ^~~~~~~
/opt/apps/resif/aion/2020b/epyc/software/Boost/1.74.0-GCC-10.2.0/include/boost/config/pragma_message.hpp:24:34: note: in definition of macro ‘BOOST_PRAGMA_MESSAGE’
   24 | # define BOOST_PRAGMA_MESSAGE(x) _Pragma(BOOST_STRINGIZE(message(x)))
      |                                  ^~~~~~~
/opt/apps/resif/aion/2020b/epyc/software/Boost/1.74.0-GCC-10.2.0/include/boost/range/result_iterator.hpp:20:1: note: in expansion of macro ‘BOOST_HEADER_DEPRECATED’
   20 | BOOST_HEADER_DEPRECATED("<boost/range/iterator.hpp>")
      | ^~~~~~~~~~~~~~~~~~~~~~~
/opt/apps/resif/aion/2020b/epyc/software/Boost/1.74.0-GCC-10.2.0/include/boost/config/pragma_message.hpp:24:34: note: ‘#pragma message: This header is deprecated. Use <boost/range/reverse_iterator.hpp> instead.’
   24 | # define BOOST_PRAGMA_MESSAGE(x) _Pragma(BOOST_STRINGIZE(message(x)))
      |                                  ^~~~~~~
/opt/apps/resif/aion/2020b/epyc/software/Boost/1.74.0-GCC-10.2.0/include/boost/config/pragma_message.hpp:24:34: note: in definition of macro ‘BOOST_PRAGMA_MESSAGE’
   24 | # define BOOST_PRAGMA_MESSAGE(x) _Pragma(BOOST_STRINGIZE(message(x)))
      |                                  ^~~~~~~
/opt/apps/resif/aion/2020b/epyc/software/Boost/1.74.0-GCC-10.2.0/include/boost/range/const_reverse_iterator.hpp:20:1: note: in expansion of macro ‘BOOST_HEADER_DEPRECATED’
   20 | BOOST_HEADER_DEPRECATED("<boost/range/reverse_iterator.hpp>")
      | ^~~~~~~~~~~~~~~~~~~~~~~
/opt/apps/resif/aion/2020b/epyc/software/Boost/1.74.0-GCC-10.2.0/include/boost/config/pragma_message.hpp:24:34: note: ‘#pragma message: This header is deprecated. Use <boost/range/reverse_iterator.hpp> instead.’
   24 | # define BOOST_PRAGMA_MESSAGE(x) _Pragma(BOOST_STRINGIZE(message(x)))
      |                                  ^~~~~~~
/opt/apps/resif/aion/2020b/epyc/software/Boost/1.74.0-GCC-10.2.0/include/boost/config/pragma_message.hpp:24:34: note: in definition of macro ‘BOOST_PRAGMA_MESSAGE’
   24 | # define BOOST_PRAGMA_MESSAGE(x) _Pragma(BOOST_STRINGIZE(message(x)))
      |                                  ^~~~~~~
/opt/apps/resif/aion/2020b/epyc/software/Boost/1.74.0-GCC-10.2.0/include/boost/range/reverse_result_iterator.hpp:20:1: note: in expansion of macro ‘BOOST_HEADER_DEPRECATED’
   20 | BOOST_HEADER_DEPRECATED("<boost/range/reverse_iterator.hpp>")
      | ^~~~~~~~~~~~~~~~~~~~~~~
[ 14%] Building CXX object CMakeFiles/preciceCore.dir/src/mapping/Mapping.cpp.o
[ 15%] Building CXX object CMakeFiles/preciceCore.dir/src/mapping/NearestNeighborBaseMapping.cpp.o
[ 15%] Building CXX object CMakeFiles/preciceCore.dir/src/mapping/NearestNeighborGradientMapping.cpp.o
[ 15%] Building CXX object CMakeFiles/preciceCore.dir/src/mapping/NearestNeighborMapping.cpp.o
In file included from /opt/apps/resif/aion/2020b/epyc/software/Boost/1.74.0-GCC-10.2.0/include/boost/config/header_deprecated.hpp:18,
                 from /opt/apps/resif/aion/2020b/epyc/software/Boost/1.74.0-GCC-10.2.0/include/boost/range/result_iterator.hpp:18,
                 from /opt/apps/resif/aion/2020b/epyc/software/Boost/1.74.0-GCC-10.2.0/include/boost/range/metafunctions.hpp:20,
                 from /opt/apps/resif/aion/2020b/epyc/software/Boost/1.74.0-GCC-10.2.0/include/boost/range.hpp:19,
                 from /home/users/mghavami/y2425-w02-compilation-on-hpc-AminGhavami/precice/precice-3.1.2/src/time/Storage.hpp:4,
                 from /home/users/mghavami/y2425-w02-compilation-on-hpc-AminGhavami/precice/precice-3.1.2/src/mesh/Data.hpp:11,
                 from /home/users/mghavami/y2425-w02-compilation-on-hpc-AminGhavami/precice/precice-3.1.2/src/mesh/Mesh.hpp:14,
                 from /home/users/mghavami/y2425-w02-compilation-on-hpc-AminGhavami/precice/precice-3.1.2/src/m2n/DistributedCommunication.hpp:5,
                 from /home/users/mghavami/y2425-w02-compilation-on-hpc-AminGhavami/precice/precice-3.1.2/src/m2n/GatherScatterCommunication.hpp:6,
                 from /home/users/mghavami/y2425-w02-compilation-on-hpc-AminGhavami/precice/precice-3.1.2/src/m2n/GatherScatterComFactory.cpp:1:
/opt/apps/resif/aion/2020b/epyc/software/Boost/1.74.0-GCC-10.2.0/include/boost/config/pragma_message.hpp:24:34: note: ‘#pragma message: This header is deprecated. Use <boost/range/iterator.hpp> instead.’
   24 | # define BOOST_PRAGMA_MESSAGE(x) _Pragma(BOOST_STRINGIZE(message(x)))
      |                                  ^~~~~~~
/opt/apps/resif/aion/2020b/epyc/software/Boost/1.74.0-GCC-10.2.0/include/boost/config/pragma_message.hpp:24:34: note: in definition of macro ‘BOOST_PRAGMA_MESSAGE’
   24 | # define BOOST_PRAGMA_MESSAGE(x) _Pragma(BOOST_STRINGIZE(message(x)))
      |                                  ^~~~~~~
/opt/apps/resif/aion/2020b/epyc/software/Boost/1.74.0-GCC-10.2.0/include/boost/range/result_iterator.hpp:20:1: note: in expansion of macro ‘BOOST_HEADER_DEPRECATED’
   20 | BOOST_HEADER_DEPRECATED("<boost/range/iterator.hpp>")
      | ^~~~~~~~~~~~~~~~~~~~~~~
/opt/apps/resif/aion/2020b/epyc/software/Boost/1.74.0-GCC-10.2.0/include/boost/config/pragma_message.hpp:24:34: note: ‘#pragma message: This header is deprecated. Use <boost/range/reverse_iterator.hpp> instead.’
   24 | # define BOOST_PRAGMA_MESSAGE(x) _Pragma(BOOST_STRINGIZE(message(x)))
      |                                  ^~~~~~~
/opt/apps/resif/aion/2020b/epyc/software/Boost/1.74.0-GCC-10.2.0/include/boost/config/pragma_message.hpp:24:34: note: in definition of macro ‘BOOST_PRAGMA_MESSAGE’
   24 | # define BOOST_PRAGMA_MESSAGE(x) _Pragma(BOOST_STRINGIZE(message(x)))
      |                                  ^~~~~~~
/opt/apps/resif/aion/2020b/epyc/software/Boost/1.74.0-GCC-10.2.0/include/boost/range/const_reverse_iterator.hpp:20:1: note: in expansion of macro ‘BOOST_HEADER_DEPRECATED’
   20 | BOOST_HEADER_DEPRECATED("<boost/range/reverse_iterator.hpp>")
      | ^~~~~~~~~~~~~~~~~~~~~~~
/opt/apps/resif/aion/2020b/epyc/software/Boost/1.74.0-GCC-10.2.0/include/boost/config/pragma_message.hpp:24:34: note: ‘#pragma message: This header is deprecated. Use <boost/range/reverse_iterator.hpp> instead.’
   24 | # define BOOST_PRAGMA_MESSAGE(x) _Pragma(BOOST_STRINGIZE(message(x)))
      |                                  ^~~~~~~
/opt/apps/resif/aion/2020b/epyc/software/Boost/1.74.0-GCC-10.2.0/include/boost/config/pragma_message.hpp:24:34: note: in definition of macro ‘BOOST_PRAGMA_MESSAGE’
   24 | # define BOOST_PRAGMA_MESSAGE(x) _Pragma(BOOST_STRINGIZE(message(x)))
      |                                  ^~~~~~~
/opt/apps/resif/aion/2020b/epyc/software/Boost/1.74.0-GCC-10.2.0/include/boost/range/reverse_result_iterator.hpp:20:1: note: in expansion of macro ‘BOOST_HEADER_DEPRECATED’
   20 | BOOST_HEADER_DEPRECATED("<boost/range/reverse_iterator.hpp>")
      | ^~~~~~~~~~~~~~~~~~~~~~~
[ 15%] Building CXX object CMakeFiles/preciceCore.dir/src/mapping/NearestProjectionMapping.cpp.o
[ 15%] Building CXX object CMakeFiles/preciceCore.dir/src/mapping/Polation.cpp.o
In file included from /opt/apps/resif/aion/2020b/epyc/software/Boost/1.74.0-GCC-10.2.0/include/boost/config/header_deprecated.hpp:18,
                 from /opt/apps/resif/aion/2020b/epyc/software/Boost/1.74.0-GCC-10.2.0/include/boost/range/result_iterator.hpp:18,
                 from /opt/apps/resif/aion/2020b/epyc/software/Boost/1.74.0-GCC-10.2.0/include/boost/range/metafunctions.hpp:20,
                 from /opt/apps/resif/aion/2020b/epyc/software/Boost/1.74.0-GCC-10.2.0/include/boost/range.hpp:19,
                 from /home/users/mghavami/y2425-w02-compilation-on-hpc-AminGhavami/precice/precice-3.1.2/src/time/Storage.hpp:4,
                 from /home/users/mghavami/y2425-w02-compilation-on-hpc-AminGhavami/precice/precice-3.1.2/src/mesh/Data.hpp:11,
                 from /home/users/mghavami/y2425-w02-compilation-on-hpc-AminGhavami/precice/precice-3.1.2/src/mesh/Mesh.hpp:14,
                 from /home/users/mghavami/y2425-w02-compilation-on-hpc-AminGhavami/precice/precice-3.1.2/src/m2n/DistributedCommunication.hpp:5,
                 from /home/users/mghavami/y2425-w02-compilation-on-hpc-AminGhavami/precice/precice-3.1.2/src/m2n/GatherScatterCommunication.hpp:6,
                 from /home/users/mghavami/y2425-w02-compilation-on-hpc-AminGhavami/precice/precice-3.1.2/src/m2n/GatherScatterCommunication.cpp:8:
/opt/apps/resif/aion/2020b/epyc/software/Boost/1.74.0-GCC-10.2.0/include/boost/config/pragma_message.hpp:24:34: note: ‘#pragma message: This header is deprecated. Use <boost/range/iterator.hpp> instead.’
   24 | # define BOOST_PRAGMA_MESSAGE(x) _Pragma(BOOST_STRINGIZE(message(x)))
      |                                  ^~~~~~~
/opt/apps/resif/aion/2020b/epyc/software/Boost/1.74.0-GCC-10.2.0/include/boost/config/pragma_message.hpp:24:34: note: in definition of macro ‘BOOST_PRAGMA_MESSAGE’
   24 | # define BOOST_PRAGMA_MESSAGE(x) _Pragma(BOOST_STRINGIZE(message(x)))
      |                                  ^~~~~~~
/opt/apps/resif/aion/2020b/epyc/software/Boost/1.74.0-GCC-10.2.0/include/boost/range/result_iterator.hpp:20:1: note: in expansion of macro ‘BOOST_HEADER_DEPRECATED’
   20 | BOOST_HEADER_DEPRECATED("<boost/range/iterator.hpp>")
      | ^~~~~~~~~~~~~~~~~~~~~~~
/opt/apps/resif/aion/2020b/epyc/software/Boost/1.74.0-GCC-10.2.0/include/boost/config/pragma_message.hpp:24:34: note: ‘#pragma message: This header is deprecated. Use <boost/range/reverse_iterator.hpp> instead.’
   24 | # define BOOST_PRAGMA_MESSAGE(x) _Pragma(BOOST_STRINGIZE(message(x)))
      |                                  ^~~~~~~
/opt/apps/resif/aion/2020b/epyc/software/Boost/1.74.0-GCC-10.2.0/include/boost/config/pragma_message.hpp:24:34: note: in definition of macro ‘BOOST_PRAGMA_MESSAGE’
   24 | # define BOOST_PRAGMA_MESSAGE(x) _Pragma(BOOST_STRINGIZE(message(x)))
      |                                  ^~~~~~~
/opt/apps/resif/aion/2020b/epyc/software/Boost/1.74.0-GCC-10.2.0/include/boost/range/const_reverse_iterator.hpp:20:1: note: in expansion of macro ‘BOOST_HEADER_DEPRECATED’
   20 | BOOST_HEADER_DEPRECATED("<boost/range/reverse_iterator.hpp>")
      | ^~~~~~~~~~~~~~~~~~~~~~~
/opt/apps/resif/aion/2020b/epyc/software/Boost/1.74.0-GCC-10.2.0/include/boost/config/pragma_message.hpp:24:34: note: ‘#pragma message: This header is deprecated. Use <boost/range/reverse_iterator.hpp> instead.’
   24 | # define BOOST_PRAGMA_MESSAGE(x) _Pragma(BOOST_STRINGIZE(message(x)))
      |                                  ^~~~~~~
/opt/apps/resif/aion/2020b/epyc/software/Boost/1.74.0-GCC-10.2.0/include/boost/config/pragma_message.hpp:24:34: note: in definition of macro ‘BOOST_PRAGMA_MESSAGE’
   24 | # define BOOST_PRAGMA_MESSAGE(x) _Pragma(BOOST_STRINGIZE(message(x)))
      |                                  ^~~~~~~
/opt/apps/resif/aion/2020b/epyc/software/Boost/1.74.0-GCC-10.2.0/include/boost/range/reverse_result_iterator.hpp:20:1: note: in expansion of macro ‘BOOST_HEADER_DEPRECATED’
   20 | BOOST_HEADER_DEPRECATED("<boost/range/reverse_iterator.hpp>")
      | ^~~~~~~~~~~~~~~~~~~~~~~
In file included from /opt/apps/resif/aion/2020b/epyc/software/Boost/1.74.0-GCC-10.2.0/include/boost/config/header_deprecated.hpp:18,
                 from /opt/apps/resif/aion/2020b/epyc/software/Boost/1.74.0-GCC-10.2.0/include/boost/range/result_iterator.hpp:18,
                 from /opt/apps/resif/aion/2020b/epyc/software/Boost/1.74.0-GCC-10.2.0/include/boost/range/metafunctions.hpp:20,
                 from /opt/apps/resif/aion/2020b/epyc/software/Boost/1.74.0-GCC-10.2.0/include/boost/range.hpp:19,
                 from /home/users/mghavami/y2425-w02-compilation-on-hpc-AminGhavami/precice/precice-3.1.2/src/time/Storage.hpp:4,
                 from /home/users/mghavami/y2425-w02-compilation-on-hpc-AminGhavami/precice/precice-3.1.2/src/mesh/Data.hpp:11,
                 from /home/users/mghavami/y2425-w02-compilation-on-hpc-AminGhavami/precice/precice-3.1.2/src/mesh/Mesh.hpp:14,
                 from /home/users/mghavami/y2425-w02-compilation-on-hpc-AminGhavami/precice/precice-3.1.2/src/m2n/DistributedCommunication.hpp:5,
                 from /home/users/mghavami/y2425-w02-compilation-on-hpc-AminGhavami/precice/precice-3.1.2/src/m2n/DistributedComFactory.hpp:3,
                 from /home/users/mghavami/y2425-w02-compilation-on-hpc-AminGhavami/precice/precice-3.1.2/src/m2n/PointToPointComFactory.hpp:3,
                 from /home/users/mghavami/y2425-w02-compilation-on-hpc-AminGhavami/precice/precice-3.1.2/src/m2n/PointToPointComFactory.cpp:1:
/opt/apps/resif/aion/2020b/epyc/software/Boost/1.74.0-GCC-10.2.0/include/boost/config/pragma_message.hpp:24:34: note: ‘#pragma message: This header is deprecated. Use <boost/range/iterator.hpp> instead.’
   24 | # define BOOST_PRAGMA_MESSAGE(x) _Pragma(BOOST_STRINGIZE(message(x)))
      |                                  ^~~~~~~
/opt/apps/resif/aion/2020b/epyc/software/Boost/1.74.0-GCC-10.2.0/include/boost/config/pragma_message.hpp:24:34: note: in definition of macro ‘BOOST_PRAGMA_MESSAGE’
   24 | # define BOOST_PRAGMA_MESSAGE(x) _Pragma(BOOST_STRINGIZE(message(x)))
      |                                  ^~~~~~~
/opt/apps/resif/aion/2020b/epyc/software/Boost/1.74.0-GCC-10.2.0/include/boost/range/result_iterator.hpp:20:1: note: in expansion of macro ‘BOOST_HEADER_DEPRECATED’
   20 | BOOST_HEADER_DEPRECATED("<boost/range/iterator.hpp>")
      | ^~~~~~~~~~~~~~~~~~~~~~~
/opt/apps/resif/aion/2020b/epyc/software/Boost/1.74.0-GCC-10.2.0/include/boost/config/pragma_message.hpp:24:34: note: ‘#pragma message: This header is deprecated. Use <boost/range/reverse_iterator.hpp> instead.’
   24 | # define BOOST_PRAGMA_MESSAGE(x) _Pragma(BOOST_STRINGIZE(message(x)))
      |                                  ^~~~~~~
/opt/apps/resif/aion/2020b/epyc/software/Boost/1.74.0-GCC-10.2.0/include/boost/config/pragma_message.hpp:24:34: note: in definition of macro ‘BOOST_PRAGMA_MESSAGE’
   24 | # define BOOST_PRAGMA_MESSAGE(x) _Pragma(BOOST_STRINGIZE(message(x)))
      |                                  ^~~~~~~
/opt/apps/resif/aion/2020b/epyc/software/Boost/1.74.0-GCC-10.2.0/include/boost/range/const_reverse_iterator.hpp:20:1: note: in expansion of macro ‘BOOST_HEADER_DEPRECATED’
   20 | BOOST_HEADER_DEPRECATED("<boost/range/reverse_iterator.hpp>")
      | ^~~~~~~~~~~~~~~~~~~~~~~
/opt/apps/resif/aion/2020b/epyc/software/Boost/1.74.0-GCC-10.2.0/include/boost/config/pragma_message.hpp:24:34: note: ‘#pragma message: This header is deprecated. Use <boost/range/reverse_iterator.hpp> instead.’
   24 | # define BOOST_PRAGMA_MESSAGE(x) _Pragma(BOOST_STRINGIZE(message(x)))
      |                                  ^~~~~~~
/opt/apps/resif/aion/2020b/epyc/software/Boost/1.74.0-GCC-10.2.0/include/boost/config/pragma_message.hpp:24:34: note: in definition of macro ‘BOOST_PRAGMA_MESSAGE’
   24 | # define BOOST_PRAGMA_MESSAGE(x) _Pragma(BOOST_STRINGIZE(message(x)))
      |                                  ^~~~~~~
/opt/apps/resif/aion/2020b/epyc/software/Boost/1.74.0-GCC-10.2.0/include/boost/range/reverse_result_iterator.hpp:20:1: note: in expansion of macro ‘BOOST_HEADER_DEPRECATED’
   20 | BOOST_HEADER_DEPRECATED("<boost/range/reverse_iterator.hpp>")
      | ^~~~~~~~~~~~~~~~~~~~~~~
In file included from /opt/apps/resif/aion/2020b/epyc/software/Boost/1.74.0-GCC-10.2.0/include/boost/config/header_deprecated.hpp:18,
                 from /opt/apps/resif/aion/2020b/epyc/software/Boost/1.74.0-GCC-10.2.0/include/boost/range/result_iterator.hpp:18,
                 from /opt/apps/resif/aion/2020b/epyc/software/Boost/1.74.0-GCC-10.2.0/include/boost/range/metafunctions.hpp:20,
                 from /opt/apps/resif/aion/2020b/epyc/software/Boost/1.74.0-GCC-10.2.0/include/boost/range.hpp:19,
                 from /home/users/mghavami/y2425-w02-compilation-on-hpc-AminGhavami/precice/precice-3.1.2/src/time/Storage.hpp:4,
                 from /home/users/mghavami/y2425-w02-compilation-on-hpc-AminGhavami/precice/precice-3.1.2/src/mesh/Data.hpp:11,
                 from /home/users/mghavami/y2425-w02-compilation-on-hpc-AminGhavami/precice/precice-3.1.2/src/mesh/Mesh.hpp:14,
                 from /home/users/mghavami/y2425-w02-compilation-on-hpc-AminGhavami/precice/precice-3.1.2/src/m2n/DistributedCommunication.hpp:5,
                 from /home/users/mghavami/y2425-w02-compilation-on-hpc-AminGhavami/precice/precice-3.1.2/src/m2n/DistributedComFactory.hpp:3,
                 from /home/users/mghavami/y2425-w02-compilation-on-hpc-AminGhavami/precice/precice-3.1.2/src/m2n/M2N.cpp:3:
/opt/apps/resif/aion/2020b/epyc/software/Boost/1.74.0-GCC-10.2.0/include/boost/config/pragma_message.hpp:24:34: note: ‘#pragma message: This header is deprecated. Use <boost/range/iterator.hpp> instead.’
   24 | # define BOOST_PRAGMA_MESSAGE(x) _Pragma(BOOST_STRINGIZE(message(x)))
      |                                  ^~~~~~~
/opt/apps/resif/aion/2020b/epyc/software/Boost/1.74.0-GCC-10.2.0/include/boost/config/pragma_message.hpp:24:34: note: in definition of macro ‘BOOST_PRAGMA_MESSAGE’
   24 | # define BOOST_PRAGMA_MESSAGE(x) _Pragma(BOOST_STRINGIZE(message(x)))
      |                                  ^~~~~~~
/opt/apps/resif/aion/2020b/epyc/software/Boost/1.74.0-GCC-10.2.0/include/boost/range/result_iterator.hpp:20:1: note: in expansion of macro ‘BOOST_HEADER_DEPRECATED’
   20 | BOOST_HEADER_DEPRECATED("<boost/range/iterator.hpp>")
      | ^~~~~~~~~~~~~~~~~~~~~~~
/opt/apps/resif/aion/2020b/epyc/software/Boost/1.74.0-GCC-10.2.0/include/boost/config/pragma_message.hpp:24:34: note: ‘#pragma message: This header is deprecated. Use <boost/range/reverse_iterator.hpp> instead.’
   24 | # define BOOST_PRAGMA_MESSAGE(x) _Pragma(BOOST_STRINGIZE(message(x)))
      |                                  ^~~~~~~
/opt/apps/resif/aion/2020b/epyc/software/Boost/1.74.0-GCC-10.2.0/include/boost/config/pragma_message.hpp:24:34: note: in definition of macro ‘BOOST_PRAGMA_MESSAGE’
   24 | # define BOOST_PRAGMA_MESSAGE(x) _Pragma(BOOST_STRINGIZE(message(x)))
      |                                  ^~~~~~~
/opt/apps/resif/aion/2020b/epyc/software/Boost/1.74.0-GCC-10.2.0/include/boost/range/const_reverse_iterator.hpp:20:1: note: in expansion of macro ‘BOOST_HEADER_DEPRECATED’
   20 | BOOST_HEADER_DEPRECATED("<boost/range/reverse_iterator.hpp>")
      | ^~~~~~~~~~~~~~~~~~~~~~~
/opt/apps/resif/aion/2020b/epyc/software/Boost/1.74.0-GCC-10.2.0/include/boost/config/pragma_message.hpp:24:34: note: ‘#pragma message: This header is deprecated. Use <boost/range/reverse_iterator.hpp> instead.’
   24 | # define BOOST_PRAGMA_MESSAGE(x) _Pragma(BOOST_STRINGIZE(message(x)))
      |                                  ^~~~~~~
/opt/apps/resif/aion/2020b/epyc/software/Boost/1.74.0-GCC-10.2.0/include/boost/config/pragma_message.hpp:24:34: note: in definition of macro ‘BOOST_PRAGMA_MESSAGE’
   24 | # define BOOST_PRAGMA_MESSAGE(x) _Pragma(BOOST_STRINGIZE(message(x)))
      |                                  ^~~~~~~
/opt/apps/resif/aion/2020b/epyc/software/Boost/1.74.0-GCC-10.2.0/include/boost/range/reverse_result_iterator.hpp:20:1: note: in expansion of macro ‘BOOST_HEADER_DEPRECATED’
   20 | BOOST_HEADER_DEPRECATED("<boost/range/reverse_iterator.hpp>")
      | ^~~~~~~~~~~~~~~~~~~~~~~
In file included from /opt/apps/resif/aion/2020b/epyc/software/Boost/1.74.0-GCC-10.2.0/include/boost/config/header_deprecated.hpp:18,
                 from /opt/apps/resif/aion/2020b/epyc/software/Boost/1.74.0-GCC-10.2.0/include/boost/range/result_iterator.hpp:18,
                 from /opt/apps/resif/aion/2020b/epyc/software/Boost/1.74.0-GCC-10.2.0/include/boost/range/metafunctions.hpp:20,
                 from /opt/apps/resif/aion/2020b/epyc/software/Boost/1.74.0-GCC-10.2.0/include/boost/range.hpp:19,
                 from /home/users/mghavami/y2425-w02-compilation-on-hpc-AminGhavami/precice/precice-3.1.2/src/time/Storage.hpp:4,
                 from /home/users/mghavami/y2425-w02-compilation-on-hpc-AminGhavami/precice/precice-3.1.2/src/mesh/Data.hpp:11,
                 from /home/users/mghavami/y2425-w02-compilation-on-hpc-AminGhavami/precice/precice-3.1.2/src/mesh/Mesh.hpp:14,
                 from /home/users/mghavami/y2425-w02-compilation-on-hpc-AminGhavami/precice/precice-3.1.2/src/m2n/DistributedCommunication.hpp:5,
                 from /home/users/mghavami/y2425-w02-compilation-on-hpc-AminGhavami/precice/precice-3.1.2/src/m2n/DistributedComFactory.hpp:3,
                 from /home/users/mghavami/y2425-w02-compilation-on-hpc-AminGhavami/precice/precice-3.1.2/src/m2n/config/M2NConfiguration.cpp:11:
/opt/apps/resif/aion/2020b/epyc/software/Boost/1.74.0-GCC-10.2.0/include/boost/config/pragma_message.hpp:24:34: note: ‘#pragma message: This header is deprecated. Use <boost/range/iterator.hpp> instead.’
   24 | # define BOOST_PRAGMA_MESSAGE(x) _Pragma(BOOST_STRINGIZE(message(x)))
      |                                  ^~~~~~~
/opt/apps/resif/aion/2020b/epyc/software/Boost/1.74.0-GCC-10.2.0/include/boost/config/pragma_message.hpp:24:34: note: in definition of macro ‘BOOST_PRAGMA_MESSAGE’
   24 | # define BOOST_PRAGMA_MESSAGE(x) _Pragma(BOOST_STRINGIZE(message(x)))
      |                                  ^~~~~~~
/opt/apps/resif/aion/2020b/epyc/software/Boost/1.74.0-GCC-10.2.0/include/boost/range/result_iterator.hpp:20:1: note: in expansion of macro ‘BOOST_HEADER_DEPRECATED’
   20 | BOOST_HEADER_DEPRECATED("<boost/range/iterator.hpp>")
      | ^~~~~~~~~~~~~~~~~~~~~~~
/opt/apps/resif/aion/2020b/epyc/software/Boost/1.74.0-GCC-10.2.0/include/boost/config/pragma_message.hpp:24:34: note: ‘#pragma message: This header is deprecated. Use <boost/range/reverse_iterator.hpp> instead.’
   24 | # define BOOST_PRAGMA_MESSAGE(x) _Pragma(BOOST_STRINGIZE(message(x)))
      |                                  ^~~~~~~
/opt/apps/resif/aion/2020b/epyc/software/Boost/1.74.0-GCC-10.2.0/include/boost/config/pragma_message.hpp:24:34: note: in definition of macro ‘BOOST_PRAGMA_MESSAGE’
   24 | # define BOOST_PRAGMA_MESSAGE(x) _Pragma(BOOST_STRINGIZE(message(x)))
      |                                  ^~~~~~~
/opt/apps/resif/aion/2020b/epyc/software/Boost/1.74.0-GCC-10.2.0/include/boost/range/const_reverse_iterator.hpp:20:1: note: in expansion of macro ‘BOOST_HEADER_DEPRECATED’
   20 | BOOST_HEADER_DEPRECATED("<boost/range/reverse_iterator.hpp>")
      | ^~~~~~~~~~~~~~~~~~~~~~~
/opt/apps/resif/aion/2020b/epyc/software/Boost/1.74.0-GCC-10.2.0/include/boost/config/pragma_message.hpp:24:34: note: ‘#pragma message: This header is deprecated. Use <boost/range/reverse_iterator.hpp> instead.’
   24 | # define BOOST_PRAGMA_MESSAGE(x) _Pragma(BOOST_STRINGIZE(message(x)))
      |                                  ^~~~~~~
/opt/apps/resif/aion/2020b/epyc/software/Boost/1.74.0-GCC-10.2.0/include/boost/config/pragma_message.hpp:24:34: note: in definition of macro ‘BOOST_PRAGMA_MESSAGE’
   24 | # define BOOST_PRAGMA_MESSAGE(x) _Pragma(BOOST_STRINGIZE(message(x)))
      |                                  ^~~~~~~
/opt/apps/resif/aion/2020b/epyc/software/Boost/1.74.0-GCC-10.2.0/include/boost/range/reverse_result_iterator.hpp:20:1: note: in expansion of macro ‘BOOST_HEADER_DEPRECATED’
   20 | BOOST_HEADER_DEPRECATED("<boost/range/reverse_iterator.hpp>")
      | ^~~~~~~~~~~~~~~~~~~~~~~
[ 16%] Building CXX object CMakeFiles/preciceCore.dir/src/mapping/RadialGeoMultiscaleMapping.cpp.o
In file included from /opt/apps/resif/aion/2020b/epyc/software/Boost/1.74.0-GCC-10.2.0/include/boost/config/header_deprecated.hpp:18,
                 from /opt/apps/resif/aion/2020b/epyc/software/Boost/1.74.0-GCC-10.2.0/include/boost/range/result_iterator.hpp:18,
                 from /opt/apps/resif/aion/2020b/epyc/software/Boost/1.74.0-GCC-10.2.0/include/boost/range/metafunctions.hpp:20,
                 from /opt/apps/resif/aion/2020b/epyc/software/Boost/1.74.0-GCC-10.2.0/include/boost/range.hpp:19,
                 from /home/users/mghavami/y2425-w02-compilation-on-hpc-AminGhavami/precice/precice-3.1.2/src/time/Storage.hpp:4,
                 from /home/users/mghavami/y2425-w02-compilation-on-hpc-AminGhavami/precice/precice-3.1.2/src/mesh/Data.hpp:11,
                 from /home/users/mghavami/y2425-w02-compilation-on-hpc-AminGhavami/precice/precice-3.1.2/src/mesh/Mesh.hpp:14,
                 from /home/users/mghavami/y2425-w02-compilation-on-hpc-AminGhavami/precice/precice-3.1.2/src/m2n/DistributedCommunication.hpp:5,
                 from /home/users/mghavami/y2425-w02-compilation-on-hpc-AminGhavami/precice/precice-3.1.2/src/m2n/PointToPointCommunication.hpp:9,
                 from /home/users/mghavami/y2425-w02-compilation-on-hpc-AminGhavami/precice/precice-3.1.2/src/m2n/PointToPointCommunication.cpp:14:
/opt/apps/resif/aion/2020b/epyc/software/Boost/1.74.0-GCC-10.2.0/include/boost/config/pragma_message.hpp:24:34: note: ‘#pragma message: This header is deprecated. Use <boost/range/iterator.hpp> instead.’
   24 | # define BOOST_PRAGMA_MESSAGE(x) _Pragma(BOOST_STRINGIZE(message(x)))
      |                                  ^~~~~~~
/opt/apps/resif/aion/2020b/epyc/software/Boost/1.74.0-GCC-10.2.0/include/boost/config/pragma_message.hpp:24:34: note: in definition of macro ‘BOOST_PRAGMA_MESSAGE’
   24 | # define BOOST_PRAGMA_MESSAGE(x) _Pragma(BOOST_STRINGIZE(message(x)))
      |                                  ^~~~~~~
/opt/apps/resif/aion/2020b/epyc/software/Boost/1.74.0-GCC-10.2.0/include/boost/range/result_iterator.hpp:20:1: note: in expansion of macro ‘BOOST_HEADER_DEPRECATED’
   20 | BOOST_HEADER_DEPRECATED("<boost/range/iterator.hpp>")
      | ^~~~~~~~~~~~~~~~~~~~~~~
/opt/apps/resif/aion/2020b/epyc/software/Boost/1.74.0-GCC-10.2.0/include/boost/config/pragma_message.hpp:24:34: note: ‘#pragma message: This header is deprecated. Use <boost/range/reverse_iterator.hpp> instead.’
   24 | # define BOOST_PRAGMA_MESSAGE(x) _Pragma(BOOST_STRINGIZE(message(x)))
      |                                  ^~~~~~~
/opt/apps/resif/aion/2020b/epyc/software/Boost/1.74.0-GCC-10.2.0/include/boost/config/pragma_message.hpp:24:34: note: in definition of macro ‘BOOST_PRAGMA_MESSAGE’
   24 | # define BOOST_PRAGMA_MESSAGE(x) _Pragma(BOOST_STRINGIZE(message(x)))
      |                                  ^~~~~~~
/opt/apps/resif/aion/2020b/epyc/software/Boost/1.74.0-GCC-10.2.0/include/boost/range/const_reverse_iterator.hpp:20:1: note: in expansion of macro ‘BOOST_HEADER_DEPRECATED’
   20 | BOOST_HEADER_DEPRECATED("<boost/range/reverse_iterator.hpp>")
      | ^~~~~~~~~~~~~~~~~~~~~~~
/opt/apps/resif/aion/2020b/epyc/software/Boost/1.74.0-GCC-10.2.0/include/boost/config/pragma_message.hpp:24:34: note: ‘#pragma message: This header is deprecated. Use <boost/range/reverse_iterator.hpp> instead.’
   24 | # define BOOST_PRAGMA_MESSAGE(x) _Pragma(BOOST_STRINGIZE(message(x)))
      |                                  ^~~~~~~
/opt/apps/resif/aion/2020b/epyc/software/Boost/1.74.0-GCC-10.2.0/include/boost/config/pragma_message.hpp:24:34: note: in definition of macro ‘BOOST_PRAGMA_MESSAGE’
   24 | # define BOOST_PRAGMA_MESSAGE(x) _Pragma(BOOST_STRINGIZE(message(x)))
      |                                  ^~~~~~~
/opt/apps/resif/aion/2020b/epyc/software/Boost/1.74.0-GCC-10.2.0/include/boost/range/reverse_result_iterator.hpp:20:1: note: in expansion of macro ‘BOOST_HEADER_DEPRECATED’
   20 | BOOST_HEADER_DEPRECATED("<boost/range/reverse_iterator.hpp>")
      | ^~~~~~~~~~~~~~~~~~~~~~~
In file included from /opt/apps/resif/aion/2020b/epyc/software/Boost/1.74.0-GCC-10.2.0/include/boost/config/header_deprecated.hpp:18,
                 from /opt/apps/resif/aion/2020b/epyc/software/Boost/1.74.0-GCC-10.2.0/include/boost/range/result_iterator.hpp:18,
                 from /opt/apps/resif/aion/2020b/epyc/software/Boost/1.74.0-GCC-10.2.0/include/boost/range/metafunctions.hpp:20,
                 from /opt/apps/resif/aion/2020b/epyc/software/Boost/1.74.0-GCC-10.2.0/include/boost/range.hpp:19,
                 from /home/users/mghavami/y2425-w02-compilation-on-hpc-AminGhavami/precice/precice-3.1.2/src/time/Storage.hpp:4,
                 from /home/users/mghavami/y2425-w02-compilation-on-hpc-AminGhavami/precice/precice-3.1.2/src/mesh/Data.hpp:11,
                 from /home/users/mghavami/y2425-w02-compilation-on-hpc-AminGhavami/precice/precice-3.1.2/src/mesh/Mesh.hpp:14,
                 from /home/users/mghavami/y2425-w02-compilation-on-hpc-AminGhavami/precice/precice-3.1.2/src/mapping/Mapping.hpp:6,
                 from /home/users/mghavami/y2425-w02-compilation-on-hpc-AminGhavami/precice/precice-3.1.2/src/mapping/AxialGeoMultiscaleMapping.hpp:5,
                 from /home/users/mghavami/y2425-w02-compilation-on-hpc-AminGhavami/precice/precice-3.1.2/src/mapping/AxialGeoMultiscaleMapping.cpp:1:
/opt/apps/resif/aion/2020b/epyc/software/Boost/1.74.0-GCC-10.2.0/include/boost/config/pragma_message.hpp:24:34: note: ‘#pragma message: This header is deprecated. Use <boost/range/iterator.hpp> instead.’
   24 | # define BOOST_PRAGMA_MESSAGE(x) _Pragma(BOOST_STRINGIZE(message(x)))
      |                                  ^~~~~~~
/opt/apps/resif/aion/2020b/epyc/software/Boost/1.74.0-GCC-10.2.0/include/boost/config/pragma_message.hpp:24:34: note: in definition of macro ‘BOOST_PRAGMA_MESSAGE’
   24 | # define BOOST_PRAGMA_MESSAGE(x) _Pragma(BOOST_STRINGIZE(message(x)))
      |                                  ^~~~~~~
/opt/apps/resif/aion/2020b/epyc/software/Boost/1.74.0-GCC-10.2.0/include/boost/range/result_iterator.hpp:20:1: note: in expansion of macro ‘BOOST_HEADER_DEPRECATED’
   20 | BOOST_HEADER_DEPRECATED("<boost/range/iterator.hpp>")
      | ^~~~~~~~~~~~~~~~~~~~~~~
/opt/apps/resif/aion/2020b/epyc/software/Boost/1.74.0-GCC-10.2.0/include/boost/config/pragma_message.hpp:24:34: note: ‘#pragma message: This header is deprecated. Use <boost/range/reverse_iterator.hpp> instead.’
   24 | # define BOOST_PRAGMA_MESSAGE(x) _Pragma(BOOST_STRINGIZE(message(x)))
      |                                  ^~~~~~~
/opt/apps/resif/aion/2020b/epyc/software/Boost/1.74.0-GCC-10.2.0/include/boost/config/pragma_message.hpp:24:34: note: in definition of macro ‘BOOST_PRAGMA_MESSAGE’
   24 | # define BOOST_PRAGMA_MESSAGE(x) _Pragma(BOOST_STRINGIZE(message(x)))
      |                                  ^~~~~~~
/opt/apps/resif/aion/2020b/epyc/software/Boost/1.74.0-GCC-10.2.0/include/boost/range/const_reverse_iterator.hpp:20:1: note: in expansion of macro ‘BOOST_HEADER_DEPRECATED’
   20 | BOOST_HEADER_DEPRECATED("<boost/range/reverse_iterator.hpp>")
      | ^~~~~~~~~~~~~~~~~~~~~~~
/opt/apps/resif/aion/2020b/epyc/software/Boost/1.74.0-GCC-10.2.0/include/boost/config/pragma_message.hpp:24:34: note: ‘#pragma message: This header is deprecated. Use <boost/range/reverse_iterator.hpp> instead.’
   24 | # define BOOST_PRAGMA_MESSAGE(x) _Pragma(BOOST_STRINGIZE(message(x)))
      |                                  ^~~~~~~
/opt/apps/resif/aion/2020b/epyc/software/Boost/1.74.0-GCC-10.2.0/include/boost/config/pragma_message.hpp:24:34: note: in definition of macro ‘BOOST_PRAGMA_MESSAGE’
   24 | # define BOOST_PRAGMA_MESSAGE(x) _Pragma(BOOST_STRINGIZE(message(x)))
      |                                  ^~~~~~~
/opt/apps/resif/aion/2020b/epyc/software/Boost/1.74.0-GCC-10.2.0/include/boost/range/reverse_result_iterator.hpp:20:1: note: in expansion of macro ‘BOOST_HEADER_DEPRECATED’
   20 | BOOST_HEADER_DEPRECATED("<boost/range/reverse_iterator.hpp>")
      | ^~~~~~~~~~~~~~~~~~~~~~~
[ 16%] Building CXX object CMakeFiles/preciceCore.dir/src/mapping/config/MappingConfiguration.cpp.o
[ 16%] Building CXX object CMakeFiles/preciceCore.dir/src/math/Bspline.cpp.o
[ 16%] Building CXX object CMakeFiles/preciceCore.dir/src/math/barycenter.cpp.o
[ 16%] Building CXX object CMakeFiles/preciceCore.dir/src/math/geometry.cpp.o
In file included from /opt/apps/resif/aion/2020b/epyc/software/Boost/1.74.0-GCC-10.2.0/include/boost/config/header_deprecated.hpp:18,
                 from /opt/apps/resif/aion/2020b/epyc/software/Boost/1.74.0-GCC-10.2.0/include/boost/range/result_iterator.hpp:18,
                 from /opt/apps/resif/aion/2020b/epyc/software/Boost/1.74.0-GCC-10.2.0/include/boost/range/metafunctions.hpp:20,
                 from /opt/apps/resif/aion/2020b/epyc/software/Boost/1.74.0-GCC-10.2.0/include/boost/range.hpp:19,
                 from /home/users/mghavami/y2425-w02-compilation-on-hpc-AminGhavami/precice/precice-3.1.2/src/time/Storage.hpp:4,
                 from /home/users/mghavami/y2425-w02-compilation-on-hpc-AminGhavami/precice/precice-3.1.2/src/mesh/Data.hpp:11,
                 from /home/users/mghavami/y2425-w02-compilation-on-hpc-AminGhavami/precice/precice-3.1.2/src/mesh/Mesh.hpp:14,
                 from /home/users/mghavami/y2425-w02-compilation-on-hpc-AminGhavami/precice/precice-3.1.2/src/mapping/Mapping.hpp:6,
                 from /home/users/mghavami/y2425-w02-compilation-on-hpc-AminGhavami/precice/precice-3.1.2/src/mapping/BarycentricBaseMapping.hpp:5,
                 from /home/users/mghavami/y2425-w02-compilation-on-hpc-AminGhavami/precice/precice-3.1.2/src/mapping/BarycentricBaseMapping.cpp:9:
/opt/apps/resif/aion/2020b/epyc/software/Boost/1.74.0-GCC-10.2.0/include/boost/config/pragma_message.hpp:24:34: note: ‘#pragma message: This header is deprecated. Use <boost/range/iterator.hpp> instead.’
   24 | # define BOOST_PRAGMA_MESSAGE(x) _Pragma(BOOST_STRINGIZE(message(x)))
      |                                  ^~~~~~~
/opt/apps/resif/aion/2020b/epyc/software/Boost/1.74.0-GCC-10.2.0/include/boost/config/pragma_message.hpp:24:34: note: in definition of macro ‘BOOST_PRAGMA_MESSAGE’
   24 | # define BOOST_PRAGMA_MESSAGE(x) _Pragma(BOOST_STRINGIZE(message(x)))
      |                                  ^~~~~~~
/opt/apps/resif/aion/2020b/epyc/software/Boost/1.74.0-GCC-10.2.0/include/boost/range/result_iterator.hpp:20:1: note: in expansion of macro ‘BOOST_HEADER_DEPRECATED’
   20 | BOOST_HEADER_DEPRECATED("<boost/range/iterator.hpp>")
      | ^~~~~~~~~~~~~~~~~~~~~~~
/opt/apps/resif/aion/2020b/epyc/software/Boost/1.74.0-GCC-10.2.0/include/boost/config/pragma_message.hpp:24:34: note: ‘#pragma message: This header is deprecated. Use <boost/range/reverse_iterator.hpp> instead.’
   24 | # define BOOST_PRAGMA_MESSAGE(x) _Pragma(BOOST_STRINGIZE(message(x)))
      |                                  ^~~~~~~
/opt/apps/resif/aion/2020b/epyc/software/Boost/1.74.0-GCC-10.2.0/include/boost/config/pragma_message.hpp:24:34: note: in definition of macro ‘BOOST_PRAGMA_MESSAGE’
   24 | # define BOOST_PRAGMA_MESSAGE(x) _Pragma(BOOST_STRINGIZE(message(x)))
      |                                  ^~~~~~~
/opt/apps/resif/aion/2020b/epyc/software/Boost/1.74.0-GCC-10.2.0/include/boost/range/const_reverse_iterator.hpp:20:1: note: in expansion of macro ‘BOOST_HEADER_DEPRECATED’
   20 | BOOST_HEADER_DEPRECATED("<boost/range/reverse_iterator.hpp>")
      | ^~~~~~~~~~~~~~~~~~~~~~~
/opt/apps/resif/aion/2020b/epyc/software/Boost/1.74.0-GCC-10.2.0/include/boost/config/pragma_message.hpp:24:34: note: ‘#pragma message: This header is deprecated. Use <boost/range/reverse_iterator.hpp> instead.’
   24 | # define BOOST_PRAGMA_MESSAGE(x) _Pragma(BOOST_STRINGIZE(message(x)))
      |                                  ^~~~~~~
/opt/apps/resif/aion/2020b/epyc/software/Boost/1.74.0-GCC-10.2.0/include/boost/config/pragma_message.hpp:24:34: note: in definition of macro ‘BOOST_PRAGMA_MESSAGE’
   24 | # define BOOST_PRAGMA_MESSAGE(x) _Pragma(BOOST_STRINGIZE(message(x)))
      |                                  ^~~~~~~
/opt/apps/resif/aion/2020b/epyc/software/Boost/1.74.0-GCC-10.2.0/include/boost/range/reverse_result_iterator.hpp:20:1: note: in expansion of macro ‘BOOST_HEADER_DEPRECATED’
   20 | BOOST_HEADER_DEPRECATED("<boost/range/reverse_iterator.hpp>")
      | ^~~~~~~~~~~~~~~~~~~~~~~
In file included from /opt/apps/resif/aion/2020b/epyc/software/Boost/1.74.0-GCC-10.2.0/include/boost/config/header_deprecated.hpp:18,
                 from /opt/apps/resif/aion/2020b/epyc/software/Boost/1.74.0-GCC-10.2.0/include/boost/range/result_iterator.hpp:18,
                 from /opt/apps/resif/aion/2020b/epyc/software/Boost/1.74.0-GCC-10.2.0/include/boost/range/metafunctions.hpp:20,
                 from /opt/apps/resif/aion/2020b/epyc/software/Boost/1.74.0-GCC-10.2.0/include/boost/range.hpp:19,
                 from /home/users/mghavami/y2425-w02-compilation-on-hpc-AminGhavami/precice/precice-3.1.2/src/time/Storage.hpp:4,
                 from /home/users/mghavami/y2425-w02-compilation-on-hpc-AminGhavami/precice/precice-3.1.2/src/mesh/Data.hpp:11,
                 from /home/users/mghavami/y2425-w02-compilation-on-hpc-AminGhavami/precice/precice-3.1.2/src/mesh/Mesh.hpp:14,
                 from /home/users/mghavami/y2425-w02-compilation-on-hpc-AminGhavami/precice/precice-3.1.2/src/mapping/Mapping.hpp:6,
                 from /home/users/mghavami/y2425-w02-compilation-on-hpc-AminGhavami/precice/precice-3.1.2/src/mapping/Mapping.cpp:1:
/opt/apps/resif/aion/2020b/epyc/software/Boost/1.74.0-GCC-10.2.0/include/boost/config/pragma_message.hpp:24:34: note: ‘#pragma message: This header is deprecated. Use <boost/range/iterator.hpp> instead.’
   24 | # define BOOST_PRAGMA_MESSAGE(x) _Pragma(BOOST_STRINGIZE(message(x)))
      |                                  ^~~~~~~
/opt/apps/resif/aion/2020b/epyc/software/Boost/1.74.0-GCC-10.2.0/include/boost/config/pragma_message.hpp:24:34: note: in definition of macro ‘BOOST_PRAGMA_MESSAGE’
   24 | # define BOOST_PRAGMA_MESSAGE(x) _Pragma(BOOST_STRINGIZE(message(x)))
      |                                  ^~~~~~~
/opt/apps/resif/aion/2020b/epyc/software/Boost/1.74.0-GCC-10.2.0/include/boost/range/result_iterator.hpp:20:1: note: in expansion of macro ‘BOOST_HEADER_DEPRECATED’
   20 | BOOST_HEADER_DEPRECATED("<boost/range/iterator.hpp>")
      | ^~~~~~~~~~~~~~~~~~~~~~~
/opt/apps/resif/aion/2020b/epyc/software/Boost/1.74.0-GCC-10.2.0/include/boost/config/pragma_message.hpp:24:34: note: ‘#pragma message: This header is deprecated. Use <boost/range/reverse_iterator.hpp> instead.’
   24 | # define BOOST_PRAGMA_MESSAGE(x) _Pragma(BOOST_STRINGIZE(message(x)))
      |                                  ^~~~~~~
/opt/apps/resif/aion/2020b/epyc/software/Boost/1.74.0-GCC-10.2.0/include/boost/config/pragma_message.hpp:24:34: note: in definition of macro ‘BOOST_PRAGMA_MESSAGE’
   24 | # define BOOST_PRAGMA_MESSAGE(x) _Pragma(BOOST_STRINGIZE(message(x)))
      |                                  ^~~~~~~
/opt/apps/resif/aion/2020b/epyc/software/Boost/1.74.0-GCC-10.2.0/include/boost/range/const_reverse_iterator.hpp:20:1: note: in expansion of macro ‘BOOST_HEADER_DEPRECATED’
   20 | BOOST_HEADER_DEPRECATED("<boost/range/reverse_iterator.hpp>")
      | ^~~~~~~~~~~~~~~~~~~~~~~
/opt/apps/resif/aion/2020b/epyc/software/Boost/1.74.0-GCC-10.2.0/include/boost/config/pragma_message.hpp:24:34: note: ‘#pragma message: This header is deprecated. Use <boost/range/reverse_iterator.hpp> instead.’
   24 | # define BOOST_PRAGMA_MESSAGE(x) _Pragma(BOOST_STRINGIZE(message(x)))
      |                                  ^~~~~~~
/opt/apps/resif/aion/2020b/epyc/software/Boost/1.74.0-GCC-10.2.0/include/boost/config/pragma_message.hpp:24:34: note: in definition of macro ‘BOOST_PRAGMA_MESSAGE’
   24 | # define BOOST_PRAGMA_MESSAGE(x) _Pragma(BOOST_STRINGIZE(message(x)))
      |                                  ^~~~~~~
/opt/apps/resif/aion/2020b/epyc/software/Boost/1.74.0-GCC-10.2.0/include/boost/range/reverse_result_iterator.hpp:20:1: note: in expansion of macro ‘BOOST_HEADER_DEPRECATED’
   20 | BOOST_HEADER_DEPRECATED("<boost/range/reverse_iterator.hpp>")
      | ^~~~~~~~~~~~~~~~~~~~~~~
In file included from /opt/apps/resif/aion/2020b/epyc/software/Boost/1.74.0-GCC-10.2.0/include/boost/config/header_deprecated.hpp:18,
                 from /opt/apps/resif/aion/2020b/epyc/software/Boost/1.74.0-GCC-10.2.0/include/boost/range/result_iterator.hpp:18,
                 from /opt/apps/resif/aion/2020b/epyc/software/Boost/1.74.0-GCC-10.2.0/include/boost/range/metafunctions.hpp:20,
                 from /opt/apps/resif/aion/2020b/epyc/software/Boost/1.74.0-GCC-10.2.0/include/boost/range.hpp:19,
                 from /home/users/mghavami/y2425-w02-compilation-on-hpc-AminGhavami/precice/precice-3.1.2/src/time/Storage.hpp:4,
                 from /home/users/mghavami/y2425-w02-compilation-on-hpc-AminGhavami/precice/precice-3.1.2/src/mesh/Data.hpp:11,
                 from /home/users/mghavami/y2425-w02-compilation-on-hpc-AminGhavami/precice/precice-3.1.2/src/mesh/Mesh.hpp:14,
                 from /home/users/mghavami/y2425-w02-compilation-on-hpc-AminGhavami/precice/precice-3.1.2/src/mapping/Mapping.hpp:6,
                 from /home/users/mghavami/y2425-w02-compilation-on-hpc-AminGhavami/precice/precice-3.1.2/src/mapping/BarycentricBaseMapping.hpp:5,
                 from /home/users/mghavami/y2425-w02-compilation-on-hpc-AminGhavami/precice/precice-3.1.2/src/mapping/LinearCellInterpolationMapping.hpp:4,
                 from /home/users/mghavami/y2425-w02-compilation-on-hpc-AminGhavami/precice/precice-3.1.2/src/mapping/LinearCellInterpolationMapping.cpp:1:
/opt/apps/resif/aion/2020b/epyc/software/Boost/1.74.0-GCC-10.2.0/include/boost/config/pragma_message.hpp:24:34: note: ‘#pragma message: This header is deprecated. Use <boost/range/iterator.hpp> instead.’
   24 | # define BOOST_PRAGMA_MESSAGE(x) _Pragma(BOOST_STRINGIZE(message(x)))
      |                                  ^~~~~~~
/opt/apps/resif/aion/2020b/epyc/software/Boost/1.74.0-GCC-10.2.0/include/boost/config/pragma_message.hpp:24:34: note: in definition of macro ‘BOOST_PRAGMA_MESSAGE’
   24 | # define BOOST_PRAGMA_MESSAGE(x) _Pragma(BOOST_STRINGIZE(message(x)))
      |                                  ^~~~~~~
/opt/apps/resif/aion/2020b/epyc/software/Boost/1.74.0-GCC-10.2.0/include/boost/range/result_iterator.hpp:20:1: note: in expansion of macro ‘BOOST_HEADER_DEPRECATED’
   20 | BOOST_HEADER_DEPRECATED("<boost/range/iterator.hpp>")
      | ^~~~~~~~~~~~~~~~~~~~~~~
/opt/apps/resif/aion/2020b/epyc/software/Boost/1.74.0-GCC-10.2.0/include/boost/config/pragma_message.hpp:24:34: note: ‘#pragma message: This header is deprecated. Use <boost/range/reverse_iterator.hpp> instead.’
   24 | # define BOOST_PRAGMA_MESSAGE(x) _Pragma(BOOST_STRINGIZE(message(x)))
      |                                  ^~~~~~~
/opt/apps/resif/aion/2020b/epyc/software/Boost/1.74.0-GCC-10.2.0/include/boost/config/pragma_message.hpp:24:34: note: in definition of macro ‘BOOST_PRAGMA_MESSAGE’
   24 | # define BOOST_PRAGMA_MESSAGE(x) _Pragma(BOOST_STRINGIZE(message(x)))
      |                                  ^~~~~~~
/opt/apps/resif/aion/2020b/epyc/software/Boost/1.74.0-GCC-10.2.0/include/boost/range/const_reverse_iterator.hpp:20:1: note: in expansion of macro ‘BOOST_HEADER_DEPRECATED’
   20 | BOOST_HEADER_DEPRECATED("<boost/range/reverse_iterator.hpp>")
      | ^~~~~~~~~~~~~~~~~~~~~~~
/opt/apps/resif/aion/2020b/epyc/software/Boost/1.74.0-GCC-10.2.0/include/boost/config/pragma_message.hpp:24:34: note: ‘#pragma message: This header is deprecated. Use <boost/range/reverse_iterator.hpp> instead.’
   24 | # define BOOST_PRAGMA_MESSAGE(x) _Pragma(BOOST_STRINGIZE(message(x)))
      |                                  ^~~~~~~
/opt/apps/resif/aion/2020b/epyc/software/Boost/1.74.0-GCC-10.2.0/include/boost/config/pragma_message.hpp:24:34: note: in definition of macro ‘BOOST_PRAGMA_MESSAGE’
   24 | # define BOOST_PRAGMA_MESSAGE(x) _Pragma(BOOST_STRINGIZE(message(x)))
      |                                  ^~~~~~~
/opt/apps/resif/aion/2020b/epyc/software/Boost/1.74.0-GCC-10.2.0/include/boost/range/reverse_result_iterator.hpp:20:1: note: in expansion of macro ‘BOOST_HEADER_DEPRECATED’
   20 | BOOST_HEADER_DEPRECATED("<boost/range/reverse_iterator.hpp>")
      | ^~~~~~~~~~~~~~~~~~~~~~~
In file included from /opt/apps/resif/aion/2020b/epyc/software/Boost/1.74.0-GCC-10.2.0/include/boost/config/header_deprecated.hpp:18,
                 from /opt/apps/resif/aion/2020b/epyc/software/Boost/1.74.0-GCC-10.2.0/include/boost/range/result_iterator.hpp:18,
                 from /opt/apps/resif/aion/2020b/epyc/software/Boost/1.74.0-GCC-10.2.0/include/boost/range/metafunctions.hpp:20,
                 from /opt/apps/resif/aion/2020b/epyc/software/Boost/1.74.0-GCC-10.2.0/include/boost/range.hpp:19,
                 from /home/users/mghavami/y2425-w02-compilation-on-hpc-AminGhavami/precice/precice-3.1.2/src/time/Storage.hpp:4,
                 from /home/users/mghavami/y2425-w02-compilation-on-hpc-AminGhavami/precice/precice-3.1.2/src/mesh/Data.hpp:11,
                 from /home/users/mghavami/y2425-w02-compilation-on-hpc-AminGhavami/precice/precice-3.1.2/src/mesh/Mesh.hpp:14,
                 from /home/users/mghavami/y2425-w02-compilation-on-hpc-AminGhavami/precice/precice-3.1.2/src/mapping/Mapping.hpp:6,
                 from /home/users/mghavami/y2425-w02-compilation-on-hpc-AminGhavami/precice/precice-3.1.2/src/mapping/NearestNeighborBaseMapping.hpp:6,
                 from /home/users/mghavami/y2425-w02-compilation-on-hpc-AminGhavami/precice/precice-3.1.2/src/mapping/NearestNeighborGradientMapping.hpp:6,
                 from /home/users/mghavami/y2425-w02-compilation-on-hpc-AminGhavami/precice/precice-3.1.2/src/mapping/NearestNeighborGradientMapping.cpp:1:
/opt/apps/resif/aion/2020b/epyc/software/Boost/1.74.0-GCC-10.2.0/include/boost/config/pragma_message.hpp:24:34: note: ‘#pragma message: This header is deprecated. Use <boost/range/iterator.hpp> instead.’
   24 | # define BOOST_PRAGMA_MESSAGE(x) _Pragma(BOOST_STRINGIZE(message(x)))
      |                                  ^~~~~~~
/opt/apps/resif/aion/2020b/epyc/software/Boost/1.74.0-GCC-10.2.0/include/boost/config/pragma_message.hpp:24:34: note: in definition of macro ‘BOOST_PRAGMA_MESSAGE’
   24 | # define BOOST_PRAGMA_MESSAGE(x) _Pragma(BOOST_STRINGIZE(message(x)))
      |                                  ^~~~~~~
/opt/apps/resif/aion/2020b/epyc/software/Boost/1.74.0-GCC-10.2.0/include/boost/range/result_iterator.hpp:20:1: note: in expansion of macro ‘BOOST_HEADER_DEPRECATED’
   20 | BOOST_HEADER_DEPRECATED("<boost/range/iterator.hpp>")
      | ^~~~~~~~~~~~~~~~~~~~~~~
/opt/apps/resif/aion/2020b/epyc/software/Boost/1.74.0-GCC-10.2.0/include/boost/config/pragma_message.hpp:24:34: note: ‘#pragma message: This header is deprecated. Use <boost/range/reverse_iterator.hpp> instead.’
   24 | # define BOOST_PRAGMA_MESSAGE(x) _Pragma(BOOST_STRINGIZE(message(x)))
      |                                  ^~~~~~~
/opt/apps/resif/aion/2020b/epyc/software/Boost/1.74.0-GCC-10.2.0/include/boost/config/pragma_message.hpp:24:34: note: in definition of macro ‘BOOST_PRAGMA_MESSAGE’
   24 | # define BOOST_PRAGMA_MESSAGE(x) _Pragma(BOOST_STRINGIZE(message(x)))
      |                                  ^~~~~~~
/opt/apps/resif/aion/2020b/epyc/software/Boost/1.74.0-GCC-10.2.0/include/boost/range/const_reverse_iterator.hpp:20:1: note: in expansion of macro ‘BOOST_HEADER_DEPRECATED’
   20 | BOOST_HEADER_DEPRECATED("<boost/range/reverse_iterator.hpp>")
      | ^~~~~~~~~~~~~~~~~~~~~~~
/opt/apps/resif/aion/2020b/epyc/software/Boost/1.74.0-GCC-10.2.0/include/boost/config/pragma_message.hpp:24:34: note: ‘#pragma message: This header is deprecated. Use <boost/range/reverse_iterator.hpp> instead.’
   24 | # define BOOST_PRAGMA_MESSAGE(x) _Pragma(BOOST_STRINGIZE(message(x)))
      |                                  ^~~~~~~
/opt/apps/resif/aion/2020b/epyc/software/Boost/1.74.0-GCC-10.2.0/include/boost/config/pragma_message.hpp:24:34: note: in definition of macro ‘BOOST_PRAGMA_MESSAGE’
   24 | # define BOOST_PRAGMA_MESSAGE(x) _Pragma(BOOST_STRINGIZE(message(x)))
      |                                  ^~~~~~~
/opt/apps/resif/aion/2020b/epyc/software/Boost/1.74.0-GCC-10.2.0/include/boost/range/reverse_result_iterator.hpp:20:1: note: in expansion of macro ‘BOOST_HEADER_DEPRECATED’
   20 | BOOST_HEADER_DEPRECATED("<boost/range/reverse_iterator.hpp>")
      | ^~~~~~~~~~~~~~~~~~~~~~~
In file included from /opt/apps/resif/aion/2020b/epyc/software/Boost/1.74.0-GCC-10.2.0/include/boost/config/header_deprecated.hpp:18,
                 from /opt/apps/resif/aion/2020b/epyc/software/Boost/1.74.0-GCC-10.2.0/include/boost/range/result_iterator.hpp:18,
                 from /opt/apps/resif/aion/2020b/epyc/software/Boost/1.74.0-GCC-10.2.0/include/boost/range/metafunctions.hpp:20,
                 from /opt/apps/resif/aion/2020b/epyc/software/Boost/1.74.0-GCC-10.2.0/include/boost/range.hpp:19,
                 from /home/users/mghavami/y2425-w02-compilation-on-hpc-AminGhavami/precice/precice-3.1.2/src/time/Storage.hpp:4,
                 from /home/users/mghavami/y2425-w02-compilation-on-hpc-AminGhavami/precice/precice-3.1.2/src/mesh/Data.hpp:11,
                 from /home/users/mghavami/y2425-w02-compilation-on-hpc-AminGhavami/precice/precice-3.1.2/src/mesh/Mesh.hpp:14,
                 from /home/users/mghavami/y2425-w02-compilation-on-hpc-AminGhavami/precice/precice-3.1.2/src/mapping/Mapping.hpp:6,
                 from /home/users/mghavami/y2425-w02-compilation-on-hpc-AminGhavami/precice/precice-3.1.2/src/mapping/NearestNeighborBaseMapping.hpp:6,
                 from /home/users/mghavami/y2425-w02-compilation-on-hpc-AminGhavami/precice/precice-3.1.2/src/mapping/NearestNeighborMapping.hpp:6,
                 from /home/users/mghavami/y2425-w02-compilation-on-hpc-AminGhavami/precice/precice-3.1.2/src/mapping/NearestNeighborMapping.cpp:1:
/opt/apps/resif/aion/2020b/epyc/software/Boost/1.74.0-GCC-10.2.0/include/boost/config/pragma_message.hpp:24:34: note: ‘#pragma message: This header is deprecated. Use <boost/range/iterator.hpp> instead.’
   24 | # define BOOST_PRAGMA_MESSAGE(x) _Pragma(BOOST_STRINGIZE(message(x)))
      |                                  ^~~~~~~
/opt/apps/resif/aion/2020b/epyc/software/Boost/1.74.0-GCC-10.2.0/include/boost/config/pragma_message.hpp:24:34: note: in definition of macro ‘BOOST_PRAGMA_MESSAGE’
   24 | # define BOOST_PRAGMA_MESSAGE(x) _Pragma(BOOST_STRINGIZE(message(x)))
      |                                  ^~~~~~~
/opt/apps/resif/aion/2020b/epyc/software/Boost/1.74.0-GCC-10.2.0/include/boost/range/result_iterator.hpp:20:1: note: in expansion of macro ‘BOOST_HEADER_DEPRECATED’
   20 | BOOST_HEADER_DEPRECATED("<boost/range/iterator.hpp>")
      | ^~~~~~~~~~~~~~~~~~~~~~~
/opt/apps/resif/aion/2020b/epyc/software/Boost/1.74.0-GCC-10.2.0/include/boost/config/pragma_message.hpp:24:34: note: ‘#pragma message: This header is deprecated. Use <boost/range/reverse_iterator.hpp> instead.’
   24 | # define BOOST_PRAGMA_MESSAGE(x) _Pragma(BOOST_STRINGIZE(message(x)))
      |                                  ^~~~~~~
/opt/apps/resif/aion/2020b/epyc/software/Boost/1.74.0-GCC-10.2.0/include/boost/config/pragma_message.hpp:24:34: note: in definition of macro ‘BOOST_PRAGMA_MESSAGE’
   24 | # define BOOST_PRAGMA_MESSAGE(x) _Pragma(BOOST_STRINGIZE(message(x)))
      |                                  ^~~~~~~
/opt/apps/resif/aion/2020b/epyc/software/Boost/1.74.0-GCC-10.2.0/include/boost/range/const_reverse_iterator.hpp:20:1: note: in expansion of macro ‘BOOST_HEADER_DEPRECATED’
   20 | BOOST_HEADER_DEPRECATED("<boost/range/reverse_iterator.hpp>")
      | ^~~~~~~~~~~~~~~~~~~~~~~
/opt/apps/resif/aion/2020b/epyc/software/Boost/1.74.0-GCC-10.2.0/include/boost/config/pragma_message.hpp:24:34: note: ‘#pragma message: This header is deprecated. Use <boost/range/reverse_iterator.hpp> instead.’
   24 | # define BOOST_PRAGMA_MESSAGE(x) _Pragma(BOOST_STRINGIZE(message(x)))
      |                                  ^~~~~~~
/opt/apps/resif/aion/2020b/epyc/software/Boost/1.74.0-GCC-10.2.0/include/boost/config/pragma_message.hpp:24:34: note: in definition of macro ‘BOOST_PRAGMA_MESSAGE’
   24 | # define BOOST_PRAGMA_MESSAGE(x) _Pragma(BOOST_STRINGIZE(message(x)))
      |                                  ^~~~~~~
/opt/apps/resif/aion/2020b/epyc/software/Boost/1.74.0-GCC-10.2.0/include/boost/range/reverse_result_iterator.hpp:20:1: note: in expansion of macro ‘BOOST_HEADER_DEPRECATED’
   20 | BOOST_HEADER_DEPRECATED("<boost/range/reverse_iterator.hpp>")
      | ^~~~~~~~~~~~~~~~~~~~~~~
[ 16%] Building CXX object CMakeFiles/preciceCore.dir/src/mesh/BoundingBox.cpp.o
In file included from /opt/apps/resif/aion/2020b/epyc/software/Boost/1.74.0-GCC-10.2.0/include/boost/config/header_deprecated.hpp:18,
                 from /opt/apps/resif/aion/2020b/epyc/software/Boost/1.74.0-GCC-10.2.0/include/boost/range/result_iterator.hpp:18,
                 from /opt/apps/resif/aion/2020b/epyc/software/Boost/1.74.0-GCC-10.2.0/include/boost/range/metafunctions.hpp:20,
                 from /opt/apps/resif/aion/2020b/epyc/software/Boost/1.74.0-GCC-10.2.0/include/boost/range.hpp:19,
                 from /home/users/mghavami/y2425-w02-compilation-on-hpc-AminGhavami/precice/precice-3.1.2/src/time/Storage.hpp:4,
                 from /home/users/mghavami/y2425-w02-compilation-on-hpc-AminGhavami/precice/precice-3.1.2/src/mesh/Data.hpp:11,
                 from /home/users/mghavami/y2425-w02-compilation-on-hpc-AminGhavami/precice/precice-3.1.2/src/mesh/Mesh.hpp:14,
                 from /home/users/mghavami/y2425-w02-compilation-on-hpc-AminGhavami/precice/precice-3.1.2/src/mapping/Mapping.hpp:6,
                 from /home/users/mghavami/y2425-w02-compilation-on-hpc-AminGhavami/precice/precice-3.1.2/src/mapping/RadialGeoMultiscaleMapping.hpp:5,
                 from /home/users/mghavami/y2425-w02-compilation-on-hpc-AminGhavami/precice/precice-3.1.2/src/mapping/RadialGeoMultiscaleMapping.cpp:1:
/opt/apps/resif/aion/2020b/epyc/software/Boost/1.74.0-GCC-10.2.0/include/boost/config/pragma_message.hpp:24:34: note: ‘#pragma message: This header is deprecated. Use <boost/range/iterator.hpp> instead.’
   24 | # define BOOST_PRAGMA_MESSAGE(x) _Pragma(BOOST_STRINGIZE(message(x)))
      |                                  ^~~~~~~
/opt/apps/resif/aion/2020b/epyc/software/Boost/1.74.0-GCC-10.2.0/include/boost/config/pragma_message.hpp:24:34: note: in definition of macro ‘BOOST_PRAGMA_MESSAGE’
   24 | # define BOOST_PRAGMA_MESSAGE(x) _Pragma(BOOST_STRINGIZE(message(x)))
      |                                  ^~~~~~~
/opt/apps/resif/aion/2020b/epyc/software/Boost/1.74.0-GCC-10.2.0/include/boost/range/result_iterator.hpp:20:1: note: in expansion of macro ‘BOOST_HEADER_DEPRECATED’
   20 | BOOST_HEADER_DEPRECATED("<boost/range/iterator.hpp>")
      | ^~~~~~~~~~~~~~~~~~~~~~~
/opt/apps/resif/aion/2020b/epyc/software/Boost/1.74.0-GCC-10.2.0/include/boost/config/pragma_message.hpp:24:34: note: ‘#pragma message: This header is deprecated. Use <boost/range/reverse_iterator.hpp> instead.’
   24 | # define BOOST_PRAGMA_MESSAGE(x) _Pragma(BOOST_STRINGIZE(message(x)))
      |                                  ^~~~~~~
/opt/apps/resif/aion/2020b/epyc/software/Boost/1.74.0-GCC-10.2.0/include/boost/config/pragma_message.hpp:24:34: note: in definition of macro ‘BOOST_PRAGMA_MESSAGE’
   24 | # define BOOST_PRAGMA_MESSAGE(x) _Pragma(BOOST_STRINGIZE(message(x)))
      |                                  ^~~~~~~
/opt/apps/resif/aion/2020b/epyc/software/Boost/1.74.0-GCC-10.2.0/include/boost/range/const_reverse_iterator.hpp:20:1: note: in expansion of macro ‘BOOST_HEADER_DEPRECATED’
   20 | BOOST_HEADER_DEPRECATED("<boost/range/reverse_iterator.hpp>")
      | ^~~~~~~~~~~~~~~~~~~~~~~
/opt/apps/resif/aion/2020b/epyc/software/Boost/1.74.0-GCC-10.2.0/include/boost/config/pragma_message.hpp:24:34: note: ‘#pragma message: This header is deprecated. Use <boost/range/reverse_iterator.hpp> instead.’
   24 | # define BOOST_PRAGMA_MESSAGE(x) _Pragma(BOOST_STRINGIZE(message(x)))
      |                                  ^~~~~~~
/opt/apps/resif/aion/2020b/epyc/software/Boost/1.74.0-GCC-10.2.0/include/boost/config/pragma_message.hpp:24:34: note: in definition of macro ‘BOOST_PRAGMA_MESSAGE’
   24 | # define BOOST_PRAGMA_MESSAGE(x) _Pragma(BOOST_STRINGIZE(message(x)))
      |                                  ^~~~~~~
/opt/apps/resif/aion/2020b/epyc/software/Boost/1.74.0-GCC-10.2.0/include/boost/range/reverse_result_iterator.hpp:20:1: note: in expansion of macro ‘BOOST_HEADER_DEPRECATED’
   20 | BOOST_HEADER_DEPRECATED("<boost/range/reverse_iterator.hpp>")
      | ^~~~~~~~~~~~~~~~~~~~~~~
In file included from /opt/apps/resif/aion/2020b/epyc/software/Boost/1.74.0-GCC-10.2.0/include/boost/config/header_deprecated.hpp:18,
                 from /opt/apps/resif/aion/2020b/epyc/software/Boost/1.74.0-GCC-10.2.0/include/boost/range/result_iterator.hpp:18,
                 from /opt/apps/resif/aion/2020b/epyc/software/Boost/1.74.0-GCC-10.2.0/include/boost/range/metafunctions.hpp:20,
                 from /opt/apps/resif/aion/2020b/epyc/software/Boost/1.74.0-GCC-10.2.0/include/boost/range.hpp:19,
                 from /home/users/mghavami/y2425-w02-compilation-on-hpc-AminGhavami/precice/precice-3.1.2/src/time/Storage.hpp:4,
                 from /home/users/mghavami/y2425-w02-compilation-on-hpc-AminGhavami/precice/precice-3.1.2/src/mesh/Data.hpp:11,
                 from /home/users/mghavami/y2425-w02-compilation-on-hpc-AminGhavami/precice/precice-3.1.2/src/mesh/Mesh.hpp:14,
                 from /home/users/mghavami/y2425-w02-compilation-on-hpc-AminGhavami/precice/precice-3.1.2/src/mapping/Mapping.hpp:6,
                 from /home/users/mghavami/y2425-w02-compilation-on-hpc-AminGhavami/precice/precice-3.1.2/src/mapping/NearestNeighborBaseMapping.hpp:6,
                 from /home/users/mghavami/y2425-w02-compilation-on-hpc-AminGhavami/precice/precice-3.1.2/src/mapping/NearestNeighborBaseMapping.cpp:1:
/opt/apps/resif/aion/2020b/epyc/software/Boost/1.74.0-GCC-10.2.0/include/boost/config/pragma_message.hpp:24:34: note: ‘#pragma message: This header is deprecated. Use <boost/range/iterator.hpp> instead.’
   24 | # define BOOST_PRAGMA_MESSAGE(x) _Pragma(BOOST_STRINGIZE(message(x)))
      |                                  ^~~~~~~
/opt/apps/resif/aion/2020b/epyc/software/Boost/1.74.0-GCC-10.2.0/include/boost/config/pragma_message.hpp:24:34: note: in definition of macro ‘BOOST_PRAGMA_MESSAGE’
   24 | # define BOOST_PRAGMA_MESSAGE(x) _Pragma(BOOST_STRINGIZE(message(x)))
      |                                  ^~~~~~~
/opt/apps/resif/aion/2020b/epyc/software/Boost/1.74.0-GCC-10.2.0/include/boost/range/result_iterator.hpp:20:1: note: in expansion of macro ‘BOOST_HEADER_DEPRECATED’
   20 | BOOST_HEADER_DEPRECATED("<boost/range/iterator.hpp>")
      | ^~~~~~~~~~~~~~~~~~~~~~~
/opt/apps/resif/aion/2020b/epyc/software/Boost/1.74.0-GCC-10.2.0/include/boost/config/pragma_message.hpp:24:34: note: ‘#pragma message: This header is deprecated. Use <boost/range/reverse_iterator.hpp> instead.’
   24 | # define BOOST_PRAGMA_MESSAGE(x) _Pragma(BOOST_STRINGIZE(message(x)))
      |                                  ^~~~~~~
/opt/apps/resif/aion/2020b/epyc/software/Boost/1.74.0-GCC-10.2.0/include/boost/config/pragma_message.hpp:24:34: note: in definition of macro ‘BOOST_PRAGMA_MESSAGE’
   24 | # define BOOST_PRAGMA_MESSAGE(x) _Pragma(BOOST_STRINGIZE(message(x)))
      |                                  ^~~~~~~
/opt/apps/resif/aion/2020b/epyc/software/Boost/1.74.0-GCC-10.2.0/include/boost/range/const_reverse_iterator.hpp:20:1: note: in expansion of macro ‘BOOST_HEADER_DEPRECATED’
   20 | BOOST_HEADER_DEPRECATED("<boost/range/reverse_iterator.hpp>")
      | ^~~~~~~~~~~~~~~~~~~~~~~
/opt/apps/resif/aion/2020b/epyc/software/Boost/1.74.0-GCC-10.2.0/include/boost/config/pragma_message.hpp:24:34: note: ‘#pragma message: This header is deprecated. Use <boost/range/reverse_iterator.hpp> instead.’
   24 | # define BOOST_PRAGMA_MESSAGE(x) _Pragma(BOOST_STRINGIZE(message(x)))
      |                                  ^~~~~~~
/opt/apps/resif/aion/2020b/epyc/software/Boost/1.74.0-GCC-10.2.0/include/boost/config/pragma_message.hpp:24:34: note: in definition of macro ‘BOOST_PRAGMA_MESSAGE’
   24 | # define BOOST_PRAGMA_MESSAGE(x) _Pragma(BOOST_STRINGIZE(message(x)))
      |                                  ^~~~~~~
/opt/apps/resif/aion/2020b/epyc/software/Boost/1.74.0-GCC-10.2.0/include/boost/range/reverse_result_iterator.hpp:20:1: note: in expansion of macro ‘BOOST_HEADER_DEPRECATED’
   20 | BOOST_HEADER_DEPRECATED("<boost/range/reverse_iterator.hpp>")
      | ^~~~~~~~~~~~~~~~~~~~~~~
[ 17%] Building CXX object CMakeFiles/preciceCore.dir/src/mesh/Data.cpp.o
In file included from /opt/apps/resif/aion/2020b/epyc/software/Boost/1.74.0-GCC-10.2.0/include/boost/config/header_deprecated.hpp:18,
                 from /opt/apps/resif/aion/2020b/epyc/software/Boost/1.74.0-GCC-10.2.0/include/boost/range/result_iterator.hpp:18,
                 from /opt/apps/resif/aion/2020b/epyc/software/Boost/1.74.0-GCC-10.2.0/include/boost/range/metafunctions.hpp:20,
                 from /opt/apps/resif/aion/2020b/epyc/software/Boost/1.74.0-GCC-10.2.0/include/boost/range.hpp:19,
                 from /home/users/mghavami/y2425-w02-compilation-on-hpc-AminGhavami/precice/precice-3.1.2/src/time/Storage.hpp:4,
                 from /home/users/mghavami/y2425-w02-compilation-on-hpc-AminGhavami/precice/precice-3.1.2/src/mesh/Data.hpp:11,
                 from /home/users/mghavami/y2425-w02-compilation-on-hpc-AminGhavami/precice/precice-3.1.2/src/mesh/Mesh.hpp:14,
                 from /home/users/mghavami/y2425-w02-compilation-on-hpc-AminGhavami/precice/precice-3.1.2/src/mapping/Mapping.hpp:6,
                 from /home/users/mghavami/y2425-w02-compilation-on-hpc-AminGhavami/precice/precice-3.1.2/src/mapping/BarycentricBaseMapping.hpp:5,
                 from /home/users/mghavami/y2425-w02-compilation-on-hpc-AminGhavami/precice/precice-3.1.2/src/mapping/NearestProjectionMapping.hpp:4,
                 from /home/users/mghavami/y2425-w02-compilation-on-hpc-AminGhavami/precice/precice-3.1.2/src/mapping/NearestProjectionMapping.cpp:1:
/opt/apps/resif/aion/2020b/epyc/software/Boost/1.74.0-GCC-10.2.0/include/boost/config/pragma_message.hpp:24:34: note: ‘#pragma message: This header is deprecated. Use <boost/range/iterator.hpp> instead.’
   24 | # define BOOST_PRAGMA_MESSAGE(x) _Pragma(BOOST_STRINGIZE(message(x)))
      |                                  ^~~~~~~
/opt/apps/resif/aion/2020b/epyc/software/Boost/1.74.0-GCC-10.2.0/include/boost/config/pragma_message.hpp:24:34: note: in definition of macro ‘BOOST_PRAGMA_MESSAGE’
   24 | # define BOOST_PRAGMA_MESSAGE(x) _Pragma(BOOST_STRINGIZE(message(x)))
      |                                  ^~~~~~~
/opt/apps/resif/aion/2020b/epyc/software/Boost/1.74.0-GCC-10.2.0/include/boost/range/result_iterator.hpp:20:1: note: in expansion of macro ‘BOOST_HEADER_DEPRECATED’
   20 | BOOST_HEADER_DEPRECATED("<boost/range/iterator.hpp>")
      | ^~~~~~~~~~~~~~~~~~~~~~~
/opt/apps/resif/aion/2020b/epyc/software/Boost/1.74.0-GCC-10.2.0/include/boost/config/pragma_message.hpp:24:34: note: ‘#pragma message: This header is deprecated. Use <boost/range/reverse_iterator.hpp> instead.’
   24 | # define BOOST_PRAGMA_MESSAGE(x) _Pragma(BOOST_STRINGIZE(message(x)))
      |                                  ^~~~~~~
/opt/apps/resif/aion/2020b/epyc/software/Boost/1.74.0-GCC-10.2.0/include/boost/config/pragma_message.hpp:24:34: note: in definition of macro ‘BOOST_PRAGMA_MESSAGE’
   24 | # define BOOST_PRAGMA_MESSAGE(x) _Pragma(BOOST_STRINGIZE(message(x)))
      |                                  ^~~~~~~
/opt/apps/resif/aion/2020b/epyc/software/Boost/1.74.0-GCC-10.2.0/include/boost/range/const_reverse_iterator.hpp:20:1: note: in expansion of macro ‘BOOST_HEADER_DEPRECATED’
   20 | BOOST_HEADER_DEPRECATED("<boost/range/reverse_iterator.hpp>")
      | ^~~~~~~~~~~~~~~~~~~~~~~
/opt/apps/resif/aion/2020b/epyc/software/Boost/1.74.0-GCC-10.2.0/include/boost/config/pragma_message.hpp:24:34: note: ‘#pragma message: This header is deprecated. Use <boost/range/reverse_iterator.hpp> instead.’
   24 | # define BOOST_PRAGMA_MESSAGE(x) _Pragma(BOOST_STRINGIZE(message(x)))
      |                                  ^~~~~~~
/opt/apps/resif/aion/2020b/epyc/software/Boost/1.74.0-GCC-10.2.0/include/boost/config/pragma_message.hpp:24:34: note: in definition of macro ‘BOOST_PRAGMA_MESSAGE’
   24 | # define BOOST_PRAGMA_MESSAGE(x) _Pragma(BOOST_STRINGIZE(message(x)))
      |                                  ^~~~~~~
/opt/apps/resif/aion/2020b/epyc/software/Boost/1.74.0-GCC-10.2.0/include/boost/range/reverse_result_iterator.hpp:20:1: note: in expansion of macro ‘BOOST_HEADER_DEPRECATED’
   20 | BOOST_HEADER_DEPRECATED("<boost/range/reverse_iterator.hpp>")
      | ^~~~~~~~~~~~~~~~~~~~~~~
[ 17%] Building CXX object CMakeFiles/preciceCore.dir/src/mesh/Edge.cpp.o
[ 17%] Building CXX object CMakeFiles/preciceCore.dir/src/mesh/Mesh.cpp.o
[ 17%] Building CXX object CMakeFiles/preciceCore.dir/src/mesh/Tetrahedron.cpp.o
[ 17%] Building CXX object CMakeFiles/preciceCore.dir/src/mesh/Triangle.cpp.o
[ 18%] Building CXX object CMakeFiles/preciceCore.dir/src/mesh/Utils.cpp.o
[ 18%] Building CXX object CMakeFiles/preciceCore.dir/src/mesh/Vertex.cpp.o
[ 18%] Building CXX object CMakeFiles/preciceCore.dir/src/mesh/config/DataConfiguration.cpp.o
[ 18%] Building CXX object CMakeFiles/preciceCore.dir/src/mesh/config/MeshConfiguration.cpp.o
In file included from /opt/apps/resif/aion/2020b/epyc/software/Boost/1.74.0-GCC-10.2.0/include/boost/config/header_deprecated.hpp:18,
                 from /opt/apps/resif/aion/2020b/epyc/software/Boost/1.74.0-GCC-10.2.0/include/boost/range/result_iterator.hpp:18,
                 from /opt/apps/resif/aion/2020b/epyc/software/Boost/1.74.0-GCC-10.2.0/include/boost/range/metafunctions.hpp:20,
                 from /opt/apps/resif/aion/2020b/epyc/software/Boost/1.74.0-GCC-10.2.0/include/boost/range.hpp:19,
                 from /home/users/mghavami/y2425-w02-compilation-on-hpc-AminGhavami/precice/precice-3.1.2/src/time/Storage.hpp:4,
                 from /home/users/mghavami/y2425-w02-compilation-on-hpc-AminGhavami/precice/precice-3.1.2/src/mesh/Data.hpp:11,
                 from /home/users/mghavami/y2425-w02-compilation-on-hpc-AminGhavami/precice/precice-3.1.2/src/mesh/Mesh.hpp:14,
                 from /home/users/mghavami/y2425-w02-compilation-on-hpc-AminGhavami/precice/precice-3.1.2/src/mapping/Mapping.hpp:6,
                 from /home/users/mghavami/y2425-w02-compilation-on-hpc-AminGhavami/precice/precice-3.1.2/src/mapping/config/MappingConfiguration.hpp:6,
                 from /home/users/mghavami/y2425-w02-compilation-on-hpc-AminGhavami/precice/precice-3.1.2/src/mapping/config/MappingConfiguration.cpp:1:
/opt/apps/resif/aion/2020b/epyc/software/Boost/1.74.0-GCC-10.2.0/include/boost/config/pragma_message.hpp:24:34: note: ‘#pragma message: This header is deprecated. Use <boost/range/iterator.hpp> instead.’
   24 | # define BOOST_PRAGMA_MESSAGE(x) _Pragma(BOOST_STRINGIZE(message(x)))
      |                                  ^~~~~~~
/opt/apps/resif/aion/2020b/epyc/software/Boost/1.74.0-GCC-10.2.0/include/boost/config/pragma_message.hpp:24:34: note: in definition of macro ‘BOOST_PRAGMA_MESSAGE’
   24 | # define BOOST_PRAGMA_MESSAGE(x) _Pragma(BOOST_STRINGIZE(message(x)))
      |                                  ^~~~~~~
/opt/apps/resif/aion/2020b/epyc/software/Boost/1.74.0-GCC-10.2.0/include/boost/range/result_iterator.hpp:20:1: note: in expansion of macro ‘BOOST_HEADER_DEPRECATED’
   20 | BOOST_HEADER_DEPRECATED("<boost/range/iterator.hpp>")
      | ^~~~~~~~~~~~~~~~~~~~~~~
/opt/apps/resif/aion/2020b/epyc/software/Boost/1.74.0-GCC-10.2.0/include/boost/config/pragma_message.hpp:24:34: note: ‘#pragma message: This header is deprecated. Use <boost/range/reverse_iterator.hpp> instead.’
   24 | # define BOOST_PRAGMA_MESSAGE(x) _Pragma(BOOST_STRINGIZE(message(x)))
      |                                  ^~~~~~~
/opt/apps/resif/aion/2020b/epyc/software/Boost/1.74.0-GCC-10.2.0/include/boost/config/pragma_message.hpp:24:34: note: in definition of macro ‘BOOST_PRAGMA_MESSAGE’
   24 | # define BOOST_PRAGMA_MESSAGE(x) _Pragma(BOOST_STRINGIZE(message(x)))
      |                                  ^~~~~~~
/opt/apps/resif/aion/2020b/epyc/software/Boost/1.74.0-GCC-10.2.0/include/boost/range/const_reverse_iterator.hpp:20:1: note: in expansion of macro ‘BOOST_HEADER_DEPRECATED’
   20 | BOOST_HEADER_DEPRECATED("<boost/range/reverse_iterator.hpp>")
      | ^~~~~~~~~~~~~~~~~~~~~~~
/opt/apps/resif/aion/2020b/epyc/software/Boost/1.74.0-GCC-10.2.0/include/boost/config/pragma_message.hpp:24:34: note: ‘#pragma message: This header is deprecated. Use <boost/range/reverse_iterator.hpp> instead.’
   24 | # define BOOST_PRAGMA_MESSAGE(x) _Pragma(BOOST_STRINGIZE(message(x)))
      |                                  ^~~~~~~
/opt/apps/resif/aion/2020b/epyc/software/Boost/1.74.0-GCC-10.2.0/include/boost/config/pragma_message.hpp:24:34: note: in definition of macro ‘BOOST_PRAGMA_MESSAGE’
   24 | # define BOOST_PRAGMA_MESSAGE(x) _Pragma(BOOST_STRINGIZE(message(x)))
      |                                  ^~~~~~~
/opt/apps/resif/aion/2020b/epyc/software/Boost/1.74.0-GCC-10.2.0/include/boost/range/reverse_result_iterator.hpp:20:1: note: in expansion of macro ‘BOOST_HEADER_DEPRECATED’
   20 | BOOST_HEADER_DEPRECATED("<boost/range/reverse_iterator.hpp>")
      | ^~~~~~~~~~~~~~~~~~~~~~~
[ 18%] Building CXX object CMakeFiles/preciceCore.dir/src/partition/Partition.cpp.o
[ 19%] Building CXX object CMakeFiles/preciceCore.dir/src/partition/ProvidedPartition.cpp.o
In file included from /opt/apps/resif/aion/2020b/epyc/software/Boost/1.74.0-GCC-10.2.0/include/boost/config/header_deprecated.hpp:18,
                 from /opt/apps/resif/aion/2020b/epyc/software/Boost/1.74.0-GCC-10.2.0/include/boost/range/result_iterator.hpp:18,
                 from /opt/apps/resif/aion/2020b/epyc/software/Boost/1.74.0-GCC-10.2.0/include/boost/range/metafunctions.hpp:20,
                 from /opt/apps/resif/aion/2020b/epyc/software/Boost/1.74.0-GCC-10.2.0/include/boost/range.hpp:19,
                 from /home/users/mghavami/y2425-w02-compilation-on-hpc-AminGhavami/precice/precice-3.1.2/src/time/Storage.hpp:4,
                 from /home/users/mghavami/y2425-w02-compilation-on-hpc-AminGhavami/precice/precice-3.1.2/src/mesh/Data.hpp:11,
                 from /home/users/mghavami/y2425-w02-compilation-on-hpc-AminGhavami/precice/precice-3.1.2/src/mesh/Data.cpp:1:
/opt/apps/resif/aion/2020b/epyc/software/Boost/1.74.0-GCC-10.2.0/include/boost/config/pragma_message.hpp:24:34: note: ‘#pragma message: This header is deprecated. Use <boost/range/iterator.hpp> instead.’
   24 | # define BOOST_PRAGMA_MESSAGE(x) _Pragma(BOOST_STRINGIZE(message(x)))
      |                                  ^~~~~~~
/opt/apps/resif/aion/2020b/epyc/software/Boost/1.74.0-GCC-10.2.0/include/boost/config/pragma_message.hpp:24:34: note: in definition of macro ‘BOOST_PRAGMA_MESSAGE’
   24 | # define BOOST_PRAGMA_MESSAGE(x) _Pragma(BOOST_STRINGIZE(message(x)))
      |                                  ^~~~~~~
/opt/apps/resif/aion/2020b/epyc/software/Boost/1.74.0-GCC-10.2.0/include/boost/range/result_iterator.hpp:20:1: note: in expansion of macro ‘BOOST_HEADER_DEPRECATED’
   20 | BOOST_HEADER_DEPRECATED("<boost/range/iterator.hpp>")
      | ^~~~~~~~~~~~~~~~~~~~~~~
/opt/apps/resif/aion/2020b/epyc/software/Boost/1.74.0-GCC-10.2.0/include/boost/config/pragma_message.hpp:24:34: note: ‘#pragma message: This header is deprecated. Use <boost/range/reverse_iterator.hpp> instead.’
   24 | # define BOOST_PRAGMA_MESSAGE(x) _Pragma(BOOST_STRINGIZE(message(x)))
      |                                  ^~~~~~~
/opt/apps/resif/aion/2020b/epyc/software/Boost/1.74.0-GCC-10.2.0/include/boost/config/pragma_message.hpp:24:34: note: in definition of macro ‘BOOST_PRAGMA_MESSAGE’
   24 | # define BOOST_PRAGMA_MESSAGE(x) _Pragma(BOOST_STRINGIZE(message(x)))
      |                                  ^~~~~~~
/opt/apps/resif/aion/2020b/epyc/software/Boost/1.74.0-GCC-10.2.0/include/boost/range/const_reverse_iterator.hpp:20:1: note: in expansion of macro ‘BOOST_HEADER_DEPRECATED’
   20 | BOOST_HEADER_DEPRECATED("<boost/range/reverse_iterator.hpp>")
      | ^~~~~~~~~~~~~~~~~~~~~~~
/opt/apps/resif/aion/2020b/epyc/software/Boost/1.74.0-GCC-10.2.0/include/boost/config/pragma_message.hpp:24:34: note: ‘#pragma message: This header is deprecated. Use <boost/range/reverse_iterator.hpp> instead.’
   24 | # define BOOST_PRAGMA_MESSAGE(x) _Pragma(BOOST_STRINGIZE(message(x)))
      |                                  ^~~~~~~
/opt/apps/resif/aion/2020b/epyc/software/Boost/1.74.0-GCC-10.2.0/include/boost/config/pragma_message.hpp:24:34: note: in definition of macro ‘BOOST_PRAGMA_MESSAGE’
   24 | # define BOOST_PRAGMA_MESSAGE(x) _Pragma(BOOST_STRINGIZE(message(x)))
      |                                  ^~~~~~~
/opt/apps/resif/aion/2020b/epyc/software/Boost/1.74.0-GCC-10.2.0/include/boost/range/reverse_result_iterator.hpp:20:1: note: in expansion of macro ‘BOOST_HEADER_DEPRECATED’
   20 | BOOST_HEADER_DEPRECATED("<boost/range/reverse_iterator.hpp>")
      | ^~~~~~~~~~~~~~~~~~~~~~~
[ 19%] Building CXX object CMakeFiles/preciceCore.dir/src/partition/ReceivedPartition.cpp.o
In file included from /opt/apps/resif/aion/2020b/epyc/software/Boost/1.74.0-GCC-10.2.0/include/boost/config/header_deprecated.hpp:18,
                 from /opt/apps/resif/aion/2020b/epyc/software/Boost/1.74.0-GCC-10.2.0/include/boost/range/result_iterator.hpp:18,
                 from /opt/apps/resif/aion/2020b/epyc/software/Boost/1.74.0-GCC-10.2.0/include/boost/range/metafunctions.hpp:20,
                 from /opt/apps/resif/aion/2020b/epyc/software/Boost/1.74.0-GCC-10.2.0/include/boost/range.hpp:19,
                 from /home/users/mghavami/y2425-w02-compilation-on-hpc-AminGhavami/precice/precice-3.1.2/src/time/Storage.hpp:4,
                 from /home/users/mghavami/y2425-w02-compilation-on-hpc-AminGhavami/precice/precice-3.1.2/src/mesh/Data.hpp:11,
                 from /home/users/mghavami/y2425-w02-compilation-on-hpc-AminGhavami/precice/precice-3.1.2/src/mesh/Mesh.hpp:14,
                 from /home/users/mghavami/y2425-w02-compilation-on-hpc-AminGhavami/precice/precice-3.1.2/src/mesh/Mesh.cpp:14:
/opt/apps/resif/aion/2020b/epyc/software/Boost/1.74.0-GCC-10.2.0/include/boost/config/pragma_message.hpp:24:34: note: ‘#pragma message: This header is deprecated. Use <boost/range/iterator.hpp> instead.’
   24 | # define BOOST_PRAGMA_MESSAGE(x) _Pragma(BOOST_STRINGIZE(message(x)))
      |                                  ^~~~~~~
/opt/apps/resif/aion/2020b/epyc/software/Boost/1.74.0-GCC-10.2.0/include/boost/config/pragma_message.hpp:24:34: note: in definition of macro ‘BOOST_PRAGMA_MESSAGE’
   24 | # define BOOST_PRAGMA_MESSAGE(x) _Pragma(BOOST_STRINGIZE(message(x)))
      |                                  ^~~~~~~
/opt/apps/resif/aion/2020b/epyc/software/Boost/1.74.0-GCC-10.2.0/include/boost/range/result_iterator.hpp:20:1: note: in expansion of macro ‘BOOST_HEADER_DEPRECATED’
   20 | BOOST_HEADER_DEPRECATED("<boost/range/iterator.hpp>")
      | ^~~~~~~~~~~~~~~~~~~~~~~
/opt/apps/resif/aion/2020b/epyc/software/Boost/1.74.0-GCC-10.2.0/include/boost/config/pragma_message.hpp:24:34: note: ‘#pragma message: This header is deprecated. Use <boost/range/reverse_iterator.hpp> instead.’
   24 | # define BOOST_PRAGMA_MESSAGE(x) _Pragma(BOOST_STRINGIZE(message(x)))
      |                                  ^~~~~~~
/opt/apps/resif/aion/2020b/epyc/software/Boost/1.74.0-GCC-10.2.0/include/boost/config/pragma_message.hpp:24:34: note: in definition of macro ‘BOOST_PRAGMA_MESSAGE’
   24 | # define BOOST_PRAGMA_MESSAGE(x) _Pragma(BOOST_STRINGIZE(message(x)))
      |                                  ^~~~~~~
/opt/apps/resif/aion/2020b/epyc/software/Boost/1.74.0-GCC-10.2.0/include/boost/range/const_reverse_iterator.hpp:20:1: note: in expansion of macro ‘BOOST_HEADER_DEPRECATED’
   20 | BOOST_HEADER_DEPRECATED("<boost/range/reverse_iterator.hpp>")
      | ^~~~~~~~~~~~~~~~~~~~~~~
/opt/apps/resif/aion/2020b/epyc/software/Boost/1.74.0-GCC-10.2.0/include/boost/config/pragma_message.hpp:24:34: note: ‘#pragma message: This header is deprecated. Use <boost/range/reverse_iterator.hpp> instead.’
   24 | # define BOOST_PRAGMA_MESSAGE(x) _Pragma(BOOST_STRINGIZE(message(x)))
      |                                  ^~~~~~~
/opt/apps/resif/aion/2020b/epyc/software/Boost/1.74.0-GCC-10.2.0/include/boost/config/pragma_message.hpp:24:34: note: in definition of macro ‘BOOST_PRAGMA_MESSAGE’
   24 | # define BOOST_PRAGMA_MESSAGE(x) _Pragma(BOOST_STRINGIZE(message(x)))
      |                                  ^~~~~~~
/opt/apps/resif/aion/2020b/epyc/software/Boost/1.74.0-GCC-10.2.0/include/boost/range/reverse_result_iterator.hpp:20:1: note: in expansion of macro ‘BOOST_HEADER_DEPRECATED’
   20 | BOOST_HEADER_DEPRECATED("<boost/range/reverse_iterator.hpp>")
      | ^~~~~~~~~~~~~~~~~~~~~~~
In file included from /opt/apps/resif/aion/2020b/epyc/software/Boost/1.74.0-GCC-10.2.0/include/boost/config/header_deprecated.hpp:18,
                 from /opt/apps/resif/aion/2020b/epyc/software/Boost/1.74.0-GCC-10.2.0/include/boost/range/result_iterator.hpp:18,
                 from /opt/apps/resif/aion/2020b/epyc/software/Boost/1.74.0-GCC-10.2.0/include/boost/range/metafunctions.hpp:20,
                 from /opt/apps/resif/aion/2020b/epyc/software/Boost/1.74.0-GCC-10.2.0/include/boost/range.hpp:19,
                 from /home/users/mghavami/y2425-w02-compilation-on-hpc-AminGhavami/precice/precice-3.1.2/src/time/Storage.hpp:4,
                 from /home/users/mghavami/y2425-w02-compilation-on-hpc-AminGhavami/precice/precice-3.1.2/src/mesh/Data.hpp:11,
                 from /home/users/mghavami/y2425-w02-compilation-on-hpc-AminGhavami/precice/precice-3.1.2/src/mesh/Mesh.hpp:14,
                 from /home/users/mghavami/y2425-w02-compilation-on-hpc-AminGhavami/precice/precice-3.1.2/src/mesh/Utils.cpp:3:
/opt/apps/resif/aion/2020b/epyc/software/Boost/1.74.0-GCC-10.2.0/include/boost/config/pragma_message.hpp:24:34: note: ‘#pragma message: This header is deprecated. Use <boost/range/iterator.hpp> instead.’
   24 | # define BOOST_PRAGMA_MESSAGE(x) _Pragma(BOOST_STRINGIZE(message(x)))
      |                                  ^~~~~~~
/opt/apps/resif/aion/2020b/epyc/software/Boost/1.74.0-GCC-10.2.0/include/boost/config/pragma_message.hpp:24:34: note: in definition of macro ‘BOOST_PRAGMA_MESSAGE’
   24 | # define BOOST_PRAGMA_MESSAGE(x) _Pragma(BOOST_STRINGIZE(message(x)))
      |                                  ^~~~~~~
/opt/apps/resif/aion/2020b/epyc/software/Boost/1.74.0-GCC-10.2.0/include/boost/range/result_iterator.hpp:20:1: note: in expansion of macro ‘BOOST_HEADER_DEPRECATED’
   20 | BOOST_HEADER_DEPRECATED("<boost/range/iterator.hpp>")
      | ^~~~~~~~~~~~~~~~~~~~~~~
/opt/apps/resif/aion/2020b/epyc/software/Boost/1.74.0-GCC-10.2.0/include/boost/config/pragma_message.hpp:24:34: note: ‘#pragma message: This header is deprecated. Use <boost/range/reverse_iterator.hpp> instead.’
   24 | # define BOOST_PRAGMA_MESSAGE(x) _Pragma(BOOST_STRINGIZE(message(x)))
      |                                  ^~~~~~~
/opt/apps/resif/aion/2020b/epyc/software/Boost/1.74.0-GCC-10.2.0/include/boost/config/pragma_message.hpp:24:34: note: in definition of macro ‘BOOST_PRAGMA_MESSAGE’
   24 | # define BOOST_PRAGMA_MESSAGE(x) _Pragma(BOOST_STRINGIZE(message(x)))
      |                                  ^~~~~~~
/opt/apps/resif/aion/2020b/epyc/software/Boost/1.74.0-GCC-10.2.0/include/boost/range/const_reverse_iterator.hpp:20:1: note: in expansion of macro ‘BOOST_HEADER_DEPRECATED’
   20 | BOOST_HEADER_DEPRECATED("<boost/range/reverse_iterator.hpp>")
      | ^~~~~~~~~~~~~~~~~~~~~~~
/opt/apps/resif/aion/2020b/epyc/software/Boost/1.74.0-GCC-10.2.0/include/boost/config/pragma_message.hpp:24:34: note: ‘#pragma message: This header is deprecated. Use <boost/range/reverse_iterator.hpp> instead.’
   24 | # define BOOST_PRAGMA_MESSAGE(x) _Pragma(BOOST_STRINGIZE(message(x)))
      |                                  ^~~~~~~
/opt/apps/resif/aion/2020b/epyc/software/Boost/1.74.0-GCC-10.2.0/include/boost/config/pragma_message.hpp:24:34: note: in definition of macro ‘BOOST_PRAGMA_MESSAGE’
   24 | # define BOOST_PRAGMA_MESSAGE(x) _Pragma(BOOST_STRINGIZE(message(x)))
      |                                  ^~~~~~~
/opt/apps/resif/aion/2020b/epyc/software/Boost/1.74.0-GCC-10.2.0/include/boost/range/reverse_result_iterator.hpp:20:1: note: in expansion of macro ‘BOOST_HEADER_DEPRECATED’
   20 | BOOST_HEADER_DEPRECATED("<boost/range/reverse_iterator.hpp>")
      | ^~~~~~~~~~~~~~~~~~~~~~~
[ 19%] Building CXX object CMakeFiles/preciceCore.dir/src/precice/Participant.cpp.o
[ 19%] Building CXX object CMakeFiles/preciceCore.dir/src/precice/Tooling.cpp.o
[ 19%] Building CXX object CMakeFiles/preciceCore.dir/src/precice/config/Configuration.cpp.o
[ 19%] Building CXX object CMakeFiles/preciceCore.dir/src/precice/config/ParticipantConfiguration.cpp.o
In file included from /opt/apps/resif/aion/2020b/epyc/software/Boost/1.74.0-GCC-10.2.0/include/boost/config/header_deprecated.hpp:18,
                 from /opt/apps/resif/aion/2020b/epyc/software/Boost/1.74.0-GCC-10.2.0/include/boost/range/result_iterator.hpp:18,
                 from /opt/apps/resif/aion/2020b/epyc/software/Boost/1.74.0-GCC-10.2.0/include/boost/range/metafunctions.hpp:20,
                 from /opt/apps/resif/aion/2020b/epyc/software/Boost/1.74.0-GCC-10.2.0/include/boost/range.hpp:19,
                 from /home/users/mghavami/y2425-w02-compilation-on-hpc-AminGhavami/precice/precice-3.1.2/src/time/Storage.hpp:4,
                 from /home/users/mghavami/y2425-w02-compilation-on-hpc-AminGhavami/precice/precice-3.1.2/src/mesh/Data.hpp:11,
                 from /home/users/mghavami/y2425-w02-compilation-on-hpc-AminGhavami/precice/precice-3.1.2/src/mesh/config/DataConfiguration.hpp:6,
                 from /home/users/mghavami/y2425-w02-compilation-on-hpc-AminGhavami/precice/precice-3.1.2/src/mesh/config/DataConfiguration.cpp:1:
/opt/apps/resif/aion/2020b/epyc/software/Boost/1.74.0-GCC-10.2.0/include/boost/config/pragma_message.hpp:24:34: note: ‘#pragma message: This header is deprecated. Use <boost/range/iterator.hpp> instead.’
   24 | # define BOOST_PRAGMA_MESSAGE(x) _Pragma(BOOST_STRINGIZE(message(x)))
      |                                  ^~~~~~~
/opt/apps/resif/aion/2020b/epyc/software/Boost/1.74.0-GCC-10.2.0/include/boost/config/pragma_message.hpp:24:34: note: in definition of macro ‘BOOST_PRAGMA_MESSAGE’
   24 | # define BOOST_PRAGMA_MESSAGE(x) _Pragma(BOOST_STRINGIZE(message(x)))
      |                                  ^~~~~~~
/opt/apps/resif/aion/2020b/epyc/software/Boost/1.74.0-GCC-10.2.0/include/boost/range/result_iterator.hpp:20:1: note: in expansion of macro ‘BOOST_HEADER_DEPRECATED’
   20 | BOOST_HEADER_DEPRECATED("<boost/range/iterator.hpp>")
      | ^~~~~~~~~~~~~~~~~~~~~~~
/opt/apps/resif/aion/2020b/epyc/software/Boost/1.74.0-GCC-10.2.0/include/boost/config/pragma_message.hpp:24:34: note: ‘#pragma message: This header is deprecated. Use <boost/range/reverse_iterator.hpp> instead.’
   24 | # define BOOST_PRAGMA_MESSAGE(x) _Pragma(BOOST_STRINGIZE(message(x)))
      |                                  ^~~~~~~
/opt/apps/resif/aion/2020b/epyc/software/Boost/1.74.0-GCC-10.2.0/include/boost/config/pragma_message.hpp:24:34: note: in definition of macro ‘BOOST_PRAGMA_MESSAGE’
   24 | # define BOOST_PRAGMA_MESSAGE(x) _Pragma(BOOST_STRINGIZE(message(x)))
      |                                  ^~~~~~~
/opt/apps/resif/aion/2020b/epyc/software/Boost/1.74.0-GCC-10.2.0/include/boost/range/const_reverse_iterator.hpp:20:1: note: in expansion of macro ‘BOOST_HEADER_DEPRECATED’
   20 | BOOST_HEADER_DEPRECATED("<boost/range/reverse_iterator.hpp>")
      | ^~~~~~~~~~~~~~~~~~~~~~~
/opt/apps/resif/aion/2020b/epyc/software/Boost/1.74.0-GCC-10.2.0/include/boost/config/pragma_message.hpp:24:34: note: ‘#pragma message: This header is deprecated. Use <boost/range/reverse_iterator.hpp> instead.’
   24 | # define BOOST_PRAGMA_MESSAGE(x) _Pragma(BOOST_STRINGIZE(message(x)))
      |                                  ^~~~~~~
/opt/apps/resif/aion/2020b/epyc/software/Boost/1.74.0-GCC-10.2.0/include/boost/config/pragma_message.hpp:24:34: note: in definition of macro ‘BOOST_PRAGMA_MESSAGE’
   24 | # define BOOST_PRAGMA_MESSAGE(x) _Pragma(BOOST_STRINGIZE(message(x)))
      |                                  ^~~~~~~
/opt/apps/resif/aion/2020b/epyc/software/Boost/1.74.0-GCC-10.2.0/include/boost/range/reverse_result_iterator.hpp:20:1: note: in expansion of macro ‘BOOST_HEADER_DEPRECATED’
   20 | BOOST_HEADER_DEPRECATED("<boost/range/reverse_iterator.hpp>")
      | ^~~~~~~~~~~~~~~~~~~~~~~
[ 20%] Building CXX object CMakeFiles/preciceCore.dir/src/precice/impl/DataContext.cpp.o
In file included from /opt/apps/resif/aion/2020b/epyc/software/Boost/1.74.0-GCC-10.2.0/include/boost/config/header_deprecated.hpp:18,
                 from /opt/apps/resif/aion/2020b/epyc/software/Boost/1.74.0-GCC-10.2.0/include/boost/range/result_iterator.hpp:18,
                 from /opt/apps/resif/aion/2020b/epyc/software/Boost/1.74.0-GCC-10.2.0/include/boost/range/metafunctions.hpp:20,
                 from /opt/apps/resif/aion/2020b/epyc/software/Boost/1.74.0-GCC-10.2.0/include/boost/range.hpp:19,
                 from /home/users/mghavami/y2425-w02-compilation-on-hpc-AminGhavami/precice/precice-3.1.2/src/time/Storage.hpp:4,
                 from /home/users/mghavami/y2425-w02-compilation-on-hpc-AminGhavami/precice/precice-3.1.2/src/mesh/Data.hpp:11,
                 from /home/users/mghavami/y2425-w02-compilation-on-hpc-AminGhavami/precice/precice-3.1.2/src/mesh/config/MeshConfiguration.hpp:10,
                 from /home/users/mghavami/y2425-w02-compilation-on-hpc-AminGhavami/precice/precice-3.1.2/src/mesh/config/MeshConfiguration.cpp:1:
/opt/apps/resif/aion/2020b/epyc/software/Boost/1.74.0-GCC-10.2.0/include/boost/config/pragma_message.hpp:24:34: note: ‘#pragma message: This header is deprecated. Use <boost/range/iterator.hpp> instead.’
   24 | # define BOOST_PRAGMA_MESSAGE(x) _Pragma(BOOST_STRINGIZE(message(x)))
      |                                  ^~~~~~~
/opt/apps/resif/aion/2020b/epyc/software/Boost/1.74.0-GCC-10.2.0/include/boost/config/pragma_message.hpp:24:34: note: in definition of macro ‘BOOST_PRAGMA_MESSAGE’
   24 | # define BOOST_PRAGMA_MESSAGE(x) _Pragma(BOOST_STRINGIZE(message(x)))
      |                                  ^~~~~~~
/opt/apps/resif/aion/2020b/epyc/software/Boost/1.74.0-GCC-10.2.0/include/boost/range/result_iterator.hpp:20:1: note: in expansion of macro ‘BOOST_HEADER_DEPRECATED’
   20 | BOOST_HEADER_DEPRECATED("<boost/range/iterator.hpp>")
      | ^~~~~~~~~~~~~~~~~~~~~~~
/opt/apps/resif/aion/2020b/epyc/software/Boost/1.74.0-GCC-10.2.0/include/boost/config/pragma_message.hpp:24:34: note: ‘#pragma message: This header is deprecated. Use <boost/range/reverse_iterator.hpp> instead.’
   24 | # define BOOST_PRAGMA_MESSAGE(x) _Pragma(BOOST_STRINGIZE(message(x)))
      |                                  ^~~~~~~
/opt/apps/resif/aion/2020b/epyc/software/Boost/1.74.0-GCC-10.2.0/include/boost/config/pragma_message.hpp:24:34: note: in definition of macro ‘BOOST_PRAGMA_MESSAGE’
   24 | # define BOOST_PRAGMA_MESSAGE(x) _Pragma(BOOST_STRINGIZE(message(x)))
      |                                  ^~~~~~~
/opt/apps/resif/aion/2020b/epyc/software/Boost/1.74.0-GCC-10.2.0/include/boost/range/const_reverse_iterator.hpp:20:1: note: in expansion of macro ‘BOOST_HEADER_DEPRECATED’
   20 | BOOST_HEADER_DEPRECATED("<boost/range/reverse_iterator.hpp>")
      | ^~~~~~~~~~~~~~~~~~~~~~~
/opt/apps/resif/aion/2020b/epyc/software/Boost/1.74.0-GCC-10.2.0/include/boost/config/pragma_message.hpp:24:34: note: ‘#pragma message: This header is deprecated. Use <boost/range/reverse_iterator.hpp> instead.’
   24 | # define BOOST_PRAGMA_MESSAGE(x) _Pragma(BOOST_STRINGIZE(message(x)))
      |                                  ^~~~~~~
/opt/apps/resif/aion/2020b/epyc/software/Boost/1.74.0-GCC-10.2.0/include/boost/config/pragma_message.hpp:24:34: note: in definition of macro ‘BOOST_PRAGMA_MESSAGE’
   24 | # define BOOST_PRAGMA_MESSAGE(x) _Pragma(BOOST_STRINGIZE(message(x)))
      |                                  ^~~~~~~
/opt/apps/resif/aion/2020b/epyc/software/Boost/1.74.0-GCC-10.2.0/include/boost/range/reverse_result_iterator.hpp:20:1: note: in expansion of macro ‘BOOST_HEADER_DEPRECATED’
   20 | BOOST_HEADER_DEPRECATED("<boost/range/reverse_iterator.hpp>")
      | ^~~~~~~~~~~~~~~~~~~~~~~
[ 20%] Building CXX object CMakeFiles/preciceCore.dir/src/precice/impl/ParticipantImpl.cpp.o
In file included from /opt/apps/resif/aion/2020b/epyc/software/Boost/1.74.0-GCC-10.2.0/include/boost/config/header_deprecated.hpp:18,
                 from /opt/apps/resif/aion/2020b/epyc/software/Boost/1.74.0-GCC-10.2.0/include/boost/range/result_iterator.hpp:18,
                 from /opt/apps/resif/aion/2020b/epyc/software/Boost/1.74.0-GCC-10.2.0/include/boost/range/metafunctions.hpp:20,
                 from /opt/apps/resif/aion/2020b/epyc/software/Boost/1.74.0-GCC-10.2.0/include/boost/range.hpp:19,
                 from /home/users/mghavami/y2425-w02-compilation-on-hpc-AminGhavami/precice/precice-3.1.2/src/time/Storage.hpp:4,
                 from /home/users/mghavami/y2425-w02-compilation-on-hpc-AminGhavami/precice/precice-3.1.2/src/mesh/Data.hpp:11,
                 from /home/users/mghavami/y2425-w02-compilation-on-hpc-AminGhavami/precice/precice-3.1.2/src/mesh/Mesh.hpp:14,
                 from /home/users/mghavami/y2425-w02-compilation-on-hpc-AminGhavami/precice/precice-3.1.2/src/com/Extra.hpp:4,
                 from /home/users/mghavami/y2425-w02-compilation-on-hpc-AminGhavami/precice/precice-3.1.2/src/partition/ProvidedPartition.cpp:10:
/opt/apps/resif/aion/2020b/epyc/software/Boost/1.74.0-GCC-10.2.0/include/boost/config/pragma_message.hpp:24:34: note: ‘#pragma message: This header is deprecated. Use <boost/range/iterator.hpp> instead.’
   24 | # define BOOST_PRAGMA_MESSAGE(x) _Pragma(BOOST_STRINGIZE(message(x)))
      |                                  ^~~~~~~
/opt/apps/resif/aion/2020b/epyc/software/Boost/1.74.0-GCC-10.2.0/include/boost/config/pragma_message.hpp:24:34: note: in definition of macro ‘BOOST_PRAGMA_MESSAGE’
   24 | # define BOOST_PRAGMA_MESSAGE(x) _Pragma(BOOST_STRINGIZE(message(x)))
      |                                  ^~~~~~~
/opt/apps/resif/aion/2020b/epyc/software/Boost/1.74.0-GCC-10.2.0/include/boost/range/result_iterator.hpp:20:1: note: in expansion of macro ‘BOOST_HEADER_DEPRECATED’
   20 | BOOST_HEADER_DEPRECATED("<boost/range/iterator.hpp>")
      | ^~~~~~~~~~~~~~~~~~~~~~~
/opt/apps/resif/aion/2020b/epyc/software/Boost/1.74.0-GCC-10.2.0/include/boost/config/pragma_message.hpp:24:34: note: ‘#pragma message: This header is deprecated. Use <boost/range/reverse_iterator.hpp> instead.’
   24 | # define BOOST_PRAGMA_MESSAGE(x) _Pragma(BOOST_STRINGIZE(message(x)))
      |                                  ^~~~~~~
/opt/apps/resif/aion/2020b/epyc/software/Boost/1.74.0-GCC-10.2.0/include/boost/config/pragma_message.hpp:24:34: note: in definition of macro ‘BOOST_PRAGMA_MESSAGE’
   24 | # define BOOST_PRAGMA_MESSAGE(x) _Pragma(BOOST_STRINGIZE(message(x)))
      |                                  ^~~~~~~
/opt/apps/resif/aion/2020b/epyc/software/Boost/1.74.0-GCC-10.2.0/include/boost/range/const_reverse_iterator.hpp:20:1: note: in expansion of macro ‘BOOST_HEADER_DEPRECATED’
   20 | BOOST_HEADER_DEPRECATED("<boost/range/reverse_iterator.hpp>")
      | ^~~~~~~~~~~~~~~~~~~~~~~
/opt/apps/resif/aion/2020b/epyc/software/Boost/1.74.0-GCC-10.2.0/include/boost/config/pragma_message.hpp:24:34: note: ‘#pragma message: This header is deprecated. Use <boost/range/reverse_iterator.hpp> instead.’
   24 | # define BOOST_PRAGMA_MESSAGE(x) _Pragma(BOOST_STRINGIZE(message(x)))
      |                                  ^~~~~~~
/opt/apps/resif/aion/2020b/epyc/software/Boost/1.74.0-GCC-10.2.0/include/boost/config/pragma_message.hpp:24:34: note: in definition of macro ‘BOOST_PRAGMA_MESSAGE’
   24 | # define BOOST_PRAGMA_MESSAGE(x) _Pragma(BOOST_STRINGIZE(message(x)))
      |                                  ^~~~~~~
/opt/apps/resif/aion/2020b/epyc/software/Boost/1.74.0-GCC-10.2.0/include/boost/range/reverse_result_iterator.hpp:20:1: note: in expansion of macro ‘BOOST_HEADER_DEPRECATED’
   20 | BOOST_HEADER_DEPRECATED("<boost/range/reverse_iterator.hpp>")
      | ^~~~~~~~~~~~~~~~~~~~~~~
[ 20%] Building CXX object CMakeFiles/preciceCore.dir/src/precice/impl/ParticipantState.cpp.o
[ 20%] Building CXX object CMakeFiles/preciceCore.dir/src/precice/impl/ReadDataContext.cpp.o
In file included from /opt/apps/resif/aion/2020b/epyc/software/Boost/1.74.0-GCC-10.2.0/include/boost/config/header_deprecated.hpp:18,
                 from /opt/apps/resif/aion/2020b/epyc/software/Boost/1.74.0-GCC-10.2.0/include/boost/range/result_iterator.hpp:18,
                 from /opt/apps/resif/aion/2020b/epyc/software/Boost/1.74.0-GCC-10.2.0/include/boost/range/metafunctions.hpp:20,
                 from /opt/apps/resif/aion/2020b/epyc/software/Boost/1.74.0-GCC-10.2.0/include/boost/range.hpp:19,
                 from /home/users/mghavami/y2425-w02-compilation-on-hpc-AminGhavami/precice/precice-3.1.2/src/time/Storage.hpp:4,
                 from /home/users/mghavami/y2425-w02-compilation-on-hpc-AminGhavami/precice/precice-3.1.2/src/mesh/Data.hpp:11,
                 from /home/users/mghavami/y2425-w02-compilation-on-hpc-AminGhavami/precice/precice-3.1.2/src/mesh/Mesh.hpp:14,
                 from /home/users/mghavami/y2425-w02-compilation-on-hpc-AminGhavami/precice/precice-3.1.2/src/partition/ReceivedPartition.hpp:8,
                 from /home/users/mghavami/y2425-w02-compilation-on-hpc-AminGhavami/precice/precice-3.1.2/src/partition/ReceivedPartition.cpp:1:
/opt/apps/resif/aion/2020b/epyc/software/Boost/1.74.0-GCC-10.2.0/include/boost/config/pragma_message.hpp:24:34: note: ‘#pragma message: This header is deprecated. Use <boost/range/iterator.hpp> instead.’
   24 | # define BOOST_PRAGMA_MESSAGE(x) _Pragma(BOOST_STRINGIZE(message(x)))
      |                                  ^~~~~~~
/opt/apps/resif/aion/2020b/epyc/software/Boost/1.74.0-GCC-10.2.0/include/boost/config/pragma_message.hpp:24:34: note: in definition of macro ‘BOOST_PRAGMA_MESSAGE’
   24 | # define BOOST_PRAGMA_MESSAGE(x) _Pragma(BOOST_STRINGIZE(message(x)))
      |                                  ^~~~~~~
/opt/apps/resif/aion/2020b/epyc/software/Boost/1.74.0-GCC-10.2.0/include/boost/range/result_iterator.hpp:20:1: note: in expansion of macro ‘BOOST_HEADER_DEPRECATED’
   20 | BOOST_HEADER_DEPRECATED("<boost/range/iterator.hpp>")
      | ^~~~~~~~~~~~~~~~~~~~~~~
/opt/apps/resif/aion/2020b/epyc/software/Boost/1.74.0-GCC-10.2.0/include/boost/config/pragma_message.hpp:24:34: note: ‘#pragma message: This header is deprecated. Use <boost/range/reverse_iterator.hpp> instead.’
   24 | # define BOOST_PRAGMA_MESSAGE(x) _Pragma(BOOST_STRINGIZE(message(x)))
      |                                  ^~~~~~~
/opt/apps/resif/aion/2020b/epyc/software/Boost/1.74.0-GCC-10.2.0/include/boost/config/pragma_message.hpp:24:34: note: in definition of macro ‘BOOST_PRAGMA_MESSAGE’
   24 | # define BOOST_PRAGMA_MESSAGE(x) _Pragma(BOOST_STRINGIZE(message(x)))
      |                                  ^~~~~~~
/opt/apps/resif/aion/2020b/epyc/software/Boost/1.74.0-GCC-10.2.0/include/boost/range/const_reverse_iterator.hpp:20:1: note: in expansion of macro ‘BOOST_HEADER_DEPRECATED’
   20 | BOOST_HEADER_DEPRECATED("<boost/range/reverse_iterator.hpp>")
      | ^~~~~~~~~~~~~~~~~~~~~~~
/opt/apps/resif/aion/2020b/epyc/software/Boost/1.74.0-GCC-10.2.0/include/boost/config/pragma_message.hpp:24:34: note: ‘#pragma message: This header is deprecated. Use <boost/range/reverse_iterator.hpp> instead.’
   24 | # define BOOST_PRAGMA_MESSAGE(x) _Pragma(BOOST_STRINGIZE(message(x)))
      |                                  ^~~~~~~
/opt/apps/resif/aion/2020b/epyc/software/Boost/1.74.0-GCC-10.2.0/include/boost/config/pragma_message.hpp:24:34: note: in definition of macro ‘BOOST_PRAGMA_MESSAGE’
   24 | # define BOOST_PRAGMA_MESSAGE(x) _Pragma(BOOST_STRINGIZE(message(x)))
      |                                  ^~~~~~~
/opt/apps/resif/aion/2020b/epyc/software/Boost/1.74.0-GCC-10.2.0/include/boost/range/reverse_result_iterator.hpp:20:1: note: in expansion of macro ‘BOOST_HEADER_DEPRECATED’
   20 | BOOST_HEADER_DEPRECATED("<boost/range/reverse_iterator.hpp>")
      | ^~~~~~~~~~~~~~~~~~~~~~~
[ 20%] Building CXX object CMakeFiles/preciceCore.dir/src/precice/impl/WatchIntegral.cpp.o
In file included from /opt/apps/resif/aion/2020b/epyc/software/Boost/1.74.0-GCC-10.2.0/include/boost/config/header_deprecated.hpp:18,
                 from /opt/apps/resif/aion/2020b/epyc/software/Boost/1.74.0-GCC-10.2.0/include/boost/range/result_iterator.hpp:18,
                 from /opt/apps/resif/aion/2020b/epyc/software/Boost/1.74.0-GCC-10.2.0/include/boost/range/metafunctions.hpp:20,
                 from /opt/apps/resif/aion/2020b/epyc/software/Boost/1.74.0-GCC-10.2.0/include/boost/range.hpp:19,
                 from /home/users/mghavami/y2425-w02-compilation-on-hpc-AminGhavami/precice/precice-3.1.2/src/time/Storage.hpp:4,
                 from /home/users/mghavami/y2425-w02-compilation-on-hpc-AminGhavami/precice/precice-3.1.2/src/mesh/Data.hpp:11,
                 from /home/users/mghavami/y2425-w02-compilation-on-hpc-AminGhavami/precice/precice-3.1.2/src/mesh/Mesh.hpp:14,
                 from /home/users/mghavami/y2425-w02-compilation-on-hpc-AminGhavami/precice/precice-3.1.2/src/mapping/Mapping.hpp:6,
                 from /home/users/mghavami/y2425-w02-compilation-on-hpc-AminGhavami/precice/precice-3.1.2/src/action/Action.hpp:3,
                 from /home/users/mghavami/y2425-w02-compilation-on-hpc-AminGhavami/precice/precice-3.1.2/src/precice/impl/ParticipantImpl.hpp:10,
                 from /home/users/mghavami/y2425-w02-compilation-on-hpc-AminGhavami/precice/precice-3.1.2/src/precice/Participant.cpp:6:
/opt/apps/resif/aion/2020b/epyc/software/Boost/1.74.0-GCC-10.2.0/include/boost/config/pragma_message.hpp:24:34: note: ‘#pragma message: This header is deprecated. Use <boost/range/iterator.hpp> instead.’
   24 | # define BOOST_PRAGMA_MESSAGE(x) _Pragma(BOOST_STRINGIZE(message(x)))
      |                                  ^~~~~~~
/opt/apps/resif/aion/2020b/epyc/software/Boost/1.74.0-GCC-10.2.0/include/boost/config/pragma_message.hpp:24:34: note: in definition of macro ‘BOOST_PRAGMA_MESSAGE’
   24 | # define BOOST_PRAGMA_MESSAGE(x) _Pragma(BOOST_STRINGIZE(message(x)))
      |                                  ^~~~~~~
/opt/apps/resif/aion/2020b/epyc/software/Boost/1.74.0-GCC-10.2.0/include/boost/range/result_iterator.hpp:20:1: note: in expansion of macro ‘BOOST_HEADER_DEPRECATED’
   20 | BOOST_HEADER_DEPRECATED("<boost/range/iterator.hpp>")
      | ^~~~~~~~~~~~~~~~~~~~~~~
/opt/apps/resif/aion/2020b/epyc/software/Boost/1.74.0-GCC-10.2.0/include/boost/config/pragma_message.hpp:24:34: note: ‘#pragma message: This header is deprecated. Use <boost/range/reverse_iterator.hpp> instead.’
   24 | # define BOOST_PRAGMA_MESSAGE(x) _Pragma(BOOST_STRINGIZE(message(x)))
      |                                  ^~~~~~~
/opt/apps/resif/aion/2020b/epyc/software/Boost/1.74.0-GCC-10.2.0/include/boost/config/pragma_message.hpp:24:34: note: in definition of macro ‘BOOST_PRAGMA_MESSAGE’
   24 | # define BOOST_PRAGMA_MESSAGE(x) _Pragma(BOOST_STRINGIZE(message(x)))
      |                                  ^~~~~~~
/opt/apps/resif/aion/2020b/epyc/software/Boost/1.74.0-GCC-10.2.0/include/boost/range/const_reverse_iterator.hpp:20:1: note: in expansion of macro ‘BOOST_HEADER_DEPRECATED’
   20 | BOOST_HEADER_DEPRECATED("<boost/range/reverse_iterator.hpp>")
      | ^~~~~~~~~~~~~~~~~~~~~~~
/opt/apps/resif/aion/2020b/epyc/software/Boost/1.74.0-GCC-10.2.0/include/boost/config/pragma_message.hpp:24:34: note: ‘#pragma message: This header is deprecated. Use <boost/range/reverse_iterator.hpp> instead.’
   24 | # define BOOST_PRAGMA_MESSAGE(x) _Pragma(BOOST_STRINGIZE(message(x)))
      |                                  ^~~~~~~
/opt/apps/resif/aion/2020b/epyc/software/Boost/1.74.0-GCC-10.2.0/include/boost/config/pragma_message.hpp:24:34: note: in definition of macro ‘BOOST_PRAGMA_MESSAGE’
   24 | # define BOOST_PRAGMA_MESSAGE(x) _Pragma(BOOST_STRINGIZE(message(x)))
      |                                  ^~~~~~~
/opt/apps/resif/aion/2020b/epyc/software/Boost/1.74.0-GCC-10.2.0/include/boost/range/reverse_result_iterator.hpp:20:1: note: in expansion of macro ‘BOOST_HEADER_DEPRECATED’
   20 | BOOST_HEADER_DEPRECATED("<boost/range/reverse_iterator.hpp>")
      | ^~~~~~~~~~~~~~~~~~~~~~~
[ 21%] Building CXX object CMakeFiles/preciceCore.dir/src/precice/impl/WatchPoint.cpp.o
In file included from /opt/apps/resif/aion/2020b/epyc/software/Boost/1.74.0-GCC-10.2.0/include/boost/smart_ptr/detail/sp_thread_sleep.hpp:22,
                 from /opt/apps/resif/aion/2020b/epyc/software/Boost/1.74.0-GCC-10.2.0/include/boost/smart_ptr/detail/yield_k.hpp:23,
                 from /opt/apps/resif/aion/2020b/epyc/software/Boost/1.74.0-GCC-10.2.0/include/boost/smart_ptr/detail/spinlock_gcc_atomic.hpp:14,
                 from /opt/apps/resif/aion/2020b/epyc/software/Boost/1.74.0-GCC-10.2.0/include/boost/smart_ptr/detail/spinlock.hpp:42,
                 from /opt/apps/resif/aion/2020b/epyc/software/Boost/1.74.0-GCC-10.2.0/include/boost/smart_ptr/detail/spinlock_pool.hpp:25,
                 from /opt/apps/resif/aion/2020b/epyc/software/Boost/1.74.0-GCC-10.2.0/include/boost/smart_ptr/shared_ptr.hpp:29,
                 from /opt/apps/resif/aion/2020b/epyc/software/Boost/1.74.0-GCC-10.2.0/include/boost/shared_ptr.hpp:17,
                 from /opt/apps/resif/aion/2020b/epyc/software/Boost/1.74.0-GCC-10.2.0/include/boost/smart_ptr.hpp:19,
                 from /home/users/mghavami/y2425-w02-compilation-on-hpc-AminGhavami/precice/precice-3.1.2/src/precice/config/Configuration.hpp:5,
                 from /home/users/mghavami/y2425-w02-compilation-on-hpc-AminGhavami/precice/precice-3.1.2/src/precice/Tooling.cpp:4:
/opt/apps/resif/aion/2020b/epyc/software/Boost/1.74.0-GCC-10.2.0/include/boost/config/pragma_message.hpp:24:34: note: ‘#pragma message: This header is deprecated. Use <boost/range/iterator.hpp> instead.’
   24 | # define BOOST_PRAGMA_MESSAGE(x) _Pragma(BOOST_STRINGIZE(message(x)))
      |                                  ^~~~~~~
/opt/apps/resif/aion/2020b/epyc/software/Boost/1.74.0-GCC-10.2.0/include/boost/config/header_deprecated.hpp:23:37: note: in expansion of macro ‘BOOST_PRAGMA_MESSAGE’
   23 | # define BOOST_HEADER_DEPRECATED(a) BOOST_PRAGMA_MESSAGE("This header is deprecated. Use " a " instead.")
      |                                     ^~~~~~~~~~~~~~~~~~~~
/opt/apps/resif/aion/2020b/epyc/software/Boost/1.74.0-GCC-10.2.0/include/boost/range/result_iterator.hpp:20:1: note: in expansion of macro ‘BOOST_HEADER_DEPRECATED’
   20 | BOOST_HEADER_DEPRECATED("<boost/range/iterator.hpp>")
      | ^~~~~~~~~~~~~~~~~~~~~~~
/opt/apps/resif/aion/2020b/epyc/software/Boost/1.74.0-GCC-10.2.0/include/boost/config/pragma_message.hpp:24:34: note: ‘#pragma message: This header is deprecated. Use <boost/range/reverse_iterator.hpp> instead.’
   24 | # define BOOST_PRAGMA_MESSAGE(x) _Pragma(BOOST_STRINGIZE(message(x)))
      |                                  ^~~~~~~
/opt/apps/resif/aion/2020b/epyc/software/Boost/1.74.0-GCC-10.2.0/include/boost/config/header_deprecated.hpp:23:37: note: in expansion of macro ‘BOOST_PRAGMA_MESSAGE’
   23 | # define BOOST_HEADER_DEPRECATED(a) BOOST_PRAGMA_MESSAGE("This header is deprecated. Use " a " instead.")
      |                                     ^~~~~~~~~~~~~~~~~~~~
/opt/apps/resif/aion/2020b/epyc/software/Boost/1.74.0-GCC-10.2.0/include/boost/range/const_reverse_iterator.hpp:20:1: note: in expansion of macro ‘BOOST_HEADER_DEPRECATED’
   20 | BOOST_HEADER_DEPRECATED("<boost/range/reverse_iterator.hpp>")
      | ^~~~~~~~~~~~~~~~~~~~~~~
/opt/apps/resif/aion/2020b/epyc/software/Boost/1.74.0-GCC-10.2.0/include/boost/config/pragma_message.hpp:24:34: note: ‘#pragma message: This header is deprecated. Use <boost/range/reverse_iterator.hpp> instead.’
   24 | # define BOOST_PRAGMA_MESSAGE(x) _Pragma(BOOST_STRINGIZE(message(x)))
      |                                  ^~~~~~~
/opt/apps/resif/aion/2020b/epyc/software/Boost/1.74.0-GCC-10.2.0/include/boost/config/header_deprecated.hpp:23:37: note: in expansion of macro ‘BOOST_PRAGMA_MESSAGE’
   23 | # define BOOST_HEADER_DEPRECATED(a) BOOST_PRAGMA_MESSAGE("This header is deprecated. Use " a " instead.")
      |                                     ^~~~~~~~~~~~~~~~~~~~
/opt/apps/resif/aion/2020b/epyc/software/Boost/1.74.0-GCC-10.2.0/include/boost/range/reverse_result_iterator.hpp:20:1: note: in expansion of macro ‘BOOST_HEADER_DEPRECATED’
   20 | BOOST_HEADER_DEPRECATED("<boost/range/reverse_iterator.hpp>")
      | ^~~~~~~~~~~~~~~~~~~~~~~
In file included from /opt/apps/resif/aion/2020b/epyc/software/Boost/1.74.0-GCC-10.2.0/include/boost/smart_ptr/detail/sp_thread_sleep.hpp:22,
                 from /opt/apps/resif/aion/2020b/epyc/software/Boost/1.74.0-GCC-10.2.0/include/boost/smart_ptr/detail/yield_k.hpp:23,
                 from /opt/apps/resif/aion/2020b/epyc/software/Boost/1.74.0-GCC-10.2.0/include/boost/smart_ptr/detail/spinlock_gcc_atomic.hpp:14,
                 from /opt/apps/resif/aion/2020b/epyc/software/Boost/1.74.0-GCC-10.2.0/include/boost/smart_ptr/detail/spinlock.hpp:42,
                 from /opt/apps/resif/aion/2020b/epyc/software/Boost/1.74.0-GCC-10.2.0/include/boost/smart_ptr/detail/spinlock_pool.hpp:25,
                 from /opt/apps/resif/aion/2020b/epyc/software/Boost/1.74.0-GCC-10.2.0/include/boost/smart_ptr/shared_ptr.hpp:29,
                 from /opt/apps/resif/aion/2020b/epyc/software/Boost/1.74.0-GCC-10.2.0/include/boost/shared_ptr.hpp:17,
                 from /opt/apps/resif/aion/2020b/epyc/software/Boost/1.74.0-GCC-10.2.0/include/boost/smart_ptr.hpp:19,
                 from /home/users/mghavami/y2425-w02-compilation-on-hpc-AminGhavami/precice/precice-3.1.2/src/precice/config/Configuration.hpp:5,
                 from /home/users/mghavami/y2425-w02-compilation-on-hpc-AminGhavami/precice/precice-3.1.2/src/precice/config/Configuration.cpp:1:
/opt/apps/resif/aion/2020b/epyc/software/Boost/1.74.0-GCC-10.2.0/include/boost/config/pragma_message.hpp:24:34: note: ‘#pragma message: This header is deprecated. Use <boost/range/iterator.hpp> instead.’
   24 | # define BOOST_PRAGMA_MESSAGE(x) _Pragma(BOOST_STRINGIZE(message(x)))
      |                                  ^~~~~~~
/opt/apps/resif/aion/2020b/epyc/software/Boost/1.74.0-GCC-10.2.0/include/boost/config/header_deprecated.hpp:23:37: note: in expansion of macro ‘BOOST_PRAGMA_MESSAGE’
   23 | # define BOOST_HEADER_DEPRECATED(a) BOOST_PRAGMA_MESSAGE("This header is deprecated. Use " a " instead.")
      |                                     ^~~~~~~~~~~~~~~~~~~~
/opt/apps/resif/aion/2020b/epyc/software/Boost/1.74.0-GCC-10.2.0/include/boost/range/result_iterator.hpp:20:1: note: in expansion of macro ‘BOOST_HEADER_DEPRECATED’
   20 | BOOST_HEADER_DEPRECATED("<boost/range/iterator.hpp>")
      | ^~~~~~~~~~~~~~~~~~~~~~~
/opt/apps/resif/aion/2020b/epyc/software/Boost/1.74.0-GCC-10.2.0/include/boost/config/pragma_message.hpp:24:34: note: ‘#pragma message: This header is deprecated. Use <boost/range/reverse_iterator.hpp> instead.’
   24 | # define BOOST_PRAGMA_MESSAGE(x) _Pragma(BOOST_STRINGIZE(message(x)))
      |                                  ^~~~~~~
/opt/apps/resif/aion/2020b/epyc/software/Boost/1.74.0-GCC-10.2.0/include/boost/config/header_deprecated.hpp:23:37: note: in expansion of macro ‘BOOST_PRAGMA_MESSAGE’
   23 | # define BOOST_HEADER_DEPRECATED(a) BOOST_PRAGMA_MESSAGE("This header is deprecated. Use " a " instead.")
      |                                     ^~~~~~~~~~~~~~~~~~~~
/opt/apps/resif/aion/2020b/epyc/software/Boost/1.74.0-GCC-10.2.0/include/boost/range/const_reverse_iterator.hpp:20:1: note: in expansion of macro ‘BOOST_HEADER_DEPRECATED’
   20 | BOOST_HEADER_DEPRECATED("<boost/range/reverse_iterator.hpp>")
      | ^~~~~~~~~~~~~~~~~~~~~~~
/opt/apps/resif/aion/2020b/epyc/software/Boost/1.74.0-GCC-10.2.0/include/boost/config/pragma_message.hpp:24:34: note: ‘#pragma message: This header is deprecated. Use <boost/range/reverse_iterator.hpp> instead.’
   24 | # define BOOST_PRAGMA_MESSAGE(x) _Pragma(BOOST_STRINGIZE(message(x)))
      |                                  ^~~~~~~
/opt/apps/resif/aion/2020b/epyc/software/Boost/1.74.0-GCC-10.2.0/include/boost/config/header_deprecated.hpp:23:37: note: in expansion of macro ‘BOOST_PRAGMA_MESSAGE’
   23 | # define BOOST_HEADER_DEPRECATED(a) BOOST_PRAGMA_MESSAGE("This header is deprecated. Use " a " instead.")
      |                                     ^~~~~~~~~~~~~~~~~~~~
/opt/apps/resif/aion/2020b/epyc/software/Boost/1.74.0-GCC-10.2.0/include/boost/range/reverse_result_iterator.hpp:20:1: note: in expansion of macro ‘BOOST_HEADER_DEPRECATED’
   20 | BOOST_HEADER_DEPRECATED("<boost/range/reverse_iterator.hpp>")
      | ^~~~~~~~~~~~~~~~~~~~~~~
[ 21%] Building CXX object CMakeFiles/preciceCore.dir/src/precice/impl/WriteDataContext.cpp.o
In file included from /opt/apps/resif/aion/2020b/epyc/software/Boost/1.74.0-GCC-10.2.0/include/boost/config/header_deprecated.hpp:18,
                 from /opt/apps/resif/aion/2020b/epyc/software/Boost/1.74.0-GCC-10.2.0/include/boost/range/result_iterator.hpp:18,
                 from /opt/apps/resif/aion/2020b/epyc/software/Boost/1.74.0-GCC-10.2.0/include/boost/range/metafunctions.hpp:20,
                 from /opt/apps/resif/aion/2020b/epyc/software/Boost/1.74.0-GCC-10.2.0/include/boost/range.hpp:19,
                 from /home/users/mghavami/y2425-w02-compilation-on-hpc-AminGhavami/precice/precice-3.1.2/src/time/Storage.hpp:4,
                 from /home/users/mghavami/y2425-w02-compilation-on-hpc-AminGhavami/precice/precice-3.1.2/src/mesh/Data.hpp:11,
                 from /home/users/mghavami/y2425-w02-compilation-on-hpc-AminGhavami/precice/precice-3.1.2/src/mesh/Mesh.hpp:14,
                 from /home/users/mghavami/y2425-w02-compilation-on-hpc-AminGhavami/precice/precice-3.1.2/src/partition/ReceivedPartition.hpp:8,
                 from /home/users/mghavami/y2425-w02-compilation-on-hpc-AminGhavami/precice/precice-3.1.2/src/precice/config/ParticipantConfiguration.hpp:12,
                 from /home/users/mghavami/y2425-w02-compilation-on-hpc-AminGhavami/precice/precice-3.1.2/src/precice/config/ParticipantConfiguration.cpp:1:
/opt/apps/resif/aion/2020b/epyc/software/Boost/1.74.0-GCC-10.2.0/include/boost/config/pragma_message.hpp:24:34: note: ‘#pragma message: This header is deprecated. Use <boost/range/iterator.hpp> instead.’
   24 | # define BOOST_PRAGMA_MESSAGE(x) _Pragma(BOOST_STRINGIZE(message(x)))
      |                                  ^~~~~~~
/opt/apps/resif/aion/2020b/epyc/software/Boost/1.74.0-GCC-10.2.0/include/boost/config/pragma_message.hpp:24:34: note: in definition of macro ‘BOOST_PRAGMA_MESSAGE’
   24 | # define BOOST_PRAGMA_MESSAGE(x) _Pragma(BOOST_STRINGIZE(message(x)))
      |                                  ^~~~~~~
/opt/apps/resif/aion/2020b/epyc/software/Boost/1.74.0-GCC-10.2.0/include/boost/range/result_iterator.hpp:20:1: note: in expansion of macro ‘BOOST_HEADER_DEPRECATED’
   20 | BOOST_HEADER_DEPRECATED("<boost/range/iterator.hpp>")
      | ^~~~~~~~~~~~~~~~~~~~~~~
/opt/apps/resif/aion/2020b/epyc/software/Boost/1.74.0-GCC-10.2.0/include/boost/config/pragma_message.hpp:24:34: note: ‘#pragma message: This header is deprecated. Use <boost/range/reverse_iterator.hpp> instead.’
   24 | # define BOOST_PRAGMA_MESSAGE(x) _Pragma(BOOST_STRINGIZE(message(x)))
      |                                  ^~~~~~~
/opt/apps/resif/aion/2020b/epyc/software/Boost/1.74.0-GCC-10.2.0/include/boost/config/pragma_message.hpp:24:34: note: in definition of macro ‘BOOST_PRAGMA_MESSAGE’
   24 | # define BOOST_PRAGMA_MESSAGE(x) _Pragma(BOOST_STRINGIZE(message(x)))
      |                                  ^~~~~~~
/opt/apps/resif/aion/2020b/epyc/software/Boost/1.74.0-GCC-10.2.0/include/boost/range/const_reverse_iterator.hpp:20:1: note: in expansion of macro ‘BOOST_HEADER_DEPRECATED’
   20 | BOOST_HEADER_DEPRECATED("<boost/range/reverse_iterator.hpp>")
      | ^~~~~~~~~~~~~~~~~~~~~~~
/opt/apps/resif/aion/2020b/epyc/software/Boost/1.74.0-GCC-10.2.0/include/boost/config/pragma_message.hpp:24:34: note: ‘#pragma message: This header is deprecated. Use <boost/range/reverse_iterator.hpp> instead.’
   24 | # define BOOST_PRAGMA_MESSAGE(x) _Pragma(BOOST_STRINGIZE(message(x)))
      |                                  ^~~~~~~
/opt/apps/resif/aion/2020b/epyc/software/Boost/1.74.0-GCC-10.2.0/include/boost/config/pragma_message.hpp:24:34: note: in definition of macro ‘BOOST_PRAGMA_MESSAGE’
   24 | # define BOOST_PRAGMA_MESSAGE(x) _Pragma(BOOST_STRINGIZE(message(x)))
      |                                  ^~~~~~~
/opt/apps/resif/aion/2020b/epyc/software/Boost/1.74.0-GCC-10.2.0/include/boost/range/reverse_result_iterator.hpp:20:1: note: in expansion of macro ‘BOOST_HEADER_DEPRECATED’
   20 | BOOST_HEADER_DEPRECATED("<boost/range/reverse_iterator.hpp>")
      | ^~~~~~~~~~~~~~~~~~~~~~~
[ 21%] Building CXX object CMakeFiles/preciceCore.dir/src/profiling/Event.cpp.o
In file included from /opt/apps/resif/aion/2020b/epyc/software/Boost/1.74.0-GCC-10.2.0/include/boost/config/header_deprecated.hpp:18,
                 from /opt/apps/resif/aion/2020b/epyc/software/Boost/1.74.0-GCC-10.2.0/include/boost/range/result_iterator.hpp:18,
                 from /opt/apps/resif/aion/2020b/epyc/software/Boost/1.74.0-GCC-10.2.0/include/boost/range/metafunctions.hpp:20,
                 from /opt/apps/resif/aion/2020b/epyc/software/Boost/1.74.0-GCC-10.2.0/include/boost/range.hpp:19,
                 from /home/users/mghavami/y2425-w02-compilation-on-hpc-AminGhavami/precice/precice-3.1.2/src/time/Storage.hpp:4,
                 from /home/users/mghavami/y2425-w02-compilation-on-hpc-AminGhavami/precice/precice-3.1.2/src/mesh/Data.hpp:11,
                 from /home/users/mghavami/y2425-w02-compilation-on-hpc-AminGhavami/precice/precice-3.1.2/src/mesh/Mesh.hpp:14,
                 from /home/users/mghavami/y2425-w02-compilation-on-hpc-AminGhavami/precice/precice-3.1.2/src/mapping/Mapping.hpp:6,
                 from /home/users/mghavami/y2425-w02-compilation-on-hpc-AminGhavami/precice/precice-3.1.2/src/precice/impl/MappingContext.hpp:3,
                 from /home/users/mghavami/y2425-w02-compilation-on-hpc-AminGhavami/precice/precice-3.1.2/src/precice/impl/DataContext.hpp:7,
                 from /home/users/mghavami/y2425-w02-compilation-on-hpc-AminGhavami/precice/precice-3.1.2/src/precice/impl/DataContext.cpp:5:
/opt/apps/resif/aion/2020b/epyc/software/Boost/1.74.0-GCC-10.2.0/include/boost/config/pragma_message.hpp:24:34: note: ‘#pragma message: This header is deprecated. Use <boost/range/iterator.hpp> instead.’
   24 | # define BOOST_PRAGMA_MESSAGE(x) _Pragma(BOOST_STRINGIZE(message(x)))
      |                                  ^~~~~~~
/opt/apps/resif/aion/2020b/epyc/software/Boost/1.74.0-GCC-10.2.0/include/boost/config/pragma_message.hpp:24:34: note: in definition of macro ‘BOOST_PRAGMA_MESSAGE’
   24 | # define BOOST_PRAGMA_MESSAGE(x) _Pragma(BOOST_STRINGIZE(message(x)))
      |                                  ^~~~~~~
/opt/apps/resif/aion/2020b/epyc/software/Boost/1.74.0-GCC-10.2.0/include/boost/range/result_iterator.hpp:20:1: note: in expansion of macro ‘BOOST_HEADER_DEPRECATED’
   20 | BOOST_HEADER_DEPRECATED("<boost/range/iterator.hpp>")
      | ^~~~~~~~~~~~~~~~~~~~~~~
/opt/apps/resif/aion/2020b/epyc/software/Boost/1.74.0-GCC-10.2.0/include/boost/config/pragma_message.hpp:24:34: note: ‘#pragma message: This header is deprecated. Use <boost/range/reverse_iterator.hpp> instead.’
   24 | # define BOOST_PRAGMA_MESSAGE(x) _Pragma(BOOST_STRINGIZE(message(x)))
      |                                  ^~~~~~~
/opt/apps/resif/aion/2020b/epyc/software/Boost/1.74.0-GCC-10.2.0/include/boost/config/pragma_message.hpp:24:34: note: in definition of macro ‘BOOST_PRAGMA_MESSAGE’
   24 | # define BOOST_PRAGMA_MESSAGE(x) _Pragma(BOOST_STRINGIZE(message(x)))
      |                                  ^~~~~~~
/opt/apps/resif/aion/2020b/epyc/software/Boost/1.74.0-GCC-10.2.0/include/boost/range/const_reverse_iterator.hpp:20:1: note: in expansion of macro ‘BOOST_HEADER_DEPRECATED’
   20 | BOOST_HEADER_DEPRECATED("<boost/range/reverse_iterator.hpp>")
      | ^~~~~~~~~~~~~~~~~~~~~~~
/opt/apps/resif/aion/2020b/epyc/software/Boost/1.74.0-GCC-10.2.0/include/boost/config/pragma_message.hpp:24:34: note: ‘#pragma message: This header is deprecated. Use <boost/range/reverse_iterator.hpp> instead.’
   24 | # define BOOST_PRAGMA_MESSAGE(x) _Pragma(BOOST_STRINGIZE(message(x)))
      |                                  ^~~~~~~
/opt/apps/resif/aion/2020b/epyc/software/Boost/1.74.0-GCC-10.2.0/include/boost/config/pragma_message.hpp:24:34: note: in definition of macro ‘BOOST_PRAGMA_MESSAGE’
   24 | # define BOOST_PRAGMA_MESSAGE(x) _Pragma(BOOST_STRINGIZE(message(x)))
      |                                  ^~~~~~~
/opt/apps/resif/aion/2020b/epyc/software/Boost/1.74.0-GCC-10.2.0/include/boost/range/reverse_result_iterator.hpp:20:1: note: in expansion of macro ‘BOOST_HEADER_DEPRECATED’
   20 | BOOST_HEADER_DEPRECATED("<boost/range/reverse_iterator.hpp>")
      | ^~~~~~~~~~~~~~~~~~~~~~~
[ 21%] Building CXX object CMakeFiles/preciceCore.dir/src/profiling/EventUtils.cpp.o
In file included from /opt/apps/resif/aion/2020b/epyc/software/Boost/1.74.0-GCC-10.2.0/include/boost/config/header_deprecated.hpp:18,
                 from /opt/apps/resif/aion/2020b/epyc/software/Boost/1.74.0-GCC-10.2.0/include/boost/range/result_iterator.hpp:18,
                 from /opt/apps/resif/aion/2020b/epyc/software/Boost/1.74.0-GCC-10.2.0/include/boost/range/metafunctions.hpp:20,
                 from /opt/apps/resif/aion/2020b/epyc/software/Boost/1.74.0-GCC-10.2.0/include/boost/range.hpp:19,
                 from /home/users/mghavami/y2425-w02-compilation-on-hpc-AminGhavami/precice/precice-3.1.2/src/time/Storage.hpp:4,
                 from /home/users/mghavami/y2425-w02-compilation-on-hpc-AminGhavami/precice/precice-3.1.2/src/mesh/Data.hpp:11,
                 from /home/users/mghavami/y2425-w02-compilation-on-hpc-AminGhavami/precice/precice-3.1.2/src/mesh/Mesh.hpp:14,
                 from /home/users/mghavami/y2425-w02-compilation-on-hpc-AminGhavami/precice/precice-3.1.2/src/mapping/Mapping.hpp:6,
                 from /home/users/mghavami/y2425-w02-compilation-on-hpc-AminGhavami/precice/precice-3.1.2/src/action/Action.hpp:3,
                 from /home/users/mghavami/y2425-w02-compilation-on-hpc-AminGhavami/precice/precice-3.1.2/src/precice/impl/ParticipantImpl.hpp:10,
                 from /home/users/mghavami/y2425-w02-compilation-on-hpc-AminGhavami/precice/precice-3.1.2/src/precice/impl/ParticipantImpl.cpp:16:
/opt/apps/resif/aion/2020b/epyc/software/Boost/1.74.0-GCC-10.2.0/include/boost/config/pragma_message.hpp:24:34: note: ‘#pragma message: This header is deprecated. Use <boost/range/iterator.hpp> instead.’
   24 | # define BOOST_PRAGMA_MESSAGE(x) _Pragma(BOOST_STRINGIZE(message(x)))
      |                                  ^~~~~~~
/opt/apps/resif/aion/2020b/epyc/software/Boost/1.74.0-GCC-10.2.0/include/boost/config/pragma_message.hpp:24:34: note: in definition of macro ‘BOOST_PRAGMA_MESSAGE’
   24 | # define BOOST_PRAGMA_MESSAGE(x) _Pragma(BOOST_STRINGIZE(message(x)))
      |                                  ^~~~~~~
/opt/apps/resif/aion/2020b/epyc/software/Boost/1.74.0-GCC-10.2.0/include/boost/range/result_iterator.hpp:20:1: note: in expansion of macro ‘BOOST_HEADER_DEPRECATED’
   20 | BOOST_HEADER_DEPRECATED("<boost/range/iterator.hpp>")
      | ^~~~~~~~~~~~~~~~~~~~~~~
/opt/apps/resif/aion/2020b/epyc/software/Boost/1.74.0-GCC-10.2.0/include/boost/config/pragma_message.hpp:24:34: note: ‘#pragma message: This header is deprecated. Use <boost/range/reverse_iterator.hpp> instead.’
   24 | # define BOOST_PRAGMA_MESSAGE(x) _Pragma(BOOST_STRINGIZE(message(x)))
      |                                  ^~~~~~~
/opt/apps/resif/aion/2020b/epyc/software/Boost/1.74.0-GCC-10.2.0/include/boost/config/pragma_message.hpp:24:34: note: in definition of macro ‘BOOST_PRAGMA_MESSAGE’
   24 | # define BOOST_PRAGMA_MESSAGE(x) _Pragma(BOOST_STRINGIZE(message(x)))
      |                                  ^~~~~~~
/opt/apps/resif/aion/2020b/epyc/software/Boost/1.74.0-GCC-10.2.0/include/boost/range/const_reverse_iterator.hpp:20:1: note: in expansion of macro ‘BOOST_HEADER_DEPRECATED’
   20 | BOOST_HEADER_DEPRECATED("<boost/range/reverse_iterator.hpp>")
      | ^~~~~~~~~~~~~~~~~~~~~~~
/opt/apps/resif/aion/2020b/epyc/software/Boost/1.74.0-GCC-10.2.0/include/boost/config/pragma_message.hpp:24:34: note: ‘#pragma message: This header is deprecated. Use <boost/range/reverse_iterator.hpp> instead.’
   24 | # define BOOST_PRAGMA_MESSAGE(x) _Pragma(BOOST_STRINGIZE(message(x)))
      |                                  ^~~~~~~
/opt/apps/resif/aion/2020b/epyc/software/Boost/1.74.0-GCC-10.2.0/include/boost/config/pragma_message.hpp:24:34: note: in definition of macro ‘BOOST_PRAGMA_MESSAGE’
   24 | # define BOOST_PRAGMA_MESSAGE(x) _Pragma(BOOST_STRINGIZE(message(x)))
      |                                  ^~~~~~~
/opt/apps/resif/aion/2020b/epyc/software/Boost/1.74.0-GCC-10.2.0/include/boost/range/reverse_result_iterator.hpp:20:1: note: in expansion of macro ‘BOOST_HEADER_DEPRECATED’
   20 | BOOST_HEADER_DEPRECATED("<boost/range/reverse_iterator.hpp>")
      | ^~~~~~~~~~~~~~~~~~~~~~~
[ 21%] Building CXX object CMakeFiles/preciceCore.dir/src/profiling/config/ProfilingConfiguration.cpp.o
In file included from /opt/apps/resif/aion/2020b/epyc/software/Boost/1.74.0-GCC-10.2.0/include/boost/config/header_deprecated.hpp:18,
                 from /opt/apps/resif/aion/2020b/epyc/software/Boost/1.74.0-GCC-10.2.0/include/boost/range/result_iterator.hpp:18,
                 from /opt/apps/resif/aion/2020b/epyc/software/Boost/1.74.0-GCC-10.2.0/include/boost/range/metafunctions.hpp:20,
                 from /opt/apps/resif/aion/2020b/epyc/software/Boost/1.74.0-GCC-10.2.0/include/boost/range.hpp:19,
                 from /home/users/mghavami/y2425-w02-compilation-on-hpc-AminGhavami/precice/precice-3.1.2/src/time/Storage.hpp:4,
                 from /home/users/mghavami/y2425-w02-compilation-on-hpc-AminGhavami/precice/precice-3.1.2/src/mesh/Data.hpp:11,
                 from /home/users/mghavami/y2425-w02-compilation-on-hpc-AminGhavami/precice/precice-3.1.2/src/mesh/Mesh.hpp:14,
                 from /home/users/mghavami/y2425-w02-compilation-on-hpc-AminGhavami/precice/precice-3.1.2/src/partition/ReceivedPartition.hpp:8,
                 from /home/users/mghavami/y2425-w02-compilation-on-hpc-AminGhavami/precice/precice-3.1.2/src/precice/impl/ParticipantState.hpp:20,
                 from /home/users/mghavami/y2425-w02-compilation-on-hpc-AminGhavami/precice/precice-3.1.2/src/precice/impl/ParticipantState.cpp:1:
/opt/apps/resif/aion/2020b/epyc/software/Boost/1.74.0-GCC-10.2.0/include/boost/config/pragma_message.hpp:24:34: note: ‘#pragma message: This header is deprecated. Use <boost/range/iterator.hpp> instead.’
   24 | # define BOOST_PRAGMA_MESSAGE(x) _Pragma(BOOST_STRINGIZE(message(x)))
      |                                  ^~~~~~~
/opt/apps/resif/aion/2020b/epyc/software/Boost/1.74.0-GCC-10.2.0/include/boost/config/pragma_message.hpp:24:34: note: in definition of macro ‘BOOST_PRAGMA_MESSAGE’
   24 | # define BOOST_PRAGMA_MESSAGE(x) _Pragma(BOOST_STRINGIZE(message(x)))
      |                                  ^~~~~~~
/opt/apps/resif/aion/2020b/epyc/software/Boost/1.74.0-GCC-10.2.0/include/boost/range/result_iterator.hpp:20:1: note: in expansion of macro ‘BOOST_HEADER_DEPRECATED’
   20 | BOOST_HEADER_DEPRECATED("<boost/range/iterator.hpp>")
      | ^~~~~~~~~~~~~~~~~~~~~~~
/opt/apps/resif/aion/2020b/epyc/software/Boost/1.74.0-GCC-10.2.0/include/boost/config/pragma_message.hpp:24:34: note: ‘#pragma message: This header is deprecated. Use <boost/range/reverse_iterator.hpp> instead.’
   24 | # define BOOST_PRAGMA_MESSAGE(x) _Pragma(BOOST_STRINGIZE(message(x)))
      |                                  ^~~~~~~
/opt/apps/resif/aion/2020b/epyc/software/Boost/1.74.0-GCC-10.2.0/include/boost/config/pragma_message.hpp:24:34: note: in definition of macro ‘BOOST_PRAGMA_MESSAGE’
   24 | # define BOOST_PRAGMA_MESSAGE(x) _Pragma(BOOST_STRINGIZE(message(x)))
      |                                  ^~~~~~~
/opt/apps/resif/aion/2020b/epyc/software/Boost/1.74.0-GCC-10.2.0/include/boost/range/const_reverse_iterator.hpp:20:1: note: in expansion of macro ‘BOOST_HEADER_DEPRECATED’
   20 | BOOST_HEADER_DEPRECATED("<boost/range/reverse_iterator.hpp>")
      | ^~~~~~~~~~~~~~~~~~~~~~~
/opt/apps/resif/aion/2020b/epyc/software/Boost/1.74.0-GCC-10.2.0/include/boost/config/pragma_message.hpp:24:34: note: ‘#pragma message: This header is deprecated. Use <boost/range/reverse_iterator.hpp> instead.’
   24 | # define BOOST_PRAGMA_MESSAGE(x) _Pragma(BOOST_STRINGIZE(message(x)))
      |                                  ^~~~~~~
/opt/apps/resif/aion/2020b/epyc/software/Boost/1.74.0-GCC-10.2.0/include/boost/config/pragma_message.hpp:24:34: note: in definition of macro ‘BOOST_PRAGMA_MESSAGE’
   24 | # define BOOST_PRAGMA_MESSAGE(x) _Pragma(BOOST_STRINGIZE(message(x)))
      |                                  ^~~~~~~
/opt/apps/resif/aion/2020b/epyc/software/Boost/1.74.0-GCC-10.2.0/include/boost/range/reverse_result_iterator.hpp:20:1: note: in expansion of macro ‘BOOST_HEADER_DEPRECATED’
   20 | BOOST_HEADER_DEPRECATED("<boost/range/reverse_iterator.hpp>")
      | ^~~~~~~~~~~~~~~~~~~~~~~
In file included from /opt/apps/resif/aion/2020b/epyc/software/Boost/1.74.0-GCC-10.2.0/include/boost/config/header_deprecated.hpp:18,
                 from /opt/apps/resif/aion/2020b/epyc/software/Boost/1.74.0-GCC-10.2.0/include/boost/range/result_iterator.hpp:18,
                 from /opt/apps/resif/aion/2020b/epyc/software/Boost/1.74.0-GCC-10.2.0/include/boost/range/metafunctions.hpp:20,
                 from /opt/apps/resif/aion/2020b/epyc/software/Boost/1.74.0-GCC-10.2.0/include/boost/range.hpp:19,
                 from /home/users/mghavami/y2425-w02-compilation-on-hpc-AminGhavami/precice/precice-3.1.2/src/time/Storage.hpp:4,
                 from /home/users/mghavami/y2425-w02-compilation-on-hpc-AminGhavami/precice/precice-3.1.2/src/mesh/Data.hpp:11,
                 from /home/users/mghavami/y2425-w02-compilation-on-hpc-AminGhavami/precice/precice-3.1.2/src/mesh/Mesh.hpp:14,
                 from /home/users/mghavami/y2425-w02-compilation-on-hpc-AminGhavami/precice/precice-3.1.2/src/mapping/Mapping.hpp:6,
                 from /home/users/mghavami/y2425-w02-compilation-on-hpc-AminGhavami/precice/precice-3.1.2/src/precice/impl/MappingContext.hpp:3,
                 from /home/users/mghavami/y2425-w02-compilation-on-hpc-AminGhavami/precice/precice-3.1.2/src/precice/impl/DataContext.hpp:7,
                 from /home/users/mghavami/y2425-w02-compilation-on-hpc-AminGhavami/precice/precice-3.1.2/src/precice/impl/ReadDataContext.hpp:5,
                 from /home/users/mghavami/y2425-w02-compilation-on-hpc-AminGhavami/precice/precice-3.1.2/src/precice/impl/ReadDataContext.cpp:1:
/opt/apps/resif/aion/2020b/epyc/software/Boost/1.74.0-GCC-10.2.0/include/boost/config/pragma_message.hpp:24:34: note: ‘#pragma message: This header is deprecated. Use <boost/range/iterator.hpp> instead.’
   24 | # define BOOST_PRAGMA_MESSAGE(x) _Pragma(BOOST_STRINGIZE(message(x)))
      |                                  ^~~~~~~
/opt/apps/resif/aion/2020b/epyc/software/Boost/1.74.0-GCC-10.2.0/include/boost/config/pragma_message.hpp:24:34: note: in definition of macro ‘BOOST_PRAGMA_MESSAGE’
   24 | # define BOOST_PRAGMA_MESSAGE(x) _Pragma(BOOST_STRINGIZE(message(x)))
      |                                  ^~~~~~~
/opt/apps/resif/aion/2020b/epyc/software/Boost/1.74.0-GCC-10.2.0/include/boost/range/result_iterator.hpp:20:1: note: in expansion of macro ‘BOOST_HEADER_DEPRECATED’
   20 | BOOST_HEADER_DEPRECATED("<boost/range/iterator.hpp>")
      | ^~~~~~~~~~~~~~~~~~~~~~~
/opt/apps/resif/aion/2020b/epyc/software/Boost/1.74.0-GCC-10.2.0/include/boost/config/pragma_message.hpp:24:34: note: ‘#pragma message: This header is deprecated. Use <boost/range/reverse_iterator.hpp> instead.’
   24 | # define BOOST_PRAGMA_MESSAGE(x) _Pragma(BOOST_STRINGIZE(message(x)))
      |                                  ^~~~~~~
/opt/apps/resif/aion/2020b/epyc/software/Boost/1.74.0-GCC-10.2.0/include/boost/config/pragma_message.hpp:24:34: note: in definition of macro ‘BOOST_PRAGMA_MESSAGE’
   24 | # define BOOST_PRAGMA_MESSAGE(x) _Pragma(BOOST_STRINGIZE(message(x)))
      |                                  ^~~~~~~
/opt/apps/resif/aion/2020b/epyc/software/Boost/1.74.0-GCC-10.2.0/include/boost/range/const_reverse_iterator.hpp:20:1: note: in expansion of macro ‘BOOST_HEADER_DEPRECATED’
   20 | BOOST_HEADER_DEPRECATED("<boost/range/reverse_iterator.hpp>")
      | ^~~~~~~~~~~~~~~~~~~~~~~
/opt/apps/resif/aion/2020b/epyc/software/Boost/1.74.0-GCC-10.2.0/include/boost/config/pragma_message.hpp:24:34: note: ‘#pragma message: This header is deprecated. Use <boost/range/reverse_iterator.hpp> instead.’
   24 | # define BOOST_PRAGMA_MESSAGE(x) _Pragma(BOOST_STRINGIZE(message(x)))
      |                                  ^~~~~~~
/opt/apps/resif/aion/2020b/epyc/software/Boost/1.74.0-GCC-10.2.0/include/boost/config/pragma_message.hpp:24:34: note: in definition of macro ‘BOOST_PRAGMA_MESSAGE’
   24 | # define BOOST_PRAGMA_MESSAGE(x) _Pragma(BOOST_STRINGIZE(message(x)))
      |                                  ^~~~~~~
/opt/apps/resif/aion/2020b/epyc/software/Boost/1.74.0-GCC-10.2.0/include/boost/range/reverse_result_iterator.hpp:20:1: note: in expansion of macro ‘BOOST_HEADER_DEPRECATED’
   20 | BOOST_HEADER_DEPRECATED("<boost/range/reverse_iterator.hpp>")
      | ^~~~~~~~~~~~~~~~~~~~~~~
In file included from /opt/apps/resif/aion/2020b/epyc/software/Boost/1.74.0-GCC-10.2.0/include/boost/config/header_deprecated.hpp:18,
                 from /opt/apps/resif/aion/2020b/epyc/software/Boost/1.74.0-GCC-10.2.0/include/boost/range/result_iterator.hpp:18,
                 from /opt/apps/resif/aion/2020b/epyc/software/Boost/1.74.0-GCC-10.2.0/include/boost/range/metafunctions.hpp:20,
                 from /opt/apps/resif/aion/2020b/epyc/software/Boost/1.74.0-GCC-10.2.0/include/boost/range.hpp:19,
                 from /home/users/mghavami/y2425-w02-compilation-on-hpc-AminGhavami/precice/precice-3.1.2/src/time/Storage.hpp:4,
                 from /home/users/mghavami/y2425-w02-compilation-on-hpc-AminGhavami/precice/precice-3.1.2/src/mesh/Data.hpp:11,
                 from /home/users/mghavami/y2425-w02-compilation-on-hpc-AminGhavami/precice/precice-3.1.2/src/precice/impl/WatchIntegral.cpp:4:
/opt/apps/resif/aion/2020b/epyc/software/Boost/1.74.0-GCC-10.2.0/include/boost/config/pragma_message.hpp:24:34: note: ‘#pragma message: This header is deprecated. Use <boost/range/iterator.hpp> instead.’
   24 | # define BOOST_PRAGMA_MESSAGE(x) _Pragma(BOOST_STRINGIZE(message(x)))
      |                                  ^~~~~~~
/opt/apps/resif/aion/2020b/epyc/software/Boost/1.74.0-GCC-10.2.0/include/boost/config/pragma_message.hpp:24:34: note: in definition of macro ‘BOOST_PRAGMA_MESSAGE’
   24 | # define BOOST_PRAGMA_MESSAGE(x) _Pragma(BOOST_STRINGIZE(message(x)))
      |                                  ^~~~~~~
/opt/apps/resif/aion/2020b/epyc/software/Boost/1.74.0-GCC-10.2.0/include/boost/range/result_iterator.hpp:20:1: note: in expansion of macro ‘BOOST_HEADER_DEPRECATED’
   20 | BOOST_HEADER_DEPRECATED("<boost/range/iterator.hpp>")
      | ^~~~~~~~~~~~~~~~~~~~~~~
/opt/apps/resif/aion/2020b/epyc/software/Boost/1.74.0-GCC-10.2.0/include/boost/config/pragma_message.hpp:24:34: note: ‘#pragma message: This header is deprecated. Use <boost/range/reverse_iterator.hpp> instead.’
   24 | # define BOOST_PRAGMA_MESSAGE(x) _Pragma(BOOST_STRINGIZE(message(x)))
      |                                  ^~~~~~~
/opt/apps/resif/aion/2020b/epyc/software/Boost/1.74.0-GCC-10.2.0/include/boost/config/pragma_message.hpp:24:34: note: in definition of macro ‘BOOST_PRAGMA_MESSAGE’
   24 | # define BOOST_PRAGMA_MESSAGE(x) _Pragma(BOOST_STRINGIZE(message(x)))
      |                                  ^~~~~~~
/opt/apps/resif/aion/2020b/epyc/software/Boost/1.74.0-GCC-10.2.0/include/boost/range/const_reverse_iterator.hpp:20:1: note: in expansion of macro ‘BOOST_HEADER_DEPRECATED’
   20 | BOOST_HEADER_DEPRECATED("<boost/range/reverse_iterator.hpp>")
      | ^~~~~~~~~~~~~~~~~~~~~~~
/opt/apps/resif/aion/2020b/epyc/software/Boost/1.74.0-GCC-10.2.0/include/boost/config/pragma_message.hpp:24:34: note: ‘#pragma message: This header is deprecated. Use <boost/range/reverse_iterator.hpp> instead.’
   24 | # define BOOST_PRAGMA_MESSAGE(x) _Pragma(BOOST_STRINGIZE(message(x)))
      |                                  ^~~~~~~
/opt/apps/resif/aion/2020b/epyc/software/Boost/1.74.0-GCC-10.2.0/include/boost/config/pragma_message.hpp:24:34: note: in definition of macro ‘BOOST_PRAGMA_MESSAGE’
   24 | # define BOOST_PRAGMA_MESSAGE(x) _Pragma(BOOST_STRINGIZE(message(x)))
      |                                  ^~~~~~~
/opt/apps/resif/aion/2020b/epyc/software/Boost/1.74.0-GCC-10.2.0/include/boost/range/reverse_result_iterator.hpp:20:1: note: in expansion of macro ‘BOOST_HEADER_DEPRECATED’
   20 | BOOST_HEADER_DEPRECATED("<boost/range/reverse_iterator.hpp>")
      | ^~~~~~~~~~~~~~~~~~~~~~~
[ 21%] Building CXX object CMakeFiles/preciceCore.dir/src/query/Index.cpp.o
[ 22%] Building CXX object CMakeFiles/preciceCore.dir/src/time/Storage.cpp.o
In file included from /opt/apps/resif/aion/2020b/epyc/software/Boost/1.74.0-GCC-10.2.0/include/boost/config/header_deprecated.hpp:18,
                 from /opt/apps/resif/aion/2020b/epyc/software/Boost/1.74.0-GCC-10.2.0/include/boost/range/result_iterator.hpp:18,
                 from /opt/apps/resif/aion/2020b/epyc/software/Boost/1.74.0-GCC-10.2.0/include/boost/range/metafunctions.hpp:20,
                 from /opt/apps/resif/aion/2020b/epyc/software/Boost/1.74.0-GCC-10.2.0/include/boost/range.hpp:19,
                 from /home/users/mghavami/y2425-w02-compilation-on-hpc-AminGhavami/precice/precice-3.1.2/src/time/Storage.hpp:4,
                 from /home/users/mghavami/y2425-w02-compilation-on-hpc-AminGhavami/precice/precice-3.1.2/src/mesh/Data.hpp:11,
                 from /home/users/mghavami/y2425-w02-compilation-on-hpc-AminGhavami/precice/precice-3.1.2/src/precice/impl/WatchPoint.cpp:13:
/opt/apps/resif/aion/2020b/epyc/software/Boost/1.74.0-GCC-10.2.0/include/boost/config/pragma_message.hpp:24:34: note: ‘#pragma message: This header is deprecated. Use <boost/range/iterator.hpp> instead.’
   24 | # define BOOST_PRAGMA_MESSAGE(x) _Pragma(BOOST_STRINGIZE(message(x)))
      |                                  ^~~~~~~
/opt/apps/resif/aion/2020b/epyc/software/Boost/1.74.0-GCC-10.2.0/include/boost/config/pragma_message.hpp:24:34: note: in definition of macro ‘BOOST_PRAGMA_MESSAGE’
   24 | # define BOOST_PRAGMA_MESSAGE(x) _Pragma(BOOST_STRINGIZE(message(x)))
      |                                  ^~~~~~~
/opt/apps/resif/aion/2020b/epyc/software/Boost/1.74.0-GCC-10.2.0/include/boost/range/result_iterator.hpp:20:1: note: in expansion of macro ‘BOOST_HEADER_DEPRECATED’
   20 | BOOST_HEADER_DEPRECATED("<boost/range/iterator.hpp>")
      | ^~~~~~~~~~~~~~~~~~~~~~~
/opt/apps/resif/aion/2020b/epyc/software/Boost/1.74.0-GCC-10.2.0/include/boost/config/pragma_message.hpp:24:34: note: ‘#pragma message: This header is deprecated. Use <boost/range/reverse_iterator.hpp> instead.’
   24 | # define BOOST_PRAGMA_MESSAGE(x) _Pragma(BOOST_STRINGIZE(message(x)))
      |                                  ^~~~~~~
/opt/apps/resif/aion/2020b/epyc/software/Boost/1.74.0-GCC-10.2.0/include/boost/config/pragma_message.hpp:24:34: note: in definition of macro ‘BOOST_PRAGMA_MESSAGE’
   24 | # define BOOST_PRAGMA_MESSAGE(x) _Pragma(BOOST_STRINGIZE(message(x)))
      |                                  ^~~~~~~
/opt/apps/resif/aion/2020b/epyc/software/Boost/1.74.0-GCC-10.2.0/include/boost/range/const_reverse_iterator.hpp:20:1: note: in expansion of macro ‘BOOST_HEADER_DEPRECATED’
   20 | BOOST_HEADER_DEPRECATED("<boost/range/reverse_iterator.hpp>")
      | ^~~~~~~~~~~~~~~~~~~~~~~
/opt/apps/resif/aion/2020b/epyc/software/Boost/1.74.0-GCC-10.2.0/include/boost/config/pragma_message.hpp:24:34: note: ‘#pragma message: This header is deprecated. Use <boost/range/reverse_iterator.hpp> instead.’
   24 | # define BOOST_PRAGMA_MESSAGE(x) _Pragma(BOOST_STRINGIZE(message(x)))
      |                                  ^~~~~~~
/opt/apps/resif/aion/2020b/epyc/software/Boost/1.74.0-GCC-10.2.0/include/boost/config/pragma_message.hpp:24:34: note: in definition of macro ‘BOOST_PRAGMA_MESSAGE’
   24 | # define BOOST_PRAGMA_MESSAGE(x) _Pragma(BOOST_STRINGIZE(message(x)))
      |                                  ^~~~~~~
/opt/apps/resif/aion/2020b/epyc/software/Boost/1.74.0-GCC-10.2.0/include/boost/range/reverse_result_iterator.hpp:20:1: note: in expansion of macro ‘BOOST_HEADER_DEPRECATED’
   20 | BOOST_HEADER_DEPRECATED("<boost/range/reverse_iterator.hpp>")
      | ^~~~~~~~~~~~~~~~~~~~~~~
[ 22%] Building CXX object CMakeFiles/preciceCore.dir/src/time/Time.cpp.o
[ 22%] Building CXX object CMakeFiles/preciceCore.dir/src/time/Waveform.cpp.o
[ 22%] Building CXX object CMakeFiles/preciceCore.dir/src/utils/Dimensions.cpp.o
[ 22%] Building CXX object CMakeFiles/preciceCore.dir/src/utils/EigenHelperFunctions.cpp.o
[ 23%] Building CXX object CMakeFiles/preciceCore.dir/src/utils/Helpers.cpp.o
In file included from /opt/apps/resif/aion/2020b/epyc/software/Boost/1.74.0-GCC-10.2.0/include/boost/config/header_deprecated.hpp:18,
                 from /opt/apps/resif/aion/2020b/epyc/software/Boost/1.74.0-GCC-10.2.0/include/boost/range/result_iterator.hpp:18,
                 from /opt/apps/resif/aion/2020b/epyc/software/Boost/1.74.0-GCC-10.2.0/include/boost/range/metafunctions.hpp:20,
                 from /opt/apps/resif/aion/2020b/epyc/software/Boost/1.74.0-GCC-10.2.0/include/boost/range.hpp:19,
                 from /home/users/mghavami/y2425-w02-compilation-on-hpc-AminGhavami/precice/precice-3.1.2/src/time/Storage.hpp:4,
                 from /home/users/mghavami/y2425-w02-compilation-on-hpc-AminGhavami/precice/precice-3.1.2/src/mesh/Data.hpp:11,
                 from /home/users/mghavami/y2425-w02-compilation-on-hpc-AminGhavami/precice/precice-3.1.2/src/mesh/Mesh.hpp:14,
                 from /home/users/mghavami/y2425-w02-compilation-on-hpc-AminGhavami/precice/precice-3.1.2/src/mapping/Mapping.hpp:6,
                 from /home/users/mghavami/y2425-w02-compilation-on-hpc-AminGhavami/precice/precice-3.1.2/src/precice/impl/MappingContext.hpp:3,
                 from /home/users/mghavami/y2425-w02-compilation-on-hpc-AminGhavami/precice/precice-3.1.2/src/precice/impl/DataContext.hpp:7,
                 from /home/users/mghavami/y2425-w02-compilation-on-hpc-AminGhavami/precice/precice-3.1.2/src/precice/impl/WriteDataContext.hpp:5,
                 from /home/users/mghavami/y2425-w02-compilation-on-hpc-AminGhavami/precice/precice-3.1.2/src/precice/impl/WriteDataContext.cpp:1:
/opt/apps/resif/aion/2020b/epyc/software/Boost/1.74.0-GCC-10.2.0/include/boost/config/pragma_message.hpp:24:34: note: ‘#pragma message: This header is deprecated. Use <boost/range/iterator.hpp> instead.’
   24 | # define BOOST_PRAGMA_MESSAGE(x) _Pragma(BOOST_STRINGIZE(message(x)))
      |                                  ^~~~~~~
/opt/apps/resif/aion/2020b/epyc/software/Boost/1.74.0-GCC-10.2.0/include/boost/config/pragma_message.hpp:24:34: note: in definition of macro ‘BOOST_PRAGMA_MESSAGE’
   24 | # define BOOST_PRAGMA_MESSAGE(x) _Pragma(BOOST_STRINGIZE(message(x)))
      |                                  ^~~~~~~
/opt/apps/resif/aion/2020b/epyc/software/Boost/1.74.0-GCC-10.2.0/include/boost/range/result_iterator.hpp:20:1: note: in expansion of macro ‘BOOST_HEADER_DEPRECATED’
   20 | BOOST_HEADER_DEPRECATED("<boost/range/iterator.hpp>")
      | ^~~~~~~~~~~~~~~~~~~~~~~
/opt/apps/resif/aion/2020b/epyc/software/Boost/1.74.0-GCC-10.2.0/include/boost/config/pragma_message.hpp:24:34: note: ‘#pragma message: This header is deprecated. Use <boost/range/reverse_iterator.hpp> instead.’
   24 | # define BOOST_PRAGMA_MESSAGE(x) _Pragma(BOOST_STRINGIZE(message(x)))
      |                                  ^~~~~~~
/opt/apps/resif/aion/2020b/epyc/software/Boost/1.74.0-GCC-10.2.0/include/boost/config/pragma_message.hpp:24:34: note: in definition of macro ‘BOOST_PRAGMA_MESSAGE’
   24 | # define BOOST_PRAGMA_MESSAGE(x) _Pragma(BOOST_STRINGIZE(message(x)))
      |                                  ^~~~~~~
/opt/apps/resif/aion/2020b/epyc/software/Boost/1.74.0-GCC-10.2.0/include/boost/range/const_reverse_iterator.hpp:20:1: note: in expansion of macro ‘BOOST_HEADER_DEPRECATED’
   20 | BOOST_HEADER_DEPRECATED("<boost/range/reverse_iterator.hpp>")
      | ^~~~~~~~~~~~~~~~~~~~~~~
/opt/apps/resif/aion/2020b/epyc/software/Boost/1.74.0-GCC-10.2.0/include/boost/config/pragma_message.hpp:24:34: note: ‘#pragma message: This header is deprecated. Use <boost/range/reverse_iterator.hpp> instead.’
   24 | # define BOOST_PRAGMA_MESSAGE(x) _Pragma(BOOST_STRINGIZE(message(x)))
      |                                  ^~~~~~~
/opt/apps/resif/aion/2020b/epyc/software/Boost/1.74.0-GCC-10.2.0/include/boost/config/pragma_message.hpp:24:34: note: in definition of macro ‘BOOST_PRAGMA_MESSAGE’
   24 | # define BOOST_PRAGMA_MESSAGE(x) _Pragma(BOOST_STRINGIZE(message(x)))
      |                                  ^~~~~~~
/opt/apps/resif/aion/2020b/epyc/software/Boost/1.74.0-GCC-10.2.0/include/boost/range/reverse_result_iterator.hpp:20:1: note: in expansion of macro ‘BOOST_HEADER_DEPRECATED’
   20 | BOOST_HEADER_DEPRECATED("<boost/range/reverse_iterator.hpp>")
      | ^~~~~~~~~~~~~~~~~~~~~~~
[ 23%] Building CXX object CMakeFiles/preciceCore.dir/src/utils/IntraComm.cpp.o
[ 23%] Building CXX object CMakeFiles/preciceCore.dir/src/utils/ManageUniqueIDs.cpp.o
[ 23%] Building CXX object CMakeFiles/preciceCore.dir/src/utils/Parallel.cpp.o
In file included from /opt/apps/resif/aion/2020b/epyc/software/Boost/1.74.0-GCC-10.2.0/include/boost/config/header_deprecated.hpp:18,
                 from /opt/apps/resif/aion/2020b/epyc/software/Boost/1.74.0-GCC-10.2.0/include/boost/range/result_iterator.hpp:18,
                 from /opt/apps/resif/aion/2020b/epyc/software/Boost/1.74.0-GCC-10.2.0/include/boost/range/metafunctions.hpp:20,
                 from /opt/apps/resif/aion/2020b/epyc/software/Boost/1.74.0-GCC-10.2.0/include/boost/range.hpp:19,
                 from /home/users/mghavami/y2425-w02-compilation-on-hpc-AminGhavami/precice/precice-3.1.2/src/time/Storage.cpp:1:
/opt/apps/resif/aion/2020b/epyc/software/Boost/1.74.0-GCC-10.2.0/include/boost/config/pragma_message.hpp:24:34: note: ‘#pragma message: This header is deprecated. Use <boost/range/iterator.hpp> instead.’
   24 | # define BOOST_PRAGMA_MESSAGE(x) _Pragma(BOOST_STRINGIZE(message(x)))
      |                                  ^~~~~~~
/opt/apps/resif/aion/2020b/epyc/software/Boost/1.74.0-GCC-10.2.0/include/boost/config/header_deprecated.hpp:23:37: note: in expansion of macro ‘BOOST_PRAGMA_MESSAGE’
   23 | # define BOOST_HEADER_DEPRECATED(a) BOOST_PRAGMA_MESSAGE("This header is deprecated. Use " a " instead.")
      |                                     ^~~~~~~~~~~~~~~~~~~~
/opt/apps/resif/aion/2020b/epyc/software/Boost/1.74.0-GCC-10.2.0/include/boost/range/result_iterator.hpp:20:1: note: in expansion of macro ‘BOOST_HEADER_DEPRECATED’
   20 | BOOST_HEADER_DEPRECATED("<boost/range/iterator.hpp>")
      | ^~~~~~~~~~~~~~~~~~~~~~~
/opt/apps/resif/aion/2020b/epyc/software/Boost/1.74.0-GCC-10.2.0/include/boost/config/pragma_message.hpp:24:34: note: ‘#pragma message: This header is deprecated. Use <boost/range/reverse_iterator.hpp> instead.’
   24 | # define BOOST_PRAGMA_MESSAGE(x) _Pragma(BOOST_STRINGIZE(message(x)))
      |                                  ^~~~~~~
/opt/apps/resif/aion/2020b/epyc/software/Boost/1.74.0-GCC-10.2.0/include/boost/config/header_deprecated.hpp:23:37: note: in expansion of macro ‘BOOST_PRAGMA_MESSAGE’
   23 | # define BOOST_HEADER_DEPRECATED(a) BOOST_PRAGMA_MESSAGE("This header is deprecated. Use " a " instead.")
      |                                     ^~~~~~~~~~~~~~~~~~~~
/opt/apps/resif/aion/2020b/epyc/software/Boost/1.74.0-GCC-10.2.0/include/boost/range/const_reverse_iterator.hpp:20:1: note: in expansion of macro ‘BOOST_HEADER_DEPRECATED’
   20 | BOOST_HEADER_DEPRECATED("<boost/range/reverse_iterator.hpp>")
      | ^~~~~~~~~~~~~~~~~~~~~~~
/opt/apps/resif/aion/2020b/epyc/software/Boost/1.74.0-GCC-10.2.0/include/boost/config/pragma_message.hpp:24:34: note: ‘#pragma message: This header is deprecated. Use <boost/range/reverse_iterator.hpp> instead.’
   24 | # define BOOST_PRAGMA_MESSAGE(x) _Pragma(BOOST_STRINGIZE(message(x)))
      |                                  ^~~~~~~
/opt/apps/resif/aion/2020b/epyc/software/Boost/1.74.0-GCC-10.2.0/include/boost/config/header_deprecated.hpp:23:37: note: in expansion of macro ‘BOOST_PRAGMA_MESSAGE’
   23 | # define BOOST_HEADER_DEPRECATED(a) BOOST_PRAGMA_MESSAGE("This header is deprecated. Use " a " instead.")
      |                                     ^~~~~~~~~~~~~~~~~~~~
/opt/apps/resif/aion/2020b/epyc/software/Boost/1.74.0-GCC-10.2.0/include/boost/range/reverse_result_iterator.hpp:20:1: note: in expansion of macro ‘BOOST_HEADER_DEPRECATED’
   20 | BOOST_HEADER_DEPRECATED("<boost/range/reverse_iterator.hpp>")
      | ^~~~~~~~~~~~~~~~~~~~~~~
[ 23%] Building CXX object CMakeFiles/preciceCore.dir/src/utils/Petsc.cpp.o
[ 24%] Building CXX object CMakeFiles/preciceCore.dir/src/utils/String.cpp.o
[ 24%] Building CXX object CMakeFiles/preciceCore.dir/src/utils/TableWriter.cpp.o
[ 24%] Building CXX object CMakeFiles/preciceCore.dir/src/utils/networking.cpp.o
[ 24%] Building CXX object CMakeFiles/preciceCore.dir/src/utils/stacktrace.cpp.o
[ 24%] Building CXX object CMakeFiles/preciceCore.dir/src/xml/ConfigParser.cpp.o
[ 24%] Building CXX object CMakeFiles/preciceCore.dir/src/xml/Printer.cpp.o
[ 25%] Building CXX object CMakeFiles/preciceCore.dir/src/xml/ValueParser.cpp.o
[ 25%] Building CXX object CMakeFiles/preciceCore.dir/src/xml/XMLTag.cpp.o
In file included from /opt/apps/resif/aion/2020b/epyc/software/Boost/1.74.0-GCC-10.2.0/include/boost/config/header_deprecated.hpp:18,
                 from /opt/apps/resif/aion/2020b/epyc/software/Boost/1.74.0-GCC-10.2.0/include/boost/range/result_iterator.hpp:18,
                 from /opt/apps/resif/aion/2020b/epyc/software/Boost/1.74.0-GCC-10.2.0/include/boost/range/metafunctions.hpp:20,
                 from /opt/apps/resif/aion/2020b/epyc/software/Boost/1.74.0-GCC-10.2.0/include/boost/range.hpp:19,
                 from /home/users/mghavami/y2425-w02-compilation-on-hpc-AminGhavami/precice/precice-3.1.2/src/time/Storage.hpp:4,
                 from /home/users/mghavami/y2425-w02-compilation-on-hpc-AminGhavami/precice/precice-3.1.2/src/mesh/Data.hpp:11,
                 from /home/users/mghavami/y2425-w02-compilation-on-hpc-AminGhavami/precice/precice-3.1.2/src/time/Waveform.cpp:6:
/opt/apps/resif/aion/2020b/epyc/software/Boost/1.74.0-GCC-10.2.0/include/boost/config/pragma_message.hpp:24:34: note: ‘#pragma message: This header is deprecated. Use <boost/range/iterator.hpp> instead.’
   24 | # define BOOST_PRAGMA_MESSAGE(x) _Pragma(BOOST_STRINGIZE(message(x)))
      |                                  ^~~~~~~
/opt/apps/resif/aion/2020b/epyc/software/Boost/1.74.0-GCC-10.2.0/include/boost/config/pragma_message.hpp:24:34: note: in definition of macro ‘BOOST_PRAGMA_MESSAGE’
   24 | # define BOOST_PRAGMA_MESSAGE(x) _Pragma(BOOST_STRINGIZE(message(x)))
      |                                  ^~~~~~~
/opt/apps/resif/aion/2020b/epyc/software/Boost/1.74.0-GCC-10.2.0/include/boost/range/result_iterator.hpp:20:1: note: in expansion of macro ‘BOOST_HEADER_DEPRECATED’
   20 | BOOST_HEADER_DEPRECATED("<boost/range/iterator.hpp>")
      | ^~~~~~~~~~~~~~~~~~~~~~~
/opt/apps/resif/aion/2020b/epyc/software/Boost/1.74.0-GCC-10.2.0/include/boost/config/pragma_message.hpp:24:34: note: ‘#pragma message: This header is deprecated. Use <boost/range/reverse_iterator.hpp> instead.’
   24 | # define BOOST_PRAGMA_MESSAGE(x) _Pragma(BOOST_STRINGIZE(message(x)))
      |                                  ^~~~~~~
/opt/apps/resif/aion/2020b/epyc/software/Boost/1.74.0-GCC-10.2.0/include/boost/config/pragma_message.hpp:24:34: note: in definition of macro ‘BOOST_PRAGMA_MESSAGE’
   24 | # define BOOST_PRAGMA_MESSAGE(x) _Pragma(BOOST_STRINGIZE(message(x)))
      |                                  ^~~~~~~
/opt/apps/resif/aion/2020b/epyc/software/Boost/1.74.0-GCC-10.2.0/include/boost/range/const_reverse_iterator.hpp:20:1: note: in expansion of macro ‘BOOST_HEADER_DEPRECATED’
   20 | BOOST_HEADER_DEPRECATED("<boost/range/reverse_iterator.hpp>")
      | ^~~~~~~~~~~~~~~~~~~~~~~
/opt/apps/resif/aion/2020b/epyc/software/Boost/1.74.0-GCC-10.2.0/include/boost/config/pragma_message.hpp:24:34: note: ‘#pragma message: This header is deprecated. Use <boost/range/reverse_iterator.hpp> instead.’
   24 | # define BOOST_PRAGMA_MESSAGE(x) _Pragma(BOOST_STRINGIZE(message(x)))
      |                                  ^~~~~~~
/opt/apps/resif/aion/2020b/epyc/software/Boost/1.74.0-GCC-10.2.0/include/boost/config/pragma_message.hpp:24:34: note: in definition of macro ‘BOOST_PRAGMA_MESSAGE’
   24 | # define BOOST_PRAGMA_MESSAGE(x) _Pragma(BOOST_STRINGIZE(message(x)))
      |                                  ^~~~~~~
/opt/apps/resif/aion/2020b/epyc/software/Boost/1.74.0-GCC-10.2.0/include/boost/range/reverse_result_iterator.hpp:20:1: note: in expansion of macro ‘BOOST_HEADER_DEPRECATED’
   20 | BOOST_HEADER_DEPRECATED("<boost/range/reverse_iterator.hpp>")
      | ^~~~~~~~~~~~~~~~~~~~~~~
[ 25%] Building CXX object CMakeFiles/preciceCore.dir/extras/bindings/c/src/preciceC.cpp.o
[ 25%] Building CXX object CMakeFiles/preciceCore.dir/extras/bindings/fortran/src/preciceFortran.cpp.o
In file included from /opt/apps/resif/aion/2020b/epyc/software/Boost/1.74.0-GCC-10.2.0/include/boost/math/tools/cxx03_warn.hpp:9,
                 from /opt/apps/resif/aion/2020b/epyc/software/Boost/1.74.0-GCC-10.2.0/include/boost/math/constants/constants.hpp:11,
                 from /opt/apps/resif/aion/2020b/epyc/software/Boost/1.74.0-GCC-10.2.0/include/boost/geometry/util/math.hpp:29,
                 from /opt/apps/resif/aion/2020b/epyc/software/Boost/1.74.0-GCC-10.2.0/include/boost/geometry/core/radian_access.hpp:33,
                 from /opt/apps/resif/aion/2020b/epyc/software/Boost/1.74.0-GCC-10.2.0/include/boost/geometry/geometry.hpp:51,
                 from /opt/apps/resif/aion/2020b/epyc/software/Boost/1.74.0-GCC-10.2.0/include/boost/geometry.hpp:17,
                 from /home/users/mghavami/y2425-w02-compilation-on-hpc-AminGhavami/precice/precice-3.1.2/src/query/impl/RTreeAdapter.hpp:4,
                 from /home/users/mghavami/y2425-w02-compilation-on-hpc-AminGhavami/precice/precice-3.1.2/src/query/Index.cpp:11:
/opt/apps/resif/aion/2020b/epyc/software/Boost/1.74.0-GCC-10.2.0/include/boost/config/pragma_message.hpp:24:34: note: ‘#pragma message: This header is deprecated. Use <boost/range/iterator.hpp> instead.’
   24 | # define BOOST_PRAGMA_MESSAGE(x) _Pragma(BOOST_STRINGIZE(message(x)))
      |                                  ^~~~~~~
/opt/apps/resif/aion/2020b/epyc/software/Boost/1.74.0-GCC-10.2.0/include/boost/config/pragma_message.hpp:24:34: note: in definition of macro ‘BOOST_PRAGMA_MESSAGE’
   24 | # define BOOST_PRAGMA_MESSAGE(x) _Pragma(BOOST_STRINGIZE(message(x)))
      |                                  ^~~~~~~
/opt/apps/resif/aion/2020b/epyc/software/Boost/1.74.0-GCC-10.2.0/include/boost/range/result_iterator.hpp:20:1: note: in expansion of macro ‘BOOST_HEADER_DEPRECATED’
   20 | BOOST_HEADER_DEPRECATED("<boost/range/iterator.hpp>")
      | ^~~~~~~~~~~~~~~~~~~~~~~
/opt/apps/resif/aion/2020b/epyc/software/Boost/1.74.0-GCC-10.2.0/include/boost/config/pragma_message.hpp:24:34: note: ‘#pragma message: This header is deprecated. Use <boost/range/reverse_iterator.hpp> instead.’
   24 | # define BOOST_PRAGMA_MESSAGE(x) _Pragma(BOOST_STRINGIZE(message(x)))
      |                                  ^~~~~~~
/opt/apps/resif/aion/2020b/epyc/software/Boost/1.74.0-GCC-10.2.0/include/boost/config/pragma_message.hpp:24:34: note: in definition of macro ‘BOOST_PRAGMA_MESSAGE’
   24 | # define BOOST_PRAGMA_MESSAGE(x) _Pragma(BOOST_STRINGIZE(message(x)))
      |                                  ^~~~~~~
/opt/apps/resif/aion/2020b/epyc/software/Boost/1.74.0-GCC-10.2.0/include/boost/range/const_reverse_iterator.hpp:20:1: note: in expansion of macro ‘BOOST_HEADER_DEPRECATED’
   20 | BOOST_HEADER_DEPRECATED("<boost/range/reverse_iterator.hpp>")
      | ^~~~~~~~~~~~~~~~~~~~~~~
/opt/apps/resif/aion/2020b/epyc/software/Boost/1.74.0-GCC-10.2.0/include/boost/config/pragma_message.hpp:24:34: note: ‘#pragma message: This header is deprecated. Use <boost/range/reverse_iterator.hpp> instead.’
   24 | # define BOOST_PRAGMA_MESSAGE(x) _Pragma(BOOST_STRINGIZE(message(x)))
      |                                  ^~~~~~~
/opt/apps/resif/aion/2020b/epyc/software/Boost/1.74.0-GCC-10.2.0/include/boost/config/pragma_message.hpp:24:34: note: in definition of macro ‘BOOST_PRAGMA_MESSAGE’
   24 | # define BOOST_PRAGMA_MESSAGE(x) _Pragma(BOOST_STRINGIZE(message(x)))
      |                                  ^~~~~~~
/opt/apps/resif/aion/2020b/epyc/software/Boost/1.74.0-GCC-10.2.0/include/boost/range/reverse_result_iterator.hpp:20:1: note: in expansion of macro ‘BOOST_HEADER_DEPRECATED’
   20 | BOOST_HEADER_DEPRECATED("<boost/range/reverse_iterator.hpp>")
      | ^~~~~~~~~~~~~~~~~~~~~~~
/opt/apps/resif/aion/2020b/epyc/software/Boost/1.74.0-GCC-10.2.0/include/boost/config/pragma_message.hpp:24:34: note: ‘#pragma message: This header is deprecated. Use <boost/core/no_exceptions_support.hpp> instead.’
   24 | # define BOOST_PRAGMA_MESSAGE(x) _Pragma(BOOST_STRINGIZE(message(x)))
      |                                  ^~~~~~~
/opt/apps/resif/aion/2020b/epyc/software/Boost/1.74.0-GCC-10.2.0/include/boost/config/pragma_message.hpp:24:34: note: in definition of macro ‘BOOST_PRAGMA_MESSAGE’
   24 | # define BOOST_PRAGMA_MESSAGE(x) _Pragma(BOOST_STRINGIZE(message(x)))
      |                                  ^~~~~~~
/opt/apps/resif/aion/2020b/epyc/software/Boost/1.74.0-GCC-10.2.0/include/boost/detail/no_exceptions_support.hpp:17:1: note: in expansion of macro ‘BOOST_HEADER_DEPRECATED’
   17 | BOOST_HEADER_DEPRECATED("<boost/core/no_exceptions_support.hpp>")
      | ^~~~~~~~~~~~~~~~~~~~~~~
[ 25%] Built target preciceCore
[ 25%] Linking CXX shared library libprecice.so
[ 26%] Building CXX object CMakeFiles/testprecice.dir/src/testing/main.cpp.o
[ 26%] Building CXX object CMakeFiles/testprecice.dir/src/acceleration/test/AccelerationIntraCommTest.cpp.o
[ 26%] Building CXX object CMakeFiles/testprecice.dir/src/acceleration/test/AccelerationSerialTest.cpp.o
[ 27%] Building CXX object CMakeFiles/testprecice.dir/src/acceleration/test/QRFactorizationTest.cpp.o
[ 27%] Building CXX object CMakeFiles/testprecice.dir/src/acceleration/test/SVDFactorizationTest.cpp.o
[ 27%] Building CXX object CMakeFiles/testprecice.dir/src/action/tests/PythonActionTest.cpp.o
[ 27%] Building CXX object CMakeFiles/testprecice.dir/src/action/tests/SummationActionTest.cpp.o
[ 27%] Building CXX object CMakeFiles/testprecice.dir/src/action/tests/ScaleActionTest.cpp.o
[ 27%] Building CXX object CMakeFiles/testprecice.dir/src/com/tests/CommunicateBoundingBoxTest.cpp.o
[ 27%] Building CXX object CMakeFiles/testprecice.dir/src/com/tests/MPISinglePortsCommunicationTest.cpp.o
[ 28%] Building CXX object CMakeFiles/testprecice.dir/src/com/tests/CommunicateMeshTest.cpp.o
[ 28%] Building CXX object CMakeFiles/testprecice.dir/src/com/tests/MPIDirectCommunicationTest.cpp.o
[ 28%] Building CXX object CMakeFiles/testprecice.dir/src/acceleration/test/PreconditionerTest.cpp.o
[ 28%] Building CXX object CMakeFiles/testprecice.dir/src/com/tests/MPIPortsCommunicationTest.cpp.o
[ 28%] Building CXX object CMakeFiles/testprecice.dir/src/acceleration/test/ParallelMatrixOperationsTest.cpp.o
[ 28%] Built target precice
[ 28%] Building CXX object CMakeFiles/precice-tools.dir/src/drivers/main.cpp.o
[ 29%] Linking CXX executable precice-tools
[ 29%] Built target precice-tools
[ 29%] Building CXX object CMakeFiles/testprecice.dir/src/com/tests/SerializedStamplesTest.cpp.o
In file included from /opt/apps/resif/aion/2020b/epyc/software/Boost/1.74.0-GCC-10.2.0/include/boost/config/header_deprecated.hpp:18,
                 from /opt/apps/resif/aion/2020b/epyc/software/Boost/1.74.0-GCC-10.2.0/include/boost/range/result_iterator.hpp:18,
                 from /opt/apps/resif/aion/2020b/epyc/software/Boost/1.74.0-GCC-10.2.0/include/boost/range/metafunctions.hpp:20,
                 from /opt/apps/resif/aion/2020b/epyc/software/Boost/1.74.0-GCC-10.2.0/include/boost/range.hpp:19,
                 from /home/users/mghavami/y2425-w02-compilation-on-hpc-AminGhavami/precice/precice-3.1.2/src/time/Storage.hpp:4,
                 from /home/users/mghavami/y2425-w02-compilation-on-hpc-AminGhavami/precice/precice-3.1.2/src/cplscheme/CouplingData.hpp:7,
                 from /home/users/mghavami/y2425-w02-compilation-on-hpc-AminGhavami/precice/precice-3.1.2/src/cplscheme/BaseCouplingScheme.hpp:12,
                 from /home/users/mghavami/y2425-w02-compilation-on-hpc-AminGhavami/precice/precice-3.1.2/src/acceleration/Acceleration.hpp:7,
                 from /home/users/mghavami/y2425-w02-compilation-on-hpc-AminGhavami/precice/precice-3.1.2/src/acceleration/test/QRFactorizationTest.cpp:3:
/opt/apps/resif/aion/2020b/epyc/software/Boost/1.74.0-GCC-10.2.0/include/boost/config/pragma_message.hpp:24:34: note: ‘#pragma message: This header is deprecated. Use <boost/range/iterator.hpp> instead.’
   24 | # define BOOST_PRAGMA_MESSAGE(x) _Pragma(BOOST_STRINGIZE(message(x)))
      |                                  ^~~~~~~
/opt/apps/resif/aion/2020b/epyc/software/Boost/1.74.0-GCC-10.2.0/include/boost/config/pragma_message.hpp:24:34: note: in definition of macro ‘BOOST_PRAGMA_MESSAGE’
   24 | # define BOOST_PRAGMA_MESSAGE(x) _Pragma(BOOST_STRINGIZE(message(x)))
      |                                  ^~~~~~~
/opt/apps/resif/aion/2020b/epyc/software/Boost/1.74.0-GCC-10.2.0/include/boost/range/result_iterator.hpp:20:1: note: in expansion of macro ‘BOOST_HEADER_DEPRECATED’
   20 | BOOST_HEADER_DEPRECATED("<boost/range/iterator.hpp>")
      | ^~~~~~~~~~~~~~~~~~~~~~~
/opt/apps/resif/aion/2020b/epyc/software/Boost/1.74.0-GCC-10.2.0/include/boost/config/pragma_message.hpp:24:34: note: ‘#pragma message: This header is deprecated. Use <boost/range/reverse_iterator.hpp> instead.’
   24 | # define BOOST_PRAGMA_MESSAGE(x) _Pragma(BOOST_STRINGIZE(message(x)))
      |                                  ^~~~~~~
/opt/apps/resif/aion/2020b/epyc/software/Boost/1.74.0-GCC-10.2.0/include/boost/config/pragma_message.hpp:24:34: note: in definition of macro ‘BOOST_PRAGMA_MESSAGE’
   24 | # define BOOST_PRAGMA_MESSAGE(x) _Pragma(BOOST_STRINGIZE(message(x)))
      |                                  ^~~~~~~
/opt/apps/resif/aion/2020b/epyc/software/Boost/1.74.0-GCC-10.2.0/include/boost/range/const_reverse_iterator.hpp:20:1: note: in expansion of macro ‘BOOST_HEADER_DEPRECATED’
   20 | BOOST_HEADER_DEPRECATED("<boost/range/reverse_iterator.hpp>")
      | ^~~~~~~~~~~~~~~~~~~~~~~
/opt/apps/resif/aion/2020b/epyc/software/Boost/1.74.0-GCC-10.2.0/include/boost/config/pragma_message.hpp:24:34: note: ‘#pragma message: This header is deprecated. Use <boost/range/reverse_iterator.hpp> instead.’
   24 | # define BOOST_PRAGMA_MESSAGE(x) _Pragma(BOOST_STRINGIZE(message(x)))
      |                                  ^~~~~~~
/opt/apps/resif/aion/2020b/epyc/software/Boost/1.74.0-GCC-10.2.0/include/boost/config/pragma_message.hpp:24:34: note: in definition of macro ‘BOOST_PRAGMA_MESSAGE’
   24 | # define BOOST_PRAGMA_MESSAGE(x) _Pragma(BOOST_STRINGIZE(message(x)))
      |                                  ^~~~~~~
/opt/apps/resif/aion/2020b/epyc/software/Boost/1.74.0-GCC-10.2.0/include/boost/range/reverse_result_iterator.hpp:20:1: note: in expansion of macro ‘BOOST_HEADER_DEPRECATED’
   20 | BOOST_HEADER_DEPRECATED("<boost/range/reverse_iterator.hpp>")
      | ^~~~~~~~~~~~~~~~~~~~~~~
In file included from /opt/apps/resif/aion/2020b/epyc/software/Boost/1.74.0-GCC-10.2.0/include/boost/config/header_deprecated.hpp:18,
                 from /opt/apps/resif/aion/2020b/epyc/software/Boost/1.74.0-GCC-10.2.0/include/boost/range/result_iterator.hpp:18,
                 from /opt/apps/resif/aion/2020b/epyc/software/Boost/1.74.0-GCC-10.2.0/include/boost/range/metafunctions.hpp:20,
                 from /opt/apps/resif/aion/2020b/epyc/software/Boost/1.74.0-GCC-10.2.0/include/boost/range.hpp:19,
                 from /home/users/mghavami/y2425-w02-compilation-on-hpc-AminGhavami/precice/precice-3.1.2/src/time/Storage.hpp:4,
                 from /home/users/mghavami/y2425-w02-compilation-on-hpc-AminGhavami/precice/precice-3.1.2/src/cplscheme/CouplingData.hpp:7,
                 from /home/users/mghavami/y2425-w02-compilation-on-hpc-AminGhavami/precice/precice-3.1.2/src/cplscheme/BaseCouplingScheme.hpp:12,
                 from /home/users/mghavami/y2425-w02-compilation-on-hpc-AminGhavami/precice/precice-3.1.2/src/acceleration/Acceleration.hpp:7,
                 from /home/users/mghavami/y2425-w02-compilation-on-hpc-AminGhavami/precice/precice-3.1.2/src/acceleration/test/AccelerationSerialTest.cpp:3:
/opt/apps/resif/aion/2020b/epyc/software/Boost/1.74.0-GCC-10.2.0/include/boost/config/pragma_message.hpp:24:34: note: ‘#pragma message: This header is deprecated. Use <boost/range/iterator.hpp> instead.’
   24 | # define BOOST_PRAGMA_MESSAGE(x) _Pragma(BOOST_STRINGIZE(message(x)))
      |                                  ^~~~~~~
/opt/apps/resif/aion/2020b/epyc/software/Boost/1.74.0-GCC-10.2.0/include/boost/config/pragma_message.hpp:24:34: note: in definition of macro ‘BOOST_PRAGMA_MESSAGE’
   24 | # define BOOST_PRAGMA_MESSAGE(x) _Pragma(BOOST_STRINGIZE(message(x)))
      |                                  ^~~~~~~
/opt/apps/resif/aion/2020b/epyc/software/Boost/1.74.0-GCC-10.2.0/include/boost/range/result_iterator.hpp:20:1: note: in expansion of macro ‘BOOST_HEADER_DEPRECATED’
   20 | BOOST_HEADER_DEPRECATED("<boost/range/iterator.hpp>")
      | ^~~~~~~~~~~~~~~~~~~~~~~
/opt/apps/resif/aion/2020b/epyc/software/Boost/1.74.0-GCC-10.2.0/include/boost/config/pragma_message.hpp:24:34: note: ‘#pragma message: This header is deprecated. Use <boost/range/reverse_iterator.hpp> instead.’
   24 | # define BOOST_PRAGMA_MESSAGE(x) _Pragma(BOOST_STRINGIZE(message(x)))
      |                                  ^~~~~~~
/opt/apps/resif/aion/2020b/epyc/software/Boost/1.74.0-GCC-10.2.0/include/boost/config/pragma_message.hpp:24:34: note: in definition of macro ‘BOOST_PRAGMA_MESSAGE’
   24 | # define BOOST_PRAGMA_MESSAGE(x) _Pragma(BOOST_STRINGIZE(message(x)))
      |                                  ^~~~~~~
/opt/apps/resif/aion/2020b/epyc/software/Boost/1.74.0-GCC-10.2.0/include/boost/range/const_reverse_iterator.hpp:20:1: note: in expansion of macro ‘BOOST_HEADER_DEPRECATED’
   20 | BOOST_HEADER_DEPRECATED("<boost/range/reverse_iterator.hpp>")
      | ^~~~~~~~~~~~~~~~~~~~~~~
/opt/apps/resif/aion/2020b/epyc/software/Boost/1.74.0-GCC-10.2.0/include/boost/config/pragma_message.hpp:24:34: note: ‘#pragma message: This header is deprecated. Use <boost/range/reverse_iterator.hpp> instead.’
   24 | # define BOOST_PRAGMA_MESSAGE(x) _Pragma(BOOST_STRINGIZE(message(x)))
      |                                  ^~~~~~~
/opt/apps/resif/aion/2020b/epyc/software/Boost/1.74.0-GCC-10.2.0/include/boost/config/pragma_message.hpp:24:34: note: in definition of macro ‘BOOST_PRAGMA_MESSAGE’
   24 | # define BOOST_PRAGMA_MESSAGE(x) _Pragma(BOOST_STRINGIZE(message(x)))
      |                                  ^~~~~~~
/opt/apps/resif/aion/2020b/epyc/software/Boost/1.74.0-GCC-10.2.0/include/boost/range/reverse_result_iterator.hpp:20:1: note: in expansion of macro ‘BOOST_HEADER_DEPRECATED’
   20 | BOOST_HEADER_DEPRECATED("<boost/range/reverse_iterator.hpp>")
      | ^~~~~~~~~~~~~~~~~~~~~~~
In file included from /opt/apps/resif/aion/2020b/epyc/software/Boost/1.74.0-GCC-10.2.0/include/boost/config/header_deprecated.hpp:18,
                 from /opt/apps/resif/aion/2020b/epyc/software/Boost/1.74.0-GCC-10.2.0/include/boost/range/result_iterator.hpp:18,
                 from /opt/apps/resif/aion/2020b/epyc/software/Boost/1.74.0-GCC-10.2.0/include/boost/range/metafunctions.hpp:20,
                 from /opt/apps/resif/aion/2020b/epyc/software/Boost/1.74.0-GCC-10.2.0/include/boost/range.hpp:19,
                 from /home/users/mghavami/y2425-w02-compilation-on-hpc-AminGhavami/precice/precice-3.1.2/src/time/Storage.hpp:4,
                 from /home/users/mghavami/y2425-w02-compilation-on-hpc-AminGhavami/precice/precice-3.1.2/src/mesh/Data.hpp:11,
                 from /home/users/mghavami/y2425-w02-compilation-on-hpc-AminGhavami/precice/precice-3.1.2/src/mesh/Mesh.hpp:14,
                 from /home/users/mghavami/y2425-w02-compilation-on-hpc-AminGhavami/precice/precice-3.1.2/src/mapping/Mapping.hpp:6,
                 from /home/users/mghavami/y2425-w02-compilation-on-hpc-AminGhavami/precice/precice-3.1.2/src/action/Action.hpp:3,
                 from /home/users/mghavami/y2425-w02-compilation-on-hpc-AminGhavami/precice/precice-3.1.2/src/action/tests/PythonActionTest.cpp:7:
/opt/apps/resif/aion/2020b/epyc/software/Boost/1.74.0-GCC-10.2.0/include/boost/config/pragma_message.hpp:24:34: note: ‘#pragma message: This header is deprecated. Use <boost/range/iterator.hpp> instead.’
   24 | # define BOOST_PRAGMA_MESSAGE(x) _Pragma(BOOST_STRINGIZE(message(x)))
      |                                  ^~~~~~~
/opt/apps/resif/aion/2020b/epyc/software/Boost/1.74.0-GCC-10.2.0/include/boost/config/pragma_message.hpp:24:34: note: in definition of macro ‘BOOST_PRAGMA_MESSAGE’
   24 | # define BOOST_PRAGMA_MESSAGE(x) _Pragma(BOOST_STRINGIZE(message(x)))
      |                                  ^~~~~~~
/opt/apps/resif/aion/2020b/epyc/software/Boost/1.74.0-GCC-10.2.0/include/boost/range/result_iterator.hpp:20:1: note: in expansion of macro ‘BOOST_HEADER_DEPRECATED’
   20 | BOOST_HEADER_DEPRECATED("<boost/range/iterator.hpp>")
      | ^~~~~~~~~~~~~~~~~~~~~~~
/opt/apps/resif/aion/2020b/epyc/software/Boost/1.74.0-GCC-10.2.0/include/boost/config/pragma_message.hpp:24:34: note: ‘#pragma message: This header is deprecated. Use <boost/range/reverse_iterator.hpp> instead.’
   24 | # define BOOST_PRAGMA_MESSAGE(x) _Pragma(BOOST_STRINGIZE(message(x)))
      |                                  ^~~~~~~
/opt/apps/resif/aion/2020b/epyc/software/Boost/1.74.0-GCC-10.2.0/include/boost/config/pragma_message.hpp:24:34: note: in definition of macro ‘BOOST_PRAGMA_MESSAGE’
   24 | # define BOOST_PRAGMA_MESSAGE(x) _Pragma(BOOST_STRINGIZE(message(x)))
      |                                  ^~~~~~~
/opt/apps/resif/aion/2020b/epyc/software/Boost/1.74.0-GCC-10.2.0/include/boost/range/const_reverse_iterator.hpp:20:1: note: in expansion of macro ‘BOOST_HEADER_DEPRECATED’
   20 | BOOST_HEADER_DEPRECATED("<boost/range/reverse_iterator.hpp>")
      | ^~~~~~~~~~~~~~~~~~~~~~~
/opt/apps/resif/aion/2020b/epyc/software/Boost/1.74.0-GCC-10.2.0/include/boost/config/pragma_message.hpp:24:34: note: ‘#pragma message: This header is deprecated. Use <boost/range/reverse_iterator.hpp> instead.’
   24 | # define BOOST_PRAGMA_MESSAGE(x) _Pragma(BOOST_STRINGIZE(message(x)))
      |                                  ^~~~~~~
/opt/apps/resif/aion/2020b/epyc/software/Boost/1.74.0-GCC-10.2.0/include/boost/config/pragma_message.hpp:24:34: note: in definition of macro ‘BOOST_PRAGMA_MESSAGE’
   24 | # define BOOST_PRAGMA_MESSAGE(x) _Pragma(BOOST_STRINGIZE(message(x)))
      |                                  ^~~~~~~
/opt/apps/resif/aion/2020b/epyc/software/Boost/1.74.0-GCC-10.2.0/include/boost/range/reverse_result_iterator.hpp:20:1: note: in expansion of macro ‘BOOST_HEADER_DEPRECATED’
   20 | BOOST_HEADER_DEPRECATED("<boost/range/reverse_iterator.hpp>")
      | ^~~~~~~~~~~~~~~~~~~~~~~
In file included from /opt/apps/resif/aion/2020b/epyc/software/Boost/1.74.0-GCC-10.2.0/include/boost/config/header_deprecated.hpp:18,
                 from /opt/apps/resif/aion/2020b/epyc/software/Boost/1.74.0-GCC-10.2.0/include/boost/range/result_iterator.hpp:18,
                 from /opt/apps/resif/aion/2020b/epyc/software/Boost/1.74.0-GCC-10.2.0/include/boost/range/metafunctions.hpp:20,
                 from /opt/apps/resif/aion/2020b/epyc/software/Boost/1.74.0-GCC-10.2.0/include/boost/range.hpp:19,
                 from /home/users/mghavami/y2425-w02-compilation-on-hpc-AminGhavami/precice/precice-3.1.2/src/time/Storage.hpp:4,
                 from /home/users/mghavami/y2425-w02-compilation-on-hpc-AminGhavami/precice/precice-3.1.2/src/mesh/Data.hpp:11,
                 from /home/users/mghavami/y2425-w02-compilation-on-hpc-AminGhavami/precice/precice-3.1.2/src/mesh/Mesh.hpp:14,
                 from /home/users/mghavami/y2425-w02-compilation-on-hpc-AminGhavami/precice/precice-3.1.2/src/mapping/Mapping.hpp:6,
                 from /home/users/mghavami/y2425-w02-compilation-on-hpc-AminGhavami/precice/precice-3.1.2/src/action/Action.hpp:3,
                 from /home/users/mghavami/y2425-w02-compilation-on-hpc-AminGhavami/precice/precice-3.1.2/src/action/tests/ScaleActionTest.cpp:6:
/opt/apps/resif/aion/2020b/epyc/software/Boost/1.74.0-GCC-10.2.0/include/boost/config/pragma_message.hpp:24:34: note: ‘#pragma message: This header is deprecated. Use <boost/range/iterator.hpp> instead.’
   24 | # define BOOST_PRAGMA_MESSAGE(x) _Pragma(BOOST_STRINGIZE(message(x)))
      |                                  ^~~~~~~
/opt/apps/resif/aion/2020b/epyc/software/Boost/1.74.0-GCC-10.2.0/include/boost/config/pragma_message.hpp:24:34: note: in definition of macro ‘BOOST_PRAGMA_MESSAGE’
   24 | # define BOOST_PRAGMA_MESSAGE(x) _Pragma(BOOST_STRINGIZE(message(x)))
      |                                  ^~~~~~~
/opt/apps/resif/aion/2020b/epyc/software/Boost/1.74.0-GCC-10.2.0/include/boost/range/result_iterator.hpp:20:1: note: in expansion of macro ‘BOOST_HEADER_DEPRECATED’
   20 | BOOST_HEADER_DEPRECATED("<boost/range/iterator.hpp>")
      | ^~~~~~~~~~~~~~~~~~~~~~~
/opt/apps/resif/aion/2020b/epyc/software/Boost/1.74.0-GCC-10.2.0/include/boost/config/pragma_message.hpp:24:34: note: ‘#pragma message: This header is deprecated. Use <boost/range/reverse_iterator.hpp> instead.’
   24 | # define BOOST_PRAGMA_MESSAGE(x) _Pragma(BOOST_STRINGIZE(message(x)))
      |                                  ^~~~~~~
/opt/apps/resif/aion/2020b/epyc/software/Boost/1.74.0-GCC-10.2.0/include/boost/config/pragma_message.hpp:24:34: note: in definition of macro ‘BOOST_PRAGMA_MESSAGE’
   24 | # define BOOST_PRAGMA_MESSAGE(x) _Pragma(BOOST_STRINGIZE(message(x)))
      |                                  ^~~~~~~
/opt/apps/resif/aion/2020b/epyc/software/Boost/1.74.0-GCC-10.2.0/include/boost/range/const_reverse_iterator.hpp:20:1: note: in expansion of macro ‘BOOST_HEADER_DEPRECATED’
   20 | BOOST_HEADER_DEPRECATED("<boost/range/reverse_iterator.hpp>")
      | ^~~~~~~~~~~~~~~~~~~~~~~
/opt/apps/resif/aion/2020b/epyc/software/Boost/1.74.0-GCC-10.2.0/include/boost/config/pragma_message.hpp:24:34: note: ‘#pragma message: This header is deprecated. Use <boost/range/reverse_iterator.hpp> instead.’
   24 | # define BOOST_PRAGMA_MESSAGE(x) _Pragma(BOOST_STRINGIZE(message(x)))
      |                                  ^~~~~~~
/opt/apps/resif/aion/2020b/epyc/software/Boost/1.74.0-GCC-10.2.0/include/boost/config/pragma_message.hpp:24:34: note: in definition of macro ‘BOOST_PRAGMA_MESSAGE’
   24 | # define BOOST_PRAGMA_MESSAGE(x) _Pragma(BOOST_STRINGIZE(message(x)))
      |                                  ^~~~~~~
/opt/apps/resif/aion/2020b/epyc/software/Boost/1.74.0-GCC-10.2.0/include/boost/range/reverse_result_iterator.hpp:20:1: note: in expansion of macro ‘BOOST_HEADER_DEPRECATED’
   20 | BOOST_HEADER_DEPRECATED("<boost/range/reverse_iterator.hpp>")
      | ^~~~~~~~~~~~~~~~~~~~~~~
In file included from /opt/apps/resif/aion/2020b/epyc/software/Boost/1.74.0-GCC-10.2.0/include/boost/config/header_deprecated.hpp:18,
                 from /opt/apps/resif/aion/2020b/epyc/software/Boost/1.74.0-GCC-10.2.0/include/boost/range/result_iterator.hpp:18,
                 from /opt/apps/resif/aion/2020b/epyc/software/Boost/1.74.0-GCC-10.2.0/include/boost/range/metafunctions.hpp:20,
                 from /opt/apps/resif/aion/2020b/epyc/software/Boost/1.74.0-GCC-10.2.0/include/boost/range.hpp:19,
                 from /home/users/mghavami/y2425-w02-compilation-on-hpc-AminGhavami/precice/precice-3.1.2/src/time/Storage.hpp:4,
                 from /home/users/mghavami/y2425-w02-compilation-on-hpc-AminGhavami/precice/precice-3.1.2/src/mesh/Data.hpp:11,
                 from /home/users/mghavami/y2425-w02-compilation-on-hpc-AminGhavami/precice/precice-3.1.2/src/mesh/Mesh.hpp:14,
                 from /home/users/mghavami/y2425-w02-compilation-on-hpc-AminGhavami/precice/precice-3.1.2/src/com/Extra.hpp:4,
                 from /home/users/mghavami/y2425-w02-compilation-on-hpc-AminGhavami/precice/precice-3.1.2/src/com/tests/CommunicateBoundingBoxTest.cpp:6:
/opt/apps/resif/aion/2020b/epyc/software/Boost/1.74.0-GCC-10.2.0/include/boost/config/pragma_message.hpp:24:34: note: ‘#pragma message: This header is deprecated. Use <boost/range/iterator.hpp> instead.’
   24 | # define BOOST_PRAGMA_MESSAGE(x) _Pragma(BOOST_STRINGIZE(message(x)))
      |                                  ^~~~~~~
/opt/apps/resif/aion/2020b/epyc/software/Boost/1.74.0-GCC-10.2.0/include/boost/config/pragma_message.hpp:24:34: note: in definition of macro ‘BOOST_PRAGMA_MESSAGE’
   24 | # define BOOST_PRAGMA_MESSAGE(x) _Pragma(BOOST_STRINGIZE(message(x)))
      |                                  ^~~~~~~
/opt/apps/resif/aion/2020b/epyc/software/Boost/1.74.0-GCC-10.2.0/include/boost/range/result_iterator.hpp:20:1: note: in expansion of macro ‘BOOST_HEADER_DEPRECATED’
   20 | BOOST_HEADER_DEPRECATED("<boost/range/iterator.hpp>")
      | ^~~~~~~~~~~~~~~~~~~~~~~
/opt/apps/resif/aion/2020b/epyc/software/Boost/1.74.0-GCC-10.2.0/include/boost/config/pragma_message.hpp:24:34: note: ‘#pragma message: This header is deprecated. Use <boost/range/reverse_iterator.hpp> instead.’
   24 | # define BOOST_PRAGMA_MESSAGE(x) _Pragma(BOOST_STRINGIZE(message(x)))
      |                                  ^~~~~~~
/opt/apps/resif/aion/2020b/epyc/software/Boost/1.74.0-GCC-10.2.0/include/boost/config/pragma_message.hpp:24:34: note: in definition of macro ‘BOOST_PRAGMA_MESSAGE’
   24 | # define BOOST_PRAGMA_MESSAGE(x) _Pragma(BOOST_STRINGIZE(message(x)))
      |                                  ^~~~~~~
/opt/apps/resif/aion/2020b/epyc/software/Boost/1.74.0-GCC-10.2.0/include/boost/range/const_reverse_iterator.hpp:20:1: note: in expansion of macro ‘BOOST_HEADER_DEPRECATED’
   20 | BOOST_HEADER_DEPRECATED("<boost/range/reverse_iterator.hpp>")
      | ^~~~~~~~~~~~~~~~~~~~~~~
/opt/apps/resif/aion/2020b/epyc/software/Boost/1.74.0-GCC-10.2.0/include/boost/config/pragma_message.hpp:24:34: note: ‘#pragma message: This header is deprecated. Use <boost/range/reverse_iterator.hpp> instead.’
   24 | # define BOOST_PRAGMA_MESSAGE(x) _Pragma(BOOST_STRINGIZE(message(x)))
      |                                  ^~~~~~~
/opt/apps/resif/aion/2020b/epyc/software/Boost/1.74.0-GCC-10.2.0/include/boost/config/pragma_message.hpp:24:34: note: in definition of macro ‘BOOST_PRAGMA_MESSAGE’
   24 | # define BOOST_PRAGMA_MESSAGE(x) _Pragma(BOOST_STRINGIZE(message(x)))
      |                                  ^~~~~~~
/opt/apps/resif/aion/2020b/epyc/software/Boost/1.74.0-GCC-10.2.0/include/boost/range/reverse_result_iterator.hpp:20:1: note: in expansion of macro ‘BOOST_HEADER_DEPRECATED’
   20 | BOOST_HEADER_DEPRECATED("<boost/range/reverse_iterator.hpp>")
      | ^~~~~~~~~~~~~~~~~~~~~~~
In file included from /opt/apps/resif/aion/2020b/epyc/software/Boost/1.74.0-GCC-10.2.0/include/boost/config/header_deprecated.hpp:18,
                 from /opt/apps/resif/aion/2020b/epyc/software/Boost/1.74.0-GCC-10.2.0/include/boost/range/result_iterator.hpp:18,
                 from /opt/apps/resif/aion/2020b/epyc/software/Boost/1.74.0-GCC-10.2.0/include/boost/range/metafunctions.hpp:20,
                 from /opt/apps/resif/aion/2020b/epyc/software/Boost/1.74.0-GCC-10.2.0/include/boost/range.hpp:19,
                 from /home/users/mghavami/y2425-w02-compilation-on-hpc-AminGhavami/precice/precice-3.1.2/src/time/Storage.hpp:4,
                 from /home/users/mghavami/y2425-w02-compilation-on-hpc-AminGhavami/precice/precice-3.1.2/src/mesh/Data.hpp:11,
                 from /home/users/mghavami/y2425-w02-compilation-on-hpc-AminGhavami/precice/precice-3.1.2/src/mesh/Mesh.hpp:14,
                 from /home/users/mghavami/y2425-w02-compilation-on-hpc-AminGhavami/precice/precice-3.1.2/src/mapping/Mapping.hpp:6,
                 from /home/users/mghavami/y2425-w02-compilation-on-hpc-AminGhavami/precice/precice-3.1.2/src/action/Action.hpp:3,
                 from /home/users/mghavami/y2425-w02-compilation-on-hpc-AminGhavami/precice/precice-3.1.2/src/action/tests/SummationActionTest.cpp:7:
/opt/apps/resif/aion/2020b/epyc/software/Boost/1.74.0-GCC-10.2.0/include/boost/config/pragma_message.hpp:24:34: note: ‘#pragma message: This header is deprecated. Use <boost/range/iterator.hpp> instead.’
   24 | # define BOOST_PRAGMA_MESSAGE(x) _Pragma(BOOST_STRINGIZE(message(x)))
      |                                  ^~~~~~~
/opt/apps/resif/aion/2020b/epyc/software/Boost/1.74.0-GCC-10.2.0/include/boost/config/pragma_message.hpp:24:34: note: in definition of macro ‘BOOST_PRAGMA_MESSAGE’
   24 | # define BOOST_PRAGMA_MESSAGE(x) _Pragma(BOOST_STRINGIZE(message(x)))
      |                                  ^~~~~~~
/opt/apps/resif/aion/2020b/epyc/software/Boost/1.74.0-GCC-10.2.0/include/boost/range/result_iterator.hpp:20:1: note: in expansion of macro ‘BOOST_HEADER_DEPRECATED’
   20 | BOOST_HEADER_DEPRECATED("<boost/range/iterator.hpp>")
      | ^~~~~~~~~~~~~~~~~~~~~~~
/opt/apps/resif/aion/2020b/epyc/software/Boost/1.74.0-GCC-10.2.0/include/boost/config/pragma_message.hpp:24:34: note: ‘#pragma message: This header is deprecated. Use <boost/range/reverse_iterator.hpp> instead.’
   24 | # define BOOST_PRAGMA_MESSAGE(x) _Pragma(BOOST_STRINGIZE(message(x)))
      |                                  ^~~~~~~
/opt/apps/resif/aion/2020b/epyc/software/Boost/1.74.0-GCC-10.2.0/include/boost/config/pragma_message.hpp:24:34: note: in definition of macro ‘BOOST_PRAGMA_MESSAGE’
   24 | # define BOOST_PRAGMA_MESSAGE(x) _Pragma(BOOST_STRINGIZE(message(x)))
      |                                  ^~~~~~~
/opt/apps/resif/aion/2020b/epyc/software/Boost/1.74.0-GCC-10.2.0/include/boost/range/const_reverse_iterator.hpp:20:1: note: in expansion of macro ‘BOOST_HEADER_DEPRECATED’
   20 | BOOST_HEADER_DEPRECATED("<boost/range/reverse_iterator.hpp>")
      | ^~~~~~~~~~~~~~~~~~~~~~~
/opt/apps/resif/aion/2020b/epyc/software/Boost/1.74.0-GCC-10.2.0/include/boost/config/pragma_message.hpp:24:34: note: ‘#pragma message: This header is deprecated. Use <boost/range/reverse_iterator.hpp> instead.’
   24 | # define BOOST_PRAGMA_MESSAGE(x) _Pragma(BOOST_STRINGIZE(message(x)))
      |                                  ^~~~~~~
/opt/apps/resif/aion/2020b/epyc/software/Boost/1.74.0-GCC-10.2.0/include/boost/config/pragma_message.hpp:24:34: note: in definition of macro ‘BOOST_PRAGMA_MESSAGE’
   24 | # define BOOST_PRAGMA_MESSAGE(x) _Pragma(BOOST_STRINGIZE(message(x)))
      |                                  ^~~~~~~
/opt/apps/resif/aion/2020b/epyc/software/Boost/1.74.0-GCC-10.2.0/include/boost/range/reverse_result_iterator.hpp:20:1: note: in expansion of macro ‘BOOST_HEADER_DEPRECATED’
   20 | BOOST_HEADER_DEPRECATED("<boost/range/reverse_iterator.hpp>")
      | ^~~~~~~~~~~~~~~~~~~~~~~
In file included from /opt/apps/resif/aion/2020b/epyc/software/Boost/1.74.0-GCC-10.2.0/include/boost/config/header_deprecated.hpp:18,
                 from /opt/apps/resif/aion/2020b/epyc/software/Boost/1.74.0-GCC-10.2.0/include/boost/range/result_iterator.hpp:18,
                 from /opt/apps/resif/aion/2020b/epyc/software/Boost/1.74.0-GCC-10.2.0/include/boost/range/metafunctions.hpp:20,
                 from /opt/apps/resif/aion/2020b/epyc/software/Boost/1.74.0-GCC-10.2.0/include/boost/range.hpp:19,
                 from /home/users/mghavami/y2425-w02-compilation-on-hpc-AminGhavami/precice/precice-3.1.2/src/time/Storage.hpp:4,
                 from /home/users/mghavami/y2425-w02-compilation-on-hpc-AminGhavami/precice/precice-3.1.2/src/cplscheme/CouplingData.hpp:7,
                 from /home/users/mghavami/y2425-w02-compilation-on-hpc-AminGhavami/precice/precice-3.1.2/src/cplscheme/BaseCouplingScheme.hpp:12,
                 from /home/users/mghavami/y2425-w02-compilation-on-hpc-AminGhavami/precice/precice-3.1.2/src/acceleration/Acceleration.hpp:7,
                 from /home/users/mghavami/y2425-w02-compilation-on-hpc-AminGhavami/precice/precice-3.1.2/src/acceleration/test/AccelerationIntraCommTest.cpp:8:
/opt/apps/resif/aion/2020b/epyc/software/Boost/1.74.0-GCC-10.2.0/include/boost/config/pragma_message.hpp:24:34: note: ‘#pragma message: This header is deprecated. Use <boost/range/iterator.hpp> instead.’
   24 | # define BOOST_PRAGMA_MESSAGE(x) _Pragma(BOOST_STRINGIZE(message(x)))
      |                                  ^~~~~~~
/opt/apps/resif/aion/2020b/epyc/software/Boost/1.74.0-GCC-10.2.0/include/boost/config/pragma_message.hpp:24:34: note: in definition of macro ‘BOOST_PRAGMA_MESSAGE’
   24 | # define BOOST_PRAGMA_MESSAGE(x) _Pragma(BOOST_STRINGIZE(message(x)))
      |                                  ^~~~~~~
/opt/apps/resif/aion/2020b/epyc/software/Boost/1.74.0-GCC-10.2.0/include/boost/range/result_iterator.hpp:20:1: note: in expansion of macro ‘BOOST_HEADER_DEPRECATED’
   20 | BOOST_HEADER_DEPRECATED("<boost/range/iterator.hpp>")
      | ^~~~~~~~~~~~~~~~~~~~~~~
/opt/apps/resif/aion/2020b/epyc/software/Boost/1.74.0-GCC-10.2.0/include/boost/config/pragma_message.hpp:24:34: note: ‘#pragma message: This header is deprecated. Use <boost/range/reverse_iterator.hpp> instead.’
   24 | # define BOOST_PRAGMA_MESSAGE(x) _Pragma(BOOST_STRINGIZE(message(x)))
      |                                  ^~~~~~~
/opt/apps/resif/aion/2020b/epyc/software/Boost/1.74.0-GCC-10.2.0/include/boost/config/pragma_message.hpp:24:34: note: in definition of macro ‘BOOST_PRAGMA_MESSAGE’
   24 | # define BOOST_PRAGMA_MESSAGE(x) _Pragma(BOOST_STRINGIZE(message(x)))
      |                                  ^~~~~~~
/opt/apps/resif/aion/2020b/epyc/software/Boost/1.74.0-GCC-10.2.0/include/boost/range/const_reverse_iterator.hpp:20:1: note: in expansion of macro ‘BOOST_HEADER_DEPRECATED’
   20 | BOOST_HEADER_DEPRECATED("<boost/range/reverse_iterator.hpp>")
      | ^~~~~~~~~~~~~~~~~~~~~~~
/opt/apps/resif/aion/2020b/epyc/software/Boost/1.74.0-GCC-10.2.0/include/boost/config/pragma_message.hpp:24:34: note: ‘#pragma message: This header is deprecated. Use <boost/range/reverse_iterator.hpp> instead.’
   24 | # define BOOST_PRAGMA_MESSAGE(x) _Pragma(BOOST_STRINGIZE(message(x)))
      |                                  ^~~~~~~
/opt/apps/resif/aion/2020b/epyc/software/Boost/1.74.0-GCC-10.2.0/include/boost/config/pragma_message.hpp:24:34: note: in definition of macro ‘BOOST_PRAGMA_MESSAGE’
   24 | # define BOOST_PRAGMA_MESSAGE(x) _Pragma(BOOST_STRINGIZE(message(x)))
      |                                  ^~~~~~~
/opt/apps/resif/aion/2020b/epyc/software/Boost/1.74.0-GCC-10.2.0/include/boost/range/reverse_result_iterator.hpp:20:1: note: in expansion of macro ‘BOOST_HEADER_DEPRECATED’
   20 | BOOST_HEADER_DEPRECATED("<boost/range/reverse_iterator.hpp>")
      | ^~~~~~~~~~~~~~~~~~~~~~~
In file included from /opt/apps/resif/aion/2020b/epyc/software/Boost/1.74.0-GCC-10.2.0/include/boost/config/header_deprecated.hpp:18,
                 from /opt/apps/resif/aion/2020b/epyc/software/Boost/1.74.0-GCC-10.2.0/include/boost/range/result_iterator.hpp:18,
                 from /opt/apps/resif/aion/2020b/epyc/software/Boost/1.74.0-GCC-10.2.0/include/boost/range/metafunctions.hpp:20,
                 from /opt/apps/resif/aion/2020b/epyc/software/Boost/1.74.0-GCC-10.2.0/include/boost/range.hpp:19,
                 from /home/users/mghavami/y2425-w02-compilation-on-hpc-AminGhavami/precice/precice-3.1.2/src/time/Storage.hpp:4,
                 from /home/users/mghavami/y2425-w02-compilation-on-hpc-AminGhavami/precice/precice-3.1.2/src/mesh/Data.hpp:11,
                 from /home/users/mghavami/y2425-w02-compilation-on-hpc-AminGhavami/precice/precice-3.1.2/src/mesh/Mesh.hpp:14,
                 from /home/users/mghavami/y2425-w02-compilation-on-hpc-AminGhavami/precice/precice-3.1.2/src/com/Extra.hpp:4,
                 from /home/users/mghavami/y2425-w02-compilation-on-hpc-AminGhavami/precice/precice-3.1.2/src/com/tests/CommunicateMeshTest.cpp:6:
/opt/apps/resif/aion/2020b/epyc/software/Boost/1.74.0-GCC-10.2.0/include/boost/config/pragma_message.hpp:24:34: note: ‘#pragma message: This header is deprecated. Use <boost/range/iterator.hpp> instead.’
   24 | # define BOOST_PRAGMA_MESSAGE(x) _Pragma(BOOST_STRINGIZE(message(x)))
      |                                  ^~~~~~~
/opt/apps/resif/aion/2020b/epyc/software/Boost/1.74.0-GCC-10.2.0/include/boost/config/pragma_message.hpp:24:34: note: in definition of macro ‘BOOST_PRAGMA_MESSAGE’
   24 | # define BOOST_PRAGMA_MESSAGE(x) _Pragma(BOOST_STRINGIZE(message(x)))
      |                                  ^~~~~~~
/opt/apps/resif/aion/2020b/epyc/software/Boost/1.74.0-GCC-10.2.0/include/boost/range/result_iterator.hpp:20:1: note: in expansion of macro ‘BOOST_HEADER_DEPRECATED’
   20 | BOOST_HEADER_DEPRECATED("<boost/range/iterator.hpp>")
      | ^~~~~~~~~~~~~~~~~~~~~~~
/opt/apps/resif/aion/2020b/epyc/software/Boost/1.74.0-GCC-10.2.0/include/boost/config/pragma_message.hpp:24:34: note: ‘#pragma message: This header is deprecated. Use <boost/range/reverse_iterator.hpp> instead.’
   24 | # define BOOST_PRAGMA_MESSAGE(x) _Pragma(BOOST_STRINGIZE(message(x)))
      |                                  ^~~~~~~
/opt/apps/resif/aion/2020b/epyc/software/Boost/1.74.0-GCC-10.2.0/include/boost/config/pragma_message.hpp:24:34: note: in definition of macro ‘BOOST_PRAGMA_MESSAGE’
   24 | # define BOOST_PRAGMA_MESSAGE(x) _Pragma(BOOST_STRINGIZE(message(x)))
      |                                  ^~~~~~~
/opt/apps/resif/aion/2020b/epyc/software/Boost/1.74.0-GCC-10.2.0/include/boost/range/const_reverse_iterator.hpp:20:1: note: in expansion of macro ‘BOOST_HEADER_DEPRECATED’
   20 | BOOST_HEADER_DEPRECATED("<boost/range/reverse_iterator.hpp>")
      | ^~~~~~~~~~~~~~~~~~~~~~~
/opt/apps/resif/aion/2020b/epyc/software/Boost/1.74.0-GCC-10.2.0/include/boost/config/pragma_message.hpp:24:34: note: ‘#pragma message: This header is deprecated. Use <boost/range/reverse_iterator.hpp> instead.’
   24 | # define BOOST_PRAGMA_MESSAGE(x) _Pragma(BOOST_STRINGIZE(message(x)))
      |                                  ^~~~~~~
/opt/apps/resif/aion/2020b/epyc/software/Boost/1.74.0-GCC-10.2.0/include/boost/config/pragma_message.hpp:24:34: note: in definition of macro ‘BOOST_PRAGMA_MESSAGE’
   24 | # define BOOST_PRAGMA_MESSAGE(x) _Pragma(BOOST_STRINGIZE(message(x)))
      |                                  ^~~~~~~
/opt/apps/resif/aion/2020b/epyc/software/Boost/1.74.0-GCC-10.2.0/include/boost/range/reverse_result_iterator.hpp:20:1: note: in expansion of macro ‘BOOST_HEADER_DEPRECATED’
   20 | BOOST_HEADER_DEPRECATED("<boost/range/reverse_iterator.hpp>")
      | ^~~~~~~~~~~~~~~~~~~~~~~
In file included from /opt/apps/resif/aion/2020b/epyc/software/Boost/1.74.0-GCC-10.2.0/include/boost/config/header_deprecated.hpp:18,
                 from /opt/apps/resif/aion/2020b/epyc/software/Boost/1.74.0-GCC-10.2.0/include/boost/range/result_iterator.hpp:18,
                 from /opt/apps/resif/aion/2020b/epyc/software/Boost/1.74.0-GCC-10.2.0/include/boost/range/metafunctions.hpp:20,
                 from /opt/apps/resif/aion/2020b/epyc/software/Boost/1.74.0-GCC-10.2.0/include/boost/range.hpp:19,
                 from /home/users/mghavami/y2425-w02-compilation-on-hpc-AminGhavami/precice/precice-3.1.2/src/time/Storage.hpp:4,
                 from /home/users/mghavami/y2425-w02-compilation-on-hpc-AminGhavami/precice/precice-3.1.2/src/cplscheme/CouplingData.hpp:7,
                 from /home/users/mghavami/y2425-w02-compilation-on-hpc-AminGhavami/precice/precice-3.1.2/src/com/tests/helper.hpp:5,
                 from /home/users/mghavami/y2425-w02-compilation-on-hpc-AminGhavami/precice/precice-3.1.2/src/com/tests/SerializedStamplesTest.cpp:2:
/opt/apps/resif/aion/2020b/epyc/software/Boost/1.74.0-GCC-10.2.0/include/boost/config/pragma_message.hpp:24:34: note: ‘#pragma message: This header is deprecated. Use <boost/range/iterator.hpp> instead.’
   24 | # define BOOST_PRAGMA_MESSAGE(x) _Pragma(BOOST_STRINGIZE(message(x)))
      |                                  ^~~~~~~
/opt/apps/resif/aion/2020b/epyc/software/Boost/1.74.0-GCC-10.2.0/include/boost/config/pragma_message.hpp:24:34: note: in definition of macro ‘BOOST_PRAGMA_MESSAGE’
   24 | # define BOOST_PRAGMA_MESSAGE(x) _Pragma(BOOST_STRINGIZE(message(x)))
      |                                  ^~~~~~~
/opt/apps/resif/aion/2020b/epyc/software/Boost/1.74.0-GCC-10.2.0/include/boost/range/result_iterator.hpp:20:1: note: in expansion of macro ‘BOOST_HEADER_DEPRECATED’
   20 | BOOST_HEADER_DEPRECATED("<boost/range/iterator.hpp>")
      | ^~~~~~~~~~~~~~~~~~~~~~~
/opt/apps/resif/aion/2020b/epyc/software/Boost/1.74.0-GCC-10.2.0/include/boost/config/pragma_message.hpp:24:34: note: ‘#pragma message: This header is deprecated. Use <boost/range/reverse_iterator.hpp> instead.’
   24 | # define BOOST_PRAGMA_MESSAGE(x) _Pragma(BOOST_STRINGIZE(message(x)))
      |                                  ^~~~~~~
/opt/apps/resif/aion/2020b/epyc/software/Boost/1.74.0-GCC-10.2.0/include/boost/config/pragma_message.hpp:24:34: note: in definition of macro ‘BOOST_PRAGMA_MESSAGE’
   24 | # define BOOST_PRAGMA_MESSAGE(x) _Pragma(BOOST_STRINGIZE(message(x)))
      |                                  ^~~~~~~
/opt/apps/resif/aion/2020b/epyc/software/Boost/1.74.0-GCC-10.2.0/include/boost/range/const_reverse_iterator.hpp:20:1: note: in expansion of macro ‘BOOST_HEADER_DEPRECATED’
   20 | BOOST_HEADER_DEPRECATED("<boost/range/reverse_iterator.hpp>")
      | ^~~~~~~~~~~~~~~~~~~~~~~
/opt/apps/resif/aion/2020b/epyc/software/Boost/1.74.0-GCC-10.2.0/include/boost/config/pragma_message.hpp:24:34: note: ‘#pragma message: This header is deprecated. Use <boost/range/reverse_iterator.hpp> instead.’
   24 | # define BOOST_PRAGMA_MESSAGE(x) _Pragma(BOOST_STRINGIZE(message(x)))
      |                                  ^~~~~~~
/opt/apps/resif/aion/2020b/epyc/software/Boost/1.74.0-GCC-10.2.0/include/boost/config/pragma_message.hpp:24:34: note: in definition of macro ‘BOOST_PRAGMA_MESSAGE’
   24 | # define BOOST_PRAGMA_MESSAGE(x) _Pragma(BOOST_STRINGIZE(message(x)))
      |                                  ^~~~~~~
/opt/apps/resif/aion/2020b/epyc/software/Boost/1.74.0-GCC-10.2.0/include/boost/range/reverse_result_iterator.hpp:20:1: note: in expansion of macro ‘BOOST_HEADER_DEPRECATED’
   20 | BOOST_HEADER_DEPRECATED("<boost/range/reverse_iterator.hpp>")
      | ^~~~~~~~~~~~~~~~~~~~~~~
[ 30%] Building CXX object CMakeFiles/testprecice.dir/src/com/tests/SocketCommunicationTest.cpp.o
[ 30%] Building CXX object CMakeFiles/testprecice.dir/src/cplscheme/tests/AbsoluteConvergenceMeasureTest.cpp.o
[ 30%] Building CXX object CMakeFiles/testprecice.dir/src/cplscheme/tests/AbsoluteOrRelativeConvergenceMeasureTest.cpp.o
[ 30%] Building CXX object CMakeFiles/testprecice.dir/src/cplscheme/tests/CompositionalCouplingSchemeTest.cpp.o
[ 30%] Building CXX object CMakeFiles/testprecice.dir/src/cplscheme/tests/DummyCouplingScheme.cpp.o
[ 31%] Building CXX object CMakeFiles/testprecice.dir/src/cplscheme/tests/ExplicitCouplingSchemeTest.cpp.o
[ 31%] Building CXX object CMakeFiles/testprecice.dir/src/cplscheme/tests/ParallelImplicitCouplingSchemeTest.cpp.o
[ 31%] Building CXX object CMakeFiles/testprecice.dir/src/cplscheme/tests/RelativeConvergenceMeasureTest.cpp.o
[ 31%] Building CXX object CMakeFiles/testprecice.dir/src/cplscheme/tests/ResidualRelativeConvergenceMeasureTest.cpp.o
[ 31%] Building CXX object CMakeFiles/testprecice.dir/src/cplscheme/tests/SerialImplicitCouplingSchemeTest.cpp.o
[ 31%] Building CXX object CMakeFiles/testprecice.dir/src/cplscheme/tests/TimeHandlerTests.cpp.o
[ 32%] Building CXX object CMakeFiles/testprecice.dir/src/io/tests/ExportCSVTest.cpp.o
[ 32%] Building CXX object CMakeFiles/testprecice.dir/src/io/tests/ExportConfigurationTest.cpp.o
In file included from /opt/apps/resif/aion/2020b/epyc/software/Boost/1.74.0-GCC-10.2.0/include/boost/config/header_deprecated.hpp:18,
                 from /opt/apps/resif/aion/2020b/epyc/software/Boost/1.74.0-GCC-10.2.0/include/boost/range/result_iterator.hpp:18,
                 from /opt/apps/resif/aion/2020b/epyc/software/Boost/1.74.0-GCC-10.2.0/include/boost/range/metafunctions.hpp:20,
                 from /opt/apps/resif/aion/2020b/epyc/software/Boost/1.74.0-GCC-10.2.0/include/boost/range.hpp:19,
                 from /home/users/mghavami/y2425-w02-compilation-on-hpc-AminGhavami/precice/precice-3.1.2/src/time/Storage.hpp:4,
                 from /home/users/mghavami/y2425-w02-compilation-on-hpc-AminGhavami/precice/precice-3.1.2/src/cplscheme/tests/../impl/../CouplingData.hpp:7,
                 from /home/users/mghavami/y2425-w02-compilation-on-hpc-AminGhavami/precice/precice-3.1.2/src/cplscheme/tests/../impl/AbsoluteOrRelativeConvergenceMeasure.hpp:9,
                 from /home/users/mghavami/y2425-w02-compilation-on-hpc-AminGhavami/precice/precice-3.1.2/src/cplscheme/tests/AbsoluteOrRelativeConvergenceMeasureTest.cpp:2:
/opt/apps/resif/aion/2020b/epyc/software/Boost/1.74.0-GCC-10.2.0/include/boost/config/pragma_message.hpp:24:34: note: ‘#pragma message: This header is deprecated. Use <boost/range/iterator.hpp> instead.’
   24 | # define BOOST_PRAGMA_MESSAGE(x) _Pragma(BOOST_STRINGIZE(message(x)))
      |                                  ^~~~~~~
/opt/apps/resif/aion/2020b/epyc/software/Boost/1.74.0-GCC-10.2.0/include/boost/config/pragma_message.hpp:24:34: note: in definition of macro ‘BOOST_PRAGMA_MESSAGE’
   24 | # define BOOST_PRAGMA_MESSAGE(x) _Pragma(BOOST_STRINGIZE(message(x)))
      |                                  ^~~~~~~
/opt/apps/resif/aion/2020b/epyc/software/Boost/1.74.0-GCC-10.2.0/include/boost/range/result_iterator.hpp:20:1: note: in expansion of macro ‘BOOST_HEADER_DEPRECATED’
   20 | BOOST_HEADER_DEPRECATED("<boost/range/iterator.hpp>")
      | ^~~~~~~~~~~~~~~~~~~~~~~
/opt/apps/resif/aion/2020b/epyc/software/Boost/1.74.0-GCC-10.2.0/include/boost/config/pragma_message.hpp:24:34: note: ‘#pragma message: This header is deprecated. Use <boost/range/reverse_iterator.hpp> instead.’
   24 | # define BOOST_PRAGMA_MESSAGE(x) _Pragma(BOOST_STRINGIZE(message(x)))
      |                                  ^~~~~~~
/opt/apps/resif/aion/2020b/epyc/software/Boost/1.74.0-GCC-10.2.0/include/boost/config/pragma_message.hpp:24:34: note: in definition of macro ‘BOOST_PRAGMA_MESSAGE’
   24 | # define BOOST_PRAGMA_MESSAGE(x) _Pragma(BOOST_STRINGIZE(message(x)))
      |                                  ^~~~~~~
/opt/apps/resif/aion/2020b/epyc/software/Boost/1.74.0-GCC-10.2.0/include/boost/range/const_reverse_iterator.hpp:20:1: note: in expansion of macro ‘BOOST_HEADER_DEPRECATED’
   20 | BOOST_HEADER_DEPRECATED("<boost/range/reverse_iterator.hpp>")
      | ^~~~~~~~~~~~~~~~~~~~~~~
/opt/apps/resif/aion/2020b/epyc/software/Boost/1.74.0-GCC-10.2.0/include/boost/config/pragma_message.hpp:24:34: note: ‘#pragma message: This header is deprecated. Use <boost/range/reverse_iterator.hpp> instead.’
   24 | # define BOOST_PRAGMA_MESSAGE(x) _Pragma(BOOST_STRINGIZE(message(x)))
      |                                  ^~~~~~~
/opt/apps/resif/aion/2020b/epyc/software/Boost/1.74.0-GCC-10.2.0/include/boost/config/pragma_message.hpp:24:34: note: in definition of macro ‘BOOST_PRAGMA_MESSAGE’
   24 | # define BOOST_PRAGMA_MESSAGE(x) _Pragma(BOOST_STRINGIZE(message(x)))
      |                                  ^~~~~~~
/opt/apps/resif/aion/2020b/epyc/software/Boost/1.74.0-GCC-10.2.0/include/boost/range/reverse_result_iterator.hpp:20:1: note: in expansion of macro ‘BOOST_HEADER_DEPRECATED’
   20 | BOOST_HEADER_DEPRECATED("<boost/range/reverse_iterator.hpp>")
      | ^~~~~~~~~~~~~~~~~~~~~~~
[ 32%] Building CXX object CMakeFiles/testprecice.dir/src/io/tests/ExportVTKTest.cpp.o
In file included from /opt/apps/resif/aion/2020b/epyc/software/Boost/1.74.0-GCC-10.2.0/include/boost/config/header_deprecated.hpp:18,
                 from /opt/apps/resif/aion/2020b/epyc/software/Boost/1.74.0-GCC-10.2.0/include/boost/range/result_iterator.hpp:18,
                 from /opt/apps/resif/aion/2020b/epyc/software/Boost/1.74.0-GCC-10.2.0/include/boost/range/metafunctions.hpp:20,
                 from /opt/apps/resif/aion/2020b/epyc/software/Boost/1.74.0-GCC-10.2.0/include/boost/range.hpp:19,
                 from /home/users/mghavami/y2425-w02-compilation-on-hpc-AminGhavami/precice/precice-3.1.2/src/time/Storage.hpp:4,
                 from /home/users/mghavami/y2425-w02-compilation-on-hpc-AminGhavami/precice/precice-3.1.2/src/cplscheme/CouplingData.hpp:7,
                 from /home/users/mghavami/y2425-w02-compilation-on-hpc-AminGhavami/precice/precice-3.1.2/src/cplscheme/BaseCouplingScheme.hpp:12,
                 from /home/users/mghavami/y2425-w02-compilation-on-hpc-AminGhavami/precice/precice-3.1.2/src/cplscheme/MultiCouplingScheme.hpp:6,
                 from /home/users/mghavami/y2425-w02-compilation-on-hpc-AminGhavami/precice/precice-3.1.2/src/cplscheme/tests/../config/CouplingSchemeConfiguration.hpp:11,
                 from /home/users/mghavami/y2425-w02-compilation-on-hpc-AminGhavami/precice/precice-3.1.2/src/cplscheme/tests/CompositionalCouplingSchemeTest.cpp:10:
/opt/apps/resif/aion/2020b/epyc/software/Boost/1.74.0-GCC-10.2.0/include/boost/config/pragma_message.hpp:24:34: note: ‘#pragma message: This header is deprecated. Use <boost/range/iterator.hpp> instead.’
   24 | # define BOOST_PRAGMA_MESSAGE(x) _Pragma(BOOST_STRINGIZE(message(x)))
      |                                  ^~~~~~~
/opt/apps/resif/aion/2020b/epyc/software/Boost/1.74.0-GCC-10.2.0/include/boost/config/pragma_message.hpp:24:34: note: in definition of macro ‘BOOST_PRAGMA_MESSAGE’
   24 | # define BOOST_PRAGMA_MESSAGE(x) _Pragma(BOOST_STRINGIZE(message(x)))
      |                                  ^~~~~~~
/opt/apps/resif/aion/2020b/epyc/software/Boost/1.74.0-GCC-10.2.0/include/boost/range/result_iterator.hpp:20:1: note: in expansion of macro ‘BOOST_HEADER_DEPRECATED’
   20 | BOOST_HEADER_DEPRECATED("<boost/range/iterator.hpp>")
      | ^~~~~~~~~~~~~~~~~~~~~~~
/opt/apps/resif/aion/2020b/epyc/software/Boost/1.74.0-GCC-10.2.0/include/boost/config/pragma_message.hpp:24:34: note: ‘#pragma message: This header is deprecated. Use <boost/range/reverse_iterator.hpp> instead.’
   24 | # define BOOST_PRAGMA_MESSAGE(x) _Pragma(BOOST_STRINGIZE(message(x)))
      |                                  ^~~~~~~
/opt/apps/resif/aion/2020b/epyc/software/Boost/1.74.0-GCC-10.2.0/include/boost/config/pragma_message.hpp:24:34: note: in definition of macro ‘BOOST_PRAGMA_MESSAGE’
   24 | # define BOOST_PRAGMA_MESSAGE(x) _Pragma(BOOST_STRINGIZE(message(x)))
      |                                  ^~~~~~~
/opt/apps/resif/aion/2020b/epyc/software/Boost/1.74.0-GCC-10.2.0/include/boost/range/const_reverse_iterator.hpp:20:1: note: in expansion of macro ‘BOOST_HEADER_DEPRECATED’
   20 | BOOST_HEADER_DEPRECATED("<boost/range/reverse_iterator.hpp>")
      | ^~~~~~~~~~~~~~~~~~~~~~~
/opt/apps/resif/aion/2020b/epyc/software/Boost/1.74.0-GCC-10.2.0/include/boost/config/pragma_message.hpp:24:34: note: ‘#pragma message: This header is deprecated. Use <boost/range/reverse_iterator.hpp> instead.’
   24 | # define BOOST_PRAGMA_MESSAGE(x) _Pragma(BOOST_STRINGIZE(message(x)))
      |                                  ^~~~~~~
/opt/apps/resif/aion/2020b/epyc/software/Boost/1.74.0-GCC-10.2.0/include/boost/config/pragma_message.hpp:24:34: note: in definition of macro ‘BOOST_PRAGMA_MESSAGE’
   24 | # define BOOST_PRAGMA_MESSAGE(x) _Pragma(BOOST_STRINGIZE(message(x)))
      |                                  ^~~~~~~
/opt/apps/resif/aion/2020b/epyc/software/Boost/1.74.0-GCC-10.2.0/include/boost/range/reverse_result_iterator.hpp:20:1: note: in expansion of macro ‘BOOST_HEADER_DEPRECATED’
   20 | BOOST_HEADER_DEPRECATED("<boost/range/reverse_iterator.hpp>")
      | ^~~~~~~~~~~~~~~~~~~~~~~
In file included from /opt/apps/resif/aion/2020b/epyc/software/Boost/1.74.0-GCC-10.2.0/include/boost/config/header_deprecated.hpp:18,
                 from /opt/apps/resif/aion/2020b/epyc/software/Boost/1.74.0-GCC-10.2.0/include/boost/range/result_iterator.hpp:18,
                 from /opt/apps/resif/aion/2020b/epyc/software/Boost/1.74.0-GCC-10.2.0/include/boost/range/metafunctions.hpp:20,
                 from /opt/apps/resif/aion/2020b/epyc/software/Boost/1.74.0-GCC-10.2.0/include/boost/range.hpp:19,
                 from /home/users/mghavami/y2425-w02-compilation-on-hpc-AminGhavami/precice/precice-3.1.2/src/time/Storage.hpp:4,
                 from /home/users/mghavami/y2425-w02-compilation-on-hpc-AminGhavami/precice/precice-3.1.2/src/cplscheme/CouplingData.hpp:7,
                 from /home/users/mghavami/y2425-w02-compilation-on-hpc-AminGhavami/precice/precice-3.1.2/src/cplscheme/BaseCouplingScheme.hpp:12,
                 from /home/users/mghavami/y2425-w02-compilation-on-hpc-AminGhavami/precice/precice-3.1.2/src/cplscheme/tests/ExplicitCouplingSchemeTest.cpp:8:
/opt/apps/resif/aion/2020b/epyc/software/Boost/1.74.0-GCC-10.2.0/include/boost/config/pragma_message.hpp:24:34: note: ‘#pragma message: This header is deprecated. Use <boost/range/iterator.hpp> instead.’
   24 | # define BOOST_PRAGMA_MESSAGE(x) _Pragma(BOOST_STRINGIZE(message(x)))
      |                                  ^~~~~~~
/opt/apps/resif/aion/2020b/epyc/software/Boost/1.74.0-GCC-10.2.0/include/boost/config/pragma_message.hpp:24:34: note: in definition of macro ‘BOOST_PRAGMA_MESSAGE’
   24 | # define BOOST_PRAGMA_MESSAGE(x) _Pragma(BOOST_STRINGIZE(message(x)))
      |                                  ^~~~~~~
/opt/apps/resif/aion/2020b/epyc/software/Boost/1.74.0-GCC-10.2.0/include/boost/range/result_iterator.hpp:20:1: note: in expansion of macro ‘BOOST_HEADER_DEPRECATED’
   20 | BOOST_HEADER_DEPRECATED("<boost/range/iterator.hpp>")
      | ^~~~~~~~~~~~~~~~~~~~~~~
/opt/apps/resif/aion/2020b/epyc/software/Boost/1.74.0-GCC-10.2.0/include/boost/config/pragma_message.hpp:24:34: note: ‘#pragma message: This header is deprecated. Use <boost/range/reverse_iterator.hpp> instead.’
   24 | # define BOOST_PRAGMA_MESSAGE(x) _Pragma(BOOST_STRINGIZE(message(x)))
      |                                  ^~~~~~~
/opt/apps/resif/aion/2020b/epyc/software/Boost/1.74.0-GCC-10.2.0/include/boost/config/pragma_message.hpp:24:34: note: in definition of macro ‘BOOST_PRAGMA_MESSAGE’
   24 | # define BOOST_PRAGMA_MESSAGE(x) _Pragma(BOOST_STRINGIZE(message(x)))
      |                                  ^~~~~~~
/opt/apps/resif/aion/2020b/epyc/software/Boost/1.74.0-GCC-10.2.0/include/boost/range/const_reverse_iterator.hpp:20:1: note: in expansion of macro ‘BOOST_HEADER_DEPRECATED’
   20 | BOOST_HEADER_DEPRECATED("<boost/range/reverse_iterator.hpp>")
      | ^~~~~~~~~~~~~~~~~~~~~~~
/opt/apps/resif/aion/2020b/epyc/software/Boost/1.74.0-GCC-10.2.0/include/boost/config/pragma_message.hpp:24:34: note: ‘#pragma message: This header is deprecated. Use <boost/range/reverse_iterator.hpp> instead.’
   24 | # define BOOST_PRAGMA_MESSAGE(x) _Pragma(BOOST_STRINGIZE(message(x)))
      |                                  ^~~~~~~
/opt/apps/resif/aion/2020b/epyc/software/Boost/1.74.0-GCC-10.2.0/include/boost/config/pragma_message.hpp:24:34: note: in definition of macro ‘BOOST_PRAGMA_MESSAGE’
   24 | # define BOOST_PRAGMA_MESSAGE(x) _Pragma(BOOST_STRINGIZE(message(x)))
      |                                  ^~~~~~~
/opt/apps/resif/aion/2020b/epyc/software/Boost/1.74.0-GCC-10.2.0/include/boost/range/reverse_result_iterator.hpp:20:1: note: in expansion of macro ‘BOOST_HEADER_DEPRECATED’
   20 | BOOST_HEADER_DEPRECATED("<boost/range/reverse_iterator.hpp>")
      | ^~~~~~~~~~~~~~~~~~~~~~~
In file included from /opt/apps/resif/aion/2020b/epyc/software/Boost/1.74.0-GCC-10.2.0/include/boost/config/header_deprecated.hpp:18,
                 from /opt/apps/resif/aion/2020b/epyc/software/Boost/1.74.0-GCC-10.2.0/include/boost/range/result_iterator.hpp:18,
                 from /opt/apps/resif/aion/2020b/epyc/software/Boost/1.74.0-GCC-10.2.0/include/boost/range/metafunctions.hpp:20,
                 from /opt/apps/resif/aion/2020b/epyc/software/Boost/1.74.0-GCC-10.2.0/include/boost/range.hpp:19,
                 from /home/users/mghavami/y2425-w02-compilation-on-hpc-AminGhavami/precice/precice-3.1.2/src/time/Storage.hpp:4,
                 from /home/users/mghavami/y2425-w02-compilation-on-hpc-AminGhavami/precice/precice-3.1.2/src/cplscheme/CouplingData.hpp:7,
                 from /home/users/mghavami/y2425-w02-compilation-on-hpc-AminGhavami/precice/precice-3.1.2/src/cplscheme/BaseCouplingScheme.hpp:12,
                 from /home/users/mghavami/y2425-w02-compilation-on-hpc-AminGhavami/precice/precice-3.1.2/src/acceleration/Acceleration.hpp:7,
                 from /home/users/mghavami/y2425-w02-compilation-on-hpc-AminGhavami/precice/precice-3.1.2/src/acceleration/ConstantRelaxationAcceleration.hpp:7,
                 from /home/users/mghavami/y2425-w02-compilation-on-hpc-AminGhavami/precice/precice-3.1.2/src/cplscheme/tests/ParallelImplicitCouplingSchemeTest.cpp:8:
/opt/apps/resif/aion/2020b/epyc/software/Boost/1.74.0-GCC-10.2.0/include/boost/config/pragma_message.hpp:24:34: note: ‘#pragma message: This header is deprecated. Use <boost/range/iterator.hpp> instead.’
   24 | # define BOOST_PRAGMA_MESSAGE(x) _Pragma(BOOST_STRINGIZE(message(x)))
      |                                  ^~~~~~~
/opt/apps/resif/aion/2020b/epyc/software/Boost/1.74.0-GCC-10.2.0/include/boost/config/pragma_message.hpp:24:34: note: in definition of macro ‘BOOST_PRAGMA_MESSAGE’
   24 | # define BOOST_PRAGMA_MESSAGE(x) _Pragma(BOOST_STRINGIZE(message(x)))
      |                                  ^~~~~~~
/opt/apps/resif/aion/2020b/epyc/software/Boost/1.74.0-GCC-10.2.0/include/boost/range/result_iterator.hpp:20:1: note: in expansion of macro ‘BOOST_HEADER_DEPRECATED’
   20 | BOOST_HEADER_DEPRECATED("<boost/range/iterator.hpp>")
      | ^~~~~~~~~~~~~~~~~~~~~~~
/opt/apps/resif/aion/2020b/epyc/software/Boost/1.74.0-GCC-10.2.0/include/boost/config/pragma_message.hpp:24:34: note: ‘#pragma message: This header is deprecated. Use <boost/range/reverse_iterator.hpp> instead.’
   24 | # define BOOST_PRAGMA_MESSAGE(x) _Pragma(BOOST_STRINGIZE(message(x)))
      |                                  ^~~~~~~
/opt/apps/resif/aion/2020b/epyc/software/Boost/1.74.0-GCC-10.2.0/include/boost/config/pragma_message.hpp:24:34: note: in definition of macro ‘BOOST_PRAGMA_MESSAGE’
   24 | # define BOOST_PRAGMA_MESSAGE(x) _Pragma(BOOST_STRINGIZE(message(x)))
      |                                  ^~~~~~~
/opt/apps/resif/aion/2020b/epyc/software/Boost/1.74.0-GCC-10.2.0/include/boost/range/const_reverse_iterator.hpp:20:1: note: in expansion of macro ‘BOOST_HEADER_DEPRECATED’
   20 | BOOST_HEADER_DEPRECATED("<boost/range/reverse_iterator.hpp>")
      | ^~~~~~~~~~~~~~~~~~~~~~~
/opt/apps/resif/aion/2020b/epyc/software/Boost/1.74.0-GCC-10.2.0/include/boost/config/pragma_message.hpp:24:34: note: ‘#pragma message: This header is deprecated. Use <boost/range/reverse_iterator.hpp> instead.’
   24 | # define BOOST_PRAGMA_MESSAGE(x) _Pragma(BOOST_STRINGIZE(message(x)))
      |                                  ^~~~~~~
/opt/apps/resif/aion/2020b/epyc/software/Boost/1.74.0-GCC-10.2.0/include/boost/config/pragma_message.hpp:24:34: note: in definition of macro ‘BOOST_PRAGMA_MESSAGE’
   24 | # define BOOST_PRAGMA_MESSAGE(x) _Pragma(BOOST_STRINGIZE(message(x)))
      |                                  ^~~~~~~
/opt/apps/resif/aion/2020b/epyc/software/Boost/1.74.0-GCC-10.2.0/include/boost/range/reverse_result_iterator.hpp:20:1: note: in expansion of macro ‘BOOST_HEADER_DEPRECATED’
   20 | BOOST_HEADER_DEPRECATED("<boost/range/reverse_iterator.hpp>")
      | ^~~~~~~~~~~~~~~~~~~~~~~
[ 32%] Building CXX object CMakeFiles/testprecice.dir/src/io/tests/ExportVTPTest.cpp.o
In file included from /opt/apps/resif/aion/2020b/epyc/software/Boost/1.74.0-GCC-10.2.0/include/boost/config/header_deprecated.hpp:18,
                 from /opt/apps/resif/aion/2020b/epyc/software/Boost/1.74.0-GCC-10.2.0/include/boost/range/result_iterator.hpp:18,
                 from /opt/apps/resif/aion/2020b/epyc/software/Boost/1.74.0-GCC-10.2.0/include/boost/range/metafunctions.hpp:20,
                 from /opt/apps/resif/aion/2020b/epyc/software/Boost/1.74.0-GCC-10.2.0/include/boost/range.hpp:19,
                 from /home/users/mghavami/y2425-w02-compilation-on-hpc-AminGhavami/precice/precice-3.1.2/src/time/Storage.hpp:4,
                 from /home/users/mghavami/y2425-w02-compilation-on-hpc-AminGhavami/precice/precice-3.1.2/src/cplscheme/CouplingData.hpp:7,
                 from /home/users/mghavami/y2425-w02-compilation-on-hpc-AminGhavami/precice/precice-3.1.2/src/cplscheme/BaseCouplingScheme.hpp:12,
                 from /home/users/mghavami/y2425-w02-compilation-on-hpc-AminGhavami/precice/precice-3.1.2/src/acceleration/Acceleration.hpp:7,
                 from /home/users/mghavami/y2425-w02-compilation-on-hpc-AminGhavami/precice/precice-3.1.2/src/acceleration/ConstantRelaxationAcceleration.hpp:7,
                 from /home/users/mghavami/y2425-w02-compilation-on-hpc-AminGhavami/precice/precice-3.1.2/src/cplscheme/tests/SerialImplicitCouplingSchemeTest.cpp:8:
/opt/apps/resif/aion/2020b/epyc/software/Boost/1.74.0-GCC-10.2.0/include/boost/config/pragma_message.hpp:24:34: note: ‘#pragma message: This header is deprecated. Use <boost/range/iterator.hpp> instead.’
   24 | # define BOOST_PRAGMA_MESSAGE(x) _Pragma(BOOST_STRINGIZE(message(x)))
      |                                  ^~~~~~~
/opt/apps/resif/aion/2020b/epyc/software/Boost/1.74.0-GCC-10.2.0/include/boost/config/pragma_message.hpp:24:34: note: in definition of macro ‘BOOST_PRAGMA_MESSAGE’
   24 | # define BOOST_PRAGMA_MESSAGE(x) _Pragma(BOOST_STRINGIZE(message(x)))
      |                                  ^~~~~~~
/opt/apps/resif/aion/2020b/epyc/software/Boost/1.74.0-GCC-10.2.0/include/boost/range/result_iterator.hpp:20:1: note: in expansion of macro ‘BOOST_HEADER_DEPRECATED’
   20 | BOOST_HEADER_DEPRECATED("<boost/range/iterator.hpp>")
      | ^~~~~~~~~~~~~~~~~~~~~~~
/opt/apps/resif/aion/2020b/epyc/software/Boost/1.74.0-GCC-10.2.0/include/boost/config/pragma_message.hpp:24:34: note: ‘#pragma message: This header is deprecated. Use <boost/range/reverse_iterator.hpp> instead.’
   24 | # define BOOST_PRAGMA_MESSAGE(x) _Pragma(BOOST_STRINGIZE(message(x)))
      |                                  ^~~~~~~
/opt/apps/resif/aion/2020b/epyc/software/Boost/1.74.0-GCC-10.2.0/include/boost/config/pragma_message.hpp:24:34: note: in definition of macro ‘BOOST_PRAGMA_MESSAGE’
   24 | # define BOOST_PRAGMA_MESSAGE(x) _Pragma(BOOST_STRINGIZE(message(x)))
      |                                  ^~~~~~~
/opt/apps/resif/aion/2020b/epyc/software/Boost/1.74.0-GCC-10.2.0/include/boost/range/const_reverse_iterator.hpp:20:1: note: in expansion of macro ‘BOOST_HEADER_DEPRECATED’
   20 | BOOST_HEADER_DEPRECATED("<boost/range/reverse_iterator.hpp>")
      | ^~~~~~~~~~~~~~~~~~~~~~~
/opt/apps/resif/aion/2020b/epyc/software/Boost/1.74.0-GCC-10.2.0/include/boost/config/pragma_message.hpp:24:34: note: ‘#pragma message: This header is deprecated. Use <boost/range/reverse_iterator.hpp> instead.’
   24 | # define BOOST_PRAGMA_MESSAGE(x) _Pragma(BOOST_STRINGIZE(message(x)))
      |                                  ^~~~~~~
/opt/apps/resif/aion/2020b/epyc/software/Boost/1.74.0-GCC-10.2.0/include/boost/config/pragma_message.hpp:24:34: note: in definition of macro ‘BOOST_PRAGMA_MESSAGE’
   24 | # define BOOST_PRAGMA_MESSAGE(x) _Pragma(BOOST_STRINGIZE(message(x)))
      |                                  ^~~~~~~
/opt/apps/resif/aion/2020b/epyc/software/Boost/1.74.0-GCC-10.2.0/include/boost/range/reverse_result_iterator.hpp:20:1: note: in expansion of macro ‘BOOST_HEADER_DEPRECATED’
   20 | BOOST_HEADER_DEPRECATED("<boost/range/reverse_iterator.hpp>")
      | ^~~~~~~~~~~~~~~~~~~~~~~
[ 32%] Building CXX object CMakeFiles/testprecice.dir/src/io/tests/ExportVTUTest.cpp.o
In file included from /opt/apps/resif/aion/2020b/epyc/software/Boost/1.74.0-GCC-10.2.0/include/boost/config/header_deprecated.hpp:18,
                 from /opt/apps/resif/aion/2020b/epyc/software/Boost/1.74.0-GCC-10.2.0/include/boost/range/result_iterator.hpp:18,
                 from /opt/apps/resif/aion/2020b/epyc/software/Boost/1.74.0-GCC-10.2.0/include/boost/range/metafunctions.hpp:20,
                 from /opt/apps/resif/aion/2020b/epyc/software/Boost/1.74.0-GCC-10.2.0/include/boost/range.hpp:19,
                 from /home/users/mghavami/y2425-w02-compilation-on-hpc-AminGhavami/precice/precice-3.1.2/src/time/Storage.hpp:4,
                 from /home/users/mghavami/y2425-w02-compilation-on-hpc-AminGhavami/precice/precice-3.1.2/src/cplscheme/tests/../impl/../CouplingData.hpp:7,
                 from /home/users/mghavami/y2425-w02-compilation-on-hpc-AminGhavami/precice/precice-3.1.2/src/cplscheme/tests/../impl/RelativeConvergenceMeasure.hpp:9,
                 from /home/users/mghavami/y2425-w02-compilation-on-hpc-AminGhavami/precice/precice-3.1.2/src/cplscheme/tests/RelativeConvergenceMeasureTest.cpp:2:
/opt/apps/resif/aion/2020b/epyc/software/Boost/1.74.0-GCC-10.2.0/include/boost/config/pragma_message.hpp:24:34: note: ‘#pragma message: This header is deprecated. Use <boost/range/iterator.hpp> instead.’
   24 | # define BOOST_PRAGMA_MESSAGE(x) _Pragma(BOOST_STRINGIZE(message(x)))
      |                                  ^~~~~~~
/opt/apps/resif/aion/2020b/epyc/software/Boost/1.74.0-GCC-10.2.0/include/boost/config/pragma_message.hpp:24:34: note: in definition of macro ‘BOOST_PRAGMA_MESSAGE’
   24 | # define BOOST_PRAGMA_MESSAGE(x) _Pragma(BOOST_STRINGIZE(message(x)))
      |                                  ^~~~~~~
/opt/apps/resif/aion/2020b/epyc/software/Boost/1.74.0-GCC-10.2.0/include/boost/range/result_iterator.hpp:20:1: note: in expansion of macro ‘BOOST_HEADER_DEPRECATED’
   20 | BOOST_HEADER_DEPRECATED("<boost/range/iterator.hpp>")
      | ^~~~~~~~~~~~~~~~~~~~~~~
/opt/apps/resif/aion/2020b/epyc/software/Boost/1.74.0-GCC-10.2.0/include/boost/config/pragma_message.hpp:24:34: note: ‘#pragma message: This header is deprecated. Use <boost/range/reverse_iterator.hpp> instead.’
   24 | # define BOOST_PRAGMA_MESSAGE(x) _Pragma(BOOST_STRINGIZE(message(x)))
      |                                  ^~~~~~~
/opt/apps/resif/aion/2020b/epyc/software/Boost/1.74.0-GCC-10.2.0/include/boost/config/pragma_message.hpp:24:34: note: in definition of macro ‘BOOST_PRAGMA_MESSAGE’
   24 | # define BOOST_PRAGMA_MESSAGE(x) _Pragma(BOOST_STRINGIZE(message(x)))
      |                                  ^~~~~~~
/opt/apps/resif/aion/2020b/epyc/software/Boost/1.74.0-GCC-10.2.0/include/boost/range/const_reverse_iterator.hpp:20:1: note: in expansion of macro ‘BOOST_HEADER_DEPRECATED’
   20 | BOOST_HEADER_DEPRECATED("<boost/range/reverse_iterator.hpp>")
      | ^~~~~~~~~~~~~~~~~~~~~~~
/opt/apps/resif/aion/2020b/epyc/software/Boost/1.74.0-GCC-10.2.0/include/boost/config/pragma_message.hpp:24:34: note: ‘#pragma message: This header is deprecated. Use <boost/range/reverse_iterator.hpp> instead.’
   24 | # define BOOST_PRAGMA_MESSAGE(x) _Pragma(BOOST_STRINGIZE(message(x)))
      |                                  ^~~~~~~
/opt/apps/resif/aion/2020b/epyc/software/Boost/1.74.0-GCC-10.2.0/include/boost/config/pragma_message.hpp:24:34: note: in definition of macro ‘BOOST_PRAGMA_MESSAGE’
   24 | # define BOOST_PRAGMA_MESSAGE(x) _Pragma(BOOST_STRINGIZE(message(x)))
      |                                  ^~~~~~~
/opt/apps/resif/aion/2020b/epyc/software/Boost/1.74.0-GCC-10.2.0/include/boost/range/reverse_result_iterator.hpp:20:1: note: in expansion of macro ‘BOOST_HEADER_DEPRECATED’
   20 | BOOST_HEADER_DEPRECATED("<boost/range/reverse_iterator.hpp>")
      | ^~~~~~~~~~~~~~~~~~~~~~~
[ 33%] Building CXX object CMakeFiles/testprecice.dir/src/io/tests/TXTTableWriterTest.cpp.o
In file included from /opt/apps/resif/aion/2020b/epyc/software/Boost/1.74.0-GCC-10.2.0/include/boost/config/header_deprecated.hpp:18,
                 from /opt/apps/resif/aion/2020b/epyc/software/Boost/1.74.0-GCC-10.2.0/include/boost/range/result_iterator.hpp:18,
                 from /opt/apps/resif/aion/2020b/epyc/software/Boost/1.74.0-GCC-10.2.0/include/boost/range/metafunctions.hpp:20,
                 from /opt/apps/resif/aion/2020b/epyc/software/Boost/1.74.0-GCC-10.2.0/include/boost/range.hpp:19,
                 from /home/users/mghavami/y2425-w02-compilation-on-hpc-AminGhavami/precice/precice-3.1.2/src/time/Storage.hpp:4,
                 from /home/users/mghavami/y2425-w02-compilation-on-hpc-AminGhavami/precice/precice-3.1.2/src/cplscheme/tests/../impl/../CouplingData.hpp:7,
                 from /home/users/mghavami/y2425-w02-compilation-on-hpc-AminGhavami/precice/precice-3.1.2/src/cplscheme/tests/../impl/ResidualRelativeConvergenceMeasure.hpp:8,
                 from /home/users/mghavami/y2425-w02-compilation-on-hpc-AminGhavami/precice/precice-3.1.2/src/cplscheme/tests/ResidualRelativeConvergenceMeasureTest.cpp:2:
/opt/apps/resif/aion/2020b/epyc/software/Boost/1.74.0-GCC-10.2.0/include/boost/config/pragma_message.hpp:24:34: note: ‘#pragma message: This header is deprecated. Use <boost/range/iterator.hpp> instead.’
   24 | # define BOOST_PRAGMA_MESSAGE(x) _Pragma(BOOST_STRINGIZE(message(x)))
      |                                  ^~~~~~~
/opt/apps/resif/aion/2020b/epyc/software/Boost/1.74.0-GCC-10.2.0/include/boost/config/pragma_message.hpp:24:34: note: in definition of macro ‘BOOST_PRAGMA_MESSAGE’
   24 | # define BOOST_PRAGMA_MESSAGE(x) _Pragma(BOOST_STRINGIZE(message(x)))
      |                                  ^~~~~~~
/opt/apps/resif/aion/2020b/epyc/software/Boost/1.74.0-GCC-10.2.0/include/boost/range/result_iterator.hpp:20:1: note: in expansion of macro ‘BOOST_HEADER_DEPRECATED’
   20 | BOOST_HEADER_DEPRECATED("<boost/range/iterator.hpp>")
      | ^~~~~~~~~~~~~~~~~~~~~~~
/opt/apps/resif/aion/2020b/epyc/software/Boost/1.74.0-GCC-10.2.0/include/boost/config/pragma_message.hpp:24:34: note: ‘#pragma message: This header is deprecated. Use <boost/range/reverse_iterator.hpp> instead.’
   24 | # define BOOST_PRAGMA_MESSAGE(x) _Pragma(BOOST_STRINGIZE(message(x)))
      |                                  ^~~~~~~
/opt/apps/resif/aion/2020b/epyc/software/Boost/1.74.0-GCC-10.2.0/include/boost/config/pragma_message.hpp:24:34: note: in definition of macro ‘BOOST_PRAGMA_MESSAGE’
   24 | # define BOOST_PRAGMA_MESSAGE(x) _Pragma(BOOST_STRINGIZE(message(x)))
      |                                  ^~~~~~~
/opt/apps/resif/aion/2020b/epyc/software/Boost/1.74.0-GCC-10.2.0/include/boost/range/const_reverse_iterator.hpp:20:1: note: in expansion of macro ‘BOOST_HEADER_DEPRECATED’
   20 | BOOST_HEADER_DEPRECATED("<boost/range/reverse_iterator.hpp>")
      | ^~~~~~~~~~~~~~~~~~~~~~~
/opt/apps/resif/aion/2020b/epyc/software/Boost/1.74.0-GCC-10.2.0/include/boost/config/pragma_message.hpp:24:34: note: ‘#pragma message: This header is deprecated. Use <boost/range/reverse_iterator.hpp> instead.’
   24 | # define BOOST_PRAGMA_MESSAGE(x) _Pragma(BOOST_STRINGIZE(message(x)))
      |                                  ^~~~~~~
/opt/apps/resif/aion/2020b/epyc/software/Boost/1.74.0-GCC-10.2.0/include/boost/config/pragma_message.hpp:24:34: note: in definition of macro ‘BOOST_PRAGMA_MESSAGE’
   24 | # define BOOST_PRAGMA_MESSAGE(x) _Pragma(BOOST_STRINGIZE(message(x)))
      |                                  ^~~~~~~
/opt/apps/resif/aion/2020b/epyc/software/Boost/1.74.0-GCC-10.2.0/include/boost/range/reverse_result_iterator.hpp:20:1: note: in expansion of macro ‘BOOST_HEADER_DEPRECATED’
   20 | BOOST_HEADER_DEPRECATED("<boost/range/reverse_iterator.hpp>")
      | ^~~~~~~~~~~~~~~~~~~~~~~
In file included from /opt/apps/resif/aion/2020b/epyc/software/Boost/1.74.0-GCC-10.2.0/include/boost/config/header_deprecated.hpp:18,
                 from /opt/apps/resif/aion/2020b/epyc/software/Boost/1.74.0-GCC-10.2.0/include/boost/range/result_iterator.hpp:18,
                 from /opt/apps/resif/aion/2020b/epyc/software/Boost/1.74.0-GCC-10.2.0/include/boost/range/metafunctions.hpp:20,
                 from /opt/apps/resif/aion/2020b/epyc/software/Boost/1.74.0-GCC-10.2.0/include/boost/range.hpp:19,
                 from /home/users/mghavami/y2425-w02-compilation-on-hpc-AminGhavami/precice/precice-3.1.2/src/time/Storage.hpp:4,
                 from /home/users/mghavami/y2425-w02-compilation-on-hpc-AminGhavami/precice/precice-3.1.2/src/mesh/Data.hpp:11,
                 from /home/users/mghavami/y2425-w02-compilation-on-hpc-AminGhavami/precice/precice-3.1.2/src/mesh/Mesh.hpp:14,
                 from /home/users/mghavami/y2425-w02-compilation-on-hpc-AminGhavami/precice/precice-3.1.2/src/io/tests/ExportCSVTest.cpp:10:
/opt/apps/resif/aion/2020b/epyc/software/Boost/1.74.0-GCC-10.2.0/include/boost/config/pragma_message.hpp:24:34: note: ‘#pragma message: This header is deprecated. Use <boost/range/iterator.hpp> instead.’
   24 | # define BOOST_PRAGMA_MESSAGE(x) _Pragma(BOOST_STRINGIZE(message(x)))
      |                                  ^~~~~~~
/opt/apps/resif/aion/2020b/epyc/software/Boost/1.74.0-GCC-10.2.0/include/boost/config/pragma_message.hpp:24:34: note: in definition of macro ‘BOOST_PRAGMA_MESSAGE’
   24 | # define BOOST_PRAGMA_MESSAGE(x) _Pragma(BOOST_STRINGIZE(message(x)))
      |                                  ^~~~~~~
/opt/apps/resif/aion/2020b/epyc/software/Boost/1.74.0-GCC-10.2.0/include/boost/range/result_iterator.hpp:20:1: note: in expansion of macro ‘BOOST_HEADER_DEPRECATED’
   20 | BOOST_HEADER_DEPRECATED("<boost/range/iterator.hpp>")
      | ^~~~~~~~~~~~~~~~~~~~~~~
/opt/apps/resif/aion/2020b/epyc/software/Boost/1.74.0-GCC-10.2.0/include/boost/config/pragma_message.hpp:24:34: note: ‘#pragma message: This header is deprecated. Use <boost/range/reverse_iterator.hpp> instead.’
   24 | # define BOOST_PRAGMA_MESSAGE(x) _Pragma(BOOST_STRINGIZE(message(x)))
      |                                  ^~~~~~~
/opt/apps/resif/aion/2020b/epyc/software/Boost/1.74.0-GCC-10.2.0/include/boost/config/pragma_message.hpp:24:34: note: in definition of macro ‘BOOST_PRAGMA_MESSAGE’
   24 | # define BOOST_PRAGMA_MESSAGE(x) _Pragma(BOOST_STRINGIZE(message(x)))
      |                                  ^~~~~~~
/opt/apps/resif/aion/2020b/epyc/software/Boost/1.74.0-GCC-10.2.0/include/boost/range/const_reverse_iterator.hpp:20:1: note: in expansion of macro ‘BOOST_HEADER_DEPRECATED’
   20 | BOOST_HEADER_DEPRECATED("<boost/range/reverse_iterator.hpp>")
      | ^~~~~~~~~~~~~~~~~~~~~~~
/opt/apps/resif/aion/2020b/epyc/software/Boost/1.74.0-GCC-10.2.0/include/boost/config/pragma_message.hpp:24:34: note: ‘#pragma message: This header is deprecated. Use <boost/range/reverse_iterator.hpp> instead.’
   24 | # define BOOST_PRAGMA_MESSAGE(x) _Pragma(BOOST_STRINGIZE(message(x)))
      |                                  ^~~~~~~
/opt/apps/resif/aion/2020b/epyc/software/Boost/1.74.0-GCC-10.2.0/include/boost/config/pragma_message.hpp:24:34: note: in definition of macro ‘BOOST_PRAGMA_MESSAGE’
   24 | # define BOOST_PRAGMA_MESSAGE(x) _Pragma(BOOST_STRINGIZE(message(x)))
      |                                  ^~~~~~~
/opt/apps/resif/aion/2020b/epyc/software/Boost/1.74.0-GCC-10.2.0/include/boost/range/reverse_result_iterator.hpp:20:1: note: in expansion of macro ‘BOOST_HEADER_DEPRECATED’
   20 | BOOST_HEADER_DEPRECATED("<boost/range/reverse_iterator.hpp>")
      | ^~~~~~~~~~~~~~~~~~~~~~~
In file included from /opt/apps/resif/aion/2020b/epyc/software/Boost/1.74.0-GCC-10.2.0/include/boost/config/header_deprecated.hpp:18,
                 from /opt/apps/resif/aion/2020b/epyc/software/Boost/1.74.0-GCC-10.2.0/include/boost/range/result_iterator.hpp:18,
                 from /opt/apps/resif/aion/2020b/epyc/software/Boost/1.74.0-GCC-10.2.0/include/boost/range/metafunctions.hpp:20,
                 from /opt/apps/resif/aion/2020b/epyc/software/Boost/1.74.0-GCC-10.2.0/include/boost/range.hpp:19,
                 from /home/users/mghavami/y2425-w02-compilation-on-hpc-AminGhavami/precice/precice-3.1.2/src/time/Storage.hpp:4,
                 from /home/users/mghavami/y2425-w02-compilation-on-hpc-AminGhavami/precice/precice-3.1.2/src/mesh/Data.hpp:11,
                 from /home/users/mghavami/y2425-w02-compilation-on-hpc-AminGhavami/precice/precice-3.1.2/src/mesh/Mesh.hpp:14,
                 from /home/users/mghavami/y2425-w02-compilation-on-hpc-AminGhavami/precice/precice-3.1.2/src/io/tests/ExportVTKTest.cpp:6:
/opt/apps/resif/aion/2020b/epyc/software/Boost/1.74.0-GCC-10.2.0/include/boost/config/pragma_message.hpp:24:34: note: ‘#pragma message: This header is deprecated. Use <boost/range/iterator.hpp> instead.’
   24 | # define BOOST_PRAGMA_MESSAGE(x) _Pragma(BOOST_STRINGIZE(message(x)))
      |                                  ^~~~~~~
/opt/apps/resif/aion/2020b/epyc/software/Boost/1.74.0-GCC-10.2.0/include/boost/config/pragma_message.hpp:24:34: note: in definition of macro ‘BOOST_PRAGMA_MESSAGE’
   24 | # define BOOST_PRAGMA_MESSAGE(x) _Pragma(BOOST_STRINGIZE(message(x)))
      |                                  ^~~~~~~
/opt/apps/resif/aion/2020b/epyc/software/Boost/1.74.0-GCC-10.2.0/include/boost/range/result_iterator.hpp:20:1: note: in expansion of macro ‘BOOST_HEADER_DEPRECATED’
   20 | BOOST_HEADER_DEPRECATED("<boost/range/iterator.hpp>")
      | ^~~~~~~~~~~~~~~~~~~~~~~
/opt/apps/resif/aion/2020b/epyc/software/Boost/1.74.0-GCC-10.2.0/include/boost/config/pragma_message.hpp:24:34: note: ‘#pragma message: This header is deprecated. Use <boost/range/reverse_iterator.hpp> instead.’
   24 | # define BOOST_PRAGMA_MESSAGE(x) _Pragma(BOOST_STRINGIZE(message(x)))
      |                                  ^~~~~~~
/opt/apps/resif/aion/2020b/epyc/software/Boost/1.74.0-GCC-10.2.0/include/boost/config/pragma_message.hpp:24:34: note: in definition of macro ‘BOOST_PRAGMA_MESSAGE’
   24 | # define BOOST_PRAGMA_MESSAGE(x) _Pragma(BOOST_STRINGIZE(message(x)))
      |                                  ^~~~~~~
/opt/apps/resif/aion/2020b/epyc/software/Boost/1.74.0-GCC-10.2.0/include/boost/range/const_reverse_iterator.hpp:20:1: note: in expansion of macro ‘BOOST_HEADER_DEPRECATED’
   20 | BOOST_HEADER_DEPRECATED("<boost/range/reverse_iterator.hpp>")
      | ^~~~~~~~~~~~~~~~~~~~~~~
/opt/apps/resif/aion/2020b/epyc/software/Boost/1.74.0-GCC-10.2.0/include/boost/config/pragma_message.hpp:24:34: note: ‘#pragma message: This header is deprecated. Use <boost/range/reverse_iterator.hpp> instead.’
   24 | # define BOOST_PRAGMA_MESSAGE(x) _Pragma(BOOST_STRINGIZE(message(x)))
      |                                  ^~~~~~~
/opt/apps/resif/aion/2020b/epyc/software/Boost/1.74.0-GCC-10.2.0/include/boost/config/pragma_message.hpp:24:34: note: in definition of macro ‘BOOST_PRAGMA_MESSAGE’
   24 | # define BOOST_PRAGMA_MESSAGE(x) _Pragma(BOOST_STRINGIZE(message(x)))
      |                                  ^~~~~~~
/opt/apps/resif/aion/2020b/epyc/software/Boost/1.74.0-GCC-10.2.0/include/boost/range/reverse_result_iterator.hpp:20:1: note: in expansion of macro ‘BOOST_HEADER_DEPRECATED’
   20 | BOOST_HEADER_DEPRECATED("<boost/range/reverse_iterator.hpp>")
      | ^~~~~~~~~~~~~~~~~~~~~~~
[ 33%] Building CXX object CMakeFiles/testprecice.dir/src/io/tests/TXTWriterReaderTest.cpp.o
In file included from /opt/apps/resif/aion/2020b/epyc/software/Boost/1.74.0-GCC-10.2.0/include/boost/config/header_deprecated.hpp:18,
                 from /opt/apps/resif/aion/2020b/epyc/software/Boost/1.74.0-GCC-10.2.0/include/boost/range/result_iterator.hpp:18,
                 from /opt/apps/resif/aion/2020b/epyc/software/Boost/1.74.0-GCC-10.2.0/include/boost/range/metafunctions.hpp:20,
                 from /opt/apps/resif/aion/2020b/epyc/software/Boost/1.74.0-GCC-10.2.0/include/boost/range.hpp:19,
                 from /home/users/mghavami/y2425-w02-compilation-on-hpc-AminGhavami/precice/precice-3.1.2/src/time/Storage.hpp:4,
                 from /home/users/mghavami/y2425-w02-compilation-on-hpc-AminGhavami/precice/precice-3.1.2/src/mesh/Data.hpp:11,
                 from /home/users/mghavami/y2425-w02-compilation-on-hpc-AminGhavami/precice/precice-3.1.2/src/mesh/Mesh.hpp:14,
                 from /home/users/mghavami/y2425-w02-compilation-on-hpc-AminGhavami/precice/precice-3.1.2/src/io/tests/ExportVTPTest.cpp:10:
/opt/apps/resif/aion/2020b/epyc/software/Boost/1.74.0-GCC-10.2.0/include/boost/config/pragma_message.hpp:24:34: note: ‘#pragma message: This header is deprecated. Use <boost/range/iterator.hpp> instead.’
   24 | # define BOOST_PRAGMA_MESSAGE(x) _Pragma(BOOST_STRINGIZE(message(x)))
      |                                  ^~~~~~~
/opt/apps/resif/aion/2020b/epyc/software/Boost/1.74.0-GCC-10.2.0/include/boost/config/pragma_message.hpp:24:34: note: in definition of macro ‘BOOST_PRAGMA_MESSAGE’
   24 | # define BOOST_PRAGMA_MESSAGE(x) _Pragma(BOOST_STRINGIZE(message(x)))
      |                                  ^~~~~~~
/opt/apps/resif/aion/2020b/epyc/software/Boost/1.74.0-GCC-10.2.0/include/boost/range/result_iterator.hpp:20:1: note: in expansion of macro ‘BOOST_HEADER_DEPRECATED’
   20 | BOOST_HEADER_DEPRECATED("<boost/range/iterator.hpp>")
      | ^~~~~~~~~~~~~~~~~~~~~~~
/opt/apps/resif/aion/2020b/epyc/software/Boost/1.74.0-GCC-10.2.0/include/boost/config/pragma_message.hpp:24:34: note: ‘#pragma message: This header is deprecated. Use <boost/range/reverse_iterator.hpp> instead.’
   24 | # define BOOST_PRAGMA_MESSAGE(x) _Pragma(BOOST_STRINGIZE(message(x)))
      |                                  ^~~~~~~
/opt/apps/resif/aion/2020b/epyc/software/Boost/1.74.0-GCC-10.2.0/include/boost/config/pragma_message.hpp:24:34: note: in definition of macro ‘BOOST_PRAGMA_MESSAGE’
   24 | # define BOOST_PRAGMA_MESSAGE(x) _Pragma(BOOST_STRINGIZE(message(x)))
      |                                  ^~~~~~~
/opt/apps/resif/aion/2020b/epyc/software/Boost/1.74.0-GCC-10.2.0/include/boost/range/const_reverse_iterator.hpp:20:1: note: in expansion of macro ‘BOOST_HEADER_DEPRECATED’
   20 | BOOST_HEADER_DEPRECATED("<boost/range/reverse_iterator.hpp>")
      | ^~~~~~~~~~~~~~~~~~~~~~~
/opt/apps/resif/aion/2020b/epyc/software/Boost/1.74.0-GCC-10.2.0/include/boost/config/pragma_message.hpp:24:34: note: ‘#pragma message: This header is deprecated. Use <boost/range/reverse_iterator.hpp> instead.’
   24 | # define BOOST_PRAGMA_MESSAGE(x) _Pragma(BOOST_STRINGIZE(message(x)))
      |                                  ^~~~~~~
/opt/apps/resif/aion/2020b/epyc/software/Boost/1.74.0-GCC-10.2.0/include/boost/config/pragma_message.hpp:24:34: note: in definition of macro ‘BOOST_PRAGMA_MESSAGE’
   24 | # define BOOST_PRAGMA_MESSAGE(x) _Pragma(BOOST_STRINGIZE(message(x)))
      |                                  ^~~~~~~
/opt/apps/resif/aion/2020b/epyc/software/Boost/1.74.0-GCC-10.2.0/include/boost/range/reverse_result_iterator.hpp:20:1: note: in expansion of macro ‘BOOST_HEADER_DEPRECATED’
   20 | BOOST_HEADER_DEPRECATED("<boost/range/reverse_iterator.hpp>")
      | ^~~~~~~~~~~~~~~~~~~~~~~
[ 33%] Building CXX object CMakeFiles/testprecice.dir/src/m2n/tests/GatherScatterCommunicationTest.cpp.o
In file included from /opt/apps/resif/aion/2020b/epyc/software/Boost/1.74.0-GCC-10.2.0/include/boost/config/header_deprecated.hpp:18,
                 from /opt/apps/resif/aion/2020b/epyc/software/Boost/1.74.0-GCC-10.2.0/include/boost/range/result_iterator.hpp:18,
                 from /opt/apps/resif/aion/2020b/epyc/software/Boost/1.74.0-GCC-10.2.0/include/boost/range/metafunctions.hpp:20,
                 from /opt/apps/resif/aion/2020b/epyc/software/Boost/1.74.0-GCC-10.2.0/include/boost/range.hpp:19,
                 from /home/users/mghavami/y2425-w02-compilation-on-hpc-AminGhavami/precice/precice-3.1.2/src/time/Storage.hpp:4,
                 from /home/users/mghavami/y2425-w02-compilation-on-hpc-AminGhavami/precice/precice-3.1.2/src/mesh/Data.hpp:11,
                 from /home/users/mghavami/y2425-w02-compilation-on-hpc-AminGhavami/precice/precice-3.1.2/src/mesh/Mesh.hpp:14,
                 from /home/users/mghavami/y2425-w02-compilation-on-hpc-AminGhavami/precice/precice-3.1.2/src/io/tests/ExportVTUTest.cpp:10:
/opt/apps/resif/aion/2020b/epyc/software/Boost/1.74.0-GCC-10.2.0/include/boost/config/pragma_message.hpp:24:34: note: ‘#pragma message: This header is deprecated. Use <boost/range/iterator.hpp> instead.’
   24 | # define BOOST_PRAGMA_MESSAGE(x) _Pragma(BOOST_STRINGIZE(message(x)))
      |                                  ^~~~~~~
/opt/apps/resif/aion/2020b/epyc/software/Boost/1.74.0-GCC-10.2.0/include/boost/config/pragma_message.hpp:24:34: note: in definition of macro ‘BOOST_PRAGMA_MESSAGE’
   24 | # define BOOST_PRAGMA_MESSAGE(x) _Pragma(BOOST_STRINGIZE(message(x)))
      |                                  ^~~~~~~
/opt/apps/resif/aion/2020b/epyc/software/Boost/1.74.0-GCC-10.2.0/include/boost/range/result_iterator.hpp:20:1: note: in expansion of macro ‘BOOST_HEADER_DEPRECATED’
   20 | BOOST_HEADER_DEPRECATED("<boost/range/iterator.hpp>")
      | ^~~~~~~~~~~~~~~~~~~~~~~
/opt/apps/resif/aion/2020b/epyc/software/Boost/1.74.0-GCC-10.2.0/include/boost/config/pragma_message.hpp:24:34: note: ‘#pragma message: This header is deprecated. Use <boost/range/reverse_iterator.hpp> instead.’
   24 | # define BOOST_PRAGMA_MESSAGE(x) _Pragma(BOOST_STRINGIZE(message(x)))
      |                                  ^~~~~~~
/opt/apps/resif/aion/2020b/epyc/software/Boost/1.74.0-GCC-10.2.0/include/boost/config/pragma_message.hpp:24:34: note: in definition of macro ‘BOOST_PRAGMA_MESSAGE’
   24 | # define BOOST_PRAGMA_MESSAGE(x) _Pragma(BOOST_STRINGIZE(message(x)))
      |                                  ^~~~~~~
/opt/apps/resif/aion/2020b/epyc/software/Boost/1.74.0-GCC-10.2.0/include/boost/range/const_reverse_iterator.hpp:20:1: note: in expansion of macro ‘BOOST_HEADER_DEPRECATED’
   20 | BOOST_HEADER_DEPRECATED("<boost/range/reverse_iterator.hpp>")
      | ^~~~~~~~~~~~~~~~~~~~~~~
/opt/apps/resif/aion/2020b/epyc/software/Boost/1.74.0-GCC-10.2.0/include/boost/config/pragma_message.hpp:24:34: note: ‘#pragma message: This header is deprecated. Use <boost/range/reverse_iterator.hpp> instead.’
   24 | # define BOOST_PRAGMA_MESSAGE(x) _Pragma(BOOST_STRINGIZE(message(x)))
      |                                  ^~~~~~~
/opt/apps/resif/aion/2020b/epyc/software/Boost/1.74.0-GCC-10.2.0/include/boost/config/pragma_message.hpp:24:34: note: in definition of macro ‘BOOST_PRAGMA_MESSAGE’
   24 | # define BOOST_PRAGMA_MESSAGE(x) _Pragma(BOOST_STRINGIZE(message(x)))
      |                                  ^~~~~~~
/opt/apps/resif/aion/2020b/epyc/software/Boost/1.74.0-GCC-10.2.0/include/boost/range/reverse_result_iterator.hpp:20:1: note: in expansion of macro ‘BOOST_HEADER_DEPRECATED’
   20 | BOOST_HEADER_DEPRECATED("<boost/range/reverse_iterator.hpp>")
      | ^~~~~~~~~~~~~~~~~~~~~~~
[ 33%] Building CXX object CMakeFiles/testprecice.dir/src/m2n/tests/PointToPointCommunicationTest.cpp.o
[ 33%] Building CXX object CMakeFiles/testprecice.dir/src/mapping/tests/AxialGeoMultiscaleMappingTest.cpp.o
[ 34%] Building CXX object CMakeFiles/testprecice.dir/src/mapping/tests/GinkgoRadialBasisFctSolverTest.cpp.o
[ 34%] Building CXX object CMakeFiles/testprecice.dir/src/mapping/tests/LinearCellInterpolationMappingTest.cpp.o
[ 34%] Building CXX object CMakeFiles/testprecice.dir/src/mapping/tests/MappingConfigurationTest.cpp.o
[ 34%] Building CXX object CMakeFiles/testprecice.dir/src/mapping/tests/NearestNeighborGradientMappingTest.cpp.o
[ 34%] Building CXX object CMakeFiles/testprecice.dir/src/mapping/tests/NearestNeighborMappingTest.cpp.o
[ 34%] Building CXX object CMakeFiles/testprecice.dir/src/mapping/tests/NearestProjectionMappingTest.cpp.o
[ 35%] Building CXX object CMakeFiles/testprecice.dir/src/mapping/tests/PartitionOfUnityClusteringTest.cpp.o
[ 35%] Building CXX object CMakeFiles/testprecice.dir/src/mapping/tests/PartitionOfUnityMappingTest.cpp.o
In file included from /opt/apps/resif/aion/2020b/epyc/software/Boost/1.74.0-GCC-10.2.0/include/boost/config/header_deprecated.hpp:18,
                 from /opt/apps/resif/aion/2020b/epyc/software/Boost/1.74.0-GCC-10.2.0/include/boost/range/result_iterator.hpp:18,
                 from /opt/apps/resif/aion/2020b/epyc/software/Boost/1.74.0-GCC-10.2.0/include/boost/range/metafunctions.hpp:20,
                 from /opt/apps/resif/aion/2020b/epyc/software/Boost/1.74.0-GCC-10.2.0/include/boost/range.hpp:19,
                 from /home/users/mghavami/y2425-w02-compilation-on-hpc-AminGhavami/precice/precice-3.1.2/src/time/Storage.hpp:4,
                 from /home/users/mghavami/y2425-w02-compilation-on-hpc-AminGhavami/precice/precice-3.1.2/src/mesh/Data.hpp:11,
                 from /home/users/mghavami/y2425-w02-compilation-on-hpc-AminGhavami/precice/precice-3.1.2/src/mesh/Mesh.hpp:14,
                 from /home/users/mghavami/y2425-w02-compilation-on-hpc-AminGhavami/precice/precice-3.1.2/src/m2n/DistributedCommunication.hpp:5,
                 from /home/users/mghavami/y2425-w02-compilation-on-hpc-AminGhavami/precice/precice-3.1.2/src/m2n/tests/GatherScatterCommunicationTest.cpp:7:
/opt/apps/resif/aion/2020b/epyc/software/Boost/1.74.0-GCC-10.2.0/include/boost/config/pragma_message.hpp:24:34: note: ‘#pragma message: This header is deprecated. Use <boost/range/iterator.hpp> instead.’
   24 | # define BOOST_PRAGMA_MESSAGE(x) _Pragma(BOOST_STRINGIZE(message(x)))
      |                                  ^~~~~~~
/opt/apps/resif/aion/2020b/epyc/software/Boost/1.74.0-GCC-10.2.0/include/boost/config/pragma_message.hpp:24:34: note: in definition of macro ‘BOOST_PRAGMA_MESSAGE’
   24 | # define BOOST_PRAGMA_MESSAGE(x) _Pragma(BOOST_STRINGIZE(message(x)))
      |                                  ^~~~~~~
/opt/apps/resif/aion/2020b/epyc/software/Boost/1.74.0-GCC-10.2.0/include/boost/range/result_iterator.hpp:20:1: note: in expansion of macro ‘BOOST_HEADER_DEPRECATED’
   20 | BOOST_HEADER_DEPRECATED("<boost/range/iterator.hpp>")
      | ^~~~~~~~~~~~~~~~~~~~~~~
/opt/apps/resif/aion/2020b/epyc/software/Boost/1.74.0-GCC-10.2.0/include/boost/config/pragma_message.hpp:24:34: note: ‘#pragma message: This header is deprecated. Use <boost/range/reverse_iterator.hpp> instead.’
   24 | # define BOOST_PRAGMA_MESSAGE(x) _Pragma(BOOST_STRINGIZE(message(x)))
      |                                  ^~~~~~~
/opt/apps/resif/aion/2020b/epyc/software/Boost/1.74.0-GCC-10.2.0/include/boost/config/pragma_message.hpp:24:34: note: in definition of macro ‘BOOST_PRAGMA_MESSAGE’
   24 | # define BOOST_PRAGMA_MESSAGE(x) _Pragma(BOOST_STRINGIZE(message(x)))
      |                                  ^~~~~~~
/opt/apps/resif/aion/2020b/epyc/software/Boost/1.74.0-GCC-10.2.0/include/boost/range/const_reverse_iterator.hpp:20:1: note: in expansion of macro ‘BOOST_HEADER_DEPRECATED’
   20 | BOOST_HEADER_DEPRECATED("<boost/range/reverse_iterator.hpp>")
      | ^~~~~~~~~~~~~~~~~~~~~~~
/opt/apps/resif/aion/2020b/epyc/software/Boost/1.74.0-GCC-10.2.0/include/boost/config/pragma_message.hpp:24:34: note: ‘#pragma message: This header is deprecated. Use <boost/range/reverse_iterator.hpp> instead.’
   24 | # define BOOST_PRAGMA_MESSAGE(x) _Pragma(BOOST_STRINGIZE(message(x)))
      |                                  ^~~~~~~
/opt/apps/resif/aion/2020b/epyc/software/Boost/1.74.0-GCC-10.2.0/include/boost/config/pragma_message.hpp:24:34: note: in definition of macro ‘BOOST_PRAGMA_MESSAGE’
   24 | # define BOOST_PRAGMA_MESSAGE(x) _Pragma(BOOST_STRINGIZE(message(x)))
      |                                  ^~~~~~~
/opt/apps/resif/aion/2020b/epyc/software/Boost/1.74.0-GCC-10.2.0/include/boost/range/reverse_result_iterator.hpp:20:1: note: in expansion of macro ‘BOOST_HEADER_DEPRECATED’
   20 | BOOST_HEADER_DEPRECATED("<boost/range/reverse_iterator.hpp>")
      | ^~~~~~~~~~~~~~~~~~~~~~~
[ 35%] Building CXX object CMakeFiles/testprecice.dir/src/mapping/tests/PetRadialBasisFctMappingTest.cpp.o
[ 35%] Building CXX object CMakeFiles/testprecice.dir/src/mapping/tests/PolationTest.cpp.o
In file included from /opt/apps/resif/aion/2020b/epyc/software/Boost/1.74.0-GCC-10.2.0/include/boost/config/header_deprecated.hpp:18,
                 from /opt/apps/resif/aion/2020b/epyc/software/Boost/1.74.0-GCC-10.2.0/include/boost/range/result_iterator.hpp:18,
                 from /opt/apps/resif/aion/2020b/epyc/software/Boost/1.74.0-GCC-10.2.0/include/boost/range/metafunctions.hpp:20,
                 from /opt/apps/resif/aion/2020b/epyc/software/Boost/1.74.0-GCC-10.2.0/include/boost/range.hpp:19,
                 from /home/users/mghavami/y2425-w02-compilation-on-hpc-AminGhavami/precice/precice-3.1.2/src/time/Storage.hpp:4,
                 from /home/users/mghavami/y2425-w02-compilation-on-hpc-AminGhavami/precice/precice-3.1.2/src/mesh/Data.hpp:11,
                 from /home/users/mghavami/y2425-w02-compilation-on-hpc-AminGhavami/precice/precice-3.1.2/src/mesh/Mesh.hpp:14,
                 from /home/users/mghavami/y2425-w02-compilation-on-hpc-AminGhavami/precice/precice-3.1.2/src/m2n/DistributedCommunication.hpp:5,
                 from /home/users/mghavami/y2425-w02-compilation-on-hpc-AminGhavami/precice/precice-3.1.2/src/m2n/tests/PointToPointCommunicationTest.cpp:11:
/opt/apps/resif/aion/2020b/epyc/software/Boost/1.74.0-GCC-10.2.0/include/boost/config/pragma_message.hpp:24:34: note: ‘#pragma message: This header is deprecated. Use <boost/range/iterator.hpp> instead.’
   24 | # define BOOST_PRAGMA_MESSAGE(x) _Pragma(BOOST_STRINGIZE(message(x)))
      |                                  ^~~~~~~
/opt/apps/resif/aion/2020b/epyc/software/Boost/1.74.0-GCC-10.2.0/include/boost/config/pragma_message.hpp:24:34: note: in definition of macro ‘BOOST_PRAGMA_MESSAGE’
   24 | # define BOOST_PRAGMA_MESSAGE(x) _Pragma(BOOST_STRINGIZE(message(x)))
      |                                  ^~~~~~~
/opt/apps/resif/aion/2020b/epyc/software/Boost/1.74.0-GCC-10.2.0/include/boost/range/result_iterator.hpp:20:1: note: in expansion of macro ‘BOOST_HEADER_DEPRECATED’
   20 | BOOST_HEADER_DEPRECATED("<boost/range/iterator.hpp>")
      | ^~~~~~~~~~~~~~~~~~~~~~~
/opt/apps/resif/aion/2020b/epyc/software/Boost/1.74.0-GCC-10.2.0/include/boost/config/pragma_message.hpp:24:34: note: ‘#pragma message: This header is deprecated. Use <boost/range/reverse_iterator.hpp> instead.’
   24 | # define BOOST_PRAGMA_MESSAGE(x) _Pragma(BOOST_STRINGIZE(message(x)))
      |                                  ^~~~~~~
/opt/apps/resif/aion/2020b/epyc/software/Boost/1.74.0-GCC-10.2.0/include/boost/config/pragma_message.hpp:24:34: note: in definition of macro ‘BOOST_PRAGMA_MESSAGE’
   24 | # define BOOST_PRAGMA_MESSAGE(x) _Pragma(BOOST_STRINGIZE(message(x)))
      |                                  ^~~~~~~
/opt/apps/resif/aion/2020b/epyc/software/Boost/1.74.0-GCC-10.2.0/include/boost/range/const_reverse_iterator.hpp:20:1: note: in expansion of macro ‘BOOST_HEADER_DEPRECATED’
   20 | BOOST_HEADER_DEPRECATED("<boost/range/reverse_iterator.hpp>")
      | ^~~~~~~~~~~~~~~~~~~~~~~
/opt/apps/resif/aion/2020b/epyc/software/Boost/1.74.0-GCC-10.2.0/include/boost/config/pragma_message.hpp:24:34: note: ‘#pragma message: This header is deprecated. Use <boost/range/reverse_iterator.hpp> instead.’
   24 | # define BOOST_PRAGMA_MESSAGE(x) _Pragma(BOOST_STRINGIZE(message(x)))
      |                                  ^~~~~~~
/opt/apps/resif/aion/2020b/epyc/software/Boost/1.74.0-GCC-10.2.0/include/boost/config/pragma_message.hpp:24:34: note: in definition of macro ‘BOOST_PRAGMA_MESSAGE’
   24 | # define BOOST_PRAGMA_MESSAGE(x) _Pragma(BOOST_STRINGIZE(message(x)))
      |                                  ^~~~~~~
/opt/apps/resif/aion/2020b/epyc/software/Boost/1.74.0-GCC-10.2.0/include/boost/range/reverse_result_iterator.hpp:20:1: note: in expansion of macro ‘BOOST_HEADER_DEPRECATED’
   20 | BOOST_HEADER_DEPRECATED("<boost/range/reverse_iterator.hpp>")
      | ^~~~~~~~~~~~~~~~~~~~~~~
[ 35%] Building CXX object CMakeFiles/testprecice.dir/src/mapping/tests/RadialBasisFctMappingTest.cpp.o
In file included from /opt/apps/resif/aion/2020b/epyc/software/Boost/1.74.0-GCC-10.2.0/include/boost/config/header_deprecated.hpp:18,
                 from /opt/apps/resif/aion/2020b/epyc/software/Boost/1.74.0-GCC-10.2.0/include/boost/range/result_iterator.hpp:18,
                 from /opt/apps/resif/aion/2020b/epyc/software/Boost/1.74.0-GCC-10.2.0/include/boost/range/metafunctions.hpp:20,
                 from /opt/apps/resif/aion/2020b/epyc/software/Boost/1.74.0-GCC-10.2.0/include/boost/range.hpp:19,
                 from /home/users/mghavami/y2425-w02-compilation-on-hpc-AminGhavami/precice/precice-3.1.2/src/time/Storage.hpp:4,
                 from /home/users/mghavami/y2425-w02-compilation-on-hpc-AminGhavami/precice/precice-3.1.2/src/mesh/Data.hpp:11,
                 from /home/users/mghavami/y2425-w02-compilation-on-hpc-AminGhavami/precice/precice-3.1.2/src/mesh/Mesh.hpp:14,
                 from /home/users/mghavami/y2425-w02-compilation-on-hpc-AminGhavami/precice/precice-3.1.2/src/mapping/Mapping.hpp:6,
                 from /home/users/mghavami/y2425-w02-compilation-on-hpc-AminGhavami/precice/precice-3.1.2/src/mapping/AxialGeoMultiscaleMapping.hpp:5,
                 from /home/users/mghavami/y2425-w02-compilation-on-hpc-AminGhavami/precice/precice-3.1.2/src/mapping/tests/AxialGeoMultiscaleMappingTest.cpp:5:
/opt/apps/resif/aion/2020b/epyc/software/Boost/1.74.0-GCC-10.2.0/include/boost/config/pragma_message.hpp:24:34: note: ‘#pragma message: This header is deprecated. Use <boost/range/iterator.hpp> instead.’
   24 | # define BOOST_PRAGMA_MESSAGE(x) _Pragma(BOOST_STRINGIZE(message(x)))
      |                                  ^~~~~~~
/opt/apps/resif/aion/2020b/epyc/software/Boost/1.74.0-GCC-10.2.0/include/boost/config/pragma_message.hpp:24:34: note: in definition of macro ‘BOOST_PRAGMA_MESSAGE’
   24 | # define BOOST_PRAGMA_MESSAGE(x) _Pragma(BOOST_STRINGIZE(message(x)))
      |                                  ^~~~~~~
/opt/apps/resif/aion/2020b/epyc/software/Boost/1.74.0-GCC-10.2.0/include/boost/range/result_iterator.hpp:20:1: note: in expansion of macro ‘BOOST_HEADER_DEPRECATED’
   20 | BOOST_HEADER_DEPRECATED("<boost/range/iterator.hpp>")
      | ^~~~~~~~~~~~~~~~~~~~~~~
/opt/apps/resif/aion/2020b/epyc/software/Boost/1.74.0-GCC-10.2.0/include/boost/config/pragma_message.hpp:24:34: note: ‘#pragma message: This header is deprecated. Use <boost/range/reverse_iterator.hpp> instead.’
   24 | # define BOOST_PRAGMA_MESSAGE(x) _Pragma(BOOST_STRINGIZE(message(x)))
      |                                  ^~~~~~~
/opt/apps/resif/aion/2020b/epyc/software/Boost/1.74.0-GCC-10.2.0/include/boost/config/pragma_message.hpp:24:34: note: in definition of macro ‘BOOST_PRAGMA_MESSAGE’
   24 | # define BOOST_PRAGMA_MESSAGE(x) _Pragma(BOOST_STRINGIZE(message(x)))
      |                                  ^~~~~~~
/opt/apps/resif/aion/2020b/epyc/software/Boost/1.74.0-GCC-10.2.0/include/boost/range/const_reverse_iterator.hpp:20:1: note: in expansion of macro ‘BOOST_HEADER_DEPRECATED’
   20 | BOOST_HEADER_DEPRECATED("<boost/range/reverse_iterator.hpp>")
      | ^~~~~~~~~~~~~~~~~~~~~~~
/opt/apps/resif/aion/2020b/epyc/software/Boost/1.74.0-GCC-10.2.0/include/boost/config/pragma_message.hpp:24:34: note: ‘#pragma message: This header is deprecated. Use <boost/range/reverse_iterator.hpp> instead.’
   24 | # define BOOST_PRAGMA_MESSAGE(x) _Pragma(BOOST_STRINGIZE(message(x)))
      |                                  ^~~~~~~
/opt/apps/resif/aion/2020b/epyc/software/Boost/1.74.0-GCC-10.2.0/include/boost/config/pragma_message.hpp:24:34: note: in definition of macro ‘BOOST_PRAGMA_MESSAGE’
   24 | # define BOOST_PRAGMA_MESSAGE(x) _Pragma(BOOST_STRINGIZE(message(x)))
      |                                  ^~~~~~~
/opt/apps/resif/aion/2020b/epyc/software/Boost/1.74.0-GCC-10.2.0/include/boost/range/reverse_result_iterator.hpp:20:1: note: in expansion of macro ‘BOOST_HEADER_DEPRECATED’
   20 | BOOST_HEADER_DEPRECATED("<boost/range/reverse_iterator.hpp>")
      | ^~~~~~~~~~~~~~~~~~~~~~~
In file included from /opt/apps/resif/aion/2020b/epyc/software/Boost/1.74.0-GCC-10.2.0/include/boost/config/header_deprecated.hpp:18,
                 from /opt/apps/resif/aion/2020b/epyc/software/Boost/1.74.0-GCC-10.2.0/include/boost/range/result_iterator.hpp:18,
                 from /opt/apps/resif/aion/2020b/epyc/software/Boost/1.74.0-GCC-10.2.0/include/boost/range/metafunctions.hpp:20,
                 from /opt/apps/resif/aion/2020b/epyc/software/Boost/1.74.0-GCC-10.2.0/include/boost/range.hpp:19,
                 from /home/users/mghavami/y2425-w02-compilation-on-hpc-AminGhavami/precice/precice-3.1.2/src/time/Storage.hpp:4,
                 from /home/users/mghavami/y2425-w02-compilation-on-hpc-AminGhavami/precice/precice-3.1.2/src/mesh/Data.hpp:11,
                 from /home/users/mghavami/y2425-w02-compilation-on-hpc-AminGhavami/precice/precice-3.1.2/src/mesh/Mesh.hpp:14,
                 from /home/users/mghavami/y2425-w02-compilation-on-hpc-AminGhavami/precice/precice-3.1.2/src/mapping/Mapping.hpp:6,
                 from /home/users/mghavami/y2425-w02-compilation-on-hpc-AminGhavami/precice/precice-3.1.2/src/mapping/BarycentricBaseMapping.hpp:5,
                 from /home/users/mghavami/y2425-w02-compilation-on-hpc-AminGhavami/precice/precice-3.1.2/src/mapping/LinearCellInterpolationMapping.hpp:4,
                 from /home/users/mghavami/y2425-w02-compilation-on-hpc-AminGhavami/precice/precice-3.1.2/src/mapping/tests/LinearCellInterpolationMappingTest.cpp:5:
/opt/apps/resif/aion/2020b/epyc/software/Boost/1.74.0-GCC-10.2.0/include/boost/config/pragma_message.hpp:24:34: note: ‘#pragma message: This header is deprecated. Use <boost/range/iterator.hpp> instead.’
   24 | # define BOOST_PRAGMA_MESSAGE(x) _Pragma(BOOST_STRINGIZE(message(x)))
      |                                  ^~~~~~~
/opt/apps/resif/aion/2020b/epyc/software/Boost/1.74.0-GCC-10.2.0/include/boost/config/pragma_message.hpp:24:34: note: in definition of macro ‘BOOST_PRAGMA_MESSAGE’
   24 | # define BOOST_PRAGMA_MESSAGE(x) _Pragma(BOOST_STRINGIZE(message(x)))
      |                                  ^~~~~~~
/opt/apps/resif/aion/2020b/epyc/software/Boost/1.74.0-GCC-10.2.0/include/boost/range/result_iterator.hpp:20:1: note: in expansion of macro ‘BOOST_HEADER_DEPRECATED’
   20 | BOOST_HEADER_DEPRECATED("<boost/range/iterator.hpp>")
      | ^~~~~~~~~~~~~~~~~~~~~~~
/opt/apps/resif/aion/2020b/epyc/software/Boost/1.74.0-GCC-10.2.0/include/boost/config/pragma_message.hpp:24:34: note: ‘#pragma message: This header is deprecated. Use <boost/range/reverse_iterator.hpp> instead.’
   24 | # define BOOST_PRAGMA_MESSAGE(x) _Pragma(BOOST_STRINGIZE(message(x)))
      |                                  ^~~~~~~
/opt/apps/resif/aion/2020b/epyc/software/Boost/1.74.0-GCC-10.2.0/include/boost/config/pragma_message.hpp:24:34: note: in definition of macro ‘BOOST_PRAGMA_MESSAGE’
   24 | # define BOOST_PRAGMA_MESSAGE(x) _Pragma(BOOST_STRINGIZE(message(x)))
      |                                  ^~~~~~~
/opt/apps/resif/aion/2020b/epyc/software/Boost/1.74.0-GCC-10.2.0/include/boost/range/const_reverse_iterator.hpp:20:1: note: in expansion of macro ‘BOOST_HEADER_DEPRECATED’
   20 | BOOST_HEADER_DEPRECATED("<boost/range/reverse_iterator.hpp>")
      | ^~~~~~~~~~~~~~~~~~~~~~~
/opt/apps/resif/aion/2020b/epyc/software/Boost/1.74.0-GCC-10.2.0/include/boost/config/pragma_message.hpp:24:34: note: ‘#pragma message: This header is deprecated. Use <boost/range/reverse_iterator.hpp> instead.’
   24 | # define BOOST_PRAGMA_MESSAGE(x) _Pragma(BOOST_STRINGIZE(message(x)))
      |                                  ^~~~~~~
/opt/apps/resif/aion/2020b/epyc/software/Boost/1.74.0-GCC-10.2.0/include/boost/config/pragma_message.hpp:24:34: note: in definition of macro ‘BOOST_PRAGMA_MESSAGE’
   24 | # define BOOST_PRAGMA_MESSAGE(x) _Pragma(BOOST_STRINGIZE(message(x)))
      |                                  ^~~~~~~
/opt/apps/resif/aion/2020b/epyc/software/Boost/1.74.0-GCC-10.2.0/include/boost/range/reverse_result_iterator.hpp:20:1: note: in expansion of macro ‘BOOST_HEADER_DEPRECATED’
   20 | BOOST_HEADER_DEPRECATED("<boost/range/reverse_iterator.hpp>")
      | ^~~~~~~~~~~~~~~~~~~~~~~
In file included from /opt/apps/resif/aion/2020b/epyc/software/Boost/1.74.0-GCC-10.2.0/include/boost/config/header_deprecated.hpp:18,
                 from /opt/apps/resif/aion/2020b/epyc/software/Boost/1.74.0-GCC-10.2.0/include/boost/range/result_iterator.hpp:18,
                 from /opt/apps/resif/aion/2020b/epyc/software/Boost/1.74.0-GCC-10.2.0/include/boost/range/metafunctions.hpp:20,
                 from /opt/apps/resif/aion/2020b/epyc/software/Boost/1.74.0-GCC-10.2.0/include/boost/range.hpp:19,
                 from /home/users/mghavami/y2425-w02-compilation-on-hpc-AminGhavami/precice/precice-3.1.2/src/time/Storage.hpp:4,
                 from /home/users/mghavami/y2425-w02-compilation-on-hpc-AminGhavami/precice/precice-3.1.2/src/mesh/Data.hpp:11,
                 from /home/users/mghavami/y2425-w02-compilation-on-hpc-AminGhavami/precice/precice-3.1.2/src/mesh/Mesh.hpp:14,
                 from /home/users/mghavami/y2425-w02-compilation-on-hpc-AminGhavami/precice/precice-3.1.2/src/mapping/Mapping.hpp:6,
                 from /home/users/mghavami/y2425-w02-compilation-on-hpc-AminGhavami/precice/precice-3.1.2/src/mapping/tests/NearestNeighborGradientMappingTest.cpp:4:
/opt/apps/resif/aion/2020b/epyc/software/Boost/1.74.0-GCC-10.2.0/include/boost/config/pragma_message.hpp:24:34: note: ‘#pragma message: This header is deprecated. Use <boost/range/iterator.hpp> instead.’
   24 | # define BOOST_PRAGMA_MESSAGE(x) _Pragma(BOOST_STRINGIZE(message(x)))
      |                                  ^~~~~~~
/opt/apps/resif/aion/2020b/epyc/software/Boost/1.74.0-GCC-10.2.0/include/boost/config/pragma_message.hpp:24:34: note: in definition of macro ‘BOOST_PRAGMA_MESSAGE’
   24 | # define BOOST_PRAGMA_MESSAGE(x) _Pragma(BOOST_STRINGIZE(message(x)))
      |                                  ^~~~~~~
/opt/apps/resif/aion/2020b/epyc/software/Boost/1.74.0-GCC-10.2.0/include/boost/range/result_iterator.hpp:20:1: note: in expansion of macro ‘BOOST_HEADER_DEPRECATED’
   20 | BOOST_HEADER_DEPRECATED("<boost/range/iterator.hpp>")
      | ^~~~~~~~~~~~~~~~~~~~~~~
/opt/apps/resif/aion/2020b/epyc/software/Boost/1.74.0-GCC-10.2.0/include/boost/config/pragma_message.hpp:24:34: note: ‘#pragma message: This header is deprecated. Use <boost/range/reverse_iterator.hpp> instead.’
   24 | # define BOOST_PRAGMA_MESSAGE(x) _Pragma(BOOST_STRINGIZE(message(x)))
      |                                  ^~~~~~~
/opt/apps/resif/aion/2020b/epyc/software/Boost/1.74.0-GCC-10.2.0/include/boost/config/pragma_message.hpp:24:34: note: in definition of macro ‘BOOST_PRAGMA_MESSAGE’
   24 | # define BOOST_PRAGMA_MESSAGE(x) _Pragma(BOOST_STRINGIZE(message(x)))
      |                                  ^~~~~~~
/opt/apps/resif/aion/2020b/epyc/software/Boost/1.74.0-GCC-10.2.0/include/boost/range/const_reverse_iterator.hpp:20:1: note: in expansion of macro ‘BOOST_HEADER_DEPRECATED’
   20 | BOOST_HEADER_DEPRECATED("<boost/range/reverse_iterator.hpp>")
      | ^~~~~~~~~~~~~~~~~~~~~~~
/opt/apps/resif/aion/2020b/epyc/software/Boost/1.74.0-GCC-10.2.0/include/boost/config/pragma_message.hpp:24:34: note: ‘#pragma message: This header is deprecated. Use <boost/range/reverse_iterator.hpp> instead.’
   24 | # define BOOST_PRAGMA_MESSAGE(x) _Pragma(BOOST_STRINGIZE(message(x)))
      |                                  ^~~~~~~
/opt/apps/resif/aion/2020b/epyc/software/Boost/1.74.0-GCC-10.2.0/include/boost/config/pragma_message.hpp:24:34: note: in definition of macro ‘BOOST_PRAGMA_MESSAGE’
   24 | # define BOOST_PRAGMA_MESSAGE(x) _Pragma(BOOST_STRINGIZE(message(x)))
      |                                  ^~~~~~~
/opt/apps/resif/aion/2020b/epyc/software/Boost/1.74.0-GCC-10.2.0/include/boost/range/reverse_result_iterator.hpp:20:1: note: in expansion of macro ‘BOOST_HEADER_DEPRECATED’
   20 | BOOST_HEADER_DEPRECATED("<boost/range/reverse_iterator.hpp>")
      | ^~~~~~~~~~~~~~~~~~~~~~~
In file included from /opt/apps/resif/aion/2020b/epyc/software/Boost/1.74.0-GCC-10.2.0/include/boost/config/header_deprecated.hpp:18,
                 from /opt/apps/resif/aion/2020b/epyc/software/Boost/1.74.0-GCC-10.2.0/include/boost/range/result_iterator.hpp:18,
                 from /opt/apps/resif/aion/2020b/epyc/software/Boost/1.74.0-GCC-10.2.0/include/boost/range/metafunctions.hpp:20,
                 from /opt/apps/resif/aion/2020b/epyc/software/Boost/1.74.0-GCC-10.2.0/include/boost/range.hpp:19,
                 from /home/users/mghavami/y2425-w02-compilation-on-hpc-AminGhavami/precice/precice-3.1.2/src/time/Storage.hpp:4,
                 from /home/users/mghavami/y2425-w02-compilation-on-hpc-AminGhavami/precice/precice-3.1.2/src/mesh/Data.hpp:11,
                 from /home/users/mghavami/y2425-w02-compilation-on-hpc-AminGhavami/precice/precice-3.1.2/src/mesh/Mesh.hpp:14,
                 from /home/users/mghavami/y2425-w02-compilation-on-hpc-AminGhavami/precice/precice-3.1.2/src/mapping/Mapping.hpp:6,
                 from /home/users/mghavami/y2425-w02-compilation-on-hpc-AminGhavami/precice/precice-3.1.2/src/mapping/tests/MappingConfigurationTest.cpp:5:
/opt/apps/resif/aion/2020b/epyc/software/Boost/1.74.0-GCC-10.2.0/include/boost/config/pragma_message.hpp:24:34: note: ‘#pragma message: This header is deprecated. Use <boost/range/iterator.hpp> instead.’
   24 | # define BOOST_PRAGMA_MESSAGE(x) _Pragma(BOOST_STRINGIZE(message(x)))
      |                                  ^~~~~~~
/opt/apps/resif/aion/2020b/epyc/software/Boost/1.74.0-GCC-10.2.0/include/boost/config/pragma_message.hpp:24:34: note: in definition of macro ‘BOOST_PRAGMA_MESSAGE’
   24 | # define BOOST_PRAGMA_MESSAGE(x) _Pragma(BOOST_STRINGIZE(message(x)))
      |                                  ^~~~~~~
/opt/apps/resif/aion/2020b/epyc/software/Boost/1.74.0-GCC-10.2.0/include/boost/range/result_iterator.hpp:20:1: note: in expansion of macro ‘BOOST_HEADER_DEPRECATED’
   20 | BOOST_HEADER_DEPRECATED("<boost/range/iterator.hpp>")
      | ^~~~~~~~~~~~~~~~~~~~~~~
/opt/apps/resif/aion/2020b/epyc/software/Boost/1.74.0-GCC-10.2.0/include/boost/config/pragma_message.hpp:24:34: note: ‘#pragma message: This header is deprecated. Use <boost/range/reverse_iterator.hpp> instead.’
   24 | # define BOOST_PRAGMA_MESSAGE(x) _Pragma(BOOST_STRINGIZE(message(x)))
      |                                  ^~~~~~~
/opt/apps/resif/aion/2020b/epyc/software/Boost/1.74.0-GCC-10.2.0/include/boost/config/pragma_message.hpp:24:34: note: in definition of macro ‘BOOST_PRAGMA_MESSAGE’
   24 | # define BOOST_PRAGMA_MESSAGE(x) _Pragma(BOOST_STRINGIZE(message(x)))
      |                                  ^~~~~~~
/opt/apps/resif/aion/2020b/epyc/software/Boost/1.74.0-GCC-10.2.0/include/boost/range/const_reverse_iterator.hpp:20:1: note: in expansion of macro ‘BOOST_HEADER_DEPRECATED’
   20 | BOOST_HEADER_DEPRECATED("<boost/range/reverse_iterator.hpp>")
      | ^~~~~~~~~~~~~~~~~~~~~~~
/opt/apps/resif/aion/2020b/epyc/software/Boost/1.74.0-GCC-10.2.0/include/boost/config/pragma_message.hpp:24:34: note: ‘#pragma message: This header is deprecated. Use <boost/range/reverse_iterator.hpp> instead.’
   24 | # define BOOST_PRAGMA_MESSAGE(x) _Pragma(BOOST_STRINGIZE(message(x)))
      |                                  ^~~~~~~
/opt/apps/resif/aion/2020b/epyc/software/Boost/1.74.0-GCC-10.2.0/include/boost/config/pragma_message.hpp:24:34: note: in definition of macro ‘BOOST_PRAGMA_MESSAGE’
   24 | # define BOOST_PRAGMA_MESSAGE(x) _Pragma(BOOST_STRINGIZE(message(x)))
      |                                  ^~~~~~~
/opt/apps/resif/aion/2020b/epyc/software/Boost/1.74.0-GCC-10.2.0/include/boost/range/reverse_result_iterator.hpp:20:1: note: in expansion of macro ‘BOOST_HEADER_DEPRECATED’
   20 | BOOST_HEADER_DEPRECATED("<boost/range/reverse_iterator.hpp>")
      | ^~~~~~~~~~~~~~~~~~~~~~~
[ 36%] Building CXX object CMakeFiles/testprecice.dir/src/mapping/tests/RadialGeoMultiscaleMappingTest.cpp.o
In file included from /opt/apps/resif/aion/2020b/epyc/software/Boost/1.74.0-GCC-10.2.0/include/boost/config/header_deprecated.hpp:18,
                 from /opt/apps/resif/aion/2020b/epyc/software/Boost/1.74.0-GCC-10.2.0/include/boost/range/result_iterator.hpp:18,
                 from /opt/apps/resif/aion/2020b/epyc/software/Boost/1.74.0-GCC-10.2.0/include/boost/range/metafunctions.hpp:20,
                 from /opt/apps/resif/aion/2020b/epyc/software/Boost/1.74.0-GCC-10.2.0/include/boost/range.hpp:19,
                 from /home/users/mghavami/y2425-w02-compilation-on-hpc-AminGhavami/precice/precice-3.1.2/src/time/Storage.hpp:4,
                 from /home/users/mghavami/y2425-w02-compilation-on-hpc-AminGhavami/precice/precice-3.1.2/src/mesh/Data.hpp:11,
                 from /home/users/mghavami/y2425-w02-compilation-on-hpc-AminGhavami/precice/precice-3.1.2/src/mesh/Mesh.hpp:14,
                 from /home/users/mghavami/y2425-w02-compilation-on-hpc-AminGhavami/precice/precice-3.1.2/src/mapping/Mapping.hpp:6,
                 from /home/users/mghavami/y2425-w02-compilation-on-hpc-AminGhavami/precice/precice-3.1.2/src/mapping/tests/NearestProjectionMappingTest.cpp:5:
/opt/apps/resif/aion/2020b/epyc/software/Boost/1.74.0-GCC-10.2.0/include/boost/config/pragma_message.hpp:24:34: note: ‘#pragma message: This header is deprecated. Use <boost/range/iterator.hpp> instead.’
   24 | # define BOOST_PRAGMA_MESSAGE(x) _Pragma(BOOST_STRINGIZE(message(x)))
      |                                  ^~~~~~~
/opt/apps/resif/aion/2020b/epyc/software/Boost/1.74.0-GCC-10.2.0/include/boost/config/pragma_message.hpp:24:34: note: in definition of macro ‘BOOST_PRAGMA_MESSAGE’
   24 | # define BOOST_PRAGMA_MESSAGE(x) _Pragma(BOOST_STRINGIZE(message(x)))
      |                                  ^~~~~~~
/opt/apps/resif/aion/2020b/epyc/software/Boost/1.74.0-GCC-10.2.0/include/boost/range/result_iterator.hpp:20:1: note: in expansion of macro ‘BOOST_HEADER_DEPRECATED’
   20 | BOOST_HEADER_DEPRECATED("<boost/range/iterator.hpp>")
      | ^~~~~~~~~~~~~~~~~~~~~~~
/opt/apps/resif/aion/2020b/epyc/software/Boost/1.74.0-GCC-10.2.0/include/boost/config/pragma_message.hpp:24:34: note: ‘#pragma message: This header is deprecated. Use <boost/range/reverse_iterator.hpp> instead.’
   24 | # define BOOST_PRAGMA_MESSAGE(x) _Pragma(BOOST_STRINGIZE(message(x)))
      |                                  ^~~~~~~
/opt/apps/resif/aion/2020b/epyc/software/Boost/1.74.0-GCC-10.2.0/include/boost/config/pragma_message.hpp:24:34: note: in definition of macro ‘BOOST_PRAGMA_MESSAGE’
   24 | # define BOOST_PRAGMA_MESSAGE(x) _Pragma(BOOST_STRINGIZE(message(x)))
      |                                  ^~~~~~~
/opt/apps/resif/aion/2020b/epyc/software/Boost/1.74.0-GCC-10.2.0/include/boost/range/const_reverse_iterator.hpp:20:1: note: in expansion of macro ‘BOOST_HEADER_DEPRECATED’
   20 | BOOST_HEADER_DEPRECATED("<boost/range/reverse_iterator.hpp>")
      | ^~~~~~~~~~~~~~~~~~~~~~~
/opt/apps/resif/aion/2020b/epyc/software/Boost/1.74.0-GCC-10.2.0/include/boost/config/pragma_message.hpp:24:34: note: ‘#pragma message: This header is deprecated. Use <boost/range/reverse_iterator.hpp> instead.’
   24 | # define BOOST_PRAGMA_MESSAGE(x) _Pragma(BOOST_STRINGIZE(message(x)))
      |                                  ^~~~~~~
/opt/apps/resif/aion/2020b/epyc/software/Boost/1.74.0-GCC-10.2.0/include/boost/config/pragma_message.hpp:24:34: note: in definition of macro ‘BOOST_PRAGMA_MESSAGE’
   24 | # define BOOST_PRAGMA_MESSAGE(x) _Pragma(BOOST_STRINGIZE(message(x)))
      |                                  ^~~~~~~
/opt/apps/resif/aion/2020b/epyc/software/Boost/1.74.0-GCC-10.2.0/include/boost/range/reverse_result_iterator.hpp:20:1: note: in expansion of macro ‘BOOST_HEADER_DEPRECATED’
   20 | BOOST_HEADER_DEPRECATED("<boost/range/reverse_iterator.hpp>")
      | ^~~~~~~~~~~~~~~~~~~~~~~
[ 36%] Building CXX object CMakeFiles/testprecice.dir/src/math/tests/BSplineTest.cpp.o
In file included from /opt/apps/resif/aion/2020b/epyc/software/Boost/1.74.0-GCC-10.2.0/include/boost/config/header_deprecated.hpp:18,
                 from /opt/apps/resif/aion/2020b/epyc/software/Boost/1.74.0-GCC-10.2.0/include/boost/range/result_iterator.hpp:18,
                 from /opt/apps/resif/aion/2020b/epyc/software/Boost/1.74.0-GCC-10.2.0/include/boost/range/metafunctions.hpp:20,
                 from /opt/apps/resif/aion/2020b/epyc/software/Boost/1.74.0-GCC-10.2.0/include/boost/range.hpp:19,
                 from /home/users/mghavami/y2425-w02-compilation-on-hpc-AminGhavami/precice/precice-3.1.2/src/time/Storage.hpp:4,
                 from /home/users/mghavami/y2425-w02-compilation-on-hpc-AminGhavami/precice/precice-3.1.2/src/mesh/Data.hpp:11,
                 from /home/users/mghavami/y2425-w02-compilation-on-hpc-AminGhavami/precice/precice-3.1.2/src/mesh/Mesh.hpp:14,
                 from /home/users/mghavami/y2425-w02-compilation-on-hpc-AminGhavami/precice/precice-3.1.2/src/mapping/Mapping.hpp:6,
                 from /home/users/mghavami/y2425-w02-compilation-on-hpc-AminGhavami/precice/precice-3.1.2/src/mapping/tests/PartitionOfUnityMappingTest.cpp:9:
/opt/apps/resif/aion/2020b/epyc/software/Boost/1.74.0-GCC-10.2.0/include/boost/config/pragma_message.hpp:24:34: note: ‘#pragma message: This header is deprecated. Use <boost/range/iterator.hpp> instead.’
   24 | # define BOOST_PRAGMA_MESSAGE(x) _Pragma(BOOST_STRINGIZE(message(x)))
      |                                  ^~~~~~~
/opt/apps/resif/aion/2020b/epyc/software/Boost/1.74.0-GCC-10.2.0/include/boost/config/pragma_message.hpp:24:34: note: in definition of macro ‘BOOST_PRAGMA_MESSAGE’
   24 | # define BOOST_PRAGMA_MESSAGE(x) _Pragma(BOOST_STRINGIZE(message(x)))
      |                                  ^~~~~~~
/opt/apps/resif/aion/2020b/epyc/software/Boost/1.74.0-GCC-10.2.0/include/boost/range/result_iterator.hpp:20:1: note: in expansion of macro ‘BOOST_HEADER_DEPRECATED’
   20 | BOOST_HEADER_DEPRECATED("<boost/range/iterator.hpp>")
      | ^~~~~~~~~~~~~~~~~~~~~~~
/opt/apps/resif/aion/2020b/epyc/software/Boost/1.74.0-GCC-10.2.0/include/boost/config/pragma_message.hpp:24:34: note: ‘#pragma message: This header is deprecated. Use <boost/range/reverse_iterator.hpp> instead.’
   24 | # define BOOST_PRAGMA_MESSAGE(x) _Pragma(BOOST_STRINGIZE(message(x)))
      |                                  ^~~~~~~
/opt/apps/resif/aion/2020b/epyc/software/Boost/1.74.0-GCC-10.2.0/include/boost/config/pragma_message.hpp:24:34: note: in definition of macro ‘BOOST_PRAGMA_MESSAGE’
   24 | # define BOOST_PRAGMA_MESSAGE(x) _Pragma(BOOST_STRINGIZE(message(x)))
      |                                  ^~~~~~~
/opt/apps/resif/aion/2020b/epyc/software/Boost/1.74.0-GCC-10.2.0/include/boost/range/const_reverse_iterator.hpp:20:1: note: in expansion of macro ‘BOOST_HEADER_DEPRECATED’
   20 | BOOST_HEADER_DEPRECATED("<boost/range/reverse_iterator.hpp>")
      | ^~~~~~~~~~~~~~~~~~~~~~~
/opt/apps/resif/aion/2020b/epyc/software/Boost/1.74.0-GCC-10.2.0/include/boost/config/pragma_message.hpp:24:34: note: ‘#pragma message: This header is deprecated. Use <boost/range/reverse_iterator.hpp> instead.’
   24 | # define BOOST_PRAGMA_MESSAGE(x) _Pragma(BOOST_STRINGIZE(message(x)))
      |                                  ^~~~~~~
/opt/apps/resif/aion/2020b/epyc/software/Boost/1.74.0-GCC-10.2.0/include/boost/config/pragma_message.hpp:24:34: note: in definition of macro ‘BOOST_PRAGMA_MESSAGE’
   24 | # define BOOST_PRAGMA_MESSAGE(x) _Pragma(BOOST_STRINGIZE(message(x)))
      |                                  ^~~~~~~
/opt/apps/resif/aion/2020b/epyc/software/Boost/1.74.0-GCC-10.2.0/include/boost/range/reverse_result_iterator.hpp:20:1: note: in expansion of macro ‘BOOST_HEADER_DEPRECATED’
   20 | BOOST_HEADER_DEPRECATED("<boost/range/reverse_iterator.hpp>")
      | ^~~~~~~~~~~~~~~~~~~~~~~
[ 36%] Building CXX object CMakeFiles/testprecice.dir/src/math/tests/BarycenterTest.cpp.o
In file included from /opt/apps/resif/aion/2020b/epyc/software/Boost/1.74.0-GCC-10.2.0/include/boost/config/header_deprecated.hpp:18,
                 from /opt/apps/resif/aion/2020b/epyc/software/Boost/1.74.0-GCC-10.2.0/include/boost/range/result_iterator.hpp:18,
                 from /opt/apps/resif/aion/2020b/epyc/software/Boost/1.74.0-GCC-10.2.0/include/boost/range/metafunctions.hpp:20,
                 from /opt/apps/resif/aion/2020b/epyc/software/Boost/1.74.0-GCC-10.2.0/include/boost/range.hpp:19,
                 from /home/users/mghavami/y2425-w02-compilation-on-hpc-AminGhavami/precice/precice-3.1.2/src/time/Storage.hpp:4,
                 from /home/users/mghavami/y2425-w02-compilation-on-hpc-AminGhavami/precice/precice-3.1.2/src/mesh/Data.hpp:11,
                 from /home/users/mghavami/y2425-w02-compilation-on-hpc-AminGhavami/precice/precice-3.1.2/src/mesh/Mesh.hpp:14,
                 from /home/users/mghavami/y2425-w02-compilation-on-hpc-AminGhavami/precice/precice-3.1.2/src/mapping/Mapping.hpp:6,
                 from /home/users/mghavami/y2425-w02-compilation-on-hpc-AminGhavami/precice/precice-3.1.2/src/mapping/tests/NearestNeighborMappingTest.cpp:6:
/opt/apps/resif/aion/2020b/epyc/software/Boost/1.74.0-GCC-10.2.0/include/boost/config/pragma_message.hpp:24:34: note: ‘#pragma message: This header is deprecated. Use <boost/range/iterator.hpp> instead.’
   24 | # define BOOST_PRAGMA_MESSAGE(x) _Pragma(BOOST_STRINGIZE(message(x)))
      |                                  ^~~~~~~
/opt/apps/resif/aion/2020b/epyc/software/Boost/1.74.0-GCC-10.2.0/include/boost/config/pragma_message.hpp:24:34: note: in definition of macro ‘BOOST_PRAGMA_MESSAGE’
   24 | # define BOOST_PRAGMA_MESSAGE(x) _Pragma(BOOST_STRINGIZE(message(x)))
      |                                  ^~~~~~~
/opt/apps/resif/aion/2020b/epyc/software/Boost/1.74.0-GCC-10.2.0/include/boost/range/result_iterator.hpp:20:1: note: in expansion of macro ‘BOOST_HEADER_DEPRECATED’
   20 | BOOST_HEADER_DEPRECATED("<boost/range/iterator.hpp>")
      | ^~~~~~~~~~~~~~~~~~~~~~~
/opt/apps/resif/aion/2020b/epyc/software/Boost/1.74.0-GCC-10.2.0/include/boost/config/pragma_message.hpp:24:34: note: ‘#pragma message: This header is deprecated. Use <boost/range/reverse_iterator.hpp> instead.’
   24 | # define BOOST_PRAGMA_MESSAGE(x) _Pragma(BOOST_STRINGIZE(message(x)))
      |                                  ^~~~~~~
/opt/apps/resif/aion/2020b/epyc/software/Boost/1.74.0-GCC-10.2.0/include/boost/config/pragma_message.hpp:24:34: note: in definition of macro ‘BOOST_PRAGMA_MESSAGE’
   24 | # define BOOST_PRAGMA_MESSAGE(x) _Pragma(BOOST_STRINGIZE(message(x)))
      |                                  ^~~~~~~
/opt/apps/resif/aion/2020b/epyc/software/Boost/1.74.0-GCC-10.2.0/include/boost/range/const_reverse_iterator.hpp:20:1: note: in expansion of macro ‘BOOST_HEADER_DEPRECATED’
   20 | BOOST_HEADER_DEPRECATED("<boost/range/reverse_iterator.hpp>")
      | ^~~~~~~~~~~~~~~~~~~~~~~
/opt/apps/resif/aion/2020b/epyc/software/Boost/1.74.0-GCC-10.2.0/include/boost/config/pragma_message.hpp:24:34: note: ‘#pragma message: This header is deprecated. Use <boost/range/reverse_iterator.hpp> instead.’
   24 | # define BOOST_PRAGMA_MESSAGE(x) _Pragma(BOOST_STRINGIZE(message(x)))
      |                                  ^~~~~~~
/opt/apps/resif/aion/2020b/epyc/software/Boost/1.74.0-GCC-10.2.0/include/boost/config/pragma_message.hpp:24:34: note: in definition of macro ‘BOOST_PRAGMA_MESSAGE’
   24 | # define BOOST_PRAGMA_MESSAGE(x) _Pragma(BOOST_STRINGIZE(message(x)))
      |                                  ^~~~~~~
/opt/apps/resif/aion/2020b/epyc/software/Boost/1.74.0-GCC-10.2.0/include/boost/range/reverse_result_iterator.hpp:20:1: note: in expansion of macro ‘BOOST_HEADER_DEPRECATED’
   20 | BOOST_HEADER_DEPRECATED("<boost/range/reverse_iterator.hpp>")
      | ^~~~~~~~~~~~~~~~~~~~~~~
In file included from /opt/apps/resif/aion/2020b/epyc/software/Boost/1.74.0-GCC-10.2.0/include/boost/config/header_deprecated.hpp:18,
                 from /opt/apps/resif/aion/2020b/epyc/software/Boost/1.74.0-GCC-10.2.0/include/boost/range/result_iterator.hpp:18,
                 from /opt/apps/resif/aion/2020b/epyc/software/Boost/1.74.0-GCC-10.2.0/include/boost/range/metafunctions.hpp:20,
                 from /opt/apps/resif/aion/2020b/epyc/software/Boost/1.74.0-GCC-10.2.0/include/boost/range.hpp:19,
                 from /home/users/mghavami/y2425-w02-compilation-on-hpc-AminGhavami/precice/precice-3.1.2/src/time/Storage.hpp:4,
                 from /home/users/mghavami/y2425-w02-compilation-on-hpc-AminGhavami/precice/precice-3.1.2/src/mesh/Data.hpp:11,
                 from /home/users/mghavami/y2425-w02-compilation-on-hpc-AminGhavami/precice/precice-3.1.2/src/mesh/Mesh.hpp:14,
                 from /home/users/mghavami/y2425-w02-compilation-on-hpc-AminGhavami/precice/precice-3.1.2/src/mapping/impl/CreateClustering.hpp:8,
                 from /home/users/mghavami/y2425-w02-compilation-on-hpc-AminGhavami/precice/precice-3.1.2/src/mapping/tests/PartitionOfUnityClusteringTest.cpp:9:
/opt/apps/resif/aion/2020b/epyc/software/Boost/1.74.0-GCC-10.2.0/include/boost/config/pragma_message.hpp:24:34: note: ‘#pragma message: This header is deprecated. Use <boost/range/iterator.hpp> instead.’
   24 | # define BOOST_PRAGMA_MESSAGE(x) _Pragma(BOOST_STRINGIZE(message(x)))
      |                                  ^~~~~~~
/opt/apps/resif/aion/2020b/epyc/software/Boost/1.74.0-GCC-10.2.0/include/boost/config/pragma_message.hpp:24:34: note: in definition of macro ‘BOOST_PRAGMA_MESSAGE’
   24 | # define BOOST_PRAGMA_MESSAGE(x) _Pragma(BOOST_STRINGIZE(message(x)))
      |                                  ^~~~~~~
/opt/apps/resif/aion/2020b/epyc/software/Boost/1.74.0-GCC-10.2.0/include/boost/range/result_iterator.hpp:20:1: note: in expansion of macro ‘BOOST_HEADER_DEPRECATED’
   20 | BOOST_HEADER_DEPRECATED("<boost/range/iterator.hpp>")
      | ^~~~~~~~~~~~~~~~~~~~~~~
/opt/apps/resif/aion/2020b/epyc/software/Boost/1.74.0-GCC-10.2.0/include/boost/config/pragma_message.hpp:24:34: note: ‘#pragma message: This header is deprecated. Use <boost/range/reverse_iterator.hpp> instead.’
   24 | # define BOOST_PRAGMA_MESSAGE(x) _Pragma(BOOST_STRINGIZE(message(x)))
      |                                  ^~~~~~~
/opt/apps/resif/aion/2020b/epyc/software/Boost/1.74.0-GCC-10.2.0/include/boost/config/pragma_message.hpp:24:34: note: in definition of macro ‘BOOST_PRAGMA_MESSAGE’
   24 | # define BOOST_PRAGMA_MESSAGE(x) _Pragma(BOOST_STRINGIZE(message(x)))
      |                                  ^~~~~~~
/opt/apps/resif/aion/2020b/epyc/software/Boost/1.74.0-GCC-10.2.0/include/boost/range/const_reverse_iterator.hpp:20:1: note: in expansion of macro ‘BOOST_HEADER_DEPRECATED’
   20 | BOOST_HEADER_DEPRECATED("<boost/range/reverse_iterator.hpp>")
      | ^~~~~~~~~~~~~~~~~~~~~~~
/opt/apps/resif/aion/2020b/epyc/software/Boost/1.74.0-GCC-10.2.0/include/boost/config/pragma_message.hpp:24:34: note: ‘#pragma message: This header is deprecated. Use <boost/range/reverse_iterator.hpp> instead.’
   24 | # define BOOST_PRAGMA_MESSAGE(x) _Pragma(BOOST_STRINGIZE(message(x)))
      |                                  ^~~~~~~
/opt/apps/resif/aion/2020b/epyc/software/Boost/1.74.0-GCC-10.2.0/include/boost/config/pragma_message.hpp:24:34: note: in definition of macro ‘BOOST_PRAGMA_MESSAGE’
   24 | # define BOOST_PRAGMA_MESSAGE(x) _Pragma(BOOST_STRINGIZE(message(x)))
      |                                  ^~~~~~~
/opt/apps/resif/aion/2020b/epyc/software/Boost/1.74.0-GCC-10.2.0/include/boost/range/reverse_result_iterator.hpp:20:1: note: in expansion of macro ‘BOOST_HEADER_DEPRECATED’
   20 | BOOST_HEADER_DEPRECATED("<boost/range/reverse_iterator.hpp>")
      | ^~~~~~~~~~~~~~~~~~~~~~~
In file included from /opt/apps/resif/aion/2020b/epyc/software/Boost/1.74.0-GCC-10.2.0/include/boost/config/header_deprecated.hpp:18,
                 from /opt/apps/resif/aion/2020b/epyc/software/Boost/1.74.0-GCC-10.2.0/include/boost/range/result_iterator.hpp:18,
                 from /opt/apps/resif/aion/2020b/epyc/software/Boost/1.74.0-GCC-10.2.0/include/boost/range/metafunctions.hpp:20,
                 from /opt/apps/resif/aion/2020b/epyc/software/Boost/1.74.0-GCC-10.2.0/include/boost/range.hpp:19,
                 from /home/users/mghavami/y2425-w02-compilation-on-hpc-AminGhavami/precice/precice-3.1.2/src/time/Storage.hpp:4,
                 from /home/users/mghavami/y2425-w02-compilation-on-hpc-AminGhavami/precice/precice-3.1.2/src/mesh/Data.hpp:11,
                 from /home/users/mghavami/y2425-w02-compilation-on-hpc-AminGhavami/precice/precice-3.1.2/src/mesh/Mesh.hpp:14,
                 from /home/users/mghavami/y2425-w02-compilation-on-hpc-AminGhavami/precice/precice-3.1.2/src/mapping/Mapping.hpp:6,
                 from /home/users/mghavami/y2425-w02-compilation-on-hpc-AminGhavami/precice/precice-3.1.2/src/mapping/tests/PetRadialBasisFctMappingTest.cpp:13:
/opt/apps/resif/aion/2020b/epyc/software/Boost/1.74.0-GCC-10.2.0/include/boost/config/pragma_message.hpp:24:34: note: ‘#pragma message: This header is deprecated. Use <boost/range/iterator.hpp> instead.’
   24 | # define BOOST_PRAGMA_MESSAGE(x) _Pragma(BOOST_STRINGIZE(message(x)))
      |                                  ^~~~~~~
/opt/apps/resif/aion/2020b/epyc/software/Boost/1.74.0-GCC-10.2.0/include/boost/config/pragma_message.hpp:24:34: note: in definition of macro ‘BOOST_PRAGMA_MESSAGE’
   24 | # define BOOST_PRAGMA_MESSAGE(x) _Pragma(BOOST_STRINGIZE(message(x)))
      |                                  ^~~~~~~
/opt/apps/resif/aion/2020b/epyc/software/Boost/1.74.0-GCC-10.2.0/include/boost/range/result_iterator.hpp:20:1: note: in expansion of macro ‘BOOST_HEADER_DEPRECATED’
   20 | BOOST_HEADER_DEPRECATED("<boost/range/iterator.hpp>")
      | ^~~~~~~~~~~~~~~~~~~~~~~
/opt/apps/resif/aion/2020b/epyc/software/Boost/1.74.0-GCC-10.2.0/include/boost/config/pragma_message.hpp:24:34: note: ‘#pragma message: This header is deprecated. Use <boost/range/reverse_iterator.hpp> instead.’
   24 | # define BOOST_PRAGMA_MESSAGE(x) _Pragma(BOOST_STRINGIZE(message(x)))
      |                                  ^~~~~~~
/opt/apps/resif/aion/2020b/epyc/software/Boost/1.74.0-GCC-10.2.0/include/boost/config/pragma_message.hpp:24:34: note: in definition of macro ‘BOOST_PRAGMA_MESSAGE’
   24 | # define BOOST_PRAGMA_MESSAGE(x) _Pragma(BOOST_STRINGIZE(message(x)))
      |                                  ^~~~~~~
/opt/apps/resif/aion/2020b/epyc/software/Boost/1.74.0-GCC-10.2.0/include/boost/range/const_reverse_iterator.hpp:20:1: note: in expansion of macro ‘BOOST_HEADER_DEPRECATED’
   20 | BOOST_HEADER_DEPRECATED("<boost/range/reverse_iterator.hpp>")
      | ^~~~~~~~~~~~~~~~~~~~~~~
/opt/apps/resif/aion/2020b/epyc/software/Boost/1.74.0-GCC-10.2.0/include/boost/config/pragma_message.hpp:24:34: note: ‘#pragma message: This header is deprecated. Use <boost/range/reverse_iterator.hpp> instead.’
   24 | # define BOOST_PRAGMA_MESSAGE(x) _Pragma(BOOST_STRINGIZE(message(x)))
      |                                  ^~~~~~~
/opt/apps/resif/aion/2020b/epyc/software/Boost/1.74.0-GCC-10.2.0/include/boost/config/pragma_message.hpp:24:34: note: in definition of macro ‘BOOST_PRAGMA_MESSAGE’
   24 | # define BOOST_PRAGMA_MESSAGE(x) _Pragma(BOOST_STRINGIZE(message(x)))
      |                                  ^~~~~~~
/opt/apps/resif/aion/2020b/epyc/software/Boost/1.74.0-GCC-10.2.0/include/boost/range/reverse_result_iterator.hpp:20:1: note: in expansion of macro ‘BOOST_HEADER_DEPRECATED’
   20 | BOOST_HEADER_DEPRECATED("<boost/range/reverse_iterator.hpp>")
      | ^~~~~~~~~~~~~~~~~~~~~~~
[ 36%] Building CXX object CMakeFiles/testprecice.dir/src/math/tests/DifferencesTest.cpp.o
In file included from /opt/apps/resif/aion/2020b/epyc/software/Boost/1.74.0-GCC-10.2.0/include/boost/config/header_deprecated.hpp:18,
                 from /opt/apps/resif/aion/2020b/epyc/software/Boost/1.74.0-GCC-10.2.0/include/boost/range/result_iterator.hpp:18,
                 from /opt/apps/resif/aion/2020b/epyc/software/Boost/1.74.0-GCC-10.2.0/include/boost/range/metafunctions.hpp:20,
                 from /opt/apps/resif/aion/2020b/epyc/software/Boost/1.74.0-GCC-10.2.0/include/boost/range.hpp:19,
                 from /home/users/mghavami/y2425-w02-compilation-on-hpc-AminGhavami/precice/precice-3.1.2/src/time/Storage.hpp:4,
                 from /home/users/mghavami/y2425-w02-compilation-on-hpc-AminGhavami/precice/precice-3.1.2/src/mesh/Data.hpp:11,
                 from /home/users/mghavami/y2425-w02-compilation-on-hpc-AminGhavami/precice/precice-3.1.2/src/mesh/Mesh.hpp:14,
                 from /home/users/mghavami/y2425-w02-compilation-on-hpc-AminGhavami/precice/precice-3.1.2/src/mapping/Mapping.hpp:6,
                 from /home/users/mghavami/y2425-w02-compilation-on-hpc-AminGhavami/precice/precice-3.1.2/src/mapping/tests/RadialBasisFctMappingTest.cpp:9:
/opt/apps/resif/aion/2020b/epyc/software/Boost/1.74.0-GCC-10.2.0/include/boost/config/pragma_message.hpp:24:34: note: ‘#pragma message: This header is deprecated. Use <boost/range/iterator.hpp> instead.’
   24 | # define BOOST_PRAGMA_MESSAGE(x) _Pragma(BOOST_STRINGIZE(message(x)))
      |                                  ^~~~~~~
/opt/apps/resif/aion/2020b/epyc/software/Boost/1.74.0-GCC-10.2.0/include/boost/config/pragma_message.hpp:24:34: note: in definition of macro ‘BOOST_PRAGMA_MESSAGE’
   24 | # define BOOST_PRAGMA_MESSAGE(x) _Pragma(BOOST_STRINGIZE(message(x)))
      |                                  ^~~~~~~
/opt/apps/resif/aion/2020b/epyc/software/Boost/1.74.0-GCC-10.2.0/include/boost/range/result_iterator.hpp:20:1: note: in expansion of macro ‘BOOST_HEADER_DEPRECATED’
   20 | BOOST_HEADER_DEPRECATED("<boost/range/iterator.hpp>")
      | ^~~~~~~~~~~~~~~~~~~~~~~
/opt/apps/resif/aion/2020b/epyc/software/Boost/1.74.0-GCC-10.2.0/include/boost/config/pragma_message.hpp:24:34: note: ‘#pragma message: This header is deprecated. Use <boost/range/reverse_iterator.hpp> instead.’
   24 | # define BOOST_PRAGMA_MESSAGE(x) _Pragma(BOOST_STRINGIZE(message(x)))
      |                                  ^~~~~~~
/opt/apps/resif/aion/2020b/epyc/software/Boost/1.74.0-GCC-10.2.0/include/boost/config/pragma_message.hpp:24:34: note: in definition of macro ‘BOOST_PRAGMA_MESSAGE’
   24 | # define BOOST_PRAGMA_MESSAGE(x) _Pragma(BOOST_STRINGIZE(message(x)))
      |                                  ^~~~~~~
/opt/apps/resif/aion/2020b/epyc/software/Boost/1.74.0-GCC-10.2.0/include/boost/range/const_reverse_iterator.hpp:20:1: note: in expansion of macro ‘BOOST_HEADER_DEPRECATED’
   20 | BOOST_HEADER_DEPRECATED("<boost/range/reverse_iterator.hpp>")
      | ^~~~~~~~~~~~~~~~~~~~~~~
/opt/apps/resif/aion/2020b/epyc/software/Boost/1.74.0-GCC-10.2.0/include/boost/config/pragma_message.hpp:24:34: note: ‘#pragma message: This header is deprecated. Use <boost/range/reverse_iterator.hpp> instead.’
   24 | # define BOOST_PRAGMA_MESSAGE(x) _Pragma(BOOST_STRINGIZE(message(x)))
      |                                  ^~~~~~~
/opt/apps/resif/aion/2020b/epyc/software/Boost/1.74.0-GCC-10.2.0/include/boost/config/pragma_message.hpp:24:34: note: in definition of macro ‘BOOST_PRAGMA_MESSAGE’
   24 | # define BOOST_PRAGMA_MESSAGE(x) _Pragma(BOOST_STRINGIZE(message(x)))
      |                                  ^~~~~~~
/opt/apps/resif/aion/2020b/epyc/software/Boost/1.74.0-GCC-10.2.0/include/boost/range/reverse_result_iterator.hpp:20:1: note: in expansion of macro ‘BOOST_HEADER_DEPRECATED’
   20 | BOOST_HEADER_DEPRECATED("<boost/range/reverse_iterator.hpp>")
      | ^~~~~~~~~~~~~~~~~~~~~~~
[ 36%] Building CXX object CMakeFiles/testprecice.dir/src/math/tests/GeometryTest.cpp.o
In file included from /opt/apps/resif/aion/2020b/epyc/software/Boost/1.74.0-GCC-10.2.0/include/boost/config/header_deprecated.hpp:18,
                 from /opt/apps/resif/aion/2020b/epyc/software/Boost/1.74.0-GCC-10.2.0/include/boost/range/result_iterator.hpp:18,
                 from /opt/apps/resif/aion/2020b/epyc/software/Boost/1.74.0-GCC-10.2.0/include/boost/range/metafunctions.hpp:20,
                 from /opt/apps/resif/aion/2020b/epyc/software/Boost/1.74.0-GCC-10.2.0/include/boost/range.hpp:19,
                 from /home/users/mghavami/y2425-w02-compilation-on-hpc-AminGhavami/precice/precice-3.1.2/src/time/Storage.hpp:4,
                 from /home/users/mghavami/y2425-w02-compilation-on-hpc-AminGhavami/precice/precice-3.1.2/src/mesh/Data.hpp:11,
                 from /home/users/mghavami/y2425-w02-compilation-on-hpc-AminGhavami/precice/precice-3.1.2/src/mesh/Mesh.hpp:14,
                 from /home/users/mghavami/y2425-w02-compilation-on-hpc-AminGhavami/precice/precice-3.1.2/src/mapping/Mapping.hpp:6,
                 from /home/users/mghavami/y2425-w02-compilation-on-hpc-AminGhavami/precice/precice-3.1.2/src/mapping/tests/RadialGeoMultiscaleMappingTest.cpp:5:
/opt/apps/resif/aion/2020b/epyc/software/Boost/1.74.0-GCC-10.2.0/include/boost/config/pragma_message.hpp:24:34: note: ‘#pragma message: This header is deprecated. Use <boost/range/iterator.hpp> instead.’
   24 | # define BOOST_PRAGMA_MESSAGE(x) _Pragma(BOOST_STRINGIZE(message(x)))
      |                                  ^~~~~~~
/opt/apps/resif/aion/2020b/epyc/software/Boost/1.74.0-GCC-10.2.0/include/boost/config/pragma_message.hpp:24:34: note: in definition of macro ‘BOOST_PRAGMA_MESSAGE’
   24 | # define BOOST_PRAGMA_MESSAGE(x) _Pragma(BOOST_STRINGIZE(message(x)))
      |                                  ^~~~~~~
/opt/apps/resif/aion/2020b/epyc/software/Boost/1.74.0-GCC-10.2.0/include/boost/range/result_iterator.hpp:20:1: note: in expansion of macro ‘BOOST_HEADER_DEPRECATED’
   20 | BOOST_HEADER_DEPRECATED("<boost/range/iterator.hpp>")
      | ^~~~~~~~~~~~~~~~~~~~~~~
/opt/apps/resif/aion/2020b/epyc/software/Boost/1.74.0-GCC-10.2.0/include/boost/config/pragma_message.hpp:24:34: note: ‘#pragma message: This header is deprecated. Use <boost/range/reverse_iterator.hpp> instead.’
   24 | # define BOOST_PRAGMA_MESSAGE(x) _Pragma(BOOST_STRINGIZE(message(x)))
      |                                  ^~~~~~~
/opt/apps/resif/aion/2020b/epyc/software/Boost/1.74.0-GCC-10.2.0/include/boost/config/pragma_message.hpp:24:34: note: in definition of macro ‘BOOST_PRAGMA_MESSAGE’
   24 | # define BOOST_PRAGMA_MESSAGE(x) _Pragma(BOOST_STRINGIZE(message(x)))
      |                                  ^~~~~~~
/opt/apps/resif/aion/2020b/epyc/software/Boost/1.74.0-GCC-10.2.0/include/boost/range/const_reverse_iterator.hpp:20:1: note: in expansion of macro ‘BOOST_HEADER_DEPRECATED’
   20 | BOOST_HEADER_DEPRECATED("<boost/range/reverse_iterator.hpp>")
      | ^~~~~~~~~~~~~~~~~~~~~~~
/opt/apps/resif/aion/2020b/epyc/software/Boost/1.74.0-GCC-10.2.0/include/boost/config/pragma_message.hpp:24:34: note: ‘#pragma message: This header is deprecated. Use <boost/range/reverse_iterator.hpp> instead.’
   24 | # define BOOST_PRAGMA_MESSAGE(x) _Pragma(BOOST_STRINGIZE(message(x)))
      |                                  ^~~~~~~
/opt/apps/resif/aion/2020b/epyc/software/Boost/1.74.0-GCC-10.2.0/include/boost/config/pragma_message.hpp:24:34: note: in definition of macro ‘BOOST_PRAGMA_MESSAGE’
   24 | # define BOOST_PRAGMA_MESSAGE(x) _Pragma(BOOST_STRINGIZE(message(x)))
      |                                  ^~~~~~~
/opt/apps/resif/aion/2020b/epyc/software/Boost/1.74.0-GCC-10.2.0/include/boost/range/reverse_result_iterator.hpp:20:1: note: in expansion of macro ‘BOOST_HEADER_DEPRECATED’
   20 | BOOST_HEADER_DEPRECATED("<boost/range/reverse_iterator.hpp>")
      | ^~~~~~~~~~~~~~~~~~~~~~~
[ 37%] Building CXX object CMakeFiles/testprecice.dir/src/math/tests/MathTest.cpp.o
[ 37%] Building CXX object CMakeFiles/testprecice.dir/src/mesh/tests/BoundingBoxTest.cpp.o
[ 37%] Building CXX object CMakeFiles/testprecice.dir/src/mesh/tests/DataConfigurationTest.cpp.o
[ 37%] Building CXX object CMakeFiles/testprecice.dir/src/mesh/tests/EdgeTest.cpp.o
[ 37%] Building CXX object CMakeFiles/testprecice.dir/src/mesh/tests/FilterTest.cpp.o
[ 37%] Building CXX object CMakeFiles/testprecice.dir/src/mesh/tests/MeshTest.cpp.o
[ 38%] Building CXX object CMakeFiles/testprecice.dir/src/mesh/tests/TetrahedronTest.cpp.o
[ 38%] Building CXX object CMakeFiles/testprecice.dir/src/mesh/tests/TriangleTest.cpp.o
In file included from /opt/apps/resif/aion/2020b/epyc/software/Boost/1.74.0-GCC-10.2.0/include/boost/config/header_deprecated.hpp:18,
                 from /opt/apps/resif/aion/2020b/epyc/software/Boost/1.74.0-GCC-10.2.0/include/boost/range/result_iterator.hpp:18,
                 from /opt/apps/resif/aion/2020b/epyc/software/Boost/1.74.0-GCC-10.2.0/include/boost/range/metafunctions.hpp:20,
                 from /opt/apps/resif/aion/2020b/epyc/software/Boost/1.74.0-GCC-10.2.0/include/boost/range.hpp:19,
                 from /home/users/mghavami/y2425-w02-compilation-on-hpc-AminGhavami/precice/precice-3.1.2/src/time/Storage.hpp:4,
                 from /home/users/mghavami/y2425-w02-compilation-on-hpc-AminGhavami/precice/precice-3.1.2/src/mesh/Data.hpp:11,
                 from /home/users/mghavami/y2425-w02-compilation-on-hpc-AminGhavami/precice/precice-3.1.2/src/mesh/config/DataConfiguration.hpp:6,
                 from /home/users/mghavami/y2425-w02-compilation-on-hpc-AminGhavami/precice/precice-3.1.2/src/mesh/tests/DataConfigurationTest.cpp:5:
/opt/apps/resif/aion/2020b/epyc/software/Boost/1.74.0-GCC-10.2.0/include/boost/config/pragma_message.hpp:24:34: note: ‘#pragma message: This header is deprecated. Use <boost/range/iterator.hpp> instead.’
   24 | # define BOOST_PRAGMA_MESSAGE(x) _Pragma(BOOST_STRINGIZE(message(x)))
      |                                  ^~~~~~~
/opt/apps/resif/aion/2020b/epyc/software/Boost/1.74.0-GCC-10.2.0/include/boost/config/pragma_message.hpp:24:34: note: in definition of macro ‘BOOST_PRAGMA_MESSAGE’
   24 | # define BOOST_PRAGMA_MESSAGE(x) _Pragma(BOOST_STRINGIZE(message(x)))
      |                                  ^~~~~~~
/opt/apps/resif/aion/2020b/epyc/software/Boost/1.74.0-GCC-10.2.0/include/boost/range/result_iterator.hpp:20:1: note: in expansion of macro ‘BOOST_HEADER_DEPRECATED’
   20 | BOOST_HEADER_DEPRECATED("<boost/range/iterator.hpp>")
      | ^~~~~~~~~~~~~~~~~~~~~~~
/opt/apps/resif/aion/2020b/epyc/software/Boost/1.74.0-GCC-10.2.0/include/boost/config/pragma_message.hpp:24:34: note: ‘#pragma message: This header is deprecated. Use <boost/range/reverse_iterator.hpp> instead.’
   24 | # define BOOST_PRAGMA_MESSAGE(x) _Pragma(BOOST_STRINGIZE(message(x)))
      |                                  ^~~~~~~
/opt/apps/resif/aion/2020b/epyc/software/Boost/1.74.0-GCC-10.2.0/include/boost/config/pragma_message.hpp:24:34: note: in definition of macro ‘BOOST_PRAGMA_MESSAGE’
   24 | # define BOOST_PRAGMA_MESSAGE(x) _Pragma(BOOST_STRINGIZE(message(x)))
      |                                  ^~~~~~~
/opt/apps/resif/aion/2020b/epyc/software/Boost/1.74.0-GCC-10.2.0/include/boost/range/const_reverse_iterator.hpp:20:1: note: in expansion of macro ‘BOOST_HEADER_DEPRECATED’
   20 | BOOST_HEADER_DEPRECATED("<boost/range/reverse_iterator.hpp>")
      | ^~~~~~~~~~~~~~~~~~~~~~~
/opt/apps/resif/aion/2020b/epyc/software/Boost/1.74.0-GCC-10.2.0/include/boost/config/pragma_message.hpp:24:34: note: ‘#pragma message: This header is deprecated. Use <boost/range/reverse_iterator.hpp> instead.’
   24 | # define BOOST_PRAGMA_MESSAGE(x) _Pragma(BOOST_STRINGIZE(message(x)))
      |                                  ^~~~~~~
/opt/apps/resif/aion/2020b/epyc/software/Boost/1.74.0-GCC-10.2.0/include/boost/config/pragma_message.hpp:24:34: note: in definition of macro ‘BOOST_PRAGMA_MESSAGE’
   24 | # define BOOST_PRAGMA_MESSAGE(x) _Pragma(BOOST_STRINGIZE(message(x)))
      |                                  ^~~~~~~
/opt/apps/resif/aion/2020b/epyc/software/Boost/1.74.0-GCC-10.2.0/include/boost/range/reverse_result_iterator.hpp:20:1: note: in expansion of macro ‘BOOST_HEADER_DEPRECATED’
   20 | BOOST_HEADER_DEPRECATED("<boost/range/reverse_iterator.hpp>")
      | ^~~~~~~~~~~~~~~~~~~~~~~
[ 38%] Building CXX object CMakeFiles/testprecice.dir/src/mesh/tests/UtilsTest.cpp.o
[ 38%] Building CXX object CMakeFiles/testprecice.dir/src/mesh/tests/VertexTest.cpp.o
[ 38%] Building CXX object CMakeFiles/testprecice.dir/src/partition/tests/ProvidedPartitionTest.cpp.o
[ 39%] Building CXX object CMakeFiles/testprecice.dir/src/partition/tests/ReceivedPartitionTest.cpp.o
In file included from /opt/apps/resif/aion/2020b/epyc/software/Boost/1.74.0-GCC-10.2.0/include/boost/config/header_deprecated.hpp:18,
                 from /opt/apps/resif/aion/2020b/epyc/software/Boost/1.74.0-GCC-10.2.0/include/boost/range/result_iterator.hpp:18,
                 from /opt/apps/resif/aion/2020b/epyc/software/Boost/1.74.0-GCC-10.2.0/include/boost/range/metafunctions.hpp:20,
                 from /opt/apps/resif/aion/2020b/epyc/software/Boost/1.74.0-GCC-10.2.0/include/boost/range.hpp:19,
                 from /home/users/mghavami/y2425-w02-compilation-on-hpc-AminGhavami/precice/precice-3.1.2/src/time/Storage.hpp:4,
                 from /home/users/mghavami/y2425-w02-compilation-on-hpc-AminGhavami/precice/precice-3.1.2/src/mesh/Data.hpp:11,
                 from /home/users/mghavami/y2425-w02-compilation-on-hpc-AminGhavami/precice/precice-3.1.2/src/mesh/Mesh.hpp:14,
                 from /home/users/mghavami/y2425-w02-compilation-on-hpc-AminGhavami/precice/precice-3.1.2/src/mesh/Filter.hpp:5,
                 from /home/users/mghavami/y2425-w02-compilation-on-hpc-AminGhavami/precice/precice-3.1.2/src/mesh/tests/FilterTest.cpp:5:
/opt/apps/resif/aion/2020b/epyc/software/Boost/1.74.0-GCC-10.2.0/include/boost/config/pragma_message.hpp:24:34: note: ‘#pragma message: This header is deprecated. Use <boost/range/iterator.hpp> instead.’
   24 | # define BOOST_PRAGMA_MESSAGE(x) _Pragma(BOOST_STRINGIZE(message(x)))
      |                                  ^~~~~~~
/opt/apps/resif/aion/2020b/epyc/software/Boost/1.74.0-GCC-10.2.0/include/boost/config/pragma_message.hpp:24:34: note: in definition of macro ‘BOOST_PRAGMA_MESSAGE’
   24 | # define BOOST_PRAGMA_MESSAGE(x) _Pragma(BOOST_STRINGIZE(message(x)))
      |                                  ^~~~~~~
/opt/apps/resif/aion/2020b/epyc/software/Boost/1.74.0-GCC-10.2.0/include/boost/range/result_iterator.hpp:20:1: note: in expansion of macro ‘BOOST_HEADER_DEPRECATED’
   20 | BOOST_HEADER_DEPRECATED("<boost/range/iterator.hpp>")
      | ^~~~~~~~~~~~~~~~~~~~~~~
/opt/apps/resif/aion/2020b/epyc/software/Boost/1.74.0-GCC-10.2.0/include/boost/config/pragma_message.hpp:24:34: note: ‘#pragma message: This header is deprecated. Use <boost/range/reverse_iterator.hpp> instead.’
   24 | # define BOOST_PRAGMA_MESSAGE(x) _Pragma(BOOST_STRINGIZE(message(x)))
      |                                  ^~~~~~~
/opt/apps/resif/aion/2020b/epyc/software/Boost/1.74.0-GCC-10.2.0/include/boost/config/pragma_message.hpp:24:34: note: in definition of macro ‘BOOST_PRAGMA_MESSAGE’
   24 | # define BOOST_PRAGMA_MESSAGE(x) _Pragma(BOOST_STRINGIZE(message(x)))
      |                                  ^~~~~~~
/opt/apps/resif/aion/2020b/epyc/software/Boost/1.74.0-GCC-10.2.0/include/boost/range/const_reverse_iterator.hpp:20:1: note: in expansion of macro ‘BOOST_HEADER_DEPRECATED’
   20 | BOOST_HEADER_DEPRECATED("<boost/range/reverse_iterator.hpp>")
      | ^~~~~~~~~~~~~~~~~~~~~~~
/opt/apps/resif/aion/2020b/epyc/software/Boost/1.74.0-GCC-10.2.0/include/boost/config/pragma_message.hpp:24:34: note: ‘#pragma message: This header is deprecated. Use <boost/range/reverse_iterator.hpp> instead.’
   24 | # define BOOST_PRAGMA_MESSAGE(x) _Pragma(BOOST_STRINGIZE(message(x)))
      |                                  ^~~~~~~
/opt/apps/resif/aion/2020b/epyc/software/Boost/1.74.0-GCC-10.2.0/include/boost/config/pragma_message.hpp:24:34: note: in definition of macro ‘BOOST_PRAGMA_MESSAGE’
   24 | # define BOOST_PRAGMA_MESSAGE(x) _Pragma(BOOST_STRINGIZE(message(x)))
      |                                  ^~~~~~~
/opt/apps/resif/aion/2020b/epyc/software/Boost/1.74.0-GCC-10.2.0/include/boost/range/reverse_result_iterator.hpp:20:1: note: in expansion of macro ‘BOOST_HEADER_DEPRECATED’
   20 | BOOST_HEADER_DEPRECATED("<boost/range/reverse_iterator.hpp>")
      | ^~~~~~~~~~~~~~~~~~~~~~~
In file included from /opt/apps/resif/aion/2020b/epyc/software/Boost/1.74.0-GCC-10.2.0/include/boost/config/header_deprecated.hpp:18,
                 from /opt/apps/resif/aion/2020b/epyc/software/Boost/1.74.0-GCC-10.2.0/include/boost/range/result_iterator.hpp:18,
                 from /opt/apps/resif/aion/2020b/epyc/software/Boost/1.74.0-GCC-10.2.0/include/boost/range/metafunctions.hpp:20,
                 from /opt/apps/resif/aion/2020b/epyc/software/Boost/1.74.0-GCC-10.2.0/include/boost/range.hpp:19,
                 from /home/users/mghavami/y2425-w02-compilation-on-hpc-AminGhavami/precice/precice-3.1.2/src/time/Storage.hpp:4,
                 from /home/users/mghavami/y2425-w02-compilation-on-hpc-AminGhavami/precice/precice-3.1.2/src/mesh/Data.hpp:11,
                 from /home/users/mghavami/y2425-w02-compilation-on-hpc-AminGhavami/precice/precice-3.1.2/src/mesh/tests/MeshTest.cpp:11:
/opt/apps/resif/aion/2020b/epyc/software/Boost/1.74.0-GCC-10.2.0/include/boost/config/pragma_message.hpp:24:34: note: ‘#pragma message: This header is deprecated. Use <boost/range/iterator.hpp> instead.’
   24 | # define BOOST_PRAGMA_MESSAGE(x) _Pragma(BOOST_STRINGIZE(message(x)))
      |                                  ^~~~~~~
/opt/apps/resif/aion/2020b/epyc/software/Boost/1.74.0-GCC-10.2.0/include/boost/config/pragma_message.hpp:24:34: note: in definition of macro ‘BOOST_PRAGMA_MESSAGE’
   24 | # define BOOST_PRAGMA_MESSAGE(x) _Pragma(BOOST_STRINGIZE(message(x)))
      |                                  ^~~~~~~
/opt/apps/resif/aion/2020b/epyc/software/Boost/1.74.0-GCC-10.2.0/include/boost/range/result_iterator.hpp:20:1: note: in expansion of macro ‘BOOST_HEADER_DEPRECATED’
   20 | BOOST_HEADER_DEPRECATED("<boost/range/iterator.hpp>")
      | ^~~~~~~~~~~~~~~~~~~~~~~
/opt/apps/resif/aion/2020b/epyc/software/Boost/1.74.0-GCC-10.2.0/include/boost/config/pragma_message.hpp:24:34: note: ‘#pragma message: This header is deprecated. Use <boost/range/reverse_iterator.hpp> instead.’
   24 | # define BOOST_PRAGMA_MESSAGE(x) _Pragma(BOOST_STRINGIZE(message(x)))
      |                                  ^~~~~~~
/opt/apps/resif/aion/2020b/epyc/software/Boost/1.74.0-GCC-10.2.0/include/boost/config/pragma_message.hpp:24:34: note: in definition of macro ‘BOOST_PRAGMA_MESSAGE’
   24 | # define BOOST_PRAGMA_MESSAGE(x) _Pragma(BOOST_STRINGIZE(message(x)))
      |                                  ^~~~~~~
/opt/apps/resif/aion/2020b/epyc/software/Boost/1.74.0-GCC-10.2.0/include/boost/range/const_reverse_iterator.hpp:20:1: note: in expansion of macro ‘BOOST_HEADER_DEPRECATED’
   20 | BOOST_HEADER_DEPRECATED("<boost/range/reverse_iterator.hpp>")
      | ^~~~~~~~~~~~~~~~~~~~~~~
/opt/apps/resif/aion/2020b/epyc/software/Boost/1.74.0-GCC-10.2.0/include/boost/config/pragma_message.hpp:24:34: note: ‘#pragma message: This header is deprecated. Use <boost/range/reverse_iterator.hpp> instead.’
   24 | # define BOOST_PRAGMA_MESSAGE(x) _Pragma(BOOST_STRINGIZE(message(x)))
      |                                  ^~~~~~~
/opt/apps/resif/aion/2020b/epyc/software/Boost/1.74.0-GCC-10.2.0/include/boost/config/pragma_message.hpp:24:34: note: in definition of macro ‘BOOST_PRAGMA_MESSAGE’
   24 | # define BOOST_PRAGMA_MESSAGE(x) _Pragma(BOOST_STRINGIZE(message(x)))
      |                                  ^~~~~~~
/opt/apps/resif/aion/2020b/epyc/software/Boost/1.74.0-GCC-10.2.0/include/boost/range/reverse_result_iterator.hpp:20:1: note: in expansion of macro ‘BOOST_HEADER_DEPRECATED’
   20 | BOOST_HEADER_DEPRECATED("<boost/range/reverse_iterator.hpp>")
      | ^~~~~~~~~~~~~~~~~~~~~~~
[ 39%] Building CXX object CMakeFiles/testprecice.dir/src/precice/tests/DataContextTest.cpp.o
In file included from /opt/apps/resif/aion/2020b/epyc/software/Boost/1.74.0-GCC-10.2.0/include/boost/config/header_deprecated.hpp:18,
                 from /opt/apps/resif/aion/2020b/epyc/software/Boost/1.74.0-GCC-10.2.0/include/boost/range/result_iterator.hpp:18,
                 from /opt/apps/resif/aion/2020b/epyc/software/Boost/1.74.0-GCC-10.2.0/include/boost/range/metafunctions.hpp:20,
                 from /opt/apps/resif/aion/2020b/epyc/software/Boost/1.74.0-GCC-10.2.0/include/boost/range.hpp:19,
                 from /home/users/mghavami/y2425-w02-compilation-on-hpc-AminGhavami/precice/precice-3.1.2/src/time/Storage.hpp:4,
                 from /home/users/mghavami/y2425-w02-compilation-on-hpc-AminGhavami/precice/precice-3.1.2/src/mesh/Data.hpp:11,
                 from /home/users/mghavami/y2425-w02-compilation-on-hpc-AminGhavami/precice/precice-3.1.2/src/mesh/Mesh.hpp:14,
                 from /home/users/mghavami/y2425-w02-compilation-on-hpc-AminGhavami/precice/precice-3.1.2/src/mesh/Utils.hpp:6,
                 from /home/users/mghavami/y2425-w02-compilation-on-hpc-AminGhavami/precice/precice-3.1.2/src/mesh/tests/UtilsTest.cpp:1:
/opt/apps/resif/aion/2020b/epyc/software/Boost/1.74.0-GCC-10.2.0/include/boost/config/pragma_message.hpp:24:34: note: ‘#pragma message: This header is deprecated. Use <boost/range/iterator.hpp> instead.’
   24 | # define BOOST_PRAGMA_MESSAGE(x) _Pragma(BOOST_STRINGIZE(message(x)))
      |                                  ^~~~~~~
/opt/apps/resif/aion/2020b/epyc/software/Boost/1.74.0-GCC-10.2.0/include/boost/config/pragma_message.hpp:24:34: note: in definition of macro ‘BOOST_PRAGMA_MESSAGE’
   24 | # define BOOST_PRAGMA_MESSAGE(x) _Pragma(BOOST_STRINGIZE(message(x)))
      |                                  ^~~~~~~
/opt/apps/resif/aion/2020b/epyc/software/Boost/1.74.0-GCC-10.2.0/include/boost/range/result_iterator.hpp:20:1: note: in expansion of macro ‘BOOST_HEADER_DEPRECATED’
   20 | BOOST_HEADER_DEPRECATED("<boost/range/iterator.hpp>")
      | ^~~~~~~~~~~~~~~~~~~~~~~
/opt/apps/resif/aion/2020b/epyc/software/Boost/1.74.0-GCC-10.2.0/include/boost/config/pragma_message.hpp:24:34: note: ‘#pragma message: This header is deprecated. Use <boost/range/reverse_iterator.hpp> instead.’
   24 | # define BOOST_PRAGMA_MESSAGE(x) _Pragma(BOOST_STRINGIZE(message(x)))
      |                                  ^~~~~~~
/opt/apps/resif/aion/2020b/epyc/software/Boost/1.74.0-GCC-10.2.0/include/boost/config/pragma_message.hpp:24:34: note: in definition of macro ‘BOOST_PRAGMA_MESSAGE’
   24 | # define BOOST_PRAGMA_MESSAGE(x) _Pragma(BOOST_STRINGIZE(message(x)))
      |                                  ^~~~~~~
/opt/apps/resif/aion/2020b/epyc/software/Boost/1.74.0-GCC-10.2.0/include/boost/range/const_reverse_iterator.hpp:20:1: note: in expansion of macro ‘BOOST_HEADER_DEPRECATED’
   20 | BOOST_HEADER_DEPRECATED("<boost/range/reverse_iterator.hpp>")
      | ^~~~~~~~~~~~~~~~~~~~~~~
/opt/apps/resif/aion/2020b/epyc/software/Boost/1.74.0-GCC-10.2.0/include/boost/config/pragma_message.hpp:24:34: note: ‘#pragma message: This header is deprecated. Use <boost/range/reverse_iterator.hpp> instead.’
   24 | # define BOOST_PRAGMA_MESSAGE(x) _Pragma(BOOST_STRINGIZE(message(x)))
      |                                  ^~~~~~~
/opt/apps/resif/aion/2020b/epyc/software/Boost/1.74.0-GCC-10.2.0/include/boost/config/pragma_message.hpp:24:34: note: in definition of macro ‘BOOST_PRAGMA_MESSAGE’
   24 | # define BOOST_PRAGMA_MESSAGE(x) _Pragma(BOOST_STRINGIZE(message(x)))
      |                                  ^~~~~~~
/opt/apps/resif/aion/2020b/epyc/software/Boost/1.74.0-GCC-10.2.0/include/boost/range/reverse_result_iterator.hpp:20:1: note: in expansion of macro ‘BOOST_HEADER_DEPRECATED’
   20 | BOOST_HEADER_DEPRECATED("<boost/range/reverse_iterator.hpp>")
      | ^~~~~~~~~~~~~~~~~~~~~~~
In file included from /opt/apps/resif/aion/2020b/epyc/software/Boost/1.74.0-GCC-10.2.0/include/boost/config/header_deprecated.hpp:18,
                 from /opt/apps/resif/aion/2020b/epyc/software/Boost/1.74.0-GCC-10.2.0/include/boost/range/result_iterator.hpp:18,
                 from /opt/apps/resif/aion/2020b/epyc/software/Boost/1.74.0-GCC-10.2.0/include/boost/range/metafunctions.hpp:20,
                 from /opt/apps/resif/aion/2020b/epyc/software/Boost/1.74.0-GCC-10.2.0/include/boost/range.hpp:19,
                 from /home/users/mghavami/y2425-w02-compilation-on-hpc-AminGhavami/precice/precice-3.1.2/src/time/Storage.hpp:4,
                 from /home/users/mghavami/y2425-w02-compilation-on-hpc-AminGhavami/precice/precice-3.1.2/src/mesh/Data.hpp:11,
                 from /home/users/mghavami/y2425-w02-compilation-on-hpc-AminGhavami/precice/precice-3.1.2/src/mesh/Mesh.hpp:14,
                 from /home/users/mghavami/y2425-w02-compilation-on-hpc-AminGhavami/precice/precice-3.1.2/src/com/Extra.hpp:4,
                 from /home/users/mghavami/y2425-w02-compilation-on-hpc-AminGhavami/precice/precice-3.1.2/src/partition/tests/ProvidedPartitionTest.cpp:11:
/opt/apps/resif/aion/2020b/epyc/software/Boost/1.74.0-GCC-10.2.0/include/boost/config/pragma_message.hpp:24:34: note: ‘#pragma message: This header is deprecated. Use <boost/range/iterator.hpp> instead.’
   24 | # define BOOST_PRAGMA_MESSAGE(x) _Pragma(BOOST_STRINGIZE(message(x)))
      |                                  ^~~~~~~
/opt/apps/resif/aion/2020b/epyc/software/Boost/1.74.0-GCC-10.2.0/include/boost/config/pragma_message.hpp:24:34: note: in definition of macro ‘BOOST_PRAGMA_MESSAGE’
   24 | # define BOOST_PRAGMA_MESSAGE(x) _Pragma(BOOST_STRINGIZE(message(x)))
      |                                  ^~~~~~~
/opt/apps/resif/aion/2020b/epyc/software/Boost/1.74.0-GCC-10.2.0/include/boost/range/result_iterator.hpp:20:1: note: in expansion of macro ‘BOOST_HEADER_DEPRECATED’
   20 | BOOST_HEADER_DEPRECATED("<boost/range/iterator.hpp>")
      | ^~~~~~~~~~~~~~~~~~~~~~~
/opt/apps/resif/aion/2020b/epyc/software/Boost/1.74.0-GCC-10.2.0/include/boost/config/pragma_message.hpp:24:34: note: ‘#pragma message: This header is deprecated. Use <boost/range/reverse_iterator.hpp> instead.’
   24 | # define BOOST_PRAGMA_MESSAGE(x) _Pragma(BOOST_STRINGIZE(message(x)))
      |                                  ^~~~~~~
/opt/apps/resif/aion/2020b/epyc/software/Boost/1.74.0-GCC-10.2.0/include/boost/config/pragma_message.hpp:24:34: note: in definition of macro ‘BOOST_PRAGMA_MESSAGE’
   24 | # define BOOST_PRAGMA_MESSAGE(x) _Pragma(BOOST_STRINGIZE(message(x)))
      |                                  ^~~~~~~
/opt/apps/resif/aion/2020b/epyc/software/Boost/1.74.0-GCC-10.2.0/include/boost/range/const_reverse_iterator.hpp:20:1: note: in expansion of macro ‘BOOST_HEADER_DEPRECATED’
   20 | BOOST_HEADER_DEPRECATED("<boost/range/reverse_iterator.hpp>")
      | ^~~~~~~~~~~~~~~~~~~~~~~
/opt/apps/resif/aion/2020b/epyc/software/Boost/1.74.0-GCC-10.2.0/include/boost/config/pragma_message.hpp:24:34: note: ‘#pragma message: This header is deprecated. Use <boost/range/reverse_iterator.hpp> instead.’
   24 | # define BOOST_PRAGMA_MESSAGE(x) _Pragma(BOOST_STRINGIZE(message(x)))
      |                                  ^~~~~~~
/opt/apps/resif/aion/2020b/epyc/software/Boost/1.74.0-GCC-10.2.0/include/boost/config/pragma_message.hpp:24:34: note: in definition of macro ‘BOOST_PRAGMA_MESSAGE’
   24 | # define BOOST_PRAGMA_MESSAGE(x) _Pragma(BOOST_STRINGIZE(message(x)))
      |                                  ^~~~~~~
/opt/apps/resif/aion/2020b/epyc/software/Boost/1.74.0-GCC-10.2.0/include/boost/range/reverse_result_iterator.hpp:20:1: note: in expansion of macro ‘BOOST_HEADER_DEPRECATED’
   20 | BOOST_HEADER_DEPRECATED("<boost/range/reverse_iterator.hpp>")
      | ^~~~~~~~~~~~~~~~~~~~~~~
[ 39%] Building CXX object CMakeFiles/testprecice.dir/src/precice/tests/ParallelTests.cpp.o
[ 39%] Building CXX object CMakeFiles/testprecice.dir/src/precice/tests/SpanTests.cpp.o
[ 39%] Building CXX object CMakeFiles/testprecice.dir/src/precice/tests/ToolingTests.cpp.o
[ 40%] Building CXX object CMakeFiles/testprecice.dir/src/precice/tests/VersioningTests.cpp.o
[ 40%] Building CXX object CMakeFiles/testprecice.dir/src/precice/tests/WatchIntegralTest.cpp.o
In file included from /opt/apps/resif/aion/2020b/epyc/software/Boost/1.74.0-GCC-10.2.0/include/boost/config/header_deprecated.hpp:18,
                 from /opt/apps/resif/aion/2020b/epyc/software/Boost/1.74.0-GCC-10.2.0/include/boost/range/result_iterator.hpp:18,
                 from /opt/apps/resif/aion/2020b/epyc/software/Boost/1.74.0-GCC-10.2.0/include/boost/range/metafunctions.hpp:20,
                 from /opt/apps/resif/aion/2020b/epyc/software/Boost/1.74.0-GCC-10.2.0/include/boost/range.hpp:19,
                 from /home/users/mghavami/y2425-w02-compilation-on-hpc-AminGhavami/precice/precice-3.1.2/src/time/Storage.hpp:4,
                 from /home/users/mghavami/y2425-w02-compilation-on-hpc-AminGhavami/precice/precice-3.1.2/src/mesh/Data.hpp:11,
                 from /home/users/mghavami/y2425-w02-compilation-on-hpc-AminGhavami/precice/precice-3.1.2/src/mesh/Mesh.hpp:14,
                 from /home/users/mghavami/y2425-w02-compilation-on-hpc-AminGhavami/precice/precice-3.1.2/src/com/Extra.hpp:4,
                 from /home/users/mghavami/y2425-w02-compilation-on-hpc-AminGhavami/precice/precice-3.1.2/src/partition/tests/ReceivedPartitionTest.cpp:11:
/opt/apps/resif/aion/2020b/epyc/software/Boost/1.74.0-GCC-10.2.0/include/boost/config/pragma_message.hpp:24:34: note: ‘#pragma message: This header is deprecated. Use <boost/range/iterator.hpp> instead.’
   24 | # define BOOST_PRAGMA_MESSAGE(x) _Pragma(BOOST_STRINGIZE(message(x)))
      |                                  ^~~~~~~
/opt/apps/resif/aion/2020b/epyc/software/Boost/1.74.0-GCC-10.2.0/include/boost/config/pragma_message.hpp:24:34: note: in definition of macro ‘BOOST_PRAGMA_MESSAGE’
   24 | # define BOOST_PRAGMA_MESSAGE(x) _Pragma(BOOST_STRINGIZE(message(x)))
      |                                  ^~~~~~~
/opt/apps/resif/aion/2020b/epyc/software/Boost/1.74.0-GCC-10.2.0/include/boost/range/result_iterator.hpp:20:1: note: in expansion of macro ‘BOOST_HEADER_DEPRECATED’
   20 | BOOST_HEADER_DEPRECATED("<boost/range/iterator.hpp>")
      | ^~~~~~~~~~~~~~~~~~~~~~~
/opt/apps/resif/aion/2020b/epyc/software/Boost/1.74.0-GCC-10.2.0/include/boost/config/pragma_message.hpp:24:34: note: ‘#pragma message: This header is deprecated. Use <boost/range/reverse_iterator.hpp> instead.’
   24 | # define BOOST_PRAGMA_MESSAGE(x) _Pragma(BOOST_STRINGIZE(message(x)))
      |                                  ^~~~~~~
/opt/apps/resif/aion/2020b/epyc/software/Boost/1.74.0-GCC-10.2.0/include/boost/config/pragma_message.hpp:24:34: note: in definition of macro ‘BOOST_PRAGMA_MESSAGE’
   24 | # define BOOST_PRAGMA_MESSAGE(x) _Pragma(BOOST_STRINGIZE(message(x)))
      |                                  ^~~~~~~
/opt/apps/resif/aion/2020b/epyc/software/Boost/1.74.0-GCC-10.2.0/include/boost/range/const_reverse_iterator.hpp:20:1: note: in expansion of macro ‘BOOST_HEADER_DEPRECATED’
   20 | BOOST_HEADER_DEPRECATED("<boost/range/reverse_iterator.hpp>")
      | ^~~~~~~~~~~~~~~~~~~~~~~
/opt/apps/resif/aion/2020b/epyc/software/Boost/1.74.0-GCC-10.2.0/include/boost/config/pragma_message.hpp:24:34: note: ‘#pragma message: This header is deprecated. Use <boost/range/reverse_iterator.hpp> instead.’
   24 | # define BOOST_PRAGMA_MESSAGE(x) _Pragma(BOOST_STRINGIZE(message(x)))
      |                                  ^~~~~~~
/opt/apps/resif/aion/2020b/epyc/software/Boost/1.74.0-GCC-10.2.0/include/boost/config/pragma_message.hpp:24:34: note: in definition of macro ‘BOOST_PRAGMA_MESSAGE’
   24 | # define BOOST_PRAGMA_MESSAGE(x) _Pragma(BOOST_STRINGIZE(message(x)))
      |                                  ^~~~~~~
/opt/apps/resif/aion/2020b/epyc/software/Boost/1.74.0-GCC-10.2.0/include/boost/range/reverse_result_iterator.hpp:20:1: note: in expansion of macro ‘BOOST_HEADER_DEPRECATED’
   20 | BOOST_HEADER_DEPRECATED("<boost/range/reverse_iterator.hpp>")
      | ^~~~~~~~~~~~~~~~~~~~~~~
In file included from /opt/apps/resif/aion/2020b/epyc/software/Boost/1.74.0-GCC-10.2.0/include/boost/config/header_deprecated.hpp:18,
                 from /opt/apps/resif/aion/2020b/epyc/software/Boost/1.74.0-GCC-10.2.0/include/boost/range/result_iterator.hpp:18,
                 from /opt/apps/resif/aion/2020b/epyc/software/Boost/1.74.0-GCC-10.2.0/include/boost/range/metafunctions.hpp:20,
                 from /opt/apps/resif/aion/2020b/epyc/software/Boost/1.74.0-GCC-10.2.0/include/boost/range.hpp:19,
                 from /home/users/mghavami/y2425-w02-compilation-on-hpc-AminGhavami/precice/precice-3.1.2/src/time/Storage.hpp:4,
                 from /home/users/mghavami/y2425-w02-compilation-on-hpc-AminGhavami/precice/precice-3.1.2/src/mesh/Data.hpp:11,
                 from /home/users/mghavami/y2425-w02-compilation-on-hpc-AminGhavami/precice/precice-3.1.2/src/precice/tests/DataContextTest.cpp:3:
/opt/apps/resif/aion/2020b/epyc/software/Boost/1.74.0-GCC-10.2.0/include/boost/config/pragma_message.hpp:24:34: note: ‘#pragma message: This header is deprecated. Use <boost/range/iterator.hpp> instead.’
   24 | # define BOOST_PRAGMA_MESSAGE(x) _Pragma(BOOST_STRINGIZE(message(x)))
      |                                  ^~~~~~~
/opt/apps/resif/aion/2020b/epyc/software/Boost/1.74.0-GCC-10.2.0/include/boost/config/pragma_message.hpp:24:34: note: in definition of macro ‘BOOST_PRAGMA_MESSAGE’
   24 | # define BOOST_PRAGMA_MESSAGE(x) _Pragma(BOOST_STRINGIZE(message(x)))
      |                                  ^~~~~~~
/opt/apps/resif/aion/2020b/epyc/software/Boost/1.74.0-GCC-10.2.0/include/boost/range/result_iterator.hpp:20:1: note: in expansion of macro ‘BOOST_HEADER_DEPRECATED’
   20 | BOOST_HEADER_DEPRECATED("<boost/range/iterator.hpp>")
      | ^~~~~~~~~~~~~~~~~~~~~~~
/opt/apps/resif/aion/2020b/epyc/software/Boost/1.74.0-GCC-10.2.0/include/boost/config/pragma_message.hpp:24:34: note: ‘#pragma message: This header is deprecated. Use <boost/range/reverse_iterator.hpp> instead.’
   24 | # define BOOST_PRAGMA_MESSAGE(x) _Pragma(BOOST_STRINGIZE(message(x)))
      |                                  ^~~~~~~
/opt/apps/resif/aion/2020b/epyc/software/Boost/1.74.0-GCC-10.2.0/include/boost/config/pragma_message.hpp:24:34: note: in definition of macro ‘BOOST_PRAGMA_MESSAGE’
   24 | # define BOOST_PRAGMA_MESSAGE(x) _Pragma(BOOST_STRINGIZE(message(x)))
      |                                  ^~~~~~~
/opt/apps/resif/aion/2020b/epyc/software/Boost/1.74.0-GCC-10.2.0/include/boost/range/const_reverse_iterator.hpp:20:1: note: in expansion of macro ‘BOOST_HEADER_DEPRECATED’
   20 | BOOST_HEADER_DEPRECATED("<boost/range/reverse_iterator.hpp>")
      | ^~~~~~~~~~~~~~~~~~~~~~~
/opt/apps/resif/aion/2020b/epyc/software/Boost/1.74.0-GCC-10.2.0/include/boost/config/pragma_message.hpp:24:34: note: ‘#pragma message: This header is deprecated. Use <boost/range/reverse_iterator.hpp> instead.’
   24 | # define BOOST_PRAGMA_MESSAGE(x) _Pragma(BOOST_STRINGIZE(message(x)))
      |                                  ^~~~~~~
/opt/apps/resif/aion/2020b/epyc/software/Boost/1.74.0-GCC-10.2.0/include/boost/config/pragma_message.hpp:24:34: note: in definition of macro ‘BOOST_PRAGMA_MESSAGE’
   24 | # define BOOST_PRAGMA_MESSAGE(x) _Pragma(BOOST_STRINGIZE(message(x)))
      |                                  ^~~~~~~
/opt/apps/resif/aion/2020b/epyc/software/Boost/1.74.0-GCC-10.2.0/include/boost/range/reverse_result_iterator.hpp:20:1: note: in expansion of macro ‘BOOST_HEADER_DEPRECATED’
   20 | BOOST_HEADER_DEPRECATED("<boost/range/reverse_iterator.hpp>")
      | ^~~~~~~~~~~~~~~~~~~~~~~
[ 40%] Building CXX object CMakeFiles/testprecice.dir/src/precice/tests/WatchPointTest.cpp.o
[ 40%] Building CXX object CMakeFiles/testprecice.dir/src/query/tests/RTreeAdapterTests.cpp.o
[ 40%] Building CXX object CMakeFiles/testprecice.dir/src/query/tests/RTreeTests.cpp.o
In file included from /opt/apps/resif/aion/2020b/epyc/software/Boost/1.74.0-GCC-10.2.0/include/boost/config/header_deprecated.hpp:18,
                 from /opt/apps/resif/aion/2020b/epyc/software/Boost/1.74.0-GCC-10.2.0/include/boost/range/result_iterator.hpp:18,
                 from /opt/apps/resif/aion/2020b/epyc/software/Boost/1.74.0-GCC-10.2.0/include/boost/range/metafunctions.hpp:20,
                 from /opt/apps/resif/aion/2020b/epyc/software/Boost/1.74.0-GCC-10.2.0/include/boost/range.hpp:19,
                 from /home/users/mghavami/y2425-w02-compilation-on-hpc-AminGhavami/precice/precice-3.1.2/src/time/Storage.hpp:4,
                 from /home/users/mghavami/y2425-w02-compilation-on-hpc-AminGhavami/precice/precice-3.1.2/src/mesh/Data.hpp:11,
                 from /home/users/mghavami/y2425-w02-compilation-on-hpc-AminGhavami/precice/precice-3.1.2/src/mesh/Mesh.hpp:14,
                 from /home/users/mghavami/y2425-w02-compilation-on-hpc-AminGhavami/precice/precice-3.1.2/src/precice/tests/ParallelTests.cpp:15:
/opt/apps/resif/aion/2020b/epyc/software/Boost/1.74.0-GCC-10.2.0/include/boost/config/pragma_message.hpp:24:34: note: ‘#pragma message: This header is deprecated. Use <boost/range/iterator.hpp> instead.’
   24 | # define BOOST_PRAGMA_MESSAGE(x) _Pragma(BOOST_STRINGIZE(message(x)))
      |                                  ^~~~~~~
/opt/apps/resif/aion/2020b/epyc/software/Boost/1.74.0-GCC-10.2.0/include/boost/config/pragma_message.hpp:24:34: note: in definition of macro ‘BOOST_PRAGMA_MESSAGE’
   24 | # define BOOST_PRAGMA_MESSAGE(x) _Pragma(BOOST_STRINGIZE(message(x)))
      |                                  ^~~~~~~
/opt/apps/resif/aion/2020b/epyc/software/Boost/1.74.0-GCC-10.2.0/include/boost/range/result_iterator.hpp:20:1: note: in expansion of macro ‘BOOST_HEADER_DEPRECATED’
   20 | BOOST_HEADER_DEPRECATED("<boost/range/iterator.hpp>")
      | ^~~~~~~~~~~~~~~~~~~~~~~
/opt/apps/resif/aion/2020b/epyc/software/Boost/1.74.0-GCC-10.2.0/include/boost/config/pragma_message.hpp:24:34: note: ‘#pragma message: This header is deprecated. Use <boost/range/reverse_iterator.hpp> instead.’
   24 | # define BOOST_PRAGMA_MESSAGE(x) _Pragma(BOOST_STRINGIZE(message(x)))
      |                                  ^~~~~~~
/opt/apps/resif/aion/2020b/epyc/software/Boost/1.74.0-GCC-10.2.0/include/boost/config/pragma_message.hpp:24:34: note: in definition of macro ‘BOOST_PRAGMA_MESSAGE’
   24 | # define BOOST_PRAGMA_MESSAGE(x) _Pragma(BOOST_STRINGIZE(message(x)))
      |                                  ^~~~~~~
/opt/apps/resif/aion/2020b/epyc/software/Boost/1.74.0-GCC-10.2.0/include/boost/range/const_reverse_iterator.hpp:20:1: note: in expansion of macro ‘BOOST_HEADER_DEPRECATED’
   20 | BOOST_HEADER_DEPRECATED("<boost/range/reverse_iterator.hpp>")
      | ^~~~~~~~~~~~~~~~~~~~~~~
/opt/apps/resif/aion/2020b/epyc/software/Boost/1.74.0-GCC-10.2.0/include/boost/config/pragma_message.hpp:24:34: note: ‘#pragma message: This header is deprecated. Use <boost/range/reverse_iterator.hpp> instead.’
   24 | # define BOOST_PRAGMA_MESSAGE(x) _Pragma(BOOST_STRINGIZE(message(x)))
      |                                  ^~~~~~~
/opt/apps/resif/aion/2020b/epyc/software/Boost/1.74.0-GCC-10.2.0/include/boost/config/pragma_message.hpp:24:34: note: in definition of macro ‘BOOST_PRAGMA_MESSAGE’
   24 | # define BOOST_PRAGMA_MESSAGE(x) _Pragma(BOOST_STRINGIZE(message(x)))
      |                                  ^~~~~~~
/opt/apps/resif/aion/2020b/epyc/software/Boost/1.74.0-GCC-10.2.0/include/boost/range/reverse_result_iterator.hpp:20:1: note: in expansion of macro ‘BOOST_HEADER_DEPRECATED’
   20 | BOOST_HEADER_DEPRECATED("<boost/range/reverse_iterator.hpp>")
      | ^~~~~~~~~~~~~~~~~~~~~~~
In file included from /opt/apps/resif/aion/2020b/epyc/software/Boost/1.74.0-GCC-10.2.0/include/boost/config/header_deprecated.hpp:18,
                 from /opt/apps/resif/aion/2020b/epyc/software/Boost/1.74.0-GCC-10.2.0/include/boost/range/result_iterator.hpp:18,
                 from /opt/apps/resif/aion/2020b/epyc/software/Boost/1.74.0-GCC-10.2.0/include/boost/range/metafunctions.hpp:20,
                 from /opt/apps/resif/aion/2020b/epyc/software/Boost/1.74.0-GCC-10.2.0/include/boost/range.hpp:19,
                 from /home/users/mghavami/y2425-w02-compilation-on-hpc-AminGhavami/precice/precice-3.1.2/src/time/Storage.hpp:4,
                 from /home/users/mghavami/y2425-w02-compilation-on-hpc-AminGhavami/precice/precice-3.1.2/src/mesh/Data.hpp:11,
                 from /home/users/mghavami/y2425-w02-compilation-on-hpc-AminGhavami/precice/precice-3.1.2/src/precice/tests/WatchIntegralTest.cpp:9:
/opt/apps/resif/aion/2020b/epyc/software/Boost/1.74.0-GCC-10.2.0/include/boost/config/pragma_message.hpp:24:34: note: ‘#pragma message: This header is deprecated. Use <boost/range/iterator.hpp> instead.’
   24 | # define BOOST_PRAGMA_MESSAGE(x) _Pragma(BOOST_STRINGIZE(message(x)))
      |                                  ^~~~~~~
/opt/apps/resif/aion/2020b/epyc/software/Boost/1.74.0-GCC-10.2.0/include/boost/config/pragma_message.hpp:24:34: note: in definition of macro ‘BOOST_PRAGMA_MESSAGE’
   24 | # define BOOST_PRAGMA_MESSAGE(x) _Pragma(BOOST_STRINGIZE(message(x)))
      |                                  ^~~~~~~
/opt/apps/resif/aion/2020b/epyc/software/Boost/1.74.0-GCC-10.2.0/include/boost/range/result_iterator.hpp:20:1: note: in expansion of macro ‘BOOST_HEADER_DEPRECATED’
   20 | BOOST_HEADER_DEPRECATED("<boost/range/iterator.hpp>")
      | ^~~~~~~~~~~~~~~~~~~~~~~
/opt/apps/resif/aion/2020b/epyc/software/Boost/1.74.0-GCC-10.2.0/include/boost/config/pragma_message.hpp:24:34: note: ‘#pragma message: This header is deprecated. Use <boost/range/reverse_iterator.hpp> instead.’
   24 | # define BOOST_PRAGMA_MESSAGE(x) _Pragma(BOOST_STRINGIZE(message(x)))
      |                                  ^~~~~~~
/opt/apps/resif/aion/2020b/epyc/software/Boost/1.74.0-GCC-10.2.0/include/boost/config/pragma_message.hpp:24:34: note: in definition of macro ‘BOOST_PRAGMA_MESSAGE’
   24 | # define BOOST_PRAGMA_MESSAGE(x) _Pragma(BOOST_STRINGIZE(message(x)))
      |                                  ^~~~~~~
/opt/apps/resif/aion/2020b/epyc/software/Boost/1.74.0-GCC-10.2.0/include/boost/range/const_reverse_iterator.hpp:20:1: note: in expansion of macro ‘BOOST_HEADER_DEPRECATED’
   20 | BOOST_HEADER_DEPRECATED("<boost/range/reverse_iterator.hpp>")
      | ^~~~~~~~~~~~~~~~~~~~~~~
/opt/apps/resif/aion/2020b/epyc/software/Boost/1.74.0-GCC-10.2.0/include/boost/config/pragma_message.hpp:24:34: note: ‘#pragma message: This header is deprecated. Use <boost/range/reverse_iterator.hpp> instead.’
   24 | # define BOOST_PRAGMA_MESSAGE(x) _Pragma(BOOST_STRINGIZE(message(x)))
      |                                  ^~~~~~~
/opt/apps/resif/aion/2020b/epyc/software/Boost/1.74.0-GCC-10.2.0/include/boost/config/pragma_message.hpp:24:34: note: in definition of macro ‘BOOST_PRAGMA_MESSAGE’
   24 | # define BOOST_PRAGMA_MESSAGE(x) _Pragma(BOOST_STRINGIZE(message(x)))
      |                                  ^~~~~~~
/opt/apps/resif/aion/2020b/epyc/software/Boost/1.74.0-GCC-10.2.0/include/boost/range/reverse_result_iterator.hpp:20:1: note: in expansion of macro ‘BOOST_HEADER_DEPRECATED’
   20 | BOOST_HEADER_DEPRECATED("<boost/range/reverse_iterator.hpp>")
      | ^~~~~~~~~~~~~~~~~~~~~~~
In file included from /opt/apps/resif/aion/2020b/epyc/software/Boost/1.74.0-GCC-10.2.0/include/boost/config/header_deprecated.hpp:18,
                 from /opt/apps/resif/aion/2020b/epyc/software/Boost/1.74.0-GCC-10.2.0/include/boost/range/result_iterator.hpp:18,
                 from /opt/apps/resif/aion/2020b/epyc/software/Boost/1.74.0-GCC-10.2.0/include/boost/range/metafunctions.hpp:20,
                 from /opt/apps/resif/aion/2020b/epyc/software/Boost/1.74.0-GCC-10.2.0/include/boost/range.hpp:19,
                 from /home/users/mghavami/y2425-w02-compilation-on-hpc-AminGhavami/precice/precice-3.1.2/src/time/Storage.hpp:4,
                 from /home/users/mghavami/y2425-w02-compilation-on-hpc-AminGhavami/precice/precice-3.1.2/src/mesh/Data.hpp:11,
                 from /home/users/mghavami/y2425-w02-compilation-on-hpc-AminGhavami/precice/precice-3.1.2/src/precice/tests/WatchPointTest.cpp:9:
/opt/apps/resif/aion/2020b/epyc/software/Boost/1.74.0-GCC-10.2.0/include/boost/config/pragma_message.hpp:24:34: note: ‘#pragma message: This header is deprecated. Use <boost/range/iterator.hpp> instead.’
   24 | # define BOOST_PRAGMA_MESSAGE(x) _Pragma(BOOST_STRINGIZE(message(x)))
      |                                  ^~~~~~~
/opt/apps/resif/aion/2020b/epyc/software/Boost/1.74.0-GCC-10.2.0/include/boost/config/pragma_message.hpp:24:34: note: in definition of macro ‘BOOST_PRAGMA_MESSAGE’
   24 | # define BOOST_PRAGMA_MESSAGE(x) _Pragma(BOOST_STRINGIZE(message(x)))
      |                                  ^~~~~~~
/opt/apps/resif/aion/2020b/epyc/software/Boost/1.74.0-GCC-10.2.0/include/boost/range/result_iterator.hpp:20:1: note: in expansion of macro ‘BOOST_HEADER_DEPRECATED’
   20 | BOOST_HEADER_DEPRECATED("<boost/range/iterator.hpp>")
      | ^~~~~~~~~~~~~~~~~~~~~~~
/opt/apps/resif/aion/2020b/epyc/software/Boost/1.74.0-GCC-10.2.0/include/boost/config/pragma_message.hpp:24:34: note: ‘#pragma message: This header is deprecated. Use <boost/range/reverse_iterator.hpp> instead.’
   24 | # define BOOST_PRAGMA_MESSAGE(x) _Pragma(BOOST_STRINGIZE(message(x)))
      |                                  ^~~~~~~
/opt/apps/resif/aion/2020b/epyc/software/Boost/1.74.0-GCC-10.2.0/include/boost/config/pragma_message.hpp:24:34: note: in definition of macro ‘BOOST_PRAGMA_MESSAGE’
   24 | # define BOOST_PRAGMA_MESSAGE(x) _Pragma(BOOST_STRINGIZE(message(x)))
      |                                  ^~~~~~~
/opt/apps/resif/aion/2020b/epyc/software/Boost/1.74.0-GCC-10.2.0/include/boost/range/const_reverse_iterator.hpp:20:1: note: in expansion of macro ‘BOOST_HEADER_DEPRECATED’
   20 | BOOST_HEADER_DEPRECATED("<boost/range/reverse_iterator.hpp>")
      | ^~~~~~~~~~~~~~~~~~~~~~~
/opt/apps/resif/aion/2020b/epyc/software/Boost/1.74.0-GCC-10.2.0/include/boost/config/pragma_message.hpp:24:34: note: ‘#pragma message: This header is deprecated. Use <boost/range/reverse_iterator.hpp> instead.’
   24 | # define BOOST_PRAGMA_MESSAGE(x) _Pragma(BOOST_STRINGIZE(message(x)))
      |                                  ^~~~~~~
/opt/apps/resif/aion/2020b/epyc/software/Boost/1.74.0-GCC-10.2.0/include/boost/config/pragma_message.hpp:24:34: note: in definition of macro ‘BOOST_PRAGMA_MESSAGE’
   24 | # define BOOST_PRAGMA_MESSAGE(x) _Pragma(BOOST_STRINGIZE(message(x)))
      |                                  ^~~~~~~
/opt/apps/resif/aion/2020b/epyc/software/Boost/1.74.0-GCC-10.2.0/include/boost/range/reverse_result_iterator.hpp:20:1: note: in expansion of macro ‘BOOST_HEADER_DEPRECATED’
   20 | BOOST_HEADER_DEPRECATED("<boost/range/reverse_iterator.hpp>")
      | ^~~~~~~~~~~~~~~~~~~~~~~
[ 40%] Building CXX object CMakeFiles/testprecice.dir/src/testing/DataContextFixture.cpp.o
[ 41%] Building CXX object CMakeFiles/testprecice.dir/src/testing/GlobalFixtures.cpp.o
In file included from /opt/apps/resif/aion/2020b/epyc/software/Boost/1.74.0-GCC-10.2.0/include/boost/config/header_deprecated.hpp:18,
                 from /opt/apps/resif/aion/2020b/epyc/software/Boost/1.74.0-GCC-10.2.0/include/boost/range/result_iterator.hpp:18,
                 from /opt/apps/resif/aion/2020b/epyc/software/Boost/1.74.0-GCC-10.2.0/include/boost/range/metafunctions.hpp:20,
                 from /opt/apps/resif/aion/2020b/epyc/software/Boost/1.74.0-GCC-10.2.0/include/boost/range.hpp:19,
                 from /home/users/mghavami/y2425-w02-compilation-on-hpc-AminGhavami/precice/precice-3.1.2/src/time/Storage.hpp:4,
                 from /home/users/mghavami/y2425-w02-compilation-on-hpc-AminGhavami/precice/precice-3.1.2/src/mesh/Data.hpp:11,
                 from /home/users/mghavami/y2425-w02-compilation-on-hpc-AminGhavami/precice/precice-3.1.2/src/query/tests/RTreeTests.cpp:13:
/opt/apps/resif/aion/2020b/epyc/software/Boost/1.74.0-GCC-10.2.0/include/boost/config/pragma_message.hpp:24:34: note: ‘#pragma message: This header is deprecated. Use <boost/range/iterator.hpp> instead.’
   24 | # define BOOST_PRAGMA_MESSAGE(x) _Pragma(BOOST_STRINGIZE(message(x)))
      |                                  ^~~~~~~
/opt/apps/resif/aion/2020b/epyc/software/Boost/1.74.0-GCC-10.2.0/include/boost/config/pragma_message.hpp:24:34: note: in definition of macro ‘BOOST_PRAGMA_MESSAGE’
   24 | # define BOOST_PRAGMA_MESSAGE(x) _Pragma(BOOST_STRINGIZE(message(x)))
      |                                  ^~~~~~~
/opt/apps/resif/aion/2020b/epyc/software/Boost/1.74.0-GCC-10.2.0/include/boost/range/result_iterator.hpp:20:1: note: in expansion of macro ‘BOOST_HEADER_DEPRECATED’
   20 | BOOST_HEADER_DEPRECATED("<boost/range/iterator.hpp>")
      | ^~~~~~~~~~~~~~~~~~~~~~~
/opt/apps/resif/aion/2020b/epyc/software/Boost/1.74.0-GCC-10.2.0/include/boost/config/pragma_message.hpp:24:34: note: ‘#pragma message: This header is deprecated. Use <boost/range/reverse_iterator.hpp> instead.’
   24 | # define BOOST_PRAGMA_MESSAGE(x) _Pragma(BOOST_STRINGIZE(message(x)))
      |                                  ^~~~~~~
/opt/apps/resif/aion/2020b/epyc/software/Boost/1.74.0-GCC-10.2.0/include/boost/config/pragma_message.hpp:24:34: note: in definition of macro ‘BOOST_PRAGMA_MESSAGE’
   24 | # define BOOST_PRAGMA_MESSAGE(x) _Pragma(BOOST_STRINGIZE(message(x)))
      |                                  ^~~~~~~
/opt/apps/resif/aion/2020b/epyc/software/Boost/1.74.0-GCC-10.2.0/include/boost/range/const_reverse_iterator.hpp:20:1: note: in expansion of macro ‘BOOST_HEADER_DEPRECATED’
   20 | BOOST_HEADER_DEPRECATED("<boost/range/reverse_iterator.hpp>")
      | ^~~~~~~~~~~~~~~~~~~~~~~
/opt/apps/resif/aion/2020b/epyc/software/Boost/1.74.0-GCC-10.2.0/include/boost/config/pragma_message.hpp:24:34: note: ‘#pragma message: This header is deprecated. Use <boost/range/reverse_iterator.hpp> instead.’
   24 | # define BOOST_PRAGMA_MESSAGE(x) _Pragma(BOOST_STRINGIZE(message(x)))
      |                                  ^~~~~~~
/opt/apps/resif/aion/2020b/epyc/software/Boost/1.74.0-GCC-10.2.0/include/boost/config/pragma_message.hpp:24:34: note: in definition of macro ‘BOOST_PRAGMA_MESSAGE’
   24 | # define BOOST_PRAGMA_MESSAGE(x) _Pragma(BOOST_STRINGIZE(message(x)))
      |                                  ^~~~~~~
/opt/apps/resif/aion/2020b/epyc/software/Boost/1.74.0-GCC-10.2.0/include/boost/range/reverse_result_iterator.hpp:20:1: note: in expansion of macro ‘BOOST_HEADER_DEPRECATED’
   20 | BOOST_HEADER_DEPRECATED("<boost/range/reverse_iterator.hpp>")
      | ^~~~~~~~~~~~~~~~~~~~~~~
[ 41%] Building CXX object CMakeFiles/testprecice.dir/src/testing/ParallelCouplingSchemeFixture.cpp.o
[ 41%] Building CXX object CMakeFiles/testprecice.dir/src/testing/SerialCouplingSchemeFixture.cpp.o
In file included from /opt/apps/resif/aion/2020b/epyc/software/Boost/1.74.0-GCC-10.2.0/include/boost/math/tools/cxx03_warn.hpp:9,
                 from /opt/apps/resif/aion/2020b/epyc/software/Boost/1.74.0-GCC-10.2.0/include/boost/math/constants/constants.hpp:11,
                 from /opt/apps/resif/aion/2020b/epyc/software/Boost/1.74.0-GCC-10.2.0/include/boost/geometry/util/math.hpp:29,
                 from /opt/apps/resif/aion/2020b/epyc/software/Boost/1.74.0-GCC-10.2.0/include/boost/geometry/core/radian_access.hpp:33,
                 from /opt/apps/resif/aion/2020b/epyc/software/Boost/1.74.0-GCC-10.2.0/include/boost/geometry/geometry.hpp:51,
                 from /opt/apps/resif/aion/2020b/epyc/software/Boost/1.74.0-GCC-10.2.0/include/boost/geometry.hpp:17,
                 from /home/users/mghavami/y2425-w02-compilation-on-hpc-AminGhavami/precice/precice-3.1.2/src/query/tests/RTreeAdapterTests.cpp:3:
/opt/apps/resif/aion/2020b/epyc/software/Boost/1.74.0-GCC-10.2.0/include/boost/config/pragma_message.hpp:24:34: note: ‘#pragma message: This header is deprecated. Use <boost/range/iterator.hpp> instead.’
   24 | # define BOOST_PRAGMA_MESSAGE(x) _Pragma(BOOST_STRINGIZE(message(x)))
      |                                  ^~~~~~~
/opt/apps/resif/aion/2020b/epyc/software/Boost/1.74.0-GCC-10.2.0/include/boost/config/pragma_message.hpp:24:34: note: in definition of macro ‘BOOST_PRAGMA_MESSAGE’
   24 | # define BOOST_PRAGMA_MESSAGE(x) _Pragma(BOOST_STRINGIZE(message(x)))
      |                                  ^~~~~~~
/opt/apps/resif/aion/2020b/epyc/software/Boost/1.74.0-GCC-10.2.0/include/boost/range/result_iterator.hpp:20:1: note: in expansion of macro ‘BOOST_HEADER_DEPRECATED’
   20 | BOOST_HEADER_DEPRECATED("<boost/range/iterator.hpp>")
      | ^~~~~~~~~~~~~~~~~~~~~~~
/opt/apps/resif/aion/2020b/epyc/software/Boost/1.74.0-GCC-10.2.0/include/boost/config/pragma_message.hpp:24:34: note: ‘#pragma message: This header is deprecated. Use <boost/range/reverse_iterator.hpp> instead.’
   24 | # define BOOST_PRAGMA_MESSAGE(x) _Pragma(BOOST_STRINGIZE(message(x)))
      |                                  ^~~~~~~
/opt/apps/resif/aion/2020b/epyc/software/Boost/1.74.0-GCC-10.2.0/include/boost/config/pragma_message.hpp:24:34: note: in definition of macro ‘BOOST_PRAGMA_MESSAGE’
   24 | # define BOOST_PRAGMA_MESSAGE(x) _Pragma(BOOST_STRINGIZE(message(x)))
      |                                  ^~~~~~~
/opt/apps/resif/aion/2020b/epyc/software/Boost/1.74.0-GCC-10.2.0/include/boost/range/const_reverse_iterator.hpp:20:1: note: in expansion of macro ‘BOOST_HEADER_DEPRECATED’
   20 | BOOST_HEADER_DEPRECATED("<boost/range/reverse_iterator.hpp>")
      | ^~~~~~~~~~~~~~~~~~~~~~~
/opt/apps/resif/aion/2020b/epyc/software/Boost/1.74.0-GCC-10.2.0/include/boost/config/pragma_message.hpp:24:34: note: ‘#pragma message: This header is deprecated. Use <boost/range/reverse_iterator.hpp> instead.’
   24 | # define BOOST_PRAGMA_MESSAGE(x) _Pragma(BOOST_STRINGIZE(message(x)))
      |                                  ^~~~~~~
/opt/apps/resif/aion/2020b/epyc/software/Boost/1.74.0-GCC-10.2.0/include/boost/config/pragma_message.hpp:24:34: note: in definition of macro ‘BOOST_PRAGMA_MESSAGE’
   24 | # define BOOST_PRAGMA_MESSAGE(x) _Pragma(BOOST_STRINGIZE(message(x)))
      |                                  ^~~~~~~
/opt/apps/resif/aion/2020b/epyc/software/Boost/1.74.0-GCC-10.2.0/include/boost/range/reverse_result_iterator.hpp:20:1: note: in expansion of macro ‘BOOST_HEADER_DEPRECATED’
   20 | BOOST_HEADER_DEPRECATED("<boost/range/reverse_iterator.hpp>")
      | ^~~~~~~~~~~~~~~~~~~~~~~
[ 41%] Building CXX object CMakeFiles/testprecice.dir/src/testing/TestContext.cpp.o
[ 41%] Building CXX object CMakeFiles/testprecice.dir/src/testing/Testing.cpp.o
[ 42%] Building CXX object CMakeFiles/testprecice.dir/src/testing/WaveformFixture.cpp.o
/opt/apps/resif/aion/2020b/epyc/software/Boost/1.74.0-GCC-10.2.0/include/boost/config/pragma_message.hpp:24:34: note: ‘#pragma message: This header is deprecated. Use <boost/core/no_exceptions_support.hpp> instead.’
   24 | # define BOOST_PRAGMA_MESSAGE(x) _Pragma(BOOST_STRINGIZE(message(x)))
      |                                  ^~~~~~~
/opt/apps/resif/aion/2020b/epyc/software/Boost/1.74.0-GCC-10.2.0/include/boost/config/pragma_message.hpp:24:34: note: in definition of macro ‘BOOST_PRAGMA_MESSAGE’
   24 | # define BOOST_PRAGMA_MESSAGE(x) _Pragma(BOOST_STRINGIZE(message(x)))
      |                                  ^~~~~~~
/opt/apps/resif/aion/2020b/epyc/software/Boost/1.74.0-GCC-10.2.0/include/boost/detail/no_exceptions_support.hpp:17:1: note: in expansion of macro ‘BOOST_HEADER_DEPRECATED’
   17 | BOOST_HEADER_DEPRECATED("<boost/core/no_exceptions_support.hpp>")
      | ^~~~~~~~~~~~~~~~~~~~~~~
[ 42%] Building CXX object CMakeFiles/testprecice.dir/src/testing/tests/ExampleTests.cpp.o
In file included from /opt/apps/resif/aion/2020b/epyc/software/Boost/1.74.0-GCC-10.2.0/include/boost/config/header_deprecated.hpp:18,
                 from /opt/apps/resif/aion/2020b/epyc/software/Boost/1.74.0-GCC-10.2.0/include/boost/range/result_iterator.hpp:18,
                 from /opt/apps/resif/aion/2020b/epyc/software/Boost/1.74.0-GCC-10.2.0/include/boost/range/metafunctions.hpp:20,
                 from /opt/apps/resif/aion/2020b/epyc/software/Boost/1.74.0-GCC-10.2.0/include/boost/range.hpp:19,
                 from /home/users/mghavami/y2425-w02-compilation-on-hpc-AminGhavami/precice/precice-3.1.2/src/time/Storage.hpp:4,
                 from /home/users/mghavami/y2425-w02-compilation-on-hpc-AminGhavami/precice/precice-3.1.2/src/mesh/Data.hpp:11,
                 from /home/users/mghavami/y2425-w02-compilation-on-hpc-AminGhavami/precice/precice-3.1.2/src/mesh/Mesh.hpp:14,
                 from /home/users/mghavami/y2425-w02-compilation-on-hpc-AminGhavami/precice/precice-3.1.2/src/mapping/Mapping.hpp:6,
                 from /home/users/mghavami/y2425-w02-compilation-on-hpc-AminGhavami/precice/precice-3.1.2/src/precice/impl/MappingContext.hpp:3,
                 from /home/users/mghavami/y2425-w02-compilation-on-hpc-AminGhavami/precice/precice-3.1.2/src/precice/impl/DataContext.hpp:7,
                 from /home/users/mghavami/y2425-w02-compilation-on-hpc-AminGhavami/precice/precice-3.1.2/src/testing/DataContextFixture.hpp:3,
                 from /home/users/mghavami/y2425-w02-compilation-on-hpc-AminGhavami/precice/precice-3.1.2/src/testing/DataContextFixture.cpp:1:
/opt/apps/resif/aion/2020b/epyc/software/Boost/1.74.0-GCC-10.2.0/include/boost/config/pragma_message.hpp:24:34: note: ‘#pragma message: This header is deprecated. Use <boost/range/iterator.hpp> instead.’
   24 | # define BOOST_PRAGMA_MESSAGE(x) _Pragma(BOOST_STRINGIZE(message(x)))
      |                                  ^~~~~~~
/opt/apps/resif/aion/2020b/epyc/software/Boost/1.74.0-GCC-10.2.0/include/boost/config/pragma_message.hpp:24:34: note: in definition of macro ‘BOOST_PRAGMA_MESSAGE’
   24 | # define BOOST_PRAGMA_MESSAGE(x) _Pragma(BOOST_STRINGIZE(message(x)))
      |                                  ^~~~~~~
/opt/apps/resif/aion/2020b/epyc/software/Boost/1.74.0-GCC-10.2.0/include/boost/range/result_iterator.hpp:20:1: note: in expansion of macro ‘BOOST_HEADER_DEPRECATED’
   20 | BOOST_HEADER_DEPRECATED("<boost/range/iterator.hpp>")
      | ^~~~~~~~~~~~~~~~~~~~~~~
/opt/apps/resif/aion/2020b/epyc/software/Boost/1.74.0-GCC-10.2.0/include/boost/config/pragma_message.hpp:24:34: note: ‘#pragma message: This header is deprecated. Use <boost/range/reverse_iterator.hpp> instead.’
   24 | # define BOOST_PRAGMA_MESSAGE(x) _Pragma(BOOST_STRINGIZE(message(x)))
      |                                  ^~~~~~~
/opt/apps/resif/aion/2020b/epyc/software/Boost/1.74.0-GCC-10.2.0/include/boost/config/pragma_message.hpp:24:34: note: in definition of macro ‘BOOST_PRAGMA_MESSAGE’
   24 | # define BOOST_PRAGMA_MESSAGE(x) _Pragma(BOOST_STRINGIZE(message(x)))
      |                                  ^~~~~~~
/opt/apps/resif/aion/2020b/epyc/software/Boost/1.74.0-GCC-10.2.0/include/boost/range/const_reverse_iterator.hpp:20:1: note: in expansion of macro ‘BOOST_HEADER_DEPRECATED’
   20 | BOOST_HEADER_DEPRECATED("<boost/range/reverse_iterator.hpp>")
      | ^~~~~~~~~~~~~~~~~~~~~~~
/opt/apps/resif/aion/2020b/epyc/software/Boost/1.74.0-GCC-10.2.0/include/boost/config/pragma_message.hpp:24:34: note: ‘#pragma message: This header is deprecated. Use <boost/range/reverse_iterator.hpp> instead.’
   24 | # define BOOST_PRAGMA_MESSAGE(x) _Pragma(BOOST_STRINGIZE(message(x)))
      |                                  ^~~~~~~
/opt/apps/resif/aion/2020b/epyc/software/Boost/1.74.0-GCC-10.2.0/include/boost/config/pragma_message.hpp:24:34: note: in definition of macro ‘BOOST_PRAGMA_MESSAGE’
   24 | # define BOOST_PRAGMA_MESSAGE(x) _Pragma(BOOST_STRINGIZE(message(x)))
      |                                  ^~~~~~~
/opt/apps/resif/aion/2020b/epyc/software/Boost/1.74.0-GCC-10.2.0/include/boost/range/reverse_result_iterator.hpp:20:1: note: in expansion of macro ‘BOOST_HEADER_DEPRECATED’
   20 | BOOST_HEADER_DEPRECATED("<boost/range/reverse_iterator.hpp>")
      | ^~~~~~~~~~~~~~~~~~~~~~~
In file included from /opt/apps/resif/aion/2020b/epyc/software/Boost/1.74.0-GCC-10.2.0/include/boost/config/header_deprecated.hpp:18,
                 from /opt/apps/resif/aion/2020b/epyc/software/Boost/1.74.0-GCC-10.2.0/include/boost/range/result_iterator.hpp:18,
                 from /opt/apps/resif/aion/2020b/epyc/software/Boost/1.74.0-GCC-10.2.0/include/boost/range/metafunctions.hpp:20,
                 from /opt/apps/resif/aion/2020b/epyc/software/Boost/1.74.0-GCC-10.2.0/include/boost/range.hpp:19,
                 from /home/users/mghavami/y2425-w02-compilation-on-hpc-AminGhavami/precice/precice-3.1.2/src/time/Storage.hpp:4,
                 from /home/users/mghavami/y2425-w02-compilation-on-hpc-AminGhavami/precice/precice-3.1.2/src/cplscheme/CouplingData.hpp:7,
                 from /home/users/mghavami/y2425-w02-compilation-on-hpc-AminGhavami/precice/precice-3.1.2/src/cplscheme/BaseCouplingScheme.hpp:12,
                 from /home/users/mghavami/y2425-w02-compilation-on-hpc-AminGhavami/precice/precice-3.1.2/src/cplscheme/BiCouplingScheme.hpp:6,
                 from /home/users/mghavami/y2425-w02-compilation-on-hpc-AminGhavami/precice/precice-3.1.2/src/cplscheme/ParallelCouplingScheme.hpp:4,
                 from /home/users/mghavami/y2425-w02-compilation-on-hpc-AminGhavami/precice/precice-3.1.2/src/testing/ParallelCouplingSchemeFixture.hpp:3,
                 from /home/users/mghavami/y2425-w02-compilation-on-hpc-AminGhavami/precice/precice-3.1.2/src/testing/ParallelCouplingSchemeFixture.cpp:1:
/opt/apps/resif/aion/2020b/epyc/software/Boost/1.74.0-GCC-10.2.0/include/boost/config/pragma_message.hpp:24:34: note: ‘#pragma message: This header is deprecated. Use <boost/range/iterator.hpp> instead.’
   24 | # define BOOST_PRAGMA_MESSAGE(x) _Pragma(BOOST_STRINGIZE(message(x)))
      |                                  ^~~~~~~
/opt/apps/resif/aion/2020b/epyc/software/Boost/1.74.0-GCC-10.2.0/include/boost/config/pragma_message.hpp:24:34: note: in definition of macro ‘BOOST_PRAGMA_MESSAGE’
   24 | # define BOOST_PRAGMA_MESSAGE(x) _Pragma(BOOST_STRINGIZE(message(x)))
      |                                  ^~~~~~~
/opt/apps/resif/aion/2020b/epyc/software/Boost/1.74.0-GCC-10.2.0/include/boost/range/result_iterator.hpp:20:1: note: in expansion of macro ‘BOOST_HEADER_DEPRECATED’
   20 | BOOST_HEADER_DEPRECATED("<boost/range/iterator.hpp>")
      | ^~~~~~~~~~~~~~~~~~~~~~~
/opt/apps/resif/aion/2020b/epyc/software/Boost/1.74.0-GCC-10.2.0/include/boost/config/pragma_message.hpp:24:34: note: ‘#pragma message: This header is deprecated. Use <boost/range/reverse_iterator.hpp> instead.’
   24 | # define BOOST_PRAGMA_MESSAGE(x) _Pragma(BOOST_STRINGIZE(message(x)))
      |                                  ^~~~~~~
/opt/apps/resif/aion/2020b/epyc/software/Boost/1.74.0-GCC-10.2.0/include/boost/config/pragma_message.hpp:24:34: note: in definition of macro ‘BOOST_PRAGMA_MESSAGE’
   24 | # define BOOST_PRAGMA_MESSAGE(x) _Pragma(BOOST_STRINGIZE(message(x)))
      |                                  ^~~~~~~
/opt/apps/resif/aion/2020b/epyc/software/Boost/1.74.0-GCC-10.2.0/include/boost/range/const_reverse_iterator.hpp:20:1: note: in expansion of macro ‘BOOST_HEADER_DEPRECATED’
   20 | BOOST_HEADER_DEPRECATED("<boost/range/reverse_iterator.hpp>")
      | ^~~~~~~~~~~~~~~~~~~~~~~
/opt/apps/resif/aion/2020b/epyc/software/Boost/1.74.0-GCC-10.2.0/include/boost/config/pragma_message.hpp:24:34: note: ‘#pragma message: This header is deprecated. Use <boost/range/reverse_iterator.hpp> instead.’
   24 | # define BOOST_PRAGMA_MESSAGE(x) _Pragma(BOOST_STRINGIZE(message(x)))
      |                                  ^~~~~~~
/opt/apps/resif/aion/2020b/epyc/software/Boost/1.74.0-GCC-10.2.0/include/boost/config/pragma_message.hpp:24:34: note: in definition of macro ‘BOOST_PRAGMA_MESSAGE’
   24 | # define BOOST_PRAGMA_MESSAGE(x) _Pragma(BOOST_STRINGIZE(message(x)))
      |                                  ^~~~~~~
/opt/apps/resif/aion/2020b/epyc/software/Boost/1.74.0-GCC-10.2.0/include/boost/range/reverse_result_iterator.hpp:20:1: note: in expansion of macro ‘BOOST_HEADER_DEPRECATED’
   20 | BOOST_HEADER_DEPRECATED("<boost/range/reverse_iterator.hpp>")
      | ^~~~~~~~~~~~~~~~~~~~~~~
In file included from /opt/apps/resif/aion/2020b/epyc/software/Boost/1.74.0-GCC-10.2.0/include/boost/config/header_deprecated.hpp:18,
                 from /opt/apps/resif/aion/2020b/epyc/software/Boost/1.74.0-GCC-10.2.0/include/boost/range/result_iterator.hpp:18,
                 from /opt/apps/resif/aion/2020b/epyc/software/Boost/1.74.0-GCC-10.2.0/include/boost/range/metafunctions.hpp:20,
                 from /opt/apps/resif/aion/2020b/epyc/software/Boost/1.74.0-GCC-10.2.0/include/boost/range.hpp:19,
                 from /home/users/mghavami/y2425-w02-compilation-on-hpc-AminGhavami/precice/precice-3.1.2/src/time/Storage.hpp:4,
                 from /home/users/mghavami/y2425-w02-compilation-on-hpc-AminGhavami/precice/precice-3.1.2/src/cplscheme/CouplingData.hpp:7,
                 from /home/users/mghavami/y2425-w02-compilation-on-hpc-AminGhavami/precice/precice-3.1.2/src/cplscheme/BaseCouplingScheme.hpp:12,
                 from /home/users/mghavami/y2425-w02-compilation-on-hpc-AminGhavami/precice/precice-3.1.2/src/cplscheme/SerialCouplingScheme.hpp:4,
                 from /home/users/mghavami/y2425-w02-compilation-on-hpc-AminGhavami/precice/precice-3.1.2/src/testing/SerialCouplingSchemeFixture.hpp:3,
                 from /home/users/mghavami/y2425-w02-compilation-on-hpc-AminGhavami/precice/precice-3.1.2/src/testing/SerialCouplingSchemeFixture.cpp:1:
/opt/apps/resif/aion/2020b/epyc/software/Boost/1.74.0-GCC-10.2.0/include/boost/config/pragma_message.hpp:24:34: note: ‘#pragma message: This header is deprecated. Use <boost/range/iterator.hpp> instead.’
   24 | # define BOOST_PRAGMA_MESSAGE(x) _Pragma(BOOST_STRINGIZE(message(x)))
      |                                  ^~~~~~~
/opt/apps/resif/aion/2020b/epyc/software/Boost/1.74.0-GCC-10.2.0/include/boost/config/pragma_message.hpp:24:34: note: in definition of macro ‘BOOST_PRAGMA_MESSAGE’
   24 | # define BOOST_PRAGMA_MESSAGE(x) _Pragma(BOOST_STRINGIZE(message(x)))
      |                                  ^~~~~~~
/opt/apps/resif/aion/2020b/epyc/software/Boost/1.74.0-GCC-10.2.0/include/boost/range/result_iterator.hpp:20:1: note: in expansion of macro ‘BOOST_HEADER_DEPRECATED’
   20 | BOOST_HEADER_DEPRECATED("<boost/range/iterator.hpp>")
      | ^~~~~~~~~~~~~~~~~~~~~~~
/opt/apps/resif/aion/2020b/epyc/software/Boost/1.74.0-GCC-10.2.0/include/boost/config/pragma_message.hpp:24:34: note: ‘#pragma message: This header is deprecated. Use <boost/range/reverse_iterator.hpp> instead.’
   24 | # define BOOST_PRAGMA_MESSAGE(x) _Pragma(BOOST_STRINGIZE(message(x)))
      |                                  ^~~~~~~
/opt/apps/resif/aion/2020b/epyc/software/Boost/1.74.0-GCC-10.2.0/include/boost/config/pragma_message.hpp:24:34: note: in definition of macro ‘BOOST_PRAGMA_MESSAGE’
   24 | # define BOOST_PRAGMA_MESSAGE(x) _Pragma(BOOST_STRINGIZE(message(x)))
      |                                  ^~~~~~~
/opt/apps/resif/aion/2020b/epyc/software/Boost/1.74.0-GCC-10.2.0/include/boost/range/const_reverse_iterator.hpp:20:1: note: in expansion of macro ‘BOOST_HEADER_DEPRECATED’
   20 | BOOST_HEADER_DEPRECATED("<boost/range/reverse_iterator.hpp>")
      | ^~~~~~~~~~~~~~~~~~~~~~~
/opt/apps/resif/aion/2020b/epyc/software/Boost/1.74.0-GCC-10.2.0/include/boost/config/pragma_message.hpp:24:34: note: ‘#pragma message: This header is deprecated. Use <boost/range/reverse_iterator.hpp> instead.’
   24 | # define BOOST_PRAGMA_MESSAGE(x) _Pragma(BOOST_STRINGIZE(message(x)))
      |                                  ^~~~~~~
/opt/apps/resif/aion/2020b/epyc/software/Boost/1.74.0-GCC-10.2.0/include/boost/config/pragma_message.hpp:24:34: note: in definition of macro ‘BOOST_PRAGMA_MESSAGE’
   24 | # define BOOST_PRAGMA_MESSAGE(x) _Pragma(BOOST_STRINGIZE(message(x)))
      |                                  ^~~~~~~
/opt/apps/resif/aion/2020b/epyc/software/Boost/1.74.0-GCC-10.2.0/include/boost/range/reverse_result_iterator.hpp:20:1: note: in expansion of macro ‘BOOST_HEADER_DEPRECATED’
   20 | BOOST_HEADER_DEPRECATED("<boost/range/reverse_iterator.hpp>")
      | ^~~~~~~~~~~~~~~~~~~~~~~
[ 42%] Building CXX object CMakeFiles/testprecice.dir/src/time/tests/StorageTest.cpp.o
In file included from /opt/apps/resif/aion/2020b/epyc/software/Boost/1.74.0-GCC-10.2.0/include/boost/config/header_deprecated.hpp:18,
                 from /opt/apps/resif/aion/2020b/epyc/software/Boost/1.74.0-GCC-10.2.0/include/boost/range/result_iterator.hpp:18,
                 from /opt/apps/resif/aion/2020b/epyc/software/Boost/1.74.0-GCC-10.2.0/include/boost/range/metafunctions.hpp:20,
                 from /opt/apps/resif/aion/2020b/epyc/software/Boost/1.74.0-GCC-10.2.0/include/boost/range.hpp:19,
                 from /home/users/mghavami/y2425-w02-compilation-on-hpc-AminGhavami/precice/precice-3.1.2/src/time/Storage.hpp:4,
                 from /home/users/mghavami/y2425-w02-compilation-on-hpc-AminGhavami/precice/precice-3.1.2/src/time/Waveform.hpp:6,
                 from /home/users/mghavami/y2425-w02-compilation-on-hpc-AminGhavami/precice/precice-3.1.2/src/testing/WaveformFixture.hpp:3,
                 from /home/users/mghavami/y2425-w02-compilation-on-hpc-AminGhavami/precice/precice-3.1.2/src/testing/WaveformFixture.cpp:1:
/opt/apps/resif/aion/2020b/epyc/software/Boost/1.74.0-GCC-10.2.0/include/boost/config/pragma_message.hpp:24:34: note: ‘#pragma message: This header is deprecated. Use <boost/range/iterator.hpp> instead.’
   24 | # define BOOST_PRAGMA_MESSAGE(x) _Pragma(BOOST_STRINGIZE(message(x)))
      |                                  ^~~~~~~
/opt/apps/resif/aion/2020b/epyc/software/Boost/1.74.0-GCC-10.2.0/include/boost/config/pragma_message.hpp:24:34: note: in definition of macro ‘BOOST_PRAGMA_MESSAGE’
   24 | # define BOOST_PRAGMA_MESSAGE(x) _Pragma(BOOST_STRINGIZE(message(x)))
      |                                  ^~~~~~~
/opt/apps/resif/aion/2020b/epyc/software/Boost/1.74.0-GCC-10.2.0/include/boost/range/result_iterator.hpp:20:1: note: in expansion of macro ‘BOOST_HEADER_DEPRECATED’
   20 | BOOST_HEADER_DEPRECATED("<boost/range/iterator.hpp>")
      | ^~~~~~~~~~~~~~~~~~~~~~~
/opt/apps/resif/aion/2020b/epyc/software/Boost/1.74.0-GCC-10.2.0/include/boost/config/pragma_message.hpp:24:34: note: ‘#pragma message: This header is deprecated. Use <boost/range/reverse_iterator.hpp> instead.’
   24 | # define BOOST_PRAGMA_MESSAGE(x) _Pragma(BOOST_STRINGIZE(message(x)))
      |                                  ^~~~~~~
/opt/apps/resif/aion/2020b/epyc/software/Boost/1.74.0-GCC-10.2.0/include/boost/config/pragma_message.hpp:24:34: note: in definition of macro ‘BOOST_PRAGMA_MESSAGE’
   24 | # define BOOST_PRAGMA_MESSAGE(x) _Pragma(BOOST_STRINGIZE(message(x)))
      |                                  ^~~~~~~
/opt/apps/resif/aion/2020b/epyc/software/Boost/1.74.0-GCC-10.2.0/include/boost/range/const_reverse_iterator.hpp:20:1: note: in expansion of macro ‘BOOST_HEADER_DEPRECATED’
   20 | BOOST_HEADER_DEPRECATED("<boost/range/reverse_iterator.hpp>")
      | ^~~~~~~~~~~~~~~~~~~~~~~
/opt/apps/resif/aion/2020b/epyc/software/Boost/1.74.0-GCC-10.2.0/include/boost/config/pragma_message.hpp:24:34: note: ‘#pragma message: This header is deprecated. Use <boost/range/reverse_iterator.hpp> instead.’
   24 | # define BOOST_PRAGMA_MESSAGE(x) _Pragma(BOOST_STRINGIZE(message(x)))
      |                                  ^~~~~~~
/opt/apps/resif/aion/2020b/epyc/software/Boost/1.74.0-GCC-10.2.0/include/boost/config/pragma_message.hpp:24:34: note: in definition of macro ‘BOOST_PRAGMA_MESSAGE’
   24 | # define BOOST_PRAGMA_MESSAGE(x) _Pragma(BOOST_STRINGIZE(message(x)))
      |                                  ^~~~~~~
/opt/apps/resif/aion/2020b/epyc/software/Boost/1.74.0-GCC-10.2.0/include/boost/range/reverse_result_iterator.hpp:20:1: note: in expansion of macro ‘BOOST_HEADER_DEPRECATED’
   20 | BOOST_HEADER_DEPRECATED("<boost/range/reverse_iterator.hpp>")
      | ^~~~~~~~~~~~~~~~~~~~~~~
[ 42%] Building CXX object CMakeFiles/testprecice.dir/src/time/tests/WaveformTest.cpp.o
[ 42%] Building CXX object CMakeFiles/testprecice.dir/src/utils/tests/AlgorithmTest.cpp.o
[ 42%] Building CXX object CMakeFiles/testprecice.dir/src/utils/tests/DimensionsTest.cpp.o
[ 43%] Building CXX object CMakeFiles/testprecice.dir/src/utils/tests/EigenHelperFunctionsTest.cpp.o
[ 43%] Building CXX object CMakeFiles/testprecice.dir/src/utils/tests/IntraCommTest.cpp.o
[ 43%] Building CXX object CMakeFiles/testprecice.dir/src/utils/tests/ManageUniqueIDsTest.cpp.o
In file included from /opt/apps/resif/aion/2020b/epyc/software/Boost/1.74.0-GCC-10.2.0/include/boost/config/header_deprecated.hpp:18,
                 from /opt/apps/resif/aion/2020b/epyc/software/Boost/1.74.0-GCC-10.2.0/include/boost/range/result_iterator.hpp:18,
                 from /opt/apps/resif/aion/2020b/epyc/software/Boost/1.74.0-GCC-10.2.0/include/boost/range/metafunctions.hpp:20,
                 from /opt/apps/resif/aion/2020b/epyc/software/Boost/1.74.0-GCC-10.2.0/include/boost/range.hpp:19,
                 from /home/users/mghavami/y2425-w02-compilation-on-hpc-AminGhavami/precice/precice-3.1.2/src/time/Storage.hpp:4,
                 from /home/users/mghavami/y2425-w02-compilation-on-hpc-AminGhavami/precice/precice-3.1.2/src/mesh/Data.hpp:11,
                 from /home/users/mghavami/y2425-w02-compilation-on-hpc-AminGhavami/precice/precice-3.1.2/src/mesh/Mesh.hpp:14,
                 from /home/users/mghavami/y2425-w02-compilation-on-hpc-AminGhavami/precice/precice-3.1.2/src/m2n/DistributedCommunication.hpp:5,
                 from /home/users/mghavami/y2425-w02-compilation-on-hpc-AminGhavami/precice/precice-3.1.2/src/m2n/DistributedComFactory.hpp:3,
                 from /home/users/mghavami/y2425-w02-compilation-on-hpc-AminGhavami/precice/precice-3.1.2/src/m2n/M2N.hpp:8,
                 from /home/users/mghavami/y2425-w02-compilation-on-hpc-AminGhavami/precice/precice-3.1.2/src/testing/tests/ExampleTests.cpp:5:
/opt/apps/resif/aion/2020b/epyc/software/Boost/1.74.0-GCC-10.2.0/include/boost/config/pragma_message.hpp:24:34: note: ‘#pragma message: This header is deprecated. Use <boost/range/iterator.hpp> instead.’
   24 | # define BOOST_PRAGMA_MESSAGE(x) _Pragma(BOOST_STRINGIZE(message(x)))
      |                                  ^~~~~~~
/opt/apps/resif/aion/2020b/epyc/software/Boost/1.74.0-GCC-10.2.0/include/boost/config/pragma_message.hpp:24:34: note: in definition of macro ‘BOOST_PRAGMA_MESSAGE’
   24 | # define BOOST_PRAGMA_MESSAGE(x) _Pragma(BOOST_STRINGIZE(message(x)))
      |                                  ^~~~~~~
/opt/apps/resif/aion/2020b/epyc/software/Boost/1.74.0-GCC-10.2.0/include/boost/range/result_iterator.hpp:20:1: note: in expansion of macro ‘BOOST_HEADER_DEPRECATED’
   20 | BOOST_HEADER_DEPRECATED("<boost/range/iterator.hpp>")
      | ^~~~~~~~~~~~~~~~~~~~~~~
/opt/apps/resif/aion/2020b/epyc/software/Boost/1.74.0-GCC-10.2.0/include/boost/config/pragma_message.hpp:24:34: note: ‘#pragma message: This header is deprecated. Use <boost/range/reverse_iterator.hpp> instead.’
   24 | # define BOOST_PRAGMA_MESSAGE(x) _Pragma(BOOST_STRINGIZE(message(x)))
      |                                  ^~~~~~~
/opt/apps/resif/aion/2020b/epyc/software/Boost/1.74.0-GCC-10.2.0/include/boost/config/pragma_message.hpp:24:34: note: in definition of macro ‘BOOST_PRAGMA_MESSAGE’
   24 | # define BOOST_PRAGMA_MESSAGE(x) _Pragma(BOOST_STRINGIZE(message(x)))
      |                                  ^~~~~~~
/opt/apps/resif/aion/2020b/epyc/software/Boost/1.74.0-GCC-10.2.0/include/boost/range/const_reverse_iterator.hpp:20:1: note: in expansion of macro ‘BOOST_HEADER_DEPRECATED’
   20 | BOOST_HEADER_DEPRECATED("<boost/range/reverse_iterator.hpp>")
      | ^~~~~~~~~~~~~~~~~~~~~~~
/opt/apps/resif/aion/2020b/epyc/software/Boost/1.74.0-GCC-10.2.0/include/boost/config/pragma_message.hpp:24:34: note: ‘#pragma message: This header is deprecated. Use <boost/range/reverse_iterator.hpp> instead.’
   24 | # define BOOST_PRAGMA_MESSAGE(x) _Pragma(BOOST_STRINGIZE(message(x)))
      |                                  ^~~~~~~
/opt/apps/resif/aion/2020b/epyc/software/Boost/1.74.0-GCC-10.2.0/include/boost/config/pragma_message.hpp:24:34: note: in definition of macro ‘BOOST_PRAGMA_MESSAGE’
   24 | # define BOOST_PRAGMA_MESSAGE(x) _Pragma(BOOST_STRINGIZE(message(x)))
      |                                  ^~~~~~~
/opt/apps/resif/aion/2020b/epyc/software/Boost/1.74.0-GCC-10.2.0/include/boost/range/reverse_result_iterator.hpp:20:1: note: in expansion of macro ‘BOOST_HEADER_DEPRECATED’
   20 | BOOST_HEADER_DEPRECATED("<boost/range/reverse_iterator.hpp>")
      | ^~~~~~~~~~~~~~~~~~~~~~~
In file included from /opt/apps/resif/aion/2020b/epyc/software/Boost/1.74.0-GCC-10.2.0/include/boost/smart_ptr/detail/sp_thread_sleep.hpp:22,
                 from /opt/apps/resif/aion/2020b/epyc/software/Boost/1.74.0-GCC-10.2.0/include/boost/smart_ptr/detail/yield_k.hpp:23,
                 from /opt/apps/resif/aion/2020b/epyc/software/Boost/1.74.0-GCC-10.2.0/include/boost/smart_ptr/detail/spinlock_gcc_atomic.hpp:14,
                 from /opt/apps/resif/aion/2020b/epyc/software/Boost/1.74.0-GCC-10.2.0/include/boost/smart_ptr/detail/spinlock.hpp:42,
                 from /opt/apps/resif/aion/2020b/epyc/software/Boost/1.74.0-GCC-10.2.0/include/boost/smart_ptr/detail/spinlock_pool.hpp:25,
                 from /opt/apps/resif/aion/2020b/epyc/software/Boost/1.74.0-GCC-10.2.0/include/boost/smart_ptr/shared_ptr.hpp:29,
                 from /opt/apps/resif/aion/2020b/epyc/software/Boost/1.74.0-GCC-10.2.0/include/boost/shared_ptr.hpp:17,
                 from /opt/apps/resif/aion/2020b/epyc/software/Boost/1.74.0-GCC-10.2.0/include/boost/date_time/time_clock.hpp:17,
                 from /opt/apps/resif/aion/2020b/epyc/software/Boost/1.74.0-GCC-10.2.0/include/boost/date_time/posix_time/posix_time_types.hpp:10,
                 from /opt/apps/resif/aion/2020b/epyc/software/Boost/1.74.0-GCC-10.2.0/include/boost/asio/time_traits.hpp:23,
                 from /opt/apps/resif/aion/2020b/epyc/software/Boost/1.74.0-GCC-10.2.0/include/boost/asio/detail/timer_queue_ptime.hpp:22,
                 from /opt/apps/resif/aion/2020b/epyc/software/Boost/1.74.0-GCC-10.2.0/include/boost/asio/detail/deadline_timer_service.hpp:29,
                 from /opt/apps/resif/aion/2020b/epyc/software/Boost/1.74.0-GCC-10.2.0/include/boost/asio/basic_deadline_timer.hpp:25,
                 from /opt/apps/resif/aion/2020b/epyc/software/Boost/1.74.0-GCC-10.2.0/include/boost/asio.hpp:25,
                 from /home/users/mghavami/y2425-w02-compilation-on-hpc-AminGhavami/precice/precice-3.1.2/src/com/SocketCommunication.hpp:3,
                 from /home/users/mghavami/y2425-w02-compilation-on-hpc-AminGhavami/precice/precice-3.1.2/src/testing/TestContext.cpp:12:
/opt/apps/resif/aion/2020b/epyc/software/Boost/1.74.0-GCC-10.2.0/include/boost/config/pragma_message.hpp:24:34: note: ‘#pragma message: This header is deprecated. Use <boost/range/iterator.hpp> instead.’
   24 | # define BOOST_PRAGMA_MESSAGE(x) _Pragma(BOOST_STRINGIZE(message(x)))
      |                                  ^~~~~~~
/opt/apps/resif/aion/2020b/epyc/software/Boost/1.74.0-GCC-10.2.0/include/boost/config/pragma_message.hpp:24:34: note: in definition of macro ‘BOOST_PRAGMA_MESSAGE’
   24 | # define BOOST_PRAGMA_MESSAGE(x) _Pragma(BOOST_STRINGIZE(message(x)))
      |                                  ^~~~~~~
/opt/apps/resif/aion/2020b/epyc/software/Boost/1.74.0-GCC-10.2.0/include/boost/range/result_iterator.hpp:20:1: note: in expansion of macro ‘BOOST_HEADER_DEPRECATED’
   20 | BOOST_HEADER_DEPRECATED("<boost/range/iterator.hpp>")
      | ^~~~~~~~~~~~~~~~~~~~~~~
/opt/apps/resif/aion/2020b/epyc/software/Boost/1.74.0-GCC-10.2.0/include/boost/config/pragma_message.hpp:24:34: note: ‘#pragma message: This header is deprecated. Use <boost/range/reverse_iterator.hpp> instead.’
   24 | # define BOOST_PRAGMA_MESSAGE(x) _Pragma(BOOST_STRINGIZE(message(x)))
      |                                  ^~~~~~~
/opt/apps/resif/aion/2020b/epyc/software/Boost/1.74.0-GCC-10.2.0/include/boost/config/pragma_message.hpp:24:34: note: in definition of macro ‘BOOST_PRAGMA_MESSAGE’
   24 | # define BOOST_PRAGMA_MESSAGE(x) _Pragma(BOOST_STRINGIZE(message(x)))
      |                                  ^~~~~~~
/opt/apps/resif/aion/2020b/epyc/software/Boost/1.74.0-GCC-10.2.0/include/boost/range/const_reverse_iterator.hpp:20:1: note: in expansion of macro ‘BOOST_HEADER_DEPRECATED’
   20 | BOOST_HEADER_DEPRECATED("<boost/range/reverse_iterator.hpp>")
      | ^~~~~~~~~~~~~~~~~~~~~~~
/opt/apps/resif/aion/2020b/epyc/software/Boost/1.74.0-GCC-10.2.0/include/boost/config/pragma_message.hpp:24:34: note: ‘#pragma message: This header is deprecated. Use <boost/range/reverse_iterator.hpp> instead.’
   24 | # define BOOST_PRAGMA_MESSAGE(x) _Pragma(BOOST_STRINGIZE(message(x)))
      |                                  ^~~~~~~
/opt/apps/resif/aion/2020b/epyc/software/Boost/1.74.0-GCC-10.2.0/include/boost/config/pragma_message.hpp:24:34: note: in definition of macro ‘BOOST_PRAGMA_MESSAGE’
   24 | # define BOOST_PRAGMA_MESSAGE(x) _Pragma(BOOST_STRINGIZE(message(x)))
      |                                  ^~~~~~~
/opt/apps/resif/aion/2020b/epyc/software/Boost/1.74.0-GCC-10.2.0/include/boost/range/reverse_result_iterator.hpp:20:1: note: in expansion of macro ‘BOOST_HEADER_DEPRECATED’
   20 | BOOST_HEADER_DEPRECATED("<boost/range/reverse_iterator.hpp>")
      | ^~~~~~~~~~~~~~~~~~~~~~~
[ 43%] Building CXX object CMakeFiles/testprecice.dir/src/utils/tests/MultiLockTest.cpp.o
[ 43%] Building CXX object CMakeFiles/testprecice.dir/src/utils/tests/ParallelTest.cpp.o
In file included from /opt/apps/resif/aion/2020b/epyc/software/Boost/1.74.0-GCC-10.2.0/include/boost/smart_ptr/detail/sp_thread_sleep.hpp:22,
                 from /opt/apps/resif/aion/2020b/epyc/software/Boost/1.74.0-GCC-10.2.0/include/boost/smart_ptr/detail/yield_k.hpp:23,
                 from /opt/apps/resif/aion/2020b/epyc/software/Boost/1.74.0-GCC-10.2.0/include/boost/smart_ptr/detail/spinlock_gcc_atomic.hpp:14,
                 from /opt/apps/resif/aion/2020b/epyc/software/Boost/1.74.0-GCC-10.2.0/include/boost/smart_ptr/detail/spinlock.hpp:42,
                 from /opt/apps/resif/aion/2020b/epyc/software/Boost/1.74.0-GCC-10.2.0/include/boost/smart_ptr/detail/spinlock_pool.hpp:25,
                 from /opt/apps/resif/aion/2020b/epyc/software/Boost/1.74.0-GCC-10.2.0/include/boost/smart_ptr/shared_ptr.hpp:29,
                 from /opt/apps/resif/aion/2020b/epyc/software/Boost/1.74.0-GCC-10.2.0/include/boost/shared_ptr.hpp:17,
                 from /opt/apps/resif/aion/2020b/epyc/software/Boost/1.74.0-GCC-10.2.0/include/boost/test/tools/assertion_result.hpp:21,
                 from /opt/apps/resif/aion/2020b/epyc/software/Boost/1.74.0-GCC-10.2.0/include/boost/test/tools/old/impl.hpp:20,
                 from /opt/apps/resif/aion/2020b/epyc/software/Boost/1.74.0-GCC-10.2.0/include/boost/test/test_tools.hpp:46,
                 from /opt/apps/resif/aion/2020b/epyc/software/Boost/1.74.0-GCC-10.2.0/include/boost/test/unit_test.hpp:18,
                 from /home/users/mghavami/y2425-w02-compilation-on-hpc-AminGhavami/precice/precice-3.1.2/src/testing/Testing.hpp:4,
                 from /home/users/mghavami/y2425-w02-compilation-on-hpc-AminGhavami/precice/precice-3.1.2/src/time/tests/StorageTest.cpp:3:
/opt/apps/resif/aion/2020b/epyc/software/Boost/1.74.0-GCC-10.2.0/include/boost/config/pragma_message.hpp:24:34: note: ‘#pragma message: This header is deprecated. Use <boost/range/iterator.hpp> instead.’
   24 | # define BOOST_PRAGMA_MESSAGE(x) _Pragma(BOOST_STRINGIZE(message(x)))
      |                                  ^~~~~~~
/opt/apps/resif/aion/2020b/epyc/software/Boost/1.74.0-GCC-10.2.0/include/boost/config/pragma_message.hpp:24:34: note: in definition of macro ‘BOOST_PRAGMA_MESSAGE’
   24 | # define BOOST_PRAGMA_MESSAGE(x) _Pragma(BOOST_STRINGIZE(message(x)))
      |                                  ^~~~~~~
/opt/apps/resif/aion/2020b/epyc/software/Boost/1.74.0-GCC-10.2.0/include/boost/range/result_iterator.hpp:20:1: note: in expansion of macro ‘BOOST_HEADER_DEPRECATED’
   20 | BOOST_HEADER_DEPRECATED("<boost/range/iterator.hpp>")
      | ^~~~~~~~~~~~~~~~~~~~~~~
/opt/apps/resif/aion/2020b/epyc/software/Boost/1.74.0-GCC-10.2.0/include/boost/config/pragma_message.hpp:24:34: note: ‘#pragma message: This header is deprecated. Use <boost/range/reverse_iterator.hpp> instead.’
   24 | # define BOOST_PRAGMA_MESSAGE(x) _Pragma(BOOST_STRINGIZE(message(x)))
      |                                  ^~~~~~~
/opt/apps/resif/aion/2020b/epyc/software/Boost/1.74.0-GCC-10.2.0/include/boost/config/pragma_message.hpp:24:34: note: in definition of macro ‘BOOST_PRAGMA_MESSAGE’
   24 | # define BOOST_PRAGMA_MESSAGE(x) _Pragma(BOOST_STRINGIZE(message(x)))
      |                                  ^~~~~~~
/opt/apps/resif/aion/2020b/epyc/software/Boost/1.74.0-GCC-10.2.0/include/boost/range/const_reverse_iterator.hpp:20:1: note: in expansion of macro ‘BOOST_HEADER_DEPRECATED’
   20 | BOOST_HEADER_DEPRECATED("<boost/range/reverse_iterator.hpp>")
      | ^~~~~~~~~~~~~~~~~~~~~~~
/opt/apps/resif/aion/2020b/epyc/software/Boost/1.74.0-GCC-10.2.0/include/boost/config/pragma_message.hpp:24:34: note: ‘#pragma message: This header is deprecated. Use <boost/range/reverse_iterator.hpp> instead.’
   24 | # define BOOST_PRAGMA_MESSAGE(x) _Pragma(BOOST_STRINGIZE(message(x)))
      |                                  ^~~~~~~
/opt/apps/resif/aion/2020b/epyc/software/Boost/1.74.0-GCC-10.2.0/include/boost/config/pragma_message.hpp:24:34: note: in definition of macro ‘BOOST_PRAGMA_MESSAGE’
   24 | # define BOOST_PRAGMA_MESSAGE(x) _Pragma(BOOST_STRINGIZE(message(x)))
      |                                  ^~~~~~~
/opt/apps/resif/aion/2020b/epyc/software/Boost/1.74.0-GCC-10.2.0/include/boost/range/reverse_result_iterator.hpp:20:1: note: in expansion of macro ‘BOOST_HEADER_DEPRECATED’
   20 | BOOST_HEADER_DEPRECATED("<boost/range/reverse_iterator.hpp>")
      | ^~~~~~~~~~~~~~~~~~~~~~~
[ 44%] Building CXX object CMakeFiles/testprecice.dir/src/utils/tests/StatisticsTest.cpp.o
In file included from /opt/apps/resif/aion/2020b/epyc/software/Boost/1.74.0-GCC-10.2.0/include/boost/smart_ptr/detail/sp_thread_sleep.hpp:22,
                 from /opt/apps/resif/aion/2020b/epyc/software/Boost/1.74.0-GCC-10.2.0/include/boost/smart_ptr/detail/yield_k.hpp:23,
                 from /opt/apps/resif/aion/2020b/epyc/software/Boost/1.74.0-GCC-10.2.0/include/boost/smart_ptr/detail/spinlock_gcc_atomic.hpp:14,
                 from /opt/apps/resif/aion/2020b/epyc/software/Boost/1.74.0-GCC-10.2.0/include/boost/smart_ptr/detail/spinlock.hpp:42,
                 from /opt/apps/resif/aion/2020b/epyc/software/Boost/1.74.0-GCC-10.2.0/include/boost/smart_ptr/detail/spinlock_pool.hpp:25,
                 from /opt/apps/resif/aion/2020b/epyc/software/Boost/1.74.0-GCC-10.2.0/include/boost/smart_ptr/shared_ptr.hpp:29,
                 from /opt/apps/resif/aion/2020b/epyc/software/Boost/1.74.0-GCC-10.2.0/include/boost/shared_ptr.hpp:17,
                 from /opt/apps/resif/aion/2020b/epyc/software/Boost/1.74.0-GCC-10.2.0/include/boost/test/tools/assertion_result.hpp:21,
                 from /opt/apps/resif/aion/2020b/epyc/software/Boost/1.74.0-GCC-10.2.0/include/boost/test/tools/old/impl.hpp:20,
                 from /opt/apps/resif/aion/2020b/epyc/software/Boost/1.74.0-GCC-10.2.0/include/boost/test/test_tools.hpp:46,
                 from /opt/apps/resif/aion/2020b/epyc/software/Boost/1.74.0-GCC-10.2.0/include/boost/test/unit_test.hpp:18,
                 from /home/users/mghavami/y2425-w02-compilation-on-hpc-AminGhavami/precice/precice-3.1.2/src/testing/Testing.hpp:4,
                 from /home/users/mghavami/y2425-w02-compilation-on-hpc-AminGhavami/precice/precice-3.1.2/src/time/tests/WaveformTest.cpp:3:
/opt/apps/resif/aion/2020b/epyc/software/Boost/1.74.0-GCC-10.2.0/include/boost/config/pragma_message.hpp:24:34: note: ‘#pragma message: This header is deprecated. Use <boost/range/iterator.hpp> instead.’
   24 | # define BOOST_PRAGMA_MESSAGE(x) _Pragma(BOOST_STRINGIZE(message(x)))
      |                                  ^~~~~~~
/opt/apps/resif/aion/2020b/epyc/software/Boost/1.74.0-GCC-10.2.0/include/boost/config/pragma_message.hpp:24:34: note: in definition of macro ‘BOOST_PRAGMA_MESSAGE’
   24 | # define BOOST_PRAGMA_MESSAGE(x) _Pragma(BOOST_STRINGIZE(message(x)))
      |                                  ^~~~~~~
/opt/apps/resif/aion/2020b/epyc/software/Boost/1.74.0-GCC-10.2.0/include/boost/range/result_iterator.hpp:20:1: note: in expansion of macro ‘BOOST_HEADER_DEPRECATED’
   20 | BOOST_HEADER_DEPRECATED("<boost/range/iterator.hpp>")
      | ^~~~~~~~~~~~~~~~~~~~~~~
/opt/apps/resif/aion/2020b/epyc/software/Boost/1.74.0-GCC-10.2.0/include/boost/config/pragma_message.hpp:24:34: note: ‘#pragma message: This header is deprecated. Use <boost/range/reverse_iterator.hpp> instead.’
   24 | # define BOOST_PRAGMA_MESSAGE(x) _Pragma(BOOST_STRINGIZE(message(x)))
      |                                  ^~~~~~~
/opt/apps/resif/aion/2020b/epyc/software/Boost/1.74.0-GCC-10.2.0/include/boost/config/pragma_message.hpp:24:34: note: in definition of macro ‘BOOST_PRAGMA_MESSAGE’
   24 | # define BOOST_PRAGMA_MESSAGE(x) _Pragma(BOOST_STRINGIZE(message(x)))
      |                                  ^~~~~~~
/opt/apps/resif/aion/2020b/epyc/software/Boost/1.74.0-GCC-10.2.0/include/boost/range/const_reverse_iterator.hpp:20:1: note: in expansion of macro ‘BOOST_HEADER_DEPRECATED’
   20 | BOOST_HEADER_DEPRECATED("<boost/range/reverse_iterator.hpp>")
      | ^~~~~~~~~~~~~~~~~~~~~~~
/opt/apps/resif/aion/2020b/epyc/software/Boost/1.74.0-GCC-10.2.0/include/boost/config/pragma_message.hpp:24:34: note: ‘#pragma message: This header is deprecated. Use <boost/range/reverse_iterator.hpp> instead.’
   24 | # define BOOST_PRAGMA_MESSAGE(x) _Pragma(BOOST_STRINGIZE(message(x)))
      |                                  ^~~~~~~
/opt/apps/resif/aion/2020b/epyc/software/Boost/1.74.0-GCC-10.2.0/include/boost/config/pragma_message.hpp:24:34: note: in definition of macro ‘BOOST_PRAGMA_MESSAGE’
   24 | # define BOOST_PRAGMA_MESSAGE(x) _Pragma(BOOST_STRINGIZE(message(x)))
      |                                  ^~~~~~~
/opt/apps/resif/aion/2020b/epyc/software/Boost/1.74.0-GCC-10.2.0/include/boost/range/reverse_result_iterator.hpp:20:1: note: in expansion of macro ‘BOOST_HEADER_DEPRECATED’
   20 | BOOST_HEADER_DEPRECATED("<boost/range/reverse_iterator.hpp>")
      | ^~~~~~~~~~~~~~~~~~~~~~~
[ 44%] Building CXX object CMakeFiles/testprecice.dir/src/utils/tests/StringTest.cpp.o
[ 44%] Building CXX object CMakeFiles/testprecice.dir/src/xml/tests/ParserTest.cpp.o
[ 44%] Building CXX object CMakeFiles/testprecice.dir/src/xml/tests/PrinterTest.cpp.o
[ 44%] Building CXX object CMakeFiles/testprecice.dir/src/xml/tests/XMLTest.cpp.o
[ 45%] Building CXX object CMakeFiles/testprecice.dir/tests/geometric-multiscale/AxialGeoMultiscale.cpp.o
[ 45%] Building CXX object CMakeFiles/testprecice.dir/tests/geometric-multiscale/RadialGeoMultiscale.cpp.o
[ 45%] Building CXX object CMakeFiles/testprecice.dir/tests/parallel/CouplingOnLine.cpp.o
[ 45%] Building CXX object CMakeFiles/testprecice.dir/tests/parallel/ExportTimeseries.cpp.o
[ 45%] Building CXX object CMakeFiles/testprecice.dir/tests/parallel/GlobalRBFPartitioning.cpp.o
[ 45%] Building CXX object CMakeFiles/testprecice.dir/tests/parallel/GlobalRBFPartitioningPETSc.cpp.o
[ 46%] Building CXX object CMakeFiles/testprecice.dir/tests/parallel/LocalRBFPartitioning.cpp.o
[ 46%] Building CXX object CMakeFiles/testprecice.dir/tests/parallel/LocalRBFPartitioningPETSc.cpp.o
In file included from /opt/apps/resif/aion/2020b/epyc/software/Boost/1.74.0-GCC-10.2.0/include/boost/smart_ptr/detail/sp_thread_sleep.hpp:22,
                 from /opt/apps/resif/aion/2020b/epyc/software/Boost/1.74.0-GCC-10.2.0/include/boost/smart_ptr/detail/yield_k.hpp:23,
                 from /opt/apps/resif/aion/2020b/epyc/software/Boost/1.74.0-GCC-10.2.0/include/boost/smart_ptr/detail/spinlock_gcc_atomic.hpp:14,
                 from /opt/apps/resif/aion/2020b/epyc/software/Boost/1.74.0-GCC-10.2.0/include/boost/smart_ptr/detail/spinlock.hpp:42,
                 from /opt/apps/resif/aion/2020b/epyc/software/Boost/1.74.0-GCC-10.2.0/include/boost/smart_ptr/detail/spinlock_pool.hpp:25,
                 from /opt/apps/resif/aion/2020b/epyc/software/Boost/1.74.0-GCC-10.2.0/include/boost/smart_ptr/shared_ptr.hpp:29,
                 from /opt/apps/resif/aion/2020b/epyc/software/Boost/1.74.0-GCC-10.2.0/include/boost/shared_ptr.hpp:17,
                 from /opt/apps/resif/aion/2020b/epyc/software/Boost/1.74.0-GCC-10.2.0/include/boost/smart_ptr.hpp:19,
                 from /home/users/mghavami/y2425-w02-compilation-on-hpc-AminGhavami/precice/precice-3.1.2/src/precice/config/Configuration.hpp:5,
                 from /home/users/mghavami/y2425-w02-compilation-on-hpc-AminGhavami/precice/precice-3.1.2/src/xml/tests/PrinterTest.cpp:3:
/opt/apps/resif/aion/2020b/epyc/software/Boost/1.74.0-GCC-10.2.0/include/boost/config/pragma_message.hpp:24:34: note: ‘#pragma message: This header is deprecated. Use <boost/range/iterator.hpp> instead.’
   24 | # define BOOST_PRAGMA_MESSAGE(x) _Pragma(BOOST_STRINGIZE(message(x)))
      |                                  ^~~~~~~
/opt/apps/resif/aion/2020b/epyc/software/Boost/1.74.0-GCC-10.2.0/include/boost/config/header_deprecated.hpp:23:37: note: in expansion of macro ‘BOOST_PRAGMA_MESSAGE’
   23 | # define BOOST_HEADER_DEPRECATED(a) BOOST_PRAGMA_MESSAGE("This header is deprecated. Use " a " instead.")
      |                                     ^~~~~~~~~~~~~~~~~~~~
/opt/apps/resif/aion/2020b/epyc/software/Boost/1.74.0-GCC-10.2.0/include/boost/range/result_iterator.hpp:20:1: note: in expansion of macro ‘BOOST_HEADER_DEPRECATED’
   20 | BOOST_HEADER_DEPRECATED("<boost/range/iterator.hpp>")
      | ^~~~~~~~~~~~~~~~~~~~~~~
/opt/apps/resif/aion/2020b/epyc/software/Boost/1.74.0-GCC-10.2.0/include/boost/config/pragma_message.hpp:24:34: note: ‘#pragma message: This header is deprecated. Use <boost/range/reverse_iterator.hpp> instead.’
   24 | # define BOOST_PRAGMA_MESSAGE(x) _Pragma(BOOST_STRINGIZE(message(x)))
      |                                  ^~~~~~~
/opt/apps/resif/aion/2020b/epyc/software/Boost/1.74.0-GCC-10.2.0/include/boost/config/header_deprecated.hpp:23:37: note: in expansion of macro ‘BOOST_PRAGMA_MESSAGE’
   23 | # define BOOST_HEADER_DEPRECATED(a) BOOST_PRAGMA_MESSAGE("This header is deprecated. Use " a " instead.")
      |                                     ^~~~~~~~~~~~~~~~~~~~
/opt/apps/resif/aion/2020b/epyc/software/Boost/1.74.0-GCC-10.2.0/include/boost/range/const_reverse_iterator.hpp:20:1: note: in expansion of macro ‘BOOST_HEADER_DEPRECATED’
   20 | BOOST_HEADER_DEPRECATED("<boost/range/reverse_iterator.hpp>")
      | ^~~~~~~~~~~~~~~~~~~~~~~
/opt/apps/resif/aion/2020b/epyc/software/Boost/1.74.0-GCC-10.2.0/include/boost/config/pragma_message.hpp:24:34: note: ‘#pragma message: This header is deprecated. Use <boost/range/reverse_iterator.hpp> instead.’
   24 | # define BOOST_PRAGMA_MESSAGE(x) _Pragma(BOOST_STRINGIZE(message(x)))
      |                                  ^~~~~~~
/opt/apps/resif/aion/2020b/epyc/software/Boost/1.74.0-GCC-10.2.0/include/boost/config/header_deprecated.hpp:23:37: note: in expansion of macro ‘BOOST_PRAGMA_MESSAGE’
   23 | # define BOOST_HEADER_DEPRECATED(a) BOOST_PRAGMA_MESSAGE("This header is deprecated. Use " a " instead.")
      |                                     ^~~~~~~~~~~~~~~~~~~~
/opt/apps/resif/aion/2020b/epyc/software/Boost/1.74.0-GCC-10.2.0/include/boost/range/reverse_result_iterator.hpp:20:1: note: in expansion of macro ‘BOOST_HEADER_DEPRECATED’
   20 | BOOST_HEADER_DEPRECATED("<boost/range/reverse_iterator.hpp>")
      | ^~~~~~~~~~~~~~~~~~~~~~~
[ 46%] Building CXX object CMakeFiles/testprecice.dir/tests/parallel/MappingTypeRestriction.cpp.o
[ 46%] Building CXX object CMakeFiles/testprecice.dir/tests/parallel/NearestProjectionRePartitioning.cpp.o
[ 46%] Building CXX object CMakeFiles/testprecice.dir/tests/parallel/PrimaryRankSockets.cpp.o
[ 47%] Building CXX object CMakeFiles/testprecice.dir/tests/parallel/TestBoundingBoxInitialization.cpp.o
[ 47%] Building CXX object CMakeFiles/testprecice.dir/tests/parallel/TestBoundingBoxInitializationEmpty.cpp.o
[ 47%] Building CXX object CMakeFiles/testprecice.dir/tests/parallel/TestBoundingBoxInitializationPUM.cpp.o
[ 47%] Building CXX object CMakeFiles/testprecice.dir/tests/parallel/TestBoundingBoxInitializationTwoWay.cpp.o
[ 47%] Building CXX object CMakeFiles/testprecice.dir/tests/parallel/TestFinalize.cpp.o
[ 48%] Building CXX object CMakeFiles/testprecice.dir/tests/parallel/UserDefinedMPICommunicator.cpp.o
[ 48%] Building CXX object CMakeFiles/testprecice.dir/tests/parallel/UserDefinedMPICommunicatorPetRBF.cpp.o
[ 48%] Building CXX object CMakeFiles/testprecice.dir/tests/parallel/direct-mesh-access/AccessReceivedMeshAndMapping.cpp.o
[ 48%] Building CXX object CMakeFiles/testprecice.dir/tests/parallel/direct-mesh-access/AccessReceivedMeshEmptyPartition.cpp.o
[ 48%] Building CXX object CMakeFiles/testprecice.dir/tests/parallel/direct-mesh-access/AccessReceivedMeshEmptyPartitionTwoLevelInit.cpp.o
[ 48%] Building CXX object CMakeFiles/testprecice.dir/tests/parallel/direct-mesh-access/AccessReceivedMeshNoOverlap.cpp.o
[ 49%] Building CXX object CMakeFiles/testprecice.dir/tests/parallel/direct-mesh-access/AccessReceivedMeshNoOverlapTwoLevelInit.cpp.o
[ 49%] Building CXX object CMakeFiles/testprecice.dir/tests/parallel/direct-mesh-access/AccessReceivedMeshOverlap.cpp.o
In file included from /opt/apps/resif/aion/2020b/epyc/software/Boost/1.74.0-GCC-10.2.0/include/boost/smart_ptr/detail/sp_thread_sleep.hpp:22,
                 from /opt/apps/resif/aion/2020b/epyc/software/Boost/1.74.0-GCC-10.2.0/include/boost/smart_ptr/detail/yield_k.hpp:23,
                 from /opt/apps/resif/aion/2020b/epyc/software/Boost/1.74.0-GCC-10.2.0/include/boost/smart_ptr/detail/spinlock_gcc_atomic.hpp:14,
                 from /opt/apps/resif/aion/2020b/epyc/software/Boost/1.74.0-GCC-10.2.0/include/boost/smart_ptr/detail/spinlock.hpp:42,
                 from /opt/apps/resif/aion/2020b/epyc/software/Boost/1.74.0-GCC-10.2.0/include/boost/smart_ptr/detail/spinlock_pool.hpp:25,
                 from /opt/apps/resif/aion/2020b/epyc/software/Boost/1.74.0-GCC-10.2.0/include/boost/smart_ptr/shared_ptr.hpp:29,
                 from /opt/apps/resif/aion/2020b/epyc/software/Boost/1.74.0-GCC-10.2.0/include/boost/shared_ptr.hpp:17,
                 from /opt/apps/resif/aion/2020b/epyc/software/Boost/1.74.0-GCC-10.2.0/include/boost/test/tools/assertion_result.hpp:21,
                 from /opt/apps/resif/aion/2020b/epyc/software/Boost/1.74.0-GCC-10.2.0/include/boost/test/tools/old/impl.hpp:20,
                 from /opt/apps/resif/aion/2020b/epyc/software/Boost/1.74.0-GCC-10.2.0/include/boost/test/test_tools.hpp:46,
                 from /opt/apps/resif/aion/2020b/epyc/software/Boost/1.74.0-GCC-10.2.0/include/boost/test/unit_test.hpp:18,
                 from /home/users/mghavami/y2425-w02-compilation-on-hpc-AminGhavami/precice/precice-3.1.2/src/testing/Testing.hpp:4,
                 from /home/users/mghavami/y2425-w02-compilation-on-hpc-AminGhavami/precice/precice-3.1.2/tests/parallel/NearestProjectionRePartitioning.cpp:3:
/opt/apps/resif/aion/2020b/epyc/software/Boost/1.74.0-GCC-10.2.0/include/boost/config/pragma_message.hpp:24:34: note: ‘#pragma message: This header is deprecated. Use <boost/range/iterator.hpp> instead.’
   24 | # define BOOST_PRAGMA_MESSAGE(x) _Pragma(BOOST_STRINGIZE(message(x)))
      |                                  ^~~~~~~
/opt/apps/resif/aion/2020b/epyc/software/Boost/1.74.0-GCC-10.2.0/include/boost/config/header_deprecated.hpp:23:37: note: in expansion of macro ‘BOOST_PRAGMA_MESSAGE’
   23 | # define BOOST_HEADER_DEPRECATED(a) BOOST_PRAGMA_MESSAGE("This header is deprecated. Use " a " instead.")
      |                                     ^~~~~~~~~~~~~~~~~~~~
/opt/apps/resif/aion/2020b/epyc/software/Boost/1.74.0-GCC-10.2.0/include/boost/range/result_iterator.hpp:20:1: note: in expansion of macro ‘BOOST_HEADER_DEPRECATED’
   20 | BOOST_HEADER_DEPRECATED("<boost/range/iterator.hpp>")
      | ^~~~~~~~~~~~~~~~~~~~~~~
/opt/apps/resif/aion/2020b/epyc/software/Boost/1.74.0-GCC-10.2.0/include/boost/config/pragma_message.hpp:24:34: note: ‘#pragma message: This header is deprecated. Use <boost/range/reverse_iterator.hpp> instead.’
   24 | # define BOOST_PRAGMA_MESSAGE(x) _Pragma(BOOST_STRINGIZE(message(x)))
      |                                  ^~~~~~~
/opt/apps/resif/aion/2020b/epyc/software/Boost/1.74.0-GCC-10.2.0/include/boost/config/header_deprecated.hpp:23:37: note: in expansion of macro ‘BOOST_PRAGMA_MESSAGE’
   23 | # define BOOST_HEADER_DEPRECATED(a) BOOST_PRAGMA_MESSAGE("This header is deprecated. Use " a " instead.")
      |                                     ^~~~~~~~~~~~~~~~~~~~
/opt/apps/resif/aion/2020b/epyc/software/Boost/1.74.0-GCC-10.2.0/include/boost/range/const_reverse_iterator.hpp:20:1: note: in expansion of macro ‘BOOST_HEADER_DEPRECATED’
   20 | BOOST_HEADER_DEPRECATED("<boost/range/reverse_iterator.hpp>")
      | ^~~~~~~~~~~~~~~~~~~~~~~
/opt/apps/resif/aion/2020b/epyc/software/Boost/1.74.0-GCC-10.2.0/include/boost/config/pragma_message.hpp:24:34: note: ‘#pragma message: This header is deprecated. Use <boost/range/reverse_iterator.hpp> instead.’
   24 | # define BOOST_PRAGMA_MESSAGE(x) _Pragma(BOOST_STRINGIZE(message(x)))
      |                                  ^~~~~~~
/opt/apps/resif/aion/2020b/epyc/software/Boost/1.74.0-GCC-10.2.0/include/boost/config/header_deprecated.hpp:23:37: note: in expansion of macro ‘BOOST_PRAGMA_MESSAGE’
   23 | # define BOOST_HEADER_DEPRECATED(a) BOOST_PRAGMA_MESSAGE("This header is deprecated. Use " a " instead.")
      |                                     ^~~~~~~~~~~~~~~~~~~~
/opt/apps/resif/aion/2020b/epyc/software/Boost/1.74.0-GCC-10.2.0/include/boost/range/reverse_result_iterator.hpp:20:1: note: in expansion of macro ‘BOOST_HEADER_DEPRECATED’
   20 | BOOST_HEADER_DEPRECATED("<boost/range/reverse_iterator.hpp>")
      | ^~~~~~~~~~~~~~~~~~~~~~~
[ 49%] Building CXX object CMakeFiles/testprecice.dir/tests/parallel/direct-mesh-access/AccessReceivedMeshOverlapNoWrite.cpp.o
In file included from /opt/apps/resif/aion/2020b/epyc/software/Boost/1.74.0-GCC-10.2.0/include/boost/smart_ptr/detail/sp_thread_sleep.hpp:22,
                 from /opt/apps/resif/aion/2020b/epyc/software/Boost/1.74.0-GCC-10.2.0/include/boost/smart_ptr/detail/yield_k.hpp:23,
                 from /opt/apps/resif/aion/2020b/epyc/software/Boost/1.74.0-GCC-10.2.0/include/boost/smart_ptr/detail/spinlock_gcc_atomic.hpp:14,
                 from /opt/apps/resif/aion/2020b/epyc/software/Boost/1.74.0-GCC-10.2.0/include/boost/smart_ptr/detail/spinlock.hpp:42,
                 from /opt/apps/resif/aion/2020b/epyc/software/Boost/1.74.0-GCC-10.2.0/include/boost/smart_ptr/detail/spinlock_pool.hpp:25,
                 from /opt/apps/resif/aion/2020b/epyc/software/Boost/1.74.0-GCC-10.2.0/include/boost/smart_ptr/shared_ptr.hpp:29,
                 from /opt/apps/resif/aion/2020b/epyc/software/Boost/1.74.0-GCC-10.2.0/include/boost/shared_ptr.hpp:17,
                 from /opt/apps/resif/aion/2020b/epyc/software/Boost/1.74.0-GCC-10.2.0/include/boost/test/tools/assertion_result.hpp:21,
                 from /opt/apps/resif/aion/2020b/epyc/software/Boost/1.74.0-GCC-10.2.0/include/boost/test/tools/old/impl.hpp:20,
                 from /opt/apps/resif/aion/2020b/epyc/software/Boost/1.74.0-GCC-10.2.0/include/boost/test/test_tools.hpp:46,
                 from /opt/apps/resif/aion/2020b/epyc/software/Boost/1.74.0-GCC-10.2.0/include/boost/test/unit_test.hpp:18,
                 from /home/users/mghavami/y2425-w02-compilation-on-hpc-AminGhavami/precice/precice-3.1.2/src/testing/Testing.hpp:4,
                 from /home/users/mghavami/y2425-w02-compilation-on-hpc-AminGhavami/precice/precice-3.1.2/tests/parallel/TestFinalize.cpp:3:
/opt/apps/resif/aion/2020b/epyc/software/Boost/1.74.0-GCC-10.2.0/include/boost/config/pragma_message.hpp:24:34: note: ‘#pragma message: This header is deprecated. Use <boost/range/iterator.hpp> instead.’
   24 | # define BOOST_PRAGMA_MESSAGE(x) _Pragma(BOOST_STRINGIZE(message(x)))
      |                                  ^~~~~~~
/opt/apps/resif/aion/2020b/epyc/software/Boost/1.74.0-GCC-10.2.0/include/boost/config/header_deprecated.hpp:23:37: note: in expansion of macro ‘BOOST_PRAGMA_MESSAGE’
   23 | # define BOOST_HEADER_DEPRECATED(a) BOOST_PRAGMA_MESSAGE("This header is deprecated. Use " a " instead.")
      |                                     ^~~~~~~~~~~~~~~~~~~~
/opt/apps/resif/aion/2020b/epyc/software/Boost/1.74.0-GCC-10.2.0/include/boost/range/result_iterator.hpp:20:1: note: in expansion of macro ‘BOOST_HEADER_DEPRECATED’
   20 | BOOST_HEADER_DEPRECATED("<boost/range/iterator.hpp>")
      | ^~~~~~~~~~~~~~~~~~~~~~~
/opt/apps/resif/aion/2020b/epyc/software/Boost/1.74.0-GCC-10.2.0/include/boost/config/pragma_message.hpp:24:34: note: ‘#pragma message: This header is deprecated. Use <boost/range/reverse_iterator.hpp> instead.’
   24 | # define BOOST_PRAGMA_MESSAGE(x) _Pragma(BOOST_STRINGIZE(message(x)))
      |                                  ^~~~~~~
/opt/apps/resif/aion/2020b/epyc/software/Boost/1.74.0-GCC-10.2.0/include/boost/config/header_deprecated.hpp:23:37: note: in expansion of macro ‘BOOST_PRAGMA_MESSAGE’
   23 | # define BOOST_HEADER_DEPRECATED(a) BOOST_PRAGMA_MESSAGE("This header is deprecated. Use " a " instead.")
      |                                     ^~~~~~~~~~~~~~~~~~~~
/opt/apps/resif/aion/2020b/epyc/software/Boost/1.74.0-GCC-10.2.0/include/boost/range/const_reverse_iterator.hpp:20:1: note: in expansion of macro ‘BOOST_HEADER_DEPRECATED’
   20 | BOOST_HEADER_DEPRECATED("<boost/range/reverse_iterator.hpp>")
      | ^~~~~~~~~~~~~~~~~~~~~~~
/opt/apps/resif/aion/2020b/epyc/software/Boost/1.74.0-GCC-10.2.0/include/boost/config/pragma_message.hpp:24:34: note: ‘#pragma message: This header is deprecated. Use <boost/range/reverse_iterator.hpp> instead.’
   24 | # define BOOST_PRAGMA_MESSAGE(x) _Pragma(BOOST_STRINGIZE(message(x)))
      |                                  ^~~~~~~
/opt/apps/resif/aion/2020b/epyc/software/Boost/1.74.0-GCC-10.2.0/include/boost/config/header_deprecated.hpp:23:37: note: in expansion of macro ‘BOOST_PRAGMA_MESSAGE’
   23 | # define BOOST_HEADER_DEPRECATED(a) BOOST_PRAGMA_MESSAGE("This header is deprecated. Use " a " instead.")
      |                                     ^~~~~~~~~~~~~~~~~~~~
/opt/apps/resif/aion/2020b/epyc/software/Boost/1.74.0-GCC-10.2.0/include/boost/range/reverse_result_iterator.hpp:20:1: note: in expansion of macro ‘BOOST_HEADER_DEPRECATED’
   20 | BOOST_HEADER_DEPRECATED("<boost/range/reverse_iterator.hpp>")
      | ^~~~~~~~~~~~~~~~~~~~~~~
[ 49%] Building CXX object CMakeFiles/testprecice.dir/tests/parallel/direct-mesh-access/AccessReceivedMeshOverlapNoWriteTwoLevelInit.cpp.o
[ 49%] Building CXX object CMakeFiles/testprecice.dir/tests/parallel/direct-mesh-access/AccessReceivedMeshOverlapTwoLevelInit.cpp.o
[ 50%] Building CXX object CMakeFiles/testprecice.dir/tests/parallel/direct-mesh-access/helpers.cpp.o
[ 50%] Building CXX object CMakeFiles/testprecice.dir/tests/parallel/distributed-communication/TestDistributedCommunicationGatherScatterMPI.cpp.o
[ 50%] Building CXX object CMakeFiles/testprecice.dir/tests/parallel/distributed-communication/TestDistributedCommunicationP2PMPI.cpp.o
[ 50%] Building CXX object CMakeFiles/testprecice.dir/tests/parallel/distributed-communication/TestDistributedCommunicationP2PSockets.cpp.o
[ 50%] Building CXX object CMakeFiles/testprecice.dir/tests/parallel/distributed-communication/helpers.cpp.o
[ 51%] Building CXX object CMakeFiles/testprecice.dir/tests/parallel/gather-scatter/EnforceGatherScatterEmptyPrimaryRank.cpp.o
[ 51%] Building CXX object CMakeFiles/testprecice.dir/tests/parallel/gather-scatter/EnforceGatherScatterEmptyReceivedPrimaryRank.cpp.o
[ 51%] Building CXX object CMakeFiles/testprecice.dir/tests/parallel/gather-scatter/helpers.cpp.o
[ 51%] Building CXX object CMakeFiles/testprecice.dir/tests/parallel/lifecycle/ConstructAndExplicitFinalize.cpp.o
[ 51%] Building CXX object CMakeFiles/testprecice.dir/tests/parallel/lifecycle/ConstructOnly.cpp.o
[ 51%] Building CXX object CMakeFiles/testprecice.dir/tests/parallel/lifecycle/Full.cpp.o
[ 52%] Building CXX object CMakeFiles/testprecice.dir/tests/parallel/lifecycle/ImplicitFinalize.cpp.o
[ 52%] Building CXX object CMakeFiles/testprecice.dir/tests/parallel/map-initial-data/NonZeroData.cpp.o
[ 52%] Building CXX object CMakeFiles/testprecice.dir/tests/parallel/map-initial-data/ZeroData.cpp.o
[ 52%] Building CXX object CMakeFiles/testprecice.dir/tests/parallel/mapping-nearest-neighbor-gradient/GradientTestParallelScalar.cpp.o
[ 52%] Building CXX object CMakeFiles/testprecice.dir/tests/parallel/mapping-nearest-neighbor-gradient/GradientTestParallelVector.cpp.o
[ 53%] Building CXX object CMakeFiles/testprecice.dir/tests/parallel/mapping-nearest-neighbor-gradient/GradientTestParallelWriteVector.cpp.o
[ 53%] Building CXX object CMakeFiles/testprecice.dir/tests/parallel/mapping-volume/ParallelCube1To3.cpp.o
[ 53%] Building CXX object CMakeFiles/testprecice.dir/tests/parallel/mapping-volume/ParallelCube3To1.cpp.o
[ 53%] Building CXX object CMakeFiles/testprecice.dir/tests/parallel/mapping-volume/ParallelCubeConservative1To3.cpp.o
In file included from /opt/apps/resif/aion/2020b/epyc/software/Boost/1.74.0-GCC-10.2.0/include/boost/config/header_deprecated.hpp:18,
                 from /opt/apps/resif/aion/2020b/epyc/software/Boost/1.74.0-GCC-10.2.0/include/boost/range/result_iterator.hpp:18,
                 from /opt/apps/resif/aion/2020b/epyc/software/Boost/1.74.0-GCC-10.2.0/include/boost/range/metafunctions.hpp:20,
                 from /opt/apps/resif/aion/2020b/epyc/software/Boost/1.74.0-GCC-10.2.0/include/boost/range.hpp:19,
                 from /home/users/mghavami/y2425-w02-compilation-on-hpc-AminGhavami/precice/precice-3.1.2/src/time/Storage.hpp:4,
                 from /home/users/mghavami/y2425-w02-compilation-on-hpc-AminGhavami/precice/precice-3.1.2/src/mesh/Data.hpp:11,
                 from /home/users/mghavami/y2425-w02-compilation-on-hpc-AminGhavami/precice/precice-3.1.2/src/mesh/Mesh.hpp:14,
                 from /home/users/mghavami/y2425-w02-compilation-on-hpc-AminGhavami/precice/precice-3.1.2/src/mapping/Mapping.hpp:6,
                 from /home/users/mghavami/y2425-w02-compilation-on-hpc-AminGhavami/precice/precice-3.1.2/src/action/Action.hpp:3,
                 from /home/users/mghavami/y2425-w02-compilation-on-hpc-AminGhavami/precice/precice-3.1.2/src/precice/impl/ParticipantImpl.hpp:10,
                 from /home/users/mghavami/y2425-w02-compilation-on-hpc-AminGhavami/precice/precice-3.1.2/tests/parallel/map-initial-data/helper.hpp:5,
                 from /home/users/mghavami/y2425-w02-compilation-on-hpc-AminGhavami/precice/precice-3.1.2/tests/parallel/map-initial-data/NonZeroData.cpp:3:
/opt/apps/resif/aion/2020b/epyc/software/Boost/1.74.0-GCC-10.2.0/include/boost/config/pragma_message.hpp:24:34: note: ‘#pragma message: This header is deprecated. Use <boost/range/iterator.hpp> instead.’
   24 | # define BOOST_PRAGMA_MESSAGE(x) _Pragma(BOOST_STRINGIZE(message(x)))
      |                                  ^~~~~~~
/opt/apps/resif/aion/2020b/epyc/software/Boost/1.74.0-GCC-10.2.0/include/boost/config/pragma_message.hpp:24:34: note: in definition of macro ‘BOOST_PRAGMA_MESSAGE’
   24 | # define BOOST_PRAGMA_MESSAGE(x) _Pragma(BOOST_STRINGIZE(message(x)))
      |                                  ^~~~~~~
/opt/apps/resif/aion/2020b/epyc/software/Boost/1.74.0-GCC-10.2.0/include/boost/range/result_iterator.hpp:20:1: note: in expansion of macro ‘BOOST_HEADER_DEPRECATED’
   20 | BOOST_HEADER_DEPRECATED("<boost/range/iterator.hpp>")
      | ^~~~~~~~~~~~~~~~~~~~~~~
/opt/apps/resif/aion/2020b/epyc/software/Boost/1.74.0-GCC-10.2.0/include/boost/config/pragma_message.hpp:24:34: note: ‘#pragma message: This header is deprecated. Use <boost/range/reverse_iterator.hpp> instead.’
   24 | # define BOOST_PRAGMA_MESSAGE(x) _Pragma(BOOST_STRINGIZE(message(x)))
      |                                  ^~~~~~~
/opt/apps/resif/aion/2020b/epyc/software/Boost/1.74.0-GCC-10.2.0/include/boost/config/pragma_message.hpp:24:34: note: in definition of macro ‘BOOST_PRAGMA_MESSAGE’
   24 | # define BOOST_PRAGMA_MESSAGE(x) _Pragma(BOOST_STRINGIZE(message(x)))
      |                                  ^~~~~~~
/opt/apps/resif/aion/2020b/epyc/software/Boost/1.74.0-GCC-10.2.0/include/boost/range/const_reverse_iterator.hpp:20:1: note: in expansion of macro ‘BOOST_HEADER_DEPRECATED’
   20 | BOOST_HEADER_DEPRECATED("<boost/range/reverse_iterator.hpp>")
      | ^~~~~~~~~~~~~~~~~~~~~~~
/opt/apps/resif/aion/2020b/epyc/software/Boost/1.74.0-GCC-10.2.0/include/boost/config/pragma_message.hpp:24:34: note: ‘#pragma message: This header is deprecated. Use <boost/range/reverse_iterator.hpp> instead.’
   24 | # define BOOST_PRAGMA_MESSAGE(x) _Pragma(BOOST_STRINGIZE(message(x)))
      |                                  ^~~~~~~
/opt/apps/resif/aion/2020b/epyc/software/Boost/1.74.0-GCC-10.2.0/include/boost/config/pragma_message.hpp:24:34: note: in definition of macro ‘BOOST_PRAGMA_MESSAGE’
   24 | # define BOOST_PRAGMA_MESSAGE(x) _Pragma(BOOST_STRINGIZE(message(x)))
      |                                  ^~~~~~~
/opt/apps/resif/aion/2020b/epyc/software/Boost/1.74.0-GCC-10.2.0/include/boost/range/reverse_result_iterator.hpp:20:1: note: in expansion of macro ‘BOOST_HEADER_DEPRECATED’
   20 | BOOST_HEADER_DEPRECATED("<boost/range/reverse_iterator.hpp>")
      | ^~~~~~~~~~~~~~~~~~~~~~~
[ 53%] Building CXX object CMakeFiles/testprecice.dir/tests/parallel/mapping-volume/ParallelCubeConservative3To1.cpp.o
[ 54%] Building CXX object CMakeFiles/testprecice.dir/tests/parallel/mapping-volume/ParallelSquare1To2.cpp.o
[ 54%] Building CXX object CMakeFiles/testprecice.dir/tests/parallel/mapping-volume/ParallelSquare2To1.cpp.o
[ 54%] Building CXX object CMakeFiles/testprecice.dir/tests/parallel/mapping-volume/ParallelSquareConservative1To2.cpp.o
[ 54%] Building CXX object CMakeFiles/testprecice.dir/tests/parallel/mapping-volume/ParallelTriangleConservative2To1.cpp.o
[ 54%] Building CXX object CMakeFiles/testprecice.dir/tests/quasi-newton/helpers.cpp.o
In file included from /opt/apps/resif/aion/2020b/epyc/software/Boost/1.74.0-GCC-10.2.0/include/boost/config/header_deprecated.hpp:18,
                 from /opt/apps/resif/aion/2020b/epyc/software/Boost/1.74.0-GCC-10.2.0/include/boost/range/result_iterator.hpp:18,
                 from /opt/apps/resif/aion/2020b/epyc/software/Boost/1.74.0-GCC-10.2.0/include/boost/range/metafunctions.hpp:20,
                 from /opt/apps/resif/aion/2020b/epyc/software/Boost/1.74.0-GCC-10.2.0/include/boost/range.hpp:19,
                 from /home/users/mghavami/y2425-w02-compilation-on-hpc-AminGhavami/precice/precice-3.1.2/src/time/Storage.hpp:4,
                 from /home/users/mghavami/y2425-w02-compilation-on-hpc-AminGhavami/precice/precice-3.1.2/src/mesh/Data.hpp:11,
                 from /home/users/mghavami/y2425-w02-compilation-on-hpc-AminGhavami/precice/precice-3.1.2/src/mesh/Mesh.hpp:14,
                 from /home/users/mghavami/y2425-w02-compilation-on-hpc-AminGhavami/precice/precice-3.1.2/src/mapping/Mapping.hpp:6,
                 from /home/users/mghavami/y2425-w02-compilation-on-hpc-AminGhavami/precice/precice-3.1.2/src/action/Action.hpp:3,
                 from /home/users/mghavami/y2425-w02-compilation-on-hpc-AminGhavami/precice/precice-3.1.2/src/precice/impl/ParticipantImpl.hpp:10,
                 from /home/users/mghavami/y2425-w02-compilation-on-hpc-AminGhavami/precice/precice-3.1.2/tests/parallel/map-initial-data/helper.hpp:5,
                 from /home/users/mghavami/y2425-w02-compilation-on-hpc-AminGhavami/precice/precice-3.1.2/tests/parallel/map-initial-data/ZeroData.cpp:3:
/opt/apps/resif/aion/2020b/epyc/software/Boost/1.74.0-GCC-10.2.0/include/boost/config/pragma_message.hpp:24:34: note: ‘#pragma message: This header is deprecated. Use <boost/range/iterator.hpp> instead.’
   24 | # define BOOST_PRAGMA_MESSAGE(x) _Pragma(BOOST_STRINGIZE(message(x)))
      |                                  ^~~~~~~
/opt/apps/resif/aion/2020b/epyc/software/Boost/1.74.0-GCC-10.2.0/include/boost/config/pragma_message.hpp:24:34: note: in definition of macro ‘BOOST_PRAGMA_MESSAGE’
   24 | # define BOOST_PRAGMA_MESSAGE(x) _Pragma(BOOST_STRINGIZE(message(x)))
      |                                  ^~~~~~~
/opt/apps/resif/aion/2020b/epyc/software/Boost/1.74.0-GCC-10.2.0/include/boost/range/result_iterator.hpp:20:1: note: in expansion of macro ‘BOOST_HEADER_DEPRECATED’
   20 | BOOST_HEADER_DEPRECATED("<boost/range/iterator.hpp>")
      | ^~~~~~~~~~~~~~~~~~~~~~~
/opt/apps/resif/aion/2020b/epyc/software/Boost/1.74.0-GCC-10.2.0/include/boost/config/pragma_message.hpp:24:34: note: ‘#pragma message: This header is deprecated. Use <boost/range/reverse_iterator.hpp> instead.’
   24 | # define BOOST_PRAGMA_MESSAGE(x) _Pragma(BOOST_STRINGIZE(message(x)))
      |                                  ^~~~~~~
/opt/apps/resif/aion/2020b/epyc/software/Boost/1.74.0-GCC-10.2.0/include/boost/config/pragma_message.hpp:24:34: note: in definition of macro ‘BOOST_PRAGMA_MESSAGE’
   24 | # define BOOST_PRAGMA_MESSAGE(x) _Pragma(BOOST_STRINGIZE(message(x)))
      |                                  ^~~~~~~
/opt/apps/resif/aion/2020b/epyc/software/Boost/1.74.0-GCC-10.2.0/include/boost/range/const_reverse_iterator.hpp:20:1: note: in expansion of macro ‘BOOST_HEADER_DEPRECATED’
   20 | BOOST_HEADER_DEPRECATED("<boost/range/reverse_iterator.hpp>")
      | ^~~~~~~~~~~~~~~~~~~~~~~
/opt/apps/resif/aion/2020b/epyc/software/Boost/1.74.0-GCC-10.2.0/include/boost/config/pragma_message.hpp:24:34: note: ‘#pragma message: This header is deprecated. Use <boost/range/reverse_iterator.hpp> instead.’
   24 | # define BOOST_PRAGMA_MESSAGE(x) _Pragma(BOOST_STRINGIZE(message(x)))
      |                                  ^~~~~~~
/opt/apps/resif/aion/2020b/epyc/software/Boost/1.74.0-GCC-10.2.0/include/boost/config/pragma_message.hpp:24:34: note: in definition of macro ‘BOOST_PRAGMA_MESSAGE’
   24 | # define BOOST_PRAGMA_MESSAGE(x) _Pragma(BOOST_STRINGIZE(message(x)))
      |                                  ^~~~~~~
/opt/apps/resif/aion/2020b/epyc/software/Boost/1.74.0-GCC-10.2.0/include/boost/range/reverse_result_iterator.hpp:20:1: note: in expansion of macro ‘BOOST_HEADER_DEPRECATED’
   20 | BOOST_HEADER_DEPRECATED("<boost/range/reverse_iterator.hpp>")
      | ^~~~~~~~~~~~~~~~~~~~~~~
[ 54%] Building CXX object CMakeFiles/testprecice.dir/tests/quasi-newton/parallel/TestQN1.cpp.o
[ 55%] Building CXX object CMakeFiles/testprecice.dir/tests/quasi-newton/parallel/TestQN10.cpp.o
In file included from /opt/apps/resif/aion/2020b/epyc/software/Boost/1.74.0-GCC-10.2.0/include/boost/config/header_deprecated.hpp:18,
                 from /opt/apps/resif/aion/2020b/epyc/software/Boost/1.74.0-GCC-10.2.0/include/boost/range/result_iterator.hpp:18,
                 from /opt/apps/resif/aion/2020b/epyc/software/Boost/1.74.0-GCC-10.2.0/include/boost/range/metafunctions.hpp:20,
                 from /opt/apps/resif/aion/2020b/epyc/software/Boost/1.74.0-GCC-10.2.0/include/boost/range.hpp:19,
                 from /home/users/mghavami/y2425-w02-compilation-on-hpc-AminGhavami/precice/precice-3.1.2/src/time/Storage.hpp:4,
                 from /home/users/mghavami/y2425-w02-compilation-on-hpc-AminGhavami/precice/precice-3.1.2/src/mesh/Data.hpp:11,
                 from /home/users/mghavami/y2425-w02-compilation-on-hpc-AminGhavami/precice/precice-3.1.2/src/mesh/Mesh.hpp:14,
                 from /home/users/mghavami/y2425-w02-compilation-on-hpc-AminGhavami/precice/precice-3.1.2/src/mapping/Mapping.hpp:6,
                 from /home/users/mghavami/y2425-w02-compilation-on-hpc-AminGhavami/precice/precice-3.1.2/src/action/Action.hpp:3,
                 from /home/users/mghavami/y2425-w02-compilation-on-hpc-AminGhavami/precice/precice-3.1.2/src/action/RecorderAction.hpp:4,
                 from /home/users/mghavami/y2425-w02-compilation-on-hpc-AminGhavami/precice/precice-3.1.2/tests/parallel/mapping-nearest-neighbor-gradient/GradientTestParallelScalar.cpp:14:
/opt/apps/resif/aion/2020b/epyc/software/Boost/1.74.0-GCC-10.2.0/include/boost/config/pragma_message.hpp:24:34: note: ‘#pragma message: This header is deprecated. Use <boost/range/iterator.hpp> instead.’
   24 | # define BOOST_PRAGMA_MESSAGE(x) _Pragma(BOOST_STRINGIZE(message(x)))
      |                                  ^~~~~~~
/opt/apps/resif/aion/2020b/epyc/software/Boost/1.74.0-GCC-10.2.0/include/boost/config/pragma_message.hpp:24:34: note: in definition of macro ‘BOOST_PRAGMA_MESSAGE’
   24 | # define BOOST_PRAGMA_MESSAGE(x) _Pragma(BOOST_STRINGIZE(message(x)))
      |                                  ^~~~~~~
/opt/apps/resif/aion/2020b/epyc/software/Boost/1.74.0-GCC-10.2.0/include/boost/range/result_iterator.hpp:20:1: note: in expansion of macro ‘BOOST_HEADER_DEPRECATED’
   20 | BOOST_HEADER_DEPRECATED("<boost/range/iterator.hpp>")
      | ^~~~~~~~~~~~~~~~~~~~~~~
/opt/apps/resif/aion/2020b/epyc/software/Boost/1.74.0-GCC-10.2.0/include/boost/config/pragma_message.hpp:24:34: note: ‘#pragma message: This header is deprecated. Use <boost/range/reverse_iterator.hpp> instead.’
   24 | # define BOOST_PRAGMA_MESSAGE(x) _Pragma(BOOST_STRINGIZE(message(x)))
      |                                  ^~~~~~~
/opt/apps/resif/aion/2020b/epyc/software/Boost/1.74.0-GCC-10.2.0/include/boost/config/pragma_message.hpp:24:34: note: in definition of macro ‘BOOST_PRAGMA_MESSAGE’
   24 | # define BOOST_PRAGMA_MESSAGE(x) _Pragma(BOOST_STRINGIZE(message(x)))
      |                                  ^~~~~~~
/opt/apps/resif/aion/2020b/epyc/software/Boost/1.74.0-GCC-10.2.0/include/boost/range/const_reverse_iterator.hpp:20:1: note: in expansion of macro ‘BOOST_HEADER_DEPRECATED’
   20 | BOOST_HEADER_DEPRECATED("<boost/range/reverse_iterator.hpp>")
      | ^~~~~~~~~~~~~~~~~~~~~~~
/opt/apps/resif/aion/2020b/epyc/software/Boost/1.74.0-GCC-10.2.0/include/boost/config/pragma_message.hpp:24:34: note: ‘#pragma message: This header is deprecated. Use <boost/range/reverse_iterator.hpp> instead.’
   24 | # define BOOST_PRAGMA_MESSAGE(x) _Pragma(BOOST_STRINGIZE(message(x)))
      |                                  ^~~~~~~
/opt/apps/resif/aion/2020b/epyc/software/Boost/1.74.0-GCC-10.2.0/include/boost/config/pragma_message.hpp:24:34: note: in definition of macro ‘BOOST_PRAGMA_MESSAGE’
   24 | # define BOOST_PRAGMA_MESSAGE(x) _Pragma(BOOST_STRINGIZE(message(x)))
      |                                  ^~~~~~~
/opt/apps/resif/aion/2020b/epyc/software/Boost/1.74.0-GCC-10.2.0/include/boost/range/reverse_result_iterator.hpp:20:1: note: in expansion of macro ‘BOOST_HEADER_DEPRECATED’
   20 | BOOST_HEADER_DEPRECATED("<boost/range/reverse_iterator.hpp>")
      | ^~~~~~~~~~~~~~~~~~~~~~~
[ 55%] Building CXX object CMakeFiles/testprecice.dir/tests/quasi-newton/parallel/TestQN10EmptyPartition.cpp.o
In file included from /opt/apps/resif/aion/2020b/epyc/software/Boost/1.74.0-GCC-10.2.0/include/boost/config/header_deprecated.hpp:18,
                 from /opt/apps/resif/aion/2020b/epyc/software/Boost/1.74.0-GCC-10.2.0/include/boost/range/result_iterator.hpp:18,
                 from /opt/apps/resif/aion/2020b/epyc/software/Boost/1.74.0-GCC-10.2.0/include/boost/range/metafunctions.hpp:20,
                 from /opt/apps/resif/aion/2020b/epyc/software/Boost/1.74.0-GCC-10.2.0/include/boost/range.hpp:19,
                 from /home/users/mghavami/y2425-w02-compilation-on-hpc-AminGhavami/precice/precice-3.1.2/src/time/Storage.hpp:4,
                 from /home/users/mghavami/y2425-w02-compilation-on-hpc-AminGhavami/precice/precice-3.1.2/src/mesh/Data.hpp:11,
                 from /home/users/mghavami/y2425-w02-compilation-on-hpc-AminGhavami/precice/precice-3.1.2/src/mesh/Mesh.hpp:14,
                 from /home/users/mghavami/y2425-w02-compilation-on-hpc-AminGhavami/precice/precice-3.1.2/src/mapping/Mapping.hpp:6,
                 from /home/users/mghavami/y2425-w02-compilation-on-hpc-AminGhavami/precice/precice-3.1.2/src/action/Action.hpp:3,
                 from /home/users/mghavami/y2425-w02-compilation-on-hpc-AminGhavami/precice/precice-3.1.2/src/action/RecorderAction.hpp:4,
                 from /home/users/mghavami/y2425-w02-compilation-on-hpc-AminGhavami/precice/precice-3.1.2/tests/parallel/mapping-nearest-neighbor-gradient/GradientTestParallelVector.cpp:14:
/opt/apps/resif/aion/2020b/epyc/software/Boost/1.74.0-GCC-10.2.0/include/boost/config/pragma_message.hpp:24:34: note: ‘#pragma message: This header is deprecated. Use <boost/range/iterator.hpp> instead.’
   24 | # define BOOST_PRAGMA_MESSAGE(x) _Pragma(BOOST_STRINGIZE(message(x)))
      |                                  ^~~~~~~
/opt/apps/resif/aion/2020b/epyc/software/Boost/1.74.0-GCC-10.2.0/include/boost/config/pragma_message.hpp:24:34: note: in definition of macro ‘BOOST_PRAGMA_MESSAGE’
   24 | # define BOOST_PRAGMA_MESSAGE(x) _Pragma(BOOST_STRINGIZE(message(x)))
      |                                  ^~~~~~~
/opt/apps/resif/aion/2020b/epyc/software/Boost/1.74.0-GCC-10.2.0/include/boost/range/result_iterator.hpp:20:1: note: in expansion of macro ‘BOOST_HEADER_DEPRECATED’
   20 | BOOST_HEADER_DEPRECATED("<boost/range/iterator.hpp>")
      | ^~~~~~~~~~~~~~~~~~~~~~~
/opt/apps/resif/aion/2020b/epyc/software/Boost/1.74.0-GCC-10.2.0/include/boost/config/pragma_message.hpp:24:34: note: ‘#pragma message: This header is deprecated. Use <boost/range/reverse_iterator.hpp> instead.’
   24 | # define BOOST_PRAGMA_MESSAGE(x) _Pragma(BOOST_STRINGIZE(message(x)))
      |                                  ^~~~~~~
/opt/apps/resif/aion/2020b/epyc/software/Boost/1.74.0-GCC-10.2.0/include/boost/config/pragma_message.hpp:24:34: note: in definition of macro ‘BOOST_PRAGMA_MESSAGE’
   24 | # define BOOST_PRAGMA_MESSAGE(x) _Pragma(BOOST_STRINGIZE(message(x)))
      |                                  ^~~~~~~
/opt/apps/resif/aion/2020b/epyc/software/Boost/1.74.0-GCC-10.2.0/include/boost/range/const_reverse_iterator.hpp:20:1: note: in expansion of macro ‘BOOST_HEADER_DEPRECATED’
   20 | BOOST_HEADER_DEPRECATED("<boost/range/reverse_iterator.hpp>")
      | ^~~~~~~~~~~~~~~~~~~~~~~
/opt/apps/resif/aion/2020b/epyc/software/Boost/1.74.0-GCC-10.2.0/include/boost/config/pragma_message.hpp:24:34: note: ‘#pragma message: This header is deprecated. Use <boost/range/reverse_iterator.hpp> instead.’
   24 | # define BOOST_PRAGMA_MESSAGE(x) _Pragma(BOOST_STRINGIZE(message(x)))
      |                                  ^~~~~~~
/opt/apps/resif/aion/2020b/epyc/software/Boost/1.74.0-GCC-10.2.0/include/boost/config/pragma_message.hpp:24:34: note: in definition of macro ‘BOOST_PRAGMA_MESSAGE’
   24 | # define BOOST_PRAGMA_MESSAGE(x) _Pragma(BOOST_STRINGIZE(message(x)))
      |                                  ^~~~~~~
/opt/apps/resif/aion/2020b/epyc/software/Boost/1.74.0-GCC-10.2.0/include/boost/range/reverse_result_iterator.hpp:20:1: note: in expansion of macro ‘BOOST_HEADER_DEPRECATED’
   20 | BOOST_HEADER_DEPRECATED("<boost/range/reverse_iterator.hpp>")
      | ^~~~~~~~~~~~~~~~~~~~~~~
In file included from /opt/apps/resif/aion/2020b/epyc/software/Boost/1.74.0-GCC-10.2.0/include/boost/config/header_deprecated.hpp:18,
                 from /opt/apps/resif/aion/2020b/epyc/software/Boost/1.74.0-GCC-10.2.0/include/boost/range/result_iterator.hpp:18,
                 from /opt/apps/resif/aion/2020b/epyc/software/Boost/1.74.0-GCC-10.2.0/include/boost/range/metafunctions.hpp:20,
                 from /opt/apps/resif/aion/2020b/epyc/software/Boost/1.74.0-GCC-10.2.0/include/boost/range.hpp:19,
                 from /home/users/mghavami/y2425-w02-compilation-on-hpc-AminGhavami/precice/precice-3.1.2/src/time/Storage.hpp:4,
                 from /home/users/mghavami/y2425-w02-compilation-on-hpc-AminGhavami/precice/precice-3.1.2/src/mesh/Data.hpp:11,
                 from /home/users/mghavami/y2425-w02-compilation-on-hpc-AminGhavami/precice/precice-3.1.2/tests/parallel/mapping-nearest-neighbor-gradient/GradientTestParallelWriteVector.cpp:12:
/opt/apps/resif/aion/2020b/epyc/software/Boost/1.74.0-GCC-10.2.0/include/boost/config/pragma_message.hpp:24:34: note: ‘#pragma message: This header is deprecated. Use <boost/range/iterator.hpp> instead.’
   24 | # define BOOST_PRAGMA_MESSAGE(x) _Pragma(BOOST_STRINGIZE(message(x)))
      |                                  ^~~~~~~
/opt/apps/resif/aion/2020b/epyc/software/Boost/1.74.0-GCC-10.2.0/include/boost/config/pragma_message.hpp:24:34: note: in definition of macro ‘BOOST_PRAGMA_MESSAGE’
   24 | # define BOOST_PRAGMA_MESSAGE(x) _Pragma(BOOST_STRINGIZE(message(x)))
      |                                  ^~~~~~~
/opt/apps/resif/aion/2020b/epyc/software/Boost/1.74.0-GCC-10.2.0/include/boost/range/result_iterator.hpp:20:1: note: in expansion of macro ‘BOOST_HEADER_DEPRECATED’
   20 | BOOST_HEADER_DEPRECATED("<boost/range/iterator.hpp>")
      | ^~~~~~~~~~~~~~~~~~~~~~~
/opt/apps/resif/aion/2020b/epyc/software/Boost/1.74.0-GCC-10.2.0/include/boost/config/pragma_message.hpp:24:34: note: ‘#pragma message: This header is deprecated. Use <boost/range/reverse_iterator.hpp> instead.’
   24 | # define BOOST_PRAGMA_MESSAGE(x) _Pragma(BOOST_STRINGIZE(message(x)))
      |                                  ^~~~~~~
/opt/apps/resif/aion/2020b/epyc/software/Boost/1.74.0-GCC-10.2.0/include/boost/config/pragma_message.hpp:24:34: note: in definition of macro ‘BOOST_PRAGMA_MESSAGE’
   24 | # define BOOST_PRAGMA_MESSAGE(x) _Pragma(BOOST_STRINGIZE(message(x)))
      |                                  ^~~~~~~
/opt/apps/resif/aion/2020b/epyc/software/Boost/1.74.0-GCC-10.2.0/include/boost/range/const_reverse_iterator.hpp:20:1: note: in expansion of macro ‘BOOST_HEADER_DEPRECATED’
   20 | BOOST_HEADER_DEPRECATED("<boost/range/reverse_iterator.hpp>")
      | ^~~~~~~~~~~~~~~~~~~~~~~
/opt/apps/resif/aion/2020b/epyc/software/Boost/1.74.0-GCC-10.2.0/include/boost/config/pragma_message.hpp:24:34: note: ‘#pragma message: This header is deprecated. Use <boost/range/reverse_iterator.hpp> instead.’
   24 | # define BOOST_PRAGMA_MESSAGE(x) _Pragma(BOOST_STRINGIZE(message(x)))
      |                                  ^~~~~~~
/opt/apps/resif/aion/2020b/epyc/software/Boost/1.74.0-GCC-10.2.0/include/boost/config/pragma_message.hpp:24:34: note: in definition of macro ‘BOOST_PRAGMA_MESSAGE’
   24 | # define BOOST_PRAGMA_MESSAGE(x) _Pragma(BOOST_STRINGIZE(message(x)))
      |                                  ^~~~~~~
/opt/apps/resif/aion/2020b/epyc/software/Boost/1.74.0-GCC-10.2.0/include/boost/range/reverse_result_iterator.hpp:20:1: note: in expansion of macro ‘BOOST_HEADER_DEPRECATED’
   20 | BOOST_HEADER_DEPRECATED("<boost/range/reverse_iterator.hpp>")
      | ^~~~~~~~~~~~~~~~~~~~~~~
In file included from /opt/apps/resif/aion/2020b/epyc/software/Boost/1.74.0-GCC-10.2.0/include/boost/smart_ptr/detail/sp_thread_sleep.hpp:22,
                 from /opt/apps/resif/aion/2020b/epyc/software/Boost/1.74.0-GCC-10.2.0/include/boost/smart_ptr/detail/yield_k.hpp:23,
                 from /opt/apps/resif/aion/2020b/epyc/software/Boost/1.74.0-GCC-10.2.0/include/boost/smart_ptr/detail/spinlock_gcc_atomic.hpp:14,
                 from /opt/apps/resif/aion/2020b/epyc/software/Boost/1.74.0-GCC-10.2.0/include/boost/smart_ptr/detail/spinlock.hpp:42,
                 from /opt/apps/resif/aion/2020b/epyc/software/Boost/1.74.0-GCC-10.2.0/include/boost/smart_ptr/detail/spinlock_pool.hpp:25,
                 from /opt/apps/resif/aion/2020b/epyc/software/Boost/1.74.0-GCC-10.2.0/include/boost/smart_ptr/shared_ptr.hpp:29,
                 from /opt/apps/resif/aion/2020b/epyc/software/Boost/1.74.0-GCC-10.2.0/include/boost/shared_ptr.hpp:17,
                 from /opt/apps/resif/aion/2020b/epyc/software/Boost/1.74.0-GCC-10.2.0/include/boost/test/tools/assertion_result.hpp:21,
                 from /opt/apps/resif/aion/2020b/epyc/software/Boost/1.74.0-GCC-10.2.0/include/boost/test/tools/old/impl.hpp:20,
                 from /opt/apps/resif/aion/2020b/epyc/software/Boost/1.74.0-GCC-10.2.0/include/boost/test/test_tools.hpp:46,
                 from /opt/apps/resif/aion/2020b/epyc/software/Boost/1.74.0-GCC-10.2.0/include/boost/test/unit_test.hpp:18,
                 from /home/users/mghavami/y2425-w02-compilation-on-hpc-AminGhavami/precice/precice-3.1.2/src/testing/Testing.hpp:4,
                 from /home/users/mghavami/y2425-w02-compilation-on-hpc-AminGhavami/precice/precice-3.1.2/tests/parallel/mapping-volume/ParallelCube1To3.cpp:3:
/opt/apps/resif/aion/2020b/epyc/software/Boost/1.74.0-GCC-10.2.0/include/boost/config/pragma_message.hpp:24:34: note: ‘#pragma message: This header is deprecated. Use <boost/range/iterator.hpp> instead.’
   24 | # define BOOST_PRAGMA_MESSAGE(x) _Pragma(BOOST_STRINGIZE(message(x)))
      |                                  ^~~~~~~
/opt/apps/resif/aion/2020b/epyc/software/Boost/1.74.0-GCC-10.2.0/include/boost/config/header_deprecated.hpp:23:37: note: in expansion of macro ‘BOOST_PRAGMA_MESSAGE’
   23 | # define BOOST_HEADER_DEPRECATED(a) BOOST_PRAGMA_MESSAGE("This header is deprecated. Use " a " instead.")
      |                                     ^~~~~~~~~~~~~~~~~~~~
/opt/apps/resif/aion/2020b/epyc/software/Boost/1.74.0-GCC-10.2.0/include/boost/range/result_iterator.hpp:20:1: note: in expansion of macro ‘BOOST_HEADER_DEPRECATED’
   20 | BOOST_HEADER_DEPRECATED("<boost/range/iterator.hpp>")
      | ^~~~~~~~~~~~~~~~~~~~~~~
/opt/apps/resif/aion/2020b/epyc/software/Boost/1.74.0-GCC-10.2.0/include/boost/config/pragma_message.hpp:24:34: note: ‘#pragma message: This header is deprecated. Use <boost/range/reverse_iterator.hpp> instead.’
   24 | # define BOOST_PRAGMA_MESSAGE(x) _Pragma(BOOST_STRINGIZE(message(x)))
      |                                  ^~~~~~~
/opt/apps/resif/aion/2020b/epyc/software/Boost/1.74.0-GCC-10.2.0/include/boost/config/header_deprecated.hpp:23:37: note: in expansion of macro ‘BOOST_PRAGMA_MESSAGE’
   23 | # define BOOST_HEADER_DEPRECATED(a) BOOST_PRAGMA_MESSAGE("This header is deprecated. Use " a " instead.")
      |                                     ^~~~~~~~~~~~~~~~~~~~
/opt/apps/resif/aion/2020b/epyc/software/Boost/1.74.0-GCC-10.2.0/include/boost/range/const_reverse_iterator.hpp:20:1: note: in expansion of macro ‘BOOST_HEADER_DEPRECATED’
   20 | BOOST_HEADER_DEPRECATED("<boost/range/reverse_iterator.hpp>")
      | ^~~~~~~~~~~~~~~~~~~~~~~
/opt/apps/resif/aion/2020b/epyc/software/Boost/1.74.0-GCC-10.2.0/include/boost/config/pragma_message.hpp:24:34: note: ‘#pragma message: This header is deprecated. Use <boost/range/reverse_iterator.hpp> instead.’
   24 | # define BOOST_PRAGMA_MESSAGE(x) _Pragma(BOOST_STRINGIZE(message(x)))
      |                                  ^~~~~~~
/opt/apps/resif/aion/2020b/epyc/software/Boost/1.74.0-GCC-10.2.0/include/boost/config/header_deprecated.hpp:23:37: note: in expansion of macro ‘BOOST_PRAGMA_MESSAGE’
   23 | # define BOOST_HEADER_DEPRECATED(a) BOOST_PRAGMA_MESSAGE("This header is deprecated. Use " a " instead.")
      |                                     ^~~~~~~~~~~~~~~~~~~~
/opt/apps/resif/aion/2020b/epyc/software/Boost/1.74.0-GCC-10.2.0/include/boost/range/reverse_result_iterator.hpp:20:1: note: in expansion of macro ‘BOOST_HEADER_DEPRECATED’
   20 | BOOST_HEADER_DEPRECATED("<boost/range/reverse_iterator.hpp>")
      | ^~~~~~~~~~~~~~~~~~~~~~~
[ 55%] Building CXX object CMakeFiles/testprecice.dir/tests/quasi-newton/parallel/TestQN1EmptyPartition.cpp.o
In file included from /opt/apps/resif/aion/2020b/epyc/software/Boost/1.74.0-GCC-10.2.0/include/boost/smart_ptr/detail/sp_thread_sleep.hpp:22,
                 from /opt/apps/resif/aion/2020b/epyc/software/Boost/1.74.0-GCC-10.2.0/include/boost/smart_ptr/detail/yield_k.hpp:23,
                 from /opt/apps/resif/aion/2020b/epyc/software/Boost/1.74.0-GCC-10.2.0/include/boost/smart_ptr/detail/spinlock_gcc_atomic.hpp:14,
                 from /opt/apps/resif/aion/2020b/epyc/software/Boost/1.74.0-GCC-10.2.0/include/boost/smart_ptr/detail/spinlock.hpp:42,
                 from /opt/apps/resif/aion/2020b/epyc/software/Boost/1.74.0-GCC-10.2.0/include/boost/smart_ptr/detail/spinlock_pool.hpp:25,
                 from /opt/apps/resif/aion/2020b/epyc/software/Boost/1.74.0-GCC-10.2.0/include/boost/smart_ptr/shared_ptr.hpp:29,
                 from /opt/apps/resif/aion/2020b/epyc/software/Boost/1.74.0-GCC-10.2.0/include/boost/shared_ptr.hpp:17,
                 from /opt/apps/resif/aion/2020b/epyc/software/Boost/1.74.0-GCC-10.2.0/include/boost/test/tools/assertion_result.hpp:21,
                 from /opt/apps/resif/aion/2020b/epyc/software/Boost/1.74.0-GCC-10.2.0/include/boost/test/tools/old/impl.hpp:20,
                 from /opt/apps/resif/aion/2020b/epyc/software/Boost/1.74.0-GCC-10.2.0/include/boost/test/test_tools.hpp:46,
                 from /opt/apps/resif/aion/2020b/epyc/software/Boost/1.74.0-GCC-10.2.0/include/boost/test/unit_test.hpp:18,
                 from /home/users/mghavami/y2425-w02-compilation-on-hpc-AminGhavami/precice/precice-3.1.2/src/testing/Testing.hpp:4,
                 from /home/users/mghavami/y2425-w02-compilation-on-hpc-AminGhavami/precice/precice-3.1.2/tests/parallel/mapping-volume/ParallelCubeConservative3To1.cpp:3:
/opt/apps/resif/aion/2020b/epyc/software/Boost/1.74.0-GCC-10.2.0/include/boost/config/pragma_message.hpp:24:34: note: ‘#pragma message: This header is deprecated. Use <boost/range/iterator.hpp> instead.’
   24 | # define BOOST_PRAGMA_MESSAGE(x) _Pragma(BOOST_STRINGIZE(message(x)))
      |                                  ^~~~~~~
/opt/apps/resif/aion/2020b/epyc/software/Boost/1.74.0-GCC-10.2.0/include/boost/config/header_deprecated.hpp:23:37: note: in expansion of macro ‘BOOST_PRAGMA_MESSAGE’
   23 | # define BOOST_HEADER_DEPRECATED(a) BOOST_PRAGMA_MESSAGE("This header is deprecated. Use " a " instead.")
      |                                     ^~~~~~~~~~~~~~~~~~~~
/opt/apps/resif/aion/2020b/epyc/software/Boost/1.74.0-GCC-10.2.0/include/boost/range/result_iterator.hpp:20:1: note: in expansion of macro ‘BOOST_HEADER_DEPRECATED’
   20 | BOOST_HEADER_DEPRECATED("<boost/range/iterator.hpp>")
      | ^~~~~~~~~~~~~~~~~~~~~~~
/opt/apps/resif/aion/2020b/epyc/software/Boost/1.74.0-GCC-10.2.0/include/boost/config/pragma_message.hpp:24:34: note: ‘#pragma message: This header is deprecated. Use <boost/range/reverse_iterator.hpp> instead.’
   24 | # define BOOST_PRAGMA_MESSAGE(x) _Pragma(BOOST_STRINGIZE(message(x)))
      |                                  ^~~~~~~
/opt/apps/resif/aion/2020b/epyc/software/Boost/1.74.0-GCC-10.2.0/include/boost/config/header_deprecated.hpp:23:37: note: in expansion of macro ‘BOOST_PRAGMA_MESSAGE’
   23 | # define BOOST_HEADER_DEPRECATED(a) BOOST_PRAGMA_MESSAGE("This header is deprecated. Use " a " instead.")
      |                                     ^~~~~~~~~~~~~~~~~~~~
/opt/apps/resif/aion/2020b/epyc/software/Boost/1.74.0-GCC-10.2.0/include/boost/range/const_reverse_iterator.hpp:20:1: note: in expansion of macro ‘BOOST_HEADER_DEPRECATED’
   20 | BOOST_HEADER_DEPRECATED("<boost/range/reverse_iterator.hpp>")
      | ^~~~~~~~~~~~~~~~~~~~~~~
/opt/apps/resif/aion/2020b/epyc/software/Boost/1.74.0-GCC-10.2.0/include/boost/config/pragma_message.hpp:24:34: note: ‘#pragma message: This header is deprecated. Use <boost/range/reverse_iterator.hpp> instead.’
   24 | # define BOOST_PRAGMA_MESSAGE(x) _Pragma(BOOST_STRINGIZE(message(x)))
      |                                  ^~~~~~~
/opt/apps/resif/aion/2020b/epyc/software/Boost/1.74.0-GCC-10.2.0/include/boost/config/header_deprecated.hpp:23:37: note: in expansion of macro ‘BOOST_PRAGMA_MESSAGE’
   23 | # define BOOST_HEADER_DEPRECATED(a) BOOST_PRAGMA_MESSAGE("This header is deprecated. Use " a " instead.")
      |                                     ^~~~~~~~~~~~~~~~~~~~
/opt/apps/resif/aion/2020b/epyc/software/Boost/1.74.0-GCC-10.2.0/include/boost/range/reverse_result_iterator.hpp:20:1: note: in expansion of macro ‘BOOST_HEADER_DEPRECATED’
   20 | BOOST_HEADER_DEPRECATED("<boost/range/reverse_iterator.hpp>")
      | ^~~~~~~~~~~~~~~~~~~~~~~
[ 55%] Building CXX object CMakeFiles/testprecice.dir/tests/quasi-newton/parallel/TestQN2.cpp.o
[ 55%] Building CXX object CMakeFiles/testprecice.dir/tests/quasi-newton/parallel/TestQN2EmptyPartition.cpp.o
[ 56%] Building CXX object CMakeFiles/testprecice.dir/tests/quasi-newton/parallel/TestQN3.cpp.o
[ 56%] Building CXX object CMakeFiles/testprecice.dir/tests/quasi-newton/parallel/TestQN3EmptyPartition.cpp.o
[ 56%] Building CXX object CMakeFiles/testprecice.dir/tests/quasi-newton/parallel/TestQN4.cpp.o
[ 56%] Building CXX object CMakeFiles/testprecice.dir/tests/quasi-newton/parallel/TestQN4EmptyPartition.cpp.o
[ 56%] Building CXX object CMakeFiles/testprecice.dir/tests/quasi-newton/parallel/TestQN5.cpp.o
[ 57%] Building CXX object CMakeFiles/testprecice.dir/tests/quasi-newton/parallel/TestQN5EmptyPartition.cpp.o
[ 57%] Building CXX object CMakeFiles/testprecice.dir/tests/quasi-newton/parallel/TestQN6.cpp.o
[ 57%] Building CXX object CMakeFiles/testprecice.dir/tests/quasi-newton/parallel/TestQN6EmptyPartition.cpp.o
[ 57%] Building CXX object CMakeFiles/testprecice.dir/tests/quasi-newton/parallel/TestQN7.cpp.o
[ 57%] Building CXX object CMakeFiles/testprecice.dir/tests/quasi-newton/parallel/TestQN7EmptyPartition.cpp.o
[ 57%] Building CXX object CMakeFiles/testprecice.dir/tests/quasi-newton/parallel/TestQN8.cpp.o
[ 58%] Building CXX object CMakeFiles/testprecice.dir/tests/quasi-newton/parallel/TestQN8EmptyPartition.cpp.o
[ 58%] Building CXX object CMakeFiles/testprecice.dir/tests/quasi-newton/parallel/TestQN9.cpp.o
[ 58%] Building CXX object CMakeFiles/testprecice.dir/tests/quasi-newton/parallel/TestQN9EmptyPartition.cpp.o
[ 58%] Building CXX object CMakeFiles/testprecice.dir/tests/quasi-newton/serial/DefaultConfig.cpp.o
[ 58%] Building CXX object CMakeFiles/testprecice.dir/tests/quasi-newton/serial/TestQN1.cpp.o
[ 59%] Building CXX object CMakeFiles/testprecice.dir/tests/quasi-newton/serial/TestQN10.cpp.o
[ 59%] Building CXX object CMakeFiles/testprecice.dir/tests/quasi-newton/serial/TestQN2.cpp.o
[ 59%] Building CXX object CMakeFiles/testprecice.dir/tests/quasi-newton/serial/TestQN3.cpp.o
[ 59%] Building CXX object CMakeFiles/testprecice.dir/tests/quasi-newton/serial/TestQN4.cpp.o
[ 59%] Building CXX object CMakeFiles/testprecice.dir/tests/quasi-newton/serial/TestQN5.cpp.o
[ 60%] Building CXX object CMakeFiles/testprecice.dir/tests/quasi-newton/serial/TestQN6.cpp.o
[ 60%] Building CXX object CMakeFiles/testprecice.dir/tests/quasi-newton/serial/TestQN8.cpp.o
[ 60%] Building CXX object CMakeFiles/testprecice.dir/tests/quasi-newton/serial/TestQN7.cpp.o
[ 60%] Building CXX object CMakeFiles/testprecice.dir/tests/quasi-newton/serial/TestQN9.cpp.o
[ 60%] Building CXX object CMakeFiles/testprecice.dir/tests/serial/AitkenAcceleration.cpp.o
[ 60%] Building CXX object CMakeFiles/testprecice.dir/tests/serial/ImplicitCheckpointing.cpp.o
[ 61%] Building CXX object CMakeFiles/testprecice.dir/tests/serial/PreconditionerBug.cpp.o
[ 61%] Building CXX object CMakeFiles/testprecice.dir/tests/serial/SendMeshToMultipleParticipants.cpp.o
[ 61%] Building CXX object CMakeFiles/testprecice.dir/tests/serial/SummationActionTwoSources.cpp.o
[ 61%] Building CXX object CMakeFiles/testprecice.dir/tests/serial/TestExplicitWithDataMultipleReadWrite.cpp.o
[ 61%] Building CXX object CMakeFiles/testprecice.dir/tests/serial/TestExplicitWithSolverGeometry.cpp.o
[ 62%] Building CXX object CMakeFiles/testprecice.dir/tests/serial/TestImplicit.cpp.o
[ 62%] Building CXX object CMakeFiles/testprecice.dir/tests/serial/TestReadAPI.cpp.o
[ 62%] Building CXX object CMakeFiles/testprecice.dir/tests/serial/action-timings/ActionTimingsParallelExplicit.cpp.o
[ 62%] Building CXX object CMakeFiles/testprecice.dir/tests/serial/action-timings/ActionTimingsParallelImplicit.cpp.o
[ 62%] Building CXX object CMakeFiles/testprecice.dir/tests/serial/action-timings/ActionTimingsSerialExplicit.cpp.o
[ 62%] Building CXX object CMakeFiles/testprecice.dir/tests/serial/action-timings/ActionTimingsSerialImplicit.cpp.o
[ 63%] Building CXX object CMakeFiles/testprecice.dir/tests/serial/circular/Explicit.cpp.o
[ 63%] Building CXX object CMakeFiles/testprecice.dir/tests/serial/compositional/OneActivatedMuscle.cpp.o
[ 63%] Building CXX object CMakeFiles/testprecice.dir/tests/serial/compositional/TwoActivatedMuscles.cpp.o
[ 63%] Building CXX object CMakeFiles/testprecice.dir/tests/serial/compositional/data/implicit-first/AllParallel.cpp.o
[ 63%] Building CXX object CMakeFiles/testprecice.dir/tests/serial/compositional/data/implicit-first/Parallel.cpp.o
[ 64%] Building CXX object CMakeFiles/testprecice.dir/tests/serial/compositional/data/implicit-first/SerialFirst.cpp.o
[ 64%] Building CXX object CMakeFiles/testprecice.dir/tests/serial/compositional/data/implicit-first/SerialSecond.cpp.o
[ 64%] Building CXX object CMakeFiles/testprecice.dir/tests/serial/compositional/data/implicit-second/AllParallel.cpp.o
In file included from /opt/apps/resif/aion/2020b/epyc/software/Boost/1.74.0-GCC-10.2.0/include/boost/smart_ptr/detail/sp_thread_sleep.hpp:22,
                 from /opt/apps/resif/aion/2020b/epyc/software/Boost/1.74.0-GCC-10.2.0/include/boost/smart_ptr/detail/yield_k.hpp:23,
                 from /opt/apps/resif/aion/2020b/epyc/software/Boost/1.74.0-GCC-10.2.0/include/boost/smart_ptr/detail/spinlock_gcc_atomic.hpp:14,
                 from /opt/apps/resif/aion/2020b/epyc/software/Boost/1.74.0-GCC-10.2.0/include/boost/smart_ptr/detail/spinlock.hpp:42,
                 from /opt/apps/resif/aion/2020b/epyc/software/Boost/1.74.0-GCC-10.2.0/include/boost/smart_ptr/detail/spinlock_pool.hpp:25,
                 from /opt/apps/resif/aion/2020b/epyc/software/Boost/1.74.0-GCC-10.2.0/include/boost/smart_ptr/shared_ptr.hpp:29,
                 from /opt/apps/resif/aion/2020b/epyc/software/Boost/1.74.0-GCC-10.2.0/include/boost/shared_ptr.hpp:17,
                 from /opt/apps/resif/aion/2020b/epyc/software/Boost/1.74.0-GCC-10.2.0/include/boost/test/tools/assertion_result.hpp:21,
                 from /opt/apps/resif/aion/2020b/epyc/software/Boost/1.74.0-GCC-10.2.0/include/boost/test/tools/old/impl.hpp:20,
                 from /opt/apps/resif/aion/2020b/epyc/software/Boost/1.74.0-GCC-10.2.0/include/boost/test/test_tools.hpp:46,
                 from /opt/apps/resif/aion/2020b/epyc/software/Boost/1.74.0-GCC-10.2.0/include/boost/test/unit_test.hpp:18,
                 from /home/users/mghavami/y2425-w02-compilation-on-hpc-AminGhavami/precice/precice-3.1.2/src/testing/Testing.hpp:4,
                 from /home/users/mghavami/y2425-w02-compilation-on-hpc-AminGhavami/precice/precice-3.1.2/tests/serial/action-timings/ActionTimingsParallelExplicit.cpp:3:
/opt/apps/resif/aion/2020b/epyc/software/Boost/1.74.0-GCC-10.2.0/include/boost/config/pragma_message.hpp:24:34: note: ‘#pragma message: This header is deprecated. Use <boost/range/iterator.hpp> instead.’
   24 | # define BOOST_PRAGMA_MESSAGE(x) _Pragma(BOOST_STRINGIZE(message(x)))
      |                                  ^~~~~~~
/opt/apps/resif/aion/2020b/epyc/software/Boost/1.74.0-GCC-10.2.0/include/boost/config/header_deprecated.hpp:23:37: note: in expansion of macro ‘BOOST_PRAGMA_MESSAGE’
   23 | # define BOOST_HEADER_DEPRECATED(a) BOOST_PRAGMA_MESSAGE("This header is deprecated. Use " a " instead.")
      |                                     ^~~~~~~~~~~~~~~~~~~~
/opt/apps/resif/aion/2020b/epyc/software/Boost/1.74.0-GCC-10.2.0/include/boost/range/result_iterator.hpp:20:1: note: in expansion of macro ‘BOOST_HEADER_DEPRECATED’
   20 | BOOST_HEADER_DEPRECATED("<boost/range/iterator.hpp>")
      | ^~~~~~~~~~~~~~~~~~~~~~~
/opt/apps/resif/aion/2020b/epyc/software/Boost/1.74.0-GCC-10.2.0/include/boost/config/pragma_message.hpp:24:34: note: ‘#pragma message: This header is deprecated. Use <boost/range/reverse_iterator.hpp> instead.’
   24 | # define BOOST_PRAGMA_MESSAGE(x) _Pragma(BOOST_STRINGIZE(message(x)))
      |                                  ^~~~~~~
/opt/apps/resif/aion/2020b/epyc/software/Boost/1.74.0-GCC-10.2.0/include/boost/config/header_deprecated.hpp:23:37: note: in expansion of macro ‘BOOST_PRAGMA_MESSAGE’
   23 | # define BOOST_HEADER_DEPRECATED(a) BOOST_PRAGMA_MESSAGE("This header is deprecated. Use " a " instead.")
      |                                     ^~~~~~~~~~~~~~~~~~~~
/opt/apps/resif/aion/2020b/epyc/software/Boost/1.74.0-GCC-10.2.0/include/boost/range/const_reverse_iterator.hpp:20:1: note: in expansion of macro ‘BOOST_HEADER_DEPRECATED’
   20 | BOOST_HEADER_DEPRECATED("<boost/range/reverse_iterator.hpp>")
      | ^~~~~~~~~~~~~~~~~~~~~~~
/opt/apps/resif/aion/2020b/epyc/software/Boost/1.74.0-GCC-10.2.0/include/boost/config/pragma_message.hpp:24:34: note: ‘#pragma message: This header is deprecated. Use <boost/range/reverse_iterator.hpp> instead.’
   24 | # define BOOST_PRAGMA_MESSAGE(x) _Pragma(BOOST_STRINGIZE(message(x)))
      |                                  ^~~~~~~
/opt/apps/resif/aion/2020b/epyc/software/Boost/1.74.0-GCC-10.2.0/include/boost/config/header_deprecated.hpp:23:37: note: in expansion of macro ‘BOOST_PRAGMA_MESSAGE’
   23 | # define BOOST_HEADER_DEPRECATED(a) BOOST_PRAGMA_MESSAGE("This header is deprecated. Use " a " instead.")
      |                                     ^~~~~~~~~~~~~~~~~~~~
/opt/apps/resif/aion/2020b/epyc/software/Boost/1.74.0-GCC-10.2.0/include/boost/range/reverse_result_iterator.hpp:20:1: note: in expansion of macro ‘BOOST_HEADER_DEPRECATED’
   20 | BOOST_HEADER_DEPRECATED("<boost/range/reverse_iterator.hpp>")
      | ^~~~~~~~~~~~~~~~~~~~~~~
[ 64%] Building CXX object CMakeFiles/testprecice.dir/tests/serial/compositional/data/implicit-second/Parallel.cpp.o
[ 64%] Building CXX object CMakeFiles/testprecice.dir/tests/serial/compositional/data/implicit-second/SerialFirst.cpp.o
In file included from /opt/apps/resif/aion/2020b/epyc/software/Boost/1.74.0-GCC-10.2.0/include/boost/smart_ptr/detail/sp_thread_sleep.hpp:22,
                 from /opt/apps/resif/aion/2020b/epyc/software/Boost/1.74.0-GCC-10.2.0/include/boost/smart_ptr/detail/yield_k.hpp:23,
                 from /opt/apps/resif/aion/2020b/epyc/software/Boost/1.74.0-GCC-10.2.0/include/boost/smart_ptr/detail/spinlock_gcc_atomic.hpp:14,
                 from /opt/apps/resif/aion/2020b/epyc/software/Boost/1.74.0-GCC-10.2.0/include/boost/smart_ptr/detail/spinlock.hpp:42,
                 from /opt/apps/resif/aion/2020b/epyc/software/Boost/1.74.0-GCC-10.2.0/include/boost/smart_ptr/detail/spinlock_pool.hpp:25,
                 from /opt/apps/resif/aion/2020b/epyc/software/Boost/1.74.0-GCC-10.2.0/include/boost/smart_ptr/shared_ptr.hpp:29,
                 from /opt/apps/resif/aion/2020b/epyc/software/Boost/1.74.0-GCC-10.2.0/include/boost/shared_ptr.hpp:17,
                 from /opt/apps/resif/aion/2020b/epyc/software/Boost/1.74.0-GCC-10.2.0/include/boost/test/tools/assertion_result.hpp:21,
                 from /opt/apps/resif/aion/2020b/epyc/software/Boost/1.74.0-GCC-10.2.0/include/boost/test/tools/old/impl.hpp:20,
                 from /opt/apps/resif/aion/2020b/epyc/software/Boost/1.74.0-GCC-10.2.0/include/boost/test/test_tools.hpp:46,
                 from /opt/apps/resif/aion/2020b/epyc/software/Boost/1.74.0-GCC-10.2.0/include/boost/test/unit_test.hpp:18,
                 from /home/users/mghavami/y2425-w02-compilation-on-hpc-AminGhavami/precice/precice-3.1.2/src/testing/Testing.hpp:4,
                 from /home/users/mghavami/y2425-w02-compilation-on-hpc-AminGhavami/precice/precice-3.1.2/tests/serial/action-timings/ActionTimingsParallelImplicit.cpp:3:
/opt/apps/resif/aion/2020b/epyc/software/Boost/1.74.0-GCC-10.2.0/include/boost/config/pragma_message.hpp:24:34: note: ‘#pragma message: This header is deprecated. Use <boost/range/iterator.hpp> instead.’
   24 | # define BOOST_PRAGMA_MESSAGE(x) _Pragma(BOOST_STRINGIZE(message(x)))
      |                                  ^~~~~~~
/opt/apps/resif/aion/2020b/epyc/software/Boost/1.74.0-GCC-10.2.0/include/boost/config/header_deprecated.hpp:23:37: note: in expansion of macro ‘BOOST_PRAGMA_MESSAGE’
   23 | # define BOOST_HEADER_DEPRECATED(a) BOOST_PRAGMA_MESSAGE("This header is deprecated. Use " a " instead.")
      |                                     ^~~~~~~~~~~~~~~~~~~~
/opt/apps/resif/aion/2020b/epyc/software/Boost/1.74.0-GCC-10.2.0/include/boost/range/result_iterator.hpp:20:1: note: in expansion of macro ‘BOOST_HEADER_DEPRECATED’
   20 | BOOST_HEADER_DEPRECATED("<boost/range/iterator.hpp>")
      | ^~~~~~~~~~~~~~~~~~~~~~~
/opt/apps/resif/aion/2020b/epyc/software/Boost/1.74.0-GCC-10.2.0/include/boost/config/pragma_message.hpp:24:34: note: ‘#pragma message: This header is deprecated. Use <boost/range/reverse_iterator.hpp> instead.’
   24 | # define BOOST_PRAGMA_MESSAGE(x) _Pragma(BOOST_STRINGIZE(message(x)))
      |                                  ^~~~~~~
/opt/apps/resif/aion/2020b/epyc/software/Boost/1.74.0-GCC-10.2.0/include/boost/config/header_deprecated.hpp:23:37: note: in expansion of macro ‘BOOST_PRAGMA_MESSAGE’
   23 | # define BOOST_HEADER_DEPRECATED(a) BOOST_PRAGMA_MESSAGE("This header is deprecated. Use " a " instead.")
      |                                     ^~~~~~~~~~~~~~~~~~~~
/opt/apps/resif/aion/2020b/epyc/software/Boost/1.74.0-GCC-10.2.0/include/boost/range/const_reverse_iterator.hpp:20:1: note: in expansion of macro ‘BOOST_HEADER_DEPRECATED’
   20 | BOOST_HEADER_DEPRECATED("<boost/range/reverse_iterator.hpp>")
      | ^~~~~~~~~~~~~~~~~~~~~~~
/opt/apps/resif/aion/2020b/epyc/software/Boost/1.74.0-GCC-10.2.0/include/boost/config/pragma_message.hpp:24:34: note: ‘#pragma message: This header is deprecated. Use <boost/range/reverse_iterator.hpp> instead.’
   24 | # define BOOST_PRAGMA_MESSAGE(x) _Pragma(BOOST_STRINGIZE(message(x)))
      |                                  ^~~~~~~
/opt/apps/resif/aion/2020b/epyc/software/Boost/1.74.0-GCC-10.2.0/include/boost/config/header_deprecated.hpp:23:37: note: in expansion of macro ‘BOOST_PRAGMA_MESSAGE’
   23 | # define BOOST_HEADER_DEPRECATED(a) BOOST_PRAGMA_MESSAGE("This header is deprecated. Use " a " instead.")
      |                                     ^~~~~~~~~~~~~~~~~~~~
/opt/apps/resif/aion/2020b/epyc/software/Boost/1.74.0-GCC-10.2.0/include/boost/range/reverse_result_iterator.hpp:20:1: note: in expansion of macro ‘BOOST_HEADER_DEPRECATED’
   20 | BOOST_HEADER_DEPRECATED("<boost/range/reverse_iterator.hpp>")
      | ^~~~~~~~~~~~~~~~~~~~~~~
[ 65%] Building CXX object CMakeFiles/testprecice.dir/tests/serial/compositional/data/implicit-second/SerialSecond.cpp.o
In file included from /opt/apps/resif/aion/2020b/epyc/software/Boost/1.74.0-GCC-10.2.0/include/boost/smart_ptr/detail/sp_thread_sleep.hpp:22,
                 from /opt/apps/resif/aion/2020b/epyc/software/Boost/1.74.0-GCC-10.2.0/include/boost/smart_ptr/detail/yield_k.hpp:23,
                 from /opt/apps/resif/aion/2020b/epyc/software/Boost/1.74.0-GCC-10.2.0/include/boost/smart_ptr/detail/spinlock_gcc_atomic.hpp:14,
                 from /opt/apps/resif/aion/2020b/epyc/software/Boost/1.74.0-GCC-10.2.0/include/boost/smart_ptr/detail/spinlock.hpp:42,
                 from /opt/apps/resif/aion/2020b/epyc/software/Boost/1.74.0-GCC-10.2.0/include/boost/smart_ptr/detail/spinlock_pool.hpp:25,
                 from /opt/apps/resif/aion/2020b/epyc/software/Boost/1.74.0-GCC-10.2.0/include/boost/smart_ptr/shared_ptr.hpp:29,
                 from /opt/apps/resif/aion/2020b/epyc/software/Boost/1.74.0-GCC-10.2.0/include/boost/shared_ptr.hpp:17,
                 from /opt/apps/resif/aion/2020b/epyc/software/Boost/1.74.0-GCC-10.2.0/include/boost/test/tools/assertion_result.hpp:21,
                 from /opt/apps/resif/aion/2020b/epyc/software/Boost/1.74.0-GCC-10.2.0/include/boost/test/tools/old/impl.hpp:20,
                 from /opt/apps/resif/aion/2020b/epyc/software/Boost/1.74.0-GCC-10.2.0/include/boost/test/test_tools.hpp:46,
                 from /opt/apps/resif/aion/2020b/epyc/software/Boost/1.74.0-GCC-10.2.0/include/boost/test/unit_test.hpp:18,
                 from /home/users/mghavami/y2425-w02-compilation-on-hpc-AminGhavami/precice/precice-3.1.2/src/testing/Testing.hpp:4,
                 from /home/users/mghavami/y2425-w02-compilation-on-hpc-AminGhavami/precice/precice-3.1.2/tests/serial/action-timings/ActionTimingsSerialExplicit.cpp:3:
/opt/apps/resif/aion/2020b/epyc/software/Boost/1.74.0-GCC-10.2.0/include/boost/config/pragma_message.hpp:24:34: note: ‘#pragma message: This header is deprecated. Use <boost/range/iterator.hpp> instead.’
   24 | # define BOOST_PRAGMA_MESSAGE(x) _Pragma(BOOST_STRINGIZE(message(x)))
      |                                  ^~~~~~~
/opt/apps/resif/aion/2020b/epyc/software/Boost/1.74.0-GCC-10.2.0/include/boost/config/header_deprecated.hpp:23:37: note: in expansion of macro ‘BOOST_PRAGMA_MESSAGE’
   23 | # define BOOST_HEADER_DEPRECATED(a) BOOST_PRAGMA_MESSAGE("This header is deprecated. Use " a " instead.")
      |                                     ^~~~~~~~~~~~~~~~~~~~
/opt/apps/resif/aion/2020b/epyc/software/Boost/1.74.0-GCC-10.2.0/include/boost/range/result_iterator.hpp:20:1: note: in expansion of macro ‘BOOST_HEADER_DEPRECATED’
   20 | BOOST_HEADER_DEPRECATED("<boost/range/iterator.hpp>")
      | ^~~~~~~~~~~~~~~~~~~~~~~
/opt/apps/resif/aion/2020b/epyc/software/Boost/1.74.0-GCC-10.2.0/include/boost/config/pragma_message.hpp:24:34: note: ‘#pragma message: This header is deprecated. Use <boost/range/reverse_iterator.hpp> instead.’
   24 | # define BOOST_PRAGMA_MESSAGE(x) _Pragma(BOOST_STRINGIZE(message(x)))
      |                                  ^~~~~~~
/opt/apps/resif/aion/2020b/epyc/software/Boost/1.74.0-GCC-10.2.0/include/boost/config/header_deprecated.hpp:23:37: note: in expansion of macro ‘BOOST_PRAGMA_MESSAGE’
   23 | # define BOOST_HEADER_DEPRECATED(a) BOOST_PRAGMA_MESSAGE("This header is deprecated. Use " a " instead.")
      |                                     ^~~~~~~~~~~~~~~~~~~~
/opt/apps/resif/aion/2020b/epyc/software/Boost/1.74.0-GCC-10.2.0/include/boost/range/const_reverse_iterator.hpp:20:1: note: in expansion of macro ‘BOOST_HEADER_DEPRECATED’
   20 | BOOST_HEADER_DEPRECATED("<boost/range/reverse_iterator.hpp>")
      | ^~~~~~~~~~~~~~~~~~~~~~~
/opt/apps/resif/aion/2020b/epyc/software/Boost/1.74.0-GCC-10.2.0/include/boost/config/pragma_message.hpp:24:34: note: ‘#pragma message: This header is deprecated. Use <boost/range/reverse_iterator.hpp> instead.’
   24 | # define BOOST_PRAGMA_MESSAGE(x) _Pragma(BOOST_STRINGIZE(message(x)))
      |                                  ^~~~~~~
/opt/apps/resif/aion/2020b/epyc/software/Boost/1.74.0-GCC-10.2.0/include/boost/config/header_deprecated.hpp:23:37: note: in expansion of macro ‘BOOST_PRAGMA_MESSAGE’
   23 | # define BOOST_HEADER_DEPRECATED(a) BOOST_PRAGMA_MESSAGE("This header is deprecated. Use " a " instead.")
      |                                     ^~~~~~~~~~~~~~~~~~~~
/opt/apps/resif/aion/2020b/epyc/software/Boost/1.74.0-GCC-10.2.0/include/boost/range/reverse_result_iterator.hpp:20:1: note: in expansion of macro ‘BOOST_HEADER_DEPRECATED’
   20 | BOOST_HEADER_DEPRECATED("<boost/range/reverse_iterator.hpp>")
      | ^~~~~~~~~~~~~~~~~~~~~~~
[ 65%] Building CXX object CMakeFiles/testprecice.dir/tests/serial/convergence-measures/helpers.cpp.o
[ 65%] Building CXX object CMakeFiles/testprecice.dir/tests/serial/convergence-measures/testConvergenceMeasures1.cpp.o
In file included from /opt/apps/resif/aion/2020b/epyc/software/Boost/1.74.0-GCC-10.2.0/include/boost/smart_ptr/detail/sp_thread_sleep.hpp:22,
                 from /opt/apps/resif/aion/2020b/epyc/software/Boost/1.74.0-GCC-10.2.0/include/boost/smart_ptr/detail/yield_k.hpp:23,
                 from /opt/apps/resif/aion/2020b/epyc/software/Boost/1.74.0-GCC-10.2.0/include/boost/smart_ptr/detail/spinlock_gcc_atomic.hpp:14,
                 from /opt/apps/resif/aion/2020b/epyc/software/Boost/1.74.0-GCC-10.2.0/include/boost/smart_ptr/detail/spinlock.hpp:42,
                 from /opt/apps/resif/aion/2020b/epyc/software/Boost/1.74.0-GCC-10.2.0/include/boost/smart_ptr/detail/spinlock_pool.hpp:25,
                 from /opt/apps/resif/aion/2020b/epyc/software/Boost/1.74.0-GCC-10.2.0/include/boost/smart_ptr/shared_ptr.hpp:29,
                 from /opt/apps/resif/aion/2020b/epyc/software/Boost/1.74.0-GCC-10.2.0/include/boost/shared_ptr.hpp:17,
                 from /opt/apps/resif/aion/2020b/epyc/software/Boost/1.74.0-GCC-10.2.0/include/boost/test/tools/assertion_result.hpp:21,
                 from /opt/apps/resif/aion/2020b/epyc/software/Boost/1.74.0-GCC-10.2.0/include/boost/test/tools/old/impl.hpp:20,
                 from /opt/apps/resif/aion/2020b/epyc/software/Boost/1.74.0-GCC-10.2.0/include/boost/test/test_tools.hpp:46,
                 from /opt/apps/resif/aion/2020b/epyc/software/Boost/1.74.0-GCC-10.2.0/include/boost/test/unit_test.hpp:18,
                 from /home/users/mghavami/y2425-w02-compilation-on-hpc-AminGhavami/precice/precice-3.1.2/src/testing/Testing.hpp:4,
                 from /home/users/mghavami/y2425-w02-compilation-on-hpc-AminGhavami/precice/precice-3.1.2/tests/serial/action-timings/ActionTimingsSerialImplicit.cpp:3:
/opt/apps/resif/aion/2020b/epyc/software/Boost/1.74.0-GCC-10.2.0/include/boost/config/pragma_message.hpp:24:34: note: ‘#pragma message: This header is deprecated. Use <boost/range/iterator.hpp> instead.’
   24 | # define BOOST_PRAGMA_MESSAGE(x) _Pragma(BOOST_STRINGIZE(message(x)))
      |                                  ^~~~~~~
/opt/apps/resif/aion/2020b/epyc/software/Boost/1.74.0-GCC-10.2.0/include/boost/config/header_deprecated.hpp:23:37: note: in expansion of macro ‘BOOST_PRAGMA_MESSAGE’
   23 | # define BOOST_HEADER_DEPRECATED(a) BOOST_PRAGMA_MESSAGE("This header is deprecated. Use " a " instead.")
      |                                     ^~~~~~~~~~~~~~~~~~~~
/opt/apps/resif/aion/2020b/epyc/software/Boost/1.74.0-GCC-10.2.0/include/boost/range/result_iterator.hpp:20:1: note: in expansion of macro ‘BOOST_HEADER_DEPRECATED’
   20 | BOOST_HEADER_DEPRECATED("<boost/range/iterator.hpp>")
      | ^~~~~~~~~~~~~~~~~~~~~~~
/opt/apps/resif/aion/2020b/epyc/software/Boost/1.74.0-GCC-10.2.0/include/boost/config/pragma_message.hpp:24:34: note: ‘#pragma message: This header is deprecated. Use <boost/range/reverse_iterator.hpp> instead.’
   24 | # define BOOST_PRAGMA_MESSAGE(x) _Pragma(BOOST_STRINGIZE(message(x)))
      |                                  ^~~~~~~
/opt/apps/resif/aion/2020b/epyc/software/Boost/1.74.0-GCC-10.2.0/include/boost/config/header_deprecated.hpp:23:37: note: in expansion of macro ‘BOOST_PRAGMA_MESSAGE’
   23 | # define BOOST_HEADER_DEPRECATED(a) BOOST_PRAGMA_MESSAGE("This header is deprecated. Use " a " instead.")
      |                                     ^~~~~~~~~~~~~~~~~~~~
/opt/apps/resif/aion/2020b/epyc/software/Boost/1.74.0-GCC-10.2.0/include/boost/range/const_reverse_iterator.hpp:20:1: note: in expansion of macro ‘BOOST_HEADER_DEPRECATED’
   20 | BOOST_HEADER_DEPRECATED("<boost/range/reverse_iterator.hpp>")
      | ^~~~~~~~~~~~~~~~~~~~~~~
/opt/apps/resif/aion/2020b/epyc/software/Boost/1.74.0-GCC-10.2.0/include/boost/config/pragma_message.hpp:24:34: note: ‘#pragma message: This header is deprecated. Use <boost/range/reverse_iterator.hpp> instead.’
   24 | # define BOOST_PRAGMA_MESSAGE(x) _Pragma(BOOST_STRINGIZE(message(x)))
      |                                  ^~~~~~~
/opt/apps/resif/aion/2020b/epyc/software/Boost/1.74.0-GCC-10.2.0/include/boost/config/header_deprecated.hpp:23:37: note: in expansion of macro ‘BOOST_PRAGMA_MESSAGE’
   23 | # define BOOST_HEADER_DEPRECATED(a) BOOST_PRAGMA_MESSAGE("This header is deprecated. Use " a " instead.")
      |                                     ^~~~~~~~~~~~~~~~~~~~
/opt/apps/resif/aion/2020b/epyc/software/Boost/1.74.0-GCC-10.2.0/include/boost/range/reverse_result_iterator.hpp:20:1: note: in expansion of macro ‘BOOST_HEADER_DEPRECATED’
   20 | BOOST_HEADER_DEPRECATED("<boost/range/reverse_iterator.hpp>")
      | ^~~~~~~~~~~~~~~~~~~~~~~
[ 65%] Building CXX object CMakeFiles/testprecice.dir/tests/serial/convergence-measures/testConvergenceMeasures2.cpp.o
[ 65%] Building CXX object CMakeFiles/testprecice.dir/tests/serial/convergence-measures/testConvergenceMeasures3.cpp.o
[ 65%] Building CXX object CMakeFiles/testprecice.dir/tests/serial/convergence-measures/testConvergenceMeasures4.cpp.o
[ 66%] Building CXX object CMakeFiles/testprecice.dir/tests/serial/direct-mesh-access/DirectAccessReadWrite.cpp.o
[ 66%] Building CXX object CMakeFiles/testprecice.dir/tests/serial/direct-mesh-access/DirectAccessWithDataInitialization.cpp.o
[ 66%] Building CXX object CMakeFiles/testprecice.dir/tests/serial/direct-mesh-access/DirectAccessWithWaveform.cpp.o
[ 66%] Building CXX object CMakeFiles/testprecice.dir/tests/serial/direct-mesh-access/Explicit.cpp.o
[ 66%] Building CXX object CMakeFiles/testprecice.dir/tests/serial/direct-mesh-access/ExplicitAndMapping.cpp.o
[ 67%] Building CXX object CMakeFiles/testprecice.dir/tests/serial/direct-mesh-access/ExplicitRead.cpp.o
[ 67%] Building CXX object CMakeFiles/testprecice.dir/tests/serial/direct-mesh-access/Implicit.cpp.o
[ 67%] Building CXX object CMakeFiles/testprecice.dir/tests/serial/explicit/TestExplicitMPI.cpp.o
[ 67%] Building CXX object CMakeFiles/testprecice.dir/tests/serial/explicit/TestExplicitMPISingle.cpp.o
[ 67%] Building CXX object CMakeFiles/testprecice.dir/tests/serial/explicit/TestExplicitSockets.cpp.o
[ 68%] Building CXX object CMakeFiles/testprecice.dir/tests/serial/explicit/helpers.cpp.o
[ 68%] Building CXX object CMakeFiles/testprecice.dir/tests/serial/initialize-data/Explicit.cpp.o
[ 68%] Building CXX object CMakeFiles/testprecice.dir/tests/serial/initialize-data/Implicit.cpp.o
[ 68%] Building CXX object CMakeFiles/testprecice.dir/tests/serial/initialize-data/ImplicitBoth.cpp.o
[ 68%] Building CXX object CMakeFiles/testprecice.dir/tests/serial/initialize-data/ReadMapping.cpp.o
[ 68%] Building CXX object CMakeFiles/testprecice.dir/tests/serial/initialize-data/WriteMapping.cpp.o
[ 69%] Building CXX object CMakeFiles/testprecice.dir/tests/serial/initialize-data/helpers.cpp.o
[ 69%] Building CXX object CMakeFiles/testprecice.dir/tests/serial/lifecycle/ConstructAndExplicitFinalize.cpp.o
[ 69%] Building CXX object CMakeFiles/testprecice.dir/tests/serial/lifecycle/ConstructOnly.cpp.o
[ 69%] Building CXX object CMakeFiles/testprecice.dir/tests/serial/lifecycle/ConstructOnlyWait.cpp.o
[ 69%] Building CXX object CMakeFiles/testprecice.dir/tests/serial/lifecycle/Full.cpp.o
[ 70%] Building CXX object CMakeFiles/testprecice.dir/tests/serial/lifecycle/FullWait.cpp.o
[ 70%] Building CXX object CMakeFiles/testprecice.dir/tests/serial/lifecycle/ImplicitFinalize.cpp.o
[ 70%] Building CXX object CMakeFiles/testprecice.dir/tests/serial/lifecycle/reconstruction/ConstructOnly.cpp.o
[ 70%] Building CXX object CMakeFiles/testprecice.dir/tests/serial/lifecycle/reconstruction/Full.cpp.o
[ 70%] Building CXX object CMakeFiles/testprecice.dir/tests/serial/lifecycle/reconstruction/ImplicitFinalize.cpp.o
[ 71%] Building CXX object CMakeFiles/testprecice.dir/tests/serial/map-if-necessary/three-solvers/mixed-substeps/Multi.cpp.o
[ 71%] Building CXX object CMakeFiles/testprecice.dir/tests/serial/map-if-necessary/three-solvers/mixed-substeps/ParallelExplicit.cpp.o
[ 71%] Building CXX object CMakeFiles/testprecice.dir/tests/serial/map-if-necessary/three-solvers/mixed-substeps/ParallelImplicit.cpp.o
[ 71%] Building CXX object CMakeFiles/testprecice.dir/tests/serial/map-if-necessary/three-solvers/mixed-substeps/SerialExplicit.cpp.o
[ 71%] Building CXX object CMakeFiles/testprecice.dir/tests/serial/map-if-necessary/three-solvers/mixed-substeps/SerialImplicit.cpp.o
[ 71%] Building CXX object CMakeFiles/testprecice.dir/tests/serial/map-if-necessary/three-solvers/with-substeps/Multi.cpp.o
[ 72%] Building CXX object CMakeFiles/testprecice.dir/tests/serial/map-if-necessary/three-solvers/with-substeps/ParallelExplicit.cpp.o
[ 72%] Building CXX object CMakeFiles/testprecice.dir/tests/serial/map-if-necessary/three-solvers/with-substeps/ParallelImplicit.cpp.o
[ 72%] Building CXX object CMakeFiles/testprecice.dir/tests/serial/map-if-necessary/three-solvers/with-substeps/SerialExplicit.cpp.o
In file included from /opt/apps/resif/aion/2020b/epyc/software/Boost/1.74.0-GCC-10.2.0/include/boost/config/header_deprecated.hpp:18,
                 from /opt/apps/resif/aion/2020b/epyc/software/Boost/1.74.0-GCC-10.2.0/include/boost/range/result_iterator.hpp:18,
                 from /opt/apps/resif/aion/2020b/epyc/software/Boost/1.74.0-GCC-10.2.0/include/boost/range/metafunctions.hpp:20,
                 from /opt/apps/resif/aion/2020b/epyc/software/Boost/1.74.0-GCC-10.2.0/include/boost/range.hpp:19,
                 from /home/users/mghavami/y2425-w02-compilation-on-hpc-AminGhavami/precice/precice-3.1.2/src/time/Storage.hpp:4,
                 from /home/users/mghavami/y2425-w02-compilation-on-hpc-AminGhavami/precice/precice-3.1.2/src/mesh/Data.hpp:11,
                 from /home/users/mghavami/y2425-w02-compilation-on-hpc-AminGhavami/precice/precice-3.1.2/src/mesh/Mesh.hpp:14,
                 from /home/users/mghavami/y2425-w02-compilation-on-hpc-AminGhavami/precice/precice-3.1.2/src/mapping/Mapping.hpp:6,
                 from /home/users/mghavami/y2425-w02-compilation-on-hpc-AminGhavami/precice/precice-3.1.2/src/action/Action.hpp:3,
                 from /home/users/mghavami/y2425-w02-compilation-on-hpc-AminGhavami/precice/precice-3.1.2/src/precice/impl/ParticipantImpl.hpp:10,
                 from /home/users/mghavami/y2425-w02-compilation-on-hpc-AminGhavami/precice/precice-3.1.2/tests/serial/map-if-necessary/three-solvers/mixed-substeps/../helper.hpp:5,
                 from /home/users/mghavami/y2425-w02-compilation-on-hpc-AminGhavami/precice/precice-3.1.2/tests/serial/map-if-necessary/three-solvers/mixed-substeps/Multi.cpp:3:
/opt/apps/resif/aion/2020b/epyc/software/Boost/1.74.0-GCC-10.2.0/include/boost/config/pragma_message.hpp:24:34: note: ‘#pragma message: This header is deprecated. Use <boost/range/iterator.hpp> instead.’
   24 | # define BOOST_PRAGMA_MESSAGE(x) _Pragma(BOOST_STRINGIZE(message(x)))
      |                                  ^~~~~~~
/opt/apps/resif/aion/2020b/epyc/software/Boost/1.74.0-GCC-10.2.0/include/boost/config/pragma_message.hpp:24:34: note: in definition of macro ‘BOOST_PRAGMA_MESSAGE’
   24 | # define BOOST_PRAGMA_MESSAGE(x) _Pragma(BOOST_STRINGIZE(message(x)))
      |                                  ^~~~~~~
/opt/apps/resif/aion/2020b/epyc/software/Boost/1.74.0-GCC-10.2.0/include/boost/range/result_iterator.hpp:20:1: note: in expansion of macro ‘BOOST_HEADER_DEPRECATED’
   20 | BOOST_HEADER_DEPRECATED("<boost/range/iterator.hpp>")
      | ^~~~~~~~~~~~~~~~~~~~~~~
/opt/apps/resif/aion/2020b/epyc/software/Boost/1.74.0-GCC-10.2.0/include/boost/config/pragma_message.hpp:24:34: note: ‘#pragma message: This header is deprecated. Use <boost/range/reverse_iterator.hpp> instead.’
   24 | # define BOOST_PRAGMA_MESSAGE(x) _Pragma(BOOST_STRINGIZE(message(x)))
      |                                  ^~~~~~~
/opt/apps/resif/aion/2020b/epyc/software/Boost/1.74.0-GCC-10.2.0/include/boost/config/pragma_message.hpp:24:34: note: in definition of macro ‘BOOST_PRAGMA_MESSAGE’
   24 | # define BOOST_PRAGMA_MESSAGE(x) _Pragma(BOOST_STRINGIZE(message(x)))
      |                                  ^~~~~~~
/opt/apps/resif/aion/2020b/epyc/software/Boost/1.74.0-GCC-10.2.0/include/boost/range/const_reverse_iterator.hpp:20:1: note: in expansion of macro ‘BOOST_HEADER_DEPRECATED’
   20 | BOOST_HEADER_DEPRECATED("<boost/range/reverse_iterator.hpp>")
      | ^~~~~~~~~~~~~~~~~~~~~~~
/opt/apps/resif/aion/2020b/epyc/software/Boost/1.74.0-GCC-10.2.0/include/boost/config/pragma_message.hpp:24:34: note: ‘#pragma message: This header is deprecated. Use <boost/range/reverse_iterator.hpp> instead.’
   24 | # define BOOST_PRAGMA_MESSAGE(x) _Pragma(BOOST_STRINGIZE(message(x)))
      |                                  ^~~~~~~
/opt/apps/resif/aion/2020b/epyc/software/Boost/1.74.0-GCC-10.2.0/include/boost/config/pragma_message.hpp:24:34: note: in definition of macro ‘BOOST_PRAGMA_MESSAGE’
   24 | # define BOOST_PRAGMA_MESSAGE(x) _Pragma(BOOST_STRINGIZE(message(x)))
      |                                  ^~~~~~~
/opt/apps/resif/aion/2020b/epyc/software/Boost/1.74.0-GCC-10.2.0/include/boost/range/reverse_result_iterator.hpp:20:1: note: in expansion of macro ‘BOOST_HEADER_DEPRECATED’
   20 | BOOST_HEADER_DEPRECATED("<boost/range/reverse_iterator.hpp>")
      | ^~~~~~~~~~~~~~~~~~~~~~~
[ 72%] Building CXX object CMakeFiles/testprecice.dir/tests/serial/map-if-necessary/three-solvers/with-substeps/SerialImplicit.cpp.o
In file included from /opt/apps/resif/aion/2020b/epyc/software/Boost/1.74.0-GCC-10.2.0/include/boost/config/header_deprecated.hpp:18,
                 from /opt/apps/resif/aion/2020b/epyc/software/Boost/1.74.0-GCC-10.2.0/include/boost/range/result_iterator.hpp:18,
                 from /opt/apps/resif/aion/2020b/epyc/software/Boost/1.74.0-GCC-10.2.0/include/boost/range/metafunctions.hpp:20,
                 from /opt/apps/resif/aion/2020b/epyc/software/Boost/1.74.0-GCC-10.2.0/include/boost/range.hpp:19,
                 from /home/users/mghavami/y2425-w02-compilation-on-hpc-AminGhavami/precice/precice-3.1.2/src/time/Storage.hpp:4,
                 from /home/users/mghavami/y2425-w02-compilation-on-hpc-AminGhavami/precice/precice-3.1.2/src/mesh/Data.hpp:11,
                 from /home/users/mghavami/y2425-w02-compilation-on-hpc-AminGhavami/precice/precice-3.1.2/src/mesh/Mesh.hpp:14,
                 from /home/users/mghavami/y2425-w02-compilation-on-hpc-AminGhavami/precice/precice-3.1.2/src/mapping/Mapping.hpp:6,
                 from /home/users/mghavami/y2425-w02-compilation-on-hpc-AminGhavami/precice/precice-3.1.2/src/action/Action.hpp:3,
                 from /home/users/mghavami/y2425-w02-compilation-on-hpc-AminGhavami/precice/precice-3.1.2/src/precice/impl/ParticipantImpl.hpp:10,
                 from /home/users/mghavami/y2425-w02-compilation-on-hpc-AminGhavami/precice/precice-3.1.2/tests/serial/map-if-necessary/three-solvers/mixed-substeps/../helper.hpp:5,
                 from /home/users/mghavami/y2425-w02-compilation-on-hpc-AminGhavami/precice/precice-3.1.2/tests/serial/map-if-necessary/three-solvers/mixed-substeps/ParallelExplicit.cpp:3:
/opt/apps/resif/aion/2020b/epyc/software/Boost/1.74.0-GCC-10.2.0/include/boost/config/pragma_message.hpp:24:34: note: ‘#pragma message: This header is deprecated. Use <boost/range/iterator.hpp> instead.’
   24 | # define BOOST_PRAGMA_MESSAGE(x) _Pragma(BOOST_STRINGIZE(message(x)))
      |                                  ^~~~~~~
/opt/apps/resif/aion/2020b/epyc/software/Boost/1.74.0-GCC-10.2.0/include/boost/config/pragma_message.hpp:24:34: note: in definition of macro ‘BOOST_PRAGMA_MESSAGE’
   24 | # define BOOST_PRAGMA_MESSAGE(x) _Pragma(BOOST_STRINGIZE(message(x)))
      |                                  ^~~~~~~
/opt/apps/resif/aion/2020b/epyc/software/Boost/1.74.0-GCC-10.2.0/include/boost/range/result_iterator.hpp:20:1: note: in expansion of macro ‘BOOST_HEADER_DEPRECATED’
   20 | BOOST_HEADER_DEPRECATED("<boost/range/iterator.hpp>")
      | ^~~~~~~~~~~~~~~~~~~~~~~
/opt/apps/resif/aion/2020b/epyc/software/Boost/1.74.0-GCC-10.2.0/include/boost/config/pragma_message.hpp:24:34: note: ‘#pragma message: This header is deprecated. Use <boost/range/reverse_iterator.hpp> instead.’
   24 | # define BOOST_PRAGMA_MESSAGE(x) _Pragma(BOOST_STRINGIZE(message(x)))
      |                                  ^~~~~~~
/opt/apps/resif/aion/2020b/epyc/software/Boost/1.74.0-GCC-10.2.0/include/boost/config/pragma_message.hpp:24:34: note: in definition of macro ‘BOOST_PRAGMA_MESSAGE’
   24 | # define BOOST_PRAGMA_MESSAGE(x) _Pragma(BOOST_STRINGIZE(message(x)))
      |                                  ^~~~~~~
/opt/apps/resif/aion/2020b/epyc/software/Boost/1.74.0-GCC-10.2.0/include/boost/range/const_reverse_iterator.hpp:20:1: note: in expansion of macro ‘BOOST_HEADER_DEPRECATED’
   20 | BOOST_HEADER_DEPRECATED("<boost/range/reverse_iterator.hpp>")
      | ^~~~~~~~~~~~~~~~~~~~~~~
/opt/apps/resif/aion/2020b/epyc/software/Boost/1.74.0-GCC-10.2.0/include/boost/config/pragma_message.hpp:24:34: note: ‘#pragma message: This header is deprecated. Use <boost/range/reverse_iterator.hpp> instead.’
   24 | # define BOOST_PRAGMA_MESSAGE(x) _Pragma(BOOST_STRINGIZE(message(x)))
      |                                  ^~~~~~~
/opt/apps/resif/aion/2020b/epyc/software/Boost/1.74.0-GCC-10.2.0/include/boost/config/pragma_message.hpp:24:34: note: in definition of macro ‘BOOST_PRAGMA_MESSAGE’
   24 | # define BOOST_PRAGMA_MESSAGE(x) _Pragma(BOOST_STRINGIZE(message(x)))
      |                                  ^~~~~~~
/opt/apps/resif/aion/2020b/epyc/software/Boost/1.74.0-GCC-10.2.0/include/boost/range/reverse_result_iterator.hpp:20:1: note: in expansion of macro ‘BOOST_HEADER_DEPRECATED’
   20 | BOOST_HEADER_DEPRECATED("<boost/range/reverse_iterator.hpp>")
      | ^~~~~~~~~~~~~~~~~~~~~~~
[ 72%] Building CXX object CMakeFiles/testprecice.dir/tests/serial/map-if-necessary/three-solvers/without-substeps/Multi.cpp.o
[ 73%] Building CXX object CMakeFiles/testprecice.dir/tests/serial/map-if-necessary/three-solvers/without-substeps/ParallelExplicit.cpp.o
[ 73%] Building CXX object CMakeFiles/testprecice.dir/tests/serial/map-if-necessary/three-solvers/without-substeps/ParallelImplicit.cpp.o
[ 73%] Building CXX object CMakeFiles/testprecice.dir/tests/serial/map-if-necessary/three-solvers/without-substeps/SerialExplicit.cpp.o
In file included from /opt/apps/resif/aion/2020b/epyc/software/Boost/1.74.0-GCC-10.2.0/include/boost/config/header_deprecated.hpp:18,
                 from /opt/apps/resif/aion/2020b/epyc/software/Boost/1.74.0-GCC-10.2.0/include/boost/range/result_iterator.hpp:18,
                 from /opt/apps/resif/aion/2020b/epyc/software/Boost/1.74.0-GCC-10.2.0/include/boost/range/metafunctions.hpp:20,
                 from /opt/apps/resif/aion/2020b/epyc/software/Boost/1.74.0-GCC-10.2.0/include/boost/range.hpp:19,
                 from /home/users/mghavami/y2425-w02-compilation-on-hpc-AminGhavami/precice/precice-3.1.2/src/time/Storage.hpp:4,
                 from /home/users/mghavami/y2425-w02-compilation-on-hpc-AminGhavami/precice/precice-3.1.2/src/mesh/Data.hpp:11,
                 from /home/users/mghavami/y2425-w02-compilation-on-hpc-AminGhavami/precice/precice-3.1.2/src/mesh/Mesh.hpp:14,
                 from /home/users/mghavami/y2425-w02-compilation-on-hpc-AminGhavami/precice/precice-3.1.2/src/mapping/Mapping.hpp:6,
                 from /home/users/mghavami/y2425-w02-compilation-on-hpc-AminGhavami/precice/precice-3.1.2/src/action/Action.hpp:3,
                 from /home/users/mghavami/y2425-w02-compilation-on-hpc-AminGhavami/precice/precice-3.1.2/src/precice/impl/ParticipantImpl.hpp:10,
                 from /home/users/mghavami/y2425-w02-compilation-on-hpc-AminGhavami/precice/precice-3.1.2/tests/serial/map-if-necessary/three-solvers/mixed-substeps/../helper.hpp:5,
                 from /home/users/mghavami/y2425-w02-compilation-on-hpc-AminGhavami/precice/precice-3.1.2/tests/serial/map-if-necessary/three-solvers/mixed-substeps/SerialExplicit.cpp:3:
/opt/apps/resif/aion/2020b/epyc/software/Boost/1.74.0-GCC-10.2.0/include/boost/config/pragma_message.hpp:24:34: note: ‘#pragma message: This header is deprecated. Use <boost/range/iterator.hpp> instead.’
   24 | # define BOOST_PRAGMA_MESSAGE(x) _Pragma(BOOST_STRINGIZE(message(x)))
      |                                  ^~~~~~~
/opt/apps/resif/aion/2020b/epyc/software/Boost/1.74.0-GCC-10.2.0/include/boost/config/pragma_message.hpp:24:34: note: in definition of macro ‘BOOST_PRAGMA_MESSAGE’
   24 | # define BOOST_PRAGMA_MESSAGE(x) _Pragma(BOOST_STRINGIZE(message(x)))
      |                                  ^~~~~~~
/opt/apps/resif/aion/2020b/epyc/software/Boost/1.74.0-GCC-10.2.0/include/boost/range/result_iterator.hpp:20:1: note: in expansion of macro ‘BOOST_HEADER_DEPRECATED’
   20 | BOOST_HEADER_DEPRECATED("<boost/range/iterator.hpp>")
      | ^~~~~~~~~~~~~~~~~~~~~~~
/opt/apps/resif/aion/2020b/epyc/software/Boost/1.74.0-GCC-10.2.0/include/boost/config/pragma_message.hpp:24:34: note: ‘#pragma message: This header is deprecated. Use <boost/range/reverse_iterator.hpp> instead.’
   24 | # define BOOST_PRAGMA_MESSAGE(x) _Pragma(BOOST_STRINGIZE(message(x)))
      |                                  ^~~~~~~
/opt/apps/resif/aion/2020b/epyc/software/Boost/1.74.0-GCC-10.2.0/include/boost/config/pragma_message.hpp:24:34: note: in definition of macro ‘BOOST_PRAGMA_MESSAGE’
   24 | # define BOOST_PRAGMA_MESSAGE(x) _Pragma(BOOST_STRINGIZE(message(x)))
      |                                  ^~~~~~~
/opt/apps/resif/aion/2020b/epyc/software/Boost/1.74.0-GCC-10.2.0/include/boost/range/const_reverse_iterator.hpp:20:1: note: in expansion of macro ‘BOOST_HEADER_DEPRECATED’
   20 | BOOST_HEADER_DEPRECATED("<boost/range/reverse_iterator.hpp>")
      | ^~~~~~~~~~~~~~~~~~~~~~~
/opt/apps/resif/aion/2020b/epyc/software/Boost/1.74.0-GCC-10.2.0/include/boost/config/pragma_message.hpp:24:34: note: ‘#pragma message: This header is deprecated. Use <boost/range/reverse_iterator.hpp> instead.’
   24 | # define BOOST_PRAGMA_MESSAGE(x) _Pragma(BOOST_STRINGIZE(message(x)))
      |                                  ^~~~~~~
/opt/apps/resif/aion/2020b/epyc/software/Boost/1.74.0-GCC-10.2.0/include/boost/config/pragma_message.hpp:24:34: note: in definition of macro ‘BOOST_PRAGMA_MESSAGE’
   24 | # define BOOST_PRAGMA_MESSAGE(x) _Pragma(BOOST_STRINGIZE(message(x)))
      |                                  ^~~~~~~
/opt/apps/resif/aion/2020b/epyc/software/Boost/1.74.0-GCC-10.2.0/include/boost/range/reverse_result_iterator.hpp:20:1: note: in expansion of macro ‘BOOST_HEADER_DEPRECATED’
   20 | BOOST_HEADER_DEPRECATED("<boost/range/reverse_iterator.hpp>")
      | ^~~~~~~~~~~~~~~~~~~~~~~
In file included from /opt/apps/resif/aion/2020b/epyc/software/Boost/1.74.0-GCC-10.2.0/include/boost/config/header_deprecated.hpp:18,
                 from /opt/apps/resif/aion/2020b/epyc/software/Boost/1.74.0-GCC-10.2.0/include/boost/range/result_iterator.hpp:18,
                 from /opt/apps/resif/aion/2020b/epyc/software/Boost/1.74.0-GCC-10.2.0/include/boost/range/metafunctions.hpp:20,
                 from /opt/apps/resif/aion/2020b/epyc/software/Boost/1.74.0-GCC-10.2.0/include/boost/range.hpp:19,
                 from /home/users/mghavami/y2425-w02-compilation-on-hpc-AminGhavami/precice/precice-3.1.2/src/time/Storage.hpp:4,
                 from /home/users/mghavami/y2425-w02-compilation-on-hpc-AminGhavami/precice/precice-3.1.2/src/mesh/Data.hpp:11,
                 from /home/users/mghavami/y2425-w02-compilation-on-hpc-AminGhavami/precice/precice-3.1.2/src/mesh/Mesh.hpp:14,
                 from /home/users/mghavami/y2425-w02-compilation-on-hpc-AminGhavami/precice/precice-3.1.2/src/mapping/Mapping.hpp:6,
                 from /home/users/mghavami/y2425-w02-compilation-on-hpc-AminGhavami/precice/precice-3.1.2/src/action/Action.hpp:3,
                 from /home/users/mghavami/y2425-w02-compilation-on-hpc-AminGhavami/precice/precice-3.1.2/src/precice/impl/ParticipantImpl.hpp:10,
                 from /home/users/mghavami/y2425-w02-compilation-on-hpc-AminGhavami/precice/precice-3.1.2/tests/serial/map-if-necessary/three-solvers/mixed-substeps/../helper.hpp:5,
                 from /home/users/mghavami/y2425-w02-compilation-on-hpc-AminGhavami/precice/precice-3.1.2/tests/serial/map-if-necessary/three-solvers/mixed-substeps/SerialImplicit.cpp:3:
/opt/apps/resif/aion/2020b/epyc/software/Boost/1.74.0-GCC-10.2.0/include/boost/config/pragma_message.hpp:24:34: note: ‘#pragma message: This header is deprecated. Use <boost/range/iterator.hpp> instead.’
   24 | # define BOOST_PRAGMA_MESSAGE(x) _Pragma(BOOST_STRINGIZE(message(x)))
      |                                  ^~~~~~~
/opt/apps/resif/aion/2020b/epyc/software/Boost/1.74.0-GCC-10.2.0/include/boost/config/pragma_message.hpp:24:34: note: in definition of macro ‘BOOST_PRAGMA_MESSAGE’
   24 | # define BOOST_PRAGMA_MESSAGE(x) _Pragma(BOOST_STRINGIZE(message(x)))
      |                                  ^~~~~~~
/opt/apps/resif/aion/2020b/epyc/software/Boost/1.74.0-GCC-10.2.0/include/boost/range/result_iterator.hpp:20:1: note: in expansion of macro ‘BOOST_HEADER_DEPRECATED’
   20 | BOOST_HEADER_DEPRECATED("<boost/range/iterator.hpp>")
      | ^~~~~~~~~~~~~~~~~~~~~~~
/opt/apps/resif/aion/2020b/epyc/software/Boost/1.74.0-GCC-10.2.0/include/boost/config/pragma_message.hpp:24:34: note: ‘#pragma message: This header is deprecated. Use <boost/range/reverse_iterator.hpp> instead.’
   24 | # define BOOST_PRAGMA_MESSAGE(x) _Pragma(BOOST_STRINGIZE(message(x)))
      |                                  ^~~~~~~
/opt/apps/resif/aion/2020b/epyc/software/Boost/1.74.0-GCC-10.2.0/include/boost/config/pragma_message.hpp:24:34: note: in definition of macro ‘BOOST_PRAGMA_MESSAGE’
   24 | # define BOOST_PRAGMA_MESSAGE(x) _Pragma(BOOST_STRINGIZE(message(x)))
      |                                  ^~~~~~~
/opt/apps/resif/aion/2020b/epyc/software/Boost/1.74.0-GCC-10.2.0/include/boost/range/const_reverse_iterator.hpp:20:1: note: in expansion of macro ‘BOOST_HEADER_DEPRECATED’
   20 | BOOST_HEADER_DEPRECATED("<boost/range/reverse_iterator.hpp>")
      | ^~~~~~~~~~~~~~~~~~~~~~~
/opt/apps/resif/aion/2020b/epyc/software/Boost/1.74.0-GCC-10.2.0/include/boost/config/pragma_message.hpp:24:34: note: ‘#pragma message: This header is deprecated. Use <boost/range/reverse_iterator.hpp> instead.’
   24 | # define BOOST_PRAGMA_MESSAGE(x) _Pragma(BOOST_STRINGIZE(message(x)))
      |                                  ^~~~~~~
/opt/apps/resif/aion/2020b/epyc/software/Boost/1.74.0-GCC-10.2.0/include/boost/config/pragma_message.hpp:24:34: note: in definition of macro ‘BOOST_PRAGMA_MESSAGE’
   24 | # define BOOST_PRAGMA_MESSAGE(x) _Pragma(BOOST_STRINGIZE(message(x)))
      |                                  ^~~~~~~
/opt/apps/resif/aion/2020b/epyc/software/Boost/1.74.0-GCC-10.2.0/include/boost/range/reverse_result_iterator.hpp:20:1: note: in expansion of macro ‘BOOST_HEADER_DEPRECATED’
   20 | BOOST_HEADER_DEPRECATED("<boost/range/reverse_iterator.hpp>")
      | ^~~~~~~~~~~~~~~~~~~~~~~
In file included from /opt/apps/resif/aion/2020b/epyc/software/Boost/1.74.0-GCC-10.2.0/include/boost/config/header_deprecated.hpp:18,
                 from /opt/apps/resif/aion/2020b/epyc/software/Boost/1.74.0-GCC-10.2.0/include/boost/range/result_iterator.hpp:18,
                 from /opt/apps/resif/aion/2020b/epyc/software/Boost/1.74.0-GCC-10.2.0/include/boost/range/metafunctions.hpp:20,
                 from /opt/apps/resif/aion/2020b/epyc/software/Boost/1.74.0-GCC-10.2.0/include/boost/range.hpp:19,
                 from /home/users/mghavami/y2425-w02-compilation-on-hpc-AminGhavami/precice/precice-3.1.2/src/time/Storage.hpp:4,
                 from /home/users/mghavami/y2425-w02-compilation-on-hpc-AminGhavami/precice/precice-3.1.2/src/mesh/Data.hpp:11,
                 from /home/users/mghavami/y2425-w02-compilation-on-hpc-AminGhavami/precice/precice-3.1.2/src/mesh/Mesh.hpp:14,
                 from /home/users/mghavami/y2425-w02-compilation-on-hpc-AminGhavami/precice/precice-3.1.2/src/mapping/Mapping.hpp:6,
                 from /home/users/mghavami/y2425-w02-compilation-on-hpc-AminGhavami/precice/precice-3.1.2/src/action/Action.hpp:3,
                 from /home/users/mghavami/y2425-w02-compilation-on-hpc-AminGhavami/precice/precice-3.1.2/src/precice/impl/ParticipantImpl.hpp:10,
                 from /home/users/mghavami/y2425-w02-compilation-on-hpc-AminGhavami/precice/precice-3.1.2/tests/serial/map-if-necessary/three-solvers/with-substeps/../helper.hpp:5,
                 from /home/users/mghavami/y2425-w02-compilation-on-hpc-AminGhavami/precice/precice-3.1.2/tests/serial/map-if-necessary/three-solvers/with-substeps/Multi.cpp:3:
/opt/apps/resif/aion/2020b/epyc/software/Boost/1.74.0-GCC-10.2.0/include/boost/config/pragma_message.hpp:24:34: note: ‘#pragma message: This header is deprecated. Use <boost/range/iterator.hpp> instead.’
   24 | # define BOOST_PRAGMA_MESSAGE(x) _Pragma(BOOST_STRINGIZE(message(x)))
      |                                  ^~~~~~~
/opt/apps/resif/aion/2020b/epyc/software/Boost/1.74.0-GCC-10.2.0/include/boost/config/pragma_message.hpp:24:34: note: in definition of macro ‘BOOST_PRAGMA_MESSAGE’
   24 | # define BOOST_PRAGMA_MESSAGE(x) _Pragma(BOOST_STRINGIZE(message(x)))
      |                                  ^~~~~~~
/opt/apps/resif/aion/2020b/epyc/software/Boost/1.74.0-GCC-10.2.0/include/boost/range/result_iterator.hpp:20:1: note: in expansion of macro ‘BOOST_HEADER_DEPRECATED’
   20 | BOOST_HEADER_DEPRECATED("<boost/range/iterator.hpp>")
      | ^~~~~~~~~~~~~~~~~~~~~~~
/opt/apps/resif/aion/2020b/epyc/software/Boost/1.74.0-GCC-10.2.0/include/boost/config/pragma_message.hpp:24:34: note: ‘#pragma message: This header is deprecated. Use <boost/range/reverse_iterator.hpp> instead.’
   24 | # define BOOST_PRAGMA_MESSAGE(x) _Pragma(BOOST_STRINGIZE(message(x)))
      |                                  ^~~~~~~
/opt/apps/resif/aion/2020b/epyc/software/Boost/1.74.0-GCC-10.2.0/include/boost/config/pragma_message.hpp:24:34: note: in definition of macro ‘BOOST_PRAGMA_MESSAGE’
   24 | # define BOOST_PRAGMA_MESSAGE(x) _Pragma(BOOST_STRINGIZE(message(x)))
      |                                  ^~~~~~~
/opt/apps/resif/aion/2020b/epyc/software/Boost/1.74.0-GCC-10.2.0/include/boost/range/const_reverse_iterator.hpp:20:1: note: in expansion of macro ‘BOOST_HEADER_DEPRECATED’
   20 | BOOST_HEADER_DEPRECATED("<boost/range/reverse_iterator.hpp>")
      | ^~~~~~~~~~~~~~~~~~~~~~~
/opt/apps/resif/aion/2020b/epyc/software/Boost/1.74.0-GCC-10.2.0/include/boost/config/pragma_message.hpp:24:34: note: ‘#pragma message: This header is deprecated. Use <boost/range/reverse_iterator.hpp> instead.’
   24 | # define BOOST_PRAGMA_MESSAGE(x) _Pragma(BOOST_STRINGIZE(message(x)))
      |                                  ^~~~~~~
/opt/apps/resif/aion/2020b/epyc/software/Boost/1.74.0-GCC-10.2.0/include/boost/config/pragma_message.hpp:24:34: note: in definition of macro ‘BOOST_PRAGMA_MESSAGE’
   24 | # define BOOST_PRAGMA_MESSAGE(x) _Pragma(BOOST_STRINGIZE(message(x)))
      |                                  ^~~~~~~
/opt/apps/resif/aion/2020b/epyc/software/Boost/1.74.0-GCC-10.2.0/include/boost/range/reverse_result_iterator.hpp:20:1: note: in expansion of macro ‘BOOST_HEADER_DEPRECATED’
   20 | BOOST_HEADER_DEPRECATED("<boost/range/reverse_iterator.hpp>")
      | ^~~~~~~~~~~~~~~~~~~~~~~
In file included from /opt/apps/resif/aion/2020b/epyc/software/Boost/1.74.0-GCC-10.2.0/include/boost/config/header_deprecated.hpp:18,
                 from /opt/apps/resif/aion/2020b/epyc/software/Boost/1.74.0-GCC-10.2.0/include/boost/range/result_iterator.hpp:18,
                 from /opt/apps/resif/aion/2020b/epyc/software/Boost/1.74.0-GCC-10.2.0/include/boost/range/metafunctions.hpp:20,
                 from /opt/apps/resif/aion/2020b/epyc/software/Boost/1.74.0-GCC-10.2.0/include/boost/range.hpp:19,
                 from /home/users/mghavami/y2425-w02-compilation-on-hpc-AminGhavami/precice/precice-3.1.2/src/time/Storage.hpp:4,
                 from /home/users/mghavami/y2425-w02-compilation-on-hpc-AminGhavami/precice/precice-3.1.2/src/mesh/Data.hpp:11,
                 from /home/users/mghavami/y2425-w02-compilation-on-hpc-AminGhavami/precice/precice-3.1.2/src/mesh/Mesh.hpp:14,
                 from /home/users/mghavami/y2425-w02-compilation-on-hpc-AminGhavami/precice/precice-3.1.2/src/mapping/Mapping.hpp:6,
                 from /home/users/mghavami/y2425-w02-compilation-on-hpc-AminGhavami/precice/precice-3.1.2/src/action/Action.hpp:3,
                 from /home/users/mghavami/y2425-w02-compilation-on-hpc-AminGhavami/precice/precice-3.1.2/src/precice/impl/ParticipantImpl.hpp:10,
                 from /home/users/mghavami/y2425-w02-compilation-on-hpc-AminGhavami/precice/precice-3.1.2/tests/serial/map-if-necessary/three-solvers/mixed-substeps/../helper.hpp:5,
                 from /home/users/mghavami/y2425-w02-compilation-on-hpc-AminGhavami/precice/precice-3.1.2/tests/serial/map-if-necessary/three-solvers/mixed-substeps/ParallelImplicit.cpp:3:
/opt/apps/resif/aion/2020b/epyc/software/Boost/1.74.0-GCC-10.2.0/include/boost/config/pragma_message.hpp:24:34: note: ‘#pragma message: This header is deprecated. Use <boost/range/iterator.hpp> instead.’
   24 | # define BOOST_PRAGMA_MESSAGE(x) _Pragma(BOOST_STRINGIZE(message(x)))
      |                                  ^~~~~~~
/opt/apps/resif/aion/2020b/epyc/software/Boost/1.74.0-GCC-10.2.0/include/boost/config/pragma_message.hpp:24:34: note: in definition of macro ‘BOOST_PRAGMA_MESSAGE’
   24 | # define BOOST_PRAGMA_MESSAGE(x) _Pragma(BOOST_STRINGIZE(message(x)))
      |                                  ^~~~~~~
/opt/apps/resif/aion/2020b/epyc/software/Boost/1.74.0-GCC-10.2.0/include/boost/range/result_iterator.hpp:20:1: note: in expansion of macro ‘BOOST_HEADER_DEPRECATED’
   20 | BOOST_HEADER_DEPRECATED("<boost/range/iterator.hpp>")
      | ^~~~~~~~~~~~~~~~~~~~~~~
/opt/apps/resif/aion/2020b/epyc/software/Boost/1.74.0-GCC-10.2.0/include/boost/config/pragma_message.hpp:24:34: note: ‘#pragma message: This header is deprecated. Use <boost/range/reverse_iterator.hpp> instead.’
   24 | # define BOOST_PRAGMA_MESSAGE(x) _Pragma(BOOST_STRINGIZE(message(x)))
      |                                  ^~~~~~~
/opt/apps/resif/aion/2020b/epyc/software/Boost/1.74.0-GCC-10.2.0/include/boost/config/pragma_message.hpp:24:34: note: in definition of macro ‘BOOST_PRAGMA_MESSAGE’
   24 | # define BOOST_PRAGMA_MESSAGE(x) _Pragma(BOOST_STRINGIZE(message(x)))
      |                                  ^~~~~~~
/opt/apps/resif/aion/2020b/epyc/software/Boost/1.74.0-GCC-10.2.0/include/boost/range/const_reverse_iterator.hpp:20:1: note: in expansion of macro ‘BOOST_HEADER_DEPRECATED’
   20 | BOOST_HEADER_DEPRECATED("<boost/range/reverse_iterator.hpp>")
      | ^~~~~~~~~~~~~~~~~~~~~~~
/opt/apps/resif/aion/2020b/epyc/software/Boost/1.74.0-GCC-10.2.0/include/boost/config/pragma_message.hpp:24:34: note: ‘#pragma message: This header is deprecated. Use <boost/range/reverse_iterator.hpp> instead.’
   24 | # define BOOST_PRAGMA_MESSAGE(x) _Pragma(BOOST_STRINGIZE(message(x)))
      |                                  ^~~~~~~
/opt/apps/resif/aion/2020b/epyc/software/Boost/1.74.0-GCC-10.2.0/include/boost/config/pragma_message.hpp:24:34: note: in definition of macro ‘BOOST_PRAGMA_MESSAGE’
   24 | # define BOOST_PRAGMA_MESSAGE(x) _Pragma(BOOST_STRINGIZE(message(x)))
      |                                  ^~~~~~~
/opt/apps/resif/aion/2020b/epyc/software/Boost/1.74.0-GCC-10.2.0/include/boost/range/reverse_result_iterator.hpp:20:1: note: in expansion of macro ‘BOOST_HEADER_DEPRECATED’
   20 | BOOST_HEADER_DEPRECATED("<boost/range/reverse_iterator.hpp>")
      | ^~~~~~~~~~~~~~~~~~~~~~~
[ 73%] Building CXX object CMakeFiles/testprecice.dir/tests/serial/map-if-necessary/three-solvers/without-substeps/SerialImplicit.cpp.o
[ 73%] Building CXX object CMakeFiles/testprecice.dir/tests/serial/map-if-necessary/two-solvers/mixed-substeps/ParallelExplicit.cpp.o
In file included from /opt/apps/resif/aion/2020b/epyc/software/Boost/1.74.0-GCC-10.2.0/include/boost/config/header_deprecated.hpp:18,
                 from /opt/apps/resif/aion/2020b/epyc/software/Boost/1.74.0-GCC-10.2.0/include/boost/range/result_iterator.hpp:18,
                 from /opt/apps/resif/aion/2020b/epyc/software/Boost/1.74.0-GCC-10.2.0/include/boost/range/metafunctions.hpp:20,
                 from /opt/apps/resif/aion/2020b/epyc/software/Boost/1.74.0-GCC-10.2.0/include/boost/range.hpp:19,
                 from /home/users/mghavami/y2425-w02-compilation-on-hpc-AminGhavami/precice/precice-3.1.2/src/time/Storage.hpp:4,
                 from /home/users/mghavami/y2425-w02-compilation-on-hpc-AminGhavami/precice/precice-3.1.2/src/mesh/Data.hpp:11,
                 from /home/users/mghavami/y2425-w02-compilation-on-hpc-AminGhavami/precice/precice-3.1.2/src/mesh/Mesh.hpp:14,
                 from /home/users/mghavami/y2425-w02-compilation-on-hpc-AminGhavami/precice/precice-3.1.2/src/mapping/Mapping.hpp:6,
                 from /home/users/mghavami/y2425-w02-compilation-on-hpc-AminGhavami/precice/precice-3.1.2/src/action/Action.hpp:3,
                 from /home/users/mghavami/y2425-w02-compilation-on-hpc-AminGhavami/precice/precice-3.1.2/src/precice/impl/ParticipantImpl.hpp:10,
                 from /home/users/mghavami/y2425-w02-compilation-on-hpc-AminGhavami/precice/precice-3.1.2/tests/serial/map-if-necessary/three-solvers/with-substeps/../helper.hpp:5,
                 from /home/users/mghavami/y2425-w02-compilation-on-hpc-AminGhavami/precice/precice-3.1.2/tests/serial/map-if-necessary/three-solvers/with-substeps/ParallelExplicit.cpp:3:
/opt/apps/resif/aion/2020b/epyc/software/Boost/1.74.0-GCC-10.2.0/include/boost/config/pragma_message.hpp:24:34: note: ‘#pragma message: This header is deprecated. Use <boost/range/iterator.hpp> instead.’
   24 | # define BOOST_PRAGMA_MESSAGE(x) _Pragma(BOOST_STRINGIZE(message(x)))
      |                                  ^~~~~~~
/opt/apps/resif/aion/2020b/epyc/software/Boost/1.74.0-GCC-10.2.0/include/boost/config/pragma_message.hpp:24:34: note: in definition of macro ‘BOOST_PRAGMA_MESSAGE’
   24 | # define BOOST_PRAGMA_MESSAGE(x) _Pragma(BOOST_STRINGIZE(message(x)))
      |                                  ^~~~~~~
/opt/apps/resif/aion/2020b/epyc/software/Boost/1.74.0-GCC-10.2.0/include/boost/range/result_iterator.hpp:20:1: note: in expansion of macro ‘BOOST_HEADER_DEPRECATED’
   20 | BOOST_HEADER_DEPRECATED("<boost/range/iterator.hpp>")
      | ^~~~~~~~~~~~~~~~~~~~~~~
/opt/apps/resif/aion/2020b/epyc/software/Boost/1.74.0-GCC-10.2.0/include/boost/config/pragma_message.hpp:24:34: note: ‘#pragma message: This header is deprecated. Use <boost/range/reverse_iterator.hpp> instead.’
   24 | # define BOOST_PRAGMA_MESSAGE(x) _Pragma(BOOST_STRINGIZE(message(x)))
      |                                  ^~~~~~~
/opt/apps/resif/aion/2020b/epyc/software/Boost/1.74.0-GCC-10.2.0/include/boost/config/pragma_message.hpp:24:34: note: in definition of macro ‘BOOST_PRAGMA_MESSAGE’
   24 | # define BOOST_PRAGMA_MESSAGE(x) _Pragma(BOOST_STRINGIZE(message(x)))
      |                                  ^~~~~~~
/opt/apps/resif/aion/2020b/epyc/software/Boost/1.74.0-GCC-10.2.0/include/boost/range/const_reverse_iterator.hpp:20:1: note: in expansion of macro ‘BOOST_HEADER_DEPRECATED’
   20 | BOOST_HEADER_DEPRECATED("<boost/range/reverse_iterator.hpp>")
      | ^~~~~~~~~~~~~~~~~~~~~~~
/opt/apps/resif/aion/2020b/epyc/software/Boost/1.74.0-GCC-10.2.0/include/boost/config/pragma_message.hpp:24:34: note: ‘#pragma message: This header is deprecated. Use <boost/range/reverse_iterator.hpp> instead.’
   24 | # define BOOST_PRAGMA_MESSAGE(x) _Pragma(BOOST_STRINGIZE(message(x)))
      |                                  ^~~~~~~
/opt/apps/resif/aion/2020b/epyc/software/Boost/1.74.0-GCC-10.2.0/include/boost/config/pragma_message.hpp:24:34: note: in definition of macro ‘BOOST_PRAGMA_MESSAGE’
   24 | # define BOOST_PRAGMA_MESSAGE(x) _Pragma(BOOST_STRINGIZE(message(x)))
      |                                  ^~~~~~~
/opt/apps/resif/aion/2020b/epyc/software/Boost/1.74.0-GCC-10.2.0/include/boost/range/reverse_result_iterator.hpp:20:1: note: in expansion of macro ‘BOOST_HEADER_DEPRECATED’
   20 | BOOST_HEADER_DEPRECATED("<boost/range/reverse_iterator.hpp>")
      | ^~~~~~~~~~~~~~~~~~~~~~~
In file included from /opt/apps/resif/aion/2020b/epyc/software/Boost/1.74.0-GCC-10.2.0/include/boost/config/header_deprecated.hpp:18,
                 from /opt/apps/resif/aion/2020b/epyc/software/Boost/1.74.0-GCC-10.2.0/include/boost/range/result_iterator.hpp:18,
                 from /opt/apps/resif/aion/2020b/epyc/software/Boost/1.74.0-GCC-10.2.0/include/boost/range/metafunctions.hpp:20,
                 from /opt/apps/resif/aion/2020b/epyc/software/Boost/1.74.0-GCC-10.2.0/include/boost/range.hpp:19,
                 from /home/users/mghavami/y2425-w02-compilation-on-hpc-AminGhavami/precice/precice-3.1.2/src/time/Storage.hpp:4,
                 from /home/users/mghavami/y2425-w02-compilation-on-hpc-AminGhavami/precice/precice-3.1.2/src/mesh/Data.hpp:11,
                 from /home/users/mghavami/y2425-w02-compilation-on-hpc-AminGhavami/precice/precice-3.1.2/src/mesh/Mesh.hpp:14,
                 from /home/users/mghavami/y2425-w02-compilation-on-hpc-AminGhavami/precice/precice-3.1.2/src/mapping/Mapping.hpp:6,
                 from /home/users/mghavami/y2425-w02-compilation-on-hpc-AminGhavami/precice/precice-3.1.2/src/action/Action.hpp:3,
                 from /home/users/mghavami/y2425-w02-compilation-on-hpc-AminGhavami/precice/precice-3.1.2/src/precice/impl/ParticipantImpl.hpp:10,
                 from /home/users/mghavami/y2425-w02-compilation-on-hpc-AminGhavami/precice/precice-3.1.2/tests/serial/map-if-necessary/three-solvers/with-substeps/../helper.hpp:5,
                 from /home/users/mghavami/y2425-w02-compilation-on-hpc-AminGhavami/precice/precice-3.1.2/tests/serial/map-if-necessary/three-solvers/with-substeps/ParallelImplicit.cpp:3:
/opt/apps/resif/aion/2020b/epyc/software/Boost/1.74.0-GCC-10.2.0/include/boost/config/pragma_message.hpp:24:34: note: ‘#pragma message: This header is deprecated. Use <boost/range/iterator.hpp> instead.’
   24 | # define BOOST_PRAGMA_MESSAGE(x) _Pragma(BOOST_STRINGIZE(message(x)))
      |                                  ^~~~~~~
/opt/apps/resif/aion/2020b/epyc/software/Boost/1.74.0-GCC-10.2.0/include/boost/config/pragma_message.hpp:24:34: note: in definition of macro ‘BOOST_PRAGMA_MESSAGE’
   24 | # define BOOST_PRAGMA_MESSAGE(x) _Pragma(BOOST_STRINGIZE(message(x)))
      |                                  ^~~~~~~
/opt/apps/resif/aion/2020b/epyc/software/Boost/1.74.0-GCC-10.2.0/include/boost/range/result_iterator.hpp:20:1: note: in expansion of macro ‘BOOST_HEADER_DEPRECATED’
   20 | BOOST_HEADER_DEPRECATED("<boost/range/iterator.hpp>")
      | ^~~~~~~~~~~~~~~~~~~~~~~
/opt/apps/resif/aion/2020b/epyc/software/Boost/1.74.0-GCC-10.2.0/include/boost/config/pragma_message.hpp:24:34: note: ‘#pragma message: This header is deprecated. Use <boost/range/reverse_iterator.hpp> instead.’
   24 | # define BOOST_PRAGMA_MESSAGE(x) _Pragma(BOOST_STRINGIZE(message(x)))
      |                                  ^~~~~~~
/opt/apps/resif/aion/2020b/epyc/software/Boost/1.74.0-GCC-10.2.0/include/boost/config/pragma_message.hpp:24:34: note: in definition of macro ‘BOOST_PRAGMA_MESSAGE’
   24 | # define BOOST_PRAGMA_MESSAGE(x) _Pragma(BOOST_STRINGIZE(message(x)))
      |                                  ^~~~~~~
/opt/apps/resif/aion/2020b/epyc/software/Boost/1.74.0-GCC-10.2.0/include/boost/range/const_reverse_iterator.hpp:20:1: note: in expansion of macro ‘BOOST_HEADER_DEPRECATED’
   20 | BOOST_HEADER_DEPRECATED("<boost/range/reverse_iterator.hpp>")
      | ^~~~~~~~~~~~~~~~~~~~~~~
/opt/apps/resif/aion/2020b/epyc/software/Boost/1.74.0-GCC-10.2.0/include/boost/config/pragma_message.hpp:24:34: note: ‘#pragma message: This header is deprecated. Use <boost/range/reverse_iterator.hpp> instead.’
   24 | # define BOOST_PRAGMA_MESSAGE(x) _Pragma(BOOST_STRINGIZE(message(x)))
      |                                  ^~~~~~~
/opt/apps/resif/aion/2020b/epyc/software/Boost/1.74.0-GCC-10.2.0/include/boost/config/pragma_message.hpp:24:34: note: in definition of macro ‘BOOST_PRAGMA_MESSAGE’
   24 | # define BOOST_PRAGMA_MESSAGE(x) _Pragma(BOOST_STRINGIZE(message(x)))
      |                                  ^~~~~~~
/opt/apps/resif/aion/2020b/epyc/software/Boost/1.74.0-GCC-10.2.0/include/boost/range/reverse_result_iterator.hpp:20:1: note: in expansion of macro ‘BOOST_HEADER_DEPRECATED’
   20 | BOOST_HEADER_DEPRECATED("<boost/range/reverse_iterator.hpp>")
      | ^~~~~~~~~~~~~~~~~~~~~~~
[ 74%] Building CXX object CMakeFiles/testprecice.dir/tests/serial/map-if-necessary/two-solvers/mixed-substeps/ParallelImplicit.cpp.o
In file included from /opt/apps/resif/aion/2020b/epyc/software/Boost/1.74.0-GCC-10.2.0/include/boost/config/header_deprecated.hpp:18,
                 from /opt/apps/resif/aion/2020b/epyc/software/Boost/1.74.0-GCC-10.2.0/include/boost/range/result_iterator.hpp:18,
                 from /opt/apps/resif/aion/2020b/epyc/software/Boost/1.74.0-GCC-10.2.0/include/boost/range/metafunctions.hpp:20,
                 from /opt/apps/resif/aion/2020b/epyc/software/Boost/1.74.0-GCC-10.2.0/include/boost/range.hpp:19,
                 from /home/users/mghavami/y2425-w02-compilation-on-hpc-AminGhavami/precice/precice-3.1.2/src/time/Storage.hpp:4,
                 from /home/users/mghavami/y2425-w02-compilation-on-hpc-AminGhavami/precice/precice-3.1.2/src/mesh/Data.hpp:11,
                 from /home/users/mghavami/y2425-w02-compilation-on-hpc-AminGhavami/precice/precice-3.1.2/src/mesh/Mesh.hpp:14,
                 from /home/users/mghavami/y2425-w02-compilation-on-hpc-AminGhavami/precice/precice-3.1.2/src/mapping/Mapping.hpp:6,
                 from /home/users/mghavami/y2425-w02-compilation-on-hpc-AminGhavami/precice/precice-3.1.2/src/action/Action.hpp:3,
                 from /home/users/mghavami/y2425-w02-compilation-on-hpc-AminGhavami/precice/precice-3.1.2/src/precice/impl/ParticipantImpl.hpp:10,
                 from /home/users/mghavami/y2425-w02-compilation-on-hpc-AminGhavami/precice/precice-3.1.2/tests/serial/map-if-necessary/three-solvers/with-substeps/../helper.hpp:5,
                 from /home/users/mghavami/y2425-w02-compilation-on-hpc-AminGhavami/precice/precice-3.1.2/tests/serial/map-if-necessary/three-solvers/with-substeps/SerialExplicit.cpp:3:
/opt/apps/resif/aion/2020b/epyc/software/Boost/1.74.0-GCC-10.2.0/include/boost/config/pragma_message.hpp:24:34: note: ‘#pragma message: This header is deprecated. Use <boost/range/iterator.hpp> instead.’
   24 | # define BOOST_PRAGMA_MESSAGE(x) _Pragma(BOOST_STRINGIZE(message(x)))
      |                                  ^~~~~~~
/opt/apps/resif/aion/2020b/epyc/software/Boost/1.74.0-GCC-10.2.0/include/boost/config/pragma_message.hpp:24:34: note: in definition of macro ‘BOOST_PRAGMA_MESSAGE’
   24 | # define BOOST_PRAGMA_MESSAGE(x) _Pragma(BOOST_STRINGIZE(message(x)))
      |                                  ^~~~~~~
/opt/apps/resif/aion/2020b/epyc/software/Boost/1.74.0-GCC-10.2.0/include/boost/range/result_iterator.hpp:20:1: note: in expansion of macro ‘BOOST_HEADER_DEPRECATED’
   20 | BOOST_HEADER_DEPRECATED("<boost/range/iterator.hpp>")
      | ^~~~~~~~~~~~~~~~~~~~~~~
/opt/apps/resif/aion/2020b/epyc/software/Boost/1.74.0-GCC-10.2.0/include/boost/config/pragma_message.hpp:24:34: note: ‘#pragma message: This header is deprecated. Use <boost/range/reverse_iterator.hpp> instead.’
   24 | # define BOOST_PRAGMA_MESSAGE(x) _Pragma(BOOST_STRINGIZE(message(x)))
      |                                  ^~~~~~~
/opt/apps/resif/aion/2020b/epyc/software/Boost/1.74.0-GCC-10.2.0/include/boost/config/pragma_message.hpp:24:34: note: in definition of macro ‘BOOST_PRAGMA_MESSAGE’
   24 | # define BOOST_PRAGMA_MESSAGE(x) _Pragma(BOOST_STRINGIZE(message(x)))
      |                                  ^~~~~~~
/opt/apps/resif/aion/2020b/epyc/software/Boost/1.74.0-GCC-10.2.0/include/boost/range/const_reverse_iterator.hpp:20:1: note: in expansion of macro ‘BOOST_HEADER_DEPRECATED’
   20 | BOOST_HEADER_DEPRECATED("<boost/range/reverse_iterator.hpp>")
      | ^~~~~~~~~~~~~~~~~~~~~~~
/opt/apps/resif/aion/2020b/epyc/software/Boost/1.74.0-GCC-10.2.0/include/boost/config/pragma_message.hpp:24:34: note: ‘#pragma message: This header is deprecated. Use <boost/range/reverse_iterator.hpp> instead.’
   24 | # define BOOST_PRAGMA_MESSAGE(x) _Pragma(BOOST_STRINGIZE(message(x)))
      |                                  ^~~~~~~
/opt/apps/resif/aion/2020b/epyc/software/Boost/1.74.0-GCC-10.2.0/include/boost/config/pragma_message.hpp:24:34: note: in definition of macro ‘BOOST_PRAGMA_MESSAGE’
   24 | # define BOOST_PRAGMA_MESSAGE(x) _Pragma(BOOST_STRINGIZE(message(x)))
      |                                  ^~~~~~~
/opt/apps/resif/aion/2020b/epyc/software/Boost/1.74.0-GCC-10.2.0/include/boost/range/reverse_result_iterator.hpp:20:1: note: in expansion of macro ‘BOOST_HEADER_DEPRECATED’
   20 | BOOST_HEADER_DEPRECATED("<boost/range/reverse_iterator.hpp>")
      | ^~~~~~~~~~~~~~~~~~~~~~~
In file included from /opt/apps/resif/aion/2020b/epyc/software/Boost/1.74.0-GCC-10.2.0/include/boost/config/header_deprecated.hpp:18,
                 from /opt/apps/resif/aion/2020b/epyc/software/Boost/1.74.0-GCC-10.2.0/include/boost/range/result_iterator.hpp:18,
                 from /opt/apps/resif/aion/2020b/epyc/software/Boost/1.74.0-GCC-10.2.0/include/boost/range/metafunctions.hpp:20,
                 from /opt/apps/resif/aion/2020b/epyc/software/Boost/1.74.0-GCC-10.2.0/include/boost/range.hpp:19,
                 from /home/users/mghavami/y2425-w02-compilation-on-hpc-AminGhavami/precice/precice-3.1.2/src/time/Storage.hpp:4,
                 from /home/users/mghavami/y2425-w02-compilation-on-hpc-AminGhavami/precice/precice-3.1.2/src/mesh/Data.hpp:11,
                 from /home/users/mghavami/y2425-w02-compilation-on-hpc-AminGhavami/precice/precice-3.1.2/src/mesh/Mesh.hpp:14,
                 from /home/users/mghavami/y2425-w02-compilation-on-hpc-AminGhavami/precice/precice-3.1.2/src/mapping/Mapping.hpp:6,
                 from /home/users/mghavami/y2425-w02-compilation-on-hpc-AminGhavami/precice/precice-3.1.2/src/action/Action.hpp:3,
                 from /home/users/mghavami/y2425-w02-compilation-on-hpc-AminGhavami/precice/precice-3.1.2/src/precice/impl/ParticipantImpl.hpp:10,
                 from /home/users/mghavami/y2425-w02-compilation-on-hpc-AminGhavami/precice/precice-3.1.2/tests/serial/map-if-necessary/three-solvers/with-substeps/../helper.hpp:5,
                 from /home/users/mghavami/y2425-w02-compilation-on-hpc-AminGhavami/precice/precice-3.1.2/tests/serial/map-if-necessary/three-solvers/with-substeps/SerialImplicit.cpp:3:
/opt/apps/resif/aion/2020b/epyc/software/Boost/1.74.0-GCC-10.2.0/include/boost/config/pragma_message.hpp:24:34: note: ‘#pragma message: This header is deprecated. Use <boost/range/iterator.hpp> instead.’
   24 | # define BOOST_PRAGMA_MESSAGE(x) _Pragma(BOOST_STRINGIZE(message(x)))
      |                                  ^~~~~~~
/opt/apps/resif/aion/2020b/epyc/software/Boost/1.74.0-GCC-10.2.0/include/boost/config/pragma_message.hpp:24:34: note: in definition of macro ‘BOOST_PRAGMA_MESSAGE’
   24 | # define BOOST_PRAGMA_MESSAGE(x) _Pragma(BOOST_STRINGIZE(message(x)))
      |                                  ^~~~~~~
/opt/apps/resif/aion/2020b/epyc/software/Boost/1.74.0-GCC-10.2.0/include/boost/range/result_iterator.hpp:20:1: note: in expansion of macro ‘BOOST_HEADER_DEPRECATED’
   20 | BOOST_HEADER_DEPRECATED("<boost/range/iterator.hpp>")
      | ^~~~~~~~~~~~~~~~~~~~~~~
/opt/apps/resif/aion/2020b/epyc/software/Boost/1.74.0-GCC-10.2.0/include/boost/config/pragma_message.hpp:24:34: note: ‘#pragma message: This header is deprecated. Use <boost/range/reverse_iterator.hpp> instead.’
   24 | # define BOOST_PRAGMA_MESSAGE(x) _Pragma(BOOST_STRINGIZE(message(x)))
      |                                  ^~~~~~~
/opt/apps/resif/aion/2020b/epyc/software/Boost/1.74.0-GCC-10.2.0/include/boost/config/pragma_message.hpp:24:34: note: in definition of macro ‘BOOST_PRAGMA_MESSAGE’
   24 | # define BOOST_PRAGMA_MESSAGE(x) _Pragma(BOOST_STRINGIZE(message(x)))
      |                                  ^~~~~~~
/opt/apps/resif/aion/2020b/epyc/software/Boost/1.74.0-GCC-10.2.0/include/boost/range/const_reverse_iterator.hpp:20:1: note: in expansion of macro ‘BOOST_HEADER_DEPRECATED’
   20 | BOOST_HEADER_DEPRECATED("<boost/range/reverse_iterator.hpp>")
      | ^~~~~~~~~~~~~~~~~~~~~~~
/opt/apps/resif/aion/2020b/epyc/software/Boost/1.74.0-GCC-10.2.0/include/boost/config/pragma_message.hpp:24:34: note: ‘#pragma message: This header is deprecated. Use <boost/range/reverse_iterator.hpp> instead.’
   24 | # define BOOST_PRAGMA_MESSAGE(x) _Pragma(BOOST_STRINGIZE(message(x)))
      |                                  ^~~~~~~
/opt/apps/resif/aion/2020b/epyc/software/Boost/1.74.0-GCC-10.2.0/include/boost/config/pragma_message.hpp:24:34: note: in definition of macro ‘BOOST_PRAGMA_MESSAGE’
   24 | # define BOOST_PRAGMA_MESSAGE(x) _Pragma(BOOST_STRINGIZE(message(x)))
      |                                  ^~~~~~~
/opt/apps/resif/aion/2020b/epyc/software/Boost/1.74.0-GCC-10.2.0/include/boost/range/reverse_result_iterator.hpp:20:1: note: in expansion of macro ‘BOOST_HEADER_DEPRECATED’
   20 | BOOST_HEADER_DEPRECATED("<boost/range/reverse_iterator.hpp>")
      | ^~~~~~~~~~~~~~~~~~~~~~~
[ 74%] Building CXX object CMakeFiles/testprecice.dir/tests/serial/map-if-necessary/two-solvers/mixed-substeps/SerialExplicit.cpp.o
[ 74%] Building CXX object CMakeFiles/testprecice.dir/tests/serial/map-if-necessary/two-solvers/mixed-substeps/SerialImplicit.cpp.o
[ 74%] Building CXX object CMakeFiles/testprecice.dir/tests/serial/map-if-necessary/two-solvers/with-substeps/ParallelExplicit.cpp.o
[ 74%] Building CXX object CMakeFiles/testprecice.dir/tests/serial/map-if-necessary/two-solvers/with-substeps/ParallelImplicit.cpp.o
[ 74%] Building CXX object CMakeFiles/testprecice.dir/tests/serial/map-if-necessary/two-solvers/with-substeps/SerialExplicit.cpp.o
In file included from /opt/apps/resif/aion/2020b/epyc/software/Boost/1.74.0-GCC-10.2.0/include/boost/config/header_deprecated.hpp:18,
                 from /opt/apps/resif/aion/2020b/epyc/software/Boost/1.74.0-GCC-10.2.0/include/boost/range/result_iterator.hpp:18,
                 from /opt/apps/resif/aion/2020b/epyc/software/Boost/1.74.0-GCC-10.2.0/include/boost/range/metafunctions.hpp:20,
                 from /opt/apps/resif/aion/2020b/epyc/software/Boost/1.74.0-GCC-10.2.0/include/boost/range.hpp:19,
                 from /home/users/mghavami/y2425-w02-compilation-on-hpc-AminGhavami/precice/precice-3.1.2/src/time/Storage.hpp:4,
                 from /home/users/mghavami/y2425-w02-compilation-on-hpc-AminGhavami/precice/precice-3.1.2/src/mesh/Data.hpp:11,
                 from /home/users/mghavami/y2425-w02-compilation-on-hpc-AminGhavami/precice/precice-3.1.2/src/mesh/Mesh.hpp:14,
                 from /home/users/mghavami/y2425-w02-compilation-on-hpc-AminGhavami/precice/precice-3.1.2/src/mapping/Mapping.hpp:6,
                 from /home/users/mghavami/y2425-w02-compilation-on-hpc-AminGhavami/precice/precice-3.1.2/src/action/Action.hpp:3,
                 from /home/users/mghavami/y2425-w02-compilation-on-hpc-AminGhavami/precice/precice-3.1.2/src/precice/impl/ParticipantImpl.hpp:10,
                 from /home/users/mghavami/y2425-w02-compilation-on-hpc-AminGhavami/precice/precice-3.1.2/tests/serial/map-if-necessary/three-solvers/without-substeps/../helper.hpp:5,
                 from /home/users/mghavami/y2425-w02-compilation-on-hpc-AminGhavami/precice/precice-3.1.2/tests/serial/map-if-necessary/three-solvers/without-substeps/ParallelExplicit.cpp:3:
/opt/apps/resif/aion/2020b/epyc/software/Boost/1.74.0-GCC-10.2.0/include/boost/config/pragma_message.hpp:24:34: note: ‘#pragma message: This header is deprecated. Use <boost/range/iterator.hpp> instead.’
   24 | # define BOOST_PRAGMA_MESSAGE(x) _Pragma(BOOST_STRINGIZE(message(x)))
      |                                  ^~~~~~~
/opt/apps/resif/aion/2020b/epyc/software/Boost/1.74.0-GCC-10.2.0/include/boost/config/pragma_message.hpp:24:34: note: in definition of macro ‘BOOST_PRAGMA_MESSAGE’
   24 | # define BOOST_PRAGMA_MESSAGE(x) _Pragma(BOOST_STRINGIZE(message(x)))
      |                                  ^~~~~~~
/opt/apps/resif/aion/2020b/epyc/software/Boost/1.74.0-GCC-10.2.0/include/boost/range/result_iterator.hpp:20:1: note: in expansion of macro ‘BOOST_HEADER_DEPRECATED’
   20 | BOOST_HEADER_DEPRECATED("<boost/range/iterator.hpp>")
      | ^~~~~~~~~~~~~~~~~~~~~~~
/opt/apps/resif/aion/2020b/epyc/software/Boost/1.74.0-GCC-10.2.0/include/boost/config/pragma_message.hpp:24:34: note: ‘#pragma message: This header is deprecated. Use <boost/range/reverse_iterator.hpp> instead.’
   24 | # define BOOST_PRAGMA_MESSAGE(x) _Pragma(BOOST_STRINGIZE(message(x)))
      |                                  ^~~~~~~
/opt/apps/resif/aion/2020b/epyc/software/Boost/1.74.0-GCC-10.2.0/include/boost/config/pragma_message.hpp:24:34: note: in definition of macro ‘BOOST_PRAGMA_MESSAGE’
   24 | # define BOOST_PRAGMA_MESSAGE(x) _Pragma(BOOST_STRINGIZE(message(x)))
      |                                  ^~~~~~~
/opt/apps/resif/aion/2020b/epyc/software/Boost/1.74.0-GCC-10.2.0/include/boost/range/const_reverse_iterator.hpp:20:1: note: in expansion of macro ‘BOOST_HEADER_DEPRECATED’
   20 | BOOST_HEADER_DEPRECATED("<boost/range/reverse_iterator.hpp>")
      | ^~~~~~~~~~~~~~~~~~~~~~~
/opt/apps/resif/aion/2020b/epyc/software/Boost/1.74.0-GCC-10.2.0/include/boost/config/pragma_message.hpp:24:34: note: ‘#pragma message: This header is deprecated. Use <boost/range/reverse_iterator.hpp> instead.’
   24 | # define BOOST_PRAGMA_MESSAGE(x) _Pragma(BOOST_STRINGIZE(message(x)))
      |                                  ^~~~~~~
/opt/apps/resif/aion/2020b/epyc/software/Boost/1.74.0-GCC-10.2.0/include/boost/config/pragma_message.hpp:24:34: note: in definition of macro ‘BOOST_PRAGMA_MESSAGE’
   24 | # define BOOST_PRAGMA_MESSAGE(x) _Pragma(BOOST_STRINGIZE(message(x)))
      |                                  ^~~~~~~
/opt/apps/resif/aion/2020b/epyc/software/Boost/1.74.0-GCC-10.2.0/include/boost/range/reverse_result_iterator.hpp:20:1: note: in expansion of macro ‘BOOST_HEADER_DEPRECATED’
   20 | BOOST_HEADER_DEPRECATED("<boost/range/reverse_iterator.hpp>")
      | ^~~~~~~~~~~~~~~~~~~~~~~
In file included from /opt/apps/resif/aion/2020b/epyc/software/Boost/1.74.0-GCC-10.2.0/include/boost/config/header_deprecated.hpp:18,
                 from /opt/apps/resif/aion/2020b/epyc/software/Boost/1.74.0-GCC-10.2.0/include/boost/range/result_iterator.hpp:18,
                 from /opt/apps/resif/aion/2020b/epyc/software/Boost/1.74.0-GCC-10.2.0/include/boost/range/metafunctions.hpp:20,
                 from /opt/apps/resif/aion/2020b/epyc/software/Boost/1.74.0-GCC-10.2.0/include/boost/range.hpp:19,
                 from /home/users/mghavami/y2425-w02-compilation-on-hpc-AminGhavami/precice/precice-3.1.2/src/time/Storage.hpp:4,
                 from /home/users/mghavami/y2425-w02-compilation-on-hpc-AminGhavami/precice/precice-3.1.2/src/mesh/Data.hpp:11,
                 from /home/users/mghavami/y2425-w02-compilation-on-hpc-AminGhavami/precice/precice-3.1.2/src/mesh/Mesh.hpp:14,
                 from /home/users/mghavami/y2425-w02-compilation-on-hpc-AminGhavami/precice/precice-3.1.2/src/mapping/Mapping.hpp:6,
                 from /home/users/mghavami/y2425-w02-compilation-on-hpc-AminGhavami/precice/precice-3.1.2/src/action/Action.hpp:3,
                 from /home/users/mghavami/y2425-w02-compilation-on-hpc-AminGhavami/precice/precice-3.1.2/src/precice/impl/ParticipantImpl.hpp:10,
                 from /home/users/mghavami/y2425-w02-compilation-on-hpc-AminGhavami/precice/precice-3.1.2/tests/serial/map-if-necessary/three-solvers/without-substeps/../helper.hpp:5,
                 from /home/users/mghavami/y2425-w02-compilation-on-hpc-AminGhavami/precice/precice-3.1.2/tests/serial/map-if-necessary/three-solvers/without-substeps/Multi.cpp:3:
/opt/apps/resif/aion/2020b/epyc/software/Boost/1.74.0-GCC-10.2.0/include/boost/config/pragma_message.hpp:24:34: note: ‘#pragma message: This header is deprecated. Use <boost/range/iterator.hpp> instead.’
   24 | # define BOOST_PRAGMA_MESSAGE(x) _Pragma(BOOST_STRINGIZE(message(x)))
      |                                  ^~~~~~~
/opt/apps/resif/aion/2020b/epyc/software/Boost/1.74.0-GCC-10.2.0/include/boost/config/pragma_message.hpp:24:34: note: in definition of macro ‘BOOST_PRAGMA_MESSAGE’
   24 | # define BOOST_PRAGMA_MESSAGE(x) _Pragma(BOOST_STRINGIZE(message(x)))
      |                                  ^~~~~~~
/opt/apps/resif/aion/2020b/epyc/software/Boost/1.74.0-GCC-10.2.0/include/boost/range/result_iterator.hpp:20:1: note: in expansion of macro ‘BOOST_HEADER_DEPRECATED’
   20 | BOOST_HEADER_DEPRECATED("<boost/range/iterator.hpp>")
      | ^~~~~~~~~~~~~~~~~~~~~~~
/opt/apps/resif/aion/2020b/epyc/software/Boost/1.74.0-GCC-10.2.0/include/boost/config/pragma_message.hpp:24:34: note: ‘#pragma message: This header is deprecated. Use <boost/range/reverse_iterator.hpp> instead.’
   24 | # define BOOST_PRAGMA_MESSAGE(x) _Pragma(BOOST_STRINGIZE(message(x)))
      |                                  ^~~~~~~
/opt/apps/resif/aion/2020b/epyc/software/Boost/1.74.0-GCC-10.2.0/include/boost/config/pragma_message.hpp:24:34: note: in definition of macro ‘BOOST_PRAGMA_MESSAGE’
   24 | # define BOOST_PRAGMA_MESSAGE(x) _Pragma(BOOST_STRINGIZE(message(x)))
      |                                  ^~~~~~~
/opt/apps/resif/aion/2020b/epyc/software/Boost/1.74.0-GCC-10.2.0/include/boost/range/const_reverse_iterator.hpp:20:1: note: in expansion of macro ‘BOOST_HEADER_DEPRECATED’
   20 | BOOST_HEADER_DEPRECATED("<boost/range/reverse_iterator.hpp>")
      | ^~~~~~~~~~~~~~~~~~~~~~~
/opt/apps/resif/aion/2020b/epyc/software/Boost/1.74.0-GCC-10.2.0/include/boost/config/pragma_message.hpp:24:34: note: ‘#pragma message: This header is deprecated. Use <boost/range/reverse_iterator.hpp> instead.’
   24 | # define BOOST_PRAGMA_MESSAGE(x) _Pragma(BOOST_STRINGIZE(message(x)))
      |                                  ^~~~~~~
/opt/apps/resif/aion/2020b/epyc/software/Boost/1.74.0-GCC-10.2.0/include/boost/config/pragma_message.hpp:24:34: note: in definition of macro ‘BOOST_PRAGMA_MESSAGE’
   24 | # define BOOST_PRAGMA_MESSAGE(x) _Pragma(BOOST_STRINGIZE(message(x)))
      |                                  ^~~~~~~
/opt/apps/resif/aion/2020b/epyc/software/Boost/1.74.0-GCC-10.2.0/include/boost/range/reverse_result_iterator.hpp:20:1: note: in expansion of macro ‘BOOST_HEADER_DEPRECATED’
   20 | BOOST_HEADER_DEPRECATED("<boost/range/reverse_iterator.hpp>")
      | ^~~~~~~~~~~~~~~~~~~~~~~
In file included from /opt/apps/resif/aion/2020b/epyc/software/Boost/1.74.0-GCC-10.2.0/include/boost/config/header_deprecated.hpp:18,
                 from /opt/apps/resif/aion/2020b/epyc/software/Boost/1.74.0-GCC-10.2.0/include/boost/range/result_iterator.hpp:18,
                 from /opt/apps/resif/aion/2020b/epyc/software/Boost/1.74.0-GCC-10.2.0/include/boost/range/metafunctions.hpp:20,
                 from /opt/apps/resif/aion/2020b/epyc/software/Boost/1.74.0-GCC-10.2.0/include/boost/range.hpp:19,
                 from /home/users/mghavami/y2425-w02-compilation-on-hpc-AminGhavami/precice/precice-3.1.2/src/time/Storage.hpp:4,
                 from /home/users/mghavami/y2425-w02-compilation-on-hpc-AminGhavami/precice/precice-3.1.2/src/mesh/Data.hpp:11,
                 from /home/users/mghavami/y2425-w02-compilation-on-hpc-AminGhavami/precice/precice-3.1.2/src/mesh/Mesh.hpp:14,
                 from /home/users/mghavami/y2425-w02-compilation-on-hpc-AminGhavami/precice/precice-3.1.2/src/mapping/Mapping.hpp:6,
                 from /home/users/mghavami/y2425-w02-compilation-on-hpc-AminGhavami/precice/precice-3.1.2/src/action/Action.hpp:3,
                 from /home/users/mghavami/y2425-w02-compilation-on-hpc-AminGhavami/precice/precice-3.1.2/src/precice/impl/ParticipantImpl.hpp:10,
                 from /home/users/mghavami/y2425-w02-compilation-on-hpc-AminGhavami/precice/precice-3.1.2/tests/serial/map-if-necessary/three-solvers/without-substeps/../helper.hpp:5,
                 from /home/users/mghavami/y2425-w02-compilation-on-hpc-AminGhavami/precice/precice-3.1.2/tests/serial/map-if-necessary/three-solvers/without-substeps/ParallelImplicit.cpp:3:
/opt/apps/resif/aion/2020b/epyc/software/Boost/1.74.0-GCC-10.2.0/include/boost/config/pragma_message.hpp:24:34: note: ‘#pragma message: This header is deprecated. Use <boost/range/iterator.hpp> instead.’
   24 | # define BOOST_PRAGMA_MESSAGE(x) _Pragma(BOOST_STRINGIZE(message(x)))
      |                                  ^~~~~~~
/opt/apps/resif/aion/2020b/epyc/software/Boost/1.74.0-GCC-10.2.0/include/boost/config/pragma_message.hpp:24:34: note: in definition of macro ‘BOOST_PRAGMA_MESSAGE’
   24 | # define BOOST_PRAGMA_MESSAGE(x) _Pragma(BOOST_STRINGIZE(message(x)))
      |                                  ^~~~~~~
/opt/apps/resif/aion/2020b/epyc/software/Boost/1.74.0-GCC-10.2.0/include/boost/range/result_iterator.hpp:20:1: note: in expansion of macro ‘BOOST_HEADER_DEPRECATED’
   20 | BOOST_HEADER_DEPRECATED("<boost/range/iterator.hpp>")
      | ^~~~~~~~~~~~~~~~~~~~~~~
/opt/apps/resif/aion/2020b/epyc/software/Boost/1.74.0-GCC-10.2.0/include/boost/config/pragma_message.hpp:24:34: note: ‘#pragma message: This header is deprecated. Use <boost/range/reverse_iterator.hpp> instead.’
   24 | # define BOOST_PRAGMA_MESSAGE(x) _Pragma(BOOST_STRINGIZE(message(x)))
      |                                  ^~~~~~~
/opt/apps/resif/aion/2020b/epyc/software/Boost/1.74.0-GCC-10.2.0/include/boost/config/pragma_message.hpp:24:34: note: in definition of macro ‘BOOST_PRAGMA_MESSAGE’
   24 | # define BOOST_PRAGMA_MESSAGE(x) _Pragma(BOOST_STRINGIZE(message(x)))
      |                                  ^~~~~~~
/opt/apps/resif/aion/2020b/epyc/software/Boost/1.74.0-GCC-10.2.0/include/boost/range/const_reverse_iterator.hpp:20:1: note: in expansion of macro ‘BOOST_HEADER_DEPRECATED’
   20 | BOOST_HEADER_DEPRECATED("<boost/range/reverse_iterator.hpp>")
      | ^~~~~~~~~~~~~~~~~~~~~~~
/opt/apps/resif/aion/2020b/epyc/software/Boost/1.74.0-GCC-10.2.0/include/boost/config/pragma_message.hpp:24:34: note: ‘#pragma message: This header is deprecated. Use <boost/range/reverse_iterator.hpp> instead.’
   24 | # define BOOST_PRAGMA_MESSAGE(x) _Pragma(BOOST_STRINGIZE(message(x)))
      |                                  ^~~~~~~
/opt/apps/resif/aion/2020b/epyc/software/Boost/1.74.0-GCC-10.2.0/include/boost/config/pragma_message.hpp:24:34: note: in definition of macro ‘BOOST_PRAGMA_MESSAGE’
   24 | # define BOOST_PRAGMA_MESSAGE(x) _Pragma(BOOST_STRINGIZE(message(x)))
      |                                  ^~~~~~~
/opt/apps/resif/aion/2020b/epyc/software/Boost/1.74.0-GCC-10.2.0/include/boost/range/reverse_result_iterator.hpp:20:1: note: in expansion of macro ‘BOOST_HEADER_DEPRECATED’
   20 | BOOST_HEADER_DEPRECATED("<boost/range/reverse_iterator.hpp>")
      | ^~~~~~~~~~~~~~~~~~~~~~~
In file included from /opt/apps/resif/aion/2020b/epyc/software/Boost/1.74.0-GCC-10.2.0/include/boost/config/header_deprecated.hpp:18,
                 from /opt/apps/resif/aion/2020b/epyc/software/Boost/1.74.0-GCC-10.2.0/include/boost/range/result_iterator.hpp:18,
                 from /opt/apps/resif/aion/2020b/epyc/software/Boost/1.74.0-GCC-10.2.0/include/boost/range/metafunctions.hpp:20,
                 from /opt/apps/resif/aion/2020b/epyc/software/Boost/1.74.0-GCC-10.2.0/include/boost/range.hpp:19,
                 from /home/users/mghavami/y2425-w02-compilation-on-hpc-AminGhavami/precice/precice-3.1.2/src/time/Storage.hpp:4,
                 from /home/users/mghavami/y2425-w02-compilation-on-hpc-AminGhavami/precice/precice-3.1.2/src/mesh/Data.hpp:11,
                 from /home/users/mghavami/y2425-w02-compilation-on-hpc-AminGhavami/precice/precice-3.1.2/src/mesh/Mesh.hpp:14,
                 from /home/users/mghavami/y2425-w02-compilation-on-hpc-AminGhavami/precice/precice-3.1.2/src/mapping/Mapping.hpp:6,
                 from /home/users/mghavami/y2425-w02-compilation-on-hpc-AminGhavami/precice/precice-3.1.2/src/action/Action.hpp:3,
                 from /home/users/mghavami/y2425-w02-compilation-on-hpc-AminGhavami/precice/precice-3.1.2/src/precice/impl/ParticipantImpl.hpp:10,
                 from /home/users/mghavami/y2425-w02-compilation-on-hpc-AminGhavami/precice/precice-3.1.2/tests/serial/map-if-necessary/three-solvers/without-substeps/../helper.hpp:5,
                 from /home/users/mghavami/y2425-w02-compilation-on-hpc-AminGhavami/precice/precice-3.1.2/tests/serial/map-if-necessary/three-solvers/without-substeps/SerialImplicit.cpp:3:
/opt/apps/resif/aion/2020b/epyc/software/Boost/1.74.0-GCC-10.2.0/include/boost/config/pragma_message.hpp:24:34: note: ‘#pragma message: This header is deprecated. Use <boost/range/iterator.hpp> instead.’
   24 | # define BOOST_PRAGMA_MESSAGE(x) _Pragma(BOOST_STRINGIZE(message(x)))
      |                                  ^~~~~~~
/opt/apps/resif/aion/2020b/epyc/software/Boost/1.74.0-GCC-10.2.0/include/boost/config/pragma_message.hpp:24:34: note: in definition of macro ‘BOOST_PRAGMA_MESSAGE’
   24 | # define BOOST_PRAGMA_MESSAGE(x) _Pragma(BOOST_STRINGIZE(message(x)))
      |                                  ^~~~~~~
/opt/apps/resif/aion/2020b/epyc/software/Boost/1.74.0-GCC-10.2.0/include/boost/range/result_iterator.hpp:20:1: note: in expansion of macro ‘BOOST_HEADER_DEPRECATED’
   20 | BOOST_HEADER_DEPRECATED("<boost/range/iterator.hpp>")
      | ^~~~~~~~~~~~~~~~~~~~~~~
/opt/apps/resif/aion/2020b/epyc/software/Boost/1.74.0-GCC-10.2.0/include/boost/config/pragma_message.hpp:24:34: note: ‘#pragma message: This header is deprecated. Use <boost/range/reverse_iterator.hpp> instead.’
   24 | # define BOOST_PRAGMA_MESSAGE(x) _Pragma(BOOST_STRINGIZE(message(x)))
      |                                  ^~~~~~~
/opt/apps/resif/aion/2020b/epyc/software/Boost/1.74.0-GCC-10.2.0/include/boost/config/pragma_message.hpp:24:34: note: in definition of macro ‘BOOST_PRAGMA_MESSAGE’
   24 | # define BOOST_PRAGMA_MESSAGE(x) _Pragma(BOOST_STRINGIZE(message(x)))
      |                                  ^~~~~~~
/opt/apps/resif/aion/2020b/epyc/software/Boost/1.74.0-GCC-10.2.0/include/boost/range/const_reverse_iterator.hpp:20:1: note: in expansion of macro ‘BOOST_HEADER_DEPRECATED’
   20 | BOOST_HEADER_DEPRECATED("<boost/range/reverse_iterator.hpp>")
      | ^~~~~~~~~~~~~~~~~~~~~~~
/opt/apps/resif/aion/2020b/epyc/software/Boost/1.74.0-GCC-10.2.0/include/boost/config/pragma_message.hpp:24:34: note: ‘#pragma message: This header is deprecated. Use <boost/range/reverse_iterator.hpp> instead.’
   24 | # define BOOST_PRAGMA_MESSAGE(x) _Pragma(BOOST_STRINGIZE(message(x)))
      |                                  ^~~~~~~
/opt/apps/resif/aion/2020b/epyc/software/Boost/1.74.0-GCC-10.2.0/include/boost/config/pragma_message.hpp:24:34: note: in definition of macro ‘BOOST_PRAGMA_MESSAGE’
   24 | # define BOOST_PRAGMA_MESSAGE(x) _Pragma(BOOST_STRINGIZE(message(x)))
      |                                  ^~~~~~~
/opt/apps/resif/aion/2020b/epyc/software/Boost/1.74.0-GCC-10.2.0/include/boost/range/reverse_result_iterator.hpp:20:1: note: in expansion of macro ‘BOOST_HEADER_DEPRECATED’
   20 | BOOST_HEADER_DEPRECATED("<boost/range/reverse_iterator.hpp>")
      | ^~~~~~~~~~~~~~~~~~~~~~~
[ 75%] Building CXX object CMakeFiles/testprecice.dir/tests/serial/map-if-necessary/two-solvers/with-substeps/SerialImplicit.cpp.o
[ 75%] Building CXX object CMakeFiles/testprecice.dir/tests/serial/map-if-necessary/two-solvers/without-substeps/ParallelExplicit.cpp.o
In file included from /opt/apps/resif/aion/2020b/epyc/software/Boost/1.74.0-GCC-10.2.0/include/boost/config/header_deprecated.hpp:18,
                 from /opt/apps/resif/aion/2020b/epyc/software/Boost/1.74.0-GCC-10.2.0/include/boost/range/result_iterator.hpp:18,
                 from /opt/apps/resif/aion/2020b/epyc/software/Boost/1.74.0-GCC-10.2.0/include/boost/range/metafunctions.hpp:20,
                 from /opt/apps/resif/aion/2020b/epyc/software/Boost/1.74.0-GCC-10.2.0/include/boost/range.hpp:19,
                 from /home/users/mghavami/y2425-w02-compilation-on-hpc-AminGhavami/precice/precice-3.1.2/src/time/Storage.hpp:4,
                 from /home/users/mghavami/y2425-w02-compilation-on-hpc-AminGhavami/precice/precice-3.1.2/src/mesh/Data.hpp:11,
                 from /home/users/mghavami/y2425-w02-compilation-on-hpc-AminGhavami/precice/precice-3.1.2/src/mesh/Mesh.hpp:14,
                 from /home/users/mghavami/y2425-w02-compilation-on-hpc-AminGhavami/precice/precice-3.1.2/src/mapping/Mapping.hpp:6,
                 from /home/users/mghavami/y2425-w02-compilation-on-hpc-AminGhavami/precice/precice-3.1.2/src/action/Action.hpp:3,
                 from /home/users/mghavami/y2425-w02-compilation-on-hpc-AminGhavami/precice/precice-3.1.2/src/precice/impl/ParticipantImpl.hpp:10,
                 from /home/users/mghavami/y2425-w02-compilation-on-hpc-AminGhavami/precice/precice-3.1.2/tests/serial/map-if-necessary/three-solvers/without-substeps/../helper.hpp:5,
                 from /home/users/mghavami/y2425-w02-compilation-on-hpc-AminGhavami/precice/precice-3.1.2/tests/serial/map-if-necessary/three-solvers/without-substeps/SerialExplicit.cpp:3:
/opt/apps/resif/aion/2020b/epyc/software/Boost/1.74.0-GCC-10.2.0/include/boost/config/pragma_message.hpp:24:34: note: ‘#pragma message: This header is deprecated. Use <boost/range/iterator.hpp> instead.’
   24 | # define BOOST_PRAGMA_MESSAGE(x) _Pragma(BOOST_STRINGIZE(message(x)))
      |                                  ^~~~~~~
/opt/apps/resif/aion/2020b/epyc/software/Boost/1.74.0-GCC-10.2.0/include/boost/config/pragma_message.hpp:24:34: note: in definition of macro ‘BOOST_PRAGMA_MESSAGE’
   24 | # define BOOST_PRAGMA_MESSAGE(x) _Pragma(BOOST_STRINGIZE(message(x)))
      |                                  ^~~~~~~
/opt/apps/resif/aion/2020b/epyc/software/Boost/1.74.0-GCC-10.2.0/include/boost/range/result_iterator.hpp:20:1: note: in expansion of macro ‘BOOST_HEADER_DEPRECATED’
   20 | BOOST_HEADER_DEPRECATED("<boost/range/iterator.hpp>")
      | ^~~~~~~~~~~~~~~~~~~~~~~
/opt/apps/resif/aion/2020b/epyc/software/Boost/1.74.0-GCC-10.2.0/include/boost/config/pragma_message.hpp:24:34: note: ‘#pragma message: This header is deprecated. Use <boost/range/reverse_iterator.hpp> instead.’
   24 | # define BOOST_PRAGMA_MESSAGE(x) _Pragma(BOOST_STRINGIZE(message(x)))
      |                                  ^~~~~~~
/opt/apps/resif/aion/2020b/epyc/software/Boost/1.74.0-GCC-10.2.0/include/boost/config/pragma_message.hpp:24:34: note: in definition of macro ‘BOOST_PRAGMA_MESSAGE’
   24 | # define BOOST_PRAGMA_MESSAGE(x) _Pragma(BOOST_STRINGIZE(message(x)))
      |                                  ^~~~~~~
/opt/apps/resif/aion/2020b/epyc/software/Boost/1.74.0-GCC-10.2.0/include/boost/range/const_reverse_iterator.hpp:20:1: note: in expansion of macro ‘BOOST_HEADER_DEPRECATED’
   20 | BOOST_HEADER_DEPRECATED("<boost/range/reverse_iterator.hpp>")
      | ^~~~~~~~~~~~~~~~~~~~~~~
/opt/apps/resif/aion/2020b/epyc/software/Boost/1.74.0-GCC-10.2.0/include/boost/config/pragma_message.hpp:24:34: note: ‘#pragma message: This header is deprecated. Use <boost/range/reverse_iterator.hpp> instead.’
   24 | # define BOOST_PRAGMA_MESSAGE(x) _Pragma(BOOST_STRINGIZE(message(x)))
      |                                  ^~~~~~~
/opt/apps/resif/aion/2020b/epyc/software/Boost/1.74.0-GCC-10.2.0/include/boost/config/pragma_message.hpp:24:34: note: in definition of macro ‘BOOST_PRAGMA_MESSAGE’
   24 | # define BOOST_PRAGMA_MESSAGE(x) _Pragma(BOOST_STRINGIZE(message(x)))
      |                                  ^~~~~~~
/opt/apps/resif/aion/2020b/epyc/software/Boost/1.74.0-GCC-10.2.0/include/boost/range/reverse_result_iterator.hpp:20:1: note: in expansion of macro ‘BOOST_HEADER_DEPRECATED’
   20 | BOOST_HEADER_DEPRECATED("<boost/range/reverse_iterator.hpp>")
      | ^~~~~~~~~~~~~~~~~~~~~~~
[ 75%] Building CXX object CMakeFiles/testprecice.dir/tests/serial/map-if-necessary/two-solvers/without-substeps/ParallelImplicit.cpp.o
In file included from /opt/apps/resif/aion/2020b/epyc/software/Boost/1.74.0-GCC-10.2.0/include/boost/config/header_deprecated.hpp:18,
                 from /opt/apps/resif/aion/2020b/epyc/software/Boost/1.74.0-GCC-10.2.0/include/boost/range/result_iterator.hpp:18,
                 from /opt/apps/resif/aion/2020b/epyc/software/Boost/1.74.0-GCC-10.2.0/include/boost/range/metafunctions.hpp:20,
                 from /opt/apps/resif/aion/2020b/epyc/software/Boost/1.74.0-GCC-10.2.0/include/boost/range.hpp:19,
                 from /home/users/mghavami/y2425-w02-compilation-on-hpc-AminGhavami/precice/precice-3.1.2/src/time/Storage.hpp:4,
                 from /home/users/mghavami/y2425-w02-compilation-on-hpc-AminGhavami/precice/precice-3.1.2/src/mesh/Data.hpp:11,
                 from /home/users/mghavami/y2425-w02-compilation-on-hpc-AminGhavami/precice/precice-3.1.2/src/mesh/Mesh.hpp:14,
                 from /home/users/mghavami/y2425-w02-compilation-on-hpc-AminGhavami/precice/precice-3.1.2/src/mapping/Mapping.hpp:6,
                 from /home/users/mghavami/y2425-w02-compilation-on-hpc-AminGhavami/precice/precice-3.1.2/src/action/Action.hpp:3,
                 from /home/users/mghavami/y2425-w02-compilation-on-hpc-AminGhavami/precice/precice-3.1.2/src/precice/impl/ParticipantImpl.hpp:10,
                 from /home/users/mghavami/y2425-w02-compilation-on-hpc-AminGhavami/precice/precice-3.1.2/tests/serial/map-if-necessary/two-solvers/mixed-substeps/../helper.hpp:5,
                 from /home/users/mghavami/y2425-w02-compilation-on-hpc-AminGhavami/precice/precice-3.1.2/tests/serial/map-if-necessary/two-solvers/mixed-substeps/ParallelImplicit.cpp:3:
/opt/apps/resif/aion/2020b/epyc/software/Boost/1.74.0-GCC-10.2.0/include/boost/config/pragma_message.hpp:24:34: note: ‘#pragma message: This header is deprecated. Use <boost/range/iterator.hpp> instead.’
   24 | # define BOOST_PRAGMA_MESSAGE(x) _Pragma(BOOST_STRINGIZE(message(x)))
      |                                  ^~~~~~~
/opt/apps/resif/aion/2020b/epyc/software/Boost/1.74.0-GCC-10.2.0/include/boost/config/pragma_message.hpp:24:34: note: in definition of macro ‘BOOST_PRAGMA_MESSAGE’
   24 | # define BOOST_PRAGMA_MESSAGE(x) _Pragma(BOOST_STRINGIZE(message(x)))
      |                                  ^~~~~~~
/opt/apps/resif/aion/2020b/epyc/software/Boost/1.74.0-GCC-10.2.0/include/boost/range/result_iterator.hpp:20:1: note: in expansion of macro ‘BOOST_HEADER_DEPRECATED’
   20 | BOOST_HEADER_DEPRECATED("<boost/range/iterator.hpp>")
      | ^~~~~~~~~~~~~~~~~~~~~~~
/opt/apps/resif/aion/2020b/epyc/software/Boost/1.74.0-GCC-10.2.0/include/boost/config/pragma_message.hpp:24:34: note: ‘#pragma message: This header is deprecated. Use <boost/range/reverse_iterator.hpp> instead.’
   24 | # define BOOST_PRAGMA_MESSAGE(x) _Pragma(BOOST_STRINGIZE(message(x)))
      |                                  ^~~~~~~
/opt/apps/resif/aion/2020b/epyc/software/Boost/1.74.0-GCC-10.2.0/include/boost/config/pragma_message.hpp:24:34: note: in definition of macro ‘BOOST_PRAGMA_MESSAGE’
   24 | # define BOOST_PRAGMA_MESSAGE(x) _Pragma(BOOST_STRINGIZE(message(x)))
      |                                  ^~~~~~~
/opt/apps/resif/aion/2020b/epyc/software/Boost/1.74.0-GCC-10.2.0/include/boost/range/const_reverse_iterator.hpp:20:1: note: in expansion of macro ‘BOOST_HEADER_DEPRECATED’
   20 | BOOST_HEADER_DEPRECATED("<boost/range/reverse_iterator.hpp>")
      | ^~~~~~~~~~~~~~~~~~~~~~~
/opt/apps/resif/aion/2020b/epyc/software/Boost/1.74.0-GCC-10.2.0/include/boost/config/pragma_message.hpp:24:34: note: ‘#pragma message: This header is deprecated. Use <boost/range/reverse_iterator.hpp> instead.’
   24 | # define BOOST_PRAGMA_MESSAGE(x) _Pragma(BOOST_STRINGIZE(message(x)))
      |                                  ^~~~~~~
/opt/apps/resif/aion/2020b/epyc/software/Boost/1.74.0-GCC-10.2.0/include/boost/config/pragma_message.hpp:24:34: note: in definition of macro ‘BOOST_PRAGMA_MESSAGE’
   24 | # define BOOST_PRAGMA_MESSAGE(x) _Pragma(BOOST_STRINGIZE(message(x)))
      |                                  ^~~~~~~
/opt/apps/resif/aion/2020b/epyc/software/Boost/1.74.0-GCC-10.2.0/include/boost/range/reverse_result_iterator.hpp:20:1: note: in expansion of macro ‘BOOST_HEADER_DEPRECATED’
   20 | BOOST_HEADER_DEPRECATED("<boost/range/reverse_iterator.hpp>")
      | ^~~~~~~~~~~~~~~~~~~~~~~
In file included from /opt/apps/resif/aion/2020b/epyc/software/Boost/1.74.0-GCC-10.2.0/include/boost/config/header_deprecated.hpp:18,
                 from /opt/apps/resif/aion/2020b/epyc/software/Boost/1.74.0-GCC-10.2.0/include/boost/range/result_iterator.hpp:18,
                 from /opt/apps/resif/aion/2020b/epyc/software/Boost/1.74.0-GCC-10.2.0/include/boost/range/metafunctions.hpp:20,
                 from /opt/apps/resif/aion/2020b/epyc/software/Boost/1.74.0-GCC-10.2.0/include/boost/range.hpp:19,
                 from /home/users/mghavami/y2425-w02-compilation-on-hpc-AminGhavami/precice/precice-3.1.2/src/time/Storage.hpp:4,
                 from /home/users/mghavami/y2425-w02-compilation-on-hpc-AminGhavami/precice/precice-3.1.2/src/mesh/Data.hpp:11,
                 from /home/users/mghavami/y2425-w02-compilation-on-hpc-AminGhavami/precice/precice-3.1.2/src/mesh/Mesh.hpp:14,
                 from /home/users/mghavami/y2425-w02-compilation-on-hpc-AminGhavami/precice/precice-3.1.2/src/mapping/Mapping.hpp:6,
                 from /home/users/mghavami/y2425-w02-compilation-on-hpc-AminGhavami/precice/precice-3.1.2/src/action/Action.hpp:3,
                 from /home/users/mghavami/y2425-w02-compilation-on-hpc-AminGhavami/precice/precice-3.1.2/src/precice/impl/ParticipantImpl.hpp:10,
                 from /home/users/mghavami/y2425-w02-compilation-on-hpc-AminGhavami/precice/precice-3.1.2/tests/serial/map-if-necessary/two-solvers/mixed-substeps/../helper.hpp:5,
                 from /home/users/mghavami/y2425-w02-compilation-on-hpc-AminGhavami/precice/precice-3.1.2/tests/serial/map-if-necessary/two-solvers/mixed-substeps/ParallelExplicit.cpp:3:
/opt/apps/resif/aion/2020b/epyc/software/Boost/1.74.0-GCC-10.2.0/include/boost/config/pragma_message.hpp:24:34: note: ‘#pragma message: This header is deprecated. Use <boost/range/iterator.hpp> instead.’
   24 | # define BOOST_PRAGMA_MESSAGE(x) _Pragma(BOOST_STRINGIZE(message(x)))
      |                                  ^~~~~~~
/opt/apps/resif/aion/2020b/epyc/software/Boost/1.74.0-GCC-10.2.0/include/boost/config/pragma_message.hpp:24:34: note: in definition of macro ‘BOOST_PRAGMA_MESSAGE’
   24 | # define BOOST_PRAGMA_MESSAGE(x) _Pragma(BOOST_STRINGIZE(message(x)))
      |                                  ^~~~~~~
/opt/apps/resif/aion/2020b/epyc/software/Boost/1.74.0-GCC-10.2.0/include/boost/range/result_iterator.hpp:20:1: note: in expansion of macro ‘BOOST_HEADER_DEPRECATED’
   20 | BOOST_HEADER_DEPRECATED("<boost/range/iterator.hpp>")
      | ^~~~~~~~~~~~~~~~~~~~~~~
/opt/apps/resif/aion/2020b/epyc/software/Boost/1.74.0-GCC-10.2.0/include/boost/config/pragma_message.hpp:24:34: note: ‘#pragma message: This header is deprecated. Use <boost/range/reverse_iterator.hpp> instead.’
   24 | # define BOOST_PRAGMA_MESSAGE(x) _Pragma(BOOST_STRINGIZE(message(x)))
      |                                  ^~~~~~~
/opt/apps/resif/aion/2020b/epyc/software/Boost/1.74.0-GCC-10.2.0/include/boost/config/pragma_message.hpp:24:34: note: in definition of macro ‘BOOST_PRAGMA_MESSAGE’
   24 | # define BOOST_PRAGMA_MESSAGE(x) _Pragma(BOOST_STRINGIZE(message(x)))
      |                                  ^~~~~~~
/opt/apps/resif/aion/2020b/epyc/software/Boost/1.74.0-GCC-10.2.0/include/boost/range/const_reverse_iterator.hpp:20:1: note: in expansion of macro ‘BOOST_HEADER_DEPRECATED’
   20 | BOOST_HEADER_DEPRECATED("<boost/range/reverse_iterator.hpp>")
      | ^~~~~~~~~~~~~~~~~~~~~~~
/opt/apps/resif/aion/2020b/epyc/software/Boost/1.74.0-GCC-10.2.0/include/boost/config/pragma_message.hpp:24:34: note: ‘#pragma message: This header is deprecated. Use <boost/range/reverse_iterator.hpp> instead.’
   24 | # define BOOST_PRAGMA_MESSAGE(x) _Pragma(BOOST_STRINGIZE(message(x)))
      |                                  ^~~~~~~
/opt/apps/resif/aion/2020b/epyc/software/Boost/1.74.0-GCC-10.2.0/include/boost/config/pragma_message.hpp:24:34: note: in definition of macro ‘BOOST_PRAGMA_MESSAGE’
   24 | # define BOOST_PRAGMA_MESSAGE(x) _Pragma(BOOST_STRINGIZE(message(x)))
      |                                  ^~~~~~~
/opt/apps/resif/aion/2020b/epyc/software/Boost/1.74.0-GCC-10.2.0/include/boost/range/reverse_result_iterator.hpp:20:1: note: in expansion of macro ‘BOOST_HEADER_DEPRECATED’
   20 | BOOST_HEADER_DEPRECATED("<boost/range/reverse_iterator.hpp>")
      | ^~~~~~~~~~~~~~~~~~~~~~~
[ 75%] Building CXX object CMakeFiles/testprecice.dir/tests/serial/map-if-necessary/two-solvers/without-substeps/SerialExplicit.cpp.o
In file included from /opt/apps/resif/aion/2020b/epyc/software/Boost/1.74.0-GCC-10.2.0/include/boost/config/header_deprecated.hpp:18,
                 from /opt/apps/resif/aion/2020b/epyc/software/Boost/1.74.0-GCC-10.2.0/include/boost/range/result_iterator.hpp:18,
                 from /opt/apps/resif/aion/2020b/epyc/software/Boost/1.74.0-GCC-10.2.0/include/boost/range/metafunctions.hpp:20,
                 from /opt/apps/resif/aion/2020b/epyc/software/Boost/1.74.0-GCC-10.2.0/include/boost/range.hpp:19,
                 from /home/users/mghavami/y2425-w02-compilation-on-hpc-AminGhavami/precice/precice-3.1.2/src/time/Storage.hpp:4,
                 from /home/users/mghavami/y2425-w02-compilation-on-hpc-AminGhavami/precice/precice-3.1.2/src/mesh/Data.hpp:11,
                 from /home/users/mghavami/y2425-w02-compilation-on-hpc-AminGhavami/precice/precice-3.1.2/src/mesh/Mesh.hpp:14,
                 from /home/users/mghavami/y2425-w02-compilation-on-hpc-AminGhavami/precice/precice-3.1.2/src/mapping/Mapping.hpp:6,
                 from /home/users/mghavami/y2425-w02-compilation-on-hpc-AminGhavami/precice/precice-3.1.2/src/action/Action.hpp:3,
                 from /home/users/mghavami/y2425-w02-compilation-on-hpc-AminGhavami/precice/precice-3.1.2/src/precice/impl/ParticipantImpl.hpp:10,
                 from /home/users/mghavami/y2425-w02-compilation-on-hpc-AminGhavami/precice/precice-3.1.2/tests/serial/map-if-necessary/two-solvers/mixed-substeps/../helper.hpp:5,
                 from /home/users/mghavami/y2425-w02-compilation-on-hpc-AminGhavami/precice/precice-3.1.2/tests/serial/map-if-necessary/two-solvers/mixed-substeps/SerialExplicit.cpp:3:
/opt/apps/resif/aion/2020b/epyc/software/Boost/1.74.0-GCC-10.2.0/include/boost/config/pragma_message.hpp:24:34: note: ‘#pragma message: This header is deprecated. Use <boost/range/iterator.hpp> instead.’
   24 | # define BOOST_PRAGMA_MESSAGE(x) _Pragma(BOOST_STRINGIZE(message(x)))
      |                                  ^~~~~~~
/opt/apps/resif/aion/2020b/epyc/software/Boost/1.74.0-GCC-10.2.0/include/boost/config/pragma_message.hpp:24:34: note: in definition of macro ‘BOOST_PRAGMA_MESSAGE’
   24 | # define BOOST_PRAGMA_MESSAGE(x) _Pragma(BOOST_STRINGIZE(message(x)))
      |                                  ^~~~~~~
/opt/apps/resif/aion/2020b/epyc/software/Boost/1.74.0-GCC-10.2.0/include/boost/range/result_iterator.hpp:20:1: note: in expansion of macro ‘BOOST_HEADER_DEPRECATED’
   20 | BOOST_HEADER_DEPRECATED("<boost/range/iterator.hpp>")
      | ^~~~~~~~~~~~~~~~~~~~~~~
/opt/apps/resif/aion/2020b/epyc/software/Boost/1.74.0-GCC-10.2.0/include/boost/config/pragma_message.hpp:24:34: note: ‘#pragma message: This header is deprecated. Use <boost/range/reverse_iterator.hpp> instead.’
   24 | # define BOOST_PRAGMA_MESSAGE(x) _Pragma(BOOST_STRINGIZE(message(x)))
      |                                  ^~~~~~~
/opt/apps/resif/aion/2020b/epyc/software/Boost/1.74.0-GCC-10.2.0/include/boost/config/pragma_message.hpp:24:34: note: in definition of macro ‘BOOST_PRAGMA_MESSAGE’
   24 | # define BOOST_PRAGMA_MESSAGE(x) _Pragma(BOOST_STRINGIZE(message(x)))
      |                                  ^~~~~~~
/opt/apps/resif/aion/2020b/epyc/software/Boost/1.74.0-GCC-10.2.0/include/boost/range/const_reverse_iterator.hpp:20:1: note: in expansion of macro ‘BOOST_HEADER_DEPRECATED’
   20 | BOOST_HEADER_DEPRECATED("<boost/range/reverse_iterator.hpp>")
      | ^~~~~~~~~~~~~~~~~~~~~~~
/opt/apps/resif/aion/2020b/epyc/software/Boost/1.74.0-GCC-10.2.0/include/boost/config/pragma_message.hpp:24:34: note: ‘#pragma message: This header is deprecated. Use <boost/range/reverse_iterator.hpp> instead.’
   24 | # define BOOST_PRAGMA_MESSAGE(x) _Pragma(BOOST_STRINGIZE(message(x)))
      |                                  ^~~~~~~
/opt/apps/resif/aion/2020b/epyc/software/Boost/1.74.0-GCC-10.2.0/include/boost/config/pragma_message.hpp:24:34: note: in definition of macro ‘BOOST_PRAGMA_MESSAGE’
   24 | # define BOOST_PRAGMA_MESSAGE(x) _Pragma(BOOST_STRINGIZE(message(x)))
      |                                  ^~~~~~~
/opt/apps/resif/aion/2020b/epyc/software/Boost/1.74.0-GCC-10.2.0/include/boost/range/reverse_result_iterator.hpp:20:1: note: in expansion of macro ‘BOOST_HEADER_DEPRECATED’
   20 | BOOST_HEADER_DEPRECATED("<boost/range/reverse_iterator.hpp>")
      | ^~~~~~~~~~~~~~~~~~~~~~~
[ 75%] Building CXX object CMakeFiles/testprecice.dir/tests/serial/map-if-necessary/two-solvers/without-substeps/SerialImplicit.cpp.o
[ 76%] Building CXX object CMakeFiles/testprecice.dir/tests/serial/map-initial-data/non-zero-data/ParallelRead.cpp.o
In file included from /opt/apps/resif/aion/2020b/epyc/software/Boost/1.74.0-GCC-10.2.0/include/boost/config/header_deprecated.hpp:18,
                 from /opt/apps/resif/aion/2020b/epyc/software/Boost/1.74.0-GCC-10.2.0/include/boost/range/result_iterator.hpp:18,
                 from /opt/apps/resif/aion/2020b/epyc/software/Boost/1.74.0-GCC-10.2.0/include/boost/range/metafunctions.hpp:20,
                 from /opt/apps/resif/aion/2020b/epyc/software/Boost/1.74.0-GCC-10.2.0/include/boost/range.hpp:19,
                 from /home/users/mghavami/y2425-w02-compilation-on-hpc-AminGhavami/precice/precice-3.1.2/src/time/Storage.hpp:4,
                 from /home/users/mghavami/y2425-w02-compilation-on-hpc-AminGhavami/precice/precice-3.1.2/src/mesh/Data.hpp:11,
                 from /home/users/mghavami/y2425-w02-compilation-on-hpc-AminGhavami/precice/precice-3.1.2/src/mesh/Mesh.hpp:14,
                 from /home/users/mghavami/y2425-w02-compilation-on-hpc-AminGhavami/precice/precice-3.1.2/src/mapping/Mapping.hpp:6,
                 from /home/users/mghavami/y2425-w02-compilation-on-hpc-AminGhavami/precice/precice-3.1.2/src/action/Action.hpp:3,
                 from /home/users/mghavami/y2425-w02-compilation-on-hpc-AminGhavami/precice/precice-3.1.2/src/precice/impl/ParticipantImpl.hpp:10,
                 from /home/users/mghavami/y2425-w02-compilation-on-hpc-AminGhavami/precice/precice-3.1.2/tests/serial/map-if-necessary/two-solvers/mixed-substeps/../helper.hpp:5,
                 from /home/users/mghavami/y2425-w02-compilation-on-hpc-AminGhavami/precice/precice-3.1.2/tests/serial/map-if-necessary/two-solvers/mixed-substeps/SerialImplicit.cpp:3:
/opt/apps/resif/aion/2020b/epyc/software/Boost/1.74.0-GCC-10.2.0/include/boost/config/pragma_message.hpp:24:34: note: ‘#pragma message: This header is deprecated. Use <boost/range/iterator.hpp> instead.’
   24 | # define BOOST_PRAGMA_MESSAGE(x) _Pragma(BOOST_STRINGIZE(message(x)))
      |                                  ^~~~~~~
/opt/apps/resif/aion/2020b/epyc/software/Boost/1.74.0-GCC-10.2.0/include/boost/config/pragma_message.hpp:24:34: note: in definition of macro ‘BOOST_PRAGMA_MESSAGE’
   24 | # define BOOST_PRAGMA_MESSAGE(x) _Pragma(BOOST_STRINGIZE(message(x)))
      |                                  ^~~~~~~
/opt/apps/resif/aion/2020b/epyc/software/Boost/1.74.0-GCC-10.2.0/include/boost/range/result_iterator.hpp:20:1: note: in expansion of macro ‘BOOST_HEADER_DEPRECATED’
   20 | BOOST_HEADER_DEPRECATED("<boost/range/iterator.hpp>")
      | ^~~~~~~~~~~~~~~~~~~~~~~
/opt/apps/resif/aion/2020b/epyc/software/Boost/1.74.0-GCC-10.2.0/include/boost/config/pragma_message.hpp:24:34: note: ‘#pragma message: This header is deprecated. Use <boost/range/reverse_iterator.hpp> instead.’
   24 | # define BOOST_PRAGMA_MESSAGE(x) _Pragma(BOOST_STRINGIZE(message(x)))
      |                                  ^~~~~~~
/opt/apps/resif/aion/2020b/epyc/software/Boost/1.74.0-GCC-10.2.0/include/boost/config/pragma_message.hpp:24:34: note: in definition of macro ‘BOOST_PRAGMA_MESSAGE’
   24 | # define BOOST_PRAGMA_MESSAGE(x) _Pragma(BOOST_STRINGIZE(message(x)))
      |                                  ^~~~~~~
/opt/apps/resif/aion/2020b/epyc/software/Boost/1.74.0-GCC-10.2.0/include/boost/range/const_reverse_iterator.hpp:20:1: note: in expansion of macro ‘BOOST_HEADER_DEPRECATED’
   20 | BOOST_HEADER_DEPRECATED("<boost/range/reverse_iterator.hpp>")
      | ^~~~~~~~~~~~~~~~~~~~~~~
/opt/apps/resif/aion/2020b/epyc/software/Boost/1.74.0-GCC-10.2.0/include/boost/config/pragma_message.hpp:24:34: note: ‘#pragma message: This header is deprecated. Use <boost/range/reverse_iterator.hpp> instead.’
   24 | # define BOOST_PRAGMA_MESSAGE(x) _Pragma(BOOST_STRINGIZE(message(x)))
      |                                  ^~~~~~~
/opt/apps/resif/aion/2020b/epyc/software/Boost/1.74.0-GCC-10.2.0/include/boost/config/pragma_message.hpp:24:34: note: in definition of macro ‘BOOST_PRAGMA_MESSAGE’
   24 | # define BOOST_PRAGMA_MESSAGE(x) _Pragma(BOOST_STRINGIZE(message(x)))
      |                                  ^~~~~~~
/opt/apps/resif/aion/2020b/epyc/software/Boost/1.74.0-GCC-10.2.0/include/boost/range/reverse_result_iterator.hpp:20:1: note: in expansion of macro ‘BOOST_HEADER_DEPRECATED’
   20 | BOOST_HEADER_DEPRECATED("<boost/range/reverse_iterator.hpp>")
      | ^~~~~~~~~~~~~~~~~~~~~~~
[ 76%] Building CXX object CMakeFiles/testprecice.dir/tests/serial/map-initial-data/non-zero-data/ParallelWrite.cpp.o
[ 76%] Building CXX object CMakeFiles/testprecice.dir/tests/serial/map-initial-data/non-zero-data/SerialRead.cpp.o
In file included from /opt/apps/resif/aion/2020b/epyc/software/Boost/1.74.0-GCC-10.2.0/include/boost/config/header_deprecated.hpp:18,
                 from /opt/apps/resif/aion/2020b/epyc/software/Boost/1.74.0-GCC-10.2.0/include/boost/range/result_iterator.hpp:18,
                 from /opt/apps/resif/aion/2020b/epyc/software/Boost/1.74.0-GCC-10.2.0/include/boost/range/metafunctions.hpp:20,
                 from /opt/apps/resif/aion/2020b/epyc/software/Boost/1.74.0-GCC-10.2.0/include/boost/range.hpp:19,
                 from /home/users/mghavami/y2425-w02-compilation-on-hpc-AminGhavami/precice/precice-3.1.2/src/time/Storage.hpp:4,
                 from /home/users/mghavami/y2425-w02-compilation-on-hpc-AminGhavami/precice/precice-3.1.2/src/mesh/Data.hpp:11,
                 from /home/users/mghavami/y2425-w02-compilation-on-hpc-AminGhavami/precice/precice-3.1.2/src/mesh/Mesh.hpp:14,
                 from /home/users/mghavami/y2425-w02-compilation-on-hpc-AminGhavami/precice/precice-3.1.2/src/mapping/Mapping.hpp:6,
                 from /home/users/mghavami/y2425-w02-compilation-on-hpc-AminGhavami/precice/precice-3.1.2/src/action/Action.hpp:3,
                 from /home/users/mghavami/y2425-w02-compilation-on-hpc-AminGhavami/precice/precice-3.1.2/src/precice/impl/ParticipantImpl.hpp:10,
                 from /home/users/mghavami/y2425-w02-compilation-on-hpc-AminGhavami/precice/precice-3.1.2/tests/serial/map-if-necessary/two-solvers/with-substeps/../helper.hpp:5,
                 from /home/users/mghavami/y2425-w02-compilation-on-hpc-AminGhavami/precice/precice-3.1.2/tests/serial/map-if-necessary/two-solvers/with-substeps/ParallelExplicit.cpp:3:
/opt/apps/resif/aion/2020b/epyc/software/Boost/1.74.0-GCC-10.2.0/include/boost/config/pragma_message.hpp:24:34: note: ‘#pragma message: This header is deprecated. Use <boost/range/iterator.hpp> instead.’
   24 | # define BOOST_PRAGMA_MESSAGE(x) _Pragma(BOOST_STRINGIZE(message(x)))
      |                                  ^~~~~~~
/opt/apps/resif/aion/2020b/epyc/software/Boost/1.74.0-GCC-10.2.0/include/boost/config/pragma_message.hpp:24:34: note: in definition of macro ‘BOOST_PRAGMA_MESSAGE’
   24 | # define BOOST_PRAGMA_MESSAGE(x) _Pragma(BOOST_STRINGIZE(message(x)))
      |                                  ^~~~~~~
/opt/apps/resif/aion/2020b/epyc/software/Boost/1.74.0-GCC-10.2.0/include/boost/range/result_iterator.hpp:20:1: note: in expansion of macro ‘BOOST_HEADER_DEPRECATED’
   20 | BOOST_HEADER_DEPRECATED("<boost/range/iterator.hpp>")
      | ^~~~~~~~~~~~~~~~~~~~~~~
/opt/apps/resif/aion/2020b/epyc/software/Boost/1.74.0-GCC-10.2.0/include/boost/config/pragma_message.hpp:24:34: note: ‘#pragma message: This header is deprecated. Use <boost/range/reverse_iterator.hpp> instead.’
   24 | # define BOOST_PRAGMA_MESSAGE(x) _Pragma(BOOST_STRINGIZE(message(x)))
      |                                  ^~~~~~~
/opt/apps/resif/aion/2020b/epyc/software/Boost/1.74.0-GCC-10.2.0/include/boost/config/pragma_message.hpp:24:34: note: in definition of macro ‘BOOST_PRAGMA_MESSAGE’
   24 | # define BOOST_PRAGMA_MESSAGE(x) _Pragma(BOOST_STRINGIZE(message(x)))
      |                                  ^~~~~~~
/opt/apps/resif/aion/2020b/epyc/software/Boost/1.74.0-GCC-10.2.0/include/boost/range/const_reverse_iterator.hpp:20:1: note: in expansion of macro ‘BOOST_HEADER_DEPRECATED’
   20 | BOOST_HEADER_DEPRECATED("<boost/range/reverse_iterator.hpp>")
      | ^~~~~~~~~~~~~~~~~~~~~~~
/opt/apps/resif/aion/2020b/epyc/software/Boost/1.74.0-GCC-10.2.0/include/boost/config/pragma_message.hpp:24:34: note: ‘#pragma message: This header is deprecated. Use <boost/range/reverse_iterator.hpp> instead.’
   24 | # define BOOST_PRAGMA_MESSAGE(x) _Pragma(BOOST_STRINGIZE(message(x)))
      |                                  ^~~~~~~
/opt/apps/resif/aion/2020b/epyc/software/Boost/1.74.0-GCC-10.2.0/include/boost/config/pragma_message.hpp:24:34: note: in definition of macro ‘BOOST_PRAGMA_MESSAGE’
   24 | # define BOOST_PRAGMA_MESSAGE(x) _Pragma(BOOST_STRINGIZE(message(x)))
      |                                  ^~~~~~~
/opt/apps/resif/aion/2020b/epyc/software/Boost/1.74.0-GCC-10.2.0/include/boost/range/reverse_result_iterator.hpp:20:1: note: in expansion of macro ‘BOOST_HEADER_DEPRECATED’
   20 | BOOST_HEADER_DEPRECATED("<boost/range/reverse_iterator.hpp>")
      | ^~~~~~~~~~~~~~~~~~~~~~~
In file included from /opt/apps/resif/aion/2020b/epyc/software/Boost/1.74.0-GCC-10.2.0/include/boost/config/header_deprecated.hpp:18,
                 from /opt/apps/resif/aion/2020b/epyc/software/Boost/1.74.0-GCC-10.2.0/include/boost/range/result_iterator.hpp:18,
                 from /opt/apps/resif/aion/2020b/epyc/software/Boost/1.74.0-GCC-10.2.0/include/boost/range/metafunctions.hpp:20,
                 from /opt/apps/resif/aion/2020b/epyc/software/Boost/1.74.0-GCC-10.2.0/include/boost/range.hpp:19,
                 from /home/users/mghavami/y2425-w02-compilation-on-hpc-AminGhavami/precice/precice-3.1.2/src/time/Storage.hpp:4,
                 from /home/users/mghavami/y2425-w02-compilation-on-hpc-AminGhavami/precice/precice-3.1.2/src/mesh/Data.hpp:11,
                 from /home/users/mghavami/y2425-w02-compilation-on-hpc-AminGhavami/precice/precice-3.1.2/src/mesh/Mesh.hpp:14,
                 from /home/users/mghavami/y2425-w02-compilation-on-hpc-AminGhavami/precice/precice-3.1.2/src/mapping/Mapping.hpp:6,
                 from /home/users/mghavami/y2425-w02-compilation-on-hpc-AminGhavami/precice/precice-3.1.2/src/action/Action.hpp:3,
                 from /home/users/mghavami/y2425-w02-compilation-on-hpc-AminGhavami/precice/precice-3.1.2/src/precice/impl/ParticipantImpl.hpp:10,
                 from /home/users/mghavami/y2425-w02-compilation-on-hpc-AminGhavami/precice/precice-3.1.2/tests/serial/map-if-necessary/two-solvers/with-substeps/../helper.hpp:5,
                 from /home/users/mghavami/y2425-w02-compilation-on-hpc-AminGhavami/precice/precice-3.1.2/tests/serial/map-if-necessary/two-solvers/with-substeps/SerialExplicit.cpp:3:
/opt/apps/resif/aion/2020b/epyc/software/Boost/1.74.0-GCC-10.2.0/include/boost/config/pragma_message.hpp:24:34: note: ‘#pragma message: This header is deprecated. Use <boost/range/iterator.hpp> instead.’
   24 | # define BOOST_PRAGMA_MESSAGE(x) _Pragma(BOOST_STRINGIZE(message(x)))
      |                                  ^~~~~~~
/opt/apps/resif/aion/2020b/epyc/software/Boost/1.74.0-GCC-10.2.0/include/boost/config/pragma_message.hpp:24:34: note: in definition of macro ‘BOOST_PRAGMA_MESSAGE’
   24 | # define BOOST_PRAGMA_MESSAGE(x) _Pragma(BOOST_STRINGIZE(message(x)))
      |                                  ^~~~~~~
/opt/apps/resif/aion/2020b/epyc/software/Boost/1.74.0-GCC-10.2.0/include/boost/range/result_iterator.hpp:20:1: note: in expansion of macro ‘BOOST_HEADER_DEPRECATED’
   20 | BOOST_HEADER_DEPRECATED("<boost/range/iterator.hpp>")
      | ^~~~~~~~~~~~~~~~~~~~~~~
/opt/apps/resif/aion/2020b/epyc/software/Boost/1.74.0-GCC-10.2.0/include/boost/config/pragma_message.hpp:24:34: note: ‘#pragma message: This header is deprecated. Use <boost/range/reverse_iterator.hpp> instead.’
   24 | # define BOOST_PRAGMA_MESSAGE(x) _Pragma(BOOST_STRINGIZE(message(x)))
      |                                  ^~~~~~~
/opt/apps/resif/aion/2020b/epyc/software/Boost/1.74.0-GCC-10.2.0/include/boost/config/pragma_message.hpp:24:34: note: in definition of macro ‘BOOST_PRAGMA_MESSAGE’
   24 | # define BOOST_PRAGMA_MESSAGE(x) _Pragma(BOOST_STRINGIZE(message(x)))
      |                                  ^~~~~~~
/opt/apps/resif/aion/2020b/epyc/software/Boost/1.74.0-GCC-10.2.0/include/boost/range/const_reverse_iterator.hpp:20:1: note: in expansion of macro ‘BOOST_HEADER_DEPRECATED’
   20 | BOOST_HEADER_DEPRECATED("<boost/range/reverse_iterator.hpp>")
      | ^~~~~~~~~~~~~~~~~~~~~~~
/opt/apps/resif/aion/2020b/epyc/software/Boost/1.74.0-GCC-10.2.0/include/boost/config/pragma_message.hpp:24:34: note: ‘#pragma message: This header is deprecated. Use <boost/range/reverse_iterator.hpp> instead.’
   24 | # define BOOST_PRAGMA_MESSAGE(x) _Pragma(BOOST_STRINGIZE(message(x)))
      |                                  ^~~~~~~
/opt/apps/resif/aion/2020b/epyc/software/Boost/1.74.0-GCC-10.2.0/include/boost/config/pragma_message.hpp:24:34: note: in definition of macro ‘BOOST_PRAGMA_MESSAGE’
   24 | # define BOOST_PRAGMA_MESSAGE(x) _Pragma(BOOST_STRINGIZE(message(x)))
      |                                  ^~~~~~~
/opt/apps/resif/aion/2020b/epyc/software/Boost/1.74.0-GCC-10.2.0/include/boost/range/reverse_result_iterator.hpp:20:1: note: in expansion of macro ‘BOOST_HEADER_DEPRECATED’
   20 | BOOST_HEADER_DEPRECATED("<boost/range/reverse_iterator.hpp>")
      | ^~~~~~~~~~~~~~~~~~~~~~~
In file included from /opt/apps/resif/aion/2020b/epyc/software/Boost/1.74.0-GCC-10.2.0/include/boost/config/header_deprecated.hpp:18,
                 from /opt/apps/resif/aion/2020b/epyc/software/Boost/1.74.0-GCC-10.2.0/include/boost/range/result_iterator.hpp:18,
                 from /opt/apps/resif/aion/2020b/epyc/software/Boost/1.74.0-GCC-10.2.0/include/boost/range/metafunctions.hpp:20,
                 from /opt/apps/resif/aion/2020b/epyc/software/Boost/1.74.0-GCC-10.2.0/include/boost/range.hpp:19,
                 from /home/users/mghavami/y2425-w02-compilation-on-hpc-AminGhavami/precice/precice-3.1.2/src/time/Storage.hpp:4,
                 from /home/users/mghavami/y2425-w02-compilation-on-hpc-AminGhavami/precice/precice-3.1.2/src/mesh/Data.hpp:11,
                 from /home/users/mghavami/y2425-w02-compilation-on-hpc-AminGhavami/precice/precice-3.1.2/src/mesh/Mesh.hpp:14,
                 from /home/users/mghavami/y2425-w02-compilation-on-hpc-AminGhavami/precice/precice-3.1.2/src/mapping/Mapping.hpp:6,
                 from /home/users/mghavami/y2425-w02-compilation-on-hpc-AminGhavami/precice/precice-3.1.2/src/action/Action.hpp:3,
                 from /home/users/mghavami/y2425-w02-compilation-on-hpc-AminGhavami/precice/precice-3.1.2/src/precice/impl/ParticipantImpl.hpp:10,
                 from /home/users/mghavami/y2425-w02-compilation-on-hpc-AminGhavami/precice/precice-3.1.2/tests/serial/map-if-necessary/two-solvers/with-substeps/../helper.hpp:5,
                 from /home/users/mghavami/y2425-w02-compilation-on-hpc-AminGhavami/precice/precice-3.1.2/tests/serial/map-if-necessary/two-solvers/with-substeps/ParallelImplicit.cpp:3:
/opt/apps/resif/aion/2020b/epyc/software/Boost/1.74.0-GCC-10.2.0/include/boost/config/pragma_message.hpp:24:34: note: ‘#pragma message: This header is deprecated. Use <boost/range/iterator.hpp> instead.’
   24 | # define BOOST_PRAGMA_MESSAGE(x) _Pragma(BOOST_STRINGIZE(message(x)))
      |                                  ^~~~~~~
/opt/apps/resif/aion/2020b/epyc/software/Boost/1.74.0-GCC-10.2.0/include/boost/config/pragma_message.hpp:24:34: note: in definition of macro ‘BOOST_PRAGMA_MESSAGE’
   24 | # define BOOST_PRAGMA_MESSAGE(x) _Pragma(BOOST_STRINGIZE(message(x)))
      |                                  ^~~~~~~
/opt/apps/resif/aion/2020b/epyc/software/Boost/1.74.0-GCC-10.2.0/include/boost/range/result_iterator.hpp:20:1: note: in expansion of macro ‘BOOST_HEADER_DEPRECATED’
   20 | BOOST_HEADER_DEPRECATED("<boost/range/iterator.hpp>")
      | ^~~~~~~~~~~~~~~~~~~~~~~
/opt/apps/resif/aion/2020b/epyc/software/Boost/1.74.0-GCC-10.2.0/include/boost/config/pragma_message.hpp:24:34: note: ‘#pragma message: This header is deprecated. Use <boost/range/reverse_iterator.hpp> instead.’
   24 | # define BOOST_PRAGMA_MESSAGE(x) _Pragma(BOOST_STRINGIZE(message(x)))
      |                                  ^~~~~~~
/opt/apps/resif/aion/2020b/epyc/software/Boost/1.74.0-GCC-10.2.0/include/boost/config/pragma_message.hpp:24:34: note: in definition of macro ‘BOOST_PRAGMA_MESSAGE’
   24 | # define BOOST_PRAGMA_MESSAGE(x) _Pragma(BOOST_STRINGIZE(message(x)))
      |                                  ^~~~~~~
/opt/apps/resif/aion/2020b/epyc/software/Boost/1.74.0-GCC-10.2.0/include/boost/range/const_reverse_iterator.hpp:20:1: note: in expansion of macro ‘BOOST_HEADER_DEPRECATED’
   20 | BOOST_HEADER_DEPRECATED("<boost/range/reverse_iterator.hpp>")
      | ^~~~~~~~~~~~~~~~~~~~~~~
/opt/apps/resif/aion/2020b/epyc/software/Boost/1.74.0-GCC-10.2.0/include/boost/config/pragma_message.hpp:24:34: note: ‘#pragma message: This header is deprecated. Use <boost/range/reverse_iterator.hpp> instead.’
   24 | # define BOOST_PRAGMA_MESSAGE(x) _Pragma(BOOST_STRINGIZE(message(x)))
      |                                  ^~~~~~~
/opt/apps/resif/aion/2020b/epyc/software/Boost/1.74.0-GCC-10.2.0/include/boost/config/pragma_message.hpp:24:34: note: in definition of macro ‘BOOST_PRAGMA_MESSAGE’
   24 | # define BOOST_PRAGMA_MESSAGE(x) _Pragma(BOOST_STRINGIZE(message(x)))
      |                                  ^~~~~~~
/opt/apps/resif/aion/2020b/epyc/software/Boost/1.74.0-GCC-10.2.0/include/boost/range/reverse_result_iterator.hpp:20:1: note: in expansion of macro ‘BOOST_HEADER_DEPRECATED’
   20 | BOOST_HEADER_DEPRECATED("<boost/range/reverse_iterator.hpp>")
      | ^~~~~~~~~~~~~~~~~~~~~~~
In file included from /opt/apps/resif/aion/2020b/epyc/software/Boost/1.74.0-GCC-10.2.0/include/boost/config/header_deprecated.hpp:18,
                 from /opt/apps/resif/aion/2020b/epyc/software/Boost/1.74.0-GCC-10.2.0/include/boost/range/result_iterator.hpp:18,
                 from /opt/apps/resif/aion/2020b/epyc/software/Boost/1.74.0-GCC-10.2.0/include/boost/range/metafunctions.hpp:20,
                 from /opt/apps/resif/aion/2020b/epyc/software/Boost/1.74.0-GCC-10.2.0/include/boost/range.hpp:19,
                 from /home/users/mghavami/y2425-w02-compilation-on-hpc-AminGhavami/precice/precice-3.1.2/src/time/Storage.hpp:4,
                 from /home/users/mghavami/y2425-w02-compilation-on-hpc-AminGhavami/precice/precice-3.1.2/src/mesh/Data.hpp:11,
                 from /home/users/mghavami/y2425-w02-compilation-on-hpc-AminGhavami/precice/precice-3.1.2/src/mesh/Mesh.hpp:14,
                 from /home/users/mghavami/y2425-w02-compilation-on-hpc-AminGhavami/precice/precice-3.1.2/src/mapping/Mapping.hpp:6,
                 from /home/users/mghavami/y2425-w02-compilation-on-hpc-AminGhavami/precice/precice-3.1.2/src/action/Action.hpp:3,
                 from /home/users/mghavami/y2425-w02-compilation-on-hpc-AminGhavami/precice/precice-3.1.2/src/precice/impl/ParticipantImpl.hpp:10,
                 from /home/users/mghavami/y2425-w02-compilation-on-hpc-AminGhavami/precice/precice-3.1.2/tests/serial/map-if-necessary/two-solvers/with-substeps/../helper.hpp:5,
                 from /home/users/mghavami/y2425-w02-compilation-on-hpc-AminGhavami/precice/precice-3.1.2/tests/serial/map-if-necessary/two-solvers/with-substeps/SerialImplicit.cpp:3:
/opt/apps/resif/aion/2020b/epyc/software/Boost/1.74.0-GCC-10.2.0/include/boost/config/pragma_message.hpp:24:34: note: ‘#pragma message: This header is deprecated. Use <boost/range/iterator.hpp> instead.’
   24 | # define BOOST_PRAGMA_MESSAGE(x) _Pragma(BOOST_STRINGIZE(message(x)))
      |                                  ^~~~~~~
/opt/apps/resif/aion/2020b/epyc/software/Boost/1.74.0-GCC-10.2.0/include/boost/config/pragma_message.hpp:24:34: note: in definition of macro ‘BOOST_PRAGMA_MESSAGE’
   24 | # define BOOST_PRAGMA_MESSAGE(x) _Pragma(BOOST_STRINGIZE(message(x)))
      |                                  ^~~~~~~
/opt/apps/resif/aion/2020b/epyc/software/Boost/1.74.0-GCC-10.2.0/include/boost/range/result_iterator.hpp:20:1: note: in expansion of macro ‘BOOST_HEADER_DEPRECATED’
   20 | BOOST_HEADER_DEPRECATED("<boost/range/iterator.hpp>")
      | ^~~~~~~~~~~~~~~~~~~~~~~
/opt/apps/resif/aion/2020b/epyc/software/Boost/1.74.0-GCC-10.2.0/include/boost/config/pragma_message.hpp:24:34: note: ‘#pragma message: This header is deprecated. Use <boost/range/reverse_iterator.hpp> instead.’
   24 | # define BOOST_PRAGMA_MESSAGE(x) _Pragma(BOOST_STRINGIZE(message(x)))
      |                                  ^~~~~~~
/opt/apps/resif/aion/2020b/epyc/software/Boost/1.74.0-GCC-10.2.0/include/boost/config/pragma_message.hpp:24:34: note: in definition of macro ‘BOOST_PRAGMA_MESSAGE’
   24 | # define BOOST_PRAGMA_MESSAGE(x) _Pragma(BOOST_STRINGIZE(message(x)))
      |                                  ^~~~~~~
/opt/apps/resif/aion/2020b/epyc/software/Boost/1.74.0-GCC-10.2.0/include/boost/range/const_reverse_iterator.hpp:20:1: note: in expansion of macro ‘BOOST_HEADER_DEPRECATED’
   20 | BOOST_HEADER_DEPRECATED("<boost/range/reverse_iterator.hpp>")
      | ^~~~~~~~~~~~~~~~~~~~~~~
/opt/apps/resif/aion/2020b/epyc/software/Boost/1.74.0-GCC-10.2.0/include/boost/config/pragma_message.hpp:24:34: note: ‘#pragma message: This header is deprecated. Use <boost/range/reverse_iterator.hpp> instead.’
   24 | # define BOOST_PRAGMA_MESSAGE(x) _Pragma(BOOST_STRINGIZE(message(x)))
      |                                  ^~~~~~~
/opt/apps/resif/aion/2020b/epyc/software/Boost/1.74.0-GCC-10.2.0/include/boost/config/pragma_message.hpp:24:34: note: in definition of macro ‘BOOST_PRAGMA_MESSAGE’
   24 | # define BOOST_PRAGMA_MESSAGE(x) _Pragma(BOOST_STRINGIZE(message(x)))
      |                                  ^~~~~~~
/opt/apps/resif/aion/2020b/epyc/software/Boost/1.74.0-GCC-10.2.0/include/boost/range/reverse_result_iterator.hpp:20:1: note: in expansion of macro ‘BOOST_HEADER_DEPRECATED’
   20 | BOOST_HEADER_DEPRECATED("<boost/range/reverse_iterator.hpp>")
      | ^~~~~~~~~~~~~~~~~~~~~~~
In file included from /opt/apps/resif/aion/2020b/epyc/software/Boost/1.74.0-GCC-10.2.0/include/boost/config/header_deprecated.hpp:18,
                 from /opt/apps/resif/aion/2020b/epyc/software/Boost/1.74.0-GCC-10.2.0/include/boost/range/result_iterator.hpp:18,
                 from /opt/apps/resif/aion/2020b/epyc/software/Boost/1.74.0-GCC-10.2.0/include/boost/range/metafunctions.hpp:20,
                 from /opt/apps/resif/aion/2020b/epyc/software/Boost/1.74.0-GCC-10.2.0/include/boost/range.hpp:19,
                 from /home/users/mghavami/y2425-w02-compilation-on-hpc-AminGhavami/precice/precice-3.1.2/src/time/Storage.hpp:4,
                 from /home/users/mghavami/y2425-w02-compilation-on-hpc-AminGhavami/precice/precice-3.1.2/src/mesh/Data.hpp:11,
                 from /home/users/mghavami/y2425-w02-compilation-on-hpc-AminGhavami/precice/precice-3.1.2/src/mesh/Mesh.hpp:14,
                 from /home/users/mghavami/y2425-w02-compilation-on-hpc-AminGhavami/precice/precice-3.1.2/src/mapping/Mapping.hpp:6,
                 from /home/users/mghavami/y2425-w02-compilation-on-hpc-AminGhavami/precice/precice-3.1.2/src/action/Action.hpp:3,
                 from /home/users/mghavami/y2425-w02-compilation-on-hpc-AminGhavami/precice/precice-3.1.2/src/precice/impl/ParticipantImpl.hpp:10,
                 from /home/users/mghavami/y2425-w02-compilation-on-hpc-AminGhavami/precice/precice-3.1.2/tests/serial/map-if-necessary/two-solvers/without-substeps/../helper.hpp:5,
                 from /home/users/mghavami/y2425-w02-compilation-on-hpc-AminGhavami/precice/precice-3.1.2/tests/serial/map-if-necessary/two-solvers/without-substeps/ParallelExplicit.cpp:3:
/opt/apps/resif/aion/2020b/epyc/software/Boost/1.74.0-GCC-10.2.0/include/boost/config/pragma_message.hpp:24:34: note: ‘#pragma message: This header is deprecated. Use <boost/range/iterator.hpp> instead.’
   24 | # define BOOST_PRAGMA_MESSAGE(x) _Pragma(BOOST_STRINGIZE(message(x)))
      |                                  ^~~~~~~
/opt/apps/resif/aion/2020b/epyc/software/Boost/1.74.0-GCC-10.2.0/include/boost/config/pragma_message.hpp:24:34: note: in definition of macro ‘BOOST_PRAGMA_MESSAGE’
   24 | # define BOOST_PRAGMA_MESSAGE(x) _Pragma(BOOST_STRINGIZE(message(x)))
      |                                  ^~~~~~~
/opt/apps/resif/aion/2020b/epyc/software/Boost/1.74.0-GCC-10.2.0/include/boost/range/result_iterator.hpp:20:1: note: in expansion of macro ‘BOOST_HEADER_DEPRECATED’
   20 | BOOST_HEADER_DEPRECATED("<boost/range/iterator.hpp>")
      | ^~~~~~~~~~~~~~~~~~~~~~~
/opt/apps/resif/aion/2020b/epyc/software/Boost/1.74.0-GCC-10.2.0/include/boost/config/pragma_message.hpp:24:34: note: ‘#pragma message: This header is deprecated. Use <boost/range/reverse_iterator.hpp> instead.’
   24 | # define BOOST_PRAGMA_MESSAGE(x) _Pragma(BOOST_STRINGIZE(message(x)))
      |                                  ^~~~~~~
/opt/apps/resif/aion/2020b/epyc/software/Boost/1.74.0-GCC-10.2.0/include/boost/config/pragma_message.hpp:24:34: note: in definition of macro ‘BOOST_PRAGMA_MESSAGE’
   24 | # define BOOST_PRAGMA_MESSAGE(x) _Pragma(BOOST_STRINGIZE(message(x)))
      |                                  ^~~~~~~
/opt/apps/resif/aion/2020b/epyc/software/Boost/1.74.0-GCC-10.2.0/include/boost/range/const_reverse_iterator.hpp:20:1: note: in expansion of macro ‘BOOST_HEADER_DEPRECATED’
   20 | BOOST_HEADER_DEPRECATED("<boost/range/reverse_iterator.hpp>")
      | ^~~~~~~~~~~~~~~~~~~~~~~
/opt/apps/resif/aion/2020b/epyc/software/Boost/1.74.0-GCC-10.2.0/include/boost/config/pragma_message.hpp:24:34: note: ‘#pragma message: This header is deprecated. Use <boost/range/reverse_iterator.hpp> instead.’
   24 | # define BOOST_PRAGMA_MESSAGE(x) _Pragma(BOOST_STRINGIZE(message(x)))
      |                                  ^~~~~~~
/opt/apps/resif/aion/2020b/epyc/software/Boost/1.74.0-GCC-10.2.0/include/boost/config/pragma_message.hpp:24:34: note: in definition of macro ‘BOOST_PRAGMA_MESSAGE’
   24 | # define BOOST_PRAGMA_MESSAGE(x) _Pragma(BOOST_STRINGIZE(message(x)))
      |                                  ^~~~~~~
/opt/apps/resif/aion/2020b/epyc/software/Boost/1.74.0-GCC-10.2.0/include/boost/range/reverse_result_iterator.hpp:20:1: note: in expansion of macro ‘BOOST_HEADER_DEPRECATED’
   20 | BOOST_HEADER_DEPRECATED("<boost/range/reverse_iterator.hpp>")
      | ^~~~~~~~~~~~~~~~~~~~~~~
[ 76%] Building CXX object CMakeFiles/testprecice.dir/tests/serial/map-initial-data/non-zero-data/SerialWrite.cpp.o
In file included from /opt/apps/resif/aion/2020b/epyc/software/Boost/1.74.0-GCC-10.2.0/include/boost/config/header_deprecated.hpp:18,
                 from /opt/apps/resif/aion/2020b/epyc/software/Boost/1.74.0-GCC-10.2.0/include/boost/range/result_iterator.hpp:18,
                 from /opt/apps/resif/aion/2020b/epyc/software/Boost/1.74.0-GCC-10.2.0/include/boost/range/metafunctions.hpp:20,
                 from /opt/apps/resif/aion/2020b/epyc/software/Boost/1.74.0-GCC-10.2.0/include/boost/range.hpp:19,
                 from /home/users/mghavami/y2425-w02-compilation-on-hpc-AminGhavami/precice/precice-3.1.2/src/time/Storage.hpp:4,
                 from /home/users/mghavami/y2425-w02-compilation-on-hpc-AminGhavami/precice/precice-3.1.2/src/mesh/Data.hpp:11,
                 from /home/users/mghavami/y2425-w02-compilation-on-hpc-AminGhavami/precice/precice-3.1.2/src/mesh/Mesh.hpp:14,
                 from /home/users/mghavami/y2425-w02-compilation-on-hpc-AminGhavami/precice/precice-3.1.2/src/mapping/Mapping.hpp:6,
                 from /home/users/mghavami/y2425-w02-compilation-on-hpc-AminGhavami/precice/precice-3.1.2/src/action/Action.hpp:3,
                 from /home/users/mghavami/y2425-w02-compilation-on-hpc-AminGhavami/precice/precice-3.1.2/src/precice/impl/ParticipantImpl.hpp:10,
                 from /home/users/mghavami/y2425-w02-compilation-on-hpc-AminGhavami/precice/precice-3.1.2/tests/serial/map-if-necessary/two-solvers/without-substeps/../helper.hpp:5,
                 from /home/users/mghavami/y2425-w02-compilation-on-hpc-AminGhavami/precice/precice-3.1.2/tests/serial/map-if-necessary/two-solvers/without-substeps/ParallelImplicit.cpp:3:
/opt/apps/resif/aion/2020b/epyc/software/Boost/1.74.0-GCC-10.2.0/include/boost/config/pragma_message.hpp:24:34: note: ‘#pragma message: This header is deprecated. Use <boost/range/iterator.hpp> instead.’
   24 | # define BOOST_PRAGMA_MESSAGE(x) _Pragma(BOOST_STRINGIZE(message(x)))
      |                                  ^~~~~~~
/opt/apps/resif/aion/2020b/epyc/software/Boost/1.74.0-GCC-10.2.0/include/boost/config/pragma_message.hpp:24:34: note: in definition of macro ‘BOOST_PRAGMA_MESSAGE’
   24 | # define BOOST_PRAGMA_MESSAGE(x) _Pragma(BOOST_STRINGIZE(message(x)))
      |                                  ^~~~~~~
/opt/apps/resif/aion/2020b/epyc/software/Boost/1.74.0-GCC-10.2.0/include/boost/range/result_iterator.hpp:20:1: note: in expansion of macro ‘BOOST_HEADER_DEPRECATED’
   20 | BOOST_HEADER_DEPRECATED("<boost/range/iterator.hpp>")
      | ^~~~~~~~~~~~~~~~~~~~~~~
/opt/apps/resif/aion/2020b/epyc/software/Boost/1.74.0-GCC-10.2.0/include/boost/config/pragma_message.hpp:24:34: note: ‘#pragma message: This header is deprecated. Use <boost/range/reverse_iterator.hpp> instead.’
   24 | # define BOOST_PRAGMA_MESSAGE(x) _Pragma(BOOST_STRINGIZE(message(x)))
      |                                  ^~~~~~~
/opt/apps/resif/aion/2020b/epyc/software/Boost/1.74.0-GCC-10.2.0/include/boost/config/pragma_message.hpp:24:34: note: in definition of macro ‘BOOST_PRAGMA_MESSAGE’
   24 | # define BOOST_PRAGMA_MESSAGE(x) _Pragma(BOOST_STRINGIZE(message(x)))
      |                                  ^~~~~~~
/opt/apps/resif/aion/2020b/epyc/software/Boost/1.74.0-GCC-10.2.0/include/boost/range/const_reverse_iterator.hpp:20:1: note: in expansion of macro ‘BOOST_HEADER_DEPRECATED’
   20 | BOOST_HEADER_DEPRECATED("<boost/range/reverse_iterator.hpp>")
      | ^~~~~~~~~~~~~~~~~~~~~~~
/opt/apps/resif/aion/2020b/epyc/software/Boost/1.74.0-GCC-10.2.0/include/boost/config/pragma_message.hpp:24:34: note: ‘#pragma message: This header is deprecated. Use <boost/range/reverse_iterator.hpp> instead.’
   24 | # define BOOST_PRAGMA_MESSAGE(x) _Pragma(BOOST_STRINGIZE(message(x)))
      |                                  ^~~~~~~
/opt/apps/resif/aion/2020b/epyc/software/Boost/1.74.0-GCC-10.2.0/include/boost/config/pragma_message.hpp:24:34: note: in definition of macro ‘BOOST_PRAGMA_MESSAGE’
   24 | # define BOOST_PRAGMA_MESSAGE(x) _Pragma(BOOST_STRINGIZE(message(x)))
      |                                  ^~~~~~~
/opt/apps/resif/aion/2020b/epyc/software/Boost/1.74.0-GCC-10.2.0/include/boost/range/reverse_result_iterator.hpp:20:1: note: in expansion of macro ‘BOOST_HEADER_DEPRECATED’
   20 | BOOST_HEADER_DEPRECATED("<boost/range/reverse_iterator.hpp>")
      | ^~~~~~~~~~~~~~~~~~~~~~~
[ 76%] Building CXX object CMakeFiles/testprecice.dir/tests/serial/map-initial-data/zero-data/ParallelRead.cpp.o
[ 77%] Building CXX object CMakeFiles/testprecice.dir/tests/serial/map-initial-data/zero-data/ParallelWrite.cpp.o
In file included from /opt/apps/resif/aion/2020b/epyc/software/Boost/1.74.0-GCC-10.2.0/include/boost/config/header_deprecated.hpp:18,
                 from /opt/apps/resif/aion/2020b/epyc/software/Boost/1.74.0-GCC-10.2.0/include/boost/range/result_iterator.hpp:18,
                 from /opt/apps/resif/aion/2020b/epyc/software/Boost/1.74.0-GCC-10.2.0/include/boost/range/metafunctions.hpp:20,
                 from /opt/apps/resif/aion/2020b/epyc/software/Boost/1.74.0-GCC-10.2.0/include/boost/range.hpp:19,
                 from /home/users/mghavami/y2425-w02-compilation-on-hpc-AminGhavami/precice/precice-3.1.2/src/time/Storage.hpp:4,
                 from /home/users/mghavami/y2425-w02-compilation-on-hpc-AminGhavami/precice/precice-3.1.2/src/mesh/Data.hpp:11,
                 from /home/users/mghavami/y2425-w02-compilation-on-hpc-AminGhavami/precice/precice-3.1.2/src/mesh/Mesh.hpp:14,
                 from /home/users/mghavami/y2425-w02-compilation-on-hpc-AminGhavami/precice/precice-3.1.2/src/mapping/Mapping.hpp:6,
                 from /home/users/mghavami/y2425-w02-compilation-on-hpc-AminGhavami/precice/precice-3.1.2/src/action/Action.hpp:3,
                 from /home/users/mghavami/y2425-w02-compilation-on-hpc-AminGhavami/precice/precice-3.1.2/src/precice/impl/ParticipantImpl.hpp:10,
                 from /home/users/mghavami/y2425-w02-compilation-on-hpc-AminGhavami/precice/precice-3.1.2/tests/serial/map-if-necessary/two-solvers/without-substeps/../helper.hpp:5,
                 from /home/users/mghavami/y2425-w02-compilation-on-hpc-AminGhavami/precice/precice-3.1.2/tests/serial/map-if-necessary/two-solvers/without-substeps/SerialExplicit.cpp:3:
/opt/apps/resif/aion/2020b/epyc/software/Boost/1.74.0-GCC-10.2.0/include/boost/config/pragma_message.hpp:24:34: note: ‘#pragma message: This header is deprecated. Use <boost/range/iterator.hpp> instead.’
   24 | # define BOOST_PRAGMA_MESSAGE(x) _Pragma(BOOST_STRINGIZE(message(x)))
      |                                  ^~~~~~~
/opt/apps/resif/aion/2020b/epyc/software/Boost/1.74.0-GCC-10.2.0/include/boost/config/pragma_message.hpp:24:34: note: in definition of macro ‘BOOST_PRAGMA_MESSAGE’
   24 | # define BOOST_PRAGMA_MESSAGE(x) _Pragma(BOOST_STRINGIZE(message(x)))
      |                                  ^~~~~~~
/opt/apps/resif/aion/2020b/epyc/software/Boost/1.74.0-GCC-10.2.0/include/boost/range/result_iterator.hpp:20:1: note: in expansion of macro ‘BOOST_HEADER_DEPRECATED’
   20 | BOOST_HEADER_DEPRECATED("<boost/range/iterator.hpp>")
      | ^~~~~~~~~~~~~~~~~~~~~~~
/opt/apps/resif/aion/2020b/epyc/software/Boost/1.74.0-GCC-10.2.0/include/boost/config/pragma_message.hpp:24:34: note: ‘#pragma message: This header is deprecated. Use <boost/range/reverse_iterator.hpp> instead.’
   24 | # define BOOST_PRAGMA_MESSAGE(x) _Pragma(BOOST_STRINGIZE(message(x)))
      |                                  ^~~~~~~
/opt/apps/resif/aion/2020b/epyc/software/Boost/1.74.0-GCC-10.2.0/include/boost/config/pragma_message.hpp:24:34: note: in definition of macro ‘BOOST_PRAGMA_MESSAGE’
   24 | # define BOOST_PRAGMA_MESSAGE(x) _Pragma(BOOST_STRINGIZE(message(x)))
      |                                  ^~~~~~~
/opt/apps/resif/aion/2020b/epyc/software/Boost/1.74.0-GCC-10.2.0/include/boost/range/const_reverse_iterator.hpp:20:1: note: in expansion of macro ‘BOOST_HEADER_DEPRECATED’
   20 | BOOST_HEADER_DEPRECATED("<boost/range/reverse_iterator.hpp>")
      | ^~~~~~~~~~~~~~~~~~~~~~~
/opt/apps/resif/aion/2020b/epyc/software/Boost/1.74.0-GCC-10.2.0/include/boost/config/pragma_message.hpp:24:34: note: ‘#pragma message: This header is deprecated. Use <boost/range/reverse_iterator.hpp> instead.’
   24 | # define BOOST_PRAGMA_MESSAGE(x) _Pragma(BOOST_STRINGIZE(message(x)))
      |                                  ^~~~~~~
/opt/apps/resif/aion/2020b/epyc/software/Boost/1.74.0-GCC-10.2.0/include/boost/config/pragma_message.hpp:24:34: note: in definition of macro ‘BOOST_PRAGMA_MESSAGE’
   24 | # define BOOST_PRAGMA_MESSAGE(x) _Pragma(BOOST_STRINGIZE(message(x)))
      |                                  ^~~~~~~
/opt/apps/resif/aion/2020b/epyc/software/Boost/1.74.0-GCC-10.2.0/include/boost/range/reverse_result_iterator.hpp:20:1: note: in expansion of macro ‘BOOST_HEADER_DEPRECATED’
   20 | BOOST_HEADER_DEPRECATED("<boost/range/reverse_iterator.hpp>")
      | ^~~~~~~~~~~~~~~~~~~~~~~
[ 77%] Building CXX object CMakeFiles/testprecice.dir/tests/serial/map-initial-data/zero-data/SerialRead.cpp.o
[ 77%] Building CXX object CMakeFiles/testprecice.dir/tests/serial/map-initial-data/zero-data/SerialWrite.cpp.o
In file included from /opt/apps/resif/aion/2020b/epyc/software/Boost/1.74.0-GCC-10.2.0/include/boost/config/header_deprecated.hpp:18,
                 from /opt/apps/resif/aion/2020b/epyc/software/Boost/1.74.0-GCC-10.2.0/include/boost/range/result_iterator.hpp:18,
                 from /opt/apps/resif/aion/2020b/epyc/software/Boost/1.74.0-GCC-10.2.0/include/boost/range/metafunctions.hpp:20,
                 from /opt/apps/resif/aion/2020b/epyc/software/Boost/1.74.0-GCC-10.2.0/include/boost/range.hpp:19,
                 from /home/users/mghavami/y2425-w02-compilation-on-hpc-AminGhavami/precice/precice-3.1.2/src/time/Storage.hpp:4,
                 from /home/users/mghavami/y2425-w02-compilation-on-hpc-AminGhavami/precice/precice-3.1.2/src/mesh/Data.hpp:11,
                 from /home/users/mghavami/y2425-w02-compilation-on-hpc-AminGhavami/precice/precice-3.1.2/src/mesh/Mesh.hpp:14,
                 from /home/users/mghavami/y2425-w02-compilation-on-hpc-AminGhavami/precice/precice-3.1.2/src/mapping/Mapping.hpp:6,
                 from /home/users/mghavami/y2425-w02-compilation-on-hpc-AminGhavami/precice/precice-3.1.2/src/action/Action.hpp:3,
                 from /home/users/mghavami/y2425-w02-compilation-on-hpc-AminGhavami/precice/precice-3.1.2/src/precice/impl/ParticipantImpl.hpp:10,
                 from /home/users/mghavami/y2425-w02-compilation-on-hpc-AminGhavami/precice/precice-3.1.2/tests/serial/map-if-necessary/two-solvers/without-substeps/../helper.hpp:5,
                 from /home/users/mghavami/y2425-w02-compilation-on-hpc-AminGhavami/precice/precice-3.1.2/tests/serial/map-if-necessary/two-solvers/without-substeps/SerialImplicit.cpp:3:
/opt/apps/resif/aion/2020b/epyc/software/Boost/1.74.0-GCC-10.2.0/include/boost/config/pragma_message.hpp:24:34: note: ‘#pragma message: This header is deprecated. Use <boost/range/iterator.hpp> instead.’
   24 | # define BOOST_PRAGMA_MESSAGE(x) _Pragma(BOOST_STRINGIZE(message(x)))
      |                                  ^~~~~~~
/opt/apps/resif/aion/2020b/epyc/software/Boost/1.74.0-GCC-10.2.0/include/boost/config/pragma_message.hpp:24:34: note: in definition of macro ‘BOOST_PRAGMA_MESSAGE’
   24 | # define BOOST_PRAGMA_MESSAGE(x) _Pragma(BOOST_STRINGIZE(message(x)))
      |                                  ^~~~~~~
/opt/apps/resif/aion/2020b/epyc/software/Boost/1.74.0-GCC-10.2.0/include/boost/range/result_iterator.hpp:20:1: note: in expansion of macro ‘BOOST_HEADER_DEPRECATED’
   20 | BOOST_HEADER_DEPRECATED("<boost/range/iterator.hpp>")
      | ^~~~~~~~~~~~~~~~~~~~~~~
/opt/apps/resif/aion/2020b/epyc/software/Boost/1.74.0-GCC-10.2.0/include/boost/config/pragma_message.hpp:24:34: note: ‘#pragma message: This header is deprecated. Use <boost/range/reverse_iterator.hpp> instead.’
   24 | # define BOOST_PRAGMA_MESSAGE(x) _Pragma(BOOST_STRINGIZE(message(x)))
      |                                  ^~~~~~~
/opt/apps/resif/aion/2020b/epyc/software/Boost/1.74.0-GCC-10.2.0/include/boost/config/pragma_message.hpp:24:34: note: in definition of macro ‘BOOST_PRAGMA_MESSAGE’
   24 | # define BOOST_PRAGMA_MESSAGE(x) _Pragma(BOOST_STRINGIZE(message(x)))
      |                                  ^~~~~~~
/opt/apps/resif/aion/2020b/epyc/software/Boost/1.74.0-GCC-10.2.0/include/boost/range/const_reverse_iterator.hpp:20:1: note: in expansion of macro ‘BOOST_HEADER_DEPRECATED’
   20 | BOOST_HEADER_DEPRECATED("<boost/range/reverse_iterator.hpp>")
      | ^~~~~~~~~~~~~~~~~~~~~~~
/opt/apps/resif/aion/2020b/epyc/software/Boost/1.74.0-GCC-10.2.0/include/boost/config/pragma_message.hpp:24:34: note: ‘#pragma message: This header is deprecated. Use <boost/range/reverse_iterator.hpp> instead.’
   24 | # define BOOST_PRAGMA_MESSAGE(x) _Pragma(BOOST_STRINGIZE(message(x)))
      |                                  ^~~~~~~
/opt/apps/resif/aion/2020b/epyc/software/Boost/1.74.0-GCC-10.2.0/include/boost/config/pragma_message.hpp:24:34: note: in definition of macro ‘BOOST_PRAGMA_MESSAGE’
   24 | # define BOOST_PRAGMA_MESSAGE(x) _Pragma(BOOST_STRINGIZE(message(x)))
      |                                  ^~~~~~~
/opt/apps/resif/aion/2020b/epyc/software/Boost/1.74.0-GCC-10.2.0/include/boost/range/reverse_result_iterator.hpp:20:1: note: in expansion of macro ‘BOOST_HEADER_DEPRECATED’
   20 | BOOST_HEADER_DEPRECATED("<boost/range/reverse_iterator.hpp>")
      | ^~~~~~~~~~~~~~~~~~~~~~~
In file included from /opt/apps/resif/aion/2020b/epyc/software/Boost/1.74.0-GCC-10.2.0/include/boost/config/header_deprecated.hpp:18,
                 from /opt/apps/resif/aion/2020b/epyc/software/Boost/1.74.0-GCC-10.2.0/include/boost/range/result_iterator.hpp:18,
                 from /opt/apps/resif/aion/2020b/epyc/software/Boost/1.74.0-GCC-10.2.0/include/boost/range/metafunctions.hpp:20,
                 from /opt/apps/resif/aion/2020b/epyc/software/Boost/1.74.0-GCC-10.2.0/include/boost/range.hpp:19,
                 from /home/users/mghavami/y2425-w02-compilation-on-hpc-AminGhavami/precice/precice-3.1.2/src/time/Storage.hpp:4,
                 from /home/users/mghavami/y2425-w02-compilation-on-hpc-AminGhavami/precice/precice-3.1.2/src/mesh/Data.hpp:11,
                 from /home/users/mghavami/y2425-w02-compilation-on-hpc-AminGhavami/precice/precice-3.1.2/src/mesh/Mesh.hpp:14,
                 from /home/users/mghavami/y2425-w02-compilation-on-hpc-AminGhavami/precice/precice-3.1.2/src/mapping/Mapping.hpp:6,
                 from /home/users/mghavami/y2425-w02-compilation-on-hpc-AminGhavami/precice/precice-3.1.2/src/action/Action.hpp:3,
                 from /home/users/mghavami/y2425-w02-compilation-on-hpc-AminGhavami/precice/precice-3.1.2/src/precice/impl/ParticipantImpl.hpp:10,
                 from /home/users/mghavami/y2425-w02-compilation-on-hpc-AminGhavami/precice/precice-3.1.2/tests/serial/map-initial-data/non-zero-data/../helper.hpp:5,
                 from /home/users/mghavami/y2425-w02-compilation-on-hpc-AminGhavami/precice/precice-3.1.2/tests/serial/map-initial-data/non-zero-data/ParallelRead.cpp:3:
/opt/apps/resif/aion/2020b/epyc/software/Boost/1.74.0-GCC-10.2.0/include/boost/config/pragma_message.hpp:24:34: note: ‘#pragma message: This header is deprecated. Use <boost/range/iterator.hpp> instead.’
   24 | # define BOOST_PRAGMA_MESSAGE(x) _Pragma(BOOST_STRINGIZE(message(x)))
      |                                  ^~~~~~~
/opt/apps/resif/aion/2020b/epyc/software/Boost/1.74.0-GCC-10.2.0/include/boost/config/pragma_message.hpp:24:34: note: in definition of macro ‘BOOST_PRAGMA_MESSAGE’
   24 | # define BOOST_PRAGMA_MESSAGE(x) _Pragma(BOOST_STRINGIZE(message(x)))
      |                                  ^~~~~~~
/opt/apps/resif/aion/2020b/epyc/software/Boost/1.74.0-GCC-10.2.0/include/boost/range/result_iterator.hpp:20:1: note: in expansion of macro ‘BOOST_HEADER_DEPRECATED’
   20 | BOOST_HEADER_DEPRECATED("<boost/range/iterator.hpp>")
      | ^~~~~~~~~~~~~~~~~~~~~~~
/opt/apps/resif/aion/2020b/epyc/software/Boost/1.74.0-GCC-10.2.0/include/boost/config/pragma_message.hpp:24:34: note: ‘#pragma message: This header is deprecated. Use <boost/range/reverse_iterator.hpp> instead.’
   24 | # define BOOST_PRAGMA_MESSAGE(x) _Pragma(BOOST_STRINGIZE(message(x)))
      |                                  ^~~~~~~
/opt/apps/resif/aion/2020b/epyc/software/Boost/1.74.0-GCC-10.2.0/include/boost/config/pragma_message.hpp:24:34: note: in definition of macro ‘BOOST_PRAGMA_MESSAGE’
   24 | # define BOOST_PRAGMA_MESSAGE(x) _Pragma(BOOST_STRINGIZE(message(x)))
      |                                  ^~~~~~~
/opt/apps/resif/aion/2020b/epyc/software/Boost/1.74.0-GCC-10.2.0/include/boost/range/const_reverse_iterator.hpp:20:1: note: in expansion of macro ‘BOOST_HEADER_DEPRECATED’
   20 | BOOST_HEADER_DEPRECATED("<boost/range/reverse_iterator.hpp>")
      | ^~~~~~~~~~~~~~~~~~~~~~~
/opt/apps/resif/aion/2020b/epyc/software/Boost/1.74.0-GCC-10.2.0/include/boost/config/pragma_message.hpp:24:34: note: ‘#pragma message: This header is deprecated. Use <boost/range/reverse_iterator.hpp> instead.’
   24 | # define BOOST_PRAGMA_MESSAGE(x) _Pragma(BOOST_STRINGIZE(message(x)))
      |                                  ^~~~~~~
/opt/apps/resif/aion/2020b/epyc/software/Boost/1.74.0-GCC-10.2.0/include/boost/config/pragma_message.hpp:24:34: note: in definition of macro ‘BOOST_PRAGMA_MESSAGE’
   24 | # define BOOST_PRAGMA_MESSAGE(x) _Pragma(BOOST_STRINGIZE(message(x)))
      |                                  ^~~~~~~
/opt/apps/resif/aion/2020b/epyc/software/Boost/1.74.0-GCC-10.2.0/include/boost/range/reverse_result_iterator.hpp:20:1: note: in expansion of macro ‘BOOST_HEADER_DEPRECATED’
   20 | BOOST_HEADER_DEPRECATED("<boost/range/reverse_iterator.hpp>")
      | ^~~~~~~~~~~~~~~~~~~~~~~
[ 77%] Building CXX object CMakeFiles/testprecice.dir/tests/serial/mapping-nearest-neighbor-gradient/GradientTestBidirectionalReadScalar.cpp.o
[ 77%] Building CXX object CMakeFiles/testprecice.dir/tests/serial/mapping-nearest-neighbor-gradient/GradientTestBidirectionalReadVector.cpp.o
[ 77%] Building CXX object CMakeFiles/testprecice.dir/tests/serial/mapping-nearest-neighbor-gradient/GradientTestBidirectionalWriteScalar.cpp.o
In file included from /opt/apps/resif/aion/2020b/epyc/software/Boost/1.74.0-GCC-10.2.0/include/boost/config/header_deprecated.hpp:18,
                 from /opt/apps/resif/aion/2020b/epyc/software/Boost/1.74.0-GCC-10.2.0/include/boost/range/result_iterator.hpp:18,
                 from /opt/apps/resif/aion/2020b/epyc/software/Boost/1.74.0-GCC-10.2.0/include/boost/range/metafunctions.hpp:20,
                 from /opt/apps/resif/aion/2020b/epyc/software/Boost/1.74.0-GCC-10.2.0/include/boost/range.hpp:19,
                 from /home/users/mghavami/y2425-w02-compilation-on-hpc-AminGhavami/precice/precice-3.1.2/src/time/Storage.hpp:4,
                 from /home/users/mghavami/y2425-w02-compilation-on-hpc-AminGhavami/precice/precice-3.1.2/src/mesh/Data.hpp:11,
                 from /home/users/mghavami/y2425-w02-compilation-on-hpc-AminGhavami/precice/precice-3.1.2/src/mesh/Mesh.hpp:14,
                 from /home/users/mghavami/y2425-w02-compilation-on-hpc-AminGhavami/precice/precice-3.1.2/src/mapping/Mapping.hpp:6,
                 from /home/users/mghavami/y2425-w02-compilation-on-hpc-AminGhavami/precice/precice-3.1.2/src/action/Action.hpp:3,
                 from /home/users/mghavami/y2425-w02-compilation-on-hpc-AminGhavami/precice/precice-3.1.2/src/precice/impl/ParticipantImpl.hpp:10,
                 from /home/users/mghavami/y2425-w02-compilation-on-hpc-AminGhavami/precice/precice-3.1.2/tests/serial/map-initial-data/non-zero-data/../helper.hpp:5,
                 from /home/users/mghavami/y2425-w02-compilation-on-hpc-AminGhavami/precice/precice-3.1.2/tests/serial/map-initial-data/non-zero-data/ParallelWrite.cpp:3:
/opt/apps/resif/aion/2020b/epyc/software/Boost/1.74.0-GCC-10.2.0/include/boost/config/pragma_message.hpp:24:34: note: ‘#pragma message: This header is deprecated. Use <boost/range/iterator.hpp> instead.’
   24 | # define BOOST_PRAGMA_MESSAGE(x) _Pragma(BOOST_STRINGIZE(message(x)))
      |                                  ^~~~~~~
/opt/apps/resif/aion/2020b/epyc/software/Boost/1.74.0-GCC-10.2.0/include/boost/config/pragma_message.hpp:24:34: note: in definition of macro ‘BOOST_PRAGMA_MESSAGE’
   24 | # define BOOST_PRAGMA_MESSAGE(x) _Pragma(BOOST_STRINGIZE(message(x)))
      |                                  ^~~~~~~
/opt/apps/resif/aion/2020b/epyc/software/Boost/1.74.0-GCC-10.2.0/include/boost/range/result_iterator.hpp:20:1: note: in expansion of macro ‘BOOST_HEADER_DEPRECATED’
   20 | BOOST_HEADER_DEPRECATED("<boost/range/iterator.hpp>")
      | ^~~~~~~~~~~~~~~~~~~~~~~
/opt/apps/resif/aion/2020b/epyc/software/Boost/1.74.0-GCC-10.2.0/include/boost/config/pragma_message.hpp:24:34: note: ‘#pragma message: This header is deprecated. Use <boost/range/reverse_iterator.hpp> instead.’
   24 | # define BOOST_PRAGMA_MESSAGE(x) _Pragma(BOOST_STRINGIZE(message(x)))
      |                                  ^~~~~~~
/opt/apps/resif/aion/2020b/epyc/software/Boost/1.74.0-GCC-10.2.0/include/boost/config/pragma_message.hpp:24:34: note: in definition of macro ‘BOOST_PRAGMA_MESSAGE’
   24 | # define BOOST_PRAGMA_MESSAGE(x) _Pragma(BOOST_STRINGIZE(message(x)))
      |                                  ^~~~~~~
/opt/apps/resif/aion/2020b/epyc/software/Boost/1.74.0-GCC-10.2.0/include/boost/range/const_reverse_iterator.hpp:20:1: note: in expansion of macro ‘BOOST_HEADER_DEPRECATED’
   20 | BOOST_HEADER_DEPRECATED("<boost/range/reverse_iterator.hpp>")
      | ^~~~~~~~~~~~~~~~~~~~~~~
/opt/apps/resif/aion/2020b/epyc/software/Boost/1.74.0-GCC-10.2.0/include/boost/config/pragma_message.hpp:24:34: note: ‘#pragma message: This header is deprecated. Use <boost/range/reverse_iterator.hpp> instead.’
   24 | # define BOOST_PRAGMA_MESSAGE(x) _Pragma(BOOST_STRINGIZE(message(x)))
      |                                  ^~~~~~~
/opt/apps/resif/aion/2020b/epyc/software/Boost/1.74.0-GCC-10.2.0/include/boost/config/pragma_message.hpp:24:34: note: in definition of macro ‘BOOST_PRAGMA_MESSAGE’
   24 | # define BOOST_PRAGMA_MESSAGE(x) _Pragma(BOOST_STRINGIZE(message(x)))
      |                                  ^~~~~~~
/opt/apps/resif/aion/2020b/epyc/software/Boost/1.74.0-GCC-10.2.0/include/boost/range/reverse_result_iterator.hpp:20:1: note: in expansion of macro ‘BOOST_HEADER_DEPRECATED’
   20 | BOOST_HEADER_DEPRECATED("<boost/range/reverse_iterator.hpp>")
      | ^~~~~~~~~~~~~~~~~~~~~~~
In file included from /opt/apps/resif/aion/2020b/epyc/software/Boost/1.74.0-GCC-10.2.0/include/boost/config/header_deprecated.hpp:18,
                 from /opt/apps/resif/aion/2020b/epyc/software/Boost/1.74.0-GCC-10.2.0/include/boost/range/result_iterator.hpp:18,
                 from /opt/apps/resif/aion/2020b/epyc/software/Boost/1.74.0-GCC-10.2.0/include/boost/range/metafunctions.hpp:20,
                 from /opt/apps/resif/aion/2020b/epyc/software/Boost/1.74.0-GCC-10.2.0/include/boost/range.hpp:19,
                 from /home/users/mghavami/y2425-w02-compilation-on-hpc-AminGhavami/precice/precice-3.1.2/src/time/Storage.hpp:4,
                 from /home/users/mghavami/y2425-w02-compilation-on-hpc-AminGhavami/precice/precice-3.1.2/src/mesh/Data.hpp:11,
                 from /home/users/mghavami/y2425-w02-compilation-on-hpc-AminGhavami/precice/precice-3.1.2/src/mesh/Mesh.hpp:14,
                 from /home/users/mghavami/y2425-w02-compilation-on-hpc-AminGhavami/precice/precice-3.1.2/src/mapping/Mapping.hpp:6,
                 from /home/users/mghavami/y2425-w02-compilation-on-hpc-AminGhavami/precice/precice-3.1.2/src/action/Action.hpp:3,
                 from /home/users/mghavami/y2425-w02-compilation-on-hpc-AminGhavami/precice/precice-3.1.2/src/precice/impl/ParticipantImpl.hpp:10,
                 from /home/users/mghavami/y2425-w02-compilation-on-hpc-AminGhavami/precice/precice-3.1.2/tests/serial/map-initial-data/non-zero-data/../helper.hpp:5,
                 from /home/users/mghavami/y2425-w02-compilation-on-hpc-AminGhavami/precice/precice-3.1.2/tests/serial/map-initial-data/non-zero-data/SerialRead.cpp:3:
/opt/apps/resif/aion/2020b/epyc/software/Boost/1.74.0-GCC-10.2.0/include/boost/config/pragma_message.hpp:24:34: note: ‘#pragma message: This header is deprecated. Use <boost/range/iterator.hpp> instead.’
   24 | # define BOOST_PRAGMA_MESSAGE(x) _Pragma(BOOST_STRINGIZE(message(x)))
      |                                  ^~~~~~~
/opt/apps/resif/aion/2020b/epyc/software/Boost/1.74.0-GCC-10.2.0/include/boost/config/pragma_message.hpp:24:34: note: in definition of macro ‘BOOST_PRAGMA_MESSAGE’
   24 | # define BOOST_PRAGMA_MESSAGE(x) _Pragma(BOOST_STRINGIZE(message(x)))
      |                                  ^~~~~~~
/opt/apps/resif/aion/2020b/epyc/software/Boost/1.74.0-GCC-10.2.0/include/boost/range/result_iterator.hpp:20:1: note: in expansion of macro ‘BOOST_HEADER_DEPRECATED’
   20 | BOOST_HEADER_DEPRECATED("<boost/range/iterator.hpp>")
      | ^~~~~~~~~~~~~~~~~~~~~~~
/opt/apps/resif/aion/2020b/epyc/software/Boost/1.74.0-GCC-10.2.0/include/boost/config/pragma_message.hpp:24:34: note: ‘#pragma message: This header is deprecated. Use <boost/range/reverse_iterator.hpp> instead.’
   24 | # define BOOST_PRAGMA_MESSAGE(x) _Pragma(BOOST_STRINGIZE(message(x)))
      |                                  ^~~~~~~
/opt/apps/resif/aion/2020b/epyc/software/Boost/1.74.0-GCC-10.2.0/include/boost/config/pragma_message.hpp:24:34: note: in definition of macro ‘BOOST_PRAGMA_MESSAGE’
   24 | # define BOOST_PRAGMA_MESSAGE(x) _Pragma(BOOST_STRINGIZE(message(x)))
      |                                  ^~~~~~~
/opt/apps/resif/aion/2020b/epyc/software/Boost/1.74.0-GCC-10.2.0/include/boost/range/const_reverse_iterator.hpp:20:1: note: in expansion of macro ‘BOOST_HEADER_DEPRECATED’
   20 | BOOST_HEADER_DEPRECATED("<boost/range/reverse_iterator.hpp>")
      | ^~~~~~~~~~~~~~~~~~~~~~~
/opt/apps/resif/aion/2020b/epyc/software/Boost/1.74.0-GCC-10.2.0/include/boost/config/pragma_message.hpp:24:34: note: ‘#pragma message: This header is deprecated. Use <boost/range/reverse_iterator.hpp> instead.’
   24 | # define BOOST_PRAGMA_MESSAGE(x) _Pragma(BOOST_STRINGIZE(message(x)))
      |                                  ^~~~~~~
/opt/apps/resif/aion/2020b/epyc/software/Boost/1.74.0-GCC-10.2.0/include/boost/config/pragma_message.hpp:24:34: note: in definition of macro ‘BOOST_PRAGMA_MESSAGE’
   24 | # define BOOST_PRAGMA_MESSAGE(x) _Pragma(BOOST_STRINGIZE(message(x)))
      |                                  ^~~~~~~
/opt/apps/resif/aion/2020b/epyc/software/Boost/1.74.0-GCC-10.2.0/include/boost/range/reverse_result_iterator.hpp:20:1: note: in expansion of macro ‘BOOST_HEADER_DEPRECATED’
   20 | BOOST_HEADER_DEPRECATED("<boost/range/reverse_iterator.hpp>")
      | ^~~~~~~~~~~~~~~~~~~~~~~
[ 78%] Building CXX object CMakeFiles/testprecice.dir/tests/serial/mapping-nearest-neighbor-gradient/GradientTestBidirectionalWriteVector.cpp.o
[ 78%] Building CXX object CMakeFiles/testprecice.dir/tests/serial/mapping-nearest-neighbor-gradient/GradientTestUnidirectionalReadBlockVector.cpp.o
In file included from /opt/apps/resif/aion/2020b/epyc/software/Boost/1.74.0-GCC-10.2.0/include/boost/config/header_deprecated.hpp:18,
                 from /opt/apps/resif/aion/2020b/epyc/software/Boost/1.74.0-GCC-10.2.0/include/boost/range/result_iterator.hpp:18,
                 from /opt/apps/resif/aion/2020b/epyc/software/Boost/1.74.0-GCC-10.2.0/include/boost/range/metafunctions.hpp:20,
                 from /opt/apps/resif/aion/2020b/epyc/software/Boost/1.74.0-GCC-10.2.0/include/boost/range.hpp:19,
                 from /home/users/mghavami/y2425-w02-compilation-on-hpc-AminGhavami/precice/precice-3.1.2/src/time/Storage.hpp:4,
                 from /home/users/mghavami/y2425-w02-compilation-on-hpc-AminGhavami/precice/precice-3.1.2/src/mesh/Data.hpp:11,
                 from /home/users/mghavami/y2425-w02-compilation-on-hpc-AminGhavami/precice/precice-3.1.2/src/mesh/Mesh.hpp:14,
                 from /home/users/mghavami/y2425-w02-compilation-on-hpc-AminGhavami/precice/precice-3.1.2/src/mapping/Mapping.hpp:6,
                 from /home/users/mghavami/y2425-w02-compilation-on-hpc-AminGhavami/precice/precice-3.1.2/src/action/Action.hpp:3,
                 from /home/users/mghavami/y2425-w02-compilation-on-hpc-AminGhavami/precice/precice-3.1.2/src/precice/impl/ParticipantImpl.hpp:10,
                 from /home/users/mghavami/y2425-w02-compilation-on-hpc-AminGhavami/precice/precice-3.1.2/tests/serial/map-initial-data/non-zero-data/../helper.hpp:5,
                 from /home/users/mghavami/y2425-w02-compilation-on-hpc-AminGhavami/precice/precice-3.1.2/tests/serial/map-initial-data/non-zero-data/SerialWrite.cpp:3:
/opt/apps/resif/aion/2020b/epyc/software/Boost/1.74.0-GCC-10.2.0/include/boost/config/pragma_message.hpp:24:34: note: ‘#pragma message: This header is deprecated. Use <boost/range/iterator.hpp> instead.’
   24 | # define BOOST_PRAGMA_MESSAGE(x) _Pragma(BOOST_STRINGIZE(message(x)))
      |                                  ^~~~~~~
/opt/apps/resif/aion/2020b/epyc/software/Boost/1.74.0-GCC-10.2.0/include/boost/config/pragma_message.hpp:24:34: note: in definition of macro ‘BOOST_PRAGMA_MESSAGE’
   24 | # define BOOST_PRAGMA_MESSAGE(x) _Pragma(BOOST_STRINGIZE(message(x)))
      |                                  ^~~~~~~
/opt/apps/resif/aion/2020b/epyc/software/Boost/1.74.0-GCC-10.2.0/include/boost/range/result_iterator.hpp:20:1: note: in expansion of macro ‘BOOST_HEADER_DEPRECATED’
   20 | BOOST_HEADER_DEPRECATED("<boost/range/iterator.hpp>")
      | ^~~~~~~~~~~~~~~~~~~~~~~
/opt/apps/resif/aion/2020b/epyc/software/Boost/1.74.0-GCC-10.2.0/include/boost/config/pragma_message.hpp:24:34: note: ‘#pragma message: This header is deprecated. Use <boost/range/reverse_iterator.hpp> instead.’
   24 | # define BOOST_PRAGMA_MESSAGE(x) _Pragma(BOOST_STRINGIZE(message(x)))
      |                                  ^~~~~~~
/opt/apps/resif/aion/2020b/epyc/software/Boost/1.74.0-GCC-10.2.0/include/boost/config/pragma_message.hpp:24:34: note: in definition of macro ‘BOOST_PRAGMA_MESSAGE’
   24 | # define BOOST_PRAGMA_MESSAGE(x) _Pragma(BOOST_STRINGIZE(message(x)))
      |                                  ^~~~~~~
/opt/apps/resif/aion/2020b/epyc/software/Boost/1.74.0-GCC-10.2.0/include/boost/range/const_reverse_iterator.hpp:20:1: note: in expansion of macro ‘BOOST_HEADER_DEPRECATED’
   20 | BOOST_HEADER_DEPRECATED("<boost/range/reverse_iterator.hpp>")
      | ^~~~~~~~~~~~~~~~~~~~~~~
/opt/apps/resif/aion/2020b/epyc/software/Boost/1.74.0-GCC-10.2.0/include/boost/config/pragma_message.hpp:24:34: note: ‘#pragma message: This header is deprecated. Use <boost/range/reverse_iterator.hpp> instead.’
   24 | # define BOOST_PRAGMA_MESSAGE(x) _Pragma(BOOST_STRINGIZE(message(x)))
      |                                  ^~~~~~~
/opt/apps/resif/aion/2020b/epyc/software/Boost/1.74.0-GCC-10.2.0/include/boost/config/pragma_message.hpp:24:34: note: in definition of macro ‘BOOST_PRAGMA_MESSAGE’
   24 | # define BOOST_PRAGMA_MESSAGE(x) _Pragma(BOOST_STRINGIZE(message(x)))
      |                                  ^~~~~~~
/opt/apps/resif/aion/2020b/epyc/software/Boost/1.74.0-GCC-10.2.0/include/boost/range/reverse_result_iterator.hpp:20:1: note: in expansion of macro ‘BOOST_HEADER_DEPRECATED’
   20 | BOOST_HEADER_DEPRECATED("<boost/range/reverse_iterator.hpp>")
      | ^~~~~~~~~~~~~~~~~~~~~~~
[ 78%] Building CXX object CMakeFiles/testprecice.dir/tests/serial/mapping-nearest-neighbor-gradient/GradientTestUnidirectionalReadScalar.cpp.o
In file included from /opt/apps/resif/aion/2020b/epyc/software/Boost/1.74.0-GCC-10.2.0/include/boost/config/header_deprecated.hpp:18,
                 from /opt/apps/resif/aion/2020b/epyc/software/Boost/1.74.0-GCC-10.2.0/include/boost/range/result_iterator.hpp:18,
                 from /opt/apps/resif/aion/2020b/epyc/software/Boost/1.74.0-GCC-10.2.0/include/boost/range/metafunctions.hpp:20,
                 from /opt/apps/resif/aion/2020b/epyc/software/Boost/1.74.0-GCC-10.2.0/include/boost/range.hpp:19,
                 from /home/users/mghavami/y2425-w02-compilation-on-hpc-AminGhavami/precice/precice-3.1.2/src/time/Storage.hpp:4,
                 from /home/users/mghavami/y2425-w02-compilation-on-hpc-AminGhavami/precice/precice-3.1.2/src/mesh/Data.hpp:11,
                 from /home/users/mghavami/y2425-w02-compilation-on-hpc-AminGhavami/precice/precice-3.1.2/src/mesh/Mesh.hpp:14,
                 from /home/users/mghavami/y2425-w02-compilation-on-hpc-AminGhavami/precice/precice-3.1.2/src/mapping/Mapping.hpp:6,
                 from /home/users/mghavami/y2425-w02-compilation-on-hpc-AminGhavami/precice/precice-3.1.2/src/action/Action.hpp:3,
                 from /home/users/mghavami/y2425-w02-compilation-on-hpc-AminGhavami/precice/precice-3.1.2/src/precice/impl/ParticipantImpl.hpp:10,
                 from /home/users/mghavami/y2425-w02-compilation-on-hpc-AminGhavami/precice/precice-3.1.2/tests/serial/map-initial-data/zero-data/../helper.hpp:5,
                 from /home/users/mghavami/y2425-w02-compilation-on-hpc-AminGhavami/precice/precice-3.1.2/tests/serial/map-initial-data/zero-data/ParallelRead.cpp:3:
/opt/apps/resif/aion/2020b/epyc/software/Boost/1.74.0-GCC-10.2.0/include/boost/config/pragma_message.hpp:24:34: note: ‘#pragma message: This header is deprecated. Use <boost/range/iterator.hpp> instead.’
   24 | # define BOOST_PRAGMA_MESSAGE(x) _Pragma(BOOST_STRINGIZE(message(x)))
      |                                  ^~~~~~~
/opt/apps/resif/aion/2020b/epyc/software/Boost/1.74.0-GCC-10.2.0/include/boost/config/pragma_message.hpp:24:34: note: in definition of macro ‘BOOST_PRAGMA_MESSAGE’
   24 | # define BOOST_PRAGMA_MESSAGE(x) _Pragma(BOOST_STRINGIZE(message(x)))
      |                                  ^~~~~~~
/opt/apps/resif/aion/2020b/epyc/software/Boost/1.74.0-GCC-10.2.0/include/boost/range/result_iterator.hpp:20:1: note: in expansion of macro ‘BOOST_HEADER_DEPRECATED’
   20 | BOOST_HEADER_DEPRECATED("<boost/range/iterator.hpp>")
      | ^~~~~~~~~~~~~~~~~~~~~~~
/opt/apps/resif/aion/2020b/epyc/software/Boost/1.74.0-GCC-10.2.0/include/boost/config/pragma_message.hpp:24:34: note: ‘#pragma message: This header is deprecated. Use <boost/range/reverse_iterator.hpp> instead.’
   24 | # define BOOST_PRAGMA_MESSAGE(x) _Pragma(BOOST_STRINGIZE(message(x)))
      |                                  ^~~~~~~
/opt/apps/resif/aion/2020b/epyc/software/Boost/1.74.0-GCC-10.2.0/include/boost/config/pragma_message.hpp:24:34: note: in definition of macro ‘BOOST_PRAGMA_MESSAGE’
   24 | # define BOOST_PRAGMA_MESSAGE(x) _Pragma(BOOST_STRINGIZE(message(x)))
      |                                  ^~~~~~~
/opt/apps/resif/aion/2020b/epyc/software/Boost/1.74.0-GCC-10.2.0/include/boost/range/const_reverse_iterator.hpp:20:1: note: in expansion of macro ‘BOOST_HEADER_DEPRECATED’
   20 | BOOST_HEADER_DEPRECATED("<boost/range/reverse_iterator.hpp>")
      | ^~~~~~~~~~~~~~~~~~~~~~~
/opt/apps/resif/aion/2020b/epyc/software/Boost/1.74.0-GCC-10.2.0/include/boost/config/pragma_message.hpp:24:34: note: ‘#pragma message: This header is deprecated. Use <boost/range/reverse_iterator.hpp> instead.’
   24 | # define BOOST_PRAGMA_MESSAGE(x) _Pragma(BOOST_STRINGIZE(message(x)))
      |                                  ^~~~~~~
/opt/apps/resif/aion/2020b/epyc/software/Boost/1.74.0-GCC-10.2.0/include/boost/config/pragma_message.hpp:24:34: note: in definition of macro ‘BOOST_PRAGMA_MESSAGE’
   24 | # define BOOST_PRAGMA_MESSAGE(x) _Pragma(BOOST_STRINGIZE(message(x)))
      |                                  ^~~~~~~
/opt/apps/resif/aion/2020b/epyc/software/Boost/1.74.0-GCC-10.2.0/include/boost/range/reverse_result_iterator.hpp:20:1: note: in expansion of macro ‘BOOST_HEADER_DEPRECATED’
   20 | BOOST_HEADER_DEPRECATED("<boost/range/reverse_iterator.hpp>")
      | ^~~~~~~~~~~~~~~~~~~~~~~
[ 78%] Building CXX object CMakeFiles/testprecice.dir/tests/serial/mapping-nearest-neighbor-gradient/GradientTestUnidirectionalReadVector.cpp.o
In file included from /opt/apps/resif/aion/2020b/epyc/software/Boost/1.74.0-GCC-10.2.0/include/boost/config/header_deprecated.hpp:18,
                 from /opt/apps/resif/aion/2020b/epyc/software/Boost/1.74.0-GCC-10.2.0/include/boost/range/result_iterator.hpp:18,
                 from /opt/apps/resif/aion/2020b/epyc/software/Boost/1.74.0-GCC-10.2.0/include/boost/range/metafunctions.hpp:20,
                 from /opt/apps/resif/aion/2020b/epyc/software/Boost/1.74.0-GCC-10.2.0/include/boost/range.hpp:19,
                 from /home/users/mghavami/y2425-w02-compilation-on-hpc-AminGhavami/precice/precice-3.1.2/src/time/Storage.hpp:4,
                 from /home/users/mghavami/y2425-w02-compilation-on-hpc-AminGhavami/precice/precice-3.1.2/src/mesh/Data.hpp:11,
                 from /home/users/mghavami/y2425-w02-compilation-on-hpc-AminGhavami/precice/precice-3.1.2/src/mesh/Mesh.hpp:14,
                 from /home/users/mghavami/y2425-w02-compilation-on-hpc-AminGhavami/precice/precice-3.1.2/src/mapping/Mapping.hpp:6,
                 from /home/users/mghavami/y2425-w02-compilation-on-hpc-AminGhavami/precice/precice-3.1.2/src/action/Action.hpp:3,
                 from /home/users/mghavami/y2425-w02-compilation-on-hpc-AminGhavami/precice/precice-3.1.2/src/precice/impl/ParticipantImpl.hpp:10,
                 from /home/users/mghavami/y2425-w02-compilation-on-hpc-AminGhavami/precice/precice-3.1.2/tests/serial/map-initial-data/zero-data/../helper.hpp:5,
                 from /home/users/mghavami/y2425-w02-compilation-on-hpc-AminGhavami/precice/precice-3.1.2/tests/serial/map-initial-data/zero-data/ParallelWrite.cpp:3:
/opt/apps/resif/aion/2020b/epyc/software/Boost/1.74.0-GCC-10.2.0/include/boost/config/pragma_message.hpp:24:34: note: ‘#pragma message: This header is deprecated. Use <boost/range/iterator.hpp> instead.’
   24 | # define BOOST_PRAGMA_MESSAGE(x) _Pragma(BOOST_STRINGIZE(message(x)))
      |                                  ^~~~~~~
/opt/apps/resif/aion/2020b/epyc/software/Boost/1.74.0-GCC-10.2.0/include/boost/config/pragma_message.hpp:24:34: note: in definition of macro ‘BOOST_PRAGMA_MESSAGE’
   24 | # define BOOST_PRAGMA_MESSAGE(x) _Pragma(BOOST_STRINGIZE(message(x)))
      |                                  ^~~~~~~
/opt/apps/resif/aion/2020b/epyc/software/Boost/1.74.0-GCC-10.2.0/include/boost/range/result_iterator.hpp:20:1: note: in expansion of macro ‘BOOST_HEADER_DEPRECATED’
   20 | BOOST_HEADER_DEPRECATED("<boost/range/iterator.hpp>")
      | ^~~~~~~~~~~~~~~~~~~~~~~
/opt/apps/resif/aion/2020b/epyc/software/Boost/1.74.0-GCC-10.2.0/include/boost/config/pragma_message.hpp:24:34: note: ‘#pragma message: This header is deprecated. Use <boost/range/reverse_iterator.hpp> instead.’
   24 | # define BOOST_PRAGMA_MESSAGE(x) _Pragma(BOOST_STRINGIZE(message(x)))
      |                                  ^~~~~~~
/opt/apps/resif/aion/2020b/epyc/software/Boost/1.74.0-GCC-10.2.0/include/boost/config/pragma_message.hpp:24:34: note: in definition of macro ‘BOOST_PRAGMA_MESSAGE’
   24 | # define BOOST_PRAGMA_MESSAGE(x) _Pragma(BOOST_STRINGIZE(message(x)))
      |                                  ^~~~~~~
/opt/apps/resif/aion/2020b/epyc/software/Boost/1.74.0-GCC-10.2.0/include/boost/range/const_reverse_iterator.hpp:20:1: note: in expansion of macro ‘BOOST_HEADER_DEPRECATED’
   20 | BOOST_HEADER_DEPRECATED("<boost/range/reverse_iterator.hpp>")
      | ^~~~~~~~~~~~~~~~~~~~~~~
/opt/apps/resif/aion/2020b/epyc/software/Boost/1.74.0-GCC-10.2.0/include/boost/config/pragma_message.hpp:24:34: note: ‘#pragma message: This header is deprecated. Use <boost/range/reverse_iterator.hpp> instead.’
   24 | # define BOOST_PRAGMA_MESSAGE(x) _Pragma(BOOST_STRINGIZE(message(x)))
      |                                  ^~~~~~~
/opt/apps/resif/aion/2020b/epyc/software/Boost/1.74.0-GCC-10.2.0/include/boost/config/pragma_message.hpp:24:34: note: in definition of macro ‘BOOST_PRAGMA_MESSAGE’
   24 | # define BOOST_PRAGMA_MESSAGE(x) _Pragma(BOOST_STRINGIZE(message(x)))
      |                                  ^~~~~~~
/opt/apps/resif/aion/2020b/epyc/software/Boost/1.74.0-GCC-10.2.0/include/boost/range/reverse_result_iterator.hpp:20:1: note: in expansion of macro ‘BOOST_HEADER_DEPRECATED’
   20 | BOOST_HEADER_DEPRECATED("<boost/range/reverse_iterator.hpp>")
      | ^~~~~~~~~~~~~~~~~~~~~~~
[ 78%] Building CXX object CMakeFiles/testprecice.dir/tests/serial/mapping-nearest-neighbor-gradient/helpers.cpp.o
In file included from /opt/apps/resif/aion/2020b/epyc/software/Boost/1.74.0-GCC-10.2.0/include/boost/config/header_deprecated.hpp:18,
                 from /opt/apps/resif/aion/2020b/epyc/software/Boost/1.74.0-GCC-10.2.0/include/boost/range/result_iterator.hpp:18,
                 from /opt/apps/resif/aion/2020b/epyc/software/Boost/1.74.0-GCC-10.2.0/include/boost/range/metafunctions.hpp:20,
                 from /opt/apps/resif/aion/2020b/epyc/software/Boost/1.74.0-GCC-10.2.0/include/boost/range.hpp:19,
                 from /home/users/mghavami/y2425-w02-compilation-on-hpc-AminGhavami/precice/precice-3.1.2/src/time/Storage.hpp:4,
                 from /home/users/mghavami/y2425-w02-compilation-on-hpc-AminGhavami/precice/precice-3.1.2/src/mesh/Data.hpp:11,
                 from /home/users/mghavami/y2425-w02-compilation-on-hpc-AminGhavami/precice/precice-3.1.2/src/mesh/Mesh.hpp:14,
                 from /home/users/mghavami/y2425-w02-compilation-on-hpc-AminGhavami/precice/precice-3.1.2/src/mapping/Mapping.hpp:6,
                 from /home/users/mghavami/y2425-w02-compilation-on-hpc-AminGhavami/precice/precice-3.1.2/src/action/Action.hpp:3,
                 from /home/users/mghavami/y2425-w02-compilation-on-hpc-AminGhavami/precice/precice-3.1.2/src/precice/impl/ParticipantImpl.hpp:10,
                 from /home/users/mghavami/y2425-w02-compilation-on-hpc-AminGhavami/precice/precice-3.1.2/tests/serial/map-initial-data/zero-data/../helper.hpp:5,
                 from /home/users/mghavami/y2425-w02-compilation-on-hpc-AminGhavami/precice/precice-3.1.2/tests/serial/map-initial-data/zero-data/SerialRead.cpp:3:
/opt/apps/resif/aion/2020b/epyc/software/Boost/1.74.0-GCC-10.2.0/include/boost/config/pragma_message.hpp:24:34: note: ‘#pragma message: This header is deprecated. Use <boost/range/iterator.hpp> instead.’
   24 | # define BOOST_PRAGMA_MESSAGE(x) _Pragma(BOOST_STRINGIZE(message(x)))
      |                                  ^~~~~~~
/opt/apps/resif/aion/2020b/epyc/software/Boost/1.74.0-GCC-10.2.0/include/boost/config/pragma_message.hpp:24:34: note: in definition of macro ‘BOOST_PRAGMA_MESSAGE’
   24 | # define BOOST_PRAGMA_MESSAGE(x) _Pragma(BOOST_STRINGIZE(message(x)))
      |                                  ^~~~~~~
/opt/apps/resif/aion/2020b/epyc/software/Boost/1.74.0-GCC-10.2.0/include/boost/range/result_iterator.hpp:20:1: note: in expansion of macro ‘BOOST_HEADER_DEPRECATED’
   20 | BOOST_HEADER_DEPRECATED("<boost/range/iterator.hpp>")
      | ^~~~~~~~~~~~~~~~~~~~~~~
/opt/apps/resif/aion/2020b/epyc/software/Boost/1.74.0-GCC-10.2.0/include/boost/config/pragma_message.hpp:24:34: note: ‘#pragma message: This header is deprecated. Use <boost/range/reverse_iterator.hpp> instead.’
   24 | # define BOOST_PRAGMA_MESSAGE(x) _Pragma(BOOST_STRINGIZE(message(x)))
      |                                  ^~~~~~~
/opt/apps/resif/aion/2020b/epyc/software/Boost/1.74.0-GCC-10.2.0/include/boost/config/pragma_message.hpp:24:34: note: in definition of macro ‘BOOST_PRAGMA_MESSAGE’
   24 | # define BOOST_PRAGMA_MESSAGE(x) _Pragma(BOOST_STRINGIZE(message(x)))
      |                                  ^~~~~~~
/opt/apps/resif/aion/2020b/epyc/software/Boost/1.74.0-GCC-10.2.0/include/boost/range/const_reverse_iterator.hpp:20:1: note: in expansion of macro ‘BOOST_HEADER_DEPRECATED’
   20 | BOOST_HEADER_DEPRECATED("<boost/range/reverse_iterator.hpp>")
      | ^~~~~~~~~~~~~~~~~~~~~~~
/opt/apps/resif/aion/2020b/epyc/software/Boost/1.74.0-GCC-10.2.0/include/boost/config/pragma_message.hpp:24:34: note: ‘#pragma message: This header is deprecated. Use <boost/range/reverse_iterator.hpp> instead.’
   24 | # define BOOST_PRAGMA_MESSAGE(x) _Pragma(BOOST_STRINGIZE(message(x)))
      |                                  ^~~~~~~
/opt/apps/resif/aion/2020b/epyc/software/Boost/1.74.0-GCC-10.2.0/include/boost/config/pragma_message.hpp:24:34: note: in definition of macro ‘BOOST_PRAGMA_MESSAGE’
   24 | # define BOOST_PRAGMA_MESSAGE(x) _Pragma(BOOST_STRINGIZE(message(x)))
      |                                  ^~~~~~~
/opt/apps/resif/aion/2020b/epyc/software/Boost/1.74.0-GCC-10.2.0/include/boost/range/reverse_result_iterator.hpp:20:1: note: in expansion of macro ‘BOOST_HEADER_DEPRECATED’
   20 | BOOST_HEADER_DEPRECATED("<boost/range/reverse_iterator.hpp>")
      | ^~~~~~~~~~~~~~~~~~~~~~~
[ 79%] Building CXX object CMakeFiles/testprecice.dir/tests/serial/mapping-nearest-projection/MappingNearestProjectionEdges.cpp.o
[ 79%] Building CXX object CMakeFiles/testprecice.dir/tests/serial/mapping-nearest-projection/QuadMappingDiagonalNearestProjectionEdgesTallKite.cpp.o
[ 79%] Building CXX object CMakeFiles/testprecice.dir/tests/serial/mapping-nearest-projection/QuadMappingDiagonalNearestProjectionEdgesWideKite.cpp.o
In file included from /opt/apps/resif/aion/2020b/epyc/software/Boost/1.74.0-GCC-10.2.0/include/boost/config/header_deprecated.hpp:18,
                 from /opt/apps/resif/aion/2020b/epyc/software/Boost/1.74.0-GCC-10.2.0/include/boost/range/result_iterator.hpp:18,
                 from /opt/apps/resif/aion/2020b/epyc/software/Boost/1.74.0-GCC-10.2.0/include/boost/range/metafunctions.hpp:20,
                 from /opt/apps/resif/aion/2020b/epyc/software/Boost/1.74.0-GCC-10.2.0/include/boost/range.hpp:19,
                 from /home/users/mghavami/y2425-w02-compilation-on-hpc-AminGhavami/precice/precice-3.1.2/src/time/Storage.hpp:4,
                 from /home/users/mghavami/y2425-w02-compilation-on-hpc-AminGhavami/precice/precice-3.1.2/src/mesh/Data.hpp:11,
                 from /home/users/mghavami/y2425-w02-compilation-on-hpc-AminGhavami/precice/precice-3.1.2/src/mesh/Mesh.hpp:14,
                 from /home/users/mghavami/y2425-w02-compilation-on-hpc-AminGhavami/precice/precice-3.1.2/src/mapping/Mapping.hpp:6,
                 from /home/users/mghavami/y2425-w02-compilation-on-hpc-AminGhavami/precice/precice-3.1.2/src/action/Action.hpp:3,
                 from /home/users/mghavami/y2425-w02-compilation-on-hpc-AminGhavami/precice/precice-3.1.2/src/precice/impl/ParticipantImpl.hpp:10,
                 from /home/users/mghavami/y2425-w02-compilation-on-hpc-AminGhavami/precice/precice-3.1.2/tests/serial/map-initial-data/zero-data/../helper.hpp:5,
                 from /home/users/mghavami/y2425-w02-compilation-on-hpc-AminGhavami/precice/precice-3.1.2/tests/serial/map-initial-data/zero-data/SerialWrite.cpp:3:
/opt/apps/resif/aion/2020b/epyc/software/Boost/1.74.0-GCC-10.2.0/include/boost/config/pragma_message.hpp:24:34: note: ‘#pragma message: This header is deprecated. Use <boost/range/iterator.hpp> instead.’
   24 | # define BOOST_PRAGMA_MESSAGE(x) _Pragma(BOOST_STRINGIZE(message(x)))
      |                                  ^~~~~~~
/opt/apps/resif/aion/2020b/epyc/software/Boost/1.74.0-GCC-10.2.0/include/boost/config/pragma_message.hpp:24:34: note: in definition of macro ‘BOOST_PRAGMA_MESSAGE’
   24 | # define BOOST_PRAGMA_MESSAGE(x) _Pragma(BOOST_STRINGIZE(message(x)))
      |                                  ^~~~~~~
/opt/apps/resif/aion/2020b/epyc/software/Boost/1.74.0-GCC-10.2.0/include/boost/range/result_iterator.hpp:20:1: note: in expansion of macro ‘BOOST_HEADER_DEPRECATED’
   20 | BOOST_HEADER_DEPRECATED("<boost/range/iterator.hpp>")
      | ^~~~~~~~~~~~~~~~~~~~~~~
/opt/apps/resif/aion/2020b/epyc/software/Boost/1.74.0-GCC-10.2.0/include/boost/config/pragma_message.hpp:24:34: note: ‘#pragma message: This header is deprecated. Use <boost/range/reverse_iterator.hpp> instead.’
   24 | # define BOOST_PRAGMA_MESSAGE(x) _Pragma(BOOST_STRINGIZE(message(x)))
      |                                  ^~~~~~~
/opt/apps/resif/aion/2020b/epyc/software/Boost/1.74.0-GCC-10.2.0/include/boost/config/pragma_message.hpp:24:34: note: in definition of macro ‘BOOST_PRAGMA_MESSAGE’
   24 | # define BOOST_PRAGMA_MESSAGE(x) _Pragma(BOOST_STRINGIZE(message(x)))
      |                                  ^~~~~~~
/opt/apps/resif/aion/2020b/epyc/software/Boost/1.74.0-GCC-10.2.0/include/boost/range/const_reverse_iterator.hpp:20:1: note: in expansion of macro ‘BOOST_HEADER_DEPRECATED’
   20 | BOOST_HEADER_DEPRECATED("<boost/range/reverse_iterator.hpp>")
      | ^~~~~~~~~~~~~~~~~~~~~~~
/opt/apps/resif/aion/2020b/epyc/software/Boost/1.74.0-GCC-10.2.0/include/boost/config/pragma_message.hpp:24:34: note: ‘#pragma message: This header is deprecated. Use <boost/range/reverse_iterator.hpp> instead.’
   24 | # define BOOST_PRAGMA_MESSAGE(x) _Pragma(BOOST_STRINGIZE(message(x)))
      |                                  ^~~~~~~
/opt/apps/resif/aion/2020b/epyc/software/Boost/1.74.0-GCC-10.2.0/include/boost/config/pragma_message.hpp:24:34: note: in definition of macro ‘BOOST_PRAGMA_MESSAGE’
   24 | # define BOOST_PRAGMA_MESSAGE(x) _Pragma(BOOST_STRINGIZE(message(x)))
      |                                  ^~~~~~~
/opt/apps/resif/aion/2020b/epyc/software/Boost/1.74.0-GCC-10.2.0/include/boost/range/reverse_result_iterator.hpp:20:1: note: in expansion of macro ‘BOOST_HEADER_DEPRECATED’
   20 | BOOST_HEADER_DEPRECATED("<boost/range/reverse_iterator.hpp>")
      | ^~~~~~~~~~~~~~~~~~~~~~~
In file included from /opt/apps/resif/aion/2020b/epyc/software/Boost/1.74.0-GCC-10.2.0/include/boost/config/header_deprecated.hpp:18,
                 from /opt/apps/resif/aion/2020b/epyc/software/Boost/1.74.0-GCC-10.2.0/include/boost/range/result_iterator.hpp:18,
                 from /opt/apps/resif/aion/2020b/epyc/software/Boost/1.74.0-GCC-10.2.0/include/boost/range/metafunctions.hpp:20,
                 from /opt/apps/resif/aion/2020b/epyc/software/Boost/1.74.0-GCC-10.2.0/include/boost/range.hpp:19,
                 from /home/users/mghavami/y2425-w02-compilation-on-hpc-AminGhavami/precice/precice-3.1.2/src/time/Storage.hpp:4,
                 from /home/users/mghavami/y2425-w02-compilation-on-hpc-AminGhavami/precice/precice-3.1.2/src/mesh/Data.hpp:11,
                 from /home/users/mghavami/y2425-w02-compilation-on-hpc-AminGhavami/precice/precice-3.1.2/src/mesh/Mesh.hpp:14,
                 from /home/users/mghavami/y2425-w02-compilation-on-hpc-AminGhavami/precice/precice-3.1.2/src/mapping/Mapping.hpp:6,
                 from /home/users/mghavami/y2425-w02-compilation-on-hpc-AminGhavami/precice/precice-3.1.2/src/action/Action.hpp:3,
                 from /home/users/mghavami/y2425-w02-compilation-on-hpc-AminGhavami/precice/precice-3.1.2/src/action/RecorderAction.hpp:4,
                 from /home/users/mghavami/y2425-w02-compilation-on-hpc-AminGhavami/precice/precice-3.1.2/tests/serial/mapping-nearest-neighbor-gradient/GradientTestBidirectionalReadScalar.cpp:14:
/opt/apps/resif/aion/2020b/epyc/software/Boost/1.74.0-GCC-10.2.0/include/boost/config/pragma_message.hpp:24:34: note: ‘#pragma message: This header is deprecated. Use <boost/range/iterator.hpp> instead.’
   24 | # define BOOST_PRAGMA_MESSAGE(x) _Pragma(BOOST_STRINGIZE(message(x)))
      |                                  ^~~~~~~
/opt/apps/resif/aion/2020b/epyc/software/Boost/1.74.0-GCC-10.2.0/include/boost/config/pragma_message.hpp:24:34: note: in definition of macro ‘BOOST_PRAGMA_MESSAGE’
   24 | # define BOOST_PRAGMA_MESSAGE(x) _Pragma(BOOST_STRINGIZE(message(x)))
      |                                  ^~~~~~~
/opt/apps/resif/aion/2020b/epyc/software/Boost/1.74.0-GCC-10.2.0/include/boost/range/result_iterator.hpp:20:1: note: in expansion of macro ‘BOOST_HEADER_DEPRECATED’
   20 | BOOST_HEADER_DEPRECATED("<boost/range/iterator.hpp>")
      | ^~~~~~~~~~~~~~~~~~~~~~~
/opt/apps/resif/aion/2020b/epyc/software/Boost/1.74.0-GCC-10.2.0/include/boost/config/pragma_message.hpp:24:34: note: ‘#pragma message: This header is deprecated. Use <boost/range/reverse_iterator.hpp> instead.’
   24 | # define BOOST_PRAGMA_MESSAGE(x) _Pragma(BOOST_STRINGIZE(message(x)))
      |                                  ^~~~~~~
/opt/apps/resif/aion/2020b/epyc/software/Boost/1.74.0-GCC-10.2.0/include/boost/config/pragma_message.hpp:24:34: note: in definition of macro ‘BOOST_PRAGMA_MESSAGE’
   24 | # define BOOST_PRAGMA_MESSAGE(x) _Pragma(BOOST_STRINGIZE(message(x)))
      |                                  ^~~~~~~
/opt/apps/resif/aion/2020b/epyc/software/Boost/1.74.0-GCC-10.2.0/include/boost/range/const_reverse_iterator.hpp:20:1: note: in expansion of macro ‘BOOST_HEADER_DEPRECATED’
   20 | BOOST_HEADER_DEPRECATED("<boost/range/reverse_iterator.hpp>")
      | ^~~~~~~~~~~~~~~~~~~~~~~
/opt/apps/resif/aion/2020b/epyc/software/Boost/1.74.0-GCC-10.2.0/include/boost/config/pragma_message.hpp:24:34: note: ‘#pragma message: This header is deprecated. Use <boost/range/reverse_iterator.hpp> instead.’
   24 | # define BOOST_PRAGMA_MESSAGE(x) _Pragma(BOOST_STRINGIZE(message(x)))
      |                                  ^~~~~~~
/opt/apps/resif/aion/2020b/epyc/software/Boost/1.74.0-GCC-10.2.0/include/boost/config/pragma_message.hpp:24:34: note: in definition of macro ‘BOOST_PRAGMA_MESSAGE’
   24 | # define BOOST_PRAGMA_MESSAGE(x) _Pragma(BOOST_STRINGIZE(message(x)))
      |                                  ^~~~~~~
/opt/apps/resif/aion/2020b/epyc/software/Boost/1.74.0-GCC-10.2.0/include/boost/range/reverse_result_iterator.hpp:20:1: note: in expansion of macro ‘BOOST_HEADER_DEPRECATED’
   20 | BOOST_HEADER_DEPRECATED("<boost/range/reverse_iterator.hpp>")
      | ^~~~~~~~~~~~~~~~~~~~~~~
In file included from /opt/apps/resif/aion/2020b/epyc/software/Boost/1.74.0-GCC-10.2.0/include/boost/config/header_deprecated.hpp:18,
                 from /opt/apps/resif/aion/2020b/epyc/software/Boost/1.74.0-GCC-10.2.0/include/boost/range/result_iterator.hpp:18,
                 from /opt/apps/resif/aion/2020b/epyc/software/Boost/1.74.0-GCC-10.2.0/include/boost/range/metafunctions.hpp:20,
                 from /opt/apps/resif/aion/2020b/epyc/software/Boost/1.74.0-GCC-10.2.0/include/boost/range.hpp:19,
                 from /home/users/mghavami/y2425-w02-compilation-on-hpc-AminGhavami/precice/precice-3.1.2/src/time/Storage.hpp:4,
                 from /home/users/mghavami/y2425-w02-compilation-on-hpc-AminGhavami/precice/precice-3.1.2/src/mesh/Data.hpp:11,
                 from /home/users/mghavami/y2425-w02-compilation-on-hpc-AminGhavami/precice/precice-3.1.2/src/mesh/Mesh.hpp:14,
                 from /home/users/mghavami/y2425-w02-compilation-on-hpc-AminGhavami/precice/precice-3.1.2/src/mapping/Mapping.hpp:6,
                 from /home/users/mghavami/y2425-w02-compilation-on-hpc-AminGhavami/precice/precice-3.1.2/src/action/Action.hpp:3,
                 from /home/users/mghavami/y2425-w02-compilation-on-hpc-AminGhavami/precice/precice-3.1.2/src/action/RecorderAction.hpp:4,
                 from /home/users/mghavami/y2425-w02-compilation-on-hpc-AminGhavami/precice/precice-3.1.2/tests/serial/mapping-nearest-neighbor-gradient/GradientTestBidirectionalReadVector.cpp:14:
/opt/apps/resif/aion/2020b/epyc/software/Boost/1.74.0-GCC-10.2.0/include/boost/config/pragma_message.hpp:24:34: note: ‘#pragma message: This header is deprecated. Use <boost/range/iterator.hpp> instead.’
   24 | # define BOOST_PRAGMA_MESSAGE(x) _Pragma(BOOST_STRINGIZE(message(x)))
      |                                  ^~~~~~~
/opt/apps/resif/aion/2020b/epyc/software/Boost/1.74.0-GCC-10.2.0/include/boost/config/pragma_message.hpp:24:34: note: in definition of macro ‘BOOST_PRAGMA_MESSAGE’
   24 | # define BOOST_PRAGMA_MESSAGE(x) _Pragma(BOOST_STRINGIZE(message(x)))
      |                                  ^~~~~~~
/opt/apps/resif/aion/2020b/epyc/software/Boost/1.74.0-GCC-10.2.0/include/boost/range/result_iterator.hpp:20:1: note: in expansion of macro ‘BOOST_HEADER_DEPRECATED’
   20 | BOOST_HEADER_DEPRECATED("<boost/range/iterator.hpp>")
      | ^~~~~~~~~~~~~~~~~~~~~~~
/opt/apps/resif/aion/2020b/epyc/software/Boost/1.74.0-GCC-10.2.0/include/boost/config/pragma_message.hpp:24:34: note: ‘#pragma message: This header is deprecated. Use <boost/range/reverse_iterator.hpp> instead.’
   24 | # define BOOST_PRAGMA_MESSAGE(x) _Pragma(BOOST_STRINGIZE(message(x)))
      |                                  ^~~~~~~
/opt/apps/resif/aion/2020b/epyc/software/Boost/1.74.0-GCC-10.2.0/include/boost/config/pragma_message.hpp:24:34: note: in definition of macro ‘BOOST_PRAGMA_MESSAGE’
   24 | # define BOOST_PRAGMA_MESSAGE(x) _Pragma(BOOST_STRINGIZE(message(x)))
      |                                  ^~~~~~~
/opt/apps/resif/aion/2020b/epyc/software/Boost/1.74.0-GCC-10.2.0/include/boost/range/const_reverse_iterator.hpp:20:1: note: in expansion of macro ‘BOOST_HEADER_DEPRECATED’
   20 | BOOST_HEADER_DEPRECATED("<boost/range/reverse_iterator.hpp>")
      | ^~~~~~~~~~~~~~~~~~~~~~~
/opt/apps/resif/aion/2020b/epyc/software/Boost/1.74.0-GCC-10.2.0/include/boost/config/pragma_message.hpp:24:34: note: ‘#pragma message: This header is deprecated. Use <boost/range/reverse_iterator.hpp> instead.’
   24 | # define BOOST_PRAGMA_MESSAGE(x) _Pragma(BOOST_STRINGIZE(message(x)))
      |                                  ^~~~~~~
/opt/apps/resif/aion/2020b/epyc/software/Boost/1.74.0-GCC-10.2.0/include/boost/config/pragma_message.hpp:24:34: note: in definition of macro ‘BOOST_PRAGMA_MESSAGE’
   24 | # define BOOST_PRAGMA_MESSAGE(x) _Pragma(BOOST_STRINGIZE(message(x)))
      |                                  ^~~~~~~
/opt/apps/resif/aion/2020b/epyc/software/Boost/1.74.0-GCC-10.2.0/include/boost/range/reverse_result_iterator.hpp:20:1: note: in expansion of macro ‘BOOST_HEADER_DEPRECATED’
   20 | BOOST_HEADER_DEPRECATED("<boost/range/reverse_iterator.hpp>")
      | ^~~~~~~~~~~~~~~~~~~~~~~
In file included from /opt/apps/resif/aion/2020b/epyc/software/Boost/1.74.0-GCC-10.2.0/include/boost/config/header_deprecated.hpp:18,
                 from /opt/apps/resif/aion/2020b/epyc/software/Boost/1.74.0-GCC-10.2.0/include/boost/range/result_iterator.hpp:18,
                 from /opt/apps/resif/aion/2020b/epyc/software/Boost/1.74.0-GCC-10.2.0/include/boost/range/metafunctions.hpp:20,
                 from /opt/apps/resif/aion/2020b/epyc/software/Boost/1.74.0-GCC-10.2.0/include/boost/range.hpp:19,
                 from /home/users/mghavami/y2425-w02-compilation-on-hpc-AminGhavami/precice/precice-3.1.2/src/time/Storage.hpp:4,
                 from /home/users/mghavami/y2425-w02-compilation-on-hpc-AminGhavami/precice/precice-3.1.2/src/mesh/Data.hpp:11,
                 from /home/users/mghavami/y2425-w02-compilation-on-hpc-AminGhavami/precice/precice-3.1.2/src/mesh/Mesh.hpp:14,
                 from /home/users/mghavami/y2425-w02-compilation-on-hpc-AminGhavami/precice/precice-3.1.2/src/mapping/Mapping.hpp:6,
                 from /home/users/mghavami/y2425-w02-compilation-on-hpc-AminGhavami/precice/precice-3.1.2/src/action/Action.hpp:3,
                 from /home/users/mghavami/y2425-w02-compilation-on-hpc-AminGhavami/precice/precice-3.1.2/src/action/RecorderAction.hpp:4,
                 from /home/users/mghavami/y2425-w02-compilation-on-hpc-AminGhavami/precice/precice-3.1.2/tests/serial/mapping-nearest-neighbor-gradient/GradientTestBidirectionalWriteScalar.cpp:14:
/opt/apps/resif/aion/2020b/epyc/software/Boost/1.74.0-GCC-10.2.0/include/boost/config/pragma_message.hpp:24:34: note: ‘#pragma message: This header is deprecated. Use <boost/range/iterator.hpp> instead.’
   24 | # define BOOST_PRAGMA_MESSAGE(x) _Pragma(BOOST_STRINGIZE(message(x)))
      |                                  ^~~~~~~
/opt/apps/resif/aion/2020b/epyc/software/Boost/1.74.0-GCC-10.2.0/include/boost/config/pragma_message.hpp:24:34: note: in definition of macro ‘BOOST_PRAGMA_MESSAGE’
   24 | # define BOOST_PRAGMA_MESSAGE(x) _Pragma(BOOST_STRINGIZE(message(x)))
      |                                  ^~~~~~~
/opt/apps/resif/aion/2020b/epyc/software/Boost/1.74.0-GCC-10.2.0/include/boost/range/result_iterator.hpp:20:1: note: in expansion of macro ‘BOOST_HEADER_DEPRECATED’
   20 | BOOST_HEADER_DEPRECATED("<boost/range/iterator.hpp>")
      | ^~~~~~~~~~~~~~~~~~~~~~~
/opt/apps/resif/aion/2020b/epyc/software/Boost/1.74.0-GCC-10.2.0/include/boost/config/pragma_message.hpp:24:34: note: ‘#pragma message: This header is deprecated. Use <boost/range/reverse_iterator.hpp> instead.’
   24 | # define BOOST_PRAGMA_MESSAGE(x) _Pragma(BOOST_STRINGIZE(message(x)))
      |                                  ^~~~~~~
/opt/apps/resif/aion/2020b/epyc/software/Boost/1.74.0-GCC-10.2.0/include/boost/config/pragma_message.hpp:24:34: note: in definition of macro ‘BOOST_PRAGMA_MESSAGE’
   24 | # define BOOST_PRAGMA_MESSAGE(x) _Pragma(BOOST_STRINGIZE(message(x)))
      |                                  ^~~~~~~
/opt/apps/resif/aion/2020b/epyc/software/Boost/1.74.0-GCC-10.2.0/include/boost/range/const_reverse_iterator.hpp:20:1: note: in expansion of macro ‘BOOST_HEADER_DEPRECATED’
   20 | BOOST_HEADER_DEPRECATED("<boost/range/reverse_iterator.hpp>")
      | ^~~~~~~~~~~~~~~~~~~~~~~
/opt/apps/resif/aion/2020b/epyc/software/Boost/1.74.0-GCC-10.2.0/include/boost/config/pragma_message.hpp:24:34: note: ‘#pragma message: This header is deprecated. Use <boost/range/reverse_iterator.hpp> instead.’
   24 | # define BOOST_PRAGMA_MESSAGE(x) _Pragma(BOOST_STRINGIZE(message(x)))
      |                                  ^~~~~~~
/opt/apps/resif/aion/2020b/epyc/software/Boost/1.74.0-GCC-10.2.0/include/boost/config/pragma_message.hpp:24:34: note: in definition of macro ‘BOOST_PRAGMA_MESSAGE’
   24 | # define BOOST_PRAGMA_MESSAGE(x) _Pragma(BOOST_STRINGIZE(message(x)))
      |                                  ^~~~~~~
/opt/apps/resif/aion/2020b/epyc/software/Boost/1.74.0-GCC-10.2.0/include/boost/range/reverse_result_iterator.hpp:20:1: note: in expansion of macro ‘BOOST_HEADER_DEPRECATED’
   20 | BOOST_HEADER_DEPRECATED("<boost/range/reverse_iterator.hpp>")
      | ^~~~~~~~~~~~~~~~~~~~~~~
In file included from /opt/apps/resif/aion/2020b/epyc/software/Boost/1.74.0-GCC-10.2.0/include/boost/config/header_deprecated.hpp:18,
                 from /opt/apps/resif/aion/2020b/epyc/software/Boost/1.74.0-GCC-10.2.0/include/boost/range/result_iterator.hpp:18,
                 from /opt/apps/resif/aion/2020b/epyc/software/Boost/1.74.0-GCC-10.2.0/include/boost/range/metafunctions.hpp:20,
                 from /opt/apps/resif/aion/2020b/epyc/software/Boost/1.74.0-GCC-10.2.0/include/boost/range.hpp:19,
                 from /home/users/mghavami/y2425-w02-compilation-on-hpc-AminGhavami/precice/precice-3.1.2/src/time/Storage.hpp:4,
                 from /home/users/mghavami/y2425-w02-compilation-on-hpc-AminGhavami/precice/precice-3.1.2/src/mesh/Data.hpp:11,
                 from /home/users/mghavami/y2425-w02-compilation-on-hpc-AminGhavami/precice/precice-3.1.2/src/mesh/Mesh.hpp:14,
                 from /home/users/mghavami/y2425-w02-compilation-on-hpc-AminGhavami/precice/precice-3.1.2/src/mapping/Mapping.hpp:6,
                 from /home/users/mghavami/y2425-w02-compilation-on-hpc-AminGhavami/precice/precice-3.1.2/src/action/Action.hpp:3,
                 from /home/users/mghavami/y2425-w02-compilation-on-hpc-AminGhavami/precice/precice-3.1.2/src/action/RecorderAction.hpp:4,
                 from /home/users/mghavami/y2425-w02-compilation-on-hpc-AminGhavami/precice/precice-3.1.2/tests/serial/mapping-nearest-neighbor-gradient/GradientTestBidirectionalWriteVector.cpp:14:
/opt/apps/resif/aion/2020b/epyc/software/Boost/1.74.0-GCC-10.2.0/include/boost/config/pragma_message.hpp:24:34: note: ‘#pragma message: This header is deprecated. Use <boost/range/iterator.hpp> instead.’
   24 | # define BOOST_PRAGMA_MESSAGE(x) _Pragma(BOOST_STRINGIZE(message(x)))
      |                                  ^~~~~~~
/opt/apps/resif/aion/2020b/epyc/software/Boost/1.74.0-GCC-10.2.0/include/boost/config/pragma_message.hpp:24:34: note: in definition of macro ‘BOOST_PRAGMA_MESSAGE’
   24 | # define BOOST_PRAGMA_MESSAGE(x) _Pragma(BOOST_STRINGIZE(message(x)))
      |                                  ^~~~~~~
/opt/apps/resif/aion/2020b/epyc/software/Boost/1.74.0-GCC-10.2.0/include/boost/range/result_iterator.hpp:20:1: note: in expansion of macro ‘BOOST_HEADER_DEPRECATED’
   20 | BOOST_HEADER_DEPRECATED("<boost/range/iterator.hpp>")
      | ^~~~~~~~~~~~~~~~~~~~~~~
/opt/apps/resif/aion/2020b/epyc/software/Boost/1.74.0-GCC-10.2.0/include/boost/config/pragma_message.hpp:24:34: note: ‘#pragma message: This header is deprecated. Use <boost/range/reverse_iterator.hpp> instead.’
   24 | # define BOOST_PRAGMA_MESSAGE(x) _Pragma(BOOST_STRINGIZE(message(x)))
      |                                  ^~~~~~~
/opt/apps/resif/aion/2020b/epyc/software/Boost/1.74.0-GCC-10.2.0/include/boost/config/pragma_message.hpp:24:34: note: in definition of macro ‘BOOST_PRAGMA_MESSAGE’
   24 | # define BOOST_PRAGMA_MESSAGE(x) _Pragma(BOOST_STRINGIZE(message(x)))
      |                                  ^~~~~~~
/opt/apps/resif/aion/2020b/epyc/software/Boost/1.74.0-GCC-10.2.0/include/boost/range/const_reverse_iterator.hpp:20:1: note: in expansion of macro ‘BOOST_HEADER_DEPRECATED’
   20 | BOOST_HEADER_DEPRECATED("<boost/range/reverse_iterator.hpp>")
      | ^~~~~~~~~~~~~~~~~~~~~~~
/opt/apps/resif/aion/2020b/epyc/software/Boost/1.74.0-GCC-10.2.0/include/boost/config/pragma_message.hpp:24:34: note: ‘#pragma message: This header is deprecated. Use <boost/range/reverse_iterator.hpp> instead.’
   24 | # define BOOST_PRAGMA_MESSAGE(x) _Pragma(BOOST_STRINGIZE(message(x)))
      |                                  ^~~~~~~
/opt/apps/resif/aion/2020b/epyc/software/Boost/1.74.0-GCC-10.2.0/include/boost/config/pragma_message.hpp:24:34: note: in definition of macro ‘BOOST_PRAGMA_MESSAGE’
   24 | # define BOOST_PRAGMA_MESSAGE(x) _Pragma(BOOST_STRINGIZE(message(x)))
      |                                  ^~~~~~~
/opt/apps/resif/aion/2020b/epyc/software/Boost/1.74.0-GCC-10.2.0/include/boost/range/reverse_result_iterator.hpp:20:1: note: in expansion of macro ‘BOOST_HEADER_DEPRECATED’
   20 | BOOST_HEADER_DEPRECATED("<boost/range/reverse_iterator.hpp>")
      | ^~~~~~~~~~~~~~~~~~~~~~~
[ 79%] Building CXX object CMakeFiles/testprecice.dir/tests/serial/mapping-nearest-projection/QuadMappingNearestProjectionEdges.cpp.o
[ 79%] Building CXX object CMakeFiles/testprecice.dir/tests/serial/mapping-nearest-projection/helpers.cpp.o
[ 80%] Building CXX object CMakeFiles/testprecice.dir/tests/serial/mapping-rbf-gaussian/GaussianShapeParameter.cpp.o
In file included from /opt/apps/resif/aion/2020b/epyc/software/Boost/1.74.0-GCC-10.2.0/include/boost/config/header_deprecated.hpp:18,
                 from /opt/apps/resif/aion/2020b/epyc/software/Boost/1.74.0-GCC-10.2.0/include/boost/range/result_iterator.hpp:18,
                 from /opt/apps/resif/aion/2020b/epyc/software/Boost/1.74.0-GCC-10.2.0/include/boost/range/metafunctions.hpp:20,
                 from /opt/apps/resif/aion/2020b/epyc/software/Boost/1.74.0-GCC-10.2.0/include/boost/range.hpp:19,
                 from /home/users/mghavami/y2425-w02-compilation-on-hpc-AminGhavami/precice/precice-3.1.2/src/time/Storage.hpp:4,
                 from /home/users/mghavami/y2425-w02-compilation-on-hpc-AminGhavami/precice/precice-3.1.2/src/mesh/Data.hpp:11,
                 from /home/users/mghavami/y2425-w02-compilation-on-hpc-AminGhavami/precice/precice-3.1.2/src/mesh/Mesh.hpp:14,
                 from /home/users/mghavami/y2425-w02-compilation-on-hpc-AminGhavami/precice/precice-3.1.2/src/mapping/Mapping.hpp:6,
                 from /home/users/mghavami/y2425-w02-compilation-on-hpc-AminGhavami/precice/precice-3.1.2/src/action/Action.hpp:3,
                 from /home/users/mghavami/y2425-w02-compilation-on-hpc-AminGhavami/precice/precice-3.1.2/src/action/RecorderAction.hpp:4,
                 from /home/users/mghavami/y2425-w02-compilation-on-hpc-AminGhavami/precice/precice-3.1.2/tests/serial/mapping-nearest-neighbor-gradient/GradientTestUnidirectionalReadScalar.cpp:14:
/opt/apps/resif/aion/2020b/epyc/software/Boost/1.74.0-GCC-10.2.0/include/boost/config/pragma_message.hpp:24:34: note: ‘#pragma message: This header is deprecated. Use <boost/range/iterator.hpp> instead.’
   24 | # define BOOST_PRAGMA_MESSAGE(x) _Pragma(BOOST_STRINGIZE(message(x)))
      |                                  ^~~~~~~
/opt/apps/resif/aion/2020b/epyc/software/Boost/1.74.0-GCC-10.2.0/include/boost/config/pragma_message.hpp:24:34: note: in definition of macro ‘BOOST_PRAGMA_MESSAGE’
   24 | # define BOOST_PRAGMA_MESSAGE(x) _Pragma(BOOST_STRINGIZE(message(x)))
      |                                  ^~~~~~~
/opt/apps/resif/aion/2020b/epyc/software/Boost/1.74.0-GCC-10.2.0/include/boost/range/result_iterator.hpp:20:1: note: in expansion of macro ‘BOOST_HEADER_DEPRECATED’
   20 | BOOST_HEADER_DEPRECATED("<boost/range/iterator.hpp>")
      | ^~~~~~~~~~~~~~~~~~~~~~~
/opt/apps/resif/aion/2020b/epyc/software/Boost/1.74.0-GCC-10.2.0/include/boost/config/pragma_message.hpp:24:34: note: ‘#pragma message: This header is deprecated. Use <boost/range/reverse_iterator.hpp> instead.’
   24 | # define BOOST_PRAGMA_MESSAGE(x) _Pragma(BOOST_STRINGIZE(message(x)))
      |                                  ^~~~~~~
/opt/apps/resif/aion/2020b/epyc/software/Boost/1.74.0-GCC-10.2.0/include/boost/config/pragma_message.hpp:24:34: note: in definition of macro ‘BOOST_PRAGMA_MESSAGE’
   24 | # define BOOST_PRAGMA_MESSAGE(x) _Pragma(BOOST_STRINGIZE(message(x)))
      |                                  ^~~~~~~
/opt/apps/resif/aion/2020b/epyc/software/Boost/1.74.0-GCC-10.2.0/include/boost/range/const_reverse_iterator.hpp:20:1: note: in expansion of macro ‘BOOST_HEADER_DEPRECATED’
   20 | BOOST_HEADER_DEPRECATED("<boost/range/reverse_iterator.hpp>")
      | ^~~~~~~~~~~~~~~~~~~~~~~
/opt/apps/resif/aion/2020b/epyc/software/Boost/1.74.0-GCC-10.2.0/include/boost/config/pragma_message.hpp:24:34: note: ‘#pragma message: This header is deprecated. Use <boost/range/reverse_iterator.hpp> instead.’
   24 | # define BOOST_PRAGMA_MESSAGE(x) _Pragma(BOOST_STRINGIZE(message(x)))
      |                                  ^~~~~~~
/opt/apps/resif/aion/2020b/epyc/software/Boost/1.74.0-GCC-10.2.0/include/boost/config/pragma_message.hpp:24:34: note: in definition of macro ‘BOOST_PRAGMA_MESSAGE’
   24 | # define BOOST_PRAGMA_MESSAGE(x) _Pragma(BOOST_STRINGIZE(message(x)))
      |                                  ^~~~~~~
/opt/apps/resif/aion/2020b/epyc/software/Boost/1.74.0-GCC-10.2.0/include/boost/range/reverse_result_iterator.hpp:20:1: note: in expansion of macro ‘BOOST_HEADER_DEPRECATED’
   20 | BOOST_HEADER_DEPRECATED("<boost/range/reverse_iterator.hpp>")
      | ^~~~~~~~~~~~~~~~~~~~~~~
[ 80%] Building CXX object CMakeFiles/testprecice.dir/tests/serial/mapping-rbf-gaussian/GaussianSupportRadius.cpp.o
[ 80%] Building CXX object CMakeFiles/testprecice.dir/tests/serial/mapping-rbf-gaussian/helpers.cpp.o
[ 80%] Building CXX object CMakeFiles/testprecice.dir/tests/serial/mapping-scaled-consistent/helpers.cpp.o
[ 80%] Building CXX object CMakeFiles/testprecice.dir/tests/serial/mapping-scaled-consistent/testQuadMappingScaledConsistentOnA.cpp.o
[ 80%] Building CXX object CMakeFiles/testprecice.dir/tests/serial/mapping-scaled-consistent/testQuadMappingScaledConsistentOnB.cpp.o
[ 81%] Building CXX object CMakeFiles/testprecice.dir/tests/serial/mapping-scaled-consistent/testTetraOnA.cpp.o
[ 81%] Building CXX object CMakeFiles/testprecice.dir/tests/serial/mapping-scaled-consistent/testTetraOnB.cpp.o
[ 81%] Building CXX object CMakeFiles/testprecice.dir/tests/serial/mapping-scaled-consistent/testVolumetricOnA2D.cpp.o
[ 81%] Building CXX object CMakeFiles/testprecice.dir/tests/serial/mapping-scaled-consistent/testVolumetricOnB2D.cpp.o
In file included from /opt/apps/resif/aion/2020b/epyc/software/Boost/1.74.0-GCC-10.2.0/include/boost/smart_ptr/detail/sp_thread_sleep.hpp:22,
                 from /opt/apps/resif/aion/2020b/epyc/software/Boost/1.74.0-GCC-10.2.0/include/boost/smart_ptr/detail/yield_k.hpp:23,
                 from /opt/apps/resif/aion/2020b/epyc/software/Boost/1.74.0-GCC-10.2.0/include/boost/smart_ptr/detail/spinlock_gcc_atomic.hpp:14,
                 from /opt/apps/resif/aion/2020b/epyc/software/Boost/1.74.0-GCC-10.2.0/include/boost/smart_ptr/detail/spinlock.hpp:42,
                 from /opt/apps/resif/aion/2020b/epyc/software/Boost/1.74.0-GCC-10.2.0/include/boost/smart_ptr/detail/spinlock_pool.hpp:25,
                 from /opt/apps/resif/aion/2020b/epyc/software/Boost/1.74.0-GCC-10.2.0/include/boost/smart_ptr/shared_ptr.hpp:29,
                 from /opt/apps/resif/aion/2020b/epyc/software/Boost/1.74.0-GCC-10.2.0/include/boost/shared_ptr.hpp:17,
                 from /opt/apps/resif/aion/2020b/epyc/software/Boost/1.74.0-GCC-10.2.0/include/boost/test/tools/assertion_result.hpp:21,
                 from /opt/apps/resif/aion/2020b/epyc/software/Boost/1.74.0-GCC-10.2.0/include/boost/test/tools/old/impl.hpp:20,
                 from /opt/apps/resif/aion/2020b/epyc/software/Boost/1.74.0-GCC-10.2.0/include/boost/test/test_tools.hpp:46,
                 from /opt/apps/resif/aion/2020b/epyc/software/Boost/1.74.0-GCC-10.2.0/include/boost/test/unit_test.hpp:18,
                 from /home/users/mghavami/y2425-w02-compilation-on-hpc-AminGhavami/precice/precice-3.1.2/src/testing/Testing.hpp:4,
                 from /home/users/mghavami/y2425-w02-compilation-on-hpc-AminGhavami/precice/precice-3.1.2/tests/serial/mapping-nearest-projection/helpers.cpp:4:
/opt/apps/resif/aion/2020b/epyc/software/Boost/1.74.0-GCC-10.2.0/include/boost/config/pragma_message.hpp:24:34: note: ‘#pragma message: This header is deprecated. Use <boost/range/iterator.hpp> instead.’
   24 | # define BOOST_PRAGMA_MESSAGE(x) _Pragma(BOOST_STRINGIZE(message(x)))
      |                                  ^~~~~~~
/opt/apps/resif/aion/2020b/epyc/software/Boost/1.74.0-GCC-10.2.0/include/boost/config/pragma_message.hpp:24:34: note: in definition of macro ‘BOOST_PRAGMA_MESSAGE’
   24 | # define BOOST_PRAGMA_MESSAGE(x) _Pragma(BOOST_STRINGIZE(message(x)))
      |                                  ^~~~~~~
/opt/apps/resif/aion/2020b/epyc/software/Boost/1.74.0-GCC-10.2.0/include/boost/range/result_iterator.hpp:20:1: note: in expansion of macro ‘BOOST_HEADER_DEPRECATED’
   20 | BOOST_HEADER_DEPRECATED("<boost/range/iterator.hpp>")
      | ^~~~~~~~~~~~~~~~~~~~~~~
/opt/apps/resif/aion/2020b/epyc/software/Boost/1.74.0-GCC-10.2.0/include/boost/config/pragma_message.hpp:24:34: note: ‘#pragma message: This header is deprecated. Use <boost/range/reverse_iterator.hpp> instead.’
   24 | # define BOOST_PRAGMA_MESSAGE(x) _Pragma(BOOST_STRINGIZE(message(x)))
      |                                  ^~~~~~~
/opt/apps/resif/aion/2020b/epyc/software/Boost/1.74.0-GCC-10.2.0/include/boost/config/pragma_message.hpp:24:34: note: in definition of macro ‘BOOST_PRAGMA_MESSAGE’
   24 | # define BOOST_PRAGMA_MESSAGE(x) _Pragma(BOOST_STRINGIZE(message(x)))
      |                                  ^~~~~~~
/opt/apps/resif/aion/2020b/epyc/software/Boost/1.74.0-GCC-10.2.0/include/boost/range/const_reverse_iterator.hpp:20:1: note: in expansion of macro ‘BOOST_HEADER_DEPRECATED’
   20 | BOOST_HEADER_DEPRECATED("<boost/range/reverse_iterator.hpp>")
      | ^~~~~~~~~~~~~~~~~~~~~~~
/opt/apps/resif/aion/2020b/epyc/software/Boost/1.74.0-GCC-10.2.0/include/boost/config/pragma_message.hpp:24:34: note: ‘#pragma message: This header is deprecated. Use <boost/range/reverse_iterator.hpp> instead.’
   24 | # define BOOST_PRAGMA_MESSAGE(x) _Pragma(BOOST_STRINGIZE(message(x)))
      |                                  ^~~~~~~
/opt/apps/resif/aion/2020b/epyc/software/Boost/1.74.0-GCC-10.2.0/include/boost/config/pragma_message.hpp:24:34: note: in definition of macro ‘BOOST_PRAGMA_MESSAGE’
   24 | # define BOOST_PRAGMA_MESSAGE(x) _Pragma(BOOST_STRINGIZE(message(x)))
      |                                  ^~~~~~~
/opt/apps/resif/aion/2020b/epyc/software/Boost/1.74.0-GCC-10.2.0/include/boost/range/reverse_result_iterator.hpp:20:1: note: in expansion of macro ‘BOOST_HEADER_DEPRECATED’
   20 | BOOST_HEADER_DEPRECATED("<boost/range/reverse_iterator.hpp>")
      | ^~~~~~~~~~~~~~~~~~~~~~~
[ 81%] Building CXX object CMakeFiles/testprecice.dir/tests/serial/mapping-volume/OneTetraConservativeRead.cpp.o
[ 82%] Building CXX object CMakeFiles/testprecice.dir/tests/serial/mapping-volume/OneTetraConservativeWrite.cpp.o
[ 82%] Building CXX object CMakeFiles/testprecice.dir/tests/serial/mapping-volume/OneTetraRead.cpp.o
[ 82%] Building CXX object CMakeFiles/testprecice.dir/tests/serial/mapping-volume/OneTetraWrite.cpp.o
In file included from /opt/apps/resif/aion/2020b/epyc/software/Boost/1.74.0-GCC-10.2.0/include/boost/smart_ptr/detail/sp_thread_sleep.hpp:22,
                 from /opt/apps/resif/aion/2020b/epyc/software/Boost/1.74.0-GCC-10.2.0/include/boost/smart_ptr/detail/yield_k.hpp:23,
                 from /opt/apps/resif/aion/2020b/epyc/software/Boost/1.74.0-GCC-10.2.0/include/boost/smart_ptr/detail/spinlock_gcc_atomic.hpp:14,
                 from /opt/apps/resif/aion/2020b/epyc/software/Boost/1.74.0-GCC-10.2.0/include/boost/smart_ptr/detail/spinlock.hpp:42,
                 from /opt/apps/resif/aion/2020b/epyc/software/Boost/1.74.0-GCC-10.2.0/include/boost/smart_ptr/detail/spinlock_pool.hpp:25,
                 from /opt/apps/resif/aion/2020b/epyc/software/Boost/1.74.0-GCC-10.2.0/include/boost/smart_ptr/shared_ptr.hpp:29,
                 from /opt/apps/resif/aion/2020b/epyc/software/Boost/1.74.0-GCC-10.2.0/include/boost/shared_ptr.hpp:17,
                 from /opt/apps/resif/aion/2020b/epyc/software/Boost/1.74.0-GCC-10.2.0/include/boost/test/tools/assertion_result.hpp:21,
                 from /opt/apps/resif/aion/2020b/epyc/software/Boost/1.74.0-GCC-10.2.0/include/boost/test/tools/old/impl.hpp:20,
                 from /opt/apps/resif/aion/2020b/epyc/software/Boost/1.74.0-GCC-10.2.0/include/boost/test/test_tools.hpp:46,
                 from /opt/apps/resif/aion/2020b/epyc/software/Boost/1.74.0-GCC-10.2.0/include/boost/test/unit_test.hpp:18,
                 from /home/users/mghavami/y2425-w02-compilation-on-hpc-AminGhavami/precice/precice-3.1.2/src/testing/Testing.hpp:4,
                 from /home/users/mghavami/y2425-w02-compilation-on-hpc-AminGhavami/precice/precice-3.1.2/tests/serial/mapping-rbf-gaussian/helpers.cpp:4:
/opt/apps/resif/aion/2020b/epyc/software/Boost/1.74.0-GCC-10.2.0/include/boost/config/pragma_message.hpp:24:34: note: ‘#pragma message: This header is deprecated. Use <boost/range/iterator.hpp> instead.’
   24 | # define BOOST_PRAGMA_MESSAGE(x) _Pragma(BOOST_STRINGIZE(message(x)))
      |                                  ^~~~~~~
/opt/apps/resif/aion/2020b/epyc/software/Boost/1.74.0-GCC-10.2.0/include/boost/config/pragma_message.hpp:24:34: note: in definition of macro ‘BOOST_PRAGMA_MESSAGE’
   24 | # define BOOST_PRAGMA_MESSAGE(x) _Pragma(BOOST_STRINGIZE(message(x)))
      |                                  ^~~~~~~
/opt/apps/resif/aion/2020b/epyc/software/Boost/1.74.0-GCC-10.2.0/include/boost/range/result_iterator.hpp:20:1: note: in expansion of macro ‘BOOST_HEADER_DEPRECATED’
   20 | BOOST_HEADER_DEPRECATED("<boost/range/iterator.hpp>")
      | ^~~~~~~~~~~~~~~~~~~~~~~
/opt/apps/resif/aion/2020b/epyc/software/Boost/1.74.0-GCC-10.2.0/include/boost/config/pragma_message.hpp:24:34: note: ‘#pragma message: This header is deprecated. Use <boost/range/reverse_iterator.hpp> instead.’
   24 | # define BOOST_PRAGMA_MESSAGE(x) _Pragma(BOOST_STRINGIZE(message(x)))
      |                                  ^~~~~~~
/opt/apps/resif/aion/2020b/epyc/software/Boost/1.74.0-GCC-10.2.0/include/boost/config/pragma_message.hpp:24:34: note: in definition of macro ‘BOOST_PRAGMA_MESSAGE’
   24 | # define BOOST_PRAGMA_MESSAGE(x) _Pragma(BOOST_STRINGIZE(message(x)))
      |                                  ^~~~~~~
/opt/apps/resif/aion/2020b/epyc/software/Boost/1.74.0-GCC-10.2.0/include/boost/range/const_reverse_iterator.hpp:20:1: note: in expansion of macro ‘BOOST_HEADER_DEPRECATED’
   20 | BOOST_HEADER_DEPRECATED("<boost/range/reverse_iterator.hpp>")
      | ^~~~~~~~~~~~~~~~~~~~~~~
/opt/apps/resif/aion/2020b/epyc/software/Boost/1.74.0-GCC-10.2.0/include/boost/config/pragma_message.hpp:24:34: note: ‘#pragma message: This header is deprecated. Use <boost/range/reverse_iterator.hpp> instead.’
   24 | # define BOOST_PRAGMA_MESSAGE(x) _Pragma(BOOST_STRINGIZE(message(x)))
      |                                  ^~~~~~~
/opt/apps/resif/aion/2020b/epyc/software/Boost/1.74.0-GCC-10.2.0/include/boost/config/pragma_message.hpp:24:34: note: in definition of macro ‘BOOST_PRAGMA_MESSAGE’
   24 | # define BOOST_PRAGMA_MESSAGE(x) _Pragma(BOOST_STRINGIZE(message(x)))
      |                                  ^~~~~~~
/opt/apps/resif/aion/2020b/epyc/software/Boost/1.74.0-GCC-10.2.0/include/boost/range/reverse_result_iterator.hpp:20:1: note: in expansion of macro ‘BOOST_HEADER_DEPRECATED’
   20 | BOOST_HEADER_DEPRECATED("<boost/range/reverse_iterator.hpp>")
      | ^~~~~~~~~~~~~~~~~~~~~~~
[ 82%] Building CXX object CMakeFiles/testprecice.dir/tests/serial/mapping-volume/OneTriangleConservativeRead.cpp.o
In file included from /opt/apps/resif/aion/2020b/epyc/software/Boost/1.74.0-GCC-10.2.0/include/boost/config/header_deprecated.hpp:18,
                 from /opt/apps/resif/aion/2020b/epyc/software/Boost/1.74.0-GCC-10.2.0/include/boost/range/result_iterator.hpp:18,
                 from /opt/apps/resif/aion/2020b/epyc/software/Boost/1.74.0-GCC-10.2.0/include/boost/range/metafunctions.hpp:20,
                 from /opt/apps/resif/aion/2020b/epyc/software/Boost/1.74.0-GCC-10.2.0/include/boost/range.hpp:19,
                 from /home/users/mghavami/y2425-w02-compilation-on-hpc-AminGhavami/precice/precice-3.1.2/src/time/Storage.hpp:4,
                 from /home/users/mghavami/y2425-w02-compilation-on-hpc-AminGhavami/precice/precice-3.1.2/src/mesh/Data.hpp:11,
                 from /home/users/mghavami/y2425-w02-compilation-on-hpc-AminGhavami/precice/precice-3.1.2/src/mesh/Mesh.hpp:14,
                 from /home/users/mghavami/y2425-w02-compilation-on-hpc-AminGhavami/precice/precice-3.1.2/src/mapping/Mapping.hpp:6,
                 from /home/users/mghavami/y2425-w02-compilation-on-hpc-AminGhavami/precice/precice-3.1.2/src/action/Action.hpp:3,
                 from /home/users/mghavami/y2425-w02-compilation-on-hpc-AminGhavami/precice/precice-3.1.2/src/precice/impl/ParticipantImpl.hpp:10,
                 from /home/users/mghavami/y2425-w02-compilation-on-hpc-AminGhavami/precice/precice-3.1.2/tests/serial/mapping-scaled-consistent/helpers.cpp:5:
/opt/apps/resif/aion/2020b/epyc/software/Boost/1.74.0-GCC-10.2.0/include/boost/config/pragma_message.hpp:24:34: note: ‘#pragma message: This header is deprecated. Use <boost/range/iterator.hpp> instead.’
   24 | # define BOOST_PRAGMA_MESSAGE(x) _Pragma(BOOST_STRINGIZE(message(x)))
      |                                  ^~~~~~~
/opt/apps/resif/aion/2020b/epyc/software/Boost/1.74.0-GCC-10.2.0/include/boost/config/pragma_message.hpp:24:34: note: in definition of macro ‘BOOST_PRAGMA_MESSAGE’
   24 | # define BOOST_PRAGMA_MESSAGE(x) _Pragma(BOOST_STRINGIZE(message(x)))
      |                                  ^~~~~~~
/opt/apps/resif/aion/2020b/epyc/software/Boost/1.74.0-GCC-10.2.0/include/boost/range/result_iterator.hpp:20:1: note: in expansion of macro ‘BOOST_HEADER_DEPRECATED’
   20 | BOOST_HEADER_DEPRECATED("<boost/range/iterator.hpp>")
      | ^~~~~~~~~~~~~~~~~~~~~~~
/opt/apps/resif/aion/2020b/epyc/software/Boost/1.74.0-GCC-10.2.0/include/boost/config/pragma_message.hpp:24:34: note: ‘#pragma message: This header is deprecated. Use <boost/range/reverse_iterator.hpp> instead.’
   24 | # define BOOST_PRAGMA_MESSAGE(x) _Pragma(BOOST_STRINGIZE(message(x)))
      |                                  ^~~~~~~
/opt/apps/resif/aion/2020b/epyc/software/Boost/1.74.0-GCC-10.2.0/include/boost/config/pragma_message.hpp:24:34: note: in definition of macro ‘BOOST_PRAGMA_MESSAGE’
   24 | # define BOOST_PRAGMA_MESSAGE(x) _Pragma(BOOST_STRINGIZE(message(x)))
      |                                  ^~~~~~~
/opt/apps/resif/aion/2020b/epyc/software/Boost/1.74.0-GCC-10.2.0/include/boost/range/const_reverse_iterator.hpp:20:1: note: in expansion of macro ‘BOOST_HEADER_DEPRECATED’
   20 | BOOST_HEADER_DEPRECATED("<boost/range/reverse_iterator.hpp>")
      | ^~~~~~~~~~~~~~~~~~~~~~~
/opt/apps/resif/aion/2020b/epyc/software/Boost/1.74.0-GCC-10.2.0/include/boost/config/pragma_message.hpp:24:34: note: ‘#pragma message: This header is deprecated. Use <boost/range/reverse_iterator.hpp> instead.’
   24 | # define BOOST_PRAGMA_MESSAGE(x) _Pragma(BOOST_STRINGIZE(message(x)))
      |                                  ^~~~~~~
/opt/apps/resif/aion/2020b/epyc/software/Boost/1.74.0-GCC-10.2.0/include/boost/config/pragma_message.hpp:24:34: note: in definition of macro ‘BOOST_PRAGMA_MESSAGE’
   24 | # define BOOST_PRAGMA_MESSAGE(x) _Pragma(BOOST_STRINGIZE(message(x)))
      |                                  ^~~~~~~
/opt/apps/resif/aion/2020b/epyc/software/Boost/1.74.0-GCC-10.2.0/include/boost/range/reverse_result_iterator.hpp:20:1: note: in expansion of macro ‘BOOST_HEADER_DEPRECATED’
   20 | BOOST_HEADER_DEPRECATED("<boost/range/reverse_iterator.hpp>")
      | ^~~~~~~~~~~~~~~~~~~~~~~
[ 82%] Building CXX object CMakeFiles/testprecice.dir/tests/serial/mapping-volume/OneTriangleConservativeWrite.cpp.o
[ 82%] Building CXX object CMakeFiles/testprecice.dir/tests/serial/mapping-volume/OneTriangleRead.cpp.o
[ 83%] Building CXX object CMakeFiles/testprecice.dir/tests/serial/mapping-volume/OneTriangleWrite.cpp.o
[ 83%] Building CXX object CMakeFiles/testprecice.dir/tests/serial/mapping-volume/helpers.cpp.o
[ 83%] Building CXX object CMakeFiles/testprecice.dir/tests/serial/mesh-requirements/NearestNeighborA.cpp.o
[ 83%] Building CXX object CMakeFiles/testprecice.dir/tests/serial/mesh-requirements/NearestNeighborB.cpp.o
[ 83%] Building CXX object CMakeFiles/testprecice.dir/tests/serial/mesh-requirements/NearestProjection2DA.cpp.o
[ 84%] Building CXX object CMakeFiles/testprecice.dir/tests/serial/mesh-requirements/NearestProjection2DB.cpp.o
[ 84%] Building CXX object CMakeFiles/testprecice.dir/tests/serial/mixed-time-window-sizes/explicit/ParallelParallel.cpp.o
[ 84%] Building CXX object CMakeFiles/testprecice.dir/tests/serial/mixed-time-window-sizes/explicit/ParallelSerial.cpp.o
[ 84%] Building CXX object CMakeFiles/testprecice.dir/tests/serial/mixed-time-window-sizes/explicit/SerialParallel.cpp.o
[ 84%] Building CXX object CMakeFiles/testprecice.dir/tests/serial/mixed-time-window-sizes/explicit/SerialSerial.cpp.o
[ 85%] Building CXX object CMakeFiles/testprecice.dir/tests/serial/mixed-time-window-sizes/helper.cpp.o
[ 85%] Building CXX object CMakeFiles/testprecice.dir/tests/serial/mixed-time-window-sizes/implicit/ParallelParallel.cpp.o
[ 85%] Building CXX object CMakeFiles/testprecice.dir/tests/serial/mixed-time-window-sizes/implicit/ParallelSerial.cpp.o
[ 85%] Building CXX object CMakeFiles/testprecice.dir/tests/serial/mixed-time-window-sizes/implicit/SerialParallel.cpp.o
[ 85%] Building CXX object CMakeFiles/testprecice.dir/tests/serial/multi-coupling/MultiCoupling.cpp.o
[ 85%] Building CXX object CMakeFiles/testprecice.dir/tests/serial/mixed-time-window-sizes/implicit/SerialSerial.cpp.o
In file included from /opt/apps/resif/aion/2020b/epyc/software/Boost/1.74.0-GCC-10.2.0/include/boost/smart_ptr/detail/sp_thread_sleep.hpp:22,
                 from /opt/apps/resif/aion/2020b/epyc/software/Boost/1.74.0-GCC-10.2.0/include/boost/smart_ptr/detail/yield_k.hpp:23,
                 from /opt/apps/resif/aion/2020b/epyc/software/Boost/1.74.0-GCC-10.2.0/include/boost/smart_ptr/detail/spinlock_gcc_atomic.hpp:14,
                 from /opt/apps/resif/aion/2020b/epyc/software/Boost/1.74.0-GCC-10.2.0/include/boost/smart_ptr/detail/spinlock.hpp:42,
                 from /opt/apps/resif/aion/2020b/epyc/software/Boost/1.74.0-GCC-10.2.0/include/boost/smart_ptr/detail/spinlock_pool.hpp:25,
                 from /opt/apps/resif/aion/2020b/epyc/software/Boost/1.74.0-GCC-10.2.0/include/boost/smart_ptr/shared_ptr.hpp:29,
                 from /opt/apps/resif/aion/2020b/epyc/software/Boost/1.74.0-GCC-10.2.0/include/boost/shared_ptr.hpp:17,
                 from /opt/apps/resif/aion/2020b/epyc/software/Boost/1.74.0-GCC-10.2.0/include/boost/test/tools/assertion_result.hpp:21,
                 from /opt/apps/resif/aion/2020b/epyc/software/Boost/1.74.0-GCC-10.2.0/include/boost/test/tools/old/impl.hpp:20,
                 from /opt/apps/resif/aion/2020b/epyc/software/Boost/1.74.0-GCC-10.2.0/include/boost/test/test_tools.hpp:46,
                 from /opt/apps/resif/aion/2020b/epyc/software/Boost/1.74.0-GCC-10.2.0/include/boost/test/unit_test.hpp:18,
                 from /home/users/mghavami/y2425-w02-compilation-on-hpc-AminGhavami/precice/precice-3.1.2/src/testing/Testing.hpp:4,
                 from /home/users/mghavami/y2425-w02-compilation-on-hpc-AminGhavami/precice/precice-3.1.2/tests/serial/mapping-volume/helpers.cpp:4:
/opt/apps/resif/aion/2020b/epyc/software/Boost/1.74.0-GCC-10.2.0/include/boost/config/pragma_message.hpp:24:34: note: ‘#pragma message: This header is deprecated. Use <boost/range/iterator.hpp> instead.’
   24 | # define BOOST_PRAGMA_MESSAGE(x) _Pragma(BOOST_STRINGIZE(message(x)))
      |                                  ^~~~~~~
/opt/apps/resif/aion/2020b/epyc/software/Boost/1.74.0-GCC-10.2.0/include/boost/config/pragma_message.hpp:24:34: note: in definition of macro ‘BOOST_PRAGMA_MESSAGE’
   24 | # define BOOST_PRAGMA_MESSAGE(x) _Pragma(BOOST_STRINGIZE(message(x)))
      |                                  ^~~~~~~
/opt/apps/resif/aion/2020b/epyc/software/Boost/1.74.0-GCC-10.2.0/include/boost/range/result_iterator.hpp:20:1: note: in expansion of macro ‘BOOST_HEADER_DEPRECATED’
   20 | BOOST_HEADER_DEPRECATED("<boost/range/iterator.hpp>")
      | ^~~~~~~~~~~~~~~~~~~~~~~
/opt/apps/resif/aion/2020b/epyc/software/Boost/1.74.0-GCC-10.2.0/include/boost/config/pragma_message.hpp:24:34: note: ‘#pragma message: This header is deprecated. Use <boost/range/reverse_iterator.hpp> instead.’
   24 | # define BOOST_PRAGMA_MESSAGE(x) _Pragma(BOOST_STRINGIZE(message(x)))
      |                                  ^~~~~~~
/opt/apps/resif/aion/2020b/epyc/software/Boost/1.74.0-GCC-10.2.0/include/boost/config/pragma_message.hpp:24:34: note: in definition of macro ‘BOOST_PRAGMA_MESSAGE’
   24 | # define BOOST_PRAGMA_MESSAGE(x) _Pragma(BOOST_STRINGIZE(message(x)))
      |                                  ^~~~~~~
/opt/apps/resif/aion/2020b/epyc/software/Boost/1.74.0-GCC-10.2.0/include/boost/range/const_reverse_iterator.hpp:20:1: note: in expansion of macro ‘BOOST_HEADER_DEPRECATED’
   20 | BOOST_HEADER_DEPRECATED("<boost/range/reverse_iterator.hpp>")
      | ^~~~~~~~~~~~~~~~~~~~~~~
/opt/apps/resif/aion/2020b/epyc/software/Boost/1.74.0-GCC-10.2.0/include/boost/config/pragma_message.hpp:24:34: note: ‘#pragma message: This header is deprecated. Use <boost/range/reverse_iterator.hpp> instead.’
   24 | # define BOOST_PRAGMA_MESSAGE(x) _Pragma(BOOST_STRINGIZE(message(x)))
      |                                  ^~~~~~~
/opt/apps/resif/aion/2020b/epyc/software/Boost/1.74.0-GCC-10.2.0/include/boost/config/pragma_message.hpp:24:34: note: in definition of macro ‘BOOST_PRAGMA_MESSAGE’
   24 | # define BOOST_PRAGMA_MESSAGE(x) _Pragma(BOOST_STRINGIZE(message(x)))
      |                                  ^~~~~~~
/opt/apps/resif/aion/2020b/epyc/software/Boost/1.74.0-GCC-10.2.0/include/boost/range/reverse_result_iterator.hpp:20:1: note: in expansion of macro ‘BOOST_HEADER_DEPRECATED’
   20 | BOOST_HEADER_DEPRECATED("<boost/range/reverse_iterator.hpp>")
      | ^~~~~~~~~~~~~~~~~~~~~~~
[ 86%] Building CXX object CMakeFiles/testprecice.dir/tests/serial/multi-coupling/MultiCouplingFourSolvers1.cpp.o
[ 86%] Building CXX object CMakeFiles/testprecice.dir/tests/serial/multi-coupling/MultiCouplingFourSolvers2.cpp.o
[ 86%] Building CXX object CMakeFiles/testprecice.dir/tests/serial/multi-coupling/MultiCouplingThreeSolvers1.cpp.o
[ 86%] Building CXX object CMakeFiles/testprecice.dir/tests/serial/multi-coupling/MultiCouplingThreeSolvers2.cpp.o
[ 86%] Building CXX object CMakeFiles/testprecice.dir/tests/serial/multi-coupling/MultiCouplingThreeSolvers3.cpp.o
[ 87%] Building CXX object CMakeFiles/testprecice.dir/tests/serial/multi-coupling/MultiCouplingTwoSolvers.cpp.o
[ 87%] Building CXX object CMakeFiles/testprecice.dir/tests/serial/multi-coupling/helpers.cpp.o
[ 87%] Building CXX object CMakeFiles/testprecice.dir/tests/serial/multiple-mappings/MultipleReadFromMappings.cpp.o
[ 87%] Building CXX object CMakeFiles/testprecice.dir/tests/serial/multiple-mappings/MultipleReadToMappings.cpp.o
[ 87%] Building CXX object CMakeFiles/testprecice.dir/tests/serial/multiple-mappings/MultipleWriteFromMappings.cpp.o
[ 88%] Building CXX object CMakeFiles/testprecice.dir/tests/serial/multiple-mappings/MultipleWriteFromMappingsAndData.cpp.o
[ 88%] Building CXX object CMakeFiles/testprecice.dir/tests/serial/multiple-mappings/MultipleWriteToMappings.cpp.o
[ 88%] Building CXX object CMakeFiles/testprecice.dir/tests/serial/parallel-coupling/SolverAFirst.cpp.o
[ 88%] Building CXX object CMakeFiles/testprecice.dir/tests/serial/parallel-coupling/SolverAFirstSubsteps.cpp.o
[ 88%] Building CXX object CMakeFiles/testprecice.dir/tests/serial/parallel-coupling/SolverBFirst.cpp.o
[ 88%] Building CXX object CMakeFiles/testprecice.dir/tests/serial/parallel-coupling/SolverBFirstSubsteps.cpp.o
[ 89%] Building CXX object CMakeFiles/testprecice.dir/tests/serial/parallel-coupling/helpers.cpp.o
[ 89%] Building CXX object CMakeFiles/testprecice.dir/tests/serial/three-solvers/ThreeSolversExplicitExplicit.cpp.o
[ 89%] Building CXX object CMakeFiles/testprecice.dir/tests/serial/three-solvers/ThreeSolversExplicitImplicit.cpp.o
[ 89%] Building CXX object CMakeFiles/testprecice.dir/tests/serial/three-solvers/ThreeSolversFirstParticipant.cpp.o
[ 89%] Building CXX object CMakeFiles/testprecice.dir/tests/serial/three-solvers/ThreeSolversImplicitExplicit.cpp.o
[ 90%] Building CXX object CMakeFiles/testprecice.dir/tests/serial/three-solvers/ThreeSolversParallel.cpp.o
[ 90%] Building CXX object CMakeFiles/testprecice.dir/tests/serial/three-solvers/ThreeSolversParallelExplicitImplicit.cpp.o
[ 90%] Building CXX object CMakeFiles/testprecice.dir/tests/serial/three-solvers/helpers.cpp.o
[ 90%] Building CXX object CMakeFiles/testprecice.dir/tests/serial/time/explicit/compositional/DoNothingWithSubcycling.cpp.o
[ 91%] Building CXX object CMakeFiles/testprecice.dir/tests/serial/time/explicit/compositional/ReadWriteScalarDataWithSubcycling.cpp.o
[ 91%] Building CXX object CMakeFiles/testprecice.dir/tests/serial/time/explicit/compositional/ReadWriteScalarDataWithSubcyclingNoSubsteps.cpp.o
[ 91%] Building CXX object CMakeFiles/testprecice.dir/tests/serial/time/explicit/parallel-coupling/DoManySmallSteps.cpp.o
[ 91%] Building CXX object CMakeFiles/testprecice.dir/tests/serial/time/explicit/parallel-coupling/DoNonfittingWindows.cpp.o
[ 91%] Building CXX object CMakeFiles/testprecice.dir/tests/serial/time/explicit/parallel-coupling/ReadWriteScalarDataWithSubcycling.cpp.o
[ 91%] Building CXX object CMakeFiles/testprecice.dir/tests/serial/time/explicit/parallel-coupling/ReadWriteScalarDataWithSubcycling6400Steps.cpp.o
[ 91%] Building CXX object CMakeFiles/testprecice.dir/tests/serial/time/explicit/parallel-coupling/ReadWriteScalarDataWithSubcycling640Steps.cpp.o
[ 92%] Building CXX object CMakeFiles/testprecice.dir/tests/serial/time/explicit/parallel-coupling/ReadWriteScalarDataWithSubcycling64Steps.cpp.o
[ 92%] Building CXX object CMakeFiles/testprecice.dir/tests/serial/time/explicit/parallel-coupling/ReadWriteScalarDataWithSubcyclingNoSubsteps.cpp.o
[ 92%] Building CXX object CMakeFiles/testprecice.dir/tests/serial/time/explicit/parallel-coupling/helpers.cpp.o
[ 92%] Building CXX object CMakeFiles/testprecice.dir/tests/serial/time/explicit/serial-coupling/DoNothingWithSmallSteps.cpp.o
[ 92%] Building CXX object CMakeFiles/testprecice.dir/tests/serial/time/explicit/serial-coupling/DoNothingWithSubcycling.cpp.o
[ 93%] Building CXX object CMakeFiles/testprecice.dir/tests/serial/time/explicit/serial-coupling/ReadWriteScalarDataFirstParticipant.cpp.o
[ 93%] Building CXX object CMakeFiles/testprecice.dir/tests/serial/time/explicit/serial-coupling/ReadWriteScalarDataFirstParticipantInitData.cpp.o
[ 93%] Building CXX object CMakeFiles/testprecice.dir/tests/serial/time/explicit/serial-coupling/ReadWriteScalarDataWithSubcycling.cpp.o
[ 93%] Building CXX object CMakeFiles/testprecice.dir/tests/serial/time/explicit/serial-coupling/ReadWriteScalarDataWithSubcyclingNoSubsteps.cpp.o
[ 93%] Building CXX object CMakeFiles/testprecice.dir/tests/serial/time/implicit/compositional/DoNothingWithSubcycling.cpp.o
[ 94%] Building CXX object CMakeFiles/testprecice.dir/tests/serial/time/implicit/compositional/ReadWriteScalarDataWithSubcycling.cpp.o
[ 94%] Building CXX object CMakeFiles/testprecice.dir/tests/serial/time/implicit/multi-coupling/DoNothingWithSubcycling.cpp.o
[ 94%] Building CXX object CMakeFiles/testprecice.dir/tests/serial/time/implicit/multi-coupling/ReadWriteScalarDataWithSubcycling.cpp.o
[ 94%] Building CXX object CMakeFiles/testprecice.dir/tests/serial/time/implicit/multi-coupling/ReadWriteScalarDataWithSubcyclingNoSubsteps.cpp.o
[ 94%] Building CXX object CMakeFiles/testprecice.dir/tests/serial/time/implicit/multi-coupling/ReadWriteScalarDataWithWaveformSamplingFirst.cpp.o
[ 94%] Building CXX object CMakeFiles/testprecice.dir/tests/serial/time/implicit/multi-coupling/ReadWriteScalarDataWithWaveformSubcyclingDifferentDts.cpp.o
[ 95%] Building CXX object CMakeFiles/testprecice.dir/tests/serial/time/implicit/parallel-coupling/ReadWriteScalarDataWithSubcycling.cpp.o
[ 95%] Building CXX object CMakeFiles/testprecice.dir/tests/serial/time/implicit/parallel-coupling/ReadWriteScalarDataWithSubcyclingNoSubsteps.cpp.o
[ 95%] Building CXX object CMakeFiles/testprecice.dir/tests/serial/time/implicit/parallel-coupling/ReadWriteScalarDataWithSubcyclingNoSubstepsUseInitFirst.cpp.o
[ 95%] Building CXX object CMakeFiles/testprecice.dir/tests/serial/time/implicit/parallel-coupling/ReadWriteScalarDataWithWaveformSamplingFirst.cpp.o
[ 95%] Building CXX object CMakeFiles/testprecice.dir/tests/serial/time/implicit/parallel-coupling/ReadWriteScalarDataWithWaveformSamplingFirstNoInit.cpp.o
[ 96%] Building CXX object CMakeFiles/testprecice.dir/tests/serial/time/implicit/parallel-coupling/ReadWriteScalarDataWithWaveformSubcyclingDifferentDts.cpp.o
[ 96%] Building CXX object CMakeFiles/testprecice.dir/tests/serial/time/implicit/parallel-coupling/ReadWriteScalarDataWithWaveformSubcyclingFirst.cpp.o
[ 96%] Building CXX object CMakeFiles/testprecice.dir/tests/serial/time/implicit/parallel-coupling/ReadWriteScalarDataWithWaveformSubcyclingMixed.cpp.o
[ 96%] Building CXX object CMakeFiles/testprecice.dir/tests/serial/time/implicit/parallel-coupling/ReadWriteScalarDataWithWaveformSubcyclingThird.cpp.o
[ 96%] Building CXX object CMakeFiles/testprecice.dir/tests/serial/time/implicit/parallel-coupling/WaveformSubcyclingWithDifferentNumberOfDts.cpp.o
[ 97%] Building CXX object CMakeFiles/testprecice.dir/tests/serial/time/implicit/serial-coupling/ReadWriteScalarDataFirstParticipant.cpp.o
[ 97%] Building CXX object CMakeFiles/testprecice.dir/tests/serial/time/implicit/serial-coupling/ReadWriteScalarDataWithSubcycling.cpp.o
[ 97%] Building CXX object CMakeFiles/testprecice.dir/tests/serial/time/implicit/serial-coupling/ReadWriteScalarDataWithSubcyclingNoSubsteps.cpp.o
[ 97%] Building CXX object CMakeFiles/testprecice.dir/tests/serial/time/implicit/serial-coupling/ReadWriteScalarDataWithSubcyclingNoSubstepsUseInitFirst.cpp.o
[ 97%] Building CXX object CMakeFiles/testprecice.dir/tests/serial/time/implicit/serial-coupling/ReadWriteScalarDataWithWaveformSamplingFirst.cpp.o
[ 97%] Building CXX object CMakeFiles/testprecice.dir/tests/serial/time/implicit/serial-coupling/ReadWriteScalarDataWithWaveformSamplingFirstNoInit.cpp.o
[ 98%] Building CXX object CMakeFiles/testprecice.dir/tests/serial/time/implicit/serial-coupling/ReadWriteScalarDataWithWaveformSubcyclingFirst.cpp.o
[ 98%] Building CXX object CMakeFiles/testprecice.dir/tests/serial/time/implicit/serial-coupling/ReadWriteScalarDataWithWaveformSubcyclingMixed.cpp.o
[ 98%] Building CXX object CMakeFiles/testprecice.dir/tests/serial/time/implicit/serial-coupling/ReadWriteScalarDataWithWaveformSubcyclingThird.cpp.o
[ 98%] Building CXX object CMakeFiles/testprecice.dir/tests/serial/time/implicit/serial-coupling/WaveformSubcyclingWithConstantAcceleration.cpp.o
[ 98%] Building CXX object CMakeFiles/testprecice.dir/tests/serial/time/implicit/serial-coupling/WaveformSubcyclingWithConstantAccelerationNoInit.cpp.o
[ 99%] Building CXX object CMakeFiles/testprecice.dir/tests/serial/watch-integral/WatchIntegralScaleAndNoScale.cpp.o
[ 99%] Building CXX object CMakeFiles/testprecice.dir/tests/serial/watch-integral/helpers.cpp.o
[ 99%] Building CXX object CMakeFiles/testprecice.dir/tests/serial/whitebox/TestConfigurationComsol.cpp.o
[ 99%] Building CXX object CMakeFiles/testprecice.dir/tests/serial/whitebox/TestConfigurationPeano.cpp.o
[ 99%] Building CXX object CMakeFiles/testprecice.dir/tests/serial/whitebox/TestExplicitWithDataScaling.cpp.o
In file included from /opt/apps/resif/aion/2020b/epyc/software/Boost/1.74.0-GCC-10.2.0/include/boost/config/header_deprecated.hpp:18,
                 from /opt/apps/resif/aion/2020b/epyc/software/Boost/1.74.0-GCC-10.2.0/include/boost/range/result_iterator.hpp:18,
                 from /opt/apps/resif/aion/2020b/epyc/software/Boost/1.74.0-GCC-10.2.0/include/boost/range/metafunctions.hpp:20,
                 from /opt/apps/resif/aion/2020b/epyc/software/Boost/1.74.0-GCC-10.2.0/include/boost/range.hpp:19,
                 from /home/users/mghavami/y2425-w02-compilation-on-hpc-AminGhavami/precice/precice-3.1.2/src/time/Storage.hpp:4,
                 from /home/users/mghavami/y2425-w02-compilation-on-hpc-AminGhavami/precice/precice-3.1.2/src/mesh/Data.hpp:11,
                 from /home/users/mghavami/y2425-w02-compilation-on-hpc-AminGhavami/precice/precice-3.1.2/src/mesh/Mesh.hpp:14,
                 from /home/users/mghavami/y2425-w02-compilation-on-hpc-AminGhavami/precice/precice-3.1.2/src/mapping/Mapping.hpp:6,
                 from /home/users/mghavami/y2425-w02-compilation-on-hpc-AminGhavami/precice/precice-3.1.2/src/precice/impl/MappingContext.hpp:3,
                 from /home/users/mghavami/y2425-w02-compilation-on-hpc-AminGhavami/precice/precice-3.1.2/src/precice/impl/MeshContext.hpp:4,
                 from /home/users/mghavami/y2425-w02-compilation-on-hpc-AminGhavami/precice/precice-3.1.2/tests/serial/whitebox/TestConfigurationComsol.cpp:4:
/opt/apps/resif/aion/2020b/epyc/software/Boost/1.74.0-GCC-10.2.0/include/boost/config/pragma_message.hpp:24:34: note: ‘#pragma message: This header is deprecated. Use <boost/range/iterator.hpp> instead.’
   24 | # define BOOST_PRAGMA_MESSAGE(x) _Pragma(BOOST_STRINGIZE(message(x)))
      |                                  ^~~~~~~
/opt/apps/resif/aion/2020b/epyc/software/Boost/1.74.0-GCC-10.2.0/include/boost/config/pragma_message.hpp:24:34: note: in definition of macro ‘BOOST_PRAGMA_MESSAGE’
   24 | # define BOOST_PRAGMA_MESSAGE(x) _Pragma(BOOST_STRINGIZE(message(x)))
      |                                  ^~~~~~~
/opt/apps/resif/aion/2020b/epyc/software/Boost/1.74.0-GCC-10.2.0/include/boost/range/result_iterator.hpp:20:1: note: in expansion of macro ‘BOOST_HEADER_DEPRECATED’
   20 | BOOST_HEADER_DEPRECATED("<boost/range/iterator.hpp>")
      | ^~~~~~~~~~~~~~~~~~~~~~~
/opt/apps/resif/aion/2020b/epyc/software/Boost/1.74.0-GCC-10.2.0/include/boost/config/pragma_message.hpp:24:34: note: ‘#pragma message: This header is deprecated. Use <boost/range/reverse_iterator.hpp> instead.’
   24 | # define BOOST_PRAGMA_MESSAGE(x) _Pragma(BOOST_STRINGIZE(message(x)))
      |                                  ^~~~~~~
/opt/apps/resif/aion/2020b/epyc/software/Boost/1.74.0-GCC-10.2.0/include/boost/config/pragma_message.hpp:24:34: note: in definition of macro ‘BOOST_PRAGMA_MESSAGE’
   24 | # define BOOST_PRAGMA_MESSAGE(x) _Pragma(BOOST_STRINGIZE(message(x)))
      |                                  ^~~~~~~
/opt/apps/resif/aion/2020b/epyc/software/Boost/1.74.0-GCC-10.2.0/include/boost/range/const_reverse_iterator.hpp:20:1: note: in expansion of macro ‘BOOST_HEADER_DEPRECATED’
   20 | BOOST_HEADER_DEPRECATED("<boost/range/reverse_iterator.hpp>")
      | ^~~~~~~~~~~~~~~~~~~~~~~
/opt/apps/resif/aion/2020b/epyc/software/Boost/1.74.0-GCC-10.2.0/include/boost/config/pragma_message.hpp:24:34: note: ‘#pragma message: This header is deprecated. Use <boost/range/reverse_iterator.hpp> instead.’
   24 | # define BOOST_PRAGMA_MESSAGE(x) _Pragma(BOOST_STRINGIZE(message(x)))
      |                                  ^~~~~~~
/opt/apps/resif/aion/2020b/epyc/software/Boost/1.74.0-GCC-10.2.0/include/boost/config/pragma_message.hpp:24:34: note: in definition of macro ‘BOOST_PRAGMA_MESSAGE’
   24 | # define BOOST_PRAGMA_MESSAGE(x) _Pragma(BOOST_STRINGIZE(message(x)))
      |                                  ^~~~~~~
/opt/apps/resif/aion/2020b/epyc/software/Boost/1.74.0-GCC-10.2.0/include/boost/range/reverse_result_iterator.hpp:20:1: note: in expansion of macro ‘BOOST_HEADER_DEPRECATED’
   20 | BOOST_HEADER_DEPRECATED("<boost/range/reverse_iterator.hpp>")
      | ^~~~~~~~~~~~~~~~~~~~~~~
In file included from /opt/apps/resif/aion/2020b/epyc/software/Boost/1.74.0-GCC-10.2.0/include/boost/config/header_deprecated.hpp:18,
                 from /opt/apps/resif/aion/2020b/epyc/software/Boost/1.74.0-GCC-10.2.0/include/boost/range/result_iterator.hpp:18,
                 from /opt/apps/resif/aion/2020b/epyc/software/Boost/1.74.0-GCC-10.2.0/include/boost/range/metafunctions.hpp:20,
                 from /opt/apps/resif/aion/2020b/epyc/software/Boost/1.74.0-GCC-10.2.0/include/boost/range.hpp:19,
                 from /home/users/mghavami/y2425-w02-compilation-on-hpc-AminGhavami/precice/precice-3.1.2/src/time/Storage.hpp:4,
                 from /home/users/mghavami/y2425-w02-compilation-on-hpc-AminGhavami/precice/precice-3.1.2/src/mesh/Data.hpp:11,
                 from /home/users/mghavami/y2425-w02-compilation-on-hpc-AminGhavami/precice/precice-3.1.2/src/mesh/Mesh.hpp:14,
                 from /home/users/mghavami/y2425-w02-compilation-on-hpc-AminGhavami/precice/precice-3.1.2/src/mapping/Mapping.hpp:6,
                 from /home/users/mghavami/y2425-w02-compilation-on-hpc-AminGhavami/precice/precice-3.1.2/src/precice/impl/MappingContext.hpp:3,
                 from /home/users/mghavami/y2425-w02-compilation-on-hpc-AminGhavami/precice/precice-3.1.2/src/precice/impl/MeshContext.hpp:4,
                 from /home/users/mghavami/y2425-w02-compilation-on-hpc-AminGhavami/precice/precice-3.1.2/tests/serial/whitebox/TestConfigurationPeano.cpp:4:
/opt/apps/resif/aion/2020b/epyc/software/Boost/1.74.0-GCC-10.2.0/include/boost/config/pragma_message.hpp:24:34: note: ‘#pragma message: This header is deprecated. Use <boost/range/iterator.hpp> instead.’
   24 | # define BOOST_PRAGMA_MESSAGE(x) _Pragma(BOOST_STRINGIZE(message(x)))
      |                                  ^~~~~~~
/opt/apps/resif/aion/2020b/epyc/software/Boost/1.74.0-GCC-10.2.0/include/boost/config/pragma_message.hpp:24:34: note: in definition of macro ‘BOOST_PRAGMA_MESSAGE’
   24 | # define BOOST_PRAGMA_MESSAGE(x) _Pragma(BOOST_STRINGIZE(message(x)))
      |                                  ^~~~~~~
/opt/apps/resif/aion/2020b/epyc/software/Boost/1.74.0-GCC-10.2.0/include/boost/range/result_iterator.hpp:20:1: note: in expansion of macro ‘BOOST_HEADER_DEPRECATED’
   20 | BOOST_HEADER_DEPRECATED("<boost/range/iterator.hpp>")
      | ^~~~~~~~~~~~~~~~~~~~~~~
/opt/apps/resif/aion/2020b/epyc/software/Boost/1.74.0-GCC-10.2.0/include/boost/config/pragma_message.hpp:24:34: note: ‘#pragma message: This header is deprecated. Use <boost/range/reverse_iterator.hpp> instead.’
   24 | # define BOOST_PRAGMA_MESSAGE(x) _Pragma(BOOST_STRINGIZE(message(x)))
      |                                  ^~~~~~~
/opt/apps/resif/aion/2020b/epyc/software/Boost/1.74.0-GCC-10.2.0/include/boost/config/pragma_message.hpp:24:34: note: in definition of macro ‘BOOST_PRAGMA_MESSAGE’
   24 | # define BOOST_PRAGMA_MESSAGE(x) _Pragma(BOOST_STRINGIZE(message(x)))
      |                                  ^~~~~~~
/opt/apps/resif/aion/2020b/epyc/software/Boost/1.74.0-GCC-10.2.0/include/boost/range/const_reverse_iterator.hpp:20:1: note: in expansion of macro ‘BOOST_HEADER_DEPRECATED’
   20 | BOOST_HEADER_DEPRECATED("<boost/range/reverse_iterator.hpp>")
      | ^~~~~~~~~~~~~~~~~~~~~~~
/opt/apps/resif/aion/2020b/epyc/software/Boost/1.74.0-GCC-10.2.0/include/boost/config/pragma_message.hpp:24:34: note: ‘#pragma message: This header is deprecated. Use <boost/range/reverse_iterator.hpp> instead.’
   24 | # define BOOST_PRAGMA_MESSAGE(x) _Pragma(BOOST_STRINGIZE(message(x)))
      |                                  ^~~~~~~
/opt/apps/resif/aion/2020b/epyc/software/Boost/1.74.0-GCC-10.2.0/include/boost/config/pragma_message.hpp:24:34: note: in definition of macro ‘BOOST_PRAGMA_MESSAGE’
   24 | # define BOOST_PRAGMA_MESSAGE(x) _Pragma(BOOST_STRINGIZE(message(x)))
      |                                  ^~~~~~~
/opt/apps/resif/aion/2020b/epyc/software/Boost/1.74.0-GCC-10.2.0/include/boost/range/reverse_result_iterator.hpp:20:1: note: in expansion of macro ‘BOOST_HEADER_DEPRECATED’
   20 | BOOST_HEADER_DEPRECATED("<boost/range/reverse_iterator.hpp>")
      | ^~~~~~~~~~~~~~~~~~~~~~~
In file included from /opt/apps/resif/aion/2020b/epyc/software/Boost/1.74.0-GCC-10.2.0/include/boost/config/header_deprecated.hpp:18,
                 from /opt/apps/resif/aion/2020b/epyc/software/Boost/1.74.0-GCC-10.2.0/include/boost/range/result_iterator.hpp:18,
                 from /opt/apps/resif/aion/2020b/epyc/software/Boost/1.74.0-GCC-10.2.0/include/boost/range/metafunctions.hpp:20,
                 from /opt/apps/resif/aion/2020b/epyc/software/Boost/1.74.0-GCC-10.2.0/include/boost/range.hpp:19,
                 from /home/users/mghavami/y2425-w02-compilation-on-hpc-AminGhavami/precice/precice-3.1.2/src/time/Storage.hpp:4,
                 from /home/users/mghavami/y2425-w02-compilation-on-hpc-AminGhavami/precice/precice-3.1.2/src/mesh/Data.hpp:11,
                 from /home/users/mghavami/y2425-w02-compilation-on-hpc-AminGhavami/precice/precice-3.1.2/src/mesh/Mesh.hpp:14,
                 from /home/users/mghavami/y2425-w02-compilation-on-hpc-AminGhavami/precice/precice-3.1.2/src/mapping/Mapping.hpp:6,
                 from /home/users/mghavami/y2425-w02-compilation-on-hpc-AminGhavami/precice/precice-3.1.2/src/action/Action.hpp:3,
                 from /home/users/mghavami/y2425-w02-compilation-on-hpc-AminGhavami/precice/precice-3.1.2/src/precice/impl/ParticipantImpl.hpp:10,
                 from /home/users/mghavami/y2425-w02-compilation-on-hpc-AminGhavami/precice/precice-3.1.2/tests/serial/whitebox/TestExplicitWithDataScaling.cpp:3:
/opt/apps/resif/aion/2020b/epyc/software/Boost/1.74.0-GCC-10.2.0/include/boost/config/pragma_message.hpp:24:34: note: ‘#pragma message: This header is deprecated. Use <boost/range/iterator.hpp> instead.’
   24 | # define BOOST_PRAGMA_MESSAGE(x) _Pragma(BOOST_STRINGIZE(message(x)))
      |                                  ^~~~~~~
/opt/apps/resif/aion/2020b/epyc/software/Boost/1.74.0-GCC-10.2.0/include/boost/config/pragma_message.hpp:24:34: note: in definition of macro ‘BOOST_PRAGMA_MESSAGE’
   24 | # define BOOST_PRAGMA_MESSAGE(x) _Pragma(BOOST_STRINGIZE(message(x)))
      |                                  ^~~~~~~
/opt/apps/resif/aion/2020b/epyc/software/Boost/1.74.0-GCC-10.2.0/include/boost/range/result_iterator.hpp:20:1: note: in expansion of macro ‘BOOST_HEADER_DEPRECATED’
   20 | BOOST_HEADER_DEPRECATED("<boost/range/iterator.hpp>")
      | ^~~~~~~~~~~~~~~~~~~~~~~
/opt/apps/resif/aion/2020b/epyc/software/Boost/1.74.0-GCC-10.2.0/include/boost/config/pragma_message.hpp:24:34: note: ‘#pragma message: This header is deprecated. Use <boost/range/reverse_iterator.hpp> instead.’
   24 | # define BOOST_PRAGMA_MESSAGE(x) _Pragma(BOOST_STRINGIZE(message(x)))
      |                                  ^~~~~~~
/opt/apps/resif/aion/2020b/epyc/software/Boost/1.74.0-GCC-10.2.0/include/boost/config/pragma_message.hpp:24:34: note: in definition of macro ‘BOOST_PRAGMA_MESSAGE’
   24 | # define BOOST_PRAGMA_MESSAGE(x) _Pragma(BOOST_STRINGIZE(message(x)))
      |                                  ^~~~~~~
/opt/apps/resif/aion/2020b/epyc/software/Boost/1.74.0-GCC-10.2.0/include/boost/range/const_reverse_iterator.hpp:20:1: note: in expansion of macro ‘BOOST_HEADER_DEPRECATED’
   20 | BOOST_HEADER_DEPRECATED("<boost/range/reverse_iterator.hpp>")
      | ^~~~~~~~~~~~~~~~~~~~~~~
/opt/apps/resif/aion/2020b/epyc/software/Boost/1.74.0-GCC-10.2.0/include/boost/config/pragma_message.hpp:24:34: note: ‘#pragma message: This header is deprecated. Use <boost/range/reverse_iterator.hpp> instead.’
   24 | # define BOOST_PRAGMA_MESSAGE(x) _Pragma(BOOST_STRINGIZE(message(x)))
      |                                  ^~~~~~~
/opt/apps/resif/aion/2020b/epyc/software/Boost/1.74.0-GCC-10.2.0/include/boost/config/pragma_message.hpp:24:34: note: in definition of macro ‘BOOST_PRAGMA_MESSAGE’
   24 | # define BOOST_PRAGMA_MESSAGE(x) _Pragma(BOOST_STRINGIZE(message(x)))
      |                                  ^~~~~~~
/opt/apps/resif/aion/2020b/epyc/software/Boost/1.74.0-GCC-10.2.0/include/boost/range/reverse_result_iterator.hpp:20:1: note: in expansion of macro ‘BOOST_HEADER_DEPRECATED’
   20 | BOOST_HEADER_DEPRECATED("<boost/range/reverse_iterator.hpp>")
      | ^~~~~~~~~~~~~~~~~~~~~~~
[100%] Linking CXX executable testprecice
[100%] Built target testprecice
