# vtk DataFile Version 2.0
tracks
ASCII
DATASET POLYDATA
POINTS 12105 float
-1.001 1e-07 0.0011 -1.00082 8e-08 0.00109999 -1.00065 5.99996e-08 0.00109998 -1.00047 3.99988e-08
0.00109998 -1.0003 1.99977e-08 0.00109997 -1.00012 4.42986e-15 0.00109996 -1.0001 -2.7097e-09 0.00109996
-1.00007 -5.41941e-09 0.00109996 -1.00005 -8.12913e-09 0.00109996 -1.00002 -1.08389e-08 0.00109996 -1
-1.35486e-08 0.00109995 -0.9875 -1.43299e-06 0.00109938 -0.975 -2.90984e-06 0.00109854 -0.9625 -4.3917e-06
0.0010977 -0.95 -5.87861e-06 0.00109686 -0.9375 -7.37058e-06 0.00109602 -0.925 -8.83697e-06 0.00109519
-0.9125 -1.03369e-05 0.00109435 -0.9 -1.18415e-05 0.00109351 -0.8875 -1.3351e-05 0.00109267 -0.875
-1.48652e-05 0.00109183 -0.8625 -1.63595e-05 0.00109063 -0.85 -1.78312e-05 0.001089 -0.8375 -1.93065e-05
0.00108738 -0.825 -2.07855e-05 0.00108576 -0.8125 -2.22682e-05 0.00108414 -0.8 -2.36675e-05 0.00108253
-0.7875 -2.51552e-05 0.0010809 -0.775 -2.66465e-05 0.00107928 -0.7625 -2.81414e-05 0.00107766 -0.75
-2.96399e-05 0.00107604 -0.7375 -3.09346e-05 0.00107399 -0.725 -3.20463e-05 0.00107143 -0.7125 -3.316e-05
0.00106888 -0.7 -3.42759e-05 0.00106633 -0.6875 -3.5394e-05 0.00106379 -0.675 -3.63715e-05 0.00106126
-0.6625 -3.74845e-05 0.00105871 -0.65 -3.85993e-05 0.00105617 -0.6375 -3.9716e-05 0.00105363 -0.625
-4.08346e-05 0.0010511 -0.6125 -4.15151e-05 0.00104807 -0.6 -4.1688e-05 0.00104443 -0.5875 -4.18617e-05
0.00104079 -0.575 -4.20362e-05 0.00103717 -0.5625 -4.22114e-05 0.00103357 -0.55 -4.2204e-05 0.00102997
-0.5375 -4.23624e-05 0.00102636 -0.525 -4.25216e-05 0.00102277 -0.5125 -4.26814e-05 0.00101918 -0.499999
-4.28418e-05 0.00101561 -0.487499 -4.21927e-05 0.00101133 -0.474999 -4.05285e-05 0.00100576 -0.462498 -3.88658e-05
0.00100021 -0.449998 -3.72046e-05 0.000994701 -0.437498 -3.55447e-05 0.000989216 -0.424997 -3.36942e-05 0.000983734
-0.412496 -2.86331e-05 0.000975549 -0.399995 -2.35697e-05 0.000967423 -0.387494 -1.85037e-05 0.000959356 -0.374994
-1.34347e-05 0.000951347 -0.368742 -1.09009e-05 0.000947362 -0.362489 -7.88642e-06 0.000942486 -0.356237 -4.86925e-06
0.00093764 -0.349985 -1.84922e-06 0.000932823 -0.344863 6.27558e-07 0.0009289 -0.344637 7.36895e-07 0.000928728
-0.344411 8.46253e-07 0.000928556 -0.344185 9.55631e-07 0.000928384 -0.343959 1.06503e-06 0.000928212 -0.343733
1.17445e-06 0.00092804 -0.337478 4.19888e-06 0.000923278 -0.331222 7.24916e-06 0.000918532 -0.324966 1.03191e-05
0.000913804 -0.318711 1.3409e-05 0.000909093 -0.312455 1.65191e-05 0.000904399 -0.306193 2.01025e-05 0.000898151
-0.299931 2.42039e-05 0.000889308 -0.293669 2.8321e-05 0.000880554 -0.287407 3.24541e-05 0.000871889 -0.281145
3.66041e-05 0.00086331 -0.274874 4.03024e-05 0.000854792 -0.268604 4.46449e-05 0.000846237 -0.262333 4.90219e-05
0.000837753 -0.256062 5.34345e-05 0.000829341 -0.249791 5.78836e-05 0.000820999 -0.24352 6.26346e-05 0.000808853
-0.237249 7.13211e-05 0.000790482 -0.230977 7.99985e-05 0.000772573 -0.224706 8.86707e-05 0.000755117 -0.218435
9.73418e-05 0.000738102 -0.215295 0.000101923 0.000729603 -0.212155 0.000107735 0.000719043 -0.209015 0.000113625
0.000708605 -0.205875 0.000119597 0.000698287 -0.202735 0.000125652 0.000688088 -0.199597 0.000128898 0.000678566
-0.196459 0.00013515 0.000668456 -0.193321 0.000141499 0.000658452 -0.190183 0.000147947 0.000648553 -0.187045
0.000154498 0.000638756 -0.183921 0.000159838 0.00062818 -0.180797 0.000166826 0.00061509 -0.177672 0.000173985
0.000602255 -0.174548 0.000181324 0.000589671 -0.171424 0.000188847 0.000577332 -0.168317 0.000191335 0.000565599
-0.165211 0.000199892 0.000552992 -0.162105 0.000208804 0.000540568 -0.158999 0.000218082 0.000528321 -0.155893
0.000227742 0.000516245 -0.152782 0.00023632 0.000503405 -0.149671 0.00024772 0.000488559 -0.146561 0.000259593
0.000474245 -0.14345 0.000271958 0.00046045 -0.140339 0.000284837 0.000447157 -0.13722 0.000286617 0.00043299
-0.134102 0.000302419 0.000418714 -0.130984 0.000318904 0.000404863 -0.127866 0.000336107 0.000391423 -0.124746
0.00035407 0.000378373 -0.121575 0.000372769 0.000366447 -0.118404 0.000392683 0.000349594 -0.115232 0.000411675
0.000333521 -0.112061 0.000429788 0.000318193 -0.108892 0.000447051 0.000303584 -0.105665 0.000447051 0.000303584
-0.102438 0.000476274 0.000285947 -0.0992111 0.000503782 0.000269345 -0.0959842 0.000529679 0.000253716 -0.0927559
0.000554071 0.000238995 -0.0896472 0.000554071 0.000238995 -0.0865389 0.000603598 0.000216976 -0.0834306 0.000654448
0.00019437 -0.0803224 0.000706858 0.00017107 -0.0771086 0.000762996 0.000146112 -1.001 1e-07 0.0537316
-1.001 8e-08 0.0537316 -1.00099 6e-08 0.0537316 -1.00099 4e-08 0.0537316 -1.00099
2e-08 0.0537315 -1.00098 8.14093e-15 0.0537315 -1.00079 -1.19831e-06 0.0537311 -1.00059 -2.39664e-06
0.0537306 -1.00039 -3.59499e-06 0.0537301 -1.0002 -4.79337e-06 0.0537296 -1 -5.99178e-06 0.0537291
-0.9875 -8.21429e-05 0.0536982 -0.975 -0.000159323 0.0536641 -0.9625 -0.000237515 0.0536266 -0.95
-0.00031672 0.0535858 -0.9375 -0.000396941 0.0535417 -0.925 -0.000475796 0.0534967 -0.9125 -0.000556755
0.0534502 -0.9 -0.000638186 0.0533989 -0.8875 -0.000720083 0.053343 -0.875 -0.000802443 0.0532823
-0.8625 -0.000883004 0.0532173 -0.85 -0.000965296 0.0531469 -0.8375 -0.00104707 0.0530713 -0.825
-0.00112832 0.0529905 -0.8125 -0.00120904 0.0529045 -0.8 -0.0012844 0.0528175 -0.7875 -0.0013648
0.0527285 -0.775 -0.00144354 0.0526337 -0.7625 -0.00152059 0.0525332 -0.75 -0.00159595 0.052427
-0.7375 -0.00166581 0.0523167 -0.725 -0.00173672 0.0521993 -0.7125 -0.00180453 0.0520758 -0.7
-0.00186923 0.0519462 -0.6875 -0.00193079 0.0518104 -0.675 -0.00198318 0.0516747 -0.6625 -0.00204322
0.0515366 -0.65 -0.00209835 0.0513921 -0.6375 -0.00214856 0.0512409 -0.625 -0.00219382 0.0510833
-0.6125 -0.00223066 0.0509219 -0.6 -0.00226464 0.0507517 -0.5875 -0.00229094 0.0505741 -0.575
-0.00230953 0.0503893 -0.5625 -0.0023204 0.0501972 -0.55 -0.00232 0.0500064 -0.537499 -0.0023296
0.0498141 -0.524999 -0.00232851 0.0496125 -0.5125 -0.00231671 0.0494018 -0.499999 -0.00229418 0.0491819
-0.487498 -0.00226089 0.0489563 -0.474998 -0.00221674 0.0487142 -0.462498 -0.00215801 0.0484555 -0.449998
-0.00208466 0.0481802 -0.437496 -0.00199873 0.0478911 -0.424993 -0.00190154 0.0476032 -0.412492 -0.00180144
0.0472881 -0.399991 -0.00168335 0.0469443 -0.387491 -0.00154721 0.046572 -0.374984 -0.00138843 0.0461751
-0.36873 -0.00129343 0.0459698 -0.362476 -0.00119919 0.0457612 -0.356222 -0.00110049 0.0455466 -0.349968
-0.000997106 0.0453237 -0.343712 -0.000888486 0.0450869 -0.337452 -0.000772625 0.044835 -0.331192 -0.000655487
0.0445603 -0.324934 -0.000534672 0.0442605 -0.318676 -0.000408844 0.0439481 -0.312409 -0.000277582 0.0436244
-0.309819 -0.00022096 0.0434858 -0.307229 -0.000163992 0.043344 -0.30464 -0.000106163 0.043199 -0.30205
-4.74683e-05 0.0430508 -0.299748 5.49325e-06 0.0429162 -0.29601 9.26096e-05 0.0426935 -0.292272 0.000181627
0.0424643 -0.288535 0.000272561 0.0422286 -0.284799 0.000364066 0.0419791 -0.281058 0.000456262 0.0417153
-0.274759 0.000611792 0.0412483 -0.268465 0.00077583 0.0407302 -0.262175 0.000944943 0.0401606 -0.255889
0.0011196 0.0395492 -0.24957 0.00130168 0.0389115 -0.246411 0.00139893 0.0385768 -0.243254 0.00150216
0.0382276 -0.240099 0.00160545 0.037863 -0.236945 0.00171082 0.0374832 -0.233778 0.00181903 0.0370863
-0.230623 0.00192163 0.0366741 -0.22747 0.00203372 0.0362519 -0.224317 0.00214765 0.0358232 -0.221166
0.00226346 0.035388 -0.218005 0.00238138 0.0349433 -0.214852 0.00250359 0.0344878 -0.211703 0.00263192
0.034004 -0.208556 0.002762 0.0335137 -0.205409 0.00289388 0.0330173 -0.202242 0.00302849 0.0325114
-0.201966 0.00304036 0.0324667 -0.20169 0.00305236 0.0324219 -0.201414 0.00306435 0.032377 -0.201138
0.00307631 0.0323318 -0.200871 0.00308786 0.032288 -0.198004 0.00321171 0.031816 -0.19514 0.00333896
0.0313267 -0.19228 0.00346981 0.0308205 -0.189423 0.00360444 0.0302977 -0.186542 0.00374828 0.0297551
-0.183428 0.00389557 0.0291494 -0.180314 0.00407496 0.0285521 -0.177204 0.00426379 0.0279406 -0.174097
0.00445637 0.027313 -0.170973 0.00465962 0.0266682 -0.167966 0.00487145 0.0260382 -0.16496 0.00510066
0.0254111 -0.161956 0.00534452 0.0247807 -0.158955 0.00559861 0.0241407 -0.155938 0.00585385 0.0234776
-0.152682 0.00612595 0.0227335 -0.149441 0.00646014 0.0219506 -0.146213 0.00684929 0.0211382 -0.142983
0.00724727 0.0203411 -0.139685 0.00767198 0.0195792 -0.136763 0.00799247 0.019052 -0.133886 0.00844912
0.01839 -0.131013 0.00895048 0.0177452 -0.128144 0.00949526 0.0171168 -0.125008 0.0101205 0.0164429
-0.124593 0.0102114 0.016361 -0.124179 0.0103016 0.0162762 -0.123765 0.0103919 0.0161896 -0.123351
0.0104846 0.0161049 -0.122966 0.0105734 0.0160278 -0.119694 0.0113473 0.0153879 -0.116446 0.0122488
0.0147929 -0.113172 0.0130613 0.0142187 -0.109842 0.0137048 0.0137585 -0.106511 0.0140984 0.0134711
-0.103784 0.0140984 0.0134711 -0.101066 0.0142886 0.0133563 -0.0983461 0.014464 0.0132504 -0.0956254
0.0146239 0.0131539 -0.0928703 0.0147689 0.0130664 -0.0927384 0.0147689 0.0130664 -0.0926067 0.0147731
0.0130645 -0.0924749 0.0147762 0.0130632 -0.092343 0.014778 0.0130624 -0.0922685 0.0147784 0.0130622
-0.0915032 0.0147784 0.0130622 -0.09074 0.0148346 0.0130522 -0.0899882 0.0149758 0.0130272 -0.0892643
0.0152202 0.0129839 -0.0789541 0.0193735 0.0122473 -0.078727 0.0193735 0.0122473 -0.078546 0.0195098
0.0122318 -0.078365 0.019646 0.0122164 -0.0781839 0.0197823 0.0122009 -0.0652599 0.0295119 0.0110972
-0.0652599 0.0295119 0.0110972 -0.0652599 0.0295119 0.0110972 -0.0652599 0.0295119 0.0110972 -0.0652599
0.0295119 0.0110972 -0.0652599 0.0295119 0.0110972 -0.0646869 0.0295119 0.0110972 -0.0641168 0.0295698
0.0110907 -0.0635463 0.0296238 0.0110845 -0.0629759 0.0296781 0.0110784 -0.0620499 0.0297662 0.0110684
-1.001 1e-07 0.106363 -1.001 8e-08 0.106363 -1.001 5.99997e-08 0.106363 -1.00099
3.9999e-08 0.106363 -1.00099 1.9998e-08 0.106363 -1.00099 2.15841e-14 0.106363 -1.00079 -1.60034e-06
0.106362 -1.00059 -3.20288e-06 0.106361 -1.0004 -4.80761e-06 0.10636 -1.0002 -6.41455e-06 0.106359
-1 -8.02368e-06 0.106358 -0.9875 -0.000109984 0.106296 -0.975 -0.000212993 0.106231 -0.9625
-0.00031717 0.10616 -0.95 -0.000422645 0.106082 -0.9375 -0.000529425 0.105997 -0.925 -0.000636768
0.105904 -0.9125 -0.000745313 0.105802 -0.9 -0.000854495 0.105692 -0.8875 -0.000964312 0.105572
-0.875 -0.00107469 0.105446 -0.8625 -0.00118432 0.105315 -0.85 -0.00129465 0.105179 -0.8375
-0.00140456 0.105035 -0.825 -0.00151421 0.104882 -0.8125 -0.00162359 0.104719 -0.8 -0.00173118
0.104546 -0.7875 -0.00183887 0.104362 -0.775 -0.00194505 0.104167 -0.762501 -0.0020497 0.103961
-0.75 -0.00215271 0.103748 -0.7375 -0.00225215 0.103527 -0.725 -0.0023507 0.103302 -0.7125
-0.00244607 0.103068 -0.700001 -0.0025381 0.102822 -0.6875 -0.00262678 0.102564 -0.675 -0.00271032
0.102295 -0.6625 -0.00279016 0.102012 -0.650001 -0.00286351 0.101715 -0.637502 -0.00293033 0.101404
-0.625 -0.00299194 0.101086 -0.6125 -0.00304633 0.100759 -0.6 -0.0030964 0.100426 -0.5875
-0.00313856 0.100086 -0.575001 -0.00317003 0.0997285 -0.5625 -0.00319078 0.0993536 -0.549999 -0.00319984
0.0989618 -0.5375 -0.00319825 0.0985511 -0.525001 -0.00318128 0.0981176 -0.512503 -0.00314951 0.0976636
-0.499998 -0.00310659 0.0972014 -0.487497 -0.00305037 0.0967267 -0.474997 -0.00298475 0.0962384 -0.462497
-0.00290396 0.0957344 -0.449999 -0.00280652 0.0952021 -0.437493 -0.00269161 0.0946357 -0.424986 -0.00256387
0.0940313 -0.412482 -0.00241873 0.0933848 -0.39998 -0.00225319 0.0926886 -0.387481 -0.00206701 0.0919429
-0.374959 -0.00185956 0.0911461 -0.368699 -0.00174912 0.0907264 -0.36244 -0.00164035 0.0902888 -0.356183
-0.00153032 0.0898333 -0.349927 -0.00141904 0.08936 -0.343659 -0.00130626 0.088868 -0.337388 -0.00118786
0.0883623 -0.331118 -0.00107073 0.0878294 -0.324852 -0.000957113 0.0872636 -0.318588 -0.00084702 0.0866649
-0.312302 -0.00074004 0.0860307 -0.306017 -0.000638006 0.0853658 -0.299739 -0.000551774 0.0846388 -0.293468
-0.000481748 0.0838488 -0.287206 -0.000428358 0.0829954 -0.28088 -0.0003703 0.0820718 -0.277723 -0.000335519
0.0815809 -0.274568 -0.000305058 0.0810727 -0.271416 -0.000277681 0.0805469 -0.268268 -0.0002534 0.0800035
-0.265094 -0.000232039 0.0794374 -0.264233 -0.000227611 0.0792782 -0.263372 -0.000223866 0.0791163 -0.262511
-0.000220483 0.0789527 -0.261651 -0.000217461 0.0787872 -0.260891 -0.000215172 0.0786394 -0.258554 -0.000209296
0.07818 -0.25622 -0.000206217 0.0777057 -0.253889 -0.000206681 0.0772177 -0.251561 -0.000210709 0.0767159
-0.249208 -0.000218409 0.0761943 -0.246031 -0.000234877 0.0754717 -0.242864 -0.000260777 0.0747065 -0.239708
-0.000296215 0.0738987 -0.236563 -0.000341284 0.0730484 -0.233328 -0.000391741 0.0721468 -0.230175 -0.00044309
0.0712495 -0.227032 -0.00050325 0.0703186 -0.2239 -0.000567771 0.0693534 -0.220778 -0.000636542 0.0683549
-0.217561 -0.000712765 0.0672724 -0.215611 -0.000769778 0.066582 -0.213658 -0.000828119 0.0658983 -0.21171
-0.00088788 0.0652007 -0.209778 -0.0009526 0.0644614 -0.208153 -0.00100814 0.0638177 -0.206901 -0.00104989
0.0633156 -0.205651 -0.00108904 0.0628071 -0.204404 -0.00112546 0.0622922 -0.203159 -0.00116111 0.0617714
-0.201892 -0.001198 0.0612351 -0.198575 -0.0013189 0.0598193 -0.19525 -0.00144977 0.058422 -0.19188
-0.00158782 0.0571367 -0.188479 -0.00173703 0.0559401 -0.185232 -0.00188956 0.0546329 -0.183281 -0.00197494
0.0538669 -0.181377 -0.00207837 0.0529926 -0.179477 -0.00219022 0.0521113 -0.177581 -0.0023112 0.0512226
-0.176239 -0.00240203 0.050648 -0.174496 -0.00252778 0.0499784 -0.172753 -0.0026695 0.0493109 -0.17101
-0.00283029 0.048646 -0.169268 -0.00301415 0.0479847 -0.167498 -0.00322017 0.0473967 -0.165318 -0.00351068
0.0468668 -0.163225 -0.00382958 0.0460715 -0.161153 -0.00414308 0.0452199 -0.15908 -0.00445658 0.0443683
-0.156541 -0.00484081 0.0433245 -0.154242 -0.00481052 0.0425538 -0.152035 -0.00510798 0.0415933 -0.149851
-0.00546514 0.0406005 -0.147668 -0.0058223 0.0396076 -0.137389 -0.00750366 0.0349337 -0.137323 -0.00750279
0.0349117 -0.137258 -0.00750371 0.0348901 -0.137192 -0.00750681 0.0348692 -0.137126 -0.00751262 0.034849
-0.137059 -0.00751777 0.0348309 -0.136965 -0.00751554 0.0348131 -0.136874 -0.00752871 0.034785 -0.136784
-0.00754187 0.0347568 -0.136694 -0.00755504 0.0347286 -0.136321 -0.00760938 0.0346124 -1.001 1e-07
0.158995 -1.001 8e-08 0.158995 -1.001 6e-08 0.158995 -1.00099 3.99999e-08 0.158995
-1.00099 1.99997e-08 0.158995 -1.00099 6.68812e-14 0.158995 -1.00079 -1.88354e-06 0.158993 -1.00059
-3.76754e-06 0.158992 -1.0004 -5.65199e-06 0.15899 -1.0002 -7.5369e-06 0.158989 -1 -9.42227e-06
0.158987 -0.9875 -0.000128536 0.15889 -0.975 -0.000249373 0.158784 -0.9625 -0.000371928 0.158669
-0.950001 -0.000496078 0.158545 -0.9375 -0.000621543 0.158413 -0.925 -0.000747716 0.158274 -0.9125
-0.000874865 0.158126 -0.9 -0.00100263 0.157969 -0.887501 -0.00113147 0.157799 -0.875 -0.00126165
0.157617 -0.8625 -0.00139246 0.157423 -0.85 -0.00152422 0.157214 -0.837501 -0.00165634 0.156989
-0.825002 -0.00178852 0.156752 -0.8125 -0.00192038 0.156505 -0.8 -0.00205118 0.156249 -0.7875
-0.00218137 0.15598 -0.775001 -0.00230997 0.1557 -0.762502 -0.00243719 0.155405 -0.75 -0.0025633
0.155094 -0.7375 -0.0026875 0.154768 -0.725001 -0.00280908 0.154421 -0.712502 -0.00292655 0.154054
-0.700003 -0.00304032 0.153672 -0.6875 -0.00315065 0.153279 -0.675 -0.00325653 0.152873 -0.6625
-0.00335792 0.152453 -0.650001 -0.00345265 0.152018 -0.637503 -0.00354035 0.151567 -0.625 -0.00361924
0.15109 -0.6125 -0.00368896 0.15059 -0.600001 -0.00374975 0.150063 -0.587503 -0.00379925 0.149507
-0.575006 -0.0038378 0.148935 -0.562499 -0.0038654 0.148347 -0.549999 -0.00388186 0.14774 -0.5375
-0.00388547 0.14711 -0.525002 -0.0038734 0.146459 -0.512505 -0.0038456 0.145787 -0.499997 -0.00380478
0.145088 -0.487496 -0.0037559 0.144364 -0.474997 -0.00370288 0.143606 -0.4625 -0.0036312 0.142804
-0.450007 -0.00352753 0.141951 -0.437491 -0.00340529 0.141065 -0.431237 -0.00334086 0.140605 -0.424985
-0.00327966 0.140134 -0.418733 -0.00322127 0.139656 -0.412482 -0.00316245 0.139166 -0.406224 -0.00310106
0.138661 -0.399965 -0.00303894 0.138142 -0.393708 -0.0029812 0.137611 -0.387451 -0.00292433 0.137069
-0.381195 -0.00286835 0.136516 -0.37493 -0.00282159 0.135951 -0.368658 -0.00278938 0.135381 -0.362388
-0.00277755 0.134788 -0.356119 -0.00278095 0.134176 -0.349853 -0.00278882 0.13354 -0.343569 -0.00280114
0.132879 -0.337272 -0.00282632 0.1322 -0.330979 -0.00288904 0.131479 -0.324692 -0.00297658 0.130715
-0.318411 -0.0030896 0.129909 -0.312087 -0.00322987 0.129052 -0.308924 -0.00334216 0.128602 -0.305764
-0.00347167 0.128136 -0.302608 -0.00362065 0.127651 -0.299456 -0.00378974 0.127146 -0.296276 -0.00398164
0.126616 -0.294794 -0.00408289 0.126359 -0.293315 -0.00419124 0.126096 -0.291837 -0.00430303 0.125825
-0.29036 -0.00441827 0.125548 -0.289238 -0.00450859 0.125332 -0.287504 -0.00465136 0.124992 -0.285773
-0.00479899 0.124642 -0.284044 -0.00495151 0.124283 -0.282317 -0.0051149 0.123916 -0.28057 -0.00529289
0.123537 -0.277453 -0.0056338 0.122844 -0.274349 -0.00601711 0.122118 -0.27126 -0.006455 0.121357
-0.268189 -0.00692273 0.120546 -0.264976 -0.00745978 0.119651 -0.261873 -0.00804758 0.118761 -0.258799
-0.00869512 0.117811 -0.255757 -0.00939778 0.1168 -0.252749 -0.0101818 0.115748 -0.249392 -0.0111263
0.114504 -0.24798 -0.0115552 0.113949 -0.246583 -0.0120107 0.11338 -0.245201 -0.0124928 0.112797
-0.243812 -0.0129787 0.112232 -0.242429 -0.0134457 0.111714 -0.242227 -0.0135108 0.111646 -0.242026
-0.0135756 0.111577 -0.241824 -0.0136401 0.111509 -0.241623 -0.0137047 0.11144 -0.241417 -0.0137712
0.11137 -0.239332 -0.014445 0.110663 -0.237249 -0.0151445 0.109976 -0.235169 -0.0158733 0.109313
-0.233091 -0.0166355 0.108678 -0.231026 -0.0174972 0.108049 -0.227685 -0.0191639 0.106994 -0.224555
-0.0211297 0.105816 -0.221516 -0.0232165 0.10461 -0.218491 -0.0252971 0.103357 -0.21702 -0.0262823
0.102884 -0.216136 -0.0268377 0.102671 -0.215258 -0.027411 0.102476 -0.214386 -0.0279979 0.102299
-0.213512 -0.0285855 0.102136 -0.212663 -0.0291088 0.102017 -0.210717 -0.0301592 0.101858 -0.209026
-0.0315816 0.101676 -0.207391 -0.0330678 0.101491 -0.205765 -0.0345643 0.101304 -0.199383 -0.0404403
0.100573 -0.198951 -0.0406737 0.100538 -0.198523 -0.040919 0.100524 -0.198101 -0.0411736 0.100527
-0.197679 -0.0414263 0.100545 -0.197239 -0.0416608 0.100578 -0.195529 -0.0424465 0.100771 -0.193881
-0.0433511 0.100987 -0.192233 -0.0442557 0.101203 -0.190586 -0.0451604 0.101419 -0.187409 -0.0469045
0.101836 -0.18375 -0.0485137 0.102305 -0.180178 -0.0502392 0.102981 -0.176606 -0.0519646 0.103658
-0.173034 -0.05369 0.104335 -0.169846 -0.0552296 0.104939 -0.169774 -0.0552614 0.104948 -0.169701
-0.055292 0.104959 -0.169628 -0.0553212 0.104972 -0.169555 -0.0553492 0.104987 -0.169485 -0.0553737
0.105 -0.166819 -0.0561545 0.105439 -0.164229 -0.0570044 0.106131 -0.161638 -0.0578543 0.106822
-0.159048 -0.0587041 0.107513 -0.156203 -0.0596377 0.108273 -0.15585 -0.0597255 0.108354 -0.1555
-0.0598198 0.108439 -0.155151 -0.0599178 0.108526 -0.154802 -0.0600139 0.108612 -0.154468 -0.0601016
0.108692 -0.152299 -0.0606417 0.109193 -0.150142 -0.0612184 0.109705 -0.147989 -0.0618078 0.11022
-0.145838 -0.0624036 0.110737 -0.143605 -0.0630034 0.111274 -0.139912 -0.0638997 0.112167 -0.136215
-0.0648493 0.112984 -0.132509 -0.0658028 0.113756 -0.128775 -0.066704 0.114457 -0.125151 -0.0674981
0.115056 -0.122017 -0.0680785 0.115477 -0.118905 -0.0687309 0.115952 -0.115814 -0.0694459 0.116475
-0.112725 -0.0701714 0.116998 -0.109483 -0.0708882 0.117504 -0.106407 -0.0715156 0.117932 -0.103344
-0.0721762 0.118401 -0.100291 -0.0728615 0.118902 -0.0972358 -0.0735406 0.119392 -0.0940999 -0.0742176
0.119866 -0.0909437 -0.0748595 0.120287 -0.0877949 -0.0755185 0.120736 -0.0846433 -0.0761725 0.121173
-0.081489 -0.0768213 0.121597 -0.0783195 -0.0774674 0.122011 -0.0778244 -0.0775677 0.122074 -0.0773293
-0.0776679 0.122137 -0.0768342 -0.077768 0.122201 -0.0763391 -0.0778683 0.122264 -0.0758419 -0.077969
0.122327 -0.0731967 -0.0785052 0.122664 -0.0705515 -0.0790454 0.122994 -0.0679063 -0.0795897 0.123317
-0.0652607 -0.0801374 0.123632 -0.0626155 -0.0806858 0.123927 -0.0608203 -0.081056 0.124106 -0.0590266
-0.0814315 0.12429 -0.0572332 -0.0818109 0.124467 -0.0554399 -0.0821942 0.124639 -0.0534371 -0.0826267
0.124824 -0.0521344 -0.0829114 0.12494 -0.0508322 -0.0831986 0.125055 -0.0495305 -0.083488 0.125169
-0.0482293 -0.0837795 0.125284 -0.0469239 -0.0840742 0.125399 -0.0437948 -0.0847854 0.125669 -0.0406687
-0.0855046 0.125953 -0.0375453 -0.0862303 0.126249 -0.0344257 -0.086968 0.126556 -0.0312781 -0.0877321
0.126873 -0.0281509 -0.0885218 0.127196 -0.0250248 -0.0893079 0.127537 -0.0219028 -0.0901008 0.127899
-0.0187833 -0.0908928 0.128285 -0.0156419 -0.0916928 0.128697 -0.0141261 -0.0920845 0.128908 -0.0126111
-0.0924749 0.129127 -0.0110971 -0.0928637 0.129357 -0.00958443 -0.0932511 0.129596 -0.00801868 -0.093651
0.129855 -0.00641582 -0.0940592 0.130131 -0.00481459 -0.0944671 0.130416 -0.00321515 -0.0948749 0.130711
-0.00161772 -0.0952831 0.131017 -4.33415e-06 -0.0956963 0.131336 0.00312236 -0.0964895 0.131967 0.00623605
-0.0972839 0.132658 0.00933874 -0.0980733 0.133402 0.0124298 -0.0988593 0.134196 0.0156291 -0.0996753
0.135053 0.018755 -0.100475 0.135914 0.02186 -0.101271 0.13685 0.0249494 -0.102065 0.137838
0.0280254 -0.102854 0.138871 0.0312581 -0.103679 0.140014 0.0315561 -0.103755 0.140124 0.0318538
-0.103831 0.140236 0.0321514 -0.103907 0.140347 0.0324488 -0.103982 0.14046 0.0327332 -0.104055
0.140567 0.0355632 -0.104775 0.141642 0.0383777 -0.105491 0.142761 0.0411787 -0.106206 0.143913
0.0439666 -0.106919 0.145097 0.046883 -0.107665 0.146368 0.0479784 -0.107944 0.146857 0.0490715
-0.108223 0.14735 0.0501637 -0.108502 0.147846 0.0512552 -0.108781 0.148343 0.0523385 -0.109059
0.148838 0.0543722 -0.109582 0.149771 0.0564008 -0.110105 0.150715 0.0584245 -0.110626 0.15167
0.0604433 -0.111144 0.152637 0.062507 -0.111672 0.153641 0.0635884 -0.111948 0.154159 0.0646692
-0.112224 0.154678 0.0657496 -0.1125 0.155198 0.0668296 -0.112775 0.155719 0.0678878 -0.113043
0.156231 0.0699369 -0.113562 0.157225 0.0719831 -0.114077 0.158227 0.0740264 -0.114588 0.159236
0.0760657 -0.115096 0.160255 0.0781331 -0.115605 0.161295 0.0812585 -0.116369 0.162869 0.0843779
-0.11714 0.164451 0.0874912 -0.117919 0.166042 0.0906027 -0.118695 0.167637 0.0937604 -0.119474
0.169251 0.0947878 -0.119724 0.169772 0.0958143 -0.119974 0.170296 0.0968397 -0.120225 0.170821
0.0978642 -0.120476 0.171348 0.0988543 -0.120721 0.171859 0.100961 -0.121245 0.172949 0.103065
-0.121766 0.174047 0.105165 -0.122285 0.175153 0.107262 -0.122807 0.176262 0.109389 -0.123343
0.177398 0.110491 -0.123632 0.17799 0.111591 -0.123928 0.178585 0.112689 -0.12423 0.179179
0.113787 -0.124537 0.17977 0.114662 -0.124788 0.18024 0.116733 -0.125389 0.18135 0.118799
-0.126016 0.182456 0.120859 -0.126668 0.183557 0.122915 -0.127345 0.184653 0.125016 -0.128063
0.185768 0.125666 -0.128291 0.186111 0.126315 -0.128518 0.186454 0.126964 -0.128746 0.186798
0.127612 -0.128979 0.187141 0.128258 -0.129217 0.187482 0.133863 -0.131327 0.190434 0.139431
-0.133554 0.193373 0.144962 -0.135897 0.19629 0.150521 -0.138318 0.199087 0.156283 -0.140963
0.201858 0.162361 -0.144007 0.204537 0.168412 -0.146962 0.207371 0.174451 -0.149871 0.210277
0.180516 -0.152827 0.213081 0.187327 -0.156184 0.216102 0.187367 -0.156204 0.216119 0.187408
-0.156225 0.216136 0.187448 -0.156245 0.216153 0.187488 -0.156265 0.21617 0.187529 -0.156285
0.216186 0.188747 -0.156897 0.216695 0.189965 -0.157511 0.217203 0.191182 -0.158126 0.217711
0.192401 -0.158742 0.218215 0.19365 -0.159376 0.218728 0.198677 -0.161932 0.220772 0.203715
-0.164511 0.222754 0.208765 -0.167116 0.224674 0.213827 -0.169745 0.226528 0.218781 -0.172341
0.228272 0.224476 -0.175354 0.230187 0.230204 -0.178303 0.232098 0.235952 -0.181243 0.233964
0.241719 -0.184203 0.235738 0.247884 -0.187402 0.23752 0.248316 -0.187628 0.237637 0.248748
-0.187855 0.237753 0.24918 -0.188082 0.237868 0.249613 -0.188308 0.237982 0.250044 -0.188535
0.238096 0.256304 -0.191818 0.239747 0.26259 -0.195059 0.241381 0.268907 -0.198252 0.242992
0.275244 -0.201437 0.244534 0.281345 -0.204501 0.245937 0.285335 -0.206545 0.246771 0.289338
-0.20856 0.247614 0.293346 -0.210576 0.248427 0.297361 -0.212591 0.249211 0.302138 -0.214979
0.250109 0.303548 -0.215681 0.250362 0.304958 -0.216381 0.250612 0.30637 -0.217081 0.250858
0.307783 -0.21778 0.251102 0.309214 -0.218487 0.251345 0.309905 -0.218829 0.25146 0.310596
-0.21917 0.251574 0.311288 -0.219512 0.251687 0.311979 -0.219854 0.251799 0.312669 -0.220194
0.25191 0.318934 -0.223289 0.252908 0.32521 -0.226379 0.253844 0.331496 -0.229468 0.254721
0.33779 -0.232555 0.255541 0.343991 -0.235585 0.256282 0.349665 -0.238356 0.256916 0.355345
-0.241121 0.257523 0.361033 -0.243874 0.258104 0.366731 -0.246613 0.258658 0.372651 -0.249438
0.259207 0.373173 -0.249685 0.259252 0.373695 -0.249931 0.259298 0.374217 -0.250177 0.259343
0.374738 -0.250423 0.259388 0.37526 -0.250668 0.259433 0.381516 -0.253606 0.25997 0.38779
-0.256509 0.260475 0.394082 -0.25938 0.260949 0.400385 -0.262232 0.261399 0.406539 -0.264978
0.261804 0.412775 -0.267717 0.262181 0.419028 -0.270418 0.26253 0.425304 -0.273072 0.262844
0.431603 -0.275677 0.263104 0.437719 -0.278149 0.263304 0.438957 -0.278637 0.263334 0.440195
-0.279123 0.263363 0.441435 -0.279607 0.263391 0.442675 -0.280089 0.263416 0.443957 -0.280586
0.263441 0.448949 -0.282513 0.263527 0.453951 -0.284416 0.263589 0.458962 -0.286294 0.263627
0.463985 -0.288142 0.263639 0.468918 -0.289917 0.263633 0.475164 -0.29211 0.263622 0.481421
-0.294268 0.263559 0.48769 -0.296393 0.263445 0.49397 -0.298479 0.263303 0.500149 -0.300482
0.263152 0.50639 -0.302456 0.262992 0.512641 -0.304391 0.262797 0.518902 -0.306294 0.262584
0.525173 -0.308159 0.262351 0.531352 -0.309956 0.262103 0.532861 -0.310386 0.262041 0.534371
-0.310814 0.261976 0.535881 -0.31124 0.26191 0.537392 -0.311665 0.261845 0.538968 -0.312106
0.261777 0.543691 -0.313425 0.261572 0.548418 -0.314728 0.261364 0.553149 -0.316016 0.261153
0.557885 -0.317288 0.260939 0.562584 -0.318529 0.260722 0.56883 -0.320153 0.260444 0.575085
-0.321742 0.260147 0.581348 -0.323297 0.259839 0.587619 -0.324818 0.259521 0.593818 -0.326287
0.259203 0.600059 -0.327732 0.258882 0.606306 -0.329155 0.258565 0.612558 -0.330557 0.258255
0.618814 -0.331939 0.257954 0.625024 -0.333289 0.257667 0.63127 -0.334621 0.257404 0.637521
-0.335922 0.257131 0.643778 -0.337195 0.256857 0.650041 -0.338442 0.256584 0.65625 -0.339651
0.256316 0.660325 -0.340428 0.256148 0.664401 -0.3412 0.255985 0.668478 -0.341965 0.255828
0.672557 -0.342724 0.255677 0.676956 -0.343538 0.255522 0.679064 -0.343925 0.255451 0.681172
-0.34431 0.255382 0.68328 -0.344695 0.255314 0.685389 -0.345078 0.255249 0.687495 -0.34546
0.255185 0.693745 -0.346588 0.255005 0.699999 -0.347699 0.25483 0.706255 -0.348793 0.254664
0.712516 -0.349867 0.254507 0.718746 -0.350916 0.254361 0.724996 -0.351934 0.254221 0.731246
-0.35296 0.254101 0.737496 -0.353979 0.253998 0.743748 -0.354992 0.253914 0.749997 -0.355996
0.253849 0.756247 -0.356989 0.253806 0.7625 -0.357966 0.253771 0.768755 -0.358925 0.253748
0.775014 -0.359865 0.253734 0.781247 -0.360777 0.253725 0.787497 -0.361661 0.253722 0.793746
-0.362555 0.253737 0.799994 -0.363448 0.25377 0.806243 -0.364342 0.253822 0.812497 -0.365238
0.253892 0.824998 -0.367022 0.254071 0.837502 -0.368772 0.254302 0.85001 -0.370483 0.254575
0.862523 -0.372153 0.25489 0.874999 -0.373768 0.255237 0.876894 -0.374009 0.255297 0.878789
-0.374248 0.255358 0.880684 -0.374487 0.255419 0.88258 -0.374726 0.255482 0.884533 -0.37497
0.255546 0.895126 -0.376283 0.255892 0.905724 -0.377559 0.256247 0.916326 -0.378801 0.256611
0.926931 -0.380008 0.256986 0.9375 -0.381174 0.257369 0.95 -0.382493 0.257818 0.962502
-0.383784 0.258279 0.975013 -0.384995 0.258723 0.987529 -0.386158 0.259158 0.999999 -0.387314
0.259598 1.00625 -0.387866 0.259812 1.0125 -0.388409 0.260018 1.01875 -0.388937 0.260216
1.02501 -0.389448 0.260405 1.03125 -0.389938 0.260587 1.0375 -0.390408 0.260762 1.04375
-0.390871 0.260938 1.05 -0.391326 0.261117 1.05625 -0.391778 0.261299 1.0625 -0.392229
0.261485 1.075 -0.393127 0.261868 1.0875 -0.393984 0.262267 1.1 -0.394808 0.262663
1.11251 -0.395599 0.263054 1.125 -0.396351 0.263441 1.1375 -0.397065 0.263806 1.15
-0.397746 0.264214 1.1625 -0.398373 0.264608 1.17501 -0.39896 0.264992 1.1875 -0.399544
0.265363 1.2 -0.400119 0.265694 1.2125 -0.400654 0.266048 1.225 -0.40116 0.266388
1.23751 -0.401642 0.266701 1.25 -0.402102 0.266979 1.2625 -0.402569 0.267189 1.275
-0.403005 0.267414 1.2875 -0.403413 0.267628 1.30001 -0.403804 0.267805 1.3125 -0.404207
0.267932 1.325 -0.404658 0.267995 1.3375 -0.405059 0.268051 1.35 -0.405433 0.268078
1.36251 -0.405798 0.268065 1.375 -0.406167 0.267992 1.3875 -0.406565 0.267825 1.4
-0.406946 0.267674 1.4125 -0.407316 0.267508 1.425 -0.407681 0.267302 1.4375 -0.40807
0.267042 1.45 -0.408518 0.266714 1.4625 -0.408927 0.26637 1.475 -0.409328 0.265993
1.4875 -0.409731 0.265575 1.5 -0.410142 0.2651 1.5125 -0.410582 0.264524 1.525
-0.411027 0.263965 1.5375 -0.411478 0.263371 1.55 -0.411938 0.262733 1.5625 -0.412408
0.262055 1.575 -0.41293 0.261316 1.5875 -0.413435 0.26055 1.6 -0.413954 0.259745
1.61249 -0.414487 0.258894 1.625 -0.415037 0.257995 1.6375 -0.415608 0.257016 1.65
-0.416205 0.256023 1.66249 -0.416827 0.254983 1.67498 -0.417473 0.253894 1.6875 -0.418145
0.252755 1.69329 -0.418468 0.252204 1.69909 -0.418797 0.251644 1.70488 -0.419132 0.251072
1.71066 -0.419474 0.250488 1.71542 -0.41976 0.25 1.72233 -0.420185 0.249278 1.72925
-0.42062 0.248543 1.73616 -0.421066 0.247795 1.74307 -0.421523 0.247035 1.75 -0.421991
0.246259 1.7625 -0.422862 0.24483 1.77499 -0.42377 0.243361 1.78748 -0.424723 0.241847
1.79995 -0.425722 0.240287 1.8125 -0.426773 0.238672 1.825 -0.427857 0.23699 1.83749
-0.428998 0.235279 1.84997 -0.430193 0.233518 1.86244 -0.431443 0.231709 1.875 -0.432758
0.229834 1.88371 -0.433706 0.228494 1.89241 -0.434682 0.227134 1.9011 -0.435686 0.225752
1.90979 -0.436719 0.224347 1.91619 -0.4375 0.223296 1.92045 -0.43803 0.222588 1.92471
-0.438565 0.221874 1.92897 -0.439106 0.221156 1.93323 -0.439651 0.220433 1.9375 -0.440205
0.219702 1.95 -0.441842 0.217547 1.96249 -0.44353 0.215354 1.97496 -0.445264 0.213124
1.98742 -0.447045 0.210859 2 -0.448899 0.208533 2.0125 -0.450779 0.206187 2.02498
-0.452727 0.203807 2.03746 -0.454719 0.201408 2.04992 -0.456748 0.198994 2.0625 -0.458837
0.196543 2.07178 -0.460406 0.194734 2.08106 -0.462 0.192915 2.09034 -0.463612 0.191103
2.09961 -0.465243 0.1893 2.10889 -0.466895 0.1875 2.11212 -0.467476 0.186876 2.11534
-0.468059 0.186251 2.11856 -0.468644 0.185627 2.12178 -0.469233 0.185001 2.125 -0.469825
0.184375 2.1375 -0.472131 0.181953 2.15 -0.474464 0.179539 2.16249 -0.476829 0.177142
2.17498 -0.479227 0.174761 2.1875 -0.481667 0.172399 2.2 -0.484127 0.170094 2.21249
-0.486619 0.167793 2.22499 -0.489143 0.165524 2.23748 -0.491701 0.163301 2.25 -0.494299
0.161119 2.2554 -0.495439 0.160204 2.26081 -0.496583 0.159293 2.26621 -0.497734 0.158393
2.27162 -0.498892 0.157505 2.27676 -0.5 0.156671 2.28391 -0.50155 0.155527 2.29105
-0.503111 0.154394 2.2982 -0.504678 0.153271 2.30535 -0.506252 0.152156 2.3125 -0.507834
0.151049 2.325 -0.510622 0.149157 2.3375 -0.513431 0.147288 2.35 -0.516269 0.145457
2.36249 -0.519137 0.143664 2.375 -0.522032 0.141924 2.3875 -0.524948 0.140259 2.39999
-0.527915 0.138633 2.41248 -0.530915 0.137051 2.42497 -0.533947 0.135513 2.4375 -0.537026
0.134011 2.45 -0.540144 0.132568 2.46249 -0.543301 0.131166 2.47498 -0.546497 0.129798
2.48747 -0.549724 0.128476 2.5 -0.552995 0.127193 2.50444 -0.554165 0.126754 2.50888
-0.555341 0.12632 2.51331 -0.556522 0.125891 2.51775 -0.557708 0.125466 2.52266 -0.559028
0.125 2.52524 -0.559722 0.124759 2.52781 -0.560418 0.12452 2.53039 -0.561116 0.124282
2.53296 -0.561815 0.124046 2.53548 -0.5625 0.123817 2.54088 -0.563977 0.123328 2.54628
-0.565461 0.122845 2.55169 -0.566953 0.122369 2.55709 -0.568452 0.1219 2.5625 -0.569963
0.121436 2.575 -0.573474 0.120385 2.5875 -0.577013 0.119369 2.59998 -0.580594 0.118382
2.61246 -0.584217 0.117423 2.625 -0.587905 0.116486 2.6375 -0.591614 0.115589 2.64999
-0.595375 0.114715 2.66246 -0.599181 0.113856 2.67492 -0.603025 0.113031 2.6875 -0.60694
0.112239 2.69892 -0.610552 0.111528 2.71033 -0.614193 0.110857 2.72174 -0.617868 0.110208
2.73313 -0.621576 0.109576 2.74355 -0.625 0.109012 2.74484 -0.625428 0.108944 2.74613
-0.625856 0.108876 2.74742 -0.626285 0.108809 2.74871 -0.626714 0.108741 2.75 -0.627144
0.108674 2.7625 -0.631314 0.108024 2.77499 -0.635525 0.107401 2.78746 -0.639778 0.106795
2.79992 -0.644072 0.106205 2.8125 -0.648437 0.105631 2.825 -0.652784 0.105093 2.83748
-0.657202 0.104581 2.84994 -0.661672 0.10409 2.86239 -0.666169 0.103627 2.875 -0.670747
0.103163 2.88419 -0.674098 0.102818 2.89338 -0.677481 0.102506 2.90256 -0.680877 0.10221
2.91174 -0.684276 0.101922 2.92044 -0.6875 0.101657 2.92385 -0.688767 0.101557 2.92726
-0.690038 0.101459 2.93067 -0.691312 0.101363 2.93408 -0.692589 0.101269 2.9375 -0.693872
0.101175 2.95 -0.698567 0.100824 2.96248 -0.70331 0.100533 2.97495 -0.708091 0.100271
2.98742 -0.712891 0.100031 3 -0.717709 0.0997788 3.0125 -0.722447 0.0995093 3.02497
-0.727259 0.0992917 3.03742 -0.732138 0.0991161 3.04987 -0.737007 0.0989409 3.0625 -0.741928
0.0987618 3.06668 -0.743542 0.0986896 3.07086 -0.745162 0.0986259 3.07504 -0.746782 0.0985656
3.07923 -0.748398 0.0985056 3.08339 -0.75 0.0984461 3.09171 -0.753195 0.0983277 3.10004
-0.756379 0.0982113 3.10837 -0.759555 0.0980971 3.1167 -0.762732 0.0979863 3.125 -0.765678
0.0978809 3.15 -0.773061 0.097584 3.17434 -0.782384 0.0973761 3.1987 -0.791672 0.0971764
3.22307 -0.800918 0.0969745 3.25 -0.811044 0.0967657 3.275 -0.820565 0.0964882 3.30001
-0.83006 0.0963531 3.32504 -0.839497 0.0962465 3.35009 -0.848899 0.0962087 3.375 -0.857615
0.096205 3.39048 -0.861092 0.0961272 3.40571 -0.865509 0.0961037 3.42104 -0.869594 0.09608
3.43645 -0.873386 0.0960565 3.44352 -0.875 0.0960459 3.45482 -0.877494 0.0960294 3.46609
-0.880094 0.0960175 3.47733 -0.882808 0.0960106 3.48855 -0.885648 0.0960077 3.5 -0.8887
0.0960083 3.525 -0.894188 0.0959824 3.54945 -0.901773 0.0960308 3.57358 -0.910286 0.0961179
3.59763 -0.919058 0.0962254 3.625 -0.928776 0.096354 3.65 -0.934239 0.0963814 3.67421
-0.94254 0.0965241 3.69825 -0.951292 0.0966938 3.7223 -0.960027 0.0968851 3.75 -0.969994
0.0971312 3.775 -0.975463 0.0972078 3.7992 -0.983773 0.097424 3.82374 -0.991047 0.097615
3.84851 -0.997476 0.0977869 3.8595 -1 0.0978561 3.8876 -1.00615 0.0980221 3.91569
-1.01234 0.0981971 3.94378 -1.01857 0.0983883 3.97185 -1.02482 0.098603 4 -1.03113
0.098842 4.05 -1.0422 0.0992326 4.09995 -1.05349 0.0998184 4.14987 -1.06489 0.100484
4.19976 -1.07645 0.101198 4.25 -1.08821 0.101955 4.3 -1.09583 0.102267 4.34921
-1.10748 0.10314 4.39834 -1.11946 0.104246 4.44741 -1.13165 0.10539 4.5 -1.14276
0.10646 4.55 -1.15054 0.107235 4.59966 -1.16022 0.10833 4.64899 -1.17143 0.109691
4.69854 -1.18165 0.110924 4.75 -1.19055 0.11203 4.8 -1.19687 0.112856 4.84973
-1.205 0.114017 4.89955 -1.21262 0.115133 4.94945 -1.21966 0.116166 5 -1.22626
0.117126 5.04506 -1.23101 0.117794 5.09006 -1.23627 0.118587 5.1351 -1.24119 0.119312
5.18017 -1.24579 0.119977 5.22407 -1.25 0.120589 5.22926 -1.25047 0.120658 5.23444
-1.25094 0.120728 5.23963 -1.25142 0.120799 5.24481 -1.2519 0.12087 5.25 -1.25238
0.120943 5.3 -1.25692 0.121634 5.34995 -1.26202 0.12242 5.39984 -1.26755 0.12329
5.44969 -1.27354 0.124249 5.5 -1.28006 0.125311 5.55 -1.28498 0.126047 5.59965
-1.29258 0.127325 5.64919 -1.30089 0.128743 5.69857 -1.31005 0.130314 5.75 -1.31979
0.132011 5.8 -1.3249 0.133095 5.8493 -1.33457 0.134836 5.89769 -1.348 0.137139
5.94557 -1.3631 0.139739 6 -1.37504 0.141646 6.05 -1.38118 0.142498 6.09918
-1.392 0.144283 6.14676 -1.40831 0.147205 6.19457 -1.42394 0.150104 6.25 -1.43716
0.152797 6.3 -1.44341 0.154441 6.34899 -1.45509 0.156742 6.39808 -1.46635 0.159008
6.4474 -1.47657 0.161133 6.5 -1.48645 0.163257 6.51899 -1.48916 0.163872 6.5379
-1.4923 0.164569 6.55684 -1.49534 0.16525 6.57579 -1.49829 0.165916 6.5872 -1.5
0.166308 6.61976 -1.5048 0.167411 6.65227 -1.50991 0.168559 6.68473 -1.51535 0.169759
6.71712 -1.52113 0.171021 6.75 -1.52739 0.172385 6.8 -1.53522 0.174096 6.84936
-1.54627 0.176436 6.89842 -1.55855 0.178984 6.94709 -1.57226 0.18174 7 -1.5866
0.184722 7.05 -1.5946 0.186891 7.09881 -1.60793 0.18974 7.14725 -1.62254 0.192788
7.19573 -1.63697 0.19588 7.25 -1.65295 0.199436 7.3 -1.66204 0.201719 7.34876
-1.67617 0.204981 7.39755 -1.69017 0.208322 7.44638 -1.70404 0.21174 7.5 -1.71912
0.215576 7.53159 -1.72529 0.217577 7.56274 -1.73334 0.219747 7.594 -1.74094 0.221879
7.62537 -1.74812 0.223976 7.63408 -1.75 0.224547 7.65726 -1.75493 0.226059 7.68039
-1.76013 0.227624 7.70344 -1.7656 0.229243 7.72642 -1.77137 0.230923 7.75 -1.77752
0.232697 7.8 -1.78874 0.236152 7.84958 -1.80161 0.239932 7.8992 -1.81429 0.243746
7.94887 -1.82678 0.247594 7.97974 -1.83436 0.25 7.98379 -1.83533 0.250317 7.98784
-1.8363 0.250634 7.9919 -1.83727 0.250952 7.99595 -1.83824 0.25127 8 -1.8392
0.251588 8.1 -1.86292 0.259423 8.20013 -1.88607 0.267278 8.30179 -1.90187 0.273626
8.40397 -1.91426 0.27916 8.5 -1.92518 0.284077 8.6 -1.92945 0.288406 8.69948
-1.94026 0.293275 8.79906 -1.95015 0.298162 8.89869 -1.95952 0.30285 9 -1.96858
0.307398 9.1 -1.97443 0.311045 9.19981 -1.98277 0.315051 9.29964 -1.99096 0.31879
9.3995 -1.99899 0.322262 9.4128 -2 0.322717 9.53024 -2.00879 0.326731 9.64768
-2.01751 0.330851 9.76512 -2.02618 0.33508 9.88259 -2.03445 0.339255 10 -2.04227
0.343339 10.2 -2.05638 0.349747 10.4001 -2.0692 0.356863 10.6002 -2.08107 0.363883
10.8006 -2.08888 0.369509 11 -2.09287 0.373723 11.2 -2.094 0.375049 11.4
-2.09636 0.378345 11.5999 -2.09882 0.381573 11.7999 -2.10131 0.384868 12 -2.10385
0.388233 12.2 -2.10514 0.38933 12.4 -2.10802 0.392527 12.5999 -2.11098 0.395666
12.7999 -2.11401 0.398877 13 -2.11709 0.402165 13.2 -2.11848 0.40304 13.4
-2.12185 0.406124 13.5999 -2.1253 0.409147 13.7999 -2.12883 0.412242 14 -2.13244
0.415417 14.2 -2.13395 0.416051 14.3999 -2.13813 0.418986 14.5999 -2.14244 0.421933
14.7998 -2.14835 0.425007 15 -2.15612 0.428258 -1.001 1e-07 0.211626 -1.001
8e-08 0.211626 -1.001 6e-08 0.211626 -1.00099 3.99999e-08 0.211626 -1.00099 1.99997e-08
0.211626 -1.00099 1.38073e-13 0.211626 -1.00079 -2.14984e-06 0.211624 -1.00059 -4.30049e-06 0.211622
-1.0004 -6.45196e-06 0.21162 -1.0002 -8.60424e-06 0.211619 -1 -1.07573e-05 0.211617 -0.9875
-0.000146626 0.211494 -0.975 -0.000284292 0.211363 -0.9625 -0.00042375 0.211222 -0.950001 -0.000565006
0.211071 -0.9375 -0.000709256 0.210907 -0.925 -0.000855947 0.210729 -0.9125 -0.00100561 0.210534
-0.900001 -0.00115767 0.210322 -0.887502 -0.00131113 0.210098 -0.875 -0.00146599 0.20986 -0.8625
-0.00162149 0.209609 -0.85 -0.00177817 0.209343 -0.837501 -0.00193526 0.209062 -0.825002 -0.00209277
0.208766 -0.8125 -0.00225158 0.208451 -0.8 -0.00241107 0.208117 -0.787501 -0.0025709 0.20776
-0.775002 -0.0027299 0.207382 -0.762504 -0.00288776 0.206987 -0.75 -0.00304455 0.206574 -0.7375
-0.00319942 0.206144 -0.725001 -0.00335179 0.205694 -0.712502 -0.00349999 0.205223 -0.700004 -0.003644
0.204733 -0.6875 -0.00378369 0.204218 -0.675 -0.00391806 0.203672 -0.662501 -0.00404655 0.203092
-0.650004 -0.00416656 0.202484 -0.637508 -0.00427735 0.201851 -0.625 -0.00437899 0.201192 -0.6125
-0.00447266 0.200503 -0.600001 -0.00455475 0.199784 -0.587504 -0.00462508 0.199037 -0.575009 -0.00468361
0.198262 -0.562499 -0.00473036 0.197459 -0.549998 -0.00477815 0.196632 -0.537499 -0.00482015 0.195778
-0.525003 -0.00484816 0.194895 -0.512508 -0.00486204 0.193983 -0.499996 -0.00486169 0.193041 -0.487494
-0.00486139 0.192078 -0.474995 -0.00486053 0.191078 -0.462499 -0.00485942 0.190048 -0.450005 -0.00485797
0.18899 -0.437487 -0.00485606 0.1879 -0.4366 -0.00485752 0.187821 -0.435713 -0.00485927 0.187742
-0.434826 -0.00486138 0.187662 -0.43394 -0.00486384 0.187583 -0.433059 -0.00486664 0.187504 -0.427691
-0.00488586 0.187022 -0.422323 -0.00491189 0.186537 -0.416955 -0.0049443 0.186048 -0.411588 -0.00498318
0.185556 -0.406217 -0.0050286 0.18506 -0.399957 -0.00509322 0.184479 -0.393697 -0.00517594 0.183891
-0.387439 -0.00528155 0.183299 -0.381181 -0.00541056 0.182704 -0.374916 -0.00556369 0.182104 -0.368646
-0.00575109 0.181504 -0.362379 -0.00598294 0.180883 -0.356115 -0.00626864 0.180256 -0.349854 -0.00661042
0.179623 -0.343565 -0.00701626 0.17898 -0.337253 -0.00755837 0.178343 -0.33095 -0.0081502 0.177659
-0.324661 -0.00883715 0.176936 -0.318391 -0.00966126 0.1762 -0.312005 -0.0107192 0.17542 -0.308843
-0.011408 0.175026 -0.305698 -0.0121619 0.174616 -0.302571 -0.0129854 0.174198 -0.299466 -0.0138858
0.173779 -0.296192 -0.0149263 0.173331 -0.295892 -0.0150317 0.17329 -0.295593 -0.0151382 0.173248
-0.295294 -0.0152461 0.173207 -0.294995 -0.0153554 0.173165 -0.294731 -0.0154535 0.173128 -0.293506
-0.0159152 0.172954 -0.292289 -0.0163976 0.17278 -0.29108 -0.0169002 0.172604 -0.28988 -0.0174228
0.172426 -0.288783 -0.0179225 0.172261 -0.287054 -0.0187423 0.171995 -0.285345 -0.0196036 0.17173
-0.283657 -0.0205056 0.171464 -0.281988 -0.0214469 0.171212 -0.280124 -0.0225535 0.170949 -0.278252
-0.0237253 0.170696 -0.276415 -0.0249543 0.170453 -0.274601 -0.0262179 0.170221 -0.272799 -0.0274996
0.170002 -0.271232 -0.0285222 0.169834 -0.269225 -0.0296355 0.169657 -0.267234 -0.0307819 0.169525
-0.26526 -0.0319629 0.169438 -0.263359 -0.0332583 0.16938 -0.261335 -0.0345808 0.16936 -0.259001
-0.0361563 0.169392 -0.257078 -0.0382126 0.169457 -0.255148 -0.040262 0.169545 -0.253235 -0.0423268
0.16963 -0.252375 -0.0430602 0.169664 -0.251139 -0.0439376 0.169709 -0.24991 -0.0448227 0.169784
-0.248688 -0.0457151 0.169887 -0.247463 -0.0466006 0.170015 -0.246199 -0.0474138 0.170166 -0.243896
-0.048688 0.170481 -0.241663 -0.050051 0.170909 -0.239394 -0.0513337 0.171392 -0.237097 -0.052549
0.171916 -0.23662 -0.052786 0.172029 -0.236196 -0.0529931 0.17213 -0.235773 -0.0532022 0.172231
-0.235351 -0.0534132 0.172333 -0.23493 -0.0536262 0.172435 -0.234498 -0.053844 0.172539 -0.232441
-0.0548493 0.17303 -0.23037 -0.0558176 0.173542 -0.228297 -0.0567771 0.174059 -0.226222 -0.0577293
0.17458 -0.223894 -0.0587942 0.175165 -0.222569 -0.0594419 0.175482 -0.221224 -0.0600396 0.175815
-0.219862 -0.0605861 0.176165 -0.218484 -0.0610786 0.176532 -0.217211 -0.0615133 0.176866 -0.214589
-0.0623803 0.177521 -0.211954 -0.0631764 0.178217 -0.209318 -0.0639611 0.178918 -0.206681 -0.064745
0.17962 -0.204234 -0.0654631 0.180278 -0.201038 -0.0663805 0.181148 -0.197825 -0.0673147 0.181928
-0.194596 -0.0682172 0.182679 -0.191359 -0.069095 0.183427 -0.188271 -0.0699033 0.184148 -0.185399
-0.0705805 0.184818 -0.182541 -0.0713001 0.185503 -0.179683 -0.0720088 0.1862 -0.176826 -0.0727056
0.18691 -0.174683 -0.0732189 0.187453 -0.174095 -0.0733601 0.187604 -0.173507 -0.073502 0.187755
-0.172919 -0.0736447 0.187908 -0.172332 -0.0737882 0.188061 -0.171742 -0.0739332 0.188216 -0.168639
-0.0746932 0.189026 -0.165542 -0.0754431 0.189869 -0.162449 -0.076186 0.190734 -0.159357 -0.0769162
0.191608 -0.156228 -0.0776409 0.192503 -0.155981 -0.0776967 0.192575 -0.155734 -0.0777524 0.192646
-0.155487 -0.0778079 0.192717 -0.15524 -0.0778635 0.192789 -0.154987 -0.0779202 0.192862 -0.152116
-0.0785643 0.193694 -0.149245 -0.0791988 0.194535 -0.146374 -0.0798231 0.195385 -0.143504 -0.0804383
0.196241 -0.140631 -0.0810458 0.197105 -0.137506 -0.0816868 0.198013 -0.134397 -0.0823555 0.198954
-0.131295 -0.0830475 0.199904 -0.128193 -0.0837601 0.200839 -0.125006 -0.0845202 0.201795 -0.1241
-0.0847435 0.202059 -0.123195 -0.0849682 0.202327 -0.122291 -0.0851948 0.202597 -0.121388 -0.0854231
0.202869 -0.120569 -0.0856324 0.203117 -0.118329 -0.0862092 0.203798 -0.116096 -0.0867958 0.204495
-0.113871 -0.0873923 0.205209 -0.111656 -0.0880063 0.205937 -0.109368 -0.0886692 0.206701 -0.107133
-0.0893578 0.20744 -0.1049 -0.0899986 0.208229 -0.102673 -0.0906262 0.209042 -0.100452 -0.0912604
0.209867 -0.0976797 -0.0920657 0.210913 -0.0968883 -0.0923007 0.211217 -0.0960982 -0.0925366 0.211524
-0.0953092 -0.0927735 0.211834 -0.0945214 -0.0930112 0.212145 -0.0937229 -0.0932531 0.212464 -0.0905909
-0.0942005 0.213712 -0.0874918 -0.0951593 0.215032 -0.0844134 -0.0961237 0.216395 -0.0813437 -0.0970975
0.217772 -0.0790541 -0.0978365 0.218805 -0.0788551 -0.0979016 0.218896 -0.0786561 -0.0979667 0.218986
-0.0784571 -0.0980318 0.219077 -0.0782582 -0.0980969 0.219167 -0.0780589 -0.0981622 0.219258 -0.0749237
-0.0991909 0.220684 -0.0717944 -0.100205 0.222132 -0.0686682 -0.101216 0.22359 -0.0655577 -0.102209
0.225092 -0.0623816 -0.103275 0.226602 -0.0595891 -0.104297 0.22786 -0.0567948 -0.105272 0.22915
-0.0539981 -0.106264 0.230422 -0.0511869 -0.107266 0.231653 -0.0480458 -0.108395 0.232974 -0.0477965
-0.108486 0.233074 -0.0475472 -0.108576 0.233174 -0.0472978 -0.108667 0.233273 -0.0470484 -0.108757
0.233373 -0.0467996 -0.108848 0.233472 -0.0463203 -0.109021 0.233661 -0.0458412 -0.109195 0.23385
-0.0453617 -0.109369 0.234039 -0.044881 -0.109543 0.234224 -0.0443719 -0.109727 0.234417 -0.0417519
-0.110669 0.235392 -0.0391233 -0.111626 0.236328 -0.0364865 -0.112599 0.237224 -0.0338419 -0.11359
0.238077 -0.0312696 -0.114576 0.23886 -0.0281503 -0.115805 0.239721 -0.0250253 -0.117033 0.240562
-0.0218945 -0.118262 0.241381 -0.0187709 -0.119529 0.242169 -0.015672 -0.120872 0.242885 -0.0138212
-0.121725 0.243279 -0.0119693 -0.122574 0.243677 -0.0101199 -0.123426 0.24408 -0.00827711 -0.124291
0.244486 -0.00650505 -0.125138 0.244881 -0.00519538 -0.125775 0.245177 -0.00388815 -0.126415 0.245477
-0.00258375 -0.127058 0.245782 -0.00128259 -0.127704 0.246093 4.33403e-05 -0.128367 0.246402 0.00298613
-0.129842 0.247051 0.00589741 -0.131324 0.247817 0.00880391 -0.132798 0.248616 0.0117023 -0.134265
0.249456 0.0124869 -0.134661 0.249695 0.0131237 -0.134983 0.249891 0.0137595 -0.135304 0.250091
0.0143944 -0.135624 0.250294 0.0150284 -0.135944 0.250501 0.0156661 -0.136266 0.250713 0.0175315
-0.137223 0.251356 0.019401 -0.138157 0.252022 0.0212649 -0.139081 0.252715 0.0231281 -0.139996
0.253422 0.0252767 -0.141048 0.254256 0.0264844 -0.141636 0.254737 0.0276925 -0.14222 0.255223
0.028901 -0.1428 0.255712 0.0301101 -0.143375 0.256206 0.031315 -0.143946 0.256699 0.0344201
-0.145419 0.257969 0.0375166 -0.146894 0.259257 0.0406048 -0.148369 0.260564 0.0436857 -0.149853
0.26188 0.0468402 -0.151376 0.263233 0.047939 -0.151904 0.263702 0.0490363 -0.152434 0.264173
0.0501324 -0.152964 0.264646 0.0512275 -0.153495 0.26512 0.0522787 -0.154006 0.265578 0.0531987
-0.154454 0.26598 0.0541183 -0.154903 0.266383 0.0550373 -0.155351 0.266787 0.055955 -0.155802
0.267192 0.0568506 -0.156248 0.267589 0.0579679 -0.156811 0.268087 0.059082 -0.15738 0.268586
0.0601931 -0.157954 0.269086 0.061301 -0.158533 0.269586 0.0624369 -0.159131 0.270101 0.0673462
-0.161736 0.272326 0.0722207 -0.164377 0.274585 0.077006 -0.167138 0.276891 0.0816468 -0.170151
0.279176 0.0857817 -0.172989 0.281228 0.087374 -0.174135 0.282024 0.0889577 -0.175292 0.28282
0.0905329 -0.17646 0.283617 0.0920996 -0.177639 0.284415 0.093743 -0.178887 0.285249 0.0959719
-0.180592 0.28637 0.0981684 -0.182336 0.287493 0.100333 -0.184119 0.288619 0.102516 -0.185892
0.289723 0.104429 -0.18741 0.290656 0.108539 -0.190613 0.292606 0.112606 -0.193889 0.294525
0.11663 -0.197237 0.296412 0.120627 -0.200635 0.298264 0.124982 -0.204263 0.300212 0.128568
-0.207152 0.30172 0.132163 -0.210054 0.303182 0.135767 -0.212968 0.304598 0.139435 -0.21584
0.305932 0.143249 -0.218708 0.307199 0.145849 -0.220589 0.307987 0.148451 -0.222473 0.308758
0.151056 -0.224361 0.309514 0.153679 -0.226234 0.310242 0.15625 -0.228047 0.310928 0.157462
-0.228889 0.311239 0.158675 -0.22973 0.311544 0.159892 -0.230568 0.311844 0.161113 -0.231402
0.312138 0.162572 -0.232392 0.312481 0.167559 -0.235747 0.313623 0.172606 -0.239046 0.314661
0.177707 -0.242291 0.315601 0.182856 -0.245485 0.316447 0.187507 -0.2483 0.317128 0.188076
-0.248637 0.317202 0.188645 -0.248973 0.317276 0.189214 -0.249309 0.317349 0.189784 -0.249645
0.317421 0.190359 -0.249983 0.317492 0.202299 -0.256988 0.318964 0.214313 -0.263895 0.320287
0.226428 -0.270664 0.321383 0.238631 -0.277302 0.322275 0.250055 -0.283371 0.322982 0.261355
-0.289177 0.323403 0.272663 -0.29497 0.323817 0.284006 -0.300698 0.324149 0.295395 -0.30634
0.324381 0.307896 -0.3124 0.324547 0.308831 -0.312844 0.324552 0.309765 -0.313287 0.324556
0.3107 -0.313731 0.32456 0.311635 -0.314175 0.324563 0.31257 -0.314619 0.324564 0.325067
-0.320531 0.324563 0.337616 -0.326333 0.324545 0.350218 -0.332018 0.324451 0.362885 -0.337554
0.324263 0.375058 -0.342688 0.324041 0.375515 -0.342872 0.324027 0.375972 -0.343055 0.324013
0.376429 -0.343238 0.323999 0.376886 -0.343421 0.323985 0.377349 -0.343606 0.32397 0.383139
-0.345916 0.323785 0.388939 -0.348199 0.323584 0.394748 -0.350458 0.323366 0.400567 -0.35269
0.323131 0.406301 -0.354856 0.322885 0.41255 -0.35716 0.322591 0.418804 -0.359452 0.322304
0.425064 -0.361727 0.322022 0.431332 -0.36398 0.321745 0.437546 -0.366181 0.321475 0.44251
-0.367913 0.321263 0.447482 -0.36962 0.321033 0.452462 -0.371304 0.320793 0.45745 -0.372962
0.320546 0.463202 -0.374842 0.320252 0.470568 -0.377202 0.319861 0.477946 -0.37952 0.319469
0.485334 -0.381815 0.319106 0.49273 -0.384086 0.318767 0.50003 -0.386295 0.318441 0.512529
-0.390005 0.317843 0.52506 -0.393613 0.317277 0.537622 -0.397107 0.31671 0.550216 -0.400486
0.31614 0.562527 -0.40369 0.315581 0.575024 -0.406846 0.315008 0.587541 -0.409926 0.314465
0.600078 -0.412928 0.313942 0.612635 -0.415851 0.313437 0.625012 -0.418634 0.312975 0.627512
-0.419177 0.312888 0.630012 -0.419716 0.312804 0.632513 -0.420253 0.312722 0.635014 -0.420787
0.312643 0.638309 -0.421487 0.312541 0.648147 -0.423561 0.312251 0.657995 -0.425595 0.31198
0.66785 -0.42759 0.311722 0.677714 -0.429546 0.311478 0.687502 -0.431444 0.31125 0.693864
-0.432648 0.311109 0.700228 -0.433841 0.310978 0.706595 -0.435021 0.310855 0.712964 -0.436188
0.310741 0.720025 -0.437465 0.310624 0.72602 -0.438532 0.310532 0.732018 -0.439585 0.310445
0.738018 -0.440625 0.310362 0.74402 -0.44165 0.310284 0.75 -0.442656 0.310212 0.7625
-0.444729 0.310066 0.775008 -0.446753 0.309938 0.787524 -0.448729 0.309833 0.800048 -0.450656
0.309752 0.8125 -0.45252 0.309695 0.825 -0.454341 0.309658 0.837506 -0.456122 0.309642
0.850017 -0.457868 0.309651 0.862532 -0.459576 0.309683 0.875 -0.461236 0.309727 0.8875
-0.462857 0.309777 0.900005 -0.464442 0.309832 0.912514 -0.465992 0.309892 0.925027 -0.467509
0.309963 0.9375 -0.468985 0.310046 0.95 -0.470431 0.310139 0.962506 -0.471821 0.31023
0.975013 -0.473206 0.310328 0.987522 -0.474571 0.310428 1 -0.475902 0.310527 1.0125
-0.477202 0.310623 1.025 -0.478474 0.310717 1.03751 -0.479717 0.310808 1.05002 -0.480933
0.310896 1.0625 -0.482117 0.310983 1.075 -0.48327 0.311065 1.0875 -0.484392 0.311155
1.10001 -0.4855 0.311244 1.11251 -0.486582 0.311327 1.125 -0.487637 0.311404 1.1375
-0.488666 0.311474 1.15 -0.489677 0.311534 1.1625 -0.490671 0.311582 1.17501 -0.491647
0.311619 1.1875 -0.492605 0.311644 1.2 -0.493547 0.311661 1.2125 -0.494482 0.311661
1.225 -0.495409 0.311639 1.2375 -0.496329 0.311596 1.25 -0.49724 0.311532 1.25763
-0.497792 0.311478 1.26525 -0.498342 0.311414 1.27288 -0.498893 0.311339 1.28051 -0.499445
0.311253 1.28816 -0.499999 0.311154 1.29303 -0.500353 0.311083 1.2979 -0.500706 0.311008
1.30276 -0.50106 0.310928 1.30763 -0.501414 0.310844 1.3125 -0.501768 0.310755 1.325
-0.502678 0.310514 1.3375 -0.503593 0.310236 1.35 -0.504515 0.309918 1.36249 -0.505446
0.309561 1.375 -0.506387 0.309165 1.3875 -0.507338 0.308721 1.4 -0.508295 0.308241
1.41249 -0.509264 0.307716 1.42499 -0.510247 0.307145 1.4375 -0.511244 0.306529 1.45
-0.512257 0.305862 1.4625 -0.513273 0.305147 1.47499 -0.514306 0.304382 1.48748 -0.515357
0.303567 1.5 -0.516428 0.302701 1.5125 -0.517524 0.301763 1.525 -0.518623 0.300794
1.53749 -0.519744 0.299775 1.54997 -0.520888 0.298705 1.5625 -0.522057 0.297578 1.575
-0.523259 0.296401 1.58749 -0.524466 0.295172 1.59998 -0.525691 0.293891 1.61246 -0.526945
0.292562 1.625 -0.528238 0.291164 1.6375 -0.529565 0.2897 1.64999 -0.53091 0.288203
1.66248 -0.532274 0.286675 1.67496 -0.533671 0.285102 1.6875 -0.535124 0.283484 1.7
-0.536622 0.281834 1.71249 -0.538144 0.280134 1.72497 -0.539693 0.278385 1.73744 -0.541278
0.276599 1.75 -0.542925 0.274751 1.7625 -0.544617 0.272861 1.77499 -0.546352 0.270951
1.78747 -0.54813 0.269013 1.79994 -0.549953 0.267042 1.8125 -0.551836 0.265024 1.825
-0.553777 0.262987 1.83749 -0.555768 0.260915 1.84996 -0.557811 0.258814 1.86242 -0.559906
0.256685 1.875 -0.562076 0.254504 1.87548 -0.562161 0.25442 1.87596 -0.562246 0.254336
1.87644 -0.562331 0.254252 1.87692 -0.562416 0.254167 1.87739 -0.5625 0.254084 1.88202
-0.563324 0.253267 1.88665 -0.564157 0.252447 1.89128 -0.564997 0.251622 1.89591 -0.565847
0.250795 1.90033 -0.566667 0.25 1.90776 -0.56806 0.248658 1.91519 -0.569474 0.247308
1.92262 -0.570909 0.24595 1.93003 -0.572364 0.244584 1.9375 -0.57385 0.2432 1.95
-0.576375 0.240876 1.96249 -0.578949 0.238534 1.97496 -0.581583 0.236174 1.98741 -0.584277
0.233794 2 -0.587062 0.231369 2.0125 -0.589882 0.228944 2.02498 -0.592759 0.226507
2.03745 -0.595695 0.224058 2.04991 -0.598684 0.221604 2.0625 -0.601765 0.219124 2.075
-0.604884 0.216665 2.08749 -0.608047 0.214194 2.09996 -0.611257 0.211726 2.11243 -0.61451
0.209267 2.125 -0.617833 0.206793 2.13036 -0.619267 0.205744 2.13571 -0.62071 0.204695
2.14107 -0.62216 0.20365 2.14642 -0.623616 0.202609 2.15148 -0.625 0.201626 2.15869
-0.626976 0.200233 2.16589 -0.628965 0.198844 2.17309 -0.630966 0.197459 2.18028 -0.63298
0.196077 2.1875 -0.635014 0.194695 2.19508 -0.637161 0.193256 2.20266 -0.639323 0.191824
2.21023 -0.641497 0.190403 2.21781 -0.643684 0.188994 2.2259 -0.646034 0.1875 2.23072
-0.647442 0.186618 2.23554 -0.648855 0.18574 2.24036 -0.650274 0.184866 2.24518 -0.651697
0.183996 2.25 -0.653127 0.183129 2.2625 -0.656843 0.180897 2.275 -0.660589 0.178698
2.28749 -0.664365 0.17654 2.29999 -0.668166 0.17442 2.3125 -0.672 0.172335 2.32253
-0.6751 0.170708 2.33257 -0.678208 0.169096 2.3426 -0.681334 0.167518 2.35263 -0.684477
0.16598 2.36222 -0.6875 0.164546 2.36478 -0.688309 0.164171 2.36733 -0.689118 0.163798
2.36989 -0.689928 0.163425 2.37244 -0.690739 0.163054 2.375 -0.691552 0.162684 2.3875
-0.695527 0.160885 2.4 -0.699526 0.159123 2.41249 -0.703546 0.1574 2.42499 -0.707594
0.155725 2.4375 -0.711653 0.154099 2.45 -0.715685 0.152525 2.46249 -0.719757 0.150997
2.47498 -0.723874 0.149515 2.48746 -0.728014 0.148071 2.5 -0.732193 0.14667 2.51065
-0.735755 0.145524 2.5213 -0.73933 0.144407 2.53195 -0.742913 0.143328 2.5426 -0.746496
0.142278 2.55303 -0.75 0.14128 2.56742 -0.754838 0.139942 2.58181 -0.759693 0.138628
2.59619 -0.764581 0.137331 2.61057 -0.769502 0.136062 2.625 -0.774485 0.134827 2.64937
-0.782909 0.132862 2.67372 -0.791393 0.130974 2.69807 -0.799919 0.129183 2.7224 -0.808508
0.127507 2.75 -0.818343 0.125717 2.75233 -0.819185 0.125574 2.75466 -0.820027 0.125431
2.75699 -0.820871 0.125289 2.75933 -0.821716 0.125147 2.76176 -0.822599 0.125 2.78441
-0.830826 0.123639 2.80703 -0.839126 0.122317 2.82966 -0.847433 0.121038 2.85229 -0.855719
0.119819 2.875 -0.864008 0.118656 2.88162 -0.866206 0.118357 2.88818 -0.8686 0.118041
2.89474 -0.870976 0.11773 2.90133 -0.873268 0.117432 2.90652 -0.875 0.117209 2.92521
-0.881066 0.11643 2.94375 -0.887611 0.115643 2.96219 -0.894403 0.114874 2.98063 -0.90121
0.114148 3 -0.908371 0.11343 3.025 -0.916061 0.112689 3.04953 -0.925138 0.111886
3.07406 -0.934202 0.111137 3.0986 -0.943274 0.110441 3.125 -0.953048 0.109749 3.15
-0.960366 0.109228 3.17442 -0.969438 0.108699 3.19884 -0.978507 0.108211 3.22326 -0.987566
0.107771 3.25 -0.996756 0.107354 3.25232 -0.997405 0.107324 3.25462 -0.998076 0.107295
3.25693 -0.998744 0.107265 3.25925 -0.999404 0.107237 3.26136 -1 0.107211 3.30909
-1.01332 0.106632 3.35686 -1.02649 0.106185 3.40466 -1.03956 0.105865 3.45245 -1.05266
0.105544 3.5 -1.06563 0.105308 3.55 -1.07728 0.105305 3.59963 -1.09041 0.105353
3.64921 -1.10371 0.105491 3.69878 -1.1171 0.105647 3.75 -1.12908 0.105856 3.8
-1.1376 0.106106 3.84964 -1.14801 0.106509 3.89882 -1.16039 0.10708 3.94826 -1.17171
0.107621 4 -1.18111 0.108085 4.05 -1.18763 0.10842 4.09974 -1.19587 0.108981
4.1495 -1.20401 0.109556 4.19936 -1.21154 0.110092 4.25 -1.21856 0.110623 4.3
-1.22271 0.110864 4.3498 -1.22877 0.111409 4.39966 -1.23437 0.111946 4.44955 -1.23961
0.112457 4.5 -1.24457 0.112944 4.51219 -1.24566 0.113052 4.52438 -1.24677 0.113164
4.53657 -1.24787 0.113275 4.54876 -1.24895 0.113383 4.56079 -1.25 0.113488 4.59863
-1.25326 0.113811 4.63646 -1.25667 0.114162 4.67427 -1.26024 0.114543 4.71207 -1.26395
0.114973 4.75 -1.26784 0.115457 4.8 -1.27207 0.116065 4.84986 -1.27773 0.116846
4.89966 -1.28379 0.117733 4.94941 -1.29029 0.118711 5 -1.29744 0.119797 5.05
-1.30188 0.120405 5.09956 -1.30981 0.121687 5.14896 -1.31858 0.123131 5.19821 -1.32819
0.124744 5.25 -1.33681 0.126337 5.3 -1.34126 0.127438 5.34948 -1.34964 0.129121
5.39783 -1.36293 0.131553 5.44605 -1.37673 0.134077 5.5 -1.38694 0.135907 5.55
-1.39226 0.136819 5.59937 -1.40164 0.138602 5.64749 -1.41597 0.141478 5.69601 -1.42895
0.144166 5.75 -1.43995 0.146645 5.8 -1.44539 0.148212 5.84921 -1.45566 0.150499
5.89851 -1.46547 0.152737 5.94796 -1.4745 0.154866 6 -1.48326 0.157 6.02666
-1.48661 0.157868 6.05322 -1.49064 0.158887 6.07981 -1.49451 0.159882 6.10641 -1.49824
0.160855 6.11947 -1.5 0.161322 6.14558 -1.50345 0.162245 6.17166 -1.50708 0.163201
6.19771 -1.51087 0.164195 6.22375 -1.51482 0.165229 6.25 -1.51899 0.166316 6.3
-1.52595 0.168148 6.34964 -1.53502 0.170454 6.39909 -1.54502 0.172953 6.4483 -1.55612
0.175654 6.5 -1.56868 0.17868 6.55 -1.57594 0.180892 6.59897 -1.58819 0.18389
6.64742 -1.60232 0.187221 6.69592 -1.61625 0.190576 6.75 -1.63092 0.194257 6.8
-1.63933 0.196632 6.84886 -1.65264 0.200094 6.89767 -1.66611 0.203696 6.94652 -1.6794
0.207366 7 -1.69371 0.211434 7.05 -1.70242 0.214633 7.09906 -1.71525 0.218418
7.14816 -1.72791 0.22228 7.19746 -1.73979 0.226088 7.24401 -1.75 0.22956 7.24521
-1.75024 0.229646 7.24641 -1.75048 0.229733 7.24761 -1.75073 0.22982 7.2488 -1.75097
0.229907 7.25 -1.75121 0.229995 7.3 -1.76133 0.233625 7.34971 -1.77267 0.237552
7.39934 -1.78435 0.241587 7.44899 -1.79592 0.24563 7.5 -1.80769 0.249788 7.50051
-1.8078 0.249831 7.50103 -1.80792 0.249873 7.50154 -1.80803 0.249915 7.50205 -1.80815
0.249958 7.50256 -1.80827 0.25 7.55205 -1.81948 0.254092 7.60153 -1.83068 0.258271
7.65103 -1.84181 0.262516 7.70054 -1.85284 0.266809 7.75 -1.86374 0.271144 7.8
-1.87457 0.275437 7.85001 -1.88522 0.280003 7.90006 -1.8957 0.284643 7.95016 -1.90584
0.289349 8 -1.91553 0.294086 8.08724 -1.93243 0.301705 8.17482 -1.94759 0.308976
8.26344 -1.9559 0.314632 8.35219 -1.96296 0.319872 8.5 -1.97431 0.328275 8.6
-1.97938 0.333405 8.69987 -1.98643 0.338777 8.79976 -1.99306 0.34411 8.89968 -1.99952
0.349255 8.90736 -2 0.349635 8.92589 -2.00117 0.350551 8.94441 -2.00235 0.351466
8.96294 -2.00356 0.352381 8.98146 -2.00479 0.353295 9 -2.00604 0.354209 9.2
-2.01924 0.363829 9.39991 -2.03421 0.372794 9.59972 -2.05063 0.381211 9.79953 -2.06689
0.389998 10 -2.08195 0.398636 10.2 -2.09874 0.406261 10.4001 -2.11303 0.415064
10.6005 -2.12486 0.423175 10.8011 -2.13259 0.429848 11 -2.13646 0.435042 11.2
-2.13779 0.436594 11.3999 -2.14092 0.44115 11.5999 -2.14416 0.445644 11.7998 -2.14747
0.450197 12 -2.15085 0.45485 12.2 -2.15237 0.456142 12.3999 -2.15622 0.460592
12.5998 -2.16018 0.465004 12.7998 -2.16422 0.469474 13 -2.16836 0.474053 13.2
-2.17002 0.47509 13.3999 -2.17453 0.479416 13.5998 -2.17917 0.483708 13.7997 -2.18393
0.48805 14 -2.18879 0.492508 14.2 -2.19059 0.493263 14.3999 -2.19626 0.497387
14.5998 -2.2021 0.501555 14.7996 -2.20894 0.505839 15 -2.21747 0.510217 -1.001
1e-07 0.264258 -1.001 8e-08 0.264258 -1.001 6e-08 0.264258 -1.001 4e-08
0.264258 -1.00099 1.99998e-08 0.264258 -1.00099 2.22526e-13 0.264258 -1.00079 -2.40181e-06 0.264256
-1.0006 -4.80442e-06 0.264253 -1.0004 -7.20785e-06 0.264251 -1.0002 -9.61208e-06 0.264249 -1
-1.20171e-05 0.264247 -0.9875 -0.000163637 0.26411 -0.975 -0.000319002 0.263959 -0.962501 -0.000477541
0.263793 -0.950001 -0.000639178 0.263613 -0.9375 -0.00080395 0.263419 -0.925 -0.000971542 0.26321
-0.9125 -0.00114191 0.262983 -0.900001 -0.0013149 0.262739 -0.887502 -0.0014905 0.262478 -0.875
-0.00166878 0.262198 -0.8625 -0.00185084 0.261899 -0.850001 -0.0020361 0.261573 -0.837502 -0.00222293
0.261228 -0.825004 -0.00241132 0.260863 -0.8125 -0.00260136 0.260477 -0.8 -0.00279298 0.260072
-0.787501 -0.00298473 0.259642 -0.775003 -0.00317578 0.259187 -0.762505 -0.00336612 0.258708 -0.75
-0.00355586 0.258204 -0.7375 -0.00374516 0.257672 -0.725002 -0.00393185 0.257102 -0.712505 -0.00411348
0.256502 -0.700009 -0.00429 0.25587 -0.6875 -0.00446157 0.255206 -0.675 -0.00462971 0.254509
-0.662502 -0.00479053 0.253771 -0.650006 -0.00494427 0.252998 -0.637513 -0.0050909 0.252189 -0.625
-0.00523061 0.251342 -0.621183 -0.00527243 0.251074 -0.617367 -0.00531471 0.250802 -0.61355 -0.0053573
0.250528 -0.609734 -0.00539978 0.250251 -0.606304 -0.00543788 0.25 -0.597542 -0.00553494 0.249353
-0.588782 -0.0056306 0.248693 -0.580023 -0.00572482 0.248018 -0.571265 -0.00581757 0.24733 -0.562498
-0.00590894 0.246626 -0.549997 -0.00604043 0.245607 -0.537497 -0.00617227 0.244565 -0.524999 -0.00631008
0.243507 -0.512503 -0.00645417 0.242433 -0.499992 -0.00660598 0.241344 -0.487487 -0.00677129 0.240242
-0.474986 -0.00694576 0.239103 -0.462486 -0.00716384 0.237968 -0.449986 -0.0074266 0.23684 -0.43747
-0.00773543 0.235717 -0.431212 -0.00793362 0.235157 -0.424955 -0.00815207 0.234595 -0.418699 -0.00839145
0.234035 -0.412442 -0.00865712 0.233485 -0.406181 -0.00895921 0.232953 -0.399912 -0.0093061 0.232444
-0.393645 -0.00970707 0.231947 -0.387381 -0.0101631 0.23147 -0.381119 -0.0106654 0.231005 -0.374836
-0.0112293 0.230562 -0.368567 -0.0118615 0.230154 -0.362309 -0.0126039 0.229764 -0.356064 -0.0134613
0.229398 -0.349837 -0.0144531 0.229068 -0.34349 -0.0157536 0.228824 -0.340354 -0.0165663 0.228764
-0.337234 -0.0174392 0.228722 -0.334132 -0.0183729 0.228699 -0.331048 -0.0193688 0.228698 -0.327807
-0.0204915 0.22872 -0.324662 -0.0216769 0.228773 -0.321567 -0.0229842 0.22887 -0.318526 -0.0244087
0.229009 -0.315537 -0.0259363 0.229183 -0.312058 -0.0278452 0.229421 -0.311011 -0.0284631 0.229503
-0.309976 -0.0290979 0.229591 -0.308951 -0.0297492 0.229683 -0.307938 -0.0304183 0.229781 -0.307182
-0.0309363 0.229858 -0.304978 -0.0324875 0.230094 -0.30281 -0.0340856 0.230352 -0.300676 -0.0357262
0.230631 -0.298579 -0.0374092 0.230928 -0.296137 -0.0394104 0.231304 -0.294578 -0.0407237 0.231564
-0.293032 -0.04205 0.231841 -0.2915 -0.0433882 0.232135 -0.289971 -0.044727 0.232442 -0.288533
-0.0459776 0.23274 -0.286859 -0.0474242 0.233098 -0.285185 -0.0488662 0.233472 -0.283518 -0.0503146
0.233857 -0.281853 -0.0517617 0.234252 -0.280524 -0.0528977 0.234574 -0.280451 -0.0529594 0.234592
-0.280378 -0.053021 0.23461 -0.280305 -0.0530826 0.234628 -0.280232 -0.0531441 0.234646 -0.280159
-0.0532054 0.234664 -0.278309 -0.0547597 0.235121 -0.276433 -0.0562776 0.235592 -0.274532 -0.05776
0.236077 -0.272608 -0.0592081 0.236577 -0.270207 -0.060952 0.237212 -0.269146 -0.0616768 0.237501
-0.268081 -0.0623945 0.237793 -0.267012 -0.0631049 0.238089 -0.265937 -0.0638048 0.238387 -0.264901
-0.0644721 0.238678 -0.261744 -0.0664835 0.239574 -0.258524 -0.0683799 0.2405 -0.255246 -0.0701571
0.241454 -0.251939 -0.0718642 0.242435 -0.248938 -0.0733488 0.243331 -0.247505 -0.0740234 0.243755
-0.24607 -0.0746903 0.244185 -0.244632 -0.075351 0.244618 -0.243193 -0.0760054 0.245053 -0.241571
-0.0767346 0.245546 -0.240137 -0.0773708 0.245983 -0.238699 -0.0779992 0.246423 -0.23726 -0.0786197
0.246866 -0.235817 -0.0792316 0.247312 -0.234399 -0.0798244 0.247753 -0.23297 -0.0804176 0.248196
-0.23154 -0.081004 0.248645 -0.230111 -0.081589 0.249098 -0.228682 -0.0821736 0.249552 -0.22737
-0.0827097 0.249972 -0.225672 -0.0834031 0.250516 -0.223972 -0.0840895 0.251066 -0.222272 -0.0847689
0.251621 -0.22057 -0.0854409 0.252181 -0.218879 -0.0861026 0.252742 -0.215724 -0.0873372 0.253788
-0.212568 -0.0885466 0.254861 -0.209413 -0.0897353 0.255959 -0.206258 -0.0909126 0.257068 -0.203101
-0.0920781 0.25819 -0.20222 -0.0924005 0.258504 -0.201339 -0.0927217 0.258821 -0.200458 -0.0930421
0.259138 -0.199577 -0.0933619 0.259457 -0.198671 -0.0936905 0.259786 -0.196423 -0.0945039 0.260604
-0.194176 -0.0953197 0.261424 -0.191932 -0.0961386 0.262246 -0.189689 -0.0969609 0.26307 -0.18743
-0.0977894 0.263902 -0.181192 -0.100078 0.266197 -0.174984 -0.102425 0.268517 -0.168796 -0.104818
0.270838 -0.162634 -0.107328 0.273109 -0.156239 -0.110019 0.275499 -0.153199 -0.111323 0.276647
-0.150167 -0.112644 0.2778 -0.147139 -0.113974 0.278951 -0.144107 -0.115306 0.28009 -0.141043
-0.116654 0.281239 -0.140958 -0.116691 0.28127 -0.140873 -0.116729 0.281302 -0.140787 -0.116766
0.281334 -0.140702 -0.116804 0.281366 -0.140617 -0.116841 0.281398 -0.137493 -0.118218 0.282571
-0.134372 -0.119601 0.283742 -0.131254 -0.120993 0.284912 -0.128138 -0.122393 0.28608 -0.124998
-0.12381 0.287257 -0.124881 -0.123863 0.287301 -0.124763 -0.123916 0.287344 -0.124646 -0.123969
0.287388 -0.124529 -0.124022 0.287432 -0.124411 -0.124075 0.287476 -0.118279 -0.126846 0.289777
-0.112164 -0.12962 0.292116 -0.106064 -0.132405 0.294485 -0.0999975 -0.135241 0.296876 -0.0937514
-0.138261 0.299411 -0.0875128 -0.141356 0.302016 -0.0813152 -0.144492 0.304671 -0.0751819 -0.147708
0.307378 -0.0691136 -0.150994 0.310147 -0.064256 -0.153695 0.312438 -0.0638927 -0.153902 0.312613
-0.0635296 -0.154108 0.312789 -0.0631665 -0.154315 0.312966 -0.0628035 -0.154521 0.313142 -0.0624397
-0.154729 0.31332 -0.0619844 -0.15499 0.313544 -0.0615294 -0.155251 0.313767 -0.0610747 -0.155512
0.313991 -0.0606202 -0.155774 0.314216 -0.0601698 -0.156033 0.314438 -0.054345 -0.159389 0.31732
-0.0485711 -0.162794 0.320247 -0.0428493 -0.166248 0.323219 -0.0371646 -0.169768 0.326185 -0.0310502
-0.173558 0.329396 -0.0266949 -0.176264 0.331645 -0.0223517 -0.179013 0.333866 -0.0180229 -0.181803
0.336063 -0.013701 -0.184606 0.338256 -0.00988921 -0.187094 0.340205 -0.00851253 -0.187993 0.340904
-0.00713257 -0.188892 0.341597 -0.00574938 -0.18979 0.342284 -0.00435964 -0.190688 0.342957 -0.00282374
-0.191682 0.343697 -0.00222145 -0.192072 0.343986 -0.00161898 -0.192463 0.344274 -0.00101633 -0.192853
0.344561 -0.000413492 -0.193244 0.344848 0.000187666 -0.193632 0.345133 0.00641437 -0.197649 0.348064
0.0126965 -0.201637 0.350917 0.0190365 -0.205602 0.353671 0.0254323 -0.209527 0.356354 0.0313217
-0.213091 0.358638 0.0331307 -0.214174 0.359277 0.0349444 -0.215252 0.35991 0.0367625 -0.216326
0.360538 0.0385844 -0.2174 0.361154 0.0404625 -0.218505 0.361777 0.0448728 -0.221096 0.36321
0.0493076 -0.223674 0.364589 0.0537784 -0.226226 0.365898 0.0582831 -0.228754 0.367136 0.062514
-0.231112 0.368235 0.0680053 -0.234159 0.369587 0.0735309 -0.23718 0.370857 0.0790912 -0.240178
0.372026 0.0846824 -0.24315 0.37311 0.0937488 -0.247901 0.374728 0.0940939 -0.248078 0.374781
0.0944391 -0.248255 0.374835 0.0947843 -0.248432 0.374887 0.0951297 -0.248608 0.37494 0.0954921
-0.248794 0.374995 0.0959362 -0.24902 0.375062 0.0963805 -0.249247 0.375128 0.0968249 -0.249474
0.375194 0.0972694 -0.2497 0.375259 0.0977167 -0.249928 0.375325 0.103173 -0.252703 0.376119
0.108643 -0.255464 0.376871 0.114126 -0.258211 0.377579 0.119623 -0.260942 0.378244 0.125
-0.263594 0.378852 0.137509 -0.269667 0.380079 0.15008 -0.275644 0.381137 0.16272 -0.28151
0.38196 0.175393 -0.287314 0.382712 0.187543 -0.292813 0.383356 0.1964 -0.296733 0.383661
0.205264 -0.300633 0.383996 0.214145 -0.3045 0.384283 0.223045 -0.308327 0.384522 0.232687
-0.312412 0.384718 0.236164 -0.313863 0.384764 0.239643 -0.315308 0.384804 0.243124 -0.316749
0.384838 0.246608 -0.318184 0.384865 0.250072 -0.3196 0.384875 0.262572 -0.32465 0.384824
0.2751 -0.32963 0.384774 0.287674 -0.334488 0.384538 0.30026 -0.339312 0.384259 0.312573
-0.343862 0.383906 0.318822 -0.346082 0.383651 0.325081 -0.348272 0.38337 0.331348 -0.350433
0.383064 0.337625 -0.352565 0.382731 0.34382 -0.354637 0.382376 0.350068 -0.356692 0.381987
0.35632 -0.358736 0.381597 0.362577 -0.360764 0.381202 0.368839 -0.362775 0.3808 0.375063
-0.364758 0.380391 0.38131 -0.366729 0.379974 0.387567 -0.368666 0.379528 0.393831 -0.370571
0.379058 0.400103 -0.372443 0.378559 0.406301 -0.374258 0.378042 0.406691 -0.37437 0.378008
0.407081 -0.374482 0.377975 0.40747 -0.374594 0.377941 0.40786 -0.374706 0.377907 0.408254
-0.374819 0.377873 0.414112 -0.376497 0.377364 0.419977 -0.378155 0.376867 0.425849 -0.379801
0.376407 0.431726 -0.381423 0.375934 0.437546 -0.383003 0.375451 0.438413 -0.383234 0.375377
0.43928 -0.383465 0.375304 0.440148 -0.383696 0.37523 0.441015 -0.383926 0.375156 0.441892
-0.384158 0.375081 0.453522 -0.387228 0.374092 0.465176 -0.390209 0.373108 0.476853 -0.393101
0.37213 0.488551 -0.395904 0.371156 0.500044 -0.398577 0.370196 0.512542 -0.401395 0.369121
0.525061 -0.404133 0.368087 0.537599 -0.406791 0.367071 0.550158 -0.409362 0.366087 0.562536
-0.411797 0.365158 0.575032 -0.414134 0.364183 0.587545 -0.416421 0.363303 0.600076 -0.418627
0.362478 0.612621 -0.420762 0.361672 0.625018 -0.422795 0.360894 0.637515 -0.424749 0.360118
0.650025 -0.426642 0.359396 0.662544 -0.428476 0.358704 0.675075 -0.430249 0.35804 0.687503
-0.431941 0.357406 0.69596 -0.433043 0.356986 0.704422 -0.434123 0.356586 0.712886 -0.435178
0.356196 0.721355 -0.436209 0.355821 0.731787 -0.437451 0.355376 0.73543 -0.437872 0.355229
0.739073 -0.438289 0.355084 0.742716 -0.438701 0.354941 0.74636 -0.439109 0.354801 0.749999
-0.43951 0.354664 0.762499 -0.44088 0.354197 0.775005 -0.442203 0.353761 0.787516 -0.443487
0.353356 0.800032 -0.44473 0.352982 0.812499 -0.445915 0.352636 0.824999 -0.447066 0.352307
0.837504 -0.448167 0.351999 0.850013 -0.44923 0.351716 0.862526 -0.450266 0.351464 0.875
-0.451273 0.351242 0.8875 -0.452276 0.351021 0.900005 -0.453226 0.350831 0.912512 -0.454146
0.350664 0.925022 -0.455043 0.350521 0.937501 -0.455885 0.350381 0.95 -0.456698 0.350234
0.962502 -0.457493 0.350114 0.975005 -0.458265 0.350016 0.987508 -0.459029 0.349929 1
-0.459765 0.349826 1.0125 -0.46049 0.349701 1.025 -0.461178 0.349608 1.0375 -0.461851
0.349547 1.05001 -0.462505 0.349496 1.0625 -0.463147 0.349444 1.075 -0.463778 0.34939
1.0875 -0.464367 0.349347 1.1 -0.464913 0.349315 1.11251 -0.465437 0.349289 1.125
-0.465946 0.349227 1.1375 -0.466456 0.34913 1.15 -0.466921 0.349067 1.1625 -0.46735
0.349038 1.17501 -0.467772 0.349008 1.1875 -0.468205 0.348964 1.2 -0.468648 0.348906
1.2125 -0.469065 0.348835 1.225 -0.469453 0.348754 1.2375 -0.469847 0.34865 1.25
-0.470271 0.348483 1.2625 -0.470724 0.348254 1.275 -0.471159 0.348037 1.2875 -0.471575
0.34783 1.3 -0.472002 0.347599 1.3125 -0.472462 0.347334 1.325 -0.472957 0.347037
1.3375 -0.473442 0.346703 1.35 -0.473916 0.346332 1.3625 -0.474404 0.345918 1.375
-0.47493 0.345421 1.3875 -0.475493 0.344841 1.4 -0.476051 0.344265 1.4125 -0.476604
0.343689 1.425 -0.477171 0.343066 1.4375 -0.477776 0.342401 1.45 -0.478424 0.341695
1.4625 -0.479068 0.340937 1.47499 -0.479718 0.340127 1.48748 -0.480384 0.339268 1.5
-0.481082 0.338333 1.5125 -0.481821 0.337311 1.525 -0.482566 0.336286 1.5375 -0.483324
0.335233 1.54999 -0.484101 0.33413 1.5625 -0.48491 0.332977 1.575 -0.485761 0.331781
1.58749 -0.486625 0.330533 1.59998 -0.487515 0.329238 1.61246 -0.488431 0.327895 1.625
-0.489377 0.326497 1.6375 -0.490366 0.325022 1.65 -0.49138 0.323537 1.66249 -0.492429
0.322007 1.67497 -0.493511 0.320433 1.6875 -0.494634 0.318805 1.69695 -0.495513 0.317544
1.70639 -0.496416 0.31626 1.71582 -0.497343 0.314951 1.72526 -0.498295 0.313619 1.73302
-0.4991 0.3125 1.73472 -0.49928 0.312252 1.73642 -0.499461 0.312003 1.73811 -0.499642
0.311753 1.73981 -0.499824 0.311503 1.74144 -0.5 0.311262 1.74315 -0.500185 0.311008
1.74486 -0.500371 0.310753 1.74658 -0.500558 0.310497 1.74829 -0.500746 0.310241 1.75
-0.500934 0.309984 1.7625 -0.502318 0.308101 1.77499 -0.503752 0.306183 1.78747 -0.505238
0.304228 1.79993 -0.506775 0.302238 1.8125 -0.50838 0.300193 1.825 -0.510033 0.298126
1.83749 -0.511732 0.296022 1.84996 -0.51349 0.293882 1.86242 -0.515308 0.291708 1.875
-0.517205 0.289473 1.8875 -0.519149 0.287204 1.89999 -0.521155 0.284916 1.91246 -0.523224
0.282604 1.92491 -0.525354 0.280257 1.9375 -0.527575 0.277857 1.95 -0.529849 0.275448
1.96248 -0.532188 0.273005 1.97494 -0.534591 0.27053 1.98739 -0.53705 0.26803 2
-0.539598 0.265471 2.0125 -0.542178 0.262904 2.02498 -0.544836 0.260325 2.03745 -0.547547
0.257736 2.0499 -0.550309 0.255136 2.0625 -0.553158 0.252493 2.06486 -0.553702 0.251994
2.06722 -0.554248 0.251495 2.06958 -0.554796 0.250996 2.07194 -0.555346 0.250496 2.07429
-0.555894 0.25 2.07993 -0.557215 0.248807 2.08557 -0.558546 0.247614 2.0912 -0.559886
0.246422 2.09683 -0.561235 0.245231 2.10207 -0.5625 0.244123 2.10666 -0.563613 0.243155
2.11124 -0.564733 0.242187 2.11582 -0.56586 0.241219 2.12041 -0.566993 0.240251 2.125
-0.568137 0.23928 2.1375 -0.57126 0.236642 2.14999 -0.574429 0.234012 2.16247 -0.57764
0.231397 2.17495 -0.580894 0.228796 2.1875 -0.58421 0.226198 2.2 -0.587554 0.223645
2.21249 -0.590927 0.221102 2.22498 -0.594331 0.218569 2.23747 -0.597761 0.216065 2.25
-0.601226 0.213603 2.2625 -0.604705 0.211198 2.27499 -0.608231 0.208823 2.28748 -0.611792
0.206486 2.29997 -0.615376 0.20419 2.3125 -0.618994 0.201936 2.31663 -0.620195 0.201215
2.32075 -0.621399 0.200497 2.32488 -0.622605 0.199786 2.329 -0.623814 0.199083 2.33304
-0.625 0.198401 2.34143 -0.627468 0.196994 2.34983 -0.629946 0.195605 2.35822 -0.632434
0.194233 2.36661 -0.634932 0.19288 2.375 -0.637443 0.19155 2.38022 -0.639015 0.19074
2.38545 -0.64059 0.189939 2.39067 -0.64217 0.189147 2.39589 -0.643755 0.188365 2.40175
-0.645539 0.1875 2.4089 -0.647725 0.186458 2.41605 -0.649921 0.185435 2.4232 -0.652124
0.184429 2.43035 -0.654333 0.18344 2.4375 -0.656546 0.182468 2.45 -0.66043 0.180805
2.4625 -0.664332 0.179186 2.475 -0.668253 0.177622 2.4875 -0.672194 0.176113 2.5
-0.676157 0.17466 2.50714 -0.678425 0.173863 2.51428 -0.680709 0.173082 2.52142 -0.682999
0.172315 2.52855 -0.685295 0.171566 2.53539 -0.6875 0.170867 2.54081 -0.689253 0.170326
2.54623 -0.691012 0.169796 2.55165 -0.692775 0.169275 2.55707 -0.694544 0.168766 2.5625
-0.696318 0.168265 2.575 -0.700396 0.167131 2.58749 -0.704516 0.166049 2.59998 -0.708662
0.165016 2.61246 -0.712835 0.164031 2.625 -0.717044 0.163074 2.6375 -0.721251 0.162148
2.64999 -0.725486 0.161271 2.66248 -0.729746 0.160443 2.67497 -0.734011 0.159656 2.6875
-0.738285 0.158894 2.69438 -0.740628 0.158487 2.70126 -0.742986 0.158097 2.70814 -0.74535
0.157716 2.71502 -0.747717 0.157337 2.72164 -0.75 0.156976 2.72731 -0.751957 0.15667
2.73298 -0.753916 0.156365 2.73865 -0.755879 0.156061 2.74432 -0.757846 0.155758 2.75
-0.75982 0.15546 2.775 -0.768539 0.154208 2.80001 -0.777219 0.152978 2.82502 -0.785945
0.151798 2.84998 -0.794771 0.150652 2.875 -0.803659 0.149548 2.9 -0.812631 0.148564
2.92503 -0.821522 0.147647 2.95004 -0.830483 0.146734 2.97505 -0.839428 0.145876 3
-0.848324 0.145087 3.01496 -0.853659 0.144598 3.02994 -0.858961 0.14416 3.04492 -0.864248
0.143738 3.0599 -0.869532 0.143316 3.07542 -0.875 0.142878 3.08533 -0.878491 0.142599
3.09525 -0.88199 0.142326 3.10516 -0.885497 0.142058 3.11507 -0.889013 0.141796 3.125
-0.892538 0.141543 3.15 -0.901364 0.14095 3.175 -0.91019 0.140394 3.2 -0.919023
0.13987 3.225 -0.927862 0.139377 3.25 -0.936697 0.138932 3.275 -0.945519 0.138547
3.30002 -0.954273 0.138195 3.32506 -0.963001 0.137879 3.3501 -0.971703 0.137596 3.375
-0.980328 0.137347 3.38642 -0.984262 0.137236 3.39784 -0.98818 0.137144 3.40926 -0.992094
0.137057 3.42069 -0.996012 0.136972 3.4323 -1 0.136888 3.44584 -1.00466 0.136791
3.45938 -1.00932 0.136701 3.47291 -1.01398 0.136617 3.48645 -1.01865 0.136539 3.5
-1.02333 0.136483 3.55 -1.04044 0.136502 3.59997 -1.05763 0.136419 3.64995 -1.0748
0.136432 3.69996 -1.09191 0.136522 3.75 -1.10769 0.136847 3.8 -1.11944 0.137209
3.84947 -1.13326 0.137745 3.89828 -1.14921 0.138469 3.94737 -1.16431 0.139211 4
-1.17665 0.139842 4.05 -1.18526 0.140303 4.09964 -1.19573 0.14101 4.14932 -1.206
0.14173 4.19918 -1.21536 0.142412 4.25 -1.22403 0.143079 4.29507 -1.22922 0.143428
4.33994 -1.23587 0.144013 4.38488 -1.24204 0.144583 4.42988 -1.24776 0.145141 4.4486
-1.25 0.145362 4.45888 -1.2512 0.145481 4.46916 -1.25241 0.145603 4.47944 -1.25364
0.145727 4.48971 -1.25489 0.145855 4.5 -1.25616 0.145986 4.55 -1.26201 0.146567
4.5999 -1.26868 0.147295 4.64972 -1.27583 0.148112 4.69947 -1.28349 0.14906 4.75
-1.29186 0.150174 4.8 -1.29762 0.151128 4.84942 -1.30711 0.152477 4.89866 -1.31748
0.154017 4.94766 -1.32886 0.155775 5 -1.33963 0.157412 5.05 -1.34587 0.158265
5.09933 -1.35607 0.1599 5.14761 -1.37027 0.162389 5.19593 -1.38434 0.164987 5.25
-1.39613 0.167471 5.3 -1.40236 0.169194 5.3492 -1.4131 0.171642 5.39756 -1.42701
0.174648 5.44603 -1.44055 0.177677 5.5 -1.45349 0.180696 5.55 -1.46064 0.182508
5.5993 -1.47147 0.185183 5.64878 -1.48142 0.187733 5.69842 -1.49061 0.190174 5.75
-1.49943 0.192604 5.75073 -1.49954 0.192637 5.75147 -1.49966 0.192671 5.7522 -1.49977
0.192704 5.75293 -1.49989 0.192737 5.75366 -1.5 0.192769 5.80292 -1.50769 0.194988
5.85208 -1.51605 0.197379 5.90107 -1.52523 0.199966 5.94987 -1.53537 0.202777 6
-1.54694 0.205947 6.05 -1.55539 0.208588 6.0991 -1.56787 0.212013 6.14824 -1.5802
0.215476 6.1974 -1.59239 0.218979 6.25 -1.60525 0.222784 6.3 -1.61481 0.225825
6.34945 -1.62671 0.229509 6.39894 -1.63843 0.233256 6.44847 -1.64998 0.237056 6.5
-1.66181 0.241039 6.52411 -1.66678 0.242832 6.54813 -1.67218 0.244706 6.57215 -1.67753
0.246581 6.59619 -1.68284 0.248458 6.61579 -1.68713 0.25 6.64263 -1.69297 0.252124
6.66948 -1.69876 0.254273 6.69634 -1.70451 0.256446 6.7232 -1.71022 0.258643 6.75
-1.71587 0.260859 6.78249 -1.7227 0.263562 6.815 -1.72941 0.266297 6.84753 -1.73606
0.269059 6.88006 -1.74267 0.271847 6.91627 -1.75 0.274978 6.93301 -1.75337 0.276439
6.94976 -1.75674 0.277908 6.96651 -1.76009 0.279385 6.98326 -1.76342 0.280869 7
-1.76673 0.282358 7.05 -1.77659 0.286754 7.10002 -1.78626 0.291321 7.15006 -1.79582
0.295961 7.20011 -1.80526 0.300671 7.25 -1.81454 0.305402 7.3 -1.82351 0.309868
7.34997 -1.83243 0.314716 7.39995 -1.84125 0.31968 7.44995 -1.84996 0.324684 7.5
-1.85859 0.329597 7.55 -1.86722 0.334205 7.6 -1.87564 0.339163 7.65001 -1.88388
0.344418 7.70001 -1.89207 0.349745 7.75 -1.89997 0.354777 7.8 -1.90762 0.359492
7.84997 -1.91514 0.364717 7.89992 -1.9225 0.370287 7.94992 -1.92964 0.375755 8
-1.93672 0.380937 8.08779 -1.94937 0.389131 8.17599 -1.95934 0.396638 8.26443 -1.96744
0.403592 8.35291 -1.97523 0.410356 8.5 -1.9877 0.421281 8.53578 -1.99016 0.42377
8.57154 -1.99298 0.426309 8.60729 -1.99572 0.428857 8.64305 -1.99843 0.431384 8.66404
-2 0.432853 8.73123 -2.005 0.437531 8.7984 -2.01032 0.442232 8.86553 -2.01599
0.446963 8.93263 -2.022 0.451728 9 -2.02841 0.456556 9.2 -2.04578 0.469709
9.39987 -2.06483 0.482512 9.5996 -2.08568 0.494727 9.79934 -2.10658 0.506675 10
-2.12537 0.518308 10.2 -2.14009 0.526488 10.3997 -2.15657 0.53748 10.5998 -2.16862
0.546991 10.8002 -2.17654 0.555016 11 -2.18057 0.561534 11.2 -2.1823 0.563559
11.3999 -2.18645 0.569708 11.5998 -2.19075 0.575827 11.7996 -2.19518 0.581936 12
-2.1997 0.588191 12.2 -2.20168 0.589879 12.3999 -2.20681 0.595863 12.5997 -2.21209
0.601883 12.7996 -2.21752 0.607904 13 -2.2228 0.613687 13.2 -2.22497 0.615044
13.3999 -2.23057 0.620377 13.5997 -2.23678 0.626242 13.7995 -2.24316 0.632115 14
-2.24893 0.637213 14.2 -2.25128 0.638201 14.3999 -2.25778 0.642783 14.5996 -2.26558
0.648421 14.7994 -2.2736 0.65415 15 -2.28117 0.658991 -1.001 1e-07 0.316889
-1.001 8.00001e-08 0.316889 -1.001 6.00001e-08 0.316889 -1.001 4e-08 0.316889 -1.00099
2e-08 0.316889 -1.00099 2.89098e-13 0.316889 -1.00079 -2.71665e-06 0.316887 -1.0006 -5.43411e-06
0.316884 -1.0004 -8.15238e-06 0.316882 -1.0002 -1.08715e-05 0.31688 -1 -1.35914e-05 0.316877
-0.9875 -0.00018489 0.316721 -0.975 -0.000360004 0.31655 -0.962501 -0.000538942 0.316364 -0.950002
-0.000721716 0.316164 -0.9375 -0.000908375 0.315948 -0.925 -0.00109919 0.315715 -0.912501 -0.00129467
0.315461 -0.900002 -0.00149431 0.315186 -0.887503 -0.00169812 0.31489 -0.875 -0.00190618 0.314572
-0.8625 -0.00211855 0.314231 -0.850001 -0.00233431 0.313866 -0.837502 -0.00255307 0.313473 -0.825005
-0.00277482 0.313054 -0.8125 -0.0029997 0.312609 -0.811924 -0.00301022 0.312587 -0.811348 -0.00302075
0.312565 -0.810772 -0.00303128 0.312543 -0.810196 -0.00304182 0.312521 -0.809637 -0.00305205 0.3125
-0.79771 -0.00327056 0.312043 -0.785784 -0.00348938 0.311554 -0.773859 -0.00370845 0.311034 -0.761935
-0.00392774 0.310482 -0.75 -0.00414748 0.309898 -0.7375 -0.00437765 0.309255 -0.725002 -0.00460676
0.30857 -0.712507 -0.00483489 0.307842 -0.700014 -0.00506202 0.307071 -0.6875 -0.00528854 0.306256
-0.675 -0.00551401 0.3054 -0.662503 -0.00573778 0.304504 -0.650008 -0.00596679 0.303571 -0.637516
-0.00620097 0.302601 -0.625 -0.00644078 0.301592 -0.612499 -0.00668958 0.300555 -0.600001 -0.00694411
0.299487 -0.587505 -0.00721852 0.298406 -0.575011 -0.00751285 0.29731 -0.562498 -0.00782273 0.296194
-0.549996 -0.00815217 0.295068 -0.537497 -0.00848899 0.293914 -0.524999 -0.0088466 0.29276 -0.5125
-0.00923647 0.291618 -0.49999 -0.00965954 0.290486 -0.487481 -0.0101362 0.289377 -0.474974 -0.010658
0.288266 -0.462465 -0.0112763 0.287227 -0.449956 -0.0119934 0.286258 -0.437446 -0.0127769 0.285284
-0.431179 -0.0132801 0.284845 -0.424914 -0.0138242 0.284428 -0.418651 -0.014412 0.284042 -0.41239
-0.0150467 0.283688 -0.406112 -0.0157375 0.283364 -0.399814 -0.0164913 0.283079 -0.393527 -0.0173405
0.282852 -0.387253 -0.0182916 0.282684 -0.380993 -0.0193463 0.282577 -0.374629 -0.020513 0.282531
-0.368274 -0.0217821 0.282555 -0.361958 -0.0232307 0.282696 -0.355701 -0.0248974 0.282962 -0.34952
-0.0268051 0.283356 -0.342889 -0.0291462 0.283925 -0.341999 -0.0295145 0.28403 -0.341112 -0.0298886
0.284138 -0.340228 -0.0302689 0.28425 -0.339347 -0.0306556 0.284365 -0.338603 -0.0309893 0.284466
-0.336274 -0.0320548 0.284792 -0.33397 -0.0331674 0.285144 -0.331693 -0.0343256 0.285522 -0.329443
-0.0355282 0.285925 -0.326966 -0.03691 0.2864 -0.323814 -0.0387443 0.287048 -0.320724 -0.0406644
0.287745 -0.317693 -0.0426607 0.288487 -0.314698 -0.0446982 0.289259 -0.312675 -0.0461151 0.289806
-0.312366 -0.0463357 0.289892 -0.312058 -0.0465567 0.289978 -0.31175 -0.0467782 0.290065 -0.311442
-0.047 0.290152 -0.31113 -0.0472245 0.29024 -0.307999 -0.0494858 0.291129 -0.304877 -0.0517541
0.292036 -0.301774 -0.05404 0.29296 -0.298699 -0.0563578 0.293901 -0.295484 -0.0588334 0.294912
-0.29485 -0.0593357 0.295117 -0.294216 -0.059838 0.295322 -0.293582 -0.0603403 0.295527 -0.292944
-0.0608385 0.295733 -0.292287 -0.0613443 0.295944 -0.291704 -0.0617853 0.296131 -0.291121 -0.0622247
0.296318 -0.290536 -0.0626628 0.296505 -0.289951 -0.0630995 0.296693 -0.289378 -0.0635249 0.296877
-0.287545 -0.0648813 0.297468 -0.285703 -0.0662249 0.298063 -0.283854 -0.0675559 0.298663 -0.281998
-0.0688746 0.299268 -0.280203 -0.0701329 0.299855 -0.278193 -0.0715244 0.300512 -0.276154 -0.0728721
0.301172 -0.274088 -0.0741765 0.301836 -0.272005 -0.0754502 0.302505 -0.269238 -0.0770869 0.303393
-0.268437 -0.0775402 0.30365 -0.267634 -0.0779908 0.303908 -0.266831 -0.0784388 0.304167 -0.266026
-0.0788841 0.304427 -0.265231 -0.0793198 0.304684 -0.262154 -0.0809919 0.305676 -0.259058 -0.0826218
0.306681 -0.255942 -0.0842051 0.307698 -0.252807 -0.0857462 0.308722 -0.24984 -0.0871589 0.309694
-0.248142 -0.0879454 0.310255 -0.24644 -0.0887175 0.310821 -0.244736 -0.0894835 0.31139 -0.243031
-0.0902473 0.311962 -0.24145 -0.0909546 0.312497 -0.240568 -0.0913484 0.312796 -0.239685 -0.0917405
0.313097 -0.238803 -0.0921308 0.3134 -0.23792 -0.0925197 0.313704 -0.237002 -0.0929238 0.314021
-0.236487 -0.0931499 0.314199 -0.235972 -0.0933757 0.314378 -0.235458 -0.0936011 0.314557 -0.234943
-0.093826 0.314737 -0.234429 -0.0940504 0.314917 -0.231284 -0.0954211 0.316016 -0.228148 -0.0968006
0.317127 -0.225018 -0.0981862 0.318247 -0.221894 -0.099578 0.319377 -0.218708 -0.101002 0.320531
-0.21247 -0.1038 0.322787 -0.206254 -0.106651 0.325032 -0.20006 -0.109559 0.327268 -0.193881
-0.112507 0.329495 -0.187518 -0.115604 0.331799 -0.183904 -0.117398 0.333115 -0.1803 -0.119207
0.334434 -0.176708 -0.121039 0.335756 -0.173132 -0.122905 0.337076 -0.170003 -0.124578 0.338236
-0.167257 -0.126078 0.339257 -0.164518 -0.127591 0.340279 -0.161786 -0.129115 0.341303 -0.159063
-0.130658 0.342326 -0.156272 -0.132257 0.343377 -0.15607 -0.132373 0.343453 -0.155869 -0.13249
0.343529 -0.155668 -0.132606 0.343605 -0.155467 -0.132723 0.34368 -0.155267 -0.132839 0.343756
-0.149212 -0.136353 0.346044 -0.143193 -0.139922 0.348337 -0.137211 -0.143549 0.350637 -0.131266
-0.147235 0.352941 -0.124994 -0.151221 0.355396 -0.123569 -0.152137 0.355957 -0.12214 -0.153048
0.356515 -0.120708 -0.153956 0.357073 -0.119277 -0.154863 0.357631 -0.117801 -0.1558 0.358208
-0.112976 -0.158866 0.360103 -0.108156 -0.161939 0.361999 -0.103343 -0.16502 0.363897 -0.0985368
-0.168109 0.365802 -0.0936761 -0.171255 0.367732 -0.0900466 -0.173616 0.369175 -0.0864164 -0.175965
0.370635 -0.0827861 -0.17831 0.372102 -0.0791562 -0.180655 0.373568 -0.0757411 -0.182862 0.374948
-0.0743857 -0.183739 0.375495 -0.07303 -0.184615 0.376042 -0.071674 -0.185491 0.376589 -0.0703176
-0.186366 0.377136 -0.068957 -0.187244 0.377685 -0.0676356 -0.188096 0.378221 -0.0663139 -0.188948
0.378757 -0.0649919 -0.1898 0.379292 -0.0636686 -0.190651 0.379825 -0.0623498 -0.191498 0.380354
-0.0560952 -0.195504 0.382861 -0.0498101 -0.199489 0.385324 -0.0435008 -0.203463 0.387745 -0.037174
-0.207428 0.390133 -0.0310748 -0.211241 0.392345 -0.0287301 -0.212702 0.393167 -0.0263798 -0.214157
0.393984 -0.0240239 -0.215607 0.394795 -0.0216599 -0.217054 0.395586 -0.0192074 -0.218548 0.396385
-0.0153474 -0.220886 0.397606 -0.0114739 -0.223215 0.398801 -0.00758723 -0.225535 0.39997 -0.00368641
-0.227845 0.401113 9.29272e-05 -0.230062 0.402189 0.00300992 -0.231757 0.402995 0.00593286 -0.233446
0.403792 0.00886554 -0.235128 0.404571 0.0118082 -0.236801 0.405329 0.0153735 -0.238811 0.406221
0.0185555 -0.240587 0.406989 0.0217481 -0.242355 0.407732 0.024951 -0.244113 0.408452 0.028164
-0.245862 0.409149 0.0312837 -0.247546 0.409799 0.0321611 -0.248015 0.409976 0.0330395 -0.248483
0.410151 0.0339187 -0.248951 0.410324 0.0347985 -0.249417 0.410496 0.0356959 -0.249892 0.41067
0.0410589 -0.252724 0.411704 0.0464412 -0.255537 0.412688 0.0518419 -0.258331 0.413623 0.0572604
-0.261107 0.414511 0.0625109 -0.263762 0.415302 0.0750118 -0.27 0.41701 0.0875357 -0.276194
0.418711 0.100129 -0.282274 0.420306 0.112801 -0.288225 0.42176 0.125015 -0.29379 0.422994
0.133479 -0.297519 0.423653 0.141951 -0.301228 0.424315 0.150441 -0.304902 0.424947 0.158959
-0.308522 0.42551 0.16834 -0.312435 0.426052 0.172182 -0.314005 0.426239 0.17603 -0.315563
0.426412 0.179884 -0.317107 0.42657 0.183743 -0.318639 0.426714 0.18755 -0.320134 0.426842
0.200055 -0.324989 0.42722 0.212592 -0.329765 0.427514 0.225195 -0.334375 0.427643 0.237837
-0.338874 0.427652 0.250079 -0.343125 0.427559 0.262576 -0.347309 0.427264 0.275093 -0.351431
0.426956 0.287639 -0.355454 0.426535 0.300209 -0.359395 0.426032 0.312565 -0.363227 0.425505
0.318815 -0.365103 0.425161 0.325071 -0.366955 0.42479 0.331332 -0.368781 0.42439 0.3376
-0.370578 0.423955 0.343816 -0.372331 0.423491 0.345601 -0.372826 0.423348 0.347386 -0.373319
0.423204 0.349172 -0.37381 0.423059 0.350958 -0.3743 0.422914 0.352812 -0.374807 0.422763
0.357262 -0.37602 0.4224 0.361714 -0.377226 0.422037 0.366168 -0.378421 0.421673 0.370625
-0.379606 0.421305 0.37506 -0.380774 0.420934 0.387559 -0.38403 0.419831 0.400083 -0.387188
0.418734 0.412625 -0.390247 0.417573 0.425185 -0.393227 0.416395 0.437553 -0.396087 0.415211
0.45005 -0.398902 0.413901 0.462575 -0.401621 0.412654 0.475127 -0.404238 0.411466 0.487696
-0.40677 0.410271 0.500039 -0.40918 0.409046 0.512537 -0.411544 0.407754 0.525061 -0.413805
0.406528 0.537608 -0.415963 0.405359 0.550169 -0.41804 0.404191 0.562529 -0.420001 0.403028
0.575026 -0.421903 0.401827 0.587546 -0.423712 0.400722 0.600081 -0.425443 0.399656 0.612626
-0.427098 0.398606 0.625016 -0.428654 0.397583 0.637513 -0.430156 0.396559 0.650025 -0.431581
0.395596 0.662544 -0.432943 0.394657 0.675073 -0.434243 0.393741 0.687502 -0.435469 0.392859
0.691661 -0.435858 0.392575 0.695821 -0.436243 0.392295 0.699981 -0.436623 0.392019 0.704142
-0.436999 0.391747 0.708832 -0.437417 0.391444 0.717065 -0.438139 0.39092 0.725301 -0.438837
0.390409 0.733539 -0.43951 0.38991 0.74178 -0.440159 0.389423 0.749996 -0.44078 0.38895
0.762497 -0.441695 0.388245 0.775002 -0.442565 0.387572 0.787512 -0.443394 0.38693 0.800026
-0.44418 0.38632 0.812498 -0.444921 0.385743 0.824998 -0.445653 0.385178 0.837503 -0.446336
0.384655 0.850011 -0.446989 0.384163 0.862521 -0.447614 0.3837 0.875 -0.448209 0.383268
0.8875 -0.448799 0.382858 0.900003 -0.449355 0.382471 0.912507 -0.449889 0.382107 0.925013
-0.450399 0.381768 0.937501 -0.450884 0.381451 0.950001 -0.451343 0.38116 0.962501 -0.451791
0.38087 0.975003 -0.452206 0.380594 0.987506 -0.452594 0.380333 1 -0.452989 0.380078
1.0125 -0.453386 0.379841 1.025 -0.453755 0.379608 1.0375 -0.454092 0.379387 1.05
-0.454419 0.379175 1.0625 -0.454731 0.378969 1.075 -0.455031 0.378756 1.0875 -0.455303
0.378557 1.1 -0.45554 0.378365 1.1125 -0.455734 0.378186 1.125 -0.45592 0.378016
1.1375 -0.456103 0.377856 1.15 -0.456276 0.377695 1.1625 -0.45644 0.377538 1.175
-0.456597 0.377385 1.1875 -0.456744 0.377229 1.2 -0.456887 0.377055 1.2125 -0.457025
0.376867 1.225 -0.457168 0.376661 1.2375 -0.457319 0.37644 1.25 -0.457478 0.376206
1.26215 -0.457644 0.375965 1.2743 -0.457828 0.375698 1.28645 -0.458032 0.375406 1.2986
-0.458257 0.375089 1.30173 -0.458319 0.375 1.30388 -0.458362 0.374938 1.30604 -0.458405
0.374874 1.30819 -0.458449 0.37481 1.31034 -0.458492 0.374745 1.3125 -0.458536 0.374678
1.325 -0.458794 0.374289 1.3375 -0.459064 0.37386 1.35 -0.45935 0.373393 1.36249
-0.459661 0.372892 1.375 -0.459996 0.372356 1.3875 -0.460358 0.371777 1.4 -0.460737
0.371166 1.41249 -0.46114 0.370515 1.42499 -0.461566 0.369824 1.4375 -0.46201 0.369085
1.45 -0.462481 0.368305 1.4625 -0.462959 0.367474 1.47499 -0.463457 0.366594 1.48748
-0.463979 0.36567 1.5 -0.464526 0.364699 1.5125 -0.46511 0.363649 1.525 -0.465699
0.362588 1.53749 -0.466314 0.361481 1.54998 -0.466954 0.360328 1.5625 -0.467621 0.359124
1.575 -0.46833 0.35788 1.58749 -0.469049 0.356588 1.59998 -0.46979 0.355248 1.61246
-0.47056 0.353865 1.625 -0.471373 0.352403 1.6375 -0.472229 0.350856 1.65 -0.473107
0.349301 1.66249 -0.474008 0.347738 1.67498 -0.474944 0.346137 1.6875 -0.475934 0.344488
1.7 -0.476973 0.342797 1.71249 -0.478047 0.341067 1.72497 -0.479157 0.339299 1.73745
-0.480311 0.337493 1.75 -0.481525 0.335612 1.7625 -0.482791 0.333661 1.77499 -0.484106
0.331711 1.78748 -0.485473 0.329737 1.79995 -0.486891 0.327725 1.8125 -0.488371 0.325663
1.825 -0.48991 0.323557 1.83749 -0.491511 0.321419 1.84996 -0.493171 0.319244 1.86242
-0.49489 0.317032 1.875 -0.496688 0.314756 1.87744 -0.497049 0.314304 1.87988 -0.497413
0.313853 1.88232 -0.49778 0.3134 1.88476 -0.498148 0.312946 1.88715 -0.498511 0.3125
1.88909 -0.498809 0.312136 1.89103 -0.499108 0.31177 1.89298 -0.499409 0.311404 1.89492
-0.499711 0.311038 1.89677 -0.5 0.310689 1.90491 -0.50128 0.309145 1.91305 -0.502586
0.307589 1.92119 -0.50392 0.306018 1.92931 -0.50528 0.304435 1.9375 -0.50668 0.302824
1.95 -0.508858 0.300346 1.96248 -0.511099 0.297835 1.97495 -0.513403 0.295296 1.9874
-0.51577 0.292729 2 -0.518231 0.290098 2.0125 -0.52072 0.287453 2.02498 -0.523283
0.284791 2.03744 -0.525916 0.282113 2.04989 -0.528606 0.279414 2.0625 -0.531378 0.276677
2.075 -0.534177 0.273959 2.08748 -0.537035 0.271222 2.09995 -0.53995 0.268469 2.1124
-0.542909 0.265719 2.125 -0.545943 0.262941 2.13677 -0.548811 0.260353 2.14854 -0.551738
0.257769 2.16029 -0.554699 0.255202 2.17204 -0.557694 0.25265 2.18432 -0.560859 0.25
2.18495 -0.561026 0.249863 2.18559 -0.561192 0.249727 2.18623 -0.561358 0.24959 2.18686
-0.561525 0.249454 2.1875 -0.561692 0.249317 2.18812 -0.561853 0.249185 2.18874 -0.562015
0.249053 2.18935 -0.562177 0.24892 2.18997 -0.562339 0.248788 2.19058 -0.5625 0.248657
2.20247 -0.565619 0.24612 2.21435 -0.568772 0.24361 2.22623 -0.571959 0.24113 2.2381
-0.575179 0.238678 2.25 -0.57844 0.23625 2.2625 -0.581881 0.233744 2.27499 -0.58536
0.231267 2.28749 -0.588875 0.22883 2.29998 -0.592421 0.226441 2.3125 -0.596004 0.224108
2.325 -0.59961 0.221846 2.3375 -0.603239 0.219622 2.35 -0.606893 0.217441 2.3625
-0.610569 0.21532 2.375 -0.614262 0.213258 2.38224 -0.616409 0.212103 2.38947 -0.618571
0.210966 2.39671 -0.620742 0.209848 2.40395 -0.622918 0.208748 2.41085 -0.625 0.207717
2.41618 -0.626613 0.206933 2.42151 -0.62823 0.206159 2.42684 -0.629851 0.205395 2.43217
-0.631477 0.204643 2.4375 -0.633107 0.203902 2.45 -0.636934 0.202192 2.4625 -0.640786
0.200543 2.475 -0.644665 0.198947 2.4875 -0.64857 0.197407 2.5 -0.652505 0.19592
2.5125 -0.656469 0.194496 2.525 -0.660455 0.193129 2.53749 -0.664475 0.191808 2.54999
-0.668513 0.19054 2.5625 -0.672577 0.189326 2.56644 -0.67386 0.18896 2.57037 -0.675146
0.188601 2.5743 -0.676434 0.188246 2.57824 -0.677724 0.187896 2.58276 -0.679208 0.1875
2.5878 -0.680866 0.187065 2.59284 -0.682528 0.186638 2.59788 -0.684193 0.186219 2.60292
-0.685861 0.185808 2.60787 -0.6875 0.185414 2.61129 -0.688638 0.185146 2.61472 -0.689778
0.184882 2.61815 -0.69092 0.184621 2.62157 -0.692064 0.184364 2.625 -0.69321 0.18411
2.6375 -0.697393 0.183193 2.65 -0.701594 0.182319 2.66249 -0.705813 0.181482 2.67498
-0.710051 0.180682 2.6875 -0.714318 0.179916 2.7 -0.718579 0.179179 2.71249 -0.722874
0.178488 2.72498 -0.727186 0.177823 2.73746 -0.731508 0.177189 2.75 -0.735858 0.176585
2.75815 -0.738687 0.176191 2.7663 -0.741532 0.175823 2.77445 -0.74438 0.175469 2.7826
-0.747225 0.175123 2.79056 -0.75 0.174794 2.80745 -0.755883 0.174111 2.82433 -0.761781
0.173452 2.84121 -0.767701 0.172793 2.85808 -0.773626 0.172125 2.875 -0.779582 0.171465
2.9 -0.788442 0.170571 2.92503 -0.797212 0.169746 2.95009 -0.80593 0.168982 2.97513
-0.814694 0.168225 3 -0.823392 0.167472 3.025 -0.832149 0.16665 3.05004 -0.840812
0.16597 3.0751 -0.849411 0.165364 3.10016 -0.857998 0.164759 3.125 -0.866495 0.164161
3.12997 -0.868196 0.164028 3.13494 -0.869891 0.163903 3.13991 -0.871585 0.16378 3.14489
-0.873279 0.163657 3.14994 -0.875 0.163531 3.16995 -0.881823 0.163034 3.18996 -0.888649
0.162558 3.20997 -0.895477 0.162105 3.22998 -0.902307 0.161673 3.25 -0.909113 0.16127
3.275 -0.917626 0.160825 3.30003 -0.926041 0.160417 3.32509 -0.934397 0.160043 3.35015
-0.942742 0.15969 3.375 -0.950983 0.159351 3.4 -0.959199 0.159008 3.42503 -0.967337
0.158751 3.45006 -0.975443 0.15854 3.4751 -0.983567 0.158337 3.5 -0.991669 0.158144
3.50509 -0.993335 0.158102 3.51017 -0.994993 0.158063 3.51526 -0.996649 0.158026 3.52035
-0.998307 0.157988 3.52554 -1 0.15795 3.57043 -1.01465 0.157621 3.61533 -1.02929
0.157371 3.66027 -1.04381 0.157185 3.70522 -1.05827 0.157062 3.75 -1.07269 0.157085
3.8 -1.08816 0.157542 3.84984 -1.10413 0.157975 3.89969 -1.12008 0.158361 3.94958
-1.1359 0.158912 4 -1.15078 0.159651 4.05 -1.16187 0.160225 4.0995 -1.17498
0.161067 4.14881 -1.18881 0.162051 4.19849 -1.2012 0.162968 4.25 -1.21271 0.163858
4.3 -1.21951 0.164287 4.34957 -1.22893 0.165115 4.39929 -1.23752 0.165907 4.44913
-1.24539 0.166668 4.48071 -1.25 0.167123 4.48457 -1.25054 0.167176 4.48843 -1.25108
0.16723 4.49228 -1.25162 0.167284 4.49614 -1.25217 0.167339 4.5 -1.25272 0.167395
4.55 -1.25969 0.168086 4.59989 -1.26738 0.168906 4.64969 -1.27566 0.169845 4.69937
-1.28457 0.170941 4.75 -1.29442 0.172241 4.8 -1.30132 0.173357 4.84921 -1.31247
0.174933 4.89811 -1.32489 0.176758 4.94668 -1.3385 0.178845 5 -1.35123 0.180896
5.05 -1.35859 0.182097 5.09915 -1.37025 0.184195 5.14784 -1.3836 0.186723 5.19656
-1.39682 0.189343 5.25 -1.41028 0.192198 5.3 -1.41781 0.194234 5.34897 -1.43026
0.197083 5.39779 -1.44323 0.200098 5.44664 -1.45608 0.203184 5.5 -1.46961 0.206551
5.53579 -1.47569 0.208197 5.57123 -1.4835 0.210266 5.60676 -1.49085 0.212268 5.64239
-1.49779 0.214211 5.65438 -1.5 0.214845 5.67351 -1.50345 0.215847 5.69261 -1.50703
0.216881 5.71168 -1.51074 0.217951 5.73072 -1.51459 0.219057 5.75 -1.51864 0.220217
5.8 -1.52808 0.222939 5.84944 -1.53996 0.226285 5.89891 -1.5517 0.229683 5.9484
-1.56332 0.233132 6 -1.57528 0.236778 6.03982 -1.58336 0.239422 6.07941 -1.59239
0.242282 6.11903 -1.60133 0.245164 6.15866 -1.61018 0.248067 6.18481 -1.61597 0.25
6.19785 -1.61883 0.250972 6.21089 -1.62168 0.25195 6.22393 -1.62452 0.252933 6.23697
-1.62735 0.253921 6.25 -1.63016 0.254913 6.3 -1.64094 0.25874 6.35003 -1.65155
0.26264 6.40008 -1.66202 0.266611 6.45016 -1.67235 0.270654 6.5 -1.68248 0.274724
6.55 -1.6923 0.278701 6.59999 -1.70209 0.282858 6.65 -1.71173 0.287087 6.70004
-1.72124 0.291395 6.75 -1.73063 0.295751 6.77065 -1.7345 0.297559 6.79131 -1.73831
0.29938 6.81198 -1.74212 0.301211 6.83264 -1.74591 0.30305 6.85499 -1.75 0.305048
6.88399 -1.75529 0.307655 6.913 -1.76055 0.310282 6.94201 -1.76578 0.31293 6.97103
-1.77096 0.315598 7 -1.77606 0.318278 7.05 -1.78481 0.322817 7.10002 -1.79332
0.327576 7.15006 -1.80168 0.332394 7.20011 -1.80994 0.337273 7.25 -1.81802 0.342133
7.3 -1.82583 0.346724 7.34997 -1.83358 0.351694 7.39993 -1.84126 0.356925 7.4499
-1.84881 0.362215 7.5 -1.85642 0.367254 7.55 -1.86409 0.371979 7.6 -1.87154
0.377052 7.64999 -1.87877 0.382489 7.70001 -1.88579 0.387952 7.75 -1.89261 0.393085
7.8 -1.89924 0.397901 7.84997 -1.90573 0.40322 7.8999 -1.91207 0.408987 7.94988
-1.91824 0.414616 8 -1.92451 0.41984 8.1 -1.93735 0.429247 8.20014 -1.94926
0.438374 8.30038 -1.96049 0.447239 8.40071 -1.97113 0.455846 8.5 -1.98111 0.464105
8.54859 -1.98489 0.46793 8.59711 -1.98947 0.471843 8.64563 -1.99396 0.475712 8.69417
-1.99836 0.479537 8.71267 -2 0.480977 8.76174 -2.00432 0.484781 8.8108 -2.00884
0.488612 8.85984 -2.01357 0.49247 8.90888 -2.01835 0.496288 8.95748 -2.02309 0.5
8.96598 -2.02392 0.500637 8.97449 -2.02475 0.501274 8.98299 -2.02558 0.501909 8.9915
-2.02641 0.502543 9 -2.02723 0.503176 9.2 -2.04669 0.517941 9.40006 -2.06617
0.531825 9.60016 -2.08597 0.544616 9.80041 -2.10486 0.556511 10 -2.12107 0.567827
10.2 -2.1336 0.575865 10.3997 -2.14804 0.58657 10.5997 -2.16037 0.596152 10.7999
-2.16854 0.604247 11 -2.17282 0.610851 11.2 -2.17471 0.613063 11.3999 -2.17894
0.619239 11.5998 -2.18331 0.625387 11.7996 -2.18782 0.631508 12 -2.19243 0.637756
12.2 -2.19459 0.639594 12.3999 -2.19983 0.645626 12.5997 -2.2052 0.651659 12.7996
-2.21071 0.657694 13 -2.21619 0.663616 13.2 -2.21855 0.665089 13.3999 -2.22436
0.670559 13.5997 -2.23067 0.676429 13.7995 -2.23715 0.682309 14 -2.24314 0.687509
14.2 -2.24568 0.688578 14.3999 -2.2524 0.693259 14.5996 -2.26031 0.698896 14.7994
-2.26844 0.704627 15 -2.27582 0.709509 -1.001 1e-07 0.369521 -1.001 8e-08
0.369521 -1.001 6e-08 0.369521 -1.001 4e-08 0.369521 -1.00099 1.99999e-08 0.369521
-1.00099 1.84775e-13 0.369521 -1.00079 -3.04505e-06 0.369519 -1.0006 -6.09095e-06 0.369516 -1.0004
-9.13768e-06 0.369514 -1.0002 -1.21852e-05 0.369512 -1 -1.52337e-05 0.36951 -0.9875 -0.000207065
0.369365 -0.975 -0.000403931 0.369204 -0.962501 -0.000606744 0.369022 -0.950002 -0.000815526 0.368821
-0.9375 -0.00103036 0.368599 -0.925 -0.0012509 0.368358 -0.912501 -0.00147769 0.368092 -0.900002
-0.00171078 0.367802 -0.887504 -0.00195021 0.367486 -0.875 -0.0021961 0.367145 -0.8625 -0.00244723
0.36678 -0.850001 -0.00270267 0.366387 -0.837503 -0.00296319 0.365961 -0.825006 -0.00322879 0.365502
-0.8125 -0.0034997 0.365009 -0.8 -0.00377559 0.364483 -0.787502 -0.00405523 0.363917 -0.775006
-0.00433912 0.363305 -0.762512 -0.00462723 0.362649 -0.75 -0.00492002 0.361946 -0.7375 -0.00521429
0.361204 -0.725003 -0.00550668 0.360419 -0.712508 -0.00580826 0.359587 -0.700018 -0.00612027 0.358708
-0.6875 -0.00644342 0.357779 -0.675 -0.00677939 0.356808 -0.662503 -0.00712802 0.355797 -0.65001
-0.00750451 0.354758 -0.63752 -0.00790886 0.353693 -0.625 -0.00832565 0.35259 -0.612499 -0.00876964
0.351464 -0.600002 -0.00923074 0.350309 -0.587508 -0.00971187 0.349138 -0.575014 -0.0102375 0.347975
-0.562498 -0.0108092 0.346817 -0.549997 -0.0114414 0.345687 -0.537498 -0.0121172 0.344552 -0.524998
-0.0128539 0.343467 -0.512499 -0.0136395 0.342412 -0.499991 -0.0144653 0.341368 -0.487485 -0.0153776
0.340393 -0.474983 -0.01637 0.339443 -0.462484 -0.0174652 0.338556 -0.449991 -0.0186792 0.337752
-0.43746 -0.0201369 0.337135 -0.431198 -0.0210319 0.336948 -0.424944 -0.0219838 0.336797 -0.418699
-0.0230007 0.336699 -0.412465 -0.0240873 0.336653 -0.406153 -0.025264 0.336663 -0.400251 -0.0264495
0.336745 -0.39437 -0.0277336 0.336903 -0.388518 -0.0291274 0.337147 -0.382698 -0.0306337 0.337481
-0.380683 -0.0311985 0.337629 -0.379501 -0.0315391 0.337722 -0.37832 -0.0318845 0.337819 -0.377141
-0.0322346 0.337919 -0.375964 -0.0325894 0.338022 -0.374772 -0.032954 0.33813 -0.36848 -0.0349069
0.338722 -0.362269 -0.0370636 0.33945 -0.356155 -0.0394275 0.340329 -0.35016 -0.04202 0.341373
-0.343333 -0.0453001 0.342778 -0.342835 -0.04557 0.342901 -0.342338 -0.0458415 0.343024 -0.341842
-0.0461145 0.343149 -0.341347 -0.0463889 0.343274 -0.340879 -0.0466501 0.343394 -0.340633 -0.0467886
0.343458 -0.340387 -0.0469273 0.343522 -0.340141 -0.0470662 0.343586 -0.339895 -0.0472054 0.34365
-0.339657 -0.0473409 0.343713 -0.33724 -0.0487173 0.34435 -0.334842 -0.0501185 0.345006 -0.332464
-0.051544 0.345679 -0.330104 -0.0529928 0.34637 -0.327575 -0.0545863 0.347139 -0.325289 -0.0560624
0.347862 -0.323021 -0.0575571 0.3486 -0.320769 -0.0590696 0.349353 -0.318528 -0.0605932 0.350115
-0.316523 -0.0619724 0.350807 -0.315581 -0.0626267 0.351137 -0.31464 -0.0632827 0.351468 -0.313701
-0.0639402 0.3518 -0.312764 -0.0645994 0.352133 -0.311813 -0.0652722 0.352475 -0.308694 -0.0674952
0.353608 -0.305582 -0.0697224 0.354751 -0.30248 -0.0719591 0.355904 -0.299384 -0.0742007 0.357066
-0.29622 -0.0764941 0.358264 -0.295968 -0.0766774 0.35836 -0.295716 -0.0768605 0.358457 -0.295464
-0.0770435 0.358553 -0.295212 -0.0772263 0.35865 -0.294958 -0.0774102 0.358747 -0.294689 -0.0776044
0.358849 -0.29442 -0.0777985 0.358952 -0.294152 -0.0779926 0.359055 -0.293883 -0.0781865 0.359158
-0.293616 -0.0783792 0.35926 -0.291039 -0.0802348 0.360245 -0.288461 -0.0820854 0.361235 -0.285881
-0.0839311 0.362231 -0.2833 -0.0857719 0.363231 -0.280732 -0.0875906 0.364226 -0.279201 -0.0886624
0.364815 -0.277666 -0.0897291 0.365404 -0.276127 -0.0907908 0.365993 -0.274583 -0.0918452 0.366581
-0.272953 -0.0929472 0.3672 -0.271419 -0.0939721 0.36778 -0.269882 -0.0949933 0.368359 -0.268343
-0.0960107 0.368936 -0.2668 -0.0970242 0.369512 -0.265283 -0.0980163 0.370079 -0.262678 -0.099713
0.371052 -0.260066 -0.101402 0.372022 -0.257441 -0.10307 0.372992 -0.254809 -0.104726 0.373965
-0.252175 -0.106382 0.374944 -0.251705 -0.106677 0.37512 -0.251235 -0.106972 0.375296 -0.250766
-0.107267 0.375472 -0.250297 -0.107563 0.375648 -0.249826 -0.107859 0.375825 -0.249558 -0.108028
0.375926 -0.249289 -0.108197 0.376027 -0.249021 -0.108366 0.376129 -0.248752 -0.108535 0.37623
-0.248484 -0.108704 0.376331 -0.245655 -0.110488 0.377399 -0.24283 -0.112277 0.378471 -0.24001
-0.11407 0.379548 -0.237193 -0.115866 0.380629 -0.234336 -0.11768 0.381728 -0.23213 -0.119071
0.382578 -0.229929 -0.120468 0.383428 -0.227733 -0.121873 0.384279 -0.225537 -0.123279 0.38513
-0.22343 -0.124632 0.385946 -0.222498 -0.12523 0.386307 -0.221566 -0.125829 0.386668 -0.220634
-0.126428 0.387029 -0.219702 -0.127026 0.38739 -0.21877 -0.127625 0.387751 -0.212522 -0.131636
0.390168 -0.206302 -0.135691 0.392584 -0.200105 -0.139787 0.394993 -0.193922 -0.143904 0.397398
-0.187527 -0.148172 0.399889 -0.185155 -0.149759 0.400814 -0.182788 -0.151352 0.401741 -0.180426
-0.152952 0.402671 -0.17807 -0.154559 0.403601 -0.175822 -0.156104 0.404491 -0.174933 -0.15672
0.404845 -0.174044 -0.157336 0.405198 -0.173156 -0.157953 0.405552 -0.172267 -0.158571 0.405905
-0.171381 -0.159188 0.406258 -0.168356 -0.161293 0.407464 -0.165335 -0.163403 0.408669 -0.162318
-0.16552 0.409874 -0.159305 -0.167643 0.411079 -0.156256 -0.169793 0.412297 -0.151251 -0.173315
0.414291 -0.146258 -0.17686 0.416276 -0.141276 -0.180427 0.41825 -0.136286 -0.183992 0.420205
-0.131496 -0.187403 0.422058 -0.130193 -0.188328 0.422556 -0.12889 -0.189253 0.423052 -0.127585
-0.190178 0.423546 -0.12628 -0.191103 0.424038 -0.124982 -0.192022 0.424528 -0.118728 -0.196456
0.426885 -0.112469 -0.200896 0.42922 -0.106197 -0.205331 0.431529 -0.0999048 -0.209753 0.433807
-0.0937092 -0.214081 0.436012 -0.0928662 -0.214665 0.436306 -0.0920228 -0.215249 0.4366 -0.0911788
-0.215833 0.436893 -0.0903341 -0.216416 0.437185 -0.0894602 -0.217019 0.437485 -0.0840581 -0.220735
0.439334 -0.0786284 -0.224428 0.441147 -0.0731731 -0.228099 0.44293 -0.0676922 -0.231746 0.444682
-0.0624489 -0.235195 0.44631 -0.0579115 -0.238142 0.447657 -0.0533625 -0.241082 0.448981 -0.0488032
-0.244016 0.450284 -0.04422 -0.246927 0.451552 -0.0394317 -0.249931 0.452839 -0.0315382 -0.254818
0.454894 -0.0236021 -0.259653 0.45691 -0.0156054 -0.264409 0.458871 -0.00754195 -0.269085 0.460751
3.60461e-05 -0.273377 0.462397 0.0125335 -0.280309 0.4649 0.0251262 -0.287093 0.467331 0.0378066
-0.293727 0.469723 0.0505965 -0.300205 0.471948 0.0625236 -0.306064 0.47387 0.0652246 -0.307342
0.474247 0.0679281 -0.308614 0.474624 0.0706351 -0.30988 0.474998 0.0733471 -0.311138 0.475362
0.0762035 -0.312452 0.475735 0.0859738 -0.316909 0.476973 0.0957972 -0.321271 0.478122 0.105672
-0.325539 0.47918 0.115603 -0.329703 0.480127 0.125056 -0.333567 0.480902 0.137554 -0.338532
0.481721 0.150095 -0.343374 0.482599 0.162702 -0.348058 0.483401 0.175372 -0.352593 0.484038
0.187546 -0.356784 0.484469 0.193798 -0.358833 0.484565 0.200061 -0.36085 0.484635 0.206335
-0.362832 0.484675 0.21262 -0.364778 0.484672 0.218806 -0.366659 0.484618 0.224294 -0.368297
0.484525 0.22979 -0.369906 0.48441 0.23529 -0.3715 0.484279 0.240794 -0.373079 0.484133
0.247029 -0.374849 0.483943 0.247633 -0.375018 0.483922 0.248238 -0.375187 0.483901 0.248843
-0.375356 0.48388 0.249447 -0.375525 0.483858 0.250052 -0.375694 0.483837 0.262554 -0.379172
0.483374 0.275076 -0.382563 0.482833 0.287619 -0.385861 0.482192 0.300176 -0.389094 0.481504
0.312562 -0.392229 0.480795 0.325061 -0.395273 0.479857 0.337576 -0.398261 0.478965 0.350105
-0.401192 0.478081 0.362643 -0.404067 0.477133 0.375055 -0.406841 0.476066 0.387551 -0.409565
0.474843 0.400066 -0.412207 0.473637 0.4126 -0.414769 0.472447 0.425139 -0.417275 0.471204
0.437536 -0.419695 0.469888 0.450034 -0.422085 0.468461 0.462551 -0.424387 0.467056 0.475082
-0.426604 0.465639 0.487624 -0.428744 0.464201 0.500027 -0.430793 0.462764 0.508027 -0.4321
0.461808 0.516041 -0.433337 0.460874 0.524061 -0.434541 0.459945 0.532086 -0.435709 0.459018
0.543527 -0.437324 0.457703 0.547325 -0.437835 0.45727 0.551124 -0.438337 0.456836 0.554924
-0.438831 0.456402 0.558725 -0.439315 0.455969 0.562515 -0.439789 0.455536 0.575014 -0.441332
0.454104 0.587528 -0.442778 0.452698 0.600054 -0.444133 0.451317 0.612592 -0.445397 0.449958
0.625009 -0.446556 0.448636 0.637507 -0.447667 0.447302 0.650017 -0.448682 0.446005 0.662535
-0.449633 0.444736 0.675061 -0.450519 0.443495 0.687499 -0.451333 0.44229 0.697469 -0.451945
0.441335 0.707443 -0.452519 0.440406 0.717421 -0.453063 0.439501 0.727403 -0.453576 0.438619
0.740283 -0.454198 0.437512 0.742225 -0.454284 0.437349 0.744166 -0.454369 0.437186 0.746108
-0.454453 0.437023 0.748051 -0.454536 0.436861 0.749992 -0.454617 0.436699 0.762492 -0.455136
0.435657 0.774996 -0.45562 0.434634 0.787503 -0.456071 0.433642 0.800014 -0.456489 0.432687
0.812494 -0.456872 0.431774 0.824995 -0.457239 0.43088 0.8375 -0.457564 0.43003 0.850009
-0.457872 0.42922 0.86252 -0.458162 0.428449 0.874999 -0.458428 0.427706 0.887499 -0.458688
0.426983 0.900002 -0.458913 0.426284 0.912506 -0.459124 0.42561 0.925013 -0.459328 0.424978
0.937501 -0.459525 0.424387 0.950001 -0.459729 0.423823 0.962502 -0.459896 0.423269 0.975005
-0.460056 0.422743 0.987508 -0.460214 0.422246 1 -0.460365 0.421769 1.0125 -0.460529
0.421319 1.025 -0.46065 0.420873 1.0375 -0.460746 0.420439 1.05 -0.460824 0.420033
1.0625 -0.460901 0.41962 1.075 -0.460985 0.419179 1.0875 -0.461021 0.418785 1.1
-0.461022 0.418416 1.11251 -0.460991 0.418068 1.125 -0.460958 0.417725 1.1375 -0.460928
0.417396 1.15 -0.460862 0.417059 1.1625 -0.460769 0.416715 1.175 -0.460664 0.416374
1.1875 -0.460586 0.415998 1.2 -0.460537 0.415577 1.2125 -0.460463 0.415177 1.225
-0.460372 0.414791 1.2375 -0.460294 0.414397 1.25 -0.460242 0.413997 1.2625 -0.460219
0.413589 1.275 -0.460197 0.413143 1.2875 -0.460181 0.412659 1.29999 -0.460191 0.412149
1.3125 -0.460245 0.411579 1.325 -0.460346 0.41094 1.3375 -0.460444 0.410305 1.35
-0.460545 0.409667 1.3625 -0.460675 0.408995 1.375 -0.460838 0.408297 1.3875 -0.461036
0.407573 1.4 -0.461247 0.406794 1.41249 -0.461474 0.405962 1.42498 -0.461729 0.405088
1.4375 -0.462037 0.40413 1.45 -0.462399 0.403088 1.4625 -0.462762 0.402037 1.475
-0.463127 0.400975 1.48749 -0.463518 0.399871 1.5 -0.463952 0.398729 1.5125 -0.464426
0.397552 1.52499 -0.46492 0.396314 1.53748 -0.465435 0.395021 1.54996 -0.46598 0.393685
1.5625 -0.46657 0.392279 1.575 -0.467214 0.390803 1.5875 -0.467868 0.389318 1.59999
-0.468549 0.387799 1.61248 -0.469263 0.386236 1.625 -0.470015 0.384624 1.6375 -0.470812
0.382979 1.64999 -0.471644 0.381285 1.66247 -0.47252 0.379547 1.67495 -0.473437 0.377768
1.6875 -0.474401 0.375937 1.68875 -0.474502 0.375749 1.69001 -0.474603 0.375562 1.69126
-0.474705 0.375374 1.69251 -0.474807 0.375186 1.69375 -0.474908 0.375 1.705 -0.475832
0.373305 1.71624 -0.476792 0.371584 1.72748 -0.477785 0.369836 1.73871 -0.478814 0.368063
1.75 -0.479887 0.366244 1.7625 -0.481123 0.364169 1.77499 -0.482407 0.362081 1.78748
-0.483744 0.359961 1.79995 -0.485131 0.357818 1.8125 -0.486581 0.355629 1.825 -0.488087
0.353399 1.83749 -0.489654 0.35114 1.84996 -0.491279 0.348857 1.86243 -0.492964 0.34655
1.875 -0.494723 0.344184 1.88229 -0.495778 0.342779 1.88958 -0.496858 0.34137 1.89686
-0.497958 0.33995 1.90414 -0.499079 0.338518 1.91 -0.5 0.337354 1.9155 -0.500877
0.336254 1.921 -0.501767 0.335148 1.92649 -0.50267 0.334038 1.93198 -0.503586 0.332922
1.9375 -0.50452 0.331796 1.95 -0.506665 0.329227 1.96248 -0.50888 0.32664 1.97495
-0.511162 0.324022 1.9874 -0.513509 0.321369 2 -0.515954 0.31865 2.00566 -0.517081
0.31742 2.01131 -0.518222 0.316185 2.01695 -0.519375 0.314945 2.0226 -0.52054 0.313701
2.02802 -0.521672 0.3125 2.03492 -0.523125 0.310966 2.04181 -0.524597 0.309426 2.04869
-0.526086 0.307883 2.05558 -0.527594 0.306338 2.0625 -0.529131 0.304781 2.075 -0.531933
0.301968 2.08748 -0.534792 0.29914 2.09995 -0.537705 0.296312 2.11241 -0.540672 0.293483
2.125 -0.543715 0.290622 2.1375 -0.546768 0.287789 2.14998 -0.549889 0.284959 2.16246
-0.553053 0.282144 2.17493 -0.556258 0.279351 2.1875 -0.559531 0.276559 2.18975 -0.560125
0.276063 2.192 -0.56072 0.275568 2.19426 -0.561317 0.275074 2.19651 -0.561915 0.274582
2.19871 -0.5625 0.274102 2.20897 -0.565234 0.271871 2.21922 -0.567999 0.269662 2.22947
-0.57079 0.267468 2.23972 -0.573608 0.265291 2.25 -0.576462 0.263123 2.2625 -0.579954
0.260532 2.27499 -0.583488 0.257976 2.28749 -0.587056 0.255472 2.29999 -0.590656 0.253018
2.3125 -0.594287 0.25061 2.31315 -0.594477 0.250488 2.3138 -0.594666 0.250366 2.31444
-0.594856 0.250245 2.31509 -0.595045 0.250123 2.31575 -0.595237 0.25 2.3276 -0.598707
0.247781 2.33945 -0.602198 0.245612 2.35131 -0.605711 0.243494 2.36317 -0.609246 0.241426
2.375 -0.612796 0.239414 2.38311 -0.615237 0.238074 2.39122 -0.617694 0.236757 2.39933
-0.620162 0.235465 2.40744 -0.622638 0.2342 2.41515 -0.625 0.233023 2.41962 -0.626374
0.232354 2.42409 -0.627751 0.231694 2.42856 -0.629132 0.231042 2.43303 -0.630515 0.230397
2.4375 -0.631901 0.229761 2.45 -0.635781 0.228005 2.4625 -0.639685 0.226308 2.475
-0.643612 0.224672 2.4875 -0.647563 0.223095 2.5 -0.651541 0.221577 2.5125 -0.655551
0.220123 2.525 -0.659576 0.218731 2.53751 -0.663614 0.217402 2.55001 -0.667668 0.216129
2.5625 -0.67173 0.214901 2.57216 -0.674884 0.213984 2.58181 -0.678058 0.213107 2.59147
-0.681243 0.212259 2.60112 -0.684438 0.211436 2.61034 -0.6875 0.210676 2.61327 -0.688475
0.210442 2.6162 -0.689452 0.210211 2.61914 -0.690428 0.209983 2.62207 -0.691406 0.209758
2.625 -0.692384 0.209535 2.6375 -0.696555 0.208585 2.65 -0.700738 0.207698 2.6625
-0.704935 0.206852 2.67499 -0.709151 0.206047 2.6875 -0.713389 0.20527 2.7 -0.717638
0.204509 2.7125 -0.72189 0.203814 2.725 -0.726155 0.203154 2.7375 -0.730431 0.202521
2.75 -0.734716 0.201904 2.7589 -0.737773 0.201443 2.76779 -0.740832 0.201025 2.77669
-0.743896 0.200624 2.78559 -0.746962 0.200229 2.79439 -0.75 0.199845 2.81051 -0.755573
0.199151 2.82663 -0.761144 0.198488 2.84276 -0.766703 0.197819 2.85889 -0.772267 0.197143
2.875 -0.777844 0.19647 2.9 -0.786552 0.195456 2.92503 -0.795187 0.194551 2.95009
-0.803754 0.193733 2.97515 -0.812283 0.192923 3 -0.820776 0.192059 3.025 -0.829338
0.191129 3.05004 -0.837809 0.190338 3.0751 -0.846194 0.189633 3.10019 -0.85453 0.188932
3.125 -0.862767 0.188243 3.13236 -0.865213 0.188012 3.13972 -0.867647 0.187798 3.14708
-0.870079 0.187588 3.15444 -0.872511 0.187378 3.16197 -0.875 0.187163 3.17957 -0.880823
0.186659 3.19718 -0.886649 0.186173 3.21479 -0.892461 0.185703 3.23241 -0.898241 0.185248
3.25 -0.903983 0.184816 3.275 -0.912156 0.184253 3.30003 -0.92025 0.183732 3.32508
-0.92827 0.183249 3.35014 -0.936268 0.182793 3.375 -0.944134 0.182338 3.4 -0.951978
0.18188 3.42502 -0.95977 0.18151 3.45005 -0.96752 0.181205 3.47508 -0.97528 0.18091
3.5 -0.983026 0.180627 3.51079 -0.986421 0.180489 3.52159 -0.989777 0.180366 3.53239
-0.99313 0.180247 3.5432 -0.996489 0.18013 3.55446 -1 0.180008 3.59357 -1.01221
0.179589 3.63271 -1.02432 0.179217 3.67189 -1.0363 0.178885 3.71107 -1.04826 0.178606
3.75 -1.06016 0.178425 3.8 -1.07539 0.178614 3.85 -1.09061 0.178717 3.90003
-1.10576 0.178868 3.9501 -1.12075 0.179178 4 -1.13575 0.17974 4.05 -1.1492
0.180433 4.09959 -1.16409 0.18132 4.1492 -1.17889 0.18229 4.19882 -1.19364 0.183374
4.25 -1.20689 0.184381 4.3 -1.21484 0.184878 4.34936 -1.22607 0.185861 4.39895
-1.23624 0.186788 4.44872 -1.24551 0.18767 4.47515 -1.25 0.188114 4.48012 -1.25081
0.188194 4.48509 -1.25163 0.188275 4.49006 -1.25245 0.188358 4.49502 -1.25328 0.188442
4.5 -1.25412 0.188526 4.55 -1.26229 0.189337 4.59983 -1.27144 0.19032 4.64951
-1.28135 0.19147 4.699 -1.29211 0.192818 4.75 -1.30429 0.194445 4.8 -1.31239
0.195787 4.84901 -1.3251 0.197649 4.89794 -1.33811 0.199694 4.9469 -1.35097 0.201881
5 -1.36477 0.204347 5.05 -1.37333 0.205956 5.09909 -1.38597 0.208454 5.14821
-1.39849 0.21103 5.19735 -1.4109 0.213683 5.25 -1.42405 0.21663 5.3 -1.433
0.219006 5.34928 -1.4452 0.221955 5.39858 -1.45728 0.224971 5.4479 -1.46925 0.228052
5.5 -1.48175 0.231373 5.51835 -1.4854 0.232401 5.53658 -1.48962 0.23357 5.55483
-1.4937 0.23472 5.57312 -1.49767 0.235851 5.58424 -1.5 0.236528 5.61739 -1.50683
0.238525 5.65044 -1.51412 0.240645 5.68343 -1.52164 0.242844 5.71642 -1.52912 0.245068
5.75 -1.53666 0.247353 5.75785 -1.53838 0.247883 5.76569 -1.54012 0.248423 5.77353
-1.54186 0.248964 5.78138 -1.5436 0.249507 5.78849 -1.54517 0.25 5.83079 -1.55451
0.25294 5.87311 -1.56376 0.255925 5.91544 -1.57294 0.258953 5.95778 -1.58203 0.262025
6 -1.59103 0.26513 6.05 -1.60143 0.26878 6.09999 -1.61182 0.272557 6.15001
-1.6221 0.276382 6.20004 -1.63226 0.280265 6.25 -1.64226 0.284216 6.3 -1.6522
0.288227 6.35005 -1.66183 0.292313 6.40013 -1.67133 0.296466 6.45022 -1.68069 0.300688
6.5 -1.68984 0.304926 6.55 -1.69848 0.308903 6.59994 -1.70727 0.31323 6.6499
-1.71598 0.317613 6.69986 -1.72459 0.322046 6.75 -1.73315 0.326543 6.76979 -1.73652
0.328326 6.78959 -1.73984 0.330119 6.80938 -1.74315 0.33192 6.82918 -1.74644 0.333728
6.85057 -1.75 0.335688 6.88045 -1.75495 0.33844 6.91034 -1.75987 0.341212 6.94024
-1.76476 0.344003 6.97015 -1.76956 0.34681 7 -1.77428 0.349629 7.05 -1.78215
0.354266 7.10002 -1.78977 0.359106 7.15006 -1.7972 0.363994 7.20012 -1.80452 0.368933
7.25 -1.81169 0.373877 7.3 -1.81861 0.378549 7.34997 -1.82548 0.383597 7.39993
-1.83226 0.38884 7.44992 -1.83887 0.394128 7.5 -1.8455 0.399215 7.55 -1.85224
0.403985 7.6 -1.85874 0.409101 7.64999 -1.86503 0.414508 7.7 -1.87118 0.419892
7.75 -1.87718 0.425063 7.8 -1.88301 0.429911 7.84997 -1.88871 0.435257 7.89994
-1.89425 0.440704 7.94994 -1.89965 0.44603 8 -1.90503 0.451251 8.1 -1.91619
0.460652 8.20005 -1.92704 0.469882 8.30017 -1.93747 0.478891 8.40034 -1.9475 0.487676
8.5 -1.95711 0.496188 8.50952 -1.95798 0.49695 8.51903 -1.95884 0.497711 8.52855
-1.9597 0.498467 8.53806 -1.96056 0.499221 8.54793 -1.96144 0.5 8.63409 -1.96915
0.506796 8.72025 -1.97683 0.513599 8.80641 -1.98448 0.52041 8.89258 -1.99214 0.527161
8.97974 -2 0.533793 8.98379 -2.00037 0.534093 8.98784 -2.00074 0.534392 8.99189
-2.00111 0.534691 8.99595 -2.00148 0.53499 9 -2.00185 0.535288 9.2 -2.02016
0.549956 9.40005 -2.03877 0.563511 9.60013 -2.05776 0.575971 9.80033 -2.07615 0.587459
10 -2.09193 0.598381 10.2 -2.10439 0.606686 10.3998 -2.11832 0.616828 10.5998
-2.131 0.625991 10.8 -2.13951 0.633685 11 -2.1441 0.639899 11.2 -2.14608
0.642221 11.3999 -2.15003 0.647827 11.5998 -2.15411 0.653393 11.7997 -2.15832 0.658924
12 -2.16264 0.664545 12.2 -2.1649 0.666464 12.3999 -2.16975 0.671905 12.5998
-2.17474 0.677334 12.7997 -2.17986 0.682755 13 -2.18511 0.688266 13.2 -2.18755
0.689797 13.3999 -2.19325 0.695066 13.5997 -2.1991 0.70033 13.7996 -2.2051 0.705592
14 -2.21119 0.710835 14.2 -2.21383 0.711942 14.3998 -2.22065 0.71667 14.5997
-2.22796 0.721734 14.7995 -2.23548 0.726878 15 -2.24293 0.731645 -1.001 1e-07
0.422153 -1.001 8e-08 0.422153 -1.001 6e-08 0.422153 -1.001 3.99999e-08 0.422153
-1.001 1.99998e-08 0.422153 -1.00099 1.09188e-13 0.422153 -1.0008 -3.55631e-06 0.42215 -1.0006
-7.11396e-06 0.422148 -1.0004 -1.0673e-05 0.422146 -1.0002 -1.42333e-05 0.422143 -1 -1.77951e-05
0.422141 -0.9875 -0.000241745 0.421997 -0.975 -0.000473223 0.421835 -0.962501 -0.000712255 0.421655
-0.950002 -0.000958873 0.421456 -0.9375 -0.00121278 0.421237 -0.925 -0.00147242 0.420999 -0.912501
-0.0017389 0.420735 -0.900002 -0.00201371 0.420444 -0.887504 -0.00229773 0.420123 -0.875 -0.00259118
0.419774 -0.8625 -0.00289332 0.419397 -0.850001 -0.00320423 0.41898 -0.837505 -0.00352396 0.418524
-0.825009 -0.00385251 0.418027 -0.8125 -0.0041883 0.417493 -0.8 -0.00452962 0.416924 -0.787502
-0.00487529 0.416309 -0.775007 -0.00522814 0.415648 -0.762515 -0.00559434 0.414936 -0.75 -0.00597466
0.414172 -0.7375 -0.00636857 0.413361 -0.725004 -0.00678091 0.412499 -0.712512 -0.00722379 0.411596
-0.700024 -0.00769573 0.41065 -0.6875 -0.00817765 0.409652 -0.675 -0.00868739 0.408618 -0.662504
-0.00922133 0.407542 -0.650013 -0.00978325 0.406437 -0.637525 -0.0103869 0.405314 -0.625 -0.0110453
0.404179 -0.6125 -0.0117674 0.403058 -0.600004 -0.0125434 0.401924 -0.587509 -0.0133906 0.400829
-0.575017 -0.0142881 0.399743 -0.562499 -0.0152401 0.398665 -0.549998 -0.0162783 0.397652 -0.537502
-0.0173984 0.396672 -0.525009 -0.0185939 0.395739 -0.512519 -0.0198628 0.39486 -0.499995 -0.021231
0.394073 -0.487492 -0.0227112 0.393409 -0.475 -0.0243194 0.392842 -0.462527 -0.0261093 0.392407
-0.450083 -0.0281212 0.392167 -0.43748 -0.030447 0.392177 -0.436755 -0.0306064 0.392201 -0.436031
-0.0307669 0.392225 -0.435307 -0.0309286 0.392251 -0.434583 -0.0310915 0.392277 -0.433911 -0.031244
0.392303 -0.428369 -0.0325109 0.392522 -0.422845 -0.0338424 0.392794 -0.41734 -0.0352382 0.39312
-0.411853 -0.0366925 0.3935 -0.406203 -0.0382571 0.393949 -0.399939 -0.0400949 0.394535 -0.393726
-0.042065 0.395229 -0.387571 -0.0441664 0.396035 -0.381476 -0.0463914 0.396962 -0.374886 -0.0489541
0.398093 -0.368612 -0.0515622 0.399313 -0.362443 -0.0543474 0.40067 -0.356378 -0.0572929 0.402156
-0.350423 -0.0603918 0.403767 -0.346853 -0.062375 0.404824 -0.346188 -0.0627587 0.405031 -0.345525
-0.0631441 0.40524 -0.344863 -0.0635313 0.40545 -0.344202 -0.0639203 0.405661 -0.343529 -0.0643192
0.405879 -0.343346 -0.0644276 0.405938 -0.343164 -0.0645361 0.405997 -0.342982 -0.0646448 0.406057
-0.342801 -0.0647536 0.406116 -0.342622 -0.0648607 0.406175 -0.336515 -0.0685315 0.408186 -0.330527
-0.072338 0.410303 -0.324657 -0.076269 0.412518 -0.318851 -0.0802646 0.414789 -0.312112 -0.0850485
0.417514 -0.30984 -0.0867107 0.418467 -0.307569 -0.0883756 0.41942 -0.3053 -0.090043 0.420372
-0.30304 -0.0917189 0.421331 -0.300848 -0.0933604 0.422273 -0.296869 -0.0963441 0.423985 -0.292901
-0.0993386 0.425704 -0.288944 -0.102344 0.42743 -0.284993 -0.105353 0.429159 -0.280955 -0.108418
0.430925 -0.277994 -0.110661 0.432221 -0.275028 -0.112897 0.433515 -0.272053 -0.115125 0.434807
-0.269068 -0.117342 0.436092 -0.265998 -0.119603 0.437403 -0.264611 -0.120624 0.437995 -0.263226
-0.121645 0.438589 -0.261843 -0.122669 0.439184 -0.260462 -0.123694 0.439782 -0.259099 -0.124704
0.440372 -0.257254 -0.126068 0.441169 -0.25541 -0.127432 0.441967 -0.253568 -0.128797 0.442767
-0.251726 -0.130164 0.443567 -0.249874 -0.131536 0.44437 -0.243642 -0.136152 0.447073 -0.237407
-0.140766 0.449774 -0.231169 -0.145378 0.452473 -0.22493 -0.149987 0.455172 -0.218711 -0.154575
0.457851 -0.218296 -0.15488 0.458029 -0.217881 -0.155185 0.458206 -0.217467 -0.155491 0.458384
-0.217052 -0.155796 0.458561 -0.216637 -0.156101 0.458739 -0.211959 -0.159541 0.46074 -0.207283
-0.162985 0.46274 -0.202606 -0.166429 0.464737 -0.197914 -0.16986 0.46672 -0.19308 -0.173373
0.468742 -0.191963 -0.174181 0.469206 -0.190844 -0.174989 0.469669 -0.189726 -0.175797 0.470132
-0.188608 -0.176605 0.470595 -0.187491 -0.17741 0.471056 -0.184706 -0.179413 0.4722 -0.181919
-0.181417 0.473342 -0.179131 -0.183421 0.47448 -0.17634 -0.185422 0.475615 -0.173533 -0.187428
0.476752 -0.163824 -0.194348 0.480673 -0.154053 -0.201221 0.484522 -0.144207 -0.208042 0.488267
-0.134295 -0.214815 0.49193 -0.124989 -0.221086 0.495275 -0.122319 -0.222867 0.49622 -0.119645
-0.224644 0.497159 -0.116967 -0.226419 0.49809 -0.114285 -0.228191 0.499015 -0.111401 -0.23009
0.499999 -0.105334 -0.234064 0.502033 -0.0992354 -0.238016 0.504012 -0.0931063 -0.241941 0.505952
-0.0869571 -0.245841 0.507878 -0.0803776 -0.249962 0.509883 -0.0767978 -0.25217 0.51093 -0.0732123
-0.254371 0.511973 -0.069621 -0.256566 0.51301 -0.066024 -0.258753 0.514042 -0.0624787 -0.260888
0.515031 -0.0499759 -0.268343 0.518414 -0.0373691 -0.275661 0.521708 -0.0246406 -0.282832 0.524853
-0.011788 -0.28985 0.527835 3.61484e-05 -0.296104 0.530282 0.00640216 -0.299372 0.531451 0.0127984
-0.302591 0.53259 0.0192231 -0.305765 0.533695 0.0256729 -0.308901 0.53476 0.0330679 -0.31244
0.53593 0.038967 -0.315191 0.536787 0.0448972 -0.317894 0.537584 0.0508573 -0.320547 0.538319
0.0568384 -0.323165 0.53901 0.0625636 -0.325621 0.539619 0.0750641 -0.330885 0.540812 0.0876123
-0.336034 0.542005 0.100223 -0.341051 0.5431 0.112926 -0.345875 0.543973 0.125068 -0.350249
0.544562 0.131321 -0.352381 0.544719 0.137587 -0.354476 0.544846 0.143865 -0.356535 0.54494
0.150154 -0.358564 0.545001 0.156334 -0.360508 0.544998 0.162581 -0.362425 0.544934 0.168842
-0.364296 0.544832 0.175114 -0.366127 0.544696 0.181393 -0.367929 0.544528 0.187571 -0.36967
0.544331 0.191228 -0.37069 0.544198 0.194889 -0.371693 0.544048 0.198552 -0.372684 0.543885
0.202218 -0.373664 0.543708 0.206391 -0.374765 0.543491 0.215128 -0.377039 0.542999 0.223877
-0.379249 0.542446 0.232635 -0.381417 0.541863 0.241399 -0.383555 0.541268 0.250073 -0.385663
0.540687 0.262569 -0.388627 0.539714 0.275083 -0.391517 0.538754 0.287614 -0.394299 0.537698
0.300154 -0.397027 0.536611 0.312553 -0.399662 0.535427 0.325052 -0.402243 0.534084 0.337562
-0.404765 0.532744 0.350085 -0.407226 0.531404 0.36261 -0.409635 0.52999 0.375045 -0.411983
0.528441 0.387541 -0.414301 0.526742 0.400049 -0.41657 0.525073 0.412567 -0.418786 0.523403
0.425089 -0.420942 0.521684 0.437523 -0.423048 0.519947 0.450023 -0.425145 0.518132 0.462532
-0.427204 0.516336 0.475052 -0.429193 0.514534 0.487581 -0.431105 0.512715 0.500024 -0.432925
0.510894 0.506219 -0.433814 0.509981 0.512422 -0.43466 0.509077 0.518629 -0.435478 0.508176
0.524839 -0.436269 0.507272 0.533764 -0.437369 0.505974 0.539513 -0.438046 0.505137 0.545265
-0.438703 0.5043 0.551018 -0.439342 0.503463 0.556774 -0.439962 0.502626 0.56251 -0.440561
0.501791 0.564939 -0.440806 0.501436 0.567368 -0.441048 0.501082 0.569797 -0.441287 0.500727
0.572226 -0.441522 0.500372 0.574653 -0.441751 0.500016 0.584723 -0.442687 0.498538 0.5948
-0.443544 0.497054 0.604881 -0.444321 0.495564 0.614972 -0.445048 0.494107 0.625004 -0.445721
0.492695 0.637503 -0.446518 0.490946 0.650012 -0.447213 0.489228 0.662526 -0.447808 0.487516
0.675049 -0.448328 0.485832 0.687497 -0.448803 0.484217 0.699996 -0.449248 0.482595 0.712503
-0.449619 0.481024 0.725014 -0.449911 0.479466 0.737532 -0.450154 0.47795 0.74999 -0.450385
0.47651 0.76249 -0.450612 0.475074 0.774997 -0.450764 0.473683 0.787509 -0.450887 0.472345
0.800027 -0.45098 0.471056 0.812491 -0.451039 0.469812 0.824992 -0.451096 0.468587 0.837498
-0.451099 0.467401 0.850007 -0.451078 0.466258 0.862521 -0.451038 0.465162 0.874999 -0.450983
0.464123 0.887499 -0.450944 0.463106 0.900003 -0.450855 0.462135 0.912512 -0.450755 0.461225
0.925023 -0.450645 0.460355 0.937502 -0.450526 0.45953 0.950002 -0.45042 0.458755 0.962503
-0.450287 0.457998 0.975006 -0.450146 0.457289 0.987513 -0.449991 0.456637 1 -0.449832
0.455999 1.0125 -0.449686 0.455371 1.025 -0.449498 0.454788 1.0375 -0.449288 0.454245
1.05001 -0.449063 0.453722 1.0625 -0.448829 0.45321 1.075 -0.448578 0.452765 1.0875
-0.448298 0.452288 1.09999 -0.447972 0.451842 1.11249 -0.447618 0.451413 1.125 -0.447253
0.450982 1.1375 -0.446891 0.450534 1.15 -0.446491 0.45011 1.1625 -0.446052 0.449698
1.17499 -0.445603 0.44929 1.1875 -0.445175 0.448874 1.2 -0.444749 0.448476 1.2125
-0.444335 0.44803 1.225 -0.443932 0.447579 1.2375 -0.44354 0.447123 1.25 -0.44316
0.44666 1.2625 -0.442813 0.446171 1.275 -0.442475 0.445668 1.2875 -0.44216 0.445146
1.3 -0.441868 0.444603 1.3125 -0.4416 0.444039 1.325 -0.441356 0.44346 1.3375
-0.44114 0.442842 1.35 -0.440954 0.442194 1.36249 -0.440797 0.441516 1.375 -0.440671
0.440808 1.38609 -0.440593 0.440146 1.39719 -0.440532 0.439459 1.40828 -0.440497 0.438743
1.41937 -0.440487 0.437998 1.42652 -0.440498 0.4375 1.42872 -0.440504 0.437343 1.43091
-0.440512 0.437185 1.43311 -0.44052 0.437025 1.4353 -0.440529 0.436865 1.4375 -0.44054
0.436703 1.45 -0.440605 0.435775 1.4625 -0.440699 0.434805 1.47499 -0.440824 0.433794
1.48748 -0.440981 0.432738 1.5 -0.441173 0.431634 1.5125 -0.441398 0.43049 1.52499
-0.441651 0.429297 1.53748 -0.441936 0.428059 1.54997 -0.442256 0.426776 1.5625 -0.442611
0.425442 1.575 -0.443008 0.424052 1.5875 -0.44343 0.422632 1.59999 -0.443889 0.421169
1.61247 -0.444384 0.419663 1.625 -0.444916 0.418107 1.6375 -0.445486 0.416517 1.64999
-0.44609 0.414882 1.66248 -0.446733 0.413205 1.67495 -0.44742 0.411486 1.6875 -0.448154
0.409717 1.7 -0.448944 0.407888 1.7125 -0.449768 0.406051 1.72498 -0.450642 0.404176
1.73746 -0.451567 0.402259 1.75 -0.452547 0.400286 1.7625 -0.453579 0.398284 1.77499
-0.454667 0.396251 1.78747 -0.455812 0.394178 1.79993 -0.457015 0.39206 1.8125 -0.458291
0.38987 1.825 -0.45963 0.387624 1.8375 -0.461024 0.385392 1.84998 -0.462481 0.383129
1.86245 -0.464002 0.38082 1.875 -0.465599 0.378448 1.87858 -0.466074 0.377759 1.88216
-0.466554 0.377067 1.88573 -0.46704 0.376371 1.88931 -0.467531 0.375671 1.89271 -0.468004
0.375 1.90167 -0.469261 0.373225 1.91062 -0.470551 0.371431 1.91956 -0.471874 0.369624
1.9285 -0.47323 0.367808 1.9375 -0.474632 0.365967 1.95 -0.47662 0.363382 1.96248
-0.478685 0.360766 1.97495 -0.480816 0.358127 1.9874 -0.483014 0.355466 2 -0.485297
0.352736 2.0125 -0.487605 0.34998 2.02498 -0.489999 0.347213 2.03745 -0.492447 0.344427
2.0499 -0.494952 0.341625 2.0625 -0.497547 0.338773 2.06483 -0.498038 0.338242 2.06716
-0.498531 0.33771 2.06949 -0.499026 0.337178 2.07182 -0.499523 0.336647 2.07405 -0.5
0.336138 2.08424 -0.50219 0.333811 2.09442 -0.504422 0.331478 2.10459 -0.506693 0.329137
2.11475 -0.509004 0.326788 2.125 -0.511378 0.324406 2.13527 -0.513786 0.322025 2.14552
-0.516244 0.319642 2.15577 -0.518733 0.317267 2.16602 -0.521254 0.314903 2.17647 -0.523857
0.3125 2.17867 -0.524415 0.311995 2.18088 -0.524974 0.31149 2.18309 -0.525535 0.310985
2.18529 -0.526097 0.310481 2.1875 -0.526662 0.309977 2.2 -0.529864 0.30713 2.21249
-0.533112 0.30431 2.22498 -0.536406 0.301522 2.23747 -0.539743 0.298767 2.25 -0.543139
0.296033 2.2625 -0.546542 0.293362 2.27499 -0.550002 0.29073 2.28749 -0.553498 0.288147
2.29998 -0.557023 0.28562 2.3125 -0.560584 0.283144 2.31384 -0.560967 0.282886 2.31517
-0.561351 0.282628 2.31651 -0.561735 0.282372 2.31785 -0.562119 0.282115 2.31917 -0.5625
0.281863 2.33033 -0.565715 0.279735 2.3415 -0.568958 0.277654 2.35267 -0.572229 0.275619
2.36384 -0.575528 0.273629 2.375 -0.578853 0.271684 2.3875 -0.58259 0.269567 2.4
-0.586362 0.267522 2.4125 -0.590169 0.26554 2.425 -0.594006 0.263614 2.4375 -0.597861
0.261755 2.45 -0.601724 0.259954 2.4625 -0.605624 0.258228 2.475 -0.609545 0.256566
2.4875 -0.613487 0.254966 2.5 -0.617447 0.253431 2.50474 -0.618958 0.252866 2.50948
-0.620473 0.252311 2.51422 -0.62199 0.251763 2.51896 -0.623511 0.251225 2.52359 -0.625
0.250706 2.52487 -0.625412 0.250565 2.52616 -0.625825 0.250424 2.52744 -0.626238 0.250284
2.52872 -0.626651 0.250145 2.53006 -0.627082 0.25 2.53655 -0.629176 0.249299 2.54303
-0.631274 0.248614 2.54952 -0.633379 0.247942 2.55601 -0.635488 0.247285 2.5625 -0.637603
0.246643 2.575 -0.641686 0.245431 2.5875 -0.64579 0.244266 2.59999 -0.649912 0.243138
2.61248 -0.654053 0.242048 2.625 -0.658208 0.241018 2.6375 -0.662372 0.240027 2.65
-0.666551 0.239098 2.6625 -0.670736 0.238216 2.675 -0.674929 0.23738 2.6875 -0.679126
0.236589 2.69248 -0.680801 0.236277 2.69746 -0.68248 0.235975 2.70245 -0.684162 0.235678
2.70743 -0.685846 0.235386 2.71232 -0.6875 0.235103 2.71986 -0.690047 0.234674 2.72739
-0.692594 0.234257 2.73493 -0.695142 0.233853 2.74247 -0.69769 0.233462 2.75 -0.700237
0.233078 2.7625 -0.704469 0.232417 2.775 -0.708704 0.231834 2.78751 -0.712938 0.231288
2.80001 -0.717171 0.23075 2.8125 -0.721395 0.230221 2.825 -0.725629 0.229669 2.83751
-0.729852 0.229178 2.85002 -0.734064 0.228728 2.86253 -0.738261 0.228272 2.875 -0.742439
0.227815 2.87951 -0.743951 0.227635 2.88402 -0.745462 0.227465 2.88854 -0.746973 0.227297
2.89305 -0.748483 0.22713 2.89758 -0.75 0.226962 2.91806 -0.75686 0.226207 2.93856
-0.76368 0.225483 2.95908 -0.770458 0.224789 2.97961 -0.777175 0.224082 3 -0.783817
0.223363 3.025 -0.79206 0.222433 3.05005 -0.800173 0.221642 3.07512 -0.808219 0.220847
3.10021 -0.816197 0.220042 3.125 -0.824056 0.219279 3.15 -0.83207 0.218391 3.17504
-0.839964 0.217682 3.20012 -0.847776 0.217043 3.22521 -0.855529 0.216419 3.25 -0.863129
0.215797 3.25775 -0.865503 0.215572 3.2655 -0.867861 0.215366 3.27325 -0.87021 0.215163
3.28101 -0.872552 0.214959 3.28914 -0.875 0.214745 3.30631 -0.880151 0.214291 3.32349
-0.885275 0.213851 3.34068 -0.890372 0.213425 3.35788 -0.895445 0.213012 3.375 -0.900496
0.212612 3.4 -0.907824 0.212028 3.42502 -0.91508 0.211528 3.45007 -0.92227 0.211081
3.47512 -0.929414 0.210653 3.5 -0.936562 0.210219 3.525 -0.943878 0.209751 3.55005
-0.95102 0.209363 3.57514 -0.958036 0.209033 3.60024 -0.964992 0.20872 3.625 -0.971854
0.208387 3.64519 -0.977483 0.208079 3.6654 -0.983063 0.207826 3.6856 -0.988649 0.207582
3.70581 -0.994248 0.207341 3.72651 -1 0.207097 3.73121 -1.00131 0.207042 3.73591
-1.00262 0.206988 3.7406 -1.00394 0.206934 3.7453 -1.00525 0.206881 3.75 -1.00656
0.206828 3.8 -1.02054 0.206322 3.85001 -1.03449 0.205869 3.90008 -1.04822 0.2055
3.95017 -1.06185 0.205252 4 -1.07543 0.205186 4.05 -1.08915 0.205433 4.10002
-1.10279 0.205696 4.15009 -1.11628 0.206118 4.20016 -1.12973 0.20665 4.25 -1.14316
0.207348 4.3 -1.15214 0.207674 4.34902 -1.16544 0.208594 4.39804 -1.17872 0.209606
4.44707 -1.19196 0.210709 4.5 -1.2062 0.212007 4.53723 -1.21496 0.212877 4.57418
-1.2248 0.21393 4.61132 -1.23391 0.214912 4.64862 -1.24235 0.215831 4.68509 -1.25
0.216675 4.69807 -1.25254 0.216959 4.71104 -1.25513 0.217256 4.724 -1.25778 0.217566
4.73695 -1.26049 0.217889 4.75 -1.26328 0.21823 4.8 -1.27303 0.219476 4.84952
-1.28495 0.221022 4.89887 -1.2975 0.222765 4.94826 -1.30992 0.224648 5 -1.32278
0.226753 5.05 -1.33284 0.228457 5.09951 -1.345 0.230648 5.14905 -1.35705 0.232916
5.19861 -1.369 0.235281 5.25 -1.38127 0.237833 5.3 -1.39182 0.240227 5.34973
-1.40355 0.242867 5.39947 -1.41519 0.245574 5.44923 -1.42673 0.248343 5.47835 -1.43342
0.25 5.48268 -1.43441 0.250249 5.48701 -1.4354 0.250499 5.49134 -1.43639 0.250749
5.49567 -1.43737 0.251 5.5 -1.43836 0.251251 5.55 -1.44974 0.254164 5.60002
-1.46101 0.257125 5.65006 -1.4722 0.260143 5.70011 -1.4833 0.263216 5.75 -1.49426
0.266332 5.75527 -1.49541 0.26667 5.76054 -1.49656 0.267013 5.7658 -1.4977 0.267356
5.77107 -1.49885 0.267701 5.77636 -1.5 0.268048 5.82108 -1.50973 0.270995 5.86581
-1.51944 0.274019 5.91054 -1.52913 0.277119 5.95528 -1.53876 0.280287 6 -1.54831
0.283501 6.05 -1.55856 0.286978 6.09996 -1.56891 0.290677 6.14995 -1.57916 0.294422
6.19995 -1.58929 0.298213 6.25 -1.59931 0.302071 6.3 -1.6093 0.305971 6.35006
-1.61893 0.309947 6.40015 -1.6284 0.31399 6.45026 -1.63774 0.318082 6.5 -1.64674
0.322071 6.55 -1.65525 0.325808 6.59996 -1.66385 0.32985 6.64991 -1.67244 0.334084
6.69987 -1.68092 0.338377 6.75 -1.68942 0.342701 6.8 -1.69799 0.346992 6.85007
-1.70611 0.351356 6.90014 -1.71417 0.355766 6.95022 -1.72217 0.360219 7 -1.72997
0.364679 7.02634 -1.73398 0.366991 7.05268 -1.73799 0.369363 7.07902 -1.74196 0.371744
7.10537 -1.74588 0.374134 7.13327 -1.75 0.376674 7.15661 -1.75341 0.378809 7.17996
-1.7568 0.380953 7.20331 -1.76018 0.383109 7.22666 -1.76353 0.385275 7.25 -1.76686
0.38745 7.3 -1.77391 0.392035 7.34999 -1.78089 0.396797 7.39999 -1.78779 0.401607
7.45001 -1.79451 0.406459 7.5 -1.80103 0.411346 7.55 -1.80764 0.415961 7.6
-1.81403 0.42092 7.65 -1.82025 0.425974 7.70003 -1.82632 0.431069 7.75 -1.83222
0.436026 7.8 -1.83796 0.440664 7.84997 -1.84357 0.445799 7.89995 -1.84905 0.450923
7.94995 -1.85447 0.455979 8 -1.85984 0.460973 8.08605 -1.86939 0.468778 8.17213
-1.87872 0.476454 8.25826 -1.88775 0.483965 8.34443 -1.89649 0.491309 8.45093 -1.90685
0.5 8.46075 -1.90775 0.500742 8.47056 -1.90864 0.50148 8.48038 -1.90954 0.502213
8.49019 -1.91042 0.502941 8.5 -1.91131 0.503663 8.6 -1.92035 0.510951 8.70002
-1.92923 0.518158 8.80004 -1.9381 0.525365 8.90006 -1.94696 0.532572 9 -1.95579
0.539772 9.09477 -1.96464 0.546092 9.18954 -1.97317 0.552762 9.28431 -1.98203 0.559136
9.37906 -1.99123 0.565217 9.46622 -2 0.570549 9.57297 -2.01097 0.576779 9.67976
-2.02185 0.58273 9.78662 -2.03198 0.588532 9.89356 -2.04137 0.59419 10 -2.05002
0.599674 10.2 -2.06445 0.608546 10.3999 -2.07967 0.618096 10.6 -2.09264 0.626537
10.8004 -2.10143 0.633533 11 -2.10628 0.639059 11.2 -2.10826 0.641378 11.3999
-2.1117 0.646073 11.5999 -2.11526 0.650713 11.7998 -2.11895 0.655301 12 -2.12272
0.659959 12.2 -2.12496 0.661864 12.3999 -2.12916 0.66638 12.5999 -2.13347 0.670867
12.7998 -2.1379 0.675326 13 -2.14244 0.679855 13.2 -2.14485 0.681366 13.3999
-2.14976 0.685704 13.5998 -2.1548 0.690016 13.7997 -2.15998 0.694305 14 -2.16529
0.698657 14.2 -2.16788 0.699744 14.3999 -2.17395 0.703834 14.5998 -2.1802 0.707975
14.7996 -2.18662 0.712172 15 -2.194 0.716501 -1.001 1e-07 0.474784 -1.001
8e-08 0.474784 -1.001 6e-08 0.474784 -1.001 3.99999e-08 0.474784 -1.001 1.99997e-08
0.474784 -1.001 5.01068e-14 0.474784 -1.0008 -4.13733e-06 0.474783 -1.0006 -8.2769e-06 0.474781
-1.0004 -1.24187e-05 0.474779 -1.0002 -1.65628e-05 0.474778 -1 -2.07091e-05 0.474776 -0.9875
-0.000281248 0.474673 -0.975 -0.000549486 0.474551 -0.962501 -0.000825451 0.474411 -0.950002 -0.00111263
0.474247 -0.9375 -0.0014113 0.47406 -0.925 -0.00172104 0.473848 -0.912501 -0.00204303 0.473605
-0.900003 -0.00237738 0.47333 -0.887506 -0.00272375 0.473021 -0.875 -0.00307978 0.472684 -0.8625
-0.00344563 0.472316 -0.850002 -0.00382079 0.471909 -0.837505 -0.00420503 0.471462 -0.82501 -0.00460271
0.47097 -0.8125 -0.00501589 0.470432 -0.8 -0.00544341 0.469848 -0.787503 -0.00589207 0.469214
-0.77501 -0.0063692 0.468529 -0.762521 -0.00686699 0.467794 -0.75 -0.00737861 0.467005 -0.7375
-0.00791484 0.466169 -0.725005 -0.00847777 0.465281 -0.712514 -0.00907193 0.46435 -0.700028 -0.00970083
0.463378 -0.6875 -0.0103858 0.462372 -0.675 -0.0111323 0.461355 -0.662506 -0.011938 0.460311
-0.650016 -0.0128186 0.459278 -0.637531 -0.0137528 0.458232 -0.625 -0.0147484 0.457175 -0.6125
-0.0158341 0.456161 -0.600006 -0.0170091 0.455169 -0.587518 -0.0182674 0.454213 -0.575034 -0.019606
0.453304 -0.562499 -0.0210436 0.452452 -0.549999 -0.0225863 0.451701 -0.537509 -0.0242479 0.45104
-0.525032 -0.0260397 0.450484 -0.512566 -0.027942 0.450042 -0.499998 -0.0299778 0.449715 -0.487496
-0.0321414 0.449563 -0.475025 -0.0344779 0.449611 -0.4626 -0.0370278 0.449911 -0.450256 -0.0398999
0.450521 -0.437492 -0.0431713 0.45141 -0.431239 -0.0449988 0.452092 -0.425022 -0.046914 0.452859
-0.418845 -0.0489181 0.453712 -0.412708 -0.0510051 0.454656 -0.406228 -0.0533017 0.455761 -0.401269
-0.0551366 0.456697 -0.396355 -0.0570508 0.457705 -0.391486 -0.0590392 0.458788 -0.386661 -0.0610945
0.459943 -0.383545 -0.0624772 0.460743 -0.381826 -0.0632601 0.461204 -0.380114 -0.0640512 0.461673
-0.378407 -0.0648505 0.462151 -0.376706 -0.0656578 0.462637 -0.374951 -0.0665044 0.463151 -0.371254
-0.0683182 0.464262 -0.367587 -0.0701697 0.465407 -0.363953 -0.0720605 0.466592 -0.360352 -0.0739901
0.467817 -0.357835 -0.0753786 0.468709 -0.355001 -0.0769747 0.469743 -0.35218 -0.0785865 0.470791
-0.349372 -0.0802119 0.471851 -0.346576 -0.0818508 0.472922 -0.343662 -0.0835815 0.474057 -0.340325
-0.0855947 0.47538 -0.337014 -0.0876327 0.476728 -0.333727 -0.089695 0.4781 -0.330461 -0.0917804
0.479485 -0.327582 -0.093649 0.480722 -0.324542 -0.0956516 0.482045 -0.321522 -0.0976719 0.483388
-0.318521 -0.0997078 0.484751 -0.31554 -0.101759 0.486134 -0.312381 -0.10395 0.487612 -0.307161
-0.1076 0.490074 -0.301983 -0.111284 0.492571 -0.296832 -0.114994 0.495087 -0.291695 -0.118721
0.497607 -0.287003 -0.122149 0.499922 -0.286261 -0.122695 0.500291 -0.285519 -0.123241 0.50066
-0.284779 -0.123788 0.50103 -0.284039 -0.124335 0.5014 -0.283306 -0.124878 0.501767 -0.276631
-0.129824 0.505114 -0.269955 -0.134776 0.508449 -0.26326 -0.139723 0.511756 -0.256552 -0.144666
0.51504 -0.249931 -0.149563 0.518289 -0.248153 -0.150884 0.519162 -0.246374 -0.152204 0.520034
-0.244594 -0.153522 0.520904 -0.242812 -0.154839 0.521774 -0.241014 -0.156167 0.522649 -0.237484
-0.15877 0.524363 -0.233955 -0.161375 0.526077 -0.230427 -0.163982 0.527789 -0.226893 -0.166585
0.529495 -0.223297 -0.169226 0.531221 -0.222382 -0.169896 0.531658 -0.221466 -0.170566 0.532095
-0.220551 -0.171236 0.532531 -0.219635 -0.171906 0.532968 -0.218721 -0.172576 0.533403 -0.214649
-0.175552 0.535339 -0.210568 -0.178525 0.537262 -0.206476 -0.181491 0.53917 -0.202372 -0.184451
0.541064 -0.198172 -0.187459 0.542974 -0.196035 -0.188979 0.543931 -0.193893 -0.190496 0.544882
-0.191746 -0.192009 0.545825 -0.189593 -0.19352 0.54676 -0.187488 -0.194992 0.54767 -0.180599
-0.199804 0.550635 -0.173682 -0.204591 0.553574 -0.166723 -0.20935 0.556458 -0.159707 -0.214077
0.559259 -0.151206 -0.219701 0.562498 -0.145963 -0.223106 0.564408 -0.140713 -0.226504 0.566314
-0.135457 -0.229894 0.568215 -0.130194 -0.233276 0.570113 -0.12499 -0.236605 0.571968 -0.120775
-0.239278 0.573431 -0.116547 -0.24194 0.574873 -0.112304 -0.244591 0.576293 -0.10804 -0.24723
0.577674 -0.103569 -0.249971 0.579075 -0.0953498 -0.254955 0.581567 -0.0870797 -0.259885 0.583995
-0.0787658 -0.264769 0.586366 -0.0704138 -0.269613 0.588685 -0.0624739 -0.274164 0.590779 -0.0499647
-0.281204 0.59385 -0.0373398 -0.2881 0.596772 -0.0246094 -0.294857 0.599555 -0.01173 -0.30145
0.602031 7.51016e-05 -0.307263 0.603968 0.00224123 -0.308284 0.604253 0.00440981 -0.309302 0.604534
0.00658114 -0.310316 0.604808 0.00875572 -0.311324 0.605074 0.011025 -0.312371 0.605342 0.0213467
-0.317098 0.60652 0.0317284 -0.321727 0.607556 0.0421777 -0.326237 0.608421 0.0526867 -0.33063
0.60915 0.0626397 -0.334619 0.609647 0.0672713 -0.336388 0.609774 0.0719116 -0.338135 0.60989
0.0765616 -0.339857 0.609981 0.0812215 -0.341554 0.610038 0.0865492 -0.343463 0.610068 0.0880148
-0.34398 0.610066 0.0894811 -0.344495 0.610062 0.0909479 -0.345008 0.610056 0.0924153 -0.345519
0.610048 0.0938774 -0.346027 0.610038 0.100125 -0.348181 0.609977 0.10639 -0.350284 0.609864
0.11267 -0.352337 0.609696 0.118964 -0.354342 0.609476 0.125119 -0.356263 0.609222 0.13137
-0.358185 0.608934 0.137633 -0.360055 0.608591 0.143909 -0.361871 0.608191 0.150195 -0.363642
0.607742 0.156374 -0.365342 0.607258 0.16262 -0.36702 0.606728 0.168876 -0.368653 0.606164
0.175137 -0.370256 0.60558 0.181404 -0.37183 0.604974 0.187607 -0.373356 0.604351 0.18858
-0.373591 0.604251 0.189552 -0.373825 0.604149 0.190525 -0.374058 0.604047 0.191498 -0.37429
0.603943 0.192511 -0.374531 0.603835 0.20403 -0.377259 0.602593 0.215564 -0.379882 0.60127
0.227111 -0.382399 0.599865 0.238671 -0.384845 0.59843 0.250106 -0.387205 0.596996 0.262594
-0.389649 0.595244 0.275097 -0.392053 0.593543 0.287609 -0.394391 0.591818 0.300127 -0.396689
0.590078 0.312547 -0.398907 0.58826 0.318793 -0.399977 0.58727 0.325041 -0.401036 0.58628
0.331288 -0.402085 0.585272 0.337533 -0.403126 0.584248 0.343778 -0.404158 0.583206 0.346073
-0.404534 0.582815 0.348369 -0.404909 0.582423 0.350664 -0.405283 0.582028 0.352959 -0.405657
0.581632 0.355319 -0.40604 0.581221 0.359259 -0.406677 0.580531 0.363198 -0.407312 0.579835
0.367137 -0.407945 0.579133 0.371075 -0.408574 0.578427 0.375019 -0.409201 0.577714 0.381268
-0.410191 0.576583 0.387515 -0.41117 0.575428 0.39376 -0.412141 0.574258 0.400004 -0.413104
0.573075 0.406265 -0.414065 0.571877 0.412515 -0.415008 0.570668 0.418766 -0.415948 0.569463
0.42502 -0.416886 0.568269 0.431276 -0.417822 0.567088 0.437514 -0.418753 0.565921 0.441224
-0.419308 0.56524 0.444935 -0.419858 0.564564 0.448648 -0.420403 0.563891 0.452362 -0.420943
0.563221 0.4563 -0.421509 0.562514 0.465044 -0.422754 0.560953 0.473796 -0.423976 0.559409
0.482549 -0.425171 0.557856 0.491304 -0.42634 0.556294 0.500024 -0.427478 0.55473 0.512521
-0.429156 0.552462 0.52505 -0.430655 0.550242 0.537586 -0.432056 0.547999 0.550136 -0.433363
0.545778 0.562512 -0.434546 0.543614 0.568761 -0.435077 0.542522 0.575012 -0.435576 0.54143
0.581266 -0.436045 0.540335 0.587521 -0.436484 0.539237 0.593757 -0.436891 0.538138 0.595496
-0.436996 0.537831 0.597236 -0.437099 0.537524 0.598975 -0.437201 0.537218 0.600715 -0.437301
0.536911 0.60273 -0.437416 0.536556 0.607185 -0.437662 0.535773 0.611641 -0.437896 0.534993
0.616097 -0.438118 0.534215 0.620555 -0.438327 0.533439 0.625003 -0.438522 0.532668 0.637502
-0.439038 0.530506 0.650006 -0.439456 0.528357 0.662515 -0.439782 0.526221 0.675031 -0.440035
0.524114 0.687496 -0.440235 0.522054 0.699994 -0.440459 0.520041 0.712496 -0.440546 0.518038
0.725001 -0.44056 0.516059 0.737514 -0.440523 0.514124 0.749987 -0.44047 0.512264 0.762487
-0.440392 0.510446 0.774995 -0.440286 0.508685 0.787511 -0.440147 0.506982 0.800034 -0.439975
0.505336 0.812487 -0.43977 0.503757 0.818633 -0.439656 0.503007 0.82478 -0.439532 0.502271
0.830929 -0.439403 0.501549 0.83708 -0.439268 0.500841 0.844491 -0.439099 0.500006 0.850592
-0.438954 0.499337 0.856695 -0.438802 0.498682 0.8628 -0.438645 0.498041 0.868905 -0.438484
0.497415 0.874998 -0.438318 0.496803 0.880943 -0.438152 0.496219 0.886889 -0.437983 0.495648
0.892836 -0.437812 0.495092 0.898785 -0.437638 0.49455 0.903782 -0.43749 0.494106 0.910526
-0.437288 0.493522 0.917271 -0.437082 0.492956 0.924018 -0.436873 0.492408 0.930767 -0.436659
0.491878 0.937503 -0.436442 0.491367 0.950003 -0.436034 0.490444 0.962507 -0.435611 0.489583
0.975015 -0.435164 0.488792 0.987526 -0.434708 0.488062 1 -0.434261 0.487386 1.00625
-0.434032 0.487075 1.0125 -0.433795 0.486782 1.01875 -0.433552 0.486501 1.02501 -0.433301
0.486238 1.03125 -0.433042 0.485994 1.0375 -0.432783 0.485768 1.04375 -0.432517 0.48554
1.05 -0.432247 0.485315 1.05625 -0.431973 0.485093 1.0625 -0.431695 0.484875 1.06875
-0.431419 0.48466 1.075 -0.43112 0.484458 1.08125 -0.430809 0.484265 1.0875 -0.430485
0.484083 1.09375 -0.430147 0.483916 1.1 -0.429801 0.483773 1.10625 -0.429442 0.483619
1.11249 -0.429075 0.483461 1.11874 -0.428702 0.483303 1.125 -0.428324 0.483146 1.13125
-0.427946 0.48299 1.13749 -0.427549 0.48284 1.14374 -0.427136 0.482697 1.14999 -0.426712
0.482559 1.15624 -0.42628 0.482435 1.16249 -0.425843 0.482329 1.16874 -0.425405 0.482203
1.17499 -0.424968 0.482058 1.18124 -0.424535 0.481908 1.18749 -0.424111 0.481758 1.19999
-0.423282 0.481456 1.2125 -0.422455 0.481159 1.225 -0.421614 0.480862 1.2375 -0.420787
0.480549 1.25 -0.420016 0.480217 1.2625 -0.419329 0.47989 1.27499 -0.418596 0.479548
1.28749 -0.417852 0.479188 1.29999 -0.41713 0.478812 1.3125 -0.416481 0.478382 1.325
-0.415942 0.477877 1.3375 -0.415362 0.477404 1.35 -0.414757 0.476949 1.3625 -0.414183
0.476464 1.375 -0.413669 0.475969 1.3875 -0.413221 0.475468 1.4 -0.41278 0.474915
1.41249 -0.412346 0.474309 1.42499 -0.41195 0.473665 1.4375 -0.411659 0.472918 1.45
-0.411474 0.47207 1.4625 -0.411267 0.471241 1.475 -0.411039 0.470431 1.4875 -0.410845
0.469588 1.5 -0.410714 0.468699 1.5125 -0.410645 0.467764 1.525 -0.410598 0.466783
1.53749 -0.410572 0.465757 1.54998 -0.410585 0.464679 1.5625 -0.410679 0.463477 1.575
-0.410855 0.462156 1.5875 -0.411025 0.460869 1.60001 -0.411193 0.459606 1.61251 -0.411401
0.458295 1.625 -0.411652 0.456922 1.6375 -0.411953 0.455482 1.65 -0.412292 0.454011
1.66248 -0.412668 0.452489 1.67496 -0.41309 0.45092 1.6875 -0.413562 0.44929 1.7
-0.414105 0.447538 1.7125 -0.41468 0.445817 1.725 -0.415308 0.444053 1.73748 -0.415991
0.442244 1.75 -0.416727 0.440371 1.7537 -0.41696 0.439797 1.75741 -0.417199 0.43922
1.76111 -0.417442 0.438638 1.76481 -0.417691 0.43805 1.76823 -0.417925 0.4375 1.77709
-0.418542 0.436067 1.78594 -0.419187 0.43462 1.79478 -0.419861 0.43316 1.80362 -0.420564
0.431688 1.8125 -0.421299 0.430195 1.825 -0.422372 0.428049 1.83749 -0.423515 0.425882
1.84997 -0.42472 0.423686 1.86244 -0.425986 0.421463 1.875 -0.427323 0.419186 1.8875
-0.428699 0.416822 1.89999 -0.430152 0.41446 1.91247 -0.431667 0.412057 1.92493 -0.433242
0.409621 1.9375 -0.434894 0.407128 1.94133 -0.435415 0.406355 1.94516 -0.435943 0.40558
1.94899 -0.436476 0.404802 1.95282 -0.437015 0.404021 1.95622 -0.4375 0.403324 1.96498
-0.438758 0.401526 1.97373 -0.440047 0.399712 1.98246 -0.44137 0.397879 1.99119 -0.442725
0.396026 2 -0.444126 0.394135 2.0125 -0.446158 0.391421 2.02498 -0.44827 0.388683
2.03745 -0.450446 0.385915 2.04989 -0.452683 0.383117 2.0625 -0.455009 0.380247 2.06705
-0.45587 0.379198 2.0716 -0.456742 0.378148 2.07614 -0.457622 0.377098 2.08068 -0.458511
0.376046 2.08519 -0.459401 0.375 2.09315 -0.460988 0.37315 2.10111 -0.462598 0.371294
2.10906 -0.464231 0.369432 2.117 -0.465889 0.367564 2.125 -0.467583 0.365676 2.1375
-0.470252 0.362727 2.14998 -0.472996 0.359775 2.16245 -0.475798 0.356824 2.17491 -0.478662
0.353884 2.1875 -0.481603 0.350927 2.2 -0.484554 0.348009 2.21249 -0.48758 0.34512
2.22497 -0.490658 0.342259 2.23745 -0.493785 0.339431 2.25 -0.496977 0.336624 2.25234
-0.497582 0.336107 2.25469 -0.498189 0.335591 2.25703 -0.498797 0.335077 2.25937 -0.499407
0.334564 2.26164 -0.5 0.33407 2.27182 -0.502661 0.331861 2.28198 -0.505359 0.329684
2.29215 -0.508092 0.327537 2.30231 -0.510863 0.32542 2.3125 -0.513678 0.323328 2.32325
-0.516664 0.321162 2.33399 -0.51969 0.319043 2.34473 -0.522743 0.316969 2.35548 -0.525825
0.314934 2.36857 -0.529619 0.3125 2.36986 -0.529996 0.312267 2.37114 -0.530373 0.312034
2.37243 -0.530751 0.311801 2.37371 -0.531129 0.31157 2.375 -0.531507 0.311338 2.3875
-0.535191 0.309097 2.4 -0.538916 0.306908 2.41249 -0.54268 0.304771 2.42499 -0.54647
0.302719 2.4375 -0.550289 0.300751 2.44546 -0.552731 0.299525 2.45342 -0.555193 0.298335
2.46138 -0.557664 0.29717 2.46934 -0.560141 0.296027 2.4769 -0.5625 0.294962 2.48152
-0.563945 0.294324 2.48614 -0.565394 0.293693 2.49076 -0.566848 0.293072 2.49538 -0.568306
0.292459 2.5 -0.56977 0.291853 2.5125 -0.573734 0.290227 2.525 -0.577731 0.288687
2.5375 -0.581757 0.287201 2.54999 -0.585808 0.285767 2.5625 -0.58987 0.284369 2.575
-0.593928 0.283 2.5875 -0.598019 0.281706 2.59999 -0.602145 0.280483 2.61248 -0.606281
0.279305 2.625 -0.610428 0.278137 2.63379 -0.613343 0.277317 2.64257 -0.616264 0.276533
2.65136 -0.619186 0.275769 2.66015 -0.622105 0.275022 2.66886 -0.625 0.274298 2.67259
-0.62624 0.273995 2.67632 -0.627482 0.273696 2.68004 -0.628725 0.273401 2.68377 -0.62997
0.273109 2.6875 -0.631217 0.272821 2.7 -0.635397 0.271852 2.7125 -0.639587 0.270943
2.725 -0.643786 0.270067 2.7375 -0.647994 0.269225 2.75 -0.652194 0.268387 2.7625
-0.656379 0.267538 2.775 -0.66057 0.266752 2.78751 -0.66476 0.266008 2.80002 -0.668945
0.265294 2.8125 -0.673117 0.264595 2.82114 -0.675993 0.264103 2.82979 -0.678864 0.263637
2.83844 -0.681726 0.263183 2.84709 -0.68458 0.262738 2.85597 -0.6875 0.262289 2.85978
-0.688748 0.2621 2.86358 -0.689995 0.261914 2.86739 -0.691242 0.26173 2.8712 -0.692489
0.261548 2.875 -0.693734 0.261367 2.8875 -0.697818 0.260757 2.90001 -0.701891 0.2602
2.91252 -0.705949 0.259641 2.92503 -0.709993 0.259078 2.9375 -0.714006 0.25853 2.95
-0.718005 0.257956 2.96251 -0.721983 0.257427 2.97502 -0.725941 0.256907 2.98755 -0.729879
0.256396 3 -0.733774 0.255891 3.01044 -0.737019 0.255451 3.02089 -0.740249 0.255032
3.03134 -0.743463 0.254622 3.0418 -0.746663 0.254223 3.05275 -0.75 0.253813 3.0672
-0.754375 0.253272 3.08166 -0.758729 0.252728 3.09612 -0.763061 0.252172 3.11059 -0.767371
0.251602 3.125 -0.771641 0.251027 3.1303 -0.773206 0.250821 3.1356 -0.774766 0.250616
3.1409 -0.776324 0.250409 3.1462 -0.777878 0.250201 3.15128 -0.779365 0.25 3.17103
-0.785128 0.249214 3.19078 -0.790846 0.248415 3.21055 -0.79653 0.247652 3.23033 -0.802179
0.24692 3.25 -0.807754 0.246203 3.275 -0.814803 0.245279 3.30002 -0.821769 0.244375
3.32507 -0.828678 0.243499 3.35012 -0.835535 0.24267 3.375 -0.842287 0.241897 3.39918
-0.84883 0.241124 3.42338 -0.855304 0.24043 3.4476 -0.861732 0.239775 3.47183 -0.868116
0.239156 3.49814 -0.875 0.238501 3.49851 -0.875096 0.238491 3.49889 -0.875193 0.238482
3.49926 -0.875289 0.238473 3.49963 -0.875386 0.238464 3.5 -0.875482 0.238454 3.525
-0.881971 0.23783 3.55002 -0.888387 0.23724 3.57506 -0.894734 0.236683 3.60011 -0.901043
0.236144 3.625 -0.907272 0.235628 3.65 -0.913523 0.235092 3.67501 -0.919726 0.234615
3.70003 -0.925921 0.234162 3.72505 -0.932091 0.233731 3.75 -0.938216 0.233322 3.775
-0.944482 0.232879 3.80004 -0.950609 0.23251 3.82507 -0.956722 0.232167 3.85013 -0.962788
0.231836 3.875 -0.96876 0.23152 3.9 -0.974812 0.231176 3.92501 -0.980815 0.230897
3.95002 -0.986832 0.230643 3.97502 -0.992887 0.230398 4 -0.998977 0.230164 4.00083
-0.999181 0.230156 4.00166 -0.999386 0.230148 4.0025 -0.99959 0.23014 4.00333 -0.999795
0.230132 4.00416 -1 0.230125 4.05333 -1.0121 0.229664 4.10252 -1.02409 0.229312
4.15176 -1.03592 0.229088 4.201 -1.04772 0.229017 4.25 -1.05955 0.229124 4.3
-1.06943 0.229163 4.34952 -1.08148 0.229518 4.39906 -1.09347 0.23 4.44861 -1.10537
0.230647 4.5 -1.11775 0.231486 4.55 -1.12999 0.232489 4.60004 -1.14208 0.233618
4.65008 -1.15411 0.23484 4.70013 -1.16613 0.236116 4.75 -1.1781 0.237438 4.8
-1.19029 0.238882 4.85003 -1.20235 0.240346 4.90006 -1.21442 0.24185 4.95009 -1.22649
0.243406 5 -1.23853 0.24501 5.00945 -1.24082 0.245325 5.0189 -1.24311 0.245641
5.02835 -1.24539 0.245959 5.03779 -1.24768 0.246279 5.04753 -1.25 0.246603 5.06846
-1.25489 0.247282 5.08936 -1.2599 0.247996 5.11027 -1.26491 0.248727 5.13117 -1.26989
0.249475 5.14552 -1.2733 0.25 5.16642 -1.27826 0.250776 5.18732 -1.28321 0.251569
5.20822 -1.28814 0.252378 5.22912 -1.29305 0.253203 5.25 -1.29795 0.254043 5.3
-1.30961 0.25608 5.35 -1.32123 0.258195 5.40002 -1.33281 0.260374 5.45004 -1.34434
0.262619 5.5 -1.35579 0.264921 5.55 -1.36718 0.267382 5.60004 -1.37842 0.269808
5.65009 -1.38959 0.272292 5.70015 -1.40069 0.274828 5.75 -1.41169 0.277392 5.8
-1.4225 0.279907 5.85 -1.43327 0.282571 5.90002 -1.44397 0.285279 5.95005 -1.45458
0.288052 6 -1.46509 0.290883 6.03257 -1.47207 0.292869 6.06518 -1.47882 0.29481
6.09779 -1.48559 0.296794 6.1304 -1.49239 0.29882 6.16678 -1.5 0.30113 6.18343
-1.50349 0.302211 6.20007 -1.50698 0.303301 6.21672 -1.51046 0.304399 6.23336 -1.51392
0.305504 6.25 -1.51736 0.306614 6.3 -1.52771 0.309977 6.35004 -1.53785 0.313421
6.40008 -1.54791 0.316934 6.45014 -1.5579 0.320516 6.5 -1.56772 0.324109 6.55
-1.57703 0.327451 6.59996 -1.58645 0.331094 6.64991 -1.59586 0.334925 6.69988 -1.60513
0.338773 6.75 -1.61444 0.342636 6.8 -1.62382 0.346475 6.85007 -1.63276 0.350389
6.90021 -1.64128 0.354375 6.95038 -1.64965 0.358379 7 -1.65758 0.362106 7.05
-1.6653 0.365646 7.09996 -1.67314 0.369486 7.1499 -1.68099 0.373521 7.19985 -1.68876
0.377593 7.25 -1.69656 0.381705 7.3 -1.70449 0.38579 7.35006 -1.712 0.389913
7.40012 -1.71953 0.394073 7.45018 -1.72697 0.398263 7.5 -1.73427 0.402459 7.52183
-1.73741 0.404277 7.54365 -1.74056 0.406125 7.56548 -1.74368 0.407979 7.5873 -1.74678
0.409839 7.61008 -1.75 0.411787 7.63806 -1.75393 0.414189 7.66605 -1.75781 0.416605
7.69405 -1.76165 0.419036 7.72204 -1.76548 0.421479 7.75 -1.76928 0.423933 7.8
-1.776 0.428222 7.85 -1.78257 0.432767 7.90001 -1.78901 0.437374 7.95002 -1.79533
0.442034 8 -1.80153 0.446742 8.1 -1.81429 0.455241 8.20005 -1.82676 0.463589
8.30017 -1.83879 0.471688 8.4004 -1.85023 0.479259 8.5 -1.86105 0.486255 8.54207
-1.86543 0.489004 8.58414 -1.86977 0.491713 8.62623 -1.87405 0.494359 8.66832 -1.8783
0.496983 8.71712 -1.8832 0.5 8.77369 -1.88884 0.503463 8.83027 -1.89448 0.506928
8.88684 -1.90013 0.510393 8.94342 -1.90579 0.51386 9 -1.91146 0.517328 9.1
-1.92178 0.523371 9.2 -1.93199 0.529601 9.29999 -1.94235 0.535755 9.39997 -1.95285
0.541836 9.5 -1.9635 0.547849 9.56601 -1.9708 0.551325 9.63202 -1.97787 0.555183
9.69805 -1.9848 0.558921 9.76411 -1.99158 0.562544 9.84786 -2 0.566992 9.87829
-2.00298 0.568543 9.90872 -2.0059 0.570083 9.93916 -2.00875 0.571611 9.96961 -2.01155
0.573129 10 -2.01429 0.574632 10.2 -2.03176 0.584112 10.4 -2.04934 0.593286
10.6004 -2.06244 0.601045 10.8011 -2.07134 0.607381 11 -2.07628 0.612248 11.2
-2.07817 0.614465 11.4 -2.08113 0.61834 11.5999 -2.08419 0.622147 11.7999 -2.08737
0.625887 12 -2.09061 0.629699 12.2 -2.09274 0.631512 12.4 -2.09633 0.63521
12.5999 -2.10001 0.638861 12.7999 -2.10379 0.642468 13 -2.10765 0.646144 13.2
-2.10994 0.647577 13.3999 -2.11411 0.651098 13.5999 -2.11839 0.654576 13.7998 -2.12279
0.658013 14 -2.12729 0.661513 14.2 -2.12974 0.66254 14.3999 -2.13485 0.665844
14.5998 -2.14011 0.669179 14.7998 -2.14551 0.672546 15 -2.15217 0.676041 -1.001
1e-07 0.527416 -1.001 8e-08 0.527416 -1.001 6e-08 0.527416 -1.001 3.99999e-08
0.527416 -1.001 1.99998e-08 0.527416 -1.001 1.63617e-14 0.527416 -1.0008 -4.86099e-06 0.527415
-1.0006 -9.72425e-06 0.527414 -1.0004 -1.45898e-05 0.527413 -1.0002 -1.94576e-05 0.527413 -1
-2.43277e-05 0.527412 -0.9875 -0.000330116 0.527361 -0.975 -0.000648282 0.52729 -0.962501 -0.000978884
0.527198 -0.950003 -0.00132141 0.527083 -0.9375 -0.00167592 0.526944 -0.925 -0.00204159 0.526781
-0.912501 -0.00242084 0.526586 -0.900003 -0.00281303 0.526358 -0.887506 -0.00321861 0.526096 -0.875
-0.00364126 0.5258 -0.8625 -0.00407888 0.525467 -0.850002 -0.00453901 0.52509 -0.837507 -0.00502394
0.524667 -0.825013 -0.00552395 0.524197 -0.8125 -0.00603986 0.52368 -0.8 -0.00657509 0.523118
-0.787504 -0.00713638 0.522501 -0.775011 -0.00772714 0.521834 -0.762523 -0.0083474 0.521117 -0.75
-0.00901276 0.520352 -0.7375 -0.00973099 0.519557 -0.725006 -0.0105076 0.518721 -0.712518 -0.0113516
0.517865 -0.700036 -0.0122495 0.516977 -0.6875 -0.013206 0.516052 -0.675 -0.0142526 0.515143
-0.662508 -0.0153889 0.514226 -0.650024 -0.0166113 0.513326 -0.637546 -0.0179198 0.512449 -0.625
-0.0193291 0.511589 -0.6125 -0.0208517 0.510804 -0.600011 -0.0224931 0.510079 -0.587534 -0.0242546
0.509437 -0.57507 -0.0261274 0.508881 -0.5625 -0.0281338 0.508409 -0.55 -0.0302572 0.508063
-0.53752 -0.0325156 0.507865 -0.525062 -0.0348986 0.507833 -0.512635 -0.0374346 0.507968 -0.499999
-0.0401959 0.508278 -0.487499 -0.0430963 0.50879 -0.475059 -0.0461927 0.509575 -0.462701 -0.0495188
0.510648 -0.450439 -0.0530812 0.512019 -0.437497 -0.0571432 0.513807 -0.434308 -0.0582138 0.514339
-0.431129 -0.0593005 0.514901 -0.427963 -0.0604078 0.51549 -0.424809 -0.0615375 0.516104 -0.422195
-0.0624965 0.516637 -0.412752 -0.06603 0.518635 -0.403426 -0.0697332 0.520863 -0.394207 -0.0735702
0.523301 -0.385151 -0.0775979 0.526025 -0.37498 -0.0824083 0.529381 -0.362475 -0.0886655 0.533856
-0.350243 -0.0951949 0.538685 -0.338265 -0.101969 0.543803 -0.326485 -0.108933 0.549123 -0.312462
-0.117599 0.555813 -0.310229 -0.119071 0.556953 -0.308001 -0.120548 0.558097 -0.305778 -0.122028
0.559245 -0.303557 -0.123511 0.560395 -0.301393 -0.124961 0.561518 -0.301027 -0.125208 0.561709
-0.30066 -0.125454 0.5619 -0.300294 -0.125701 0.562091 -0.299928 -0.125948 0.562282 -0.299562
-0.126194 0.562472 -0.289646 -0.132874 0.567636 -0.279823 -0.139636 0.572868 -0.27009 -0.146477
0.578167 -0.260388 -0.153365 0.583461 -0.249985 -0.16081 0.589126 -0.248288 -0.162035 0.590049
-0.246592 -0.163261 0.590972 -0.244897 -0.164487 0.591896 -0.243201 -0.165714 0.592818 -0.241502
-0.166941 0.593739 -0.23695 -0.170227 0.596201 -0.232396 -0.173516 0.598655 -0.22784 -0.176809
0.6011 -0.223281 -0.180104 0.603535 -0.218743 -0.183378 0.605937 -0.217598 -0.1842 0.606535
-0.216453 -0.185022 0.607132 -0.215307 -0.185844 0.607726 -0.21416 -0.186666 0.608319 -0.213008
-0.187489 0.608911 -0.207905 -0.191132 0.611522 -0.202772 -0.194766 0.614085 -0.197608 -0.198391
0.616599 -0.192414 -0.202008 0.619061 -0.187495 -0.205422 0.621367 -0.185925 -0.206508 0.622093
-0.184353 -0.207593 0.622817 -0.182779 -0.208677 0.623536 -0.181202 -0.20976 0.62425 -0.179537
-0.210901 0.624997 -0.168626 -0.218358 0.629841 -0.157605 -0.225783 0.634481 -0.146454 -0.233148
0.638898 -0.135269 -0.240486 0.643276 -0.124984 -0.247151 0.647104 -0.124088 -0.247717 0.647406
-0.123191 -0.248282 0.647708 -0.122294 -0.248848 0.648009 -0.121395 -0.249412 0.648308 -0.12049
-0.249981 0.648607 -0.108882 -0.257256 0.652418 -0.0971732 -0.264467 0.656038 -0.0853638 -0.27161
0.659463 -0.0734363 -0.278676 0.662628 -0.0624505 -0.284946 0.66514 -0.0561959 -0.288391 0.666357
-0.049916 -0.291808 0.667521 -0.0436094 -0.295195 0.668626 -0.037277 -0.298553 0.669669 -0.0311766
-0.301733 0.670565 -0.0270279 -0.303857 0.671104 -0.0228607 -0.305954 0.671607 -0.0186764 -0.308025
0.672072 -0.0144779 -0.310076 0.672498 -0.00975337 -0.312354 0.672931 -0.00778617 -0.313288 0.67309
-0.00581634 -0.314218 0.673242 -0.00384394 -0.315143 0.673387 -0.00186898 -0.316064 0.673524 8.2692e-05
-0.316967 0.673651 0.00633825 -0.319837 0.674021 0.0126173 -0.32266 0.674347 0.0189201 -0.325436
0.674615 0.0252475 -0.328162 0.674807 0.0313619 -0.330734 0.674896 0.0375347 -0.333272 0.674894
0.0437286 -0.335758 0.674842 0.0499419 -0.338193 0.674732 0.0561714 -0.340582 0.674556 0.0626331
-0.343006 0.674306 0.0628557 -0.343088 0.674295 0.0630783 -0.34317 0.674284 0.063301 -0.343251
0.674273 0.0635237 -0.343333 0.674261 0.0637482 -0.343415 0.67425 0.0697786 -0.345618 0.673943
0.0758224 -0.347776 0.673582 0.0818789 -0.349889 0.673169 0.0879475 -0.351955 0.672704 0.0939013
-0.353935 0.672197 0.100149 -0.355972 0.671616 0.10641 -0.357952 0.670988 0.112684 -0.359874
0.670312 0.118968 -0.361753 0.669601 0.125141 -0.363569 0.668886 0.131388 -0.365377 0.668144
0.137644 -0.36713 0.667351 0.143909 -0.368834 0.666515 0.15018 -0.370492 0.66564 0.156379
-0.372086 0.664738 0.158253 -0.372555 0.664454 0.160128 -0.373019 0.664168 0.162003 -0.37348
0.663881 0.163879 -0.373938 0.663593 0.165903 -0.37443 0.663281 0.170242 -0.375476 0.662609
0.174585 -0.376509 0.661935 0.17893 -0.377529 0.66126 0.183278 -0.378535 0.660583 0.1876
-0.379522 0.659908 0.192018 -0.380505 0.659193 0.196438 -0.381475 0.658475 0.200859 -0.382432
0.657751 0.205282 -0.383375 0.657018 0.209393 -0.384239 0.656331 0.211281 -0.38463 0.656012
0.213168 -0.38502 0.655692 0.215055 -0.385407 0.65537 0.216943 -0.385792 0.655046 0.21883
-0.386176 0.654721 0.225076 -0.387436 0.653635 0.231324 -0.388667 0.652528 0.237573 -0.389871
0.651399 0.243824 -0.391049 0.650254 0.25006 -0.3922 0.649096 0.256306 -0.393332 0.647914
0.262554 -0.394435 0.646716 0.268804 -0.395514 0.645504 0.275054 -0.396573 0.644274 0.281291
-0.397619 0.643034 0.287538 -0.398661 0.64178 0.293787 -0.399678 0.640518 0.300036 -0.400684
0.639247 0.306286 -0.40168 0.63797 0.312526 -0.402664 0.636691 0.31673 -0.403326 0.635826
0.320934 -0.403981 0.634958 0.325137 -0.404634 0.634087 0.329341 -0.405284 0.633213 0.333805
-0.405972 0.632281 0.335797 -0.406278 0.631863 0.337788 -0.406582 0.631445 0.339779 -0.406886
0.631026 0.341771 -0.407189 0.630606 0.343762 -0.407492 0.630186 0.348652 -0.408232 0.629152
0.353542 -0.408971 0.628114 0.35843 -0.409705 0.627068 0.363318 -0.410438 0.626019 0.367971
-0.411133 0.625019 0.369378 -0.411343 0.624716 0.370784 -0.411553 0.624412 0.372191 -0.411762
0.624108 0.373598 -0.411971 0.623804 0.375005 -0.41218 0.623498 0.381255 -0.413109 0.622143
0.387503 -0.41403 0.620774 0.393751 -0.414947 0.6194 0.399997 -0.415862 0.618018 0.406255
-0.41677 0.616623 0.412506 -0.417679 0.615234 0.418757 -0.418569 0.613832 0.425008 -0.419445
0.612423 0.43126 -0.420315 0.611015 0.43751 -0.421191 0.609635 0.450012 -0.422956 0.606926
0.462533 -0.424676 0.604282 0.47506 -0.426353 0.601634 0.487595 -0.427978 0.598993 0.500019
-0.429485 0.59641 0.502606 -0.429781 0.595882 0.505193 -0.430071 0.595352 0.507781 -0.430358
0.594822 0.510369 -0.430642 0.594291 0.512927 -0.430918 0.593766 0.516595 -0.431308 0.593013
0.520263 -0.431691 0.592258 0.523932 -0.432067 0.591501 0.5276 -0.432437 0.590742 0.531267
-0.432799 0.589982 0.537516 -0.433402 0.588695 0.543767 -0.433981 0.587409 0.550022 -0.434538
0.586128 0.556279 -0.435073 0.584852 0.562512 -0.435585 0.583586 0.567166 -0.43595 0.582648
0.571821 -0.436301 0.581707 0.576476 -0.436639 0.580765 0.581133 -0.436963 0.579824 0.587883
-0.437413 0.578459 0.595307 -0.437867 0.576959 0.602734 -0.438283 0.575459 0.610163 -0.438672
0.573969 0.617595 -0.439036 0.572486 0.625002 -0.439373 0.571017 0.633619 -0.439738 0.569314
0.642239 -0.440068 0.567618 0.650862 -0.440349 0.565925 0.659486 -0.440583 0.564236 0.668381
-0.440782 0.562501 0.672204 -0.440858 0.561762 0.676027 -0.440931 0.561027 0.679851 -0.441
0.560296 0.683677 -0.441066 0.559569 0.687495 -0.441129 0.558846 0.699994 -0.441319 0.556485
0.712499 -0.441433 0.554152 0.725009 -0.441468 0.551842 0.737526 -0.441452 0.549572 0.74999
-0.441414 0.547367 0.76249 -0.441349 0.545198 0.775001 -0.441258 0.543089 0.787522 -0.441141
0.541039 0.800049 -0.44098 0.539037 0.812494 -0.440787 0.537125 0.824995 -0.440567 0.535278
0.837506 -0.440304 0.533504 0.850028 -0.440004 0.531816 0.86256 -0.43967 0.530202 0.875001
-0.439315 0.528659 0.887078 -0.438949 0.527221 0.899164 -0.438537 0.525865 0.911256 -0.438106
0.524574 0.923354 -0.437662 0.523342 0.928036 -0.437484 0.522888 0.92993 -0.43741 0.522709
0.931823 -0.437333 0.522534 0.933717 -0.437255 0.522361 0.935611 -0.437175 0.522192 0.937504
-0.437092 0.522025 0.943754 -0.436814 0.521485 0.950005 -0.436529 0.520966 0.956259 -0.436235
0.520471 0.962513 -0.435935 0.519998 0.968754 -0.435628 0.519544 0.975004 -0.435316 0.519108
0.981255 -0.435008 0.518686 0.987507 -0.434701 0.518276 0.99376 -0.434394 0.517881 1
-0.434087 0.517501 1.00625 -0.433779 0.517141 1.0125 -0.433465 0.516793 1.01875 -0.433143
0.516465 1.02501 -0.432813 0.516154 1.03125 -0.432476 0.515862 1.0375 -0.432132 0.515592
1.04375 -0.431786 0.515325 1.05 -0.431437 0.51506 1.05625 -0.431083 0.5148 1.0625
-0.430723 0.514546 1.06875 -0.430352 0.514317 1.075 -0.429967 0.514085 1.08125 -0.429568
0.51386 1.08749 -0.429155 0.513648 1.09375 -0.428728 0.513451 1.1 -0.428284 0.513273
1.10625 -0.427831 0.513089 1.11249 -0.427372 0.5129 1.11874 -0.426908 0.51271 1.125
-0.426431 0.512529 1.13125 -0.425938 0.512363 1.13749 -0.425435 0.512189 1.14374 -0.424924
0.512007 1.14999 -0.4244 0.511834 1.15624 -0.423865 0.511672 1.16249 -0.42332 0.511523
1.16874 -0.422778 0.511361 1.17499 -0.42224 0.511188 1.18124 -0.421702 0.511012 1.18749
-0.421159 0.510842 1.19374 -0.420612 0.51068 1.19999 -0.420063 0.51051 1.20624 -0.419512
0.510333 1.21249 -0.418957 0.510154 1.21875 -0.418396 0.509979 1.225 -0.41783 0.509806
1.23125 -0.417276 0.509614 1.2375 -0.416734 0.509408 1.24375 -0.416195 0.5092 1.25
-0.415662 0.508997 1.2625 -0.414599 0.508619 1.275 -0.413598 0.508241 1.28751 -0.412659
0.507873 1.30003 -0.411744 0.507497 1.3125 -0.410865 0.507096 1.325 -0.410036 0.506714
1.3375 -0.409232 0.506246 1.35 -0.408458 0.505751 1.3625 -0.407718 0.505229 1.375
-0.407014 0.504683 1.3875 -0.406382 0.504095 1.4 -0.405762 0.503487 1.4125 -0.405183
0.502847 1.425 -0.404647 0.502169 1.4375 -0.404157 0.501447 1.44224 -0.403989 0.501157
1.44697 -0.403829 0.50086 1.45171 -0.403675 0.500556 1.45644 -0.403528 0.500243 1.46004
-0.403422 0.5 1.46804 -0.403197 0.499449 1.47603 -0.402989 0.498877 1.48401 -0.402798
0.498287 1.492 -0.402623 0.497682 1.5 -0.402464 0.49706 1.5125 -0.402245 0.496064
1.525 -0.40206 0.495031 1.53749 -0.401913 0.493962 1.54998 -0.401803 0.492842 1.5625
-0.401729 0.491666 1.575 -0.40172 0.490395 1.5875 -0.401717 0.489132 1.6 -0.401745
0.487822 1.61249 -0.401806 0.486467 1.625 -0.401906 0.485078 1.6375 -0.402052 0.483633
1.65 -0.402231 0.482166 1.66249 -0.402449 0.480673 1.67498 -0.402706 0.479137 1.6875
-0.403022 0.4775 1.7 -0.403411 0.475732 1.7125 -0.40383 0.474001 1.72501 -0.404278
0.472306 1.73751 -0.404773 0.470576 1.75 -0.405317 0.468782 1.7625 -0.405914 0.466916
1.77499 -0.406573 0.465034 1.78748 -0.407294 0.463137 1.79996 -0.408072 0.461194 1.8125
-0.408923 0.45912 1.825 -0.409841 0.456929 1.83751 -0.410811 0.454793 1.85001 -0.411839
0.452661 1.8625 -0.412929 0.450488 1.875 -0.41408 0.448255 1.88663 -0.415205 0.446104
1.89826 -0.416389 0.44394 1.90987 -0.41762 0.441733 1.92147 -0.418907 0.43949 1.93159
-0.420081 0.4375 1.93277 -0.420223 0.437264 1.93395 -0.420366 0.437028 1.93514 -0.42051
0.436791 1.93632 -0.420654 0.436555 1.9375 -0.4208 0.436318 1.95 -0.422338 0.433806
1.96249 -0.423942 0.431268 1.97496 -0.42561 0.428703 1.98742 -0.427344 0.426112 2
-0.429161 0.423464 2.0113 -0.430829 0.421036 2.02259 -0.43255 0.418595 2.03387 -0.434316
0.416132 2.04513 -0.436128 0.413647 2.05344 -0.4375 0.411796 2.05525 -0.437805 0.41139
2.05706 -0.438111 0.410983 2.05888 -0.438419 0.410576 2.06069 -0.438728 0.410167 2.0625
-0.439039 0.409758 2.075 -0.441192 0.406928 2.08748 -0.44341 0.404078 2.09995 -0.445691
0.401205 2.1124 -0.448036 0.398314 2.125 -0.450477 0.395371 2.1375 -0.452944 0.392429
2.14998 -0.455498 0.389485 2.16245 -0.458117 0.386538 2.1749 -0.46079 0.383586 2.1875
-0.463556 0.380603 2.19224 -0.464618 0.379483 2.19697 -0.46569 0.378363 2.2017 -0.46677
0.377248 2.20643 -0.467859 0.376136 2.21129 -0.468985 0.375 2.21903 -0.470795 0.373194
2.22677 -0.472628 0.3714 2.23451 -0.474483 0.369613 2.24224 -0.476362 0.367833 2.25
-0.478273 0.366052 2.2625 -0.481377 0.363213 2.27499 -0.48455 0.360415 2.28748 -0.487781
0.357664 2.29996 -0.491059 0.354963 2.3125 -0.494396 0.352297 2.31666 -0.495517 0.351424
2.32082 -0.496646 0.350558 2.32498 -0.49778 0.349698 2.32914 -0.498918 0.348844 2.33308
-0.5 0.34804 2.34146 -0.502312 0.346339 2.34985 -0.504647 0.344662 2.35823 -0.507006
0.343009 2.36661 -0.509388 0.341383 2.375 -0.511797 0.339781 2.3875 -0.5154 0.337422
2.4 -0.519058 0.335154 2.4125 -0.522767 0.332954 2.42499 -0.526522 0.330804 2.4375
-0.530307 0.328703 2.45 -0.534107 0.326646 2.4625 -0.537959 0.324662 2.47499 -0.541841
0.322742 2.48749 -0.545748 0.320886 2.5 -0.549689 0.319079 2.50808 -0.552252 0.317929
2.51617 -0.554829 0.316804 2.52425 -0.557416 0.315701 2.53234 -0.560011 0.314622 2.54007
-0.5625 0.313615 2.54181 -0.563064 0.313392 2.54356 -0.563628 0.31317 2.54531 -0.564192
0.312949 2.54705 -0.564757 0.312729 2.54888 -0.565348 0.3125 2.5516 -0.566232 0.312159
2.55433 -0.567116 0.311821 2.55705 -0.568001 0.311485 2.55977 -0.568887 0.311152 2.5625
-0.569774 0.310821 2.575 -0.573846 0.30931 2.5875 -0.577938 0.307838 2.59999 -0.582047
0.306399 2.61249 -0.586174 0.304991 2.625 -0.590314 0.303639 2.6375 -0.594454 0.302314
2.65 -0.598606 0.301055 2.66251 -0.60276 0.299842 2.67502 -0.606915 0.298674 2.6875
-0.611064 0.297541 2.69591 -0.613851 0.296783 2.70431 -0.616648 0.296048 2.71272 -0.619449
0.295327 2.72113 -0.622246 0.294619 2.72942 -0.625 0.293934 2.73354 -0.626365 0.2936
2.73765 -0.627731 0.293269 2.74177 -0.629096 0.292942 2.74589 -0.630462 0.292619 2.75
-0.631826 0.292298 2.7625 -0.635965 0.291319 2.775 -0.640106 0.290396 2.78751 -0.644241
0.2895 2.80002 -0.64837 0.288631 2.8125 -0.652479 0.287768 2.825 -0.656579 0.286892
2.83751 -0.660668 0.286069 2.85002 -0.664747 0.285299 2.86254 -0.668802 0.28455 2.875
-0.672812 0.283797 2.88419 -0.675749 0.28323 2.89338 -0.67868 0.282692 2.90258 -0.681601
0.282168 2.91178 -0.684513 0.281652 2.92126 -0.6875 0.281129 2.92451 -0.688517 0.280954
2.92776 -0.689533 0.280779 2.93101 -0.690548 0.280606 2.93426 -0.691562 0.280434 2.9375
-0.692572 0.280262 2.95 -0.696459 0.27959 2.96251 -0.700324 0.278961 2.97503 -0.704165
0.27835 2.98755 -0.707988 0.277756 3 -0.711766 0.277155 3.0125 -0.715534 0.276512
3.02501 -0.71928 0.275923 3.03753 -0.723005 0.275388 3.05005 -0.726708 0.274865 3.0625
-0.730362 0.2743 3.075 -0.734003 0.273688 3.08751 -0.737614 0.273139 3.10003 -0.741203
0.272605 3.11256 -0.744771 0.27207 3.125 -0.74829 0.271538 3.12622 -0.748632 0.271485
3.12744 -0.748974 0.271433 3.12865 -0.749315 0.27138 3.12987 -0.749656 0.271328 3.1311
-0.75 0.271275 3.15488 -0.756646 0.270253 3.17868 -0.763219 0.269238 3.2025 -0.769731
0.268226 3.22633 -0.776186 0.267228 3.25 -0.782539 0.266247 3.275 -0.78918 0.265179
3.30002 -0.795744 0.264162 3.32506 -0.802236 0.263129 3.35012 -0.808683 0.26213 3.375
-0.815035 0.261179 3.4 -0.821399 0.26019 3.42503 -0.827664 0.259276 3.45007 -0.833879
0.258389 3.47512 -0.840048 0.257537 3.5 -0.846124 0.256726 3.52385 -0.851899 0.255981
3.54772 -0.857636 0.25528 3.57159 -0.863337 0.254604 3.59547 -0.869002 0.253951 3.62093
-0.875 0.253281 3.62174 -0.875191 0.25326 3.62256 -0.875382 0.253239 3.62337 -0.875572
0.253218 3.62419 -0.875763 0.253197 3.625 -0.875954 0.253176 3.64962 -0.881718 0.25254
3.67424 -0.887461 0.251931 3.69888 -0.893181 0.251345 3.72351 -0.898878 0.250782 3.75
-0.904977 0.2502 3.7519 -0.905413 0.25016 3.7538 -0.905848 0.25012 3.75571 -0.906284
0.25008 3.75761 -0.90672 0.250041 3.75959 -0.907174 0.25 3.78268 -0.912459 0.249526
3.80576 -0.917731 0.249075 3.82885 -0.922993 0.248647 3.85194 -0.92824 0.248242 3.875
-0.933438 0.247848 3.9 -0.939037 0.247428 3.925 -0.944644 0.247038 3.94999 -0.950266
0.246673 3.97499 -0.955904 0.246332 4 -0.961544 0.246021 4.025 -0.967214 0.245724
4.05001 -0.972861 0.245476 4.07502 -0.978484 0.245246 4.10004 -0.984074 0.245029 4.125
-0.989614 0.244824 4.13437 -0.991692 0.244749 4.14374 -0.993767 0.244681 4.15311 -0.995846
0.244617 4.16248 -0.99793 0.244555 4.17175 -1 0.244496 4.1874 -1.00351 0.244399
4.20305 -1.00702 0.244319 4.2187 -1.01054 0.244255 4.23434 -1.01406 0.244209 4.25
-1.0176 0.244181 4.3 -1.02829 0.24408 4.34988 -1.03954 0.244172 4.39977 -1.05071
0.244429 4.44968 -1.06179 0.244849 4.5 -1.07306 0.245438 4.55 -1.08437 0.24619
4.60003 -1.09555 0.247104 4.65007 -1.10664 0.248145 4.70011 -1.11773 0.249238 4.73315
-1.12506 0.25 4.73652 -1.12581 0.250081 4.73989 -1.12656 0.250162 4.74326 -1.12731
0.250244 4.74663 -1.12806 0.250326 4.75 -1.12881 0.250408 4.8 -1.13997 0.251635
4.85003 -1.15101 0.25291 4.90003 -1.16216 0.254163 4.95002 -1.17332 0.25546 5
-1.18451 0.256799 5.05 -1.19571 0.258253 5.10001 -1.20687 0.259633 5.15001 -1.21809
0.261054 5.19999 -1.22937 0.262514 5.25 -1.24073 0.264015 5.25816 -1.24259 0.264272
5.26632 -1.24445 0.264533 5.27448 -1.24632 0.264798 5.28263 -1.24819 0.265067 5.29051
-1.25 0.26533 5.33241 -1.25967 0.266749 5.37431 -1.26933 0.268234 5.4162 -1.279
0.26978 5.4581 -1.28863 0.271372 5.5 -1.29824 0.27301 5.55 -1.3097 0.275164
5.60005 -1.32095 0.277236 5.6501 -1.33217 0.279355 5.70016 -1.34335 0.281517 5.75
-1.35443 0.283711 5.8 -1.36532 0.285836 5.85 -1.37617 0.28814 5.90001 -1.38698
0.290465 5.95003 -1.39772 0.292838 6 -1.40837 0.295273 6.05 -1.41928 0.297938
6.10013 -1.42961 0.300482 6.15027 -1.43986 0.303075 6.20043 -1.45003 0.305718 6.25
-1.46006 0.308393 6.2896 -1.46805 0.31044 6.3292 -1.47599 0.312675 6.36881 -1.48392
0.314951 6.4084 -1.49188 0.317272 6.44867 -1.5 0.319681 6.45894 -1.50208 0.320307
6.4692 -1.50415 0.320936 6.47947 -1.50622 0.321568 6.48974 -1.50829 0.322203 6.5
-1.51036 0.322841 6.55 -1.52033 0.325907 6.6 -1.53027 0.329093 6.65002 -1.54012
0.332337 6.70005 -1.54987 0.335637 6.75 -1.55945 0.338981 6.8 -1.56919 0.342345
6.85006 -1.57858 0.345811 6.90016 -1.58772 0.349345 6.95028 -1.59675 0.352919 7
-1.60536 0.356265 7.05 -1.61363 0.359371 7.09998 -1.62193 0.362728 7.14994 -1.63024
0.366335 7.19989 -1.63856 0.37002 7.25 -1.64704 0.373705 7.3 -1.65565 0.377373
7.35007 -1.66384 0.381081 7.40019 -1.6717 0.384828 7.45031 -1.67951 0.388607 7.5
-1.68715 0.392289 7.55 -1.6947 0.39583 7.59998 -1.70231 0.399594 7.64996 -1.70984
0.403413 7.69996 -1.71727 0.407268 7.75 -1.72471 0.411161 7.78362 -1.72977 0.413792
7.81727 -1.73466 0.416446 7.85091 -1.73955 0.41912 7.88455 -1.74444 0.42181 7.92283
-1.75 0.424889 7.93827 -1.75224 0.426137 7.9537 -1.75447 0.427391 7.96914 -1.75669
0.428651 7.98457 -1.7589 0.429917 8 -1.7611 0.431189 8.1 -1.7754 0.439252
8.20005 -1.78944 0.447197 8.30021 -1.80287 0.454685 8.40049 -1.81571 0.461676 8.5
-1.82791 0.468119 8.6 -1.83979 0.47417 8.70004 -1.85144 0.480034 8.8001 -1.86294
0.485805 8.90018 -1.87432 0.49148 9 -1.88554 0.497043 9.01051 -1.88669 0.497635
9.02102 -1.88787 0.498231 9.03152 -1.88905 0.498826 9.04203 -1.89023 0.499418 9.05237
-1.89139 0.5 9.1419 -1.90146 0.505018 9.23141 -1.91167 0.509983 9.32091 -1.92201
0.514895 9.4104 -1.93248 0.519757 9.5 -1.9431 0.524576 9.59492 -1.95448 0.529345
9.68988 -1.96522 0.534706 9.7849 -1.97535 0.540144 9.87997 -1.98518 0.545341 10
-1.99721 0.551604 10.0057 -1.99777 0.551883 10.0115 -1.99833 0.552162 10.0172 -1.99889
0.55244 10.023 -1.99944 0.552717 10.0287 -2 0.552994 10.2229 -2.01889 0.562361
10.4175 -2.03546 0.570727 10.6124 -2.04783 0.577767 10.8075 -2.05626 0.583474 11
-2.06095 0.587788 11.2 -2.06276 0.589912 11.4 -2.06544 0.593331 11.5999 -2.06821
0.596672 11.7999 -2.0711 0.599942 12 -2.07403 0.603291 12.2 -2.07607 0.605025
12.4 -2.07929 0.60827 12.5999 -2.08261 0.611459 12.7999 -2.08602 0.614596 13
-2.0895 0.617809 13.2 -2.09168 0.619175 13.4 -2.09543 0.62225 13.5999 -2.09927
0.625271 13.7999 -2.10323 0.628241 14 -2.10727 0.631283 14.2 -2.1096 0.632261
14.3999 -2.11417 0.635138 14.5999 -2.11887 0.638034 14.7998 -2.1237 0.640951 15
-2.13002 0.643998 -1.001 1e-07 0.580047 -1.001 8e-08 0.580047 -1.001 6e-08
0.580047 -1.001 3.99999e-08 0.580047 -1.001 1.99998e-08 0.580047 -1.001 5.05826e-15 0.580047
-1.0008 -5.56395e-06 0.580048 -1.0006 -1.1131e-05 0.580048 -1.0004 -1.67012e-05 0.580048 -1.0002
-2.22746e-05 0.580048 -1 -2.78511e-05 0.580048 -0.9875 -0.000377838 0.58006 -0.975 -0.000740475
0.58005 -0.962501 -0.00111584 0.58002 -0.950002 -0.001504 0.57997 -0.9375 -0.00190705 0.579898
-0.925 -0.00232712 0.579803 -0.912501 -0.00276886 0.579675 -0.900003 -0.00322952 0.579513 -0.887506
-0.00370711 0.579315 -0.875 -0.00420211 0.579082 -0.8625 -0.00471539 0.578814 -0.850002 -0.00525247
0.578499 -0.837507 -0.00581513 0.578138 -0.825014 -0.00640345 0.577731 -0.8125 -0.0070217 0.577277
-0.8 -0.00768122 0.576785 -0.787505 -0.00839445 0.576251 -0.775014 -0.00915882 0.575676 -0.762529
-0.00997116 0.575058 -0.75 -0.0108349 0.574394 -0.7375 -0.0117762 0.573716 -0.725008 -0.0128003
0.573009 -0.712524 -0.0139094 0.572297 -0.700048 -0.0151044 0.57158 -0.6875 -0.016396 0.570854
-0.675 -0.0177999 0.570159 -0.662512 -0.0193248 0.569495 -0.650038 -0.0209694 0.568881 -0.637576
-0.0227305 0.56832 -0.625 -0.0246303 0.567807 -0.6125 -0.0266504 0.567374 -0.600019 -0.0288049
0.567048 -0.587559 -0.0310876 0.566843 -0.575123 -0.0335107 0.56676 -0.5625 -0.0361363 0.566799
-0.55 -0.0389027 0.56698 -0.53754 -0.0418276 0.567348 -0.525127 -0.0449165 0.567915 -0.512769
-0.0481745 0.568687 -0.5 -0.0517354 0.569708 -0.492664 -0.0538882 0.570441 -0.485356 -0.0561004
0.571273 -0.478081 -0.0583759 0.572207 -0.47084 -0.0607152 0.573244 -0.465492 -0.0624994 0.574091
-0.459893 -0.0644122 0.575042 -0.454321 -0.0663691 0.576056 -0.448776 -0.0683701 0.577135 -0.443261
-0.0704157 0.578277 -0.437498 -0.0726086 0.579543 -0.424997 -0.0774777 0.582442 -0.412673 -0.0825635
0.585705 -0.40055 -0.0878772 0.589334 -0.388641 -0.0934138 0.593323 -0.374994 -0.100089 0.598301
-0.365386 -0.10507 0.602147 -0.355933 -0.110178 0.606204 -0.346635 -0.115419 0.610444 -0.337437
-0.120755 0.614784 -0.330343 -0.124992 0.618243 -0.327642 -0.126641 0.619594 -0.324952 -0.128295
0.620955 -0.32227 -0.129954 0.622329 -0.319596 -0.13162 0.623711 -0.317135 -0.133164 0.624995
-0.316207 -0.133751 0.625482 -0.315279 -0.134338 0.625972 -0.314354 -0.134926 0.626462 -0.313429
-0.135516 0.626954 -0.312493 -0.136114 0.627454 -0.299993 -0.144114 0.634135 -0.287638 -0.152239
0.640935 -0.27542 -0.160489 0.647828 -0.263328 -0.168848 0.654812 -0.249995 -0.178203 0.662472
-0.247391 -0.180062 0.663952 -0.244785 -0.18192 0.665429 -0.242178 -0.183779 0.666902 -0.23957
-0.185641 0.668372 -0.236977 -0.187496 0.669828 -0.23059 -0.192046 0.673363 -0.224182 -0.196599
0.676855 -0.21777 -0.201168 0.680319 -0.21134 -0.205749 0.683735 -0.204111 -0.210894 0.6875
-0.200787 -0.213257 0.689193 -0.197462 -0.215624 0.690876 -0.194136 -0.217997 0.692549 -0.190808
-0.220375 0.694212 -0.187492 -0.22275 0.695832 -0.18124 -0.227218 0.698826 -0.174968 -0.231695
0.701763 -0.168677 -0.236182 0.704643 -0.162355 -0.240672 0.707451 -0.156233 -0.244988 0.710069
-0.154806 -0.245986 0.710656 -0.153377 -0.246984 0.711239 -0.151945 -0.247982 0.711816 -0.150511
-0.248979 0.712388 -0.149064 -0.249981 0.712959 -0.144244 -0.253311 0.714841 -0.139394 -0.256634
0.716657 -0.134514 -0.259948 0.718408 -0.129605 -0.263253 0.720092 -0.124964 -0.266343 0.721612
-0.120458 -0.269313 0.723024 -0.115933 -0.272272 0.724401 -0.111388 -0.27522 0.725731 -0.106828
-0.278158 0.727036 -0.102074 -0.281194 0.728346 -0.100398 -0.282254 0.72879 -0.0987208 -0.283314
0.729231 -0.0970413 -0.284371 0.729667 -0.0953598 -0.285428 0.730098 -0.0936959 -0.286471 0.73052
-0.0874436 -0.290378 0.732083 -0.0811454 -0.294248 0.73355 -0.0748018 -0.29808 0.73492 -0.0684174
-0.30188 0.736186 -0.062434 -0.305395 0.737265 -0.060017 -0.306797 0.73766 -0.0575945 -0.308194
0.738041 -0.0551663 -0.309585 0.738407 -0.052732 -0.310969 0.738759 -0.050184 -0.312407 0.739113
-0.046383 -0.314534 0.739616 -0.0425685 -0.316647 0.740078 -0.038741 -0.318744 0.7405 -0.0349006
-0.320826 0.740882 -0.0311788 -0.322817 0.741209 -0.0249288 -0.326117 0.74169 -0.0186437 -0.329361
0.742076 -0.0123249 -0.332551 0.742352 -0.00597404 -0.335685 0.742528 7.30732e-05 -0.338601 0.742603
0.00218916 -0.339602 0.742598 0.00430901 -0.340595 0.742582 0.00643208 -0.341581 0.742556 0.00855755
-0.342562 0.742521 0.0108373 -0.343607 0.742474 0.0149365 -0.345471 0.742371 0.019045 -0.347313
0.742231 0.0231625 -0.349131 0.742056 0.0272885 -0.350926 0.741845 0.0313336 -0.352664 0.741609
0.0375841 -0.355321 0.741206 0.043857 -0.357913 0.740732 0.0501484 -0.360448 0.740201 0.0564552
-0.362933 0.739618 0.0625883 -0.365302 0.739019 0.0675673 -0.367191 0.738516 0.0725543 -0.369047
0.73797 0.0775494 -0.370871 0.737388 0.0825522 -0.372662 0.736775 0.0884852 -0.374747 0.736011
0.0958027 -0.377258 0.735014 0.103134 -0.379711 0.733975 0.11048 -0.382109 0.732913 0.117842
-0.384451 0.73183 0.125074 -0.386683 0.730733 0.131321 -0.388536 0.729708 0.137579 -0.390347
0.728675 0.143846 -0.392117 0.727628 0.150118 -0.393852 0.726555 0.156309 -0.39553 0.725464
0.162553 -0.397183 0.724318 0.168803 -0.398803 0.723153 0.175056 -0.400385 0.72196 0.181314
-0.401931 0.720739 0.187531 -0.40343 0.7195 0.188246 -0.403598 0.719355 0.188962 -0.403766
0.719209 0.189677 -0.403934 0.719063 0.190392 -0.404101 0.718918 0.1911 -0.404266 0.718773
0.192623 -0.40462 0.718462 0.194146 -0.404972 0.71815 0.195669 -0.405323 0.717836 0.197193
-0.405671 0.717521 0.198798 -0.406037 0.717188 0.202791 -0.406942 0.716357 0.206785 -0.407836
0.715519 0.210779 -0.408719 0.714671 0.214775 -0.40959 0.713816 0.218762 -0.410447 0.712955
0.225011 -0.411769 0.711594 0.23126 -0.413066 0.710212 0.237511 -0.414342 0.708818 0.243763
-0.415596 0.707412 0.250006 -0.416829 0.706003 0.256257 -0.418054 0.704602 0.262508 -0.419251
0.703171 0.268757 -0.420418 0.701711 0.275008 -0.421566 0.70024 0.281264 -0.422696 0.698767
0.287514 -0.423806 0.697296 0.293762 -0.424906 0.695814 0.300012 -0.425999 0.694332 0.306265
-0.427083 0.692857 0.312511 -0.428157 0.691389 0.315858 -0.428732 0.690612 0.319204 -0.4293
0.689829 0.322551 -0.429867 0.689048 0.325899 -0.430432 0.688266 0.329147 -0.430976 0.687505
0.332069 -0.431461 0.686818 0.33499 -0.431942 0.686127 0.33791 -0.432419 0.685432 0.340831
-0.432891 0.684733 0.343754 -0.43336 0.684028 0.348805 -0.434168 0.682812 0.353857 -0.43497
0.681592 0.35891 -0.435771 0.680379 0.363965 -0.43657 0.679171 0.369248 -0.437403 0.677915
0.370399 -0.437584 0.677642 0.371549 -0.437764 0.67737 0.372699 -0.437945 0.677098 0.373849
-0.438125 0.676825 0.374999 -0.438305 0.676553 0.3875 -0.44026 0.673592 0.400004 -0.442182
0.670625 0.412511 -0.444069 0.667645 0.425026 -0.445929 0.664684 0.437502 -0.447764 0.661776
0.450003 -0.449552 0.658809 0.462521 -0.451299 0.655892 0.475049 -0.452999 0.652986 0.487591
-0.454651 0.650116 0.500006 -0.456232 0.647295 0.512506 -0.45777 0.644413 0.52502 -0.459251
0.641564 0.537546 -0.460651 0.638726 0.550085 -0.461971 0.635906 0.562504 -0.463215 0.633108
0.569687 -0.4639 0.631487 0.57687 -0.464566 0.629865 0.584056 -0.465213 0.628243 0.591243
-0.465842 0.626621 0.598406 -0.466448 0.625004 0.603725 -0.466877 0.623804 0.609045 -0.467289
0.622604 0.614366 -0.467686 0.621405 0.61969 -0.468075 0.620212 0.624999 -0.468453 0.619029
0.637499 -0.4693 0.616241 0.650007 -0.4701 0.613476 0.662524 -0.470846 0.610738 0.675048
-0.471549 0.608021 0.687498 -0.472205 0.605333 0.699998 -0.472837 0.602654 0.712508 -0.473404
0.600001 0.725026 -0.473903 0.597376 0.73755 -0.47436 0.594771 0.750001 -0.474795 0.592221
0.762501 -0.475216 0.589718 0.775009 -0.475567 0.587246 0.787526 -0.475848 0.584809 0.80005
-0.476088 0.582404 0.8125 -0.47629 0.580064 0.825 -0.476457 0.577764 0.837514 -0.476564
0.575536 0.850042 -0.476634 0.573387 0.862578 -0.476668 0.571286 0.875001 -0.476665 0.569252
0.88349 -0.476636 0.567903 0.891983 -0.476587 0.566585 0.900479 -0.476523 0.565288 0.908978
-0.476445 0.56401 0.919124 -0.476335 0.562509 0.9228 -0.476287 0.561982 0.926476 -0.476236
0.561463 0.930154 -0.476181 0.560951 0.933832 -0.476123 0.560448 0.937501 -0.476062 0.559954
0.950001 -0.475849 0.558297 0.962511 -0.475589 0.556724 0.975026 -0.475305 0.555204 0.987545
-0.474991 0.553715 1 -0.474647 0.552267 1.0125 -0.474281 0.550897 1.025 -0.473887
0.549523 1.0375 -0.473468 0.548171 1.05 -0.473021 0.546843 1.0625 -0.472542 0.545568
1.075 -0.472069 0.544332 1.0875 -0.471543 0.543109 1.1 -0.470965 0.541903 1.11249
-0.470372 0.540701 1.125 -0.46975 0.539519 1.1375 -0.469092 0.538388 1.14999 -0.46843
0.537225 1.16249 -0.467766 0.53603 1.17498 -0.467099 0.534821 1.1875 -0.466462 0.533593
1.2 -0.465857 0.532348 1.2125 -0.465232 0.5311 1.22499 -0.464586 0.529849 1.23749
-0.463942 0.528604 1.25 -0.463307 0.527371 1.2625 -0.462682 0.526148 1.275 -0.462085
0.524891 1.28749 -0.461542 0.523558 1.29998 -0.461026 0.522214 1.3125 -0.460559 0.520852
1.325 -0.460148 0.519476 1.3375 -0.459739 0.518073 1.34999 -0.459346 0.516645 1.36249
-0.458987 0.515199 1.375 -0.458662 0.513733 1.3875 -0.458368 0.512267 1.39999 -0.458118
0.510749 1.41249 -0.457908 0.509208 1.42498 -0.457739 0.507642 1.4375 -0.457606 0.506047
1.44688 -0.457543 0.504838 1.45626 -0.457493 0.503609 1.46564 -0.457462 0.502366 1.47502
-0.457455 0.501109 1.48319 -0.457469 0.5 1.48655 -0.457483 0.499539 1.48991 -0.4575
0.499076 1.49327 -0.457519 0.49861 1.49664 -0.457542 0.498142 1.5 -0.457567 0.49767
1.5125 -0.457678 0.495908 1.525 -0.45782 0.494116 1.53749 -0.458001 0.492292 1.54997
-0.45822 0.490436 1.5625 -0.458476 0.488541 1.575 -0.458768 0.486635 1.58749 -0.459094
0.484684 1.59998 -0.459457 0.482706 1.61246 -0.459858 0.480697 1.625 -0.460311 0.478643
1.6375 -0.460824 0.476552 1.65 -0.461361 0.474447 1.66249 -0.461924 0.472325 1.67497
-0.462532 0.470175 1.6875 -0.463188 0.468002 1.7 -0.463889 0.465819 1.71249 -0.464638
0.463606 1.72497 -0.465437 0.461361 1.73745 -0.466287 0.459085 1.75 -0.467208 0.456756
1.7625 -0.468192 0.454394 1.775 -0.469213 0.452045 1.78749 -0.470282 0.449688 1.79998
-0.471409 0.447307 1.8125 -0.472599 0.444886 1.82006 -0.473353 0.443409 1.82761 -0.474131
0.441926 1.83516 -0.474932 0.440429 1.84271 -0.475756 0.43892 1.84976 -0.476548 0.4375
1.85481 -0.47713 0.436479 1.85985 -0.477721 0.435456 1.8649 -0.478321 0.434432 1.86994
-0.478931 0.433407 1.875 -0.479552 0.432377 1.8875 -0.481111 0.429817 1.89999 -0.482737
0.427242 1.91247 -0.484426 0.424654 1.92493 -0.486179 0.422053 1.9375 -0.488011 0.419409
1.95 -0.489896 0.416715 1.96249 -0.491852 0.414028 1.97497 -0.493871 0.411318 1.98743
-0.495952 0.408594 2 -0.498118 0.405828 2.00212 -0.498494 0.405358 2.00424 -0.498873
0.404887 2.00636 -0.499253 0.404416 2.00848 -0.499636 0.403944 2.0105 -0.5 0.403497
2.0209 -0.501892 0.401182 2.03129 -0.503831 0.39886 2.04167 -0.505817 0.396526 2.05203
-0.50785 0.394175 2.0625 -0.509954 0.391781 2.075 -0.512516 0.388912 2.08748 -0.515163
0.386035 2.09994 -0.517868 0.383145 2.11239 -0.52063 0.380243 2.125 -0.52349 0.377295
2.12696 -0.523944 0.376836 2.12892 -0.524401 0.376377 2.13088 -0.524859 0.375919 2.13284
-0.525318 0.375461 2.13481 -0.525782 0.375 2.14535 -0.528268 0.372539 2.15588 -0.530796
0.370086 2.1664 -0.533365 0.367642 2.17691 -0.535975 0.365201 2.1875 -0.538647 0.362744
2.2 -0.541829 0.35986 2.21249 -0.545081 0.356995 2.22497 -0.548388 0.354157 2.23744
-0.551737 0.351355 2.25 -0.555151 0.348569 2.25536 -0.556621 0.347397 2.26072 -0.558102
0.346233 2.26608 -0.55959 0.345078 2.27144 -0.561085 0.343932 2.27649 -0.5625 0.34286
2.28369 -0.564525 0.341344 2.29089 -0.566565 0.339842 2.29809 -0.568619 0.338355 2.30529
-0.570688 0.336883 2.3125 -0.572774 0.335424 2.325 -0.576401 0.33293 2.3375 -0.580075
0.330493 2.34999 -0.58379 0.328113 2.36249 -0.587537 0.325789 2.375 -0.591312 0.323525
2.3875 -0.595094 0.321325 2.4 -0.598912 0.319197 2.41251 -0.602752 0.317137 2.42502
-0.606612 0.315144 2.4375 -0.610487 0.313216 2.43846 -0.610786 0.313073 2.43941 -0.611085
0.31293 2.44037 -0.611384 0.312788 2.44132 -0.611683 0.312645 2.4423 -0.611989 0.3125
2.45061 -0.614591 0.311267 2.45891 -0.617203 0.31006 2.46722 -0.619821 0.308888 2.47554
-0.622444 0.30775 2.48362 -0.625 0.306674 2.4869 -0.626038 0.306248 2.49017 -0.627077
0.305827 2.49345 -0.628117 0.30541 2.49672 -0.629159 0.304998 2.5 -0.630202 0.30459
2.5125 -0.63418 0.303047 2.525 -0.638181 0.301577 2.5375 -0.642198 0.300159 2.55001
-0.64623 0.298792 2.5625 -0.650266 0.297484 2.575 -0.65431 0.296206 2.5875 -0.658371
0.295005 2.60001 -0.66244 0.293866 2.61252 -0.666512 0.292781 2.625 -0.670574 0.291723
2.63542 -0.67396 0.29085 2.64583 -0.677358 0.290028 2.65625 -0.680762 0.289235 2.66667
-0.684163 0.288464 2.6769 -0.6875 0.287729 2.67902 -0.688191 0.287581 2.68114 -0.688881
0.287435 2.68326 -0.689572 0.287289 2.68538 -0.690263 0.287145 2.6875 -0.690954 0.287001
2.7 -0.695023 0.286155 2.7125 -0.699097 0.285356 2.72501 -0.703171 0.284589 2.73751
-0.707247 0.283855 2.75 -0.711317 0.283127 2.7625 -0.715376 0.282366 2.775 -0.71944
0.281673 2.78751 -0.723507 0.281049 2.80002 -0.727566 0.28045 2.8125 -0.731597 0.279826
2.82396 -0.735277 0.279228 2.83542 -0.738952 0.278681 2.84688 -0.742617 0.278143 2.85835
-0.746274 0.2776 2.87009 -0.75 0.27704 2.87107 -0.75031 0.276992 2.87206 -0.75062
0.276945 2.87304 -0.75093 0.276898 2.87402 -0.751239 0.27685 2.875 -0.751549 0.276803
2.9 -0.759437 0.275594 2.92502 -0.767257 0.274392 2.95005 -0.775051 0.273214 2.97509
-0.782809 0.272033 3 -0.790482 0.270839 3.025 -0.798138 0.269651 3.05003 -0.805711
0.268506 3.07507 -0.813235 0.267335 3.10013 -0.820706 0.266168 3.125 -0.828078 0.26507
3.15 -0.835469 0.26393 3.17503 -0.842754 0.262861 3.20008 -0.849989 0.261832 3.22515
-0.857175 0.260849 3.25 -0.864244 0.259919 3.25761 -0.866395 0.259631 3.26523 -0.868537
0.259354 3.27285 -0.870675 0.259079 3.28047 -0.87281 0.258804 3.28829 -0.875 0.258521
3.30563 -0.879849 0.257897 3.32298 -0.884684 0.25729 3.34033 -0.889502 0.2567 3.35769
-0.894296 0.256122 3.375 -0.899052 0.255559 3.4 -0.90586 0.254766 3.42501 -0.91265
0.254007 3.45002 -0.919405 0.253274 3.47505 -0.926119 0.252563 3.5 -0.932766 0.251876
3.514 -0.936467 0.2515 3.528 -0.940159 0.251133 3.542 -0.943841 0.250772 3.55601
-0.947512 0.250417 3.57276 -0.951886 0.25 3.58321 -0.954598 0.249745 3.59366 -0.957301
0.249493 3.60411 -0.959992 0.249244 3.61457 -0.962674 0.248999 3.625 -0.965339 0.248757
3.65 -0.971704 0.248181 3.675 -0.978063 0.247632 3.7 -0.984422 0.247108 3.72501
-0.990778 0.246608 3.75 -0.99713 0.246131 3.75225 -0.997704 0.246089 3.7545 -0.998276
0.246048 3.75675 -0.998848 0.246007 3.759 -0.999421 0.245966 3.76128 -1 0.245924
3.80902 -1.01214 0.245052 3.85681 -1.02411 0.244282 3.90464 -1.03591 0.243629 3.9525
-1.04762 0.243105 4 -1.05926 0.242738 4.05 -1.07155 0.242529 4.10004 -1.0837
0.242448 4.1501 -1.09572 0.242503 4.20018 -1.10771 0.24266 4.25 -1.11967 0.242961
4.3 -1.13096 0.243348 4.34983 -1.14298 0.243906 4.39966 -1.15498 0.244551 4.4495
-1.16694 0.245283 4.5 -1.17897 0.246177 4.53642 -1.1877 0.246942 4.57285 -1.19635
0.247785 4.60929 -1.20501 0.248655 4.64572 -1.21366 0.249553 4.66332 -1.21783 0.25
4.68066 -1.22194 0.250446 4.69799 -1.22605 0.250897 4.71533 -1.23016 0.251352 4.73266
-1.23427 0.251812 4.75 -1.23838 0.252276 4.7598 -1.2407 0.252547 4.76961 -1.24303
0.252813 4.77941 -1.24535 0.253081 4.78922 -1.24767 0.253351 4.79901 -1.25 0.253624
4.83921 -1.25955 0.254777 4.87942 -1.26905 0.256014 4.91964 -1.27847 0.257332 4.95987
-1.28783 0.258729 5 -1.29709 0.260201 5.05 -1.3085 0.262163 5.10002 -1.31985
0.264108 5.15005 -1.33111 0.266137 5.20009 -1.3423 0.268254 5.25 -1.35338 0.270452
5.3 -1.36422 0.272678 5.34999 -1.37508 0.275017 5.39998 -1.3859 0.277414 5.44999
-1.39665 0.279868 5.5 -1.40732 0.282376 5.55 -1.41795 0.285151 5.60006 -1.42833
0.287775 5.65014 -1.43863 0.290451 5.70022 -1.44886 0.293177 5.75 -1.45895 0.295934
5.79164 -1.46716 0.298172 5.83327 -1.47541 0.300618 5.87489 -1.48364 0.303135 5.91651
-1.49188 0.305725 5.95756 -1.5 0.308351 5.96605 -1.50168 0.308909 5.97454 -1.50336
0.309469 5.98303 -1.50503 0.310032 5.99151 -1.50671 0.310597 6 -1.50838 0.311164
6.05 -1.51817 0.314481 6.09999 -1.52794 0.317916 6.14999 -1.53767 0.321426 6.2
-1.54733 0.32501 6.25 -1.55688 0.328657 6.3 -1.56647 0.332375 6.35005 -1.57579
0.336194 6.40012 -1.58491 0.340086 6.45021 -1.59396 0.344039 6.5 -1.60253 0.34778
6.55 -1.61063 0.351268 6.59996 -1.61883 0.355053 6.64989 -1.62712 0.359139 6.69982
-1.63534 0.363278 6.75 -1.64369 0.367416 6.8 -1.6521 0.371517 6.85006 -1.66007
0.375688 6.90018 -1.66769 0.379923 6.95031 -1.6752 0.384194 7 -1.68242 0.388306
7.05 -1.68939 0.392218 7.09996 -1.69646 0.396424 7.14993 -1.70345 0.400709 7.19991
-1.7103 0.405022 7.25 -1.71712 0.409377 7.29763 -1.72369 0.413508 7.34529 -1.73003
0.417668 7.39295 -1.73634 0.421853 7.44063 -1.74255 0.426057 7.49871 -1.75 0.431203
7.49897 -1.75003 0.431226 7.49923 -1.75006 0.431249 7.49948 -1.7501 0.431272 7.49974
-1.75013 0.431295 7.5 -1.75016 0.431318 7.55 -1.75644 0.43577 7.60001 -1.76259
0.44026 7.65004 -1.7686 0.444788 7.70008 -1.77447 0.44935 7.75 -1.78019 0.453933
7.8 -1.78579 0.458361 7.84999 -1.79122 0.463134 7.89998 -1.79657 0.467901 7.94999
-1.80187 0.472604 8 -1.80712 0.477244 8.05229 -1.81273 0.481795 8.10459 -1.81825
0.486297 8.15691 -1.82367 0.490736 8.20924 -1.82899 0.495112 8.26989 -1.83496 0.5
8.31591 -1.83934 0.503549 8.36195 -1.84364 0.506991 8.408 -1.84787 0.510325 8.45407
-1.85204 0.513553 8.5 -1.85613 0.516665 8.6 -1.86514 0.523079 8.70003 -1.87381
0.529514 8.80006 -1.8825 0.535934 8.90009 -1.89121 0.54234 9 -1.89992 0.548724
9.1 -1.90934 0.554556 9.20001 -1.91817 0.561031 9.30002 -1.92715 0.567414 9.40002
-1.93628 0.573705 9.5 -1.94571 0.579754 9.6 -1.95565 0.584736 9.7 -1.96512
0.590571 9.80005 -1.97426 0.596145 9.90014 -1.98307 0.601468 10 -1.99154 0.606535
10.0203 -1.99323 0.607482 10.0406 -1.99492 0.608424 10.0608 -1.99662 0.60936 10.0811
-1.99832 0.610289 10.1011 -2 0.611199 10.2809 -2.01514 0.619331 10.4607 -2.02957
0.626778 10.6409 -2.04045 0.633085 10.8213 -2.04799 0.638249 11 -2.05234 0.642233
11.2 -2.05433 0.644564 11.4 -2.05708 0.648003 11.5999 -2.05993 0.651367 11.7999
-2.0629 0.654658 12 -2.06592 0.657991 12.2 -2.06816 0.65989 12.4 -2.07146
0.663136 12.5999 -2.07486 0.666328 12.7999 -2.07836 0.669469 13 -2.08193 0.672651
13.2 -2.08432 0.674145 13.4 -2.08815 0.677205 13.5999 -2.09209 0.680215 13.7999
-2.09614 0.683174 14 -2.10028 0.68617 14.2 -2.10283 0.687237 14.3999 -2.10748
0.690088 14.5999 -2.11227 0.69296 14.7998 -2.11719 0.695855 15 -2.12314 0.698846
-1.001 1e-07 0.632679 -1.001 8e-08 0.632679 -1.001 6e-08 0.632679 -1.001
3.99999e-08 0.632679 -1.001 1.99998e-08 0.632679 -1.001 1.09956e-15 0.632679 -1.0008 -6.04975e-06
0.632681 -1.0006 -1.21028e-05 0.632682 -1.0004 -1.81593e-05 0.632684 -1.0002 -2.42191e-05 0.632686
-1 -3.02823e-05 0.632687 -0.9875 -0.000410714 0.632789 -0.975 -0.000808937 0.632874 -0.962501
-0.00122488 0.632938 -0.950003 -0.00165868 0.63298 -0.9375 -0.00211063 0.632999 -0.925 -0.00258021
0.632996 -0.912501 -0.00307247 0.632962 -0.900003 -0.00358765 0.632894 -0.887506 -0.00412589 0.632793
-0.875 -0.00468784 0.632657 -0.8625 -0.00527749 0.632491 -0.850002 -0.0059062 0.632287 -0.837508
-0.0065737 0.632043 -0.825016 -0.00728012 0.631757 -0.8125 -0.00802839 0.63143 -0.8 -0.00883211
0.631075 -0.787506 -0.00970615 0.630689 -0.775018 -0.0106564 0.630279 -0.762536 -0.0116835 0.629847
-0.75 -0.012794 0.62939 -0.7375 -0.0139988 0.628928 -0.725012 -0.0153235 0.628478 -0.712536
-0.0167648 0.628049 -0.700073 -0.0183234 0.627641 -0.6875 -0.0200179 0.627251 -0.675 -0.0218325
0.626895 -0.662519 -0.0237857 0.626613 -0.650059 -0.0258767 0.626413 -0.637622 -0.0281101 0.626295
-0.625 -0.0305471 0.626259 -0.6125 -0.0331369 0.626314 -0.600036 -0.0358875 0.626508 -0.587612
-0.0388029 0.626847 -0.575235 -0.0418876 0.627336 -0.5625 -0.0452426 0.628004 -0.550096 -0.048694
0.628835 -0.537751 -0.0522978 0.629881 -0.525479 -0.0560728 0.631146 -0.513288 -0.060026 0.632633
-0.506016 -0.0624999 0.633665 -0.504813 -0.0629211 0.633851 -0.50361 -0.0633443 0.634039 -0.502409
-0.0637694 0.634229 -0.501209 -0.0641964 0.634422 -0.5 -0.0646289 0.634618 -0.4875 -0.0691186
0.636675 -0.475115 -0.0737865 0.639015 -0.462859 -0.0786334 0.641647 -0.450744 -0.0836619 0.644576
-0.437499 -0.0894104 0.648131 -0.424999 -0.0950778 0.651841 -0.412687 -0.100924 0.655887 -0.400577
-0.106949 0.660266 -0.388657 -0.113147 0.664918 -0.374998 -0.120523 0.670615 -0.373414 -0.121418
0.671327 -0.371834 -0.122316 0.672045 -0.370258 -0.123217 0.672768 -0.368685 -0.12412 0.673494
-0.367159 -0.124999 0.674201 -0.36145 -0.128301 0.676861 -0.355785 -0.131637 0.679573 -0.350164
-0.135005 0.682336 -0.344582 -0.138402 0.685141 -0.339978 -0.141245 0.687499 -0.334482 -0.144681
0.69036 -0.329027 -0.148147 0.693264 -0.323607 -0.151641 0.696201 -0.318222 -0.155162 0.699169
-0.312497 -0.158951 0.702357 -0.303977 -0.16466 0.707145 -0.295527 -0.170425 0.711991 -0.287148
-0.176245 0.716893 -0.278796 -0.182131 0.721763 -0.271283 -0.187498 0.726127 -0.267025 -0.19057
0.728587 -0.262778 -0.193653 0.731053 -0.258541 -0.196747 0.733523 -0.254315 -0.199852 0.735995
-0.249994 -0.203035 0.738504 -0.246004 -0.205983 0.740804 -0.242016 -0.20894 0.743096 -0.238029
-0.211906 0.745377 -0.234031 -0.214885 0.747621 -0.22971 -0.218111 0.750001 -0.221266 -0.224428
0.754555 -0.212807 -0.230794 0.759014 -0.204321 -0.237183 0.763387 -0.195816 -0.243576 0.767719
-0.187489 -0.249808 0.771743 -0.18744 -0.249844 0.771765 -0.18739 -0.249881 0.771788 -0.187341
-0.249918 0.771811 -0.187292 -0.249954 0.771833 -0.187242 -0.249991 0.771856 -0.174787 -0.259269
0.777543 -0.162175 -0.268525 0.782913 -0.149409 -0.277751 0.787959 -0.136464 -0.286931 0.792616
-0.124964 -0.294892 0.796299 -0.119782 -0.298402 0.797783 -0.114582 -0.301904 0.799225 -0.109365
-0.305397 0.800627 -0.104109 -0.308865 0.801941 -0.0986086 -0.312445 0.803214 -0.0913786 -0.317082
0.804751 -0.0841127 -0.321688 0.806208 -0.0767975 -0.326253 0.807546 -0.069421 -0.330761 0.808728
-0.0624573 -0.334931 0.809691 -0.0594593 -0.336685 0.810034 -0.0564526 -0.338429 0.810353 -0.0534369
-0.340163 0.810645 -0.0504123 -0.341885 0.810911 -0.0471877 -0.343703 0.811164 -0.0439929 -0.345487
0.811383 -0.0407909 -0.34726 0.811579 -0.0375814 -0.349023 0.81175 -0.0343646 -0.350774 0.811896
-0.0312136 -0.352473 0.812014 -0.0279133 -0.354237 0.812112 -0.0246041 -0.355984 0.812187 -0.0212865
-0.357717 0.812238 -0.0179608 -0.359434 0.812268 3.13877e-05 -0.36862 0.812305 0.00266629 -0.369886
0.812207 0.00530501 -0.371143 0.812095 0.00794738 -0.372391 0.811969 0.0105932 -0.37363 0.811832
0.0134349 -0.37495 0.81167 0.023252 -0.379472 0.811068 0.0331093 -0.383881 0.810305 0.0430074
-0.388173 0.809411 0.0529566 -0.392324 0.808429 0.0625218 -0.396177 0.807396 0.067706 -0.398182
0.806764 0.0729009 -0.400154 0.806114 0.0781041 -0.402095 0.805437 0.0833136 -0.404006 0.804725
0.0894079 -0.406205 0.803855 0.090279 -0.406513 0.803725 0.0911504 -0.40682 0.803594 0.0920219
-0.407127 0.803463 0.0928935 -0.407433 0.803331 0.0937637 -0.407738 0.803198 0.100013 -0.409922
0.802239 0.106274 -0.412052 0.801234 0.112543 -0.414134 0.800181 0.118819 -0.416171 0.799082
0.125012 -0.418138 0.797964 0.131261 -0.420085 0.796815 0.137515 -0.421985 0.795617 0.143772
-0.42384 0.794369 0.150032 -0.425659 0.793083 0.156255 -0.427448 0.791777 0.162504 -0.429223
0.79044 0.168761 -0.43095 0.789074 0.175023 -0.432644 0.787693 0.181289 -0.434309 0.786299
0.1875 -0.435931 0.784904 0.188693 -0.436238 0.784635 0.189887 -0.436543 0.784364 0.191081
-0.436848 0.784092 0.192275 -0.437151 0.78382 0.193512 -0.437464 0.783537 0.204808 -0.440315
0.780948 0.216117 -0.443078 0.778318 0.22744 -0.445763 0.775666 0.238784 -0.448375 0.773028
0.249996 -0.450891 0.770458 0.262498 -0.45363 0.767471 0.275038 -0.456286 0.764569 0.287588
-0.45886 0.761636 0.300147 -0.461392 0.758702 0.312507 -0.463823 0.755795 0.317348 -0.464749
0.754637 0.32219 -0.46567 0.753481 0.327033 -0.466583 0.752322 0.331877 -0.467488 0.751158
0.336666 -0.468375 0.750004 0.344333 -0.469782 0.74815 0.352002 -0.471171 0.746296 0.359674
-0.472543 0.744437 0.367348 -0.473898 0.742575 0.374999 -0.475242 0.740743 0.387498 -0.477386
0.737693 0.400014 -0.479511 0.734696 0.412538 -0.4816 0.731707 0.425069 -0.483642 0.728712
0.437498 -0.485635 0.725716 0.449999 -0.487619 0.722665 0.462514 -0.489541 0.719636 0.475032
-0.491428 0.716595 0.487554 -0.493272 0.713541 0.500001 -0.495057 0.710493 0.507063 -0.496042
0.708759 0.514126 -0.497014 0.707021 0.52119 -0.49797 0.705281 0.528256 -0.498909 0.703539
0.536476 -0.499984 0.701511 0.541681 -0.500651 0.700225 0.546886 -0.501309 0.698937 0.552092
-0.501959 0.697647 0.557299 -0.5026 0.696355 0.5625 -0.503233 0.695062 0.56859 -0.503965
0.69355 0.574681 -0.504687 0.692034 0.580772 -0.505397 0.690517 0.586865 -0.506098 0.689002
0.592906 -0.506782 0.6875 0.599324 -0.507498 0.685906 0.605745 -0.508202 0.684312 0.612166
-0.508895 0.682717 0.618588 -0.509576 0.681122 0.625 -0.510244 0.67953 0.6375 -0.511518
0.676438 0.650001 -0.512753 0.673336 0.662509 -0.513946 0.670244 0.675024 -0.515096 0.66716
0.6875 -0.516201 0.664101 0.7 -0.517286 0.661056 0.712508 -0.518313 0.658023 0.725024
-0.51929 0.655008 0.737546 -0.520222 0.652003 0.750001 -0.521086 0.649043 0.762501 -0.521906
0.646099 0.775008 -0.522694 0.643178 0.787523 -0.52344 0.640278 0.800051 -0.524144 0.637428
0.8125 -0.524806 0.634626 0.821162 -0.52524 0.632701 0.829828 -0.525648 0.63079 0.838499
-0.526027 0.628897 0.847173 -0.526384 0.627017 0.856537 -0.52675 0.625003 0.86023 -0.526887
0.624215 0.863924 -0.527021 0.623432 0.867619 -0.527151 0.622655 0.871315 -0.527279 0.621883
0.875 -0.527402 0.621121 0.8875 -0.527813 0.618547 0.900005 -0.528194 0.615996 0.912517
-0.528547 0.613469 0.925038 -0.528857 0.610985 0.937499 -0.529122 0.608567 0.949999 -0.529361
0.606196 0.962501 -0.529575 0.603835 0.975007 -0.529762 0.601493 0.987518 -0.52992 0.599177
0.999998 -0.530046 0.596913 1.0125 -0.53014 0.594693 1.025 -0.530227 0.592469 1.0375
-0.530309 0.590241 1.05 -0.530382 0.588033 1.0625 -0.530448 0.585869 1.075 -0.530506
0.583748 1.0875 -0.530554 0.581605 1.09999 -0.530596 0.579453 1.11249 -0.530634 0.577312
1.125 -0.530666 0.575184 1.1375 -0.530689 0.573082 1.15 -0.530728 0.570963 1.16249
-0.530774 0.568844 1.17499 -0.530828 0.566726 1.1875 -0.530888 0.564609 1.19 -0.530902
0.564187 1.1925 -0.530917 0.563764 1.195 -0.530932 0.563341 1.1975 -0.530948 0.562917
1.19997 -0.530964 0.5625 1.20997 -0.531031 0.560804 1.21998 -0.53111 0.559099 1.22998
-0.531201 0.557384 1.23998 -0.531307 0.555659 1.25 -0.531427 0.553921 1.2625 -0.5316
0.551749 1.27499 -0.531794 0.549546 1.28748 -0.532018 0.547323 1.29997 -0.532269 0.54508
1.3125 -0.532544 0.542814 1.325 -0.532841 0.540552 1.33749 -0.53317 0.538252 1.34998
-0.533531 0.535914 1.36246 -0.533925 0.533556 1.375 -0.534362 0.531188 1.3875 -0.534836
0.52883 1.39999 -0.535334 0.526422 1.41247 -0.535857 0.523964 1.42494 -0.536409 0.521483
1.4375 -0.537 0.51898 1.45 -0.537625 0.516484 1.46249 -0.538288 0.513943 1.47497
-0.538991 0.511377 1.48745 -0.539726 0.508791 1.5 -0.5405 0.506167 1.50589 -0.540882
0.504933 1.51178 -0.541271 0.503689 1.51766 -0.541668 0.502441 1.52355 -0.542072 0.501189
1.52912 -0.542462 0.5 1.53579 -0.542937 0.49857 1.54247 -0.543422 0.497131 1.54914
-0.543917 0.495684 1.55581 -0.544423 0.494229 1.5625 -0.544942 0.49276 1.575 -0.545935
0.49001 1.58749 -0.54696 0.487222 1.59997 -0.54802 0.484408 1.61244 -0.549115 0.48157
1.625 -0.550255 0.478692 1.6375 -0.551429 0.475829 1.64999 -0.552642 0.472928 1.66247
-0.553894 0.470016 1.67494 -0.555185 0.467089 1.6875 -0.556524 0.464123 1.69834 -0.557719
0.461555 1.70917 -0.558945 0.458972 1.72 -0.560203 0.45638 1.73082 -0.561494 0.45378
1.73903 -0.5625 0.451798 1.74123 -0.562774 0.451268 1.74342 -0.563049 0.450737 1.74561
-0.563326 0.450206 1.74781 -0.563604 0.449675 1.75 -0.563883 0.449143 1.75961 -0.565114
0.446814 1.76922 -0.566374 0.444482 1.77882 -0.567663 0.442145 1.78842 -0.568981 0.439805
1.79787 -0.570309 0.4375 1.8008 -0.570729 0.436787 1.80372 -0.571151 0.436074 1.80665
-0.571576 0.435359 1.80957 -0.572004 0.434645 1.8125 -0.572435 0.433928 1.825 -0.574287
0.430874 1.83749 -0.57619 0.427807 1.84997 -0.578147 0.424737 1.86244 -0.580157 0.421662
1.875 -0.582236 0.418563 1.8875 -0.584356 0.415498 1.89999 -0.586534 0.412416 1.91246
-0.588772 0.409319 1.92492 -0.59107 0.406222 1.9375 -0.593448 0.403108 1.95 -0.595868
0.400026 1.96249 -0.598352 0.396941 1.97496 -0.600899 0.393854 1.98742 -0.603503 0.390773
2 -0.606193 0.387669 2.01033 -0.608449 0.385135 2.02064 -0.610755 0.382597 2.03095
-0.613103 0.380061 2.04125 -0.61549 0.37753 2.05156 -0.617922 0.375 2.05375 -0.618446
0.374464 2.05594 -0.618973 0.373929 2.05812 -0.619501 0.373393 2.06031 -0.620031 0.372858
2.0625 -0.620564 0.372322 2.06614 -0.621451 0.371433 2.06977 -0.622343 0.370543 2.07341
-0.623241 0.369655 2.07704 -0.624142 0.368768 2.08048 -0.625 0.36793 2.08939 -0.62723
0.365766 2.09829 -0.629489 0.363609 2.10718 -0.631777 0.361458 2.11606 -0.634093 0.359314
2.125 -0.636451 0.357159 2.1375 -0.639785 0.354172 2.14999 -0.643172 0.351189 2.16246
-0.64661 0.348218 2.17493 -0.650101 0.345268 2.1875 -0.653658 0.342326 2.2 -0.657227
0.339438 2.21249 -0.66085 0.336571 2.22497 -0.664527 0.333726 2.23744 -0.668239 0.330915
2.25 -0.67201 0.328132 2.26023 -0.675108 0.325909 2.27045 -0.678233 0.323705 2.28068
-0.681378 0.321531 2.2909 -0.684541 0.319387 2.30042 -0.6875 0.317422 2.30284 -0.688255
0.316929 2.30525 -0.689012 0.316438 2.30767 -0.689769 0.315949 2.31008 -0.690528 0.315461
2.3125 -0.691288 0.314974 2.31497 -0.692066 0.314479 2.31744 -0.692844 0.313986 2.31991
-0.693623 0.313495 2.32238 -0.694403 0.313006 2.32495 -0.695216 0.3125 2.33496 -0.698384
0.310537 2.34497 -0.701567 0.308608 2.35498 -0.704765 0.306714 2.365 -0.707979 0.304854
2.375 -0.711201 0.303026 2.3875 -0.715237 0.300786 2.4 -0.719298 0.298594 2.4125
-0.723375 0.296454 2.42501 -0.727467 0.294367 2.4375 -0.731557 0.292342 2.4488 -0.735245
0.29056 2.4601 -0.738963 0.28883 2.47141 -0.742694 0.287136 2.48271 -0.746431 0.285479
2.4935 -0.75 0.283935 2.4948 -0.750431 0.283752 2.4961 -0.750862 0.283571 2.4974
-0.751294 0.283389 2.4987 -0.751725 0.283209 2.5 -0.752156 0.283028 2.525 -0.760455
0.279583 2.55001 -0.768778 0.276267 2.57503 -0.777132 0.273091 2.60004 -0.785532 0.270051
2.625 -0.793965 0.267161 2.65 -0.802448 0.264529 2.675 -0.810931 0.261937 2.70001
-0.819442 0.259487 2.72503 -0.82796 0.257123 2.75 -0.83647 0.254845 2.76106 -0.840247
0.253876 2.77212 -0.844023 0.252915 2.78318 -0.847801 0.251963 2.79424 -0.851578 0.251013
2.80624 -0.855676 0.25 2.81758 -0.859541 0.249062 2.82891 -0.863401 0.248141 2.84025
-0.867257 0.247238 2.85159 -0.871109 0.246351 2.86306 -0.875 0.245471 2.86545 -0.875809
0.245292 2.86784 -0.876618 0.245113 2.87023 -0.877427 0.244935 2.87261 -0.878237 0.244758
2.875 -0.879047 0.244581 2.9 -0.88752 0.242752 2.925 -0.895996 0.240994 2.95002
-0.904458 0.239325 2.97504 -0.912905 0.237746 3 -0.92131 0.236263 3.025 -0.929681
0.234928 3.05 -0.938062 0.233611 3.07501 -0.946411 0.232356 3.10003 -0.954726 0.231148
3.125 -0.962979 0.229983 3.14762 -0.970383 0.229009 3.17025 -0.977795 0.228072 3.19288
-0.985185 0.227178 3.21552 -0.992541 0.226329 3.23861 -1 0.225508 3.24089 -1.00073
0.225432 3.24317 -1.00147 0.225356 3.24545 -1.0022 0.225281 3.24772 -1.00294 0.225206
3.25 -1.00367 0.225131 3.3 -1.01932 0.223522 3.3499 -1.03531 0.222018 3.39987
-1.05108 0.220682 3.44991 -1.06663 0.219585 3.5 -1.08203 0.218721 3.55 -1.09713
0.218411 3.60002 -1.11217 0.218049 3.6501 -1.12698 0.217846 3.70021 -1.14171 0.217773
3.75 -1.15627 0.217851 3.8 -1.17082 0.218318 3.85001 -1.18532 0.218772 3.90005
-1.19974 0.219352 3.95011 -1.21407 0.220055 4 -1.22825 0.220876 4.01797 -1.2326
0.221155 4.03588 -1.2372 0.221468 4.05383 -1.24164 0.22177 4.07182 -1.24592 0.222067
4.08964 -1.25 0.222354 4.12171 -1.25709 0.22286 4.1537 -1.26454 0.223443 4.18559
-1.27239 0.224111 4.21737 -1.28067 0.22487 4.25 -1.28932 0.225731 4.3 -1.29993
0.226991 4.34949 -1.3127 0.228537 4.39903 -1.32523 0.230239 4.44862 -1.33753 0.232095
4.5 -1.3501 0.234137 4.55 -1.36072 0.235936 4.59969 -1.37263 0.238091 4.64941
-1.38442 0.240328 4.69916 -1.39606 0.242663 4.75 -1.40778 0.245173 4.76911 -1.41193
0.246138 4.78819 -1.41624 0.247142 4.80727 -1.42052 0.248164 4.82635 -1.42479 0.249203
4.84074 -1.42798 0.25 4.87259 -1.43504 0.251775 4.90445 -1.44205 0.253569 4.93632
-1.44902 0.255382 4.96819 -1.45596 0.257215 5 -1.46283 0.259062 5.03475 -1.47027
0.261151 5.06951 -1.47765 0.263216 5.10427 -1.48499 0.265308 5.13905 -1.49229 0.267428
5.17612 -1.5 0.269771 5.1909 -1.50305 0.270741 5.20567 -1.50609 0.271718 5.22045
-1.50913 0.272703 5.23523 -1.51216 0.273697 5.25 -1.51518 0.274695 5.3 -1.52535
0.278111 5.35001 -1.53546 0.281592 5.40002 -1.54549 0.285151 5.45006 -1.5554 0.288777
5.5 -1.56518 0.29246 5.55 -1.57445 0.296021 5.59995 -1.58392 0.299803 5.64991
-1.5933 0.303645 5.69988 -1.60258 0.307547 5.75 -1.61176 0.311521 5.8 -1.62078
0.315578 5.85003 -1.6296 0.319659 5.90009 -1.63827 0.323789 5.95016 -1.64682 0.327977
6 -1.65499 0.332054 6.05 -1.6626 0.33592 6.09995 -1.67037 0.340068 6.14987
-1.67826 0.344453 6.19979 -1.68605 0.348899 6.25 -1.69381 0.353421 6.3 -1.70156
0.357957 6.35005 -1.70895 0.362564 6.4001 -1.71628 0.367226 6.45016 -1.72352 0.371937
6.5 -1.73054 0.376662 6.52871 -1.73444 0.379333 6.55742 -1.73834 0.38208 6.58613
-1.74219 0.384836 6.61484 -1.74598 0.387602 6.64575 -1.75 0.390589 6.6666 -1.75267
0.392611 6.68745 -1.75533 0.394642 6.7083 -1.75797 0.39668 6.72916 -1.7606 0.398726
6.75 -1.76322 0.400779 6.8 -1.7694 0.405665 6.85 -1.77552 0.410666 6.9
-1.78152 0.415706 6.95003 -1.78733 0.420778 7 -1.79292 0.425874 7.05 -1.79853
0.430803 7.10001 -1.8038 0.436035 7.15003 -1.8089 0.441297 7.20006 -1.81381 0.446583
7.25 -1.81859 0.451812 7.3 -1.82324 0.456764 7.34997 -1.82788 0.462045 7.39995
-1.83238 0.467293 7.44995 -1.83677 0.472495 7.5 -1.84105 0.477656 7.54492 -1.84493
0.482125 7.58984 -1.84867 0.486694 7.63478 -1.85232 0.491224 7.67972 -1.85588 0.495714
7.72262 -1.85923 0.5 7.72809 -1.85965 0.500549 7.73357 -1.86007 0.501099 7.73905
-1.86049 0.50165 7.74452 -1.86091 0.502203 7.75 -1.86133 0.502756 7.8 -1.86517
0.507791 7.85001 -1.86889 0.512816 7.90003 -1.87252 0.517802 7.95006 -1.87609 0.522781
8 -1.87963 0.527768 8.1 -1.88665 0.537222 8.20004 -1.89345 0.54647 8.30011
-1.90005 0.55545 8.40021 -1.90647 0.564164 8.5 -1.91267 0.572496 8.6 -1.91971
0.579699 8.7 -1.92558 0.587886 8.80001 -1.93159 0.595814 8.90004 -1.93776 0.603478
9 -1.94407 0.610876 9.1 -1.95131 0.617272 9.2 -1.95802 0.624189 9.3
-1.96509 0.630783 9.39999 -1.97253 0.637058 9.5 -1.98022 0.643014 9.55026 -1.98418
0.645707 9.60052 -1.98808 0.648532 9.65078 -1.99207 0.651271 9.70104 -1.99615 0.653925
9.74948 -2 0.656425 9.79958 -2.00391 0.658955 9.8497 -2.00767 0.661452 9.89983
-2.01129 0.663916 9.94997 -2.01477 0.666349 10 -2.01811 0.668742 10.2 -2.03071
0.677764 10.4 -2.04369 0.686526 10.6 -2.05679 0.694533 10.8003 -2.06612 0.701175
11 -2.07147 0.706371 11.2 -2.07367 0.708949 11.4 -2.07689 0.7131 11.5999
-2.08023 0.717189 11.7999 -2.08368 0.721218 12 -2.08723 0.725255 12.2 -2.0897
0.727359 12.4 -2.0936 0.731301 12.5999 -2.0976 0.735204 12.7998 -2.10171 0.739071
13 -2.10592 0.74295 13.2 -2.10857 0.744609 13.3999 -2.1131 0.748349 13.5999
-2.11775 0.752055 13.7998 -2.12253 0.755728 14 -2.12744 0.759407 14.2 -2.13027
0.760593 14.3999 -2.1358 0.764089 14.5998 -2.14149 0.767624 14.7997 -2.14735 0.771201
15 -2.15362 0.77485 -1.001 1e-07 0.685311 -1.001 8e-08 0.685311 -1.001
6e-08 0.685311 -1.001 3.99999e-08 0.685311 -1.001 1.99998e-08 0.685311 -1.001 3.84023e-16
0.685311 -1.0008 -6.79146e-06 0.685314 -1.0006 -1.35864e-05 0.685317 -1.0004 -2.03847e-05 0.68532
-1.0002 -2.71865e-05 0.685323 -1 -3.39918e-05 0.685326 -0.9875 -0.000460814 0.685516 -0.975
-0.000906015 0.685691 -0.962501 -0.00136974 0.685852 -0.950003 -0.00185214 0.685998 -0.9375 -0.00235352
0.68613 -0.925 -0.0028733 0.686246 -0.912501 -0.00342293 0.686336 -0.900003 -0.00400356 0.6864
-0.887507 -0.00461546 0.686439 -0.875 -0.00525956 0.68645 -0.8625 -0.00593524 0.686435 -0.850003
-0.00666704 0.686394 -0.83751 -0.00745775 0.686329 -0.825021 -0.00830798 0.68624 -0.8125 -0.00922099
0.686125 -0.8 -0.0101957 0.685989 -0.787508 -0.0112738 0.685852 -0.775026 -0.0124561 0.685717
-0.762555 -0.0137443 0.685583 -0.75 -0.0151504 0.685451 -0.7375 -0.016665 0.685324 -0.725017
-0.018317 0.685238 -0.712554 -0.0201119 0.6852 -0.700112 -0.0220529 0.685212 -0.6875 -0.0241867
0.685278 -0.675 -0.0264777 0.685404 -0.662535 -0.0289435 0.685627 -0.650108 -0.0315886 0.685956
-0.637724 -0.0344094 0.686398 -0.625 -0.0374986 0.686973 -0.623108 -0.0379884 0.687079 -0.621217
-0.038482 0.687188 -0.619327 -0.0389792 0.687301 -0.617438 -0.0394801 0.687418 -0.61616 -0.0398216
0.6875 -0.605428 -0.0427057 0.688205 -0.594739 -0.0457123 0.68904 -0.584102 -0.0488596 0.690002
-0.57352 -0.052151 0.691095 -0.5625 -0.0557536 0.692379 -0.558563 -0.0571029 0.692895 -0.554635
-0.05847 0.693435 -0.550716 -0.059854 0.693998 -0.546807 -0.0612544 0.694584 -0.543379 -0.0625
0.695121 -0.534703 -0.0656924 0.696529 -0.526081 -0.0689767 0.698052 -0.517517 -0.0723541 0.699691
-0.509014 -0.0758261 0.701448 -0.5 -0.0796251 0.703444 -0.4875 -0.0850497 0.706404 -0.475148
-0.0906518 0.709642 -0.462956 -0.0964328 0.71316 -0.450935 -0.102388 0.716961 -0.4375 -0.10927
0.721525 -0.43159 -0.112416 0.723697 -0.425727 -0.115598 0.725938 -0.419907 -0.118815 0.728242
-0.414121 -0.122061 0.730592 -0.408956 -0.125 0.732744 -0.402165 -0.128917 0.735639 -0.395436
-0.132882 0.738612 -0.388771 -0.136896 0.741664 -0.382167 -0.140954 0.744788 -0.374999 -0.145437
0.748261 -0.374299 -0.145883 0.748609 -0.3736 -0.14633 0.748957 -0.372901 -0.146777 0.749306
-0.372203 -0.147225 0.749656 -0.371516 -0.147665 0.75 -0.359712 -0.155253 0.755921 -0.348056
-0.162963 0.761973 -0.336549 -0.170797 0.768153 -0.325193 -0.178755 0.774451 -0.312987 -0.187499
0.781298 -0.312889 -0.187571 0.781354 -0.312791 -0.187642 0.781409 -0.312693 -0.187714 0.781465
-0.312595 -0.187786 0.78152 -0.312497 -0.187857 0.781575 -0.301563 -0.195867 0.78776 -0.290694
-0.203971 0.793938 -0.279889 -0.212169 0.800106 -0.269101 -0.220449 0.806191 -0.257648 -0.229289
0.812499 -0.256118 -0.230475 0.813318 -0.254587 -0.231663 0.814135 -0.253056 -0.232852 0.814949
-0.251525 -0.234042 0.815761 -0.249995 -0.235231 0.816567 -0.246195 -0.238184 0.818559 -0.242392
-0.241146 0.820533 -0.238586 -0.244116 0.822489 -0.234765 -0.247092 0.824405 -0.231024 -0.249997
0.82623 -0.222318 -0.256736 0.830358 -0.213566 -0.263493 0.834359 -0.204769 -0.270266 0.838232
-0.195917 -0.277044 0.84197 -0.187492 -0.283395 0.845305 -0.179655 -0.289213 0.848211 -0.171753
-0.295007 0.850988 -0.163789 -0.300776 0.853638 -0.155756 -0.306513 0.856141 -0.14727 -0.312485
0.858605 -0.142813 -0.315574 0.859804 -0.138338 -0.318651 0.860967 -0.133847 -0.321717 0.862095
-0.129338 -0.324771 0.863188 -0.124982 -0.327686 0.864192 -0.115144 -0.334195 0.866353 -0.105228
-0.340638 0.868352 -0.095207 -0.347005 0.870045 -0.0850847 -0.353285 0.871438 -0.0624891 -0.3668
0.873884 -0.0595667 -0.368438 0.874077 -0.0566383 -0.370067 0.874251 -0.0537038 -0.371687 0.874407
-0.0507626 -0.373297 0.874542 -0.0476426 -0.37499 0.874665 -0.0455795 -0.376099 0.874731 -0.043512
-0.3772 0.874792 -0.0414414 -0.378296 0.874842 -0.0393676 -0.379386 0.874882 -0.0313935 -0.383551
0.874997 -0.0313935 -0.383551 0.874997 -0.0313935 -0.383551 0.874997 -0.0313935 -0.383551 0.874997
-0.0313935 -0.383551 0.874997 -0.0313935 -0.383551 0.874997 -0.0251125 -0.38675 0.87497 -0.0188072
-0.389899 0.874853 -0.0124793 -0.392998 0.874647 -0.00612912 -0.396047 0.874386 1.14929e-05 -0.398936
0.874101 0.0125097 -0.404707 0.873449 0.0250834 -0.41029 0.872644 0.0377262 -0.41569 0.871682
0.0504324 -0.420909 0.870567 0.0625029 -0.425671 0.869361 0.0687524 -0.428031 0.868629 0.075012
-0.43035 0.867854 0.0812808 -0.432628 0.867034 0.087557 -0.434868 0.866167 0.0937502 -0.437039
0.865267 0.0940154 -0.437131 0.865226 0.0942806 -0.437222 0.865186 0.0945458 -0.437313 0.865145
0.094811 -0.437404 0.865105 0.0950783 -0.437496 0.865064 0.101063 -0.43955 0.864146 0.107054
-0.441573 0.863208 0.113052 -0.443568 0.862251 0.119057 -0.445533 0.861273 0.125 -0.44744
0.86027 0.1375 -0.451369 0.858045 0.150037 -0.455179 0.855821 0.162594 -0.45887 0.853513
0.175173 -0.46245 0.851147 0.1875 -0.465884 0.848761 0.2 -0.4693 0.846264 0.212528
-0.472567 0.843709 0.225082 -0.475687 0.841096 0.237648 -0.478711 0.838429 0.25 -0.481593
0.835734 0.2625 -0.484422 0.832932 0.275014 -0.487194 0.830135 0.287535 -0.4899 0.827309
0.300063 -0.492538 0.824446 0.3125 -0.495087 0.821569 0.317363 -0.496064 0.82043 0.322228
-0.497029 0.819289 0.327094 -0.497985 0.818143 0.33196 -0.498934 0.816994 0.337341 -0.499974
0.815719 0.340048 -0.500492 0.815076 0.342756 -0.501008 0.814431 0.345463 -0.501521 0.813784
0.34817 -0.502033 0.813136 0.350813 -0.502529 0.812502 0.355649 -0.503434 0.811339 0.360486
-0.504332 0.810173 0.365323 -0.505223 0.809002 0.37016 -0.506107 0.807827 0.374994 -0.506983
0.80665 0.387494 -0.509225 0.803599 0.399995 -0.511429 0.800521 0.412498 -0.513594 0.797425
0.425003 -0.515721 0.79431 0.437496 -0.517809 0.791179 0.449997 -0.519873 0.788028 0.462501
-0.521884 0.784853 0.475006 -0.523846 0.781656 0.487514 -0.525771 0.778444 0.5 -0.52764
0.775239 0.5125 -0.529461 0.772031 0.524994 -0.531261 0.768787 0.537486 -0.533035 0.765518
0.54998 -0.534772 0.762241 0.562501 -0.536478 0.758951 0.569324 -0.537395 0.757161 0.576147
-0.538296 0.755364 0.582973 -0.539187 0.75357 0.5898 -0.540066 0.751778 0.596578 -0.540929
0.750001 0.602263 -0.541643 0.74851 0.607948 -0.542349 0.747017 0.613633 -0.543047 0.745523
0.619319 -0.543737 0.744027 0.625 -0.544419 0.74253 0.6375 -0.545909 0.739245 0.650004
-0.547349 0.735953 0.662513 -0.548748 0.732662 0.675028 -0.550111 0.729376 0.6875 -0.551435
0.726107 0.7 -0.552741 0.722853 0.712506 -0.553993 0.719602 0.725019 -0.555209 0.716362
0.737539 -0.556387 0.713133 0.75 -0.557522 0.709932 0.761382 -0.558517 0.707029 0.772768
-0.559481 0.704131 0.784159 -0.56041 0.701246 0.795557 -0.561308 0.698374 0.811248 -0.562499
0.694443 0.811498 -0.562517 0.69438 0.811749 -0.562535 0.694318 0.811999 -0.562553 0.694256
0.812249 -0.562571 0.694193 0.8125 -0.562589 0.694131 0.817834 -0.562972 0.692805 0.823169
-0.563347 0.691482 0.828506 -0.563715 0.690162 0.833844 -0.564076 0.688846 0.839317 -0.564439
0.6875 0.846453 -0.564902 0.685753 0.853592 -0.565354 0.68401 0.860732 -0.565794 0.682273
0.867875 -0.566222 0.680542 0.874999 -0.566636 0.678823 0.887499 -0.567347 0.675825 0.900005
-0.568032 0.672843 0.912516 -0.568685 0.669881 0.925035 -0.569306 0.666941 0.937499 -0.569892
0.664035 0.949999 -0.570449 0.661165 0.962498 -0.57099 0.658289 0.975002 -0.571508 0.655428
0.987511 -0.572004 0.652587 0.999999 -0.572482 0.649773 1.0125 -0.572944 0.646989 1.025
-0.573399 0.644201 1.0375 -0.573845 0.641427 1.05001 -0.574284 0.638668 1.0625 -0.574713
0.635926 1.07265 -0.57505 0.63374 1.08279 -0.575397 0.631533 1.09293 -0.575745 0.629333
1.10308 -0.576095 0.627139 1.113 -0.57644 0.625 1.1154 -0.576523 0.624485 1.1178
-0.576607 0.623969 1.1202 -0.576691 0.623454 1.1226 -0.576775 0.622939 1.125 -0.57686
0.622424 1.1375 -0.577299 0.619746 1.15 -0.577756 0.617054 1.16249 -0.578228 0.614355
1.17498 -0.578716 0.611649 1.1875 -0.579221 0.608932 1.2 -0.579733 0.606232 1.21249
-0.580271 0.60351 1.22498 -0.580833 0.600777 1.23747 -0.581417 0.598039 1.25 -0.582021
0.595307 1.2625 -0.582634 0.592614 1.27499 -0.583282 0.589878 1.28747 -0.583962 0.587111
1.29995 -0.584668 0.584334 1.3125 -0.585402 0.581542 1.325 -0.586152 0.578771 1.33749
-0.586937 0.575972 1.34998 -0.587753 0.573159 1.36246 -0.5886 0.570338 1.375 -0.589476
0.567494 1.37942 -0.589793 0.566495 1.38383 -0.590115 0.56549 1.38824 -0.59044 0.564483
1.39265 -0.590769 0.563475 1.39692 -0.59109 0.5625 1.40504 -0.591706 0.560641 1.41315
-0.592337 0.558772 1.42126 -0.592982 0.556894 1.42936 -0.593643 0.555006 1.4375 -0.594323
0.5531 1.45 -0.595384 0.550181 1.46248 -0.596484 0.547209 1.47496 -0.597621 0.544215
1.48743 -0.598792 0.541196 1.5 -0.600005 0.538141 1.5125 -0.601241 0.535102 1.52499
-0.602515 0.532023 1.53746 -0.603828 0.528908 1.54993 -0.605173 0.525776 1.5625 -0.606559
0.522622 1.575 -0.607968 0.519504 1.58748 -0.609419 0.516332 1.59995 -0.610906 0.513132
1.61241 -0.612426 0.509921 1.625 -0.613995 0.506667 1.63017 -0.614654 0.505334 1.63533
-0.61532 0.503995 1.64049 -0.615993 0.502656 1.64566 -0.616672 0.501316 1.65072 -0.617345
0.5 1.65808 -0.618331 0.498088 1.66543 -0.619328 0.496169 1.67278 -0.620339 0.494243
1.68012 -0.621361 0.492312 1.6875 -0.622401 0.490367 1.69114 -0.622921 0.489407 1.69478
-0.623444 0.488445 1.69842 -0.623971 0.487483 1.70205 -0.624501 0.486521 1.70546 -0.625
0.48562 1.71437 -0.626314 0.483261 1.72327 -0.627649 0.4809 1.73217 -0.629004 0.478536
1.74107 -0.63038 0.476168 1.75 -0.631782 0.473784 1.7625 -0.633771 0.470457 1.77499
-0.635804 0.46711 1.78747 -0.637882 0.463759 1.79994 -0.640004 0.460407 1.8125 -0.642186
0.457036 1.825 -0.644389 0.453733 1.83748 -0.646645 0.450393 1.84995 -0.648947 0.447054
1.86242 -0.651297 0.443731 1.875 -0.653717 0.440392 1.87719 -0.654148 0.439814 1.87939
-0.65458 0.439235 1.88158 -0.655014 0.438657 1.88378 -0.65545 0.438079 1.88598 -0.655889
0.4375 1.89628 -0.657951 0.434793 1.90658 -0.66005 0.432091 1.91687 -0.662184 0.42939
1.92716 -0.664348 0.426689 1.9375 -0.666557 0.423972 1.95 -0.669267 0.420717 1.96248
-0.672033 0.41745 1.97496 -0.67485 0.414193 1.98743 -0.677718 0.410956 2 -0.680661
0.407707 2.00574 -0.682029 0.406238 2.01148 -0.68341 0.404768 2.01721 -0.684802 0.403302
2.02294 -0.686204 0.401839 2.0282 -0.6875 0.400502 2.03506 -0.689203 0.39876 2.04192
-0.690923 0.397024 2.04877 -0.692659 0.395293 2.05562 -0.694412 0.393569 2.0625 -0.696189
0.391845 2.075 -0.69943 0.388736 2.08748 -0.702743 0.385637 2.09996 -0.706102 0.382568
2.11244 -0.709504 0.379534 2.125 -0.712976 0.376514 2.12628 -0.713333 0.376211 2.12755
-0.71369 0.375908 2.12883 -0.714048 0.375606 2.1301 -0.714407 0.375304 2.13139 -0.714769
0.375 2.14261 -0.71793 0.372352 2.15383 -0.721129 0.369725 2.16504 -0.724364 0.367121
2.17624 -0.727628 0.364521 2.1875 -0.730939 0.361913 2.2 -0.734636 0.359056 2.21249
-0.738383 0.356217 2.22498 -0.742164 0.353418 2.23747 -0.745974 0.350663 2.25 -0.749826
0.347939 2.25011 -0.749861 0.347915 2.25023 -0.749896 0.347891 2.25034 -0.74993 0.347866
2.25045 -0.749965 0.347842 2.25056 -0.75 0.347818 2.27545 -0.757703 0.342489 2.30033
-0.765509 0.337293 2.32521 -0.773423 0.33223 2.35009 -0.781436 0.327327 2.375 -0.789531
0.322628 2.4 -0.797644 0.318225 2.42497 -0.805856 0.313826 2.44991 -0.814165 0.309434
2.47485 -0.822545 0.305201 2.5 -0.831028 0.301233 2.525 -0.839491 0.297594 2.54998
-0.848004 0.29395 2.57497 -0.856544 0.290392 2.59997 -0.865099 0.286964 2.625 -0.873677
0.283662 2.62577 -0.873942 0.283564 2.62654 -0.874206 0.283467 2.62731 -0.874471 0.28337
2.62809 -0.874735 0.283272 2.62886 -0.875 0.283175 2.65309 -0.883311 0.280125 2.67731
-0.89166 0.277172 2.70154 -0.900057 0.274329 2.72576 -0.908499 0.271598 2.75 -0.916948
0.269031 2.775 -0.925573 0.266653 2.79998 -0.934266 0.264322 2.82498 -0.942952 0.26216
2.84999 -0.951632 0.260103 2.875 -0.960305 0.258099 2.89641 -0.967676 0.25648 2.91782
-0.975069 0.25491 2.93923 -0.982454 0.253419 2.96066 -0.989832 0.252005 2.99023 -1
0.250159 2.99079 -1.00019 0.250127 2.99134 -1.00038 0.250096 2.99189 -1.00057 0.250064
2.99245 -1.00076 0.250032 2.99302 -1.00096 0.25 2.99442 -1.00144 0.249921 2.99581
-1.00191 0.249843 2.99721 -1.00239 0.249765 2.99861 -1.00287 0.249688 3 -1.00335
0.249612 3.05 -1.02046 0.246869 3.1001 -1.03733 0.244543 3.15032 -1.05393 0.242643
3.20057 -1.07042 0.240936 3.25 -1.08643 0.239644 3.3 -1.10112 0.238734 3.34968
-1.11685 0.23797 3.39941 -1.13247 0.237356 3.44919 -1.14788 0.236933 3.5 -1.16333
0.236738 3.55 -1.17829 0.236907 3.60005 -1.19309 0.237144 3.65013 -1.20779 0.237504
3.70023 -1.22241 0.237987 3.75 -1.23683 0.238587 3.75953 -1.23946 0.238727 3.76903
-1.24217 0.238874 3.77855 -1.24483 0.23902 3.78809 -1.24744 0.239165 3.79768 -1.25
0.23931 3.83815 -1.26058 0.239916 3.87841 -1.27187 0.240642 3.91872 -1.28301 0.24146
3.95907 -1.29398 0.242368 4 -1.30492 0.243382 4.05 -1.31731 0.244694 4.0999
-1.33007 0.246258 4.14985 -1.34258 0.247975 4.19987 -1.35483 0.249841 4.20382 -1.35578
0.25 4.21306 -1.35798 0.250373 4.2223 -1.36018 0.250751 4.23153 -1.36238 0.251133
4.24077 -1.36456 0.251521 4.25 -1.36673 0.251912 4.3 -1.37844 0.254051 4.35003
-1.38997 0.25633 4.40011 -1.4013 0.258741 4.4502 -1.41253 0.26124 4.5 -1.4236
0.263801 4.55 -1.43447 0.266549 4.60001 -1.44531 0.269259 4.65004 -1.45604 0.272037
4.70009 -1.46666 0.274882 4.75 -1.47713 0.277784 4.77269 -1.48171 0.279123 4.79538
-1.48632 0.280515 4.81806 -1.4909 0.281936 4.84075 -1.49545 0.283386 4.86365 -1.5
0.284879 4.89092 -1.50538 0.286693 4.91819 -1.51074 0.288533 4.94547 -1.51608 0.290398
4.97274 -1.52139 0.292289 5 -1.52668 0.294204 5.05 -1.53608 0.297648 5.09996
-1.54562 0.301259 5.14993 -1.55509 0.304955 5.19991 -1.56447 0.308736 5.25 -1.57373
0.312594 5.3 -1.58271 0.316537 5.35001 -1.59161 0.32048 5.40004 -1.60041 0.324458
5.45009 -1.6091 0.328499 5.5 -1.6174 0.33246 5.55 -1.62512 0.336246 5.59995
-1.63306 0.34026 5.64986 -1.64114 0.344471 5.69978 -1.64911 0.348736 5.75 -1.657
0.353109 5.8 -1.66474 0.357548 5.85003 -1.67228 0.362011 5.90008 -1.67965 0.366513
5.95014 -1.68691 0.371074 6 -1.69388 0.37559 6.05 -1.70043 0.379948 6.09994
-1.70721 0.384641 6.14989 -1.71383 0.389373 6.19986 -1.7203 0.394146 6.25 -1.72669
0.39899 6.28671 -1.73136 0.402565 6.32344 -1.73589 0.406172 6.36017 -1.7404 0.409806
6.3969 -1.74484 0.413462 6.44041 -1.75 0.417812 6.45233 -1.75138 0.41901 6.46425
-1.75274 0.42021 6.47617 -1.7541 0.421411 6.48809 -1.75545 0.422614 6.5 -1.75678
0.423818 6.55 -1.76236 0.428854 6.60001 -1.76776 0.433955 6.65004 -1.77298 0.439085
6.70008 -1.77804 0.444245 6.75 -1.78293 0.44942 6.8 -1.78761 0.454496 6.84998
-1.79224 0.459789 6.89998 -1.79669 0.465095 6.95 -1.80099 0.470376 7 -1.80516
0.475629 7.04766 -1.80914 0.480503 7.09532 -1.81291 0.485487 7.143 -1.81657 0.490431
7.19069 -1.82012 0.495337 7.23623 -1.82342 0.5 7.23898 -1.82362 0.500284 7.24174
-1.82382 0.500568 7.24449 -1.82401 0.500853 7.24725 -1.82421 0.501137 7.25 -1.8244
0.501423 7.3 -1.82794 0.506591 7.35 -1.83134 0.511812 7.40001 -1.83461 0.517065
7.45003 -1.8378 0.522337 7.5 -1.84088 0.527623 7.55 -1.8439 0.532662 7.59998
-1.84675 0.537988 7.64996 -1.84949 0.543333 7.69995 -1.85215 0.548695 7.75 -1.85475
0.554153 7.8 -1.85763 0.559161 7.84997 -1.86016 0.564599 7.89995 -1.86255 0.570091
7.94993 -1.86488 0.575586 8 -1.8672 0.580838 8.1 -1.87179 0.590223 8.20002
-1.87616 0.599501 8.30007 -1.88039 0.608492 8.40015 -1.88448 0.617197 8.5 -1.88872
0.625394 8.6 -1.89443 0.632159 8.69998 -1.89864 0.640153 8.79998 -1.90283 0.647959
8.9 -1.90718 0.655501 9 -1.91168 0.662779 9.1 -1.91758 0.668638 9.19999
-1.9224 0.675492 9.29999 -1.92758 0.682024 9.39999 -1.93313 0.688239 9.5 -1.93873
0.694123 9.6 -1.94487 0.698866 9.69998 -1.95046 0.70461 9.79996 -1.95637 0.710036
9.89997 -1.96199 0.715236 10 -1.96728 0.720225 10.1149 -1.97382 0.724983 10.2297
-1.98047 0.729541 10.3446 -1.98729 0.733873 10.4595 -1.99427 0.737984 10.5515 -2
0.741104 10.6412 -2.00489 0.743887 10.7309 -2.00896 0.746384 10.8207 -2.01222 0.748596
10.9106 -2.01471 0.750524 11 -2.01644 0.752161 11.2 -2.01879 0.754917 11.4
-2.02145 0.757966 11.6 -2.02421 0.760936 11.8 -2.02708 0.76383 12 -2.03004
0.766677 12.2 -2.03267 0.768909 12.4 -2.03583 0.771723 12.6 -2.03908 0.774478
12.8 -2.04243 0.777177 13 -2.04586 0.779837 13.2 -2.04865 0.781584 13.4
-2.05229 0.784181 13.6 -2.05604 0.786722 13.7999 -2.05989 0.789208 14 -2.06385
0.79165 14.2 -2.0668 0.792891 14.4 -2.07115 0.795269 14.5999 -2.07562 0.797661
14.7999 -2.08021 0.800069 15 -2.08494 0.802498 -1.001 1e-07 0.737942 -1.001
8e-08 0.737942 -1.001 6e-08 0.737942 -1.001 3.99999e-08 0.737942 -1.001 1.99998e-08
0.737942 -1.001 2.77921e-16 0.737942 -1.0008 -7.26222e-06 0.737948 -1.0006 -1.45289e-05 0.737953
-1.0004 -2.18001e-05 0.737959 -1.0002 -2.90758e-05 0.737964 -1 -3.63561e-05 0.73797 -0.9875
-0.000492919 0.738318 -0.975 -0.00096848 0.738652 -0.962501 -0.00146906 0.738975 -0.950003 -0.00199492
0.739286 -0.9375 -0.00254658 0.739586 -0.925 -0.00312368 0.739875 -0.912501 -0.00373782 0.740147
-0.900005 -0.00439217 0.740404 -0.887509 -0.00508717 0.740645 -0.875 -0.00582421 0.740871 -0.8625
-0.00660188 0.74108 -0.850003 -0.007438 0.741268 -0.837512 -0.00835344 0.741454 -0.825027 -0.00934923
0.741637 -0.8125 -0.010432 0.74182 -0.8 -0.011609 0.742008 -0.787511 -0.0128975 0.7422
-0.775037 -0.0143194 0.742424 -0.76258 -0.0158774 0.742682 -0.75 -0.0175961 0.742977 -0.7375
-0.0194646 0.743321 -0.725029 -0.0215102 0.74372 -0.712593 -0.0237407 0.744201 -0.700194 -0.0261506
0.744764 -0.6875 -0.0288147 0.745432 -0.675 -0.0316461 0.746193 -0.662552 -0.0346645 0.747078
-0.65016 -0.0378651 0.748101 -0.637836 -0.0412719 0.749265 -0.63094 -0.0433111 0.75 -0.629752
-0.0436758 0.750135 -0.628565 -0.0440426 0.750272 -0.627379 -0.0444115 0.75041 -0.626193 -0.0447827
0.750549 -0.625 -0.0451586 0.750691 -0.614057 -0.0486269 0.752005 -0.603181 -0.0522435 0.753461
-0.592377 -0.0560106 0.755063 -0.58165 -0.0599313 0.756815 -0.574932 -0.0625 0.758017 -0.572446
-0.0634776 0.758488 -0.569965 -0.0644646 0.758967 -0.567489 -0.0654608 0.759454 -0.565018 -0.0664659
0.759948 -0.5625 -0.0675007 0.76046 -0.55 -0.0726859 0.763048 -0.537633 -0.0780706 0.765856
-0.52541 -0.083651 0.768906 -0.513339 -0.0894223 0.772195 -0.5 -0.0960522 0.776116 -0.488783
-0.101842 0.779669 -0.477714 -0.107783 0.783434 -0.466788 -0.113863 0.787388 -0.455975 -0.120048
0.791485 -0.447565 -0.125 0.794826 -0.445552 -0.126214 0.795658 -0.443545 -0.127434 0.796497
-0.441545 -0.128659 0.797342 -0.43955 -0.129889 0.798195 -0.4375 -0.131161 0.799078 -0.431316
-0.135017 0.801763 -0.425183 -0.138914 0.804502 -0.419091 -0.142848 0.80728 -0.413031 -0.146813
0.810084 -0.407892 -0.15022 0.8125 -0.401314 -0.154632 0.815633 -0.394784 -0.159086 0.818808
-0.388303 -0.163582 0.822024 -0.381873 -0.16812 0.825282 -0.374999 -0.173037 0.828806 -0.371003
-0.175929 0.830869 -0.367021 -0.178836 0.832941 -0.363055 -0.181758 0.83502 -0.359093 -0.184691
0.837092 -0.355316 -0.1875 0.839061 -0.346753 -0.193898 0.843511 -0.338238 -0.200359 0.847964
-0.329774 -0.206883 0.852422 -0.321358 -0.213468 0.856881 -0.312499 -0.220432 0.861501 -0.30723
-0.224593 0.8642 -0.301969 -0.228773 0.866885 -0.296709 -0.232969 0.869544 -0.291434 -0.237176
0.87216 -0.285592 -0.241833 0.874999 -0.283543 -0.243466 0.875974 -0.281492 -0.245102 0.876944
-0.279441 -0.246739 0.877908 -0.27739 -0.248379 0.878868 -0.275361 -0.249999 0.879809 -0.270288
-0.254046 0.882142 -0.265207 -0.258102 0.884441 -0.260117 -0.262166 0.886705 -0.255013 -0.266234
0.888931 -0.249998 -0.270196 0.891054 -0.2392 -0.278657 0.895494 -0.228326 -0.287129 0.89972
-0.21738 -0.295613 0.903734 -0.206302 -0.30404 0.907494 -0.194927 -0.312497 0.911017 -0.193441
-0.313578 0.911434 -0.191953 -0.314657 0.911847 -0.190464 -0.315735 0.912257 -0.188972 -0.316812
0.912662 -0.187497 -0.317873 0.913059 -0.174997 -0.326822 0.916373 -0.162364 -0.335684 0.919408
-0.149583 -0.344432 0.922136 -0.136632 -0.353026 0.924538 -0.124996 -0.360489 0.9264 -0.120326
-0.36339 0.927037 -0.11564 -0.366273 0.92764 -0.110938 -0.369136 0.928209 -0.106213 -0.371971
0.928728 -0.101093 -0.374997 0.929234 -0.0933738 -0.379488 0.929908 -0.0856111 -0.383918 0.930486
-0.077804 -0.388281 0.930962 -0.0699507 -0.392571 0.931332 -0.0624967 -0.396547 0.931601 -0.0499965
-0.403041 0.931885 -0.0373992 -0.40935 0.93192 -0.024709 -0.415468 0.931714 -0.0119284 -0.421385
0.931325 4.75863e-06 -0.42669 0.930797 0.0050386 -0.428852 0.930492 0.010084 -0.430982 0.930163
0.0151397 -0.433084 0.929809 0.0202044 -0.43516 0.929429 0.0259887 -0.437497 0.928968 0.0332916
-0.440399 0.928346 0.0406105 -0.443249 0.927672 0.0479445 -0.446048 0.926948 0.0552927 -0.448795
0.926175 0.0625035 -0.451431 0.925368 0.0750031 -0.455889 0.923892 0.0875365 -0.460212 0.922304
0.100098 -0.464406 0.920595 0.112685 -0.468472 0.91877 0.125001 -0.47232 0.916894 0.137501
-0.476115 0.914891 0.150026 -0.479779 0.912801 0.162572 -0.48332 0.910628 0.175133 -0.486759
0.908383 0.1875 -0.490036 0.906096 0.195257 -0.492028 0.904603 0.20302 -0.493989 0.903099
0.210787 -0.495914 0.901572 0.218557 -0.497805 0.900022 0.227732 -0.499996 0.898165 0.232185
-0.501036 0.897248 0.23664 -0.502065 0.896324 0.241095 -0.503083 0.895391 0.245551 -0.504092
0.894451 0.250001 -0.505087 0.893504 0.262501 -0.507849 0.890831 0.275003 -0.510542 0.888101
0.287509 -0.513164 0.88532 0.300019 -0.515721 0.882493 0.312501 -0.51821 0.879634 0.316507
-0.518991 0.878706 0.320513 -0.519765 0.877773 0.32452 -0.520534 0.876837 0.328527 -0.521299
0.875898 0.332371 -0.522028 0.874995 0.340896 -0.523636 0.872985 0.349423 -0.52522 0.870961
0.35795 -0.526782 0.868922 0.366478 -0.528318 0.86687 0.374998 -0.529829 0.864807 0.387498
-0.532022 0.861766 0.399999 -0.534165 0.858693 0.412501 -0.536265 0.855596 0.425004 -0.538324
0.852474 0.437498 -0.540334 0.849342 0.449998 -0.5423 0.846201 0.462492 -0.544246 0.843024
0.474984 -0.546167 0.839819 0.487475 -0.548055 0.836596 0.5 -0.549918 0.833351 0.5125
-0.551757 0.830108 0.524999 -0.553557 0.826837 0.537499 -0.555326 0.823554 0.549999 -0.557063
0.820256 0.562501 -0.558769 0.816945 0.565852 -0.559217 0.816056 0.569202 -0.559664 0.815165
0.572552 -0.560109 0.814273 0.575903 -0.560551 0.813381 0.579213 -0.560985 0.8125 0.58152
-0.561286 0.811886 0.583827 -0.561586 0.811271 0.586134 -0.561885 0.810656 0.588441 -0.562182
0.810042 0.590838 -0.56249 0.809403 0.59767 -0.563366 0.807582 0.604503 -0.564232 0.805759
0.611337 -0.56509 0.803935 0.618172 -0.565938 0.802109 0.625001 -0.566777 0.800282 0.6375
-0.568298 0.796942 0.650002 -0.569782 0.793593 0.662508 -0.571232 0.790244 0.675018 -0.572647
0.786895 0.6875 -0.574025 0.783554 0.7 -0.57536 0.780244 0.712494 -0.576671 0.776902
0.724993 -0.577943 0.773563 0.737497 -0.579178 0.770228 0.75 -0.580379 0.766906 0.7625
-0.581553 0.763616 0.774998 -0.582681 0.760305 0.787504 -0.583769 0.757008 0.800018 -0.584817
0.753729 0.8125 -0.585828 0.750471 0.812862 -0.585856 0.750376 0.813225 -0.585885 0.750282
0.813587 -0.585913 0.750188 0.81395 -0.585942 0.750094 0.814312 -0.58597 0.749999 0.826449
-0.586919 0.746844 0.838589 -0.587841 0.74369 0.850732 -0.588735 0.740538 0.862879 -0.589592
0.737393 0.874999 -0.590409 0.734264 0.887499 -0.591205 0.731092 0.899995 -0.591982 0.727898
0.912488 -0.592735 0.724689 0.924983 -0.593459 0.721483 0.937499 -0.594166 0.718306 0.949999
-0.594852 0.715164 0.962499 -0.595515 0.712016 0.974998 -0.596153 0.708861 0.987503 -0.596774
0.705726 0.999999 -0.597371 0.702631 1.01243 -0.597936 0.699605 1.02486 -0.598508 0.696541
1.03729 -0.599075 0.693492 1.04972 -0.599638 0.690456 1.0619 -0.60018 0.6875 1.06202
-0.600185 0.687471 1.06214 -0.60019 0.687442 1.06226 -0.600196 0.687413 1.06238 -0.600201
0.687384 1.0625 -0.600206 0.687355 1.075 -0.600753 0.684339 1.0875 -0.601308 0.681323
1.1 -0.60187 0.678308 1.1125 -0.60244 0.675292 1.125 -0.603018 0.672276 1.1375
-0.603601 0.66928 1.15 -0.604201 0.666268 1.16249 -0.604819 0.663245 1.17498 -0.60545
0.660224 1.1875 -0.606091 0.657219 1.2 -0.606734 0.654259 1.21249 -0.607411 0.651254
1.22497 -0.608114 0.648229 1.23745 -0.608837 0.6452 1.25 -0.609583 0.642155 1.2625
-0.610345 0.639137 1.27499 -0.611137 0.636097 1.28748 -0.611951 0.633056 1.29997 -0.612787
0.630016 1.3125 -0.613647 0.626967 1.31412 -0.613761 0.626574 1.31574 -0.613876 0.62618
1.31736 -0.613991 0.625785 1.31898 -0.614107 0.625391 1.32059 -0.614222 0.625 1.33147
-0.615004 0.622351 1.34235 -0.615809 0.619691 1.35322 -0.616636 0.617021 1.36409 -0.617487
0.614341 1.375 -0.618363 0.611645 1.3875 -0.619388 0.608564 1.39999 -0.620448 0.60545
1.41247 -0.621537 0.602325 1.42495 -0.622657 0.59919 1.4375 -0.623815 0.596026 1.44
-0.624052 0.595393 1.4425 -0.62429 0.59476 1.445 -0.62453 0.594127 1.4475 -0.624771
0.593493 1.44986 -0.625 0.592895 1.45988 -0.625978 0.590349 1.46991 -0.626977 0.587796
1.47993 -0.627996 0.585236 1.48995 -0.629036 0.582665 1.5 -0.630101 0.580074 1.5125
-0.631448 0.57685 1.52499 -0.63283 0.573604 1.53747 -0.634245 0.570346 1.54995 -0.635693
0.567079 1.5625 -0.637181 0.56379 1.56348 -0.6373 0.563532 1.56447 -0.63742 0.563274
1.56545 -0.637539 0.563015 1.56644 -0.637659 0.562757 1.56742 -0.637778 0.5625 1.57893
-0.639182 0.559477 1.59044 -0.640613 0.556439 1.60195 -0.642075 0.553386 1.61344 -0.643566
0.55032 1.625 -0.645098 0.547223 1.6375 -0.646776 0.543909 1.64998 -0.648494 0.540547
1.66245 -0.650252 0.537149 1.67491 -0.652047 0.533741 1.6875 -0.653894 0.530319 1.7
-0.655762 0.526947 1.71249 -0.657665 0.523546 1.72496 -0.659605 0.520121 1.73743 -0.661582
0.516701 1.75 -0.663608 0.513275 1.75986 -0.665225 0.51062 1.76971 -0.666871 0.507939
1.77955 -0.66854 0.505261 1.78939 -0.670233 0.502589 1.79895 -0.671899 0.5 1.80166
-0.672378 0.499267 1.80437 -0.672859 0.498534 1.80708 -0.673343 0.4978 1.80979 -0.673828
0.497067 1.8125 -0.674317 0.496332 1.825 -0.676574 0.492958 1.83749 -0.678877 0.489572
1.84997 -0.681222 0.486186 1.86244 -0.683608 0.48281 1.875 -0.686052 0.479422 1.87646
-0.686342 0.479029 1.87792 -0.686632 0.478636 1.87938 -0.686923 0.478243 1.88085 -0.687214
0.47785 1.88228 -0.6875 0.477467 1.89332 -0.689712 0.474503 1.90436 -0.69196 0.471551
1.9154 -0.694243 0.468609 1.92643 -0.696562 0.465676 1.9375 -0.698927 0.462738 1.95
-0.701626 0.459446 1.96249 -0.704384 0.456155 1.97497 -0.707193 0.452877 1.98744 -0.71005
0.449623 2 -0.712971 0.446376 2.00701 -0.71462 0.444601 2.01402 -0.716288 0.442814
2.02103 -0.717969 0.441033 2.02803 -0.719662 0.439257 2.03498 -0.721354 0.4375 2.04048
-0.722705 0.436113 2.04599 -0.724066 0.434729 2.05149 -0.725438 0.43335 2.05699 -0.726819
0.431975 2.0625 -0.728215 0.430601 2.075 -0.731388 0.427504 2.08749 -0.734626 0.424418
2.09997 -0.737914 0.421359 2.11244 -0.741244 0.418333 2.125 -0.744636 0.415326 2.12893
-0.745709 0.414399 2.13287 -0.746788 0.413473 2.1368 -0.74787 0.41255 2.14073 -0.748956
0.41163 2.1445 -0.75 0.410751 2.1656 -0.755861 0.405849 2.18669 -0.761825 0.401035
2.20777 -0.767885 0.39629 2.22885 -0.774043 0.391677 2.25 -0.780322 0.387211 2.262
-0.783916 0.384768 2.27399 -0.787554 0.382319 2.28599 -0.791219 0.379919 2.29798 -0.794909
0.377569 2.31131 -0.799034 0.375 2.32405 -0.803 0.372573 2.33678 -0.806986 0.370159
2.34951 -0.810991 0.36776 2.36225 -0.815016 0.365404 2.375 -0.819067 0.363095 2.4
-0.827017 0.358705 2.42499 -0.835041 0.3544 2.44998 -0.843113 0.350193 2.47497 -0.851233
0.346048 2.5 -0.859415 0.341988 2.5095 -0.862532 0.340552 2.519 -0.865656 0.339115
2.5285 -0.868784 0.337691 2.53801 -0.871914 0.336285 2.54737 -0.875 0.334917 2.5629
-0.88012 0.332678 2.57842 -0.885263 0.330481 2.59394 -0.89043 0.328325 2.60946 -0.895619
0.326211 2.625 -0.90082 0.324151 2.65 -0.9091 0.321007 2.67496 -0.917511 0.317856
2.69989 -0.926009 0.314747 2.72482 -0.934547 0.311744 2.75 -0.943072 0.308989 2.775
-0.95143 0.306537 2.79997 -0.95988 0.304083 2.82492 -0.96838 0.301656 2.8499 -0.976842
0.299321 2.875 -0.985301 0.29707 2.88387 -0.988241 0.296344 2.89274 -0.991193 0.295619
2.9016 -0.994145 0.294905 2.91047 -0.997093 0.294208 2.91923 -1 0.293535 2.93539
-1.00535 0.292323 2.95155 -1.01069 0.291197 2.96772 -1.01603 0.290157 2.9839 -1.02135
0.289202 3 -1.02662 0.288344 3.05 -1.04266 0.286079 3.09992 -1.05895 0.283789
3.14996 -1.07494 0.281937 3.20005 -1.09077 0.280313 3.25 -1.10634 0.279073 3.3
-1.12127 0.278516 3.34993 -1.13642 0.277695 3.3999 -1.15145 0.277021 3.44991 -1.16635
0.276491 3.5 -1.181 0.276181 3.54911 -1.1948 0.276396 3.59819 -1.20872 0.276383
3.64728 -1.22257 0.27648 3.6964 -1.23635 0.276685 3.74607 -1.25 0.277156 3.74686
-1.25021 0.277168 3.74764 -1.25042 0.27718 3.74843 -1.25063 0.277192 3.74921 -1.25085
0.277204 3.75 -1.25106 0.277216 3.8 -1.26448 0.277975 3.85002 -1.27781 0.278946
3.90007 -1.29102 0.280122 3.95018 -1.30401 0.28144 4 -1.31666 0.282887 4.05
-1.32863 0.284643 4.09996 -1.34076 0.286313 4.14998 -1.35268 0.288128 4.20003 -1.36437
0.290083 4.25 -1.37581 0.292169 4.3 -1.38644 0.294216 4.34992 -1.39738 0.296464
4.39988 -1.40815 0.298836 4.44985 -1.41882 0.301282 4.5 -1.42943 0.303817 4.55
-1.43936 0.30679 4.59999 -1.44943 0.309468 4.64999 -1.45939 0.312223 4.70003 -1.46917
0.315131 4.75 -1.47876 0.318175 4.77325 -1.483 0.319624 4.79649 -1.48729 0.321122
4.81974 -1.49153 0.322641 4.843 -1.49573 0.32418 4.86688 -1.5 0.325787 4.89351
-1.50472 0.327611 4.92013 -1.50943 0.329456 4.94676 -1.51411 0.331322 4.97339 -1.51877
0.333211 5 -1.5234 0.335119 5.05 -1.53185 0.338646 5.09997 -1.5404 0.342319
5.14995 -1.54888 0.346069 5.19994 -1.55728 0.349893 5.25 -1.56554 0.353769 5.3
-1.57358 0.357749 5.35001 -1.58156 0.361743 5.40003 -1.58946 0.365765 5.45005 -1.59728
0.369854 5.5 -1.60461 0.373799 5.55 -1.61139 0.377566 5.59995 -1.61838 0.381554
5.64986 -1.62557 0.385768 5.69975 -1.63277 0.390126 5.75 -1.63995 0.394612 5.8
-1.647 0.399172 5.85002 -1.65387 0.403766 5.90006 -1.66057 0.408394 5.95012 -1.6671
0.41306 6 -1.67324 0.417584 6.05 -1.67896 0.421946 6.09994 -1.68492 0.426631
6.14987 -1.69086 0.431461 6.19982 -1.69664 0.436327 6.25 -1.70232 0.441252 6.3
-1.70802 0.446181 6.35003 -1.71341 0.45117 6.40007 -1.71865 0.45619 6.45013 -1.72372
0.461238 6.5 -1.72861 0.466294 6.54608 -1.73289 0.470868 6.59215 -1.73715 0.475571
6.63824 -1.74127 0.480291 6.68433 -1.74526 0.485027 6.74109 -1.75 0.490878 6.74287
-1.75014 0.491063 6.74465 -1.75028 0.491247 6.74643 -1.75043 0.491432 6.74822 -1.75057
0.491616 6.75 -1.75071 0.491801 6.76584 -1.75197 0.493441 6.78168 -1.75322 0.495084
6.79752 -1.75445 0.496729 6.81337 -1.75566 0.498374 6.82906 -1.75685 0.5 6.86325
-1.75942 0.503538 6.89744 -1.76192 0.507092 6.93163 -1.76438 0.510664 6.96583 -1.76677
0.514252 7 -1.76911 0.517854 7.05 -1.77244 0.522967 7.09999 -1.77563 0.528298
7.14998 -1.77871 0.533637 7.19998 -1.78168 0.538983 7.25 -1.78454 0.544336 7.3
-1.78749 0.549381 7.34999 -1.79007 0.554752 7.39998 -1.79257 0.560112 7.44997 -1.79497
0.56546 7.5 -1.79729 0.570798 7.55 -1.79958 0.575658 7.59996 -1.80163 0.58097
7.64993 -1.8036 0.586263 7.69991 -1.80549 0.591538 7.75 -1.80732 0.596753 7.8
-1.80945 0.601502 7.84997 -1.81121 0.606671 7.89994 -1.81281 0.611917 7.94992 -1.81439
0.617137 8 -1.81595 0.622191 8.1 -1.81911 0.631177 8.20001 -1.82208 0.640066
8.30005 -1.82492 0.648725 8.40012 -1.82766 0.65708 8.5 -1.83115 0.664323 8.6
-1.83616 0.67018 8.69999 -1.83969 0.677208 8.79996 -1.84226 0.684883 8.89994 -1.84498
0.692289 9 -1.8487 0.698683 9.1 -1.85395 0.703605 9.2 -1.85786 0.709735
9.29998 -1.86134 0.716238 9.39998 -1.86512 0.722418 9.5 -1.86921 0.727782 9.6
-1.87418 0.731574 9.69996 -1.8779 0.737309 9.79991 -1.88153 0.743304 9.89988 -1.88506
0.749049 10 -1.88859 0.754288 10.2 -1.89937 0.760603 10.4 -1.91042 0.766416
10.6 -1.92208 0.771572 10.7999 -1.93434 0.776098 11 -1.94268 0.77936 11.2
-1.94505 0.781218 11.3999 -1.95024 0.783256 11.5999 -1.95523 0.785215 11.7999 -1.96004
0.787091 12 -1.96469 0.788894 12.2 -1.96733 0.790611 12.4 -1.97157 0.792297
12.5999 -1.97565 0.793916 12.7999 -1.97957 0.795466 13 -1.98335 0.796947 13.2
-1.98617 0.798474 13.4 -1.98965 0.799901 13.6 -1.99302 0.801253 13.8 -1.99628
0.80253 14 -1.99944 0.803729 14.0075 -1.99955 0.803776 14.015 -1.99966 0.803823
14.0226 -1.99978 0.803869 14.0301 -1.99989 0.803916 14.0375 -2 0.803962 14.23
-2.0029 0.805164 14.4225 -2.00588 0.806352 14.615 -2.00894 0.807531 14.8075 -2.01209
0.808699 15 -2.01533 0.809861 -1.001 1e-07 0.790574 -1.001 8e-08 0.790574
-1.001 6e-08 0.790574 -1.001 3.99999e-08 0.790574 -1.001 1.99998e-08 0.790574 -1.001
2.85646e-16 0.790574 -1.0008 -8.017e-06 0.790582 -1.0006 -1.60386e-05 0.79059 -1.0004 -2.40649e-05
0.790598 -1.0002 -3.20958e-05 0.790606 -1 -4.01314e-05 0.790615 -0.9875 -0.000543929 0.791127
-0.975001 -0.00107317 0.791638 -0.962503 -0.00162812 0.792148 -0.950006 -0.00220906 0.792656 -0.9375
-0.00281684 0.793159 -0.925 -0.00345025 0.79365 -0.912502 -0.00412367 0.79413 -0.900006 -0.00484388
0.794606 -0.887513 -0.00561649 0.795087 -0.875 -0.0064438 0.795573 -0.8625 -0.00732705 0.796061
-0.850006 -0.0082913 0.796558 -0.837522 -0.00935473 0.797081 -0.825047 -0.0105187 0.797629 -0.8125
-0.0117895 0.798202 -0.8 -0.0131766 0.798811 -0.787517 -0.0147033 0.799444 -0.775059 -0.0163921
0.800141 -0.762629 -0.0182489 0.800908 -0.75 -0.0203155 0.801763 -0.7375 -0.0225606 0.802702
-0.725045 -0.0250096 0.803727 -0.71264 -0.0276544 0.804862 -0.700291 -0.030504 0.806113 -0.6875
-0.0337124 0.807542 -0.679469 -0.0358907 0.808534 -0.671472 -0.0381658 0.809585 -0.66351 -0.0405308
0.810699 -0.655584 -0.042987 0.811878 -0.651641 -0.0442615 0.8125 -0.646313 -0.0460194 0.813366
-0.641004 -0.0478215 0.814262 -0.635717 -0.049668 0.815189 -0.63045 -0.0515577 0.816148 -0.625
-0.0535655 0.817177 -0.620263 -0.0553524 0.818105 -0.615545 -0.057173 0.81906 -0.610844 -0.0590229
0.820043 -0.606159 -0.0608994 0.821051 -0.602232 -0.0625 0.821922 -0.594286 -0.0657881 0.823726
-0.586399 -0.0691721 0.825614 -0.578575 -0.0726526 0.827586 -0.570818 -0.0762306 0.829643 -0.5625
-0.0801881 0.83195 -0.55 -0.086304 0.835569 -0.537675 -0.0926419 0.8394 -0.525536 -0.099203
0.843443 -0.513566 -0.105951 0.847678 -0.5 -0.113852 0.852711 -0.496312 -0.116081 0.854155
-0.492642 -0.118327 0.855619 -0.488989 -0.120588 0.857102 -0.485351 -0.122862 0.858603 -0.481964
-0.125 0.860021 -0.474893 -0.129501 0.863017 -0.467876 -0.134059 0.866053 -0.460914 -0.138674
0.869128 -0.453997 -0.143336 0.872234 -0.447939 -0.147486 0.875 -0.445851 -0.148937 0.875967
-0.443768 -0.150393 0.876937 -0.441691 -0.151855 0.877911 -0.439619 -0.153321 0.878888 -0.4375
-0.154828 0.87989 -0.428343 -0.161362 0.884231 -0.419266 -0.167984 0.888608 -0.410264 -0.174682
0.893024 -0.40131 -0.181449 0.897431 -0.393387 -0.1875 0.901314 -0.38971 -0.190335 0.903109
-0.386043 -0.193183 0.904906 -0.382388 -0.196045 0.906705 -0.378742 -0.198918 0.908504 -0.375
-0.201875 0.910339 -0.363857 -0.2107 0.915771 -0.352764 -0.219623 0.921145 -0.341679 -0.228613
0.926423 -0.330553 -0.237643 0.931542 -0.317144 -0.248533 0.9375 -0.316783 -0.248826 0.937654
-0.316422 -0.24912 0.937807 -0.316061 -0.249413 0.937961 -0.3157 -0.249707 0.938114 -0.315339
-0.25 0.938267 -0.314771 -0.250461 0.938507 -0.314203 -0.250923 0.938748 -0.313635 -0.251385
0.938987 -0.313067 -0.251847 0.939227 -0.3125 -0.252308 0.939465 -0.3 -0.262446 0.944701
-0.287395 -0.272591 0.949668 -0.274684 -0.282726 0.954374 -0.261869 -0.292847 0.958824 -0.249999
-0.302057 0.962626 -0.247238 -0.304145 0.963439 -0.244471 -0.306231 0.964241 -0.241698 -0.308315
0.96503 -0.238917 -0.310392 0.965804 -0.236076 -0.3125 0.966574 -0.22636 -0.319657 0.969141
-0.216566 -0.326765 0.971541 -0.206697 -0.333821 0.973777 -0.196752 -0.340819 0.975861 -0.187499
-0.347151 0.977615 -0.179138 -0.352721 0.979061 -0.170723 -0.358234 0.980402 -0.162255 -0.363692
0.981639 -0.153715 -0.369063 0.982752 -0.144041 -0.374999 0.983868 -0.140233 -0.377275 0.984245
-0.136415 -0.379537 0.984602 -0.132587 -0.381786 0.984939 -0.12875 -0.384022 0.985259 -0.124999
-0.386184 0.98555 -0.112499 -0.393308 0.986456 -0.0998943 -0.400268 0.987153 -0.0871743 -0.407034
0.987642 -0.0743488 -0.41361 0.98792 -0.0624987 -0.419469 0.987987 -0.0548835 -0.423075 0.987923
-0.0472418 -0.426623 0.987787 -0.0395733 -0.430108 0.987581 -0.0318763 -0.433526 0.98731 -0.0227199
-0.437499 0.986914 -0.0181756 -0.439417 0.986674 -0.0136237 -0.441314 0.986414 -0.00906438 -0.44319
0.986132 -0.00449795 -0.445046 0.985829 1.71837e-06 -0.446847 0.985513 0.0125017 -0.451772 0.9846
0.025044 -0.456556 0.983536 0.0376296 -0.46119 0.98233 0.0502562 -0.465673 0.980987 0.0625018
-0.469868 0.979583 0.0750016 -0.474005 0.978052 0.0875308 -0.478009 0.97641 0.100086 -0.481884
0.974663 0.112665 -0.485643 0.972831 0.125001 -0.489208 0.970953 0.132721 -0.491366 0.969729
0.140445 -0.49349 0.968474 0.148174 -0.495577 0.967191 0.155909 -0.497627 0.96588 0.165032
-0.499999 0.964304 0.169525 -0.501142 0.96351 0.17402 -0.502273 0.962706 0.178517 -0.503393
0.961893 0.183014 -0.504501 0.96107 0.1875 -0.505595 0.96024 0.2 -0.508603 0.957917
0.212504 -0.511537 0.955518 0.225013 -0.514392 0.953057 0.237527 -0.517168 0.95053 0.25
-0.519858 0.947958 0.260029 -0.521966 0.945866 0.270059 -0.524026 0.943731 0.280091 -0.526046
0.941569 0.290125 -0.528025 0.939379 0.298646 -0.529673 0.937497 0.301417 -0.530199 0.93688
0.304188 -0.530722 0.93626 0.306959 -0.531242 0.935638 0.30973 -0.531759 0.935014 0.312501
-0.532272 0.934388 0.325 -0.534578 0.931559 0.337501 -0.536829 0.928691 0.350003 -0.539028
0.925788 0.362506 -0.541175 0.92285 0.374999 -0.543271 0.919883 0.387499 -0.545309 0.916902
0.399993 -0.547317 0.913878 0.412486 -0.549292 0.910823 0.424978 -0.551232 0.907746 0.437499
-0.553139 0.90464 0.449935 -0.555011 0.901547 0.462367 -0.556845 0.898422 0.474801 -0.558649
0.89528 0.487233 -0.560423 0.892119 0.5 -0.562214 0.888852 0.500408 -0.562271 0.888747
0.500815 -0.562327 0.888642 0.501223 -0.562383 0.888537 0.501631 -0.562439 0.888432 0.502041
-0.562496 0.888326 0.512381 -0.563918 0.885661 0.522721 -0.565322 0.882983 0.53306 -0.566708
0.880293 0.543398 -0.568076 0.87759 0.553284 -0.56937 0.874999 0.555127 -0.569609 0.874515
0.556971 -0.569847 0.87403 0.558814 -0.570084 0.873546 0.560657 -0.570321 0.873061 0.562501
-0.570558 0.872575 0.575001 -0.572158 0.869283 0.587499 -0.573729 0.865973 0.599997 -0.575275
0.862649 0.612495 -0.576796 0.859313 0.625001 -0.578289 0.855971 0.637501 -0.579737 0.85266
0.649993 -0.581165 0.849313 0.662484 -0.582565 0.845948 0.674977 -0.583933 0.84258 0.6875
-0.585277 0.83922 0.7 -0.586593 0.835893 0.712496 -0.587869 0.832537 0.724992 -0.589108
0.829164 0.737493 -0.590311 0.8258 0.75 -0.591484 0.822442 0.75748 -0.592159 0.820453
0.764956 -0.592828 0.818451 0.772434 -0.593487 0.816449 0.779913 -0.594135 0.814449 0.78721
-0.594757 0.812499 0.792268 -0.595181 0.81115 0.797326 -0.595597 0.809799 0.802385 -0.596008
0.808449 0.807444 -0.596411 0.807098 0.8125 -0.596809 0.805748 0.825 -0.59777 0.802429
0.837496 -0.598703 0.799086 0.849994 -0.599598 0.795741 0.862492 -0.600465 0.792389 0.874999
-0.601307 0.789044 0.8875 -0.602123 0.785731 0.899996 -0.602903 0.782398 0.912491 -0.60365
0.779048 0.924988 -0.604374 0.775701 0.937499 -0.605066 0.772383 0.95 -0.605719 0.769112
0.96249 -0.606364 0.765804 0.974979 -0.606997 0.762487 0.987471 -0.607615 0.759181 1
-0.608214 0.755879 1.00449 -0.608423 0.754703 1.00899 -0.608628 0.753525 1.01348 -0.608831
0.752349 1.01798 -0.609033 0.751174 1.02248 -0.609234 0.75 1.03048 -0.609589 0.747914
1.03849 -0.609943 0.745828 1.04649 -0.610294 0.743742 1.0545 -0.610644 0.741655 1.0625
-0.610992 0.739568 1.075 -0.611533 0.736326 1.0875 -0.612082 0.733071 1.09999 -0.612635
0.729818 1.11249 -0.613194 0.72657 1.125 -0.613759 0.723323 1.1375 -0.614316 0.720121
1.14999 -0.614901 0.716885 1.16248 -0.615499 0.713649 1.17497 -0.616111 0.710413 1.1875
-0.616737 0.707169 1.2 -0.617374 0.703947 1.2125 -0.618032 0.700714 1.22499 -0.618709
0.697479 1.23748 -0.619404 0.694241 1.25 -0.62012 0.690995 1.25271 -0.620278 0.690296
1.25541 -0.620437 0.689595 1.25812 -0.620598 0.688894 1.26083 -0.620759 0.688193 1.2635
-0.62092 0.6875 1.2733 -0.62151 0.684964 1.2831 -0.622116 0.682424 1.2929 -0.622736
0.679882 1.30269 -0.623371 0.677339 1.3125 -0.624021 0.674791 1.31539 -0.624217 0.67404
1.31828 -0.624414 0.673288 1.32117 -0.624613 0.672536 1.32406 -0.624813 0.671783 1.32673
-0.625 0.671085 1.33639 -0.625678 0.668567 1.34604 -0.626371 0.666045 1.35569 -0.62708
0.663521 1.36534 -0.627805 0.660995 1.375 -0.628548 0.658462 1.3875 -0.629525 0.655194
1.39999 -0.630534 0.651909 1.41248 -0.631572 0.64862 1.42497 -0.632639 0.645322 1.4375
-0.63374 0.642 1.45 -0.634865 0.638695 1.46249 -0.63602 0.635366 1.47498 -0.637205
0.63203 1.48746 -0.638422 0.628694 1.5 -0.639677 0.625342 1.50026 -0.639703 0.625274
1.50051 -0.639729 0.625205 1.50077 -0.639755 0.625137 1.50102 -0.639781 0.625068 1.50128
-0.639808 0.625 1.51352 -0.641063 0.621726 1.52576 -0.642348 0.618436 1.53799 -0.643666
0.615132 1.55021 -0.645019 0.611815 1.5625 -0.646413 0.608467 1.575 -0.647846 0.6051
1.58748 -0.649321 0.601686 1.59995 -0.650838 0.598234 1.61241 -0.652391 0.594776 1.625
-0.653986 0.591303 1.6375 -0.655596 0.587877 1.64999 -0.657245 0.584423 1.66246 -0.658933
0.580949 1.67494 -0.660652 0.57748 1.6875 -0.662412 0.573998 1.6959 -0.663602 0.571699
1.70428 -0.664814 0.56938 1.71267 -0.666041 0.567062 1.72105 -0.667283 0.564748 1.72921
-0.668504 0.5625 1.73336 -0.669134 0.561355 1.73752 -0.669769 0.560209 1.74168 -0.670407
0.559062 1.74584 -0.67105 0.557915 1.75 -0.671698 0.556766 1.7625 -0.673653 0.55333
1.77499 -0.67565 0.549873 1.78747 -0.677684 0.546412 1.79994 -0.679753 0.542957 1.8125
-0.681874 0.539486 1.81904 -0.682999 0.537687 1.82559 -0.684135 0.535886 1.83213 -0.685282
0.534088 1.83867 -0.68644 0.532294 1.8446 -0.6875 0.53067 1.85068 -0.688595 0.529008
1.85676 -0.6897 0.527349 1.86284 -0.690815 0.525691 1.86891 -0.69194 0.524035 1.875
-0.693076 0.522378 1.8875 -0.695425 0.518996 1.89999 -0.69782 0.515608 1.91248 -0.700257
0.512236 1.92496 -0.702739 0.50888 1.9375 -0.705273 0.505538 1.94169 -0.706128 0.50443
1.94587 -0.70699 0.503323 1.95006 -0.707857 0.50222 1.95424 -0.708728 0.501122 1.95854
-0.709626 0.5 1.96683 -0.711371 0.497843 1.97512 -0.713137 0.495694 1.98341 -0.714923
0.493552 1.99169 -0.71673 0.491417 2 -0.718564 0.489285 2.0125 -0.721342 0.486129
2.02498 -0.724174 0.482951 2.03746 -0.727057 0.479789 2.04992 -0.729978 0.476619 2.0625
-0.732962 0.473445 2.075 -0.735959 0.470335 2.08749 -0.739017 0.467237 2.09998 -0.742117
0.464178 2.11246 -0.745259 0.461155 2.125 -0.748455 0.458152 2.1262 -0.748764 0.457869
2.12739 -0.749074 0.457586 2.12859 -0.749384 0.457303 2.12979 -0.749694 0.457021 2.13097
-0.75 0.456742 2.15477 -0.756185 0.451129 2.17856 -0.762512 0.445611 2.20234 -0.768982
0.440189 2.22611 -0.775591 0.4349 2.25 -0.782364 0.429754 2.275 -0.789454 0.424682
2.29995 -0.796704 0.419578 2.32486 -0.8041 0.414486 2.34977 -0.811585 0.409558 2.375
-0.819204 0.404819 2.4 -0.826747 0.400436 2.42494 -0.834444 0.395987 2.44989 -0.842195
0.391699 2.47485 -0.849996 0.387522 2.5 -0.857908 0.383422 2.51086 -0.861326 0.381747
2.52171 -0.864761 0.380069 2.53256 -0.868201 0.378413 2.54341 -0.871645 0.376777 2.55397
-0.875 0.375207 2.55425 -0.87509 0.375165 2.55454 -0.875179 0.375124 2.55482 -0.875269
0.375083 2.5551 -0.875358 0.375041 2.55538 -0.875448 0.375 2.56931 -0.879876 0.372961
2.58323 -0.884316 0.37096 2.59716 -0.888765 0.368997 2.61109 -0.893226 0.367073 2.625
-0.89769 0.365189 2.65 -0.905671 0.361921 2.67499 -0.913716 0.358718 2.69999 -0.921767
0.355641 2.72501 -0.929824 0.352689 2.75 -0.937892 0.349841 2.775 -0.945866 0.347246
2.79997 -0.953931 0.344649 2.82494 -0.96201 0.342102 2.84992 -0.97009 0.339611 2.875
-0.978152 0.337215 2.88885 -0.982521 0.336003 2.90269 -0.986922 0.334792 2.91653 -0.99132
0.333612 2.93038 -0.995708 0.332468 2.94397 -1 0.331378 2.95518 -1.00352 0.330507
2.96639 -1.00704 0.329672 2.9776 -1.01055 0.328875 2.98882 -1.01406 0.328113 3
-1.01753 0.327396 3.05 -1.03289 0.324445 3.09996 -1.0484 0.321608 3.14997 -1.06381
0.319192 3.20003 -1.07914 0.317246 3.25 -1.09404 0.315876 3.3 -1.10804 0.315362
3.34985 -1.12253 0.314295 3.39969 -1.13708 0.313163 3.44958 -1.15146 0.312196 3.5
-1.16562 0.311566 3.55 -1.17876 0.311721 3.59988 -1.19234 0.311332 3.64977 -1.2059
0.310949 3.69972 -1.21922 0.310825 3.75 -1.23235 0.310958 3.7641 -1.23588 0.311051
3.77819 -1.23944 0.311182 3.79229 -1.24298 0.311332 3.80639 -1.24651 0.311504 3.82039
-1.25 0.311694 3.85632 -1.2589 0.312234 3.89225 -1.26775 0.31287 3.9282 -1.27653
0.313601 3.96416 -1.28526 0.314428 4 -1.29386 0.315319 4.05 -1.30526 0.31688
4.09992 -1.317 0.318342 4.14985 -1.32871 0.319934 4.19982 -1.34023 0.321667 4.25
-1.35126 0.323454 4.3 -1.36133 0.325159 4.34991 -1.37178 0.327065 4.39979 -1.38236
0.329137 4.4497 -1.39281 0.331302 4.5 -1.40294 0.333773 4.55 -1.41236 0.336666
4.59999 -1.42193 0.339264 4.64998 -1.43153 0.341731 4.69999 -1.44098 0.344342 4.75
-1.45012 0.347045 4.8 -1.45864 0.349783 4.84995 -1.46737 0.352746 4.89993 -1.4759
0.355792 4.94993 -1.48429 0.358954 5 -1.49254 0.362236 5.00927 -1.49403 0.362875
5.01854 -1.49552 0.363508 5.02781 -1.49701 0.364146 5.03708 -1.49849 0.364787 5.04655
-1.5 0.365446 5.08724 -1.50648 0.368297 5.12793 -1.5129 0.371195 5.16863 -1.51928
0.374138 5.20934 -1.52558 0.3771 5.25 -1.53177 0.380077 5.3 -1.53924 0.3838
5.35001 -1.54664 0.387538 5.40003 -1.55392 0.391314 5.45007 -1.56108 0.395132 5.5
-1.56808 0.398961 5.55 -1.57456 0.402616 5.59996 -1.58123 0.406485 5.64989 -1.58799
0.410501 5.69984 -1.59459 0.414543 5.75 -1.60114 0.418679 5.8 -1.60758 0.422893
5.85002 -1.61387 0.427133 5.90006 -1.61999 0.431401 5.95011 -1.62597 0.4357 6
-1.63171 0.439957 6.05 -1.63704 0.44405 6.09995 -1.64262 0.448454 6.1499 -1.64809
0.452925 6.19987 -1.65342 0.457431 6.25 -1.65861 0.461966 6.3 -1.66383 0.46651
6.35002 -1.66877 0.471095 6.40006 -1.67356 0.475683 6.45011 -1.67821 0.480297 6.5
-1.68269 0.484918 6.53306 -1.68552 0.487934 6.56611 -1.68834 0.491013 6.59916 -1.69109
0.494098 6.63222 -1.69379 0.497188 6.66225 -1.69617 0.5 6.6798 -1.69753 0.501645
6.69735 -1.69888 0.503295 6.7149 -1.70021 0.504951 6.73246 -1.70153 0.506607 6.75
-1.70282 0.508262 6.8 -1.70649 0.51294 6.85001 -1.71002 0.517662 6.90001 -1.71344
0.522419 6.95003 -1.71673 0.527211 7 -1.7199 0.532032 7.05 -1.72309 0.536754
7.10001 -1.72605 0.541555 7.15002 -1.72894 0.54635 7.20003 -1.73176 0.551136 7.25
-1.73451 0.555909 7.3 -1.73719 0.560599 7.35 -1.73973 0.565318 7.40001 -1.74222
0.570016 7.45003 -1.74465 0.574694 7.5 -1.74702 0.579346 7.51272 -1.74762 0.580523
7.52545 -1.74821 0.5817 7.53817 -1.74879 0.582875 7.5509 -1.74938 0.58405 7.56451
-1.75 0.585305 7.60161 -1.75169 0.588721 7.63871 -1.75335 0.592129 7.67581 -1.75497
0.595531 7.71292 -1.75654 0.598921 7.75 -1.75804 0.602297 7.8 -1.76006 0.606766
7.85 -1.76193 0.6113 7.9 -1.76372 0.615827 7.95001 -1.76549 0.620335 8
-1.76726 0.624818 8.1 -1.7708 0.633393 8.20001 -1.77418 0.641875 8.30005 -1.77743
0.650095 8.40015 -1.78044 0.657695 8.5 -1.78422 0.664201 8.6 -1.78953 0.669361
8.7 -1.79338 0.675671 8.79999 -1.79605 0.682791 8.89998 -1.79874 0.6898 9
-1.80285 0.695509 9.1 -1.80849 0.699788 9.20001 -1.81282 0.705256 9.3 -1.81594
0.711781 9.4 -1.81937 0.717977 9.5 -1.82356 0.722727 9.6 -1.82863 0.725929
9.69997 -1.83248 0.731057 9.7999 -1.83552 0.737465 9.89985 -1.83839 0.743624 10
-1.84238 0.748304 10.2 -1.85404 0.753571 10.4 -1.86589 0.758439 10.6 -1.87837
0.762679 10.7999 -1.89147 0.766317 11 -1.90125 0.76882 11.2 -1.90353 0.769916
11.3999 -1.91074 0.771388 11.5998 -1.91764 0.772804 11.7997 -1.92426 0.774161 12
-1.93062 0.775475 12.2 -1.93317 0.776592 12.3999 -1.93892 0.777724 12.5999 -1.94445
0.77881 12.7998 -1.94975 0.779847 13 -1.95484 0.780847 13.2 -1.95755 0.781892
13.4 -1.96218 0.782805 13.5999 -1.96666 0.783662 13.7999 -1.97097 0.78446 14
-1.97514 0.785208 14.2 -1.978 0.786073 14.4 -1.9818 0.786817 14.6 -1.98547
0.787567 14.8 -1.98904 0.788319 15 -1.99259 0.789077 -1.001 1e-07 0.843205
-1.001 8e-08 0.843205 -1.001 6e-08 0.843205 -1.001 3.99999e-08 0.843205 -1.001
1.99998e-08 0.843205 -1.001 2.27142e-16 0.843205 -1.0008 -8.45239e-06 0.843216 -1.0006 -1.69107e-05
0.843227 -1.0004 -2.5375e-05 0.843238 -1.0002 -3.38453e-05 0.843249 -1 -4.23216e-05 0.84326
-0.9875 -0.000573732 0.843943 -0.975001 -0.00113037 0.844626 -0.962503 -0.0017125 0.845308 -0.950007
-0.00232502 0.845998 -0.9375 -0.00297226 0.846701 -0.925 -0.00365324 0.847419 -0.912504 -0.00438986
0.848158 -0.900014 -0.0051881 0.848924 -0.88753 -0.00604784 0.849716 -0.875 -0.00696446 0.850518
-0.8625 -0.0079462 0.851344 -0.850009 -0.00901951 0.852195 -0.837531 -0.0101985 0.853084 -0.825069
-0.0115014 0.854039 -0.8125 -0.0129449 0.855073 -0.8 -0.0145404 0.856186 -0.787529 -0.0163043
0.857369 -0.775095 -0.0182496 0.858646 -0.762702 -0.0203843 0.860028 -0.75 -0.022791 0.861569
-0.7375 -0.0253913 0.863226 -0.72507 -0.0282375 0.865001 -0.712718 -0.0313245 0.866916 -0.700451
-0.0346452 0.868974 -0.6875 -0.0384238 0.871319 -0.683745 -0.0396058 0.872056 -0.68 -0.0408105
0.872807 -0.676264 -0.0420333 0.873573 -0.672537 -0.0432744 0.874355 -0.669531 -0.0442931 0.875
-0.660624 -0.0473529 0.876944 -0.651784 -0.0505456 0.878975 -0.643015 -0.053873 0.881093 -0.63432
-0.0573362 0.8833 -0.625 -0.0612163 0.885778 -0.624409 -0.061473 0.885942 -0.623818 -0.0617303
0.886107 -0.623228 -0.0619881 0.886273 -0.622638 -0.0622463 0.886439 -0.622059 -0.0625 0.886602
-0.610147 -0.0677338 0.889972 -0.59838 -0.0731801 0.893507 -0.586766 -0.0788414 0.897209 -0.575315
-0.0847194 0.901079 -0.5625 -0.0915825 0.905603 -0.550507 -0.098266 0.910029 -0.538699 -0.105161
0.914621 -0.527072 -0.112254 0.919374 -0.515571 -0.119491 0.924215 -0.507079 -0.125 0.927894
-0.505663 -0.12594 0.928521 -0.50425 -0.126883 0.929149 -0.502839 -0.127829 0.929778 -0.501432
-0.128778 0.930408 -0.5 -0.129746 0.93105 -0.497133 -0.131691 0.93234 -0.494276 -0.133646
0.933636 -0.491427 -0.135611 0.934937 -0.488584 -0.137581 0.936241 -0.485851 -0.139485 0.9375
-0.476181 -0.146255 0.941972 -0.466592 -0.153121 0.946474 -0.457086 -0.160082 0.951005 -0.447656
-0.167147 0.955532 -0.4375 -0.174866 0.960401 -0.434202 -0.177393 0.961969 -0.430913 -0.179931
0.963536 -0.427631 -0.182481 0.9651 -0.424352 -0.185036 0.966661 -0.421194 -0.1875 0.968161
-0.411955 -0.194721 0.972538 -0.402752 -0.202012 0.976876 -0.393571 -0.209377 0.981131 -0.384396
-0.216802 0.985297 -0.375 -0.224362 0.989448 -0.370088 -0.228292 0.991558 -0.365179 -0.232238
0.993647 -0.360266 -0.236192 0.995709 -0.355342 -0.240147 0.997742 -0.349753 -0.244622 1
-0.348405 -0.245698 1.00053 -0.347057 -0.246774 1.00106 -0.345708 -0.24785 1.00159 -0.344358
-0.248927 1.00211 -0.34301 -0.25 1.00263 -0.336908 -0.25485 1.00496 -0.330789 -0.2597
1.00724 -0.324649 -0.264547 1.00948 -0.318486 -0.269388 1.01166 -0.3125 -0.274048 1.01371
-0.302508 -0.281738 1.01701 -0.292458 -0.289419 1.02014 -0.282352 -0.297091 1.02312 -0.272138
-0.304681 1.02593 -0.26136 -0.3125 1.02869 -0.259088 -0.314109 1.02923 -0.256813 -0.315715
1.02976 -0.254534 -0.317318 1.03028 -0.252252 -0.31892 1.0308 -0.25 -0.320491 1.0313
-0.2375 -0.329158 1.03404 -0.224887 -0.337735 1.03652 -0.212168 -0.346222 1.03876 -0.199301
-0.354544 1.04077 -0.1875 -0.361866 1.0424 -0.183111 -0.364493 1.04293 -0.178713 -0.36711
1.04344 -0.174306 -0.369716 1.04391 -0.169881 -0.372298 1.04436 -0.165193 -0.375 1.04481
-0.157154 -0.379571 1.04553 -0.149076 -0.384085 1.04616 -0.140959 -0.388541 1.04671 -0.132806
-0.39294 1.04716 -0.125 -0.39704 1.04754 -0.1125 -0.403426 1.04806 -0.0999301 -0.409688
1.04837 -0.0872783 -0.415788 1.0485 -0.0745444 -0.421716 1.04846 -0.0624996 -0.427125 1.04827
-0.0576984 -0.4292 1.04814 -0.0528887 -0.431253 1.04799 -0.0480701 -0.433284 1.04781 -0.0432422
-0.43529 1.04761 -0.0378522 -0.4375 1.04737 -0.0302817 -0.440555 1.04699 -0.0226927 -0.443558
1.04656 -0.0150863 -0.446508 1.04608 -0.00746331 -0.449405 1.04554 5.47876e-07 -0.45218 1.04497
0.0125007 -0.456725 1.04395 0.0250381 -0.461132 1.04279 0.0376115 -0.465401 1.04152 0.0502179
-0.469535 1.04013 0.0625013 -0.473402 1.03869 0.0750011 -0.477176 1.03716 0.0875158 -0.480849
1.03551 0.100045 -0.484421 1.03375 0.112593 -0.487886 1.03192 0.125 -0.491204 1.03003
0.131779 -0.492963 1.02896 0.138562 -0.494693 1.02787 0.145348 -0.496397 1.02676 0.152137
-0.498076 1.02564 0.160041 -0.499999 1.0243 0.165533 -0.501312 1.02336 0.171026 -0.502607
1.0224 0.176521 -0.503886 1.02143 0.182017 -0.505149 1.02044 0.1875 -0.506392 1.01944
0.2 -0.509192 1.01715 0.212504 -0.511915 1.01478 0.225011 -0.514566 1.01236 0.237522
-0.517147 1.00988 0.25 -0.519653 1.00735 0.257186 -0.521053 1.00588 0.26437 -0.522436
1.00439 0.271555 -0.5238 1.00288 0.27874 -0.525145 1.00136 0.285109 -0.52632 0.999999
0.290587 -0.527318 0.998821 0.296065 -0.528304 0.997633 0.301544 -0.52928 0.996436 0.307022
-0.530244 0.995229 0.3125 -0.531197 0.994013 0.325 -0.533339 0.991231 0.337496 -0.535438
0.988398 0.349991 -0.53749 0.985526 0.362485 -0.539493 0.982615 0.375 -0.541456 0.979669
0.3875 -0.543382 0.976717 0.399994 -0.545263 0.973714 0.412486 -0.547106 0.970674 0.424977
-0.548913 0.967611 0.4375 -0.55069 0.964515 0.45 -0.552424 0.961423 0.462492 -0.55414
0.958288 0.474982 -0.555827 0.955132 0.48747 -0.557487 0.951954 0.5 -0.559124 0.948744
0.505246 -0.559798 0.947395 0.51049 -0.560468 0.94604 0.515735 -0.561132 0.944683 0.520979
-0.561793 0.943322 0.526609 -0.562497 0.941859 0.529955 -0.562912 0.940987 0.5333 -0.563326
0.940113 0.536645 -0.563738 0.939238 0.53999 -0.564149 0.938362 0.543281 -0.564551 0.937499
0.547125 -0.56502 0.93649 0.550968 -0.565486 0.935479 0.554812 -0.56595 0.934466 0.558655
-0.566412 0.933452 0.562501 -0.566872 0.932435 0.575001 -0.568356 0.929135 0.587497 -0.569817
0.925813 0.599994 -0.571252 0.92248 0.612492 -0.572661 0.919137 0.625001 -0.574045 0.91578
0.637501 -0.575409 0.91244 0.649995 -0.576737 0.909064 0.66249 -0.578034 0.905679 0.674986
-0.579301 0.902287 0.6875 -0.580535 0.898894 0.7 -0.581728 0.895534 0.712492 -0.582896
0.892135 0.724981 -0.584039 0.888718 0.737474 -0.585151 0.885304 0.75 -0.586234 0.881885
0.755073 -0.58666 0.880508 0.760145 -0.587081 0.879125 0.765217 -0.587497 0.877742 0.77029
-0.587906 0.876359 0.775281 -0.588303 0.874999 0.782725 -0.588886 0.872972 0.790169 -0.589457
0.870942 0.797612 -0.590017 0.868906 0.805054 -0.590569 0.866866 0.8125 -0.591111 0.86482
0.825 -0.592005 0.861401 0.837493 -0.592867 0.857951 0.849984 -0.593702 0.854484 0.862474
-0.594504 0.851005 0.874999 -0.59526 0.847538 0.8875 -0.595961 0.844114 0.89999 -0.596648
0.84065 0.912469 -0.597323 0.837146 0.924948 -0.597975 0.833638 0.9375 -0.598601 0.830135
0.95 -0.599195 0.826671 0.962493 -0.599761 0.823178 0.974989 -0.600296 0.819689 0.987486
-0.60081 0.816204 1 -0.601302 0.812721 1.00016 -0.601308 0.812677 1.00032 -0.601314
0.812633 1.00048 -0.60132 0.812588 1.00064 -0.601326 0.812544 1.0008 -0.601332 0.8125
1.01314 -0.601795 0.809071 1.02548 -0.602248 0.805636 1.03781 -0.602691 0.802195 1.05015
-0.603124 0.798749 1.0625 -0.603542 0.7953 1.075 -0.603939 0.791857 1.08749 -0.604348
0.788381 1.09997 -0.604769 0.784881 1.11246 -0.605193 0.781381 1.125 -0.605622 0.777878
1.1375 -0.606056 0.774409 1.14999 -0.606498 0.77092 1.16249 -0.60695 0.767421 1.17498
-0.607412 0.763923 1.1875 -0.607881 0.760427 1.19505 -0.608161 0.758342 1.2026 -0.608454
0.756242 1.21015 -0.608752 0.754142 1.2177 -0.609054 0.752044 1.22506 -0.609354 0.75
1.23005 -0.609559 0.748617 1.23504 -0.609768 0.747232 1.24002 -0.609979 0.745847 1.24501
-0.610194 0.744462 1.25 -0.610413 0.743075 1.2625 -0.610959 0.739618 1.27499 -0.61154
0.736132 1.28748 -0.612142 0.73264 1.29996 -0.612766 0.729147 1.3125 -0.613414 0.725638
1.325 -0.614081 0.722154 1.33749 -0.614777 0.71865 1.34998 -0.615498 0.715146 1.36247
-0.616244 0.711638 1.375 -0.617018 0.708114 1.3875 -0.617805 0.704618 1.39999 -0.618633
0.701095 1.41248 -0.619488 0.697566 1.42496 -0.62037 0.694032 1.4375 -0.621286 0.690476
1.4396 -0.621444 0.689881 1.4417 -0.621603 0.689285 1.4438 -0.621762 0.68869 1.4459
-0.621923 0.688094 1.44799 -0.622083 0.6875 1.45556 -0.622667 0.685355 1.46312 -0.623261
0.683207 1.47068 -0.623866 0.681056 1.47824 -0.624482 0.678904 1.48448 -0.625 0.677127
1.48758 -0.625261 0.676242 1.49069 -0.625525 0.675356 1.49379 -0.62579 0.67447 1.49689
-0.626057 0.673584 1.5 -0.626326 0.672697 1.5125 -0.627416 0.669129 1.525 -0.628537
0.665555 1.53749 -0.62969 0.661978 1.54997 -0.630874 0.658398 1.5625 -0.632093 0.654798
1.575 -0.633339 0.651211 1.58749 -0.634616 0.647607 1.59998 -0.635924 0.643999 1.61246
-0.637264 0.640388 1.625 -0.638642 0.636757 1.63321 -0.639559 0.634405 1.64141 -0.640495
0.632036 1.64961 -0.641444 0.629666 1.6578 -0.642408 0.6273 1.66579 -0.64336 0.625
1.67013 -0.643885 0.62375 1.67447 -0.644415 0.6225 1.67881 -0.644949 0.621248 1.68315
-0.645488 0.619996 1.6875 -0.646032 0.618741 1.7 -0.647601 0.615149 1.71249 -0.649212
0.611532 1.72497 -0.650861 0.60791 1.73744 -0.652546 0.604286 1.75 -0.654276 0.600647
1.7625 -0.656028 0.597052 1.77499 -0.657822 0.593438 1.78747 -0.659657 0.589805 1.79994
-0.661528 0.58618 1.8125 -0.663436 0.582577 1.825 -0.66536 0.57904 1.83748 -0.667334
0.575473 1.84996 -0.669347 0.571911 1.86244 -0.671396 0.568366 1.875 -0.673495 0.564816
1.87665 -0.673777 0.564353 1.8783 -0.674059 0.56389 1.87996 -0.674341 0.563427 1.88161
-0.674625 0.562964 1.88327 -0.674911 0.5625 1.89412 -0.676782 0.559472 1.90496 -0.678685
0.55645 1.9158 -0.680617 0.553431 1.92663 -0.682579 0.55042 1.9375 -0.684579 0.547412
1.94063 -0.685163 0.546552 1.94375 -0.68575 0.545693 1.94688 -0.68634 0.544835 1.95
-0.686932 0.543978 1.95298 -0.6875 0.543163 1.96239 -0.689298 0.540595 1.97179 -0.69112
0.538041 1.98119 -0.692968 0.535499 1.99059 -0.694841 0.532968 2 -0.696745 0.530444
2.0125 -0.699298 0.527132 2.02499 -0.701903 0.523815 2.03747 -0.704557 0.520524 2.04995
-0.70726 0.517258 2.0625 -0.710015 0.514012 2.0735 -0.712452 0.511209 2.08449 -0.714939
0.508418 2.09547 -0.717457 0.50566 2.10647 -0.720008 0.502934 2.11844 -0.722822 0.5
2.11975 -0.723135 0.499682 2.12106 -0.723448 0.499365 2.12237 -0.723762 0.499048 2.12369
-0.724076 0.498732 2.125 -0.724392 0.498415 2.1375 -0.727395 0.495411 2.14999 -0.730446
0.492431 2.16248 -0.733541 0.489474 2.17496 -0.736677 0.486522 2.1875 -0.739868 0.483564
2.1954 -0.741895 0.48173 2.20329 -0.743943 0.479904 2.21119 -0.746005 0.478094 2.21909
-0.748078 0.476301 2.22636 -0.75 0.474665 2.23109 -0.751256 0.47361 2.23582 -0.752517
0.472561 2.24054 -0.753784 0.471518 2.24527 -0.755056 0.470482 2.25 -0.756334 0.469451
2.275 -0.763106 0.464047 2.29998 -0.770011 0.45872 2.32495 -0.777039 0.453516 2.34992
-0.784176 0.448452 2.375 -0.79142 0.443578 2.4 -0.798614 0.439051 2.42496 -0.80592
0.434491 2.44988 -0.813337 0.429898 2.47482 -0.820807 0.425445 2.5 -0.828313 0.421259
2.525 -0.835721 0.417419 2.54995 -0.843249 0.413507 2.57489 -0.850837 0.409631 2.59985
-0.858435 0.405885 2.625 -0.866097 0.402243 2.63087 -0.867877 0.401441 2.63673 -0.86966
0.400636 2.64259 -0.871443 0.399836 2.64846 -0.873226 0.399043 2.6543 -0.875 0.398259
2.67344 -0.88081 0.395713 2.69259 -0.886632 0.393225 2.71173 -0.892466 0.390797 2.73089
-0.898309 0.388435 2.75 -0.904133 0.386164 2.77021 -0.91025 0.383931 2.79041 -0.916394
0.381656 2.81061 -0.922535 0.379429 2.83083 -0.928665 0.377274 2.85294 -0.935352 0.375
2.85735 -0.936682 0.374564 2.86177 -0.938012 0.374132 2.86618 -0.939341 0.373702 2.87059
-0.94067 0.373275 2.875 -0.941997 0.372851 2.9 -0.949509 0.370476 2.92501 -0.957003
0.368171 2.95004 -0.964473 0.365944 2.97507 -0.971938 0.363806 3 -0.979363 0.361764
3.01399 -0.98349 0.360682 3.02798 -0.987637 0.359614 3.04197 -0.991768 0.358559 3.05597
-0.995878 0.357518 3.07009 -1 0.356482 3.10607 -1.01044 0.353875 3.14208 -1.02083
0.351459 3.17812 -1.03117 0.349272 3.21419 -1.04147 0.347313 3.25 -1.05157 0.34563
3.3 -1.06501 0.344058 3.34987 -1.0789 0.342219 3.39971 -1.0929 0.34042 3.44958
-1.10683 0.338911 3.5 -1.12021 0.338011 3.55 -1.13257 0.337873 3.59988 -1.14539
0.337202 3.64968 -1.15849 0.336183 3.69951 -1.17152 0.335275 3.75 -1.18415 0.334448
3.8 -1.19587 0.333742 3.84991 -1.20796 0.333472 3.89986 -1.21992 0.333452 3.94985
-1.2317 0.33367 4 -1.24328 0.334082 4.00599 -1.24462 0.334162 4.01198 -1.24597
0.334236 4.01796 -1.24732 0.334312 4.02395 -1.24866 0.33439 4.02997 -1.25 0.334471
4.07398 -1.2598 0.33508 4.118 -1.26951 0.335785 4.16204 -1.27915 0.336609 4.20609
-1.28874 0.33756 4.25 -1.29824 0.338634 4.3 -1.30834 0.33982 4.34991 -1.31884
0.341202 4.39981 -1.32938 0.342736 4.44972 -1.33985 0.344408 4.5 -1.34996 0.346473
4.55 -1.35941 0.349005 4.59998 -1.36901 0.351243 4.64995 -1.37876 0.353189 4.69994
-1.38838 0.355196 4.75 -1.39737 0.357143 4.8 -1.40572 0.359064 4.84994 -1.41435
0.361219 4.89985 -1.42315 0.363577 4.94977 -1.43182 0.366043 5 -1.44032 0.368777
5.05 -1.44844 0.371932 5.10003 -1.45652 0.374772 5.15006 -1.46451 0.377718 5.20011
-1.47238 0.380761 5.25 -1.48006 0.383869 5.27692 -1.48405 0.385569 5.30383 -1.48805
0.387323 5.33075 -1.49202 0.389096 5.35767 -1.49594 0.390887 5.38579 -1.5 0.392777
5.40864 -1.50326 0.394329 5.43148 -1.5065 0.395891 5.45432 -1.50974 0.397468 5.47716
-1.51296 0.399058 5.5 -1.51617 0.400661 5.55 -1.52304 0.404132 5.59998 -1.52997
0.407719 5.64997 -1.53685 0.41136 5.69998 -1.54358 0.415028 5.75 -1.55016 0.418721
5.8 -1.55668 0.422496 5.85002 -1.56304 0.426296 5.90005 -1.56926 0.430124 5.9501
-1.57534 0.433978 6 -1.58118 0.437781 6.05 -1.58662 0.441422 6.09995 -1.59231
0.445367 6.1499 -1.59792 0.449389 6.19987 -1.60341 0.453429 6.25 -1.60877 0.457497
6.3 -1.61418 0.461583 6.35002 -1.61933 0.465714 6.40006 -1.62433 0.46984 6.45012
-1.6292 0.473975 6.5 -1.63393 0.478122 6.55 -1.63842 0.482176 6.59999 -1.64292
0.486367 6.64999 -1.64728 0.490576 6.7 -1.65151 0.494798 6.75 -1.6556 0.498999
6.75239 -1.65579 0.4992 6.75479 -1.65598 0.4994 6.75718 -1.65617 0.4996 6.75958
-1.65636 0.4998 6.76198 -1.65655 0.5 6.80958 -1.66029 0.503972 6.85719 -1.66393
0.507942 6.90481 -1.66748 0.511922 6.95244 -1.67094 0.515934 7 -1.6743 0.519971
7.05 -1.6778 0.524166 7.10001 -1.68112 0.528433 7.15002 -1.68433 0.532718 7.20004
-1.68745 0.537019 7.25 -1.69048 0.541321 7.3 -1.69348 0.54545 7.35 -1.69629
0.549707 7.4 -1.69903 0.553965 7.45001 -1.70171 0.558217 7.5 -1.70435 0.562449
7.55 -1.70713 0.566536 7.60001 -1.70963 0.570689 7.65002 -1.7121 0.574825 7.70004
-1.71455 0.578943 7.75 -1.71694 0.583035 7.8 -1.71941 0.587011 7.85 -1.7218
0.59099 7.90001 -1.72414 0.594965 7.95002 -1.7265 0.598923 8 -1.72889 0.602863
8.1 -1.73375 0.610715 8.2 -1.73851 0.618569 8.30005 -1.74309 0.626043 8.40014
-1.74745 0.632926 8.5 -1.75214 0.638951 8.6 -1.75835 0.643657 8.70002 -1.76313
0.649517 8.80005 -1.76716 0.655734 8.90008 -1.77125 0.661854 9 -1.77638 0.667182
9.1 -1.78302 0.671111 9.20002 -1.78837 0.676239 9.30004 -1.79274 0.682268 9.40006
-1.79729 0.688139 9.5 -1.80252 0.692625 9.6 -1.80856 0.695583 9.69999 -1.8134
0.700481 9.79993 -1.81712 0.707115 9.89989 -1.82045 0.713519 10 -1.82532 0.718042
10.2 -1.83866 0.723021 10.4 -1.85213 0.727664 10.6 -1.86621 0.731713 10.7999
-1.88083 0.735184 11 -1.89084 0.737382 11.2 -1.893 0.738181 11.3999 -1.90061
0.739397 11.5997 -1.9079 0.740562 11.7996 -1.91489 0.741671 12 -1.92158 0.742768
12.2 -1.92399 0.74364 12.3999 -1.93005 0.744534 12.5999 -1.93585 0.745387 12.7998
-1.94142 0.746194 13 -1.94676 0.74699 13.2 -1.94932 0.747833 13.4 -1.95418
0.74853 13.5999 -1.95886 0.749174 13.7999 -1.96337 0.749763 14 -1.96772 0.750329
14.2 -1.97043 0.751029 14.4 -1.97437 0.751573 14.6 -1.97819 0.752124 14.7999
-1.98189 0.752681 15 -1.98586 0.753263 -1.001 1e-07 0.895837 -1.001 8e-08
0.895837 -1.001 6e-08 0.895837 -1.001 3.99999e-08 0.895837 -1.001 1.99998e-08 0.895837
-1.001 1.25776e-16 0.895837 -1.0008 -8.76393e-06 0.895851 -1.0006 -1.75334e-05 0.895865 -1.0004
-2.63083e-05 0.895878 -1.0002 -3.50888e-05 0.895892 -1 -4.3875e-05 0.895906 -0.9875 -0.000594646
0.896771 -0.975003 -0.00117743 0.897664 -0.96251 -0.0017928 0.898584 -0.95002 -0.00244185 0.899519
-0.9375 -0.00312681 0.900472 -0.925 -0.00384588 0.901443 -0.912506 -0.00462275 0.902445 -0.900019
-0.00546199 0.90348 -0.887539 -0.00636708 0.904555 -0.875 -0.00735233 0.905701 -0.8625 -0.00842184
0.90691 -0.850018 -0.00960661 0.908199 -0.837561 -0.0109283 0.909588 -0.82513 -0.0123851 0.911073
-0.8125 -0.013997 0.912661 -0.8 -0.0157763 0.914364 -0.787547 -0.0177563 0.916186 -0.775146
-0.0199364 0.918133 -0.762809 -0.0223297 0.920227 -0.75 -0.0250611 0.922568 -0.7375 -0.02799
0.925027 -0.7251 -0.0311874 0.927651 -0.712793 -0.0346074 0.93043 -0.700594 -0.0382712 0.933371
-0.6875 -0.042524 0.936736 -0.686945 -0.0427195 0.936889 -0.68639 -0.0429155 0.937042 -0.685835
-0.043112 0.937196 -0.68528 -0.0433089 0.937349 -0.684738 -0.0435021 0.9375 -0.674097 -0.0473017
0.940464 -0.663556 -0.051282 0.943549 -0.653123 -0.0554446 0.946755 -0.6428 -0.0597827 0.950082
-0.636623 -0.0625 0.952163 -0.634298 -0.0635508 0.952966 -0.63198 -0.0646119 0.953774 -0.629668
-0.0656832 0.954587 -0.627363 -0.0667647 0.955405 -0.625 -0.0678851 0.95625 -0.6125 -0.0738636
0.960755 -0.600187 -0.0801111 0.965407 -0.588049 -0.0865959 0.970192 -0.576099 -0.0933164 0.975123
-0.5625 -0.101227 0.980895 -0.554617 -0.105981 0.984342 -0.546808 -0.110824 0.987835 -0.539065
-0.115745 0.991363 -0.531367 -0.120727 0.994904 -0.524876 -0.125 0.997914 -0.523982 -0.125597
0.998331 -0.523089 -0.126195 0.998749 -0.522197 -0.126794 0.999167 -0.521305 -0.127394 0.999585
-0.520422 -0.127989 1 -0.516337 -0.130746 1.00192 -0.512268 -0.133523 1.00384 -0.508213
-0.13632 1.00577 -0.504174 -0.139137 1.0077 -0.5 -0.142065 1.00969 -0.4875 -0.150865
1.01563 -0.475113 -0.15985 1.02154 -0.462823 -0.168993 1.0274 -0.450563 -0.178213 1.0332
-0.438261 -0.1875 1.03889 -0.438109 -0.187615 1.03896 -0.437956 -0.187731 1.03903 -0.437804
-0.187846 1.03909 -0.437652 -0.187961 1.03916 -0.4375 -0.188077 1.03923 -0.427161 -0.195913
1.04389 -0.41683 -0.203816 1.04844 -0.406494 -0.211768 1.0529 -0.396104 -0.219714 1.05725
-0.383083 -0.22961 1.0625 -0.381466 -0.230829 1.06312 -0.379849 -0.232049 1.06374 -0.37823
-0.233268 1.06435 -0.376611 -0.234489 1.06496 -0.375 -0.235701 1.06557 -0.371188 -0.238561
1.06698 -0.367372 -0.241425 1.06838 -0.363549 -0.244291 1.06975 -0.359716 -0.247152 1.07111
-0.355872 -0.25 1.07245 -0.347197 -0.256378 1.07541 -0.338478 -0.262742 1.07827 -0.329716
-0.269093 1.08103 -0.320907 -0.275421 1.08369 -0.3125 -0.28132 1.0861 -0.303415 -0.287556
1.08859 -0.294291 -0.293784 1.09094 -0.285128 -0.300004 1.09316 -0.275885 -0.306141 1.09528
-0.266089 -0.3125 1.09739 -0.262871 -0.314542 1.09804 -0.259647 -0.316579 1.09866 -0.256416
-0.31861 1.09928 -0.253179 -0.320636 1.09987 -0.25 -0.322606 1.10045 -0.2375 -0.330271
1.10266 -0.224912 -0.337854 1.10464 -0.212229 -0.345331 1.10641 -0.19943 -0.352651 1.10798
-0.1875 -0.359243 1.10925 -0.181598 -0.362395 1.1098 -0.17568 -0.365522 1.11031 -0.169744
-0.368621 1.11078 -0.163785 -0.371683 1.11121 -0.157228 -0.375 1.11163 -0.150782 -0.378205
1.112 -0.144317 -0.381376 1.11233 -0.137833 -0.384513 1.11261 -0.131332 -0.387617 1.11284
-0.125 -0.390586 1.11302 -0.1125 -0.396335 1.11332 -0.0999378 -0.401952 1.11346 -0.0873075
-0.407417 1.11345 -0.0746156 -0.412734 1.1133 -0.0624997 -0.417653 1.11302 -0.0523174 -0.421623
1.11271 -0.0421125 -0.425523 1.11228 -0.0318794 -0.429337 1.11176 -0.0216156 -0.433056 1.11116
-0.00900134 -0.4375 1.11033 -0.00720102 -0.438112 1.11019 -0.00540007 -0.438723 1.11006 -0.00359851
-0.43933 1.10992 -0.00179635 -0.439936 1.10977 2.71217e-07 -0.440537 1.10963 0.0125003 -0.44469
1.10861 0.0250261 -0.448732 1.10747 0.0375774 -0.45266 1.10621 0.0501515 -0.456475 1.10484
0.0625003 -0.460101 1.1034 0.0750003 -0.463645 1.10187 0.0875154 -0.467086 1.10024 0.100043
-0.470425 1.0985 0.112586 -0.473665 1.09667 0.125 -0.476751 1.09482 0.1375 -0.479745
1.0929 0.15 -0.482675 1.09089 0.162503 -0.485533 1.0888 0.175015 -0.488308 1.08664
0.1875 -0.490997 1.08444 0.196105 -0.492798 1.08288 0.204711 -0.494565 1.0813 0.213319
-0.4963 1.07969 0.221928 -0.498003 1.07805 0.232218 -0.499999 1.07607 0.235775 -0.500673
1.07537 0.239331 -0.501342 1.07467 0.242888 -0.502006 1.07396 0.246444 -0.502665 1.07325
0.25 -0.503318 1.07253 0.259908 -0.505125 1.07052 0.269815 -0.506897 1.06848 0.279722
-0.508634 1.06641 0.28963 -0.510337 1.06431 0.298095 -0.511765 1.0625 0.300976 -0.512243
1.06188 0.303857 -0.512718 1.06125 0.306738 -0.513191 1.06062 0.309619 -0.51366 1.05999
0.3125 -0.514126 1.05936 0.325 -0.516139 1.0566 0.337497 -0.518105 1.0538 0.349992
-0.520026 1.05096 0.362485 -0.521904 1.04808 0.375 -0.523742 1.04516 0.3875 -0.525524
1.04223 0.399991 -0.527278 1.03925 0.412474 -0.529003 1.03622 0.424953 -0.530695 1.03315
0.4375 -0.532369 1.03007 0.45 -0.534011 1.02699 0.462492 -0.53562 1.02386 0.474977
-0.537196 1.02069 0.48746 -0.538746 1.0175 0.5 -0.540275 1.01428 0.511151 -0.541606
1.01143 0.522294 -0.542926 1.00853 0.533436 -0.544226 1.00563 0.544576 -0.545507 1.00271
0.554861 -0.54667 0.999999 0.556389 -0.546841 0.999596 0.557917 -0.547012 0.999192 0.559445
-0.547182 0.998788 0.560972 -0.547352 0.998383 0.562501 -0.547522 0.997979 0.575001 -0.548905
0.99467 0.587499 -0.550263 0.991341 0.599993 -0.551593 0.98799 0.612485 -0.552894 0.984618
0.625001 -0.554172 0.981227 0.637501 -0.555423 0.97785 0.649998 -0.556641 0.974448 0.662495
-0.557825 0.971036 0.674992 -0.558977 0.967614 0.687501 -0.5601 0.964178 0.692989 -0.560579
0.962669 0.698476 -0.561051 0.961156 0.703963 -0.561517 0.959642 0.70945 -0.561977 0.958125
0.715708 -0.562493 0.956393 0.722566 -0.563051 0.954492 0.729424 -0.563598 0.952588 0.736282
-0.564137 0.95068 0.74314 -0.564665 0.948769 0.75 -0.565184 0.946853 0.756698 -0.56568
0.944982 0.763394 -0.566169 0.943103 0.770089 -0.566649 0.941221 0.776785 -0.56712 0.939335
0.783298 -0.567571 0.937499 0.789138 -0.567968 0.935852 0.794978 -0.568357 0.934202 0.800817
-0.56874 0.932548 0.806656 -0.569116 0.93089 0.8125 -0.569484 0.929228 0.825 -0.570253
0.925685 0.837493 -0.570999 0.922112 0.849984 -0.571713 0.918527 0.862473 -0.572396 0.914928
0.875 -0.573046 0.911308 0.8875 -0.573665 0.907707 0.899991 -0.574255 0.904071 0.91248
-0.574813 0.900424 0.924968 -0.575337 0.896764 0.937499 -0.575834 0.893078 0.949875 -0.576282
0.889463 0.962238 -0.576722 0.885804 0.974599 -0.577139 0.882138 0.986961 -0.577532 0.878469
0.998641 -0.577878 0.875 0.998913 -0.577886 0.874919 0.999184 -0.577893 0.874838 0.999456
-0.577901 0.874757 0.999728 -0.577908 0.874677 0.999999 -0.577916 0.874596 1.0125 -0.578259
0.87088 1.025 -0.578587 0.86715 1.03749 -0.5789 0.863406 1.04998 -0.579198 0.859649
1.0625 -0.579483 0.855873 1.075 -0.579755 0.852125 1.08749 -0.580018 0.848354 1.09998
-0.580275 0.844573 1.11247 -0.580523 0.840791 1.125 -0.580756 0.837013 1.1375 -0.580964
0.833281 1.14999 -0.581192 0.829514 1.16247 -0.581433 0.825731 1.17496 -0.581679 0.821953
1.1875 -0.58193 0.818162 1.19126 -0.582006 0.81703 1.19502 -0.582084 0.815895 1.19878
-0.582162 0.814761 1.20255 -0.582242 0.813626 1.20628 -0.582322 0.8125 1.21503 -0.582513
0.809865 1.22377 -0.582712 0.807225 1.23251 -0.58292 0.804582 1.24125 -0.583135 0.801935
1.25 -0.583357 0.799281 1.2625 -0.583688 0.795501 1.27499 -0.584038 0.791698 1.28748
-0.584409 0.78788 1.29997 -0.5848 0.784061 1.3125 -0.585196 0.780257 1.325 -0.585592
0.776501 1.33749 -0.586023 0.77271 1.34997 -0.586488 0.76889 1.36245 -0.586974 0.765074
1.375 -0.587487 0.761242 1.3824 -0.587803 0.758994 1.38981 -0.588126 0.756739 1.39721
-0.588458 0.754485 1.40461 -0.5888 0.752231 1.41194 -0.589149 0.75 1.41705 -0.589398
0.748446 1.42216 -0.589652 0.74689 1.42727 -0.589911 0.745332 1.43238 -0.590173 0.743773
1.4375 -0.590441 0.742212 1.45 -0.591106 0.738401 1.46249 -0.591804 0.734569 1.47498
-0.592532 0.730729 1.48746 -0.593294 0.726882 1.5 -0.594077 0.723041 1.5125 -0.594868
0.719251 1.52499 -0.595703 0.715427 1.53746 -0.59659 0.711562 1.54992 -0.597507 0.707694
1.5625 -0.598459 0.703812 1.57313 -0.599287 0.70055 1.58376 -0.600138 0.697276 1.59438
-0.601012 0.694007 1.605 -0.601907 0.690743 1.61558 -0.602818 0.6875 1.61746 -0.602984
0.686923 1.61935 -0.603151 0.686346 1.62123 -0.603318 0.685768 1.62311 -0.603486 0.685191
1.625 -0.603655 0.684613 1.6375 -0.60478 0.680782 1.64999 -0.605938 0.676943 1.66248
-0.60713 0.673099 1.67497 -0.608356 0.669252 1.6875 -0.609616 0.665402 1.7 -0.610896
0.6616 1.71248 -0.612224 0.657765 1.72497 -0.613586 0.65393 1.73745 -0.614982 0.650101
1.75 -0.61642 0.646256 1.7625 -0.617887 0.642452 1.775 -0.61939 0.638647 1.78749
-0.620928 0.634853 1.79998 -0.622501 0.631069 1.8125 -0.624113 0.627288 1.81385 -0.62429
0.626882 1.8152 -0.624468 0.626476 1.81655 -0.624646 0.62607 1.81789 -0.624825 0.625664
1.81921 -0.625 0.625269 1.81939 -0.625024 0.625215 1.81957 -0.625048 0.625162 1.81975
-0.625072 0.625108 1.81993 -0.625096 0.625054 1.82011 -0.62512 0.625 1.83108 -0.626585
0.621702 1.84206 -0.628079 0.618414 1.85304 -0.629602 0.615138 1.86402 -0.631154 0.611873
1.875 -0.632737 0.608618 1.8875 -0.634569 0.604938 1.89999 -0.636445 0.601259 1.91249
-0.638363 0.5976 1.92498 -0.640321 0.59396 1.9375 -0.642321 0.590343 1.95 -0.644343
0.586795 1.96249 -0.646415 0.583238 1.97497 -0.648535 0.579685 1.98746 -0.650698 0.576166
2 -0.652914 0.572668 2.0074 -0.654243 0.570634 2.0148 -0.655589 0.568605 2.0222
-0.656952 0.566589 2.0296 -0.658331 0.564588 2.03738 -0.659798 0.5625 2.04241 -0.660755
0.561161 2.04743 -0.66172 0.559824 2.05245 -0.662692 0.55849 2.05747 -0.663671 0.557159
2.0625 -0.664658 0.55583 2.075 -0.667131 0.552543 2.08749 -0.669654 0.549274 2.09999
-0.672224 0.546031 2.11248 -0.674841 0.542816 2.125 -0.677511 0.539624 2.13421 -0.679509
0.537313 2.14343 -0.681536 0.535013 2.15264 -0.683588 0.532729 2.16184 -0.685665 0.530463
2.16988 -0.6875 0.5285 2.17341 -0.688312 0.527646 2.17693 -0.689128 0.526795 2.18045
-0.689948 0.525947 2.18398 -0.690771 0.525102 2.1875 -0.691598 0.524259 2.2 -0.694538
0.521284 2.2125 -0.697529 0.51834 2.22499 -0.700564 0.515432 2.23748 -0.703646 0.512558
2.25 -0.706777 0.509716 2.25874 -0.708972 0.507773 2.26747 -0.711193 0.505841 2.27621
-0.713428 0.503932 2.28494 -0.715679 0.502046 2.29454 -0.718166 0.5 2.29813 -0.719104
0.499241 2.30172 -0.720044 0.498483 2.30531 -0.720987 0.497727 2.30891 -0.721933 0.496973
2.3125 -0.722883 0.49622 2.325 -0.726191 0.493614 2.3375 -0.72953 0.49104 2.35
-0.732897 0.488501 2.36249 -0.736289 0.485997 2.375 -0.739707 0.483529 2.38253 -0.741766
0.482075 2.39006 -0.743838 0.480632 2.3976 -0.745915 0.479204 2.40513 -0.747997 0.477792
2.41237 -0.75 0.47645 2.4299 -0.754858 0.473233 2.44742 -0.759751 0.47008 2.46496
-0.76467 0.466988 2.48249 -0.769609 0.463956 2.5 -0.774558 0.461013 2.525 -0.781617
0.457068 2.54997 -0.788751 0.453064 2.57493 -0.79593 0.449118 2.59991 -0.803132 0.445258
2.625 -0.810328 0.441675 2.65 -0.81744 0.438379 2.67498 -0.824598 0.43503 2.69994
-0.831801 0.431629 2.72492 -0.838995 0.428331 2.75 -0.846168 0.425179 2.77038 -0.851935
0.422785 2.79076 -0.857711 0.420363 2.81114 -0.86347 0.417969 2.83153 -0.869211 0.415626
2.85217 -0.875 0.413313 2.85673 -0.876277 0.412814 2.8613 -0.877553 0.412318 2.86587
-0.87883 0.411824 2.87043 -0.880107 0.411333 2.875 -0.881382 0.410846 2.9 -0.888354
0.40821 2.925 -0.895323 0.405605 2.95002 -0.902275 0.403056 2.97504 -0.909209 0.400562
3 -0.916088 0.398173 3.025 -0.922869 0.396072 3.04998 -0.929678 0.393833 3.07497
-0.936453 0.391647 3.09999 -0.943185 0.389524 3.125 -0.949869 0.387467 3.15 -0.956471
0.385507 3.17501 -0.963043 0.383563 3.20003 -0.969571 0.381674 3.22507 -0.976071 0.379854
3.25 -0.98251 0.37811 3.25936 -0.984912 0.377488 3.26873 -0.987309 0.376862 3.27809
-0.9897 0.376241 3.28746 -0.992084 0.375624 3.297 -0.994505 0.375 3.30135 -0.995604
0.374718 3.3057 -0.996701 0.374436 3.31005 -0.997798 0.374156 3.3144 -0.998893 0.373876
3.3188 -1 0.373593 3.35504 -1.00909 0.37127 3.3913 -1.01812 0.36906 3.42759
-1.02709 0.366982 3.46389 -1.03604 0.36505 3.5 -1.0449 0.363271 3.55 -1.05655
0.361473 3.59988 -1.06867 0.359408 3.64977 -1.08076 0.35743 3.69966 -1.09286 0.355671
3.75 -1.10452 0.353895 3.8 -1.11536 0.352093 3.84992 -1.1266 0.350587 3.89976
-1.13826 0.34941 3.94961 -1.14985 0.348349 4 -1.16097 0.347883 4.05 -1.17136
0.348057 4.09994 -1.18201 0.347783 4.14988 -1.1927 0.347383 4.19984 -1.20327 0.347172
4.25 -1.21376 0.34715 4.2866 -1.22101 0.347372 4.32316 -1.22841 0.347606 4.35973
-1.23578 0.347936 4.39631 -1.24311 0.348362 4.43084 -1.25 0.348855 4.44467 -1.25273
0.349081 4.4585 -1.25545 0.349314 4.47234 -1.25816 0.349554 4.48618 -1.26086 0.349802
4.5 -1.26355 0.350056 4.55 -1.27313 0.351095 4.6 -1.28271 0.352123 4.65002
-1.29217 0.35324 4.70004 -1.30161 0.35448 4.75 -1.31099 0.355835 4.8 -1.31975
0.357136 4.84995 -1.32877 0.35858 4.89987 -1.33789 0.360147 4.94981 -1.34697 0.36181
5 -1.35585 0.363887 5.05 -1.36441 0.366452 5.10001 -1.37295 0.368762 5.15004
-1.38148 0.370784 5.20011 -1.38981 0.372687 5.25 -1.3977 0.374599 5.3 -1.4052
0.376526 5.34996 -1.41289 0.378697 5.39989 -1.42071 0.381074 5.44983 -1.42844 0.38353
5.5 -1.43617 0.386228 5.55 -1.44388 0.389285 5.60006 -1.45129 0.392092 5.65012
-1.45866 0.394956 5.70019 -1.46594 0.397883 5.75 -1.47308 0.400852 5.7886 -1.47846
0.403133 5.8272 -1.48384 0.405531 5.8658 -1.48916 0.407955 5.90441 -1.49442 0.410407
5.9459 -1.5 0.413069 5.95672 -1.50145 0.413775 5.96754 -1.5029 0.414483 5.97836
-1.50435 0.415194 5.98918 -1.5058 0.415907 6 -1.50725 0.416623 6.05 -1.51387
0.41991 6.09999 -1.5205 0.423277 6.15 -1.52704 0.426678 6.20002 -1.53342 0.430102
6.25 -1.53963 0.433542 6.3 -1.54586 0.437017 6.35003 -1.55181 0.440551 6.40007
-1.55762 0.4441 6.45014 -1.56329 0.447659 6.5 -1.5688 0.451199 6.55 -1.57399
0.45452 6.59996 -1.57935 0.458129 6.64993 -1.58461 0.46175 6.69992 -1.58974 0.465363
6.75 -1.59476 0.468974 6.8 -1.59985 0.472555 6.85002 -1.60468 0.476156 6.90006
-1.60941 0.479735 6.95011 -1.61402 0.483298 7 -1.61851 0.486866 7.03735 -1.62176
0.489493 7.0747 -1.62499 0.49217 7.11206 -1.62817 0.494853 7.14942 -1.6313 0.497541
7.18365 -1.63411 0.5 7.19692 -1.63519 0.500948 7.21019 -1.63625 0.501896 7.22346
-1.63732 0.502843 7.23673 -1.63837 0.503789 7.25 -1.63942 0.504735 7.3 -1.64337
0.508277 7.35001 -1.64725 0.511823 7.40002 -1.65107 0.515355 7.45003 -1.65484 0.5189
7.5 -1.65854 0.522455 7.55 -1.66229 0.525965 7.60001 -1.66586 0.529521 7.65002
-1.66937 0.533083 7.70004 -1.67284 0.536651 7.75 -1.67626 0.540207 7.8 -1.67977
0.543651 7.85 -1.68321 0.5471 7.90001 -1.68667 0.55054 7.95001 -1.69015 0.553978
8 -1.69367 0.557414 8.1 -1.70084 0.564301 8.20001 -1.70795 0.571084 8.30004
-1.71497 0.577729 8.40012 -1.72174 0.583831 8.5 -1.72828 0.589387 8.6 -1.73603
0.593773 8.70004 -1.74248 0.599238 8.8001 -1.74886 0.604391 8.90016 -1.75534 0.609472
9 -1.76217 0.614618 9.1 -1.77046 0.618387 9.20004 -1.77751 0.623389 9.30008
-1.78448 0.628525 9.40011 -1.79164 0.633543 9.5 -1.79901 0.638029 9.6 -1.80714
0.641009 9.70001 -1.81408 0.645968 9.80002 -1.82025 0.65186 9.90007 -1.82577 0.657774
10 -1.83201 0.662475 10.2 -1.84799 0.667807 10.4 -1.86405 0.672843 10.6
-1.88066 0.677331 10.8002 -1.89452 0.680824 11 -1.90383 0.683029 11.2 -1.90583
0.683851 11.3999 -1.9126 0.685022 11.5998 -1.91909 0.686132 11.7997 -1.92531 0.687176
12 -1.93128 0.688239 12.2 -1.93351 0.689108 12.3999 -1.93891 0.689981 12.5999
-1.94409 0.690804 12.7998 -1.94907 0.691572 13 -1.95385 0.692356 13.2 -1.95622
0.693183 13.4 -1.96056 0.693869 13.5999 -1.96476 0.694495 13.7999 -1.96881 0.695057
14 -1.9727 0.695625 14.2 -1.97521 0.69631 14.4 -1.97875 0.696857 14.6
-1.98219 0.697404 14.8 -1.98552 0.697948 15 -1.98958 0.698538 -1.001 1e-07
0.948468 -1.001 8e-08 0.948468 -1.001 6e-08 0.948469 -1.001 3.99999e-08 0.948469
-1.001 1.99998e-08 0.948469 -1.001 5.90801e-17 0.948469 -1.0008 -9.16563e-06 0.948486 -1.0006
-1.8337e-05 0.948502 -1.0004 -2.75142e-05 0.948519 -1.0002 -3.66971e-05 0.948536 -1 -4.58863e-05
0.948553 -0.9875 -0.000621845 0.949617 -0.975004 -0.00122917 0.95071 -0.962512 -0.00186818 0.951833
-0.950025 -0.0025392 0.952986 -0.9375 -0.00324652 0.954177 -0.925 -0.00399355 0.955422 -0.912512
-0.00481085 0.956743 -0.900038 -0.00570291 0.95814 -0.887576 -0.00666767 0.959603 -0.875 -0.00771674
0.961147 -0.8625 -0.00885393 0.962781 -0.850026 -0.010117 0.964522 -0.837584 -0.0115182 0.966373
-0.825177 -0.0130629 0.968347 -0.8125 -0.0148065 0.970527 -0.8 -0.0167288 0.972847 -0.787569
-0.0188721 0.975338 -0.775214 -0.0212346 0.978001 -0.762941 -0.0238156 0.980837 -0.75 -0.0267951
0.984029 -0.737881 -0.0298504 0.987224 -0.725881 -0.033175 0.990594 -0.713993 -0.0367358 0.994118
-0.702225 -0.0405313 0.997794 -0.695516 -0.042845 1 -0.693912 -0.0434189 1.00054 -0.692312
-0.0439971 1.00109 -0.690714 -0.0445798 1.00164 -0.689119 -0.0451669 1.00219 -0.6875 -0.0457681
1.00275 -0.678555 -0.0491145 1.00589 -0.669689 -0.0525904 1.00911 -0.660902 -0.0561941 1.0124
-0.652183 -0.0599056 1.01576 -0.6463 -0.0625 1.01807 -0.64204 -0.0644232 1.01978 -0.637801
-0.0663774 1.02151 -0.633585 -0.0683624 1.02325 -0.62939 -0.0703782 1.02501 -0.625 -0.0725241
1.02687 -0.6125 -0.0787257 1.03224 -0.600179 -0.0851852 1.03771 -0.588036 -0.0918855 1.04328
-0.576004 -0.098757 1.0489 -0.5625 -0.106714 1.05528 -0.559483 -0.108539 1.05673 -0.556476
-0.110376 1.05817 -0.553476 -0.112223 1.05962 -0.550479 -0.114077 1.06107 -0.547524 -0.115914
1.0625 -0.544615 -0.117731 1.06391 -0.541712 -0.119558 1.06531 -0.538814 -0.121394 1.06672
-0.53592 -0.123239 1.06812 -0.533164 -0.125 1.06945 -0.526531 -0.12925 1.07264 -0.519924
-0.133544 1.07583 -0.513342 -0.137882 1.07901 -0.506786 -0.142263 1.08218 -0.5 -0.146815
1.08543 -0.487906 -0.154952 1.09116 -0.475858 -0.163219 1.09679 -0.463846 -0.171595 1.10234
-0.451769 -0.179986 1.10772 -0.440918 -0.1875 1.1124 -0.440235 -0.187972 1.11269 -0.439551
-0.188444 1.11297 -0.438867 -0.188917 1.11326 -0.438184 -0.18939 1.11355 -0.4375 -0.189862
1.11383 -0.432132 -0.193572 1.11606 -0.42676 -0.197295 1.11827 -0.421375 -0.201019 1.12044
-0.415971 -0.204736 1.12257 -0.40969 -0.209031 1.125 -0.402752 -0.213745 1.12762 -0.395791
-0.218456 1.13018 -0.388808 -0.223165 1.13268 -0.381803 -0.227872 1.13513 -0.375 -0.232414
1.13744 -0.369674 -0.235931 1.13918 -0.364335 -0.239449 1.14089 -0.358983 -0.242963 1.14256
-0.353605 -0.246456 1.14419 -0.348088 -0.25 1.14581 -0.34097 -0.254524 1.14784 -0.333825
-0.25903 1.14982 -0.326653 -0.26352 1.15173 -0.319456 -0.267993 1.15359 -0.3125 -0.272248
1.1553 -0.3 -0.279777 1.15824 -0.287422 -0.287254 1.16098 -0.274765 -0.294662 1.16353
-0.261983 -0.301925 1.16587 -0.25 -0.308538 1.16787 -0.24852 -0.30933 1.1681 -0.24704
-0.310122 1.16832 -0.245558 -0.310913 1.16854 -0.244075 -0.311702 1.16876 -0.24257 -0.3125
1.16898 -0.231556 -0.318317 1.17057 -0.220479 -0.324051 1.17201 -0.209345 -0.329709 1.1733
-0.19815 -0.335278 1.17445 -0.1875 -0.340433 1.17542 -0.175 -0.34629 1.17645 -0.162447
-0.352062 1.17729 -0.149828 -0.357708 1.17798 -0.137143 -0.363221 1.17852 -0.125 -0.368353
1.17888 -0.121753 -0.369682 1.17895 -0.118504 -0.371005 1.179 -0.115252 -0.372321 1.17904
-0.111996 -0.373628 1.17908 -0.10855 -0.375 1.1791 -0.0993398 -0.378637 1.17915 -0.0901058
-0.382213 1.17911 -0.0808492 -0.385729 1.179 -0.0715699 -0.389181 1.17882 -0.0624999 -0.392483
1.17857 -0.0499999 -0.396917 1.17816 -0.0374674 -0.401243 1.17761 -0.0249011 -0.405453 1.17695
-0.012305 -0.409554 1.17617 2.52523e-07 -0.413446 1.1753 0.0125002 -0.417255 1.17433 0.0250138
-0.420982 1.17324 0.0375465 -0.424611 1.17203 0.0500988 -0.428138 1.17073 0.0625002 -0.431515
1.16936 0.0670426 -0.432712 1.16883 0.071586 -0.433899 1.16828 0.0761313 -0.435073 1.16772
0.0806782 -0.436236 1.16715 0.0856704 -0.4375 1.16652 0.0935363 -0.439468 1.1655 0.101406
-0.441403 1.16445 0.109279 -0.443306 1.16336 0.117155 -0.445174 1.16224 0.125 -0.446999
1.16109 0.1375 -0.449851 1.15922 0.150003 -0.45263 1.15726 0.162511 -0.455335 1.15523
0.175022 -0.457969 1.15313 0.1875 -0.460517 1.15099 0.2 -0.462983 1.14881 0.212496
-0.465396 1.14654 0.224987 -0.467757 1.1442 0.237479 -0.470057 1.14181 0.250001 -0.472299
1.13936 0.262501 -0.474476 1.13689 0.274997 -0.476598 1.13435 0.287493 -0.478669 1.13178
0.299989 -0.480688 1.12916 0.312501 -0.482658 1.12649 0.313874 -0.482869 1.12619 0.315248
-0.483079 1.12589 0.316621 -0.483289 1.12559 0.317995 -0.483498 1.12529 0.319342 -0.483703
1.125 0.330474 -0.48539 1.12257 0.341603 -0.487042 1.1201 0.352731 -0.48866 1.1176
0.363855 -0.490243 1.11507 0.375 -0.491795 1.1125 0.387049 -0.493436 1.1097 0.399093
-0.49505 1.10687 0.411134 -0.496632 1.10401 0.423173 -0.498183 1.10112 0.4375 -0.499992
1.09765 0.437511 -0.499994 1.09765 0.437522 -0.499995 1.09765 0.437533 -0.499996 1.09765
0.437544 -0.499998 1.09764 0.437555 -0.499999 1.09764 0.450044 -0.501538 1.09458 0.46253
-0.50305 1.0915 0.475013 -0.504533 1.08838 0.487491 -0.505994 1.08525 0.5 -0.507437
1.08207 0.5125 -0.508856 1.07889 0.524994 -0.510251 1.07566 0.537483 -0.511625 1.07242
0.549971 -0.512979 1.06916 0.562501 -0.51432 1.06587 0.565066 -0.514589 1.0652 0.567631
-0.514858 1.06452 0.570196 -0.515125 1.06384 0.572761 -0.515392 1.06317 0.57528 -0.515652
1.0625 0.585224 -0.516677 1.05986 0.595167 -0.517685 1.05722 0.605108 -0.518675 1.05456
0.615048 -0.519647 1.05189 0.625002 -0.520603 1.0492 0.637502 -0.521775 1.04583 0.649994
-0.522921 1.04243 0.662482 -0.524034 1.039 0.674968 -0.525108 1.03555 0.687502 -0.526149
1.0321 0.700001 -0.527148 1.02866 0.712494 -0.528109 1.02518 0.72498 -0.529032 1.02167
0.737467 -0.529913 1.01816 0.749999 -0.530757 1.01463 0.760424 -0.531424 1.0117 0.770842
-0.532068 1.00875 0.781258 -0.532693 1.00578 0.791672 -0.5333 1.0028 0.801449 -0.533846
0.999999 0.803659 -0.533965 0.999364 0.805869 -0.534082 0.998728 0.808079 -0.534198 0.998092
0.810288 -0.534312 0.997455 0.812499 -0.534425 0.996818 0.824999 -0.535059 0.993215 0.837491
-0.535662 0.98958 0.849978 -0.536233 0.98592 0.862458 -0.536779 0.982235 0.875 -0.537302
0.978514 0.8875 -0.537791 0.974808 0.899988 -0.538255 0.971059 0.912464 -0.538693 0.967269
0.924936 -0.53911 0.963461 0.9375 -0.539491 0.959628 0.95 -0.539833 0.95582 0.962485
-0.540166 0.951964 0.974963 -0.540481 0.948085 0.98744 -0.540773 0.944196 0.999999 -0.541035
0.940267 1.00176 -0.541068 0.939713 1.00353 -0.5411 0.939159 1.00529 -0.541131 0.938604
1.00706 -0.541162 0.938049 1.00881 -0.541192 0.937499 1.01954 -0.541372 0.934119 1.03028
-0.54153 0.930723 1.04101 -0.541672 0.927313 1.05173 -0.541798 0.923889 1.0625 -0.54191
0.920442 1.075 -0.542026 0.916449 1.08749 -0.542121 0.912426 1.09997 -0.542198 0.908379
1.11245 -0.542265 0.904323 1.125 -0.542312 0.900255 1.1375 -0.542332 0.896223 1.14999
-0.542369 0.892156 1.16247 -0.542415 0.88807 1.17495 -0.542457 0.883985 1.1875 -0.542496
0.879879 1.19049 -0.542505 0.878904 1.19348 -0.542514 0.877926 1.19647 -0.542524 0.876948
1.19945 -0.542534 0.875971 1.20242 -0.542545 0.875 1.21194 -0.542581 0.871888 1.22145
-0.542622 0.868771 1.23096 -0.542669 0.865649 1.24047 -0.542719 0.862522 1.25 -0.542775
0.859388 1.2625 -0.542861 0.855286 1.27499 -0.542964 0.851164 1.28748 -0.543083 0.847028
1.29997 -0.543219 0.84289 1.3125 -0.543362 0.83875 1.325 -0.543506 0.834651 1.33749
-0.543691 0.830517 1.34997 -0.543907 0.826365 1.36245 -0.544137 0.822217 1.375 -0.544385
0.818053 1.37836 -0.544456 0.816943 1.38172 -0.544529 0.815831 1.38508 -0.544603 0.814719
1.38844 -0.544679 0.813608 1.39179 -0.544756 0.8125 1.40093 -0.544972 0.80948 1.41007
-0.5452 0.806457 1.41921 -0.545439 0.803432 1.42835 -0.54569 0.800404 1.4375 -0.545954
0.797372 1.45 -0.546338 0.793242 1.46249 -0.546747 0.789097 1.47499 -0.547182 0.784949
1.48748 -0.547645 0.780804 1.5 -0.548133 0.776654 1.5125 -0.548635 0.772552 1.52499
-0.549186 0.768415 1.53747 -0.549767 0.764275 1.54995 -0.550378 0.760136 1.5625 -0.551017
0.755982 1.56614 -0.551211 0.754786 1.56978 -0.551407 0.753589 1.57341 -0.551605 0.752393
1.57705 -0.551806 0.751198 1.58071 -0.55201 0.75 1.58957 -0.55251 0.747099 1.59842
-0.553025 0.744197 1.60728 -0.553554 0.741293 1.61613 -0.554097 0.738389 1.625 -0.554657
0.735484 1.6375 -0.555471 0.731408 1.65 -0.556316 0.72733 1.6625 -0.557193 0.723263
1.675 -0.558101 0.719208 1.6875 -0.559042 0.715157 1.69643 -0.559733 0.71228 1.70535
-0.560445 0.709402 1.71427 -0.561172 0.706529 1.7232 -0.561916 0.703662 1.73004 -0.5625
0.701467 1.73403 -0.562846 0.700189 1.73803 -0.563195 0.698913 1.74202 -0.563548 0.697638
1.74601 -0.563904 0.696364 1.75 -0.564264 0.695091 1.75477 -0.564696 0.693573 1.75955
-0.565135 0.692055 1.76432 -0.565578 0.690539 1.76909 -0.566026 0.689026 1.77392 -0.566484
0.6875 1.78163 -0.567223 0.685065 1.78935 -0.567977 0.682633 1.79707 -0.568745 0.680205
1.80478 -0.569527 0.677783 1.8125 -0.570322 0.675366 1.825 -0.571623 0.671485 1.83749
-0.572964 0.667601 1.84999 -0.57434 0.66374 1.86249 -0.57575 0.659901 1.875 -0.577198
0.656081 1.8875 -0.57868 0.652308 1.9 -0.580195 0.648538 1.9125 -0.581746 0.644787
1.925 -0.583336 0.641061 1.9375 -0.584959 0.637378 1.94605 -0.586087 0.634902 1.95459
-0.587238 0.632424 1.96314 -0.588406 0.62996 1.97168 -0.589592 0.627511 1.98052 -0.590836
0.625 1.98441 -0.591393 0.623901 1.98831 -0.591954 0.622805 1.99221 -0.59252 0.621711
1.9961 -0.59309 0.62062 2 -0.593663 0.619533 2.0125 -0.595514 0.616062 2.025
-0.597411 0.612609 2.0375 -0.59935 0.609189 2.05 -0.601332 0.605797 2.0625 -0.603354
0.602441 2.075 -0.605418 0.599136 2.0875 -0.607529 0.595857 2.1 -0.609685 0.592609
2.1125 -0.611885 0.589399 2.125 -0.614132 0.586225 2.13689 -0.616305 0.583254 2.14877
-0.618526 0.580311 2.16066 -0.620789 0.5774 2.17254 -0.623094 0.574522 2.1822 -0.625
0.572211 2.18326 -0.625212 0.57196 2.18432 -0.625425 0.571708 2.18538 -0.625638 0.571458
2.18644 -0.625852 0.571207 2.1875 -0.626065 0.570957 2.19468 -0.627513 0.569265 2.20186
-0.628976 0.567587 2.20904 -0.630454 0.56592 2.21622 -0.631947 0.564267 2.22396 -0.63357
0.5625 2.22917 -0.634672 0.561321 2.23438 -0.635782 0.560149 2.23958 -0.6369 0.558983
2.24479 -0.638026 0.557824 2.25 -0.639159 0.55667 2.2625 -0.641895 0.553918 2.275
-0.644674 0.5512 2.28749 -0.647492 0.548518 2.29999 -0.650349 0.545872 2.3125 -0.653245
0.54326 2.325 -0.656161 0.540693 2.3375 -0.659119 0.538162 2.34999 -0.662117 0.535666
2.36249 -0.665145 0.533207 2.375 -0.668197 0.530782 2.3875 -0.671263 0.528396 2.4
-0.674361 0.526057 2.4125 -0.67748 0.52376 2.42501 -0.680617 0.521505 2.4375 -0.683767
0.519291 2.44045 -0.684514 0.518777 2.44339 -0.685262 0.518266 2.44634 -0.68601 0.517757
2.44929 -0.686759 0.51725 2.4522 -0.6875 0.51675 2.46176 -0.689935 0.515116 2.47132
-0.692379 0.513506 2.48088 -0.694833 0.511921 2.49045 -0.697296 0.510361 2.5 -0.699762
0.508829 2.51115 -0.702636 0.507063 2.52231 -0.705523 0.505327 2.53346 -0.708412 0.503619
2.54462 -0.711304 0.501939 2.55773 -0.714701 0.5 2.55868 -0.714948 0.499862 2.55964
-0.715196 0.499724 2.56059 -0.715443 0.499586 2.56155 -0.715691 0.499449 2.5625 -0.715938
0.499312 2.575 -0.71918 0.497518 2.5875 -0.722422 0.49575 2.60001 -0.725666 0.494007
2.61252 -0.72891 0.492289 2.625 -0.732146 0.490605 2.6375 -0.735383 0.488938 2.65001
-0.738617 0.487308 2.66252 -0.741845 0.485709 2.67503 -0.745065 0.484139 2.6875 -0.748263
0.482604 2.68886 -0.74861 0.48244 2.69022 -0.748958 0.482276 2.69157 -0.749305 0.482113
2.69293 -0.749652 0.481949 2.69429 -0.75 0.481785 2.70544 -0.752847 0.480444 2.71658
-0.755693 0.479105 2.72772 -0.758539 0.477768 2.73886 -0.761384 0.476432 2.75 -0.764228
0.475102 2.775 -0.770577 0.472249 2.79999 -0.776934 0.469355 2.825 -0.78326 0.466513
2.85001 -0.789564 0.463687 2.875 -0.79582 0.460943 2.9 -0.802004 0.45839 2.925
-0.808179 0.455788 2.95 -0.814335 0.453161 2.97501 -0.820459 0.450561 3 -0.826511
0.44804 3.025 -0.832488 0.44559 3.05001 -0.838433 0.443133 3.07502 -0.844342 0.440682
3.10005 -0.850207 0.438265 3.125 -0.85601 0.435902 3.1415 -0.859808 0.434364 3.15801
-0.863587 0.432829 3.17452 -0.867347 0.43131 3.19103 -0.871088 0.429807 3.2084 -0.875
0.428243 3.21672 -0.876862 0.427501 3.22504 -0.87872 0.426761 3.23336 -0.880574 0.426023
3.24169 -0.882423 0.425287 3.25 -0.884264 0.424554 3.275 -0.889769 0.422424 3.3
-0.895251 0.42025 3.32501 -0.900693 0.418094 3.35003 -0.906097 0.415961 3.375 -0.911439
0.41387 3.4 -0.916697 0.411859 3.425 -0.921942 0.409829 3.45001 -0.927154 0.407808
3.47503 -0.932318 0.405822 3.5 -0.937433 0.403922 3.525 -0.942485 0.4022 3.55
-0.947506 0.40034 3.575 -0.95248 0.398489 3.60002 -0.957407 0.396661 3.625 -0.96228
0.394868 3.65 -0.967093 0.39315 3.675 -0.971884 0.391421 3.70001 -0.976655 0.389734
3.72503 -0.981409 0.388089 3.75 -0.986138 0.386489 3.76473 -0.98891 0.385612 3.77945
-0.991668 0.384701 3.79418 -0.994411 0.383804 3.80892 -0.997139 0.382921 3.82445 -1
0.382006 3.85956 -1.00643 0.379975 3.89469 -1.0128 0.378012 3.92982 -1.01915 0.376141
3.96495 -1.02553 0.374383 4 -1.03191 0.372743 4.05 -1.0407 0.370829 4.09995
-1.04974 0.36876 4.14992 -1.05871 0.366848 4.19989 -1.06771 0.365133 4.25 -1.07658
0.363553 4.3 -1.08486 0.362254 4.34993 -1.09353 0.360949 4.3998 -1.10259 0.359849
4.44966 -1.11173 0.358962 4.5 -1.12073 0.358771 4.55 -1.12934 0.359207 4.59999
-1.13804 0.35918 4.64995 -1.14685 0.358709 4.69992 -1.15565 0.358293 4.75 -1.16428
0.358452 4.8 -1.1727 0.359207 4.85001 -1.18111 0.359484 4.90001 -1.18953 0.359616
4.95002 -1.19796 0.359876 5 -1.20632 0.360253 5.05 -1.21463 0.361149 5.10002
-1.22281 0.361736 5.15006 -1.23094 0.362403 5.20008 -1.23912 0.363176 5.25 -1.24734
0.364062 5.25321 -1.24788 0.364126 5.25641 -1.24841 0.364191 5.25962 -1.24894 0.364256
5.26283 -1.24947 0.364321 5.26599 -1.25 0.364386 5.31279 -1.2578 0.365353 5.35959
-1.26563 0.366378 5.40638 -1.27349 0.367462 5.45318 -1.2813 0.368593 5.5 -1.28901
0.369764 5.55 -1.29726 0.371299 5.60004 -1.30531 0.372672 5.65009 -1.31325 0.374084
5.70015 -1.32117 0.37554 5.75 -1.32898 0.376968 5.8 -1.33655 0.378259 5.84999
-1.34414 0.379766 5.89997 -1.35175 0.381464 5.94996 -1.35929 0.383197 6 -1.36719
0.385195 6.05 -1.37545 0.38746 6.10008 -1.38321 0.389632 6.15024 -1.39048 0.391704
6.20042 -1.39762 0.393766 6.25 -1.40465 0.395652 6.3 -1.41173 0.397403 6.35
-1.41874 0.399438 6.4 -1.42568 0.401671 6.45001 -1.43256 0.403927 6.5 -1.43966
0.406254 6.55 -1.44719 0.408698 6.6001 -1.45406 0.411027 6.6502 -1.46092 0.413376
6.70031 -1.46775 0.415741 6.75 -1.47449 0.418105 6.7873 -1.47959 0.419811 6.82462
-1.48461 0.421595 6.86193 -1.48962 0.423387 6.89924 -1.49461 0.425185 6.93968 -1.5
0.427142 6.95175 -1.50161 0.427728 6.96381 -1.50321 0.428315 6.97587 -1.50481 0.428902
6.98794 -1.50641 0.42949 7 -1.508 0.430079 7.05 -1.51455 0.432484 7.1
-1.52107 0.434933 7.15002 -1.52748 0.437386 7.20005 -1.53378 0.439845 7.25 -1.53995
0.442303 7.3 -1.54626 0.444757 7.35004 -1.55225 0.447238 7.40008 -1.55815 0.449719
7.45014 -1.56401 0.452195 7.5 -1.5698 0.454664 7.55 -1.57553 0.456968 7.59998
-1.58132 0.459439 7.64997 -1.58709 0.461926 7.69996 -1.59282 0.464414 7.75 -1.59852
0.466905 7.8 -1.60438 0.469399 7.85003 -1.60994 0.471916 7.90006 -1.61551 0.474433
7.95009 -1.62109 0.476957 8 -1.62669 0.479498 8.0821 -1.63605 0.483599 8.16421
-1.64542 0.487572 8.24631 -1.65478 0.491617 8.32843 -1.66404 0.495696 8.42268 -1.67439
0.5 8.43815 -1.67603 0.500636 8.45361 -1.67768 0.501262 8.46908 -1.67931 0.501877
8.48454 -1.68095 0.502481 8.5 -1.68257 0.503074 8.6 -1.69311 0.506822 8.70002
-1.70353 0.51029 8.80005 -1.71398 0.513566 8.90006 -1.72456 0.516817 9 -1.73538
0.520227 9.1 -1.74673 0.52368 9.2 -1.75806 0.527325 9.29997 -1.76963 0.530883
9.39992 -1.78137 0.534393 9.5 -1.79313 0.537934 9.6 -1.80512 0.540962 9.70003
-1.81657 0.544857 9.8001 -1.82771 0.54888 9.90022 -1.83825 0.552964 10 -1.84815
0.557087 10.2 -1.86923 0.56319 10.4 -1.89031 0.569071 10.6004 -1.90765 0.573887
10.8012 -1.92012 0.577411 11 -1.92809 0.579613 11.2 -1.92979 0.580471 11.3999
-1.935 0.581553 11.5999 -1.94002 0.582555 11.7998 -1.94485 0.583486 12 -1.94946
0.584482 12.2 -1.95135 0.58534 12.4 -1.95554 0.586171 12.5999 -1.95958 0.586934
12.7999 -1.96346 0.587634 13 -1.96718 0.588394 13.2 -1.96919 0.58919 13.4
-1.97259 0.589853 13.6 -1.97587 0.590441 13.8 -1.97905 0.590958 14 -1.98211
0.591528 14.2 -1.98424 0.592183 14.4 -1.98703 0.592735 14.6 -1.98975 0.593272
14.8 -1.99244 0.593796 15 -1.99667 0.594401 -1.001 1e-07 1.0011 -1.001
8e-08 1.0011 -1.001 6e-08 1.0011 -1.001 3.99999e-08 1.0011 -1.001 1.99998e-08
1.0011 -1.001 1.49267e-17 1.0011 -1.0008 -9.01832e-06 1.00112 -1.0006 -1.80425e-05 1.00114
-1.0004 -2.70725e-05 1.00116 -1.0002 -3.61083e-05 1.00118 -1 -4.51505e-05 1.0012 -0.9875
-0.000611932 1.00247 -0.975007 -0.00121593 1.00379 -0.962522 -0.00185795 1.00516 -0.950044 -0.00253839
1.00659 -0.9375 -0.00326201 1.00808 -0.925 -0.00402399 1.00961 -0.912516 -0.0048566 1.01124
-0.900049 -0.0057664 1.01296 -0.887602 -0.00675413 1.01477 -0.875 -0.00783606 1.01671 -0.8625
-0.00901032 1.01877 -0.85004 -0.0103182 1.02099 -0.837628 -0.0117747 1.02337 -0.825263 -0.0133786
1.0259 -0.8125 -0.015197 1.02869 -0.8 -0.0171873 1.03163 -0.787588 -0.0194039 1.03477
-0.775267 -0.0218384 1.03811 -0.763047 -0.0244889 1.04164 -0.75 -0.0275745 1.04563 -0.739577
-0.030264 1.04901 -0.729254 -0.0331483 1.05252 -0.719014 -0.0361845 1.05616 -0.708857 -0.0393677
1.05989 -0.702022 -0.0416373 1.0625 -0.699117 -0.042639 1.06364 -0.696222 -0.0436557 1.06478
-0.693336 -0.0446874 1.06594 -0.69046 -0.0457339 1.0671 -0.6875 -0.0468271 1.06831 -0.679113
-0.0499617 1.07177 -0.670798 -0.0532134 1.07529 -0.662542 -0.0565574 1.07886 -0.654336 -0.0599793
1.08248 -0.648461 -0.0625 1.08511 -0.643769 -0.0645544 1.08724 -0.639098 -0.0666429 1.08939
-0.634447 -0.0687654 1.09154 -0.629817 -0.0709217 1.09371 -0.625 -0.0732005 1.09598 -0.612746
-0.0790672 1.10178 -0.600632 -0.085159 1.10765 -0.588626 -0.0914285 1.11355 -0.576673 -0.0978077
1.11944 -0.565407 -0.103967 1.125 -0.564825 -0.104292 1.12529 -0.564244 -0.104617 1.12557
-0.563663 -0.104943 1.12586 -0.563083 -0.10527 1.12615 -0.5625 -0.105597 1.12644 -0.5556
-0.109478 1.12984 -0.548717 -0.113402 1.13323 -0.541845 -0.117365 1.13659 -0.534977 -0.12135
1.13994 -0.528697 -0.125 1.14298 -0.522957 -0.12834 1.14573 -0.517224 -0.131705 1.14848
-0.511496 -0.135096 1.15119 -0.50577 -0.138516 1.15388 -0.5 -0.141955 1.15655 -0.4875
-0.149378 1.16226 -0.475006 -0.15691 1.16784 -0.462496 -0.164518 1.17328 -0.449909 -0.172121
1.17854 -0.4375 -0.179573 1.18352 -0.435435 -0.180802 1.18432 -0.433369 -0.182032 1.18511
-0.431301 -0.183262 1.1859 -0.429231 -0.184492 1.18668 -0.427036 -0.185793 1.1875 -0.426459
-0.186134 1.18771 -0.425882 -0.186476 1.18793 -0.425304 -0.186817 1.18814 -0.424727 -0.187159
1.18835 -0.424149 -0.1875 1.18857 -0.414319 -0.1933 1.19218 -0.404438 -0.199086 1.19568
-0.394507 -0.204852 1.19906 -0.384528 -0.2106 1.20233 -0.375 -0.216012 1.20532 -0.362772
-0.222809 1.20899 -0.350487 -0.22961 1.21245 -0.338137 -0.236391 1.21572 -0.325684 -0.243061
1.21883 -0.3125 -0.249965 1.22189 -0.312486 -0.249972 1.22189 -0.312472 -0.249979 1.2219
-0.312459 -0.249986 1.2219 -0.312445 -0.249993 1.2219 -0.312431 -0.25 1.2219 -0.299945
-0.25639 1.22459 -0.287382 -0.262708 1.22708 -0.274748 -0.268956 1.22937 -0.262047 -0.275137
1.23148 -0.25 -0.280843 1.2333 -0.2375 -0.286594 1.23503 -0.224946 -0.292274 1.23659
-0.212328 -0.297854 1.23799 -0.199647 -0.303329 1.23923 -0.1875 -0.308449 1.24026 -0.185523
-0.309259 1.2404 -0.183545 -0.310068 1.24054 -0.181566 -0.310875 1.24068 -0.179585 -0.311679
1.24082 -0.177554 -0.3125 1.24095 -0.167043 -0.316729 1.24163 -0.156501 -0.320895 1.24219
-0.145929 -0.324998 1.24265 -0.135324 -0.329026 1.24301 -0.125 -0.332866 1.24327 -0.1125
-0.337394 1.24349 -0.0999684 -0.341839 1.24357 -0.087403 -0.346188 1.24353 -0.0748053 -0.35044
1.24336 -0.0624999 -0.354487 1.24308 -0.0499999 -0.358482 1.24268 -0.0374785 -0.362395 1.24216
-0.0249344 -0.366219 1.24153 -0.0123701 -0.369955 1.24079 1.32523e-07 -0.373538 1.23996 0.00103824
-0.373831 1.23988 0.00207638 -0.374123 1.2398 0.00311465 -0.374414 1.23972 0.00415305 -0.374705
1.23964 0.00521074 -0.375 1.23956 0.0166686 -0.378191 1.23866 0.0281387 -0.381313 1.23768
0.0396189 -0.38437 1.23661 0.051108 -0.387362 1.23545 0.0625002 -0.390262 1.23423 0.0750002
-0.393347 1.23284 0.0875028 -0.396369 1.23134 0.10001 -0.399323 1.22974 0.112523 -0.402208
1.22806 0.125 -0.405005 1.22633 0.1375 -0.407723 1.22453 0.15 -0.410382 1.22264
0.1625 -0.412985 1.22067 0.175001 -0.415523 1.21864 0.187501 -0.417986 1.21657 0.200001
-0.420374 1.21445 0.212494 -0.422717 1.21226 0.224987 -0.425005 1.21 0.237481 -0.427234
1.20768 0.25 -0.429411 1.20531 0.259566 -0.431028 1.20346 0.26913 -0.432619 1.20158
0.278693 -0.434181 1.19968 0.288256 -0.435712 1.19775 0.29963 -0.437499 1.19542 0.302204
-0.437894 1.19488 0.304778 -0.438287 1.19434 0.307352 -0.438678 1.1938 0.309926 -0.439067
1.19326 0.312501 -0.439454 1.19272 0.317421 -0.44019 1.19167 0.32234 -0.44092 1.19062
0.327259 -0.441643 1.18956 0.332178 -0.44236 1.1885 0.336811 -0.44303 1.1875 0.344449
-0.444124 1.18584 0.352086 -0.445203 1.18416 0.359722 -0.446267 1.18247 0.367356 -0.447315
1.18076 0.375001 -0.448349 1.17904 0.387501 -0.450017 1.1762 0.399994 -0.45165 1.17332
0.412485 -0.453249 1.17041 0.424973 -0.454814 1.16747 0.437501 -0.456349 1.1645 0.450001
-0.457844 1.16153 0.462492 -0.459315 1.15851 0.474976 -0.460761 1.15545 0.487458 -0.462182
1.15237 0.500001 -0.463585 1.14926 0.512501 -0.464956 1.14616 0.524994 -0.466306 1.14302
0.537482 -0.467637 1.13986 0.549969 -0.46895 1.13668 0.562502 -0.470245 1.13347 0.569113
-0.470916 1.13177 0.575722 -0.47158 1.13007 0.58233 -0.472236 1.12836 0.588937 -0.472884
1.12664 0.595236 -0.473495 1.125 0.601189 -0.474064 1.12344 0.607142 -0.474629 1.12188
0.613094 -0.475187 1.12032 0.619045 -0.475741 1.11874 0.625004 -0.476291 1.11717 0.637503
-0.477439 1.11385 0.650001 -0.478531 1.11051 0.662496 -0.479574 1.10715 0.674987 -0.480579
1.10376 0.687502 -0.481546 1.10035 0.700001 -0.482469 1.09693 0.712497 -0.483328 1.09349
0.724989 -0.484137 1.09002 0.737478 -0.484904 1.08652 0.749998 -0.485627 1.08301 0.762498
-0.486293 1.07949 0.774987 -0.486913 1.07593 0.787471 -0.487496 1.07234 0.799951 -0.488045
1.06873 0.812497 -0.488561 1.06509 0.814275 -0.488627 1.06457 0.816053 -0.488692 1.06405
0.817831 -0.488757 1.06353 0.819609 -0.488821 1.06301 0.821372 -0.488884 1.0625 0.832097
-0.489264 1.05936 0.842817 -0.489626 1.0562 0.853532 -0.489971 1.05302 0.864241 -0.490299
1.04982 0.874998 -0.490608 1.04659 0.887499 -0.490934 1.04282 0.899987 -0.491245 1.03902
0.91247 -0.491539 1.03519 0.924945 -0.491814 1.03134 0.9375 -0.492064 1.02743 0.95
-0.492286 1.02354 0.962486 -0.492495 1.0196 0.974966 -0.492683 1.01563 0.987438 -0.49285
1.01165 0.999999 -0.492999 1.0076 1.00471 -0.493045 1.00608 1.00941 -0.49309 1.00455
1.01412 -0.493131 1.00302 1.01882 -0.493168 1.00149 1.0234 -0.4932 0.999998 1.03122
-0.49325 0.997442 1.03903 -0.49329 0.994875 1.04685 -0.493321 0.992297 1.05466 -0.493342
0.989708 1.0625 -0.493352 0.9871 1.075 -0.493345 0.982946 1.08749 -0.493313 0.978759
1.09997 -0.49326 0.974554 1.11245 -0.493187 0.970333 1.125 -0.493093 0.966069 1.1375
-0.492967 0.96182 1.14999 -0.492843 0.957542 1.16247 -0.492714 0.953251 1.17495 -0.49258
0.948945 1.1875 -0.49244 0.944602 1.1916 -0.492392 0.943181 1.1957 -0.492345 0.941757
1.1998 -0.492298 0.940331 1.2039 -0.492251 0.938905 1.20794 -0.492206 0.937499 1.21635
-0.492112 0.934572 1.22476 -0.492018 0.931637 1.23317 -0.491925 0.928695 1.24157 -0.491832
0.925748 1.25 -0.491741 0.922789 1.2625 -0.491618 0.918415 1.27499 -0.491508 0.914017
1.28748 -0.491412 0.909615 1.29997 -0.491329 0.905207 1.3125 -0.491262 0.900775 1.325
-0.491198 0.896373 1.33749 -0.491173 0.891942 1.34998 -0.491167 0.887505 1.36246 -0.491181
0.883061 1.375 -0.491212 0.878594 1.37702 -0.49122 0.877875 1.37905 -0.491228 0.877156
1.38107 -0.491236 0.876436 1.3831 -0.491245 0.875717 1.38512 -0.491254 0.875 1.3956
-0.491305 0.871283 1.40607 -0.491367 0.867561 1.41654 -0.49144 0.863833 1.42701 -0.491525
0.860105 1.4375 -0.491624 0.856375 1.45 -0.491767 0.851955 1.46249 -0.491928 0.847521
1.47499 -0.492111 0.843095 1.48749 -0.492317 0.838674 1.5 -0.492547 0.834252 1.51243
-0.492791 0.829902 1.52485 -0.493073 0.825528 1.53727 -0.493381 0.821161 1.54969 -0.493714
0.816802 1.56199 -0.494067 0.8125 1.56209 -0.49407 0.812465 1.5622 -0.494073 0.81243
1.5623 -0.494076 0.812395 1.5624 -0.494079 0.81236 1.5625 -0.494082 0.812325 1.575
-0.494463 0.807989 1.5875 -0.49487 0.803657 1.6 -0.495302 0.799339 1.61251 -0.495762
0.795038 1.625 -0.496248 0.790764 1.6375 -0.496766 0.78652 1.65 -0.49731 0.782287
1.66251 -0.497881 0.778076 1.67503 -0.49848 0.773884 1.6875 -0.499108 0.769723 1.69089
-0.499286 0.768598 1.69428 -0.499467 0.767473 1.69767 -0.49965 0.76635 1.70106 -0.499836
0.765229 1.70404 -0.5 0.764247 1.71268 -0.500482 0.761398 1.72132 -0.500979 0.758558
1.72996 -0.501491 0.755728 1.73861 -0.502017 0.752907 1.74756 -0.502576 0.75 1.74805
-0.502607 0.749842 1.74854 -0.502639 0.749684 1.74902 -0.50267 0.749527 1.74951 -0.502702
0.749369 1.75 -0.502733 0.749211 1.7625 -0.503543 0.745174 1.775 -0.504386 0.741155
1.78751 -0.50526 0.737163 1.80003 -0.506166 0.733198 1.8125 -0.5071 0.729277 1.825
-0.508058 0.725399 1.8375 -0.509053 0.721525 1.85001 -0.510076 0.717684 1.86252 -0.511131
0.713872 1.875 -0.512218 0.710095 1.8875 -0.513337 0.706371 1.9 -0.514481 0.702652
1.9125 -0.515656 0.698962 1.92502 -0.516863 0.695312 1.9375 -0.5181 0.691715 1.94047
-0.5184 0.690872 1.94344 -0.518702 0.690029 1.94641 -0.519006 0.689188 1.94938 -0.519312
0.68835 1.9524 -0.519624 0.6875 1.96192 -0.520613 0.684829 1.97144 -0.52162 0.682174
1.98097 -0.522646 0.679538 1.9905 -0.52369 0.67692 2 -0.52475 0.67433 2.0125
-0.526166 0.670971 2.025 -0.527616 0.66763 2.03751 -0.529098 0.664317 2.05002 -0.530609
0.66104 2.0625 -0.532155 0.657825 2.075 -0.53374 0.654663 2.0875 -0.535351 0.651532
2.10001 -0.53699 0.648429 2.11252 -0.538664 0.645365 2.125 -0.540366 0.642357 2.1375
-0.542102 0.639388 2.15001 -0.543872 0.636464 2.16252 -0.545678 0.633581 2.17503 -0.547521
0.630738 2.1875 -0.549394 0.627944 2.19016 -0.549801 0.627355 2.19282 -0.55021 0.626768
2.19548 -0.55062 0.626182 2.19814 -0.551031 0.625597 2.20086 -0.551454 0.625 2.21069
-0.552987 0.622848 2.22052 -0.554542 0.620721 2.23035 -0.55612 0.618621 2.24018 -0.55772
0.616546 2.25 -0.55934 0.614497 2.25377 -0.559972 0.613716 2.25755 -0.560608 0.612938
2.26132 -0.561246 0.612164 2.26509 -0.561887 0.611392 2.26868 -0.5625 0.61066 2.27745
-0.564003 0.608882 2.28621 -0.565523 0.607121 2.29498 -0.567061 0.605378 2.30374 -0.568617
0.603652 2.3125 -0.570192 0.60194 2.325 -0.57246 0.59952 2.3375 -0.574769 0.597137
2.35 -0.577114 0.594784 2.3625 -0.579494 0.592462 2.375 -0.581906 0.590164 2.3875
-0.584342 0.587877 2.4 -0.586815 0.585642 2.41251 -0.589322 0.583458 2.42501 -0.591859
0.581301 2.4375 -0.594413 0.579172 2.45 -0.596985 0.577067 2.4625 -0.59959 0.575003
2.475 -0.602225 0.572964 2.4875 -0.604877 0.570959 2.5 -0.607546 0.56899 2.50831
-0.609332 0.567692 2.51662 -0.611124 0.566417 2.52493 -0.612923 0.565156 2.53324 -0.614727
0.563908 2.54272 -0.616791 0.5625 2.54668 -0.617655 0.56192 2.55063 -0.61852 0.561344
2.55459 -0.619387 0.560771 2.55855 -0.620255 0.560202 2.5625 -0.621123 0.559637 2.56602
-0.621898 0.559134 2.56955 -0.622675 0.558636 2.57307 -0.623451 0.558139 2.5766 -0.624228
0.557645 2.5801 -0.625 0.557156 2.58908 -0.626981 0.555909 2.59806 -0.628965 0.554677
2.60704 -0.630953 0.55346 2.61603 -0.632944 0.552259 2.625 -0.634936 0.551074 2.6375
-0.637715 0.549426 2.65001 -0.640488 0.54783 2.66252 -0.643263 0.546257 2.67503 -0.646041
0.544707 2.6875 -0.648809 0.543179 2.7 -0.651585 0.541653 2.71251 -0.654353 0.540162
2.72502 -0.657114 0.538702 2.73753 -0.65987 0.537261 2.75 -0.662619 0.535806 2.7625
-0.665379 0.534328 2.77501 -0.668117 0.532902 2.78753 -0.670838 0.531511 2.80005 -0.673549
0.53013 2.8125 -0.676234 0.528764 2.82296 -0.678487 0.527611 2.83342 -0.680728 0.526472
2.84388 -0.682959 0.525337 2.85435 -0.685181 0.524206 2.86532 -0.6875 0.523023 2.86725
-0.687907 0.522815 2.86919 -0.688314 0.522606 2.87113 -0.688721 0.522398 2.87306 -0.689128
0.522191 2.875 -0.689534 0.521983 2.8875 -0.692155 0.520643 2.9 -0.694761 0.519309
2.91251 -0.697352 0.517978 2.92502 -0.699929 0.516651 2.9375 -0.702485 0.515332 2.95
-0.705037 0.514002 2.96251 -0.707565 0.512685 2.97502 -0.710079 0.511369 2.98753 -0.712581
0.510052 3 -0.715063 0.508738 3.0125 -0.717546 0.507417 3.02501 -0.720005 0.5061
3.03751 -0.722451 0.50478 3.05002 -0.724878 0.503463 3.0625 -0.727276 0.502155 3.06662
-0.728063 0.501724 3.07075 -0.728848 0.501294 3.07487 -0.729631 0.500863 3.07899 -0.730413
0.500432 3.08313 -0.731196 0.5 3.0915 -0.73278 0.499124 3.09988 -0.734358 0.498249
3.10825 -0.735929 0.497373 3.11663 -0.737493 0.496498 3.125 -0.739048 0.495624 3.13681
-0.741238 0.494383 3.14863 -0.743403 0.493152 3.16045 -0.745544 0.491925 3.17228 -0.747668
0.490701 3.18539 -0.75 0.489347 3.19831 -0.752276 0.488017 3.21123 -0.754542 0.486688
3.22416 -0.7568 0.485359 3.23709 -0.759051 0.484032 3.25 -0.76129 0.482706 3.275
-0.765591 0.480155 3.30001 -0.769837 0.477615 3.32504 -0.774005 0.475096 3.35007 -0.778121
0.472594 3.375 -0.782188 0.470118 3.4 -0.786194 0.467677 3.425 -0.790178 0.465236
3.45002 -0.794101 0.462817 3.47504 -0.797974 0.460421 3.5 -0.801779 0.458075 3.525
-0.805518 0.455777 3.55 -0.809225 0.453477 3.57501 -0.812901 0.451173 3.60003 -0.816533
0.448894 3.625 -0.820107 0.446684 3.65 -0.823652 0.444523 3.675 -0.827166 0.442358
3.70001 -0.830646 0.440194 3.72503 -0.834085 0.43806 3.75 -0.837468 0.435996 3.775
-0.840801 0.434008 3.8 -0.844096 0.432005 3.82501 -0.847351 0.430017 3.85003 -0.850574
0.428063 3.875 -0.853761 0.426146 3.9 -0.856909 0.424321 3.925 -0.860031 0.422482
3.95001 -0.863131 0.42068 3.97502 -0.866207 0.418916 4 -0.869243 0.417186 4.00964
-0.870394 0.416539 4.01928 -0.871545 0.415889 4.02892 -0.872691 0.415243 4.03857 -0.873832
0.414602 4.04849 -0.875 0.413946 4.06379 -0.876797 0.412944 4.07909 -0.878584 0.411956
4.0944 -0.880363 0.410982 4.10971 -0.882132 0.410022 4.125 -0.883891 0.409078 4.15
-0.886739 0.407572 4.175 -0.889572 0.406082 4.20001 -0.892382 0.404628 4.22502 -0.895168
0.403209 4.25 -0.897923 0.401827 4.275 -0.900664 0.400621 4.3 -0.903356 0.399297
4.325 -0.906022 0.398009 4.35001 -0.908663 0.39676 4.375 -0.911273 0.395552 4.4
-0.913837 0.39441 4.425 -0.916392 0.393269 4.45001 -0.918917 0.392159 4.47502 -0.921411
0.391079 4.5 -0.923894 0.390038 4.525 -0.926373 0.389124 4.55 -0.9288 0.388139
4.57501 -0.93119 0.387178 4.60002 -0.933549 0.386236 4.625 -0.935875 0.385315 4.65
-0.938164 0.38442 4.675 -0.940434 0.383529 4.70001 -0.942675 0.382642 4.72501 -0.944906
0.381774 4.75 -0.947134 0.380934 4.775 -0.949364 0.38015 4.8 -0.951554 0.37934
4.82501 -0.95371 0.378537 4.85002 -0.955832 0.377741 4.875 -0.957927 0.376944 4.88716
-0.958935 0.376555 4.89931 -0.95994 0.376164 4.91147 -0.960942 0.375771 4.92363 -0.961941
0.375375 4.93519 -0.962892 0.375 4.94815 -0.96396 0.374583 4.96111 -0.965033 0.37417
4.97408 -0.966109 0.37376 4.98704 -0.96719 0.373354 5 -0.968274 0.372952 5.025
-0.970378 0.372176 5.05 -0.972461 0.371399 5.075 -0.974527 0.370615 5.10001 -0.976575
0.369825 5.125 -0.978605 0.369028 5.15 -0.980672 0.368213 5.175 -0.982726 0.367401
5.2 -0.984811 0.366598 5.225 -0.986926 0.365805 5.25 -0.989074 0.365022 5.27459
-0.991259 0.364235 5.29919 -0.993419 0.363452 5.32378 -0.995591 0.362653 5.34837 -0.997776
0.361838 5.37324 -1 0.360999 5.39859 -1.0023 0.360131 5.42394 -1.00467 0.359276
5.44928 -1.00711 0.35844 5.47461 -1.00961 0.357622 5.5 -1.01217 0.356821 5.55
-1.01739 0.355353 5.6 -1.02264 0.353828 5.64998 -1.02799 0.352297 5.69993 -1.03362
0.350804 5.75 -1.03954 0.349405 5.8 -1.04602 0.348291 5.85003 -1.05225 0.347034
5.90004 -1.0586 0.345783 5.95002 -1.06523 0.344576 6 -1.07227 0.343543 6.05
-1.08017 0.34286 6.10005 -1.0877 0.342027 6.15014 -1.09501 0.341086 6.2002 -1.10248
0.340161 6.25 -1.10963 0.338992 6.3 -1.11686 0.337723 6.34998 -1.12422 0.336556
6.39991 -1.13201 0.335626 6.44982 -1.13988 0.334679 6.5 -1.14835 0.333921 6.55
-1.15751 0.33343 6.6001 -1.16611 0.332672 6.65025 -1.17437 0.331742 6.70036 -1.18284
0.330863 6.75 -1.19164 0.330135 6.8 -1.20121 0.329672 6.85009 -1.2103 0.328973
6.90014 -1.2196 0.328331 6.95015 -1.22913 0.327751 7 -1.23884 0.327246 7.01103
-1.24108 0.327165 7.02206 -1.24329 0.327076 7.03309 -1.24552 0.326992 7.04412 -1.24776
0.326913 7.0551 -1.25 0.326839 7.09408 -1.258 0.326593 7.13307 -1.26599 0.326377
7.17205 -1.27395 0.326183 7.21105 -1.28189 0.326008 7.25 -1.28979 0.325855 7.3
-1.30012 0.325583 7.35004 -1.31023 0.325487 7.40009 -1.32032 0.325438 7.45014 -1.33039
0.325436 7.5 -1.3407 0.325504 7.55 -1.35161 0.325666 7.6001 -1.36207 0.325812
7.65023 -1.37232 0.32596 7.70036 -1.38263 0.326138 7.75 -1.39305 0.326274 7.8
-1.40391 0.326306 7.85006 -1.41451 0.326541 7.90014 -1.42497 0.326907 7.95022 -1.43548
0.327299 8 -1.44623 0.327754 8.04737 -1.45698 0.328289 8.09482 -1.46734 0.328882
8.14226 -1.47781 0.329488 8.18966 -1.48839 0.33011 8.24116 -1.5 0.330777 8.29293
-1.51182 0.3314 8.34469 -1.52366 0.332138 8.39645 -1.53551 0.333012 8.44821 -1.54732
0.334008 8.5 -1.55908 0.335124 8.6 -1.58163 0.337296 8.69991 -1.60453 0.339818
8.79985 -1.62733 0.342411 8.89975 -1.65025 0.345213 9 -1.66825 0.347342 9.1
-1.67679 0.347593 9.19885 -1.69404 0.349523 9.2967 -1.71619 0.352446 9.39457 -1.73823
0.35548 9.5 -1.75765 0.358666 9.6 -1.76648 0.361296 9.69878 -1.78428 0.364511
9.79689 -1.80542 0.368077 9.89514 -1.8259 0.371752 10 -1.84474 0.375321 10.2
-1.86233 0.378875 10.4 -1.88015 0.38252 10.6 -1.89691 0.386331 10.8005 -1.90892
0.388894 11 -1.91657 0.390195 11.2 -1.91766 0.390176 11.3999 -1.92279 0.390405
11.5999 -1.92772 0.390559 11.7998 -1.93242 0.390774 12 -1.9369 0.39105 12.2
-1.9381 0.391151 12.4 -1.94217 0.391222 12.5999 -1.94609 0.391228 12.7999 -1.94983
0.391291 13 -1.95341 0.39141 13.2 -1.95468 0.39156 13.4 -1.95794 0.391546
13.6 -1.9611 0.391461 13.7999 -1.96412 0.391426 14 -1.96702 0.391441 14.2
-1.96836 0.391568 14.4 -1.97097 0.391512 14.6 -1.97358 0.391441 14.7999 -1.97771
0.39144 15 -1.98334 0.39154 
LINES 20 12125
136 0 1 2 3 4 5 6 7 8 9
10 11 12 13 14 15 16 17 18 19
20 21 22 23 24 25 26 27 28 29
30 31 32 33 34 35 36 37 38 39
40 41 42 43 44 45 46 47 48 49
50 51 52 53 54 55 56 57 58 59
60 61 62 63 64 65 66 67 68 69
70 71 72 73 74 75 76 77 78 79
80 81 82 83 84 85 86 87 88 89
90 91 92 93 94 95 96 97 98 99
100 101 102 103 104 105 106 107 108 109
110 111 112 113 114 115 116 117 118 119
120 121 122 123 124 125 126 127 128 129
130 131 132 133 134 135 171 136 137 138
139 140 141 142 143 144 145 146 147 148
149 150 151 152 153 154 155 156 157 158
159 160 161 162 163 164 165 166 167 168
169 170 171 172 173 174 175 176 177 178
179 180 181 182 183 184 185 186 187 188
189 190 191 192 193 194 195 196 197 198
199 200 201 202 203 204 205 206 207 208
209 210 211 212 213 214 215 216 217 218
219 220 221 222 223 224 225 226 227 228
229 230 231 232 233 234 235 236 237 238
239 240 241 242 243 244 245 246 247 248
249 250 251 252 253 254 255 256 257 258
259 260 261 262 263 264 265 266 267 268
269 270 271 272 273 274 275 276 277 278
279 280 281 282 283 284 285 286 287 288
289 290 291 292 293 294 295 296 297 298
299 300 301 302 303 304 305 306 146 307
308 309 310 311 312 313 314 315 316 317
318 319 320 321 322 323 324 325 326 327
328 329 330 331 332 333 334 335 336 337
338 339 340 341 342 343 344 345 346 347
348 349 350 351 352 353 354 355 356 357
358 359 360 361 362 363 364 365 366 367
368 369 370 371 372 373 374 375 376 377
378 379 380 381 382 383 384 385 386 387
388 389 390 391 392 393 394 395 396 397
398 399 400 401 402 403 404 405 406 407
408 409 410 411 412 413 414 415 416 417
418 419 420 421 422 423 424 425 426 427
428 429 430 431 432 433 434 435 436 437
438 439 440 441 442 443 444 445 446 447
448 449 450 451 452 876 453 454 455 456
457 458 459 460 461 462 463 464 465 466
467 468 469 470 471 472 473 474 475 476
477 478 479 480 481 482 483 484 485 486
487 488 489 490 491 492 493 494 495 496
497 498 499 500 501 502 503 504 505 506
507 508 509 510 511 512 513 514 515 516
517 518 519 520 521 522 523 524 525 526
527 528 529 530 531 532 533 534 535 536
537 538 539 540 541 542 543 544 545 546
547 548 549 550 551 552 553 554 555 556
557 558 559 560 561 562 563 564 565 566
567 568 569 570 571 572 573 574 575 576
577 578 579 580 581 582 583 584 585 586
587 588 589 590 591 592 593 594 595 596
597 598 599 600 601 602 603 604 605 606
607 608 609 610 611 612 613 614 615 616
617 618 619 620 621 622 623 624 625 626
627 628 629 630 631 632 633 634 635 636
637 638 639 640 641 642 643 644 645 646
647 648 649 650 651 652 653 654 655 656
657 658 659 660 661 662 663 664 665 666
667 668 669 670 671 672 673 674 675 676
677 678 679 680 681 682 683 684 685 686
687 688 689 690 691 692 693 694 695 696
697 698 699 700 701 702 703 704 705 706
707 708 709 710 711 712 713 714 715 716
717 718 719 720 721 722 723 724 725 726
727 728 729 730 731 732 733 734 735 736
737 738 739 740 741 742 743 744 745 746
747 748 749 750 751 752 753 754 755 756
757 758 759 760 761 762 763 764 765 766
767 768 769 770 771 772 773 774 775 776
777 778 779 780 781 782 783 784 785 786
787 788 789 790 791 792 793 794 795 796
797 798 799 800 801 802 803 804 805 806
807 808 809 810 811 812 813 814 815 816
817 818 819 820 821 822 823 824 825 826
827 828 829 830 831 832 833 834 835 836
837 838 839 840 841 842 843 844 845 846
847 848 849 850 851 852 853 854 855 856
857 858 859 860 861 862 863 864 865 866
867 868 869 870 871 872 873 874 875 876
877 878 879 880 881 882 883 884 885 886
887 888 889 890 891 892 893 894 895 896
897 898 899 900 901 902 903 904 905 906
907 908 909 910 911 912 913 914 915 916
917 918 919 920 921 922 923 924 925 926
927 928 929 930 931 932 933 934 935 936
937 938 939 940 941 942 943 944 945 946
947 948 949 950 951 952 953 954 955 956
957 958 959 960 961 962 963 964 965 966
967 968 969 970 971 972 973 974 975 976
977 978 979 980 981 982 983 984 985 986
987 988 989 990 991 992 993 994 995 996
997 998 999 1000 1001 1002 1003 1004 1005 1006
1007 1008 1009 1010 1011 1012 1013 1014 1015 1016
1017 1018 1019 1020 1021 1022 1023 1024 1025 1026
1027 1028 1029 1030 1031 1032 1033 1034 1035 1036
1037 1038 1039 1040 1041 1042 1043 1044 1045 1046
1047 1048 1049 1050 1051 1052 1053 1054 1055 1056
1057 1058 1059 1060 1061 1062 1063 1064 1065 1066
1067 1068 1069 1070 1071 1072 1073 1074 1075 1076
1077 1078 1079 1080 1081 1082 1083 1084 1085 1086
1087 1088 1089 1090 1091 1092 1093 1094 1095 1096
1097 1098 1099 1100 1101 1102 1103 1104 1105 1106
1107 1108 1109 1110 1111 1112 1113 1114 1115 1116
1117 1118 1119 1120 1121 1122 1123 1124 1125 1126
1127 1128 1129 1130 1131 1132 1133 1134 1135 1136
1137 1138 1139 1140 1141 1142 1143 1144 1145 1146
1147 1148 1149 1150 1151 1152 1153 1154 1155 1156
1157 1158 1159 1160 1161 1162 1163 1164 1165 1166
1167 1168 1169 1170 1171 1172 1173 1174 1175 1176
1177 1178 1179 1180 1181 1182 1183 1184 1185 1186
1187 1188 1189 1190 1191 1192 1193 1194 1195 1196
1197 1198 1199 1200 1201 1202 1203 1204 1205 1206
1207 1208 1209 1210 1211 1212 1213 1214 1215 1216
1217 1218 1219 1220 1221 1222 1223 1224 1225 1226
1227 1228 1229 1230 1231 1232 1233 1234 1235 1236
1237 1238 1239 1240 1241 1242 1243 1244 1245 1246
1247 1248 1249 1250 1251 1252 1253 1254 1255 1256
1257 1258 1259 1260 1261 1262 1263 1264 1265 1266
1267 1268 1269 1270 1271 1272 1273 1274 1275 1276
1277 1278 1279 1280 1281 1282 1283 1284 1285 1286
1287 1288 1289 1290 1291 1292 1293 1294 1295 1296
1297 1298 1299 1300 1301 1302 1303 1304 1305 1306
1307 1308 1309 1310 1311 1312 1313 1314 1315 1316
1317 1318 1319 1320 1321 1322 1323 1324 1325 1326
1327 1328 791 1329 1330 1331 1332 1333 1334 1335
1336 1337 1338 1339 1340 1341 1342 1343 1344 1345
1346 1347 1348 1349 1350 1351 1352 1353 1354 1355
1356 1357 1358 1359 1360 1361 1362 1363 1364 1365
1366 1367 1368 1369 1370 1371 1372 1373 1374 1375
1376 1377 1378 1379 1380 1381 1382 1383 1384 1385
1386 1387 1388 1389 1390 1391 1392 1393 1394 1395
1396 1397 1398 1399 1400 1401 1402 1403 1404 1405
1406 1407 1408 1409 1410 1411 1412 1413 1414 1415
1416 1417 1418 1419 1420 1421 1422 1423 1424 1425
1426 1427 1428 1429 1430 1431 1432 1433 1434 1435
1436 1437 1438 1439 1440 1441 1442 1443 1444 1445
1446 1447 1448 1449 1450 1451 1452 1453 1454 1455
1456 1457 1458 1459 1460 1461 1462 1463 1464 1465
1466 1467 1468 1469 1470 1471 1472 1473 1474 1475
1476 1477 1478 1479 1480 1481 1482 1483 1484 1485
1486 1487 1488 1489 1490 1491 1492 1493 1494 1495
1496 1497 1498 1499 1500 1501 1502 1503 1504 1505
1506 1507 1508 1509 1510 1511 1512 1513 1514 1515
1516 1517 1518 1519 1520 1521 1522 1523 1524 1525
1526 1527 1528 1529 1530 1531 1532 1533 1534 1535
1536 1537 1538 1539 1540 1541 1542 1543 1544 1545
1546 1547 1548 1549 1550 1551 1552 1553 1554 1555
1556 1557 1558 1559 1560 1561 1562 1563 1564 1565
1566 1567 1568 1569 1570 1571 1572 1573 1574 1575
1576 1577 1578 1579 1580 1581 1582 1583 1584 1585
1586 1587 1588 1589 1590 1591 1592 1593 1594 1595
1596 1597 1598 1599 1600 1601 1602 1603 1604 1605
1606 1607 1608 1609 1610 1611 1612 1613 1614 1615
1616 1617 1618 1619 1620 1621 1622 1623 1624 1625
1626 1627 1628 1629 1630 1631 1632 1633 1634 1635
1636 1637 1638 1639 1640 1641 1642 1643 1644 1645
1646 1647 1648 1649 1650 1651 1652 1653 1654 1655
1656 1657 1658 1659 1660 1661 1662 1663 1664 1665
1666 1667 1668 1669 1670 1671 1672 1673 1674 1675
1676 1677 1678 1679 1680 1681 1682 1683 1684 1685
1686 1687 1688 1689 1690 1691 1692 1693 1694 1695
1696 1697 1698 1699 1700 1701 1702 1703 1704 1705
1706 1707 1708 1709 1710 1711 1712 1713 1714 1715
1716 1717 1718 1719 1720 1721 1722 1723 1724 1725
1726 1727 1728 1729 1730 1731 1732 1733 1734 1735
1736 1737 1738 1739 1740 1741 1742 1743 1744 1745
1746 1747 1748 1749 1750 1751 1752 1753 1754 1755
1756 1757 1758 1759 1760 1761 1762 1763 1764 1765
1766 1767 1768 1769 1770 1771 1772 1773 1774 1775
1776 1777 1778 1779 1780 1781 1782 1783 1784 1785
1786 1787 1788 1789 1790 1791 1792 1793 1794 1795
1796 1797 1798 1799 1800 1801 1802 1803 1804 1805
1806 1807 1808 1809 1810 1811 1812 1813 1814 1815
1816 1817 1818 1819 1820 1821 1822 1823 1824 1825
1826 1827 1828 1829 1830 1831 1832 1833 1834 1835
1836 1837 1838 1839 1840 1841 1842 1843 1844 1845
1846 1847 1848 1849 1850 1851 1852 1853 1854 1855
1856 1857 1858 1859 1860 1861 1862 1863 1864 1865
1866 1867 1868 1869 1870 1871 1872 1873 1874 1875
1876 1877 1878 1879 1880 1881 1882 1883 1884 1885
1886 1887 1888 1889 1890 1891 1892 1893 1894 1895
1896 1897 1898 1899 1900 1901 1902 1903 1904 1905
1906 1907 1908 1909 1910 1911 1912 1913 1914 1915
1916 1917 1918 1919 1920 1921 1922 1923 1924 1925
1926 1927 1928 1929 1930 1931 1932 1933 1934 1935
1936 1937 1938 1939 1940 1941 1942 1943 1944 1945
1946 1947 1948 1949 1950 1951 1952 1953 1954 1955
1956 1957 1958 1959 1960 1961 1962 1963 1964 1965
1966 1967 1968 1969 1970 1971 1972 1973 1974 1975
1976 1977 1978 1979 1980 1981 1982 1983 1984 1985
1986 1987 1988 1989 1990 1991 1992 1993 1994 1995
1996 1997 1998 1999 2000 2001 2002 2003 2004 2005
2006 2007 2008 2009 2010 2011 2012 2013 2014 2015
2016 2017 2018 2019 2020 2021 2022 2023 2024 2025
2026 2027 2028 2029 2030 2031 2032 2033 2034 2035
2036 2037 2038 2039 2040 2041 2042 2043 2044 2045
2046 2047 2048 2049 2050 2051 2052 2053 2054 2055
2056 2057 2058 2059 2060 2061 2062 2063 2064 2065
2066 2067 2068 2069 2070 2071 2072 2073 2074 2075
2076 2077 2078 2079 2080 2081 2082 2083 2084 2085
2086 2087 2088 2089 2090 2091 2092 2093 2094 2095
2096 2097 2098 2099 2100 2101 2102 2103 2104 2105
2106 2107 2108 2109 2110 2111 2112 2113 2114 2115
2116 2117 2118 2119 736 2120 2121 2122 2123 2124
2125 2126 2127 2128 2129 2130 2131 2132 2133 2134
2135 2136 2137 2138 2139 2140 2141 2142 2143 2144
2145 2146 2147 2148 2149 2150 2151 2152 2153 2154
2155 2156 2157 2158 2159 2160 2161 2162 2163 2164
2165 2166 2167 2168 2169 2170 2171 2172 2173 2174
2175 2176 2177 2178 2179 2180 2181 2182 2183 2184
2185 2186 2187 2188 2189 2190 2191 2192 2193 2194
2195 2196 2197 2198 2199 2200 2201 2202 2203 2204
2205 2206 2207 2208 2209 2210 2211 2212 2213 2214
2215 2216 2217 2218 2219 2220 2221 2222 2223 2224
2225 2226 2227 2228 2229 2230 2231 2232 2233 2234
2235 2236 2237 2238 2239 2240 2241 2242 2243 2244
2245 2246 2247 2248 2249 2250 2251 2252 2253 2254
2255 2256 2257 2258 2259 2260 2261 2262 2263 2264
2265 2266 2267 2268 2269 2270 2271 2272 2273 2274
2275 2276 2277 2278 2279 2280 2281 2282 2283 2284
2285 2286 2287 2288 2289 2290 2291 2292 2293 2294
2295 2296 2297 2298 2299 2300 2301 2302 2303 2304
2305 2306 2307 2308 2309 2310 2311 2312 2313 2314
2315 2316 2317 2318 2319 2320 2321 2322 2323 2324
2325 2326 2327 2328 2329 2330 2331 2332 2333 2334
2335 2336 2337 2338 2339 2340 2341 2342 2343 2344
2345 2346 2347 2348 2349 2350 2351 2352 2353 2354
2355 2356 2357 2358 2359 2360 2361 2362 2363 2364
2365 2366 2367 2368 2369 2370 2371 2372 2373 2374
2375 2376 2377 2378 2379 2380 2381 2382 2383 2384
2385 2386 2387 2388 2389 2390 2391 2392 2393 2394
2395 2396 2397 2398 2399 2400 2401 2402 2403 2404
2405 2406 2407 2408 2409 2410 2411 2412 2413 2414
2415 2416 2417 2418 2419 2420 2421 2422 2423 2424
2425 2426 2427 2428 2429 2430 2431 2432 2433 2434
2435 2436 2437 2438 2439 2440 2441 2442 2443 2444
2445 2446 2447 2448 2449 2450 2451 2452 2453 2454
2455 2456 2457 2458 2459 2460 2461 2462 2463 2464
2465 2466 2467 2468 2469 2470 2471 2472 2473 2474
2475 2476 2477 2478 2479 2480 2481 2482 2483 2484
2485 2486 2487 2488 2489 2490 2491 2492 2493 2494
2495 2496 2497 2498 2499 2500 2501 2502 2503 2504
2505 2506 2507 2508 2509 2510 2511 2512 2513 2514
2515 2516 2517 2518 2519 2520 2521 2522 2523 2524
2525 2526 2527 2528 2529 2530 2531 2532 2533 2534
2535 2536 2537 2538 2539 2540 2541 2542 2543 2544
2545 2546 2547 2548 2549 2550 2551 2552 2553 2554
2555 2556 2557 2558 2559 2560 2561 2562 2563 2564
2565 2566 2567 2568 2569 2570 2571 2572 2573 2574
2575 2576 2577 2578 2579 2580 2581 2582 2583 2584
2585 2586 2587 2588 2589 2590 2591 2592 2593 2594
2595 2596 2597 2598 2599 2600 2601 2602 2603 2604
2605 2606 2607 2608 2609 2610 2611 2612 2613 2614
2615 2616 2617 2618 2619 2620 2621 2622 2623 2624
2625 2626 2627 2628 2629 2630 2631 2632 2633 2634
2635 2636 2637 2638 2639 2640 2641 2642 2643 2644
2645 2646 2647 2648 2649 2650 2651 2652 2653 2654
2655 2656 2657 2658 2659 2660 2661 2662 2663 2664
2665 2666 2667 2668 2669 2670 2671 2672 2673 2674
2675 2676 2677 2678 2679 2680 2681 2682 2683 2684
2685 2686 2687 2688 2689 2690 2691 2692 2693 2694
2695 2696 2697 2698 2699 2700 2701 2702 2703 2704
2705 2706 2707 2708 2709 2710 2711 2712 2713 2714
2715 2716 2717 2718 2719 2720 2721 2722 2723 2724
2725 2726 2727 2728 2729 2730 2731 2732 2733 2734
2735 2736 2737 2738 2739 2740 2741 2742 2743 2744
2745 2746 2747 2748 2749 2750 2751 2752 2753 2754
2755 2756 2757 2758 2759 2760 2761 2762 2763 2764
2765 2766 2767 2768 2769 2770 2771 2772 2773 2774
2775 2776 2777 2778 2779 2780 2781 2782 2783 2784
2785 2786 2787 2788 2789 2790 2791 2792 2793 2794
2795 2796 2797 2798 2799 2800 2801 2802 2803 2804
2805 2806 2807 2808 2809 2810 2811 2812 2813 2814
2815 2816 2817 2818 2819 2820 2821 2822 2823 2824
2825 2826 2827 2828 2829 2830 2831 2832 2833 2834
2835 2836 2837 2838 2839 2840 2841 2842 2843 2844
2845 2846 2847 2848 2849 2850 2851 2852 2853 2854
2855 716 2856 2857 2858 2859 2860 2861 2862 2863
2864 2865 2866 2867 2868 2869 2870 2871 2872 2873
2874 2875 2876 2877 2878 2879 2880 2881 2882 2883
2884 2885 2886 2887 2888 2889 2890 2891 2892 2893
2894 2895 2896 2897 2898 2899 2900 2901 2902 2903
2904 2905 2906 2907 2908 2909 2910 2911 2912 2913
2914 2915 2916 2917 2918 2919 2920 2921 2922 2923
2924 2925 2926 2927 2928 2929 2930 2931 2932 2933
2934 2935 2936 2937 2938 2939 2940 2941 2942 2943
2944 2945 2946 2947 2948 2949 2950 2951 2952 2953
2954 2955 2956 2957 2958 2959 2960 2961 2962 2963
2964 2965 2966 2967 2968 2969 2970 2971 2972 2973
2974 2975 2976 2977 2978 2979 2980 2981 2982 2983
2984 2985 2986 2987 2988 2989 2990 2991 2992 2993
2994 2995 2996 2997 2998 2999 3000 3001 3002 3003
3004 3005 3006 3007 3008 3009 3010 3011 3012 3013
3014 3015 3016 3017 3018 3019 3020 3021 3022 3023
3024 3025 3026 3027 3028 3029 3030 3031 3032 3033
3034 3035 3036 3037 3038 3039 3040 3041 3042 3043
3044 3045 3046 3047 3048 3049 3050 3051 3052 3053
3054 3055 3056 3057 3058 3059 3060 3061 3062 3063
3064 3065 3066 3067 3068 3069 3070 3071 3072 3073
3074 3075 3076 3077 3078 3079 3080 3081 3082 3083
3084 3085 3086 3087 3088 3089 3090 3091 3092 3093
3094 3095 3096 3097 3098 3099 3100 3101 3102 3103
3104 3105 3106 3107 3108 3109 3110 3111 3112 3113
3114 3115 3116 3117 3118 3119 3120 3121 3122 3123
3124 3125 3126 3127 3128 3129 3130 3131 3132 3133
3134 3135 3136 3137 3138 3139 3140 3141 3142 3143
3144 3145 3146 3147 3148 3149 3150 3151 3152 3153
3154 3155 3156 3157 3158 3159 3160 3161 3162 3163
3164 3165 3166 3167 3168 3169 3170 3171 3172 3173
3174 3175 3176 3177 3178 3179 3180 3181 3182 3183
3184 3185 3186 3187 3188 3189 3190 3191 3192 3193
3194 3195 3196 3197 3198 3199 3200 3201 3202 3203
3204 3205 3206 3207 3208 3209 3210 3211 3212 3213
3214 3215 3216 3217 3218 3219 3220 3221 3222 3223
3224 3225 3226 3227 3228 3229 3230 3231 3232 3233
3234 3235 3236 3237 3238 3239 3240 3241 3242 3243
3244 3245 3246 3247 3248 3249 3250 3251 3252 3253
3254 3255 3256 3257 3258 3259 3260 3261 3262 3263
3264 3265 3266 3267 3268 3269 3270 3271 3272 3273
3274 3275 3276 3277 3278 3279 3280 3281 3282 3283
3284 3285 3286 3287 3288 3289 3290 3291 3292 3293
3294 3295 3296 3297 3298 3299 3300 3301 3302 3303
3304 3305 3306 3307 3308 3309 3310 3311 3312 3313
3314 3315 3316 3317 3318 3319 3320 3321 3322 3323
3324 3325 3326 3327 3328 3329 3330 3331 3332 3333
3334 3335 3336 3337 3338 3339 3340 3341 3342 3343
3344 3345 3346 3347 3348 3349 3350 3351 3352 3353
3354 3355 3356 3357 3358 3359 3360 3361 3362 3363
3364 3365 3366 3367 3368 3369 3370 3371 3372 3373
3374 3375 3376 3377 3378 3379 3380 3381 3382 3383
3384 3385 3386 3387 3388 3389 3390 3391 3392 3393
3394 3395 3396 3397 3398 3399 3400 3401 3402 3403
3404 3405 3406 3407 3408 3409 3410 3411 3412 3413
3414 3415 3416 3417 3418 3419 3420 3421 3422 3423
3424 3425 3426 3427 3428 3429 3430 3431 3432 3433
3434 3435 3436 3437 3438 3439 3440 3441 3442 3443
3444 3445 3446 3447 3448 3449 3450 3451 3452 3453
3454 3455 3456 3457 3458 3459 3460 3461 3462 3463
3464 3465 3466 3467 3468 3469 3470 3471 3472 3473
3474 3475 3476 3477 3478 3479 3480 3481 3482 3483
3484 3485 3486 3487 3488 3489 3490 3491 3492 3493
3494 3495 3496 3497 3498 3499 3500 3501 3502 3503
3504 3505 3506 3507 3508 3509 3510 3511 3512 3513
3514 3515 3516 3517 3518 3519 3520 3521 3522 3523
3524 3525 3526 3527 3528 3529 3530 3531 3532 3533
3534 3535 3536 3537 3538 3539 3540 3541 3542 3543
3544 3545 3546 3547 3548 3549 3550 3551 3552 3553
3554 3555 3556 3557 3558 3559 3560 3561 3562 3563
3564 3565 3566 3567 3568 3569 3570 3571 701 3572
3573 3574 3575 3576 3577 3578 3579 3580 3581 3582
3583 3584 3585 3586 3587 3588 3589 3590 3591 3592
3593 3594 3595 3596 3597 3598 3599 3600 3601 3602
3603 3604 3605 3606 3607 3608 3609 3610 3611 3612
3613 3614 3615 3616 3617 3618 3619 3620 3621 3622
3623 3624 3625 3626 3627 3628 3629 3630 3631 3632
3633 3634 3635 3636 3637 3638 3639 3640 3641 3642
3643 3644 3645 3646 3647 3648 3649 3650 3651 3652
3653 3654 3655 3656 3657 3658 3659 3660 3661 3662
3663 3664 3665 3666 3667 3668 3669 3670 3671 3672
3673 3674 3675 3676 3677 3678 3679 3680 3681 3682
3683 3684 3685 3686 3687 3688 3689 3690 3691 3692
3693 3694 3695 3696 3697 3698 3699 3700 3701 3702
3703 3704 3705 3706 3707 3708 3709 3710 3711 3712
3713 3714 3715 3716 3717 3718 3719 3720 3721 3722
3723 3724 3725 3726 3727 3728 3729 3730 3731 3732
3733 3734 3735 3736 3737 3738 3739 3740 3741 3742
3743 3744 3745 3746 3747 3748 3749 3750 3751 3752
3753 3754 3755 3756 3757 3758 3759 3760 3761 3762
3763 3764 3765 3766 3767 3768 3769 3770 3771 3772
3773 3774 3775 3776 3777 3778 3779 3780 3781 3782
3783 3784 3785 3786 3787 3788 3789 3790 3791 3792
3793 3794 3795 3796 3797 3798 3799 3800 3801 3802
3803 3804 3805 3806 3807 3808 3809 3810 3811 3812
3813 3814 3815 3816 3817 3818 3819 3820 3821 3822
3823 3824 3825 3826 3827 3828 3829 3830 3831 3832
3833 3834 3835 3836 3837 3838 3839 3840 3841 3842
3843 3844 3845 3846 3847 3848 3849 3850 3851 3852
3853 3854 3855 3856 3857 3858 3859 3860 3861 3862
3863 3864 3865 3866 3867 3868 3869 3870 3871 3872
3873 3874 3875 3876 3877 3878 3879 3880 3881 3882
3883 3884 3885 3886 3887 3888 3889 3890 3891 3892
3893 3894 3895 3896 3897 3898 3899 3900 3901 3902
3903 3904 3905 3906 3907 3908 3909 3910 3911 3912
3913 3914 3915 3916 3917 3918 3919 3920 3921 3922
3923 3924 3925 3926 3927 3928 3929 3930 3931 3932
3933 3934 3935 3936 3937 3938 3939 3940 3941 3942
3943 3944 3945 3946 3947 3948 3949 3950 3951 3952
3953 3954 3955 3956 3957 3958 3959 3960 3961 3962
3963 3964 3965 3966 3967 3968 3969 3970 3971 3972
3973 3974 3975 3976 3977 3978 3979 3980 3981 3982
3983 3984 3985 3986 3987 3988 3989 3990 3991 3992
3993 3994 3995 3996 3997 3998 3999 4000 4001 4002
4003 4004 4005 4006 4007 4008 4009 4010 4011 4012
4013 4014 4015 4016 4017 4018 4019 4020 4021 4022
4023 4024 4025 4026 4027 4028 4029 4030 4031 4032
4033 4034 4035 4036 4037 4038 4039 4040 4041 4042
4043 4044 4045 4046 4047 4048 4049 4050 4051 4052
4053 4054 4055 4056 4057 4058 4059 4060 4061 4062
4063 4064 4065 4066 4067 4068 4069 4070 4071 4072
4073 4074 4075 4076 4077 4078 4079 4080 4081 4082
4083 4084 4085 4086 4087 4088 4089 4090 4091 4092
4093 4094 4095 4096 4097 4098 4099 4100 4101 4102
4103 4104 4105 4106 4107 4108 4109 4110 4111 4112
4113 4114 4115 4116 4117 4118 4119 4120 4121 4122
4123 4124 4125 4126 4127 4128 4129 4130 4131 4132
4133 4134 4135 4136 4137 4138 4139 4140 4141 4142
4143 4144 4145 4146 4147 4148 4149 4150 4151 4152
4153 4154 4155 4156 4157 4158 4159 4160 4161 4162
4163 4164 4165 4166 4167 4168 4169 4170 4171 4172
4173 4174 4175 4176 4177 4178 4179 4180 4181 4182
4183 4184 4185 4186 4187 4188 4189 4190 4191 4192
4193 4194 4195 4196 4197 4198 4199 4200 4201 4202
4203 4204 4205 4206 4207 4208 4209 4210 4211 4212
4213 4214 4215 4216 4217 4218 4219 4220 4221 4222
4223 4224 4225 4226 4227 4228 4229 4230 4231 4232
4233 4234 4235 4236 4237 4238 4239 4240 4241 4242
4243 4244 4245 4246 4247 4248 4249 4250 4251 4252
4253 4254 4255 4256 4257 4258 4259 4260 4261 4262
4263 4264 4265 4266 4267 4268 4269 4270 4271 4272
666 4273 4274 4275 4276 4277 4278 4279 4280 4281
4282 4283 4284 4285 4286 4287 4288 4289 4290 4291
4292 4293 4294 4295 4296 4297 4298 4299 4300 4301
4302 4303 4304 4305 4306 4307 4308 4309 4310 4311
4312 4313 4314 4315 4316 4317 4318 4319 4320 4321
4322 4323 4324 4325 4326 4327 4328 4329 4330 4331
4332 4333 4334 4335 4336 4337 4338 4339 4340 4341
4342 4343 4344 4345 4346 4347 4348 4349 4350 4351
4352 4353 4354 4355 4356 4357 4358 4359 4360 4361
4362 4363 4364 4365 4366 4367 4368 4369 4370 4371
4372 4373 4374 4375 4376 4377 4378 4379 4380 4381
4382 4383 4384 4385 4386 4387 4388 4389 4390 4391
4392 4393 4394 4395 4396 4397 4398 4399 4400 4401
4402 4403 4404 4405 4406 4407 4408 4409 4410 4411
4412 4413 4414 4415 4416 4417 4418 4419 4420 4421
4422 4423 4424 4425 4426 4427 4428 4429 4430 4431
4432 4433 4434 4435 4436 4437 4438 4439 4440 4441
4442 4443 4444 4445 4446 4447 4448 4449 4450 4451
4452 4453 4454 4455 4456 4457 4458 4459 4460 4461
4462 4463 4464 4465 4466 4467 4468 4469 4470 4471
4472 4473 4474 4475 4476 4477 4478 4479 4480 4481
4482 4483 4484 4485 4486 4487 4488 4489 4490 4491
4492 4493 4494 4495 4496 4497 4498 4499 4500 4501
4502 4503 4504 4505 4506 4507 4508 4509 4510 4511
4512 4513 4514 4515 4516 4517 4518 4519 4520 4521
4522 4523 4524 4525 4526 4527 4528 4529 4530 4531
4532 4533 4534 4535 4536 4537 4538 4539 4540 4541
4542 4543 4544 4545 4546 4547 4548 4549 4550 4551
4552 4553 4554 4555 4556 4557 4558 4559 4560 4561
4562 4563 4564 4565 4566 4567 4568 4569 4570 4571
4572 4573 4574 4575 4576 4577 4578 4579 4580 4581
4582 4583 4584 4585 4586 4587 4588 4589 4590 4591
4592 4593 4594 4595 4596 4597 4598 4599 4600 4601
4602 4603 4604 4605 4606 4607 4608 4609 4610 4611
4612 4613 4614 4615 4616 4617 4618 4619 4620 4621
4622 4623 4624 4625 4626 4627 4628 4629 4630 4631
4632 4633 4634 4635 4636 4637 4638 4639 4640 4641
4642 4643 4644 4645 4646 4647 4648 4649 4650 4651
4652 4653 4654 4655 4656 4657 4658 4659 4660 4661
4662 4663 4664 4665 4666 4667 4668 4669 4670 4671
4672 4673 4674 4675 4676 4677 4678 4679 4680 4681
4682 4683 4684 4685 4686 4687 4688 4689 4690 4691
4692 4693 4694 4695 4696 4697 4698 4699 4700 4701
4702 4703 4704 4705 4706 4707 4708 4709 4710 4711
4712 4713 4714 4715 4716 4717 4718 4719 4720 4721
4722 4723 4724 4725 4726 4727 4728 4729 4730 4731
4732 4733 4734 4735 4736 4737 4738 4739 4740 4741
4742 4743 4744 4745 4746 4747 4748 4749 4750 4751
4752 4753 4754 4755 4756 4757 4758 4759 4760 4761
4762 4763 4764 4765 4766 4767 4768 4769 4770 4771
4772 4773 4774 4775 4776 4777 4778 4779 4780 4781
4782 4783 4784 4785 4786 4787 4788 4789 4790 4791
4792 4793 4794 4795 4796 4797 4798 4799 4800 4801
4802 4803 4804 4805 4806 4807 4808 4809 4810 4811
4812 4813 4814 4815 4816 4817 4818 4819 4820 4821
4822 4823 4824 4825 4826 4827 4828 4829 4830 4831
4832 4833 4834 4835 4836 4837 4838 4839 4840 4841
4842 4843 4844 4845 4846 4847 4848 4849 4850 4851
4852 4853 4854 4855 4856 4857 4858 4859 4860 4861
4862 4863 4864 4865 4866 4867 4868 4869 4870 4871
4872 4873 4874 4875 4876 4877 4878 4879 4880 4881
4882 4883 4884 4885 4886 4887 4888 4889 4890 4891
4892 4893 4894 4895 4896 4897 4898 4899 4900 4901
4902 4903 4904 4905 4906 4907 4908 4909 4910 4911
4912 4913 4914 4915 4916 4917 4918 4919 4920 4921
4922 4923 4924 4925 4926 4927 4928 4929 4930 4931
4932 4933 4934 4935 4936 4937 4938 731 4939 4940
4941 4942 4943 4944 4945 4946 4947 4948 4949 4950
4951 4952 4953 4954 4955 4956 4957 4958 4959 4960
4961 4962 4963 4964 4965 4966 4967 4968 4969 4970
4971 4972 4973 4974 4975 4976 4977 4978 4979 4980
4981 4982 4983 4984 4985 4986 4987 4988 4989 4990
4991 4992 4993 4994 4995 4996 4997 4998 4999 5000
5001 5002 5003 5004 5005 5006 5007 5008 5009 5010
5011 5012 5013 5014 5015 5016 5017 5018 5019 5020
5021 5022 5023 5024 5025 5026 5027 5028 5029 5030
5031 5032 5033 5034 5035 5036 5037 5038 5039 5040
5041 5042 5043 5044 5045 5046 5047 5048 5049 5050
5051 5052 5053 5054 5055 5056 5057 5058 5059 5060
5061 5062 5063 5064 5065 5066 5067 5068 5069 5070
5071 5072 5073 5074 5075 5076 5077 5078 5079 5080
5081 5082 5083 5084 5085 5086 5087 5088 5089 5090
5091 5092 5093 5094 5095 5096 5097 5098 5099 5100
5101 5102 5103 5104 5105 5106 5107 5108 5109 5110
5111 5112 5113 5114 5115 5116 5117 5118 5119 5120
5121 5122 5123 5124 5125 5126 5127 5128 5129 5130
5131 5132 5133 5134 5135 5136 5137 5138 5139 5140
5141 5142 5143 5144 5145 5146 5147 5148 5149 5150
5151 5152 5153 5154 5155 5156 5157 5158 5159 5160
5161 5162 5163 5164 5165 5166 5167 5168 5169 5170
5171 5172 5173 5174 5175 5176 5177 5178 5179 5180
5181 5182 5183 5184 5185 5186 5187 5188 5189 5190
5191 5192 5193 5194 5195 5196 5197 5198 5199 5200
5201 5202 5203 5204 5205 5206 5207 5208 5209 5210
5211 5212 5213 5214 5215 5216 5217 5218 5219 5220
5221 5222 5223 5224 5225 5226 5227 5228 5229 5230
5231 5232 5233 5234 5235 5236 5237 5238 5239 5240
5241 5242 5243 5244 5245 5246 5247 5248 5249 5250
5251 5252 5253 5254 5255 5256 5257 5258 5259 5260
5261 5262 5263 5264 5265 5266 5267 5268 5269 5270
5271 5272 5273 5274 5275 5276 5277 5278 5279 5280
5281 5282 5283 5284 5285 5286 5287 5288 5289 5290
5291 5292 5293 5294 5295 5296 5297 5298 5299 5300
5301 5302 5303 5304 5305 5306 5307 5308 5309 5310
5311 5312 5313 5314 5315 5316 5317 5318 5319 5320
5321 5322 5323 5324 5325 5326 5327 5328 5329 5330
5331 5332 5333 5334 5335 5336 5337 5338 5339 5340
5341 5342 5343 5344 5345 5346 5347 5348 5349 5350
5351 5352 5353 5354 5355 5356 5357 5358 5359 5360
5361 5362 5363 5364 5365 5366 5367 5368 5369 5370
5371 5372 5373 5374 5375 5376 5377 5378 5379 5380
5381 5382 5383 5384 5385 5386 5387 5388 5389 5390
5391 5392 5393 5394 5395 5396 5397 5398 5399 5400
5401 5402 5403 5404 5405 5406 5407 5408 5409 5410
5411 5412 5413 5414 5415 5416 5417 5418 5419 5420
5421 5422 5423 5424 5425 5426 5427 5428 5429 5430
5431 5432 5433 5434 5435 5436 5437 5438 5439 5440
5441 5442 5443 5444 5445 5446 5447 5448 5449 5450
5451 5452 5453 5454 5455 5456 5457 5458 5459 5460
5461 5462 5463 5464 5465 5466 5467 5468 5469 5470
5471 5472 5473 5474 5475 5476 5477 5478 5479 5480
5481 5482 5483 5484 5485 5486 5487 5488 5489 5490
5491 5492 5493 5494 5495 5496 5497 5498 5499 5500
5501 5502 5503 5504 5505 5506 5507 5508 5509 5510
5511 5512 5513 5514 5515 5516 5517 5518 5519 5520
5521 5522 5523 5524 5525 5526 5527 5528 5529 5530
5531 5532 5533 5534 5535 5536 5537 5538 5539 5540
5541 5542 5543 5544 5545 5546 5547 5548 5549 5550
5551 5552 5553 5554 5555 5556 5557 5558 5559 5560
5561 5562 5563 5564 5565 5566 5567 5568 5569 5570
5571 5572 5573 5574 5575 5576 5577 5578 5579 5580
5581 5582 5583 5584 5585 5586 5587 5588 5589 5590
5591 5592 5593 5594 5595 5596 5597 5598 5599 5600
5601 5602 5603 5604 5605 5606 5607 5608 5609 5610
5611 5612 5613 5614 5615 5616 5617 5618 5619 5620
5621 5622 5623 5624 5625 5626 5627 5628 5629 5630
5631 5632 5633 5634 5635 5636 5637 5638 5639 5640
5641 5642 5643 5644 5645 5646 5647 5648 5649 5650
5651 5652 5653 5654 5655 5656 5657 5658 5659 5660
5661 5662 5663 5664 5665 5666 5667 5668 5669 761
5670 5671 5672 5673 5674 5675 5676 5677 5678 5679
5680 5681 5682 5683 5684 5685 5686 5687 5688 5689
5690 5691 5692 5693 5694 5695 5696 5697 5698 5699
5700 5701 5702 5703 5704 5705 5706 5707 5708 5709
5710 5711 5712 5713 5714 5715 5716 5717 5718 5719
5720 5721 5722 5723 5724 5725 5726 5727 5728 5729
5730 5731 5732 5733 5734 5735 5736 5737 5738 5739
5740 5741 5742 5743 5744 5745 5746 5747 5748 5749
5750 5751 5752 5753 5754 5755 5756 5757 5758 5759
5760 5761 5762 5763 5764 5765 5766 5767 5768 5769
5770 5771 5772 5773 5774 5775 5776 5777 5778 5779
5780 5781 5782 5783 5784 5785 5786 5787 5788 5789
5790 5791 5792 5793 5794 5795 5796 5797 5798 5799
5800 5801 5802 5803 5804 5805 5806 5807 5808 5809
5810 5811 5812 5813 5814 5815 5816 5817 5818 5819
5820 5821 5822 5823 5824 5825 5826 5827 5828 5829
5830 5831 5832 5833 5834 5835 5836 5837 5838 5839
5840 5841 5842 5843 5844 5845 5846 5847 5848 5849
5850 5851 5852 5853 5854 5855 5856 5857 5858 5859
5860 5861 5862 5863 5864 5865 5866 5867 5868 5869
5870 5871 5872 5873 5874 5875 5876 5877 5878 5879
5880 5881 5882 5883 5884 5885 5886 5887 5888 5889
5890 5891 5892 5893 5894 5895 5896 5897 5898 5899
5900 5901 5902 5903 5904 5905 5906 5907 5908 5909
5910 5911 5912 5913 5914 5915 5916 5917 5918 5919
5920 5921 5922 5923 5924 5925 5926 5927 5928 5929
5930 5931 5932 5933 5934 5935 5936 5937 5938 5939
5940 5941 5942 5943 5944 5945 5946 5947 5948 5949
5950 5951 5952 5953 5954 5955 5956 5957 5958 5959
5960 5961 5962 5963 5964 5965 5966 5967 5968 5969
5970 5971 5972 5973 5974 5975 5976 5977 5978 5979
5980 5981 5982 5983 5984 5985 5986 5987 5988 5989
5990 5991 5992 5993 5994 5995 5996 5997 5998 5999
6000 6001 6002 6003 6004 6005 6006 6007 6008 6009
6010 6011 6012 6013 6014 6015 6016 6017 6018 6019
6020 6021 6022 6023 6024 6025 6026 6027 6028 6029
6030 6031 6032 6033 6034 6035 6036 6037 6038 6039
6040 6041 6042 6043 6044 6045 6046 6047 6048 6049
6050 6051 6052 6053 6054 6055 6056 6057 6058 6059
6060 6061 6062 6063 6064 6065 6066 6067 6068 6069
6070 6071 6072 6073 6074 6075 6076 6077 6078 6079
6080 6081 6082 6083 6084 6085 6086 6087 6088 6089
6090 6091 6092 6093 6094 6095 6096 6097 6098 6099
6100 6101 6102 6103 6104 6105 6106 6107 6108 6109
6110 6111 6112 6113 6114 6115 6116 6117 6118 6119
6120 6121 6122 6123 6124 6125 6126 6127 6128 6129
6130 6131 6132 6133 6134 6135 6136 6137 6138 6139
6140 6141 6142 6143 6144 6145 6146 6147 6148 6149
6150 6151 6152 6153 6154 6155 6156 6157 6158 6159
6160 6161 6162 6163 6164 6165 6166 6167 6168 6169
6170 6171 6172 6173 6174 6175 6176 6177 6178 6179
6180 6181 6182 6183 6184 6185 6186 6187 6188 6189
6190 6191 6192 6193 6194 6195 6196 6197 6198 6199
6200 6201 6202 6203 6204 6205 6206 6207 6208 6209
6210 6211 6212 6213 6214 6215 6216 6217 6218 6219
6220 6221 6222 6223 6224 6225 6226 6227 6228 6229
6230 6231 6232 6233 6234 6235 6236 6237 6238 6239
6240 6241 6242 6243 6244 6245 6246 6247 6248 6249
6250 6251 6252 6253 6254 6255 6256 6257 6258 6259
6260 6261 6262 6263 6264 6265 6266 6267 6268 6269
6270 6271 6272 6273 6274 6275 6276 6277 6278 6279
6280 6281 6282 6283 6284 6285 6286 6287 6288 6289
6290 6291 6292 6293 6294 6295 6296 6297 6298 6299
6300 6301 6302 6303 6304 6305 6306 6307 6308 6309
6310 6311 6312 6313 6314 6315 6316 6317 6318 6319
6320 6321 6322 6323 6324 6325 6326 6327 6328 6329
6330 6331 6332 6333 6334 6335 6336 6337 6338 6339
6340 6341 6342 6343 6344 6345 6346 6347 6348 6349
6350 6351 6352 6353 6354 6355 6356 6357 6358 6359
6360 6361 6362 6363 6364 6365 6366 6367 6368 6369
6370 6371 6372 6373 6374 6375 6376 6377 6378 6379
6380 6381 6382 6383 6384 6385 6386 6387 6388 6389
6390 6391 6392 6393 6394 6395 6396 6397 6398 6399
6400 6401 6402 6403 6404 6405 6406 6407 6408 6409
6410 6411 6412 6413 6414 6415 6416 6417 6418 6419
6420 6421 6422 6423 6424 6425 6426 6427 6428 6429
6430 696 6431 6432 6433 6434 6435 6436 6437 6438
6439 6440 6441 6442 6443 6444 6445 6446 6447 6448
6449 6450 6451 6452 6453 6454 6455 6456 6457 6458
6459 6460 6461 6462 6463 6464 6465 6466 6467 6468
6469 6470 6471 6472 6473 6474 6475 6476 6477 6478
6479 6480 6481 6482 6483 6484 6485 6486 6487 6488
6489 6490 6491 6492 6493 6494 6495 6496 6497 6498
6499 6500 6501 6502 6503 6504 6505 6506 6507 6508
6509 6510 6511 6512 6513 6514 6515 6516 6517 6518
6519 6520 6521 6522 6523 6524 6525 6526 6527 6528
6529 6530 6531 6532 6533 6534 6535 6536 6537 6538
6539 6540 6541 6542 6543 6544 6545 6546 6547 6548
6549 6550 6551 6552 6553 6554 6555 6556 6557 6558
6559 6560 6561 6562 6563 6564 6565 6566 6567 6568
6569 6570 6571 6572 6573 6574 6575 6576 6577 6578
6579 6580 6581 6582 6583 6584 6585 6586 6587 6588
6589 6590 6591 6592 6593 6594 6595 6596 6597 6598
6599 6600 6601 6602 6603 6604 6605 6606 6607 6608
6609 6610 6611 6612 6613 6614 6615 6616 6617 6618
6619 6620 6621 6622 6623 6624 6625 6626 6627 6628
6629 6630 6631 6632 6633 6634 6635 6636 6637 6638
6639 6640 6641 6642 6643 6644 6645 6646 6647 6648
6649 6650 6651 6652 6653 6654 6655 6656 6657 6658
6659 6660 6661 6662 6663 6664 6665 6666 6667 6668
6669 6670 6671 6672 6673 6674 6675 6676 6677 6678
6679 6680 6681 6682 6683 6684 6685 6686 6687 6688
6689 6690 6691 6692 6693 6694 6695 6696 6697 6698
6699 6700 6701 6702 6703 6704 6705 6706 6707 6708
6709 6710 6711 6712 6713 6714 6715 6716 6717 6718
6719 6720 6721 6722 6723 6724 6725 6726 6727 6728
6729 6730 6731 6732 6733 6734 6735 6736 6737 6738
6739 6740 6741 6742 6743 6744 6745 6746 6747 6748
6749 6750 6751 6752 6753 6754 6755 6756 6757 6758
6759 6760 6761 6762 6763 6764 6765 6766 6767 6768
6769 6770 6771 6772 6773 6774 6775 6776 6777 6778
6779 6780 6781 6782 6783 6784 6785 6786 6787 6788
6789 6790 6791 6792 6793 6794 6795 6796 6797 6798
6799 6800 6801 6802 6803 6804 6805 6806 6807 6808
6809 6810 6811 6812 6813 6814 6815 6816 6817 6818
6819 6820 6821 6822 6823 6824 6825 6826 6827 6828
6829 6830 6831 6832 6833 6834 6835 6836 6837 6838
6839 6840 6841 6842 6843 6844 6845 6846 6847 6848
6849 6850 6851 6852 6853 6854 6855 6856 6857 6858
6859 6860 6861 6862 6863 6864 6865 6866 6867 6868
6869 6870 6871 6872 6873 6874 6875 6876 6877 6878
6879 6880 6881 6882 6883 6884 6885 6886 6887 6888
6889 6890 6891 6892 6893 6894 6895 6896 6897 6898
6899 6900 6901 6902 6903 6904 6905 6906 6907 6908
6909 6910 6911 6912 6913 6914 6915 6916 6917 6918
6919 6920 6921 6922 6923 6924 6925 6926 6927 6928
6929 6930 6931 6932 6933 6934 6935 6936 6937 6938
6939 6940 6941 6942 6943 6944 6945 6946 6947 6948
6949 6950 6951 6952 6953 6954 6955 6956 6957 6958
6959 6960 6961 6962 6963 6964 6965 6966 6967 6968
6969 6970 6971 6972 6973 6974 6975 6976 6977 6978
6979 6980 6981 6982 6983 6984 6985 6986 6987 6988
6989 6990 6991 6992 6993 6994 6995 6996 6997 6998
6999 7000 7001 7002 7003 7004 7005 7006 7007 7008
7009 7010 7011 7012 7013 7014 7015 7016 7017 7018
7019 7020 7021 7022 7023 7024 7025 7026 7027 7028
7029 7030 7031 7032 7033 7034 7035 7036 7037 7038
7039 7040 7041 7042 7043 7044 7045 7046 7047 7048
7049 7050 7051 7052 7053 7054 7055 7056 7057 7058
7059 7060 7061 7062 7063 7064 7065 7066 7067 7068
7069 7070 7071 7072 7073 7074 7075 7076 7077 7078
7079 7080 7081 7082 7083 7084 7085 7086 7087 7088
7089 7090 7091 7092 7093 7094 7095 7096 7097 7098
7099 7100 7101 7102 7103 7104 7105 7106 7107 7108
7109 7110 7111 7112 7113 7114 7115 7116 7117 7118
7119 7120 7121 7122 7123 7124 7125 7126 641 7127
7128 7129 7130 7131 7132 7133 7134 7135 7136 7137
7138 7139 7140 7141 7142 7143 7144 7145 7146 7147
7148 7149 7150 7151 7152 7153 7154 7155 7156 7157
7158 7159 7160 7161 7162 7163 7164 7165 7166 7167
7168 7169 7170 7171 7172 7173 7174 7175 7176 7177
7178 7179 7180 7181 7182 7183 7184 7185 7186 7187
7188 7189 7190 7191 7192 7193 7194 7195 7196 7197
7198 7199 7200 7201 7202 7203 7204 7205 7206 7207
7208 7209 7210 7211 7212 7213 7214 7215 7216 7217
7218 7219 7220 7221 7222 7223 7224 7225 7226 7227
7228 7229 7230 7231 7232 7233 7234 7235 7236 7237
7238 7239 7240 7241 7242 7243 7244 7245 7246 7247
7248 7249 7250 7251 7252 7253 7254 7255 7256 7257
7258 7259 7260 7261 7262 7263 7264 7265 7266 7267
7268 7269 7270 7271 7272 7273 7274 7275 7276 7277
7278 7279 7280 7281 7282 7283 7284 7285 7286 7287
7288 7289 7290 7291 7292 7293 7294 7295 7296 7297
7298 7299 7300 7301 7302 7303 7304 7305 7306 7307
7308 7309 7310 7311 7312 7313 7314 7315 7316 7317
7318 7319 7320 7321 7322 7323 7324 7325 7326 7327
7328 7329 7330 7331 7332 7333 7334 7335 7336 7337
7338 7339 7340 7341 7342 7343 7344 7345 7346 7347
7348 7349 7350 7351 7352 7353 7354 7355 7356 7357
7358 7359 7360 7361 7362 7363 7364 7365 7366 7367
7368 7369 7370 7371 7372 7373 7374 7375 7376 7377
7378 7379 7380 7381 7382 7383 7384 7385 7386 7387
7388 7389 7390 7391 7392 7393 7394 7395 7396 7397
7398 7399 7400 7401 7402 7403 7404 7405 7406 7407
7408 7409 7410 7411 7412 7413 7414 7415 7416 7417
7418 7419 7420 7421 7422 7423 7424 7425 7426 7427
7428 7429 7430 7431 7432 7433 7434 7435 7436 7437
7438 7439 7440 7441 7442 7443 7444 7445 7446 7447
7448 7449 7450 7451 7452 7453 7454 7455 7456 7457
7458 7459 7460 7461 7462 7463 7464 7465 7466 7467
7468 7469 7470 7471 7472 7473 7474 7475 7476 7477
7478 7479 7480 7481 7482 7483 7484 7485 7486 7487
7488 7489 7490 7491 7492 7493 7494 7495 7496 7497
7498 7499 7500 7501 7502 7503 7504 7505 7506 7507
7508 7509 7510 7511 7512 7513 7514 7515 7516 7517
7518 7519 7520 7521 7522 7523 7524 7525 7526 7527
7528 7529 7530 7531 7532 7533 7534 7535 7536 7537
7538 7539 7540 7541 7542 7543 7544 7545 7546 7547
7548 7549 7550 7551 7552 7553 7554 7555 7556 7557
7558 7559 7560 7561 7562 7563 7564 7565 7566 7567
7568 7569 7570 7571 7572 7573 7574 7575 7576 7577
7578 7579 7580 7581 7582 7583 7584 7585 7586 7587
7588 7589 7590 7591 7592 7593 7594 7595 7596 7597
7598 7599 7600 7601 7602 7603 7604 7605 7606 7607
7608 7609 7610 7611 7612 7613 7614 7615 7616 7617
7618 7619 7620 7621 7622 7623 7624 7625 7626 7627
7628 7629 7630 7631 7632 7633 7634 7635 7636 7637
7638 7639 7640 7641 7642 7643 7644 7645 7646 7647
7648 7649 7650 7651 7652 7653 7654 7655 7656 7657
7658 7659 7660 7661 7662 7663 7664 7665 7666 7667
7668 7669 7670 7671 7672 7673 7674 7675 7676 7677
7678 7679 7680 7681 7682 7683 7684 7685 7686 7687
7688 7689 7690 7691 7692 7693 7694 7695 7696 7697
7698 7699 7700 7701 7702 7703 7704 7705 7706 7707
7708 7709 7710 7711 7712 7713 7714 7715 7716 7717
7718 7719 7720 7721 7722 7723 7724 7725 7726 7727
7728 7729 7730 7731 7732 7733 7734 7735 7736 7737
7738 7739 7740 7741 7742 7743 7744 7745 7746 7747
7748 7749 7750 7751 7752 7753 7754 7755 7756 7757
7758 7759 7760 7761 7762 7763 7764 7765 7766 7767
621 7768 7769 7770 7771 7772 7773 7774 7775 7776
7777 7778 7779 7780 7781 7782 7783 7784 7785 7786
7787 7788 7789 7790 7791 7792 7793 7794 7795 7796
7797 7798 7799 7800 7801 7802 7803 7804 7805 7806
7807 7808 7809 7810 7811 7812 7813 7814 7815 7816
7817 7818 7819 7820 7821 7822 7823 7824 7825 7826
7827 7828 7829 7830 7831 7832 7833 7834 7835 7836
7837 7838 7839 7840 7841 7842 7843 7844 7845 7846
7847 7848 7849 7850 7851 7852 7853 7854 7855 7856
7857 7858 7859 7860 7861 7862 7863 7864 7865 7866
7867 7868 7869 7870 7871 7872 7873 7874 7875 7876
7877 7878 7879 7880 7881 7882 7883 7884 7885 7886
7887 7888 7889 7890 7891 7892 7893 7894 7895 7896
7897 7898 7899 7900 7901 7902 7903 7904 7905 7906
7907 7908 7909 7910 7911 7912 7913 7914 7915 7916
7917 7918 7919 7920 7921 7922 7923 7924 7925 7926
7927 7928 7929 7930 7931 7932 7933 7934 7935 7936
7937 7938 7939 7940 7941 7942 7943 7944 7945 7946
7947 7948 7949 7950 7951 7952 7953 7954 7955 7956
7957 7958 7959 7960 7961 7962 7963 7964 7965 7966
7967 7968 7969 7970 7971 7972 7973 7974 7975 7976
7977 7978 7979 7980 7981 7982 7983 7984 7985 7986
7987 7988 7989 7990 7991 7992 7993 7994 7995 7996
7997 7998 7999 8000 8001 8002 8003 8004 8005 8006
8007 8008 8009 8010 8011 8012 8013 8014 8015 8016
8017 8018 8019 8020 8021 8022 8023 8024 8025 8026
8027 8028 8029 8030 8031 8032 8033 8034 8035 8036
8037 8038 8039 8040 8041 8042 8043 8044 8045 8046
8047 8048 8049 8050 8051 8052 8053 8054 8055 8056
8057 8058 8059 8060 8061 8062 8063 8064 8065 8066
8067 8068 8069 8070 8071 8072 8073 8074 8075 8076
8077 8078 8079 8080 8081 8082 8083 8084 8085 8086
8087 8088 8089 8090 8091 8092 8093 8094 8095 8096
8097 8098 8099 8100 8101 8102 8103 8104 8105 8106
8107 8108 8109 8110 8111 8112 8113 8114 8115 8116
8117 8118 8119 8120 8121 8122 8123 8124 8125 8126
8127 8128 8129 8130 8131 8132 8133 8134 8135 8136
8137 8138 8139 8140 8141 8142 8143 8144 8145 8146
8147 8148 8149 8150 8151 8152 8153 8154 8155 8156
8157 8158 8159 8160 8161 8162 8163 8164 8165 8166
8167 8168 8169 8170 8171 8172 8173 8174 8175 8176
8177 8178 8179 8180 8181 8182 8183 8184 8185 8186
8187 8188 8189 8190 8191 8192 8193 8194 8195 8196
8197 8198 8199 8200 8201 8202 8203 8204 8205 8206
8207 8208 8209 8210 8211 8212 8213 8214 8215 8216
8217 8218 8219 8220 8221 8222 8223 8224 8225 8226
8227 8228 8229 8230 8231 8232 8233 8234 8235 8236
8237 8238 8239 8240 8241 8242 8243 8244 8245 8246
8247 8248 8249 8250 8251 8252 8253 8254 8255 8256
8257 8258 8259 8260 8261 8262 8263 8264 8265 8266
8267 8268 8269 8270 8271 8272 8273 8274 8275 8276
8277 8278 8279 8280 8281 8282 8283 8284 8285 8286
8287 8288 8289 8290 8291 8292 8293 8294 8295 8296
8297 8298 8299 8300 8301 8302 8303 8304 8305 8306
8307 8308 8309 8310 8311 8312 8313 8314 8315 8316
8317 8318 8319 8320 8321 8322 8323 8324 8325 8326
8327 8328 8329 8330 8331 8332 8333 8334 8335 8336
8337 8338 8339 8340 8341 8342 8343 8344 8345 8346
8347 8348 8349 8350 8351 8352 8353 8354 8355 8356
8357 8358 8359 8360 8361 8362 8363 8364 8365 8366
8367 8368 8369 8370 8371 8372 8373 8374 8375 8376
8377 8378 8379 8380 8381 8382 8383 8384 8385 8386
8387 8388 596 8389 8390 8391 8392 8393 8394 8395
8396 8397 8398 8399 8400 8401 8402 8403 8404 8405
8406 8407 8408 8409 8410 8411 8412 8413 8414 8415
8416 8417 8418 8419 8420 8421 8422 8423 8424 8425
8426 8427 8428 8429 8430 8431 8432 8433 8434 8435
8436 8437 8438 8439 8440 8441 8442 8443 8444 8445
8446 8447 8448 8449 8450 8451 8452 8453 8454 8455
8456 8457 8458 8459 8460 8461 8462 8463 8464 8465
8466 8467 8468 8469 8470 8471 8472 8473 8474 8475
8476 8477 8478 8479 8480 8481 8482 8483 8484 8485
8486 8487 8488 8489 8490 8491 8492 8493 8494 8495
8496 8497 8498 8499 8500 8501 8502 8503 8504 8505
8506 8507 8508 8509 8510 8511 8512 8513 8514 8515
8516 8517 8518 8519 8520 8521 8522 8523 8524 8525
8526 8527 8528 8529 8530 8531 8532 8533 8534 8535
8536 8537 8538 8539 8540 8541 8542 8543 8544 8545
8546 8547 8548 8549 8550 8551 8552 8553 8554 8555
8556 8557 8558 8559 8560 8561 8562 8563 8564 8565
8566 8567 8568 8569 8570 8571 8572 8573 8574 8575
8576 8577 8578 8579 8580 8581 8582 8583 8584 8585
8586 8587 8588 8589 8590 8591 8592 8593 8594 8595
8596 8597 8598 8599 8600 8601 8602 8603 8604 8605
8606 8607 8608 8609 8610 8611 8612 8613 8614 8615
8616 8617 8618 8619 8620 8621 8622 8623 8624 8625
8626 8627 8628 8629 8630 8631 8632 8633 8634 8635
8636 8637 8638 8639 8640 8641 8642 8643 8644 8645
8646 8647 8648 8649 8650 8651 8652 8653 8654 8655
8656 8657 8658 8659 8660 8661 8662 8663 8664 8665
8666 8667 8668 8669 8670 8671 8672 8673 8674 8675
8676 8677 8678 8679 8680 8681 8682 8683 8684 8685
8686 8687 8688 8689 8690 8691 8692 8693 8694 8695
8696 8697 8698 8699 8700 8701 8702 8703 8704 8705
8706 8707 8708 8709 8710 8711 8712 8713 8714 8715
8716 8717 8718 8719 8720 8721 8722 8723 8724 8725
8726 8727 8728 8729 8730 8731 8732 8733 8734 8735
8736 8737 8738 8739 8740 8741 8742 8743 8744 8745
8746 8747 8748 8749 8750 8751 8752 8753 8754 8755
8756 8757 8758 8759 8760 8761 8762 8763 8764 8765
8766 8767 8768 8769 8770 8771 8772 8773 8774 8775
8776 8777 8778 8779 8780 8781 8782 8783 8784 8785
8786 8787 8788 8789 8790 8791 8792 8793 8794 8795
8796 8797 8798 8799 8800 8801 8802 8803 8804 8805
8806 8807 8808 8809 8810 8811 8812 8813 8814 8815
8816 8817 8818 8819 8820 8821 8822 8823 8824 8825
8826 8827 8828 8829 8830 8831 8832 8833 8834 8835
8836 8837 8838 8839 8840 8841 8842 8843 8844 8845
8846 8847 8848 8849 8850 8851 8852 8853 8854 8855
8856 8857 8858 8859 8860 8861 8862 8863 8864 8865
8866 8867 8868 8869 8870 8871 8872 8873 8874 8875
8876 8877 8878 8879 8880 8881 8882 8883 8884 8885
8886 8887 8888 8889 8890 8891 8892 8893 8894 8895
8896 8897 8898 8899 8900 8901 8902 8903 8904 8905
8906 8907 8908 8909 8910 8911 8912 8913 8914 8915
8916 8917 8918 8919 8920 8921 8922 8923 8924 8925
8926 8927 8928 8929 8930 8931 8932 8933 8934 8935
8936 8937 8938 8939 8940 8941 8942 8943 8944 8945
8946 8947 8948 8949 8950 8951 8952 8953 8954 8955
8956 8957 8958 8959 8960 8961 8962 8963 8964 8965
8966 8967 8968 8969 8970 8971 8972 8973 8974 8975
8976 8977 8978 8979 8980 8981 8982 8983 8984 591
8985 8986 8987 8988 8989 8990 8991 8992 8993 8994
8995 8996 8997 8998 8999 9000 9001 9002 9003 9004
9005 9006 9007 9008 9009 9010 9011 9012 9013 9014
9015 9016 9017 9018 9019 9020 9021 9022 9023 9024
9025 9026 9027 9028 9029 9030 9031 9032 9033 9034
9035 9036 9037 9038 9039 9040 9041 9042 9043 9044
9045 9046 9047 9048 9049 9050 9051 9052 9053 9054
9055 9056 9057 9058 9059 9060 9061 9062 9063 9064
9065 9066 9067 9068 9069 9070 9071 9072 9073 9074
9075 9076 9077 9078 9079 9080 9081 9082 9083 9084
9085 9086 9087 9088 9089 9090 9091 9092 9093 9094
9095 9096 9097 9098 9099 9100 9101 9102 9103 9104
9105 9106 9107 9108 9109 9110 9111 9112 9113 9114
9115 9116 9117 9118 9119 9120 9121 9122 9123 9124
9125 9126 9127 9128 9129 9130 9131 9132 9133 9134
9135 9136 9137 9138 9139 9140 9141 9142 9143 9144
9145 9146 9147 9148 9149 9150 9151 9152 9153 9154
9155 9156 9157 9158 9159 9160 9161 9162 9163 9164
9165 9166 9167 9168 9169 9170 9171 9172 9173 9174
9175 9176 9177 9178 9179 9180 9181 9182 9183 9184
9185 9186 9187 9188 9189 9190 9191 9192 9193 9194
9195 9196 9197 9198 9199 9200 9201 9202 9203 9204
9205 9206 9207 9208 9209 9210 9211 9212 9213 9214
9215 9216 9217 9218 9219 9220 9221 9222 9223 9224
9225 9226 9227 9228 9229 9230 9231 9232 9233 9234
9235 9236 9237 9238 9239 9240 9241 9242 9243 9244
9245 9246 9247 9248 9249 9250 9251 9252 9253 9254
9255 9256 9257 9258 9259 9260 9261 9262 9263 9264
9265 9266 9267 9268 9269 9270 9271 9272 9273 9274
9275 9276 9277 9278 9279 9280 9281 9282 9283 9284
9285 9286 9287 9288 9289 9290 9291 9292 9293 9294
9295 9296 9297 9298 9299 9300 9301 9302 9303 9304
9305 9306 9307 9308 9309 9310 9311 9312 9313 9314
9315 9316 9317 9318 9319 9320 9321 9322 9323 9324
9325 9326 9327 9328 9329 9330 9331 9332 9333 9334
9335 9336 9337 9338 9339 9340 9341 9342 9343 9344
9345 9346 9347 9348 9349 9350 9351 9352 9353 9354
9355 9356 9357 9358 9359 9360 9361 9362 9363 9364
9365 9366 9367 9368 9369 9370 9371 9372 9373 9374
9375 9376 9377 9378 9379 9380 9381 9382 9383 9384
9385 9386 9387 9388 9389 9390 9391 9392 9393 9394
9395 9396 9397 9398 9399 9400 9401 9402 9403 9404
9405 9406 9407 9408 9409 9410 9411 9412 9413 9414
9415 9416 9417 9418 9419 9420 9421 9422 9423 9424
9425 9426 9427 9428 9429 9430 9431 9432 9433 9434
9435 9436 9437 9438 9439 9440 9441 9442 9443 9444
9445 9446 9447 9448 9449 9450 9451 9452 9453 9454
9455 9456 9457 9458 9459 9460 9461 9462 9463 9464
9465 9466 9467 9468 9469 9470 9471 9472 9473 9474
9475 9476 9477 9478 9479 9480 9481 9482 9483 9484
9485 9486 9487 9488 9489 9490 9491 9492 9493 9494
9495 9496 9497 9498 9499 9500 9501 9502 9503 9504
9505 9506 9507 9508 9509 9510 9511 9512 9513 9514
9515 9516 9517 9518 9519 9520 9521 9522 9523 9524
9525 9526 9527 9528 9529 9530 9531 9532 9533 9534
9535 9536 9537 9538 9539 9540 9541 9542 9543 9544
9545 9546 9547 9548 9549 9550 9551 9552 9553 9554
9555 9556 9557 9558 9559 9560 9561 9562 9563 9564
9565 9566 9567 9568 9569 9570 9571 9572 9573 9574
9575 596 9576 9577 9578 9579 9580 9581 9582 9583
9584 9585 9586 9587 9588 9589 9590 9591 9592 9593
9594 9595 9596 9597 9598 9599 9600 9601 9602 9603
9604 9605 9606 9607 9608 9609 9610 9611 9612 9613
9614 9615 9616 9617 9618 9619 9620 9621 9622 9623
9624 9625 9626 9627 9628 9629 9630 9631 9632 9633
9634 9635 9636 9637 9638 9639 9640 9641 9642 9643
9644 9645 9646 9647 9648 9649 9650 9651 9652 9653
9654 9655 9656 9657 9658 9659 9660 9661 9662 9663
9664 9665 9666 9667 9668 9669 9670 9671 9672 9673
9674 9675 9676 9677 9678 9679 9680 9681 9682 9683
9684 9685 9686 9687 9688 9689 9690 9691 9692 9693
9694 9695 9696 9697 9698 9699 9700 9701 9702 9703
9704 9705 9706 9707 9708 9709 9710 9711 9712 9713
9714 9715 9716 9717 9718 9719 9720 9721 9722 9723
9724 9725 9726 9727 9728 9729 9730 9731 9732 9733
9734 9735 9736 9737 9738 9739 9740 9741 9742 9743
9744 9745 9746 9747 9748 9749 9750 9751 9752 9753
9754 9755 9756 9757 9758 9759 9760 9761 9762 9763
9764 9765 9766 9767 9768 9769 9770 9771 9772 9773
9774 9775 9776 9777 9778 9779 9780 9781 9782 9783
9784 9785 9786 9787 9788 9789 9790 9791 9792 9793
9794 9795 9796 9797 9798 9799 9800 9801 9802 9803
9804 9805 9806 9807 9808 9809 9810 9811 9812 9813
9814 9815 9816 9817 9818 9819 9820 9821 9822 9823
9824 9825 9826 9827 9828 9829 9830 9831 9832 9833
9834 9835 9836 9837 9838 9839 9840 9841 9842 9843
9844 9845 9846 9847 9848 9849 9850 9851 9852 9853
9854 9855 9856 9857 9858 9859 9860 9861 9862 9863
9864 9865 9866 9867 9868 9869 9870 9871 9872 9873
9874 9875 9876 9877 9878 9879 9880 9881 9882 9883
9884 9885 9886 9887 9888 9889 9890 9891 9892 9893
9894 9895 9896 9897 9898 9899 9900 9901 9902 9903
9904 9905 9906 9907 9908 9909 9910 9911 9912 9913
9914 9915 9916 9917 9918 9919 9920 9921 9922 9923
9924 9925 9926 9927 9928 9929 9930 9931 9932 9933
9934 9935 9936 9937 9938 9939 9940 9941 9942 9943
9944 9945 9946 9947 9948 9949 9950 9951 9952 9953
9954 9955 9956 9957 9958 9959 9960 9961 9962 9963
9964 9965 9966 9967 9968 9969 9970 9971 9972 9973
9974 9975 9976 9977 9978 9979 9980 9981 9982 9983
9984 9985 9986 9987 9988 9989 9990 9991 9992 9993
9994 9995 9996 9997 9998 9999 10000 10001 10002 10003
10004 10005 10006 10007 10008 10009 10010 10011 10012 10013
10014 10015 10016 10017 10018 10019 10020 10021 10022 10023
10024 10025 10026 10027 10028 10029 10030 10031 10032 10033
10034 10035 10036 10037 10038 10039 10040 10041 10042 10043
10044 10045 10046 10047 10048 10049 10050 10051 10052 10053
10054 10055 10056 10057 10058 10059 10060 10061 10062 10063
10064 10065 10066 10067 10068 10069 10070 10071 10072 10073
10074 10075 10076 10077 10078 10079 10080 10081 10082 10083
10084 10085 10086 10087 10088 10089 10090 10091 10092 10093
10094 10095 10096 10097 10098 10099 10100 10101 10102 10103
10104 10105 10106 10107 10108 10109 10110 10111 10112 10113
10114 10115 10116 10117 10118 10119 10120 10121 10122 10123
10124 10125 10126 10127 10128 10129 10130 10131 10132 10133
10134 10135 10136 10137 10138 10139 10140 10141 10142 10143
10144 10145 10146 10147 10148 10149 10150 10151 10152 10153
10154 10155 10156 10157 10158 10159 10160 10161 10162 10163
10164 10165 10166 10167 10168 10169 10170 10171 611 10172
10173 10174 10175 10176 10177 10178 10179 10180 10181 10182
10183 10184 10185 10186 10187 10188 10189 10190 10191 10192
10193 10194 10195 10196 10197 10198 10199 10200 10201 10202
10203 10204 10205 10206 10207 10208 10209 10210 10211 10212
10213 10214 10215 10216 10217 10218 10219 10220 10221 10222
10223 10224 10225 10226 10227 10228 10229 10230 10231 10232
10233 10234 10235 10236 10237 10238 10239 10240 10241 10242
10243 10244 10245 10246 10247 10248 10249 10250 10251 10252
10253 10254 10255 10256 10257 10258 10259 10260 10261 10262
10263 10264 10265 10266 10267 10268 10269 10270 10271 10272
10273 10274 10275 10276 10277 10278 10279 10280 10281 10282
10283 10284 10285 10286 10287 10288 10289 10290 10291 10292
10293 10294 10295 10296 10297 10298 10299 10300 10301 10302
10303 10304 10305 10306 10307 10308 10309 10310 10311 10312
10313 10314 10315 10316 10317 10318 10319 10320 10321 10322
10323 10324 10325 10326 10327 10328 10329 10330 10331 10332
10333 10334 10335 10336 10337 10338 10339 10340 10341 10342
10343 10344 10345 10346 10347 10348 10349 10350 10351 10352
10353 10354 10355 10356 10357 10358 10359 10360 10361 10362
10363 10364 10365 10366 10367 10368 10369 10370 10371 10372
10373 10374 10375 10376 10377 10378 10379 10380 10381 10382
10383 10384 10385 10386 10387 10388 10389 10390 10391 10392
10393 10394 10395 10396 10397 10398 10399 10400 10401 10402
10403 10404 10405 10406 10407 10408 10409 10410 10411 10412
10413 10414 10415 10416 10417 10418 10419 10420 10421 10422
10423 10424 10425 10426 10427 10428 10429 10430 10431 10432
10433 10434 10435 10436 10437 10438 10439 10440 10441 10442
10443 10444 10445 10446 10447 10448 10449 10450 10451 10452
10453 10454 10455 10456 10457 10458 10459 10460 10461 10462
10463 10464 10465 10466 10467 10468 10469 10470 10471 10472
10473 10474 10475 10476 10477 10478 10479 10480 10481 10482
10483 10484 10485 10486 10487 10488 10489 10490 10491 10492
10493 10494 10495 10496 10497 10498 10499 10500 10501 10502
10503 10504 10505 10506 10507 10508 10509 10510 10511 10512
10513 10514 10515 10516 10517 10518 10519 10520 10521 10522
10523 10524 10525 10526 10527 10528 10529 10530 10531 10532
10533 10534 10535 10536 10537 10538 10539 10540 10541 10542
10543 10544 10545 10546 10547 10548 10549 10550 10551 10552
10553 10554 10555 10556 10557 10558 10559 10560 10561 10562
10563 10564 10565 10566 10567 10568 10569 10570 10571 10572
10573 10574 10575 10576 10577 10578 10579 10580 10581 10582
10583 10584 10585 10586 10587 10588 10589 10590 10591 10592
10593 10594 10595 10596 10597 10598 10599 10600 10601 10602
10603 10604 10605 10606 10607 10608 10609 10610 10611 10612
10613 10614 10615 10616 10617 10618 10619 10620 10621 10622
10623 10624 10625 10626 10627 10628 10629 10630 10631 10632
10633 10634 10635 10636 10637 10638 10639 10640 10641 10642
10643 10644 10645 10646 10647 10648 10649 10650 10651 10652
10653 10654 10655 10656 10657 10658 10659 10660 10661 10662
10663 10664 10665 10666 10667 10668 10669 10670 10671 10672
10673 10674 10675 10676 10677 10678 10679 10680 10681 10682
10683 10684 10685 10686 10687 10688 10689 10690 10691 10692
10693 10694 10695 10696 10697 10698 10699 10700 10701 10702
10703 10704 10705 10706 10707 10708 10709 10710 10711 10712
10713 10714 10715 10716 10717 10718 10719 10720 10721 10722
10723 10724 10725 10726 10727 10728 10729 10730 10731 10732
10733 10734 10735 10736 10737 10738 10739 10740 10741 10742
10743 10744 10745 10746 10747 10748 10749 10750 10751 10752
10753 10754 10755 10756 10757 10758 10759 10760 10761 10762
10763 10764 10765 10766 10767 10768 10769 10770 10771 10772
10773 10774 10775 10776 10777 10778 10779 10780 10781 10782
636 10783 10784 10785 10786 10787 10788 10789 10790 10791
10792 10793 10794 10795 10796 10797 10798 10799 10800 10801
10802 10803 10804 10805 10806 10807 10808 10809 10810 10811
10812 10813 10814 10815 10816 10817 10818 10819 10820 10821
10822 10823 10824 10825 10826 10827 10828 10829 10830 10831
10832 10833 10834 10835 10836 10837 10838 10839 10840 10841
10842 10843 10844 10845 10846 10847 10848 10849 10850 10851
10852 10853 10854 10855 10856 10857 10858 10859 10860 10861
10862 10863 10864 10865 10866 10867 10868 10869 10870 10871
10872 10873 10874 10875 10876 10877 10878 10879 10880 10881
10882 10883 10884 10885 10886 10887 10888 10889 10890 10891
10892 10893 10894 10895 10896 10897 10898 10899 10900 10901
10902 10903 10904 10905 10906 10907 10908 10909 10910 10911
10912 10913 10914 10915 10916 10917 10918 10919 10920 10921
10922 10923 10924 10925 10926 10927 10928 10929 10930 10931
10932 10933 10934 10935 10936 10937 10938 10939 10940 10941
10942 10943 10944 10945 10946 10947 10948 10949 10950 10951
10952 10953 10954 10955 10956 10957 10958 10959 10960 10961
10962 10963 10964 10965 10966 10967 10968 10969 10970 10971
10972 10973 10974 10975 10976 10977 10978 10979 10980 10981
10982 10983 10984 10985 10986 10987 10988 10989 10990 10991
10992 10993 10994 10995 10996 10997 10998 10999 11000 11001
11002 11003 11004 11005 11006 11007 11008 11009 11010 11011
11012 11013 11014 11015 11016 11017 11018 11019 11020 11021
11022 11023 11024 11025 11026 11027 11028 11029 11030 11031
11032 11033 11034 11035 11036 11037 11038 11039 11040 11041
11042 11043 11044 11045 11046 11047 11048 11049 11050 11051
11052 11053 11054 11055 11056 11057 11058 11059 11060 11061
11062 11063 11064 11065 11066 11067 11068 11069 11070 11071
11072 11073 11074 11075 11076 11077 11078 11079 11080 11081
11082 11083 11084 11085 11086 11087 11088 11089 11090 11091
11092 11093 11094 11095 11096 11097 11098 11099 11100 11101
11102 11103 11104 11105 11106 11107 11108 11109 11110 11111
11112 11113 11114 11115 11116 11117 11118 11119 11120 11121
11122 11123 11124 11125 11126 11127 11128 11129 11130 11131
11132 11133 11134 11135 11136 11137 11138 11139 11140 11141
11142 11143 11144 11145 11146 11147 11148 11149 11150 11151
11152 11153 11154 11155 11156 11157 11158 11159 11160 11161
11162 11163 11164 11165 11166 11167 11168 11169 11170 11171
11172 11173 11174 11175 11176 11177 11178 11179 11180 11181
11182 11183 11184 11185 11186 11187 11188 11189 11190 11191
11192 11193 11194 11195 11196 11197 11198 11199 11200 11201
11202 11203 11204 11205 11206 11207 11208 11209 11210 11211
11212 11213 11214 11215 11216 11217 11218 11219 11220 11221
11222 11223 11224 11225 11226 11227 11228 11229 11230 11231
11232 11233 11234 11235 11236 11237 11238 11239 11240 11241
11242 11243 11244 11245 11246 11247 11248 11249 11250 11251
11252 11253 11254 11255 11256 11257 11258 11259 11260 11261
11262 11263 11264 11265 11266 11267 11268 11269 11270 11271
11272 11273 11274 11275 11276 11277 11278 11279 11280 11281
11282 11283 11284 11285 11286 11287 11288 11289 11290 11291
11292 11293 11294 11295 11296 11297 11298 11299 11300 11301
11302 11303 11304 11305 11306 11307 11308 11309 11310 11311
11312 11313 11314 11315 11316 11317 11318 11319 11320 11321
11322 11323 11324 11325 11326 11327 11328 11329 11330 11331
11332 11333 11334 11335 11336 11337 11338 11339 11340 11341
11342 11343 11344 11345 11346 11347 11348 11349 11350 11351
11352 11353 11354 11355 11356 11357 11358 11359 11360 11361
11362 11363 11364 11365 11366 11367 11368 11369 11370 11371
11372 11373 11374 11375 11376 11377 11378 11379 11380 11381
11382 11383 11384 11385 11386 11387 11388 11389 11390 11391
11392 11393 11394 11395 11396 11397 11398 11399 11400 11401
11402 11403 11404 11405 11406 11407 11408 11409 11410 11411
11412 11413 11414 11415 11416 11417 11418 686 11419 11420
11421 11422 11423 11424 11425 11426 11427 11428 11429 11430
11431 11432 11433 11434 11435 11436 11437 11438 11439 11440
11441 11442 11443 11444 11445 11446 11447 11448 11449 11450
11451 11452 11453 11454 11455 11456 11457 11458 11459 11460
11461 11462 11463 11464 11465 11466 11467 11468 11469 11470
11471 11472 11473 11474 11475 11476 11477 11478 11479 11480
11481 11482 11483 11484 11485 11486 11487 11488 11489 11490
11491 11492 11493 11494 11495 11496 11497 11498 11499 11500
11501 11502 11503 11504 11505 11506 11507 11508 11509 11510
11511 11512 11513 11514 11515 11516 11517 11518 11519 11520
11521 11522 11523 11524 11525 11526 11527 11528 11529 11530
11531 11532 11533 11534 11535 11536 11537 11538 11539 11540
11541 11542 11543 11544 11545 11546 11547 11548 11549 11550
11551 11552 11553 11554 11555 11556 11557 11558 11559 11560
11561 11562 11563 11564 11565 11566 11567 11568 11569 11570
11571 11572 11573 11574 11575 11576 11577 11578 11579 11580
11581 11582 11583 11584 11585 11586 11587 11588 11589 11590
11591 11592 11593 11594 11595 11596 11597 11598 11599 11600
11601 11602 11603 11604 11605 11606 11607 11608 11609 11610
11611 11612 11613 11614 11615 11616 11617 11618 11619 11620
11621 11622 11623 11624 11625 11626 11627 11628 11629 11630
11631 11632 11633 11634 11635 11636 11637 11638 11639 11640
11641 11642 11643 11644 11645 11646 11647 11648 11649 11650
11651 11652 11653 11654 11655 11656 11657 11658 11659 11660
11661 11662 11663 11664 11665 11666 11667 11668 11669 11670
11671 11672 11673 11674 11675 11676 11677 11678 11679 11680
11681 11682 11683 11684 11685 11686 11687 11688 11689 11690
11691 11692 11693 11694 11695 11696 11697 11698 11699 11700
11701 11702 11703 11704 11705 11706 11707 11708 11709 11710
11711 11712 11713 11714 11715 11716 11717 11718 11719 11720
11721 11722 11723 11724 11725 11726 11727 11728 11729 11730
11731 11732 11733 11734 11735 11736 11737 11738 11739 11740
11741 11742 11743 11744 11745 11746 11747 11748 11749 11750
11751 11752 11753 11754 11755 11756 11757 11758 11759 11760
11761 11762 11763 11764 11765 11766 11767 11768 11769 11770
11771 11772 11773 11774 11775 11776 11777 11778 11779 11780
11781 11782 11783 11784 11785 11786 11787 11788 11789 11790
11791 11792 11793 11794 11795 11796 11797 11798 11799 11800
11801 11802 11803 11804 11805 11806 11807 11808 11809 11810
11811 11812 11813 11814 11815 11816 11817 11818 11819 11820
11821 11822 11823 11824 11825 11826 11827 11828 11829 11830
11831 11832 11833 11834 11835 11836 11837 11838 11839 11840
11841 11842 11843 11844 11845 11846 11847 11848 11849 11850
11851 11852 11853 11854 11855 11856 11857 11858 11859 11860
11861 11862 11863 11864 11865 11866 11867 11868 11869 11870
11871 11872 11873 11874 11875 11876 11877 11878 11879 11880
11881 11882 11883 11884 11885 11886 11887 11888 11889 11890
11891 11892 11893 11894 11895 11896 11897 11898 11899 11900
11901 11902 11903 11904 11905 11906 11907 11908 11909 11910
11911 11912 11913 11914 11915 11916 11917 11918 11919 11920
11921 11922 11923 11924 11925 11926 11927 11928 11929 11930
11931 11932 11933 11934 11935 11936 11937 11938 11939 11940
11941 11942 11943 11944 11945 11946 11947 11948 11949 11950
11951 11952 11953 11954 11955 11956 11957 11958 11959 11960
11961 11962 11963 11964 11965 11966 11967 11968 11969 11970
11971 11972 11973 11974 11975 11976 11977 11978 11979 11980
11981 11982 11983 11984 11985 11986 11987 11988 11989 11990
11991 11992 11993 11994 11995 11996 11997 11998 11999 12000
12001 12002 12003 12004 12005 12006 12007 12008 12009 12010
12011 12012 12013 12014 12015 12016 12017 12018 12019 12020
12021 12022 12023 12024 12025 12026 12027 12028 12029 12030
12031 12032 12033 12034 12035 12036 12037 12038 12039 12040
12041 12042 12043 12044 12045 12046 12047 12048 12049 12050
12051 12052 12053 12054 12055 12056 12057 12058 12059 12060
12061 12062 12063 12064 12065 12066 12067 12068 12069 12070
12071 12072 12073 12074 12075 12076 12077 12078 12079 12080
12081 12082 12083 12084 12085 12086 12087 12088 12089 12090
12091 12092 12093 12094 12095 12096 12097 12098 12099 12100
12101 12102 12103 12104 
POINT_DATA 12105
FIELD attributes 3
age 1 12105 float
0 8.82367e-06 1.76473e-05 2.6471e-05 3.52947e-05 4.41166e-05 4.5312e-05 4.65073e-05 4.77027e-05 4.88981e-05 5.00934e-05
0.000676261 0.00130246 0.00192866 0.00255487 0.00318107 0.00380727 0.00443347 0.00505968 0.00568588 0.00631209
0.00693831 0.00756456 0.00819081 0.00881707 0.00944332 0.0100695 0.0106958 0.011322 0.0119483 0.0125745
0.0132008 0.013827 0.0144532 0.0150795 0.0157057 0.0163319 0.0169581 0.0175844 0.0182106 0.0188368
0.019463 0.0200892 0.0207153 0.0213415 0.0219677 0.0225938 0.02322 0.0238461 0.0244723 0.0250984
0.0257245 0.0263506 0.0269767 0.0276028 0.0282289 0.028855 0.029482 0.030109 0.0307359 0.0313629
0.0316764 0.03199 0.0323036 0.0326172 0.0328741 0.0328854 0.0328968 0.0329081 0.0329194 0.0329308
0.0332445 0.0335582 0.0338719 0.0341857 0.0344994 0.0348135 0.0351276 0.0354418 0.0357559 0.03607
0.0363845 0.0366991 0.0370136 0.0373282 0.0376427 0.0379573 0.0382727 0.0385881 0.0389034 0.0392186
0.0393765 0.0395344 0.0396924 0.0398503 0.0400082 0.0401659 0.0403237 0.0404815 0.0406393 0.0407971
0.040954 0.0411111 0.0412683 0.0414253 0.0415824 0.0417384 0.0418946 0.0420507 0.0422069 0.042363
0.0425192 0.0426757 0.0428322 0.0429887 0.0431452 0.0433018 0.0434586 0.0436154 0.0437723 0.0439291
0.0440883 0.0442481 0.0444078 0.0445674 0.0447269 0.044891 0.045054 0.0452169 0.0453798 0.0455426
0.0457005 0.0458755 0.0460734 0.0463011 0.0465782 0 1.80616e-07 3.61231e-07 5.41847e-07 7.22462e-07
9.03077e-07 1.17247e-05 2.25463e-05 3.33679e-05 4.41895e-05 5.50111e-05 0.000742648 0.00143079 0.00211944 0.00280858
0.00349822 0.00418754 0.00487754 0.00556799 0.0062589 0.00695025 0.00764098 0.00833299 0.00902521 0.00971764
0.0104103 0.0111014 0.011794 0.0124867 0.0131794 0.0138721 0.0145626 0.015255 0.0159472 0.0166392
0.017331 0.0180201 0.0187115 0.0194025 0.020093 0.0207832 0.0214701 0.0221593 0.0228478 0.0235357
0.0242231 0.0249073 0.025594 0.0262801 0.0269655 0.0276503 0.0283317 0.0290152 0.0296983 0.0303807
0.0310627 0.0317419 0.0324231 0.0331042 0.0337851 0.0344699 0.0348185 0.0351673 0.0355162 0.0358654
0.0362151 0.0365655 0.0369166 0.0372684 0.0376206 0.0379736 0.0381197 0.0382658 0.0384121 0.0385583
0.0386885 0.0388999 0.0391114 0.039323 0.0395351 0.039748 0.0401071 0.040467 0.0408278 0.0411892
0.0415528 0.0417349 0.0419172 0.0421 0.0422829 0.0424669 0.0426507 0.0428346 0.0430185 0.0432024
0.0433871 0.0435717 0.0437565 0.0439412 0.0441257 0.0443113 0.0443274 0.0443436 0.0443598 0.044376
0.0443916 0.0445598 0.0447281 0.0448967 0.0450656 0.0452362 0.045421 0.0456055 0.0457905 0.0459759
0.0461627 0.0463423 0.0465206 0.0466981 0.0468759 0.0470563 0.0472535 0.0474498 0.0476453 0.047841
0.0480472 0.0482587 0.0484339 0.048609 0.048784 0.0489758 0.0490027 0.0490288 0.0490545 0.049081
0.0491063 0.0493278 0.0495724 0.0498464 0.0501668 0.0505512 0.0509571 0.0513912 0.0519058 0.0525371
0.0533632 0.053405 0.0534473 0.0534905 0.0535348 0.0535604 0.053827 0.0541128 0.0544066 0.0546888
0.0588819 0.0593853 0.0596153 0.0598244 0.060016 0.0726469 0.0726469 0.0726469 0.0726469 0.0726469
0.0726469 0.0728468 0.0730452 0.0732585 0.0734877 0.0738899 0 1.38659e-07 2.77317e-07 4.15977e-07
5.54636e-07 6.93272e-07 1.17875e-05 2.28837e-05 3.39819e-05 4.50821e-05 5.61842e-05 0.00075886 0.00146199 0.00216565
0.0028699 0.00357476 0.00428024 0.00498618 0.00569262 0.00639955 0.00710696 0.0078148 0.00852282 0.00923107
0.00993962 0.0106485 0.0113577 0.012067 0.0127764 0.0134859 0.0141955 0.0149051 0.0156146 0.0163238
0.017033 0.0177422 0.0184514 0.0191602 0.0198687 0.020577 0.021285 0.0219926 0.0226998 0.0234065
0.0241126 0.0248184 0.0255236 0.0262284 0.0269327 0.0276365 0.0283402 0.0290431 0.0297458 0.0304482
0.0311506 0.0318536 0.0325568 0.0332608 0.0339659 0.0346721 0.0353808 0.0357355 0.0360909 0.036447
0.036804 0.0371625 0.0375217 0.0378818 0.0382437 0.0386074 0.0389744 0.0393432 0.0397156 0.0400919
0.0404721 0.0408575 0.0410499 0.041243 0.0414368 0.0416314 0.0418284 0.0418822 0.0419361 0.0419901
0.0420441 0.0420919 0.0422391 0.0423869 0.0425353 0.0426842 0.0428355 0.0430406 0.0432472 0.0434554
0.0436651 0.0438816 0.0440929 0.0443046 0.0445166 0.0447289 0.04495 0.0450858 0.0452286 0.0453727
0.0455115 0.045627 0.0457162 0.0458054 0.0458948 0.0459842 0.0460754 0.046315 0.0465764 0.0468918
0.0472599 0.0475798 0.0477817 0.0479491 0.0481212 0.0482979 0.0484493 0.0486844 0.0489349 0.0492029
0.0494909 0.0498265 0.0503299 0.0506577 0.0509631 0.051305 0.0517812 0.052406 0.0527801 0.0531261
0.0535254 0.0557404 0.0559628 0.0562081 0.0564816 0.0567905 0.0571609 0.0578289 0.0582209 0.0586768
0.0592216 0.0620148 0 1.18993e-07 2.37985e-07 3.56978e-07 4.75971e-07 5.9496e-07 1.18012e-05 2.30076e-05
3.42142e-05 4.5421e-05 5.6628e-05 0.000764511 0.00147303 0.0021822 0.00289199 0.00360244 0.00431344 0.00502498
0.00573701 0.00644963 0.00716294 0.00787678 0.00859109 0.00930584 0.010021 0.0107365 0.0114522 0.0121681
0.0128841 0.0136002 0.0143167 0.0150333 0.0157499 0.0164665 0.017183 0.0178997 0.018616 0.0193322
0.0200481 0.0207636 0.0214789 0.0221935 0.0229077 0.0236213 0.0243344 0.0250474 0.0257593 0.0264708
0.0271818 0.0278922 0.0286031 0.0293136 0.0300255 0.0307378 0.0314493 0.0321622 0.0325185 0.0328754
0.0332332 0.0335916 0.0339509 0.0343112 0.0346723 0.0350343 0.0353972 0.0357625 0.03613 0.0365006
0.0368741 0.0372493 0.0376274 0.0380088 0.0383942 0.0387839 0.0391778 0.0395792 0.0397839 0.03999
0.0401986 0.0404097 0.0406255 0.0407276 0.0408303 0.0409336 0.0410374 0.0411168 0.0412401 0.0413641
0.0414889 0.0416142 0.0417419 0.041971 0.0422017 0.0424346 0.0426709 0.0429222 0.043168 0.0434169
0.0436687 0.043922 0.0442105 0.0443344 0.044458 0.0445813 0.0447139 0.0448609 0.044885 0.0449092
0.0449335 0.0449581 0.0449834 0.045241 0.0455119 0.0457976 0.0460998 0.0464051 0.0468804 0.047263
0.0476323 0.0480266 0.0483238 0.0485742 0.0488165 0.0490533 0.0492969 0.0495649 0.0502905 0.0506112
0.0508424 0.0510713 0.0520298 0.0522748 0.0524936 0.0526902 0.0528777 0.053084 0.0539463 0.0543913
0.0549213 0.0555768 0.0572318 0.0657504 0.0672355 0.0682978 0.0693296 0.070932 0.0710998 0.0712666
0.0714335 0.0716013 0.0717948 0.0823595 0.0875356 0.0899755 0.091526 0.0927741 0.0929962 0.0931613
0.0932925 0.093426 0.0935642 0.0945392 0.0950476 0.0953892 0.095646 0.0959279 0.0965897 0.0969928
0.097304 0.0975732 0.0978318 0.0980791 0.0983095 0.0985247 0.0987402 0.0989819 0.0992292 0.0994605
0.0996798 0.0999022 0.100137 0.100384 0.100625 0.100868 0.101113 0.101362 0.101401 0.10144
0.101479 0.101518 0.101557 0.101766 0.101976 0.102187 0.102399 0.102612 0.102759 0.102905
0.103051 0.103198 0.103363 0.10347 0.103577 0.103684 0.103792 0.103899 0.104158 0.104414
0.104668 0.10492 0.105172 0.105422 0.105669 0.105914 0.106158 0.106403 0.106521 0.106638
0.106754 0.10687 0.106989 0.10711 0.107231 0.107351 0.10747 0.10759 0.107825 0.108056
0.108285 0.108512 0.108751 0.108992 0.109228 0.109462 0.109699 0.10995 0.109974 0.109998
0.110021 0.110045 0.110067 0.110292 0.110517 0.110743 0.11097 0.111211 0.111303 0.111396
0.111488 0.111581 0.111674 0.111849 0.112025 0.112203 0.112383 0.112568 0.112666 0.112764
0.112863 0.112963 0.113061 0.113252 0.113445 0.11364 0.113837 0.11404 0.114352 0.114666
0.114982 0.115304 0.115637 0.115748 0.115859 0.115972 0.116086 0.116197 0.116435 0.116677
0.116922 0.117171 0.117429 0.117564 0.1177 0.117837 0.117973 0.118082 0.118341 0.118599
0.118857 0.119115 0.119379 0.119462 0.119545 0.119628 0.119711 0.119794 0.120517 0.121248
0.121986 0.122717 0.123482 0.124286 0.125095 0.125908 0.126724 0.127639 0.127645 0.12765
0.127656 0.127661 0.127666 0.12783 0.127994 0.128159 0.128323 0.128492 0.12917 0.129852
0.130535 0.131221 0.131892 0.13266 0.133433 0.134211 0.134987 0.135815 0.135873 0.135931
0.135989 0.136046 0.136104 0.136941 0.137773 0.138599 0.139422 0.140212 0.140733 0.141252
0.141769 0.142284 0.142896 0.143076 0.143256 0.143437 0.143617 0.143799 0.143887 0.143975
0.144063 0.144151 0.144238 0.145031 0.14582 0.146604 0.147381 0.148146 0.148832 0.149518
0.150202 0.150879 0.151574 0.151634 0.151694 0.151754 0.151814 0.151874 0.152591 0.153303
0.154011 0.154717 0.155395 0.156068 0.156738 0.157403 0.158062 0.158694 0.15882 0.158946
0.159071 0.159197 0.159326 0.159829 0.16033 0.160828 0.161322 0.161804 0.16241 0.163011
0.163605 0.164196 0.164771 0.165348 0.165921 0.166492 0.167061 0.167618 0.167754 0.167889
0.168024 0.168159 0.1683 0.168721 0.169142 0.169561 0.169979 0.170393 0.170942 0.171489
0.172034 0.172576 0.17311 0.173645 0.17418 0.174715 0.175249 0.175779 0.176313 0.176845
0.177376 0.177907 0.178432 0.178777 0.179122 0.179468 0.179814 0.180188 0.180367 0.180547
0.180727 0.180906 0.181086 0.18162 0.182153 0.182687 0.183222 0.183754 0.184289 0.184824
0.185361 0.1859 0.18644 0.186982 0.187524 0.188067 0.18861 0.189152 0.189695 0.19024
0.190786 0.191333 0.191883 0.192988 0.194098 0.195212 0.19633 0.197447 0.197618 0.197789
0.19796 0.198131 0.198307 0.199263 0.20022 0.201178 0.202137 0.203095 0.204229 0.205366
0.206504 0.207643 0.20878 0.209351 0.20992 0.21049 0.211059 0.211628 0.2122 0.212771
0.213344 0.213918 0.214492 0.215643 0.216797 0.217954 0.219113 0.220273 0.221439 0.222609
0.223782 0.22496 0.226138 0.22732 0.228508 0.2297 0.230896 0.232094 0.233294 0.234501
0.235714 0.236931 0.23815 0.239372 0.240598 0.241827 0.24306 0.244294 0.245529 0.246768
0.248012 0.24926 0.25051 0.251765 0.253019 0.254274 0.255532 0.256792 0.258051 0.259314
0.260579 0.261847 0.263117 0.264395 0.265667 0.266943 0.26822 0.2695 0.27078 0.272062
0.273345 0.274629 0.27592 0.276519 0.277119 0.277719 0.27832 0.278814 0.279533 0.280252
0.280972 0.281691 0.282412 0.283716 0.285017 0.286318 0.287618 0.288927 0.290233 0.29154
0.292848 0.294158 0.29548 0.296403 0.297322 0.298244 0.299166 0.299847 0.300301 0.300755
0.301208 0.301662 0.302116 0.303448 0.304776 0.306103 0.307428 0.30877 0.310106 0.311437
0.312768 0.314099 0.315447 0.316452 0.317451 0.318453 0.319459 0.320468 0.320818 0.321168
0.321517 0.321867 0.322216 0.323575 0.324928 0.32628 0.327631 0.328986 0.330342 0.331693
0.333046 0.334403 0.335766 0.336359 0.33695 0.337543 0.338136 0.338701 0.339488 0.340275
0.34106 0.341844 0.342626 0.344001 0.345366 0.346729 0.348089 0.349452 0.350819 0.352187
0.353554 0.354922 0.356295 0.357673 0.359047 0.360421 0.361794 0.363172 0.36366 0.364147
0.364635 0.365122 0.365662 0.365945 0.366228 0.366511 0.366794 0.36707 0.367664 0.368257
0.368851 0.369444 0.370039 0.371416 0.372789 0.37416 0.375529 0.376904 0.378276 0.379644
0.381007 0.382369 0.383742 0.384992 0.386237 0.387479 0.388719 0.389852 0.389992 0.390133
0.390273 0.390413 0.390553 0.39191 0.393262 0.394611 0.395956 0.39731 0.398651 0.39999
0.401324 0.402656 0.404001 0.404977 0.405952 0.406924 0.407895 0.408813 0.409172 0.409531
0.40989 0.410249 0.410608 0.411921 0.413232 0.414539 0.415842 0.41715 0.418439 0.419726
0.421012 0.422295 0.423591 0.424019 0.424445 0.424872 0.425298 0.425721 0.426566 0.42741
0.428251 0.42909 0.429895 0.43211 0.434546 0.43697 0.439381 0.442025 0.444451 0.446881
0.449303 0.451721 0.454048 0.455254 0.456557 0.457826 0.459065 0.45962 0.460496 0.461383
0.462284 0.463198 0.46415 0.466086 0.468244 0.470497 0.472777 0.475338 0.477262 0.47948
0.481743 0.484003 0.486592 0.488519 0.490726 0.492835 0.494862 0.495724 0.497895 0.500066
0.502235 0.504403 0.506576 0.510457 0.514323 0.518195 0.522074 0.526001 0.529455 0.533324
0.537191 0.541077 0.545013 0.548423 0.552029 0.555787 0.559439 0.563032 0.566247 0.569645
0.572992 0.576281 0.579555 0.582336 0.585167 0.587965 0.590734 0.593402 0.593714 0.594026
0.594339 0.594652 0.594965 0.597974 0.601029 0.60412 0.607254 0.610471 0.613489 0.616758
0.620093 0.623494 0.627045 0.630106 0.633488 0.637116 0.640853 0.644633 0.647686 0.651051
0.654756 0.65843 0.662363 0.665529 0.668945 0.672347 0.675694 0.679197 0.680404 0.681634
0.682857 0.684076 0.684806 0.686882 0.688975 0.691088 0.693223 0.695422 0.698625 0.702026
0.705494 0.70903 0.712851 0.716144 0.719665 0.723245 0.726829 0.730841 0.734186 0.737778
0.741372 0.744967 0.748916 0.751111 0.753369 0.755612 0.757838 0.758451 0.760077 0.761716
0.76337 0.765039 0.766766 0.7703 0.773912 0.777519 0.78112 0.783349 0.78364 0.783932
0.784223 0.784514 0.784805 0.791975 0.799078 0.805727 0.812144 0.818102 0.823904 0.829978
0.836029 0.842048 0.848131 0.853966 0.859887 0.865774 0.871625 0.872402 0.879255 0.88611
0.892967 0.89978 0.906532 0.918037 0.929501 0.940899 0.951945 0.962595 0.972903 0.98341
0.993917 1.00443 1.01496 1.02526 1.0358 1.04633 1.05688 1.06744 1.07774 1.0883
1.09887 1.10945 1.12005 1.13034 1.14093 1.15154 1.16226 1.17313 0 1.05186e-07
2.10372e-07 3.15559e-07 4.20745e-07 5.25927e-07 1.18324e-05 2.31392e-05 3.44462e-05 4.57534e-05 5.70609e-05 0.00077037
0.00148432 0.00219891 0.00291413 0.00363031 0.00434738 0.00506522 0.00578379 0.00650299 0.00722295 0.00794347
0.0086644 0.00938576 0.0101075 0.01083 0.011553 0.0122762 0.0129998 0.0137235 0.0144478 0.0151721
0.0158964 0.0166207 0.0173449 0.0180693 0.0187934 0.0195172 0.0202404 0.0209632 0.0216861 0.0224081
0.0231295 0.0238502 0.0245703 0.0252907 0.0260106 0.0267309 0.0274511 0.0281712 0.0288921 0.029613
0.0303355 0.0310599 0.0317862 0.0325159 0.0325677 0.0326196 0.0326716 0.0327235 0.0327751 0.0330898
0.0334056 0.0337226 0.0340407 0.0343602 0.0347341 0.0351106 0.0354902 0.0358731 0.0362597 0.0366497
0.0370434 0.0374433 0.0378496 0.0382647 0.0386903 0.0391212 0.039563 0.040019 0.040503 0.0407532
0.0410069 0.0412636 0.0415226 0.0417998 0.0418257 0.0418517 0.0418777 0.0419038 0.0419269 0.0420343
0.0421419 0.0422499 0.0423582 0.0424583 0.0426177 0.0427772 0.0429368 0.0430945 0.04327 0.0434464
0.0436197 0.0437949 0.0439764 0.044159 0.0444404 0.0447206 0.0449981 0.0452521 0.0455513 0.0459177
0.0461452 0.0463829 0.0466177 0.0467542 0.0469828 0.0472025 0.0474134 0.047621 0.0478461 0.0482848
0.0485433 0.0487799 0.0490118 0.0490663 0.0491163 0.0491666 0.0492171 0.0492679 0.0493213 0.0495969
0.0497919 0.0499689 0.0501311 0.0503077 0.050475 0.0506452 0.0508202 0.051002 0.0512109 0.0518104
0.0521067 0.0523385 0.052543 0.0527828 0.0531974 0.0534531 0.053676 0.0538942 0.0541109 0.054334
0.0545447 0.0547598 0.0549797 0.0551485 0.0551958 0.0552429 0.05529 0.055337 0.0553841 0.0556353
0.055879 0.0561207 0.0563673 0.0566225 0.0566432 0.0566639 0.0566846 0.0567054 0.0567266 0.056969
0.0572168 0.0574703 0.0577297 0.0579957 0.0583017 0.0586066 0.0589179 0.0592438 0.0595907 0.0596945
0.0597985 0.0599031 0.0600081 0.060104 0.0603677 0.0606329 0.0608997 0.0611682 0.0614481 0.0617223
0.0619969 0.0622724 0.0625497 0.0628996 0.0630009 0.0631026 0.0632047 0.0633072 0.0634117 0.0638242
0.0642415 0.0646619 0.0650884 0.0654128 0.0654414 0.06547 0.0654987 0.0655273 0.0655561 0.0660088
0.0664641 0.0669228 0.0673864 0.0678712 0.068309 0.0687491 0.0691962 0.0696519 0.0701684 0.07021
0.0702517 0.0702935 0.0703353 0.0703771 0.0704577 0.0705385 0.0706197 0.0707013 0.0707879 0.0712351
0.0716901 0.0721531 0.072624 0.0730854 0.0736464 0.0742172 0.0747982 0.0753802 0.075948 0.0762815
0.0766221 0.0769649 0.077303 0.0776247 0.0778601 0.0780947 0.0783287 0.0785626 0.0787998 0.0793217
0.0798496 0.0803778 0.0809039 0.0810461 0.0811614 0.0812765 0.0813913 0.0815057 0.0816207 0.0819757
0.0823154 0.0826549 0.0829963 0.083393 0.0836179 0.0838434 0.0840695 0.0842963 0.0845222 0.0851032
0.0856949 0.0862971 0.0869054 0.0875349 0.0877557 0.0879764 0.0881969 0.0884175 0.0886293 0.0888148
0.0890003 0.0891858 0.0893713 0.0895529 0.0897802 0.0900066 0.0902322 0.090457 0.0906876 0.0916861
0.0926927 0.0937112 0.0946965 0.0955846 0.0959297 0.0962754 0.0966218 0.0969688 0.0973302 0.0978128
0.0982946 0.0987755 0.0992508 0.0996565 0.10051 0.101361 0.10221 0.103051 0.103933 0.104623
0.105309 0.10599 0.10666 0.107329 0.107769 0.108206 0.108642 0.109072 0.10949 0.109683
0.109876 0.110069 0.11026 0.110486 0.111253 0.112003 0.112739 0.113459 0.114092 0.114167
0.114243 0.114318 0.114393 0.114469 0.116039 0.117577 0.119083 0.120554 0.121876 0.123138
0.124379 0.125588 0.126785 0.12808 0.128175 0.12827 0.128365 0.12846 0.128554 0.129818
0.131066 0.132298 0.133513 0.134651 0.134692 0.134734 0.134776 0.134818 0.13486 0.135387
0.135912 0.136435 0.136955 0.137465 0.138016 0.138565 0.139111 0.139655 0.140191 0.140618
0.141043 0.141467 0.14189 0.142376 0.142996 0.143614 0.144231 0.144846 0.145452 0.146485
0.147515 0.148542 0.149565 0.150561 0.151572 0.152583 0.153595 0.154608 0.155605 0.155807
0.156008 0.15621 0.156411 0.156677 0.157471 0.158267 0.159064 0.159862 0.160655 0.161171
0.161687 0.162204 0.162722 0.163297 0.163786 0.164275 0.164765 0.165255 0.165744 0.166766
0.167791 0.168818 0.169848 0.170874 0.171907 0.172941 0.173978 0.175019 0.176057 0.177099
0.178144 0.17919 0.18024 0.181288 0.182341 0.183397 0.184456 0.185516 0.186577 0.187641
0.188709 0.18978 0.190853 0.191928 0.193008 0.194091 0.195178 0.196268 0.197361 0.19846
0.199562 0.200669 0.201781 0.202896 0.204016 0.20514 0.206269 0.207403 0.20854 0.209238
0.209936 0.210637 0.211338 0.212044 0.212493 0.212944 0.213395 0.213846 0.214299 0.215462
0.216629 0.217798 0.218971 0.220148 0.221327 0.22251 0.223694 0.224881 0.226072 0.227264
0.228459 0.229655 0.230852 0.232054 0.233254 0.234458 0.235662 0.236867 0.238076 0.239285
0.240494 0.241704 0.242914 0.244129 0.245339 0.246551 0.247765 0.24898 0.250201 0.251419
0.252637 0.253853 0.25507 0.256295 0.257514 0.258734 0.259953 0.261172 0.2624 0.263625
0.264847 0.266068 0.267287 0.268518 0.268565 0.268612 0.268659 0.268706 0.268752 0.269206
0.269659 0.270112 0.270565 0.270997 0.271725 0.272452 0.273178 0.273904 0.274635 0.27586
0.27708 0.2783 0.279517 0.280748 0.281971 0.28319 0.284403 0.285616 0.286846 0.288071
0.289289 0.290504 0.291718 0.292941 0.293463 0.293984 0.294505 0.295026 0.295519 0.296219
0.296919 0.297618 0.298315 0.299015 0.29975 0.300484 0.301218 0.301952 0.302736 0.303203
0.30367 0.304137 0.304603 0.30507 0.306281 0.30749 0.308698 0.309905 0.311112 0.312085
0.313052 0.314021 0.314991 0.31592 0.316167 0.316415 0.316662 0.316909 0.317156 0.318366
0.319572 0.320776 0.321979 0.323186 0.324394 0.325599 0.326801 0.328004 0.329218 0.330255
0.331288 0.332322 0.333357 0.334371 0.335773 0.33717 0.338563 0.339953 0.341349 0.343711
0.346067 0.348421 0.350776 0.35345 0.353675 0.353901 0.354127 0.354352 0.354588 0.356781
0.358967 0.361144 0.363312 0.365478 0.366077 0.366699 0.367318 0.367927 0.368395 0.370059
0.371777 0.37352 0.375261 0.377088 0.379247 0.381552 0.383855 0.386153 0.388621 0.390701
0.392975 0.395244 0.39751 0.399899 0.400088 0.400279 0.400469 0.400659 0.400832 0.404715
0.408582 0.412435 0.416269 0.420069 0.423918 0.427878 0.431805 0.435727 0.439633 0.443111
0.446773 0.450622 0.454356 0.457992 0.461227 0.464641 0.468037 0.471365 0.474678 0.477641
0.480807 0.483929 0.48701 0.490085 0.490814 0.491546 0.492277 0.493005 0.493722 0.495972
0.498241 0.500529 0.502838 0.505178 0.508161 0.511309 0.514507 0.517757 0.521127 0.524134
0.527535 0.531032 0.534617 0.538223 0.541274 0.544713 0.548618 0.552561 0.556386 0.559465
0.562928 0.566839 0.570639 0.574549 0.577722 0.581238 0.584729 0.588157 0.591697 0.593406
0.595163 0.596908 0.598641 0.599485 0.601166 0.60286 0.604569 0.606294 0.608054 0.611296
0.614721 0.618216 0.621784 0.625604 0.628922 0.632539 0.636269 0.639996 0.644098 0.647474
0.65117 0.654889 0.658611 0.662683 0.666212 0.669929 0.673648 0.677335 0.680756 0.680843
0.68093 0.681017 0.681104 0.681191 0.684814 0.688521 0.692247 0.695957 0.699752 0.69979
0.699827 0.699865 0.699903 0.699941 0.703602 0.707263 0.710921 0.714573 0.718213 0.721867
0.72554 0.729212 0.732874 0.736498 0.742685 0.748738 0.754331 0.759819 0.768893 0.774843
0.780889 0.786921 0.792933 0.793393 0.794504 0.795615 0.796728 0.797841 0.798957 0.810934
0.822866 0.834752 0.84665 0.858435 0.870226 0.881925 0.893422 0.904563 0.915264 0.925623
0.936285 0.946948 0.957621 0.968319 0.978674 0.989375 1.00008 1.0108 1.02154 1.0319
1.04264 1.0534 1.06416 1.07496 1.08531 1.0961 1.1069 1.11778 1.1288 0
9.49736e-08 1.89947e-07 2.84921e-07 3.79895e-07 4.74866e-07 1.18801e-05 2.32857e-05 3.46915e-05 4.60975e-05 5.75038e-05
0.000776349 0.0014961 0.00221678 0.00293839 0.00366104 0.00438454 0.00510886 0.00583397 0.00655986 0.00728675
0.00801436 0.00874277 0.00947176 0.0102013 0.0109318 0.0116625 0.0123938 0.0131253 0.0138572 0.0145898
0.0153223 0.016055 0.0167874 0.0175197 0.0182526 0.0189848 0.0197165 0.0204476 0.021178 0.0219091
0.0221319 0.0223548 0.0225776 0.0228005 0.0230009 0.0235125 0.0240242 0.0245358 0.0250473 0.0255595
0.0262898 0.027021 0.0277538 0.0284881 0.029225 0.0299629 0.0307032 0.0314491 0.0322006 0.0329587
0.0333413 0.0337254 0.0341118 0.034501 0.0348942 0.0352916 0.0356936 0.0361009 0.0365132 0.0369323
0.0373562 0.0377877 0.0382275 0.0386776 0.0391529 0.0393975 0.0396441 0.0398926 0.0401426 0.0404086
0.0406703 0.0409332 0.041197 0.0414594 0.0417667 0.0418599 0.0419524 0.0420444 0.0421354 0.0422034
0.0424017 0.0425961 0.0427864 0.0429729 0.0431867 0.0433213 0.043452 0.0435789 0.0437031 0.0438177
0.0439489 0.0440777 0.0442047 0.0443301 0.0444282 0.0444335 0.0444388 0.0444441 0.0444494 0.0444547
0.0445885 0.0447201 0.0448497 0.0449772 0.0451325 0.0451995 0.0452662 0.0453325 0.0453986 0.0454623
0.045656 0.04585 0.0460441 0.0462382 0.0464202 0.0465188 0.0466038 0.0466889 0.0467748 0.0468726
0.04696 0.0470481 0.0471367 0.047226 0.0473143 0.0474041 0.0474945 0.0475854 0.0476769 0.0477617
0.0478725 0.0479847 0.0480983 0.0482134 0.0483292 0.048548 0.0487682 0.0489904 0.0492168 0.0494476
0.0495141 0.0495806 0.0496473 0.0497144 0.0497838 0.0499569 0.0501326 0.0503112 0.0504928 0.050679
0.0511982 0.0517262 0.0522722 0.0528385 0.0534423 0.0537425 0.054044 0.0543481 0.0546561 0.0549726
0.0549816 0.0549905 0.0549995 0.0550084 0.0550174 0.0553467 0.0556785 0.0560127 0.0563496 0.0566926
0.0567056 0.0567185 0.0567315 0.0567444 0.0567574 0.0574359 0.058126 0.0588294 0.0595426 0.0602913
0.0610686 0.0618453 0.0626259 0.0634155 0.0640611 0.0641102 0.0641593 0.0642084 0.0642576 0.064307
0.064369 0.064431 0.0644928 0.0645547 0.0646161 0.0654114 0.0662155 0.0670281 0.0678365 0.0686976
0.0693081 0.0699164 0.0705223 0.0711311 0.0716712 0.0718661 0.0720599 0.0722527 0.0724445 0.0726562
0.0727392 0.0728221 0.072905 0.0729879 0.0730704 0.073923 0.0747754 0.0756281 0.0764761 0.0772449
0.0774777 0.0777097 0.0779411 0.0781724 0.0784103 0.0789675 0.0795229 0.0800746 0.0806227 0.081133
0.0817909 0.0824436 0.0830906 0.0837357 0.0847748 0.084814 0.0848531 0.0848922 0.0849313 0.0849723
0.0850225 0.0850726 0.0851227 0.0851727 0.085223 0.0858363 0.0864443 0.0870471 0.087645 0.0882239
0.0895586 0.0908813 0.0921933 0.0934949 0.0947251 0.0956068 0.0964821 0.0973507 0.0982159 0.099148
0.0994822 0.0998157 0.100149 0.100481 0.10081 0.101993 0.103165 0.104327 0.105471 0.106576
0.10713 0.107682 0.108231 0.108779 0.109316 0.109855 0.110392 0.110926 0.111459 0.111986
0.112512 0.113036 0.113559 0.114079 0.114592 0.114624 0.114656 0.114689 0.114721 0.114753
0.115235 0.115717 0.116196 0.116675 0.117147 0.117217 0.117287 0.117357 0.117427 0.117498
0.118436 0.119372 0.120303 0.121232 0.122142 0.123128 0.124114 0.1251 0.126086 0.127055
0.12803 0.129008 0.129988 0.13097 0.13194 0.13292 0.133902 0.134887 0.135876 0.136858
0.137528 0.138199 0.138871 0.139546 0.140378 0.140669 0.14096 0.141252 0.141544 0.141836
0.142839 0.143845 0.144854 0.145867 0.146877 0.147894 0.148912 0.149934 0.150958 0.151983
0.153013 0.154045 0.15508 0.156118 0.157158 0.158204 0.159251 0.160299 0.161351 0.162406
0.163466 0.164528 0.165591 0.166656 0.167726 0.168801 0.169879 0.170959 0.172043 0.173131
0.174224 0.175321 0.176423 0.177529 0.178638 0.179754 0.180874 0.181998 0.183126 0.184254
0.185385 0.186522 0.187665 0.188812 0.189961 0.191113 0.192267 0.193425 0.194584 0.195742
0.196898 0.19806 0.199226 0.200394 0.201563 0.202733 0.203903 0.205073 0.206243 0.207416
0.208584 0.209755 0.210928 0.212101 0.213276 0.214451 0.215624 0.216796 0.217969 0.219147
0.22032 0.221494 0.222668 0.223841 0.22502 0.225909 0.226797 0.227685 0.228573 0.229304
0.229464 0.229624 0.229783 0.229943 0.230097 0.230258 0.230419 0.23058 0.230741 0.230903
0.23208 0.233258 0.234434 0.23561 0.236797 0.237979 0.239158 0.240336 0.241514 0.242704
0.243887 0.245068 0.246247 0.247425 0.248619 0.24981 0.250995 0.252174 0.253354 0.25455
0.255739 0.256926 0.258112 0.259297 0.260496 0.260721 0.260947 0.261172 0.261397 0.261622
0.26216 0.262698 0.263236 0.263773 0.264273 0.264711 0.265149 0.265587 0.266024 0.266463
0.267659 0.268851 0.270045 0.271238 0.272441 0.273646 0.274844 0.276034 0.277223 0.27842
0.279619 0.280815 0.28201 0.283205 0.284404 0.284801 0.285198 0.285594 0.285991 0.286379
0.287186 0.287992 0.288797 0.289602 0.290407 0.290909 0.291411 0.291913 0.292416 0.29298
0.29367 0.29436 0.29505 0.29574 0.296429 0.297637 0.298841 0.300045 0.30125 0.302454
0.303143 0.303833 0.304522 0.305212 0.305874 0.3064 0.306925 0.307451 0.307977 0.308504
0.30972 0.310934 0.312148 0.313364 0.314588 0.315813 0.317035 0.318254 0.319476 0.320702
0.321377 0.322052 0.322727 0.3234 0.324049 0.324604 0.325157 0.32571 0.326262 0.326815
0.329257 0.331675 0.334083 0.33648 0.338871 0.341277 0.343662 0.346031 0.34839 0.350735
0.352136 0.353536 0.354931 0.356322 0.357756 0.358669 0.35958 0.360489 0.361395 0.362304
0.364597 0.366879 0.369155 0.371426 0.373694 0.375959 0.378226 0.38049 0.382753 0.384999
0.386028 0.387057 0.388086 0.389112 0.390155 0.391368 0.39258 0.393791 0.395 0.396211
0.40068 0.405121 0.40955 0.413962 0.418233 0.422068 0.426095 0.430309 0.434438 0.438436
0.441891 0.445534 0.449147 0.452667 0.456162 0.458984 0.461956 0.464881 0.467765 0.468947
0.469593 0.47024 0.47089 0.471541 0.472196 0.47534 0.478579 0.481876 0.485239 0.488736
0.491899 0.495479 0.49916 0.502957 0.506841 0.510052 0.513705 0.517794 0.521879 0.526008
0.5293 0.533037 0.537077 0.541093 0.545333 0.548706 0.552433 0.556082 0.559662 0.563308
0.563358 0.563409 0.56346 0.563511 0.563561 0.566977 0.570468 0.574035 0.577689 0.581564
0.585113 0.589008 0.592891 0.596763 0.6009 0.604551 0.608421 0.612291 0.616159 0.620173
0.622006 0.623868 0.625728 0.627587 0.629102 0.631176 0.63325 0.635324 0.637399 0.639468
0.641974 0.644482 0.64699 0.649495 0.652279 0.653564 0.654849 0.656133 0.657418 0.658701
0.662499 0.666341 0.67018 0.674016 0.67783 0.681575 0.685377 0.689185 0.692985 0.696731
0.700357 0.704061 0.707825 0.711587 0.715295 0.718945 0.722631 0.726332 0.729993 0.733588
0.73971 0.74562 0.751386 0.757111 0.766561 0.768811 0.771079 0.773346 0.775611 0.776938
0.781185 0.785451 0.789738 0.794047 0.798397 0.811028 0.823638 0.836199 0.848662 0.860952
0.872787 0.884805 0.896449 0.90773 0.918617 0.929087 0.93997 0.950858 0.961753 0.972692
0.983156 0.994089 1.00504 1.01599 1.02696 1.03742 1.04836 1.05937 1.07039 1.08136
1.09182 1.10274 1.11381 1.12491 1.13596 0 8.48044e-08 1.69609e-07 2.54413e-07 3.39218e-07
4.2402e-07 1.19431e-05 2.34626e-05 3.49824e-05 4.65025e-05 5.8023e-05 0.000783378 0.00150966 0.00223687 0.00296501
0.00369424 0.0044244 0.00515555 0.00588763 0.00662062 0.00735483 0.00808982 0.00882557 0.00956205 0.0102993
0.0110377 0.0110717 0.0111058 0.0111398 0.0111739 0.0112069 0.0119121 0.0126176 0.0133235 0.0140297
0.014737 0.015478 0.0162191 0.01696 0.0177008 0.0184429 0.0191837 0.0199244 0.020665 0.0214055
0.0221474 0.0228882 0.0236295 0.0243722 0.0251162 0.0258625 0.0266092 0.0273571 0.0281079 0.0288624
0.0296215 0.0303845 0.0311527 0.0319305 0.0327181 0.0335135 0.0339196 0.0343291 0.0347427 0.0351602
0.0355825 0.0360105 0.0364442 0.0368836 0.0373287 0.0377894 0.038258 0.0387382 0.0392266 0.0397192
0.0402585 0.0403331 0.0404076 0.0404821 0.0405565 0.0406195 0.0408172 0.0410145 0.0412112 0.0414071
0.0416239 0.0419007 0.042173 0.0424406 0.042701 0.042874 0.0429002 0.0429263 0.0429524 0.0429784
0.0430047 0.0432685 0.0435231 0.0437702 0.044012 0.0442618 0.0443109 0.0443596 0.0444079 0.044456
0.0445051 0.0445484 0.0445915 0.0446345 0.0446774 0.0447193 0.0448529 0.0449857 0.0451174 0.0452483
0.0453735 0.0455126 0.0456513 0.0457896 0.0459288 0.0461133 0.0461666 0.0462199 0.0462731 0.0463262
0.0463787 0.0465818 0.0467856 0.0469908 0.0471991 0.0473986 0.0475145 0.0476317 0.0477504 0.0478704
0.0479828 0.0480461 0.0481096 0.0481734 0.0482374 0.0483044 0.0483421 0.0483799 0.0484179 0.0484559
0.048494 0.0487277 0.0489653 0.0492071 0.0494534 0.0497078 0.0502114 0.0507274 0.0512563 0.0518033
0.0523876 0.0527328 0.0530829 0.0534377 0.0537967 0.0541163 0.0544009 0.0546879 0.0549774 0.0552703
0.0555737 0.0555958 0.0556178 0.0556399 0.055662 0.055684 0.0563495 0.0570201 0.0576955 0.0583754
0.0590996 0.0592641 0.0594287 0.0595931 0.0597576 0.0599272 0.060482 0.0610389 0.0615979 0.0621597
0.0627284 0.0631534 0.0635807 0.064009 0.0644373 0.0648404 0.0650004 0.0651604 0.0653204 0.0654805
0.0656411 0.0657972 0.0659534 0.0661097 0.0662658 0.0664215 0.0671598 0.0678987 0.0686378 0.0693768
0.0700818 0.0703507 0.0706197 0.0708888 0.0711573 0.0714343 0.0718678 0.072301 0.0727339 0.0731666
0.0735838 0.0739041 0.0742249 0.074546 0.0748671 0.0752551 0.0756002 0.075945 0.0762896 0.076634
0.076967 0.0770604 0.0771537 0.0772469 0.0773402 0.0774351 0.0780018 0.0785637 0.0791208 0.0796733
0.0802045 0.0814616 0.0827057 0.0839493 0.08519 0.0863746 0.087192 0.0880039 0.0888119 0.0896177
0.0904996 0.0908585 0.0912169 0.0915747 0.091932 0.0922837 0.0934375 0.0945828 0.0957227 0.0968559
0.0979436 0.0990451 0.100139 0.101226 0.102308 0.103364 0.103893 0.104419 0.104944 0.105468
0.105987 0.106135 0.106283 0.106432 0.10658 0.106734 0.107102 0.10747 0.107836 0.108202
0.108565 0.109585 0.110601 0.111612 0.112618 0.113604 0.114599 0.115589 0.116577 0.117561
0.118524 0.119496 0.120468 0.121439 0.12241 0.123364 0.124328 0.125294 0.126261 0.127229
0.128186 0.129152 0.130122 0.131094 0.132068 0.133037 0.133362 0.133687 0.134013 0.134339
0.134706 0.135353 0.136 0.136649 0.137299 0.137948 0.138938 0.139931 0.140927 0.141927
0.142926 0.14393 0.144937 0.145948 0.146962 0.147977 0.148996 0.150019 0.151044 0.152074
0.153105 0.154141 0.155179 0.156221 0.157267 0.158315 0.159367 0.160421 0.16148 0.162542
0.163605 0.164671 0.165741 0.166816 0.167896 0.168979 0.170065 0.171155 0.172248 0.173346
0.174448 0.175554 0.176664 0.177778 0.178895 0.180017 0.181111 0.182207 0.183306 0.184406
0.18469 0.184886 0.185082 0.185278 0.185474 0.18567 0.186809 0.187949 0.18909 0.190233
0.191378 0.192523 0.19367 0.194816 0.195963 0.197112 0.198261 0.19941 0.200559 0.201708
0.202859 0.204006 0.205156 0.206304 0.207452 0.208603 0.209752 0.2109 0.212047 0.213193
0.214343 0.215488 0.216633 0.217779 0.218925 0.220077 0.221229 0.222378 0.223524 0.224671
0.225825 0.226976 0.228126 0.229276 0.230426 0.231583 0.23274 0.233894 0.235047 0.236199
0.237363 0.23759 0.237816 0.238042 0.238268 0.238489 0.23867 0.23885 0.23903 0.23921
0.239382 0.240138 0.240894 0.241651 0.242407 0.24317 0.244336 0.245498 0.246661 0.247824
0.249004 0.250177 0.251346 0.252513 0.253681 0.254871 0.256058 0.25724 0.258417 0.259595
0.260787 0.261907 0.263026 0.264145 0.265265 0.266434 0.266495 0.266556 0.266617 0.266677
0.266738 0.266797 0.266856 0.266915 0.266974 0.267032 0.268165 0.2693 0.270435 0.271572
0.272712 0.273912 0.275107 0.276302 0.277498 0.278703 0.279913 0.281117 0.282316 0.283516
0.284717 0.285415 0.286113 0.286812 0.28751 0.288176 0.28869 0.289204 0.289718 0.290233
0.290748 0.291955 0.293162 0.29437 0.295579 0.29679 0.298006 0.299221 0.300437 0.301654
0.302873 0.303256 0.30364 0.304023 0.304406 0.304847 0.305338 0.30583 0.306321 0.306813
0.307295 0.307629 0.307963 0.308297 0.308632 0.308967 0.310188 0.31141 0.312632 0.313854
0.31508 0.316304 0.317529 0.318752 0.319974 0.321199 0.321995 0.322791 0.323587 0.324383
0.325159 0.326807 0.328449 0.330081 0.331702 0.333321 0.335725 0.338107 0.340469 0.342816
0.345144 0.347469 0.349791 0.352105 0.354404 0.356668 0.357116 0.357565 0.358014 0.358462
0.358917 0.360716 0.36251 0.364299 0.366082 0.367862 0.370082 0.372303 0.374525 0.376743
0.378941 0.381155 0.383368 0.385577 0.38778 0.389966 0.39041 0.390855 0.3913 0.391745
0.392198 0.396117 0.400027 0.403934 0.407826 0.411696 0.415968 0.420267 0.424542 0.428814
0.433005 0.436751 0.440694 0.4447 0.448562 0.452416 0.455667 0.459183 0.462618 0.465982
0.468069 0.468321 0.468574 0.468826 0.469079 0.469333 0.472599 0.475949 0.47937 0.482872
0.486542 0.489835 0.493596 0.4975 0.501536 0.505707 0.509061 0.512893 0.516918 0.520941
0.525241 0.528693 0.532626 0.536612 0.5406 0.544913 0.547462 0.55018 0.552856 0.555495
0.55637 0.557759 0.559161 0.560577 0.562009 0.563478 0.567146 0.571076 0.574998 0.578912
0.582982 0.586003 0.589107 0.592203 0.595291 0.597324 0.598338 0.599352 0.600366 0.601381
0.602396 0.606286 0.61018 0.614074 0.617968 0.621836 0.625696 0.629566 0.633434 0.637302
0.641157 0.642744 0.644333 0.645921 0.647506 0.649219 0.651439 0.653658 0.655876 0.658094
0.660311 0.664078 0.667911 0.671744 0.675574 0.679373 0.683105 0.686892 0.690713 0.694531
0.698256 0.701858 0.705534 0.709286 0.713047 0.71674 0.720373 0.724043 0.72774 0.731393
0.734966 0.741892 0.748715 0.755476 0.762176 0.768746 0.771884 0.775059 0.778228 0.781392
0.782594 0.785784 0.788987 0.792204 0.795415 0.798586 0.799138 0.799691 0.800243 0.800795
0.801347 0.814306 0.827103 0.839722 0.852148 0.86427 0.876022 0.887957 0.899638 0.910955
0.921903 0.932415 0.943327 0.954244 0.965167 0.976132 0.986637 0.997601 1.00858 1.01956
1.03057 1.04107 1.05205 1.06309 1.07414 1.08515 1.09564 1.10661 1.11771 1.12883
1.13989 0 7.61059e-08 1.52212e-07 2.28318e-07 3.04424e-07 3.80528e-07 1.19678e-05 2.35554e-05 3.51434e-05
4.67317e-05 5.83204e-05 0.000787393 0.00151762 0.00224917 0.00298205 0.00371647 0.00445209 0.00518888 0.00592683
0.00666593 0.00740657 0.00814806 0.00889039 0.00963368 0.0103779 0.0111237 0.0118701 0.0126171 0.0133647
0.0141127 0.0148625 0.015612 0.0163614 0.017111 0.0178609 0.0186129 0.0193643 0.0201159 0.0208687
0.0216226 0.0223786 0.0231343 0.0238907 0.0246484 0.0254094 0.0261751 0.0269439 0.0277167 0.028496
0.0292806 0.0300699 0.0308664 0.0316701 0.0324832 0.0333073 0.034153 0.0345875 0.0350255 0.0354676
0.0359136 0.0363702 0.0368036 0.0372426 0.0376863 0.0381346 0.0382922 0.0383853 0.0384785 0.0385719
0.0386655 0.0387605 0.0392636 0.03977 0.040278 0.0407862 0.0413766 0.0414207 0.0414648 0.0415088
0.0415527 0.0415943 0.0416162 0.041638 0.0416599 0.0416817 0.041703 0.041918 0.042132 0.0423448
0.0425564 0.0427841 0.0429903 0.0431944 0.0433963 0.0435957 0.0437726 0.0438551 0.0439374 0.0440192
0.0441008 0.0441834 0.0444544 0.0447231 0.0449885 0.0452514 0.0455189 0.04554 0.0455612 0.0455823
0.0456034 0.0456246 0.0456471 0.0456695 0.045692 0.0457144 0.0457366 0.0459509 0.0461639 0.0463758
0.0465869 0.0467963 0.0469203 0.0470442 0.0471682 0.0472927 0.0474243 0.0475482 0.0476722 0.0477962
0.0479203 0.0480423 0.0482517 0.0484626 0.0486756 0.0488904 0.0491072 0.0491461 0.0491851 0.0492242
0.0492633 0.0493025 0.049325 0.0493474 0.0493699 0.0493924 0.049415 0.049653 0.0498928 0.0501345
0.0503783 0.0506275 0.0508217 0.0510176 0.0512154 0.0514146 0.0516073 0.0516931 0.0517792 0.0518656
0.0519523 0.0520391 0.0526231 0.0532107 0.0538038 0.0544045 0.0550368 0.0552759 0.0555158 0.0557566
0.0559979 0.0562291 0.056321 0.056413 0.0565051 0.0565974 0.0566898 0.0570055 0.0573225 0.0576408
0.0579604 0.0582856 0.0588229 0.0593617 0.059902 0.0604413 0.0609568 0.0610964 0.061236 0.0613754
0.0615147 0.0616533 0.0623213 0.0629828 0.0636404 0.064297 0.0649407 0.0650279 0.0651151 0.0652022
0.0652893 0.0653792 0.0659348 0.0664914 0.0670491 0.0676082 0.0681417 0.0686021 0.0690615 0.0695206
0.0699811 0.0704618 0.0712537 0.0720468 0.0728354 0.07362 0.0743531 0.0755589 0.0767562 0.0779473
0.0791417 0.0802514 0.0805021 0.0807524 0.0810024 0.0812525 0.0815155 0.0824139 0.0833124 0.0842111
0.0851094 0.085959 0.0870783 0.0881917 0.0893017 0.0904098 0.091467 0.0920068 0.0925451 0.093082
0.0936185 0.0941462 0.0946141 0.0950807 0.0955465 0.0960118 0.0965376 0.0965885 0.0966394 0.0966902
0.0967411 0.0967918 0.0978423 0.0988888 0.0999325 0.100973 0.101993 0.103019 0.104041 0.105058
0.106072 0.107074 0.10808 0.109081 0.110076 0.111068 0.112045 0.113025 0.114003 0.114979
0.115953 0.116911 0.117528 0.118143 0.118758 0.119371 0.120244 0.120534 0.120823 0.121113
0.121402 0.12169 0.12264 0.123591 0.124543 0.125497 0.126441 0.127391 0.128344 0.129299
0.130257 0.13121 0.131975 0.132742 0.133511 0.134281 0.135278 0.135429 0.13558 0.135731
0.135881 0.136032 0.137003 0.137977 0.138953 0.139932 0.140912 0.141896 0.142883 0.143873
0.144866 0.14586 0.146857 0.147857 0.148859 0.149865 0.150872 0.151884 0.152898 0.153914
0.154934 0.155955 0.15698 0.158007 0.159037 0.160069 0.161103 0.16214 0.163181 0.164225
0.165273 0.166325 0.167381 0.168442 0.169505 0.170574 0.171646 0.17272 0.1738 0.174886
0.175974 0.177066 0.178162 0.179261 0.180361 0.181464 0.182568 0.18367 0.184776 0.185886
0.186997 0.188109 0.189221 0.190333 0.191446 0.192559 0.193672 0.194781 0.195891 0.197004
0.198117 0.19923 0.200343 0.201453 0.202563 0.203672 0.204785 0.205893 0.207001 0.20811
0.209217 0.210328 0.211438 0.212546 0.213654 0.214762 0.215878 0.215989 0.2161 0.216212
0.216323 0.216433 0.217433 0.218433 0.219432 0.22043 0.221435 0.222548 0.223661 0.224773
0.225885 0.227004 0.228124 0.22924 0.230357 0.231474 0.232601 0.233257 0.233912 0.234567
0.235222 0.23575 0.236245 0.236741 0.237237 0.237733 0.238232 0.239363 0.240494 0.241625
0.242756 0.243904 0.244421 0.244938 0.245456 0.245974 0.246473 0.247109 0.247746 0.248382
0.249018 0.249657 0.250815 0.251968 0.25312 0.254272 0.255439 0.256603 0.257765 0.258928
0.260092 0.261268 0.26148 0.261691 0.261903 0.262114 0.262321 0.263286 0.264253 0.265218
0.266183 0.267151 0.268334 0.269514 0.270697 0.271884 0.273073 0.273135 0.273196 0.273258
0.273319 0.273382 0.274508 0.275634 0.27676 0.277885 0.279009 0.279779 0.28055 0.281321
0.282092 0.282826 0.283253 0.283679 0.284105 0.284532 0.284959 0.286152 0.287345 0.288539
0.289733 0.290931 0.292134 0.293335 0.294533 0.295732 0.296928 0.297854 0.298781 0.299708
0.300634 0.301519 0.301801 0.302082 0.302364 0.302645 0.302926 0.304125 0.305324 0.306522
0.30772 0.30892 0.310124 0.311326 0.312526 0.313726 0.314923 0.315771 0.316622 0.317473
0.318323 0.319163 0.320702 0.322239 0.323765 0.325282 0.326791 0.329129 0.331457 0.333775
0.336077 0.338343 0.340608 0.342872 0.34513 0.347376 0.349584 0.350231 0.35088 0.351529
0.352176 0.352837 0.35438 0.355919 0.357455 0.358989 0.360516 0.362686 0.364855 0.367022
0.369185 0.371334 0.373498 0.375658 0.377813 0.379961 0.382096 0.383014 0.383936 0.384858
0.385778 0.386737 0.390063 0.393387 0.396709 0.400019 0.403302 0.407535 0.411744 0.415943
0.420142 0.424324 0.428339 0.432486 0.436625 0.440753 0.444787 0.448166 0.451871 0.455471
0.458982 0.460799 0.461137 0.461475 0.461814 0.462153 0.462494 0.465893 0.469403 0.473006
0.476713 0.480676 0.484108 0.488042 0.492015 0.49598 0.50028 0.503791 0.507754 0.511719
0.515685 0.519924 0.523551 0.527492 0.53143 0.535369 0.539527 0.540907 0.542343 0.543766
0.545179 0.546031 0.548555 0.551131 0.553732 0.556328 0.558965 0.559577 0.560193 0.560808
0.561424 0.561983 0.565306 0.568625 0.57194 0.575249 0.578544 0.582428 0.586317 0.590197
0.594073 0.597946 0.601807 0.605689 0.60957 0.61345 0.617298 0.621127 0.624981 0.62883
0.632671 0.636516 0.638028 0.639541 0.641053 0.642563 0.644192 0.646466 0.648738 0.651009
0.653283 0.655556 0.659308 0.663119 0.666935 0.670747 0.674535 0.678255 0.682031 0.685829
0.689627 0.693352 0.696955 0.700633 0.704372 0.708098 0.711781 0.715403 0.719061 0.722705
0.72631 0.729889 0.736834 0.743718 0.750549 0.757329 0.764021 0.764649 0.765277 0.765904
0.766532 0.767182 0.772858 0.778532 0.784205 0.789865 0.795554 0.795817 0.79608 0.796343
0.796605 0.796868 0.809823 0.822599 0.835201 0.84763 0.859765 0.871562 0.883465 0.89516
0.90649 0.917446 0.927984 0.938854 0.949729 0.960608 0.971521 0.982048 0.992963 1.00389
1.01482 1.02579 1.03631 1.04728 1.05826 1.06925 1.08028 1.09079 1.10178 1.11282
1.12388 1.13495 0 6.57079e-08 1.31416e-07 1.97124e-07 2.62832e-07 3.28538e-07 1.20123e-05 2.36964e-05
3.53809e-05 4.70657e-05 5.87509e-05 0.000793204 0.00152903 0.00226622 0.00300478 0.00374494 0.00448634 0.00522894
0.00597292 0.0067184 0.00746584 0.00821448 0.00896441 0.00971557 0.010468 0.0112224 0.0119772 0.0127328
0.0134889 0.014246 0.0150056 0.015765 0.0165254 0.017287 0.0180496 0.0188149 0.0195798 0.0203453
0.0211118 0.0218803 0.0226538 0.0234288 0.0242066 0.02499 0.0257768 0.0265691 0.0273672 0.0281719
0.0289835 0.0298023 0.0306321 0.0314703 0.032321 0.0331853 0.0340671 0.0349836 0.0350382 0.035093
0.0351478 0.0352026 0.0352537 0.0356751 0.0361 0.036528 0.036959 0.0374075 0.0379111 0.0384197
0.0389329 0.03945 0.0400171 0.0405655 0.0411155 0.041664 0.0422099 0.0425414 0.0426037 0.0426658
0.042728 0.0427901 0.0428535 0.0428707 0.0428879 0.042905 0.0429221 0.042939 0.0435154 0.0440854
0.0446488 0.0452058 0.0458501 0.0460677 0.0462842 0.0464995 0.0467138 0.0469217 0.0472988 0.0476746
0.048049 0.0484221 0.0488027 0.0490813 0.0493593 0.0496377 0.049917 0.0502043 0.0503344 0.0504644
0.0505945 0.0507245 0.0508529 0.0510266 0.0512003 0.051374 0.0515477 0.0517224 0.0523106 0.0529012
0.0534943 0.0540921 0.0546927 0.0547331 0.0547736 0.0548141 0.0548546 0.0548952 0.0553528 0.0558126
0.056275 0.0567428 0.0572275 0.0573399 0.0574522 0.0575645 0.0576769 0.057789 0.0580687 0.058349
0.05863 0.0589121 0.0591967 0.0601851 0.0611732 0.062159 0.0631515 0.064086 0.0643575 0.0646277
0.0648984 0.0651704 0.0654637 0.0660789 0.0666897 0.0672971 0.0679031 0.0685498 0.0689013 0.0692532
0.0696054 0.0699581 0.0703058 0.0715328 0.0727536 0.0739731 0.0751955 0.0763202 0.0769258 0.0775295
0.0781321 0.0787359 0.0794268 0.0799759 0.0805256 0.0810758 0.0816257 0.0821504 0.0832952 0.0844315
0.0855629 0.0866918 0.0877615 0.0883089 0.0888549 0.0893996 0.0899436 0.0904773 0.0910161 0.0915536
0.0920898 0.0926254 0.093151 0.0934618 0.0937722 0.0940824 0.0943925 0.0947453 0.0954828 0.0962192
0.0969543 0.0976876 0.0984111 0.0994515 0.100489 0.101525 0.10256 0.103579 0.104603 0.105625
0.106645 0.107661 0.108665 0.109669 0.110671 0.111671 0.112666 0.11365 0.114633 0.115612
0.116586 0.117557 0.118515 0.118991 0.119464 0.119937 0.120409 0.121086 0.121521 0.121956
0.12239 0.122824 0.123256 0.123439 0.123621 0.123804 0.123986 0.124169 0.124924 0.125679
0.126433 0.127188 0.127939 0.128876 0.129815 0.130755 0.131698 0.132638 0.133582 0.13453
0.13548 0.136432 0.137383 0.138338 0.139297 0.140259 0.141223 0.142187 0.143154 0.144125
0.1451 0.146078 0.147055 0.148035 0.149018 0.150005 0.150995 0.151987 0.152981 0.153979
0.154981 0.155988 0.156995 0.158004 0.159016 0.160032 0.16105 0.162069 0.163093 0.164118
0.165147 0.166181 0.167219 0.168259 0.169305 0.170356 0.171412 0.172472 0.173537 0.174604
0.175674 0.176748 0.177826 0.178906 0.179989 0.181073 0.18216 0.183248 0.184339 0.18543
0.186522 0.187614 0.188707 0.189678 0.190648 0.191619 0.192589 0.193214 0.193406 0.193598
0.19379 0.193982 0.194174 0.195267 0.196359 0.19745 0.198541 0.199633 0.200722 0.201811
0.202898 0.203984 0.205072 0.206158 0.207242 0.208326 0.209408 0.210495 0.211579 0.212662
0.213745 0.214827 0.215916 0.217001 0.218086 0.219171 0.220256 0.221348 0.222439 0.223528
0.224617 0.225706 0.226807 0.227907 0.229004 0.230103 0.231204 0.232315 0.232633 0.232952
0.23327 0.233589 0.233893 0.234695 0.235498 0.2363 0.237102 0.237911 0.239037 0.24016
0.241283 0.242406 0.243548 0.244689 0.245828 0.24697 0.248114 0.249276 0.249492 0.249708
0.249924 0.25014 0.250347 0.251295 0.252245 0.253196 0.254149 0.255112 0.256082 0.257052
0.258025 0.259003 0.260005 0.260217 0.260428 0.26064 0.260852 0.261064 0.262266 0.263466
0.264667 0.265869 0.267078 0.268287 0.269497 0.270707 0.27192 0.273137 0.273267 0.273397
0.273527 0.273658 0.273786 0.274874 0.275963 0.277053 0.278143 0.279232 0.280458 0.281681
0.282903 0.284127 0.285351 0.286575 0.2878 0.289026 0.290251 0.291476 0.29194 0.292404
0.292868 0.293332 0.293785 0.293911 0.294036 0.294161 0.294287 0.294417 0.295052 0.295686
0.29632 0.296954 0.297589 0.29881 0.30003 0.301248 0.302464 0.303681 0.304897 0.306112
0.307324 0.308535 0.309744 0.310224 0.310705 0.311185 0.311665 0.312136 0.312861 0.313585
0.314308 0.315031 0.315752 0.316945 0.31814 0.319333 0.320522 0.321709 0.322896 0.324079
0.325259 0.326433 0.327598 0.328018 0.328437 0.328857 0.329276 0.329696 0.331596 0.333491
0.335382 0.337258 0.339105 0.341355 0.343607 0.34585 0.348076 0.350263 0.352439 0.354627
0.356811 0.358985 0.361123 0.361782 0.362445 0.363107 0.363768 0.36446 0.36592 0.367377
0.368834 0.370289 0.371735 0.37385 0.375964 0.378077 0.380185 0.382268 0.384347 0.386439
0.388536 0.390634 0.392697 0.394374 0.396054 0.39773 0.3994 0.401107 0.401494 0.40188
0.402266 0.402652 0.403039 0.407149 0.411253 0.415362 0.419466 0.423537 0.427633 0.431717
0.435807 0.43989 0.443942 0.447488 0.451465 0.455434 0.459396 0.463665 0.466508 0.469456
0.47233 0.475138 0.477817 0.47875 0.47969 0.480637 0.481591 0.482561 0.486165 0.490008
0.493924 0.497833 0.501921 0.505595 0.509504 0.513416 0.517321 0.521362 0.52514 0.529026
0.5329 0.536774 0.539042 0.539379 0.539716 0.540053 0.54039 0.540728 0.544621 0.548511
0.552396 0.556278 0.560142 0.56055 0.560958 0.561366 0.561775 0.562185 0.565654 0.569121
0.572586 0.576048 0.579503 0.583336 0.587192 0.591039 0.594876 0.598715 0.602526 0.606365
0.610206 0.614042 0.617831 0.621604 0.625401 0.629211 0.633015 0.636816 0.640582 0.644369
0.648146 0.651913 0.655657 0.657632 0.659609 0.661587 0.663566 0.66566 0.667413 0.669164
0.670914 0.672663 0.67441 0.678128 0.681866 0.685598 0.689335 0.693072 0.696705 0.700414
0.704138 0.707862 0.711552 0.715183 0.71885 0.722491 0.72611 0.729712 0.735743 0.741727
0.747672 0.753579 0.760794 0.761446 0.762098 0.762748 0.763398 0.764046 0.770635 0.777218
0.783797 0.790374 0.796942 0.803062 0.809245 0.815379 0.821465 0.82702 0.83379 0.8405
0.847137 0.853703 0.860166 0.872115 0.884057 0.895738 0.907055 0.917965 0.928502 0.939282
0.950064 0.960848 0.971657 0.98218 0.992994 1.00381 1.01464 1.02549 1.03601 1.04686
1.05773 1.0686 1.07951 1.09001 1.10091 1.11182 1.12275 1.13378 0 5.68533e-08
1.13707e-07 1.7056e-07 2.27413e-07 2.84265e-07 1.20452e-05 2.38065e-05 3.55683e-05 4.73306e-05 5.90934e-05 0.000797848
0.001538 0.00227954 0.00302301 0.00376867 0.00451617 0.00526552 0.00601672 0.00676971 0.0075248 0.00828115
0.00903884 0.0097978 0.0105583 0.0113214 0.0120855 0.0128511 0.0136183 0.0143868 0.0151582 0.0159297
0.0167024 0.0174762 0.0182513 0.0190319 0.0198132 0.0205972 0.0213854 0.022176 0.0229726 0.0237726
0.0245774 0.0253876 0.0262038 0.0270302 0.027863 0.0287059 0.0295587 0.0304217 0.0313031 0.0321933
0.0330992 0.0340231 0.0349688 0.0359689 0.0364781 0.0369919 0.0375102 0.0380321 0.03859 0.0390224
0.0394569 0.0398927 0.0403288 0.0406133 0.0407712 0.040929 0.0410868 0.0412445 0.041408 0.0417539
0.0420995 0.0424442 0.042788 0.0430299 0.0433036 0.0435769 0.0438496 0.0441218 0.0444061 0.0447327
0.0450583 0.0453826 0.0457053 0.0459896 0.0462901 0.0465897 0.0468888 0.0471873 0.0475037 0.0480261
0.0485458 0.0490632 0.0495792 0.0500507 0.0501253 0.0501999 0.0502744 0.0503489 0.0504228 0.0510951
0.0517661 0.0524371 0.0531082 0.053773 0.0539522 0.0541315 0.0543109 0.0544907 0.0546724 0.0550296
0.0553871 0.0557447 0.0561033 0.0564687 0.0565618 0.0566549 0.0567481 0.0568413 0.0569344 0.0573494
0.0577658 0.0581844 0.0586042 0.0590342 0.0592531 0.0594724 0.059692 0.0599115 0.0601265 0.0608311
0.0615352 0.0622447 0.0629655 0.0638435 0.0643864 0.064928 0.0654683 0.0660072 0.0665393 0.0669715
0.0674033 0.0678349 0.0682681 0.0687216 0.0695544 0.0703911 0.071231 0.0720733 0.0728731 0.0741324
0.0753886 0.0766418 0.0779041 0.0790526 0.0792623 0.0794719 0.0796814 0.0798911 0.0801098 0.0811039
0.0820968 0.0830869 0.0840701 0.0849917 0.0854171 0.0858413 0.0862646 0.0866871 0.0871684 0.0873004
0.0874323 0.0875641 0.0876959 0.0878271 0.0883875 0.0889463 0.0895036 0.0900595 0.0906012 0.0911498
0.091697 0.0922428 0.0927877 0.0933224 0.0938619 0.0944002 0.0949377 0.0954744 0.0960046 0.0960876
0.0961705 0.0962535 0.0963364 0.0964227 0.0974041 0.0983836 0.0993613 0.100337 0.101298 0.102343
0.103386 0.104426 0.105463 0.106488 0.107002 0.107515 0.108027 0.108538 0.109049 0.109237
0.109424 0.109611 0.109798 0.10999 0.110311 0.110631 0.110951 0.111271 0.11159 0.112096
0.1126 0.113103 0.113604 0.114106 0.114606 0.115104 0.1156 0.116095 0.116588 0.11688
0.117171 0.117462 0.117752 0.118059 0.118739 0.119415 0.120089 0.120762 0.12143 0.122385
0.123335 0.124278 0.125218 0.126142 0.126606 0.12707 0.127533 0.127996 0.128457 0.128585
0.128714 0.128842 0.128971 0.129119 0.129448 0.129777 0.130106 0.130436 0.130764 0.131688
0.132613 0.13354 0.134469 0.135396 0.136327 0.13726 0.138196 0.139134 0.140071 0.141013
0.141957 0.142905 0.143856 0.144805 0.145273 0.145743 0.146214 0.146685 0.147253 0.147722
0.148192 0.148662 0.149133 0.149604 0.150063 0.150524 0.150985 0.151446 0.151835 0.152359
0.152885 0.153412 0.153939 0.154466 0.155447 0.156431 0.157419 0.158409 0.159401 0.159899
0.160399 0.160899 0.161401 0.161903 0.162406 0.16291 0.163414 0.163918 0.164422 0.164926
0.165432 0.165939 0.166447 0.166957 0.167467 0.167978 0.16849 0.169004 0.169518 0.170033
0.170551 0.17107 0.171592 0.172115 0.17264 0.173166 0.173693 0.174221 0.17475 0.175806
0.176868 0.177936 0.179006 0.180076 0.18114 0.182214 0.183292 0.184372 0.185451 0.186524
0.187602 0.188683 0.189765 0.190843 0.191917 0.192993 0.194072 0.19515 0.196228 0.197306
0.198381 0.199454 0.200527 0.201597 0.202667 0.203734 0.204799 0.205862 0.206932 0.208002
0.209068 0.210129 0.211189 0.212251 0.213317 0.21438 0.215442 0.216505 0.217575 0.218649
0.219718 0.220789 0.22186 0.222938 0.223258 0.223579 0.223899 0.22422 0.224518 0.225289
0.22606 0.22683 0.227601 0.228374 0.229468 0.230559 0.231651 0.232744 0.233848 0.234959
0.236068 0.237179 0.238294 0.239423 0.239769 0.240116 0.240462 0.240809 0.241118 0.241915
0.242713 0.243514 0.244317 0.24513 0.24629 0.247453 0.248622 0.249798 0.250999 0.251436
0.251873 0.252311 0.25275 0.253186 0.253958 0.254732 0.255508 0.256286 0.257072 0.258306
0.259544 0.260786 0.262032 0.263296 0.264557 0.265824 0.267095 0.26837 0.269654 0.269895
0.270135 0.270375 0.270616 0.270849 0.271894 0.27294 0.273988 0.275038 0.276093 0.277207
0.278323 0.27944 0.280557 0.281919 0.282053 0.282186 0.28232 0.282453 0.282587 0.283886
0.285182 0.286476 0.287771 0.289067 0.28989 0.290713 0.291535 0.292356 0.293134 0.293609
0.294083 0.294558 0.295032 0.295506 0.296789 0.298071 0.299349 0.300625 0.301896 0.30316
0.304424 0.305687 0.306947 0.308205 0.309084 0.309961 0.310837 0.31171 0.312573 0.312941
0.313309 0.313677 0.314045 0.314412 0.315643 0.316872 0.318097 0.319317 0.320532 0.321738
0.322946 0.324152 0.325355 0.326552 0.327377 0.328199 0.32902 0.329839 0.330677 0.331035
0.331393 0.331751 0.332108 0.332465 0.333634 0.334803 0.335967 0.337126 0.338279 0.33943
0.340579 0.341724 0.342864 0.343994 0.344937 0.345878 0.346818 0.347758 0.348742 0.350037
0.351326 0.352608 0.353882 0.355145 0.355608 0.356071 0.356534 0.356996 0.357439 0.359157
0.36087 0.36258 0.364286 0.365973 0.368103 0.370229 0.372345 0.374456 0.376547 0.378568
0.38059 0.382608 0.384622 0.386803 0.386833 0.386864 0.386895 0.386925 0.386956 0.389019
0.391082 0.393146 0.395206 0.39725 0.399299 0.401349 0.403394 0.405437 0.407471 0.409495
0.411531 0.413564 0.415598 0.417617 0.419639 0.421665 0.423688 0.425703 0.427709 0.427776
0.427842 0.427909 0.427975 0.428042 0.431979 0.435919 0.439866 0.44381 0.447724 0.451452
0.455399 0.459344 0.46329 0.46737 0.47133 0.475286 0.479236 0.483179 0.487101 0.49102
0.494928 0.498828 0.502721 0.506598 0.507331 0.508063 0.508795 0.509527 0.510277 0.511879
0.513494 0.515108 0.516722 0.517829 0.51944 0.52105 0.522659 0.524268 0.525873 0.529716
0.533549 0.537372 0.541184 0.544991 0.548811 0.552623 0.556433 0.560237 0.564013 0.56779
0.571564 0.57533 0.579093 0.582846 0.585301 0.587752 0.5902 0.592646 0.595372 0.596618
0.597863 0.599109 0.600356 0.601603 0.605347 0.609109 0.612869 0.616624 0.620355 0.624063
0.627796 0.63154 0.635278 0.639009 0.642708 0.646429 0.65017 0.653906 0.657577 0.661253
0.664941 0.668638 0.672331 0.676029 0.679702 0.683383 0.687055 0.690724 0.694374 0.695971
0.697568 0.699166 0.700763 0.70243 0.704477 0.706525 0.708574 0.710621 0.712664 0.716296
0.719947 0.723597 0.727246 0.730891 0.737987 0.745016 0.751981 0.75883 0.765516 0.768285
0.771056 0.773819 0.776579 0.779774 0.783475 0.787173 0.790871 0.794567 0.798262 0.804739
0.811249 0.817747 0.824233 0.83071 0.834912 0.839139 0.843331 0.847488 0.852715 0.854595
0.856468 0.858336 0.860198 0.862051 0.874188 0.886217 0.897868 0.909157 0.919987 0.930501
0.941185 0.951871 0.962556 0.97326 0.983758 0.994467 1.00518 1.0159 1.02664 1.03712
1.04787 1.05861 1.06937 1.08015 1.09062 1.1014 1.11219 1.12299 1.1339 0
4.8756e-08 9.7512e-08 1.46268e-07 1.95024e-07 2.43779e-07 1.20938e-05 2.39443e-05 3.57952e-05 4.76466e-05 5.94985e-05
0.000803318 0.00154902 0.00229661 0.00304617 0.00379799 0.00455167 0.00530729 0.00606482 0.00682427 0.00758652
0.00835053 0.00911676 0.00988517 0.0106552 0.0114282 0.0122022 0.012978 0.0137554 0.0145344 0.0153182
0.0161032 0.0168909 0.0176819 0.0184752 0.0192745 0.0200765 0.020882 0.0216921 0.0225069 0.0233314
0.0241603 0.0249964 0.0258402 0.0266919 0.0275598 0.0284341 0.0293191 0.0302158 0.0311242 0.0320624
0.0330065 0.033966 0.0349403 0.0359291 0.0369971 0.0372664 0.0375364 0.0378074 0.0380794 0.0383065
0.0391323 0.0399633 0.0407969 0.0416326 0.0425878 0.0437853 0.0449728 0.0461491 0.0473211 0.0487358
0.0489653 0.0491945 0.0494235 0.0496524 0.0498757 0.0499135 0.0499514 0.0499892 0.0500271 0.0500649
0.0510897 0.0521121 0.053132 0.0541529 0.0552546 0.0554358 0.0556171 0.0557986 0.0559804 0.0561627
0.0566516 0.0571411 0.0576314 0.0581225 0.0586124 0.0587361 0.0588601 0.0589842 0.0591086 0.0592334
0.0597866 0.0603424 0.0609008 0.061463 0.0619968 0.0621676 0.0623386 0.06251 0.062682 0.0628638
0.0640581 0.0652688 0.0664885 0.0677049 0.0688232 0.068921 0.0690189 0.0691169 0.0692149 0.0693137
0.0705807 0.0718536 0.0731321 0.0744097 0.0755771 0.076238 0.0768982 0.0775578 0.0782177 0.0788526
0.0792836 0.0797139 0.0801437 0.0805728 0.0810533 0.0812524 0.0814512 0.0816498 0.0818481 0.0820437
0.0826691 0.0832919 0.0839121 0.0845301 0.0851232 0.0857183 0.086311 0.0869016 0.0874902 0.0880973
0.0881181 0.0881389 0.0881597 0.0881805 0.0882014 0.088764 0.0893247 0.0898834 0.0904401 0.0909836
0.0915524 0.0921189 0.0926832 0.0932457 0.0937962 0.0943512 0.0949055 0.0954588 0.0960109 0.096555
0.096719 0.0968829 0.0970466 0.0972101 0.0973865 0.097764 0.0981408 0.0985169 0.0988923 0.0992646
0.099644 0.100023 0.100401 0.100778 0.101129 0.101289 0.10145 0.10161 0.101771 0.101931
0.102461 0.102989 0.103517 0.104043 0.104568 0.105091 0.105614 0.106136 0.106656 0.107175
0.107694 0.108212 0.108728 0.109244 0.109757 0.110103 0.110447 0.110791 0.111135 0.1115
0.111662 0.111824 0.111987 0.112149 0.112311 0.112708 0.113105 0.113501 0.113897 0.114273
0.114386 0.1145 0.114613 0.114726 0.11484 0.115343 0.115845 0.116346 0.116845 0.117344
0.117843 0.118339 0.118833 0.119325 0.119816 0.120797 0.121769 0.122735 0.123697 0.124642
0.124837 0.125032 0.125227 0.125421 0.125613 0.125888 0.126163 0.126437 0.126711 0.126984
0.127449 0.127913 0.128376 0.128839 0.129298 0.129641 0.129983 0.130325 0.130667 0.131162
0.131705 0.132248 0.132791 0.133334 0.133875 0.134504 0.135133 0.135763 0.136393 0.137043
0.137323 0.137602 0.137882 0.138162 0.138442 0.139358 0.140276 0.141196 0.142117 0.143035
0.143958 0.144883 0.145811 0.14674 0.147665 0.148594 0.149527 0.150461 0.151398 0.152331
0.153239 0.154148 0.155061 0.155977 0.156333 0.156477 0.156622 0.156766 0.156911 0.157056
0.157536 0.158016 0.158497 0.15898 0.159462 0.159945 0.160429 0.160914 0.161399 0.161884
0.16237 0.162857 0.163344 0.163833 0.164322 0.164813 0.165303 0.165794 0.166286 0.166778
0.16727 0.167764 0.168258 0.168754 0.169251 0.16975 0.170249 0.170749 0.17125 0.171753
0.172257 0.172763 0.17327 0.173779 0.174291 0.174804 0.175318 0.175834 0.176352 0.176869
0.177388 0.177908 0.17843 0.178953 0.179477 0.18 0.180525 0.181051 0.181578 0.182105
0.18316 0.184212 0.185262 0.186314 0.187363 0.18841 0.189462 0.190514 0.191567 0.192619
0.193669 0.19472 0.19577 0.196819 0.197869 0.198266 0.198664 0.199061 0.199459 0.199761
0.200431 0.201101 0.20177 0.202439 0.203109 0.204154 0.205198 0.206241 0.207283 0.208326
0.20937 0.210409 0.211449 0.212488 0.213528 0.214571 0.21561 0.216648 0.217686 0.218732
0.219785 0.220833 0.221876 0.222921 0.22397 0.225028 0.226083 0.227135 0.22819 0.229261
0.230341 0.231416 0.232489 0.233566 0.234651 0.235671 0.236691 0.237718 0.238749 0.239654
0.23976 0.239866 0.239972 0.240078 0.240184 0.241308 0.242435 0.243566 0.2447 0.245851
0.246895 0.247942 0.248994 0.250051 0.250835 0.251007 0.251179 0.251351 0.251523 0.251695
0.252886 0.254084 0.25529 0.256503 0.257739 0.258976 0.260221 0.261474 0.262734 0.264015
0.264501 0.264987 0.265474 0.265962 0.266464 0.267266 0.268069 0.268874 0.269681 0.270492
0.271799 0.273112 0.27443 0.27575 0.277077 0.277517 0.277957 0.278397 0.278838 0.279254
0.280141 0.281029 0.281917 0.282806 0.283696 0.28502 0.286349 0.287677 0.289003 0.290326
0.291642 0.292959 0.294275 0.295589 0.2969 0.297742 0.298584 0.299423 0.300261 0.301061
0.301241 0.301422 0.301602 0.301782 0.30197 0.302251 0.302531 0.302812 0.303092 0.303372
0.304655 0.305934 0.307206 0.308473 0.309738 0.310998 0.312254 0.313506 0.314754 0.315994
0.316823 0.317651 0.318477 0.319302 0.320112 0.320513 0.320914 0.321315 0.321715 0.322114
0.323324 0.324533 0.325738 0.326939 0.328132 0.329321 0.330507 0.331689 0.332868 0.334033
0.334887 0.335741 0.336593 0.337443 0.338317 0.338615 0.338913 0.339211 0.339509 0.339806
0.340949 0.34209 0.343229 0.344365 0.34549 0.346612 0.347734 0.348857 0.349978 0.351086
0.352193 0.353301 0.354405 0.355505 0.356593 0.3567 0.356806 0.356912 0.357018 0.357125
0.359193 0.361252 0.363301 0.365338 0.367348 0.369467 0.371574 0.373675 0.375765 0.377835
0.379903 0.381974 0.384041 0.386105 0.388149 0.390105 0.392054 0.394 0.395943 0.398011
0.398077 0.398143 0.398209 0.398275 0.398341 0.400334 0.402325 0.404315 0.406302 0.408435
0.408588 0.408741 0.408894 0.409047 0.409207 0.411063 0.412917 0.414769 0.416619 0.418467
0.42047 0.42247 0.424466 0.426459 0.428451 0.430436 0.432423 0.434409 0.436396 0.438378
0.439121 0.439864 0.440607 0.441349 0.442082 0.443319 0.444554 0.445787 0.44702 0.448253
0.452114 0.456038 0.459965 0.463893 0.467839 0.471749 0.475656 0.47956 0.483458 0.486026
0.486287 0.486548 0.486809 0.487069 0.48733 0.4912 0.495062 0.498904 0.502739 0.506566
0.5104 0.514214 0.518017 0.52181 0.525597 0.526215 0.526833 0.527451 0.528069 0.528666
0.531839 0.535008 0.538173 0.54133 0.544482 0.548255 0.552019 0.555773 0.559518 0.563234
0.566956 0.570677 0.574384 0.578085 0.58178 0.58549 0.589195 0.592892 0.596584 0.600227
0.603134 0.606048 0.608965 0.611879 0.614841 0.615596 0.61635 0.617104 0.617858 0.618611
0.622276 0.625947 0.629616 0.633284 0.636952 0.640603 0.644274 0.647959 0.651642 0.655276
0.658907 0.662551 0.666208 0.669862 0.673515 0.677147 0.680789 0.684436 0.68808 0.691686
0.695302 0.698922 0.702544 0.706167 0.709787 0.712215 0.714646 0.717074 0.7195 0.72226
0.723371 0.724483 0.725594 0.726706 0.727816 0.734975 0.742061 0.749036 0.755896 0.762584
0.769153 0.775732 0.782293 0.788838 0.795348 0.796029 0.796711 0.797393 0.798075 0.798746
0.804551 0.810345 0.81613 0.821904 0.827676 0.833724 0.839811 0.845868 0.851852 0.859317
0.859668 0.86002 0.860371 0.860722 0.861071 0.872943 0.88456 0.895825 0.906747 0.917189
0.927681 0.938308 0.948934 0.95956 0.970202 0.980678 0.991325 1.00198 1.01263 1.0233
1.03376 1.04444 1.05512 1.0658 1.07651 1.08696 1.09766 1.10838 1.1191 1.12995
0 4.29051e-08 8.58103e-08 1.28715e-07 1.71621e-07 2.14525e-07 1.21505e-05 2.40871e-05 3.60242e-05 4.7962e-05
5.99003e-05 0.000808766 0.00155955 0.00231226 0.00306689 0.00382398 0.00458352 0.00534568 0.00611024 0.00687701
0.00764667 0.00841834 0.00919224 0.00996838 0.0107467 0.011529 0.0123134 0.0131009 0.0138913 0.0146842
0.0154827 0.0162838 0.0170883 0.0178971 0.0187101 0.0195327 0.0203583 0.02119 0.0220283 0.0228731
0.0237335 0.0245979 0.0254712 0.0263541 0.0272464 0.0281638 0.029085 0.030018 0.0309629 0.0319197
0.0329255 0.0335146 0.0341081 0.0347059 0.0353079 0.0357578 0.036233 0.0367106 0.0371903 0.0376722
0.0381805 0.0392939 0.0404139 0.04154 0.0426712 0.0439947 0.0449495 0.0459008 0.0468489 0.0477971
0.0485367 0.0488206 0.0491045 0.0493884 0.0496724 0.0499347 0.0500339 0.0501331 0.0502324 0.0503316
0.0504322 0.0517767 0.0531203 0.0544636 0.055807 0.057303 0.0575986 0.0578947 0.0581915 0.0584888
0.0587849 0.059516 0.0602526 0.0609918 0.0617355 0.0625744 0.0629615 0.0633495 0.0637382 0.0641277
0.0645188 0.0652571 0.0659994 0.0667455 0.0674961 0.0682233 0.0683929 0.0685625 0.0687323 0.0689022
0.0690734 0.0696432 0.0702136 0.0707844 0.0713556 0.0718937 0.0724144 0.0729344 0.0734543 0.0739738
0.0745131 0.0747025 0.0748918 0.0750811 0.0752703 0.0754575 0.0761607 0.0768658 0.0775727 0.0782802
0.0789391 0.0792037 0.0794687 0.0797338 0.0799986 0.0802746 0.0806848 0.081095 0.081505 0.0819149
0.08231 0.0829697 0.0836279 0.0842841 0.0849378 0.0855547 0.0857689 0.0859827 0.0861961 0.0864093
0.0866373 0.0870461 0.0874538 0.0878605 0.088266 0.0886621 0.0892724 0.0898796 0.0904838 0.0910852
0.0916658 0.0921338 0.0926011 0.0930674 0.0935325 0.0940818 0.0947562 0.0954273 0.0960943 0.0967574
0.0974036 0.0979575 0.0985086 0.099057 0.0996035 0.100141 0.10068 0.101217 0.101753 0.102286
0.102814 0.102874 0.102935 0.102995 0.103056 0.103115 0.103244 0.103372 0.1035 0.103628
0.103763 0.104099 0.104433 0.104767 0.1051 0.105432 0.105952 0.106469 0.106985 0.1075
0.108013 0.108526 0.109038 0.109548 0.110057 0.110566 0.111075 0.111582 0.112087 0.112592
0.113094 0.113364 0.113632 0.113901 0.114169 0.11443 0.114663 0.114897 0.115131 0.115364
0.115597 0.116001 0.116403 0.116804 0.117205 0.117623 0.117714 0.117804 0.117895 0.117986
0.118076 0.119061 0.120042 0.121019 0.121992 0.122955 0.123914 0.124871 0.125822 0.126767
0.127696 0.128627 0.129554 0.130476 0.131394 0.1323 0.13282 0.133341 0.133861 0.13438
0.134896 0.135279 0.135662 0.136044 0.136426 0.136808 0.137703 0.1386 0.139498 0.140395
0.141286 0.142179 0.143074 0.143971 0.144867 0.145756 0.146647 0.14754 0.148434 0.149329
0.150218 0.151108 0.152001 0.152897 0.153794 0.154684 0.155292 0.155902 0.156513 0.157124
0.157855 0.15812 0.158386 0.158652 0.158918 0.159184 0.16009 0.161 0.161913 0.162828
0.16374 0.164659 0.16558 0.166503 0.16743 0.168361 0.169295 0.170232 0.171173 0.172117
0.173066 0.174021 0.174978 0.175938 0.176903 0.177874 0.178849 0.179827 0.180809 0.181795
0.182788 0.183784 0.184782 0.185779 0.186778 0.187779 0.188781 0.189785 0.19079 0.191797
0.192807 0.193816 0.194826 0.195836 0.196845 0.197858 0.198617 0.199376 0.200136 0.200895
0.201557 0.201829 0.202101 0.202373 0.202645 0.202917 0.203928 0.204939 0.205949 0.206959
0.207972 0.208984 0.209994 0.211005 0.212015 0.21303 0.214042 0.215054 0.216066 0.217078
0.218095 0.219112 0.220127 0.221142 0.222157 0.223181 0.224203 0.225225 0.226247 0.22727
0.228298 0.228921 0.229544 0.230168 0.230793 0.231377 0.231796 0.232216 0.232635 0.233054
0.233474 0.234514 0.235555 0.236595 0.237637 0.238689 0.239743 0.240797 0.241852 0.24291
0.24398 0.244162 0.244343 0.244525 0.244706 0.244879 0.245771 0.246666 0.247563 0.248462
0.249372 0.250465 0.251558 0.252656 0.253761 0.254885 0.255061 0.255236 0.255412 0.255588
0.255765 0.256711 0.257659 0.258609 0.25956 0.260522 0.261663 0.262805 0.263948 0.265095
0.266253 0.266749 0.267245 0.267742 0.26824 0.26871 0.26938 0.27005 0.270721 0.271393
0.272066 0.273237 0.274407 0.275578 0.276752 0.277928 0.279105 0.280283 0.281462 0.282642
0.283819 0.283909 0.283999 0.284089 0.284179 0.284271 0.285054 0.285836 0.286619 0.287401
0.288162 0.28847 0.288778 0.289086 0.289394 0.289702 0.290877 0.292053 0.293227 0.2944
0.295571 0.296742 0.297911 0.299079 0.300246 0.301405 0.302369 0.303335 0.304299 0.305261
0.306205 0.3064 0.306595 0.30679 0.306985 0.30718 0.308328 0.309475 0.31062 0.311763
0.312901 0.314035 0.315169 0.316303 0.317436 0.318562 0.319593 0.320623 0.32165 0.322672
0.323715 0.323801 0.323888 0.323975 0.324061 0.324148 0.326353 0.328543 0.330722 0.332883
0.335013 0.337154 0.339276 0.341388 0.343486 0.345563 0.347636 0.349709 0.351777 0.35384
0.355878 0.356499 0.357121 0.357741 0.358361 0.358996 0.360403 0.361808 0.363211 0.364613
0.366009 0.368026 0.370039 0.372049 0.374056 0.376054 0.377172 0.37829 0.379407 0.380523
0.381856 0.382688 0.38352 0.384351 0.385183 0.386013 0.388002 0.389987 0.391968 0.393946
0.395918 0.396095 0.396273 0.39645 0.396627 0.396806 0.400564 0.404329 0.408102 0.411876
0.415614 0.419544 0.423479 0.427418 0.431354 0.435261 0.439084 0.442978 0.446867 0.45075
0.454682 0.45751 0.460335 0.463157 0.465975 0.467335 0.468673 0.470011 0.471347 0.472682
0.474017 0.474771 0.475524 0.476278 0.47703 0.477783 0.480872 0.48396 0.487045 0.490127
0.493196 0.49703 0.500861 0.504689 0.508512 0.512318 0.516123 0.519924 0.523714 0.527501
0.53129 0.535096 0.538887 0.542674 0.546457 0.550212 0.553349 0.556492 0.559637 0.562781
0.565882 0.566523 0.567164 0.567805 0.568445 0.569086 0.572854 0.576626 0.580396 0.584161
0.58793 0.591676 0.595449 0.599234 0.603011 0.606739 0.610448 0.61418 0.617936 0.621686
0.62543 0.629137 0.632863 0.636603 0.640339 0.644027 0.647714 0.651413 0.655115 0.658817
0.662519 0.666027 0.669535 0.673036 0.676536 0.680799 0.680818 0.680837 0.680856 0.680875
0.680893 0.68456 0.688228 0.691896 0.695565 0.699224 0.702856 0.706515 0.710164 0.713791
0.717397 0.721101 0.724788 0.72846 0.732117 0.736316 0.739467 0.742595 0.7457 0.748782
0.751833 0.758393 0.764974 0.771551 0.778124 0.784685 0.79111 0.797652 0.804181 0.810697
0.817175 0.823501 0.829886 0.836194 0.842427 0.848572 0.849801 0.851028 0.852255 0.85348
0.854685 0.865524 0.876211 0.886596 0.89669 0.906404 0.916944 0.927601 0.938257 0.948913
0.959582 0.970103 0.980779 0.991457 1.00214 1.01283 1.02334 1.03404 1.04475 1.05546
1.06619 1.07669 1.08742 1.09816 1.10892 1.11976 0 3.96285e-08 7.92569e-08 1.18885e-07
1.58514e-07 1.98142e-07 1.21852e-05 2.41727e-05 3.61609e-05 4.81497e-05 6.01391e-05 0.000811991 0.00156642 0.00232346
0.00308311 0.00384567 0.00461079 0.0053786 0.00614913 0.00692237 0.00769899 0.00847835 0.00926093 0.0100465
0.0108351 0.0116284 0.0124248 0.0132249 0.0140293 0.0148378 0.0156547 0.0164743 0.0172997 0.0181312
0.0189687 0.0198209 0.020676 0.0215395 0.0224117 0.0232926 0.0241971 0.0251038 0.0260212 0.0269492
0.0278878 0.0288686 0.0298402 0.0308243 0.0318205 0.0328284 0.033441 0.0335435 0.0336462 0.033749
0.0338518 0.0339557 0.0350314 0.0361188 0.0372175 0.0383269 0.0395653 0.0407604 0.0419633 0.0431729
0.0443872 0.0458059 0.0459742 0.0461426 0.046311 0.0464794 0.046643 0.0472564 0.0478703 0.0484847
0.0490997 0.0496108 0.050225 0.0508397 0.0514552 0.0520714 0.0527302 0.0537163 0.0547042 0.0556938
0.0566855 0.0575825 0.0580934 0.0586053 0.0591182 0.0596321 0.0601576 0.060643 0.0611292 0.0616167
0.0621068 0.062638 0.0636793 0.0647244 0.0657697 0.0668109 0.0678293 0.0678353 0.0678413 0.0678473
0.0678533 0.0678594 0.0693805 0.0709026 0.0724233 0.0739394 0.0752669 0.0758576 0.0764469 0.077035
0.0776241 0.0782371 0.0790379 0.0798365 0.0806332 0.0814282 0.082171 0.0824875 0.0828035 0.0831189
0.0834339 0.0837681 0.0840978 0.0844268 0.0847552 0.085083 0.0854029 0.085737 0.0860702 0.0864024
0.0867339 0.0885177 0.0887725 0.0890268 0.0892807 0.0895344 0.0898062 0.0907432 0.0916756 0.0926023
0.0935196 0.0943893 0.0948548 0.0953181 0.0957797 0.0962397 0.0967753 0.0968515 0.0969276 0.0970037
0.0970797 0.0971556 0.0977002 0.0982423 0.0987819 0.0993193 0.0998465 0.100375 0.100902 0.101426
0.101949 0.102468 0.102989 0.103506 0.104022 0.104536 0.105043 0.10514 0.105237 0.105335
0.105432 0.105532 0.10645 0.107363 0.108273 0.109177 0.110065 0.111052 0.112033 0.113011
0.113985 0.114938 0.115309 0.11568 0.116051 0.11642 0.116785 0.117368 0.11795 0.118531
0.119111 0.119686 0.120624 0.121558 0.122489 0.123415 0.12433 0.125246 0.126158 0.127065
0.127969 0.128863 0.129367 0.129871 0.130373 0.130875 0.131457 0.131825 0.132192 0.132558
0.132924 0.133289 0.133716 0.134142 0.134567 0.134992 0.135413 0.135859 0.136305 0.136751
0.137196 0.137639 0.138502 0.139364 0.140225 0.141083 0.141938 0.142793 0.143646 0.144499
0.14535 0.146195 0.147043 0.147889 0.148735 0.14958 0.15042 0.151003 0.151587 0.15217
0.152754 0.153384 0.153632 0.153881 0.15413 0.154379 0.154628 0.15547 0.156315 0.157161
0.158009 0.158854 0.159704 0.160555 0.161409 0.162265 0.163122 0.163982 0.164845 0.165709
0.166576 0.167445 0.168317 0.169191 0.170068 0.170947 0.171831 0.172719 0.173607 0.1745
0.175395 0.176294 0.176475 0.176655 0.176835 0.177016 0.177194 0.177917 0.178642 0.179368
0.180096 0.180827 0.181741 0.182657 0.183574 0.184494 0.185419 0.186346 0.187273 0.188201
0.189129 0.190065 0.190998 0.191933 0.19287 0.193807 0.194753 0.195698 0.196642 0.197587
0.198532 0.199485 0.199933 0.200381 0.20083 0.201278 0.201703 0.202213 0.202723 0.203233
0.203744 0.204256 0.205213 0.206171 0.20713 0.208091 0.209059 0.210026 0.210992 0.21196
0.212929 0.213906 0.214751 0.215596 0.216443 0.21729 0.217933 0.218106 0.218278 0.21845
0.218622 0.218795 0.21955 0.220307 0.221064 0.221821 0.222568 0.222799 0.223031 0.223262
0.223494 0.223726 0.224717 0.225709 0.226702 0.227696 0.228699 0.2297 0.2307 0.2317
0.232701 0.233713 0.23472 0.235728 0.236737 0.237746 0.238767 0.239608 0.240448 0.24129
0.242131 0.242976 0.243155 0.243334 0.243513 0.243692 0.243872 0.24417 0.244468 0.244767
0.245065 0.245348 0.24608 0.246813 0.247546 0.248279 0.249017 0.250052 0.251084 0.252117
0.25315 0.254194 0.255232 0.256271 0.25731 0.258349 0.259397 0.260253 0.261109 0.261964
0.26282 0.263617 0.263819 0.264021 0.264223 0.264425 0.264628 0.264834 0.265041 0.265248
0.265455 0.265671 0.266511 0.267352 0.268194 0.269037 0.269878 0.270931 0.271982 0.273033
0.274085 0.275137 0.276092 0.277047 0.278001 0.278955 0.279866 0.279976 0.280085 0.280195
0.280305 0.280415 0.282526 0.284631 0.286734 0.288834 0.290928 0.293047 0.295149 0.297256
0.299357 0.301446 0.302371 0.303293 0.304215 0.305134 0.30613 0.307068 0.308006 0.308941
0.309875 0.310819 0.311015 0.311211 0.311407 0.311603 0.311799 0.313853 0.315901 0.317948
0.319994 0.322031 0.324078 0.326115 0.32815 0.330182 0.332206 0.334048 0.33588 0.337709
0.339538 0.341401 0.341584 0.341768 0.341952 0.342135 0.342319 0.346303 0.350325 0.354356
0.358393 0.362428 0.366467 0.370492 0.374523 0.378549 0.38254 0.386555 0.390554 0.394548
0.398536 0.402504 0.403851 0.405222 0.406576 0.407914 0.409224 0.411552 0.413926 0.41635
0.418828 0.421395 0.425021 0.42889 0.432746 0.436588 0.440563 0.444248 0.448091 0.451938
0.455784 0.459703 0.46115 0.462615 0.464079 0.465541 0.466642 0.46908 0.47152 0.473962
0.476407 0.478849 0.481519 0.484187 0.486855 0.489524 0.492372 0.49351 0.494647 0.495786
0.496925 0.498064 0.501918 0.505786 0.509654 0.513521 0.517378 0.521199 0.525064 0.528922
0.532773 0.536638 0.540471 0.544329 0.548197 0.552065 0.555887 0.559676 0.5635 0.567348
0.571191 0.575044 0.578853 0.582684 0.586506 0.590321 0.594121 0.596301 0.598485 0.60067
0.602856 0.605209 0.606795 0.608381 0.609965 0.611548 0.61313 0.616901 0.620688 0.62447
0.628257 0.632043 0.635733 0.639518 0.643305 0.647092 0.650849 0.654532 0.658254 0.661951
0.665627 0.669287 0.672513 0.675759 0.678991 0.68221 0.685281 0.685673 0.686066 0.686458
0.686852 0.687245 0.690833 0.694401 0.697943 0.701473 0.704991 0.711939 0.718841 0.725688
0.732481 0.739182 0.745651 0.752316 0.758942 0.765526 0.772064 0.778413 0.784857 0.791255
0.797605 0.803924 0.807073 0.810227 0.813361 0.816475 0.819459 0.822529 0.825583 0.828623
0.831649 0.834653 0.84658 0.858417 0.870118 0.881476 0.892439 0.903037 0.913797 0.924559
0.935323 0.946101 0.956679 0.967464 0.978254 0.98905 0.999864 1.01043 1.02125 1.03207
1.04291 1.05377 1.06432 1.07517 1.08604 1.09692 1.10786 0 3.55817e-08 7.11634e-08
1.06745e-07 1.42327e-07 1.77908e-07 1.22604e-05 2.43435e-05 3.64272e-05 4.85115e-05 6.05964e-05 0.000818168 0.00157836
0.00234118 0.00310665 0.00387508 0.00464609 0.00542041 0.00619816 0.00697935 0.00776477 0.00855329 0.00934593
0.0101428 0.0109439 0.0117515 0.0125623 0.0133783 0.0142001 0.0150278 0.0158676 0.0167106 0.0175613
0.0184201 0.0192872 0.0201759 0.0210667 0.021967 0.0228775 0.0237982 0.0247585 0.0249036 0.025049
0.0251946 0.0253406 0.0254396 0.0262726 0.027115 0.0279662 0.028826 0.0297356 0.0300661 0.030398
0.0307312 0.0310656 0.0313606 0.0321112 0.032868 0.0336308 0.0343995 0.0352262 0.0363896 0.0375662
0.038755 0.0399539 0.0413209 0.041936 0.0425528 0.0431711 0.0437912 0.0443493 0.0450892 0.0458314
0.0465759 0.0473224 0.0481406 0.0482213 0.0483021 0.0483828 0.0484636 0.0485431 0.0499106 0.0512823
0.052658 0.0540366 0.0555307 0.0555428 0.0555549 0.055567 0.0555791 0.0555912 0.0569416 0.0582954
0.0596522 0.0610092 0.0624461 0.0626374 0.0628287 0.06302 0.0632113 0.0634021 0.0638754 0.0643486
0.0648217 0.0652949 0.0657564 0.066826 0.0678945 0.0689617 0.0700307 0.0710364 0.0719599 0.0728799
0.0737962 0.0747094 0.0756624 0.0761569 0.0766506 0.0771437 0.0776361 0.0781075 0.0791629 0.080214
0.081262 0.0823055 0.0845852 0.0848691 0.0851524 0.0854352 0.0857177 0.0860165 0.0862134 0.0864093
0.086605 0.0868005 0.08755 0.08755 0.08755 0.08755 0.08755 0.08755 0.0881342 0.0887161
0.0892955 0.0898721 0.090425 0.0915414 0.0926469 0.0937418 0.0948263 0.095842 0.0963608 0.0968775
0.0973926 0.0979068 0.0984127 0.0984343 0.0984559 0.0984775 0.0984991 0.0985209 0.0990079 0.0994926
0.0999749 0.100455 0.100928 0.101918 0.102902 0.10388 0.104852 0.105797 0.106751 0.107698
0.108639 0.109574 0.110487 0.111403 0.112319 0.11323 0.114138 0.115034 0.115382 0.11573
0.116078 0.116425 0.116807 0.117 0.117192 0.117383 0.117575 0.117762 0.118104 0.118445
0.118786 0.119126 0.119466 0.120341 0.121214 0.122084 0.122949 0.12381 0.12467 0.125524
0.126375 0.127222 0.128064 0.128902 0.129737 0.130571 0.131401 0.132231 0.132683 0.133133
0.133582 0.134031 0.134475 0.134848 0.13522 0.135591 0.135962 0.136332 0.137147 0.137958
0.138768 0.139576 0.140379 0.141184 0.141987 0.142788 0.143589 0.144385 0.145111 0.145836
0.14656 0.147285 0.148282 0.148297 0.148313 0.148329 0.148345 0.148361 0.1487 0.149038
0.149377 0.149715 0.150063 0.150516 0.150969 0.151422 0.151875 0.152328 0.153121 0.153916
0.154713 0.15551 0.156305 0.157104 0.157903 0.158705 0.159508 0.160312 0.161119 0.161927
0.162737 0.163549 0.164362 0.165025 0.165688 0.166353 0.16702 0.167674 0.167832 0.167991
0.168149 0.168308 0.168467 0.169294 0.170123 0.170954 0.171788 0.172625 0.173464 0.174303
0.175144 0.175987 0.176835 0.177684 0.178533 0.179383 0.180235 0.181095 0.181954 0.182814
0.183675 0.184537 0.185406 0.185713 0.186019 0.186326 0.186634 0.186931 0.187497 0.188063
0.18863 0.189197 0.189767 0.190644 0.191522 0.1924 0.19328 0.194169 0.195057 0.195944
0.196832 0.197721 0.19862 0.199516 0.200413 0.201311 0.20221 0.203121 0.203496 0.203871
0.204246 0.204621 0.20499 0.205526 0.206063 0.2066 0.207137 0.207678 0.207945 0.208212
0.208479 0.208747 0.208998 0.209654 0.210311 0.210969 0.211628 0.21229 0.213219 0.214149
0.21508 0.216013 0.216954 0.217893 0.218833 0.219774 0.220717 0.221671 0.221837 0.222004
0.222171 0.222338 0.222505 0.22329 0.224075 0.224861 0.225648 0.22644 0.2274 0.228359
0.22932 0.230282 0.231253 0.231697 0.232141 0.232585 0.23303 0.233437 0.23397 0.234502
0.235035 0.235568 0.236104 0.237078 0.238052 0.239026 0.240001 0.240985 0.241085 0.241185
0.241284 0.241384 0.241485 0.242365 0.243246 0.244126 0.245007 0.245892 0.246879 0.247861
0.248844 0.249828 0.250815 0.250824 0.250833 0.250842 0.250851 0.250859 0.252821 0.254785
0.256752 0.25872 0.260692 0.262673 0.264641 0.266597 0.268556 0.270547 0.272541 0.274515
0.276483 0.278451 0.280422 0.280482 0.280543 0.280604 0.280664 0.280725 0.282631 0.284536
0.286441 0.288346 0.290255 0.292233 0.294203 0.296178 0.298155 0.300129 0.301821 0.303508
0.305195 0.306881 0.309208 0.309251 0.309295 0.309338 0.309382 0.309427 0.309537 0.309646
0.309756 0.309866 0.309976 0.313906 0.317855 0.321821 0.32579 0.329696 0.333517 0.337438
0.341358 0.345281 0.349284 0.353221 0.357155 0.361083 0.365004 0.368891 0.369622 0.37036
0.371094 0.371823 0.37255 0.375594 0.378722 0.381845 0.384965 0.388121 0.391871 0.395676
0.399468 0.403248 0.403545 0.404239 0.404933 0.405627 0.40632 0.407012 0.410756 0.414491
0.418217 0.421948 0.425666 0.429402 0.433136 0.436874 0.440616 0.44435 0.44604 0.447736
0.449433 0.451132 0.452848 0.454893 0.456941 0.458991 0.461042 0.463095 0.466837 0.470615
0.474399 0.478189 0.481983 0.485755 0.489551 0.493357 0.497162 0.50093 0.504657 0.508429
0.512236 0.516047 0.519862 0.523636 0.527434 0.531244 0.535053 0.538838 0.542592 0.546381
0.550174 0.55397 0.557772 0.560544 0.563319 0.566089 0.568856 0.572135 0.573033 0.573931
0.57483 0.57573 0.576629 0.580388 0.584165 0.587946 0.59173 0.595505 0.599232 0.603004
0.606775 0.610524 0.614252 0.617732 0.621243 0.624735 0.628209 0.631514 0.631715 0.631915
0.632115 0.632316 0.632517 0.636157 0.639786 0.643405 0.647022 0.650633 0.654198 0.657805
0.66141 0.665012 0.668638 0.672186 0.675793 0.679392 0.682983 0.686535 0.693447 0.700336
0.707173 0.713959 0.720634 0.727011 0.733636 0.740245 0.746817 0.753353 0.759615 0.766058
0.772458 0.778816 0.785164 0.791367 0.797652 0.803863 0.810008 0.81609 0.822908 0.829691
0.836433 0.843137 0.848476 0.853612 0.858674 0.863666 0.868587 0.873416 0.884055 0.894729
0.905403 0.916075 0.92675 0.937363 0.948048 0.958735 0.969423 0.980119 0.990713 1.00142
1.01213 1.02284 1.03356 1.04413 1.05487 1.0656 1.07635 1.08712 0 3.34147e-08
6.68294e-08 1.00244e-07 1.33659e-07 1.67073e-07 1.23002e-05 2.44341e-05 3.65687e-05 4.87041e-05 6.08402e-05 0.000821484
0.00158482 0.00235175 0.00312228 0.0038968 0.00467486 0.00545696 0.00624324 0.00703372 0.00782949 0.00862883
0.00943263 0.0102419 0.0110566 0.0118801 0.0127076 0.0135416 0.0143832 0.0152324 0.016099 0.0169693
0.0178478 0.018736 0.0196342 0.020567 0.0214991 0.0224431 0.0233996 0.0243677 0.024919 0.025015
0.025111 0.0252072 0.0253034 0.0254004 0.0262918 0.0271934 0.028105 0.0290263 0.0296134 0.029833
0.0300531 0.0302738 0.030495 0.0307213 0.0318496 0.032992 0.0341468 0.0353132 0.0366303 0.0377638
0.0389063 0.0400567 0.0412145 0.0421305 0.0423527 0.0425752 0.0427979 0.0430208 0.0432507 0.0439463
0.044644 0.0453431 0.0460433 0.0466415 0.0474119 0.0481839 0.0489573 0.0497322 0.0505663 0.051054
0.0515417 0.0520294 0.052517 0.052982 0.0540371 0.0550935 0.0561508 0.0572085 0.0583189 0.0589769
0.059634 0.06029 0.0609449 0.0616668 0.0619189 0.0621708 0.0624225 0.0626741 0.0629223 0.0635409
0.0641586 0.0647754 0.0653909 0.0659896 0.0672662 0.0685392 0.0698086 0.0710691 0.0723364 0.0724986
0.0726607 0.0728227 0.0729846 0.0731441 0.0744914 0.0758303 0.0771589 0.0784738 0.0796269 0.0800797
0.0805307 0.08098 0.0814275 0.0819083 0.0826267 0.0833412 0.0840515 0.0847573 0.0854193 0.0865167
0.0876053 0.088685 0.0897535 0.0907346 0.0911427 0.0915492 0.0919542 0.0923579 0.0928164 0.093392
0.0939652 0.0945359 0.0951043 0.0956582 0.0966104 0.0975575 0.0984979 0.0994316 0.100337 0.101248
0.102154 0.103054 0.103948 0.104822 0.105366 0.105908 0.106449 0.106988 0.107621 0.107928
0.108233 0.108538 0.108843 0.109147 0.109998 0.110845 0.111689 0.112529 0.113364 0.113631
0.113898 0.114164 0.11443 0.114685 0.11525 0.115813 0.116375 0.116935 0.117494 0.118312
0.119126 0.119937 0.120746 0.12155 0.122351 0.12315 0.123947 0.124741 0.125535 0.126325
0.127112 0.127897 0.12868 0.129461 0.129669 0.129878 0.130086 0.130294 0.130499 0.130642
0.130785 0.130928 0.131071 0.13122 0.131642 0.132064 0.132486 0.132907 0.133327 0.134095
0.134862 0.135627 0.136391 0.137151 0.137911 0.13867 0.139427 0.140183 0.140939 0.141695
0.142448 0.143202 0.143955 0.144707 0.144728 0.14475 0.144772 0.144794 0.144816 0.145546
0.146277 0.147008 0.147739 0.148468 0.149221 0.149974 0.150727 0.15148 0.152237 0.152995
0.153753 0.154512 0.155272 0.156034 0.156794 0.157555 0.158317 0.159082 0.159833 0.15984
0.159848 0.159855 0.159862 0.15987 0.160643 0.161418 0.162195 0.162973 0.163753 0.164536
0.165319 0.166103 0.166889 0.167679 0.168471 0.169263 0.170055 0.17085 0.171652 0.172453
0.173254 0.174057 0.174862 0.175672 0.175776 0.175881 0.175986 0.176091 0.176195 0.176901
0.177608 0.178315 0.179023 0.179735 0.180553 0.181372 0.182192 0.183014 0.183842 0.184007
0.184172 0.184338 0.184503 0.18466 0.185324 0.18599 0.186657 0.187324 0.187995 0.188831
0.189668 0.190507 0.191347 0.192194 0.19226 0.192327 0.192394 0.19246 0.192527 0.193307
0.194089 0.194871 0.195655 0.196445 0.197302 0.198159 0.199017 0.199876 0.200748 0.201617
0.202486 0.203355 0.204227 0.205108 0.205801 0.206495 0.20719 0.207886 0.208563 0.208755
0.208948 0.20914 0.209333 0.209526 0.210416 0.211306 0.212199 0.213093 0.213995 0.2141
0.214205 0.214311 0.214416 0.214519 0.215316 0.216114 0.216913 0.217713 0.218517 0.219429
0.22034 0.221251 0.222165 0.223086 0.223602 0.224118 0.224635 0.225152 0.225666 0.226074
0.226481 0.226889 0.227297 0.227707 0.228636 0.229565 0.230494 0.231423 0.232359 0.232653
0.232946 0.23324 0.233534 0.233816 0.235394 0.236974 0.238553 0.24013 0.241713 0.242615
0.243515 0.244418 0.245324 0.246333 0.247297 0.248259 0.24922 0.250181 0.251143 0.25303
0.254913 0.256793 0.258664 0.260535 0.26125 0.261963 0.262675 0.263388 0.26409 0.265253
0.266417 0.267581 0.268744 0.26991 0.27179 0.27366 0.275524 0.277387 0.27928 0.281169
0.283045 0.284912 0.286783 0.288664 0.289332 0.289998 0.290664 0.29133 0.291988 0.293203
0.29442 0.295639 0.296859 0.298076 0.30187 0.305633 0.309413 0.3132 0.316977 0.320789
0.324549 0.32831 0.33207 0.335837 0.33956 0.343235 0.346905 0.350571 0.354291 0.35435
0.354409 0.354468 0.354527 0.354586 0.358345 0.36211 0.36588 0.369647 0.373382 0.37709
0.380798 0.384499 0.38819 0.391861 0.395469 0.39911 0.402742 0.406381 0.410042 0.413684
0.417311 0.420943 0.424584 0.428226 0.429915 0.431609 0.433305 0.435002 0.436747 0.438694
0.440643 0.442593 0.444545 0.446498 0.450147 0.453827 0.457512 0.461201 0.464901 0.468584
0.472291 0.476016 0.479743 0.483425 0.487067 0.490753 0.494483 0.498225 0.501972 0.50568
0.50941 0.513161 0.516918 0.520631 0.524314 0.52803 0.531761 0.535496 0.539247 0.542956
0.546681 0.550406 0.554134 0.557848 0.561264 0.564686 0.568109 0.571532 0.575745 0.575878
0.57601 0.576142 0.576275 0.576407 0.577581 0.578756 0.579931 0.581105 0.582266 0.58479
0.587315 0.589838 0.592361 0.594882 0.598537 0.602225 0.605907 0.609584 0.613257 0.616873
0.62054 0.6242 0.627854 0.631501 0.635063 0.638695 0.642321 0.645938 0.649553 0.653086
0.656679 0.660281 0.663875 0.667444 0.674388 0.681313 0.6882 0.695036 0.701634 0.707941
0.714491 0.721188 0.727852 0.734332 0.740524 0.746937 0.753429 0.759889 0.766267 0.772423
0.778776 0.785124 0.791407 0.797596 0.809356 0.821023 0.832576 0.844018 0.855105 0.865732
0.876502 0.887252 0.897984 0.908707 0.919317 0.929996 0.940663 0.951316 0.96196 0.972557
0.983178 0.993787 1.00439 1.01498 1.01537 1.01577 1.01617 1.01657 1.01696 1.02715
1.03734 1.04754 1.05774 1.06794 0 3.05009e-08 6.10017e-08 9.15026e-08 1.22003e-07 1.52504e-07
1.23787e-05 2.46056e-05 3.68333e-05 4.90617e-05 6.1291e-05 0.000827573 0.00159722 0.00237025 0.00314669 0.00392737
0.00471143 0.00549983 0.00629284 0.00709078 0.00789525 0.00870372 0.00951822 0.0103393 0.0111668 0.0120064
0.01285 0.0137009 0.0145608 0.0154298 0.0163241 0.0172205 0.0181274 0.0190462 0.0199763 0.0209558
0.0215815 0.0222123 0.0228481 0.0234891 0.0238121 0.0242514 0.0246928 0.0251363 0.025582 0.0260474
0.0264557 0.0268661 0.0272783 0.0276924 0.028042 0.0287544 0.0294716 0.0301935 0.0309197 0.0317094
0.0329135 0.0341301 0.0353581 0.0365955 0.0380224 0.0384182 0.038815 0.0392127 0.0396108 0.0399832
0.0407643 0.0415488 0.0423367 0.0431262 0.0438233 0.0440653 0.0443075 0.0445498 0.0447922 0.0450406
0.046116 0.0471941 0.0482736 0.049353 0.0503087 0.0507527 0.0511967 0.0516407 0.0520846 0.0525401
0.0538956 0.0552501 0.0565994 0.0579421 0.0595463 0.059589 0.0596318 0.0596745 0.0597172 0.0597599
0.059827 0.0598942 0.0599613 0.0600284 0.0600954 0.0615682 0.0630319 0.0644848 0.0659269 0.0672353
0.0675321 0.0678283 0.0681239 0.0684188 0.0687181 0.0697358 0.0707471 0.0717522 0.0727506 0.0736605
0.0744667 0.0752674 0.0760627 0.0768516 0.0777308 0.078071 0.0784102 0.0787486 0.079086 0.0794138
0.0804991 0.0815735 0.0826366 0.0836884 0.0846428 0.0852443 0.0858432 0.0864391 0.0870316 0.0877301
0.0880732 0.0884153 0.0887565 0.0890967 0.0894303 0.0903517 0.0912673 0.0921763 0.0930786 0.0939446
0.09482 0.0956898 0.0965539 0.0974126 0.0982479 0.0987661 0.099283 0.0997981 0.100311 0.100914
0.10121 0.101505 0.101799 0.102093 0.102386 0.1032 0.10401 0.104816 0.105618 0.106414
0.107052 0.107688 0.108321 0.108953 0.109488 0.109661 0.109834 0.110008 0.110181 0.110354
0.111134 0.111911 0.112685 0.113457 0.114225 0.114991 0.115755 0.116516 0.117276 0.118035
0.118787 0.119537 0.120285 0.121031 0.121796 0.12182 0.121844 0.121869 0.121893 0.121917
0.122535 0.12315 0.123765 0.124379 0.124964 0.125073 0.125182 0.125291 0.1254 0.125509
0.126248 0.126985 0.12772 0.128453 0.129185 0.129915 0.130644 0.13137 0.132095 0.132821
0.133546 0.134269 0.13499 0.13571 0.136431 0.136862 0.137292 0.137722 0.138153 0.138573
0.138864 0.139155 0.139446 0.139737 0.140028 0.140746 0.141463 0.142181 0.142898 0.143617
0.144336 0.145055 0.145774 0.146494 0.147216 0.147939 0.148662 0.149386 0.150111 0.15084
0.151103 0.151365 0.151628 0.151891 0.152155 0.152624 0.153094 0.153564 0.154035 0.154506
0.155244 0.155983 0.156723 0.157465 0.158209 0.158956 0.159703 0.160451 0.161202 0.161956
0.162712 0.163468 0.164226 0.164985 0.165748 0.165913 0.166079 0.166244 0.16641 0.166574
0.167174 0.167774 0.168376 0.168978 0.169583 0.169762 0.16994 0.170119 0.170297 0.170463
0.17106 0.171659 0.172258 0.172858 0.173461 0.174241 0.175023 0.175806 0.17659 0.177379
0.178168 0.178958 0.179749 0.180542 0.181341 0.181357 0.181373 0.18139 0.181406 0.181422
0.182205 0.182988 0.183772 0.184558 0.185349 0.186157 0.186965 0.187773 0.188582 0.189403
0.190222 0.19104 0.191859 0.192681 0.19351 0.194066 0.194623 0.19518 0.195738 0.196282
0.19656 0.196838 0.197116 0.197394 0.197674 0.198512 0.199352 0.200193 0.201036 0.201887
0.202331 0.202776 0.203222 0.203668 0.204073 0.204489 0.204905 0.205322 0.205738 0.206157
0.207017 0.207878 0.20874 0.209605 0.210476 0.210767 0.211059 0.211351 0.211643 0.211943
0.212522 0.213102 0.213683 0.214264 0.214847 0.215726 0.216604 0.217484 0.218365 0.219257
0.220147 0.221035 0.221925 0.222815 0.22371 0.223795 0.223881 0.223967 0.224052 0.224137
0.22584 0.227547 0.229257 0.230969 0.232691 0.234496 0.236289 0.238075 0.239866 0.241686
0.243499 0.245299 0.247104 0.248908 0.250724 0.25151 0.252294 0.253077 0.25386 0.254622
0.254642 0.254663 0.254683 0.254703 0.254724 0.255728 0.256733 0.257738 0.258744 0.259749
0.261558 0.263364 0.265172 0.266983 0.26879 0.270606 0.27241 0.274211 0.27601 0.277818
0.278821 0.27982 0.28082 0.28182 0.282803 0.283613 0.284424 0.285236 0.286048 0.286858
0.290493 0.294109 0.297735 0.301372 0.305023 0.308725 0.312344 0.315939 0.319539 0.323191
0.326876 0.33047 0.33405 0.337649 0.341288 0.342312 0.343336 0.344362 0.345389 0.34641
0.349032 0.351657 0.354284 0.356913 0.359534 0.363168 0.366814 0.370464 0.374106 0.377725
0.381257 0.384827 0.388414 0.392001 0.395617 0.399204 0.402777 0.406345 0.409922 0.413498
0.417048 0.420618 0.424199 0.427787 0.431387 0.432055 0.432722 0.43339 0.434058 0.434739
0.437672 0.440607 0.443545 0.446489 0.449433 0.45305 0.456687 0.460331 0.463981 0.467615
0.47121 0.474848 0.478511 0.482182 0.485853 0.489493 0.493154 0.496827 0.500501 0.504156
0.50778 0.511437 0.515102 0.518771 0.52245 0.526097 0.529756 0.533414 0.537074 0.540724
0.543134 0.545548 0.547962 0.550375 0.552568 0.553849 0.55513 0.556411 0.557693 0.558973
0.562621 0.566273 0.569926 0.573579 0.577229 0.580859 0.584507 0.588148 0.59178 0.595402
0.599017 0.602637 0.606251 0.609857 0.613451 0.614363 0.615276 0.616188 0.617099 0.618074
0.620728 0.623378 0.626025 0.62867 0.631313 0.634864 0.638424 0.641982 0.645533 0.649074
0.656085 0.663078 0.670023 0.676856 0.683445 0.689748 0.696295 0.703025 0.70975 0.716215
0.722396 0.7288 0.735404 0.741973 0.748345 0.754499 0.76085 0.767319 0.77372 0.779902
0.791648 0.803314 0.814867 0.826311 0.837435 0.848028 0.858874 0.869696 0.880494 0.891294
0.90187 0.912595 0.923303 0.933994 0.944683 0.955248 0.965894 0.976527 0.987147 0.997762
1.00832 1.0189 1.02948 1.04006 1.05064 0 2.90056e-08 5.80111e-08 8.70167e-08 1.16022e-07
1.45027e-07 1.24032e-05 2.46624e-05 3.69226e-05 4.91837e-05 6.14459e-05 0.000829705 0.00160125 0.00237609 0.00315482
0.00393871 0.00472661 0.0055196 0.00631787 0.00712143 0.00793307 0.00874847 0.00956993 0.010398 0.0112336
0.0120853 0.0129414 0.0138059 0.01468 0.0155641 0.016484 0.0174035 0.0183335 0.0192744 0.0202267
0.0212515 0.0215547 0.0218591 0.0221648 0.0224717 0.0227209 0.0234632 0.0242113 0.0249648 0.0257235
0.0265491 0.0266023 0.0266555 0.0267088 0.026762 0.0268143 0.0278915 0.0289792 0.0300767 0.0311831
0.0324448 0.0336461 0.0348583 0.0360794 0.0373056 0.0382246 0.0383795 0.0385345 0.0386896 0.0388448
0.0390029 0.0393197 0.0396369 0.0399544 0.0402719 0.0405779 0.0416629 0.0427494 0.043837 0.0449252
0.0461004 0.0464811 0.0468621 0.0472432 0.0476238 0.0479897 0.0490584 0.050126 0.0511938 0.0522602
0.0533396 0.0538973 0.0544545 0.0550106 0.0555649 0.0561903 0.05634 0.0564897 0.0566393 0.0567888
0.0569377 0.0576103 0.0582806 0.0589484 0.0596138 0.0602536 0.0613096 0.0623599 0.0634044 0.0644392
0.0655079 0.0657284 0.0659486 0.0661685 0.066388 0.0666038 0.0677959 0.0689784 0.0701514 0.0713112
0.0723457 0.0727216 0.0730965 0.0734705 0.0738428 0.0742342 0.0749 0.0755622 0.0762208 0.076876
0.0774944 0.0784709 0.0794398 0.0803992 0.0813497 0.0822349 0.0825822 0.0829284 0.0832735 0.0836174
0.0839994 0.084533 0.0850642 0.085593 0.0861194 0.0866313 0.0874829 0.0883286 0.0891686 0.090003
0.0908079 0.0916192 0.0924261 0.0932288 0.0940272 0.0948115 0.0952373 0.095662 0.0960856 0.0965081
0.0969985 0.0973381 0.097677 0.0980152 0.0983528 0.0986889 0.0994539 0.100215 0.100974 0.101729
0.10248 0.102911 0.103341 0.10377 0.104199 0.104578 0.104904 0.105229 0.105554 0.105878
0.106202 0.106939 0.107674 0.108407 0.109137 0.109868 0.110596 0.111321 0.112045 0.112766
0.113489 0.114208 0.114926 0.115641 0.116356 0.117071 0.11737 0.117668 0.117967 0.118265
0.118585 0.118774 0.118964 0.119154 0.119343 0.11953 0.119747 0.119965 0.120182 0.120399
0.120616 0.121322 0.122026 0.122729 0.12343 0.124131 0.12483 0.125528 0.126223 0.126918
0.127613 0.128307 0.128999 0.12969 0.130381 0.131073 0.131354 0.131634 0.131915 0.132195
0.132471 0.132882 0.133293 0.133703 0.134114 0.134525 0.135215 0.135904 0.136593 0.137282
0.137973 0.138664 0.139354 0.140044 0.140734 0.141431 0.142126 0.142821 0.143518 0.144217
0.144918 0.144927 0.144936 0.144945 0.144954 0.144962 0.145655 0.146349 0.147045 0.147741
0.14844 0.14915 0.14986 0.150572 0.151285 0.152004 0.152723 0.153443 0.154165 0.154887
0.155614 0.156055 0.156495 0.156936 0.157378 0.157809 0.158102 0.158395 0.158688 0.158981
0.159275 0.160012 0.16075 0.161489 0.162229 0.162974 0.163721 0.164467 0.165215 0.165965
0.166718 0.167473 0.168227 0.168984 0.169742 0.170505 0.170633 0.170761 0.17089 0.171018
0.171146 0.171608 0.172071 0.172534 0.172998 0.173381 0.173572 0.173764 0.173955 0.174146
0.174338 0.175109 0.175882 0.176657 0.177433 0.178213 0.178995 0.179776 0.18056 0.181345
0.182135 0.182655 0.183174 0.183694 0.184215 0.184724 0.185001 0.185278 0.185556 0.185834
0.186112 0.186914 0.187716 0.18852 0.189325 0.190138 0.190951 0.191764 0.192578 0.193393
0.194217 0.195039 0.195862 0.196687 0.197514 0.198349 0.198459 0.198569 0.19868 0.19879
0.198901 0.199625 0.20035 0.201076 0.201804 0.202535 0.202746 0.202957 0.203168 0.203379
0.203581 0.204217 0.204853 0.205491 0.20613 0.206771 0.207624 0.208477 0.209332 0.210189
0.211052 0.211811 0.212571 0.21333 0.214091 0.214921 0.215012 0.215103 0.215194 0.215285
0.215376 0.216245 0.217115 0.217985 0.218856 0.219733 0.220288 0.220842 0.221396 0.22195
0.222461 0.222793 0.223125 0.223457 0.22379 0.224122 0.225882 0.22764 0.229402 0.231165
0.23294 0.234717 0.236479 0.238226 0.239974 0.24175 0.243524 0.245282 0.247033 0.248786
0.250552 0.250966 0.251378 0.25179 0.252203 0.252613 0.253958 0.255302 0.256647 0.257992
0.259337 0.260765 0.262187 0.263609 0.265034 0.266594 0.266905 0.267216 0.267528 0.267839
0.26815 0.269915 0.271679 0.273442 0.275203 0.276954 0.277938 0.278919 0.2799 0.280881
0.281871 0.284393 0.286919 0.289452 0.291989 0.294514 0.298087 0.301601 0.305094 0.308592
0.312177 0.315794 0.319324 0.322795 0.326267 0.329795 0.333306 0.336816 0.340343 0.343887
0.347455 0.347883 0.34831 0.348738 0.349165 0.349595 0.35274 0.355888 0.359038 0.362191
0.365336 0.368861 0.372425 0.375999 0.379574 0.383177 0.386758 0.390326 0.393882 0.397436
0.400963 0.404458 0.407977 0.411517 0.415066 0.41865 0.422236 0.425799 0.429366 0.432942
0.436516 0.438445 0.440376 0.44231 0.444248 0.446274 0.447922 0.449571 0.45122 0.452869
0.454517 0.458115 0.461727 0.465339 0.46896 0.472588 0.4762 0.479833 0.483474 0.487119
0.490741 0.494333 0.497958 0.501592 0.505226 0.508872 0.512484 0.516111 0.519736 0.523361
0.526977 0.530585 0.534201 0.537818 0.541436 0.54505 0.545223 0.545396 0.545569 0.545742
0.545915 0.549352 0.55279 0.556229 0.559668 0.563104 0.566702 0.570318 0.573933 0.577548
0.581158 0.584753 0.588369 0.591983 0.595592 0.599192 0.602752 0.606344 0.609927 0.613502
0.617068 0.620616 0.624179 0.627737 0.631285 0.634822 0.641845 0.648863 0.655801 0.662626
0.669256 0.675596 0.682187 0.688877 0.695562 0.702053 0.708265 0.714703 0.721316 0.727913
0.734303 0.740482 0.746864 0.753418 0.759902 0.76611 0.777907 0.789627 0.801234 0.812728
0.823834 0.834392 0.845231 0.856044 0.866833 0.877627 0.88817 0.898881 0.909575 0.920252
0.930929 0.941463 0.952092 0.962708 0.973311 0.98391 0.994433 1.005 1.01556 1.02611
1.03669 0 2.7979e-08 5.59581e-08 8.39371e-08 1.11916e-07 1.39895e-07 1.24001e-05 2.46612e-05 3.69231e-05
4.91858e-05 6.14496e-05 0.000829736 0.00160177 0.00237766 0.00315775 0.00394413 0.00473375 0.00552849 0.00632847
0.00713381 0.00794948 0.00876906 0.00959557 0.0104297 0.0112712 0.0121351 0.0130006 0.0138747 0.0147582
0.0156515 0.0165938 0.0175286 0.0184747 0.0194328 0.0204013 0.021461 0.0215069 0.0215529 0.0215988
0.0216448 0.0216897 0.0225733 0.0234647 0.0243636 0.0252691 0.0258195 0.0260286 0.026238 0.0264477
0.0266576 0.0268736 0.0280194 0.0291757 0.0303409 0.0315132 0.0328668 0.033663 0.0344615 0.0352618
0.0360633 0.0367436 0.0368378 0.036932 0.0370262 0.0371204 0.0372139 0.0376463 0.0380786 0.038511
0.0389432 0.0393901 0.0407271 0.042067 0.0434073 0.0447417 0.0460711 0.0460874 0.0461037 0.04612
0.0461364 0.0461527 0.0472616 0.0483684 0.0494719 0.0505686 0.0519271 0.0520933 0.0522594 0.0524254
0.0525913 0.0527559 0.0531443 0.0535322 0.0539194 0.0543055 0.0546898 0.0555505 0.056407 0.0572594
0.0581075 0.0589017 0.0597452 0.0605853 0.0614222 0.0622516 0.0631155 0.0633945 0.063673 0.0639511
0.0642287 0.0644996 0.0655579 0.0666089 0.0676514 0.0686835 0.0696262 0.0700835 0.0705391 0.0709928
0.0714445 0.0719373 0.0724175 0.0728958 0.0733722 0.0738468 0.0743052 0.0752024 0.0760925 0.0769752
0.0778507 0.078676 0.0793594 0.0800392 0.0807151 0.0813868 0.0822052 0.0823208 0.0824363 0.0825517
0.082667 0.0827818 0.0835794 0.0843722 0.0851603 0.0859439 0.0867078 0.0874753 0.0882388 0.0889984
0.0897545 0.0904982 0.0912427 0.091984 0.0927222 0.0934575 0.0941882 0.0946897 0.0951898 0.0956888
0.0961866 0.09678 0.0969845 0.0971888 0.0973929 0.0975968 0.0978006 0.0983678 0.0989337 0.0994982
0.100062 0.100542 0.100705 0.100869 0.101032 0.101195 0.101358 0.102064 0.102769 0.103472
0.104173 0.104874 0.105573 0.106269 0.106964 0.107657 0.108353 0.109046 0.109737 0.110425
0.111113 0.111803 0.112416 0.113027 0.113637 0.114246 0.114808 0.114892 0.114975 0.115058
0.115142 0.115225 0.115906 0.116585 0.117262 0.117939 0.118615 0.119289 0.119962 0.120634
0.121305 0.121975 0.122269 0.122562 0.122856 0.123149 0.123483 0.12385 0.124216 0.124582
0.124948 0.125313 0.125671 0.126028 0.126385 0.126741 0.127089 0.1274 0.127712 0.128023
0.128335 0.128646 0.129313 0.129979 0.130645 0.131312 0.131981 0.13265 0.133318 0.133987
0.134656 0.135328 0.135994 0.13666 0.137327 0.137995 0.138629 0.138644 0.138658 0.138673
0.138688 0.138703 0.139382 0.140063 0.140745 0.141429 0.142116 0.142804 0.143494 0.144184
0.144877 0.145574 0.146273 0.146972 0.147672 0.148376 0.149084 0.149298 0.149511 0.149725
0.149939 0.150152 0.15065 0.151149 0.151649 0.15215 0.152653 0.153372 0.154093 0.154814
0.155537 0.156265 0.156994 0.157723 0.158453 0.159185 0.159924 0.160362 0.1608 0.161238
0.161677 0.162113 0.162418 0.162723 0.163028 0.163333 0.163638 0.164387 0.165135 0.165885
0.166637 0.167393 0.16815 0.168908 0.169665 0.170425 0.171194 0.171847 0.172499 0.173154
0.173809 0.174464 0.17458 0.174697 0.174814 0.174931 0.175048 0.175825 0.176603 0.177382
0.178163 0.178948 0.179734 0.180521 0.18131 0.182101 0.182899 0.183696 0.184495 0.185295
0.186098 0.186904 0.186991 0.187078 0.187165 0.187252 0.187337 0.187349 0.18736 0.187372
0.187384 0.187395 0.188105 0.188817 0.18953 0.190245 0.190962 0.19178 0.1926 0.193421
0.194245 0.195072 0.1959 0.196729 0.19756 0.198393 0.199232 0.199729 0.200226 0.200724
0.201222 0.201747 0.202087 0.202427 0.202767 0.203107 0.203447 0.204295 0.205145 0.205996
0.206848 0.207704 0.208336 0.208968 0.209601 0.210234 0.210788 0.211031 0.211274 0.211518
0.211761 0.212005 0.212869 0.213735 0.214602 0.21547 0.216343 0.216952 0.217562 0.218173
0.218785 0.219459 0.219711 0.219964 0.220216 0.220469 0.220722 0.221603 0.222483 0.223361
0.22424 0.225118 0.225647 0.226177 0.226708 0.22724 0.227751 0.228991 0.230232 0.231472
0.232709 0.233942 0.235719 0.237473 0.239219 0.240958 0.242723 0.244495 0.246244 0.247971
0.249698 0.251438 0.252861 0.254269 0.255673 0.257077 0.258496 0.25881 0.259123 0.259437
0.259751 0.260065 0.261783 0.263498 0.26521 0.266922 0.26863 0.270356 0.272063 0.273772
0.275483 0.277194 0.278908 0.280617 0.282327 0.284039 0.285742 0.286383 0.287022 0.287662
0.288302 0.288954 0.289251 0.289548 0.289844 0.290141 0.290442 0.292915 0.295392 0.297872
0.300353 0.302821 0.306296 0.309711 0.313117 0.316526 0.319967 0.323392 0.326807 0.330212
0.333621 0.337133 0.340688 0.344162 0.347607 0.351067 0.354554 0.357127 0.359684 0.362248
0.364818 0.367251 0.368228 0.369205 0.370182 0.371159 0.372136 0.375669 0.379204 0.382743
0.386283 0.389819 0.393327 0.396854 0.40039 0.403925 0.407501 0.411089 0.414658 0.418205
0.421743 0.425265 0.428791 0.432329 0.435878 0.439436 0.443024 0.446625 0.450202 0.453776
0.457357 0.460927 0.463695 0.466466 0.469241 0.472021 0.475014 0.475793 0.476573 0.477352
0.478131 0.47891 0.482503 0.486094 0.489685 0.493284 0.496886 0.500474 0.504081 0.507692
0.511306 0.514904 0.518478 0.522072 0.525666 0.529261 0.532861 0.536439 0.540025 0.54361
0.547195 0.550768 0.553437 0.556108 0.558778 0.561448 0.563893 0.564841 0.565788 0.566736
0.567684 0.568632 0.572201 0.575774 0.579347 0.582919 0.586485 0.590036 0.593605 0.597172
0.600737 0.604298 0.607842 0.611409 0.614972 0.618531 0.622081 0.629092 0.636081 0.643007
0.64982 0.656508 0.662928 0.669586 0.67621 0.682827 0.689388 0.695669 0.702185 0.708735
0.715266 0.721687 0.727898 0.734319 0.740825 0.747292 0.753552 0.765464 0.777297 0.789015
0.800451 0.811474 0.821992 0.832753 0.843492 0.854208 0.864927 0.875431 0.88608 0.896713
0.90733 0.917947 0.928441 0.939017 0.949581 0.960132 0.970681 0.981165 0.991685 1.0022
1.01271 1.02327 0 2.67601e-08 5.35203e-08 8.02804e-08 1.07041e-07 1.338e-07 1.23974e-05 2.46618e-05
3.6927e-05 4.9193e-05 6.14603e-05 0.000829878 0.00160183 0.00237733 0.00315639 0.00394188 0.00473066 0.00552486
0.00632447 0.00712945 0.0079482 0.00876849 0.00959552 0.0104296 0.0112707 0.01214 0.0130072 0.013883
0.0147672 0.0156596 0.0166155 0.0175255 0.0184442 0.0193704 0.0203032 0.0208447 0.0209754 0.0211062
0.0212372 0.0213682 0.0215015 0.0222397 0.0229827 0.0237294 0.024479 0.0249905 0.0253637 0.0257373
0.0261114 0.0264859 0.0268799 0.0280071 0.0291408 0.0302796 0.0314212 0.0327156 0.0330068 0.0332983
0.0335901 0.033882 0.0341703 0.0344544 0.0347385 0.0350226 0.0353067 0.0355771 0.0362276 0.0368778
0.0375275 0.0381768 0.0388473 0.0400387 0.04123 0.0424198 0.0436028 0.0446544 0.04472 0.0447857
0.0448513 0.044917 0.0449826 0.0454973 0.0460115 0.0465246 0.0470361 0.0476265 0.0482738 0.048919
0.0495621 0.0502032 0.0508211 0.0512998 0.0517777 0.0522544 0.0527292 0.0532118 0.0538288 0.0544437
0.0550564 0.0556669 0.0562501 0.0572868 0.0583175 0.0593419 0.0603565 0.0612902 0.0614034 0.0615166
0.0616296 0.0617426 0.061857 0.062692 0.0635217 0.0643466 0.0651664 0.0659357 0.066825 0.0677089
0.0685857 0.069456 0.0702791 0.0704963 0.0707132 0.0709297 0.0711458 0.0713737 0.071981 0.0725855
0.0731871 0.0737858 0.074367 0.0751613 0.075951 0.076736 0.0775164 0.0782728 0.0790339 0.0797913
0.0805448 0.0812945 0.0820304 0.0822981 0.0825654 0.0828322 0.0830987 0.0833906 0.0838496 0.0843075
0.0847643 0.0852198 0.0856722 0.086391 0.087107 0.0878204 0.0885313 0.089238 0.0899437 0.0906466
0.0913469 0.0920452 0.092743 0.0934379 0.0941306 0.0948214 0.0955106 0.0961992 0.0962747 0.0963501
0.0964255 0.0965009 0.0965749 0.0971858 0.0977954 0.0984037 0.0990107 0.0996179 0.100273 0.100927
0.101579 0.102231 0.103005 0.103005 0.103006 0.103006 0.103007 0.103007 0.103681 0.104353
0.105025 0.105694 0.106365 0.107034 0.107702 0.108369 0.109034 0.1097 0.109837 0.109973
0.110109 0.110245 0.110379 0.110907 0.111434 0.11196 0.112485 0.113009 0.113667 0.114323
0.114977 0.115629 0.116284 0.116936 0.117587 0.118235 0.118884 0.119535 0.120077 0.120618
0.121159 0.121701 0.122209 0.122324 0.122439 0.122555 0.122669 0.122785 0.123435 0.124086
0.124736 0.125387 0.126042 0.126696 0.127349 0.128002 0.128656 0.129316 0.129973 0.130631
0.13129 0.131951 0.132617 0.132711 0.132805 0.132899 0.132993 0.133086 0.133658 0.134231
0.134805 0.13538 0.135959 0.136633 0.137308 0.137984 0.138663 0.139348 0.140034 0.14072
0.141409 0.1421 0.142798 0.142965 0.143132 0.1433 0.143467 0.143633 0.144168 0.144703
0.14524 0.145777 0.146317 0.147028 0.14774 0.148454 0.14917 0.149891 0.150613 0.151337
0.152062 0.152789 0.153522 0.153719 0.153917 0.154114 0.154312 0.154509 0.155048 0.155587
0.156128 0.156669 0.157212 0.157956 0.158701 0.159448 0.160197 0.16095 0.161704 0.162459
0.163216 0.163975 0.16474 0.164963 0.165186 0.165409 0.165632 0.165856 0.166399 0.166944
0.16749 0.168036 0.168584 0.169358 0.170134 0.170913 0.171693 0.172475 0.173035 0.173596
0.174158 0.174721 0.175154 0.175407 0.17566 0.175913 0.176166 0.176419 0.176723 0.177026
0.17733 0.177634 0.177942 0.178435 0.178929 0.179423 0.179918 0.180414 0.181218 0.182024
0.182833 0.183643 0.184455 0.18527 0.186086 0.186904 0.187724 0.188546 0.189108 0.189672
0.190237 0.190804 0.19139 0.191648 0.191908 0.192167 0.192426 0.192686 0.193519 0.194355
0.195193 0.196032 0.196874 0.197717 0.198563 0.199411 0.20026 0.201112 0.201924 0.202738
0.203554 0.204372 0.205039 0.205112 0.205186 0.205259 0.205333 0.205406 0.205903 0.206401
0.206899 0.207399 0.207938 0.208302 0.208666 0.20903 0.209395 0.20976 0.210638 0.211517
0.2124 0.213284 0.214171 0.215059 0.215949 0.21684 0.217733 0.218629 0.219524 0.220421
0.22132 0.222219 0.223117 0.223329 0.223541 0.223752 0.223964 0.224173 0.22486 0.225548
0.226236 0.226924 0.227612 0.228414 0.229217 0.230019 0.230821 0.231764 0.231833 0.231901
0.23197 0.232039 0.232108 0.233008 0.233906 0.234801 0.235693 0.236582 0.237471 0.238358
0.239246 0.240135 0.241021 0.241117 0.241214 0.24131 0.241407 0.241504 0.242295 0.243083
0.243867 0.244648 0.245427 0.247184 0.248921 0.250656 0.25238 0.2541 0.255839 0.257555
0.259256 0.26095 0.262646 0.264343 0.266029 0.267708 0.269383 0.271051 0.272154 0.273254
0.274353 0.275451 0.276606 0.277158 0.27771 0.278262 0.278813 0.279363 0.281023 0.282674
0.284323 0.285971 0.287616 0.289272 0.290918 0.292562 0.294208 0.295855 0.29752 0.299167
0.300815 0.302465 0.304113 0.305771 0.307423 0.309077 0.310732 0.312385 0.313365 0.314341
0.315318 0.316297 0.31733 0.319668 0.32201 0.324354 0.3267 0.329042 0.332429 0.335774
0.339124 0.342478 0.345844 0.349243 0.35261 0.355972 0.359337 0.362815 0.366342 0.369794
0.373177 0.37656 0.380018 0.383538 0.386991 0.390417 0.393854 0.397305 0.40082 0.404292
0.407778 0.411271 0.414763 0.414988 0.415213 0.415437 0.415662 0.415883 0.419163 0.422437
0.425707 0.428978 0.432254 0.435774 0.439279 0.442788 0.446292 0.449773 0.45326 0.456751
0.460243 0.463735 0.467246 0.470771 0.474287 0.477795 0.481305 0.484767 0.488252 0.491744
0.495242 0.498747 0.50225 0.505761 0.509267 0.512767 0.516271 0.51975 0.52236 0.524974
0.527591 0.53021 0.533051 0.533898 0.534746 0.535593 0.53644 0.537286 0.54079 0.544293
0.547798 0.551309 0.554818 0.558323 0.561833 0.565346 0.568861 0.572362 0.575862 0.579364
0.582866 0.586369 0.589876 0.593376 0.596879 0.600378 0.603872 0.607354 0.613068 0.618752
0.62442 0.630051 0.636424 0.637453 0.638479 0.639503 0.640524 0.641542 0.648106 0.654636
0.661139 0.667634 0.674111 0.68052 0.686968 0.6934 0.699809 0.706188 0.712461 0.718812
0.725154 0.731459 0.737703 0.749843 0.761898 0.77362 0.784951 0.795791 0.806233 0.816852
0.827451 0.838031 0.848614 0.859044 0.869576 0.880095 0.8906 0.901106 0.911527 0.922003
0.932468 0.942923 0.953377 0.963789 0.974223 0.984652 0.99508 1.00562 0 2.69632e-08
5.39265e-08 8.08898e-08 1.07853e-07 1.34816e-07 1.22929e-05 2.44517e-05 3.66114e-05 4.87718e-05 6.09337e-05 0.000822767
0.0015886 0.00235853 0.00313255 0.00391534 0.00470009 0.00548982 0.0062846 0.00708435 0.00790037 0.00871578
0.00953665 0.0103632 0.0111954 0.0120638 0.0129238 0.0137899 0.0146623 0.0155401 0.0164902 0.0172599
0.0180347 0.0188146 0.0195989 0.0201332 0.0203621 0.0205911 0.02082 0.0210489 0.0212852 0.0219563
0.02263 0.0233056 0.0239826 0.0244712 0.0248637 0.0252563 0.025649 0.0260417 0.0264516 0.0274969
0.0285459 0.0295978 0.0306512 0.0316478 0.0316994 0.031751 0.0318025 0.0318541 0.0319058 0.0325184
0.0331311 0.0337438 0.0343558 0.0349138 0.0354225 0.0359308 0.0364387 0.0369462 0.0374552 0.0385522
0.0396491 0.0407446 0.0418347 0.0428977 0.0430726 0.0432474 0.0434221 0.0435966 0.0437813 0.0438298
0.0438782 0.0439266 0.0439751 0.0440235 0.0448463 0.045666 0.0464825 0.047296 0.0480638 0.0490356
0.0500043 0.050969 0.051926 0.0529241 0.0529251 0.0529261 0.0529272 0.0529282 0.0529292 0.0538605
0.0547866 0.0557077 0.0566243 0.0574812 0.0583576 0.05923 0.0600971 0.0609587 0.0617752 0.0619064
0.0620376 0.0621687 0.0622996 0.0624336 0.0631255 0.0638145 0.0645005 0.0651832 0.0658429 0.0666349
0.0674227 0.0682061 0.0689854 0.069741 0.0705024 0.0712603 0.0720145 0.0727653 0.0734998 0.073561
0.0736223 0.0736834 0.0737446 0.0738069 0.0744809 0.0751522 0.0758211 0.0764876 0.0771458 0.0778645
0.0785803 0.0792935 0.0800043 0.0807101 0.081414 0.0821158 0.0828156 0.0835134 0.0842087 0.0849019
0.0855926 0.0862811 0.0869678 0.0876542 0.0881771 0.0886992 0.0892204 0.0897406 0.0903582 0.0904978
0.0906372 0.0907766 0.0909159 0.0910553 0.0913214 0.0915874 0.0918531 0.0921187 0.0923686 0.0927805
0.0931917 0.0936025 0.0940127 0.0944231 0.0950936 0.0957626 0.0964303 0.0970969 0.0977648 0.0984312
0.0990956 0.0997583 0.10042 0.101084 0.101745 0.102405 0.103063 0.10372 0.104379 0.104726
0.105073 0.105419 0.105765 0.106094 0.106405 0.106716 0.107026 0.107336 0.107646 0.108296
0.108943 0.109587 0.110231 0.110874 0.111516 0.112155 0.112794 0.113432 0.114071 0.114709
0.115347 0.115984 0.116622 0.117264 0.117356 0.117447 0.117538 0.117629 0.117719 0.11827
0.118821 0.119372 0.119924 0.120479 0.121125 0.121771 0.122418 0.123066 0.123719 0.12437
0.125023 0.125676 0.12633 0.12699 0.127238 0.127486 0.127735 0.127983 0.128225 0.128639
0.129054 0.129468 0.129884 0.130302 0.130969 0.131638 0.132309 0.132982 0.133662 0.134342
0.135025 0.13571 0.136398 0.137092 0.137321 0.137549 0.137778 0.138008 0.138234 0.138706
0.139179 0.139653 0.140129 0.140607 0.141319 0.142033 0.142749 0.143469 0.144194 0.144921
0.145649 0.146379 0.147113 0.147852 0.147972 0.148091 0.148211 0.148332 0.148451 0.149073
0.149697 0.150322 0.150948 0.151577 0.15233 0.153084 0.15384 0.154599 0.155362 0.156121
0.156882 0.157646 0.158412 0.159173 0.15918 0.159186 0.159192 0.159198 0.159205 0.15998
0.160757 0.161536 0.162318 0.1631 0.163885 0.164673 0.165462 0.166254 0.167045 0.16726
0.167476 0.167692 0.167908 0.168097 0.168648 0.1692 0.169753 0.170307 0.170881 0.170913
0.170944 0.170976 0.171007 0.171038 0.171842 0.172648 0.173456 0.174266 0.175075 0.175887
0.1767 0.177516 0.178334 0.179151 0.179971 0.180792 0.181615 0.182441 0.183266 0.183462
0.183659 0.183856 0.184053 0.184253 0.184885 0.185518 0.186152 0.186787 0.187422 0.188256
0.189094 0.189934 0.190775 0.191617 0.192462 0.193309 0.194158 0.19501 0.19586 0.196715
0.197572 0.198432 0.199295 0.200158 0.200343 0.200527 0.200712 0.200898 0.201087 0.201772
0.20246 0.203149 0.203839 0.204531 0.204797 0.205064 0.205332 0.205599 0.205854 0.206476
0.207101 0.207726 0.208354 0.208983 0.209884 0.210788 0.211697 0.212609 0.213524 0.214442
0.215364 0.216289 0.217217 0.218146 0.219076 0.22001 0.220946 0.221883 0.222821 0.223444
0.224068 0.224692 0.225317 0.226029 0.226326 0.226623 0.22692 0.227217 0.227514 0.227779
0.228043 0.228308 0.228572 0.228835 0.229508 0.23018 0.230852 0.231524 0.232194 0.233126
0.234058 0.234988 0.235917 0.236839 0.237761 0.238681 0.2396 0.240517 0.241425 0.242331
0.243237 0.244142 0.245044 0.245937 0.246685 0.247431 0.248174 0.248916 0.249691 0.249827
0.249964 0.2501 0.250236 0.250372 0.251251 0.252127 0.253001 0.253873 0.25474 0.255609
0.256474 0.257336 0.258196 0.259051 0.259906 0.260759 0.261609 0.26246 0.263307 0.263587
0.263867 0.264147 0.264426 0.264705 0.265271 0.265836 0.266399 0.266961 0.267521 0.268311
0.2691 0.269889 0.270679 0.271554 0.272417 0.273278 0.274136 0.274991 0.275843 0.277494
0.279139 0.280784 0.282425 0.284052 0.285693 0.287323 0.288951 0.290578 0.292201 0.293834
0.295459 0.297076 0.298691 0.300309 0.301931 0.303548 0.30516 0.306773 0.308387 0.310008
0.311623 0.313237 0.314852 0.316465 0.318087 0.319704 0.321322 0.322942 0.324561 0.325187
0.325813 0.326438 0.327064 0.327708 0.328701 0.329695 0.33069 0.331684 0.332678 0.334306
0.335932 0.337559 0.339186 0.340811 0.342454 0.344082 0.345711 0.347342 0.348972 0.350612
0.352246 0.353881 0.355517 0.357152 0.358801 0.36044 0.362081 0.363722 0.365362 0.367008
0.36865 0.370293 0.371937 0.373581 0.375232 0.376879 0.378527 0.380176 0.381824 0.382626
0.383429 0.384231 0.385033 0.385796 0.386652 0.387508 0.388365 0.389222 0.390079 0.391732
0.393386 0.395041 0.396697 0.398352 0.400007 0.401662 0.403318 0.404976 0.406634 0.408264
0.409896 0.411526 0.413156 0.414804 0.416483 0.418161 0.419839 0.421517 0.4232 0.426527
0.429845 0.43316 0.436466 0.439781 0.443118 0.446436 0.44975 0.453052 0.456363 0.459703
0.463029 0.466343 0.469647 0.472918 0.476197 0.479478 0.482767 0.486048 0.489362 0.492687
0.495995 0.49929 0.502583 0.505855 0.509176 0.512482 0.515786 0.519087 0.522384 0.523116
0.523848 0.52458 0.525313 0.526043 0.528636 0.531233 0.533831 0.536429 0.539025 0.542356
0.5457 0.549045 0.552391 0.55573 0.559089 0.562452 0.565816 0.569177 0.5725 0.57584
0.579193 0.58255 0.585904 0.589233 0.592397 0.595567 0.598721 0.601859 0.605256 0.60866
0.612068 0.615479 0.618887 0.622292 0.628759 0.635327 0.641884 0.648455 0.654824 0.660699
0.666915 0.673294 0.679638 0.686272 0.692164 0.69831 0.704541 0.710742 0.717223 0.728808
0.740375 0.75189 0.763025 0.773741 0.784014 0.794489 0.804944 0.81539 0.825839 0.836104
0.846498 0.856879 0.867253 0.877628 0.887889 0.89823 0.908561 0.918888 0.929214 0.93947
0.949769 0.960067 0.970476 0.981001 
p 1 12105 float
47.5055 47.5085 47.5116 47.5147 47.5178 47.5208 47.5213 47.5217 47.5221 47.5225 47.5229
47.6431 47.7636 47.8841 48.0047 48.1253 48.2412 48.3572 48.4731 48.5891 48.7043
48.7444 48.785 48.8255 48.8661 48.9066 48.8914 48.8763 48.8611 48.8459 48.8305
48.7643 48.6983 48.6322 48.5662 48.5001 48.4026 48.305 48.2074 48.1099 48.0121
47.9261 47.8402 47.7543 47.6684 47.5822 47.5537 47.5249 47.4962 47.4674 47.4397
47.5546 47.6634 47.7721 47.8809 47.9891 48.3786 48.7671 49.1556 49.5441 49.9326
50.3883 50.8436 51.2989 51.7542 52.1273 52.1437 52.1602 52.1766 52.193 52.2095
52.848 53.4865 54.125 54.7635 55.4158 56.0908 56.7453 57.3998 58.0542 58.7065
59.4087 60.1089 60.8091 61.5093 62.2157 62.9318 63.6736 64.4154 65.1572 65.8919
66.3122 66.736 67.1597 67.5835 67.9882 68.3251 68.6386 68.952 69.2655 69.5327
69.7246 69.8766 70.0285 70.1805 70.2687 70.5246 70.7227 70.9208 71.1188 71.0955
71.641 72.0608 72.4804 72.9 73.0526 73.7093 74.0912 74.4731 74.855 74.737
77.7855 80.7868 83.791 86.7978 89.5416 96.2187 102.223 108.233 114.248 118.868
122.497 124.849 127.176 129.474 129.617 47.7579 47.7579 47.758 47.758 47.7581
47.7581 47.7616 47.765 47.7684 47.7719 47.7753 47.8901 48.005 48.1199 48.2347
48.3594 48.4688 48.5744 48.68 48.7856 48.894 48.9282 48.964 48.9999 49.0357
49.0758 49.0595 49.0415 49.0235 49.0055 48.9879 48.9228 48.8543 48.7857 48.7171
48.6467 48.5537 48.4543 48.3548 48.2553 48.1504 48.0697 47.9805 47.8913 47.8021
47.7025 47.6881 47.6784 47.6687 47.6588 47.6226 47.8123 47.9935 48.1747 48.3452
48.421 48.982 49.5623 50.1428 50.6211 50.8393 51.2302 51.6888 52.2203 52.9248
53.6356 54.6708 55.7468 56.5019 57.2132 57.9324 58.2498 58.5617 58.8731 59.1842
59.4604 59.8975 60.3336 60.9847 61.6374 62.2523 63.3377 64.4104 65.2891 65.7801
66.3718 66.7005 67.4352 67.9966 68.5385 69.6456 70.181 70.5391 70.8944 71.2877
71.4047 71.9519 71.9424 71.9276 71.9077 71.8402 71.8827 71.8178 71.7528 71.6877
71.6246 71.3907 71.154 70.9143 70.582 70.1901 70.7828 70.8044 70.8686 70.153
68.4476 69.8784 70.6908 70.4727 68.6294 66.391 63.1335 60.3685 60.7596 60.7314
61.9809 65.0615 63.2735 61.6564 61.23 59.7928 60.3846 60.8571 60.9378 61.0168
61.0885 63.097 60.7479 58.6855 57.0653 56.101 59.0191 58.4266 57.9259 57.5221
56.0501 56.5503 55.7657 54.9997 54.2522 53.8404 50.6546 47.0339 42.8173 38.2995
-30.6597 -33.487 -35.4253 -37.3635 -39.3018 -167.387 -167.387 -167.387 -167.387 -167.387
-167.387 -169.873 -172.187 -174.514 -176.84 -180.224 48.1632 48.1632 48.1632 48.1633
48.1633 48.1634 48.1665 48.1696 48.1727 48.1758 48.1789 48.294 48.4202 48.5574
48.6944 48.8342 48.9433 49.0541 49.1648 49.2722 49.3776 49.4105 49.4467 49.485
49.5232 49.5608 49.5428 49.5242 49.5055 49.4858 49.4669 49.399 49.3277 49.2545
49.1811 49.1054 49.0031 48.8959 48.7886 48.6857 48.5781 48.496 48.4037 48.3057
48.2075 48.0968 48.1204 48.1434 48.1608 48.1462 48.1112 48.3205 48.4962 48.7874
49.1306 49.4699 50.4578 51.5964 52.7346 53.8723 54.7985 55.6853 56.6976 57.7077
58.7156 59.5309 60.6683 62.2571 63.8361 65.4051 66.8386 69.3898 71.9887 74.5623
75.8816 76.6165 77.8731 79.0496 80.2155 81.3708 82.6655 83.2155 83.5765 83.9353
84.2888 84.5967 85.7296 86.7662 87.7902 88.8016 89.7254 90.6683 91.5695 92.4286
92.9923 93.4558 93.8708 94.0169 94.1303 94.5337 94.3664 93.973 93.5892 92.981
92.5506 92.3232 92.5379 92.7528 92.7305 92.5511 91.3944 90.2914 89.8291 89.1848
87.5806 86.876 88.7532 87.7118 86.6711 83.5983 81.3769 80.4432 79.5046 78.5605
78.8144 79.5239 80.9392 80.4512 78.947 77.4428 73.7165 77.3674 77.7215 76.3136
75.0178 68.2436 68.2312 68.2174 68.202 68.209 68.2416 68.3699 68.3441 68.3183
68.2924 68.1859 48.8468 48.8469 48.8469 48.8469 48.847 48.847 48.8506 48.8542
48.8577 48.8613 48.8649 49 49.135 49.2699 49.4049 49.5472 49.654 49.7633
49.8754 49.989 50.1016 50.1513 50.1998 50.2428 50.2786 50.3133 50.2962 50.2752
50.2577 50.2442 50.2249 50.1524 50.0661 49.9861 49.9093 49.8204 49.724 49.6131
49.4975 49.3596 49.2093 49.1304 49.0239 48.9216 48.819 48.6801 48.7253 48.7433
48.7609 48.8478 48.9163 49.5529 50.1627 50.56 50.8664 51.2973 51.8157 52.6424
53.3883 54.0819 55.0212 56.224 57.2962 58.3674 59.8146 60.9388 63.0746 65.0718
66.5731 68.0666 69.6042 72.3063 74.7433 77.1645 79.5696 83.2457 84.3273 86.6884
89.1327 91.5607 94.5443 95.9727 97.3764 98.7722 100.16 101.21 102.877 104.533
105.962 107.337 108.46 111.507 113.748 116.814 118.452 118.116 123.197 128.27
128.916 127.577 125.78 126.867 127.88 127.074 125.498 124.062 124.027 123.992
124.002 124.023 124.046 123.473 122.88 122.263 120.235 116.512 113.618 108.875
99.8646 91.3414 87.1277 84.2705 81.3546 78.3898 76.7461 75.4121 67.2645 59.2306
50.8335 41.418 -10.3018 -11.3688 -12.5193 -13.4634 -14.0919 -14.7563 -25.6502 -33.7429
-41.8356 -49.9283 -64.4752 -72.6215 -79.4469 -86.6854 -94.6814 -98.7571 -98.8889 -99.0247
-99.1644 -99.184 -99.145 -100.539 -99.1244 -97.5174 -95.9103 -90.6779 -91.6713 -92.6446
-91.2507 -89.2042 -87.2691 -82.1901 -77.0497 -71.8884 -67.1715 -62.3977 -53.6262 -45.7908
-38.5931 -34.0993 -31.9618 -31.846 -31.6234 -29.4566 -26.5686 -23.5639 -22.6367 -21.6745
-20.4961 -19.1817 -17.6696 -16.1769 -15.5035 -14.8336 -14.1675 -13.7264 -13.4904 -13.4868
-13.4832 -13.4796 -13.4794 -13.369 -13.2595 -13.1987 -13.3143 -13.655 -13.8953 -14.2263
-14.5583 -14.8914 -15.2646 -15.4811 -15.7316 -15.9903 -16.2491 -16.5464 -17.2419 -17.9693
-18.6585 -19.3085 -20.5406 -20.7262 -21.4242 -22.0979 -22.9191 -24.3174 -24.5445 -24.9433
-25.3443 -25.7434 -26.1548 -26.7403 -27.3435 -27.976 -28.5963 -28.231 -29.7011 -30.4951
-31.2504 -31.2918 -30.6932 -31.9158 -32.0289 -31.4893 -30.9726 -30.0987 -30.1282 -30.1089
-30.0635 -30.018 -29.9744 -29.6652 -29.3279 -28.9984 -28.7011 -28.4203 -28.6544 -28.4765
-28.2872 -28.0977 -27.9093 -27.6947 -27.4048 -27.1142 -26.82 -26.2123 -25.8763 -25.5213
-25.1356 -24.7499 -24.3719 -23.7415 -23.1119 -22.6013 -22.2582 -21.9513 -21.0497 -20.1573
-19.7184 -19.5635 -19.4596 -19.1539 -18.8917 -18.723 -18.5547 -18.3922 -18.2655 -18.142
-17.8707 -17.6368 -17.2949 -17.2356 -17.1652 -17.094 -17.0223 -16.9646 -16.8546 -16.7448
-16.635 -16.4967 -16.3023 -16.2618 -16.2274 -16.2091 -16.1907 -16.172 -15.7348 -15.3279
-15.6448 -15.7001 -15.7499 -15.6457 -15.7576 -16.2855 -16.8068 -17.4453 -17.4484 -17.4515
-17.4545 -17.4583 -17.4625 -17.5546 -17.6385 -17.743 -17.8549 -17.9693 -18.3776 -18.7819
-19.1823 -19.4119 -19.401 -20.3116 -20.9256 -20.7677 -20.6085 -20.4331 -20.4471 -20.4611
-20.475 -20.4884 -20.5016 -20.1951 -20.0911 -20.5228 -21.0705 -22.1171 -22.4423 -22.8463
-23.2654 -23.692 -24.1983 -24.3359 -24.4737 -24.6116 -24.7542 -24.9102 -24.9983 -25.0865
-25.1747 -25.2437 -25.3029 -25.9092 -26.5345 -27.1606 -27.5932 -28.1351 -28.5429 -28.92
-29.2723 -29.6166 -30.1121 -30.1527 -30.1932 -30.2338 -30.2878 -30.3499 -30.6021 -30.9216
-31.1728 -31.8232 -32.5949 -32.9149 -33.2913 -33.7868 -34.2805 -34.8219 -34.8348 -34.877
-34.9382 -34.9993 -35.0623 -35.1938 -35.3255 -35.4697 -35.7524 -36.2413 -36.4201 -36.598
-36.7351 -36.8445 -36.958 -36.8557 -36.8629 -36.947 -37.0293 -37.1631 -37.1421 -37.1493
-37.1597 -37.1701 -37.1809 -37.0944 -37.009 -36.9334 -36.9093 -37.2574 -36.9093 -36.7343
-36.7672 -36.9937 -37.387 -36.8642 -36.6174 -36.5146 -36.5001 -36.7614 -36.2908 -36.1355
-36.0529 -36.0026 -36.1138 -35.7913 -35.664 -35.5431 -35.4226 -35.293 -35.2085 -35.1242
-35.0401 -34.9561 -34.9226 -34.5194 -34.254 -34.037 -33.8622 -33.9947 -33.6288 -33.3718
-33.12 -32.8691 -32.6758 -32.2486 -32.0645 -31.8755 -31.6785 -31.727 -31.4509 -31.1933
-30.9368 -30.7188 -30.5162 -29.9019 -29.3547 -28.8121 -28.3174 -27.7176 -27.6382 -27.5558
-27.4758 -27.4009 -27.3238 -26.9167 -26.513 -26.1097 -25.7071 -25.3196 -24.9919 -24.6351
-24.3167 -24.049 -23.7224 -23.4075 -23.1997 -23.1496 -23.2853 -23.5218 -23.5049 -23.4801
-23.4466 -23.4076 -23.3645 -23.1771 -23.0969 -23.0064 -22.8608 -22.782 -22.4429 -22.3623
-22.1835 -21.9284 -21.6617 -21.3126 -21.0471 -20.815 -20.6151 -20.4057 -20.1087 -19.8976
-19.7121 -19.4894 -19.2276 -19.1541 -19.0462 -18.9185 -18.8178 -18.7376 -18.592 -18.4762
-18.3808 -18.2622 -18.11 -18.0927 -18.0357 -17.9564 -17.8857 -17.8431 -17.7257 -17.6371
-17.5553 -17.4895 -17.4285 -17.3244 -17.2144 -17.0981 -16.9817 -16.8944 -16.6944 -16.5332
-16.3717 -16.1876 -15.9977 -15.8804 -15.7584 -15.6363 -15.5398 -15.4646 -15.3567 -15.2488
-15.1407 -15.0327 -14.9094 -14.6882 -14.4718 -14.2549 -14.0376 -13.8251 -13.587 -13.3925
-13.1978 -13.0029 -12.7995 -12.689 -12.5772 -12.4653 -12.3534 -12.2718 -12.2179 -12.1641
-12.1103 -12.0564 -11.9984 -11.8854 -11.7664 -11.6473 -11.5257 -11.4139 -11.3118 -11.229
-11.1424 -11.0536 -10.9451 -10.9083 -10.879 -10.8496 -10.8177 -10.7762 -10.7565 -10.7369
-10.7172 -10.6975 -10.6804 -10.6493 -10.6169 -10.5846 -10.5608 -10.5563 -10.5442 -10.5393
-10.5388 -10.5387 -10.5359 -10.5532 -10.5634 -10.5738 -10.5842 -10.5942 -10.6153 -10.6383
-10.6615 -10.6847 -10.6963 -10.7651 -10.8234 -10.882 -10.9456 -11.0114 -11.068 -11.148
-11.2258 -11.3003 -11.3694 -11.4611 -11.552 -11.6556 -11.7598 -11.8645 -11.9 -11.9418
-11.9837 -12.0256 -12.0721 -12.0953 -12.1186 -12.1419 -12.1648 -12.1863 -12.2391 -12.2907
-12.342 -12.394 -12.4483 -12.5971 -12.7368 -12.8769 -13.0174 -13.1653 -13.3244 -13.4876
-13.6499 -13.8121 -13.9876 -14.1396 -14.3036 -14.4707 -14.6381 -14.7891 -14.8073 -14.8254
-14.8436 -14.8626 -14.8843 -15.0636 -15.255 -15.4523 -15.6442 -15.8292 -16.0288 -16.232
-16.4301 -16.6476 -16.8796 -17.0012 -17.1421 -17.2926 -17.4433 -17.5782 -17.6255 -17.6729
-17.7202 -17.7713 -17.8292 -17.9547 -18.1107 -18.2854 -18.4851 -18.6953 -18.8837 -19.0725
-19.227 -19.3825 -19.5451 -19.5752 -19.6231 -19.6825 -19.742 -19.8011 -19.9101 -20.0175
-20.1189 -20.2544 -20.4417 -20.6383 -20.9224 -21.1817 -21.4074 -21.5443 -21.8386 -22.0346
-22.1843 -22.3573 -22.6518 -22.6474 -22.7036 -22.7591 -22.8139 -22.8387 -22.8725 -22.9063
-22.9411 -22.9766 -22.9986 -22.9238 -22.8869 -22.8689 -22.8636 -22.9482 -22.844 -22.7643
-22.7006 -22.6413 -22.5994 -22.3815 -22.3223 -22.2565 -22.1851 -22.1476 -21.9946 -21.8179
-21.639 -21.4601 -21.2741 -21.063 -20.7394 -20.4374 -20.1234 -19.9042 -19.6484 -19.53
-19.3275 -19.1166 -18.9089 -18.7217 -18.5565 -18.442 -18.3002 -18.1756 -17.9418 -17.7433
-17.5696 -17.4034 -17.2911 -17.0736 -16.9119 -16.7463 -16.5605 -16.3783 -16.353 -16.3277
-16.3024 -16.2771 -16.2489 -16.052 -15.8535 -15.657 -15.462 -15.3094 -15.0429 -14.8954
-14.739 -14.5891 -14.5269 -14.2513 -14.0162 -13.853 -13.8406 -13.8727 -13.6302 -13.3603
-13.1999 -13.1417 -13.1702 -13.0295 -12.9048 -12.7872 -12.6769 -12.573 -12.5478 -12.5038
-12.4607 -12.4184 -12.3934 -12.3007 -12.2038 -12.1054 -12.0056 -11.9464 -11.7844 -11.5812
-11.3662 -11.1277 -10.8565 -10.7835 -10.5383 -10.2645 -10.0426 -9.65397 -9.5736 -9.37476
-9.17742 -8.98162 -8.60302 -8.54108 -8.39465 -8.25395 -8.11757 -8.08091 -7.9696 -7.85491
-7.73667 -7.62997 -7.67011 -7.40157 -7.21394 -7.02795 -6.86284 -6.77868 -6.76954 -6.76041
-6.75131 -6.74224 -6.71345 -6.14286 -6.13506 -6.18788 -6.16298 -5.98581 -6.32074 -6.04522
-5.94009 -5.84994 -5.76103 -5.36568 -5.30961 -5.25226 -4.91176 -4.85674 -4.30661 -4.03552
-3.64604 -3.23594 -3.33555 -2.95006 -2.70346 -2.15938 -1.63396 -1.49628 -1.35276 -1.29038
-1.2263 -1.16218 -1.18737 -1.03401 -0.974321 -0.913953 -0.853521 -0.906192 -0.77015 -0.688351
-0.623445 -0.559029 -0.597718 -0.424709 -0.220549 -0.132187 -0.0555062 -0.0194736 49.6965 49.6965
49.6966 49.6966 49.6966 49.6967 49.7012 49.7057 49.7102 49.7148 49.7193 49.8548
49.9902 50.1255 50.3044 50.4867 50.6046 50.7219 50.8332 50.9442 51.0573 51.101
51.1468 51.1921 51.2454 51.3005 51.2916 51.275 51.2581 51.2408 51.2197 51.143
51.0527 50.962 50.8561 50.7163 50.5512 50.3942 50.255 50.1154 49.9362 49.8527
49.7438 49.6343 49.5245 49.3767 49.5791 49.6883 49.7969 49.9048 50.0163 50.7778
51.5148 52.2508 52.9858 53.7289 53.8103 53.9234 54.0366 54.1497 54.262 55.1575
56.0742 56.9902 57.9055 58.762 60.5964 62.5601 64.5217 66.4812 68.0365 70.352
73.2947 76.2283 79.1369 81.7632 85.2062 90.416 96.0823 103.261 109.676 113.941
116.399 118.38 120.273 122.138 122.759 123.069 123.225 123.377 123.509 124.3
125.069 125.808 126.505 127.107 128.004 128.81 127.356 124.969 122.993 119.885
116.399 112.63 107.912 103.803 100.877 97.8817 94.8506 88.2638 80.7137 63.8785
49.0274 29.135 11.3099 4.34242 -2.67015 -9.70883 -15.6256 -17.3819 -19.167 -37.8153
-46.6626 -57.47 -73.5311 -76.8809 -81.8381 -86.7811 -91.7097 -95.4249 -96.6996 -108.032
-114.562 -121.154 -125.158 -108.421 -109.615 -110.941 -112.399 -112.104 -111.367 -120.024
-120.806 -114.479 -98.4184 -83.5006 -71.4799 -62.4123 -55.1872 -48.5538 -41.1669 -35.2345
-33.4975 -31.7853 -30.0616 -28.0759 -27.4293 -26.7822 -26.1345 -25.4862 -24.8316 -23.427
-22.4157 -20.7975 -19.1589 -17.3958 -17.2401 -17.0934 -16.9468 -16.8002 -16.6504 -14.9594
-13.2742 -11.4708 -9.58071 -9.32965 -7.21977 -5.75229 -4.89696 -4.39875 -4.24888 -3.87967
-3.96417 -4.1165 -4.26912 -4.40803 -4.49367 -4.577 -4.75144 -5.28618 -7.27795 -7.49111
-7.92764 -8.42739 -8.87255 -9.43118 -9.68164 -9.93302 -10.1853 -10.4005 -10.4939 -11.4822
-12.4174 -12.8491 -13.1748 -13.4155 -13.4313 -13.4471 -13.4629 -13.4527 -13.4217 -13.9078
-14.3393 -14.7502 -14.6964 -14.375 -15.0894 -15.3235 -15.122 -14.9251 -14.7106 -14.7016
-14.6926 -14.6837 -14.6874 -14.7353 -14.7041 -14.7141 -14.7557 -14.7977 -14.8425 -14.9531
-15.0698 -15.1928 -15.3608 -15.6103 -16.1528 -16.7 -16.9695 -16.9869 -17.0055 -17.3922
-17.8453 -18.3817 -18.9161 -19.43 -19.6823 -19.8882 -20.0484 -20.3384 -20.7178 -21.3485
-21.7848 -22.2778 -22.7752 -22.9096 -23.0977 -23.2869 -23.477 -23.6682 -23.7973 -23.649
-23.6574 -23.5906 -23.432 -23.2501 -23.1923 -23.1352 -23.0789 -23.1031 -23.1702 -22.8981
-22.6215 -22.4545 -22.3188 -22.2395 -22.1547 -22.1126 -22.1111 -22.0843 -22.0581 -22.0433
-22.0286 -21.9798 -21.8643 -21.7505 -21.6649 -21.579 -21.4928 -21.4456 -21.4144 -20.9496
-20.4569 -19.6528 -19.4648 -19.2954 -19.2673 -19.2393 -19.2113 -19.1902 -19.1719 -18.9368
-18.7047 -18.8585 -19.0768 -19.2407 -19.0961 -18.948 -18.8745 -19.1157 -19.415 -19.4871
-19.5572 -19.8371 -20.1742 -20.5124 -20.645 -20.7775 -20.9358 -21.0903 -21.2324 -21.3767
-21.4393 -21.5004 -21.5616 -21.6345 -21.9525 -22.2644 -22.5705 -22.871 -23.0821 -23.0861
-23.0949 -23.1334 -23.1718 -23.2105 -23.8529 -24.4681 -25.1008 -25.8761 -26.3588 -27.2396
-28.1448 -29.0532 -29.9539 -30.988 -31.0984 -31.2088 -31.3191 -31.3977 -31.4566 -32.1783
-32.8845 -33.5648 -34.0997 -35.1162 -35.0796 -35.0897 -35.1351 -35.1805 -35.2264 -35.4324
-35.638 -35.8434 -36.2014 -36.7697 -36.825 -36.9453 -37.1633 -37.4724 -37.8203 -37.7899
-37.9718 -38.2663 -38.5594 -38.8952 -39.1121 -39.2556 -39.4014 -39.5415 -39.6176 -39.7246
-39.8058 -39.8926 -39.8817 -39.7727 -39.6063 -39.3576 -39.1147 -38.8923 -38.6788 -38.5682
-38.4551 -38.3423 -38.2299 -38.0824 -37.7476 -37.4402 -37.1351 -36.8321 -36.5243 -36.256
-35.9855 -35.7161 -35.4464 -35.1466 -34.8935 -34.6412 -34.3905 -34.1407 -33.9689 -33.4237
-32.8721 -32.323 -31.7763 -31.2695 -30.737 -30.2044 -29.6738 -29.2166 -28.8157 -28.4082
-28.0285 -27.5932 -27.1466 -26.7271 -26.3766 -26.0829 -25.7825 -25.4737 -25.1731 -24.9084
-24.6262 -24.3442 -24.1023 -23.8807 -23.6342 -23.3335 -23.0467 -22.7602 -22.4833 -22.1909
-21.9016 -21.6124 -21.323 -21.0127 -20.7164 -20.4621 -20.2075 -19.9526 -19.7003 -19.5805
-19.4601 -19.3396 -19.2186 -19.0971 -19.0191 -18.941 -18.8628 -18.7845 -18.7197 -18.574
-18.4296 -18.2845 -18.1386 -18.0212 -17.8864 -17.7743 -17.6614 -17.5479 -17.4564 -17.3622
-17.2747 -17.1864 -17.0975 -17.0744 -16.9458 -16.8616 -16.7768 -16.6922 -16.6129 -16.5134
-16.4117 -16.3032 -16.2201 -16.1588 -15.9945 -15.8314 -15.6985 -15.5582 -15.4167 -15.277
-15.1366 -14.9957 -14.8622 -14.7285 -14.5326 -14.3692 -14.2256 -14.0779 -13.9007 -13.7559
-13.6175 -13.4797 -13.3419 -13.2027 -13.1965 -13.1916 -13.1867 -13.1818 -13.177 -13.1303
-13.0836 -13.0355 -12.9864 -12.9394 -12.8583 -12.7772 -12.6963 -12.6181 -12.5367 -12.4278
-12.3096 -12.1908 -12.0806 -11.9958 -11.8858 -11.7783 -11.6857 -11.5895 -11.4927 -11.436
-11.3753 -11.3175 -11.2608 -11.2184 -11.1948 -11.183 -11.1719 -11.1609 -11.1506 -11.1374
-11.1242 -11.1112 -11.0979 -11.0791 -11.0737 -11.0755 -11.0807 -11.0861 -11.0922 -11.093
-11.0939 -11.0949 -11.096 -11.0943 -11.1424 -11.1845 -11.2234 -11.2606 -11.2554 -11.3402
-11.3841 -11.4194 -11.4555 -11.4976 -11.5179 -11.5383 -11.5586 -11.5749 -11.575 -11.7351
-11.8704 -11.9988 -12.0706 -12.0794 -12.3086 -12.5323 -12.6635 -12.6773 -12.6887 -12.8963
-13.0086 -13.1006 -13.1932 -13.2841 -13.4775 -13.6899 -13.8967 -14.0935 -14.2977 -14.5613
-14.888 -15.2126 -15.5522 -15.9661 -15.9985 -16.0311 -16.0638 -16.0964 -16.1305 -16.4728
-16.8136 -17.1402 -17.4676 -17.8267 -17.8953 -17.9854 -18.0822 -18.1788 -18.2544 -18.4853
-18.7279 -18.9811 -19.2268 -19.5557 -19.7436 -19.9999 -20.2844 -20.5705 -20.9359 -21.2156
-21.4282 -21.6202 -21.8128 -22.0242 -22.0303 -22.0444 -22.0592 -22.074 -22.0875 -22.3141
-22.5409 -22.6475 -22.7085 -22.7652 -22.6612 -22.633 -22.5161 -22.4221 -22.4172 -22.1898
-21.9634 -21.7917 -21.596 -21.3757 -21.1171 -20.9261 -20.7439 -20.5222 -20.3142 -20.0641
-19.8708 -19.7226 -19.5874 -19.4387 -19.3962 -19.3592 -19.3221 -19.2849 -19.2481 -19.0978
-18.9463 -18.7564 -18.5661 -18.3414 -18.1687 -17.9169 -17.6896 -17.475 -17.2436 -16.9957
-16.7671 -16.5285 -16.2445 -15.9108 -15.7084 -15.4933 -15.2887 -15.1476 -15.0016 -14.6562
-14.3015 -14.1329 -14.0004 -13.9402 -13.6676 -13.4926 -13.3526 -13.2141 -13.1452 -13.05
-12.9945 -12.9396 -12.8853 -12.8589 -12.7819 -12.7014 -12.6161 -12.529 -12.4797 -12.2767
-12.1226 -11.9543 -11.7793 -11.6869 -11.466 -11.2532 -11.0565 -10.8412 -10.7211 -10.5538
-10.3313 -10.1072 -9.88128 -9.61649 -9.49917 -9.29415 -9.07512 -8.8576 -8.66588 -8.66024
-8.65458 -8.64891 -8.64323 -8.6461 -8.40222 -8.23096 -8.09927 -7.96892 -7.82287 -7.82142
-7.82141 -7.8214 -7.82139 -7.82138 -7.79154 -7.6857 -7.51666 -7.34858 -7.21848 -7.27148
-7.13232 -7.02986 -6.94169 -6.30947 -5.9674 -6.17381 -6.19233 -6.17209 -6.08557 -6.03982
-5.85158 -5.77889 -5.70681 -5.70132 -5.70115 -5.70109 -5.70114 -5.7013 -5.6012 -5.22081
-4.73063 -3.93711 -3.2398 -3.51026 -2.91213 -2.52305 -1.97938 -1.45447 -1.49174 -1.30934
-1.24651 -1.18211 -1.11727 -1.18215 -0.985282 -0.92454 -0.863225 -0.801624 -0.902627 -0.741942
-0.659282 -0.586812 -0.521326 -0.60278 -0.443032 -0.238932 -0.0987261 -0.0238246 -0.0013696 50.7109
50.7109 50.711 50.711 50.711 50.7111 50.7155 50.72 50.7245 50.7289 50.7335
50.9168 51.0988 51.2804 51.4615 51.6469 51.7619 51.8781 51.9939 52.1092 52.2322
52.2994 52.3534 52.4068 52.4596 52.512 52.5023 52.4818 52.4607 52.4389 52.389
52.2626 52.134 52.0048 51.8749 51.6941 51.5106 51.2979 51.0843 50.8699 50.6522
50.6158 50.5746 50.5334 50.4922 50.4551 50.366 50.2768 50.1875 50.0981 49.9935
50.2435 50.5247 50.8073 51.0966 51.2723 52.2131 53.3495 54.4767 55.6023 56.8068
58.1213 59.3048 60.5226 61.6121 62.3286 64.6244 67.0527 69.3921 71.4528 73.3816
77.2402 81.1332 85.1883 89.6255 94.2692 95.5268 96.7212 97.5377 98.3616 99.6876
100.999 102.308 102.293 101.578 101.009 101.171 101.025 98.557 96.0354 94.0923
90.758 87.3558 83.5908 77.9009 71.5442 64.3645 57.1804 49.8091 42.3103 35.2716
30.8194 24.6979 19.0879 14.4164 10.684 10.4935 10.303 10.1124 9.92177 9.71558
0.412003 -8.8405 -18.2185 -27.1001 -34.1277 -35.8664 -37.6478 -39.5722 -42.3974 -45.181
-44.0298 -43.542 -45.9395 -48.523 -51.9983 -52.8012 -50.7852 -48.5674 -46.3753 -43.9383
-42.4834 -41.0508 -39.7591 -39.2929 -39.6142 -35.4481 -34.2604 -33.6885 -32.5051 -31.4222
-28.098 -24.7712 -21.442 -18.9939 -19.2908 -13.774 -9.93478 -9.87606 -9.82336 -11.1911
-10.5004 -10.1604 -10.0066 -9.85293 -9.69476 -9.4108 -9.12357 -8.83622 -8.53342 -8.04394
-5.95984 -4.06781 -1.81636 -0.217376 1.53237 2.27538 2.22127 1.33563 0.729974 0.214917
0.221973 0.229033 0.236096 0.232858 0.211434 -0.38088 -0.954687 -1.46453 -1.84975 -2.36985
-2.36005 -2.36159 -2.37636 -2.39112 -2.40589 -2.93052 -3.44129 -3.4029 -3.56511 -4.06208
-3.5312 -3.24725 -3.75504 -4.45783 -5.0277 -5.1084 -5.18914 -5.26992 -5.35622 -5.37667
-5.3711 -5.38569 -5.49815 -5.609 -5.71894 -6.46214 -7.20707 -8.32019 -9.7294 -11.2388
-11.6994 -12.2267 -13.3158 -14.4209 -15.334 -15.4734 -15.6129 -15.7522 -15.9878 -16.2476
-16.3407 -16.4338 -16.5269 -16.6535 -16.8003 -17.5384 -18.398 -18.8582 -19.5778 -20.241
-20.4043 -20.5561 -20.6399 -20.7231 -20.808 -21.4341 -22.0207 -22.602 -22.5246 -22.3368
-22.7492 -22.7887 -23.0136 -23.2834 -23.7071 -23.7371 -23.7445 -23.7519 -23.7593 -23.7672
-23.783 -23.7988 -23.8145 -23.8296 -23.8402 -23.9634 -24.0881 -24.2115 -24.3336 -24.4743
-24.7425 -25.0955 -25.7127 -26.2549 -26.8162 -27.2185 -27.689 -28.2654 -28.8593 -29.4978
-29.6513 -29.8047 -29.9614 -30.2682 -30.6001 -31.2605 -32.0739 -32.9588 -33.9294 -35.1099
-35.5361 -35.9557 -36.3735 -36.7902 -37.2174 -37.5832 -38.0061 -38.4673 -38.9832 -39.4139
-39.7159 -40.2238 -40.7403 -41.2936 -41.8657 -41.8866 -41.8966 -41.9052 -41.9138 -41.9225
-42.015 -41.7034 -41.9233 -42.1438 -42.3567 -42.3761 -42.3944 -42.4128 -42.4311 -42.4498
-42.714 -42.9849 -43.2624 -43.4564 -43.5683 -43.5987 -43.5862 -43.6248 -43.7073 -43.4608
-43.4223 -43.1249 -42.8596 -42.5942 -42.2588 -41.7646 -41.2317 -40.705 -40.2113 -39.5914
-39.2688 -38.9055 -38.5013 -38.0891 -37.5838 -37.4064 -37.2295 -37.0529 -36.8768 -36.7289
-36.1063 -35.4796 -34.856 -34.2817 -33.8272 -33.2319 -32.6858 -32.0998 -31.5194 -31.0921
-30.6333 -30.1732 -29.7139 -29.2533 -28.8383 -28.5829 -28.3103 -27.9355 -27.5385 -27.11
-26.8815 -26.6522 -26.4116 -26.1677 -25.9229 -25.5785 -25.2356 -24.8937 -24.6065 -24.2632
-23.8851 -23.4702 -23.0193 -22.6583 -22.2972 -21.9234 -21.5496 -21.1676 -20.8968 -20.6251
-20.3036 -19.9823 -19.712 -19.4664 -19.2205 -19.0746 -18.9283 -18.7684 -18.6686 -18.5677
-18.3891 -18.2164 -18.1 -17.9757 -17.8511 -17.782 -17.7049 -17.6198 -17.5622 -17.5203
-17.4091 -17.3158 -17.2357 -17.1474 -17.0493 -16.984 -16.882 -16.7767 -16.671 -16.5609
-16.4125 -16.2725 -16.1321 -15.9912 -15.8271 -15.7037 -15.5779 -15.4516 -15.3248 -15.2202
-15.1983 -15.1764 -15.1531 -15.1295 -15.1069 -15.0837 -15.0604 -15.0372 -15.0139 -14.9938
-14.8122 -14.6308 -14.4493 -14.2678 -14.0909 -13.9436 -13.7727 -13.6005 -13.4374 -13.3114
-13.1506 -12.9941 -12.848 -12.7006 -12.5504 -12.448 -12.3434 -12.2297 -12.1252 -12.0243
-11.9024 -11.8158 -11.7305 -11.6454 -11.5532 -11.5432 -11.5351 -11.527 -11.518 -11.5088
-11.4795 -11.4502 -11.4202 -11.389 -11.3599 -11.3357 -11.3114 -11.2872 -11.2631 -11.2532
-11.2174 -11.1932 -11.1693 -11.1423 -11.1065 -11.1249 -11.1434 -11.1722 -11.2052 -11.239
-11.263 -11.2991 -11.3469 -11.3928 -11.4301 -11.4602 -11.482 -11.5027 -11.5273 -11.5515
-11.6083 -11.6653 -11.7207 -11.7685 -11.8064 -11.854 -11.8911 -11.9284 -11.9658 -12.0078
-12.0602 -12.1149 -12.1737 -12.2326 -12.2705 -12.4073 -12.5219 -12.6372 -12.7522 -12.8538
-12.9339 -13.0155 -13.0877 -13.16 -13.2294 -13.2997 -13.3701 -13.4407 -13.501 -13.5253
-13.8151 -14.0133 -14.208 -14.2643 -14.279 -14.5271 -14.7722 -14.8963 -15.0089 -15.0939
-15.2474 -15.3496 -15.4327 -15.5158 -15.5941 -15.677 -15.76 -15.843 -15.9258 -16.0081
-16.3612 -16.7055 -17.0918 -17.4777 -17.9005 -18.2362 -18.6044 -18.9358 -19.2631 -19.6446
-19.814 -19.9852 -20.1572 -20.3292 -20.5073 -20.6063 -20.7054 -20.8044 -20.9214 -21.0799
-21.2618 -21.5023 -21.743 -21.9448 -22.2057 -22.2508 -22.3895 -22.5285 -22.6699 -22.8753
-22.9147 -22.9386 -22.9603 -22.982 -23.0042 -23.0206 -23.0371 -23.0536 -23.0724 -23.0975
-23.0053 -22.952 -22.8172 -22.7079 -22.7 -22.4703 -22.2423 -22.0417 -21.839 -21.6175
-21.3608 -21.1722 -20.9662 -20.7488 -20.5408 -20.324 -20.1539 -19.9819 -19.8514 -19.8016
-19.7616 -19.7214 -19.6812 -19.6408 -19.608 -19.414 -19.2065 -18.9491 -18.6874 -18.3418
-18.2715 -18.0161 -17.7605 -17.5303 -17.2819 -17.0204 -16.7441 -16.4695 -16.1541 -15.7967
-15.5889 -15.3677 -15.1351 -14.9301 -14.7736 -14.4565 -14.2915 -14.1268 -13.9574 -13.7599
-13.7563 -13.7539 -13.7516 -13.7492 -13.7469 -13.5473 -13.3669 -13.1818 -12.9904 -12.6974
-12.4666 -12.2871 -12.1091 -11.8883 -11.712 -11.449 -11.2452 -11.0546 -10.8951 -10.7471
-10.6573 -10.5799 -10.5032 -10.411 -10.3361 -10.2344 -10.1333 -10.0329 -9.9331 -9.82417
-9.73163 -9.62067 -9.50123 -9.37461 -9.23415 -9.17442 -9.11488 -9.05553 -8.99433 -8.92877
-8.73233 -8.5501 -8.3697 -8.20792 -8.21683 -8.06939 -7.93686 -7.80944 -7.64847 -7.45866
-7.52849 -7.58555 -7.53558 -7.47877 -7.42485 -7.71497 -7.85496 -7.61546 -7.15072 -6.40377
-6.20338 -6.23863 -6.21869 -6.19879 -6.14046 -6.14425 -6.05183 -6.02127 -5.99452 -5.9789
-5.98513 -5.99316 -6.00306 -6.01489 -5.55657 -5.07121 -4.63173 -3.98773 -3.19951 -3.74236
-2.95023 -2.38681 -1.84341 -1.31895 -1.52877 -1.30678 -1.24303 -1.17881 -1.11289 -1.21864
-0.977781 -0.914024 -0.851518 -0.804785 -0.940401 -0.765168 -0.66972 -0.585622 -0.549546 -0.643576
-0.485806 -0.293751 -0.089658 0.000438639 0.0227769 52.0381 52.0382 52.0382 52.0382 52.0383
52.0383 52.0432 52.0482 52.0531 52.058 52.063 52.2487 52.4341 52.6191 52.8038
53.001 53.1371 53.2621 53.3865 53.5101 53.6343 53.6956 53.7549 53.8133 53.8709
53.9293 53.9288 53.9277 53.9267 53.9256 53.9246 53.8849 53.8442 53.8028 53.7606
53.7082 53.5415 53.3361 53.1303 52.9187 52.6822 52.4614 52.1656 51.8695 51.573
51.2639 51.1235 50.9218 50.7202 50.5341 50.3276 50.5823 50.9275 51.3111 51.6947
52.0762 53.3065 54.5254 55.7547 57.4394 58.846 60.1909 61.2626 62.2152 62.8585
63.3507 65.0086 66.6069 68.2474 70.5408 72.7361 76.8599 79.4555 80.7085 81.7578
83.2815 83.0597 82.8304 82.5933 82.4071 82.2892 82.1838 82.0443 81.8714 80.6937
78.7371 75.4627 72.1265 68.615 65.1039 62.686 62.3539 62.0216 61.6859 61.3286
60.9672 54.1249 46.9179 39.233 31.5966 23.6171 20.0625 16.4573 14.8499 13.7162
12.533 11.922 11.0943 10.0554 9.01089 7.98516 5.62508 3.21878 0.767732 -2.0842
-6.10512 -4.72891 -3.59382 -5.77761 -8.0289 -11.0834 -12.1225 -13.1661 -14.2141 -15.0788
-15.8778 -18.2728 -20.7111 -21.6957 -22.3294 -22.417 -19.7323 -17.9645 -16.806 -15.7447
-14.7627 -13.979 -13.1969 -12.476 -11.9804 -11.4652 -11.2952 -11.1255 -10.9558 -10.7743
-10.5803 -9.95637 -8.82708 -7.69781 -6.49641 -5.21254 -4.43071 -3.64056 -2.11576 -0.334226
1.53477 2.1617 2.69799 3.03923 3.38334 3.68862 3.98043 4.27352 4.61489 4.58809
4.49289 4.47725 4.44848 4.41189 4.3753 4.33873 3.69647 3.06184 2.43496 1.46951
-0.299075 -0.741773 -1.17349 -1.40672 -1.63976 -1.87992 -2.97348 -4.06594 -5.10251 -5.58244
-6.00738 -6.55898 -7.1 -7.63262 -8.16513 -8.66605 -8.90366 -9.1413 -9.37898 -9.53061
-9.67713 -9.91346 -10.1498 -10.4224 -10.631 -10.8362 -11.7388 -12.6336 -13.5537 -14.3757
-15.1997 -15.4958 -15.7904 -16.063 -16.3357 -16.6177 -17.2235 -17.8295 -18.4226 -18.8784
-19.2865 -19.4059 -19.7431 -20.0978 -20.4514 -20.8768 -21.1922 -21.5079 -21.8239 -22.137
-22.4206 -22.5575 -22.6566 -22.6516 -22.6466 -22.6416 -22.8939 -23.1466 -23.3994 -23.6053
-23.7865 -24.3439 -24.8181 -25.4672 -25.8975 -26.2379 -26.4076 -26.7438 -27.2749 -27.8029
-28.3793 -28.5727 -28.7658 -28.9585 -29.1876 -29.4576 -29.8491 -30.4803 -31.1325 -31.8859
-32.8341 -33.6946 -34.6452 -35.5532 -36.442 -37.6712 -38.7308 -39.371 -39.7572 -40.1479
-40.3068 -40.6161 -40.6802 -40.7222 -40.7643 -40.8081 -41.0026 -41.2021 -41.4073 -41.6041
-41.6806 -42.3912 -43.0676 -43.6319 -43.9552 -44.0822 -44.5758 -45.0893 -45.5309 -45.5088
-45.4961 -45.9017 -46.2648 -46.2616 -46.3587 -46.4758 -46.0647 -45.7564 -45.4552 -45.1615
-44.6739 -44.1819 -43.6576 -43.1399 -42.5945 -42.0284 -41.7578 -41.5269 -41.2966 -41.0668
-40.835 -40.4282 -40.0236 -39.6212 -39.2211 -38.8812 -38.2089 -37.5688 -36.9327 -36.3008
-35.7362 -35.1108 -34.5209 -33.9374 -33.3648 -32.8871 -32.3533 -31.8902 -31.4289 -30.9707
-30.5509 -30.1719 -29.8094 -29.443 -29.0405 -28.642 -28.3477 -28.1235 -27.8673 -27.5834
-27.2802 -26.9128 -26.6324 -26.3986 -25.962 -25.5463 -25.014 -24.5109 -24.008 -23.5719
-23.1866 -22.811 -22.4171 -21.9558 -21.4943 -21.0373 -20.735 -20.4358 -20.1361 -19.8651
-19.8013 -19.7573 -19.7133 -19.6692 -19.6252 -19.5813 -19.4063 -19.2293 -19.0503 -18.8708
-18.7081 -18.5797 -18.4634 -18.3468 -18.2219 -18.096 -18.0157 -17.9243 -17.8416 -17.759
-17.7132 -17.6138 -17.5463 -17.4738 -17.3874 -17.2894 -17.2242 -17.1361 -17.0348 -16.9334
-16.8292 -16.685 -16.5408 -16.3914 -16.2054 -16.0185 -15.8597 -15.6962 -15.5267 -15.345
-15.1529 -14.9442 -14.7557 -14.5778 -14.3958 -14.1737 -13.9989 -13.8326 -13.6665 -13.5003
-13.3307 -13.298 -13.2704 -13.2429 -13.2154 -13.1886 -13.1652 -13.1418 -13.1183 -13.0947
-13.0723 -12.9741 -12.8761 -12.7782 -12.6805 -12.5843 -12.4765 -12.3528 -12.2295 -12.1146
-12.0287 -11.9219 -11.8177 -11.7276 -11.6232 -11.5176 -11.4628 -11.4111 -11.3622 -11.3221
-11.3001 -11.254 -11.2461 -11.2384 -11.2308 -11.2231 -11.222 -11.2209 -11.2198 -11.2189
-11.2191 -11.2191 -11.2194 -11.2198 -11.2201 -11.2205 -11.2334 -11.2466 -11.2615 -11.277
-11.3221 -11.3608 -11.4072 -11.458 -11.4944 -11.528 -11.6181 -11.7028 -11.7712 -11.8471
-11.9275 -11.9702 -12.0238 -12.0795 -12.1353 -12.1887 -12.2334 -12.2766 -12.3189 -12.3611
-12.4026 -12.5131 -12.6285 -12.7424 -12.8569 -12.9644 -13.0951 -13.2256 -13.3662 -13.5086
-13.6539 -13.6955 -13.7443 -13.7932 -13.8421 -13.8983 -13.9593 -14.0204 -14.0817 -14.1428
-14.1981 -14.2517 -14.3053 -14.3528 -14.3969 -14.4043 -14.5929 -14.7616 -14.9305 -15.0996
-15.223 -15.471 -15.6569 -15.8435 -16.0304 -16.1265 -16.2697 -16.3921 -16.5062 -16.6203
-16.7318 -16.9719 -17.2281 -17.4986 -17.7741 -18.0609 -18.3956 -18.7371 -19.1003 -19.4908
-19.864 -20.1466 -20.4312 -20.7196 -21.008 -21.293 -21.3443 -21.3914 -21.4371 -21.4827
-21.529 -21.6948 -21.8609 -22.0272 -22.2129 -22.4758 -22.4474 -22.5132 -22.662 -22.8563
-23.1162 -23.2016 -23.2638 -23.3113 -23.3589 -23.4094 -23.3931 -23.3928 -23.3974 -23.402
-23.4066 -23.3588 -23.2828 -23.1337 -22.9796 -22.9059 -22.7073 -22.5116 -22.2375 -21.967
-21.7573 -21.5026 -21.2782 -21.0739 -20.8647 -20.6668 -20.4164 -20.2356 -20.0515 -19.9048
-19.8236 -19.8079 -19.7922 -19.7766 -19.7608 -19.7485 -19.5438 -19.313 -19.0482 -18.7816
-18.4248 -18.3581 -18.1069 -17.8426 -17.5553 -17.2635 -16.9899 -16.727 -16.4635 -16.1783
-15.8188 -15.6065 -15.3802 -15.1456 -14.9172 -14.7417 -14.5237 -14.4053 -14.287 -14.1689
-14.1292 -14.0487 -13.9675 -13.8857 -13.7961 -13.6888 -13.4644 -13.2306 -12.998 -12.7666
-12.5021 -12.3502 -12.2159 -12.0826 -11.9292 -11.8069 -11.7451 -11.6834 -11.6219 -11.5605
-11.5012 -11.3199 -11.1333 -10.9486 -10.7953 -10.6153 -10.4989 -10.3281 -10.1552 -9.97278
-9.77316 -9.73311 -9.6584 -9.58386 -9.50948 -9.4292 -9.33311 -9.23755 -9.14181 -9.04281
-8.93853 -8.75122 -8.59041 -8.42756 -8.29784 -8.32036 -8.18614 -8.06001 -7.94753 -7.78041
-7.59827 -7.67466 -7.7552 -7.76953 -7.71291 -7.65676 -7.95658 -8.20176 -7.93691 -7.33599
-6.59409 -6.27399 -6.25093 -6.22799 -6.20514 -6.14376 -6.19131 -6.15059 -6.11035 -6.07057
-6.05558 -6.06448 -6.07449 -5.98527 -5.85366 -5.72429 -5.71557 -5.70685 -5.69813 -5.6894
-5.65661 -5.10978 -4.62953 -4.08253 -3.30598 -3.84135 -3.06007 -2.46081 -1.91653 -1.39125
-1.56844 -1.35315 -1.28928 -1.22513 -1.15928 -1.25859 -1.02262 -0.960228 -0.897566 -0.844215
-0.979719 -0.804378 -0.71177 -0.62753 -0.582125 -0.676067 -0.51821 -0.324795 -0.120655 0.00373413
0.026042 53.1483 53.1483 53.1483 53.1484 53.1484 53.1484 53.1534 53.1583 53.1632
53.1682 53.1732 53.4081 53.6814 53.9543 54.2265 54.485 54.6461 54.8053 54.9638
55.1214 55.2585 55.3223 55.3899 55.4565 55.5219 55.5792 55.5227 55.4264 55.3287
55.2297 55.146 54.9697 54.6626 54.3435 54.0236 53.6734 53.326 52.8926 52.4591
52.1185 51.7449 51.5704 51.3677 51.0483 50.7292 50.4081 50.5352 50.9197 51.3061
51.7113 52.2921 53.7359 55.0342 56.3038 57.6267 58.7818 58.5839 58.9669 59.2324
59.64 61.0193 61.8739 62.629 63.3695 64.0945 64.3568 64.5197 64.6809 64.8403
64.9859 65.0544 65.6149 65.664 65.576 65.3367 64.8087 64.8283 64.6714 64.3022
63.851 63.4223 63.3326 63.2123 63.0526 62.8928 62.7373 61.4383 60.1346 58.8446
58.1062 57.339 55.19 53.049 50.8672 48.6903 46.6525 45.7538 44.8561 43.9571
43.0309 42.0908 39.6331 36.3811 33.7096 31.7523 29.1891 28.9763 28.7634 28.5368
28.3084 28.078 27.8539 27.6106 27.3172 27.0237 26.7319 24.6327 22.5339 20.9065
19.8447 18.0112 17.4558 16.8958 16.0808 15.2487 14.3648 14.225 14.0788 13.9261
12.7028 11.4971 11.0296 10.555 10.1635 9.83945 9.51567 9.45078 9.38605 9.32148
9.24563 9.14774 9.11668 9.09877 9.17229 9.24582 9.31929 9.57235 9.82911 9.95395
9.33876 8.47667 8.84969 9.20506 9.36038 9.37694 9.39327 9.29136 9.18946 9.08756
9.05006 9.01676 8.56873 8.21472 7.84399 7.57812 7.37722 7.26216 7.1649 6.97754
6.81044 6.65199 6.58371 6.5023 6.3578 6.21331 6.06904 5.76545 5.46237 5.1598
4.69419 3.99505 3.05924 2.12598 1.33032 0.543691 -0.210888 -0.466769 -0.722722 -0.972178
-1.14308 -1.313 -1.44914 -2.16182 -3.4648 -4.78093 -6.28785 -6.4962 -6.64609 -6.77124
-6.90487 -7.04551 -8.12586 -9.20691 -10.2911 -11.294 -12.0342 -12.6652 -13.3468 -14.0814
-14.8378 -15.6265 -16.671 -17.4383 -18.2193 -18.7866 -19.3858 -20.5677 -21.8013 -22.7007
-23.5371 -24.2725 -24.3422 -24.4782 -24.7166 -24.955 -25.2058 -25.9231 -26.6445 -27.451
-28.0015 -28.6608 -29.3826 -30.2178 -31.1839 -32.2502 -33.4382 -34.223 -35.0147 -35.52
-35.7738 -35.9953 -36.8635 -37.1087 -37.2492 -37.4142 -37.6015 -37.6338 -37.666 -37.6983
-37.7284 -37.738 -38.4136 -39.0127 -39.477 -39.8851 -40.0864 -40.8079 -41.4264 -41.832
-42.0654 -42.2421 -43.1043 -43.9719 -44.3444 -44.6697 -44.968 -45.726 -46.0983 -46.4264
-46.8495 -47.1918 -47.626 -47.8528 -48.0485 -48.089 -48.1531 -48.1983 -48.2443 -48.2909
-48.3382 -48.3769 -48.1817 -47.9658 -47.7576 -47.5574 -47.3267 -46.8249 -46.272 -45.7247
-45.1831 -44.7153 -44.1387 -43.581 -43.0268 -42.4762 -41.8744 -41.7996 -41.7249 -41.6502
-41.5756 -41.5074 -40.9464 -40.3141 -39.6182 -38.9264 -38.3212 -37.6702 -37.0039 -36.3406
-35.775 -35.3128 -34.7442 -34.2316 -33.6783 -33.1282 -32.7375 -32.2905 -31.832 -31.3735
-30.9446 -30.5577 -30.1391 -29.7545 -29.4852 -29.2011 -28.9585 -28.538 -28.1245 -27.7012
-27.214 -26.8472 -26.2971 -25.7599 -25.1267 -24.5964 -24.1627 -23.6185 -23.0682 -22.4945
-22.0525 -21.6382 -21.2926 -20.9497 -20.5784 -20.33 -20.1092 -19.8392 -19.5781 -19.3699
-19.185 -18.999 -18.859 -18.7208 -18.5847 -18.4981 -18.4168 -18.276 -18.1352 -18.0496
-17.9361 -17.8223 -17.7804 -17.7317 -17.6609 -17.5842 -17.5122 -17.4078 -17.3004 -17.1951
-17.0922 -16.9444 -16.8099 -16.6462 -16.497 -16.3525 -16.2058 -16.1858 -16.169 -16.1522
-16.1353 -16.1188 -15.9609 -15.803 -15.645 -15.4591 -15.2849 -15.0797 -14.8821 -14.7047
-14.5135 -14.2907 -14.1145 -13.9338 -13.7544 -13.5882 -13.416 -13.3207 -13.2377 -13.1548
-13.0721 -13.0055 -12.9414 -12.8746 -12.808 -12.7415 -12.6896 -12.5607 -12.4481 -12.3407
-12.2267 -12.1013 -12.0651 -12.0263 -11.9875 -11.9489 -11.9119 -11.8598 -11.8084 -11.7581
-11.7079 -11.6504 -11.594 -11.5326 -11.4717 -11.4376 -11.4233 -11.3695 -11.3524 -11.3388
-11.3235 -11.3118 -11.3173 -11.3212 -11.3251 -11.329 -11.3328 -11.3552 -11.3862 -11.4177
-11.4485 -11.4656 -11.5438 -11.6068 -11.6703 -11.729 -11.7888 -11.7921 -11.7963 -11.8006
-11.8048 -11.8091 -11.8768 -11.9451 -12.0139 -12.0847 -12.1683 -12.2191 -12.277 -12.3353
-12.3939 -12.4499 -12.4852 -12.5206 -12.5561 -12.5916 -12.6263 -12.7374 -12.853 -12.9692
-13.0795 -13.1844 -13.3166 -13.4522 -13.5945 -13.7477 -13.9024 -13.9809 -14.0982 -14.2274
-14.3569 -14.4804 -14.5132 -14.5461 -14.579 -14.6175 -14.6725 -14.7695 -14.913 -15.0516
-15.2456 -15.4857 -15.6577 -15.8357 -16.0174 -16.2075 -16.4273 -16.5097 -16.6397 -16.788
-16.9365 -17.0835 -17.3213 -17.5894 -17.8461 -18.1035 -18.3712 -18.7014 -19.0518 -19.4253
-19.7827 -20.1537 -20.4346 -20.7146 -20.9954 -21.2825 -21.5653 -21.6407 -21.7099 -21.777
-21.8441 -21.9128 -22.0582 -22.1987 -22.3339 -22.4923 -22.7218 -22.7044 -22.7212 -22.8445
-23.1054 -23.3652 -23.4539 -23.5347 -23.5849 -23.6316 -23.6842 -23.6491 -23.6494 -23.6583
-23.6672 -23.6766 -23.6057 -23.5059 -23.3667 -23.2316 -23.1575 -22.9672 -22.7377 -22.455
-22.1657 -21.9044 -21.6681 -21.4133 -21.1941 -20.99 -20.7982 -20.5425 -20.3687 -20.1906
-20.0224 -19.9566 -19.9356 -19.9146 -19.8935 -19.8724 -19.8563 -19.6492 -19.3911 -19.1202
-18.8471 -18.4608 -18.3873 -18.0843 -17.7615 -17.5184 -17.2286 -16.9543 -16.7019 -16.4501
-16.1753 -15.8415 -15.6275 -15.3987 -15.1661 -14.9343 -14.726 -14.6051 -14.5441 -14.4832
-14.4223 -14.3853 -14.2409 -14.0798 -13.9028 -13.7262 -13.5486 -13.5068 -13.4668 -13.4269
-13.387 -13.3509 -13.1662 -12.9871 -12.8089 -12.6316 -12.4555 -12.2714 -12.1082 -11.9215
-11.6938 -11.4818 -11.3551 -11.18 -11.0068 -10.8546 -10.6375 -10.5608 -10.3884 -10.216
-10.0449 -9.85908 -9.82265 -9.75606 -9.68961 -9.6233 -9.55184 -9.4595 -9.36747 -9.2715
-9.17654 -9.07679 -8.90415 -8.76052 -8.61279 -8.47964 -8.51247 -8.38828 -8.27519 -8.1835
-8.04185 -7.87241 -7.96095 -8.02182 -7.97979 -7.98345 -7.93488 -8.2421 -8.19515 -7.95381
-7.72536 -6.98972 -6.74992 -6.71063 -6.67342 -6.63801 -6.46659 -6.49493 -6.5252 -6.52712
-6.51905 -6.5107 -6.41121 -6.31203 -6.20492 -6.08158 -5.95574 -5.95237 -5.949 -5.94564
-5.94227 -5.92485 -5.45597 -4.98791 -4.525 -3.75472 -3.98855 -3.2425 -2.62784 -2.08152
-1.55431 -1.61626 -1.42633 -1.36263 -1.29865 -1.2332 -1.30704 -1.09831 -1.03626 -0.973947
-0.911078 -1.02668 -0.857203 -0.77345 -0.689471 -0.617342 -0.711205 -0.553308 -0.352344 -0.148106
-0.000416793 0.0218866 54.7219 54.7219 54.722 54.722 54.722 54.7221 54.7284 54.7347
54.741 54.7474 54.7538 55.0231 55.2917 55.5596 55.8271 56.098 56.2592 56.4429
56.6379 56.8318 57.0118 57.0955 57.1572 57.2176 57.279 57.323 57.2702 57.1492
56.9806 56.8107 56.5864 56.2731 55.8145 55.3651 55.053 54.5907 54.2053 53.7712
53.2411 52.6372 52.0131 51.7147 51.2063 50.8851 50.5654 50.0453 50.137 50.4245
50.8071 51.2261 51.7095 53.4434 54.7624 56.1425 57.3457 58.5915 58.5618 58.6078
58.6539 58.7002 58.7432 58.7819 58.7842 58.6705 58.5472 59.2319 58.7965 58.5057
58.66 58.2917 58.1077 58.3672 57.4975 56.4867 55.3739 54.5674 54.418 54.2681
54.2011 54.0468 53.9301 53.9017 53.8744 53.8475 53.8206 53.7941 52.4349 50.9791
48.0059 43.7245 40.9792 40.2317 39.4845 38.3634 37.1918 36.0158 34.3844 32.757
31.0017 29.6348 28.1455 27.3071 26.3376 25.2307 24.1199 23.2887 23.0565 22.8253
22.5951 22.2582 21.907 21.3296 20.7525 20.1818 19.7104 19.2365 17.7415 16.2534
14.9938 13.7744 12.6253 12.5246 12.4239 12.3615 12.3037 12.2458 11.553 10.7961
9.70168 8.64547 7.61896 7.39866 7.17834 6.95798 6.7406 6.52711 6.10887 5.66012
5.13597 4.56788 3.99694 1.75283 -0.432098 -1.95265 -3.389 -4.5165 -4.94866 -5.32455
-5.67561 -6.0271 -6.35487 -7.15872 -8.083 -8.95349 -9.8631 -10.8553 -11.3029 -11.7513
-12.2004 -12.6735 -13.1416 -14.7815 -16.4368 -17.9322 -19.1338 -20.239 -20.5993 -21.0465
-21.6891 -22.3336 -23.2507 -24.0069 -24.7567 -25.2819 -26.0093 -26.7735 -27.2668 -27.9919
-29.3484 -30.8122 -32.3894 -32.9915 -33.6259 -34.0942 -34.8287 -35.5445 -36.5804 -37.413
-37.6723 -37.8657 -37.6757 -38.0836 -38.3443 -38.5901 -38.8356 -39.1146 -39.5949 -39.9151
-40.1622 -40.3549 -40.5432 -41.0038 -41.4436 -41.5878 -41.846 -42.0747 -42.0961 -42.1203
-42.5373 -43.3357 -44.124 -43.8758 -43.8611 -44.4167 -45.0098 -45.8854 -46.2617 -46.9478
-47.5719 -48.195 -49.1064 -49.4714 -49.6986 -49.9515 -50.1776 -50.5037 -50.6718 -50.8417
-51.0136 -51.1874 -51.3879 -51.3858 -51.4168 -51.5017 -51.5873 -51.6732 -52.0631 -52.4638
-51.9406 -51.3734 -51.0016 -50.5479 -50.1864 -49.5742 -48.639 -48.1844 -47.4396 -46.9529
-46.2458 -45.3451 -44.7518 -44.0824 -43.3384 -42.6014 -41.9132 -41.4294 -40.674 -39.975
-39.2812 -38.592 -37.9959 -37.3725 -36.6483 -36.0868 -35.5306 -35.0239 -34.4292 -33.9255
-33.4059 -32.9588 -32.5748 -32.1366 -31.9203 -31.6346 -31.3116 -31.0759 -30.4542 -30.1206
-29.6522 -29.0314 -28.4984 -27.8218 -27.2511 -26.6115 -25.8933 -25.275 -24.5469 -23.9756
-23.404 -22.8323 -22.3224 -21.9066 -21.5321 -21.1573 -20.7824 -20.4123 -20.1982 -19.979
-19.7595 -19.5399 -19.3131 -19.1619 -19.0227 -18.8833 -18.7436 -18.6535 -18.6257 -18.5979
-18.5701 -18.5423 -18.5191 -18.4063 -18.2953 -18.1852 -18.0763 -17.97 -17.9085 -17.8353
-17.762 -17.6886 -17.6185 -17.5201 -17.42 -17.32 -17.2228 -17.0958 -16.9623 -16.804
-16.6373 -16.4707 -16.3187 -16.1106 -15.9002 -15.6965 -15.4972 -15.2921 -15.0993 -14.8904
-14.6745 -14.4757 -14.2953 -14.0632 -13.8922 -13.697 -13.5027 -13.313 -13.2637 -13.2169
-13.1701 -13.1234 -13.079 -12.9582 -12.8464 -12.7407 -12.6354 -12.5182 -12.3981 -12.2717
-12.146 -12.0319 -11.9314 -11.8033 -11.7207 -11.6316 -11.5402 -11.4546 -11.441 -11.4305
-11.4202 -11.4098 -11.3999 -11.3551 -11.3247 -11.2946 -11.2648 -11.2298 -11.2221 -11.2346
-11.2472 -11.2601 -11.2596 -11.2556 -11.2515 -11.2475 -11.2435 -11.2424 -11.2679 -11.2923
-11.3186 -11.3597 -11.4307 -11.4648 -11.5176 -11.5761 -11.6349 -11.6967 -11.7045 -11.7134
-11.7225 -11.7316 -11.7407 -11.8237 -11.9067 -11.9874 -12.0668 -12.1356 -12.2462 -12.3543
-12.4593 -12.564 -12.6843 -12.792 -12.9125 -13.0333 -13.1546 -13.2799 -13.3371 -13.3889
-13.4403 -13.4918 -13.5426 -13.5577 -13.5724 -13.5869 -13.6014 -13.6165 -13.6882 -13.76
-13.8319 -13.9041 -13.9814 -14.1197 -14.2723 -14.4255 -14.5753 -14.7551 -14.895 -15.0703
-15.2463 -15.4234 -15.6493 -15.7066 -15.7798 -15.8591 -15.9415 -16.0226 -16.1351 -16.2477
-16.3605 -16.4799 -16.6172 -16.7411 -16.919 -17.1362 -17.3598 -17.6186 -17.8662 -18.1025
-18.3094 -18.5056 -18.69 -18.7573 -18.8261 -18.8953 -18.9644 -19.0339 -19.3565 -19.6795
-19.992 -20.2882 -20.5337 -20.8444 -21.1942 -21.4783 -21.711 -21.9437 -22.1602 -22.3568
-22.5545 -22.7687 -22.9821 -23.0308 -23.0758 -23.1199 -23.1641 -23.2104 -23.2821 -23.3541
-23.427 -23.5189 -23.6963 -23.7792 -23.8479 -23.904 -23.9656 -24.0307 -23.9625 -23.9116
-23.889 -23.8871 -23.8959 -23.9302 -23.8739 -23.8087 -23.7435 -23.6704 -23.6525 -23.6346
-23.6167 -23.5996 -23.5906 -23.3573 -23.0652 -22.7757 -22.4909 -22.1901 -21.9623 -21.5555
-21.3288 -21.0702 -20.8717 -20.6052 -20.4192 -20.2339 -20.0286 -19.8001 -19.6787 -19.5697
-19.4552 -19.3358 -19.2153 -19.1447 -19.0739 -19.003 -18.9319 -18.8353 -18.6337 -18.3476
-18.0256 -17.7179 -17.4623 -17.1987 -16.9434 -16.6673 -16.3917 -16.092 -15.8748 -15.6558
-15.4224 -15.1897 -15.0539 -15.0346 -15.0153 -14.996 -14.9768 -14.9549 -14.7712 -14.5848
-14.3991 -14.2142 -13.9978 -13.9922 -13.9695 -13.9469 -13.9245 -13.9023 -13.7126 -13.5236
-13.335 -13.1472 -12.9595 -12.7518 -12.5887 -12.4268 -12.2224 -12.0167 -11.9069 -11.7403
-11.5898 -11.43 -11.2139 -11.1356 -11.0277 -10.8621 -10.6748 -10.4662 -10.402 -10.2404
-10.0753 -9.90417 -9.67366 -9.66807 -9.58879 -9.51016 -9.43215 -9.34898 -9.27948 -9.21029
-9.1414 -9.07282 -9.05727 -8.94091 -8.83216 -8.74168 -8.65453 -8.49404 -8.58347 -8.55065
-8.4929 -8.44014 -8.39157 -8.69871 -8.55443 -8.37494 -8.19641 -7.53432 -7.33743 -7.30085
-7.26568 -7.15496 -6.94403 -6.91878 -6.89354 -6.86831 -6.8431 -6.81081 -6.8654 -6.74976
-6.63425 -6.51887 -6.20618 -6.29276 -6.08381 -5.87088 -5.65391 -5.56379 -5.24666 -4.81799
-4.40196 -3.9956 -4.12704 -3.42272 -2.82047 -2.27181 -1.74232 -1.65399 -1.49761 -1.43427
-1.37067 -1.30557 -1.34549 -1.17346 -1.11208 -1.05045 -0.988273 -1.0634 -0.914233 -0.831009
-0.747574 -0.673363 -0.735785 -0.570314 -0.366016 -0.161676 -0.0142356 0.0116666 56.1309 56.131
56.131 56.1311 56.1311 56.1311 56.1394 56.1477 56.156 56.1643 56.1725 56.4463
56.7195 57.0947 57.4729 57.8299 58.0611 58.2824 58.4991 58.6918 58.8731 58.9496
59.0094 59.0514 59.0861 59.09 58.9378 58.6731 58.4567 58.2909 58.0071 57.6357
57.1735 56.6852 56.0636 55.3608 54.7747 53.9742 53.3961 52.796 51.9584 51.4437
50.93 50.417 49.8379 49.0572 48.9915 49.1392 49.3879 49.6303 49.5868 51.184
52.2665 53.9244 54.9877 56.1431 56.0743 55.9965 56.4327 57.2785 58.1694 58.4955
58.0146 57.1055 56.1922 55.5915 55.3299 55.0681 54.8061 54.4256 53.9379 53.194
52.2618 51.2904 50.3155 49.6251 49.2426 48.9478 48.6541 48.1962 47.378 46.8593
46.2731 45.1515 44.0291 43.0335 42.5413 41.9412 41.3462 39.8555 38.2592 36.4255
34.541 32.8983 31.4408 30.108 29.9097 29.7114 29.5131 29.3013 29.0913 26.8845
24.5869 22.3102 20.3501 18.4451 18.1743 17.9035 17.3132 16.6781 16.0556 15.4377
14.8164 13.9478 13.0788 12.1957 12.0013 11.807 11.6126 11.3909 11.1523 9.82235
8.6081 7.68743 6.93603 6.16743 5.59891 5.02989 4.43519 4.07758 3.7283 2.24782
0.86731 -0.413303 -1.5068 -2.65406 -3.32156 -3.98975 -4.65864 -5.29862 -5.87364 -6.18579
-6.50966 -7.02444 -7.59812 -8.23126 -9.40056 -10.5302 -11.6312 -12.8254 -13.7817 -14.8842
-16.0911 -17.89 -19.6496 -21.4694 -21.6806 -21.9195 -22.201 -22.4828 -22.7766 -23.8266
-25.089 -26.3982 -27.9226 -29.5169 -29.6827 -30.2798 -31.1444 -31.874 -32.5662 -32.6776
-32.7889 -32.9003 -33.0543 -33.3056 -34.4153 -35.3471 -36.3208 -36.8005 -36.8873 -37.6
-38.356 -39.0084 -39.6707 -40.3204 -41.1576 -41.3848 -41.5693 -41.7567 -41.8343 -41.8829
-41.9208 -41.9586 -41.9965 -42.0359 -42.351 -42.6225 -42.7087 -42.8305 -43.6866 -43.3742
-43.3558 -43.3175 -43.6294 -44.2065 -43.9227 -44.0831 -44.2422 -44.4004 -44.6223 -44.5352
-44.6306 -44.7258 -44.8208 -44.9184 -45.0271 -45.1206 -45.196 -45.2712 -45.3162 -45.6496
-45.8967 -46.1428 -46.3688 -46.4971 -46.6609 -46.8576 -47.0833 -47.3098 -47.5085 -47.8396
-48.1739 -48.5085 -48.8435 -49.1987 -49.9209 -50.2349 -50.5426 -50.8512 -51.5602 -52.2301
-53.3666 -53.7835 -54.0927 -54.8645 -55.1096 -55.3877 -55.6688 -55.9404 -56.1908 -56.1357
-56.0643 -55.9931 -55.9277 -55.8559 -55.6979 -55.5416 -55.3872 -55.2345 -55.1064 -54.6182
-54.0781 -53.406 -52.573 -51.5147 -51.1255 -50.5389 -49.845 -48.9673 -48.3249 -47.503
-46.7261 -45.9563 -45.1936 -44.4859 -44.1422 -43.7757 -43.4206 -43.0716 -42.6526 -42.3011
-41.951 -41.6083 -41.2668 -40.9336 -40.5842 -40.2279 -39.8727 -39.5187 -39.2222 -38.8202
-38.4195 -38.0202 -37.64 -37.3323 -36.7608 -36.2037 -35.7002 -35.2501 -34.7302 -34.8306
-34.7565 -34.6401 -34.5191 -34.2568 -34.2473 -34.0285 -33.8303 -33.6721 -33.3411 -33.2782
-33.1035 -32.9228 -32.7361 -32.5513 -32.2855 -31.9474 -31.6172 -31.2369 -30.7463 -30.4125
-30.0642 -29.6916 -29.231 -28.7371 -28.1873 -27.6426 -27.262 -27.0014 -26.7405 -25.6506
-24.793 -24.1003 -23.5198 -22.9842 -22.2563 -21.6848 -21.2582 -20.9737 -20.7803 -20.4506
-20.1352 -19.8545 -19.6997 -19.5712 -19.3318 -19.0924 -18.8803 -18.7649 -18.649 -18.4307
-18.2126 -18.0774 -18.0386 -17.9998 -17.8774 -17.7549 -17.6949 -17.7721 -17.8489 -17.6921
-17.5429 -17.4524 -17.3725 -17.2917 -17.1273 -16.9353 -16.7707 -16.6067 -16.4414 -16.1853
-15.9839 -15.7826 -15.5388 -15.2863 -15.2173 -15.1372 -15.0572 -14.9771 -14.903 -14.7459
-14.5942 -14.4428 -14.2915 -14.1205 -13.8903 -13.6753 -13.4628 -13.2569 -13.0498 -12.8525
-12.6878 -12.5177 -12.3484 -12.1884 -12.1402 -12.0994 -12.0587 -12.018 -11.9818 -11.8887
-11.8051 -11.7218 -11.6389 -11.5621 -11.4564 -11.3762 -11.3041 -11.2399 -11.1794 -11.1352
-11.121 -11.1069 -11.0929 -11.081 -11.0558 -11.0307 -11.0057 -10.9808 -10.995 -10.9366
-10.9415 -10.9128 -10.9299 -10.9886 -10.9934 -11.0336 -11.0835 -11.1347 -11.201 -11.2123
-11.2258 -11.2393 -11.2528 -11.2659 -11.3297 -11.3936 -11.4574 -11.5243 -11.621 -11.6799
-11.7638 -11.8512 -11.9386 -12.045 -12.0539 -12.0628 -12.0718 -12.0807 -12.091 -12.1955
-12.3013 -12.4062 -12.5114 -12.6109 -12.6836 -12.7637 -12.8454 -12.9272 -13.005 -13.0536
-13.097 -13.1401 -13.1843 -13.233 -13.387 -13.535 -13.6935 -13.8425 -13.9864 -14.1614
-14.335 -14.4879 -14.6345 -14.7787 -14.9115 -15.0423 -15.1722 -15.2961 -15.419 -15.4738
-15.5286 -15.5834 -15.6384 -15.6936 -15.9097 -16.1226 -16.3358 -16.5501 -16.7677 -16.9635
-17.1703 -17.3839 -17.601 -17.8111 -17.9969 -18.1579 -18.3101 -18.4625 -18.619 -18.7001
-18.7812 -18.8624 -18.9303 -18.9551 -19.1607 -19.3833 -19.6066 -19.8164 -20.0519 -20.3089
-20.4962 -20.6839 -20.8807 -21.0107 -21.1552 -21.309 -21.4612 -21.6192 -21.7979 -21.9923
-22.1629 -22.3333 -22.498 -22.6308 -22.6899 -22.7481 -22.8064 -22.8646 -22.9204 -23.1324
-23.2582 -23.3851 -23.5161 -23.6461 -23.804 -23.8829 -23.9698 -24.0624 -24.1615 -24.1776
-24.1702 -24.1638 -24.1913 -24.2487 -24.2494 -24.2502 -24.251 -24.2517 -24.2527 -24.2144
-24.1784 -24.1521 -24.126 -24.1185 -24.1194 -24.057 -23.9752 -23.8933 -23.778 -23.6721
-23.5289 -23.4117 -23.2944 -23.1182 -23.1123 -22.9967 -22.8444 -22.6916 -22.5185 -22.5159
-22.51 -22.504 -22.498 -22.492 -22.1298 -21.7389 -21.4196 -21.1473 -20.9117 -20.6775
-20.4102 -20.0652 -19.8326 -19.608 -19.3865 -19.178 -19.0077 -18.8376 -18.7388 -18.6182
-18.4339 -18.219 -18.0045 -17.8019 -17.7627 -17.7227 -17.6828 -17.6483 -17.615 -17.5027
-17.3859 -17.2693 -17.1527 -17.0728 -16.9611 -16.8495 -16.7382 -16.627 -16.5145 -16.2973
-16.0838 -15.871 -15.6475 -15.3894 -15.241 -15.0506 -14.8724 -14.7259 -14.5329 -14.4825
-14.3455 -14.1672 -13.99 -13.7134 -13.7436 -13.6273 -13.511 -13.3947 -13.2648 -13.2063
-13.1466 -13.0813 -13.0162 -12.9458 -12.7999 -12.6624 -12.5332 -12.3913 -12.1637 -12.0744
-11.9643 -11.8251 -11.6218 -11.4013 -11.3253 -11.2549 -11.0899 -10.7762 -10.4734 -10.5306
-10.5023 -10.3416 -10.1364 -9.81203 -9.89418 -9.74553 -9.61166 -9.48253 -9.24562 -9.29091
-9.24436 -9.19811 -9.15218 -9.10458 -9.06632 -9.02851 -8.95008 -8.87095 -8.82569 -8.91506
-8.84934 -8.79967 -8.75012 -8.06125 -7.7765 -7.69237 -7.47723 -7.26141 -7.08034 -7.19906
-7.26946 -7.22596 -7.1826 -7.13249 -7.06098 -6.98941 -6.91776 -6.84605 -6.48349 -6.47495
-6.35092 -6.22557 -6.09892 -5.59576 -6.04215 -5.70902 -5.379 -5.05202 -4.64135 -4.52144
-4.40231 -4.28396 -4.16637 -4.20021 -3.52566 -2.9549 -2.40449 -1.8733 -1.66704 -1.53737
-1.47442 -1.41121 -1.34628 -1.35903 -1.21665 -1.15594 -1.095 -1.03344 -1.07571 -0.943209
-0.860523 -0.777639 -0.70725 -0.740786 -0.566361 -0.362011 -0.157616 -0.0359957 0.000616542 57.8268
57.8269 57.8269 57.8269 57.827 57.827 57.8352 57.8434 57.8516 57.8599 57.8683
58.2197 58.5701 58.9412 59.3159 59.6885 59.917 60.138 60.3595 60.5945 60.8019
60.8578 60.8608 60.8977 60.9332 60.9147 60.7374 60.4694 60.1998 59.8508 59.3619
58.8199 58.1055 57.4993 56.894 56.0041 55.1871 54.3324 53.4689 52.6337 51.5352
50.6452 49.8487 49.0313 48.2134 47.2073 46.6304 46.3566 45.9958 45.5842 45.051
45.1718 45.7074 46.1959 46.7791 46.7779 47.1847 47.5888 47.9877 48.3798 48.7005
48.8761 47.7489 45.8485 44.0512 43.0005 41.4329 39.74 36.9596 34.1839 29.4878
28.9209 28.3554 27.8971 27.4382 26.9903 26.9247 26.859 26.7593 26.6523 26.5454
24.481 22.4154 19.9403 17.4736 14.8869 14.4806 14.0748 13.6704 13.2659 12.861
11.9327 11.0022 10.0663 8.92815 7.70423 7.21175 6.71897 6.61726 6.55397 6.49038
5.44226 4.3925 3.41003 2.70624 2.04269 1.75538 1.50368 1.3014 1.0987 0.884652
-0.284284 -1.39492 -2.54096 -4.35822 -6.11294 -6.31562 -6.50944 -6.56912 -6.62889 -6.68917
-8.0203 -9.3596 -11.0225 -13.3813 -15.4875 -16.0013 -16.6258 -17.2933 -18.63 -19.8767
-20.8718 -21.7572 -22.3885 -23.0129 -23.657 -23.9392 -24.2211 -24.5029 -24.8667 -25.2768
-25.5948 -26.1475 -27.124 -28.7836 -30.3757 -31.237 -32.1463 -33.1504 -34.1518 -35.192
-35.2227 -35.2526 -35.2822 -35.3117 -35.3415 -36.1805 -37.0146 -37.8867 -38.8016 -39.6406
-40.7973 -41.9519 -42.5227 -42.4335 -42.3456 -42.8612 -43.3223 -43.7544 -44.1506 -44.5966
-44.7768 -44.8173 -44.8582 -44.8973 -44.9224 -45.0101 -45.0994 -45.1902 -45.2824 -45.5898
-45.5157 -45.5493 -45.5835 -45.6184 -45.6569 -45.6803 -45.7036 -45.7268 -45.7498 -45.8745
-45.6496 -45.6453 -45.6068 -45.5508 -46.4624 -46.057 -45.8628 -45.9186 -46.2866 -46.7972
-46.165 -46.2239 -46.3584 -46.4762 -46.9239 -46.8363 -46.9484 -47.06 -47.1713 -47.2891
-47.323 -47.3549 -47.3821 -47.4092 -47.4844 -47.6294 -47.7606 -47.8448 -47.9248 -48.0006
-48.0467 -48.0927 -48.1388 -48.1848 -48.171 -48.3818 -48.5749 -48.7675 -48.9485 -49.064
-49.4105 -49.7301 -50.0547 -50.0736 -50.0947 -51.1308 -51.8476 -52.5148 -53.5275 -54.8751
-55.0673 -55.2547 -55.4425 -55.6305 -55.8166 -56.0554 -56.2946 -56.5342 -56.7629 -57.0554
-57.3003 -57.3522 -57.4073 -57.4654 -57.4748 -57.5032 -57.5357 -57.5693 -57.6369 -57.8919
-58.041 -57.7271 -57.4165 -57.1366 -56.9388 -56.6434 -56.3997 -56.161 -55.8399 -55.3117
-55.0434 -54.7756 -54.5083 -54.2417 -54.0611 -53.4752 -52.9282 -52.2713 -51.5049 -50.8649
-49.9953 -49.3189 -48.865 -48.1344 -47.4003 -46.7288 -46.0753 -45.3837 -44.6305 -43.9353
-43.3995 -42.6828 -41.9215 -41.167 -40.8267 -40.6599 -40.4933 -40.327 -40.161 -39.9972
-39.7004 -39.4336 -39.1684 -38.8651 -38.6947 -38.3781 -38.129 -37.8179 -37.5072 -37.3306
-36.9838 -36.7363 -36.5254 -36.3813 -36.3615 -36.1058 -35.8674 -35.6158 -35.3531 -35.3287
-34.9218 -34.634 -34.419 -34.2786 -34.2639 -33.7894 -33.3632 -32.9859 -32.6491 -32.3529
-31.7435 -31.1484 -30.7519 -30.3926 -30.0367 -29.4098 -28.8123 -28.3562 -27.9613 -27.5826
-26.898 -26.3022 -25.9053 -25.6726 -25.5279 -24.8259 -24.2976 -23.9452 -23.7844 -23.8244
-22.9004 -22.3794 -21.9718 -21.5629 -21.3744 -20.8511 -20.5766 -20.307 -20.0396 -19.8488
-19.5525 -19.3474 -19.1352 -18.9176 -18.7196 -18.6487 -18.6052 -18.5618 -18.5185 -18.4857
-18.4003 -18.3074 -18.2075 -18.1074 -18.0328 -17.9272 -17.8275 -17.7828 -17.7486 -17.7856
-17.6519 -17.5637 -17.472 -17.3611 -17.2767 -17.1088 -16.9388 -16.7365 -16.5579 -16.4002
-16.1407 -15.8807 -15.634 -15.3919 -15.1527 -14.9378 -14.7231 -14.4906 -14.2595 -14.0279
-13.7946 -13.5777 -13.3743 -13.147 -12.9278 -12.7569 -12.6063 -12.4511 -12.2966 -12.1623
-12.1448 -12.1272 -12.1096 -12.092 -12.079 -11.9298 -11.7843 -11.6392 -11.4981 -11.4266
-11.3165 -11.2431 -11.1637 -11.0848 -11.0268 -11.0134 -11 -10.9866 -10.9732 -10.966
-10.9046 -10.8538 -10.8205 -10.7937 -10.7981 -10.7386 -10.7553 -10.8078 -10.8333 -10.8915
-10.8858 -10.9096 -10.9334 -10.9572 -10.9815 -11.0012 -11.0272 -11.056 -11.0848 -11.145
-11.2097 -11.2859 -11.3628 -11.44 -11.5206 -11.5515 -11.5838 -11.6161 -11.6484 -11.679
-11.7466 -11.8105 -11.8708 -11.9331 -12.0147 -12.1309 -12.2468 -12.3624 -12.4848 -12.6137
-12.7477 -12.8788 -13.0096 -13.1408 -13.2738 -13.3726 -13.471 -13.5684 -13.6659 -13.7611
-13.7835 -13.8059 -13.8283 -13.8507 -13.8742 -13.9082 -13.9422 -13.9762 -14.0103 -14.0428
-14.2171 -14.3919 -14.5669 -14.7317 -14.8808 -15.0679 -15.2533 -15.4391 -15.6305 -15.822
-15.9654 -16.0966 -16.2274 -16.3583 -16.4875 -16.559 -16.6306 -16.7022 -16.7747 -16.85
-17.0606 -17.2883 -17.5163 -17.7311 -17.947 -18.2135 -18.4806 -18.7058 -18.9328 -19.1613
-19.3039 -19.4624 -19.6251 -19.787 -19.9534 -20.0086 -20.0637 -20.1189 -20.1764 -20.244
-20.5229 -20.7643 -21.0088 -21.1636 -21.2237 -21.378 -21.533 -21.7189 -21.9788 -22.2364
-22.4591 -22.6115 -22.7445 -22.8807 -23.0008 -23.0128 -23.0281 -23.0437 -23.0594 -23.0751
-23.3377 -23.6139 -23.8272 -23.9833 -24.0706 -24.2597 -24.4173 -24.4681 -24.5597 -24.6228
-24.6874 -24.6984 -24.6929 -24.6883 -24.6051 -24.5365 -24.4748 -24.4136 -24.3529 -24.289
-24.2859 -24.2824 -24.279 -24.2755 -24.283 -24.1859 -24.1016 -24.0175 -23.9335 -23.8441
-23.8309 -23.82 -23.8091 -23.7983 -23.7869 -23.6527 -23.5185 -23.3861 -23.2761 -23.1592
-23.0546 -22.9372 -22.82 -22.6575 -22.4782 -22.314 -22.1396 -21.9684 -21.7969 -21.5925
-21.5878 -21.5458 -21.495 -21.4377 -21.381 -21.2967 -21.2113 -21.1242 -21.0372 -20.9597
-20.661 -20.306 -19.9597 -19.7674 -19.5669 -19.2932 -19.0472 -18.8716 -18.7342 -18.6851
-18.6813 -18.6776 -18.6739 -18.6702 -18.6622 -18.513 -18.4779 -18.2658 -18.0545 -17.8141
-17.6568 -17.446 -17.2357 -17.026 -16.7808 -16.7736 -16.7444 -16.7152 -16.6861 -16.658
-16.4707 -16.2848 -16.1047 -15.9251 -15.6854 -15.5573 -15.3959 -15.2456 -15.0959 -14.8886
-14.8434 -14.7544 -14.6091 -14.428 -14.1367 -14.2013 -14.076 -13.9516 -13.7996 -13.4426
-13.5552 -13.4044 -13.269 -13.1334 -12.9953 -12.9683 -12.9414 -12.9145 -12.8876 -12.8432
-12.7125 -12.5713 -12.4313 -12.267 -12.0472 -11.9705 -11.848 -11.6952 -11.4009 -11.0761
-11.1136 -11.1513 -10.9935 -10.6628 -10.3295 -10.4223 -10.4586 -10.3147 -10.0325 -9.60402
-9.82596 -9.74253 -9.62945 -9.44768 -9.04505 -8.96692 -8.86249 -8.77282 -8.69517 -8.60692
-8.5909 -8.5749 -8.55892 -8.54296 -8.38926 -8.01998 -7.81025 -7.5798 -7.3489 -7.19843
-7.4415 -7.32286 -7.205 -7.08783 -6.64217 -6.60121 -6.59094 -6.58064 -6.57031 -6.56011
-6.44007 -6.31893 -6.1967 -6.07337 -5.50915 -5.91105 -5.80832 -5.33153 -4.85937 -4.20382
-4.18938 -4.17303 -4.15667 -4.14031 -4.12399 -3.51944 -2.96659 -2.43283 -1.91714 -1.66677
-1.55078 -1.48807 -1.42507 -1.3602 -1.35897 -1.23196 -1.17165 -1.11112 -1.0499 -1.07508
-0.951318 -0.868952 -0.786397 -0.719014 -0.737374 -0.558242 -0.353875 -0.149464 -0.0484309 -0.00612481
59.5755 59.5755 59.5755 59.5756 59.5756 59.5756 59.5855 59.5953 59.6052 59.615
59.6249 59.9846 60.3434 60.7018 61.1227 61.59 61.8792 62.1292 62.3681 62.6055
62.8044 62.8611 62.8651 62.8672 62.8586 62.7303 62.4663 62.0851 61.7208 61.3561
60.733 60.0843 59.2421 58.3991 57.5731 56.5426 55.5016 54.4076 53.2846 52.1634
50.9211 49.674 48.459 47.2626 46.0937 44.8146 43.6979 42.6795 41.6532 40.6244
39.4781 38.8392 38.5154 38.2129 37.8983 37.6555 37.3092 36.9535 36.5885 36.1667
35.5892 34.3073 33.2111 32.1128 31.3981 30.4304 28.7167 27.0264 25.6133 24.1862
23.0625 22.6393 22.2149 21.813 21.4178 21.0521 20.9202 20.7882 20.6561 20.5164
20.3716 18.3804 16.3278 14.2009 12.2486 10.1773 9.54353 8.90966 8.29879 7.68989
7.12651 6.43893 5.86331 4.94863 3.97208 2.87766 2.42542 1.9728 1.51982 0.710348
0.165125 -1.12068 -2.40828 -3.34385 -3.94991 -4.52883 -4.66773 -4.80635 -5.13788 -5.48142
-5.87845 -7.07006 -8.25916 -9.44891 -10.7475 -11.9741 -12.84 -13.8786 -14.7583 -15.8506
-16.9789 -17.2224 -17.4655 -17.7082 -18.0578 -18.4094 -20.9047 -23.4005 -24.4189 -23.9931
-23.5782 -24.0004 -24.4033 -24.7129 -25.0213 -25.3553 -25.7109 -26.0633 -26.4126 -27.2833
-28.2508 -29.1934 -30.3619 -31.4986 -32.6399 -33.86 -34.243 -34.6077 -34.9449 -35.281
-35.6398 -36.3326 -37.02 -37.7021 -38.4055 -39.0252 -40.361 -41.2833 -41.9643 -42.2358
-42.2267 -42.6103 -43.0684 -43.5085 -43.8894 -44.3379 -44.654 -45.0787 -45.4916 -45.9801
-46.7694 -46.6334 -46.6507 -46.9599 -47.4474 -48.3009 -48.4274 -48.7253 -49.0225 -49.319
-49.6426 -49.659 -49.6856 -49.7128 -49.7478 -49.7825 -49.846 -49.9094 -49.9794 -50.0618
-50.1484 -50.335 -50.5214 -50.7074 -50.8931 -51.2309 -51.6375 -51.8339 -52.0284 -52.0856
-51.9444 -51.9112 -51.8755 -51.9005 -52.0059 -52.1115 -52.3103 -52.3808 -52.344 -52.3042
-52.1295 -52.1252 -52.1209 -52.1405 -52.1723 -52.203 -52.2357 -52.2681 -52.3001 -52.3317
-52.3518 -52.4926 -52.485 -52.478 -52.4717 -52.498 -52.5124 -52.5269 -52.5414 -52.5558
-52.5666 -52.7569 -52.9392 -53.1489 -53.4503 -53.6789 -53.9465 -54.4489 -54.9701 -55.4927
-56.0052 -56.1572 -56.7713 -57.091 -57.2718 -57.5881 -57.4854 -57.4229 -57.3619 -57.311
-57.4157 -57.5019 -57.5105 -57.3105 -57.1116 -57.1234 -56.6209 -56.1834 -55.7499 -55.3886
-54.8858 -54.3002 -53.7212 -53.2626 -52.8035 -52.3553 -51.5819 -50.8282 -50.2539 -49.9024
-49.656 -48.7766 -48.0177 -47.3708 -46.7302 -46.2551 -45.6319 -45.1465 -44.6638 -44.1837
-43.6091 -43.4034 -43.1986 -42.9947 -42.7917 -42.646 -41.9652 -41.1325 -40.4128 -39.6973
-39.223 -38.3116 -37.5551 -36.8002 -36.0997 -35.5969 -34.8019 -34.0271 -33.2537 -32.5449
-32.0065 -31.0412 -30.0747 -29.1678 -28.4184 -27.6665 -26.8186 -25.971 -25.1952 -24.6358
-24.0785 -23.5039 -22.967 -22.5361 -22.184 -21.841 -21.4662 -21.1328 -20.8405 -20.5409
-20.218 -19.9487 -19.7252 -19.5019 -19.2803 -19.0773 -18.9117 -18.7911 -18.6749 -18.5594
-18.4589 -18.4169 -18.3748 -18.3328 -18.2907 -18.2592 -18.1484 -18.0452 -17.9422 -17.8213
-17.6907 -17.6076 -17.4867 -17.3755 -17.2775 -17.194 -17.0027 -16.8137 -16.6472 -16.4694
-16.2902 -16.1012 -15.9124 -15.7147 -15.5641 -15.4152 -15.1565 -14.9562 -14.7681 -14.5625
-14.37 -14.2509 -14.129 -14.0073 -13.899 -13.8028 -13.7309 -13.6591 -13.5874 -13.5157
-13.4429 -13.2713 -13.1056 -12.9405 -12.7829 -12.656 -12.4941 -12.375 -12.248 -12.1218
-11.9994 -11.9799 -11.9626 -11.9453 -11.928 -11.9117 -11.8271 -11.7514 -11.6821 -11.6134
-11.5465 -11.4726 -11.4341 -11.3999 -11.3603 -11.3245 -11.3125 -11.3126 -11.3127 -11.3129
-11.313 -11.298 -11.2835 -11.2812 -11.2792 -11.3136 -11.3105 -11.331 -11.3694 -11.4082
-11.4754 -11.4991 -11.531 -11.5635 -11.5961 -11.6269 -11.6725 -11.7187 -11.7651 -11.8117
-11.8604 -11.9412 -12.0394 -12.1539 -12.259 -12.3999 -12.49 -12.6133 -12.7368 -12.8651
-12.997 -13.0077 -13.019 -13.0303 -13.0416 -13.0531 -13.1417 -13.2258 -13.3103 -13.3958
-13.4798 -13.5172 -13.5545 -13.5919 -13.629 -13.6646 -13.8167 -13.9772 -14.1386 -14.298
-14.432 -14.6131 -14.788 -14.9599 -15.1403 -15.3162 -15.4488 -15.5975 -15.7581 -15.9204
-16.08 -16.1149 -16.1498 -16.1848 -16.2184 -16.2471 -16.5221 -16.7686 -17.0134 -17.1763
-17.243 -17.4489 -17.6573 -17.8693 -18.0995 -18.3288 -18.6337 -18.8264 -18.9883 -19.1536
-19.323 -19.3401 -19.3571 -19.3742 -19.3917 -19.4109 -19.8022 -20.1866 -20.5619 -20.9231
-21.2716 -21.6254 -21.9637 -22.2298 -22.4589 -22.6795 -22.9629 -23.1267 -23.2847 -23.4439
-23.5679 -23.6257 -23.6523 -23.6753 -23.6984 -23.7221 -23.7636 -23.8365 -23.9487 -24.0571
-24.2004 -24.2314 -24.2874 -24.3404 -24.3936 -24.4548 -24.4216 -24.4097 -24.3977 -24.3858
-24.3718 -24.3607 -24.3497 -24.3387 -24.3277 -24.3184 -24.2681 -24.2132 -24.1584 -24.1038
-24.0352 -24.0259 -24.0155 -24.003 -23.9904 -23.9778 -23.6985 -23.4214 -23.1457 -22.872
-22.5987 -22.2073 -21.8297 -21.599 -21.3434 -21.0825 -20.8744 -20.6802 -20.4867 -20.1625
-19.943 -19.7556 -19.6309 -19.5063 -19.3818 -19.3217 -19.2685 -19.2153 -19.1622 -19.1093
-19.0484 -19.0375 -18.9964 -18.9553 -18.911 -18.8617 -18.6238 -18.3803 -18.1382 -17.8973
-17.669 -17.4606 -17.2017 -16.9381 -16.6755 -16.4063 -16.1813 -15.9726 -15.7555 -15.5326
-15.2426 -15.1495 -14.9644 -14.7799 -14.5977 -14.374 -14.323 -14.1537 -13.9855 -13.8176
-13.6524 -13.6181 -13.5837 -13.5494 -13.5151 -13.4806 -13.3019 -13.1349 -12.969 -12.7941
-12.5913 -12.4818 -12.3574 -12.2391 -12.0469 -11.8348 -11.7604 -11.686 -11.5438 -11.3385
-11.1309 -11.068 -10.992 -10.8291 -10.5855 -10.2919 -10.3589 -10.2544 -10.1125 -9.96402
-9.69127 -9.70553 -9.58198 -9.47185 -9.36332 -9.23306 -9.23263 -9.23219 -9.23176 -9.23133
-9.23065 -9.17038 -9.11096 -9.05296 -8.99516 -8.91815 -9.1144 -9.01004 -8.834 -8.65878
-8.20199 -8.0864 -8.06397 -8.04144 -7.93712 -7.81592 -7.69637 -7.57719 -7.45836 -7.33985
-7.18964 -7.37008 -7.25554 -7.1408 -7.02588 -6.5332 -6.74125 -6.62691 -6.51114 -6.32639
-5.68383 -6.35721 -5.88112 -5.4122 -4.95027 -4.29138 -4.23921 -4.1812 -4.12318 -4.06516
-4.00798 -3.43312 -2.92613 -2.43532 -1.95987 -1.71062 -1.60207 -1.53922 -1.47613 -1.41155
-1.40316 -1.28333 -1.22285 -1.16216 -1.10092 -1.11857 -0.9982 -0.915694 -0.832997 -0.760554
-0.77329 -0.59246 -0.388038 -0.183572 -0.0467446 -0.00277669 60.8433 60.8434 60.8434 60.8434
60.8435 60.8435 60.8542 60.8648 60.8755 60.8862 60.8972 61.3905 61.9049 62.4185
62.9313 63.4204 63.7209 63.9904 64.2588 64.5259 64.7421 64.808 64.7804 64.7516
64.7118 64.5419 64.1849 63.6664 63.1455 62.622 62.0108 61.1413 60.1391 59.1266
58.1151 57.0363 55.6659 54.2755 52.893 51.6013 50.2559 48.7388 47.2289 45.7216
44.1876 42.5602 41.0311 39.5586 38.0839 36.5879 35.687 35.5359 35.3847 35.2335
35.078 34.911 33.4443 32.0535 30.6474 29.3576 28.0625 26.406 24.767 23.5543
22.2003 20.765 20.6022 20.4356 20.2552 20.0746 19.8991 19.1318 18.3602 17.7478
17.1778 16.704 16.0333 15.2341 14.3895 13.6758 12.9695 11.8623 10.7526 9.45945
8.22603 7.19102 6.6509 6.11066 5.55592 4.86543 4.16001 3.66429 3.15985 2.61358
2.06821 1.48139 0.0882641 -1.84259 -3.74313 -5.79794 -7.78851 -7.8028 -7.81709 -7.82756
-7.83743 -7.84729 -10.7871 -13.7075 -16.7633 -19.1913 -21.2959 -22.6618 -24.0119 -24.7452
-25.4343 -26.1335 -27.1584 -28.3574 -29.7292 -31.083 -32.4523 -32.619 -33.2687 -33.9118
-34.5481 -35.4504 -36.0744 -36.6475 -37.2198 -37.892 -38.5416 -39.1488 -39.7023 -40.2554
-40.808 -43.995 -44.4195 -44.8166 -45.1577 -45.4971 -45.889 -47.0103 -48.0747 -49.0574
-49.8895 -50.683 -50.5694 -50.8881 -51.4836 -52.0718 -52.5963 -52.6435 -52.6905 -52.7373
-52.7699 -52.7701 -53.4241 -53.9715 -54.4893 -54.6079 -54.2596 -54.6233 -55.0082 -55.4287
-55.8121 -56.1873 -56.8109 -57.0024 -57.0797 -57.1587 -57.1153 -57.1278 -57.1625 -57.1977
-57.2329 -57.2692 -57.4228 -57.5481 -57.5579 -57.4962 -57.6524 -57.3025 -57.1749 -56.9493
-56.8748 -56.775 -56.7372 -56.7294 -56.7215 -56.7137 -56.7059 -56.6873 -56.6534 -56.6102
-56.5201 -56.5335 -56.6072 -56.672 -56.6964 -56.7801 -56.9059 -57.1308 -57.19 -57.3089
-57.4786 -57.6801 -57.7412 -57.7861 -57.8318 -57.8783 -57.9333 -57.9778 -58.0225 -58.0676
-58.1023 -58.1407 -58.1021 -58.0619 -58.0256 -57.99 -57.9553 -57.9119 -57.8692 -57.8271
-57.7857 -57.7729 -57.3548 -57.1197 -56.8973 -56.6249 -56.4535 -55.9119 -55.3937 -55.0916
-54.8134 -54.5931 -53.9517 -53.4775 -52.8554 -52.286 -52.003 -51.3964 -51.177 -50.8242
-50.3803 -49.9037 -49.6204 -49.3245 -49.0294 -48.7352 -48.5972 -47.7198 -46.928 -46.1461
-45.3804 -44.6915 -43.7687 -42.8186 -41.8772 -41.3071 -40.774 -39.6534 -38.5049 -37.6233
-36.9003 -36.1801 -35.1973 -34.3421 -33.6045 -32.8316 -32.1389 -31.2131 -30.409 -29.6792
-29.0367 -28.4006 -28.2492 -28.1432 -28.0373 -27.9313 -27.8269 -27.3538 -26.8667 -26.2941
-25.7212 -25.3347 -24.7402 -24.2193 -23.7303 -23.3145 -22.9926 -22.5472 -22.1069 -21.7519
-21.6052 -21.4447 -21.0093 -20.5733 -20.3503 -20.1933 -20.0424 -19.7719 -19.5861 -19.4334
-19.2811 -19.1936 -19.0611 -19.0001 -18.9391 -18.8783 -18.8208 -18.7379 -18.655 -18.5754
-18.4963 -18.4775 -18.2921 -18.1437 -17.9964 -17.8536 -17.7223 -17.566 -17.4028 -17.2472
-17.1075 -16.99 -16.8178 -16.683 -16.5486 -16.4147 -16.3093 -16.2805 -16.2518 -16.2231
-16.1945 -16.1745 -16.04 -15.9225 -15.8052 -15.686 -15.5691 -15.5286 -15.4882 -15.4478
-15.4074 -15.388 -15.208 -15.0416 -14.876 -14.716 -14.5621 -14.4292 -14.3007 -14.1628
-14.0972 -14.018 -13.825 -13.6512 -13.5532 -13.4492 -13.3422 -13.2714 -13.2048 -13.1406
-13.0771 -13.0141 -12.9989 -12.9837 -12.9686 -12.9534 -12.9368 -12.9189 -12.8999 -12.8809
-12.862 -12.8442 -12.7976 -12.7514 -12.7058 -12.6707 -12.6121 -12.6364 -12.6391 -12.6231
-12.6019 -12.5796 -12.5834 -12.5854 -12.6024 -12.6071 -12.6023 -12.6976 -12.7495 -12.7944
-12.8395 -12.8818 -12.8957 -12.9096 -12.9235 -12.9362 -12.9435 -12.9479 -12.9676 -12.9873
-13.0069 -13.0274 -13.0856 -13.1443 -13.2034 -13.2793 -13.3586 -13.5151 -13.6283 -13.7447
-13.8545 -13.9318 -14.1003 -14.2277 -14.3401 -14.4524 -14.56 -14.5808 -14.6017 -14.6225
-14.6393 -14.6434 -14.9944 -15.314 -15.6653 -15.9992 -16.1925 -16.5341 -16.8431 -17.1378
-17.4433 -17.8172 -17.9811 -18.1671 -18.3439 -18.4798 -18.6273 -18.7585 -18.89 -19.0218
-19.1539 -19.3043 -19.3367 -19.3692 -19.4022 -19.4359 -19.461 -19.788 -20.1156 -20.4445
-20.7748 -21.142 -21.3074 -21.6117 -21.8169 -21.9673 -22.3076 -22.4476 -22.6363 -22.845
-23.0549 -23.2653 -23.2847 -23.304 -23.3234 -23.3428 -23.362 -23.5169 -23.6551 -23.7774
-23.8676 -23.9571 -23.8571 -23.7569 -23.6221 -23.4807 -23.3705 -23.1686 -22.9379 -22.7086
-22.4806 -22.2644 -22.1744 -22.109 -22.0332 -21.9568 -21.8808 -21.619 -21.3526 -21.0809
-20.8314 -20.7147 -20.4631 -20.1204 -19.7805 -19.5048 -19.2792 -19.0849 -18.8749 -18.6298
-18.3298 -18.0159 -17.9168 -17.796 -17.6753 -17.5566 -17.4948 -17.3783 -17.2622 -17.1465
-17.0312 -16.857 -16.7265 -16.5683 -16.4095 -16.2234 -16.0259 -15.932 -15.8383 -15.7447
-15.6492 -15.559 -15.2851 -15.0031 -14.7283 -14.4545 -14.2765 -13.9901 -13.7577 -13.5264
-13.2987 -13.0407 -12.9131 -12.7271 -12.5199 -12.3336 -12.1506 -11.9531 -11.7502 -11.554
-11.3645 -11.1863 -11.1008 -10.9347 -10.7719 -10.6153 -10.4467 -10.3941 -10.3069 -10.2205
-10.1349 -10.0444 -9.98726 -9.93027 -9.87348 -9.8169 -9.80164 -9.63589 -9.50931 -9.37784
-9.24907 -9.11257 -8.95379 -8.84475 -8.73854 -8.67342 -8.73014 -8.62309 -8.51214 -8.4374
-8.36395 -8.25853 -8.27148 -8.20771 -8.14503 -8.21608 -8.3303 -8.34696 -8.36363 -8.38032
-8.39701 -8.40773 -8.28129 -8.13265 -8.02657 -7.94988 -7.59556 -7.45979 -7.35954 -7.26151
-7.124 -6.74792 -6.94529 -6.83487 -6.72215 -6.60799 -6.23303 -6.41404 -6.22282 -6.02721
-5.94128 -5.82312 -6.01112 -5.75527 -5.49724 -5.27285 -5.0586 -4.8748 -4.69293 -4.51293
-4.33476 -4.34939 -3.69114 -3.05218 -2.49388 -1.96182 -1.73266 -1.6069 -1.54363 -1.48009
-1.41563 -1.42503 -1.28528 -1.22412 -1.16272 -1.10093 -1.14097 -1.00892 -0.925846 -0.842571
-0.763037 -0.79619 -0.62172 -0.417296 -0.212829 -0.0268942 0.00918235 62.518 62.518 62.518
62.5181 62.5181 62.5181 62.5288 62.5395 62.5502 62.5609 62.5719 63.054 63.5351
64.0156 64.4925 64.9496 65.2785 65.5926 65.9054 66.2169 66.5091 66.4614 66.3866
66.31 66.2317 66.1571 65.6387 65.0218 64.4036 63.7842 63.1167 61.9986 60.8068
59.6139 58.4912 57.3459 55.866 54.3424 52.7832 51.2019 49.5719 49.3048 49.0275
48.7503 48.4731 48.2855 46.7241 45.2269 43.737 42.2543 40.6145 40.0075 39.4487
38.9088 38.3699 37.8969 36.6027 35.3114 34.0234 32.7145 31.3292 29.4063 27.5573
25.882 24.3255 22.5833 21.8239 21.0824 20.3899 19.6982 19.0778 18.1354 17.1931
16.3192 15.4193 14.4586 14.3737 14.2871 14.1972 14.1074 14.0189 12.4879 10.9571
9.43095 7.82669 6.0307 6.0145 5.99829 5.9821 5.96605 5.94999 4.28917 2.63297
1.15102 -0.642526 -2.67831 -2.99086 -3.30326 -3.61551 -3.9019 -4.17844 -4.843 -5.5066
-6.3963 -7.33582 -8.24961 -9.90903 -11.562 -13.5165 -15.6009 -17.4601 -19.1487 -20.8324
-22.3787 -23.908 -25.5019 -26.3008 -27.0981 -27.8986 -28.7946 -29.6535 -31.257 -33.051
-34.9152 -37.5363 -42.2485 -42.896 -43.4743 -44.1791 -44.8838 -45.5925 -45.3075 -45.6253
-45.9425 -46.2591 -47.4725 -47.4725 -47.4725 -47.4725 -47.4725 -47.4725 -48.4161 -49.354
-50.1455 -50.8358 -51.4903 -52.7505 -53.9929 -55.2329 -56.5568 -57.8553 -59.1362 -59.8929
-60.4051 -60.9193 -61.3832 -61.4453 -61.4528 -61.4392 -61.4255 -61.4117 -61.3643 -61.319
-61.2803 -61.3699 -61.7079 -61.6296 -61.7077 -61.7114 -61.7697 -61.8581 -61.8083 -61.7636
-61.7713 -61.766 -61.7568 -61.5233 -61.4107 -61.3285 -61.2468 -61.1274 -61.0046 -60.9362
-60.8897 -60.8433 -60.7921 -60.7771 -60.762 -60.7462 -60.7281 -60.7104 -60.6594 -60.6082
-60.5568 -60.5052 -60.5353 -60.42 -60.328 -60.2371 -60.2025 -60.2667 -60.2463 -60.2552
-60.2781 -60.4067 -60.5309 -60.423 -60.3462 -60.3578 -60.4254 -60.4509 -60.4397 -60.4637
-60.4897 -60.473 -60.4319 -60.363 -60.2944 -60.2261 -60.1594 -60.1236 -59.9123 -59.7189
-59.5352 -59.2985 -59.2123 -58.8034 -58.42 -58.063 -57.7417 -57.4337 -57.0568 -56.6222
-56.1601 -55.7015 -55.0754 -55.0658 -55.0563 -55.0468 -55.0373 -55.0282 -54.7501 -54.473
-54.1966 -53.922 -53.6486 -53.2659 -52.8873 -52.5132 -52.1403 -51.8287 -50.9245 -50.0611
-49.2011 -48.3443 -47.5886 -46.5959 -45.5679 -44.6135 -43.7448 -43.0459 -41.9314 -40.984
-40.0378 -39.0784 -38.3334 -37.5414 -36.9031 -36.2342 -35.5656 -34.9114 -34.7383 -34.5652
-34.3921 -34.219 -34.0982 -33.3041 -32.5145 -31.7248 -30.979 -30.4198 -29.7362 -29.0862
-28.4358 -27.8994 -27.4818 -26.8751 -26.2924 -25.8184 -25.4228 -25.05 -24.6033 -24.2277
-23.8763 -23.5626 -23.2783 -23.1326 -23.0434 -22.9543 -22.8652 -22.7792 -22.5924 -22.3969
-22.2015 -22.0064 -21.9404 -21.6181 -21.3792 -21.143 -20.9542 -20.8007 -20.5833 -20.3693
-20.1921 -20.0949 -20.0302 -19.739 -19.5424 -19.4018 -19.2693 -19.1437 -19.0716 -19.0119
-18.9541 -18.8963 -18.8397 -18.7471 -18.6547 -18.5624 -18.4702 -18.3777 -18.3306 -18.2811
-18.2318 -18.1825 -18.1364 -18.0213 -17.9066 -17.7982 -17.7023 -17.5844 -17.4527 -17.3072
-17.161 -17.0118 -16.8979 -16.7097 -16.5541 -16.4098 -16.2667 -16.1161 -16.0984 -16.0742
-16.0497 -16.0254 -16.0009 -15.8842 -15.7684 -15.6535 -15.538 -15.3856 -15.2973 -15.1758
-15.0348 -14.9162 -14.8195 -14.7522 -14.7039 -14.6559 -14.6081 -14.5645 -14.5107 -14.4548
-14.3932 -14.3319 -14.267 -14.0137 -13.9744 -13.9657 -13.9578 -13.9734 -13.9659 -13.9652
-13.9644 -13.9637 -13.963 -13.9383 -13.9145 -13.8279 -13.7416 -13.6654 -13.5731 -13.6454
-13.7541 -13.845 -13.9347 -13.9341 -13.9343 -13.9348 -13.9352 -13.9356 -14.0847 -14.1948
-14.4135 -14.7223 -15.0374 -15.2517 -15.4685 -15.6857 -15.8743 -16.0709 -16.3799 -16.6548
-16.916 -17.1662 -17.4107 -17.419 -17.4272 -17.4354 -17.4436 -17.4518 -17.6402 -17.8678
-18.107 -18.4422 -18.9499 -19.1459 -19.5498 -19.8571 -20.0794 -20.3973 -20.595 -20.8699
-21.1454 -21.4216 -21.805 -21.8139 -21.8197 -21.8254 -21.8312 -21.8372 -21.8538 -21.8705
-21.8871 -21.9011 -21.9123 -22.2568 -22.6053 -22.8534 -23.2563 -23.6528 -23.6596 -23.6792
-23.7629 -23.9045 -24.006 -23.9133 -23.7838 -23.656 -23.5297 -23.4265 -23.3829 -23.3436
-23.3046 -23.2656 -23.2264 -22.936 -22.6776 -22.4216 -22.1618 -21.8414 -21.4684 -21.1221
-20.7692 -20.4205 -20.3933 -20.3312 -20.2693 -20.2076 -20.146 -20.0788 -19.7808 -19.4798
-19.2702 -19.08 -18.7605 -18.6614 -18.4872 -18.3148 -18.1441 -17.8355 -17.7227 -17.6
-17.4816 -17.3636 -17.2452 -17.0894 -16.934 -16.779 -16.6244 -16.5567 -16.2005 -15.8949
-15.5909 -15.3065 -15.0323 -14.817 -14.5863 -14.3237 -14.1256 -13.9873 -13.711 -13.4466
-13.2347 -12.9931 -12.7475 -12.6326 -12.4753 -12.2587 -12.0656 -11.8799 -11.6799 -11.5182
-11.3533 -11.1733 -11.0032 -10.9269 -10.8169 -10.71 -10.6065 -10.4854 -10.4525 -10.4197
-10.387 -10.3545 -10.3256 -10.1871 -10.0577 -9.93052 -9.8065 -9.7928 -9.5876 -9.4743
-9.3615 -9.25038 -9.13496 -9.02948 -8.95221 -8.87616 -8.82009 -8.83462 -8.83514 -8.83567
-8.8362 -8.83674 -8.83853 -8.71863 -8.62741 -8.5794 -8.53267 -8.35952 -8.43729 -8.40309
-8.37017 -8.53265 -8.5807 -8.81663 -8.76012 -8.68603 -8.37243 -7.75766 -7.58469 -7.51014
-7.43735 -7.30731 -6.87573 -7.15704 -7.08864 -6.99526 -6.90041 -6.39447 -6.81203 -6.64488
-6.47337 -6.56927 -5.97078 -6.87665 -6.41819 -6.01981 -5.6314 -4.45772 -4.14909 -3.81766
-3.48593 -3.1539 -2.92482 -2.68283 -2.44463 -2.21014 -1.97925 -1.81792 -1.7408 -1.67787
-1.61468 -1.55095 -1.51149 -1.42407 -1.36359 -1.3029 -1.24193 -1.22465 -1.121 -1.03846
-0.955728 -0.873771 -0.858088 -0.668556 -0.463985 -0.259369 -0.0547082 -0.00105557 63.0848 63.0848
63.0849 63.0849 63.0849 63.085 63.0973 63.1096 63.122 63.1343 63.1467 63.639
64.2916 64.9437 65.5954 66.1921 66.6036 66.9635 67.3227 67.6811 67.9166 67.9917
67.903 67.8141 67.7032 67.4047 66.9983 66.2592 65.5172 64.7943 63.9207 62.8419
61.5468 60.2012 58.8565 57.4014 55.726 53.9251 52.2057 50.5089 49.5569 49.3975
49.2382 49.079 48.92 48.7397 47.0193 45.3036 43.5963 41.88 40.7984 40.4043
39.9915 39.5608 39.1237 38.6679 36.5496 34.516 32.4914 30.4411 28.1312 26.2736
24.4573 22.7302 21.0404 19.7527 19.423 19.0936 18.7645 18.4444 18.116 17.1737
16.2454 15.3383 14.4493 13.6924 12.6578 11.6245 10.5926 9.56311 8.45226 7.85074
7.2496 6.59144 5.92755 5.29475 3.87441 2.47149 1.08029 -0.451494 -2.06285 -2.96904
-3.89522 -4.86824 -5.83883 -6.90821 -7.28678 -7.66498 -8.04282 -8.41965 -8.79133 -9.75236
-10.7112 -11.6844 -12.7152 -13.7189 -15.7473 -17.76 -20.103 -22.5429 -24.9974 -25.2719
-25.5461 -25.823 -26.1248 -26.4226 -28.8452 -31.3064 -33.7672 -36.1121 -38.1859 -39.0601
-39.9484 -41.0162 -42.0799 -43.2225 -44.5811 -46.0073 -47.5391 -48.6241 -49.9727 -52.2213
-54.0814 -55.1754 -56.2719 -57.2415 -57.58 -57.9195 -58.2798 -58.6398 -59.0498 -59.5083
-59.967 -60.4257 -60.9786 -61.6549 -62.0853 -62.5568 -63.0157 -63.4115 -63.8404 -63.8927
-63.9655 -64.1072 -64.3975 -64.91 -64.6553 -64.7195 -64.7904 -64.8607 -64.9381 -64.967
-64.9957 -65.024 -65.0521 -65.1084 -65.0785 -65.0768 -65.0548 -65.0048 -64.9057 -64.878
-64.8273 -64.7765 -64.7256 -64.6767 -64.5573 -64.4373 -64.3489 -64.2611 -64.1862 -64.0486
-63.8934 -63.7336 -63.6594 -63.6288 -63.5139 -63.4326 -63.3735 -63.2656 -63.1697 -63.1837
-63.1272 -63.0915 -63.0561 -63.0469 -63.0335 -63.0198 -63.0061 -62.9926 -62.9792 -62.9677
-62.9552 -62.9409 -62.9266 -62.9119 -62.8737 -62.8357 -62.7979 -62.7547 -62.6945 -62.5078
-62.3764 -62.2607 -62.1466 -62.0082 -61.7119 -61.4701 -61.1976 -60.9147 -60.6165 -60.113
-59.7281 -59.355 -58.9127 -58.4493 -58.4317 -58.4137 -58.3958 -58.3778 -58.3598 -57.7167
-57.0768 -56.46 -55.843 -55.1421 -54.3067 -53.451 -52.5944 -51.9054 -51.2184 -50.0778
-48.9412 -48.0343 -47.1448 -46.2313 -45.1744 -44.3429 -43.5 -42.4688 -41.4597 -41.4487
-41.4377 -41.4267 -41.4156 -41.4083 -40.3472 -39.3081 -38.4696 -37.6312 -36.9276 -35.9735
-35.0846 -34.3346 -33.7139 -33.1276 -32.2819 -31.5832 -30.9997 -30.4105 -29.8818 -29.2013
-28.7137 -28.2533 -27.7934 -27.3486 -27.27 -27.2224 -27.1747 -27.1271 -27.0799 -26.7184
-26.3572 -25.9963 -25.6508 -25.4027 -25.05 -24.7519 -24.4397 -24.1284 -23.8218 -23.7649
-23.7092 -23.6535 -23.5979 -23.5454 -23.3243 -23.1295 -22.955 -22.7811 -22.5877 -22.3922
-22.19 -21.9866 -21.7793 -21.5703 -21.5511 -21.5363 -21.5215 -21.5068 -21.4922 -21.3126
-21.1315 -20.951 -20.7762 -20.7143 -20.4788 -20.2589 -20.07 -19.8921 -19.7133 -19.5492
-19.3857 -19.2289 -19.0975 -18.9925 -18.7822 -18.6501 -18.5237 -18.398 -18.2766 -18.2423
-18.208 -18.1738 -18.1403 -18.116 -17.9548 -17.8026 -17.6455 -17.4897 -17.3318 -17.3183
-17.299 -17.2798 -17.2606 -17.2418 -17.1361 -17.0319 -16.9435 -16.8638 -16.5503 -16.4799
-16.3722 -16.2378 -16.1217 -16.0566 -16.0255 -15.9126 -15.7993 -15.6864 -15.578 -15.5278
-15.4778 -15.428 -15.3785 -15.326 -15.0973 -14.9908 -14.9615 -14.9665 -15.0488 -15.0246
-14.9985 -14.9723 -14.9462 -14.9213 -14.9052 -14.9016 -15.1511 -15.35 -15.4283 -15.4639
-15.4813 -15.5005 -15.5359 -15.5969 -15.6754 -15.7546 -15.9155 -16.0916 -16.2459 -16.4678
-16.7032 -16.944 -17.1492 -17.3375 -17.4523 -17.5525 -17.6486 -17.7451 -17.8321 -17.9387
-18.0461 -18.1545 -18.2969 -18.5428 -18.5749 -18.6804 -18.8976 -19.436 -19.9849 -20.0899
-20.2504 -20.5403 -20.8309 -21.2967 -21.3182 -21.4242 -21.5577 -21.6915 -21.8238 -22.1091
-22.3958 -22.6744 -22.8402 -22.6819 -23.5989 -23.8978 -24.1166 -24.4747 -24.2747 -24.7548
-24.7551 -24.7602 -24.8876 -24.5423 -24.7519 -24.6232 -24.4977 -24.2067 -23.9081 -23.9052
-23.9023 -23.8995 -23.8965 -23.8917 -23.6166 -23.3422 -23.0413 -22.733 -21.941 -21.944
-21.6187 -21.2799 -20.9454 -20.487 -20.3456 -20.0508 -19.8584 -19.6617 -18.9722 -19.0645
-18.8854 -18.6507 -18.404 -18.0437 -17.9318 -17.8029 -17.6745 -17.5575 -17.4396 -17.2953
-17.1514 -17.0079 -16.8648 -16.7979 -16.4608 -16.1683 -15.8771 -15.5795 -15.3045 -15.0885
-14.8518 -14.5891 -14.4324 -14.3029 -14.0352 -13.7669 -13.5165 -13.2724 -13.028 -12.9146
-12.7978 -12.6095 -12.4273 -12.2509 -12.0598 -11.8919 -11.7395 -11.5836 -11.4297 -11.3582
-11.225 -11.0944 -10.9658 -10.8235 -10.749 -10.6372 -10.5272 -10.4192 -10.2885 -10.2847
-10.281 -10.2773 -10.2735 -10.272 -10.2379 -10.2048 -10.1717 -10.1383 -10.1055 -10.0385
-9.97238 -9.90704 -9.84251 -9.7174 -9.67245 -9.58978 -9.50834 -9.42811 -9.43475 -9.34726
-9.29581 -9.2451 -9.19511 -8.92709 -9.08496 -9.04725 -9.0102 -8.95793 -9.00053 -9.23574
-9.24801 -9.16571 -8.93312 -8.32606 -8.15653 -8.06011 -7.99959 -7.677 -7.25129 -7.53823
-7.6904 -7.6143 -7.28185 -6.74757 -7.28846 -7.44505 -7.3452 -7.09315 -6.08939 -8.00386
-8.16984 -7.80026 -7.10202 -4.42256 -3.91896 -3.33799 -2.75625 -2.27134 -1.78834 -1.84995
-1.7861 -1.72239 -1.6587 -1.52154 -1.50735 -1.45166 -1.39595 -1.3402 -1.26679 -1.21528
-1.13431 -1.05339 -0.972504 -0.908317 -0.901183 -0.893513 -0.885844 -0.878174 -0.870657 -0.673674
-0.476648 -0.27958 -0.0824681 -0.0131679 64.2534 64.2534 64.2534 64.2535 64.2535 64.2535
64.2659 64.2783 64.2906 64.303 64.3158 64.8809 65.4451 66.0088 66.624 67.2371
67.6521 68.012 68.3698 68.7271 68.9511 69.0247 68.8977 68.7713 68.6541 68.2777
67.9659 67.1669 66.3184 65.4668 64.2908 63.1639 61.6303 60.1134 58.6872 57.0791
55.9524 54.7227 53.4953 52.2705 51.6594 50.853 50.0488 49.2342 48.4145 47.4592
46.649 45.8092 44.9415 44.0747 43.3468 41.98 40.6208 39.2698 37.8385 36.1948
33.8606 31.5468 29.2741 26.973 24.3518 23.6914 23.0414 22.46 21.88 21.3099
19.9441 18.5835 17.285 15.9909 14.8541 14.4431 14.0326 13.6225 13.2095 12.7844
11.1069 9.52152 7.80481 6.09645 4.58499 3.86665 3.14919 2.43189 1.7121 0.974024
-1.111 -3.28059 -5.49176 -7.69356 -10.3261 -10.3975 -10.469 -10.5404 -10.6131 -10.6861
-10.8048 -10.9234 -11.0442 -11.1676 -11.2903 -13.8201 -16.3173 -18.7957 -21.3305 -23.7182
-24.2419 -24.7645 -25.3408 -25.9256 -26.5194 -28.3853 -30.2376 -32.0914 -33.9418 -35.6402
-37.2592 -38.8695 -40.2608 -41.6424 -43.1838 -43.8048 -44.4447 -45.083 -45.6338 -46.1564
-48.0372 -49.7737 -51.6394 -53.5055 -55.4382 -56.4757 -57.3793 -58.0763 -58.7723 -59.5962
-60.059 -60.5208 -60.9813 -61.4149 -61.8128 -62.679 -63.5371 -64.3873 -65.0294 -65.6438
-66.1169 -66.5396 -66.7643 -67.1646 -67.5711 -67.4572 -67.5658 -67.6958 -67.8243 -67.9227
-67.9587 -67.9943 -68.0293 -68.0637 -68.1006 -68.1967 -68.2994 -68.4903 -68.5831 -68.4622
-68.5172 -68.4931 -68.468 -68.4324 -68.3926 -68.3782 -68.3638 -68.3493 -68.3347 -68.3036
-68.1705 -68.01 -67.8481 -67.6691 -67.551 -67.349 -67.1908 -67.0011 -66.8107 -66.586
-66.4825 -66.3043 -66.2221 -66.1396 -66.0543 -66.0511 -66.0497 -66.0484 -66.0471 -66.0457
-66.0003 -65.9547 -65.9089 -65.8758 -65.8485 -65.8375 -65.8165 -65.794 -65.7714 -65.7471
-65.695 -65.6832 -65.6717 -65.6351 -65.4985 -65.3938 -65.3268 -65.281 -65.1414 -64.9645
-64.8183 -64.6525 -64.4291 -64.0924 -63.729 -63.4875 -63.2037 -62.9182 -62.6333 -62.3876
-62.2174 -62.0475 -61.878 -61.7087 -61.5357 -60.92 -60.3107 -59.6728 -59.0569 -58.4689
-57.573 -56.7036 -55.9367 -55.1742 -54.4117 -53.3985 -52.4754 -51.6186 -50.6852 -49.71
-49.2661 -48.8271 -48.3885 -47.9903 -47.6455 -47.0336 -46.4217 -45.8098 -45.1989 -44.6181
-43.484 -42.5365 -41.6041 -40.743 -39.8388 -38.9019 -38.138 -37.3677 -36.549 -35.7552
-34.9648 -34.2951 -33.6476 -33.0006 -32.3443 -32.1947 -32.0774 -31.9609 -31.8445 -31.7293
-31.2577 -30.8077 -30.3674 -29.9294 -29.5555 -29.445 -29.3499 -29.2548 -29.1598 -29.0718
-28.7205 -28.3597 -27.9993 -27.6393 -27.3286 -26.9007 -26.495 -26.151 -25.8161 -25.4993
-25.1643 -24.8674 -24.5871 -24.3087 -24.0455 -24.037 -24.0319 -24.0269 -24.022 -24.017
-23.7784 -23.5388 -23.2997 -23.0649 -22.8842 -22.6621 -22.4417 -22.2271 -21.9934 -21.7585
-21.6232 -21.4773 -21.2848 -21.0929 -20.8978 -20.745 -20.6205 -20.4987 -20.3775 -20.2601
-20.1971 -20.1333 -20.0697 -20.0093 -19.9864 -19.7708 -19.5855 -19.3991 -19.214 -19.0262
-18.9363 -18.8425 -18.749 -18.656 -18.5741 -18.4773 -18.3806 -18.2841 -18.1878 -18.2047
-17.9746 -17.7988 -17.6293 -17.497 -17.3544 -17.2119 -17.2092 -17.2134 -17.2176 -17.222
-17.1366 -17.0457 -16.9557 -16.8689 -16.8669 -16.8705 -16.8098 -16.6528 -16.3413 -15.9603
-15.9136 -15.8837 -15.8407 -15.7922 -15.7536 -15.7512 -15.7394 -15.7273 -15.7153 -15.7034
-15.6259 -15.5562 -15.629 -15.8422 -16.0935 -16.3236 -16.5237 -16.6377 -16.8255 -16.9449
-17.1546 -17.3467 -17.5478 -17.7523 -18.0119 -18.1466 -18.2612 -18.3763 -18.4918 -18.6038
-18.6082 -18.6115 -18.6133 -18.6152 -18.617 -18.7262 -18.8365 -18.9479 -19.0605 -19.238
-19.3781 -19.6151 -19.8559 -20.1065 -20.6188 -20.7157 -20.9214 -21.1436 -21.4534 -21.9357
-21.966 -22.1346 -22.3379 -22.5266 -22.7121 -22.8921 -23.0727 -23.2537 -23.3775 -23.2646
-24.1328 -24.727 -25.3642 -25.4783 -24.8896 -25.7178 -25.9582 -25.994 -25.8847 -25.1338
-25.6116 -25.5688 -25.2588 -24.9562 -24.4044 -24.506 -24.4071 -24.3086 -24.2105 -24.1135
-23.9185 -23.7252 -23.5336 -23.3211 -22.5546 -22.6361 -22.3674 -22.0319 -21.6305 -21.1408
-21.022 -20.8186 -20.5797 -20.0942 -19.4068 -19.5031 -19.4772 -19.2457 -18.9388 -18.5095
-18.2773 -18.0042 -17.759 -17.5176 -17.2291 -17.2063 -17.1606 -17.1149 -17.0694 -17.0229
-16.7903 -16.5586 -16.3184 -16.0792 -15.8551 -15.6326 -15.3742 -15.1173 -14.8866 -14.7596
-14.4942 -14.2529 -14.0468 -13.8151 -13.5764 -13.4679 -13.3237 -13.1424 -12.9625 -12.7896
-12.602 -12.447 -12.298 -12.1608 -12.0127 -11.9374 -11.8165 -11.6898 -11.5648 -11.4305
-11.3785 -11.2998 -11.2218 -11.1447 -11.0752 -11.0377 -11.0003 -10.9628 -10.9254 -10.8469
-10.7761 -10.6828 -10.591 -10.5007 -10.3208 -10.2808 -10.1948 -10.1096 -10.0247 -9.82768
-9.82478 -9.75674 -9.69495 -9.63381 -9.56101 -9.55483 -9.5437 -9.5326 -9.52151 -9.50968
-9.48011 -9.45084 -9.40749 -9.35167 -9.31437 -9.31867 -9.27633 -9.19827 -9.10839 -8.84564
-8.67166 -8.55096 -8.33589 -8.00924 -7.58215 -7.86753 -8.12951 -8.06916 -7.55826 -7.02226
-7.56125 -8.02058 -7.91164 -7.10513 -6.09998 -8.01293 -9.19991 -8.84955 -7.0379 -4.35729
-3.88413 -3.30194 -2.71906 -2.2206 -1.73543 -1.88535 -1.81907 -1.75307 -1.68709 -1.47836
-1.50357 -1.44729 -1.39101 -1.33468 -1.2314 -1.22905 -1.14676 -1.06456 -0.983848 -0.880001
-0.699455 -0.495072 -0.290715 -0.0939611 -0.0177176 64.6521 64.6522 64.6522 64.6522 64.6523
64.6523 64.6676 64.6829 64.6982 64.7135 64.7286 65.2856 65.8416 66.5108 67.258
67.9095 68.3298 68.6623 68.9972 69.3557 69.5275 69.6174 69.4782 69.2897 69.1018
68.5442 68.2129 67.4531 66.5073 65.4518 64.0561 62.8654 61.2447 59.5814 57.8968
56.0244 55.4712 54.8073 54.1438 53.481 52.9454 51.4882 50.0406 48.6021 47.0757
45.3037 45.1943 45.0813 44.9644 44.8475 44.7328 42.4677 40.2214 37.9957 35.5528
32.6725 30.2463 27.8444 25.3397 22.8514 21.0064 20.6909 20.3757 20.0609 19.744
19.4217 18.8484 18.2729 17.6942 17.1161 16.5598 14.4528 12.3548 10.1668 7.9663
5.58029 4.90697 4.2347 3.57289 2.91355 2.27885 0.244219 -1.87707 -3.98764 -6.02052
-8.08829 -9.05816 -10.0187 -10.9806 -12.0324 -13.2203 -13.5232 -13.8258 -14.1282 -14.4257
-14.7198 -16.0431 -17.3672 -18.6875 -20.0151 -21.2981 -23.3271 -25.3412 -27.3804 -29.4163
-31.5265 -31.9633 -32.3994 -32.8344 -33.2623 -33.6828 -36.039 -38.3712 -40.5582 -42.7
-44.6299 -45.393 -46.1484 -46.8707 -47.5909 -48.2909 -49.4331 -50.5672 -51.6933 -52.7357
-53.7059 -55.3852 -57.0097 -58.4126 -59.7922 -61.2036 -61.8041 -62.2932 -62.6671 -63.0401
-63.4547 -64.161 -64.8621 -65.5845 -66.2755 -66.7324 -67.6847 -68.5075 -69.2198 -69.85
-70.4306 -70.8903 -71.262 -71.4494 -71.6153 -71.6309 -71.7251 -71.6861 -71.6426 -71.6136
-71.6543 -71.7338 -71.8123 -71.89 -71.9667 -71.9367 -72.0166 -72.0501 -72.0657 -72.06
-71.9587 -71.9225 -71.8704 -71.8177 -71.7687 -71.7271 -71.6969 -71.6663 -71.6354 -71.6041
-71.5682 -71.4521 -71.2556 -71.1064 -70.8936 -70.5262 -70.4343 -70.256 -70.033 -69.8769
-69.6671 -69.5079 -69.3845 -69.2604 -69.1266 -68.9315 -68.9313 -68.9026 -68.8873 -68.8719
-68.8553 -68.8485 -68.8418 -68.835 -68.8169 -68.7922 -68.7628 -68.7333 -68.7038 -68.6751
-68.666 -68.6357 -68.6381 -68.6407 -68.6426 -68.5676 -68.4875 -68.4753 -68.4712 -68.4543
-68.4023 -68.2002 -67.9779 -67.7591 -67.5422 -67.2444 -67.0548 -66.8946 -66.7368 -66.5793
-66.4247 -66.1711 -65.9013 -65.6197 -65.3363 -65.0273 -64.5551 -63.9943 -63.431 -62.8361
-62.2274 -61.51 -60.7787 -60.0219 -59.1579 -58.2895 -57.4432 -56.3551 -55.4358 -54.5213
-53.6039 -53.5906 -53.5785 -53.5664 -53.5543 -53.5423 -52.4835 -51.4248 -50.3661 -49.1405
-48.0998 -46.9139 -45.8186 -44.8441 -43.8925 -42.9523 -41.815 -40.8078 -39.9731 -39.1294
-38.2657 -37.695 -37.2626 -36.8427 -36.4228 -36.0134 -35.7035 -35.391 -35.0373 -34.6908
-34.4199 -33.7147 -33.0694 -32.4454 -31.8222 -31.2349 -30.661 -30.1133 -29.6136 -29.1443
-28.6706 -28.2036 -27.7939 -27.3853 -26.9777 -26.5641 -26.4975 -26.4381 -26.3818 -26.3254
-26.2692 -26.0464 -25.842 -25.6395 -25.4374 -25.2711 -25.1847 -25.0984 -25.0122 -24.926
-24.8561 -24.5308 -24.2161 -23.9045 -23.652 -23.4002 -23.1393 -22.8982 -22.6583 -22.41
-22.2865 -22.0422 -21.8893 -21.7472 -21.6057 -21.4685 -21.3962 -21.3241 -21.2521 -21.1817
-21.1213 -20.9139 -20.7097 -20.5073 -20.2855 -20.0367 -19.8927 -19.7501 -19.5751 -19.3886
-19.2024 -18.9775 -18.7932 -18.6233 -18.4544 -18.2758 -18.2626 -18.242 -18.2207 -18.1994
-18.178 -18.0321 -17.8852 -17.7382 -17.5908 -17.4424 -17.4055 -17.3662 -17.327 -17.288
-17.2508 -17.0909 -16.9313 -16.7835 -16.6413 -16.7248 -16.4687 -16.3202 -16.173 -16.0689
-16.0115 -15.636 -15.6881 -15.7277 -15.7325 -15.7382 -15.728 -15.7179 -15.7077 -15.6976
-15.7038 -15.6939 -15.643 -15.5307 -15.4093 -15.1274 -15.1376 -15.1899 -15.2437 -15.2981
-15.3457 -15.3823 -15.4191 -15.4563 -15.4929 -15.5147 -15.704 -15.8262 -16.0791 -16.3929
-16.6184 -16.9631 -17.3118 -17.5831 -17.7869 -17.997 -18.3207 -18.5885 -18.8289 -19.0714
-19.2843 -19.3775 -19.4495 -19.5174 -19.5854 -19.6532 -19.9187 -20.1854 -20.4367 -20.6254
-20.7769 -21.0003 -21.1629 -21.3875 -21.6185 -21.8731 -21.9256 -21.978 -22.0306 -22.0832
-22.1511 -22.4252 -22.7091 -22.9439 -23.1811 -23.5493 -23.5191 -23.6435 -23.7927 -23.9418
-24.0919 -24.5026 -24.9334 -25.3837 -25.725 -25.3037 -26.1301 -26.6854 -26.9892 -26.3986
-25.645 -26.1198 -26.44 -26.2845 -25.6395 -24.7887 -25.1348 -24.8269 -24.477 -24.106
-23.6493 -23.6669 -23.6182 -23.5696 -23.521 -23.4723 -23.1477 -22.8595 -22.5851 -22.3127
-21.8955 -21.7699 -21.5295 -21.2604 -20.6746 -19.9644 -20.0582 -20.1486 -19.923 -19.5329
-19.1272 -18.8992 -18.6582 -18.4018 -18.036 -17.5159 -17.4451 -17.2001 -16.9456 -16.6869
-16.4139 -16.2824 -16.1613 -16.0405 -15.92 -15.7945 -15.6772 -15.5601 -15.4431 -15.3264
-15.2456 -15.0106 -14.7971 -14.5878 -14.38 -14.1431 -14.0318 -13.8709 -13.7022 -13.5225
-13.347 -13.1566 -12.9984 -12.856 -12.7151 -12.5618 -12.488 -12.3672 -12.2429 -12.1139
-11.97 -11.886 -11.7633 -11.6421 -11.5213 -11.4013 -11.3971 -11.3906 -11.384 -11.3775
-11.3709 -11.2548 -11.1483 -11.0553 -10.9635 -10.8162 -10.7675 -10.6887 -10.611 -10.5211
-10.1878 -10.3346 -10.2873 -10.2388 -10.1744 -9.92106 -9.94934 -9.90367 -9.85823 -9.79351
-9.53652 -9.67017 -9.5936 -9.4788 -9.36377 -9.12932 -8.96677 -8.77518 -8.54977 -8.26095
-7.82773 -8.10717 -8.37065 -8.29719 -7.73821 -7.19685 -7.73014 -8.1095 -7.97033 -7.02399
-6.03014 -7.94789 -9.5635 -9.22091 -6.96376 -4.28503 -3.82395 -3.24219 -2.66127 -2.18948
-1.70355 -1.87568 -1.80883 -1.74227 -1.6755 -1.44784 -1.48347 -1.42699 -1.37051 -1.31391
-1.20214 -1.21378 -1.13115 -1.04864 -0.970726 -0.854789 -0.681216 -0.476693 -0.272198 -0.0984999
-0.0207259 64.4693 64.4693 64.4694 64.4694 64.4694 64.4695 64.4838 64.4982 64.5126
64.527 64.5417 65.1616 65.803 66.5356 67.2679 67.8878 68.301 68.6163 68.9401
69.2901 69.4091 69.4538 69.2109 68.979 68.7775 68.1085 67.665 66.8785 65.842
64.508 62.8976 61.5737 59.6335 57.7516 55.9115 53.8961 53.8082 53.7044 53.5994
53.4943 53.3916 51.4409 49.5004 47.5346 45.4903 44.2262 43.7646 43.3039 42.8441
42.3476 41.8079 39.2481 36.5875 33.9951 31.0946 27.7229 25.9266 24.1095 22.2356
20.3614 18.7734 18.5649 18.3565 18.1375 17.9179 17.7002 16.666 15.634 14.5942
13.5085 12.3608 9.26748 6.20204 3.15981 -0.0130281 -3.18069 -3.22161 -3.26253 -3.30324
-3.34283 -3.38244 -5.85222 -8.28472 -10.6108 -13.0517 -16.1843 -16.6011 -17.0174 -17.4333
-17.8332 -18.2049 -19.0687 -19.9162 -20.7439 -21.5484 -22.3514 -24.2965 -26.2321 -28.1402
-29.9119 -31.5785 -33.4492 -35.3065 -37.015 -38.7061 -40.4699 -41.076 -41.6803 -42.2831
-42.7919 -43.2835 -45.5553 -47.6767 -49.5587 -51.4331 -53.0831 -53.9639 -54.798 -55.5061
-56.2105 -56.9786 -57.8301 -58.6758 -59.5156 -60.2639 -60.8937 -62.376 -63.5698 -64.7699
-65.9662 -67.0341 -68.0594 -68.8446 -69.524 -70.1989 -71.0203 -71.1414 -71.2624 -71.3832
-71.493 -71.5723 -72.2685 -72.8771 -73.4758 -73.9654 -74.2008 -74.737 -75.2604 -75.4674
-75.5557 -75.6091 -75.6549 -75.6791 -75.6735 -75.603 -75.3791 -75.3801 -75.2579 -75.1957
-75.1442 -75.0823 -75.0804 -75.0782 -75.0758 -75.0732 -75.0068 -74.9585 -74.8606 -74.7287
-74.5957 -74.4812 -74.4488 -74.4192 -74.3895 -74.3598 -74.3067 -74.1541 -73.9312 -73.6914
-73.4508 -73.2117 -72.9668 -72.7178 -72.4678 -72.2009 -71.9327 -71.8468 -71.7563 -71.6266
-71.494 -71.358 -71.2936 -71.2679 -71.2426 -71.2169 -71.2482 -71.2531 -71.2579 -71.2627
-71.2675 -71.2722 -71.5294 -71.5753 -71.6038 -71.6399 -71.6939 -71.9114 -71.9408 -71.9714
-72.003 -72.0512 -72.0226 -71.9302 -71.8383 -71.7468 -71.6429 -71.5584 -71.474 -71.3898
-71.2954 -71.1446 -70.9027 -70.6766 -70.4496 -70.1931 -69.9439 -69.7156 -69.4875 -69.2597
-69.0374 -68.8626 -68.2529 -67.6344 -67.0171 -66.4729 -65.8828 -65.2284 -64.505 -63.7818
-63.0385 -62.3852 -61.4702 -60.5233 -59.5729 -58.6234 -57.7272 -57.7047 -57.6823 -57.6598
-57.6373 -57.6147 -56.4731 -55.3273 -54.1818 -53.0735 -51.9428 -50.8543 -49.6797 -48.4441
-47.2369 -46.0668 -45.0351 -43.9699 -42.8825 -41.7951 -40.7362 -40.4522 -40.1606 -39.8676
-39.5745 -39.2835 -38.5934 -37.9033 -37.2465 -36.6708 -36.1594 -35.3171 -34.4882 -33.6805
-33.0362 -32.439 -31.7215 -31.0263 -30.4608 -29.9115 -29.3974 -29.0377 -28.7327 -28.4387
-28.1451 -27.8585 -27.6633 -27.4683 -27.2734 -27.0807 -26.8982 -26.4757 -26.0516 -25.6092
-25.2385 -24.912 -24.5302 -24.1348 -23.8139 -23.4819 -23.1456 -22.9037 -22.6695 -22.4433
-22.2205 -21.9997 -21.9553 -21.9109 -21.8666 -21.8246 -21.7935 -21.5136 -21.2394 -20.9666
-20.7472 -20.6219 -20.2423 -20.0089 -19.7877 -19.5577 -19.364 -19.1221 -18.9178 -18.723
-18.5299 -18.3465 -18.3165 -18.297 -18.2776 -18.2583 -18.2394 -18.2366 -18.2338 -18.231
-18.2283 -18.2256 -18.0608 -17.8974 -17.7352 -17.5771 -17.4073 -17.2844 -17.1322 -16.9732
-16.8203 -16.6871 -16.5147 -16.3548 -16.2068 -16.0564 -15.8781 -15.8359 -15.7574 -15.6765
-15.5961 -15.5088 -15.4536 -15.3986 -15.3439 -15.2892 -15.2301 -15.1099 -14.9893 -14.8701
-14.763 -14.7357 -14.6237 -14.579 -14.5352 -14.485 -14.4392 -14.407 -14.3749 -14.3429
-14.3109 -14.3273 -14.1029 -14.001 -13.9167 -13.9489 -14.3671 -14.2505 -14.3446 -14.439
-14.5293 -14.552 -14.5494 -14.547 -14.5446 -14.5422 -14.5093 -14.6676 -14.826 -14.9854
-15.1478 -15.3144 -15.3592 -15.4172 -15.4676 -15.4972 -15.5257 -15.6717 -15.9708 -16.3874
-16.7374 -16.9129 -17.3551 -17.774 -18.2426 -18.526 -18.6976 -19.0868 -19.476 -19.751
-20.0435 -20.3622 -20.675 -20.9151 -21.1681 -21.427 -21.6895 -21.7649 -21.8404 -21.9159
-21.9839 -21.9782 -22.4049 -22.7817 -23.159 -23.4484 -23.6314 -23.8193 -23.9999 -24.2402
-24.5019 -24.6673 -24.9686 -25.153 -25.3217 -25.4915 -25.6512 -25.6801 -25.714 -25.7481
-25.7822 -25.8169 -25.8289 -25.8409 -25.8529 -25.8651 -25.8922 -26.1246 -26.3345 -26.5059
-26.679 -26.134 -26.5966 -26.6826 -26.6891 -26.0884 -25.2115 -25.5281 -25.8407 -25.5757
-24.7491 -23.9133 -24.1042 -23.9764 -23.6164 -23.26 -22.4446 -22.5574 -22.3531 -22.1502
-21.9486 -21.7164 -21.62 -21.5238 -21.4278 -21.3319 -21.1492 -20.9455 -20.6167 -20.3534
-20.0904 -19.6957 -19.5014 -19.2672 -18.9852 -18.4798 -17.9309 -17.8337 -17.7493 -17.5544
-17.2514 -16.9525 -16.6913 -16.4367 -16.2052 -15.9299 -15.6107 -15.5742 -15.3921 -15.1965
-15.0025 -14.791 -14.7328 -14.5952 -14.4583 -14.3221 -14.1797 -14.1426 -14.1054 -14.0684
-14.0313 -13.994 -13.8517 -13.7102 -13.5578 -13.4072 -13.246 -13.169 -13.0482 -12.927
-12.7937 -12.6201 -12.5744 -12.4398 -12.3059 -12.1734 -12.0184 -11.9423 -11.7948 -11.6525
-11.53 -11.3679 -11.3397 -11.2633 -11.1874 -11.0932 -10.9919 -10.9555 -10.9192 -10.8829
-10.8466 -10.7866 -10.6808 -10.5447 -10.4918 -10.4439 -10.3034 -10.2949 -10.2502 -10.2059
-10.0988 -9.79949 -9.98675 -9.88113 -9.79275 -9.68171 -9.29135 -9.14519 -8.93503 -8.69153
-8.44905 -8.03428 -8.30316 -8.5003 -8.40469 -7.86408 -7.31306 -7.83663 -7.84828 -7.63285
-6.81789 -5.82606 -7.75039 -8.4864 -8.37845 -6.86968 -4.19759 -3.73384 -3.15405 -2.64116
-2.16797 -1.68292 -1.82742 -1.7614 -1.69562 -1.62911 -1.42197 -1.44631 -1.38991 -1.33351
-1.27683 -1.17244 -1.17196 -1.08976 -1.00766 -0.935021 -0.827424 -0.649161 -0.444721 -0.240302
-0.102311 -0.0253228 63.9941 63.9941 63.9942 63.9942 63.9942 63.9943 64.0077 64.0211
64.0346 64.048 64.0619 64.6299 65.1957 65.7596 66.3593 67.0343 67.4726 67.8005
68.1234 68.4441 68.534 68.579 68.3068 68.0146 67.6547 66.7781 66.2177 65.31
64.174 62.5757 60.7051 59.2019 57.1846 55.1438 53.0623 51.8627 51.5968 51.3311
51.0656 50.7796 50.4304 48.6397 46.831 44.8468 42.8385 41.4746 40.598 39.7241
38.8531 37.8794 36.7717 33.9067 31.0373 27.8115 24.5752 20.842 20.0936 19.3287
18.5359 17.7404 16.9441 16.1327 15.3224 14.5097 13.6831 12.8963 11.0562 9.22168
7.39267 5.47502 3.48994 0.195514 -3.06252 -6.35854 -9.61623 -12.4867 -12.6694 -12.8521
-13.0348 -13.2175 -13.4002 -14.7713 -16.1017 -17.3973 -18.691 -20.1869 -21.9188 -23.6449
-25.365 -27.0505 -28.6244 -29.817 -30.9518 -32.0383 -33.1134 -34.2018 -35.7264 -37.2449
-38.7573 -40.1572 -41.4893 -43.9012 -46.1638 -48.2116 -50.258 -52.0189 -52.2732 -52.5176
-52.7338 -52.9499 -53.1687 -54.8641 -56.4487 -57.9398 -59.2609 -60.3156 -62.0509 -63.3023
-64.6231 -65.9316 -67.0469 -67.3944 -67.6814 -67.9182 -68.1542 -68.4029 -69.2259 -70.0393
-70.7501 -71.4217 -71.949 -72.8743 -73.5281 -74.1823 -74.8321 -75.3193 -76.0271 -76.4307
-76.7721 -77.0858 -77.3284 -77.4879 -77.5047 -77.5149 -77.5249 -77.5356 -77.6265 -77.7152
-77.9024 -78.0943 -78.0268 -78.1764 -78.1729 -78.1375 -77.9928 -77.7776 -77.7527 -77.698
-77.5527 -77.3423 -77.0561 -77.0169 -76.7972 -76.6004 -76.4019 -76.178 -76.1614 -76.1337
-76.1061 -76.0784 -76.0512 -75.8426 -75.6333 -75.4233 -75.2108 -74.9279 -74.6548 -74.4229
-74.1853 -73.9468 -73.6618 -73.6617 -73.6616 -73.6614 -73.6613 -73.6611 -73.5062 -73.3502
-73.2268 -73.114 -72.9231 -72.9719 -73.0316 -73.0934 -73.1558 -73.0967 -73.1473 -73.1602
-73.1716 -73.1829 -73.1939 -73.3904 -73.645 -73.8998 -74.1506 -74.3244 -74.6402 -74.9994
-75.3956 -75.5821 -75.7593 -75.9501 -76.1419 -76.1124 -75.8453 -75.5397 -75.1662 -74.7434
-74.3165 -73.8697 -73.4482 -73.3521 -73.2561 -73.1601 -73.0658 -72.9841 -72.2025 -71.4074
-70.7334 -70.0712 -69.3879 -68.7256 -68.0582 -67.3268 -66.6747 -66.0246 -64.9797 -64.0707
-63.238 -62.3083 -61.3276 -61.2051 -61.0428 -60.8711 -60.6993 -60.5292 -59.4595 -58.5416
-57.6499 -56.7272 -55.6751 -54.3774 -53.1329 -51.9702 -50.7265 -49.4444 -48.0258 -46.7696
-45.695 -44.4222 -43.0822 -42.7898 -42.4922 -42.193 -41.8938 -41.5967 -40.7072 -39.9099
-39.1125 -38.3159 -37.5204 -36.5725 -35.647 -34.7705 -33.991 -33.2139 -32.3926 -31.6513
-31.0203 -30.3666 -29.6814 -29.5179 -29.352 -29.1855 -29.019 -28.8529 -28.4008 -27.9536
-27.5068 -27.0792 -26.711 -26.1115 -25.568 -25.0595 -24.634 -24.27 -23.7036 -23.2937
-22.9034 -22.5408 -22.1876 -22.0701 -21.9703 -21.876 -21.7885 -21.7008 -21.4584 -21.2166
-20.9753 -20.7448 -20.5407 -20.234 -19.9238 -19.6208 -19.3703 -19.1372 -18.9344 -18.7636
-18.5934 -18.424 -18.2946 -18.2195 -18.1445 -18.0638 -17.9816 -17.9115 -17.8173 -17.7383
-17.6616 -17.5801 -17.4981 -17.3436 -17.1898 -17.0484 -16.9143 -16.8678 -16.5802 -16.3763
-16.1735 -15.9927 -15.857 -15.6434 -15.4609 -15.2946 -15.1848 -15.1319 -14.9214 -14.8189
-14.7321 -14.6488 -14.5635 -14.5168 -14.4702 -14.4239 -14.3804 -14.3627 -14.1983 -14.0645
-13.9219 -13.785 -13.6583 -13.5241 -13.3992 -13.2915 -13.1991 -13.1756 -13.0359 -12.9785
-12.9228 -12.8687 -12.8212 -12.8155 -12.8099 -12.8043 -12.7988 -12.7956 -12.7736 -12.7706
-12.7638 -12.755 -12.746 -12.7335 -12.7212 -12.7092 -12.6975 -12.7455 -12.7394 -12.774
-12.8099 -12.8458 -12.9063 -12.9464 -12.9892 -13.0613 -13.2564 -13.4523 -13.4592 -13.5847
-13.748 -13.8989 -14.0648 -14.0977 -14.1407 -14.1838 -14.2269 -14.2695 -14.373 -14.4795
-14.5862 -14.6983 -15.069 -15.1443 -15.4034 -15.6621 -15.8812 -16.0751 -16.0861 -16.0971
-16.1082 -16.1192 -16.1279 -16.4229 -16.7083 -16.9935 -17.2493 -17.4327 -17.68 -17.869
-18.0337 -18.1986 -18.3565 -18.4166 -18.4405 -18.4637 -18.4869 -18.5101 -18.7593 -19.0086
-19.2578 -19.4869 -19.6778 -20.0365 -20.4281 -20.8758 -21.3792 -21.8712 -22.1985 -22.5425
-22.8749 -23.242 -23.5571 -23.9125 -24.2033 -24.4186 -24.6503 -24.8452 -25.0556 -25.1492
-25.243 -25.3372 -25.4317 -25.5127 -25.5938 -25.6748 -25.7557 -25.8004 -25.9157 -26.0635
-26.2108 -26.3351 -26.3679 -26.6767 -26.8137 -26.8175 -26.7885 -26.6321 -26.5324 -26.4698
-26.4106 -26.3577 -26.2709 -26.3869 -26.2749 -26.1731 -26.0721 -25.8625 -25.7635 -25.6685
-25.5738 -25.4791 -25.3795 -25.2074 -25.0429 -24.8794 -24.7185 -24.2314 -24.2962 -23.9669
-23.695 -23.263 -22.3806 -22.6022 -22.7621 -22.5246 -21.7532 -20.9761 -21.1269 -21.2728
-21.0561 -20.4414 -19.8304 -19.8806 -19.7654 -19.4966 -19.1755 -18.7292 -18.5713 -18.2871
-18.0375 -17.7993 -17.555 -17.5497 -17.5382 -17.5266 -17.5151 -17.5037 -17.3047 -17.106
-16.8888 -16.653 -16.3571 -16.2894 -16.1151 -15.9669 -15.804 -15.5783 -15.5659 -15.5466
-15.4366 -15.147 -14.8557 -14.9465 -15.0406 -14.9081 -14.5659 -14.2272 -14.4546 -14.5538
-14.3897 -14.1526 -13.7575 -13.9784 -13.8525 -13.6792 -13.5065 -13.1131 -13.2046 -13.0659
-12.9276 -12.7895 -12.644 -12.612 -12.58 -12.548 -12.5161 -12.46 -12.3381 -12.1869
-12.0416 -11.8971 -11.6365 -11.7324 -11.6009 -11.4248 -11.2691 -10.8644 -11.0559 -10.938
-10.7609 -10.584 -10.148 -10.0302 -9.87394 -9.73105 -9.62249 -9.48116 -9.34875 -9.23787
-9.05914 -8.86429 -8.63935 -8.59729 -8.55525 -8.51323 -8.47123 -8.4233 -8.67324 -8.75107
-8.6173 -8.20929 -7.5294 -7.51836 -7.37178 -7.02121 -6.28403 -5.45229 -6.06665 -5.86743
-5.7168 -5.56689 -4.03585 -3.56487 -3.07056 -2.60136 -2.12531 -1.64316 -1.73606 -1.67156
-1.60706 -1.54118 -1.37248 -1.37563 -1.31939 -1.26309 -1.2063 -1.11579 -1.09252 -1.01112
-0.930614 -0.867158 -0.775295 -0.588177 -0.383893 -0.183987 -0.109562 -0.0340704 62.0031 62.0032
62.0032 62.0032 62.0033 62.0033 62.0169 62.0305 62.0441 62.0577 62.0715 62.7826
63.5069 64.2287 64.9479 65.5536 65.9769 66.2793 66.5774 66.8641 66.8391 66.7667
66.3339 65.9383 65.512 64.4673 63.7241 62.7067 61.3432 59.4874 57.338 55.8562
53.9171 51.87 49.8664 48.5064 47.9855 47.4652 46.9456 46.3573 45.646 43.8054
41.8542 39.842 37.833 36.3883 35.2188 34.0406 32.8654 31.6313 30.288 27.1263
23.8268 20.2981 16.767 13.4358 13.2664 13.0971 12.9278 12.7506 12.5686 10.4849
8.42557 6.42339 4.46903 2.68496 0.963847 -0.84266 -2.67673 -4.3697 -6.04548 -9.70437
-13.2523 -16.6891 -20.1664 -23.4827 -23.9876 -24.4843 -24.9756 -25.4666 -25.9863 -26.1301
-26.2739 -26.4176 -26.5426 -26.666 -29.1196 -31.5204 -33.9088 -36.1799 -37.9944 -40.871
-43.5777 -45.7242 -47.9162 -50.2064 -50.2088 -50.211 -50.213 -50.215 -50.217 -52.3588
-54.4781 -56.5748 -58.2667 -59.7123 -61.4251 -62.8843 -64.281 -65.633 -66.7389 -67.0023
-67.2249 -67.4138 -67.6023 -67.784 -68.763 -69.7117 -70.5218 -71.3266 -71.8874 -72.9062
-73.5845 -74.3094 -75.0762 -75.6874 -76.3787 -76.8635 -77.343 -77.6961 -78.1326 -78.1928
-78.2276 -78.2596 -78.2916 -78.3241 -78.6285 -78.8411 -79.0494 -79.2344 -79.155 -79.4899
-79.6308 -79.6313 -79.5203 -79.3325 -79.4442 -79.5536 -79.4376 -79.1324 -78.8152 -78.7715
-78.6479 -78.4877 -78.2906 -78.0098 -77.913 -77.7424 -77.5868 -77.431 -77.2454 -77.2087
-77.1721 -77.1354 -77.0986 -77.0384 -76.9662 -76.8695 -76.7569 -76.6441 -76.5377 -76.3844
-76.231 -76.0775 -75.9296 -75.7096 -75.5024 -75.2475 -74.9831 -74.685 -74.3222 -74.2306
-74.1084 -73.925 -73.7393 -73.5495 -73.556 -73.6329 -73.759 -73.8186 -73.8455 -74.0976
-74.2568 -74.4139 -74.5708 -74.7202 -74.9893 -75.4241 -75.8591 -76.3022 -76.9413 -77.2963
-77.9207 -78.101 -78.6667 -79.5525 -79.8674 -79.9693 -80.0053 -80.0925 -80.2221 -79.6739
-79.1088 -78.5411 -77.9772 -76.9189 -76.7894 -76.6144 -76.4328 -76.2512 -76.0711 -75.3143
-74.6124 -73.9122 -73.1588 -72.2206 -71.323 -70.4098 -69.5185 -68.753 -68.0415 -67.014
-66.146 -65.2797 -64.4152 -63.4941 -63.181 -62.8335 -62.4749 -62.1167 -61.7683 -61.148
-60.5286 -59.897 -59.2458 -58.507 -57.2609 -56.0546 -54.8461 -53.4944 -52.1434 -50.507
-49.0966 -47.6866 -46.2771 -44.7848 -44.2575 -43.738 -43.324 -42.9099 -42.502 -41.6239
-40.7459 -39.8669 -38.985 -38.0891 -36.9468 -35.8945 -34.8628 -33.9298 -33.0828 -32.1828
-31.4334 -30.6849 -29.95 -29.2508 -29.1583 -29.062 -28.9639 -28.8659 -28.771 -28.2272
-27.6837 -27.1355 -26.5854 -26.0192 -25.4027 -24.8116 -24.2431 -23.7069 -23.2127 -22.624
-22.1597 -21.6965 -21.2671 -20.8517 -20.8471 -20.8425 -20.8379 -20.834 -20.8318 -20.3919
-19.9953 -19.6059 -19.2174 -18.8535 -18.474 -18.115 -17.7897 -17.4907 -17.2017 -17.1133
-17.0395 -16.9657 -16.892 -16.8275 -16.6358 -16.4446 -16.2538 -16.0636 -15.8761 -15.8654
-15.8547 -15.844 -15.8334 -15.8232 -15.5874 -15.3652 -15.1438 -14.9232 -14.7588 -14.5266
-14.3389 -14.1562 -13.9796 -13.7912 -13.6302 -13.4748 -13.3225 -13.1703 -13.0462 -12.9889
-12.9548 -12.9233 -12.8919 -12.8601 -12.741 -12.6263 -12.5123 -12.4068 -12.3817 -12.1765
-12.0153 -11.8828 -11.7765 -11.6769 -11.5303 -11.3879 -11.2908 -11.2708 -11.2664 -11.0684
-10.9898 -10.9283 -10.8727 -10.844 -10.8268 -10.8324 -10.838 -10.8435 -10.8437 -10.8019
-10.7607 -10.72 -10.7075 -10.7191 -10.7197 -10.7264 -10.7332 -10.7399 -10.7465 -10.7612
-10.7763 -10.797 -10.839 -10.8935 -10.9296 -11.0191 -11.0897 -11.2007 -11.4225 -11.4437
-11.4792 -11.6422 -11.8197 -12.0063 -12.1747 -12.3712 -12.5568 -12.7417 -12.9664 -13.0655
-13.1997 -13.3338 -13.4678 -13.6207 -13.6808 -13.7409 -13.801 -13.861 -13.9384 -13.983
-14.0386 -14.0942 -14.1498 -14.2051 -14.3432 -14.4813 -14.6193 -14.7573 -14.9882 -15.1203
-15.3351 -15.5546 -15.8035 -16.087 -16.3207 -16.5587 -16.8036 -17.1635 -17.5213 -17.649
-17.8395 -18.1311 -18.422 -18.7325 -18.9548 -19.1859 -19.4226 -19.6642 -19.9171 -19.9635
-20.0099 -20.0563 -20.1027 -20.1223 -20.3744 -20.6292 -20.8838 -21.1353 -21.441 -21.8782
-22.1218 -22.3352 -22.5484 -22.5859 -22.8304 -23.057 -23.2703 -23.4765 -23.6867 -23.7912
-23.8567 -23.9221 -23.9876 -24.0531 -24.2258 -24.3983 -24.5707 -24.7389 -24.7926 -25.015
-25.1897 -25.323 -25.4562 -25.6036 -25.7352 -25.865 -25.9948 -26.1215 -26.2019 -26.4
-26.5599 -26.7228 -26.8753 -26.9119 -27.0884 -27.1883 -27.2318 -27.1652 -27.0104 -27.0669
-27.0954 -27.0661 -26.8951 -26.7121 -26.7464 -26.7635 -26.6222 -26.3615 -26.0579 -25.9751
-25.8381 -25.6556 -25.4666 -25.1918 -25.086 -24.8622 -24.639 -24.4343 -24.1916 -24.129
-24.0497 -23.9704 -23.8912 -23.8006 -23.6692 -23.5379 -23.4067 -23.2756 -23.1286 -23.0601
-22.8908 -22.7215 -22.5546 -22.1855 -22.0695 -21.8872 -21.7042 -21.5218 -21.2591 -21.3184
-21.161 -21.0041 -20.8481 -20.5462 -20.4344 -20.259 -20.1242 -19.9978 -19.8041 -19.8127
-19.6988 -19.5867 -19.4761 -19.3015 -19.2005 -19.0655 -18.9305 -18.8147 -18.6839 -18.6553
-18.5957 -18.5361 -18.4842 -18.4369 -18.384 -18.3312 -18.2785 -18.2259 -18.2116 -18.0336
-17.8985 -17.7631 -17.6276 -17.6279 -17.3999 -17.3123 -17.2251 -17.1381 -17.2404 -16.968
-16.9169 -16.866 -16.8153 -16.7835 -16.7321 -16.6705 -16.6092 -16.5482 -16.4784 -16.3464
-16.1951 -16.1138 -16.0336 -15.9145 -15.9461 -15.8481 -15.8134 -15.7459 -15.574 -15.7402
-15.8444 -15.791 -15.3084 -14.8447 -15.2037 -15.5304 -15.4432 -15.1325 -14.7353 -14.888
-14.9484 -14.8055 -14.5134 -14.0351 -14.1094 -13.8892 -13.6691 -13.4587 -13.1655 -13.1637
-13.1192 -13.0748 -13.0305 -12.9864 -12.8526 -12.6976 -12.5424 -12.387 -11.8661 -12.2821
-12.1125 -11.941 -11.4268 -10.5847 -11.1758 -11.3692 -11.1066 -10.4627 -9.49929 -10.1758
-10.4322 -10.2031 -9.59465 -8.59639 -10.1627 -9.74839 -9.33072 -8.93081 -8.52496 -8.3808
-8.2681 -8.28018 -8.29331 -8.24636 -8.3722 -8.5113 -8.22398 -7.75868 -7.62948 -6.43602
-5.67908 -4.9802 -4.57209 -4.57398 -4.58466 -4.4102 -4.17126 -3.88053 -3.37328 -3.06178
-2.93967 -2.47001 -1.99372 -1.50807 -1.62569 -1.56065 -1.49415 -1.42793 -1.23329 -1.25072
-1.19398 -1.13674 -1.07956 -0.974484 -0.975262 -0.894293 -0.830521 -0.76689 -0.650787 -0.477849
-0.278782 -0.204428 -0.129749 -0.0511107 
U 3 12105 float
19.9627 -0.00226663 -0.000919374 19.9627 -0.00226668 -0.000919371 19.9627 -0.00226672 -0.000919369 19.9627 -0.00226676
-0.000919366 19.9627 -0.00226681 -0.000919363 19.9627 -0.00226685 -0.000919361 19.9627 -0.00226686 -0.000919358
19.9627 -0.00226686 -0.000919356 19.9627 -0.00226687 -0.000919353 19.9627 -0.00226687 -0.000919351 19.9627
-0.00226688 -0.000919353 19.9616 -0.00235842 -0.00134103 19.9616 -0.00236643 -0.00133971 19.9616 -0.00237448
-0.00133839 19.9616 -0.00238257 -0.00133706 19.9618 -0.00234173 -0.00133723 19.9615 -0.00239524 -0.00133978
19.9615 -0.00240283 -0.00133937 19.9615 -0.00241045 -0.00133895 19.9615 -0.00241811 -0.00133854 19.961
-0.00238617 -0.00192659 19.96 -0.00234997 -0.00259448 19.96 -0.00235581 -0.00259051 19.96 -0.00236167
-0.00258655 19.96 -0.00236756 -0.0025826 19.9608 -0.00223454 -0.00258015 19.96 -0.00237557 -0.00259229
19.9601 -0.0023813 -0.00258943 19.9601 -0.00238705 -0.00258658 19.9601 -0.00239283 -0.00258374 19.9611
-0.00206751 -0.00328166 19.9604 -0.00177509 -0.004086 19.9604 -0.00177849 -0.00407631 19.9605 -0.00178191
-0.00406664 19.9605 -0.00178535 -0.004057 19.9618 -0.00156108 -0.004046 19.9607 -0.00177724 -0.00406754
19.9607 -0.00178023 -0.00405881 19.9608 -0.00178324 -0.0040501 19.9608 -0.00178627 -0.00404141 19.9629
-0.00108676 -0.00483807 19.9625 -0.000276135 -0.00582093 19.9626 -0.00027738 -0.00580068 19.9627 -0.00027863
-0.00578051 19.9629 -0.000279886 -0.0057604 19.9644 1.19238e-05 -0.00574047 19.9632 -0.000253108 -0.00576309
19.9633 -0.000254157 -0.00574321 19.9634 -0.000255209 -0.0057234 19.9635 -0.000256266 -0.00570366 19.9659
0.00103687 -0.00684013 19.965 0.002658 -0.00890047 19.9653 0.00265562 -0.00885317 19.9655 0.00265331
-0.00880612 19.9658 0.00265108 -0.00875934 19.9671 0.00295586 -0.00875633 19.9372 0.00807178 -0.0130553
19.9378 0.00807565 -0.0129604 19.9383 0.00808008 -0.0128664 19.9388 0.00808507 -0.0127731 19.9393
0.008081 -0.0127115 19.9372 0.00961271 -0.015548 19.9377 0.00962171 -0.0154544 19.9382 0.00963107
-0.0153612 19.9387 0.00964079 -0.0152685 19.9391 0.00964906 -0.0151929 19.9391 0.00965083 -0.0151907
19.9392 0.0096526 -0.0151884 19.9392 0.00965437 -0.0151862 19.9392 0.00965615 -0.0151839 19.9392
0.00964012 -0.0151788 19.9393 0.00972257 -0.0151268 19.9394 0.00978529 -0.0150711 19.9396 0.00984896
-0.0150158 19.9397 0.0099136 -0.014961 19.9381 0.011409 -0.0198926 19.9335 0.0130559 -0.0281492
19.9339 0.0131057 -0.0278665 19.9344 0.0131573 -0.0275865 19.9348 0.0132109 -0.0273093 19.9371
0.0117584 -0.027082 19.9354 0.0138054 -0.0271986 19.9358 0.0139155 -0.0269704 19.9361 0.0140286
-0.0267449 19.9365 0.0141449 -0.0265219 19.9361 0.015103 -0.0386093 19.8837 0.0275414 -0.0582487
19.8864 0.0275158 -0.0567881 19.889 0.0275033 -0.0553615 19.8916 0.0275039 -0.0539679 19.8939
0.0290224 -0.0538455 19.8805 0.0367982 -0.0668627 19.8814 0.037297 -0.0660906 19.8823 0.0378125
-0.0653316 19.8832 0.0383449 -0.0645858 19.8985 0.0205816 -0.0603792 19.8851 0.0396206 -0.0640681
19.8859 0.0402335 -0.0633953 19.8866 0.0408661 -0.0627356 19.8873 0.0415187 -0.0620892 19.9053
0.0340224 -0.0673808 19.8863 0.0444733 -0.0833215 19.8874 0.045573 -0.0816959 19.8884 0.046713
-0.0801055 19.8894 0.0478942 -0.0785497 19.9113 0.0159496 -0.0752147 19.8914 0.0548012 -0.0807368
19.8919 0.05707 -0.0795654 19.8923 0.0594219 -0.0784319 19.8927 0.0618596 -0.077336 19.9165
0.0549187 -0.0822049 19.8766 0.0728467 -0.0948629 19.8786 0.0758676 -0.0914655 19.8804 0.0790206
-0.0881622 19.882 0.0823106 -0.0849494 19.9079 0.0113607 -0.0904516 19.8827 0.10076 -0.0910275
19.8842 0.105123 -0.0883209 19.8855 0.109702 -0.0857083 19.8867 0.114507 -0.083187 19.9199
0.117454 -0.0749165 19.85 0.124652 -0.105488 19.8569 0.118919 -0.100637 19.8635 0.113452
-0.0960103 19.8698 0.108238 -0.0915977 19.6729 0 0 19.7933 0.179249 -0.108183
19.8053 0.168836 -0.101898 19.8166 0.159033 -0.0959815 19.8273 0.149805 -0.0904119 19.6919
0 0 17.7616 0.283013 -0.125819 15.7055 0.256939 -0.114228 13.6505 0.230168
-0.102326 11.5968 0.202577 -0.0900601 9.44734 0 0 18.1781 -0.110732 -0.0449095
18.1781 -0.110732 -0.0449095 18.1781 -0.110733 -0.0449095 18.1781 -0.110733 -0.0449095 18.1781
-0.110733 -0.0449095 18.1781 -0.110733 -0.0449095 18.1781 -0.110735 -0.0449084 18.1781 -0.110737
-0.0449073 18.1782 -0.11074 -0.0449062 18.1782 -0.110742 -0.0449051 18.1782 -0.110743 -0.0449063
18.1647 -0.112156 -0.0496683 18.1516 -0.113545 -0.0544274 18.1385 -0.114934 -0.0591835 18.1255
-0.116322 -0.0639366 18.1338 -0.114396 -0.0653248 18.1159 -0.117332 -0.0673828 18.104 -0.117938
-0.0741986 18.0922 -0.118537 -0.0810063 18.0805 -0.119128 -0.0878057 18.097 -0.116633 -0.0939919
18.0633 -0.118918 -0.101731 18.0577 -0.118137 -0.109233 18.0522 -0.117342 -0.116726 18.047
-0.116533 -0.12421 18.0875 -0.109042 -0.125908 18.046 -0.11608 -0.128488 18.0458 -0.11367
-0.136786 18.0459 -0.111239 -0.145066 18.0463 -0.108787 -0.153327 18.1027 -0.10117 -0.159826
18.0524 -0.102411 -0.169496 18.0579 -0.0979675 -0.178416 18.0637 -0.0934924 -0.187317 18.0699
-0.088986 -0.1962 18.1399 -0.0760303 -0.197055 18.0793 -0.0868427 -0.199608 18.0898 -0.0797905
-0.209238 18.1006 -0.0727028 -0.218835 18.1119 -0.0655796 -0.228396 18.1973 -0.0536236 -0.235033
18.1387 -0.0493076 -0.246958 18.154 -0.0381988 -0.257838 18.1698 -0.0270302 -0.268683 18.1861
-0.0158018 -0.279495 18.2702 0.000579103 -0.278797 18.203 -0.0139803 -0.280086 18.2195 0.00158962
-0.293816 18.2367 0.0172146 -0.307473 18.2545 0.0328949 -0.321057 18.3465 0.0488581 -0.331132
18.2867 0.0645855 -0.35417 18.3011 0.085986 -0.37879 18.3166 0.10749 -0.403316 18.3323
0.125994 -0.423933 18.408 0.143102 -0.423922 18.3504 0.146932 -0.4625 18.3535 0.17338
-0.504786 18.358 0.199944 -0.54685 18.2649 0.23188 -0.579567 17.9411 0.272509 -0.588775
17.9318 0.270196 -0.598157 17.9217 0.28283 -0.614998 17.9087 0.296073 -0.638345 17.8887
0.310617 -0.677195 17.8703 0.330709 -0.718983 17.8296 0.333645 -0.782409 17.7874 0.343374
-0.85204 17.7673 0.357257 -0.886919 17.7502 0.371812 -0.916998 17.7331 0.387656 -0.948996
17.7227 0.389826 -0.970273 17.7125 0.395517 -0.991721 17.7023 0.401236 -1.0131 17.6922
0.406983 -1.03442 17.6832 0.412118 -1.05331 17.6694 0.42083 -1.08359 17.6557 0.429611
-1.11372 17.6166 0.43146 -1.17638 17.5773 0.433199 -1.23928 17.5395 0.433095 -1.3006
17.4868 0.455717 -1.43943 17.4338 0.468735 -1.57858 17.3935 0.483304 -1.69189 17.3782
0.500733 -1.7538 17.3492 0.534093 -1.83826 17.316 0.566244 -1.91534 17.2667 0.565221
-1.99497 17.2383 0.57601 -2.07612 17.2119 0.587941 -2.15662 17.1633 0.558223 -2.24284
17.1527 0.609701 -2.29633 17.1416 0.619533 -2.33126 17.1308 0.629583 -2.36587 17.1156
0.638391 -2.40742 17.0787 0.661969 -2.46739 17.0389 0.694462 -2.61837 17.0465 0.704513
-2.65499 17.0546 0.714802 -2.69083 17.063 0.725333 -2.72589 17.0683 0.73322 -2.75847
17.072 0.741912 -2.76956 17.067 0.740611 -2.77928 17.062 0.739304 -2.78898 17.057
0.737992 -2.79866 17.0522 0.736717 -2.808 17.0075 0.755804 -2.90616 16.9639 0.775993
-3.00211 16.9214 0.797289 -3.09588 16.8866 0.843171 -3.18038 16.8495 0.797036 -3.27792
16.8726 0.972053 -3.23658 16.8186 1.021 -3.30636 16.758 1.03869 -3.38494 16.7271
1.0882 -3.45213 16.733 1.17891 -3.50639 16.8661 1.28602 -3.51814 16.9192 1.37344
-3.5507 16.8799 1.42907 -3.59952 16.7247 1.41505 -3.67633 16.5101 1.37973 -3.77283
16.5086 1.70225 -3.98791 16.5116 1.99076 -4.15599 16.5123 2.03432 -4.07432 15.9893
2.05924 -3.69414 13.8173 1.51524 -2.49289 16.4171 2.60614 -3.77808 16.4095 2.8635
-3.68255 16.3958 3.1135 -3.5912 16.3471 3.25908 -3.51271 15.4283 3.38094 -3.04651
15.8702 3.45636 -3.25007 16.1045 3.5124 -3.36807 15.6494 3.50546 -3.20386 15.1958
3.4995 -3.04058 14.7748 3.49492 -2.88941 13.275 3.6853 -2.43223 11.9492 2.96512
-2.09546 10.3946 2.00862 -1.43677 8.66736 1.02415 -0.74768 6.71737 0 0
6.26162 0.438128 -0.264424 5.28514 0.340939 -0.205767 4.30959 0.253223 -0.152828 3.33506
0.175495 -0.105917 3.15422 0 0 3.11475 0.100405 -0.0446374 3.0467 0.0704369
-0.0313142 2.97827 0.0418407 -0.0186012 2.90946 0.0146132 -0.00649661 2.87038 0 0
2.67062 0.196716 -0.0348874 2.55928 0.480496 -0.0852154 2.56479 0.865822 -0.153552 2.45889
0.990533 -0.17567 0.451146 0 0 0.787001 0.592478 -0.0672067 0.865737 0.651753
-0.0739304 0.944472 0.711027 -0.0806541 1.02321 0.770302 -0.0873777 2.86694 0 0
2.86694 1.41397e-16 -1.85091e-17 2.86694 1.41397e-16 -1.85091e-17 2.86694 1.41397e-16 -1.85091e-17 2.86694
1.41397e-16 -1.85091e-17 2.86694 0 0 2.8732 0.291933 -0.0331149 2.67408 0.253239
-0.0287257 2.4888 0.236898 -0.0268721 2.30254 0.218987 -0.0248404 1.8567 0 0
17.805 -0.144239 -0.08826 17.805 -0.144241 -0.08826 17.805 -0.144243 -0.08826 17.8049
-0.144246 -0.08826 17.8049 -0.144248 -0.08826 17.8049 -0.14425 -0.08826 17.8017 -0.144422
-0.0882597 17.7985 -0.144594 -0.0882594 17.7954 -0.144767 -0.0882591 17.7922 -0.144939 -0.0882587
17.7891 -0.145103 -0.0882614 17.7776 -0.146501 -0.0929297 17.7643 -0.148051 -0.100469 17.7492
-0.149769 -0.110858 17.7342 -0.15149 -0.121236 17.7185 -0.152156 -0.131759 17.7066 -0.153759
-0.143929 17.6942 -0.154553 -0.156418 17.6819 -0.155345 -0.168894 17.6706 -0.156028 -0.178103
17.6593 -0.154887 -0.185445 17.655 -0.155821 -0.192449 17.6489 -0.155195 -0.202528 17.6413
-0.154746 -0.216417 17.6337 -0.154292 -0.230283 17.6253 -0.151705 -0.244098 17.6231 -0.151836
-0.258865 17.6202 -0.149673 -0.27461 17.6173 -0.147499 -0.290332 17.6165 -0.145168 -0.300711
17.6153 -0.14013 -0.310355 17.6199 -0.138916 -0.318401 17.6235 -0.134467 -0.329281 17.6249
-0.12976 -0.346455 17.6263 -0.125033 -0.363587 17.6272 -0.117811 -0.3803 17.6342 -0.11264
-0.398636 17.6414 -0.103515 -0.419 17.6486 -0.0943535 -0.439322 17.657 -0.0870179 -0.449578
17.6658 -0.0768634 -0.461648 17.6757 -0.0708046 -0.470776 17.6872 -0.0596572 -0.48142 17.6999
-0.0445606 -0.50638 17.7127 -0.0294069 -0.531249 17.7263 -0.0128507 -0.555563 17.7352 0.00226314
-0.582764 17.7465 0.0240964 -0.615452 17.758 0.0451379 -0.645036 17.7699 0.0609901 -0.656807
17.7855 0.0799887 -0.675402 17.7882 0.0933745 -0.694863 17.7948 0.115015 -0.717584 17.7941
0.138735 -0.757795 17.7903 0.163471 -0.8058 17.7841 0.181638 -0.859371 17.7616 0.206146
-0.918286 17.7307 0.234789 -0.987366 17.7 0.263648 -1.05602 17.6695 0.292724 -1.12426
17.6487 0.311345 -1.18322 17.6121 0.306093 -1.23159 17.5689 0.308919 -1.27883 17.5259
0.311758 -1.3258 17.483 0.314607 -1.37251 17.4563 0.329554 -1.40767 17.4108 0.325263
-1.47989 17.3158 0.313949 -1.56331 17.2216 0.302695 -1.64605 17.1282 0.291502 -1.72811
17.0416 0.276671 -1.80289 16.8584 0.231555 -1.95233 16.6641 0.18609 -2.09928 16.4718
0.140428 -2.2447 16.412 0.150637 -2.39638 16.4131 0.180804 -2.55201 16.3388 0.157766
-2.63174 16.2607 0.141239 -2.71267 16.1836 0.124793 -2.79317 16.1075 0.108429 -2.87323
16.0139 0.082306 -2.96025 15.9678 0.0694655 -3.00134 15.9444 0.0626758 -3.03193 15.9211
0.05592 -3.06242 15.8962 0.047915 -3.09327 15.873 0.0399107 -3.12077 15.7901 0.0208319
-3.20821 15.7121 -0.00313377 -3.28924 15.6353 -0.0270477 -3.36955 15.5595 -0.0509111 -3.44914
15.488 -0.0802876 -3.523 15.3243 -0.125335 -3.70283 15.1593 -0.170216 -3.88033 14.9982
-0.214948 -4.05505 14.9422 -0.233022 -4.16373 14.921 -0.243011 -4.24679 14.8505 -0.284257
-4.39855 14.7749 -0.304322 -4.5522 14.7036 -0.323891 -4.70276 14.547 -0.344724 -4.89555
14.364 -0.419884 -5.08488 13.6728 -0.408499 -4.78688 13.518 -0.414763 -4.84195 13.9174
-0.46618 -5.32495 14.0774 -0.481149 -5.5771 14.041 -0.468106 -5.62877 14.0004 -0.438511
-5.6965 13.9609 -0.407675 -5.76353 13.9225 -0.398758 -5.82371 13.885 -0.404366 -5.87909
13.8474 -0.504615 -5.90952 12.7203 -0.500685 -5.34566 10.6814 -0.437614 -4.07447 9.24085
-0.405344 -3.25072 10.1495 -0.476911 -4.087 9.65984 -0.422725 -3.79272 11.3776 -0.618081
-5.22475 11.0446 -0.650037 -5.1216 10.7286 -0.684456 -5.02777 8.85931 -0.599894 -3.79553
7.41551 -0.534827 -2.84767 6.95946 -0.565789 -2.66504 6.50312 -0.600073 -2.48125 6.04633
-0.638324 -2.29605 5.2755 -0.613926 -1.75199 4.33056 -0.577138 -1.05287 6.38539 -0.972636
-2.42537 6.78576 -1.02664 -2.78896 6.05967 -0.916791 -2.49054 5.33359 -0.806939 -2.19212
3.68009 0.0484865 -1.23349 5.89792 -0.794996 -2.56705 6.31197 -1.03247 -2.87012 5.46779
-0.894386 -2.48626 4.64068 -0.759093 -2.11017 0.295182 0.00388913 -0.0989391 0.268236 -0.00374162
-0.0877986 0.241041 -0.0113176 -0.0765917 0.213568 -0.0188193 -0.0653143 0.180789 -0.013913 -0.0488351
0.140503 0.0033451 -0.0266329 0.230554 -0.0335963 -0.0718811 0.198204 -0.0288822 -0.0617951 0.165854
-0.0241681 -0.0517091 0.133503 -0.0194541 -0.0416231 0 0 0 17.6597 -0.168077
-0.136107 17.6597 -0.168078 -0.136108 17.6597 -0.168078 -0.136109 17.6597 -0.168079 -0.136111
17.6597 -0.168079 -0.136112 17.6597 -0.16808 -0.136113 17.6594 -0.168118 -0.136234 17.6591
-0.168156 -0.136354 17.6588 -0.168194 -0.136475 17.6586 -0.168232 -0.136595 17.6583 -0.168268
-0.13672 17.6422 -0.170547 -0.14968 17.6261 -0.172816 -0.162628 17.6104 -0.174911 -0.174795
17.5953 -0.1766 -0.18518 17.5808 -0.177457 -0.195399 17.5675 -0.178698 -0.208489 17.555
-0.179436 -0.22109 17.5405 -0.1808 -0.237217 17.5249 -0.182505 -0.255266 17.5111 -0.183242
-0.271934 17.4988 -0.184454 -0.293217 17.488 -0.184857 -0.313891 17.4787 -0.184839 -0.331557
17.4712 -0.184274 -0.345288 17.4659 -0.182755 -0.358351 17.4604 -0.18187 -0.375766 17.4577
-0.179607 -0.391512 17.4534 -0.177639 -0.4109 17.4474 -0.176009 -0.434446 17.4449 -0.173328
-0.454858 17.4419 -0.169657 -0.483911 17.4421 -0.163923 -0.512221 17.4434 -0.15878 -0.532845
17.4453 -0.15394 -0.549421 17.4506 -0.147823 -0.565809 17.453 -0.141567 -0.587566 17.4606
-0.132336 -0.607492 17.4687 -0.122569 -0.630198 17.4785 -0.110282 -0.666939 17.4931 -0.0975671
-0.699383 17.5005 -0.0851165 -0.738295 17.5126 -0.0693697 -0.778698 17.5262 -0.0540632 -0.802067
17.5398 -0.0386979 -0.825267 17.5587 -0.0231208 -0.851865 17.5669 -0.00508524 -0.88499 17.5791
0.0169776 -0.915988 17.5915 0.0391422 -0.946851 17.5935 0.0574206 -0.983141 17.5943 0.0687951
-1.01805 17.5588 0.0744738 -1.06497 17.5437 0.100631 -1.12657 17.5586 0.145711 -1.19817
17.5582 0.171466 -1.24332 17.547 0.180815 -1.29105 17.52 0.171463 -1.3196 17.476
0.163235 -1.33545 17.4418 0.164096 -1.36654 17.414 0.170845 -1.40737 17.3725 0.172436
-1.43817 17.3304 0.159918 -1.47225 17.2843 0.157081 -1.49792 17.2384 0.154262 -1.52353
17.1486 0.128004 -1.54466 17.0648 0.0876401 -1.55165 16.9224 0.0319114 -1.60021 16.7827
-0.00908704 -1.63962 16.7001 -0.0209711 -1.69426 16.6184 -0.0325965 -1.74887 16.5112 -0.0660084
-1.77903 16.3265 -0.162735 -1.87138 16.1347 -0.224649 -1.95938 15.9448 -0.286897 -2.04719
15.7566 -0.349492 -2.1348 15.4518 -0.548634 -2.19937 15.3283 -0.62827 -2.26076 15.1327
-0.714301 -2.32602 14.9327 -0.80111 -2.39146 14.7341 -0.888969 -2.45645 14.5076 -0.991577
-2.51171 14.4073 -1.05513 -2.56845 14.3151 -1.08271 -2.61902 14.2235 -1.11015 -2.66949
14.1326 -1.13743 -2.71986 14.0638 -1.15808 -2.7581 13.9605 -1.19035 -2.81863 13.858
-1.22242 -2.87905 13.7715 -1.30338 -2.92698 13.6887 -1.39428 -2.97227 13.6021 -1.48782
-3.02482 13.4576 -1.66161 -3.14588 13.2607 -1.88002 -3.26673 12.9993 -1.97962 -3.43557
12.7847 -2.13723 -3.55824 12.623 -2.39074 -3.62005 12.3502 -2.60183 -3.81699 12.0814
-2.79073 -4.01627 11.8738 -3.09483 -4.15401 11.6387 -3.27417 -4.31017 11.3931 -3.46243
-4.4815 11.2991 -3.68453 -4.60612 11.2117 -3.90953 -4.72696 10.4701 -3.6638 -4.26018
9.41195 -3.17736 -3.52701 8.36911 -2.70339 -2.81862 8.32308 -2.67657 -2.82263 8.27731
-2.64979 -2.8268 8.21833 -2.63617 -2.80432 8.15584 -2.62595 -2.77488 8.09165 -2.61546
-2.7446 7.68836 -2.58216 -2.53528 7.28252 -2.55092 -2.32089 6.87356 -2.52198 -2.10064
6.76692 -2.82291 -2.059 7.02766 -3.5067 -2.22025 8.18049 -5.13709 -3.07748 8.23069
-5.65111 -3.26793 7.67296 -5.2772 -3.17633 4.94551 -3.31422 -1.5937 3.53239 -2.21777
-0.849976 3.62254 -2.36697 -0.80268 3.6821 -2.47838 -0.749223 3.59013 -2.41197 -0.666871
3.16753 -1.95289 -0.447082 2.68214 -1.44756 -0.218155 5.27385 -4.43531 -0.567537 7.07023
-6.42695 -0.802791 7.1019 -6.53881 -0.813632 6.65838 -6.13045 -0.76282 1.76547 -0.952832
-0.143597 1.95275 -1.12139 -0.064341 2.14553 -1.29419 0.01626 2.25439 -1.34809 0.0952011
2.13233 -1.13724 0.15899 1.98346 -0.911058 0.224111 3.70287 -2.033 0.48565 3.10838
-1.70661 0.407681 2.5139 -1.38022 0.329711 1.91942 -1.05383 0.251742 0.429498 -0.188912
0.0550093 2.40544 -1.16186 0.455739 3.36252 -1.62414 0.637069 3.46207 -1.67223 0.655931
1.98913 -0.96078 0.376865 0.431849 -0.189946 0.0553105 0.436231 -0.183161 0.0662592 0.437682
-0.175312 0.0765643 0.436273 -0.166431 0.0862338 0.360824 -0.126748 0.0699106 0.252343 -0.0739086
0.0415957 0.500445 -0.164193 0.133565 1.06162 -0.348313 0.283339 1.67071 -0.548149 0.445898
2.27979 -0.747985 0.608457 1.58743 -0.395228 0.367146 2.12007 -0.570964 0.51375 2.65615
-0.747275 0.660998 2.61779 -0.7197 0.64234 2.41719 -0.634843 0.576987 2.22469 -0.553887
0.514531 4.24309 -1.13439 1.00627 6.30293 -1.72552 1.50768 8.37698 -2.32029 2.01242
7.91788 -2.12761 1.9048 5.58041 -1.35417 1.34933 9.17331 -2.3562 2.02812 11.9076
-3.06335 2.48061 13.8722 -3.3487 2.60432 14.0101 -3.06998 2.31526 12.6752 -2.34704
1.70166 13.5089 -2.83169 2.06207 14.3633 -3.32265 2.4325 14.3308 -3.36661 2.428
13.4133 -2.96518 2.09285 12.4397 -2.53705 1.73071 13.2444 -2.85655 2.02845 13.9159
-3.12414 2.28164 13.7406 -3.05374 2.20411 13.375 -2.88789 2.02264 12.7527 -2.59353
1.7009 13.0678 -2.73479 1.86255 12.9668 -2.69075 1.79735 12.866 -2.64656 1.73164
12.7655 -2.60222 1.66541 12.6395 -2.56077 1.6123 12.6814 -2.56435 1.62263 12.6739
-2.56436 1.6198 12.6665 -2.56437 1.61699 12.6591 -2.5644 1.61418 12.6519 -2.56473
1.61007 12.6034 -2.57376 1.57218 12.5573 -2.5837 1.53546 12.5002 -2.58809 1.48565
12.3961 -2.56984 1.38494 12.233 -2.52278 1.2197 12.273 -2.56971 1.25544 12.2381
-2.58876 1.21088 12.2059 -2.60873 1.16771 12.1762 -2.62962 1.12591 12.146 -2.65398
1.08074 12.1481 -2.67944 1.06967 12.141 -2.69922 1.06805 12.1319 -2.71783 1.0689
12.1235 -2.73667 1.07002 12.0932 -2.74866 1.04384 12.2019 -2.80745 1.10856 12.3053
-2.85873 1.16694 12.3917 -2.93066 1.21669 12.4618 -3.02513 1.25799 12.5324 -3.16469
1.29194 12.6534 -3.18175 1.38023 12.7379 -3.23503 1.47989 12.787 -3.24661 1.58038
12.8261 -3.26632 1.68145 12.8364 -3.31727 1.78881 12.9522 -3.33683 1.87477 13.0197
-3.34402 1.97393 13.0844 -3.35084 2.07275 13.1474 -3.35758 2.17091 13.2109 -3.36448
2.27192 13.2826 -3.38365 2.36794 13.3437 -3.40264 2.4641 13.3887 -3.42135 2.5608
13.4306 -3.43925 2.65632 13.3161 -3.37837 2.68632 13.4971 -3.44316 2.99505 13.5551
-3.44899 3.25027 13.5818 -3.45353 3.49001 13.3724 -3.41079 3.58303 12.9872 -3.32062
3.57628 13.1893 -3.38359 3.97451 13.1589 -3.38066 4.21038 12.9992 -3.33473 4.36414
12.8547 -3.28281 4.54454 12.6502 -3.21127 4.6993 12.6483 -3.21862 4.72699 12.6358
-3.21779 4.74461 12.6177 -3.21258 4.75685 12.5995 -3.20735 4.76906 12.582 -3.20233
4.7807 12.5044 -3.17982 4.96742 12.3971 -3.16428 5.09851 12.2745 -3.14197 5.21388
12.1055 -3.09603 5.27838 11.8828 -3.02469 5.29657 11.8386 -3.01788 5.34703 11.7858
-3.01062 5.34487 11.7327 -3.00333 5.34124 11.6796 -2.99604 5.33757 11.6267 -2.98879
5.33388 11.5009 -2.96524 5.35171 11.3764 -2.92718 5.37132 11.2509 -2.88869 5.39056
11.1249 -2.84988 5.40834 11.0739 -2.82148 5.30582 11.0039 -2.8101 5.28503 10.9316
-2.79216 5.26307 10.8553 -2.76361 5.23924 10.7788 -2.73496 5.2154 10.7037 -2.70677
5.19202 10.5885 -2.66472 5.18176 10.4726 -2.6223 5.17164 10.3528 -2.57567 5.17471
10.2018 -2.51631 5.13049 10.0321 -2.45039 5.05232 9.93103 -2.45454 5.03845 9.83508
-2.4601 5.0243 9.66857 -2.41198 4.95766 9.48354 -2.33989 4.84617 9.29948 -2.26474
4.72093 9.17825 -2.23578 4.68187 9.07245 -2.21479 4.64831 9.00015 -2.21112 4.62661
8.92792 -2.20749 4.60494 8.85811 -2.20402 4.58402 8.70808 -2.15784 4.54596 8.55759
-2.11105 4.50804 8.40656 -2.0951 4.44412 8.2681 -2.08222 4.41559 8.15935 -2.13902
4.38042 8.0621 -2.16949 4.36681 8.04611 -2.21072 4.34779 8.03288 -2.25247 4.32857
8.02038 -2.29449 4.3093 8.011 -2.3282 4.2939 7.99891 -2.42712 4.28081 7.99003
-2.52769 4.26855 7.9844 -2.6299 4.25712 7.96275 -2.71973 4.22585 7.82488 -2.74136
4.12921 7.8109 -2.73058 4.13234 7.79653 -2.73904 4.13033 7.78137 -2.79903 4.11459
7.76665 -2.85911 4.09891 7.75235 -2.91927 4.08328 7.61742 -3.04644 4.02027 7.49952
-3.17711 3.95574 7.5975 -3.30893 3.82216 7.53715 -3.45969 3.62482 7.55507 -3.78435
3.33119 7.4831 -3.65386 3.50439 7.42949 -3.57905 3.57403 7.43158 -3.62185 3.4372
7.44136 -3.66773 3.30008 7.43464 -3.73123 3.10524 7.43393 -3.7318 3.10467 7.43322
-3.73237 3.10411 7.43251 -3.73294 3.10354 7.43275 -3.73313 3.10236 7.43346 -3.73313
3.10088 7.41994 -3.73958 3.09576 7.41773 -3.7459 3.09433 7.41498 -3.75213 3.07093
7.41052 -3.75856 3.04169 7.40616 -3.76529 3.01176 7.39478 -3.78621 2.90927 7.38622
-3.80923 2.80694 7.38052 -3.83437 2.70477 7.38692 -3.87023 2.59929 7.40898 -3.91937
2.49164 7.40919 -3.81562 2.47278 7.39584 -3.78183 2.39987 7.42664 -3.81291 2.2848
7.44484 -3.86191 2.15238 7.46889 -3.91751 2.0114 7.47513 -3.92114 2.00306 7.4814
-3.92478 1.99472 7.4877 -3.92844 1.98638 7.48634 -3.92701 1.97925 7.48207 -3.92364
1.9726 7.5503 -3.89343 1.96295 7.64843 -3.8664 1.95073 7.6977 -3.86872 1.87311
7.72651 -3.87957 1.77689 7.65582 -3.92318 1.60037 7.71542 -3.88249 1.62322 7.76218
-3.90505 1.57428 7.78856 -3.90839 1.52159 7.80506 -3.90212 1.46727 7.82564 -3.89491
1.40345 7.82879 -3.88848 1.38643 7.83207 -3.88211 1.36946 7.83548 -3.87581 1.35253
7.84387 -3.8755 1.33283 7.86447 -3.88985 1.306 7.86705 -3.88946 1.29533 7.86965
-3.88908 1.28469 7.87227 -3.8887 1.27408 7.88618 -3.89514 1.26629 7.90572 -3.90498
1.25995 7.95212 -3.91489 1.18594 8.02081 -3.94165 1.11938 8.09154 -3.96915 1.05448
8.10855 -3.96216 0.968037 8.27829 -4.04258 0.924599 8.27391 -4.02676 0.88472 8.32251
-4.02869 0.849657 8.41411 -4.04495 0.818661 8.51979 -4.0657 0.789458 8.66441 -4.09273
0.760708 8.67387 -4.09422 0.757941 8.68332 -4.0957 0.755179 8.69278 -4.09718 0.752422
8.70747 -4.0976 0.750429 8.72531 -4.09736 0.748904 8.8089 -4.07551 0.707964 8.88856
-4.05615 0.67051 8.92961 -4.04043 0.636669 9.07959 -4.05056 0.597993 9.26284 -4.06896
0.559382 9.33559 -4.03281 0.521854 9.43354 -3.98954 0.471714 9.55899 -3.9522 0.393897
9.68227 -3.91443 0.31795 9.82725 -3.86915 0.238284 9.84433 -3.86126 0.231252 9.86282
-3.85343 0.219053 9.8822 -3.84562 0.203521 9.90152 -3.8378 0.188058 9.92144 -3.82969
0.172145 9.99376 -3.80125 0.123746 10.0654 -3.77247 0.0760958 10.1587 -3.73816 0.0236866
10.2433 -3.68648 -0.0124063 10.2934 -3.61272 -0.01754 10.419 -3.59334 -0.104961 10.5458
-3.57497 -0.192051 10.6387 -3.53466 -0.240516 10.739 -3.48115 -0.262246 10.8267 -3.42408
-0.278433 10.8961 -3.37319 -0.338978 10.9637 -3.33159 -0.373408 11.0263 -3.27891 -0.409404
11.0884 -3.22576 -0.445296 11.1355 -3.17314 -0.461143 11.1657 -3.16272 -0.480637 11.1777
-3.15419 -0.483229 11.1876 -3.14585 -0.483939 11.1976 -3.1375 -0.484657 11.2079 -3.12876
-0.485416 11.2449 -3.10027 -0.494344 11.2818 -3.0716 -0.503234 11.3208 -3.03959 -0.513383
11.3616 -3.00027 -0.523806 11.3706 -2.95589 -0.5063 11.442 -2.90735 -0.542984 11.4995
-2.85522 -0.566415 11.5528 -2.8019 -0.584824 11.6086 -2.75073 -0.59589 11.666 -2.70202
-0.600459 11.6797 -2.66104 -0.592327 11.7002 -2.62325 -0.579129 11.7118 -2.58694 -0.563886
11.7136 -2.5466 -0.540921 11.6965 -2.4951 -0.493795 11.7529 -2.44472 -0.5134 11.7799
-2.39681 -0.515581 11.8001 -2.34916 -0.51382 11.8166 -2.30148 -0.509821 11.8155 -2.25414
-0.486431 11.8086 -2.23469 -0.473264 11.7954 -2.21303 -0.45445 11.7806 -2.19442 -0.435136
11.7659 -2.17566 -0.415913 11.7502 -2.15527 -0.395283 11.7436 -2.148 -0.385141 11.7371
-2.14069 -0.375023 11.7306 -2.13334 -0.36493 11.7241 -2.12594 -0.354861 11.709 -2.11325
-0.338297 11.7166 -2.08219 -0.327412 11.7165 -2.04714 -0.311176 11.7138 -2.01041 -0.293259
11.709 -1.97212 -0.274006 11.6893 -1.90363 -0.261106 11.6697 -1.91464 -0.225566 11.638
-1.8989 -0.190494 11.6065 -1.87984 -0.155785 11.5752 -1.86046 -0.12133 11.5268 -1.83144
-0.0792004 11.5333 -1.80115 -0.0638104 11.5241 -1.76758 -0.0423117 11.5176 -1.72945 -0.0259017
11.5155 -1.68419 -0.0175814 11.4957 -1.62602 -0.00572692 11.4787 -1.64171 0.0280523 11.4446
-1.63706 0.0611718 11.4107 -1.63224 0.0941136 11.3714 -1.62937 0.12804 11.3153 -1.61426
0.161449 11.2658 -1.57668 0.208541 11.2285 -1.53597 0.245301 11.1919 -1.49397 0.28131
11.1638 -1.44562 0.310351 11.1029 -1.40747 0.353015 11.099 -1.40203 0.356782 11.0911
-1.39691 0.360136 11.0859 -1.39663 0.363792 11.085 -1.38565 0.363115 11.084 -1.37432
0.362412 11.0751 -1.33356 0.370515 11.0637 -1.29581 0.380592 11.052 -1.25746 0.390487
11.0402 -1.21853 0.4002 11.0162 -1.16197 0.395154 11.0034 -1.13618 0.40651 10.9944
-1.06411 0.389597 10.9832 -1.02064 0.381893 10.9701 -1.01728 0.387403 10.951 -0.968007
0.374862 10.9702 -0.951625 0.361209 10.9822 -0.928655 0.34742 10.9829 -0.896394 0.332794
10.9663 -0.860945 0.319001 10.9404 -0.823758 0.30577 10.9279 -0.808186 0.308545 10.9144
-0.794862 0.311789 10.8974 -0.788745 0.317519 10.8794 -0.784551 0.324844 10.8615 -0.780731
0.332355 10.8288 -0.742224 0.346046 10.8124 -0.712065 0.341886 10.7939 -0.682904 0.337716
10.7612 -0.648424 0.333149 10.7224 -0.612384 0.313723 10.6825 -0.581251 0.348467 10.6587
-0.534455 0.335536 10.623 -0.499129 0.326091 10.5999 -0.495174 0.315118 10.5757 -0.486821
0.279923 10.5217 -0.450008 0.298132 10.4882 -0.424902 0.285148 10.4601 -0.403055 0.261737
10.4251 -0.383532 0.231965 10.4125 -0.389688 0.175099 10.356 -0.360685 0.186702 10.3083
-0.336234 0.176331 10.2767 -0.321792 0.145217 10.2506 -0.330807 0.103886 10.2272 -0.369049
0.0518778 10.1963 -0.326398 0.0453227 10.1699 -0.304605 0.0221914 10.1411 -0.296081 -0.0103146
10.1229 -0.299134 -0.059381 10.1275 -0.322328 -0.134981 10.0841 -0.307244 -0.121669 10.0485
-0.297181 -0.133604 10.0226 -0.29326 -0.165584 9.99595 -0.310911 -0.207682 9.95945 -0.357046
-0.261722 9.9678 -0.326218 -0.273971 9.95811 -0.319034 -0.29995 9.93579 -0.320189 -0.332588
9.92058 -0.32615 -0.377332 9.93051 -0.349638 -0.45733 9.89781 -0.352167 -0.442746 9.87833
-0.356974 -0.469317 9.8608 -0.362398 -0.503086 9.84008 -0.370118 -0.533702 9.78489 -0.408361
-0.578241 9.82167 -0.397338 -0.602096 9.79774 -0.406754 -0.631526 9.78453 -0.417887 -0.666714
9.77088 -0.429061 -0.701818 9.7654 -0.446527 -0.764944 9.74723 -0.465462 -0.773917 9.7372
-0.48452 -0.811042 9.72672 -0.503614 -0.84805 9.70384 -0.520128 -0.882432 9.66056 -0.539216
-0.91896 9.66385 -0.549132 -0.934951 9.64583 -0.558456 -0.952802 9.62769 -0.567771 -0.970617
9.62093 -0.580001 -0.988788 9.61712 -0.590506 -1.00374 9.61529 -0.605342 -1.02187 9.6134
-0.620178 -1.0399 9.61147 -0.635015 -1.05781 9.60947 -0.649853 -1.0756 9.58549 -0.667374
-1.09618 9.60038 -0.697984 -1.12873 9.59645 -0.732967 -1.16426 9.59231 -0.767955 -1.19937
9.58795 -0.80295 -1.23405 9.56962 -0.829518 -1.28768 9.557 -0.873499 -1.30908 9.5395
-0.913632 -1.34576 9.52091 -0.954102 -1.38209 9.50177 -0.994591 -1.41793 9.43783 -1.02808
-1.45185 9.45878 -1.06117 -1.47882 9.43773 -1.08998 -1.50076 9.41645 -1.11883 -1.52245
9.39494 -1.14771 -1.54389 9.38913 -1.16695 -1.55988 9.39125 -1.17945 -1.57192 9.39336
-1.19195 -1.58392 9.39546 -1.20445 -1.59588 9.39756 -1.21696 -1.6078 9.38521 -1.22959
-1.61791 9.40253 -1.2707 -1.65142 9.40247 -1.3071 -1.68048 9.40093 -1.34373 -1.70904
9.37459 -1.38188 -1.73329 9.35722 -1.40683 -1.7567 9.37774 -1.46347 -1.78754 9.37406
-1.49713 -1.80319 9.35893 -1.52411 -1.81254 9.33539 -1.54962 -1.8188 9.24066 -1.5618
-1.80031 9.28215 -1.59479 -1.82062 9.25285 -1.60841 -1.80723 9.22377 -1.62221 -1.79391
9.20103 -1.6375 -1.78338 9.20076 -1.65774 -1.78286 9.20594 -1.66654 -1.78505 9.21115
-1.67536 -1.78724 9.21637 -1.6842 -1.78943 9.22162 -1.69306 -1.79162 9.19992 -1.69712
-1.78238 9.23557 -1.72425 -1.78405 9.24192 -1.74972 -1.77354 9.2486 -1.77552 -1.76314
9.23601 -1.80015 -1.74214 9.21923 -1.81413 -1.70026 9.24506 -1.84423 -1.70275 9.23417
-1.86558 -1.67634 9.20865 -1.88534 -1.63865 9.18358 -1.9056 -1.60122 9.11261 -1.92267
-1.5421 9.14316 -1.93508 -1.54157 9.1274 -1.9437 -1.51941 9.11175 -1.95243 -1.49731
9.0962 -1.96128 -1.47528 9.08153 -1.9698 -1.45439 9.08553 -1.98302 -1.43916 9.10318
-1.99581 -1.43099 9.12097 -2.00871 -1.42289 9.13889 -2.02171 -1.41487 9.09001 -2.0277
-1.3758 9.15717 -2.05805 -1.36911 9.17089 -2.08269 -1.34341 9.18513 -2.10778 -1.31801
9.18025 -2.12491 -1.27736 9.1409 -2.13237 -1.21732 9.1339 -2.16954 -1.18896 9.13406
-2.19322 -1.15659 9.12993 -2.21701 -1.1247 9.12349 -2.24264 -1.09363 9.07274 -2.26276
-1.0472 9.09123 -2.29684 -1.02046 9.09151 -2.32656 -0.995652 9.09367 -2.3504 -0.963348
9.09624 -2.3747 -0.931179 9.09949 -2.39775 -0.899136 9.09698 -2.41185 -0.890204 9.09819
-2.42224 -0.88087 9.09944 -2.43269 -0.871552 9.10075 -2.44319 -0.862251 9.10225 -2.4549
-0.851959 9.10311 -2.46112 -0.846432 9.10399 -2.46736 -0.840912 9.10489 -2.47362 -0.835398
9.10406 -2.47995 -0.829542 9.09907 -2.48627 -0.82299 9.10197 -2.49977 -0.812957 9.10153
-2.51313 -0.80206 9.10033 -2.52652 -0.790975 9.09937 -2.53964 -0.77958 9.07938 -2.55037
-0.763137 9.10261 -2.5779 -0.739918 9.10755 -2.61201 -0.720249 9.11288 -2.64644 -0.700624
9.1186 -2.6812 -0.681044 9.11344 -2.70438 -0.653844 9.12885 -2.74916 -0.638909 9.14874
-2.7917 -0.630172 9.15455 -2.82311 -0.606193 9.15498 -2.85031 -0.576204 9.14139 -2.89126
-0.569494 9.1672 -2.92488 -0.538455 9.17854 -2.95745 -0.52232 9.18643 -2.9899 -0.509949
9.19457 -3.02252 -0.497589 9.20744 -3.05293 -0.485951 9.20956 -3.05679 -0.484384 9.21169
-3.06064 -0.482816 9.21382 -3.0645 -0.481249 9.215 -3.06851 -0.479893 9.21324 -3.07296
-0.479187 9.22993 -3.11294 -0.460783 9.24817 -3.15336 -0.448823 9.26691 -3.19282 -0.438696
9.2895 -3.22372 -0.423897 9.31836 -3.24117 -0.40156 9.32073 -3.29998 -0.382356 9.33547
-3.35007 -0.36809 9.35272 -3.37806 -0.34757 9.37875 -3.40364 -0.344608 9.41307 -3.43011
-0.353128 9.42408 -3.47183 -0.320533 9.4404 -3.49235 -0.304407 9.45938 -3.50218 -0.2966
9.47842 -3.51204 -0.288798 9.49554 -3.52691 -0.279214 9.49917 -3.53849 -0.273492 9.50281
-3.55008 -0.267761 9.50647 -3.56167 -0.262022 9.51219 -3.57095 -0.260662 9.52168 -3.57606
-0.267242 9.52409 -3.61924 -0.222198 9.54072 -3.65767 -0.20039 9.5606 -3.68226 -0.184393
9.62232 -3.68354 -0.192456 9.69918 -3.67663 -0.209132 9.68827 -3.7378 -0.168995 9.68026
-3.79471 -0.136587 9.70861 -3.79566 -0.136572 9.73769 -3.79493 -0.138143 9.79002 -3.7787
-0.168994 9.79517 -3.79599 -0.149307 9.8052 -3.79878 -0.141329 9.81838 -3.79224 -0.140913
9.83156 -3.78572 -0.140499 9.84465 -3.77925 -0.140088 9.87307 -3.77577 -0.138055 9.90094
-3.77528 -0.135688 9.92685 -3.78553 -0.132088 10.3221 -3.66201 -0.131019 11.2857 -3.33277
-0.13402 9.99331 -3.8275 -0.0853456 10.0466 -3.83069 -0.082382 10.1098 -3.83521 -0.0837277
10.1826 -3.82961 -0.0789563 10.3088 -3.92602 -0.114438 10.2913 -3.90675 -0.055587 10.3354
-3.89612 -0.0439928 10.3567 -3.88788 -0.0156497 10.7068 -3.74617 -0.00157866 12.8336 -2.88298
-0.0644962 11.6958 -3.39046 -0.0180848 12.0767 -3.21879 -0.0186743 12.4297 -3.05941 -0.0189704
12.7578 -2.91093 -0.0190073 12.8978 -2.84748 -0.0189189 12.6969 -2.9289 -0.0133619 12.4869
-3.01418 -0.00767154 12.2644 -3.10635 -0.00311103 12.0292 -3.20518 0.000622392 12.9118 -2.83436
-0.0133735 11.3321 -3.51612 0.0224359 10.7111 -3.77763 0.0386535 10.5485 -3.84856 0.0471615
10.6876 -3.79433 0.0501982 12.9931 -2.83949 0.0142472 10.9111 -3.74157 0.0642992 10.627
-3.86771 0.0750155 10.6445 -3.86579 0.0846387 10.696 -3.84934 0.0950453 12.9743 -2.83852
0.0397813 10.9643 -3.76435 0.09793 11.6351 -3.44941 0.0905767 12.2216 -3.17199 0.0848073
12.7394 -2.92562 0.0801801 12.9439 -2.83397 0.0764996 12.9449 -2.85202 0.0806494 12.9469
-2.86911 0.0881158 12.9496 -2.88542 0.0990203 12.9507 -2.90247 0.109968 12.8848 -2.85337
0.100651 12.921 -2.9196 0.151537 12.8911 -2.94403 0.171816 12.8623 -2.98072 0.184114
12.793 -2.9936 0.19275 14.4749 -2.20667 0.090472 12.7194 -3.01194 0.225511 12.7051
-3.09895 0.286122 12.6289 -3.13635 0.294359 13.3602 -2.82193 0.271824 14.6626 -2.28117
0.227237 13.7725 -2.68529 0.303758 13.1276 -2.98283 0.362225 13.5676 -2.79773 0.337566
14.3191 -2.47727 0.307707 15.5549 -1.9672 0.257138 14.6352 -2.39241 0.341573 14.8816
-2.27478 0.333435 15.1729 -2.14039 0.314102 15.4427 -2.01769 0.293288 16.2014 -1.707
0.240058 15.8969 -1.85882 0.280231 16.0929 -1.75643 0.259007 16.2774 -1.6613 0.239954
16.4584 -1.57901 0.229686 16.6246 -1.50416 0.220772 16.6045 -1.51379 0.223475 16.5842
-1.52349 0.226191 16.5638 -1.53327 0.228922 16.5432 -1.54312 0.231667 16.6176 -1.50957
0.229582 16.346 -1.66733 0.257248 16.1443 -1.79093 0.281636 15.9072 -1.91018 0.305829
15.6365 -2.02738 0.330186 16.5688 -1.62928 0.243794 15.1866 -2.32559 0.391062 14.8555
-2.49149 0.42525 14.5198 -2.69288 0.461742 14.4827 -2.74268 0.47796 16.3368 -1.66845
0.354185 14.5776 -2.86182 0.514774 13.3377 -3.69932 0.634694 12.8121 -4.04134 0.69593
14.3967 -3.15836 0.504262 16.3775 -2.01284 0.279204 14.6165 -3.21576 0.530461 12.8425
-4.39977 0.78858 13.0117 -4.25542 0.788958 14.0937 -3.36158 0.684706 15.795 -1.97231
0.519436 14.3427 -3.4215 0.673767 14.4285 -3.30965 0.665862 14.7352 -3.05189 0.634851
15.0165 -2.82221 0.606462 15.7244 -2.24385 0.509475 15.3871 -2.55534 0.566855 15.4722
-2.48377 0.556631 15.555 -2.41499 0.546637 15.6355 -2.34887 0.53686 15.6828 -2.31062
0.531103 15.5295 -2.43999 0.54868 15.3647 -2.57612 0.567742 15.172 -2.71059 0.591386
14.9494 -2.84311 0.619944 15.6102 -2.44386 0.534166 14.5128 -3.24969 0.688187 14.1473
-3.54154 0.734634 13.7646 -3.87695 0.779422 13.8479 -3.75371 0.780492 15.1838 -2.42907
0.658758 13.8642 -3.78651 0.809099 13.5291 -4.08104 0.851495 13.5266 -4.02592 0.862642
13.5257 -3.98191 0.886122 14.9475 -2.7186 0.682697 13.5764 -3.9344 0.908203 13.5769
-3.896 0.929529 13.5779 -3.85708 0.950614 13.5794 -3.81765 0.971453 14.392 -2.81428
0.911544 13.7922 -3.5637 0.960983 13.9438 -3.38718 0.951026 14.0871 -3.22432 0.941498
14.2222 -3.07322 0.932495 14.2575 -3.03436 0.930135 14.1039 -3.16936 0.954084 13.9416
-3.3099 0.97942 13.7702 -3.45632 1.00623 13.6518 -3.55933 1.02731 14.1474 -3.17504
0.977555 13.726 -3.56235 1.04657 13.7591 -3.51546 1.05757 13.7923 -3.46881 1.06835
13.8497 -3.40134 1.07974 13.9066 -3.34132 1.08734 13.9126 -3.33368 1.08912 13.9185
-3.32604 1.0909 13.9244 -3.31841 1.09268 13.9303 -3.31078 1.09446 13.9462 -3.30854
1.09272 14.0971 -3.25859 1.10582 15.2907 -2.37595 0.95484 15.9225 -1.93089 0.862341
16.1162 -1.83275 0.825243 17.2369 -0.736973 0.746072 16.3779 -1.77977 0.801671 16.4557
-1.63433 0.807682 16.5549 -1.55635 0.778944 16.6524 -1.48945 0.747426 17.1388 -1.00215
0.625098 16.8553 -1.40871 0.676578 16.9597 -1.39056 0.635224 17.0649 -1.37371 0.593362
17.1306 -1.29433 0.585556 17.1374 -1.28251 0.585689 17.1322 -1.27275 0.601074 17.1258
-1.2636 0.616593 17.2436 -1.2147 0.612956 17.3872 -1.1581 0.604734 17.3836 -1.22621
0.556992 17.4518 -1.11837 0.620752 17.5585 -1.04099 0.615944 18.139 -0.707017 0.509306
18.7263 -0.374991 0.395604 19.4036 -0.109786 0.128716 19.0313 -0.224611 0.313656 19.0321
-0.233446 0.307269 19.0172 -0.237323 0.313335 19.0019 -0.24127 0.319508 19.415 -0.125232
0.106491 18.983 -0.273378 0.303477 18.9795 -0.281286 0.297974 18.9624 -0.286427 0.304536
18.945 -0.29167 0.311227 19.422 -0.13581 0.0850134 18.928 -0.31816 0.291897 18.9218
-0.327342 0.286124 18.9032 -0.33373 0.292586 18.8839 -0.340155 0.299579 19.429 -0.14665
0.0615404 18.8721 -0.394991 0.277043 18.8566 -0.406119 0.277954 18.6471 -0.551614 0.286708
18.4102 -0.714331 0.298954 18.8712 -0.522739 0.116553 17.5259 -0.190139 -0.170288 17.5259
-0.190139 -0.17029 17.5259 -0.19014 -0.170292 17.5259 -0.190141 -0.170294 17.5259 -0.190141
-0.170296 17.5259 -0.190142 -0.170298 17.5255 -0.19021 -0.170519 17.5251 -0.190277 -0.17074
17.5247 -0.190345 -0.170961 17.5243 -0.190413 -0.171182 17.524 -0.190477 -0.171403 17.5081
-0.192823 -0.18432 17.4923 -0.195159 -0.197237 17.4765 -0.197499 -0.21015 17.4547 -0.201415
-0.22902 17.432 -0.204569 -0.24865 17.4131 -0.208488 -0.271841 17.3946 -0.211624 -0.294564
17.3794 -0.213364 -0.312364 17.3643 -0.215102 -0.330145 17.3487 -0.215811 -0.348821 17.3381
-0.217327 -0.368968 17.3277 -0.217782 -0.389515 17.3173 -0.218228 -0.410042 17.3042 -0.219812
-0.435293 17.2902 -0.220613 -0.462285 17.2816 -0.220977 -0.493537 17.2743 -0.219744 -0.522919
17.2689 -0.218122 -0.545976 17.2636 -0.216482 -0.568991 17.258 -0.213819 -0.594766 17.2566
-0.210358 -0.62127 17.2573 -0.204624 -0.649245 17.2581 -0.198858 -0.677172 17.2594 -0.192809
-0.711266 17.2625 -0.185576 -0.754322 17.2694 -0.177529 -0.800396 17.2797 -0.165939 -0.840516
17.2903 -0.153291 -0.876101 17.3009 -0.140584 -0.911582 17.3143 -0.129741 -0.954493 17.3261
-0.113805 -0.997104 17.339 -0.0975796 -1.03658 17.3521 -0.0812775 -1.07592 17.3653 -0.0648987
-1.11512 17.3649 -0.0663901 -1.1484 17.3506 -0.0583036 -1.18532 17.3519 -0.0388793 -1.22597
17.3534 -0.0192831 -1.2665 17.3551 0.000485014 -1.30691 17.3415 0.000423324 -1.33555 17.2994
0.00118158 -1.38492 17.251 0.00153065 -1.42111 17.2028 0.00200552 -1.45712 17.1549 0.00260697
-1.49297 17.0968 -0.0280582 -1.5295 17.0894 -0.0337597 -1.53086 17.0814 -0.0405904 -1.53078
17.0735 -0.0474255 -1.5307 17.0655 -0.0542652 -1.53061 17.0575 -0.061057 -1.53053 16.9966
-0.0824097 -1.53573 16.9343 -0.102272 -1.54126 16.8721 -0.122196 -1.54679 16.81 -0.142183
-1.5523 16.7423 -0.172822 -1.5547 16.6262 -0.219718 -1.56277 16.4861 -0.278183 -1.55881
16.3461 -0.336984 -1.55482 16.2062 -0.396129 -1.55082 16.0751 -0.480424 -1.53975 15.9191
-0.588962 -1.57624 15.6638 -0.7144 -1.56755 15.4092 -0.84122 -1.55883 15.1522 -0.977776
-1.54803 14.8302 -1.27368 -1.49812 14.6278 -1.37357 -1.58743 14.2332 -1.55475 -1.63461
13.7512 -1.80724 -1.61462 13.1941 -2.18563 -1.61145 12.6371 -2.75304 -1.57374 12.4003
-2.9722 -1.61865 12.1775 -3.20757 -1.62623 11.9903 -3.47685 -1.62093 11.8088 -3.75356
-1.61361 11.5711 -4.06545 -1.59103 11.5253 -4.09901 -1.602 11.49 -4.14502 -1.60676
11.46 -4.19726 -1.60841 11.4302 -4.24967 -1.60997 11.404 -4.29625 -1.61129 11.3096
-4.48247 -1.61966 11.1986 -4.6573 -1.63036 11.0768 -4.82403 -1.64252 10.9583 -4.99077
-1.65391 10.8521 -5.14439 -1.66369 10.7124 -5.39873 -1.66594 10.5797 -5.6532 -1.66637
10.5772 -5.96767 -1.59744 10.6281 -6.30682 -1.50008 10.6126 -6.64299 -1.43138 10.5922
-7.09009 -1.40156 10.3552 -7.21298 -1.32436 9.93009 -7.06023 -1.20794 8.58131 -5.60081
-0.919997 7.13035 -3.95578 -0.627624 7.10808 -4.09176 -0.472304 7.11139 -4.2555 -0.313924
7.48722 -5.10048 -0.22752 6.76363 -4.42041 -0.0658895 6.36956 -4.29976 0.0853029 8.45208
-9.03731 0.285428 8.11863 -8.62262 0.373373 8.14946 -8.79572 0.35933 6.29689 -5.37048
0.251437 5.40765 -3.83815 0.198348 5.59667 -4.02955 0.340876 5.7944 -4.23113 0.486875
5.89857 -4.26551 0.616444 5.61589 -3.61282 0.672784 5.24964 -2.90446 0.718073 8.63761
-5.27183 1.65509 9.59301 -5.42256 2.04046 9.90459 -5.24074 2.25859 8.74802 -4.34498
2.0706 8.48013 -4.14343 2.02547 8.41479 -4.15911 2.01803 8.35348 -4.17672 2.01155
8.29623 -4.19628 2.00603 8.06859 -4.0748 1.9499 7.4664 -3.64811 1.78334 10.6176
-4.96547 2.62559 11.7108 -5.42001 2.91879 12.7994 -5.87139 3.21125 13.1783 -6.0298
3.31248 7.92367 -3.87154 1.89256 7.89759 -3.51083 1.95935 7.78313 -3.12313 2.00164
7.57964 -2.70873 2.01913 6.09338 -2.08151 1.59887 4.37432 -1.44615 1.09234 8.89136
-2.68645 2.34659 11.3763 -3.38646 3.02773 12.8906 -3.83282 3.43333 10.209 -2.99472
2.74252 7.70664 -2.21288 2.09777 12.5641 -3.65245 3.0507 14.4877 -4.04903 3.36942
14.833 -4.02237 3.42777 14.25 -3.7308 3.32905 12.8727 -3.03519 3.00116 13.5694
-3.41646 3.25039 13.2863 -3.29466 3.24175 12.9925 -3.16834 3.22964 12.6881 -3.03988
3.21366 12.4625 -2.98931 3.1955 12.4736 -3.0104 3.21602 12.4852 -3.03169 3.23679
12.4974 -3.05319 3.25781 12.5101 -3.0749 3.27908 12.3567 -3.02626 3.22731 12.7023
-3.07598 3.46005 12.7975 -3.0743 3.57555 12.5419 -2.96103 3.54654 12.2633 -2.84017
3.50826 11.9093 -2.69468 3.43996 11.9385 -2.69023 3.45349 11.9155 -2.68206 3.44854
11.8924 -2.67388 3.44359 11.8692 -2.66569 3.43863 11.8456 -2.6573 3.43355 11.5872
-2.56093 3.3934 11.3254 -2.46288 3.35173 11.0636 -2.37124 3.30193 10.8014 -2.28414
3.24588 10.2104 -2.09437 2.96916 10.2003 -2.19372 3.08674 9.96498 -2.22309 3.0507
9.51726 -2.18655 2.86885 9.18596 -2.19069 2.75499 8.72819 -2.15119 2.54602 8.69913
-2.1605 2.57922 8.64899 -2.16746 2.58349 8.59593 -2.17424 2.58358 8.54314 -2.18121
2.58381 8.49543 -2.18771 2.58415 8.41697 -2.21141 2.62947 8.34017 -2.23594 2.67626
8.25181 -2.28696 2.7115 8.17137 -2.36791 2.72878 8.15386 -2.51155 2.69306 8.131
-2.33411 2.87378 8.08497 -2.27798 2.95202 8.01155 -2.28725 2.97457 7.92105 -2.30118
2.98851 7.81046 -2.31972 3.00697 7.76868 -2.31962 3.01861 7.7271 -2.31953 3.03038
7.68571 -2.31947 3.04228 7.64259 -2.31513 3.0467 7.59264 -2.29659 3.02619 7.42613
-2.29769 3.16246 7.32351 -2.2941 3.2435 7.19683 -2.28309 3.22679 7.05869 -2.27839
3.1868 6.95671 -2.27549 3.15746 6.95091 -2.27385 3.15995 6.94511 -2.27221 3.16245
6.93931 -2.27056 3.16495 6.9326 -2.2707 3.15981 6.92516 -2.2723 3.14855 6.87283
-2.2282 3.1811 6.81541 -2.20357 3.17764 6.70892 -2.14238 3.24114 6.55195 -2.19817
3.11471 6.37816 -2.33425 2.87175 6.34906 -2.21533 2.93118 6.25554 -2.21767 2.84491
6.16866 -2.20004 2.70139 6.08211 -2.18633 2.5584 5.98642 -2.17583 2.40014 5.97879
-2.17152 2.39303 5.97116 -2.16723 2.38592 5.96352 -2.16294 2.3788 5.95541 -2.15884
2.3683 5.9457 -2.15542 2.34599 5.92692 -2.15274 2.34576 5.90938 -2.14428 2.31945
5.89272 -2.13156 2.27348 5.87601 -2.11906 2.22766 5.8583 -2.10608 2.17941 5.77701
-2.10344 2.05773 5.69596 -2.10249 1.93481 5.61522 -2.10335 1.81066 5.57474 -2.13653
1.69847 5.56057 -2.19116 1.5349 5.47471 -2.15258 1.47249 5.38843 -2.11428 1.41003
5.36763 -2.17697 1.35353 5.45727 -2.36575 1.26119 5.55077 -2.55918 1.1808 5.43585
-2.49168 1.17008 5.39538 -2.48554 1.17485 5.45069 -2.55836 1.20063 5.50784 -2.63247
1.22827 5.56474 -2.70518 1.25669 5.57291 -2.72702 1.27918 5.57265 -2.74723 1.30357
5.56423 -2.76586 1.32986 5.5902 -2.79315 1.30382 5.63855 -2.82687 1.24378 5.51401
-2.80676 1.45053 5.50291 -2.79063 1.51206 5.5091 -2.7885 1.59619 5.51828 -2.78661
1.68073 5.52102 -2.78565 1.70297 5.52681 -2.78957 1.7376 5.53275 -2.79344 1.77232
5.53886 -2.79727 1.80711 5.54511 -2.80104 1.84197 5.25487 -2.69574 1.81104 5.50289
-2.747 1.95993 5.49031 -2.72252 2.04141 5.4578 -2.68079 2.07091 5.41667 -2.651
2.10316 5.36897 -2.61564 2.14019 5.35697 -2.5897 2.15254 5.34469 -2.56346 2.16471
5.33211 -2.53693 2.17671 5.33429 -2.53027 2.18292 5.34444 -2.53437 2.18603 5.23262
-2.49233 2.17702 5.12883 -2.4507 2.17081 5.06427 -2.43814 2.16248 5.01082 -2.42028
2.1489 4.97692 -2.39179 2.12456 4.97379 -2.3992 2.1351 4.96977 -2.40415 2.14423
4.96488 -2.40676 2.15201 4.96269 -2.41216 2.15992 4.96068 -2.41737 2.16754 4.95724
-2.41817 2.17238 4.9538 -2.41893 2.17722 4.94639 -2.42816 2.18201 4.93131 -2.45403
2.18671 4.91671 -2.4796 2.19139 4.92043 -2.51168 2.20347 4.92453 -2.54403 2.21569
4.92902 -2.57662 2.22805 4.92485 -2.59535 2.23058 4.91686 -2.60852 2.22885 4.84227
-2.62371 2.24383 4.69858 -2.71036 2.2644 4.70993 -3.05836 2.31851 4.65594 -3.19536
2.3114 4.6144 -3.3206 2.30527 4.58059 -3.34629 2.30321 4.54744 -3.37208 2.30116
4.51494 -3.39797 2.29913 4.54792 -3.455 2.30775 4.61881 -3.53215 2.32266 4.55795
-3.61987 2.3315 4.50054 -3.70757 2.34036 4.59404 -3.73033 2.32286 4.71472 -3.74134
2.30099 4.8157 -3.75274 2.28422 4.7783 -3.84883 2.25434 4.74309 -3.94638 2.22434
4.75258 -4.04014 2.20168 4.93674 -4.11378 2.20925 5.19569 -4.18504 2.18473 5.24278
-4.23155 2.13168 5.29093 -4.2786 2.0789 5.47505 -4.28697 1.99066 5.696 -4.28364
1.89243 5.91738 -4.27978 1.79292 5.9463 -4.30625 1.76352 5.97713 -4.3328 1.73404
6.09716 -4.35113 1.69103 6.16198 -4.34796 1.64608 6.25613 -4.34327 1.60307 6.28002
-4.35435 1.58168 6.33369 -4.35975 1.55962 6.38765 -4.36504 1.53758 6.44135 -4.37031
1.51557 6.50499 -4.37657 1.48939 6.72388 -4.39513 1.38258 6.938 -4.41384 1.27803
7.14755 -4.43268 1.17565 7.35275 -4.45165 1.07535 7.53359 -4.45576 0.988256 7.54501
-4.45743 0.976462 7.55694 -4.45895 0.965039 7.57223 -4.45948 0.955812 7.58749 -4.46001
0.946594 7.60286 -4.46055 0.937305 7.81136 -4.49131 0.859757 8.04714 -4.49598 0.727977
8.29684 -4.513 0.606811 8.64238 -4.59137 0.534483 8.95034 -4.59879 0.333506 9.11494
-4.66973 0.333743 9.38031 -4.7362 0.274572 9.51311 -4.71301 0.193728 9.65787 -4.68201
0.128773 9.81841 -4.65643 0.0519438 9.83037 -4.66469 0.0441111 9.84232 -4.67297 0.0362992
9.85425 -4.68126 0.0285081 9.86934 -4.68173 0.0153302 9.88638 -4.67733 -0.00121164 10.0595
-4.65099 -0.0142551 10.2242 -4.61194 -0.0757231 10.4321 -4.55936 -0.15556 10.6973 -4.51183
-0.194718 10.9399 -4.39812 -0.332118 10.9491 -4.39606 -0.335088 10.9574 -4.39268 -0.338582
10.965 -4.38829 -0.342475 10.9726 -4.38391 -0.346369 10.9803 -4.37947 -0.350314 11.0484
-4.35041 -0.383647 11.1164 -4.32116 -0.417233 11.1842 -4.29174 -0.451068 11.2503 -4.24867
-0.483517 11.3307 -4.17799 -0.531939 11.4019 -4.17828 -0.52456 11.4653 -4.16718 -0.516239
11.5198 -4.13968 -0.508315 11.5801 -4.10277 -0.504483 11.6363 -4.06073 -0.496621 11.7017
-4.01718 -0.54167 11.7473 -3.97079 -0.564123 11.7899 -3.91904 -0.584729 11.8326 -3.86719
-0.60575 11.8817 -3.80736 -0.630428 11.9417 -3.75199 -0.63383 11.9767 -3.72102 -0.588676
12.0133 -3.68811 -0.549853 12.056 -3.6484 -0.539242 12.0992 -3.5911 -0.578493 12.1609
-3.50208 -0.549475 12.237 -3.40338 -0.552756 12.313 -3.30342 -0.557499 12.348 -3.21368
-0.560479 12.3711 -3.12433 -0.567358 12.381 -3.04649 -0.536243 12.3872 -2.96607 -0.516823
12.3937 -2.88446 -0.49849 12.408 -2.79054 -0.463723 12.422 -2.6957 -0.430319 12.4163
-2.68042 -0.418052 12.41 -2.66456 -0.405875 12.4038 -2.64863 -0.393743 12.3976 -2.63263
-0.381655 12.3895 -2.61147 -0.365798 12.3759 -2.55677 -0.340898 12.3658 -2.50338 -0.322948
12.3558 -2.44924 -0.305438 12.3459 -2.39434 -0.288371 12.3368 -2.33486 -0.273231 12.323
-2.30997 -0.253844 12.309 -2.28114 -0.236778 12.2951 -2.252 -0.219904 12.2811 -2.22111
-0.204063 12.2655 -2.18418 -0.188108 12.2591 -2.15316 -0.178663 12.2526 -2.12194 -0.169221
12.2435 -2.09075 -0.158515 12.2344 -2.05934 -0.147898 12.2275 -2.02807 -0.142921 12.2089
-1.97538 -0.12489 12.1845 -1.92345 -0.101628 12.16 -1.87072 -0.0786144 12.1354 -1.81717
-0.05585 12.105 -1.7636 -0.0356982 12.0886 -1.7215 -0.0152936 12.0605 -1.68238 0.00792699
12.0324 -1.64262 0.0309513 12.011 -1.59933 0.042047 11.988 -1.5543 0.0484132 11.9731
-1.51721 0.0530617 11.9518 -1.48157 0.0571237 11.9257 -1.44527 0.0673883 11.8985 -1.40846
0.0789409 11.8659 -1.37216 0.0884619 11.8442 -1.31663 0.0864788 11.8178 -1.30915 0.0926535
11.7931 -1.28698 0.0941458 11.7681 -1.25479 0.093211 11.7383 -1.22085 0.0901039 11.7123
-1.19124 0.088395 11.6804 -1.16173 0.0851316 11.6483 -1.132 0.0819124 11.6152 -1.10148
0.0802115 11.5797 -1.0685 0.0765547 11.5425 -1.03604 0.0825796 11.5054 -1.01877 0.0823345
11.4652 -0.992049 0.0763379 11.4248 -0.965164 0.0704246 11.3819 -0.937631 0.0633802 11.3389
-0.91704 0.0543766 11.2938 -0.897625 0.0436779 11.2486 -0.878142 0.0330823 11.2033 -0.85859
0.02259 11.1596 -0.840967 0.0153973 11.1181 -0.83177 -0.000238913 11.0736 -0.821447 -0.0192534
11.0291 -0.811169 -0.0381274 10.9844 -0.800935 -0.056861 10.9387 -0.791449 -0.0766764 10.9159
-0.788269 -0.0912431 10.8931 -0.78697 -0.107267 10.8702 -0.78582 -0.123312 10.8474 -0.78583
-0.140206 10.8244 -0.785919 -0.157107 10.8088 -0.785051 -0.166918 10.7931 -0.784209 -0.176709
10.7774 -0.783394 -0.186482 10.7617 -0.782606 -0.196235 10.7455 -0.782535 -0.207043 10.7143
-0.784079 -0.238671 10.6851 -0.788875 -0.271669 10.6557 -0.793832 -0.304421 10.6259 -0.798951
-0.336927 10.6 -0.806894 -0.376128 10.5695 -0.808964 -0.405847 10.5489 -0.81838 -0.443442
10.5278 -0.82795 -0.480749 10.5064 -0.837676 -0.517768 10.4831 -0.849267 -0.55932 10.4595
-0.85013 -0.598521 10.4461 -0.863816 -0.639637 10.4321 -0.877658 -0.680417 10.4177 -0.891657
-0.720863 10.4181 -0.912839 -0.78189 10.3812 -0.912968 -0.80459 10.3735 -0.931288 -0.846534
10.3652 -0.949744 -0.88816 10.355 -0.966478 -0.931772 10.3451 -0.994433 -0.973537 10.3308
-0.998375 -1.01634 10.3216 -1.01273 -1.05888 10.316 -1.03631 -1.09897 10.3188 -1.06432
-1.14988 10.3289 -1.09641 -1.21046 10.3064 -1.10921 -1.23413 10.2847 -1.12321 -1.25856
10.279 -1.15084 -1.29565 10.2679 -1.18973 -1.32491 10.2563 -1.2291 -1.35425 10.2589
-1.25062 -1.39646 10.2604 -1.27288 -1.43778 10.2529 -1.30379 -1.46827 10.2508 -1.34381
-1.50803 10.2498 -1.38734 -1.55011 10.2415 -1.42258 -1.56621 10.2357 -1.4586 -1.58944
10.2312 -1.49518 -1.61696 10.2258 -1.53389 -1.6429 10.2052 -1.58445 -1.66313 10.2186
-1.62953 -1.6958 10.2181 -1.67365 -1.72079 10.2174 -1.71783 -1.74596 10.2164 -1.76223
-1.77105 10.2147 -1.80759 -1.79673 10.2149 -1.80974 -1.79738 10.215 -1.81164 -1.79828
10.2151 -1.81354 -1.79919 10.2152 -1.81544 -1.80009 10.2152 -1.81733 -1.80099 10.2172
-1.83678 -1.81034 10.2191 -1.85626 -1.8197 10.2199 -1.87605 -1.82845 10.2199 -1.89611
-1.83664 10.2197 -1.91534 -1.84447 10.2192 -1.94505 -1.85702 10.2185 -1.97485 -1.86956
10.2178 -2.00473 -1.88207 10.217 -2.03305 -1.89298 10.2079 -2.0623 -1.89796 10.2277
-2.10825 -1.91869 10.228 -2.15987 -1.93577 10.2277 -2.21237 -1.95379 10.2262 -2.26256
-1.97034 10.2212 -2.3057 -1.98266 10.2485 -2.36229 -2.00073 10.2713 -2.41799 -2.01781
10.2732 -2.46585 -2.0241 10.2371 -2.50489 -2.01566 10.2009 -2.54468 -2.00722 10.2521
-2.59713 -2.02837 10.2686 -2.64272 -2.03145 10.2722 -2.68002 -2.02639 10.2785 -2.71728
-2.0225 10.2617 -2.74553 -2.00995 10.2701 -2.76865 -2.01082 10.2734 -2.78231 -2.00544
10.2765 -2.79546 -1.99971 10.2797 -2.80864 -1.994 10.2827 -2.82115 -1.98861 10.2925
-2.84265 -1.98571 10.3024 -2.86424 -1.98287 10.3124 -2.88592 -1.98007 10.3199 -2.90701
-1.97546 10.3101 -2.92126 -1.95735 10.3195 -2.94485 -1.95051 10.323 -2.96224 -1.93565
10.3224 -2.97957 -1.92052 10.3221 -2.99702 -1.90549 10.3219 -3.0158 -1.88953 10.3232
-3.02739 -1.88106 10.3245 -3.03902 -1.87263 10.3259 -3.05069 -1.86423 10.3274 -3.06241
-1.85586 10.3236 -3.06879 -1.84309 10.34 -3.0992 -1.81942 10.3375 -3.12426 -1.78561
10.3528 -3.15007 -1.75664 10.3682 -3.17566 -1.72749 10.3151 -3.18727 -1.67304 10.3703
-3.21335 -1.66624 10.3629 -3.22805 -1.62932 10.3421 -3.24047 -1.58597 10.322 -3.25318
-1.54289 10.3224 -3.26612 -1.51417 10.3288 -3.27157 -1.51032 10.3352 -3.27704 -1.50649
10.3416 -3.28252 -1.50266 10.3447 -3.28685 -1.49752 10.3347 -3.28666 -1.48723 10.3645
-3.31622 -1.46129 10.3788 -3.33965 -1.43132 10.3793 -3.36228 -1.39131 10.3676 -3.36312
-1.34702 10.3492 -3.33857 -1.30312 10.3703 -3.37992 -1.26909 10.3802 -3.4239 -1.23171
10.3809 -3.4436 -1.2017 10.3251 -3.43997 -1.15294 10.2717 -3.43467 -1.10484 10.31
-3.46147 -1.08147 10.2992 -3.46488 -1.04386 10.29 -3.46065 -1.01396 10.281 -3.45653
-0.984151 10.2726 -3.45262 -0.955079 10.3 -3.4745 -0.940743 10.3257 -3.50922 -0.93056
10.3404 -3.54105 -0.913421 10.3353 -3.56765 -0.883933 10.3168 -3.5669 -0.832154 10.3372
-3.60108 -0.801352 10.3434 -3.62243 -0.76097 10.3286 -3.6458 -0.71121 10.3245 -3.67862
-0.669686 10.3348 -3.73275 -0.635717 10.3372 -3.736 -0.633636 10.3351 -3.73996 -0.630432
10.333 -3.74392 -0.627234 10.3309 -3.74788 -0.62404 10.3287 -3.75203 -0.620707 10.3469
-3.79596 -0.604633 10.3947 -3.81698 -0.58764 10.4385 -3.82127 -0.562151 10.4828 -3.82587
-0.536741 11.0624 -3.67135 -0.499028 10.5415 -3.8496 -0.508862 10.5984 -3.83783 -0.501968
10.8357 -3.76648 -0.489641 11.0643 -3.69763 -0.477341 11.2369 -3.64558 -0.467735 10.7891
-3.81051 -0.458231 10.5816 -3.89581 -0.441122 10.59 -3.90894 -0.416947 10.6014 -3.92064
-0.393438 11.5795 -3.56175 -0.342785 10.6394 -3.93727 -0.348366 10.6565 -3.93659 -0.325333
10.6758 -3.94783 -0.302909 10.6958 -3.95962 -0.280581 12.022 -3.51906 -0.2505 10.7385
-3.98943 -0.232328 10.7601 -3.99583 -0.215056 10.7782 -3.99782 -0.194091 11.193 -3.84723
-0.174904 12.2742 -3.43913 -0.156198 12.0871 -3.5162 -0.154766 12.1228 -3.50079 -0.15329
12.181 -3.47598 -0.151805 12.2385 -3.45142 -0.150313 12.2906 -3.4292 -0.148944 12.3537
-3.40769 -0.115672 12.4071 -3.39054 -0.0830414 12.4637 -3.41863 -0.0838268 12.512 -3.41175
-0.062035 12.992 -3.02582 -0.000715191 12.5339 -3.31735 0.0120653 12.6238 -3.38701 0.035228
12.6396 -3.41288 0.0397029 13.1116 -3.06809 0.0535558 14.3766 -2.44978 0.0718965 13.5561
-2.8415 0.110056 12.78 -3.21826 0.148284 13.2375 -3.03027 0.144897 14.2294 -2.58406
0.127507 15.4588 -2.01611 0.103752 14.5704 -2.41365 0.16418 14.6515 -2.39616 0.16934
14.9807 -2.26533 0.161149 15.2854 -2.11684 0.160289 16.8738 -1.4005 0.0812507 15.7302
-1.91573 0.172181 15.9717 -1.79461 0.171927 16.1952 -1.69896 0.165898 16.404 -1.61476
0.158407 16.7144 -1.48758 0.147554 16.645 -1.51965 0.153894 16.6894 -1.50124 0.151245
16.7332 -1.4831 0.148635 16.7763 -1.46522 0.146061 16.8182 -1.44783 0.143559 16.6767
-1.5027 0.154685 16.5282 -1.56009 0.166467 16.3695 -1.60915 0.18632 16.2035 -1.66111
0.206725 16.7654 -1.41741 0.203939 15.8337 -1.79862 0.247973 15.5787 -1.89455 0.277382
15.3057 -2.00189 0.301008 15.0122 -2.11964 0.322363 16.6285 -1.47866 0.202181 14.5675
-2.32926 0.376809 14.1305 -2.51045 0.413022 13.7353 -2.67995 0.449962 14.3623 -2.38837
0.441596 16.3901 -1.45944 0.361006 14.3869 -2.43627 0.489278 12.3844 -3.40477 0.623028
12.2249 -3.49828 0.639875 14.1065 -2.66897 0.47856 16.2395 -1.72804 0.296022 14.2568
-2.7109 0.51488 12.306 -3.66477 0.735456 12.7652 -3.41327 0.70737 13.8105 -2.81536
0.633974 15.7577 -1.713 0.494098 13.9946 -2.92019 0.650459 14.1228 -2.81241 0.641073
14.4239 -2.63378 0.620934 14.7013 -2.47278 0.60282 15.5987 -1.95918 0.507802 15.1147
-2.2943 0.579948 15.2375 -2.22093 0.570507 15.356 -2.15131 0.561479 15.4705 -2.08522
0.552837 15.5247 -2.05443 0.548777 15.3957 -2.13805 0.564717 15.2524 -2.21908 0.581476
15.0878 -2.29215 0.59914 14.9162 -2.36833 0.617556 15.4229 -2.14682 0.565394 14.496
-2.64901 0.673331 14.1466 -2.85959 0.714682 13.793 -3.11116 0.757078 13.5333 -3.28882
0.792156 15.0691 -2.18805 0.666754 13.5383 -3.38668 0.828808 12.9905 -3.78902 0.893189
13.0126 -3.73645 0.900029 13.1844 -3.57593 0.897584 14.8114 -2.49346 0.703468 13.2199
-3.59943 0.936558 13.1212 -3.62201 0.968328 13.1257 -3.57002 0.98605 13.1334 -3.51506
0.998987 14.1703 -2.46867 0.906879 13.1987 -3.45114 1.01819 13.2045 -3.40423 1.03844
13.3693 -3.22183 1.03282 13.6054 -2.98398 1.01462 13.8068 -2.78516 0.999553 13.7982
-2.79053 1.00078 13.7895 -2.79592 1.00202 13.7808 -2.80132 1.00326 13.7721 -2.80673
1.0045 13.8007 -2.7911 1.00197 13.4091 -3.05895 1.05918 13.3187 -3.13644 1.083
13.3815 -3.11812 1.08955 13.4445 -3.10014 1.09601 13.5222 -3.05929 1.11583 13.5165
-3.06293 1.11695 13.5167 -3.06293 1.11713 13.5169 -3.06294 1.11732 13.5172 -3.06294
1.11751 13.5174 -3.06294 1.1177 13.5164 -3.05862 1.14152 13.531 -3.04356 1.1606
13.5586 -3.01976 1.17562 13.5861 -2.99587 1.19062 13.6839 -2.96263 1.17491 13.6153
-2.8996 1.24321 13.6284 -2.85371 1.26347 13.6844 -2.77007 1.28525 13.7538 -2.67491
1.30728 14.0998 -2.73033 1.23135 14.4693 -2.50569 1.20127 15.8426 -1.48562 1.01113
16.1721 -1.28523 0.954912 16.2892 -1.25131 0.926009 16.8071 -0.851634 0.862148 16.5184
-1.16648 0.888549 16.5606 -1.09874 0.884176 16.6204 -1.07406 0.85574 16.6799 -1.0513
0.826976 16.6845 -1.04968 0.824741 16.6688 -1.06744 0.823416 16.6528 -1.08527 0.82215
16.6366 -1.10319 0.820943 16.6202 -1.12118 0.819796 16.6985 -1.10233 0.803165 16.7533
-1.25447 0.751363 16.8116 -1.38144 0.708103 16.7937 -1.36685 0.738511 17.009 -1.27787
0.732946 16.9622 -1.4237 0.646699 17.109 -1.222 0.752525 17.4248 -1.02816 0.705429
18.0042 -0.69419 0.598962 18.5906 -0.362163 0.48536 19.3057 -0.127799 0.149835 18.7524
-0.293311 0.427317 18.75 -0.304025 0.421471 18.7335 -0.310409 0.42666 18.7129 -0.315708
0.434904 19.3146 -0.146721 0.124764 18.6828 -0.359954 0.415799 18.6738 -0.369717 0.412109
18.6549 -0.377574 0.417104 18.6314 -0.384655 0.426102 19.3187 -0.160086 0.10021 18.6047
-0.420336 0.402525 18.5917 -0.431683 0.399157 18.571 -0.441429 0.403357 18.5448 -0.45014
0.412797 19.3231 -0.173864 0.0729607 18.5284 -0.526135 0.38229 18.5049 -0.540418 0.385849
18.374 -0.629046 0.393899 18.1715 -0.773332 0.396974 18.8677 -0.461786 0.149085 17.3909
-0.210584 -0.189027 17.3909 -0.210585 -0.189029 17.3909 -0.210585 -0.189031 17.3909 -0.210586
-0.189033 17.3909 -0.210587 -0.189035 17.3909 -0.210587 -0.189036 17.3905 -0.210654 -0.189255
17.3902 -0.21072 -0.189473 17.3898 -0.210786 -0.189691 17.3894 -0.210853 -0.189909 17.389
-0.210921 -0.190136 17.3667 -0.215859 -0.210296 17.3442 -0.219986 -0.229953 17.3216 -0.223997
-0.249526 17.2991 -0.228009 -0.269088 17.2773 -0.231642 -0.288711 17.257 -0.235217 -0.312816
17.2378 -0.238566 -0.336605 17.2187 -0.241914 -0.360381 17.1996 -0.245259 -0.384146 17.1796
-0.250215 -0.411713 17.1596 -0.254337 -0.446571 17.1454 -0.256288 -0.473662 17.1312 -0.258226
-0.500718 17.1172 -0.260151 -0.527738 17.1058 -0.262232 -0.55464 17.0932 -0.262222 -0.588499
17.0849 -0.261165 -0.621635 17.0767 -0.260084 -0.654729 17.0686 -0.258981 -0.687782 17.0642
-0.258414 -0.726863 17.0596 -0.254823 -0.776893 17.0618 -0.247969 -0.81992 17.0641 -0.241058
-0.86283 17.0665 -0.234088 -0.905624 17.0742 -0.229662 -0.952844 17.0803 -0.219783 -1.00753
17.092 -0.210295 -1.05781 17.1039 -0.200736 -1.10792 17.1159 -0.191106 -1.15786 17.1259
-0.187665 -1.20456 17.1254 -0.189702 -1.21885 17.1244 -0.191112 -1.23048 17.1237 -0.190628
-1.24201 17.1231 -0.190142 -1.25353 17.1225 -0.189701 -1.26387 17.1216 -0.186963 -1.29125
17.1207 -0.184167 -1.31858 17.1199 -0.181313 -1.34585 17.1192 -0.178403 -1.37307 17.1181
-0.180049 -1.39627 17.0927 -0.180293 -1.42495 17.0558 -0.188069 -1.44373 17.0185 -0.196221
-1.46192 16.9787 -0.206025 -1.47788 16.9454 -0.22402 -1.49322 16.8861 -0.235677 -1.53959
16.7599 -0.292381 -1.52073 16.6339 -0.349654 -1.50114 16.5078 -0.407347 -1.48145 16.3587
-0.518086 -1.46419 16.2875 -0.568631 -1.46365 16.194 -0.619594 -1.44833 16.0727 -0.682526
-1.41282 15.9271 -0.768378 -1.35392 15.7735 -0.872821 -1.28079 15.5869 -0.997315 -1.23563
15.3807 -1.11976 -1.17061 15.1887 -1.21825 -1.12911 14.9921 -1.3456 -1.05649 14.7899
-1.49146 -0.963803 14.5017 -1.72041 -0.902278 14.198 -1.94935 -0.833243 13.8361 -2.20384
-0.733264 13.3546 -2.73596 -0.51259 12.8186 -3.3223 -0.245511 12.6513 -3.53958 -0.169764
12.4868 -3.75829 -0.0921503 12.3337 -3.98365 -0.00541592 12.1828 -4.21998 0.0848748 12.0167
-4.52948 0.200661 11.773 -4.97238 0.369036 11.5312 -5.40112 0.525851 11.3898 -5.82102
0.66289 11.3209 -6.21143 0.77532 11.235 -6.63489 0.883525 11.1871 -6.85668 0.944722
11.1448 -7.08295 1.00645 11.1303 -7.35108 1.07289 11.1188 -7.61871 1.13926 11.1122
-7.82039 1.18933 11.1554 -8.2237 1.32657 11.2082 -8.6195 1.46347 11.2466 -9.02505
1.59684 11.4208 -9.35976 1.75463 11.5858 -9.75621 1.93181 11.8293 -10.1524 2.1233
12.0744 -10.5455 2.3143 12.3116 -10.779 2.47076 12.5421 -10.905 2.60412 12.7571
-11.0254 2.73004 13.0029 -11.1988 2.90242 13.1162 -11.4021 3.02877 13.2836 -11.5456
3.15471 13.5512 -11.581 3.28103 13.7614 -11.6126 3.38225 13.7756 -11.6142 3.38848
13.7898 -11.6157 3.39472 13.8041 -11.6173 3.40096 13.8183 -11.6188 3.4072 13.8267
-11.6167 3.41204 14.2508 -11.5295 3.57758 14.6672 -11.4379 3.74638 15.0813 -11.3545
3.91845 15.4744 -11.2363 4.09302 15.8317 -10.8157 4.3087 15.9694 -10.7611 4.38213
16.1069 -10.7076 4.45638 16.2541 -10.583 4.51333 16.2805 -10.4815 4.57119 16.3009
-10.3856 4.62745 16.5909 -9.7742 4.76788 16.8927 -9.15773 4.9169 17.0351 -8.79258
5.05209 16.4844 -8.15665 4.92684 14.5482 -6.84457 4.29418 16.8744 -7.84184 5.06131
16.9003 -7.76984 5.09168 16.7434 -7.61281 5.06364 16.5871 -7.45592 5.03591 16.4118
-7.27956 5.00507 16.3251 -7.13856 5.00093 16.2381 -6.99754 4.99685 16.1558 -6.85461
4.99493 16.0652 -6.71375 4.98541 15.9127 -6.60668 4.94207 15.8174 -6.4865 4.96691
15.7189 -6.43172 4.97179 15.6174 -6.38991 4.97113 15.4683 -6.32163 4.94368 15.3314
-6.259 4.91848 15.1497 -6.11933 4.90093 14.9673 -5.97903 4.8834 14.7844 -5.83807
4.8659 14.6014 -5.71373 4.83858 14.4213 -5.64312 4.78106 14.3324 -5.49331 4.87618
14.194 -5.34791 4.93727 13.9371 -5.19999 4.89967 13.6785 -5.05092 4.8617 13.2621
-4.85148 4.73098 13.2486 -4.82941 4.75741 13.1984 -4.8 4.75926 13.1286 -4.76668
4.74805 13.0587 -4.7333 4.73684 12.9867 -4.69889 4.7253 12.7857 -4.64376 4.672
12.5676 -4.5853 4.60291 12.3496 -4.52718 4.53383 12.1352 -4.45061 4.47075 12.014
-4.40774 4.41993 11.756 -4.44474 4.39351 11.3352 -4.38381 4.25191 10.8805 -4.43152
4.00971 10.5917 -4.45801 3.95835 10.1286 -4.34181 3.82359 10.0533 -4.37948 3.82454
9.95816 -4.37454 3.78336 9.84155 -4.32457 3.69821 9.6833 -4.25856 3.63001 9.50888
-4.18627 3.56696 9.50436 -4.18557 3.56641 9.49983 -4.18487 3.56587 9.49531 -4.18417
3.56533 9.49061 -4.18261 3.56402 9.48561 -4.17953 3.56134 9.40828 -4.1715 3.53086
9.33027 -4.16357 3.50001 9.24812 -4.15464 3.46733 9.15444 -4.1322 3.42921 9.0659
-4.09599 3.39076 9.06055 -4.09373 3.39126 9.05495 -4.09129 3.39137 9.04905 -4.08864
3.39103 9.04316 -4.08598 3.39068 9.03726 -4.08333 3.39033 8.86219 -4.0209 3.38916
8.67088 -3.95807 3.3683 8.50749 -3.97682 3.3532 8.34231 -4.03338 3.38586 8.02565
-3.98246 3.35099 7.97923 -4.03652 3.41839 7.85765 -4.12013 3.46843 7.68561 -4.16204
3.50689 7.52384 -4.18433 3.54719 7.39657 -4.20533 3.58013 7.39345 -4.20289 3.58485
7.39033 -4.20044 3.58957 7.3872 -4.19799 3.59429 7.35655 -4.20203 3.59927 7.34262
-4.20759 3.60046 7.3497 -4.21959 3.61118 7.35388 -4.22917 3.62174 7.34372 -4.22621
3.62475 7.33377 -4.2231 3.62433 7.32391 -4.22002 3.62391 7.18031 -4.234 3.64015
7.04157 -4.25014 3.65749 7.03247 -4.35437 3.6683 7.10026 -4.40173 3.72941 7.1347
-4.43338 3.68337 7.13981 -4.51807 3.65108 7.14402 -4.60448 3.62588 7.09941 -4.60558
3.60273 7.05656 -4.60408 3.60867 7.06482 -4.61579 3.58397 7.1198 -4.6369 3.57462
7.17467 -4.65796 3.56517 7.24728 -4.68515 3.51183 7.25325 -4.69393 3.49496 7.25994
-4.70365 3.47635 7.26438 -4.70622 3.47123 7.26883 -4.70878 3.4661 7.27328 -4.71136
3.46097 7.2857 -4.712 3.45117 7.30297 -4.71145 3.43853 7.37078 -4.67863 3.34694
7.43473 -4.6501 3.22951 7.54206 -4.62803 3.1633 7.66025 -4.63561 2.97177 7.77353
-4.65264 2.74442 7.81741 -4.64612 2.73052 7.85738 -4.64084 2.71181 7.87627 -4.64342
2.66515 7.89497 -4.64607 2.61858 7.91402 -4.64887 2.57075 7.98474 -4.64167 2.48315
8.10381 -4.62685 2.37166 8.2199 -4.61182 2.26052 8.29002 -4.62018 2.15322 8.34644
-4.63235 2.05419 8.46699 -4.62824 1.94656 8.59323 -4.63338 1.80621 8.66675 -4.60696
1.67987 8.72511 -4.57268 1.55772 8.81414 -4.51717 1.36105 8.82206 -4.5179 1.35513
8.82958 -4.51867 1.34959 8.83709 -4.51944 1.34405 8.84459 -4.52021 1.33851 8.85246
-4.52101 1.3327 8.86249 -4.52194 1.32438 8.8725 -4.52287 1.31608 8.8825 -4.5238
1.30779 8.89191 -4.52472 1.29993 8.89747 -4.52558 1.2949 8.99727 -4.5421 1.23758
9.09541 -4.55536 1.17488 9.19248 -4.56835 1.11207 9.28847 -4.58106 1.04918 9.37247
-4.55012 0.919247 9.50367 -4.51851 0.799942 9.63419 -4.47105 0.627843 9.73617 -4.45898
0.577192 9.87695 -4.47046 0.523567 10.0454 -4.44595 0.345634 10.1276 -4.45573 0.382797
10.2242 -4.45212 0.33101 10.2856 -4.4225 0.275965 10.3441 -4.38328 0.209856 10.4062
-4.34121 0.138191 10.4319 -4.33401 0.120092 10.4574 -4.3268 0.101942 10.4835 -4.31969
0.0832004 10.5294 -4.30218 0.0286656 10.5689 -4.26998 -0.0428202 10.6878 -4.24814 -0.042839
10.8227 -4.18139 -0.202799 10.9961 -4.21461 -0.244068 11.1408 -4.11769 -0.31967 11.2861
-4.00875 -0.460371 11.346 -3.97059 -0.508916 11.4068 -3.93285 -0.557843 11.4672 -3.89515
-0.607067 11.5282 -3.85508 -0.66066 11.5851 -3.80961 -0.722524 11.6509 -3.80962 -0.725765
11.7048 -3.79346 -0.738342 11.7589 -3.77709 -0.754908 11.8153 -3.76339 -0.776372 11.8603
-3.74255 -0.79206 11.941 -3.69649 -0.852027 11.9938 -3.64813 -0.899965 12.0441 -3.59374
-0.957399 12.0888 -3.54122 -1.0081 12.1288 -3.49073 -1.05345 12.134 -3.48736 -1.056
12.1368 -3.4849 -1.05579 12.1393 -3.48256 -1.05523 12.1418 -3.48021 -1.05468 12.1443
-3.47783 -1.05412 12.1914 -3.4477 -1.03306 12.2345 -3.42973 -0.957952 12.2804 -3.38783
-0.989492 12.3261 -3.34591 -1.02137 12.3703 -3.304 -1.05629 12.3747 -3.29856 -1.05342
12.3802 -3.29203 -1.05379 12.3857 -3.2855 -1.05416 12.3911 -3.27896 -1.05455 12.3967
-3.27234 -1.05494 12.4629 -3.18835 -1.05141 12.5292 -3.10335 -1.04948 12.5955 -3.01737
-1.04912 12.636 -2.93903 -1.05539 12.6746 -2.85729 -1.09037 12.6979 -2.77771 -1.04893
12.7154 -2.6959 -1.02967 12.7396 -2.60711 -0.998475 12.7694 -2.51215 -0.958187 12.8169
-2.39772 -1.00007 12.7964 -2.33803 -0.900083 12.7847 -2.25145 -0.841795 12.7784 -2.17442
-0.821053 12.7715 -2.0945 -0.801809 12.7545 -1.99356 -0.791641 12.7388 -1.92785 -0.735156
12.7086 -1.8615 -0.702912 12.6786 -1.79399 -0.671475 12.6536 -1.72334 -0.645106 12.6272
-1.64471 -0.628152 12.6045 -1.60976 -0.595851 12.5861 -1.56749 -0.578738 12.5625 -1.52982
-0.557003 12.5379 -1.49287 -0.534353 12.5075 -1.44682 -0.506712 12.4985 -1.42966 -0.497615
12.4894 -1.41243 -0.488551 12.4804 -1.39512 -0.479522 12.4713 -1.37774 -0.470527 12.4604
-1.36495 -0.465718 12.4309 -1.31559 -0.433289 12.397 -1.27195 -0.401061 12.3631 -1.22758
-0.36911 12.334 -1.17226 -0.343029 12.2978 -1.13284 -0.32298 12.2784 -1.08088 -0.302319
12.2467 -1.04047 -0.277357 12.211 -1.01147 -0.246549 12.175 -0.982346 -0.216543 12.1303
-0.973864 -0.213872 12.1177 -0.920226 -0.184833 12.0867 -0.889539 -0.160836 12.0512 -0.864206
-0.138171 12.003 -0.80969 -0.134538 11.9468 -0.777136 -0.139909 11.9432 -0.759212 -0.114639
11.9242 -0.736511 -0.0938628 11.8912 -0.7259 -0.0828029 11.8404 -0.698277 -0.0975343 11.7919
-0.683586 -0.117634 11.7734 -0.647968 -0.0877928 11.7648 -0.632993 -0.0575816 11.7326 -0.61393
-0.0474683 11.6783 -0.600416 -0.0485068 11.6228 -0.58688 -0.0502341 11.6 -0.546449 -0.0400041
11.5769 -0.505551 -0.0297063 11.538 -0.483676 -0.0243133 11.481 -0.468017 -0.0572463 11.4386
-0.466102 -0.0881208 11.3885 -0.423473 -0.0578708 11.3486 -0.38974 -0.0262694 11.3085 -0.381934
-0.0266549 11.2569 -0.389652 -0.0397031 11.2054 -0.397542 -0.0527089 11.1632 -0.371799 -0.0625784
11.1208 -0.345887 -0.0722485 11.0862 -0.349322 -0.0925744 11.0709 -0.374853 -0.147567 11.0555
-0.400938 -0.202501 10.9951 -0.382446 -0.191485 10.9346 -0.363743 -0.180402 10.9034 -0.372531
-0.202067 10.8774 -0.400835 -0.230231 10.8514 -0.429496 -0.258384 10.8246 -0.419804 -0.289238
10.7975 -0.410175 -0.319809 10.781 -0.420664 -0.357495 10.7968 -0.453856 -0.429462 10.8119
-0.487539 -0.501053 10.7626 -0.480198 -0.495923 10.7155 -0.473911 -0.494172 10.7013 -0.485355
-0.533133 10.6951 -0.518119 -0.568774 10.689 -0.553735 -0.603585 10.6823 -0.550806 -0.648102
10.6775 -0.555177 -0.692474 10.6673 -0.56873 -0.734005 10.6773 -0.595517 -0.797165 10.7029
-0.63299 -0.875398 10.6726 -0.635687 -0.874588 10.6556 -0.646105 -0.898212 10.6482 -0.66241
-0.94004 10.6458 -0.688161 -0.9813 10.64 -0.724911 -1.0181 10.6514 -0.73633 -1.06352
10.652 -0.759265 -1.10502 10.6477 -0.781241 -1.1458 10.6429 -0.803384 -1.1864 10.6545
-0.842909 -1.25696 10.6427 -0.863882 -1.26487 10.6402 -0.893186 -1.30352 10.6373 -0.922677
-1.34205 10.6339 -0.952356 -1.38047 10.622 -0.989022 -1.41792 10.6292 -1.01575 -1.44604
10.6276 -1.04409 -1.47359 10.6257 -1.07275 -1.50165 10.6234 -1.10171 -1.53016 10.6214
-1.12567 -1.55363 10.6215 -1.1302 -1.55797 10.6215 -1.13473 -1.56231 10.6206 -1.13958
-1.56675 10.6195 -1.14446 -1.57121 10.6185 -1.14916 -1.57548 10.6176 -1.1542 -1.58004
10.6167 -1.15925 -1.58459 10.6158 -1.16431 -1.58913 10.6149 -1.16936 -1.59368 10.6146
-1.17469 -1.59909 10.6093 -1.2181 -1.62955 10.6036 -1.26268 -1.66086 10.5976 -1.30744
-1.69212 10.5912 -1.35237 -1.72332 10.5766 -1.39817 -1.74857 10.5919 -1.4414 -1.78508
10.5857 -1.49196 -1.81602 10.5781 -1.54336 -1.84604 10.5708 -1.59432 -1.87785 10.566
-1.64333 -1.91787 10.5763 -1.69891 -1.93794 10.5784 -1.75441 -1.96097 10.572 -1.80866
-1.99217 10.5389 -1.85911 -2.00937 10.4997 -1.91008 -2.02376 10.5352 -1.9743 -2.06173
10.5631 -2.03658 -2.09826 10.556 -2.08606 -2.12029 10.5399 -2.12987 -2.13912 10.5098
-2.16918 -2.15825 10.5129 -2.23906 -2.17196 10.5117 -2.28518 -2.1831 10.5104 -2.33083
-2.19413 10.5092 -2.37666 -2.20514 10.4782 -2.41539 -2.21207 10.484 -2.42669 -2.21671
10.4764 -2.43233 -2.21567 10.4689 -2.43799 -2.21462 10.4668 -2.44496 -2.21434 10.4662
-2.45225 -2.21426 10.4747 -2.47274 -2.21623 10.4834 -2.49329 -2.21821 10.4861 -2.51207
-2.21808 10.4792 -2.52792 -2.21448 10.4728 -2.54272 -2.21112 10.4701 -2.55818 -2.21117
10.4675 -2.57368 -2.21122 10.4648 -2.58922 -2.21129 10.4623 -2.60479 -2.21136 10.4577
-2.61284 -2.20709 10.4721 -2.6567 -2.20496 10.4628 -2.69175 -2.19213 10.454 -2.72714
-2.17953 10.4331 -2.75607 -2.15937 10.3724 -2.77441 -2.11851 10.4319 -2.81685 -2.12334
10.4916 -2.85951 -2.12824 10.5028 -2.88489 -2.1055 10.4667 -2.89398 -2.05627 10.431
-2.90345 -2.00717 10.4426 -2.94754 -1.98505 10.4493 -2.97896 -1.95595 10.4514 -2.99828
-1.92025 10.4461 -3.01729 -1.87985 10.3935 -3.02626 -1.81783 10.4141 -3.03876 -1.81141
10.4085 -3.04362 -1.79259 10.3993 -3.04742 -1.77208 10.3985 -3.05277 -1.7574 10.3978
-3.05803 -1.74305 10.4102 -3.07407 -1.72325 10.4228 -3.09024 -1.70354 10.432 -3.10594
-1.6821 10.4251 -3.11909 -1.65256 10.3975 -3.12894 -1.61263 10.4068 -3.13803 -1.59699
10.3971 -3.14571 -1.57583 10.3876 -3.15346 -1.55473 10.3782 -3.16128 -1.53368 10.3678
-3.17012 -1.51014 10.3611 -3.18123 -1.48298 10.3595 -3.19188 -1.4572 10.3664 -3.20166
-1.43369 10.3734 -3.21153 -1.41025 10.3525 -3.21637 -1.37741 10.381 -3.2403 -1.34474
10.3805 -3.25626 -1.2987 10.3805 -3.27252 -1.25282 10.3777 -3.29016 -1.20689 10.3569
-3.29023 -1.15471 10.3542 -3.31192 -1.13326 10.3525 -3.322 -1.11273 10.3412 -3.32694
-1.08468 10.3299 -3.33193 -1.0565 10.3191 -3.3368 -1.02956 10.3132 -3.345 -1.00933
10.3074 -3.35328 -0.98913 10.3017 -3.36163 -0.968965 10.2952 -3.36597 -0.949722 10.2856
-3.35628 -0.93354 10.2886 -3.39273 -0.890458 10.2792 -3.41335 -0.850385 10.2698 -3.43353
-0.810625 10.2417 -3.43759 -0.781871 10.2089 -3.43613 -0.756153 10.2259 -3.46538 -0.717693
10.2423 -3.49392 -0.679446 10.2217 -3.49024 -0.643896 10.2126 -3.48472 -0.621074 10.2026
-3.47288 -0.604019 10.1906 -3.49272 -0.576319 10.1953 -3.50435 -0.565806 10.2062 -3.51295
-0.561645 10.2172 -3.52157 -0.557501 10.2258 -3.52762 -0.551753 10.2405 -3.53919 -0.55064
10.2552 -3.55079 -0.54955 10.2701 -3.56241 -0.548482 10.2713 -3.57072 -0.539983 10.2383
-3.5707 -0.512652 10.3431 -3.58944 -0.508683 10.3847 -3.62444 -0.490214 10.4149 -3.68167
-0.477801 10.4634 -3.71718 -0.461937 10.3887 -3.72825 -0.408911 10.4963 -3.72823 -0.384453
10.5557 -3.78271 -0.385506 10.6021 -3.79136 -0.363403 10.6422 -3.79492 -0.336803 10.6792
-3.80825 -0.348767 10.6961 -3.78655 -0.312905 10.7316 -3.78817 -0.302453 10.7753 -3.80007
-0.303637 10.8191 -3.81194 -0.304802 10.8643 -3.82423 -0.305989 10.8853 -3.84189 -0.300243
10.9064 -3.85958 -0.294533 10.9276 -3.87733 -0.288858 10.9328 -3.88009 -0.278752 10.901
-3.84836 -0.258386 10.9589 -3.86899 -0.243867 10.9828 -3.88055 -0.230308 11.0071 -3.89212
-0.216836 11.0244 -3.89531 -0.19629 11.0339 -3.89392 -0.170072 11.0422 -3.86266 -0.155025
11.0553 -3.85446 -0.139885 11.0688 -3.84613 -0.124796 11.0848 -3.83991 -0.111096 11.0907
-3.82208 -0.107419 11.1001 -3.80712 -0.0898066 11.1093 -3.80631 -0.0841355 11.1251 -3.8161
-0.0826664 11.141 -3.82591 -0.081207 11.1572 -3.83589 -0.0797331 11.1689 -3.84483 -0.0745561
11.1807 -3.85377 -0.0693983 11.1926 -3.86272 -0.0642597 11.1963 -3.86108 -0.0462444 11.1865
-3.82896 0.00432372 11.2528 -3.87135 -0.0188502 11.2873 -3.87718 0.00300098 11.3325 -3.87662
0.0203816 11.716 -3.69567 0.0760462 13.038 -3.06319 0.0945192 12.2852 -3.43266 0.133132
11.5838 -3.78448 0.171722 11.8888 -3.65857 0.179791 13.1644 -3.08652 0.157696 14.4718
-2.4901 0.13356 13.6257 -2.87378 0.194015 13.7488 -2.84285 0.199387 14.1645 -2.65835
0.193783 14.5423 -2.48207 0.190808 15.97 -1.84054 0.123615 15.0964 -2.23569 0.196784
15.3618 -2.10734 0.194822 15.6071 -1.98709 0.193603 15.8354 -1.89039 0.187076 15.9246
-1.85447 0.18388 15.8729 -1.87471 0.187874 15.8205 -1.89525 0.191926 15.7673 -1.9161
0.196036 15.7134 -1.93726 0.200207 15.9071 -1.86243 0.184669 15.4024 -2.05698 0.224924
15.1111 -2.17009 0.247768 14.7936 -2.2777 0.281897 14.4518 -2.39398 0.318421 15.8045
-1.8216 0.301685 13.8034 -2.65054 0.376723 13.3761 -2.81572 0.418452 12.9077 -2.99753
0.463073 13.4769 -2.77272 0.421387 15.5699 -1.94294 0.265663 13.5013 -2.79157 0.447482
11.8091 -3.47344 0.60869 11.8304 -3.44614 0.636125 13.0951 -2.85471 0.601765 15.1865
-1.89136 0.52319 13.1643 -2.87349 0.655175 11.9717 -3.44528 0.744059 12.0695 -3.3691
0.754094 12.728 -3.05265 0.712087 14.8223 -2.12025 0.537244 13.2264 -2.90536 0.717698
13.5617 -2.72776 0.698845 13.8679 -2.56715 0.681986 14.1474 -2.41821 0.66654 14.4281
-2.24987 0.648953 14.4115 -2.26114 0.650447 14.4144 -2.25879 0.65021 14.4174 -2.25644
0.649975 14.4204 -2.2541 0.649739 14.4234 -2.2518 0.649508 14.08 -2.39371 0.684948
13.735 -2.57533 0.7253 13.3555 -2.77295 0.769414 12.9352 -2.98745 0.817717 14.0915
-2.38066 0.744432 12.6059 -3.20297 0.879191 12.6523 -3.17572 0.891946 12.6993 -3.14866
0.904592 12.714 -3.10923 0.91974 13.696 -2.6179 0.8332 12.778 -3.07428 0.951939
12.7872 -3.02909 0.968068 12.8037 -2.98578 0.98242 12.8381 -2.94732 0.992344 13.1517
-2.71134 0.977464 12.8995 -2.89964 1.00662 12.9158 -2.877 1.00823 12.9323 -2.85451
1.0098 12.938 -2.83248 1.01776 12.9427 -2.81452 1.02427 12.9445 -2.79375 1.03595
12.9465 -2.77294 1.04761 12.9487 -2.75209 1.05924 12.9511 -2.73119 1.07085 12.9687
-2.72421 1.07894 12.9595 -2.67639 1.09003 12.9679 -2.6516 1.1014 12.9847 -2.63761
1.11291 13.0084 -2.63255 1.12455 13.035 -2.62678 1.13749 13.0374 -2.6172 1.14353
13.0399 -2.60761 1.14956 13.0424 -2.59802 1.15557 13.0347 -2.57903 1.15995 13.1653
-2.59566 1.1574 13.0221 -2.51685 1.18904 13.0338 -2.48942 1.20845 13.0462 -2.46176
1.22772 13.082 -2.43289 1.24072 13.3487 -2.39427 1.19217 13.1455 -2.34648 1.27517
13.1249 -2.3163 1.30357 13.1549 -2.2912 1.31683 13.3639 -2.30398 1.31171 13.7878
-2.38211 1.27066 13.5014 -2.27278 1.33873 13.2836 -2.18835 1.39611 13.2904 -2.17731
1.41571 13.482 -2.13154 1.35722 13.6998 -2.09586 1.29183 13.5564 -2.03945 1.41758
13.4989 -1.98964 1.5051 13.6563 -1.94875 1.49344 13.928 -1.96875 1.4412 14.3416
-2.0675 1.33851 14.9228 -1.68631 1.27013 15.3399 -1.40423 1.20622 15.4533 -1.36048
1.18134 15.5648 -1.3204 1.15612 15.9024 -1.09292 1.10641 15.7643 -1.24322 1.11912
15.7723 -1.20857 1.12401 15.7912 -1.19518 1.11584 15.8107 -1.18341 1.10684 15.822
-1.17671 1.10155 15.7435 -1.24841 1.10202 15.6611 -1.32146 1.1035 15.5745 -1.39592
1.10603 15.4836 -1.47185 1.10965 15.8344 -1.37587 1.04132 15.8505 -1.51026 1.01538
15.901 -1.65972 0.972436 16.026 -1.67745 0.958664 16.327 -1.52852 0.946516 16.8993
-1.24431 0.691187 16.6187 -1.3705 0.914586 17.1874 -1.03521 0.816872 17.7638 -0.701851
0.711394 18.3472 -0.370419 0.598674 19.1039 -0.164958 0.193401 18.3661 -0.382064 0.565033
18.3568 -0.394435 0.561917 18.345 -0.406266 0.560756 18.3175 -0.413354 0.571779 19.1136
-0.189732 0.161339 18.28 -0.468677 0.547287 18.2562 -0.483002 0.549903 18.2387 -0.495248
0.549506 18.2795 -0.481252 0.527425 19.118 -0.20724 0.129727 18.2756 -0.512895 0.48762
18.1501 -0.563947 0.532709 18.1278 -0.578369 0.532804 18.2762 -0.525993 0.46477 19.1242
-0.224948 0.0943976 18.2897 -0.594569 0.419354 18.0469 -0.704584 0.509281 18.0125 -0.723295
0.516586 18.1494 -0.684569 0.438027 18.8458 -0.372976 0.189563 17.2356 -0.235836 -0.213545
17.2356 -0.235837 -0.213547 17.2356 -0.235837 -0.213549 17.2356 -0.235838 -0.213552 17.2356
-0.235838 -0.213554 17.2356 -0.235839 -0.213556 17.2351 -0.235902 -0.213864 17.2345 -0.235965
-0.214172 17.234 -0.236029 -0.21448 17.2335 -0.236092 -0.214788 17.2329 -0.236158 -0.2151
17.2106 -0.24111 -0.235307 17.1882 -0.246061 -0.25552 17.1659 -0.251014 -0.275734 17.1436
-0.25597 -0.295948 17.1194 -0.261333 -0.318131 17.0956 -0.267353 -0.347362 17.0734 -0.272708
-0.375971 17.0513 -0.278053 -0.404561 17.0293 -0.283387 -0.433129 17.0071 -0.288937 -0.462947
16.9883 -0.293246 -0.49727 16.9704 -0.297036 -0.532707 16.9525 -0.300802 -0.568138 16.9348
-0.304544 -0.603562 16.9168 -0.308893 -0.638383 16.9162 -0.309078 -0.640325 16.9156 -0.309276
-0.64228 16.915 -0.309474 -0.644234 16.9144 -0.309672 -0.646188 16.9138 -0.309864 -0.648083
16.9039 -0.310157 -0.692576 16.8941 -0.310359 -0.737079 16.8843 -0.310533 -0.781517 16.8747
-0.310679 -0.82589 16.8687 -0.310606 -0.867951 16.8644 -0.309156 -0.924034 16.8641 -0.307898
-0.982357 16.8638 -0.306592 -1.04051 16.8642 -0.305271 -1.09884 16.872 -0.304325 -1.15491
16.8722 -0.302108 -1.20964 16.8713 -0.309231 -1.25988 16.8705 -0.316265 -1.30994 16.87
-0.32321 -1.35985 16.8737 -0.335839 -1.40006 16.8601 -0.343383 -1.44058 16.8263 -0.369494
-1.45681 16.7927 -0.39559 -1.47301 16.7664 -0.415202 -1.49407 16.7433 -0.44122 -1.50927
16.7112 -0.450322 -1.54191 16.6481 -0.476352 -1.53714 16.5648 -0.516707 -1.51427 16.4813
-0.557344 -1.49138 16.3927 -0.624632 -1.45342 16.2823 -0.679379 -1.44566 16.082 -0.794959
-1.33631 15.8827 -0.910479 -1.22981 15.728 -0.985018 -1.22531 15.4301 -1.23881 -1.08091
15.3001 -1.3289 -1.01773 15.1439 -1.42123 -0.932009 14.9954 -1.52039 -0.847998 14.8675
-1.63569 -0.768715 14.7137 -1.76128 -0.664651 14.4958 -1.95794 -0.523655 14.2803 -2.16447
-0.382623 14.0618 -2.3696 -0.240937 13.8141 -2.53237 -0.0996158 13.5636 -2.70856 0.0525932
13.1511 -3.01642 0.291633 12.8111 -3.41252 0.544632 12.548 -3.87265 0.800179 12.2957
-4.34108 1.05499 11.932 -4.93798 1.40989 11.8988 -5.01802 1.45176 11.8687 -5.10507
1.4982 11.842 -5.19956 1.54949 11.8107 -5.29938 1.60261 11.7808 -5.38824 1.64906
11.678 -5.63963 1.78566 11.5782 -5.88952 1.92122 11.4815 -6.13779 2.05568 11.4252
-6.37348 2.1909 11.3892 -6.62734 2.34156 11.3449 -7.04994 2.55959 11.3267 -7.46073
2.77183 11.505 -7.82526 2.96606 11.6857 -8.18688 3.15798 11.8115 -8.43125 3.28789
11.8164 -8.46218 3.30621 11.8214 -8.49306 3.3245 11.8285 -8.52313 3.3423 11.8503
-8.54792 3.3568 11.8723 -8.57296 3.37146 12.2584 -8.90756 3.56062 12.5609 -9.25136
3.73949 12.7142 -9.58524 3.89369 12.8701 -9.91005 4.04515 12.9211 -10.2323 4.17734
13.0273 -10.3182 4.21319 13.1357 -10.4041 4.25035 13.249 -10.3596 4.27711 13.3635
-10.2819 4.29753 13.4807 -10.2037 4.31889 13.5356 -10.1925 4.33838 13.5859 -10.1816
4.35788 13.6317 -10.1711 4.37739 13.6774 -10.1608 4.39701 13.7222 -10.1509 4.41628
13.8754 -10.1237 4.48458 14.0291 -10.0988 4.55396 14.1835 -10.076 4.62439 14.3326
-10.0494 4.68749 14.4568 -10.0051 4.72048 14.7019 -9.71764 4.76087 14.9417 -9.43433
4.80245 14.9651 -9.15004 4.80581 14.9915 -8.8688 4.8115 15.0304 -8.50248 4.8221
15.0678 -8.46084 4.84538 15.1052 -8.41912 4.86874 15.1427 -8.37732 4.89218 15.1516
-8.30872 4.89234 15.1516 -8.23269 4.8853 15.1857 -7.99563 4.93149 15.1892 -7.71807
4.95693 15.0501 -7.39839 4.91474 14.8712 -7.0808 4.8736 14.6492 -6.7864 4.83603
14.5323 -6.59014 4.83279 14.3529 -6.45027 4.79324 14.2043 -6.36598 4.76991 14.068
-6.29222 4.75329 13.9414 -6.22378 4.73776 13.8913 -6.17255 4.74106 13.8413 -6.12117
4.74437 13.7863 -6.07237 4.7451 13.7128 -6.03368 4.73602 13.6362 -5.99341 4.72658
13.6013 -5.96679 4.72446 13.5664 -5.94015 4.72235 13.5315 -5.91348 4.72023 13.4951
-5.88873 4.71422 13.4571 -5.86609 4.70403 13.2003 -5.8066 4.6754 12.9432 -5.72902
4.63281 12.6861 -5.65228 4.59016 12.5199 -5.59666 4.53564 12.387 -5.55615 4.47827
12.0485 -5.52549 4.35283 11.7111 -5.4985 4.22596 11.2946 -5.38827 4.07148 10.8903
-5.30123 3.94408 10.4688 -5.19605 3.81106 10.2957 -5.16916 3.7686 10.1246 -5.16235
3.72453 9.95734 -5.19755 3.67693 9.79234 -5.23528 3.62964 9.64928 -5.27079 3.58833
9.54338 -5.26859 3.56229 9.43842 -5.26703 3.53645 9.29417 -5.26576 3.49069 9.20113
-5.27072 3.46482 9.1135 -5.2769 3.43938 9.11172 -5.27782 3.43896 9.1087 -5.27841
3.43851 9.10494 -5.27878 3.43805 9.10118 -5.27917 3.43759 9.09743 -5.27955 3.43712
8.97593 -5.32329 3.42043 8.85807 -5.37016 3.40431 8.74397 -5.42022 3.38878 8.65948
-5.50437 3.3904 8.66297 -5.56677 3.40806 8.68565 -5.54056 3.39661 8.70665 -5.51584
3.3863 8.70343 -5.51914 3.39563 8.70021 -5.52248 3.40496 8.69688 -5.52596 3.41459
8.65419 -5.51862 3.40523 8.61184 -5.51162 3.39586 8.55472 -5.49891 3.39093 8.54646
-5.53173 3.39198 8.54025 -5.55445 3.39589 8.49615 -5.49815 3.4168 8.47606 -5.47446
3.42505 8.47424 -5.47532 3.42381 8.47246 -5.4762 3.42257 8.47083 -5.47706 3.42141
8.47238 -5.47524 3.41915 8.4739 -5.4734 3.4169 8.47542 -5.47155 3.41465 8.4697
-5.46469 3.42273 8.46345 -5.45747 3.43152 8.46192 -5.45367 3.42895 8.46037 -5.44985
3.42638 8.47423 -5.45142 3.41021 8.47345 -5.43915 3.4028 8.47196 -5.42629 3.39584
8.50612 -5.39425 3.3331 8.5364 -5.3758 3.27554 8.56126 -5.36576 3.23111 8.65043
-5.40736 3.13702 8.72097 -5.43564 3.0569 8.73638 -5.41021 3.03721 8.7548 -5.3872
3.01324 8.80421 -5.38942 2.94831 8.85342 -5.39139 2.88358 8.90409 -5.39318 2.81687
8.94174 -5.377 2.75865 8.97904 -5.36035 2.70059 9.01527 -5.33812 2.64071 9.05885
-5.31311 2.57898 9.10626 -5.29261 2.51753 9.11041 -5.26576 2.48519 9.13585 -5.23787
2.42454 9.16279 -5.20971 2.36171 9.18937 -5.18136 2.29913 9.22104 -5.1469 2.22388
9.25796 -5.12479 2.15637 9.2942 -5.10223 2.08923 9.32976 -5.07923 2.02246 9.3697
-5.05731 1.95264 9.39535 -5.02434 1.89537 9.412 -5.0165 1.87403 9.42739 -5.00965
1.85561 9.43932 -5.00559 1.84521 9.45124 -5.0015 1.8348 9.46336 -4.99732 1.82418
9.57935 -5.00671 1.75162 9.69406 -5.01545 1.67911 9.80755 -5.02355 1.60668 9.8843
-4.99873 1.48877 9.94377 -4.96217 1.35848 10.0667 -4.97832 1.3677 10.1267 -4.8895
1.28259 10.2138 -4.79627 1.17186 10.311 -4.69772 1.0419 10.3545 -4.56215 0.806045
10.4353 -4.5683 0.814649 10.5066 -4.54713 0.782113 10.5718 -4.49203 0.698719 10.6357
-4.43673 0.614858 10.7044 -4.37581 0.522316 10.7375 -4.34633 0.482164 10.7703 -4.31681
0.441907 10.8027 -4.28727 0.401546 10.8259 -4.25115 0.363183 10.8376 -4.20756 0.327821
10.9465 -4.17009 0.257333 11.0556 -4.04437 0.112328 11.157 -3.97053 0.0086061 11.2545
-3.90751 -0.0855143 11.3449 -3.79851 -0.267818 11.4466 -3.7696 -0.281854 11.5403 -3.7005
-0.387251 11.6169 -3.642 -0.465283 11.703 -3.62985 -0.498774 11.8163 -3.54639 -0.650969
11.8825 -3.5169 -0.704814 11.9278 -3.4788 -0.761789 11.9591 -3.42986 -0.828743 11.9901
-3.38093 -0.896306 12.0132 -3.33336 -0.958648 12.0357 -3.32106 -0.971702 12.046 -3.31355
-0.97592 12.0553 -3.30648 -0.979355 12.0645 -3.2994 -0.982813 12.0741 -3.29204 -0.986425
12.108 -3.2777 -0.986951 12.1461 -3.26084 -0.993138 12.1891 -3.24105 -1.00598 12.2302
-3.22044 -1.02218 12.2473 -3.18976 -1.08084 12.3326 -3.11021 -1.07993 12.4098 -3.02634
-1.14948 12.4792 -2.96147 -1.16967 12.539 -2.89923 -1.2012 12.5691 -2.83153 -1.31745
12.6403 -2.74348 -1.25786 12.7144 -2.65145 -1.20345 12.7722 -2.57294 -1.21439 12.8157
-2.50195 -1.27176 12.8578 -2.43221 -1.3296 12.8879 -2.32661 -1.2616 12.9171 -2.22177
-1.20324 12.9355 -2.13845 -1.20301 12.9521 -2.05556 -1.21914 12.9674 -1.97298 -1.246
12.9656 -1.87306 -1.14424 12.9592 -1.78968 -1.10181 12.9538 -1.70888 -1.08462 12.9486
-1.62689 -1.06871 12.9413 -1.55555 -1.06112 12.9039 -1.46884 -0.992615 12.8794 -1.40175
-0.966152 12.855 -1.33353 -0.940157 12.8296 -1.26553 -0.910254 12.7989 -1.19875 -0.87372
12.7884 -1.18248 -0.860488 12.7775 -1.16756 -0.847852 12.7665 -1.15254 -0.835256 12.7555
-1.1374 -0.822699 12.7425 -1.11742 -0.811089 12.7199 -1.07772 -0.790009 12.6973 -1.03769
-0.769103 12.6747 -0.997323 -0.74837 12.652 -0.956616 -0.727812 12.6305 -0.925256 -0.712843
12.5947 -0.875788 -0.677865 12.5569 -0.831756 -0.644056 12.519 -0.787007 -0.610561 12.481
-0.741533 -0.577383 12.4512 -0.728674 -0.563156 12.4154 -0.677762 -0.518457 12.3753 -0.646689
-0.487062 12.3355 -0.615971 -0.456123 12.2962 -0.586677 -0.42598 12.2625 -0.57802 -0.402854
12.2307 -0.544488 -0.378314 12.1901 -0.520213 -0.354175 12.1495 -0.495459 -0.33016 12.1092
-0.470176 -0.30669 12.0611 -0.443438 -0.280801 12.0487 -0.431402 -0.280243 11.9974 -0.398969
-0.264555 11.9478 -0.370452 -0.249306 11.9246 -0.376751 -0.243531 11.8833 -0.377148 -0.225615
11.8563 -0.350278 -0.220838 11.8046 -0.318184 -0.207946 11.7806 -0.307782 -0.199991 11.7538
-0.293798 -0.193679 11.7199 -0.281286 -0.199646 11.6816 -0.253962 -0.18624 11.6311 -0.221282
-0.178792 11.573 -0.17872 -0.165251 11.5444 -0.172504 -0.157149 11.5085 -0.168642 -0.14742
11.4716 -0.158071 -0.147754 11.4291 -0.150524 -0.143572 11.3866 -0.142876 -0.139377 11.3438
-0.133297 -0.142107 11.3034 -0.129044 -0.157316 11.2618 -0.124869 -0.169316 11.2233 -0.127865
-0.185091 11.1847 -0.134973 -0.197051 11.146 -0.142244 -0.209001 11.1076 -0.151595 -0.22041
11.084 -0.167886 -0.243764 11.0606 -0.185966 -0.265753 11.0371 -0.204369 -0.287738 11.0114
-0.217299 -0.31231 11.0044 -0.219501 -0.319154 10.9994 -0.220765 -0.323786 10.9945 -0.222034
-0.328414 10.9896 -0.223306 -0.333037 10.9846 -0.224583 -0.337657 10.9797 -0.226367 -0.342259
10.9622 -0.236819 -0.376311 10.9464 -0.2507 -0.409044 10.9345 -0.271625 -0.438365 10.9225
-0.292769 -0.467613 10.916 -0.316431 -0.505841 10.9031 -0.330483 -0.532736 10.8998 -0.351113
-0.567941 10.8963 -0.371904 -0.603033 10.8876 -0.386438 -0.642566 10.8787 -0.409684 -0.679539
10.8738 -0.416146 -0.722705 10.8721 -0.433152 -0.765923 10.8737 -0.45419 -0.804642 10.8751
-0.475519 -0.84304 10.8971 -0.508703 -0.915361 10.8733 -0.512751 -0.923207 10.8776 -0.535332
-0.963432 10.8808 -0.557326 -1.0045 10.8808 -0.580149 -1.0466 10.8737 -0.616175 -1.08201
10.8837 -0.626842 -1.12603 10.8895 -0.646019 -1.16769 10.8918 -0.671885 -1.20758 10.9032
-0.707168 -1.27167 10.9201 -0.748011 -1.35109 10.9098 -0.766569 -1.35724 10.8995 -0.785242
-1.36352 10.897 -0.817533 -1.39706 10.8747 -0.859592 -1.43254 10.8521 -0.902004 -1.46816
10.8715 -0.934309 -1.5058 10.8853 -0.968682 -1.54159 10.8816 -1.0067 -1.57554 10.8739
-1.05115 -1.62971 10.8632 -1.10039 -1.69507 10.8596 -1.1433 -1.69459 10.856 -1.18793
-1.71664 10.8521 -1.23353 -1.75037 10.8453 -1.27986 -1.7829 10.801 -1.32987 -1.81934
10.823 -1.38757 -1.85308 10.8175 -1.43968 -1.88643 10.8116 -1.49191 -1.91998 10.8042
-1.54411 -1.95443 10.7895 -1.59596 -1.99401 10.7897 -1.60898 -1.99627 10.7875 -1.6196
-2.0025 10.7852 -1.63022 -2.00873 10.7829 -1.64085 -2.01497 10.7807 -1.65125 -2.02106
10.7807 -1.65979 -2.02554 10.7807 -1.66834 -2.03001 10.7783 -1.67648 -2.03376 10.7751
-1.68449 -2.03727 10.7722 -1.69211 -2.0406 10.7633 -1.72769 -2.05846 10.7545 -1.76335
-2.0763 10.7456 -1.79909 -2.09413 10.7368 -1.83492 -2.11195 10.7193 -1.86819 -2.12554
10.7395 -1.92786 -2.16029 10.7195 -1.9812 -2.18324 10.6996 -2.03479 -2.20617 10.68
-2.08508 -2.22966 10.6604 -2.12297 -2.25562 10.6741 -2.19141 -2.27619 10.6809 -2.25654
-2.29559 10.6601 -2.30366 -2.31101 10.5935 -2.32978 -2.29992 10.5263 -2.35649 -2.28871
10.5663 -2.41997 -2.31731 10.5863 -2.47514 -2.33727 10.5804 -2.51303 -2.33597 10.5621
-2.54437 -2.32944 10.5143 -2.56127 -2.31129 10.5092 -2.61588 -2.30874 10.5033 -2.64554
-2.29414 10.4979 -2.67548 -2.27966 10.4929 -2.7057 -2.26533 10.4882 -2.73757 -2.25049
10.4886 -2.73946 -2.24998 10.4889 -2.74134 -2.24948 10.4893 -2.74323 -2.24897 10.4889
-2.74494 -2.24822 10.4881 -2.74567 -2.24669 10.4888 -2.74802 -2.24633 10.4883 -2.74916
-2.24469 10.4872 -2.75023 -2.24281 10.4862 -2.75131 -2.24092 10.4852 -2.75238 -2.23904
10.4724 -2.77925 -2.21172 10.4601 -2.80649 -2.18464 10.4482 -2.83328 -2.1572 10.4367
-2.86018 -2.12981 10.4213 -2.8683 -2.08892 10.4519 -2.91055 -2.07215 10.4547 -2.94109
-2.03927 10.4435 -2.96495 -1.9975 10.3949 -2.97445 -1.93716 10.3238 -2.9783 -1.86771
10.3854 -3.01565 -1.84784 10.4292 -3.04796 -1.81953 10.4139 -3.06167 -1.76618 10.4044
-3.07478 -1.71762 10.3699 -3.07689 -1.65471 10.3668 -3.09724 -1.62794 10.3656 -3.1081
-1.60154 10.3649 -3.11744 -1.57526 10.3644 -3.12688 -1.54906 10.364 -3.13598 -1.52414
10.3658 -3.14485 -1.50601 10.3642 -3.15275 -1.48506 10.3601 -3.15996 -1.46211 10.356
-3.16652 -1.43914 10.3516 -3.16949 -1.41594 10.3565 -3.19155 -1.36661 10.3495 -3.21123
-1.32096 10.3352 -3.22962 -1.27397 10.3216 -3.24836 -1.22716 10.2794 -3.25981 -1.17093
10.2864 -3.28095 -1.12501 10.2744 -3.30525 -1.08693 10.2701 -3.32022 -1.04213 10.2674
-3.33407 -0.996428 10.2653 -3.34783 -0.952426 10.2619 -3.35354 -0.937446 10.2612 -3.35854
-0.924914 10.2604 -3.36357 -0.912386 10.2597 -3.36862 -0.899862 10.259 -3.37445 -0.885477
10.2586 -3.38114 -0.868848 10.2583 -3.38786 -0.852236 10.2581 -3.39461 -0.835642 10.2577
-3.40131 -0.819019 10.2509 -3.40429 -0.800993 10.2485 -3.4099 -0.790121 10.2461 -3.41553
-0.779262 10.2428 -3.42009 -0.768604 10.2404 -3.42392 -0.75837 10.2323 -3.42385 -0.751161
10.2306 -3.43902 -0.715416 10.2244 -3.45304 -0.684936 10.2186 -3.46716 -0.654571 10.2132
-3.48137 -0.624321 10.21 -3.47991 -0.602448 10.2027 -3.50826 -0.563938 10.2077 -3.52548
-0.544417 10.2179 -3.53743 -0.518781 10.2293 -3.54869 -0.492365 10.2461 -3.55386 -0.495146
10.2392 -3.57463 -0.461939 10.2397 -3.57864 -0.445048 10.2431 -3.5759 -0.434732 10.2466
-3.57318 -0.424414 10.25 -3.57055 -0.414339 10.28 -3.59099 -0.401515 10.3407 -3.62765
-0.403872 10.4128 -3.65672 -0.412243 10.4486 -3.67802 -0.407593 10.3984 -3.68545 -0.371678
10.5105 -3.68194 -0.346159 10.6056 -3.69027 -0.323667 10.6708 -3.73476 -0.322444 10.681
-3.73542 -0.323456 10.7546 -3.76707 -0.353421 10.7816 -3.73043 -0.293149 10.8298 -3.71594
-0.26184 10.902 -3.73504 -0.263106 10.974 -3.75411 -0.264323 11.0889 -3.79589 -0.296752
11.0718 -3.77496 -0.27831 11.0776 -3.77354 -0.273884 11.0921 -3.77954 -0.274778 11.1067
-3.78554 -0.275673 11.1215 -3.79163 -0.276582 11.1544 -3.80439 -0.26498 11.1876 -3.81714
-0.253436 11.2211 -3.82989 -0.241951 11.2482 -3.82497 -0.226906 11.2626 -3.83499 -0.200095
11.2691 -3.78804 -0.1839 11.2769 -3.76125 -0.168464 11.2982 -3.76263 -0.15916 11.3059
-3.74868 -0.154123 11.2918 -3.71089 -0.154885 11.3104 -3.67804 -0.115933 11.3303 -3.66804
-0.0958201 11.3628 -3.68771 -0.0919518 11.3956 -3.70744 -0.0881319 11.4468 -3.75046 -0.0950681
11.435 -3.72495 -0.0871723 11.437 -3.72307 -0.0850431 11.4432 -3.72843 -0.0846767 11.4494
-3.73379 -0.0843124 11.4557 -3.73927 -0.0839428 11.4813 -3.7429 -0.0637525 11.5031 -3.7172
-0.0476838 11.55 -3.71446 -0.0315975 11.5712 -3.72745 0.00581567 11.7019 -3.61958 0.106929
11.5952 -3.71603 0.100961 11.6601 -3.73017 0.0901147 11.6772 -3.70319 0.129101 12.0321
-3.55138 0.176272 13.3482 -2.95891 0.153143 12.5535 -3.32555 0.213596 12.3067 -3.45311
0.245734 12.866 -3.20809 0.237402 13.366 -2.98552 0.230864 15.3779 -2.09286 0.132048
14.098 -2.67756 0.235525 14.4745 -2.50224 0.230334 14.8171 -2.34057 0.226402 15.1308
-2.20609 0.21799 15.3145 -2.13208 0.211407 15.2913 -2.14116 0.213199 15.268 -2.1503
0.215001 15.2446 -2.15949 0.216814 15.221 -2.16873 0.218637 15.3068 -2.13555 0.211751
14.8934 -2.29536 0.24451 14.5564 -2.41999 0.274598 14.1897 -2.54579 0.313156 13.7927
-2.68348 0.354011 15.1857 -2.09351 0.339009 13.0822 -2.9645 0.419045 12.526 -3.18249
0.467513 12.0339 -3.37256 0.516933 12.785 -3.05238 0.491746 14.9043 -2.19392 0.358
12.8253 -3.04148 0.547671 12.0992 -3.31668 0.627954 12.1108 -3.2878 0.651312 12.4283
-3.13063 0.664082 14.4826 -2.18096 0.589772 12.4504 -3.16519 0.724215 12.2472 -3.25353
0.756343 12.2495 -3.22083 0.774017 12.3717 -3.13676 0.78055 14.0424 -2.38474 0.645631
13.0391 -2.87476 0.761355 13.277 -2.74815 0.748212 13.4997 -2.6304 0.736105 13.7086
-2.52069 0.72494 13.7747 -2.48627 0.721474 13.6221 -2.55194 0.737915 13.4639 -2.61968
0.754916 13.2998 -2.68962 0.772506 13.1276 -2.75735 0.790251 13.6293 -2.57243 0.74199
12.5797 -3.02211 0.851352 12.6125 -2.99478 0.866303 12.6459 -2.96755 0.881171 12.6799
-2.94043 0.895956 13.1773 -2.67338 0.875188 12.7568 -2.90789 0.921456 12.7963 -2.88836
0.930858 12.8362 -2.86894 0.940195 12.8607 -2.8437 0.950704 12.8611 -2.82096 0.958869
12.8575 -2.80993 0.963825 12.8539 -2.7989 0.968779 12.8503 -2.78787 0.973732 12.8468
-2.77684 0.978683 12.8522 -2.77074 0.983631 12.8483 -2.72546 1.0015 12.8538 -2.68828
1.01987 12.8597 -2.65109 1.03819 12.8836 -2.61866 1.05213 12.9564 -2.54498 1.03043
12.9173 -2.52992 1.07425 12.9274 -2.49331 1.09312 12.9351 -2.45674 1.11362 12.961
-2.43621 1.13 13.0158 -2.44186 1.13976 13.0008 -2.39796 1.14603 13.0166 -2.39494
1.15295 13.0325 -2.39187 1.15986 13.0484 -2.38876 1.16677 13.0657 -2.38534 1.17424
13.0726 -2.37011 1.18401 13.0797 -2.35486 1.19376 13.0834 -2.33632 1.2029 13.0677
-2.30002 1.20892 13.2723 -2.32355 1.20484 13.0512 -2.22097 1.24168 13.0527 -2.18103
1.25679 13.0701 -2.15552 1.27392 13.131 -2.12801 1.27945 13.3975 -2.09215 1.23009
13.1943 -2.04704 1.31229 13.0762 -2.00863 1.36926 13.0885 -1.97915 1.38545 13.4502
-2.04148 1.35276 13.8806 -2.12835 1.31178 13.6014 -2.02835 1.38018 13.3218 -1.92563
1.44858 13.3023 -1.86779 1.45293 13.5331 -1.84546 1.38961 13.7629 -1.82574 1.32561
13.6184 -1.76976 1.44981 13.5069 -1.71411 1.55977 13.6807 -1.68935 1.54087 14.0248
-1.75236 1.46197 14.4383 -1.85411 1.35816 14.6773 -1.74543 1.33777 14.8281 -1.66204
1.31128 14.9731 -1.58712 1.28445 15.1131 -1.51972 1.25725 15.4859 -1.20401 1.21888
15.2792 -1.44408 1.23239 15.3116 -1.41628 1.22071 15.3433 -1.38976 1.209 15.3744
-1.36446 1.19723 15.386 -1.35526 1.19273 15.3174 -1.4115 1.19589 15.2463 -1.46858
1.19967 15.2675 -1.48961 1.18857 15.3288 -1.49506 1.17095 15.389 -1.50067 1.15351
15.3957 -1.50035 1.15197 15.4024 -1.50002 1.15042 15.4091 -1.49971 1.14887 15.4158
-1.4994 1.14731 15.4327 -1.50103 1.13931 15.634 -1.52272 1.08498 15.8567 -1.56858
1.01357 16.1153 -1.52029 0.957317 16.465 -1.33775 0.933482 17.0186 -1.06625 0.68399
16.7363 -1.20961 0.896985 17.1171 -1.0554 0.820252 17.6926 -0.72216 0.715346 18.2751
-0.39085 0.603162 19.0252 -0.179445 0.210386 18.3184 -0.387831 0.566055 18.3088 -0.400296
0.563103 18.2987 -0.412912 0.560434 18.2732 -0.420839 0.56984 19.0389 -0.20572 0.174935
18.228 -0.47727 0.550164 18.2107 -0.489444 0.549661 18.1928 -0.501809 0.549434 18.2079
-0.498067 0.537951 19.0462 -0.224101 0.140281 18.2037 -0.529795 0.498199 18.1045 -0.571509
0.531818 18.0817 -0.586083 0.532098 18.2072 -0.543723 0.47222 19.055 -0.242703 0.101848
18.2204 -0.612353 0.426817 18.0001 -0.712536 0.507849 17.9652 -0.731446 0.515334 18.1331
-0.666716 0.441339 18.8295 -0.355179 0.192793 17.1477 -0.262791 -0.196274 17.1477 -0.262792
-0.196276 17.1477 -0.262792 -0.196278 17.1477 -0.262792 -0.19628 17.1477 -0.262793 -0.196283
17.1477 -0.262793 -0.196285 17.1472 -0.262858 -0.196592 17.1467 -0.262922 -0.1969 17.1461
-0.262986 -0.197208 17.1456 -0.26305 -0.197516 17.1451 -0.263117 -0.197828 17.1176 -0.269595
-0.221566 17.086 -0.277236 -0.248149 17.0545 -0.284879 -0.274721 17.0231 -0.292525 -0.301281
16.9924 -0.299799 -0.328038 16.9647 -0.307803 -0.360602 16.9372 -0.315873 -0.393935 16.9098
-0.323939 -0.427251 16.8824 -0.332002 -0.460548 16.8581 -0.33869 -0.49235 16.8374 -0.344091
-0.529325 16.8144 -0.350497 -0.573124 16.7914 -0.35688 -0.616869 16.7686 -0.363239 -0.660558
16.7473 -0.36963 -0.704341 16.731 -0.374355 -0.758535 16.7163 -0.379772 -0.818115 16.7017
-0.385148 -0.877613 16.6872 -0.390483 -0.937028 16.6782 -0.392633 -0.989741 16.6766 -0.390161
-1.04803 16.6669 -0.402313 -1.11008 16.6563 -0.416065 -1.17236 16.6458 -0.429707 -1.23448
16.6378 -0.447182 -1.29208 16.6248 -0.463807 -1.3457 16.5966 -0.500131 -1.37959 16.5686
-0.53638 -1.41341 16.561 -0.551311 -1.45952 16.5398 -0.587474 -1.489 16.5223 -0.609618
-1.52745 16.49 -0.634981 -1.54518 16.418 -0.690688 -1.52848 16.3459 -0.74663 -1.51177
16.2593 -0.822336 -1.4708 16.174 -0.874511 -1.46835 16.0388 -0.945266 -1.3914 15.9312
-1.00131 -1.34477 15.8476 -1.04626 -1.3235 15.7017 -1.14545 -1.22453 15.556 -1.23472
-1.18118 15.3697 -1.34687 -1.09095 15.1609 -1.47329 -0.976167 14.8174 -1.72349 -0.729346
14.4115 -2.06005 -0.429036 14.2798 -2.1734 -0.345172 14.1229 -2.29982 -0.222614 13.978
-2.43648 -0.103174 13.8248 -2.57707 0.0227339 13.6193 -2.73544 0.189103 13.394 -2.92481
0.359184 13.1893 -3.14124 0.551042 12.9843 -3.36049 0.743902 12.7791 -3.58254 0.937675
12.7074 -3.66089 1.00472 12.6659 -3.70458 1.03785 12.6245 -3.74833 1.07099 12.5831
-3.79215 1.10411 12.5426 -3.83621 1.13786 12.5074 -3.8821 1.17616 12.2635 -4.25879
1.43768 12.0359 -4.65288 1.7302 11.7965 -5.10144 2.05488 11.563 -5.55547 2.37974
11.2927 -6.12143 2.77781 11.2796 -6.16279 2.8032 11.2692 -6.20416 2.82958 11.2622
-6.24554 2.85716 11.2565 -6.28691 2.88518 11.2512 -6.32608 2.9117 11.2485 -6.34029
2.92106 11.2461 -6.35495 2.93097 11.2439 -6.37021 2.9416 11.2418 -6.38546 2.95221
11.2397 -6.40026 2.96252 11.208 -6.55001 3.06429 11.177 -6.69828 3.16481 11.1463
-6.84532 3.26458 11.1087 -6.99764 3.37844 11.085 -7.15978 3.50725 11.1165 -7.32459
3.61687 11.1482 -7.48801 3.72549 11.2418 -7.64269 3.82077 11.3357 -7.79647 3.91538
11.411 -7.92763 3.9953 11.4404 -7.97982 4.02529 11.4697 -8.03187 4.05517 11.4975
-8.08425 4.08611 11.5033 -8.14293 4.13309 11.5091 -8.20235 4.18067 11.5835 -8.2887
4.25469 11.6877 -8.42742 4.34385 11.7726 -8.52558 4.41912 11.8315 -8.57561 4.47959
11.9105 -8.6624 4.55798 11.9242 -8.66406 4.56413 11.938 -8.66574 4.57029 11.9482
-8.66053 4.57103 11.9579 -8.65448 4.5711 11.9678 -8.6484 4.57118 11.9744 -8.65071
4.57741 11.9831 -8.65304 4.58326 11.9968 -8.65542 4.58815 12.0106 -8.65782 4.59304
12.0243 -8.6602 4.59791 12.1002 -8.68598 4.6478 12.1759 -8.71197 4.69788 12.2268
-8.7192 4.73868 12.2618 -8.68417 4.75073 12.36 -8.64889 4.75013 12.3851 -8.60659
4.75126 12.4104 -8.56451 4.75258 12.4001 -8.46945 4.72849 12.3887 -8.3726 4.70368
12.3784 -8.27209 4.67792 12.3946 -8.23658 4.6661 12.4109 -8.20108 4.6544 12.4275
-8.16559 4.64282 12.4363 -8.13466 4.64557 12.4452 -8.10432 4.64837 12.3789 -8.00501
4.59865 12.3273 -7.83386 4.55275 12.2528 -7.7062 4.52889 12.1547 -7.64091 4.52045
12.0564 -7.57542 4.51205 12.0381 -7.56854 4.51078 12.0199 -7.56166 4.50952 12.0016
-7.55478 4.50825 11.9834 -7.54635 4.50596 11.9652 -7.53488 4.50171 11.9523 -7.5288
4.49887 11.9389 -7.52226 4.49597 11.9217 -7.51247 4.49261 11.9045 -7.50269 4.48925
11.8872 -7.49291 4.4859 11.7785 -7.45795 4.47088 11.6697 -7.42322 4.45583 11.556
-7.36423 4.43387 11.46 -7.2792 4.4097 11.363 -7.16191 4.37832 11.2312 -7.13134
4.33977 11.1046 -7.10055 4.30202 11.0228 -7.06378 4.27125 10.9372 -7.01708 4.23793
10.855 -6.97229 4.20594 10.8217 -6.95213 4.19202 10.7884 -6.93198 4.1781 10.7551
-6.91183 4.16418 10.7272 -6.88989 4.15152 10.6996 -6.86783 4.13893 10.5863 -6.90229
4.1121 10.4474 -6.90436 4.06065 10.2949 -6.8553 4.00527 10.1128 -6.75041 3.93967
9.92249 -6.63468 3.86848 9.86603 -6.63967 3.8639 9.80723 -6.64567 3.86058 9.76476
-6.66225 3.85447 9.71987 -6.68023 3.84977 9.67741 -6.69787 3.84537 9.66237 -6.70039
3.84199 9.6462 -6.70058 3.83805 9.62442 -6.68953 3.83138 9.60266 -6.67849 3.82471
9.58093 -6.66746 3.81806 9.52935 -6.65861 3.80193 9.4781 -6.64998 3.78583 9.42719
-6.64156 3.76977 9.37404 -6.61293 3.74612 9.31679 -6.55552 3.71156 9.2675 -6.57823
3.68291 9.21932 -6.60158 3.65436 9.25305 -6.61029 3.62439 9.2922 -6.61794 3.59434
9.32943 -6.6251 3.56545 9.34232 -6.62858 3.55515 9.3552 -6.63205 3.54483 9.36692
-6.63533 3.53507 9.36515 -6.63658 3.532 9.3634 -6.63783 3.52894 9.46168 -6.71229
3.52996 9.5366 -6.7439 3.51164 9.58305 -6.73412 3.46866 9.62571 -6.72392 3.42518
9.6647 -6.69825 3.37838 9.67372 -6.70081 3.36919 9.68838 -6.70128 3.36057 9.70543
-6.70086 3.35219 9.71488 -6.69528 3.34045 9.7225 -6.68806 3.32737 9.75616 -6.63644
3.25852 9.78044 -6.58047 3.19606 9.80369 -6.52384 3.13307 9.82798 -6.46445 3.0516
9.8554 -6.40188 2.92738 9.90156 -6.40012 2.87996 9.93238 -6.39038 2.83922 9.95215
-6.32197 2.7538 9.9604 -6.24854 2.67626 9.96817 -6.17188 2.59554 10.0068 -6.09552
2.54198 10.1401 -6.03175 2.48621 10.2771 -5.95908 2.39704 10.3364 -5.8538 2.24486
10.365 -5.74958 2.07574 10.5169 -5.66591 2.03056 10.6466 -5.56936 2.00781 10.7077
-5.42407 1.8631 10.7482 -5.27967 1.73223 10.7738 -5.09621 1.50387 10.8034 -5.08408
1.50645 10.8275 -5.06347 1.49321 10.8434 -5.02984 1.4556 10.8591 -4.99614 1.41787
10.8756 -4.96064 1.37809 10.9329 -4.85528 1.27905 10.989 -4.74867 1.1778 11.0543
-4.6362 1.05388 11.1274 -4.5476 0.912498 11.1653 -4.43551 0.731442 11.264 -4.34868
0.788632 11.3569 -4.2198 0.722542 11.4348 -4.0931 0.574486 11.5149 -3.96448 0.407961
11.5812 -3.79588 0.178281 11.6342 -3.74556 0.12884 11.6876 -3.69204 0.0748411 11.7136
-3.62823 -0.00549698 11.7225 -3.56376 -0.102144 11.7295 -3.50121 -0.197756 11.7792 -3.44879
-0.247418 11.8065 -3.42048 -0.281068 11.8303 -3.39525 -0.314599 11.856 -3.36483 -0.359971
11.8848 -3.33035 -0.411489 11.8889 -3.32715 -0.415733 11.893 -3.32394 -0.41998 11.8971
-3.32073 -0.424231 11.9008 -3.3172 -0.429118 11.9011 -3.31067 -0.439893 11.9662 -3.24082
-0.517812 12.0176 -3.15994 -0.61397 12.0741 -3.10853 -0.66095 12.1429 -3.0732 -0.695537
12.1763 -2.96531 -0.913633 12.2503 -2.92472 -0.873437 12.3154 -2.88177 -0.869172 12.363
-2.83431 -0.934474 12.3918 -2.76999 -1.06508 12.4142 -2.70573 -1.2152 12.5053 -2.64042
-1.2049 12.5961 -2.57404 -1.19616 12.6416 -2.52646 -1.25248 12.6934 -2.47806 -1.3484
12.7458 -2.43782 -1.45518 12.7963 -2.35277 -1.43555 12.8403 -2.27241 -1.45256 12.8856
-2.19825 -1.47708 12.9382 -2.13785 -1.49923 12.9727 -2.11856 -1.55021 13.0255 -2.01172
-1.51717 13.0558 -1.95884 -1.51397 13.0834 -1.90496 -1.51066 13.0985 -1.84816 -1.50502
13.1201 -1.7666 -1.49776 13.1275 -1.73606 -1.49843 13.1349 -1.70547 -1.49917 13.1422
-1.67483 -1.5 13.1496 -1.64414 -1.50091 13.157 -1.62437 -1.50709 13.1556 -1.52011
-1.47788 13.1537 -1.42324 -1.45112 13.1517 -1.32563 -1.42524 13.1496 -1.22728 -1.40025
13.1538 -1.16912 -1.40386 13.1288 -1.06507 -1.36103 13.1038 -0.995802 -1.3283 13.0787
-0.925474 -1.29593 13.0535 -0.854079 -1.26393 13.0359 -0.799259 -1.24964 13.0062 -0.748766
-1.21059 12.9773 -0.707632 -1.1771 12.9484 -0.665929 -1.14392 12.9195 -0.623653 -1.11104
12.8891 -0.571641 -1.08304 12.8857 -0.563974 -1.08096 12.8822 -0.556291 -1.07888 12.8788
-0.548593 -1.0768 12.8753 -0.540879 -1.07473 12.8712 -0.534649 -1.07277 12.8449 -0.497179
-1.05041 12.8129 -0.462004 -1.01706 12.7761 -0.426746 -0.974485 12.7393 -0.390809 -0.932258
12.7059 -0.372505 -0.908672 12.6683 -0.32995 -0.860931 12.6313 -0.311122 -0.818163 12.5945
-0.291834 -0.775685 12.5655 -0.267521 -0.748044 12.5335 -0.260686 -0.725804 12.5041 -0.224821
-0.699031 12.4746 -0.21056 -0.671732 12.4358 -0.203229 -0.628856 12.3972 -0.195599 -0.586344
12.3562 -0.201788 -0.558003 12.3301 -0.16408 -0.545932 12.2976 -0.157776 -0.517691 12.2646
-0.154771 -0.487835 12.2348 -0.147595 -0.467036 12.1939 -0.160169 -0.439156 12.1706 -0.118118
-0.433928 12.1424 -0.0932167 -0.421349 12.1086 -0.0754555 -0.393446 12.0865 -0.0743926 -0.399387
12.0501 -0.0810972 -0.424942 12.0124 -0.0345449 -0.379172 11.974 -0.00109165 -0.352544 11.9262
0.0298474 -0.33244 11.8829 0.0312489 -0.325715 11.8298 0.0287139 -0.31134 11.7897 0.0615856
-0.31822 11.7484 0.0878253 -0.322988 11.6996 0.0986095 -0.319834 11.6647 0.0727636 -0.350424
11.6336 0.0455707 -0.392009 11.5731 0.0684904 -0.37044 11.518 0.0837698 -0.355097 11.4824
0.0710708 -0.362093 11.445 0.0476889 -0.366909 11.4075 0.0216629 -0.371634 11.3791 0.0197536
-0.406812 11.3513 0.014478 -0.43938 11.3338 -0.00939425 -0.461958 11.3354 -0.0486315 -0.516907
11.3413 -0.0919853 -0.579469 11.2968 -0.0885397 -0.57393 11.2591 -0.090374 -0.5745 11.2532
-0.117511 -0.605404 11.2468 -0.146843 -0.628377 11.2419 -0.177899 -0.650394 11.2334 -0.189893
-0.700224 11.225 -0.203222 -0.748435 11.2244 -0.229676 -0.785427 11.2484 -0.27688 -0.86046
11.2738 -0.326349 -0.939092 11.2515 -0.326933 -0.946534 11.229 -0.327562 -0.953946 11.2294
-0.35188 -0.992559 11.2346 -0.389054 -1.02546 11.2397 -0.426606 -1.05853 11.2481 -0.444275
-1.11419 11.2546 -0.464611 -1.16539 11.2561 -0.491268 -1.20543 11.2647 -0.530224 -1.26283
11.2803 -0.580974 -1.33239 11.2746 -0.589759 -1.33879 11.2732 -0.614482 -1.37098 11.2723
-0.645221 -1.41095 11.2707 -0.676968 -1.45077 11.2648 -0.71779 -1.48321 11.2713 -0.751231
-1.52784 11.2634 -0.79018 -1.5684 11.2591 -0.827568 -1.60588 11.2559 -0.864612 -1.64235
11.2517 -0.903792 -1.68105 11.2519 -0.907237 -1.68224 11.2514 -0.911611 -1.68546 11.2509
-0.915989 -1.68868 11.2504 -0.920369 -1.6919 11.2499 -0.924692 -1.69507 11.2487 -0.959697
-1.72204 11.2474 -0.994834 -1.74906 11.246 -1.0301 -1.77613 11.2366 -1.06776 -1.80986
11.2294 -1.1102 -1.86477 11.2277 -1.15427 -1.87634 11.2211 -1.20163 -1.90528 11.223
-1.248 -1.92843 11.2099 -1.29542 -1.95545 11.1638 -1.34521 -1.99098 11.1886 -1.40356
-2.02439 11.1725 -1.45562 -2.04442 11.1571 -1.50785 -2.06549 11.1499 -1.56008 -2.09825
11.1259 -1.61042 -2.14254 11.1245 -1.64791 -2.151 11.1173 -1.67981 -2.16881 11.1101
-1.71176 -2.18663 11.1028 -1.74375 -2.20446 11.097 -1.76959 -2.21884 11.0903 -1.79541
-2.2307 11.0814 -1.82105 -2.23996 11.0726 -1.84676 -2.24926 11.0638 -1.87252 -2.25858
11.0531 -1.89699 -2.27175 11.0377 -1.95855 -2.28666 11.0186 -2.01666 -2.31405 11.0043
-2.07548 -2.34571 10.9772 -2.12948 -2.3681 10.9314 -2.17725 -2.37756 10.9348 -2.20866
-2.38963 10.9115 -2.22802 -2.39526 10.8883 -2.24741 -2.4009 10.8651 -2.26683 -2.40654
10.8428 -2.28554 -2.41197 10.8275 -2.31232 -2.41922 10.8215 -2.34116 -2.42538 10.8261
-2.37234 -2.43033 10.8308 -2.40361 -2.4353 10.7973 -2.41974 -2.42994 10.8271 -2.4798
-2.45268 10.8206 -2.52767 -2.45408 10.8146 -2.57582 -2.45561 10.7844 -2.60708 -2.45081
10.7441 -2.62401 -2.43573 10.7382 -2.68475 -2.43407 10.7316 -2.72166 -2.42086 10.7117
-2.75237 -2.39879 10.6874 -2.78327 -2.3747 10.6471 -2.80659 -2.34274 10.6535 -2.81702
-2.34249 10.6478 -2.82133 -2.33489 10.6416 -2.82538 -2.32698 10.6354 -2.82943 -2.31906
10.6294 -2.8334 -2.31134 10.6107 -2.8604 -2.28643 10.6142 -2.89007 -2.2712 10.6189
-2.92008 -2.25645 10.6204 -2.94858 -2.23966 10.5671 -2.95149 -2.18996 10.5936 -2.99685
-2.16695 10.5599 -3.0147 -2.11666 10.5271 -3.03299 -2.06669 10.5258 -3.05471 -2.02559
10.5241 -3.07556 -1.98373 10.5237 -3.07737 -1.98125 10.5235 -3.07824 -1.97864 10.5232
-3.07912 -1.97602 10.523 -3.08 -1.97341 10.5228 -3.08089 -1.97076 10.5266 -3.10041
-1.92594 10.5308 -3.12019 -1.88126 10.5353 -3.14022 -1.83671 10.5346 -3.16092 -1.79154
10.5226 -3.16713 -1.73831 10.5246 -3.18981 -1.70942 10.5193 -3.20097 -1.67656 10.5094
-3.2088 -1.63973 10.4998 -3.21675 -1.60297 10.4908 -3.22444 -1.5681 10.4874 -3.23049
-1.54883 10.484 -3.23658 -1.52957 10.4807 -3.24271 -1.51035 10.4775 -3.24823 -1.49109
10.4739 -3.25077 -1.47164 10.4774 -3.27224 -1.42202 10.4718 -3.2898 -1.37075 10.467
-3.30784 -1.31992 10.4377 -3.32255 -1.2679 10.3867 -3.33177 -1.20875 10.4088 -3.35109
-1.15824 10.437 -3.37051 -1.10918 10.4375 -3.38319 -1.06245 10.4352 -3.39524 -1.0263
10.4334 -3.40725 -0.99132 10.4169 -3.42365 -0.946396 10.4142 -3.43629 -0.914779 10.4159
-3.44787 -0.8872 10.4179 -3.45953 -0.859671 10.4199 -3.46663 -0.830902 10.4202 -3.46892
-0.820523 10.4205 -3.47121 -0.810149 10.4208 -3.47351 -0.799778 10.4222 -3.47611 -0.792011
10.4265 -3.47959 -0.792082 10.4256 -3.48854 -0.740374 10.4323 -3.50274 -0.70604 10.4366
-3.52187 -0.672015 10.4179 -3.53001 -0.647731 10.3799 -3.52904 -0.631493 10.403 -3.53782
-0.578482 10.4138 -3.55268 -0.549846 10.423 -3.56573 -0.527983 10.44 -3.57975 -0.515469
10.4815 -3.60145 -0.542619 10.4602 -3.59697 -0.491309 10.4584 -3.60064 -0.471799 10.4641
-3.60747 -0.464587 10.4699 -3.61433 -0.45741 10.4758 -3.62113 -0.450347 10.4956 -3.6263
-0.431543 10.5663 -3.64161 -0.438848 10.6305 -3.66798 -0.445185 10.6805 -3.69714 -0.446345
10.6905 -3.72359 -0.433425 10.7512 -3.70914 -0.388864 10.8092 -3.69584 -0.352713 10.8903
-3.70484 -0.351864 10.9658 -3.74863 -0.381404 11.0364 -3.7797 -0.410641 11.0605 -3.74253
-0.349681 11.1008 -3.71338 -0.312103 11.1676 -3.7113 -0.312049 11.2362 -3.72967 -0.312014
11.3667 -3.78078 -0.356927 11.3406 -3.7498 -0.329525 11.3495 -3.74855 -0.32349 11.3701
-3.75712 -0.324503 11.3906 -3.76569 -0.325519 11.4116 -3.77446 -0.326561 11.4389 -3.78524
-0.316023 11.4654 -3.78354 -0.305957 11.4911 -3.76864 -0.296363 11.5132 -3.75923 -0.283307
11.5238 -3.76733 -0.259477 11.539 -3.73193 -0.240098 11.5583 -3.70029 -0.222578 11.5847
-3.69792 -0.211222 11.5685 -3.65987 -0.211596 11.5548 -3.62517 -0.211722 11.5839 -3.60804
-0.171256 11.616 -3.59661 -0.14166 11.6477 -3.61098 -0.13717 11.6776 -3.62948 -0.132669
11.7453 -3.6955 -0.150018 11.7193 -3.64131 -0.133151 11.7237 -3.63907 -0.128984 11.7356
-3.6496 -0.127935 11.7475 -3.66015 -0.126895 11.76 -3.6712 -0.125819 11.7742 -3.64343
-0.111958 11.7921 -3.60633 -0.0999894 11.8369 -3.61384 -0.0843911 11.8575 -3.62387 -0.05508
11.8117 -3.59764 0.0445922 11.8804 -3.6165 0.0246129 11.9149 -3.6074 0.0360133 11.9236
-3.57044 0.0737222 11.9324 -3.58553 0.134368 12.455 -3.35036 0.172522 11.955 -3.5903
0.21394 11.9889 -3.57648 0.234303 12.0186 -3.57394 0.262676 12.6888 -3.28375 0.249665
14.7979 -2.35271 0.147139 13.3221 -3.03086 0.265291 13.7717 -2.82623 0.257412 14.1779
-2.63901 0.251148 14.5468 -2.47207 0.244381 14.726 -2.39987 0.23796 14.691 -2.41357
0.240662 14.6558 -2.42737 0.243386 14.6203 -2.4413 0.246132 14.5845 -2.45534 0.248901
14.7144 -2.40514 0.238482 14.1921 -2.60691 0.279933 13.7894 -2.75005 0.319306 13.3505
-2.90389 0.363507 12.8711 -3.07362 0.410785 14.5677 -2.3585 0.390799 12.4586 -3.23089
0.473511 12.3152 -3.27436 0.514511 12.3492 -3.24319 0.551611 12.348 -3.21005 0.573551
14.2388 -2.43862 0.458248 12.3882 -3.18873 0.630448 12.3885 -3.15827 0.649743 12.3898
-3.1275 0.668836 12.4197 -3.10308 0.695127 13.7872 -2.4674 0.655242 12.5033 -3.09485
0.748252 12.5197 -3.06932 0.765804 12.5234 -3.03821 0.782265 12.5281 -3.0069 0.798532
13.2994 -2.64434 0.745081 12.6953 -2.93778 0.814569 12.822 -2.86968 0.807612 12.9444
-2.80412 0.800952 13.0626 -2.74098 0.794576 13.1321 -2.70402 0.790864 12.8291 -2.83225
0.823244 12.6822 -2.89236 0.845537 12.7087 -2.87755 0.85625 12.7354 -2.86275 0.866929
12.8281 -2.79985 0.865117 12.7328 -2.83323 0.876764 12.7327 -2.82709 0.87886 12.7326
-2.82095 0.880954 12.7325 -2.81481 0.883045 12.7324 -2.80925 0.88494 12.7483 -2.78754
0.899225 12.7705 -2.76822 0.913675 12.7931 -2.74892 0.92812 12.816 -2.72963 0.942559
12.8729 -2.67969 0.939631 12.8534 -2.67126 0.971217 12.8906 -2.6496 0.985775 12.9098
-2.62101 1.00175 12.898 -2.58041 1.0202 12.9492 -2.57418 1.03863 12.8948 -2.48241
1.05266 12.9028 -2.44716 1.07033 12.9114 -2.41192 1.08795 12.9342 -2.37842 1.10125
13.0588 -2.25524 1.03887 12.9598 -2.28273 1.1227 12.9792 -2.26141 1.13887 13.0084
-2.24359 1.15414 13.0378 -2.22563 1.16938 13.0911 -2.22904 1.17926 13.0801 -2.19073
1.18491 13.096 -2.18797 1.19113 13.1119 -2.18517 1.19734 13.1278 -2.18234 1.20356
13.145 -2.17924 1.21026 13.1546 -2.1648 1.2197 13.1632 -2.14932 1.22894 13.1493
-2.11316 1.23454 13.1357 -2.07714 1.24005 13.3274 -2.0969 1.23615 13.1241 -1.99961
1.26977 13.1144 -1.94754 1.28102 13.1296 -1.91851 1.29552 13.1712 -1.89433 1.30547
13.4376 -1.86069 1.25547 13.2342 -1.81775 1.33705 13.1579 -1.78626 1.38077 13.1575
-1.74001 1.39193 13.4474 -1.78101 1.36602 13.8751 -1.86863 1.3237 13.5933 -1.7694
1.3908 13.3703 -1.6797 1.44619 13.4242 -1.6515 1.44519 13.5755 -1.62987 1.40384
13.8044 -1.61082 1.33853 13.6591 -1.5555 1.46145 13.7128 -1.5204 1.49477 13.8701
-1.50002 1.47742 13.9863 -1.5022 1.45849 14.3993 -1.60758 1.35368 14.5347 -1.5756
1.34098 14.6554 -1.52634 1.31875 14.775 -1.47983 1.29575 14.8934 -1.43603 1.27202
15.1531 -1.38086 1.21408 15.1493 -1.37545 1.21078 15.163 -1.36972 1.20441 15.1701
-1.36566 1.2013 15.1749 -1.36221 1.19933 15.1798 -1.35864 1.19729 15.1839 -1.3531
1.19897 15.188 -1.34754 1.20057 15.2235 -1.35343 1.19258 15.3204 -1.3821 1.16593
15.4183 -1.41214 1.13905 15.4211 -1.41201 1.13844 15.424 -1.41189 1.13783 15.4269
-1.41176 1.13722 15.4297 -1.41164 1.13662 15.4385 -1.41265 1.13224 15.6582 -1.45704
1.06094 15.8767 -1.50692 0.98874 16.1074 -1.47989 0.924257 16.4542 -1.30042 0.900064
16.9534 -1.05561 0.704021 16.7867 -1.17019 0.852042 17.0969 -1.08438 0.783504 17.6727
-0.750766 0.679013 18.2556 -0.419098 0.567214 18.9788 -0.187978 0.220391 18.39 -0.3633
0.515642 18.3825 -0.375271 0.511895 18.3746 -0.387382 0.508413 18.3536 -0.395582 0.515073
18.9986 -0.214362 0.182283 18.3129 -0.445047 0.498425 18.2982 -0.456514 0.497011 18.2828
-0.468155 0.495852 18.2588 -0.478206 0.502306 19.0108 -0.232425 0.145492 18.2213 -0.519333
0.480375 18.202 -0.53278 0.479393 18.182 -0.546458 0.478695 18.1755 -0.551828 0.475528
19.023 -0.250938 0.105304 18.1883 -0.620601 0.430278 18.1012 -0.662555 0.458723 18.0695
-0.680173 0.465137 18.1162 -0.672778 0.430737 18.8124 -0.361373 0.182304 17.0221 -0.304377
-0.194219 17.022 -0.304378 -0.194221 17.022 -0.304378 -0.194223 17.022 -0.304379 -0.194224
17.022 -0.304379 -0.194226 17.022 -0.30438 -0.194228 17.0215 -0.304487 -0.194514 17.021
-0.304594 -0.194801 17.0205 -0.3047 -0.195087 17.02 -0.304807 -0.195374 17.0195 -0.304921
-0.195672 16.9873 -0.314584 -0.220324 16.9552 -0.324246 -0.244973 16.9231 -0.333915 -0.269612
16.8913 -0.343049 -0.294783 16.86 -0.350198 -0.321645 16.832 -0.358854 -0.355237 16.7995
-0.36937 -0.391727 16.7646 -0.380993 -0.429624 16.7298 -0.392604 -0.467503 16.6968 -0.403583
-0.504149 16.6664 -0.414583 -0.555068 16.6368 -0.425648 -0.607752 16.6073 -0.436684 -0.660402
16.5818 -0.445098 -0.708164 16.5589 -0.452164 -0.753992 16.5418 -0.457517 -0.81311 16.5243
-0.466626 -0.874929 16.5005 -0.483719 -0.940489 16.477 -0.500712 -1.00594 16.4583 -0.518651
-1.06733 16.4346 -0.542306 -1.13324 16.4032 -0.581539 -1.18633 16.3736 -0.618795 -1.2401
16.366 -0.629746 -1.30444 16.3424 -0.666434 -1.35116 16.3228 -0.69749 -1.40608 16.2962
-0.733053 -1.4418 16.2513 -0.785541 -1.46095 16.1921 -0.851127 -1.46736 16.1296 -0.931755
-1.44676 16.0641 -0.99761 -1.45793 15.95 -1.08156 -1.39692 15.8764 -1.14069 -1.38038
15.8005 -1.20159 -1.36052 15.663 -1.30084 -1.2695 15.5293 -1.39188 -1.21808 15.3929
-1.47302 -1.14976 15.2548 -1.54985 -1.07296 15.0931 -1.64887 -0.948772 14.9151 -1.76566
-0.791945 14.6854 -1.89068 -0.666722 14.4303 -2.07083 -0.503343 14.113 -2.28163 -0.272383
13.7519 -2.53782 0.0115499 13.2523 -2.91543 0.430641 13.2319 -2.93183 0.446321 13.2107
-2.95059 0.464786 13.1896 -2.96938 0.483273 13.1684 -2.98819 0.501781 13.1487 -3.00571
0.518997 13.0036 -3.13441 0.641021 12.8611 -3.2606 0.762405 12.7301 -3.37427 0.881051
12.5988 -3.48862 0.999756 12.4391 -3.64958 1.16401 12.2145 -3.87358 1.3652 11.9935
-4.0945 1.57105 11.7859 -4.30257 1.79091 11.6206 -4.51898 1.99507 11.4426 -4.75643
2.22521 11.2156 -5.06346 2.46734 11.0573 -5.37052 2.70976 10.9085 -5.67664 2.94999
10.7668 -5.98149 3.18774 10.6887 -6.16686 3.33155 10.6699 -6.1982 3.35585 10.6511
-6.22949 3.38011 10.6339 -6.26241 3.40648 10.6232 -6.28947 3.42848 10.6146 -6.31734
3.45168 10.612 -6.32723 3.45853 10.6084 -6.33756 3.46592 10.6044 -6.34803 3.47349
10.6005 -6.3585 3.48105 10.5967 -6.36878 3.48848 10.5041 -6.6778 3.71413 10.4187
-6.97672 3.93172 10.4231 -7.17406 4.07683 10.459 -7.42455 4.22968 10.4424 -7.63843
4.3805 10.4906 -7.69166 4.4015 10.5389 -7.7448 4.4224 10.5447 -7.82009 4.47592
10.5451 -7.89383 4.53026 10.5501 -7.91152 4.53965 10.5594 -7.96936 4.57438 10.5687
-8.02676 4.60882 10.5914 -8.06555 4.63409 10.6084 -8.05285 4.64072 10.6303 -8.0509
4.65101 10.6671 -8.04265 4.65647 10.686 -8.00532 4.6402 10.6862 -7.93774 4.60131
10.6864 -7.87029 4.56256 10.6629 -7.84165 4.5509 10.6491 -7.85576 4.56565 10.6352
-7.8699 4.58042 10.6214 -7.88408 4.59522 10.6188 -7.86879 4.59306 10.6181 -7.84863
4.58803 10.6136 -7.8542 4.59605 10.609 -7.85977 4.60407 10.6036 -7.86554 4.60603
10.5996 -7.85647 4.60058 10.5956 -7.84735 4.5951 10.557 -7.81254 4.57304 10.5172
-7.77686 4.55063 10.4379 -7.71024 4.51471 10.3542 -7.63867 4.46059 10.2532 -7.54552
4.38984 10.2475 -7.54037 4.38751 10.2417 -7.53523 4.38517 10.2355 -7.52973 4.38099
10.2293 -7.52419 4.37658 10.223 -7.51865 4.37216 10.1707 -7.48972 4.3504 10.1133
-7.44739 4.31919 10.0294 -7.33462 4.2384 9.97162 -7.24676 4.17227 9.95149 -7.19391
4.12633 9.95374 -7.1928 4.12418 9.95599 -7.19168 4.12202 9.95824 -7.19056 4.11986
9.95874 -7.18141 4.11025 9.95723 -7.16304 4.09207 9.94255 -7.15021 4.07191 9.92363
-7.13054 4.05007 9.89424 -7.09398 4.02409 9.85871 -7.04757 3.9957 9.82292 -7.0009
3.96714 9.88865 -6.95576 3.8947 9.98887 -6.91995 3.79935 9.98632 -6.82349 3.6909
9.95819 -6.71089 3.57922 9.83566 -6.55837 3.48073 9.89574 -6.57827 3.47356 9.89296
-6.55595 3.44171 9.86214 -6.51484 3.39888 9.83131 -6.47377 3.35607 9.86023 -6.46014
3.3061 9.98604 -6.47064 3.24024 10.0908 -6.46147 3.19399 10.1472 -6.43578 3.17812
10.1738 -6.37207 3.09983 10.1847 -6.2825 2.98068 10.1897 -6.25593 2.96271 10.1946
-6.22926 2.94461 10.1993 -6.20251 2.92638 10.1953 -6.14035 2.84438 10.1904 -6.07576
2.7573 10.3263 -5.99428 2.69782 10.4371 -5.88032 2.57899 10.5144 -5.74139 2.43949
10.5137 -5.56073 2.17525 10.5112 -5.39509 1.93134 10.5958 -5.33256 1.88613 10.6609
-5.2668 1.83321 10.6823 -5.1945 1.76376 10.7034 -5.12185 1.69376 10.7438 -5.011
1.56141 10.7878 -4.91588 1.44907 10.8314 -4.82172 1.33726 10.8773 -4.76116 1.25492
10.9107 -4.68187 1.16101 10.9195 -4.59776 1.04246 11.0435 -4.53167 1.0494 11.1456
-4.43407 0.968466 11.2525 -4.27301 0.772887 11.3516 -4.08977 0.551038 11.4236 -3.89336
0.287134 11.4761 -3.83758 0.23204 11.5261 -3.78077 0.172516 11.5603 -3.72879 0.111422
11.5777 -3.64251 -0.00497199 11.5944 -3.55789 -0.119045 11.6485 -3.48195 -0.189571 11.696
-3.41426 -0.253715 11.7259 -3.3636 -0.313698 11.7534 -3.31409 -0.37489 11.7661 -3.27925
-0.42796 11.7941 -3.23115 -0.481258 11.8078 -3.19471 -0.526485 11.8201 -3.15937 -0.570986
11.8324 -3.12394 -0.615575 11.8462 -3.08353 -0.666409 11.8792 -3.00055 -0.751726 11.9145
-2.94849 -0.793 11.9519 -2.91562 -0.810876 11.9902 -2.91462 -0.802909 12.0104 -2.84859
-0.935235 12.0594 -2.78473 -0.925061 12.0931 -2.68526 -1.01928 12.1241 -2.6378 -1.05148
12.1654 -2.58442 -1.1618 12.2014 -2.52042 -1.31036 12.2408 -2.46711 -1.31144 12.2798
-2.4131 -1.31352 12.3295 -2.37141 -1.39195 12.3888 -2.3397 -1.54335 12.4475 -2.30881
-1.6927 12.4805 -2.26371 -1.66553 12.5194 -2.21665 -1.67001 12.575 -2.16546 -1.72606
12.6416 -2.14061 -1.76665 12.7154 -2.13322 -1.84623 12.7783 -2.10377 -1.83378 12.8496
-2.04127 -1.85051 12.9132 -1.97013 -1.87438 12.9762 -1.89857 -1.89916 13.0426 -1.87039
-1.92106 13.1031 -1.78692 -1.90958 13.1318 -1.73119 -1.90787 13.1555 -1.67509 -1.91321
13.1773 -1.62519 -1.91696 13.2085 -1.55341 -1.9226 13.2268 -1.512 -1.9247 13.245
-1.4704 -1.92699 13.2633 -1.42861 -1.92945 13.2816 -1.38664 -1.9321 13.3028 -1.34486
-1.9446 13.3044 -1.32697 -1.94071 13.3082 -1.30787 -1.94338 13.3143 -1.28457 -1.9476
13.3204 -1.26121 -1.95186 13.3265 -1.23784 -1.95614 13.352 -1.13548 -1.96648 13.3776
-1.0321 -1.97741 13.3643 -0.962739 -1.92962 13.3489 -0.894606 -1.87931 13.3429 -0.851356
-1.86645 13.3201 -0.739481 -1.83009 13.3069 -0.632625 -1.82026 13.2837 -0.552185 -1.78577
13.2478 -0.505608 -1.7196 13.2346 -0.471444 -1.71663 13.1946 -0.391256 -1.65781 13.1768
-0.307645 -1.64037 13.1409 -0.254848 -1.59236 13.1013 -0.242873 -1.51375 13.0857 -0.237281
-1.5035 13.0434 -0.158852 -1.45033 13.0111 -0.127767 -1.39176 12.9774 -0.0968538 -1.33577
12.9372 -0.0604522 -1.29169 12.9186 -0.0592726 -1.26612 12.8795 -0.00316589 -1.2211 12.8375
0.0211465 -1.17325 12.7995 0.0414358 -1.12097 12.7709 0.0565436 -1.06305 12.7535 0.0397269
-1.03818 12.7114 0.089912 -0.986722 12.6781 0.101667 -0.922731 12.6335 0.111417 -0.877668
12.5902 0.120122 -0.83238 12.5659 0.105646 -0.779437 12.5336 0.134184 -0.759233 12.4697
0.140694 -0.706763 12.4218 0.153464 -0.6481 12.4063 0.158363 -0.633807 12.382 0.144657
-0.621197 12.3531 0.18568 -0.576346 12.3116 0.206211 -0.535408 12.2803 0.221288 -0.512994
12.2623 0.230129 -0.50267 12.2057 0.244853 -0.435053 12.1951 0.273351 -0.465287 12.1376
0.316451 -0.432463 12.0897 0.342467 -0.415818 12.0519 0.352006 -0.414695 12.0096 0.347399
-0.431174 11.9516 0.382852 -0.404956 11.8943 0.417667 -0.391677 11.8422 0.42501 -0.387265
11.795 0.404158 -0.392099 11.7312 0.399388 -0.373608 11.7171 0.388184 -0.417924 11.678
0.376486 -0.421467 11.6389 0.36464 -0.425111 11.5998 0.352642 -0.428856 11.5746 0.321839
-0.453344 11.547 0.312354 -0.464057 11.5258 0.290557 -0.48182 11.5045 0.268448 -0.499716
11.4832 0.246024 -0.517747 11.462 0.223409 -0.531214 11.4553 0.197892 -0.566514 11.4485
0.170904 -0.593414 11.4417 0.143507 -0.620485 11.4348 0.115695 -0.647729 11.4334 0.080369
-0.681807 11.4293 0.0623525 -0.707899 11.4311 0.036326 -0.737813 11.4328 0.00997753 -0.767756
11.4344 -0.0166947 -0.797729 11.4353 -0.0341012 -0.817076 11.4354 -0.0390193 -0.823145 11.4356
-0.0439462 -0.829215 11.4357 -0.0488821 -0.835286 11.4358 -0.0538269 -0.841358 11.4373 -0.0599266
-0.849893 11.4425 -0.0860214 -0.887407 11.4494 -0.114417 -0.927336 11.4571 -0.144053 -0.968423
11.4659 -0.175295 -1.01109 11.4716 -0.206904 -1.04991 11.4793 -0.231944 -1.09561 11.4891
-0.263089 -1.13879 11.4985 -0.294489 -1.182 11.5076 -0.326144 -1.22524 11.5198 -0.365732
-1.28077 11.5214 -0.389156 -1.30915 11.5267 -0.423192 -1.35017 11.5316 -0.457469 -1.39125
11.534 -0.489751 -1.43199 11.5294 -0.525402 -1.46651 11.5354 -0.557537 -1.50975 11.5308
-0.594589 -1.54939 11.5275 -0.634243 -1.58736 11.524 -0.674139 -1.62544 11.5158 -0.727661
-1.68481 11.5203 -0.759632 -1.69396 11.5094 -0.806217 -1.72803 11.4981 -0.851923 -1.76658
11.4844 -0.897437 -1.80684 11.455 -0.946484 -1.83493 11.4701 -0.998799 -1.86702 11.4616
-1.05135 -1.90416 11.4425 -1.10417 -1.94364 11.4118 -1.15912 -1.98894 11.3695 -1.21767
-2.04283 11.3826 -1.27042 -2.03316 11.3645 -1.32605 -2.06049 11.3276 -1.38145 -2.09713
11.2907 -1.43713 -2.13384 11.2463 -1.49121 -2.16733 11.2453 -1.51088 -2.17516 11.2272
-1.52537 -2.18498 11.2091 -1.53988 -2.19481 11.191 -1.55441 -2.20466 11.1737 -1.56828
-2.21405 11.1483 -1.60639 -2.23446 11.139 -1.64771 -2.2508 11.1404 -1.69123 -2.26448
11.1422 -1.7349 -2.27823 11.0944 -1.7645 -2.29428 11.1158 -1.83885 -2.33035 11.0992
-1.89749 -2.34967 11.0833 -1.95645 -2.36917 11.0399 -1.99978 -2.39099 10.9617 -2.02424
-2.41698 10.9501 -2.09989 -2.42678 10.9213 -2.1447 -2.44069 10.8848 -2.1894 -2.4492
10.8455 -2.23417 -2.45557 10.7927 -2.27165 -2.45866 10.7904 -2.28382 -2.46187 10.7807
-2.29074 -2.46023 10.7711 -2.29767 -2.45859 10.7615 -2.3046 -2.45695 10.7524 -2.31125
-2.45539 10.7126 -2.34863 -2.45497 10.6888 -2.38698 -2.46052 10.6656 -2.42564 -2.46623
10.643 -2.4646 -2.47211 10.5836 -2.4818 -2.45445 10.5804 -2.53603 -2.45911 10.5295
-2.55694 -2.43881 10.4791 -2.57807 -2.41864 10.4293 -2.59943 -2.3986 10.4108 -2.63029
-2.38411 10.4123 -2.63857 -2.38258 10.4137 -2.64687 -2.38106 10.4152 -2.65517 -2.37954
10.4167 -2.66349 -2.37803 10.4043 -2.66497 -2.36992 10.4061 -2.70588 -2.34864 10.3975
-2.74145 -2.32075 10.3877 -2.77702 -2.29278 10.3646 -2.80837 -2.26132 10.341 -2.81559
-2.20947 10.3301 -2.86109 -2.1764 10.3192 -2.8872 -2.13301 10.3029 -2.9067 -2.08372
10.2872 -2.92649 -2.03461 10.2679 -2.94382 -1.98451 10.2688 -2.94826 -1.97899 10.2679
-2.95032 -1.97325 10.2668 -2.95208 -1.96748 10.2657 -2.95383 -1.96172 10.2647 -2.95558
-1.95601 10.255 -2.97792 -1.91109 10.2469 -3.00098 -1.86684 10.248 -3.02782 -1.82687
10.244 -3.05125 -1.78484 10.202 -3.0498 -1.72775 10.2207 -3.08442 -1.67165 10.2243
-3.11339 -1.62087 10.2155 -3.13574 -1.57368 10.2148 -3.15053 -1.5201 10.211 -3.15585
-1.47077 10.1988 -3.18231 -1.40828 10.2001 -3.19921 -1.35668 10.2019 -3.2164 -1.30517
10.2042 -3.23387 -1.25375 10.2093 -3.254 -1.21642 10.2149 -3.2652 -1.19666 10.2185
-3.2725 -1.18035 10.2206 -3.2784 -1.16165 10.2227 -3.28431 -1.14294 10.2271 -3.2901
-1.12686 10.2273 -3.29247 -1.12182 10.2275 -3.2944 -1.11733 10.2275 -3.29615 -1.11304
10.2276 -3.29791 -1.10875 10.2277 -3.29975 -1.10429 10.2288 -3.30863 -1.08136 10.23
-3.31757 -1.05847 10.2313 -3.32657 -1.03561 10.2328 -3.33561 -1.0128 10.2363 -3.3432
-0.992592 10.2438 -3.36383 -0.95512 10.2588 -3.38474 -0.925907 10.2742 -3.40582 -0.896862
10.2784 -3.41203 -0.845451 10.2798 -3.42411 -0.815453 10.2942 -3.44147 -0.764556 10.3088
-3.45174 -0.727517 10.3237 -3.46209 -0.690602 10.3392 -3.47255 -0.6541 10.3744 -3.48709
-0.649096 10.3698 -3.49595 -0.629764 10.3735 -3.50267 -0.61805 10.3802 -3.50823 -0.60906
10.3888 -3.51097 -0.60056 10.3972 -3.51365 -0.592212 10.407 -3.51743 -0.575073 10.4168
-3.52122 -0.557948 10.4267 -3.52501 -0.54084 10.4433 -3.53187 -0.533567 10.4786 -3.54728
-0.553748 10.4659 -3.54486 -0.488042 10.4822 -3.54995 -0.45767 10.5189 -3.5601 -0.452876
10.5213 -3.55937 -0.445548 10.531 -3.56701 -0.465145 10.5664 -3.56797 -0.414874 10.6065
-3.56994 -0.381289 10.6572 -3.57437 -0.388254 10.698 -3.58495 -0.391691 10.763 -3.60754
-0.430456 10.7535 -3.60034 -0.406205 10.7575 -3.60108 -0.399582 10.7662 -3.60453 -0.398999
10.7749 -3.60799 -0.398417 10.7837 -3.61146 -0.397834 10.8142 -3.59785 -0.381797 10.8479
-3.58415 -0.366987 10.9485 -3.58167 -0.376703 11.0405 -3.59642 -0.389699 11.1083 -3.66235
-0.412877 11.1232 -3.60287 -0.351299 11.1745 -3.58704 -0.354587 11.2764 -3.58541 -0.361751
11.3368 -3.59329 -0.348879 11.4867 -3.6822 -0.40789 11.4475 -3.60821 -0.324356 11.4788
-3.57675 -0.29218 11.538 -3.56556 -0.287371 11.6017 -3.55581 -0.290624 11.7388 -3.5982
-0.342352 11.7038 -3.55979 -0.310619 11.7126 -3.54823 -0.306408 11.7305 -3.54226 -0.307939
11.7483 -3.53627 -0.309452 11.767 -3.52997 -0.311017 11.7846 -3.51469 -0.301911 11.8023
-3.4993 -0.292839 11.8203 -3.48704 -0.283827 11.835 -3.49148 -0.276323 11.822 -3.46531
-0.276223 11.8359 -3.43229 -0.236371 11.8547 -3.40341 -0.211758 11.8847 -3.38844 -0.20286
11.9438 -3.43164 -0.20856 12.0246 -3.51892 -0.225169 11.9777 -3.41476 -0.18511 11.9596
-3.34489 -0.157339 11.9689 -3.31611 -0.149415 11.9983 -3.32577 -0.16135 12.0377 -3.35593
-0.183562 12.0292 -3.32152 -0.150358 12.0594 -3.33427 -0.14591 12.0935 -3.35176 -0.144329
12.1277 -3.36929 -0.142771 12.1568 -3.39412 -0.142491 12.1601 -3.3964 -0.140906 12.1635
-3.39868 -0.139322 12.1669 -3.40095 -0.13774 12.1694 -3.40272 -0.135216 12.1633 -3.39945
-0.123326 12.1843 -3.39915 -0.110351 12.1869 -3.34163 -0.0897856 12.2074 -3.32097 -0.0602532
12.2394 -3.33623 -0.0162241 12.2061 -3.35044 0.0602019 12.2476 -3.33997 0.0645012 12.2426
-3.2974 0.103031 12.2635 -3.29445 0.13042 12.3008 -3.31557 0.172141 14.0967 -2.53008
0.0919169 12.3277 -3.34636 0.231339 12.3507 -3.3443 0.254969 12.375 -3.3416 0.278402
12.3989 -3.3354 0.304197 13.0951 -3.08172 0.305996 12.5346 -3.34061 0.357205 12.9229
-3.16711 0.341428 13.2814 -3.00593 0.327452 13.6133 -2.85573 0.315074 13.9136 -2.71893
0.304404 13.8015 -2.75811 0.315759 13.6868 -2.79831 0.327311 13.5694 -2.83958 0.339069
13.4492 -2.88195 0.351041 13.8733 -2.70324 0.345579 12.8873 -3.10259 0.402346 12.6028
-3.20573 0.445327 12.6325 -3.17654 0.481518 12.6576 -3.14658 0.514954 13.6111 -2.73887
0.463944 12.6646 -3.10845 0.560325 12.6645 -3.08116 0.579785 12.6904 -3.05956 0.605761
12.7176 -3.03756 0.631575 13.2334 -2.79223 0.633408 12.7951 -3.01675 0.679505 12.8417
-3.00704 0.698747 12.8423 -2.97873 0.71475 12.8439 -2.95021 0.730579 12.8454 -2.9334
0.739737 12.845 -2.931 0.740981 12.8447 -2.92861 0.742224 12.8443 -2.92622 0.743465
12.8439 -2.92382 0.744705 12.8414 -2.92155 0.748012 12.86 -2.89964 0.761408 12.8769
-2.87904 0.776609 12.8946 -2.85821 0.791639 12.913 -2.83715 0.806497 12.9082 -2.81426
0.829718 12.9041 -2.81514 0.838963 12.8994 -2.81124 0.841146 12.8947 -2.80732 0.843327
12.8931 -2.80591 0.846222 12.8929 -2.80565 0.849456 12.9005 -2.80023 0.872146 12.9087
-2.79428 0.894811 12.9219 -2.78373 0.915152 12.9457 -2.76367 0.930315 13.0448 -2.67559
0.907124 12.9567 -2.68387 0.959202 12.9937 -2.66281 0.973607 13.031 -2.64178 0.987984
13.0363 -2.60842 1.00491 13.1198 -2.62064 1.02324 13.0435 -2.51002 1.03583 13.0406
-2.46579 1.05268 13.0626 -2.43514 1.06674 13.1274 -2.37548 1.05283 13.2513 -2.25506
0.990327 13.156 -2.26454 1.06434 13.1123 -2.25423 1.11157 13.1325 -2.22959 1.12856
13.1882 -2.2371 1.13744 13.2756 -2.27348 1.13914 13.2218 -2.14429 1.15265 13.2587
-2.13455 1.16773 13.2947 -2.12493 1.18217 13.2952 -2.0828 1.19096 13.3377 -2.02817
1.17058 13.3187 -2.02792 1.19946 13.3183 -2.0068 1.2039 13.318 -1.98568 1.20829
13.3178 -1.96457 1.21262 13.3222 -1.94639 1.2178 13.3321 -1.93686 1.22473 13.3422
-1.9273 1.23164 13.3523 -1.91771 1.23853 13.3625 -1.9081 1.24538 13.445 -1.89535
1.23301 13.3762 -1.86787 1.27399 13.3951 -1.84905 1.28874 13.3866 -1.79778 1.29858
13.3773 -1.74483 1.30772 13.7616 -1.8203 1.27014 13.4794 -1.72255 1.33693 13.4305
-1.67036 1.35754 13.4319 -1.62804 1.36796 13.543 -1.59967 1.34329 13.7713 -1.58226
1.2776 13.6254 -1.52858 1.40013 13.7267 -1.50413 1.40725 13.8131 -1.49776 1.39691
13.8989 -1.49193 1.38658 14.2679 -1.58425 1.29428 14.3835 -1.55835 1.28258 14.4873
-1.5185 1.2633 14.5904 -1.48067 1.24347 14.7615 -1.43566 1.20464 15.0389 -1.37539
1.13778 15.063 -1.37264 1.13211 15.0871 -1.36993 1.12642 15.1112 -1.36725 1.12072
15.1353 -1.36461 1.11501 15.1755 -1.37183 1.10594 15.1952 -1.35001 1.09494 15.2019
-1.34828 1.09538 15.2087 -1.34658 1.09578 15.2154 -1.34489 1.09614 15.4844 -1.44457
1.03273 15.3283 -1.38052 1.07876 15.4483 -1.44476 1.039 15.5689 -1.51094 0.999338
15.6903 -1.57903 0.95978 15.7694 -1.62098 0.920309 15.9132 -1.6201 0.886762 16.1019
-1.52641 0.874296 16.2872 -1.43099 0.861744 16.4696 -1.33826 0.848533 16.7373 -1.20756
0.742453 16.7404 -1.2742 0.799684 17.1313 -1.11087 0.722603 17.7085 -0.776568 0.618221
18.2928 -0.444225 0.506521 18.9802 -0.187731 0.220101 18.5475 -0.319326 0.435481 18.5435
-0.330444 0.430348 18.5392 -0.341686 0.425451 18.5216 -0.34889 0.430926 19.0055 -0.212882
0.181025 18.4886 -0.388571 0.417671 18.478 -0.398838 0.414696 18.4669 -0.409251 0.411938
18.4467 -0.417932 0.417232 19.0229 -0.229585 0.143714 18.4155 -0.451985 0.399549 18.4009
-0.463925 0.396906 18.3857 -0.476058 0.394504 18.3634 -0.486774 0.399017 19.0397 -0.246639
0.1035 18.3399 -0.557371 0.375264 18.3148 -0.572373 0.379478 18.2889 -0.587708 0.383986
18.1671 -0.66932 0.392548 18.8007 -0.389856 0.161642 16.9237 -0.351783 -0.137837 16.9237
-0.351783 -0.137838 16.9237 -0.351784 -0.13784 16.9237 -0.351785 -0.137842 16.9237 -0.351786
-0.137843 16.9237 -0.351787 -0.137845 16.923 -0.351964 -0.138174 16.9224 -0.352141 -0.138504
16.9217 -0.352318 -0.138834 16.921 -0.352495 -0.139163 16.9204 -0.352673 -0.139503 16.8881
-0.362412 -0.164306 16.8558 -0.37215 -0.189134 16.8114 -0.386264 -0.220223 16.7667 -0.400543
-0.251556 16.7223 -0.414371 -0.282684 16.6799 -0.429692 -0.324442 16.6376 -0.445094 -0.367164
16.5964 -0.459981 -0.40924 16.5619 -0.471515 -0.446976 16.5269 -0.483705 -0.486139 16.4954
-0.495134 -0.536782 16.4658 -0.506276 -0.589638 16.4303 -0.522928 -0.646775 16.3929 -0.541429
-0.705356 16.3598 -0.55954 -0.763789 16.3224 -0.586007 -0.829077 16.2833 -0.621882 -0.891844
16.2525 -0.647773 -0.956436 16.2304 -0.663206 -1.02296 16.2017 -0.695031 -1.08374 16.1728
-0.728601 -1.1492 16.1419 -0.767845 -1.20342 16.1072 -0.811312 -1.25432 16.0509 -0.877536
-1.28783 15.998 -0.955444 -1.30157 15.9357 -1.02767 -1.33231 15.8467 -1.11722 -1.31044
15.7916 -1.18168 -1.32246 15.7319 -1.24991 -1.32802 15.6236 -1.35698 -1.26655 15.5245
-1.46003 -1.23303 15.4137 -1.55299 -1.17968 15.2956 -1.64019 -1.11422 15.1668 -1.73949
-1.031 15.0115 -1.85253 -0.901438 14.8175 -1.97124 -0.783958 14.6302 -2.10098 -0.651906
14.4454 -2.20441 -0.51202 14.2594 -2.30973 -0.371234 14.0427 -2.43038 -0.170787 13.7672
-2.57934 0.05249 13.4493 -2.75994 0.325418 13.0524 -3.03698 0.644974 12.7631 -3.27112
0.888698 12.2802 -3.58901 1.33983 12.0992 -3.72742 1.49252 11.9185 -3.86663 1.64544
11.756 -3.9983 1.80908 11.617 -4.11699 1.98067 11.4692 -4.24373 2.1634 11.3085
-4.40492 2.32087 11.1728 -4.56264 2.48459 11.062 -4.71279 2.64861 10.9548 -4.86127
2.8116 10.8856 -4.95787 2.91765 10.8509 -5.01165 2.97269 10.8163 -5.06537 3.02763
10.782 -5.11905 3.08246 10.7382 -5.17814 3.14389 10.6856 -5.24364 3.21271 10.6138
-5.35869 3.31493 10.5431 -5.48459 3.4368 10.4731 -5.61249 3.5623 10.4036 -5.74027
3.68761 10.355 -5.83034 3.77588 10.3233 -5.89939 3.83602 10.2975 -5.96025 3.88656
10.2721 -6.0209 3.93678 10.2461 -6.08618 3.98977 10.2174 -6.16428 4.05126 10.172
-6.26044 4.14246 10.1316 -6.35738 4.2297 10.1265 -6.46429 4.29083 10.1221 -6.57086
4.35124 10.1188 -6.66502 4.40415 10.0797 -6.74263 4.48059 10.0321 -6.80693 4.55729
9.98473 -6.87063 4.63361 9.98731 -6.92663 4.67217 9.99101 -6.98579 4.71233 9.96457
-7.08863 4.80545 9.9545 -7.17118 4.86273 9.95629 -7.22185 4.88262 9.95135 -7.2711
4.91137 9.94713 -7.31587 4.93736 9.94214 -7.32624 4.94887 9.93716 -7.33659 4.96037
9.93222 -7.34685 4.97175 9.93027 -7.35173 4.97494 9.92833 -7.35656 4.97809 9.9485
-7.38012 4.97037 9.97631 -7.37246 4.92789 9.99689 -7.36505 4.89414 9.95939 -7.36696
4.88611 9.91974 -7.37026 4.87178 9.92156 -7.35909 4.86233 9.92337 -7.34793 4.85288
9.91038 -7.32815 4.83577 9.89532 -7.30715 4.81758 9.88079 -7.28683 4.79911 9.87364
-7.28793 4.79385 9.86644 -7.28861 4.78822 9.85428 -7.25846 4.75651 9.8421 -7.22836
4.72479 9.82972 -7.19785 4.69255 9.82817 -7.19599 4.68891 9.82662 -7.19414 4.68527
9.82508 -7.19228 4.68162 9.81954 -7.18444 4.67433 9.8115 -7.17284 4.66474 9.80083
-7.13854 4.61751 9.77736 -7.08808 4.56017 9.77405 -7.04931 4.51058 9.76685 -6.99586
4.442 9.75943 -6.94131 4.37191 9.76952 -6.91759 4.3348 9.77955 -6.89384 4.29763
9.80701 -6.87737 4.25709 9.79172 -6.85254 4.23259 9.77676 -6.82829 4.20866 9.82394
-6.79857 4.17342 9.80935 -6.70853 4.06582 9.7323 -6.55744 3.88474 9.68302 -6.4054
3.68899 9.657 -6.2718 3.51844 9.69325 -6.27355 3.51921 9.72934 -6.27515 3.51983
9.76527 -6.27659 3.52029 9.77969 -6.25423 3.48618 9.75218 -6.1859 3.38525 9.7926
-6.16476 3.3394 9.83009 -6.1417 3.29043 9.84284 -6.09374 3.18797 9.85882 -6.04225
3.08941 9.869 -5.98447 2.99166 9.88417 -5.89217 2.90258 9.89959 -5.81577 2.82366
9.91518 -5.75106 2.75214 9.92766 -5.68998 2.61804 9.93308 -5.5902 2.43866 10.0505
-5.48945 2.32655 10.1585 -5.39248 2.22061 10.2026 -5.22252 1.96157 10.279 -5.06101
1.68668 10.3286 -4.87159 1.35954 10.3484 -4.85689 1.33798 10.363 -4.83744 1.30881
10.3696 -4.8107 1.26794 10.3763 -4.7839 1.22702 10.3833 -4.75592 1.18433 10.4556
-4.66141 1.04385 10.554 -4.55506 0.87335 10.6881 -4.46844 0.741581 10.7998 -4.3286
0.53933 10.8883 -4.1587 0.297743 10.9378 -4.11708 0.273253 10.9848 -4.06861 0.214968
11.0301 -4.01584 0.13574 11.069 -3.96676 0.0626107 11.1067 -3.91459 -0.0144976 11.1161
-3.90342 -0.0295706 11.1254 -3.89223 -0.0446529 11.1347 -3.88102 -0.0597446 11.1433 -3.86649
-0.0794476 11.1499 -3.84444 -0.109616 11.2123 -3.76396 -0.202196 11.2674 -3.68397 -0.300018
11.3221 -3.60579 -0.396656 11.3628 -3.5472 -0.469687 11.3927 -3.50277 -0.524863 11.4466
-3.41731 -0.625491 11.5 -3.32786 -0.733541 11.5356 -3.24912 -0.824593 11.5568 -3.17964
-0.90421 11.5775 -3.11117 -0.982552 11.6209 -3.03336 -1.04882 11.6489 -2.98277 -1.08473
11.6746 -2.93134 -1.12945 11.7003 -2.87953 -1.17459 11.7232 -2.83284 -1.21415 11.7268
-2.8193 -1.22606 11.7293 -2.80945 -1.23576 11.7319 -2.79958 -1.24547 11.7344 -2.78971
-1.25519 11.7371 -2.77942 -1.26532 11.775 -2.67821 -1.35048 11.8119 -2.5746 -1.43739
11.8526 -2.50722 -1.47161 11.8909 -2.45429 -1.4908 11.9473 -2.33855 -1.67672 11.9965
-2.30675 -1.632 12.0292 -2.24754 -1.6576 12.0674 -2.21563 -1.67753 12.1162 -2.16368
-1.77379 12.1646 -2.08239 -1.92828 12.1791 -2.06419 -1.92978 12.1956 -2.04928 -1.9673
12.2122 -2.0352 -2.00363 12.2286 -2.02111 -2.03986 12.2407 -2.00636 -2.08306 12.2508
-2.00088 -2.09346 12.2597 -1.99796 -2.10763 12.2685 -1.99504 -2.12178 12.2773 -1.99212
-2.13591 12.2864 -1.98912 -2.15042 12.2998 -1.98287 -2.17342 12.3139 -1.97641 -2.19423
12.3289 -1.96968 -2.21248 12.3438 -1.96294 -2.23071 12.3634 -1.95868 -2.23841 12.3901
-1.9419 -2.29076 12.4197 -1.93123 -2.3254 12.4492 -1.92055 -2.35995 12.4787 -1.91417
-2.3869 12.5055 -1.88755 -2.42018 12.5565 -1.88837 -2.41981 12.5965 -1.88906 -2.40416
12.632 -1.89002 -2.3861 12.6676 -1.89092 -2.36825 12.6958 -1.89684 -2.33197 12.7339
-1.88823 -2.32048 12.7674 -1.87446 -2.31456 12.8008 -1.86065 -2.30873 12.8343 -1.84679
-2.30299 12.8697 -1.83206 -2.29701 12.9432 -1.80638 -2.28458 12.9806 -1.77235 -2.30303
13.0172 -1.73806 -2.3222 13.0537 -1.70366 -2.34153 13.0755 -1.75532 -2.37247 13.2005
-1.57944 -2.33896 13.2844 -1.48553 -2.37745 13.348 -1.38921 -2.36181 13.4034 -1.28157
-2.34376 13.4618 -1.14332 -2.35136 13.4829 -1.07676 -2.35552 13.4972 -1.01276 -2.36408
13.5114 -0.948526 -2.37271 13.5271 -0.883209 -2.38198 13.5439 -0.816615 -2.39064 13.5451
-0.803293 -2.39081 13.5453 -0.792217 -2.38896 13.5455 -0.781124 -2.3871 13.5451 -0.767514
-2.38456 13.5441 -0.750081 -2.38117 13.5421 -0.71155 -2.37218 13.5402 -0.672868 -2.36334
13.5383 -0.634036 -2.35465 13.5364 -0.595054 -2.3461 13.5365 -0.558521 -2.34144 13.517
-0.452349 -2.32352 13.4967 -0.351693 -2.30511 13.4701 -0.272298 -2.2672 13.4421 -0.215092
-2.22116 13.4229 -0.240533 -2.16219 13.3949 -0.0935988 -2.14579 13.3722 -0.0142721 -2.11645
13.3398 0.0394298 -2.0635 13.2995 0.0564203 -1.9823 13.2786 0.0819732 -1.93213 13.2426
0.112824 -1.86405 13.2052 0.14656 -1.79685 13.1681 0.18095 -1.73043 13.1313 0.216005
-1.66478 13.105 0.243484 -1.59986 13.0893 0.26291 -1.56809 13.07 0.274822 -1.53504
13.0519 0.286122 -1.50169 13.0346 0.297172 -1.46825 13.0138 0.310615 -1.42812 12.997
0.322129 -1.39468 12.9803 0.333739 -1.3614 12.9644 0.343187 -1.33053 12.9486 0.352751
-1.29977 12.9337 0.360045 -1.27156 12.9162 0.367214 -1.23956 12.8994 0.371684 -1.2067
12.8828 0.376251 -1.17395 12.8662 0.380916 -1.14131 12.8524 0.384916 -1.11398 12.8328
0.391452 -1.07718 12.8134 0.398139 -1.04051 12.7941 0.404977 -1.00398 12.7735 0.412051
-0.969667 12.7503 0.415687 -0.941567 12.7011 0.430386 -0.874773 12.6669 0.452556 -0.801023
12.6298 0.459724 -0.736647 12.5898 0.451744 -0.681679 12.5385 0.457818 -0.624206 12.5061
0.475491 -0.58687 12.4849 0.485856 -0.560561 12.4598 0.500327 -0.524205 12.4343 0.515489
-0.486463 12.4258 0.514526 -0.448965 12.414 0.529053 -0.452051 12.4063 0.535912 -0.447096
12.3977 0.542863 -0.440688 12.3872 0.549971 -0.431452 12.3929 0.548882 -0.426926 12.3548
0.59085 -0.399681 12.3287 0.612861 -0.380641 12.3008 0.637632 -0.35786 12.272 0.663642
-0.328698 12.25 0.678077 -0.280156 12.22 0.703041 -0.300044 12.1964 0.715808 -0.309215
12.1722 0.726614 -0.308296 12.151 0.733963 -0.304841 12.1372 0.733854 -0.30351 12.0758
0.768557 -0.2883 12.0246 0.795126 -0.275697 11.9848 0.812282 -0.264973 11.9487 0.825206
-0.236467 11.9166 0.834422 -0.201947 11.8812 0.831588 -0.239375 11.8468 0.828162 -0.275232
11.8296 0.819788 -0.283698 11.834 0.802542 -0.28476 11.8383 0.785221 -0.285928 11.7624
0.777947 -0.279287 11.709 0.788234 -0.278033 11.6773 0.772653 -0.292888 11.6836 0.720312
-0.310011 11.7469 0.645744 -0.306922 11.6451 0.682964 -0.319345 11.588 0.689971 -0.333206
11.5724 0.668867 -0.348863 11.5964 0.601543 -0.398 11.6486 0.5018 -0.471053 11.5976
0.538465 -0.438727 11.5583 0.559666 -0.420565 11.5565 0.530492 -0.448839 11.5935 0.476395
-0.458969 11.6388 0.416794 -0.466199 11.6122 0.410036 -0.514321 11.5859 0.40232 -0.56189
11.5925 0.367121 -0.597062 11.5988 0.269964 -0.692247 11.6048 0.172033 -0.787977 11.6248
0.19235 -0.770887 11.6449 0.212797 -0.7537 11.6574 0.180253 -0.78662 11.6719 0.122533
-0.830218 11.6863 0.0643888 -0.874401 11.7114 0.0445942 -0.918939 11.7362 0.0245388 -0.963458
11.7421 -0.0125267 -1.01416 11.709 -0.0881528 -1.12392 11.6751 -0.164546 -1.23385 11.7354
-0.159173 -1.20806 11.7889 -0.158795 -1.19066 11.788 -0.195382 -1.2358 11.76 -0.2366
-1.29312 11.7257 -0.282538 -1.35066 11.7577 -0.318838 -1.38401 11.7529 -0.354103 -1.43244
11.7415 -0.396649 -1.47592 11.7242 -0.441394 -1.52455 11.639 -0.506096 -1.63182 11.6893
-0.537277 -1.60865 11.6704 -0.586913 -1.64799 11.6513 -0.636899 -1.68762 11.6147 -0.682907
-1.7379 11.563 -0.728719 -1.79304 11.5621 -0.745509 -1.80177 11.5424 -0.7593 -1.81628
11.5227 -0.773123 -1.83082 11.503 -0.786979 -1.84539 11.4847 -0.799845 -1.8589 11.4801
-0.83687 -1.87736 11.4793 -0.874783 -1.89466 11.4789 -0.912844 -1.912 11.4789 -0.951053
-1.92939 11.4293 -0.980564 -1.962 11.4447 -1.04742 -1.98624 11.4278 -1.10362 -2.0103
11.4069 -1.15859 -2.03445 11.3758 -1.21067 -2.06185 11.2582 -1.23872 -2.12859 11.2659
-1.31103 -2.13107 11.2209 -1.36205 -2.16114 11.1772 -1.41248 -2.18454 11.1341 -1.46312
-2.20811 11.0737 -1.50679 -2.23417 11.0633 -1.52547 -2.23978 11.0461 -1.53931 -2.24455
11.0289 -1.55319 -2.24935 11.0118 -1.56709 -2.25415 10.9967 -1.57948 -2.25843 10.956
-1.61536 -2.2714 10.9139 -1.65133 -2.28944 10.8722 -1.68756 -2.30759 10.8309 -1.72405
-2.32584 10.7746 -1.75136 -2.33944 10.7324 -1.81603 -2.35471 10.6613 -1.86154 -2.36719
10.5818 -1.90156 -2.37894 10.4966 -1.93614 -2.38959 10.412 -1.97108 -2.40186 10.4018
-1.99518 -2.4002 10.3799 -2.0104 -2.39932 10.3581 -2.02568 -2.39847 10.3365 -2.04101
-2.39765 10.3137 -2.05555 -2.39686 10.2779 -2.08007 -2.39784 10.2424 -2.10478 -2.3989
10.2075 -2.12968 -2.40005 10.173 -2.15479 -2.40128 10.1296 -2.16316 -2.39037 10.0886
-2.21785 -2.38525 10.0411 -2.25607 -2.37595 9.99975 -2.29885 -2.36013 9.95647 -2.32585
-2.33872 9.91052 -2.33976 -2.31335 9.85858 -2.3884 -2.28134 9.81918 -2.42193 -2.25058
9.79046 -2.45299 -2.2186 9.76967 -2.48524 -2.18519 9.75519 -2.51647 -2.15212 9.7455
-2.52408 -2.14564 9.74358 -2.53014 -2.13776 9.74191 -2.53616 -2.12984 9.74029 -2.5422
-2.12194 9.73875 -2.54806 -2.11428 9.71802 -2.57798 -2.08127 9.69807 -2.60823 -2.04844
9.67891 -2.6388 -2.01581 9.65971 -2.66857 -1.98383 9.64743 -2.68086 -1.9443 9.62163
-2.71031 -1.89823 9.61721 -2.73222 -1.8558 9.61747 -2.75923 -1.82178 9.61835 -2.78648
-1.78787 9.62019 -2.81998 -1.74667 9.62065 -2.82345 -1.74254 9.62113 -2.82692 -1.73841
9.62161 -2.83039 -1.73428 9.6221 -2.83387 -1.73015 9.62348 -2.8359 -1.72538 9.63921
-2.87315 -1.68852 9.65743 -2.90909 -1.6519 9.65322 -2.92728 -1.58474 9.64984 -2.94578
-1.51798 9.672 -2.96786 -1.49027 9.67182 -2.99183 -1.44597 9.68446 -3.00625 -1.41773
9.69992 -3.0187 -1.39291 9.71556 -3.03122 -1.36813 9.73057 -3.04316 -1.34464 9.73522
-3.05309 -1.3278 9.73807 -3.06443 -1.31049 9.74091 -3.07589 -1.29316 9.74344 -3.08601
-1.27725 9.74446 -3.09046 -1.26714 9.75378 -3.11807 -1.20138 9.77324 -3.14876 -1.16227
9.79852 -3.17641 -1.12454 9.83905 -3.19562 -1.1 9.8877 -3.21033 -1.08249 9.89052
-3.23759 -1.02417 9.88879 -3.26557 -0.968244 9.91163 -3.28134 -0.934507 9.95189 -3.29764
-0.929016 9.99607 -3.31559 -0.932153 10.016 -3.33021 -0.894442 10.042 -3.33795 -0.872684
10.0698 -3.34379 -0.856079 10.0935 -3.35478 -0.838697 10.1172 -3.36568 -0.821499 10.1236
-3.37272 -0.812007 10.1301 -3.37977 -0.802516 10.1366 -3.38683 -0.793025 10.1438 -3.39275
-0.786139 10.1531 -3.39527 -0.787081 10.1751 -3.4101 -0.739553 10.2076 -3.4287 -0.714968
10.2405 -3.44732 -0.690393 10.2924 -3.45947 -0.689811 10.3578 -3.46744 -0.703792 10.3517
-3.46991 -0.650826 10.3673 -3.47385 -0.616435 10.396 -3.4787 -0.593316 10.4348 -3.48633
-0.584693 10.4815 -3.48884 -0.596083 10.5076 -3.48929 -0.566634 10.5369 -3.48642 -0.552859
10.5666 -3.48542 -0.54406 10.5962 -3.48441 -0.535299 10.6266 -3.48335 -0.52635 10.6361
-3.48538 -0.520747 10.6455 -3.48741 -0.515151 10.655 -3.48944 -0.509561 10.6669 -3.49102
-0.508278 10.6866 -3.49119 -0.521049 10.7005 -3.48522 -0.476335 10.748 -3.48665 -0.480195
10.7968 -3.48837 -0.486108 10.8194 -3.482 -0.475579 10.8605 -3.47478 -0.498201 10.8831
-3.46107 -0.460403 10.9309 -3.45692 -0.454221 10.9788 -3.45271 -0.448069 11.0228 -3.44752
-0.447381 11.078 -3.44321 -0.466463 11.099 -3.43102 -0.445299 11.1143 -3.41843 -0.436026
11.1245 -3.40461 -0.424246 11.1382 -3.39141 -0.416689 11.1607 -3.37906 -0.418256 11.2125
-3.37762 -0.421441 11.2828 -3.37966 -0.434354 11.3528 -3.38165 -0.447199 11.4149 -3.38225
-0.455509 11.4399 -3.3776 -0.443253 11.4482 -3.37109 -0.443344 11.459 -3.36683 -0.446934
11.4697 -3.36257 -0.45052 11.4804 -3.3583 -0.454103 11.4907 -3.3542 -0.457533 11.5291
-3.33709 -0.465955 11.5604 -3.32417 -0.446787 11.594 -3.3114 -0.428658 11.6616 -3.30458
-0.425354 11.7381 -3.31004 -0.433827 11.7667 -3.27542 -0.424725 11.8355 -3.26538 -0.414484
11.8696 -3.24837 -0.392411 11.8992 -3.22961 -0.370021 11.9666 -3.23772 -0.382252 11.9672
-3.20104 -0.343039 11.9984 -3.18539 -0.324888 12.0299 -3.16941 -0.306995 12.0693 -3.15725
-0.300726 12.1182 -3.1472 -0.303367 12.1184 -3.14659 -0.30314 12.1186 -3.14598 -0.302912
12.1188 -3.14537 -0.302684 12.119 -3.14482 -0.302471 12.1202 -3.14609 -0.302713 12.1244
-3.10884 -0.285607 12.1324 -3.07565 -0.270118 12.1567 -3.06215 -0.26146 12.1805 -3.04783
-0.252873 12.202 -3.05067 -0.261585 12.2034 -3.02664 -0.232464 12.2274 -3.02792 -0.221391
12.248 -3.01999 -0.211128 12.2688 -3.01192 -0.20095 12.3506 -3.09545 -0.219006 12.2972
-3.0096 -0.181426 12.3154 -3.00683 -0.168565 12.3182 -2.98272 -0.162534 12.3211 -2.95842
-0.156542 12.3645 -2.993 -0.170316 12.3416 -2.96164 -0.137469 12.3664 -2.97571 -0.12583
12.4075 -3.00509 -0.121308 12.4491 -3.03484 -0.116953 12.4891 -3.07327 -0.118593 12.4851
-3.0685 -0.116616 12.4861 -3.06972 -0.116739 12.4871 -3.07093 -0.116862 12.488 -3.07215
-0.116985 12.489 -3.07337 -0.117108 12.4855 -3.04404 -0.0892942 12.4756 -2.99601 -0.0567594
12.4856 -2.99201 -0.0179401 12.5185 -3.0219 0.0273806 13.4106 -2.65227 0.0103209 12.5473
-3.05153 0.0900934 12.5558 -3.03999 0.122223 12.5602 -3.01658 0.16383 12.5942 -3.03238
0.20568 12.6247 -3.09238 0.253327 12.65 -3.05506 0.285266 12.6699 -3.04643 0.30953
12.6927 -3.04867 0.323423 12.7162 -3.05048 0.33723 12.7557 -3.11126 0.368319 12.8029
-3.08511 0.374621 12.8303 -3.09648 0.385731 12.8503 -3.10055 0.399708 12.8711 -3.10416
0.413565 12.8934 -3.1312 0.430556 12.9035 -3.11857 0.431837 12.9092 -3.1217 0.434155
12.915 -3.12482 0.436469 12.9792 -3.09499 0.43181 13.0683 -3.05116 0.424234 12.9403
-3.10594 0.441874 12.9484 -3.09832 0.452776 12.9567 -3.09063 0.463654 12.9652 -3.08285
0.474508 12.9712 -3.07746 0.481943 12.979 -3.07062 0.492297 12.9869 -3.06372 0.502621
12.995 -3.05677 0.512914 13.0034 -3.04977 0.523175 13.0133 -3.03378 0.530262 13.0444
-3.03294 0.551559 13.0822 -3.02889 0.570177 13.1207 -3.02452 0.588669 13.1241 -3.00587
0.604668 13.0887 -2.98313 0.644262 13.1264 -2.94821 0.636429 13.1384 -2.93143 0.65201
13.1594 -2.91776 0.666688 13.2034 -2.91307 0.679173 13.2354 -2.86278 0.665623 13.2488
-2.85366 0.705862 13.281 -2.83977 0.719086 13.2954 -2.82014 0.73691 13.3106 -2.80013
0.754564 13.268 -2.84496 0.808967 13.3055 -2.75381 0.791852 13.319 -2.76665 0.810203
13.3326 -2.77921 0.828631 13.3464 -2.79147 0.847133 13.362 -2.80483 0.867866 13.365
-2.80062 0.875227 13.3645 -2.79364 0.881947 13.3496 -2.77498 0.885965 13.3349 -2.75632
0.889945 13.3552 -2.76362 0.898288 13.3011 -2.69636 0.915442 13.3101 -2.67494 0.934146
13.33 -2.66071 0.954099 13.3639 -2.6318 0.962953 13.4842 -2.51187 0.901199 13.385
-2.52201 0.976119 13.3391 -2.51326 1.02304 13.3693 -2.48 1.02942 13.4331 -2.49713
1.03554 13.5166 -2.53372 1.0378 13.4591 -2.40472 1.05188 13.403 -2.2766 1.06546
13.428 -2.23939 1.07194 13.5157 -2.1623 1.0151 13.6016 -2.09907 0.962896 13.5454
-2.12467 1.04109 13.5106 -2.1244 1.09164 13.5258 -2.10399 1.10259 13.5602 -2.1102
1.11203 13.6116 -2.1568 1.11214 13.5999 -2.04223 1.12002 13.6336 -2.04894 1.13294
13.6435 -2.02763 1.14181 13.6482 -1.99984 1.14962 13.6693 -1.97074 1.1387 13.6634
-1.9676 1.15664 13.6641 -1.95526 1.16076 13.665 -1.94289 1.16483 13.6659 -1.93049
1.16887 13.6669 -1.91752 1.17304 13.6657 -1.89634 1.17971 13.6647 -1.87514 1.18628
13.6762 -1.86914 1.19374 13.6881 -1.8634 1.2012 13.7643 -1.84908 1.18065 13.6951
-1.79801 1.24501 13.7006 -1.76481 1.26209 13.7057 -1.73284 1.27708 13.7114 -1.70086
1.29168 14.0922 -1.79781 1.19765 14.2337 -1.7739 1.18762 14.3756 -1.72851 1.16292
14.6356 -1.6702 1.10544 14.8952 -1.61768 1.04639 15.1912 -1.58313 0.992661 15.1868
-1.56502 0.977567 15.2322 -1.54931 0.957716 15.2508 -1.54083 0.950903 15.2694 -1.5326
0.944037 15.2908 -1.52337 0.936018 15.2959 -1.52603 0.936619 15.301 -1.52868 0.937242
15.3061 -1.53131 0.937888 15.3111 -1.53393 0.938557 15.4409 -1.59309 0.933134 15.3603
-1.56839 0.956872 15.3877 -1.59353 0.947143 15.4151 -1.61907 0.937596 15.4426 -1.64499
0.928237 15.7117 -1.7375 0.827239 15.6159 -1.67291 0.912624 15.7526 -1.65212 0.891903
15.8882 -1.63135 0.871351 16.0225 -1.6106 0.850966 16.1914 -1.58433 0.825335 16.2442
-1.55729 0.82187 16.2967 -1.53046 0.818351 16.3491 -1.50384 0.814778 16.4012 -1.47744
0.811154 16.4784 -1.43957 0.781108 16.6283 -1.46107 0.762683 17.1996 -1.12404 0.665915
17.7787 -0.788981 0.561304 18.3647 -0.455894 0.449381 19.023 -0.179855 0.210867 18.7146
-0.276639 0.36268 18.714 -0.286955 0.356236 18.713 -0.297378 0.350001 18.6962 -0.302898
0.356179 19.0511 -0.203121 0.172725 18.6704 -0.334429 0.345232 18.6637 -0.343578 0.340797
18.6566 -0.352848 0.336546 18.6381 -0.359862 0.342384 19.0713 -0.218201 0.136588 18.6129
-0.387832 0.327773 18.6027 -0.398379 0.323583 18.592 -0.409085 0.319599 18.5719 -0.417782
0.324794 19.0908 -0.233526 0.0979974 18.551 -0.47428 0.306582 18.531 -0.487238 0.309083
18.5104 -0.500473 0.311829 18.3509 -0.60989 0.320289 18.7986 -0.425238 0.14108 16.8085
-0.410206 -0.0666239 16.8085 -0.410206 -0.0666253 16.8085 -0.410207 -0.0666267 16.8085 -0.410208
-0.066628 16.8085 -0.410209 -0.0666294 16.8085 -0.410209 -0.0666308 16.8078 -0.410386 -0.0669568
16.8071 -0.410562 -0.0672829 16.8065 -0.410738 -0.067609 16.8058 -0.410914 -0.067935 16.8051
-0.411105 -0.0682769 16.7621 -0.426666 -0.0956701 16.7192 -0.442222 -0.123087 16.6747 -0.456969
-0.15346 16.6299 -0.471536 -0.184502 16.5853 -0.485188 -0.21649 16.5414 -0.5019 -0.258214
16.4987 -0.517718 -0.300921 16.4554 -0.534043 -0.343947 16.4062 -0.554485 -0.389379 16.3608
-0.572784 -0.435052 16.311 -0.60052 -0.492363 16.2615 -0.631077 -0.550788 16.2244 -0.649336
-0.60974 16.1875 -0.667404 -0.668716 16.1494 -0.691483 -0.726871 16.1091 -0.723569 -0.794529
16.0698 -0.759937 -0.857961 16.0308 -0.796212 -0.921394 15.9767 -0.848856 -0.974984 15.9237
-0.914941 -1.01354 15.8604 -0.985908 -1.06106 15.7883 -1.06703 -1.08201 15.7353 -1.13193
-1.11965 15.6829 -1.19657 -1.15752 15.5864 -1.30505 -1.13356 15.5073 -1.41057 -1.13804
15.4123 -1.50901 -1.11121 15.3135 -1.60601 -1.07649 15.2157 -1.70917 -1.04289 15.0798
-1.83683 -0.947117 14.9372 -1.96317 -0.866154 14.787 -2.08764 -0.761834 14.635 -2.19895
-0.652868 14.4825 -2.31158 -0.543279 14.2978 -2.42882 -0.395815 14.102 -2.55201 -0.223395
13.8923 -2.65726 -0.0357924 13.6806 -2.79186 0.148136 13.4675 -2.94305 0.330711 13.2413
-3.07232 0.542683 12.9648 -3.22716 0.818134 12.6839 -3.41383 1.10122 12.4016 -3.60275
1.38595 12.1173 -3.80316 1.67395 11.8435 -3.97634 1.97893 11.7696 -4.02383 2.08068
11.6851 -4.08628 2.17195 11.5971 -4.15409 2.25951 11.5091 -4.22217 2.34695 11.4359
-4.27906 2.41963 11.2227 -4.45636 2.68001 11.0584 -4.6027 2.92499 10.837 -4.81975
3.25933 10.6481 -5.03605 3.51349 10.442 -5.22483 3.73693 10.3003 -5.49843 4.06632
10.1825 -5.75926 4.3515 10.0519 -5.94209 4.53876 9.91286 -6.12556 4.72923 9.72759
-6.4161 4.9686 9.71908 -6.43984 4.99097 9.71068 -6.46335 5.01277 9.70055 -6.47959
5.02216 9.69061 -6.49561 5.03107 9.68098 -6.51119 5.03968 9.68045 -6.51482 5.04241
9.67993 -6.51845 5.04513 9.67859 -6.51888 5.0436 9.67708 -6.5186 5.04113 9.67556
-6.51832 5.03867 9.60834 -6.61379 5.11784 9.5427 -6.70767 5.19513 9.50402 -6.74651
5.18629 9.44236 -6.75774 5.14199 9.36425 -6.75985 5.09115 9.35084 -6.76034 5.09227
9.33849 -6.75784 5.08891 9.32959 -6.7458 5.0713 9.32069 -6.73377 5.05368 9.3118
-6.72175 5.03606 9.30161 -6.7185 5.01226 9.29202 -6.71509 4.98732 9.28409 -6.71118
4.95905 9.26557 -6.68217 4.90257 9.24366 -6.64418 4.83397 9.23848 -6.63282 4.81164
9.23331 -6.62147 4.7893 9.22987 -6.60924 4.76621 9.2266 -6.59693 4.74303 9.22333
-6.58459 4.71978 9.23544 -6.53799 4.61139 9.24753 -6.49134 4.50251 9.23785 -6.43327
4.37911 9.21724 -6.39737 4.31997 9.18847 -6.35337 4.24889 9.19255 -6.34423 4.23086
9.18774 -6.32743 4.20055 9.1706 -6.29999 4.1532 9.15353 -6.27258 4.10585 9.13562
-6.24374 4.05596 9.10321 -6.13319 3.83248 9.14307 -6.03862 3.62129 9.19436 -6.0322
3.59909 9.19746 -5.95982 3.4228 9.16097 -5.78512 3.09487 9.16175 -5.77802 3.08241
9.16247 -5.77077 3.06945 9.16221 -5.76137 3.04905 9.16197 -5.75196 3.02865 9.16174
-5.74249 3.0081 9.1987 -5.66494 2.84411 9.23648 -5.58652 2.67812 9.33599 -5.53053
2.4774 9.41079 -5.37156 2.1524 9.46334 -5.21187 1.84028 9.51293 -5.17538 1.76362
9.56059 -5.13465 1.67497 9.59585 -5.08861 1.58147 9.60817 -5.00879 1.41142 9.62701
-4.92973 1.24922 9.68298 -4.87221 1.16823 9.7365 -4.81984 1.08382 9.78427 -4.77987
0.992006 9.83196 -4.73952 0.900396 9.88372 -4.69294 0.799824 9.90817 -4.67652 0.764681
9.93262 -4.66003 0.72949 9.95708 -4.64347 0.694253 9.9801 -4.61825 0.646843 10.0019
-4.58791 0.592432 10.0827 -4.53337 0.522325 10.1613 -4.47527 0.433101 10.2396 -4.41124
0.310175 10.3078 -4.33699 0.150443 10.3735 -4.26508 -0.00329349 10.4498 -4.19361 -0.0874996
10.5208 -4.12272 -0.1868 10.5826 -4.05851 -0.299434 10.6441 -3.99431 -0.411936 10.7067
-3.92833 -0.530226 10.71 -3.92523 -0.532908 10.7124 -3.92271 -0.536016 10.7144 -3.92051
-0.539351 10.7164 -3.91831 -0.542686 10.7185 -3.91609 -0.546048 10.7792 -3.84873 -0.642724
10.8398 -3.78108 -0.739348 10.902 -3.71192 -0.836814 10.9552 -3.64329 -0.932816 10.9834
-3.58157 -1.02087 11.0511 -3.49432 -1.10871 11.1189 -3.40654 -1.19678 11.1711 -3.34026
-1.26392 11.2135 -3.29865 -1.30027 11.255 -3.25753 -1.33624 11.2883 -3.16219 -1.43124
11.3227 -3.07982 -1.51132 11.3576 -3.00414 -1.58366 11.3933 -2.9286 -1.65856 11.4265
-2.85892 -1.72841 11.4405 -2.83207 -1.74435 11.4544 -2.81715 -1.75356 11.4684 -2.80217
-1.76282 11.4821 -2.78722 -1.77194 11.4951 -2.7716 -1.78045 11.524 -2.74172 -1.78761
11.5528 -2.71158 -1.79516 11.5815 -2.68116 -1.80311 11.6101 -2.65048 -1.81146 11.6426
-2.59028 -1.88607 11.6738 -2.56188 -1.8947 11.6933 -2.53001 -1.91688 11.7126 -2.49797
-1.93923 11.7317 -2.46576 -1.96174 11.7495 -2.43588 -1.98353 11.7578 -2.42537 -1.99526
11.766 -2.41486 -2.00698 11.7743 -2.40432 -2.01871 11.7825 -2.39377 -2.03043 11.7914
-2.3784 -2.0515 11.8188 -2.32886 -2.09297 11.8468 -2.28264 -2.13943 11.8713 -2.23802
-2.17623 11.8941 -2.19403 -2.20838 11.9352 -2.16436 -2.25839 11.9531 -2.10988 -2.29252
11.9736 -2.06763 -2.32196 12.0004 -2.03281 -2.36012 12.0226 -2.01639 -2.39053 12.0427
-2.0085 -2.41725 12.0711 -1.96441 -2.43801 12.0956 -1.94704 -2.46029 12.1226 -1.93234
-2.47741 12.1515 -1.91674 -2.49103 12.1767 -1.91607 -2.50522 12.1959 -1.9018 -2.51759
12.2122 -1.89661 -2.53058 12.2284 -1.8914 -2.54355 12.2445 -1.88616 -2.55651 12.2617
-1.88056 -2.57024 12.2696 -1.87678 -2.5773 12.2776 -1.87339 -2.58392 12.2856 -1.87097
-2.5894 12.2936 -1.86854 -2.59488 12.2977 -1.86204 -2.59866 12.3235 -1.86078 -2.61709
12.3432 -1.85481 -2.64152 12.3599 -1.85244 -2.65163 12.3762 -1.85038 -2.66047 12.3917
-1.8484 -2.66887 12.3969 -1.84706 -2.67491 12.4021 -1.84572 -2.68095 12.4073 -1.84438
-2.68699 12.4125 -1.84304 -2.69303 12.4165 -1.84419 -2.69348 12.4476 -1.83479 -2.72558
12.4785 -1.83315 -2.74605 12.5093 -1.83146 -2.76652 12.5342 -1.81955 -2.79396 12.5443
-1.82262 -2.78868 12.5997 -1.79488 -2.82476 12.6523 -1.77226 -2.85131 12.6958 -1.76762
-2.85951 12.7248 -1.78397 -2.81103 12.7538 -1.80032 -2.76277 12.8799 -1.76886 -2.72063
12.9611 -1.73532 -2.7395 13.0372 -1.68985 -2.74632 13.1415 -1.59431 -2.73201 13.2651
-1.51556 -2.71156 13.2817 -1.49346 -2.71924 13.2958 -1.47482 -2.72402 13.3099 -1.45615
-2.72881 13.3239 -1.43747 -2.73361 13.3379 -1.41899 -2.73837 13.3566 -1.39553 -2.74963
13.3753 -1.37205 -2.7609 13.394 -1.34855 -2.7722 13.4132 -1.32661 -2.77818 13.4413
-1.29666 -2.76956 13.4744 -1.24688 -2.77066 13.5028 -1.20243 -2.76509 13.5312 -1.15783
-2.75969 13.5597 -1.11308 -2.75448 13.5861 -1.06763 -2.7378 13.6029 -1.02465 -2.75086
13.6162 -0.987002 -2.75311 13.6295 -0.949236 -2.75542 13.643 -0.908654 -2.75796 13.6632
-0.836836 -2.76242 13.6819 -0.765213 -2.76189 13.6836 -0.717838 -2.74575 13.6854 -0.670148
-2.72992 13.6896 -0.623299 -2.71551 13.7032 -0.579615 -2.70832 13.6985 -0.524029 -2.69512
13.6919 -0.447317 -2.6875 13.6853 -0.369956 -2.68022 13.6805 -0.307173 -2.66858 13.6739
-0.271198 -2.64274 13.6675 -0.259437 -2.6274 13.6611 -0.247627 -2.61212 13.6547 -0.235768
-2.59691 13.6484 -0.223859 -2.58177 13.6465 -0.207982 -2.5782 13.6222 -0.124448 -2.54187
13.6032 -0.037896 -2.51142 13.5872 0.0174681 -2.46446 13.5738 0.0413622 -2.40105 13.5518
0.070624 -2.35106 13.5139 0.0983701 -2.27786 13.4928 0.125583 -2.20952 13.4857 0.173772
-2.15492 13.4648 0.208408 -2.0693 13.4441 0.237195 -1.98657 13.4214 0.281729 -1.90229
13.4033 0.321815 -1.8071 13.376 0.35586 -1.72272 13.3351 0.38078 -1.65382 13.3005
0.402572 -1.58394 13.2847 0.452816 -1.48991 13.2476 0.472166 -1.41446 13.2055 0.485388
-1.34524 13.1641 0.498903 -1.27638 13.1338 0.515904 -1.2376 13.1136 0.529083 -1.21547
13.0933 0.542308 -1.19333 13.073 0.555578 -1.17118 13.0527 0.568893 -1.14902 13.0349
0.57967 -1.12694 13.0123 0.594399 -1.079 12.9899 0.608895 -1.02967 12.9677 0.623584
-0.980409 12.9493 0.635969 -0.940878 12.9346 0.646138 -0.902454 12.9147 0.63697 -0.872633
12.895 0.632298 -0.8449 12.884 0.632791 -0.814604 12.8733 0.633451 -0.78431 12.8591
0.632451 -0.739274 12.8403 0.645413 -0.714335 12.8189 0.660718 -0.674381 12.7962 0.675496
-0.635274 12.7707 0.68915 -0.597763 12.7433 0.700399 -0.55009 12.7371 0.705607 -0.544935
12.7289 0.711359 -0.539036 12.7177 0.719834 -0.530158 12.7025 0.732228 -0.516214 12.6873
0.754202 -0.463245 12.6618 0.779526 -0.471884 12.633 0.806164 -0.454049 12.6032 0.83253
-0.427485 12.5732 0.860201 -0.396304 12.5428 0.891009 -0.357856 12.5147 0.905951 -0.368548
12.4896 0.91754 -0.376085 12.4671 0.92591 -0.380325 12.4368 0.949402 -0.360647 12.4051
0.978839 -0.327749 12.3592 0.993492 -0.344428 12.3133 1.00852 -0.358587 12.2685 1.02867
-0.340137 12.2263 1.0453 -0.316106 12.1844 1.06181 -0.291461 12.1448 1.05311 -0.314233
12.1092 1.04406 -0.335274 12.0872 1.04059 -0.34164 12.0696 1.04763 -0.328043 12.0552
1.05496 -0.311589 12.0092 1.05471 -0.326786 11.9722 1.0561 -0.338626 11.9544 1.06175
-0.341979 11.9423 1.07133 -0.336027 11.9369 1.08142 -0.328684 11.908 1.05403 -0.367255
11.885 1.03201 -0.391451 11.8624 1.0209 -0.394598 11.853 1.01282 -0.384045 11.8575
1.00798 -0.359193 11.8808 0.950551 -0.359192 11.9112 0.894712 -0.349731 11.9033 0.870064
-0.35831 11.8905 0.838517 -0.38155 11.9313 0.790414 -0.365093 11.8883 0.765222 -0.44471
11.8775 0.735334 -0.470794 11.8757 0.702833 -0.495373 11.8775 0.669025 -0.519639 11.9052
0.602415 -0.559159 11.8973 0.589615 -0.579299 11.9065 0.551389 -0.609467 11.9098 0.51057
-0.646092 11.9084 0.467522 -0.687847 11.9125 0.4208 -0.727902 11.9141 0.404389 -0.747232
11.9169 0.386642 -0.7668 11.9197 0.36879 -0.786431 11.9224 0.350833 -0.806125 11.9244
0.3371 -0.821148 11.928 0.310377 -0.854062 11.9333 0.285149 -0.881869 11.94 0.261334
-0.904886 11.9468 0.237418 -0.928026 11.9539 0.208923 -0.95251 11.9694 0.177333 -0.989489
11.982 0.141331 -1.02503 11.9909 0.105968 -1.07499 11.9988 0.0705038 -1.12785 11.9789
0.00876176 -1.21799 12.0207 0.00317915 -1.2143 12.0205 -0.0273859 -1.26032 12.0212 -0.0589912
-1.3041 12.0263 -0.0962 -1.33534 11.9932 -0.139338 -1.38585 12.0265 -0.172678 -1.412
12.0384 -0.21047 -1.43848 12.0267 -0.247469 -1.47933 11.9669 -0.301806 -1.56493 11.875
-0.369194 -1.67963 11.9324 -0.399627 -1.65184 11.9907 -0.430055 -1.62443 11.9683 -0.474079
-1.65627 11.8944 -0.518195 -1.70857 11.8178 -0.563913 -1.76461 11.8441 -0.624532 -1.78366
11.871 -0.685439 -1.80302 11.8335 -0.738257 -1.84316 11.7022 -0.793629 -1.93544 11.57
-0.849936 -2.02794 11.6375 -0.902703 -1.98795 11.6462 -0.957274 -1.98606 11.5999 -1.01308
-2.01857 11.5224 -1.06039 -2.05754 11.4106 -1.10366 -2.10958 11.3947 -1.16044 -2.12042
11.3082 -1.19809 -2.14921 11.2488 -1.24808 -2.17515 11.1899 -1.29845 -2.2013 11.1387
-1.34276 -2.22432 11.137 -1.34866 -2.22622 11.1353 -1.35457 -2.22812 11.1336 -1.36048
-2.23001 11.1319 -1.3664 -2.23192 11.1223 -1.36884 -2.23476 11.0768 -1.42293 -2.25149
11.0294 -1.47529 -2.26801 10.9832 -1.52811 -2.28471 10.9348 -1.57912 -2.30119 10.8222
-1.59736 -2.3246 10.7832 -1.6443 -2.33244 10.7202 -1.67892 -2.3416 10.6586 -1.71422
-2.35072 10.5977 -1.74983 -2.35997 10.5534 -1.77634 -2.36688 10.543 -1.78306 -2.36864
10.5327 -1.78978 -2.37039 10.5224 -1.79652 -2.37215 10.5122 -1.80328 -2.37392 10.4965
-1.80739 -2.37606 10.4215 -1.85159 -2.37916 10.3411 -1.89253 -2.38339 10.2642 -1.93314
-2.38288 10.1893 -1.97405 -2.38078 10.1038 -1.99383 -2.37775 10.024 -2.05106 -2.36425
9.9534 -2.0908 -2.35296 9.88752 -2.12254 -2.34281 9.8267 -2.15803 -2.32743 9.7596
-2.18703 -2.30942 9.73424 -2.2047 -2.30193 9.71492 -2.21778 -2.28956 9.69581 -2.23093
-2.27722 9.67692 -2.24415 -2.26491 9.65773 -2.25778 -2.25233 9.63031 -2.28032 -2.23289
9.60801 -2.30485 -2.21902 9.58816 -2.33034 -2.20754 9.56883 -2.35601 -2.19612 9.56341
-2.37437 -2.17188 9.5106 -2.41612 -2.1305 9.47785 -2.45223 -2.0875 9.45943 -2.48332
-2.04677 9.44661 -2.51499 -2.00874 9.463 -2.54862 -1.98669 9.44732 -2.56354 -1.96546
9.44742 -2.57457 -1.9528 9.44865 -2.58538 -1.94071 9.45 -2.59622 -1.92864 9.45139
-2.60651 -1.91724 9.44329 -2.63107 -1.89009 9.43671 -2.65602 -1.86087 9.43158 -2.68134
-1.82973 9.42814 -2.70574 -1.79979 9.43699 -2.7195 -1.78093 9.41155 -2.75416 -1.70771
9.40839 -2.7921 -1.65574 9.42456 -2.83289 -1.62221 9.45445 -2.86085 -1.58847 9.49897
-2.88799 -1.5629 9.48136 -2.92285 -1.50531 9.49606 -2.94935 -1.45866 9.51535 -2.97495
-1.41345 9.54368 -3.00689 -1.37836 9.59455 -3.04062 -1.36546 9.60774 -3.06326 -1.33671
9.62924 -3.08147 -1.31439 9.64645 -3.09652 -1.28693 9.66378 -3.11156 -1.2594 9.68587
-3.12674 -1.23657 9.68913 -3.13081 -1.23082 9.69291 -3.13462 -1.22596 9.69706 -3.13824
-1.22174 9.70122 -3.14186 -1.21751 9.70557 -3.14565 -1.2131 9.71182 -3.15125 -1.20548
9.71809 -3.15685 -1.19787 9.72439 -3.16246 -1.19026 9.73071 -3.16807 -1.18267 9.73935
-3.17235 -1.17711 9.77582 -3.20063 -1.15103 9.819 -3.22922 -1.131 9.86266 -3.2579
-1.11112 9.88954 -3.27234 -1.06916 9.92388 -3.28646 -1.05199 9.95275 -3.30535 -1.00226
9.98798 -3.31732 -0.968685 10.0235 -3.32928 -0.935257 10.0706 -3.34728 -0.914217 10.1439
-3.36287 -0.914532 10.1499 -3.3777 -0.888173 10.1715 -3.38842 -0.871794 10.2003 -3.39323
-0.85872 10.2291 -3.39804 -0.845682 10.2576 -3.40276 -0.832865 10.269 -3.40647 -0.824811
10.2805 -3.41017 -0.816763 10.292 -3.41388 -0.808722 10.3068 -3.41743 -0.803927 10.3315
-3.42054 -0.809081 10.3413 -3.42498 -0.763474 10.3794 -3.43165 -0.743314 10.4176 -3.4383
-0.723245 10.4599 -3.44411 -0.72389 10.5111 -3.44757 -0.736503 10.5468 -3.44834 -0.693809
10.5829 -3.44905 -0.651266 10.6253 -3.4413 -0.635724 10.6915 -3.44126 -0.645985 10.7661
-3.44168 -0.664485 10.7655 -3.43128 -0.629699 10.7901 -3.42727 -0.615405 10.8215 -3.42495
-0.606638 10.8533 -3.41887 -0.598112 10.8862 -3.41077 -0.589489 10.8948 -3.40843 -0.585661
10.9033 -3.40609 -0.581843 10.9119 -3.40375 -0.578035 10.9217 -3.40168 -0.577067 10.9367
-3.40079 -0.588014 10.9571 -3.38565 -0.55103 10.9903 -3.37278 -0.53663 11.0235 -3.36481
-0.522495 11.0731 -3.36025 -0.534566 11.139 -3.35712 -0.573331 11.1451 -3.33785 -0.524677
11.1516 -3.31837 -0.476176 11.1736 -3.30412 -0.466706 11.2334 -3.29674 -0.509885 11.2922
-3.28952 -0.552763 11.2951 -3.25997 -0.495502 11.3354 -3.24923 -0.484307 11.3859 -3.24366
-0.485841 11.4342 -3.23355 -0.488907 11.4841 -3.22387 -0.497718 11.485 -3.22102 -0.49382
11.4876 -3.21892 -0.493587 11.4904 -3.2169 -0.493744 11.4931 -3.21488 -0.493901 11.4959
-3.21284 -0.494059 11.561 -3.19282 -0.493308 11.6202 -3.17725 -0.493715 11.7005 -3.16896
-0.489888 11.7773 -3.16117 -0.488322 11.7998 -3.13481 -0.503945 11.8741 -3.11449 -0.482672
11.918 -3.09006 -0.491387 11.9905 -3.08554 -0.478309 12.018 -3.06763 -0.459447 12.0918
-3.07825 -0.478338 12.0841 -3.02495 -0.441026 12.1121 -3.00608 -0.428928 12.1402 -2.98927
-0.412856 12.1684 -2.97212 -0.396907 12.1988 -2.95358 -0.381198 12.243 -2.94324 -0.359258
12.2658 -2.92923 -0.347504 12.2888 -2.91496 -0.335837 12.3119 -2.90042 -0.324258 12.3482
-2.89529 -0.320486 12.3488 -2.8949 -0.320029 12.3497 -2.89421 -0.319591 12.3506 -2.89352
-0.319154 12.3515 -2.89284 -0.318716 12.3518 -2.89171 -0.318638 12.3664 -2.88411 -0.305854
12.3821 -2.87566 -0.294688 12.3981 -2.86705 -0.28363 12.4143 -2.8583 -0.272679 12.4322
-2.8486 -0.261126 12.4332 -2.84833 -0.260008 12.4343 -2.84811 -0.258928 12.4353 -2.84789
-0.257848 12.4364 -2.84766 -0.25677 12.4376 -2.84743 -0.255645 12.4512 -2.84405 -0.243234
12.4652 -2.84059 -0.230907 12.4785 -2.83575 -0.219071 12.4785 -2.81238 -0.213165 12.4833
-2.79575 -0.209596 12.4992 -2.80349 -0.194978 12.521 -2.81652 -0.182913 12.5433 -2.82954
-0.170941 12.5581 -2.8313 -0.155977 12.5918 -2.85606 -0.149939 12.5872 -2.84235 -0.124869
12.5921 -2.83119 -0.115428 12.5934 -2.81345 -0.109364 12.5948 -2.79556 -0.103309 12.6113
-2.79556 -0.101055 12.6042 -2.79105 -0.0915085 12.6136 -2.79886 -0.086878 12.6268 -2.8096
-0.0834239 12.6431 -2.82253 -0.0808503 12.6592 -2.83536 -0.0783185 12.671 -2.84328 -0.0649874
12.6821 -2.85171 -0.0513326 12.6918 -2.86099 -0.0371464 12.7017 -2.87019 -0.0229837 12.9508
-2.76823 -0.0260936 12.7079 -2.86687 0.0234087 12.7058 -2.8436 0.0653534 12.7079 -2.822
0.107004 12.75 -2.85465 0.149121 12.79 -2.89336 0.192415 12.8035 -2.86109 0.233903
12.8183 -2.84215 0.266743 12.8378 -2.8437 0.280462 12.8695 -2.85501 0.296654 12.9034
-2.87321 0.310059 12.9073 -2.87549 0.311225 12.9112 -2.87777 0.31239 12.915 -2.88005
0.313554 12.9189 -2.88232 0.314717 12.9202 -2.88348 0.317081 12.9528 -2.85805 0.330302
13.017 -2.90226 0.326119 13.0364 -2.91207 0.338084 13.0565 -2.92172 0.349884 13.0418
-2.92196 0.379319 13.1154 -2.92552 0.36195 13.1451 -2.95041 0.373502 13.1755 -2.9752
0.384942 13.2065 -2.99991 0.396272 13.1982 -2.99703 0.416473 13.2062 -3.01303 0.422568
13.2054 -3.02135 0.428776 13.2047 -3.02967 0.434993 13.2039 -3.03797 0.44122 13.2033
-3.04599 0.447248 13.2195 -3.0505 0.468291 13.2381 -3.05381 0.488539 13.2677 -3.05185
0.504227 13.2978 -3.04966 0.519835 13.2498 -3.03439 0.570858 13.2986 -2.99197 0.550553
13.3301 -2.98705 0.564349 13.3699 -2.98503 0.577342 13.4102 -2.98279 0.590244 13.4356
-2.92442 0.571154 13.4367 -2.91785 0.619234 13.4882 -2.91363 0.627046 13.5153 -2.90191
0.641149 13.527 -2.88512 0.659237 13.4747 -2.94009 0.718077 13.5329 -2.78745 0.686752
13.5602 -2.77204 0.701369 13.5881 -2.7563 0.71583 13.6068 -2.75254 0.734452 13.6202
-2.74709 0.704056 13.5901 -2.72473 0.766834 13.5779 -2.71995 0.780233 13.5873 -2.73077
0.796665 13.5967 -2.74118 0.813161 13.6064 -2.75138 0.830007 13.61 -2.74927 0.834131
13.6137 -2.74713 0.838249 13.6173 -2.74497 0.842362 13.6211 -2.74279 0.84647 13.642
-2.72231 0.836491 13.6219 -2.70765 0.868037 13.6311 -2.68335 0.884078 13.6411 -2.6588
0.899872 13.6183 -2.6114 0.911557 13.6963 -2.66722 0.921565 13.6336 -2.55764 0.94371
13.5955 -2.48056 0.95907 13.6104 -2.45183 0.970576 13.6829 -2.36987 0.920882 13.7702
-2.27808 0.855492 13.7152 -2.27715 0.920971 13.6607 -2.27364 0.986432 13.6688 -2.27485
1.00817 13.7176 -2.3229 1.00891 13.766 -2.37073 1.00992 13.7478 -2.2472 1.01823
13.7426 -2.15609 1.02726 13.7561 -2.14361 1.03727 13.7809 -2.11735 1.021 13.8276
-2.0902 0.979386 13.8032 -2.10015 1.03967 13.801 -2.07838 1.0543 13.8015 -2.05324
1.06413 13.8233 -2.05386 1.07549 13.8461 -2.0831 1.08357 13.8426 -2.01429 1.09169
13.854 -2.01365 1.10111 13.8646 -2.01402 1.10896 13.8745 -2.01521 1.11555 13.8857
-2.01641 1.12305 13.8862 -2.00712 1.12845 13.8866 -1.99783 1.13381 13.8872 -1.98851
1.13915 13.8878 -1.97919 1.14445 13.9691 -1.99763 1.1264 14.1195 -1.98181 1.12125
14.36 -1.92545 1.0735 14.6188 -1.87169 1.01915 14.8772 -1.82339 0.963263 15.2229
-1.80861 0.921085 15.2079 -1.77064 0.891512 15.2498 -1.75365 0.879466 15.2915 -1.73778
0.867139 15.3331 -1.72305 0.854552 15.428 -1.68946 0.868141 15.3995 -1.72824 0.87428
15.4053 -1.73007 0.871822 15.4111 -1.73191 0.869366 15.417 -1.73377 0.866914 15.4227
-1.73562 0.864501 15.4478 -1.76127 0.856792 15.473 -1.78717 0.849278 15.4982 -1.8133
0.841962 15.5235 -1.83965 0.834849 15.6924 -1.88153 0.78851 15.6011 -1.76556 0.880677
15.6895 -1.67199 0.897938 15.8853 -1.64205 0.868398 16.079 -1.61245 0.838996 16.3397
-1.58659 0.794082 16.3439 -1.58698 0.79335 16.3489 -1.58808 0.792271 16.3539 -1.58918
0.791192 16.359 -1.59028 0.790114 16.364 -1.59138 0.789039 16.7441 -1.42582 0.720124
17.3012 -1.09823 0.62498 17.8655 -0.772507 0.522499 18.4363 -0.448647 0.413161 19.062
-0.17267 0.202443 18.8173 -0.251613 0.321685 18.8186 -0.261469 0.314487 18.8193 -0.271329
0.307714 18.8025 -0.275717 0.314699 19.0909 -0.194603 0.165481 18.7808 -0.302926 0.304779
18.7762 -0.311438 0.299509 18.7713 -0.320059 0.294406 18.7532 -0.325987 0.30113 19.112
-0.208632 0.130598 18.7316 -0.350659 0.287968 18.7238 -0.360416 0.2829 18.7156 -0.370315
0.278018 18.6962 -0.377728 0.284178 19.1323 -0.222854 0.093519 18.6771 -0.426661 0.268748
18.66 -0.43847 0.270285 18.6423 -0.450526 0.272041 18.4514 -0.582594 0.280842 18.8006
-0.448225 0.129078 16.696 -0.466145 0.0172439 16.696 -0.466146 0.0172423 16.696 -0.466146
0.0172407 16.696 -0.466147 0.0172391 16.696 -0.466148 0.0172375 16.696 -0.466149 0.017236
16.6952 -0.466389 0.016799 16.6944 -0.466628 0.0163621 16.6936 -0.466868 0.0159252 16.6927
-0.467107 0.0154882 16.6919 -0.467355 0.0150485 16.6488 -0.483012 -0.0123239 16.6057 -0.498681
-0.0397393 16.5627 -0.514369 -0.0671839 16.5138 -0.532375 -0.0954142 16.4573 -0.553051 -0.124966
16.3993 -0.579595 -0.167431 16.3467 -0.602524 -0.212019 16.2979 -0.622849 -0.257425 16.2492
-0.643146 -0.30288 16.1988 -0.665153 -0.348383 16.1492 -0.693991 -0.406368 16.0997 -0.724942
-0.464973 16.0503 -0.755856 -0.523627 15.9975 -0.790374 -0.580333 15.9358 -0.840789 -0.627308
15.8655 -0.905604 -0.677775 15.8036 -0.967119 -0.72686 15.7464 -1.02451 -0.779408 15.6897
-1.08161 -0.832186 15.6033 -1.17504 -0.846305 15.5278 -1.27296 -0.878638 15.4363 -1.37133
-0.880249 15.345 -1.46984 -0.88163 15.2549 -1.57032 -0.882596 15.1398 -1.70029 -0.841929
15.0138 -1.83349 -0.798478 14.8826 -1.96195 -0.732466 14.7497 -2.08456 -0.664357 14.6169
-2.20796 -0.595771 14.4612 -2.33713 -0.501244 14.2915 -2.46705 -0.373556 14.1135 -2.58546
-0.232239 13.9361 -2.71555 -0.0930213 13.7599 -2.86197 0.0426626 13.5701 -3.00324 0.1962
13.3544 -3.13489 0.395095 13.136 -3.26889 0.600031 12.9164 -3.40512 0.806417 12.6954
-3.54025 1.01503 12.4521 -3.6543 1.24461 12.3126 -3.72749 1.40194 12.1707 -3.80656
1.56219 12.0289 -3.88587 1.72231 11.8868 -3.96565 1.88256 11.7812 -4.02521 2.00159
11.6693 -4.0979 2.12472 11.5573 -4.17109 2.24777 11.4453 -4.24478 2.37072 11.3359
-4.31385 2.48971 11.228 -4.37337 2.60438 11.0033 -4.54079 2.9127 10.7661 -4.71863
3.22267 10.528 -4.89468 3.52701 10.3108 -5.04347 3.76115 10.0634 -5.21656 4.02773
9.93593 -5.36959 4.26469 9.80782 -5.52746 4.47208 9.69998 -5.62836 4.57649 9.59318
-5.72892 4.67844 9.51072 -5.80708 4.75604 9.47797 -5.82564 4.79672 9.44526 -5.84408
4.83726 9.41432 -5.86584 4.86709 9.38401 -5.88864 4.89333 9.35609 -5.90964 4.91736
9.34271 -5.91958 4.9312 9.32933 -5.9295 4.94501 9.31595 -5.93942 4.95881 9.30581
-5.94548 4.96538 9.29679 -5.95013 4.96923 9.19576 -6.04691 5.06066 9.09547 -6.14156
5.13166 9.0014 -6.22286 5.19881 8.91205 -6.25295 5.11985 8.81134 -6.28923 5.00857
8.7988 -6.27667 4.98722 8.78629 -6.26412 4.96588 8.77086 -6.26286 4.94214 8.75524
-6.26264 4.91816 8.73654 -6.22441 4.83466 8.7001 -6.18119 4.74115 8.67392 -6.18009
4.68653 8.64614 -6.15961 4.59261 8.61738 -6.13287 4.48852 8.58586 -6.10337 4.37193
8.57138 -6.10394 4.33822 8.55707 -6.10454 4.30441 8.54293 -6.10516 4.27051 8.47979
-6.07154 4.14209 8.46699 -6.05112 4.05411 8.44947 -6.03256 3.95733 8.43259 -6.01418
3.86055 8.42228 -5.9812 3.74006 8.41867 -5.93457 3.60023 8.41588 -5.88957 3.4653
8.42406 -5.88235 3.43242 8.4323 -5.87513 3.39951 8.44108 -5.86479 3.36823 8.44994
-5.85425 3.33703 8.45904 -5.84457 3.30187 8.50391 -5.82564 3.18463 8.54941 -5.80656
3.06715 8.5943 -5.78574 2.94877 8.62436 -5.74291 2.825 8.65434 -5.70376 2.7098
8.70153 -5.69009 2.64874 8.74217 -5.67128 2.55915 8.77787 -5.65397 2.51057 8.81346
-5.62872 2.43 8.85038 -5.60223 2.34615 8.86198 -5.59567 2.32486 8.87358 -5.58909
2.30355 8.88518 -5.58247 2.2822 8.8883 -5.56961 2.25245 8.89085 -5.55648 2.22248
8.93261 -5.48936 2.08064 8.97444 -5.42133 1.93775 9.02272 -5.36983 1.78937 9.08088
-5.33429 1.63733 9.13524 -5.30051 1.49506 9.14386 -5.27252 1.4369 9.15706 -5.2459
1.38015 9.19388 -5.22685 1.33104 9.23063 -5.20765 1.28179 9.26658 -5.18696 1.22533
9.30047 -5.15099 1.12742 9.33443 -5.1147 1.02938 9.36846 -5.07808 0.931206 9.42022
-5.03971 0.828608 9.4746 -5.00196 0.728319 9.5483 -4.92969 0.585933 9.6301 -4.86168
0.421409 9.71568 -4.79324 0.269594 9.80094 -4.72708 0.121165 9.88133 -4.67517 -0.0246091
9.91533 -4.64493 -0.0737089 9.94628 -4.61917 -0.120453 9.97257 -4.60042 -0.163516 9.99883
-4.58159 -0.206584 10.0269 -4.56133 -0.252732 10.0763 -4.51658 -0.342042 10.1254 -4.4716
-0.431306 10.1745 -4.4264 -0.520516 10.2131 -4.38663 -0.596397 10.2416 -4.35365 -0.660079
10.3307 -4.26864 -0.78062 10.4126 -4.19633 -0.879133 10.4863 -4.13183 -0.969768 10.5649
-4.07971 -1.03139 10.6386 -4.03782 -1.07331 10.6718 -3.97177 -1.16954 10.7121 -3.91042
-1.24771 10.7563 -3.85211 -1.31794 10.8 -3.7937 -1.39108 10.8514 -3.72404 -1.47814
10.9238 -3.65592 -1.54803 11.0132 -3.59447 -1.5918 11.1025 -3.53158 -1.63334 11.1919
-3.45466 -1.69858 11.278 -3.3447 -1.85043 11.3557 -3.28643 -1.87406 11.4264 -3.22742
-1.90862 11.4784 -3.17546 -1.96372 11.5274 -3.12444 -2.03169 11.5783 -3.06566 -2.12483
11.6272 -3.01282 -2.16824 11.6795 -2.95573 -2.22815 11.7313 -2.89819 -2.28837 11.7828
-2.8402 -2.34887 11.8295 -2.78523 -2.40304 11.8365 -2.77744 -2.40809 11.8405 -2.77253
-2.41007 11.8445 -2.76759 -2.41226 11.8495 -2.76225 -2.41713 11.8543 -2.75698 -2.42194
11.8666 -2.74436 -2.4344 11.8788 -2.73171 -2.44687 11.8901 -2.72019 -2.45826 11.8995
-2.71081 -2.46762 11.9093 -2.70091 -2.47748 11.9366 -2.67199 -2.50721 11.9637 -2.64294
-2.53694 11.9907 -2.61377 -2.56666 12.0175 -2.58447 -2.59637 12.0311 -2.54413 -2.62074
12.0805 -2.50803 -2.67045 12.1113 -2.47159 -2.70073 12.1419 -2.43497 -2.73096 12.1643
-2.404 -2.74488 12.1752 -2.38573 -2.73008 12.217 -2.33835 -2.79677 12.2585 -2.29061
-2.86347 12.2814 -2.25447 -2.89 12.2838 -2.21858 -2.89136 12.286 -2.18247 -2.89292
12.328 -2.17167 -2.92381 12.3645 -2.16086 -2.93263 12.3964 -2.15003 -2.92295 12.4197
-2.13565 -2.91952 12.4316 -2.13287 -2.88553 12.454 -2.11558 -2.91567 12.4655 -2.11362
-2.90885 12.4745 -2.10341 -2.91364 12.4823 -2.08892 -2.92439 12.4897 -2.07484 -2.93481
12.4983 -2.0582 -2.95568 12.5069 -2.04151 -2.97656 12.5154 -2.02478 -2.99746 12.5238
-2.008 -3.01837 12.524 -2.0048 -3.01627 12.5599 -1.99396 -3.03223 12.5883 -1.99404
-3.02325 12.6166 -1.9941 -3.01436 12.645 -1.99415 -3.00555 12.6708 -1.991 -3.00374
12.6763 -1.9904 -3.00324 12.6817 -1.98979 -3.00274 12.6872 -1.98919 -3.00225 12.6926
-1.98858 -3.00175 12.697 -1.98567 -3.00802 12.7479 -1.95937 -3.02436 12.7929 -1.9296
-3.04869 12.8644 -1.9125 -3.04382 12.955 -1.90564 -3.01888 13.036 -1.8636 -3.09418
13.0893 -1.82717 -3.05017 13.1701 -1.78747 -3.05503 13.2661 -1.74745 -3.03546 13.3603
-1.70122 -3.03569 13.4297 -1.6525 -3.09726 13.5005 -1.59688 -3.07333 13.5824 -1.51817
-3.07672 13.6583 -1.4385 -3.07221 13.714 -1.37383 -3.08977 13.8075 -1.31566 -3.11568
13.8009 -1.2795 -3.11635 13.8223 -1.24513 -3.12036 13.8436 -1.21062 -3.1245 13.8651
-1.17488 -3.12886 13.8913 -1.11972 -3.13542 13.906 -1.07673 -3.13753 13.9187 -1.03913
-3.13493 13.9259 -1.01619 -3.11963 13.9331 -0.993166 -3.10447 13.9584 -0.945711 -3.11335
13.941 -0.890901 -3.08203 13.9475 -0.831593 -3.0514 13.9602 -0.784295 -3.02799 13.9766
-0.735925 -3.01736 13.9955 -0.707745 -3.00025 13.9771 -0.63287 -2.96356 13.9588 -0.557407
-2.92737 13.9727 -0.50883 -2.90595 13.9991 -0.490068 -2.86726 14.0257 -0.47199 -2.80941
14.0112 -0.392717 -2.76814 13.9979 -0.314313 -2.72615 13.9919 -0.268654 -2.68695 14.0109
-0.227559 -2.63259 14.0408 -0.186947 -2.58333 14.0126 -0.120321 -2.49577 13.988 -0.0775481
-2.39915 13.9724 -0.0377426 -2.34176 13.9571 0.00247216 -2.28486 13.9581 0.0479558 -2.21752
13.9324 0.0812238 -2.16217 13.915 0.104265 -2.12565 13.8977 0.127515 -2.08925 13.8807
0.150974 -2.05297 13.8543 0.180417 -1.98683 13.8428 0.192604 -1.95509 13.8313 0.204835
-1.92339 13.8199 0.217108 -1.89174 13.8086 0.229425 -1.86012 13.8007 0.235437 -1.82856
13.7459 0.285961 -1.72869 13.7089 0.311049 -1.66554 13.6781 0.343519 -1.62635 13.6474
0.376443 -1.58688 13.6144 0.398804 -1.49262 13.5707 0.428101 -1.49164 13.5312 0.453536
-1.46372 13.4898 0.481503 -1.43204 13.4309 0.514852 -1.37084 13.3752 0.506948 -1.32235
13.3366 0.560817 -1.30484 13.286 0.613835 -1.28254 13.2419 0.629311 -1.27259 13.1721
0.65463 -1.24515 13.0964 0.689945 -1.18489 13.0541 0.690723 -1.21511 13.0114 0.691399
-1.24492 12.9491 0.69189 -1.2526 12.8876 0.65624 -1.26473 12.8262 0.619911 -1.27724
12.7767 0.638824 -1.27601 12.727 0.65802 -1.27442 12.6692 0.652987 -1.26145 12.6047
0.640631 -1.24292 12.5417 0.626981 -1.22732 12.5254 0.597466 -1.25906 12.5341 0.544961
-1.33829 12.5102 0.517531 -1.34561 12.4951 0.466109 -1.35921 12.4821 0.410145 -1.37398
12.448 0.407007 -1.39784 12.4223 0.39083 -1.41911 12.4109 0.356509 -1.4374 12.3979
0.322547 -1.45158 12.3793 0.290581 -1.45253 12.374 0.247794 -1.5029 12.3728 0.207859
-1.52667 12.3717 0.167411 -1.55067 12.3642 0.131861 -1.5748 12.3646 0.083072 -1.5938
12.3525 0.0656798 -1.61767 12.3471 0.0403907 -1.63632 12.3493 0.00961815 -1.65617 12.3527
-0.0221928 -1.67631 12.3557 -0.0501426 -1.69399 12.3565 -0.0610762 -1.70318 12.3572 -0.0720396
-1.71239 12.358 -0.0830328 -1.72162 12.3587 -0.0940559 -1.73087 12.3613 -0.108874 -1.7425
12.3613 -0.140965 -1.77306 12.3643 -0.179016 -1.80576 12.3671 -0.217426 -1.8387 12.3628
-0.252559 -1.86967 12.3592 -0.288703 -1.88412 12.362 -0.322664 -1.93041 12.3574 -0.358599
-1.95845 12.3566 -0.397581 -1.98849 12.3537 -0.446286 -2.02366 12.3484 -0.506491 -2.06499
12.3476 -0.530301 -2.08027 12.3461 -0.556347 -2.0968 12.3371 -0.601411 -2.12495 12.3168
-0.645049 -2.13646 12.296 -0.689129 -2.14724 12.301 -0.73805 -2.17998 12.306 -0.787327
-2.21298 12.289 -0.837752 -2.24169 12.2582 -0.899015 -2.27479 12.2249 -0.962834 -2.31001
12.2333 -0.998649 -2.29873 12.2241 -1.0465 -2.30648 12.2027 -1.10084 -2.32696 12.1746
-1.15724 -2.35417 12.1356 -1.21135 -2.37164 12.133 -1.24847 -2.38172 12.1048 -1.28388
-2.39896 12.0765 -1.31945 -2.41633 12.0576 -1.35481 -2.42776 12.0436 -1.38787 -2.43628
12.041 -1.41023 -2.43991 12.0385 -1.43265 -2.44359 12.036 -1.45511 -2.44733 12.0336
-1.47761 -2.45113 12.0126 -1.49777 -2.45962 12.0075 -1.56369 -2.47608 11.9887 -1.62331
-2.48659 11.9705 -1.68327 -2.49748 11.9423 -1.74079 -2.51236 11.8579 -1.78782 -2.55593
11.8587 -1.8569 -2.55115 11.8216 -1.91308 -2.56782 11.7822 -1.96797 -2.57553 11.7432
-2.02309 -2.58355 11.6952 -2.07475 -2.5932 11.6901 -2.08672 -2.59525 11.6811 -2.09516
-2.59483 11.672 -2.10361 -2.59441 11.663 -2.11206 -2.594 11.6545 -2.12009 -2.59361
11.6117 -2.16683 -2.59486 11.5717 -2.21422 -2.60293 11.5338 -2.26217 -2.6159 11.4964
-2.31045 -2.62909 11.4427 -2.34534 -2.62554 11.4183 -2.4216 -2.63287 11.3453 -2.46236
-2.63029 11.2678 -2.49977 -2.62688 11.2117 -2.54389 -2.62199 11.1644 -2.58963 -2.61501
11.1593 -2.60005 -2.61212 11.1527 -2.60659 -2.60906 11.1461 -2.61313 -2.60601 11.1395
-2.61968 -2.60297 11.1329 -2.62629 -2.59991 11.1091 -2.66659 -2.58764 11.0858 -2.70708
-2.57554 11.045 -2.74192 -2.56441 11.0049 -2.77704 -2.55345 10.9579 -2.79018 -2.52825
10.9379 -2.84792 -2.50935 10.9119 -2.89214 -2.4817 10.8801 -2.92069 -2.44399 10.8491
-2.94949 -2.40645 10.8025 -2.96178 -2.36205 10.7933 -2.98322 -2.34418 10.7821 -2.99381
-2.32374 10.7709 -3.00355 -2.30312 10.7598 -3.01333 -2.28253 10.7495 -3.0226 -2.26316
10.7365 -3.04144 -2.23899 10.727 -3.061 -2.21531 10.7177 -3.0807 -2.19173 10.707
-3.09842 -2.167 10.6806 -3.09855 -2.13175 10.6806 -3.14014 -2.08225 10.6688 -3.17121
-2.03156 10.6459 -3.19229 -1.97972 10.6363 -3.21016 -1.92554 10.6244 -3.21409 -1.87016
10.6069 -3.23994 -1.80497 10.606 -3.25607 -1.74727 10.6056 -3.27241 -1.68969 10.6051
-3.2925 -1.63778 10.6051 -3.31348 -1.58931 10.6056 -3.31547 -1.58471 10.607 -3.3177
-1.5823 10.6084 -3.31993 -1.57989 10.6098 -3.32217 -1.57749 10.6113 -3.32445 -1.57503
10.6199 -3.33922 -1.5434 10.6225 -3.34621 -1.49858 10.6254 -3.35328 -1.4539 10.6286
-3.36057 -1.41528 10.6321 -3.36783 -1.3819 10.6322 -3.37221 -1.36719 10.6324 -3.37661
-1.35249 10.6327 -3.38102 -1.33779 10.6335 -3.38466 -1.32392 10.6367 -3.38526 -1.31321
10.6346 -3.40385 -1.25039 10.647 -3.42057 -1.20729 10.6605 -3.43735 -1.16516 10.6719
-3.44817 -1.11738 10.6743 -3.4532 -1.0915 10.6897 -3.47244 -1.02674 10.707 -3.48381
-0.975275 10.7257 -3.49123 -0.930769 10.7632 -3.50293 -0.912335 10.8036 -3.51119 -0.905401
10.7919 -3.52129 -0.851818 10.8024 -3.52988 -0.822149 10.8239 -3.53385 -0.800491 10.8464
-3.53696 -0.779069 10.8687 -3.53999 -0.758065 10.8717 -3.54141 -0.752346 10.8748 -3.54283
-0.746629 10.8778 -3.54425 -0.740914 10.8805 -3.54489 -0.736489 10.8818 -3.54289 -0.736408
10.9004 -3.55183 -0.696806 10.9227 -3.55854 -0.669709 10.944 -3.56697 -0.642376 10.9735
-3.57614 -0.639994 11.0194 -3.57848 -0.670909 11.0242 -3.58313 -0.61084 11.0295 -3.58773
-0.550547 11.0436 -3.58349 -0.528635 11.0793 -3.57705 -0.554373 11.1145 -3.5706 -0.579992
11.1268 -3.56705 -0.530437 11.1685 -3.57088 -0.524768 11.2181 -3.5767 -0.531128 11.2647
-3.57492 -0.537454 11.3122 -3.57306 -0.543853 11.3178 -3.57396 -0.545015 11.3234 -3.57485
-0.546177 11.3291 -3.57575 -0.547338 11.3341 -3.57654 -0.548229 11.3371 -3.57693 -0.548044
11.4243 -3.57065 -0.548764 11.4892 -3.57757 -0.540854 11.5872 -3.58985 -0.546566 11.691
-3.60127 -0.560466 11.6801 -3.57704 -0.55519 11.7949 -3.56913 -0.539638 11.8562 -3.56231
-0.554127 11.9414 -3.56047 -0.556045 11.9776 -3.54982 -0.528814 12.061 -3.56577 -0.550202
12.0724 -3.51303 -0.51555 12.1131 -3.4985 -0.497219 12.1534 -3.48398 -0.476732 12.1939
-3.4691 -0.456309 12.2466 -3.45976 -0.462959 12.2611 -3.44631 -0.445829 12.2774 -3.44538
-0.444113 12.2939 -3.44585 -0.444131 12.3103 -3.4463 -0.444146 12.3271 -3.44675 -0.444158
12.3472 -3.44188 -0.431588 12.3657 -3.43326 -0.420771 12.3818 -3.41993 -0.412127 12.397
-3.40578 -0.403256 12.3968 -3.37602 -0.393135 12.4236 -3.37347 -0.376986 12.4461 -3.36081
-0.364826 12.4683 -3.34446 -0.354369 12.4908 -3.3279 -0.344009 12.5134 -3.30896 -0.335336
12.5256 -3.30311 -0.328647 12.5384 -3.29639 -0.323339 12.5513 -3.28961 -0.318059 12.5619
-3.28086 -0.312802 12.5635 -3.26105 -0.306525 12.5649 -3.24848 -0.3028 12.5663 -3.23586
-0.299087 12.5678 -3.22321 -0.295387 12.5692 -3.2105 -0.291699 12.5722 -3.20071 -0.289521
12.5947 -3.20372 -0.276257 12.6196 -3.2092 -0.264614 12.6448 -3.21464 -0.253063 12.6705
-3.22004 -0.241604 12.7074 -3.24162 -0.236517 12.6982 -3.22844 -0.231849 12.6999 -3.23016
-0.231859 12.7014 -3.23004 -0.231935 12.7029 -3.22992 -0.232011 12.7044 -3.2298 -0.232087
12.693 -3.1788 -0.204545 12.6796 -3.12926 -0.173147 12.6803 -3.10151 -0.138732 12.7061
-3.11494 -0.0983009 12.7226 -3.12754 -0.0530442 12.7162 -3.08747 -0.0207873 12.7093 -3.05081
0.0141212 12.7236 -3.04639 0.0399313 12.751 -3.0607 0.0769157 13.0781 -2.95443 0.101218
12.7981 -3.08712 0.143215 12.815 -3.08433 0.165987 12.833 -3.08095 0.188577 12.8422
-3.05863 0.227278 12.8818 -3.08694 0.270443 12.8955 -3.0648 0.298368 12.9114 -3.06656
0.308505 12.9276 -3.0681 0.318597 12.9442 -3.06942 0.328645 12.9524 -3.06995 0.333477
12.9623 -3.07258 0.337073 12.9723 -3.0752 0.340651 12.9824 -3.07781 0.34421 12.9925
-3.08041 0.347752 12.9931 -3.08099 0.359054 13.014 -3.08463 0.353578 13.0181 -3.08673
0.355913 13.0223 -3.08881 0.358242 13.0214 -3.09015 0.363486 13.0128 -3.09032 0.373192
13.0208 -3.07654 0.40066 13.0374 -3.05637 0.427121 13.0547 -3.036 0.45338 13.0727
-3.01544 0.479433 13.0435 -2.97808 0.511668 13.0556 -2.96074 0.507781 13.0691 -2.94315
0.530023 13.09 -2.92685 0.553823 13.1119 -2.91028 0.577448 13.1423 -2.8482 0.584986
13.1517 -2.85875 0.615366 13.1923 -2.85442 0.63269 13.2046 -2.83852 0.64798 13.1975
-2.81457 0.661796 13.1352 -2.79372 0.729011 13.2074 -2.7373 0.692256 13.2227 -2.72061
0.706484 13.2387 -2.7037 0.72057 13.2564 -2.687 0.734414 13.2744 -2.61723 0.713133
13.2428 -2.62401 0.778432 13.2372 -2.61963 0.800372 13.2379 -2.6196 0.823697 13.239
-2.61906 0.847043 13.2406 -2.618 0.870092 13.2426 -2.61714 0.874051 13.2447 -2.61627
0.878008 13.2468 -2.61538 0.881965 13.2489 -2.61447 0.885921 13.2698 -2.59652 0.880283
13.2514 -2.59184 0.910493 13.265 -2.57942 0.931202 13.2793 -2.56658 0.951823 13.269
-2.5331 0.967673 13.3453 -2.56133 0.992375 13.264 -2.46847 1.01211 13.2322 -2.41086
1.02861 13.2579 -2.39493 1.04624 13.3576 -2.30069 1.00363 13.4819 -2.18385 0.940571
13.3868 -2.19692 1.01412 13.2927 -2.207 1.08774 13.3148 -2.1917 1.10393 13.4022
-2.22991 1.10509 13.4896 -2.26816 1.10634 13.4359 -2.14076 1.11942 13.3998 -2.03569
1.13238 13.4183 -2.01179 1.14319 13.4715 -1.95571 1.11484 13.5611 -1.89015 1.06089
13.5084 -1.91358 1.13736 13.4987 -1.88739 1.15761 13.4992 -1.84996 1.16482 13.53
-1.84099 1.17627 13.5793 -1.87505 1.17787 13.5859 -1.80563 1.18562 13.6133 -1.80267
1.19528 13.6199 -1.77513 1.20132 13.6268 -1.74749 1.20718 13.6355 -1.71372 1.2141
13.6355 -1.71348 1.21414 13.6354 -1.71323 1.21418 13.6354 -1.71298 1.21422 13.6354
-1.71273 1.21426 13.6366 -1.71289 1.21415 13.6363 -1.67535 1.22442 13.6376 -1.63805
1.23414 13.6394 -1.60079 1.24352 13.6422 -1.56403 1.25259 13.7681 -1.54126 1.21929
13.6608 -1.48384 1.30422 13.702 -1.46523 1.30657 13.7854 -1.46141 1.29652 13.8682
-1.45809 1.28649 14.1158 -1.51218 1.22868 14.1852 -1.49818 1.22099 14.2479 -1.47571
1.20897 14.3107 -1.45393 1.19663 14.4471 -1.42306 1.16432 14.605 -1.38925 1.12641
14.7179 -1.37574 1.10026 14.831 -1.36303 1.07383 14.9441 -1.35113 1.04711 15.0573
-1.34003 1.02011 15.2436 -1.37441 0.977696 15.2 -1.31721 0.977838 15.2091 -1.32097
0.976202 15.2181 -1.3248 0.974586 15.2272 -1.32871 0.972994 15.5645 -1.46508 0.907703
15.289 -1.3503 0.989865 15.3169 -1.37512 0.977524 15.3449 -1.40048 0.96533 15.4354
-1.45579 0.933946 15.8067 -1.57221 0.787507 15.6615 -1.48344 0.913838 15.861 -1.4483
0.883702 16.0579 -1.41317 0.853955 16.252 -1.37805 0.824587 16.5015 -1.37774 0.770646
16.5167 -1.37987 0.767392 16.5345 -1.38416 0.763088 16.5522 -1.38847 0.758791 16.5699
-1.3928 0.754502 16.5873 -1.39709 0.750284 16.8312 -1.35018 0.696791 17.3477 -1.04778
0.607306 17.8701 -0.746978 0.511618 18.3981 -0.447772 0.410105 18.9751 -0.188664 0.221195
18.7649 -0.257921 0.322706 18.7659 -0.26787 0.315673 18.7665 -0.277919 0.308838 18.7539
-0.283885 0.312389 19.0084 -0.212247 0.180485 18.7316 -0.30973 0.304081 18.7266 -0.318355
0.298973 18.7214 -0.32709 0.294035 18.7067 -0.333965 0.297476 19.0332 -0.227152 0.142191
18.684 -0.358095 0.285951 18.6758 -0.367981 0.281046 18.6673 -0.378013 0.276328 18.651
-0.386405 0.279184 19.0569 -0.242231 0.10165 18.63 -0.433636 0.265666 18.6125 -0.445595
0.267342 18.5945 -0.457804 0.269241 18.4629 -0.548645 0.275832 18.7826 -0.429395 0.132166
16.6298 -0.504688 0.137439 16.6298 -0.504689 0.137438 16.6298 -0.504689 0.137437 16.6298
-0.50469 0.137436 16.6298 -0.504691 0.137435 16.6298 -0.504692 0.137434 16.6289 -0.504947
0.137157 16.6281 -0.505202 0.136881 16.6273 -0.505457 0.136604 16.6265 -0.505713 0.136327
16.6256 -0.505993 0.136053 16.5682 -0.527844 0.112676 16.5106 -0.549436 0.0837645 16.4531
-0.571047 0.054821 16.3957 -0.592679 0.0258448 16.3373 -0.613732 -0.00381816 16.2788 -0.641128
-0.045143 16.2201 -0.668602 -0.0880563 16.1616 -0.696088 -0.131015 16.1032 -0.723584 -0.174018
16.0387 -0.756572 -0.213398 15.9698 -0.803397 -0.260438 15.9052 -0.849692 -0.311162 15.841
-0.895821 -0.362079 15.7761 -0.943186 -0.411992 15.6963 -1.00923 -0.446213 15.6155 -1.09238
-0.483031 15.5258 -1.18134 -0.508738 15.4364 -1.27037 -0.534329 15.3474 -1.35948 -0.559802
15.2496 -1.46982 -0.563952 15.1307 -1.60503 -0.545214 15.0053 -1.73346 -0.516232 14.8795
-1.86076 -0.48692 14.754 -1.98848 -0.457213 14.6184 -2.12217 -0.416186 14.4537 -2.26187
-0.326433 14.2856 -2.39742 -0.230192 14.1178 -2.53524 -0.133409 13.9553 -2.69446 -0.040003
13.7862 -2.85628 0.0604333 13.5869 -2.99831 0.211443 13.3872 -3.14148 0.365523 13.1869
-3.28638 0.520866 12.9842 -3.42079 0.681623 12.767 -3.55241 0.854711 12.5437 -3.66199
1.06328 12.32 -3.78954 1.26949 12.0955 -3.92223 1.47605 11.8697 -4.03808 1.68453
11.7334 -4.10783 1.81045 11.7111 -4.12226 1.83093 11.6887 -4.13672 1.85141 11.6663
-4.1512 1.8719 11.6437 -4.16416 1.89211 11.6202 -4.17361 1.91181 11.3888 -4.29264
2.1516 11.1552 -4.41142 2.39597 10.9205 -4.53273 2.64026 10.695 -4.64188 2.87078
10.4596 -4.74222 3.10406 10.2356 -4.86017 3.36342 10.0119 -4.98154 3.62055 9.81607
-5.10364 3.83083 9.62764 -5.19945 4.01571 9.40788 -5.31619 4.23108 9.3839 -5.33291
4.26454 9.36104 -5.34869 4.29417 9.34287 -5.3606 4.30824 9.32472 -5.37251 4.32226
9.3071 -5.38409 4.33582 9.22793 -5.43296 4.41743 9.14876 -5.48196 4.49857 9.07694
-5.52336 4.55937 9.00724 -5.56273 4.61416 8.94954 -5.59543 4.65908 8.87322 -5.63772
4.7233 8.80513 -5.67665 4.77243 8.73999 -5.71447 4.81599 8.68906 -5.75125 4.83959
8.64095 -5.79018 4.85593 8.55365 -5.83529 4.90496 8.46679 -5.88067 4.95275 8.42128
-5.93565 4.91136 8.376 -5.98233 4.86446 8.3346 -6.01355 4.81644 8.2969 -6.02278
4.81605 8.25928 -6.03207 4.81555 8.22511 -6.042 4.8115 8.22283 -6.0577 4.7749
8.2208 -6.07388 4.73739 8.2008 -6.08042 4.71464 8.18028 -6.08484 4.6787 8.15662
-6.07868 4.57926 8.13343 -6.07278 4.48003 8.10896 -6.06671 4.37331 8.0944 -6.09053
4.26645 8.1188 -6.11302 4.18382 8.16745 -6.13939 4.16075 8.17734 -6.1196 3.95113
8.18797 -6.09982 3.74416 8.18806 -6.09985 3.74321 8.18816 -6.09989 3.74225 8.18829
-6.09966 3.74108 8.18843 -6.09939 3.73988 8.18856 -6.09912 3.73867 8.28541 -6.08098
3.52795 8.39467 -6.06689 3.31826 8.53875 -6.0554 3.07194 8.66302 -5.99662 2.77418
8.77235 -5.94311 2.51188 8.82455 -5.94164 2.44865 8.87002 -5.9395 2.3836 8.9212
-5.88751 2.23029 8.9739 -5.83956 2.07623 9.02894 -5.7904 1.92001 9.0982 -5.7687
1.82377 9.18155 -5.72904 1.67961 9.27888 -5.67109 1.48717 9.37467 -5.61287 1.29639
9.47113 -5.54309 1.08318 9.51672 -5.52073 1.00998 9.56018 -5.49431 0.926184 9.60346
-5.46773 0.842428 9.64657 -5.44101 0.75872 9.69128 -5.41057 0.664726 9.73191 -5.38964
0.595734 9.77317 -5.36647 0.520053 9.81423 -5.34313 0.444397 9.84883 -5.31159 0.369116
9.87954 -5.27809 0.294467 9.93243 -5.24521 0.222834 9.98389 -5.21357 0.155767 10.0351
-5.18168 0.0884048 10.0862 -5.14953 0.0207535 10.3415 -4.96964 -0.382813 10.3756 -4.9426
-0.440751 10.406 -4.91495 -0.49478 10.4302 -4.88577 -0.543607 10.4541 -4.85646 -0.592569
10.4778 -4.82631 -0.642706 10.5714 -4.72841 -0.81829 10.6811 -4.63069 -0.964733 10.8462
-4.52576 -1.07095 10.9989 -4.43004 -1.18754 11.1369 -4.30881 -1.35769 11.2113 -4.25547
-1.4025 11.2727 -4.20439 -1.4679 11.3255 -4.15467 -1.54662 11.3776 -4.1047 -1.62546
11.439 -4.04763 -1.70742 11.4472 -4.04021 -1.71652 11.4554 -4.03277 -1.72562 11.4636
-4.02533 -1.73474 11.4704 -4.01751 -1.7456 11.474 -4.00886 -1.76041 11.5507 -3.9304
-1.85597 11.6184 -3.85767 -1.95128 11.6783 -3.79092 -2.04458 11.7452 -3.73157 -2.12004
11.8197 -3.68189 -2.17349 11.8788 -3.60846 -2.27478 11.9301 -3.53692 -2.37938 11.9705
-3.47852 -2.46048 11.9871 -3.4455 -2.51497 12.0051 -3.41136 -2.56877 12.0884 -3.33576
-2.63864 12.146 -3.28526 -2.67897 12.1937 -3.24105 -2.71329 12.2409 -3.19655 -2.74814
12.2858 -3.15635 -2.77348 12.2918 -3.14591 -2.78903 12.2971 -3.1362 -2.79734 12.3023
-3.1265 -2.8055 12.3076 -3.11678 -2.81368 12.313 -3.10671 -2.82218 12.3774 -3.02503
-2.87913 12.4515 -2.95161 -2.91637 12.541 -2.8885 -2.91562 12.6323 -2.83403 -2.89626
12.657 -2.77329 -3.02373 12.7836 -2.70803 -2.95828 12.8368 -2.63245 -3.00033 12.8992
-2.60039 -3.01275 12.9663 -2.55082 -3.05015 13.0431 -2.49275 -3.12064 13.0489 -2.48251
-3.11402 13.0743 -2.4653 -3.13031 13.0996 -2.44802 -3.14667 13.1247 -2.43068 -3.16312
13.1494 -2.41346 -3.17947 13.1874 -2.38845 -3.18712 13.2077 -2.36111 -3.20139 13.2322
-2.33715 -3.21023 13.2906 -2.3346 -3.18343 13.3335 -2.28643 -3.25345 13.3908 -2.2743
-3.20613 13.4619 -2.24541 -3.21236 13.527 -2.20381 -3.23364 13.5886 -2.1787 -3.27503
13.6469 -2.16612 -3.33085 13.7252 -2.10815 -3.32264 13.7931 -2.07896 -3.35077 13.8583
-2.04108 -3.3796 13.921 -1.99578 -3.40908 14.0073 -1.95484 -3.43997 14.0222 -1.92907
-3.44957 14.0552 -1.90158 -3.46119 14.088 -1.874 -3.47289 14.1205 -1.84632 -3.48468
14.1582 -1.81402 -3.49849 14.1812 -1.79325 -3.50912 14.2041 -1.77243 -3.51976 14.2269
-1.75156 -3.53042 14.251 -1.73504 -3.54052 14.28 -1.71489 -3.54625 14.2999 -1.69636
-3.55977 14.3204 -1.67005 -3.56498 14.3386 -1.6479 -3.56677 14.3568 -1.62569 -3.56861
14.3747 -1.60362 -3.5705 14.3949 -1.57931 -3.57518 14.4151 -1.55493 -3.57992 14.4352
-1.53047 -3.5847 14.4552 -1.50594 -3.58954 14.4869 -1.47737 -3.58296 14.4977 -1.43177
-3.59713 14.5357 -1.38581 -3.59428 14.5748 -1.3396 -3.59079 14.6024 -1.29372 -3.58078
14.6185 -1.26835 -3.56041 14.6549 -1.20349 -3.55372 14.6818 -1.14587 -3.53758 14.7117
-1.09531 -3.52993 14.7311 -1.02177 -3.50163 14.7504 -0.96843 -3.47358 14.7764 -0.930452
-3.45069 14.8065 -0.882264 -3.43139 14.8198 -0.832425 -3.37159 14.8255 -0.788447 -3.33681
14.8423 -0.744094 -3.29784 14.846 -0.698795 -3.27353 14.8611 -0.649313 -3.24556 14.8657
-0.611725 -3.22041 14.8631 -0.58225 -3.19721 14.8604 -0.550262 -3.17237 14.8538 -0.53744
-3.14874 14.8466 -0.524302 -3.12265 14.8395 -0.511124 -3.09663 14.8324 -0.497906 -3.07068
14.8312 -0.487374 -3.05393 14.8081 -0.451738 -3.01992 14.7889 -0.416402 -2.98727 14.7644
-0.366276 -2.92865 14.7387 -0.312977 -2.86071 14.7177 -0.281345 -2.79104 14.6852 -0.251865
-2.77343 14.648 -0.218361 -2.74335 14.6105 -0.184685 -2.70429 14.5681 -0.147612 -2.64368
14.5243 -0.108619 -2.57904 14.4939 -0.100532 -2.57869 14.4645 -0.0950025 -2.5782 14.4247
-0.0846263 -2.54737 14.3799 -0.075771 -2.48985 14.3355 -0.0667141 -2.43281 14.2947 -0.0548525
-2.45123 14.2549 -0.0474403 -2.45511 14.2081 -0.0433546 -2.4339 14.1519 -0.0359802 -2.40665
14.0867 -0.0266663 -2.36879 14.0621 -0.0441539 -2.38495 14.0049 -0.0515307 -2.3745 13.9551
-0.0593274 -2.36459 13.9139 -0.0676059 -2.3553 13.8706 -0.0769777 -2.33983 13.8637 -0.0805815
-2.34607 13.8564 -0.083819 -2.3457 13.8491 -0.087065 -2.34534 13.8418 -0.0903193 -2.34498
13.8346 -0.093535 -2.34462 13.807 -0.108926 -2.35284 13.7783 -0.125058 -2.36118 13.7424
-0.144872 -2.37025 13.7066 -0.164912 -2.37934 13.6741 -0.189572 -2.37528 13.6409 -0.21113
-2.40511 13.6079 -0.244184 -2.42255 13.5771 -0.27317 -2.43924 13.5404 -0.297642 -2.44773
13.488 -0.320081 -2.44103 13.4758 -0.354834 -2.48167 13.4625 -0.389757 -2.52069 13.4369
-0.424235 -2.53882 13.4123 -0.466555 -2.53164 13.3844 -0.507318 -2.52552 13.3579 -0.532742
-2.5756 13.3308 -0.558515 -2.62528 13.305 -0.589263 -2.64631 13.2696 -0.624955 -2.64533
13.2326 -0.661089 -2.6424 13.2283 -0.702677 -2.69083 13.2154 -0.743596 -2.71668 13.1929
-0.777647 -2.73504 13.1704 -0.812062 -2.7534 13.1508 -0.853316 -2.75373 13.1385 -0.868579
-2.77678 13.1281 -0.884717 -2.78393 13.1178 -0.900931 -2.79109 13.1074 -0.917223 -2.79827
13.0976 -0.932717 -2.80507 13.0865 -0.95109 -2.82061 13.0754 -0.969564 -2.83617 13.0677
-0.990812 -2.85164 13.0605 -1.01266 -2.86713 13.0564 -1.0378 -2.87195 13.0353 -1.06968
-2.91052 13.0138 -1.10572 -2.93438 12.9895 -1.14048 -2.95606 12.9643 -1.17625 -2.97042
12.9367 -1.21469 -2.96339 12.9236 -1.2553 -3.00199 12.8965 -1.29383 -3.00926 12.8714
-1.33231 -3.01939 12.8505 -1.37032 -3.0354 12.8325 -1.41491 -3.0398 12.8115 -1.44954
-3.0551 12.7932 -1.48679 -3.06254 12.775 -1.5243 -3.07014 12.7568 -1.56207 -3.07788
12.7416 -1.59078 -3.08187 12.7372 -1.5985 -3.08254 12.7329 -1.60624 -3.08323 12.7285
-1.61398 -3.08392 12.7242 -1.62174 -3.08461 12.7207 -1.62895 -3.08164 12.7006 -1.6649
-3.08285 12.6869 -1.70316 -3.08741 12.6728 -1.74127 -3.0907 12.6555 -1.77732 -3.08528
12.6386 -1.81304 -3.0801 12.6334 -1.82425 -3.08183 12.6282 -1.83547 -3.08356 12.6231
-1.84671 -3.08531 12.6179 -1.85797 -3.08707 12.6142 -1.86847 -3.08261 12.5919 -1.91919
-3.09156 12.5694 -1.97077 -3.09261 12.547 -2.02271 -3.0939 12.5228 -2.07233 -3.08952
12.4911 -2.11811 -3.06264 12.4817 -2.17788 -3.08068 12.4723 -2.23818 -3.09805 12.4491
-2.29527 -3.09333 12.4304 -2.3493 -3.07711 12.4094 -2.40311 -3.05903 12.3867 -2.46439
-3.06057 12.3653 -2.52461 -3.06036 12.3478 -2.5795 -3.05222 12.3196 -2.63472 -3.04061
12.283 -2.68411 -3.01372 12.2751 -2.7442 -3.0205 12.2505 -2.79027 -3.01465 12.2347
-2.83566 -3.00605 12.2192 -2.88122 -2.99762 12.2041 -2.92708 -2.98933 12.2032 -2.93706
-2.98818 12.2024 -2.94705 -2.98703 12.2015 -2.95705 -2.98588 12.2007 -2.96705 -2.98475
12.1931 -2.97425 -2.98102 12.1952 -2.99398 -2.98488 12.1864 -3.00725 -2.97762 12.1776
-3.02055 -2.97036 12.1688 -3.03386 -2.96312 12.1606 -3.04648 -2.95628 12.1451 -3.0834
-2.94513 12.1299 -3.12046 -2.93412 12.115 -3.15768 -2.92326 12.1078 -3.19469 -2.9184
12.0833 -3.22262 -2.88791 12.0926 -3.28052 -2.88927 12.0845 -3.33014 -2.87721 12.0612
-3.37731 -2.85423 12.0481 -3.40915 -2.81941 12.0381 -3.43715 -2.78115 12.0252 -3.48879
-2.76079 12.0115 -3.53954 -2.73892 12.0078 -3.57272 -2.70486 11.9796 -3.59705 -2.65499
11.9398 -3.6163 -2.59552 11.953 -3.65369 -2.57644 11.952 -3.6761 -2.54174 11.9496
-3.69579 -2.50478 11.9476 -3.71557 -2.46793 11.9462 -3.73405 -2.43372 11.9474 -3.74066
-2.4272 11.9485 -3.74728 -2.42068 11.9497 -3.7539 -2.41418 11.9484 -3.75882 -2.40623
11.9361 -3.75657 -2.39222 11.9418 -3.76482 -2.38564 11.9351 -3.76621 -2.3734 11.9284
-3.76762 -2.36118 11.9217 -3.76904 -2.34897 11.9148 -3.77052 -2.33628 11.9039 -3.78453
-2.29309 11.8932 -3.79857 -2.24999 11.8828 -3.81264 -2.20697 11.8917 -3.83207 -2.17335
11.8682 -3.83198 -2.12631 11.8983 -3.86536 -2.08734 11.893 -3.87722 -2.03543 11.887
-3.88918 -1.98259 11.8691 -3.88708 -1.92502 11.8366 -3.86288 -1.86597 11.8406 -3.89542
-1.81284 11.8459 -3.91038 -1.77529 11.8454 -3.91545 -1.73622 11.8445 -3.91998 -1.69645
11.8439 -3.92435 -1.65862 11.8457 -3.92603 -1.65455 11.8474 -3.9277 -1.65049 11.8491
-3.92938 -1.64643 11.8485 -3.93056 -1.6411 11.8406 -3.93022 -1.63187 11.8795 -3.95336
-1.57521 11.8982 -3.97338 -1.51047 11.9144 -4.00053 -1.44759 11.9149 -4.02601 -1.38001
11.8 -4.00416 -1.24214 11.8955 -4.03574 -1.23302 11.8687 -4.03917 -1.16266 11.9082
-4.05484 -1.12551 11.9498 -4.07208 -1.09033 11.963 -4.0865 -1.04816 11.99 -4.09324
-1.0412 12.0017 -4.1 -1.03387 12.0359 -4.11036 -1.03333 12.0535 -4.11372 -1.01697
12.0727 -4.11736 -0.999258 12.095 -4.11928 -0.982522 12.1174 -4.12121 -0.965819 12.14
-4.12315 -0.949148 12.1627 -4.1251 -0.932509 12.1725 -4.12409 -0.914867 12.176 -4.12647
-0.911695 12.1794 -4.12886 -0.908526 12.183 -4.13143 -0.905519 12.1831 -4.13234 -0.901288
12.1705 -4.1249 -0.890253 12.2081 -4.13834 -0.858617 12.2205 -4.13404 -0.815165 12.2337
-4.12955 -0.771704 12.2476 -4.12487 -0.728234 12.2159 -4.09032 -0.652116 12.272 -4.11429
-0.646453 12.292 -4.10335 -0.616847 12.3134 -4.09115 -0.594315 12.3358 -4.07815 -0.575716
12.281 -4.01917 -0.528952 12.3488 -4.04578 -0.511257 12.3743 -4.04048 -0.48881 12.3833
-4.02229 -0.46449 12.3921 -4.00362 -0.440173 12.3987 -3.99428 -0.41595 12.3987 -3.99572
-0.413296 12.3986 -3.99716 -0.410643 12.3985 -3.99859 -0.407991 12.4257 -3.98693 -0.405587
12.55 -3.92847 -0.404063 12.4046 -3.97555 -0.373867 12.3982 -3.91214 -0.331354 12.3947
-3.8507 -0.271858 12.415 -3.81738 -0.213932 12.3778 -3.73781 -0.076959 12.4271 -3.73878
-0.0899415 12.4254 -3.67326 -0.0501611 12.4458 -3.65922 -0.0181366 12.4752 -3.64835 0.0195569
12.4536 -3.62256 0.116126 12.5072 -3.62711 0.11362 12.5283 -3.61042 0.145111 12.5509
-3.59301 0.176269 12.575 -3.5749 0.207088 13.3381 -3.22761 0.206922 13.0702 -3.35258
0.228008 13.2564 -3.27709 0.22373 13.4362 -3.19694 0.221386 13.6095 -3.11924 0.219236
13.7747 -3.04473 0.217295 13.4749 -3.13803 0.245718 13.1584 -3.23787 0.275369 12.8235
-3.34492 0.306372 12.7074 -3.36772 0.335315 13.7914 -2.92707 0.347535 12.7904 -3.29866
0.399608 12.8485 -3.25079 0.441564 12.9083 -3.20262 0.483012 12.9242 -3.16189 0.513657
13.5693 -2.88098 0.488309 12.9295 -3.09948 0.560539 12.9253 -3.06428 0.581583 12.9364
-3.0277 0.607273 12.9706 -2.98906 0.640237 13.2064 -2.86837 0.667126 13.0211 -2.94055
0.68506 13.0366 -2.92828 0.698113 13.0524 -2.91594 0.711131 13.0675 -2.9035 0.723758
13.0661 -2.89358 0.728032 13.0565 -2.87424 0.735267 13.047 -2.85487 0.742419 13.0377
-2.83548 0.749487 13.0286 -2.81608 0.756472 13.0095 -2.78314 0.782143 13.0298 -2.76965
0.774192 13.0308 -2.75107 0.784049 13.0315 -2.73225 0.794401 13.0133 -2.70808 0.822611
12.9947 -2.68201 0.852575 12.988 -2.67524 0.859074 12.9813 -2.66843 0.865572 12.9746
-2.66159 0.872069 12.9658 -2.65149 0.876519 12.9738 -2.63742 0.886219 12.9283 -2.61471
0.899944 12.9297 -2.59199 0.920102 12.9394 -2.56386 0.937639 12.9494 -2.53573 0.955177
13.0833 -2.42598 0.931662 12.9245 -2.45077 0.978645 12.95 -2.43012 0.995924 12.9756
-2.4094 1.0132 12.9676 -2.37451 1.02822 13.0448 -2.35354 1.05834 12.97 -2.28655
1.05798 12.9405 -2.24151 1.06767 12.9453 -2.21186 1.08284 13.0406 -2.13562 1.06654
13.1935 -2.00863 1.0202 13.063 -2.03276 1.08482 12.9732 -2.05021 1.13973 12.9901
-2.02618 1.15672 13.0323 -2.01583 1.17372 13.1272 -2.03399 1.19086 13.0615 -1.92993
1.20239 13.0974 -1.9181 1.21993 13.1208 -1.89543 1.23472 13.1169 -1.84961 1.24351
13.1721 -1.78506 1.22573 13.1396 -1.78797 1.2572 13.1388 -1.76129 1.26137 13.1382
-1.73468 1.26549 13.1376 -1.70814 1.26957 13.1412 -1.68309 1.27465 13.1512 -1.67601
1.28058 13.1613 -1.66891 1.2865 13.1714 -1.66179 1.29242 13.1816 -1.65465 1.29833
13.2559 -1.63916 1.29536 13.204 -1.61506 1.32074 13.2232 -1.58854 1.33271 13.2104
-1.53265 1.33945 13.1987 -1.47722 1.34593 13.55 -1.52055 1.33568 13.2091 -1.3926
1.38222 13.2096 -1.34468 1.38936 13.2125 -1.29745 1.396 13.2921 -1.27159 1.39177
13.5752 -1.26461 1.34446 13.4248 -1.24541 1.41899 13.5225 -1.21681 1.41956 13.5994
-1.19325 1.415 13.6757 -1.1701 1.41027 13.9232 -1.20338 1.38512 13.8399 -1.15163
1.40773 13.9022 -1.12928 1.40142 13.9638 -1.10734 1.39499 13.9693 -1.08966 1.39582
13.9551 -1.07417 1.39907 13.9474 -1.07215 1.40104 13.9396 -1.07012 1.403 13.9319
-1.06808 1.40496 13.9242 -1.06603 1.40693 13.935 -1.06987 1.40326 14.0169 -1.04387
1.40846 14.1196 -1.02369 1.40739 14.1739 -1.01226 1.4108 14.1948 -1.00671 1.41736
14.3933 -1.00998 1.36069 14.494 -0.984321 1.33988 14.6153 -0.963932 1.31153 14.7358
-0.945711 1.28273 14.8926 -0.924648 1.24352 15.4573 -1.08868 1.11344 15.0031 -0.881396
1.22827 15.0957 -0.907344 1.19669 15.192 -0.936044 1.16403 15.2882 -0.966152 1.13145
15.7521 -1.13902 1.00742 15.5171 -1.04137 1.07333 15.6308 -1.10542 1.03069 15.7453
-1.17158 0.988149 15.8271 -1.21724 0.942519 15.9625 -1.2563 0.855403 15.9341 -1.23751
0.895408 16.0358 -1.27303 0.873928 16.1378 -1.30925 0.852367 16.2332 -1.29123 0.837899
16.3245 -1.27331 0.824117 16.4079 -1.23179 0.817499 16.4907 -1.19081 0.810752 16.5729
-1.15037 0.803879 16.6546 -1.11046 0.796881 16.7678 -1.05632 0.756364 16.895 -1.09687
0.740194 17.0934 -1.12 0.68431 17.6335 -0.82096 0.584826 18.2175 -0.48836 0.473936
18.8728 -0.207505 0.243285 18.5824 -0.299195 0.385724 18.5802 -0.309897 0.379932 18.5777
-0.320714 0.374362 18.5678 -0.329382 0.374534 18.9071 -0.233945 0.198935 18.5389 -0.361159
0.365471 18.5304 -0.370819 0.361727 18.5215 -0.380612 0.358183 18.508 -0.389622 0.358666
18.9322 -0.250891 0.157052 18.4793 -0.418533 0.345751 18.4672 -0.429701 0.34228 18.4546
-0.441043 0.33903 18.4387 -0.45189 0.338794 18.9562 -0.268084 0.112499 18.414 -0.509865
0.321983 18.392 -0.523668 0.325215 18.3693 -0.537772 0.328713 18.3148 -0.573693 0.333707
18.7707 -0.384969 0.152042 16.5043 -0.562086 0.251917 16.5043 -0.562087 0.251916 16.5043
-0.562088 0.251916 16.5043 -0.562089 0.251915 16.5043 -0.56209 0.251914 16.5043 -0.56209
0.251913 16.5034 -0.562348 0.25164 16.5026 -0.562606 0.251367 16.5018 -0.562864 0.251094
16.501 -0.563122 0.250821 16.5001 -0.563408 0.25055 16.4427 -0.585645 0.230807 16.3853
-0.607907 0.211039 16.328 -0.6302 0.19127 16.2705 -0.652477 0.171255 16.2126 -0.674152
0.149987 16.1418 -0.70982 0.116618 16.0691 -0.746552 0.0827576 15.9965 -0.783302 0.0488699
15.9241 -0.82007 0.0149546 15.8523 -0.856888 -0.0193903 15.7661 -0.923239 -0.0513551 15.678
-0.992297 -0.0816052 15.5903 -1.06136 -0.111873 15.5028 -1.13042 -0.142159 15.4181 -1.20228
-0.167806 15.3078 -1.32115 -0.167729 15.1878 -1.43861 -0.164638 15.0682 -1.55633 -0.161273
14.9491 -1.67428 -0.157626 14.8291 -1.79685 -0.149785 14.6741 -1.94192 -0.102023 14.5115
-2.08994 -0.0443552 14.349 -2.23852 0.0141605 14.1922 -2.40115 0.0742247 14.0323 -2.57188
0.142024 13.8445 -2.73856 0.247223 13.6487 -2.90537 0.361717 13.4502 -3.06363 0.479321
13.25 -3.21674 0.599505 13.0433 -3.37621 0.726114 13.0099 -3.39576 0.750787 12.9755
-3.41378 0.776593 12.9411 -3.43182 0.802443 12.9067 -3.44989 0.828338 12.8834 -3.46215
0.8459 12.6885 -3.56912 0.991549 12.4975 -3.6975 1.13068 12.3064 -3.82807 1.27059
12.1153 -3.96053 1.41137 11.9148 -4.0833 1.56315 11.8343 -4.11907 1.62554 11.761
-4.15365 1.68951 11.6904 -4.18791 1.75419 11.6198 -4.22239 1.81901 11.5577 -4.25289
1.87612 11.3928 -4.3396 2.01233 11.2277 -4.42767 2.14892 11.0626 -4.51709 2.28585
10.9033 -4.59536 2.41469 10.7443 -4.66266 2.54366 10.4971 -4.76093 2.75169 10.2561
-4.86314 2.95938 10.0272 -4.9672 3.17033 9.82806 -5.0341 3.33937 9.60612 -5.11415
3.52986 9.50696 -5.16037 3.63323 9.41273 -5.20288 3.72623 9.33217 -5.234 3.79085
9.25174 -5.2655 3.85516 9.17965 -5.29412 3.9126 9.06576 -5.34263 4.00606 8.95194
-5.39191 4.09913 8.84803 -5.4365 4.18523 8.7603 -5.47849 4.24478 8.66813 -5.52591
4.30666 8.65907 -5.53172 4.31547 8.65092 -5.53689 4.32216 8.64455 -5.54083 4.32472
8.63819 -5.54478 4.32728 8.63193 -5.54867 4.32979 8.49767 -5.62095 4.41189 8.36405
-5.69445 4.49247 8.23734 -5.77196 4.56831 8.16958 -5.85256 4.5831 8.10017 -5.92921
4.58048 8.0992 -5.92957 4.58048 8.09823 -5.92992 4.58049 8.09737 -5.93029 4.58046
8.09728 -5.93089 4.58016 8.0972 -5.93149 4.57986 8.02866 -5.98612 4.56366 7.96273
-6.04179 4.54549 7.95064 -6.10177 4.48424 7.97011 -6.15202 4.39018 8.00051 -6.20132
4.2804 8.00207 -6.20864 4.26837 8.00366 -6.21597 4.25634 8.00528 -6.22331 4.24429
8.01548 -6.23099 4.22693 8.02868 -6.23878 4.20773 8.03671 -6.25883 4.17137 8.04487
-6.27892 4.135 8.07365 -6.28804 4.04981 8.10719 -6.29461 3.95355 8.13998 -6.30091
3.85973 8.19139 -6.32377 3.74453 8.24316 -6.34643 3.62951 8.2804 -6.34079 3.49621
8.37689 -6.31515 3.31584 8.48627 -6.29979 3.14689 8.58885 -6.29776 3.019 8.69098
-6.29502 2.89145 8.79656 -6.28309 2.74108 8.90403 -6.26599 2.58583 9.01587 -6.24722
2.42373 9.06231 -6.23252 2.35576 9.10859 -6.21762 2.28786 9.15659 -6.2024 2.21907
9.24123 -6.18449 2.1315 9.3223 -6.16698 2.04743 9.4328 -6.12985 1.90171 9.56282
-6.07596 1.61533 9.7001 -6.01742 1.33486 9.91176 -5.9285 1.07286 10.2941 -5.76991
0.680089 10.3362 -5.75128 0.616399 10.3759 -5.72895 0.549178 10.41 -5.69743 0.480035
10.4439 -5.66579 0.410847 10.4784 -5.63209 0.337215 10.5504 -5.61992 0.309162 10.5801
-5.59899 0.256878 10.6096 -5.57802 0.204725 10.6389 -5.557 0.152704 10.7509 -5.47612
-0.046528 10.7509 -5.47612 -0.046528 10.7509 -5.47612 -0.046528 10.7509 -5.47612 -0.046528
10.7509 -5.47612 -0.046528 10.7509 -5.47612 -0.046528 10.8369 -5.41227 -0.201068 10.9215
-5.34805 -0.35438 11.0121 -5.28657 -0.453654 11.1066 -5.2269 -0.51516 11.195 -5.16842
-0.583444 11.3741 -5.05101 -0.728639 11.5472 -4.93194 -0.878466 11.7158 -4.81163 -1.02845
11.8842 -4.68852 -1.18709 12.0463 -4.54889 -1.412 12.1145 -4.48849 -1.49887 12.17
-4.42289 -1.59274 12.2058 -4.35709 -1.68569 12.2407 -4.29095 -1.779 12.2719 -4.22645
-1.8712 12.2759 -4.22327 -1.87597 12.2789 -4.22118 -1.87876 12.2816 -4.21952 -1.88078
12.2842 -4.21786 -1.8828 12.2869 -4.21619 -1.88483 12.3618 -4.17586 -1.9344 12.4358
-4.13531 -1.98443 12.5086 -4.09308 -2.03702 12.5723 -4.03529 -2.12144 12.6212 -3.9667
-2.2472 12.7437 -3.87282 -2.26016 12.8331 -3.77184 -2.35886 12.9453 -3.68508 -2.43545
13.0388 -3.63129 -2.52287 13.1134 -3.58397 -2.61961 13.2289 -3.4501 -2.69803 13.3407
-3.31574 -2.77746 13.4297 -3.23108 -2.85 13.5369 -3.15861 -2.95335 13.6417 -3.08728
-3.05757 13.6695 -3.02867 -3.05585 13.7346 -2.96809 -3.09968 13.8077 -2.90673 -3.15518
13.8791 -2.84501 -3.21104 13.9466 -2.80311 -3.26539 13.9774 -2.77087 -3.28001 14.0057
-2.75307 -3.29656 14.0327 -2.73526 -3.31349 14.0596 -2.71743 -3.33046 14.0891 -2.69767
-3.34927 14.1018 -2.68716 -3.36045 14.1144 -2.67664 -3.37163 14.1267 -2.6664 -3.38246
14.1382 -2.65713 -3.3921 14.1495 -2.64807 -3.40151 14.1719 -2.63109 -3.41836 14.1941
-2.61408 -3.43522 14.2162 -2.59704 -3.45209 14.2381 -2.57998 -3.46898 14.2712 -2.55983
-3.48298 14.3211 -2.52495 -3.52551 14.3843 -2.49101 -3.56232 14.4475 -2.45698 -3.59885
14.5054 -2.42443 -3.63512 14.5493 -2.40256 -3.66754 14.6262 -2.35276 -3.71387 14.6987
-2.30611 -3.75728 14.7635 -2.27221 -3.79155 14.844 -2.22091 -3.81042 14.918 -2.1732
-3.82874 14.9514 -2.15496 -3.88152 14.9893 -2.12851 -3.92247 15.0366 -2.09072 -3.94421
15.0864 -2.05456 -3.96427 15.122 -2.0331 -3.96749 15.1625 -2.00273 -3.99195 15.1901
-1.98171 -3.99326 15.217 -1.96104 -3.99371 15.2412 -1.93942 -3.99741 15.2636 -1.9174
-4.00295 15.2841 -1.89816 -4.01274 15.3044 -1.87889 -4.02255 15.3247 -1.85958 -4.03238
15.3444 -1.84061 -4.04159 15.354 -1.8306 -4.03558 15.4075 -1.7741 -4.05677 15.4506
-1.72818 -4.06493 15.4886 -1.68728 -4.06695 15.5186 -1.64669 -4.06642 15.5364 -1.62381
-4.04471 15.5835 -1.55988 -4.05168 15.6048 -1.51615 -4.04033 15.6285 -1.47146 -4.03035
15.6557 -1.42551 -4.02214 15.6905 -1.37227 -4.00103 15.7063 -1.32905 -3.99761 15.7211
-1.28265 -3.9823 15.7319 -1.23901 -3.9634 15.7425 -1.19519 -3.9448 15.7571 -1.13463
-3.91965 15.7574 -1.13368 -3.9193 15.7576 -1.13273 -3.91895 15.7578 -1.13177 -3.9186
15.7581 -1.13082 -3.91825 15.7581 -1.12992 -3.9177 15.7586 -1.10856 -3.90736 15.7588
-1.08715 -3.89674 15.7591 -1.06569 -3.88617 15.7589 -1.0442 -3.8748 15.7561 -1.02228
-3.85786 15.7556 -0.997383 -3.84697 15.7551 -0.971163 -3.83356 15.7547 -0.943562 -3.81753
15.7544 -0.915843 -3.80159 15.7452 -0.89648 -3.77599 15.7317 -0.860962 -3.75207 15.7138
-0.820111 -3.71925 15.6959 -0.778925 -3.68668 15.6781 -0.7374 -3.65434 15.6556 -0.697048
-3.59454 15.6328 -0.677046 -3.59819 15.6006 -0.645901 -3.56841 15.5686 -0.618027 -3.53619
15.5368 -0.594053 -3.5011 15.4916 -0.572385 -3.4509 15.4742 -0.562964 -3.45094 15.4352
-0.551373 -3.42416 15.3963 -0.539665 -3.39754 15.3574 -0.527597 -3.37127 15.3117 -0.509211
-3.29742 15.2902 -0.522849 -3.32799 15.2552 -0.524131 -3.30948 15.2183 -0.525169 -3.29026
15.1814 -0.526217 -3.27115 15.1455 -0.527251 -3.25255 15.1376 -0.528449 -3.25106 15.1298
-0.529649 -3.24956 15.122 -0.530853 -3.24806 15.1141 -0.532059 -3.24657 15.1053 -0.53154
-3.23607 15.0702 -0.55043 -3.24641 15.032 -0.568096 -3.24696 14.9938 -0.585967 -3.24745
14.9567 -0.602924 -3.24665 14.8943 -0.610518 -3.21721 14.8819 -0.640809 -3.24202 14.8538
-0.667745 -3.25034 14.8158 -0.693398 -3.24818 14.7729 -0.711901 -3.22231 14.7247 -0.722824
-3.17165 14.7072 -0.762398 -3.22234 14.6838 -0.799685 -3.25538 14.6494 -0.829927 -3.2612
14.5982 -0.852538 -3.24631 14.5405 -0.872726 -3.22341 14.5359 -0.913671 -3.25678 14.5065
-0.948507 -3.26751 14.4691 -0.981453 -3.27078 14.4351 -1.00871 -3.27383 14.3944 -1.03254
-3.25596 14.3881 -1.04977 -3.27704 14.3766 -1.05977 -3.2791 14.365 -1.06981 -3.28114
14.3535 -1.07988 -3.28318 14.3424 -1.08965 -3.28514 14.3252 -1.11253 -3.29962 14.3073
-1.13888 -3.31406 14.2894 -1.16541 -3.32846 14.2715 -1.19212 -3.34282 14.2479 -1.20998
-3.32733 14.2282 -1.25326 -3.38658 14.2016 -1.29459 -3.40892 14.1748 -1.33138 -3.43171
14.1344 -1.36314 -3.43506 14.0832 -1.39263 -3.42318 14.0713 -1.4364 -3.47033 14.055
-1.47889 -3.51011 14.0214 -1.51247 -3.52236 13.9865 -1.5425 -3.5087 13.9502 -1.57179
-3.47926 13.9192 -1.61799 -3.5376 13.8869 -1.65621 -3.56317 13.8539 -1.68985 -3.56958
13.821 -1.72311 -3.57339 13.7795 -1.75751 -3.55654 13.7731 -1.77654 -3.57071 13.7613
-1.79384 -3.56923 13.7482 -1.80875 -3.5683 13.7351 -1.82371 -3.56738 13.7223 -1.83844
-3.56649 13.7039 -1.85988 -3.57672 13.6855 -1.88142 -3.58695 13.6664 -1.90291 -3.59444
13.6462 -1.92426 -3.59725 13.6242 -1.94545 -3.59353 13.6167 -1.95808 -3.59945 13.6062
-1.96937 -3.59813 13.5957 -1.98068 -3.59681 13.5852 -1.99202 -3.59549 13.5754 -2.00265
-3.59426 13.5509 -2.03102 -3.59349 13.5264 -2.05955 -3.59276 13.5035 -2.08817 -3.59392
13.4837 -2.1168 -3.59898 13.4548 -2.14069 -3.58071 13.4309 -2.18686 -3.60056 13.4024
-2.2313 -3.59829 13.3737 -2.27595 -3.59549 13.3424 -2.31761 -3.57964 13.3161 -2.34686
-3.51871 13.2809 -2.40022 -3.55398 13.2491 -2.44558 -3.5471 13.2198 -2.49157 -3.52395
13.191 -2.53786 -3.501 13.1592 -2.58241 -3.46865 13.1559 -2.59241 -3.47136 13.1511
-2.60176 -3.46638 13.1462 -2.61108 -3.46107 13.1414 -2.62041 -3.45576 13.1366 -2.62979
-3.45044 13.1148 -2.67287 -3.44212 13.0936 -2.71402 -3.43575 13.0734 -2.75105 -3.43324
13.0531 -2.78818 -3.42951 13.0268 -2.82404 -3.39211 13.0129 -2.88251 -3.40452 12.9901
-2.93393 -3.39192 12.9621 -2.9812 -3.36426 12.9437 -3.03082 -3.34568 12.926 -3.08013
-3.30817 12.913 -3.10912 -3.30956 12.906 -3.13214 -3.29992 12.8991 -3.15521 -3.29031
12.8924 -3.17831 -3.28072 12.8863 -3.19953 -3.27195 12.8771 -3.22938 -3.2609 12.867
-3.25913 -3.24883 12.8547 -3.28846 -3.23408 12.8426 -3.31779 -3.21932 12.83 -3.32713
-3.19072 12.8205 -3.40168 -3.1833 12.8054 -3.44699 -3.14916 12.7905 -3.48876 -3.1105
12.7763 -3.53074 -3.07202 12.7615 -3.57 -3.02873 12.7611 -3.57683 -3.02855 12.7589
-3.58073 -3.02369 12.7567 -3.58464 -3.01883 12.7546 -3.58855 -3.01398 12.7524 -3.5925
-3.00908 12.741 -3.63303 -2.98337 12.73 -3.67366 -2.95762 12.7221 -3.70655 -2.95186
12.7144 -3.73949 -2.94617 12.6759 -3.74936 -2.89675 12.7082 -3.81272 -2.88907 12.7069
-3.8467 -2.84837 12.699 -3.87441 -2.80064 12.6931 -3.90061 -2.75904 12.6878 -3.92607
-2.71859 12.6877 -3.92656 -2.71846 12.6876 -3.92674 -2.71811 12.6874 -3.92685 -2.71771
12.6873 -3.92696 -2.71731 12.6871 -3.92707 -2.71691 12.673 -3.97524 -2.64616 12.6474
-4.02329 -2.57413 12.6376 -4.07057 -2.49021 12.6336 -4.10565 -2.38328 12.6199 -4.09514
-2.22282 12.6859 -4.17224 -2.23471 12.7525 -4.24946 -2.24643 12.7309 -4.27717 -2.16054
12.6318 -4.26029 -1.99268 12.536 -4.24348 -1.82439 12.6555 -4.31276 -1.84624 12.6959
-4.33939 -1.80772 12.7014 -4.34651 -1.74182 12.7061 -4.35389 -1.67617 12.7026 -4.35804
-1.6042 12.7068 -4.35973 -1.60494 12.7085 -4.36017 -1.60415 12.7092 -4.36013 -1.60278
12.7098 -4.3601 -1.60141 12.7105 -4.36006 -1.60004 12.717 -4.38208 -1.54991 12.7181
-4.4085 -1.49297 12.7186 -4.43326 -1.43379 12.6975 -4.42565 -1.34484 12.6363 -4.35911
-1.20181 12.6817 -4.4132 -1.18315 12.6553 -4.39754 -1.09498 12.6523 -4.39115 -1.04035
12.6692 -4.39276 -1.01492 12.659 -4.35815 -0.957723 12.6888 -4.38199 -0.930184 12.695
-4.37802 -0.884118 12.7025 -4.37423 -0.838454 12.7113 -4.37062 -0.79319 12.7246 -4.36535
-0.730907 12.7242 -4.36478 -0.728411 12.724 -4.3639 -0.725962 12.7238 -4.36302 -0.723514
12.7236 -4.36214 -0.721066 12.7234 -4.36123 -0.718536 12.7227 -4.35941 -0.71282 12.7221
-4.35759 -0.707103 12.7215 -4.35577 -0.701385 12.7209 -4.35535 -0.699919 12.7205 -4.35346
-0.697786 12.6886 -4.2715 -0.589101 12.6614 -4.18598 -0.479137 12.6591 -4.15452 -0.429894
12.6567 -4.09865 -0.330823 13.0847 -3.84411 -0.238047 12.6723 -4.01336 -0.194995 12.6851
-3.98349 -0.156627 12.6902 -3.92966 -0.107827 12.6924 -3.85797 -0.0487652 12.6983 -3.80137
0.043069 12.7237 -3.76012 0.0601225 12.7496 -3.74427 0.091786 12.7768 -3.72773 0.123194
12.8055 -3.71049 0.154341 13.0217 -3.59995 0.191195 12.8849 -3.66846 0.198654 12.9747
-3.62621 0.199221 13.0828 -3.57483 0.199192 13.1886 -3.52438 0.199192 13.2926 -3.4746
0.19922 12.8751 -3.61236 0.232175 12.904 -3.56458 0.261787 12.934 -3.51672 0.291086
12.9694 -3.4677 0.32126 13.3328 -3.30201 0.349788 13.1155 -3.35379 0.411031 13.1721
-3.29851 0.452856 13.2335 -3.24171 0.493722 13.2963 -3.18474 0.534001 13.3014 -3.18022
0.537136 13.3103 -3.17046 0.544368 13.3192 -3.16069 0.551581 13.3281 -3.15093 0.558776
13.337 -3.14117 0.565952 13.3551 -3.12605 0.571336 13.3937 -3.08662 0.609951 13.4414
-3.04245 0.647403 13.4247 -3.00932 0.669681 13.3958 -2.9783 0.688843 13.3826 -2.90989
0.735478 13.3918 -2.90173 0.725653 13.3834 -2.8698 0.743128 13.3755 -2.83782 0.760333
13.3681 -2.80579 0.777268 13.4242 -2.7054 0.792013 13.3803 -2.723 0.821426 13.3675
-2.69841 0.836807 13.3555 -2.67564 0.853538 13.3438 -2.65282 0.870181 13.3322 -2.62974
0.88688 13.3189 -2.61702 0.898431 13.3059 -2.60417 0.909969 13.293 -2.5912 0.921493
13.2804 -2.5781 0.933003 13.3608 -2.51174 0.920398 13.2241 -2.52537 0.955846 13.2057
-2.50125 0.97681 13.1887 -2.47657 0.997663 13.1999 -2.43921 1.01657 13.2551 -2.38113
1.0455 13.1787 -2.34526 1.03883 13.142 -2.31088 1.04499 13.1531 -2.28397 1.062
13.2478 -2.20206 1.0514 13.4156 -2.07271 1.01582 13.2408 -2.10389 1.06423 13.1099
-2.12315 1.1061 13.0984 -2.09061 1.11889 13.1664 -2.06949 1.14644 13.2466 -2.05017
1.17611 13.1744 -1.98486 1.17526 13.1356 -1.93579 1.18174 13.1409 -1.90519 1.19708
13.1756 -1.84244 1.19329 13.3185 -1.74269 1.16103 13.1797 -1.79128 1.23857 13.1693
-1.74497 1.24726 13.1659 -1.70424 1.25762 13.1849 -1.68142 1.27381 13.2468 -1.68182
1.29006 13.2323 -1.63521 1.29978 13.26 -1.62679 1.31203 13.2731 -1.606 1.32109
13.2713 -1.57263 1.32687 13.2693 -1.53317 1.33361 13.2643 -1.52138 1.33495 13.2593
-1.5096 1.33629 13.2544 -1.49784 1.33762 13.2496 -1.48609 1.33894 13.3032 -1.48419
1.33984 13.2382 -1.42833 1.35008 13.2315 -1.38211 1.35696 13.2255 -1.33611 1.36368
13.2247 -1.29424 1.37108 13.4144 -1.25788 1.36182 13.2497 -1.22684 1.403 13.2609
-1.17842 1.40729 13.3381 -1.1482 1.40837 13.4145 -1.11825 1.4093 13.6956 -1.14437
1.40071 13.5774 -1.07327 1.41951 13.6522 -1.04794 1.41591 13.7263 -1.02294 1.4122
13.7783 -0.9988 1.41063 13.7517 -0.977859 1.41709 13.7464 -0.97635 1.41821 13.741
-0.974838 1.41932 13.7356 -0.973324 1.42043 13.7302 -0.971809 1.42155 13.7354 -0.972892
1.4197 13.7788 -0.935635 1.43874 13.8159 -0.905052 1.45124 13.8285 -0.880009 1.45773
13.8408 -0.854957 1.46413 14.0252 -0.847064 1.41325 13.8556 -0.787753 1.47657 13.8658
-0.762388 1.48264 13.8756 -0.737006 1.48862 13.8035 -0.71726 1.50529 14.0938 -0.812767
1.41147 13.8553 -0.702076 1.50781 13.8854 -0.661618 1.52597 13.9185 -0.650965 1.53035
14.0968 -0.651622 1.47833 14.467 -0.663674 1.35776 14.5195 -0.635324 1.34686 14.6337
-0.618198 1.31497 14.7471 -0.603314 1.28268 14.9587 -0.634128 1.22812 15.6806 -0.896348
1.06075 15.0934 -0.634673 1.20681 15.1309 -0.634495 1.18114 15.2163 -0.66111 1.14739
15.3017 -0.689136 1.11371 15.9678 -0.941841 0.935533 15.5211 -0.748532 1.06384 15.6244
-0.809331 1.02063 15.7285 -0.87224 0.97752 15.7534 -0.883394 0.926896 16.1207 -0.989316
0.764485 15.9079 -0.888856 0.914045 16.0972 -0.95244 0.873505 16.2745 -0.9138 0.84635
16.4487 -0.869743 0.820248 16.8464 -0.959828 0.697802 16.9368 -0.980834 0.672061 17.0365
-1.01082 0.642489 17.1354 -1.04154 0.613266 17.2337 -1.07299 0.584397 17.4663 -0.952749
0.541818 17.7275 -0.803233 0.49322 17.99 -0.654112 0.443182 18.2539 -0.505387 0.391748
18.5191 -0.357056 0.338963 18.7997 -0.220956 0.259055 18.7355 -0.249246 0.285653 18.7374
-0.258979 0.278299 18.7391 -0.268808 0.271136 18.7372 -0.277695 0.266702 18.8447 -0.247306
0.210297 18.7172 -0.296033 0.263351 18.7135 -0.304321 0.257838 18.7096 -0.312713 0.252486
18.7037 -0.320867 0.248731 18.8792 -0.263348 0.164849 18.6817 -0.340494 0.242631 18.675
-0.349941 0.23728 18.6679 -0.359524 0.232106 18.6598 -0.369082 0.227791 18.9119 -0.279467
0.117276 18.6359 -0.40486 0.221654 18.6204 -0.416084 0.222746 18.6044 -0.427541 0.224046
18.5878 -0.439236 0.225559 18.7402 -0.405349 0.128184 16.4385 -0.598539 0.457638 16.4385
-0.59854 0.457637 16.4385 -0.59854 0.457637 16.4385 -0.598541 0.457637 16.4385 -0.598542
0.457636 16.4385 -0.598543 0.457636 16.4375 -0.598878 0.457524 16.4365 -0.599212 0.457411
16.4355 -0.599546 0.457299 16.4345 -0.599881 0.457187 16.4335 -0.600232 0.457052 16.3749
-0.623 0.438007 16.2975 -0.652709 0.421087 16.2202 -0.682463 0.404138 16.143 -0.712262
0.387158 16.0656 -0.741717 0.371412 15.9809 -0.785243 0.347783 15.8937 -0.832216 0.326462
15.8068 -0.879202 0.305089 15.72 -0.926199 0.283665 15.6379 -0.972888 0.261602 15.5469
-1.04022 0.234326 15.4352 -1.13121 0.229661 15.3239 -1.22222 0.225051 15.2132 -1.31492
0.22153 15.1048 -1.42226 0.226908 14.976 -1.54507 0.230923 14.8218 -1.68957 0.266537
14.668 -1.83445 0.302719 14.517 -1.98337 0.340685 14.3635 -2.147 0.395615 14.1941
-2.32831 0.454491 14.0016 -2.51139 0.540864 13.805 -2.68315 0.62759 13.609 -2.85606
0.715622 13.41 -3.03751 0.816427 13.1866 -3.19744 0.937316 12.9552 -3.34612 1.07012
12.7304 -3.51913 1.20153 12.5075 -3.69873 1.33392 12.3824 -3.80055 1.40943 12.3611
-3.81905 1.42223 12.3398 -3.83757 1.43505 12.3186 -3.85611 1.44789 12.2973 -3.87467
1.46073 12.2758 -3.89087 1.47428 12.0632 -4.01124 1.61505 11.8526 -4.13254 1.75746
11.6422 -4.25552 1.90103 11.4436 -4.37554 2.04858 11.3213 -4.45115 2.14315 11.2722
-4.48415 2.17607 11.222 -4.51513 2.20646 11.1705 -4.54415 2.23441 11.1227 -4.57116
2.26304 11.0791 -4.59581 2.29327 10.8251 -4.7132 2.45817 10.5845 -4.83253 2.64097
10.3484 -4.94783 2.82004 10.1285 -5.03401 2.97702 9.89568 -5.10738 3.13481 9.68782
-5.20009 3.29494 9.49759 -5.28531 3.43733 9.33943 -5.34238 3.53866 9.18163 -5.40579
3.64744 9.05749 -5.46272 3.74211 9.02064 -5.48199 3.76978 8.98383 -5.50133 3.79741
8.94708 -5.52075 3.82499 8.91788 -5.53229 3.84241 8.88888 -5.54311 3.85892 8.79085
-5.58559 3.92564 8.71481 -5.62718 3.97437 8.65341 -5.66195 4.00487 8.5915 -5.69669
4.03825 8.53916 -5.72672 4.06633 8.45863 -5.76946 4.11287 8.37866 -5.8129 4.15892
8.29927 -5.85705 4.20445 8.24029 -5.89414 4.22492 8.19413 -5.93103 4.23009 8.16374
-5.96045 4.24701 8.13364 -5.99011 4.26373 8.12587 -6.01541 4.25038 8.12078 -6.04033
4.23359 8.11615 -6.06421 4.21746 8.06065 -6.11598 4.21538 8.00523 -6.17033 4.21665
7.95749 -6.22607 4.2158 7.9778 -6.27153 4.15996 8.00655 -6.32288 4.10285 8.00701
-6.36185 4.08527 8.01859 -6.39714 4.05446 8.055 -6.42375 3.99378 8.0914 -6.45036
3.93336 8.13158 -6.47976 3.86691 8.13915 -6.49233 3.84903 8.14676 -6.5049 3.83114
8.15442 -6.51747 3.81325 8.17607 -6.52996 3.79252 8.19959 -6.54225 3.77163 8.22626
-6.56571 3.72137 8.25293 -6.5891 3.67116 8.29234 -6.60931 3.61651 8.37654 -6.61843
3.54614 8.45848 -6.62697 3.47769 8.54155 -6.65552 3.31977 8.62349 -6.6833 3.16248
8.7884 -6.68558 2.98292 8.97538 -6.67351 2.77954 9.16223 -6.65869 2.57357 9.17899
-6.65747 2.55063 9.19571 -6.65623 2.52772 9.21407 -6.65448 2.50489 9.24645 -6.64853
2.48257 9.27838 -6.64262 2.46056 9.435 -6.61842 2.26609 9.62003 -6.58493 2.05347
9.84872 -6.53513 1.82683 10.0917 -6.47211 1.61462 10.3132 -6.40855 1.40697 10.3897
-6.39188 1.33784 10.4669 -6.37314 1.26577 10.5582 -6.33401 1.15919 10.6485 -6.29455
1.05298 10.7449 -6.25164 0.938846 10.8649 -6.19939 0.807914 10.9907 -6.14215 0.670676
11.1261 -6.07763 0.523636 11.2611 -6.00698 0.407159 11.3901 -5.91712 0.258594 11.5718
-5.79605 0.0323082 11.7539 -5.66614 -0.190886 11.9615 -5.53773 -0.364518 12.1631 -5.40774
-0.537649 12.3355 -5.29621 -0.747929 12.4108 -5.24054 -0.809981 12.4815 -5.18956 -0.873553
12.5482 -5.1428 -0.939765 12.614 -5.09586 -1.006 12.6882 -5.04215 -1.08155 12.7695
-4.97283 -1.17479 12.8493 -4.9032 -1.2681 12.9277 -4.83327 -1.36145 13.0189 -4.75957
-1.45591 13.127 -4.68212 -1.55001 13.2338 -4.56401 -1.67723 13.3578 -4.4597 -1.81717
13.4808 -4.35468 -1.95463 13.6034 -4.25033 -2.07249 13.7148 -4.16463 -2.19719 13.8294
-4.04513 -2.30819 13.94 -3.93472 -2.41445 14.0469 -3.84516 -2.5103 14.152 -3.75012
-2.61648 14.2705 -3.66484 -2.7479 14.3078 -3.614 -2.77197 14.3657 -3.56183 -2.82425
14.4229 -3.50955 -2.87727 14.479 -3.4572 -2.93037 14.5441 -3.39553 -2.9929 14.5723
-3.36683 -3.02443 14.6002 -3.33809 -3.05596 14.6277 -3.30933 -3.0875 14.655 -3.28054
-3.11904 14.6862 -3.24471 -3.13996 14.7561 -3.17809 -3.22282 14.826 -3.10895 -3.29693
14.8894 -3.04335 -3.36397 14.9477 -2.98059 -3.42462 14.9984 -2.92324 -3.47346 15.0222
-2.90204 -3.49812 15.0404 -2.88787 -3.51333 15.0586 -2.87369 -3.52855 15.0766 -2.8595
-3.54378 15.0937 -2.84588 -3.5584 15.1361 -2.81276 -3.59312 15.1779 -2.77958 -3.62791
15.2164 -2.74195 -3.66136 15.2542 -2.70412 -3.69484 15.2825 -2.68206 -3.71737 15.3525
-2.63153 -3.77379 15.4102 -2.58838 -3.81827 15.4664 -2.54657 -3.86175 15.5348 -2.49955
-3.89387 15.5998 -2.45291 -3.91997 15.6399 -2.43692 -3.9768 15.6835 -2.41187 -4.02367
15.731 -2.37701 -4.05857 15.7753 -2.34614 -4.0877 15.8104 -2.32679 -4.10148 15.8805
-2.28685 -4.15632 15.9264 -2.25386 -4.18349 15.9715 -2.2195 -4.21272 16.016 -2.18512
-4.24214 16.0635 -2.14839 -4.26211 16.0754 -2.14529 -4.27637 16.0871 -2.13526 -4.28107
16.0987 -2.12472 -4.28508 16.1103 -2.11417 -4.28911 16.1218 -2.10374 -4.2931 16.1316
-2.09639 -4.29753 16.141 -2.08945 -4.30123 16.1493 -2.08327 -4.30358 16.1576 -2.07709
-4.30594 16.1662 -2.07067 -4.3084 16.189 -2.05248 -4.31825 16.2117 -2.03427 -4.32813
16.2343 -2.01602 -4.33804 16.2553 -1.99653 -4.34847 16.2659 -1.97948 -4.34542 16.3075
-1.93553 -4.36901 16.3439 -1.89461 -4.37727 16.3814 -1.85373 -4.38554 16.4185 -1.81273
-4.39396 16.4413 -1.75533 -4.35448 16.4739 -1.7284 -4.40587 16.5046 -1.67999 -4.40903
16.5318 -1.63299 -4.40972 16.5489 -1.58945 -4.39712 16.5443 -1.5533 -4.35432 16.5832
-1.49698 -4.39312 16.597 -1.4438 -4.37491 16.6087 -1.39068 -4.35281 16.6124 -1.34611
-4.3362 16.6128 -1.30381 -4.31972 16.613 -1.30313 -4.32122 16.6128 -1.30206 -4.32073
16.6125 -1.30097 -4.32017 16.6122 -1.29988 -4.31962 16.6118 -1.29879 -4.31906 16.6117
-1.26167 -4.31571 16.6117 -1.22346 -4.3121 16.616 -1.1719 -4.30226 16.6196 -1.11977
-4.2905 16.607 -1.05833 -4.21299 16.6018 -1.03221 -4.24471 16.5934 -0.999928 -4.26255
16.5791 -0.961076 -4.25244 16.5363 -0.933579 -4.19863 16.4938 -0.905791 -4.14507 16.4883
-0.873679 -4.1531 16.4814 -0.841307 -4.15956 16.4453 -0.81628 -4.12374 16.4044 -0.78395
-4.06184 16.3587 -0.743977 -3.98129 16.3339 -0.751584 -4.02741 16.298 -0.743862 -3.99904
16.2616 -0.73571 -3.97049 16.2149 -0.72177 -3.93595 16.1693 -0.708 -3.90237 16.1689
-0.707894 -3.90221 16.1686 -0.707788 -3.90204 16.1682 -0.707681 -3.90188 16.1678 -0.707575
-3.90171 16.1673 -0.707405 -3.90093 16.1277 -0.715766 -3.89121 16.0891 -0.724067 -3.88121
16.0608 -0.732554 -3.87476 16.0326 -0.741125 -3.86829 15.9672 -0.743842 -3.82723 15.9535
-0.76687 -3.84596 15.9323 -0.787731 -3.85507 15.8954 -0.803697 -3.84402 15.8472 -0.810905
-3.80312 15.7917 -0.812415 -3.73988 15.7702 -0.855221 -3.79409 15.7407 -0.886602 -3.81575
15.705 -0.909017 -3.8121 15.6605 -0.930957 -3.79828 15.5955 -0.950983 -3.76616 15.5893
-0.98757 -3.79286 15.5549 -1.01371 -3.78677 15.5176 -1.0386 -3.77732 15.4805 -1.06373
-3.7679 15.4402 -1.08685 -3.74926 15.4382 -1.09382 -3.75677 15.4336 -1.09737 -3.75601
15.4291 -1.10093 -3.75525 15.4246 -1.10449 -3.75449 15.4201 -1.10802 -3.75374 15.3966
-1.13893 -3.76411 15.3732 -1.1701 -3.77442 15.3499 -1.20154 -3.78465 15.3206 -1.2305
-3.78733 15.2821 -1.25238 -3.76695 15.2558 -1.2947 -3.80291 15.222 -1.32855 -3.81055
15.188 -1.36329 -3.81602 15.1541 -1.39833 -3.82135 15.1176 -1.43325 -3.82412 15.113
-1.44167 -3.82792 15.1061 -1.44901 -3.82847 15.0991 -1.45636 -3.82902 15.0922 -1.46372
-3.82956 15.0857 -1.47068 -3.83007 15.0588 -1.50061 -3.83369 15.0328 -1.52966 -3.84117
15.0075 -1.55807 -3.85158 14.9822 -1.58666 -3.86189 14.9459 -1.61034 -3.8543 14.9244
-1.65121 -3.87868 14.8918 -1.68805 -3.88654 14.8561 -1.72398 -3.88982 14.8134 -1.75738
-3.8824 14.771 -1.78498 -3.87047 14.7694 -1.78952 -3.87562 14.7664 -1.79189 -3.87529
14.7632 -1.79419 -3.87474 14.7601 -1.79648 -3.87419 14.757 -1.79876 -3.87364 14.727
-1.83158 -3.88809 14.6953 -1.86718 -3.89984 14.6637 -1.90303 -3.91143 14.6316 -1.93842
-3.92019 14.5895 -1.95859 -3.86832 14.5631 -2.00481 -3.92266 14.5336 -2.04907 -3.96084
14.4982 -2.08892 -3.96651 14.4434 -2.1189 -3.92426 14.3885 -2.14943 -3.8817 14.3687
-2.19023 -3.91304 14.3469 -2.23122 -3.93945 14.3079 -2.2679 -3.92348 14.2675 -2.30081
-3.8893 14.2251 -2.33167 -3.83051 14.1959 -2.37276 -3.86529 14.1674 -2.40247 -3.85358
14.1391 -2.43159 -3.83888 14.111 -2.46087 -3.82422 14.084 -2.49032 -3.80894 14.0769
-2.50035 -3.80841 14.0699 -2.51039 -3.80788 14.0629 -2.52045 -3.80734 14.056 -2.53029
-3.806 14.0503 -2.53672 -3.79278 14.0186 -2.58598 -3.80097 13.9869 -2.62753 -3.79467
13.9527 -2.66845 -3.77553 13.9189 -2.7096 -3.75631 13.8843 -2.75094 -3.73216 13.8816
-2.75735 -3.7331 13.8776 -2.76239 -3.72981 13.8737 -2.76743 -3.72652 13.8697 -2.77247
-3.72322 13.8658 -2.77741 -3.72 13.8372 -2.81686 -3.70026 13.809 -2.8565 -3.68058
13.785 -2.898 -3.66548 13.7634 -2.94052 -3.6527 13.7162 -2.96142 -3.6118 13.7104
-3.02793 -3.61425 13.6888 -3.08198 -3.59556 13.6561 -3.12699 -3.56158 13.6271 -3.16928
-3.52385 13.5951 -3.19716 -3.44061 13.5779 -3.23202 -3.4614 13.5595 -3.25263 -3.44769
13.5411 -3.27315 -3.43364 13.5229 -3.29372 -3.41959 13.505 -3.31492 -3.40405 13.495
-3.33832 -3.39226 13.485 -3.36173 -3.38048 13.4752 -3.38515 -3.36869 13.4654 -3.40857
-3.35689 13.4553 -3.41596 -3.33403 13.443 -3.48559 -3.3215 13.4325 -3.53867 -3.29314
13.4246 -3.58354 -3.25591 13.4146 -3.62374 -3.21263 13.3986 -3.65325 -3.15493 13.3975
-3.67458 -3.15516 13.3901 -3.68495 -3.14328 13.3823 -3.69448 -3.13048 13.3746 -3.70401
-3.11768 13.3672 -3.71315 -3.1054 13.3528 -3.77597 -3.04776 13.3466 -3.83698 -3.00476
13.3664 -3.90469 -2.92486 13.3579 -3.96605 -2.8212 13.3152 -3.98626 -2.70872 13.3217
-4.04267 -2.72158 13.2796 -4.05776 -2.65772 13.2384 -4.07297 -2.59415 13.2152 -4.09074
-2.54719 13.2139 -4.11399 -2.51805 13.2296 -4.14054 -2.50719 13.2454 -4.16712 -2.49626
13.2526 -4.18924 -2.45131 13.2589 -4.21059 -2.40037 13.2483 -4.21302 -2.32666 13.2715
-4.26092 -2.286 13.2983 -4.29554 -2.23886 13.3515 -4.33847 -2.21476 13.3769 -4.37279
-2.16948 13.2857 -4.35792 -2.00853 13.3296 -4.38387 -2.01647 13.3403 -4.39187 -1.99902
13.341 -4.39435 -1.97381 13.3419 -4.39684 -1.94865 13.3415 -4.39941 -1.92384 13.3397
-4.41954 -1.88809 13.3385 -4.4398 -1.85248 13.338 -4.46018 -1.81701 13.3293 -4.46136
-1.76706 13.2945 -4.40306 -1.6722 13.3463 -4.4982 -1.68502 13.3774 -4.56036 -1.6685
13.3794 -4.58161 -1.61145 13.3052 -4.50428 -1.45549 13.234 -4.42443 -1.29819 13.3106
-4.50424 -1.30786 13.363 -4.55195 -1.30004 13.3527 -4.5241 -1.2483 13.3429 -4.49651
-1.19654 13.2835 -4.40274 -1.08667 13.3134 -4.43374 -1.08942 13.3163 -4.43387 -1.07144
13.3107 -4.42398 -1.04677 13.3052 -4.41409 -1.02216 13.3 -4.40431 -0.997911 13.2823
-4.39113 -0.925199 13.2658 -4.37788 -0.852781 13.2541 -4.36275 -0.782975 13.2344 -4.32615
-0.705295 13.1772 -4.22899 -0.596728 13.2686 -4.32823 -0.608804 13.2362 -4.22906 -0.489872
13.2287 -4.18289 -0.428983 13.224 -4.12 -0.328259 13.1161 -3.91748 -0.146087 13.2792
-4.03016 -0.21836 13.2882 -3.99639 -0.17925 13.2994 -3.96277 -0.140869 13.2974 -3.88795
-0.0821492 13.1894 -3.70621 0.0577099 13.3552 -3.78891 -0.00368534 13.3768 -3.77323 0.0264585
13.4002 -3.75761 0.0561008 13.3514 -3.67056 0.126597 13.301 -3.57733 0.199511 13.3007
-3.5767 0.200516 13.3004 -3.57606 0.201522 13.3001 -3.57542 0.202527 13.3001 -3.57469
0.203391 13.3038 -3.57254 0.202039 13.2857 -3.53936 0.25791 13.2738 -3.50346 0.311892
13.3018 -3.44736 0.349817 13.3407 -3.38773 0.387455 13.4832 -3.22837 0.473419 13.4745
-3.27131 0.450458 13.5153 -3.22086 0.490634 13.5618 -3.1683 0.529648 13.6087 -3.11584
0.568129 13.8575 -2.94482 0.567155 13.7109 -3.00666 0.617327 13.7568 -2.96347 0.653274
13.7298 -2.93271 0.672194 13.701 -2.89943 0.692403 13.7292 -2.72574 0.816334 13.7804
-2.77573 0.73839 13.7679 -2.7412 0.758307 13.7428 -2.68824 0.798972 13.7205 -2.63115
0.835583 13.765 -2.51529 0.85792 13.724 -2.52973 0.884861 13.7109 -2.50098 0.895633
13.698 -2.47224 0.906272 13.6868 -2.449 0.921023 13.6758 -2.42596 0.936739 13.6639
-2.41325 0.946926 13.6522 -2.40044 0.957095 13.6407 -2.38752 0.967245 13.6295 -2.37449
0.977376 13.6997 -2.31476 0.96635 13.5802 -2.32398 0.998308 13.5644 -2.30011 1.01753
13.5494 -2.2759 1.0367 13.5313 -2.23267 1.04764 13.5752 -2.18283 1.08045 13.4883
-2.15455 1.0774 13.4297 -2.12133 1.07986 13.4238 -2.09816 1.09711 13.5621 -1.98919
1.07119 13.7295 -1.86211 1.03458 13.5541 -1.89557 1.08201 13.3806 -1.92722 1.12978
13.3333 -1.92631 1.16462 13.4085 -1.91442 1.19715 13.4852 -1.90188 1.22977 13.4099
-1.84282 1.23165 13.3393 -1.78467 1.23368 13.3253 -1.73953 1.24181 13.4322 -1.65243
1.21855 13.5775 -1.55317 1.18443 13.4399 -1.60298 1.26069 13.3823 -1.59338 1.29467
13.3729 -1.54835 1.30275 13.3781 -1.51361 1.31304 13.4793 -1.53647 1.32874 13.4314
-1.44766 1.33958 13.432 -1.4056 1.34735 13.43 -1.36127 1.35438 13.4282 -1.31704
1.36127 13.4912 -1.25218 1.33899 13.4596 -1.24473 1.37398 13.463 -1.20455 1.37899
13.4667 -1.16456 1.38388 13.4708 -1.12477 1.38865 13.4762 -1.07617 1.39441 13.4774
-1.0757 1.39483 13.4786 -1.07522 1.39525 13.4798 -1.07474 1.39567 13.481 -1.07426
1.39609 13.4856 -1.07333 1.39604 13.4864 -1.06265 1.39892 13.4855 -1.04682 1.40019
13.4945 -1.03374 1.40097 13.5179 -1.02456 1.40109 13.5409 -1.0155 1.4012 13.5452
-0.993502 1.4082 13.5494 -0.971476 1.41519 13.5532 -0.949417 1.42216 13.5568 -0.927324
1.42912 13.6795 -0.9102 1.39863 13.554 -0.865738 1.44551 13.5759 -0.836826 1.44992
13.5982 -0.808088 1.45396 13.621 -0.779531 1.45765 13.8273 -0.813366 1.39531 13.6303
-0.704991 1.46435 13.658 -0.681756 1.46436 13.686 -0.658752 1.46406 13.7142 -0.635985
1.46343 14.038 -0.6428 1.36458 13.7549 -0.563517 1.46214 13.7843 -0.54348 1.46021
13.8139 -0.523748 1.45801 13.8561 -0.505243 1.44265 14.1521 -0.601977 1.34418 13.9102
-0.490455 1.43885 13.8717 -0.445192 1.45621 13.9051 -0.43792 1.45257 14.0339 -0.439227
1.41595 14.4015 -0.453726 1.29419 14.4414 -0.428955 1.28355 14.5269 -0.412652 1.25732
14.6381 -0.401758 1.22218 15.1371 -0.528212 1.0978 15.8556 -0.795199 0.928562 15.2648
-0.537952 1.07292 14.9278 -0.38355 1.1461 15.0035 -0.408388 1.11137 15.4405 -0.573615
0.986739 16.1516 -0.849443 0.794924 15.5922 -0.609162 0.955865 15.4001 -0.535644 1.00163
15.4802 -0.585596 0.956607 15.6835 -0.641804 0.841163 16.2444 -0.806349 0.615942 15.7346
-0.585448 0.902689 15.7428 -0.571569 0.944366 15.9125 -0.562079 0.914415 16.1778 -0.570562
0.846498 17.0066 -0.916516 0.536987 17.1423 -0.947573 0.498261 17.31 -1.00857 0.446293
17.4756 -1.07161 0.395565 18.045 -0.75287 0.294213 18.8189 -0.222953 0.17479 18.5656
-0.481417 0.189307 18.5995 -0.464548 0.182192 18.6329 -0.44851 0.174821 18.6645 -0.432891
0.168099 18.851 -0.249491 0.161877 18.7243 -0.396572 0.157893 18.7484 -0.382181 0.15179
18.7722 -0.368443 0.145443 18.7953 -0.355256 0.139143 18.8737 -0.26623 0.144109 18.8308
-0.327627 0.134343 18.8499 -0.317352 0.127481 18.8688 -0.307499 0.120425 18.8876 -0.298048
0.113184 18.896 -0.283606 0.118285 18.8947 -0.285447 0.118015 18.8951 -0.28515 0.117984
18.8954 -0.284853 0.117953 18.8958 -0.284556 0.117922 18.8961 -0.284266 0.117891 18.8881
-0.292328 0.116651 18.8797 -0.300539 0.115547 18.871 -0.308902 0.114582 18.862 -0.31742
0.11376 18.7153 -0.434287 0.101828 16.3176 -0.655719 0.669496 16.3176 -0.65572 0.669496
16.3176 -0.655721 0.669496 16.3176 -0.655722 0.669495 16.3176 -0.655723 0.669495 16.3176
-0.655724 0.669495 16.3166 -0.656062 0.669386 16.3156 -0.656401 0.669277 16.3146 -0.65674
0.669168 16.3136 -0.657079 0.669059 16.3125 -0.657458 0.668962 16.24 -0.687646 0.664155
16.1675 -0.717893 0.659347 16.0951 -0.748205 0.65458 16.0196 -0.778519 0.643518 15.9427
-0.807862 0.626591 15.8527 -0.854159 0.60896 15.7575 -0.908198 0.600518 15.656 -0.968251
0.602348 15.5546 -1.02839 0.604297 15.4614 -1.09251 0.603652 15.339 -1.18386 0.610528
15.2059 -1.29523 0.636433 15.0732 -1.40649 0.662317 14.9454 -1.51364 0.682404 14.8174
-1.64425 0.721349 14.669 -1.7942 0.744088 14.4877 -1.96382 0.810784 14.3043 -2.13685
0.882905 14.1216 -2.31075 0.956136 13.9453 -2.50472 1.04759 13.7329 -2.70023 1.12942
13.5029 -2.87891 1.23618 13.2756 -3.06355 1.34506 13.0593 -3.27554 1.4584 12.8348
-3.48121 1.58469 12.6789 -3.60699 1.66633 12.5215 -3.71935 1.75237 12.3647 -3.83216
1.83915 12.2085 -3.94543 1.92666 12.1308 -4.00228 1.97079 12.0259 -4.08252 2.03029
11.9213 -4.16306 2.09011 11.8159 -4.23971 2.15069 11.7102 -4.31413 2.21185 11.6009
-4.3765 2.27332 11.4979 -4.43657 2.32818 11.4041 -4.48722 2.38309 11.3162 -4.53233
2.43591 11.2286 -4.57762 2.48884 11.1552 -4.61587 2.53343 10.9963 -4.71811 2.63241
10.8384 -4.82166 2.73188 10.6815 -4.9265 2.83183 10.5327 -5.01144 2.92134 10.3814
-5.07929 3.00557 10.1313 -5.20974 3.14878 9.88432 -5.34251 3.29266 9.67411 -5.45421
3.42234 9.50723 -5.53651 3.52738 9.31806 -5.63346 3.64777 9.24963 -5.65897 3.68883
9.18413 -5.68494 3.72969 9.13893 -5.71254 3.7693 9.09397 -5.74037 3.80887 9.05315
-5.76281 3.83564 8.94401 -5.80968 3.8695 8.83621 -5.85744 3.90301 8.76236 -5.90493
3.93508 8.68957 -5.95314 3.96684 8.62634 -5.99628 3.99458 8.60035 -6.014 4.00658
8.57446 -6.03182 4.01856 8.54868 -6.04973 4.03051 8.52962 -6.06413 4.03584 8.51508
-6.07629 4.0364 8.41887 -6.14165 4.06035 8.33849 -6.20476 4.0907 8.29651 -6.2697
4.08284 8.28906 -6.33115 4.06221 8.28349 -6.38618 4.04356 8.25791 -6.41533 4.04779
8.23255 -6.44468 4.05196 8.21255 -6.4723 4.05149 8.21653 -6.49111 4.02981 8.22072
-6.51045 4.00752 8.18962 -6.58745 3.96712 8.21501 -6.66313 3.91197 8.28711 -6.72572
3.81261 8.35863 -6.78813 3.71371 8.44382 -6.86285 3.59552 8.44511 -6.86517 3.59281
8.4464 -6.86748 3.5901 8.4477 -6.86979 3.58739 8.45127 -6.87173 3.58497 8.45573
-6.87351 3.58268 8.45865 -6.87655 3.5777 8.46158 -6.87958 3.57272 8.46642 -6.88197
3.56706 8.47676 -6.88266 3.56114 8.4868 -6.88338 3.55505 8.61146 -6.93128 3.39331
8.74922 -6.9758 3.2392 8.88603 -7.01853 3.08584 9.07201 -7.03858 2.90531 9.3043
-7.03665 2.74132 9.34186 -7.0426 2.70625 9.37923 -7.04848 2.67122 9.43314 -7.04486
2.62323 9.48976 -7.03943 2.57296 9.54706 -7.03376 2.52187 9.68444 -7.02787 2.37336
9.81951 -7.02073 2.22532 9.9605 -7.00919 2.0864 10.1696 -6.95888 1.92871 10.3703
-6.90816 1.79313 10.5098 -6.88576 1.67406 10.6468 -6.86265 1.55538 10.8263 -6.80792
1.41176 11.0023 -6.75228 1.26871 11.1961 -6.68876 1.10866 11.2545 -6.66806 1.05158
11.3127 -6.64779 0.998618 11.3704 -6.62737 0.945777 11.4441 -6.59597 0.889696 11.5178
-6.56359 0.834669 11.7313 -6.47829 0.648515 11.9656 -6.36454 0.460202 12.1939 -6.25209
0.264631 12.4155 -6.13839 0.0693362 12.6607 -5.99506 -0.105408 12.7609 -5.9242 -0.228063
12.869 -5.84923 -0.345872 12.9897 -5.76834 -0.456528 13.108 -5.6871 -0.567034 13.2453
-5.59041 -0.69784 13.3051 -5.54511 -0.762108 13.3642 -5.49968 -0.826311 13.4225 -5.45414
-0.890445 13.4896 -5.40203 -0.945886 13.5652 -5.34368 -0.991018 13.6984 -5.22543 -1.16238
13.8459 -5.09845 -1.32657 13.9944 -4.96837 -1.48838 14.1402 -4.84369 -1.62147 14.2782
-4.72592 -1.74872 14.4062 -4.60369 -1.88803 14.5292 -4.48424 -2.02213 14.6481 -4.37738
-2.13295 14.7695 -4.26818 -2.24852 14.8952 -4.16434 -2.36151 14.9426 -4.10955 -2.42873
15.0065 -4.05166 -2.49114 15.0709 -3.99345 -2.55316 15.1338 -3.93523 -2.61528 15.2058
-3.86747 -2.6868 15.2364 -3.83479 -2.72394 15.2667 -3.8021 -2.76107 15.2965 -3.76941
-2.7982 15.3259 -3.73669 -2.83528 15.3587 -3.69503 -2.85473 15.4382 -3.62303 -2.96134
15.5189 -3.54245 -3.0538 15.5977 -3.45991 -3.14968 15.6676 -3.37925 -3.23099 15.7209
-3.30308 -3.27948 15.7851 -3.24229 -3.35933 15.8361 -3.18835 -3.41317 15.8858 -3.13442
-3.46707 15.9317 -3.0798 -3.51811 15.967 -3.03277 -3.55872 15.98 -3.01676 -3.57366
15.9928 -3.00074 -3.58861 16.0055 -2.98472 -3.60357 16.0182 -2.9687 -3.61855 16.0275
-2.95703 -3.62738 16.0899 -2.89685 -3.69176 16.146 -2.83974 -3.74913 16.2005 -2.78262
-3.8067 16.2576 -2.72667 -3.86187 16.3165 -2.6602 -3.89061 16.3637 -2.63059 -3.96123
16.4082 -2.5945 -4.01206 16.4505 -2.55363 -4.05161 16.4917 -2.51277 -4.09135 16.5224
-2.48632 -4.11001 16.5808 -2.44564 -4.16738 16.6211 -2.41189 -4.19936 16.6638 -2.37807
-4.23709 16.7057 -2.34428 -4.27499 16.7479 -2.30951 -4.31331 16.7493 -2.30888 -4.315
16.7507 -2.30786 -4.316 16.7521 -2.30684 -4.317 16.7535 -2.30581 -4.318 16.7549
-2.30478 -4.31901 16.7876 -2.27984 -4.34784 16.8197 -2.25492 -4.37672 16.8514 -2.23003
-4.40565 16.8779 -2.20835 -4.42362 16.9013 -2.18871 -4.4371 16.9072 -2.18454 -4.44254
16.9116 -2.17942 -4.44775 16.9158 -2.17416 -4.45292 16.9198 -2.16899 -4.45779 16.9204
-2.16582 -4.45525 16.9625 -2.13303 -4.49344 17.0061 -2.10375 -4.52215 17.0493 -2.07451
-4.55109 17.088 -2.03966 -4.56711 17.1105 -1.98236 -4.53113 17.1543 -1.96089 -4.59668
17.1948 -1.928 -4.63221 17.232 -1.8868 -4.64597 17.2441 -1.84996 -4.6269 17.2434
-1.81494 -4.58859 17.2926 -1.76653 -4.64388 17.3326 -1.71802 -4.67883 17.3516 -1.67025
-4.66949 17.3583 -1.62741 -4.66137 17.3581 -1.56637 -4.61455 17.3722 -1.55463 -4.65209
17.3715 -1.5307 -4.64974 17.3699 -1.5061 -4.64538 17.3683 -1.48148 -4.64112 17.3707
-1.45302 -4.63541 17.3794 -1.43167 -4.63866 17.388 -1.41029 -4.64195 17.3965 -1.3889
-4.6453 17.4046 -1.3671 -4.64716 17.4046 -1.33868 -4.62216 17.4154 -1.3005 -4.65788
17.4208 -1.24702 -4.6631 17.4197 -1.20825 -4.67222 17.4034 -1.17151 -4.65352 17.3713
-1.13521 -4.60424 17.3805 -1.0847 -4.63654 17.3826 -1.038 -4.66006 17.3616 -1.0067
-4.64967 17.3302 -0.95874 -4.5963 17.2943 -0.902348 -4.52466 17.2775 -0.89241 -4.57571
17.251 -0.874726 -4.58215 17.2176 -0.851371 -4.55663 17.181 -0.822633 -4.52853 17.1287
-0.792573 -4.48087 17.1246 -0.782446 -4.48841 17.1059 -0.775046 -4.47704 17.0868 -0.767735
-4.46497 17.0694 -0.761443 -4.45391 17.0545 -0.756511 -4.44417 17.0367 -0.751948 -4.44015
17.0188 -0.74737 -4.43614 17.001 -0.742775 -4.43213 16.9823 -0.738178 -4.42712 16.9393
-0.733971 -4.39321 16.9226 -0.742745 -4.40908 16.8845 -0.748019 -4.39462 16.8447 -0.753044
-4.37775 16.8057 -0.759368 -4.36265 16.7469 -0.745157 -4.289 16.7204 -0.783815 -4.3328
16.6819 -0.799171 -4.32249 16.6434 -0.814568 -4.3118 16.6046 -0.829554 -4.29885 16.5449
-0.843203 -4.26396 16.5242 -0.870669 -4.27594 16.4872 -0.893077 -4.26898 16.4506 -0.915774
-4.26319 16.4141 -0.938631 -4.25727 16.3688 -0.952467 -4.22624 16.365 -0.965074 -4.23864
16.3568 -0.969967 -4.23576 16.3484 -0.974663 -4.23248 16.3401 -0.979367 -4.22919 16.3319
-0.984031 -4.22594 16.3093 -1.00826 -4.22832 16.2822 -1.0311 -4.22527 16.2532 -1.05341
-4.2198 16.2243 -1.07585 -4.21441 16.1941 -1.09675 -4.20906 16.1872 -1.10569 -4.21349
16.179 -1.11293 -4.21379 16.1708 -1.12018 -4.21408 16.1627 -1.12745 -4.21437 16.1551
-1.13419 -4.21463 16.128 -1.15854 -4.21345 16.1008 -1.18315 -4.21115 16.0738 -1.2079
-4.20878 16.0469 -1.23279 -4.20635 16.0135 -1.25231 -4.18673 15.987 -1.2912 -4.20362
15.9525 -1.32622 -4.20078 15.9191 -1.36053 -4.20533 15.8859 -1.39496 -4.21076 15.8328
-1.42531 -4.18604 15.8214 -1.46263 -4.21664 15.7862 -1.49874 -4.21774 15.7414 -1.53448
-4.20668 15.6971 -1.57012 -4.19561 15.6561 -1.60071 -4.18504 15.6558 -1.60188 -4.18637
15.655 -1.60252 -4.18626 15.6542 -1.60314 -4.18607 15.6534 -1.60376 -4.18588 15.6525
-1.60438 -4.18568 15.6234 -1.64104 -4.20032 15.5917 -1.68095 -4.21226 15.5593 -1.72204
-4.22321 15.5258 -1.76164 -4.22979 15.4718 -1.77294 -4.16819 15.4531 -1.82653 -4.22538
15.4314 -1.87815 -4.27284 15.3949 -1.91784 -4.27305 15.3323 -1.94223 -4.22933 15.2696
-1.96704 -4.18523 15.255 -2.01515 -4.21909 15.2344 -2.061 -4.24221 15.191 -2.09364
-4.22515 15.1459 -2.12129 -4.19736 15.0928 -2.13956 -4.134 15.0738 -2.17869 -4.16784
15.047 -2.2019 -4.15866 15.0196 -2.2239 -4.14598 14.9924 -2.246 -4.1333 14.966
-2.26759 -4.12096 14.9544 -2.2809 -4.12148 14.9426 -2.29483 -4.12104 14.9307 -2.3088
-4.1206 14.9188 -2.32241 -4.11845 14.9063 -2.33168 -4.09665 14.8723 -2.37857 -4.11725
14.8381 -2.41737 -4.115 14.7991 -2.45499 -4.09798 14.7604 -2.49281 -4.08082 14.7155
-2.52997 -4.0449 14.701 -2.55321 -4.04782 14.6811 -2.57403 -4.03455 14.6614 -2.59491
-4.02125 14.6418 -2.61585 -4.00793 14.6243 -2.63506 -3.99634 14.6075 -2.65582 -3.98829
14.5908 -2.67664 -3.98023 14.5741 -2.69752 -3.97215 14.5576 -2.71845 -3.96404 14.5357
-2.73163 -3.93264 14.5067 -2.78079 -3.93465 14.4728 -2.82589 -3.90972 14.4389 -2.87081
-3.88226 14.3997 -2.90948 -3.83659 14.3502 -2.92904 -3.79613 14.344 -2.95384 -3.79478
14.3369 -2.96863 -3.77771 14.3299 -2.98295 -3.75989 14.323 -2.99729 -3.7421 14.3161
-3.01202 -3.72386 14.298 -3.04498 -3.70697 14.279 -3.07782 -3.69035 14.2601 -3.11071
-3.67364 14.2416 -3.14326 -3.65558 14.2265 -3.16135 -3.59131 14.2047 -3.22363 -3.61682
14.1795 -3.27628 -3.59439 14.1487 -3.31656 -3.59872 14.1029 -3.34517 -3.558 14.0506
-3.36907 -3.49566 14.0536 -3.44136 -3.48698 14.0412 -3.48576 -3.43958 14.0247 -3.52827
-3.39553 14.0076 -3.57129 -3.35474 13.9896 -3.6115 -3.30736 13.9874 -3.61791 -3.30835
13.9846 -3.6212 -3.30513 13.9818 -3.62441 -3.30181 13.9789 -3.62762 -3.29848 13.9761
-3.63078 -3.2952 13.9381 -3.70683 -3.23295 13.9026 -3.78314 -3.17051 13.8816 -3.86059
-3.08873 13.8773 -3.93343 -2.989 13.8475 -3.92751 -2.80966 13.9123 -4.04265 -2.84631
13.9503 -4.14251 -2.85174 13.9077 -4.17855 -2.75109 13.8619 -4.18581 -2.60318 13.7918
-4.16109 -2.41847 13.8601 -4.2771 -2.47201 13.8254 -4.29465 -2.37569 13.8333 -4.32453
-2.31572 13.8436 -4.35471 -2.25658 13.8156 -4.35048 -2.13205 13.8477 -4.38416 -2.14128
13.8522 -4.39061 -2.11452 13.8571 -4.39711 -2.0879 13.8624 -4.40365 -2.06142 13.8674
-4.40941 -2.03504 13.8673 -4.40969 -2.03423 13.8671 -4.40986 -2.03336 13.8668 -4.40987
-2.03242 13.8664 -4.40988 -2.03149 13.8661 -4.4099 -2.03055 13.8594 -4.41806 -1.99144
13.8531 -4.4261 -1.95231 13.8472 -4.43402 -1.91316 13.8418 -4.44182 -1.87398 13.82
-4.41217 -1.80661 13.8364 -4.45417 -1.77346 13.8264 -4.45254 -1.70201 13.8176 -4.45038
-1.63042 13.8311 -4.46438 -1.57617 13.767 -4.39127 -1.42905 13.8406 -4.47055 -1.43901
13.8659 -4.48581 -1.41433 13.885 -4.49191 -1.38485 13.8724 -4.45887 -1.32558 13.8029
-4.35544 -1.2075 13.8477 -4.40327 -1.21147 13.8484 -4.4006 -1.18152 13.8385 -4.38532
-1.14327 13.8351 -4.36713 -1.10882 13.8322 -4.34925 -1.07515 13.8245 -4.3377 -1.029
13.8173 -4.3261 -0.983011 13.8106 -4.31447 -0.937182 13.7976 -4.29199 -0.885838 13.7567
-4.22527 -0.811692 13.8156 -4.28936 -0.78472 13.7921 -4.24823 -0.666191 13.7635 -4.21539
-0.535124 13.6877 -4.08061 -0.37522 13.5046 -3.78349 -0.138783 13.7783 -4.00372 -0.294796
13.8622 -4.04664 -0.314939 13.8586 -3.99482 -0.268578 13.8053 -3.87775 -0.172608 13.5694
-3.56558 0.0419782 13.877 -3.77748 -0.108091 13.9363 -3.78958 -0.107054 13.8766 -3.69952
-0.0345181 13.8209 -3.60939 0.0367404 13.7638 -3.44535 0.0908647 13.7613 -3.47523 0.127228
13.7454 -3.45533 0.147055 13.7297 -3.43534 0.166786 13.7143 -3.41531 0.186437 13.6994
-3.39538 0.205871 13.6902 -3.36978 0.242257 13.6823 -3.34379 0.278428 13.6756 -3.31741
0.314378 13.6777 -3.28332 0.339892 13.7585 -3.13669 0.429747 13.6927 -3.22082 0.400968
13.68 -3.20879 0.436077 13.718 -3.16067 0.475727 13.8655 -3.04829 0.493896 14.1579
-2.85051 0.482817 13.9796 -2.92891 0.533844 13.9082 -2.94923 0.577577 13.9111 -2.91376
0.603473 13.9128 -2.79998 0.683474 13.9397 -2.62673 0.806476 13.9894 -2.67771 0.727244
14.0097 -2.69182 0.691337 13.982 -2.64119 0.73002 13.9864 -2.55808 0.755793 14.0847
-2.39992 0.771437 13.9887 -2.44288 0.829761 13.9589 -2.38359 0.85074 13.9335 -2.33725
0.881093 13.9095 -2.29154 0.911669 13.8782 -2.23443 0.957345 13.8907 -2.23275 0.948615
13.8874 -2.22678 0.95458 13.8842 -2.2208 0.960537 13.8811 -2.21481 0.966487 13.8779
-2.20867 0.972552 13.8649 -2.1902 0.987131 13.8524 -2.17152 1.00168 13.8294 -2.1372
1.00639 13.8066 -2.1025 1.01076 13.8229 -2.06474 1.02927 13.7509 -2.03535 1.02793
13.7276 -1.99746 1.03614 13.709 -1.9636 1.04611 13.7414 -1.92606 1.05363 13.9077
-1.80045 1.01661 13.7313 -1.83529 1.06364 13.6331 -1.845 1.09627 13.6081 -1.79907
1.10123 13.6614 -1.7818 1.12663 13.7368 -1.77187 1.15765 13.6604 -1.71542 1.15801
13.6253 -1.6676 1.16206 13.621 -1.62815 1.17011 13.6513 -1.56976 1.16476 13.7964
-1.47201 1.1293 13.6585 -1.52337 1.20426 13.6311 -1.49302 1.22011 13.6187 -1.45249
1.22824 13.6261 -1.41262 1.23253 13.7108 -1.42953 1.24614 13.6705 -1.35023 1.25278
13.6783 -1.31011 1.25423 13.6743 -1.26929 1.26049 13.671 -1.22839 1.26639 13.714
-1.17284 1.25145 13.6916 -1.16892 1.27532 13.6939 -1.14198 1.27792 13.6964 -1.11504
1.28037 13.6992 -1.0881 1.28265 13.7019 -1.06364 1.28458 13.699 -1.05113 1.28809
13.6961 -1.03859 1.29158 13.6964 -1.02639 1.29229 13.697 -1.01422 1.29267 13.7084
-1.00418 1.28237 13.6923 -0.96764 1.29296 13.6908 -0.934896 1.30247 13.6899 -0.901999
1.3117 13.6894 -0.86896 1.32064 13.777 -0.876617 1.30101 13.7065 -0.811398 1.31603
13.7371 -0.794237 1.31691 13.7677 -0.777052 1.31761 13.7976 -0.759534 1.31803 13.8308
-0.740551 1.29723 13.8118 -0.703351 1.30338 13.8384 -0.686775 1.30005 13.871 -0.67397
1.29731 13.9037 -0.661256 1.29443 13.9443 -0.652586 1.28976 13.9433 -0.645058 1.28978
13.9521 -0.643013 1.28915 13.9609 -0.640972 1.28851 13.9696 -0.638938 1.28786 13.979
-0.636767 1.28716 13.9986 -0.624617 1.28616 14.0183 -0.612599 1.28503 14.0288 -0.594073
1.28204 14.0313 -0.569775 1.2773 14.0788 -0.566314 1.2582 14.0449 -0.527523 1.27353
14.0537 -0.502847 1.27246 14.0823 -0.497611 1.26951 14.1175 -0.498911 1.26596 14.263
-0.505898 1.22312 14.3032 -0.483377 1.21295 14.4034 -0.466952 1.18345 14.6504 -0.440506
1.11244 15.1525 -0.573547 0.987321 15.8677 -0.843162 0.818782 15.274 -0.588463 0.963797
14.8561 -0.396274 1.05782 14.8675 -0.400764 1.04223 15.4712 -0.635 0.883073 16.1793
-0.913366 0.692188 15.6172 -0.675546 0.853985 15.1407 -0.471661 0.987986 15.2229 -0.523553
0.94324 15.6928 -0.656678 0.745319 16.2519 -0.824333 0.520377 15.7405 -0.606449 0.807395
15.4483 -0.469092 0.990666 15.6147 -0.448934 0.962179 16.1993 -0.645246 0.756989 17.0263
-0.992966 0.44841 17.1446 -1.01563 0.417282 17.3092 -1.07963 0.366971 17.4717 -1.14552
0.317949 17.9862 -0.87865 0.224992 18.881 -0.215524 0.103472 18.4284 -0.664111 0.135743
18.4708 -0.638031 0.130852 18.5121 -0.613272 0.125584 18.5502 -0.589025 0.121746 18.9097
-0.240358 0.10561 18.6427 -0.53694 0.105527 18.6722 -0.515911 0.101438 18.7011 -0.49586
0.0970026 18.728 -0.476436 0.0934938 18.9297 -0.255834 0.0989926 18.7839 -0.435741 0.0857093
18.8066 -0.420687 0.0805671 18.8289 -0.406273 0.0751518 18.85 -0.39223 0.0704515 18.9503
-0.271685 0.0819642 18.8911 -0.358286 0.0703352 18.902 -0.347451 0.0708273 18.9127 -0.337035
0.0711095 18.9107 -0.335796 0.0716896 18.7253 -0.447735 0.0837433 16.2771 -0.689523 0.890063
16.2771 -0.689524 0.890062 16.2771 -0.689525 0.890062 16.2771 -0.689526 0.890062 16.2771
-0.689527 0.890061 16.2771 -0.689528 0.890061 16.2758 -0.68996 0.889939 16.2745 -0.690391
0.889816 16.2732 -0.690822 0.889694 16.2719 -0.691254 0.889571 16.2706 -0.691707 0.889467
16.2 -0.721464 0.884811 16.1294 -0.751281 0.880178 16.0466 -0.786572 0.885566 15.9553
-0.825668 0.897906 15.8649 -0.864295 0.911165 15.7578 -0.92893 0.931384 15.6465 -0.99995
0.959819 15.5365 -1.06992 0.98587 15.4374 -1.12933 0.987867 15.3299 -1.204 1.01271
15.2056 -1.30659 1.03608 15.0687 -1.4237 1.07352 14.9133 -1.55924 1.14329 14.7584
-1.69494 1.21371 14.6008 -1.86365 1.29972 14.4251 -2.04037 1.36897 14.2257 -2.22548
1.46077 14.0166 -2.41446 1.56296 13.8097 -2.61651 1.67541 13.5932 -2.82774 1.80204
13.3668 -3.06072 1.90885 13.1264 -3.28064 2.03527 12.8823 -3.48712 2.16136 12.6374
-3.68707 2.28817 12.3848 -3.89838 2.42773 12.3032 -3.95749 2.46847 12.2229 -4.00066
2.50782 12.1428 -4.04389 2.54733 12.0629 -4.0872 2.58702 11.9984 -4.12227 2.61925
11.8169 -4.26797 2.71464 11.6374 -4.41552 2.81095 11.4596 -4.56443 2.9082 11.2893
-4.69984 3.00135 11.1147 -4.82748 3.09619 11.1009 -4.83471 3.10225 11.0888 -4.84128
3.10857 11.0786 -4.84714 3.11515 11.0683 -4.85301 3.12173 11.0583 -4.85876 3.1282
10.8187 -5.00717 3.25027 10.5824 -5.15852 3.37342 10.3494 -5.31283 3.4976 10.157
-5.43944 3.58606 9.98339 -5.56365 3.68362 9.74127 -5.68838 3.78856 9.52163 -5.80866
3.89227 9.37914 -5.9011 3.94777 9.24046 -5.99516 4.00366 9.13978 -6.0666 4.04568
9.1166 -6.08273 4.0504 9.09348 -6.0989 4.05513 9.07043 -6.11512 4.05985 9.0598
-6.12692 4.06564 9.04909 -6.13893 4.07155 9.00632 -6.1647 4.08607 8.97352 -6.18688
4.09772 8.95286 -6.20459 4.10583 8.93236 -6.22239 4.11393 8.91276 -6.23963 4.12173
8.8254 -6.31927 4.1438 8.74027 -6.40043 4.16571 8.66535 -6.49269 4.15996 8.64263
-6.56855 4.1437 8.66046 -6.63623 4.11883 8.63492 -6.6628 4.11187 8.60966 -6.68952
4.10487 8.61711 -6.7127 4.10137 8.63123 -6.73518 4.09857 8.6449 -6.75687 4.09586
8.61962 -6.82836 4.06249 8.59883 -6.89793 3.98565 8.60333 -6.9622 3.90628 8.70492
-7.00454 3.84576 8.80783 -7.047 3.78423 8.80904 -7.08094 3.7472 8.83441 -7.11035
3.70887 8.88443 -7.1348 3.66746 8.93773 -7.15687 3.6108 8.9975 -7.18167 3.5467
9.00869 -7.18862 3.53032 9.01987 -7.19555 3.51396 9.03103 -7.20248 3.4976 9.04981
-7.20711 3.48191 9.07264 -7.21048 3.46662 9.12759 -7.23652 3.40941 9.19457 -7.25677
3.34593 9.26152 -7.27641 3.28215 9.35718 -7.28272 3.20368 9.46177 -7.28241 3.12128
9.56944 -7.31363 2.98637 9.6745 -7.3442 2.85166 9.87115 -7.33564 2.71624 10.0854
-7.31634 2.58036 10.3033 -7.29479 2.43898 10.3328 -7.29417 2.41256 10.3621 -7.2935
2.38615 10.3926 -7.29203 2.3592 10.4394 -7.28097 2.32524 10.4852 -7.26998 2.29182
10.6671 -7.25368 2.10147 10.8429 -7.2361 1.91156 11.0941 -7.17489 1.72963 11.4068
-7.07781 1.5731 11.6773 -6.98933 1.42365 11.7293 -6.98021 1.34522 11.7864 -6.96799
1.26924 11.8827 -6.93505 1.20962 11.978 -6.90197 1.15002 12.0744 -6.86661 1.08133
12.2003 -6.81646 0.953285 12.3235 -6.76582 0.825556 12.4442 -6.71474 0.698159 12.6219
-6.62931 0.606938 12.8015 -6.53983 0.528388 12.9727 -6.46225 0.32006 13.1866 -6.358
0.134919 13.3978 -6.23698 -0.0391233 13.6062 -6.1105 -0.211547 13.8244 -5.97454 -0.370805
13.8933 -5.93133 -0.443714 13.9642 -5.88448 -0.511747 14.037 -5.83386 -0.574738 14.1088
-5.78322 -0.637765 14.1878 -5.72677 -0.708035 14.2875 -5.65286 -0.812426 14.385 -5.57885
-0.916744 14.481 -5.5037 -1.02122 14.5803 -5.42084 -1.1165 14.6786 -5.33665 -1.19581
14.8244 -5.2114 -1.36485 14.9688 -5.08226 -1.51931 15.1082 -4.95376 -1.66768 15.2598
-4.80464 -1.78499 15.4086 -4.65184 -1.88744 15.5087 -4.55146 -2.04584 15.6089 -4.45023
-2.18797 15.7169 -4.34019 -2.29725 15.8199 -4.23069 -2.40691 15.9185 -4.13072 -2.50068
15.9706 -4.07321 -2.5695 16.0202 -4.02297 -2.61968 16.0686 -3.973 -2.66941 16.1166
-3.92296 -2.71973 16.174 -3.86418 -2.78073 16.21 -3.82269 -2.82796 16.2453 -3.78124
-2.87521 16.2799 -3.73983 -2.92248 16.3139 -3.69848 -2.96978 16.3399 -3.66031 -2.99715
16.4191 -3.57611 -3.10546 16.4917 -3.49556 -3.19806 16.5605 -3.41641 -3.28532 16.6224
-3.33773 -3.36394 16.6751 -3.2485 -3.41275 16.7089 -3.21729 -3.47631 16.7368 -3.1774
-3.51207 16.764 -3.13756 -3.54788 16.7927 -3.09839 -3.58477 16.8187 -3.06408 -3.61808
16.8456 -3.03386 -3.65241 16.872 -3.00368 -3.68682 16.898 -2.97354 -3.72129 16.9237
-2.94344 -3.75583 16.9468 -2.90491 -3.77199 17.0028 -2.85562 -3.85555 17.0557 -2.80075
-3.91993 17.101 -2.74196 -3.98424 17.1382 -2.68768 -4.03429 17.1623 -2.64438 -4.05322
17.2241 -2.59408 -4.14004 17.2699 -2.54723 -4.20201 17.3035 -2.50373 -4.24419 17.339
-2.46057 -4.28633 17.3708 -2.40869 -4.29685 17.4145 -2.39219 -4.37024 17.4499 -2.35766
-4.40953 17.4844 -2.32326 -4.449 17.5176 -2.28862 -4.48801 17.5443 -2.25653 -4.51261
17.5651 -2.24212 -4.53704 17.5792 -2.22802 -4.54977 17.5942 -2.21521 -4.56389 17.609
-2.20242 -4.57803 17.6248 -2.18872 -4.59326 17.6335 -2.18138 -4.6036 17.6421 -2.17406
-4.61395 17.6507 -2.16674 -4.62431 17.6571 -2.15943 -4.63114 17.662 -2.15225 -4.63569
17.6733 -2.14364 -4.64778 17.6846 -2.13505 -4.6599 17.6958 -2.12646 -4.67204 17.7067
-2.11764 -4.68335 17.7105 -2.103 -4.6749 17.7505 -2.07521 -4.71938 17.7869 -2.04206
-4.74317 17.8227 -2.00894 -4.76705 17.8585 -1.97672 -4.79301 17.8645 -1.94855 -4.77362
17.9183 -1.90457 -4.8416 17.9533 -1.86459 -4.86324 17.9864 -1.82316 -4.88232 18.0094
-1.77604 -4.88257 18.0121 -1.71846 -4.84244 18.0491 -1.68876 -4.9105 18.0715 -1.65385
-4.94421 18.0826 -1.60895 -4.94145 18.0935 -1.56402 -4.93898 18.0835 -1.52132 -4.90931
18.0968 -1.50202 -4.93554 18.0991 -1.48119 -4.93545 18.1006 -1.46024 -4.9335 18.1021
-1.43928 -4.9316 18.1034 -1.41867 -4.92978 18.1128 -1.38952 -4.94132 18.1185 -1.36434
-4.95419 18.1214 -1.34206 -4.96804 18.123 -1.31963 -4.97906 18.108 -1.29528 -4.95308
18.1315 -1.25126 -5.00778 18.1326 -1.21138 -5.03185 18.1334 -1.16516 -5.05133 18.1196
-1.09392 -5.01542 18.0989 -1.01489 -4.95819 18.0977 -0.994658 -5.01848 18.0935 -0.979358
-5.08036 18.0707 -0.943302 -5.07945 18.022 -0.899032 -5.03067 17.9722 -0.854741 -4.98061
17.9713 -0.814196 -5.02388 17.9308 -0.767979 -5.00746 17.8919 -0.735113 -4.98835 17.8531
-0.70237 -4.96951 17.8137 -0.668832 -4.94973 17.8134 -0.66895 -4.95048 17.8129 -0.668747
-4.95031 17.8123 -0.668513 -4.95005 17.8118 -0.668279 -4.94979 17.8112 -0.668046 -4.94953
17.7782 -0.652575 -4.94869 17.745 -0.637044 -4.94789 17.7116 -0.621455 -4.94714 17.6695
-0.598964 -4.93582 17.6094 -0.558991 -4.85071 17.5831 -0.575697 -4.8929 17.5497 -0.592277
-4.92102 17.5061 -0.5935 -4.90775 17.4449 -0.59725 -4.8721 17.3719 -0.602687 -4.82151
17.3524 -0.614464 -4.84498 17.321 -0.626535 -4.85138 17.2775 -0.639033 -4.83952 17.2263
-0.644807 -4.8081 17.16 -0.637021 -4.73773 17.1459 -0.665383 -4.76976 17.1197 -0.675759
-4.76148 17.0926 -0.684568 -4.74962 17.0655 -0.693417 -4.73776 17.0391 -0.702087 -4.7262
17.0256 -0.7117 -4.72577 17.012 -0.721462 -4.72527 16.9961 -0.73323 -4.72382 16.9795
-0.743771 -4.71985 16.9558 -0.740962 -4.6892 16.9327 -0.787312 -4.72509 16.901 -0.815482
-4.72595 16.8608 -0.842332 -4.71737 16.8208 -0.869352 -4.70865 16.7518 -0.894201 -4.66953
16.7382 -0.932847 -4.69361 16.6992 -0.96388 -4.68446 16.6609 -0.995114 -4.67957 16.6231
-1.02655 -4.67727 16.5714 -1.04398 -4.63447 16.5447 -1.09601 -4.66735 16.5073 -1.13024
-4.66496 16.47 -1.16468 -4.66238 16.4329 -1.19931 -4.6596 16.3873 -1.23249 -4.6441
16.3861 -1.2395 -4.64818 16.3795 -1.24562 -4.64616 16.3726 -1.25095 -4.64371 16.3657
-1.25629 -4.64126 16.3589 -1.26162 -4.63881 16.3412 -1.28427 -4.6431 16.3179 -1.30623
-4.64123 16.2942 -1.32822 -4.63886 16.2706 -1.3503 -4.63645 16.2512 -1.36859 -4.63441
16.2418 -1.37771 -4.63355 16.2323 -1.38684 -4.63267 16.2228 -1.39598 -4.63179 16.2134
-1.40514 -4.63091 16.2016 -1.41219 -4.62384 16.1657 -1.45089 -4.62468 16.1273 -1.4882
-4.61811 16.0891 -1.5257 -4.61173 16.0516 -1.56191 -4.61347 15.9984 -1.59477 -4.59054
15.9772 -1.63259 -4.60954 15.9388 -1.66962 -4.60507 15.9007 -1.70687 -4.6005 15.8629
-1.74458 -4.59443 15.8026 -1.76429 -4.52735 15.7888 -1.80228 -4.56264 15.7607 -1.8255
-4.55528 15.7291 -1.84872 -4.53941 15.6977 -1.87203 -4.52351 15.6672 -1.89481 -4.50801
15.6541 -1.90975 -4.50835 15.6411 -1.92473 -4.50866 15.628 -1.93974 -4.50895 15.6144
-1.95355 -4.50629 15.5962 -1.95824 -4.48157 15.5654 -2.00835 -4.50986 15.5279 -2.05072
-4.50495 15.4909 -2.09309 -4.50037 15.4427 -2.12672 -4.47567 15.3799 -2.15577 -4.42334
15.3579 -2.20598 -4.44463 15.3359 -2.25645 -4.46563 15.2984 -2.29393 -4.44577 15.2494
-2.31658 -4.37354 15.2009 -2.33944 -4.301 15.1646 -2.39787 -4.33313 15.1254 -2.44013
-4.31769 15.0856 -2.47708 -4.28633 15.0457 -2.51537 -4.25249 15.0021 -2.55413 -4.20667
14.9993 -2.56112 -4.20694 14.9942 -2.56701 -4.20097 14.9889 -2.5728 -4.19435 14.9835
-2.57859 -4.18773 14.9782 -2.58442 -4.18107 14.9493 -2.62279 -4.16699 14.9215 -2.66009
-4.15644 14.8923 -2.6973 -4.13911 14.8614 -2.73434 -4.11312 14.8286 -2.77132 -4.07793
14.8215 -2.78374 -4.07531 14.813 -2.79472 -4.06578 14.8045 -2.80571 -4.05626 14.796
-2.81671 -4.04674 14.788 -2.82723 -4.03765 14.7612 -2.86143 -4.01104 14.7348 -2.89575
-3.98446 14.7099 -2.93262 -3.96087 14.6859 -2.97073 -3.93865 14.6586 -2.99332 -3.88393
14.6323 -3.0531 -3.88622 14.6009 -3.10406 -3.84923 14.5702 -3.1552 -3.81235 14.5329
-3.19092 -3.76047 14.488 -3.20999 -3.69191 14.4757 -3.27615 -3.67698 14.4652 -3.31519
-3.63095 14.4503 -3.35353 -3.58388 14.4269 -3.39132 -3.53571 14.4021 -3.43259 -3.48339
14.3998 -3.43805 -3.47954 14.3974 -3.44352 -3.47569 14.395 -3.44898 -3.47184 14.3927
-3.45444 -3.46799 14.391 -3.45719 -3.45916 14.3695 -3.50936 -3.42687 14.3467 -3.5562
-3.39756 14.3236 -3.59877 -3.38741 14.2988 -3.63965 -3.37382 14.2428 -3.65354 -3.30679
14.2518 -3.69778 -3.29625 14.2482 -3.71966 -3.26574 14.2446 -3.74104 -3.23482 14.2414
-3.76239 -3.20392 14.2375 -3.78205 -3.17588 14.2348 -3.79785 -3.15757 14.2322 -3.81366
-3.13926 14.2297 -3.82947 -3.12094 14.2263 -3.84461 -3.1019 14.2055 -3.84811 -3.07023
14.2074 -3.92692 -3.02987 14.1712 -3.98866 -2.95306 14.1672 -4.04901 -2.87368 14.1289
-4.08146 -2.74555 14.0629 -4.04654 -2.54643 14.1667 -4.14679 -2.58843 14.271 -4.24705
-2.62998 14.2647 -4.27358 -2.54764 14.1779 -4.22557 -2.35675 14.0941 -4.17631 -2.16455
14.1954 -4.28294 -2.22553 14.2401 -4.33223 -2.21289 14.2373 -4.33467 -2.13721 14.2364
-4.33687 -2.06184 14.1832 -4.30592 -1.93866 14.224 -4.32478 -1.95172 14.2314 -4.32639
-1.94076 14.2322 -4.32459 -1.92509 14.2331 -4.32277 -1.90943 14.2341 -4.32095 -1.89385
14.2362 -4.32979 -1.84965 14.2391 -4.33855 -1.80561 14.2368 -4.3427 -1.75635 14.2145
-4.33125 -1.68858 14.1511 -4.28319 -1.56337 14.2074 -4.32172 -1.60031 14.2034 -4.3171
-1.56574 14.1908 -4.30281 -1.51244 14.1787 -4.28777 -1.45814 14.1669 -4.27131 -1.39925
14.1679 -4.2699 -1.38976 14.1689 -4.26847 -1.38027 14.17 -4.26703 -1.37078 14.1711
-4.26557 -1.3613 14.1659 -4.25618 -1.3462 14.1822 -4.24941 -1.30696 14.1951 -4.23714
-1.26269 14.2159 -4.23911 -1.2144 14.2376 -4.24067 -1.16627 14.2198 -4.19482 -1.09997
14.2547 -4.22608 -1.08825 14.2614 -4.21067 -1.07473 14.2637 -4.18772 -1.06097 14.2661
-4.16474 -1.04726 14.2687 -4.14155 -1.0335 14.257 -4.11016 -0.956662 14.2259 -4.085
-0.863197 14.2146 -4.05664 -0.772298 14.186 -4.00025 -0.666531 13.9944 -3.76299 -0.44009
14.1894 -3.95286 -0.52317 14.2687 -4.00697 -0.514978 14.2564 -3.98289 -0.431531 14.0644
-3.73095 -0.251044 13.8248 -3.41873 -0.0381602 14.1285 -3.63069 -0.189916 14.3488 -3.77324
-0.293468 14.3524 -3.75344 -0.261605 14.3109 -3.58007 -0.234348 14.2391 -3.33701 -0.201224
14.222 -3.44619 -0.0770045 14.1628 -3.39093 -0.00545476 14.104 -3.32342 0.0614723 14.0576
-3.24685 0.115505 13.9787 -3.13686 0.185873 14.0133 -3.15215 0.172396 14.0083 -3.14357
0.177757 14.0033 -3.13498 0.183103 13.9983 -3.12638 0.188434 13.9934 -3.11774 0.193775
13.9874 -3.08317 0.223859 13.9783 -3.06038 0.261513 13.9692 -3.04124 0.301612 13.9617
-3.0215 0.341444 14.1866 -2.86527 0.336458 14.0022 -2.94579 0.38792 13.9618 -2.94789
0.429201 13.9607 -2.92878 0.467519 13.9548 -2.80769 0.573158 13.9627 -2.63729 0.707105
14.0095 -2.68984 0.627316 14.054 -2.74347 0.547411 14.0649 -2.70768 0.564648 14.193
-2.54679 0.551983 14.3057 -2.38899 0.549508 14.192 -2.45334 0.612546 14.0982 -2.48746
0.666155 14.066 -2.44135 0.694761 14.0158 -2.3715 0.762735 13.9412 -2.26512 0.879707
14.0434 -2.26779 0.79729 14.0241 -2.23928 0.825837 13.9956 -2.19947 0.850898 13.9617
-2.15025 0.869829 13.9564 -2.06776 0.881383 13.9336 -2.07382 0.907946 13.915 -2.04993
0.916356 13.8966 -2.026 0.924662 13.8786 -2.00204 0.932862 13.8601 -1.97697 0.941317
13.8553 -1.9674 0.947911 13.8539 -1.96112 0.956069 13.8527 -1.95477 0.964218 13.8516
-1.94834 0.972358 13.8977 -1.91073 0.964865 13.8365 -1.91783 0.99297 13.8402 -1.90271
1.00805 13.8122 -1.85902 1.013 13.7848 -1.81534 1.01771 13.8457 -1.80401 1.04554
13.766 -1.75033 1.04581 13.7424 -1.70846 1.05125 13.7295 -1.66868 1.05742 13.7771
-1.61096 1.04981 13.9197 -1.51534 1.01382 13.7794 -1.56881 1.08828 13.7459 -1.54584
1.10683 13.749 -1.50892 1.11159 13.7527 -1.47197 1.11604 13.8425 -1.49847 1.13099
13.7923 -1.41756 1.13896 13.8029 -1.38086 1.1382 13.8055 -1.34375 1.14061 13.7984
-1.30602 1.14708 13.858 -1.24695 1.12353 13.8223 -1.24327 1.15891 13.8225 -1.20583
1.16345 13.8239 -1.16842 1.16715 13.8348 -1.13201 1.16248 13.848 -1.09778 1.15747
13.8476 -1.09468 1.15735 13.8481 -1.09303 1.15694 13.8487 -1.09139 1.15654 13.8492
-1.08974 1.15613 13.8497 -1.0881 1.15572 13.8497 -1.06052 1.15459 13.8486 -1.03287
1.15753 13.8457 -1.00499 1.16641 13.8433 -0.976963 1.17506 13.8958 -0.974274 1.16585
13.8311 -0.916098 1.18028 13.834 -0.889861 1.18516 13.8372 -0.863573 1.18979 13.8405
-0.837269 1.19165 13.9086 -0.834323 1.14863 13.8254 -0.777571 1.17721 13.8361 -0.758045
1.17807 13.8563 -0.742741 1.17809 13.8874 -0.732735 1.17573 14.0426 -0.783216 1.1479
13.9249 -0.694743 1.15639 13.9579 -0.689745 1.15429 13.9909 -0.684824 1.15211 14.0114
-0.670961 1.14749 14.0911 -0.694411 1.12058 14.0352 -0.67124 1.11682 14.0535 -0.658323
1.11708 14.093 -0.666277 1.11549 14.1325 -0.674346 1.11397 14.2383 -0.692548 1.11792
14.2499 -0.677554 1.11921 14.42 -0.660896 1.07724 14.6669 -0.638147 1.00863 15.0597
-0.708277 0.908625 15.7727 -0.97896 0.742185 15.1769 -0.725218 0.889259 14.9506 -0.602164
0.929258 14.9636 -0.611603 0.915351 15.3941 -0.790213 0.820913 16.0992 -1.06886 0.632517
15.535 -0.831529 0.796536 15.1248 -0.66034 0.911621 15.1626 -0.690754 0.889967 15.6379
-0.817954 0.702048 16.1851 -0.978247 0.478738 15.6674 -0.757398 0.767449 15.2487 -0.568188
1.01217 15.4154 -0.513523 0.987589 16.1277 -0.783999 0.728736 16.9533 -1.13117 0.422029
17.0647 -1.14915 0.396151 17.2279 -1.21258 0.348842 17.3952 -1.27199 0.301998 18.0173
-0.901469 0.197912 18.9426 -0.205201 0.0756367 18.4397 -0.701953 0.112219 18.484 -0.673982
0.107726 18.5271 -0.647431 0.102831 18.5641 -0.620552 0.101617 18.9692 -0.228533 0.0826839
18.6648 -0.565205 0.0834636 18.6956 -0.542846 0.0797292 18.7257 -0.521528 0.0756295 18.7514
-0.50039 0.0745526 18.9877 -0.242995 0.0800158 18.8125 -0.456898 0.0655482 18.8361 -0.440907
0.0607039 18.8592 -0.425596 0.0555714 18.879 -0.410167 0.0533323 19.0071 -0.257729 0.0665512
18.9273 -0.372886 0.0514955 18.9388 -0.361458 0.0522229 18.95 -0.35047 0.0527295 18.9097
-0.375536 0.055053 18.7438 -0.460361 0.0709691 16.2758 -0.714821 1.12511 16.2758 -0.714822
1.12511 16.2758 -0.714823 1.12511 16.2758 -0.714824 1.12511 16.2758 -0.714825 1.12511
16.2758 -0.714826 1.12511 16.2746 -0.715227 1.12527 16.2735 -0.715629 1.12544 16.2724
-0.71603 1.1256 16.2712 -0.716431 1.12576 16.27 -0.716882 1.126 16.1865 -0.754871
1.15703 16.1017 -0.793111 1.18472 16.0113 -0.832025 1.19871 15.921 -0.871017 1.2128
15.8304 -0.910663 1.22928 15.7209 -0.977511 1.26072 15.6098 -1.04909 1.29319 15.4957
-1.12386 1.33526 15.3727 -1.20788 1.40497 15.2519 -1.30496 1.47548 15.1016 -1.43346
1.55926 14.9345 -1.58449 1.66591 14.7721 -1.73119 1.76422 14.6209 -1.86594 1.83812
14.4423 -2.05575 1.96816 14.2455 -2.26501 2.08363 14.0368 -2.4678 2.20381 13.8107
-2.67919 2.344 13.5928 -2.8984 2.48415 13.3719 -3.13323 2.631 13.1078 -3.37982
2.77322 12.8447 -3.56944 2.90132 12.595 -3.78291 3.03596 12.3561 -4.01306 3.17568
12.1013 -4.25914 3.32844 12.089 -4.26932 3.3347 12.0776 -4.27731 3.33992 12.0663
-4.28511 3.34504 12.0551 -4.29292 3.35017 12.0441 -4.30055 3.35519 11.8236 -4.46499
3.4602 11.6063 -4.63064 3.56677 11.4015 -4.79115 3.67409 11.2232 -4.93708 3.78096
11.1167 -5.02523 3.83963 11.0705 -5.06709 3.85838 11.0244 -5.10903 3.87719 10.9786
-5.15107 3.89607 10.9412 -5.18658 3.91387 10.9095 -5.21784 3.9313 10.6487 -5.40307
4.02369 10.4176 -5.56559 4.10645 10.193 -5.73235 4.20613 10.0468 -5.84418 4.26447
9.901 -5.9719 4.32895 9.77921 -6.06431 4.37413 9.67493 -6.1491 4.40835 9.60555
-6.21582 4.41792 9.5412 -6.28123 4.42507 9.49029 -6.33588 4.42948 9.47836 -6.34666
4.43283 9.46647 -6.35746 4.43618 9.45982 -6.36441 4.43801 9.45349 -6.37115 4.43975
9.44724 -6.37783 4.44148 9.4122 -6.42265 4.44916 9.3777 -6.46769 4.45692 9.34615
-6.51666 4.46072 9.33981 -6.55424 4.45474 9.34907 -6.58177 4.44498 9.24476 -6.70531
4.40629 9.16981 -6.8221 4.37312 9.18755 -6.90972 4.35078 9.25409 -6.98545 4.27675
9.32023 -7.06135 4.2023 9.31988 -7.06282 4.20089 9.31954 -7.06429 4.19949 9.31951
-7.0656 4.19817 9.32125 -7.0661 4.19732 9.32299 -7.0666 4.19647 9.3345 -7.14018
4.1175 9.36687 -7.20659 4.03901 9.47386 -7.24552 3.96261 9.58493 -7.28453 3.8679
9.72516 -7.33308 3.73457 9.73835 -7.34119 3.71647 9.75149 -7.34928 3.69837 9.7646
-7.35737 3.68025 9.78404 -7.36244 3.66305 9.81353 -7.36264 3.64742 9.83668 -7.3848
3.59704 9.87358 -7.40126 3.55128 9.9281 -7.41037 3.51146 10.0038 -7.41056 3.47878
10.0788 -7.4106 3.44599 10.1797 -7.43036 3.34205 10.2782 -7.44974 3.23775 10.3871
-7.46226 3.13409 10.5861 -7.42732 3.03644 10.7703 -7.39306 2.94378 10.8611 -7.41308
2.80042 10.9485 -7.43308 2.65661 11.1451 -7.39863 2.55641 11.3383 -7.36099 2.44111
11.5343 -7.32031 2.30849 11.5768 -7.31301 2.25681 11.6189 -7.30566 2.20512 11.6605
-7.29824 2.15341 11.7356 -7.27067 2.11941 11.8106 -7.24234 2.08714 11.9778 -7.21493
1.88549 12.165 -7.17235 1.69542 12.4024 -7.09237 1.52353 12.655 -6.99341 1.34972
12.9054 -6.8909 1.19807 12.9902 -6.86335 1.11655 13.0814 -6.82998 1.03423 13.1938
-6.78001 0.949774 13.3041 -6.72998 0.86518 13.423 -6.67506 0.772274 13.5174 -6.62996
0.678175 13.61 -6.58475 0.58401 13.7007 -6.53944 0.489789 13.8125 -6.47806 0.404793
13.9325 -6.40727 0.330638 14.1122 -6.31077 0.157859 14.3082 -6.19041 -0.00748013 14.4976
-6.07418 -0.173875 14.6797 -5.95991 -0.34116 14.9013 -5.80886 -0.460827 15.011 -5.73716
-0.628295 15.1404 -5.64344 -0.766335 15.2794 -5.53641 -0.891526 15.4138 -5.42973 -1.01718
15.5731 -5.29941 -1.17171 15.5918 -5.28302 -1.19532 15.6104 -5.26663 -1.21893 15.6288
-5.25024 -1.24255 15.6488 -5.23183 -1.2636 15.6729 -5.20792 -1.27753 15.7995 -5.09843
-1.44171 15.9255 -4.98361 -1.5943 16.0461 -4.86912 -1.74698 16.1669 -4.74655 -1.88302
16.2862 -4.61736 -1.98887 16.392 -4.50662 -2.14239 16.4927 -4.3966 -2.29579 16.5885
-4.28496 -2.4147 16.6924 -4.14952 -2.49165 16.7891 -4.02148 -2.57006 16.862 -3.95271
-2.71454 16.9379 -3.87039 -2.83429 17.0164 -3.77462 -2.92923 17.087 -3.68064 -3.02394
17.159 -3.59006 -3.09333 17.207 -3.53416 -3.17163 17.2497 -3.4771 -3.22788 17.2952
-3.42041 -3.28572 17.3401 -3.36397 -3.34404 17.3922 -3.29679 -3.414 17.4084 -3.27452
-3.44048 17.4243 -3.25228 -3.46699 17.44 -3.23007 -3.49351 17.4555 -3.20789 -3.52005
17.4658 -3.18533 -3.53606 17.509 -3.13025 -3.60965 17.5481 -3.07666 -3.66996 17.5838
-3.02415 -3.72125 17.6184 -2.97183 -3.77268 17.6468 -2.92731 -3.81673 17.6575 -2.91152
-3.835 17.6663 -2.89529 -3.85323 17.6749 -2.87907 -3.87149 17.6835 -2.86288 -3.88977
17.6897 -2.84883 -3.89838 17.7348 -2.78923 -3.97624 17.7768 -2.73334 -4.04293 17.8194
-2.67879 -4.10929 17.8587 -2.62233 -4.16977 17.8843 -2.55039 -4.18643 17.9299 -2.51785
-4.27964 17.9728 -2.48368 -4.36623 18.006 -2.44073 -4.4205 18.0207 -2.40491 -4.42977
18.035 -2.36895 -4.43923 18.0858 -2.32853 -4.52579 18.134 -2.28942 -4.60835 18.1596
-2.2553 -4.64393 18.1782 -2.21575 -4.661 18.192 -2.17251 -4.66119 18.236 -2.15998
-4.73523 18.2579 -2.13042 -4.76352 18.2787 -2.10063 -4.79092 18.2988 -2.07096 -4.81838
18.3246 -2.04972 -4.83889 18.3305 -2.04662 -4.8439 18.3363 -2.04352 -4.84892 18.3421
-2.04042 -4.85394 18.3479 -2.0372 -4.85871 18.3517 -2.03125 -4.85811 18.4082 -2.0001
-4.90256 18.4441 -1.96247 -4.94698 18.4768 -1.92509 -4.98768 18.5066 -1.88886 -5.01393
18.5308 -1.85494 -5.00637 18.5792 -1.81051 -5.057 18.6036 -1.76281 -5.07936 18.6287
-1.71684 -5.10185 18.6568 -1.67568 -5.1243 18.6841 -1.62964 -5.13802 18.6951 -1.60936
-5.15398 18.7022 -1.58805 -5.16251 18.7092 -1.56677 -5.17107 18.7161 -1.54552 -5.17967
18.7237 -1.52132 -5.18952 18.7319 -1.49591 -5.20133 18.7398 -1.47053 -5.21318 18.7476
-1.44518 -5.22507 18.7534 -1.41838 -5.2377 18.7519 -1.3894 -5.23759 18.755 -1.36882
-5.2628 18.7563 -1.34451 -5.27385 18.7566 -1.32042 -5.28303 18.7508 -1.29689 -5.28436
18.7451 -1.274 -5.28573 18.7492 -1.25143 -5.29882 18.7532 -1.22886 -5.31198 18.7571
-1.20632 -5.3252 18.7594 -1.18309 -5.33503 18.7494 -1.15374 -5.3145 18.7523 -1.11961
-5.36279 18.7428 -1.07158 -5.38014 18.7327 -1.02353 -5.39759 18.7263 -0.972441 -5.41256
18.6912 -0.925787 -5.38461 18.6974 -0.883083 -5.44211 18.6772 -0.83345 -5.45435 18.6564
-0.783947 -5.46682 18.6332 -0.737958 -5.48062 18.5864 -0.672825 -5.43045 18.5745 -0.661653
-5.49691 18.5337 -0.625746 -5.4969 18.4883 -0.586544 -5.48721 18.4425 -0.547239 -5.47771
18.3991 -0.510002 -5.4689 18.3984 -0.509122 -5.46922 18.3977 -0.508243 -5.46954 18.397
-0.507363 -5.46987 18.3962 -0.506396 -5.46992 18.3949 -0.504912 -5.46841 18.3548 -0.482435
-5.47905 18.3136 -0.458904 -5.48777 18.2721 -0.435344 -5.4966 18.2256 -0.41464 -5.49565
18.1513 -0.395327 -5.44238 18.127 -0.382106 -5.47185 18.084 -0.37095 -5.47412 18.0293
-0.358172 -5.45958 17.9669 -0.33467 -5.41848 17.8941 -0.29783 -5.34224 17.8648 -0.326704
-5.38885 17.8193 -0.343536 -5.39935 17.7571 -0.348975 -5.37374 17.695 -0.354446 -5.34814
17.6226 -0.358114 -5.30508 17.6154 -0.362331 -5.3134 17.5986 -0.367364 -5.30879 17.58
-0.372555 -5.30177 17.5614 -0.377754 -5.29475 17.543 -0.382927 -5.28777 17.5117 -0.398879
-5.28691 17.4805 -0.414898 -5.28598 17.4509 -0.429816 -5.28583 17.4203 -0.442948 -5.28226
17.3663 -0.459065 -5.25178 17.3471 -0.486342 -5.27994 17.3176 -0.514508 -5.2949 17.2713
-0.540327 -5.28266 17.2101 -0.544813 -5.22415 17.1445 -0.542935 -5.15189 17.1232 -0.590695
-5.19743 17.0974 -0.636258 -5.23373 17.0447 -0.665066 -5.21267 16.9869 -0.693579 -5.18417
16.9159 -0.72129 -5.13728 16.908 -0.738343 -5.15077 16.8807 -0.758229 -5.14248 16.8497
-0.778733 -5.12988 16.8187 -0.799308 -5.11726 16.7886 -0.819233 -5.105 16.7753 -0.833304
-5.10655 16.762 -0.84741 -5.10808 16.7488 -0.86155 -5.10959 16.7329 -0.875507 -5.10821
16.7034 -0.888415 -5.0924 16.6856 -0.932239 -5.11797 16.6518 -0.971113 -5.12075 16.6162
-1.01393 -5.12117 16.5671 -1.03527 -5.07554 16.5114 -1.04379 -5.00551 16.4869 -1.10357
-5.04971 16.4589 -1.16988 -5.10083 16.4156 -1.20789 -5.09328 16.3526 -1.23834 -5.04754
16.2876 -1.26859 -4.99854 16.2757 -1.30325 -5.01444 16.2403 -1.33595 -4.99753 16.2014
-1.36493 -4.97677 16.1632 -1.39249 -4.95743 16.1255 -1.42007 -4.93825 16.1204 -1.42581
-4.93855 16.1153 -1.43156 -4.93884 16.1102 -1.43732 -4.93914 16.1043 -1.44298 -4.93832
16.0943 -1.44817 -4.93211 16.0629 -1.48945 -4.93591 16.0272 -1.52941 -4.93174 15.9918
-1.56962 -4.92755 15.9525 -1.60431 -4.90192 15.905 -1.62886 -4.8374 15.8626 -1.68667
-4.87266 15.8195 -1.72666 -4.86054 15.7768 -1.76451 -4.84068 15.7348 -1.80262 -4.81898
15.68 -1.84046 -4.77214 15.6497 -1.88229 -4.76533 15.6086 -1.92095 -4.73932 15.5674
-1.96007 -4.71493 15.5268 -1.99938 -4.69054 15.4868 -2.03804 -4.66207 15.4822 -2.0434
-4.66169 15.4779 -2.0477 -4.6582 15.4736 -2.05201 -4.65471 15.4694 -2.05632 -4.65123
15.4652 -2.06052 -4.64783 15.4647 -2.06109 -4.6474 15.4641 -2.06166 -4.64696 15.4635
-2.06223 -4.64652 15.4629 -2.0628 -4.64595 15.4622 -2.06337 -4.64524 15.4261 -2.09925
-4.61931 15.3903 -2.13518 -4.59292 15.355 -2.17128 -4.56666 15.3202 -2.20794 -4.54132
15.2768 -2.23958 -4.4975 15.2473 -2.28924 -4.48917 15.209 -2.33442 -4.45534 15.1713
-2.37772 -4.41928 15.1345 -2.41765 -4.3734 15.0992 -2.44281 -4.28567 15.0626 -2.49904
-4.28947 15.0258 -2.5521 -4.27657 14.9859 -2.59653 -4.22393 14.946 -2.64 -4.16879
14.9018 -2.67568 -4.09394 14.8876 -2.70902 -4.08335 14.864 -2.73714 -4.04862 14.8399
-2.76487 -4.01197 14.8164 -2.7926 -3.97583 14.7963 -2.8204 -3.94564 14.7855 -2.83975
-3.93492 14.7748 -2.85913 -3.92422 14.7641 -2.87854 -3.91354 14.7534 -2.8979 -3.90209
14.7391 -2.91584 -3.87536 14.709 -2.9704 -3.84873 14.6806 -3.02052 -3.81124 14.6531
-3.06997 -3.77195 14.6265 -3.11863 -3.72757 14.6016 -3.16557 -3.66086 14.5702 -3.20661
-3.63967 14.5501 -3.24213 -3.60785 14.5305 -3.27772 -3.57615 14.5127 -3.31218 -3.54292
14.4982 -3.34185 -3.51336 14.4908 -3.35534 -3.50008 14.4835 -3.36885 -3.48681 14.4763
-3.38236 -3.47356 14.4691 -3.39589 -3.46032 14.4565 -3.40036 -3.44104 14.4389 -3.45586
-3.40167 14.4106 -3.50146 -3.3542 14.3791 -3.54833 -3.30858 14.3514 -3.58753 -3.25751
14.3336 -3.60098 -3.18772 14.3211 -3.64223 -3.16801 14.297 -3.65931 -3.12436 14.2735
-3.67644 -3.08084 14.2505 -3.69362 -3.03827 14.2266 -3.7129 -3.00661 14.2216 -3.72331
-2.99941 14.2167 -3.73372 -2.99223 14.2118 -3.74414 -2.98504 14.207 -3.75455 -2.97786
14.1903 -3.75444 -2.9586 14.2074 -3.79663 -2.92563 14.2203 -3.83022 -2.88864 14.2339
-3.86377 -2.85176 14.2436 -3.89294 -2.81157 14.2145 -3.8847 -2.74332 14.2112 -3.91091
-2.72354 14.1934 -3.91399 -2.68984 14.1744 -3.91535 -2.65606 14.1546 -3.91703 -2.62466
14.1359 -3.91862 -2.59455 14.118 -3.94081 -2.53988 14.1378 -3.9668 -2.4933 14.1867
-3.99567 -2.45298 14.195 -4.01213 -2.38626 14.0704 -3.97303 -2.21981 14.2367 -4.0674
-2.28296 14.2994 -4.11218 -2.26034 14.3541 -4.13949 -2.2189 14.2204 -4.07835 -2.03044
14.1111 -4.01395 -1.86038 14.2812 -4.09225 -1.91477 14.451 -4.17079 -1.96913 14.4595
-4.16473 -1.90917 14.4144 -4.12185 -1.81142 14.3304 -4.05453 -1.68332 14.4697 -4.1023
-1.72016 14.5122 -4.10008 -1.70446 14.5285 -4.09021 -1.66891 14.5415 -4.07975 -1.63001
14.5554 -4.06901 -1.59087 14.5561 -4.06895 -1.58174 14.5569 -4.06889 -1.57263 14.5576
-4.06883 -1.56353 14.5572 -4.06766 -1.55347 14.5449 -4.05574 -1.53395 14.5859 -4.06529
-1.51952 14.6045 -4.05896 -1.4883 14.6238 -4.05244 -1.45727 14.6122 -4.0273 -1.39875
14.4841 -3.92866 -1.21719 14.6286 -3.98771 -1.31154 14.6258 -3.96413 -1.27868 14.6228
-3.93615 -1.24114 14.6204 -3.90654 -1.20227 14.5857 -3.8517 -1.14398 14.6296 -3.84438
-1.13712 14.631 -3.81697 -1.10428 14.6315 -3.7983 -1.06369 14.6333 -3.77955 -1.0236
14.6189 -3.75128 -0.971221 14.6393 -3.74816 -0.978216 14.6397 -3.73665 -0.971192 14.6401
-3.7251 -0.964205 14.6406 -3.71353 -0.957255 14.6412 -3.70171 -0.950211 14.6434 -3.6973
-0.947709 14.6456 -3.69287 -0.945211 14.6478 -3.68844 -0.942719 14.65 -3.68397 -0.940248
14.6514 -3.67681 -0.939176 14.644 -3.64258 -0.892735 14.6335 -3.61979 -0.837872 14.63
-3.60557 -0.778797 14.6289 -3.59092 -0.720482 14.3903 -3.35299 -0.517511 14.6064 -3.5474
-0.60485 14.6438 -3.55095 -0.580333 14.6361 -3.54874 -0.515998 14.6296 -3.38986 -0.516404
14.5995 -3.16501 -0.526028 14.6178 -3.29094 -0.440951 14.6346 -3.4223 -0.345568 14.6264
-3.40092 -0.311434 14.3462 -3.16632 -0.132735 14.0644 -2.92144 0.0490559 14.3777 -3.06754
-0.0789221 14.4968 -3.10291 -0.116069 14.4386 -3.05523 -0.0608758 14.3832 -3.00694 -0.00631811
14.227 -2.81793 0.0861501 14.2991 -2.89562 0.0916276 14.2628 -2.87433 0.128772 14.2278
-2.85266 0.165707 14.1942 -2.8306 0.202426 14.1636 -2.79568 0.231072 14.1612 -2.78453
0.238528 14.1589 -2.77332 0.245948 14.1568 -2.76208 0.253332 14.1547 -2.75078 0.26068
14.1505 -2.71175 0.294078 14.1451 -2.70941 0.290674 14.1341 -2.67528 0.315838 14.1297
-2.66577 0.350111 14.1304 -2.65263 0.383301 14.2506 -2.49549 0.37088 14.1625 -2.55751
0.409373 14.1219 -2.58245 0.443266 14.1221 -2.56694 0.470354 14.0367 -2.48279 0.580811
13.9363 -2.38495 0.714771 14.0154 -2.39502 0.647538 14.1043 -2.40309 0.569941 14.151
-2.35408 0.537743 14.1645 -2.24038 0.54292 14.1795 -2.12705 0.54648 14.1227 -2.17514
0.61361 14.0696 -2.20276 0.669954 14.0356 -2.1715 0.690125 13.9792 -2.15588 0.752004
13.8884 -2.14101 0.848895 13.9934 -2.07043 0.784817 14.0085 -2.06236 0.801264 13.9817
-2.03341 0.817435 13.9502 -1.99925 0.831654 13.9477 -1.9456 0.824051 13.9289 -1.94273
0.86536 13.9077 -1.91676 0.873603 13.887 -1.89066 0.881701 13.8668 -1.86442 0.889652
13.8751 -1.86052 0.905013 13.8802 -1.86012 0.908646 13.8853 -1.85971 0.912278 13.8904
-1.85928 0.915909 13.8956 -1.85883 0.919539 13.917 -1.84364 0.914876 13.9188 -1.84508
0.937328 13.9245 -1.82113 0.947223 13.9003 -1.77274 0.951314 13.877 -1.72452 0.955078
13.9345 -1.73582 0.968563 13.8682 -1.65147 0.979735 13.859 -1.60846 0.98268 13.853
-1.56738 0.984924 13.8612 -1.53158 0.983939 13.9881 -1.4523 0.929187 13.9028 -1.49389
1.00426 13.9014 -1.46068 1.00713 13.9055 -1.42803 1.00522 13.91 -1.39551 1.003
13.9757 -1.42276 1.00081 13.9513 -1.34724 1.00432 13.9565 -1.31682 0.998336 13.9614
-1.28659 0.994006 13.9635 -1.25621 0.998662 13.9934 -1.21753 0.984023 13.9854 -1.21122
1.00246 13.9898 -1.19111 1.00477 13.9944 -1.17099 1.00694 13.9987 -1.1509 1.00532
14.0024 -1.1326 1.00074 14.0019 -1.12681 0.999975 14.0015 -1.12103 0.999192 14.0011
-1.11526 0.998392 14.0007 -1.1095 0.997575 14.0078 -1.1064 0.992416 13.9966 -1.08558
0.992532 13.9956 -1.06897 0.988446 14.0031 -1.05418 0.992494 14.0112 -1.03942 0.996825
14.0806 -1.05433 0.988518 14.0135 -0.999824 0.996265 14.021 -0.986507 0.998686 14.0286
-0.97317 1.00095 14.0322 -0.959749 0.998496 14.1072 -0.988766 0.971667 14.0171 -0.965899
0.967086 14.0343 -0.970853 0.965411 14.0507 -0.979146 0.966067 14.0795 -0.989331 0.96783
14.2638 -1.02298 0.982323 14.3099 -1.01778 0.970536 14.4425 -1.01346 0.959354 14.689
-0.993859 0.895645 14.9359 -0.978202 0.830782 15.5759 -1.20599 0.683265 15.0241 -0.968346
0.82075 15.106 -0.964013 0.777829 15.1203 -0.978604 0.767836 15.2183 -1.04216 0.78443
15.9208 -1.31953 0.600011 15.3547 -1.08113 0.767721 15.273 -1.06461 0.784129 15.3166
-1.09591 0.768341 15.5565 -1.14904 0.698607 16.1001 -1.30767 0.479767 15.5749 -1.08143
0.772369 15.3728 -0.948437 0.905609 15.4691 -0.853815 0.914441 15.9653 -0.997098 0.75111
16.7888 -1.34135 0.447588 16.902 -1.35728 0.425597 17.0651 -1.41686 0.382921 17.5071
-1.21266 0.305475 18.1286 -0.843981 0.200075 19.0151 -0.190592 0.0781362 18.5744 -0.628526
0.108852 18.6155 -0.604325 0.103332 18.6558 -0.581336 0.0974604 18.6852 -0.556252 0.0991455
19.0404 -0.212311 0.0826914 18.7756 -0.50727 0.0820163 18.8044 -0.48767 0.077349 18.8327
-0.468971 0.07236 18.8529 -0.449492 0.0738735 19.058 -0.225778 0.0788293 18.9081 -0.411065
0.064861 18.9304 -0.397093 0.0592115 18.9524 -0.383706 0.0533083 18.9676 -0.369272 0.0537933
19.0763 -0.239521 0.0653303 19.0101 -0.336538 0.0520078 19.0209 -0.326533 0.0520154 19.0315
-0.316911 0.0518296 18.9311 -0.384554 0.0558374 18.755 -0.483251 0.0701912 16.2729 -0.74738
1.38153 16.2729 -0.747381 1.38153 16.2729 -0.747382 1.38153 16.2729 -0.747383 1.38153
16.2729 -0.747384 1.38153 16.2729 -0.747385 1.38153 16.2718 -0.747807 1.38207 16.2707
-0.748229 1.38261 16.2695 -0.748651 1.38314 16.2684 -0.749073 1.38368 16.2672 -0.749539
1.38422 16.1875 -0.786734 1.41589 16.108 -0.824001 1.44776 16.0287 -0.86132 1.47974
15.9454 -0.900487 1.51698 15.8473 -0.947071 1.57789 15.7236 -1.02908 1.6636 15.6005
-1.11562 1.74725 15.4804 -1.19848 1.81689 15.3607 -1.28132 1.88682 15.2385 -1.38633
1.99196 15.0823 -1.52717 2.10423 14.9173 -1.67989 2.2195 14.7516 -1.83661 2.34706
14.582 -2.00571 2.50756 14.414 -2.2166 2.67534 14.1953 -2.44753 2.84464 13.9737
-2.67192 3.01166 13.7512 -2.89192 3.17766 13.5384 -3.1171 3.33966 13.3184 -3.35752
3.51017 13.0611 -3.61864 3.66837 12.8357 -3.8447 3.80471 12.6159 -4.06887 3.94136
12.3905 -4.27305 4.07394 12.263 -4.38975 4.15088 12.2325 -4.41983 4.17191 12.2021
-4.44993 4.193 12.1719 -4.48005 4.21412 12.1431 -4.50866 4.23357 12.1179 -4.53345
4.24854 11.9334 -4.67832 4.3303 11.7671 -4.82607 4.41148 11.6314 -4.95124 4.47341
11.5019 -5.07195 4.53292 11.416 -5.15403 4.57359 11.3435 -5.23003 4.61641 11.2717
-5.30628 4.65954 11.2008 -5.38278 4.70299 11.1417 -5.44607 4.73407 11.0894 -5.50176
4.75657 10.8686 -5.69804 4.82553 10.6633 -5.88371 4.89741 10.5387 -6.01893 4.91481
10.4327 -6.14721 4.93382 10.3609 -6.26727 4.9585 10.3161 -6.30221 4.96392 10.2823
-6.3313 4.96621 10.2659 -6.35081 4.96336 10.2503 -6.37158 4.95956 10.2375 -6.39618
4.95249 10.2192 -6.42944 4.94596 10.201 -6.4628 4.93946 10.1873 -6.49373 4.93203
10.1918 -6.51376 4.92051 10.1962 -6.53286 4.90952 10.1623 -6.60419 4.90238 10.1293
-6.67612 4.89552 10.0971 -6.74867 4.88893 10.1224 -6.78916 4.84844 10.1508 -6.82971
4.80481 10.1129 -6.9389 4.72962 10.0964 -7.04001 4.66311 10.2088 -7.09343 4.55051
10.3182 -7.14494 4.44674 10.4125 -7.18916 4.36516 10.4132 -7.19421 4.36132 10.4139
-7.19927 4.35748 10.4149 -7.20418 4.35352 10.4223 -7.20583 4.34678 10.4297 -7.20747
4.34004 10.447 -7.23951 4.28595 10.4938 -7.25874 4.22956 10.5665 -7.26639 4.17105
10.6379 -7.27398 4.11226 10.7191 -7.2827 4.04387 10.7891 -7.30237 3.96846 10.8578
-7.32185 3.8927 10.9251 -7.34114 3.8166 11.0106 -7.35182 3.73464 11.1261 -7.34696
3.64516 11.172 -7.36245 3.57216 11.2262 -7.36962 3.5079 11.3296 -7.35738 3.43215
11.4316 -7.34445 3.36202 11.5343 -7.33071 3.29449 11.6211 -7.32949 3.209 11.7059
-7.32811 3.12324 11.7886 -7.32659 3.03722 11.926 -7.29511 2.93702 12.0582 -7.2628
2.83957 12.2031 -7.25482 2.65444 12.3555 -7.23122 2.48981 12.5975 -7.15806 2.30818
12.8345 -7.08284 2.14442 13.0702 -6.99889 2.00256 13.0843 -6.9982 1.97686 13.1021
-6.99518 1.9532 13.1313 -6.9854 1.93545 13.1602 -6.97562 1.91768 13.1895 -6.9657
1.89964 13.351 -6.91179 1.74094 13.4977 -6.85855 1.56489 13.6559 -6.79275 1.40048
13.8431 -6.70158 1.25985 14.0555 -6.58531 1.15487 14.2021 -6.53056 0.953705 14.3928
-6.439 0.789868 14.5762 -6.33589 0.616793 14.7512 -6.23335 0.442605 14.9458 -6.12053
0.289156 14.9818 -6.10157 0.244371 15.0237 -6.07722 0.200888 15.0704 -6.04843 0.158467
15.1166 -6.01967 0.115994 15.165 -5.98931 0.0710428 15.2774 -5.91636 -0.0569568 15.3862
-5.84362 -0.185155 15.4974 -5.76549 -0.30546 15.607 -5.68193 -0.423245 15.7365 -5.5812
-0.52572 15.8698 -5.47845 -0.691611 16.0079 -5.3636 -0.84489 16.1411 -5.25416 -0.998474
16.2683 -5.14651 -1.15288 16.4236 -5.00459 -1.26373 16.522 -4.92061 -1.44973 16.6326
-4.81624 -1.59451 16.743 -4.70384 -1.73324 16.8526 -4.5897 -1.86846 16.9677 -4.47104
-1.99123 16.9981 -4.43881 -2.04685 17.0324 -4.40198 -2.08929 17.0663 -4.36503 -2.13123
17.0996 -4.32818 -2.17326 17.1356 -4.28784 -2.21947 17.1871 -4.22676 -2.29972 17.2368
-4.16595 -2.38008 17.2901 -4.10032 -2.46277 17.342 -4.03461 -2.54572 17.3899 -3.96739
-2.60135 17.461 -3.88051 -2.73561 17.533 -3.79197 -2.84434 17.5991 -3.70524 -2.95309
17.6582 -3.60577 -3.03369 17.7129 -3.49424 -3.08935 17.7761 -3.43353 -3.22117 17.8355
-3.37143 -3.34477 17.891 -3.29285 -3.42727 17.9429 -3.21379 -3.49884 17.9893 -3.1325
-3.55746 18.0403 -3.06357 -3.6646 18.0908 -2.99764 -3.73077 18.1306 -2.92912 -3.80332
18.1681 -2.86105 -3.87594 18.202 -2.79194 -3.94295 18.2074 -2.78705 -3.95447 18.211
-2.78085 -3.96101 18.2145 -2.77466 -3.96755 18.218 -2.76847 -3.97409 18.2215 -2.7624
-3.98051 18.2577 -2.71053 -4.0444 18.2924 -2.65895 -4.10849 18.3255 -2.60767 -4.1728
18.357 -2.55667 -4.23683 18.386 -2.50378 -4.26283 18.4245 -2.4688 -4.33384 18.4559
-2.42572 -4.38354 18.4849 -2.3815 -4.43304 18.5127 -2.33755 -4.4827 18.5442 -2.28558
-4.54198 18.5442 -2.28555 -4.54204 18.5442 -2.28551 -4.54207 18.5442 -2.28548 -4.54211
18.5443 -2.28544 -4.54215 18.5443 -2.28541 -4.54219 18.5711 -2.24792 -4.58952 18.5968
-2.21067 -4.63691 18.6261 -2.18004 -4.68469 18.6559 -2.15182 -4.73263 18.6702 -2.11891
-4.7578 18.7088 -2.08927 -4.82691 18.7421 -2.06236 -4.86846 18.7736 -2.03622 -4.90372
18.8022 -2.01097 -4.92846 18.8098 -1.97587 -4.94717 18.8212 -1.97128 -4.96532 18.8243
-1.96382 -4.97162 18.827 -1.95625 -4.97742 18.8297 -1.94869 -4.98322 18.8323 -1.94127
-4.98892 18.8671 -1.91172 -5.02402 18.9062 -1.88216 -5.0579 18.9447 -1.85277 -5.09189
18.9814 -1.82291 -5.12363 18.9926 -1.78177 -5.11272 19.0487 -1.74692 -5.1875 19.0983
-1.70157 -5.24519 19.1424 -1.64745 -5.28859 19.1535 -1.59009 -5.28313 19.1615 -1.53171
-5.27233 19.2016 -1.47698 -5.34036 19.2405 -1.42257 -5.40846 19.2581 -1.3583 -5.42236
19.2523 -1.29757 -5.41781 19.2412 -1.23103 -5.40085 19.2514 -1.19016 -5.46547 19.2409
-1.15453 -5.48336 19.2279 -1.11955 -5.4963 19.2192 -1.0741 -5.50808 19.2114 -1.02979
-5.51897 19.2122 -1.01844 -5.52499 19.213 -1.0071 -5.53102 19.2138 -0.995762 -5.53706
19.2143 -0.984486 -5.5419 19.2136 -0.973651 -5.53771 19.2037 -0.927117 -5.58715 19.1907
-0.877679 -5.62584 19.1756 -0.839609 -5.66208 19.1539 -0.798669 -5.68214 19.1192 -0.747392
-5.66892 19.1129 -0.709367 -5.73746 19.1043 -0.671898 -5.80329 19.0749 -0.636507 -5.82508
19.0416 -0.578962 -5.8094 19.0069 -0.518887 -5.78949 18.9745 -0.506531 -5.85967 18.9364
-0.478328 -5.88672 18.8949 -0.441296 -5.88987 18.8511 -0.394246 -5.89798 18.802 -0.345742
-5.89737 18.7986 -0.341172 -5.90571 18.791 -0.334817 -5.90728 18.7824 -0.328033 -5.90721
18.7738 -0.321246 -5.90715 18.7652 -0.314518 -5.90709 18.7248 -0.275824 -5.92391 18.6887
-0.246988 -5.93929 18.6529 -0.219783 -5.95446 18.6107 -0.193579 -5.95936 18.5436 -0.171399
-5.92316 18.5008 -0.140402 -5.95956 18.452 -0.114455 -5.98136 18.3927 -0.0985175 -5.97748
18.3175 -0.069159 -5.93938 18.2331 -0.0288037 -5.88125 18.1826 -0.0547058 -5.92147 18.1242
-0.0660005 -5.93206 18.057 -0.060911 -5.90976 17.9815 -0.0563959 -5.8842 17.8957 -0.0533407
-5.84249 17.8841 -0.0538302 -5.8484 17.867 -0.0567254 -5.84485 17.8483 -0.0603452 -5.83848
17.8296 -0.0639695 -5.8321 17.811 -0.0675734 -5.82576 17.7683 -0.0780804 -5.82144 17.7291
-0.0859074 -5.81876 17.6899 -0.0937612 -5.81606 17.6446 -0.103864 -5.80531 17.5792 -0.121319
-5.76817 17.5433 -0.144606 -5.7891 17.4984 -0.167037 -5.79439 17.4422 -0.188631 -5.78036
17.3773 -0.198967 -5.74039 17.3042 -0.198677 -5.67476 17.2664 -0.256846 -5.71591 17.2207
-0.298222 -5.72894 17.164 -0.316107 -5.7032 17.1065 -0.337473 -5.67648 17.0387 -0.362369
-5.6321 17.0312 -0.368101 -5.63644 17.0177 -0.37581 -5.63135 17.0024 -0.384162 -5.62325
16.9871 -0.392528 -5.61516 16.9719 -0.400887 -5.60709 16.9421 -0.421977 -5.60264 16.9126
-0.442615 -5.59845 16.8833 -0.463333 -5.59425 16.8482 -0.486167 -5.5828 16.7949 -0.515497
-5.54865 16.7683 -0.549207 -5.56397 16.7269 -0.58308 -5.55376 16.6797 -0.61724 -5.5348
16.6308 -0.648625 -5.51169 16.5764 -0.665439 -5.4393 16.5358 -0.729502 -5.47847 16.4904
-0.76818 -5.46857 16.4448 -0.804039 -5.4529 16.3988 -0.835694 -5.42887 16.345 -0.870955
-5.37526 16.3384 -0.879522 -5.37718 16.3276 -0.89017 -5.36803 16.3155 -0.90147 -5.35547
16.3026 -0.910464 -5.34517 16.2898 -0.919515 -5.33485 16.2627 -0.944575 -5.32874 16.2357
-0.969738 -5.32269 16.209 -0.995007 -5.31668 16.1786 -1.02145 -5.30124 16.1388 -1.05074
-5.2619 16.1044 -1.08944 -5.25595 16.0625 -1.12672 -5.2261 16.0209 -1.1642 -5.19728
15.9786 -1.2017 -5.17654 15.9402 -1.23528 -5.13768 15.9075 -1.26793 -5.13188 15.8781
-1.2947 -5.11174 15.8491 -1.32158 -5.09167 15.8203 -1.34857 -5.07167 15.7985 -1.36936
-5.05638 15.7858 -1.38163 -5.0481 15.7732 -1.39392 -5.03985 15.7609 -1.40614 -5.03061
15.7488 -1.41835 -5.02112 15.7357 -1.42703 -5.00477 15.722 -1.44395 -4.99958 15.7071
-1.45847 -4.98749 15.6921 -1.47315 -4.9758 15.6746 -1.48673 -4.95841 15.657 -1.50048
-4.94087 15.6327 -1.52704 -4.92615 15.6086 -1.55369 -4.91147 15.5849 -1.57898 -4.89309
15.5616 -1.60354 -4.87265 15.5405 -1.61756 -4.82453 15.4996 -1.6637 -4.81856 15.4637
-1.70204 -4.77774 15.4285 -1.74061 -4.73729 15.3913 -1.78198 -4.70167 15.3418 -1.81807
-4.63111 15.3159 -1.85702 -4.61943 15.2839 -1.89739 -4.58742 15.2493 -1.93858 -4.54543
15.2142 -1.97497 -4.48105 15.1841 -2.00492 -4.3979 15.1492 -2.04001 -4.39398 15.1233
-2.06776 -4.36162 15.0989 -2.09456 -4.32544 15.0742 -2.1228 -4.28517 15.0491 -2.15212
-4.24364 15.038 -2.16635 -4.23046 15.0271 -2.18059 -4.21731 15.0162 -2.19486 -4.20419
15.006 -2.20894 -4.19 15.0017 -2.22119 -4.16573 14.9575 -2.27034 -4.13145 14.9213
-2.31522 -4.08257 14.8893 -2.35975 -4.04061 14.8551 -2.4034 -3.98757 14.8165 -2.4459
-3.91736 14.7805 -2.49737 -3.87866 14.7476 -2.54379 -3.8313 14.7137 -2.58894 -3.77804
14.6766 -2.63768 -3.72677 14.646 -2.67818 -3.66131 14.5986 -2.72757 -3.6146 14.5594
-2.77178 -3.56529 14.5212 -2.81613 -3.51636 14.4839 -2.86063 -3.46781 14.4581 -2.89514
-3.4274 14.4557 -2.89893 -3.4227 14.4532 -2.90272 -3.41801 14.4508 -2.90651 -3.41332
14.4484 -2.9103 -3.40864 14.4459 -2.91307 -3.40236 14.4272 -2.93845 -3.3721 14.3994
-2.96428 -3.34172 14.3738 -2.98753 -3.30969 14.3498 -3.00939 -3.27682 14.3242 -3.03298
-3.24153 14.3076 -3.05048 -3.22076 14.2911 -3.06799 -3.20004 14.2748 -3.08553 -3.17937
14.2588 -3.10308 -3.15875 14.2468 -3.11733 -3.13619 14.2061 -3.15921 -3.08974 14.1658
-3.19468 -3.04036 14.1264 -3.23021 -2.99123 14.106 -3.26459 -2.94518 14.0811 -3.28525
-2.89103 14.0439 -3.32366 -2.84445 14.0091 -3.36172 -2.79831 13.9932 -3.39137 -2.75404
13.9764 -3.40815 -2.70908 13.9604 -3.42496 -2.66428 13.9306 -3.45176 -2.60649 13.9171
-3.47154 -2.55627 13.9094 -3.48907 -2.50857 13.9087 -3.50851 -2.46595 13.91 -3.5248
-2.42467 13.9046 -3.52955 -2.41187 13.9076 -3.53329 -2.40365 13.9107 -3.53702 -2.39549
13.9139 -3.54074 -2.38735 13.9171 -3.54442 -2.37931 13.9104 -3.5557 -2.34211 13.9029
-3.56653 -2.30382 13.896 -3.57737 -2.26568 13.8899 -3.58784 -2.2279 13.8962 -3.58067
-2.20033 13.9026 -3.59869 -2.16411 13.9055 -3.60115 -2.12896 13.9089 -3.60359 -2.09394
13.9045 -3.6038 -2.05679 13.8866 -3.60048 -2.00968 13.886 -3.60059 -2.00629 13.8853
-3.60069 -2.00291 13.8847 -3.6008 -1.99952 13.8841 -3.6009 -1.99614 13.8814 -3.5997
-1.99229 13.9274 -3.6121 -1.96927 13.9727 -3.6239 -1.94706 14.0185 -3.63564 -1.92499
14.0437 -3.64089 -1.89536 14.0655 -3.64217 -1.87599 14.0944 -3.6453 -1.83684 14.0937
-3.63589 -1.80135 14.0808 -3.62254 -1.76644 14.0684 -3.60911 -1.73165 14.0525 -3.59468
-1.69851 14.0607 -3.59534 -1.69616 14.0662 -3.59609 -1.69574 14.0717 -3.59684 -1.69537
14.0772 -3.59759 -1.69499 14.0827 -3.59834 -1.69461 14.1435 -3.61324 -1.69988 14.2044
-3.62813 -1.70515 14.2653 -3.64301 -1.71043 14.3056 -3.6524 -1.70719 14.229 -3.6135
-1.624 14.3853 -3.6587 -1.666 14.4175 -3.6475 -1.63848 14.507 -3.65594 -1.63848
14.5219 -3.63574 -1.595 14.3807 -3.55736 -1.46876 14.5624 -3.59759 -1.51569 14.7007
-3.61951 -1.54466 14.7611 -3.61459 -1.5345 14.7367 -3.56826 -1.48689 14.7306 -3.52191
-1.44314 14.832 -3.52631 -1.45775 14.9066 -3.52066 -1.46031 14.9395 -3.50105 -1.44278
14.959 -3.47952 -1.41664 14.9575 -3.44278 -1.39454 15.0097 -3.43665 -1.39563 15.0212
-3.42075 -1.38182 15.0328 -3.40473 -1.36807 15.0445 -3.38858 -1.3544 15.0643 -3.37238
-1.34384 15.0754 -3.36613 -1.3409 15.0865 -3.35985 -1.33796 15.0976 -3.35354 -1.33502
15.1088 -3.3472 -1.33209 15.0608 -3.3162 -1.28351 15.142 -3.32037 -1.31669 15.1674
-3.30009 -1.30747 15.1817 -3.27901 -1.29385 15.178 -3.24765 -1.27149 15.1029 -3.17648
-1.21441 15.1816 -3.18475 -1.23311 15.212 -3.17005 -1.22904 15.2047 -3.13826 -1.20674
15.1601 -3.10576 -1.15381 15.0189 -3.03491 -1.03426 15.1755 -3.04823 -1.12969 15.1749
-3.01874 -1.12323 15.1606 -2.98521 -1.10783 15.1515 -2.95612 -1.08711 15.083 -2.90381
-1.03665 15.1356 -2.9002 -1.04641 15.1244 -2.88461 -1.02033 15.1134 -2.87249 -0.993903
15.1032 -2.86028 -0.967815 15.0268 -2.82898 -0.895238 15.091 -2.8254 -0.932952 15.0742
-2.80699 -0.918332 15.0548 -2.78796 -0.901893 15.0357 -2.76883 -0.885575 15.0158 -2.74859
-0.868505 14.9998 -2.72105 -0.838443 14.9867 -2.71121 -0.798427 14.9752 -2.71746 -0.749225
14.9651 -2.7243 -0.699927 14.7633 -2.59508 -0.565267 14.9341 -2.70326 -0.618718 14.915
-2.67675 -0.570506 14.8975 -2.68374 -0.511521 14.8873 -2.6358 -0.469326 14.7129 -2.43591
-0.382024 14.8267 -2.57335 -0.387754 14.8362 -2.69549 -0.327026 14.8151 -2.71648 -0.263613
14.4718 -2.58785 -0.055013 14.1793 -2.44185 0.123764 14.4783 -2.52071 -0.00796361 14.7718
-2.60188 -0.139177 14.7694 -2.60114 -0.123033 14.4833 -2.49828 0.0459264 14.2031 -2.39187
0.214573 14.4849 -2.43415 0.080259 14.5927 -2.45644 0.0385527 14.5485 -2.45371 0.0756483
14.4845 -2.42313 0.109182 14.2265 -2.36295 0.254983 14.4051 -2.35677 0.168983 14.3527
-2.3337 0.191347 14.3212 -2.34023 0.221355 14.2967 -2.35549 0.253774 14.2685 -2.36317
0.28559 14.2712 -2.36825 0.287418 14.2714 -2.37113 0.289274 14.2716 -2.37401 0.291132
14.2717 -2.37688 0.292991 14.2719 -2.37972 0.294824 14.2905 -2.39093 0.313065 14.3096
-2.40174 0.331271 14.3095 -2.38882 0.34603 14.29 -2.35204 0.357185 14.2049 -2.34487
0.436084 14.2757 -2.2953 0.391817 14.266 -2.26404 0.402551 14.2854 -2.26028 0.415405
14.3205 -2.24495 0.410109 14.3389 -2.16944 0.370286 14.3203 -2.17519 0.431861 14.312
-2.17968 0.486125 14.3181 -2.15846 0.496504 14.2516 -2.25141 0.569021 14.1854 -2.342
0.642498 14.2411 -2.20705 0.617519 14.2987 -2.07268 0.590755 14.2961 -2.033 0.587333
14.3216 -2.0316 0.544792 14.3462 -2.03141 0.502674 14.3192 -2.00722 0.582684 14.2938
-1.98377 0.638199 14.2697 -1.96488 0.644019 14.271 -2.02416 0.664131 14.2408 -2.14711
0.696229 14.291 -1.9574 0.664306 14.3147 -1.96122 0.670878 14.2985 -1.94898 0.675122
14.2825 -1.93651 0.679263 14.292 -1.95484 0.653839 14.2734 -1.92121 0.682576 14.2604
-1.91337 0.684652 14.2475 -1.90544 0.686679 14.2348 -1.89742 0.688656 14.2311 -1.89472
0.691437 14.2368 -1.89171 0.692519 14.2425 -1.88869 0.693591 14.2481 -1.88568 0.694653
14.2539 -1.88267 0.695706 14.2693 -1.87062 0.686398 14.274 -1.85951 0.698959 14.268
-1.82981 0.69986 14.2507 -1.79376 0.70036 14.234 -1.75796 0.7005 14.2671 -1.79962
0.700179 14.254 -1.70766 0.706698 14.2472 -1.68041 0.706355 14.2417 -1.66603 0.704565
14.2388 -1.65301 0.704859 14.2892 -1.63772 0.65848 14.2733 -1.65554 0.705729 14.2737
-1.64594 0.710186 14.2702 -1.63615 0.710238 14.2668 -1.62638 0.71018 14.284 -1.67192
0.712403 14.2822 -1.58859 0.718537 14.3004 -1.59143 0.719576 14.3179 -1.5968 0.722384
14.3336 -1.60857 0.729749 14.3681 -1.63879 0.717573 14.4458 -1.64724 0.698999 14.4867
-1.65159 0.71373 14.5811 -1.64522 0.724305 14.7905 -1.62292 0.675404 15.0304 -1.60129
0.618536 15.0685 -1.60034 0.60962 15.1066 -1.59947 0.600682 15.1446 -1.59867 0.59172
15.1827 -1.59795 0.582736 15.2343 -1.60555 0.570924 15.3169 -1.59595 0.531107 15.3825
-1.6063 0.503826 15.3992 -1.63 0.500525 15.4297 -1.67029 0.526414 15.6016 -1.77107
0.538758 15.5089 -1.75592 0.565377 15.5421 -1.79905 0.553095 15.5957 -1.83182 0.547718
15.6884 -1.84431 0.555042 15.9436 -1.91121 0.482761 15.7488 -1.80215 0.613212 15.7796
-1.75691 0.634399 15.8796 -1.67156 0.647792 15.9798 -1.58638 0.660172 16.4742 -1.73603
0.502761 16.592 -1.74847 0.487872 17.0942 -1.47961 0.410782 17.7203 -1.10056 0.311058
18.3411 -0.735133 0.203149 19.1536 -0.162749 0.082156 18.8289 -0.490822 0.101908 18.8644
-0.47355 0.0944967 18.8978 -0.456619 0.0880414 18.9145 -0.435276 0.0940764 19.1763 -0.181407
0.0822991 18.9856 -0.398133 0.0788918 19.0109 -0.383644 0.0724951 19.0349 -0.369606 0.066673
19.0455 -0.353377 0.072335 19.1921 -0.192989 0.0763546 19.0896 -0.324426 0.0633249 19.1096
-0.314214 0.0561742 19.1288 -0.304269 0.0494359 19.136 -0.291817 0.054527 19.2082 -0.204856
0.0629028 19.1673 -0.267624 0.0528535 19.177 -0.260286 0.051513 19.1792 -0.258282 0.0503182
18.972 -0.401653 0.0573586 18.7763 -0.526813 0.0687307 16.4136 -0.74175 1.66364 16.4136
-0.741751 1.66365 16.4136 -0.741752 1.66365 16.4136 -0.741753 1.66365 16.4136 -0.741754
1.66365 16.4136 -0.741755 1.66365 16.4124 -0.742188 1.6642 16.4113 -0.742621 1.66475
16.4101 -0.743054 1.66529 16.409 -0.743487 1.66584 16.4078 -0.74397 1.66649 16.3128
-0.788685 1.72491 16.2165 -0.833862 1.78253 16.1204 -0.879103 1.84047 16.0247 -0.924408
1.89871 15.9287 -0.970986 1.96018 15.8081 -1.0543 2.06024 15.6855 -1.14472 2.16383
15.5637 -1.23505 2.26788 15.4436 -1.32587 2.37811 15.3297 -1.44008 2.52482 15.1784
-1.59327 2.70151 15.0182 -1.76224 2.88092 14.8568 -1.92723 3.04279 14.6974 -2.0939
3.2074 14.5351 -2.31434 3.41727 14.3307 -2.55933 3.62864 14.1235 -2.79074 3.82299
13.9201 -3.01913 4.02569 13.7335 -3.24801 4.20187 13.5408 -3.49388 4.38252 13.3237
-3.72273 4.54173 13.129 -3.89297 4.65649 12.9513 -4.05878 4.76369 12.7921 -4.2477
4.88026 12.6867 -4.37559 4.95988 12.646 -4.44092 5.00372 12.6056 -4.50628 5.04772
12.5657 -4.57167 5.09186 12.5295 -4.62756 5.12712 12.4975 -4.6709 5.15001 12.3419
-4.82655 5.2266 12.221 -4.94969 5.28736 12.1207 -5.05444 5.33936 12.023 -5.15897
5.39185 11.9545 -5.23411 5.43001 11.898 -5.31911 5.46019 11.8433 -5.40498 5.48918
11.7895 -5.4911 5.51847 11.7508 -5.55893 5.53916 11.7242 -5.61283 5.55276 11.5475
-5.80702 5.59237 11.4143 -5.96053 5.60996 11.3467 -6.0557 5.5922 11.3047 -6.18029
5.5759 11.2673 -6.29932 5.56086 11.2652 -6.30835 5.56135 11.263 -6.31739 5.56185
11.2609 -6.32643 5.56234 11.2616 -6.33181 5.56078 11.2639 -6.33525 5.55812 11.2346
-6.4049 5.52562 11.2155 -6.468 5.4946 11.2235 -6.51229 5.46745 11.2542 -6.54042
5.4435 11.282 -6.56621 5.42143 11.2783 -6.61861 5.39528 11.2798 -6.67762 5.34933
11.283 -6.73927 5.29629 11.3347 -6.75666 5.25058 11.3948 -6.76602 5.20566 11.3898
-6.86676 5.08608 11.42 -6.94473 4.96401 11.547 -6.97521 4.82694 11.6731 -7.00963
4.68427 11.8096 -7.02921 4.55015 11.8173 -7.03685 4.52867 11.8356 -7.04112 4.50425
11.8606 -7.04322 4.47791 11.8854 -7.04532 4.45154 11.9114 -7.04755 4.42354 11.9168
-7.04886 4.41618 11.9222 -7.05017 4.40882 11.9276 -7.05148 4.40145 11.9366 -7.05038
4.39567 11.9458 -7.0491 4.39002 12.0539 -7.05759 4.26546 12.1629 -7.06227 4.14273
12.268 -7.06679 4.01902 12.4096 -7.04776 3.89059 12.5823 -6.99494 3.77733 12.6824
-7.02091 3.57648 12.8022 -7.02892 3.38844 13.0119 -6.96942 3.24558 13.2094 -6.91698
3.06974 13.4069 -6.86215 2.88264 13.4071 -6.86212 2.88245 13.4072 -6.86209 2.88225
13.4074 -6.86202 2.88204 13.4077 -6.86195 2.88184 13.4079 -6.86189 2.88164 13.5658
-6.82222 2.68826 13.7157 -6.78274 2.49339 13.8576 -6.74348 2.2971 14.057 -6.65903
2.12544 14.2639 -6.56233 1.97255 14.3896 -6.51063 1.79186 14.5528 -6.43474 1.61436
14.7168 -6.35437 1.43625 14.8783 -6.2714 1.25723 15.0615 -6.17141 1.11342 15.0771
-6.1671 1.07877 15.1005 -6.15681 1.04997 15.1305 -6.14156 1.026 15.1603 -6.12633
1.002 15.1895 -6.11104 0.976592 15.3019 -6.04701 0.820745 15.4118 -5.98105 0.666962
15.5331 -5.90024 0.528941 15.649 -5.82028 0.389916 15.7836 -5.71779 0.2812 15.9069
-5.64248 0.101948 16.0395 -5.55144 -0.0527316 16.1656 -5.45566 -0.212159 16.2849 -5.35565
-0.376027 16.4184 -5.24749 -0.524867 16.5215 -5.16361 -0.683885 16.6312 -5.06967 -0.834774
16.7351 -4.9767 -0.986475 16.8406 -4.87804 -1.13358 16.9542 -4.77337 -1.27322 16.9604
-4.7687 -1.28906 16.9698 -4.76057 -1.30074 16.9794 -4.75206 -1.31196 16.9891 -4.74356
-1.32319 16.9988 -4.73491 -1.33463 17.0858 -4.65051 -1.46685 17.1635 -4.56943 -1.59775
17.2373 -4.48896 -1.72893 17.3084 -4.40669 -1.85693 17.3928 -4.29255 -1.93662 17.4658
-4.22073 -2.10041 17.5363 -4.14239 -2.23851 17.6041 -4.05953 -2.35822 17.6789 -3.96211
-2.46265 17.7576 -3.86113 -2.55657 17.8116 -3.78969 -2.68418 17.8619 -3.71909 -2.81229
17.916 -3.63776 -2.91714 17.9759 -3.54139 -2.98267 18.0327 -3.44515 -3.04661 18.0894
-3.39264 -3.18019 18.144 -3.32292 -3.28178 18.196 -3.24583 -3.36921 18.2393 -3.17174
-3.45805 18.2905 -3.09297 -3.52923 18.3196 -3.04731 -3.60079 18.3497 -2.99592 -3.65851
18.3826 -2.94409 -3.7154 18.4142 -2.89261 -3.7725 18.4501 -2.8318 -3.84065 18.4576
-2.8186 -3.85721 18.465 -2.80543 -3.87378 18.4724 -2.79228 -3.89036 18.4796 -2.77915
-3.90695 18.4845 -2.7656 -3.91917 18.4974 -2.7439 -3.95097 18.5103 -2.72204 -3.97593
18.5231 -2.70009 -3.99639 18.5356 -2.6782 -4.01688 18.5471 -2.65765 -4.03619 18.5688
-2.62311 -4.07743 18.5897 -2.58874 -4.1188 18.61 -2.55455 -4.16031 18.6278 -2.52042
-4.20343 18.642 -2.48743 -4.22525 18.6752 -2.44202 -4.3067 18.707 -2.39468 -4.36189
18.7353 -2.34711 -4.41323 18.7549 -2.29763 -4.44955 18.7592 -2.24392 -4.45696 18.8015
-2.21411 -4.54227 18.8381 -2.18183 -4.61567 18.8662 -2.14871 -4.65758 18.8856 -2.11175
-4.67525 18.9027 -2.07316 -4.68982 18.9367 -2.04685 -4.7596 18.9724 -2.02247 -4.80908
19.0057 -1.99708 -4.8376 19.0295 -1.96638 -4.87346 19.0396 -1.9332 -4.87811 19.0739
-1.91755 -4.92397 19.0889 -1.89564 -4.94354 19.1031 -1.87368 -4.96256 19.1171 -1.85182
-4.98156 19.1301 -1.83105 -4.99966 19.1526 -1.81483 -5.02348 19.1802 -1.80112 -5.04728
19.2077 -1.78748 -5.0711 19.2339 -1.77418 -5.09408 19.2348 -1.76731 -5.09653 19.3215
-1.68843 -5.16367 19.3872 -1.61747 -5.21879 19.4121 -1.5622 -5.26525 19.4471 -1.50241
-5.30127 19.4904 -1.43879 -5.32874 19.5364 -1.34308 -5.38665 19.5569 -1.26736 -5.43553
19.5695 -1.20172 -5.47334 19.5854 -1.13072 -5.50289 19.5994 -1.04369 -5.51491 19.5903
-0.973291 -5.58805 19.5761 -0.914395 -5.62495 19.5598 -0.859289 -5.65028 19.5425 -0.804734
-5.67443 19.5122 -0.722615 -5.69001 19.5085 -0.717164 -5.69619 19.5021 -0.710524 -5.69816
19.4954 -0.703709 -5.6995 19.4886 -0.696895 -5.70084 19.4819 -0.690139 -5.70216 19.4581
-0.657254 -5.73404 19.4358 -0.625284 -5.76729 19.413 -0.593442 -5.80051 19.3879 -0.557026
-5.82712 19.3563 -0.504881 -5.83194 19.3245 -0.482211 -5.88773 19.2889 -0.453756 -5.91582
19.2532 -0.423799 -5.94448 19.2206 -0.384 -5.97681 19.1898 -0.340743 -5.98158 19.1475
-0.319796 -6.03957 19.1068 -0.287893 -6.06779 19.0655 -0.256117 -6.09598 19.0236 -0.224471
-6.12415 18.9804 -0.188663 -6.13259 18.9663 -0.178991 -6.15615 18.9482 -0.163857 -6.16404
18.9283 -0.149145 -6.16698 18.9084 -0.13443 -6.16989 18.8889 -0.120104 -6.17271 18.8607
-0.0970898 -6.19414 18.8322 -0.0740829 -6.21558 18.8021 -0.0499448 -6.23257 18.7697 -0.0240594
-6.24275 18.7281 0.00929553 -6.22431 18.667 0.048357 -6.25857 18.6029 0.0785102 -6.26536
18.5381 0.108693 -6.272 18.4628 0.138078 -6.2727 18.375 0.185646 -6.24667 18.3016
0.181359 -6.26755 18.2212 0.188254 -6.26282 18.1406 0.195168 -6.25808 18.0597 0.202101
-6.25331 17.9688 0.206963 -6.2221 17.9419 0.208515 -6.23143 17.91 0.205675 -6.22718
17.8798 0.203289 -6.21883 17.8496 0.2009 -6.21048 17.8199 0.198545 -6.20225 17.7729
0.197747 -6.20253 17.7257 0.196967 -6.2028 17.6772 0.195146 -6.2001 17.6249 0.190269
-6.18882 17.5578 0.173431 -6.14408 17.4971 0.153339 -6.15968 17.4265 0.134633 -6.14231
17.3562 0.115173 -6.1259 17.2868 0.0922466 -6.11442 17.2008 0.0875827 -6.05753 17.154
0.0348111 -6.08549 17.0905 0.00820763 -6.07289 17.0273 -0.0184669 -6.06025 16.9629 -0.0429361
-6.04406 16.8892 -0.0624083 -5.99477 16.882 -0.0652302 -5.99913 16.8732 -0.0693086 -5.99576
16.8636 -0.0739546 -5.98893 16.854 -0.0786054 -5.98211 16.8438 -0.0822959 -5.9759 16.8021
-0.0991587 -5.97112 16.7606 -0.116062 -5.96637 16.7157 -0.136169 -5.95073 16.6694 -0.157808
-5.93009 16.612 -0.189725 -5.87435 16.5699 -0.213895 -5.8801 16.5176 -0.241687 -5.84979
16.4651 -0.271019 -5.82323 16.412 -0.302524 -5.80206 16.363 -0.320234 -5.72805 16.3118
-0.370772 -5.74486 16.2629 -0.402973 -5.71756 16.2145 -0.435327 -5.69033 16.1671 -0.462912
-5.65145 16.1261 -0.490385 -5.59543 16.1258 -0.490732 -5.59519 16.1256 -0.49108 -5.59495
16.1254 -0.491427 -5.59471 16.1252 -0.49169 -5.59424 16.1251 -0.491745 -5.59321 16.0856
-0.523274 -5.57383 16.0433 -0.554953 -5.54037 16.002 -0.588149 -5.50178 15.9613 -0.621583
-5.46342 15.9229 -0.659921 -5.40588 15.8838 -0.690723 -5.3788 15.8456 -0.723047 -5.33362
15.8071 -0.75729 -5.29474 15.7684 -0.793064 -5.26076 15.733 -0.827985 -5.22071 15.721
-0.838943 -5.21452 15.7111 -0.848408 -5.20339 15.7011 -0.857889 -5.19229 15.6913 -0.867385
-5.18121 15.6827 -0.875726 -5.17152 15.6573 -0.900117 -5.14431 15.6323 -0.924614 -5.11728
15.6076 -0.949218 -5.09043 15.5832 -0.973928 -5.06375 15.5567 -1.00085 -5.02759 15.5552
-1.00216 -5.02696 15.5536 -1.00348 -5.02633 15.5521 -1.0048 -5.0257 15.5504 -1.00618
-5.02458 15.5485 -1.00778 -5.02176 15.5136 -1.04542 -4.98672 15.4822 -1.08165 -4.94038
15.4514 -1.11814 -4.89451 15.4213 -1.15489 -4.84913 15.4004 -1.18085 -4.77834 15.3602
-1.22213 -4.76033 15.3337 -1.25505 -4.70936 15.3055 -1.29062 -4.66286 15.2748 -1.32942
-4.62174 15.2436 -1.36485 -4.54177 15.2168 -1.39285 -4.52785 15.1883 -1.42661 -4.48182
15.1595 -1.46326 -4.42083 15.1308 -1.49881 -4.36034 15.1092 -1.52614 -4.28833 15.0975
-1.53668 -4.28506 15.0899 -1.54414 -4.27185 15.083 -1.55124 -4.25749 15.076 -1.55834
-4.24316 15.069 -1.56557 -4.22863 15.0457 -1.59119 -4.19374 15.0228 -1.6178 -4.15742
15.0004 -1.64451 -4.12131 14.9797 -1.67107 -4.0833 14.9732 -1.69517 -4.02406 14.9282
-1.7317 -3.98932 14.8919 -1.765 -3.94503 14.8632 -1.79582 -3.89398 14.8276 -1.83521
-3.81873 14.792 -1.87568 -3.74087 14.7625 -1.903 -3.69761 14.7344 -1.93003 -3.65505
14.696 -1.96655 -3.59786 14.6623 -1.99984 -3.53623 14.6307 -2.03223 -3.4747 14.5881
-2.06423 -3.41061 14.5438 -2.09963 -3.3519 14.5001 -2.13561 -3.29433 14.4548 -2.17116
-3.23907 14.4046 -2.20537 -3.18732 14.3962 -2.21011 -3.1759 14.3815 -2.2166 -3.16763
14.3668 -2.2231 -3.15937 14.3522 -2.22962 -3.15113 14.3399 -2.23664 -3.14045 14.3047
-2.26332 -3.09444 14.2703 -2.29007 -3.04868 14.2365 -2.31687 -3.00317 14.197 -2.34361
-2.96369 14.1526 -2.37026 -2.9295 14.1324 -2.37923 -2.91324 14.1182 -2.38798 -2.8989
14.1041 -2.39675 -2.88458 14.09 -2.40552 -2.87029 14.0768 -2.41388 -2.85673 14.0407
-2.43566 -2.82114 14.0052 -2.45751 -2.78569 13.9669 -2.47967 -2.751 13.9161 -2.50284
-2.71886 13.8824 -2.51851 -2.68788 13.8195 -2.55272 -2.63417 13.7569 -2.58117 -2.59042
13.7042 -2.60958 -2.54607 13.6588 -2.6352 -2.50965 13.6207 -2.65437 -2.49203 13.5647
-2.68257 -2.42481 13.5129 -2.70978 -2.3606 13.4723 -2.73285 -2.32416 13.4499 -2.75074
-2.29227 13.4393 -2.76527 -2.26337 13.3842 -2.78959 -2.20996 13.3551 -2.81527 -2.17914
13.3405 -2.83048 -2.13938 13.3272 -2.84535 -2.09936 13.3286 -2.86464 -2.08257 13.3114
-2.87181 -2.04242 13.3121 -2.88072 -2.02052 13.3131 -2.88961 -1.99866 13.3145 -2.89848
-1.97684 13.3165 -2.90858 -1.95198 13.3159 -2.91239 -1.93958 13.3153 -2.9162 -1.9272
13.3149 -2.92001 -1.91485 13.3143 -2.92455 -1.9032 13.3253 -2.93256 -1.90226 13.3176
-2.93331 -1.88413 13.3247 -2.93589 -1.87655 13.3319 -2.93847 -1.86898 13.3392 -2.94105
-1.86142 13.3464 -2.9436 -1.85392 13.3555 -2.95054 -1.83203 13.365 -2.95744 -1.81021
13.3748 -2.96432 -1.78846 13.3849 -2.97118 -1.76679 13.4196 -2.98355 -1.7701 13.4203
-2.97535 -1.71252 13.4479 -2.98326 -1.69003 13.4774 -2.99206 -1.66967 13.5146 -3.00012
-1.65606 13.5634 -3.01154 -1.65628 13.5859 -3.00746 -1.61978 13.6126 -3.00407 -1.58784
13.6526 -3.00683 -1.5721 13.7274 -3.02687 -1.60199 13.802 -3.04666 -1.63234 13.8112
-3.02297 -1.57467 13.8342 -3.00708 -1.53654 13.8816 -3.00497 -1.53139 13.9319 -3.00485
-1.52903 13.9919 -3.01501 -1.54254 14.0268 -3.00491 -1.52679 14.0703 -3.00068 -1.52601
14.1125 -2.99617 -1.52583 14.1535 -2.99141 -1.5262 14.1963 -2.98637 -1.52655 14.2023
-2.98546 -1.52595 14.2083 -2.98456 -1.52536 14.2144 -2.98365 -1.52476 14.2204 -2.98274
-1.52417 14.2259 -2.98325 -1.52558 14.2677 -2.9729 -1.52239 14.3096 -2.96461 -1.52222
14.3514 -2.95626 -1.52203 14.3938 -2.94804 -1.52122 14.3878 -2.93801 -1.53126 14.4605
-2.92239 -1.52245 14.509 -2.91678 -1.52672 14.5482 -2.9093 -1.53163 14.5873 -2.90176
-1.5365 14.6212 -2.9046 -1.5452 14.6622 -2.88375 -1.5449 14.7022 -2.87449 -1.55144
14.7171 -2.85493 -1.54916 14.7196 -2.83015 -1.54247 14.7208 -2.80838 -1.53901 14.7394
-2.80415 -1.53911 14.7551 -2.80308 -1.54126 14.7708 -2.802 -1.54342 14.7865 -2.80092
-1.54557 14.8021 -2.79984 -1.54772 14.8359 -2.79429 -1.55093 14.8697 -2.78871 -1.55413
14.9034 -2.78312 -1.55732 14.9318 -2.77403 -1.5595 14.9589 -2.77388 -1.57093 14.9794
-2.74319 -1.56083 14.9809 -2.71408 -1.55486 14.9788 -2.68937 -1.55059 14.9767 -2.66456
-1.54629 14.9741 -2.63696 -1.5415 15.0166 -2.63293 -1.54424 15.066 -2.63238 -1.54843
15.1154 -2.63177 -1.5526 15.162 -2.62977 -1.55625 15.1381 -2.6038 -1.54457 15.2057
-2.58186 -1.54432 15.2122 -2.53372 -1.53135 15.2561 -2.5081 -1.52484 15.3198 -2.49934
-1.52124 15.2364 -2.44143 -1.48774 15.3372 -2.44373 -1.49723 15.3641 -2.40952 -1.48613
15.3887 -2.38172 -1.47316 15.372 -2.34383 -1.44534 15.3114 -2.28996 -1.40717 15.386
-2.28052 -1.4156 15.4678 -2.27367 -1.42463 15.4859 -2.24846 -1.4108 15.4357 -2.20925
-1.36628 15.4135 -2.18594 -1.33235 15.4664 -2.17366 -1.33904 15.5116 -2.15797 -1.34204
15.5055 -2.13168 -1.32257 15.47 -2.09571 -1.2788 15.4244 -2.05663 -1.22655 15.4835
-2.04046 -1.24037 15.4982 -2.01712 -1.23189 15.4876 -1.99533 -1.21017 15.4759 -1.9751
-1.18771 15.417 -1.94111 -1.12558 15.465 -1.93138 -1.13777 15.4509 -1.91504 -1.11323
15.4375 -1.89848 -1.0889 15.4283 -1.8754 -1.06847 15.402 -1.83941 -1.03394 15.4185
-1.84098 -1.0392 15.4145 -1.83202 -1.03224 15.4107 -1.82302 -1.0253 15.4069 -1.81398
-1.01838 15.4017 -1.80819 -1.00872 15.3974 -1.79852 -0.994013 15.3933 -1.78876 -0.979391
15.3894 -1.77891 -0.96485 15.3857 -1.76898 -0.950391 15.3552 -1.74987 -0.9248 15.3777
-1.74239 -0.916376 15.3739 -1.7273 -0.893912 15.3706 -1.71199 -0.871646 15.3681 -1.69519
-0.850617 15.2171 -1.66802 -0.733773 15.3585 -1.65417 -0.813453 15.3494 -1.63678 -0.790904
15.3371 -1.61917 -0.765879 15.3257 -1.60133 -0.741173 15.2495 -1.56398 -0.696655 15.2996
-1.56325 -0.698059 15.2928 -1.54409 -0.679011 15.2866 -1.52471 -0.660203 15.2748 -1.51821
-0.636316 15.1656 -1.50368 -0.554419 15.2531 -1.48072 -0.60052 15.2409 -1.45674 -0.585888
15.2357 -1.43698 -0.57364 15.2321 -1.41791 -0.562 15.1953 -1.39154 -0.543622 15.2204
-1.38192 -0.542929 15.2183 -1.3638 -0.539696 15.2101 -1.35671 -0.527638 15.199 -1.35556
-0.510952 15.1502 -1.35143 -0.475155 15.1802 -1.32955 -0.491715 15.1717 -1.30817 -0.487208
15.1632 -1.28658 -0.482768 15.1602 -1.27128 -0.483602 15.1518 -1.25622 -0.484612 15.156
-1.2531 -0.487367 15.1552 -1.24908 -0.490592 15.1544 -1.24506 -0.493797 15.1493 -1.24612
-0.49104 15.1436 -1.24831 -0.487052 15.1381 -1.25252 -0.482623 15.1326 -1.25672 -0.478218
15.1273 -1.26092 -0.473838 15.122 -1.26511 -0.469482 15.1202 -1.2725 -0.469175 15.1137
-1.2591 -0.46986 15.1094 -1.24828 -0.473671 15.1051 -1.23742 -0.477453 15.1006 -1.22652
-0.481205 15.1059 -1.24906 -0.492304 15.1018 -1.24069 -0.490926 15.0925 -1.25859 -0.484655
15.0833 -1.27658 -0.478407 15.0743 -1.29464 -0.472182 15.0862 -1.34057 -0.482475 15.0771
-1.32393 -0.480368 15.0818 -1.33217 -0.490048 15.0862 -1.34067 -0.499625 15.0904 -1.34944
-0.509099 15.1016 -1.36778 -0.517342 15.1094 -1.41803 -0.509382 15.1008 -1.45281 -0.49833
15.0923 -1.48771 -0.487156 15.0839 -1.52272 -0.475859 15.0308 -1.56969 -0.441586 15.07
-1.58092 -0.459558 15.0744 -1.61266 -0.461597 15.1127 -1.70525 -0.451826 15.1018 -1.78385
-0.421934 14.9841 -1.94265 -0.333939 15.0763 -1.87699 -0.378601 15.0927 -1.91819 -0.377551
15.1354 -2.0059 -0.365539 15.0964 -2.12796 -0.312035 14.9703 -2.36382 -0.204625 15.0486
-2.26458 -0.250223 15.1139 -2.20498 -0.283974 15.1486 -2.2597 -0.280096 15.2274 -2.18744
-0.357422 15.2481 -2.20467 -0.386913 15.2326 -2.24368 -0.355755 15.1793 -2.36943 -0.282822
15.2119 -2.39869 -0.288516 15.1423 -2.55599 -0.22865 15.0411 -2.75564 -0.147919 15.1429
-2.59793 -0.228988 15.2169 -2.50761 -0.282133 15.2217 -2.57 -0.26717 15.1715 -2.6903
-0.222249 15.0521 -2.88224 -0.139427 15.1525 -2.74959 -0.211659 15.1502 -2.81638 -0.194174
15.1473 -2.88374 -0.17579 15.1224 -2.94805 -0.153034 15.0568 -3.04598 -0.110711 15.0734
-3.0264 -0.121577 15.063 -3.04151 -0.114939 15.0527 -3.05663 -0.108251 15.0423 -3.07176
-0.101513 15.0319 -3.08685 -0.0947493 15.0129 -3.07557 -0.0830101 15.0093 -3.06505 -0.0749662
15.006 -3.05435 -0.0670415 15.0028 -3.04348 -0.0592376 15.0112 -3.09962 -0.0815626 14.9672
-3.02492 -0.0287096 14.9618 -3.01734 -0.0145722 14.9567 -3.00946 -0.000693618 14.9317 -3.0875
0.0202642 14.8873 -3.24737 0.0484768 14.8956 -3.10959 0.0434443 14.9035 -3.04833 0.0438561
14.9159 -3.06598 0.0530965 14.9392 -3.1361 0.0409376 14.9692 -3.25369 0.00953644 14.928
-3.16007 0.0701101 14.9178 -3.11639 0.108901 14.9344 -3.13379 0.11685 14.9525 -3.22737
0.136612 14.9712 -3.39909 0.169167 14.9693 -3.26819 0.18696 15.0381 -3.319 0.192372
15.1066 -3.36994 0.198037 15.1629 -3.4197 0.196384 15.2055 -3.47216 0.183132 15.1885
-3.47459 0.216379 15.1741 -3.47387 0.256434 15.1915 -3.46425 0.292157 15.2089 -3.45343
0.327716 15.4621 -3.48816 0.335824 15.2117 -3.48621 0.383963 15.2423 -3.47723 0.395536
15.2034 -3.48838 0.426452 15.7404 -2.82597 0.334237 17.0198 -1.45364 0.042737 15.9022
-2.77489 0.310551 15.3387 -3.47167 0.458175 15.4286 -3.47437 0.478269 15.8924 -2.9278
0.480261 16.9728 -1.49924 0.446316 16.0711 -2.89569 0.523035 15.7447 -3.39211 0.572325
15.8448 -3.30264 0.592639 16.18 -2.90748 0.550804 17.2636 -1.51848 0.306727 17.2887
-1.5406 0.315121 17.3742 -1.45532 0.330944 17.9999 -1.07828 0.230181 18.6204 -0.714536
0.121455 19.4685 -0.105901 -0.00189658 19.0872 -0.489255 0.0218587 19.123 -0.471848 0.0147176
19.1412 -0.449796 0.0206617 19.1584 -0.428816 0.0263417 19.4819 -0.11724 0.00985184 19.2384
-0.391672 0.00681303 19.2638 -0.377324 0.000584178 19.2756 -0.360717 0.00614745 19.2868 -0.344871
0.011475 19.4911 -0.124074 0.0145755 19.3378 -0.315292 -0.00131349 19.3579 -0.305271 -0.00829152
19.3658 -0.292714 -0.00333286 19.3733 -0.280696 0.00142701 19.5012 -0.13088 0.0124166 19.4182
-0.253367 -0.00548851 19.4191 -0.252856 -0.00688492 19.2119 -0.396779 -6.80739e-05 19.0071 -0.535218
0.00950655 18.851 -0.604694 0.0295363 
