# vtk DataFile Version 2.0
sampleSurface
ASCII
DATASET POLYDATA
POINTS 14151 float
-0.0537757 -1.1918e-20 0 0.0718717 -9.21642e-21 0 -0.0832215 -9.52089e-21 0 -0.0896378 1.60022e-20
0.012104 0.0947008 7.57507e-21 0 0.0974864 -2.90104e-21 0.00672033 0.00044331 -1.21643e-20 0.0990476
0.00726759 4.00025e-21 0.0989334 0.0159871 -1.83658e-18 0.0987217 0.100636 -7.86189e-19 0 -0.0156993
-2.69425e-20 0.100001 -0.0162366 3.75264e-20 0.100137 0.0308697 -3.5155e-21 0.0993361 -0.104944 6.76149e-21
0 -0.104944 2.42877e-19 0.00256496 -0.104499 -4.39575e-21 0.0178698 -0.105128 8.41159e-21 0.0163815
0.106993 -3.12244e-21 0.0092154 0.000692403 1.17914e-22 0.107835 0.000757923 -1.71238e-21 0.110185 0.0162567
7.75455e-22 0.110058 -0.0190916 -1.14932e-20 0.109654 -0.0197683 4.82246e-22 0.11132 -0.0196792 -9.67883e-21
0.111345 0.0320512 -1.30536e-18 0.109201 0.0525323 -1.63518e-19 0.102426 0.121606 -6.14212e-21 0
0.121606 -6.14212e-21 0.00250425 -0.122676 -4.332e-21 0 -0.122676 -4.332e-21 0.0039018 0.122523
5.52607e-21 0.0147315 0.0650387 -5.69101e-19 0.10536 0.123316 1.24661e-18 0.0126431 0.00129199 -1.49603e-21
0.124281 0.064639 1.6069e-19 0.106883 0.0165404 -4.79183e-19 0.124232 -0.0199656 9.69632e-22 0.123749
-0.0197695 -6.15397e-21 0.123782 -0.125159 1.54404e-19 0.0141656 0.0322729 6.69198e-21 0.123565 -0.125928
8.97393e-22 0.0278052 -0.12734 1.99259e-21 0.0250168 -0.0174407 -2.14452e-20 0.129437 0.0483133 6.53471e-20
0.122345 0.0787602 1.42868e-20 0.109612 0.0780285 -3.05782e-20 0.111723 0.135452 -5.1261e-21 0.0200834
-0.0144185 -1.4047e-20 0.136963 0.136874 -9.31397e-21 0.0168534 -0.00454973 2.03751e-21 0.138112 0.0638186
9.003e-20 0.123298 0.138882 2.93327e-21 0 0.138882 -1.19711e-19 0.00386046 0.00261078 8.92065e-19
0.139034 -0.139211 3.6096e-21 0 -0.139211 2.21476e-19 0.00446234 -0.0736805 1.17661e-21 0.118508
0.0169058 1.39947e-20 0.139475 -0.140419 3.48943e-21 0.0169774 -0.13747 -1.08819e-21 0.0340485 -0.0629678
3.37993e-22 0.12766 -0.063035 5.04522e-22 0.127653 -0.0630357 -2.53139e-21 0.127676 -0.139425 -2.47637e-18
0.0306316 0.0322334 -4.04179e-19 0.139185 0.0480947 -1.66415e-20 0.138501 0.0791779 -5.53719e-19 0.124685
0.150896 2.05966e-22 0 0.150896 2.05966e-22 0.00429288 -0.0571454 -1.17327e-21 0.140802 -0.057222
-3.38277e-19 0.140804 0.0638983 6.64659e-20 0.138863 0.151255 -3.16766e-22 0.0277377 -0.0880072 1.07031e-21
0.126787 0.0996048 6.53176e-21 0.11838 -0.155036 -9.47744e-23 0 -0.155036 -9.47744e-23 0.00463798
0.155159 -2.44898e-22 0 0.155159 -2.44898e-22 0.00444634 -0.00634638 2.44003e-21 0.15532 0.155899
1.10077e-22 0.00861783 0.0981366 -9.13029e-22 0.121518 0.0168244 2.4871e-20 0.15541 -0.15563 -1.02073e-19
0.0173226 0.157193 -7.62641e-19 0.0159192 -0.0048803 9.58426e-21 0.158253 0.0320645 2.39495e-21 0.15528
0.155933 3.19566e-22 0.0300069 -0.0784561 -3.92087e-24 0.138121 -0.078201 4.5209e-23 0.138592 0.156531
-5.73646e-22 0.0288587 -0.0785619 -2.92241e-23 0.138554 -0.0785649 -3.86008e-23 0.13863 -0.153611 1.38089e-22
0.0439936 -0.156996 -2.155e-22 0.0302084 0.157942 -3.13055e-21 0.0261596 -0.0553941 -1.18955e-18 0.150459
0.0792576 -8.50494e-21 0.139889 -0.00366885 -4.40499e-21 0.160788 0.0478319 1.17387e-18 0.154785 -0.162882
1.1642e-21 0 -0.162882 -1.83461e-22 0.00465884 -0.162038 1.1944e-21 0.0174675 -0.156528 -4.13118e-22
0.0457926 0.162375 -1.26867e-21 0.0165586 -0.158258 -3.65127e-22 0.0431469 -0.0538143 -1.3255e-21 0.155193
-0.159 -1.05878e-18 0.0420132 -0.161659 1.56878e-22 0.0306311 -0.0534757 -1.56017e-21 0.155749 -0.0539295
6.36149e-19 0.155744 -0.160338 4.40344e-23 0.0429272 -0.0992216 4.40107e-19 0.133255 -0.00148708 4.16456e-21
0.166193 0.110889 -6.91426e-21 0.124182 0.0637493 -1.32861e-20 0.154474 0.109151 5.52477e-21 0.127312
0.0947708 5.78151e-21 0.140008 -1.76039e-05 -1.14031e-20 0.169906 -0.102593 -1.19071e-21 0.135713 0.00383031
-1.6502e-21 0.170109 -0.170583 -1.70844e-21 0 -0.170583 3.03233e-20 0.00467931 0.167001 2.18923e-21
0.0362017 0.170981 -2.31549e-21 0 0.170981 3.30709e-19 0.00463399 -0.170869 6.89059e-22 0.0176678
0.0172645 3.21322e-20 0.171009 0.169092 9.23077e-23 0.0321226 0.16932 1.91999e-20 0.0322445 -0.0975017
1.78691e-21 0.142263 0.171596 2.22981e-21 0.0177023 -0.0792374 2.53616e-20 0.155011 0.0319817 9.29014e-19
0.171355 -0.166326 2.12093e-21 0.0526365 0.0794804 4.12859e-20 0.155314 -0.17172 1.50327e-21 0.0315441
0.00197825 9.3346e-21 0.175045 -0.169051 1.02199e-21 0.0488822 0.0476198 9.26438e-21 0.171162 0.109687
3.70074e-20 0.141158 -0.110206 -1.45096e-21 0.14123 -0.0490256 -1.26159e-20 0.173255 -0.0498247 -1.59789e-20
0.173288 -0.0952131 -4.11862e-21 0.154271 0.0950148 2.11241e-20 0.155215 0.0634728 1.32085e-18 0.170903
-0.0664803 -4.84785e-20 0.172234 -0.186097 1.92176e-21 0 -0.186097 1.92176e-21 0.00468651 0.186708
9.10008e-23 0 0.186708 9.10008e-23 0.00467865 -0.186378 8.93413e-22 0.0181749 0.187147 1.11361e-21
0.0175562 0.129647 -3.56656e-20 0.136128 0.127464 -2.81251e-19 0.139171 -0.186019 1.51165e-21 0.0326736
0.0797026 -1.16788e-20 0.171325 -0.0806813 -3.33233e-21 0.170987 0.00715743 2.12404e-20 0.189324 0.031529
-2.47609e-20 0.187494 0.18831 1.3647e-21 0.0304772 0.110312 -9.45134e-19 0.155764 -0.109837 -8.1639e-19
0.156266 0.185574 -3.86752e-22 0.0480102 -0.18748 2.59148e-19 0.0469708 0.188233 -4.63129e-19 0.0441704
0.0474357 -1.4575e-18 0.187441 0.00925594 -7.03344e-21 0.194053 -0.0474099 5.04997e-22 0.188777 -0.0474254
-3.2638e-22 0.188778 -0.183498 -2.80842e-22 0.0660989 -0.0956514 -1.62036e-18 0.17052 0.0948746 -1.18569e-18
0.171183 -0.186529 -4.57297e-22 0.0625312 0.0632204 2.7025e-21 0.187321 -0.0669396 1.23125e-21 0.187915
0.125784 4.01276e-20 0.155895 -0.126934 3.35114e-22 0.155747 -0.201651 -3.58023e-21 0 -0.201651
7.57149e-19 0.00468741 -0.0958518 -2.03563e-21 0.177584 0.202334 4.60839e-21 0 0.202334 -3.59476e-19
0.00468643 -0.201709 -4.53284e-21 0.0187658 0.0118469 -8.60357e-23 0.202367 0.0122435 6.98962e-21 0.202368
0.0791265 -7.04317e-21 0.187036 0.202696 6.85354e-21 0.0175112 0.110648 8.79882e-21 0.170916 -0.0812145
-2.11629e-18 0.18682 -0.110355 -8.66548e-22 0.171476 -0.20156 -6.56739e-21 0.0326679 0.20266 -8.22958e-20
0.0316254 0.0326946 -1.86322e-19 0.202912 -0.0898479 3.31436e-21 0.186536 -0.043734 -1.36829e-21 0.203178
-0.0437882 -1.13348e-21 0.203181 -0.110536 -2.47342e-21 0.176296 -0.202934 -2.57655e-21 0.047429 0.0475011
-1.67137e-20 0.203576 -0.132608 3.82628e-20 0.162042 0.0950734 -5.95542e-20 0.186628 0.204634 -2.77928e-21
0.0449351 -0.0961009 2.92885e-22 0.186328 0.146834 -2.13074e-20 0.149933 0.144385 -5.68902e-19 0.152667
0.126524 1.15964e-21 0.170572 0.203594 -4.61051e-21 0.0614112 -0.203774 6.95805e-21 0.0618498 -0.124391
-1.14639e-20 0.173115 0.0629233 -3.62318e-20 0.203731 -0.0810085 6.13323e-22 0.197639 -0.0657662 6.80555e-19
0.203416 0.206478 -1.24104e-21 0.0577132 -0.127422 -5.74068e-21 0.172747 -0.200072 -3.61373e-22 0.0812042
0.11109 -1.95845e-18 0.186139 0.0169321 -1.61004e-20 0.216218 -0.0416676 -2.62057e-20 0.21284 -0.110932
-2.26524e-19 0.186711 -0.217256 -3.6847e-21 0 -0.217256 -3.6847e-21 0.0046875 -0.0785502 1.37612e-21
0.202637 -0.041017 1.06132e-19 0.213675 -0.203354 1.73403e-21 0.0778542 0.21789 -9.80749e-21 0
0.21789 -9.80749e-21 0.00468741 -0.0809158 -2.30949e-21 0.202492 -0.217246 -9.89174e-19 0.0191011 0.0787605
-3.7019e-20 0.203424 0.217979 -6.7854e-19 0.0184314 -0.217331 2.32558e-21 0.0334345 0.217803 1.43837e-20
0.0321114 0.0330567 -3.1775e-20 0.218493 -0.0375061 -3.39832e-21 0.217884 -0.125121 -8.1187e-21 0.182376
-0.14095 -2.81941e-20 0.171012 -0.0433416 4.1008e-20 0.217483 0.141858 6.1058e-21 0.170732 -0.217772
-8.81626e-22 0.0479619 -0.0962325 3.16165e-21 0.201979 0.212816 7.04888e-22 0.0691243 0.0946968 -6.92018e-19
0.202954 0.219164 -4.70467e-21 0.0468568 0.0470695 -2.66864e-20 0.219987 0.126364 -3.16684e-20 0.186426
0.21587 -7.67044e-22 0.065564 -0.125531 -1.2567e-21 0.18749 -0.218775 3.27485e-21 0.0624506 -0.0644075
-2.57806e-22 0.21888 -0.0666693 -3.04159e-21 0.21879 -0.0644059 1.48232e-21 0.219652 0.0623221 -4.36828e-21
0.220351 0.110684 3.6456e-20 0.202431 -0.111389 -1.57293e-20 0.202061 0.159796 7.17776e-20 0.16823
0.162566 3.91924e-20 0.165766 -0.0802979 7.35074e-21 0.218246 -0.219694 -2.1554e-18 0.0771866 0.0781661
-9.37534e-19 0.219919 0.233453 -9.41294e-21 0 0.233453 5.65769e-19 0.00468749 -0.0364659 7.4585e-20
0.231159 0.233421 -4.33671e-21 0.0186738 0.141781 -3.20487e-20 0.186531 -0.139901 3.31487e-21 0.1881
0.0234144 -2.60961e-21 0.234138 -0.233078 4.39332e-22 0.0337493 0.233293 3.23324e-19 0.0325997 -0.215504
6.82256e-21 0.0974978 -0.232723 -1.88386e-21 0.0482947 -0.0959699 -1.34565e-20 0.217787 -0.0351689 -2.89936e-20
0.23562 -0.035742 -1.3033e-20 0.235604 0.126012 6.61745e-20 0.202279 -0.21901 3.40147e-21 0.0943818
-0.126371 1.26016e-20 0.202472 0.0941546 5.49918e-20 0.219318 -0.0397539 -3.24855e-20 0.235546 0.234122
-6.27355e-21 0.0474962 0.0257878 -1.03424e-18 0.238927 -0.04987 -5.85256e-20 0.235436 -0.150465 6.85497e-21
0.188196 0.0459352 3.47361e-20 0.237077 -0.153088 1.33139e-21 0.187539 -0.233798 -8.65649e-19 0.0630361
0.234358 5.76431e-19 0.0626279 -0.153601 -1.59678e-21 0.188223 -0.0643584 -3.45539e-19 0.234767 0.228611
4.21365e-22 0.0838786 0.156664 1.17169e-20 0.18711 -0.154199 -9.74258e-22 0.189203 -0.111517 -1.12271e-18
0.217662 0.110151 1.33267e-18 0.21874 0.0615067 5.20608e-19 0.237408 0.231935 -7.30573e-21 0.0805679
0.141777 -2.67025e-20 0.202316 -0.141373 -2.26198e-20 0.202787 -0.234785 -5.12547e-21 0.0777225 -0.0798091
-9.16873e-21 0.234099 -0.248568 -7.01823e-21 0 -0.248568 -7.01823e-21 0.00703767 0.0774851 2.95918e-20
0.236546 0.249069 -1.06008e-20 0 0.249069 -1.06008e-20 0.0046875 0.249017 1.85502e-21 0.0190001
-0.248659 2.82814e-21 0.0345567 0.249031 -7.87524e-21 0.0333648 0.125563 3.80406e-20 0.218303 -0.12668
1.459e-20 0.217983 -0.0954462 1.57357e-20 0.233718 -0.0311661 -6.97396e-20 0.250625 -0.0324291 3.87988e-20
0.250475 -0.248444 5.13357e-19 0.0482065 -0.235596 -2.19246e-18 0.0927258 0.0296453 1.02856e-21 0.251489
0.0302893 8.87012e-21 0.251599 0.0935795 -7.09665e-21 0.235629 0.249112 5.44472e-19 0.0480479 -0.039402
4.4095e-20 0.250802 0.173361 -3.53211e-23 0.185641 0.176552 -2.91431e-21 0.183387 -0.160289 1.84889e-20
0.199007 -0.0484516 -5.2389e-20 0.251471 -0.229353 4.07408e-21 0.114403 0.156878 2.50513e-20 0.202777
-0.249418 -1.29597e-21 0.0632471 0.249732 -9.94771e-21 0.0628735 -0.23309 -2.21534e-21 0.111568 -0.0635302
3.02826e-20 0.250578 0.109649 8.23937e-21 0.234881 0.141516 -9.87051e-19 0.218061 -0.141823 -1.7109e-20
0.218225 0.0421277 -4.65166e-20 0.257736 -0.249854 4.27306e-21 0.0782715 0.250063 5.50059e-22 0.0780393
-0.0790955 -6.73823e-19 0.249909 0.0609528 -4.59496e-20 0.255166 0.243288 -1.31369e-20 0.0997393 0.0769786
-1.76799e-18 0.252757 0.246863 -9.22057e-22 0.0967018 -0.126566 2.27129e-18 0.233879 0.125858 -6.04633e-20
0.234264 0.171321 3.59941e-21 0.203669 0.264675 5.40959e-19 0.0333637 -0.0948158 -3.15897e-20 0.249596
-0.236455 -6.53046e-21 0.124123 -0.250761 4.97381e-21 0.0932072 0.0932706 -3.79986e-21 0.25123 -0.156658
2.15231e-21 0.218569 0.157335 -1.15365e-20 0.218244 0.264775 9.83939e-21 0.0483941 -0.240332 2.78519e-22
0.121483 -0.0271241 1.23367e-19 0.268737 -0.0281519 -3.18996e-19 0.269608 -0.0280747 -6.38983e-21 0.269658
-0.0454371 4.41472e-21 0.267427 -0.0468924 1.11223e-20 0.267226 -0.264158 2.47868e-22 0.0636381 -0.242123
-7.61216e-22 0.124249 0.265268 4.31859e-21 0.0632519 0.141432 4.8021e-20 0.233265 0.109478 -2.40498e-20
0.250325 -0.0634212 -4.71733e-20 0.26584 0.250958 6.82529e-21 0.108984 -0.141865 -3.61836e-21 0.234007
-0.25184 -1.32714e-18 0.108162 0.185001 -4.0547e-19 0.204394 0.254674 -7.09835e-19 0.106118 -0.265116
-2.11003e-21 0.0785721 0.188467 -2.52096e-20 0.202518 0.265869 1.1223e-20 0.0781403 -0.078965 1.30399e-20
0.265673 -0.170359 -3.20809e-20 0.218676 0.172339 -2.50911e-19 0.218726 0.0771921 8.15438e-21 0.267716
0.125697 1.64502e-20 0.249762 -0.126308 -1.11507e-20 0.2498 -0.279955 -1.13559e-21 0 -0.279955
7.39356e-19 0.00847628 0.280425 -4.90471e-21 0 0.280425 -4.90471e-21 0.00703608 -0.0942682 2.2188e-18
0.265299 0.157187 -3.9779e-19 0.233752 -0.253547 -6.06127e-23 0.122734 0.0934969 4.16848e-19 0.265822
-0.156813 6.36567e-19 0.234284 -0.26598 4.66335e-19 0.0935208 -0.253484 1.87116e-22 0.123842 -0.0352715
-7.58428e-22 0.280048 0.266498 -1.23426e-18 0.0932409 -0.0334673 3.23362e-20 0.280403 -0.280136 7.81329e-22
0.0360459 -0.0353919 8.67685e-22 0.280221 0.280418 -4.6289e-21 0.0347118 -0.0336723 2.04708e-21 0.280811
0.0583935 2.1382e-20 0.277431 -0.255693 1.06274e-23 0.122889 -0.247067 2.41048e-21 0.140514 0.280183
-1.22104e-20 0.048385 -0.0491226 8.02257e-19 0.280287 0.0623601 4.06416e-20 0.279099 0.109731 1.32111e-20
0.2648 -0.248538 -5.44735e-23 0.142789 0.262141 -4.07825e-22 0.11624 -0.279887 2.15358e-19 0.0634026
0.141939 6.26804e-19 0.24945 -0.141725 7.0117e-19 0.249819 0.0625168 5.986e-20 0.280634 0.190467
1.0616e-21 0.21552 -0.0640046 -2.10184e-20 0.280533 0.280881 -3.61187e-21 0.0635531 -0.266874 9.63978e-22
0.108586 0.194175 -3.93237e-20 0.213815 0.268079 -1.14e-21 0.107648 -0.252551 -2.74668e-21 0.140379
-0.175109 5.93477e-20 0.230795 0.172472 6.05171e-20 0.234256 -0.267236 -2.50891e-21 0.115676 0.110065
-8.3994e-21 0.27003 -0.280767 6.38795e-19 0.078754 -0.0790797 -2.76885e-20 0.280771 0.281239 1.27025e-18
0.0786761 0.125821 -1.99038e-20 0.264419 0.264299 -2.47061e-21 0.127058 -0.126225 -5.87788e-21 0.265615
0.268143 -1.33647e-21 0.120965 0.0795305 4.09425e-20 0.283784 -0.267648 2.8603e-21 0.123751 -0.156649
5.36835e-20 0.249902 0.267447 3.62347e-22 0.124891 0.158181 -1.18489e-21 0.2493 0.268158 -1.42699e-21
0.124401 0.0795213 2.45733e-20 0.285097 -0.036232 5.78247e-21 0.293904 -0.0381075 -8.54179e-19 0.293686
0.0794463 5.25014e-20 0.285365 -0.0943253 3.31592e-20 0.280846 -0.281395 9.22299e-22 0.0937217 0.281598
8.72757e-21 0.0939726 -0.0502125 3.08785e-20 0.294615 0.104838 -2.79285e-20 0.279951 0.110537 -2.39893e-20
0.277801 0.271918 -2.31716e-21 0.124351 0.0883434 2.38165e-20 0.286078 0.187046 7.0373e-20 0.234716
0.141837 -1.79646e-20 0.264503 -0.0374219 -1.56997e-20 0.298406 -0.0362109 4.71724e-21 0.298567 -0.141663
-4.40379e-20 0.265574 -0.280976 -9.6945e-22 0.109067 -0.281738 -1.71836e-21 0.108338 -0.267846 -3.50567e-21
0.139307 -0.281756 1.04215e-18 0.109094 0.28201 -3.00263e-21 0.109132 -0.0644646 -1.8318e-20 0.295559
0.295808 -3.87495e-19 0.0642043 0.111066 -1.14242e-20 0.281733 -0.170681 -2.32901e-20 0.250191 0.122291
5.46908e-21 0.277829 0.0934789 7.50823e-22 0.288963 0.0934372 -9.85329e-21 0.289058 0.173397 -5.97968e-21
0.249436 0.126214 -1.1267e-20 0.277863 -0.259057 5.66058e-21 0.161913 -0.0786111 -1.06283e-20 0.296351
0.296648 -9.68377e-22 0.0792736 -0.263241 5.55761e-19 0.159809 0.157933 1.76506e-18 0.264573 -0.126027
1.84864e-18 0.281327 -0.156653 1.31999e-20 0.265542 -0.282266 -1.81221e-21 0.124417 0.282484 -1.05659e-22
0.124212 0.1996 3.09632e-21 0.236038 -0.0361674 -3.78772e-20 0.307084 -0.0361881 -3.88656e-20 0.307086
-0.036081 -8.80278e-21 0.307348 -0.0472734 1.62448e-20 0.306006 -0.181168 9.25379e-22 0.251283 0.202873
-7.76347e-22 0.234963 -0.0939391 7.74714e-21 0.296651 -0.311349 -2.91985e-22 0 -0.311349 -2.91985e-22
0.00910959 0.296739 2.86428e-21 0.0947815 0.311899 -5.52619e-22 0 0.311899 -5.52619e-22 0.00847613
0.276025 1.66155e-21 0.145622 -0.297711 1.44357e-21 0.0941208 0.141738 4.65344e-20 0.278903 0.188487
-3.39018e-20 0.24996 0.27938 -3.59788e-22 0.142171 -0.311411 2.87231e-20 0.0361748 0.312019 2.04213e-18
0.0365817 0.112471 1.19553e-20 0.293712 0.280068 1.73084e-24 0.143262 0.280235 1.0648e-21 0.143564
-0.141613 -1.39276e-18 0.281323 -0.282502 -3.01948e-19 0.139991 0.112409 4.87716e-21 0.295129 -0.171005
-3.86228e-22 0.265585 0.295797 -2.63141e-22 0.110949 0.112364 4.46763e-23 0.295391 -0.264443 -6.01258e-21
0.173246 0.173926 -4.96181e-20 0.264835 -0.0636405 3.28714e-22 0.310465 -0.311294 -1.12892e-21 0.0631203
-0.063583 1.13474e-21 0.311499 0.311657 9.4171e-22 0.0644095 -0.065553 1.4844e-23 0.311579 -0.268722
-2.37058e-20 0.17135 -0.0444892 -4.83933e-19 0.316921 0.157625 3.392e-20 0.279168 -0.311284 -2.12375e-22
0.0777304 0.295494 7.15788e-22 0.12626 -0.0785052 -3.96903e-21 0.312109 -0.156692 2.9311e-21 0.281273
-0.297225 1.82545e-21 0.12481 0.31236 -4.7797e-22 0.0798303 0.204466 2.07026e-19 0.249274 -0.125648
4.08912e-19 0.297139 -0.282575 5.99535e-21 0.155725 0.282132 3.36523e-21 0.156631 -0.184125 1.04818e-18
0.265736 0.126473 3.57118e-20 0.297571 0.206796 2.6319e-20 0.248704 -0.171209 -7.98136e-22 0.274592
0.284207 1.08693e-21 0.15556 0.126403 -1.19076e-21 0.298487 0.126376 -2.00057e-20 0.298673 -0.311272
1.05946e-23 0.0944525 0.28627 -9.6425e-22 0.15449 0.189876 1.09603e-18 0.265184 0.311955 -2.01877e-23
0.0954058 0.306518 -3.22591e-22 0.111655 0.312077 -2.63455e-21 0.0953362 -0.0938807 -2.7252e-20 0.312536
0.312075 -1.48586e-23 0.0954108 0.301176 1.31153e-22 0.126651 0.294845 -9.78791e-22 0.141458 -0.26981
1.19045e-20 0.186004 -0.168659 -2.71476e-21 0.281252 0.295179 -4.3802e-22 0.143979 -0.141123 -6.35443e-21
0.297169 0.297027 5.23607e-22 0.141482 0.173257 7.64351e-19 0.279753 -0.297694 -7.26586e-21 0.140257
-0.0512158 5.59399e-22 0.325275 -0.171363 5.44068e-22 0.281247 0.135791 3.29671e-21 0.300167 -0.172018
-2.6436e-21 0.281246 -0.27416 -6.10881e-20 0.184289 0.311295 -1.2084e-21 0.111971 -0.28392 1.60203e-18
0.170765 -0.109699 -6.90188e-21 0.312856 0.157796 7.15255e-19 0.292447 -0.171081 -1.98791e-21 0.286229
0.327427 -3.61599e-21 0.0656565 0.296579 6.58432e-19 0.154549 0.209486 -6.57741e-20 0.261324 0.209543
2.38579e-20 0.261313 0.288727 1.01707e-21 0.170303 0.142531 1.82959e-21 0.303821 -0.156085 -6.88841e-19
0.297105 0.142486 9.87545e-21 0.303912 0.310614 -2.20256e-21 0.127301 -0.298132 -1.44223e-19 0.15578
-0.312591 -1.28899e-20 0.125016 -0.186134 2.69796e-20 0.281229 -0.12574 -2.79988e-20 0.31295 -0.0782248
3.75279e-21 0.328069 -0.273848 -2.59728e-20 0.197092 -0.0685171 -2.23975e-21 0.330428 -0.0578239 2.76794e-19
0.333016 -0.331795 -5.38877e-22 0.0650143 0.188642 -1.36499e-21 0.280684 0.308864 1.42222e-18 0.141615
0.0448755 5.09725e-20 0.337205 0.04444 1.79499e-20 0.337687 0.0444647 3.12726e-20 0.337724 -0.285374
-3.73569e-20 0.186004 0.173029 -2.62955e-20 0.29369 0.291751 9.74354e-22 0.176579 0.327326 -3.72088e-21
0.0969002 -0.0936327 3.79872e-21 0.328489 -0.279016 -1.7738e-20 0.197624 -0.170471 -1.12315e-20 0.297069
-0.34273 -8.50987e-22 0 -0.34273 -2.39358e-19 0.00931608 -0.313043 1.3974e-18 0.140406 -0.140736
-1.05747e-18 0.313008 0.343411 -8.8532e-22 0 0.343411 -8.8532e-22 0.00911018 0.296014 -4.7654e-21
0.174699 -0.0624383 2.09144e-22 0.338584 -0.298936 -1.60508e-20 0.17113 -0.342719 1.05465e-21 0.0369706
-0.283438 -3.77868e-21 0.196892 0.0625077 -1.67615e-20 0.339535 0.343177 -9.08235e-22 0.038021 0.343377
-2.06086e-21 0.0375701 0.343377 -1.94925e-24 0.0380302 0.0626207 -1.84339e-20 0.340149 0.327061 -5.57836e-21
0.112819 -0.277394 2.86104e-21 0.207015 -0.10955 -5.83163e-22 0.328656 0.202859 3.64857e-20 0.281341
-0.342799 3.37052e-23 0.0531588 0.300425 -7.89728e-21 0.173543 0.0279104 9.58576e-21 0.346208 0.159364
6.08414e-19 0.308942 -0.000268329 6.59041e-20 0.347726 -0.0651335 1.4761e-21 0.341855 0.159344 3.29268e-21
0.309647 0.311135 1.39072e-20 0.156679 0.0070524 2.6426e-21 0.348443 0.00875221 -3.32119e-20 0.348453
-0.281862 -8.08605e-21 0.205587 -0.342863 -6.11165e-19 0.0660369 0.0284922 2.36302e-20 0.348101 -0.155637
6.93187e-21 0.312894 0.343345 1.73129e-21 0.0669152 0.00711329 -3.71678e-19 0.349778 -0.185189 2.51362e-20
0.297033 -0.313557 8.76169e-23 0.155858 0.0088202 -5.76186e-19 0.350122 0.0767007 -2.24702e-20 0.341891
0.188068 -2.45748e-20 0.29574 -0.186853 5.33473e-21 0.297027 0.32667 4.91753e-19 0.128428 0.0767333
-3.27428e-20 0.342542 0.296682 -3.54123e-22 0.188517 -0.125593 1.06207e-20 0.328752 0.313325 1.06087e-20
0.160451 -0.299649 2.34942e-20 0.186568 0.212473 4.36058e-20 0.282576 0.301025 7.36645e-21 0.186845
-0.290614 -9.07612e-21 0.203953 -0.342649 -2.93599e-21 0.0942817 -0.169656 5.88579e-21 0.312775 0.32625
8.80218e-21 0.143793 0.343075 9.13113e-21 0.0973758 0.304127 -1.274e-20 0.186598 -0.281131 3.84967e-21
0.21983 -0.0929363 3.39919e-21 0.344616 0.0928913 3.61441e-20 0.344847 -0.0718689 4.75412e-19 0.349839
-0.00215026 2.66553e-19 0.357382 -0.140466 -3.51648e-22 0.328654 0.173378 8.06033e-20 0.312789 -0.314131
-1.91156e-20 0.17133 -0.00244959 -6.0988e-20 0.358926 0.202378 -8.56837e-20 0.29668 -0.281861 7.70246e-21
0.222823 0.173422 -2.02735e-20 0.314711 -0.285127 1.46113e-22 0.218779 -0.285577 1.49917e-20 0.218335
-0.285664 5.85154e-23 0.218637 0.0998561 -3.94868e-21 0.345969 0.0771139 -3.06748e-20 0.351885 0.318213
-1.33348e-18 0.168896 0.342909 5.38155e-19 0.113142 -0.10929 2.54781e-19 0.344444 0.31891 6.38928e-21
0.170361 0.0448312 4.01002e-21 0.358948 -0.299969 4.43549e-21 0.202221 0.327471 9.23978e-19 0.154758
-0.183537 -4.70961e-21 0.312781 0.301523 2.54879e-21 0.201871 0.0138061 -3.11421e-21 0.362891 0.3277
2.4504e-21 0.156522 0.0295657 -1.95444e-19 0.362009 -0.15536 -1.73706e-21 0.328522 0.109429 -9.27814e-21
0.346659 -0.186333 -4.78843e-21 0.312926 0.0616076 -2.95963e-19 0.360188 -0.0105977 -4.49599e-20 0.36542
0.21314 4.81488e-20 0.297109 0.305927 -1.28322e-20 0.200409 0.315286 -2.72291e-20 0.185698 -0.343792
-9.82955e-21 0.125318 -0.314619 3.89313e-21 0.186866 0.342745 1.05344e-20 0.129012 0.0649418 4.62103e-20
0.360436 -0.125513 -6.99783e-21 0.344475 -0.0788562 2.23991e-20 0.358504 0.32204 3.6142e-20 0.177322
0.187738 1.13184e-20 0.317016 -0.284579 -1.7705e-20 0.234145 -0.168951 -1.67056e-21 0.328199 0.0775085
2.89737e-20 0.361294 0.187981 -2.44277e-20 0.318576 0.311042 -1.37333e-20 0.20068 0.0832642 -2.08928e-20
0.361486 0.370957 -2.63256e-22 0 0.370957 -2.63256e-22 0.00928981 -0.300542 -4.05518e-21 0.217821
-0.155334 -1.23732e-21 0.337182 -0.289145 5.75725e-19 0.233162 0.358786 -3.49624e-19 0.0977568 0.342632
-6.5755e-19 0.14466 -0.141213 9.00805e-23 0.344439 0.127782 -2.68722e-20 0.349696 -0.141544 -9.6268e-25
0.34443 -0.141216 1.8106e-22 0.344633 0.0933088 -2.92426e-19 0.361637 -0.0174806 -3.40887e-19 0.373379
-0.3741 -1.19032e-21 0 -0.3741 -1.19032e-21 0.009375 -0.314955 -1.2744e-18 0.20245 -0.181089
-6.09908e-19 0.327815 0.130209 4.3317e-20 0.351315 0.37492 1.26474e-22 0 0.316583 -1.61591e-20
0.200983 0.37492 1.26474e-22 0.00931566 0.335849 4.05317e-19 0.167164 0.342782 6.46657e-22 0.153528
-0.0854445 2.05113e-21 0.366015 0.201668 1.62527e-19 0.317278 -0.374054 -2.08225e-23 0.0376956 0.131579
8.23269e-19 0.352249 0.35866 2.08198e-20 0.113272 -0.374061 4.89651e-23 0.039756 0.109135 4.40359e-20
0.360031 -0.109141 6.14067e-21 0.360055 0.077692 -4.52188e-21 0.368558 -0.184642 -6.17136e-22 0.328303
0.327298 1.60746e-20 0.186423 0.109124 7.75678e-22 0.360552 0.342836 -1.01015e-21 0.156374 0.374889
2.19789e-21 0.0384756 0.327393 1.83257e-20 0.186661 0.202058 8.78447e-20 0.318349 0.0153392 1.80489e-20
0.376849 -0.168871 4.47818e-21 0.337545 -0.155322 -8.92691e-21 0.344058 0.00214771 1.6866e-20 0.377763
-0.344174 -4.47294e-21 0.156149 0.0305232 4.45041e-22 0.376805 0.344307 -1.6731e-21 0.156372 0.046003
-7.70896e-19 0.375884 0.212571 1.30343e-19 0.313508 -0.329775 -1.35938e-18 0.187051 0.314012 6.79261e-21
0.213692 -0.374143 -9.3836e-22 0.0659444 0.141681 1.98977e-20 0.352625 0.307807 2.72889e-21 0.223152
-0.287441 -4.58654e-21 0.248864 0.0618935 4.7255e-20 0.375436 0.141684 -2.99559e-20 0.353161 -0.179725
8.36526e-21 0.335698 0.374799 1.40223e-21 0.0674959 0.358542 1.18547e-20 0.128941 -0.125679 8.88955e-19
0.36005 -0.301661 3.27971e-21 0.233415 -0.0260615 -2.15656e-20 0.380665 -0.0259889 3.51954e-20 0.380745
0.330331 9.27424e-21 0.192047 -0.168833 -2.93722e-21 0.343462 -0.287918 1.44533e-20 0.252515 -0.130838
-2.54421e-21 0.360089 0.312323 -9.72022e-21 0.221994 -0.292052 -9.12804e-21 0.248092 -0.315381 6.57989e-21
0.21806 0.0778808 -2.80729e-20 0.37573 -0.0907882 1.49407e-21 0.37297 0.336125 -3.55372e-22 0.186611
0.335547 -5.30269e-22 0.187729 0.336142 1.6254e-25 0.187824 -0.182592 -5.54139e-21 0.339124 -0.374
-9.67354e-22 0.0941744 -0.178701 5.72742e-21 0.341889 0.316713 -2.69106e-20 0.220737 0.358482 8.23091e-22
0.14441 -0.141442 1.66443e-22 0.360169 0.156146 6.54492e-20 0.35426 0.374587 7.06915e-19 0.0978685
-0.330087 2.27737e-20 0.202642 0.0938419 3.95493e-20 0.375802 0.333584 -1.42155e-20 0.197078 0.156126
-7.11189e-19 0.355038 -0.181947 5.30985e-21 0.342666 0.31041 2.54722e-22 0.234232 0.358507 2.01071e-20
0.152595 0.310768 -2.99262e-23 0.235759 -0.0335292 1.80857e-19 0.388643 -0.111034 6.14609e-20 0.374049
0.311057 1.76526e-22 0.2357 -0.170855 3.385e-21 0.350904 -0.29336 8.36522e-21 0.258086 0.358565
1.64447e-20 0.156256 0.374354 7.22854e-19 0.113368 0.109633 4.09945e-19 0.37556 -0.301796 9.57842e-19
0.249232 0.358863 7.58546e-21 0.156253 0.358924 4.62635e-19 0.158245 0.0158884 -2.28871e-20 0.391966
-0.156275 -2.25712e-20 0.359971 -0.344978 -8.28781e-21 0.187166 0.00130766 2.37921e-19 0.392569 -0.180089
-2.66014e-21 0.349126 -0.315817 1.66071e-20 0.233712 0.03112 4.53437e-21 0.391896 0.315333 -3.78103e-21
0.234815 -0.300098 -3.9574e-21 0.254301 -0.0131907 -4.42079e-20 0.393435 0.0465323 3.09741e-22 0.391025
-0.176561 1.3324e-21 0.352082 0.357071 -3.49436e-21 0.167183 -0.374007 -5.1456e-21 0.125416 0.171193
-8.48359e-21 0.355512 0.330302 1.46976e-18 0.216849 0.125307 -3.2164e-20 0.37476 0.171158 -3.94239e-20
0.356417 0.374258 -2.43672e-21 0.128807 0.0623829 -6.41645e-20 0.390942 0.356779 -8.78321e-22 0.171587
-0.126301 -4.13583e-21 0.375257 -0.33039 -1.66629e-18 0.218279 0.338019 1.06227e-20 0.206355 -0.290214
-2.68572e-21 0.270308 -0.128482 -1.86746e-21 0.375378 0.320436 -6.38964e-21 0.234585 0.338753 -1.61323e-18
0.207878 -0.0418978 -2.8392e-21 0.396445 -0.0418859 3.34633e-21 0.396458 0.0783407 2.57521e-20 0.390952
-0.167863 -1.24351e-20 0.362116 -0.294881 -8.90179e-21 0.269845 -0.345303 -1.47522e-20 0.202761 0.140744
2.52556e-20 0.375319 0.374201 -1.46391e-20 0.143938 0.313488 -1.59537e-21 0.250133 -0.0442424 -4.94948e-21
0.398796 0.355864 -1.36267e-18 0.185489 -0.14202 -7.10227e-21 0.376138 0.094312 6.03683e-19 0.390977
-0.102742 2.64528e-20 0.388849 -0.315568 -2.2007e-22 0.24952 0.315358 -3.62066e-22 0.249834 -0.315507
4.00874e-22 0.250233 -0.174249 5.32798e-22 0.363309 0.374249 1.09266e-20 0.151955 -0.175901 1.05565e-20
0.36387 0.318093 -3.47503e-21 0.249398 0.330004 6.56975e-21 0.234148 -0.330546 6.55251e-21 0.233932
0.374307 -7.67564e-21 0.156125 0.188023 5.65558e-20 0.359499 -0.291121 1.20752e-20 0.28265 0.374619
6.75563e-21 0.156121 0.320262 -4.93218e-21 0.249467 0.110186 9.16209e-20 0.391067 -0.375014 -3.03983e-18
0.156366 0.406396 8.33873e-22 0 0.342722 -2.46576e-20 0.218553 0.406396 2.836e-19 0.00936499
0.156509 7.06672e-20 0.375767 0.374662 3.63298e-21 0.15934 -0.0497646 6.76447e-21 0.404138 0.343296
2.45802e-22 0.219378 0.0159862 -7.69103e-19 0.407337 -0.157149 2.21951e-20 0.37617 0.00076395 9.3047e-22
0.407816 -0.0436844 -4.49986e-21 0.405577 0.0313659 -1.28255e-20 0.406959 0.406396 -3.54097e-22 0.038603
-0.32318 2.32557e-23 0.249582 -0.0142457 -2.8845e-19 0.408426 -0.34551 1.27686e-20 0.218404 -0.10747
9.92933e-21 0.394501 -0.295804 -2.01474e-21 0.282414 0.0469749 1.02636e-18 0.406764 0.374213 1.38211e-22
0.167543 -0.163374 -1.25325e-21 0.376159 -0.0288991 -9.06135e-21 0.409117 -0.126352 6.02297e-21 0.390509
0.356317 -2.329e-20 0.204153 0.390099 -6.12337e-19 0.128669 0.374151 -9.7168e-22 0.169578 0.125833
-3.77298e-20 0.391097 -0.0542156 2.3835e-21 0.407737 -0.314183 -3.54714e-21 0.265585 0.0628522 -5.93376e-21
0.406757 0.406374 4.33463e-21 0.0676574 -0.0485374 -1.85872e-21 0.409321 -0.131307 -1.42584e-20 0.390942
0.31556 2.59438e-22 0.265593 0.172674 6.40383e-19 0.375373 -0.171173 2.27726e-20 0.376167 -0.33036
1.20687e-22 0.248962 0.329839 -9.03105e-22 0.249781 0.317858 -4.55977e-22 0.265341 -0.330352 2.7471e-22
0.249641 0.078849 1.80942e-20 0.406788 0.414944 6.57735e-22 0 0.414944 6.57735e-22 0.00936737
0.193725 1.19761e-20 0.36744 0.390072 7.70389e-21 0.14357 0.320196 8.85286e-22 0.265083 0.141324
-6.03434e-21 0.391127 -0.059278 -4.41701e-21 0.411637 -0.0593869 7.45727e-21 0.411692 -0.0591725 1.16483e-20
0.411882 -0.291557 7.59694e-21 0.296921 0.373732 -7.40819e-21 0.183324 0.35334 7.33318e-21 0.221241
-0.142299 5.37907e-20 0.391925 0.321958 -7.94915e-21 0.265122 0.347345 1.91183e-20 0.231061 -0.345622
3.14253e-21 0.234053 0.0948219 -1.27194e-21 0.406828 0.406295 -1.92705e-21 0.0978904 0.390125 -6.98799e-19
0.151523 -0.167514 -3.29281e-20 0.383612 -0.296245 -1.95324e-20 0.296889 -0.113529 -2.94209e-20 0.403801
-0.375607 9.22277e-21 0.187347 0.390179 1.23392e-20 0.156004 0.390388 1.07849e-20 0.156001 -0.0638689
7.90228e-21 0.415799 -0.313251 -1.56776e-20 0.281244 0.157097 -2.10436e-20 0.391279 0.11067 5.70088e-19
0.406923 0.406275 -1.98836e-20 0.113237 0.390433 1.47126e-18 0.159759 0.199353 2.35169e-21 0.372945
-0.329787 8.92337e-21 0.265485 0.0158758 1.00597e-20 0.423087 0.000318637 -1.71468e-22 0.423456 -0.0667765
-5.36125e-21 0.418321 0.31684 -5.1358e-22 0.281191 0.0314926 -4.09701e-20 0.422876 -0.0625872 -3.03091e-21
0.419502 -0.0150394 6.20004e-21 0.4239 -0.405384 1.30662e-18 0.125314 0.331188 -8.03525e-21 0.265326
0.318342 3.76449e-22 0.281103 0.390299 3.49454e-21 0.167815 0.373985 8.88166e-20 0.20179 0.350832
-9.05137e-21 0.239925 -0.345511 3.55185e-21 0.248058 -0.0300699 1.84461e-20 0.424283 0.0472176 -1.15356e-20
0.422849 0.344955 -3.51131e-20 0.24979 0.40608 3.72412e-21 0.128411 0.126318 -1.54056e-20 0.406974
-0.291337 8.04224e-21 0.311183 -0.345498 2.38379e-22 0.249711 0.321493 5.1433e-22 0.280917 -0.0448712
-1.85406e-20 0.424572 -0.06585 -3.01346e-21 0.421959 0.390356 -3.46759e-21 0.173894 0.172512 -3.30214e-20
0.391163 0.0631823 5.60996e-19 0.422945 -0.119139 2.88298e-20 0.410725 -0.161694 -2.29497e-19 0.39595
-0.429067 1.75324e-22 0 -0.429067 1.75324e-22 0.0134895 0.325007 7.67904e-21 0.280947 -0.29602
1.57549e-20 0.311386 0.0790493 2.66821e-22 0.422454 -0.142319 -3.96327e-21 0.406135 0.406018 5.03742e-20
0.143305 0.141818 6.5839e-19 0.406857 -0.313109 -7.54997e-19 0.296886 0.390448 -7.58539e-21 0.183757
-0.142322 7.61242e-19 0.40751 -0.142888 1.78062e-20 0.407479 -0.0745054 5.92801e-21 0.425421 -0.0745046
-3.78266e-21 0.42566 -0.0747474 -2.39076e-21 0.425662 0.373615 -2.766e-21 0.218823 -0.329382 1.04384e-20
0.281199 0.40604 1.56801e-20 0.151259 0.422156 1.65388e-18 0.0978227 0.0951842 3.41585e-19 0.42303
0.317376 3.52752e-23 0.296838 0.317418 9.16704e-24 0.296838 0.317369 4.38096e-23 0.297214 -0.375958
-2.14345e-21 0.218547 -0.290568 -4.41388e-22 0.323583 0.406028 9.32547e-22 0.155884 0.394267 6.04476e-21
0.183689 0.406089 5.46452e-21 0.155883 -0.123974 4.70521e-21 0.416957 0.332364 -3.13347e-21 0.281011
-0.077498 -1.923e-21 0.428408 -0.406224 5.68656e-21 0.156676 -0.155174 5.39703e-21 0.406876 -0.345241
-1.19833e-18 0.26547 0.355767 1.20783e-18 0.251793 0.346477 2.15656e-19 0.264946 0.406069 -1.78863e-21
0.159728 0.189138 -5.5529e-19 0.393295 0.157557 9.77661e-21 0.407005 -0.436806 -8.24422e-23 0
0.110676 4.4581e-20 0.422597 0.422117 -1.25387e-21 0.113027 -0.436806 -8.24422e-23 0.0140688 0.356256
3.54518e-20 0.253204 0.43782 9.94103e-23 0 0.43782 9.94103e-23 0.00937375 0.322023 1.21968e-18
0.296811 0.437834 -2.65989e-22 0.0204121 -0.295238 7.53948e-21 0.324014 0.390625 1.59194e-20 0.20016
-2.23476e-05 4.06879e-22 0.439183 0.0157558 1.08905e-21 0.43894 0.406094 -1.80391e-19 0.167722 -0.151179
-2.75282e-20 0.412653 0.437857 -2.22358e-21 0.0385359 -0.0156414 4.32395e-19 0.439514 0.0315483 7.61799e-22
0.438886 0.0157553 7.09082e-21 0.440248 -0.0824028 -4.71184e-19 0.433005 -0.0309887 -5.39878e-21 0.43973
-3.66318e-05 -6.67265e-22 0.440924 0.422026 -9.93821e-21 0.128166 0.126568 -3.35501e-19 0.422883 0.0473786
-1.45055e-18 0.439006 -0.046168 1.87213e-20 0.439775 0.375143 -7.79165e-20 0.23449 -0.43682 5.64003e-19
0.0700973 -0.313391 -1.51609e-20 0.312536 0.0315707 6.79488e-22 0.441622 -0.0157009 -4.14672e-21 0.442502
0.437922 1.11725e-20 0.0675027 -0.329308 8.47206e-21 0.296876 0.0633856 1.81413e-20 0.439142 0.396312
-6.83217e-21 0.199969 -0.0612474 2.09914e-20 0.43974 -0.085626 1.18354e-20 0.435908 0.332451 -2.39617e-21
0.294789 -0.345121 -1.16731e-20 0.281177 0.317071 1.56833e-21 0.312499 0.141566 -4.78177e-22 0.422157
0.0790237 1.06174e-20 0.438361 -0.0311753 -8.25565e-21 0.444429 0.421957 2.82571e-21 0.143104 0.406303
7.65727e-21 0.183466 0.332463 -5.13301e-22 0.297044 0.347411 -4.72486e-20 0.280018 0.156433 -1.19591e-21
0.418639 -0.143887 1.19843e-19 0.423561 0.360698 -1.4984e-20 0.264807 -0.406258 1.19754e-18 0.187569
0.391205 2.51307e-19 0.217371 0.36086 -2.62379e-20 0.265135 0.151704 -5.40781e-21 0.421623 0.421932
-3.33003e-19 0.1511 0.0948669 -5.22179e-22 0.438134 -0.376103 8.61555e-23 0.244025 -0.0897651 7.98912e-21
0.439291 0.177966 1.17786e-20 0.411545 0.0474868 9.34721e-21 0.446011 0.321666 1.93768e-20 0.312709
0.437995 -4.95771e-21 0.0976683 -0.0897852 -6.3152e-21 0.439776 -0.0466261 4.60562e-21 0.446504 -0.0903371
-2.62713e-20 0.439804 -0.288054 -4.2094e-21 0.344926 0.156173 3.9557e-22 0.421392 0.421632 -1.32708e-20
0.155765 0.421978 4.21693e-22 0.155761 0.175301 -8.59841e-21 0.415187 0.421668 2.9311e-20 0.159322
0.156226 -2.14636e-20 0.42297 0.375604 5.95774e-20 0.249736 -0.376136 -6.92232e-22 0.249792 0.110652
7.54946e-19 0.438324 0.437999 -3.84779e-19 0.112902 -0.292686 1.90007e-22 0.345634 0.406835 -3.03052e-21
0.199617 0.421853 -4.7435e-21 0.167262 0.363362 -1.15648e-20 0.272031 -0.0623565 -4.19306e-20 0.449766
-0.329537 -1.4437e-18 0.312563 -0.314374 5.06147e-21 0.328202 0.345755 6.26028e-21 0.295079 -0.000151292
-6.90531e-21 0.454592 0.0157478 4.92159e-21 0.454478 0.170764 -3.0734e-20 0.421547 -0.0159498 3.44658e-21
0.454771 -0.345046 9.52306e-21 0.29687 -0.437112 8.7632e-22 0.128008 0.31593 -1.04099e-21 0.328174
0.345561 -5.27261e-21 0.296819 0.0316753 5.35072e-19 0.454567 -0.0315983 4.10974e-19 0.454899 0.437968
-1.42681e-20 0.128019 0.332342 -1.09295e-20 0.31282 0.392403 2.5474e-20 0.233428 0.401881 -1.31702e-21
0.217098 0.126797 -9.21472e-22 0.439037 0.0476217 7.11574e-21 0.454851 0.371478 -1.21979e-18 0.266765
-0.0472116 -2.42578e-21 0.454953 0.166167 -3.1655e-21 0.42674 -0.302182 -5.1749e-21 0.344506 -0.078967
-1.97718e-21 0.452039 0.320311 1.42227e-18 0.328601 0.365261 -1.24554e-18 0.277851 -0.285451 4.33691e-21
0.359652 0.0635773 -1.23202e-20 0.454766 -0.0629348 1.20681e-20 0.454878 0.141006 1.11224e-20 0.437212
0.0635816 -1.68106e-22 0.455119 0.0644588 4.05598e-22 0.455072 0.422419 -3.70542e-21 0.182443 0.437904
6.68577e-21 0.142988 0.352325 -1.04398e-21 0.297253 0.079103 -5.54962e-21 0.454286 -0.0785339 -1.39464e-21
0.454419 0.459657 -5.57447e-22 0.0383908 -0.406533 -3.39837e-22 0.2187 0.40747 -6.20192e-22 0.216953
-0.097343 1.85463e-20 0.451909 -0.0977804 -2.20329e-21 0.451911 -0.290041 -9.32295e-19 0.360572 0.0943596
-5.90835e-21 0.453132 0.43784 -9.97652e-22 0.151026 0.369195 5.53909e-20 0.280053 -0.436702 -2.66388e-21
0.156483 0.437217 -6.154e-20 0.155646 0.453814 -1.75835e-20 0.097387 0.437526 -8.13437e-24 0.155642
0.437883 1.91846e-23 0.155626 0.437883 -5.91058e-24 0.155639 0.437939 6.18177e-24 0.155639 0.156819
4.98922e-20 0.437588 0.437243 2.41246e-20 0.15843 0.392593 -1.59507e-18 0.249459 0.344406 -9.32188e-21
0.312796 -0.330012 -1.16448e-20 0.328278 0.314009 7.8946e-22 0.343972 -0.345294 -8.35364e-22 0.31257
0.109793 4.99844e-21 0.452834 0.368339 5.75789e-20 0.285673 0.404178 1.13362e-20 0.233403 0.331369
3.66715e-21 0.328686 0.368061 8.46172e-21 0.287277 -0.3158 -9.31489e-21 0.344211 0.360518 -4.4999e-21
0.297775 0.453863 -4.10055e-21 0.112605 0.360936 -6.94448e-21 0.297951 0.3685 2.61429e-21 0.288746
0.42322 -1.28303e-20 0.200237 0.313227 -9.40758e-21 0.348429 0.437893 -1.88508e-18 0.166956 0.317758
2.52417e-21 0.344535 -0.281924 6.79719e-21 0.374768 0.469175 -1.16975e-21 0 0.469175 -7.08233e-19
0.00937489 0.360112 -2.35155e-21 0.301058 -7.11482e-05 1.76384e-20 0.469606 -0.376265 -2.20462e-22 0.28116
0.110164 -3.17667e-21 0.456679 0.0158627 4.09645e-19 0.469518 -0.0158938 1.63614e-19 0.469686 -0.301922
3.88605e-21 0.360248 0.408108 -1.34107e-21 0.233391 0.0938798 4.15629e-21 0.460954 -0.406767 -1.32506e-22
0.236379 0.0788976 -7.297e-21 0.463875 -0.0316292 9.66559e-21 0.469707 0.469232 -1.81984e-21 0.0383271
0.0318568 -2.03459e-22 0.469724 0.469244 2.20352e-22 0.0414772 0.453911 1.22632e-18 0.127817 -0.0474283
1.37447e-20 0.469862 0.315971 4.32965e-21 0.351286 -0.286465 -1.94372e-21 0.375918 0.0478579 -6.90475e-19
0.470273 0.390637 1.8461e-21 0.26656 0.401966 -4.73654e-20 0.249594 0.14126 2.22178e-20 0.452074
0.141273 -1.10889e-20 0.452091 0.391655 6.28214e-22 0.266545 0.390756 -1.41695e-21 0.267944 -0.0636228
-3.63657e-21 0.469771 0.469343 -9.7675e-19 0.0670661 -0.0994981 -1.12892e-20 0.463852 0.0637929 9.91033e-21
0.471019 -0.436705 2.19654e-21 0.187687 0.358702 -5.17576e-19 0.312396 0.311163 5.60053e-21 0.359914
0.453903 5.551e-21 0.14294 0.0787808 1.83714e-18 0.469382 0.344014 4.03558e-21 0.328944 0.439195
1.2029e-19 0.183557 0.376471 1.74768e-20 0.291544 0.423677 -1.76428e-18 0.217417 0.130105 1.32335e-20
0.458116 0.0935047 -1.45753e-21 0.467156 -0.345563 -1.44599e-18 0.328289 0.330011 -8.29519e-19 0.34464
-0.330605 -1.35134e-18 0.344103 -0.406945 2.77018e-18 0.24987 0.313552 3.63561e-21 0.360269 -0.277954
-6.26051e-21 0.388786 0.131288 -3.44308e-20 0.459828 0.453841 6.52671e-19 0.151135 0.452569 -6.55207e-19
0.15553 0.408377 1.6004e-20 0.249673 0.12088 1.44775e-20 0.463282 -0.31595 1.12448e-18 0.359974
0.452524 1.51964e-21 0.157081 0.469525 -1.52946e-21 0.0971704 0.453881 1.03826e-21 0.155517 0.3727
4.57008e-19 0.302811 -0.085203 -2.77998e-20 0.472773 -0.300221 -2.26931e-18 0.375752 -0.282447 3.37337e-19
0.390135 0.111343 7.5318e-19 0.468682 0.120808 -1.0335e-20 0.466657 0.373371 -1.79125e-19 0.305064
0.469655 -3.96553e-19 0.112502 0.423815 -7.02018e-20 0.233777 0.000155482 2.3503e-20 0.484132 0.440146
-2.37476e-20 0.201883 0.0160327 -4.68849e-20 0.483994 -0.0156014 3.37908e-21 0.484021 0.454993 7.05059e-20
0.166677 -0.0311779 -4.11965e-19 0.483683 0.392152 -4.13356e-20 0.284956 0.113123 -2.28196e-21 0.471722
0.0319658 9.93152e-19 0.484164 -0.27401 -6.33318e-21 0.400701 0.30704 -8.64138e-20 0.377429 0.469831
-3.19539e-21 0.127783 0.358921 1.03566e-20 0.329224 0.327414 3.01387e-22 0.360649 0.0478767 2.05985e-20
0.484836 0.327867 4.28215e-22 0.360661 0.408286 2.90751e-20 0.266307 0.344186 6.05298e-21 0.345338
-0.0630785 -8.20779e-19 0.483694 0.0920577 -3.91614e-21 0.479053 -0.345911 7.40553e-21 0.344045 0.391549
-4.27854e-21 0.291097 0.327757 2.80737e-21 0.36163 -0.330751 1.60708e-22 0.359803 -0.437113 -1.00293e-23
0.218788 -0.437419 1.8708e-21 0.21844 -0.437427 9.36434e-24 0.218789 -0.278428 3.94015e-21 0.402272
-0.376503 5.94105e-21 0.312563 0.385814 4.56964e-20 0.301962 -0.315219 -3.26911e-21 0.37554 0.09324
-7.82458e-23 0.48181 -0.0508756 -1.54958e-20 0.488129 0.469978 -3.55501e-19 0.143042 0.440221 -3.57816e-20
0.218417 0.310316 -1.03496e-19 0.381432 0.0795825 2.06002e-21 0.485292 -0.29865 -6.09691e-21 0.391103
0.423969 2.97137e-19 0.249859 0.467123 -2.81308e-20 0.15542 0.080125 -3.37091e-21 0.486935 0.39064
-4.89033e-19 0.301749 0.469992 2.02843e-20 0.151689 0.457773 -1.83753e-18 0.18714 -0.0299764 6.49079e-21
0.493847 0.485165 -3.2309e-19 0.0970323 -0.407291 3.59579e-21 0.281168 0.470025 2.06353e-20 0.155395
0.0680185 -1.28416e-18 0.490795 -0.0152717 1.00205e-18 0.496509 -0.265855 5.97344e-21 0.421253 0.374101
-6.35059e-21 0.328929 0.000287745 2.69757e-20 0.498143 0.0468427 -1.26711e-18 0.495944 0.485315 -4.75083e-21
0.112493 0.439769 -8.88786e-19 0.234334 0.410082 -1.78955e-20 0.283528 0.32598 5.076e-21 0.377234
0.0160896 -6.30383e-20 0.49859 0.0318209 -5.94457e-20 0.497871 -0.346017 3.04846e-20 0.359696 -0.499477
3.39164e-23 0 0.34421 1.22459e-18 0.361998 -0.499477 3.39164e-23 0.0169442 0.360191 -1.33793e-18
0.346631 -0.330473 -1.7382e-18 0.375395 0.500462 -3.31291e-21 0 0.500462 -3.31291e-21 0.00937499
0.424238 -3.06944e-19 0.265943 0.326789 1.16858e-20 0.379852 0.457746 -4.85695e-21 0.203911 0.391395
-1.17203e-20 0.313029 -0.314423 6.8803e-21 0.391014 0.392161 -2.56632e-20 0.313292 0.500511 1.30896e-21
0.0380558 -0.27015 -2.14922e-21 0.423103 0.485641 -1.82632e-20 0.127921 0.500542 -1.29307e-21 0.0521754
-0.298021 7.6306e-20 0.406481 -0.437988 1.60112e-21 0.24995 -0.499479 -1.59777e-20 0.0738711 0.500573
-1.15894e-20 0.0664805 0.475959 6.26501e-19 0.168772 -0.260511 4.76593e-21 0.432772 0.318953 -6.09855e-19
0.392508 0.439788 8.8484e-20 0.250134 0.407556 1.83581e-20 0.300604 0.486113 5.36177e-20 0.143245
0.457271 3.94935e-19 0.219384 0.339958 -6.97336e-21 0.378186 -0.283448 -1.51453e-20 0.422793 -0.264705
-2.10945e-20 0.434828 0.315314 -6.90318e-21 0.400063 0.388211 3.286e-21 0.329892 0.314909 1.81444e-20
0.400781 0.486412 6.18305e-19 0.153002 0.500665 -1.88104e-18 0.0970124 -0.376719 -2.44733e-18 0.343982
0.425081 -9.42829e-19 0.282222 0.412603 8.91188e-19 0.300287 -0.345895 -2.44297e-18 0.375336 0.486429
6.14168e-20 0.155269 -0.330077 -5.37033e-21 0.390984 0.391041 -2.39086e-21 0.330085 0.345042 -3.09438e-21
0.378532 0.376198 2.79111e-20 0.347607 0.361426 2.01278e-20 0.363391 0.311467 -6.88598e-22 0.407553
0.456299 2.08137e-19 0.234788 0.330674 1.85257e-20 0.392467 0.500788 -1.42219e-20 0.112854 0.391218
-6.43801e-22 0.33256 -0.407439 -5.37314e-21 0.312535 -0.314013 2.47839e-21 0.40659 0.39367 -1.88396e-22
0.330145 0.439852 1.53347e-19 0.265703 0.409123 -2.12989e-21 0.311373 0.408266 2.45041e-21 0.314118
0.408813 -1.35396e-21 0.314103 0.308501 -1.63992e-21 0.413304 0.408239 7.36682e-21 0.316072 -0.499688
1.15425e-21 0.130751 -0.250043 -4.91848e-21 0.452303 0.479601 -9.25115e-19 0.193245 -0.298433 8.99788e-21
0.422439 0.474637 1.26298e-18 0.205728 0.50116 1.50218e-20 0.128544 0.489196 7.38868e-20 0.172689
0.326854 -1.21565e-20 0.404383 0.425948 -9.2189e-22 0.298391 -0.438052 2.24176e-18 0.281199 0.303227
5.45392e-21 0.423423 -0.254099 -3.67526e-21 0.454611 0.472551 2.6587e-20 0.219877 -0.345653 -1.8579e-18
0.390981 -0.283331 -1.13334e-20 0.438457 0.329465 -9.04416e-19 0.405174 0.439944 1.36867e-19 0.281416
0.502036 -1.87949e-18 0.143969 -0.243564 -5.12695e-21 0.462904 -0.329815 -7.79927e-21 0.406637 0.519846
-4.6345e-22 0.0659121 0.377104 -1.2458e-18 0.364059 0.459383 -3.15597e-19 0.253211 0.362738 1.83484e-21
0.37939 0.408013 2.24228e-19 0.330467 0.392385 -1.65706e-18 0.348897 0.346238 -1.68715e-18 0.394757
0.516143 -2.18981e-21 0.0965588 -0.314053 6.68201e-19 0.422356 0.471182 1.01165e-18 0.234527 0.502985
3.95885e-19 0.155214 0.475384 4.29198e-19 0.227052 0.297426 1.50538e-20 0.434879 0.474177 2.18259e-21
0.229675 0.297439 2.40429e-20 0.434885 -0.247511 3.28625e-21 0.465415 -0.492934 -1.50709e-23 0.187605
0.474292 -6.1165e-20 0.231108 -0.268075 -2.61094e-21 0.45446 0.424365 5.29056e-19 0.313629 0.516079
6.01306e-20 0.112234 0.336226 6.02785e-21 0.407816 0.344509 4.08495e-21 0.402926 -0.499454 -8.45751e-23
0.177855 -0.298581 -2.94534e-21 0.438238 0.459078 -5.28046e-19 0.265844 0.439995 -1.88148e-18 0.297146
0.293262 -2.04264e-21 0.442972 0.49229 2.69868e-19 0.200515 0.516087 -1.05488e-18 0.1279 0.53171
-3.0696e-20 0 0.53171 2.53259e-18 0.009375 -0.376814 -1.1399e-20 0.375305 0.469585 3.78899e-20
0.249758 0.485543 6.20421e-19 0.217278 0.327765 -1.02083e-21 0.419727 0.37627 4.3128e-21 0.377185
0.531757 1.83208e-20 0.0376149 0.377315 4.94498e-21 0.376636 0.377322 5.59279e-20 0.376643 -0.407616
2.96833e-21 0.343905 0.291188 -9.66874e-22 0.446956 -0.499406 2.21102e-22 0.187596 -0.23116 -6.54041e-22
0.480869 0.497799 -9.32348e-19 0.19208 -0.345508 -4.87299e-22 0.406667 0.368946 -1.93801e-19 0.3857
0.387349 8.04145e-21 0.368161 0.292462 -1.26836e-21 0.447624 0.342919 -3.11557e-21 0.410434 0.292645
2.67119e-23 0.44772 0.311876 4.6987e-21 0.434655 -0.283159 2.55069e-18 0.454067 0.370395 1.18506e-20
0.38671 0.370392 6.47718e-21 0.386916 0.370397 8.6621e-22 0.38692 0.292072 4.85409e-21 0.449111
-0.329726 -1.85396e-20 0.422352 0.531819 -4.95772e-21 0.0655584 0.363725 6.49598e-23 0.393975 0.363667
-4.0531e-21 0.394091 0.53182 -3.35872e-20 0.0687913 0.391569 1.23956e-20 0.367218 0.424014 8.1563e-20
0.329578 0.293102 -1.19522e-21 0.450031 0.409158 -1.55166e-20 0.347926 0.517572 3.52065e-19 0.144326
0.365155 -3.68889e-22 0.394641 -0.234885 -1.5063e-21 0.483672 0.458346 -6.27522e-19 0.281201 0.364718
2.97432e-22 0.395295 0.364511 -2.10859e-21 0.395656 0.364514 -5.02824e-21 0.39566 0.297164 1.661e-21
0.448565 -0.438323 -5.11808e-21 0.312499 0.507312 -7.04438e-20 0.182251 -0.314068 -2.09681e-20 0.438121
0.43963 -8.62204e-21 0.312719 0.508833 -3.72317e-20 0.180851 -0.267054 -7.71698e-21 0.469541 0.53182
-4.49109e-20 0.0960874 0.358082 -1.21774e-21 0.405212 0.397292 -9.42082e-22 0.367047 0.472569 3.20152e-19
0.263147 0.397574 6.26098e-21 0.366783 0.496795 7.93807e-21 0.21427 0.394825 2.17214e-21 0.370367
0.497248 5.99656e-21 0.214153 0.338239 -5.21704e-22 0.42276 0.38 4.93915e-21 0.385851 0.518951
5.65543e-19 0.155213 0.386463 4.66405e-21 0.380096 0.404464 2.60495e-21 0.360955 0.509653 -2.02036e-20
0.185281 -0.298526 -1.30962e-20 0.453902 0.531677 -1.9759e-19 0.111686 -0.217097 -3.56276e-21 0.498381
0.311586 2.96933e-21 0.446148 0.402492 -1.93663e-20 0.366427 0.342312 -1.03235e-21 0.42394 0.327096
-2.91662e-22 0.435836 0.280354 9.49595e-19 0.46733 0.483743 -1.2014e-18 0.251017 0.386086 -1.07767e-20
0.385176 0.494391 -6.30692e-21 0.230732 -0.345374 -1.56838e-21 0.422348 0.494433 -2.86035e-20 0.231049
0.458135 -8.60149e-19 0.296888 0.53142 9.92956e-20 0.1272 0.32703 3.04515e-21 0.43788 0.406157
-3.76676e-21 0.365693 -0.251565 -1.25235e-18 0.485563 0.511013 1.36591e-19 0.195985 0.282791 -4.05323e-21
0.468612 0.424323 7.53542e-19 0.346085 0.47004 -8.71016e-20 0.280879 -0.220513 -1.48328e-21 0.501348
0.480462 -2.26612e-19 0.263194 0.331202 -1.69122e-21 0.436457 -0.282774 1.10277e-20 0.469561 0.51718
9.9817e-22 0.181601 0.404457 5.59761e-22 0.370097 -0.329686 1.59388e-18 0.438046 0.311457 5.79235e-21
0.451236 0.439505 2.8787e-19 0.328471 -0.215877 -9.75657e-22 0.506084 0.531546 1.38361e-18 0.143539
0.370786 2.94362e-21 0.407375 0.274365 5.47044e-21 0.478338 -0.314012 -5.19246e-21 0.45381 0.406436
-1.15836e-21 0.373794 -0.202003 -2.43401e-22 0.514567 0.374766 -5.7698e-22 0.406677 -0.200278 4.43015e-21
0.516163 -0.26703 1.24265e-21 0.485304 0.531848 -8.03695e-19 0.155238 0.296655 -8.25692e-21 0.468053
-0.407767 1.62758e-18 0.375259 0.277259 1.09098e-18 0.479942 -0.376765 -7.26972e-21 0.406639 0.458074
8.67588e-19 0.312418 -0.203313 -3.05876e-21 0.515879 -0.236861 8.43734e-21 0.502183 0.512724 1.94959e-18
0.213705 0.469749 -1.6742e-19 0.296603 0.35674 -3.20261e-21 0.426021 0.342162 -3.62135e-21 0.438116
0.547741 5.39471e-20 0.0959325 -0.298358 1.2598e-18 0.469515 -0.204809 -3.44508e-21 0.517377 0.269362
-4.13266e-21 0.487395 -0.438536 -1.24149e-22 0.343802 0.326581 2.6853e-21 0.451594 0.498269 -5.9135e-19
0.249859 -0.345393 3.45071e-21 0.438036 0.42458 -1.17194e-19 0.362012 0.532265 -4.40916e-20 0.167576
0.439458 -2.42207e-19 0.344416 0.371483 -1.29377e-21 0.416849 0.53082 4.90006e-20 0.173476 -0.499364
2.316e-21 0.250037 0.547702 6.22207e-21 0.111403 0.528474 -3.21449e-20 0.182639 0.483893 -7.04784e-19
0.280216 -0.559382 -2.22596e-23 0 -0.559382 -2.22596e-23 0.0181592 0.272324 3.29821e-22 0.489108
0.38712 1.76638e-18 0.40451 0.404546 -3.64835e-19 0.387921 0.36618 -2.18422e-21 0.424554 0.271285
2.25218e-22 0.490865 -0.251759 -1.61636e-21 0.501475 -0.185539 1.529e-21 0.529741 0.31126 5.20869e-21
0.467331 -0.221378 -2.53919e-22 0.516029 -0.282655 -5.98959e-19 0.485229 0.547508 -3.07342e-19 0.126758
0.512335 -4.19427e-22 0.231161 -0.562113 -3.0787e-24 0 -0.562113 -3.0787e-24 0.0182146 0.512379
-1.04101e-21 0.231899 -0.562111 7.00925e-26 0.0285788 0.56293 2.49437e-20 0 0.56293 2.49437e-20
0.009375 0.263688 -4.82792e-19 0.497446 0.458191 -4.39607e-20 0.327961 -0.187217 7.61792e-21 0.531571
-0.221516 1.51106e-18 0.518372 0.371983 -1.34186e-18 0.423653 0.46961 -1.81267e-19 0.312088 0.528342
1.28551e-18 0.197942 -0.223023 1.57645e-22 0.518314 0.563041 -7.50404e-19 0.037538 -0.313985 1.85154e-19
0.469469 0.265578 -5.1943e-21 0.498534 0.422538 -8.01929e-21 0.374885 0.547195 4.06526e-19 0.142984
0.26644 2.32786e-21 0.499029 0.499882 2.5283e-19 0.26506 0.357203 1.83049e-21 0.43976 0.563294
-2.23048e-21 0.0654335 -0.562106 -2.76588e-23 0.0751259 0.541495 -3.12481e-20 0.169057 0.296361 6.98831e-21
0.483734 0.342183 7.92212e-19 0.452618 0.483845 -5.46206e-19 0.296644 0.359205 -1.21251e-22 0.439652
-0.267086 -1.21496e-18 0.50111 0.4391 6.87323e-19 0.36013 0.559824 -2.14671e-20 0.0960319 0.546835
-4.04579e-19 0.155254 0.519372 -2.85969e-21 0.231488 0.272027 6.97896e-21 0.499484 -0.167914 1.432e-19
0.543821 -0.56211 -5.97817e-24 0.0900662 -0.236639 8.95566e-22 0.517786 -0.298266 -4.01867e-21 0.485187
0.326837 -3.50595e-20 0.467634 0.513491 -3.91863e-20 0.248785 0.261251 -8.50672e-23 0.507267 0.528747
-5.63211e-22 0.214665 0.563777 -1.00897e-20 0.096064 0.404538 2.99929e-20 0.404641 -0.205727 -3.97384e-19
0.534154 0.563837 1.52527e-20 0.0998249 0.546735 -4.40394e-20 0.170236 0.469562 -1.22077e-18 0.327754
0.458084 -6.64881e-19 0.343887 -0.23645 -3.17554e-22 0.522185 -0.557773 -5.53631e-22 0.132477 0.388222
-9.0577e-21 0.421856 0.42137 -5.33962e-20 0.389545 0.281977 -6.68707e-21 0.500289 0.501789 1.01678e-19
0.280143 0.252419 -6.99988e-21 0.516484 0.483329 2.83505e-19 0.311368 0.564019 -2.85773e-20 0.111591
-0.251675 -3.62351e-21 0.51715 -0.282645 9.08118e-21 0.500935 -0.570458 2.38622e-24 0.0752806 0.311885
9.82647e-19 0.483604 0.545902 8.32503e-19 0.183147 -0.407841 -7.59069e-21 0.406607 0.372909 -4.58311e-21
0.438912 0.528448 5.92918e-20 0.229773 0.43798 -1.652e-19 0.375241 0.2546 2.22548e-21 0.517791
0.528409 -4.10359e-21 0.231914 -0.438779 3.93517e-22 0.375196 -0.220884 7.82637e-22 0.533523 -0.562122
-8.15236e-24 0.132606 -0.376744 -2.68219e-21 0.438059 -0.313892 -1.30907e-18 0.485154 0.564079 4.33045e-20
0.126904 0.514522 3.86725e-19 0.264837 0.261134 6.97261e-21 0.517238 -0.188209 -4.95557e-20 0.5481
0.342306 -6.14421e-21 0.468078 0.570181 -2.58277e-20 0.111974 0.296867 1.21758e-18 0.499748 0.546538
2.38728e-20 0.198151 0.563552 -2.0465e-19 0.142924 0.245842 -1.06684e-18 0.527068 -0.267121 7.11468e-21
0.516867 0.267589 -1.727e-21 0.516687 0.469565 1.92494e-19 0.343789 0.457706 1.15231e-18 0.359634
-0.345319 1.74029e-21 0.46947 -0.23599 -4.93502e-21 0.532925 -0.298245 2.68172e-21 0.50086 0.502352
5.7503e-20 0.296019 0.562224 4.86379e-19 0.155265 0.482943 1.49273e-18 0.327483 0.326865 -6.35206e-21
0.483398 0.247865 -2.0053e-20 0.52836 0.528287 -9.65067e-20 0.248767 0.405454 -3.77327e-19 0.421339
-0.204022 3.40181e-20 0.548116 0.421723 -1.16779e-18 0.405513 0.275137 -3.32147e-21 0.516359 0.543973
-4.4478e-20 0.215601 0.545677 -6.99156e-23 0.212516 0.389188 -1.00204e-20 0.43794 0.437029 -8.74159e-21
0.390494 0.562264 1.49229e-19 0.166842 0.545494 -1.11603e-20 0.215704 0.515719 1.4174e-18 0.280533
0.579845 -1.17903e-18 0.0967656 0.373725 1.30775e-19 0.453971 0.282206 -2.8384e-21 0.516049 -0.251613
2.12694e-22 0.532151 -0.157189 1.49118e-19 0.567515 -0.282653 8.84828e-19 0.516696 0.31219 1.66776e-20
0.499555 -0.25161 -5.98021e-23 0.532802 -0.252008 -2.7715e-21 0.532794 -0.171248 6.88867e-19 0.564117
-0.50041 4.17467e-22 0.31258 0.555467 -2.54528e-20 0.199055 0.237151 -1.07618e-20 0.540325 0.502337
6.36357e-20 0.311329 0.580303 -3.84426e-20 0.112587 -0.313922 -5.67685e-22 0.50089 0.469249 7.81583e-19
0.359523 0.45682 -2.90595e-19 0.375314 -0.220362 -1.27877e-18 0.548648 -0.156538 2.65626e-20 0.570175
0.528526 3.0633e-20 0.265127 0.544002 -4.3781e-20 0.232778 0.563299 -4.19825e-20 0.181269 -0.156295
2.26409e-20 0.57085 0.482832 -6.07903e-19 0.343561 0.34263 -1.96164e-21 0.483736 0.362864 -1.22956e-20
0.468803 -0.186956 -5.34288e-20 0.562805 0.238711 -1.66512e-20 0.542962 0.579298 -3.89052e-20 0.128384
0.233563 5.02221e-21 0.545521 0.594088 -5.49987e-20 0 0.594088 -2.9142e-18 0.009375 -0.562427
1.60051e-22 0.192093 0.265814 9.01285e-21 0.531633 0.580657 -5.4064e-22 0.128507 -0.146001 4.66457e-20
0.576547 0.266602 -2.08962e-19 0.531774 0.580601 2.12629e-21 0.129719 0.297036 -2.86653e-21 0.515544
0.562827 -3.21348e-20 0.193415 0.594209 -2.2518e-20 0.0377025 0.51653 -1.65081e-19 0.296223 0.235609
-1.03889e-20 0.547002 -0.267009 5.27789e-21 0.53248 -0.146811 4.11482e-20 0.577896 0.270818 -2.35129e-21
0.531659 -0.138072 1.04158e-20 0.580486 0.406124 -3.4346e-20 0.437392 -0.235769 5.47079e-21 0.548336
0.422723 1.28149e-19 0.42161 0.5626 2.59236e-20 0.199841 0.437746 -5.24125e-21 0.406091 0.57676
8.99297e-19 0.155261 0.542906 -6.44617e-19 0.249327 0.3277 1.69861e-19 0.499594 0.579963 7.79471e-20
0.144545 0.529223 -3.95378e-20 0.277905 0.527527 -7.18787e-20 0.281204 0.389924 2.1362e-20 0.453594
0.594533 7.61236e-20 0.0659415 -0.438888 2.673e-18 0.406567 -0.140765 5.43568e-21 0.581522 -0.40789
9.91838e-22 0.438008 -0.204038 -3.00547e-19 0.563422 0.22683 -8.81443e-22 0.554655 0.529415 2.73357e-20
0.281325 -0.173214 -1.63754e-20 0.573972 0.502275 1.66409e-18 0.327451 0.455448 -1.82772e-19 0.390678
0.578142 -1.64006e-19 0.161047 0.374261 5.47364e-21 0.469205 0.468872 -3.04932e-20 0.375374 -0.122431
3.1317e-20 0.588188 0.228526 -3.21312e-19 0.555974 0.5831 2.93778e-21 0.146576 0.251193 -1.2213e-21
0.546323 0.2816 -3.45977e-21 0.531364 0.482603 1.01932e-19 0.3593 -0.376679 -2.00292e-18 0.469467
0.561343 -2.40375e-20 0.217214 0.58173 7.29111e-19 0.155284 -0.173773 5.13523e-20 0.576771 0.312195
-1.30257e-20 0.515274 0.22249 -1.11646e-21 0.560105 -0.28267 1.28401e-20 0.53239 0.251483 -3.54115e-21
0.54795 -0.251197 2.81417e-21 0.54809 0.595328 -5.45684e-19 0.0976993 0.517085 -8.01848e-20 0.311692
-0.109523 2.22304e-20 0.593837 0.542436 -2.981e-20 0.265902 -0.123956 3.84359e-20 0.591514 -0.219481
1.45981e-20 0.563168 0.2201 1.2413e-21 0.563101 0.526961 -8.34227e-20 0.296515 -0.105275 -1.64949e-20
0.595539 0.577712 -1.57148e-19 0.179776 0.221014 -2.37553e-22 0.563865 0.55935 9.74747e-20 0.23359
0.22148 2.1774e-22 0.564257 0.542674 2.24288e-19 0.270194 -0.0980871 -1.81611e-20 0.598352 0.343497
-1.53728e-21 0.500026 0.595896 5.60328e-19 0.114435 0.216642 7.92833e-22 0.567035 -0.188086 5.91214e-20
0.57721 -0.188093 1.47886e-22 0.577297 0.573379 -1.31349e-20 0.199996 -0.188511 1.48026e-22 0.577297
0.530289 -1.39315e-18 0.296639 0.546372 -3.72665e-20 0.265995 -0.111094 -5.85961e-19 0.59766 -0.140295
6.785e-20 0.591742 -0.345264 -3.47691e-21 0.500867 0.588208 -1.61855e-19 0.155228 -0.0881768 8.00742e-20
0.601937 0.296761 9.77698e-19 0.531084 0.423122 -2.32608e-18 0.437248 0.502287 -1.53381e-19 0.343558
0.266285 3.19395e-21 0.547293 0.406483 1.11028e-19 0.453256 0.454246 -9.71272e-19 0.405453 -0.14447
2.49335e-20 0.591784 -0.103167 -8.9634e-21 0.600753 0.468495 -1.25201e-19 0.390568 0.212138 -6.319e-22
0.572152 -0.0995566 -1.89784e-20 0.60212 0.595813 -6.35673e-20 0.132175 0.390289 7.30302e-19 0.469269
0.557119 1.38831e-19 0.249704 -0.0762581 3.0596e-20 0.605942 0.235636 -3.11826e-19 0.563467 -0.235621
8.74153e-22 0.563728 0.481979 6.29999e-19 0.375701 0.577986 -3.10944e-20 0.200098 0.213312 5.23385e-22
0.573256 0.273626 3.29287e-23 0.547115 -0.0893568 3.57312e-20 0.605293 -0.203169 1.50785e-20 0.577311
0.517498 -1.33597e-19 0.327542 0.53085 -1.18387e-20 0.305667 0.556796 -1.90268e-19 0.256198 0.577889
-1.67252e-20 0.204636 -0.160167 -1.40253e-19 0.591779 0.544007 1.67564e-19 0.282828 -0.0623132 7.25297e-20
0.610057 -0.0770628 -6.27931e-20 0.608576 0.442783 1.06022e-18 0.424754 0.593496 1.28423e-19 0.16122
0.281395 2.88601e-21 0.546926 -0.0477911 -2.74641e-20 0.61378 -0.0630071 -1.11529e-18 0.61263 0.531227
1.02438e-20 0.311774 0.312409 4.71283e-19 0.531164 0.250802 6.96726e-21 0.563147 -0.173786 -1.13242e-19
0.591793 0.556349 1.685e-19 0.266531 -0.0394146 4.30931e-22 0.615667 -0.251155 7.34911e-22 0.563548
0.577611 1.86767e-20 0.217958 -0.036286 6.26773e-21 0.616341 -0.0362909 -2.51349e-21 0.616362 -0.0400814
-2.61569e-20 0.616142 -0.048225 -1.77732e-20 0.615659 0.502051 -9.48562e-20 0.359604 0.451927 1.4536e-19
0.42093 0.598289 5.51033e-19 0.153396 -0.563547 3.17915e-18 0.253342 -0.313905 7.03193e-19 0.532271
-0.0309913 1.58502e-21 0.617365 0.610364 8.95155e-21 0.0988829 -0.219744 1.23451e-20 0.578377 -0.0263994
-1.42921e-20 0.61823 -0.108162 7.59182e-20 0.609458 0.196768 -3.17733e-19 0.586904 0.480881 9.8223e-19
0.390378 0.423175 6.28468e-21 0.452853 -0.110565 1.921e-21 0.609974 -0.439021 -9.08539e-22 0.437969
-0.0139989 2.04674e-20 0.620283 0.594095 -6.49971e-20 0.179363 0.54551 -6.1042e-21 0.296527 0.406641
-6.68342e-20 0.469336 0.46948 2.26959e-19 0.40665 0.610355 2.59249e-20 0.116082 0.517701 2.28245e-20
0.343505 -0.188488 1.90912e-20 0.592293 -0.407924 -5.71505e-21 0.469365 0.296685 2.14701e-21 0.546721
-0.0142317 1.13676e-20 0.621916 -0.126836 -1.83981e-20 0.609092 0.561909 3.04594e-20 0.267118 0.576401
-5.05992e-20 0.234247 0.000402164 1.29958e-19 0.622266 0.369439 1.50108e-21 0.500733 0.442926 3.92893e-19
0.437118 0.265911 3.74545e-21 0.562743 0.556114 -2.61268e-19 0.280076 0.539146 -2.97392e-20 0.311532
0.233773 3.70589e-21 0.577687 0.186635 4.0126e-20 0.594724 0.0122237 3.54769e-21 0.623389 0.0157807
2.21585e-21 0.623719 0.000161753 2.0726e-21 0.62448 0.60973 9.20414e-19 0.134937 -0.624719 -8.40948e-23
0 0.604097 6.20377e-20 0.159524 0.00260334 -7.27091e-22 0.62483 0.532234 1.05292e-19 0.327363
-0.624719 -8.40948e-23 0.018629 0.625181 -2.80297e-20 0 -0.142778 3.36646e-21 0.608719 0.625181
-2.80297e-20 0.009375 0.0306852 -1.74353e-22 0.624635 -0.143632 1.09942e-21 0.608698 0.0313412 7.84765e-23
0.624675 0.0319051 -5.24196e-23 0.62469 0.0313395 3.85131e-23 0.62472 -0.50104 1.60865e-21 0.37515
-0.345236 -1.50024e-21 0.522162 0.375509 -3.40394e-22 0.500898 -0.202197 4.49924e-22 0.592567 0.625225
5.61695e-20 0.0378159 0.501365 -2.77337e-19 0.375747 -0.203472 -1.88843e-21 0.592593 -0.376636 -1.34077e-21
0.50083 0.479929 -8.70902e-19 0.403041 0.000163396 -1.57544e-22 0.626778 0.0469133 -7.4306e-21 0.625063
0.015564 1.19991e-18 0.626645 0.594152 -5.91276e-19 0.200377 0.575037 2.95337e-20 0.250179 -0.047025
-6.32094e-21 0.626045 -0.158877 4.29672e-19 0.607546 0.0625313 -6.00271e-21 0.624889 0.27939 5.80047e-22
0.562533 -0.333878 1.65048e-21 0.532235 0.609045 -8.05334e-20 0.154887 0.167315 -1.33825e-20 0.605826
0.546064 -2.35709e-20 0.31132 0.031218 -1.58395e-20 0.627904 -0.28224 2.41235e-21 0.561816 0.62531
6.44296e-20 0.0663195 0.281217 2.33242e-22 0.562504 0.0781502 -6.26301e-21 0.624142 -0.0627083 4.92504e-21
0.625934 0.0817758 -9.52581e-21 0.623866 -0.624716 9.32181e-23 0.0762857 0.46698 4.17107e-19 0.421992
0.249504 5.8059e-19 0.577852 -0.0286354 2.43993e-21 0.628766 0.312087 4.14558e-19 0.54663 -0.0780522
-1.93174e-19 0.624611 -0.143378 -9.97115e-22 0.612949 0.60893 -4.21154e-21 0.16034 0.0936183 6.07327e-21
0.622903 0.0469049 5.30877e-19 0.628203 -0.282218 -1.00802e-22 0.563335 0.453475 6.60854e-19 0.43751
0.564573 5.01856e-20 0.279875 0.517569 1.09442e-19 0.359499 0.154794 -1.65521e-20 0.610876 0.0837759
9.32303e-21 0.624749 0.59445 4.97415e-21 0.210098 0.10811 1.32334e-20 0.621244 0.0626183 2.65913e-21
0.627487 0.0782621 -5.9843e-19 0.625751 0.546444 -9.37e-21 0.315003 0.144656 6.21526e-21 0.613955
0.117216 1.39764e-20 0.619863 0.14155 -1.08579e-21 0.614878 0.217203 5.80789e-21 0.592404 0.120666
7.79501e-21 0.619325 0.443279 -2.93465e-19 0.449296 -0.0936506 -9.88177e-21 0.624394 0.422539 -5.0955e-19
0.469293 -0.173441 -3.44722e-20 0.607208 -0.218726 -9.25677e-21 0.592658 0.609082 5.69197e-20 0.171957
0.343701 -5.84033e-21 0.531543 -0.0149258 -2.68062e-21 0.632818 0.625378 -1.14126e-19 0.0991951 0.594689
6.58352e-20 0.218244 -0.106741 -4.08136e-21 0.624604 0.532787 -2.70808e-20 0.343231 0.407342 1.45892e-20
0.485576 0.560716 1.16159e-19 0.295512 0.552639 1.87448e-20 0.310686 -0.110057 -9.83365e-20 0.624653
-0.345223 1.59468e-21 0.532215 0.609169 8.92425e-20 0.178987 0.500467 7.22611e-19 0.390996 0.562848
9.58612e-20 0.294625 0.296624 -3.00051e-21 0.562372 0.625248 8.12216e-19 0.116803 -0.188596 8.75043e-19
0.607556 0.265456 -4.55877e-21 0.578124 0.093712 2.67233e-20 0.629951 0.186489 2.73135e-20 0.609017
0.233123 2.26393e-21 0.592857 -0.126376 -5.65176e-21 0.62442 0.577613 8.09904e-20 0.268902 -0.376588
6.53373e-22 0.514262 0.547602 1.14039e-19 0.326823 0.108647 1.46895e-21 0.628472 0.594109 6.65649e-19
0.234637 -0.0306161 -3.96456e-19 0.638125 -0.0153087 5.42016e-21 0.638696 0.517124 -1.02818e-18 0.375515
-0.624707 -1.98162e-22 0.134869 0.000170741 -1.7233e-20 0.639216 -0.302129 -2.57196e-22 0.563448 0.561177
9.35747e-20 0.306688 0.624907 1.16093e-19 0.13599 0.466884 -7.43262e-20 0.437142 0.434946 6.2854e-21
0.469358 -0.142715 6.55136e-21 0.624012 0.201208 8.91805e-21 0.6077 0.0156979 3.16101e-21 0.640068
0.576248 -1.21062e-18 0.279473 -0.0466942 2.4573e-22 0.638917 -0.146223 8.29941e-21 0.623825 0.140349
-2.00845e-19 0.625204 0.452482 -8.05859e-21 0.45396 0.483349 3.73836e-20 0.421443 0.561507 2.00029e-20
0.309872 0.0313144 1.7702e-18 0.64069 0.437845 -8.22231e-21 0.469163 0.437763 6.40391e-21 0.469375
0.27929 1.45586e-21 0.578097 -0.0466578 -6.32206e-22 0.640335 0.438213 -1.5208e-21 0.469382 -0.0499977
-1.94716e-22 0.640398 0.617009 1.73476e-20 0.179335 0.0469821 -1.5862e-20 0.640863 0.532858 8.4007e-19
0.359248 -0.439073 3.72381e-21 0.469313 0.610712 4.53774e-21 0.200308 0.281014 -1.17441e-18 0.578093
0.149835 1.411e-21 0.62512 -0.157945 -1.14633e-20 0.623196 0.312199 -6.91111e-21 0.562482 0.249018
-7.58798e-21 0.593205 0.0626558 -8.74588e-21 0.640515 -0.0623639 -3.51008e-22 0.640628 0.624685 8.94715e-20
0.155213 0.422996 -9.48516e-21 0.485696 0.155454 7.64488e-22 0.625063 0.499821 1.65311e-19 0.40631
-0.563066 2.07573e-21 0.312985 0.078298 -3.63269e-20 0.639765 0.574463 -1.07537e-19 0.292279 0.593836
5.21666e-20 0.250697 -0.0778877 -1.24236e-21 0.639981 0.611235 -2.09071e-20 0.205465 -0.3138 -8.97627e-23
0.563514 0.624465 -1.53875e-19 0.161884 -0.25122 8.67684e-21 0.594285 0.216729 -1.0766e-18 0.607781
0.093837 1.82245e-19 0.63845 -0.407936 7.59258e-19 0.500762 0.281003 5.19062e-22 0.581689 0.548356
-1.30144e-18 0.342728 -0.09364 4.24244e-22 0.639881 0.408095 1.23445e-20 0.50172 -0.0949985 -8.46655e-22
0.639861 -0.173589 1.32921e-20 0.623388 0.170867 8.81525e-19 0.624544 0.109383 1.0406e-20 0.638213
0.368896 -2.2124e-22 0.532309 0.516682 9.56873e-21 0.391241 0.640605 -1.49628e-18 0.0995337 -0.0935969
9.30201e-22 0.641755 0.155463 8.10104e-21 0.629711 -0.109573 -1.02224e-20 0.639639 0.264839 1.10964e-18
0.59337 0.62458 -8.39471e-20 0.179751 0.612488 8.68193e-19 0.218012 0.124821 -3.29575e-19 0.638601
0.640439 5.91146e-20 0.116863 -0.188264 -7.82227e-21 0.623202 0.563856 9.29424e-20 0.326087 0.186212
1.59945e-20 0.624226 0.532511 -4.07e-20 0.37531 0.23294 -9.61249e-21 0.608538 -0.125564 -1.83356e-18
0.639603 0.375926 -1.37792e-21 0.532523 -0.376523 5.1517e-21 0.532173 0.483237 -1.59951e-20 0.437839
0.469557 -5.80981e-20 0.453076 -0.0777928 3.65877e-21 0.648225 -0.0621401 -4.24553e-22 0.650147 0.436632
3.8592e-22 0.485895 0.595197 1.42006e-19 0.269335 0.625856 -2.35339e-20 0.189663 0.610685 -8.84852e-20
0.234519 0.455384 -7.76668e-19 0.469768 0.499816 1.41765e-19 0.422281 0.438204 8.78114e-22 0.485918
0.438294 1.76361e-21 0.485901 0.640103 -1.87796e-20 0.136004 -0.624737 3.77068e-19 0.194981 0.547574
-9.92354e-20 0.358643 0.140246 -1.96371e-20 0.639414 0.576283 -9.71392e-21 0.31102 0.438291 -1.1565e-21
0.486706 0.00028616 7.74221e-23 0.655021 -0.0152372 4.36958e-19 0.654914 -0.0306684 -2.64656e-21 0.654626
0.0158433 -8.77198e-19 0.655355 -0.202709 -5.95254e-21 0.623428 0.201518 1.34425e-20 0.623895 0.656278
9.31681e-21 0 0.0314658 3.67531e-21 0.655565 0.656278 7.47121e-19 0.009375 0.280968 1.15648e-18
0.593849 0.424128 -5.83952e-19 0.50196 0.047131 1.21521e-19 0.655531 0.656261 -2.85301e-20 0.0377955
-0.0464279 -6.18153e-19 0.655761 0.24871 -1.25117e-21 0.608755 0.516625 1.38387e-18 0.407159 -0.282227
3.09292e-21 0.594399 0.594751 -6.94908e-19 0.281754 0.0628064 1.3966e-20 0.655207 -0.345107 -4.17247e-24
0.560546 0.639694 5.24811e-20 0.155306 0.155476 -1.1226e-18 0.639709 -0.0620097 -1.88866e-21 0.655684
0.627281 3.47275e-20 0.200928 0.40783 6.30254e-19 0.517321 0.170894 1.00617e-21 0.636513 0.0784525
-1.2691e-18 0.654677 0.656208 2.47567e-18 0.0662523 0.639477 -1.88865e-19 0.161816 0.343962 -2.21178e-18
0.563025 0.564366 -1.79528e-19 0.342133 -0.0777099 1.16835e-18 0.655412 0.469428 -2.61009e-20 0.464001
0.610642 -1.79679e-18 0.251719 0.0940005 -2.06071e-20 0.653926 0.53222 1.31085e-18 0.391428 0.217068
-1.78714e-21 0.623991 -0.345095 4.29958e-23 0.563442 -0.157283 1.08108e-20 0.641963 -0.218835 1.38541e-18
0.623679 -0.0932898 -1.71386e-20 0.65512 0.392319 1.96496e-21 0.533024 0.593192 1.92341e-18 0.294311
0.170901 1.76148e-21 0.639777 0.466511 -2.09023e-19 0.470009 0.546583 -5.10606e-20 0.3748 0.109557
-1.80646e-18 0.653961 0.479867 4.55408e-19 0.457624 0.656032 4.12555e-20 0.0989962 -0.187983 -2.95492e-21
0.636522 -0.351004 1.72795e-22 0.563447 0.312186 -1.3409e-22 0.586011 -0.109261 5.37931e-21 0.655011
0.180114 -1.42769e-21 0.639822 0.457325 -7.78968e-20 0.483019 0.640306 1.59363e-18 0.18076 0.47085
-8.5391e-20 0.470221 0.500126 -6.99685e-21 0.438997 0.37666 4.90846e-19 0.548637 -0.501411 6.935e-18
0.43787 -0.439151 -5.23155e-21 0.500752 0.580365 -2.4539e-19 0.326786 0.125039 3.41093e-21 0.654268
0.655906 -1.35236e-20 0.116328 0.232777 2.17291e-18 0.624245 0.186418 -1.98327e-21 0.639853 -0.125014
4.72613e-21 0.654893 0.0159412 1.72895e-21 0.666565 0.562646 9.1675e-20 0.358105 0.624507 1.16265e-18
0.234752 0.439985 7.66443e-20 0.5021 0.517191 -2.56581e-20 0.423173 0.61972 7.16834e-20 0.250104
0.0316018 -1.60279e-22 0.667886 0.186469 -1.00381e-21 0.642113 0.625966 -8.40856e-20 0.235497 -0.313428
2.01172e-22 0.591344 0.424208 -2.8007e-20 0.517666 0.655742 1.99024e-20 0.135291 0.140467 6.12208e-19
0.654787 0.000381989 1.18515e-22 0.669931 0.62137 -3.68136e-19 0.250675 0.633839 2.87522e-21 0.219838
0.532769 -9.8487e-20 0.407845 0.312181 -8.99537e-22 0.593938 0.201911 5.93412e-22 0.639959 0.00038995
-2.2045e-22 0.671169 0.641717 4.29565e-20 0.196767 0.0159803 1.47602e-21 0.671044 -0.00591093 -1.30464e-21
0.671248 0.594781 9.04157e-20 0.311524 -0.0151509 1.53491e-21 0.671364 0.0316347 1.15787e-18 0.670867
0.546151 -3.83649e-20 0.391126 0.0363949 1.12917e-21 0.67078 0.408586 1.1715e-20 0.53341 0.634428
6.48835e-22 0.221546 -0.313386 -2.44713e-23 0.594451 -0.249706 -1.95841e-21 0.623917 -0.0306287 -8.64742e-20
0.671495 0.0473358 -1.10727e-21 0.670579 0.248825 -6.70535e-21 0.624688 0.468908 -3.61411e-20 0.482049
0.587699 2.06185e-19 0.327365 -0.313386 1.86613e-23 0.59529 -0.0151529 5.38254e-21 0.672879 0.0630518
-1.24809e-18 0.670177 -0.0461346 -9.81618e-22 0.671739 -0.156828 -3.05329e-21 0.6549 0.155776 2.3854e-20
0.655192 0.655352 -3.05126e-20 0.155176 0.616274 -4.44475e-19 0.27186 0.642275 2.89055e-20 0.203106
0.56062 8.80899e-21 0.374271 0.482126 -1.44498e-19 0.471259 0.392064 -2.62391e-21 0.548617 0.617044
-4.57776e-19 0.272037 0.0787085 -2.22308e-20 0.669766 0.660825 -8.92324e-21 0.135046 -0.0616747 7.28852e-21
0.671865 0.592446 5.34184e-20 0.323041 0.371439 -3.72543e-22 0.563806 -0.0306315 4.26937e-21 0.674822
-0.625159 -1.03483e-21 0.256202 0.655482 1.61843e-19 0.164465 0.217421 3.93092e-19 0.640141 0.0942028
-1.0437e-18 0.669484 0.587817 1.10194e-19 0.334762 0.468731 -1.49645e-18 0.487787 0.582632 -7.4395e-20
0.343802 0.591979 8.11654e-20 0.327818 0.582822 3.35807e-20 0.343872 0.613905 6.51962e-19 0.284708
0.639729 3.00341e-22 0.221594 -0.563577 -5.30135e-19 0.375224 0.614454 3.91441e-20 0.284817 0.500723
1.41589e-18 0.456167 0.171217 -2.97186e-20 0.655473 -0.376469 3.1778e-22 0.56347 0.0474285 -4.65035e-21
0.676157 0.376233 1.77294e-22 0.563942 0.641235 -4.29293e-21 0.220572 0.455709 1.96713e-19 0.50227
0.109715 3.55953e-20 0.669642 0.671461 5.26436e-21 0.0987505 0.26478 -1.86439e-18 0.625051 0.661052
3.87314e-20 0.155354 0.577078 1.09632e-19 0.358195 0.517718 -7.38617e-19 0.43988 0.611466 -2.37599e-19
0.296806 0.440744 1.68985e-19 0.517927 -0.0460845 -2.35974e-21 0.678644 0.612003 -1.25692e-19 0.296917
0.656229 4.25045e-19 0.180212 0.671066 -1.50312e-22 0.115714 -0.1876 1.24992e-18 0.65473 0.671236
1.64345e-23 0.115413 0.671232 -3.55905e-22 0.115706 0.64488 1.51975e-18 0.22005 0.233034 -7.70825e-21
0.640343 0.424315 -2.37561e-18 0.533285 0.579545 1.33481e-20 0.358755 0.125205 -3.14234e-19 0.670022
0.533725 1.64553e-20 0.424186 0.18678 1.4936e-20 0.655675 0.644995 4.70639e-21 0.221641 0.559399
-5.39563e-21 0.390557 0.547487 -1.93881e-20 0.407816 0.609172 2.43896e-19 0.310925 0.34355 -1.71708e-22
0.591574 0.670813 -6.21003e-21 0.13431 0.40827 4.81828e-21 0.549024 -0.280727 3.21011e-21 0.624082
0.57315 4.06517e-19 0.374014 0.264932 -9.24403e-21 0.63163 0.608415 1.2565e-19 0.314653 0.140655
-2.22786e-20 0.670524 0.280712 -7.91874e-21 0.625169 0.202259 -3.55166e-21 0.6554 0.20227 4.09765e-19
0.655887 0.34351 -1.44909e-22 0.594334 0.203038 -1.54346e-21 0.655897 0.0160379 1.64904e-18 0.686773
0.0317739 -2.5668e-21 0.686285 0.248744 1.62458e-21 0.640535 0.000389049 1.26674e-20 0.687205 -0.6873
1.35341e-22 0 0.392319 5.64419e-22 0.564354 0.2808 -1.17923e-21 0.627429 0.0475883 -5.15029e-21
0.685756 0.687423 5.16701e-20 0 0.687423 5.16701e-20 0.009375 -0.6873 3.04753e-18 0.0187294
-0.0151722 3.15784e-21 0.687574 0.576762 3.28992e-21 0.374625 0.0598398 2.28639e-22 0.685366 0.670507
2.87002e-20 0.154756 0.0634295 -2.55983e-24 0.685252 0.486225 -5.87267e-20 0.487125 0.687391 -1.21913e-18
0.0376284 -0.0306428 -1.84671e-20 0.687873 0.657934 -8.13893e-20 0.203795 0.156046 3.59489e-19 0.670966
0.657979 -7.9303e-19 0.204346 0.079028 1.03838e-21 0.684951 -0.0460158 -4.03752e-21 0.688124 0.670678
-2.32455e-19 0.162134 -0.0553006 3.51764e-21 0.688121 0.687313 -7.95762e-21 0.0658104 0.4731 -9.96004e-21
0.502906 -0.218634 -7.36676e-21 0.654993 0.501912 -3.46264e-19 0.474264 0.375863 -2.11561e-22 0.579297
0.518219 2.32176e-20 0.456436 0.258278 -1.48062e-20 0.640585 -0.0613366 -8.9206e-22 0.688118 0.570635
-2.1888e-20 0.389925 0.21775 5.78665e-21 0.656094 0.0944098 -2.94576e-21 0.684856 0.457979 2.07088e-19
0.518082 -0.687299 -1.5253e-22 0.0771758 0.296558 1.63614e-21 0.625301 0.534006 -3.86821e-21 0.440218
0.440691 2.58611e-20 0.53375 -0.0765408 -8.33593e-19 0.688047 0.17149 -1.33784e-20 0.671274 0.560859
-6.2173e-21 0.407209 0.265141 2.83077e-21 0.640619 -0.0922518 -8.84485e-21 0.687299 0.424075 1.91805e-21
0.548976 0.109782 -8.68665e-19 0.685123 0.296622 2.62314e-20 0.627436 0.687119 8.07348e-19 0.0978883
0.574231 1.34532e-20 0.390453 0.358912 -1.95427e-22 0.594494 0.65869 8.62415e-21 0.220119 0.375396
-5.20304e-23 0.584374 0.550065 -2.81798e-21 0.424614 0.658661 1.27888e-20 0.221888 -0.10791 1.49906e-20
0.687129 -0.408087 -4.99944e-22 0.563476 -0.305225 5.91741e-22 0.625215 0.68694 1.85348e-21 0.112077
0.686909 6.57057e-19 0.114643 0.67249 1.18549e-19 0.181173 0.233358 1.19646e-21 0.656242 0.0636385
2.24639e-22 0.694055 0.125244 2.40367e-21 0.685631 0.187021 -1.79141e-20 0.671503 0.408655 1.98134e-22
0.564912 -0.123885 3.74501e-21 0.68667 -0.061194 9.2491e-22 0.696011 0.569637 -1.81179e-18 0.404692
0.686362 -4.23423e-20 0.132563 0.312314 -9.90605e-22 0.625413 0.391431 6.41685e-24 0.579365 0.391666
2.32513e-25 0.579364 0.391409 -2.85611e-24 0.579558 0.281313 7.65288e-19 0.640652 -0.313383 2.36636e-21
0.625593 0.312327 -2.4488e-22 0.626312 0.555934 1.80711e-21 0.42548 0.217838 -3.52113e-21 0.665595
0.140765 2.70267e-20 0.686185 -0.687294 -1.07045e-18 0.136493 0.691563 -5.54115e-21 0.114209 0.413943
-4.12863e-22 0.565806 0.572228 -6.53364e-21 0.405096 -0.249707 -5.34549e-19 0.655162 0.202494 -7.95412e-21
0.671719 0.407814 -1.66103e-22 0.570875 0.551103 -6.25167e-23 0.434437 0.0317828 -1.40749e-20 0.701278
0.248853 1.9745e-20 0.656449 0.0159866 4.1963e-21 0.701899 0.673849 1.29763e-19 0.19712 0.0477258
3.637e-21 0.700693 0.546302 2.18698e-21 0.441602 0.000321006 3.34872e-19 0.702497 0.491212 1.02139e-19
0.502476 0.565342 4.25806e-21 0.417381 0.374452 -5.70024e-23 0.594655 0.685703 1.05484e-19 0.153889
-0.626963 1.6802e-18 0.317765 0.0637843 6.29019e-22 0.700194 -0.0152195 2.50989e-21 0.703045 0.519352
1.08802e-18 0.474157 0.0662639 -1.14442e-21 0.700157 0.569698 1.62564e-21 0.41264 -0.155594 -7.08758e-20
0.686371 0.490162 -1.9095e-19 0.505063 0.535337 6.03973e-19 0.457369 0.156241 -6.08656e-21 0.686663
-0.0306258 2.96638e-20 0.703554 0.0794222 5.84728e-21 0.699961 0.571438 -2.5814e-21 0.412426 0.458463
1.42371e-19 0.535263 0.500549 -5.06362e-19 0.496218 0.256832 -1.83186e-20 0.65639 0.674556 -1.99678e-20
0.205094 0.478356 7.33553e-19 0.518001 0.500845 1.01246e-21 0.496535 0.492708 2.36802e-19 0.504765
0.491666 -6.07233e-19 0.505808 -0.0458843 4.79794e-21 0.704039 0.544156 4.19212e-22 0.449324 0.478892
1.03941e-18 0.518493 0.521248 -1.74728e-20 0.476165 0.686163 4.95695e-19 0.166285 0.327954 -1.19934e-18
0.625434 0.297034 -1.28363e-20 0.640741 -0.376189 2.61604e-22 0.597715 0.0944695 -7.30608e-19 0.699964
0.2179 -4.71788e-21 0.671939 0.441958 -2.87717e-19 0.551305 -0.0610463 -8.33997e-22 0.704197 -0.0650231
-1.02201e-21 0.704121 0.551927 -8.68749e-22 0.442235 0.537683 -1.67762e-21 0.459711 0.460419 -4.97798e-20
0.537091 0.54031 -5.24954e-22 0.45708 0.40663 -2.97233e-22 0.579283 0.265153 -4.54418e-19 0.656324
-0.0761685 5.56431e-21 0.703906 0.691429 -1.70569e-19 0.152626 0.17162 -2.77768e-19 0.687046 0.224115
1.822e-22 0.672017 -0.501598 -7.61327e-22 0.500642 0.109612 -9.77224e-21 0.700403 -0.0919023 1.30581e-18
0.703214 0.427035 3.0826e-22 0.566553 0.553585 9.63908e-22 0.443782 0.702824 -3.88729e-19 0.0972103
0.444107 -9.57089e-21 0.553417 0.674566 -4.77089e-19 0.220558 0.674543 -4.2639e-20 0.222138 0.428134
1.255e-21 0.567097 0.427289 4.43002e-22 0.568062 0.389687 1.44586e-18 0.594713 -0.107723 1.11151e-21
0.702864 -0.187042 -2.11101e-21 0.686351 0.688221 7.16208e-21 0.18015 0.233367 -1.75505e-21 0.672129
0.0638974 8.31362e-23 0.708651 0.702828 -7.88082e-22 0.113149 0.430488 3.61456e-22 0.567089 -0.31305
-9.93127e-22 0.639516 0.125059 1.08569e-18 0.70104 0.187165 5.43888e-21 0.687274 0.428553 6.65691e-22
0.569032 0.569812 -3.32834e-21 0.427525 0.702815 -5.71131e-22 0.119565 0.312536 3.06124e-21 0.64095
-0.123543 1.80606e-19 0.702632 0.343313 -1.6232e-21 0.625691 -0.563917 -6.63339e-22 0.437812 0.281383
2.0525e-20 0.656167 -0.439151 1.30667e-22 0.563481 0.702803 8.42256e-19 0.129037 0.702774 -4.63392e-21
0.129973 -0.687288 -3.73317e-22 0.196881 0.689137 2.46794e-20 0.190386 0.233402 -4.47129e-21 0.675811
0.14048 1.08028e-20 0.701747 0.374438 -1.19619e-21 0.610225 0.420664 8.28848e-22 0.579694 0.202657
-3.87083e-21 0.687467 0.0316719 -4.59531e-21 0.716067 0.0158407 -8.9449e-19 0.716704 0.248966 8.23331e-21
0.672268 0.0477117 4.07517e-21 0.715576 0.000169932 -5.16841e-20 0.717409 0.694964 -3.73053e-20 0.178643
0.0624998 -5.48662e-22 0.715099 0.702651 -3.16193e-19 0.147213 0.0639833 -3.5699e-22 0.715051 0.252362
5.71672e-21 0.672221 -0.0153593 1.12921e-18 0.718143 0.718629 1.14835e-20 0 0.718629 3.77066e-19
0.009375 0.0799237 8.82322e-19 0.714236 0.3258 -5.99387e-21 0.641126 0.404767 7.8819e-22 0.594743
0.156303 4.29229e-19 0.702243 0.71861 -3.89615e-20 0.0374729 -0.0307257 -4.5019e-20 0.718963 0.703393
-3.05847e-19 0.152047 0.690222 3.28129e-20 0.204637 0.708527 -9.09188e-21 0.12869 0.327927 -3.5297e-21
0.641154 -0.2184 -6.30313e-21 0.686393 0.297163 9.51617e-21 0.656237 0.0941983 6.80649e-21 0.71491
-0.0458607 1.08616e-18 0.719891 0.218051 8.96742e-21 0.68768 0.718561 -3.7118e-19 0.0653809 0.265272
-2.7277e-20 0.672032 -0.0607111 6.87912e-21 0.720326 -0.0717918 2.77951e-21 0.719558 -0.0755268 -2.84938e-21
0.719298 0.171736 -1.79186e-20 0.702683 0.109027 7.50197e-19 0.715676 0.363777 -2.15007e-23 0.625994
0.389785 5.82127e-23 0.610255 0.703284 6.04275e-19 0.172589 -0.0916382 -1.38009e-21 0.718671 0.718425
2.21158e-21 0.0964798 0.691362 5.61801e-20 0.220609 0.691348 -2.36042e-19 0.222367 0.233531 1.49731e-18
0.687852 -0.107655 1.85318e-19 0.718397 0.249013 1.26004e-20 0.682578 0.419201 4.40837e-22 0.594056
0.718389 -1.04823e-18 0.112293 0.312588 1.13842e-20 0.656504 0.124502 -4.49704e-21 0.716422 0.187235
-9.63604e-19 0.702964 0.343266 -1.75216e-21 0.641401 0.421291 -6.54372e-22 0.593692 0.28102 -1.7734e-19
0.672119 -0.123535 -2.13653e-20 0.718233 0.707217 1.25813e-19 0.176335 0.373946 1.87779e-22 0.626145
0.0315098 1.03917e-20 0.728783 0.0156856 1.96937e-20 0.72934 -0.0737717 -6.56777e-22 0.725806 0.71823
-2.54828e-20 0.128067 0.714784 1.04633e-18 0.147031 -0.37596 -4.20928e-22 0.625736 2.30695e-05 -4.40961e-19
0.730082 -0.626085 -2.54468e-22 0.375725 0.047398 -4.38402e-21 0.728712 -0.249533 3.53448e-21 0.686558
0.139964 4.19772e-19 0.717285 0.714413 -1.81864e-19 0.1542 -0.0155047 1.10645e-20 0.73093 0.0575048
3.10554e-21 0.729192 0.7149 -9.08352e-20 0.155117 0.249042 -1.36615e-21 0.68803 0.202762 6.8526e-21
0.703148 0.062795 5.98929e-19 0.729443 0.404393 -2.29735e-18 0.61065 -0.0308688 -1.54099e-18 0.732017
0.716247 -2.40333e-20 0.154881 0.716225 9.99966e-20 0.155106 0.32599 -1.88686e-20 0.65683 0.0317246
3.77379e-21 0.73311 0.0475772 9.63014e-22 0.732324 0.0506027 6.42922e-22 0.732173 0.0159117 2.77906e-21
0.733894 -0.687326 7.20994e-22 0.258033 0.328061 -9.34254e-19 0.656881 0.0627313 2.41519e-21 0.731571
-0.155162 -1.75011e-20 0.717972 0.156141 -1.12982e-20 0.717776 0.000250826 -1.31884e-20 0.73467 0.297
-4.30987e-20 0.672076 0.0770906 -1.80772e-20 0.730864 -0.0458085 8.29244e-21 0.73363 -0.0152809 -1.86921e-21
0.73544 0.0928636 1.11002e-21 0.730302 0.707728 7.54021e-20 0.203082 0.218233 2.74617e-19 0.703319
-0.0306612 -9.71345e-21 0.736203 0.264731 -3.20661e-19 0.688142 0.389351 2.4806e-19 0.626231 -0.059324
7.94498e-19 0.735835 -0.0456443 9.38721e-21 0.736945 0.171757 -1.48036e-18 0.718233 0.108618 3.34624e-21
0.730617 -0.0917737 -2.15055e-22 0.733758 -0.059126 4.17766e-22 0.737613 0.343456 -2.36283e-22 0.655482
0.422611 6.6083e-22 0.607653 0.73393 -2.61336e-20 0.0960323 0.425651 5.01572e-23 0.60608 -0.0768783
-1.07214e-21 0.736843 0.274654 8.8636e-22 0.688204 0.342851 -6.48661e-23 0.657029 0.233749 -1.03157e-19
0.703469 0.312605 1.59857e-18 0.672189 0.343477 1.85925e-22 0.657035 -0.0704346 1.80641e-21 0.738178
-0.107918 1.77175e-20 0.733775 -0.186595 1.83067e-18 0.717882 0.124227 -6.01506e-19 0.731679 0.733747
-8.54842e-21 0.111632 0.187264 -3.1268e-21 0.718584 0.280528 -7.24241e-22 0.687737 0.374345 -1.51558e-18
0.64181 0.280513 1.44848e-22 0.68824 0.280936 -1.7017e-22 0.688232 -0.439034 1.85882e-22 0.599931
0.280524 -8.42012e-22 0.688494 0.733318 -1.67177e-19 0.125977 0.710044 8.55427e-20 0.222619 -0.123675
-2.25546e-20 0.73378 0.731838 -3.70114e-19 0.140952 0.729666 1.0861e-18 0.153126 0.404841 -2.76525e-21
0.626418 0.139896 -1.82893e-20 0.732682 0.729662 -7.80857e-20 0.154995 0.249257 -7.04149e-19 0.70366
0.20281 4.04824e-19 0.718792 0.723096 3.06885e-19 0.187867 -0.0749855 5.26025e-21 0.743508 0.327157
-1.67418e-22 0.672616 -0.409837 7.62345e-22 0.625889 0.328139 6.55831e-22 0.672645 0.296933 7.25786e-20
0.687931 0.155743 -5.61019e-19 0.733416 -0.74986 -4.7827e-23 0 0.749892 5.68509e-21 0
0.749892 5.68509e-21 0.009375 -0.74986 -4.7827e-23 0.0187474 0.74986 1.1338e-18 0.0376671 0.389926
5.70542e-22 0.641786 0.218372 2.02528e-19 0.718932 0.264905 -2.3738e-20 0.703811 0.337781 -5.8351e-22
0.672449 0.749794 3.32703e-20 0.0657135 -0.0799253 -3.57064e-21 0.749294 0.171579 1.85167e-20 0.733856
-0.74986 3.18757e-22 0.0778292 -0.56413 -8.86418e-19 0.500497 0.726891 -1.28712e-19 0.201316 -0.311919
9.58743e-21 0.686805 -0.501719 -2.97117e-22 0.563393 0.419702 -1.71888e-21 0.627248 -0.0938815 -1.13686e-20
0.748865 0.107188 -1.03997e-18 0.747238 0.0845893 1.51951e-22 0.750158 0.343429 1.51269e-21 0.672335
0.749616 -2.30675e-21 0.0948819 0.312713 -4.73675e-21 0.687929 0.0878169 -3.71958e-21 0.750657 0.233871
-3.68062e-19 0.719108 0.0856143 8.48241e-23 0.751434 0.0851504 5.24573e-22 0.751598 0.374739 8.18651e-19
0.657569 -0.108796 4.53338e-19 0.749204 0.749421 -1.93459e-20 0.109801 0.281202 -7.77838e-19 0.703583
0.187211 7.1455e-19 0.734218 0.123691 -4.15868e-21 0.747631 -0.687817 -4.02988e-22 0.319725 0.748948
3.11112e-20 0.124527 0.405253 -1.92634e-18 0.642077 -0.124085 1.02368e-20 0.749318 0.328289 -6.77088e-23
0.686429 0.748154 -8.17713e-19 0.139077 0.139152 1.34682e-21 0.748284 0.73596 4.83744e-20 0.194657
0.249436 3.88279e-20 0.719288 0.20284 -9.31874e-20 0.734417 -0.749857 -2.70354e-22 0.137636 0.438728
2.67244e-23 0.623635 0.328311 9.38951e-21 0.688432 0.747568 7.86688e-20 0.151639 0.435835 -7.37823e-21
0.626784 0.747598 -1.22568e-19 0.154841 0.297225 -3.31996e-20 0.703521 -0.626458 -4.87121e-18 0.437941
0.440451 -2.70036e-21 0.624714 -0.43895 -9.1066e-22 0.62602 0.390323 -1.3298e-21 0.657487 0.155543
-2.63288e-21 0.748869 -0.155157 1.82886e-18 0.749283 0.0920951 6.89998e-22 0.759947 0.732363 4.16795e-20
0.222955 0.218427 1.33713e-19 0.734578 0.264974 -1.14322e-18 0.71954 0.0891961 -9.33671e-22 0.762159
0.093025 1.47697e-21 0.761965 0.420689 1.63684e-22 0.642144 0.0960431 -2.58954e-22 0.762098 0.171571
3.70456e-19 0.74936 0.343776 6.01784e-22 0.688069 -0.5017 -8.36942e-23 0.583138 -0.0816779 1.47943e-21
0.765112 -0.0839564 -1.12903e-21 0.764952 0.312824 1.53096e-20 0.703587 0.108238 3.74211e-21 0.762637
-0.670664 6.5968e-22 0.379745 -0.0965187 2.00355e-18 0.764741 0.765294 1.5106e-19 0.0942571 0.23401
1.45847e-19 0.734732 -0.186443 -8.8723e-21 0.749248 -0.688836 -1.16002e-22 0.349506 0.280772 -2.26144e-21
0.719679 0.406002 2.1873e-22 0.657244 -0.0841748 -2.51506e-22 0.768137 -0.110987 1.09225e-21 0.764773
0.187259 -2.5229e-20 0.749774 0.765166 -7.38094e-20 0.109051 0.123758 4.98202e-21 0.763344 0.764923
-1.57025e-20 0.123616 -0.125949 2.50287e-19 0.7648 -0.749854 1.2815e-18 0.198222 0.0912028 -6.02452e-22
0.770597 0.249539 -3.07082e-19 0.734967 0.436106 4.90111e-19 0.642224 0.139724 -2.74779e-20 0.763956
0.764617 -3.53758e-20 0.138022 0.202851 4.96449e-19 0.75006 0.32848 8.01927e-22 0.704181 -0.363548
-9.02738e-23 0.687867 0.297209 -1.0248e-18 0.719283 0.696391 6.90537e-22 0.349189 0.764466 1.23772e-20
0.150576 0.0858054 -8.70727e-22 0.775021 0.7645 -9.64265e-21 0.1547 0.0884969 2.31425e-22 0.775491
0.15582 8.67694e-19 0.764846 0.421826 -4.99771e-20 0.656807 0.09011 -7.43145e-22 0.775774 0.781201
-1.59315e-20 0 0.781201 -1.63141e-18 0.009375 0.218437 1.13639e-19 0.750262 0.265197 1.57438e-20
0.73519 0.781196 -4.22378e-20 0.0376013 -0.542594 -2.49302e-22 0.563335 0.449804 -2.1461e-22 0.640335
0.453968 8.89303e-23 0.638167 0.457694 1.00423e-21 0.635512 0.343756 1.81467e-18 0.7038 0.78118
-1.94666e-18 0.0655645 0.171478 -2.58097e-20 0.764998 -0.375887 2.90329e-18 0.688121 0.375976 -6.6301e-22
0.688692 0.312674 5.02578e-22 0.71983 -0.0813442 -3.82866e-22 0.780966 0.456049 -4.39068e-22 0.639474
-0.0834887 2.93359e-21 0.781161 -0.564199 -8.5422e-23 0.547078 -0.0850769 5.941e-21 0.781305 0.234036
1.3821e-18 0.750449 0.407307 -1.12593e-18 0.672831 0.108424 8.90824e-19 0.779002 0.78111 -2.83122e-20
0.0942958 -0.0961297 -7.98609e-22 0.781141 -0.0976261 2.56709e-22 0.781119 0.280901 -9.02599e-19 0.735451
0.187356 2.85901e-19 0.765332 -0.68993 7.77179e-19 0.381482 0.781045 1.0257e-18 0.108901 -0.438743
1.10114e-22 0.655683 -0.112101 -1.1245e-18 0.780944 0.437194 2.06127e-22 0.656777 0.124043 2.21644e-21
0.779427 -0.097574 -1.19873e-21 0.783319 -0.249151 6.20743e-21 0.749273 0.698336 7.51937e-21 0.369058
0.757652 -1.25929e-18 0.223667 0.439864 -3.28445e-22 0.656708 0.780946 -2.21372e-20 0.123338 0.328354
-3.17678e-21 0.719246 -0.126975 4.9175e-21 0.780838 0.249623 1.47727e-19 0.750696 0.700323 -2.35816e-19
0.369351 0.391473 -6.81215e-22 0.688374 0.202879 -9.58329e-21 0.765718 0.13973 -1.17242e-18 0.779797
0.780838 -1.36352e-19 0.137648 0.297132 -2.12374e-20 0.735226 -0.749852 6.11027e-22 0.259378 0.422443
6.7403e-22 0.6722 0.4715 2.59549e-20 0.639004 0.695515 1.00887e-20 0.383789 0.780799 -9.59095e-21
0.15006 0.155263 3.49397e-21 0.780194 0.780831 4.33366e-20 0.154579 -0.157357 -7.06976e-21 0.78061
0.265257 1.18342e-19 0.750993 0.218392 -6.77558e-20 0.766015 0.697949 1.59085e-20 0.384244 0.471005
-1.09326e-19 0.642686 -0.564224 -1.68878e-22 0.563304 0.344132 2.60258e-22 0.719557 0.453245 4.464e-19
0.656359 0.375718 2.17655e-18 0.703905 0.715649 1.92559e-21 0.354917 0.312946 -2.47504e-21 0.735444
0.715236 6.70924e-22 0.356963 0.406955 -2.06068e-22 0.68817 0.171103 4.52668e-19 0.781109 -0.0789509
-2.18036e-21 0.796476 -0.0809674 5.4256e-21 0.796945 0.233918 -6.87142e-20 0.766289 -0.375415 9.46259e-22
0.707867 0.652832 -8.57341e-21 0.465213 -0.0785135 3.64977e-22 0.797873 0.0961196 -1.16732e-20 0.795945
-0.0832438 1.79245e-21 0.797473 0.0814897 1.38792e-23 0.797764 0.0815894 -7.47386e-24 0.797775 -0.626666
1.06246e-22 0.50047 0.281149 5.73934e-20 0.7512 -0.501657 3.04663e-23 0.626025 0.438182 -3.92709e-22
0.672034 0.690316 -4.81199e-20 0.408781 0.796923 1.26468e-20 0.0940971 0.0860933 -2.76286e-22 0.798277
-0.188248 4.40151e-21 0.780549 0.187311 -1.50519e-20 0.781086 0.110164 1.84555e-21 0.795645 0.654163
-3.80743e-20 0.466119 -0.0972412 3.54789e-21 0.797337 0.487411 -3.33226e-20 0.639016 0.714197 -4.25599e-21
0.368756 0.691862 4.48762e-20 0.409263 0.441569 -2.04762e-22 0.67195 -0.10596 5.91752e-22 0.797158
0.796918 5.14381e-22 0.108805 0.667763 1.34169e-19 0.44848 0.359931 2.65937e-22 0.719583 0.642021
-1.49077e-22 0.485213 0.685188 5.38807e-20 0.422194 -0.112121 -1.40889e-21 0.797032 0.679102 3.9531e-19
0.43234 0.642327 -3.04257e-22 0.485325 0.391166 2.65732e-23 0.703686 0.48742 5.70821e-20 0.641232
0.12504 1.76808e-19 0.795711 0.328962 1.97691e-23 0.735467 0.669142 -1.4438e-19 0.449543 0.249465
3.91205e-20 0.766605 0.796897 1.31743e-18 0.12328 0.686709 -7.42362e-19 0.422932 0.680491 1.9618e-20
0.433222 0.469876 2.17539e-21 0.655778 0.422143 6.78714e-23 0.687558 -0.127221 5.21215e-21 0.796873
0.645142 2.90192e-20 0.485189 0.202937 1.17337e-19 0.78141 0.64467 -1.71597e-23 0.486185 0.645346
5.9968e-21 0.486042 0.297278 1.84991e-20 0.751285 0.32898 -7.19619e-22 0.737965 0.14043 -4.23344e-21
0.795863 0.437787 4.63811e-22 0.67937 0.796855 1.8994e-20 0.137577 0.426115 -8.45624e-23 0.687443
0.096859 -2.00617e-22 0.804505 0.502373 9.79637e-19 0.635921 0.453699 -2.20047e-22 0.67165 0.701828
9.55861e-19 0.405949 0.796819 8.69485e-19 0.149842 -0.68214 1.95274e-23 0.438443 0.31327 -2.03423e-21
0.74809 0.639162 -5.98179e-22 0.499307 0.375344 -1.69693e-23 0.719155 0.156035 -2.53875e-20 0.796134
0.265033 -1.60999e-20 0.766897 -0.311794 -7.82846e-21 0.749401 0.796848 -4.71491e-21 0.154477 0.218344
1.318e-19 0.781795 0.727318 -5.57565e-21 0.361425 -0.812403 -7.72845e-23 0 0.422106 -3.2532e-23
0.694174 0.406595 1.26277e-18 0.703461 0.812522 -1.26392e-20 0 0.812522 -1.26392e-20 0.009375
0.345094 -2.00992e-19 0.735688 -0.812403 -1.6531e-19 0.0187498 0.312272 -6.57967e-22 0.750899 0.641645
-3.62324e-22 0.499862 0.812549 6.01103e-19 0.0376477 0.313341 -3.87975e-22 0.750871 0.345034 -1.6286e-21
0.736911 0.64246 4.51271e-23 0.500044 0.64256 -1.68442e-20 0.500041 0.716215 7.61136e-19 0.387554
0.43737 4.73687e-22 0.687119 0.731057 3.28838e-21 0.359501 0.655444 -3.86906e-20 0.483902 0.730434
2.98621e-22 0.361594 0.486256 -7.45029e-21 0.654172 0.730171 1.74063e-21 0.362479 -0.0741063 2.45428e-20
0.811851 0.812608 1.63889e-20 0.0656694 0.0854844 -1.08652e-22 0.810894 0.390793 4.04238e-23 0.715759
-0.749896 -3.78602e-25 0.320966 0.385985 1.82693e-22 0.71891 -0.438515 -8.36387e-22 0.688315 -0.812403
-5.89728e-25 0.0783182 -0.0736301 1.59289e-19 0.81297 0.0807462 -2.44318e-22 0.812356 0.233611 1.47426e-20
0.782225 -0.688796 -3.81954e-24 0.438503 0.414929 1.64634e-22 0.703339 0.0854136 1.28591e-18 0.812362
0.670457 2.38138e-19 0.466846 -0.0784371 -5.90948e-20 0.813481 0.281101 7.91374e-19 0.767452 0.406393
2.09172e-22 0.709246 0.731121 9.31783e-22 0.365879 0.636242 -3.10583e-22 0.513678 0.786191 -5.52684e-20
0.225135 0.0975071 -2.17518e-22 0.812007 0.641237 -1.14147e-22 0.507836 0.390699 2.50805e-19 0.718802
0.733054 -2.08031e-21 0.363345 0.812689 1.2599e-20 0.0944813 0.700939 -2.51355e-19 0.422027 -0.0778333
3.24153e-19 0.814919 0.360177 8.47589e-23 0.735236 -0.096315 -1.25329e-21 0.813118 0.186901 3.00862e-20
0.797282 0.111551 -2.86598e-23 0.811319 0.469023 2.73667e-21 0.671569 0.111601 8.18876e-23 0.81189
0.11197 -1.53878e-23 0.811889 0.329067 1.60254e-18 0.750753 -0.108275 -7.47229e-22 0.81281 0.812725
-1.49743e-18 0.109091 0.422056 -2.72778e-23 0.703235 -0.111509 5.59564e-19 0.812726 0.684964 -9.02447e-19
0.451471 0.806845 3.08187e-21 0.149774 0.360126 -1.40987e-22 0.73781 0.640194 2.75502e-22 0.514481
0.24875 -1.00641e-19 0.782748 0.12601 1.61581e-21 0.811877 0.812744 1.10923e-20 0.123498 0.501314
-1.22334e-20 0.651547 0.452383 1.08179e-20 0.686583 0.733018 -1.24057e-21 0.372668 -0.126875 2.04251e-21
0.812582 0.202995 6.59824e-20 0.797153 0.297896 3.21036e-22 0.767207 0.716825 8.13368e-21 0.404745
0.29906 -4.04945e-21 0.767115 -0.0959583 -3.18829e-21 0.817774 0.654432 -2.86702e-21 0.49971 0.29795
-2.74074e-20 0.768082 0.140618 5.10989e-19 0.8118 0.633577 -2.7558e-22 0.526777 -0.812402 3.61616e-19
0.138475 0.812718 2.12512e-21 0.137688 0.699736 8.76243e-20 0.436312 0.375326 -9.77651e-24 0.734751
0.812697 6.73146e-21 0.14257 0.669079 1.08929e-19 0.483161 0.406064 1.72942e-22 0.718727 0.795312
4.6873e-19 0.221267 0.34438 -4.56008e-21 0.750257 0.378244 9.45424e-23 0.734621 0.812666 7.9106e-22
0.149735 0.43665 -4.39015e-22 0.701839 0.264122 1.53536e-19 0.78352 0.155644 3.76575e-21 0.812126
0.218155 9.59926e-19 0.797638 0.812685 -3.24987e-23 0.153114 0.812692 7.12142e-22 0.154385 -0.157637
-2.82187e-18 0.812357 0.637937 -3.46526e-24 0.527335 -0.459646 1.33895e-21 0.688386 0.314016 -5.82274e-19
0.765937 0.637856 -3.72519e-22 0.527648 0.637882 -4.05516e-24 0.527653 -0.734135 3.02612e-22 0.382568
0.637886 1.80247e-24 0.527654 -0.0754874 -1.596e-19 0.82445 0.6379 -7.60946e-22 0.527734 0.484156
5.66888e-21 0.672124 -0.626724 9.45829e-23 0.542863 0.685253 -3.45773e-19 0.466925 0.126321 -3.89387e-23
0.819583 -0.0671682 -3.18135e-19 0.826949 -0.661763 5.02293e-22 0.500533 0.733817 -2.15227e-21 0.387368
0.512654 -5.60295e-22 0.65288 0.514002 -2.89426e-19 0.65198 0.375283 -1.76777e-23 0.740947 0.467457
1.70407e-21 0.686737 0.716761 -5.10774e-19 0.420468 0.39051 -2.82376e-22 0.734071 0.233324 -1.79568e-20
0.798202 0.0816019 -2.46781e-21 0.827835 0.0862009 -4.1816e-22 0.827374 -0.071482 9.03124e-20 0.828792
0.359876 -2.58411e-22 0.750451 0.653719 7.83691e-19 0.515438 0.280508 -1.86199e-20 0.784009 0.328899
-3.09599e-21 0.765568 0.81903 1.25863e-21 0.15435 0.0982671 1.3809e-18 0.827762 0.828404 -1.81684e-18
0.0945388 -0.188627 -1.35652e-21 0.812269 -0.0951426 -2.71611e-19 0.828439 0.822525 -6.4865e-23 0.137851
0.701122 -6.71121e-21 0.451917 0.668036 3.0864e-19 0.499625 0.18685 1.05688e-20 0.813039 0.629155
-4.00304e-23 0.548488 0.62931 -2.64472e-23 0.54852 0.288169 9.81765e-21 0.783887 0.112278 4.94789e-21
0.827955 0.828437 -2.59535e-21 0.109293 0.49984 -7.23149e-21 0.669686 -0.111092 1.50117e-23 0.828467
-0.112189 6.14414e-23 0.828463 -0.111091 2.30885e-24 0.82869 -0.812401 1.60385e-22 0.199225 0.247809
-7.14038e-20 0.799134 0.43536 -3.28684e-21 0.714548 0.454431 -4.17811e-21 0.703035 -0.126673 -5.62998e-22
0.827689 0.425045 6.67879e-19 0.721684 0.82846 -1.67405e-21 0.123781 0.126663 -7.37323e-22 0.828066
0.475353 1.11031e-22 0.689871 0.733803 -1.17206e-18 0.404285 -0.374419 -9.25764e-22 0.749542 0.202642
4.14209e-20 0.813094 -0.126663 1.05474e-22 0.828414 0.425426 4.60244e-22 0.722216 0.805759 -4.43398e-20
0.231947 0.684944 1.11719e-19 0.483672 0.633684 -8.03926e-22 0.549411 0.298913 3.23793e-21 0.783719
0.375218 -1.45432e-22 0.750222 0.344019 9.00192e-19 0.765311 0.716901 2.83636e-19 0.436078 0.828435
3.03016e-21 0.134426 0.808831 5.45715e-19 0.224956 0.436905 -1.20976e-21 0.716892 0.466322 -6.57308e-22
0.69818 0.279155 -1.73664e-20 0.791957 0.406641 -9.34111e-19 0.734714 0.828428 1.2844e-22 0.137949
0.455912 5.05091e-22 0.705803 0.637267 2.91183e-22 0.548495 -0.437802 -6.70144e-22 0.717926 0.756586
-1.52931e-20 0.367098 0.456414 4.75553e-22 0.706741 0.437893 -1.15814e-21 0.718392 0.652937 2.13763e-20
0.530778 0.755679 8.91859e-21 0.370144 0.315222 6.82515e-20 0.780388 0.828361 -7.92647e-19 0.14966
0.626306 -1.94998e-22 0.56246 0.408293 6.42596e-22 0.736367 0.262038 1.62483e-20 0.800189 0.217783
4.29846e-20 0.813508 0.427767 -6.03689e-21 0.725478 -0.0598396 4.25548e-22 0.840286 -0.0598025 1.91216e-22
0.840353 -0.750421 2.5858e-22 0.382968 -0.0599015 -8.87621e-23 0.84041 0.467483 -4.09278e-22 0.700965
0.828389 8.40117e-22 0.154298 -0.626752 3.13101e-18 0.563221 -0.564268 6.96792e-18 0.626034 0.806446
5.84434e-21 0.245603 0.467667 1.17839e-23 0.701406 0.701565 -3.90621e-19 0.467814 0.484922 -4.44299e-22
0.690005 0.628247 3.74449e-22 0.562856 0.642341 -1.02371e-21 0.547197 0.843827 -7.79876e-21 0
0.843827 1.36836e-18 0.009375 0.807211 -2.01124e-21 0.246241 0.807227 -9.48516e-22 0.246398 0.478478
1.48819e-21 0.695298 -0.0952758 1.54295e-21 0.838664 0.518161 4.87677e-21 0.666387 0.520264 2.74738e-21
0.664852 0.409953 -2.16141e-21 0.738028 0.807755 -5.06949e-23 0.246399 0.843862 7.22079e-21 0.037768
0.668389 3.27319e-20 0.516571 -0.0638567 -2.1774e-20 0.8427 0.733595 2.3169e-19 0.420175 0.359265
3.47087e-22 0.76551 0.327805 1.54262e-21 0.7796 0.272563 2.34977e-20 0.80068 -0.750663 -4.72938e-23
0.389742 0.630885 6.62701e-22 0.563394 0.0880619 -4.38119e-22 0.84136 0.752231 -4.3442e-21 0.387185
0.327521 -2.16889e-20 0.780171 0.0837195 4.87515e-22 0.842161 0.485081 1.40237e-21 0.693733 0.843935
-8.97987e-21 0.0659448 0.232856 -1.55528e-19 0.814197 0.632364 9.94707e-23 0.563316 0.684089 -8.64134e-20
0.500255 0.277633 2.08569e-20 0.800915 0.717478 -7.96228e-20 0.452019 0.48535 3.41486e-21 0.695377
-0.0800194 6.31388e-20 0.844643 -0.0800543 1.42786e-18 0.844773 0.493292 1.12298e-22 0.691022 0.844021
-9.23511e-19 0.0950543 0.393092 2.21881e-19 0.752967 0.0981317 1.70453e-21 0.843715 0.623244 -8.78357e-22
0.577476 -0.0953519 -3.02085e-21 0.844437 -0.251098 -2.43706e-18 0.812148 0.393925 -2.72304e-22 0.753484
0.492593 3.54229e-22 0.693301 0.844051 -4.47122e-19 0.10981 -0.110975 1.06038e-18 0.844266 0.112055
-7.13222e-19 0.844173 -0.689183 -7.89966e-18 0.500582 -0.501522 -7.9669e-22 0.688527 0.246684 3.0863e-21
0.815405 0.374489 6.35871e-22 0.765192 0.701117 -4.46511e-19 0.484059 0.628458 -1.8149e-22 0.575339
0.750804 -4.06726e-20 0.403932 0.499395 -2.14592e-21 0.691059 0.654592 -1.05908e-18 0.547044 -0.8124
3.14265e-19 0.26042 0.844052 7.83323e-21 0.124364 0.733619 6.17325e-19 0.436017 0.397069 1.85128e-21
0.755433 -0.126508 8.32774e-19 0.844159 0.641764 -2.37471e-21 0.562824 0.627834 2.06223e-18 0.578412
0.344195 -4.62839e-22 0.781251 0.126619 1.4779e-21 0.844306 0.668297 7.92612e-19 0.531749 0.844019
2.98892e-21 0.132815 0.769879 7.26226e-21 0.37105 0.769446 3.29297e-21 0.373152 0.843996 -1.22838e-18
0.138623 -0.141571 1.46797e-22 0.844049 0.141314 4.12017e-22 0.844454 0.142422 2.39784e-21 0.844443
0.826468 -1.20713e-19 0.225381 0.71763 -1.00236e-19 0.468052 0.259142 1.04011e-18 0.816675 0.683527
-2.39304e-19 0.516757 0.259637 3.62128e-20 0.816752 0.843909 1.05505e-20 0.149581 0.218009 -2.73407e-20
0.829053 0.3881 1.92872e-21 0.764375 0.62032 -1.4109e-22 0.591811 0.843949 -4.03877e-22 0.154211
0.515575 -2.59921e-21 0.685726 0.317591 -2.2761e-19 0.79735 0.318093 -6.63192e-20 0.797225 0.389288
-4.40346e-22 0.765124 -0.157536 7.85673e-22 0.843932 0.156228 9.34426e-21 0.844305 0.321097 3.63971e-19
0.79672 0.82597 -8.50315e-20 0.236006 0.358701 9.28654e-19 0.780973 0.750238 -1.28482e-18 0.419963
0.81956 -2.4374e-21 0.260868 0.303029 -4.62145e-20 0.805093 0.814571 7.88348e-23 0.277519 -0.0481187
-1.85689e-21 0.859394 0.700472 -7.70111e-19 0.500514 0.392034 -1.35296e-22 0.766855 -0.0489063 5.90782e-21
0.859914 0.809984 -4.39384e-21 0.292872 0.624908 2.57052e-22 0.592746 0.821241 -1.8336e-21 0.260924
0.769174 2.83697e-21 0.388615 0.232889 6.55145e-20 0.829758 0.733765 -1.33881e-20 0.452053 0.805852
2.01849e-23 0.306686 0.640253 -1.92443e-21 0.578178 0.816807 4.42726e-22 0.278054 0.654651 -1.20188e-20
0.562638 -0.0651263 -9.95474e-19 0.86097 0.259892 -1.78317e-21 0.823456 -0.0520294 2.85303e-21 0.861977
0.827661 -8.05887e-21 0.246497 0.498087 1.78247e-21 0.705557 0.499585 -2.08217e-21 0.704838 0.850109
-1.23992e-21 0.154141 0.778563 2.97876e-21 0.374581 -0.0800223 -4.52899e-21 0.86045 0.799168 3.19018e-22
0.329029 0.275487 -4.77275e-22 0.819202 0.617668 1.56673e-21 0.604815 -0.188619 3.06411e-21 0.843817
0.669056 1.8444e-20 0.547694 0.187134 1.5036e-19 0.844342 0.85963 -1.17316e-20 0.0952333 0.813567
1.74401e-21 0.293944 0.780132 -3.90475e-21 0.374107 -0.0953058 -1.1703e-20 0.860195 0.80034 1.75596e-22
0.329379 0.71739 4.55097e-19 0.484241 0.795225 -3.2022e-22 0.342209 0.374228 -4.4546e-21 0.781211
0.820443 1.0914e-21 0.277999 0.3424 3.08355e-21 0.795846 0.342535 -1.56572e-21 0.795839 0.809975
3.75637e-22 0.307919 0.859633 -5.64553e-21 0.11016 0.683606 1.70076e-19 0.53297 0.247127 -1.00234e-20
0.831219 0.79148 7.17976e-23 0.354737 0.806812 -2.12844e-22 0.318535 0.750083 -1.16876e-20 0.435889
0.767546 -9.56947e-20 0.404364 0.797118 -5.13435e-22 0.342775 0.536805 -3.69579e-21 0.681736 -0.437038
5.36735e-22 0.749665 0.110746 6.79317e-21 0.860697 0.790476 7.87046e-23 0.358089 0.622236 -1.08851e-18
0.605746 0.803315 8.6443e-22 0.330269 0.859613 1.44987e-19 0.124961 0.092364 9.13064e-19 0.863893
0.534474 -3.94777e-21 0.684983 0.792911 -2.52853e-22 0.355271 0.509659 -3.98633e-22 0.703724 0.376621
6.55919e-22 0.783062 0.0890036 -8.62491e-21 0.864857 0.798904 -6.51207e-23 0.343309 0.12621 3.1868e-20
0.860497 0.859573 1.36784e-21 0.134705 0.794039 8.69743e-23 0.355692 0.699915 -1.27251e-20 0.517029
0.377752 -4.28392e-22 0.783937 0.733796 -7.1668e-20 0.468146 0.785224 2.32816e-21 0.375625 -0.0410249
4.08157e-22 0.869628 0.794272 -4.5397e-21 0.356517 -0.313681 2.96313e-21 0.812288 0.794754 4.10549e-22
0.355781 0.859554 -8.01116e-22 0.139571 0.800417 -3.17146e-21 0.343198 0.156432 2.59373e-21 0.856949
0.831047 6.83097e-21 0.261249 0.785373 -2.72017e-21 0.377886 0.807118 -5.90752e-22 0.329061 0.515215
-5.8376e-22 0.70311 0.218161 2.80686e-21 0.843996 0.141625 -3.8679e-21 0.860233 0.639151 -2.88352e-19
0.593406 0.859464 2.73446e-19 0.14941 0.859502 3.65334e-22 0.152739 -0.0440967 -3.74005e-21 0.871915
0.259931 3.89339e-22 0.833439 0.821998 -7.03751e-22 0.294179 0.859517 2.10886e-21 0.154035 0.654553
-1.37543e-18 0.578024 0.323963 -1.12953e-18 0.810977 0.323969 -2.25401e-21 0.810975 0.788402 -2.92062e-21
0.375747 0.26102 -3.24733e-21 0.833627 -0.0447888 -1.1637e-20 0.87243 -0.8124 -3.18843e-23 0.321964
-0.752625 1.27938e-21 0.444777 0.766856 -1.72427e-19 0.419767 0.716986 -1.62756e-19 0.500548 0.156488
-7.76217e-19 0.860386 -0.874932 -2.01234e-22 0 0.845444 -1.10736e-19 0.225696 0.66977 1.0615e-18
0.56321 0.875119 -6.8215e-21 0 -0.874932 -2.01234e-22 0.01875 0.875119 -6.8215e-21 0.009375
0.829964 2.24869e-18 0.277856 -0.15744 -7.27672e-22 0.861371 0.750044 9.8646e-21 0.45199 0.307276
1.96968e-20 0.820044 0.233159 1.67282e-18 0.844211 0.875147 -6.24065e-19 0.0378858 0.812934 -1.53696e-18
0.327214 0.301206 3.44967e-21 0.823116 0.613225 3.74501e-21 0.626614 0.360272 -2.95925e-22 0.799692
0.296715 -1.32327e-20 0.825388 0.684343 -7.67567e-20 0.548806 0.308135 1.0943e-21 0.821466 0.844703
5.49063e-19 0.237622 0.875199 -5.60386e-21 0.0662154 0.303838 5.38942e-21 0.823622 0.361101 -6.57107e-22
0.80018 0.502146 -5.7233e-21 0.72017 -0.0638019 -1.03193e-20 0.87578 0.503677 1.52062e-21 0.719471
-0.874933 3.89322e-18 0.0786934 0.786293 6.20166e-19 0.391871 0.297301 -1.82208e-20 0.826904 0.28119
1.99652e-20 0.832865 0.733653 2.04911e-19 0.484287 0.82838 1.97149e-21 0.294357 -0.0794769 -6.25359e-19
0.875811 0.335741 -3.81999e-21 0.812863 0.699718 1.79844e-19 0.533463 0.363548 -3.74698e-21 0.801622
0.84419 -3.22426e-19 0.249645 0.2479 -9.82355e-21 0.844791 0.875232 -2.18385e-18 0.0956451 0.617653
3.198e-21 0.627516 0.549297 2.51916e-21 0.6882 0.325861 9.45092e-21 0.818036 0.811462 -1.3248e-23
0.342389 0.515671 -7.08962e-22 0.714046 -0.0950143 1.5796e-19 0.875739 0.531914 6.74216e-22 0.702552
0.35819 -5.93557e-22 0.80563 0.766574 1.55731e-20 0.435625 0.827777 2.86514e-22 0.303712 0.875233
3.61207e-21 0.110619 0.315243 7.57337e-21 0.824079 0.3095 5.86048e-20 0.826597 0.547808 -1.5021e-19
0.692153 0.784323 -3.77893e-21 0.405527 0.639675 -7.72135e-21 0.608634 0.0956275 1.3353e-21 0.877983
0.654571 1.58643e-21 0.59336 0.716598 1.16701e-18 0.516906 0.0935691 2.66564e-20 0.878608 0.827362
-3.54664e-22 0.310149 -0.437576 -7.43085e-23 0.767779 0.343725 8.80819e-21 0.814157 0.799826 8.82255e-21
0.376188 0.110392 4.35215e-21 0.877 0.749988 1.70987e-19 0.468123 0.875207 -8.90179e-22 0.125544
0.258641 5.5195e-21 0.84561 -0.126156 3.22481e-21 0.875513 0.844721 4.1535e-19 0.263058 0.515872
5.18723e-22 0.718872 0.610326 -5.16141e-21 0.64085 0.626605 -4.15147e-21 0.625139 0.871811 -1.33522e-19
0.155331 0.670518 -6.19636e-20 0.578461 0.125918 -1.98227e-20 0.876606 0.517967 4.4959e-23 0.718556
-0.626799 2.35544e-22 0.625942 0.262838 -2.21935e-19 0.845931 -0.874933 1.11043e-22 0.139115 0.218297
1.26381e-18 0.858666 0.875153 2.67749e-22 0.139009 0.875148 -1.16633e-22 0.140433 -0.026878 -4.9321e-21
0.886482 0.354816 -8.59306e-21 0.812824 0.811692 -9.09451e-21 0.357877 0.355707 -1.03099e-21 0.812717
0.68534 -3.80678e-20 0.564049 0.875069 -1.52266e-21 0.149218 -0.028009 5.53595e-22 0.887365 0.14092
5.91742e-19 0.876607 0.733404 8.53143e-19 0.500466 0.875089 -1.05055e-21 0.150856 0.516635 -4.88418e-22
0.722572 0.614391 -3.91125e-21 0.641677 0.875126 -3.30833e-21 0.153841 0.827192 8.7207e-21 0.325137
0.7837 -5.56312e-19 0.419615 0.844323 1.89938e-20 0.278401 0.358249 -2.50052e-22 0.813936 -0.157363
2.39258e-18 0.875386 0.233484 -1.11374e-20 0.858238 0.766379 1.7208e-19 0.451805 -0.0305735 1.9471e-18
0.889364 0.871791 8.43151e-20 0.178599 0.700057 -1.47775e-19 0.549558 -0.689307 3.46421e-22 0.563123
0.156844 -8.59899e-21 0.8762 -0.564184 -7.40511e-22 0.688575 0.800805 3.80876e-20 0.391598 0.507611
4.12359e-19 0.73297 0.328766 1.79133e-20 0.82905 0.531103 2.95323e-22 0.716572 0.871698 1.14534e-19
0.190506 0.547607 5.59227e-22 0.704473 0.0980025 -4.14436e-22 0.887042 0.0971773 9.01497e-21 0.88718
-0.0477575 6.7865e-22 0.891224 0.749867 -1.9961e-19 0.484248 -0.483406 1.73828e-22 0.750532 0.843015
-1.03367e-20 0.293984 -0.188604 2.99923e-24 0.872672 0.278022 1.46837e-20 0.848498 0.248536 -7.2668e-19
0.857781 0.716405 -3.8529e-20 0.533252 0.882034 -1.20992e-22 0.14058 0.564942 5.81231e-22 0.691847
0.176437 -4.0008e-21 0.875673 0.837925 -8.14474e-22 0.309546 0.825947 6.57063e-21 0.340444 -0.0635011
9.5456e-22 0.891318 -0.501511 -1.45631e-22 0.740002 0.607152 1.32127e-21 0.656456 0.640504 4.79073e-22
0.624402 0.51707 -5.63161e-22 0.730267 -0.079158 6.20913e-21 0.891343 0.655987 1.53571e-18 0.608964
0.187973 1.76348e-20 0.875173 0.518156 -2.96198e-22 0.729957 0.254937 -7.56993e-21 0.858132 0.625373
8.47429e-19 0.640733 -0.188603 7.87721e-23 0.875248 -0.376276 1.1352e-22 0.812653 0.863339 -3.2878e-19
0.238209 0.518161 1.99362e-22 0.730656 0.564611 1.34575e-21 0.695527 0.890875 -1.1058e-19 0.0957004
0.860221 2.17159e-19 0.250684 0.871619 -8.44917e-19 0.207734 0.552469 -4.23729e-22 0.705491 0.783267
-3.43248e-19 0.43533 0.86719 1.39507e-18 0.226098 -0.0947702 -1.41859e-18 0.891295 0.346718 -1.75792e-21
0.82667 0.671613 8.38648e-19 0.593784 0.518169 8.30531e-23 0.73176 0.610261 -4.85826e-20 0.657068
0.295469 1.07863e-20 0.84675 0.814735 1.9309e-20 0.374924 0.733162 1.44955e-19 0.516669 0.842444
5.01028e-22 0.309288 -0.874932 1.19508e-18 0.200004 0.890878 -2.03345e-21 0.110741 0.800653 -1.05262e-19
0.406299 0.766233 6.49463e-19 0.46801 0.686438 4.5227e-20 0.578947 0.84222 -3.25038e-21 0.311679
0.0994607 1.63494e-21 0.892605 0.264539 -2.94864e-21 0.858666 -0.812441 -1.10436e-18 0.383859 0.102767
-5.58884e-22 0.892733 -0.20403 3.58291e-23 0.875214 0.859328 7.15144e-20 0.264225 0.564336 3.56003e-21
0.700552 0.89086 -1.91337e-21 0.12577 0.109922 6.80322e-21 0.893007 0.826909 1.28138e-20 0.355521
0.701144 1.25333e-20 0.564658 0.871569 4.97295e-21 0.225988 0.871566 1.17189e-20 0.226146 0.531136
-6.24923e-19 0.727108 0.525741 -3.40014e-22 0.731029 0.0978573 -1.06218e-20 0.895323 0.218698 1.34452e-19
0.873784 0.265867 -3.45077e-21 0.861042 -0.389716 -8.54305e-22 0.812687 0.749701 -1.77551e-19 0.500363
0.841037 -6.53013e-19 0.324306 -0.0163071 -1.82412e-21 0.90139 0.546323 6.14296e-19 0.717253 0.890797
3.06775e-22 0.140767 0.125047 -1.67782e-18 0.893182 0.890772 -5.19063e-22 0.14378 0.872769 1.14349e-20
0.228988 0.343839 -3.95182e-21 0.834715 0.580823 1.92563e-21 0.691149 0.85869 -3.66705e-19 0.278908
0.716528 -1.13029e-19 0.549412 -0.501508 5.65874e-23 0.750871 0.890727 1.01264e-22 0.149024 -0.751403
-2.31719e-23 0.501201 0.890736 -4.47715e-22 0.149726 0.531455 6.8156e-22 0.730477 0.233959 2.4154e-19
0.872586 0.141354 -2.37149e-21 0.892444 0.78286 -1.96273e-19 0.45157 0.890673 -7.66851e-20 0.153654
0.890785 2.75264e-21 0.153646 0.0956 -1.15859e-20 0.899148 0.80058 -1.72575e-19 0.42041 0.890963
-2.27552e-21 0.155959 0.60364 3.39388e-20 0.673735 0.580973 9.66812e-21 0.69345 -0.0140585 -2.17713e-22
0.904561 0.622264 -2.11848e-20 0.65689 0.640029 1.94878e-21 0.639758 -0.376305 -3.18373e-22 0.823113
0.563935 5.9174e-22 0.70789 0.889372 -3.77428e-20 0.168182 0.248959 -1.69529e-20 0.870477 -0.013424
7.3322e-22 0.905443 0.157262 -6.37144e-21 0.891892 0.605177 -1.96588e-20 0.673791 0.816717 8.35462e-19
0.391705 0.327286 -9.68744e-19 0.844667 0.8406 7.03889e-21 0.338495 0.733049 1.46213e-19 0.532857
0.766094 -3.78477e-20 0.484175 0.90642 -1.57836e-20 0 0.345592 1.84379e-21 0.837985 0.90642
4.66336e-19 0.009375 0.349116 1.2402e-21 0.836699 0.345577 6.14065e-21 0.838303 0.544473 5.20543e-21
0.725294 0.658189 -1.00079e-20 0.624131 0.906442 -8.14842e-21 0.0379412 0.858355 1.08791e-21 0.294207
-0.0178164 3.62923e-20 0.90735 0.32814 -1.77125e-20 0.846212 0.31597 -3.99511e-20 0.850944 0.811478
-7.30383e-21 0.407112 0.876404 -1.47793e-20 0.237724 0.188237 4.33403e-21 0.888411 0.673471 1.53269e-21
0.609286 0.687219 -9.61385e-21 0.593994 0.888761 9.03172e-19 0.187627 -0.0333966 -1.01514e-20 0.907739
-0.313765 -2.11426e-22 0.852508 -0.048145 1.39866e-18 0.907176 0.581305 1.48657e-21 0.698132 0.90649
-2.30609e-21 0.0663309 -0.063479 -1.13225e-20 0.907014 0.597399 -4.43585e-21 0.68569 0.874548 -2.63299e-20
0.250238 0.293735 2.81358e-20 0.860949 0.817016 1.2414e-20 0.400005 0.316878 6.46481e-20 0.852795
0.282396 -1.28212e-18 0.865272 0.749555 -5.49789e-20 0.516472 -0.079041 9.15017e-22 0.906954 0.544915
8.54266e-22 0.729322 -0.251189 -5.19386e-22 0.875108 0.702335 9.43154e-21 0.579398 0.278802 -3.43527e-21
0.86702 0.800354 4.59575e-20 0.435398 0.857112 4.08144e-23 0.309181 0.294301 -9.14682e-21 0.862557
0.597627 -1.24662e-21 0.688205 0.906532 -2.8046e-22 0.0958663 0.831418 1.10667e-18 0.374312 0.782613
-8.24039e-20 0.467849 0.271398 -7.2943e-20 0.870468 -0.0946592 -8.25559e-22 0.906945 0.548816 -1.32424e-21
0.728857 0.106018 -1.66706e-20 0.906204 0.109648 2.1102e-20 0.905784 0.888735 1.09875e-19 0.206496
0.717238 3.36659e-20 0.564792 -0.874932 3.70267e-23 0.261253 0.874052 7.82782e-19 0.264461 0.817273
-5.17044e-20 0.40756 0.602711 4.17471e-19 0.686185 0.906559 -6.2376e-19 0.110876 0.856826 3.9288e-22
0.316725 0.560718 4.46653e-22 0.721945 0.840076 -1.52e-18 0.362243 0.765952 -4.15821e-21 0.500305
0.639165 -7.79259e-19 0.654937 0.109583 -1.06491e-20 0.908614 0.906566 1.50126e-21 0.125837 0.109694
-2.16232e-19 0.90869 0.581922 -6.2017e-21 0.70685 -0.125884 -1.37339e-21 0.906892 0.856547 1.43197e-22
0.324077 -0.269979 1.48527e-22 0.875117 0.733149 8.26818e-20 0.548922 0.219014 -1.75193e-20 0.889425
0.656577 -5.3193e-19 0.638899 0.562656 3.33853e-22 0.723308 0.862648 3.94934e-22 0.309267 0.817506
9.15803e-21 0.414516 0.621587 -4.35314e-21 0.674381 0.564337 4.29189e-22 0.723125 0.906517 3.88504e-19
0.140749 0.873895 -4.1928e-21 0.279375 0.886634 -1.65976e-20 0.23588 0.906474 -5.02391e-22 0.145985
0.799546 1.63172e-19 0.451392 0.90645 -2.5234e-22 0.148825 0.906455 -1.95487e-22 0.149245 0.906304
2.20362e-20 0.153451 0.234597 1.73183e-20 0.888829 0.892207 6.26723e-19 0.221443 0.141893 -7.65547e-21
0.908267 0.906508 4.23801e-22 0.15345 0.749517 -2.06086e-19 0.532549 0.871197 -1.83617e-20 0.294394
-0.251179 -1.70408e-22 0.884629 0.817715 -3.96176e-20 0.421038 0.906369 6.22888e-20 0.15707 0.782436
-1.47853e-19 0.484096 0.702677 -5.78977e-21 0.594043 -0.157131 -1.38819e-21 0.906794 0.842315 -1.28599e-20
0.371298 0.855969 8.4653e-19 0.338764 0.565241 -3.67471e-21 0.726902 0.121692 3.84809e-19 0.912874
0.833393 -5.2033e-21 0.392068 0.15772 -8.01968e-21 0.907447 0.905966 -1.29231e-19 0.166238 0.833366
-5.21828e-22 0.392579 0.87351 -1.62685e-21 0.292609 0.677995 -8.58485e-23 0.624408 0.843947 1.85229e-21
0.370746 0.891564 7.95316e-20 0.234829 0.574655 -1.01572e-18 0.721116 -0.00131191 -2.21421e-20 0.922222
0.718246 -1.38059e-18 0.579232 0.250284 1.15442e-20 0.888161 0.843136 -5.88016e-22 0.376284 0.173104
1.37032e-18 0.907074 0.598958 -2.51377e-19 0.70309 0.765848 -2.71052e-20 0.516403 -0.00341566 -7.47304e-21
0.923727 -0.438914 1.17365e-21 0.812812 -0.0332015 4.21184e-20 0.923302 0.905418 -1.26797e-19 0.18399
0.889723 -1.90221e-20 0.249668 -0.0481788 7.50232e-21 0.922859 -0.0185919 -7.31694e-21 0.924047 0.691563
4.17506e-19 0.613196 0.890267 2.397e-21 0.249644 -0.0634759 1.74948e-18 0.922671 -0.00512567 1.08877e-18
0.92498 0.576157 -3.08037e-21 0.723937 -0.810715 -1.266e-21 0.445949 0.85525 4.65274e-21 0.353506
0.733572 4.09887e-19 0.564523 0.799171 5.4917e-19 0.467663 -0.188416 3.25671e-18 0.906672 0.872898
8.21005e-22 0.309424 0.188453 -6.97334e-19 0.906758 0.818342 2.18769e-19 0.434997 0.693257 6.38058e-22
0.615202 0.843113 -2.81093e-21 0.385507 0.656116 -5.02555e-21 0.655035 0.9222 -2.78557e-21 0.0957282
-0.812851 1.06523e-22 0.445993 0.842691 9.87944e-22 0.386775 0.826324 -1.06687e-21 0.420646 0.884148
-2.24535e-21 0.279578 0.639837 1.31429e-20 0.671243 0.195546 1.56889e-21 0.906536 0.266401 1.75544e-20
0.888578 0.889311 -4.84239e-22 0.264554 0.832484 2.06779e-19 0.409727 0.905375 -1.43161e-18 0.203241
0.624574 1.72248e-20 0.686486 0.889754 -4.4823e-22 0.264556 -0.545656 -9.99571e-23 0.750979 -0.00270606
-4.54491e-20 0.92828 0.842609 -3.0814e-20 0.390159 0.782272 -4.34935e-19 0.500313 0.844726 -3.29329e-19
0.385701 0.844255 -3.13968e-20 0.386749 0.837136 3.70144e-21 0.40203 0.837538 -9.08207e-21 0.401365
0.922234 1.68834e-20 0.110737 0.838202 2.10592e-20 0.400246 0.749659 -4.63279e-19 0.548543 -0.812924
1.55874e-23 0.449626 0.641173 8.59345e-21 0.67292 -0.313813 -2.96721e-18 0.87514 0.658158 9.95836e-21
0.657452 0.128776 3.26302e-19 0.921597 0.87223 -1.97306e-18 0.324287 0.703921 2.10128e-21 0.608727
0.830304 1.09356e-20 0.420465 0.675358 3.08751e-21 0.640392 0.922265 -3.48374e-21 0.125696 -0.689329
-9.26003e-18 0.625877 -0.626802 7.66834e-18 0.688609 0.718284 5.33244e-21 0.592583 0.830538 1.50371e-20
0.421167 0.855066 -3.80089e-21 0.368903 0.13018 -1.00818e-19 0.922546 0.219281 -3.67958e-21 0.905791
0.00600629 -1.19238e-19 0.932107 0.704545 3.94605e-22 0.610561 0.88961 5.71244e-21 0.279685 -0.874932
-2.52531e-18 0.32279 0.906749 -1.90879e-20 0.218708 0.765876 -1.0965e-19 0.532444 0.692389 -2.50839e-21
0.625156 0.922236 -1.08191e-21 0.140576 0.816818 1.11321e-19 0.450799 0.676956 -2.59839e-21 0.642291
0.138505 2.96438e-20 0.922887 0.922192 5.17034e-22 0.14615 0.128771 -5.06464e-19 0.924933 0.922172
-3.42742e-23 0.148616 0.798969 -1.42187e-19 0.483999 0.922177 -3.39157e-22 0.149011 0.143823 -2.03512e-20
0.923015 0.73398 -5.1497e-21 0.578381 0.921861 3.04104e-21 0.153259 0.282207 2.46774e-20 0.89112
0.92223 1.75242e-21 0.153255 0.00221833 5.64372e-21 0.934915 0.921914 -1.53793e-18 0.15752 0.871714
3.30768e-22 0.339454 0.234987 -1.82098e-18 0.905596 0.15805 -1.99825e-18 0.922717 0.906652 -1.44951e-18
0.233747 0.921784 1.69323e-20 0.165723 0.782157 9.31308e-19 0.516483 -0.937452 -1.00901e-22 0
0.692626 1.33959e-21 0.631922 -0.937452 3.42832e-18 0.01875 0.694778 -1.29185e-21 0.62969 -0.0113046
-2.85396e-20 0.937621 0.937743 1.60479e-20 0 0.937743 1.60479e-20 0.009375 0.855092 -1.48654e-21
0.38572 0.937758 3.04835e-19 0.0379227 0.219214 -2.53619e-22 0.912633 0.718172 -2.61908e-19 0.604325
0.173067 1.24424e-20 0.92259 0.750039 -1.05941e-19 0.564444 -0.0170942 3.88374e-21 0.93877 -0.0325754
-6.46817e-21 0.938615 0.838812 -1.08538e-20 0.422531 0.921468 9.01003e-20 0.18193 -0.564126 5.72701e-23
0.751025 0.833247 -9.43844e-20 0.433576 -0.751689 -5.38985e-22 0.563459 0.854771 -3.99088e-21 0.38985
-0.0479751 -1.21693e-20 0.938389 0.905984 5.23408e-20 0.249313 0.834572 -5.97326e-19 0.432055 0.937792
8.13339e-21 0.0662844 0.815901 1.38631e-19 0.467305 0.251065 9.52897e-21 0.906127 -0.0633972 -2.28698e-21
0.93827 0.70209 1.8046e-21 0.62566 0.871124 -1.44579e-18 0.354757 -0.937452 4.80765e-23 0.0789879
0.835308 -9.39367e-21 0.433382 0.71878 1.01889e-21 0.607574 0.877918 -2.4993e-22 0.339749 0.188388
2.15527e-21 0.922527 0.834957 -2.06791e-20 0.436423 0.766111 7.21658e-20 0.548397 0.798765 3.89502e-19
0.500367 0.937824 7.84755e-19 0.0957617 -0.0945097 4.60426e-21 0.938156 0.921515 -8.42987e-20 0.200934
0.734152 -3.93093e-22 0.59211 0.23494 -8.56683e-21 0.913684 0.90567 3.57293e-19 0.264499 0.734633
1.39636e-19 0.592246 0.00896626 3.76144e-20 0.94387 0.853766 1.28184e-20 0.402805 0.122112 1.85183e-19
0.936108 0.122436 3.55707e-19 0.93625 0.937858 -1.39883e-20 0.110714 0.937879 -2.21082e-21 0.125587
0.782256 1.26172e-19 0.532521 -0.125748 5.75248e-21 0.938153 0.838582 8.66468e-21 0.439129 0.871309
9.01934e-21 0.370241 0.267728 -1.54172e-19 0.90833 0.841529 -1.54647e-20 0.434343 0.833409 -3.23227e-20
0.449886 0.921868 5.01568e-19 0.217579 0.136112 2.25721e-19 0.937429 7.08732e-05 -1.45117e-20 0.947699
0.905517 3.42219e-20 0.27978 -0.937452 4.61104e-18 0.139619 0.73307 8.37997e-21 0.601318 0.937841
-1.98124e-21 0.140393 0.815679 -4.89089e-19 0.483819 0.937789 5.88062e-22 0.146307 0.841165 -2.79695e-20
0.439824 0.750745 6.58026e-20 0.580931 0.937771 -6.21409e-22 0.148399 0.937775 5.12267e-22 0.148756
0.25096 -3.72722e-21 0.915737 0.937431 8.74169e-21 0.153066 0.937829 -1.06093e-21 0.153061 0.0195126
5.42411e-22 0.950244 0.887629 2.09769e-21 0.340212 0.937487 2.07819e-20 0.157578 0.0189933 1.84563e-20
0.95064 0.156391 1.43235e-20 0.937938 0.921858 4.24358e-20 0.233209 0.733662 4.43576e-21 0.605059
0.751257 -4.40612e-22 0.583071 0.798578 8.7741e-20 0.516666 0.841267 -2.92438e-21 0.443842 -0.157043
-4.33147e-21 0.938152 0.766489 -9.30694e-20 0.564392 0.937424 -4.43498e-21 0.165315 0.843399 4.40082e-20
0.442461 -0.376451 2.71687e-21 0.875257 0.289596 -5.71574e-20 0.908004 0.0159029 -2.07582e-20 0.95299
0.871278 4.04798e-21 0.387228 0.290284 -1.62608e-20 0.908559 0.172276 1.43097e-18 0.938123 0.291471
-4.31483e-19 0.908414 0.887393 -5.40872e-22 0.350753 0.832609 -5.91452e-19 0.466577 0.937274 -1.89551e-20
0.180516 -0.0166608 3.25244e-21 0.954367 0.8555 -3.51835e-20 0.423352 0.302852 2.6969e-19 0.905262
-0.00106631 5.17261e-21 0.954584 0.921649 -5.40316e-19 0.248961 -0.0321703 8.94131e-19 0.954167 -0.501529
5.52191e-22 0.812961 0.319123 3.65601e-19 0.900762 -0.874934 -1.71472e-22 0.384617 0.782761 -1.41419e-18
0.548387 0.887278 -4.64617e-22 0.355863 0.250887 -6.03109e-19 0.922576 0.321638 1.02523e-19 0.900926
0.904953 -2.60773e-21 0.310412 0.815453 1.74463e-19 0.500412 -0.188378 -1.74673e-18 0.93808 0.18784
-2.00845e-20 0.938228 0.335344 2.23338e-20 0.897435 0.373403 1.58557e-18 0.882303 0.953437 4.12422e-19
0.0955365 0.937318 -8.13434e-19 0.199401 0.112932 -7.81509e-20 0.951766 0.112999 -1.65372e-20 0.951805
0.384957 9.82815e-20 0.877876 -0.937452 1.20758e-22 0.200628 0.921554 -2.81379e-20 0.264254 0.26706
-4.95081e-21 0.920904 0.34556 9.25642e-21 0.894488 0.896435 -6.90276e-22 0.340683 0.869454 6.47816e-22
0.404828 0.846556 3.53628e-21 0.450754 0.749036 -1.06266e-19 0.599087 0.39815 9.48119e-20 0.872738
-0.814096 2.23812e-22 0.508141 0.953441 -5.15979e-22 0.110507 0.798737 -3.89126e-19 0.53264 0.397619
-9.89603e-20 0.873857 0.870746 -6.21438e-22 0.404995 -0.563291 1.44238e-22 0.778322 0.85318 1.6104e-21
0.442461 0.766544 2.02556e-21 0.579748 0.124325 1.26779e-18 0.953374 0.266909 5.30833e-23 0.923735
0.870919 -3.93458e-22 0.407519 0.953429 -2.42802e-21 0.12539 0.753863 7.21009e-19 0.597131 0.749553
5.61718e-20 0.602867 0.937484 -7.78658e-20 0.216595 0.139913 -4.53328e-21 0.952054 0.887622 3.22062e-20
0.371688 0.156017 5.74121e-21 0.949762 0.133021 -6.00956e-20 0.953381 0.89434 8.73748e-22 0.356094
0.832591 -8.11724e-20 0.483435 0.33211 -2.74587e-19 0.903853 0.921421 -2.62628e-20 0.279725 0.218915
-2.7862e-20 0.938175 0.95337 9.07264e-22 0.140191 0.140461 -5.14541e-20 0.953367 0.347836 -7.37427e-21
0.899225 0.062441 -5.76681e-19 0.962361 0.953314 -4.42836e-23 0.14646 0.953299 2.4402e-22 0.14819
0.953302 1.86688e-22 0.148495 0.857578 2.67539e-19 0.44244 0.815101 -1.06275e-18 0.51693 0.953027
-1.01029e-20 0.152872 0.39827 -1.00698e-19 0.879407 0.0624198 -2.6079e-18 0.963375 0.953353 1.01717e-20
0.152868 0.783492 9.15119e-21 0.564678 0.850369 6.75299e-21 0.458138 0.937469 3.72791e-20 0.232841
0.95308 -7.11868e-21 0.157463 0.858262 -5.58357e-20 0.443639 0.90397 -2.56542e-22 0.341086 0.1559
-1.65805e-19 0.953624 0.95305 7.1445e-21 0.165009 0.282491 5.12873e-22 0.925231 0.282597 3.8012e-23
0.925241 0.282604 -3.04004e-20 0.92524 0.282595 1.33999e-20 0.925266 0.848038 -3.52769e-20 0.466335
0.347635 1.61284e-20 0.903251 0.350304 -1.06703e-19 0.902255 0.294738 8.57507e-21 0.922821 0.171593
2.8866e-22 0.953526 0.887668 1.16484e-20 0.388734 0.106799 -5.05929e-21 0.963175 0.969103 1.54102e-20
0 0.903793 5.4565e-22 0.349848 0.969103 -1.37511e-18 0.009375 0.171576 2.06327e-22 0.953918
0.10709 -4.65272e-19 0.963389 0.17241 -3.44411e-22 0.953928 0.799667 -2.16744e-19 0.548004 0.303377
4.3514e-21 0.921035 0.95297 1.53298e-20 0.179681 0.937347 -3.78616e-20 0.24867 0.034214 -1.2689e-21
0.969234 0.969103 2.28999e-20 0.0378499 0.872106 2.23305e-18 0.42476 -0.0162921 1.89906e-19 0.970024
-0.0318995 -1.67958e-20 0.969755 0.765175 3.8871e-19 0.596815 -0.000916426 -1.35154e-20 0.970629 0.0330512
-1.70937e-21 0.970172 -0.251123 -8.69159e-19 0.937889 0.314252 -1.82247e-18 0.918812 0.766288 1.12819e-18
0.596672 0.832434 -4.92328e-20 0.500304 0.250474 6.28312e-20 0.938416 0.118934 -1.6406e-19 0.963968
0.9691 1.65874e-18 0.066138 0.861403 6.8604e-20 0.449005 0.90366 3.0492e-22 0.356399 -0.0630537
-3.98019e-18 0.969401 0.014437 -3.44621e-20 0.971615 0.361006 -9.19627e-20 0.902478 0.0310325 -6.85481e-21
0.971792 0.187213 1.38988e-18 0.954111 0.90372 -9.42967e-22 0.359777 0.765878 -1.11692e-20 0.60022
0.952955 6.21989e-21 0.198237 -0.937452 5.90782e-23 0.261935 0.853531 -1.18023e-20 0.46818 0.398388
-1.44771e-19 0.888375 0.766901 -3.59594e-21 0.600048 0.969062 1.38138e-18 0.0955127 0.937277 4.43152e-20
0.264121 -0.094294 7.88529e-21 0.96928 0.0326766 1.07137e-20 0.973617 0.876712 7.87265e-21 0.424949
-0.689315 3.44034e-21 0.6886 0.783277 2.54429e-20 0.579687 0.351895 5.8521e-20 0.908715 0.815766
-3.3289e-20 0.533121 0.855383 -1.98794e-20 0.467393 0.969028 -1.43278e-20 0.110488 0.130192 -4.91782e-20
0.966645 0.0795975 1.10097e-20 0.972135 0.865472 -2.52412e-20 0.450484 0.266158 -4.37262e-20 0.938853
0.847908 5.09952e-21 0.483237 0.855981 1.86894e-21 0.469003 0.8875 -1.10433e-19 0.406818 0.0792443
6.57365e-21 0.973288 0.372815 1.07122e-19 0.902811 0.968972 4.81776e-21 0.125298 0.952988 -5.885e-19
0.215963 -0.125584 4.33649e-19 0.969282 0.903949 -5.53315e-21 0.372828 0.0605774 1.04392e-19 0.976002
0.392213 1.61436e-20 0.895931 0.937191 7.04959e-20 0.279677 -0.626736 1.63051e-21 0.751098 -0.751795
-2.60897e-21 0.625957 0.329216 3.37048e-19 0.92123 0.9689 -9.16916e-19 0.140039 0.13908 9.3495e-20
0.969049 0.873126 6.62299e-21 0.442953 -0.439101 -3.65799e-18 0.875327 0.801139 -5.92487e-19 0.56388
0.0423309 1.17927e-19 0.978885 0.832117 -5.35486e-20 0.517404 0.968852 -1.29894e-22 0.146468 0.96884
-3.82278e-22 0.148003 0.968842 5.62542e-23 0.148289 0.852751 1.18796e-20 0.483357 0.873347 3.08981e-21
0.445067 0.963569 1.52221e-21 0.180344 0.281495 -2.10542e-20 0.939085 0.968658 -6.11727e-22 0.15269
0.968878 1.09925e-21 0.152689 0.953006 -4.7302e-20 0.232515 0.968695 1.03605e-20 0.1573 0.391
2.05781e-20 0.90065 0.154917 -4.70245e-20 0.969672 0.0396514 -1.0572e-19 0.98118 0.336332 1.87048e-19
0.922759 -0.874959 -5.52493e-18 0.446667 0.782581 -4.9024e-20 0.594027 0.968674 3.79697e-21 0.165027
0.296111 2.0134e-21 0.937907 0.296519 -3.72169e-20 0.937855 0.878522 -1.14257e-20 0.443041 0.847786
-3.58325e-21 0.499848 0.968686 1.37625e-20 0.174121 0.0912346 5.48672e-20 0.980012 0.817697 3.21462e-20
0.547949 0.903888 -9.49745e-21 0.38974 0.85744 -2.39098e-20 0.483473 0.783256 3.19376e-20 0.596864
0.952954 4.01815e-22 0.24844 0.888259 -1.72593e-20 0.425415 0.170763 -7.09705e-19 0.970016 0.874267
4.07832e-21 0.453681 0.121507 1.63535e-19 0.977683 0.968695 8.97374e-21 0.180668 0.173336 -3.2632e-21
0.970056 0.0469326 -2.46855e-20 0.984318 0.296086 -2.10355e-21 0.940066 0.859004 -5.97123e-21 0.483245
-0.0159933 1.37565e-21 0.98555 -0.0315561 -9.86785e-22 0.98526 -0.000172931 -3.57472e-20 0.985794 0.968657
5.45543e-21 0.184738 0.0435959 1.02013e-19 0.985183 0.859122 -1.88382e-20 0.484159 0.31295 -3.678e-20
0.935748 0.0944838 5.89603e-19 0.982189 0.015103 -2.32462e-20 0.986643 0.170655 -1.62922e-20 0.971929
0.936864 3.06577e-20 0.310864 0.851713 -3.15104e-21 0.499615 -0.562249 9.65394e-24 0.812342 0.186512
3.14078e-21 0.970261 0.0302342 -6.03641e-21 0.987717 0.877342 -7.29094e-19 0.454798 0.801077 8.44425e-20
0.578761 0.0494578 3.21807e-19 0.987155 0.96854 -3.05929e-20 0.19737 0.356873 8.61728e-20 0.921998
0.401054 1.08047e-20 0.903763 0.873124 1.7951e-20 0.464079 0.403015 1.88026e-22 0.90297 -0.313838
-6.67723e-22 0.937856 0.832436 -5.48752e-21 0.533974 0.0503001 -1.38364e-19 0.988138 0.33958 -1.56686e-19
0.929499 0.0753284 2.3595e-19 0.98672 0.0475358 8.08074e-20 0.988853 0.332887 -2.3431e-19 0.932629
0.0487151 1.86077e-19 0.99011 0.109137 -6.3323e-20 0.985423 -0.937452 -2.03614e-22 0.323484 0.903921
2.94037e-20 0.407905 0.968463 -6.70835e-20 0.215443 0.115487 1.76915e-20 0.985485 0.984533 -4.44619e-19
0.125173 0.847013 7.03672e-21 0.517256 0.797758 8.60505e-21 0.590907 0.973032 2.24358e-20 0.197451
0.858239 2.15175e-20 0.499231 0.88868 -3.72327e-21 0.443199 0.123261 -1.45683e-19 0.985595 0.834137
2.20298e-20 0.540409 0.0320966 -4.39653e-21 0.993453 0.849156 -3.53683e-21 0.516786 0.85991 -6.95796e-21
0.499259 0.984464 -7.88723e-22 0.139938 0.847297 -7.86614e-21 0.52059 0.217967 -2.47807e-20 0.97047
0.798568 -2.55179e-20 0.593024 0.280926 6.081e-19 0.95429 0.820046 -9.14594e-20 0.563144 -0.815378
-1.64635e-21 0.570174 0.860788 -4.37961e-19 0.499226 0.984425 1.04472e-22 0.146558 0.829671 5.05664e-21
0.549886 0.984417 9.29312e-23 0.147931 0.984418 4.4319e-23 0.148182 0.0563144 -3.93855e-19 0.993983
0.138402 2.41066e-20 0.986034 0.968518 8.14041e-19 0.232237 0.984301 5.34777e-21 0.152619 0.984439
-7.75469e-21 0.152619 0.984324 8.96898e-19 0.157234 0.936345 -1.46499e-20 0.34215 0.289052 -2.42424e-20
0.954145 0.870971 6.75705e-19 0.485585 0.0528479 4.11136e-19 0.995901 0.841912 9.75684e-21 0.53544
0.98432 6.31175e-21 0.165105 0.154013 5.49877e-19 0.986387 0.295927 -8.29514e-21 0.95402 0.887764
4.23494e-21 0.458586 0.984333 -5.05499e-22 0.173008 0.160934 -1.15659e-20 0.986457 0.904425 1.02778e-18
0.425598 0.968523 1.4383e-20 0.248291 0.0339886 -1.41679e-21 0.999348 -0.999964 -2.65155e-24 0
0.857121 1.9899e-21 0.515047 0.370314 8.05571e-19 0.928934 -0.999964 -2.65155e-24 0.01875 0.0597375
-1.2309e-19 0.998364 0.369553 6.83824e-20 0.929755 1.00051 2.59792e-20 0 1.00051 2.59792e-20
0.00937499 0.0218096 8.68505e-21 1.00044 0.390491 1.07854e-19 0.92139 0.984344 -1.04195e-18 0.180486
0.000371931 1.4383e-20 1.00079 -0.0154071 7.29117e-19 1.00069 0.0604364 -5.19663e-20 0.999062 0.0161834
6.96725e-23 1.00095 0.827562 1.68004e-20 0.563341 -0.0313351 3.5628e-21 1.00062 0.0583254 3.82059e-20
0.999445 1.00051 -6.67606e-19 0.0377462 0.85868 -5.65865e-19 0.515425 0.249597 -1.24294e-20 0.970216
0.0591998 -3.73397e-20 1.00026 0.836946 -1.55098e-20 0.551083 -0.0626922 3.78048e-20 1.00036 1.00049
-1.61339e-21 0.0659491 0.0706603 3.85909e-20 1.00018 -0.999962 -9.63132e-23 0.0792239 0.310867 9.01744e-20
0.95417 0.409705 -4.64392e-21 0.916385 0.365709 4.27835e-19 0.93488 0.848653 -8.47159e-21 0.536503
0.984497 2.00776e-20 0.197635 0.36022 -1.47485e-19 0.937337 0.406791 -7.81025e-20 0.918295 -0.094151
8.85852e-21 1.00038 1.00038 5.81538e-21 0.0952479 0.821491 3.46043e-19 0.578985 0.849993 -2.46552e-21
0.537294 0.390319 -1.11539e-19 0.926753 -0.867795 -2.37584e-22 0.508787 0.0652444 8.70765e-20 1.00396
0.340988 -2.39944e-20 0.946536 0.98429 7.2749e-20 0.208272 0.341454 2.43352e-21 0.946489 0.330044
3.48021e-19 0.95069 0.153531 -2.83439e-20 0.994601 0.0171191 6.8171e-21 1.00659 0.822568 -1.31163e-19
0.580432 0.920152 2.69195e-19 0.408831 0.834534 2.79859e-20 0.563587 0.984164 -1.11403e-22 0.214652
0.904843 1.75827e-20 0.442655 0.875752 8.44151e-20 0.498974 1.00017 -1.18481e-21 0.125081 0.968505
2.03143e-21 0.279624 0.935981 2.07666e-20 0.374405 -0.125532 -9.53434e-21 1.00043 0.0650457 -5.44437e-20
1.00623 0.875482 -1.7658e-20 0.500541 -0.501637 2.98494e-21 0.875351 0.0899763 -1.42299e-19 1.00505
0.0686082 -4.52711e-20 1.00706 0.121568 -6.76332e-21 1.00227 0.831488 8.48793e-21 0.572735 0.280713
-2.51271e-20 0.969867 -0.999964 1.76579e-22 0.140026 1.00007 -5.38337e-19 0.139871 0.83167 3.3564e-20
0.572989 0.898075 -9.8031e-21 0.462335 0.10582 1.73991e-18 1.00467 0.898247 -1.50974e-19 0.462397
0.833437 9.5368e-21 0.571544 -0.37652 7.29648e-18 0.937873 1.00003 2.44827e-23 0.146492 1.00002
-5.05221e-22 0.147865 1.00002 1.84755e-21 0.148129 0.0698235 -7.71895e-20 1.00855 0.121383 1.40612e-20
1.00408 0.137252 8.94872e-20 1.0021 0.999948 2.47061e-21 0.152553 1.00004 -6.62269e-22 0.152552
0.0686134 -7.29772e-19 1.00979 0.999968 1.09753e-20 0.157167 -0.875117 -1.36606e-22 0.508875 0.137135
-3.65588e-21 1.00372 0.294164 6.51778e-21 0.96978 0.999983 -5.88988e-19 0.165039 -0.937454 6.48847e-19
0.385277 0.0511858 1.36036e-20 1.01239 0.390137 -6.15277e-19 0.935766 0.295958 3.44725e-21 0.969768
0.920396 7.66338e-20 0.425777 0.034589 -1.4727e-20 1.0136 0.0183731 -1.39344e-20 1.0142 0.905277
-1.11788e-19 0.458541 0.360015 4.9701e-19 0.948856 0.358584 -1.30443e-19 0.949534 0.00834596 1.78033e-20
1.01504 0.152999 -1.98215e-18 1.00355 1 1.02664e-21 0.17481 0.893061 -1.22484e-20 0.483018
0.000948354 1.43378e-21 1.01567 0.0745373 -4.9991e-20 1.01303 0.0731982 -4.83328e-21 1.01316 0.341466
-7.16083e-21 0.956725 1.00002 2.94716e-22 0.180069 0.372857 -2.82227e-19 0.945605 0.968393 2.20102e-18
0.311037 0.295996 -1.55437e-21 0.973707 0.076575 -5.85048e-20 1.01493 -0.188319 -4.99711e-21 1.0006
0.31104 -3.46931e-20 0.969825 0.999977 -1.9535e-18 0.195858 0.999976 -7.83986e-21 0.196019 -0.75182
1.82679e-18 0.688579 -0.689313 1.50308e-21 0.751156 -0.999962 3.64748e-18 0.201139 0.184848 -2.58379e-21
1.00368 0.908078 9.59796e-20 0.465972 0.405876 7.28142e-22 0.936868 0.40621 9.04796e-22 0.936892
0.0799722 -7.45155e-20 1.01811 0.936011 9.84824e-20 0.408529 0.92066 -1.26036e-20 0.442621 0.891166
-7.82285e-19 0.50018 -0.626747 7.67574e-23 0.807217 0.0808504 3.40925e-19 1.01893 0.999914 -9.9044e-21
0.213888 0.891016 1.33321e-20 0.501834 0.406273 -9.50735e-22 0.939149 0.325943 2.14789e-20 0.969982
1.01584 -3.08387e-21 0.124985 0.00187403 -1.07226e-20 1.02356 0.28067 -4.9097e-21 0.98559 1.01573
1.42122e-21 0.139788 0.420734 7.62481e-22 0.93551 0.0873416 6.08567e-19 1.02225 0.425053 6.0407e-22
0.933941 1.01568 5.23832e-22 0.146141 0.418462 -1.10302e-21 0.937026 0.913363 -1.00558e-20 0.467891
0.341479 -1.33956e-20 0.967857 1.01566 -1.50294e-22 0.1478 1.01566 6.08639e-23 0.148114 0.217156
-1.72687e-18 1.00322 -0.875288 -1.61951e-22 0.536208 0.968102 -1.26223e-20 0.342518 -0.626748 -3.84943e-18
0.813482 1.01562 -1.33025e-20 0.152486 1.01568 2.0129e-21 0.152486 -0.813949 -3.42583e-18 0.626449
-0.0294171 -1.06355e-21 1.02674 0.343915 -6.32428e-21 0.967904 0.0861092 -4.92784e-20 1.02363 0.42248
1.09104e-21 0.936568 0.421993 -2.4428e-18 0.937065 1.01564 -9.19271e-19 0.157096 0.103473 3.11932e-20
1.02292 0.0851482 1.71661e-19 1.02465 0.391889 5.26724e-20 0.950678 0.936083 -1.38544e-20 0.425701
0.119974 -1.0677e-20 1.02178 0.920887 1.98771e-19 0.458947 0.050849 -3.40602e-19 1.0277 0.296113
-2.40354e-20 0.985441 0.0668111 -7.12383e-20 1.0268 1.01568 3.0937e-21 0.165012 0.0347387 2.75622e-20
1.02848 0.0185937 1.79738e-20 1.02925 0.00257202 4.66187e-22 1.02954 0.999892 -3.91404e-21 0.247895
0.136052 -1.99681e-20 1.02115 -0.0291903 3.73462e-21 1.02983 -0.632537 -4.04521e-23 0.813493 -0.0329061
6.67574e-21 1.03 0.302421 1.3682e-20 0.985403 0.915381 3.27499e-21 0.474006 1.01573 -7.07372e-24
0.17632 1.01575 -1.15691e-21 0.180199 -0.251068 -2.37417e-21 1.00067 0.152326 5.28918e-20 1.02055
1.03197 4.31074e-21 0 1.03197 6.96761e-19 0.00937487 0.911321 -1.70346e-19 0.484524 0.358919
5.29811e-20 0.968194 1.032 1.84456e-20 0.0376086 0.0921483 -2.9178e-19 1.0289 0.24904 5.05983e-20
1.00256 -0.0624169 -1.80333e-20 1.03129 0.31146 -7.76775e-21 0.985346 0.920383 -7.2269e-20 0.470421
-0.999964 -1.24909e-22 0.262502 0.0933346 1.00895e-20 1.02989 1.03202 1.66914e-22 0.0657068 1.01583
-2.13739e-20 0.196646 0.936024 1.66316e-20 0.442408 0.369514 -3.76822e-22 0.967171 -0.0939179 -7.17981e-21
1.03137 0.406648 -8.18436e-21 0.952476 -0.43916 -2.71002e-21 0.937939 1.03196 2.78552e-21 0.0949461
1.01574 -2.42634e-23 0.208703 0.376084 -1.18494e-19 0.966596 0.907485 -1.84966e-20 0.503298 0.967744
3.97957e-20 0.374644 1.0319 -1.13665e-18 0.10987 1.01571 2.07026e-18 0.213263 0.326813 2.05612e-20
0.985141 0.999847 8.6851e-19 0.279744 -0.937455 -9.65767e-23 0.447265 -0.125383 -3.3521e-21 1.0315
1.03167 -9.11576e-22 0.124856 0.280684 4.0806e-20 1.00167 0.919595 5.81574e-21 0.486655 1.03148
3.78346e-19 0.139719 -0.564211 -5.69882e-18 0.875495 1.0314 3.84684e-22 0.145764 1.03137 -7.53369e-24
0.147745 1.03138 3.57529e-22 0.148135 0.104619 -1.78657e-19 1.03703 0.342582 -3.55184e-22 0.984407
0.936013 -1.72112e-19 0.458666 0.421381 6.97675e-26 0.953487 0.34325 3.63786e-20 0.984392 1.03135
-4.64816e-22 0.15242 1.03139 -1.3313e-21 0.15242 0.102735 -2.41899e-20 1.03776 1.03137 -3.74975e-21
0.157009 0.391577 -5.58721e-19 0.967138 0.096022 1.19223e-21 1.03904 0.103533 2.80331e-20 1.03837
0.103522 7.00934e-22 1.03839 0.425366 3.35242e-23 0.953199 0.435503 4.54952e-23 0.948695 0.0671374
1.33287e-18 1.04186 0.296258 1.21686e-18 1.00119 0.11998 6.40648e-25 1.03736 0.0346978 -4.89681e-19
1.04371 0.0505437 9.91805e-21 1.04328 1.03146 -1.5605e-18 0.164933 0.0823351 5.66965e-20 1.04194
-0.875507 -1.24172e-22 0.571178 0.31179 -9.56734e-21 0.998021 0.342732 -5.53153e-22 0.987848 0.136291
1.59232e-18 1.0367 0.442045 1.74009e-21 0.948272 1.03154 -1.66655e-21 0.176405 0.93321 -2.1532e-19
0.474095 0.9998 1.52205e-19 0.311195 1.03157 1.17346e-21 0.180106 0.097114 -4.56028e-19 1.04282
0.35903 -5.83493e-20 0.984044 0.152266 7.84574e-20 1.03651 0.31187 -3.48828e-21 1.00105 0.951002
3.01058e-19 0.441848 -0.313794 3.17115e-18 1.00069 0.439547 4.94946e-23 0.952177 0.967289 3.79164e-21
0.407939 1.03166 1.80349e-18 0.196437 0.406817 -1.90051e-21 0.968252 0.16802 -1.06895e-18 1.03672
0.318388 5.73858e-21 1.00091 0.11116 8.7527e-21 1.04447 -0.999963 2.24901e-22 0.324074 0.371225
1.27392e-20 0.983661 1.04785 1.5469e-20 0.0946024 0.922872 2.34788e-20 0.505759 0.375477 4.74879e-21
0.983531 0.924776 -1.11614e-20 0.503142 0.327325 3.74516e-21 1.00072 0.18393 6.29961e-20 1.03673
1.03158 -3.94313e-21 0.211696 1.03157 2.24616e-21 0.212801 1.04778 -6.23327e-21 0.109624 1.03243
3.00267e-21 0.212826 0.950416 1.34324e-19 0.457308 1.0476 5.39432e-19 0.124665 0.925743 -2.4648e-21
0.506218 0.33643 -2.66642e-21 1.00054 0.43853 -3.26283e-23 0.960241 0.199959 3.5638e-20 1.03668
0.447578 -8.98027e-23 0.956361 1.04738 -6.35109e-22 0.139694 0.999642 3.40885e-20 0.342707 0.453921
6.06632e-23 0.954417 0.421703 -8.14906e-19 0.969279 1.04727 -8.99341e-22 0.145457 0.12252 6.59205e-19
1.05023 1.04723 -4.12592e-22 0.14774 0.34328 -1.97376e-21 1.0004 1.04723 -9.70433e-22 0.148187
0.943162 3.77734e-19 0.478682 1.04723 7.8088e-21 0.152353 1.04725 -5.85949e-22 0.152353 0.391426
2.75958e-20 0.983624 0.216099 7.14212e-20 1.03643 1.04725 -1.40987e-18 0.156849 0.121166 -2.44924e-21
1.05203 0.120058 -8.9568e-22 1.05228 0.0512341 5.89929e-21 1.05796 0.0668465 -1.58911e-20 1.05763
0.452294 -9.33787e-23 0.958481 0.0344673 1.31876e-18 1.05934 0.452182 8.98851e-23 0.95876 0.00266259
-1.10285e-20 1.06013 1.04736 -2.50986e-21 0.164892 0.137051 2.85741e-20 1.05151 1.03136 3.86797e-20
0.247799 0.082287 9.16606e-19 1.05755 0.126881 -1.02266e-21 1.05314 -0.0290813 -3.17205e-18 1.06065
0.95092 7.04003e-20 0.471465 0.0977066 -3.5245e-20 1.05759 0.966498 1.13653e-19 0.441164 -0.0568556
-5.71757e-26 1.06094 1.04748 -1.04674e-21 0.177957 0.359271 -1.12909e-18 1 -0.751751 1.48132e-21
0.751111 -0.0607025 4.08647e-22 1.06098 0.15271 1.50836e-18 1.05177 1.04751 2.02538e-22 0.180319
0.113475 4.02604e-21 1.05726 0.406905 5.88405e-23 0.982444 1.06345 8.18542e-21 0 1.06345
8.18542e-21 0.00937355 0.437353 2.85928e-22 0.969578 -0.501775 -9.71334e-18 0.937998 1.06354 -3.66241e-19
0.0374311 0.406072 -1.91336e-22 0.984191 0.24883 -2.24435e-18 1.03534 0.406916 2.02065e-22 0.984224
0.128803 -2.41388e-22 1.05769 0.12874 1.63464e-21 1.05778 1.06368 -1.62327e-20 0.0653698 0.168083
2.28264e-20 1.05244 0.467112 -3.03856e-22 0.957967 0.138399 -1.85197e-20 1.05687 1.04758 9.37809e-21
0.196756 0.13041 2.77185e-21 1.05791 0.124524 5.45328e-21 1.05865 -0.689273 -7.48627e-22 0.813601
0.410342 6.812e-22 0.984243 -0.814252 -1.15088e-21 0.688595 0.948837 3.20625e-19 0.486903 0.129958
6.05674e-22 1.05853 -0.0937969 1.23109e-18 1.06247 0.127801 3.06826e-21 1.05906 -0.937463 -1.15385e-22
0.509404 0.130594 -1.5068e-21 1.05899 0.452399 7.26198e-24 0.966415 0.4667 -9.60918e-22 0.959702
0.999294 -1.25163e-20 0.374693 -0.060686 5.21388e-22 1.06558 0.375591 -8.57937e-22 0.999202 0.946197
-7.49685e-20 0.494161 1.06383 -6.28925e-19 0.0945354 0.375596 -4.00783e-22 0.999945 0.18395 -2.73782e-19
1.05249 0.965959 1.25547e-18 0.456858 1.03131 1.43285e-20 0.279955 0.377028 3.17443e-21 0.999957
-0.376535 6.44964e-22 1.00056 1.04759 -1.54753e-18 0.213275 0.466028 2.51718e-21 0.962526 1.06382
-2.28404e-21 0.109518 0.449058 2.31452e-23 0.970674 0.945321 -5.08835e-20 0.500672 0.128087 -9.65014e-21
1.06204 -0.125303 -9.7856e-19 1.06264 1.06372 2.14998e-22 0.124564 0.42248 6.98066e-22 0.984311
0.452529 -7.06555e-24 0.970999 0.200006 -2.26104e-20 1.05244 0.452537 -8.21942e-24 0.97107 0.281008
6.16603e-20 1.03402 0.133755 8.64913e-21 1.06342 -0.999965 -7.53324e-23 0.385853 0.466763 -6.97944e-22
0.965439 0.14003 1.58639e-20 1.06322 1.0635 -1.53216e-18 0.139811 -0.908043 1.85688e-22 0.571428
1.06338 3.82075e-22 0.145956 1.06333 -4.22302e-22 0.147929 1.06334 -4.02964e-22 0.148297 0.138843
4.70794e-19 1.06487 0.391619 5.91879e-22 1.00007 1.06333 -5.46314e-21 0.152286 1.06335 7.05725e-21
0.152286 0.965649 -1.85475e-19 0.471668 0.21579 -8.82222e-19 1.05282 1.06335 -2.83637e-22 0.156473
1.05954 -2.00592e-23 0.18047 0.146569 6.14538e-22 1.06514 0.0667048 -4.02467e-19 1.07317 0.082336
1.04456e-20 1.07298 1.06346 -2.05752e-18 0.164718 0.422349 1.25265e-21 0.990217 0.982044 -1.23536e-19
0.441157 0.39944 -3.694e-22 0.999903 -0.626758 -3.57513e-24 0.875631 -0.626759 2.83413e-23 0.87603
0.0979934 2.21164e-20 1.07272 -0.627491 9.15662e-24 0.875634 1.03132 -1.58891e-18 0.311442 0.438314
2.65681e-21 0.984254 0.468158 -3.92185e-21 0.970961 0.480694 1.77686e-22 0.964887 0.153147 -3.81463e-22
1.06712 0.488817 -2.86214e-21 0.961447 0.998762 -1.34628e-18 0.407615 1.06356 2.06674e-22 0.18052
1.06356 1.71326e-21 0.18152 0.113019 -2.67836e-21 1.07331 0.312745 3.06912e-19 1.03299 0.406669
5.35071e-21 0.999746 -0.188229 -4.60197e-22 1.06297 0.468407 2.97206e-21 0.972846 0.129106 6.18599e-22
1.07246 0.391351 1.70415e-21 1.00702 0.147032 1.02564e-18 1.07056 0.965581 1.298e-18 0.486078
0.437999 -2.09468e-21 0.988444 0.168235 -2.54617e-19 1.06803 1.06351 6.27426e-22 0.196974 0.146139
4.89645e-20 1.07185 -0.877601 8.16825e-22 0.633171 0.15502 2.41798e-20 1.07105 0.488046 -9.50515e-22
0.966071 0.981721 -1.117e-19 0.456813 0.375379 3.18706e-20 1.01578 0.954772 -7.05941e-19 0.511239
0.487828 -9.02837e-22 0.967549 0.184113 3.9597e-20 1.06801 1.07985 2.31345e-18 0.0942057 0.454
6.25137e-21 0.984862 1.06354 1.24753e-21 0.213386 1.06354 -5.5797e-22 0.214577 0.422139 6.21396e-20
0.999638 1.07995 3.90827e-21 0.109303 0.501883 -4.90604e-21 0.963538 0.967004 -1.3465e-20 0.495752
1.03132 -6.28609e-21 0.342926 0.157126 -5.12976e-20 1.07554 1.07999 2.63099e-21 0.124432 0.199717
1.61687e-18 1.06886 0.343658 1.36565e-20 1.03216 0.156257 -5.18964e-20 1.07683 0.391021 -5.02279e-22
1.01558 0.967576 -4.57272e-20 0.498949 1.07985 7.92346e-22 0.139945 0.981498 1.60494e-18 0.471754
0.157316 2.11966e-18 1.07757 1.07952 -8.45636e-22 0.147971 1.0795 -8.90516e-23 0.148617 1.0795
-1.65274e-22 0.148725 1.07937 -5.82217e-21 0.15222 0.501111 5.51599e-22 0.968161 1.07953 5.70612e-21
0.15222 0.0349961 8.47767e-21 1.08966 0.216151 -5.33647e-20 1.06873 0.00332895 6.20943e-22 1.09037
1.0794 5.90155e-21 0.155623 0.437193 -2.47152e-20 0.999138 0.0665408 1.55203e-20 1.08893 0.99801
1.57598e-19 0.440769 0.0823216 9.45965e-21 1.08854 0.453417 1.74822e-21 0.993095 0.470053 -1.28031e-19
0.985343 1.06341 6.79008e-20 0.248194 -0.0290405 2.71048e-21 1.09163 1.07968 6.5358e-21 0.164397
-0.251007 3.21415e-22 1.06319 0.359714 7.40946e-19 1.03179 -0.439209 2.29175e-21 1.00054 0.932633
-9.77348e-19 0.570286 0.40623 -1.76554e-19 1.01517 0.0973164 -1.90141e-21 1.08916 0.232887 -2.58541e-20
1.06844 -0.0605912 2.18386e-18 1.09196 0.113121 -1.31366e-19 1.08875 1.07965 1.80479e-21 0.180519
-0.564357 7.53855e-22 0.938071 0.164397 3.60249e-23 1.08236 1.09488 -1.03354e-20 0 1.09488
1.2969e-18 0.00936319 0.981663 1.75015e-20 0.484994 0.516325 -1.75747e-21 0.966031 0.165183 1.30228e-20
1.08288 0.167802 3.51757e-20 1.08267 1.09498 -3.83041e-21 0.0372277 -0.999965 3.06413e-18 0.447804
0.16793 -1.18599e-21 1.08275 1.0633 -9.99736e-21 0.264639 0.129009 5.02343e-21 1.08817 1.07946
4.51097e-22 0.188519 0.168234 3.47809e-20 1.08299 0.166297 -3.13354e-21 1.08364 0.145473 -2.50592e-20
1.08668 0.249348 5.2642e-20 1.06766 0.485506 -3.98038e-21 0.983329 0.167024 1.8253e-21 1.08411
0.973197 -5.77217e-19 0.506291 1.09517 -1.68535e-21 0.0649398 1.0311 -1.47944e-18 0.374789 1.07924
-1.01037e-21 0.19766 0.45296 4.61567e-19 0.999513 0.997891 1.9886e-18 0.456757 0.375152 -1.00176e-21
1.03136 1.03166 3.64979e-21 0.374793 0.453431 -1.00487e-19 0.99963 -0.937497 -2.28679e-22 0.571654
0.940012 -2.71491e-19 0.568525 0.421441 -8.9634e-21 1.01462 0.515467 2.27452e-18 0.970639 1.08896
-3.95326e-23 0.149496 0.421558 -1.2777e-20 1.01519 0.160427 3.28393e-20 1.08749 1.06319 9.06256e-19
0.280525 1.09569 -1.93571e-21 0.0942916 0.183676 -1.32068e-20 1.08434 0.493365 9.19131e-21 0.983045
0.170774 -1.74651e-21 1.08658 -0.574699 6.49405e-22 0.938082 0.982961 2.06097e-21 0.494459 1.03094
4.58193e-22 0.384757 1.07953 3.58777e-21 0.214218 0.983147 -8.79165e-21 0.496153 1.096 5.06027e-22
0.109482 0.983947 2.49294e-19 0.496435 0.173559 1.11108e-21 1.08846 0.343945 1.25433e-20 1.04746
0.390602 9.982e-19 1.03114 0.281757 3.15377e-19 1.06608 0.199868 5.32375e-20 1.08447 0.435806
-6.24868e-20 1.01306 0.500842 2.87499e-21 0.98278 1.09636 -1.82493e-21 0.124385 0.175125 -1.16841e-21
1.0895 1.06314 -5.8834e-19 0.296252 1.09366 3.22649e-23 0.149932 1.09385 7.16511e-23 0.149951
1.09361 4.05204e-23 0.152087 1.09338 -4.90532e-21 0.15412 0.998376 -4.72667e-20 0.472048 -0.564365
-6.19045e-22 0.949409 1.09402 -6.7783e-22 0.152079 0.500602 2.64026e-21 0.984593 0.934305 -7.08656e-20
0.589619 1.09637 -8.37262e-22 0.139549 0.531391 4.13462e-22 0.969201 1.01381 -3.65827e-19 0.440764
0.216381 7.85208e-21 1.08447 0.934979 -2.69964e-20 0.591406 0.18486 -2.73965e-20 1.09087 1.07839
-7.42654e-22 0.249072 1.05228 -1.14031e-20 0.34313 1.06224 5.91681e-21 0.31201 0.359599 -7.12205e-22
1.04724 1.02979 -4.7043e-22 0.407267 -0.751695 1.69842e-22 0.813575 -0.81418 -1.01005e-18 0.751074
0.405806 1.35961e-21 1.03085 0.40595 1.02416e-19 1.03088 1.03058 -5.95967e-22 0.407258 1.09772
-9.75768e-22 0.151926 1.09608 -1.58797e-18 0.164862 -0.313736 9.47448e-22 1.06334 0.53047 3.3661e-22
0.973797 0.23316 1.51763e-20 1.08415 0.0973425 2.64119e-19 1.1047 1.03052 1.01158e-21 0.409913
0.51601 -5.00601e-21 0.981869 0.313123 1.13551e-20 1.06455 0.473867 -1.13482e-19 1.00387 0.113132
-1.25242e-20 1.10437 1.07818 -7.15062e-21 0.264948 1.09601 6.37474e-22 0.181214 0.454365 3.3308e-20
1.01398 0.1847 -7.81353e-21 1.09573 0.469914 1.77789e-19 1.00698 0.128883 -1.37722e-20 1.10406
0.949934 1.02285e-19 0.577281 1.01375 2.18707e-20 0.456677 0.999984 -1.42917e-19 0.486175 0.249652
-4.31891e-19 1.08364 0.374956 4.66932e-21 1.0469 0.185949 -4.26186e-21 1.09653 0.145214 -2.37086e-20
1.10287 1.06255 -2.89104e-21 0.329417 1.09462 -1.87147e-22 0.198768 0.949832 1.17742e-19 0.579905
1.09554 -3.26487e-19 0.198834 1.09517 -2.32805e-22 0.203114 1.07793 -7.19209e-19 0.280754 0.485307
-4.85834e-19 1.0033 0.545442 -1.11235e-19 0.971964 0.160737 -5.62163e-19 1.10294 -0.689287 -5.90688e-18
0.875927 0.192397 -2.90637e-20 1.09795 -0.876347 3.51511e-18 0.688977 0.456304 7.21096e-21 1.01738
1.09402 -1.32322e-22 0.216143 0.470685 1.17475e-19 1.01103 0.432672 8.07688e-20 1.02814 0.458163
-8.3342e-21 1.01714 0.456611 6.61284e-21 1.01792 -0.937695 -8.66646e-23 0.604749 1.09395 -3.38489e-23
0.219786 0.454306 1.37328e-21 1.01942 0.953291 -5.61224e-20 0.580688 0.430911 2.92855e-19 1.02995
0.176611 6.67994e-21 1.10259 0.485925 8.19865e-20 1.00544 0.390228 -3.42507e-21 1.04659 0.343835
5.13087e-19 1.06301 1.06339 6.25058e-21 0.343239 0.200363 -1.40321e-20 1.09968 1.07775 -3.07848e-21
0.29648 0.424591 -2.44123e-19 1.03404 0.544431 -1.40474e-18 0.976541 1.09369 -1.41307e-21 0.233195
1.01402 5.18846e-19 0.472247 0.194065 -4.39894e-20 1.10172 0.531354 1.18042e-18 0.984705 1.11042
-1.39289e-21 0.138682 0.498394 -1.47273e-20 1.00212 -0.501824 2.83716e-21 1.00057 1.10916 -1.33705e-18
0.151455 0.195313 -3.19868e-20 1.10246 1.09855 1.65058e-22 0.216475 0.435772 8.77217e-20 1.03161
0.941117 -8.53059e-21 0.607117 1.02989 1.73563e-20 0.440167 0.43489 -4.0159e-20 1.03252 1.00167
-6.20502e-20 0.502502 0.954571 -8.9557e-20 0.587217 1.11392 1.62747e-18 0.124173 0.216518 5.95159e-21
1.09999 0.941837 -3.57272e-20 0.60886 1.07256 5.05218e-22 0.327809 0.0347284 -1.07394e-18 1.12103
0.404959 3.73722e-20 1.04592 0.00314824 -1.63026e-20 1.12161 0.202123 -7.38538e-20 1.1033 0.374963
5.03045e-22 1.05714 1.07743 1.34486e-20 0.312174 1.06271 1.40316e-18 0.359129 1.09375 -4.21642e-21
0.249379 0.359462 2.83151e-22 1.06272 0.0662703 1.00057e-20 1.12041 0.510209 -1.00207e-20 0.999714
-0.999968 -1.87141e-23 0.509894 -0.0284199 -1.03743e-21 1.12213 1.1153 -3.29621e-21 0.135034 0.515104
1.96264e-20 0.998796 0.233509 -3.23795e-19 1.09931 0.421256 -1.36018e-19 1.04223 1.11572 8.52241e-22
0.138355 0.367475 3.74506e-23 1.06262 0.0972096 5.19795e-21 1.12057 -0.0607594 2.30856e-23 1.12329
-1.12498 5.01562e-24 0 1.09333 4.00839e-21 0.265204 0.420352 3.82833e-20 1.04362 -1.12498
-1.26524e-18 0.0282189 1.01462 6.99468e-20 0.487305 0.113068 1.77482e-20 1.12013 -0.0761035 9.90527e-22
1.12344 1.07766 -8.97541e-23 0.326462 1.06181 -4.43337e-20 0.375041 1.12619 1.36077e-21 0
1.12619 1.36077e-21 0.00930502 1.02958 7.45862e-20 0.456481 1.07769 6.68282e-23 0.327857 0.204391
9.67879e-20 1.10792 1.12604 1.39667e-20 0.0364999 0.250347 -1.37016e-20 1.09856 0.374967 -1.32202e-21
1.06253 1.00223 -1.96296e-19 0.515613 1.12522 -1.12896e-20 0.0657818 0.216258 1.31486e-20 1.10622
0.205124 -5.28995e-22 1.10836 0.546776 -6.2429e-22 0.985744 0.128773 -1.7846e-20 1.11996 1.10935
1.70524e-21 0.200746 1.11238 1.87728e-18 0.183922 1.11517 -7.73099e-21 0.166809 -0.376454 5.69107e-21
1.06336 0.14509 -8.90824e-19 1.11883 0.56462 1.80802e-22 0.97681 -0.626913 4.96217e-22 0.938141
1.09288 1.32277e-21 0.280949 0.424539 4.58509e-19 1.04576 0.381716 -8.20636e-23 1.06245 0.424198
-1.62783e-20 1.04629 1.03994 6.18056e-21 0.439879 1.10483 7.11391e-23 0.233593 0.504906 -1.00956e-20
1.01011 1.10839 -1.08574e-21 0.217194 0.504382 -1.29956e-19 1.01089 0.266926 2.11369e-20 1.09779
0.567184 7.15414e-24 0.977458 0.16074 -3.11424e-21 1.1188 0.567111 1.37796e-22 0.977746 -0.123876
3.12446e-22 1.12393 -0.526743 -2.48654e-21 1.0006 1.12727 1.52025e-19 0.094244 0.53032 2.18701e-22
0.999196 0.211197 -1.54248e-21 1.11157 1.10838 -1.33445e-22 0.227931 1.07828 -4.34309e-19 0.34349
0.390363 2.24549e-21 1.06234 1.12332 -6.23149e-22 0.138698 1.09231 -1.06279e-22 0.296654 -0.937868
9.37259e-23 0.63374 0.344105 6.30718e-19 1.07853 1.10438 3.08434e-22 0.249567 1.01487 -8.65077e-20
0.502155 0.176548 1.75202e-20 1.11852 0.390477 2.84172e-21 1.06294 1.10837 -9.25707e-22 0.233719
1.02981 -3.55929e-20 0.472147 0.282803 -5.1296e-21 1.09712 1.12789 -7.57199e-19 0.109441 0.566041
1.17053e-21 0.981998 0.969861 8.01104e-20 0.587391 1.09019 -1.80173e-21 0.312342 1.00201 -3.51737e-20
0.531239 0.970765 -1.07603e-20 0.586487 0.192394 -4.21363e-20 1.11804 0.215529 5.21517e-20 1.11385
1.09212 2.86777e-22 0.307506 1.10328 1.77813e-21 0.265278 -1.12498 1.26665e-22 0.148538 0.216006
7.51062e-20 1.11404 1.12884 -4.96477e-21 0.124373 1.09203 4.39554e-22 0.312367 1.10865 7.20316e-22
0.249643 1.10115 1.7401e-21 0.280991 0.359315 5.64563e-22 1.07815 1.07821 8.8159e-21 0.359199
0.949683 1.16869e-19 0.624372 0.229156 -4.14461e-20 1.11324 0.416426 -4.26454e-20 1.05759 1.06146
3.12949e-20 0.406459 0.950939 2.28451e-20 0.622637 1.01431 -5.67984e-20 0.51414 1.09789 -3.93234e-21
0.296696 0.234381 -1.46941e-20 1.11292 0.950106 4.69277e-21 0.62521 1.12505 -3.30801e-22 0.168854
0.20736 1.78357e-19 1.1187 0.951952 -6.77009e-21 0.624182 1.12575 -3.99339e-22 0.169 1.12987
-3.03149e-22 0.138995 1.12549 4.22839e-22 0.171356 0.406558 -9.51167e-21 1.06367 1.12646 -5.48015e-23
0.166881 0.962129 3.27879e-20 0.609182 0.233517 3.16621e-20 1.11459 0.511229 4.51057e-22 1.01789
1.13012 1.71717e-21 0.14254 0.22231 -4.55818e-20 1.11717 1.12388 -1.62384e-21 0.185836 1.10794
1.31056e-21 0.265312 0.509888 2.18084e-20 1.01895 0.31374 6.27593e-22 1.09543 1.12699 3.59791e-22
0.169105 0.580394 1.20515e-21 0.980856 1.03042 -2.08032e-18 0.487212 0.370611 1.07806e-21 1.0781
0.547111 -1.41764e-18 1.00023 0.965824 -1.19831e-20 0.606495 1.12257 -1.65927e-18 0.201634 0.224639
-9.33279e-20 1.1182 1.0924 -3.13543e-21 0.328067 0.251018 -4.37635e-21 1.11267 0.580032 -4.49748e-22
0.98229 0.977268 4.83475e-20 0.588556 0.40865 5.33432e-21 1.06511 1.0019 -3.63543e-19 0.545787
-0.188118 -6.89642e-21 1.12537 1.0778 9.41765e-21 0.37496 1.1309 1.60539e-21 0.15346 0.321621
4.69432e-22 1.09508 0.374936 -6.21075e-19 1.07808 0.965237 3.30167e-19 0.609276 1.10705 1.46338e-18
0.28102 0.374862 -4.72462e-21 1.07901 1.0019 3.61643e-20 0.548919 1.12154 4.03979e-21 0.217472
0.410433 -1.49742e-20 1.06635 1.11804 -9.22256e-23 0.235712 0.579254 -2.77817e-21 0.985376 0.402213
2.97351e-20 1.06998 0.32911 -6.29088e-22 1.09475 1.01275 -2.35608e-18 0.532077 0.267407 -2.20517e-21
1.11258 0.230252 -2.12125e-20 1.1209 0.334108 1.03122e-21 1.09451 1.14097 -1.04499e-18 0.0933798
1.10639 2.73125e-21 0.29676 1.09306 1.42583e-21 0.343717 0.528825 -1.00747e-18 1.01656 1.14078
4.99595e-21 0.108692 0.160585 -2.1077e-20 1.13495 1.00207 -1.88666e-20 0.556613 0.343961 2.22973e-21
1.09403 0.56297 2.99269e-21 0.999353 0.313758 -1.93322e-21 1.10341 1.03182 -6.28569e-22 0.501382
1.13678 -1.27498e-21 0.15423 1.04569 2.47093e-20 0.472095 1.14068 -1.20352e-21 0.12403 0.251913
-8.50824e-21 1.11961 0.283285 4.75331e-22 1.11233 0.984647 7.3917e-19 0.590223 0.176301 4.46042e-20
1.13485 1.1402 -1.99659e-21 0.139152 -0.564401 -9.65348e-22 1.00063 0.283325 -4.31228e-22 1.11358
1.06204 2.19246e-20 0.439248 0.267705 -7.06945e-21 1.11789 1.10626 -3.57063e-21 0.312514 1.13919
-2.17204e-21 0.154547 1.13892 -1.01623e-21 0.158048 1.12553 -3.61565e-22 0.237255 1.12518 -1.08065e-21
0.238994 -0.439133 -1.09733e-21 1.06327 1.12288 -1.49815e-21 0.250625 1.12583 4.35095e-22 0.237323
1.13798 1.28022e-21 0.170041 0.527873 5.05525e-21 1.02259 0.595491 -1.99717e-21 0.984793 1.09339
5.24886e-19 0.359367 -0.814131 -2.97749e-21 0.813543 0.965833 1.77662e-20 0.626083 0.359081 4.71907e-19
1.09357 0.191928 -3.32438e-19 1.13491 0.516687 6.94723e-20 1.02888 0.394118 2.19363e-22 1.08184
1.1311 7.05065e-19 0.215631 1.12063 -8.86132e-19 0.265334 0.518837 2.8401e-20 1.02815 0.595227
-2.51294e-21 0.985963 -0.999969 -7.45046e-23 0.57209 1.01246 3.931e-20 0.550984 0.00295838 -1.69116e-18
1.15292 0.545053 -7.90333e-21 1.01599 0.0344541 -3.26133e-21 1.15252 -0.25092 1.8843e-21 1.12561
1.13535 -6.66673e-23 0.202379 1.14291 6.74425e-22 0.155169 0.252679 -8.38771e-21 1.1256 1.11905
2.92431e-21 0.280955 0.313774 1.01223e-18 1.11053 0.594486 -2.27287e-18 0.989237 0.207255 -3.35169e-21
1.13545 -0.751681 -9.68484e-22 0.875978 1.04646 3.4524e-20 0.487287 -0.876446 -1.25851e-21 0.751278
1.10683 1.13755e-21 0.32825 0.0654852 7.75973e-21 1.15272 1.1301 -2.41898e-21 0.238283 0.373753
-7.27846e-21 1.09287 0.578973 9.68515e-19 0.999552 1.1275 -5.77779e-21 0.251432 0.398004 7.33523e-20
1.08451 1.0345 -1.85461e-18 0.514979 1.13399 2.1103e-21 0.223185 1.14013 1.36431e-23 0.189441
1.09332 -1.79829e-20 0.375053 1.14032 8.01025e-22 0.189515 1.1356 8.05943e-23 0.216943 1.12528
-3.81455e-21 0.265923 0.097003 -1.45689e-20 1.15229 1.13835 -5.59504e-22 0.20341 1.013 3.54797e-20
0.558318 -1.12498 -1.72894e-24 0.27016 1.11826 3.9342e-23 0.296769 1.13806 -1.41577e-21 0.209268
1.05663 -8.11723e-22 0.472034 1.15678 -1.40272e-20 0.034583 1.15739 -5.29138e-21 0 1.15739
-3.63557e-19 0.00906823 0.222646 1.28934e-20 1.13605 0.98364 -1.36876e-19 0.610615 0.328988 7.11198e-22
1.11015 1.13979 2.84244e-22 0.203904 0.268202 -5.45848e-19 1.12671 0.387409 8.82382e-21 1.09164
1.12373 2.57803e-21 0.281311 0.387282 -4.96719e-19 1.09183 0.128902 2.13505e-18 1.15136 0.387363
6.98784e-22 1.09188 1.1574 -5.12661e-21 0.0629834 1.15655 -1.41036e-21 0.0779379 1.01589 -4.09473e-19
0.558768 0.96362 4.04877e-21 0.644967 1.01605 -1.13876e-18 0.558799 1.15606 1.23802e-21 0.0930998
1.10775 7.78747e-19 0.34393 0.562154 -5.30658e-19 1.01477 0.337808 1.6357e-22 1.10996 1.14449
9.78664e-22 0.19118 1.1556 -2.16009e-21 0.108459 0.966623 1.53183e-18 0.6428 -0.972791 -3.20824e-23
0.63383 1.11824 -8.8975e-22 0.31259 1.09367 2.41094e-20 0.390674 1.14908 -9.21365e-19 0.168929
1.12295 4.67004e-21 0.296889 1.0613 -3.04839e-21 0.472011 1.15522 -5.18592e-21 0.124063 0.34427
-6.143e-19 1.10982 0.283748 3.17813e-21 1.12692 1.15385 3.92766e-22 0.138997 0.39116 -1.04063e-20
1.09443 0.160315 2.9846e-20 1.15122 1.00235 3.07428e-19 0.588988 1.0488 -9.56194e-20 0.501698
0.525563 1.40633e-19 1.03721 1.02314 -2.8793e-20 0.552517 0.612779 -7.72407e-22 0.988425 0.5234
2.10659e-20 1.03869 0.612736 -3.24697e-21 0.988659 1.15419 9.04515e-23 0.144339 0.237974 -7.76168e-21
1.1389 0.613868 -1.18943e-22 0.988591 1.15017 1.95221e-21 0.178156 -0.689334 -5.26479e-21 0.938224
0.176076 -8.18629e-19 1.1511 0.982032 1.58976e-20 0.626864 1.03595 -5.42007e-20 0.533187 0.595737
3.33659e-22 1.00137 1.00518 3.74487e-19 0.589363 1.1085 -2.62305e-21 0.359529 1.12293 -8.19485e-21
0.312479 1.15502 1.07902e-21 0.157191 0.358898 -9.82041e-21 1.10909 1.15332 -6.51068e-22 0.170937
0.612028 -5.18844e-21 0.992546 1.06133 4.75551e-21 0.483214 1.119 1.38529e-18 0.328399 1.09333
5.73496e-20 0.406576 0.544195 -2.0124e-21 1.03246 0.544536 6.72698e-22 1.03238 0.191586 2.02377e-20
1.15155 0.578867 1.4756e-21 1.01453 1.06134 -4.04661e-21 0.487839 0.253217 6.894e-19 1.14049
0.544535 -3.54629e-22 1.03375 -0.938923 1.30002e-22 0.69552 -0.313614 -1.3717e-20 1.12577 1.15719
2.57915e-22 0.163283 1.15799 -1.18503e-21 0.158786 0.314032 1.09274e-21 1.12608 0.359632 -1.36664e-20
1.11258 1.15915 1.31773e-22 0.159406 1.03465 1.12143e-19 0.546509 1.06357 -8.73761e-21 0.487917
1.10873 1.11105e-20 0.375108 0.207066 -4.47614e-21 1.15209 1.12367 -6.66988e-22 0.328054 1.02775
1.45434e-19 0.560867 1.01104 1.67949e-19 0.590459 0.374968 8.76291e-19 1.11034 1.00082 -1.6676e-20
0.610303 1.12062 -3.61496e-21 0.344081 1.09372 2.04719e-18 0.422333 0.990858 1.31322e-20 0.626743
0.268612 -4.44789e-22 1.14145 1.03378 1.37895e-20 0.554025 0.32913 1.36887e-21 1.12577 0.560709
2.32647e-20 1.03068 1.11182 7.8824e-21 0.375126 1.1651 -8.95827e-22 0.13974 1.17183 4.26882e-19
0.0621194 1.051 6.54735e-20 0.522564 0.332986 -3.05301e-22 1.12568 1.17142 -1.29448e-21 0.0773938
0.98272 3.14268e-22 0.64241 0.222535 -4.6981e-20 1.1529 1.00327 -1.75793e-20 0.610355 1.16624
2.33875e-22 0.137783 0.329042 3.3324e-21 1.12741 1.17083 -3.52004e-21 0.0925914 0.377817 2.71008e-21
1.11227 1.06176 6.98748e-21 0.503193 1.05232 -6.82111e-21 0.522886 0.378509 -7.94902e-21 1.11274
0.631701 -3.95274e-23 0.991306 1.17056 4.78482e-21 0.108179 1.0529 -7.37054e-20 0.522982 -0.501798
-2.14921e-21 1.06321 1.07682 1.24098e-18 0.472173 0.532305 1.08987e-18 1.04848 1.10922 -1.55597e-20
0.390584 0.530895 7.41633e-20 1.04956 0.614571 1.16835e-21 1.00298 1.12528 3.35035e-21 0.343501
0.284063 9.44734e-19 1.1418 0.999528 -4.3791e-21 0.620947 0.344219 1.56974e-21 1.12544 0.345029
-2.92588e-21 1.12559 0.596193 -9.32549e-19 1.01528 0.370314 -5.64602e-20 1.11767 1.02147 1.09151e-18
0.585974 0.987084 5.25529e-21 0.642413 0.631213 -8.94284e-19 0.994619 1.17022 8.65389e-21 0.140255
0.237965 -2.48411e-19 1.15446 1.09428 -2.33337e-21 0.438204 1.02899 8.05751e-19 0.57509 1.12287
-2.58475e-21 0.359438 0.998834 1.31453e-20 0.626634 1.12321 -1.91901e-20 0.361107 1.17324 -6.68685e-19
0.127099 1.05267 1.86175e-20 0.533467 0.577423 8.71606e-19 1.02975 1.10862 -1.70993e-18 0.406614
-0.626959 -3.93603e-22 1.00067 1.06799 3.0239e-20 0.503833 0.544534 -1.8093e-21 1.04814 0.977745
3.9034e-21 0.663076 0.31357 1.1067e-22 1.13936 1.06213 1.25707e-18 0.518466 0.547389 1.33622e-20
1.04758 1.07642 -2.44536e-21 0.488368 1.05297 -4.05133e-19 0.53733 1.04019 -1.373e-19 0.562547
0.980914 -1.76977e-22 0.660612 1.03712 -6.26984e-19 0.568808 0.253343 3.26911e-21 1.15563 1.12749
-5.2902e-21 0.358633 0.313505 -2.52431e-22 1.14124 0.982178 -1.5856e-20 0.660436 0.19126 -1.06702e-20
1.16805 1.09293 1.26555e-22 0.454599 -0.999995 1.82691e-22 0.6339 1.1771 -3.65821e-21 0.129765
1.015 1.43979e-19 0.610697 0.00252717 5.09525e-21 1.18467 1.12817 1.416e-20 0.361976 0.0337653
2.23618e-20 1.18466 1.06199 7.27972e-21 0.526538 0.560006 1.61135e-20 1.04509 1.0529 -4.72536e-21
0.545438 0.363166 -5.54598e-20 1.12909 0.0652173 -3.16797e-21 1.18438 1.06298 9.53825e-21 0.526928
1.10873 8.96153e-21 0.422405 0.206822 -4.21155e-21 1.16844 0.645752 -5.15413e-21 0.995849 1.12607
6.17603e-20 0.3752 -0.0604875 -3.55574e-22 1.18539 0.649599 -7.54746e-21 0.993518 -0.376288 5.79062e-21
1.12589 0.328326 3.88193e-22 1.14094 0.615366 4.90044e-21 1.0154 0.268724 1.96732e-20 1.15656
1.12634 3.60667e-20 0.376356 1.05293 -4.711e-20 0.549357 1.06422 -5.33065e-20 0.52757 0.0968176
2.72474e-18 1.18392 0.999225 -1.22698e-18 0.642421 1.18659 8.51107e-21 0.0615002 -0.530493 -2.10792e-21
1.06319 1.18584 -3.50452e-19 0.0763725 0.636839 8.59007e-21 1.00328 1.07589 -5.95769e-21 0.504656
1.18801 -1.82011e-18 0.0332404 0.366128 -8.13969e-21 1.13073 1.18859 3.64639e-21 0 1.18859
3.64639e-21 0.00836909 0.537945 -1.92243e-22 1.06002 1.1853 2.33006e-21 0.0916738 1.05297 1.14355e-20
0.552393 0.594566 1.99964e-20 1.02976 1.06606 -2.00543e-20 0.528265 0.222333 -4.88046e-20 1.16914
-0.0982687 1.26088e-21 1.18608 1.09295 6.44281e-21 0.471425 1.03125 -1.46614e-20 0.594517 0.128456
9.92573e-21 1.18349 1.07094 8.82772e-21 0.520182 1.13064 2.0946e-20 0.374168 0.284068 -3.13438e-20
1.15685 0.343571 -5.56285e-21 1.14067 1.13087 -3.82728e-20 0.375177 1.18655 -6.97857e-23 0.109063
-1.12498 1.03508e-22 0.392769 1.1275 -9.28915e-20 0.386793 0.54623 1.34907e-18 1.05973 0.546487
2.26665e-20 1.05969 0.647034 -8.7374e-21 1.00147 1.10885 1.79649e-18 0.438298 0.546706 -4.21872e-20
1.05971 1.01469 1.85699e-20 0.626373 0.576247 -1.42748e-20 1.044 1.12142 -1.10298e-21 0.406913
-0.124044 1.13017e-19 1.18654 1.05132 -1.17863e-19 0.564278 0.350091 -4.16977e-21 1.14093 0.985869
3.68395e-21 0.67343 0.237833 -2.32549e-21 1.17005 1.06402 8.26812e-21 0.541733 0.159769 1.1748e-21
1.18365 1.12306 3.97128e-20 0.406889 1.12305 -5.53975e-22 0.406951 1.07529 -8.96586e-21 0.521044
0.988576 -5.21325e-22 0.671329 0.989058 -1.23956e-20 0.671393 1.19022 -2.99491e-21 0.111984 -0.814097
2.97979e-19 0.875997 -0.876539 3.1837e-18 0.813576 1.13024 9.16607e-20 0.391335 0.358315 1.47245e-20
1.14127 1.09208 -1.37858e-21 0.488233 0.559714 -2.51005e-20 1.05766 0.999528 1.8921e-20 0.658018
0.308015 2.02388e-20 1.15661 1.12045 7.76522e-22 0.422654 0.253318 1.62416e-20 1.17075 0.361009
8.16537e-21 1.14231 1.03098 1.25099e-18 0.610194 0.55978 3.90525e-20 1.05923 0.612352 3.54958e-19
1.02984 1.10862 2.72491e-20 0.454451 1.04894 1.1839e-19 0.579206 0.313256 -3.49835e-21 1.15656
0.357304 -8.33601e-21 1.14396 0.637577 -1.29736e-20 1.01517 0.668373 2.95098e-19 0.995851 0.190978
1.10456e-20 1.18417 1.07507 -1.00089e-19 0.532174 1.13479 -2.02341e-20 0.390207 1.12313 1.86843e-21
0.422711 0.592976 -6.62032e-20 1.04399 0.668092 -1.51929e-21 0.99773 1.01519 2.75325e-20 0.642226
-0.186934 -3.57589e-21 1.18693 0.328124 -1.03673e-18 1.15636 -0.751722 1.6586e-18 0.938258 1.0911
-2.83535e-20 0.505097 0.206628 2.71599e-19 1.18447 1.12318 2.55364e-21 0.429851 1.0779 2.24067e-20
0.533484 1.20051 -1.59928e-21 0.0754231 1.20136 1.94477e-18 0.0605815 1.07735 -3.83944e-20 0.535075
0.575821 -1.67745e-18 1.05656 -0.564403 -2.72038e-21 1.06318 1.04785 -1.10948e-19 0.594169 1.20112
8.6577e-22 0.0919999 1.1091 -3.68116e-19 0.470522 0.358428 3.47973e-20 1.1506 0.575914 -1.54962e-19
1.05872 1.06617 -7.91472e-20 0.562276 0.993243 3.10097e-21 0.682939 0.342232 -1.47825e-20 1.15589
0.667305 -3.55472e-21 1.00409 0.222105 -1.41724e-22 1.18512 1.13508 1.40386e-21 0.406881 1.12324
-9.82129e-22 0.438559 1.0307 -8.13463e-20 0.625852 0.994838 -7.07826e-22 0.681631 0.993673 -4.86072e-21
0.68353 0.994975 1.98433e-20 0.681904 0.342401 2.07014e-20 1.15667 -0.939848 5.42653e-23 0.757278
0.630451 7.8828e-21 1.02927 1.0019 -8.55261e-21 0.673101 0.35331 1.67871e-20 1.15499 1.20457
-9.73029e-22 0.0951707 -0.438947 -6.26807e-19 1.12595 1.08998 -1.11332e-18 0.522183 1.0801 3.86796e-20
0.54299 0.237682 -1.60037e-20 1.18574 1.13952 -1.53016e-21 0.405368 1.12728 1.16076e-21 0.438735
0.609697 -1.75427e-20 1.0448 0.356773 -1.98329e-20 1.156 1.01551 -6.73697e-19 0.657618 1.10817
1.04498e-20 0.487438 0.592256 5.55649e-20 1.05597 -1.00012 8.41896e-23 0.682668 0.666361 -1.89134e-20
1.01157 1.06489 4.72516e-19 0.577567 1.04722 7.43758e-20 0.609547 1.12364 1.88885e-20 0.454391
0.592407 7.04623e-20 1.05814 0.253099 -7.79159e-19 1.1864 0.313224 3.59959e-22 1.17204 0.673778
4.28463e-21 1.00932 1.03027 -8.38819e-20 0.641928 1.08823 1.42884e-21 0.538034 1.08733 -4.28082e-20
0.540488 -0.25083 3.64287e-19 1.18811 1.08854 4.01309e-20 0.538285 1.14239 -4.42013e-23 0.413211
1.1399 -7.6501e-21 0.420057 -0.689362 -6.95991e-19 1.00067 1.1071 4.29383e-20 0.504389 0.328016
2.74594e-22 1.17195 0.328065 2.41025e-19 1.17196 1.08865 -4.6359e-20 0.544216 1.00055 1.54432e-20
0.692992 1.08092 -4.61521e-20 0.560641 1.14355 1.01351e-21 0.418612 0.651193 3.63529e-19 1.02912
1.21649 -3.16064e-21 0.0602829 1.06402 -6.00694e-20 0.592833 0.607093 6.11917e-19 1.05598 0.698806
-5.46698e-20 0.997738 1.12387 -2.07717e-20 0.470244 1.14426 -8.37661e-23 0.41833 -1.00016 1.66335e-23
0.695807 1.01545 8.77372e-20 0.673573 1.13716 3.08898e-21 0.439167 1.21681 -2.75131e-19 0.0760507
1.04687 -1.33449e-18 0.625013 1.21891 -1.94339e-21 0.03305 0.607505 -8.90921e-21 1.05758 1.21995
-1.35202e-21 0 0.672389 6.87351e-21 1.01793 1.21995 -6.53802e-19 0.00688859 0.313247 2.20854e-22
1.17941 0.627855 -1.4373e-18 1.04696 0.2841 1.14569e-20 1.18739 1.14587 4.32586e-22 0.422049
0.348225 4.0669e-19 1.17118 1.13442 3.89639e-22 0.454606 0.128012 -1.25611e-20 1.21554 1.03032
1.76474e-19 0.657547 0.62878 -6.32155e-22 1.04846 1.22003 2.02669e-21 0.0794556 1.10607 1.5792e-20
0.521224 0.352538 8.83518e-20 1.1717 1.08063 6.98217e-21 0.574827 1.09747 -1.02993e-20 0.54231
1.09622 -1.7636e-20 0.545307 0.707483 2.94569e-20 0.999308 0.345538 2.42389e-19 1.17522 1.09824
1.73739e-18 0.54267 1.12454 1.30682e-18 0.48613 1.06323 9.10774e-20 0.608741 1.13799 3.0911e-22
0.454677 0.159288 -1.69768e-20 1.21573 1.01651 -1.3768e-20 0.688097 0.313272 -2.68955e-22 1.18753
1.13838 5.60184e-21 0.461084 -0.313541 -1.3319e-20 1.18825 1.1054 9.38947e-19 0.537583 1.09565
6.38227e-22 0.55925 1.09596 -6.79928e-22 0.55922 1.14881 1.00072e-20 0.44057 0.322469 3.01565e-22
1.18753 1.09597 -2.08436e-20 0.559757 1.03072 2.28298e-19 0.672878 1.12345 6.00949e-20 0.503034
0.190474 -1.56259e-18 1.2162 1.08021 3.17664e-19 0.590665 0.327992 1.68496e-22 1.18752 0.328119
-3.96257e-20 1.18752 1.13894 -1.29783e-18 0.470097 1.06286 -2.19645e-19 0.624027 -0.501599 1.97541e-21
1.12595 1.15305 4.39777e-21 0.43857 -0.626961 -5.54978e-22 1.06318 1.23315 -2.01048e-20 0.0616986
1.01784 -3.05427e-19 0.698936 1.046 5.36199e-19 0.656904 1.10809 -2.08697e-20 0.547146 1.12232
1.18952e-19 0.51968 0.221605 -1.30905e-20 1.21688 0.344922 9.34178e-21 1.18791 1.10964 -5.51238e-20
0.547892 1.09618 -2.47204e-19 0.574422 0.31327 1.08903e-22 1.19733 1.14488 1.66978e-21 0.470233
1.01022 -8.54726e-21 0.715118 -1.12498 -1.23751e-22 0.516127 1.23614 -1.40275e-21 0.0653088 1.10829
-3.78729e-20 0.551699 1.00918 2.08817e-21 0.717316 1.1395 3.88175e-20 0.485672 0.349549 3.89681e-21
1.18853 -0.876544 -1.15429e-21 0.875985 1.03115 1.10251e-19 0.687666 1.15471 3.32237e-19 0.452346
0.309027 -2.8957e-22 1.20308 -0.814114 -1.04673e-21 0.938375 -0.938708 2.73766e-22 0.813882 1.12136
6.55523e-20 0.535823 1.15884 -1.24389e-21 0.450139 0.313269 -1.86319e-22 1.20311 1.04606 1.53429e-19
0.672534 0.252668 7.32562e-21 1.21771 1.11109 1.59158e-20 0.559466 1.096 -1.9236e-21 0.589974
0.298088 -1.31375e-22 1.20905 1.14009 2.11739e-18 0.501427 1.15351 3.66066e-21 0.47043 -0.376208
-2.11043e-18 1.18836 0.00160652 2.30372e-22 1.2467 1.031 -4.82933e-20 0.701775 0.32845 -3.53716e-22
1.20316 0.328521 -1.13972e-19 1.20316 1.12018 7.77915e-19 0.550005 1.12018 -8.75711e-21 0.55
1.1185 7.75276e-19 0.554047 1.06193 1.71167e-19 0.656158 0.00448605 6.06947e-23 1.24835 0.0015817
1.72944e-22 1.24837 -0.0088724 2.96165e-23 1.24836 1.11123 5.15266e-21 0.569583 0.0645279 2.09596e-21
1.2479 -0.0608935 1.92972e-21 1.24829 -1.24998 9.62678e-23 0 -0.564274 -2.54642e-21 1.11588
-1.24998 9.62678e-23 0.0361955 1.25016 5.34828e-21 0.0320662 0.282335 -1.27636e-21 1.21845 1.1113
1.36177e-20 0.573908 1.2508 -2.38753e-21 0.0238886 1.13882 5.3411e-20 0.518189 1.25122 -1.00608e-21
0.0184808 1.25144 -4.5497e-21 0.0120826 0.343832 5.68977e-20 1.20343 -0.751773 -9.37711e-21 1.00066
1.25168 4.23451e-21 0 1.25168 4.23451e-21 0.0046875 1.15481 5.32883e-22 0.483067 1.09579
-8.21742e-20 0.605147 1.04607 8.75339e-20 0.687931 1.024 5.85831e-22 0.720673 1.15504 2.36901e-21
0.485275 0.348532 -2.22064e-20 1.20352 0.291883 -4.14532e-22 1.21856 1.02509 -4.51403e-23 0.720919
1.02489 1.78567e-22 0.721338 1.02427 -4.19006e-22 0.722639 0.127539 -9.01941e-21 1.24742 1.25336
-7.12749e-22 0.0464112 1.25354 1.41636e-21 0.0462901 0.297667 9.15959e-19 1.21862 -0.123739 3.67665e-24
1.24841 -0.123738 2.95206e-24 1.24871 -0.123958 -6.00009e-25 1.24871 -1.00054 1.31794e-22 0.757799
0.948106 2.20198e-20 0.824044 1.0616 1.12731e-19 0.672325 1.25605 6.29627e-22 0.0502437 1.13799
2.08496e-18 0.534147 -0.123749 2.37286e-24 1.25116 1.1279 -1.35823e-21 0.555548 0.158935 -7.58363e-19
1.24747 1.25676 1.51958e-22 0.0497653 1.16593 5.04451e-19 0.47174 1.11142 -6.67105e-19 0.588961
1.12657 4.83965e-21 0.559768 0.312901 -1.02948e-22 1.21873 1.25854 -4.98717e-21 0 1.25854
-4.98717e-21 0.00466489 1.16204 1.17345e-21 0.484186 1.155 -9.1078e-21 0.50089 1.09522 -1.6989e-20
0.621149 -0.56425 -2.27953e-22 1.12582 -1.24998 9.58589e-18 0.156043 1.04693 -2.53662e-20 0.701391
1.16992 1.05781e-22 0.469276 1.17054 8.80028e-21 0.470226 1.12661 1.08076e-20 0.567536 0.328326
-5.09917e-19 1.21877 0.328708 -1.19685e-19 1.21875 0.190025 -3.65385e-22 1.24797 1.26229 2.52048e-21
0.0188009 1.13361 5.60741e-21 0.555702 -0.573334 -1.1243e-21 1.12581 1.13796 1.19163e-20 0.549037
-0.187075 -2.41985e-21 1.24957 0.940736 -1.56891e-22 0.84352 0.940459 1.58429e-21 0.844251 1.12665
-4.88505e-21 0.57282 0.943397 3.39304e-21 0.841641 1.06153 -6.80676e-21 0.688156 1.1345 1.24461e-20
0.559905 1.11137 -1.17336e-19 0.604542 0.962091 1.89685e-21 0.821646 0.344259 5.10629e-20 1.21779
1.26503 1.89427e-19 0.0387171 1.15539 9.95706e-19 0.516945 0.942445 -7.702e-21 0.845194 0.282027
-5.77655e-19 1.23415 0.283849 -2.23085e-21 1.23417 0.348956 1.08316e-19 1.21744 0.962527 9.39672e-21
0.823158 -0.438848 -4.9093e-21 1.18846 -0.689376 -4.21071e-21 1.06316 1.26727 -5.82731e-22 0.0158154
1.04578 1.96856e-18 0.716488 1.2678 5.41469e-21 0 1.2678 5.41469e-21 0.00463434 0.22114
-6.70285e-21 1.24848 0.935207 -1.90665e-22 0.856238 1.26742 3.87284e-19 0.0427128 1.17293 5.32836e-22
0.482494 1.17379 -1.65155e-22 0.481904 1.14093 1.2552e-18 0.555904 0.297051 1.58405e-21 1.23432
1.26925 7.61601e-20 0.0343256 0.95035 8.29072e-22 0.842904 1.14264 6.71448e-22 0.555945 0.971716
-4.40335e-21 0.819051 1.17679 -2.75453e-23 0.479836 1.17165 -1.66958e-21 0.492467 0.938172 -1.27945e-18
0.85768 1.127 1.65814e-20 0.58797 1.15442 -2.83215e-21 0.532627 0.952662 1.74572e-21 0.842233
0.970792 -8.13097e-21 0.821552 1.14233 1.05508e-19 0.560038 1.11131 -3.84983e-19 0.620469 1.24542
-3.66895e-21 0.263567 1.17055 1.20758e-21 0.501063 0.312271 1.08818e-18 1.23442 1.06219 -3.27567e-20
0.702237 0.969925 -1.82273e-20 0.82507 1.24309 -2.16285e-21 0.276138 0.924654 3.06522e-22 0.875788
0.924299 3.30899e-21 0.876285 1.24898 8.20777e-22 0.249862 1.24909 -4.11944e-23 0.249436 0.952959
1.99675e-21 0.845334 1.24247 1.79994e-21 0.282577 0.252236 4.19716e-22 1.249 1.25033 7.24546e-23
0.245847 -0.249804 1.74427e-22 1.24979 1.24721 -2.68877e-22 0.263954 1.0942 -3.43499e-19 0.654463
1.24472 2.1832e-21 0.276376 0.917326 7.74246e-21 0.886025 1.27555 6.8365e-22 0.0178205 1.2538
-4.19786e-23 0.235809 0.902242 9.38464e-21 0.902058 1.04845 -8.86329e-22 0.72709 0.958606 1.3055e-21
0.842063 0.886477 -1.76282e-23 0.91791 1.17366 -5.61085e-21 0.500969 1.25412 7.47568e-23 0.235935
1.04809 1.79397e-21 0.728123 1.24102 6.79217e-21 0.297673 0.867274 1.17391e-19 0.937045 1.04717
-2.29878e-21 0.730721 1.27699 4.17869e-21 0 1.27699 4.17869e-21 0.00454103 0.327482 4.2673e-21
1.23447 1.14268 -8.56464e-21 0.570507 0.329407 -9.53626e-21 1.23407 1.15434 1.66832e-18 0.547308
1.24997 -1.74193e-19 0.264553 0.928279 -1.4348e-19 0.878104 1.2477 -2.26271e-21 0.276806 1.0779
-5.58563e-19 0.686932 0.965884 6.50572e-22 0.837347 1.25348 4.3598e-21 0.25076 0.345799 -2.34815e-20
1.23067 1.12712 9.17129e-21 0.603453 0.919861 -2.7584e-21 0.888057 0.350435 -5.25943e-20 1.22984
1.27844 1.01612e-20 0.0309962 0.888559 -1.37476e-21 0.919785 0.98535 -1.43143e-21 0.815371 1.17029
2.06743e-20 0.516672 1.24096 4.73815e-22 0.311714 0.905008 1.92828e-22 0.904695 0.902987 1.08345e-22
0.90684 0.920804 -3.13863e-21 0.888813 1.27945 7.64677e-20 0.0304459 0.905187 1.0981e-22 0.904866
1.25782 -3.11514e-21 0.237399 -0.0612654 -1.58082e-21 1.27859 1.25837 -3.43799e-20 0.236003 -1.24998
-5.05719e-23 0.277151 1.24563 -1.14205e-22 0.297871 0.281982 7.6011e-19 1.24966 1.28064 -2.45561e-20
0.0348809 1.15489 2.26827e-20 0.55468 1.26317 3.98087e-20 0.215097 0.985964 1.06943e-18 0.8186
1.05421 9.7119e-22 0.728864 1.06223 -2.22872e-21 0.717173 1.15473 3.8468e-20 0.556242 0.966942
-2.0708e-21 0.841824 1.28159 -8.30901e-20 0.0343405 1.28196 2.74635e-22 0.0169701 0.286496 -3.46525e-22
1.24973 1.28241 -3.45956e-21 0.014263 1.26153 -3.63247e-21 0.236447 1.24557 -2.38142e-19 0.311536
1.24221 -2.62629e-21 0.325123 1.28406 -5.79927e-22 0 1.28406 -5.79927e-22 0.00446912 -0.876546
-3.93492e-18 0.938404 0.95429 -2.80673e-21 0.859277 -0.938962 6.73505e-19 0.876039 1.26595 -2.30094e-22
0.216792 1.14285 -1.1767e-19 0.586696 0.296935 -1.60743e-18 1.24989 1.15833 -2.13013e-20 0.556341
0.940347 -4.9773e-21 0.876287 1.12707 9.95807e-20 0.619215 1.17031 -3.36359e-20 0.533077 1.1579
-2.93837e-20 0.559542 0.983658 -1.52699e-20 0.828619 1.07777 3.17809e-20 0.702521 1.28641 -1.10291e-21
0.0175298 1.24296 6.82386e-22 0.33325 1.18625 9.84631e-22 0.500587 1.06216 -6.90688e-21 0.729217
0.311797 1.15959e-20 1.25012 -0.312488 -1.09942e-18 1.24996 -0.626878 -7.43776e-22 1.12572 1.24478
-5.92261e-21 0.332991 1.2543 -1.68615e-20 0.296849 1.18899 -2.68317e-22 0.498416 1.26766 6.243e-21
0.234868 1.00039 -7.9225e-21 0.81327 1.06214 -1.39391e-21 0.731309 1.26732 -4.02155e-21 0.238645
0.90298 2.32403e-22 0.92088 1.18992 -3.54692e-22 0.497672 0.886466 6.558e-21 0.93698 -0.501465
-1.1037e-18 1.18853 -0.814182 -4.09295e-21 1.00068 0.348664 -5.86791e-20 1.2425 1.15819 -6.6157e-19
0.569312 1.06067 -2.89509e-21 0.735483 1.26624 -3.63772e-22 0.250183 1.18567 -8.84121e-22 0.510965
0.342137 -3.48077e-20 1.24497 1.24758 -1.05203e-18 0.332598 1.09362 9.84235e-20 0.686766 0.90576
3.84828e-22 0.921091 1.0008 -4.85696e-20 0.817203 1.14286 7.40554e-20 0.602818 1.24527 3.59503e-21
0.345802 1.17021 -3.52131e-20 0.548543 0.32653 2.88071e-20 1.25048 0.921892 -5.67974e-21 0.905786
1.25425 -2.56879e-22 0.312546 1.26513 -1.23536e-20 0.265417 1.27858 1.17201e-19 0.191725 0.905726
-1.41138e-21 0.922802 1.27162 3.59647e-21 0.234583 1.18529 1.48106e-22 0.5177 0.189582 -1.92175e-19
1.2797 -1.12499 -5.60149e-23 0.639032 0.938616 -3.84571e-21 0.89074 1.24717 2.31235e-21 0.345401
0.968845 -6.4059e-19 0.85868 0.954166 -1.19933e-20 0.875222 -1.00265 1.65915e-18 0.819428 1.07789
1.58277e-20 0.717994 0.983618 -7.04732e-19 0.842643 1.17076 1.25821e-18 0.556481 1.26567 3.24622e-19
0.280849 1.24983 2.76728e-21 0.344832 0.340607 4.54761e-20 1.25101 1.17029 2.50515e-20 0.558306
0.354699 3.16178e-20 1.24745 1.1584 2.54852e-20 0.585869 0.876134 -9.57263e-21 0.958341 1.24846
9.24963e-22 0.358386 1.00042 -5.46469e-19 0.828841 1.28119 -1.64836e-20 0.215742 0.220184 6.01661e-22
1.28059 1.19206 -3.30814e-22 0.517686 1.14275 5.79206e-20 0.618983 1.24885 2.45317e-22 0.359936
1.09345 4.9968e-20 0.702817 1.17371 2.28269e-21 0.559712 1.17321 5.29654e-19 0.561377 1.18617
-7.75454e-21 0.533721 0.355629 -4.79149e-21 1.25121 0.351167 1.28124e-20 1.25263 1.30077 1.47127e-20
0.0204443 1.30115 3.18948e-22 0 1.30115 5.01233e-19 0.00395438 1.01666 -2.50739e-20 0.812252
1.26719 5.34814e-21 0.296702 1.07555 -1.06095e-21 0.732935 1.30148 3.15406e-20 0.0242462 1.2811
-5.45687e-20 0.23179 1.12592 1.36364e-19 0.653848 -0.751794 5.96818e-21 1.06314 1.28108 -1.01673e-18
0.233893 1.07512 1.54535e-21 0.735696 1.30264 -1.66193e-21 0.0195738 0.905444 -4.4104e-21 0.936928
0.891447 2.35776e-21 0.951138 1.2533 -7.83239e-19 0.358611 0.31166 9.60822e-21 1.26583 0.937543
7.42877e-22 0.905993 1.01673 -1.97317e-18 0.816164 1.07358 4.09721e-21 0.740041 0.921977 3.21851e-22
0.922345 1.30416 -5.61437e-21 0.0228861 1.28058 2.45605e-20 0.25005 1.17373 4.30243e-20 0.570246
1.1091 -7.52054e-20 0.687581 0.250946 1.87926e-18 1.28067 1.26712 -3.51178e-21 0.312611 0.953896
-6.56905e-21 0.891115 1.15855 8.0331e-19 0.601766 0.891968 1.63607e-20 0.953476 0.984043 2.66964e-20
0.858393 -0.376158 1.15838e-20 1.25088 0.357625 4.16901e-20 1.25647 0.969529 -1.7036e-20 0.875749
1.18525 -9.02823e-19 0.551342 1.28009 -2.35863e-19 0.265367 0.281592 -1.97197e-22 1.27662 0.326587
7.20913e-21 1.26612 1.20079 4.03926e-21 0.517666 1.26579 1.59047e-21 0.328518 1.25351 7.96103e-21
0.37354 1.00033 3.06925e-20 0.842827 1.09362 2.01454e-20 0.718268 1.08279 -1.18328e-24 0.734499
0.903939 2.57548e-22 0.946091 1.2029 3.65489e-21 0.515734 0.929959 -2.10874e-22 0.921416 1.20425
5.38209e-21 0.5145 1.20048 5.5835e-22 0.526779 1.01675 6.40787e-20 0.827852 0.279651 -8.61687e-22
1.28103 0.937089 4.51788e-21 0.91714 1.28083 4.00336e-21 0.280984 0.00971514 1.34858e-21 1.31134
1.2655 -1.02259e-19 0.34391 0.00112966 2.22487e-22 1.31143 0.281528 -4.72051e-22 1.28105 1.25781
2.85829e-21 0.371856 0.341478 1.76117e-18 1.26656 0.90509 -2.58561e-23 0.94954 -1.24998 -7.47297e-26
0.399244 1.174 -1.54346e-20 0.586161 0.906218 3.32134e-21 0.949143 0.0641894 2.13018e-21 1.31074
1.18551 1.48324e-20 0.562806 1.18492 -3.35158e-20 0.564329 1.15842 5.75615e-21 0.618371 -0.0616721
-6.81554e-22 1.31173 1.10904 5.61072e-20 0.703407 0.936948 8.8182e-23 0.920602 1.20022 -1.63159e-21
0.534335 1.18659 -6.92782e-21 0.565017 1.03338 3.0137e-20 0.812563 0.360583 -1.97685e-20 1.26417
0.919299 2.95941e-22 0.940042 0.356748 -1.12745e-20 1.26581 0.356249 -2.34692e-22 1.26603 1.28154
-4.93469e-20 0.296596 0.953475 -3.75885e-19 0.906406 -0.564109 2.63426e-21 1.1885 0.922724 -6.08139e-21
0.938019 1.03319 2.71843e-20 0.815645 0.35678 -2.95887e-22 1.2671 1.26656 -9.08897e-22 0.359107
1.31651 3.20468e-22 0.0149786 0.984263 3.95688e-21 0.874442 1.09419 -1.5408e-21 0.732719 0.9242
-1.51559e-18 0.938112 0.126799 -4.06496e-18 1.31078 0.969476 6.94143e-21 0.891425 0.925347 5.41057e-22
0.9375 -0.124014 5.45331e-23 1.31147 0.999491 -5.51768e-22 0.858166 1.31739 9.67157e-21 0.0171968
0.953518 -1.65969e-21 0.909743 1.30079 -2.06822e-19 0.214417 1.1249 -3.952e-20 0.687518 0.31179
9.08636e-21 1.2815 1.28143 -1.56685e-20 0.312469 -1.12507 1.14931e-22 0.688579 1.29929 -3.68681e-20
0.228529 1.20665 5.14693e-21 0.534074 1.1741 3.54034e-20 0.602289 1.2982 2.84253e-20 0.23735
1.18963 7.02463e-21 0.571502 -0.689389 1.96548e-21 1.12568 1.32001 1.22657e-21 0 1.32001
1.22657e-21 0.00266692 1.26115 -1.3332e-21 0.39052 0.935178 1.67924e-21 0.932252 1.0169 1.5197e-18
0.842737 0.926011 8.06157e-21 0.942185 1.2971 -1.32696e-19 0.251706 1.20043 2.64031e-21 0.55234
1.10914 8.3637e-20 0.719064 1.26804 7.5087e-19 0.374137 1.281 8.83634e-19 0.328364 1.26263
2.41652e-22 0.39382 0.327031 -9.65636e-19 1.28165 1.26306 -4.95901e-22 0.393595 1.09513 -1.08221e-21
0.742702 0.936574 -2.77473e-21 0.934812 1.29708 -2.65599e-19 0.265964 1.03377 1.10024e-19 0.827776
1.09647 -5.01936e-23 0.74317 1.09642 -1.17094e-21 0.743317 1.09658 4.59525e-23 0.743209 1.19632
1.40301e-18 0.569023 0.937392 -2.7691e-21 0.936311 -0.186733 2.89249e-22 1.31172 0.188706 -1.98352e-21
1.31163 -0.438789 -1.7864e-20 1.25097 1.09492 2.46688e-21 0.747568 1.26672 -2.80719e-20 0.391701
0.953666 7.53054e-22 0.921256 1.28084 -9.78448e-21 0.344016 1.18993 1.99623e-20 0.586706 0.342672
-7.12069e-21 1.28172 1.12461 -2.0519e-19 0.703933 0.983934 5.84266e-22 0.890058 1.19821 -6.53559e-19
0.569801 1.17419 8.6819e-19 0.618099 0.998907 3.61124e-22 0.873503 0.983899 3.10389e-21 0.890375
0.984207 2.71088e-21 0.890055 0.346861 -2.19097e-20 1.28089 0.366205 -8.89476e-20 1.2755 1.29725
-7.96498e-19 0.280765 -0.938989 -1.95859e-21 0.938435 1.30842 -1.59603e-19 0.224788 0.362106 -4.65756e-20
1.27782 0.998981 -2.05225e-21 0.875439 1.21652 1.23774e-21 0.533671 1.15739 -1.15291e-19 0.653195
1.05039 8.99454e-20 0.814206 0.955325 4.76522e-21 0.923976 1.01528 2.66476e-20 0.857973 1.00194
-1.85145e-21 0.873619 1.21902 -4.10949e-22 0.531023 1.05013 -8.92789e-20 0.815871 1.21974 -5.29409e-22
0.530267 0.21956 -3.19076e-21 1.31183 -0.876604 -3.94913e-21 1.00072 1.29701 5.00051e-20 0.296236
1.10942 -7.16778e-21 0.734385 0.956102 1.07296e-21 0.92525 -1.00124 -1.77092e-21 0.876264 0.25042
-3.13672e-23 1.30687 1.2812 1.522e-18 0.359593 0.969711 -1.00499e-22 0.911408 1.21659 4.84027e-21
0.54139 0.972413 -1.97175e-21 0.90975 0.973357 -8.97628e-21 0.909117 1.10954 -4.74726e-21 0.736972
1.03266 2.31204e-20 0.842646 1.29668 1.6408e-19 0.312091 1.18995 5.5645e-19 0.602469 1.33405
-1.08894e-20 0.0110375 0.311832 1.50225e-18 1.2972 0.242098 -1.30208e-21 1.31206 0.982529 2.53342e-21
0.902967 1.21667 1.00195e-20 0.549616 1.12447 1.72558e-18 0.720085 1.28176 2.16429e-20 0.375026
1.20639 1.33472e-20 0.573174 0.250314 -1.29652e-22 1.31214 -0.249906 -7.80611e-23 1.31239 -0.626769
-1.31682e-21 1.17988 1.11577 -1.17992e-21 0.735108 0.974996 2.01433e-20 0.913654 1.01512 2.74748e-21
0.869104 1.31277 -5.83935e-20 0.253413 0.625701 -1.1542e-18 1.18175 1.29652 -9.58982e-21 0.328071
0.984379 7.8452e-21 0.905472 1.20828 7.43925e-21 0.574119 0.327134 -2.00962e-21 1.29738 0.99953
7.31931e-21 0.889862 1.11003 -1.28407e-20 0.747946 0.98529 5.45788e-21 0.906705 1.05208 -6.28007e-20
0.828353 1.3312 -7.18765e-19 0.144809 1.27388 -2.84932e-21 0.41273 -0.814223 -5.44748e-21 1.06313
1.01504 9.16752e-21 0.874111 1.10848 -1.37994e-20 0.752353 0.00110349 1.29715e-22 1.33972 1.28177
1.70122e-18 0.390587 0.368935 7.50649e-20 1.28828 1.31373 -8.18114e-20 0.265983 1.27564 6.93401e-21
0.411564 1.31915 -2.254e-19 0.238253 1.18977 2.07596e-20 0.618731 1.0249 -9.21386e-22 0.864909
1.20573 -5.71019e-19 0.587384 1.29641 -6.39207e-19 0.343986 1.34131 1.60393e-20 0.00914356 0.359117
4.21016e-20 1.2924 1.27765 -1.19569e-20 0.410242 0.342588 -9.22176e-19 1.29761 1.03173 1.04697e-18
0.85853 1.01695 3.48922e-21 0.875985 1.12444 9.93453e-21 0.732936 1.21626 5.62501e-21 0.567742
0.281042 -2.76541e-18 1.31252 1.00249 -1.99273e-22 0.893078 1.00253 4.57827e-22 0.893119 1.32114
6.41694e-20 0.240833 1.01776 7.18839e-21 0.876773 1.22607 -1.65495e-21 0.548983 -0.626753 1.53254e-18
1.18834 1.34359 8.18924e-23 0 1.34359 -4.54122e-21 0.000176646 1.12443 3.92146e-19 0.736092
1.06656 3.10179e-20 0.817726 1.31442 -3.4409e-19 0.280226 1.34478 2.48901e-21 0.000468993 1.03349
-3.87463e-20 0.860595 1.15647 2.97766e-18 0.686895 1.34526 -5.68037e-22 0 1.29627 7.15919e-21
0.359915 1.31298 -3.05497e-19 0.295628 0.188288 -9.84158e-22 1.33317 0.357977 -3.08206e-21 1.29801
-0.635614 -3.25924e-23 1.18833 -0.501407 -5.11573e-21 1.25103 0.378073 2.88606e-21 1.29369 0.377755
-1.17938e-21 1.29394 1.32532 -1.25672e-19 0.246061 1.20567 4.71512e-20 0.602925 1.33888 -1.87191e-20
0.156895 1.3121 -7.53485e-20 0.311666 1.28081 -2.02273e-21 0.422378 1.21818 -9.17061e-21 0.579167
1.21819 -3.88525e-19 0.579171 1.21894 -1.78484e-18 0.577642 1.29997 1.62512e-20 0.359959 1.28122
-1.48107e-21 0.422066 -0.312553 4.0028e-21 1.31253 0.311747 1.28122e-20 1.31287 0.374375 -8.2704e-19
1.29657 1.23335 -6.04984e-21 0.548492 1.05267 1.15514e-18 0.845035 1.29684 1.24769e-21 0.375444
1.23528 -2.4842e-22 0.546135 1.28411 -2.94709e-20 0.419813 1.23632 1.8123e-21 0.544867 1.13969
-3.97025e-21 0.725976 1.05347 2.24634e-20 0.846407 0.125872 1.87701e-21 1.34623 1.23338 -5.50733e-21
0.554759 1.31211 2.69335e-21 0.327889 0.327155 -9.60203e-21 1.31305 -0.751814 -2.15302e-21 1.12565
1.33035 1.58459e-19 0.251767 1.29644 3.87077e-21 0.391151 -1.24999 -5.43547e-23 0.521529 1.12601
-6.47425e-20 0.753586 1.20559 3.2353e-20 0.618715 1.2212 -1.24093e-20 0.587991 1.30272 -9.038e-21
0.375572 1.12445 9.30486e-20 0.757987 1.1889 5.80571e-20 0.652574 1.23343 -1.23916e-18 0.564232
1.31222 2.06997e-21 0.343925 1.3122 -6.0048e-22 0.345014 1.07528 6.44192e-19 0.827625 1.13956
-1.49384e-20 0.737374 0.342524 -1.51351e-21 1.31346 1.31319 1.19211e-20 0.343928 1.06734 -9.05367e-20
0.839808 1.29646 1.41988e-19 0.406531 0.638064 2.6838e-20 1.20003 1.33407 -2.41039e-20 0.259983
-1.1252 -8.73783e-18 0.762451 1.22796 -1.29546e-21 0.584172 1.31198 1.07829e-20 0.360101 1.33175
-6.18485e-19 0.278818 1.32848 -1.91951e-19 0.294593 1.24249 1.92029e-22 0.555453 1.35412 -4.83879e-20
0.140408 0.357812 9.36913e-19 1.31397 1.15538 4.50096e-21 0.720888 1.22976 3.22706e-21 0.585084
1.23117 3.84116e-21 0.582294 0.631622 -1.90295e-19 1.20676 1.22132 -3.15195e-19 0.603311 1.32698
1.17308e-20 0.311302 1.35839 -1.13147e-18 0.127891 1.298 7.88234e-21 0.420841 0.660768 5.52235e-20
1.1941 1.15516 -2.08009e-21 0.726879 1.31211 -7.30922e-21 0.375777 -0.375173 4.40044e-21 1.31264
1.30821 -7.50062e-21 0.391335 1.33984 -4.50866e-20 0.264446 1.35692 2.21261e-19 0.15549 0.372834
-1.66308e-20 1.31469 0.24989 -7.02222e-19 1.34366 1.3274 6.56758e-22 0.327926 1.13907 2.37343e-20
0.756367 1.29539 -2.59618e-21 0.439159 1.35676 1.36762e-19 0.173579 0.393003 1.91419e-21 1.31015
1.29611 4.67653e-22 0.438456 0.391966 -1.12006e-20 1.31124 1.13962 6.5067e-19 0.758399 1.31183
1.449e-21 0.391392 1.29744 -7.21942e-22 0.437159 1.22125 1.00935e-20 0.618973 1.29694 3.3539e-22
0.440546 1.13808 6.31181e-19 0.762798 0.389775 -1.35997e-20 1.31356 1.32784 6.2288e-21 0.338376
1.15474 4.67497e-20 0.738088 1.23765 -1.4583e-23 0.589154 1.23837 -2.99578e-21 0.589523 1.24023
-3.04734e-22 0.586159 1.2514 1.61227e-21 0.562236 1.32808 -1.57041e-20 0.34398 1.18771 -1.60157e-20
0.686997 -0.564007 -1.39502e-18 1.25107 -0.939024 -2.09007e-21 1.00083 -1.00144 -3.08078e-22 0.938475
0.342584 1.15811e-18 1.32925 1.24048 -1.19781e-22 0.58787 1.24115 2.52854e-22 0.586549 1.25411
1.55832e-21 0.558413 0.280773 1.16624e-20 1.34398 1.34125 7.14623e-19 0.293779 1.31183 4.86434e-23
0.405908 0.63048 -1.53788e-20 1.21995 1.31183 -2.14364e-22 0.406824 1.31195 1.03876e-22 0.406827
1.31185 -8.10045e-23 0.407252 1.30735 9.69565e-22 0.421661 -0.689356 2.78279e-21 1.18823 0.00107191
7.40507e-22 1.37388 -0.0175768 -3.13947e-22 1.37408 0.632507 -2.85832e-20 1.22022 1.2411 5.22588e-22
0.590907 1.33945 3.3642e-20 0.311152 1.30379 1.6177e-20 0.437251 0.0636987 -2.3806e-21 1.37378
1.34371 1.16031e-19 0.294004 1.32779 -1.54483e-20 0.360337 -0.0619493 2.33615e-18 1.37456 1.34803
-1.93895e-19 0.276539 0.0795656 -5.62778e-22 1.37402 1.22105 3.125e-19 0.635079 1.23704 -8.39178e-22
0.603463 1.37649 -7.76163e-20 0 0.357979 4.73119e-21 1.32965 1.2496 3.73982e-21 0.579174
0.642308 9.02563e-19 1.21838 1.15049 1.69471e-19 0.757557 0.67144 -4.29314e-20 1.2029 1.37242
1.37475e-20 0.12271 -0.876663 2.92192e-18 1.06313 0.670521 1.58386e-20 1.20418 1.31234 1.3768e-18
0.422101 1.34326 3.98312e-20 0.310909 1.37325 1.26277e-20 0.125183 1.25021 -3.67928e-21 0.584122
0.311681 3.11868e-18 1.34433 1.32797 -1.36835e-18 0.375804 1.37306 1.13921e-20 0.139903 0.125127
6.73393e-23 1.3747 -0.12466 -9.41958e-22 1.37476 1.34155 7.62094e-21 0.327351 1.24239 3.58207e-21
0.603596 0.373181 1.04186e-20 1.33014 1.16888 2.85416e-21 0.736884 0.657051 -1.07863e-19 1.2157
1.37363 -1.00888e-19 0.154885 1.23697 1.06821e-19 0.61901 1.22058 2.92567e-20 0.651779 -0.43777
-7.05713e-22 1.31272 1.24933 -2.89099e-21 0.595138 1.25113 2.24344e-21 0.591526 1.2494 -2.40957e-21
0.595175 1.31315 1.37704e-20 0.437398 1.10821 -2.32026e-19 0.829426 1.32811 6.98406e-21 0.391422
1.34565 -2.225e-22 0.326341 1.34396 9.41444e-21 0.334182 0.627518 1.99687e-21 1.2347 1.31331
1.35844e-20 0.441069 1.17097 -1.77703e-21 0.740593 0.627199 -1.30806e-21 1.23574 1.15616 2.07826e-21
0.764223 0.388555 3.06699e-20 1.33052 1.15638 3.96063e-20 0.7643 0.410269 2.99753e-20 1.32407
1.37596 -1.72243e-19 0.170189 1.37374 1.96579e-19 0.189303 0.0633981 -2.96215e-22 1.38529 -0.186913
-9.19181e-19 1.37439 1.15461 5.10063e-21 0.768629 1.15493 -1.9257e-20 0.768741 0.631021 -2.32443e-18
1.23559 0.187481 8.52221e-18 1.37476 0.408641 1.26085e-20 1.32639 0.342658 -6.43772e-21 1.34496
1.18722 5.36287e-19 0.719558 1.34791 -8.03776e-21 0.333147 1.32763 4.5036e-19 0.407254 1.34638
-1.65198e-21 0.341016 0.407571 2.52608e-19 1.32792 -0.814248 2.4537e-18 1.12563 1.37607 -1.37424e-19
0.191386 1.33398 5.43365e-21 0.391301 1.23681 6.55317e-21 0.634877 1.38526 -6.63169e-21 0.118924
1.25249 -3.99249e-19 0.603845 1.3139 5.30661e-20 0.455827 1.31393 1.46999e-20 0.455794 0.671669
-4.60147e-19 1.21782 1.34394 7.17032e-19 0.360875 1.38618 3.53844e-19 0.122655 1.3147 -2.06423e-20
0.456388 1.17099 4.23453e-21 0.752032 1.17092 6.10103e-21 0.752348 0.64287 -1.14695e-20 1.23464
1.34999 1.05505e-20 0.339441 0.35809 1.95867e-20 1.34526 1.32735 5.66861e-20 0.423304 1.24828
2.02886e-21 0.619014 1.26978 -2.01867e-21 0.574274 1.27223 2.63685e-21 0.570273 1.26795 -8.56662e-22
0.580324 1.25916 -6.32706e-21 0.600075 1.34344 -6.36256e-20 0.375859 0.623232 2.29026e-20 1.24853
0.421085 -1.47223e-20 1.33084 1.27199 1.77731e-21 0.575559 0.373491 -6.80103e-21 1.34562 1.38972
-5.24692e-20 0.140403 1.26102 -4.84266e-21 0.600975 1.26282 -4.33474e-21 0.597231 0.656607 1.19384e-18
1.233 0.420252 1.31594e-20 1.33235 1.25264 -1.47349e-21 0.619015 1.23659 -6.33197e-22 0.650956
-0.249997 -1.40493e-21 1.375 0.249605 -1.47404e-18 1.37516 0.627579 -1.07262e-22 1.24927 1.32718
9.60392e-23 0.440111 1.3898 6.32867e-20 0.154778 0.627398 -5.61159e-22 1.24999 0.690395 -1.04185e-21
1.21637 1.34419 -1.75328e-21 0.387532 0.418819 3.20999e-20 1.33495 1.2194 3.9988e-20 0.686031
-0.626604 2.15644e-21 1.25101 0.629003 1.98242e-22 1.25 0.688885 1.10407e-22 1.21886 1.34443
-4.75446e-21 0.391088 1.38627 4.56603e-19 0.201112 0.421418 -1.28682e-19 1.33615 0.389013 5.45303e-19
1.34608 1.39086 2.09393e-19 0.170441 1.34559 -3.10367e-21 0.391363 1.25258 1.01076e-21 0.628378
1.32361 2.41928e-19 0.460753 1.34409 -4.15541e-21 0.397129 1.38754 -1.46385e-19 0.202402 1.18462
-5.06665e-21 0.751093 1.34358 -9.4105e-21 0.406653 0.280715 9.0988e-21 1.37549 0.618396 3.41805e-21
1.26031 1.39169 -1.10325e-18 0.18547 1.25254 -2.48756e-22 0.634707 1.18718 2.05756e-21 0.750916
0.67176 5.39224e-21 1.23373 0.641636 2.13692e-21 1.2501 1.27049 -5.04608e-21 0.600756 1.26889
1.15842e-20 0.604782 1.28034 -2.07889e-20 0.580397 -0.501337 -4.23464e-21 1.31354 -0.751829 -4.30288e-18
1.18819 1.28239 -1.70839e-22 0.576677 0.404695 9.93276e-21 1.34661 1.2826 3.75683e-22 0.576296
-1.24999 -5.51521e-18 0.643993 1.35998 3.17968e-20 0.36144 0.622593 -2.23965e-20 1.2623 1.27261
6.33717e-22 0.601728 1.27237 3.94056e-22 0.602243 1.34287 -8.21749e-21 0.422559 1.40289 1.66918e-21
0.119872 1.28239 -1.35099e-20 0.581441 1.2573 2.7997e-21 0.634615 1.36187 -2.38693e-20 0.360185
1.32943 1.96444e-21 0.466909 1.27767 -6.97438e-22 0.594799 1.17973 -4.65837e-19 0.772547 -0.312618
1.85082e-18 1.37509 1.35968 -3.92132e-19 0.374548 0.655892 1.41977e-20 1.24892 0.311689 5.678e-21
1.37592 1.17807 -5.9689e-20 0.776909 0.703492 1.23967e-19 1.22336 1.2809 2.54757e-22 0.592286
1.26838 -5.53936e-19 0.618829 1.25225 1.4339e-21 0.650916 0.373746 -1.35177e-18 1.3613 0.419959
-7.40627e-21 1.34777 0.619076 1.46863e-20 1.26871 1.40712 -7.56608e-22 0.11463 0.442958 3.16715e-19
1.34075 1.40728 2.9354e-23 0.115768 0.422058 -8.28864e-20 1.34753 1.28099 -9.85882e-23 0.594256
-0.689242 1.12959e-21 1.23256 1.40635 -4.14927e-21 0.128483 0.611215 2.10449e-20 1.27332 0.687193
5.39079e-21 1.23415 1.40729 -3.95179e-21 0.12213 1.34271 1.23789e-19 0.439145 0.702344 -9.90008e-20
1.22579 1.40774 9.82739e-22 0.119057 1.18776 1.07753e-20 0.76529 1.4059 -1.51998e-18 0.141571
1.40585 -7.87345e-21 0.155406 1.27881 -8.42062e-23 0.604576 1.21866 -2.02239e-20 0.719131 0.441328
-5.67107e-20 1.34517 1.28197 -4.8358e-22 0.601064 -1.00144 -1.8208e-21 1.00095 0.389295 6.20056e-22
1.36164 1.40613 -4.25905e-19 0.170877 0.639368 5.52424e-21 1.26507 0.671728 4.76539e-19 1.24833
0.606687 7.27737e-21 1.28141 1.2683 -1.79774e-21 0.634401 0.640737 -1.19245e-21 1.26529 0.705873
4.98791e-19 1.23021 0.606069 -1.14208e-19 1.28233 0.342738 1.19608e-21 1.37635 -0.939104 -4.39466e-21
1.06315 1.40627 9.29428e-20 0.186748 1.28085 -1.49119e-21 0.610206 1.2802 -3.91013e-19 0.611682
1.28273 9.28313e-22 0.606378 1.28102 -1.11076e-20 0.610275 1.35515 -2.66519e-20 0.421749 0.455037
-1.04831e-20 1.34465 1.18957 1.51521e-19 0.776034 0.454778 6.7764e-21 1.3456 1.40579 1.63807e-19
0.203211 1.28446 -1.60744e-22 0.607098 1.36491 6.66976e-20 0.395297 0.404932 1.72702e-18 1.36214
1.18802 -7.62071e-20 0.780421 0.610617 -5.82283e-19 1.28394 1.36273 1.48475e-18 0.406629 0.451832
1.38373e-19 1.34857 1.36987 -3.06432e-20 0.382912 1.40542 -3.86195e-20 0.219671 1.37311 3.56284e-20
0.372413 1.36797 8.32706e-20 0.391134 0.609461 3.76779e-20 1.28567 0.625368 6.24089e-21 1.27846
1.36884 -2.4271e-20 0.389787 1.36905 9.55182e-20 0.389204 1.36951 1.49544e-19 0.388132 1.26717
-2.94592e-21 0.650316 0.715563 -3.33783e-19 1.23192 0.456159 -2.22902e-19 1.34973 0.720031 -2.25259e-20
1.22942 1.36148 -6.11411e-20 0.419907 0.656159 -2.79197e-23 1.26476 1.3608 -9.60262e-21 0.422902
0.719913 -1.09107e-19 1.22978 1.36132 -2.62641e-20 0.421369 1.36589 2.71587e-19 0.406362 1.26814
-3.99574e-22 0.650277 0.687611 -5.41313e-21 1.24843 1.28338 1.63215e-20 0.619995 1.3653 8.15722e-20
0.409243 -0.375211 1.4614e-21 1.37518 1.3489 4.37642e-19 0.461582 0.596503 -1.60178e-20 1.29519
0.420546 -1.44098e-20 1.36279 1.2512 2.35492e-20 0.684682 0.625922 -1.19212e-20 1.28173 1.42199
1.15271e-22 0.113253 1.42202 -4.29548e-22 0.113811 -0.876694 -3.92201e-21 1.12562 0.373879 1.15032e-20
1.37691 1.35791 9.71151e-20 0.437882 1.42226 -2.89099e-22 0.117851 1.35839 -3.14918e-19 0.438011
0.594164 -5.65879e-20 1.29782 1.42214 -1.30308e-21 0.122901 1.3471 2.41453e-19 0.472584 1.20298
-4.93766e-21 0.768975 1.42199 -1.81551e-18 0.128913 0.470955 9.78154e-20 1.34822 -0.689195 7.90328e-22
1.25087 0.606109 4.84418e-19 1.29331 1.30054 -4.99171e-19 0.590645 1.30253 -5.41293e-20 0.5864
1.42178 2.16016e-20 0.1422 1.35386 1.48414e-19 0.458647 -0.563914 -3.64581e-22 1.31355 0.600731
3.14753e-19 1.29742 0.436628 1.13695e-19 1.36181 1.42169 -1.1079e-18 0.156115 0.671287 6.29994e-21
1.26388 0.389493 -1.2399e-20 1.37721 1.21854 5.31564e-21 0.750716 0.436199 -2.30611e-18 1.36328
0.587034 3.35324e-20 1.3056 1.42165 -1.76427e-19 0.170717 1.29478 -5.44321e-22 0.611415 1.29314
5.42864e-22 0.615354 1.29313 1.01163e-23 0.615383 1.28349 -8.4785e-19 0.635289 1.29319 2.88605e-23
0.615408 0.640783 3.55978e-19 1.2809 0.470205 -2.49406e-19 1.35287 0.703624 -2.81902e-20 1.2479
1.20223 3.93472e-21 0.780475 -1.12694 -5.17165e-22 0.886185 1.42159 -1.37587e-19 0.185812 0.593583
-1.60041e-19 1.30545 1.20067 2.83826e-20 0.784883 1.42125 3.7962e-20 0.200808 0.578016 2.4885e-20
1.31407 0.625356 5.7767e-21 1.29251 0.590394 -2.5588e-20 1.30893 0.405107 -1.81374e-18 1.37761
0.57704 3.30262e-19 1.31497 0.000760056 1.10178e-22 1.43671 0.00217796 -1.48863e-22 1.43673 -0.00451421
-4.17206e-22 1.43676 1.42092 3.13209e-20 0.213608 1.42113 1.95224e-19 0.215924 0.586386 -2.13598e-20
1.3127 0.000727469 -1.23721e-22 1.43798 -0.0622037 -2.38213e-21 1.43731 0.687302 -1.42004e-20 1.26398
0.656252 4.05787e-22 1.2804 0.0620301 -2.18425e-21 1.43767 1.28339 -7.1743e-23 0.65104 0.495695
-6.51257e-21 1.35102 1.21852 -1.1665e-19 0.766258 1.21844 -3.96316e-21 0.766513 0.719324 8.89194e-19
1.24694 0.625136 -9.86346e-19 1.29672 0.495704 -1.37669e-20 1.35169 0.499567 1.15346e-21 1.35057
0.563362 2.22835e-20 1.32532 0.56262 1.25895e-20 1.32583 -0.814274 2.19399e-21 1.18815 1.30101
-3.07439e-21 0.618536 1.30033 -4.96949e-19 0.620201 0.579376 1.94947e-19 1.31912 0.420773 -2.78759e-20
1.3781 1.30538 -2.94006e-21 0.610713 1.31424 -5.08949e-20 0.591551 0.468269 1.80865e-19 1.36321
1.31246 4.88606e-20 0.595889 0.311695 -4.40006e-18 1.40737 0.554756 -1.77361e-20 1.33061 1.2503
-2.1988e-20 0.718094 0.491987 -8.05752e-20 1.35531 1.43745 9.56104e-22 0.112932 1.43742 -2.94982e-21
0.114387 1.43734 -2.04628e-21 0.117567 1.30468 -2.2476e-19 0.615315 1.4374 -5.77108e-22 0.121969
1.30307 4.94792e-21 0.619347 -0.124832 4.03561e-20 1.43746 0.124427 -7.8308e-18 1.4376 1.28327
-3.48006e-21 0.660081 1.4375 -5.87412e-21 0.128722 -0.437787 -3.98321e-18 1.37526 0.495942 3.48578e-20
1.3557 0.51524 4.91232e-21 1.34875 0.541874 -1.57356e-20 1.33835 0.522696 -5.78255e-22 1.34636
1.23423 1.4589e-21 0.750431 0.574972 3.21216e-19 1.32514 1.43751 -4.95775e-20 0.142015 0.566727
2.75677e-19 1.3287 0.637273 -1.00998e-21 1.2965 0.529952 3.86674e-20 1.344 0.565198 -1.36309e-18
1.32974 1.21347 2.90668e-19 0.784443 0.671801 1.61137e-21 1.28004 1.43742 -1.04211e-20 0.155979
0.436409 -6.51476e-22 1.37851 1.21192 -2.17695e-19 0.788852 1.29922 -2.5243e-21 0.634962 0.640701
-2.82508e-22 1.29644 1.28317 2.24771e-21 0.667139 -1.22665 -4.11211e-23 0.76618 1.3122 1.04593e-20
0.608546 0.609169 -1.54379e-20 1.31233 0.530784 5.87622e-21 1.34618 1.31216 -4.29174e-22 0.610264
1.43725 -1.87743e-20 0.170509 0.548505 1.95032e-20 1.33988 -0.729397 3.05037e-23 1.25083 0.51628
-2.01392e-18 1.35332 0.544078 -1.93603e-20 1.34254 1.31282 2.96506e-21 0.612675 0.342824 -1.17553e-20
1.40772 0.537916 2.9736e-20 1.34546 1.43714 -1.08672e-19 0.185161 0.531658 -5.44272e-21 1.3484
-0.187447 -1.75167e-21 1.43755 0.186895 1.01049e-20 1.43781 1.30984 -9.20253e-22 0.623803 1.43711
-1.23071e-18 0.199426 0.757869 2.28463e-20 1.23838 0.757863 -3.13983e-20 1.23841 0.687256 7.08824e-21
1.27908 1.23437 -1.8032e-21 0.765573 1.32282 1.31926e-20 0.599941 1.43717 -1.53921e-20 0.21144
0.640721 1.11594e-22 1.30376 0.656246 1.25417e-18 1.29612 1.29904 2.20882e-19 0.650873 1.437
-1.55337e-19 0.215163 1.31461 -2.38862e-21 0.619218 0.552774 1.8436e-20 1.34392 1.31305 1.17956e-21
0.623232 0.625031 -2.13323e-21 1.31226 1.28269 -1.14455e-20 0.683949 0.593663 1.49028e-20 1.32792
1.31423 -7.64253e-22 0.623689 1.32686 -9.02937e-22 0.596485 1.31388 -2.81197e-22 0.624585 1.31363
-6.80986e-22 0.625236 1.32649 -7.50121e-22 0.597519 1.32528 -3.22166e-21 0.600896 -0.626473 -1.04453e-19
1.31356 1.31377 -6.19274e-22 0.62721 0.500412 -6.27121e-20 1.36739 0.545567 -2.20461e-20 1.35063
1.45188 1.7609e-21 0.118523 1.45203 8.32619e-22 0.117091 1.45237 2.82328e-21 0.113913 0.374046
-2.14523e-21 1.40816 1.45215 9.97655e-22 0.120582 0.468048 7.07576e-21 1.37996 1.25005 1.83614e-21
0.749844 1.31791 4.84199e-22 0.625089 -0.249661 1.80483e-18 1.43715 1.45312 -7.18709e-21 0.128003
0.563486 2.43085e-20 1.3456 1.29887 9.1629e-22 0.664359 -0.751764 1.26961e-21 1.25081 0.249329
-1.20371e-18 1.43823 1.31434 5.88918e-22 0.63551 1.29884 -6.46379e-22 0.666941 0.640744 3.16803e-19
1.31201 1.45329 2.66099e-21 0.141418 1.23429 9.87341e-21 0.780291 0.516606 2.8657e-21 1.36602
1.2347 -5.75596e-22 0.780212 -1.00156 -4.17701e-18 1.06317 0.609351 -3.35432e-21 1.32799 1.32829
1.83588e-22 0.609581 1.45319 4.74166e-19 0.155775 1.32822 -1.69164e-22 0.610818 0.645243 1.15437e-21
1.31192 1.45292 -3.17476e-20 0.17066 0.578258 -3.6253e-19 1.34398 0.578327 2.58151e-21 1.3443
0.593795 1.12428e-21 1.33754 -0.500344 3.56733e-21 1.37529 0.532304 -1.01432e-18 1.36365 1.33176
4.26206e-22 0.609262 1.45282 -7.74974e-19 0.185617 1.45994 1.46553e-21 0.119823 0.640755 1.44604e-21
1.31767 0.719244 3.85925e-21 1.27706 1.25017 -1.34411e-18 0.765033 0.609391 -2.87421e-21 1.33299
0.405381 3.09887e-21 1.40872 -0.939149 6.37379e-18 1.12561 -1.25001 -5.25782e-18 0.767038 1.45302
8.08931e-20 0.200315 1.31483 -1.95676e-21 0.650109 0.656489 -3.82184e-19 1.31169 1.32749 1.70671e-21
0.624183 0.625011 -3.0598e-22 1.32716 0.624014 -1.27453e-22 1.32788 1.326 5.42548e-22 0.628165
1.29862 -6.45372e-19 0.683109 0.62501 3.95658e-23 1.32787 0.547607 -2.21545e-21 1.36184 1.23565
7.93495e-20 0.79227 1.23585 -3.44657e-22 0.792338 1.32705 -4.94687e-22 0.628562 1.23529 -1.19928e-21
0.79392 1.45245 -3.70751e-20 0.217274 -0.751737 7.32082e-22 1.26164 0.500249 -1.16058e-20 1.38105
1.45336 -2.26401e-19 0.213163 1.28177 -1.50247e-20 0.717565 1.23429 1.11147e-21 0.796747 0.593883
4.69915e-21 1.34396 0.783892 -2.08166e-20 1.24346 1.26564 5.97144e-19 0.749875 -0.312669 -3.87319e-21
1.43766 0.311706 -2.72138e-18 1.43879 1.32939 1.96315e-21 0.633761 0.563161 4.97902e-20 1.36116
1.34272 -1.27504e-21 0.606537 0.783221 -3.50031e-19 1.24803 1.23849 -1.42198e-21 0.798228 1.25051
-2.97364e-21 0.779665 1.31468 -1.26869e-23 0.665784 0.516262 -3.58347e-20 1.38046 1.31468 1.09128e-23
0.666213 1.33232 9.38904e-22 0.63036 1.33009 3.3181e-22 0.635336 0.640776 -2.23902e-21 1.32766
0.436703 2.72169e-18 1.40932 0.609476 1.431e-18 1.34371 1.46914 -7.16648e-19 0.140272 -0.876723
-6.6783e-21 1.18813 1.34816 -7.31034e-21 0.603369 1.33342 -1.94475e-21 0.635348 1.46891 -2.1362e-20
0.155468 -1.25006 2.44502e-23 0.787028 1.34685 -2.28934e-22 0.607874 0.531876 -1.90201e-21 1.37896
0.578485 -4.59683e-20 1.36035 1.4732 7.03171e-22 0.121956 1.46852 1.00015e-18 0.170883 1.33689
-1.31805e-21 0.631959 1.47416 5.37405e-21 0.117383 1.26584 3.53654e-21 0.764871 0.34293 1.46138e-20
1.43906 0.751055 1.37713e-18 1.27488 1.33964 -1.47723e-22 0.628534 1.46822 -2.95159e-20 0.186558
1.34191 2.59133e-23 0.624988 0.68771 -2.65204e-21 1.31109 1.24798 2.81805e-19 0.796621 1.3303
-3.94882e-19 0.650451 0.793395 7.94485e-21 1.25034 0.656519 -2.05259e-21 1.3274 1.34077 -1.07397e-22
0.628939 1.31438 -3.8574e-21 0.682651 1.3394 -1.05765e-22 0.632817 1.24643 -1.29328e-21 0.801029
1.46519 5.63837e-20 0.221206 0.625131 -5.8811e-22 1.34357 1.46826 1.42843e-18 0.202467 0.547446
1.80416e-18 1.37767 1.46624 -4.03119e-21 0.22153 -0.689041 -3.28759e-21 1.31354 1.46748 1.0688e-22
0.217784 1.46772 8.08272e-21 0.217427 1.46771 1.10148e-21 0.217857 0.594011 1.14324e-18 1.35989
1.28142 -1.54431e-20 0.74945 1.33028 -2.14987e-22 0.658876 0.468226 2.74147e-20 1.40999 -0.37525
2.47241e-18 1.43772 1.33616 1.09216e-21 0.65033 1.26616 2.53476e-21 0.779526 -0.563828 6.2094e-18
1.37604 0.374269 1.86298e-18 1.43948 0.563032 -6.24321e-21 1.37688 1.33026 1.56133e-22 0.666183
0.640859 -7.6882e-19 1.34331 1.21524 1.67995e-19 0.859787 0.812904 -5.20469e-21 1.24719 1.48918
8.27834e-19 0 1.34708 3.19184e-19 0.635397 0.60958 -5.9601e-21 1.35956 1.36108 7.82507e-21
0.606751 1.48525 -7.20322e-19 0.12498 1.35999 5.0456e-22 0.611314 1.48445 -5.92201e-21 0.140376
1.48654 1.10331e-20 0.120479 1.41107 -2.97591e-19 0.483303 1.28149 -1.65759e-18 0.764794 -0.814285
3.68372e-21 1.2507 1.36136 2.53205e-22 0.611605 1.48445 -1.23545e-18 0.155621 0.718926 -6.7184e-19
1.30819 0.812533 7.48139e-22 1.25222 0.578489 5.7663e-22 1.37614 1.35945 -5.45635e-22 0.617075
1.41794 2.89333e-19 0.467737 1.48414 1.29291e-20 0.171147 1.47732 -3.82472e-21 0.226848 0.812354
1.46388e-20 1.25464 1.26674 5.07805e-21 0.793492 1.34603 -9.36405e-22 0.650126 1.33014 -1.89959e-21
0.682159 0.656793 -5.77568e-21 1.34299 1.42474 -1.70907e-20 0.453932 1.42465 -8.68174e-21 0.45431
1.42478 -4.32194e-20 0.453988 1.48358 -5.5686e-20 0.187358 1.41525 2.5521e-19 0.483602 1.47882
4.54206e-20 0.224187 0.4056 7.93388e-19 1.43988 1.42683 -7.31354e-21 0.449518 1.4114 1.74932e-19
0.496158 1.31338 1.07386e-18 0.716587 0.625204 7.74226e-19 1.35932 1.48077 -4.69895e-20 0.214494
0.500018 7.0832e-20 1.41026 1.35845 2.40647e-19 0.627563 1.4828 4.75045e-20 0.204383 0.781462
-7.88189e-21 1.27735 1.43375 2.31584e-22 0.433282 1.29695 -2.00508e-20 0.749705 1.48056 4.71494e-20
0.229203 0.594098 1.21128e-20 1.37571 1.4143 -8.47254e-20 0.496211 1.43794 2.28709e-19 0.422911
1.48163 -1.2452e-20 0.226932 1.41428 4.1101e-19 0.496572 1.48318 2.51014e-20 0.223603 -1.49999
1.57037e-23 0 1.28173 4.8757e-21 0.779734 1.43001 -7.82106e-21 0.454295 -0.000868636 4.63715e-21
1.50052 1.44478 5.77695e-19 0.405226 -1.49999 1.57037e-23 0.0547899 -0.0624527 -3.52126e-18 1.49997
0.0615719 7.21477e-21 1.50038 1.34587 1.00755e-21 0.666079 1.26883 5.78053e-19 0.803975 1.36093
1.35089e-22 0.63638 1.35983 -5.63909e-22 0.639646 1.44994 1.63633e-19 0.39517 -0.437804 -3.2857e-21
1.43778 1.26727 9.66502e-21 0.808383 1.36067 -5.19126e-21 0.639929 1.44896 4.25579e-19 0.402799
1.49845 2.44586e-21 0.129408 0.609676 1.40194e-18 1.37532 1.37539 2.12434e-21 0.609799 1.37497
-2.4146e-21 0.612058 1.36206 -1.2908e-22 0.640379 0.43697 4.32083e-21 1.4403 -0.124994 -8.82741e-22
1.50011 1.50011 9.46655e-21 0.12503 1.37453 -1.62135e-18 0.614406 0.124086 1.23401e-21 1.50053
1.29706 -9.34701e-21 0.764955 0.531604 6.9802e-20 1.40936 1.49971 1.23725e-18 0.141293 0.843715
-1.2354e-20 1.24813 -1.00161 3.18151e-21 1.12563 0.750564 3.51313e-21 1.30672 1.49989 -3.20242e-20
0.156141 1.28209 9.3333e-19 0.794464 0.688173 -6.52447e-21 1.34241 1.36132 3.78501e-19 0.650338
1.34569 4.81922e-19 0.682245 1.43922 1.43485e-18 0.454211 1.49968 -5.08977e-19 0.171647 1.43885
-2.0699e-19 0.457284 1.49893 4.7853e-21 0.187715 0.843777 -2.28843e-21 1.25305 0.625454 -4.29717e-21
1.37511 1.37387 -1.79563e-23 0.628924 1.31278 -3.78987e-21 0.749243 1.49799 4.55232e-20 0.204199
-0.187542 1.11288e-21 1.50017 -0.6264 2.3096e-21 1.37604 1.43737 1.63384e-19 0.469573 0.186663
-6.33458e-20 1.50084 1.49649 -9.81079e-20 0.221798 1.49398 7.62726e-20 0.238949 -0.75161 -7.79742e-21
1.3135 1.45388 -1.6605e-19 0.420996 0.807694 7.14007e-22 1.28014 1.29723 -8.34684e-20 0.780043
0.843826 -2.22425e-18 1.25694 1.45423 -2.02355e-21 0.422074 1.43459 -9.1268e-19 0.484767 -0.939181
7.98604e-22 1.18812 -1.12859 1.75091e-20 1.00998 0.468339 3.61272e-18 1.44057 1.37374 -2.92281e-22
0.63859 1.37266 5.34814e-23 0.641392 1.38629 -2.60206e-21 0.611589 1.28168 6.97507e-21 0.808508
1.36139 -2.11598e-21 0.666073 1.3737 2.32473e-22 0.641834 1.28012 5.44403e-21 0.812917 1.46578
-8.44146e-20 0.388821 1.373 -6.71407e-22 0.643984 0.812315 2.81721e-22 1.28063 0.56296 -3.35872e-20
1.4082 1.43393 -3.18349e-20 0.494578 1.51722 -4.66861e-20 0 1.37374 -1.07379e-18 0.644221
1.43385 -1.33734e-19 0.497288 1.45418 6.5628e-20 0.438153 1.3127 3.3809e-19 0.764941 1.39067
-1.15552e-21 0.612308 1.46555 -1.56925e-19 0.403757 0.718663 -7.71487e-21 1.33974 1.39003 -1.09676e-20
0.616949 -0.250114 2.9367e-21 1.50022 1.29743 6.99223e-21 0.795084 0.249197 -4.45767e-21 1.50119
1.46723 -1.21343e-20 0.403942 -0.500343 7.76719e-18 1.43781 0.874452 6.77041e-20 1.24639 1.36139
-1.31409e-18 0.68188 1.37674 -3.29947e-21 0.651043 1.45406 -8.07304e-20 0.454324 0.65694 9.71783e-21
1.37452 1.51539 5.07327e-19 0.156597 1.34498 -1.78508e-21 0.715625 1.24189 1.30285e-19 0.883665
0.78129 -4.13166e-20 1.30892 0.499988 2.22497e-21 1.44058 1.24371 -5.65992e-20 0.882378 1.51529
-1.53621e-20 0.171822 1.5189 4.00545e-21 0.138451 0.812311 1.13532e-21 1.29145 1.38926 7.5956e-21
0.630997 1.45374 -1.07493e-20 0.464413 1.52614 7.15874e-20 0.00916428 1.51464 2.6627e-19 0.187471
1.51282 -6.60608e-20 0.204314 1.47781 -4.39969e-20 0.382972 1.521 4.55374e-21 0.134265 1.25511
8.63755e-20 0.869845 1.31284 1.23772e-20 0.780136 1.4536 1.27908e-18 0.468868 -0.876751 -6.96275e-22
1.25065 0.594195 -1.21546e-20 1.4073 1.46851 -8.40033e-19 0.421064 1.51178 4.85285e-19 0.220206
1.47883 -7.91265e-20 0.384647 0.875056 -6.62886e-21 1.2531 -1.49999 3.58242e-23 0.293837 1.29438
4.38438e-21 0.812994 1.38747 1.15709e-21 0.642612 1.29283 8.4475e-22 0.817402 1.377 -1.75576e-19
0.666099 1.45203 1.36195e-20 0.482927 0.875284 1.24292e-20 1.25561 1.3866 1.75712e-21 0.648223
1.51354 1.35891e-20 0.234384 -0.31231 -6.78017e-19 1.4998 1.45086 4.61886e-19 0.492499 1.46921
-1.81894e-19 0.438023 0.311699 7.9328e-21 1.50155 1.45125 -4.35142e-20 0.496399 1.45277 -2.3199e-20
0.49215 1.40622 -4.21861e-21 0.614041 0.750205 1.09581e-20 1.33872 0.437056 6.29959e-21 1.47142
0.843764 2.00692e-22 1.28234 1.31307 -9.53575e-21 0.795102 0.531572 4.74789e-19 1.44009 -1.25031
-2.34472e-18 0.890614 1.51608 3.61695e-19 0.244731 1.40581 2.19125e-20 0.618709 1.52926 1.58106e-18
0.144166 0.903317 5.83013e-21 1.24267 1.37705 -5.89281e-21 0.681814 0.688265 1.67387e-20 1.37397
1.25633 -9.62533e-20 0.885097 1.48287 -5.80721e-19 0.404125 1.53166 6.07519e-22 0.140156 1.46947
4.53581e-19 0.454823 1.39395 -2.59663e-21 0.650468 1.3956 -7.96714e-21 0.647173 1.45637 -2.57984e-20
0.495648 1.53041 3.51403e-21 0.157587 1.3442 -3.5592e-21 0.748998 -0.688949 -3.04478e-18 1.37606
0.625618 -7.64381e-21 1.40669 1.40547 2.20975e-21 0.630157 1.53077 4.48238e-19 0.172255 1.49539
-7.26771e-20 0.369902 1.54057 1.24088e-18 0 1.32839 -1.60602e-20 0.780455 1.39692 -6.87342e-22
0.651362 0.89854 4.90629e-22 1.25271 1.52816 -1.20215e-19 0.203922 1.53028 7.56299e-20 0.187385
1.46848 7.21421e-22 0.469529 1.46924 8.35092e-22 0.469563 1.46926 -2.29441e-19 0.469638 0.812304
1.87905e-21 1.31128 1.48397 -1.12966e-19 0.421106 1.52674 -2.0809e-19 0.220438 -0.814184 2.48079e-22
1.31029 1.54259 -2.46853e-20 0.0148633 1.31348 8.75854e-21 0.809574 1.49746 -5.17651e-20 0.372051
1.39289 -5.39779e-22 0.665358 1.37697 -2.53884e-22 0.697945 1.39947 -1.38216e-21 0.651698 -0.562885
-1.52186e-21 1.43783 0.46837 -4.34536e-20 1.47148 0.904786 9.93572e-19 1.25192 -0.814179 7.27745e-23
1.31334 0.562982 -1.05841e-21 1.4394 1.40465 -3.25715e-21 0.646119 -0.375279 2.61161e-21 1.50027
-0.817453 -1.39576e-21 1.31333 1.46803 -2.36561e-19 0.489415 1.52816 2.37576e-20 0.24408 0.92934
2.69237e-20 1.23775 1.48462 -3.99355e-19 0.438099 0.374333 -9.56582e-21 1.50201 0.718518 6.66895e-19
1.37132 1.49867 1.83391e-18 0.388664 1.32858 -1.77434e-20 0.795538 1.42185 -1.26299e-20 0.615
1.277 3.34727e-20 0.877117 1.46843 -5.39298e-20 0.493903 1.50951 -6.18709e-21 0.352208 1.31545
1.20134e-20 0.820426 1.39281 -9.44753e-24 0.681467 1.42168 -3.70394e-20 0.619682 1.37662 -1.44498e-18
0.714723 1.47263 5.75545e-19 0.487189 1.3139 -3.30169e-21 0.824834 1.40761 -9.29184e-22 0.65277
0.781089 -4.77371e-21 1.34072 1.40726 -1.96908e-21 0.653954 1.2578 -1.49798e-20 0.908886 1.40711
5.70513e-22 0.654431 1.51119 2.32985e-19 0.35331 1.53636 4.34408e-19 0.220026 0.65703 1.78796e-20
1.40614 1.49876 -2.07701e-21 0.404501 1.40763 -4.28737e-21 0.654593 1.40762 -8.24871e-21 0.654602
0.87528 -1.46152e-18 1.28217 1.53401 8.7975e-19 0.239908 1.48516 3.35355e-20 0.455107 1.51611
-9.30374e-19 0.339812 1.26144 1.18543e-19 0.907097 -1.00165 1.57269e-22 1.18811 0.499988 7.05046e-21
1.47142 1.34403 -2.19492e-20 0.780488 1.42139 9.01377e-22 0.630807 1.54731 1.27273e-21 0.156426
1.54671 -2.4725e-20 0.17221 1.27751 9.57965e-19 0.888942 0.931443 2.73355e-21 1.24689 1.54306
-3.09601e-20 0.203494 1.32882 4.44516e-20 0.810614 0.594249 -1.6009e-20 1.4387 1.55678 8.81148e-21
0.0206335 1.52269 -4.28138e-20 0.325181 1.48471 -8.25821e-19 0.469412 1.40833 7.18776e-19 0.665211
1.55015 -2.07663e-21 0.152744 1.55755 -5.95363e-22 0.0188974 1.39275 -6.98652e-21 0.697642 1.49964
3.80375e-20 0.421377 1.54652 -6.62041e-20 0.187081 1.55907 -1.15342e-20 0 1.55907 -1.15342e-20
0.00251806 1.5408 -1.02472e-19 0.240085 1.51449 -6.79232e-19 0.373148 1.4827 -2.28228e-19 0.485784
0.843561 -1.55795e-21 1.31265 0.843695 -2.15917e-18 1.31266 0.843985 -1.92405e-22 1.31266 1.42035
5.9029e-21 0.646668 0.843694 -1.14823e-23 1.31299 0.943484 9.92758e-22 1.24354 1.48399 9.39026e-20
0.485481 1.34407 -3.06884e-19 0.795904 1.54417 1.90696e-19 0.236185 1.52865 4.19603e-19 0.323707
-0.437819 -1.85194e-21 1.50029 1.50039 -3.12182e-20 0.437776 0.894338 1.04872e-21 1.28194 -0.00116694
1.93105e-20 1.56308 1.48436 -4.63541e-19 0.490158 1.43752 1.05287e-21 0.615166 1.3283 1.78944e-21
0.824961 1.4193 -9.74489e-22 0.656305 1.51477 -7.61382e-21 0.389177 1.48524 1.57794e-20 0.489955
1.32611 4.83545e-23 0.829146 -0.939212 3.58781e-18 1.25063 0.531588 2.73118e-20 1.47109 0.749644
7.43311e-22 1.37292 1.26312 6.88892e-21 0.922859 0.061408 -3.64745e-21 1.56318 0.971691 1.43367e-20
1.22605 -0.0636249 -5.99001e-21 1.56325 1.4085 4.88773e-21 0.681259 1.32678 1.45195e-21 0.829286
1.32675 1.54047e-23 0.829371 0.437072 -2.56474e-20 1.50248 1.39262 -1.17753e-18 0.713898 1.54649
-1.00276e-19 0.239846 1.42084 -3.39278e-21 0.656035 1.54644 5.24765e-21 0.240557 0.688407 -2.69616e-20
1.40567 1.42088 -1.26771e-22 0.656783 1.43759 -1.55853e-18 0.619851 1.42039 2.05729e-18 0.658411
1.42088 1.81667e-21 0.658564 1.42088 -8.75697e-20 0.658573 1.27818 5.94115e-22 0.905177 1.37573
1.1597e-20 0.748647 1.29711 -7.17459e-19 0.878941 1.2674 -2.0746e-20 0.921486 1.53003 8.89319e-20
0.338318 0.972738 -4.12335e-21 1.22906 1.50047 2.16796e-19 0.453835 1.53473 9.16946e-20 0.31968
-0.125158 1.57982e-18 1.56268 1.35957 3.89254e-19 0.780801 1.29915 6.25299e-21 0.877712 -0.751468
-2.8927e-21 1.37605 1.54959 4.9454e-21 0.239639 1.5304 5.48646e-21 0.341646 1.51508 4.13242e-19
0.405263 0.625677 -2.53049e-21 1.43816 0.124071 2.85364e-21 1.56347 -0.626329 1.73144e-18 1.43855
0.812218 2.91389e-18 1.3426 1.43729 -1.01651e-20 0.630972 1.34411 1.30348e-20 0.811267 0.906579
-4.33005e-22 1.28179 0.875199 -7.39925e-22 1.30404 1.53042 -4.4822e-19 0.35737 1.50011 1.05861e-21
0.468791 1.40855 1.90002e-21 0.697454 1.424 8.39387e-21 0.665623 0.996748 -2.83272e-20 1.21572
1.29815 -1.35513e-20 0.888338 0.974754 -3.26817e-21 1.23485 1.56394 -7.63854e-21 0.170698 1.49622
1.97464e-21 0.486372 1.51576 -1.33628e-20 0.421932 0.468409 -6.84892e-19 1.50251 1.49872 -1.46627e-20
0.48066 -0.187642 4.64802e-22 1.56276 1.56296 -2.35933e-20 0.187606 0.562982 7.76532e-19 1.4707
1.43572 -2.17875e-21 0.647139 0.186623 -5.98786e-21 1.56374 1.31353 -2.70742e-20 0.868938 1.4994
-2.47928e-21 0.482471 1.53042 -4.76166e-20 0.373301 1.35965 -3.3816e-21 0.796122 1.57587 5.13952e-21
0 1.57587 -2.75423e-19 0.00388916 1.5628 -6.79192e-19 0.203491 1.5671 -1.2076e-21 0.167466
1.26682 4.6378e-21 0.937581 1.43112 -7.76013e-21 0.661645 1.34094 6.01967e-19 0.829419 1.50038
3.90513e-21 0.485038 1.30432 -1.92111e-21 0.886241 0.957926 9.16596e-22 1.25284 1.56187 -3.54385e-20
0.219666 1.43495 2.51479e-21 0.65492 1.33965 -1.55271e-21 0.833066 1.57747 5.56382e-21 0.0162349
1.33938 -5.49406e-22 0.833828 1.45318 1.31916e-20 0.614547 1.28129 -9.04626e-19 0.920899 1.51598
1.37804e-18 0.437822 1.32226 -2.76325e-20 0.861131 1.01981 2.03067e-20 1.20412 0.875166 4.17431e-22
1.31302 1.57779 3.55511e-21 0.0307264 1.42441 -6.53859e-19 0.681064 -0.876743 -2.29292e-18 1.3132
1.40838 1.40222e-21 0.713996 0.780972 6.93994e-21 1.3724 1.27138 4.51584e-21 0.936735 1.54747
5.71258e-19 0.31613 1.57923 -7.87241e-19 0.0279542 1.54513 8.63652e-21 0.32847 1.53087 1.10249e-18
0.389631 1.4342 3.17095e-21 0.66256 1.45348 1.12781e-20 0.619222 0.997916 7.18716e-21 1.22532
1.56259 -5.45215e-20 0.238122 0.657064 4.10539e-18 1.43761 1.00058 -4.03466e-22 1.22422 1.2976
9.31729e-21 0.903797 1.37525 1.10141e-20 0.780817 -0.500349 -8.2859e-22 1.50032 1.5158 -2.09968e-20
0.453224 1.54758 3.01505e-20 0.329356 -0.250169 1.11028e-21 1.5628 1.35977 -1.23739e-20 0.81131
0.500021 -1.51625e-21 1.50241 0.249133 -1.64959e-21 1.56399 1.31542 5.15769e-19 0.882439 1.45328
-1.34635e-18 0.630591 1.5317 7.6518e-20 0.406322 1.54733 1.77766e-19 0.34316 1.42453 -1.59909e-20
0.697186 1.05762 7.7187e-21 1.18211 0.843631 -2.08972e-21 1.34372 1.2686 3.38314e-21 0.953086
1.02421 -1.43225e-20 1.21235 0.970808 -7.57222e-21 1.25574 1.44161 3.56637e-19 0.664838 1.54729
8.05753e-20 0.358576 1.28304 8.66383e-21 0.936901 1.53183 -8.9388e-19 0.422222 1.37522 1.87132e-19
0.796386 1.58883 -1.9272e-21 0.0368486 0.938007 2.13765e-19 1.28298 1.45223 2.48276e-21 0.645933
1.27327 -3.7519e-21 0.952801 1.29692 1.37833e-21 0.920893 1.51923 -5.80727e-19 0.47149 1.57972
-1.28529e-18 0.187221 1.31014 7.64678e-21 0.902294 1.59085 1.3238e-21 0.0334117 1.36009 -4.51887e-21
0.825958 1.35272 7.39213e-23 0.838534 1.46877 2.01855e-21 0.613136 1.54724 -1.25764e-18 0.374282
1.59198 1.00896e-20 0 1.59198 1.00896e-20 0.00445827 1.52006 -3.41933e-23 0.473141 -1.49999
-1.93452e-23 0.5353 -1.12626 1.29109e-21 1.12614 1.59262 1.3995e-18 0.0184845 1.53149 5.79755e-21
0.437505 1.44065 1.4445e-20 0.680207 1.42449 1.159e-20 0.713448 1.09389 4.38912e-21 1.15838
0.531565 -1.29634e-20 1.50217 1.4522 -3.11833e-21 0.65612 0.688395 -1.30087e-20 1.43722 1.58285
5.40176e-20 0.18473 -0.312722 -1.84905e-21 1.56282 1.46931 -2.74902e-20 0.617789 1.5632 3.31768e-20
0.311518 1.40744 9.26728e-19 0.748188 1.52135 9.23487e-21 0.475679 1.0992 1.03633e-21 1.15486
0.983636 -2.11934e-21 1.25483 1.5812 1.21933e-20 0.204935 -0.688864 -1.96686e-21 1.43853 0.311763
2.29189e-20 1.56427 1.3158 -1.33844e-21 0.901615 1.39074 -1.2308e-20 0.781309 1.06252 2.06787e-20
1.19006 1.57779 -1.84023e-20 0.236313 0.906568 -2.6233e-19 1.31322 1.33262 -7.17126e-21 0.878082
1.54747 -4.55469e-20 0.390488 1.45219 7.45135e-22 0.662225 1.26862 3.94966e-22 0.968709 0.812143
-2.41027e-21 1.37419 1.53088 -1.87739e-20 0.452347 0.970447 2.13626e-21 1.26752 1.37529 1.61293e-20
0.811732 1.56674 -1.06266e-19 0.310661 1.59714 1.52653e-21 0.0371757 1.11478 1.92749e-21 1.14456
1.46163 -2.30548e-21 0.645582 1.46915 9.33015e-22 0.629427 1.36207 -1.26025e-18 0.836875 -0.814029
-3.85617e-20 1.37597 1.2837 -1.37427e-20 0.953044 1.52954 1.96061e-20 0.465741 1.56881 1.17528e-19
0.308966 1.58372 -4.41359e-19 0.222179 1.36051 2.72297e-22 0.841284 1.31552 3.05421e-21 0.910641
1.29659 9.41466e-21 0.937403 1.2733 -2.11064e-18 0.968929 1.54755 -1.03601e-18 0.406608 1.57013
9.04665e-20 0.30823 1.5661 -9.07184e-19 0.328841 1.44032 -1.17878e-18 0.698008 1.57141 3.45532e-20
0.307922 1.57111 2.66717e-19 0.309874 1.5313 1.15117e-20 0.468614 1.45508 1.90731e-22 0.669004
1.45564 1.95517e-20 0.669178 -1.00168 7.63605e-21 1.25063 1.45513 1.27908e-22 0.670842 1.53197
-1.24142e-21 0.469737 -0.562877 -7.17317e-18 1.50034 1.09902 7.19922e-21 1.1662 1.36349 -2.75455e-22
0.842334 1.39075 -2.46952e-21 0.796719 1.11763 8.0924e-21 1.14891 1.56562 -6.90428e-21 0.343466
1.4686 1.11331e-21 0.642348 1.13665 3.75259e-21 1.13081 0.562971 8.60775e-21 1.50183 1.46847
1.44582e-18 0.645326 0.875114 -4.18136e-18 1.34426 1.54767 -1.96622e-20 0.422413 1.26715 1.08613e-22
0.984096 1.00167 5.25633e-21 1.25355 1.37545 -5.00933e-19 0.826978 1.48421 1.59459e-21 0.610936
1.56466 3.49594e-20 0.359098 1.31522 3.90388e-19 0.920685 1.45909 5.22237e-21 0.67227 1.11989
3.1031e-19 1.15237 1.4867 1.32755e-21 0.610457 -0.375284 5.73656e-18 1.56281 1.48498 -7.62805e-21
0.615557 1.15224 -8.73889e-21 1.12101 1.45609 5.83603e-21 0.681661 1.44021 -1.27472e-20 0.714596
1.54716 1.07751e-20 0.437501 1.60783 -1.25221e-21 0 1.60783 -6.58486e-19 0.00463708 1.5636
-1.39936e-19 0.375094 1.2835 3.14679e-21 0.969054 1.46159 5.91214e-21 0.670989 1.60754 3.71459e-22
0.0486229 1.60831 -3.24805e-21 0.0180644 1.27178 -4.26417e-22 0.984797 0.374352 -6.18144e-18 1.56455
1.29539 2.47788e-20 0.953894 1.40663 2.32116e-20 0.781009 1.60839 1.07869e-21 0.0473747 1.33326
9.70504e-19 0.901449 0.969929 3.47399e-21 1.28443 1.60951 -1.09708e-19 0.0313115 1.59656 2.68634e-19
0.208601 1.60978 2.00523e-22 0.0380385 1.39077 -9.33726e-19 0.812097 -1.25085 6.98137e-22 1.01457
1.61006 9.07466e-22 0.0449102 1.26421 -3.54939e-22 0.998458 1.5632 2.10441e-21 0.390777 1.46854
-7.49424e-21 0.663128 1.58037 -7.29524e-20 0.316289 1.37493 6.91568e-22 0.841411 1.5986 1.91638e-19
0.207533 1.58276 -9.43861e-20 0.306058 1.48491 6.06826e-19 0.628014 1.37389 2.53291e-22 0.844345
1.54766 -5.05319e-21 0.453396 1.37337 -1.6773e-21 0.845822 1.31227 -3.23978e-20 0.938022 0.843586
-4.11057e-18 1.375 1.18055 4.63076e-21 1.10101 1.48475 1.39498e-21 0.633779 0.937987 4.50148e-21
1.31396 -0.939238 -2.35173e-21 1.31316 1.54914 7.58491e-21 0.45531 1.56276 2.42116e-20 0.406414
1.45637 1.51246e-20 0.698577 1.26874 -2.80294e-19 0.999664 1.26041 1.16716e-22 1.01033 1.26013
1.74469e-22 1.01122 1.26815 -7.14982e-22 1.00148 1.18736 -1.61591e-21 1.0962 1.46931 -9.84746e-19
0.673346 1.40641 3.49869e-20 0.796764 1.58741 -2.31061e-20 0.305064 1.55053 7.61803e-22 0.457096
1.15737 -2.5568e-18 1.12855 1.46993 1.26723e-20 0.67353 1.28256 -9.30072e-22 0.984677 1.18813
1.29017e-21 1.0972 1.46923 2.90046e-20 0.675942 1.29451 7.15245e-19 0.970096 1.49932 8.36996e-22
0.608032 1.39074 -4.04484e-21 0.827521 1.48444 8.57058e-21 0.644517 1.56276 -4.87999e-19 0.422135
1.5015 7.68834e-22 0.607497 1.20618 1.47834e-20 1.08121 1.06421 1.18802e-18 1.22136 1.20784
-8.80066e-21 1.0796 1.09686 3.58611e-18 1.19219 1.50013 6.11679e-22 0.611754 1.26448 -6.30383e-21
1.01296 1.30928 3.62207e-20 0.954978 1.50031 -1.6647e-21 0.612615 0.749955 -1.19144e-20 1.43663
1.24938 1.08659e-19 1.03238 1.59252 2.28144e-20 0.302256 1.58056 3.16226e-20 0.359669 1.47117
8.52857e-21 0.680812 1.33468 8.92082e-22 0.920388 -0.876628 3.43515e-22 1.36402 1.58498 7.61823e-19
0.34254 1.59331 3.15411e-21 0.301819 0.906559 6.77168e-21 1.34459 1.33475 -4.73083e-22 0.921276
1.03184 -3.09698e-21 1.25126 1.24242 -2.74718e-21 1.04246 1.2416 -2.79792e-20 1.04362 1.62141
5.29534e-22 0.0452764 1.4394 2.19599e-20 0.748178 1.23232 1.09889e-18 1.05525 1.45651 3.08686e-19
0.714829 1.34695 -1.59349e-20 0.904658 1.4756 -5.34974e-21 0.6751 -0.751378 2.83093e-21 1.43852
-0.437829 6.36089e-22 1.56281 1.4722 8.07564e-21 0.683431 1.57919 2.28029e-19 0.375166 1.62347
-4.32534e-22 0 1.62347 -4.32534e-22 0.00467907 1.62386 5.18062e-22 0.0179108 1.59116 6.33464e-20
0.325009 1.40645 9.85427e-22 0.812086 1.19248 3.05188e-18 1.10289 1.4763 1.00565e-20 0.677588
1.60853 -6.35645e-19 0.226727 1.56412 -7.1783e-21 0.439061 0.437126 2.06729e-20 1.56482 1.33851
1.5283e-22 0.921194 1.38749 1.71885e-21 0.845845 1.62472 -3.94199e-21 0.0315426 1.25341 -2.38385e-19
1.03477 1.20024 -1.00013e-20 1.09616 -0.625398 -1.51531e-21 1.50035 1.28141 4.02255e-21 1.0001
1.59627 -9.20891e-20 0.307349 1.38634 -7.75102e-22 0.849112 -0.00127044 8.14585e-21 1.62583 1.38593
1.41475e-21 0.850254 1.50036 -1.23161e-22 0.626779 1.62491 -2.7719e-22 0.0613349 1.38612 8.78959e-20
0.850321 1.57853 -5.76809e-21 0.390739 1.48476 5.64671e-20 0.663269 0.625714 2.04915e-20 1.50106
1.29421 4.45035e-20 0.984899 1.50036 8.07205e-22 0.628081 1.24605 -4.18084e-21 1.04545 1.24543
1.10407e-18 1.04633 1.62599 -3.46373e-22 0.0454243 1.27215 -6.37809e-21 1.01407 -0.0638627 3.1252e-21
1.62575 1.57939 1.89909e-19 0.390935 1.2358 -6.24295e-19 1.05839 1.21231 -2.06077e-19 1.08536
1.21107 1.21788e-20 1.08677 0.0614138 -5.40419e-18 1.62607 1.62677 8.27607e-24 0.050797 1.56658
7.47267e-22 0.441579 1.62686 1.54915e-22 0.0588233 1.00116 -2.12069e-18 1.28418 1.56739 5.61553e-21
0.4424 1.62776 -4.87376e-22 0.0576679 1.57746 1.00126e-20 0.405894 1.30741 4.77372e-20 0.97252
1.59717 1.27195e-19 0.326226 0.875074 -1.6308e-22 1.37569 1.33125 4.95782e-19 0.941445 1.47303
6.7396e-19 0.699227 -0.126294 5.47153e-21 1.62592 1.51479 -1.8248e-21 0.604211 0.124056 -1.89566e-21
1.62629 1.24255 5.45755e-19 1.05664 -0.876601 -7.25691e-22 1.37581 1.51585 3.15641e-20 0.603909
1.40655 3.17077e-21 0.827143 1.50707 2.55235e-22 0.626392 0.875071 2.58964e-24 1.37783 1.3232
-2.35941e-20 0.956039 1.50036 9.3198e-21 0.64342 1.26573 -4.86851e-19 1.03117 1.63162 1.93277e-22
0.0608173 0.812172 -4.44848e-22 1.41671 1.48565 -2.09171e-21 0.67791 1.26684 5.93165e-22 1.03111
0.969447 4.05541e-21 1.31477 1.59705 -2.09393e-20 0.343383 1.51602 -2.72756e-20 0.608733 1.28057
2.48032e-19 1.0153 1.5788 8.6985e-21 0.422877 1.60751 3.61722e-19 0.29574 1.51728 -1.34583e-19
0.608371 1.59504 1.0502e-18 0.359651 1.29423 -5.47895e-20 0.999806 1.25744 1.87162e-21 1.04588
1.63443 8.21053e-22 0.0691454 -0.18776 2.41883e-18 1.62529 1.3509 -5.19403e-22 0.923749 1.43819
-7.8708e-19 0.781216 1.58075 6.70032e-21 0.424457 0.186567 -8.75624e-22 1.62645 1.35411 2.04871e-21
0.920855 1.59405 9.98151e-22 0.375077 1.47314 -3.5639e-20 0.715311 1.59415 -4.80627e-21 0.37566
1.3079 -1.88767e-18 0.985854 1.49072 4.09814e-20 0.679296 1.49031 7.57349e-19 0.680863 1.1266
1.39481e-20 1.18987 1.58243 -2.05863e-21 0.425819 1.63748 7.79552e-20 0.0655992 1.63897 -5.79242e-21
0 1.63897 9.45436e-19 0.00468645 1.15848 5.4342e-21 1.15954 1.63898 -1.07908e-18 0.0328041
1.40701 1.27524e-20 0.841405 1.63935 8.76554e-23 0.0186497 1.51583 -2.47376e-21 0.625113 1.5841
-2.1542e-20 0.423454 0.93796 -6.06125e-19 1.34513 1.51582 1.39258e-21 0.625887 1.61044 5.23277e-21
0.311235 1.19016 -1.72219e-20 1.12882 1.50089 -6.6327e-20 0.662351 1.26424 6.86603e-21 1.04571
1.64 -1.78283e-21 0.0476003 -0.500356 7.72392e-18 1.56283 1.09577 5.1718e-21 1.22172 1.32051
-1.84307e-18 0.974614 1.60137 4.12629e-22 0.360878 1.60953 6.95767e-21 0.324596 1.60934 4.48173e-21
0.327494 0.500073 -3.46994e-20 1.56471 1.06371 7.53464e-22 1.25193 1.59266 -5.20733e-20 0.40341
1.61602 5.93201e-19 0.296336 1.27993 -3.10721e-22 1.03047 1.49521 -3.64012e-20 0.681543 1.49564
7.21364e-20 0.6806 1.59987 6.3397e-21 0.375107 1.59346 -7.97731e-21 0.401937 1.52744 -3.65953e-19
0.606806 1.53069 -1.8556e-19 0.59939 1.29404 1.86767e-20 1.01474 -0.250228 2.70827e-21 1.62535
1.59659 4.36831e-19 0.394163 1.60849 2.20571e-20 0.343246 1.4728 9.13823e-21 0.732087 1.49786
-1.60083e-18 0.679359 -0.901497 9.53452e-23 1.37577 0.249117 -3.87471e-21 1.62667 1.49052 4.03113e-21
0.699147 1.5161 4.7126e-21 0.642156 1.53198 -1.49121e-19 0.603897 1.61725 7.78862e-20 0.311121
1.03223 1.41121e-20 1.28335 1.60019 -1.70085e-20 0.389761 0.80358 -6.44449e-22 1.43766 1.30876
-1.43393e-21 1.0001 1.60956 2.1915e-20 0.350557 1.59662 6.85739e-20 0.405875 1.62078 7.1994e-20
0.296076 0.906503 -1.23143e-21 1.37588 1.59733 7.67287e-20 0.404581 1.27954 1.45962e-21 1.03886
1.26243 -2.30342e-18 1.05994 1.49266 -2.56136e-21 0.699518 1.6062 2.97345e-21 0.376677 1.41162
3.47206e-19 0.854362 1.32665 -1.35448e-19 0.981129 1.60692 1.2812e-20 0.375138 1.41936 -2.76816e-21
0.841919 0.688355 -8.97609e-18 1.50037 1.41007 -1.92109e-19 0.858772 1.50333 -1.6326e-18 0.682644
1.21697 -8.02506e-21 1.11604 1.47179 -1.18223e-20 0.748633 0.812186 7.45466e-22 1.43782 1.50369
-3.00494e-20 0.682736 1.43773 -4.60405e-22 0.812556 -0.68876 -4.80033e-21 1.50102 -1.00171 6.88121e-18
1.31313 1.60453 6.67909e-20 0.391536 1.61141 4.4973e-20 0.36285 1.27924 5.44833e-22 1.04534
1.62263 6.63234e-20 0.311085 1.61442 4.37189e-21 0.351711 1.414 2.0422e-19 0.855198 1.00093
-3.56353e-21 1.31492 1.65052 -8.87391e-21 0.0838788 1.6202 1.11426e-18 0.326659 -0.813905 2.87466e-22
1.43851 1.48976 4.99953e-21 0.715823 1.6173 -4.48621e-20 0.341303 1.41238 2.55462e-19 0.859585
1.53117 -1.5442e-21 0.62492 1.29399 -7.23629e-21 1.02997 1.60954 9.33332e-20 0.380612 1.62493
-1.06402e-19 0.310817 1.65444 -2.80279e-22 0 1.65444 -2.80279e-22 0.0046875 1.6543 -2.8586e-22
0.0331913 1.65455 2.10522e-19 0.0190315 1.5172 -1.00386e-18 0.660491 1.61127 -5.11621e-20 0.376876
-0.312737 6.53859e-21 1.62537 1.65381 -5.73893e-23 0.080538 1.65511 -4.25479e-22 0.0484603 1.54565
-1.66484e-21 0.594029 1.61583 -3.37397e-20 0.364249 1.65523 2.6514e-21 0.0636993 1.62387 2.39799e-20
0.327023 0.311752 1.30669e-18 1.62691 1.30935 -2.84315e-20 1.01486 1.2789 -3.62592e-22 1.05317
1.61959 3.00192e-21 0.349519 1.62152 1.9647e-20 0.342147 1.24767 -3.65636e-21 1.09165 0.969332
-5.04903e-21 1.34567 1.21887 -1.70434e-18 1.12546 1.54735 -8.56339e-20 0.598396 1.32398 1.02416e-19
0.999836 1.48889 -1.62326e-20 0.732259 1.27645 4.99499e-22 1.06028 1.43778 -4.98199e-21 0.828694
1.53779 2.22185e-21 0.624955 1.15779 -2.84108e-18 1.18985 1.53161 -1.64719e-19 0.640942 1.1893
-1.72714e-20 1.15899 1.27859 4.36774e-21 1.06034 -0.562872 -2.84612e-21 1.56284 1.12655 5.07971e-21
1.22101 1.55287 1.70182e-21 0.591028 1.51842 6.37334e-20 0.676515 0.562936 -9.77179e-21 1.56435
1.54698 5.63793e-21 0.610411 1.5473 9.35256e-22 0.610484 1.34223 -2.22909e-20 0.982534 1.09527
-7.37339e-19 1.2522 1.50822 9.02119e-22 0.702242 1.34193 -4.08737e-20 0.984634 1.46992 1.14353e-21
0.78152 0.937868 3.17323e-21 1.37647 -0.939162 -7.7189e-22 1.37572 1.48812 -7.75028e-21 0.748437
1.55828 1.10843e-21 0.588777 1.30957 7.61251e-19 1.02986 1.55856 -3.65617e-22 0.589407 1.43782
6.84561e-21 0.842991 1.06373 -2.77343e-19 1.28324 1.50651 -2.39427e-21 0.715403 -0.375274 1.23984e-21
1.62536 1.50623 8.6797e-21 0.717525 1.54697 2.33348e-21 0.625006 1.53299 1.25526e-20 0.658805
1.66587 -5.91073e-21 0.100071 1.32505 2.23839e-20 1.01462 1.56019 5.39328e-21 0.593057 0.374329
2.24345e-20 1.62709 1.6671 -5.47315e-21 0.101533 1.67007 8.4098e-21 0.0642484 1.52269 1.28228e-18
0.68913 1.03231 1.9786e-18 1.31462 1.66938 -4.77272e-20 0.0969592 1.6704 -3.79604e-21 0.0794375
1.54713 1.95712e-21 0.635328 1.34091 8.54621e-20 0.999682 1.67 1.4617e-23 0.0976994 1.50483
-1.67802e-20 0.733185 1.54721 -1.13054e-21 0.640419 1.57039 7.98275e-22 0.582908 1.53432 -9.04518e-20
0.674953 1.35806 -7.61671e-21 0.983956 1.52241 -1.94988e-20 0.703624 0.750446 -4.67828e-21 1.49994
1.00088 7.90902e-21 1.34588 1.56285 6.48179e-22 0.610202 1.27454 -1.01956e-20 1.09133 1.24877
3.57714e-21 1.12135 1.32545 1.20089e-18 1.02983 -0.751294 -1.21301e-21 1.501 1.35772 -6.70898e-21
0.987564 1.469 -2.36012e-21 0.813197 1.67536 2.02217e-19 0.111462 1.55252 1.96818e-22 0.64064
1.50364 -1.56837e-20 0.74922 1.24887 -1.11871e-22 1.12398 1.44105 -1.28035e-20 0.864757 1.2191
2.52967e-21 1.15704 1.52167 -3.81733e-21 0.71425 1.27868 2.32555e-22 1.09128 1.5782 -4.50173e-22
0.579126 1.4395 -1.98389e-20 0.869153 1.18867 -1.69066e-21 1.18941 1.57936 -5.73314e-22 0.578477
1.34121 7.53278e-19 1.01513 1.15755 -1.27741e-20 1.22069 1.54844 2.37722e-21 0.657628 1.52137
-1.65703e-18 0.71863 1.67912 -3.59596e-19 0.108656 1.56264 -9.24019e-21 0.625141 -0.437824 2.63347e-18
1.62534 -0.625378 1.36309e-18 1.56285 -1.1265 -9.9448e-18 1.25091 0.969284 -5.66277e-19 1.37677
1.5362 -2.02556e-20 0.689429 1.12635 6.72389e-21 1.25194 0.937852 2.46065e-21 1.39884 0.874999
3.35661e-18 1.43903 0.62571 -2.6311e-21 1.56385 -0.876471 -2.24391e-18 1.43844 1.58038 3.70334e-21
0.583273 0.437163 3.0074e-18 1.62728 1.68549 2.00204e-21 0 1.68549 2.00204e-21 0.00695757
1.68555 6.77296e-22 0.034207 1.31011 -1.50669e-21 1.06112 1.68469 -9.74702e-22 0.0649229 1.35758
-1.60651e-18 1.00089 1.46882 8.75458e-22 0.829187 1.09513 -5.31722e-21 1.28315 1.6857 2.76925e-21
0.079698 1.57908 2.79861e-21 0.59555 1.68436 -3.01713e-19 0.112875 -0.939107 -4.85548e-22 1.40315
-0.00122125 2.54272e-18 1.68867 1.68434 -2.80453e-20 0.123311 1.68651 -6.34776e-21 0.0945297 1.5893
-5.43811e-21 0.572946 -0.0639487 1.53216e-21 1.68839 1.54952 -4.70798e-21 0.67383 1.68513 5.64045e-21
0.124412 0.0614436 -1.6811e-21 1.68885 1.53651 6.07552e-19 0.704173 -1.49999 -6.74861e-24 0.779144
1.37418 5.16708e-21 0.985485 1.06379 -1.11639e-20 1.31459 1.34143 1.66638e-20 1.03037 1.57852
-8.70369e-22 0.610176 1.68812 3.48342e-20 0.120545 1.50132 -3.20905e-21 0.782113 1.56345 -3.2342e-21
0.649439 1.59164 -4.03012e-24 0.576916 1.59168 9.66778e-19 0.576986 -0.126456 -1.38613e-20 1.68832
1.59178 4.67674e-23 0.576927 1.37376 -7.079e-19 0.989832 1.68896 8.59029e-20 0.121714 -1.25345
1.15633e-20 1.13857 0.124004 4.41752e-18 1.68897 1.46865 -1.90528e-21 0.844463 1.5362 -1.14312e-21
0.715007 1.35763 -2.19175e-23 1.01597 1.69598 1.24512e-21 0 1.56365 -7.41507e-21 0.65678
1.69598 -1.72064e-21 0.00744848 1.53608 1.77405e-21 0.719216 1.55048 4.63057e-22 0.68912 1.57827
1.04729e-20 0.62526 1.53821 -3.69491e-22 0.719272 1.69856 2.90149e-21 0.0351233 -0.188807 -1.38053e-20
1.68845 1.49197 -5.12292e-22 0.813235 0.18656 -6.17325e-21 1.68912 1.69839 -2.15564e-21 0.0645655
1.37393 2.92711e-21 1.00205 -0.50036 3.30393e-21 1.62534 -1.0017 9.97586e-21 1.37567 1.59442
-9.33553e-21 0.594859 1.46862 -1.14666e-18 0.860216 1.24945 5.27336e-19 1.15575 1.69956 5.08128e-22
0.0943302 0.50009 -2.1306e-20 1.62718 1.00087 -2.45953e-18 1.37716 1.21937 1.32863e-21 1.18864
1.56467 5.4778e-19 0.673146 1.18848 1.87084e-18 1.22027 1.28022 -7.81822e-23 1.12381 1.38904
-7.69229e-22 0.987003 1.60976 -4.87163e-20 0.559895 1.69856 3.32898e-23 0.144768 1.61037 -5.02738e-19
0.559469 1.15742 1.27985e-20 1.2517 1.35767 -1.39063e-20 1.03111 0.808487 4.20179e-22 1.50114
1.50059 1.46251e-22 0.809578 1.70251 -2.28835e-22 0.0942846 1.70286 6.1861e-22 0.100929 1.31057
1.88558e-18 1.09201 1.38857 -1.59177e-23 0.991581 -0.250312 -1.40485e-18 1.68784 1.46585 -1.80462e-19
0.873526 1.50049 1.46948e-21 0.813249 1.59408 -4.39278e-19 0.609882 1.70331 -4.65589e-25 0.109327
0.812458 -8.29585e-18 1.50123 1.12633 1.83164e-18 1.28304 1.46431 -2.26786e-19 0.87791 -0.813828
5.61243e-18 1.50099 1.70368 -2.35657e-21 0.113083 -0.687889 1.82039e-21 1.56285 0.249206 1.07298e-18
1.68933 1.48396 -3.3077e-21 0.845099 1.53412 -2.27734e-18 0.750274 1.61241 -3.94015e-20 0.563766
0.688348 4.17269e-21 1.56334 1.61287 2.4699e-19 0.56345 1.70257 5.18368e-21 0.142329 1.37391
9.3402e-21 1.0165 1.70475 5.70901e-19 0.123927 1.57891 -2.68269e-21 0.656255 1.56513 -5.72134e-21
0.688657 1.70653 -5.63457e-21 0.109367 1.34165 1.88418e-18 1.06087 1.09504 -1.77101e-21 1.3144
1.61062 1.57611e-21 0.578875 1.50599 -1.88474e-21 0.813196 1.61051 -4.00326e-21 0.579757 1.70492
1.18515e-21 0.155809 1.59387 8.25862e-22 0.625055 1.6223 -8.79902e-19 0.55071 1.39019 -6.56277e-22
1.00169 1.48382 -4.46017e-21 0.860793 1.70904 -8.38103e-19 0.153569 1.61001 1.64191e-21 0.594717
-0.312772 -3.23214e-21 1.68789 1.71675 7.33842e-22 0 1.71675 1.43618e-18 0.00842042 1.62526
2.75044e-19 0.554342 1.62361 2.72967e-20 0.559217 1.71684 -3.19367e-22 0.0364114 1.71644 -8.11846e-22
0.0640925 -0.939036 -1.70536e-22 1.43832 1.37385 3.87323e-21 1.03139 0.311763 -2.95435e-20 1.6895
0.937821 7.15865e-22 1.43955 -0.562865 1.76462e-19 1.62534 1.53241 4.62928e-21 0.782354 1.71817
2.30877e-21 0.0943628 1.6097 -4.04349e-21 0.609835 1.4997 -3.93453e-22 0.845008 0.562917 -3.50273e-18
1.62693 1.39023 3.07236e-21 1.01587 1.71864 6.10429e-21 0.109518 1.5651 6.07112e-19 0.719505
1.59398 4.54277e-22 0.655739 1.71482 1.1219e-21 0.175496 1.24979 -1.46511e-21 1.18726 1.565
-3.41173e-21 0.722923 1.7196 1.75947e-23 0.124512 1.48291 -3.62856e-21 0.879517 1.28067 -6.12532e-22
1.15555 1.48135 2.79149e-20 0.883923 1.62575 -5.48569e-19 0.579261 1.72032 1.22564e-21 0.139777
1.18862 1.56526e-20 1.25163 1.311 -3.56334e-22 1.12318 1.50551 -1.30352e-20 0.844862 1.56934
-1.60428e-22 0.719462 1.60941 -1.19357e-18 0.624962 1.41559 1.56176e-21 0.98992 1.71908 -1.6168e-20
0.173525 1.58514 4.65419e-22 0.688033 1.7214 -1.1561e-20 0.154863 1.49908 -8.42971e-19 0.861407
-0.375274 2.59089e-18 1.6879 1.0008 2.73688e-21 1.41007 1.41507 -9.37651e-22 0.994579 1.34165
-8.62989e-22 1.09175 1.71994 2.15508e-21 0.187255 0.374339 -1.38341e-20 1.68964 1.39011 -9.04316e-19
1.03092 1.62555 -3.48369e-21 0.594564 1.12639 3.9111e-18 1.31445 1.65101 9.91372e-21 0.525669
-0.750403 9.56482e-18 1.56285 0.750752 -1.42843e-20 1.563 1.40657 -1.2104e-21 1.01399 1.5318
-2.72966e-18 0.812947 1.32114 3.95926e-22 1.12339 1.72428 -5.12212e-21 0.185495 1.49528 8.12345e-19
0.879913 1.56423 1.53053e-21 0.750661 1.65289 4.63135e-22 0.527544 1.73314 -2.17259e-19 0.0946134
1.64165 -2.14268e-21 0.563793 1.62532 2.27868e-21 0.609821 1.37368 1.43069e-21 1.0619 1.65386
-3.24815e-21 0.529422 1.59487 4.07986e-21 0.68773 1.65434 -3.56467e-21 0.529001 1.73365 -1.98148e-20
0.109873 1.72596 1.31454e-21 0.203551 -0.876362 -6.08417e-23 1.50099 0.875066 -9.09865e-21 1.5023
-0.976832 1.11236e-21 1.43829 1.73453 5.39969e-22 0.124939 1.72757 6.5969e-22 0.20793 1.06383
1.40596e-21 1.37746 1.64157 2.89564e-22 0.57939 1.73527 -2.05184e-20 0.140167 1.72863 5.17577e-22
0.207578 1.62519 1.80163e-20 0.625246 1.66516 5.01925e-21 0.509572 -0.625369 -3.48102e-21 1.62534
0.625697 -1.12292e-20 1.62658 1.73593 5.03053e-19 0.155495 1.40611 -4.75538e-23 1.03013 -1.41316
-3.74483e-22 1.02157 1.50178 1.30098e-20 0.886175 -0.437805 -2.29826e-21 1.68789 1.40608 2.50897e-22
1.03207 1.73202 -2.54207e-22 0.206444 1.7363 -1.16437e-20 0.170997 1.50027 -2.13236e-20 0.890599
1.73145 4.54687e-21 0.220583 0.437265 3.06011e-20 1.6898 1.40936 1.57659e-22 1.03004 1.64129
1.88126e-19 0.594694 1.65255 -7.78128e-22 0.563976 1.73628 -8.91844e-22 0.186714 1.28098 2.42508e-18
1.18709 1.65673 9.84666e-22 0.555026 1.34235 -8.10359e-23 1.11875 1.56316 6.30946e-23 0.782399
1.74811 -7.56654e-21 0 1.74811 -7.56654e-21 0.00908032 1.3121 -2.62336e-22 1.15548 1.74814
-6.50227e-19 0.0370035 1.53157 -6.1494e-21 0.844205 1.43986 3.92453e-21 0.992826 1.74825 -1.06133e-20
0.0646672 1.59499 -1.73653e-21 0.719198 1.7359 -1.13205e-22 0.219124 1.73596 -8.53494e-20 0.21931
1.51591 1.156e-21 0.874217 1.51588 -5.41431e-22 0.874333 -1.74999 -3.75108e-23 0 1.74803
6.04512e-19 0.0949348 1.67981 3.93967e-21 0.492886 1.34248 1.66422e-22 1.12385 1.65756 2.34046e-22
0.564061 1.73512 -1.95813e-21 0.23475 1.43933 -1.28508e-21 0.997548 -1.74999 1.5553e-17 0.0672408
-0.00119537 -1.2891e-21 1.75138 -0.0639473 -3.84092e-21 1.75108 1.74891 1.97829e-20 0.110086 0.061424
-4.11519e-18 1.75151 -1.00158 -8.37671e-22 1.43827 1.62537 -1.22909e-20 0.656462 1.65738 2.79621e-21
0.571243 1.51984 6.95687e-21 0.87414 1.00074 -4.27621e-18 1.44003 1.74972 -2.77008e-21 0.125193
1.68353 1.48765e-20 0.495757 1.73969 -4.56902e-22 0.233691 1.37355 -4.0461e-23 1.09296 -0.126511
-1.18465e-21 1.75087 1.39803 -2.40441e-22 1.06177 1.65719 -3.43091e-21 0.579319 1.75035 -2.95727e-19
0.140462 0.123987 -2.03745e-21 1.75162 1.73824 -3.45768e-21 0.24983 1.37568 1.70443e-21 1.09298
1.37357 3.94163e-22 1.09578 1.66479 4.46217e-21 0.563923 1.75088 3.38404e-21 0.155848 0.802564
2.38887e-21 1.56417 1.75115 -7.6866e-21 0.171384 1.65687 -6.71774e-21 0.594624 -0.50034 -4.92903e-18
1.68786 1.74052 -5.07566e-21 0.264598 1.74285 4.9044e-23 0.249 1.75095 -1.56931e-20 0.187136
-0.188961 6.24827e-18 1.75084 1.40562 -1.50976e-21 1.06172 0.186648 1.65958e-20 1.75179 1.45439
1.86766e-21 0.994536 1.56254 -6.09313e-21 0.814481 0.500095 6.54824e-21 1.68971 1.7437 -1.60394e-22
0.254463 1.70081 -7.84278e-20 0.461464 1.59446 -2.92586e-18 0.750634 1.75059 2.98593e-19 0.203032
-0.813752 -2.75847e-21 1.56349 0.812606 2.47255e-21 1.56439 1.53217 -1.81351e-21 0.873898 1.74415
3.91211e-22 0.264127 1.75113 -6.04211e-22 0.217303 1.62523 8.70809e-21 0.687286 1.75117 3.92758e-22
0.218433 -0.687875 -4.43896e-18 1.62535 1.74517 -1.54697e-22 0.263995 1.74524 -8.93796e-22 0.264733
1.70707 4.78265e-19 0.449909 1.43781 3.62052e-21 1.0247 0.688321 -9.32669e-22 1.62624 1.74258
1.38454e-20 0.28613 1.70484 2.53421e-19 0.463848 1.45794 2.31945e-21 0.999755 1.43756 -6.36493e-22
1.02927 1.71333 -7.43653e-20 0.437641 1.7431 8.9822e-20 0.298109 1.75291 -1.38656e-18 0.233791
-0.251313 7.93449e-21 1.75097 1.25077 7.90615e-23 1.25087 0.249252 3.48514e-22 1.75194 1.3125
3.45436e-22 1.18729 1.71124 -1.03598e-19 0.452061 -0.93891 -1.16889e-21 1.50096 1.74726 -2.30855e-21
0.285817 1.68868 -4.37843e-21 0.532549 1.7431 -8.58237e-20 0.31123 1.65663 -5.5509e-21 0.625607
1.53278 5.19114e-19 0.887468 1.71996 6.57815e-21 0.422809 0.937871 -1.26798e-20 1.50264 1.75175
-5.1621e-22 0.264769 1.53283 -6.12833e-20 0.888489 1.1888 1.51889e-20 1.31434 1.71365 2.18815e-18
0.451956 1.52921 8.6215e-20 0.895864 1.75469 1.56256e-21 0.24932 1.74263 1.46628e-20 0.323223
-1.00153 9.97614e-22 1.4624 1.71127 -3.81053e-19 0.462513 1.71757 1.73272e-20 0.439642 1.74779
4.01942e-19 0.298 1.52753 -1.1459e-19 0.900216 1.72745 -4.0196e-22 0.402451 1.72779 -3.60624e-24
0.401511 1.7284 4.11333e-22 0.399508 1.74063 5.15594e-22 0.344774 1.7548 4.77753e-22 0.265128
1.73165 -2.68807e-21 0.388828 1.37374 1.14442e-21 1.12422 1.73833 1.88586e-21 0.359549 1.73523
2.25645e-21 0.374639 1.4693 4.81659e-21 0.996289 1.74779 -1.18097e-20 0.311323 1.59375 4.89037e-21
0.782203 1.74164 6.2907e-22 0.344903 1.72431 -2.58711e-21 0.424573 1.76614 2.10817e-18 0.187376
1.5628 7.90852e-21 0.844501 -1.74999 -1.21818e-23 0.305665 1.53334 7.26417e-20 0.897326 1.73343
-2.21856e-21 0.389325 1.73982 -1.46014e-21 0.359814 1.72753 3.84582e-21 0.415814 1.7635 4.15841e-24
0.218494 1.74731 7.95836e-19 0.323519 1.62546 3.83177e-21 0.718996 1.73737 -1.5817e-22 0.37513
1.46879 6.7679e-19 1.00104 1.5318 -7.72119e-21 0.901725 1.76627 -5.61912e-22 0.203005 -0.312842
2.25984e-22 1.75038 -1.12667 -2.39167e-21 1.37571 1.54808 -9.27912e-21 0.875029 1.73224 -1.18399e-18
0.402987 1.72736 7.61489e-21 0.424054 1.74557 3.78262e-21 0.342319 1.74528 4.11815e-21 0.34537
-0.562859 -1.5369e-21 1.68784 1.12646 -1.44791e-21 1.37739 1.73617 1.93905e-21 0.390088 1.77951
-4.67655e-21 0 1.77951 2.51834e-18 0.00929955 0.31175 -1.62526e-20 1.75205 1.74295 -3.09879e-21
0.360372 1.68827 -5.55313e-21 0.563476 1.77948 -1.09148e-20 0.037487 1.7398 -2.56003e-21 0.375687
1.76683 -3.37929e-24 0.218511 1.76687 1.65933e-23 0.218991 1.40533 8.81316e-22 1.09318 -1.2558
-4.15793e-21 1.26242 0.562852 -3.81625e-21 1.68954 1.77961 -1.07032e-20 0.0663969 1.65646 7.61472e-21
0.656617 1.77941 5.05619e-21 0.0946856 1.76785 3.83383e-22 0.233996 1.56354 5.57168e-20 0.860478
1.7807 -2.36116e-21 0.125621 1.54818 1.8562e-20 0.889903 1.76869 1.53372e-18 0.249575 1.43721
-2.9429e-22 1.06158 1.73622 5.63096e-21 0.422539 1.75421 1.82383e-21 0.342295 1.73314 -1.61867e-20
0.43821 1.78107 -2.67227e-18 0.156354 1.76852 2.55031e-21 0.265362 1.75493 6.25826e-23 0.344235
1.71741 -3.87447e-21 0.49922 1.06384 -2.34173e-21 1.4377 1.71747 6.47257e-19 0.499456 1.76681
3.31313e-19 0.281414 1.59336 1.17757e-18 0.813836 1.68782 1.09577e-20 0.594258 1.62494 -4.84542e-22
0.750567 1.73551 -6.63696e-21 0.437956 1.59336 8.4248e-22 0.81589 -0.375298 -3.15505e-21 1.75042
-0.750383 2.27646e-21 1.62535 1.54818 -8.17956e-21 0.899367 1.76574 8.18069e-22 0.296936 1.06384
-2.61129e-22 1.44027 1.57812 -1.61428e-21 0.845979 0.750766 -1.84704e-20 1.62599 1.78156 -2.44644e-21
0.187472 1.75484 -4.30829e-21 0.360059 0.374352 -1.0831e-21 1.75218 1.54817 -2.79091e-21 0.902624
-0.876301 -5.90446e-19 1.56348 1.56388 -1.17645e-20 0.876407 1.59749 -1.66603e-21 0.813757 1.75312
-3.82621e-21 0.375608 1.54683 5.76819e-21 0.907039 1.76577 -1.30042e-18 0.312393 1.78179 -1.4437e-21
0.203084 0.875119 1.68781e-18 1.5654 1.06894 -1.31187e-21 1.44027 1.6565 2.41934e-18 0.687789
1.46874 1.76262e-22 1.03006 1.75148 8.16941e-19 0.390992 1.78232 -1.71134e-21 0.218626 1.58399
-9.1289e-21 0.845952 1.59338 1.30002e-21 0.829652 1.78258 -7.48645e-22 0.225709 1.76694 -5.00456e-22
0.32793 1.75094 -5.72522e-21 0.406403 1.57846 -1.12248e-21 0.860875 1.78289 -1.67755e-21 0.234186
1.55452 -1.19359e-20 0.904586 1.66209 1.10703e-21 0.68777 1.71863 -8.0022e-21 0.531538 1.76778
-8.44569e-22 0.335483 1.40523 1.6518e-18 1.12454 1.68767 -1.12823e-20 0.62541 -0.625365 3.14146e-21
1.68784 1.56375 6.82385e-21 0.892839 1.78331 5.40397e-24 0.24974 1.7511 -1.70212e-20 0.422171
0.625674 1.53286e-18 1.68928 1.58265 1.52409e-20 0.861001 1.76873 -8.4006e-19 0.344011 1.50003
1.8434e-20 0.999236 1.60856 -1.22067e-19 0.813545 1.62438 1.97455e-21 0.782003 1.78325 -2.04343e-18
0.265439 -0.437792 -4.16589e-18 1.75042 -1.00146 -1.37096e-21 1.50094 1.75053 1.63932e-20 0.437553
1.59385 7.16005e-21 0.845907 1.5581 -7.1453e-21 0.910326 1.49956 7.20551e-21 1.00396 1.78258
-1.3886e-21 0.281236 1.76897 3.82015e-21 0.359821 1.43695 1.79531e-18 1.09333 1.00074 -3.25983e-21
1.50297 0.437334 8.23104e-18 1.75233 1.5794 1.80801e-18 0.877275 1.78215 5.30126e-19 0.296871
1.76817 7.67333e-19 0.37542 1.56347 -4.88026e-21 0.907351 0.789692 -1.62548e-21 1.62687 1.71874
-2.799e-18 0.562848 1.74751 8.96974e-19 0.467386 1.58229 3.3082e-21 0.877349 1.56281 -3.61544e-21
0.9117 1.78222 -6.50706e-22 0.312456 1.74799 4.0312e-21 0.467482 1.60862 -1.37521e-20 0.829227
1.76726 2.06325e-21 0.390939 1.37449 -2.93632e-23 1.17854 1.68752 1.46533e-21 0.656678 1.68768
-3.22326e-21 0.656571 1.68768 4.6075e-23 0.656678 1.81094 -1.02315e-20 0 1.81094 -1.02315e-20
0.00937496 1.81085 -1.97057e-20 0.0378715 1.59389 -1.38073e-18 0.861341 1.81093 1.60023e-20 0.0662374
1.46858 1.0324e-18 1.06205 1.62396 1.2692e-21 0.805417 1.78278 2.30967e-19 0.32811 1.76679
1.34257e-18 0.406481 1.31309 -1.88765e-18 1.2504 1.81077 1.82355e-18 0.0945264 -0.00114566 -5.29639e-21
1.81405 1.25136 2.48806e-18 1.31424 -0.063789 5.27064e-21 1.81386 1.81078 -1.68756e-20 0.125746
0.061419 -1.1345e-20 1.81413 1.57986 -4.42463e-21 0.89399 1.7834 3.2916e-23 0.341517 1.62382
1.32303e-22 0.81327 1.78352 -6.14163e-23 0.343949 1.37462 9.53069e-23 1.18823 -1.50011 -5.15502e-22
1.02532 -0.8129 -3.34097e-22 1.62535 1.60899 -2.13614e-20 0.845025 1.65572 3.35347e-18 0.750661
-0.126438 7.99262e-18 1.81355 0.124023 -5.31145e-21 1.81425 1.71876 -4.88284e-21 0.594062 1.81181
-1.52086e-20 0.156582 1.74892 1.78712e-20 0.499455 0.812642 -2.1448e-18 1.62739 1.18892 -3.74937e-18
1.37729 1.78374 1.89828e-18 0.359672 1.798 -1.0901e-21 0.281197 1.78724 9.60768e-23 0.343939
-0.500311 3.6503e-23 1.75039 1.49986 6.87396e-19 1.03187 1.59504 3.88369e-21 0.877674 1.80363
-6.03176e-22 0.249828 1.58739 9.15874e-21 0.894469 1.68739 -3.04521e-18 0.687683 1.81254 1.44097e-20
0.187539 0.500101 -1.91678e-20 1.75227 1.79795 1.2457e-22 0.29684 1.57997 1.30855e-18 0.908113
1.78336 -1.56636e-22 0.375251 1.5022 1.06335e-23 1.03205 -0.687869 -1.60121e-21 1.68784 1.6237
8.22271e-19 0.828794 -0.188984 -6.31222e-21 1.81337 -0.938834 3.9125e-21 1.56348 0.688281 2.96057e-20
1.68904 0.186702 -4.76843e-21 1.81441 1.57991 5.10395e-22 0.911838 1.60899 2.28627e-20 0.860066
1.4368 5.50445e-21 1.12483 1.79807 -9.53995e-22 0.312483 0.937904 -8.12517e-21 1.56565 1.78286
-2.79656e-21 0.39083 1.63428 2.31504e-22 0.813207 1.81289 -1.80538e-18 0.218733 1.79835 -1.23304e-21
0.328166 1.52902 7.86289e-20 1.00202 1.78247 -1.39203e-21 0.406432 1.74947 -2.4291e-19 0.531167
1.12663 1.88272e-22 1.44033 1.58524 3.12347e-21 0.911872 1.71871 -1.07491e-18 0.625229 1.63905
3.09842e-22 0.813179 1.63904 -2.61411e-22 0.813701 1.59623 -2.06481e-18 0.895032 1.62382 3.53368e-20
0.844238 1.52855 -2.27462e-20 1.00668 1.81342 6.76371e-22 0.24987 -0.251437 1.26911e-20 1.81335
1.65533 7.15717e-21 0.782053 1.46841 1.74513e-21 1.0937 -1.04901 9.88487e-22 1.50087 1.79863
9.82402e-23 0.34391 0.249247 -1.18353e-18 1.81451 1.39402 -1.53775e-22 1.18806 -1.75 -1.02994e-17
0.546326 1.61026 -4.30855e-19 0.876413 1.81349 -2.23306e-22 0.270942 1.59315 -4.11108e-22 0.909348
1.78177 -2.89498e-18 0.437552 1.81352 -2.32691e-23 0.281184 1.63883 6.95985e-21 0.828607 1.81351
-1.3391e-18 0.296832 1.7496 -7.87077e-21 0.562518 1.59704 6.24336e-22 0.909713 1.62453 -6.8185e-19
0.85979 1.68709 7.76495e-21 0.72995 1.49983 -2.12383e-22 1.06308 -0.562841 -4.03937e-18 1.75036
1.59727 -2.27412e-21 0.911949 1.53084 -1.43731e-21 1.01964 0.562831 -1.17607e-20 1.75214 1.81367
-1.17828e-21 0.312489 -0.313795 -1.51834e-20 1.81347 0.311738 2.11294e-20 1.81459 1.78075 -3.13723e-21
0.468375 1.0638 -3.81454e-18 1.50313 1.61154 3.07527e-20 0.893712 1.6386 -1.24323e-18 0.843775
1.54593 -5.7356e-22 1.00372 1.81378 3.63737e-22 0.328167 1.5057 3.36703e-22 1.06329 1.54617
1.10135e-21 1.00374 1.65472 8.37077e-19 0.813361 1.54548 -1.41283e-19 1.00839 1.5457 -1.98401e-19
1.00841 1.81331 -1.39356e-22 0.343866 1.81393 -7.43128e-24 0.343618 1.81393 -6.1982e-24 0.343865
1.68694 1.89726e-21 0.750662 1.84219 -3.11565e-21 0.12559 1.81432 1.37272e-24 0.343864 -0.87624
6.05688e-21 1.62598 -0.750375 -1.25605e-21 1.68785 1.53094 3.84024e-22 1.03427 1.74969 1.89052e-20
0.593832 0.750681 6.95713e-21 1.68889 0.875167 -6.48507e-21 1.62837 1.65453 2.22805e-21 0.824847
1.62748 -3.22222e-20 0.877948 1.7807 2.04346e-20 0.499745 1.84307 -1.05888e-21 0.15674 1.46831
-2.16335e-21 1.12508 1.62211 -3.04114e-19 0.889837 1.65446 -3.50391e-19 0.828937 1.62888 -8.34065e-20
0.878816 -0.375352 -1.95771e-21 1.81289 1.62365 -3.85078e-21 0.890628 1.81394 -7.3063e-22 0.375133
1.83093 2.07184e-22 0.281179 1.8431 -1.32472e-18 0.187745 0.374382 5.78697e-18 1.81471 1.63877
5.1355e-20 0.864855 1.61488 -1.37927e-18 0.910391 1.65886 3.18648e-22 0.829097 1.55997 1.18416e-19
1.00508 1.84347 -1.75444e-21 0.218845 1.49976 3.15152e-22 1.09429 -1.00136 -5.86057e-22 1.56349
1.6543 2.27825e-21 0.844451 1.5595 8.39735e-20 1.00974 1.67044 3.0764e-21 0.813709 1.31388
-8.34029e-22 1.31396 1.78073 3.17531e-20 0.531132 1.74999 -1.40568e-22 0.625247 1.0007 1.46102e-20
1.56589 1.74999 -3.4541e-22 0.625548 1.81363 -8.97162e-21 0.406401 -0.62536 -2.19729e-22 1.75034
1.75061 -4.65814e-22 0.625246 1.68674 -1.59686e-21 0.782281 1.37554 1.85701e-21 1.25098 -1.25152
-5.19643e-18 1.37596 0.625685 -1.15015e-20 1.75193 1.84404 2.31746e-18 0.249938 1.25161 -5.0959e-21
1.37725 1.5053 -2.08309e-21 1.09438 1.65477 -1.84002e-19 0.857842 1.4368 7.30795e-22 1.18769
1.12669 3.31164e-22 1.48515 1.53103 -8.12617e-22 1.06421 1.67032 5.00242e-22 0.829509 -0.437801
4.92945e-22 1.81292 1.81313 2.57475e-20 0.437582 1.84443 3.1077e-22 0.281175 1.56192 -1.15171e-19
1.02166 1.56193 -1.47708e-22 1.02169 1.84446 -3.07866e-22 0.287332 0.437365 -5.93054e-21 1.81484
1.66592 -1.35905e-21 0.843414 1.78075 -3.78762e-18 0.562435 1.18917 4.86321e-21 1.44027 0.79717
-4.89888e-21 1.68991 1.57588 -3.50571e-20 1.00669 1.84457 6.74145e-22 0.312484 1.65751 8.65264e-21
0.868789 1.67083 -5.36891e-21 0.842976 1.65747 1.0016e-20 0.870134 1.57542 1.62516e-20 1.01136
1.68682 -9.74853e-21 0.812185 1.81258 -1.7189e-18 0.468718 1.65788 -5.50739e-21 0.870252 1.65733
2.29254e-21 0.87182 1.65705 5.13401e-21 0.872627 -0.812885 -2.41387e-21 1.68785 1.87373 1.04653e-20
0 1.87373 1.04653e-20 0.014473 1.56208 4.31607e-19 1.03558 1.49968 -1.12563e-22 1.12553
1.71854 -8.64922e-23 0.750014 1.87386 4.25953e-19 0.0700422 1.45117 -2.80187e-22 1.1878 0.812803
-3.48979e-21 1.69025 1.66103 4.88105e-21 0.871315 1.50065 -2.4009e-23 1.12553 1.7195 -3.72179e-23
0.750023 1.49968 -2.58916e-21 1.12774 1.84473 -5.96367e-23 0.343819 -1.12659 1.60329e-21 1.50076
-0.00110426 1.6059e-21 1.87665 -0.938792 1.70538e-18 1.62597 -0.0636427 4.34526e-18 1.87651 1.67129
-1.96573e-21 0.855726 0.0614812 1.51622e-18 1.87676 1.87363 7.78567e-21 0.125435 1.85666 6.57508e-22
0.281189 1.12671 -2.00263e-21 1.50327 1.57752 2.00184e-22 1.02049 1.68681 1.77274e-18 0.827869
1.57759 -2.14914e-22 1.02081 1.84476 8.35003e-22 0.357988 1.67141 -4.88764e-22 0.858956 0.937942
-1.32672e-18 1.62856 1.81233 6.39585e-22 0.499948 -0.126232 6.44744e-22 1.87632 -0.687867 -2.60617e-18
1.75034 -0.500294 2.25394e-18 1.81292 1.75046 1.12431e-20 0.687724 1.87432 6.35497e-19 0.15677
0.124123 2.08086e-20 1.87688 1.43685 -6.0929e-22 1.21547 0.688302 -3.84149e-18 1.75174 1.53105
-2.76153e-22 1.09482 0.5001 -5.28358e-18 1.81482 1.8448 -2.0758e-21 0.375084 1.87357 -1.37905e-18
0.187892 -0.188897 1.75982e-21 1.87604 1.67112 -6.33969e-19 0.874732 0.186728 -9.58254e-18 1.87699
1.66973 -3.14382e-20 0.878019 1.57779 -2.0962e-19 1.03439 1.68735 -2.02153e-21 0.844019 1.87437
4.52296e-21 0.21891 1.71873 -2.83338e-21 0.781486 1.68124 8.26279e-23 0.859797 1.8122 -1.63785e-20
0.531229 1.59655 -8.18846e-22 1.00877 1.84472 5.29608e-21 0.406377 1.59748 -9.67584e-22 1.00887
1.5946 6.34444e-22 1.01444 1.56225 1.24199e-21 1.06447 1.59706 5.70208e-22 1.01305 1.59701
-6.44193e-23 1.01353 1.87503 -3.82339e-21 0.249996 1.59678 -1.55557e-24 1.01481 -0.251456 -5.84698e-21
1.87586 1.06356 1.38125e-20 1.56608 0.24923 1.07893e-20 1.87705 1.6875 6.72289e-22 0.860331
1.68742 1.03961e-22 0.860741 1.60146 5.73928e-23 1.01398 1.87512 9.62461e-22 0.277673 1.86966
5.008e-22 0.31248 1.84452 -2.81268e-21 0.437664 1.87513 5.03859e-23 0.281209 1.81234 -6.08735e-21
0.562648 -0.562812 3.19526e-21 1.8129 1.59366 7.9475e-23 1.03187 1.8753 6.70711e-23 0.300524
1.68362 -1.56631e-20 0.879968 0.562815 -7.56615e-21 1.81472 1.68219 4.62779e-21 0.883315 1.53104
1.98273e-21 1.12579 0.812908 4.70834e-23 1.71803 1.61045 2.36946e-22 1.01017 1.87541 -4.33149e-18
0.312479 -0.875399 7.54168e-18 1.68785 1.7193 -3.2786e-18 0.81309 -0.313912 -3.86224e-18 1.87584
1.70414 1.58662e-21 0.844746 1.376 1.84298e-18 1.31379 0.311726 1.15534e-20 1.87712 1.61007
-1.29186e-22 1.01484 1.31431 -3.46731e-18 1.37723 1.7501 3.9666e-21 0.750307 0.875261 5.6892e-18
1.69121 -0.750373 -2.36146e-21 1.75035 1.87552 1.43039e-22 0.330815 1.81252 8.84092e-21 0.585473
1.43691 -4.94772e-18 1.2505 1.18929 3.53533e-22 1.48856 0.750771 1.97851e-20 1.75163 1.87559
1.85405e-22 0.343779 1.59357 -4.30887e-21 1.04737 1.87561 -1.83774e-21 0.346066 1.56232 -1.66685e-18
1.09495 1.75002 4.75844e-21 0.76022 1.25182 5.89647e-21 1.44017 -1.00131 5.38767e-21 1.62597
1.70465 -2.95957e-21 0.860709 1.60922 5.45796e-22 1.03015 1.00075 1.19874e-20 1.62872 1.8758
-1.03706e-21 0.375063 1.49954 7.04939e-18 1.18818 -0.376263 1.64601e-21 1.87597 1.62479 2.3628e-24
1.01162 0.374396 -2.21267e-20 1.87723 1.76212 -9.65791e-23 0.750501 1.59356 3.8138e-21 1.06296
1.7193 9.93809e-21 0.846835 1.62494 -6.61139e-19 1.01631 1.18932 -8.90399e-22 1.50319 1.74984
-5.05415e-21 0.78245 1.70473 -4.89759e-21 0.877231 1.70473 -1.51999e-22 0.878073 1.81284 3.89891e-19
0.625193 -0.625344 2.17249e-19 1.81286 1.70477 3.44938e-21 0.878664 1.87581 -3.5991e-18 0.406349
0.625692 3.74835e-22 1.81454 1.60923 2.58515e-21 1.04619 -1.75 9.80977e-24 0.789444 1.70215
4.3884e-21 0.889739 1.70289 -1.63624e-21 0.892223 1.62488 -1.944e-21 1.02957 1.70476 -2.8933e-21
0.893029 1.70555 1.51558e-20 0.89153 1.72019 1.16535e-20 0.863185 1.64015 3.19076e-22 1.00845
1.56234 1.57585e-21 1.12595 -0.437833 4.97494e-18 1.87541 1.87589 1.57031e-20 0.437713 0.437399
5.06208e-18 1.87736 1.64031 1.7754e-22 1.01314 1.60927 -1.80772e-18 1.06204 1.7087 -6.70788e-21
0.894631 1.1267 1.04575e-18 1.56613 -0.812873 -4.47025e-23 1.75035 1.71804 -5.05098e-23 0.879118
1.75014 5.65511e-21 0.814264 1.71063 -6.03063e-21 0.894411 1.73532 -1.03106e-18 0.846825 1.2122
4.06956e-22 1.50317 0.813036 -3.08e-18 1.7516 -0.938715 -5.33628e-21 1.68847 1.62502 2.66746e-20
1.04546 1.78107 -2.30035e-21 0.750808 1.72164 1.10078e-22 0.8794 1.72159 2.06144e-22 0.879584
1.59368 7.62942e-21 1.09441 -1.12648 3.63735e-22 1.5721 0.937976 7.88879e-21 1.69137 1.64042
3.59981e-19 1.02795 1.93651 -2.1125e-21 0 1.93651 -5.43632e-18 0.01719 1.71692 -1.7366e-21
0.897973 1.71694 7.59664e-21 0.898305 1.93651 -1.95941e-21 0.072745 0.828196 6.33238e-21 1.75217
1.73587 3.68683e-20 0.86288 1.65234 -2.1985e-22 1.01429 -0.687861 -5.89305e-21 1.81284 1.81323
-9.38308e-20 0.68749 -0.00100115 9.45692e-19 1.93922 1.65614 4.71426e-22 1.00995 -0.0635713 9.05018e-21
1.93908 1.72053 4.53645e-20 0.897066 0.0616161 -1.7065e-20 1.93938 0.688323 -1.2432e-20 1.81439
-0.500298 -2.43297e-21 1.87543 1.62511 1.29061e-21 1.06155 1.8756 -2.52157e-20 0.500308 1.93681
1.03925e-19 0.130968 1.65578 -3.95148e-22 1.0142 1.65575 8.58e-23 1.01462 1.71729 3.43381e-19
0.908172 0.500091 1.16819e-20 1.87735 -0.126091 5.43716e-18 1.93897 0.12421 -4.72165e-18 1.93948
1.7508 -1.5743e-20 0.846357 1.65581 -3.35129e-23 1.02035 1.64062 -1.78374e-21 1.04466 1.06352
9.22546e-18 1.62888 1.78118 3.22266e-21 0.782315 1.7364 4.42356e-20 0.878734 1.37646 2.22295e-21
1.37651 1.43721 -3.4899e-23 1.31327 1.93832 -4.638e-21 0.191545 -0.188703 2.8746e-20 1.9388
0.186733 -1.16349e-20 1.93954 1.71648 6.94071e-19 0.923471 1.65591 1.709e-22 1.02859 1.31448
2.54329e-21 1.44019 1.59373 2.59695e-18 1.12573 1.73522 -5.879e-20 0.893433 1.75127 2.14695e-20
0.862497 1.93639 -3.02802e-18 0.250106 1.49946 -1.68566e-21 1.25092 1.64073 2.66296e-21 1.06091
-1.25157 8.68196e-21 1.50079 1.67192 4.86033e-22 1.01174 -0.251378 1.16937e-19 1.93853 1.67168
-4.18382e-22 1.0141 0.249216 -1.92855e-20 1.93958 1.25191 -4.01544e-22 1.50312 1.67144 6.09269e-22
1.01638 1.71158 -7.8791e-19 0.947417 1.73327 -5.91238e-19 0.908586 -0.875377 1.81905e-21 1.75035
-0.562796 -7.70436e-19 1.87542 1.65607 6.66816e-19 1.04492 1.87554 -5.79702e-18 0.562938 1.78139
6.26555e-21 0.813909 1.6252 -5.40842e-19 1.09378 1.7028 4.64268e-20 0.968691 1.8124 -2.94239e-21
0.744312 1.75147 3.59328e-20 0.878194 1.67151 -1.55335e-22 1.02295 0.562758 6.41442e-18 1.87728
0.875555 8.59189e-21 1.75394 1.70184 -7.70526e-20 0.973068 1.87558 1.01769e-20 0.570592 1.8123
-2.05676e-21 0.750613 1.72209 1.09691e-19 0.93933 1.70081 1.70174e-19 0.977907 -0.750362 -3.95426e-18
1.81284 1.73006 -2.75845e-19 0.925758 1.9375 5.38256e-21 0.312563 -1.00125 4.75918e-18 1.68845
1.56232 3.75207e-21 1.18854 -1.49432 4.41869e-22 1.27298 1.67158 -1.04801e-21 1.02988 0.750808
1.76485e-20 1.81431 -0.313925 -1.81811e-20 1.93836 1.72745 1.93814e-20 0.934157 0.311716 -2.27696e-20
1.93964 1.00081 -4.2922e-18 1.69147 1.75115 -8.46235e-19 0.893625 1.18945 -1.99361e-21 1.56603
1.65621 -5.62371e-21 1.0612 1.68769 -3.06169e-24 1.01333 -1.50165 -2.73141e-17 1.2733 1.70779
6.81724e-20 0.979664 1.68762 1.55239e-22 1.01404 1.68729 7.26429e-23 1.0179 1.71624 2.07785e-19
0.968395 1.74974 3.53332e-20 0.908707 1.68731 -2.98274e-22 1.01997 1.67174 -1.22938e-21 1.04571
1.78167 2.97339e-20 0.845544 1.76659 2.09174e-18 0.877561 1.81244 3.57045e-21 0.782162 1.93813
7.38552e-21 0.375089 1.69132 -8.60586e-23 1.01812 -0.376343 -3.27617e-18 1.93841 0.374391 -2.05736e-19
1.93975 1.7309 -2.24033e-19 0.952555 -0.625309 -1.51493e-21 1.87539 1.62524 1.40336e-20 1.12559
1.87582 -2.29103e-20 0.625408 1.74854 2.21212e-19 0.923663 1.68742 -1.30657e-21 1.03115 -1.1264
-2.55542e-21 1.62588 0.625684 -9.38417e-22 1.87713 1.71794 1.48855e-19 0.982206 1.76631 -9.47709e-21
0.893065 1.67186 -1.88088e-18 1.06158 1.12671 2.76898e-21 1.62885 1.25198 1.09627e-21 1.53654
1.70341 -6.47564e-22 1.01455 1.74758 -7.06897e-21 0.938945 1.70315 5.10139e-22 1.01879 1.65642
-5.87501e-21 1.09363 1.76549 1.1928e-18 0.908323 -0.93789 -6.3876e-18 1.75034 1.68757 7.19676e-19
1.04668 1.78181 4.35476e-20 0.876988 -0.812863 -8.89193e-22 1.81284 -0.437866 2.60034e-23 1.93789
1.81257 4.65483e-21 0.813598 1.73469 -2.61205e-20 0.968943 1.93848 -8.45588e-21 0.437755 0.81317
-9.84199e-21 1.81428 0.437405 1.67165e-20 1.93987 0.938049 -7.83382e-18 1.75409 1.74723 1.3834e-18
0.953943 1.43856 2.46484e-18 1.37705 1.70328 1.041e-18 1.03201 1.76447 -1.46307e-20 0.92351
1.37715 -2.61355e-18 1.44021 1.78165 -2.00299e-20 0.892633 1.4995 7.84354e-18 1.31366 1.6877
9.39218e-21 1.06243 1.71887 2.48438e-21 1.01527 1.31462 3.63431e-21 1.50305 1.73655 -9.08696e-20
0.986309 1.73598 4.64504e-21 0.98767 -0.687836 1.07737e-21 1.87535 1.71874 -1.86373e-18 1.01863
1.87603 -4.78653e-19 0.687478 1.73672 -4.81879e-21 0.987896 1.06356 -8.34809e-21 1.69159 1.76375
1.19096e-18 0.939096 1.7811 -9.30751e-19 0.907945 0.688336 -1.8778e-18 1.877 1.99924 -7.64566e-21
0 1.99924 -7.64566e-21 0.0183062 1.70344 -1.25173e-21 1.04743 1.81269 -4.59292e-18 0.845015
-2 7.18197e-24 0 1.74972 2.27781e-20 0.969855 1.99923 -5.16794e-19 0.0752478 -2
7.18197e-24 0.075 -0.50031 -2.04798e-21 1.93792 1.56223 -9.26699e-22 1.25124 -0.000871215 6.80077e-21
2.0018 1.93852 -6.31357e-18 0.50049 -0.0635005 -8.67046e-18 2.00164 1.6565 -5.55097e-21 1.12544
0.0617224 -2.37054e-20 2.00193 0.500089 2.8783e-20 1.93988 1.99925 5.23517e-21 0.133622 1.25203
-4.65714e-22 1.56597 1.7191 -1.72337e-21 1.03221 1.7638 7.74699e-20 0.954425 -0.126048 1.12759e-21
2.00153 1.78039 7.60253e-19 0.923343 0.124238 5.01969e-21 2.00202 0.853735 -1.12164e-20 1.8158
1.70355 1.91611e-21 1.06297 1.73291 5.09755e-22 1.01563 1.99965 8.12003e-21 0.193466 1.75099
5.31795e-21 0.986117 1.73405 -1.29e-22 1.01566 1.751 -1.09782e-18 0.986213 1.73309 7.25774e-22
1.01742 1.75167 -3.18768e-22 0.986217 -0.188572 -1.19059e-20 2.00144 0.186723 -3.21913e-18 2.00207
1.73544 -5.05254e-22 1.0171 -1.18448 -2.54757e-21 1.62582 1.68791 8.54689e-21 1.09428 1.74244
-6.80363e-21 1.00567 1.77998 3.27958e-20 0.938864 -0.875366 6.68294e-23 1.81284 1.71932 -4.97757e-21
1.04771 1.81269 -4.56338e-20 0.876315 1.62523 -7.02855e-21 1.18877 1.76487 -1.39045e-20 0.970173
1.26839 -3.52408e-22 1.56594 1.84379 -1.87487e-18 0.813386 0.875648 3.4675e-19 1.81662 2.00069
-1.16345e-20 0.2534 1.18954 -6.44424e-18 1.62881 -0.251177 1.57998e-20 2.00127 -1.00119 -1.22044e-22
1.75095 1.87493 9.00863e-21 0.744735 0.249205 4.50807e-20 2.00211 -0.562789 -1.97462e-21 1.93792
1.93851 -1.28339e-21 0.563152 1.73485 -9.45353e-19 1.0322 1.74452 -2.21773e-21 1.01585 1.87482
-2.22233e-21 0.750397 1.00085 -8.80087e-21 1.75417 1.77994 1.50468e-20 0.954427 1.93852 -2.82999e-21
0.567065 0.562742 3.59724e-20 1.93982 -0.750351 -4.85311e-22 1.87533 0.750829 4.60616e-21 1.87694
1.71948 -5.68734e-19 1.06323 1.7652 -3.16084e-22 0.986307 -2 7.3661e-24 0.313677 2.00023
-9.73485e-18 0.313012 -0.313838 9.77969e-20 2.001 1.74766 2.84869e-22 1.02536 0.31171 4.73986e-21
2.00216 1.81239 2.44004e-20 0.907432 1.73521 5.76544e-21 1.04753 1.78047 4.47385e-21 0.970157
1.84383 -3.43531e-20 0.844703 1.7641 8.74537e-22 1.00084 1.76397 1.12371e-18 1.00265 1.68796
-3.16199e-18 1.12595 1.7652 -2.28899e-21 1.0026 1.76415 8.42324e-22 1.00486 1.75793 1.57462e-21
1.01748 1.75017 1.20307e-21 1.03297 1.12666 -2.37696e-18 1.69155 -1.75 -4.10063e-24 1.03475
1.7354 -7.81591e-19 1.06289 1.78066 1.0185e-18 0.986071 1.43895 5.20269e-21 1.43969 1.49975
-3.89457e-21 1.37639 2.00075 7.32298e-21 0.375257 -0.376381 -1.82985e-20 2.00086 -0.625286 -6.43743e-18
1.9379 0.374389 1.46287e-20 2.00226 1.93869 -5.72373e-22 0.625551 1.76527 -1.87236e-21 1.01836
0.625686 -3.40476e-18 1.93969 1.71984 1.20274e-21 1.09443 1.37725 -4.56487e-21 1.50306 1.75043
-6.55126e-21 1.04731 1.81199 -2.86919e-20 0.93855 -0.937872 8.18969e-22 1.81284 1.56218 3.06873e-21
1.31395 1.84381 -3.27596e-21 0.875961 1.79634 1.27266e-18 0.970066 1.78046 5.20335e-22 1.00201
1.87498 1.78064e-20 0.813155 -0.812856 -4.73871e-19 1.87533 1.31471 -2.46169e-21 1.56586 0.93809
-3.81982e-22 1.81676 0.813218 5.21898e-21 1.87693 1.76569 -1.10002e-18 1.03301 1.96766 7.5132e-23
0.563176 1.75062 1.08872e-20 1.0623 2.00112 -1.6229e-20 0.437781 -0.438765 -2.58029e-21 2.00096
1.79642 7.17168e-21 0.985833 0.437404 -1.81028e-18 2.00238 1.78094 4.61056e-19 1.01761 1.62511
8.4109e-21 1.25157 1.06355 -7.79193e-21 1.75427 -1.25147 -2.98837e-21 1.62575 1.76598 2.75458e-21
1.04778 1.2521 -1.36536e-21 1.62875 1.84369 -1.161e-20 0.907157 1.81211 -1.87399e-18 0.969901
1.71987 1.04791e-18 1.1257 -0.687802 -2.84391e-21 1.93788 1.87502 -1.11111e-20 0.844524 1.79646
2.24515e-19 1.00158 1.9388 -6.78168e-21 0.687543 0.688346 -4.94894e-21 1.93958 1.78129 4.39722e-21
1.03277 1.76615 -8.30075e-21 1.0629 2.06193 -9.56128e-21 0 -0.500352 2.21238e-21 2.00039
2.06193 1.64792e-19 0.0186528 1.81216 -7.05418e-21 0.985662 2.00137 4.38759e-21 0.500497 2.06193
5.71365e-22 0.0765379 0.500089 1.2479e-20 2.0024 1.75077 1.20922e-20 1.09297 -0.000786966 -5.18972e-21
2.06435 1.79669 9.68003e-21 1.01718 1.68823 1.75981e-20 1.18901 -0.0633706 -3.02321e-21 2.06423
0.0617523 1.54847e-20 2.06444 2.06192 4.58958e-18 0.135344 1.78157 -4.00421e-19 1.04785 -0.125981
1.52713e-18 2.0641 1.18956 -8.68093e-22 1.69156 0.124238 6.64032e-18 2.06452 1.84356 8.36006e-19
0.938348 1.87501 -1.76758e-20 0.875751 -0.875359 -5.41482e-21 1.87533 1.81228 6.52272e-22 1.00129
-1.00038 1.68152e-21 1.81284 2.06195 -4.6188e-21 0.195538 1.79688 1.77201e-20 1.03263 -0.188524
2.49657e-20 2.06398 0.186716 3.90598e-21 2.06458 0.875196 7.77451e-21 1.87922 0.8758 -1.83594e-22
1.87924 0.875797 9.05648e-22 1.88016 1.00088 -1.71388e-20 1.81681 1.78173 1.94601e-18 1.063
2.00134 -3.31134e-21 0.549566 -2 -8.07226e-18 0.554461 1.93746 -2.58857e-20 0.74524 1.93734
-1.57937e-21 0.750258 -0.75033 -1.29437e-21 1.93785 -0.562799 1.00476e-18 2.00041 1.81241 1.21465e-18
1.01693 2.06237 -1.50237e-21 0.256242 1.49985 -3.45678e-18 1.43908 2.00133 -4.35117e-21 0.563203
-0.251041 6.82262e-21 2.0639 0.249198 5.93013e-18 2.06462 0.750851 -6.66409e-18 1.93953 0.562742
5.13884e-20 2.00235 1.43903 1.22066e-18 1.50244 1.75073 -3.39118e-22 1.12405 -1.12625 1.99823e-17
1.75091 1.56219 -5.97121e-20 1.37663 1.87497 -4.9498e-18 0.907012 1.84361 -7.70755e-21 0.969627
1.31469 1.68308e-21 1.61716 1.12647 2.52232e-21 1.75425 1.3773 -2.69364e-18 1.56586 1.8126
2.13372e-21 1.03232 -0.31365 -2.30028e-20 2.06374 0.311707 -1.16239e-21 2.06467 2.06411 2.24937e-20
0.317811 1.62502 7.242e-21 1.31426 1.78191 -1.33732e-21 1.09361 1.31469 -2.12852e-22 1.62868
-0.625282 -2.75261e-21 2.00041 1.87494 -4.90649e-18 0.938199 -0.937864 -2.22364e-18 1.87534 2.00148
-1.21182e-20 0.625534 2.0633 2.68183e-18 0.375822 -0.376313 1.28227e-21 2.06349 0.62569 -1.19003e-20
2.00223 1.84374 -2.41952e-18 1.00089 0.374389 6.65509e-18 2.06476 -1.2514 -3.8726e-22 1.6848
1.32419 -1.42681e-21 1.62866 0.93815 4.93338e-18 1.87938 1.93745 3.0244e-21 0.812901 -0.812848
1.88862e-21 1.93783 1.81291 -1.15808e-21 1.06303 1.68809 -1.54033e-18 1.25181 0.813298 -3.63733e-20
1.93951 1.25216 4.65706e-18 1.69146 1.06351 3.41684e-20 1.8169 1.78193 8.12367e-21 1.12459
-0.438854 -8.12512e-21 2.06336 2.06375 -7.46635e-21 0.437948 0.437406 -2.61933e-20 2.06488 1.87497
4.21765e-21 0.969475 1.84393 2.1329e-21 1.03199 1.75051 -7.88903e-21 1.18662 -0.687782 -2.86542e-21
2.0004 2.0015 -3.59747e-20 0.687541 0.688353 -5.02993e-18 2.00214 1.81304 -1.19959e-18 1.09386
1.18949 2.84417e-18 1.7542 1.49994 -9.46453e-22 1.50174 -1.48342 -1.53661e-22 1.5185 -0.501222
4.71385e-18 2.06343 2.06377 -1.20527e-20 0.500412 1.56222 -2.43717e-21 1.43928 2.12459 -4.78899e-21
0 0.500093 1.41091e-18 2.0649 2.12459 -4.78899e-21 0.0187338 1.87508 9.8599e-21 1.00066
-1.00037 7.71386e-22 1.87533 2.12459 3.46598e-18 0.0773117 1.9375 6.83039e-21 0.875465 -0.875355
-3.87014e-18 1.93783 -0.000735834 1.24062e-20 2.12688 1.43951 -2.64757e-21 1.56607 -0.063277 -1.27233e-20
2.12679 0.0617632 5.57369e-18 2.12695 0.875589 3.2887e-22 1.93955 1.8441 3.616e-22 1.06295
2.12458 -3.22123e-21 0.136732 1.00091 -1.39044e-20 1.87942 1.62496 9.50718e-21 1.3769 -0.125856
-1.76895e-20 2.12667 0.12424 2.36923e-20 2.12702 2.06377 -9.28994e-21 0.531705 1.37737 7.26947e-21
1.62857 1.81305 -1.34422e-18 1.12486 2.12457 4.79604e-18 0.197158 1.99997 3.19225e-21 0.746312
-0.188478 7.66801e-18 2.12653 0.186711 -3.00106e-18 2.12709 1.99987 -3.82381e-21 0.750169 -0.750299
-2.19871e-21 2.00038 1.12627 9.34005e-21 1.81694 0.750863 3.01142e-20 2.00209 -0.562843 -5.63016e-22
2.06288 2.06378 -1.605e-21 0.563083 1.68795 6.81431e-21 1.31447 0.562745 -2.68137e-20 2.06487
2.12461 1.51961e-22 0.258057 1.8752 2.73771e-18 1.03183 -1.50732 -2.55769e-22 1.52032 -0.251006
-1.76953e-21 2.12644 0.249196 -1.86281e-20 2.12713 1.31471 -5.56795e-21 1.6914 0.90847 5.8117e-21
1.9408 1.8442 3.08852e-21 1.09395 2.1251 -2.70464e-18 0.319739 -0.313516 9.03473e-22 2.12636
0.311706 6.97043e-19 2.12718 1.75032 -4.58694e-21 1.24928 -1.25131 -2.06146e-18 1.75088 1.93753
-4.95817e-21 0.93795 -0.937856 -2.18635e-21 1.93783 -2 -2.56632e-17 0.797487 1.2522 -1.7956e-21
1.75412 1.87531 -1.13346e-19 1.06288 -0.625293 1.56175e-18 2.0629 2.06394 2.3286e-19 0.625342
0.9383 -1.26486e-20 1.94194 0.625698 -1.02938e-20 2.06475 1.99994 -1.89421e-18 0.812751 -0.81283
5.94032e-18 2.00035 -0.376122 2.74389e-21 2.12621 1.06351 -2.4447e-18 1.87949 0.37439 2.29599e-21
2.12727 1.84422 -5.33229e-19 1.12503 2.12703 8.14904e-21 0.381167 0.813339 -3.95581e-20 2.00207
1.81293 -8.9938e-21 1.18711 1.56231 -2.48101e-21 1.50192 1.50018 2.63232e-19 1.56436 -1.75013
-6.62387e-22 1.28188 2.12586 -1.49123e-18 0.438301 -0.438794 -1.85216e-18 2.12596 1.62494 -3.28162e-18
1.4395 1.87538 -5.58698e-21 1.09396 1.18939 -3.84332e-21 1.81682 0.437412 6.76216e-18 2.12738
1.3646 7.57323e-22 1.69129 1.43988 3.74097e-18 1.62859 -0.687779 1.89943e-21 2.0629 2.06402
-4.93935e-21 0.687475 0.688358 2.81201e-21 2.06467 1.68786 -1.93953e-18 1.37707 1.93761 2.23211e-18
1.0004 -1.00036 4.83083e-18 1.93783 1.37736 -9.83712e-22 1.69126 2 1.63801e-21 0.875291
-0.875346 -2.29751e-21 2.00033 2.126 -3.30429e-21 0.500393 -0.501309 4.55709e-21 2.12583 1.00094
-1.05138e-18 1.94198 0.875713 -9.23016e-21 2.00209 0.500096 2.9317e-20 2.1274 1.87538 -3.36696e-18
1.12506 2.1872 3.35864e-21 0 2.1872 -6.771e-18 0.018748 1.75018 2.24771e-21 1.31192
-1.12615 -4.63784e-21 1.87592 2.18721 9.03475e-23 0.0779073 -0.000718236 -5.36353e-19 2.1894 -0.0632197
-1.25531e-20 2.18932 0.0617642 1.1253e-20 2.18945 1.12619 -7.81279e-21 1.87953 2.1872 2.54931e-18
0.137769 1.31473 1.52654e-21 1.75406 2.12605 -1.41784e-21 0.534454 -0.125776 5.27052e-21 2.18921
0.124241 4.81355e-18 2.18951 2.06248 -4.34675e-20 0.746846 1.37735 1.53685e-21 1.70767 2.06239
2.56233e-18 0.750111 -0.750281 2.46526e-19 2.0629 2.1872 1.10615e-21 0.19838 0.75087 -2.83496e-21
2.06464 -0.188406 1.71951e-20 2.18907 0.186717 3.45976e-20 2.18957 2.12609 9.30874e-18 0.562833
-0.563692 -5.07074e-18 2.1259 0.562752 9.46201e-19 2.12738 1.8128 9.33432e-21 1.24958 2.1872
-5.18625e-18 0.259394 0.916385 -9.04978e-21 2.00365 -0.250973 -2.84412e-18 2.18896 0.249196 -1.996e-20
2.18963 1.25222 7.14897e-21 1.81673 2.00004 -1.57754e-20 0.937786 -0.937849 -1.10679e-21 2.00032
1.93771 -5.1363e-21 1.06275 2.18725 -1.20602e-21 0.320346 1.56243 1.11349e-21 1.56452 -0.31348
-1.28511e-20 2.18889 0.311707 2.72935e-20 2.18967 1.62496 1.02426e-21 1.50209 0.93837 -2.4072e-21
2.00449 1.06352 -1.42188e-21 1.94204 1.50137 -4.97363e-22 1.62803 -0.625338 3.61966e-21 2.12537
2.12612 -2.36644e-20 0.624964 2.06245 4.14907e-21 0.812658 -0.812797 -7.52896e-22 2.06288 0.625721
-5.32204e-20 2.12726 1.6878 4.11631e-21 1.43963 0.813353 1.2288e-20 2.06462 1.87532 1.12023e-20
1.18735 2.18766 3.82391e-18 0.381214 -0.376004 -2.88081e-18 2.18882 1.43995 -5.60676e-21 1.69122
0.374392 8.72991e-18 2.18977 1.18924 4.59518e-19 1.87942 1.51683 4.80548e-22 1.62779 1.75009
3.84462e-21 1.37455 1.3773 1.01946e-21 1.75398 -0.438644 1.91407e-20 2.18865 0.437412 1.83336e-20
2.18988 1.56256 3.11659e-23 1.59545 2.189 3.33191e-21 0.442003 -0.687792 -2.37725e-18 2.1254
2.12617 4.65548e-20 0.687315 0.688366 -1.86259e-20 2.12719 2.00009 -8.53536e-21 1.00025 -1.00035
-8.7864e-22 2.00033 1.81269 -2.10683e-21 1.31212 2.06249 2.25593e-21 0.875182 1.00096 -1.04715e-20
2.00453 1.93775 5.36976e-18 1.12508 -0.875324 7.208e-18 2.06284 1.31475 1.41688e-21 1.81667
0.87575 1.27014e-20 2.06464 2.18816 1.88144e-18 0.500581 1.12617 3.86767e-18 1.94208 -0.501272
-9.42631e-22 2.18842 0.500096 3.44307e-20 2.18989 1.40747 -3.98369e-22 1.75393 2.24979 -4.7476e-22
0 2.24979 -4.7476e-22 0.0187498 2.24979 4.61206e-18 0.0783664 -0.00071262 -1.07702e-21 2.25189
2.12498 1.86597e-20 0.746803 -0.0631897 -7.01789e-18 2.25182 0.0617624 -6.51786e-21 2.25195 2.12492
1.62348e-21 0.750072 1.87524 -7.79846e-21 1.24977 2.18821 -3.81435e-21 0.539829 -0.750277 -3.06204e-21
2.1254 2.24979 -1.40087e-22 0.138557 -1.2512 2.88184e-22 1.8759 -0.125699 1.19112e-20 2.25174
-2 -1.39669e-23 1.04231 0.124242 2.01288e-21 2.25201 0.750874 1.60457e-20 2.12716 1.62498
1.04162e-21 1.56466 1.56269 2.16803e-21 1.62709 1.2522 4.16359e-21 1.87931 2.24979 2.97045e-21
0.199323 2.18823 -6.38522e-21 0.56272 1.68778 -1.51059e-18 1.50218 -0.188285 -3.47616e-20 2.25163
-0.563785 -2.17953e-21 2.18831 0.186721 1.12332e-18 2.25206 0.562753 2.48499e-20 2.18988 0.919668
-9.58273e-21 2.06631 1.50208 3.72603e-22 1.69143 1.75004 -4.98216e-18 1.43715 2.24979 1.14549e-21
0.259779 2.00014 -1.40181e-18 1.06266 -0.250888 -4.40776e-21 2.25152 2.06253 1.04281e-21 0.93768
0.249202 -1.14153e-21 2.25211 -0.93784 1.20966e-21 2.06283 1.06354 -2.19307e-20 2.00457 1.43991
-8.95754e-22 1.75388 0.938379 7.32823e-21 2.06702 2.2498 -4.01622e-18 0.320351 1.93772 8.9282e-22
1.18745 -0.313448 -4.68063e-18 2.25142 0.311712 -1.64603e-23 2.25217 1.58867 4.26841e-22 1.62714
1.81261 4.95547e-21 1.37468 2.12496 -1.87368e-21 0.8126 -0.812777 7.87631e-18 2.12539 2.18824
-4.39589e-18 0.624896 -0.626172 6.61629e-18 2.18839 1.18913 1.36287e-21 1.94198 0.813358 1.39439e-18
2.12715 0.625725 -6.50047e-18 2.18976 1.37725 -4.13977e-18 1.81662 2.24984 -6.32466e-23 0.380995
1.53355 -6.43711e-22 1.69051 -0.37596 -3.58971e-21 2.25137 0.374403 1.19321e-20 2.25227 1.87516
2.35472e-18 1.31226 2.06256 8.03212e-21 1.00015 -1.00035 -1.50806e-18 2.06282 2.25014 -4.4207e-21
0.442014 -0.687834 -4.26011e-22 2.18787 1.31478 8.28708e-18 1.87924 -0.438502 1.08105e-20 2.25129
2.18832 -1.02351e-20 0.687343 0.437414 -2.89622e-18 2.25237 2.00016 -4.72208e-21 1.12507 -1.12537
1.29598e-18 2.00032 0.688367 -1.3291e-20 2.18969 1.43985 -2.16123e-21 1.78912 1.00095 4.77421e-18
2.06706 2.12499 2.16897e-21 0.875114 -0.875292 1.61313e-21 2.12537 1.12616 1.37698e-20 2.0046
1.62502 7.0723e-22 1.62722 0.875764 -4.14004e-21 2.12717 1.68776 1.06986e-21 1.56472 1.56274
-2.5536e-22 1.68965 1.75001 -1.38742e-21 1.49974 1.93768 5.02034e-18 1.24988 -0.501127 -7.35037e-21
2.25113 2.25087 -1.57125e-21 0.502612 -1.50107 3.55251e-22 1.7512 0.500095 1.10552e-20 2.25239
1.50211 -3.93256e-22 1.75404 1.25214 -4.73857e-18 1.94184 2.18748 5.96144e-21 0.746695 2.31236
-1.58657e-21 0 2.31236 1.77285e-19 0.01875 2.18744 2.74587e-21 0.750047 -0.750287 -4.42143e-22
2.18789 1.81256 -1.42812e-21 1.43724 2.31236 -4.06152e-21 0.0787249 2.2505 -1.19961e-22 0.539733
-0.000708036 -1.2804e-20 2.31438 0.750876 1.74615e-18 2.18967 -0.063184 -2.20994e-20 2.31431 0.0617681
1.57883e-20 2.31444 2.19113 -3.01981e-20 0.750038 0.938422 -4.72696e-22 2.11782 2.31236 -1.91077e-18
0.139169 -0.125674 -2.44897e-18 2.31424 0.124243 5.14849e-18 2.3145 1.4398 -1.24261e-21 1.81655
2.25028 4.47967e-22 0.562745 2.06259 1.23456e-21 1.06261 -0.563739 3.86992e-18 2.2509 2.31236
-3.72034e-22 0.199545 0.562752 -3.62653e-20 2.25239 -0.188212 8.2692e-21 2.31417 0.186724 2.46481e-20
2.31455 2.12502 -6.81067e-18 0.937613 -0.937815 -1.80363e-18 2.12535 -1.7514 3.73762e-18 1.52847
1.06354 2.59165e-20 2.06709 1.8751 -3.53193e-22 1.37478 1.59823 -2.01445e-21 1.68971 2.00015
4.58923e-21 1.18749 2.31236 -1.81832e-21 0.260012 0.938432 -1.72345e-21 2.12949 -0.250776 3.7655e-21
2.31408 0.249211 -8.95627e-18 2.3146 1.37727 5.53765e-21 1.8792 0.945831 -1.03868e-21 2.1295
1.18907 1.95593e-20 2.00452 1.53606 2.38709e-21 1.75301 2.18747 4.48268e-22 0.812563 -0.812774
9.37058e-22 2.18789 2.31237 7.9166e-22 0.320522 -0.313363 2.00607e-20 2.31399 2.25034 2.93177e-20
0.624986 0.311744 -9.42508e-22 2.31467 0.813368 -4.33043e-20 2.18966 -0.626253 -3.57193e-21 2.25079
0.625714 -6.68985e-21 2.25227 1.47329 -1.52165e-21 1.81658 1.93763 4.49652e-21 1.31236 2.31237
-3.59101e-18 0.381244 -0.375909 1.09867e-20 2.31392 1.62503 5.63473e-22 1.68976 1.68776 2.24568e-21
1.62725 0.374446 1.05198e-18 2.31477 1.31479 -1.49173e-21 1.94179 1.74999 6.43317e-22 1.5623
1.56278 2.21137e-21 1.7522 2.12504 4.79824e-21 1.0001 -1.00033 1.7391e-18 2.12534 2.0626
1.25841e-18 1.12505 1.81253 -1.64336e-21 1.4998 1.00093 -1.07379e-20 2.12958 2.2505 3.44855e-18
0.687429 -0.688653 8.91279e-21 2.25087 1.12615 9.1206e-21 2.06712 2.3124 -3.7414e-22 0.441659
-0.438434 9.71405e-22 2.31384 0.688353 1.3967e-19 2.25221 2.28739 8.17574e-22 0.562597 0.437428
2.81545e-21 2.31487 2.18749 2.9412e-18 0.875071 -0.875274 2.58268e-18 2.18789 1.50215 -5.01392e-19
1.8166 0.875827 -3.56929e-20 2.18967 2.00012 -9.5833e-22 1.24994 -1.25111 -8.11319e-21 2.0009
1.87506 -1.02086e-18 1.43732 1.25203 -4.64533e-21 2.0044 2.31239 -1.05786e-23 0.502073 2.31254
4.32478e-24 0.501716 2.31254 -2.20664e-25 0.502072 2.31254 5.70845e-24 0.502434 2.31336 2.32682e-24
0.502081 1.4398 -4.07674e-18 1.87913 -0.500979 -4.16077e-18 2.31376 0.500095 -3.8495e-18 2.31488
-0.75033 -3.57341e-21 2.25036 2.25081 1.68165e-20 0.749888 1.59984 5.34929e-23 1.75225 0.750863
3.22577e-20 2.25219 2.3749 -1.23771e-21 0 2.3749 -1.23771e-21 0.01875 1.93759 -2.8549e-18
1.37486 2.12506 -1.78158e-19 1.06257 2.3749 -3.82264e-18 0.0790095 -0.000704967 1.05474e-20 2.37687
-0.0631824 -4.55921e-18 2.37681 0.0617733 5.85002e-18 2.37692 2.37491 -6.68605e-22 0.13937 -2
1.66817e-17 1.28873 1.53865 5.73097e-22 1.81547 2.31241 -7.82821e-22 0.562498 2.18751 2.4987e-21
0.93757 2.0626 -6.0298e-21 1.1875 -0.125664 -3.6245e-20 2.37675 0.124251 -9.20609e-21 2.37698
-0.937781 -3.39536e-21 2.18788 1.06352 -1.01062e-18 2.12961 1.37728 2.74608e-18 1.94175 -0.56359
-1.06436e-20 2.3136 0.938153 -1.46031e-20 2.18972 0.56273 7.55219e-20 2.31489 2.37491 -5.72188e-19
0.199819 -0.188165 -2.07528e-20 2.37669 0.18673 4.4285e-18 2.37704 1.18896 2.33268e-21 2.06705
1.74999 4.34657e-22 1.62485 1.68776 -1.60163e-21 1.68977 2.37491 1.43454e-22 0.260322 -0.250694
-1.94692e-20 2.37663 1.62505 -5.85488e-22 1.75229 0.249231 -2.44918e-21 2.3771 2.30762 1.82756e-20
0.625003 2.25001 -4.37396e-20 0.809848 2.24997 2.00895e-21 0.812539 2.00009 2.10034e-18 1.31242
-0.812786 7.74985e-18 2.25039 1.81251 5.48793e-23 1.56235 0.81336 2.03117e-20 2.25218 2.32763
4.1215e-21 0.562953 1.56294 8.65122e-22 1.81471 2.31243 3.3107e-18 0.625004 2.31246 -2.34549e-21
0.628581 2.37491 3.70856e-18 0.320972 -0.626204 -1.08727e-18 2.31339 1.31477 -4.33001e-19 2.00434
-0.313234 5.0563e-18 2.37657 0.311814 -3.87871e-18 2.37718 2.31472 1.97321e-20 0.625061 0.625609
2.10928e-20 2.3148 1.49134 -9.11244e-22 1.87906 1.87503 1.2923e-22 1.49986 2.12506 -5.07319e-21
1.12504 -1.12534 -2.2873e-21 2.12532 0.990012 -1.8649e-21 2.19166 2.18752 4.05487e-18 1.00006
2.37492 -3.85215e-22 0.381468 -1.00028 -7.9602e-22 2.18787 1.50236 -1.10823e-21 1.87904 -0.375762
-6.27935e-21 2.3765 0.374489 -1.62535e-20 2.37727 1.12608 4.11298e-20 2.12964 1.00104 4.14229e-22
2.19207 2.06258 -6.00953e-22 1.24997 1.93755 -1.22723e-21 1.43738 2.31283 1.44665e-20 0.687494
-0.688734 -1.42538e-20 2.31328 2.24999 -7.52686e-22 0.875044 1.50234 4.50305e-22 1.89004 1.5927
4.30516e-22 1.81476 -0.875273 -1.47201e-21 2.25039 0.68822 3.39234e-20 2.31476 2.37492 -1.97275e-18
0.442036 0.875847 5.92761e-20 2.25217 -0.438351 -2.64382e-18 2.37641 1.25188 -4.66247e-21 2.06696
1.43977 6.33725e-21 1.9417 0.437443 5.37794e-18 2.37736 1.56377 -1.50173e-21 1.85527 2.00007
1.05139e-21 1.37491 2.37495 2.78716e-22 0.502814 -0.500905 1.53206e-21 2.37632 2.37496 -6.96601e-22
0.510644 0.500085 -5.94615e-20 2.37738 1.74999 -5.74564e-18 1.68739 2.31309 -1.34043e-20 0.749947
1.37729 -2.68021e-21 2.00428 2.18753 1.84471e-21 1.06254 -0.751141 4.53476e-18 2.31337 1.68776
3.46297e-21 1.75229 0.750731 3.87619e-20 2.31474 1.8125 -9.33922e-19 1.62489 2.12506 1.96485e-18
1.18751 1.62509 5.93549e-23 1.81481 1.06353 -1.59678e-20 2.19211 2.43744 -6.66402e-22 0
2.43744 -1.04477e-18 0.01875 2.25 1.14623e-22 0.937543 -0.937769 1.02222e-21 2.25039 2.43744
6.61989e-22 0.0791226 1.18879 1.01874e-18 2.12963 -0.000703011 2.83348e-18 2.43936 0.938262 -1.24085e-18
2.2522 -0.0631825 -1.89646e-20 2.43931 0.0617772 1.79862e-21 2.43941 1.87502 1.38614e-19 1.56239
2.37507 6.30889e-18 0.564371 2.43744 -3.93729e-18 0.139584 -0.563436 1.08991e-18 2.37623 -0.125664
-4.23261e-19 2.43926 0.124257 -2.01124e-18 2.43947 0.562625 1.64814e-18 2.3774 1.00108 -7.18017e-22
2.22869 2.06257 -1.87016e-21 1.31245 1.56427 5.10572e-22 1.87931 2.43744 3.54537e-22 0.200113
-0.188149 -6.03439e-21 2.43921 0.186738 3.3364e-21 2.43952 1.31472 2.87244e-21 2.06685 1.93753
2.51987e-18 1.4999 2.3125 3.93464e-22 0.810291 2.31248 3.79504e-22 0.812524 2.43744 -5.70254e-18
0.260759 -0.812827 1.7495e-21 2.31286 -0.250651 -3.33426e-18 2.43916 0.249241 -2.15398e-21 2.43958
0.813245 -1.54619e-20 2.31473 1.50226 -1.94677e-18 1.94166 2.37556 3.98674e-20 0.626563 -0.626023
-1.79861e-21 2.37611 0.625229 -6.91359e-20 2.37738 2.43744 2.11428e-22 0.321352 1.5643 1.1084e-22
1.89741 -0.313158 -1.74752e-21 2.4391 0.311838 -4.48728e-20 2.43967 2.18754 -2.62277e-18 1.12503
2.25001 -1.43036e-21 1.00004 -1.00027 -1.12224e-21 2.25038 2.00004 5.01918e-23 1.43742 1.12606
4.45806e-18 2.19214 2.12506 -3.26445e-24 1.24999 -1.25036 7.36531e-18 2.12532 1.00111 -2.11977e-22
2.25455 2.43745 -1.46333e-19 0.382037 1.43977 2.30218e-21 2.00424 -0.375639 1.03739e-18 2.43906
0.3745 -6.31492e-18 2.43976 1.00827 -3.83931e-22 2.25456 1.25174 3.20827e-21 2.1295 2.31249
3.61828e-18 0.875027 2.37529 4.92098e-18 0.68764 -0.875282 8.00778e-18 2.31289 -0.688673 5.98781e-19
2.37589 1.74999 -4.91797e-23 1.74992 0.87576 -3.38513e-18 2.31471 0.687752 3.74933e-18 2.37736
1.8125 -5.56438e-23 1.68742 2.43745 -9.61067e-22 0.442894 -0.438199 -1.68149e-21 2.43899 1.68776
1.29731e-22 1.8148 0.437444 -2.06657e-20 2.43985 2.06255 -5.34446e-18 1.37495 1.87501 1.73235e-22
1.62492 1.62524 -7.0605e-22 1.87732 1.37729 -8.53257e-21 2.0668 2.25002 -8.81048e-19 1.06253
1.93752 1.12125e-21 1.56242 2.43746 -7.62652e-20 0.504095 2.18754 6.37829e-22 1.18751 -0.500825
-3.55179e-21 2.43888 0.500083 3.95138e-20 2.43987 2.37546 -2.64148e-20 0.750008 -0.751216 7.45489e-21
2.37577 1.06354 2.13238e-20 2.2546 0.75027 1.41284e-20 2.37735 1.56438 1.3911e-21 1.9418
1.1887 -8.724e-21 2.19214 2.3125 3.62758e-22 0.937527 -1.75445 -6.55044e-21 1.77452 -0.937769
-1.96358e-21 2.31289 0.938275 -1.53741e-20 2.3147 2.12505 5.4498e-18 1.31247 2.43747 -1.70733e-22
0.551608 2.49996 -3.56099e-22 0 2.00003 -1.14412e-21 1.49993 -2.5 4.61344e-24 0
2.49996 -3.56099e-22 0.01875 2.49996 2.23707e-18 0.0792357 -1.50104 4.32108e-21 2.00101 -0.000700527
-6.16478e-21 2.50186 2.43748 -1.51859e-22 0.565526 1.31469 -8.59613e-21 2.12934 -2.5 -3.93107e-17
0.112929 -0.0631833 5.43188e-18 2.50181 0.0617804 -1.42046e-20 2.5019 -0.563385 -2.4295e-20 2.43879
2.49996 2.96008e-22 0.139796 0.562601 -5.68251e-20 2.43989 1.50222 -2.36963e-21 2.00421 -0.125666
5.10347e-18 2.50177 0.124267 1.27242e-20 2.50196 2.49996 4.62598e-22 0.200456 -0.18815 -1.06606e-20
2.50173 0.186744 6.24922e-19 2.50201 2.375 -7.85445e-21 0.810653 2.37499 2.8839e-18 0.812515
-0.813627 3.74013e-18 2.37585 0.81285 -5.60913e-20 2.37733 2.49996 -6.84767e-23 0.261121 1.59778
1.42001e-21 1.94072 2.06253 5.97902e-22 1.43745 -0.250633 2.45348e-20 2.50167 0.249259 -1.87149e-20
2.50207 2.25002 -3.67094e-22 1.12502 -1.12533 3.81076e-18 2.25033 2.43761 2.15844e-18 0.627319
-0.625906 -2.21138e-18 2.43872 0.625113 3.65445e-18 2.43988 1.43978 -1.32446e-23 2.06676 1.74999
-8.11248e-23 1.81245 1.81249 2.28072e-18 1.74994 2.31251 3.14773e-22 1.00002 2.18754 -6.86958e-19
1.24999 -1.00027 4.27729e-22 2.31288 1.12606 1.54298e-21 2.25463 2.49996 -1.74569e-18 0.321875
-2.00009 -1.39345e-22 1.53427 -0.313126 -5.45003e-18 2.50163 0.311855 1.75679e-20 2.50215 2.45728
-2.26696e-22 0.565839 1.875 4.58391e-22 1.68744 1.00117 -7.48516e-18 2.31704 1.25163 -1.48287e-18
2.19202 1.68778 1.09633e-18 1.87731 1.93751 3.56427e-18 1.62494 2.49997 2.07242e-22 0.382766
-0.375603 -5.44052e-21 2.50159 0.374513 -5.84661e-22 2.50224 1.62526 7.3418e-22 1.93983 2.37499
-3.34403e-23 0.875017 2.12503 -5.9037e-22 1.37497 -0.875323 5.73275e-21 2.37536 1.02214 -1.08882e-20
2.31706 0.875473 -6.9322e-21 2.3773 2.43802 3.46193e-20 0.688931 -0.68851 -6.30035e-21 2.4386
0.687615 5.61265e-21 2.43987 1.37729 2.41942e-21 2.12931 2.00002 -8.43846e-19 1.56244 2.49997
7.98713e-23 0.443874 -0.438113 -5.86445e-21 2.50153 0.437431 -5.86839e-19 2.50233 1.56435 2.17669e-18
2.00434 2.25002 1.85374e-21 1.18751 2.31251 -9.36681e-23 1.06252 1.18866 -1.55773e-20 2.25464
1.06355 1.08037e-20 2.3171 2.06252 1.88265e-21 1.49995 2.49997 2.38187e-22 0.505113 2.43779
1.50107e-20 0.750138 2.18753 -2.5152e-22 1.31249 -0.500693 1.15464e-21 2.50144 -0.751167 6.43769e-21
2.43838 0.500074 5.35567e-20 2.50236 0.750132 5.31791e-18 2.43986 2.375 2.28158e-18 0.937516
-0.937781 6.0849e-19 2.37538 1.50222 1.63545e-21 2.06674 0.938218 -3.71589e-18 2.37723 1.31465
-6.75e-22 2.19184 2.56247 3.06989e-23 0 2.56247 -2.0934e-18 0.01875 1.81249 -1.92468e-22
1.81246 2.49998 -4.63915e-18 0.566512 2.56247 3.04863e-22 0.0793432 -0.563335 1.2932e-18 2.50132
1.74999 4.14499e-23 1.87496 1.875 -1.47375e-22 1.74996 0.5626 3.02178e-20 2.50238 2.12503
-1.3449e-18 1.43747 2.56247 6.35747e-18 0.140023 -2.5 1.2437e-23 0.588246 2.4375 1.56818e-20
0.810481 1.9375 -2.17436e-22 1.68745 2.43749 -1.96226e-22 0.812509 2.49998 9.56678e-22 0.595115
2.56247 -1.95226e-22 0.200742 1.43978 8.64103e-18 2.12927 -0.813712 -7.29469e-21 2.43826 1.68779
-7.73847e-22 1.93981 1.61267 -1.1571e-21 2.00275 2.31251 -2.04404e-18 1.12501 0.812714 3.08064e-20
2.43985 2.25002 -2.25218e-21 1.25 -1.25034 1.61132e-21 2.25031 2.56248 2.38683e-22 0.261541
1.12605 1.47451e-20 2.31713 2.00001 2.0951e-22 1.62496 2.375 4.75058e-22 1.00001 -1.00028
1.14415e-21 2.37538 2.49999 3.31963e-22 0.62777 -0.625851 1.0852e-20 2.50126 1.25153 8.38073e-21
2.25454 1.62527 1.77271e-21 2.00234 0.6251 4.93684e-20 2.50238 1.00066 -1.5518e-21 2.37726
2.56248 -1.03207e-22 0.322453 2.18752 -4.17762e-18 1.37498 2.06251 1.97108e-22 1.56246 1.37729
9.38325e-18 2.19181 2.43749 4.82071e-20 0.87501 -0.876119 5.78108e-18 2.43835 2.56248 6.18129e-22
0.383523 0.875352 -4.11948e-18 2.43983 1.56441 -1.47358e-21 2.06685 1.03191 -2.35913e-21 2.37841
2.50009 -5.49837e-22 0.689062 -0.6884 -7.72923e-22 2.50119 0.687601 -6.90316e-20 2.50237 2.31252
6.55209e-22 1.18751 2.56248 2.97743e-22 0.444695 2.12502 2.90285e-22 1.49997 2.37501 -9.17162e-19
1.06251 1.18859 2.22904e-20 2.31715 2.25002 7.5128e-19 1.31249 1.50226 5.61464e-21 2.12924
1.06361 -2.35137e-18 2.37958 1.81249 -2.17786e-22 1.87497 1.875 -1.17666e-18 1.81247 2.49862
-1.7745e-20 0.750008 2.5 -3.29595e-22 0.746213 1.31455 2.8351e-18 2.25437 2.49999 -3.03209e-22
0.750005 1.74999 1.62889e-18 1.93747 1.9375 -2.81192e-22 1.74997 -0.751015 -8.19837e-21 2.50106
2.4375 3.33046e-23 0.93751 2.56248 -4.51904e-22 0.505975 -0.937825 -2.72845e-21 2.43785 0.750105
-7.09538e-21 2.50236 0.938157 1.44702e-20 2.43976 2 -2.71846e-22 1.68747 2.54056 -2.03279e-24
0.628197 2.18752 -2.0449e-22 1.43748 2.50868 -3.99944e-22 0.750204 1.68779 3.64236e-19 2.00231
1.43979 9.06641e-21 2.19179 2.56248 6.81143e-23 0.567188 1.61985 3.48498e-22 2.06501 2.62498
-1.41667e-22 0 2.62498 -1.41667e-22 0.01875 2.06251 1.26057e-18 1.62497 2.62498 -1.68831e-18
0.0794531 -0.00065877 -1.32266e-20 2.62688 1.6254 1.35265e-22 2.06482 2.37501 1.02286e-21 1.12501
-1.12532 -1.13143e-17 2.37532 2.49999 -2.06977e-18 0.812506 2.62498 2.47521e-22 0.140213 2.31251
4.18657e-22 1.25 -0.125664 -1.66349e-20 2.62678 -0.813687 -8.23982e-18 2.50081 0.124376 7.91952e-22
2.62699 0.81265 1.5121e-20 2.50236 1.12605 2.91302e-20 2.37962 2.62498 -4.02775e-18 0.201047
1.25128 -2.8971e-20 2.31713 2.50526 -1.29806e-21 0.812606 1.62555 -2.45049e-23 2.0733 2.4375
2.92688e-18 1.00001 -1.0003 2.68118e-23 2.43787 2.25002 1.41283e-21 1.37499 1.00073 -5.11291e-21
2.43973 2.12501 6.52398e-22 1.56247 2.62498 4.97641e-22 0.261976 2.56249 2.6894e-18 0.628428
-0.250636 -9.06125e-18 2.62669 0.249388 1.09547e-20 2.62708 1.37726 1.39875e-22 2.2543 1.56465
1.79807e-18 2.12926 2.62499 2.68648e-22 0.323029 2.56249 3.85228e-22 0.663239 2.5 2.73234e-22
0.875006 -0.876178 4.31243e-21 2.50078 0.875244 1.00026e-20 2.50234 1.875 2.60198e-22 1.87498
2.18751 -1.72868e-18 1.49998 2.62499 5.84076e-23 0.384171 1.8125 -2.25425e-23 1.93748 1.9375
-1.95171e-22 1.81248 -0.375601 4.06826e-21 2.62659 2.5625 7.68346e-23 0.689638 0.374525 5.36152e-18
2.6272 2.37501 1.65058e-18 1.1875 1.04454 -8.97372e-21 2.44136 1.50227 -3.65813e-18 2.19176
1.75 9.01388e-23 1.99998 2 4.88619e-23 1.74998 2.4375 7.64615e-23 1.06251 2.31251
-5.46353e-22 1.3125 1.18855 -1.49059e-20 2.37965 2.62499 4.20899e-18 0.445402 1.06366 -3.8464e-21
2.44206 1.31421 6.58209e-21 2.31699 2.0625 4.94675e-23 1.68748 1.68782 5.36628e-22 2.06481
2.5 -5.87269e-23 0.937506 2.25001 1.11643e-21 1.43749 2.5626 -1.41836e-22 0.751441 -0.938604
1.4474e-20 2.50085 0.937968 -2.14159e-18 2.5023 2.62499 -1.79276e-22 0.506613 -0.500592 8.81238e-21
2.6265 0.499951 1.26245e-20 2.62733 1.43979 1.25628e-20 2.25429 2.12501 1.47398e-22 1.62498
-1.75618 -1.58977e-20 2.02051 -2.00066 -4.26745e-21 1.78008 1.62657 4.58818e-22 2.12947 2.37501
2.59629e-22 1.25 -1.25033 -6.71953e-22 2.37531 2.43751 -2.78564e-18 1.125 2.62499 -5.7171e-18
0.567863 2.59724 1.43441e-23 0.690211 2.68749 9.24628e-23 0 2.68749 5.09854e-19 0.01875
2.18751 -2.41004e-23 1.56248 1.25111 -7.90127e-21 2.37966 2.68749 1.39021e-22 0.0795456 2.56307
1.09213e-21 0.813712 1.12605 -6.74426e-18 2.44211 2.31251 -8.64634e-18 1.37499 2.68749 9.23827e-23
0.140408 2.5 -2.47485e-22 1.00001 1.56471 5.07424e-22 2.19175 -1.00034 6.18883e-22 2.50033
1.00064 2.81625e-20 2.50226 2.68749 7.07721e-23 0.201353 1.37717 4.44394e-21 2.31682 1.875
1.75085e-18 1.93749 1.9375 -3.49255e-18 1.87498 1.8125 -3.31569e-24 1.99999 2 -2.60498e-18
1.81248 2.62499 -8.17181e-23 0.629135 -0.625656 -2.33092e-18 2.62639 2.68749 5.09309e-18 0.2624
0.625073 3.53936e-20 2.62739 1.66633 -1.3448e-21 2.12806 2.25001 -2.94599e-22 1.49999 1.75
-3.95408e-23 2.06249 2.0625 2.20775e-18 1.74998 -1.501 9.97054e-20 2.25087 2.56253 -5.96379e-23
0.871775 2.68749 1.44845e-22 0.323529 2.5625 2.93919e-22 0.875004 1.50227 -4.60433e-21 2.25427
2.43751 3.42824e-22 1.1875 2.125 2.4349e-19 1.68748 2.37501 2.51463e-18 1.3125 2.62499
2.84646e-23 0.690669 2.68749 1.3086e-18 0.384736 1.68795 -2.05384e-21 2.12729 1.05153 1.26041e-21
2.50412 1.18853 -1.06941e-20 2.44214 2.5 -4.7686e-21 1.0625 1.31391 -2.54154e-18 2.3796
-2.5 -5.09972e-17 1.07208 1.06363 -8.29271e-23 2.50457 2.31251 1.4856e-22 1.43749 2.68749
-3.32402e-23 0.445952 2.18751 4.6296e-23 1.62499 1.43978 3.84658e-21 2.3168 2.5625 6.81979e-24
0.937504 1.62681 -5.39306e-18 2.1919 2.62501 -5.18613e-23 0.749963 2.62501 3.92736e-24 0.752367
-0.750783 8.35738e-21 2.62625 0.750087 4.50909e-18 2.62737 2.62901 -1.05577e-23 0.752404 2.68749
1.47054e-18 0.507212 2.25001 -1.80418e-18 1.56249 2.43751 4.92464e-18 1.25 1.9375 9.19462e-23
1.93749 1.875 4.0627e-23 1.99999 2 1.76201e-23 1.87499 2.5 3.97843e-23 1.125
-1.12533 1.0098e-21 2.50031 1.25103 -8.89165e-18 2.44216 1.56472 1.34869e-19 2.25426 2.37501
4.81065e-23 1.375 1.8125 -1.53662e-23 2.06249 2.0625 -6.21097e-23 1.81249 1.126 6.98722e-21
2.50462 2.68749 -9.45859e-23 0.568507 2.6251 -1.32492e-18 0.813837 1.37705 8.25792e-23 2.37936
2.74999 1.14592e-23 0 2.74999 1.14592e-23 0.01875 2.5625 -3.09558e-22 1 2.74999
-2.75982e-23 0.0796379 -0.000556226 1.20311e-17 2.75191 1.75 4.61967e-23 2.12499 2.125 -2.97125e-23
1.74999 2.74999 -6.3923e-26 0.140599 -0.125641 1.0583e-20 2.7518 0.124439 1.58976e-17 2.752
2.31251 2.27105e-22 1.49999 2.62506 -5.83278e-23 0.841572 2.74999 4.24869e-18 0.201647 2.6875
-9.92862e-23 0.629969 1.50227 8.83857e-21 2.31677 2.74999 -5.1106e-23 0.262771 2.1875 1.80477e-22
1.68749 -0.250625 -9.9908e-22 2.7517 0.249477 1.26792e-20 2.75209 1.68622 -9.33231e-23 2.18984
1.68799 1.90659e-22 2.18978 2.625 -1.60876e-22 0.875002 2.5 -2.194e-22 1.1875 -0.87588
8.6703e-22 2.6261 2.43751 1.68627e-22 1.3125 2.74999 4.39017e-23 0.323968 0.875112 -1.83639e-17
2.62736 1.18848 -9.68079e-21 2.50464 1.31378 -1.32688e-20 2.44213 1.688 -4.10032e-22 2.2005
2.5625 3.43854e-23 1.0625 2.6875 -4.88443e-23 0.691519 2.25 5.36853e-23 1.62499 2.37501
5.72099e-20 1.4375 2.74999 -2.20677e-23 0.385189 -0.375603 -1.44421e-17 2.7516 0.374571 -2.32486e-20
2.75218 1.62686 -3.37073e-21 2.25439 1.43975 -6.86843e-18 2.37929 2.66182 -3.09613e-23 0.814133
1.9375 1.76809e-18 1.99999 2 1.74123e-23 1.93749 2.75 -2.95548e-18 0.446458 1.875
1.79965e-18 2.06249 2.0625 -1.73134e-18 1.87499 2.625 -5.34182e-18 0.937502 2.3125 2.17991e-22
1.56249 2.6875 -2.89981e-23 0.752946 1.8125 -2.3534e-18 2.12499 2.125 2.41856e-23 1.81249
2.5 -1.16791e-22 1.25 -1.25032 1.24728e-21 2.5003 1.56473 2.52353e-21 2.31676 2.75
-5.85023e-23 0.507767 -0.500576 4.21021e-18 2.75153 0.499941 -1.86117e-20 2.75229 2.5625 -1.72519e-18
1.125 2.4375 5.01062e-18 1.375 1.25088 -3.15453e-20 2.50461 1.75 -1.01729e-18 2.1875
2.1875 1.00226e-23 1.74999 1.37693 1.94282e-18 2.44189 2.68751 2.90059e-23 0.814341 2.75
5.41155e-23 0.569197 2.625 -1.03707e-22 1 2.375 4.4525e-23 1.5 -1.00084 6.8344e-21
2.62603 1.00023 -2.18225e-20 2.62734 2.8125 -9.25139e-23 0 2.25 3.37844e-23 1.68749
2.8125 -2.79029e-18 0.01875 2.8125 5.24291e-24 0.0797274 1.50227 -9.26953e-22 2.37927 1.68804
-1.32958e-21 2.25227 2.8125 -5.13231e-19 0.140781 2.8125 7.46632e-23 0.201906 2.75 1.61785e-23
0.630692 -0.625573 -1.46648e-21 2.75144 0.625066 -1.17518e-17 2.75235 2.5 2.05506e-18 1.3125
2.5625 1.91872e-24 1.1875 2.8125 -1.12309e-23 0.2631 2.3125 1.48031e-18 1.62499 2.6876
1.10384e-18 0.876247 1.31365 -1.92598e-18 2.50464 2 -3.73188e-24 1.99999 1.9375 2.173e-23
2.0625 2.0625 -6.53418e-24 1.93749 2.4375 3.33388e-23 1.4375 1.62698 7.36229e-18 2.31685
2.8125 5.28674e-23 0.324328 2.625 -3.38396e-18 1.0625 1.875 -6.76103e-24 2.125 2.125
-3.05651e-23 1.87499 1.43972 -1.01267e-21 2.44178 2.75 4.05665e-18 0.692129 2.8125 5.09343e-24
0.385604 1.8125 3.00095e-23 2.1875 2.1875 6.83391e-23 1.81249 2.375 -3.50499e-18 1.5625
2.6875 -6.19429e-24 0.937501 -2.00127 5.00867e-21 2.02548 1.56476 4.5854e-20 2.37925 2.8125
-1.75488e-23 0.446922 1.74886 1.78409e-23 2.25004 1.75 1.52284e-23 2.25 2.25 -1.94906e-24
1.74999 2.5625 -1.68819e-18 1.25 2.75 4.92701e-23 0.753577 -1.75074 3.48035e-21 2.25105
-0.75063 -1.78566e-21 2.75133 0.750084 3.87051e-21 2.75237 2.5 -5.73953e-23 1.375 2.625
5.42858e-23 1.125 1.11488 2.55866e-22 2.62943 -1.1253 1.36124e-21 2.62532 1.37669 6.88009e-21
2.5045 2.8125 1.38839e-23 0.508336 1.12553 2.66701e-22 2.62962 2.4375 1.58386e-18 1.5
2.3125 4.53031e-23 1.6875 1.68828 3.17428e-21 2.31469 1.50227 -9.71968e-18 2.44177 2.6875
1.47635e-19 1 2.75 5.61773e-23 0.815252 2.8125 -2.2373e-23 0.569805 2 7.48938e-19
2.0625 2.0625 -2.7226e-23 2 2.875 6.93524e-24 0 2.875 6.93524e-24 0.01875
1.9375 -1.87741e-19 2.125 2.125 -3.79405e-18 1.9375 2.875 -3.83477e-18 0.0798124 2.375
-1.41776e-24 1.625 2.875 -6.61507e-24 0.140952 2.5625 -7.7249e-23 1.3125 1.875 9.99478e-24
2.1875 2.1875 -5.96793e-19 1.875 2.625 6.82166e-18 1.1875 2.875 1.67445e-23 0.202137
1.62722 -2.05766e-21 2.37924 2.8125 -1.59913e-19 0.63125 2.5 5.80649e-23 1.4375 2.72949
-1.04014e-23 0.938285 2.75001 -6.22136e-23 0.876721 2.875 9.21061e-25 0.263393 -0.875723 5.99088e-18
2.75117 0.875088 -5.2413e-21 2.75236 1.43961 2.4412e-21 2.50431 1.8125 1.23044e-23 2.25
2.25 3.18218e-18 1.8125 2.6875 -8.52491e-23 1.0625 2.875 1.51453e-18 0.324657 2.4375
1.61072e-23 1.5625 2.8125 -1.01464e-23 0.692719 2.75006 -7.59056e-23 0.912442 1.74983 -6.6412e-24
2.3125 1.75 5.23635e-24 2.3125 2.3125 9.49344e-19 1.75 1.56476 2.97455e-22 2.44175
2.875 -6.89427e-24 0.385984 2.75009 -3.08863e-25 0.938669 2.625 -2.75792e-24 1.25 1.12548
-1.18099e-21 2.68092 -1.25031 1.88003e-17 2.62529 2.5625 5.73975e-23 1.375 2.875 4.94224e-18
0.447388 2.8125 -1.24832e-18 0.754332 1.25069 -2.944e-20 2.62963 2.375 -3.28131e-23 1.6875
2.6875 2.30839e-23 1.125 2.75005 6.64973e-23 0.96752 2.5 -1.87912e-23 1.5 -1.50031
-1.65173e-22 2.50028 2.0625 5.29079e-24 2.0625 2 -2.95001e-23 2.125 2.125 5.11418e-24
2 1.68983 -3.22315e-18 2.37915 2.875 1.0059e-23 0.508843 1.50223 -8.11546e-21 2.50429
1.9375 -2.23513e-24 2.1875 2.1875 -1.19202e-23 1.9375 2.75 -3.51142e-24 1 -1.00073
-5.2831e-21 2.75107 1.00012 1.57726e-20 2.75235 2.8125 -3.26631e-25 0.815851 1.875 -6.31295e-24
2.25 2.25 -5.26356e-24 1.875 2.4375 -6.07205e-19 1.625 2.875 1.31503e-19 0.570294
1.62728 3.85175e-18 2.44171 2.625 -6.49959e-24 1.3125 2.9375 1.57276e-23 0 2.9375
-8.5556e-19 0.01875 1.8125 -4.07637e-24 2.3125 2.3125 -2.08891e-23 1.8125 2.6875 7.2673e-23
1.1875 2.5625 7.62898e-23 1.4375 2.9375 1.33834e-23 0.079892 2.78538 1.94406e-23 0.938922
2.9375 1.92e-18 0.141087 2.875 -9.8e-24 0.631775 2.9375 -6.7552e-24 0.202344 -2.5
1.10506e-24 1.5583 2.8125 -1.57335e-23 0.877583 2.75 8.06485e-24 1.0625 2.5 6.86711e-18
1.5625 2.9375 -1.88607e-18 0.263624 1.74996 4.67386e-24 2.375 1.75 1.84158e-24 2.375
2.375 1.64684e-23 1.75 2.75357 -2.89264e-22 1.06255 2.77774 -2.79418e-23 1.00049 1.56476
-3.27453e-18 2.50425 2.9375 2.04967e-24 0.324958 2.875 2.67287e-23 0.693359 2.125 3.0886e-18
2.0625 2.0625 2.39766e-19 2.125 2.9375 -6.36127e-18 0.386358 2.625 -8.07598e-23 1.375
2 -1.29878e-23 2.1875 2.1875 -2.44309e-18 2 2.6875 8.94293e-19 1.25 2.4375
7.87065e-24 1.6875 2.81251 5.62951e-23 0.939116 1.37623 -8.699e-21 2.62962 1.9375 -2.19599e-18
2.25 2.25 2.18998e-23 1.9375 2.5625 -2.44132e-23 1.5 1.69005 9.62865e-21 2.44152
2.75 4.72886e-23 1.125 2.9375 1.63773e-23 0.447806 2.81254 3.93911e-24 0.960937 -1.12579
-1.05247e-20 2.75096 2.875 -3.19319e-24 0.754898 1.12542 -8.2364e-19 2.75463 1.875 3.15148e-18
2.3125 2.3125 -2.49556e-23 1.875 2.9375 -3.59301e-18 0.509263 1.1404 5.67953e-22 2.75463
2.5 1.85166e-25 1.625 2.81259 -6.26238e-23 1.0011 1.62728 7.14504e-21 2.50421 1.8125
3.30784e-25 2.375 2.375 2.94617e-18 1.8125 2.875 1.83959e-18 0.816571 2.6875 -2.31393e-23
1.3125 2.9375 2.92586e-24 0.57075 2.625 -5.60754e-18 1.4375 2.75 4.72793e-20 1.1875
-3 -3.85239e-24 0 3 -7.68765e-24 0 3 -7.68765e-24 0.01875 1.74997
6.79127e-22 2.4375 1.75 -6.66948e-19 2.4375 2.4375 1.55209e-24 1.75 3 -1.42951e-18
0.0799561 2.5625 2.05238e-23 1.5625 -0.000176867 1.36426e-21 3.00197 3 4.50882e-25 0.141217
-3 -3.85239e-24 0.144377 2.9375 -8.72949e-19 0.632319 2.125 2.26417e-24 2.125 2.875
-3.04324e-24 0.878152 2.1875 -3.63681e-25 2.0625 2.0625 6.09435e-24 2.1875 3 -6.09286e-24
0.20251 2.81294 3.99211e-23 1.06344 2 -1.98936e-24 2.25 2.25 -8.72322e-24 2
3 -6.72638e-24 0.263852 -0.250443 1.12831e-17 3.00177 0.249935 1.87124e-20 3.00214 2.5
-1.19139e-23 1.6875 1.9375 -1.8162e-24 2.3125 2.3125 -4.52274e-24 1.9375 3 -5.85422e-19
0.325252 2.9375 -2.92421e-25 0.693868 2.6875 -6.37812e-18 1.375 2.75 2.4153e-23 1.25
1.69011 9.63794e-21 2.50399 -1.25028 3.43415e-22 2.7503 2.625 -2.66368e-24 1.5 2.875
8.61593e-20 0.939933 3 -6.43041e-24 0.386697 1.25064 -3.98223e-21 2.75462 1.875 -2.09729e-24
2.375 2.375 3.14092e-24 1.875 1.50182 -2.057e-20 2.62943 2.81251 -3.18858e-23 1.12314
2.8125 6.78942e-24 1.125 -2.00429 3.78954e-20 2.2716 2.8599 5.32402e-24 1.00165 2.81442
-4.52538e-24 1.12503 2.9375 2.63145e-25 0.755515 3 -1.30038e-23 0.448158 2.5625 -2.90304e-18
1.625 1.8125 7.59567e-25 2.4375 2.4375 3.14654e-23 1.8125 3 9.11875e-24 0.509651
-0.500556 9.74269e-21 3.00156 0.500054 -1.70956e-20 3.00224 2.87501 4.83858e-24 1.00183 2.75
2.30339e-19 1.3125 2.6875 1.25332e-23 1.4375 2.87502 2.0491e-24 1.01195 2.9375 1.08004e-23
0.817114 2.1875 3.9546e-19 2.125 2.125 -2.07796e-18 2.1875 1.74998 -1.75535e-24 2.5
1.75 -2.85809e-24 2.5 2.5 -6.96567e-24 1.75 1.75 -1.85042e-24 2.50007 2.25
-1.93003e-18 2.0625 2.0625 7.44824e-26 2.25 -1.75079 -7.14662e-18 2.50087 2.8125 2.20524e-23
1.1875 3 2.351e-18 0.571212 2.625 4.41045e-18 1.5625 2 -4.63969e-18 2.3125
2.3125 -5.88069e-24 2 3.0625 9.12281e-24 0 3.0625 -5.01034e-18 0.01875 -3
2.37713e-17 0.618363 3.0625 2.04501e-24 0.0800175 1.9375 2.77197e-18 2.375 2.375 4.39086e-18
1.9375 2.8751 -7.74036e-23 1.06394 3.0625 5.87259e-19 0.141323 3 -3.46342e-24 0.632767
2.9375 1.19108e-19 0.87884 2.5625 1.22592e-23 1.6875 3.0625 -5.66548e-24 0.202674 3.0625
-1.57916e-25 0.264075 2.75 5.12214e-24 1.375 1.875 -7.47796e-19 2.4375 2.4375 -6.47841e-19
1.875 2.6875 -4.97717e-19 1.5 2.8125 3.35251e-18 1.25 1.37614 -8.35531e-18 2.75462
3 5.37219e-24 0.694399 3.0625 -4.66087e-24 0.325534 2.9375 1.07434e-23 0.940625 3.0625
-3.49354e-18 0.387004 2.625 -3.30296e-24 1.625 1.8125 1.74376e-24 2.5 2.5 3.41047e-18
1.8125 2.87533 -4.45932e-22 1.12593 1.62711 3.14017e-21 2.6293 2.1875 -3.0993e-24 2.1875
-0.750529 -9.02533e-21 3.00135 3 1.04816e-23 0.756007 0.750086 -2.85275e-17 3.00233 2.25
8.71434e-25 2.125 2.125 6.84589e-25 2.25 3.0625 2.67039e-24 0.448484 2.0625 -5.51882e-25
2.3125 2.3125 -1.21586e-24 2.0625 2.5625 -3.29737e-18 1.75 2.75 -7.6669e-19 1.4375
2.8125 -5.15029e-25 1.3125 2.9375 8.28042e-19 1.00249 3.0625 8.20391e-25 0.510039 2
1.26823e-24 2.375 2.375 4.26243e-24 2 2.6875 -6.47679e-24 1.5625 3 6.25598e-18
0.817708 2.87501 -8.46546e-24 1.18654 2.875 -2.91282e-24 1.1875 2.87552 1.62852e-24 1.18752
1.9375 -1.41652e-25 2.4375 2.4375 -4.05427e-24 1.9375 3.0625 3.84042e-24 0.571599 2.92967
1.12123e-23 1.06459 2.625 5.49741e-18 1.6875 2.93751 1.36426e-23 1.06468 1.875 -4.09183e-25
2.5 3.125 -2.33136e-24 0 2.5 2.95421e-25 1.875 3.125 -2.33136e-24 0.01875
3.125 9.94236e-19 0.0800682 3 6.67217e-25 0.879452 2.93752 7.21715e-25 1.07045 3.0625
5.09073e-18 0.633222 3.125 -7.85226e-25 0.141427 2.8125 -4.20034e-24 1.375 3.125 2.11936e-18
0.202831 2.75 2.13887e-24 1.5 -1.50028 3.2919e-21 2.75027 2.875 2.72164e-24 1.25
3.125 1.94213e-24 0.264287 1.50164 -1.71513e-17 2.75447 2.25 -1.05152e-24 2.1875 2.1875
-1.39178e-18 2.25 2.5625 7.57212e-24 1.8125 3.0625 1.40346e-24 0.694837 2.3125 1.40283e-18
2.125 2.125 -4.69356e-18 2.3125 2.6875 -8.80029e-25 1.625 3.125 -3.86442e-18 0.325762
3 2.39583e-24 0.941243 2.0625 4.85917e-18 2.375 2.375 -5.67593e-21 2.0625 2.93761
-2.77013e-22 1.12687 3.125 1.91817e-25 0.387285 2 -1.48801e-24 2.4375 2.4375 3.04292e-18
2 3.0625 -6.30745e-19 0.756524 2.625 -6.56181e-24 1.75 3.125 -2.06878e-18 0.448805
2.8125 9.86504e-25 1.4375 1.75273 4.6945e-21 2.62889 2.875 -2.6488e-18 1.3125 1.9375
8.73777e-19 2.5 2.5 7.70551e-25 1.9375 2.75 -3.18832e-18 1.5625 3 4.9043e-24
1.00322 -1.00054 -5.59936e-22 3.00118 1.00012 -5.84866e-21 3.00236 3.125 -8.40273e-25 0.51037
2.93802 5.90176e-22 1.1894 3.0625 -3.51772e-24 0.818246 2.6875 1.07495e-23 1.6875 2.5625
-2.53943e-18 1.875 3.125 -2.06634e-18 0.571988 2.25 1.89964e-24 2.25 2.3125 1.55071e-25
2.1875 2.1875 -1.81654e-24 2.3125 3 1.44732e-18 1.06544 3.0625 -1.02711e-24 0.880006
2.125 1.1451e-24 2.375 2.375 1.45126e-24 2.125 2.875 5.69615e-24 1.375 3.1875
-3.01275e-24 0 2.8125 1.09093e-23 1.5 3.1875 2.67346e-19 0.01875 3.1875 1.60141e-24
0.0801175 3.125 -1.40971e-24 0.633607 2.625 -3.90258e-24 1.8125 3.1875 -4.60073e-18 0.141527
2.9375 -6.51248e-24 1.24976 2.9375 2.36462e-24 1.25 2.93769 3.90546e-24 1.25001 2.0625
-6.00995e-26 2.4375 2.4375 5.97587e-25 2.0625 3.1875 -4.90703e-25 0.202982 2.75 -7.5413e-26
1.625 -3 -1.40252e-24 1.09917 3.1875 5.2564e-18 0.264462 1.62695 -1.31443e-21 2.75438
2.99424 4.17374e-24 1.1276 3.125 6.43126e-19 0.695285 2 -6.01728e-25 2.5 2.5
1.97235e-24 2 3.0625 1.04388e-24 0.941888 3.1875 1.43818e-24 0.325985 3.00001 -3.81038e-24
1.12768 3.00002 -1.36054e-22 1.13171 2.6875 -1.38795e-24 1.75 3.1875 5.87373e-18 0.387514
2.5625 -4.1547e-25 1.9375 2.875 1.3534e-18 1.4375 3.125 -5.56551e-25 0.756995 2.8125
6.39053e-24 1.5625 2.9375 -1.64379e-24 1.3125 3.1875 -1.1267e-24 0.449083 -2.00609 3.99713e-20
2.51766 1.15858 -1.1911e-20 3.00379 3.0625 -1.41098e-18 1.00393 1.87497 8.37418e-25 2.625
1.875 1.47499e-24 2.625 2.625 1.14056e-24 1.875 2.3125 -9.9207e-25 2.25 2.25
3.13877e-19 2.3125 2.75 1.12414e-18 1.6875 3.00014 -1.59291e-18 1.19017 3.1875 -2.2992e-21
0.510699 2.1875 4.95595e-18 2.375 2.375 -1.02128e-18 2.1875 -2.50014 -1.15946e-17 2.04447
3.125 2.10159e-24 0.818738 2.125 1.82782e-18 2.4375 2.4375 -2.39021e-18 2.125 3.1875
-1.09902e-24 0.572321 2.0625 -3.39417e-25 2.5 2.5 -4.25949e-18 2.0625 2.6875 2.3367e-24
1.8125 3.0625 8.9011e-26 1.06616 2.875 -1.76421e-24 1.5 2.9375 -3.62957e-18 1.375
3.125 1.39601e-24 0.88057 2.8125 7.80986e-18 1.625 3.1875 -1.32046e-24 0.633994 3.25
-8.31052e-26 0 3.25 -8.31052e-26 0.01875 2.5625 -1.30841e-24 2 3.25 2.93183e-18
0.0801649 -1.2506 -6.17683e-18 3.001 3.00075 1.33695e-21 1.25276 2.05604e-05 3.51869e-18 3.25198
3.25 -8.87088e-25 0.141622 1.25056 -2.97263e-23 3.00462 3.25 -5.41261e-25 0.203107 2.75
2.28756e-24 1.75 -1.75027 5.66533e-23 2.75025 3.25 3.76314e-26 0.264632 -0.250171 1.73386e-20
3.25182 0.25006 8.56195e-22 3.25211 3.1875 -4.55093e-25 0.695697 2.625 2.01897e-18 1.9375
3.0625 5.94306e-19 1.12841 3.125 -2.45711e-18 0.942515 1.75236 2.84915e-21 2.754 3.25
-3.854e-18 0.32617 2.3125 -8.8615e-25 2.3125 2.9375 -1.77654e-24 1.4375 2.25 1.60522e-25
2.375 2.375 2.77832e-25 2.25 2.875 -3.90686e-18 1.5625 3.25 -1.84277e-24 0.387743
3 -4.40469e-22 1.31242 3 -1.20205e-24 1.3125 3.00018 -9.55862e-25 1.31251 2.1875
-1.15787e-25 2.4375 2.4375 -1.05383e-24 2.1875 3.1875 2.18006e-24 0.757429 2.6875 2.43576e-18
1.875 2.8125 -2.33938e-24 1.6875 3.25 7.5709e-25 0.449357 2.125 3.86183e-26 2.5
2.5 -1.07539e-24 2.125 3.05811 -2.31056e-23 1.1908 3.125 7.59754e-25 1.0046 3.06251
9.15487e-24 1.19084 3.06253 7.49181e-23 1.19668 2.5625 -2.72127e-25 2.0625 -0.500475 -1.01777e-18
3.25158 3.25 1.91518e-25 0.510984 0.500077 2.82336e-17 3.25222 3.1875 1.01474e-24 0.819231
2.75 -4.06719e-18 1.8125 2.9375 -5.25254e-18 1.5 3.25 -4.14292e-18 0.572654 2
9.03759e-18 2.625 2.625 -3.9914e-25 2 3 -1.06291e-24 1.375 3.125 -2.57857e-18
1.06683 2.875 -3.24992e-25 1.625 3.1875 1.80059e-18 0.881119 3.06268 7.25648e-18 1.25342
3.25 5.02219e-25 0.634351 3.3125 5.66537e-25 0 2.8125 -4.22318e-18 1.75 3.3125
1.07592e-18 0.01875 2.6875 -1.31685e-25 1.9375 3.3125 -2.13936e-25 0.08021 2.3125 4.59495e-19
2.375 2.375 -3.7862e-18 2.3125 3.3125 -4.64961e-18 0.141702 2.25 -2.73011e-25 2.4375
2.4375 -1.14305e-18 2.25 3.3125 -1.70675e-25 0.203229 2.1875 -4.04635e-19 2.5 2.5
6.43792e-26 2.1875 3.125 -6.93434e-25 1.12908 3.3125 5.48219e-26 0.264775 3.25 -2.43661e-25
0.696077 3.1875 -1.76563e-24 0.943109 3 -2.39901e-24 1.4375 2.9375 5.71005e-26 1.5625
1.87498 1.93878e-21 2.75 1.875 -8.06983e-25 2.75 2.75 3.27043e-25 1.875 3.3125
2.08882e-25 0.326352 2.5625 -1.97518e-19 2.125 2.875 -5.51616e-25 1.6875 3.06342 8.6484e-22
1.31599 3.3125 2.21037e-18 0.387967 -0.750514 1.20881e-20 3.25139 3.25 -3.2335e-25 0.75786
0.750084 -3.48197e-20 3.25229 2.625 2.6376e-25 2.0625 3.1875 -8.12999e-19 1.00521 3.3125
2.53949e-25 0.449623 3.125 -3.57173e-18 1.19147 2.8125 3.96588e-25 1.8125 2.6875 3.82994e-18
2 3.3125 -2.73385e-25 0.511281 3.25 -3.02782e-19 0.819711 3 -5.50126e-25 1.5
-1.50023 5.8325e-22 3.00028 3.0625 -5.67664e-22 1.37493 2.9375 5.17152e-18 1.625 3.0625
1.79974e-18 1.375 1.50115 4.73906e-20 3.00448 2.375 6.7518e-26 2.375 2.3125 3.7194e-25
2.4375 2.4375 -3.41122e-25 2.3125 3.1875 -2.26818e-25 1.06744 3.3125 2.45793e-25 0.572979
3.11939 5.01657e-24 1.25393 2.25 -4.33e-26 2.5 2.5 -2.32312e-25 2.25 2.75
-1.10142e-18 1.9375 2.875 6.59991e-25 1.75 3.12501 5.22707e-24 1.25398 3.25 -2.85587e-25
0.881643 2.5625 5.51227e-25 2.1875 3.3125 -4.87177e-18 0.634682 3.375 1.03237e-25 0
3.375 1.03237e-25 0.01875 3.375 1.67715e-19 0.0802529 2.125 -1.8432e-25 2.625 2.625
-3.85739e-25 2.125 3.375 -2.17703e-25 0.141779 2.8125 2.71146e-25 1.875 3.375 2.55616e-18
0.203332 3.1875 4.57238e-18 1.12969 3 3.13931e-18 1.5625 3.0625 -9.07037e-27 1.4375
3.06252 9.97837e-22 1.4375 3.25 -7.19773e-25 0.943665 3.3125 -2.54747e-25 0.696452 3.375
-2.18682e-25 0.264915 2.6875 -8.29909e-25 2.0625 2.9375 5.1061e-25 1.6875 3.12284 -2.27086e-22
1.31655 3.375 -6.04758e-18 0.326531 -3 -2.1001e-17 1.58106 3.12516 -1.93226e-24 1.31657
3.375 5.55938e-26 0.388184 3.3125 -2.45837e-18 0.758278 2.875 -8.946e-19 1.8125 2
-7.1018e-25 2.75 2.75 3.34818e-26 2 -2.00067 4.64432e-18 2.75081 -1.00047 1.25587e-20
3.25123 3.25 3.55844e-25 1.00579 1.00011 -4.75057e-19 3.25236 3.1875 -7.05819e-25 1.19205
2.375 -5.69918e-18 2.4375 2.4375 4.92733e-18 2.375 3.375 -1.60139e-18 0.449845 2.3125
8.64732e-26 2.5 2.5 4.21478e-18 2.3125 2.5625 6.12481e-26 2.25 3.0625 -1.6369e-25
1.5 3 6.67566e-25 1.625 3.3125 1.07485e-25 0.82017 3.375 3.89091e-25 0.511527
2.8125 7.37942e-25 1.9375 3.12563 8.80149e-23 1.37918 2.625 1.08685e-18 2.1875 3.12565
2.39651e-21 1.38153 2.9375 -4.24827e-25 1.75 3.25 -2.80986e-18 1.06801 3.375 -1.12785e-18
0.573246 3.1875 3.22728e-18 1.2545 2.6875 1.90022e-25 2.125 3.3125 3.76201e-26 0.882136
2.875 2.90205e-25 1.875 3.375 2.26985e-25 0.635007 3.4375 -1.1906e-25 0 2.75
4.62322e-18 2.0625 3.4375 2.05432e-18 0.01875 3.0625 -3.82167e-25 1.5625 3.4375 2.16541e-26
0.0802855 3.4375 -1.79467e-18 0.141846 3.25 -2.81866e-25 1.13025 3 9.44175e-25 1.6875
3.12625 -4.53192e-22 1.44173 3.4375 -4.62553e-26 0.203433 3.3125 1.38984e-25 0.944183 3.375
-1.09374e-25 0.696816 2.4375 -1.6393e-25 2.4375 3.4375 4.99403e-18 0.265052 2.375 -6.59962e-26
2.5 2.5 -4.62235e-26 2.375 3.18751 1.70181e-23 1.31704 1.14482 -2.02146e-20 3.25366
2.8125 6.02961e-26 2 2.5625 -6.60772e-26 2.3125 2.9375 9.09065e-26 1.8125 3.4375
5.67365e-26 0.326704 2.25 4.97721e-26 2.625 2.625 -6.11184e-27 2.25 3.375 -3.302e-26
0.75868 3.4375 3.84089e-18 0.388367 3.25 4.60388e-26 1.19259 3.3125 3.27165e-25 1.00631
2.6875 -9.295e-26 2.1875 3.125 2.22085e-21 1.49999 3.125 2.88937e-25 1.5 3.12501
-1.8112e-25 1.5 3.4375 6.2125e-26 0.450073 2.875 -4.36116e-18 1.9375 3.0625 -2.83542e-18
1.625 3 3.63847e-25 1.75 3.18757 2.36029e-23 1.37963 3.375 9.47232e-19 0.820606
-1.75025 -2.26033e-23 3.00024 2.125 9.35715e-18 2.75 2.75 -6.05756e-26 2.125 3.4375
3.79239e-18 0.51177 1.75197 1.17821e-20 3.00396 3.1876 -1.5448e-22 1.3904 3.3125 -1.26739e-25
1.06853 -1.25044 1.30235e-21 3.25106 3.25 5.96382e-26 1.255 2.9375 -5.74299e-18 1.875
3.4375 -1.40099e-25 0.573525 1.25048 4.68073e-21 3.25461 2.8125 1.30984e-25 2.0625 3.375
8.7103e-26 0.882598 2.4375 -5.59511e-18 2.5 2.5 3.33287e-26 2.4375 2.5625 4.05898e-18
2.375 3.125 -3.36343e-18 1.5625 3.4375 -9.78899e-19 0.635322 3.0625 -4.36925e-25 1.6875
2.625 -1.59091e-25 2.3125 3.18775 -5.32481e-22 1.44225 3.5 1.86126e-26 0 3.5
1.86126e-26 0.01875 3.3125 1.3898e-18 1.13077 3.5 1.44968e-18 0.0803174 5.03554e-05 9.65206e-22
3.50196 2.875 -1.6572e-25 2 3.5 -5.12467e-26 0.14191 3.375 1.42589e-19 0.944663
2.6875 3.92319e-18 2.25 3 1.24111e-18 1.8125 3.5 1.12768e-26 0.203532 3.25
-3.69237e-18 1.31749 3.4375 -3.64179e-26 0.697166 3.5 -1.10322e-26 0.265184 -0.250098 1.63888e-20
3.50181 0.250072 1.40383e-17 3.50208 2.75 -1.02306e-18 2.1875 3.5 1.50441e-18 0.326851
2.9375 6.76284e-26 1.9375 3.4375 -5.7157e-19 0.759062 3.3125 -6.9008e-27 1.19309 3.5
-2.76392e-26 0.388554 3.375 -1.51884e-26 1.0068 3.125 -2.46888e-25 1.625 2.8125 3.60216e-18
2.125 3.18878 -1.41308e-21 1.50473 3.0625 2.86501e-18 1.75 3.5 6.73697e-26 0.450257
3.25 -1.92736e-24 1.38003 3.4375 5.61728e-27 0.821016 2.5 3.49862e-26 2.5 2.5625
-3.19743e-26 2.4375 -0.500425 2.49688e-20 3.50162 3.5 -2.62153e-27 0.512008 0.500078 9.39395e-21
3.50218 3 1.28956e-25 1.875 2.875 7.64467e-19 2.0625 2.375 -3.40982e-18 2.625
2.625 -1.23856e-25 2.375 3.375 -3.4761e-19 1.06902 3.3125 -5.34158e-26 1.25547 2.6875
-4.71899e-26 2.3125 3.5 2.41341e-20 0.573796 3.4375 -1.37734e-18 0.88303 3.1875 -2.8548e-26
1.5625 3.1875 1.44981e-25 1.5625 3.18751 -2.80157e-25 1.5625 3.125 6.3366e-18 1.6875
3.24704 -7.30728e-25 1.44259 2.25 1.55292e-25 2.75 2.75 -2.9254e-26 2.25 2.9375
-2.75827e-18 2 3.25002 3.11852e-24 1.4426 3.5 -1.85646e-26 0.635625 3.25003 -8.25713e-23
1.44625 3.0625 -4.65431e-26 1.8125 3.375 1.68903e-26 1.13125 -2.50144 5.57199e-21 2.53425
3.5625 -5.56904e-27 0 3.5625 -5.56904e-27 0.01875 2.8125 3.38424e-27 2.1875 3.5625
1.94747e-26 0.0803485 3.3125 1.88869e-26 1.31792 3.4375 -7.80461e-26 0.94511 3.5625 -2.18827e-18
0.141973 3.5625 1.44664e-26 0.203626 3.5 -2.53588e-26 0.697499 3 -5.93047e-26 1.9375
3.5625 1.10124e-18 0.26531 2.875 -3.01894e-26 2.125 3.5625 -2.38485e-26 0.327 3.1875
-5.28581e-26 1.625 3.1875 9.43557e-26 1.625 3.375 -1.84682e-18 1.19355 2.5625 9.7533e-27
2.5 -1.50046 -6.65284e-18 3.25095 -0.750513 2.27647e-17 3.50142 3.5 -2.54011e-26 0.759423
3.125 -1.0568e-25 1.75 0.750083 3.28758e-21 3.50226 3.2502 3.81306e-23 1.5052 3.4375
1.4364e-18 1.00726 2.625 7.7636e-19 2.4375 3.5625 3.3794e-27 0.388707 1.5009 1.38999e-17
3.25435 2.6875 -1.92795e-18 2.375 3.3125 5.40697e-18 1.38042 2.9375 3.95106e-26 2.0625
3.5625 -1.22888e-26 0.450456 3.0625 1.0583e-25 1.875 2.75 2.81394e-18 2.3125 3.5
7.00307e-19 0.8214 3.5625 -1.35391e-18 0.512238 3.4375 4.44223e-26 1.06947 3.375 -1.74384e-27
1.25592 2.8125 -2.83938e-26 2.25 2 -1.4187e-25 3 2 1.22886e-25 3
3 5.96516e-26 2 -2.00023 2.85507e-21 3.00026 3.1875 4.58925e-26 1.6875 3.5625
-2.83541e-26 0.574056 3.25082 2.49791e-21 1.56775 3.5 -3.32243e-26 0.883434 2.875 -3.33151e-26
2.1875 3.125 3.64047e-26 1.8125 3.3125 -1.15629e-25 1.44295 3.5625 3.51288e-18 0.635914
3.4375 1.6311e-19 1.1317 3.375 1.36549e-18 1.31833 3.0625 9.88683e-26 1.9375 2.5
2.65642e-26 2.625 2.625 -6.1296e-26 2.5 3.625 1.41406e-27 0 3.625 1.41406e-27
0.01875 3.5 -3.59702e-26 0.945525 2.9375 3.33772e-18 2.125 3.625 -2.16754e-18 0.0803787
3.625 -1.52971e-26 0.142034 2.6875 -1.85853e-26 2.4375 3.5625 6.31812e-27 0.697816 3.625
1.93318e-19 0.203717 2.375 -2.33124e-26 2.75 2.75 -1.31349e-26 2.375 3.625 -3.80413e-27
0.265412 3.1875 -6.96824e-26 1.75 3.31025 -6.0335e-23 1.5055 3.25155 -5.14889e-21 1.63022
3.31251 2.47055e-24 1.50551 3.4375 -1.83905e-26 1.19399 3.625 -2.70175e-27 0.327124 3
-3.43313e-18 2.0625 2.8125 -3.25454e-26 2.3125 -1.00046 -1.32755e-17 3.50125 3.31252 5.15673e-24
1.51257 -3 -2.7583e-25 2.06503 3.5 7.11386e-27 1.00768 1.00011 2.32095e-20 3.50233
3.5625 -1.69533e-19 0.759764 3.125 5.76768e-26 1.875 3.625 -7.66559e-27 0.388871 3.375
1.60935e-26 1.3808 2.875 3.78027e-26 2.25 3.625 -2.88446e-18 0.450649 3.5625 9.76432e-27
0.821761 3.0625 -7.99659e-27 2 3.5 1.34498e-18 1.06988 3.4375 -2.6472e-18 1.25633
3.625 -2.82606e-27 0.512459 3.25 2.31817e-27 1.6875 3.25 1.73293e-26 1.6875 3.25
2.55897e-26 1.6875 2.9375 -2.90355e-26 2.1875 3.31259 -5.03167e-23 1.56809 3.1875 3.63939e-26
1.8125 3.625 1.46038e-18 0.574305 3.5625 1.63083e-18 0.88381 2.6875 -1.99543e-18 2.5
3.375 -2.05732e-18 1.4433 2.75 3.15652e-18 2.4375 3 -7.94794e-27 2.125 3.125
4.26617e-18 1.9375 3.5 4.73131e-27 1.13211 3.625 6.03077e-27 0.636189 2.8125 -9.22093e-27
2.375 3.4375 -3.52657e-26 1.31873 3.5625 3.83065e-28 0.945912 3.6875 -1.88121e-27 0
3.6875 -9.0009e-19 0.01875 3.6875 -5.37697e-27 0.0804077 1.15493 9.188e-21 3.50368 2.875
2.96304e-18 2.3125 3.6875 -5.1811e-27 0.142092 3.25 -2.86641e-26 1.75 3.625 2.54215e-18
0.698115 3.0625 1.37712e-26 2.0625 3.3128 2.74869e-18 1.63068 3.6875 -3.44144e-27 0.203791
1.75172 -6.81137e-21 3.25391 3.375 -2.97948e-26 1.50583 3.6875 2.27095e-18 0.265508 3.1875
-3.56998e-18 1.875 3.5 6.45183e-27 1.19439 2.9375 1.62725e-18 2.25 3.6875 -1.1848e-26
0.327255 3.5625 -4.38292e-27 1.00807 3.625 2.37836e-27 0.760084 3.4375 2.08388e-18 1.38116
3.6875 1.62575e-18 0.38903 3.125 3.62782e-27 2 2.625 -3.4445e-26 2.625 3
-8.55044e-27 2.1875 3.6875 -2.32988e-27 0.450834 2.5 6.23302e-26 2.75 2.75 -1.97984e-26
2.5 3.625 3.17577e-27 0.8221 -1.25043 -2.22108e-21 3.50111 3.5 9.11227e-28 1.25672
3.37298 -1.31179e-24 1.56836 3.5625 -1.29159e-26 1.07027 1.25041 -4.09739e-21 3.50451 3.25
-3.32614e-18 1.8125 3.31401 -2.28647e-21 1.69308 3.375 3.03586e-18 1.56837 2.8125 -2.74256e-27
2.4375 3.6875 -1.9314e-18 0.512671 3.0625 -3.02642e-18 2.125 3.4375 1.57563e-26 1.44363
2.875 -5.51916e-27 2.375 3.1875 1.17798e-26 1.9375 3.625 -1.04057e-26 0.884162 3.6875
2.41924e-27 0.574542 3.5625 3.31755e-18 1.1325 2.9375 9.49249e-27 2.3125 3.5 -8.26432e-19
1.3191 3.6875 -5.33643e-28 0.63645 3.125 1.41124e-18 2.0625 3.37215 1.92828e-23 1.63092
3.3125 1.08607e-21 1.75 3.3125 -3.28354e-18 1.75 3.3125 -7.07919e-27 1.75 3.625
1.09331e-18 0.946273 3.37502 -2.29793e-25 1.63094 2.25 1.1267e-25 3 3.75 4.24226e-27
0 3 -3.88532e-27 2.25 3.37503 6.11686e-24 1.63458 3.75 4.24226e-27 0.01875
3.75 5.26116e-29 0.0804356 3.25 1.40137e-26 1.875 3.75 -2.81742e-28 0.142139 3.4375
2.16658e-18 1.50613 3.6875 -1.11633e-27 0.698397 3.75 -1.0006e-18 0.203871 3.5625 2.27841e-27
1.19477 3.75 5.88947e-29 0.265609 3.625 1.08512e-26 1.00843 3.5 5.27284e-28 1.38151
2.8125 -5.32297e-27 2.5 3.1875 -2.38004e-18 2 3.0625 8.06182e-27 2.1875 3.75
-2.16905e-28 0.327382 3.6875 1.01056e-18 0.760386 2.875 1.93643e-18 2.4375 3.75 3.56123e-27
0.389182 3.3125 4.51641e-27 1.8125 3.3125 -1.29318e-26 1.8125 3.37524 -7.87118e-23 1.6935
3.75 -8.41276e-20 0.451012 2.9375 1.86259e-18 2.375 3.5625 2.71632e-27 1.25709 3.6875
1.61284e-27 0.822417 3.4375 -8.4135e-27 1.56865 3.125 7.08449e-27 2.125 3.625 6.84566e-19
1.07064 3.25 2.53034e-27 1.9375 3.75 -1.00289e-27 0.512873 3.5 -1.45378e-27 1.44396
3 -2.22591e-18 2.3125 3.6875 -5.30622e-19 0.884492 3.75 -2.15772e-27 0.574767 3.1875
1.75252e-27 2.0625 3.625 2.85372e-27 1.13286 3.5625 6.36739e-27 1.31945 3.0625 -1.90874e-27
2.25 2.625 -4.06456e-18 2.75 2.75 3.25529e-18 2.625 3.75 -1.54695e-27 0.636697
3.4375 -3.0849e-18 1.63119 3.37594 2.00288e-21 1.75601 3.3125 9.80796e-27 1.875 3.6875
-3.38329e-27 0.946611 -1.50043 -6.32959e-22 3.50102 2.875 -5.75282e-28 2.5 3.5 8.86795e-28
1.50643 1.50069 -2.36498e-20 3.50426 3.8125 2.41555e-27 0 3.8125 -2.04829e-18 0.01875
3.8125 -8.00319e-29 0.0804572 3.75 -8.69479e-21 0.698663 3.125 2.24708e-18 2.1875 3.8125
-5.23354e-19 0.14219 2 -9.17301e-26 3.25 2 1.80193e-17 3.25 3.25 1.83779e-28
2 3.625 2.49939e-18 1.19513 2.9375 -4.73352e-29 2.4375 3.8125 -9.18331e-28 0.203934
3.5625 -2.05666e-18 1.38184 3.8125 1.29233e-27 0.265706 3.6875 -2.02583e-18 1.0088 3
-2.84611e-29 2.375 3.75 1.44762e-28 0.760669 3.8125 3.02677e-27 0.327504 3.4353 8.364e-24
1.69373 3.1875 5.08622e-19 2.125 3.43751 1.34153e-23 1.69374 3.8125 2.67225e-28 0.389328
3.37676 3.7938e-18 1.81841 3.43752 2.82866e-23 1.70079 3.5 -2.37171e-18 1.56893 3.625
-1.95472e-28 1.25744 3.0625 8.69179e-28 2.3125 3.3125 -6.91644e-29 1.9375 3.8125 1.46657e-27
0.451181 3.75 -9.67452e-28 0.822714 3.6875 -5.39754e-29 1.07098 3.5625 -3.24363e-27 1.44427
3.8125 1.48994e-28 0.513065 3.25 -2.28642e-18 2.0625 3.125 -3.27708e-27 2.25 3.75
1.42882e-27 0.8848 3.8125 -1.53147e-28 0.574981 2.9375 1.36388e-18 2.5 3.6875 9.73146e-28
1.1332 3.625 -3.86395e-27 1.31978 3.4376 -9.67765e-24 1.75629 3.375 3.4793e-27 1.875
3.375 3.63548e-27 1.875 3.375 7.67057e-27 1.875 3.5 -1.83678e-27 1.63144 3.8125
2.60706e-18 0.63693 3 4.63802e-28 2.4375 3.1875 -1.11592e-28 2.1875 3.75 1.29413e-18
0.946927 3.5625 1.03006e-27 1.50672 3.3125 -8.95375e-28 2 3.875 -2.97774e-28 0
3.875 -2.97774e-28 0.01875 3.0625 1.33698e-18 2.375 3.875 1.10719e-18 0.0804805 3.8125
1.23362e-27 0.698915 3.6875 -8.96384e-28 1.19547 3.875 3.58256e-28 0.142231 3.625 -8.00093e-28
1.38216 3.875 -2.21078e-28 0.204004 3.25 -1.38327e-27 2.125 3.75 2.12945e-27 1.00911
3.875 -3.00767e-28 0.2658 3.125 -1.15871e-18 2.3125 3.8125 -1.41205e-18 0.760936 3.5
-3.12898e-28 1.69397 3.875 2.58955e-18 0.327621 2.75 6.00187e-27 2.75 3.43782 4.16041e-22
1.81885 3.375 -2.84557e-18 1.9375 3.5625 -1.45948e-28 1.5692 2.875 3.49435e-18 2.625
3.875 -4.17533e-29 0.389468 3.6875 4.60012e-19 1.25777 3.75 -1.30974e-28 1.0713 3.8125
-4.92493e-28 0.822994 3.875 1.70996e-18 0.451343 3.1875 -1.74665e-18 2.25 3.3125 -1.92748e-27
2.0625 3.625 -8.12759e-20 1.44457 2.5 -1.05532e-26 3 3 3.38734e-28 2.5
3.875 3.52501e-28 0.513248 3.8125 6.97318e-28 0.885089 3.0625 -1.42986e-28 2.4375 3.49803
8.39358e-25 1.7565 3.5 -1.26253e-25 1.7565 3.6875 1.16182e-27 1.3201 1.75138 3.711e-21
3.50388 3.875 5.50595e-19 0.575183 3.75 -6.09221e-29 1.13352 3.25 1.36361e-27 2.1875
3.5625 1.00186e-18 1.63169 3.43891 6.93234e-22 1.88126 3.375 2.56714e-28 2 3.125
3.79842e-28 2.375 3.625 -1.65607e-28 1.50701 3.875 3.91124e-28 0.637151 3.8125 -1.85014e-28
0.947223 -2.5043 2.75844e-20 3.02918 3.3125 -2.59211e-18 2.125 3.75 -1.9264e-18 1.19578
3.9375 -5.91476e-29 0 3.9375 2.9802e-18 0.01875 3.875 -1.91164e-28 0.699152 3.1875
-1.19061e-29 2.3125 3.6875 -3.07789e-18 1.38247 3.9375 -4.23216e-28 0.0805031 -3.00013 4.00437e-17
2.55367 3.9375 -4.17156e-19 0.142277 3.49541 -1.12982e-23 1.81903 3.9375 6.46548e-28 0.204072
3.8125 -3.37339e-28 1.00941 3.50002 -1.19493e-18 1.81905 3.5625 -1.16523e-27 1.6942 3.4375
-1.52974e-27 1.9375 3.4375 2.68128e-28 1.9375 3.4375 -1.22675e-27 1.9375 3.9375 2.9441e-18
0.26589 2.75 5.10747e-27 2.83371 3.875 5.96525e-29 0.761187 3.625 2.58944e-18 1.56946
3.9375 1.31171e-28 0.327733 2.25 2.11237e-26 3.25 3.25 6.50498e-28 2.25 3.0625
-2.36331e-28 2.5 3.375 2.14149e-18 2.0625 3.75 6.70664e-28 1.25808 3.9375 7.41312e-19
0.389602 3.8125 2.817e-28 1.0716 3.6875 5.35197e-28 1.44486 3.875 -2.10274e-28 0.823256
3.125 8.1583e-19 2.4375 3.9375 -1.93407e-28 0.451497 3.3125 4.8364e-28 2.1875 3
2.50267e-28 2.60065 3.9375 7.77189e-19 0.513421 3.5625 1.33035e-19 1.75671 3.49953 -5.66333e-24
1.88159 3.50022 -4.06638e-24 1.88159 3.875 -2.74458e-28 0.885361 3.1875 -9.73232e-19 2.375
3.625 1.20947e-27 1.63194 3.75 -5.40569e-29 1.3204 3.4375 2.71328e-28 2 3.4375
-2.65192e-21 2 3.8125 -1.39822e-18 1.13382 2.98895 -1.19321e-28 2.625 2.875 -1.25498e-28
2.75 3.9375 1.80796e-28 0.575375 3.50033 1.74833e-23 1.89474 3.6875 1.44326e-18 1.50728
3 -9.17966e-29 2.625 3.375 5.78751e-28 2.125 3.9375 1.26226e-18 0.637359 3.25
-2.55133e-18 2.3125 3.875 -3.58928e-19 0.947501 3.8125 -4.72789e-29 1.19608 2.90005 -2.52518e-28
2.75 3.75 -3.17976e-28 1.38276 3.9375 6.10709e-29 0.699375 -4 6.49772e-25 0
4 6.09959e-29 0 4 6.09959e-29 0.01875 3.5625 -3.19352e-28 1.81924 4
-2.13928e-19 0.0805249 3.625 -3.16095e-18 1.69442 4.50489e-05 2.33733e-20 4.00192 3.125 -9.14531e-30
2.5 4 1.25817e-28 0.14232 3.50076 -2.21764e-18 1.9441 3.875 -1.69502e-28 1.00969
3.3125 -6.17385e-28 2.25 3.125 4.00667e-30 2.50408 4 -2.28902e-29 0.204137 -4
2.00384e-17 0.213991 3.6875 7.07761e-28 1.56972 3.4375 -5.46296e-29 2.0625 4 3.59927e-29
0.265977 3.9375 1.03528e-29 0.761423 2.5 1.58477e-26 3.13785 2.66438 2.38663e-26 3
3.1875 8.64756e-29 2.4375 4 3.11758e-19 0.32784 3.8125 9.42087e-29 1.25837 3.75
-2.79469e-18 1.44514 4 7.20108e-29 0.389729 3.875 -2.71301e-18 1.07188 3.375 -4.19401e-19
2.1875 3.9375 3.02854e-28 0.823504 3.25 -2.03002e-28 2.375 4 3.26559e-29 0.451644
3.625 2.2056e-28 1.75693 3.15935 -2.55041e-31 2.5 3.56251 1.92358e-18 1.88177 3.52988
3.3842e-23 1.9442 2 -1.6491e-26 3.5 2 7.96548e-27 3.5 2 -8.81312e-27
3.5 -2.00018 -1.64256e-21 3.50031 3.6875 -1.67363e-28 1.63218 -0.500138 -4.57232e-17 4.00168
4 1.29667e-28 0.513586 0.500074 -6.61325e-17 4.0021 3.8125 5.77158e-29 1.32069 3.9375
-3.17718e-19 0.885617 3.50186 -1.18054e-21 2.00644 3.875 -1.10825e-28 1.13411 3.3125 -2.42812e-28
2.3125 4 -2.61988e-18 0.575557 3.4375 -1.4729e-18 2.125 3.75 -8.23265e-29 1.50754
3.1875 2.2513e-28 2.49176 3.9375 1.8062e-29 0.947763 4 -1.95904e-29 0.637556 3.1875
-5.61588e-30 2.5 2.42449 -7.41851e-27 3.25 3.875 -2.27707e-28 1.19636 3.8125 -1.26858e-28
1.38303 3.625 -2.04312e-28 1.81944 3.375 -8.7517e-29 2.25 3.6875 3.82862e-29 1.69465
3.56258 -1.2236e-22 1.94431 4 1.0659e-28 0.699586 3.5 -2.48393e-21 2.0625 3.25
-8.66573e-31 2.4375 4.0625 2.96485e-29 0 3.5 -2.3864e-28 2.0625 3.5 1.93716e-28
2.0625 4.0625 3.24697e-18 0.01875 3.25 1.08246e-28 2.43766 3.25087 8.47347e-29 2.4375
4.0625 6.55046e-29 0.080546 3.56262 4.47299e-24 1.95603 3.9375 -2.6606e-18 1.00996 4.0625
-3.31945e-18 0.142362 3.75 -2.03777e-29 1.56997 4.0625 -9.74779e-30 0.2042 2.75 -8.59797e-27
3 3 3.04264e-19 2.75 4.0625 6.94835e-30 0.266059 4 -4.7132e-30 0.761646
3.875 -8.30134e-29 1.25865 3.4375 -1.43146e-28 2.1875 4.0625 3.07657e-29 0.327943 3.3125
-7.45204e-29 2.375 3.8125 1.57111e-28 1.4454 3.9375 7.33019e-29 1.07215 4.0625 -4.85561e-19
0.38985 3.125 -7.32514e-29 2.625 4 1.55223e-18 0.823737 3.625 -8.33892e-29 1.88196
3.6875 2.16453e-28 1.75714 4.0625 -1.69983e-29 0.451783 3.56278 5.55938e-18 2.00685 3.75
1.49581e-28 1.63241 3.375 5.63184e-19 2.3125 3.875 1.93519e-18 1.32096 3.5 1.07252e-28
2.125 4.0625 2.02312e-29 0.513742 4 -4.45871e-29 0.885858 3.3125 -4.31659e-29 2.41095
3.9375 1.20902e-18 1.13437 3.8125 1.42148e-28 1.5078 2.5 -6.74089e-28 3.25 3.25
-3.82257e-28 2.5 2.25 7.56241e-27 3.43109 4.0625 -8.21057e-30 0.575729 3.4375 -3.08037e-18
2.25 4 -4.18543e-29 0.94801 3.6875 2.9824e-29 1.81963 4.0625 -2.33175e-18 0.637743
3.3125 -1.19149e-29 2.4375 3.625 3.74186e-18 1.94448 3.875 -1.34994e-28 1.3833 3.75
-5.14675e-19 1.69487 3.9375 -6.63981e-29 1.19663 2.17052 1.84356e-26 3.5 3.56356 -1.79839e-21
2.06932 4.0625 2.66739e-29 0.699785 3.8125 1.3989e-28 1.57021 -1.00034 -1.60753e-20 4.0014
4.125 -6.67465e-29 0 4.125 -6.67465e-29 0.01875 1.00009 -3.53651e-21 4.00223 4
-5.22556e-29 1.0102 4.125 2.71923e-18 0.0805662 3.375 -1.17081e-30 2.375 3.5 -8.49029e-30
2.1875 4.125 -3.08708e-29 0.142402 3.375 7.77202e-30 2.37685 4.125 3.19623e-18 0.204259
3.38153 -4.71681e-30 2.375 4.0625 -1.67129e-18 0.761857 4.125 2.57601e-30 0.266138 3.9375
-2.18847e-18 1.25891 3.875 -2.58816e-18 1.44566 4.125 -3.03441e-21 0.32804 3.56406 6.95168e-22
2.10534 3.6875 2.0446e-18 1.88214 4 1.30429e-18 1.0724 3.75 8.21219e-29 1.75734
3.62278 -3.38211e-24 2.007 3.4375 -3.73222e-30 2.3125 4.125 2.73199e-29 0.389966 3.62501
-2.88132e-24 2.00701 4.0625 1.78928e-29 0.823957 3.62502 -2.11889e-24 2.01388 3.8125 -3.43923e-18
1.63264 4.125 -1.87525e-18 0.451916 3.3125 -3.12186e-19 2.5 3.56442 1.64158e-21 2.13167
3.9375 1.65062e-31 1.32122 4.125 -8.03241e-31 0.513891 4 8.60623e-29 1.13463 4.0625
-2.89197e-18 0.886085 3.875 4.80576e-30 1.50804 2.25 2.02915e-26 3.5 3.5 -1.76236e-29
2.25 3.4375 -2.64437e-29 2.34624 3.125 3.11511e-29 2.75 3.375 2.05256e-18 2.4375
-4 3.16678e-25 1.15978 4.125 -1.15058e-18 0.575892 3.75 4.14945e-29 1.81983 3.6875
-6.24671e-31 1.94465 4.0625 2.32604e-29 0.948265 3.8125 -6.5728e-30 1.69509 3.9375 -8.35094e-19
1.38355 4.125 -1.78192e-29 0.637919 3.62511 1.68546e-18 2.06954 4 -1.73455e-29 1.19688
3.25 -2.64467e-18 2.625 3.4375 1.87557e-18 2.375 1.50031 -8.92856e-22 3.90107 3.5625
2.68469e-29 2.1875 3.875 1.48709e-18 1.57045 3.62515 -2.67256e-22 2.08666 4.125 -3.61761e-19
0.699974 4.0625 -1.50402e-29 1.01044 4.1875 -2.19795e-29 0 4.1875 -9.59877e-19 0.01875
4.1875 9.83899e-30 0.0805856 4.1875 -3.25185e-18 0.142441 4.1875 -1.05198e-29 0.204317 4
1.47653e-29 1.25916 3.9375 -4.05594e-29 1.4459 4.125 -5.65412e-31 0.762056 3.5 7.79038e-19
2.3125 3.75 -2.90167e-29 1.88232 4.1875 1.87317e-18 0.266214 3.5 -8.4021e-30 2.31503
3.8125 -3.21127e-18 1.75755 3.6875 2.7636e-18 2.00717 3.375 3.5769e-28 2.5 4.1875
1.10297e-31 0.328133 4.0625 -6.93653e-30 1.07264 3.50859 -1.41508e-29 2.3125 3.875 4.04099e-29
1.63287 4.1875 1.53334e-18 0.390076 3.62528 3.93058e-23 2.13207 4.125 -2.23601e-29 0.824164
4.1875 6.40168e-30 0.452041 4 -1.78739e-18 1.32146 3.5625 -1.63604e-29 2.25 3.4375
-3.92828e-29 2.4375 3.9375 2.65794e-18 1.50828 4.0625 2.2669e-18 1.13487 4.1875 2.25882e-18
0.514032 4.125 -1.41263e-29 0.8863 3.75 2.25787e-19 1.94482 3.8125 1.25826e-29 1.82002
4.1875 -1.60567e-29 0.576047 3.68561 2.13011e-24 2.06968 3.6875 -1.62182e-24 2.06969 3.875
8.53488e-30 1.6953 3.5 1.08412e-29 2.375 3.5625 -1.05685e-29 2.28378 4 -1.02575e-29
1.38379 4.125 8.42536e-19 0.948483 4.0625 -6.27281e-30 1.19712 4.1875 1.33159e-30 0.638087
3.62607 -2.60821e-18 2.19453 3.9375 2.33625e-30 1.57067 3 -1.8566e-26 3 4.1875
3.7175e-30 0.700153 4.125 7.6224e-30 1.01066 3.5625 -1.3498e-31 2.3125 4.25 -2.06681e-30
0 4.25 -2.06681e-30 0.01875 3.4375 4.50395e-30 2.5 4.25 -2.28048e-18 0.0806042
3.8125 8.05978e-30 1.8825 4.25 3.58414e-30 0.142478 4.0625 -2.19311e-29 1.2594 4
-2.27047e-30 1.44614 3.75 -2.19878e-29 2.00733 4.25 1.70474e-30 0.204372 3.875 -2.12874e-29
1.75775 4.1875 1.2923e-30 0.762244 2.75 -4.71039e-26 3.25 3.25 -2.10557e-27 2.75
4.25 1.09768e-30 0.266286 3.68751 -1.52234e-23 2.13221 4.125 -1.09593e-18 1.07287 4.25
-5.3121e-19 0.328222 3.9375 9.5672e-19 1.63308 3.5 -2.94344e-18 2.4375 4.1875 -1.18547e-30
0.824361 4.25 -5.81259e-31 0.39018 3.62697 3.63047e-22 2.25688 4.0625 1.00102e-30 1.3217
-1.50043 -7.04477e-17 4.00121 4.25 -4.21594e-30 0.452161 1.50021 -8.84934e-21 4.00208 4
-1.79884e-30 1.50851 3.375 -1.73478e-27 2.625 -3.00072 3.08936e-21 3.04721 4.125 -4.85806e-31
1.1351 3.8125 -7.55437e-30 1.94499 4.1875 -3.28027e-18 0.886504 4.25 2.42018e-30 0.514165
3.875 -9.64e-20 1.82021 3.5625 2.8133e-18 2.375 3.75 -1.49033e-30 2.06984 3.9375
-1.51838e-29 1.69551 4.25 -3.48694e-19 0.576193 3.68761 3.71792e-23 2.19474 4.0625 2.09001e-18
1.38402 4.1875 1.788e-30 0.94869 4.125 -2.65083e-18 1.19735 4 -5.8137e-19 1.57089
4.25 -3.83784e-30 0.638245 3.625 -2.16259e-18 2.3125 2.5 2.21172e-27 3.5 3.5
5.0757e-28 2.5 4.25 -3.33518e-30 0.700322 4.1875 -8.88174e-19 1.01087 3.875 8.23118e-30
1.88268 3.8125 5.37956e-30 2.00748 3.9375 -2.87412e-30 1.75795 4.0625 3.47332e-30 1.44636
4.3125 -4.75422e-30 0 4.3125 -2.46828e-18 0.01875 4.125 -9.13479e-31 1.25962 4.3125
-1.35345e-30 0.0806221 3.75 -1.93795e-30 2.13235 4.3125 2.27622e-18 0.142513 3.5625 1.76674e-29
2.4375 4.3125 1.14696e-30 0.204424 4.25 -6.11797e-31 0.762422 4 -6.03123e-30 1.63329
4.3125 3.57325e-31 0.266355 4.1875 -4.88656e-30 1.07308 3.68779 3.67482e-20 2.25727 4.3125
-6.69115e-31 0.328307 -2.50449 -3.35983e-20 3.52798 4.25 -2.36552e-18 0.824547 4.3125 2.75677e-18
0.39028 1.65541 -2.32092e-21 4.00253 4.125 1.13947e-19 1.32192 4.0625 -7.50325e-31 1.50872
3.625 3.27071e-29 2.375 3.625 -9.27425e-23 2.375 3.875 1.54194e-18 1.94516 4.3125
-1.85621e-30 0.452275 3.9375 -8.84475e-31 1.8204 3.8125 2.8137e-30 2.06999 4.1875 1.15299e-18
1.13531 4.25 -3.21808e-30 0.886697 4.3125 -5.83367e-31 0.514293 4 -1.9546e-30 1.69571
3.75 -7.31443e-19 2.19487 4.3125 7.34007e-31 0.576333 4.125 -3.70688e-30 1.38424 3.5625
1.28437e-19 2.5 3.375 -3.23842e-18 2.75 4.25 -3.24728e-30 0.948886 4.1875 -1.07448e-30
1.19757 4.0625 -3.10708e-30 1.5711 3.6886 -8.49173e-22 2.31972 4.3125 3.32929e-19 0.638396
3.875 -7.59701e-30 2.00764 3.9375 6.78709e-19 1.88286 3.625 -3.78563e-19 2.4375 3.8125
2.8319e-18 2.13249 4.25 -1.19321e-30 1.01107 4.3125 -1.1561e-30 0.700482 4 -1.35469e-30
1.75814 4.125 -7.42759e-19 1.44658 4.1875 -4.89618e-19 1.25984 3.5 2.55888e-27 2.625
4.375 3.23943e-30 0 4.375 3.23943e-30 0.01875 4.375 1.25467e-19 0.0806392 3.75001
5.50832e-24 2.25739 4.375 -3.87996e-32 0.142547 4.0625 2.99811e-18 1.6335 4.3125 -2.96153e-18
0.762592 4.375 1.85178e-18 0.204474 4.375 9.1724e-32 0.266421 4.25 9.438e-20 1.07329
3.8125 7.69296e-31 2.16947 4.375 2.76502e-19 0.328387 4.3125 8.27261e-31 0.824724 4.1875
-2.52404e-30 1.32214 3.68952 1.1566e-21 2.38205 3.9375 1.20711e-31 1.94533 4.125 -7.94368e-31
1.50893 4.375 1.09549e-30 0.390375 3.875 9.92393e-19 2.07014 4 3.86348e-19 1.82058
4.375 -1.75997e-18 0.452383 4.25 -2.58862e-31 1.13552 3.8125 2.68828e-24 2.195 3.8125
-2.09722e-30 2.195 4.0625 -3.43633e-30 1.6959 4.3125 2.49833e-31 0.88688 3.625 -1.13042e-28
2.5 4.375 -1.38729e-30 0.514413 3.75011 1.76798e-22 2.31991 4.1875 1.35733e-18 1.38445
4.375 2.16974e-18 0.576465 4.125 -2.41914e-18 1.57131 4.25 -1.16051e-18 1.19777 4.3125
1.53505e-30 0.949073 3.9375 3.40054e-18 2.0078 3.6875 1.63198e-21 2.4375 3.6875 6.4328e-29
2.4375 3.6875 2.49172e-29 2.4375 4 -2.2506e-31 1.88303 4.375 5.65392e-31 0.638539
3 -5.21869e-19 3.25 3.25 2.56582e-27 3 3.875 1.62011e-31 2.13263 4.0625
-1.93799e-18 1.75833 3.875 4.71766e-31 2.14151 4.3125 -3.59445e-31 1.01127 4.1875 1.68423e-30
1.44678 4.375 3.93385e-32 0.700635 3.8125 6.46554e-25 2.25752 3.8125 5.0696e-30 2.25752
3.8125 -1.14902e-29 2.25752 4.25 3.45724e-31 1.26005 4.125 -1.10503e-30 1.63369 4.4375
5.70871e-31 0 4.4375 -2.66762e-18 0.01875 4.4375 -2.74811e-31 0.0806556 4.4375 -1.11513e-18
0.142579 4.375 1.77502e-31 0.762752 4.4375 -2.99582e-31 0.204522 3.7503 -1.43327e-22 2.38243
4.3125 2.24302e-30 1.07348 4.4375 -3.28417e-18 0.266483 4 -9.3189e-31 1.94549 3.9375
2.81565e-31 2.07029 3.90461 4.94038e-31 2.1327 4.4375 3.32879e-31 0.328464 4.25 -3.41994e-18
1.32234 2.75 -1.13531e-17 3.5 3.5 -1.35205e-18 2.75 4.1875 -1.48638e-18 1.50914
4.0625 2.33194e-31 1.82076 4.375 5.18726e-19 0.824892 3.875 -3.74126e-19 2.19513 4.4375
1.0329e-18 0.390465 3.6875 1.04843e-28 2.5 3.6875 1.33778e-21 2.5 4.3125 1.46866e-18
1.13571 4.125 2.85092e-30 1.69609 4.4375 -2.84484e-31 0.452487 3.8125 -2.79636e-24 2.32003
4.375 3.73952e-31 0.887074 4.4375 -7.02035e-20 0.514528 3.9375 4.54214e-32 2.11364 4.25
3.39754e-31 1.38465 4.1875 5.02418e-32 1.5715 -2.00045 9.89718e-21 4.00114 4.4375 1.92061e-31
0.576591 3.625 1.27359e-27 2.625 4 1.06514e-30 2.00796 4.3125 -2.44325e-31 1.19797
2.00133 1.70078e-20 4.00354 4.375 6.1781e-19 0.94925 3.75107 -7.06736e-18 2.4448 4.0625
-8.43566e-19 1.8832 3.9375 3.38013e-31 2.13277 4.4375 1.94142e-18 0.638675 4.125 1.42749e-30
1.75851 3.875 -2.36178e-30 2.25764 4.25 -2.22105e-30 1.44698 4.375 8.30684e-31 1.01145
4.4375 -1.37378e-31 0.700779 4.3125 -8.65003e-32 1.26024 4.1875 -3.4985e-31 1.63388 3.81251
8.1912e-24 2.38257 4.5 -2.31826e-31 0 4.5 -2.31826e-31 0.01875 4.5 -1.04463e-18
0.0806713 6.49698e-05 6.36135e-17 4.5019 4.5 1.74416e-31 0.14261 4.4375 3.49533e-31 0.762905
4 -3.08863e-18 2.07043 4.0625 -2.60824e-32 1.94565 4.5 1.2057e-31 0.204567 4.375
-2.52929e-18 1.07366 4.5 -1.07018e-31 0.266543 3.9375 -3.89717e-31 2.19527 4.125 -3.33192e-18
1.82093 4.25 -1.7522e-30 1.50933 4.3125 9.08738e-31 1.32254 4 -9.76296e-31 2.08651
4.5 1.82306e-18 0.328538 3.75161 -4.71941e-22 2.50708 4.4375 3.57307e-32 0.825052 3.875
4.25716e-24 2.32015 3.875 -2.40955e-18 2.32015 4.5 3.00982e-31 0.390551 4.1875 -6.89217e-31
1.69628 4.375 -2.31027e-31 1.1359 4.5 -3.50726e-32 0.452585 4.4375 2.34889e-18 0.887237
-4 2.44536e-26 2.11862 3.8126 -5.79031e-23 2.44494 4.5 -1.17734e-31 0.514638 4.3125
2.7466e-18 1.38485 -0.49998 2.30149e-20 4.50174 0.500073 -9.60658e-21 4.50206 4.25 -8.04198e-19
1.57169 4.0625 -5.23961e-31 2.00811 4 2.29097e-31 2.13292 4.125 -5.85854e-31 1.88337
4.375 -3.2524e-18 1.19816 4.5 2.94606e-18 0.576711 4.4375 2.89714e-32 0.949419 3.9375
-8.73252e-30 2.25777 4.1875 -4.17574e-31 1.75869 4.5 5.64258e-33 0.638804 4.04969 1.39734e-31
2.07055 4.3125 -8.99302e-31 1.44717 3.875 -1.65384e-23 2.38263 3.875 1.06745e-29 2.38263
3.875 2.16031e-25 2.38263 3.625 -2.97291e-27 2.75 4.4375 -3.09179e-18 1.01162 4.54436
1.42015e-31 0.266584 4.375 1.54556e-31 1.26043 4.25 2.25237e-31 1.63407 4.5 6.94856e-33
0.700917 4.55009 -2.68317e-31 0.204602 4.0625 -1.84657e-31 2.0625 4.53446 1.06285e-31 0.452636
4.54517 -2.80245e-32 0.328588 4.54232 -1.06858e-31 0.390607 4.0625 1.8576e-31 2.07058 4.125
5.33518e-31 1.94581 4.52449 -8.77209e-32 0.576756 4.53235 1.44082e-31 0.514692 4.55973 1.14991e-31
0.142639 4.56154 6.85526e-33 0.0806861 4.56238 -1.06725e-31 0 4.56238 -1.06725e-31 0.01875
4.5625 1.14498e-33 0 4.5625 -3.37415e-18 0.01875 4 -5.31184e-30 2.1954 4.5625
-6.49142e-33 0.0806863 3.81269 1.58739e-22 2.50732 4.5 8.60004e-32 0.76305 4.5625 2.35515e-18
0.14264 4.4375 6.51911e-32 1.07384 4.1875 6.53673e-31 1.8211 4.5625 8.43352e-32 0.204611
4.52222 -4.87749e-32 0.638848 4.3125 7.33014e-31 1.50952 4.5625 -1.25637e-31 0.2666 3.9375
1.10823e-29 2.32027 4.375 5.37719e-19 1.32272 4.5202 -1.09899e-31 0.70096 4.5625 5.29428e-33
0.328608 4.5 2.40339e-18 0.825204 4.25 -4.95813e-31 1.69646 3.75 7.8713e-22 2.625
3.75 8.02476e-28 2.625 3.75 -8.89925e-22 2.625 4.5625 -5.59919e-20 0.390634 4.4375
9.79072e-19 1.13608 3.87501 -7.63149e-24 2.445 4.5625 -3.48574e-32 0.452678 4.5 1.04767e-31
0.887393 4.125 2.26059e-31 2.00827 4.0625 2.32656e-31 2.13306 4.375 -1.57803e-32 1.38503
4.3125 -4.02737e-31 1.57187 4.5625 9.82157e-32 0.514742 4.1875 6.71194e-19 1.88353 4
5.02754e-30 2.25789 4.53123 6.26239e-34 0.76312 3.25 4.01082e-27 3.25 4.4375 -1.77274e-32
1.19834 4.5625 -7.1414e-32 0.576825 4.5 -2.40584e-32 0.94958 4.25 1.19425e-32 1.75886
4.125 6.50322e-32 2.03487 3.9375 -2.50521e-18 2.3827 4.5625 8.00017e-19 0.638927 4.375
2.32901e-18 1.44736 3 9.91403e-18 3.5 3.5 -2.23495e-27 3 -1.00012 4.62343e-17
4.50156 4.3125 3.45095e-19 1.63425 1.00008 -2.36657e-21 4.50214 4.5 5.45778e-32 1.01179
4.4375 -3.32565e-18 1.26061 3.8751 -7.36414e-23 2.50739 4.125 3.31156e-18 2.07073 4.5625
-5.26108e-32 0.701049 4.1875 -4.09578e-31 1.94597 4.0625 5.53298e-31 2.19554 4.54419 -3.85668e-32
0.82532 4.25 3.14428e-18 1.82127 4 4.98783e-19 2.32041 4.625 5.61118e-33 0
4.625 5.61118e-33 0.01875 4.625 -1.00142e-18 0.0807007 4.5625 -6.46254e-32 0.763189 4.5
2.20397e-18 1.07401 4.625 2.53412e-31 0.142668 4.375 -7.29659e-32 1.5097 4.625 1.22647e-18
0.204653 4.4375 -1.56293e-32 1.3229 4.625 1.71091e-31 0.266655 4.3125 1.31166e-32 1.69663
3.9375 2.04371e-25 2.44507 3.9375 3.60122e-29 2.44507 3.9375 -3.02475e-25 2.44507 4.5625
-1.68974e-32 0.825368 4.625 3.68939e-19 0.328674 4.5 -1.39051e-31 1.13625 4.625 1.14056e-31
0.390712 4.55585 2.35281e-32 0.887526 4.125 -1.45951e-30 2.1332 -3.00113 -5.93335e-18 3.54412
4.1875 -2.80177e-32 2.00842 4.1875 -5.85045e-33 2.01177 4.625 -1.70151e-18 0.452768 4.0625
2.56506e-30 2.25802 4.5625 -2.35381e-32 0.887542 4.4375 -2.76027e-18 1.38521 4.25 1.88167e-31
1.8837 4.375 -1.78552e-18 1.57205 3.75 1.33975e-27 2.75 4.625 -1.26083e-31 0.514842
4.19988 1.18204e-32 2.00845 4 -3.23457e-31 2.38277 4.5 -7.39713e-33 1.19851 4.3125
-3.02216e-18 1.75903 4.5625 -7.32394e-33 0.938668 4.5625 8.87263e-34 0.949734 4.625 1.8236e-19
0.576934 4.56497 -9.44397e-33 0.949739 4.4375 -3.82832e-32 1.44753 3.9375 3.37279e-18 2.50743
4.625 5.06038e-32 0.639045 4.375 -2.04839e-31 1.63442 4.1875 1.52434e-31 2.07087 4.125
6.04529e-31 2.19567 4.5 -8.99401e-32 1.26078 4.5625 -3.1384e-33 1.01194 4.25 1.14541e-32
1.94613 4.625 2.90001e-18 0.701174 4.0625 5.00221e-31 2.32049 4.3125 3.18721e-32 1.82144
4.57399 2.08053e-32 1.01197 3.87675 5.11979e-18 2.63186 4.5625 9.39586e-33 1.07417 4.4375
2.92659e-18 1.50987 4.6875 -2.52579e-32 0 4.6875 3.30949e-18 0.01875 4.625 -3.38146e-31
0.763321 4 8.63007e-29 2.44515 4 2.82858e-24 2.44515 4.6875 3.71559e-31 0.0807145
4.25 1.86379e-31 1.98133 4.6875 3.25434e-18 0.142695 4.5 1.67723e-18 1.32308 4.6875
-2.86405e-31 0.204693 4.375 2.15063e-31 1.6968 4.6875 4.6125e-31 0.266707 4.625 1.0697e-19
0.825505 4.6875 -1.2242e-31 0.328738 4.1875 -1.92825e-18 2.13333 4.25 -6.7338e-33 2.00857
4.57692 -3.79442e-33 1.0742 4.5625 -2.4124e-18 1.13641 4.125 -4.50039e-30 2.25815 4.6875
1.4194e-18 0.390787 4.3125 1.82383e-31 1.88385 4.4375 -2.20758e-34 1.57222 4.5 -7.60878e-33
1.38538 4.6875 -2.08839e-32 0.452853 4.625 -6.10278e-33 0.887684 4.0625 -3.91458e-19 2.38285
4.57643 -4.05242e-32 1.13645 4.375 4.71187e-32 1.75919 4.6875 6.98939e-32 0.514937 2.5
1.66631e-27 4 4.5625 1.35765e-32 1.19867 -2.50021 1.89059e-22 4.00124 4.00001 -3.60616e-24
2.50748 4.625 -1.15468e-31 0.94988 4.6875 1.38255e-31 0.577038 4.5 8.51029e-33 1.4477
4.25 3.87179e-31 2.07102 4.1875 -2.06314e-30 2.1958 4.57445 -2.18714e-32 1.1987 4.4375
1.42173e-18 1.63459 4.6875 -4.62005e-19 0.639157 4.3125 7.70843e-33 1.94628 4.125 -3.43043e-18
2.32057 4.3125 -2.78291e-32 1.95035 4.5625 -5.74522e-33 1.26095 4.625 -7.00284e-32 1.01209
4.375 3.56601e-19 1.82159 4.6875 1.74578e-31 0.701293 4.32244 9.46295e-33 1.9463 4.0625
-6.86322e-29 2.4452 -1.50032 1.22506e-20 4.50142 1.50014 -8.58459e-21 4.50199 4.5 5.33344e-32
1.51004 4.57743 1.65782e-33 1.26099 4.625 1.30379e-32 1.07432 4.6875 9.59815e-19 0.763447
4.75 4.77328e-31 0 4.75 4.77328e-31 0.01875 4.5625 1.56099e-33 1.32324 4.75
3.72304e-19 0.0807277 4.4375 -2.15729e-32 1.69696 3.875 -8.15943e-23 2.75 3.875 8.27037e-28
2.75 3.875 -7.69855e-22 2.75 4.75 1.46102e-31 0.142721 4.56644 3.65345e-33 1.32325
4.75 3.3361e-31 0.204731 4.25 -4.54037e-31 2.13347 4.3125 1.66336e-31 2.00871 4.75
1.21174e-31 0.266757 4.1875 -5.02082e-31 2.25827 4.5625 3.11154e-33 1.35076 4.6875 1.12463e-31
0.825635 4.75 1.75679e-18 0.328799 4.625 2.02943e-32 1.13657 4.375 -7.9164e-33 1.88401
4.125 6.1345e-31 2.38293 4.55945 -6.9231e-33 1.38554 4.75 -3.60046e-31 0.390859 4.5
1.97788e-20 1.57239 4.5625 -4.61034e-21 1.38555 4.6875 -2.31427e-18 0.88782 4.375 -3.15915e-32
1.90352 4.75 5.02835e-31 0.452935 4.4375 -1.22087e-32 1.75935 4.0625 4.88131e-29 2.50753
4.0625 -1.53022e-18 2.50753 3.25 1.03752e-26 3.5 3.5 7.56423e-18 3.25 4.55237
1.04061e-31 1.44784 4.75 -1.34401e-32 0.515028 4.625 1.36852e-18 1.19883 4.6875 5.78985e-32
0.950021 4.25 1.01539e-18 2.19593 4.3125 -9.55554e-32 2.07116 4.75 2.11611e-18 0.577137
4.39894 4.63676e-32 1.88406 4.5625 2.54696e-33 1.44787 4.1875 6.21542e-32 2.32067 4.5
-4.91451e-33 1.63475 4.54336 3.44251e-32 1.51015 4.375 -1.6639e-18 1.94643 4.00032 -2.3645e-22
2.63216 4.75 -1.19861e-31 0.639264 4.625 -6.94432e-32 1.26111 4.125 -6.38396e-19 2.44526
4.6875 3.11936e-32 1.01224 4.53133 -3.10339e-32 1.57247 4.4375 0 1.82175 4.4375
-6.82966e-35 1.82198 4.4377 4.44267e-35 1.82175 4.75 7.55357e-32 0.701407 4.51496 3.23925e-33
1.63479 3.75 -5.2342e-27 3 4.5 -1.18454e-32 1.67747 4.49478 9.57187e-32 1.69711
4.5625 7.19416e-33 1.5102 4.47265 -2.0398e-32 1.75944 4.6875 -6.16087e-32 1.07447 4.5
-2.12623e-18 1.69712 4.625 2.32095e-33 1.3234 4.75 5.02853e-32 0.763568 4.3125 6.33924e-31
2.13361 4.8125 -7.30471e-31 0 4.8125 9.71921e-19 0.01875 4.25 -3.39695e-30 2.25838
4.8125 8.79343e-32 0.0807404 4.375 2.92011e-31 2.00886 1.70459 -8.17044e-22 4.50263 4.8125
2.82624e-19 0.142746 4.8125 -2.59678e-31 0.204768 4.1875 -3.96687e-29 2.38299 4.8125 9.37961e-19
0.266805 4.4375 1.76328e-18 1.88416 4.75 -1.44016e-18 0.82576 4.6875 -6.72876e-19 1.13672
4.8125 2.07172e-32 0.328858 4.5625 6.07172e-33 1.57255 4.125 1.62355e-28 2.50759 4.125
8.03945e-29 2.50759 4.625 1.78083e-32 1.38571 4.8125 -1.78443e-18 0.390927 4.5 2.29405e-33
1.75951 4.75 2.48246e-31 0.88795 4.8125 -1.63596e-31 0.453013 4.6875 -1.15377e-31 1.19898
4.3125 -1.39728e-30 2.19606 4.8125 -2.57076e-18 0.515114 4.375 2.48829e-18 2.0713 4.25
-2.18727e-29 2.32074 4.75 3.01581e-31 0.950155 4.4375 1.31304e-32 1.94657 4.625 -2.0215e-18
1.44802 4.5625 -7.95796e-19 1.63491 4.8125 -7.55033e-32 0.577232 4.1875 -6.55881e-29 2.44532
4.6875 -1.46013e-32 1.26126 4.8125 -1.08323e-18 0.639366 4.5 -2.8364e-32 1.8219 4.75
1.97706e-31 1.01238 4.00134 1.07894e-21 2.75677 4.8125 4.85035e-33 0.701517 4.625 4.0384e-32
1.51036 4.375 5.18636e-32 2.13374 4.5625 6.7621e-32 1.69728 4.3125 1.45166e-18 2.25849
4.75 -1.50197e-19 1.07461 4.6875 3.20826e-33 1.32355 4.4375 2.22666e-18 2.009 4.25
-1.89573e-29 2.38306 4.8125 -2.93921e-31 0.7637 4.875 5.99706e-31 0 4.875 5.99706e-31
0.01875 4.875 -6.89202e-20 0.0807525 4.875 -3.60631e-32 0.14277 4.5 9.54028e-32 1.8843
4.875 -2.77162e-19 0.204803 4.1875 -1.03673e-28 2.50765 4.875 5.62017e-31 0.26685 4.8125
2.93773e-31 0.82588 4.75 -8.87059e-32 1.13686 4.625 2.43337e-18 1.5727 4.875 -3.00311e-18
0.328914 4.6875 1.07608e-18 1.38586 4.5625 7.32248e-32 1.75966 4.875 3.62375e-31 0.390993
4.12502 3.29783e-24 2.63228 4.8125 -2.94481e-18 0.888074 4.375 6.30115e-19 2.19619 4.875
2.18561e-18 0.453087 4.4375 6.48568e-32 2.07143 4.3125 5.48227e-30 2.32081 4.75 5.77471e-32
1.19913 4.875 2.77984e-31 0.515197 4.5 6.51872e-19 1.94672 4.25 -3.19314e-18 2.44538
4.8125 -1.64677e-32 0.950284 4.625 -6.31545e-33 1.63506 4.6875 6.79129e-34 1.44818 4.875
-6.05302e-19 0.577323 4.5625 1.58743e-31 1.82205 4.75 -8.67481e-32 1.26141 4.875 -1.76064e-31
0.639464 4.8125 -1.23447e-18 1.01251 4.375 -5.72635e-30 2.25856 4.4375 1.75446e-18 2.13387
4.6875 1.06143e-31 1.51051 4.875 2.12263e-18 0.701621 -2.00038 1.84123e-17 4.50134 4.625
2.31291e-18 1.69742 4.3125 -1.30604e-18 2.38313 2.001 -3.46222e-17 4.50355 4.5 -2.13067e-32
2.00914 4.75 -2.79188e-18 1.3237 4.8125 1.79491e-31 1.07475 4.875 1.35398e-31 0.763809
4.25 -2.85902e-28 2.50772 4.25 -2.01067e-24 2.50773 4.5625 -1.92631e-18 1.88445 4.9375
2.41205e-31 0 4.9375 -3.00993e-18 0.01875 4.9375 1.34662e-31 0.0807641 4.9375 1.43187e-18
0.142793 4.9375 2.85331e-31 0.204836 4.6875 -9.41769e-32 1.57285 4.875 -2.52472e-18 0.825994
4.9375 -1.52301e-31 0.266894 4.8125 -1.60842e-18 1.137 4.75 6.10026e-32 1.386 4.9375
6.83552e-31 0.328967 4.625 1.56794e-31 1.7598 3.5 -6.70949e-27 3.5 4.4375 4.46107e-32
2.19633 4.375 -1.06509e-29 2.32088 4.9375 -2.88529e-18 0.391055 4.5 2.0058e-31 2.07156
4.875 -1.21208e-31 0.888193 4.3125 1.37409e-29 2.44546 4.9375 5.40196e-31 0.453158 4.8125
-3.08006e-32 1.19927 4.5625 -4.74829e-32 1.94686 4.12517 1.40526e-22 2.75701 3.75 7.70907e-27
3.25 4.9375 2.07324e-32 0.515277 4.6875 -1.99357e-18 1.6352 4.75 8.41404e-33 1.44832
4.875 -3.17519e-18 0.950407 4.625 1.85608e-18 1.82219 4.9375 1.17675e-31 0.57741 4.8125
-3.42483e-18 1.26155 4.9375 -9.84719e-21 0.639558 4.875 -4.92843e-33 1.01264 4.4375 -8.70855e-31
2.25864 4.5 1.25752e-30 2.134 4.375 7.50274e-30 2.3832 4.75 -6.21721e-32 1.51065
4.5625 1.40721e-18 2.00927 4.6875 -1.23357e-31 1.69757 4.9375 -2.91e-31 0.701738 4.3125
2.81982e-18 2.50779 4.8125 9.18646e-32 1.32384 4.875 -3.04055e-18 1.07488 4.625 -1.01907e-31
1.88459 4.9375 1.96355e-18 0.763914 4.25 8.40513e-25 2.63242 4 -2.93371e-27 3
3 -1.29647e-25 4 4 -2.17921e-27 3 5 -3.82928e-31 0 -5
-3.39216e-26 0 4 -9.16964e-28 3 5 -3.82928e-31 0.01875 5 5.43361e-19
0.0807757 6.79778e-05 7.29736e-18 5.00191 5 -1.77861e-31 0.142816 4.75 -1.62373e-18 1.57299
5 -3.28321e-31 0.204868 4.875 -2.07841e-31 1.13713 4.9375 -7.63485e-32 0.826104 -5
3.99396e-18 0.24832 4.6875 3.31433e-18 1.75994 5 4.01277e-31 0.266936 4.5 3.08905e-18
2.1964 4.4375 -8.49055e-30 2.32095 4.8125 -1.98771e-18 1.38615 5 -1.91836e-18 0.329019
4.5625 2.7111e-31 2.0717 4.375 -2.4632e-18 2.44553 5 -2.69905e-31 0.391115 4.9375
2.18876e-18 0.888308 4.625 2.11866e-18 1.94699 4.875 -2.93904e-31 1.1994 5 2.64489e-31
0.453227 4.75 1.31709e-31 1.63535 4.8125 -3.02117e-32 1.44846 5 1.30578e-31 0.515353
-0.49994 1.28419e-17 5.00179 0.500073 -2.3828e-17 5.00204 4.9375 1.72912e-31 0.950526 4.6875
-6.60006e-32 1.82233 5 -3.52723e-31 0.577493 4.5 -1.07725e-32 2.25871 4.875 9.28531e-32
1.26168 -3.0018 -1.68256e-20 4.04421 4.5625 -1.3838e-18 2.13413 4.4375 -2.33153e-18 2.38327
4.9375 -3.01086e-31 1.01276 5 7.98897e-32 0.639648 4.625 -2.32136e-31 2.0094 4.375
-7.64065e-29 2.50787 4.8125 2.15569e-18 1.51079 4.75 -4.89433e-32 1.69771 5 8.48014e-19
0.701833 4.875 3.14366e-18 1.32398 4.6875 -8.84721e-19 1.88472 4.9375 2.21844e-31 1.075
-4.00007 2.32817e-22 3.09448 5 5.4227e-34 0.764014 5.0625 -4.55579e-31 0 5.0625
3.1879e-18 0.01875 4.8125 8.28148e-32 1.57313 5.0625 -1.43343e-31 0.0807864 4.5 6.66961e-30
2.32103 4.5625 -1.21139e-31 2.19648 5.0625 -8.39265e-19 0.142837 4.75 -2.0544e-34 1.76008
4.25005 -4.76012e-23 2.75715 5.0625 -5.70921e-31 0.204899 4.9375 1.46524e-18 1.13726 4.4375
-6.94653e-29 2.44561 5 6.52235e-32 0.826209 4.625 -2.93653e-18 2.07183 4.875 -9.12433e-32
1.38628 5.0625 -3.32878e-18 0.266976 5.0625 3.66923e-31 0.329068 4.6875 1.65912e-31 1.94712
5.0625 1.25584e-18 0.391173 5 -1.63446e-31 0.888418 4.9375 1.61604e-31 1.19953 5.0625
-8.97118e-33 0.453292 4.8125 -2.81552e-18 1.63549 4.875 1.39881e-18 1.4486 4.75 -7.68565e-19
1.82246 5.0625 2.83159e-18 0.515426 5 4.01211e-19 0.950639 4.5625 -2.28419e-18 2.25879
4.5 -4.4501e-30 2.38335 4.625 3.16492e-31 2.13425 5.0625 2.50348e-31 0.577573 4.9375
-5.69153e-32 1.26181 4.4375 -5.49587e-29 2.50794 4.6875 -3.54643e-31 2.00953 -0.999976 -4.00544e-17
5.00167 1.00008 -6.41063e-17 5.00203 5 2.053e-31 1.01287 5.0625 1.7769e-18 0.639734
4.8125 -5.93973e-34 1.69785 4.875 8.44557e-33 1.51093 4.37496 1.14029e-24 2.63257 4.375
2.54362e-28 2.63257 4.375 1.26144e-24 2.6326 4.75 8.07928e-32 1.88486 5.0625 2.81626e-31
0.701924 4.9375 6.24555e-32 1.32411 5 7.42661e-19 1.07512 4.5625 -8.91284e-30 2.32111
5.0625 1.00886e-31 0.764111 4.625 -5.6821e-19 2.19656 4.5 2.7579e-18 2.44569 4.875
2.20928e-18 1.57327 4.8125 -8.01311e-32 1.76022 5.125 1.92321e-31 0 4.6875 3.38835e-31
2.07195 5.125 1.92321e-31 0.01875 5.125 -1.40367e-18 0.0807967 5.125 4.51225e-31 0.142857
5 1.75008e-31 1.13738 4.9375 -1.08417e-18 1.38641 5.125 5.03928e-32 0.20493 5.0625
-1.04438e-31 0.82631 3.75 -9.84947e-18 3.5 5.125 -3.38937e-31 0.267017 4.75 -2.00609e-31
1.94725 5.125 -3.40455e-19 0.329115 5.0625 2.85604e-18 0.888523 5.125 -2.98819e-32 0.391228
-5 -8.29833e-17 1.19622 5 1.91396e-32 1.19965 4.875 -2.49327e-32 1.63562 5.125
-2.69815e-18 0.453355 4.9375 -5.48096e-32 1.44873 4.8125 5.10335e-32 1.8226 4.625 5.40893e-30
2.25887 4.5625 -2.35876e-19 2.38343 2.5 1.63591e-25 4.5 4.6875 3.20292e-18 2.13433
5.125 -3.15879e-32 0.515496 5.0625 2.59592e-31 0.950749 4.5 1.15408e-28 2.50803 4
1.05711e-26 3.25 4.00002 1.15541e-27 3.25 5 -1.09219e-32 1.26194 5.125 3.38558e-18
0.577649 4.75 2.7866e-31 2.00966 4.875 -5.95227e-20 1.69798 5.0625 1.00637e-32 1.01299
4.9375 1.65899e-31 1.51106 5.125 -1.56762e-31 0.639832 4.8125 -2.21577e-18 1.88499 4.375
-9.98119e-25 2.7573 5 2.03133e-18 1.32423 5.125 2.48133e-18 0.702011 4.625 1.01069e-18
2.32119 5.0625 -2.3683e-31 1.07524 4.6875 -2.4763e-32 2.19664 4.5625 -9.24907e-30 2.44577
5.125 1.02689e-31 0.764203 4.9375 -2.21017e-32 1.5734 4.75 1.75526e-18 2.07207 4.875
-7.63992e-32 1.76035 5.1875 -1.62606e-31 0 5.1875 2.12428e-18 0.01875 5.1875 3.52277e-32
0.0808065 5 -1.15655e-31 1.38654 5.0625 -1.9426e-18 1.1375 5.1875 -5.88807e-19 0.142876
5.125 -3.27063e-18 0.826408 5.1875 -3.26007e-31 0.204958 4.8125 1.99384e-31 1.94738 5.1875
-1.90903e-31 0.267054 5.1875 -1.63774e-31 0.32916 4.9375 1.94828e-18 1.63575 5.125 2.79463e-31
0.888625 5.1875 2.50002e-31 0.391281 5.0625 1.29128e-31 1.19977 4.625 1.0714e-29 2.38352
4.6875 3.84377e-31 2.25895 4.875 3.80478e-19 1.82273 5 -5.08629e-32 1.44886 4.5625
1.09308e-18 2.50811 4.2509 5.07248e-22 3.00666 5.1875 1.2664e-31 0.453416 4.75 2.1635e-31
2.13441 5.125 1.38017e-18 0.950854 5.1875 -2.8218e-31 0.515563 4.5 2.08538e-28 2.63273
4.5 -1.40872e-24 2.63277 4.8125 1.38796e-18 2.00979 5.0625 7.83897e-19 1.26206 5.1875
-2.7781e-32 0.577723 4.9375 8.17303e-32 1.69811 -1.50007 -2.30708e-17 5.00158 1.50013 -1.67359e-17
5.00186 5 -1.16895e-31 1.51119 5.125 6.36011e-32 1.0131 4.875 -9.61334e-33 1.88511
5.1875 3.17777e-19 0.63991 4.6875 3.96862e-30 2.32127 4.625 -2.19794e-19 2.44585 5.0625
4.06021e-32 1.32436 4.75 9.66051e-31 2.19672 5.1875 -2.67845e-31 0.702095 5.125 -3.22682e-18
1.07535 4.8125 3.28779e-31 2.07218 5 2.98635e-33 1.57353 4.9375 -7.21583e-20 1.76047
5.1875 -2.30811e-18 0.764292 5.0625 -3.12293e-18 1.38666 4.875 -1.32556e-18 1.94751 5.125
5.37376e-32 1.13761 5.25 2.74571e-31 0 5.25 2.74571e-31 0.01875 5.25 2.92347e-31
0.080816 5.25 -2.26731e-31 0.142894 5.1875 -1.62262e-31 0.826501 5.25 1.0377e-18 0.204986
5.25 -1.11301e-31 0.267089 4.6875 -1.807e-19 2.3836 4.75 -1.51144e-30 2.25903 5.25
2.44223e-31 0.329205 5 1.65789e-32 1.63587 4.625 3.48814e-29 2.50819 5.1875 2.04496e-18
0.888722 4.9375 -1.93922e-32 1.82285 5.125 3.0846e-18 1.19989 5.25 -3.11753e-32 0.391332
4.8125 -2.93564e-18 2.13449 5.0625 -1.16867e-31 1.44898 5.25 2.2637e-18 0.453474 4.875
-8.51927e-32 2.00991 5.1875 -3.50558e-31 0.950955 5.25 -2.19282e-31 0.515627 4.5 3.00991e-24
2.75747 5.125 -6.1197e-32 1.26218 5 6.60286e-19 1.69823 1.6915 7.60124e-21 5.00239
5.25 8.68123e-32 0.577794 5.0625 -2.80658e-18 1.51131 4.9375 1.22693e-18 1.88523 5.1875
-1.88961e-19 1.0132 4.75 -2.31722e-18 2.32136 4.6875 1.56027e-29 2.44594 5.25 3.17998e-32
0.639973 4.8125 1.22494e-30 2.1968 5.125 -1.44089e-18 1.32448 5.25 2.27012e-18 0.702176
4.875 -3.46006e-18 2.07226 5.1875 9.62995e-32 1.07546 5 -1.79238e-32 1.7606 5.0625
-8.26586e-33 1.57365 5.25 -2.99486e-31 0.764378 4.9375 -1.62434e-31 1.94763 5.125 -2.90031e-32
1.38678 5.1875 -2.36187e-18 1.13772 5.3125 4.42508e-31 0 5.3125 2.37637e-18 0.01875
5.3125 1.80877e-31 0.0808251 5.3125 -3.27952e-32 0.142912 4.75 -1.26303e-30 2.38369 5.25
1.00308e-31 0.826591 3.5 -4.25565e-17 4 4 5.65006e-18 3.5 4.00001 3.51012e-22
3.5 4.8125 -9.50194e-19 2.25912 4.6875 2.32923e-29 2.50828 5.3125 4.24704e-32 0.205012
5.3125 -2.33808e-18 0.267123 5.0625 -1.79529e-18 1.636 4.875 1.85164e-31 2.13457 4.625
-1.92102e-28 2.6329 5 8.08243e-32 1.82297 5.3125 1.12627e-31 0.329247 5.1875 6.34741e-32
1.2 5.25 -1.46597e-31 0.888816 5.125 1.92566e-18 1.4491 5.3125 3.01001e-18 0.391381
4.9375 -5.54358e-32 2.01004 5.3125 -4.4006e-32 0.453529 5.25 2.68482e-18 0.951053 5.3125
-1.33376e-18 0.51569 5.1875 -5.66764e-32 1.26229 5.0625 1.87508e-32 1.69835 4.75 -7.47398e-30
2.44602 4.8125 1.08776e-30 2.32144 5.125 1.69877e-31 1.51143 5 -1.50891e-31 1.88535
5.3125 -7.46104e-32 0.577862 5.25 -8.46784e-32 1.0133 4.875 2.78065e-18 2.19688 5.3125
2.12198e-18 0.640046 5.1875 -1.00659e-31 1.32459 4.9375 4.92666e-32 2.07234 4.25103 -2.83998e-22
3.2563 5.3125 8.08324e-32 0.702242 5.25 1.02221e-31 1.07556 5.0625 -9.12915e-33 1.76072
5.125 5.83058e-19 1.57377 5 -4.9594e-19 1.94774 5.3125 -7.53594e-32 0.76445 5.1875
-8.99193e-32 1.3869 4.8125 1.74096e-18 2.38377 4.75 -9.12067e-29 2.50837 5.25 1.11652e-31
1.13783 4.875 3.50604e-30 2.2592 5.375 -2.9191e-31 0 5.375 -2.9191e-31 0.01875
5.375 7.65254e-19 0.0808339 5.3125 -1.82727e-32 0.826669 5.375 -2.65378e-31 0.142929 5.375
-1.39376e-18 0.205037 4.9375 3.41289e-18 2.13465 5.125 -3.12671e-32 1.63612 5.0625 -3.41789e-33
1.82309 5.375 -1.37655e-31 0.267156 4.62495 -1.80478e-24 2.75764 4.625 2.51088e-28 2.75764
5.375 -5.277e-32 0.329287 5.25 -3.43288e-18 1.20011 5.1875 5.80284e-32 1.44922 5.3125
-2.67614e-18 0.8889 -2.00009 4.0551e-21 5.00153 2.00083 -4.27394e-21 5.00325 5 2.83409e-32
2.01012 5.375 -2.45176e-31 0.39143 5.375 -1.1296e-18 0.453583 5.3125 -1.24736e-31 0.951142
4.8125 -1.99588e-30 2.44611 5.125 2.07471e-18 1.69847 4.875 -5.29846e-19 2.32153 5.25
-5.2495e-33 1.2624 5.375 1.81429e-31 0.515749 5.0625 1.35503e-18 1.88547 5.1875 -1.96238e-32
1.51155 4.9375 1.299e-30 2.19697 5.375 -1.06221e-18 0.577927 5.3125 -7.3517e-32 1.0134
3 1.25933e-17 4.5 4.50009 8.3809e-23 3.00704 5 2.39433e-18 2.07242 5.375
-4.7081e-32 0.640117 5.25 -1.04184e-31 1.3247 5.125 3.41793e-32 1.76083 5.3125 6.00845e-32
1.07568 5.375 -3.10876e-18 0.702318 5.1875 3.29809e-33 1.57388 5.0625 -1.33769e-31 1.94786
4.875 9.62472e-30 2.38386 4.8125 -3.31188e-18 2.50846 5.375 -8.88709e-32 0.76453 4.9375
2.77066e-30 2.25929 5.25 -4.32048e-32 1.38701 4.75 1.31364e-18 2.63308 5.3125 4.36315e-32
1.13795 5 7.88324e-32 2.13473 5.4375 2.23519e-31 0 5.4375 9.97281e-19 0.01875
5.4375 3.00627e-31 0.0808423 5.375 2.62183e-18 0.826753 5.4375 -1.59185e-18 0.142946 5.1875
-9.28441e-19 1.63623 5.125 -2.59182e-18 1.82321 5.4375 4.84135e-32 0.205061 5.4375 9.20699e-34
0.267188 -5 1.82012e-17 2.15667 5.25 2.09936e-18 1.44933 5.3125 -1.45334e-32 1.20023
5.0625 2.068e-31 2.0102 5.4375 -2.21799e-31 0.329326 5.375 -1.86478e-32 0.888988 5.4375
-2.525e-18 0.391476 4.875 -2.12263e-18 2.4462 4.9375 -2.92741e-30 2.32162 5.4375 -8.23456e-33
0.453635 5.1875 8.2145e-32 1.69859 5.375 -8.53894e-19 0.951233 5.3125 2.51763e-19 1.26253
5.125 -1.43134e-32 1.88559 5 1.96767e-18 2.19705 5.4375 1.12804e-31 0.515807 5.25
2.13866e-32 1.51166 5.4375 -5.79354e-32 0.57799 5.375 -6.91753e-32 1.01349 5.0625 1.2838e-31
2.07251 -5 9.30064e-28 2.22873 5.4375 7.6213e-19 0.640185 5.3125 -8.33672e-32 1.32483
5.1875 7.2778e-19 1.76095 5.25 7.96487e-32 1.574 5.375 3.02911e-18 1.07577 4.875
-1.53866e-29 2.50855 5.4375 7.53917e-33 0.70239 5.125 -1.19213e-18 1.94798 4.9375 1.37053e-18
2.38395 5 -6.57108e-31 2.25938 5.3125 8.29601e-19 1.38714 5.4375 -5.28342e-19 0.764607
4.75 1.91875e-28 2.75782 4.75 -3.3526e-24 2.7579 5.375 -8.65089e-33 1.13805 5.0625
2.82524e-18 2.13482 5.1875 -7.3804e-33 1.82332 5.25 -1.19611e-31 1.63637 5.5 -1.03857e-31
0 5.4375 -6.93139e-32 0.826834 5.5 -1.03857e-31 0.01875 5.5 5.54773e-32 0.0808504
5.5 5.03394e-32 0.142962 5.5 2.84344e-18 0.205085 5.125 2.60508e-32 2.01028 5.5
-1.39435e-31 0.267218 5.3125 -7.75061e-33 1.44946 5.375 6.41477e-32 1.20033 5.4375 3.44611e-18
0.889072 5.5 3.16782e-31 0.329363 4.9375 6.3302e-30 2.44629 4.25112 -5.30081e-22 3.50602
5 2.94506e-30 2.3217 5.5 1.34586e-31 0.391519 5.25 2.35782e-18 1.69872 5.5
2.9647e-18 0.453686 5.0625 -1.58422e-31 2.19714 5.1875 -3.26583e-18 1.88572 5.4375 -2.91912e-32
0.951321 5.375 -7.71321e-32 1.26263 5.3125 3.08678e-18 1.51179 5.5 -3.52959e-32 0.515862
5.125 2.8717e-18 2.07259 5.5 -5.72931e-33 0.578051 5.4375 2.78541e-18 1.01358 5.375
1.41039e-31 1.32493 5.5 6.62789e-32 0.64025 5.25 6.69955e-33 1.76108 4.9375 -6.67617e-30
2.50864 5 9.02566e-30 2.38404 4.875 -1.54685e-28 2.63326 5.3125 -1.64363e-32 1.57413
5.1875 -3.92278e-32 1.94805 5.4375 -9.69338e-32 1.07587 5.0625 3.94889e-19 2.25946 5.5
-1.46668e-18 0.702461 5.375 -1.20674e-31 1.38724 5.125 1.78576e-31 2.1349 5.5 -1.08386e-31
0.764681 4.5001 -1.04837e-17 3.25669 5.4375 8.67561e-20 1.13814 5.25 1.80166e-32 1.82345
5.3125 -2.50635e-18 1.63647 5.5 -1.0203e-31 0.826913 5.5625 -1.48986e-31 0 5.5625
-1.48986e-31 0.01875 5.5625 -1.36957e-31 0.0808582 5.1875 2.7138e-32 2.01036 5.5625 -3.20146e-18
0.142977 5.5625 -9.28999e-32 0.205107 5 1.82779e-18 2.44638 5.375 5.45656e-20 1.44956
5.4375 -1.15908e-31 1.20043 5.5625 -2.3759e-18 0.267248 5.0625 2.32684e-30 2.32179 5.5
-4.09114e-32 0.889154 5.5625 -2.13879e-32 0.329399 5.125 -2.52191e-18 2.19722 5.5625 3.05377e-32
0.391561 5.3125 1.24303e-33 1.69883 5.25 1.51584e-32 1.88583 5.5625 -2.96941e-32 0.453734
5.5 -2.45557e-18 0.951406 5.4375 -1.36546e-31 1.26272 5.375 -6.40776e-32 1.51189 5.1875
8.37238e-32 2.07267 5.5625 2.53426e-18 0.515916 2.5 -3.9747e-26 5 5.5625 -1.28512e-31
0.578109 5.5 9.3974e-33 1.01369 5 5.85212e-30 2.50873 5.0625 -1.3294e-18 2.38413
5.4375 -4.49737e-32 1.32503 5.3125 7.48973e-33 1.76119 5.5625 6.50789e-19 0.640314 5.25
-3.32916e-18 1.94813 5.375 7.42714e-19 1.57423 5.125 8.91915e-31 2.25955 4.875 -6.93736e-18
2.75801 5.5 -1.79431e-18 1.07595 5.5625 7.24694e-32 0.702528 5.1875 -1.26138e-18 2.13499
5.4375 3.10733e-18 1.38734 5.5625 -1.21877e-31 0.764753 5.5 3.3945e-32 1.13823 5.3125
3.92391e-32 1.82356 5.375 -4.76346e-32 1.63658 5.25 -1.17537e-31 2.01044 4.75 1.77752e-25
3.00739 5.0625 1.91713e-29 2.44647 5.5625 -3.62038e-32 0.826988 5.625 -2.30846e-31 0
5.625 -2.30846e-31 0.01875 5.625 -2.15213e-19 0.0808658 5.125 6.52167e-19 2.32188 5.625
-2.96092e-32 0.142992 5.4375 -1.28333e-32 1.44966 5.625 -3.33352e-19 0.205129 5.5 2.88817e-18
1.20052 5.625 -3.76344e-32 0.267276 5.5625 -8.76848e-32 0.889233 5.1875 7.28691e-31 2.19731
5.625 -2.11459e-21 0.329434 5.375 2.0353e-18 1.69893 5.3125 -3.33778e-18 1.88591 5.625
-6.7036e-32 0.391602 5.5 -4.26809e-32 1.26282 5.625 -1.08884e-18 0.45378 5.5625 -1.2864e-31
0.951488 5.4375 -1.9112e-32 1.51199 5.25 -3.4176e-32 2.07275 5.625 9.99048e-32 0.515967
5.0625 -1.53348e-18 2.50883 5 1.66952e-28 2.63345 5.125 -6.61518e-31 2.38422 5.5625
-4.33572e-19 1.01377 5.625 2.05986e-18 0.578166 5.375 7.81399e-33 1.76129 4 2.66573e-26
4 4.00003 -3.7615e-27 4 5.5 -1.40751e-19 1.32513 5.1875 -1.5422e-30 2.25964
5.3125 -5.03253e-32 1.94821 5.4375 4.2525e-32 1.57433 5.625 -5.75994e-32 0.640375 5.5625
3.58356e-32 1.07604 5.25 -6.91478e-31 2.13507 5.625 -9.30601e-19 0.702594 5.5 2.43307e-32
1.38744 5.375 1.83559e-18 1.82366 5.625 7.2041e-32 0.764822 5.5625 1.81771e-18 1.13832
5.4375 3.09622e-18 1.63668 5.125 -9.84211e-30 2.44657 5.3125 -2.53028e-18 2.01052 5.1875
-4.33179e-30 2.32197 5.625 9.78033e-19 0.827061 5.6875 1.15371e-31 0 5.6875 -1.29774e-19
0.01875 5.5 2.13007e-18 1.44976 5.6875 -1.73704e-31 0.0808731 5.6875 4.08826e-19 0.143006
5.5625 -2.30741e-32 1.20061 5.6875 4.38623e-32 0.20515 5.25 -1.17475e-18 2.19739 5.6875
-7.93165e-33 0.267303 5.625 3.76415e-32 0.889309 5.375 6.39089e-32 1.88598 5.4375 -6.68165e-32
1.69903 5.6875 -5.93482e-32 0.329467 3.5 -1.23682e-25 4.5 5.6875 2.73451e-18 0.391641
5.3125 -2.38186e-31 2.07283 5.5625 7.45383e-19 1.26291 5.5 -7.56314e-32 1.51209 5.625
-3.07068e-19 0.951584 4.5002 -2.15479e-22 3.50641 5.6875 1.19306e-31 0.453825 5.125 -1.59496e-18
2.50892 5.1875 2.39971e-18 2.38431 5 -3.26206e-18 2.7582 5.6875 2.5552e-32 0.516017
5.625 1.10375e-32 1.01385 5.25 7.90296e-31 2.25972 5.4375 1.32261e-18 1.76139 -4.00039
1.35292e-21 4.08378 5.6875 -8.52482e-32 0.57822 5.375 2.26174e-19 1.94829 5.5625 6.39674e-32
1.32522 5.5 9.79575e-19 1.57443 5.6875 -1.29502e-18 0.640434 5.3125 3.28808e-18 2.13515
5.625 -1.91805e-18 1.07612 5.6875 -2.31967e-32 0.702657 5.5625 1.63036e-18 1.38753 5.4375
5.06515e-32 1.82376 5.1875 -4.38507e-30 2.44666 5.5 5.39347e-33 1.63678 5.6875 -2.61418e-18
0.764889 5.375 -4.04746e-33 2.0106 5.625 1.18544e-32 1.13841 5.25 -9.22942e-31 2.32206
5.6875 4.37733e-32 0.827132 5.5625 -1.33613e-32 1.44986 5.3125 1.44513e-31 2.19748 5.75
-2.28549e-31 0 5.75 -2.28549e-31 0.01875 5.75 -2.38737e-18 0.0808801 5.625 4.58745e-20
1.2007 5.75 4.50884e-33 0.14302 5.75 -3.7994e-32 0.20517 5.4375 6.94356e-19 1.88606
5.75 4.68267e-32 0.26733 5.5 -3.0392e-18 1.69913 5.6875 2.20985e-18 0.889383 4.75
3.61611e-24 3.25704 5.75 -1.71858e-18 0.329499 5.375 1.80196e-18 2.07292 5.125 -6.19909e-29
2.63364 5.1875 1.15644e-29 2.50901 5.75 5.75124e-32 0.391679 5.5625 -2.43981e-18 1.51219
5.625 3.70357e-32 1.263 5.25 1.00178e-29 2.3844 5.6875 3.21326e-32 0.95166 5.75
-1.00207e-31 0.453868 5.75 -1.8285e-31 0.516065 5.3125 1.1924e-18 2.25981 5.5 -3.07399e-32
1.76149 5.4375 -4.45617e-32 1.94837 5.6875 -5.2537e-32 1.01393 5.75 -3.44477e-18 0.578273
5.625 2.06824e-19 1.32531 5.5625 4.51356e-32 1.57453 5.375 6.2438e-32 2.13524 5.75
-3.81247e-32 0.640491 5.6875 -1.13307e-32 1.07621 5.25 2.38232e-18 2.44675 5.75 2.45942e-33
0.702718 5.625 7.00863e-33 1.38763 5.5 -4.58609e-32 1.82383 5.4375 2.10683e-32 2.01068
5.3125 1.49473e-30 2.32215 5.5625 1.21767e-20 1.63687 5.6875 -2.90069e-18 1.13849 5.75
-8.96008e-33 0.764954 5.375 -1.72146e-18 2.19756 5.625 -1.00157e-18 1.44995 5.75 3.35232e-18
0.8272 5.8125 6.61263e-33 0 5.8125 -1.1397e-18 0.01875 5.6875 2.52007e-32 1.20078
5.8125 8.46732e-33 0.0808869 5.8125 3.08987e-18 0.143033 5.5 -3.6919e-32 1.88613 5.8125
9.0957e-34 0.205189 5.5625 7.03594e-32 1.69923 5.75 -2.69945e-32 0.889471 5.8125 -2.70117e-18
0.267355 5.25 3.09843e-29 2.5091 5.4375 4.36909e-33 2.073 5.125 -2.1798e-28 2.75839
5.8125 -7.24565e-32 0.32953 5.3125 -1.03907e-18 2.38449 5.625 -2.96552e-32 1.51228 5.8125
-2.91342e-18 0.391715 5.6875 1.31101e-32 1.26309 5.75 4.74003e-32 0.951733 5.8125 4.62867e-32
0.453909 5.375 1.9035e-31 2.2599 3 7.49141e-26 5 5.5625 1.07153e-32 1.7616
4.99981 -2.85459e-25 3.00777 5.5 -1.56492e-18 1.94844 5 1.4497e-27 3.00777 5.8125
3.36026e-18 0.516111 5.75 -3.14293e-32 1.014 5.6875 2.27144e-33 1.3254 5.8125 -5.27213e-32
0.578324 5.625 -7.21358e-19 1.57462 5.4375 -3.29885e-18 2.13532 5.8125 3.14479e-18 0.640546
5.3125 6.83054e-30 2.44684 5.75 1.93302e-18 1.07628 5.5625 1.42044e-32 1.8239 5.6875
-8.18563e-19 1.38771 5.8125 -1.99758e-32 0.702777 5.375 2.37086e-18 2.32224 5.5 -1.38487e-31
2.01076 5.625 -3.6668e-32 1.63697 5.75 1.69035e-32 1.13857 5.8125 3.17256e-32 0.765017
5.4375 -1.22353e-31 2.19765 5.6875 -3.20501e-32 1.45004 5.8125 4.27027e-32 0.827266 -3.00007
-1.0154e-19 5.04778 5.5625 -1.57855e-18 1.88621 5.25 2.82676e-18 2.63383 5.75 2.59048e-32
1.20087 5.875 4.39152e-32 0 5.875 4.39152e-32 0.01875 5.3125 1.04707e-19 2.50919
5.875 -6.2588e-19 0.0808934 5.625 -1.9585e-18 1.69932 5.875 7.59681e-32 0.143046 5.5
-8.43044e-32 2.07308 5.875 1.78809e-18 0.205208 5.8125 3.06466e-19 0.889539 5.375 -5.8719e-30
2.38458 5.875 4.23744e-32 0.26738 5.875 -4.46288e-19 0.32956 5.6875 1.64211e-32 1.51237
5.75 3.25383e-33 1.26317 5.875 -4.53947e-32 0.39175 5.4375 3.15285e-31 2.25998 5.8125
4.34196e-32 0.951804 5.875 -2.78109e-18 0.453949 5.5625 4.09847e-33 1.94852 5.625 -7.19364e-32
1.76167 5.875 -7.71148e-33 0.516156 -4.99989 -3.02232e-22 3.13073 -5 -6.608e-26 3.13073
-5 6.41334e-26 3.13085 5.5 1.5581e-31 2.1354 5.8125 -1.6967e-18 1.01408 5.75
-3.06308e-18 1.32548 5.6875 9.03413e-32 1.57471 5.875 -2.53764e-18 0.578373 4.75001 -3.77358e-24
3.50675 5.375 -2.06692e-18 2.44693 5.875 -3.10457e-33 0.640599 5.8125 -1.71314e-32 1.07636
5.4375 -4.18535e-31 2.32232 5.625 1.66545e-18 1.82398 5.5625 -2.74846e-18 2.01084 5.75
-6.21453e-32 1.3878 5.875 -3.06897e-18 0.702834 5.6875 8.88991e-19 1.63706 5.5 -2.66901e-18
2.19773 5.8125 -3.36522e-18 1.13865 5.875 -2.08297e-33 0.765077 5.75 2.33632e-32 1.45013
5.25 4.20515e-28 2.75858 5.375 -1.19922e-29 2.50929 5.625 2.04851e-32 1.88628 5.875
-2.17096e-18 0.827345 5.8125 -2.95465e-33 1.20095 5.6875 2.63015e-32 1.69941 5.5625 5.07148e-32
2.07316 5.4375 -1.42677e-30 2.38467 5.9375 1.46287e-33 0 5.9375 5.20457e-19 0.01875
5.9375 1.53157e-31 0.0808998 5.9375 -1.82263e-18 0.143059 5.9375 -5.29089e-34 0.205227 5.875
-9.90733e-33 0.889605 5.9375 -1.59188e-32 0.267404 5.75 -1.81941e-32 1.51246 5.5 7.94134e-31
2.26007 5.9375 1.98317e-32 0.329589 5.8125 1.09912e-18 1.26325 5.9375 -1.18276e-18 0.391784
5.875 -4.59409e-19 0.951873 5.625 1.7157e-18 1.9486 5.6875 1.93651e-18 1.76174 5.9375
2.05047e-32 0.453988 5.5625 2.47318e-18 2.13549 5.9375 -7.54542e-32 0.5162 5.8125 1.04583e-32
1.32556 5.75 1.63641e-19 1.5748 5.875 1.56136e-32 1.01415 5.4375 -2.93771e-30 2.44702
5.9375 -5.70854e-33 0.578421 4.99963 -1.32048e-24 3.2574 5 -2.70069e-18 3.25741 5
6.75664e-25 3.25762 5.5 7.75219e-31 2.32241 5.9375 3.28999e-18 0.640651 5.875 3.75489e-19
1.07643 5.6875 -2.33033e-32 1.82405 5.625 -2.72441e-32 2.01092 5.8125 2.78056e-18 1.38788
5.75 -4.09566e-32 1.63715 5.9375 1.58229e-32 0.702889 5.5625 4.10694e-31 2.19782 5.875
4.70692e-33 1.13872 5.375 -1.57503e-30 2.63401 5.9375 -5.95849e-19 0.765136 5.4375 7.03843e-30
2.50938 5.8125 2.45334e-32 1.45021 5.6875 2.25664e-19 1.88636 5.5 3.21241e-30 2.38476
5.9375 1.01991e-32 0.827406 5.625 2.24578e-18 2.07324 5.75 -1.67127e-32 1.69951 5.875
3.17684e-18 1.20102 6 8.42324e-32 0 6 8.42324e-32 0.01875 6 5.50429e-19
0.0809059 5.03251e-05 1.11225e-20 6.0014 6 -3.93463e-32 0.143071 6 -2.46674e-32 0.205244
5.9375 -3.28289e-18 0.889669 5.5625 -3.30697e-18 2.26015 6 5.1948e-32 0.267427 5.8125
-3.06466e-18 1.51255 6 1.4391e-19 0.329618 5.875 -1.58968e-32 1.26333 5.6875 -3.80475e-32
1.94867 6 -8.52939e-33 0.391817 5.9375 1.96892e-32 0.95194 5.75 2.40817e-32 1.76181
5.625 4.76126e-32 2.13557 6 -5.64952e-32 0.454026 5.5 -1.31354e-18 2.44711 4
-4.44281e-18 4.5 5.8125 4.04364e-34 1.57489 6 2.73118e-32 0.516242 5.875 1.34996e-18
1.32565 5.9375 -8.62601e-33 1.01422 4.5016 -8.53825e-19 4.00594 6 -1.0618e-32 0.578467
5.5625 1.48037e-30 2.3225 5.75 2.97049e-18 1.82412 5.6875 2.83522e-18 2.01099 6
1.6667e-32 0.640701 5.9375 3.12746e-32 1.0765 5.875 8.39254e-33 1.38797 5.8125 -4.86931e-20
1.63723 5.625 2.71594e-18 2.1979 6 -2.10719e-18 0.702943 5.375 -5.13054e-18 2.75877
5.5 1.60558e-29 2.50947 5.9375 2.83151e-18 1.1388 6 6.50443e-33 0.765207 5.25
2.24348e-28 3.00815 5.875 -1.40915e-18 1.45029 5.75 7.77739e-34 1.88643 5.5625 1.26081e-18
2.38485 5.6875 7.10707e-32 2.07332 5.8125 3.07302e-32 1.69958 6 1.49896e-32 0.827465
5.9375 -3.9692e-32 1.2011 5.625 -8.74687e-32 2.26024 6.0625 -1.47882e-31 0 6.0625
1.88267e-19 0.01875 6.0625 4.04469e-32 0.0809118 6.0625 4.57956e-19 0.143082 6 -3.95168e-33
0.889731 6.0625 -4.15993e-32 0.205261 5.875 -2.24106e-32 1.51263 6.0625 -1.73224e-18 0.267449
5.9375 -8.15334e-33 1.26341 5.75 3.90072e-33 1.94875 6.0625 7.50595e-33 0.329645 5.8125
-7.88818e-33 1.76188 6 1.95226e-18 0.952004 6.0625 1.4702e-18 0.391849 5.6875 6.81913e-19
2.13565 5.5625 1.4019e-30 2.4472 6.0625 2.20446e-32 0.454062 2.0004 1.84164e-22 5.74234
5.875 -1.43334e-19 1.57497 5.9375 -1.63195e-32 1.32572 -0.999953 5.43655e-21 6.00136 1.00007
4.9732e-21 6.0014 6.0625 3.2259e-18 0.516282 6 9.14968e-33 1.01429 5.625 -3.0068e-18
2.32258 6.0625 2.05382e-32 0.578511 5.75 -5.71736e-32 2.01107 5.8125 3.18618e-32 1.82419
6 -7.47742e-19 1.07657 6.0625 7.23915e-19 0.640749 5.6875 -4.83533e-31 2.19798 5.9375
-1.55356e-18 1.38805 5.5 6.3334e-30 2.6342 5.875 3.63037e-32 1.63734 5.5625 3.46388e-18
2.50956 6.0625 -2.97726e-32 0.702995 3.5 1.20818e-27 5 6 2.32056e-32 1.13887
5.00001 -4.15299e-24 3.50711 5.625 3.17919e-30 2.38493 6.0625 1.07116e-32 0.765261 5.8125
1.55859e-18 1.8865 5.9375 -1.04207e-32 1.45038 5.75 -9.30169e-20 2.0734 5.875 -3.42093e-18
1.69964 6.0625 -3.49659e-32 0.827523 6 2.42813e-32 1.20117 5.6875 -2.62639e-31 2.26032
6.125 -4.51785e-32 0 6.125 -4.51785e-32 0.01875 6.125 7.79714e-19 0.0809175 6.125
-2.11022e-32 0.143093 5.9375 6.09005e-33 1.51271 6.0625 -1.86209e-18 0.889791 6.125 -5.52562e-32
0.205278 5.8125 -2.32862e-32 1.94882 6.125 -7.6659e-32 0.26747 6 3.50889e-32 1.26348
5.875 -1.14237e-32 1.76195 5.75 -2.53406e-31 2.13573 6.125 -1.1083e-18 0.329671 5.625
3.24303e-31 2.44729 6.0625 2.33791e-32 0.952067 6.125 -1.74517e-32 0.39188 6.125 1.68817e-18
0.454097 5.9375 -3.58065e-32 1.57505 5.6875 -4.91759e-31 2.32267 6 -2.16494e-18 1.3258
6.125 -2.01179e-32 0.516322 6.0625 -2.771e-32 1.01435 5.8125 -1.77551e-18 2.01115 5.875
-8.60078e-19 1.82426 6.125 -3.15123e-18 0.578555 5.5 -2.2789e-18 2.75895 5.75 3.44141e-18
2.19807 6.0625 -1.97695e-32 1.07664 6.125 3.7349e-32 0.640796 6 -3.47718e-32 1.38812
5.9375 6.86719e-19 1.6374 5.625 1.72683e-18 2.50965 6.125 1.99526e-18 0.703058 5.6875
4.5636e-19 2.38502 6.0625 -3.0423e-19 1.13894 5.875 1.87233e-32 1.88658 5.8125 -4.83158e-33
2.07348 6.125 -1.19938e-32 0.765314 6 -3.97672e-33 1.45045 5.9375 -7.96981e-33 1.69971
5.75 8.11484e-31 2.26041 5.25 4.65939e-27 3.25778 6.0625 2.02229e-32 1.20124 6.125
-5.73985e-19 0.827578 6.1875 -1.26151e-32 0 6.1875 -8.98041e-19 0.01875 6 3.50606e-32
1.51279 6.1875 2.66924e-32 0.0809231 6.1875 4.28386e-19 0.143104 6.125 -1.80239e-32 0.88985
5.875 2.75832e-18 1.9489 6.1875 -1.80175e-32 0.205294 5.6875 5.30971e-30 2.44737 5.8125
1.45033e-18 2.13581 6.0625 2.59833e-18 1.26356 6.1875 4.29591e-32 0.267491 5.9375 -3.05231e-18
1.76202 6.1875 1.28005e-33 0.329697 6.125 1.75323e-19 0.952128 6.1875 -7.40574e-33 0.39191
5.75 -2.23823e-18 2.32275 6 1.02216e-32 1.57513 6.1875 1.34733e-32 0.454132 6.0625
-1.8975e-32 1.32587 6.125 1.91906e-32 1.01441 6.1875 8.15443e-33 0.51636 5.875 -6.95261e-32
2.01122 5.625 -1.39206e-29 2.63438 5.9375 2.79798e-32 1.82433 5.8125 5.67678e-32 2.19815
6.1875 -6.51465e-33 0.578597 5.6875 -7.94248e-30 2.50973 6.125 -3.44814e-18 1.07671 6.0625
2.67398e-18 1.3882 6 -3.60289e-32 1.63747 6.1875 3.43798e-18 0.640841 5.75 1.53406e-30
2.3851 6.1875 -6.98409e-33 0.703106 6.125 2.32126e-32 1.13901 5.9375 -1.40673e-18 1.88665
5.875 -1.89128e-18 2.07355 6.0625 1.16866e-32 1.45053 6.1875 -1.55871e-18 0.765365 6
1.01536e-19 1.69977 5.8125 1.45098e-18 2.26049 6.125 1.90274e-32 1.20131 6.1875 -2.71978e-32
0.827632 6.0625 1.91092e-18 1.51287 5.9375 2.74726e-34 1.94897 5.75 2.74615e-18 2.44746
6.25 -2.3159e-32 0 6.25 -2.3159e-32 0.01875 6.25 -4.17005e-32 0.0809285 6.1875
-3.25496e-18 0.889906 5.875 -9.51434e-32 2.13589 6.25 -3.59433e-32 0.143115 6.25 -6.33609e-19
0.205309 6 3.3092e-33 1.76208 6.125 2.71733e-33 1.26363 6.25 2.3457e-32 0.267511
6.25 6.98494e-33 0.329721 5.8125 5.16426e-31 2.32284 6.1875 -2.98322e-32 0.952188 6.25
-9.603e-33 0.391939 6.0625 8.61412e-33 1.57522 5.625 1.66407e-28 2.75914 6.25 -1.61269e-18
0.454165 6.125 3.4494e-18 1.32595 5.9375 -1.62589e-32 2.0113 5.5 1.95719e-28 3.00855
6.1875 -1.1812e-18 1.01448 6 1.13894e-33 1.8244 6.25 -1.48339e-33 0.516397 5.875
-1.12061e-18 2.19823 5.75 -3.00708e-29 2.50982 6.25 5.32497e-33 0.578637 6.0625 -6.30978e-19
1.63753 6.125 5.32774e-33 1.38827 6.1875 -1.1759e-33 1.07677 6.25 1.5004e-32 0.640897
5.8125 7.76646e-19 2.38519 5.9375 7.68736e-32 2.07363 6.25 2.12693e-18 0.703153 6
4.14921e-34 1.88672 6.1875 -1.87972e-18 1.13907 6.125 1.61824e-19 1.4506 5.875 2.91484e-31
2.26057 6.0625 3.15794e-33 1.69984 6.25 2.42011e-32 0.765415 6.1875 -2.72772e-33 1.20138
6.25 1.76935e-32 0.827685 5.8125 2.73667e-30 2.44755 6 1.04623e-18 1.94904 6.125
-3.72165e-33 1.51294 5.9375 -7.63478e-19 2.13596 6.3125 -8.01062e-32 0 6.3125 3.15276e-18
0.01875 6.3125 -3.99225e-32 0.0809337 6.25 -3.42536e-33 0.889962 6.0625 1.2304e-32 1.76215
5.24977 -5.45062e-24 3.50747 5.25 -2.7055e-27 3.50747 6.3125 1.81642e-33 0.143125 6.1875
-7.30456e-33 1.2637 6.3125 2.985e-32 0.205324 5.875 -4.00528e-19 2.32292 6.3125 1.57139e-18
0.267531 6.3125 3.84493e-32 0.329745 6.25 -6.53893e-19 0.952245 6.125 3.37715e-18 1.57528
6.3125 -2.24919e-18 0.391967 5.75 2.41855e-18 2.63456 -1.99997 -9.71793e-21 6.00128 2.00025
-4.67401e-21 6.00134 6.1875 -6.92472e-33 1.32602 6 1.9232e-33 2.01137 6.3125 3.89611e-32
0.454197 6.0625 1.1321e-32 1.82447 5.8125 1.24435e-18 2.50991 5.9375 7.34572e-32 2.19831
6.25 1.848e-32 1.01454 6.3125 1.02795e-18 0.516433 6.3125 -2.29821e-32 0.578688 6.125
3.42559e-33 1.63759 5.875 -8.34716e-31 2.38527 6.1875 -4.73026e-33 1.38834 6.25 -1.06347e-32
1.07683 6.3125 -3.04443e-18 0.640939 6 2.5074e-18 2.0737 6.0625 1.39393e-18 1.88679
6.3125 7.03242e-34 0.703198 6.25 -1.24376e-32 1.13914 5.9375 2.93049e-31 2.26065 6.1875
1.79321e-34 1.45068 6.125 -3.29766e-18 1.6999 6.3125 5.58472e-33 0.765464 4.5 -2.94669e-26
4.49997 4.5 7.40703e-27 4.5 4.50002 -6.22704e-22 4.5 6.25 -2.89512e-19 1.20145
5.875 2.58593e-18 2.44763 6.3125 -6.82052e-33 0.827736 6.0625 -2.8114e-32 1.94911 6
-2.78181e-32 2.13604 6.1875 6.31293e-33 1.51302 6.125 -5.6181e-34 1.76222 6.3125 -2.44424e-18
0.890015 6.375 3.02061e-32 0 6.375 3.02061e-32 0.01875 6.375 -5.82586e-19 0.0809387
5.9375 -1.92764e-32 2.323 6.25 1.86549e-32 1.26376 6.375 3.05076e-32 0.143135 5.75
-2.4558e-28 2.75932 6.375 1.05179e-19 0.205339 6.375 -1.56766e-33 0.26755 6.375 3.76788e-33
0.329769 6.3125 -1.70513e-32 0.952301 6.1875 -9.06301e-33 1.57534 6.375 -6.12586e-33 0.391995
6.0625 7.22682e-33 2.01144 5.875 5.58545e-30 2.50999 6.25 1.85628e-33 1.32608 6
2.00292e-31 2.19838 6.125 1.33862e-18 1.82453 6.375 -1.06713e-18 0.454227 5.5 9.17897e-18
3.25815 6.3125 9.3311e-33 1.01459 6.375 5.10231e-33 0.516467 5.9375 2.05337e-18 2.38535
6.1875 -1.24966e-18 1.63765 6.375 -1.7201e-18 0.578726 6.25 -1.2601e-32 1.38841 4
-3.23047e-26 5 6.3125 -1.05371e-32 1.07689 6.375 -2.17833e-33 0.64098 6.0625 3.52711e-33
2.07378 5.00026 -3.32695e-23 4.00674 6.125 3.95179e-34 1.88686 6 2.29709e-31 2.26073
6.375 -3.13949e-18 0.703242 6.3125 -3.3298e-33 1.1392 6.25 5.52189e-20 1.45075 6.1875
1.93697e-32 1.69996 6.375 8.63827e-33 0.76551 5.9375 -6.88202e-30 2.44771 6.3125 -1.84258e-32
1.20151 6.125 -1.94343e-18 1.94919 6.0625 -2.48623e-18 2.13612 6.375 1.38099e-18 0.827786
6.25 -1.09026e-32 1.51309 6.1875 1.45594e-18 1.76228 6 -1.20388e-18 2.32308 6.375
1.11286e-32 0.890067 6.4375 -5.12478e-33 0 6.4375 2.3115e-18 0.01875 6.3125 2.03021e-18
1.26383 6.4375 3.92612e-33 0.0809436 5.875 -3.08025e-29 2.63473 6.4375 -3.44136e-19 0.143145
6.4375 -1.02488e-32 0.205353 6.4375 -2.04839e-32 0.267568 6.25 5.60188e-33 1.5754 6.375
-3.18865e-18 0.952356 6.4375 -2.4389e-32 0.329791 5.9375 -4.51995e-30 2.51008 6.125 -2.51229e-32
2.01152 6.0625 2.75139e-31 2.19846 6.4375 9.39951e-19 0.39202 6.3125 -1.49909e-32 1.32615
6.1875 -1.50174e-32 1.8246 6.4375 -1.13385e-32 0.454257 6.375 8.19868e-33 1.01465 6
-1.37967e-30 2.38544 6.4375 1.58479e-32 0.516511 6.25 -3.10994e-34 1.63771 6.3125 4.30241e-19
1.38848 6.4375 -1.49761e-32 0.578762 6.375 -3.33313e-18 1.07695 -3.99993 6.25615e-21 5.08025
6.125 3.59265e-19 2.07385 6.1875 -1.05994e-18 1.88693 6.4375 3.77784e-19 0.64102 6.0625
3.12725e-18 2.26081 6.4375 1.23999e-32 0.703285 -5 5.14584e-17 4.11557 6.375 5.10103e-33
1.13926 6.3125 -3.68644e-33 1.45082 6.25 2.80769e-18 1.70003 6 3.73042e-30 2.4478
6.4375 -3.268e-18 0.765556 6.125 3.62137e-32 2.13619 6.375 2.4582e-18 1.20157 6.1875
-1.30239e-34 1.94926 5.75 -7.89605e-18 3.00891 6.4375 6.68747e-33 0.827834 5.875 -1.79986e-18
2.75949 6.3125 -1.94398e-18 1.51315 6.0625 -1.18137e-30 2.32316 6.25 1.40717e-32 1.76234
6.4375 -2.25478e-18 0.890118 6.375 -8.37375e-33 1.26389 6.5 -7.86962e-33 0 6.5
-7.86962e-33 0.01875 6.5 2.5979e-32 0.0809484 6.5 1.00298e-32 0.143154 6.5 2.98154e-18
0.205367 6 1.8996e-30 2.51016 6.5 1.46528e-32 0.267586 6.3125 4.71855e-33 1.57546
6.1875 -1.86714e-19 2.01159 6.4375 -1.60557e-32 0.952409 6.125 1.06357e-31 2.19854 6.5
4.87987e-32 0.329813 6.25 -1.0063e-32 1.82467 6.375 -1.18286e-32 1.32622 6.5 -1.09758e-32
0.392046 6.0625 -5.71062e-19 2.38552 6.5 -3.23024e-18 0.454295 6.4375 -3.0659e-18 1.01471
6.5 1.49725e-32 0.516543 6.3125 1.54283e-18 1.63777 5.5 -2.66476e-28 3.50784 5.5
-1.5097e-24 3.50801 6.375 -1.36411e-32 1.38855 6.5 -6.83775e-33 0.578798 6.1875 2.79726e-32
2.07393 6.4375 1.2868e-32 1.07701 6.25 7.64129e-34 1.88699 6.125 -5.87448e-31 2.26089
6.5 8.69405e-33 0.641059 6.3125 5.23785e-33 1.70009 6.4375 1.4189e-18 1.13932 6.5
-2.47054e-18 0.703326 6.375 3.05412e-18 1.4509 6.0625 7.9815e-31 2.44788 6.5 8.3503e-33
0.7656 6.1875 1.20999e-18 2.13627 6.25 -3.36821e-18 1.94932 6.4375 7.01917e-33 1.20163
6.125 2.57657e-18 2.32324 6.375 1.20046e-33 1.51321 6.5 1.98094e-34 0.827881 6
2.27567e-18 2.6349 6.3125 -4.76659e-34 1.76241 6.4375 -1.81664e-32 1.26395 6.5 -5.4844e-33
0.890167 6.0625 -3.22271e-18 2.51024 6.5625 -2.42421e-32 0 6.5625 -2.20602e-18 0.01875
6.5625 1.06125e-32 0.080953 6.5625 6.94795e-19 0.143163 6.5625 2.49647e-32 0.20538 6.25
6.13863e-33 2.01166 6.1875 5.03833e-32 2.19861 6.375 -1.19591e-18 1.57552 6.5625 -2.12515e-18
0.267604 6.5 2.94999e-18 0.95246 6.5625 4.00769e-33 0.329834 6.3125 1.99967e-34 1.82473
6.4375 2.18206e-32 1.32628 6.125 -1.51125e-30 2.3856 6.5625 1.78917e-18 0.392071 6.5625
1.1855e-32 0.454324 6.5 4.10136e-33 1.01476 6.375 -5.29943e-33 1.63783 6.5625 -3.24292e-18
0.516575 6.25 -9.1995e-33 2.074 6.4375 5.12858e-19 1.38861 6.1875 1.26851e-31 2.26096
6.5625 8.77275e-33 0.578833 6.3125 5.49007e-19 1.88706 6.5 4.17985e-33 1.07706 6.5625
-2.94937e-18 0.641097 6.125 1.33357e-18 2.44796 6.375 -2.34636e-21 1.70015 6.4375 3.75427e-33
1.45095 6.5 -1.89536e-32 1.13937 6.5625 -5.37279e-33 0.703367 6 2.34221e-28 2.75967
6.25 -6.40728e-33 2.13634 6.3125 6.69143e-33 1.94939 6.5625 5.24402e-33 0.765644 5.75
-2.6732e-27 3.25852 6.1875 -9.54429e-32 2.32332 6.5 2.15682e-18 1.20169 6.4375 -3.59836e-33
1.51326 6.375 -4.35151e-33 1.76247 6.5625 2.54658e-33 0.827926 6.125 8.92965e-30 2.51033
6.5 2.41735e-34 1.26401 6.5625 5.80307e-19 0.890215 6.625 -4.55691e-32 0 6.625
-4.55691e-32 0.01875 6.3125 -7.69547e-34 2.01173 6.25 -9.06165e-19 2.19869 6.625 2.62175e-18
0.0809575 6.625 9.41987e-33 0.143172 6.4375 1.99225e-33 1.57557 6.625 1.24469e-18 0.205393
6.625 -5.5551e-33 0.26762 6.375 2.02809e-18 1.8248 6.5625 2.87303e-33 0.95251 6.1875
1.66236e-30 2.38568 6.625 -2.31851e-18 0.329854 6.5 5.77388e-33 1.32634 6.625 -2.82441e-33
0.392103 6.5625 -3.41658e-18 1.01481 6.625 9.73553e-19 0.454351 6.4375 3.06993e-18 1.63789
6.3125 -6.47893e-33 2.07407 6.625 1.1982e-32 0.516605 6.25 -5.16651e-31 2.26104 6.5
-7.44152e-34 1.38867 6.375 -2.62957e-33 1.88713 6.625 3.0668e-18 0.578866 6.5625 -1.72108e-33
1.07712 6.1875 5.97542e-30 2.44804 6.625 3.37261e-33 0.641133 6.4375 4.10165e-33 1.70021
6.5 -2.27012e-18 1.451 6.5625 -1.73852e-18 1.13943 6.625 6.54148e-19 0.703406 6.3125
9.14618e-32 2.13641 6.375 -7.41038e-19 1.94946 6.125 -4.9986e-30 2.63507 6.25 -1.04432e-30
2.32339 6.625 -2.24173e-32 0.765686 6.5625 -3.20221e-33 1.20175 6.5 1.02033e-33 1.51331
6.4375 1.43505e-18 1.76253 6.625 -2.64193e-18 0.827971 6.1875 -9.82131e-30 2.51041 6.5625
-5.5232e-19 1.26407 6.3125 -7.97556e-32 2.19876 6.625 -3.70933e-33 0.890262 6.375 -2.73306e-33
2.0118 6.6875 1.51683e-32 0 6.6875 -3.4156e-18 0.01875 6.6875 4.32113e-33 0.0809618
6.5 -2.49908e-33 1.57563 6.6875 3.34958e-18 0.14318 6.25 3.82559e-31 2.38575 6.6875
-1.47839e-32 0.205405 6.4375 1.62432e-33 1.82486 6.6875 -1.5838e-32 0.267637 6.625 -2.90177e-19
0.952559 6.5625 -1.61136e-33 1.3264 6.6875 6.63666e-33 0.329881 6.6875 2.78089e-18 0.392126
6.625 8.05052e-33 1.01486 6.6875 9.20853e-33 0.454378 6.5 5.12575e-33 1.63795 6.375
-3.44305e-19 2.07414 6.3125 -6.48855e-19 2.26111 6.6875 3.14539e-33 0.516635 6.5625 -4.8254e-19
1.38875 2.99998 -3.33981e-21 6 3 9.96913e-26 6 6.4375 1.31628e-18 1.88719
-2.99997 7.81915e-22 6.0012 6.625 6.14545e-19 1.07717 6 1.14958e-28 3.00926 6.25
-2.90602e-19 2.44812 6.6875 2.45085e-33 0.578899 6.125 -3.52587e-30 2.75983 6.6875 -2.91745e-18
0.641169 6.5 -2.87828e-18 1.70027 6.5625 2.86574e-33 1.45106 6.625 -1.56509e-33 1.13948
6.375 8.10109e-32 2.13648 6.6875 -3.99164e-33 0.703445 6.4375 1.06823e-33 1.94953 6.3125
-1.92311e-32 2.32347 4.5 -2.20339e-26 5 6.6875 1.10059e-19 0.765727 5.00094 -1.99129e-22
4.50656 6.625 9.19151e-19 1.2018 6.5625 -9.66496e-19 1.51337 6.5 1.45062e-33 1.76259
6.25 -1.5947e-30 2.51049 5.75 -1.05329e-17 3.50819 6.6875 -5.49234e-33 0.828014 6.375
2.11928e-18 2.19883 6.625 -8.91662e-33 1.26413 6.4375 3.24574e-18 2.01186 6.6875 1.69942e-18
0.890308 6.3125 -9.53332e-19 2.38583 6.5625 -2.85059e-33 1.57568 6.75 1.78451e-33 0
6.75 1.78451e-33 0.01875 6.75 -2.70147e-18 0.080966 6.5 2.17835e-33 1.82492 6.75
-1.92586e-32 0.143189 6.75 -1.60018e-32 0.205417 6.6875 -3.55493e-33 0.952607 6.75 -1.64079e-33
0.267652 6.625 5.61757e-19 1.32646 6.75 -3.34163e-18 0.3299 6.75 -2.09159e-32 0.392149
6.4375 -3.26449e-32 2.07421 6.5625 -1.97103e-18 1.638 6.6875 3.70927e-33 1.01491 6.375
-1.25622e-31 2.26119 6.75 -2.16897e-33 0.454403 6.5 -4.38369e-33 1.88725 6.625 1.10476e-32
1.3888 6.75 -2.89492e-33 0.516664 6.3125 1.82844e-30 2.4482 6.6875 1.8539e-33 1.07722
6.75 3.31605e-20 0.578931 6.5625 -5.96699e-33 1.70033 6.75 -5.21687e-33 0.641204 6.625
-4.8123e-19 1.45111 6.4375 -5.25858e-19 2.13655 6.25 -1.78248e-19 2.63523 6.6875 1.79776e-18
1.13954 6.375 3.41412e-32 2.32354 6.5 9.76909e-19 1.94959 6.75 1.00356e-34 0.703482
6.75 8.14176e-33 0.765766 6.3125 -2.38733e-18 2.51056 6.6875 -2.89746e-33 1.20186 6.5625
4.5059e-33 1.76265 6.625 4.17364e-33 1.51342 6.75 3.00486e-18 0.828056 6.4375 1.42444e-31
2.19891 6.5 -1.46419e-32 2.01193 5.50001 -2.15914e-23 4.0074 6.6875 -6.57244e-33 1.26419
6.375 5.87265e-32 2.38591 6.75 4.74904e-34 0.890352 6.625 -2.05481e-18 1.57574 6.5625
-7.11996e-33 1.82498 6.8125 -1.62871e-32 0 6.8125 -2.2066e-18 0.01875 6.8125 3.27986e-33
0.0809701 6.8125 -2.11396e-18 0.143196 6.8125 2.37878e-33 0.205429 6.75 -4.12133e-33 0.952653
6.8125 -5.54674e-19 0.267673 6.6875 6.65325e-33 1.32653 6.8125 3.54119e-33 0.329919 6.5
-8.50648e-33 2.07428 6.4375 3.05904e-32 2.26126 6.8125 1.2047e-18 0.392171 6.625 2.55537e-33
1.63806 6.75 7.90361e-33 1.01496 6.8125 9.53019e-33 0.454429 6 -1.27459e-17 3.25887
6.5625 2.86755e-18 1.88732 6.375 -2.21061e-19 2.44827 6.6875 -5.9224e-19 1.38884 6.8125
1.37311e-18 0.516692 6.25 -4.70265e-29 2.76 6.75 2.08684e-18 1.07727 6.8125 8.20603e-33
0.578962 6.625 2.59842e-18 1.70038 6.5 -1.4879e-32 2.13662 6.8125 2.90551e-18 0.641237
6.6875 9.46194e-34 1.45116 6.4375 -3.53167e-31 2.32362 6.75 5.39206e-33 1.13959 6.5625
-8.32285e-33 1.94966 6.8125 1.29196e-34 0.703518 6.375 -2.60154e-30 2.51064 6.8125 -1.25162e-33
0.765805 6.625 3.8308e-33 1.76271 6.75 2.40513e-33 1.20191 6.6875 3.39415e-33 1.51347
6.5 -2.54785e-18 2.19898 6.8125 -5.33564e-33 0.828098 6.5625 -2.76801e-18 2.012 6.4375
2.09113e-18 2.38598 6.75 -5.15267e-34 1.26424 6.8125 3.06546e-18 0.890395 6.6875 1.13591e-33
1.57579 6.625 3.29581e-18 1.82504 6.875 -2.26552e-32 0 6.875 -2.26552e-32 0.01875
6.875 -1.55704e-18 0.080974 6.875 2.5359e-35 0.143204 6.875 1.06463e-18 0.205444 6.8125
4.04959e-33 0.952699 6.75 -1.16379e-18 1.32658 6.875 -2.60613e-33 0.267688 6.5 -1.12772e-31
2.26133 6.5625 4.5694e-33 2.07434 6.875 -8.13439e-19 0.329937 6.6875 1.83688e-18 1.63811
6.875 1.69686e-33 0.392192 6.4375 2.95914e-30 2.44835 6.8125 1.78266e-18 1.01501 6.625
-7.34575e-33 1.88738 6.875 9.43909e-19 0.454453 6.75 -3.06995e-34 1.38889 6.875 7.46323e-34
0.51672 6.8125 3.41842e-33 1.07732 6.375 4.06533e-29 2.63539 6.875 -3.45049e-18 0.578992
6.6875 2.91144e-33 1.70044 6.5625 -1.68164e-19 2.13669 6.5 -1.36122e-32 2.32369 6.75
-2.46246e-33 1.45121 6.875 -5.26957e-33 0.64127 6.625 3.40577e-18 1.94972 6.8125 -2.42167e-19
1.13964 6.4375 -8.19093e-31 2.51072 6.875 3.34436e-18 0.703554 6.6875 -2.20045e-18 1.76277
6.875 3.54345e-33 0.765843 6.75 1.45541e-33 1.51352 6.8125 -1.3218e-33 1.20196 6.5625
1.31129e-33 2.19905 6.625 6.2503e-33 2.01206 6.5 1.03367e-30 2.38605 6.875 2.49575e-18
0.828138 6.8125 -2.55645e-18 1.26429 6.75 3.15044e-19 1.57584 6.6875 2.47177e-33 1.8251
6.875 2.5041e-33 0.890438 6.25 -1.25346e-17 3.00959 6.9375 3.19245e-33 0 6.9375
-1.19812e-18 0.01875 6.9375 -1.06284e-33 0.0809779 6.9375 1.95058e-18 0.143215 6.8125 2.86089e-34
1.32663 6.9375 -5.53179e-33 0.205456 6.875 -1.05755e-34 0.952743 6.5625 -1.15791e-18 2.2614
5.00122 3.49099e-22 4.81444 6.625 -8.24934e-19 2.07441 6.9375 -3.04841e-33 0.267702 6.9375
-2.88082e-33 0.329955 6.5 2.06949e-18 2.44842 6.75 -1.96267e-33 1.63817 6.375 -5.56039e-18
2.76016 6.9375 -1.07634e-18 0.392213 6.6875 -4.1507e-19 1.88744 6.875 -2.41429e-33 1.01505
6 2.02649e-27 3.50854 6.9375 -3.33089e-33 0.454477 6.8125 1.63092e-18 1.38894 6.9375
-9.14451e-33 0.516747 6.875 -1.57145e-18 1.07737 6.75 3.24095e-33 1.7005 6.625 4.26993e-33
2.13676 6.9375 3.99679e-33 0.579022 6.5625 -5.36014e-31 2.32376 6.8125 3.43858e-33 1.45125
6.6875 -4.46701e-33 1.94978 6.9375 2.4266e-18 0.641302 6.5 -2.11465e-30 2.51079 6.875
-4.6319e-34 1.13969 6.9375 2.22796e-33 0.703588 6.75 2.52226e-33 1.76283 6.8125 -1.63481e-18
1.51357 6.875 2.54815e-18 1.20202 6.9375 1.31911e-18 0.76588 6.625 -2.59423e-18 2.19911
6.5625 3.19225e-18 2.38613 6.6875 3.58328e-33 2.01213 6.9375 2.73789e-33 0.828177 6.875
-3.51833e-33 1.26436 6.8125 -5.44733e-33 1.5759 6.75 -2.82825e-18 1.82516 6.9375 -7.25167e-19
0.890479 7 -1.72195e-33 0 7 -1.72195e-33 0.01875 6.625 -9.67218e-33 2.26147
7 2.28609e-18 0.0809817 2.48668e-05 7.15235e-21 7.0007 7 5.2563e-33 0.143222 6.875
-4.89264e-19 1.32667 6.6875 4.35581e-33 2.07447 6.9375 -1.37539e-33 0.952786 7 8.2182e-33
0.205466 6.5625 -6.00364e-31 2.4485 7 -7.72264e-33 0.267716 6.8125 1.69717e-18 1.63822
7 2.73937e-18 0.329972 6.75 5.79689e-35 1.8875 7 4.00416e-33 0.392233 6.9375
3.3964e-33 1.0151 6.875 -1.76986e-34 1.38898 6.5 5.41356e-30 2.63555 7 1.94287e-33
0.4545 7 -9.81804e-33 0.516773 6.6875 1.49358e-18 2.13683 6.9375 1.92183e-33 1.07742
6.625 2.50344e-18 2.32383 6.8125 -1.58992e-33 1.70055 7 -1.33431e-34 0.57905 6.75
2.04917e-33 1.94984 6.5625 -7.39051e-19 2.51087 6.875 2.85553e-18 1.4513 7 2.78843e-33
0.641334 6.9375 3.38259e-19 1.13974 7 -4.56471e-19 0.703622 6.8125 -1.00748e-33 1.76289
6.875 -1.40825e-33 1.51362 6.6875 4.7909e-33 2.19918 6.9375 -8.59731e-34 1.20207 6.625
-3.83143e-31 2.3862 7 4.41317e-33 0.765916 6.75 -4.28603e-33 2.01219 6.25 7.39076e-28
3.2592 7 -3.24977e-33 0.828215 6.9375 -9.97705e-34 1.2644 6.8125 4.4019e-33 1.82522
6.875 -1.02674e-18 1.57595 7 1.31773e-33 0.890519 6.6875 1.96303e-31 2.26154 6.75
4.11937e-20 2.07454 6.5 1.44384e-19 2.76032 7.0625 1.74157e-33 0 7.0625 2.46123e-18
0.01875 7.0625 4.83761e-33 0.0809867 6.625 3.15904e-18 2.44857 6.9375 4.05957e-33 1.32671
7.0625 -2.89066e-18 0.143229 7 1.27564e-18 0.952828 7.0625 3.9191e-33 0.205477 6.875
2.84557e-33 1.63828 7.0625 -1.25092e-18 0.26773 6.8125 -5.64761e-19 1.88756 7.0625 -7.90618e-33
0.329989 -0.999976 4.46584e-21 7.00068 1.00003 -5.67879e-21 7.0007 7 -1.5822e-33 1.01514
7.0625 -2.35405e-18 0.392253 6.9375 1.5715e-20 1.38903 5.0014 -1.90567e-22 5.00651 7.0625
-1.74551e-33 0.454523 6.6875 -3.69275e-31 2.3239 6.75 2.83162e-33 2.13689 7.0625 -7.59248e-19
0.516798 6.875 1.5577e-18 1.70061 7 -2.25995e-18 1.07746 6.625 5.66547e-31 2.51094
6.8125 -9.03835e-34 1.94991 7.0625 -1.41137e-33 0.579078 6.9375 2.13184e-33 1.45135 7.0625
-2.79651e-18 0.641364 7 3.53228e-33 1.13978 6.875 1.59697e-33 1.76294 7.0625 1.11621e-33
0.703655 6.75 -4.80675e-32 2.19925 6.6875 -2.73648e-18 2.38627 6.9375 1.22173e-33 1.51367
7 2.5141e-33 1.20211 6.8125 -7.40317e-20 2.01225 7.0625 -5.30745e-34 0.765951 7.0625
-8.58878e-34 0.828252 5.5001 -6.03081e-23 4.50718 6.875 1.64283e-18 1.82528 7 -4.63892e-33
1.26444 6.9375 2.34791e-33 1.576 7.0625 -1.5482e-18 0.890558 6.75 1.61476e-32 2.26161
6.8125 -4.9847e-33 2.0746 6.6875 2.459e-30 2.44864 7 -3.15888e-18 1.32676 7.125
4.71887e-33 0 7.125 4.71887e-33 0.01875 7.125 -2.73357e-18 0.0809902 7.125 3.43774e-33
0.143236 7.0625 -3.19902e-33 0.952869 7.125 8.13612e-33 0.205487 6.9375 -1.62858e-18 1.63833
6.875 -1.75577e-33 1.88762 7.125 1.62641e-33 0.267744 6.625 -4.5754e-30 2.6357 7.125
4.42966e-19 0.330005 7.0625 -4.21535e-33 1.01518 7.125 1.17854e-33 0.392273 7 -4.36436e-33
1.38908 -5 1.33742e-17 5.09312 6.75 6.95136e-19 2.32397 7.125 2.95656e-18 0.454545
6.8125 -1.95804e-19 2.13696 6.9375 1.08634e-33 1.70066 6.6875 2.63321e-30 2.51101 7.125
1.37679e-33 0.516823 7.0625 -5.17352e-33 1.07751 6.875 1.67902e-18 1.94997 7.125 1.32111e-18
0.579106 7 1.1206e-33 1.4514 7.125 -8.39966e-34 0.641394 7.0625 -2.42051e-18 1.13983
6.9375 -8.78515e-21 1.763 6.8125 4.14836e-32 2.19931 6.75 3.60202e-31 2.38634 7.125
-1.30443e-18 0.703687 7 4.62829e-34 1.51372 6.5 1.91736e-28 3.00991 6.875 -3.68375e-33
2.01231 7.0625 1.37641e-33 1.20217 7.125 2.71743e-33 0.765985 6.25 7.97713e-28 3.50887
7.125 1.59732e-33 0.828288 6.9375 1.09278e-33 1.82534 7.0625 1.99414e-19 1.26448 7
-1.68904e-34 1.57605 6.625 -6.53208e-29 2.76047 6.8125 -1.49965e-18 2.26167 6.75 8.7869e-31
2.44871 7.125 2.52031e-33 0.890596 6.875 -8.7749e-20 2.07467 7.0625 -4.00833e-35 1.3268
7.1875 7.41617e-33 0 7.1875 -2.78881e-18 0.01875 7.1875 3.36961e-33 0.0809937 7.125
-1.64962e-18 0.952909 7.1875 -7.20324e-19 0.143243 7 -7.56341e-34 1.63838 6.9375 3.03831e-18
1.88768 7.1875 -1.10847e-32 0.205497 7.1875 -1.94995e-33 0.267757 7.1875 -9.68229e-34 0.330021
7.125 9.48077e-34 1.01523 7.0625 -7.08262e-34 1.38912 6.8125 -5.48912e-31 2.32404 7.1875
1.76193e-33 0.392291 6.875 7.90664e-33 2.13702 7.1875 -1.16139e-33 0.454567 6.75 -2.44332e-30
2.51108 7 -3.27345e-18 1.70071 7.125 9.32959e-19 1.07755 7.1875 -1.98668e-33 0.516847
6.9375 1.75403e-34 1.95002 7.0625 -4.72617e-33 1.45144 7.1875 2.93382e-33 0.579132 4
5.74263e-26 6 5.99972 -6.46951e-25 4.00805 6 -5.79669e-28 4.00805 7.125 -4.13458e-34
1.13988 6 -5.90085e-27 4.00875 7.1875 2.20213e-18 0.641423 6.875 3.01496e-18 2.19938
6.8125 7.95558e-19 2.38641 7 1.25046e-33 1.76305 7.1875 2.39863e-33 0.703718 7.0625
-2.2224e-18 1.51377 6.9375 5.93337e-33 2.01237 7.125 -1.05504e-33 1.20221 7.1875 -1.31662e-18
0.766018 7 -4.67269e-33 1.82539 7.1875 6.86898e-34 0.828324 7.0625 5.51298e-34 1.5761
7.125 1.12295e-33 1.26452 6.875 -4.16694e-32 2.26174 6.8125 -2.31362e-30 2.44878 6.9375
5.56823e-33 2.07473 7.1875 1.50919e-18 0.890633 6.75 4.24317e-18 2.63584 7.125 -1.43121e-18
1.32684 7.25 3.68957e-33 0 7.25 3.68957e-33 0.01875 7.0625 -3.27744e-19 1.63843
7 4.55353e-34 1.88774 7.1875 -7.94727e-34 0.952948 7.25 -4.3445e-33 0.080997 7.25
-1.10415e-32 0.143249 7.25 2.95108e-18 0.205507 7.25 3.4768e-33 0.267769 -3.9997 -7.424e-20
6.05349 6.875 4.89228e-19 2.32411 7.25 1.36561e-34 0.330037 7.1875 -2.96021e-18 1.01527
7.125 1.63857e-34 1.38916 6.9375 -1.6375e-18 2.13708 6.8125 4.34695e-19 2.51115 7.25
-1.69688e-33 0.39231 7.25 1.19635e-18 0.454588 7.0625 -2.02176e-34 1.70077 7 -8.42882e-19
1.95008 7.1875 8.29466e-34 1.07759 7.25 2.59679e-33 0.516871 7.125 5.39e-19 1.45149
6.5 3.51497e-18 3.25952 7.25 1.67596e-33 0.579158 7.1875 -8.22487e-19 1.13993 6.875
7.76521e-31 2.38647 6.9375 -1.18466e-32 2.19944 7.25 7.08878e-34 0.641451 7.0625 -3.7136e-34
1.7631 -1.99998 1.04298e-20 7.00065 2.00006 2.99143e-21 7.00068 7 -9.64153e-33 2.01243
7.125 2.4518e-33 1.51382 7.25 1.68996e-18 0.703749 7.1875 -8.14921e-35 1.20225 7.25
5.211e-33 0.766051 6.75 -3.34713e-29 2.76061 7.0625 -1.44162e-34 1.82545 6.9375 -9.41827e-19
2.26181 7.25 1.13474e-33 0.828358 7.125 2.26845e-18 1.57615 7.1875 -5.14267e-34 1.26456
6.875 -2.19849e-18 2.44885 7 1.11494e-33 2.07479 7.25 6.08052e-34 0.89067 7.1875
-9.36302e-34 1.32688 7.0625 1.07211e-33 1.88779 7.125 1.72484e-33 1.63848 7.25 -2.25682e-19
0.952986 7.3125 -3.82716e-33 0 7.3125 -1.28184e-18 0.01875 7.3125 1.65373e-33 0.0810003
7.3125 -1.69158e-33 0.143256 7.3125 -2.66209e-33 0.205516 6.9375 -1.09031e-31 2.32417 7.3125
2.00494e-18 0.267782 7 -5.47294e-34 2.13714 6.875 -3.93388e-30 2.51122 7.3125 -2.79591e-33
0.330052 7.1875 -1.34362e-33 1.38921 7.25 -3.4921e-34 1.01531 7.3125 3.18184e-18 0.392328
7.125 -3.2299e-18 1.70082 7.3125 -4.90759e-33 0.454608 7.0625 2.45935e-33 1.95014 7.25
-7.72735e-34 1.07763 7.3125 1.22286e-18 0.516894 7.1875 -1.27654e-33 1.45153 7.3125 -7.55801e-34
0.579184 6.9375 3.67369e-31 2.38654 7 -2.97602e-32 2.19951 7.25 1.90365e-33 1.13997
7.125 1.73292e-33 1.76316 7.3125 -2.64219e-18 0.641479 7.0625 -2.04268e-18 2.01249 7.1875
-1.53109e-33 1.51386 7.3125 5.57261e-34 0.703778 7.25 -3.40956e-18 1.20228 5.38333 -5.20724e-23
5.00695 7.3125 -1.7488e-20 0.766083 7.125 -3.36857e-18 1.8255 7 6.36329e-32 2.26187
6.9375 -1.68738e-30 2.44891 7.1875 -1.77781e-33 1.57619 7.3125 -4.90096e-34 0.828392 7.25
-1.45797e-33 1.2646 7.0625 4.40113e-33 2.07485 6.875 -9.53299e-30 2.63598 7.3125 2.14142e-18
0.890706 7.25 1.34863e-33 1.32692 7.125 -4.8129e-34 1.88785 7.1875 -9.17575e-19 1.63853
7.3125 -1.39495e-33 0.953024 7.375 2.47786e-33 0 7.375 2.47786e-33 0.01875 7.375
2.06874e-18 0.0810035 7 1.20151e-18 2.32424 7.375 -2.0672e-33 0.143262 7.375 2.03721e-18
0.205525 6.9375 -1.44124e-32 2.51129 7.0625 -5.863e-19 2.13721 7.375 2.8753e-33 0.267794
7.25 -1.99938e-33 1.38925 7.375 2.16678e-33 0.330067 7.3125 -1.34118e-33 1.01535 7.375
3.69438e-34 0.392345 7.1875 8.88433e-34 1.70087 6.5 -2.96172e-28 3.50919 7.125 1.16629e-18
1.9502 7.375 3.26376e-18 0.454628 6.75 -2.03314e-28 3.01021 7.3125 1.46219e-33 1.07767
7.375 9.0221e-34 0.516916 7.25 -1.89614e-19 1.45158 7 -2.70311e-31 2.38661 7.0625
-4.29541e-32 2.19957 7.375 -4.9621e-19 0.579209 7.1875 -6.13529e-20 1.76321 7.3125 1.19619e-33
1.14 7.375 2.68377e-33 0.641506 7.125 -3.14608e-33 2.01255 7.25 -2.45999e-33 1.51391
7.375 2.12146e-18 0.703808 6.875 4.19949e-18 2.76076 7.3125 9.40626e-34 1.20232 7.375
-1.42602e-33 0.766114 7.1875 9.40806e-34 1.82555 7.0625 3.06874e-18 2.26193 7 5.19533e-31
2.44898 7.25 4.09082e-34 1.57624 7.125 1.56362e-18 2.07491 7.3125 2.29685e-19 1.26464
7.375 -2.7403e-18 0.828425 7.375 1.37779e-33 0.89074 7.1875 -2.77036e-18 1.8879 7.3125
4.54109e-34 1.32697 7.25 2.11216e-34 1.63858 7.0625 1.40625e-31 2.3243 7.375 -9.494e-19
0.95306 7 6.18969e-30 2.51136 7.4375 2.10504e-34 0 7.4375 5.60316e-19 0.01875
5.50018 4.50409e-23 5.00709 7.4375 -1.12977e-33 0.0810066 7.125 -1.80522e-32 2.13727 7.4375
8.46933e-19 0.143268 7.4375 -3.03063e-33 0.205534 7.4375 2.07246e-33 0.267806 7.3125 1.6491e-18
1.38929 7.375 -2.25423e-33 1.01538 7.4375 -2.30734e-35 0.330082 7.25 2.16628e-18 1.70092
7.1875 9.07641e-34 1.95025 7.4375 -2.55866e-18 0.392362 7.4375 1.46516e-34 0.454648 7.375
5.65346e-19 1.07772 7.0625 -2.78598e-18 2.38667 7.3125 2.30573e-37 1.45162 7.4375 -4.70536e-34
0.516938 7.125 -1.63707e-32 2.19963 7.4375 -1.0878e-33 0.579233 7.25 -3.33419e-35 1.76326
7.375 3.4743e-34 1.14004 7.1875 2.53864e-18 2.01261 7.4375 -3.23952e-18 0.641532 7.3125
2.86698e-18 1.51395 2.60108 -1.45246e-21 7.00101 7.4375 1.48421e-33 0.703836 7.375 1.94627e-18
1.20236 7.0625 -1.19646e-31 2.44905 7.125 -1.0636e-31 2.26199 7.25 1.07392e-34 1.82561
7.4375 -1.16992e-18 0.766144 7 -1.15661e-29 2.63612 7.3125 -3.69065e-34 1.57629 7.1875
3.64415e-33 2.07496 7.375 -9.50812e-35 1.26468 7.4375 8.64748e-34 0.828457 7.4375 5.69341e-19
0.890774 7.25 7.90343e-34 1.88796 7.375 -3.05713e-34 1.32701 7.3125 -3.00237e-18 1.63863
7.125 -1.60353e-18 2.32436 7.0625 -3.09239e-18 2.51142 6.75 1.44806e-28 3.25983 7.4375
3.33945e-34 0.953096 7.1875 -1.30881e-18 2.13732 7.5 1.74923e-33 0 7.5 1.74923e-33
0.01875 7.5 2.13085e-33 0.0810096 7.5 -1.37423e-33 0.143274 7.5 3.27913e-18 0.205543
6.00001 -3.00029e-24 4.50775 7.375 6.87037e-34 1.38933 7.5 5.26647e-34 0.267817 7.4375
2.00091e-18 1.01542 7.5 1.33987e-33 0.330096 7.3125 5.73495e-34 1.70097 7.25 1.24902e-18
1.95031 7.5 1.26464e-34 0.392379 7.5 1.76215e-18 0.454667 7.125 2.30623e-31 2.38673
7.4375 -1.15731e-34 1.07775 7.375 -2.50908e-18 1.45166 7.1875 -1.11947e-33 2.19969 7.5
1.73335e-33 0.516959 7.3125 5.28645e-34 1.76331 7.5 -1.44309e-33 0.579256 7.25 -3.36237e-33
2.01266 7.4375 3.29271e-18 1.14007 7 6.68054e-18 2.7609 7.5 -1.8269e-33 0.641558
7.375 4.46404e-34 1.514 7.5 -4.45384e-19 0.703864 7.4375 6.74901e-34 1.20239 7.125
-3.38779e-18 2.44911 7.1875 -1.63447e-31 2.26205 7.3125 6.15966e-34 1.82566 7.5 6.20638e-34
0.766174 7.25 8.33244e-33 2.07502 7.375 -1.52906e-18 1.57633 7.4375 5.45262e-34 1.26472
7.5 3.4861e-34 0.828489 7.3125 2.30496e-18 1.88801 7.5 8.65636e-35 0.890808 7.1875
8.84883e-32 2.32442 7.125 -7.53734e-31 2.51149 7.375 2.40768e-34 1.63867 7.4375 4.19919e-34
1.32704 7.25 -5.25479e-33 2.13738 7.5 2.73091e-18 0.953131 7.5625 1.75814e-33 0
7.5625 -1.97949e-18 0.01875 7.5625 2.08632e-33 0.0810126 7.5625 -2.45346e-18 0.14328 7.5625
8.54821e-34 0.205552 7.4375 -1.34588e-18 1.38937 7.5625 5.27476e-19 0.267828 7.3125 -1.37996e-33
1.95036 7.5 -3.50849e-34 1.01547 7.375 -7.27364e-19 1.70102 7.5625 1.31005e-33 0.33011
7.5625 -2.61235e-19 0.392395 7.1875 5.4348e-31 2.3868 7.5625 -7.80224e-34 0.454686 7.25
-2.13997e-18 2.19975 7.5 6.58005e-34 1.07779 7.4375 1.84218e-34 1.45171 7.5625 3.05904e-18
0.51698 7.375 1.27452e-34 1.76336 7.3125 2.00876e-33 2.01272 7.5625 1.63416e-33 0.579279
7.5 5.28342e-34 1.14011 7.5625 -1.45991e-18 0.641583 7.4375 8.45639e-35 1.51404 7.1875
-1.61503e-31 2.44917 7.25 -4.97916e-32 2.26211 7.5625 9.26191e-34 0.703891 7.5 -1.81989e-18
1.20243 7.125 6.98928e-30 2.63625 7.375 -9.29818e-19 1.82571 7.5625 4.11972e-19 0.766203
7.3125 3.50773e-33 2.07508 7.4375 -8.6648e-36 1.57638 7.5 2.84847e-34 1.26475 7.5625
3.64569e-34 0.82852 6.75 1.34425e-18 3.50949 7.375 5.80651e-34 1.88806 7.25 -1.82572e-31
2.32449 7.1875 2.50417e-30 2.51155 7.5625 1.98915e-18 0.89084 7.4375 4.27308e-19 1.63872
-2.99998 -4.01286e-21 7.00061 7.5 1.69778e-34 1.32708 3.00043 1.73201e-21 7.00122 7.3125
1.53232e-33 2.13744 7 -6.14336e-29 3.0105 7.5625 -1.16694e-34 0.953165 7.625 -3.16977e-34
0 7.625 -3.16977e-34 0.01875 7.625 -2.35964e-18 0.0810155 7.625 -3.76168e-33 0.143286
7.5 5.90163e-35 1.38941 7.625 -2.76127e-18 0.20556 7.375 -2.99735e-19 1.95042 7.4375
-1.63654e-34 1.70106 7.625 -4.56251e-33 0.267839 7.5625 3.29218e-18 1.0155 7.625 -7.93178e-19
0.330123 7.25 3.33345e-31 2.38686 7.625 -4.31199e-34 0.392411 7.3125 7.70842e-33 2.19981
6.5 -3.75823e-27 4.00867 7.625 -2.51459e-18 0.454704 7.5625 -2.40608e-33 1.07782 7.5
2.08615e-19 1.45175 7.125 -2.94417e-29 2.76103 7.625 3.70247e-34 0.517001 7.4375 8.61552e-19
1.76341 7.375 -7.09847e-35 2.01277 7.625 6.27707e-19 0.579302 7.5625 -2.46432e-18 1.14014
7.5 -1.41843e-34 1.51408 7.625 -8.36677e-34 0.641608 7.25 3.43329e-18 2.44924 7.3125
-1.29918e-18 2.26217 7.625 2.98828e-18 0.703917 7.5625 4.24694e-34 1.20246 7.4375 -1.18235e-34
1.82576 7.375 -5.18399e-19 2.07513 7.625 1.76287e-33 0.766231 7.5 -2.21904e-34 1.57642
7.5625 -1.38646e-18 1.26479 7.625 -2.07129e-18 0.82855 7.25 1.62381e-30 2.51162 7.3125
7.26756e-32 2.32455 7.4375 -9.98376e-19 1.88811 7.625 -1.89825e-33 0.890872 7.5 -2.98618e-34
1.63877 7.5625 1.94868e-34 1.32712 7.375 1.28509e-32 2.1375 7.625 -4.62094e-19 0.953198
7.6875 -1.72322e-33 0 7.6875 3.09121e-18 0.01875 7.6875 -2.06898e-33 0.0810183 7.6875
-1.89405e-18 0.143291 7.4375 1.89982e-34 1.95047 7.5625 -3.91323e-19 1.38945 7.6875 9.42694e-34
0.205568 7.5 1.6226e-18 1.70111 7.6875 3.89083e-34 0.26785 7.3125 -2.70525e-18 2.38692
7.625 6.88404e-34 1.01553 7.6875 2.3537e-33 0.330136 7.375 1.47545e-18 2.19986 7.6875
1.88061e-18 0.392427 7.5625 -1.56218e-35 1.45179 7.625 9.41491e-19 1.07785 7.6875 -1.73926e-33
0.454722 7.5 1.15645e-33 1.76346 7.6875 -3.2538e-33 0.517021 7.4375 -2.26621e-18 2.01283
7.6875 -4.629e-33 0.579324 7.625 2.39686e-34 1.14017 7.3125 -2.33405e-31 2.4493 7.5625
4.92696e-19 1.51413 7.375 3.09394e-32 2.26223 7.6875 -2.90162e-18 0.641632 7.25 -5.93872e-18
2.63638 7.5 -3.16744e-34 1.82581 7.625 2.21477e-18 1.2025 7.6875 1.51857e-33 0.703943
7.4375 1.39478e-33 2.07519 7 -2.27405e-18 3.26012 7.5625 -1.88266e-34 1.57647 7.6875
-4.75997e-20 0.766259 7.625 -1.60395e-34 1.26483 7.3125 1.82583e-18 2.51168 7.6875 5.46957e-35
0.828579 7.375 -1.98672e-32 2.3246 7.5 -6.99185e-36 1.88816 7.5625 1.18122e-18 1.63881
7.4375 2.64048e-18 2.13755 7.6875 2.44647e-18 0.890903 7.625 3.36912e-18 1.32716 7.6875
1.50543e-33 0.95324 7.5 3.14674e-18 1.95052 7.75 -8.44582e-33 0 7.75 -8.44582e-33
0.01875 7.75 -1.84244e-18 0.0810211 7.625 6.73417e-34 1.38949 7.75 -2.33173e-33 0.143297
7.5625 -3.21532e-34 1.70116 7.375 5.22946e-31 2.38698 7.75 -6.05295e-33 0.205576 7.6875
1.08743e-33 1.01556 7.75 2.99371e-33 0.267861 7.4375 -6.10011e-33 2.19992 7.75 1.89619e-18
0.330149 7.25 2.45527e-29 2.76116 7.75 -1.2938e-33 0.392442 7.625 -2.52369e-18 1.45183
7.6875 6.31999e-34 1.07788 7.75 -4.27226e-33 0.454739 7.5625 1.1963e-33 1.76351 7.5
-5.25307e-35 2.01288 7.75 -8.37719e-33 0.51704 7.375 1.21791e-18 2.44936 7.6875 -5.25167e-19
1.14021 7.75 -6.89514e-19 0.579346 7.625 4.57392e-34 1.51417 7.4375 -9.91824e-33 2.26229
7.75 8.0064e-34 0.641655 7.5625 -2.82454e-34 1.82586 7.6875 2.92526e-33 1.20253 7.5
-2.85322e-33 2.07524 7.75 -9.48421e-33 0.703969 7.625 -1.62465e-18 1.57651 7.75 9.38868e-34
0.766286 7.6875 -4.89736e-34 1.26486 7.375 1.02006e-31 2.51174 7.4375 -1.05792e-31 2.32466
7.75 2.45029e-18 0.828608 7.5625 -5.09503e-21 1.88821 7.5 1.46036e-33 2.13761 7.625
2.78167e-34 1.63886 7.75 2.33588e-33 0.890934 7.6875 -8.59578e-34 1.3272 7.75 5.26713e-34
0.953268 7.5625 -3.70478e-34 1.95057 5 8.06637e-26 6 7.4375 1.18198e-18 2.38704
7.6875 2.6528e-18 1.38953 7.625 -9.59201e-19 1.7012 7.8125 -2.40094e-32 0 7.8125
2.45135e-20 0.01875 7.8125 -1.14734e-32 0.0810238 7.8125 3.12953e-18 0.143302 6.00005 -1.49271e-23
5.00703 7.8125 8.33497e-33 0.205584 7.5 -3.34792e-18 2.19997 7.75 5.50792e-33 1.01559
7.8125 6.8974e-19 0.267871 7.8125 -6.43042e-33 0.330162 7.8125 5.30002e-19 0.392457 7.6875
-1.48778e-33 1.45187 7.75 2.79187e-18 1.07791 7.8125 9.63851e-33 0.454756 7.5625 1.24328e-18
2.01293 7.625 1.87949e-34 1.76355 7.8125 1.33638e-18 0.517059 7.4375 -9.80656e-32 2.44942
7 4.23132e-18 3.50978 7.375 1.77038e-30 2.63651 7.75 -3.27869e-33 1.14024 7.5
2.83654e-32 2.26235 7.8125 -5.36908e-33 0.579367 7.6875 -1.30849e-33 1.51421 6.00006 -1.42047e-23
5.03895 7.8125 9.34775e-19 0.641678 7.625 -1.09512e-18 1.82591 7.5625 1.13018e-33 2.07529
7.75 1.6196e-33 1.20257 7.8125 5.47489e-33 0.703994 7.6875 1.55992e-33 1.57655 7.8125
2.47019e-18 0.766313 7.4375 -1.65749e-30 2.5118 7.25 3.8676e-29 3.01077 7.5 3.42774e-32
2.32472 7.75 8.34121e-34 1.2649 7.625 5.0139e-34 1.88826 7.8125 -2.01069e-33 0.828636
-5 -2.11352e-18 6.06208 7.5625 7.46606e-19 2.13766 7.6875 -1.8729e-18 1.6389 7.75
1.58487e-18 1.32723 7.8125 -1.82633e-18 0.890975 7.8125 1.92843e-32 0.953295 7.625 1.37218e-18
1.95062 7.5 1.20172e-31 2.3871 7.6875 1.25907e-33 1.70125 7.75 -1.30944e-33 1.38957
7.375 3.78503e-18 2.76129 7.875 2.00484e-32 0 7.875 2.00484e-32 0.01875 7.875
1.2813e-18 0.0810264 7.5625 1.12594e-32 2.20003 7.875 6.21672e-32 0.143307 7.875 3.45808e-18
0.205592 7.8125 -2.80324e-18 1.01562 7.875 -1.55806e-32 0.267881 7.875 -6.67011e-19 0.330174
7.875 -3.23397e-32 0.392471 7.75 -1.08806e-33 1.45191 7.625 7.50852e-35 2.01298 7.8125
-5.22847e-33 1.07794 7.6875 -1.33712e-18 1.7636 7.875 3.0862e-18 0.454773 7.5 -1.65216e-18
2.44948 7.875 1.81024e-32 0.517078 7.5625 3.25911e-18 2.2624 7.8125 -2.14187e-18 1.14027
7.875 1.95628e-18 0.579387 7.75 4.60816e-33 1.51425 7.875 7.65948e-33 0.641701 7.6875
1.27339e-33 1.82595 7.625 -1.43804e-19 2.07535 7.8125 -2.59899e-33 1.2026 7.875 3.28186e-18
0.704018 7.75 -9.98249e-19 1.57659 7.5 2.41406e-31 2.51186 6.49941 1.20786e-24 4.50825
6.5 -2.41109e-27 4.50825 6.5 -4.00344e-25 4.50977 7.5625 -2.80822e-32 2.32478 7.875
2.09349e-32 0.766339 7.8125 2.41962e-18 1.26493 7.6875 -2.65919e-18 1.88831 7.875 5.60675e-19
0.828664 7.625 5.46476e-33 2.13771 7.75 3.2759e-33 1.63894 7.8125 -9.65879e-33 1.32727
7.875 -1.19e-32 0.890999 7.5625 2.92538e-18 2.38715 7.6875 -4.71838e-34 1.95067 7.875
2.62536e-18 0.953321 7.75 2.76886e-33 1.70129 7.8125 1.4881e-18 1.38961 7.625 -1.67967e-18
2.20008 7.9375 4.41371e-32 0 7.9375 3.12156e-19 0.01875 7.9375 -8.9719e-32 0.081029
7.9375 -3.45011e-18 0.143312 7.9375 4.00784e-33 0.205599 7.875 1.82099e-32 1.01565 7.9375
-1.67264e-31 0.267891 7.9375 2.19246e-32 0.330186 7.8125 1.0011e-32 1.45195 7.6875 8.7776e-34
2.01303 7.9375 2.75657e-18 0.392486 7.75 2.76722e-33 1.76364 7.875 2.46706e-18 1.07797
7.5625 5.77192e-31 2.44953 7.25 -1.04704e-28 3.26039 7.5 -2.48986e-30 2.63663 7.9375
2.92009e-33 0.454789 7.625 3.66087e-32 2.26246 7.9375 -4.02252e-32 0.517096 7.875 6.87254e-33
1.1403 7.8125 -2.28633e-18 1.51429 7.9375 8.38631e-32 0.579408 7.75 5.97361e-19 1.826
7.6875 5.30629e-33 2.0754 7.9375 -3.23316e-18 0.641723 7.875 1.19861e-18 1.20263 7.9375
2.10406e-32 0.704042 7.5625 1.77789e-18 2.51192 7.8125 4.60317e-33 1.57664 7.625 -1.71196e-18
2.32483 7.9375 -1.90269e-18 0.766364 7.875 5.04047e-33 1.26497 7.75 -2.56808e-33 1.88836
7.6875 2.75128e-18 2.13777 7.9375 3.56987e-32 0.828691 7.8125 2.09748e-18 1.63898 7.875
-2.03881e-18 1.3273 7.9375 1.52494e-18 0.891024 7.625 -2.3867e-31 2.38721 7.75 -1.42756e-33
1.95072 7.5 -4.8333e-18 2.76141 7.9375 2.63106e-32 0.953347 7.8125 3.46229e-33 1.70134
7.6875 1.25621e-32 2.20014 7.875 -1.43064e-33 1.38964 7.42138e-09 1.39249e-21 7.99998 7.04437e-09
-5.66981e-26 8 8 -2.9513e-32 0 8 -2.9513e-32 0.01875 8 -2.35101e-18
0.0810315 8 9.45963e-32 0.143317 7.9375 6.56562e-32 1.01567 8 -6.53667e-19 0.205607
8 -1.45553e-31 0.2679 8 1.13984e-31 0.330198 7.75 -9.07304e-34 2.01308 7.875
3.37801e-19 1.45198 7.625 -2.51502e-18 2.44959 7.8125 2.69755e-33 1.76369 8 -1.45882e-31
0.392499 7.9375 5.17588e-32 1.078 8 1.69698e-18 0.454805 7.6875 7.42003e-33 2.26251
8 -2.09838e-31 0.517114 7.9375 -8.20472e-19 1.14033 7.875 1.1594e-32 1.51433 8
9.48632e-32 0.579427 7.8125 2.91991e-33 1.82605 7.75 2.4826e-18 2.07545 8 2.94422e-31
0.641744 7.9375 1.76832e-32 1.20266 7.625 -3.50773e-31 2.51197 8 2.92495e-18 0.704065
7.875 9.0698e-19 1.57668 7.6875 1.55206e-31 2.32489 8 -1.39792e-31 0.766389 7.8125
2.02495e-18 1.88841 7.9375 -4.75901e-32 1.265 7.75 4.00136e-33 2.13782 8 -1.06657e-32
0.828726 7.875 -7.72781e-34 1.63903 7.9375 -6.69943e-33 1.32734 8 4.6885e-32 0.891048
7.6875 4.86822e-19 2.38726 7.8125 8.79715e-33 1.95077 7.25 4.09861e-28 3.51005 7.75
1.0725e-32 2.20019 8 1.24329e-18 0.953373 7.875 -6.24199e-19 1.70138 7.9375 2.14768e-18
1.38968 1 1.64487e-21 7.99998 -1 -2.80172e-21 7.99999 4 -6.22304e-27 7
-1 4.13468e-26 8 1 1.21376e-26 8 8 -1.99102e-31 1.0157 7
1.90671e-27 4.00923 7.8125 5.46139e-19 2.01313 7.625 -5.09651e-30 2.63675 7.6875 -5.52845e-31
2.44965 7.9375 2.03939e-33 1.45202 7.875 3.01084e-33 1.76373 8 5.08101e-19 1.07803
7.75 -9.63842e-33 2.26256 7.9375 8.27148e-32 1.51437 8 5.78048e-32 1.14036 7.5
2.10535e-29 3.01102 7.8125 -3.97247e-34 2.0755 7.875 1.56408e-19 1.82609 -3.99982 -2.12759e-20
7.02674 7.6875 5.45607e-31 2.51203 8 -2.54006e-18 1.2027 7.75 7.04712e-19 2.32494
7.9375 -4.46652e-34 1.57672 7.875 -1.67556e-33 1.88845 7.8125 1.0106e-18 2.13787 8
1.70609e-31 1.2726 7.9375 2.41352e-18 1.63907 7.75 -7.51058e-32 2.38732 7.625 1.66061e-30
2.76156 8 4.32054e-32 1.33486 7.875 -2.52887e-18 1.95081 7.8125 -2.61003e-34 2.20024
7.9375 -1.73029e-32 1.70142 8 -7.97484e-32 1.39713 8.125 -3.90146e-31 0 8.125
5.36736e-18 0.0282186 8.125 -6.6171e-31 0.152582 7.75 -6.06477e-31 2.4497 7.875 1.01187e-32
2.01318 8.125 -4.55276e-31 0.276968 7.9375 -5.32722e-19 1.76378 8 4.82098e-19 1.45939
7.8125 -3.37537e-18 2.26262 8.125 -1.80238e-18 0.401377 8.125 -7.32776e-31 0.525809 8
6.74892e-32 1.52166 7.875 -3.11432e-18 2.07555 7.9375 2.51406e-32 1.82614 7.75 3.64447e-31
2.51209 8.125 1.1694e-30 0.650263 7.8125 -4.07521e-32 2.32499 8 3.18053e-33 1.58394
7.875 -2.82016e-32 2.13792 7.9375 2.14323e-18 1.89528 8.125 -6.16718e-18 0.774753 8
1.12149e-31 1.64622 7.8125 -2.27374e-18 2.38737 8.125 -2.59517e-31 0.899224 7.9375 -8.78233e-33
1.95758 7.875 4.04484e-19 2.20029 7.5 6.59815e-18 3.26065 8 6.4564e-19 1.7085
7.75 2.98814e-18 2.63686 7.8125 -1.11126e-31 2.44976 8.125 -3.70174e-33 1.02371 7.9375
-1.30863e-32 2.01988 7.875 6.30531e-32 2.26267 8 -3.83261e-32 1.77078 6.5 1.99601e-17
5.00709 8.125 -7.04389e-32 1.14821 7.9375 5.90001e-32 2.08218 7.8125 2.12954e-18 2.51214
8 3.33786e-32 1.83307 7.875 -1.93706e-19 2.32505 8 5.71833e-33 1.89537 7.9375
-3.93357e-19 2.14449 8.125 -3.25162e-31 1.27272 7.75 1.30103e-29 2.76167 7.875 -3.66704e-32
2.38743 8 3.80707e-19 1.95766 7.9375 4.20391e-32 2.2068 8.125 5.90681e-18 1.39725
2 8.13671e-22 7.99998 -2 3.32702e-21 7.99999 -2 -1.49583e-26 8 2
-1.71641e-27 8 7.875 1.09659e-18 2.44981 8.25 3.38111e-30 0 8.25 3.38111e-30
0.0361952 8 -1.743e-31 2.01997 8.25 7.52964e-19 0.160396 8.25 8.54168e-32 0.284625
7.9375 -9.51586e-32 2.26912 8.25 7.82786e-31 0.408883 8.125 2.0781e-31 1.52179 8
-2.78008e-18 2.08227 8.25 1.70579e-30 0.533168 7.875 1.44884e-30 2.51832 7.9375 -6.61781e-32
2.33144 8.25 3.11746e-18 0.657481 7.5 2.90895e-28 3.51031 8 1.5273e-31 2.14458
8.25 2.26283e-30 0.781828 8.125 -7.16111e-32 1.64635 7.9375 1.45735e-18 2.39376 8
-1.24637e-18 2.20689 8.25 4.81134e-31 0.906161 7.875 -7.63382e-32 2.64299 7.9375 8.7638e-33
2.45609 8.25 -8.57023e-19 1.03051 7.75 -2.40416e-29 3.01126 8 -3.69235e-32 2.26921
8.125 -8.43864e-19 1.77092 7 -2.52426e-17 4.5082 7 -6.32945e-25 4.50932 7.9375
-8.30174e-31 2.51842 8.25 -2.84341e-18 1.15488 8 2.02187e-31 2.33153 8.125 -4.56436e-31
1.89551 7.875 -2.91784e-18 2.76771 8.25 2.8825e-31 1.27927 8 2.93022e-32 2.39385
8.25 -3.55559e-31 1.40367 8 -2.83331e-18 2.45618 8.125 3.62646e-31 2.02011 8
-5.40607e-31 2.51851 8.25 -3.79261e-32 1.52809 8.125 -5.06941e-33 2.14473 7.75 -2.04763e-29
3.26089 8.25 -5.05524e-18 1.65254 8 -7.39769e-30 2.64318 8.125 8.72618e-31 2.26936
8.25 5.05456e-31 1.777 8 -6.5984e-18 2.76789 8.25 6.33215e-32 1.90147 8.125
2.03587e-18 2.39401 6.00046 -5.73224e-22 6.00466 8.25 -5.57925e-18 2.02597 8.5 -1.15174e-30
0 8.5 -1.15174e-30 0.0547897 7.5 -5.14948e-28 4.00941 8.5 -2.7975e-18 0.302511
8.125 2.60616e-30 2.51867 7.75 1.38314e-17 3.51055 8.5 -1.19362e-30 0.55039 8.25
-1.35379e-19 2.15049 8.5 2.77997e-19 0.798403 -3 1.40122e-21 7.99999 -3 -2.13019e-17
8 3 1.38249e-26 8 8.125 3.1631e-32 2.64334 8 2.12492e-29 3.01729
8.25 1.26914e-31 2.27502 8.5 8.92707e-30 1.04648 8.125 5.5356e-30 2.76806 8.25
-1.57654e-30 2.39957 8.5 1.29539e-17 1.29465 5 2.175e-26 7 7 2.06731e-25
5.00703 -5 -1.21092e-17 7.03104 8.25 -1.06512e-30 2.53648 8.5 3.20739e-30 1.54293
8 -1.77379e-18 3.26675 8.25 3.74342e-19 2.66092 8.5 -1.25507e-17 1.79132 8.25
-7.02109e-30 2.78531 8 4.04074e-18 3.51587 8.5 -2.24562e-30 2.03981 8.75 7.53694e-30
0 8.75 -1.31207e-17 0.0672407 7.5 -1.29267e-27 4.50825 8.75 -5.30836e-30 0.314554
8.75 -3.34299e-18 0.562072 8.75 5.79802e-30 0.809663 8.25 -2.36868e-29 3.03422 8.5
-5.79704e-19 2.2884 8.75 5.95882e-30 1.05737 8.75 1.50614e-30 1.30521 8.5 -5.33293e-30
2.5371 8.25 2.10073e-29 3.28251 8.75 2.30841e-18 1.55316 8.75 -3.34398e-30 1.80123
-4 -2.13392e-20 8 -4 -7.95761e-27 8 4 1.83017e-26 8 8.5
9.27802e-18 2.78594 8 -3.87089e-28 4.01411 8.25 -4.842e-31 3.53081 8.75 -5.34788e-30
2.04943 9 -1.77709e-29 0 9 -1.77709e-29 0.075 9 4.88479e-18 0.322117
7.49915 1.07417e-24 5.00709 7.5 9.46572e-28 5.00709 9 3.70469e-18 0.569424 8.5
-3.11467e-29 3.03431 9 -1.05706e-17 0.816823 8.75 4.39176e-30 2.29775 9 -7.98385e-30
1.06435 9 2.07843e-18 1.312 8.5 -3.77944e-18 3.2826 8.75 -1.28582e-17 2.54624
9 7.40445e-18 1.55979 9 -1.01418e-17 1.8077 8 2.44249e-17 4.51234 8.75
6.62255e-30 2.79414 6.9656 4.38247e-22 6.00469 8.5 2.22189e-29 3.5309 6.00035 -5.78418e-21
7.00232 7.00005 -4.88921e-23 6.00469 9 -1.58202e-29 2.05574 8.75 -1.49074e-29 3.04205
9 -7.01545e-18 2.30391 7.00005 -2.29991e-23 6.1625 9 -3.35216e-18 2.55156 8.5
1.16035e-28 4.0275 9 -7.32593e-18 2.79922 -5 -1.40751e-21 7.99999 -5 -1.5615e-26
8 5 1.18286e-26 8 8 5.57179e-28 5.02048 8 8.44359e-25 5.02082
9.5 7.90388e-30 0 9.5 -1.93336e-17 0.112989 9 1.04531e-29 3.04688 9.5
-2.48166e-29 0.605111 9.5 -1.03606e-29 1.09792 8.5 4.97021e-28 4.52411 9.5 4.56554e-30
1.59144 9 -9.79505e-18 3.54219 9.5 -1.83767e-31 2.08482 9.5 8.06953e-29 2.57778
9 1.05865e-28 4.0375 8.5 -5.17544e-29 5.02072 7.00003 -2.20434e-22 7.00234 9.5
-5.40561e-29 3.07075 10 1.85326e-29 0 6 -6.12248e-27 8 10 1.85326e-29
0.144966 8.00001 4.79484e-24 6.01366 10 3.14869e-18 0.635459 10 -4.75583e-29 1.12676
9 -1.90213e-17 4.53281 10 -1.93196e-17 1.61778 9.5 -9.92141e-29 3.56373 10
1.63625e-29 2.10872 9 6.64436e-28 5.04224 9.5 2.25537e-28 4.05671 10 3.5524e-18
2.59966 10 6.38462e-29 3.0906 10 2.3849e-17 3.58154 7.9881 2.15636e-25 7.00678
7 -1.0615e-26 8 8 3.7259e-25 7.00683 10 -2.86549e-29 4.07248 8.99968
4.92087e-24 6.02817 9 4.78458e-28 6.02817 11 2.80536e-30 0 11 2.80536e-30
0.22013 11 -1.4151e-29 1.19261 10 1.61819e-28 5.05436 11 6.26506e-29 2.1651
8 -4.46833e-25 7.99824 8 3.37522e-28 8 8.99919 1.5296e-27 7.01409 9
-7.77944e-28 7.01409 11 1.79903e-29 3.13758 10 -2.62218e-28 6.03624 11 1.50364e-29
4.11006 12 -3.23934e-29 0 12 -3.23934e-29 0.268044 9 -5.11172e-28 8
12 -5.21083e-31 1.23454 11 3.24114e-28 5.08255 12 -2.23591e-29 2.20103 10
9.77219e-29 7.01812 12 -7.16336e-31 3.16753 11 9.0714e-29 6.05503 12 -2.03313e-29
4.13402 10 -2.26073e-28 8 13 1.33679e-29 0 13 1.33679e-29 0.290282
12 -2.49217e-29 5.10052 11 -2.27975e-28 7.02752 13 -6.0776e-30 1.254 13
2.29103e-29 2.21771 13 -4.14777e-29 3.18143 12 1.26565e-28 6.06701 11 3.88783e-28
8 13 6.43201e-29 4.14514 12 -5.90724e-30 7.03351 13 -4.17322e-30 5.10886
14 1.21807e-30 0 14 1.21807e-30 0.29776 14 -1.67563e-29 1.26054 14
1.17294e-29 2.22332 13 6.74056e-29 6.07257 14 -1.60309e-29 3.1861 12 2.94234e-28
8 14 -3.88093e-30 4.14888 13 8.55666e-29 7.03629 14 1.38099e-30 5.11166
15 6.08598e-30 0 15 6.08598e-30 0.299458 15 3.70076e-17 1.26203 15
5.33364e-17 2.22459 14 1.44512e-29 6.07444 13 -1.13295e-28 8 15 -2.4279e-17
3.18716 15 -4.30047e-17 4.14973 14 2.71419e-29 7.03722 15 -1.23272e-17 5.1123
14 -2.64447e-29 8 15 -2.2943e-17 6.07486 15 2.22628e-17 7.03743 15
-3.86116e-30 8 
POLYGONS 13159 65999
5 4572 4546 4525 4620 4651 3 4676 4572 4651 3
4651 4723 4676 4 6926 6987 7044 6929 4 6948
6987 6926 6878 4 7044 7137 6947 6929 4 5095
5025 5085 5158 3 7002 6987 6948 4 5121 5079
5035 5095 3 5121 5165 5079 4 4967 5025 5095
5035 4 4834 4797 4874 4928 4 5053 5120 5145
5072 5 7192 7044 6987 7002 7071 4 5053 5049
5119 5120 5 5187 5121 5095 5158 5213 3 5187
5165 5121 3 4620 4599 4605 4 4834 4750 4708
4797 3 4858 4869 4947 4 4891 4834 4928 4974
3 5239 5254 5207 4 5125 5072 5145 5177 5
4977 5053 5072 5000 4972 3 5049 5053 4977 4
5022 5101 5119 5049 5 4947 5022 5049 4977 4971
4 4525 4493 4599 4620 3 4457 4525 4546 4
4457 4442 4493 4525 4 7192 7287 7137 7044 4
5085 5025 4960 5031 4 5153 5197 5158 5085 4
5031 5104 5153 5085 4 6777 6819 6724 6685 4
4819 4750 4834 4891 4 5045 4974 4928 5000 4
4974 5031 4960 4891 4 5045 5104 5031 4974 4
5207 5164 5211 5239 4 5153 5207 5254 5197 4
5104 5164 5207 5153 4 5125 5045 5000 5072 4
5164 5125 5177 5211 4 5045 5125 5164 5104 3
6902 6812 6789 4 6902 6948 6878 6812 4 6947
7137 7265 7119 3 6947 7119 6993 3 6902 7002
6948 4 7320 7192 7071 7217 3 5213 5220 5187
4 5213 5158 5197 5236 4 5251 5220 5213 5236
5 5220 5268 5240 5165 5187 3 5268 5220 5251
3 6777 6871 6819 3 5254 5236 5197 4 7439
7567 7685 7598 4 7439 7209 7440 7567 4 7828
7598 7685 7840 3 7840 7855 7828 4 4882 4960
5025 4967 4 4972 5000 4928 4874 3 4858 4947
4971 3 4645 4708 4750 3 4432 4389 4403 4
7287 7192 7320 7394 4 7381 7265 7137 7287 4
7394 7468 7381 7287 4 4882 4819 4891 4960 4
5079 5082 5017 5035 4 5165 5159 5082 5079 5
4954 4951 4967 5035 5017 3 4949 4951 4954 4
4803 4729 4750 4819 4 4727 4729 4803 4794 4
4951 4870 4882 4967 4 4859 4870 4951 4949 5
4729 4715 4621 4645 4750 3 4727 4715 4729 4
4803 4870 4859 4794 4 4882 4870 4803 4819 3
5159 5165 5240 3 4376 4389 4432 3 4651 4725
4723 4 4947 4869 4865 4950 3 5022 5024 5101
4 5024 5022 4947 4950 3 4620 4638 4651 4
4628 4638 4620 4605 5 6926 6929 6876 6833 6854
3 6878 6926 6854 4 6947 6912 6876 6929 4
5120 5123 5152 5145 3 5119 5123 5120 4 5254
5239 5249 5261 5 6812 6854 6833 6750 6789 3
6812 6878 6854 4 5177 5145 5152 5183 3 6678
6685 6724 3 5261 5236 5254 4 5211 5217 5249
5239 4 5183 5217 5211 5177 4 6912 6947 6993
6944 3 4072 4123 4119 4 4037 3949 3947 4038
4 4037 4040 3955 3949 5 4037 4127 4123 4072
4040 6 4177 4158 4127 4037 4038 4042 4 4158
4177 4198 4195 6 5331 5339 5343 5075 5070 5068
4 5324 5301 5430 5462 4 4170 4213 4046 3996
5 3055 2944 2757 2641 2705 4 4355 4213 4170
4321 3 5331 5340 5339 5 4213 4238 4159 4090
4046 4 4238 4213 4355 4400 4 4082 4060 3874
3894 5 3255 3278 3502 3482 3362 5 4088 3982
3978 4095 4103 4 3285 3274 3385 3401 3 4088
3989 3982 3 5331 5341 5340 5 5344 5341 5331
5068 5081 4 4785 4824 4879 4840 4 4709 4714
4613 4606 6 3074 3278 3255 3142 3054 3059 4
3285 3173 3161 3274 4 4104 4088 4103 4110 4
3300 3285 3401 3414 4 3192 3173 3285 3300 4
2651 2646 2594 2602 4 2598 2584 2636 2649 4
4104 4007 3989 4088 4 3413 3521 3548 3429 4
2598 2649 2656 2605 4 3333 3311 3413 3429 3
3102 3086 3186 4 4103 4187 4197 4110 4 4840
4802 4774 4785 4 4915 4848 4840 4879 4 4976
4997 4915 4879 3 3394 3378 3349 4 2539 2523
2584 2598 4 3429 3548 3583 3481 5 3349 3333
3429 3481 3394 4 4802 4840 4848 4823 4 4668
4666 4484 4486 4 4709 4606 4600 4692 4 3691
3706 3747 3736 3 3706 3691 3638 3 4015 4043
3977 4 4095 4183 4187 4103 4 5339 5666 5676
5343 4 5340 5668 5666 5339 4 4953 4976 4879
4824 4 5369 5383 5274 5259 6 4919 4944 4831
4728 4714 4709 3 3331 3381 3351 5 3084 3218
3310 3278 3074 5 2651 2602 2621 2726 2711 6
3381 3331 3136 2944 3055 3471 3 3084 3101 3218
4 2605 2554 2539 2598 3 4268 4215 4201 5
3953 3928 3945 4019 4053 4 3089 2999 2960 3063
5 3590 3563 3559 3659 3650 4 3205 3235 3340
3327 4 3673 3667 3558 3562 4 3974 3896 4006
4051 3 3785 3694 3766 3 3638 3590 3650 4
3890 3812 3896 3974 4 4777 4707 4648 4755 3
2867 2864 2866 5 3627 3629 3694 3705 3633 7
3337 3317 3431 3538 3550 3571 3452 4 3739 3760
3680 3657 4 2872 2772 2786 2883 5 2878 2777
2759 2864 2867 3 3792 3795 3802 3 3838 3830
3836 3 3627 3615 3629 3 3347 3337 3452 4
3063 3041 3118 3153 5 3191 3138 3347 3393 3290
6 2949 3138 3191 3093 3000 2970 4 4610 4524
4503 4594 4 4470 4458 4545 4559 3 4287 4268
4279 4 3855 3886 3786 3755 4 3840 3829 3927
3928 3 3197 3204 3125 5 4287 4295 4233 4215
4268 4 3953 4053 4070 3976 4 3852 3840 3928
3953 4 3976 3901 3852 3953 5 3153 3197 3125
3089 3063 5 4083 4043 4015 4114 4107 6 4195
4330 4328 4263 4193 4194 4 4260 4264 4325 4326
5 3650 3659 3744 3747 3706 5 3860 4049 4042
3948 3847 6 3860 3847 3749 3660 3667 3673 3
3706 3638 3650 3 4047 4043 4083 4 4082 4236
4223 4060 6 4693 4378 4344 4371 4394 4730 4
4668 4486 4495 4678 4 4693 4686 4504 4378 4
2647 2697 2715 2658 4 2960 2933 3041 3063 4
2949 2970 2884 2863 5 4261 4279 4268 4201 4190
6 4046 4090 3998 3915 3886 3855 3 3927 3945
3928 3 3456 3447 3313 4 3954 4086 4095 3978
5 3978 3982 3941 3856 3837 3 3837 3954 3978
5 3385 3274 3266 3325 3380 5 3485 3500 3536
3401 3385 6 3484 3485 3385 3380 3392 3418 3
3989 3941 3982 3 3377 3380 3325 3 3485 3498
3500 3 3484 3498 3485 3 3377 3392 3380 5
4768 4760 4800 4824 4785 3 4768 4706 4760 4
3124 3235 3205 3126 5 2867 2866 2953 2966 2923
7 4124 4143 3960 3943 3956 4022 4071 5 3785
3795 3792 3705 3694 5 3864 3760 3739 3830 3838
5 2963 2957 2956 2872 2883 3 2860 2918 2936
3 2878 2867 2923 4 4774 4802 4702 4681 3
4768 4785 4774 5 4663 4706 4768 4774 4681 4
3288 3277 3349 3378 4 3378 3394 3473 3467 4
3332 3288 3378 3467 3 3827 3828 3803 4 3248
3333 3349 3277 3 3481 3473 3394 6 4558 4524
4610 4702 4726 4748 4 4598 4558 4748 4792 4
4365 4324 4288 4347 4 4334 4266 4260 4326 4
3975 3961 3991 3977 5 3951 3875 3863 3961 3975
4 4015 3977 3991 4025 3 3922 3875 3951 4
4051 4006 4087 4135 3 4365 4372 4324 4 5149
5131 5204 5218 4 4864 4883 4777 4755 4 5160
5171 5078 5063 5 3932 3974 4051 4086 3954 4
3856 3785 3766 3837 5 3633 3523 3536 3604 3627
4 3642 3633 3705 3724 4 3538 3523 3633 3642
4 3802 3795 3883 3903 4 3802 3820 3794 3792
4 3921 3820 3802 3903 3 3604 3615 3627 3
4067 4130 4069 5 3829 3824 3825 3915 3927 4
3829 3840 3746 3740 4 3824 3829 3740 3738 4
3288 3204 3197 3277 5 3204 3240 3134 3091 3125
4 3332 3240 3204 3288 5 3239 3367 3449 3262
3232 4 3332 3367 3239 3240 3 2514 2511 2589
4 4070 4053 4137 4156 5 4167 4130 4067 4070
4156 3 3824 3823 3825 4 3751 3746 3840 3852
4 3823 3824 3738 3735 3 3827 3879 3828 3
3756 3798 3761 4 3901 3976 3973 3923 4 3901
3756 3751 3852 4 3923 3798 3756 3901 4 3248
3277 3197 3153 3 3091 3089 3125 3 3229 3232
3262 4 4873 4875 4666 4668 6 5369 5259 5110
5090 5075 5343 5 4685 4901 4919 4709 4692 4
2810 2843 2742 2728 5 4143 4296 4306 4321 4170
6 4524 4355 4321 4415 4485 4503 4 4383 4458
4470 4398 4 2647 2658 2608 2597 3 4335 4404
4362 4 4401 4393 4443 4450 4 4755 4648 4637
4744 4 3243 3235 3124 3132 3 2963 2971 2957
3 2627 2629 2622 3 2653 2629 2627 6 3800
3855 3755 3717 3688 3655 3 3571 3582 3452 6
3655 3582 3571 3680 3760 3800 5 2629 2636 2584
2589 2622 4 2636 2692 2703 2649 5 2692 2636
2629 2653 2669 6 3582 3616 3506 3393 3347 3452
3 3616 3582 3655 4 2630 2681 2697 2647 4
2891 2793 2777 2878 7 2949 2863 2758 2739 2724
2806 2906 6 4124 4206 4278 4286 4296 4143 4
4313 4335 4362 4332 4 4448 4458 4383 4360 3
4372 4393 4401 4 4545 4458 4448 4517 6 5059
5149 5218 5255 5113 5086 4 3701 3583 3548 3672
3 3583 3636 3481 4 3735 3636 3583 3701 5
4393 4365 4347 4438 4443 6 4675 4685 4595 4502
4491 4489 4 4419 4420 4334 4326 4 4183 4095
4086 4162 4 4245 4262 4187 4183 3 4162 4245
4183 3 4365 4393 4372 4 4953 4824 4788 4911
4 4953 5037 5059 4976 4 5037 4953 4911 5008
4 2630 2647 2597 2576 3 3500 3604 3536 3
3932 3890 3974 4 3890 3884 3804 3812 3 3932
3884 3890 5 4734 4707 4777 4788 4756 5 4700
4669 4624 4612 4654 4 4706 4669 4700 4760 3
4579 4612 4624 3 2645 2694 2689 4 2638 2634
2575 2583 5 2695 2694 2645 2634 2638 3 4669
4642 4624 4 4663 4642 4669 4706 4 4559 4577
4485 4470 5 4642 4559 4545 4579 4624 4 4663
4577 4559 4642 3 3367 3464 3449 4 3464 3367
3332 3467 3 3166 3052 3035 5 4184 4152 4129
4107 4191 3 4184 4212 4152 4 4276 4338 4347
4288 4 4257 4255 4276 4288 4 4162 4086 4051
4135 3 4147 4129 4152 3 4313 4262 4245 4
4218 4255 4257 4252 3 4212 4255 4218 4 4864
4755 4744 4843 4 4944 4919 5110 5133 6 4973
4957 4944 5133 5160 5063 4 4114 4015 4025 4118
4 4189 4191 4107 4114 4 4193 4189 4114 4118
3 4404 4418 4362 4 4450 4443 4519 4523 4
4468 4452 4418 4404 4 4477 4450 4523 4542 4
4637 4648 4604 4563 4 4622 4728 4744 4637 4
4542 4622 4637 4563 3 4579 4521 4612 3 4514
4452 4468 5 4508 4477 4542 4563 4555 4 4270
4262 4313 4332 5 4332 4362 4418 4433 4345 4
4278 4270 4332 4345 3 4452 4433 4418 4 4517
4521 4579 4545 5 4448 4433 4452 4514 4517 3
4508 4555 4522 5 4118 4025 4034 4072 4119 5
4194 4119 4123 4158 4195 4 4194 4193 4118 4119
4 3861 3849 3949 3955 5 3961 3955 4040 4034
3991 4 3863 3861 3955 3961 3 4025 3991 4034
3 4040 4072 4034 3 4123 4127 4158 5 4214
4200 4177 4042 4049 4 4340 4200 4214 4344 3
4200 4198 4177 4 4198 4336 4330 4195 4 4340
4336 4198 4200 5 5188 5301 5324 5218 5204 4
5301 5287 5402 5430 5 5171 5160 5287 5301 5188
6 3894 3698 3730 3759 4136 4082 6 3527 3851
3759 3569 3351 3381 4 3532 3502 3278 3310 4
3960 4143 4170 3996 4 3800 3996 4046 3855 5
3864 3960 3996 3800 3760 3 3527 3381 3471 5
5341 5508 5680 5668 5340 3 5344 5508 5341 5
4439 4279 4261 4238 4400 4 4400 4355 4524 4558
4 4598 4439 4400 4558 4 3860 3874 4060 4049
4 3874 3685 3698 3894 4 3685 3874 3860 3673
4 3345 3340 3235 3243 4 3685 3482 3502 3698
6 3562 3461 3469 3482 3685 3673 5 4394 4236
4082 4136 4441 4 4441 4807 4730 4394 3 5107
5127 5373 4 5107 4693 4730 5127 6 4686 5081
5068 4873 4668 4678 5 5081 5107 5373 5374 5344
4 4686 4693 5107 5081 4 4523 4519 4606 4613
4 4622 4613 4714 4728 4 4542 4523 4613 4622
4 3166 3266 3274 3161 4 3161 3173 3078 3060
4 3060 3052 3166 3161 4 4071 4104 4110 4124
3 3941 3883 3856 4 3523 3414 3401 3536 4
3431 3317 3300 3414 4 3431 3414 3523 3538 5
3086 2923 2966 3078 3085 4 3186 3210 3317 3337
4 2646 2638 2583 2594 4 2701 2646 2651 2711
4 2695 2638 2646 2701 4 4018 4007 4104 4071
5 4007 3903 3883 3941 3989 4 3921 3903 4007
4018 4 3521 3641 3672 3548 4 3506 3521 3413
3393 4 3641 3521 3506 3616 4 2716 2656 2649
2703 4 2656 2667 2620 2605 4 2667 2656 2716
2724 4 3221 3311 3333 3248 4 3311 3290 3393
3413 4 3191 3290 3311 3221 6 3102 2906 2891
2878 2923 3086 5 3138 3102 3186 3337 3347 4
3138 2949 2906 3102 4 4206 4124 4110 4197 4
4197 4187 4262 4270 4 4206 4197 4270 4278 3
4304 4295 4287 4 4941 4846 4848 4915 4 5086
4997 4976 5059 4 4997 5027 4941 4915 4 5027
4997 5086 5113 4 2523 2514 2589 2584 6 4315
4304 4287 4279 4439 4471 4 4726 4702 4802 4823
4 4823 4848 4846 4841 4 4841 4748 4726 4823
4 4328 4330 4486 4484 4 4489 4484 4666 4675
6 4328 4484 4489 4419 4326 4325 4 4505 4600
4606 4519 4 4600 4595 4685 4692 4 4502 4595
4600 4505 4 3861 3736 3747 3849 3 3736 3861
3863 4 5701 5369 5343 5676 5 5676 5666 5819
5970 5976 5 5882 5701 5676 5976 5981 6 5743
5583 5402 5383 5369 5701 4 5882 5855 5743 5701
3 5668 5819 5666 3 6000 5882 5981 4 6034
5855 5882 6000 4 3084 3074 2971 2963 4 3218
3331 3351 3310 5 2726 2910 2883 2786 2711 4
2757 2726 2621 2641 4 2910 2726 2757 2944 5
3101 3084 2963 2883 2910 4 3101 3136 3331 3218
4 2944 3136 3101 2910 5 4116 4134 4201 4215
4137 3 4116 4111 4134 4 4116 4137 4053 4019
3 4019 3945 4013 4 4013 4111 4116 4019 3
3447 3559 3563 4 3559 3555 3660 3659 4 3456
3555 3559 3447 3 3313 3205 3327 4 3458 3327
3340 3461 4 3458 3456 3313 3327 4 3558 3667
3660 3555 4 3558 3458 3461 3562 4 3456 3458
3558 3555 4 2761 2766 2869 2862 3 2761 2704
2766 4 2747 2761 2862 2848 5 2704 2761 2747
2689 2694 4 2797 2854 2866 2864 4 2797 2835
2846 2854 4 3642 3724 3739 3657 4 3657 3680
3571 3550 4 3538 3642 3657 3550 4 2772 2701
2711 2786 4 2766 2772 2872 2869 5 2695 2701
2772 2766 2704 3 2694 2695 2704 4 2692 2759
2777 2703 4 2759 2746 2797 2864 4 2746 2759
2692 2669 4 2756 2835 2797 2746 3 2756 2746
2669 4 3939 3943 3838 3836 4 3820 3836 3830
3794 4 3939 3836 3820 3921 4 3221 3248 3153
3118 4 3118 3041 3000 3093 4 3093 3191 3221
3118 4 4681 4702 4610 4594 4 4594 4503 4485
4577 4 4681 4594 4577 4663 3 4269 4304 4315
4 3770 3717 3755 3786 5 3822 3786 3886 3915
3825 3 3770 3786 3822 5 4246 4233 4295 4304
4269 4 4233 4156 4137 4215 4 4167 4156 4233
4246 4 3770 3701 3672 3717 3 3823 3822 3825
5 3823 3735 3701 3770 3822 4 4189 4264 4260
4191 4 4263 4328 4325 4264 4 4193 4263 4264
4189 4 2728 2672 2658 2715 4 2715 2697 2758
2788 4 2810 2728 2715 2788 4 2843 2933 2960
2877 4 2907 3000 3041 2933 4 2907 2933 2843
2810 4 2884 2970 3000 2907 4 2788 2758 2863
2884 4 2810 2788 2884 2907 4 4159 4238 4261
4190 3 4190 4201 4134 5 4111 4090 4159 4190
4134 5 3998 4013 3945 3927 3915 4 4090 4111
4013 3998 3 3028 3124 3126 4 2942 2953 2866
2854 4 2953 3060 3078 2966 4 2942 3052 3060
2953 4 2935 2942 2854 2846 4 2935 3035 3052
2942 4 3795 3785 3856 3883 4 3794 3724 3705
3792 4 3960 3864 3838 3943 4 3830 3739 3724
3794 5 2945 2888 2869 2872 2956 3 2956 2957
2958 4 3021 2945 2956 2958 4 2918 2860 2888
2945 3 2918 3047 2936 4 3021 3047 2918 2945
4 4184 4191 4260 4266 4 4276 4266 4334 4338
5 4212 4184 4266 4276 4255 4 5037 5131 5149
5059 4 5106 5188 5204 5131 4 5106 5131 5037
5008 4 4911 4788 4777 4883 4 4883 4864 4973
4988 4 5008 4911 4883 4988 4 5078 5171 5188
5106 4 5078 4988 4973 5063 4 5106 5008 4988
5078 4 4901 4685 4675 4888 4 5090 5110 4919
4901 4 5075 5090 4901 4888 4 4415 4398 4470
4485 4 4398 4306 4296 4383 4 4306 4398 4415
4321 4 2681 2739 2758 2697 4 2667 2681 2630
2620 4 2724 2739 2681 2667 4 2793 2716 2703
2777 4 2806 2793 2891 2906 4 2806 2724 2716
2793 4 4286 4360 4383 4296 4 4345 4433 4448
4360 4 4278 4345 4360 4286 4 4438 4347 4338
4427 4 4505 4519 4443 4438 4 4502 4505 4438
4427 4 4427 4338 4334 4420 4 4420 4419 4489
4491 4 4491 4502 4427 4420 4 2620 2630 2576
2564 4 4957 4973 4864 4843 4 4843 4744 4728
4831 4 4831 4944 4957 4843 4 3947 3949 3849
3846 4 3948 4042 4038 3947 4 3846 3847 3948
3947 4 3192 3300 3317 3210 4 3192 3085 3078
3173 5 3186 3086 3085 3192 3210 4 5287 5274
5383 5402 4 5133 5110 5259 5274 4 5160 5133
5274 5287 4 2564 2554 2605 2620 3 4022 4018
4071 3 3939 3956 3943 5 4022 3956 3939 3921
4018 4 3744 3846 3849 3747 4 3749 3744 3659
3660 4 3847 3846 3744 3749 4 4336 4495 4486
4330 4 4495 4504 4686 4678 5 4340 4378 4504
4495 4336 4 4888 4675 4666 4875 4 4875 4873
5068 5070 4 5070 5075 4888 4875 4 3142 3255
3243 3132 4 3132 3124 3028 3048 4 3048 3054
3142 3132 3 2888 2862 2869 5 3059 2958 2957
2971 3074 4 3054 3021 2958 3059 4 2860 2848
2862 2888 4 3047 3048 3028 2936 4 3021 3054
3048 3047 4 3641 3688 3717 3672 4 3655 3688
3641 3616 4 3532 3730 3698 3502 4 3569 3532
3310 3351 4 3730 3532 3569 3759 4 5704 5680
5508 5381 5 5680 5979 5971 5819 5668 4 6001
5979 5680 5704 4 5381 5508 5344 5374 3 5970
5819 5971 4 3345 3469 3461 3340 4 3362 3345
3243 3255 4 3482 3469 3345 3362 4 4214 4049
4060 4223 4 4371 4223 4236 4394 4 4344 4214
4223 4371 3 4378 4340 4344 3 3723 3691 3736
5 3638 3691 3723 3720 3617 3 3590 3553 3563
5 3546 3553 3590 3638 3617 3 3875 3850 3863
5 3843 3850 3875 3922 3907 5 3447 3423 3398
3299 3313 5 3553 3430 3423 3447 3563 4 3723
3850 3843 3720 3 3546 3430 3553 4 3736 3863
3850 3723 3 3293 3299 3398 4 3196 3113 3126
3205 4 3110 3113 3196 3180 4 3113 3005 3028
3126 4 3003 3005 3113 3110 5 2745 2741 2747
2848 2833 3 2634 2633 2575 4 2860 2936 2924
2841 3 2740 2741 2745 4 3299 3196 3205 3313
4 3293 3180 3196 3299 4 2841 2833 2848 2860
3 2687 2645 2689 5 2687 2685 2633 2634 2645
4 2741 2687 2689 2747 4 2740 2685 2687 2741
3 3002 3005 3003 5 3002 2924 2936 3028 3005
4 3951 3944 3907 3922 4 4245 4162 4179 4256
4 4324 4358 4357 4288 3 4372 4358 4324 4
4043 4030 3972 3977 4 4047 4039 4030 4043 4
3964 3975 3977 3972 5 4313 4323 4370 4364 4335
4 4323 4313 4245 4256 5 4450 4445 4357 4358
4401 3 4445 4450 4477 4 3232 3224 3227 3239
4 3220 3224 3232 3229 3 3240 3239 3227 4
3765 3766 3694 3693 3 3837 3832 3954 4 3765
3832 3837 3766 3 3629 3693 3694 4 3464 3476
3466 3449 3 3476 3464 3467 4 3326 3325 3266
3269 3 3326 3377 3325 5 2835 2749 2748 2842
2846 3 2756 2749 2835 4 2935 2846 2842 2934
3 2591 2585 2592 5 2627 2622 2591 2592 2626
5 2653 2627 2626 2664 2666 4 2589 2511 2585
2591 3 2622 2589 2591 3 2669 2653 2666 4
3166 3171 3269 3266 4 3035 3038 3171 3166 4
2666 2664 2748 2749 4 2756 2669 2666 2749 4
2934 3038 3035 2935 4 3964 3944 3951 3975 3
4179 4162 4135 4 4083 4066 4039 4047 4 4472
4468 4404 4410 4 4514 4468 4472 4513 4 4517
4526 4547 4521 5 4364 4374 4410 4404 4335 3
4401 4358 4372 4 4107 4102 4066 4083 4 4526
4517 4514 4513 3 4547 4612 4521 3 4370 4374
4364 4 4129 4128 4102 4107 3 4147 4128 4129
3 4572 4561 4546 5 4676 4680 4597 4561 4572
4 6937 6783 6741 6882 4 4680 4676 4723 4786
4 6937 6977 6829 6783 5 5512 5420 5349 5324
5462 4 6283 6352 6207 6201 5 7264 6937 6882
6838 7159 5 7366 7039 6977 6937 7264 3 4411
4386 4444 5 5649 5512 5462 5638 5663 3 4386
4379 4382 5 4293 4379 4386 4411 4320 3 3767
3780 3776 5 4382 4455 4473 4444 4386 3 5649
5663 5669 4 7406 7126 6979 7304 4 6474 6352
6283 6414 4 7289 7516 7527 7309 3 5032 4983
5074 5 4379 4290 4277 4342 4382 3 4293 4290
4379 7 4533 4455 4382 4342 4315 4471 4498 4
4983 5032 4992 4965 5 6088 6108 6056 6033 6079
3 6088 6079 6082 4 5603 5638 5462 5430 4
4488 4560 4603 4531 4 7406 7516 7289 7126 4
6474 6550 6448 6352 3 4670 4703 4719 3 6296
6301 6255 4 4463 4488 4447 4422 3 4259 4258
4282 4 4064 4035 4028 4031 4 4115 4064 4031
4055 4 4463 4538 4560 4488 5 4719 4737 4639
4611 4670 6 6436 6375 6313 6301 6296 6382 4
6223 6244 6163 6139 4 6165 6169 6108 6088 4
6830 6695 6642 6753 6 6545 6603 6653 6534 6507
6488 4 6119 6165 6088 6082 4 5011 4999 4982
5051 3 5253 5276 5283 4 4055 4058 4121 4132
4 5051 5061 5084 5011 5 5219 5253 5283 5289
5230 4 6211 6150 6107 6166 3 5918 5905 5805
4 4492 4447 4488 4531 4 4430 4447 4492 4460
5 4745 4719 4703 4811 4866 5 3920 3897 3767
3762 3891 5 3811 3897 3920 3967 3870 4 4422
4447 4430 4396 4 4132 4185 4115 4055 4 4258
4259 4181 4248 3 3897 3780 3767 3 3780 3811
3776 3 3897 3811 3780 3 4745 4737 4719 4
6436 6452 6396 6375 4 6578 6603 6545 6512 5
4881 4835 4846 4941 4982 4 4796 4811 4703 4684
4 4999 4913 4881 4982 3 4825 4810 4821 4
5129 5143 5074 5030 3 5129 5157 5143 5 3803
3862 3891 3762 3771 3 3828 3862 3803 5 4835
4792 4748 4841 4846 4 4684 4674 4765 4796 7
4640 4598 4792 4810 4825 4833 4741 4 5114 5129
5030 5029 5 5114 5186 5199 5157 5129 3 4972
4971 4977 3 4644 4682 4636 3 4588 4682 4644
3 4155 4146 4145 3 4689 4667 4782 5 4588
4587 4667 4689 4682 4 4122 4210 4222 4121 5
4178 4210 4122 4069 4130 5 3862 3879 3966 4028
3891 4 4228 4132 4121 4222 3 4178 4130 4167
3 3828 3879 3862 4 5987 5905 5918 5972 3
5905 5923 5805 4 5987 6006 5923 5905 5 4453
4457 4546 4561 4482 4 4431 4442 4457 4453 4
4597 4680 4733 4649 4 4539 4482 4561 4597 4
4649 4593 4539 4597 4 6547 6436 6382 6499 6
6504 6752 6838 6696 6582 6541 5 6380 6417 6266
6244 6223 4 4829 4733 4680 4786 4 4858 4829
4786 4869 5 6588 6466 6452 6436 6547 6 7039
7176 6864 6792 6744 6886 5 6717 6603 6578 6554
6674 4 6211 6256 6170 6150 4 7608 7406 7304
7537 4 6078 6102 5961 5931 6 6172 6223 6139
6069 6058 6036 6 6414 6283 6256 6211 6276 6353
4 6523 6592 6474 6414 4 6353 6478 6523 6414
4 6617 6697 6777 6685 6 5113 5147 5051 4982
4941 5027 5 5147 5113 5255 5276 5253 3 5283
5276 5305 4 5147 5156 5061 5051 4 5219 5156
5147 5253 4 5452 5547 5575 5483 5 5305 5322
5333 5289 5283 4 6056 6108 6132 6073 4 5987
5972 6033 6056 4 6073 6006 5987 6056 3 4535
4605 4599 4 4535 4531 4603 4605 3 4560 4629
4603 4 6742 6724 6819 6870 4 7505 7407 7350
7436 4 7041 7198 7294 7135 4 6830 6918 6767
6695 4 7090 7198 7041 6945 3 4258 4305 4282
3 4165 4146 4155 4 3920 3891 4028 4035 5
4059 4035 4064 4145 4146 4 4059 3967 3920 4035
4 4165 4161 4059 4146 3 4115 4145 4064 3
4165 4181 4161 4 4538 4463 4440 4501 5 4541
4636 4629 4560 4538 5 4501 4587 4588 4541 4538
3 5930 5945 5873 7 6246 6327 6382 6296 6202
6190 6241 4 5930 6004 6024 5945 4 6293 6327
6246 6217 4 6243 6276 6211 6166 3 6357 6330
6321 6 6422 6478 6353 6325 6277 6358 4 6364
6284 6234 6334 5 6425 6424 6364 6334 6399 3
6318 6292 6320 5 6393 6357 6321 6284 6364 4
6107 6073 6132 6166 4 6050 6107 6150 6089 4
6050 6006 6073 6107 3 4535 4492 4531 3 4399
4397 4391 4 4399 4442 4431 4397 5 4493 4460
4492 4535 4599 5 4460 4399 4391 4351 4430 4
4493 4442 4399 4460 5 4248 4311 4351 4305 4258
5 4248 4181 4165 4155 4224 4 4311 4248 4224
4285 4 6505 6446 6429 6490 3 6428 6424 6425
4 6505 6525 6467 6446 4 5535 5547 5452 5436
3 5305 5317 5322 4 6615 6632 6530 6481 3
6615 6662 6632 4 5567 5595 5612 5562 5 7071
7002 6902 6789 6955 4 6955 7093 7217 7071 4
6550 6474 6592 6657 4 6615 6481 6448 6550 5
6730 6662 6615 6550 6657 6 7320 7407 7505 7630
7468 7394 4 5547 5629 5650 5575 4 5914 5930
5873 5856 4 5791 5872 5885 5809 4 6697 6617
6530 6632 5 6808 6809 6871 6777 6697 5 6662
6807 6808 6697 6632 5 5483 5575 5595 5567 5485
4 5400 5388 5452 5483 4 5401 5400 5483 5485
4 6955 6789 6742 6870 5 6870 6819 6871 6913
6995 4 6995 7093 6955 6870 3 6809 6913 6871
3 6730 6807 6662 5 7374 7439 7598 7505 7436
5 7198 7209 7439 7374 7294 4 5255 5218 5324
5349 7 5327 5317 5305 5276 5255 5349 5365 4
7700 7516 7406 7608 4 7441 7176 7039 7366 3
4424 4411 4444 3 5649 5523 5512 3 5780 5663
5638 4 4356 4354 4424 4440 3 4348 4354 4356
4 4354 4320 4411 4424 4 4320 4254 4228 4293
5 4285 4254 4320 4354 4348 5 4501 4440 4424
4444 4473 4 4473 4455 4533 4557 4 4557 4587
4501 4473 3 4890 4992 4918 5 6504 6473 6444
6691 6752 6 6133 6102 6078 6390 6444 6298 4
6380 6223 6172 6343 7 5710 5629 5547 5535 5523
5649 5669 5 5669 5663 5780 5798 5837 5 5837
5872 5791 5710 5669 5 7176 7304 6979 6928 6864
6 7126 6830 6753 6706 6843 6979 4 6773 6653
6603 6717 4 7309 7527 7626 7440 3 7214 7289
7309 4 7214 7309 7440 7209 3 4684 4703 4670
3 4983 5030 5074 3 5493 5567 5562 5 4249
4269 4315 4342 4277 4 4210 4277 4290 4222 4
4249 4277 4210 4178 3 4249 4246 4269 4 4290
4293 4228 4222 4 4246 4249 4178 4167 5 4611
4583 4674 4684 4670 5 4640 4556 4471 4439 4598
5 4940 5029 5030 4983 4965 4 4965 4992 4890
4863 4 4833 4940 4965 4863 4 5855 5792 5774
5743 6 5931 5798 5792 5855 6034 6078 4 4829
4874 4797 4733 5 4874 4829 4858 4971 4972 6
7000 6918 6830 7126 7289 7214 5 7090 7000 7214
7209 7198 3 4541 4644 4636 3 4588 4644 4541
5 4367 4356 4440 4463 4422 3 4367 4348 4356
4 4557 4533 4611 4639 4 4639 4737 4782 4667
4 4587 4557 4639 4667 4 6169 6205 6132 6108
5 6169 6165 6196 6219 6254 4 6277 6205 6169
6254 4 6523 6642 6695 6592 4 6642 6595 6706
6753 4 6478 6595 6642 6523 4 6424 6428 6456
6413 4 6534 6653 6706 6595 5 6422 6482 6534
6595 6478 3 6196 6119 6141 3 6165 6119 6196
5 6403 6393 6364 6424 6413 3 5011 5005 4999
3 5257 5269 5302 3 5195 5269 5257 4 5269
5231 5290 5302 3 5195 5231 5269 5 5114 5029
5005 5011 5084 4 5084 5061 5156 5168 4 5168
5186 5114 5084 4 5186 5195 5257 5199 4 5230
5168 5156 5219 4 5230 5289 5290 5231 5 5231
5195 5186 5168 5230 3 6050 6089 5992 4 5992
5923 6006 6050 4 4403 4431 4453 4432 3 4397
4375 4391 3 4305 4307 4282 4 4403 4375 4397
4431 4 4649 4733 4797 4708 4 4645 4593 4649
4708 6 4375 4329 4307 4305 4351 4391 4 4329
4375 4403 4389 3 4820 4745 4866 4 4814 4916
4866 4811 3 4396 4367 4422 4 4311 4396 4430
4351 5 4311 4285 4348 4367 4396 4 4185 4132
4228 4254 5 4224 4155 4145 4115 4185 4 4285
4224 4185 4254 4 4820 4782 4737 4745 4 4814
4890 4918 4916 4 6188 6219 6196 6141 4 4913
4999 5005 4929 5 4821 4810 4835 4881 4913 4
4929 4825 4821 4913 4 4940 4929 5005 5029 3
4835 4810 4792 4 4825 4929 4940 4833 4 6499
6382 6327 6457 4 6622 6658 6547 6499 4 6457
6582 6622 6499 5 6417 6457 6327 6293 6266 4
6541 6417 6380 6504 4 6582 6457 6417 6541 5
6588 6633 6505 6490 6466 4 6699 6588 6547 6658
4 6744 6633 6588 6699 5 6633 6674 6554 6525
6505 4 6674 6792 6864 6717 4 6792 6674 6633
6744 4 7537 7304 7176 7441 3 5695 5758 5763
4 5689 5612 5595 5671 5 5671 5750 5758 5695
5689 4 5837 5798 5931 5961 4 5961 6102 6133
5997 4 5997 5872 5837 5961 4 6004 5930 5914
5985 4 5997 6133 6172 6036 6 5901 5885 5872
5997 6036 5957 3 6808 6811 6809 3 6807 6811
6808 3 5493 5485 5567 4 5401 5485 5493 5416
4 5334 5355 5302 5290 4 5401 5416 5355 5334
4 5333 5334 5290 5289 4 5333 5322 5388 5400
4 5400 5401 5334 5333 4 7350 7407 7320 7217
4 7251 7374 7436 7350 4 7093 7251 7350 7217
4 6995 6913 7041 7135 4 7251 7135 7294 7374
4 6995 7135 7251 7093 4 6657 6592 6695 6767
4 6767 6918 7000 6867 4 6867 6730 6657 6767
5 6945 7041 6913 6809 6811 4 6945 6867 7000
7090 5 6730 6867 6945 6811 6807 3 6241 6190
6160 3 6202 6296 6255 3 6145 6241 6160 3
6092 6145 6160 4 6024 6004 6069 6093 3 6041
5945 6024 4 6115 6041 6024 6093 4 6085 6140
6145 6092 4 6115 6140 6085 6041 4 6243 6166
6132 6205 4 6243 6325 6353 6276 4 6325 6243
6205 6277 4 6195 6234 6284 6264 5 6234 6240
6260 6265 6334 3 6195 6240 6234 3 6341 6376
6362 3 6344 6376 6341 3 6362 6338 6341 3
6416 6425 6399 4 6399 6334 6265 6366 4 6366
6407 6416 6399 5 6318 6366 6265 6273 6292 3
6318 6320 6405 4 6405 6407 6366 6318 4 6264
6219 6188 6195 5 6406 6405 6320 6323 6387 4
6440 6407 6405 6406 4 5436 5452 5388 5372 4
5436 5421 5523 5535 4 5372 5365 5421 5436 5
5327 5372 5388 5322 5317 3 5327 5365 5372 3
5763 5830 5821 3 5758 5830 5763 4 5671 5595
5575 5650 4 5650 5629 5710 5731 4 5731 5750
5671 5650 4 5856 5873 5821 5830 4 5832 5901
5914 5856 5 5750 5832 5856 5830 5758 3 5780
5792 5798 4 6093 6069 6139 6163 4 6163 6244
6266 6186 4 6186 6115 6093 6163 4 6340 6313
6375 6396 4 6396 6452 6466 6409 4 6409 6346
6340 6396 4 6512 6545 6488 6458 4 6496 6554
6578 6512 4 6458 6440 6496 6512 3 4796 4814
4811 5 4863 4890 4814 4796 4765 4 4765 4674
4640 4741 4 4833 4863 4765 4741 4 6153 6089
6150 6170 4 6201 6170 6256 6283 4 6207 6153
6170 6201 4 6217 6186 6266 6293 5 6140 6217
6246 6241 6145 4 6115 6186 6217 6140 5 6254
6219 6264 6321 6330 5 6358 6330 6357 6403 6422
4 6277 6254 6330 6358 3 6284 6321 6264 3
6357 6393 6403 4 6429 6409 6466 6490 5 6376
6429 6446 6387 6362 5 6344 6346 6409 6429 6376
4 6323 6338 6362 6387 5 6416 6458 6488 6428
6425 4 6407 6440 6458 6416 4 6467 6525 6554
6496 4 6406 6387 6446 6467 4 6406 6467 6496
6440 4 5731 5710 5791 5809 4 5809 5885 5901
5832 4 5731 5809 5832 5750 4 5421 5420 5512
5523 4 5349 5420 5421 5365 4 6343 6473 6504
6380 4 6298 6343 6172 6133 4 6473 6343 6298
6444 4 4583 4611 4533 4498 4 4556 4640 4674
4583 4 4471 4556 4583 4498 4 6058 6069 6004
5985 4 5985 5914 5901 5957 4 6058 5985 5957
6036 4 6741 6783 6658 6622 4 6696 6838 6882
6741 4 6696 6741 6622 6582 4 6699 6658 6783
6829 4 6829 6977 7039 6886 4 6744 6699 6829
6886 4 5583 5603 5430 5402 5 5774 5792 5780
5638 5603 4 5743 5774 5603 5583 4 6773 6843
6706 6653 4 6928 6773 6717 6864 4 6979 6843
6773 6928 4 6507 6456 6428 6488 5 6456 6482
6422 6403 6413 4 6534 6482 6456 6507 5 4180
4259 4282 4271 4163 3 3967 3969 3870 4 4482
4465 4434 4453 4 4539 4512 4465 4482 4 4593
4575 4512 4539 4 4059 4054 3969 3967 5 4161
4180 4163 4054 4059 4 4621 4575 4593 4645 3
4181 4180 4161 5 4307 4327 4310 4271 4282 3
4259 4180 4181 3 4329 4327 4307 5 4376 4432
4453 4434 4361 4 4376 4361 4310 4327 4 4376
4327 4329 4389 4 4786 4723 4725 4791 5 6301
6285 6280 6232 6255 3 6313 6285 6301 3 5972
5918 5964 4 4791 4865 4869 4786 3 4626 4631
4630 3 4626 4634 4631 5 4626 4603 4629 4656
4634 4 5860 5938 5936 5859 4 5945 5938 5860
5873 3 6182 6190 6202 4 5562 5597 5496 5493
4 6119 6103 6149 6141 4 5257 5302 5313 5264
5 6182 6180 6143 6160 6190 5 6180 6182 6202
6255 6232 4 5938 6035 6026 5936 3 6092 6074
6085 5 6335 6344 6341 6315 6322 4 6188 6167
6171 6195 5 6340 6314 6286 6285 6313 5 6346
6335 6316 6314 6340 3 6344 6335 6346 4 5612
5611 5597 5562 4 6079 6033 6019 6022 4 6082
6079 6022 6066 4 6103 6119 6082 6066 5 4630
4628 4605 4603 4626 4 6167 6188 6141 6149 4
5157 5182 5150 5143 4 5199 5208 5182 5157 3
5645 5688 5686 5 5689 5688 5645 5611 5612 4
5964 6019 6033 5972 4 6320 6292 6267 6287 4
6338 6299 6315 6341 4 6323 6288 6299 6338 4
6287 6288 6323 6320 4 6041 6035 5938 5945 4
6265 6260 6227 6247 4 6273 6265 6247 6263 4
6240 6216 6227 6260 4 6263 6267 6292 6273 4
5416 5493 5496 5422 4 6171 6216 6240 6195 4
5208 5199 5257 5264 5 5763 5759 5686 5688 5695
5 5821 5860 5859 5759 5763 3 5689 5695 5688
3 5821 5873 5860 4 5355 5364 5313 5302 4
5364 5355 5416 5422 5 6067 6074 6092 6160 6143
4 6035 6074 6067 6026 4 6041 6085 6074 6035
3 6280 6285 6286 3 6316 6335 6322 4 5074
5143 5150 5098 4 4636 4659 4656 4629 5 4866
4893 4817 4805 4820 5 4916 4920 4943 4893 4866
3 4918 4920 4916 5 5016 5013 5032 5074 5098
4 4920 5013 5016 4943 3 5013 4992 5032 4
4918 4992 5013 4920 4 4682 4718 4659 4636 3
4769 4805 4817 5 4689 4782 4805 4769 4720 4
4720 4718 4682 4689 3 4820 4805 4782 4 6089
6083 5989 5992 4 6153 6135 6083 6089 4 6207
6203 6135 6153 4 6352 6351 6203 6207 4 6448
6441 6351 6352 5 6678 6724 6742 6704 6649 4
6678 6649 6590 6602 4 6617 6685 6678 6602 5
6481 6524 6509 6441 6448 3 6530 6524 6481 4
6750 6704 6742 6789 4 6602 6590 6509 6524 4
6530 6617 6602 6524 3 5989 5923 5992 5 5764
5755 5698 5752 5757 3 5764 5770 5755 3 5810
5764 5757 4 5817 5770 5764 5810 4 5755 5705
5643 5698 5 5770 5803 5769 5705 5755 3 5817
5803 5770 4 4607 4537 4500 4616 4 5601 5571
5516 5541 4 5443 5537 5588 5531 4 5601 5662
5631 5571 4 5899 5847 5772 5813 3 5899 6015
5847 3 5488 5537 5443 3 4754 4751 4804 3
4616 4635 4607 4 4616 4500 4573 4661 5 4754
4635 4616 4661 4751 3 5438 5411 5419 3 5491
5473 5520 4 5377 5411 5438 5446 5 5446 5473
5491 5423 5377 4 5537 5585 5640 5588 4 5585
5537 5488 5504 4 5659 5633 5700 5703 3 5722
5747 5682 4 5479 5599 5627 5559 3 5559 5498
5479 4 5682 5659 5703 5722 4 5723 5654 5705
5769 4 5769 5803 5826 5833 4 5787 5723 5769
5833 3 5817 5826 5803 5 4578 4657 4664 4661
4573 4 5587 5531 5588 5646 5 5460 5438 5419
5443 5531 5 5473 5460 5531 5587 5520 4 5723
5662 5601 5654 4 5662 5736 5694 5631 4 5787
5736 5662 5723 3 5875 5787 5833 4 5813 5772
5694 5736 4 5813 5875 5903 5899 4 5787 5875
5813 5736 3 6015 5899 5903 3 5460 5446 5438
3 5473 5446 5460 4 5504 5576 5630 5585 3
5506 5576 5504 3 5570 5557 5580 4 5570 5506
5503 5557 5 5633 5659 5664 5630 5576 5 5633
5570 5580 5693 5700 4 5506 5570 5633 5576 4
5559 5627 5657 5626 5 5557 5498 5559 5626 5580
3 5498 5557 5503 3 5682 5664 5659 3 5693
5580 5626 4 5756 5793 5810 5757 3 5756 5785
5793 4 5643 5705 5654 5591 4 5587 5646 5698
5643 4 5591 5520 5587 5643 4 5541 5591 5654
5601 4 5454 5541 5516 5447 5 5454 5491 5520
5591 5541 3 5423 5454 5447 3 5423 5491 5454
4 5640 5702 5646 5588 4 5691 5640 5585 5630
4 5691 5784 5702 5640 4 5707 5691 5630 5664
4 5707 5782 5784 5691 3 5693 5687 5700 4
5707 5664 5682 5747 3 5747 5782 5707 4 5657
5687 5693 5626 4 5702 5752 5698 5646 3 5756
5757 5752 5 5784 5785 5756 5752 5702 4 5571
5554 5499 5516 4 5631 5616 5554 5571 3 5772
5847 5767 4 5694 5685 5616 5631 4 5767 5685
5694 5772 4 5447 5516 5499 5440 3 5423 5415
5377 4 5415 5423 5447 5440 4 5488 5443 5431
5456 4 5419 5411 5408 5409 5 5457 5495 5504
5488 5456 3 5468 5495 5457 3 5498 5474 5479
4 5409 5431 5443 5419 3 5506 5502 5503 3
5377 5408 5411 4 5495 5502 5506 5504 4 5471
5502 5495 5468 5 5474 5498 5503 5502 5471 4
5838 5839 5841 5834 4 5817 5810 5838 5834 4
5734 5741 5778 5768 3 5627 5599 5642 5 5826
5834 5841 5850 5833 3 5826 5817 5834 4 5657
5627 5642 5672 4 5838 5810 5793 5807 4 5687
5675 5724 5700 4 5672 5675 5687 5657 4 5747
5722 5734 5768 4 5807 5812 5839 5838 5 5785
5784 5802 5812 5807 5 5703 5700 5724 5741 5734
3 5793 5785 5807 3 5782 5747 5768 3 5722
5703 5734 4 5875 5833 5850 5881 3 5881 5903
5875 5 5778 5802 5784 5782 5768 4 8803 8883
8927 8849 4 9988 9954 10166 10198 6 11841 11469
11062 11292 11564 12200 4 11472 11655 11290 11067 4
11841 12200 12837 12549 5 11613 11712 11841 12549 12369
5 11534 11557 11613 12369 12304 5 11614 11558 11534
12304 12370 6 12366 11756 11713 11614 12370 12550 3
12834 12366 12550 3 12366 11842 11756 6 12834 12835
12175 11992 11842 12366 4 12549 12837 13507 13264 4
12369 12549 13264 13104 4 12304 12369 13104 13048 4
12370 12304 13048 13105 4 12550 12370 13105 13265 4
13401 12834 12550 13265 4 13401 13509 12835 12834 4
13918 13264 13507 13982 4 13835 13104 13264 13918 4
13789 13048 13104 13835 4 13834 13105 13048 13789 4
13917 13265 13105 13834 3 13917 13401 13265 4 13919
13918 13982 13983 4 13837 13835 13918 13919 4 13790
13789 13835 13837 4 13838 13834 13789 13790 4 13920
13917 13834 13838 5 13984 13509 13401 13917 13920 4
8271 8423 8427 8275 4 8730 8697 8773 8803 4
8730 8803 8849 8774 4 8724 8800 8766 8691 4
8425 8423 8271 8273 3 6274 6269 6268 5 6274
6563 6567 6278 6269 4 7685 7567 7749 7893 4
8014 7840 7685 7893 5 6274 6270 6275 6566 6563
3 6268 6270 6274 4 8423 8553 8557 8427 5
9491 9745 9759 9505 9496 5 9905 9671 9634 9598
9839 4 8773 8851 8883 8803 4 6563 6820 6832
6567 4 8551 8428 8391 8528 4 8551 8590 8474
8428 4 7893 7749 7969 8063 4 6390 6646 6691
6444 4 6610 6646 6390 6348 5 9954 9726 9722
9671 9905 4 9726 9954 9988 9772 4 8014 7893
8063 8164 4 6646 6938 6990 6691 4 7954 7712
7648 7894 4 7533 7739 7802 7566 4 7954 8009
7811 7712 4 8199 8034 7963 8139 5 8880 8800
8724 8647 8737 5 8872 8800 8880 9044 8959 4
10122 10308 10187 9991 5 9904 9670 9720 9768 9984
4 8766 8800 8872 8848 4 8556 8553 8423 8425
5 9904 9837 9597 9633 9670 5 9758 9745 9491
9495 9504 4 9385 9453 9458 9393 4 9904 10123
10065 9837 4 9986 9745 9758 9993 5 10241 10285
10342 10766 10686 5 10652 10213 10223 10241 10686 4
9759 9745 9986 9994 4 10125 9905 9839 10067 5
10243 10224 10213 10652 10688 5 10769 10346 10288 10243
10688 4 10125 10166 9954 9905 5 10819 10379 10346
10769 10899 4 10409 10379 10819 10484 4 7680 7677
7923 7927 4 8465 8311 8297 8446 4 7739 7709
7964 7991 4 8589 8672 8706 8623 4 8251 8199
8340 8390 4 8471 8392 8520 8575 4 8471 8575
8625 8531 4 8546 8421 8466 8582 4 6834 6820
6563 6566 4 8546 8526 8386 8421 5 6029 5976
5970 6268 6269 3 6029 5981 5976 3 6029 6269
6278 4 6278 6567 6586 6309 5 6309 6000 5981
6029 6278 4 7749 7567 7440 7626 5 8124 8077
7855 7840 8014 4 6644 6607 6347 6385 4 8644
8551 8528 8629 4 9180 9185 9095 9092 4 9254
9161 9151 9242 4 8676 8590 8551 8644 4 9427
9363 9331 9401 4 9254 9269 9188 9161 4 6888
6938 6646 6610 4 7457 7677 7680 7464 4 7495
7709 7739 7533 4 8465 8483 8343 8311 4 8141
7954 7894 8086 4 8012 7802 7739 7991 4 7159
6838 6752 7066 4 7444 7504 7264 7159 4 7066
7390 7444 7159 5 8181 8090 8034 8199 8251 4
8635 8672 8589 8542 4 8178 8009 7954 8141 4
8276 8340 8199 8139 4 7366 7264 7504 7573 4
7637 7441 7366 7573 4 7527 7516 7700 7718 4
8344 8259 8392 8471 3 8090 8181 8110 4 6348
6390 6078 6034 4 6309 6586 6610 6348 4 6034
6000 6309 6348 4 9427 9453 9385 9363 4 8344
8471 8531 8409 4 6990 7066 6752 6691 4 7344
6990 6938 7282 4 7344 7390 7066 6990 4 7444
7648 7712 7504 4 7648 7602 7845 7894 4 7390
7602 7648 7444 4 7566 7344 7282 7533 4 7566
7802 7845 7602 4 7344 7566 7602 7390 4 7537
7729 7842 7608 4 7637 7729 7537 7441 4 7811
7573 7504 7712 4 7877 7811 8009 8071 4 7877
7637 7573 7811 4 7963 8034 7842 7729 4 7963
7877 8071 8139 4 7637 7877 7963 7729 5 10584
10308 10122 9953 10266 5 9053 9103 9138 9164 9085
6 10684 10481 10284 10077 10187 10308 4 10194 10123
9904 9984 4 10481 10684 11062 10897 5 10342 10405
10481 10897 10766 4 10688 10652 11084 11112 4 11112
11195 10769 10688 4 11112 11084 11534 11558 4 11614
11195 11112 11558 4 10899 10769 11195 11312 4 11312
11389 10944 10899 4 11312 11195 11614 11713 4 11389
11312 11713 11756 4 11389 11472 11067 10944 4 11472
11389 11756 11842 4 8121 8117 8271 8275 4 8275
8427 8435 8286 4 8137 8121 8275 8286 4 8683
8655 8731 8761 3 8683 8574 8655 4 8618 8697
8730 8658 4 8697 8683 8761 8773 5 8573 8574
8683 8697 8618 4 8774 8702 8658 8730 4 8809
8774 8849 8886 4 8702 8774 8809 8742 4 8670
8581 8620 8700 4 7677 7678 7925 7923 4 8309
8462 8445 8296 4 7707 7737 7986 7961 4 6275
6270 5971 5979 4 6308 6583 6566 6275 4 6001
6308 6275 5979 4 5971 6270 6268 5970 4 8588
8465 8446 8571 4 8816 8819 8741 8739 4 8847
8763 8755 8838 4 8672 8753 8782 8706 5 9103
9045 9011 9093 9133 4 8908 8990 9029 8945 5
9344 9353 9191 9185 9180 5 9788 9542 9523 9505
9759 5 9404 9254 9242 9228 9383 5 9554 9427
9401 9375 9513 5 9788 9839 9598 9565 9542 5
9295 9269 9254 9404 9437 3 9053 9045 9103 4
6832 6865 6586 6567 4 6832 6820 7169 7188 4
7203 6865 6832 7188 4 8363 8504 8528 8391 4
8391 8428 8284 8240 4 8214 8363 8391 8240 4
8474 8590 8613 8507 4 8326 8284 8428 8474 4
8507 8371 8326 8474 4 7854 7969 7749 7626 4
7969 8130 8209 8063 4 8035 8130 7969 7854 3
9133 9138 9103 4 9601 9453 9427 9554 5 9458
9453 9601 9605 9483 4 8164 8244 8124 8014 4
8290 8164 8063 8209 4 8375 8244 8164 8290 5
9285 9132 8976 9179 9442 5 9426 9361 9290 9347
9477 5 9660 9538 9411 9285 9442 4 8640 8546
8582 8673 4 9426 9400 9329 9361 4 9252 9160
9186 9266 4 8627 8526 8546 8640 4 9184 9180
9092 9094 4 9252 9241 9149 9160 5 9344 9180
9184 9190 9351 5 9541 9787 9758 9504 9522 5
9403 9381 9227 9241 9252 4 9138 9233 9247 9164
4 8121 7927 7923 8117 4 7927 7938 7694 7680
4 8137 7938 7927 8121 4 8297 8286 8435 8446
4 8146 8297 8311 8165 4 8146 8137 8286 8297
4 7938 7964 7709 7694 4 7964 8146 8165 7991
4 8137 8146 7964 7938 4 8655 8623 8706 8731
4 8623 8521 8476 8589 5 8572 8521 8623 8655
8574 4 8390 8436 8266 8251 4 8521 8390 8340
8476 4 8436 8390 8521 8572 4 8520 8618 8658
8575 4 8459 8520 8392 8327 4 8573 8618 8520
8459 3 8572 8574 8573 4 8436 8459 8327 8266
4 8436 8572 8573 8459 4 8702 8625 8575 8658
4 8625 8671 8598 8531 4 8671 8625 8702 8742
4 8670 8633 8538 8581 4 8134 7947 8006 8174
4 8333 8269 8133 8194 4 6644 6935 6884 6607
4 7461 7678 7677 7457 4 7522 7737 7707 7493
4 8481 8462 8309 8341 4 7884 7947 8134 8080
4 7737 7790 8011 7986 4 6935 6644 6688 6981
4 7703 7947 7884 7642 4 7522 7557 7790 7737
4 6308 6347 6607 6583 4 6030 6347 6308 6001
4 8483 8465 8588 8602 4 8878 8896 8811 8793
4 8847 8855 8771 8763 4 8816 8907 8910 8819
4 9203 9116 9108 9194 4 8934 8847 8838 8923
4 8986 8896 8878 8970 4 9203 9219 9125 9116
4 8855 8847 8934 8944 4 8721 8753 8672 8635
4 8896 8921 8839 8811 4 8968 8990 8908 8881
4 9222 9133 9093 9171 4 9255 9330 9354 9283
4 8990 9081 9117 9029 4 8986 9012 8921 8896
4 9309 9330 9255 9237 4 8968 9062 9081 8990
4 6888 6610 6586 6865 4 6888 7232 7282 6938
4 7203 7232 6888 6865 4 7464 7188 7169 7457
4 7481 7464 7680 7694 4 7481 7203 7188 7464
4 7232 7495 7533 7282 4 7495 7481 7694 7709
4 7203 7481 7495 7232 4 8363 8343 8483 8504
4 8343 8189 8165 8311 4 8214 8189 8343 8363
4 8049 8086 7894 7845 4 8086 8240 8284 8141
4 8049 8214 8240 8086 4 8012 8049 7845 7802
4 8012 7991 8165 8189 4 8214 8049 8012 8189
4 7842 7899 7700 7608 4 8090 7899 7842 8034
3 8266 8181 8251 4 8542 8507 8613 8635 4
8412 8542 8589 8476 4 8412 8371 8507 8542 4
8178 8227 8071 8009 4 8326 8178 8141 8284 4
8371 8227 8178 8326 4 8227 8276 8139 8071 4
8276 8412 8476 8340 4 8412 8276 8227 8371 4
7718 7854 7626 7527 4 7942 7718 7700 7899 4
8035 7854 7718 7942 4 8130 8259 8344 8209 4
8259 8193 8327 8392 4 8193 8259 8130 8035 4
7942 7899 8090 8110 5 8110 8181 8266 8327 8193
4 8035 7942 8110 8193 4 9222 9233 9138 9133
4 8409 8290 8209 8344 4 8495 8409 8531 8598
4 8375 8290 8409 8495 4 8927 8965 8886 8849
4 9008 8927 8883 8962 4 9052 8965 8927 9008
4 10166 10379 10409 10198 4 11655 11857 11527 11290
4 11992 11655 11472 11842 4 11857 11655 11992 12175
4 8609 8647 8724 8691 4 8691 8766 8727 8650
4 8650 8565 8609 8691 4 8273 8271 8117 8119
4 8285 8433 8425 8273 4 8119 8132 8285 8273
4 8562 8435 8427 8557 4 8557 8553 8651 8654
4 8661 8562 8557 8654 4 8807 8840 8761 8731
3 8912 8932 8936 5 8912 8840 8807 8888 8932
4 8840 8851 8773 8761 5 8851 8912 8936 8962
8883 3 8912 8851 8840 4 9044 8880 8976 9132
5 9205 9128 9048 8959 9044 4 9285 9205 9044
9132 4 9553 9426 9477 9602 4 9875 10077 9984
9768 5 9660 9875 9768 9651 9538 4 8751 8670
8700 8779 4 9128 9089 9007 9048 4 8987 8903
8940 9027 4 8462 8587 8570 8445 4 8818 8816
8739 8740 4 8762 8845 8836 8754 5 9374 9400
9426 9553 9510 5 9837 9787 9541 9564 9597 5
9266 9292 9435 9403 9252 4 9393 9317 9306 9385
4 9421 9393 9458 9483 4 9317 9393 9421 9355
4 9993 9758 9787 10023 4 9993 10223 10213 9986
4 10023 10241 10223 9993 4 10025 9788 9759 9994
4 9994 9986 10213 10224 4 10243 10025 9994 10224
4 10025 10067 9839 9788 4 10067 10288 10346 10125
4 10288 10067 10025 10243 4 10166 10125 10346 10379
4 8503 8607 8582 8466 4 8466 8421 8277 8317
4 8365 8503 8466 8317 4 6834 6566 6583 6857
4 6834 7183 7169 6820 4 6857 7201 7183 6834
4 8386 8526 8502 8362 4 8238 8277 8421 8386
4 8362 8212 8238 8386 4 7383 7052 7147 7433
4 8629 8528 8504 8615 4 8716 8732 8644 8629
4 8615 8703 8716 8629 4 8998 8996 9092 9095
4 9095 9185 9191 9101 4 9006 8998 9095 9101
4 9151 9161 9074 9068 4 9137 9228 9242 9151
4 9068 9051 9137 9151 4 8676 8698 8613 8590
4 8676 8644 8732 8758 4 8780 8698 8676 8758
4 9331 9363 9296 9259 4 9304 9375 9401 9331
4 9259 9234 9304 9331 4 9102 9074 9161 9188
4 9188 9269 9295 9208 4 9121 9102 9188 9208
4 9306 9296 9363 9385 4 9008 8962 9053 9085
4 9085 9164 9215 9130 4 9052 9008 9085 9130
4 8620 8650 8727 8700 4 8518 8620 8581 8475
4 8518 8565 8650 8620 4 8385 8518 8475 8333
4 8452 8565 8518 8385 4 7925 8119 8117 7923
4 7937 7925 7678 7690 4 7937 8132 8119 7925
4 8285 8296 8445 8433 4 8296 8144 8163 8309
4 8132 8144 8296 8285 4 7961 7937 7690 7707
4 8144 7961 7986 8163 4 7937 7961 8144 8132
4 8571 8446 8435 8562 4 8668 8681 8588 8571
4 8661 8668 8571 8562 4 8654 8651 8739 8741
4 8741 8819 8828 8747 4 8747 8661 8654 8741
4 8668 8755 8763 8681 4 8755 8747 8828 8838
4 8661 8747 8755 8668 4 8782 8807 8731 8706
4 8863 8782 8753 8829 4 8863 8888 8807 8782
4 8932 9011 9045 8936 4 9011 8974 9064 9093
4 8888 8974 9011 8932 4 8945 8863 8829 8908
4 8974 8945 9029 9064 4 8863 8945 8974 8888
5 9353 9368 9203 9194 9191 4 9496 9353 9344
9491 4 9505 9368 9353 9496 5 9368 9383 9228
9219 9203 4 9383 9523 9542 9404 4 9523 9383
9368 9505 5 9468 9513 9375 9354 9330 4 9513
9634 9671 9554 4 9468 9598 9634 9513 5 9437
9468 9330 9309 9295 4 9437 9404 9542 9565 4
9598 9468 9437 9565 4 9045 9053 8962 8936 5
9722 9650 9601 9554 9671 3 9726 9650 9722 3
9650 9605 9601 5 9655 9605 9650 9726 9772 4
8633 8670 8751 8719 4 8919 8893 8810 8837 4
8987 8964 8874 8903 4 9128 9214 9170 9089 4
9326 9253 9279 9352 4 9079 8987 9027 9114 4
8985 8893 8919 9010 4 9326 9308 9236 9253 4
8964 8987 9079 9057 4 8601 8587 8462 8481 4
8893 8876 8792 8810 4 8854 8845 8762 8770 4
8909 8907 8816 8818 4 9115 9202 9193 9107 4
8845 8933 8922 8836 4 8985 8967 8876 8893 4
9218 9202 9115 9124 4 8854 8942 8933 8845 4
9351 9495 9491 9344 5 9367 9351 9190 9193 9202
4 9367 9504 9495 9351 4 9247 9233 9306 9317
4 9287 9215 9164 9247 4 9287 9247 9317 9355
4 8503 8538 8633 8607 4 8538 8405 8475 8581
4 8365 8405 8538 8503 4 8174 8317 8277 8134
4 8224 8174 8006 8066 4 8224 8365 8317 8174
4 8269 8333 8475 8405 4 8269 8224 8066 8133
4 8365 8224 8269 8405 4 6884 6857 6583 6607
4 7228 6884 6935 7276 4 7228 7201 6857 6884
4 7461 7457 7169 7183 4 7461 7476 7690 7678
4 7201 7476 7461 7183 4 7493 7228 7276 7522
4 7493 7707 7690 7476 4 7228 7493 7476 7201
4 8341 8362 8502 8481 4 8186 8341 8309 8163
4 8186 8212 8362 8341 4 8238 8080 8134 8277
4 8080 8044 7836 7884 4 8212 8044 8080 8238
4 8011 8186 8163 7986 4 8011 7790 7836 8044
4 8186 8011 8044 8212 4 6981 7337 7276 6935
4 7383 7337 6981 7052 4 7642 7433 7498 7703
4 7597 7642 7884 7836 4 7597 7383 7433 7642
4 7557 7522 7276 7337 4 7557 7597 7836 7790
4 7383 7597 7557 7337 4 8615 8504 8483 8602
4 8602 8588 8681 8687 4 8687 8703 8615 8602
4 8793 8811 8732 8716 4 8787 8869 8878 8793
4 8703 8787 8793 8716 4 8771 8687 8681 8763
4 8787 8771 8855 8869 4 8687 8771 8787 8703
4 8910 8907 8996 8998 4 8915 8828 8819 8910
4 9006 8915 8910 8998 4 9101 9191 9194 9108
4 9108 9116 9022 9015 4 9015 9006 9101 9108
4 8915 8923 8838 8828 4 8923 9015 9022 8934
4 9006 9015 8923 8915 4 9068 9074 8986 8970
4 8970 8878 8869 8954 4 8954 9051 9068 8970
4 9125 9219 9228 9137 4 9038 9022 9116 9125
4 9051 9038 9125 9137 4 8944 8954 8869 8855
4 8944 8934 9022 9038 4 8954 8944 9038 9051
4 8721 8635 8613 8698 4 8721 8798 8829 8753
4 8780 8798 8721 8698 4 8839 8758 8732 8811
4 8864 8839 8921 8947 4 8864 8780 8758 8839
4 8881 8908 8829 8798 4 8881 8864 8947 8968
4 8780 8864 8881 8798 4 9171 9259 9296 9222
4 9145 9171 9093 9064 4 9145 9234 9259 9171
4 9304 9283 9354 9375 4 9283 9198 9165 9255
4 9234 9198 9283 9304 4 9117 9145 9064 9029
4 9117 9081 9165 9198 4 9145 9117 9198 9234
4 9102 9012 8986 9074 4 9012 9040 8947 8921
4 9121 9040 9012 9102 4 9237 9208 9295 9309
4 9146 9237 9255 9165 4 9146 9121 9208 9237
4 9062 8968 8947 9040 4 9062 9146 9165 9081
4 9121 9146 9062 9040 4 9233 9222 9296 9306
4 10684 10308 10584 10941 4 11292 11062 10684 10941
4 10686 10766 11193 11111 4 11084 10652 10686 11111
4 11111 11193 11613 11557 4 11534 11084 11111 11557
4 9802 9953 10122 9991 4 9875 9991 10187 10077
4 9660 9802 9991 9875 4 8805 8727 8766 8848
4 8848 8872 8959 8925 4 8885 8805 8848 8925
4 8556 8425 8433 8560 4 8556 8653 8651 8553
4 8560 8660 8653 8556 4 10023 9787 9837 10065
4 10065 10123 10342 10285 4 10241 10023 10065 10285
4 10284 10194 9984 10077 4 10194 10405 10342 10123
4 10481 10405 10194 10284 5 9205 9347 9290 9214
9128 4 9347 9411 9538 9477 4 9411 9347 9205
9285 4 8673 8582 8607 8695 4 8757 8729 8640
8673 4 8695 8776 8757 8673 4 9257 9290 9361
9329 4 9329 9400 9374 9302 4 9232 9257 9329
9302 4 9186 9160 9072 9099 4 9207 9292 9266
9186 4 9099 9120 9207 9186 4 8627 8612 8502
8526 4 8627 8640 8729 8712 4 8701 8612 8627
8712 4 9094 9092 8996 8997 4 9100 9190 9184
9094 4 8997 9005 9100 9094 4 9065 9072 9160
9149 4 9149 9241 9227 9136 4 9050 9065 9149
9136 5 9367 9202 9218 9227 9381 4 9381 9403
9541 9522 4 9504 9367 9381 9522 4 9651 9602
9477 9538 4 9602 9720 9670 9553 4 9720 9602
9651 9768 4 8779 8700 8727 8805 4 8859 8823
8751 8779 4 8885 8859 8779 8805 4 8925 8959
9048 9007 4 9007 9089 9061 8972 4 8972 8885
8925 9007 4 8859 8940 8903 8823 4 8940 8972
9061 9027 4 8885 8972 8940 8859 4 8570 8560
8433 8445 4 8667 8570 8587 8680 4 8667 8660
8560 8570 4 8740 8739 8651 8653 4 8740 8746
8826 8818 4 8660 8746 8740 8653 4 8754 8667
8680 8762 4 8754 8836 8826 8746 4 8667 8754
8746 8660 5 9510 9467 9326 9352 9374 4 9633
9510 9553 9670 4 9597 9467 9510 9633 5 9467
9435 9292 9308 9326 4 9435 9564 9541 9403 4
9564 9435 9467 9597 4 8695 8607 8633 8719 4
8719 8751 8823 8796 4 8796 8776 8695 8719 4
8837 8810 8729 8757 4 8861 8946 8919 8837 4
8776 8861 8837 8757 4 8874 8796 8823 8903 4
8861 8874 8964 8946 4 8796 8874 8861 8776 4
9170 9214 9290 9257 4 9142 9061 9089 9170 4
9232 9142 9170 9257 4 9302 9374 9352 9279 4
9279 9253 9163 9197 4 9197 9232 9302 9279 4
9142 9114 9027 9061 4 9114 9197 9163 9079 4
9232 9197 9114 9142 4 9099 9072 8985 9010 4
9010 8919 8946 9035 4 9035 9120 9099 9010 4
9236 9308 9292 9207 4 9143 9163 9253 9236 4
9120 9143 9236 9207 4 9057 9035 8946 8964 4
9057 9079 9163 9143 4 9035 9057 9143 9120 4
8601 8481 8502 8612 4 8601 8686 8680 8587 4
8701 8686 8601 8612 4 8792 8712 8729 8810 4
8785 8792 8876 8868 4 8785 8701 8712 8792 4
8770 8762 8680 8686 4 8770 8785 8868 8854 4
8701 8785 8770 8686 4 8909 8997 8996 8907 4
8914 8909 8818 8826 4 8914 9005 8997 8909 4
9100 9107 9193 9190 4 9107 9014 9020 9115 4
9005 9014 9107 9100 4 8922 8914 8826 8836 4
8922 8933 9020 9014 4 8914 8922 9014 9005 4
9065 8967 8985 9072 4 8967 8951 8868 8876 4
9050 8951 8967 9065 4 9124 9136 9227 9218 4
9037 9124 9115 9020 4 9037 9050 9136 9124 4
8942 8854 8868 8951 4 8942 9037 9020 8933 4
9050 9037 8942 8951 4 10897 11062 11469 11311 4
11193 10766 10897 11311 4 11311 11469 11841 11712 4
11613 11193 11311 11712 4 10660 11540 11647 10807 5
9934 9810 9747 10660 10807 4 10807 11647 11884 11107
5 10344 10115 9934 10807 11107 4 6162 6398 6173
5955 5 11107 11884 11904 12225 11577 5 10902 10593
10344 11107 11577 3 12225 11904 12226 5 11577 12225
12227 12662 12090 5 11564 11226 10902 11577 12090 3
12227 12225 12226 4 12090 12662 13154 12656 4 12200
11564 12090 12656 4 12656 13154 13687 13243 4 12837
12200 12656 13243 4 13243 13687 13994 13853 4 13507
12837 13243 13853 4 14017 13853 13994 14052 4 14017
13982 13507 13853 4 14018 14017 14052 14053 4 13983
13982 14017 14018 4 4029 4052 3676 3648 4 6162
5955 5761 5956 4 4652 4499 4225 4352 4 2381
2581 2411 2114 4 1299 1023 999 1282 4 4205
4136 3759 3851 4 4652 5020 4854 4499 4 6648
6932 6817 6573 4 8420 8479 7778 7676 5 4091
4052 4029 4690 4759 4 8692 8827 8496 8229 5
6621 6162 5956 5779 6258 5 1525 1541 1561 1299
1282 3 1539 1541 1525 4 4677 4373 4235 4516
4 2578 2381 2113 2409 4 4677 4871 4536 4373
5 4570 4731 4652 4352 4507 5 2688 2675 2581
2381 2578 3 4845 4731 4570 3 2675 2688 2731
4 4205 4497 4441 4136 4 5224 5464 5407 5167
6 3329 2989 2839 2912 3341 3408 3 3329 3160
2989 3 3062 3341 2912 4 2705 2486 2580 2808
4 4281 4205 3851 3970 5 3271 3329 3408 3750
3554 3 3271 3160 3329 4 3055 2705 2808 3182
4 3410 3061 2844 3207 4 1815 1520 1402 1680
4 2568 2577 2274 2246 4 2719 2504 2414 2652
4 1657 1520 1815 1997 4 2719 2837 2599 2504
4 9183 9747 9810 9272 5 8578 8479 8420 9183
9272 4 9272 9810 9934 9457 5 9457 8827 8692
8578 9272 4 9690 9457 9934 10115 5 9690 9217
9000 8827 9457 4 9690 10115 10344 9966 5 9588
9408 9217 9690 9966 4 8496 8827 9000 8710 4
9588 9407 9169 9408 5 6398 6162 6621 6971 6591
4 5093 4731 4845 5178 3 7757 7627 7681 4
9588 9778 9596 9407 4 2577 2568 2818 2840 4
4217 3868 3768 4142 4 3070 2719 2652 2959 4
5376 5589 5319 5196 4 5169 5318 5561 5356 4
4586 4861 4585 4343 4 5093 5020 4652 4731 5
7885 7742 7564 7627 7757 4 7031 6932 6648 6740
4 7885 8056 7962 7742 4 7258 6932 7031 7362
4 7147 6817 6932 7258 4 4225 4499 4387 4098
4 3905 4085 4352 4225 4 4098 3734 3905 4225
4 2411 2581 2632 2546 6 2365 2294 2411 2546
2561 2482 4 1340 1085 1023 1299 4 2618 2546
2632 2752 3 2618 2561 2546 3 2365 2192 2294
4 4592 4497 4205 4281 4 5858 5744 5424 5560
4 5548 5464 5224 5278 4 5464 5799 5742 5407
4 5858 6112 6010 5744 4 6688 6644 6385 6443
4 5548 5871 5799 5464 5 5308 4677 4516 4402
5117 5 6679 5510 5395 5347 6565 5 6970 5889
5673 5510 6679 5 5065 4871 4677 5308 5584 5
7466 7933 7640 6464 6419 5 6970 7466 6419 6117
5889 4 6700 6464 7640 7076 5 1561 1574 1589
1340 1299 3 1599 1561 1541 3 1599 1574 1561
5 3600 3777 3410 3207 3565 3 1574 1610 1589
5 1895 1599 1541 1539 1857 5 1957 1610 1574
1599 1895 4 4217 4289 3979 3868 3 3565 3577
3600 4 2837 2719 3070 3206 4 2409 2113 1866
2188 4 2616 2750 2578 2409 4 2188 2484 2616
2409 5 3408 3589 3782 3959 3750 3 3341 3589
3408 4 5376 5196 4978 5243 4 3410 3777 4000
3665 4 4140 4368 4586 4343 3 3589 3663 3782
4 5228 4956 5169 5356 4 4343 4585 4366 4141
5 3062 3318 3663 3589 3341 4 3061 3410 3665
3316 4 4141 3877 4140 4343 4 4876 4807 4441
4497 4 5167 4807 4876 5224 5 5167 5407 5375
5373 5127 4 4730 4807 5167 5127 3 5374 5373
5375 3 2839 2700 2912 4 2682 2839 2989 2743
5 2682 2482 2561 2700 2839 3 2660 2682 2743
5 2660 2400 2313 2482 2682 5 2700 2618 2752
3062 2912 4 2743 2989 3160 2969 3 2561 2618
2700 5 2580 2660 2743 2969 2808 3 2580 2400
2660 5 3602 3970 3851 3527 3504 4 3970 4098
4387 4281 4 3602 3734 4098 3970 3 3554 3395
3271 4 3905 3554 3750 4085 5 3734 3426 3395
3554 3905 3 3457 3602 3504 4 3457 3426 3734
3602 3 3504 3527 3471 5 3395 3352 2969 3160
3271 3 3426 3352 3395 5 3457 3504 3471 3055
3182 4 3182 2808 2969 3352 4 3457 3182 3352
3426 3 1383 1340 1589 4 2844 3061 2925 2802
5 2698 2916 3033 3207 2844 4 2637 2698 2844
2802 3 2698 2642 2916 3 2637 2642 2698 5
1680 1402 1383 1589 1610 4 2049 2177 1815 1680
4 1957 2049 1680 1610 4 1895 1857 2246 2274
4 2274 2577 2609 2318 4 2318 1957 1895 2274
4 2049 2414 2504 2177 4 2414 2318 2609 2652
4 1957 2318 2414 2049 4 2188 1866 1657 1997
4 1997 1815 2177 2337 4 2337 2484 2188 1997
4 2616 2802 2925 2750 3 2916 3004 3033 4
2484 2637 2802 2616 4 2599 2337 2177 2504 5
2599 2837 3004 2916 2642 5 2642 2637 2484 2337
2599 4 5356 5561 5816 5622 4 6828 6620 6782
7028 4 6113 6289 6520 6389 4 9966 10344 10593
10266 5 9953 9778 9588 9966 10266 4 10902 10584
10266 10593 4 3237 3215 3648 3676 4 3676 4052
4091 3708 4 3289 3237 3676 3708 4 5761 5532
5779 5956 4 5530 5761 5955 5775 4 5532 5761
5530 5314 4 8382 8463 8567 8512 4 8194 8245
8385 8333 4 4854 4713 4387 4499 4 4854 5020
5293 5201 4 5083 4713 4854 5201 4 6312 6408
6648 6573 4 6573 6817 6746 6500 4 6214 6312
6573 6500 4 6679 6565 7676 7778 4 7778 8479
8578 7993 4 7993 6970 6679 7778 5 4759 4904
4217 4142 4091 4 4759 4690 5347 5395 4 5510
4904 4759 5395 4 8229 7993 8578 8692 4 7466
8229 8496 7933 4 6970 7993 8229 7466 3 6464
6332 6419 5 5907 6258 5779 5589 5376 4 6258
6700 7076 6621 5 5907 6332 6464 6700 6258 4
4113 4402 4516 4235 4 4235 4373 4109 3924 4
3752 4113 4235 3924 5 4536 4871 5065 4933 4632
5 4406 4171 4109 4373 4536 3 4406 4536 4632
4 4507 4352 4085 4241 3 4548 4570 4507 5
4426 4548 4507 4241 4425 3 2675 2632 2581 4
2921 2688 2578 2750 3 4740 4632 4933 3 4406
4267 4171 5 4451 4267 4406 4632 4740 5 4548
4716 5047 4845 4570 3 4426 4716 4548 5 2731
3009 2752 2632 2675 4 3008 2731 2688 2921 4
3009 2731 3008 3287 4 8349 7933 8496 8710 4
8710 9000 9217 8926 4 8679 8349 8710 8926 3
7989 7885 7757 4 8349 8338 7640 7933 4 8679
8639 8338 8349 6 7989 8258 8370 8206 8056 7885
5 8895 9179 8976 8825 8689 5 8616 8639 8679
8895 8689 6 8116 7989 7757 7681 7499 7791 5
8338 7810 7480 7076 7640 5 8639 8307 8070 7810
8338 3 8116 8258 7989 4 8307 8639 8616 8532
4 5425 5228 5356 5622 5 6339 6147 5969 6113
6389 4 7313 7094 6828 7028 4 6389 6520 6733
6435 3 6339 6389 6435 4 2893 2609 2577 2840
4 2840 2818 3215 3237 4 3289 2893 2840 3237
4 3708 4091 4142 3768 4 3768 3868 3488 3371
4 3371 3289 3708 3768 4 2893 2959 2652 2609
4 2959 3371 3488 3070 4 3289 3371 2959 2893
4 5532 5319 5589 5779 4 5319 5141 4886 5196
4 5141 5319 5532 5314 4 5318 5530 5775 5561
4 5140 5318 5169 4884 4 5314 5530 5318 5140
4 4861 4586 4886 5141 4 5140 4884 4585 4861
4 5141 5314 5140 4861 4 5954 5858 5560 5692
3 6339 6233 6147 4 7412 7146 7323 7530 4
6613 6435 6733 6743 4 6112 5858 5954 6239 4
7412 7312 6989 7146 5 6233 6339 6435 6613 6492
4 8336 8463 8382 8252 4 7607 7412 7530 7717
4 8194 8031 8102 8245 4 7312 7412 7607 7532
4 7703 7797 8006 7947 4 8031 8194 8133 7959
4 4592 4979 4876 4497 4 4592 4281 4387 4713
4 5083 4979 4592 4713 4 5424 5201 5293 5560
4 5330 5424 5744 5644 4 5330 5083 5201 5424
4 4979 5278 5224 4876 4 5278 5330 5644 5548
4 5083 5330 5278 4979 4 6030 6077 6385 6347
5 5742 5704 5381 5375 5407 4 5742 5799 6077
6030 4 6001 5704 5742 6030 4 6312 6010 6112
6408 4 6010 5926 5644 5744 4 6214 5926 6010
6312 4 6443 6500 6746 6688 4 6130 6443 6385
6077 4 6130 6214 6500 6443 4 5871 5548 5644
5926 4 5871 6130 6077 5799 4 6214 6130 5871
5926 3 5374 5375 5381 5 5117 4402 4289 4217
4904 4 5117 5673 5889 5308 4 5673 5117 4904
5510 4 5584 5712 5212 5065 4 6117 5584 5308
5889 5 6332 5712 5584 6117 6419 5 5712 5907
5376 5243 5212 3 6332 5907 5712 3 3033 3565
3207 3 3600 4065 3777 4 3979 4289 4402 4113
4 3620 3488 3868 3979 4 3752 3620 3979 4113
5 3577 3565 3033 3004 3379 5 3924 4109 4065
3600 3577 4 3379 3752 3924 3577 4 3206 3379
3004 2837 4 3620 3206 3070 3488 4 3752 3379
3206 3620 3 5212 4933 5065 3 4171 4065 4109
4 3959 4241 4085 3750 4 4173 3959 3782 4151
4 4173 4425 4241 3959 3 4425 4428 4426 3
4199 4173 4151 4 4199 4428 4425 4173 3 2925
2921 2750 5 4978 4740 4933 5212 5243 4 4625
4978 5196 4886 4 4451 4740 4978 4625 5 4267
4000 3777 4065 4171 4 4000 4176 3900 3665 4
4176 4000 4267 4451 4 4625 4886 4586 4368 4
4368 4140 3900 4176 4 4451 4625 4368 4176 4
4151 3782 3663 3899 4 4716 4956 5228 5047 4
4956 4623 4884 5169 5 4428 4623 4956 4716 4426
5 4199 4151 3899 4141 4366 4 4366 4585 4884
4623 4 4199 4366 4623 4428 4 3009 3318 3062
2752 4 3318 3611 3899 3663 4 3611 3318 3009
3287 5 3316 3008 2921 2925 3061 4 3610 3316
3665 3900 4 3287 3008 3316 3610 4 3877 4141
3899 3611 4 3877 3610 3900 4140 4 3611 3287
3610 3877 4 6173 5991 5775 5955 4 6418 6173
6398 6591 4 5991 6173 6418 6222 4 8926 9217
9408 9169 4 8895 9169 9407 9179 4 8926 9169
8895 8679 5 8737 8647 8567 8463 8593 4 8825
8976 8880 8737 4 8593 8689 8825 8737 5 6971
7435 7028 6782 6591 4 7480 6971 6621 7076 4
7435 6971 7480 7810 3 5178 5346 5093 4 5178
4845 5047 5295 5 5405 5346 5178 5295 5549 5
7456 7375 7499 7681 7627 3 7456 7281 7375 4
9442 9179 9407 9596 4 9596 9778 9953 9802 4
9660 9442 9596 9802 5 5346 5394 5293 5020 5093
3 5405 5394 5346 3 7456 7627 7564 4 7564
7742 7625 7442 5 7205 7281 7456 7564 7442 4
6740 6648 6408 6503 4 6866 7165 7031 6740 4
6503 6608 6866 6740 4 7962 8056 8206 8118 4
7847 7625 7742 7962 4 8118 8030 7847 7962 4
7362 7031 7165 7434 4 7568 7498 7258 7362 4
7434 7636 7568 7362 4 7052 6746 6817 7147 4
7147 7258 7498 7433 4 5816 5561 5775 5991 4
6042 5886 5622 5816 4 6042 5816 5991 6222 4
6418 6591 6782 6620 4 6620 6828 6673 6460 4
6222 6418 6620 6460 4 6289 6113 5886 6042 4
6460 6673 6520 6289 4 6042 6222 6460 6289 4
8609 8512 8567 8647 4 8512 8452 8316 8382 4
8609 8565 8452 8512 4 8245 8316 8452 8385 5
8370 8593 8463 8336 8206 3 8448 8370 8258 5
8448 8616 8689 8593 8370 5 7435 7791 7499 7313
7028 4 7791 8070 8307 8116 4 7810 8070 7791
7435 5 8532 8448 8258 8116 8307 3 8532 8616
8448 3 5800 5405 5549 4 5425 5295 5047 5228
4 5425 5622 5886 5718 4 5549 5295 5425 5718
3 5969 6147 5857 4 5969 5718 5886 6113 5
5857 5800 5549 5718 5969 4 7094 7313 7499 7375
4 6916 6673 6828 7094 5 7132 6916 7094 7375
7281 5 6916 6747 6733 6520 6673 3 7132 6747
6916 4 5692 5560 5293 5394 4 5843 6087 5954
5692 5 5800 5843 5692 5394 5405 5 5843 5857
6147 6233 6087 3 5800 5857 5843 3 7205 7132
7281 4 7442 7625 7530 7323 4 7323 7146 6860
7010 4 7010 7205 7442 7323 3 6747 6743 6733
4 6743 7010 6860 6613 5 6747 7132 7205 7010
6743 4 6503 6408 6112 6239 4 6239 5954 6087
6373 4 6373 6608 6503 6239 4 6989 7312 7165
6866 4 6716 6860 7146 6989 4 6608 6716 6989
6866 4 6492 6373 6087 6233 4 6492 6613 6860
6716 4 6373 6492 6716 6608 4 8252 8118 8206
8336 4 8184 8252 8382 8316 4 8184 8030 8118
8252 4 7847 7717 7530 7625 4 7717 7934 7837
7607 4 8030 7934 7717 7847 4 8102 8184 8316
8245 4 8102 8031 7837 7934 4 8184 8102 7934
8030 4 7532 7434 7165 7312 4 7724 7532 7607
7837 4 7724 7636 7434 7532 4 7568 7797 7703
7498 4 7797 7873 8066 8006 4 7636 7873 7797
7568 4 7959 7724 7837 8031 4 7959 8133 8066
7873 4 7724 7959 7873 7636 4 6688 6746 7052
6981 4 11226 10941 10584 10902 4 11564 11292 10941
11226 4 10660 10646 11530 11540 4 9747 9737 10646
10660 4 4029 3648 3646 4026 4 1282 999 996
1280 4 8420 7676 7669 8417 4 4690 4029 4026
4687 4 1525 1282 1280 1524 4 1539 1525 1524
1538 4 2568 2246 2240 2565 4 9183 9176 9737
9747 4 8417 9176 9183 8420 4 2818 2568 2565
2812 4 6565 5347 5345 6560 4 1857 1539 1538
1853 4 1853 2240 2246 1857 4 3215 3211 3646
3648 4 6560 7669 7676 6565 4 4687 5345 5347
4690 4 2812 3211 3215 2818 4 2690 2742 2780
2712 4 1579 1615 1624 1557 4 2654 2640 2690
2712 4 2712 2780 2807 2727 3 1606 1615 1579
4 2727 2673 2654 2712 6 1868 2034 2095 2149
2078 2012 4 2519 2457 2418 2476 4 2118 2155
2068 2032 4 2977 3064 3094 3051 4 2977 2937
3030 3064 5 2929 2977 3051 2932 2902 5 2268
2228 2199 2155 2238 4 2929 2875 2937 2977 4
2456 2408 2471 2526 3 1970 1918 1920 3 2896
2929 2902 4 2543 2570 2519 2476 3 2268 2281
2228 4 2875 2929 2896 2861 6 2476 2456 2526
2535 2593 2543 4 2124 2204 2273 2196 4 2238
2155 2118 2213 4 2819 2887 2913 2822 4 1842
2017 2034 1868 7 2063 2023 1990 2068 2155 2199
2231 4 2288 2234 2408 2456 4 2881 2827 2904
2962 4 3169 3190 3097 3068 5 3359 3383 3355
3263 3324 4 1970 1920 2026 2051 4 2819 2791
2885 2887 4 1750 1927 2017 1842 5 2335 2288
2456 2476 2418 4 3057 3129 3169 3068 3 3427
3383 3359 4 2030 1946 1886 2015 4 2868 2822
2913 2940 3 3252 3261 3321 3 2465 2430 2423
4 2285 2314 2308 2275 5 3068 3097 3022 2955
3049 4 3383 3459 3422 3355 3 3103 3099 3202
4 3229 3261 3252 3202 5 2518 2450 2430 2465
2492 4 2406 2314 2285 2364 4 2588 2534 2510
2563 3 3057 3068 3049 4 3427 3501 3459 3383
4 1779 1802 1733 1690 3 2803 2819 2822 3
3303 3344 3348 5 3286 3303 3348 3390 3322 4
2556 2572 2518 2492 5 2803 2736 2718 2791 2819
4 2588 2563 2615 2635 5 3303 3280 3236 3320
3344 3 3286 3280 3303 4 1897 1802 1779 1847
4 2030 2059 1965 1946 4 3049 2955 2920 3013
3 2677 2676 2686 5 2765 2794 2827 2881 2799
5 2314 2435 2443 2363 2308 3 2603 2562 2560
3 2798 2880 2927 4 3013 3039 3057 3049 4
2655 2676 2677 2613 3 2753 2794 2765 3 2406
2435 2314 5 2683 2593 2535 2586 2631 5 2611
2603 2560 2534 2588 4 3020 2967 2930 2983 3
2952 2939 2984 3 3039 2967 3020 5 3037 3031
2995 3098 3099 4 3149 3148 3244 3272 5 3037
3148 3149 3077 3031 3 3272 3363 3294 5 3321
3261 3262 3449 3434 6 3321 3404 3363 3272 3244
3252 4 3439 3404 3321 3434 3 2545 2542 2544
3 3037 3099 3103 4 3103 3202 3244 3148 3
3037 3103 3148 4 3363 3441 3296 3294 3 3229
3262 3261 3 3404 3441 3363 3 3202 3252 3244
3 3439 3441 3404 5 2473 2542 2545 2563 2510
4 2510 2534 2468 2445 4 2473 2510 2445 2410
4 2780 2742 2843 2877 4 2672 2728 2742 2690
4 1802 1844 1767 1733 4 2463 2533 2556 2492
4 2470 2493 2420 2402 4 1653 1619 1686 1730
4 1989 1899 1836 1941 4 2131 2204 2124 2064
4 2194 2241 2169 2112 4 2384 2390 2368 2283
4 2194 2266 2309 2241 3 2384 2391 2390 3
2613 2527 2582 4 1916 1987 1995 1909 4 2776
2831 2880 2798 4 2784 2831 2776 2730 5 2827
2796 2813 2871 2904 3 2794 2796 2827 4 1970
1987 1916 1918 4 2683 2734 2775 2714 3 2796
2785 2813 4 2655 2613 2582 2628 7 2593 2683
2714 2738 2691 2644 2619 5 2753 2720 2785 2796
2794 4 2803 2792 2778 2736 7 2805 2734 2683
2631 2679 2732 2769 4 2635 2659 2611 2588 4
2277 2350 2273 2204 3 2277 2368 2350 4 2465
2423 2396 2416 4 2030 2119 2139 2059 5 2079
2107 2119 2030 2015 3 3254 3190 3169 4 3190
3256 3167 3097 5 3322 3256 3190 3254 3286 4
3399 3443 3508 3494 4 3399 3322 3390 3443 4
3256 3324 3263 3167 4 3324 3399 3494 3359 4
3322 3399 3324 3256 4 2301 2401 2417 2317 4
2379 2454 2470 2402 4 2416 2463 2492 2465 4
2402 2420 2323 2302 4 2216 2301 2317 2230 3
2079 2097 2107 4 2379 2402 2302 2279 5 3280
3254 3169 3129 3236 3 3280 3286 3254 3 3494
3508 3512 4 3427 3359 3494 3512 4 1995 2015
1886 1909 3 1946 1848 1886 4 2880 2955 3022
2927 3 3167 3022 3097 4 3459 3477 3462 3422
4 3545 3501 3427 3512 4 3551 3477 3459 3501
3 3551 3501 3545 4 1675 1690 1733 1723 4
1747 1779 1690 1721 3 1634 1675 1723 3 1919
1783 1822 4 2920 2955 2880 2831 5 2920 2865
2930 2967 3013 4 2784 2865 2920 2831 4 2733
2686 2676 2708 4 2733 2784 2730 2686 3 3039
3013 2967 4 2708 2676 2655 2702 4 2499 2468
2534 2560 5 2586 2573 2603 2611 2631 4 2573
2586 2535 2532 4 1624 1639 1572 1557 4 1624
1615 1681 1684 4 1639 1624 1684 1693 4 2640
2624 2672 2690 4 2590 2640 2654 2607 4 2624
2640 2590 2571 4 1639 1649 1592 1572 4 1681
1615 1606 1634 4 1649 1639 1693 1724 3 3064
3146 3094 3 2932 3051 2985 4 2856 2838 2902
2932 4 2985 2899 2856 2932 4 2868 2792 2803
2822 4 2896 2902 2838 2805 4 1944 1844 1802
1897 5 2138 2063 2231 2275 2308 4 2009 2063
2138 2105 6 2105 1989 1941 1891 1986 2009 4
1847 1947 1990 1897 4 1783 1847 1779 1747 4
1919 1947 1847 1783 4 1822 1848 1946 1965 4
2006 1965 2059 2090 4 2006 1919 1822 1965 4
2624 2608 2658 2672 4 2608 2557 2541 2597 4
2557 2608 2624 2571 4 2493 2470 2541 2557 4
2516 2448 2420 2493 4 2516 2493 2557 2571 4
2214 2283 2368 2277 5 2283 2225 2303 2320 2384
4 2214 2149 2225 2283 3 2324 2320 2303 3
2320 2391 2384 4 2527 2495 2553 2582 4 2436
2495 2527 2466 5 2419 2391 2320 2324 2375 4
2436 2466 2419 2375 3 2964 2899 2985 4 2021
2079 2015 1995 3 2107 2128 2119 4 2323 2420
2448 2367 4 2233 2218 2302 2323 5 2316 2235
2233 2323 2367 4 2075 2097 2079 2021 5 2097
2191 2218 2128 2107 4 2191 2097 2075 2163 4
2279 2256 2346 2379 4 2279 2302 2218 2191 4
2256 2279 2191 2163 4 2905 2807 2780 2877 4
2807 2849 2751 2727 4 2939 2849 2807 2905 4
2696 2673 2727 2751 4 2673 2625 2607 2654 4
2625 2673 2696 2643 4 2457 2392 2335 2418 4
2495 2457 2519 2553 4 2392 2457 2495 2436 4
1947 2032 2068 1990 4 2006 2090 2118 2032 4
1919 2006 2032 1947 4 3030 2937 2901 2978 4
3105 3146 3064 3030 4 2978 3077 3105 3030 4
2352 2268 2238 2327 4 2228 2242 2231 2199 4
2875 2823 2901 2937 4 2619 2570 2543 2593 4
2570 2601 2553 2519 4 2601 2570 2619 2644 4
2376 2281 2268 2352 4 2281 2312 2242 2228 4
2410 2312 2281 2376 4 2861 2817 2823 2875 4
2769 2861 2896 2805 4 2817 2861 2769 2732 4
2213 2299 2327 2238 4 2213 2118 2090 2179 4
2271 2299 2213 2179 3 1987 2021 1995 4 3044
3032 3091 3134 3 3044 2984 3032 5 2890 2976
2995 2913 2887 3 2952 2976 2890 3 3108 3044
3134 4 2976 3108 3098 2995 5 2952 2984 3044
3108 2976 5 2175 2194 2112 2034 2017 7 2223
2234 2288 2290 2266 2194 2175 5 2138 2308 2363
2408 2234 4 2105 2138 2234 2223 4 2930 2881
2962 2983 3 2904 2961 2962 5 2051 2075 2021
1987 1970 4 2133 2051 2026 2116 4 2163 2075
2051 2133 4 2999 2905 2877 2960 4 3032 2999
3089 3091 5 2984 2939 2905 2999 3032 4 2849
2885 2791 2751 3 2885 2890 2887 5 2939 2952
2890 2885 2849 6 1801 1927 1750 1702 1653 1730
4 1927 2083 2175 2017 5 2083 1927 1801 1899
1989 3 2083 2223 2175 3 2290 2288 2335 4
1989 2105 2223 2083 4 2940 2978 2901 2868 4
3031 2940 2913 2995 4 3077 2978 2940 3031 3
3105 3226 3146 5 3149 3272 3294 3257 3226 4
3149 3226 3105 3077 4 2430 2352 2327 2423 3
2542 2531 2544 4 2242 2285 2275 2231 3 3296
3257 3294 4 2450 2376 2352 2430 5 2473 2450
2518 2531 2542 4 2473 2410 2376 2450 4 2312
2364 2285 2242 4 2364 2445 2468 2406 4 2410
2445 2364 2312 3 2547 2545 2544 5 2572 2596
2547 2531 2518 4 2625 2572 2556 2607 4 2596
2572 2625 2643 4 2718 2696 2751 2791 4 2661
2718 2736 2684 4 2643 2696 2718 2661 5 2615
2563 2545 2547 2596 4 2661 2684 2635 2615 4
2596 2643 2661 2615 4 2865 2799 2881 2930 4
2733 2708 2765 2799 4 2784 2733 2799 2865 4
2505 2443 2435 2499 4 2443 2471 2408 2363 5
2505 2532 2526 2471 2443 4 2562 2505 2499 2560
3 2562 2603 2573 4 2573 2532 2505 2562 4
2753 2765 2708 2702 4 2435 2406 2468 2499 3
2535 2526 2532 5 1684 1681 1723 1733 1767 4
1784 1767 1844 1883 4 1693 1684 1767 1784 4
2533 2590 2607 2556 4 2516 2533 2463 2448 4
2571 2590 2533 2516 4 1649 1686 1619 1592 4
1686 1764 1801 1730 4 1764 1686 1649 1724 3
1634 1723 1681 4 1797 1784 1883 1891 4 1724
1693 1784 1797 4 2214 2277 2204 2131 4 2078
2131 2064 2012 4 2149 2214 2131 2078 4 2169
2095 2034 2112 4 2225 2169 2241 2303 4 2095
2169 2225 2149 4 2311 2309 2266 2290 5 2310
2324 2303 2241 2309 3 2310 2309 2311 4 2392
2311 2290 2335 3 2310 2375 2324 5 2436 2375
2310 2311 2392 3 2856 2836 2838 4 2899 2850
2836 2856 4 2964 2961 2904 2871 3 2871 2813
2845 5 2845 2850 2899 2964 2871 5 2836 2775
2734 2805 2838 4 2775 2814 2738 2714 4 2850
2814 2775 2836 5 2814 2845 2813 2785 2738 3
2850 2845 2814 4 2628 2668 2702 2655 4 2601
2628 2582 2553 4 2668 2628 2601 2644 4 2720
2753 2702 2668 4 2720 2691 2738 2785 4 2644
2691 2720 2668 4 2659 2635 2684 2710 4 2679
2631 2611 2659 4 2732 2679 2659 2710 4 2396
2423 2327 2299 3 2396 2380 2416 5 2271 2316
2380 2396 2299 4 2139 2179 2090 2059 4 2232
2139 2119 2128 5 2235 2271 2179 2139 2232 3
2316 2271 2235 4 2522 2576 2597 2541 4 2508
2564 2576 2522 4 2487 2417 2401 2469 4 2417
2437 2346 2317 4 2437 2417 2487 2508 4 2522
2541 2470 2454 4 2454 2379 2346 2437 4 2508
2522 2454 2437 5 2380 2367 2448 2463 2416 3
2316 2367 2380 4 2233 2232 2128 2218 3 2233
2235 2232 4 2230 2133 2116 2216 4 2256 2230
2317 2346 4 2256 2163 2133 2230 4 1944 1897
1990 2023 4 1944 1977 1883 1844 5 2009 1977
1944 2023 2063 4 1977 1986 1891 1883 3 2009
1986 1977 4 2554 2487 2469 2539 4 2554 2564
2508 2487 4 1764 1836 1899 1801 4 1836 1797
1891 1941 4 1764 1724 1797 1836 4 2817 2778
2792 2823 4 2710 2684 2736 2778 4 2817 2732
2710 2778 4 2792 2868 2901 2823 3 2531 2547
2544 3 1554 1579 1557 3 1783 1773 1822 5
1745 1752 1773 1783 1747 3 1745 1741 1752 5
1731 1745 1747 1721 1712 3 1741 1745 1731 5
1594 1606 1579 1554 1544 4 3202 3201 3220 3229
4 3100 3056 3051 3094 4 3100 3112 3073 3056
3 3236 3234 3320 5 3006 3011 3046 3039 3020
4 3434 3449 3466 3448 4 3442 3439 3434 3448
3 3442 3441 3439 4 3170 3100 3094 3146 4
3170 3177 3112 3100 4 2987 3006 2983 2962 4
2987 2991 3011 3006 4 2987 2982 2992 2991 4
3233 3170 3146 3226 4 3233 3246 3177 3170 3
3344 3354 3348 4 3365 3354 3344 3320 3 3020
2983 3006 4 3508 3443 3470 3483 3 3129 3057
3128 3 3057 3039 3046 4 3512 3508 3483 3535
3 3257 3233 3226 5 3296 3309 3246 3233 3257
3 3441 3309 3296 5 3354 3391 3412 3390 3348
3 3365 3391 3354 4 3234 3236 3129 3128 4
3545 3512 3535 3564 4 2961 2982 2987 2962 4
3470 3443 3390 3412 3 3551 3545 3564 4 3056
2998 2985 3051 4 3024 2998 3056 3073 4 2972
2964 2985 2998 4 2972 2982 2961 2964 4 3001
2972 2998 3024 4 2992 2982 2972 3001 4 3355
3336 3251 3263 4 3422 3405 3336 3355 4 2677
2686 2678 2617 4 2613 2677 2617 2610 4 2390
2391 2403 2399 4 3167 3263 3251 3159 4 3022
3023 2928 2927 4 3159 3023 3022 3167 3 3462
3405 3422 3 2776 2798 2762 3 2798 2927 2928
4 2368 2390 2399 2387 4 2373 2350 2368 2387
4 2527 2613 2610 2529 3 2419 2403 2391 4
2730 2776 2762 2721 4 2721 2678 2686 2730 4
2466 2527 2529 2472 3 2472 2419 2466 4 1690
1675 1659 1677 4 1677 1712 1721 1690 4 1634
1622 1659 1675 4 1622 1634 1606 1594 5 2113
2381 2114 1984 1826 6 302 307 268 232 229
222 4 1531 1502 1428 1471 4 1531 1597 1575
1502 6 2538 2394 2444 2486 2705 2641 4 38
16 14 29 4 393 307 302 380 6 1520
1298 1245 1244 1376 1402 4 786 817 876 870
5 1657 1434 1349 1298 1520 4 1567 1531 1471
1494 4 1623 1597 1531 1567 3 1184 1376 1244
4 1936 1825 1838 1948 4 385 353 329 367
7 342 378 346 311 272 293 310 4 389
360 353 385 4 408 378 342 366 4 38
29 55 58 3 389 416 360 6 378 426
470 438 383 346 4 753 817 786 724 4
817 821 886 876 4 408 450 426 378 4
760 821 817 753 4 1875 1851 1837 1928 3
1859 1862 1901 3 1875 1855 1851 3 1952 1917
1912 4 821 835 907 886 4 760 774 835
821 4 1958 1875 1928 1955 4 2602 2594 2537
2550 4 2033 2022 1936 1948 4 2093 1925 2005
2152 5 1948 1838 1859 1901 1964 5 1877 1855
1875 1958 1966 5 1952 2016 2026 1920 1917 4
330 324 282 289 4 176 213 197 170 4
330 364 358 324 4 478 441 456 505 3
2092 1969 1988 4 511 478 505 507 3 2305
2261 2269 5 2474 2507 2621 2602 2550 4 2322
2264 2093 2152 7 2033 1948 1964 1969 2092 2162
2120 3 61 62 60 3 62 61 56 3
398 389 385 4 1069 948 941 1052 4 1873
1761 1627 1726 5 1319 1392 1499 1405 1353 5
1069 1156 1034 990 948 5 1316 1392 1319 1279
1239 4 1799 1893 1880 1811 4 1900 1893 1799
1794 5 398 429 453 416 389 5 980 1052
941 910 869 4 809 853 737 680 4 1015
1100 1076 1031 4 987 1015 1031 951 4 337
330 289 300 4 220 248 277 255 3 212
228 223 3 88 91 89 4 236 248 220
198 3 479 459 417 4 248 266 298 277
5 236 215 237 266 248 4 70 69 60
62 4 176 170 143 147 5 190 212 223
213 176 5 56 88 89 70 62 4 210
236 198 191 4 147 158 190 176 3 210
215 236 4 337 373 364 330 7 569 554
536 481 438 470 520 5 515 509 505 456
466 4 569 632 605 554 4 509 515 570
572 4 500 459 479 523 4 590 569 520
543 4 667 639 586 623 4 632 569 590
648 4 639 667 710 689 3 2305 2370 2369
4 1943 2028 2014 1924 4 1753 1754 1729 1714
3 2341 2300 2338 4 573 547 511 507 3
507 505 509 4 572 573 507 509 4 2304
2407 2393 2293 5 2278 2377 2370 2305 2269 4
1656 1573 1616 1674 4 1753 1714 1656 1674 4
2284 2382 2401 2301 5 2300 2341 2348 2258 2251
4 2332 2239 2247 2339 5 2259 2261 2305 2369
2358 4 2236 2239 2332 2328 5 2249 2243 2330
2338 2300 4 355 354 312 313 3 2249 2300
2251 5 419 398 385 367 413 4 708 719
596 588 4 840 882 828 804 4 1024 960
915 965 4 1950 1867 1761 1873 8 2158 2130
2003 2091 2104 2365 2482 2313 3 419 429 398
4 809 680 638 770 4 793 754 801 838
4 681 709 665 634 4 840 804 793 838
4 2152 2005 2070 2226 4 1950 2035 1937 1867
3 2158 2151 2130 3 2192 2365 2104 4 149
152 126 122 3 165 174 138 4 286 327
335 299 3 174 209 225 5 1869 2058 2028
1943 1834 3 1753 1756 1754 6 1806 2005 1925
1819 1740 1780 5 2093 2058 1869 1872 1925 5
1711 1786 1756 1753 1674 4 279 282 324 320
4 282 238 252 289 6 235 224 238 282
279 263 4 358 357 320 324 4 401 358
364 411 5 401 394 390 357 358 4 436
441 478 448 4 441 401 411 456 4 436
394 401 441 4 357 355 313 320 3 390
355 357 4 476 448 478 511 4 1212 1249
1291 1256 4 1436 1384 1343 1368 4 1206 1249
1212 1160 4 1024 1078 1005 960 3 756 825
785 3 1015 1032 1100 4 901 902 920 903
3 1032 1015 987 4 112 91 88 73 3
91 92 89 4 112 130 92 91 4 387
417 459 430 4 350 374 417 387 3 350
323 374 3 215 201 237 4 283 266 237
285 4 142 143 170 169 4 110 96 147
143 4 109 110 143 142 4 967 1044 985
955 4 968 1010 1044 967 3 874 889 914
4 827 841 889 874 3 841 788 807 3
788 841 827 3 2536 2530 2559 5 2479 2536
2520 2451 2452 3 2530 2536 2479 4 1692 1770
1760 1709 4 1670 1791 1770 1692 4 1729 1670
1666 1714 4 1729 1754 1834 1803 4 1803 1791
1670 1729 4 477 476 511 547 3 573 594
547 3 572 594 573 3 989 1010 968 5
2530 2524 2583 2575 2559 3 2453 2479 2452 5
2524 2530 2479 2453 2459 3 1739 1709 1760 4
1656 1714 1666 1651 4 2511 2434 2429 2494 4
2446 2434 2511 2514 4 152 149 180 184 4
314 327 286 271 4 199 209 174 165 4
273 274 313 312 3 263 274 273 3 1502
1476 1428 3 1375 1471 1428 4 1806 1780 1696
1734 4 1616 1637 1711 1674 4 2 14 16
3 3 41 16 38 3 1376 1383 1402 4
1198 1069 1052 1163 4 870 837 765 786 4
916 870 876 955 3 837 870 916 5 1866
1608 1511 1434 1657 4 1265 1156 1069 1198 4
1497 1392 1316 1400 3 1378 1351 1310 4 1662
1629 1576 1612 4 1436 1489 1454 1384 4 1785
1821 1931 1922 4 1771 1821 1785 1774 6 1085
1340 1383 1376 1184 1123 4 980 1115 1163 1052
4 935 988 853 809 4 1821 1825 1936 1931
4 1825 1759 1739 1838 4 1771 1759 1825 1821
4 315 348 367 329 3 276 315 329 3
119 130 112 4 58 63 41 38 4 83
58 55 76 4 63 58 83 94 3 163
141 178 5 130 119 141 163 144 5 962
967 955 876 886 3 962 968 967 5 2239
2140 2143 2159 2247 5 1893 1992 1980 1968 1880
3 2205 2261 2259 4 2001 1992 1893 1900 4
2142 2140 2239 2236 3 2249 2193 2243 3 907
962 886 4 956 907 835 862 5 989 968
962 907 956 3 2159 2143 2145 3 1968 1980
1978 5 2269 2261 2205 2161 2173 6 2282 2094
2106 2120 2304 2293 7 2278 2269 2173 2076 2085
2094 2282 4 1913 1904 1982 1991 5 2160 2154
2193 2249 2251 4 1914 1913 1991 1998 4 2284
2301 2216 2197 4 2258 2171 2160 2251 4 197
196 169 170 4 197 213 250 219 4 219
224 196 197 3 2 3 0 3 893 867
890 3 916 955 985 5 867 893 927 882
840 5 1247 1136 1084 1034 1156 4 1077 1024
965 1028 4 1284 1249 1206 1242 5 1195 1136
1247 1316 1239 4 1134 1078 1024 1077 5 1817
1810 1811 1880 1820 4 1922 1900 1794 1785 4
567 589 546 517 4 681 634 595 650 5
838 801 846 890 867 5 917 980 869 829
798 4 742 777 709 681 3 840 838 867
3 1817 1809 1810 4 298 333 310 277 5
323 298 266 283 292 4 350 333 298 323
5 110 106 69 70 96 3 109 106 110
3 56 73 88 5 92 132 96 70 89
4 132 92 130 144 3 288 292 283 4
178 201 215 210 3 285 288 283 3 685
717 765 3 646 685 612 4 644 717 685
646 4 500 471 430 459 5 526 500 523
568 550 5 541 516 471 500 526 5 586
556 550 568 623 4 586 639 620 563 5
541 556 586 563 516 4 689 672 620 639
4 734 689 710 750 4 697 672 689 734
4 874 914 956 862 3 548 526 550 3
548 541 526 3 556 548 550 3 556 541
548 4 797 827 874 862 4 788 758 771
807 5 758 788 827 797 735 4 758 734
750 771 4 697 734 758 735 3 1616 1573
1546 3 1573 1656 1651 4 2422 2328 2332 2425
4 2328 2326 2237 2236 4 2421 2326 2328 2422
5 2330 2424 2427 2397 2338 4 2326 2330 2243
2237 4 2421 2424 2330 2326 3 2397 2427 2429
4 327 359 370 335 3 439 488 452 6
513 488 439 421 406 506 3 597 617 585
3 637 617 597 3 637 656 617 3 789
804 828 4 921 871 828 882 4 921 965
915 871 7 488 530 567 517 472 454 452
3 513 530 488 4 597 585 551 580 5
637 597 580 634 665 4 665 709 763 696
5 657 656 637 665 696 4 793 804 789
762 4 138 136 156 165 4 108 136 138
111 4 225 209 249 259 3 259 276 225
3 107 63 94 4 108 111 107 94 4
1294 1309 1354 1310 3 1246 1309 1294 4 1119
1160 1212 1172 4 1160 1099 1142 1206 4 1072
1099 1160 1119 4 1005 1078 1142 1099 3 1072
1005 1099 5 1708 1608 1866 2113 1826 4 2008
1873 1726 1835 4 1602 1499 1392 1497 4 1898
1928 1837 1820 4 1945 1952 1912 1903 4 1954
1955 1928 1898 4 1955 2055 2054 1958 4 2055
1955 1954 2056 4 1966 1974 1888 1877 4 2057
1966 1958 2054 4 1974 1966 2057 2061 4 2007
2016 1952 1945 4 2016 2100 2116 2026 4 2088
2100 2016 2007 4 1321 1291 1249 1284 5 1611
1514 1465 1405 1499 4 1482 1436 1368 1417 3
453 468 416 4 498 453 429 472 4 468
453 498 521 4 698 754 793 762 4 754
696 763 801 4 657 696 754 698 4 1213
1172 1212 1256 4 1297 1256 1291 1332 4 1297
1246 1213 1256 3 1534 1485 1476 4 1547 1509
1485 1534 3 1509 1583 1546 4 1609 1583 1509
1547 4 1378 1439 1375 1351 4 1412 1378 1310
1354 4 1479 1439 1378 1412 3 1910 1945 1903
4 1974 1982 1904 1888 4 1982 2065 2072 1991
4 2065 1982 1974 2061 5 1998 2007 1945 1910
1914 4 2080 1998 1991 2072 4 2088 2007 1998
2080 4 510 553 580 551 4 553 510 468
521 4 958 722 719 708 6 2294 1950 1873
2008 2114 2411 5 1023 744 722 958 999 6
744 1023 1085 935 809 770 4 2035 1950 2294
2192 5 1551 1534 1476 1502 1575 4 1575 1597
1650 1588 3 1551 1575 1588 3 1551 1547 1534
4 1628 1588 1650 1654 5 1609 1547 1551 1588
1628 6 406 359 327 314 307 393 4 393
380 483 492 4 492 506 406 393 4 1439
1494 1471 1375 4 1535 1598 1567 1494 4 1479
1535 1494 1439 4 1732 1889 1655 1691 6 1732
1652 1598 1629 1662 1816 5 1959 1889 1732 1816
2003 3 2400 2295 2313 6 1889 1905 1806 1734
1654 1655 3 1959 1905 1889 7 2322 2152 2226
2295 2400 2580 2486 4 387 430 408 366 4
333 366 342 310 4 387 366 333 350 4
717 724 786 765 4 662 684 753 724 4
644 662 724 717 4 471 450 408 430 4
497 470 426 450 4 516 497 450 471 5
701 704 760 753 684 3 703 704 701 4
2013 2011 1922 1931 3 2013 2020 2011 4 1770
1862 1859 1760 5 1881 1988 1969 1901 1862 4
1791 1881 1862 1770 3 704 774 760 4 774
797 862 835 5 735 797 774 704 703 4
2524 2537 2594 2583 4 2537 2464 2474 2550 4
2464 2537 2524 2459 4 2022 2013 1931 1936 4
2106 2022 2033 2120 5 2020 2013 2022 2106 2094
4 1859 1838 1739 1760 3 1964 1901 1969 4
2455 2523 2539 2469 4 2446 2514 2523 2455 4
274 279 320 313 4 238 219 250 252 3
238 224 219 3 263 279 274 3 2103 2028
2058 5 2092 1988 2014 2028 2103 5 2343 2507
2474 2407 2304 4 2507 2538 2641 2621 4 2394
2538 2507 2343 5 2264 2209 2103 2058 2093 4
2444 2264 2322 2486 4 2209 2264 2444 2394 4
2343 2304 2120 2162 4 2162 2092 2103 2209 4
2394 2343 2162 2209 5 1553 1627 1761 1662 1612
4 1514 1611 1726 1627 6 1553 1489 1436 1482
1514 1627 5 737 624 589 567 680 4 798
737 853 917 6 624 737 798 742 681 650
4 293 255 277 310 4 255 241 204 220
4 272 241 255 293 4 228 258 251 223
5 228 212 195 204 241 4 272 258 228
241 4 204 181 198 220 3 195 181 204
4 250 213 223 251 3 190 195 212 4
191 163 178 210 4 172 191 198 181 4
144 163 191 172 4 132 158 147 96 5
158 172 181 195 190 4 132 144 172 158
4 383 373 337 346 4 373 422 411 364
4 438 422 373 383 4 466 456 411 422
4 466 481 536 515 4 481 466 422 438
4 662 605 632 684 4 605 584 536 554
4 644 584 605 662 5 646 612 594 572
570 4 570 515 536 584 4 646 570 584
644 4 497 543 520 470 4 563 620 590
543 4 563 543 497 516 4 648 701 684
632 4 672 648 590 620 5 703 701 648
672 697 4 2370 2452 2451 2369 4 1881 1924
2014 1988 4 1803 1834 1943 1924 4 1803 1924
1881 1791 3 2397 2341 2338 3 697 735 703
4 2464 2393 2407 2474 4 2393 2383 2282 2293
4 2383 2393 2464 2459 4 2377 2453 2452 2370
4 2377 2278 2282 2383 4 2459 2453 2377 2383
4 2382 2455 2469 2401 4 2366 2382 2284 2272
4 2446 2455 2382 2366 5 2434 2348 2341 2397
2429 4 2366 2272 2258 2348 4 2434 2446 2366
2348 4 2447 2451 2520 2512 4 2439 2447 2512
2496 4 2358 2347 2254 2259 4 2447 2358 2369
2451 4 2439 2347 2358 2447 4 2424 2485 2490
2427 4 2421 2477 2485 2424 4 2490 2494 2429
2427 4 413 367 348 388 3 451 419 413
5 452 451 413 388 439 3 574 513 506
5 451 454 472 429 419 3 452 454 451
4 530 638 680 567 4 618 744 770 638
5 574 618 638 530 513 4 102 101 122
126 4 136 126 152 156 4 102 126 136
108 4 315 299 335 348 4 259 249 286
299 4 276 259 299 315 4 102 83 76
101 4 94 83 102 108 4 1756 1869 1834
1754 4 1872 1869 1756 1786 4 1786 1711 1740
1819 4 1819 1925 1872 1786 4 1309 1343 1384
1354 4 1297 1332 1368 1343 4 1246 1297 1343
1309 4 184 192 156 152 4 229 184 180
222 4 232 192 184 229 4 192 199 165
156 4 199 240 249 209 4 232 240 199
192 4 1665 1696 1780 1740 4 1696 1628 1654
1734 4 1609 1628 1696 1665 4 1583 1637 1616
1546 4 1665 1740 1711 1637 4 1583 1609 1665
1637 4 1412 1354 1384 1454 4 1508 1454 1489
1553 4 1508 1479 1412 1454 4 2159 2176 2254
2247 3 2140 2134 2143 4 1968 1898 1820 1880
3 1992 2039 1980 4 2001 1900 1922 2011 4
2001 2038 2039 1992 4 2038 2001 2011 2020 4
2146 2142 2236 2237 4 2121 2134 2140 2142 4
2146 2127 2121 2142 5 2148 2146 2237 2243 2193
3 2148 2127 2146 4 2145 2153 2176 2159 5
2055 2145 2143 2134 2054 4 2153 2145 2055 2056
4 1978 1954 1898 1968 5 2067 1978 1980 2039
2076 4 2056 1954 1978 2067 4 2038 2085 2076
2039 4 2094 2085 2038 2020 4 2121 2057 2054
2134 4 2061 2057 2121 2127 3 2148 2193 2154
4 2065 2154 2160 2072 5 2065 2061 2127 2148
2154 4 2197 2180 2272 2284 4 2100 2197 2216
2116 4 2180 2197 2100 2088 4 2171 2258 2272
2180 4 2171 2080 2072 2160 4 2088 2080 2171
2180 4 948 893 890 941 4 927 973 921
882 4 990 927 893 948 4 1034 973 927
990 4 973 1028 965 921 4 1028 1084 1136
1077 4 1084 1028 973 1034 4 1197 1242 1206
1142 4 1242 1279 1319 1284 4 1197 1239 1279
1242 4 1134 1197 1142 1078 4 1134 1077 1136
1195 4 1239 1197 1134 1195 4 546 498 472
517 4 566 546 589 624 4 521 498 546
566 4 553 595 634 580 4 566 624 650
595 4 553 521 566 595 4 818 846 801
763 4 846 910 941 890 4 869 910 846
818 4 818 763 709 777 4 777 742 798
829 4 829 869 818 777 4 370 388 348
335 4 421 370 359 406 4 439 388 370
421 4 1321 1359 1332 1291 4 1321 1284 1319
1353 4 1405 1359 1321 1353 4 2431 2489 2483
2425 4 2431 2439 2496 2489 4 2422 2425 2483
2478 4 2478 2477 2421 2422 5 1623 1691 1655
1650 1597 4 1623 1567 1598 1652 4 1691 1623
1652 1732 3 1654 1650 1655 3 252 250 251
4 2431 2425 2332 2339 4 2339 2247 2254 2347
4 2439 2431 2339 2347 4 492 483 588 596
4 607 596 719 722 5 607 574 506 492
596 3 2295 2158 2313 3 2130 1959 2003 5
1884 1816 1662 1761 1867 3 2091 2073 2104 5
1884 2073 2091 2003 1816 4 618 607 722 744
3 618 574 607 4 1905 2070 2005 1806 5
2070 2151 2158 2295 2226 5 2130 2151 2070 1905
1959 3 1937 1884 1867 5 2073 1937 2035 2192
2104 3 1884 1937 2073 4 240 271 286 249
4 271 268 307 314 4 268 271 240 232
5 1243 1245 1298 1198 1163 3 1243 1244 1245
4 1265 1331 1247 1156 4 1349 1265 1198 1298
4 1434 1331 1265 1349 4 1331 1400 1316 1247
4 1400 1511 1608 1497 4 1511 1400 1331 1434
4 1535 1576 1629 1598 4 1508 1553 1612 1576
4 1479 1508 1576 1535 4 1046 1115 980 917
3 1115 1243 1163 5 1184 1244 1243 1115 1046
4 1046 917 853 988 4 988 935 1085 1123
4 1123 1184 1046 988 4 2176 2205 2259 2254
4 2153 2161 2205 2176 4 2161 2067 2076 2173
4 2153 2056 2067 2161 4 1602 1710 1611 1499
4 1708 1602 1497 1608 4 1826 1710 1602 1708
4 1359 1417 1368 1332 4 1417 1465 1514 1482
4 1465 1417 1359 1405 4 1710 1835 1726 1611
4 1835 1984 2114 2008 4 1984 1835 1710 1826
4 300 311 346 337 5 258 300 289 252
251 4 311 300 258 272 4 302 222 221
301 4 29 14 13 28 4 380 302 301
379 4 55 29 28 54 4 708 588 587
707 4 149 122 121 148 4 180 149 148
179 3 13 14 2 4 76 55 54 75
4 958 708 707 957 4 957 996 999 958
4 483 380 379 482 4 101 100 121 122
4 100 101 76 75 4 179 221 222 180
4 482 587 588 483 4 2483 2489 2513 2509
4 2478 2483 2509 2503 3 2520 2536 2525 3
2494 2506 2511 4 2512 2520 2525 2521 4 2490
2485 2501 2502 4 2502 2506 2494 2490 4 2496
2512 2521 2517 4 2477 2500 2501 2485 4 2513
2489 2496 2517 4 2503 2500 2477 2478 4 1692
1709 1694 1683 4 1811 1810 1805 1798 3 1683
1670 1692 3 1865 1864 1863 4 1739 1720 1694
1709 4 1771 1774 1749 1743 4 1759 1771 1743
1737 4 1794 1778 1763 1785 4 1855 1849 1841
1851 4 1877 1850 1849 1855 4 1904 1913 1882
1876 3 1837 1827 1820 3 1865 1863 1861 3
1808 1809 1817 5 1888 1865 1861 1850 1877 5
1876 1864 1865 1888 1904 3 354 355 356 4
436 448 449 435 4 394 436 435 396 4
476 475 449 448 4 756 755 824 825 4
771 750 769 781 4 667 623 628 674 4
710 667 674 726 3 841 843 889 4 807
771 781 800 4 392 390 394 396 4 392
356 355 390 3 676 755 756 3 568 628
623 5 881 833 825 824 901 4 800 843
841 807 4 726 769 750 710 3 476 477
475 4 353 347 325 329 4 360 399 347
353 4 416 404 399 360 4 960 947 904
915 4 174 171 134 138 4 225 216 171
174 4 1005 981 947 960 4 1428 1476 1456
1403 4 1375 1428 1403 1358 3 16 15 3
4 41 40 15 16 4 63 59 40 41
3 1546 1573 1532 4 585 617 604 571 4
871 849 820 828 4 904 849 871 915 4
551 585 571 540 4 1310 1351 1341 1302 4
1294 1310 1302 1269 5 1509 1546 1532 1493 1501
3 655 653 643 4 789 828 820 759 4
698 762 747 688 5 657 698 688 653 655
4 747 762 789 759 4 276 329 325 270
4 468 465 404 416 5 1485 1501 1491 1456
1476 4 1358 1341 1351 1375 3 1485 1509 1501
4 1213 1200 1151 1172 4 1246 1294 1269 1228
4 1228 1200 1213 1246 4 1119 1172 1151 1103
4 1072 1119 1103 1061 4 510 551 540 503
3 1493 1491 1501 5 656 655 643 604 617
3 656 657 655 3 105 103 93 5 111
138 134 103 105 4 270 216 225 276 5
107 105 93 59 63 3 107 111 105 4
1061 981 1005 1072 4 503 465 468 510 4
1720 1739 1759 1737 4 1799 1811 1798 1793 4
1793 1778 1794 1799 4 1763 1749 1774 1785 4
1808 1805 1810 1809 4 1841 1827 1837 1851 4
1914 1892 1882 1913 3 1894 1910 1903 4 1894
1892 1914 1910 4 1271 1219 1222 1268 4 1219
1271 1277 1221 4 305 262 264 306 6 308
345 395 382 305 306 4 33 35 20 19
4 32 27 9 17 4 33 19 23 37
4 799 796 733 736 4 792 852 880 812
4 706 805 799 736 4 53 57 35 33
4 343 331 363 377 3 140 155 116 4
407 362 343 377 3 42 47 49 4 52
27 32 48 5 49 53 33 37 42 4
1068 1132 1092 1022 4 1068 1022 940 1000 4
736 733 669 651 4 377 363 403 424 4
720 728 792 812 4 812 880 900 830 4
407 377 424 447 4 720 812 830 749 4
1096 1174 1132 1068 5 1842 1673 1617 1672 1750
4 1096 1068 1000 1048 3 1361 1396 1422 4
1718 1673 1842 1868 4 1396 1363 1419 1406 4
1361 1325 1363 1396 4 651 676 706 736 4
1014 1008 1007 1017 4 1104 1029 1020 1055 4
1080 1017 1026 1083 4 1076 1105 1097 1059 4
1080 1081 1014 1017 3 1272 1267 1233 4 1107
1104 1055 1095 4 1012 1026 1017 1007 4 1031
1076 1059 1021 4 159 185 186 168 4 338
295 284 334 4 175 167 200 211 4 519
474 446 490 4 405 427 415 369 4 692
713 679 642 3 338 334 397 4 532 559
519 490 4 687 718 652 627 4 1600 1563
1619 1653 3 1457 1433 1483 3 433 427 405
4 1304 1362 1327 1274 4 1262 1190 1220 1289
4 642 636 678 692 4 1304 1334 1385 1362
5 1411 1374 1410 1433 1457 4 34 25 43
50 4 66 45 34 50 4 1007 1008 928
929 4 748 740 806 815 4 954 943 1020
1029 4 1070 1137 1193 1094 5 1029 1104 1108
1112 1037 4 748 815 826 764 4 1019 997
1070 1094 4 954 1029 1037 961 3 930 951
933 4 1105 1076 1100 1113 4 930 970 987
951 3 1107 1108 1104 4 929 934 1012 1007
5 1021 950 933 951 1031 4 287 296 336
328 4 340 303 295 338 4 246 217 254
275 4 175 211 230 187 4 490 446 418
463 4 246 275 297 265 3 344 368 321
4 246 265 239 207 3 137 120 118 4
939 1006 966 905 4 544 538 514 539 4
660 608 642 679 4 851 891 845 822 4
834 877 939 905 4 679 713 779 731 4
816 834 905 879 4 660 679 731 686 4
675 664 740 748 4 340 338 397 376 4
528 524 494 499 5 683 675 748 764 725
4 1094 1193 1176 1106 3 994 926 897 4
1019 1094 1106 1036 4 888 953 994 897 4
463 504 532 490 4 524 528 562 549 4
687 627 581 649 3 848 897 926 4 687
691 732 718 4 888 897 848 813 4 649
654 691 687 4 1292 1260 1248 1290 4 1290
1312 1322 1292 4 1229 1254 1288 1276 4 851
908 936 891 3 1154 1145 1143 5 1232 1199
1229 1276 1241 4 1149 1190 1262 1223 4 1257
1304 1274 1218 4 1190 1109 1147 1220 4 576
565 538 544 4 608 593 636 642 4 844
851 822 803 4 629 565 576 640 4 879
873 808 816 3 725 690 683 4 1257 1287
1334 1304 4 1216 1290 1248 1210 4 1216 1270
1312 1290 4 1411 1338 1350 1374 4 1288 1254
1303 1328 4 1411 1460 1395 1338 4 899 908
851 844 5 1185 1216 1210 1145 1154 4 1056
1091 1041 1003 4 1270 1216 1185 1231 3 1241
1234 1232 4 1091 1056 1101 1140 4 281 267
316 317 4 218 267 281 234 4 10 21
18 6 3 11 21 10 4 21 23 19
18 4 23 22 36 37 3 21 22 23
4 151 125 131 153 5 120 137 159 168
127 4 50 43 65 71 4 146 139 167
175 4 97 66 50 71 4 207 189 217
246 4 146 175 187 157 3 177 206 155
4 79 85 49 47 4 1139 1092 1132 1175
4 1092 1047 972 1022 4 1139 1093 1047 1092
4 879 905 966 952 3 991 909 944 4
940 1022 972 906 3 855 940 906 5 669
625 622 647 651 4 671 669 733 738 4
619 625 669 671 4 1174 1178 1175 1132 4
1179 1174 1096 1122 3 1179 1178 1174 3 1452
1444 1458 4 1382 1409 1441 1420 4 992 1045
991 944 4 1075 1122 1096 1048 4 1102 1045
992 1042 4 1161 1139 1175 1204 4 1161 1116
1093 1139 4 873 879 952 938 4 1149 1074
1109 1190 3 622 611 647 4 673 723 711
702 3 658 723 673 4 1178 1235 1204 1175
4 1225 1179 1122 1138 5 1225 1275 1235 1178
1179 4 1365 1324 1361 1422 5 1425 1365 1422
1444 1452 4 1419 1363 1323 1366 4 1366 1382
1420 1419 3 1075 1138 1122 3 647 676 651
3 706 676 756 3 446 474 410 3 81
45 66 3 859 833 881 3 859 864 833
3 885 859 881 3 920 930 933 3 885
864 859 3 1237 1180 1211 4 1118 1117 1058
1060 3 1182 1117 1118 4 969 970 930 920
6 970 971 1053 1058 1032 987 3 969 971
970 5 875 785 825 833 864 4 950 1021
1016 942 6 885 881 901 920 933 950 5
875 864 885 950 942 3 321 256 291 3
120 113 118 3 633 608 660 4 845 891
944 909 4 811 772 822 845 4 811 845
909 860 4 906 972 939 877 4 877 834
768 819 4 855 906 877 819 5 779 713
743 772 811 4 767 757 819 768 4 823
779 811 860 3 767 768 766 4 671 738
740 664 4 664 675 602 579 4 619 671
664 579 4 602 598 577 579 4 434 428
402 409 4 461 445 428 434 3 1106 1176
1130 3 1098 1067 1130 4 995 1043 1065 1054
3 718 732 741 3 1240 1191 1260 5 1260
1292 1336 1335 1305 3 1305 1240 1260 3 1288
1308 1276 3 1311 1313 1347 3 1381 1409 1382
4 1143 1145 1141 1102 3 1111 1154 1143 5
1079 1111 1143 1102 1042 3 1346 1301 1342 3
1258 1301 1346 5 558 593 608 633 614 3
558 531 593 4 772 761 803 822 3 743
761 772 3 767 727 757 5 663 727 767
766 715 3 715 739 663 3 443 458 460
3 442 458 443 3 690 725 693 3 659
683 690 3 659 690 693 4 1240 1225 1138
1191 3 1318 1305 1335 5 1318 1275 1225 1240
1305 5 1366 1323 1308 1288 1328 5 1328 1303
1311 1347 1355 5 1355 1381 1382 1366 1328 4
1210 1146 1141 1145 5 1111 1087 1133 1185 1154
3 1079 1087 1111 4 1222 1219 1155 1159 4
1224 1263 1268 1222 4 1165 1224 1222 1159 4
1158 1155 1219 1221 4 1221 1277 1278 1227 4
1227 1167 1158 1221 4 153 188 183 151 4
319 280 287 328 3 203 166 214 5 1530
1572 1592 1498 1526 3 1530 1557 1572 3 5
4 1 5 8 7 18 19 20 4 24
20 35 39 4 12 8 20 24 4 9
4 5 17 3 7 6 18 3 1194 1238
1214 3 80 78 68 4 140 116 81 117
4 140 162 177 155 4 145 162 140 117
5 84 80 68 52 48 3 95 84 48
4 85 98 53 49 3 36 42 37 4
444 491 495 473 4 1633 1600 1653 1702 6
1673 1566 1559 1506 1564 1617 4 1469 1457 1483
1512 3 444 433 491 5 1603 1566 1673 1718
1648 4 1469 1460 1411 1457 3 1224 1251 1263
4 1251 1170 1180 1237 4 1165 1170 1251 1224
4 1227 1278 1272 1233 4 1233 1267 1183 1173
4 1173 1167 1227 1233 3 186 185 218 4
194 160 168 186 4 194 186 218 234 4
328 336 372 361 4 538 534 501 514 4
508 457 467 518 4 535 557 508 518 3
692 743 713 4 559 532 575 606 3 635
559 606 4 606 575 627 652 4 677 652
718 741 4 635 606 652 677 4 1498 1592
1619 1563 4 1563 1600 1533 1496 4 1473 1498
1563 1496 5 1424 1496 1533 1483 1433 4 1424
1416 1473 1496 4 565 552 534 538 4 629
603 552 565 6 537 583 641 621 557 535
4 1327 1362 1393 1369 4 1307 1253 1274 1327
4 1352 1307 1327 1369 4 1344 1342 1262 1289
4 1307 1289 1220 1253 4 1352 1344 1289 1307
4 678 761 743 692 4 1443 1393 1362 1385
4 1334 1356 1429 1385 3 1410 1424 1433 3
1410 1416 1424 4 24 39 43 25 3 25
12 24 4 1157 1205 1193 1137 4 1137 1070
1051 1120 4 1162 1157 1137 1120 3 1053 1060
1058 4 1188 1183 1267 1255 4 1194 1188 1255
1238 3 1157 1214 1205 4 1162 1194 1214 1157
3 336 296 341 3 247 296 287 4 344
375 410 368 4 344 321 291 326 4 375
344 326 351 3 113 98 85 4 539 514
473 495 3 542 544 539 4 496 542 539
495 4 766 768 834 816 5 494 524 464
460 458 3 461 499 494 5 445 461 494
458 442 4 630 626 598 602 3 645 626
630 4 953 888 857 922 3 1054 994 953
4 995 1054 953 922 4 489 464 524 549
4 555 549 562 610 4 489 549 555 512
3 613 610 562 4 780 857 888 813 3
810 813 848 4 775 780 813 810 4 610
613 654 649 3 1330 1322 1312 5 1333 1339
1336 1292 1322 3 1330 1333 1322 4 1459 1448
1478 1506 3 1347 1313 1326 4 1448 1459 1409
1381 4 992 944 891 936 4 936 908 959
986 4 1042 992 936 986 3 1033 986 959
4 1079 1042 986 1033 3 1308 1241 1276 3
1232 1171 1199 4 1301 1223 1262 1342 4 1223
1207 1131 1149 4 1207 1223 1301 1258 5 542
558 614 576 544 4 496 531 558 542 4
700 682 629 640 4 640 576 614 666 4
666 716 700 640 4 808 873 858 795 4
715 766 816 808 4 795 739 715 808 4
1082 1062 1067 1098 4 1043 1062 1082 1065 5
1365 1330 1312 1270 1324 3 1333 1364 1339 5
1425 1364 1333 1330 1365 4 1395 1460 1478 1448
5 1355 1347 1326 1338 1395 4 1381 1355 1395
1448 4 949 959 908 899 5 1041 1033 959
949 1003 4 1041 1091 1133 1087 4 1087 1079
1033 1041 5 1234 1241 1308 1323 1281 5 1196
1150 1171 1232 1234 4 1236 1196 1234 1281 4
1140 1189 1133 1091 4 1140 1101 1150 1196 4
1236 1189 1140 1196 3 161 129 166 3 983
952 966 4 925 858 873 938 5 938 952
983 1040 1009 4 1009 993 925 938 4 1066
1074 1149 1131 4 1074 1009 1040 1109 4 1066
993 1009 1074 4 415 391 341 369 5 415
427 444 473 455 4 391 415 455 440 3
427 433 444 4 203 214 247 244 4 193
161 166 203 4 193 203 244 233 4 231
264 262 227 4 264 269 308 306 4 233
269 264 231 4 352 319 328 361 4 395
493 486 382 6 493 395 400 412 457 508
4 861 796 799 863 4 796 802 738 733
4 865 802 796 861 4 836 852 792 778
4 852 923 946 880 4 911 923 852 836
4 868 863 799 805 4 785 805 706 756
4 868 805 785 875 4 57 53 98 82
4 57 64 39 35 4 86 64 57 82
4 384 362 407 432 4 362 332 309 343
4 351 332 362 384 4 386 403 363 349
5 420 460 464 424 403 5 442 420 403
386 445 4 705 778 792 728 4 723 728
720 711 5 705 728 723 658 645 4 964
900 880 946 4 922 857 830 900 4 995
922 900 964 4 447 469 432 407 4 489
447 424 464 4 469 447 489 512 4 749
745 711 720 4 780 749 830 857 4 745
749 780 775 3 420 443 460 3 442 443
420 4 1325 1361 1324 1283 4 1281 1323 1363
1325 4 1283 1236 1281 1325 4 1013 1008 1014
1025 4 1055 1020 1013 1025 4 1159 1155 1080
1083 4 1089 1083 1026 1038 4 1089 1165 1159
1083 4 1097 1089 1038 1059 4 1170 1097 1105
1180 4 1165 1089 1097 1170 4 1088 1095 1055
1025 4 1173 1183 1107 1095 4 1088 1167 1173
1095 4 1038 1026 1012 1016 4 1021 1059 1038
1016 4 281 317 334 284 4 284 295 253
245 4 234 281 284 245 4 194 200 167
160 4 245 253 211 200 4 194 234 245
200 4 861 863 929 928 4 928 1008 1013
932 4 865 861 928 932 4 806 740 738
802 4 872 883 815 806 4 872 806 802
865 4 943 932 1013 1020 4 943 954 883
872 4 865 932 943 872 3 1164 1112 1108
4 1120 1051 1037 1112 4 1164 1162 1120 1112
4 836 778 764 826 4 826 815 883 894
4 911 836 826 894 4 997 1019 946 923
4 976 1051 1070 997 4 976 997 923 911
4 961 894 883 954 4 961 1037 1051 976
4 911 894 961 976 4 1211 1180 1105 1113
5 1117 1113 1100 1032 1058 4 1182 1211 1113
1117 5 1188 1164 1108 1107 1183 4 1194 1162
1164 1188 4 868 934 929 863 4 934 942
1016 1012 4 875 942 934 868 4 303 340
349 318 4 260 253 295 303 4 260 303
318 278 4 230 211 253 260 4 230 243
202 187 4 243 230 260 278 4 384 432
463 418 4 375 418 446 410 4 375 351
384 418 4 297 275 309 332 4 326 291
265 297 4 351 326 297 332 4 206 177
207 239 4 256 239 265 291 3 256 206
239 4 1047 1006 939 972 4 1030 983 966
1006 4 1093 1030 1006 1047 4 386 349 340
376 4 428 376 397 402 4 428 445 386
376 5 705 693 725 764 778 5 659 630
602 675 683 5 659 693 705 645 630 4
964 946 1019 1036 5 1049 1036 1106 1130 1067
5 1049 1043 995 964 1036 4 504 463 432
469 4 545 575 532 504 4 545 504 469
512 4 581 627 575 545 4 555 610 649
581 4 512 555 581 545 4 1459 1506 1559
1505 4 1505 1441 1409 1459 4 1161 1204 1257
1218 4 1218 1274 1253 1192 4 1192 1116 1161
1218 4 1030 1073 1040 983 4 1116 1073 1030
1093 4 1147 1192 1253 1220 4 1073 1147 1109
1040 4 1192 1147 1073 1116 3 1062 1049 1067
3 1062 1043 1049 4 1287 1257 1204 1235 4
1317 1356 1334 1287 4 1275 1317 1287 1235 4
1231 1283 1324 1270 4 1189 1231 1185 1133 4
1236 1283 1231 1189 5 104 131 125 78 80
4 129 161 153 131 4 104 128 129 131
5 127 82 98 113 120 4 133 127 168
160 4 86 82 127 133 4 64 65 43
39 4 65 99 115 71 4 99 65 64
86 4 133 160 167 139 4 139 146 115
99 4 86 133 139 99 4 117 81 66
97 4 97 71 115 135 4 145 117 97
135 4 162 189 207 177 4 173 202 217
189 4 173 189 162 145 4 157 135 115
146 4 157 187 202 173 4 145 135 157
173 3 84 104 80 4 95 128 104 84
4 193 188 153 161 4 231 227 183 188
4 193 233 231 188 4 244 247 287 280
4 280 319 308 269 4 233 244 280 269
4 1577 1533 1600 1633 4 1633 1702 1750 1672
4 1577 1633 1672 1617 4 1512 1483 1533 1577
5 1564 1506 1478 1469 1512 4 1617 1564 1512
1577 3 1460 1469 1478 4 391 372 336 341
4 423 412 361 372 4 423 372 391 440
4 455 473 514 501 4 501 534 533 484
4 440 455 501 484 4 552 537 533 534
4 603 629 682 661 4 583 537 552 603
4 661 641 583 603 5 493 599 600 592
486 4 599 493 508 557 3 601 600 599
4 601 599 557 621 4 423 467 457 412
5 484 533 535 518 467 4 423 440 484
467 3 535 533 537 4 352 345 308 319
4 352 361 412 400 4 395 345 352 400
4 318 349 363 331 4 294 331 343 309
4 278 318 331 294 4 294 309 275 254
4 243 254 217 202 4 243 278 294 254
4 1158 1081 1080 1155 4 1088 1025 1014 1081
4 1167 1088 1081 1158 4 305 304 261 262
4 382 381 304 305 3 27 26 9 4
52 51 26 27 4 151 150 124 125 4
183 182 150 151 4 68 78 77 67 4
67 51 52 68 4 227 262 261 226 4
486 485 381 382 4 77 78 125 124 4
182 183 227 226 4 485 486 592 591 4
1420 1430 1427 1419 3 1406 1413 1396 3 1441
1430 1420 4 858 925 919 850 4 795 858
850 794 4 993 982 919 925 3 1203 1207
1258 4 1131 1124 1063 1066 5 1408 1410 1374
1372 1387 4 1526 1498 1488 1510 4 519 525
480 474 4 559 560 525 519 3 34 31
25 4 45 44 31 34 4 321 368 371
322 4 529 528 499 502 4 1177 1176 1193
1201 4 564 562 528 529 4 625 616 615
622 4 619 609 616 625 3 615 611 622
4 410 474 480 414 4 256 321 322 257
4 579 578 609 619 3 579 577 578 3
1130 1176 1177 4 1205 1214 1226 1215 3 564
613 562 4 155 154 114 116 4 206 205
154 155 3 1255 1267 1259 3 437 434 409
4 81 74 44 45 4 74 81 116 114
4 205 206 256 257 4 371 368 410 414
4 462 461 434 437 4 1201 1193 1205 1215
4 502 499 461 462 4 1238 1250 1226 1214
3 560 559 635 4 1259 1250 1238 1255 3
32 17 30 4 48 32 30 46 4 636
631 668 678 4 593 582 631 636 3 787
782 784 5 761 746 782 787 803 5 72
90 95 48 46 3 433 431 491 4 668
746 761 678 4 296 247 242 290 4 166
129 123 164 5 431 405 369 365 425 3
433 405 431 5 495 491 431 425 487 4
832 839 787 784 4 892 839 832 887 3
979 978 977 4 839 844 803 787 4 892
899 844 839 5 1056 1003 978 979 1035 4
214 166 164 208 3 1199 1186 1229 4 1101
1056 1035 1086 3 561 527 522 5 531 527
561 582 593 3 87 90 72 4 341 296
290 339 4 365 369 341 339 5 527 496
495 487 522 3 496 527 531 4 931 937
892 887 4 978 937 931 977 4 937 949
899 892 4 949 937 978 1003 4 242 247
214 208 4 1171 1148 1186 1199 4 1150 1135
1148 1171 4 1086 1135 1150 1101 5 128 90
87 123 129 3 95 90 128 4 1413 1406
1419 1427 3 794 739 795 4 1203 1124 1131
1207 4 1063 982 993 1066 3 666 614 670
4 670 729 716 666 5 1554 1530 1526 1510
1544 3 1554 1557 1530 4 1473 1461 1488 1498
3 1408 1416 1410 3 1401 1408 1387 3 1372
1374 1350 5 1461 1473 1416 1408 1401 4 2252
2333 2356 2351 6 4153 4076 3981 4008 4024 4196
4 1377 1466 1464 1373 4 1462 1513 1466 1377
4 1558 1513 1462 1477 4 1513 1578 1540 1466
4 3328 3396 3496 3437 4 1614 1578 1513 1558
4 3301 3396 3328 3241 4 3396 3468 3552 3496
4 3301 3369 3468 3396 4 1464 1466 1540 1537
5 1451 1407 1399 1415 1449 4 1939 1871 1781
1823 6 2012 1933 1830 1776 1718 1868 3 1451
1449 1463 4 1956 1871 1939 2018 4 3557 3561
3544 3515 4 3463 3557 3515 3451 4 3463 3451
3353 3357 4 1871 1812 1725 1781 4 2087 2126
2123 2043 4 3584 3588 3561 3557 4 2994 3036
3117 3082 4 1908 1812 1871 1956 3 2087 2165
2126 4 2994 2882 2926 3036 4 2857 2851 2882
2994 4 3282 3343 3265 3163 4 3350 3282 3250
3304 4 3350 3425 3343 3282 4 3489 3584 3557
3463 4 3357 3382 3489 3463 3 2851 2857 2832
3 2053 2047 2046 4 2190 2111 2036 2101 5
2053 2124 2196 2108 2047 4 1906 1843 1921 1971
4 2202 2111 2190 2267 3 3250 3282 3163 3
3018 3010 3019 4 3018 2973 2853 3010 4 1595
1660 1630 1565 4 1437 1500 1467 1386 3 1435
1453 1438 4 1777 1746 1668 1701 3 1687 1658
1698 3 2415 2426 2395 4 3809 3758 3683 3728
4 3599 3658 3731 3682 4 3999 3933 3839 3906
4 3043 3090 3176 3111 4 3567 3658 3599 3505
4 3228 3297 3387 3315 4 1404 1472 1453 1435
5 1601 1620 1658 1687 1669 5 2475 2426 2415
2441 2515 3 1804 1789 1758 5 1960 1934 1829
1887 1935 4 2111 2045 1972 2036 4 1605 1643
1716 1664 4 1795 1843 1906 1813 4 1605 1555
1591 1643 4 1548 1603 1642 1590 4 1765 1843
1795 1697 4 2227 2167 2220 2270 3 3025 3018
3019 5 3025 3127 3104 2973 3018 4 1566 1529
1505 1559 4 1715 1660 1595 1632 4 1568 1605
1664 1626 4 1437 1484 1545 1500 4 1379 1437
1386 1348 4 1555 1605 1568 1515 4 1484 1437
1379 1423 4 1548 1529 1566 1603 4 1777 1879
1840 1746 3 2024 1981 2042 3 1755 1687 1698
5 2024 2004 1902 1926 1981 4 2362 2395 2426
2458 4 2109 2024 2042 2141 4 2395 2298 2329
2415 4 2109 2082 2004 2024 4 2260 2298 2395
2362 4 3758 3854 3797 3711 5 3664 3572 3625
3703 3681 4 3106 3156 3258 3208 4 3433 3368
3273 3319 4 3572 3528 3419 3474 4 3479 3368
3433 3537 4 3664 3579 3528 3572 4 3116 3025
3019 3107 4 3509 3570 3541 3526 5 3150 3270
3259 3198 3140 5 3368 3295 3183 3181 3273 4
3223 3150 3155 3189 5 3509 3493 3503 3605 3570
4 3479 3386 3295 3368 4 3270 3150 3223 3306
4 2122 2167 2227 2201 4 1973 2029 2115 2052
4 2948 3043 2974 2898 3 2873 2783 2779 4
3072 3156 3106 3029 4 2783 2895 2859 2782 4
3854 3758 3809 3908 4 3999 4041 4003 3933 4
3658 3714 3784 3731 4 4062 3999 3906 3963 4
4089 4041 3999 4062 4 2948 3027 3090 3043 4
3042 3075 3015 2988 4 3213 3297 3228 3137 4
3714 3658 3567 3634 4 3297 3375 3472 3387 4
3587 3511 3432 3491 4 1644 1585 1601 1669 5
1981 1938 1985 2077 2042 5 1669 1687 1755 1782
1744 3 1926 1938 1981 4 1744 1717 1644 1669
3 2475 2458 2426 4 2077 2166 2141 2042 4
2441 2415 2329 2353 3 3677 3664 3681 4 3579
3664 3677 3607 4 3127 3025 3116 3187 4 3475
3509 3526 3446 3 3198 3259 3242 3 3475 3493
3509 3 1839 1789 1804 3 1960 1940 1934 4
4041 4075 4048 4003 4 4089 4097 4075 4041 4
3042 2988 2975 3034 4 2344 2263 2354 2357 5
1445 1371 1373 1464 1447 3 1445 1394 1371 4
1523 1593 1558 1477 4 1475 1523 1477 1443 4
3683 3758 3711 3631 4 3156 3219 3312 3258 4
3517 3625 3572 3474 4 1660 1736 1689 1630 5
1789 1777 1701 1738 1758 3 1935 1973 1960 4
3111 3065 2974 3043 4 3072 3119 3219 3156 4
2873 2947 2895 2783 3 1451 1446 1407 4 1449
1415 1487 1492 5 1528 1490 1446 1451 1463 4
1463 1449 1492 1527 4 1582 1528 1463 1527 4
2045 2111 2202 2125 4 2167 2099 2147 2220 3
2325 2315 2291 4 2325 2371 2404 2315 4 3842
3816 3725 3748 4 3455 3323 3358 3486 4 3743
3662 3686 3764 4 3314 3323 3455 3428 4 3743
3732 3644 3662 3 3389 3403 3388 3 3403 3451
3515 4 3353 3230 3247 3357 5 3361 3353 3451
3403 3389 4 3230 3353 3361 3212 5 1446 1481
1458 1442 1407 4 1487 1415 1432 1441 3 1490
1481 1446 4 3912 3887 3930 3958 4 3912 3869
3826 3887 4 1787 1736 1660 1715 4 2122 2050
2099 2167 5 1935 1915 1951 2029 1973 5 1879
1777 1789 1839 1949 5 1940 1960 1973 2052 1999
4 2829 2790 2825 2889 4 2787 2790 2829 2760
4 3984 3992 3958 3930 3 3995 3992 3984 5
3066 3076 3121 3075 3042 5 3542 3623 3573 3560
3453 4 3213 3284 3375 3297 4 3649 3623 3542
3608 3 3581 3511 3587 3 3772 3679 3721 4
3935 3912 3958 3987 4 3888 3869 3912 3935 3
3181 3183 3175 3 3189 3155 3164 3 1887 1915
1935 4 2790 2789 2824 2825 3 2787 2789 2790
4 3992 4027 3987 3958 4 4056 4027 3992 3995
3 3066 3042 3034 3 3674 3573 3623 3 3649
3674 3623 4 2981 2900 2853 2973 4 1388 1445
1447 1404 3 1394 1445 1388 4 1565 1630 1593
1523 4 1504 1549 1595 1565 4 1475 1504 1565
1523 3 1453 1480 1438 4 1503 1472 1404 1447
5 1472 1550 1522 1480 1453 4 1550 1472 1503
1580 3 1580 1604 1640 3 2579 2606 2558 4
2623 2707 2606 2579 5 1748 1792 1845 1804 1758
4 1792 1748 1704 1713 5 1757 1788 1846 1887
1829 4 1829 1934 1845 1792 4 1757 1829 1792
1713 4 1591 1555 1490 1528 4 1638 1699 1643
1591 4 1582 1638 1591 1528 4 2334 2342 2306
2280 3 2334 2404 2342 4 1519 1516 1438 1480
3 1519 1562 1516 4 2207 2298 2260 2178 4
3703 3625 3671 3742 5 3703 3774 3729 3699 3681
4 3826 3774 3703 3742 5 3238 3319 3273 3203
3188 5 3319 3373 3450 3465 3433 4 3238 3264
3373 3319 3 3579 3510 3528 4 3147 3116 3107
3122 4 3495 3386 3479 3549 4 3386 3339 3253
3295 4 3435 3339 3386 3495 4 2144 2174 2229
2222 4 2115 2029 2084 2183 5 2115 2157 2174
2144 2052 4 2181 2157 2115 2183 4 2713 2763
2737 2662 5 3990 3971 3880 3933 4003 3 3990
4016 3971 4 3606 3531 3454 3560 4 3656 3612
3531 3606 4 3511 3424 3366 3432 3 1519 1480
1522 5 1601 1585 1562 1519 1522 3 3699 3677
3681 3 3188 3203 3179 3 3465 3450 3490 5
3490 3510 3579 3607 3585 4 3187 3279 3247 3127
4 3217 3187 3116 3147 4 3279 3187 3217 3308
4 1845 1907 1839 1804 4 1907 1845 1934 1940
3 2174 2184 2229 3 2157 2184 2174 3 2181
2184 2157 3 3990 4003 4048 4 4016 3990 4048
4056 4 2168 2252 2351 2265 5 2182 2263 2344
2333 2252 5 2168 2110 2156 2182 2252 4 4036
4057 4138 4131 4 3437 3496 3592 3530 4 3374
3275 3328 3437 4 3530 3480 3374 3437 4 3241
3144 3209 3301 4 3241 3328 3275 3178 4 3088
3144 3241 3178 4 3645 3592 3496 3552 4 3552
3468 3525 3622 4 3697 3645 3552 3622 4 3369
3301 3209 3268 4 3436 3525 3468 3369 4 3268
3334 3436 3369 3 2040 2053 2046 4 1874 1996
1939 1823 4 1823 1781 1719 1772 4 1772 1831
1874 1823 5 2040 1994 2064 2124 2053 4 1642
1603 1648 1706 4 1921 1843 1765 1824 4 4125
4112 4017 4021 4 3743 3841 3821 3732 4 4021
4036 4131 4125 4 1725 1812 1766 1671 4 1663
1719 1781 1725 4 1671 1625 1663 1725 4 1953
2000 2087 2043 4 2043 2123 2150 2025 4 2025
1930 1953 2043 7 3757 3570 3605 3640 3679 3772
3819 4 3957 3757 3819 4012 4 2041 2165 2087
2000 4 2041 2071 2186 2165 4 2968 3067 3036
2926 4 2926 2882 2763 2826 4 2826 2886 2968
2926 4 3193 3115 3163 3265 4 3265 3343 3444
3346 4 3346 3267 3193 3265 4 3425 3350 3424
3497 4 3507 3444 3343 3425 4 3575 3507 3425
3497 3 3188 3179 3131 3 2855 2825 2824 3
2917 2911 2915 3 3690 3775 3789 4 1976 2046
2047 1979 3 1975 1976 1979 4 1971 2037 1962
1906 5 2044 1971 1921 1975 1979 5 2086 2037
1971 2044 2098 4 2354 2263 2196 2273 3 2354
2273 2350 4 1429 1475 1443 1385 5 1641 1645
1727 1698 1658 3 1641 1640 1645 4 3645 3728
3683 3592 4 3728 3779 3880 3809 4 3697 3779
3728 3645 4 3682 3622 3525 3599 4 3753 3682
3731 3814 4 3753 3697 3622 3682 4 3176 3268
3209 3111 4 3245 3176 3090 3152 4 3245 3334
3268 3176 4 3436 3505 3599 3525 4 3505 3407
3487 3567 4 3334 3407 3505 3436 4 1550 1620
1601 1522 3 1620 1641 1658 5 1550 1580 1640
1641 1620 4 2515 2579 2558 2475 4 2515 2441
2461 2549 4 2623 2579 2515 2549 4 1772 1719
1664 1716 4 1716 1643 1699 1769 4 1769 1831
1772 1716 4 1896 1813 1906 1962 4 1813 1769
1699 1795 4 1896 1831 1769 1813 3 1470 1458
1481 3 1470 1452 1458 4 1671 1766 1715 1632
4 1632 1595 1549 1586 4 1586 1625 1671 1632
4 1545 1586 1549 1500 4 1587 1545 1484 1517
4 1587 1625 1586 1545 5 1470 1481 1490 1555
1515 4 1515 1568 1517 1474 5 1474 1425 1452
1470 1515 4 2002 2025 2150 2136 4 1911 1930
2025 2002 5 1807 1790 1755 1698 1727 4 1911
1790 1807 1930 3 1926 1902 1854 3 2195 2136
2150 4 2255 2207 2109 2141 4 2255 2329 2298
2207 4 2178 2082 2109 2207 4 3869 3815 3774
3826 4 3537 3591 3549 3479 4 3540 3537 3433
3465 5 3540 3595 3596 3591 3537 4 2779 2847
2922 2873 3 2760 2847 2779 4 2729 2826 2763
2713 3 2800 2729 2764 4 2800 2886 2826 2729
4 2859 2895 2979 2931 4 2859 2800 2764 2782
4 2931 2886 2800 2859 5 3853 3784 3714 3727
3848 4 3784 3878 3814 3731 4 3925 3878 3784
3853 5 3634 3687 3690 3727 3714 4 3547 3634
3567 3487 4 3612 3687 3634 3547 4 1985 2002
2136 2077 4 1878 1985 1938 1828 4 1878 1911
2002 1985 3 1790 1782 1755 4 1878 1828 1744
1782 4 1911 1878 1782 1790 5 1828 1938 1926
1854 1796 4 1717 1744 1828 1796 5 2212 2166
2077 2136 2195 4 2166 2257 2255 2141 4 2257
2166 2212 2289 4 2388 2461 2441 2353 4 2353
2329 2255 2257 4 2388 2353 2257 2289 3 3815
3869 3888 4 3585 3540 3465 3490 3 3585 3595
3540 3 3789 3848 3727 3 3690 3789 3727 4
3631 3530 3592 3683 4 3568 3631 3711 3671 4
3568 3480 3530 3631 4 3312 3415 3360 3258 4
3374 3312 3219 3275 4 3480 3415 3312 3374 4
3517 3568 3671 3625 4 3415 3517 3474 3360 4
3568 3517 3415 3480 4 3065 3111 3209 3144 4
3065 3012 2922 2974 4 3088 3012 3065 3144 4
3045 3119 3072 2979 4 3119 3178 3275 3219 4
3045 3088 3178 3119 4 3012 2947 2873 2922 4
2947 3045 2979 2895 4 3088 3045 2947 3012 4
2147 2221 2280 2220 4 2089 2147 2099 2031 4
2137 2221 2147 2089 5 2291 2217 2276 2331 2325
5 2221 2291 2315 2334 2280 4 2137 2217 2291
2221 3 2331 2371 2325 3 2315 2404 2334 4
3486 3358 3388 3522 4 3586 3556 3455 3486 4
3522 3621 3586 3486 4 3428 3420 3283 3314 4
3539 3428 3455 3556 4 3539 3529 3420 3428 4
3644 3732 3722 3639 4 3644 3539 3556 3662 4
3639 3529 3539 3644 4 1949 2041 2000 1879 4
1967 1949 1839 1907 4 1967 2071 2041 1949 4
2096 2144 2222 2203 4 2071 2096 2203 2186 4
1999 1967 1907 1940 4 2096 1999 2052 2144 4
1967 1999 2096 2071 4 3364 3453 3560 3454 4
3453 3346 3444 3542 4 3364 3267 3346 3453 4
3507 3608 3542 3444 3 3575 3608 3507 4 3581
3497 3424 3511 3 3581 3575 3497 4 3842 3937
3918 3816 4 3764 3867 3841 3743 6 3842 3873
3898 4080 4024 3937 4 2168 2265 2190 2101 4
2037 2101 2036 1962 5 2110 2168 2101 2037 2086
4 2340 2267 2190 2265 4 2345 2276 2202 2267
3 2340 2345 2267 4 1467 1500 1549 1504 4
1429 1356 1386 1467 4 1475 1429 1467 1504 3
1976 1975 1963 4 4011 4017 4112 4108 4 4017
3926 3931 4021 4 3919 3926 4017 4011 4 3821
3817 3722 3732 5 3821 3841 3914 3931 3926 4
3919 3817 3821 3926 4 3942 4036 4021 3931 3
3942 3931 3914 3 2351 2340 2265 5 1607 1571
1540 1578 1635 3 1604 1571 1607 4 1614 1558
1593 1646 4 1614 1667 1635 1578 5 1704 1667
1614 1646 1705 4 1537 1503 1447 1464 3 1571
1537 1540 5 1580 1503 1537 1571 1604 3 1713
1704 1705 4 2069 2018 1939 1996 4 2089 2031
1956 2018 4 2069 2137 2089 2018 4 3643 3544
3561 3668 5 3522 3388 3403 3515 3544 4 3643
3621 3522 3544 4 3748 3769 3873 3842 6 3757
3707 3619 3580 3541 3570 5 3898 3799 3707 3757
3957 4 3157 3117 3036 3067 5 3238 3188 3131
3082 3117 4 3157 3264 3238 3117 4 1908 1833
1766 1812 4 1908 1956 2031 1983 4 1932 1833
1908 1983 5 2851 2811 2737 2763 2882 5 2938
2889 2825 2855 2876 5 2993 2938 2876 2911 2917
4 3687 3709 3775 3690 4 3709 3687 3612 3656
4 3366 3424 3350 3304 4 3514 3580 3584 3489
4 3279 3382 3357 3247 4 3382 3406 3514 3489
4 3406 3382 3279 3308 3 2832 2811 2851 3
3775 3848 3789 4 2182 2108 2196 2263 4 2044
1979 2047 2108 5 2098 2044 2108 2182 2156 4
2359 2331 2276 2345 3 2359 2371 2331 4 1668
1607 1635 1701 4 1645 1668 1746 1727 5 1640
1604 1607 1668 1645 4 3779 3839 3933 3880 4
3753 3814 3906 3839 4 3697 3753 3839 3779 4
3245 3152 3228 3315 4 3407 3315 3387 3487 4
3245 3315 3407 3334 3 1757 1742 1788 4 1742
1757 1713 1705 3 1492 1487 1518 4 1874 1972
2045 1996 4 1896 1962 2036 1972 4 1831 1896
1972 1874 5 1527 1492 1518 1548 1590 4 1590
1642 1695 1636 4 1636 1582 1527 1590 4 1638
1697 1795 1699 4 1697 1636 1695 1765 4 1582
1636 1697 1638 4 2306 2270 2220 2280 4 3230
3104 3127 3247 4 3087 2981 2973 3104 4 3087
3104 3230 3212 3 1337 1335 1336 3 1337 1336
1339 5 1529 1518 1487 1441 1505 4 1663 1626
1664 1719 4 1587 1517 1568 1626 4 1625 1587
1626 1663 4 1317 1348 1386 1356 5 1318 1335
1337 1379 1348 4 1275 1318 1348 1317 4 1474
1517 1484 1423 5 1423 1379 1337 1339 1364 4
1364 1425 1474 1423 3 1529 1548 1518 4 1953
1840 1879 2000 4 1807 1727 1746 1840 4 1930
1807 1840 1953 4 3887 3797 3854 3930 4 3742
3671 3711 3797 4 3826 3742 3797 3887 4 3208
3157 3067 3106 4 3307 3208 3258 3360 4 3307
3264 3157 3208 4 3419 3307 3360 3474 5 3373
3419 3528 3510 3450 4 3264 3307 3419 3373 4
3198 3147 3122 3140 3 3270 3338 3259 3 3181
3203 3273 4 3253 3185 3183 3295 4 3253 3223
3189 3185 4 3534 3640 3605 3503 4 3397 3503
3493 3376 4 3397 3435 3534 3503 5 3306 3397
3376 3338 3270 4 3339 3306 3223 3253 4 3435
3397 3306 3339 4 2084 2122 2201 2183 4 2829
2889 2948 2898 4 2847 2898 2974 2922 4 2829
2898 2847 2760 4 2968 3029 3106 3067 4 2931
2979 3072 3029 4 2886 2931 3029 2968 4 3984
3930 3854 3908 4 3971 3908 3809 3880 5 3995
3984 3908 3971 4016 4 3878 3963 3906 3814 3
3963 3985 4062 4 3925 3985 3963 3878 4 2938
3027 2948 2889 4 3079 3152 3090 3027 4 2993
3079 3027 2938 3 3015 2919 2988 4 3069 3015
3075 3123 5 3069 2993 2917 2919 3015 4 3137
3228 3152 3079 4 3137 3069 3123 3213 4 2993
3069 3137 3079 4 3547 3487 3387 3472 4 3531
3472 3375 3454 4 3612 3547 3472 3531 3 3490
3450 3510 4 3242 3217 3147 3198 5 3242 3259
3338 3370 3330 4 3308 3217 3242 3330 4 3376
3493 3475 3370 3 3338 3376 3370 3 4056 3995
4016 4 2919 2915 2975 2988 3 2917 2915 2919
4 1646 1593 1630 1689 5 1689 1736 1800 1788
1742 4 1705 1646 1689 1742 4 1738 1701 1635
1667 3 1748 1758 1738 4 1704 1748 1738 1667
3 1800 1846 1788 4 2125 2069 1996 2045 4
2217 2125 2202 2276 4 2137 2069 2125 2217 4
3725 3643 3668 3748 4 3704 3725 3816 3791 4
3704 3621 3643 3725 4 3686 3704 3791 3764 4
3586 3686 3662 3556 4 3621 3704 3686 3586 4
1787 1715 1766 1833 4 1787 1856 1800 1736 4
1932 1856 1787 1833 4 2010 2050 2122 2084 4
2050 1983 2031 2099 4 2010 1932 1983 2050 5
1951 1915 1846 1800 1856 4 1951 2010 2084 2029
4 1932 2010 1951 1856 4 3200 3284 3213 3123
4 3364 3454 3375 3284 4 3200 3267 3364 3284
4 3179 3203 3181 3175 4 3185 3172 3175 3183
4 3172 3185 3189 3164 3 1915 1887 1846 4
4068 4139 4138 4057 5 4057 4036 3942 3950 3986
3 3986 4068 4057 3 3950 3942 3914 4 2040
2046 1976 1963 4 1994 2040 1963 1923 4 1933
2012 2064 1994 4 1923 1830 1933 1994 4 1768
1695 1642 1706 4 1706 1648 1718 1776 4 1830
1768 1706 1776 5 1824 1923 1963 1975 1921 4
1768 1824 1765 1695 4 1923 1824 1768 1830 4
4068 4076 4153 4139 3 3965 3986 3950 5 3965
3981 4076 4068 3986 4 3893 3791 3816 3918 4
3918 3937 4024 4008 4 3981 3893 3918 4008 4
3893 3867 3764 3791 5 3867 3965 3950 3914 3841
4 3965 3867 3893 3981 4 3689 3668 3561 3588
4 3619 3588 3584 3580 4 3707 3689 3588 3619
4 3200 3123 3075 3121 4 3193 3121 3076 3115
4 3267 3200 3121 3193 3 3541 3580 3514 4
3769 3748 3668 3689 4 3799 3898 3873 3769 4
3799 3769 3689 3707 5 3406 3446 3526 3541 3514
4 3446 3330 3370 3475 4 3406 3308 3330 3446
3 1398 1399 1407 3 3420 3416 3283 4 3817
3810 3718 3722 4 3919 3916 3810 3817 4 1415
1414 1431 1432 4 3639 3722 3718 3635 4 3529
3639 3635 3520 4 4011 4108 4105 4009 4 4009
3916 3919 4011 4 3935 3987 3993 3946 3 3946
3888 3935 3 4063 4056 4048 4 4027 4045 3993
3987 4 4045 4027 4056 4063 4 4093 4089 4062
4073 3 4093 4097 4089 3 3581 3587 3601 3
3649 3647 3674 4 3853 3848 3866 3871 4 3925
3853 3871 3936 4 3575 3581 3601 3603 4 3775
3790 3866 3848 3 3606 3560 3618 4 3608 3626
3647 3649 4 3656 3606 3618 3678 4 3603 3626
3608 3575 4 3709 3726 3790 3775 4 3726 3709
3656 3678 4 3985 3997 4073 4062 4 3936 3997
3985 3925 3 2355 2351 2356 4 2126 2135 2129
2123 4 2994 3082 3081 2990 4 2165 2170 2135
2126 4 3250 3225 3281 3304 3 2832 2857 2830
4 3163 3135 3225 3250 4 2227 2270 2287 2248
4 3150 3140 3114 3120 5 3143 3155 3150 3120
3133 4 2201 2227 2248 2215 4 2783 2773 2768
2779 4 2782 2771 2773 2783 4 2951 2950 2997
3014 3 3432 3421 3491 4 3034 2975 2951 3014
3 2354 2360 2357 5 3066 3014 2997 3053 3076
3 2789 2787 2774 3 3066 3034 3014 4 2306
2342 2349 2321 3 3122 3107 3109 3 2737 2735
2662 4 3366 3342 3421 3432 4 3115 3095 3135
3163 3 3141 3131 3179 3 2461 2462 2549 4
2764 2754 2771 2782 4 2388 2389 2462 2461 4
2289 2292 2389 2388 4 2340 2361 2372 2345 5
2811 2830 2828 2735 2737 4 3342 3366 3304 3281
3 2832 2830 2811 4 2359 2374 2385 2371 4
2321 2287 2270 2306 4 3109 3114 3140 3122 4
3158 3145 3154 3168 4 3143 3133 3145 3158 4
2185 2183 2201 2215 4 2914 2892 2950 2951 4
2915 2914 2951 2975 4 3172 3158 3168 3175 4
3164 3143 3158 3172 4 3053 3095 3115 3076 4
2355 2361 2340 2351 5 2990 2828 2830 2857 2994
4 2820 2774 2770 2804 5 2855 2820 2804 2852
2876 4 2824 2789 2774 2820 3 2855 2824 2820
4 2374 2359 2345 2372 3 2404 2371 2385 3
2404 2349 2342 4 2729 2713 2706 2722 4 2722
2754 2764 2729 3 2662 2706 2713 4 2360 2354
2350 2373 3 3164 3155 3143 3 2129 2150 2123
3 2187 2195 2150 3 2206 2203 2222 5 2760
2744 2770 2774 2787 4 2212 2195 2187 2219 4
2292 2289 2212 2219 3 2185 2181 2183 4 3141
3081 3082 3131 3 3162 3168 3154 4 2186 2189
2170 2165 4 3179 3175 3168 3162 3 2911 2914
2915 4 2768 2744 2760 2779 4 2206 2189 2186
2203 5 2852 2892 2914 2911 2876 4 3520 3416
3420 3529 4 1414 1415 1399 1398 3 1431 1441
1432 4 4014 4078 4150 4126 3 5041 5028 4996
5 5009 5028 5041 5124 5067 4 5449 5538 5494
5414 5 5028 4993 4912 4958 4996 3 5009 4993
5028 3 5890 5939 5933 4 4014 3952 4001 4078
4 5091 5041 4996 5034 4 5091 5166 5124 5041
3 5801 5777 5786 5 5621 5538 5449 5393 5466
4 5538 5605 5572 5494 5 5795 5835 5880 5924
5915 5 5679 5605 5538 5621 5766 4 5034 4996
4958 5007 5 5846 5801 5786 5811 5890 4 5933
5900 5846 5890 4 5128 5184 5132 5088 3 5275
5233 5297 4 5412 5361 5396 5453 4 5292 5272
5215 5247 4 5214 5184 5128 5155 4 5184 5234
5203 5132 4 5387 5337 5310 5325 4 5138 5194
5233 5198 4 5138 5137 5192 5194 3 5399 5413
5387 7 5393 5360 5326 5288 5238 5272 5292 4
5342 5350 5410 5399 4 5265 5234 5184 5214 4
5325 5342 5399 5387 4 4014 3968 3881 3952 4
5244 5198 5233 5275 7 5191 5221 5260 5298 5338
5292 5247 4 5412 5378 5323 5361 4 5789 5825
5891 5862 4 5684 5717 5797 5740 5 5410 5484
5448 5413 5399 4 5754 5825 5789 5715 4 5609
5636 5717 5684 4 5132 5089 5055 5088 4 5297
5332 5315 5275 5 5307 5362 5366 5332 5297 3
5311 5362 5307 4 5109 5039 5033 4991 4 5155
5128 5058 5039 4 5155 5179 5238 5214 4 5109
5179 5155 5039 4 5281 5325 5310 5267 4 5062
5138 5198 5146 4 5062 5057 5137 5138 4 4126
4150 4229 4209 4 4096 3968 4014 4126 4 4209
4166 4096 4126 4 4991 4961 5009 5067 4 5067
5124 5191 5151 4 5151 5109 4991 5067 4 4842
4912 4993 4945 4 4912 4812 4862 4958 5 4798
4812 4912 4842 4804 4 4945 4993 5009 4961 4
5751 5709 5637 5681 4 5490 5412 5453 5542 4
5919 5942 6008 5983 4 5948 5892 5919 5983 5
5851 5709 5751 5795 5915 6 5895 6009 5982 5942
5891 5825 4 5895 5953 6086 6009 4 5007 5057
5062 5034 4 4932 5007 4958 4862 3 4932 5057
5007 5 4239 4209 4229 4292 4294 4 4239 4202
4166 4209 3 3962 3968 4096 3 4784 4664 4771
5 4784 4798 4751 4661 4664 4 5203 5176 5089
5132 4 5232 5203 5234 5280 4 5232 5223 5176
5203 3 4303 4294 4292 5 4812 4784 4771 4778
4862 3 4812 4798 4784 4 5267 5232 5280 5281
3 5267 5223 5232 4 3881 3968 3962 3885 3
4778 4932 4862 4 5867 5892 5948 5908 4 5827
5797 5717 5749 4 5827 5892 5867 5797 4 5484
5410 5444 5534 4 5563 5540 5448 5484 4 5598
5563 5484 5534 4 5563 5636 5609 5540 4 5636
5674 5749 5717 4 5598 5674 5636 5563 3 4804
4751 4798 4 5414 5494 5444 5386 4 5360 5393
5449 5414 4 5386 5326 5360 5414 4 5146 5091
5034 5062 4 5166 5091 5146 5209 4 5166 5221
5191 5124 4 5209 5260 5221 5166 4 5338 5466
5393 5292 5 5569 5637 5709 5621 5466 6 5338
5378 5412 5490 5569 5466 4 5534 5444 5494 5572
4 5572 5605 5679 5641 4 5641 5598 5534 5572
4 5851 5766 5621 5709 5 5895 5825 5754 5679
5766 4 5851 5953 5895 5766 5 5427 5472 5517
5546 5518 3 5427 5366 5472 4 5332 5396 5361
5315 4 5396 5427 5518 5453 4 5366 5427 5396
5332 3 5555 5546 5517 4 5151 5191 5247 5215
4 5179 5215 5272 5238 4 5109 5151 5215 5179
4 5350 5386 5444 5410 4 5304 5350 5342 5284
4 5304 5326 5386 5350 4 5288 5265 5214 5238
5 5265 5304 5284 5280 5234 4 5326 5304 5265
5288 4 5284 5342 5325 5281 3 5281 5280 5284
4 5244 5209 5146 5198 4 5285 5244 5275 5315
4 5285 5260 5209 5244 4 5323 5285 5315 5361
4 5323 5378 5338 5298 4 5260 5285 5323 5298
4 5862 5891 5942 5919 4 5827 5749 5789 5862
4 5892 5827 5862 5919 4 5641 5679 5754 5715
4 5715 5789 5749 5674 4 5598 5641 5715 5674
4 5933 5939 6023 5988 5 5777 5699 5737 5739
5786 5 5777 5801 5835 5795 5727 4 5655 5699
5777 5727 3 5739 5811 5786 3 5846 5835 5801
4 5947 5900 5933 5988 4 5900 5880 5835 5846
4 5947 5924 5880 5900 4 5618 5546 5555 5624
3 5624 5733 5656 3 5656 5618 5624 4 5618
5590 5518 5546 4 5699 5656 5733 5737 5 5655
5590 5618 5656 5699 4 5590 5542 5453 5518 4
5542 5607 5569 5490 4 5655 5607 5542 5590 4
5727 5795 5751 5681 4 5681 5637 5569 5607 4
5727 5681 5607 5655 4 5310 5303 5266 5267 3
5176 5173 5089 4 5337 5336 5303 5310 4 5223
5225 5173 5176 4 5266 5225 5223 5267 3 5362
5367 5366 4 5368 5367 5362 5311 4 5939 5890
5894 5944 4 6031 6023 5939 5944 4 5811 5818
5894 5890 3 5477 5517 5472 5 5555 5517 5477
5480 5564 4 5624 5555 5564 5632 5 5738 5733
5624 5632 5745 4 5367 5477 5472 5366 3 5738
5737 5733 4 5480 5477 5367 5368 3 5738 5739
5737 5 5818 5811 5739 5738 5745 3 5194 5193
5233 4 5192 5185 5193 5194 4 4078 4084 4154
4150 3 4001 4084 4078 3 4154 4229 4150 4
5137 5130 5185 5192 4 5057 5050 5130 5137 4
4932 4924 5050 5057 4 4778 4775 4924 4932 3
4767 4771 4664 4 4767 4775 4778 4771 4 5387
5413 5404 5382 3 5609 5684 5608 4 5448 5540
5536 5439 4 5336 5337 5387 5382 4 5439 5404
5413 5448 4 5608 5536 5540 5609 4 4044 4211
4208 4033 4 3835 3844 4044 4033 4 1286 1153
1166 1293 4 1391 1286 1293 1397 4 2569 2674
2671 2567 4 2433 2438 2569 2567 4 4092 4160
4157 4079 5 4761 4662 4679 4738 4780 4 4761
4780 4844 4839 3 3291 3292 3335 4 3174 3184
3292 3291 3 4679 4683 4738 4 3983 3994 4092
4079 5 3291 3335 3400 3384 3276 4 2604 2657
2650 2600 4 3165 3174 3291 3276 4 1357 1345
1295 1306 4 814 831 898 878 4 814 752
773 831 4 1389 1345 1357 1426 4 1961 1852
1885 1993 4 2548 2551 2604 2600 4 1961 1993
2074 2048 4 4697 4510 4515 4701 6 4079 4157
4237 4231 4226 4061 7 4749 4732 4544 4553 4562
4662 4761 4 3222 3445 3440 3216 6 3872 3882
3892 3983 4079 4061 4 3276 3384 3372 3260 4
714 730 866 856 4 1345 1329 1273 1295 7
791 814 878 945 924 912 776 4 1380 1329
1345 1389 4 1860 1679 1688 1870 4 1942 1832
1852 1961 4 4910 4697 4701 4908 4 4839 4830
4749 4761 4 3017 3026 3222 3216 4 2600 2650
2648 2595 4 3165 3276 3260 3151 3 600 695
592 5 730 714 695 600 601 4 752 814
791 721 4 2062 1860 1870 2066 4 2548 2600
2595 2540 4 2048 2027 1942 1961 4 4395 4405
4475 4469 3 2946 2986 2980 4 3696 3609 3624
3710 4 2879 2781 2795 2894 5 2879 2894 2946
2980 2965 4 1090 1110 1187 1169 4 1621 1613
1536 1556 5 1685 1676 1613 1621 1703 5 2307
2336 2378 2413 2412 4 2307 2224 2250 2336 3
1682 1676 1685 3 2413 2378 2428 5 4574 4650
4679 4662 4562 3 4738 4787 4780 4 4650 4574
4565 4566 3 4683 4679 4650 5 4653 4809 4787
4738 4683 4 4566 4653 4683 4650 4 1314 1370
1357 1306 4 1306 1295 1230 1252 4 1252 1261
1314 1306 4 1090 1018 1039 1110 4 1426 1357
1370 1450 4 1486 1468 1389 1426 4 1495 1486
1426 1450 3 2497 2488 2491 4 1814 1885 1852
1775 4 2551 2552 2612 2604 4 2481 2551 2548
2480 5 2481 2488 2497 2552 2551 4 2132 2048
2074 2164 4 4395 4469 4464 4390 4 4528 4544
4732 4705 5 4381 4459 4544 4528 4359 4 1071
1090 1169 1144 5 1208 1264 1315 1300 1181 5
1027 1057 1125 1208 1181 4 1613 1596 1521 1536
6 1440 1421 1360 1300 1315 1367 4 1421 1440
1507 1569 4 1676 1618 1596 1613 3 1421 1418
1360 5 1560 1418 1421 1569 1581 4 1682 1661
1618 1676 5 1707 1735 1818 1929 1890 5 1647
1735 1707 1560 1581 5 2297 2307 2412 2405 2319
4 2211 2224 2307 2297 3 2405 2398 2319 5
2449 2460 2528 2587 2574 5 2286 2386 2460 2449
2262 5 2081 1890 1929 2019 2102 5 2286 2262
2081 2102 2198 4 1486 1556 1536 1468 4 1556
1570 1631 1621 4 1495 1570 1556 1486 3 1703
1722 1685 4 1700 1703 1621 1631 4 1722 1703
1700 1728 3 2413 2442 2412 4 2200 2250 2224
2172 5 1722 1814 1775 1682 1685 4 1762 1814
1722 1728 5 2428 2481 2480 2442 2413 3 2440
2428 2378 4 2440 2488 2481 2428 4 2132 2164
2200 2172 4 4302 4308 4405 4395 5 3409 3402
3335 3292 3298 4 3516 3402 3409 3518 4 3184
3174 3080 3083 4 3194 3298 3292 3184 4 3083
3092 3194 3184 4 3696 3710 3801 3788 4 3400
3513 3499 3384 3 3402 3400 3335 4 3516 3513
3400 3402 4 2663 2657 2604 2612 4 2657 2717
2709 2650 4 2717 2657 2663 2723 4 3080 3174
3165 3071 4 898 831 842 913 4 963 945
878 898 4 974 963 898 913 4 773 752
682 700 4 783 842 831 773 4 716 783
773 700 4 4390 4299 4302 4395 4 4219 4050
4061 4226 5 4381 4359 4219 4226 4291 4 3696
3788 3778 3695 4 3857 3872 4061 4050 5 3684
3763 3872 3857 3670 4 3609 3696 3695 3597 5
3460 3231 3249 3356 3478 5 3684 3670 3460 3478
3576 4 1018 1090 1071 998 4 884 751 776
912 5 975 1057 1027 884 912 6 4705 4732
4826 4926 4922 4921 4 5003 5006 5094 5092 4
2870 2767 2781 2879 5 2693 2680 2574 2587 2639
5 2834 2680 2693 2755 2858 4 2965 2954 2870
2879 5 3040 3050 3139 3249 3231 5 2943 3050
3040 2834 2858 5 699 776 751 621 641 4
4574 4562 4469 4475 4 4475 4405 4407 4478 5
4478 4540 4565 4574 4475 3 2903 2897 2874 4
2986 3083 3080 2980 5 2996 2986 2946 2897 2903
4 2996 3092 3083 2986 4 4479 4478 4407 4408
3 4479 4540 4478 4 3624 3609 3499 3513 4
3628 3712 3710 3624 4 3516 3628 3624 3513 4
2717 2795 2781 2709 5 2795 2801 2874 2897 2894
4 2801 2795 2717 2723 4 2965 2980 3080 3071
3 2946 2894 2897 4 1252 1230 1169 1187 4
1202 1187 1110 1121 4 1202 1261 1252 1187 4
3628 3630 3715 3712 4 3518 3630 3628 3516 4
1050 1121 1110 1039 4 1039 1018 945 963 4
974 1050 1039 963 4 4164 4160 4092 4099 4
4160 4240 4237 4157 4 4164 4242 4240 4160 4
4002 4004 4100 4099 4 4002 3909 3910 4004 4
4168 4164 4099 4100 4 4243 4242 4164 4168 4
3994 4002 4099 4092 4 3902 3994 3983 3892 4
3902 3909 4002 3994 4 4312 4407 4405 4308 4
4308 4302 4237 4240 4 4242 4312 4308 4240 4
3806 3805 3712 3715 4 3909 3805 3806 3910 4
4312 4314 4408 4407 4 4243 4314 4312 4242 4
3805 3801 3710 3712 4 3801 3902 3892 3788 4
3909 3902 3801 3805 5 4850 4844 4780 4787 4837
4 4942 4939 4839 4844 5 4850 4878 4952 4942
4844 4 3492 3372 3384 3499 4 3372 3356 3249
3260 4 3478 3356 3372 3492 4 1217 1230 1295
1273 4 1273 1329 1315 1264 4 1208 1217 1273
1264 4 1380 1389 1468 1455 4 1367 1315 1329
1380 4 1455 1440 1367 1380 4 1832 1751 1775
1852 4 1818 1832 1942 1929 4 1751 1832 1818
1735 4 5097 5100 4910 4908 4 4921 4908 4701
4705 5 5003 5092 5097 4908 4921 4 4830 4839
4939 4931 4 4830 4826 4732 4749 4 4926 4826
4830 4931 4 2699 2648 2650 2709 4 2648 2639
2587 2595 4 2693 2639 2648 2699 4 3151 3058
3071 3165 4 3139 3151 3260 3249 4 3058 3151
3139 3050 4 661 682 752 721 4 721 791
776 699 4 641 661 721 699 4 2540 2467
2480 2548 4 2528 2540 2595 2587 4 2467 2540
2528 2460 4 2117 2027 2048 2132 4 2027 2019
1929 1942 4 2102 2019 2027 2117 4 4464 4469
4562 4553 4 4459 4381 4390 4464 4 4553 4544
4459 4464 4 1217 1144 1169 1230 4 1144 1125
1057 1071 4 1125 1144 1217 1208 4 1521 1455
1468 1536 5 1507 1521 1596 1584 1569 4 1440
1455 1521 1507 3 1618 1584 1596 3 1581 1569
1584 4 1751 1661 1682 1775 5 1661 1647 1581
1584 1618 4 1735 1647 1661 1751 3 2442 2405
2412 3 2296 2297 2319 4 2211 2208 2172 2224
4 2210 2211 2297 2296 3 2208 2211 2210 5
2467 2398 2405 2442 2480 5 2398 2386 2286 2296
2319 4 2460 2386 2398 2467 4 2208 2117 2132
2172 4 2198 2210 2296 2286 5 2198 2102 2117
2208 2210 4 4299 4390 4381 4291 4 4231 4237
4302 4299 4 4226 4231 4299 4291 4 3882 3778
3788 3892 4 3778 3763 3684 3695 4 3882 3872
3763 3778 4 3597 3492 3499 3609 4 3576 3597
3695 3684 4 3576 3478 3492 3597 4 924 945
1018 998 4 998 1071 1057 975 4 924 998
975 912 4 5018 5116 5102 5012 4 4926 4931
5018 5012 4 2767 2699 2709 2781 4 2755 2767
2870 2858 4 2755 2693 2699 2767 4 3058 2954
2965 3071 4 2954 2943 2858 2870 4 3050 2943
2954 3058 4 4211 4353 4350 4208 4 4219 4211
4044 4050 4 4353 4211 4219 4359 4 3654 3844
3835 3652 4 3844 3857 4050 4044 4 3670 3857
3844 3654 5 1114 1166 1153 1002 1004 4 1168
1296 1293 1166 3 1114 1168 1166 3 1011 1114
1004 4 1168 1181 1300 1296 5 1011 1027 1181
1168 1114 3 1360 1296 1300 4 1397 1552 1543
1391 5 1418 1397 1293 1296 1360 4 1552 1397
1418 1560 4 2674 2821 2816 2671 4 2680 2674
2569 2574 4 2821 2674 2680 2834 4 2253 2438
2433 2245 4 2438 2449 2574 2569 4 2262 2449
2438 2253 4 4515 4510 4350 4353 4 4528 4705
4701 4515 4 4359 4528 4515 4353 4 3445 3654
3652 3440 4 3460 3445 3222 3231 4 3460 3670
3654 3445 3 1004 1002 896 5 1011 1004 896
856 866 4 866 730 751 884 4 1027 1011
866 884 4 1552 1688 1679 1543 4 1688 1707
1890 1870 4 1560 1707 1688 1552 4 2821 3026
3017 2816 4 3026 3040 3231 3222 4 2834 3040
3026 2821 4 621 751 730 601 4 2066 2253
2245 2062 4 2081 2066 1870 1890 4 2081 2262
2253 2066 4 5012 5102 5094 5006 4 5006 5003
4921 4922 4 4922 4926 5012 5006 4 4033 4208
4207 4032 4 3835 4033 4032 3833 4 1286 1285
1152 1153 4 1391 1390 1285 1286 4 2567 2671
2670 2566 4 2433 2567 2566 2432 4 4697 4696
4509 4510 4 3216 3440 3438 3214 4 714 856
854 712 4 1860 1858 1678 1679 4 4910 4909
4696 4697 4 3017 3216 3214 3016 4 695 694
591 592 4 712 694 695 714 4 2062 2060
1858 1860 4 4909 4910 5100 5099 4 4350 4349
4207 4208 4 3652 3835 3833 3651 4 1002 1153
1152 1001 4 1543 1542 1390 1391 4 2816 2815
2670 2671 4 2245 2433 2432 2244 4 4349 4350
4510 4509 4 3438 3440 3652 3651 4 896 1002
1001 895 4 895 854 856 896 4 1542 1543
1679 1678 4 2815 2816 3017 3016 4 2060 2062
2245 2244 4 4590 4566 4565 4571 3 1314 1320
1370 4 1261 1266 1320 1314 4 2552 2555 2614
2612 4 2497 2498 2555 2552 4 913 918 984
974 4 4480 4479 4408 4409 4 3637 3632 3519
3524 4 1202 1209 1266 1261 4 4101 4005 4010
4106 4 4316 4244 4251 4319 4 4316 4314 4243
4244 5 2909 2908 2874 2801 2809 4 3302 3298
3194 3195 4 3092 2996 3007 3096 4 3411 3302
3305 3417 4 2663 2612 2614 2665 3 4590 4653
4566 4 3411 3409 3298 3302 4 3519 3518 3409
3411 4 842 847 918 913 4 783 790 847
842 4 729 790 783 716 5 4540 4480 4483
4571 4565 3 4540 4479 4480 4 3716 3632 3637
3719 3 2941 2908 2909 4 3630 3632 3716 3715
3 1129 1127 1128 4 4244 4169 4175 4251 4
3910 3911 4005 4004 4 4100 4101 4169 4168 4
3806 3807 3911 3910 4 4316 4409 4408 4314 4
3807 3716 3719 3813 3 2908 2903 2874 5 3130
3195 3194 3092 3096 5 2941 3007 2996 2903 2908
4 2723 2725 2809 2801 3 3199 3195 3130 3
2491 2498 2497 4 3518 3519 3632 3630 5 1127
1121 1050 1064 1126 4 4004 4005 4101 4100 4
4168 4169 4244 4243 4 2725 2723 2663 2665 4
3305 3302 3195 3199 4 4409 4413 4483 4480 5
1129 1209 1202 1121 1127 3 1128 1127 1126 4
984 1064 1050 974 4 4175 4169 4101 4106 4
3911 3917 4010 4005 4 4413 4409 4316 4319 4
3715 3716 3807 3806 4 3917 3911 3807 3813 4
3524 3519 3411 3417 5 7417 7376 7308 7373 7472
4 7417 7400 7354 7376 4 7535 7417 7472 7569
6 7535 7488 7430 7384 7400 7417 5 8135 8192
8215 8323 8270 5 7952 8004 8113 8192 8135 4
7171 7125 7053 7085 5 7208 7249 7219 7125 7171
3 7208 7252 7249 4 6003 5983 6008 6060 4
7178 7171 7085 7092 3 7178 7208 7171 4 6075
6047 6003 6060 3 6075 6060 6096 4 6137 6110
6047 6075 4 7211 7178 7092 7115 5 7211 7284
7252 7208 7178 5 6137 6075 6096 6125 6168 5
8135 8064 7910 7911 7952 3 7868 8004 7952 4
6940 6868 6887 6956 4 6974 7055 7029 6949 6
7397 7416 7473 7432 7385 7357 4 7280 7215 7306
7310 4 7393 7365 7280 7310 3 7397 7401 7416
4 7543 7507 7462 7489 4 7269 7239 7283 7298
6 7308 7279 7235 7143 7056 7141 4 7097 7055
6974 7022 5 7580 7491 7488 7535 7614 4 7310
7269 7298 7371 4 8270 8323 8464 8407 5 8223
8067 8064 8135 8270 4 8223 8270 8407 8367 4
7393 7310 7371 7405 3 7576 7491 7580 7 7576
7543 7489 7437 7465 7483 7491 4 7365 7335 7255
7280 4 7403 7365 7393 7437 4 7335 7365 7403
7386 4 6845 6868 6940 6925 4 6785 6868 6845
6762 4 7432 7408 7368 7385 4 7432 7490 7470
7408 3 7536 7547 7538 4 5949 5948 5983 6003
4 7037 7092 7085 7008 4 6810 6887 6868 6785
4 6013 5949 6003 6047 4 6013 6047 6110 6064
4 6176 6110 6137 6212 4 7115 7175 7255 7211
4 7040 7115 7092 7037 4 7175 7115 7040 7080
4 6210 6200 6310 6279 5 6391 6374 6349 6291
6329 4 6445 6374 6391 6455 5 7673 7654 7620
7560 7651 3 7673 7698 7654 4 7130 7148 7239
7156 5 6956 7007 7037 7008 6940 4 6978 6956
6887 6904 3 7007 6956 6978 5 7130 7049 7029
7055 7148 4 7175 7215 7280 7255 3 7111 7130
7156 4 7103 7215 7175 7080 3 7007 7040 7037
4 6998 6978 6904 6924 5 7080 7040 7007 6978
6998 3 7111 7049 7130 3 6998 6924 7026 4
7103 7080 6998 7026 4 7200 7283 7239 7148 5
7283 7324 7384 7382 7298 4 7235 7324 7283 7200
3 7382 7371 7298 3 6291 6176 6212 4 7008
6982 6925 6940 4 6904 6887 6810 6841 4 6841
6844 6924 6904 4 6252 6329 6291 6212 4 6329
6359 6421 6391 4 6279 6359 6329 6252 3 6455
6462 6445 4 6480 6455 6391 6421 4 6480 6501
6462 6455 4 7324 7354 7400 7384 4 7279 7308
7376 7354 4 7279 7354 7324 7235 3 8223 8196
8067 4 8196 8223 8367 8329 4 6982 7008 7085
7053 5 7273 7223 7249 7252 7327 3 7273 7285
7223 5 7590 7580 7614 7715 7664 4 7621 7594
7590 7664 6 7542 7577 7551 7490 7432 7473 4
7542 7594 7621 7577 4 7335 7284 7211 7255 4
7284 7359 7327 7252 4 7359 7284 7335 7386 3
7590 7576 7580 4 7594 7543 7576 7590 3 7486
7542 7473 5 7507 7543 7594 7542 7486 4 6168
6252 6212 6137 4 6210 6168 6125 6200 4 6210
6279 6252 6168 3 7683 7673 7651 3 7683 7698
7673 4 7462 7403 7437 7489 4 7462 7507 7486
7429 4 7386 7403 7462 7429 4 7200 7148 7055
7097 4 7143 7097 7022 7056 4 7235 7200 7097
7143 4 7430 7421 7382 7384 4 7488 7483 7421
7430 3 7491 7483 7488 4 7405 7465 7437 7393
4 7421 7405 7371 7382 4 7483 7465 7405 7421
4 7525 7470 7490 7551 4 7470 7454 7389 7408
4 7500 7454 7470 7525 3 7443 7389 7454 4
7475 7443 7454 7500 4 6359 6388 6451 6421 4
6388 6359 6279 6310 4 6498 6480 6421 6451 3
6498 6501 6480 3 7223 7219 7249 3 7909 7911
7910 4 7868 7952 7911 7909 5 7359 7401 7397
7357 7327 5 7401 7429 7486 7473 7416 4 7359
7386 7429 7401 4 7368 7367 7357 7385 4 7352
7368 7408 7389 4 7285 7367 7368 7352 4 7367
7273 7327 7357 3 7285 7273 7367 3 7536 7477
7547 5 7125 7122 7051 7046 7053 5 7117 7122
7125 7219 7202 3 7122 7113 7051 3 7117 7113
7122 4 6845 6925 6908 6822 4 6822 6756 6762
6845 4 6982 6965 6908 6925 4 6965 6982 7053
7046 4 7223 7206 7202 7219 5 7606 7552 7560
7620 7615 5 7379 7389 7443 7423 7402 4 7536
7538 7513 7511 5 7460 7474 7477 7536 7511 4
7285 7274 7206 7223 5 7379 7364 7340 7352 7389
5 7474 7426 7423 7443 7475 3 7379 7377 7364
3 7377 7379 7402 4 7274 7285 7352 7340 3
7460 7426 7474 4 7029 7049 7062 7027 3 6369
6349 6370 4 7239 7238 7145 7156 3 6949 7029
7027 3 6176 6175 6110 3 7270 7269 7310 5
6291 6349 6369 6367 6290 4 6290 6175 6176 6291
4 6384 6369 6370 6432 4 7270 7238 7239 7269
4 7111 7108 7062 7049 4 7145 7108 7111 7156
3 6367 6369 6384 5 4660 4609 4511 4549 4554
4 4660 4743 4691 4609 4 4704 4772 4743 4660
3 4549 4552 4554 5 4196 4333 4298 4232 4153
3 5525 5556 5553 4 4234 4196 4024 4080 5
5492 5565 5556 5525 5507 4 4234 4385 4333 4196
4 5565 5492 5487 5578 3 4550 4584 4589 4
5286 5271 5210 5229 5 5087 5001 4987 5023 5118
4 4435 4377 4230 4283 4 3793 3700 3737 3831
5 4529 4377 4435 4584 4550 3 5080 5001 5087
4 6585 6604 6663 6643 4 5286 5229 5263 5300
5 4853 4818 4746 4763 4855 3 4852 4818 4853
4 4763 4790 4868 4855 5 5001 5042 5040 4962
4987 4 5328 5312 5271 5286 3 5118 5142 5087
5 6131 6185 6194 6191 6193 3 6131 6193 6118
4 4377 4309 4172 4230 4 3675 3700 3793 3754
4 3700 3614 3653 3737 4 3675 3566 3614 3700
4 4309 4377 4529 4467 3 5080 5042 5001 3
5728 5670 5746 5 6194 6197 6198 6199 6191 4
5628 5670 5728 5696 5 6521 6526 6548 6604 6585
4 6623 6681 6663 6604 4 5328 5286 5300 5352
3 6526 6521 6515 4 6623 6628 6686 6681 4
4532 4490 4423 4454 4 4221 4247 4301 4280 5
4903 4923 4872 4806 4815 4 5052 5014 4946 5004
3 4903 4815 4832 4 5804 5824 5716 5725 5
6624 6623 6604 6548 6570 3 6624 6628 6623 5
3913 3940 4020 3988 3929 4 4221 4149 4188 4247
4 5111 5048 5014 5052 3 3913 3929 3904 4
5096 5048 5111 5136 3 4776 4781 4779 5 4789
4781 4776 4712 4711 4 4421 4436 4506 4496 5
6020 6053 6097 6080 6014 4 5998 5978 5909 5925
4 3818 3858 3940 3913 5 5804 5887 5861 5840
5824 3 6020 6049 6053 4 5804 5822 5906 5887
4 5864 5920 5911 5854 4 5864 5884 5932 5920
3 5475 5566 5545 4 3808 3818 3913 3904 4
3845 3745 3808 3904 5 5582 5566 5475 5451 5500
3 5335 5435 5406 4 5647 5574 5592 5677 4
5896 5917 5986 5951 4 4907 4938 4847 4721 4
4511 4609 4569 4476 4 4446 4466 4549 4511 4
4414 4446 4511 4476 4 4576 4490 4532 4608 4
5014 4975 4885 4946 6 4721 4658 4698 4747 4838
4907 4 4772 4704 4753 4822 4 4894 4836 4743
4772 4 4822 4959 4894 4772 4 4474 4552 4549
4466 3 5975 6020 6014 4 5577 5551 5511 5526
4 5975 5941 6049 6020 4 5725 5735 5822 5804
4 5577 5639 5617 5551 4 5788 5864 5854 5776
3 5604 5566 5582 4 5912 5883 5896 5951 4
5647 5677 5753 5726 6 4148 4081 3895 3934 3980
4074 4 3929 3988 3938 3876 4 4221 4186 4117
4149 4 3876 3845 3904 3929 3 4781 4793 4779
5 4789 4896 4857 4793 4781 4 5925 5893 5927
5940 4 5993 5968 5975 6014 4 5998 5925 5940
6016 4 6080 6059 5993 6014 4 6118 6051 6065
6131 3 6051 6118 6040 3 5568 5577 5526 4
5893 5876 5888 5927 4 5968 5922 5941 5975 3
6090 6095 6084 3 6098 6095 6090 3 3865 3834
3859 3 5986 6061 5951 5 6294 6249 6305 6361
6342 4 4446 4369 4380 4466 4 4369 4337 4273
4317 4 4414 4337 4369 4446 4 4872 4822 4753
4806 4 4948 4872 4923 4925 5 4985 4959 4822
4872 4948 4 4894 5004 4946 4836 5 5015 5071
5076 5052 5004 4 4959 5044 5004 4894 4 4985
5073 5044 4959 4 4474 4466 4380 4392 4 4998
4948 4925 4990 3 4998 4985 4948 3 5019 5071
5015 4 4998 4990 5056 5103 4 5073 4985 4998
5103 3 5579 5533 5602 3 5708 5713 5762 4
5602 5620 5713 5708 3 5708 5579 5602 4 5623
5635 5725 5716 4 5716 5824 5762 5713 4 5620
5623 5716 5713 4 4188 4216 4273 4247 4 4188
4149 4077 4120 4 4120 4144 4216 4188 4 5279
5299 5335 5320 4 5222 5270 5299 5279 3 3702
3713 3733 3 6179 6206 6208 3 6179 6208 6204
3 5906 5928 5887 4 5906 5822 5848 5910 4
5910 5980 5928 5906 5 3613 3669 3713 3702 3661
3 3598 3613 3661 4 5406 5380 5320 5335 4
5486 5406 5435 5514 4 5445 5380 5406 5486 4
4647 4569 4609 4691 4 4691 4743 4836 4795 4
4747 4647 4691 4795 3 4474 4527 4552 4 4131
4138 4220 4204 4 4462 4461 4388 4300 5 4417
4346 4363 4449 4437 4 5604 5651 5545 5566 3
5883 5912 5874 4 4986 5048 5096 5054 4 5122
5154 5216 5190 6 4847 4938 5021 5108 5064 5038
6 4770 4970 4935 4897 4808 4695 5 5172 5148
5077 5122 5190 5 4847 5038 4995 4970 4770 5
4339 4423 4490 4435 4283 4 4148 4283 4230 4081
6 4280 4339 4283 4148 4186 4221 4 4986 4975
5014 5048 3 5172 5163 5148 4 4125 4131 4204
4203 3 4417 4341 4346 5 4462 4633 4627 4551
4461 4 4520 4437 4449 4530 4 4112 4125 4203
4192 5 4417 4436 4421 4331 4341 6 4494 4580
4673 4646 4633 4462 4 4799 4789 4711 4710 4
4436 4437 4520 4506 4 4799 4877 4896 4789 5
4641 4581 4534 4695 4672 3 4614 4581 4641 4
4934 4905 4827 4849 4 4808 4766 4672 4695 4
4969 4934 4849 4887 3 4694 4665 4699 3 5475
5442 5451 4 5190 5216 5258 5206 3 5172 5190
5206 4 6189 6209 6194 6185 5 6095 6185 6131
6065 6084 5 6189 6185 6095 6098 6101 4 5893
5925 5909 5869 6 4081 4012 3819 3834 3865 3895
5 3666 3773 3781 3737 3653 4 3653 3614 3543
3593 4 3666 3653 3593 3594 4 3566 3675 3640
3534 4 3495 3543 3614 3566 4 3435 3495 3566
3534 4 4494 4518 4601 4580 4 4582 4671 4643
4564 6 4614 4665 4694 4752 4671 4582 4 5442
5475 5545 5433 4 5245 5206 5258 5273 5 5163
5172 5206 5245 5227 4 5568 5652 5639 5577 4
5869 5853 5876 5893 4 5884 5864 5788 5806 3
6342 6336 6294 4 6402 6400 6336 6342 3 3666
3692 3773 4 3692 3666 3594 3598 6 6128 6109
6120 6158 6161 6146 4 6423 6402 6342 6361 4
4456 4527 4474 4392 3 5018 5043 5116 4 4120
4077 3988 4020 4 4020 4094 4144 4120 4 5105
5111 5052 5076 4 5136 5202 5170 5096 4 5161
5136 5111 5105 4 5202 5136 5161 5222 3 4783
4776 4779 5 4712 4776 4783 4809 4653 4 4591
4602 4711 4712 4 4568 4591 4712 4653 4 4496
4487 4416 4421 4 4496 4506 4602 4591 4 4568
4487 4496 4591 4 6215 6238 6224 6152 3 6229
6238 6215 3 6097 6053 6127 4 6097 6215 6152
6080 4 6229 6215 6097 6127 3 5952 5946 5902
4 5946 5952 6040 6018 4 3783 3733 3858 3818
3 3773 3787 3781 3 3783 3702 3733 4 5932
6002 5974 5920 5 5932 5884 5897 5902 5946 4
6018 6002 5932 5946 3 3808 3783 3818 5 3692
3745 3845 3787 3773 5 3745 3661 3702 3783 3808
4 3598 3661 3745 3692 4 5574 5647 5610 5539
4 5574 5486 5514 5592 4 5445 5486 5574 5539
4 5950 5996 5986 5917 4 5868 5917 5896 5836
4 5753 5808 5868 5836 3 5551 5489 5511 5
5683 5661 5604 5582 5610 3 5683 5714 5661 5
5842 5794 5836 5896 5883 3 5783 5794 5842 4
5683 5610 5647 5726 4 5726 5753 5836 5794 5
5783 5714 5683 5726 5794 3 4851 4850 4837 3
4793 4783 4779 3 4851 4878 4850 6 4851 4837
4809 4783 4793 4857 3 4857 4896 4936 5 4964
4878 4851 4857 4936 3 6189 6204 6209 5 6179
6122 6152 6224 6206 5 6122 6179 6204 6189 6101
4 6012 5996 5950 5959 4 6061 5986 5996 6063
6 6136 6068 6061 6063 6128 6146 5 6235 6249
6294 6333 6297 5 6146 6161 6184 6249 6235 4
6124 6136 6146 6235 5 4333 4494 4462 4300 4298
3 4437 4436 4417 4 4133 4274 4234 4080 4
3957 4133 4080 3898 4 6663 6718 6702 6643 3
5134 5142 5118 4 5134 5135 5189 5142 3 6128
6072 6109 3 6177 6161 6158 4 6526 6477 6483
6548 5 6712 6745 6718 6663 6681 4 6712 6739
6766 6745 4 6465 6477 6526 6515 3 6686 6712
6681 4 6723 6739 6712 6686 3 6570 6548 6483
4 5010 5043 4939 4942 4 4952 5002 5010 4942
3 4952 4964 5002 3 5661 5651 5604 4 5714
5765 5651 5661 3 5842 5883 5874 4 5765 5783
5842 5874 3 5783 5765 5714 4 6718 6785 6762
6702 4 4272 4203 4204 4275 4 4272 4275 4346
4341 4 4182 4108 4112 4192 4 4192 4203 4272
4265 4 4265 4253 4182 4192 4 4322 4331 4421
4416 4 4331 4265 4272 4341 4 4322 4253 4265
4331 4 6072 6063 5996 6012 3 6136 6111 6068
3 6128 6063 6072 3 6336 6333 6294 3 6177
6184 6161 3 6124 6111 6136 5 6400 6372 6355
6333 6336 6 6410 6400 6402 6475 6483 6477 4
6410 6447 6372 6400 4 6745 6810 6785 6718 5
6824 6841 6810 6745 6766 3 6297 6333 6355 3
6465 6410 6477 3 6423 6475 6402 3 6465 6447
6410 3 6824 6844 6841 4 5533 5509 5525 5553
3 5581 5553 5556 5 5581 5620 5602 5533 5553
3 5509 5507 5525 5 5623 5581 5556 5565 5635
3 5623 5620 5581 4 4429 4385 4234 4274 5
4543 4518 4494 4333 4385 5 4429 4582 4564 4543
4385 4 5648 5635 5565 5578 4 5578 5487 5489
5593 4 5665 5648 5578 5593 3 4596 4589 4584
5 4770 4695 4534 4550 4589 5 4596 4721 4847
4770 4589 4 4935 5023 4987 4897 5 5023 5046
5126 5134 5118 4 5046 5023 4935 4970 4 3831
3737 3781 3889 4 3934 3895 3793 3831 4 3889
3980 3934 3831 6 4596 4584 4435 4490 4576 4658
3 4534 4529 4550 3 4658 4721 4596 3 5126
5135 5134 4 5202 5263 5229 5170 4 5263 5279
5320 5300 4 5222 5279 5263 5202 4 4722 4646
4673 4742 5 4724 4735 4818 4852 4816 3 4724
4655 4735 3 4722 4633 4646 3 4867 4816 4852
3 4787 4809 4837 3 4952 4878 4964 4 4758
4790 4763 4742 4 4790 4813 4880 4868 4 4758
4764 4813 4790 4 4962 4860 4897 4987 4 4927
4962 5040 4994 4 4828 4860 4962 4927 4 4133
4172 4309 4274 4 4012 4081 4230 4172 4 3957
4012 4172 4133 5 3754 3741 3679 3640 3675 5
3754 3793 3895 3865 3796 6 3772 3741 3754 3796
3834 3819 4 4467 4429 4274 4309 4 4581 4467
4529 4534 5 4581 4614 4582 4429 4467 4 4688
4758 4742 4673 4 4717 4764 4758 4688 4 5667
5594 5628 5696 4 5696 5728 5796 5781 4 5748
5667 5696 5781 3 3741 3721 3679 3 3859 3796
3865 3 3772 3721 3741 3 3859 3834 3796 4
5352 5418 5392 5328 4 5380 5352 5300 5320 4
5418 5352 5380 5445 4 4476 4569 4532 4454 4
4384 4454 4423 4339 4 4384 4414 4476 4454 4
4301 4384 4339 4280 4 4337 4301 4247 4273 4
4414 4384 4301 4337 4 6051 5978 5998 6065 5
5952 5902 5898 5909 5978 4 6051 6040 5952 5978
3 6044 6090 6084 3 5965 5966 5963 3 6044
6098 6090 3 5967 5966 5965 4 5910 5848 5854
5911 4 5911 5920 5974 5962 4 5962 5980 5910
5911 3 5897 5898 5902 4 5418 5500 5451 5392
4 5500 5539 5610 5582 4 5445 5539 5500 5418
3 4968 4938 4907 4 4608 4532 4569 4647 4
4698 4658 4576 4608 4 4698 4608 4647 4747 4
4795 4836 4946 4885 5 4885 4975 4968 4907 4838
4 4747 4795 4885 4838 4 5735 5725 5635 5648
4 5760 5848 5822 5735 4 5665 5760 5735 5648
4 5593 5489 5551 5617 4 5617 5639 5711 5690
4 5690 5665 5593 5617 4 5760 5776 5854 5848
4 5776 5690 5711 5788 4 5665 5690 5776 5760
5 3938 3889 3781 3787 3876 4 4023 3938 3988
4077 4 4023 3980 3889 3938 4 4117 4023 4077
4149 4 4117 4186 4148 4074 4 3980 4023 4117
4074 3 3845 3876 3787 3 5993 5967 5968 5
6016 6044 6084 6065 5998 5 6039 6016 5940 5963
5966 5 6101 6098 6044 6016 6039 4 6122 6059
6080 6152 5 6059 6039 5966 5967 5993 4 6122
6101 6039 6059 4 4220 4138 4139 4227 4 4284
4275 4204 4220 4 4297 4284 4220 4227 4 4363
4346 4275 4284 4 4388 4461 4449 4363 5 4297
4300 4388 4363 4284 4 5054 5096 5170 5144 5
5021 4938 4968 4986 5054 4 5108 5021 5054 5144
4 5077 5148 5126 5046 4 4995 5038 5122 5077
4 4970 4995 5077 5046 3 4975 4986 4968 4
5163 5135 5126 5148 3 4627 4655 4618 3 4615
4520 4530 4 4530 4449 4461 4551 5 4618 4615
4530 4551 4627 4 4710 4711 4602 4617 4 4724
4816 4799 4710 5 4617 4618 4655 4724 4710 5
4615 4617 4602 4506 4520 3 4615 4618 4617 4
4877 4799 4816 4867 4 4827 4905 4880 4813 5
4773 4757 4762 4849 4827 4 4764 4773 4827 4813
4 4927 4994 4969 4887 4 4887 4849 4762 4801
4 4828 4927 4887 4801 5 5391 5363 5392 5451
5442 3 5391 5359 5363 3 5898 5869 5909 3
4773 4739 4757 4 4717 4739 4773 4764 3 5391
5442 5433 5 5385 5329 5359 5391 5433 3 5316
5329 5385 4 5189 5135 5163 5227 3 5245 5282
5227 4 5652 5568 5594 5667 4 5729 5711 5639
5652 4 5748 5729 5652 5667 5 5853 5869 5898
5897 5828 4 5781 5796 5876 5853 4 5828 5748
5781 5853 4 5806 5828 5897 5884 4 5729 5806
5788 5711 4 5748 5828 5806 5729 3 5102 5116
5180 4 4939 5043 5018 4931 4 4232 4227 4139
4153 4 4298 4297 4227 4232 3 4300 4297 4298
4 4722 4742 4763 4746 3 4735 4746 4818 6
4627 4633 4722 4746 4735 4655 4 5363 5312 5328
5392 4 5312 5291 5241 5271 5 5359 5306 5291
5312 5363 3 5329 5306 5359 4 5820 5796 5728
5746 3 5831 5820 5746 5 5904 5922 5968 5967
5965 3 5922 5878 5941 4 5904 5831 5878 5922
4 5181 5241 5216 5154 4 5154 5122 5038 5064
4 5181 5154 5064 5108 3 4762 4757 4752 4
4860 4766 4808 4897 4 4736 4641 4672 4766 4
4736 4766 4860 4828 5 4699 4665 4614 4641 4736
5 4801 4762 4752 4694 4699 4 4828 4801 4699
4736 5 5291 5277 5258 5216 5241 3 5306 5277
5291 4 4688 4673 4580 4601 4 4601 4518 4543
4619 4 4619 4717 4688 4601 4 4643 4619 4543
4564 5 4643 4671 4752 4757 4739 4 4717 4619
4643 4739 3 5273 5258 5277 4 5316 5282 5245
5273 5 5316 5273 5277 5306 5329 4 5180 5174
5094 5102 3 5180 5246 5174 4 5144 5170 5229
5210 4 5181 5210 5271 5241 4 5108 5144 5210
5181 3 5927 5963 5940 5 5904 5965 5963 5927
5888 4 5888 5876 5796 5820 4 5831 5904 5888
5820 4 4182 4174 4105 4108 4 4416 4412 4318
4322 4 4487 4481 4412 4416 4 4253 4250 4174
4182 4 4318 4250 4253 4322 4 3578 3594 3593
3574 3 3543 3495 3533 3 3598 3594 3578 4
3533 3574 3593 3543 4 6542 6535 6536 6537 3
6049 6048 6053 3 5943 5937 5934 4 5526 5511
5478 5501 5 5941 5937 5943 6048 6049 3 5550
5527 5544 5 5550 5568 5526 5501 5527 3 5461
5467 5455 5 5489 5467 5461 5478 5511 4 5870
5865 5934 5937 4 5823 5815 5865 5870 3 5463
5476 5470 5 5492 5507 5476 5463 5459 3 5465
5458 5450 5 5465 5487 5492 5459 5458 3 5732
5721 5730 3 6118 6193 6126 5 5670 5653 5721
5732 5746 4 5628 5606 5653 5670 3 6226 6224
6238 3 6226 6206 6224 4 6040 6118 6126 6057
3 5533 5579 5515 3 6204 6213 6209 4 6018
6040 6057 6038 4 5962 5974 5994 5977 3 5977
5980 5962 4 6002 6017 5994 5974 4 6038 6017
6002 6018 4 5586 5550 5544 5573 4 5586 5594
5568 5550 5 5476 5509 5533 5515 5470 3 5507
5509 5476 4 5467 5465 5450 5455 4 5487 5465
5467 5489 3 5600 5586 5573 5 5600 5606 5628
5594 5586 4 5823 5732 5730 5815 4 5823 5831
5746 5732 4 5878 5870 5937 5941 4 5831 5823
5870 5878 4 5087 5115 5112 5080 5 6625 6580
6585 6643 6640 3 6579 6580 6625 5 4856 4853
4855 4892 4889 3 4856 4852 4853 4 4868 4900
4892 4855 4 5042 5069 5060 5040 4 5142 5162
5115 5087 4 5112 5069 5042 5080 3 6580 6521
6585 5 6515 6521 6580 6579 6513 5 5951 5960
5879 5877 5912 4 6061 6062 5960 5951 3 5877
5874 5912 4 4898 4902 4914 4930 4 4898 4896
4877 4902 4 4934 4963 4937 4905 4 4969 4989
4963 4934 3 4955 4898 4930 3 4981 4980 4984
5 4936 4896 4898 4955 4966 5 4981 4964 4936
4966 4980 4 6297 6295 6236 6235 4 6702 6694
6640 6643 4 5189 5205 5162 5142 4 6465 6515
6513 6461 5 5010 5002 4981 4984 5036 4 5877
5771 5765 5874 4 6756 6694 6702 6762 3 6371
6355 6372 5 6371 6368 6295 6297 6355 5 4867
4852 4856 4895 4899 4 4880 4917 4900 4868 3
4902 4906 4914 5 4899 4906 4902 4877 4867 4
4994 5026 4989 4969 3 5226 5235 5242 5 5227
5235 5226 5205 5189 4 5116 5139 5200 5180 3
4889 4895 4856 4 5558 5552 5658 5660 4 5434
5552 5558 5441 4 5043 5066 5139 5116 4 5036
5066 5043 5010 4 5552 5545 5651 5658 4 5434
5433 5545 5552 4 5771 5773 5660 5658 4 5773
5771 5877 5879 3 4964 4981 5002 5 6114 6116
6062 6061 6068 5 6114 6124 6235 6236 6116 4
5026 4994 5040 5060 3 6447 6371 6372 5 6461
6368 6371 6447 6465 4 5765 5771 5658 5651 3
5235 5256 5242 4 4917 4880 4905 4937 5 5282
5294 5256 5235 5227 3 6111 6114 6068 3 6111
6124 6114 3 5398 5434 5441 5 5385 5433 5434
5398 5397 4 5316 5385 5397 5321 4 5321 5294
5282 5316 4 5200 5262 5246 5180 3 6628 6631
6686 5 6250 6253 6307 6305 6249 4 6423 6361
6363 6426 4 5514 5519 5596 5592 3 5868 5808
5866 3 5950 5958 5959 3 6158 6120 6121 3
5677 5678 5753 3 6739 6768 6766 5 6250 6184
6177 6178 6251 4 6483 6475 6454 6485 3 6844
6846 6924 4 6624 6581 6631 6628 3 5519 5514
5435 3 6251 6253 6250 5 5917 5916 5973 5958
5950 4 5916 5917 5868 5866 4 6570 6483 6485
6571 4 6426 6454 6475 6423 4 6072 6012 6011
6071 7 6109 6072 6071 6178 6177 6158 6121 4
4568 4567 4481 4487 3 4653 4567 4568 4 6770
6768 6739 6723 4 6581 6624 6570 6571 5 5973
6011 6012 5959 5958 4 5678 5677 5592 5596 5
6824 6768 6770 6846 6844 3 6249 6184 6250 4
6363 6361 6305 6307 3 6766 6768 6824 3 6109
6121 6120 6 5351 5354 5358 5252 5248 5348 3
5353 5354 5351 13 5426 5390 5358 5354 5403 5351
5348 5437 5497 5469 5524 5529 5482 3 5426 5429
5390 3 5353 5403 5354 4 7660 7658 7559 7562
3 6612 6701 6687 5 7829 7941 7905 7901 7827
3 7713 7725 7750 4 7976 7941 7829 7869 4
7755 7736 7688 7705 3 7758 7827 7901 5 7755
7705 7713 7750 7766 4 7805 7801 7658 7660 4
7819 7815 7736 7755 3 6754 6736 6677 4 7941
8038 8013 7905 4 6805 6736 6754 6825 4 7591
7634 7618 7571 4 7151 7059 7064 7152 4 7766
7825 7819 7755 4 6589 6577 6514 6516 4 5995
5999 6070 6052 4 5921 5913 5999 5995 3 6589
6661 6577 4 7686 7628 7632 7693 3 6805 6771
6736 4 7850 7806 7799 7858 4 7850 7844 7803
7806 5 7682 7634 7591 7551 7577 4 7976 8061
8038 7941 4 7686 7679 7623 7628 4 6601 6606
6667 6666 4 6895 6885 6801 6790 4 7979 8062
8033 7939 6 7746 7702 7650 7604 7618 7634 4
7152 7248 7244 7151 3 6840 6842 6861 4 6619
6539 6555 6634 3 6562 6542 6536 4 6751 6818
6800 6731 4 6551 6638 6618 6556 4 6598 6551
6542 6562 5 6104 6028 6043 6091 6099 4 6350
6345 6259 6262 3 6028 6027 5935 4 6960 6885
6895 6988 4 7060 7047 6950 6966 4 7021 6983
6920 6934 4 7267 7286 7317 7293 4 7253 7286
7267 7222 3 7004 7024 7023 4 6684 6619 6634
6689 4 6855 6818 6751 6779 4 6638 6551 6598
6652 4 6910 6818 6855 6933 3 7158 7057 7087
4 6601 6538 6549 6606 4 6411 6345 6350 6420
4 6676 6611 6612 6687 4 6687 6701 6749 6778
4 6778 6732 6676 6687 5 7817 7686 7693 7699
7824 4 8072 8161 8150 8054 4 8122 8028 8039
8136 4 6304 6306 6381 6377 4 6228 6306 6304
6225 4 6306 6311 6386 6381 4 6231 6311 6306
6228 6 8098 8131 8279 8239 8171 8081 4 7897
7850 7858 7907 4 8210 8142 8155 8226 4 7891
7844 7850 7897 5 8123 8169 8161 8072 8082 4
8202 8128 8142 8210 4 7149 7060 7079 7174 3
7116 7158 7221 3 8172 8169 8123 4 8202 8200
8115 8128 4 6319 6311 6231 6237 4 6027 6028
6104 6094 4 6345 6337 6248 6259 4 6599 6601
6666 6660 4 6885 6879 6787 6801 3 6960 6879
6885 4 7047 7060 7149 7129 5 7286 7262 7263
7322 7317 5 7081 7004 6983 7021 7153 3 7253
7262 7286 3 7081 7024 7004 3 6804 6778 6749
5 6772 6815 6861 6927 6903 5 6804 6815 6772
6732 6778 3 6840 6804 6842 3 6815 6840 6861
3 6804 6840 6815 3 6576 6572 6564 3 6576
6641 6572 3 6614 6576 6564 3 6614 6641 6576
4 6539 6518 6543 6555 4 6527 6539 6619 6609
3 6527 6518 6539 5 6600 6562 6536 6527 6609
4 6641 6647 6630 6572 4 6675 6618 6638 6690
4 6618 6614 6564 6556 5 6675 6647 6641 6614
6618 3 6600 6598 6562 4 6183 6174 6104 6099
3 6192 6183 6099 4 5935 6027 6007 5929 3
5929 5863 5935 4 6994 7014 6903 6927 3 7157
7014 6994 4 6862 6853 6794 6780 4 6934 6920
6856 6922 4 6934 6942 7036 7021 5 6922 6853
6862 6942 6934 3 7128 7105 7167 3 7084 7105
7128 3 6794 6816 6856 3 6853 6816 6794 3
6816 6922 6856 3 6853 6922 6816 5 7134 7128
7167 7253 7222 3 7024 7084 7023 3 6873 6883
6959 4 6803 6721 6734 6798 5 5248 5237 5296
5370 5348 4 5097 5248 5252 5100 5 5175 5237
5248 5097 5092 4 5720 5615 5625 5697 4 7716
7706 7652 7644 4 7827 7731 7687 7829 5 7823
7901 7905 7886 7834 3 7758 7731 7827 5 7753
7758 7901 7823 7759 5 7670 7679 7686 7817 7814
5 7916 8108 8104 7913 7914 6 7922 7926 8028
8122 8108 7916 4 7776 7706 7716 7789 5 7859
7862 7950 7985 7972 5 7953 7843 7853 7859 7972
4 7875 7950 7862 7866 3 6123 6151 6154 4
6052 6148 6151 6123 4 7189 7140 7077 7194 3
7950 7995 7985 4 6881 6800 6818 6910 4 6997
7079 7060 6966 4 7042 7057 7158 7116 3 7538
7561 7560 5 7585 7561 7538 7547 7549 4 6894
6803 6798 6906 3 7189 7181 7140 4 7852 7839
7760 7772 7 7883 7890 7945 7998 7995 7950 7875
4 8010 8000 7955 7968 5 5849 5845 5720 5697
5790 3 5849 5852 5845 4 6599 6528 6538 6601
4 6386 6311 6319 6394 4 6411 6404 6337 6345
4 7706 7701 7645 7652 3 7541 7479 7539 4
7886 7876 7821 7834 4 5175 5092 5094 5174 3
7213 7189 7194 4 7531 7471 7479 7541 5 7563
7570 7616 7670 7663 5 7503 7518 7570 7563 7496
3 7622 7744 7687 3 7654 7622 7620 4 7561
7617 7651 7560 5 7804 7744 7622 7654 7698 3
7471 7455 7431 4 7392 7396 7453 7449 5 6546
6559 6611 6606 6549 4 6549 6538 6476 6489 4
6489 6494 6546 6549 4 6437 6420 6350 6356 4
6420 6489 6476 6411 5 6494 6489 6420 6437 6493
3 6381 6412 6377 4 6386 6468 6412 6381 6
7975 7920 7864 7876 7886 7997 5 8065 8046 7957
7970 7975 4 7997 8081 8065 7975 7 8024 7946
7931 7944 7957 8046 8026 4 7784 7863 7852 7772
3 8024 7990 7946 4 8010 7968 7973 8018 3
6703 6714 6786 5 7197 7263 7262 7167 7105 4
7263 7278 7325 7322 4 7197 7218 7278 7263 4
7133 7153 7021 7036 5 7153 7197 7105 7084 7081
4 7133 7218 7197 7153 3 7726 7750 7725 4
7766 7750 7726 7743 4 7826 7796 7803 7844 5
7181 7189 7213 7242 7257 5 7447 7446 7332 7334
7333 6 7447 7333 7339 7342 7392 7449 4 7531
7526 7455 7471 5 7496 7449 7453 7459 7503 4
7822 7795 7796 7826 3 7822 7784 7795 3 6806
6764 6748 3 6806 6729 6764 4 6813 6883 6873
6795 5 6795 6728 6729 6806 6813 5 8360 8210
8226 8239 8389 3 6557 6559 6540 4 6557 6612
6611 6559 4 7492 7562 7559 7487 4 7563 7663
7660 7562 4 7496 7563 7562 7492 4 7744 7869
7829 7687 4 7900 8001 7976 7869 4 7804 7900
7869 7744 5 8064 8062 7979 7872 7910 4 7746
7634 7682 7813 4 7447 7492 7487 7446 4 7447
7449 7496 7492 4 7723 7666 7688 7736 5 8143
8150 8161 8304 8295 5 8136 8143 8295 8280 8122
3 7808 7807 7783 4 7808 7862 7859 7807 5
7815 7808 7783 7723 7736 4 7866 7815 7819 7875
4 7866 7862 7808 7815 4 6708 6774 6754 6677
4 6647 6708 6677 6630 6 8183 8335 8304 8161
8169 8176 6 8195 8202 8210 8360 8335 8183 4
7997 7886 7905 8013 4 8013 8038 8131 8098 4
8081 7997 8013 8098 4 6825 6754 6774 6863 4
6923 6891 6805 6825 4 6863 6941 6923 6825 3
8172 8176 8169 3 8195 8200 8202 4 7830 7825
7766 7743 4 7825 7883 7875 7819 4 7890 7883
7825 7830 4 6522 6593 6589 6516 4 6516 6514
6468 6459 4 6463 6522 6516 6459 4 6070 5999
6007 6081 4 6156 6148 6052 6070 4 6157 6156
6070 6081 3 5913 5921 5814 4 5929 6007 5999
5913 4 5814 5863 5929 5913 4 6661 6589 6593
6654 4 6654 6714 6703 6661 4 6872 6771 6805
6891 4 6872 6862 6780 6771 4 7864 7858 7799
7793 5 8319 8279 8131 8153 8173 7 8173 8088
8001 8033 8062 8067 8196 4 8329 8319 8173 8196
3 8064 8067 8062 4 6676 6667 6606 6611 4
6667 6725 6726 6666 4 6732 6725 6667 6676 4
6725 6790 6801 6726 4 6772 6903 6895 6790 4
6772 6790 6725 6732 4 7900 7939 8033 8001 4
7939 7832 7872 7979 4 7804 7832 7939 7900 4
7631 7617 7561 7585 4 7702 7746 7872 7832 6
7683 7692 7702 7832 7804 7698 4 6731 6800 6774
6708 4 6675 6690 6751 6731 4 6675 6731 6708
6647 4 6262 6271 6356 6350 4 6262 6259 6174
6183 4 6192 6271 6262 6183 4 7014 6988 6895
6903 3 6988 7073 6960 4 7157 7073 6988 7014
4 6950 6872 6891 6966 4 6942 6950 7047 7036
4 6862 6872 6950 6942 4 6672 6609 6619 6684
5 6684 6689 6693 6748 6764 5 6727 6672 6684
6764 6729 4 6672 6664 6600 6609 3 6727 6664
6672 4 6779 6751 6690 6710 4 6795 6873 6855
6779 4 6710 6728 6795 6779 3 6728 6727 6729
4 6652 6710 6690 6638 4 6664 6652 6598 6600
5 6664 6727 6728 6710 6652 4 6959 6933 6855
6873 4 6933 7001 6973 6910 4 7012 7001 6933
6959 4 7001 7087 7057 6973 3 7012 7087 7001
3 6546 6540 6559 4 6495 6540 6546 6494 6
7843 7824 7699 7701 7706 7776 4 7824 7940 7926
7817 4 7953 7940 7824 7843 4 7972 7985 8072
8054 4 8048 8054 8150 8143 4 8048 7953 7972
8054 4 6151 6228 6225 6154 4 6148 6231 6228
6151 4 7907 7858 7864 7920 4 7970 7957 7897
7907 4 7975 7970 7907 7920 4 7879 7826 7844
7891 4 7891 7897 7957 7944 4 7931 7879 7891
7944 5 8047 8082 8072 7985 7995 6 8082 8085
8170 8183 8176 8123 3 8085 8082 8047 5 8029
8026 8046 8142 8128 3 8170 8195 8183 3 8025
8026 8029 3 7998 8047 7995 3 8085 8092 8170
3 8172 8123 8176 6 8092 8085 8047 7998 8000
8010 3 8115 8029 8128 5 8115 8200 8195 8170
8092 6 8018 8025 8029 8115 8092 8010 4 6237
6231 6148 6156 4 6242 6326 6319 6237 4 6157
6242 6237 6156 4 6081 6007 6027 6094 4 6094
6104 6174 6164 4 6164 6157 6081 6094 4 6248
6164 6174 6259 4 6248 6337 6326 6242 4 6157
6164 6248 6242 4 6719 6660 6666 6726 4 6660
6654 6593 6599 4 6719 6714 6654 6660 4 6787
6719 6726 6801 3 6786 6787 6879 4 6714 6719
6787 6786 4 7133 7036 7047 7129 4 7224 7129
7149 7234 4 7224 7218 7133 7129 3 7262 7253
7167 3 7024 7081 7084 4 6665 6734 6721 6635
3 5522 5543 5524 4 5522 5505 5613 5543 4
7721 7716 7644 7665 3 7652 7612 7644 4 7814
7812 7663 7670 4 7922 7814 7817 7926 4 7916
7812 7814 7922 5 7807 7789 7716 7721 7783 4
7789 7853 7843 7776 4 7853 7789 7807 7859 4
7549 7556 7604 7585 4 7475 7549 7547 7477 4
7500 7556 7549 7475 4 7839 7830 7743 7760 4
7896 7839 7852 7904 4 7890 7830 7839 7896 4
5849 5829 5984 5852 4 6528 6599 6593 6522 4
6469 6476 6538 6528 4 6463 6469 6528 6522 4
6459 6468 6386 6394 4 6394 6319 6326 6401 4
6401 6463 6459 6394 4 7539 7586 7581 7541 4
7595 7586 7539 7555 5 7575 7544 7531 7541 7581
3 7519 7518 7503 5 7575 7570 7518 7519 7544
4 7879 7870 7822 7826 4 7929 7870 7879 7931
4 7870 7863 7784 7822 4 7863 7919 7904 7852
4 7929 7919 7863 7870 3 6510 6665 6635 3
5469 5522 5524 3 5482 5429 5426 3 5353 5351
5403 4 5497 5505 5522 5469 5 7236 7288 7299
7271 7234 4 7556 7571 7618 7604 4 7525 7551
7591 7571 4 7500 7525 7571 7556 4 6972 7064
7059 6968 4 7064 7072 7162 7152 4 6962 7072
7064 6972 3 7277 7288 7236 3 7302 7271 7299
3 7277 7272 7288 4 7638 7699 7693 7632 4
7586 7632 7628 7581 4 7595 7638 7632 7586 4
7261 7224 7234 7271 4 7278 7291 7318 7325 5
7261 7291 7278 7218 7224 4 7575 7581 7628 7623
4 7623 7679 7670 7616 4 7570 7575 7623 7616
3 6495 6494 6493 4 7940 8039 8028 7926 4
8048 8143 8136 8039 4 7953 8048 8039 7940 4
8155 8171 8239 8226 4 8065 8155 8142 8046 4
8171 8155 8065 8081 4 7221 7195 7096 7116 3
7266 7195 7221 5 5625 5615 5529 5524 5543 3
5625 5543 5613 5 5417 5437 5348 5370 5371 3
5417 5497 5437 4 7721 7665 7666 7723 3 7741
7753 7759 4 7741 7731 7758 7753 3 7723 7783
7721 3 7074 7077 7140 3 7074 7005 7077 4
6863 6774 6800 6881 4 6952 6881 6910 6973 4
6952 6941 6863 6881 4 7042 6952 6973 7057 4
7019 7042 7116 7096 4 7019 6941 6952 7042 4
6906 6972 6968 6894 3 6921 6906 6798 4 6962
6972 6906 6921 5 7072 7074 7140 7181 7162 4
6962 7005 7074 7072 4 7955 7896 7904 7968 4
7955 8000 7998 7945 4 7945 7890 7896 7955 3
5829 5849 5790 4 7638 7645 7701 7699 4 7645
7593 7612 7652 4 7595 7593 7645 7638 3 7593
7595 7555 4 7793 7821 7876 7864 4 7821 7794
7823 7834 4 7782 7794 7821 7793 4 7794 7775
7759 7823 3 7782 7775 7794 3 5246 5296 5237
4 5174 5246 5237 5175 3 7342 7242 7338 5
7395 7399 7431 7455 7459 4 7396 7392 7342 7338
4 7396 7395 7459 7453 3 7338 7395 7396 3
8025 8024 8026 3 7946 7929 7931 4 7919 7973
7968 7904 5 7990 8024 8025 8018 7973 5 7946
7990 7973 7919 7929 4 7257 7246 7162 7181 4
7339 7257 7242 7342 4 7246 7257 7339 7333 3
7526 7531 7544 5 7519 7503 7459 7455 7526 3
7519 7526 7544 5 7909 7910 7872 7746 7813 4
7631 7585 7604 7650 5 7631 7692 7683 7651 7617
4 7702 7692 7631 7650 4 7812 7805 7660 7663
4 7914 7913 7801 7805 4 7914 7805 7812 7916
4 8088 8061 7976 8001 4 8153 8131 8038 8061
4 8153 8061 8088 8173 4 7246 7248 7152 7162
4 7248 7334 7332 7244 4 7333 7334 7248 7246
3 7184 7277 7236 3 7184 7272 7277 4 6923
6997 6966 6891 4 7019 7096 7079 6997 4 6941
7019 6997 6923 4 6404 6411 6476 6469 4 6401
6326 6337 6404 4 6463 6401 6404 6469 4 7261
7271 7302 7315 3 7291 7315 7318 3 7261 7315
7291 5 7184 7236 7234 7149 7174 4 7195 7174
7079 7096 5 7266 7272 7184 7174 7195 4 5358
5357 5250 5252 4 5390 5389 5357 5358 4 5482
5529 5528 5481 4 5429 5428 5389 5390 4 7658
7657 7558 7559 4 7801 7800 7657 7658 4 7151
7150 7058 7059 4 7244 7243 7150 7151 3 6803
6802 6721 4 5099 5100 5252 5250 4 5720 5719
5614 5615 4 7913 8104 8103 7912 4 6894 6893
6802 6803 4 5845 5844 5719 5720 3 5852 5844
5845 4 7446 7445 7331 7332 4 7487 7559 7558
7485 4 7445 7446 7487 7485 4 5481 5428 5429
5482 4 6968 7059 7058 6967 4 5528 5529 5615
5614 4 6893 6894 6968 6967 4 7912 7800 7801
7913 4 7243 7244 7332 7331 4 6736 6720 6668
6677 4 6577 6661 6669 6584 4 6634 6555 6558
6637 3 7317 7330 7293 4 6689 6634 6637 6692
4 7095 7190 7158 7087 4 7193 7190 7095 7106
4 6304 6377 6378 6303 4 6221 6225 6304 6303
4 6303 6378 6379 6302 4 6221 6303 6302 6220
4 6879 6960 6980 6896 4 7322 7343 7330 7317
3 6555 6543 6558 4 6890 6969 6959 6883 4
6890 6900 6985 6969 4 6437 6356 6360 6434 4
6493 6437 6434 6487 3 6412 6378 6377 5 6468
6471 6379 6378 6412 4 7325 7348 7343 7322 4
6693 6689 6692 6713 4 6748 6693 6713 6758 4
6144 6154 6225 6221 4 6144 6221 6220 6142 4
7299 7288 7314 7329 3 6890 6880 6900 4 6806
6748 6758 6821 5 6813 6826 6880 6890 6883 4
6553 6557 6540 6529 3 6553 6612 6557 3 6123
6154 6144 4 6514 6577 6584 6517 4 6052 6046
5990 5995 5 6046 6052 6123 6144 6142 4 7302
7299 7329 7336 3 5990 5921 5995 4 6771 6759
6720 6736 4 7318 7347 7348 7325 4 7315 7302
7336 7341 4 7347 7318 7315 7341 4 7013 7004
7023 7020 4 7190 7231 7221 7158 4 7241 7231
7190 7193 4 6969 7025 7012 6959 4 7030 7025
6969 6985 4 6786 6797 6709 6703 4 6896 6797
6786 6879 4 6826 6813 6806 6821 4 6495 6491
6529 6540 4 6517 6471 6468 6514 3 6668 6630
6677 4 6669 6661 6703 6709 3 6759 6771 6780
4 6271 6272 6360 6356 3 6192 6272 6271 4
7073 7083 6980 6960 3 7157 7083 7073 4 7025
7095 7087 7012 4 7106 7095 7025 7030 4 6491
6495 6493 6487 4 7272 7295 7314 7288 4 7266
7292 7295 7272 5 7231 7250 7292 7266 7221 3
7250 7231 7241 3 7713 7720 7725 4 7705 7688
7674 7695 5 7704 7720 7713 7705 7695 4 7806
7786 7780 7799 4 7781 7786 7806 7803 4 7786
7770 7767 7780 4 7781 7769 7770 7786 3 6798
6734 6793 4 5370 5296 5309 5379 4 5697 5625
5634 5706 4 7687 7731 7714 7671 4 7513 7538
7560 7552 4 7191 7069 7063 7172 3 5706 5790
5697 3 7194 7191 7213 4 7479 7471 7458 7463
3 7720 7726 7725 5 7743 7726 7720 7704 7730
4 7774 7781 7803 7796 4 7774 7765 7769 7781
4 7666 7647 7674 7688 5 7780 7764 7763 7793
7799 3 7767 7764 7780 4 5505 5521 5619 5613
3 7644 7633 7665 5 7624 7633 7644 7612 7601
3 7477 7474 7475 4 5497 5513 5521 5505 4
5417 5432 5513 5497 5 7633 7629 7647 7666 7665
3 7629 7633 7624 4 7593 7578 7601 7612 4
7782 7793 7763 7762 4 7399 7395 7387 7391 5
7615 7622 7687 7671 7635 3 7615 7620 7622 3
7606 7615 7635 4 7077 7069 7191 7194 4 7539
7479 7463 7512 4 7431 7415 7458 7471 4 5371
5370 5379 5384 4 5432 5417 5371 5384 4 7759
7734 7727 7741 4 7772 7760 7735 7745 3 7795
7774 7796 4 7784 7772 7745 7756 5 7756 7765
7774 7795 7784 4 5262 5309 5296 5246 4 7415
7431 7399 7391 5 7242 7213 7191 7172 7227 4
7338 7242 7227 7321 4 7775 7782 7762 7748 4
7735 7760 7743 7730 4 6921 6798 6793 6914 4
6962 6921 6914 6954 4 7555 7539 7512 7550 4
7734 7759 7775 7748 4 5634 5625 5613 5619 4
7727 7714 7731 7741 3 7005 7069 7077 5 7063
7069 7005 6962 6954 4 7578 7593 7555 7550 4
7321 7387 7395 7338 3 7958 8032 8008 5 7948
7958 8008 7984 7889 4 7787 7857 7948 7889 4
6383 6317 6354 6415 5 6383 6300 6159 6245 6317
4 6442 6383 6415 6472 5 6300 6383 6442 6497
6438 5 8113 8107 8151 8220 8204 4 8027 8107
8113 8004 3 8442 8408 8450 3 8192 8113 8204
3 8488 8478 8444 5 8204 8220 8291 8254 8215
5 8489 8488 8444 8442 8450 3 8192 8204 8215
6 7738 7579 7506 7425 7508 7587 3 8493 8506
8492 5 8469 8493 8492 8489 8450 4 7478 7497
7553 7521 7 7668 7641 7754 7751 7747 7719 7684
3 7641 7613 7582 4 7613 7641 7668 7667 4
7994 8015 8041 8037 5 7653 7579 7738 7921 7740
5 6105 6096 6060 6008 6045 4 7450 7497 7478
7413 4 6659 6707 6670 6508 5 6850 6931 6992
7068 6984 5 6850 6715 6784 6858 6931 5 6763
6850 6984 6917 6839 4 8324 8292 8302 8345 4
8324 8303 8267 8292 4 7833 7882 7987 7936 4
7715 7833 7785 7664 4 7596 7554 7582 7613 6
7589 7572 7596 7613 7667 7684 4 8003 7966 7994
8037 3 8003 8037 8050 4 8592 8552 8508 8537
4 8321 8366 8426 8380 4 8330 8323 8215 8254
4 8112 8180 8140 8074 4 8301 8366 8321 8257
4 8106 8112 8074 8055 4 8106 8055 7988 8040
5 7696 7697 7768 7871 7809 4 7497 7540 7574
7553 3 7689 7697 7696 3 6105 6125 6096 4
6715 6850 6763 6655 4 8378 8342 8364 8393 4
7589 7684 7719 7661 4 7715 7773 7882 7833 4
8524 8510 8485 8497 4 8383 8400 8437 8415 4
8358 8324 8345 8373 4 8614 8646 8630 8596 4
8564 8514 8535 8595 4 8592 8626 8605 8552 4
8678 8646 8614 8631 4 8733 8714 8684 8704 4
7895 7848 7874 7928 3 7410 7409 7349 4 7655
7672 7768 7697 4 7450 7484 7540 7497 5 7410
7418 7509 7422 7409 4 7689 7600 7655 7697 4
7237 7290 7353 7301 4 7199 7089 7124 7210 4
7048 7089 7199 7136 4 7045 7003 6936 6963 4
6735 6760 6823 6791 4 8378 8368 8334 8342 3
8225 8230 8234 3 8152 8167 8166 3 7971 7981
7980 4 8126 8097 8059 8079 4 6939 6996 6911
6889 4 8177 8230 8225 8222 5 8167 8152 8129
8145 8177 5 7960 7999 7981 7971 7930 4 8253
8278 8306 8289 4 8374 8400 8383 8356 4 7225
7290 7237 7177 4 7089 7017 7067 7124 4 8388
8403 8440 8418 5 8404 8403 8388 8353 8372 4
8403 8408 8442 8440 3 8404 8408 8403 5 8468
8494 8482 8447 8443 4 8406 8431 8468 8443 3
8482 8469 8447 4 8410 8378 8393 8432 4 8540
8566 8548 8527 6 8511 8451 8472 8486 8515 8536
6 8470 8330 8359 8387 8458 8517 6 8287 8303
8324 8358 8384 8357 4 8564 8539 8487 8514 4
8524 8544 8533 8510 4 8583 8566 8540 8554 6
8576 8621 8600 8569 8543 8559 3 6100 6054 6055
4 6859 6851 6877 6901 4 6958 7017 7089 7048
3 6735 6680 6760 5 8185 8217 8249 8287 8247
4 8221 8207 8166 8167 6 8126 8149 8187 8217
8185 8097 3 8093 8095 8099 3 6100 6021 6054
4 6901 6939 6889 6859 6 7451 7482 7534 7572
7524 7494 5 7482 7380 7419 7523 7501 4 7451
7356 7380 7482 4 7881 7906 7960 7930 4 7835
7860 7887 7861 4 8222 8221 8167 8177 4 8075
8050 8095 8093 4 8050 8016 7983 8003 4 8057
8016 8050 8075 4 8241 8218 8232 8260 5 8288
8268 8241 8260 8299 3 8288 8282 8268 4 8083
8084 8127 8125 4 8242 8278 8253 8228 6 8105
8158 8216 8201 8175 8148 4 8083 8125 8096 8058
5 8353 8322 8328 8350 8372 4 8364 8388 8418
8393 4 8314 8364 8342 8331 4 8314 8353 8388
8364 3 8322 8353 8314 4 7816 7848 7895 7865
6 7711 7777 7841 7860 7835 7831 3 8332 8350
8328 4 8396 8368 8378 8410 5 8484 8454 8384
8398 8411 5 8434 8451 8511 8484 8411 4 7290
7345 7388 7353 5 7545 7619 7565 7515 7469 5
7378 7448 7545 7469 7411 4 7398 7372 7301 7353
4 7260 7196 7237 7301 4 8315 8334 8368 8354
4 8334 8298 8331 8342 4 8315 8283 8298 8334
6 8246 8225 8234 8248 8256 8255 3 8263 8256
8248 3 8246 8222 8225 7 8105 8084 8083 8023
8022 8008 8032 4 8032 7958 8019 8078 4 8078
8158 8105 8032 3 8023 8083 8058 4 8005 8019
7958 7948 5 7857 7787 7732 7728 7733 4 7857
7917 8005 7948 4 7820 7917 7857 7733 6 6106
6155 6230 6282 6281 6245 3 7675 7728 7732 3
6479 6569 6531 4 6605 6552 6587 6639 4 6735
6698 6645 6680 4 7307 7410 7349 7187 4 7351
7418 7410 7307 4 7438 7363 7259 7370 4 7502
7418 7351 7420 4 7438 7514 7428 7363 3 7107
7050 7245 4 7848 7792 7818 7874 3 8015 8051
8041 4 7982 8015 7994 7949 4 8002 8051 8015
7982 5 7226 7180 7204 7297 7256 3 7346 7296
7316 4 7611 7908 7768 7672 6 6100 6055 6025
6129 6155 6106 4 7225 7275 7345 7290 3 7268
7216 7296 3 7361 7346 7355 3 7226 7179 7180
7 7361 7448 7378 7328 7268 7296 7346 4 7509
7418 7502 7583 6 7932 7908 7611 7588 7659 7740
7 6037 5915 5924 6005 6021 6100 6106 4 6037
5953 5851 5915 5 6218 6138 6076 6009 6086 3
6707 6659 6781 4 6788 6757 6670 6707 4 6781
6849 6788 6707 3 7414 7451 7494 4 7311 7356
7451 7414 4 7075 7003 7045 7114 6 7303 7356
7311 7154 7207 7247 4 6683 6705 6761 6737 4
6915 6974 6949 6875 4 8315 8354 8345 8302 5
8274 8302 8292 8255 8256 5 8274 8264 8283 8315
8302 4 7380 7303 7319 7419 3 7380 7356 7303
3 8263 8274 8256 3 8263 8264 8274 3 7649
7733 7728 3 7708 7643 7691 5 7643 7708 7820
7733 7649 6 7639 7649 7728 7675 7599 7609 6
7639 7603 7565 7619 7691 7643 3 7643 7649 7639
6 6218 6365 6331 6310 6200 6138 3 6374 6370
6349 4 6484 6453 6392 6427 4 6445 6432 6370
6374 4 6650 6705 6683 6627 4 6484 6533 6506
6453 4 7610 7548 7589 7661 6 7661 7719 7792
7848 7816 7777 4 7711 7610 7661 7777 4 7928
7951 7902 7895 4 7956 7928 7874 7898 4 7951
7928 7956 7996 4 7951 7982 7949 7902 4 8002
7982 7951 7996 5 7355 7297 7204 7349 7409 4
7361 7355 7409 7422 4 7422 7509 7588 7520 4
7520 7448 7361 7422 4 7124 7196 7260 7210 4
7160 7136 7199 7229 4 7136 7131 7016 7048 3
7131 7136 7160 4 7070 6996 6939 6991 3 7144
6996 7070 3 7233 7160 7229 4 7131 7070 6991
7016 5 7144 7070 7131 7160 7233 4 7112 7177
7237 7196 4 7177 7109 7166 7225 4 7112 7061
7109 7177 4 6957 7011 6951 6919 4 7061 7011
6957 7018 4 7067 7112 7196 7124 4 7011 7067
7017 6951 4 7112 7067 7011 7061 4 6909 6852
6919 6951 4 6909 6849 6781 6852 4 6877 6930
6961 6901 4 6788 6877 6851 6757 4 6849 6930
6877 6788 4 6991 6939 6901 6961 3 7185 7204
7180 5 6984 7141 7056 6975 6917 4 6705 6738
6799 6761 4 7022 6974 6915 6943 3 6636 6651
6711 4 6596 6651 6636 6575 4 6511 6532 6596
6575 4 7528 7438 7370 7452 5 7605 7546 7468
7630 7798 5 7186 7187 7349 7204 7185 3 7164
7307 7187 5 7155 7254 7351 7307 7164 3 7107
7254 7155 4 7119 7265 7370 7259 4 7259 7363
7240 7121 4 7121 6993 7119 7259 4 7032 7121
7240 7050 3 7032 6993 7121 4 7245 7360 7254
7107 4 7245 7050 7240 7358 4 7425 7360 7245
7358 4 6737 6711 6651 6683 4 6796 6737 6761
6835 4 6796 6776 6711 6737 4 6848 6875 6949
6898 4 6875 6796 6835 6915 4 6848 6776 6796
6875 5 6462 6511 6470 6432 6445 4 6501 6532
6511 6462 5 8608 8630 8646 8723 8690 5 8649
8564 8595 8608 8690 5 8694 8767 8723 8646 8678
5 8694 8714 8733 8804 8767 4 6037 6106 6245
6159 4 6086 6159 6300 6218 4 6086 5953 6037
6159 4 7109 7065 7098 7166 4 7065 7109 7061
7018 5 7414 7494 7517 7472 7373 4 7373 7308
7141 7230 4 7230 7311 7414 7373 4 6365 6218
6300 6438 5 6438 6497 6552 6605 6544 5 6544
6484 6427 6365 6438 5 7610 7569 7472 7517 7548
4 7569 7656 7614 7535 4 7711 7656 7569 7610
8 7936 8027 8004 7868 7856 7722 7785 7833 3
7517 7494 7524 3 7548 7517 7524 6 8237 8180
8112 8114 8211 8337 5 8455 8366 8301 8237 8337
5 8490 8555 8632 8592 8537 5 8490 8426 8366
8455 8555 3 8114 8112 8106 5 8517 8539 8564
8649 8619 5 8478 8456 8418 8440 8444 5 8478
8488 8491 8516 8498 4 8486 8456 8478 8498 3
8442 8444 8440 3 8489 8491 8488 5 8506 8493
8482 8494 8522 5 8529 8516 8491 8492 8506 4
8522 8543 8529 8506 5 8664 8626 8592 8632 8707
5 8704 8664 8707 8783 8733 3 8493 8469 8482
3 8489 8492 8491 3 7123 7182 7101 3 7212
7123 7163 4 7212 7216 7182 7123 6 7967 8076
8109 8114 8106 8040 6 7992 8076 7967 7871 7768
7908 3 8109 8211 8114 3 7932 7992 7908 4
6045 6008 5942 5982 4 6076 6138 6105 6045 4
5982 6009 6076 6045 4 7398 7450 7413 7372 4
7230 7141 6984 7068 4 6953 7003 7075 7034 5
7104 7154 7311 7230 7068 6 6715 6605 6639 6671
6722 6784 4 6936 7003 6953 6892 4 6791 6755
6698 6735 4 8267 8235 8255 8292 4 8267 8303
8287 8249 4 8217 8235 8267 8249 4 7987 8068
8027 7936 6 8021 7987 7882 7918 7971 7980 5
8021 8059 8097 8068 7987 4 7722 7621 7664 7785
4 7722 7682 7577 7621 4 7589 7548 7524 7572
4 7918 7849 7881 7930 4 7966 7915 7949 7994
4 7966 8003 7983 7935 4 7915 7966 7935 7887
3 7930 7971 7918 5 8477 8508 8552 8524 8497
4 8508 8449 8490 8537 5 8400 8449 8508 8477
8437 5 8347 8306 8278 8321 8380 4 8380 8426
8490 8449 5 8374 8347 8380 8449 8400 4 8464
8323 8330 8470 4 8190 8208 8232 8218 5 8168
8162 8175 8208 8190 4 8078 8019 8074 8140 4
8203 8140 8180 8237 4 8203 8158 8078 8140 5
8216 8257 8321 8278 8242 4 8257 8203 8237 8301
4 8216 8158 8203 8257 3 8160 8162 8168 4
8055 8074 8019 8005 4 7917 7988 8055 8005 4
7892 7967 8040 7988 4 7892 7988 7917 7820 4
7708 7691 7696 7809 4 7809 7871 7967 7892 4
7820 7708 7809 7892 4 7619 7689 7696 7691 4
6200 6125 6105 6138 4 6655 6544 6605 6715 6
6597 6655 6763 6738 6705 6650 5 6597 6533 6484
6544 6655 4 7773 7715 7614 7656 5 7831 7849
7918 7882 7773 4 7831 7773 7656 7711 5 8395
8379 8361 8355 8369 4 8395 8431 8406 8379 4
8468 8485 8510 8494 4 8485 8453 8477 8497 4
8431 8453 8485 8468 4 8415 8395 8369 8383 4
8453 8415 8437 8477 4 8395 8415 8453 8431 3
8352 8355 8361 4 8373 8345 8354 8381 4 8398
8384 8358 8373 4 8381 8411 8398 8373 5 8536
8548 8566 8614 8596 4 8563 8596 8630 8608 4
8563 8511 8536 8596 5 8576 8544 8524 8552 8605
4 8636 8605 8626 8664 4 8636 8621 8576 8605
5 8600 8631 8614 8566 8583 4 8631 8656 8694
8678 4 8621 8656 8631 8600 4 8684 8636 8664
8704 4 8684 8714 8694 8656 4 8636 8684 8656
8621 3 7655 7611 7672 4 7484 7450 7398 7427
4 7515 7565 7540 7484 4 7427 7469 7515 7484
4 7600 7689 7619 7545 5 7520 7588 7611 7655
7600 4 7448 7520 7600 7545 4 7009 7082 7045
6963 4 6899 6963 6936 6869 3 7009 6963 6899
4 6869 6791 6823 6899 3 8111 8093 8099 5
8094 8120 8152 8166 8149 3 8094 8087 8120 4
8036 8021 7980 7981 4 8079 8094 8149 8126 5
8079 8059 8021 8036 8052 4 8087 8094 8079 8052
5 8129 8075 8093 8111 8145 3 8120 8129 8152
5 8057 8075 8129 8120 8087 4 8016 7999 7960
7983 4 7999 8042 8036 7981 4 8042 7999 8016
8057 3 8042 8052 8036 4 8087 8052 8042 8057
4 8325 8339 8369 8355 4 8299 8339 8325 8288
4 8260 8232 8253 8289 4 8318 8289 8306 8347
4 8318 8299 8260 8289 4 8356 8383 8369 8339
4 8356 8318 8347 8374 4 8299 8318 8356 8339
4 8313 8325 8355 8352 4 8313 8282 8288 8325
4 8432 8393 8418 8456 4 8432 8472 8451 8410
4 8472 8432 8456 8486 4 8357 8320 8247 8287
4 8416 8357 8384 8454 4 8416 8387 8320 8357
4 8533 8522 8494 8510 4 8559 8533 8544 8576
4 8543 8522 8533 8559 5 6930 6958 7048 7016
6961 4 6909 6951 7017 6958 4 6909 6958 6930
6849 5 8207 8221 8246 8255 8235 4 8207 8187
8149 8166 4 8187 8207 8235 8217 3 7016 6991
6961 4 7915 7878 7902 7949 4 7878 7915 7887
7860 4 7906 7935 7983 7960 5 7906 7881 7849
7835 7861 4 7861 7887 7935 7906 3 8221 8222
8246 4 8228 8253 8232 8208 4 8228 8201 8216
8242 4 8201 8228 8208 8175 4 7865 7895 7902
7878 4 7841 7777 7816 7865 4 7860 7841 7865
7878 3 7835 7849 7831 4 8396 8381 8354 8368
4 8434 8396 8410 8451 4 8411 8381 8396 8434
4 7427 7398 7353 7388 4 7388 7345 7378 7411
4 7469 7427 7388 7411 6 7587 7514 7438 7528
7605 7752 4 6531 6502 6450 6479 4 6594 6531
6569 6626 4 6594 6561 6502 6531 4 6645 6594
6626 6680 4 6616 6645 6698 6671 4 6616 6561
6594 6645 4 7506 7579 7502 7420 4 7420 7351
7254 7360 4 7506 7420 7360 7425 4 7428 7514
7587 7508 4 7358 7240 7363 7428 4 7425 7358
7428 7508 5 7212 7163 7179 7226 7256 5 7256
7297 7355 7346 7316 5 7316 7296 7216 7212 7256
4 7275 7225 7166 7220 4 7328 7378 7345 7275
4 7220 7268 7328 7275 4 7659 7588 7509 7583
4 7583 7502 7579 7653 4 7740 7659 7583 7653
4 6392 6331 6365 6427 4 6388 6392 6453 6451
4 6310 6331 6392 6388 4 6596 6627 6683 6651
4 6627 6568 6597 6650 4 6532 6568 6627 6596
4 6498 6451 6453 6506 4 6506 6533 6597 6568
5 6501 6498 6506 6568 6532 4 6799 6874 6835
6761 4 6839 6799 6738 6763 4 6917 6874 6799
6839 4 6943 6975 7056 7022 4 6874 6943 6915
6835 4 6975 6943 6874 6917 4 7452 7370 7265
7381 4 7546 7605 7528 7452 4 7381 7468 7546
7452 4 6354 6317 6245 6281 4 6354 6397 6450
6415 5 6395 6397 6354 6281 6282 3 6324 6395
6282 4 6502 6472 6415 6450 4 6519 6497 6442
6472 4 6561 6519 6472 6502 4 8185 8247 8220
8151 4 8068 8151 8107 8027 4 8185 8151 8068
8097 3 7553 7599 7521 3 7668 7684 7667 3
7751 7754 7779 5 7182 7220 7166 7098 7101 4
7268 7220 7182 7216 3 7300 7247 7161 4 7534
7554 7596 7572 4 7554 7501 7523 7582 4 7534
7482 7501 7554 4 7574 7540 7565 7603 4 7609
7599 7553 7574 4 7609 7574 7603 7639 4 8484
8535 8514 8454 4 8563 8608 8595 8535 4 8511
8563 8535 8484 4 6257 6230 6155 6181 4 6324
6282 6230 6257 3 6430 6395 6324 4 8498 8516
8540 8527 4 8515 8527 8548 8536 4 8486 8498
8527 8515 4 8416 8454 8514 8487 4 8487 8539
8517 8458 4 8387 8416 8487 8458 4 8529 8554
8540 8516 4 8554 8569 8600 8583 4 8569 8554
8529 8543 3 7838 7846 7867 4 7751 7779 7846
7838 5 5988 6023 6025 6055 6054 3 6129 6181
6155 5 6005 5947 5988 6054 6021 3 5924 5947
6005 3 8157 8125 8127 4 8148 8127 8084 8105
5 8162 8157 8127 8148 8175 4 8157 8160 8096
8125 3 8162 8160 8157 3 7984 8008 8022 4
6431 6479 6450 6397 4 6430 6431 6397 6395 4
6519 6587 6552 6497 4 6616 6671 6639 6587 4
6616 6587 6519 6561 5 7838 7867 7898 7874 7818
4 7818 7792 7719 7747 4 7747 7751 7838 7818
4 7300 7319 7303 7247 4 7114 7045 7082 7161
4 7114 7207 7154 7075 4 7207 7114 7161 7247
4 7856 7813 7682 7722 4 7909 7813 7856 7868
4 7034 6992 6931 6953 4 7104 7034 7075 7154
4 6992 7034 7104 7068 4 6814 6869 6936 6892
4 6892 6953 6931 6858 4 6784 6814 6892 6858
4 6814 6755 6791 6869 4 6755 6722 6671 6698
4 6722 6755 6814 6784 4 8320 8291 8220 8247
4 8359 8330 8254 8291 4 8359 8291 8320 8387
4 7478 7521 7510 7467 4 7413 7478 7467 7404
3 7372 7369 7301 4 7369 7372 7413 7404 4
7889 7880 7771 7787 4 7984 7974 7880 7889 4
8218 8241 8236 8213 4 8190 8218 8213 8182 4
8058 8096 8091 8053 4 7732 7710 7662 7675 4
8023 8020 8017 8022 4 7771 7710 7732 7787 4
8020 8023 8058 8053 4 7974 7984 8022 8017 4
7599 7675 7662 7592 4 7592 7510 7521 7599 5
8159 8168 8190 8182 8156 3 8159 8156 8154 3
8160 8168 8159 5 8154 8091 8096 8160 8159 4
7641 7646 7761 7754 4 7582 7584 7646 7641 5
6827 6836 6823 6760 6765 3 6837 6836 6827 4
6680 6682 6765 6760 4 7956 7898 7903 7965 4
7996 7956 7965 7978 4 8002 7996 7978 8007 4
6836 6905 6899 6823 4 6907 6905 6836 6837 4
6257 6181 6187 6261 4 6324 6257 6261 6328 5
6439 6433 6430 6324 6328 4 7846 7851 7888 7867
4 7779 7788 7851 7846 4 6025 6023 6031 6032
4 6129 6134 6187 6181 4 7888 7903 7898 7867
4 8447 8441 8438 8443 3 8469 8441 8447 4
6032 6134 6129 6025 5 8361 8379 8377 8348 8351
3 8352 8361 8351 4 8351 8348 8308 8310 4
8313 8352 8351 8310 3 6449 6433 6439 4 8406
8443 8438 8401 4 7419 7424 7529 7523 4 7319
7326 7424 7419 5 8268 8281 8272 8236 8241 3
8282 8281 8268 3 8051 8002 8007 4 6479 6486
6574 6569 5 6431 6433 6449 6486 6479 5 7009
7015 7033 7086 7082 5 6905 6964 7015 7009 6899
3 7088 7086 7033 3 6907 6964 6905 4 6626
6569 6574 6629 4 6629 6682 6680 6626 4 8377
8379 8406 8401 4 8310 8308 8272 8281 4 8313
8310 8281 8282 4 7584 7582 7523 7529 4 7761
7788 7779 7754 5 7161 7168 7173 7305 7300 4
7086 7168 7161 7082 3 7168 7170 7173 4 7170
7168 7086 7088 3 6431 6430 6433 4 7305 7326
7319 7300 4 8037 8041 8045 8043 3 8050 8037
8043 4 8230 8231 8233 8234 4 8177 8179 8231
8230 4 8145 8147 8179 8177 4 8243 8248 8234
8233 3 8243 8263 8248 3 8095 8100 8099 4
8101 8100 8095 8050 3 8051 8045 8041 3 8100
8111 8099 5 8147 8145 8111 8100 8101 3 6659
6508 6656 4 7180 7179 7138 7139 4 6781 6659
6656 6769 4 7185 7180 7139 7142 4 7187 7186
7120 7118 5 7110 7164 7187 7118 7102 3 7110
7155 7164 5 7110 7091 7054 7107 7155 4 7163
7127 7138 7179 4 7098 7065 7043 7078 4 7123
7101 7099 7100 4 7100 7127 7163 7123 4 7078
7099 7101 7098 4 6919 6897 6946 6957 4 6852
6831 6897 6919 3 7102 7091 7110 3 7006 7035
7038 3 6986 7035 7006 5 7035 7050 7107 7054
7038 5 7032 7050 7035 6986 6976 4 7018 6957
6946 6999 4 6769 6831 6852 6781 4 7142 7120
7186 7185 4 6976 6944 6993 7032 4 7043 7065
7018 6999 3 6776 6775 6711 3 6847 6848 6898
4 6847 6775 6776 6848 4 9572 9528 9473 9527
4 9572 9614 9574 9528 4 9175 9129 9055 9110
4 8585 8638 8708 8642 4 8591 8638 8585 8499
4 8211 8305 8422 8337 4 8688 8632 8555 8622
4 8975 8930 8853 8892 4 8688 8759 8707 8632
4 9175 9248 9201 9129 4 9659 9629 9575 9606
3 8138 8109 8076 5 8197 8305 8211 8109 8138
4 9613 9572 9527 9573 5 10057 10305 10306 10120
10058 4 10191 10305 10057 9999 4 8709 8638 8591
8652 4 9189 9118 9067 9135 3 8250 8198 8219
5 8312 8205 8089 8198 8250 4 7924 7738 7587
7752 4 8399 8305 8197 8294 4 8312 8402 8300
8205 4 7921 7738 7924 8060 4 8069 7932 7740
7921 4 9614 9572 9613 9661 5 10306 10432 10258
10188 10120 4 9189 9135 9209 9258 4 9609 9581
9635 9666 4 10305 10491 10492 10306 3 10681 10683
10682 3 10944 10819 10899 4 10191 10387 10491 10305
7 10683 10681 10573 10484 10819 10944 11067 4 9239
9175 9110 9157 4 8769 8708 8638 8709 4 8898
8862 8937 8978 4 8637 8715 8764 8693 4 9243
9166 9118 9189 4 8975 9054 9004 8930 4 9213
9284 9244 9159 4 9659 9715 9684 9629 4 9299
9248 9175 9239 4 9940 9901 9858 9893 4 9693
9659 9606 9640 4 9940 9982 9947 9901 4 9715
9659 9693 9744 4 9026 8975 8892 8949 4 8842
8891 8961 8904 4 8688 8736 8801 8759 4 8513
8422 8305 8399 4 8835 8891 8842 8781 4 8675
8736 8688 8622 4 7828 7630 7505 7598 3 7977
7855 8077 5 7977 7798 7630 7828 7855 4 8499
8585 8500 8394 4 8397 8509 8591 8499 4 8394
8293 8397 8499 4 8530 8455 8337 8422 4 8530
8622 8555 8455 4 8804 8853 8930 8879 4 8853
8783 8821 8892 4 8733 8783 8853 8804 4 8759
8821 8783 8707 4 9026 9104 9054 8975 4 9439
9398 9334 9377 4 9315 9284 9213 9251 4 9284
9350 9310 9244 4 9439 9497 9459 9398 4 9566
9537 9472 9511 4 9315 9390 9350 9284 3 7992
8138 8076 5 8069 8197 8138 7992 7932 4 9900
9939 9892 9857 4 9243 9189 9258 9305 4 9700
9646 9609 9666 3 8376 8312 8250 5 8897 8850
8882 8948 8973 5 8376 8457 8519 8402 8312 4
8897 8841 8786 8850 5 8430 8376 8250 8219 8346
4 8624 8561 8637 8693 4 9036 8955 8898 8978
3 8948 8882 8916 4 8693 8764 8806 8744 3
8430 8457 8376 4 8624 8693 8744 8682 4 8077
8124 8219 8198 4 7977 8077 8198 8089 4 8089
8205 8073 7943 4 7943 7798 7977 8089 4 7752
7943 8073 7924 4 7605 7798 7943 7752 4 8294
8197 8069 8188 4 8394 8500 8399 8294 4 8188
8293 8394 8294 4 8300 8402 8509 8397 4 8191
8073 8205 8300 4 8293 8191 8300 8397 4 8060
8188 8069 7921 4 8060 7924 8073 8191 4 8188
8060 8191 8293 4 8978 8937 9016 9066 4 9223
9167 9246 9293 4 10432 10306 10492 10608 3 10683
10762 10682 6 10802 10762 10683 11067 11290 10919 4
9433 9388 9325 9380 4 9387 9432 9379 9324 4
9211 9144 9210 9263 4 9441 9388 9433 9482 4
9756 9714 9668 9708 4 9593 9547 9585 9637 4
9055 9129 9070 8993 4 8977 9042 9110 9055 4
8993 8928 8977 9055 4 8594 8500 8585 8642 4
8642 8708 8772 8713 4 8659 8594 8642 8713 4
9152 9070 9129 9201 4 9201 9248 9312 9270 4
9231 9152 9201 9270 4 9520 9552 9606 9575 4
9575 9629 9599 9544 4 9480 9520 9575 9544 4
9387 9440 9481 9432 4 9713 9755 9707 9667 4
9546 9592 9636 9584 5 10030 9939 9900 9863 9957
5 9878 9826 9772 9988 10081 5 9775 9666 9635
9603 9712 5 10191 9999 9936 9878 10081 5 9700
9666 9775 9835 9729 3 9041 9059 9049 4 8652
8591 8509 8599 4 8718 8775 8709 8652 4 8599
8663 8718 8652 4 9067 9009 9077 9135 5 8984
9067 9118 9059 9041 4 9009 9067 8984 8935 4
9972 9940 9893 9931 4 9939 9971 9930 9892 4
10239 10202 10161 10201 4 10022 9982 9940 9972 4
10239 10283 10240 10202 5 10030 10099 10016 9971 9939
5 10565 10402 10331 10258 10432 5 10320 10239 10201
10163 10246 4 9109 9036 8978 9066 4 9446 9386
9337 9405 4 9322 9260 9223 9293 4 9478 9454
9514 9545 4 9293 9246 9314 9357 4 9446 9405
9462 9501 4 9571 9515 9478 9545 4 9322 9293
9357 9394 4 8891 8956 9028 8961 4 9388 9332
9274 9325 4 9075 9144 9211 9147 4 8938 8897
8973 9001 4 9336 9387 9324 9280 4 9144 9080
9150 9210 4 8889 8956 8891 8835 4 8938 8867
8841 8897 4 9075 9018 9080 9144 4 8862 8809
8886 8937 4 8788 8862 8898 8832 4 8742 8809
8862 8788 4 8715 8637 8598 8671 4 8788 8832
8764 8715 4 8742 8788 8715 8671 4 8957 8938
9001 9031 4 8867 8938 8957 8890 4 8960 8879
8930 9004 4 9004 9054 9131 9083 4 9083 9043
8960 9004 4 9159 9083 9131 9213 4 9126 9159
9244 9204 4 9126 9043 9083 9159 4 9622 9594
9537 9566 4 9824 9874 9846 9791 4 9709 9733
9790 9766 4 9471 9439 9377 9417 4 9332 9388
9441 9395 4 9593 9556 9503 9547 4 9756 9807
9762 9714 4 9798 9742 9785 9833 4 9645 9593
9637 9682 4 9533 9497 9439 9471 4 9798 9760
9710 9742 4 9556 9593 9645 9607 4 10073 10121
10090 10041 4 9845 9798 9833 9881 4 9990 9945
9973 10027 4 9824 9852 9902 9874 4 9760 9798
9845 9818 4 9961 9909 9945 9990 4 8870 8949
8892 8821 4 8949 8993 9070 9026 4 8870 8928
8993 8949 4 8977 8904 8961 9042 4 8904 8857
8790 8842 4 8928 8857 8904 8977 4 8801 8870
8821 8759 4 8801 8736 8790 8857 4 8870 8801
8857 8928 4 8513 8604 8530 8422 4 8594 8513
8399 8500 4 8659 8604 8513 8594 4 8781 8713
8772 8835 4 8722 8781 8842 8790 4 8722 8659
8713 8781 4 8604 8675 8622 8530 4 8675 8722
8790 8736 4 8659 8722 8675 8604 4 9104 9026
9070 9152 4 9172 9131 9054 9104 4 9231 9172
9104 9152 4 9270 9312 9377 9334 4 9334 9398
9362 9298 4 9298 9231 9270 9334 4 9172 9251
9213 9131 4 9251 9298 9362 9315 4 9231 9298
9251 9172 4 9282 9204 9244 9310 4 9459 9497
9552 9520 4 9422 9362 9398 9459 4 9480 9422
9459 9520 4 9544 9599 9566 9511 4 9511 9472
9410 9449 4 9449 9480 9544 9511 4 9390 9315
9362 9422 4 9390 9449 9410 9350 4 9480 9449
9390 9422 4 9336 9396 9440 9387 5 9591 9592
9546 9507 9516 4 9806 9755 9713 9761 4 9741
9797 9832 9784 4 9592 9644 9681 9636 4 9740
9796 9797 9741 4 9591 9643 9644 9592 4 9479
9425 9386 9446 3 9560 9591 9516 4 9501 9539
9479 9446 4 9767 9796 9740 9716 4 9560 9608
9643 9591 4 8948 9041 9049 8973 3 8850 8812
8882 4 8519 8599 8509 8402 3 8597 8519 8457
5 8617 8663 8599 8519 8597 4 8718 8786 8841
8775 5 8786 8725 8749 8812 8850 4 8663 8725
8786 8718 3 8725 8717 8749 4 8617 8717 8725
8663 4 8244 8346 8219 8124 4 8346 8461 8534
8430 4 8461 8346 8244 8375 4 8561 8624 8534
8461 4 8495 8598 8637 8561 4 8495 8561 8461
8375 4 9009 8955 9036 9077 4 8955 8875 8832
8898 4 8875 8955 9009 8935 4 8916 8984 9041
8948 5 8865 8916 8882 8812 8791 4 8935 8984
8916 8865 4 8806 8764 8832 8875 4 8865 8791
8744 8806 4 8875 8935 8865 8806 5 8606 8597
8457 8430 8534 3 8606 8617 8597 3 8791 8812
8749 4 8682 8606 8534 8624 5 8682 8744 8791
8749 8717 4 8617 8606 8682 8717 4 10198 10293
10081 9988 4 10293 10198 10409 10484 3 10701 10749
10665 3 10802 10751 10762 5 10751 10802 10919 10749
10701 4 9473 9528 9475 9431 4 9430 9474 9527
9473 4 9431 9376 9430 9473 4 9531 9475 9528
9574 4 9574 9614 9663 9618 4 9580 9531 9574
9618 4 9573 9527 9474 9530 4 9617 9662 9613
9573 4 9530 9579 9617 9573 4 9800 9756 9708
9751 4 9755 9801 9752 9707 4 9912 9879 9836
9880 6 10666 10604 10552 10474 10402 10565 5 10321
10283 10239 10320 10399 4 9209 9135 9077 9155 4
9209 9278 9316 9258 4 9238 9278 9209 9155 4
9525 9581 9609 9559 4 9581 9548 9603 9635 4
9486 9548 9581 9525 3 10666 10723 10604 4 10491
10681 10682 10492 4 10293 10387 10191 10081 4 10387
10573 10681 10491 4 10484 10573 10387 10293 4 9157
9110 9042 9096 4 9225 9288 9239 9157 4 9096
9153 9225 9157 4 9123 9105 9049 9059 4 9229
9200 9281 9294 5 9123 9200 9229 9154 9105 4
8769 8830 8772 8708 5 8769 8709 8775 8789 8794
5 8794 8856 8887 8830 8769 4 9166 9123 9059
9118 4 9200 9166 9243 9281 3 9123 9166 9200
3 8831 8794 8789 3 8831 8856 8794 4 9684
9652 9599 9629 4 9684 9715 9769 9735 4 9706
9652 9684 9735 4 9299 9364 9312 9248 4 9299
9239 9288 9342 4 9406 9364 9299 9342 4 9813
9851 9893 9858 4 9858 9901 9865 9823 4 9774
9813 9858 9823 4 9640 9606 9552 9586 4 9675
9727 9693 9640 4 9586 9620 9675 9640 4 9947
9982 10031 9996 4 9910 9865 9901 9947 4 9996
9958 9910 9947 4 9805 9769 9715 9744 4 9744
9693 9727 9783 4 9831 9805 9744 9783 4 9339
9345 9294 9281 3 9339 9359 9345 4 9857 9892
9850 9812 4 9822 9863 9900 9857 4 9812 9773
9822 9857 4 9305 9339 9281 9243 4 9370 9305
9258 9316 5 9359 9339 9305 9370 9409 4 9646
9589 9559 9609 4 9677 9646 9700 9729 4 9589
9646 9677 9627 4 9016 8937 8886 8965 4 9091
9139 9066 9016 4 9091 9016 8965 9052 4 9167
9223 9139 9091 4 9130 9215 9246 9167 4 9130
9167 9091 9052 5 10701 10665 10565 10432 10608 5
10608 10492 10682 10762 10751 3 10751 10701 10608 4
9380 9431 9475 9433 4 9319 9380 9325 9268 4
9319 9376 9431 9380 4 9430 9379 9432 9474 4
9379 9318 9267 9324 4 9376 9318 9379 9430 4
9263 9319 9268 9211 4 9318 9263 9210 9267 4
9319 9263 9318 9376 4 9531 9482 9433 9475 4
9482 9536 9493 9441 4 9580 9536 9482 9531 4
9668 9618 9663 9708 4 9624 9668 9714 9674 4
9624 9580 9618 9668 4 9536 9585 9547 9493 4
9585 9624 9674 9637 4 9580 9624 9585 9536 4
9481 9530 9474 9432 4 9535 9481 9440 9492 4
9535 9579 9530 9481 4 9617 9667 9707 9662 4
9667 9623 9673 9713 4 9579 9623 9667 9617 4
9584 9535 9492 9546 4 9623 9584 9636 9673 4
9535 9584 9623 9579 6 9956 9957 9863 9832 9797
9799 4 9957 10058 10120 10030 4 10057 10058 9957
9956 3 9796 9799 9797 5 9655 9545 9514 9483
9605 5 9712 9603 9571 9545 9655 4 9826 9878
9775 9712 4 9772 9826 9712 9655 3 9898 9956
9799 4 9999 10057 9956 9898 6 9898 9799 9796
9767 9729 9835 4 9835 9775 9878 9936 4 9936
9999 9898 9835 4 9807 9756 9800 9844 4 10047
10089 10050 10011 4 9912 9959 9913 9879 4 9806
9843 9801 9755 4 10088 10046 10010 10049 4 9960
9912 9880 9914 4 10131 10089 10047 10084 4 10088
10130 10083 10046 4 9959 9912 9960 10001 4 10111
10150 10121 10073 4 10089 10132 10094 10050 4 10217
10259 10225 10177 4 10131 10168 10132 10089 4 10366
10403 10368 10328 4 10217 10250 10299 10259 4 10188
10099 10030 10120 5 10099 10171 10088 10049 10016 4
10258 10171 10099 10188 4 9109 9155 9077 9036 4
9109 9066 9139 9182 4 9238 9155 9109 9182 4
9337 9386 9316 9278 4 9300 9369 9405 9337 4
9300 9337 9278 9238 4 9260 9182 9139 9223 4
9260 9322 9369 9300 4 9238 9182 9260 9300 4
9421 9483 9514 9454 4 9454 9478 9418 9391 4
9355 9421 9454 9391 4 9314 9246 9215 9287 4
9314 9391 9418 9357 4 9355 9391 9314 9287 4
9525 9559 9501 9462 4 9462 9405 9369 9429 4
9486 9525 9462 9429 4 9515 9571 9603 9548 4
9456 9418 9478 9515 4 9456 9515 9548 9486 4
9394 9429 9369 9322 4 9394 9357 9418 9456 4
9486 9429 9394 9456 4 9028 9096 9042 8961 4
9082 9028 8956 9017 4 9082 9153 9096 9028 4
9225 9274 9332 9288 4 9274 9221 9268 9325 4
9153 9221 9274 9225 4 9147 9082 9017 9075 4
9147 9211 9268 9221 4 9082 9147 9221 9153 5
9105 9069 9001 8973 9049 4 9060 9084 9021 8989
5 9154 9084 9060 9069 9105 4 9280 9229 9294
9336 4 9224 9280 9324 9267 4 9224 9154 9229
9280 4 9150 9080 9021 9084 4 9150 9224 9267
9210 4 9154 9224 9150 9084 4 8889 8835 8772
8830 4 8889 8953 9017 8956 4 8887 8953 8889
8830 4 8867 8789 8775 8841 4 8952 8929 8989
9021 4 8952 8887 8856 8929 4 9018 9075 9017
8953 4 9018 8952 9021 9080 4 8887 8952 9018
8953 3 9069 9031 9001 4 9031 9060 8989 8957
3 9060 9031 9069 4 8890 8831 8789 8867 4
8929 8890 8957 8989 4 8856 8831 8890 8929 4
9622 9566 9599 9652 4 9622 9678 9649 9594 4
9706 9678 9622 9652 4 9791 9735 9769 9824 4
9765 9791 9846 9821 4 9765 9706 9735 9791 4
9733 9709 9649 9678 4 9733 9765 9821 9790 4
9706 9765 9733 9678 4 9417 9377 9312 9364 4
9417 9461 9519 9471 4 9406 9461 9417 9364 4
9395 9342 9288 9332 4 9448 9395 9441 9493 4
9448 9406 9342 9395 4 9503 9556 9519 9461 4
9503 9448 9493 9547 4 9406 9448 9503 9461 4
9813 9762 9807 9851 4 9762 9724 9674 9714 4
9774 9724 9762 9813 4 9785 9823 9865 9833 4
9731 9785 9742 9697 4 9731 9774 9823 9785 4
9682 9637 9674 9724 4 9682 9731 9697 9645 4
9774 9731 9682 9724 4 9533 9586 9552 9497 4
9569 9533 9471 9519 4 9569 9620 9586 9533 4
9675 9710 9760 9727 4 9710 9656 9697 9742 4
9620 9656 9710 9675 4 9607 9569 9519 9556 4
9607 9645 9697 9656 4 9569 9607 9656 9620 4
10041 9996 10031 10073 4 10013 10041 10090 10059 4
10013 9958 9996 10041 4 9910 9881 9833 9865 4
9881 9925 9895 9845 4 9958 9925 9881 9910 4
9973 10013 10059 10027 4 9973 9945 9895 9925 4
10013 9973 9925 9958 4 9805 9852 9824 9769 4
9852 9885 9933 9902 4 9831 9885 9852 9805 4
9818 9783 9727 9760 4 9861 9818 9845 9895 4
9861 9831 9783 9818 4 9909 9961 9933 9885 4
9909 9861 9895 9945 4 9831 9861 9909 9885 4
9345 9396 9336 9294 4 9396 9452 9492 9440 5
9438 9452 9396 9345 9359 4 9507 9546 9492 9452
3 9507 9506 9516 4 9506 9507 9452 9438 4
9761 9812 9850 9806 4 9723 9761 9713 9673 4
9723 9773 9812 9761 4 9822 9784 9832 9863 4
9784 9730 9696 9741 4 9773 9730 9784 9822 4
9681 9723 9673 9636 4 9681 9644 9696 9730 4
9723 9681 9730 9773 4 9696 9695 9740 9741 4
9643 9695 9696 9644 3 9438 9359 9409 4 9425
9370 9316 9386 4 9464 9425 9479 9524 4 9409
9370 9425 9464 5 9506 9464 9524 9560 9516 4
9506 9438 9409 9464 4 9589 9539 9501 9559 4
9539 9576 9524 9479 4 9576 9539 9589 9627 4
9716 9677 9729 9767 4 9664 9716 9740 9695 4
9627 9677 9716 9664 4 9608 9560 9524 9576 4
9608 9664 9695 9643 4 9576 9627 9664 9608 4
9703 9663 9614 9661 4 9661 9613 9662 9704 4
9749 9703 9661 9704 3 10665 10666 10565 5 10749
10885 10723 10666 10665 4 11044 10885 10749 10919 4
9931 9893 9851 9889 4 9969 10017 9972 9931 4
9889 9918 9969 9931 4 9888 9850 9892 9930 4
9930 9971 10016 9968 4 9917 9888 9930 9968 4
10161 10202 10164 10128 4 10127 10163 10201 10161 4
10128 10082 10127 10161 4 10022 10068 10031 9982 4
10022 9972 10017 10061 4 10100 10068 10022 10061 4
10203 10164 10202 10240 4 10240 10283 10321 10291 4
10247 10203 10240 10291 5 10171 10246 10163 10130 10088
4 10246 10331 10402 10320 4 10331 10246 10171 10258
4 9751 9708 9663 9703 4 9794 9840 9800 9751
4 9749 9794 9751 9703 4 9704 9662 9707 9752
4 9752 9801 9841 9795 4 9795 9749 9704 9752
4 9794 9836 9879 9840 4 9836 9795 9841 9880
4 9749 9795 9836 9794 5 10399 10475 10403 10366
10321 4 10474 10399 10320 10402 4 10552 10475 10399
10474 4 9889 9851 9807 9844 4 9844 9800 9840
9883 4 9883 9918 9889 9844 4 10011 10050 10017
9969 4 9965 10004 10047 10011 4 9918 9965 10011
9969 4 9913 9883 9840 9879 4 9965 9913 9959
10004 4 9883 9913 9965 9918 4 9843 9806 9850
9888 4 9884 9841 9801 9843 4 9917 9884 9843
9888 4 9968 10016 10049 10010 4 10010 10046 10003
9964 4 9964 9917 9968 10010 4 9884 9914 9880
9841 4 9914 9964 10003 9960 4 9917 9964 9914
9884 4 10128 10164 10131 10084 4 10084 10047 10004
10044 4 10044 10082 10128 10084 4 10083 10130 10163
10127 4 10043 10003 10046 10083 4 10082 10043 10083
10127 4 10001 10044 10004 9959 4 10001 9960 10003
10043 4 10044 10001 10043 10082 4 10111 10073 10031
10068 4 10111 10145 10189 10150 4 10100 10145 10111
10068 4 10094 10061 10017 10050 4 10139 10094 10132
10172 4 10139 10100 10061 10094 4 10177 10225 10189
10145 4 10177 10139 10172 10217 4 10100 10139 10177
10145 4 10203 10168 10131 10164 4 10168 10207 10172
10132 4 10247 10207 10168 10203 4 10328 10291 10321
10366 4 10294 10328 10368 10332 4 10294 10247 10291
10328 4 10250 10217 10172 10207 4 10250 10294 10332
10299 4 10247 10294 10250 10207 4 8419 8414 8262
8265 4 8723 8799 8765 8690 4 8844 8799 8723
8767 4 8419 8550 8547 8414 4 9743 9739 9680
9685 4 8799 8871 8846 8765 4 9848 9903 9887
9829 4 8844 8918 8871 8799 4 9915 9903 9848
9862 4 8424 8549 8525 8389 5 8523 8577 8549
8424 8467 3 8586 8577 8523 4 8662 8577 8586
8674 3 9220 9173 9181 4 8579 8666 8634 8541
4 8304 8460 8439 8295 4 8669 8580 8619 8699
4 8549 8641 8628 8525 4 9178 9177 9087 9090
4 9158 9249 9240 9148 4 8662 8641 8549 8577
4 9360 9424 9397 9327 5 9264 9249 9158 9173
9220 4 9455 9424 9360 9389 4 8480 8460 8304
8335 4 8669 8666 8579 8580 4 9743 9811 9809
9739 4 9903 9955 9941 9887 4 9915 9974 9955
9903 4 8108 8265 8262 8104 4 8280 8429 8419
8265 4 8122 8280 8265 8108 4 8726 8649 8690
8765 4 8879 8844 8767 8804 4 8460 8584 8568
8439 4 8815 8814 8735 8738 4 8760 8843 8833
8752 4 9265 9262 9177 9178 4 9725 9786 9782
9718 4 9249 9328 9311 9240 4 8750 8669 8699
8778 4 9046 9127 9088 9003 5 8911 8902 8939
9025 9024 4 9804 9786 9725 9734 4 9424 9489
9463 9397 4 9338 9328 9249 9264 3 8911 9024
8988 4 9156 9127 9046 9078 4 9517 9489 9424
9455 4 8279 8424 8389 8239 4 8501 8360 8389
8525 3 8473 8523 8467 4 8467 8424 8279 8319
4 8473 8467 8319 8329 5 8473 8505 8610 8586
8523 4 8505 8473 8329 8367 4 8666 8748 8720
8634 4 8917 8906 8822 8834 5 8963 8877 8899
8911 8988 3 9320 9250 9273 4 8988 9024 9111
9076 3 8981 8979 8982 3 8969 8906 8917 5
9320 9321 9307 9235 9250 4 8963 8988 9076 9056
4 8541 8634 8610 8505 4 8407 8464 8579 8541
4 8407 8541 8505 8367 3 8980 8979 8981 4
8439 8429 8280 8295 4 8580 8470 8517 8619 4
8726 8699 8619 8649 4 8480 8603 8584 8460 4
8894 8873 8795 8808 4 8852 8843 8760 8768 4
8901 8814 8815 8905 4 9113 9199 9192 9106 4
8843 8931 8920 8833 5 8894 8979 8980 8966 8873
4 9216 9199 9113 9122 4 8852 8941 8931 8843
4 8750 8748 8666 8669 4 8906 8894 8808 8822
3 8899 8902 8911 4 9127 9212 9168 9088 5
9323 9320 9273 9275 9348 4 9025 9112 9111 9024
6 8982 8979 8894 8906 8969 9002 3 9323 9321
9320 4 9212 9127 9156 9245 4 9537 9509 9447
9472 4 8501 8480 8335 8360 4 8464 8470 8580
8579 4 8550 8419 8429 8558 4 8648 8645 8547
8550 4 8558 8657 8648 8550 4 9488 9490 9558
9557 4 9694 9757 9753 9689 4 9499 9502 9568
9562 4 8846 8802 8726 8765 4 8846 8871 8958
8924 4 8884 8802 8846 8924 4 9838 9781 9793
9853 6 9699 9719 9711 9686 9658 9669 4 9654
9595 9611 9672 3 9699 9728 9719 3 9648 9658
9686 4 8918 8844 8879 8960 4 8994 8958 8871
8918 4 9043 8994 8918 8960 4 9698 9699 9669
9692 4 9736 9766 9825 9803 4 9728 9699 9698
9754 4 8696 8674 8586 8610 4 8674 8756 8745
8662 4 8777 8756 8674 8696 4 9097 9181 9173
9073 5 9181 9206 9291 9276 9220 4 9119 9206
9181 9097 4 8611 8501 8525 8628 4 8628 8641
8728 8711 4 8705 8611 8628 8711 4 9090 9087
8992 8995 4 9098 9187 9178 9090 4 8995 8999
9098 9090 4 9063 9071 9158 9148 4 9148 9240
9226 9134 4 9047 9063 9148 9134 4 8745 8728
8641 8662 4 9256 9289 9360 9327 4 9327 9397
9373 9301 4 9230 9256 9327 9301 4 9071 9073
9173 9158 3 9276 9264 9220 4 9389 9360 9289
9313 4 9412 9476 9455 9389 4 9313 9346 9412
9389 4 9786 9849 9842 9782 4 10212 10210 10151
10153 4 10242 10236 10181 10190 4 10212 10270 10268
10210 4 10242 10301 10297 10236 4 9859 9849 9786
9804 4 10251 10242 10190 10197 4 10251 10310 10301
10242 4 8558 8429 8439 8568 4 8568 8584 8677
8665 4 8665 8657 8558 8568 4 8738 8735 8645
8648 4 8743 8824 8815 8738 4 8657 8743 8738
8648 4 8752 8665 8677 8760 4 8743 8752 8833
8824 4 8665 8752 8743 8657 4 9199 9286 9277
9192 4 9416 9419 9490 9488 4 9436 9502 9499
9428 4 9763 9757 9694 9701 4 9529 9540 9604
9590 4 9502 9512 9577 9568 4 9297 9286 9199
9216 4 9470 9540 9529 9460 4 9436 9444 9512
9502 4 8778 8699 8726 8802 4 8778 8858 8820
8750 4 8884 8858 8778 8802 4 9003 8924 8958
9046 4 8971 9003 9088 9058 4 8971 8884 8924
9003 4 8939 8902 8820 8858 4 8939 8971 9058
9025 4 8884 8971 8939 8858 4 9838 9827 9764
9781 4 9540 9550 9612 9604 4 9582 9595 9654
9641 4 9335 9323 9348 9358 5 9658 9630 9587
9610 9669 4 9595 9534 9549 9611 3 9335 9321
9323 4 9470 9484 9550 9540 4 9534 9595 9582
9518 4 9399 9335 9358 9420 3 9648 9630 9658
5 9307 9321 9335 9399 9382 4 9078 9046 8958
8994 4 9126 9204 9156 9078 4 9043 9126 9078
8994 4 9567 9509 9537 9594 4 9610 9638 9692
9669 4 9709 9766 9736 9683 4 8696 8610 8634
8720 4 8720 8748 8817 8797 4 8777 8696 8720
8797 4 8834 8822 8745 8756 4 8860 8943 8917
8834 4 8860 8834 8756 8777 4 8877 8797 8817
8899 4 8877 8963 8943 8860 4 8777 8797 8877
8860 4 9195 9273 9250 9162 4 9076 9111 9195
9162 3 9030 9097 9073 3 8983 8981 8982 4
9023 8969 8917 8943 4 9119 9097 9030 9039 4
9235 9307 9291 9206 4 9141 9162 9250 9235 4
9141 9235 9206 9119 5 9056 9033 9023 8943 8963
4 9056 9076 9162 9141 5 9039 9033 9056 9141
9119 3 8983 8980 8981 4 8603 8480 8501 8611
4 8685 8677 8584 8603 4 8705 8685 8603 8611
4 8711 8728 8808 8795 4 8795 8873 8866 8784
4 8784 8705 8711 8795 4 8685 8768 8760 8677
4 8768 8784 8866 8852 4 8705 8784 8768 8685
4 8995 8992 8901 8905 4 8905 8815 8824 8913
4 8913 8999 8995 8905 4 9106 9192 9187 9098
4 9013 9019 9113 9106 4 8999 9013 9106 9098
4 8920 8913 8824 8833 4 9013 8920 8931 9019
4 8913 8920 9013 8999 5 8966 8980 8983 9071
9063 4 8950 8866 8873 8966 4 9047 8950 8966
9063 4 9134 9226 9216 9122 4 9122 9113 9019
9034 4 9034 9047 9134 9122 4 8941 8852 8866
8950 4 8941 9034 9019 8931 4 9047 9034 8941
8950 4 8820 8817 8748 8750 4 8822 8808 8728
8745 4 8902 8899 8817 8820 4 9168 9212 9289
9256 4 9140 9058 9088 9168 4 9230 9140 9168
9256 4 9301 9373 9348 9275 4 9275 9273 9195
9196 4 9196 9230 9301 9275 4 9140 9112 9025
9058 4 9112 9196 9195 9111 4 9230 9196 9112
9140 6 9030 9073 9071 8983 8982 9002 4 9002
8969 9023 9032 4 9032 9039 9030 9002 3 9033
9032 9023 3 9033 9039 9032 4 9313 9289 9212
9245 4 9245 9156 9204 9282 4 9282 9346 9313
9245 4 9447 9509 9476 9412 4 9384 9410 9472
9447 4 9346 9384 9447 9412 4 9384 9310 9350
9410 4 9282 9310 9384 9346 4 9685 9680 9616
9619 4 9687 9746 9743 9685 4 9619 9621 9687
9685 4 9829 9887 9868 9817 4 9770 9789 9848
9829 4 9817 9750 9770 9829 5 9862 9848 9789
9792 9860 5 9869 9937 9943 9915 9862 3 9869
9862 9860 3 9814 9860 9792 3 9869 9890 9937
5 9834 9890 9869 9860 9814 4 9757 9820 9819
9753 4 9983 9981 9922 9923 4 9935 9992 9989
9932 4 9894 9838 9853 9908 4 10066 10012 10026
10075 4 9265 9178 9187 9271 4 9343 9341 9262
9265 4 9271 9349 9343 9265 4 9718 9782 9771
9705 4 9653 9665 9725 9718 4 9705 9647 9653
9718 4 9311 9303 9226 9240 4 9311 9328 9402
9392 4 9378 9303 9311 9392 4 9748 9816 9804
9734 4 9734 9725 9665 9676 4 9688 9748 9734
9676 4 9463 9445 9373 9397 4 9463 9489 9551
9532 4 9508 9445 9463 9532 5 9338 9264 9276
9333 9366 4 9413 9402 9328 9338 4 9366 9434
9413 9338 3 9333 9276 9291 4 9517 9455 9476
9543 4 9578 9551 9489 9517 4 9543 9600 9578
9517 4 9558 9619 9616 9557 4 9561 9558 9490
9494 4 9561 9621 9619 9558 4 9687 9689 9753
9746 4 9689 9626 9632 9694 4 9621 9626 9689
9687 4 9562 9561 9494 9499 4 9626 9562 9568
9632 4 9561 9562 9626 9621 4 9793 9817 9868
9853 4 9732 9793 9781 9721 4 9732 9750 9817
9793 5 9770 9711 9719 9779 9789 5 9711 9691
9631 9642 9686 4 9750 9691 9711 9770 4 9672
9732 9721 9654 4 9691 9672 9611 9631 4 9732
9672 9691 9750 3 9728 9779 9719 3 9642 9648
9686 3 9779 9792 9789 5 9777 9776 9698 9692
9717 3 9777 9780 9776 3 9937 9944 9943 3
9854 9855 9856 4 9803 9777 9717 9736 4 9855
9803 9825 9876 5 9780 9777 9803 9855 9854 5
9754 9814 9792 9779 9728 3 9776 9754 9698 5
9834 9814 9754 9776 9780 5 9890 9907 9962 9944
9937 5 9854 9856 9907 9890 9834 3 9780 9854
9834 4 9763 9828 9820 9757 4 10024 10015 9952
9963 4 10000 9992 9935 9942 4 10040 9981 9983
10042 4 10162 10222 10219 10158 4 9992 10052 10048
9989 4 10024 10074 10070 10015 4 10226 10222 10162
10170 4 10000 10060 10052 9992 4 10222 10277 10274
10219 4 10226 10279 10277 10222 4 9882 9827 9838
9894 4 10029 10024 9963 9970 4 10066 10053 9995
10012 4 10118 10066 10075 10135 4 10074 10024 10029
10086 4 10286 10275 10221 10228 4 10053 10066 10118
10109 4 10275 10286 10347 10329 4 9277 9271 9187
9192 4 9356 9277 9286 9365 4 9356 9349 9271
9277 4 9343 9419 9416 9341 4 9419 9423 9494
9490 4 9349 9423 9419 9343 4 9428 9356 9365
9436 4 9428 9499 9494 9423 4 9356 9428 9423
9349 4 9701 9705 9771 9763 4 9639 9701 9694
9632 4 9639 9647 9705 9701 4 9653 9590 9604
9665 4 9590 9583 9521 9529 4 9647 9583 9590
9653 4 9577 9639 9632 9568 4 9577 9512 9521
9583 4 9639 9577 9583 9647 4 9297 9216 9226
9303 4 9297 9371 9365 9286 4 9378 9371 9297
9303 4 9460 9392 9402 9470 4 9451 9460 9529
9521 4 9451 9378 9392 9460 4 9444 9436 9365
9371 4 9444 9451 9521 9512 4 9378 9451 9444
9371 4 9748 9764 9827 9816 4 9764 9702 9721
9781 4 9688 9702 9764 9748 4 9612 9676 9665
9604 4 9628 9612 9550 9563 4 9628 9688 9676
9612 4 9641 9654 9721 9702 4 9641 9628 9563
9582 4 9688 9628 9641 9702 5 9445 9443 9358
9348 9373 4 9508 9498 9443 9445 4 9587 9532
9551 9610 5 9570 9587 9630 9642 9631 4 9570
9508 9532 9587 4 9549 9534 9469 9526 4 9549
9570 9631 9611 5 9526 9498 9508 9570 9549 3
9372 9366 9333 3 9450 9414 9465 5 9450 9434
9366 9372 9414 4 9413 9484 9470 9402 4 9484
9500 9563 9550 4 9434 9500 9484 9413 5 9518
9450 9465 9469 9534 4 9518 9582 9563 9500 4
9450 9518 9500 9434 3 9443 9420 9358 4 9420
9485 9466 9399 4 9498 9485 9420 9443 3 9630
9648 9642 4 9485 9526 9469 9466 3 9498 9526
9485 5 9382 9372 9333 9291 9307 5 9414 9382
9399 9466 9465 3 9372 9382 9414 3 9469 9465
9466 4 9567 9543 9476 9509 4 9625 9567 9594
9649 4 9625 9600 9543 9567 4 9578 9638 9610
9551 4 9638 9657 9717 9692 4 9600 9657 9638
9578 4 9683 9625 9649 9709 4 9683 9736 9717
9657 4 9625 9683 9657 9600 4 9811 9743 9746
9815 4 9867 9866 9809 9811 4 9815 9871 9867
9811 4 9941 9916 9868 9887 4 9941 9955 10019
9998 4 9977 9916 9941 9998 4 9974 9915 9943
9997 4 9830 9771 9782 9842 4 9842 9849 9906
9896 4 9891 9830 9842 9896 4 10153 10151 10097
10098 4 10154 10215 10212 10153 4 10098 10101 10154
10153 4 10129 10136 10190 10181 4 10181 10236 10230
10174 4 10117 10129 10181 10174 4 10215 10273 10270
10212 4 10292 10230 10236 10297 4 9859 9804 9816
9870 4 9911 9906 9849 9859 4 9870 9924 9911
9859 4 10197 10190 10136 10143 4 10205 10262 10251
10197 4 10143 10148 10205 10197 4 10262 10316 10310
10251 4 9815 9746 9753 9819 4 9819 9820 9877
9873 4 9873 9871 9815 9819 4 9923 9922 9866
9867 4 9926 9987 9983 9923 4 9871 9926 9923
9867 4 9932 9873 9877 9935 4 9926 9932 9989
9987 4 9873 9932 9926 9871 4 9908 9853 9868
9916 4 9908 9967 9949 9894 4 9977 9967 9908
9916 4 10054 9998 10019 10069 4 10035 10054 10108
10093 4 10035 9977 9998 10054 4 10026 10012 9949
9967 4 10026 10035 10093 10075 4 9977 10035 10026
9967 4 9828 9763 9771 9830 4 9886 9877 9820
9828 4 9891 9886 9828 9830 4 9896 9906 9963
9952 4 9952 10015 10006 9946 4 9946 9891 9896
9952 4 9886 9942 9935 9877 4 9942 9946 10006
10000 4 9891 9946 9942 9886 4 10098 10097 10040
10042 4 10042 9983 9987 10045 4 10045 10101 10098
10042 4 10158 10219 10215 10154 4 10103 10110 10162
10158 4 10101 10103 10158 10154 4 10048 10045 9987
9989 4 10103 10048 10052 10110 4 10045 10048 10103
10101 4 10070 10074 10136 10129 4 10064 10006 10015
10070 4 10117 10064 10070 10129 4 10174 10230 10226
10170 4 10170 10162 10110 10114 4 10114 10117 10174
10170 4 10060 10000 10006 10064 4 10060 10114 10110
10052 4 10117 10114 10060 10064 4 10274 10273 10215
10219 4 10292 10279 10226 10230 4 9882 9870 9816
9827 4 9938 9882 9894 9949 4 9938 9924 9870
9882 4 9911 9970 9963 9906 4 9970 9979 10037
10029 4 9924 9979 9970 9911 4 9995 9938 9949
10012 4 9995 10053 10037 9979 4 9938 9995 9979
9924 4 10135 10075 10093 10146 4 10135 10186 10173
10118 4 10146 10200 10186 10135 4 10086 10143 10136
10074 4 10095 10086 10029 10037 4 10095 10148 10143
10086 4 10205 10221 10275 10262 4 10221 10160 10173
10228 4 10148 10160 10221 10205 4 10109 10095 10037
10053 4 10109 10118 10173 10160 4 10095 10109 10160
10148 4 10329 10316 10262 10275 4 8414 8413 8261
8262 4 8547 8545 8413 8414 4 9739 9738 9679
9680 4 9177 9174 9086 9087 4 9809 9808 9738
9739 4 8261 8103 8104 8262 4 8814 8813 8734
8735 4 9262 9261 9174 9177 4 8901 8900 8813
8814 4 8645 8643 8545 8547 4 9488 9557 9555
9487 4 8992 9087 9086 8991 4 10210 10209 10149
10151 4 10267 10209 10210 10268 4 8734 8643 8645
8735 4 9416 9488 9487 9415 4 8991 8900 8901
8992 4 9616 9680 9679 9615 4 9981 9980 9920
9922 4 9341 9340 9261 9262 4 9615 9555 9557
9616 4 10040 10038 9980 9981 4 9415 9340 9341
9416 4 9866 9864 9808 9809 4 10097 10151 10149
10096 4 9920 9864 9866 9922 4 10096 10038 10040
10097 4 12303 12351 12350 12302 4 13047 13094 13093
13045 5 13793 13794 13871 13870 13792 4 12256 12257
12303 12302 4 13000 13001 13047 13045 4 13745 13746
13793 13792 4 12680 12632 12634 12681 4 12322 12371
12365 12318 4 12695 12648 12651 12697 4 13423 13376
13378 13424 4 13064 13113 13110 13063 4 13435 13389
13393 13440 4 12322 12318 12270 12272 4 12322 12272
12277 12326 4 12726 12680 12681 12727 4 13064 13063
13018 13020 4 12743 12740 12695 12697 4 12326 12374
12371 12322 4 12697 12651 12654 12702 4 13064 13020
13024 13069 4 12743 12697 12702 12747 4 13467 13423
13424 13468 4 13807 13805 13760 13762 4 13483 13479
13435 13440 4 13069 13118 13113 13064 4 13440 13393
13395 13442 4 13807 13762 13765 13810 4 13483 13440
13442 13486 4 12488 12442 12444 12489 4 12309 12356
12354 12306 4 12493 12448 12452 12496 4 13235 13188
13189 13239 4 13055 13101 13099 13053 4 13241 13194
13195 13242 5 13879 13878 13803 13805 13807 5 13926
13976 13974 13923 13925 5 13931 13979 13976 13926 13928
4 12112 12157 12155 12111 4 12309 12306 12259 12261
4 12117 12163 12160 12115 4 12339 12292 12297 12346
4 12150 12153 12199 12196 4 12868 12913 12912 12867
4 13055 13053 13004 13009 4 12873 12917 12915 12871
4 12339 12346 12394 12389 4 12479 12483 12527 12525
4 13081 13035 13039 13084 4 12897 12902 12948 12943
4 13604 13651 13650 13603 4 13797 13796 13748 13750
4 13611 13657 13654 13609 4 13081 13084 13130 13129
4 12533 12488 12489 12534 4 12685 12683 12637 12638
4 12543 12541 12493 12496 4 12311 12359 12356 12309
4 12503 12459 12462 12509 4 12496 12452 12454 12497
4 12685 12638 12641 12690 4 12558 12553 12503 12509
4 12543 12496 12497 12544 4 13285 13235 13239 13286
4 13429 13426 13381 13382 4 13290 13288 13241 13242
4 13057 13103 13101 13055 4 13251 13202 13206 13255
4 13242 13195 13196 13245 4 13429 13382 13385 13431
4 13301 13298 13251 13255 4 13290 13242 13245 13293
5 13813 13884 13879 13807 13810 4 12063 12065 12112
12111 4 12117 12115 12068 12070 4 12311 12309 12261
12264 4 12131 12180 12173 12130 4 12121 12167 12163
12117 4 12131 12130 12082 12086 4 12070 12074 12121
12117 4 12335 12288 12292 12339 4 12136 12183 12180
12131 4 12150 12196 12191 12143 4 12103 12107 12153
12150 4 12086 12091 12136 12131 4 12143 12098 12103
12150 4 12815 12816 12868 12867 4 12733 12729 12683
12685 4 12873 12871 12820 12822 4 13057 13055 13009
13010 4 12884 12930 12925 12881 4 12875 12919 12917
12873 4 12690 12735 12733 12685 4 12884 12881 12828
12832 4 12822 12825 12875 12873 4 12335 12339 12389
12384 4 12509 12462 12467 12512 4 12519 12474 12479
12525 4 12667 12672 12719 12713 4 12525 12527 12578
12572 4 12558 12509 12512 12559 4 12710 12661 12667
12713 4 12519 12525 12572 12567 4 13075 13031 13035
13081 4 12887 12933 12930 12884 4 12897 12943 12941
12896 4 12713 12719 12765 12759 4 12852 12859 12902
12897 4 12832 12841 12887 12884 4 12710 12713 12759
12755 4 12896 12848 12852 12897 4 13558 13559 13604
13603 4 13472 13470 13426 13429 4 13611 13609 13563
13565 4 13797 13750 13751 13798 4 13621 13665 13662
13618 4 13613 13658 13657 13611 4 13431 13476 13472
13429 4 13621 13618 13573 13575 4 13565 13568 13613
13611 4 13075 13081 13129 13123 4 13255 13206 13209
13258 4 13268 13219 13223 13270 4 13301 13255 13258
13303 4 13448 13402 13407 13453 4 13268 13270 13314
13311 4 13816 13770 13774 13819 4 13624 13671 13665
13621 4 13633 13680 13678 13631 4 13575 13577 13624
13621 4 13448 13453 13496 13492 4 13631 13586 13590
13633 4 12351 12399 12398 12350 4 12352 12351 12303
12305 4 12399 12351 12352 12400 4 13094 13142 13141
13093 4 13097 13094 13047 13049 4 13142 13094 13097
13143 5 13871 13794 13796 13797 13874 4 13871 13925
13923 13870 4 13926 13925 13871 13874 4 12207 12257
12256 12205 4 12257 12258 12305 12303 4 12209 12258
12257 12207 4 12957 13001 13000 12956 4 13001 13002
13049 13047 4 12958 13002 13001 12957 4 13043 13052
13098 13088 4 12997 13005 13052 13043 4 13700 13746
13745 13699 4 13746 13747 13794 13793 4 13702 13747
13746 13700 4 13088 13098 13144 13135 4 12586 12634
12632 12585 4 12634 12636 12682 12681 4 12589 12636
12634 12586 4 12365 12362 12314 12318 4 12413 12365
12371 12417 4 12362 12365 12413 12412 4 12645 12648
12695 12693 4 12648 12602 12605 12651 4 12596 12602
12648 12645 4 13330 13378 13376 13329 4 13378 13380
13425 13424 4 13332 13380 13378 13330 4 13110 13107
13059 13063 4 13156 13110 13113 13160 4 13107 13110
13156 13152 4 13388 13389 13435 13434 4 13389 13344
13347 13393 4 13340 13344 13389 13388 4 11971 12018
12017 11970 4 12018 11971 11973 12020 4 12266 12270
12318 12314 4 12270 12221 12224 12272 4 12218 12221
12270 12266 4 12032 11986 11991 12036 4 11983 11986
12032 12030 4 12277 12282 12330 12326 4 12232 12277
12272 12224 4 12282 12277 12232 12235 4 11993 12041
12036 11991 4 12041 11993 11999 12049 4 12727 12773
12770 12726 4 12728 12727 12681 12682 4 12773 12727
12728 12774 4 13014 13018 13063 13059 4 13018 12971
12973 13020 4 12967 12971 13018 13014 4 12740 12739
12693 12695 4 12785 12740 12743 12788 4 12739 12740
12785 12783 4 12378 12374 12326 12330 4 12374 12421
12417 12371 4 12425 12421 12374 12378 4 12608 12654
12651 12605 4 12654 12659 12707 12702 4 12612 12659
12654 12608 4 13024 13028 13073 13069 4 12976 13024
13020 12973 4 13028 13024 12976 12981 4 12747 12792
12788 12743 4 12750 12747 12702 12707 4 12792 12747
12750 12795 4 13468 13515 13514 13467 4 13469 13468
13424 13425 4 13515 13468 13469 13516 4 13754 13760
13805 13803 4 13760 13712 13714 13762 4 13707 13712
13760 13754 4 13479 13477 13434 13435 4 13528 13479
13483 13532 4 13477 13479 13528 13525 4 13120 13118
13069 13073 4 13118 13163 13160 13113 4 13165 13163
13118 13120 4 13351 13395 13393 13347 4 13395 13399
13446 13442 4 13354 13399 13395 13351 4 13765 13768
13813 13810 4 13717 13765 13762 13714 4 13768 13765
13717 13719 4 13486 13535 13532 13483 4 13488 13486
13442 13446 4 13535 13486 13488 13538 4 12444 12442
12398 12399 4 12445 12492 12489 12444 4 12445 12444
12399 12400 4 12352 12305 12306 12354 4 12354 12356
12405 12403 4 12400 12352 12354 12403 4 12448 12493
12492 12445 4 12403 12405 12452 12448 4 12445 12400
12403 12448 4 13189 13188 13141 13142 4 13191 13240
13239 13189 4 13191 13189 13142 13143 4 13097 13049
13053 13099 4 13099 13101 13148 13145 4 13143 13097
13099 13145 4 13194 13241 13240 13191 4 13145 13148
13195 13194 4 13191 13143 13145 13194 5 13878 13874
13797 13798 13803 4 13878 13879 13931 13928 4 13928
13926 13874 13878 4 12157 12207 12205 12155 4 12158
12157 12112 12114 4 12209 12207 12157 12158 4 12258
12259 12306 12305 4 12259 12211 12214 12261 4 12211
12259 12258 12209 4 12158 12114 12115 12160 4 12160
12163 12214 12211 4 12209 12158 12160 12211 4 12297
12307 12353 12346 4 12250 12297 12292 12245 4 12260
12307 12297 12250 4 12250 12245 12196 12199 4 12199
12153 12162 12212 4 12260 12250 12199 12212 4 12913
12957 12956 12912 4 12914 12913 12868 12870 4 12958
12957 12913 12914 4 13002 13004 13053 13049 4 13004
12959 12962 13009 4 12959 13004 13002 12958 4 12914
12870 12871 12915 4 12915 12917 12962 12959 4 12958
12914 12915 12959 4 12402 12394 12346 12353 4 12394
12440 12434 12389 4 12440 12394 12402 12446 4 12483
12479 12434 12440 4 12490 12535 12527 12483 4 12490
12483 12440 12446 4 13039 13043 13088 13084 4 12993
13039 13035 12987 4 12997 13043 13039 12993 4 12960
12952 12908 12916 4 12952 12960 13005 12997 4 12993
12987 12943 12948 4 12948 12902 12908 12952 4 12997
12993 12948 12952 4 13651 13700 13699 13650 4 13652
13651 13604 13606 4 13702 13700 13651 13652 4 13747
13748 13796 13794 4 13748 13703 13705 13750 4 13703
13748 13747 13702 4 13652 13606 13609 13654 4 13654
13657 13705 13703 4 13702 13652 13654 13703 4 13135
13130 13084 13088 4 13130 13177 13175 13129 4 13184
13177 13130 13135 4 12586 12585 12533 12534 4 12534
12489 12492 12539 4 12589 12586 12534 12539 4 12637
12683 12682 12636 4 12591 12592 12638 12637 4 12591
12637 12636 12589 4 12541 12539 12492 12493 4 12541
12543 12592 12591 4 12589 12539 12541 12591 4 12359
12311 12314 12362 4 12409 12405 12356 12359 4 12409
12359 12362 12412 4 12413 12417 12462 12459 4 12459
12503 12500 12456 4 12412 12413 12459 12456 4 12454
12452 12405 12409 4 12454 12456 12500 12497 4 12409
12412 12456 12454 4 12645 12693 12690 12641 4 12641
12638 12592 12593 4 12596 12645 12641 12593 4 12553
12558 12605 12602 4 12547 12500 12503 12553 4 12547
12553 12602 12596 4 12544 12593 12592 12543 4 12544
12497 12500 12547 4 12596 12593 12544 12547 4 13330
13329 13285 13286 4 13286 13239 13240 13287 4 13332
13330 13286 13287 4 13381 13426 13425 13380 4 13333
13336 13382 13381 4 13333 13381 13380 13332 4 13288
13287 13240 13241 4 13288 13290 13336 13333 4 13332
13287 13288 13333 4 13103 13057 13059 13107 4 13150
13148 13101 13103 4 13150 13103 13107 13152 4 13156
13160 13206 13202 4 13202 13251 13250 13200 4 13152
13156 13202 13200 4 13196 13195 13148 13150 4 13196
13200 13250 13245 4 13150 13152 13200 13196 4 13388
13434 13431 13385 4 13385 13382 13336 13338 4 13340
13388 13385 13338 4 13298 13301 13347 13344 4 13296
13250 13251 13298 4 13296 13298 13344 13340 4 13293
13338 13336 13290 4 13293 13245 13250 13296 4 13340
13338 13293 13296 5 13816 13819 13889 13884 13813 4
12018 12065 12063 12017 4 12065 12066 12114 12112 4
12066 12065 12018 12020 4 12022 11974 11978 12024 4
12020 11973 11974 12022 4 12068 12115 12114 12066 4
12022 12024 12070 12068 4 12066 12020 12022 12068 4
12264 12266 12314 12311 4 12215 12264 12261 12214 4
12218 12266 12264 12215 4 12221 12173 12180 12224 4
12173 12170 12125 12130 4 12170 12173 12221 12218 4
12215 12214 12163 12167 4 12167 12121 12125 12170 4
12218 12215 12167 12170 4 11981 12027 12024 11978 4
12027 11981 11983 12030 4 12082 12032 12036 12086 4
12076 12082 12130 12125 4 12030 12032 12082 12076 4
12074 12070 12024 12027 4 12074 12076 12125 12121 4
12027 12030 12076 12074 4 12282 12288 12335 12330 4
12288 12241 12245 12292 4 12241 12288 12282 12235 4
12183 12232 12224 12180 4 12186 12183 12136 12140 4
12235 12232 12183 12186 4 12191 12196 12245 12241 4
12186 12140 12143 12191 4 12241 12235 12186 12191 4
12015 12061 12055 12008 4 12061 12015 12025 12071 4
12119 12162 12153 12107 4 12107 12103 12055 12061 4
12119 12107 12061 12071 4 12041 12091 12086 12036 4
12091 12095 12140 12136 4 12095 12091 12041 12049 4
12052 12005 12008 12055 4 12049 11999 12005 12052 4
12098 12143 12140 12095 4 12098 12052 12055 12103 4
12095 12049 12052 12098 4 12773 12816 12815 12770 4
12816 12818 12870 12868 4 12818 12816 12773 12774 4
12729 12728 12682 12683 4 12776 12729 12733 12777 4
12774 12728 12729 12776 4 12820 12871 12870 12818 4
12776 12777 12822 12820 4 12818 12774 12776 12820 4
13010 13014 13059 13057 4 12965 13010 13009 12962 4
12967 13014 13010 12965 4 12971 12925 12930 12973 4
12925 12922 12876 12881 4 12922 12925 12971 12967 4
12965 12962 12917 12919 4 12919 12875 12876 12922 4
12967 12965 12919 12922 4 12739 12735 12690 12693 4
12735 12781 12777 12733 4 12781 12735 12739 12783 4
12828 12785 12788 12832 4 12826 12828 12881 12876 4
12783 12785 12828 12826 4 12825 12822 12777 12781 4
12825 12826 12876 12875 4 12781 12783 12826 12825 4
12384 12378 12330 12335 4 12429 12384 12389 12434 4
12425 12378 12384 12429 4 12421 12467 12462 12417 4
12467 12472 12516 12512 4 12472 12467 12421 12425 4
12429 12434 12479 12474 4 12474 12519 12516 12472 4
12425 12429 12474 12472 4 12672 12677 12723 12719 4
12626 12672 12667 12621 4 12630 12677 12672 12626 4
12578 12527 12535 12583 4 12626 12621 12572 12578 4
12630 12626 12578 12583 4 12559 12608 12605 12558 4
12564 12559 12512 12516 4 12612 12608 12559 12564 4
12659 12661 12710 12707 4 12661 12617 12621 12667 4
12617 12661 12659 12612 4 12567 12564 12516 12519 4
12567 12572 12621 12617 4 12612 12564 12567 12617 4
13028 13031 13075 13073 4 13031 12985 12987 13035 4
12985 13031 13028 12981 4 12933 12976 12973 12930 4
12936 12933 12887 12889 4 12981 12976 12933 12936 4
12941 12943 12987 12985 4 12936 12889 12896 12941 4
12985 12981 12936 12941 4 12863 12872 12916 12908 4
12812 12823 12872 12863 4 12768 12765 12719 12723 4
12765 12808 12804 12759 4 12808 12765 12768 12812 4
12863 12908 12902 12859 4 12859 12852 12804 12808 4
12812 12863 12859 12808 4 12792 12841 12832 12788 4
12841 12843 12889 12887 4 12843 12841 12792 12795 4
12755 12750 12707 12710 4 12799 12755 12759 12804 4
12795 12750 12755 12799 4 12848 12896 12889 12843 4
12848 12799 12804 12852 4 12843 12795 12799 12848 4
13515 13559 13558 13514 4 13559 13560 13606 13604 4
13560 13559 13515 13516 4 13470 13469 13425 13426 4
13518 13470 13472 13521 4 13516 13469 13470 13518 4
13563 13609 13606 13560 4 13518 13521 13565 13563 4
13560 13516 13518 13563 4 13751 13754 13803 13798 4
13706 13751 13750 13705 4 13707 13754 13751 13706 4
13712 13662 13665 13714 4 13662 13659 13615 13618 4
13659 13662 13712 13707 4 13706 13705 13657 13658 4
13658 13613 13615 13659 4 13707 13706 13658 13659 4
13477 13476 13431 13434 4 13476 13523 13521 13472 4
13523 13476 13477 13525 4 13573 13528 13532 13575 4
13570 13573 13618 13615 4 13525 13528 13573 13570 4
13568 13565 13521 13523 4 13568 13570 13615 13613 4
13523 13525 13570 13568 4 13123 13120 13073 13075 4
13170 13123 13129 13175 4 13165 13120 13123 13170 4
13163 13209 13206 13160 4 13209 13215 13262 13258 4
13215 13209 13163 13165 4 13170 13175 13223 13219 4
13219 13268 13262 13215 4 13165 13170 13219 13215 4
13303 13351 13347 13301 4 13308 13303 13258 13262 4
13354 13351 13303 13308 4 13399 13402 13448 13446 4
13402 13357 13360 13407 4 13357 13402 13399 13354 4
13311 13308 13262 13268 4 13311 13314 13360 13357 4
13354 13308 13311 13357 4 13768 13770 13816 13813 4
13770 13723 13730 13774 4 13723 13770 13768 13719 4
13671 13717 13714 13665 4 13674 13671 13624 13627 4
13719 13717 13671 13674 4 13678 13680 13730 13723 4
13674 13627 13631 13678 4 13723 13719 13674 13678 4
13535 13577 13575 13532 4 13577 13582 13627 13624 4
13582 13577 13535 13538 4 13492 13488 13446 13448 4
13541 13492 13496 13545 4 13538 13488 13492 13541 4
13586 13631 13627 13582 4 13586 13541 13545 13590 4
13582 13538 13541 13586 4 12302 12350 12349 12301 4
13045 13093 13092 13044 4 13792 13870 13869 13791 4
12256 12302 12301 12255 4 13000 13045 13044 12999 4
13745 13792 13791 13744 4 12680 12679 12631 12632 4
13423 13422 13375 13376 4 12726 12725 12679 12680 4
13467 13466 13422 13423 4 12488 12487 12441 12442 4
13235 13234 13187 13188 4 13923 13974 13973 13922 4
12111 12155 12154 12110 4 12867 12912 12911 12866 4
13603 13650 13649 13602 4 12533 12532 12487 12488 4
13285 13284 13234 13235 4 12063 12111 12110 12062 4
12815 12867 12866 12814 4 13558 13603 13602 13557 4
12398 12397 12349 12350 4 13141 13140 13092 13093 4
13869 13870 13923 13922 4 12205 12256 12255 12204 4
12956 13000 12999 12955 4 13699 13745 13744 13698 4
12585 12632 12631 12584 4 13329 13376 13375 13328 4
12017 12016 11969 11970 4 12770 12769 12725 12726 4
13514 13513 13466 13467 4 12397 12398 12442 12441 4
13140 13141 13188 13187 4 12154 12155 12205 12204 4
12911 12912 12956 12955 4 13649 13650 13699 13698 4
12532 12533 12585 12584 4 13284 13285 13329 13328 4
12016 12017 12063 12062 4 12769 12770 12815 12814 4
13513 13514 13558 13557 5 14026 14029 14060 14058 14025
5 14093 14073 14075 14076 14094 4 14105 14093 14094
14107 4 14116 14105 14107 14119 4 14128 14116 14119
14129 4 14139 14138 14128 14129 5 13846 13849 13904
13899 13839 5 14034 14037 14063 14061 14033 5 14094
14076 14078 14080 14096 4 14107 14094 14096 14109 4
14119 14107 14109 14120 4 14129 14119 14120 14130 4
14140 14139 14129 14130 4 13309 13266 13278 13321 5
13930 13936 13962 13959 13924 5 14047 14049 14066 14065
14045 5 14096 14080 14083 14084 14101 4 14109 14096
14101 14111 4 14120 14109 14111 14121 4 14130 14120
14121 14132 4 14143 14140 14130 14132 4 13083 12998
12839 12926 4 13511 13588 13758 13682 4 13986 13997
14014 14009 4 14064 14079 14070 14059 5 14101 14084
14085 14089 14103 4 14111 14101 14103 14113 4 14121
14111 14113 14124 4 14132 14121 14124 14134 4 14144
14143 14132 14134 5 12573 12044 12043 12320 12574 5
13212 13214 13726 13727 13527 4 13840 13948 14005 13975
4 14021 14039 14062 14050 6 14089 14082 14067 14077
14081 14095 4 14103 14089 14095 14108 4 14113 14103
14108 14117 4 14124 14113 14117 14126 4 14134 14124
14126 14136 4 14146 14144 14134 14136 4 13653 13377
13313 13673 6 13993 13903 13653 13673 14041 14044 5
14056 14027 13993 14044 14074 3 14090 14056 14074 5
13109 12851 12610 13210 13645 5 13971 13673 13313 13109
13645 3 14041 13673 13971 4 14056 14055 14028 14027
6 14081 14068 14055 14056 14090 14091 4 14095 14081
14091 14102 4 14108 14095 14102 14112 4 14117 14108
14112 14122 4 14126 14117 14122 14131 4 14136 14126
14131 14141 4 14148 14146 14136 14141 3 14048 14044
14041 5 14074 14044 14048 14086 14088 4 14099 14090
14074 14088 4 13210 12835 13509 13836 4 13645 13210
13836 13992 4 13971 13645 13992 14043 5 14069 14048
14041 13971 14043 3 14086 14048 14069 4 14091 14090
14099 14100 4 14102 14091 14100 14110 4 14112 14102
14110 14118 4 14122 14112 14118 14125 4 14131 14122
14125 14135 4 14141 14131 14135 14145 4 14149 14148
14141 14145 3 14097 14088 14086 3 14097 14099 14088
4 13836 13509 13984 14019 4 13992 13836 14019 14054
4 14043 13992 14054 14072 4 14069 14043 14072 14087
5 14098 14097 14086 14069 14087 5 14100 14099 14097
14098 14106 4 14110 14100 14106 14114 4 14118 14110
14114 14123 4 14125 14118 14123 14133 4 14135 14125
14133 14142 4 14145 14135 14142 14147 4 14149 14145
14147 14150 4 13839 13831 13785 13795 4 13795 13804
13846 13839 4 13924 13914 13893 13900 5 13445 13358
13271 13345 13511 4 13900 13905 13930 13924 5 13682
13614 13531 13445 13511 5 13968 13954 13912 13945 13986
4 14004 14006 14026 14025 5 13831 13839 13899 13892
13826 4 14033 14031 14008 14011 4 13430 13437 13481
13474 4 13530 13482 13489 13537 4 14011 14012 14034
14033 5 13914 13924 13959 13953 13909 4 14045 14038
14016 14023 4 13576 13587 13630 13620 4 13374 13418
13404 13363 4 13713 13666 13681 13725 4 14023 14032
14047 14045 5 14009 14000 13989 13968 13986 4 14059
14051 14040 14046 4 13345 13419 13588 13511 5 13527
13342 13176 13017 13212 5 13667 13501 13342 13527 13840
4 13945 13963 13997 13986 5 13975 13935 13829 13667
13840 5 14001 13978 13935 13975 14021 6 14042 14064
14059 14046 14030 14035 5 14050 14042 14022 14001 14021
4 14064 14042 14050 14067 4 13465 13420 13430 13474
4 13522 13512 13465 13474 4 13522 13474 13481 13529
4 13880 13876 13844 13848 4 13580 13571 13530 13537
4 13601 13561 13576 13620 4 13537 13489 13498 13546
4 13880 13848 13857 13886 4 13663 13644 13601 13620
4 13580 13537 13546 13589 4 13374 13363 13317 13334
4 13663 13620 13630 13676 4 13958 13943 13950 13960
4 13771 13757 13713 13725 4 14060 14075 14073 14058
5 14061 14060 14029 14031 14033 4 14076 14075 14060
14061 4 13246 13254 13300 13295 4 13312 13269 13276
13320 5 13929 13916 13868 13876 13880 5 13955 13991
13988 13944 13951 5 13996 13991 13955 13957 13961 4
14063 14078 14076 14061 5 14065 14063 14037 14038 14045
4 14080 14078 14063 14065 4 13398 13410 13454 13443
4 13316 13362 13350 13305 4 13480 13439 13451 13491
5 13977 13970 13956 13958 13960 5 13987 14010 14002
13972 13980 5 14013 14010 13987 13990 13995 4 14066
14083 14080 14065 5 14070 14066 14049 14051 14059 4
14084 14083 14066 14070 4 14079 14085 14084 14070 4
14082 14079 14064 14067 4 14089 14085 14079 14082 3
12573 12325 12044 5 12575 12853 12614 12325 12573 3
13007 12853 12575 4 12905 12614 12853 13131 5 13131
13427 13214 13211 12905 5 13131 12853 13007 13313 13377
4 13653 13427 13131 13377 3 13427 13726 13214 5
13903 13728 13726 13427 13653 4 13993 13949 13728 13903
3 14027 13949 13993 3 12574 12575 12573 4 12851
12574 12320 12610 5 13007 12575 12574 12851 13109 4
13727 13948 13840 13527 3 13728 13727 13726 4 13949
13948 13727 13728 4 14005 14039 14021 13975 5 14028
14005 13948 13949 14027 4 14039 14005 14028 14055 4
13283 13238 13246 13295 4 13270 13223 13225 13274 4
13819 13774 13778 13823 4 13704 13692 13643 13656 4
13637 13686 13680 13633 4 13661 13710 13704 13656 4
13860 13855 13814 13821 4 13684 13731 13722 13677 4
13433 13387 13398 13443 4 13352 13361 13406 13396 4
13875 13882 13907 13902 4 13841 13828 13783 13799 4
13755 13766 13811 13802 4 13316 13305 13261 13273 5
13374 13334 13292 13322 13408 4 13812 13851 13841 13799
4 13946 13940 13915 13927 4 13847 13877 13866 13830
5 13418 13374 13408 13494 13461 5 13784 13697 13614
13682 13850 5 13725 13681 13635 13668 13759 5 13960
13950 13932 13942 13965 5 13945 13912 13863 13784 13850
5 13771 13725 13759 13842 13815 5 13981 13937 13941
13944 13988 5 13979 13931 13934 13937 13981 4 13295
13300 13346 13339 4 13499 13493 13449 13456 4 13366
13359 13312 13320 4 13348 13302 13310 13356 4 13320
13276 13280 13324 4 13499 13456 13463 13508 4 13400
13392 13348 13356 4 13366 13320 13324 13370 5 13890
13938 13929 13880 13886 5 13999 13967 13969 13972 14002
5 13996 13961 13964 13967 13999 4 13443 13454 13497
13485 4 13670 13655 13612 13626 4 13540 13526 13480
13491 4 13331 13372 13362 13316 4 13539 13490 13504
13549 4 13491 13451 13460 13503 4 13670 13626 13636
13683 4 13592 13579 13539 13549 4 13540 13491 13503
13550 4 13965 13985 13977 13960 4 14020 14000 14009
14030 5 14013 13995 13998 14000 14020 4 13339 13327
13283 13295 4 13453 13407 13412 13457 4 13274 13319
13314 13270 4 13656 13643 13600 13610 4 13457 13500
13496 13453 4 13637 13633 13590 13593 4 13610 13617
13661 13656 4 13547 13542 13493 13499 4 13684 13677
13629 13634 4 13860 13821 13825 13864 4 13718 13764
13752 13708 4 13690 13736 13731 13684 4 13508 13554
13547 13499 4 13718 13708 13660 13672 4 13634 13642
13690 13684 4 13356 13310 13318 13364 4 13386 13341
13352 13396 4 13485 13473 13433 13443 4 13533 13543
13584 13574 4 13396 13406 13452 13441 4 13400 13356
13364 13409 4 13564 13520 13533 13574 4 13386 13396
13441 13432 4 13896 13867 13875 13902 4 13724 13772
13764 13718 4 13755 13802 13786 13741 4 13799 13783
13739 13753 4 13574 13584 13628 13619 4 13711 13720
13766 13755 4 13672 13679 13724 13718 4 13564 13574
13619 13607 4 13741 13695 13711 13755 4 13331 13316
13273 13289 4 13753 13767 13812 13799 4 13715 13701
13655 13670 4 13847 13830 13787 13806 4 13946 13927
13933 13952 4 13883 13906 13898 13872 4 13856 13885
13877 13847 4 13683 13729 13715 13670 4 13883 13872
13843 13854 4 13806 13818 13856 13847 4 13161 13205
13197 13151 4 13205 13161 13166 13213 5 13904 13849
13855 13860 13911 4 13904 13951 13944 13899 4 13955
13951 13904 13911 4 13321 13365 13355 13309 4 13335
13321 13278 13291 4 13365 13321 13335 13379 5 13962
13936 13940 13946 13966 4 13962 13980 13972 13959 4
13987 13980 13962 13966 4 13083 13257 13172 12998 4
13176 13083 12926 13017 4 13257 13083 13176 13342 4
13758 13895 13850 13682 4 13829 13758 13588 13667 4
13895 13758 13829 13935 4 14014 14035 14030 14009 4
14022 14014 13997 14001 4 14042 14035 14014 14022 4
13190 13144 13151 13197 4 13184 13135 13144 13190 4
13781 13785 13831 13826 4 13785 13740 13749 13795 4
13737 13740 13785 13781 4 13756 13804 13795 13749 4
13804 13808 13849 13846 4 13763 13808 13804 13756 4
13343 13299 13309 13355 4 13281 13299 13343 13325 4
13888 13893 13914 13909 4 13893 13865 13873 13900 4
13858 13865 13893 13888 4 13291 13278 13230 13248 4
13881 13905 13900 13873 4 13905 13910 13936 13930 4
13887 13910 13905 13881 4 13976 14006 14004 13974 4
14006 14007 14029 14026 4 14007 14006 13976 13979 5
13892 13889 13819 13823 13826 4 13941 13892 13899 13944
4 13889 13892 13941 13937 4 14008 14031 14029 14007
4 14008 13981 13988 14011 4 13979 13981 14008 14007
4 13390 13437 13430 13384 4 13437 13444 13487 13481
4 13397 13444 13437 13390 4 13256 13208 13220 13267
4 13198 13208 13256 13247 4 13471 13482 13530 13517
4 13482 13438 13447 13489 4 13428 13438 13482 13471
4 13991 14012 14011 13988 4 14012 14015 14037 14034
4 14015 14012 13991 13996 5 13953 13947 13902 13907
13909 4 13969 13953 13959 13972 4 13947 13953 13969
13967 4 14016 14038 14037 14015 4 14016 13999 14002
14023 4 13996 13999 14016 14015 4 13544 13587 13576
13534 4 13587 13597 13639 13630 4 13555 13597 13587
13544 4 13404 13391 13349 13363 4 13450 13404 13418
13461 4 13391 13404 13450 13436 4 13646 13666 13713
13694 4 13666 13622 13635 13681 4 13608 13622 13666
13646 4 14010 14032 14023 14002 4 14032 14036 14049
14047 4 14036 14032 14010 14013 4 14040 14051 14049
14036 4 14040 14020 14030 14046 4 14013 14020 14040
14036 4 13257 13419 13345 13172 4 13419 13501 13667
13588 4 13342 13501 13419 13257 4 13895 13963 13945
13850 4 13963 13978 14001 13997 4 13935 13978 13963
13895 4 13420 13373 13384 13430 4 13413 13420 13465
13459 4 13373 13420 13413 13368 4 13556 13512 13522
13567 4 13512 13505 13459 13465 4 13552 13505 13512
13556 4 13529 13572 13567 13522 4 13536 13529 13481
13487 4 13572 13529 13536 13578 4 13833 13844 13876
13868 4 13844 13800 13809 13848 4 13788 13800 13844
13833 4 13571 13562 13517 13530 4 13616 13571 13580
13625 4 13562 13571 13616 13605 4 13226 13275 13267
13220 4 13282 13275 13226 13236 4 13561 13519 13534
13576 4 13551 13561 13601 13595 4 13519 13561 13551
13502 4 13455 13498 13489 13447 4 13498 13506 13553
13546 4 13462 13506 13498 13455 4 13857 13861 13890
13886 4 13817 13857 13848 13809 4 13861 13857 13817
13824 4 13693 13644 13663 13709 4 13644 13638 13595
13601 4 13685 13638 13644 13693 4 13589 13632 13625
13580 4 13596 13589 13546 13553 4 13632 13589 13596
13640 4 13304 13317 13363 13349 4 13317 13277 13292
13334 4 13676 13721 13709 13663 4 13688 13676 13630
13639 4 13721 13676 13688 13734 4 13939 13943 13958
13956 4 13943 13921 13932 13950 4 13913 13921 13943
13939 4 13757 13738 13694 13713 4 13801 13757 13771
13815 4 13738 13757 13801 13782 4 13254 13246 13197
13205 4 13259 13306 13300 13254 4 13259 13254 13205
13213 4 13174 13179 13227 13222 4 13213 13166 13174
13222 4 13269 13312 13306 13259 4 13222 13227 13276
13269 4 13259 13213 13222 13269 5 13916 13911 13860
13864 13868 4 13916 13929 13961 13957 4 13957 13955
13911 13916 4 13410 13398 13355 13365 4 13421 13464
13454 13410 4 13421 13410 13365 13379 4 13335 13291
13305 13350 4 13350 13362 13405 13394 4 13379 13335
13350 13394 4 13439 13480 13464 13421 4 13394 13405
13451 13439 4 13421 13379 13394 13439 5 13970 13966
13946 13952 13956 4 13970 13977 13995 13990 4 13990
13987 13966 13970 4 13238 13190 13197 13246 4 13231
13238 13283 13279 4 13184 13190 13238 13231 4 13225
13223 13175 13177 4 13231 13279 13274 13225 4 13184
13231 13225 13177 4 13778 13781 13826 13823 4 13733
13778 13774 13730 4 13737 13781 13778 13733 4 13740
13692 13704 13749 4 13692 13691 13641 13643 4 13691
13692 13740 13737 4 13733 13730 13680 13686 4 13686
13637 13641 13691 4 13737 13733 13686 13691 4 13710
13756 13749 13704 4 13716 13710 13661 13669 4 13763
13756 13710 13716 4 13808 13814 13855 13849 4 13814
13769 13775 13821 4 13769 13814 13808 13763 4 13716
13669 13677 13722 4 13722 13731 13775 13769 4 13763
13716 13722 13769 4 13272 13315 13307 13263 4 13315
13272 13281 13325 4 13387 13343 13355 13398 4 13369
13387 13433 13414 4 13325 13343 13387 13369 4 13361
13352 13307 13315 4 13369 13414 13406 13361 4 13315
13325 13369 13361 4 13882 13888 13909 13907 4 13852
13882 13875 13845 4 13858 13888 13882 13852 4 13865
13828 13841 13873 4 13828 13820 13776 13783 4 13820
13828 13865 13858 4 13852 13845 13802 13811 4 13811
13766 13776 13820 4 13858 13852 13811 13820 4 13248
13261 13305 13291 4 13408 13322 13358 13445 4 13851
13881 13873 13841 4 13859 13851 13812 13822 4 13887
13881 13851 13859 4 13910 13915 13940 13936 4 13915
13894 13901 13927 4 13894 13915 13910 13887 4 13859
13822 13830 13866 4 13866 13877 13901 13894 4 13887
13859 13866 13894 5 13494 13583 13549 13504 13461 4
13531 13494 13408 13445 4 13583 13494 13531 13614 5
13668 13635 13592 13549 13583 4 13697 13784 13759 13668
4 13614 13697 13668 13583 5 13897 13942 13932 13906
13883 4 13942 13954 13968 13965 4 13912 13954 13942
13897 5 13897 13883 13854 13815 13842 4 13842 13759
13784 13863 4 13863 13912 13897 13842 4 13884 13934
13931 13879 4 13884 13889 13937 13934 4 13390 13384
13339 13346 4 13346 13300 13306 13353 4 13397 13390
13346 13353 4 13449 13493 13487 13444 4 13403 13411
13456 13449 4 13403 13449 13444 13397 4 13359 13353
13306 13312 4 13359 13366 13411 13403 4 13397 13353
13359 13403 4 13233 13227 13179 13186 4 13233 13186
13198 13247 4 13256 13267 13310 13302 4 13302 13348
13337 13294 4 13247 13256 13302 13294 4 13280 13276
13227 13233 4 13280 13294 13337 13324 4 13233 13247
13294 13280 4 13471 13517 13508 13463 4 13463 13456
13411 13415 4 13428 13471 13463 13415 4 13392 13400
13447 13438 4 13383 13337 13348 13392 4 13383 13392
13438 13428 4 13370 13415 13411 13366 4 13370 13324
13337 13383 4 13428 13415 13370 13383 5 13947 13938
13890 13896 13902 4 13938 13964 13961 13929 4 13967
13964 13938 13947 4 13544 13534 13485 13497 4 13497
13454 13464 13510 4 13555 13544 13497 13510 4 13612
13655 13639 13597 4 13569 13581 13626 13612 4 13569
13612 13597 13555 4 13526 13510 13464 13480 4 13526
13540 13581 13569 4 13555 13510 13526 13569 4 13372
13331 13349 13391 4 13417 13405 13362 13372 4 13417
13372 13391 13436 4 13450 13461 13504 13490 4 13490
13539 13524 13478 4 13436 13450 13490 13478 4 13460
13451 13405 13417 4 13460 13478 13524 13503 4 13417
13436 13478 13460 4 13646 13694 13683 13636 4 13636
13626 13581 13594 4 13608 13646 13636 13594 4 13579
13592 13635 13622 4 13566 13524 13539 13579 4 13566
13579 13622 13608 4 13550 13594 13581 13540 4 13550
13503 13524 13566 4 13608 13594 13550 13566 4 13989
13985 13965 13968 4 13985 13998 13995 13977 4 13989
14000 13998 13985 4 13373 13327 13339 13384 4 13327
13323 13279 13283 4 13323 13327 13373 13368 4 13412
13413 13459 13457 4 13367 13412 13407 13360 4 13368
13413 13412 13367 4 13319 13274 13279 13323 4 13367
13360 13314 13319 4 13323 13368 13367 13319 4 13600
13556 13567 13610 4 13598 13600 13643 13641 4 13552
13556 13600 13598 4 13505 13500 13457 13459 4 13500
13548 13545 13496 4 13548 13500 13505 13552 4 13598
13641 13637 13593 4 13593 13590 13545 13548 4 13552
13598 13593 13548 4 13572 13617 13610 13567 4 13617
13623 13669 13661 4 13623 13617 13572 13578 4 13542
13536 13487 13493 4 13585 13542 13547 13591 4 13578
13536 13542 13585 4 13629 13677 13669 13623 4 13585
13591 13634 13629 4 13623 13578 13585 13629 4 13825
13833 13868 13864 4 13780 13825 13821 13775 4 13788
13833 13825 13780 4 13800 13752 13764 13809 4 13752
13742 13696 13708 4 13742 13752 13800 13788 4 13780
13775 13731 13736 4 13736 13690 13696 13742 4 13788
13780 13736 13742 4 13562 13554 13508 13517 4 13554
13599 13591 13547 4 13599 13554 13562 13605 4 13660
13616 13625 13672 4 13647 13660 13708 13696 4 13605
13616 13660 13647 4 13642 13634 13591 13599 4 13642
13647 13696 13690 4 13599 13605 13647 13642 4 13297
13252 13263 13307 4 13282 13236 13252 13297 4 13275
13318 13310 13267 4 13318 13326 13371 13364 4 13326
13318 13275 13282 4 13297 13307 13352 13341 4 13341
13386 13371 13326 4 13282 13297 13341 13326 4 13519
13473 13485 13534 4 13473 13458 13414 13433 4 13458
13473 13519 13502 4 13543 13551 13595 13584 4 13495
13543 13533 13484 4 13502 13551 13543 13495 4 13452
13406 13414 13458 4 13495 13484 13441 13452 4 13458
13502 13495 13452 4 13409 13455 13447 13400 4 13416
13409 13364 13371 4 13462 13455 13409 13416 4 13506
13520 13564 13553 4 13520 13475 13484 13533 4 13475
13520 13506 13462 4 13432 13416 13371 13386 4 13432
13441 13484 13475 4 13462 13416 13432 13475 4 13861
13867 13896 13890 4 13867 13832 13845 13875 4 13832
13867 13861 13824 4 13772 13817 13809 13764 4 13779
13772 13724 13735 4 13824 13817 13772 13779 4 13786
13802 13845 13832 4 13779 13735 13741 13786 4 13832
13824 13779 13786 4 13739 13693 13709 13753 4 13732
13739 13783 13776 4 13685 13693 13739 13732 4 13638
13628 13584 13595 4 13628 13675 13664 13619 4 13675
13628 13638 13685 4 13732 13776 13766 13720 4 13720
13711 13664 13675 4 13685 13732 13720 13675 4 13632
13679 13672 13625 4 13679 13689 13735 13724 4 13689
13679 13632 13640 4 13607 13596 13553 13564 4 13648
13607 13619 13664 4 13640 13596 13607 13648 4 13695
13741 13735 13689 4 13695 13648 13664 13711 4 13689
13640 13648 13695 4 13289 13304 13349 13331 4 13721
13767 13753 13709 4 13767 13777 13822 13812 4 13777
13767 13721 13734 4 13701 13688 13639 13655 4 13743
13701 13715 13761 4 13734 13688 13701 13743 4 13787
13830 13822 13777 4 13743 13761 13806 13787 4 13777
13734 13743 13787 4 13933 13939 13956 13952 4 13908
13933 13927 13901 4 13913 13939 13933 13908 4 13921
13898 13906 13932 4 13898 13891 13862 13872 4 13891
13898 13921 13913 4 13908 13901 13877 13885 4 13885
13856 13862 13891 4 13913 13908 13885 13891 4 13738
13729 13683 13694 4 13729 13773 13761 13715 4 13773
13729 13738 13782 4 13843 13801 13815 13854 4 13827
13843 13872 13862 4 13782 13801 13843 13827 4 13818
13806 13761 13773 4 13818 13827 13862 13856 4 13773
13782 13827 13818 3 13211 13214 13212 3 13109 13313
13007 4 14062 14077 14067 14050 4 14068 14062 14039
14055 4 14081 14077 14062 14068 4 14025 14058 14057
14024 4 14093 14092 14071 14073 4 14105 14104 14092
14093 4 14116 14115 14104 14105 4 14128 14127 14115
14116 4 14138 14137 14127 14128 4 14004 14025 14024
14003 4 14057 14058 14073 14071 4 13973 13974 14004
14003 4 12372 12377 12424 12418 4 13106 13115 13161
13151 4 12552 12565 12613 12597 4 12361 12315 12324
12372 4 12361 12372 12418 12411 4 13098 13052 13060
13106 4 13098 13106 13151 13144 4 12324 12331 12377
12372 4 12529 12485 12505 12552 4 13060 13066 13115
13106 4 12529 12552 12597 12579 4 13253 13207 13221
13266 4 13253 13266 13309 13299 4 13221 13230 13278
13266 5 12839 12998 12931 12842 12756 4 12696 12704
12749 12741 4 12443 12484 12478 12435 4 12797 12753
12763 12806 4 13171 13220 13208 13164 4 12505 12518
12565 12552 5 12673 12590 12671 12839 12756 4 12862
12877 12920 12904 4 12724 12712 12666 12684 4 13011
12968 12984 13029 4 12734 12688 12696 12741 4 12784
12779 12734 12741 4 12040 11994 12004 12050 4 12443
12435 12391 12401 4 12126 12108 12064 12079 4 12443
12401 12414 12458 4 12126 12079 12094 12138 4 12784
12741 12749 12793 4 13171 13164 13119 13126 4 12855
12845 12797 12806 4 12458 12501 12484 12443 4 12895
12849 12862 12904 4 12806 12763 12775 12817 4 13171
13126 13134 13180 4 12949 12940 12895 12904 4 12855
12806 12817 12865 4 13180 13226 13220 13171 4 12949
12904 12920 12964 4 13071 13054 13011 13029 4 12507
12515 12563 12557 4 12406 12451 12439 12395 4 12576
12526 12540 12588 4 13133 13179 13174 13127 4 12687
12703 12744 12730 4 12660 12644 12600 12616 4 12772
12731 12746 12789 4 12229 12220 12172 12181 4 12545
12499 12507 12557 4 12969 12960 12916 12924 4 12188
12236 12229 12181 4 12406 12395 12347 12357 4 12217
12265 12251 12203 4 12494 12453 12465 12508 4 12375
12419 12404 12358 4 12316 12328 12376 12360 4 12932
12974 12969 12924 4 13133 13127 13079 13085 4 12951
12994 12989 12945 4 12494 12508 12554 12536 4 12715
12670 12687 12730 4 12628 12647 12691 12676 4 13218
13167 13178 13224 4 13128 13117 13070 13082 4 13032
13042 13086 13076 4 13218 13224 13272 13263 4 13090
13137 13128 13082 4 13136 13182 13168 13124 5 12720
12802 12766 12724 12684 5 13091 13013 12931 12998 13172
5 13029 12984 12942 12975 13062 5 13091 13172 13345
13271 13181 5 13071 13029 13062 13149 13116 4 12557
12563 12611 12604 4 12767 12762 12716 12722 4 12633
12623 12576 12588 4 12416 12460 12451 12406 4 12619
12570 12581 12627 4 12588 12540 12551 12599 4 12767
12722 12737 12782 4 12674 12664 12619 12627 4 12633
12588 12599 12646 4 13139 13186 13179 13133 4 12684
12666 12622 12642 5 12598 12635 12720 12684 12642 4
12730 12744 12787 12771 4 12963 12947 12903 12921 4
12831 12811 12772 12789 4 12629 12675 12660 12616 4
12840 12794 12809 12857 4 12789 12746 12761 12803 4
12963 12921 12938 12979 4 12898 12885 12840 12857 4
12831 12789 12803 12850 4 12181 12172 12129 12135 4
12604 12594 12545 12557 4 12924 12916 12872 12879 4
12135 12141 12188 12181 4 12078 12067 12023 12031 4
12217 12203 12156 12171 4 12416 12406 12357 12368 4
12262 12310 12294 12246 4 12230 12273 12265 12217 4
12045 12093 12078 12031 4 12262 12246 12198 12216 4
12171 12182 12230 12217 4 12480 12436 12453 12494 4
12274 12321 12310 12262 4 12316 12360 12345 12299 4
12375 12358 12313 12329 4 12269 12284 12328 12316 4
12216 12231 12274 12262 4 12299 12252 12269 12316 4
12879 12886 12932 12924 4 12810 12805 12762 12767 4
12951 12945 12899 12906 4 13139 13133 13085 13096 4
12988 13033 13026 12980 4 12961 13003 12994 12951 4
12782 12824 12810 12767 4 12988 12980 12937 12946 4
12906 12918 12961 12951 4 12480 12494 12536 12524 4
12627 12581 12595 12639 4 12665 12620 12628 12676 4
12771 12758 12715 12730 4 12807 12821 12869 12856 4
12676 12691 12736 12721 4 12674 12627 12639 12686 4
12844 12796 12807 12856 4 12665 12676 12721 12708 4
13204 13158 13167 13218 4 12995 13041 13033 12988 4
13032 13076 13068 13022 4 13082 13070 13027 13038 4
12856 12869 12910 12900 4 12986 12996 13042 13032 4
12946 12953 12995 12988 4 12844 12856 12900 12888 4
13022 12977 12986 13032 4 13204 13218 13263 13252 4
13038 13051 13090 13082 4 13006 12990 12947 12963 4
13136 13124 13078 13089 4 13203 13249 13229 13183 4
13155 13199 13182 13136 4 12979 13025 13006 12963 4
13203 13183 13138 13159 4 13089 13111 13155 13136 4
12424 12469 12461 12418 4 12431 12424 12377 12386 4
12469 12424 12431 12475 4 13121 13166 13161 13115 4
12613 12657 12643 12597 4 12625 12613 12565 12580 4
12657 12613 12625 12668 4 12307 12315 12361 12353 4
12315 12267 12275 12324 4 12267 12315 12307 12260 4
12411 12402 12353 12361 4 12455 12411 12418 12461 4
12446 12402 12411 12455 4 13060 13052 13005 13016 4
12283 12331 12324 12275 4 12331 12338 12386 12377 4
12290 12338 12331 12283 4 12476 12485 12529 12520 4
12485 12447 12463 12505 4 12432 12447 12485 12476 4
13021 13066 13060 13016 4 13066 13074 13121 13115 4
13030 13074 13066 13021 4 12579 12566 12520 12529 4
12624 12579 12597 12643 4 12566 12579 12624 12615 4
13193 13207 13253 13237 4 13207 13162 13173 13221 4
13147 13162 13207 13193 4 13237 13253 13299 13281 4
13185 13230 13221 13173 4 13201 13248 13230 13185 4
12655 12704 12696 12649 4 12704 12709 12754 12749 4
12663 12709 12704 12655 4 12478 12470 12426 12435 4
12522 12478 12484 12530 4 12470 12478 12522 12514 4
12745 12753 12797 12790 4 12753 12711 12718 12763 4
12701 12711 12753 12745 4 13164 13208 13198 13153 4
12392 12433 12419 12375 4 12616 12600 12556 12569 4
12481 12466 12423 12437 4 12830 12877 12862 12813 4
12877 12891 12935 12920 4 12847 12891 12877 12830 4
12712 12694 12650 12666 4 12751 12712 12724 12766 4
12694 12712 12751 12738 4 12950 12968 13011 12992 4
12968 12928 12942 12984 4 12907 12928 12968 12950 4
12080 12033 12040 12087 4 12071 12025 12033 12080 4
12688 12640 12649 12696 4 12677 12688 12734 12723 4
12640 12688 12677 12630 4 12823 12779 12784 12827 4
12779 12768 12723 12734 4 12812 12768 12779 12823 4
12050 12097 12087 12040 4 12056 12050 12004 12009 4
12097 12050 12056 12105 4 12380 12391 12435 12426 4
12391 12341 12355 12401 4 12332 12341 12391 12380 4
12108 12099 12053 12064 4 12152 12108 12126 12169 4
12099 12108 12152 12144 4 12414 12427 12471 12458 4
12367 12414 12401 12355 4 12427 12414 12367 12382 4
12138 12184 12169 12126 4 12148 12138 12094 12102 4
12184 12138 12148 12194 4 12793 12838 12827 12784 4
12798 12793 12749 12754 4 12838 12793 12798 12846 4
13108 13119 13164 13153 4 13119 13072 13077 13126 4
13061 13072 13119 13108 4 12845 12833 12790 12797 4
12890 12845 12855 12901 4 12833 12845 12890 12883 4
12513 12501 12458 12471 4 12501 12546 12530 12484 4
12560 12546 12501 12513 4 12849 12801 12813 12862 4
12836 12849 12895 12882 4 12801 12849 12836 12791 4
12732 12775 12763 12718 4 12775 12786 12829 12817 4
12742 12786 12775 12732 4 13134 13146 13192 13180 4
13087 13134 13126 13077 4 13146 13134 13087 13100 4
12982 12940 12949 12991 4 12940 12927 12882 12895 4
12970 12927 12940 12982 4 12865 12909 12901 12855 4
12878 12865 12817 12829 4 12909 12865 12878 12923 4
13236 13226 13180 13192 4 12964 13008 12991 12949 4
12978 12964 12920 12935 4 13008 12964 12978 13023 4
13260 13277 13317 13304 4 13054 13037 12992 13011 4
13095 13054 13071 13116 4 13037 13054 13095 13080 4
12515 12507 12461 12469 4 12521 12568 12563 12515 4
12521 12515 12469 12475 4 12431 12386 12395 12439 4
12439 12451 12495 12482 4 12475 12431 12439 12482 4
12526 12576 12568 12521 4 12482 12495 12540 12526 4
12521 12475 12482 12526 4 13127 13174 13166 13121 4
12703 12687 12643 12657 4 12714 12757 12744 12703 4
12714 12703 12657 12668 4 12625 12580 12600 12644 4
12644 12660 12706 12689 4 12668 12625 12644 12689 4
12731 12772 12757 12714 4 12689 12706 12746 12731 4
12714 12668 12689 12731 4 12267 12220 12229 12275 4
12220 12212 12162 12172 4 12212 12220 12267 12260 4
12499 12455 12461 12507 4 12490 12499 12545 12535 4
12446 12455 12499 12490 4 13016 13005 12960 12969 4
12236 12283 12275 12229 4 12244 12236 12188 12195 4
12290 12283 12236 12244 4 12338 12347 12395 12386 4
12347 12300 12312 12357 4 12300 12347 12338 12290 4
12244 12195 12203 12251 4 12251 12265 12312 12300 4
12290 12244 12251 12300 4 12465 12476 12520 12508 4
12420 12465 12453 12407 4 12432 12476 12465 12420 4
12447 12404 12419 12463 4 12404 12390 12342 12358 4
12390 12404 12447 12432 4 12420 12407 12360 12376 4
12376 12328 12342 12390 4 12432 12420 12376 12390 4
12974 13021 13016 12969 4 12983 12974 12932 12939 4
13030 13021 12974 12983 4 13074 13079 13127 13121 4
13079 13034 13040 13085 4 13034 13079 13074 13030 4
12983 12939 12945 12989 4 12989 12994 13040 13034 4
13030 12983 12989 13034 4 12566 12554 12508 12520 4
12554 12601 12582 12536 4 12601 12554 12566 12615 4
12670 12624 12643 12687 4 12658 12670 12715 12705 4
12615 12624 12670 12658 4 12647 12628 12582 12601 4
12658 12705 12691 12647 4 12601 12615 12658 12647 4
13178 13193 13237 13224 4 13132 13178 13167 13122 4
13147 13193 13178 13132 4 13162 13117 13128 13173 4
13117 13102 13058 13070 4 13102 13117 13162 13147 4
13132 13122 13076 13086 4 13086 13042 13058 13102 4
13147 13132 13086 13102 4 13281 13272 13224 13237 4
13137 13185 13173 13128 4 13157 13137 13090 13112 4
13201 13185 13137 13157 4 13261 13216 13228 13273 4
13216 13261 13248 13201 4 13157 13112 13124 13168 4
13168 13182 13228 13216 4 13201 13157 13168 13216 5
12802 12892 12857 12809 12766 4 12842 12802 12720 12756
4 12892 12802 12842 12931 5 12975 12942 12898 12857
12892 4 13013 13091 13062 12975 4 12931 13013 12975
12892 5 13232 13322 13292 13249 13203 4 13271 13358
13322 13232 5 13232 13203 13159 13116 13149 4 13149
13062 13091 13181 4 13181 13271 13232 13149 4 12655
12649 12604 12611 4 12611 12563 12568 12618 4 12663
12655 12611 12618 4 12716 12762 12754 12709 4 12669
12678 12722 12716 4 12669 12716 12709 12663 4 12623
12618 12568 12576 4 12623 12633 12678 12669 4 12663
12618 12623 12669 4 12460 12416 12426 12470 4 12504
12495 12451 12460 4 12504 12460 12470 12514 4 12522
12530 12581 12570 4 12570 12619 12609 12562 4 12514
12522 12570 12562 4 12551 12540 12495 12504 4 12551
12562 12609 12599 4 12504 12514 12562 12551 4 12745
12790 12782 12737 4 12737 12722 12678 12692 4 12701
12745 12737 12692 4 12664 12674 12718 12711 4 12653
12609 12619 12664 4 12653 12664 12711 12701 4 12646
12692 12678 12633 4 12646 12599 12609 12653 4 12701
12692 12646 12653 4 13153 13198 13186 13139 4 12392
12375 12329 12344 4 12629 12616 12569 12587 4 12555
12528 12486 12511 4 12481 12437 12457 12498 5 12548
12635 12598 12555 12511 4 12635 12673 12756 12720 4
12590 12673 12635 12548 4 12830 12813 12771 12787 4
12787 12744 12757 12800 4 12847 12830 12787 12800 4
12903 12947 12935 12891 4 12860 12880 12921 12903 4
12860 12903 12891 12847 4 12811 12800 12757 12772 4
12811 12831 12880 12860 4 12847 12800 12811 12860 4
12675 12629 12650 12694 4 12717 12706 12660 12675 4
12717 12675 12694 12738 4 12751 12766 12809 12794 4
12794 12840 12819 12780 4 12738 12751 12794 12780 4
12761 12746 12706 12717 4 12761 12780 12819 12803 4
12717 12738 12780 12761 4 12950 12992 12979 12938 4
12938 12921 12880 12894 4 12907 12950 12938 12894 4
12885 12898 12942 12928 4 12864 12819 12840 12885 4
12864 12885 12928 12907 4 12850 12894 12880 12831 4
12850 12803 12819 12864 4 12907 12894 12850 12864 4
12129 12080 12087 12135 4 12119 12129 12172 12162 4
12071 12080 12129 12119 4 12640 12594 12604 12649 4
12594 12583 12535 12545 4 12583 12594 12640 12630 4
12879 12872 12823 12827 4 12097 12141 12135 12087 4
12141 12149 12195 12188 4 12149 12141 12097 12105 4
12067 12056 12009 12023 4 12113 12067 12078 12127 4
12105 12056 12067 12113 4 12156 12203 12195 12149 4
12113 12127 12171 12156 4 12149 12105 12113 12156 4
12368 12380 12426 12416 4 12323 12368 12357 12312 4
12332 12380 12368 12323 4 12341 12294 12310 12355 4
12294 12286 12240 12246 4 12286 12294 12341 12332 4
12323 12312 12265 12273 4 12273 12230 12240 12286 4
12332 12323 12273 12286 4 12099 12093 12045 12053 4
12093 12137 12127 12078 4 12137 12093 12099 12144 4
12198 12152 12169 12216 4 12190 12198 12246 12240 4
12144 12152 12198 12190 4 12182 12171 12127 12137 4
12182 12190 12240 12230 4 12137 12144 12190 12182 4
12427 12436 12480 12471 4 12436 12393 12407 12453 4
12393 12436 12427 12382 4 12321 12367 12355 12310 4
12333 12321 12274 12287 4 12382 12367 12321 12333 4
12345 12360 12407 12393 4 12333 12287 12299 12345 4
12393 12382 12333 12345 4 12313 12268 12285 12329 4
12295 12313 12358 12342 4 12249 12268 12313 12295 4
12295 12342 12328 12284 4 12284 12269 12223 12238 4
12249 12295 12284 12238 4 12184 12231 12216 12169 4
12231 12242 12287 12274 4 12242 12231 12184 12194 4
12252 12299 12287 12242 4 12252 12208 12223 12269 4
12208 12252 12242 12194 4 12838 12886 12879 12827 4
12886 12893 12939 12932 4 12893 12886 12838 12846 4
12805 12798 12754 12762 4 12854 12805 12810 12861 4
12846 12798 12805 12854 4 12899 12945 12939 12893 4
12854 12861 12906 12899 4 12893 12846 12854 12899 4
13096 13108 13153 13139 4 13050 13096 13085 13040 4
13061 13108 13096 13050 4 13072 13026 13033 13077 4
13026 13019 12972 12980 4 13019 13026 13072 13061 4
13050 13040 12994 13003 4 13003 12961 12972 13019 4
13061 13050 13003 13019 4 12833 12824 12782 12790 4
12824 12874 12861 12810 4 12874 12824 12833 12883 4
12937 12890 12901 12946 4 12929 12937 12980 12972 4
12883 12890 12937 12929 4 12918 12906 12861 12874 4
12918 12929 12972 12961 4 12874 12883 12929 12918 4
12524 12513 12471 12480 4 12571 12524 12536 12582 4
12560 12513 12524 12571 4 12546 12595 12581 12530 4
12595 12607 12652 12639 4 12607 12595 12546 12560 4
12571 12582 12628 12620 4 12620 12665 12652 12607 4
12560 12571 12620 12607 4 12801 12758 12771 12813 4
12758 12748 12705 12715 4 12748 12758 12801 12791 4
12821 12836 12882 12869 4 12778 12821 12807 12764 4
12791 12836 12821 12778 4 12736 12691 12705 12748 4
12778 12764 12721 12736 4 12748 12791 12778 12736 4
12686 12732 12718 12674 4 12698 12686 12639 12652 4
12742 12732 12686 12698 4 12786 12796 12844 12829 4
12796 12752 12764 12807 4 12752 12796 12786 12742 4
12708 12698 12652 12665 4 12708 12721 12764 12752 4
12742 12698 12708 12752 4 13146 13158 13204 13192 4
13158 13114 13122 13167 4 13114 13158 13146 13100 4
13041 13087 13077 13033 4 13056 13041 12995 13012 4
13100 13087 13041 13056 4 13068 13076 13122 13114 4
13056 13012 13022 13068 4 13114 13100 13056 13068 4
13027 12982 12991 13038 4 13015 13027 13070 13058 4
12970 12982 13027 13015 4 12927 12910 12869 12882 4
12910 12954 12944 12900 4 12954 12910 12927 12970 4
13015 13058 13042 12996 4 12996 12986 12944 12954 4
12970 13015 12996 12954 4 12909 12953 12946 12901 4
12953 12966 13012 12995 4 12966 12953 12909 12923 4
12888 12878 12829 12844 4 12934 12888 12900 12944 4
12923 12878 12888 12934 4 12977 13022 13012 12966 4
12977 12934 12944 12986 4 12966 12923 12934 12977 4
13252 13236 13192 13204 4 13008 13051 13038 12991 4
13051 13065 13112 13090 4 13065 13051 13008 13023 4
12990 12978 12935 12947 4 13036 12990 13006 13046 4
13023 12978 12990 13036 4 13078 13124 13112 13065 4
13036 13046 13089 13078 4 13065 13023 13036 13078 4
13244 13289 13273 13228 4 13260 13304 13289 13244 4
13277 13229 13249 13292 4 13229 13217 13169 13183 4
13217 13229 13277 13260 4 13244 13228 13182 13199 4
13199 13155 13169 13217 4 13260 13244 13199 13217 4
13037 13025 12979 12992 4 13025 13067 13046 13006 4
13067 13025 13037 13080 4 13138 13095 13116 13159 4
13125 13138 13183 13169 4 13080 13095 13138 13125 4
13111 13089 13046 13067 4 13111 13125 13169 13155 4
13067 13080 13125 13111 4 12477 12518 12505 12463 4
12518 12531 12580 12565 4 12491 12531 12518 12477 4
12606 12622 12666 12650 4 12622 12577 12598 12642 4
12561 12577 12622 12606 4 12477 12463 12419 12433 4
12450 12433 12392 12408 4 12491 12477 12433 12450 4
12556 12600 12580 12531 4 12510 12523 12569 12556 4
12510 12556 12531 12491 4 12450 12408 12423 12466 4
12466 12481 12523 12510 4 12491 12450 12466 12510 4
12363 12408 12392 12344 4 12606 12650 12629 12587 4
12542 12587 12569 12523 4 12561 12606 12587 12542 4
12528 12555 12598 12577 4 12517 12473 12486 12528 4
12517 12528 12577 12561 4 12498 12542 12523 12481 4
12498 12457 12473 12517 4 12561 12542 12498 12517 4
11533 11582 11580 11532 4 11615 11625 11674 11666 4
10650 10648 10588 10592 4 10714 10648 10650 10717 4
11481 11482 11533 11532 4 11605 11559 11567 11615 4
11605 11615 11666 11658 4 11567 11576 11625 11615 4
11925 11876 11877 11926 4 11556 11604 11600 11553 4
11940 11893 11899 11946 4 11949 11958 12004 11994 4
10621 10687 10676 10618 4 10694 10687 10621 10634 4
11083 11082 11031 11032 4 10687 10744 10738 10676 4
11109 11105 11055 11058 4 11144 11146 11082 11083 4
11109 11142 11136 11105 4 10694 10752 10744 10687 4
11196 11185 11119 11129 4 11118 11109 11058 11063 4
11196 11252 11242 11185 4 11141 11142 11109 11118 4
11148 11146 11144 11150 4 11556 11553 11499 11504 4
11142 11178 11172 11136 4 11556 11504 11509 11561 4
11178 11142 11141 11184 4 11926 11971 11970 11925 4
11991 11986 11940 11946 4 11561 11609 11604 11556 4
11987 11943 11949 11994 4 11946 11899 11901 11948 4
11987 11994 12040 12033 4 11948 11993 11991 11946 4
11210 11196 11129 11154 4 11252 11196 11210 11259 4
11732 11682 11683 11733 4 11542 11594 11588 11537 4
11736 11688 11690 11737 4 11760 11768 11815 11808 4
10436 10437 10487 10486 4 10663 10659 10596 10603 4
10442 10444 10498 10496 4 10735 10726 10664 10674 4
10876 10874 10826 10827 4 10663 10725 10722 10659 4
10887 10882 10829 10835 4 10778 10726 10735 10791 4
10922 10971 10962 10914 4 10935 10884 10893 10942 4
11320 11387 11385 11318 4 11542 11537 11484 11487 4
11330 11393 11391 11327 4 11578 11524 11539 11591 4
11464 11457 11411 11420 4 11382 11395 11440 11431 4
11578 11591 11640 11627 4 11799 11751 11760 11808 4
11727 11735 11780 11771 4 10986 10971 10922 10938 4
11427 11475 11464 11420 4 11776 11732 11733 11777 4
11930 11928 11882 11883 4 11787 11786 11736 11737 4
11546 11595 11594 11542 4 11749 11702 11705 11752 4
11737 11690 11691 11740 4 11930 11883 11888 11934 4
11800 11798 11749 11752 4 11787 11737 11740 11792 4
11808 11815 11863 11856 4 10377 10378 10437 10436 4
10389 10444 10442 10386 4 10668 10663 10603 10607 4
10457 10465 10517 10513 4 10444 10450 10502 10498 4
10414 10465 10457 10401 4 10389 10393 10450 10444 4
10726 10708 10645 10664 4 10465 10469 10521 10517 4
10488 10501 10549 10540 4 10414 10420 10469 10465 4
10488 10441 10451 10501 4 10928 10874 10876 10930 4
11038 11091 11089 11035 4 10887 10937 10934 10882 4
10668 10729 10725 10663 4 10906 10898 10847 10853 4
10890 10887 10835 10840 4 11097 11091 11038 11042 4
10906 10955 10950 10898 4 10937 10887 10890 10940 4
11091 11130 11134 11089 4 11137 11130 11091 11097 4
10708 10726 10778 10764 4 10911 10906 10853 10857 4
10935 10921 10870 10884 4 10971 11022 11010 10962 4
11152 11086 11099 11164 4 10983 10935 10942 10989 4
10955 10906 10911 10958 4 11152 11133 11077 11086 4
10921 10935 10983 10972 4 11181 11152 11164 11203 4
11181 11162 11133 11152 4 11262 11266 11320 11318 4
11130 11159 11156 11134 4 11330 11327 11270 11272 4
11546 11542 11487 11490 4 11351 11408 11405 11344 4
11334 11397 11393 11330 4 11137 11163 11159 11130 4
11351 11344 11284 11289 4 11272 11274 11334 11330 4
11573 11519 11524 11578 4 11356 11415 11408 11351 4
11382 11431 11422 11372 4 11420 11411 11353 11367 4
11209 11181 11203 11220 4 11316 11333 11395 11382 4
11289 11295 11356 11351 4 11162 11181 11209 11200 4
11372 11308 11316 11382 4 11978 11974 11928 11930 4
11934 11981 11978 11930 4 11573 11578 11627 11623 4
11752 11705 11710 11757 4 11766 11722 11727 11771 4
11856 11846 11799 11808 4 11916 11924 11968 11963 4
11771 11780 11828 11819 4 11800 11752 11757 11807 4
11960 11911 11916 11963 4 11766 11771 11819 11814 4
11963 11968 12015 12008 4 11960 11963 12008 12005 4
11022 10971 10986 11037 4 11367 11379 11427 11420 4
11582 11635 11634 11580 4 11585 11582 11533 11535 4
11635 11582 11585 11636 4 11674 11723 11715 11666 4
11685 11674 11625 11637 4 11723 11674 11685 11730 4
10592 10588 10537 10539 4 10594 10654 10650 10592 4
10539 10542 10594 10592 4 10771 10768 10714 10717 4
10717 10650 10654 10720 4 10774 10771 10717 10720 4
11434 11482 11481 11433 4 11482 11483 11535 11533 4
11435 11483 11482 11434 4 11550 11559 11605 11598 4
11559 11507 11512 11567 4 11497 11507 11559 11550 4
11658 11645 11598 11605 4 11704 11658 11666 11715 4
11645 11658 11704 11693 4 11522 11576 11567 11512 4
11576 11589 11637 11625 4 11538 11589 11576 11522 4
11827 11877 11876 11826 4 11877 11879 11927 11926 4
11829 11879 11877 11827 4 11600 11597 11549 11553 4
11650 11600 11604 11657 4 11597 11600 11650 11646 4
11890 11893 11940 11938 4 11893 11845 11851 11899 4
11844 11845 11893 11890 4 11909 11958 11949 11902 4
11958 11965 12009 12004 4 11919 11965 11958 11909 4
10326 10323 10268 10270 4 10327 10326 10270 10273 4
10618 10676 10671 10613 4 10561 10567 10621 10618 4
10613 10557 10561 10618 4 10297 10301 10357 10352 4
10349 10292 10297 10352 4 10639 10699 10694 10634 4
10634 10621 10567 10574 4 10582 10639 10634 10574 4
10364 10357 10301 10310 4 10372 10364 10310 10316 4
11032 11031 10978 10979 4 11033 11085 11083 11032 4
10979 10981 11033 11032 4 10733 10671 10676 10738 4
10738 10744 10798 10794 4 10789 10733 10738 10794 4
11055 11105 11102 11050 4 10997 11004 11058 11055 4
11050 10994 10997 11055 4 11143 11144 11083 11085 4
11136 11138 11102 11105 4 10752 10694 10699 10756 4
10808 10798 10744 10752 4 10756 10814 10808 10752 4
11068 11076 11129 11119 4 11119 11185 11173 11106 4
11057 11068 11119 11106 4 11063 11058 11004 11007 4
11072 11122 11118 11063 4 11007 11016 11072 11063 4
11242 11252 11257 11244 5 11241 11224 11173 11185 11242
3 11241 11242 11244 4 11157 11141 11118 11122 4
11150 11208 11207 11148 4 11153 11150 11144 11143 4
11208 11150 11153 11211 4 11495 11499 11553 11549 4
11499 11450 11454 11504 4 11446 11450 11499 11495 4
11172 11169 11138 11136 4 11229 11172 11178 11236 4
11169 11172 11229 11223 4 11509 11511 11568 11561 4
11460 11509 11504 11454 4 11511 11509 11460 11463 4
11294 11244 11257 11306 3 11241 11231 11224 5 11285
11231 11241 11244 11294 4 11184 11243 11236 11178 4
11189 11184 11141 11157 4 11243 11184 11189 11247 4
11973 11971 11926 11927 4 11938 11940 11986 11983 4
11616 11609 11561 11568 4 11609 11663 11657 11604 4
11668 11663 11609 11616 4 11943 11895 11902 11949 4
11933 11943 11987 11980 4 11895 11943 11933 11889 4
11855 11901 11899 11851 4 11901 11905 11951 11948 4
11860 11905 11901 11855 4 11980 11987 12033 12025 4
11999 11993 11948 11951 4 11154 11129 11076 11090 4
11170 11222 11210 11154 4 11090 11104 11170 11154 4
11277 11257 11252 11259 4 11259 11210 11222 11278 4
11277 11259 11278 11287 4 11277 11315 11306 11257 4
11315 11277 11287 11335 4 11683 11682 11634 11635 4
11686 11734 11733 11683 4 11686 11683 11635 11636 4
11585 11535 11537 11588 4 11588 11594 11642 11639 4
11636 11585 11588 11639 4 11688 11736 11734 11686 4
11639 11642 11690 11688 4 11686 11636 11639 11688 4
11768 11760 11715 11723 4 11774 11823 11815 11768 4
11774 11768 11723 11730 4 11685 11637 11648 11695 4
11730 11685 11695 11745 4 11793 11838 11823 11774 4
11793 11774 11730 11745 4 10487 10539 10537 10486 4
10490 10487 10437 10439 4 10490 10542 10539 10487 4
10594 10596 10659 10654 4 10596 10544 10547 10603 4
10542 10544 10596 10594 4 10496 10490 10439 10442 4
10544 10496 10498 10547 4 10490 10496 10544 10542 4
10674 10690 10745 10735 4 10616 10674 10664 10605 4
10625 10690 10674 10616 4 10827 10826 10768 10771 4
10828 10878 10876 10827 4 10774 10828 10827 10771 4
10720 10654 10659 10722 4 10722 10725 10779 10776 4
10776 10774 10720 10722 4 10828 10829 10882 10878 4
10829 10776 10779 10835 4 10774 10776 10829 10828 4
10800 10791 10735 10745 4 10791 10846 10832 10778 4
10854 10846 10791 10800 4 10914 10864 10871 10922 4
10905 10914 10962 10954 4 10905 10854 10864 10914 4
10846 10893 10884 10832 4 10893 10905 10954 10942 4
10854 10905 10893 10846 4 11387 11434 11433 11385 4
11390 11387 11320 11325 4 11435 11434 11387 11390 4
11483 11484 11537 11535 4 11484 11437 11439 11487 4
11437 11484 11483 11435 4 11390 11325 11327 11391 4
11391 11393 11439 11437 4 11435 11390 11391 11437 4
11539 11550 11598 11591 4 11486 11539 11524 11476 4
11497 11550 11539 11486 4 11507 11457 11464 11512 4
11457 11448 11404 11411 4 11448 11457 11507 11497 4
11486 11476 11431 11440 4 11440 11395 11404 11448 4
11497 11486 11440 11448 4 11645 11640 11591 11598 4
11640 11687 11677 11627 4 11687 11640 11645 11693 4
11751 11704 11715 11760 4 11743 11751 11799 11794 4
11693 11704 11751 11743 4 11735 11727 11677 11687 4
11743 11794 11780 11735 4 11687 11693 11743 11735 4
10938 10922 10871 10889 4 10953 10998 10986 10938 4
10889 10903 10953 10938 4 11009 10998 10953 10963 4
11475 11522 11512 11464 4 11488 11475 11427 11441 4
11538 11522 11475 11488 4 11589 11599 11648 11637 4
11552 11599 11589 11538 4 11488 11441 11453 11500 4
11552 11538 11488 11500 4 11827 11826 11776 11777 4
11777 11733 11734 11778 4 11829 11827 11777 11778 4
11882 11928 11927 11879 4 11830 11834 11883 11882 4
11830 11882 11879 11829 4 11786 11778 11734 11736 4
11786 11787 11834 11830 4 11829 11778 11786 11830 4
11595 11546 11549 11597 4 11644 11642 11594 11595 4
11644 11595 11597 11646 4 11650 11657 11705 11702 4
11702 11749 11746 11694 4 11646 11650 11702 11694 4
11691 11690 11642 11644 4 11691 11694 11746 11740 4
11644 11646 11694 11691 4 11890 11938 11934 11888 4
11888 11883 11834 11837 4 11844 11890 11888 11837 4
11798 11800 11851 11845 4 11796 11746 11749 11798 4
11796 11798 11845 11844 4 11792 11837 11834 11787 4
11792 11740 11746 11796 4 11844 11837 11792 11796 4
11909 11902 11856 11863 4 11863 11815 11823 11873 4
11919 11909 11863 11873 4 11977 12023 12009 11965 4
11932 11977 11965 11919 4 11886 11873 11823 11838 4
11932 11919 11873 11886 4 10326 10378 10377 10323 4
10378 10381 10439 10437 4 10327 10381 10378 10326 4
10330 10274 10277 10333 4 10330 10327 10273 10274 4
10386 10442 10439 10381 4 10386 10330 10333 10389 4
10327 10330 10386 10381 4 10607 10613 10671 10668 4
10551 10607 10603 10547 4 10551 10557 10613 10607 4
10561 10513 10517 10567 4 10513 10506 10453 10457 4
10557 10506 10513 10561 4 10502 10551 10547 10498 4
10502 10450 10453 10506 4 10551 10502 10506 10557 4
10279 10339 10333 10277 4 10349 10339 10279 10292 4
10401 10352 10357 10414 4 10397 10401 10457 10453 4
10397 10349 10352 10401 4 10393 10389 10333 10339 4
10393 10397 10453 10450 4 10349 10397 10393 10339 4
10639 10645 10708 10699 4 10645 10589 10605 10664 4
10582 10589 10645 10639 4 10521 10574 10567 10517 4
10530 10521 10469 10476 4 10530 10582 10574 10521 4
10540 10549 10605 10589 4 10540 10530 10476 10488 4
10582 10530 10540 10589 4 10364 10420 10414 10357 4
10420 10424 10476 10469 4 10372 10424 10420 10364 4
10383 10329 10347 10395 4 10383 10372 10316 10329 4
10441 10488 10476 10424 4 10441 10383 10395 10451 4
10372 10383 10441 10424 4 10979 10978 10928 10930 4
10930 10876 10878 10932 4 10932 10981 10979 10930 4
11035 11089 11085 11033 4 10984 10985 11038 11035 4
10981 10984 11035 11033 4 10934 10932 10878 10882 4
10984 10934 10937 10985 4 10932 10934 10984 10981 4
10729 10668 10671 10733 4 10782 10779 10725 10729 4
10789 10782 10729 10733 4 10794 10798 10853 10847 4
10847 10898 10894 10844 4 10844 10789 10794 10847 4
10782 10840 10835 10779 4 10840 10844 10894 10890 4
10789 10844 10840 10782 4 11050 11102 11097 11042 4
11042 11038 10985 10988 4 10988 10994 11050 11042 4
10950 10955 11004 10997 4 10943 10894 10898 10950 4
10994 10943 10950 10997 4 10940 10988 10985 10937 4
10940 10890 10894 10943 4 10988 10940 10943 10994 4
11134 11143 11085 11089 4 11138 11137 11097 11102 4
10764 10756 10699 10708 4 10823 10764 10778 10832 4
10823 10814 10756 10764 4 10808 10857 10853 10798 4
10857 10866 10917 10911 4 10814 10866 10857 10808 4
10870 10823 10832 10884 4 10870 10921 10917 10866 4
10823 10870 10866 10814 4 11068 11010 11022 11076 4
11010 11002 10954 10962 4 11057 11002 11010 11068 4
11099 11106 11173 11164 4 11048 11099 11086 11034 4
11048 11057 11106 11099 4 10989 10942 10954 11002 4
10989 11048 11034 10983 4 11057 11048 10989 11002 4
10958 11007 11004 10955 4 10966 10958 10911 10917 4
10966 11016 11007 10958 4 11072 11077 11133 11122 4
11077 11024 11034 11086 4 11016 11024 11077 11072 4
10972 10966 10917 10921 4 10972 10983 11034 11024 4
10966 10972 11024 11016 4 11224 11203 11164 11173 4
11162 11157 11122 11133 4 11208 11266 11262 11207 4
11266 11268 11325 11320 4 11268 11266 11208 11211 4
11156 11153 11143 11134 4 11213 11156 11159 11215 4
11211 11153 11156 11213 4 11270 11327 11325 11268 4
11213 11215 11272 11270 4 11268 11211 11213 11270 4
11490 11495 11549 11546 4 11443 11490 11487 11439 4
11446 11495 11490 11443 4 11450 11405 11408 11454 4
11405 11402 11339 11344 4 11402 11405 11450 11446 4
11443 11439 11393 11397 4 11397 11334 11339 11402 4
11446 11443 11397 11402 4 11169 11163 11137 11138 4
11163 11221 11215 11159 4 11221 11163 11169 11223 4
11284 11229 11236 11289 4 11280 11284 11344 11339 4
11223 11229 11284 11280 4 11274 11272 11215 11221 4
11274 11280 11339 11334 4 11221 11223 11280 11274 4
11511 11519 11573 11568 4 11519 11468 11476 11524 4
11468 11519 11511 11463 4 11415 11460 11454 11408 4
11418 11415 11356 11364 4 11463 11460 11415 11418 4
11422 11431 11476 11468 4 11418 11364 11372 11422 4
11468 11463 11418 11422 4 11353 11294 11306 11367 4
11342 11353 11411 11404 4 11285 11294 11353 11342 4
11231 11220 11203 11224 4 11220 11273 11263 11209 4
11273 11220 11231 11285 4 11342 11404 11395 11333 4
11333 11316 11263 11273 4 11285 11342 11333 11273 4
11243 11295 11289 11236 4 11295 11301 11364 11356 4
11301 11295 11243 11247 4 11200 11189 11157 11162 4
11254 11200 11209 11263 4 11247 11189 11200 11254 4
11308 11372 11364 11301 4 11308 11254 11263 11316 4
11301 11247 11254 11308 4 11974 11973 11927 11928 4
11983 11981 11934 11938 4 11623 11616 11568 11573 4
11672 11623 11627 11677 4 11668 11616 11623 11672 4
11663 11710 11705 11657 4 11710 11717 11763 11757 4
11717 11710 11663 11668 4 11672 11677 11727 11722 4
11722 11766 11763 11717 4 11668 11672 11722 11717 4
11895 11846 11856 11902 4 11846 11840 11794 11799 4
11840 11846 11895 11889 4 11924 11933 11980 11968 4
11878 11924 11916 11869 4 11889 11933 11924 11878 4
11828 11780 11794 11840 4 11878 11869 11819 11828 4
11840 11889 11878 11828 4 11807 11855 11851 11800 4
11810 11807 11757 11763 4 11860 11855 11807 11810 4
11905 11911 11960 11951 4 11911 11864 11869 11916 4
11864 11911 11905 11860 4 11814 11810 11763 11766 4
11814 11819 11869 11864 4 11860 11810 11814 11864 4
12025 12015 11968 11980 4 12005 11999 11951 11960 4
11090 11076 11022 11037 4 11037 10986 10998 11053 4
11053 11104 11090 11037 4 11183 11239 11222 11170 4
11104 11117 11183 11170 4 11066 11053 10998 11009 4
11066 11117 11104 11053 4 11291 11278 11222 11239 4
11287 11278 11291 11299 4 11315 11379 11367 11306 4
11379 11396 11441 11427 4 11396 11379 11315 11335 4
11335 11287 11299 11352 4 11406 11453 11441 11396 4
11406 11396 11335 11352 4 11532 11580 11579 11529 4
10648 10647 10587 10588 4 10714 10711 10647 10648 4
11481 11532 11529 11480 4 11925 11923 11875 11876 4
11082 11081 11030 11031 4 11146 11145 11081 11082 4
11148 11147 11145 11146 4 11923 11925 11970 11969 4
11732 11731 11681 11682 4 10436 10486 10485 10433 4
10874 10873 10825 10826 4 11318 11385 11384 11317 4
11776 11775 11731 11732 4 10377 10436 10433 10376 4
10928 10927 10873 10874 4 11262 11318 11317 11261 4
11634 11632 11579 11580 4 10537 10588 10587 10536 4
10768 10767 10711 10714 4 11433 11481 11480 11432 4
11826 11876 11875 11825 4 10323 10322 10267 10268 4
10978 11031 11030 10977 4 11207 11206 11147 11148 4
11632 11634 11682 11681 4 10536 10485 10486 10537 4
10825 10767 10768 10826 4 11384 11385 11433 11432 4
11775 11776 11826 11825 4 10376 10322 10323 10377 4
10977 10927 10928 10978 4 11206 11207 11262 11261 3
11135 11123 11139 4 10869 11017 11182 11018 4 10307
10276 10227 10260 4 10770 10754 10698 10719 4 10770
10824 10811 10754 4 10785 10770 10719 10732 4 10307
10354 10319 10276 4 11065 11039 10992 11011 4 10824
10770 10785 10841 4 11065 11114 11088 11039 4 10340
10307 10260 10296 4 10643 10633 10552 10604 4 10354
10307 10340 10384 4 11087 11065 11011 11040 3 11324
11526 11421 5 11135 11114 11065 11087 11123 5 10724
10643 10604 10723 10869 5 11018 10886 10805 10724 10869
6 11528 11526 11324 11323 11235 11374 4 10028 10076
10055 10002 4 10105 10076 10028 10056 3 10630 10709
10691 4 10892 10850 10875 10920 5 11265 11346 11347
11310 11264 4 11017 10869 10723 10885 5 11191 11044
10919 11290 11527 4 11374 11503 11660 11528 5 11191
11527 11781 11492 11348 3 9929 9927 9928 4 10184
10141 10169 10218 4 10121 10167 10137 10090 4 10039
9990 10027 10072 5 9985 9962 9907 9927 9929 4
10345 10324 10272 10290 4 10345 10394 10375 10324 4
10076 10133 10106 10055 4 10355 10345 10290 10302 4
10483 10466 10416 10440 4 10394 10345 10355 10408 4
10851 10900 10880 10831 4 10483 10534 10516 10466 4
10152 10133 10076 10105 4 10602 10601 10629 10630 4
10509 10483 10440 10461 4 10916 10900 10851 10868 3
10718 10707 10680 4 10534 10483 10509 10555 4 10900
10946 10926 10880 4 10916 10964 10946 10900 4 10655
10602 10630 10691 5 10739 10718 10680 10655 10691 4
10566 10531 10495 10522 5 10712 10709 10630 10629 10662
4 10566 10610 10569 10531 3 10713 10709 10712 4
11293 11265 11219 11246 3 11293 11346 11265 5 10739
10691 10709 10713 10763 4 11264 11218 11219 11265 4
10960 10933 10892 10920 5 9929 9928 9951 10008 10007
4 9874 9921 9897 9846 4 9825 9766 9790 9847
4 10184 10156 10112 10141 4 9921 9874 9902 9950
4 10039 10014 9961 9990 3 9985 9929 10007 5
10018 9962 9985 10036 10021 4 11180 11230 11202 11149
4 10227 10276 10244 10196 4 10182 10214 10260 10227
4 10196 10147 10182 10227 4 10069 10124 10108 10054
4 10546 10597 10583 10533 4 10501 10514 10560 10549
3 10018 10021 10020 4 10142 10124 10069 10085 4
10144 10195 10175 10126 4 10546 10559 10614 10597 4
10830 10816 10761 10780 4 10586 10612 10669 10642 4
10235 10184 10218 10264 4 10448 10493 10464 10418 4
10382 10334 10363 10410 4 10996 10973 10925 10951 4
10881 10924 10904 10855 4 10837 10786 10809 10856 4
10830 10879 10865 10816 4 10975 11028 11009 10963 4
11020 10973 10996 11047 4 10199 10167 10121 10150 4
10434 10400 10361 10392 4 10259 10304 10269 10225 6
10620 10566 10522 10482 10556 10632 4 10518 10493 10448
10470 4 10434 10473 10449 10400 4 10609 10576 10532
10562 4 10881 10909 10952 10924 4 11025 10999 10957
10980 5 10658 10653 10610 10566 10620 5 11363 11293
11246 11198 11258 5 11363 11447 11400 11346 11293 3
10637 10620 10632 4 11180 11149 11092 11120 4 11025
11026 11000 10999 4 10658 10620 10637 10734 5 11045
10961 10886 11018 11192 5 10976 10920 10875 10839 10901
5 11374 11235 11128 11045 11192 5 10960 10920 10976
11064 11003 4 10002 10055 10032 9976 4 9948 9975
10028 10002 4 9976 9919 9948 10002 4 10079 10134
10105 10056 4 10056 10028 9975 10005 4 10034 10079
10056 10005 5 10007 10009 10063 10036 9985 5 10263
10257 10208 10234 10289 3 10263 10289 10335 4 10715
10697 10700 10750 5 10716 10715 10750 10795 10757 4
11205 11255 11230 11180 5 9927 9856 9855 9876 9928
4 10169 10196 10244 10218 4 10119 10169 10141 10091
4 10119 10147 10196 10169 4 10182 10137 10167 10214
4 10137 10102 10059 10090 4 10147 10102 10137 10182
4 10072 10119 10091 10039 4 10102 10072 10027 10059
4 10119 10072 10102 10147 3 9907 9856 9927 4
10124 10176 10159 10108 4 10300 10286 10228 10238 4
10499 10546 10533 10480 4 10300 10353 10347 10286 4
10514 10501 10451 10460 3 10008 10009 10007 3 10263
10261 10257 4 10220 10195 10144 10165 4 10176 10124
10142 10193 4 10356 10406 10391 10338 4 10195 10249
10229 10175 5 10335 10337 10315 10261 10263 4 10423
10406 10356 10374 4 10220 10271 10249 10195 4 10499
10515 10559 10546 4 10406 10459 10443 10391 4 10558
10612 10586 10541 4 10848 10830 10780 10797 4 10670
10696 10748 10731 4 10612 10628 10689 10669 4 10423
10472 10459 10406 4 10636 10696 10670 10615 4 10558
10572 10628 10612 4 10206 10156 10184 10235 3 10253
10254 10255 4 10382 10359 10309 10334 4 10493 10535
10512 10464 4 10571 10570 10595 10598 4 10428 10382
10410 10454 3 10335 10343 10337 5 10571 10550 10505
10508 10570 5 10427 10360 10359 10382 10428 4 10973
10956 10910 10925 4 10696 10721 10765 10748 4 10760
10786 10837 10812 4 10838 10881 10855 10810 4 10622
10571 10598 10649 4 10786 10737 10755 10809 4 10636
10661 10721 10696 4 10550 10571 10622 10599 4 10760
10706 10737 10786 4 10848 10896 10879 10830 4 10975
10990 11043 11028 4 10956 10973 11020 11001 5 10289
10234 10253 10255 10311 4 10570 10525 10553 10595 5
10343 10335 10289 10311 10362 3 10508 10525 10570 3
10360 10427 10411 4 10467 10434 10392 10422 4 10403
10447 10413 10368 4 10304 10259 10299 10341 4 10535
10493 10518 10563 4 10753 10803 10773 10728 4 10609
10657 10619 10576 4 10467 10511 10473 10434 4 10715
10710 10667 10697 4 10640 10609 10562 10590 4 10833
10803 10753 10788 3 10716 10710 10715 4 10657 10609
10640 10693 4 10838 10859 10909 10881 4 10803 10849
10820 10773 4 10939 10980 10957 10912 4 11069 11098
11151 11108 5 10980 11005 11056 11027 11025 5 10842
10862 10849 10803 10833 4 11014 11052 11098 11069 4
10939 10965 11005 10980 4 11205 11180 11120 11160 3
11027 11026 11025 3 10842 10872 10862 4 11051 11052
11014 11013 4 9951 9976 10032 10008 4 9899 9951
9928 9876 4 9899 9919 9976 9951 4 9948 9897
9921 9975 4 9897 9872 9821 9846 4 9919 9872
9897 9948 4 9847 9899 9876 9825 4 9847 9790
9821 9872 4 9899 9847 9872 9919 4 10079 10112
10156 10134 4 10112 10062 10091 10141 4 10034 10062
10112 10079 4 9950 10005 9975 9921 4 9978 9950
9902 9933 4 9978 10034 10005 9950 4 10014 10039
10091 10062 4 10014 9978 9933 9961 4 10034 9978
10014 10062 5 11123 11096 11115 11175 11139 4 11182
11349 11192 11018 4 11348 11182 11017 11191 4 11349
11182 11348 11492 4 10698 10754 10745 10690 4 10641
10656 10719 10698 4 10625 10641 10698 10690 4 10800
10745 10754 10811 4 10811 10824 10871 10864 4 10854
10800 10811 10864 4 10033 10019 9955 9974 4 9997
10051 10033 9974 4 10732 10719 10656 10672 4 10747
10799 10785 10732 4 10672 10692 10747 10732 4 10319
10298 10244 10276 4 10319 10354 10398 10370 4 10348
10298 10319 10370 4 10992 11039 11015 10968 4 10949
10967 11011 10992 4 10968 10923 10949 10992 4 10889
10871 10824 10841 4 10841 10785 10799 10852 4 10852
10903 10889 10841 4 11070 11015 11039 11088 4 11088
11114 11174 11140 4 11116 11070 11088 11140 4 10296
10260 10214 10245 4 10325 10369 10340 10296 4 10245
10278 10325 10296 4 10425 10398 10354 10384 4 10384
10340 10369 10415 4 10462 10425 10384 10415 4 11040
11011 10967 10995 4 11059 11096 11087 11040 5 11041
11059 11040 10995 11019 4 11135 11187 11174 11114 3
11123 11087 11096 4 11059 11071 11115 11096 3 11041
11071 11059 3 10157 10107 10178 3 10140 10107 10157
4 10818 10850 10892 10861 4 10850 10806 10839 10875
5 10777 10775 10806 10850 10818 4 11264 11310 11286
11238 4 10885 11044 11191 11017 4 11349 11503 11374
11192 4 11503 11641 11782 11660 4 11641 11503 11349
11492 4 10216 10231 10290 10272 4 10272 10324 10312
10252 4 10200 10216 10272 10252 4 10375 10394 10445
10430 4 10365 10312 10324 10375 4 10430 10419 10365
10375 4 10080 10032 10055 10106 5 10106 10133 10179
10178 10107 5 10138 10080 10106 10107 10140 4 10302
10290 10231 10248 4 10317 10371 10355 10302 4 10248
10265 10317 10302 4 10367 10388 10440 10416 4 10416
10466 10446 10396 4 10350 10367 10416 10396 4 10463
10445 10394 10408 4 10408 10355 10371 10421 4 10471
10463 10408 10421 4 10831 10880 10863 10813 4 10781
10801 10851 10831 4 10813 10759 10781 10831 4 10497
10446 10466 10516 4 10516 10534 10581 10564 4 10543
10497 10516 10564 4 10152 10105 10134 10183 4 10204
10179 10133 10152 4 10183 10232 10204 10152 4 10554
10579 10629 10601 6 10601 10602 10635 10624 10623 10600
5 10600 10528 10527 10554 10601 4 10461 10440 10388
10412 4 10477 10529 10509 10461 4 10412 10431 10477
10461 4 10891 10936 10916 10868 4 10868 10851 10801
10821 4 10843 10891 10868 10821 5 10707 10718 10787
10790 10758 5 10679 10624 10635 10680 10707 4 10758
10736 10679 10707 4 10606 10581 10534 10555 4 10555
10509 10529 10577 4 10627 10606 10555 10577 4 10913
10863 10880 10926 4 10926 10946 10993 10974 4 10959
10913 10926 10974 4 10964 10916 10936 10982 4 11008
10993 10946 10964 4 10982 11029 11008 10964 3 10578
10600 10623 3 10655 10635 10602 3 10578 10528 10600
3 10739 10787 10718 3 10655 10680 10635 4 10495
10531 10500 10458 4 10452 10482 10522 10495 4 10458
10417 10452 10495 4 10662 10629 10579 10611 4 10695
10743 10712 10662 4 10611 10638 10695 10662 4 10538
10500 10531 10569 4 10569 10610 10653 10617 4 10580
10538 10569 10617 3 10777 10772 10775 3 10787 10792
10790 5 10796 10783 10713 10712 10743 4 10822 10783
10796 10845 5 11217 11171 11198 11246 11219 3 11217
11127 11171 5 10763 10815 10792 10787 10739 3 10783
10763 10713 4 10822 10815 10763 10783 4 11188 11218
11264 11238 3 11218 11217 11219 5 11126 11127 11217
11218 11188 4 10933 10908 10861 10892 4 10969 10933
10960 11003 4 10908 10933 10969 10947 3 10018 9944
9962 3 10087 10021 10036 4 11149 11202 11175 11115
4 10641 10583 10597 10656 4 10583 10568 10520 10533
4 10625 10568 10583 10641 4 10560 10616 10605 10549
4 10568 10560 10514 10520 4 10625 10616 10560 10568
5 9997 9943 9944 10018 10020 5 10020 10021 10087
10092 10071 4 10071 10051 9997 10020 4 10085 10069
10019 10033 4 10104 10155 10142 10085 4 10051 10104
10085 10033 4 10126 10071 10092 10144 4 10104 10126
10175 10155 4 10071 10126 10104 10051 4 10614 10672
10656 10597 4 10631 10614 10559 10575 4 10631 10692
10672 10614 4 10747 10761 10816 10799 4 10761 10702
10727 10780 4 10692 10702 10761 10747 4 10642 10631
10575 10586 4 10702 10642 10669 10727 4 10631 10642
10702 10692 4 10264 10218 10244 10298 4 10264 10314
10287 10235 4 10348 10314 10264 10298 4 10418 10370
10398 10448 4 10390 10418 10464 10438 4 10390 10348
10370 10418 4 10363 10334 10287 10314 4 10363 10390
10438 10410 4 10348 10390 10363 10314 4 10951 10968
11015 10996 4 10907 10951 10925 10883 4 10907 10923
10968 10951 4 10949 10904 10924 10967 4 10904 10877
10834 10855 4 10923 10877 10904 10949 4 10856 10907
10883 10837 4 10877 10856 10809 10834 4 10907 10856
10877 10923 4 10852 10799 10816 10865 4 10865 10879
10929 10915 4 10915 10903 10852 10865 4 10963 10915
10929 10975 4 10953 10903 10915 10963 4 11070 11047
10996 11015 4 11047 11093 11073 11020 4 11116 11093
11047 11070 4 10199 10245 10214 10167 4 10233 10199
10150 10189 4 10233 10278 10245 10199 4 10325 10361
10400 10369 4 10361 10313 10351 10392 4 10278 10313
10361 10325 4 10269 10233 10189 10225 4 10313 10269
10304 10351 4 10233 10269 10313 10278 5 10475 10556
10482 10447 10403 4 10556 10633 10643 10632 4 10475
10552 10633 10556 4 10470 10448 10398 10425 4 10504
10545 10518 10470 4 10462 10504 10470 10425 4 10415
10369 10400 10449 4 10449 10473 10519 10489 4 10489
10462 10415 10449 4 10504 10532 10576 10545 4 10532
10489 10519 10562 4 10462 10489 10532 10504 4 10952
10995 10967 10924 4 10970 10952 10909 10931 4 10970
11019 10995 10952 3 11019 11021 11041 5 10987 10970
10931 10957 10999 4 10987 11021 11019 10970 3 10658
10678 10653 6 11168 11258 11198 11151 11098 11166 5
11258 11322 11324 11421 11363 3 11322 11258 11168 3
11052 11166 11098 4 11421 11502 11447 11363 4 10637
10632 10643 10724 4 11071 11092 11149 11115 4 11092
11049 11074 11120 5 11021 11049 11092 11071 11041 3
10987 10999 11000 4 11000 11026 11074 11049 4 10987
11000 11049 11021 6 10734 10817 10750 10700 10678 10658
4 10805 10734 10637 10724 4 10817 10734 10805 10886
5 10901 10839 10795 10750 10817 4 10961 11045 10976
10901 4 10886 10961 10901 10817 3 11167 11168 11166
3 11322 11323 11324 5 11235 11323 11322 11168 11167
6 11167 11166 11052 11051 11003 11064 4 11064 10976
11045 11128 4 11128 11235 11167 11064 3 10063 10009
10078 4 10113 10087 10036 10063 3 10078 10113 10063
5 10157 10178 10180 10234 10208 3 10208 10257 10192
4 10192 10140 10157 10208 3 10697 10678 10700 4
10804 10818 10861 10836 3 10804 10777 10818 4 10757
10795 10839 10806 3 10746 10716 10757 4 10775 10746
10757 10806 4 11238 11286 11255 11205 4 10216 10159
10176 10231 4 10159 10146 10093 10108 4 10200 10146
10159 10216 4 10238 10252 10312 10300 4 10186 10238
10228 10173 4 10186 10200 10252 10238 4 10480 10430
10445 10499 4 10468 10480 10533 10520 4 10468 10419
10430 10480 4 10365 10353 10300 10312 4 10353 10404
10395 10347 4 10419 10404 10353 10365 4 10460 10468
10520 10514 4 10460 10451 10395 10404 4 10468 10460
10404 10419 5 10080 10078 10009 10008 10032 4 10113
10116 10092 10087 5 10138 10116 10113 10078 10080 3
10179 10180 10178 5 10185 10192 10257 10261 10237 4
10185 10138 10140 10192 4 10116 10165 10144 10092 4
10165 10185 10237 10220 4 10138 10185 10165 10116 4
10248 10231 10176 10193 4 10193 10142 10155 10211 4
10211 10265 10248 10193 4 10338 10391 10371 10317 4
10282 10303 10356 10338 4 10265 10282 10338 10317 4
10229 10211 10155 10175 4 10282 10229 10249 10303 4
10211 10229 10282 10265 4 10315 10337 10388 10367 4
10295 10237 10261 10315 4 10350 10295 10315 10367 4
10396 10446 10423 10374 4 10374 10356 10303 10318 4
10318 10350 10396 10374 4 10271 10220 10237 10295 4
10271 10318 10303 10249 4 10350 10318 10271 10295 4
10463 10515 10499 10445 4 10515 10523 10575 10559 4
10471 10523 10515 10463 4 10443 10421 10371 10391 4
10494 10443 10459 10510 4 10494 10471 10421 10443 4
10541 10586 10575 10523 4 10541 10494 10510 10558 4
10471 10494 10541 10523 4 10797 10813 10863 10848 4
10742 10797 10780 10727 4 10742 10759 10813 10797 4
10781 10731 10748 10801 4 10731 10703 10644 10670 4
10759 10703 10731 10781 4 10689 10742 10727 10669 4
10689 10628 10644 10703 4 10742 10689 10703 10759 4
10497 10472 10423 10446 4 10472 10524 10510 10459 4
10543 10524 10472 10497 4 10615 10564 10581 10636 4
10591 10615 10670 10644 4 10591 10543 10564 10615 4
10572 10558 10510 10524 4 10572 10591 10644 10628 4
10543 10591 10572 10524 4 10206 10183 10134 10156 4
10256 10206 10235 10287 4 10256 10232 10183 10206 5
10204 10254 10253 10180 10179 4 10254 10280 10281 10255
4 10232 10280 10254 10204 4 10309 10256 10287 10334
5 10309 10359 10358 10281 10280 4 10256 10309 10280
10232 4 10554 10512 10535 10579 4 10512 10479 10438
10464 4 10527 10479 10512 10554 4 10624 10598 10595
10623 3 10526 10527 10528 4 10454 10410 10438 10479
4 10454 10455 10429 10428 5 10526 10455 10454 10479
10527 5 10407 10412 10388 10337 10343 4 10426 10431
10412 10407 4 10477 10505 10550 10529 3 10505 10503
10508 5 10431 10435 10503 10505 10477 3 10360 10358
10359 3 10429 10427 10428 3 10426 10435 10431 4
10891 10910 10956 10936 4 10910 10860 10883 10925 4
10843 10860 10910 10891 4 10765 10821 10801 10748 4
10793 10765 10721 10740 4 10793 10843 10821 10765 4
10812 10837 10883 10860 4 10812 10793 10740 10760 4
10843 10793 10812 10860 4 10810 10758 10790 10838 4
10784 10810 10855 10834 4 10784 10736 10758 10810 4
10679 10649 10598 10624 4 10649 10704 10677 10622 4
10736 10704 10649 10679 4 10755 10784 10834 10809 4
10755 10737 10677 10704 4 10784 10755 10704 10736 4
10606 10661 10636 10581 4 10661 10685 10740 10721 4
10627 10685 10661 10606 4 10599 10577 10529 10550 4
10651 10599 10622 10677 4 10651 10627 10577 10599 4
10706 10760 10740 10685 4 10706 10651 10677 10737 4
10627 10651 10706 10685 4 10896 10848 10863 10913 4
10945 10929 10879 10896 4 10959 10945 10896 10913 4
10945 10990 10975 10929 4 10990 11006 11060 11043 4
10959 11006 10990 10945 4 11001 10982 10936 10956 4
11054 11001 11020 11073 4 11054 11029 10982 11001 3
10253 10234 10180 4 10336 10311 10255 10281 3 10336
10281 10358 4 10553 10578 10623 10595 4 10507 10553
10525 10478 5 10507 10526 10528 10578 10553 4 10455
10507 10478 10429 3 10455 10526 10507 3 10362 10407
10343 4 10385 10362 10311 10336 4 10385 10426 10407
10362 5 10503 10456 10478 10525 10508 3 10435 10456
10503 5 10411 10385 10336 10358 10360 5 10411 10427
10429 10478 10456 5 10426 10385 10411 10456 10435 4
10422 10458 10500 10467 4 10380 10422 10392 10351 4
10380 10417 10458 10422 4 10452 10413 10447 10482 4
10413 10373 10332 10368 4 10417 10373 10413 10452 4
10341 10380 10351 10304 4 10341 10299 10332 10373 4
10380 10341 10373 10417 4 10611 10579 10535 10563 4
10563 10518 10545 10585 4 10585 10638 10611 10563 4
10728 10773 10743 10695 4 10673 10705 10753 10728 4
10638 10673 10728 10695 4 10619 10585 10545 10576 4
10673 10619 10657 10705 4 10585 10619 10673 10638 4
10511 10467 10500 10538 4 10548 10519 10473 10511 4
10580 10548 10511 10538 5 10617 10653 10678 10697 10667
4 10667 10710 10675 10626 4 10626 10580 10617 10667
4 10548 10590 10562 10519 4 10590 10626 10675 10640
4 10580 10626 10590 10548 4 10804 10836 10833 10788
4 10788 10753 10705 10741 5 10741 10772 10777 10804
10788 5 10746 10730 10675 10710 10716 4 10772 10730
10746 10775 4 10693 10741 10705 10657 4 10693 10640
10675 10730 4 10741 10693 10730 10772 5 10858 10859
10838 10790 10792 4 10859 10888 10931 10909 5 10845
10888 10859 10858 10822 4 10820 10796 10743 10773 4
10867 10820 10849 10895 4 10867 10845 10796 10820 4
10912 10957 10931 10888 4 10912 10867 10895 10939 4
10845 10867 10912 10888 4 11171 11108 11151 11198 4
11108 11080 11036 11069 5 11125 11080 11108 11171 11127
3 11056 11100 11027 4 11056 11005 11036 11080 4
11100 11056 11080 11125 3 10836 10842 10833 4 10918
10895 10849 10862 5 10991 11012 11014 11069 11036 3
10991 10948 11012 5 10965 10939 10895 10918 10918 4
10965 10991 11036 11005 4 10948 10991 10965 10918 3
10815 10858 10792 3 10815 10822 10858 4 11160 11188
11238 11205 4 11101 11160 11120 11074 4 11126 11188
11160 11101 3 11125 11127 11126 5 11100 11101 11074
11026 11027 4 11100 11125 11126 11101 5 10908 10872
10842 10836 10861 4 10872 10918 10918 10862 4 10918
10872 10908 10947 4 11013 10969 11003 11051 3 11012
11013 11014 5 10947 10969 11013 11012 10948 3 10918
10918 10918 4 10948 10918 10918 10947 4 11843 11859
11903 11887 4 11528 11660 11661 11531 4 12179 12279
12438 12340 4 11781 11527 11857 12075 5 12175 12835
13210 12610 12385 4 11818 11772 11797 11843 4 11818
11843 11887 11866 6 11531 11701 11587 11502 11421 11526
3 12177 11918 12013 4 11797 11812 11859 11843 3
11528 11531 11526 6 12085 12003 11917 11918 12177 12179
4 11714 11758 11748 11699 4 12079 12064 12021 12034
4 11429 11451 11496 11473 4 11629 11590 11611 11659
5 12340 12247 12166 12085 12179 4 11701 11531 11661
11813 4 12177 12013 12120 12278 5 12081 11936 11783
12044 12325 5 12614 12387 12233 12081 12325 5 12905
12700 12537 12387 12614 3 13211 12700 12905 5 11782
11641 11492 11781 12043 4 12278 12279 12179 12177 4
11782 12043 12044 11783 4 12671 12760 12926 12839 4
12700 12699 12538 12537 6 12858 12699 12700 13211 13212
13017 4 11313 11296 11245 11260 4 11313 11361 11350
11296 4 11340 11313 11260 11282 4 11368 11361 11313
11340 4 11714 11699 11651 11667 4 11361 11377 11358
11350 4 11455 11412 11429 11473 4 11714 11667 11678
11725 4 11517 11501 11455 11473 4 11377 11361 11368
11398 4 11725 11770 11758 11714 4 12178 12134 12146
12193 4 12034 12048 12094 12079 4 12239 12222 12178
12193 4 11517 11473 11496 11547 4 11975 11935 11953
11995 4 11700 11676 11629 11659 4 11662 11709 11695
11648 4 11838 11793 11801 11850 5 11237 11228 11249
11297 11276 4 11354 11298 11331 11386 4 12193 12146
12165 12210 4 12037 12014 11975 11995 4 12319 12276
12293 12337 4 12075 12320 12043 11781 4 12385 12075
11857 12175 4 12320 12075 12385 12610 5 11267 11253
11201 11227 11237 4 11186 11121 11155 11204 4 11662
11648 11599 11610 4 11462 11510 11500 11453 3 11267
11237 11276 4 11769 11726 11744 11791 4 11708 11689
11643 11664 4 11586 11603 11652 11631 4 11769 11791
11833 11816 4 12000 11957 11972 12012 4 11907 11921
11966 11952 3 11227 11228 11237 5 11858 11753 11670
11587 11701 5 11918 11835 11753 11858 12013 4 11679
11724 11708 11664 4 11914 11898 11854 11870 4 11739
11784 11764 11721 4 11347 11346 11400 11399 5 11706
11659 11611 11570 11620 5 11995 11953 11910 11955 12038
4 11836 11835 11918 11917 5 11700 11659 11706 11790
11742 4 12031 12023 11977 11988 4 11896 11886 11838
11850 4 11671 11720 11709 11662 4 11885 11839 11853
11900 4 11850 11801 11811 11861 4 12045 12031 11988
11997 4 11945 11931 11885 11900 4 11896 11850 11861
11906 4 11276 11297 11355 11329 4 11562 11543 11493
11513 4 11426 11407 11354 11386 4 11456 11416 11438
11477 4 11386 11331 11359 11410 4 11562 11513 11544
11583 4 11520 11498 11456 11477 4 11426 11386 11410
11452 4 12239 12193 12210 12253 4 12383 12364 12319
12337 5 12083 12037 11995 12038 12123 5 12422 12336
12247 12340 12506 5 12337 12293 12248 12291 12381 5
12671 12590 12502 12422 12506 5 12428 12383 12337 12381
12464 4 11197 11251 11239 11183 4 11028 11078 11066
11009 4 11094 11075 11023 11046 4 11269 11251 11197
11214 4 11094 11158 11124 11075 4 11078 11028 11043
11095 4 11251 11305 11291 11239 4 11269 11319 11305
11251 4 11113 11094 11046 11061 4 11186 11165 11103
11121 4 11304 11302 11253 11267 4 11378 11345 11369
11371 4 11240 11186 11204 11256 4 11158 11094 11113
11177 4 11376 11321 11345 11378 4 11165 11186 11240
11216 4 11462 11453 11406 11417 4 11671 11662 11610
11624 4 11516 11571 11555 11506 4 11474 11521 11510
11462 4 11516 11506 11459 11467 4 11417 11428 11474
11462 4 11329 11304 11267 11276 4 11378 11371 11419
11403 4 11380 11376 11378 11403 4 11755 11711 11726
11769 4 11536 11581 11571 11516 4 11586 11631 11617
11572 4 11664 11643 11596 11612 4 11403 11419 11461
11445 4 11541 11560 11603 11586 4 11467 11485 11536
11516 4 11380 11403 11445 11425 4 11572 11518 11541
11586 4 11755 11769 11816 11802 4 11900 11853 11865
11908 4 11939 11894 11907 11952 4 12059 12047 12000
12012 4 12089 12100 12145 12133 4 11952 11966 12010
11998 4 11945 11900 11908 11956 4 12118 12073 12089
12133 4 11939 11952 11998 11984 4 12133 12145 12189
12176 4 12118 12133 12176 12161 4 11612 11633 11679
11664 4 11606 11584 11543 11562 4 11739 11721 11675
11697 4 11914 11870 11892 11937 4 11822 11868 11847
11803 4 11761 11804 11784 11739 4 11583 11626 11606
11562 4 11822 11803 11762 11785 4 11697 11718 11761
11739 4 11139 11199 11187 11135 4 11199 11139 11175
11225 4 12012 11972 11990 12035 4 11959 11941 11898
11914 4 12069 12026 12046 12088 4 11661 11660 11782
11783 4 12438 12603 12506 12340 5 12538 12438 12279
12280 12537 4 12603 12438 12538 12699 4 11759 11772
11818 11806 4 11772 11729 11750 11797 4 11716 11729
11772 11759 4 11866 11852 11806 11818 4 11912 11866
11887 11929 4 11852 11866 11912 11897 4 11767 11812
11797 11750 4 11812 11831 11874 11859 4 11789 11831
11812 11767 4 11748 11728 11684 11699 4 11795 11748
11758 11805 4 11728 11748 11795 11773 4 12007 12021
12064 12053 4 12021 11976 11989 12034 4 11961 11976
12021 12007 4 11409 11451 11429 11388 4 11451 11466
11514 11496 4 11424 11466 11451 11409 4 11366 11310
11347 11399 4 11286 11310 11366 11337 4 11566 11590
11629 11607 4 11590 11548 11570 11611 4 11515 11548
11590 11566 4 11964 11858 11701 11813 4 11813 11661
11783 11936 4 12081 11964 11813 11936 4 11964 12120
12013 11858 5 12120 12233 12387 12280 12278 4 12233
12120 11964 12081 3 12537 12280 12387 3 12279 12278
12280 4 12603 12760 12671 12506 4 12760 12858 13017
12926 4 12699 12858 12760 12603 4 11245 11296 11283
11232 4 11190 11212 11260 11245 4 11232 11176 11190
11245 4 11350 11338 11283 11296 3 11343 11357 11336
4 11282 11260 11212 11234 4 11300 11360 11340 11282
4 11234 11248 11300 11282 4 11373 11368 11340 11360
4 11638 11651 11699 11684 4 11651 11602 11618 11667
4 11593 11602 11651 11638 4 11358 11341 11338 11350
4 11413 11358 11377 11423 4 11341 11358 11413 11401
4 11412 11362 11388 11429 4 11394 11412 11455 11436
5 11343 11362 11412 11394 11357 4 11678 11692 11741
11725 4 11630 11678 11667 11618 4 11692 11678 11630
11649 4 11551 11501 11517 11569 4 11501 11479 11436
11455 4 11523 11479 11501 11551 4 11398 11442 11423
11377 4 11414 11398 11368 11373 4 11442 11398 11414
11458 4 11788 11770 11725 11741 4 11770 11817 11805
11758 4 11832 11817 11770 11788 4 12134 12092 12104
12146 4 12116 12134 12178 12159 4 12092 12134 12116
12072 4 12001 12048 12034 11989 4 12048 12057 12102
12094 4 12011 12057 12048 12001 4 12268 12222 12239
12285 4 12222 12201 12159 12178 4 12201 12222 12268
12249 4 11547 11592 11569 11517 4 11565 11547 11496
11514 4 11592 11547 11565 11608 4 11913 11935 11975
11954 4 11935 11891 11910 11953 4 11867 11891 11935
11913 4 11676 11654 11607 11629 4 11719 11676 11700
11742 4 11654 11676 11719 11696 4 11745 11695 11709
11754 4 11801 11793 11745 11754 4 11249 11228 11187
11199 4 11275 11328 11297 11249 4 11275 11249 11199
11225 4 11202 11230 11279 11250 4 11225 11175 11202
11250 4 11298 11354 11328 11275 4 11250 11279 11331
11298 4 11275 11225 11250 11298 4 12059 12012 12035
12077 4 12263 12243 12197 12219 4 12132 12109 12069
12088 4 11937 11979 11959 11914 4 12142 12101 12124
12164 4 12088 12046 12060 12106 4 12263 12219 12237
12281 4 12206 12187 12142 12164 4 12132 12088 12106
12147 4 11201 11140 11174 11227 4 11179 11201 11253
11233 4 11179 11116 11140 11201 4 11093 11155 11121
11073 4 11155 11179 11233 11204 4 11093 11116 11179
11155 4 11563 11610 11599 11552 4 11563 11552 11500
11510 4 11744 11759 11806 11791 4 11698 11744 11726
11680 4 11716 11759 11744 11698 4 11729 11689 11708
11750 4 11689 11669 11622 11643 4 11669 11689 11729
11716 4 11698 11680 11631 11652 4 11652 11603 11622
11669 4 11716 11698 11652 11669 4 11852 11833 11791
11806 4 11833 11881 11862 11816 4 11881 11833 11852
11897 4 11957 11912 11929 11972 4 11942 11957 12000
11985 4 11897 11912 11957 11942 4 11921 11907 11862
11881 4 11942 11985 11966 11921 4 11881 11897 11942
11921 4 11174 11187 11228 11227 4 11447 11525 11478
11400 4 11587 11525 11447 11502 3 11525 11619 11478
4 11621 11670 11753 11707 5 11621 11619 11525 11587
11670 3 11835 11707 11753 4 11724 11767 11750 11708
4 11747 11724 11679 11703 4 11789 11767 11724 11747
4 11831 11854 11898 11874 4 11854 11809 11824 11870
4 11809 11854 11831 11789 4 11747 11703 11721 11764
4 11764 11784 11824 11809 4 11789 11747 11764 11809
5 11478 11477 11438 11399 11400 6 11620 11570 11520
11477 11478 11619 4 11621 11707 11706 11620 3 11621
11620 11619 5 11872 11955 11910 11868 11822 4 11955
12003 12085 12038 4 11917 12003 11955 11872 5 11872
11822 11785 11742 11790 5 11790 11706 11707 11835 11836
4 11836 11917 11872 11790 4 11944 11988 11977 11932
4 11944 11932 11886 11896 4 11720 11671 11684 11728
4 11765 11754 11709 11720 4 11765 11720 11728 11773
4 11795 11805 11853 11839 4 11839 11885 11871 11820
4 11773 11795 11839 11820 4 11811 11801 11754 11765
4 11811 11820 11871 11861 4 11765 11773 11820 11811
4 12007 12053 12045 11997 4 11997 11988 11944 11950
4 11961 12007 11997 11950 4 11931 11945 11989 11976
4 11915 11871 11885 11931 4 11915 11931 11976 11961
4 11906 11950 11944 11896 4 11906 11861 11871 11915
4 11961 11950 11906 11915 4 11409 11388 11329 11355
4 11355 11297 11328 11383 4 11424 11409 11355 11383
4 11493 11543 11514 11466 4 11449 11465 11513 11493
4 11449 11493 11466 11424 4 11407 11383 11328 11354
4 11407 11426 11465 11449 4 11424 11383 11407 11449
4 11303 11279 11230 11255 4 11303 11255 11286 11337
4 11366 11399 11438 11416 4 11416 11456 11430 11392
4 11337 11366 11416 11392 4 11359 11331 11279 11303
4 11359 11392 11430 11410 4 11303 11337 11392 11359
4 11566 11607 11583 11544 4 11544 11513 11465 11494
4 11515 11566 11544 11494 4 11498 11520 11570 11548
4 11471 11430 11456 11498 4 11471 11498 11548 11515
4 11452 11494 11465 11426 4 11452 11410 11430 11471
4 11515 11494 11452 11471 4 12308 12289 12243 12263
4 12437 12423 12379 12396 4 12281 12327 12308 12263
4 12511 12486 12449 12468 4 12396 12415 12457 12437
5 12123 12202 12164 12124 12083 4 12166 12123 12038
12085 4 12202 12123 12166 12247 5 12291 12248 12206
12164 12202 4 12336 12422 12381 12291 4 12247 12336
12291 12202 5 12464 12548 12511 12468 12428 4 12464
12381 12422 12502 4 12548 12464 12502 12590 4 11117
11131 11197 11183 4 11078 11131 11117 11066 4 10974
10993 11046 11023 4 11023 11075 11060 11006 4 10959
10974 11023 11006 4 11232 11283 11269 11214 4 11214
11197 11131 11161 4 11161 11176 11232 11214 4 11124
11158 11212 11190 4 11110 11060 11075 11124 4 11176
11110 11124 11190 4 11095 11161 11131 11078 4 11095
11043 11060 11110 4 11161 11095 11110 11176 4 11305
11314 11299 11291 5 11332 11319 11269 11283 11338 4
11319 11326 11314 11305 3 11326 11319 11332 4 11008
11061 11046 10993 4 11061 11079 11132 11113 4 11029
11079 11061 11008 4 11103 11054 11073 11121 4 11103
11165 11132 11079 4 11029 11054 11103 11079 3 11309
11302 11304 4 11302 11281 11233 11253 5 11336 11281
11302 11309 11343 3 11369 11370 11371 4 11307 11369
11345 11288 5 11307 11336 11357 11370 11369 4 11256
11204 11233 11281 4 11256 11307 11288 11240 4 11336
11307 11256 11281 4 11177 11234 11212 11158 4 11194
11177 11113 11132 4 11194 11248 11234 11177 5 11300
11321 11376 11375 11360 4 11321 11271 11288 11345 4
11248 11271 11321 11300 4 11216 11194 11132 11165 4
11216 11240 11288 11271 4 11194 11216 11271 11248 3
11375 11373 11360 4 11352 11299 11314 11365 4 11417
11406 11352 11365 4 11624 11638 11684 11671 4 11574
11624 11610 11563 4 11593 11638 11624 11574 4 11602
11555 11571 11618 4 11555 11545 11489 11506 4 11545
11555 11602 11593 4 11574 11563 11510 11521 4 11521
11474 11489 11545 4 11593 11574 11521 11545 3 11341
11332 11338 4 11326 11381 11365 11314 5 11381 11326
11332 11341 11401 4 11459 11413 11423 11467 4 11444
11459 11506 11489 4 11401 11413 11459 11444 4 11428
11417 11365 11381 4 11428 11444 11489 11474 4 11381
11401 11444 11428 5 11362 11309 11304 11329 11388 3
11362 11343 11309 5 11370 11394 11436 11419 11371 3
11357 11394 11370 3 11380 11375 11376 4 11692 11711
11755 11741 4 11711 11665 11680 11726 4 11665 11711
11692 11649 4 11581 11630 11618 11571 4 11601 11581
11536 11554 4 11649 11630 11581 11601 4 11617 11631
11680 11665 4 11601 11554 11572 11617 4 11665 11649
11601 11617 4 11596 11551 11569 11612 4 11575 11596
11643 11622 4 11523 11551 11596 11575 4 11479 11461
11419 11436 4 11461 11508 11491 11445 4 11508 11461
11479 11523 4 11575 11622 11603 11560 4 11560 11541
11491 11508 4 11523 11575 11560 11508 4 11442 11485
11467 11423 4 11485 11505 11554 11536 4 11505 11485
11442 11458 5 11425 11414 11373 11375 11380 4 11470
11425 11445 11491 4 11458 11414 11425 11470 4 11518
11572 11554 11505 4 11518 11470 11491 11541 4 11505
11458 11470 11518 4 11802 11788 11741 11755 4 11848
11802 11816 11862 4 11832 11788 11802 11848 4 11817
11865 11853 11805 4 11865 11880 11922 11908 4 11880
11865 11817 11832 4 11848 11862 11907 11894 4 11894
11939 11922 11880 4 11832 11848 11894 11880 4 12092
12047 12059 12104 4 12047 12029 11985 12000 4 12029
12047 12092 12072 4 12100 12116 12159 12145 4 12054
12100 12089 12042 4 12072 12116 12100 12054 4 12010
11966 11985 12029 4 12054 12042 11998 12010 4 12029
12072 12054 12010 4 11956 12001 11989 11945 4 11967
11956 11908 11922 4 12011 12001 11956 11967 4 12057
12073 12118 12102 4 12073 12028 12042 12089 4 12028
12073 12057 12011 4 11984 11967 11922 11939 4 11984
11998 12042 12028 4 12011 11967 11984 12028 4 12201
12189 12145 12159 4 12189 12238 12223 12176 4 12238
12189 12201 12249 4 12161 12148 12102 12118 4 12208
12161 12176 12223 4 12148 12161 12208 12194 4 11592
11633 11612 11569 4 11633 11656 11703 11679 4 11656
11633 11592 11608 4 11584 11565 11514 11543 4 11628
11584 11606 11653 4 11608 11565 11584 11628 4 11675
11721 11703 11656 4 11628 11653 11697 11675 4 11656
11608 11628 11675 4 11892 11913 11954 11937 4 11849
11892 11870 11824 4 11867 11913 11892 11849 4 11891
11847 11868 11910 4 11847 11821 11779 11803 4 11821
11847 11891 11867 4 11849 11824 11784 11804 4 11804
11761 11779 11821 4 11867 11849 11804 11821 4 11654
11626 11583 11607 4 11626 11673 11653 11606 4 11673
11626 11654 11696 4 11762 11719 11742 11785 4 11738
11762 11803 11779 4 11696 11719 11762 11738 4 11718
11697 11653 11673 4 11718 11738 11779 11761 4 11673
11696 11738 11718 4 11947 11929 11887 11903 4 11920
11903 11859 11874 4 11947 11903 11920 11962 4 12122
12165 12146 12104 4 12165 12185 12228 12210 4 12139
12185 12165 12122 4 12014 11996 11954 11975 4 12014
12037 12083 12058 4 11996 12014 12058 12039 4 12276
12319 12296 12254 4 12276 12234 12248 12293 4 12213
12234 12276 12254 4 12253 12298 12285 12239 4 12271
12253 12210 12228 4 12298 12253 12271 12317 4 12364
12343 12296 12319 4 12364 12383 12428 12410 4 12343
12364 12410 12388 4 11990 11972 11929 11947 4 12006
12051 12035 11990 4 12006 11990 11947 11962 4 11941
11920 11874 11898 4 11982 11941 11959 12002 4 11962
11920 11941 11982 4 12026 12069 12051 12006 4 11982
12002 12046 12026 4 12006 11962 11982 12026 4 12122
12104 12059 12077 4 12096 12077 12035 12051 4 12139
12122 12077 12096 4 12197 12243 12228 12185 4 12151
12174 12219 12197 4 12151 12197 12185 12139 4 12109
12096 12051 12069 4 12109 12132 12174 12151 4 12139
12096 12109 12151 4 11979 11937 11954 11996 4 12019
12002 11959 11979 4 12019 11979 11996 12039 4 12101
12058 12083 12124 4 12084 12101 12142 12128 4 12039
12058 12101 12084 4 12060 12046 12002 12019 4 12084
12128 12106 12060 4 12019 12039 12084 12060 4 12237
12254 12296 12281 4 12192 12237 12219 12174 4 12213
12254 12237 12192 4 12187 12206 12248 12234 4 12168
12128 12142 12187 4 12168 12187 12234 12213 4 12147
12192 12174 12132 4 12147 12106 12128 12168 4 12213
12192 12147 12168 4 12344 12329 12285 12298 4 12363
12344 12298 12317 4 12271 12228 12243 12289 4 12334
12289 12308 12348 4 12317 12271 12289 12334 4 12379
12423 12408 12363 4 12334 12348 12396 12379 4 12363
12317 12334 12379 4 12327 12281 12296 12343 4 12373
12348 12308 12327 4 12373 12327 12343 12388 4 12449
12410 12428 12468 4 12430 12449 12486 12473 4 12388
12410 12449 12430 4 12415 12396 12348 12373 4 12415
12430 12473 12457 4 12373 12388 12430 12415 
POINT_DATA 14151
FIELD attributes 1
p 1 14151 float
29.0899 -90.9827 51.0655 45.6081 -71.4281 -64.0695 31.1387 31.6853 32.4036 -67.2247 23.9217
23.8536 32.6559 55.722 54.4938 48.545 51.4149 -55.3431 30.161 29.9009 31.2422
18.3254 17.3489 17.3671 31.5874 37.68 -26.7641 -25.0467 57.7688 57.4348 -21.7439
42.5756 -20.7819 26.2142 42.2933 28.5759 6.23885 6.24876 58.7118 29.2075 56.0951
58.2451 5.10487 32.3819 45.1048 45.234 -11.4975 3.85332 -5.29806 12.9787 37.4757
-3.59038 -2.30629 19.7824 61.9267 62.1358 32.755 25.2007 62.5406 61.2777 32.942
32.9617 32.9654 62.9498 25.9864 27.4902 40.9011 4.56996 5.26496 34.193 34.1003
29.9941 -6.9961 31.0281 49.2284 64.4928 64.5244 7.44669 7.93302 0.283947 7.38056
46.5364 20.3477 64.8009 6.38156 -4.09 21.6014 -5.69308 31.626 31.6435 -4.14637
31.6012 31.5831 66.1774 67.6494 -0.565843 33.5625 32.1863 -7.71151 22.1016 65.2483
65.291 66.0231 67.0534 8.57762 68.2122 33.4599 68.7057 68.6472 32.8439 33.0256
69.4369 29.6885 -3.7578 53.5989 23.0522 52.6202 36.5827 -0.920029 28.9629 2.18106
65.9844 66.0381 -6.94919 14.3384 14.5189 67.6999 13.3643 0.319194 0.336017 28.2252
12.4319 27.6415 16.2506 72.8158 24.237 70.7879 0.109163 74.1768 17.252 42.856
27.3283 27.9278 28.0879 26.2677 26.0911 18.2165 22.9226 66.995 67.0374 19.6853
20.0022 68.7496 17.8577 51.8322 47.7515 72.4402 19.2022 21.8735 3.10317 12.5592
8.97586 28.7825 25.3583 -10.3032 78.0446 -3.03943 14.4896 0.879356 19.865 19.8688
84.5603 21.7562 20.5635 84.3612 15.9574 14.5818 34.0668 25.1285 67.0965 66.9202
19.6233 22.0076 22.3732 68.5229 -5.53623 -5.50463 17.4713 20.8257 22.6063 15.2721
21.7032 73.4578 14.7466 10.5256 16.2637 15.2628 15.2834 20.5645 79.4706 13.7469
24.2093 19.196 5.52305 16.982 45.9069 41.5311 26.4876 -10.1033 86.3379 22.0728
15.7142 11.9198 10.1194 -4.45329 22.2356 96.3001 21.4554 -10.4647 15.2506 18.1014
66.6383 66.516 10.3695 14.8587 94.9393 22.463 22.9904 10.4167 67.8896 17.8623
22.3684 72.7363 18.0608 4.93854 13.9532 20.0652 22.8996 15.618 33.0118 79.0703
12.2195 -13.0031 20.1431 10.8731 12.7501 24.8076 -4.9977 18.9572 86.2914 9.42566
9.27023 9.52885 15.538 22.8507 14.0206 41.3306 45.74 8.33804 95.5565 18.1729
21.17 21.7564 9.53107 21.6835 29.8785 20.037 -20.2768 71.3861 19.3816 107.835
76.7689 8.65334 7.62624 8.20428 26.486 105.814 15.449 21.3699 10.7589 13.9138
-31.352 17.1358 20.2686 11.2063 20.4413 84.6405 4.10861 20.3374 11.6194 -17.5455
36.6766 20.2024 10.4908 24.7513 14.954 -10.1605 31.4604 17.0929 93.3638 8.71523
64.6281 64.9497 16.7946 18.287 18.9043 19.5912 68.7571 18.5229 28.7804 11.3317
7.31907 4.54798 6.12319 74.2082 103.714 -17.1165 -16.8265 20.4342 14.6906 14.6489
44.8558 48.9728 18.8377 25.9124 119.332 37.4762 81.1612 7.29126 115.964 17.7549
24.7952 34.0869 13.4241 9.04672 89.452 -2.24212 11.5333 14.0135 -26.2722 15.5728
-18.6692 8.05357 29.6003 43.3855 17.741 7.71461 128.114 98.7615 19.4478 15.7632
40.5736 15.1995 126.659 -6.9936 -2.08471 -2.63655 32.4733 35.4068 77.471 128.09
7.92293 35.3195 24.645 26.0709 -30.8014 10.3341 110.986 48.1186 -26.8942 83.7043
50.2247 -0.947082 16.5567 16.1797 46.5372 15.6434 30.482 6.11964 62.0314 62.3805
13.0506 13.5255 10.208 42.5768 123.16 20.4758 12.8489 92.3174 123.992 41.0406
-11.9411 33.9228 65.2679 41.7697 15.0391 35.323 13.7016 122.098 139.352 14.2414
45.3613 13.6582 26.7724 140.897 -27.676 72.3631 37.3533 8.36954 12.7789 51.1385
34.0312 7.0913 103.887 51.1659 -21.553 136.34 13.9902 50.6554 109.634 27.0548
78.9097 20.903 -1.82441 34.121 -31.8014 4.04383 -26.9237 13.6335 116.167 10.8406
-28.9511 45.3827 -28.3134 13.1178 57.1277 60.2139 12.8721 11.3841 85.6022 -11.5755
59.1044 24.0862 27.5741 -27.4193 14.5273 58.7288 42.1665 68.934 66.9619 5.9611
96.7454 95.8214 129.536 96.3498 -19.5453 42.9772 5.32056 24.8684 12.1053 34.0617
15.8037 15.696 55.2477 36.2661 151.271 24.7473 -1.43035 144.991 50.424 2.55612
8.4543 106.899 -24.9165 65.6309 84.8075 84.8407 84.8752 79.329 12.542 68.4375
14.0037 59.1171 59.3366 -10.7521 8.00589 8.12911 -36.7865 79.8593 44.8226 67.7301
-31.4703 61.3232 7.748 17.4401 -31.6645 -31.6543 3.38545 118.139 16.7207 9.6092
-18.9524 16.3273 155.667 59.69 54.3968 66.2807 55.1894 3.5917 51.9497 152.03
98.5692 52.7949 70.3868 -22.9366 30.6424 5.61745 97.381 -2.12474 79.6805 0.93791
130.283 -34.7936 10.1441 22.7959 83.854 7.7592 -33.0373 22.4077 22.2532 75.083
-31.2953 71.1025 -11.4485 -18.5237 -11.4094 13.4297 -11.4541 -21.3871 -23.7509 163.174
6.24975 -23.6636 1.07287 -21.4858 60.724 105.836 90.3111 6.39479 28.3218 6.33646
160.978 -18.3394 141.815 2.29807 47.9108 5.58362 -0.255673 -23.314 83.4653 83.5114
-29.9889 25.3192 3.01888 25.2634 -18.8355 116.216 86.9708 5.04693 -1.07784 39.6939
168.94 60.1536 82.6524 62.6689 69.5314 -9.25561 -24.5531 -26.0756 -25.4311 153.301
56.2107 -27.7823 -14.5788 16.0586 164.409 3.8239 55.8354 55.9208 96.0196 -0.641271
0.952128 0.956951 -23.6261 72.0537 127.11 57.2727 160.579 38.3161 0.543836 0.504879
0.497504 38.7529 -18.5833 173.423 2.02099 75.1783 59.1917 -22.0886 -39.1512 28.5363
23.9247 65.8786 28.266 9.72355 16.6525 11.4108 165.943 60.7177 -20.0955 1.61408
-4.14068 22.2775 2.38333 102.618 18.296 35.9295 64.875 0.858544 -15.1493 36.2867
-23.215 -2.52566 1.85127 137.2 76.4397 -18.9276 156.977 66.5256 2.69556 3.22643
-14.9518 -17.0422 176.562 20.8277 38.0829 49.5196 27.9804 -0.931392 40.9389 113.434
27.0282 70.8534 177.081 39.9028 171.779 171.013 171.122 41.6948 31.4252 -15.9545
-19.6735 4.69322 13.634 2.53154 146.932 25.6278 1.41014 -12.9047 29.629 33.0261
7.52594 1.60258 44.3868 0.0599796 14.3421 42.0574 73.8466 -9.81962 -10.3727 74.2724
120.581 -16.6659 16.8112 -2.34286 42.5024 -13.7956 53.1275 178.649 2.6521 25.8662
52.3681 -6.21704 29.8426 -5.46111 -5.43277 155.436 1.17512 174.551 -17.5616 -1.54325
-1.61686 51.2979 -1.55947 -1.63808 36.0095 53.8399 52.1091 52.2471 129.138 1.72874
54.4085 -6.38447 -2.36755 -6.35276 13.5101 13.9167 34.5878 61.8902 53.7138 55.324
-21.7604 53.8459 43.2263 9.1856 27.7998 0.59115 13.4112 43.1218 19.1035 -6.88807
-7.42093 61.4951 36.7363 2.43861 0.831756 51.3583 83.2745 20.1365 13.4254 14.2618
66.6649 106.25 -1.81356 55.5245 56.5309 -4.86094 183.96 21.1144 56.957 1.87007
-10.8683 -20.353 -1.33227 162.197 56.544 56.6313 12.968 2.30358 185.318 -1.98583
-1.50078 181.221 136.913 29.4266 29.8577 13.15 13.1466 13.1275 0.962431 60.3144
1.98476 0.192431 -7.93336 -3.35026 60.5909 -19.7286 112.655 35.1973 1.44323 61.1537
1.08688 -3.26189 5.09669 -3.04182 59.4994 13.9745 -2.92377 1.07591 182.036 9.7117
-24.4171 39.9002 170.986 13.094 13.1094 43.9416 -1.53218 93.3556 54.0255 0.0755936
143.907 34.9017 -1.19585 173.932 61.7978 29.8419 0.571193 13.051 65.0413 72.4375
5.41417 44.7022 73.3367 -23.1872 30.1221 12.9479 3.53744 118.977 11.8423 191.616
2.9483 0.22366 6.20153 60.2671 60.2956 32.6519 -1.16139 182.789 100.753 49.9166
-12.1411 -2.09447 60.4026 12.6209 -0.783154 35.8363 31.016 150.963 -1.66309 151.258
-0.966435 -0.310802 -2.20546 -1.04316 2.8821 124.686 3.82663 90.3483 192.824 12.5193
-0.719195 39.5589 70.9124 -13.0697 10.1447 -13.0216 57.1236 12.5242 60.5285 6.43958
51.6225 -1.6645 57.6143 61.8291 44.9886 -13.6725 140.218 62.5994 103.942 37.6276
184.906 39.1005 12.3846 -2.43226 65.0033 13.3371 11.6244 -23.7186 12.3267 43.7459
61.6616 157.526 36.1691 -17.5184 61.5409 11.5318 -2.72799 69.1311 -3.43932 129.861
0.700235 -2.46879 130.093 36.2897 -14.6184 -14.5738 100.365 -14.7652 -2.20953 49.1365
62.8371 62.8196 62.9361 192.141 11.9343 9.85856 7.43249 -2.0869 7.68867 110.532
38.2907 -25.029 -4.76092 -0.35581 184.703 37.0724 76.9944 -1.28863 11.9323 62.1506
161.356 56.9059 41.5117 -26.625 11.921 94.8908 134.674 56.4274 61.1663 61.646
-2.40319 50.7073 62.2116 64.2787 57.7918 -1.44911 -2.35739 11.6918 11.2939 5.70646
112.152 65.4941 45.6407 4.55728 -23.6074 45.9628 192.915 112.342 -2.26361 64.5541
61.5535 11.4441 69.1494 42.9252 35.5355 4.64349 46.2207 46.4945 -2.18986 185.2
42.6178 16.922 -16.0516 51.983 162.689 11.0415 17.8285 17.6054 58.0199 57.8896
57.8564 10.1338 137.829 -8.03893 -26.8367 44.1286 -0.791798 -0.793971 -0.741818 82.8232
192.088 11.5243 10.8464 -5.17873 32.9547 -2.03593 56.5001 61.4524 12.686 118.19
7.04084 0.514994 11.4899 82.6765 60.4401 45.3917 46.9073 -26.9501 45.6846 2.17901
-18.7651 -18.7298 -1.03383 -18.9714 183.759 10.3156 67.3219 64.8286 11.1456 16.5039
-19.3712 68.0376 61.3906 65.6993 54.2404 66.8623 68.0704 -24.5319 51.2871 58.1145
64.4286 7.29703 47.4308 162.028 63.7089 68.7022 -22.7506 139.019 55.4991 9.92257
61.1017 53.4786 -1.64738 117.894 1.29216 56.7231 53.5094 67.2475 -18.1382 10.2284
-1.58366 -1.33995 63.685 23.7189 2.07973 65.5509 9.79149 2.40087 62.0866 -11.2022
53.0374 86.8384 52.6402 72.5375 64.458 0.708519 -28.1846 52.5186 64.4497 52.403
185.736 64.4386 11.3061 -8.70765 71.2054 11.254 65.1796 4.41476 87.7439 54.2532
-29.2947 183.248 9.18941 10.8154 3.0891 60.8696 138.398 159.197 -1.7615 73.9278
75.1368 68.8754 71.4165 121.506 51.3645 3.28875 -1.80918 74.6193 68.0881 -27.1501
-0.707163 8.80993 9.01973 58.3815 72.4129 3.77049 64.4552 69.8535 173.246 56.5716
2.55887 -0.59198 181.611 68.9421 60.7358 64.3212 69.2439 69.0411 9.66235 -20.6979
-1.6811 65.6305 56.8636 -22.6018 69.273 8.60893 52.0655 51.9896 177.852 62.6037
-14.3978 4.25546 55.1201 11.3398 -29.9221 -12.15 -12.2354 -12.2292 -12.2383 71.7306
11.3119 7.4968 -1.60666 136.24 5.11217 118.448 61.9955 4.43317 8.50438 0.802316
-1.01968 153.544 -1.52452 -30.7646 -1.54569 -1.08308 8.24606 5.64539 10.837 4.26656
179.109 -23.4821 -23.4528 -1.54066 76.1593 90.8089 64.1921 79.5502 72.3064 165.779
8.39503 67.5542 71.0146 71.171 68.5011 -24.0221 81.0881 -24.3245 -28.6204 64.6397
4.89066 174.393 79.6323 6.1505 8.06398 73.9425 73.9593 6.2431 6.04567 61.0743
-26.7949 54.6244 76.9822 56.9584 -1.59274 6.97165 -22.2144 74.3378 -0.383737 9.53898
2.99418 7.3825 68.4877 71.4559 119.626 2.35431 132.664 72.3412 5.6843 176.464
73.0909 -16.6434 11.3936 8.4423 69.7526 147.549 11.4161 -30.6035 -14.8871 -2.12799
57.3493 160.531 170.762 70.996 73.9254 -2.32752 -31.4002 7.38701 77.0718 7.93162
80.7703 73.1719 11.0359 69.4103 4.71546 74.492 83.4701 173.528 6.63836 -28.8651
-0.51592 3.08147 83.6891 2.99467 7.75429 1.36014 61.855 77.3323 114.694 3.15337
3.07926 128.13 60.7263 60.5974 60.6386 165.641 91.4054 -0.301789 141.974 78.6949
65.2785 -22.3819 6.94661 6.44943 79.7602 154.379 8.41287 10.9869 81.0289 0.468293
-17.3675 9.76965 70.4615 -31.7022 74.2588 -16.0121 83.95 73.9111 163.841 -0.378989
77.7658 86.1461 -31.7702 7.23238 5.63942 4.41783 81.3234 84.4953 113.695 40.2326
2.81997 40.3945 1.61579 123.336 -27.2596 -27.2204 9.27854 4.78946 8.24969 -1.03638
135.715 -0.95927 -27.6895 160.941 -28.5339 -28.811 145.526 61.3787 41.3373 -29.9599
10.7425 156.863 5.33306 9.17058 3.00003 -21.5857 7.32685 5.60155 151.292 151.253
5.21803 0.812764 5.15903 -16.7404 -32.2498 89.5755 8.60873 3.77655 107.756 -15.814
118.074 1.05273 6.02205 2.21979 4.50684 4.33664 8.22058 6.41815 -31.7425 1.40629
74.8023 127.953 1.50181 11.2846 3.065 2.89007 3.01441 3.60457 3.0153 43.2706
149.185 9.71669 135.15 8.52972 -27.5883 10.4786 5.80327 7.40781 64.1376 2.7675
146.492 7.59078 105.609 138.357 5.93217 11.8027 -18.637 142.224 112.236 -31.4542
4.88805 11.431 8.07392 3.94745 3.73589 8.7648 -33.1529 119.643 8.69512 -12.5644
13.1566 1.20586 12.9671 1.19816 137.171 46.8209 12.8518 138.988 6.56326 -32.0487
6.45243 7.82838 45.2456 125.107 12.63 10.9538 -0.374291 14.5774 -27.8875 -30.0971
-30.0545 85.8716 11.1114 13.969 3.2133 7.22397 -30.4595 8.25998 8.26012 73.8513
-1.1684 45.6539 132.096 14.9584 99.2866 9.18645 5.55114 -1.995 6.9597 -2.11697
0.033514 127.142 9.21763 7.47423 7.47346 -2.22808 105.993 -32.3906 9.46611 9.44791
-32.591 5.53299 6.46708 -2.37703 5.32379 -15.6906 9.15064 129.195 13.4096 9.06163
6.43607 6.4359 -2.31568 63.1295 15.0626 111.557 9.78254 15.0862 127.172 -34.3664
7.70258 3.52093 10.3457 5.02777 14.1661 5.70593 14.1783 4.001 7.44019 -6.8935
6.85956 4.82463 14.9617 114.775 -33.3374 123.947 -2.02962 4.61404 4.30314 0.479867
-3.34688 11.0289 7.41829 12.9044 95.9912 12.8765 13.5181 -30.3186 0.217385 4.99138
123.974 14.706 -3.72483 6.73137 11.2568 121.717 9.15301 0.981351 117.04 15.0141
5.28028 100.123 -2.94953 9.12862 120.25 -19.535 6.11599 -4.17971 104.672 5.95353
117.953 6.17737 118.295 115.745 -11.1778 -4.41965 71.7134 -4.66642 80.9603 12.429
117.396 118.553 13.8005 12.6083 5.04783 2.31512 -35.8509 105.897 116.717 -4.5608
64.0534 -1.55783 11.091 89.4142 6.88207 15.0452 8.74277 5.7415 14.9973 47.7515
-35.0066 14.9265 9.40816 36.0579 36.1367 -4.71842 6.3665 7.0351 5.31084 -4.71799
113.299 120.875 -4.33107 115.075 107.075 -33.2942 12.643 35.8676 35.9426 12.588
36.032 -31.9792 -31.9418 -4.31892 11.2717 120.87 114.013 5.47277 12.3518 14.2476
113.575 -32.3539 96.0728 -4.59042 7.17986 -27.337 -4.7219 10.3264 4.05254 -34.1317
36.4333 14.9772 -5.33543 0.0705678 10.7873 4.15138 106.642 8.41128 -36.3873 -22.0517
12.5273 -4.98057 141.103 36.7001 109.611 98.097 -3.12988 11.2808 -4.48623 13.1882
-36.5848 6.57267 113.108 -36.459 14.9351 11.5327 10.1925 107.589 37.8645 5.80035
7.77389 -5.45059 11.2045 -3.94844 11.5143 -36.1417 104.269 98.8942 35.9009 -5.01928
14.7665 68.7432 4.82972 12.481 8.60587 -4.19435 12.3797 61.3941 107.919 37.4596
75.6528 90.9237 -35.2144 10.6125 -4.50258 123.58 -1.28494 -36.2136 -5.56185 14.0545
-32.8997 -3.41206 97.7626 -4.81671 10.589 9.46591 81.0383 102.632 91.9156 12.5522
-29.7552 11.6412 -4.07307 -3.58809 11.6759 5.87686 110.618 7.87894 -4.93224 13.0946
13.2617 5.47523 9.58444 14.8901 13.0855 11.3483 -37.1867 4.52976 -5.04606 97.0099
123.677 91.9257 -5.23769 96.6945 96.5565 129.883 48.6407 14.1127 -2.66585 13.2405
-36.457 84.3555 10.0368 9.74306 102.969 94.8514 10.9574 12.5245 14.749 86.728
11.4379 -2.80889 1.52698 117.155 -2.51289 -35.894 -2.33786 -32.8718 -32.8288 38.7131
-4.30614 -35.9836 49.9007 -4.34139 -35.9256 -5.07133 14.3634 -33.2014 12.5531 -2.36487
91.3373 51.5761 -4.34347 52.6687 5.60061 96.236 7.01403 14.1555 10.0864 -33.2674
12.1499 -4.31563 -35.4255 11.1116 11.19 5.43455 -34.7608 60.7656 54.2852 65.493
105.342 -2.69841 11.1388 105.914 13.273 10.8786 14.8941 3.08246 10.4643 57.8712
-2.61472 -35.7486 -3.043 -4.35523 11.2873 70.5931 13.46 -34.9398 98.8132 -4.95564
-4.16201 85.0849 -3.00299 91.1046 -36.8466 13.3087 62.7817 11.399 61.5341 97.5353
-4.97365 12.2453 61.9408 14.7937 -4.55881 13.0485 -4.34998 11.3827 60.3332 -2.86338
-36.0552 -7.04305 101.8 101.705 14.3435 101.554 12.1194 11.4966 65.2736 63.3809
74.3427 -37.4517 52.3166 -4.28092 6.88827 13.0013 -3.4813 6.37628 11.7042 63.8008
63.4222 11.4317 -9.7413 62.4851 -36.8092 5.17201 12.6667 45.3919 -2.88194 91.2034
11.535 14.4219 -9.65545 -3.49022 55.1594 96.1949 13.5395 12.6968 12.3023 14.3287
74.1918 11.2496 41.7649 47.9215 10.0316 14.9014 -3.50307 33.3498 44.0603 13.0942
-3.84489 -2.85588 86.0446 11.6817 30.7072 85.5103 14.0473 29.7021 29.7194 31.5672
35.5364 12.896 12.6213 -38.1039 39.7644 76.6246 28.4662 -36.3924 91.2581 27.4128
64.3291 -7.40589 11.8573 8.58389 65.4869 57.5523 19.7441 14.8349 12.3615 7.16822
12.0017 -34.7213 13.6796 90.0882 62.2203 -3.26999 21.1614 70.317 11.7704 13.7027
14.4252 0.159285 11.2212 -3.30362 11.5059 13.3641 -4.75076 -10.0734 13.1928 12.8296
16.9865 -33.1237 32.1412 14.9046 16.8499 13.8462 32.1776 -32.8673 76.1298 -32.8081
14.1112 76.438 14.1679 14.3321 14.223 48.1054 70.6729 0.865076 88.8514 -33.0833
12.9176 88.7341 66.1477 11.9485 17.8268 18.717 16.1382 14.7161 13.263 37.4922
83.1527 24.7948 -3.19706 71.7243 -34.2885 5.91164 13.6078 18.1531 78.3744 -34.3436
-3.18341 31.5667 47.1202 34.3379 32.4424 12.4892 -4.54367 28.4219 -2.78611 53.2581
76.5827 14.9307 43.4785 23.0697 78.0273 15.919 11.7502 14.0524 25.5839 39.1343
14.6943 50.4914 29.5457 36.7503 13.8583 26.0528 42.1177 26.1528 -9.04451 38.9641
14.2015 58.3671 10.1924 85.2625 84.779 14.88 -1.90751 23.5499 -35.6071 14.6696
63.3054 14.6872 7.68624 13.3529 14.2621 64.5545 68.9381 14.8631 12.632 13.5159
-2.65993 -33.5443 84.072 -4.06853 44.2245 2.09294 -9.25624 70.8203 12.0529 64.7725
14.6969 49.215 14.3965 29.3428 24.8754 14.099 32.9938 22.3961 73.7505 14.7378
-28.175 13.6348 14.5116 76.9537 3.14395 21.8333 12.1737 37.9554 77.9342 31.7863
20.4602 11.8549 15.1406 23.6205 15.4848 15.4825 -3.27256 38.0068 15.6615 40.0459
14.8614 27.7057 15.3479 56.261 14.8754 -3.17469 27.3112 81.2036 -1.53831 -9.0429
33.4252 47.5993 -25.8149 10.4816 24.6342 12.1508 40.2885 39.694 14.4102 13.9
55.4743 14.9028 71.2432 14.9366 78.9995 -3.19206 45.2535 59.3512 -3.84553 15.7399
61.5987 6.42259 62.0303 82.6125 16.8603 47.5444 0.362646 13.4383 -35.2974 61.868
22.9039 66.663 -7.00061 14.8699 14.9641 44.6658 -33.8141 81.5153 15.9094 9.57089
15.1225 -7.47884 71.094 0.994011 62.9367 11.2369 16.5689 55.9082 46.9678 14.2331
12.776 14.8796 14.7849 22.0065 12.0238 14.6638 14.698 -27.8768 33.6627 16.1249
34.4543 16.9675 14.645 23.0474 25.5073 29.5483 21.9974 80.5414 4.31952 -32.1691
22.6969 -32.1023 -6.11673 9.96145 25.2127 -32.338 36.5278 -9.20531 12.6893 73.0806
12.8934 29.1593 65.4988 -24.4666 19.1287 46.6009 14.9022 5.92844 7.74062 33.6189
-33.5242 14.9071 1.27195 16.2548 56.2868 19.7814 14.3328 37.904 14.2991 0.145952
65.1471 80.9142 79.448 63.7866 2.54197 15.8398 5.23101 21.7414 15.5402 40.3775
13.1416 -35.4012 81.2259 63.9854 -2.07272 69.2025 0.31617 21.5529 14.8731 20.9484
12.71 2.10212 46.5528 53.1684 16.2092 38.5434 -35.8785 -2.64525 -3.06147 74.8941
19.2219 16.2579 14.6588 14.2547 12.6163 14.4213 19.4494 -4.41574 14.5372 68.3013
9.11306 -34.7452 29.3882 18.8462 14.3463 14.8261 13.9444 -2.25347 -5.0831 18.4981
14.8796 18.1156 19.0105 17.5045 19.763 18.6655 14.9192 19.1239 4.70225 14.8171
67.9728 75.2082 22.6793 20.1821 -5.96183 23.3411 15.6843 67.8882 18.8901 22.4711
29.9072 80.7069 13.3648 -33.7943 13.4036 14.8908 15.6185 16.6602 2.91655 13.4603
25.1375 -37.6245 40.6668 15.9447 3.48437 20.6162 34.222 15.0065 -4.03733 27.9636
14.919 24.1541 14.511 15.293 14.3317 13.4859 14.8741 40.1118 13.5851 14.3256
-2.96669 58.9784 17.1624 3.86975 14.8885 19.4969 29.9137 -35.9433 -9.1789 -39.1871
15.8355 13.4738 16.8543 13.6525 25.8429 17.0033 14.9283 -37.7963 80.8241 -37.7849
-37.8178 14.9257 -3.89822 7.71442 15.5375 28.6741 14.2174 -12.6404 14.9288 15.2701
15.6861 18.2032 2.32066 -43.2636 3.80734 70.2785 15.5598 -8.11128 17.7806 22.0381
-8.44687 -13.6188 -13.8889 2.42168 -13.7056 10.9723 11.5876 -5.25495 10.3923 28.9685
4.14728 -8.21427 11.9723 -30.9462 -30.8812 28.9854 10.4294 15.4978 12.0818 -47.9249
12.1163 21.1366 -31.0967 12.5291 14.8885 8.31233 14.8887 12.0422 20.2648 14.9667
29.9986 -32.2004 23.7943 78.1207 16.9891 6.47708 15.5089 -6.06516 36.3256 15.2913
-10.2155 12.7731 18.853 29.1293 -6.65072 14.6189 11.7476 57.1622 -8.59679 17.2937
-6.68432 70.5545 5.62998 14.7819 -6.67238 -34.7283 15.2454 5.37617 14.9065 7.09855
16.7094 14.9169 79.2823 54.4879 66.1935 -35.9497 -36.1773 14.9634 -6.69059 4.10922
15.0058 -19.9735 3.10984 83.639 30.2026 17.4973 -39.3114 -5.39038 6.59898 6.55561
6.64996 -6.93586 64.8328 -5.46443 17.2516 -14.3264 10.7251 29.4277 -35.335 2.83972
17.1994 74.3444 -22.0577 3.39621 16.4857 3.59851 -5.5554 3.74557 14.9383 1.73335
15.7782 2.58798 24.4558 17.9149 8.35689 -35.1652 34.4609 -1.47351 1.18059 18.5749
-2.17344 17.8583 87.0764 24.9201 15.8365 -0.209797 1.23467 -5.8758 17.636 16.7209
21.0007 -5.62434 14.9371 22.8507 21.2759 24.7745 24.9403 6.47929 16.0882 22.8141
19.127 15.0837 -3.95928 -6.90093 57.2778 -7.6417 -17.078 8.96266 23.8506 31.1106
16.3086 16.3857 16.717 16.3988 3.79955 -5.71919 51.4548 -34.4027 -15.375 -14.4838
44.6942 -4.67181 72.5367 2.43239 16.4624 -33.0319 9.39619 14.9465 14.9593 2.54972
2.15744 10.6681 83.1189 84.3394 15.0441 -10.6303 -10.9288 -33.2992 2.13454 64.7066
-2.8429 -26.235 1.10184 18.5351 -34.1127 -6.73819 88.6959 -2.28291 39.3809 -6.09936
50.0759 -35.3676 -35.2733 29.786 15.0347 -11.5841 -4.97564 8.73779 -1.97243 -28.2218
-3.03828 -2.83396 -6.98481 -7.8008 -6.81457 15.0696 -17.1471 -33.7234 -18.083 -6.70579
-14.0888 -29.2355 -29.1589 -32.9286 -5.05825 7.95445 -11.6744 -29.2238 -22.3327 -30.2679
15.0374 -34.3042 -4.80354 79.4534 -6.41544 -35.6524 -29.4048 -22.7422 -29.7496 -5.65203
-28.5601 4.14095 15.1629 -22.03 -26.432 2.26604 11.6516 15.1132 69.6321 -30.6802
15.0562 15.0662 -14.6967 92.3591 -8.23216 2.71034 -30.5675 -6.44713 -22.9919 -30.0457
-3.91666 1.33583 -5.02789 99.4168 15.1376 4.52372 -6.39286 -7.50997 0.431431 -32.5111
-41.008 55.8862 -14.5144 34.4074 -11.5317 74.9658 -23.4131 -37.8228 -26.8246 -20.6133
-36.3107 -8.88914 -31.1708 -25.3585 11.3924 -40.9844 -35.4051 -34.8486 -4.69045 -6.44246
-10.8761 -13.3562 -8.06902 30.0939 -4.43388 -23.2844 100.273 -24.6605 -15.476 -4.59811
-68.522 -56.7067 -28.1444 -74.0666 15.1539 -25.9761 -42.1563 -5.88692 9.63077 -87.7465
-57.4711 -28.7525 -48.9064 86.8039 -99.452 -3.66222 8.2273 -28.0341 6.32978 6.96015
-4.71226 -3.66656 -17.7915 -4.1021 -3.63498 -27.5848 114.937 93.8292 -45.7655 -26.6992
-32.9162 -4.0496 2.06642 -4.01936 -3.97964 48.9777 -3.9893 -23.697 15.1818 116.11
-21.6195 -23.886 11.7504 -43.7436 -20.0147 -10.3787 -32.9132 15.2112 45.2523 -2.4115
51.748 -2.30366 -2.52503 -38.5732 26.2618 -27.1246 -27.025 26.2675 -26.9058 7.29066
-28.0823 -5.48837 -2.04926 -26.8659 124.276 -36.0569 26.3437 38.3829 15.2457 64.2762
43.0304 11.8929 135.398 -62.1838 -89.6408 -1.90556 -25.9506 -1.03554 -88.6449 -20.1433
-90.7692 -91.2167 0.202756 143.351 -24.2182 -2.26537 -35.7084 -59.8113 30.222 -19.9706
11.3989 135.056 1.34613 -13.0452 -56.1912 15.271 -11.4921 -33.9209 26.503 20.3318
1.87521 -7.17276 18.5594 -5.94829 0.277954 34.0346 22.0568 48.1915 5.9317 -49.0276
117.471 -68.4801 15.2885 -28.9015 -4.34415 -66.1148 -64.101 14.827 -63.4367 -43.2321
3.89595 42.6314 178.068 174.431 3.01314 -60.7527 31.4125 170.527 -24.7102 -20.9679
102.428 30.1719 0.821001 12.8999 178.006 161.543 -39.4964 -23.8469 -58.8535 -21.6117
150.46 26.6864 -60.1045 -11.2359 23.1539 -55.85 -18.1504 -35.4604 7.49659 56.7682
4.82947 -18.5762 -15.1053 -57.4091 -14.1949 -57.5958 -51.8468 19.9586 -57.708 -24.8858
-24.7831 -28.8799 -1.48941 -24.6349 39.3307 32.7939 35.2699 39.3146 11.0244 -24.5731
-47.3603 54.9732 14.252 9.12115 195.193 37.1871 193.811 37.6338 192.781 -19.6363
21.9472 -58.1161 -24.1674 185.054 184.008 6.52991 -43.1582 30.118 -23.6971 47.7237
169.761 28.3281 -56.1236 184.211 80.2317 -19.1371 15.3464 30.1789 -22.4176 15.5323
154.05 -8.02985 -19.0484 28.6879 -38.3479 -53.6384 -20.4567 12.5603 26.8415 29.0624
51.0052 -20.4101 -18.6312 -51.0339 -17.8412 127.83 4.95086 -30.0428 -20.4755 51.4431
37.3728 24.9524 39.4445 35.2093 -18.3281 18.1575 -18.3721 37.4776 -48.0508 195.305
194.479 -17.4607 54.9448 -4.56674 194.586 -55.9034 193.539 -53.695 -53.7069 33.4614
16.7288 41.7644 35.6644 -23.1559 -23.2952 -54.2486 111.239 -45.3732 -56.3564 -3.88499
185.503 63.6975 -18.81 -22.7138 37.1265 177.139 -22.8907 -15.1583 44.9885 -4.82584
-24.7295 171.225 -24.6995 -4.80679 49.34 64.3292 -54.7283 27.2883 -15.3826 -1.40323
-21.4978 -24.008 -24.0966 51.3921 43.0188 157.98 -4.62008 -42.0745 -4.66548 -4.58355
25.0096 29.3437 -52.5224 39.718 -19.3151 43.2749 -55.3779 75.2153 42.3576 -21.6787
-17.6282 30.3396 27.9713 -6.44147 63.6954 -50.2539 17.0547 65.7593 -17.0361 -33.6068
-17.9732 23.9567 51.1363 58.4546 -22.6185 -22.5321 44.3669 23.9503 29.7887 -6.41373
-22.4386 30.1242 45.9567 -6.40488 -6.39524 -19.8642 43.9982 -17.8268 -3.45278 -17.8634
63.5912 -17.8786 187.338 -22.5519 -53.0833 73.3102 26.9007 74.5459 47.2089 23.9751
186.464 -52.2284 -17.6528 29.8979 60.5025 -52.9478 -9.25605 185.638 34.373 67.6204
-18.0204 -7.21964 -20.793 -54.9178 -6.8592 79.3515 -17.8425 -22.2491 -22.9004 184.378
70.3553 179.739 -45.9202 -55.9542 49.2603 -55.9396 -55.9138 39.8378 170.1 -21.725
62.252 167.493 -22.0244 -16.8294 75.3676 -7.24679 5.53509 -54.9319 -20.2641 77.8054
43.8112 -18.3029 153.186 -43.9594 43.379 -21.1252 43.285 176.892 -5.28938 44.9578
-52.8583 -7.3927 24.0486 -17.9911 -23.9263 98.528 -17.3329 -7.14018 82.6363 -20.6607
63.2735 102.204 -16.3687 61.565 35.4166 -50.6478 -37.7456 -16.0148 -15.8832 128.226
-7.42305 45.0685 41.9784 -7.42721 -7.42742 27.7016 -7.42734 176.391 -7.42829 56.4675
33.0082 -19.566 -56.5563 174.289 31.2493 -19.4846 87.741 90.7866 113.207 43.4184
-22.6388 117.655 -22.3211 -52.9816 -53.8141 174.317 99.9698 -6.53056 62.96 47.8946
-15.4614 -56.5246 -21.0221 108.787 170.368 -17.2897 -24.5342 -6.76593 -46.3562 -7.63474
-7.63522 67.1891 -58.8319 -20.4934 69.4192 160.32 159.595 160.216 24.1299 5.74096
74.0188 48.8149 150.17 79.1327 -19.0822 -58.3458 35.6734 -20.6957 54.8837 -44.3502
150.026 79.201 -21.2997 -16.9006 -7.64898 73.0087 135.179 79.671 -24.0353 -17.4185
-21.1612 74.1303 30.8185 75.9329 111.719 -16.8689 45.5715 -7.64406 46.8828 -17.1213
44.467 74.1896 -7.19592 -17.5589 45.2469 -15.2904 -7.66333 112.33 47.265 -41.4132
79.5872 162.599 162.54 26.8113 162.525 23.4436 -14.8408 32.7905 36.4633 -22.1522
22.275 -24.0639 31.3642 -7.6842 -7.63735 -20.1055 -20.0322 -22.196 -22.2041 27.781
163.452 92.6706 101.249 112.921 -22.2011 -19.9468 -6.83271 161.91 -21.8265 127.047
31.9243 76.4526 26.786 -7.71261 -57.4107 -18.846 30.0061 -56.5515 26.128 -20.1118
-31.9725 -7.72957 -14.1757 90.4707 -24.3651 7.6133 163.737 163.657 11.2986 -19.7782
154.891 -60.6095 -7.35903 159.547 81.9586 156.477 5.08978 -19.149 152.934 -63.8312
29.5211 40.8267 -10.1999 164.984 -22.2445 -7.52713 -19.9924 17.904 -7.68321 24.1898
-17.7271 -22.6084 162.432 141.298 -7.83753 -7.47942 82.7487 -63.6371 -7.34116 -16.4033
-17.6575 -18.0547 -15.4951 132.009 -61.6541 -61.2571 -20.3952 -23.4009 23.4344 -12.2129
24.3351 -13.8479 -44.942 179.167 -6.95181 -13.3538 48.3915 -8.5223 -17.8974 180.137
122.164 -56.3164 -28.0743 -20.8669 150.63 -20.608 -23.311 99.6322 -23.7356 145.237
-20.0613 182.355 145.627 -24.2454 -7.12524 -23.27 -18.8965 -41.0119 -22.4077 -24.963
-7.77338 -23.6861 -7.96265 151.26 12.1551 147.171 -22.0662 14.2388 12.3106 -12.8385
-22.1552 152.037 -26.0634 53.1512 -6.77951 107.528 -7.7541 -49.9089 -18.3301 -24.2489
-22.6646 149.44 -26.0594 -21.9133 -27.2354 182.802 -23.6879 56.0664 56.5358 -25.0491
-17.6943 -10.65 -28.7663 -30.2814 -25.5242 -20.6723 -19.4493 -27.1304 57.2648 46.5332
-67.1365 -29.4587 -6.93639 -26.0495 -16.208 -63.4102 52.7783 -30.1513 12.935 187.351
-62.1979 -27.0313 -67.879 -14.7677 -30.0485 -18.3473 189.492 -21.233 -25.1496 134.139
-29.9598 65.4846 -29.8896 -14.0494 -26.9651 -60.1034 -23.0343 -24.6566 -25.9607 13.2796
-47.4006 -65.7807 -7.49897 -12.5296 -12.1855 135.079 -6.63691 -24.291 -12.0529 -8.02185
-72.3934 -72.8767 -25.739 -4.7629 135.289 24.194 26.5802 -19.539 -20.6161 -61.1336
21.9691 -19.6808 -7.97447 -17.135 21.9442 -17.0735 -23.6946 117.008 -20.0059 -5.76338
-45.865 -16.9872 -25.8252 4.27 -6.87752 138.749 11.6768 -9.05608 -7.06842 -20.295
-17.1713 1.03878 140.215 30.9449 141.083 26.9791 21.913 -21.5917 13.3382 13.4803
-19.93 -24.3232 142.287 -8.29559 -16.1936 144.541 -21.7772 -38.2013 -16.9139 -6.91774
27.5644 -40.1061 -26.4818 21.38 138.802 30.1249 111.084 -18.9711 -24.6561 -16.2252
-1.17922 -3.7125 37.6545 -20.052 -7.26792 -65.4383 -7.72689 -19.7904 -64.3987 -24.8854
46.1628 35.1707 -27.8403 -67.5196 -18.8007 -14.754 -17.7765 127.135 -23.1853 24.9551
-6.96612 -7.02747 -25.5916 -8.08058 -67.965 27.028 32.0891 -9.82217 21.921 -49.1281
-12.9986 -12.8132 128.949 74.8804 -26.1263 78.0693 -8.16708 -11.5994 128.96 -66.3401
-18.9678 -11.468 28.0762 -6.99481 -11.2315 -25.5584 -19.1568 -24.0483 87.3201 112.864
-48.4332 -17.912 128.951 -25.8149 -12.492 29.0318 -61.9987 35.6231 -23.0224 36.9282
9.92146 40.0275 -25.893 56.5648 -64.8258 -64.4303 130.159 -17.661 41.7841 -24.5542
99.433 20.1516 -46.5632 -18.5704 -12.276 56.7268 -56.8446 -24.8663 -25.9331 132.829
40.0864 -6.95594 -7.22642 34.5752 133.002 -7.40688 -54.9595 34.3051 -32.9715 -7.08452
98.7102 53.8017 -22.3351 34.5258 68.4637 -15.3194 -22.8917 -26.7273 63.9669 -17.7568
-22.8713 130.212 47.9638 -7.7692 34.8749 -6.97673 21.5713 -23.4651 -18.2411 -24.8582
21.9358 -14.7502 -20.5119 -16.7006 -8.23182 -24.9089 -64.4453 -12.6162 24.11 -64.7374
93.3419 -23.9932 73.7314 -13.3838 -65.3717 -23.7476 -9.70398 -25.5582 -25.459 44.773
41.1468 -64.3279 -51.7012 -18.898 51.9651 -16.9191 -25.1768 125.165 61.8648 -11.5928
-64.9676 -11.2006 -25.329 45.6893 91.4121 -24.6602 -15.6284 39.93 -10.5187 26.3024
-10.4703 45.8793 -50.5703 -63.8936 -16.2756 -24.3249 -10.2035 -64.167 -18.5841 -24.5633
-6.83337 96.243 124.357 -7.06567 -7.25346 53.3691 81.4212 -25.0477 -58.6087 123.839
-62.0446 -6.84614 -21.2647 31.258 -25.5111 -17.4953 -15.7127 -13.5827 53.8618 -13.5376
58.2052 53.2416 61.069 -7.35377 -13.4947 -25.0495 122.979 28.7579 12.0556 -20.1512
-24.6308 -57.2426 -7.42397 -8.08372 -25.4474 123.955 63.3221 125.019 96.9417 -13.7515
125.949 104.418 -24.4268 36.1502 -20.5803 10.5472 40.0501 -16.2847 125.599 61.8709
76.9308 -9.48743 12.8145 -16.4472 -25.1081 42.3918 104.245 -13.6977 -19.6381 -15.0302
-42.7048 121.241 65.6317 -63.6419 -63.8102 -26.0583 -12.8991 21.9378 -24.9142 -19.9771
-6.78128 -13.1819 -25.1138 75.9608 -22.4595 -15.1182 -7.23434 -63.4639 -11.9441 -63.4881
98.2205 113.237 -25.1194 72.4826 -16.9897 -55.0518 -7.40164 77.9443 -25.2335 -18.7879
-6.94764 79.504 -10.2624 -25.2266 -25.3412 -9.59717 -14.7735 -9.23667 -9.20924 -23.7295
-53.8584 -26.1153 -63.2812 -8.93831 -15.9464 -25.3519 75.5686 -17.6947 -23.8586 -14.1903
-9.43583 102.223 -25.2739 -25.371 81.4588 -65.0493 -19.3929 -61.6204 -24.3393 -19.3928
-25.3837 -7.38802 -25.2795 -25.6405 93.533 113.931 -12.2224 -63.0359 -18.0388 -61.0963
103.17 -14.6708 114.174 45.2418 117.17 -24.9296 -25.4188 118.096 115.906 -7.71279
-25.4528 118.016 114.333 92.2361 24.012 -25.5934 -16.4427 -13.6951 92.4712 -25.4657
-60.3455 -15.0826 -7.66324 -24.9205 -7.37947 -11.8387 23.9176 -24.9078 -17.5833 -25.5006
-7.10758 -60.0351 -96.8948 -25.5455 -19.6717 -25.2494 -6.88171 -25.5635 36.2694 111.856
-18.597 -13.7684 -24.907 -24.8973 -20.0212 -20.0803 -11.428 -24.7727 -16.9686 23.9006
-7.1211 62.1047 -7.38378 -67.3682 -25.4593 -8.6408 -17.556 -7.38925 -10.3432 28.4615
31.351 -11.4585 -24.7298 -25.2822 -67.8456 -58.9971 107.316 -8.47894 -25.646 21.9081
-25.4398 -14.5604 -7.39747 -8.79235 -13.5527 -7.38814 -66.1428 -8.11654 -66.7602 -7.81777
-13.1624 -7.79302 -65.0849 -15.0901 -23.9826 -110.887 -7.53097 106.795 -24.0693 -25.5335
-57.3306 -62.2691 -25.7029 -24.3507 -13.5596 20.1589 -7.39782 20.1235 -7.39975 108.762
-9.27773 -9.25017 -24.9401 -9.28882 -60.4524 -10.1965 -62.3579 -17.5601 109.579 111.007
-24.7783 -24.6997 34.7379 -14.1884 25.9018 -24.9312 111.647 -25.8985 -24.7663 -9.67179
-12.857 -58.9006 109.953 -7.40442 -25.5872 20.0581 -14.0866 -9.86043 -25.6902 -62.6985
-13.8207 -15.5709 -13.0233 -9.82478 107.03 -24.8241 -12.9805 -59.2722 -25.9093 -12.9957
102.112 -24.903 -60.6424 -60.8712 -9.51249 -8.5828 -13.5199 100.524 -13.1926 -25.4095
-65.249 -24.782 -12.7349 -25.0291 -64.8777 102.654 -25.8752 20.021 -11.6946 -7.17554
-12.6992 -6.50301 -24.7807 -15.4438 -6.26536 -6.24417 -59.332 -23.9311 -5.99276 97.8117
-25.9354 -24.0114 97.7416 -61.9826 -25.6097 -11.3903 -15.1383 -13.0288 -12.4759 93.004
-16.3408 -24.2201 -24.7834 51.212 -66.8673 97.2603 -25.1603 -63.0171 -63.0471 -57.1866
-25.9468 -12.4502 -24.4838 102.351 -24.9013 -57.1601 100.383 -26.0253 103.267 38.7284
-57.1464 21.8192 -14.0876 -25.9522 -59.6381 -55.5463 -25.8539 -12.7522 82.3869 -64.344
-54.6557 -46.6249 -7.34448 -24.5778 -48.8236 -48.8552 -45.5966 19.9879 -26.0483 -60.0395
-50.9848 -26.0542 -25.0508 -12.3335 -12.2757 -44.173 23.6276 -7.19849 -13.0256 -44.3659
-25.0629 34.2613 -24.8294 -15.1058 -52.4507 -58.8591 -25.0549 -6.60471 -12.6182 -12.2127
-24.7228 -58.0641 -25.8061 -60.7132 -55.0371 -26.0888 -12.5068 -54.8122 -26.0019 -65.7353
-5.40515 -57.2176 -51.0488 -30.3 -4.77921 -4.6068 -4.59096 -24.8496 -12.8315 -23.7658
-45.445 -30.2749 -4.36842 -15.1751 -12.2875 -25.2984 -23.8356 -24.8421 -26.1558 -60.2995
-24.0211 -56.0124 -55.9931 -55.9923 -55.9956 -12.2453 -51.7084 -50.8837 -54.5968 -63.001
-25.573 -41.0254 -3.92558 -26.2206 -3.91089 -63 -41.149 -63.1191 -13.2121 -55.0475
-24.2636 -25.803 83.7773 -4.0306 -24.9997 95.5234 96.0603 -13.6441 93.8365 83.7349
67.9466 -55.5896 -13.7929 -12.6012 -63.736 -47.1196 -4.51769 -24.8092 -26.269 96.1431
89.8552 -49.6512 83.6185 -65.2353 -26.2564 -13.8722 -24.3578 19.9544 -12.2274 -46.7988
-14.0219 -4.74094 -25.9426 93.5283 81.8099 -25.041 27.8135 -15.5108 -50.7552 -12.8457
-26.8205 -5.10171 -50.8435 -30.3019 -26.8331 -62.0778 -12.339 -12.2195 -25.3483 -30.309
-48.3077 -4.35496 -24.4119 88.9585 -26.2069 -30.403 -46.6251 -25.8286 30.5175 25.4293
-55.2237 -3.4096 -53.7887 -24.8903 43.1287 -13.919 72.9127 -12.669 -2.91177 -2.79311
-2.78505 -12.3062 -24.8751 -24.1299 -57.3918 -23.6346 -2.66521 -24.8124 -23.7006 -47.0724
-58.3091 74.0592 -54.8414 21.6421 -15.0994 -23.8619 -52.9988 -53.0079 -24.9134 -12.4096
-23.9801 -32.0769 -12.8316 -25.9852 -12.2745 -14.9356 -25.2784 -25.1439 -62.6059 -24.8137
-45.419 -24.065 -63.2142 67.9435 -53.3443 -12.2788 88.7557 89.1946 87.5233 -24.0808
70.7314 -26.8263 -53.3449 -32.5924 83.5024 -62.5291 -25.7883 -12.3734 33.6672 -66.3323
76.7603 -26.8507 -14.5004 65.1516 -24.1296 -50.2972 -50.0036 -26.8422 -52.3715 56.3006
-12.6369 64.2092 -54.1712 -30.5889 67.256 -54.5644 66.0628 -37.4746 19.9084 -25.7413
-24.1284 -40.6176 -1.50737 -12.4552 -14.5961 -24.0709 -12.3123 -24.9568 -44.6172 -12.6095
73.8201 -12.435 -12.3067 -0.582717 -12.4507 -71.2242 -14.4466 -60.588 -12.7651 23.2635
-26.8366 -0.0746632 -12.6638 0.0304788 0.0351791 -30.5232 -50.9248 -24.36 -23.5542 0.113607
-23.611 -26.1841 -57.8886 -26.8431 60.7565 -12.5154 -23.7343 -56.1707 -55.589 -24.825
-23.8082 -58.6919 -25.4242 -24.6788 70.7946 18.4567 -12.3588 -49.9965 18.4553 54.4862
-50.4151 2.8511 2.85952 75.7429 -50.0198 -23.8781 81.0645 83.1349 53.9261 78.0215
-12.5889 82.9327 56.4288 2.67524 -12.3546 -71.3035 55.663 -12.5503 83.7024 2.05013
-30.8386 18.6432 -53.6958 -56.143 -52.9837 -12.4246 -23.9203 -54.7723 -53.6586 81.6339
1.24912 -12.7697 -12.3982 -50.9277 21.657 49.7647 -55.5801 -23.9174 -55.6335 -54.4151
-55.2726 75.2929 -12.5929 -26.1756 -12.4282 -23.9154 -25.1479 -26.8482 1.88887 -25.0295
-26.6829 77.5091 50.9337 -26.844 36.961 -32.2533 -30.7886 -42.0162 -12.2498 -63.5144
18.3585 3.09139 -12.2194 -24.8271 -35.9218 -26.8463 -12.1517 47.213 3.74224 3.87691
3.88594 45.7887 -41.7473 -48.2743 -23.5417 4.03207 48.0243 -23.5856 21.3882 -48.0129
-58.4401 -23.6776 19.8154 57.9865 -52.4421 -57.7605 -25.8658 66.5206 71.6053 -24.9553
-55.9358 -56.1265 72.8931 -54.2961 -23.7417 -26.8443 73.8373 43.8063 45.39 -55.4808
-23.7762 -54.4636 -25.2898 -57.9779 -31.7318 67.5295 -54.5346 -23.7952 -23.7951 24.866
27.0536 18.5326 -66.1678 -24.9003 -54.336 -54.3765 41.4136 -26.6699 -25.4651 -26.8454
29.6054 41.2973 -23.785 -26.8449 -54.6736 -54.3297 5.91035 70.7193 -63.4989 7.06127
-55.0531 -33.5283 -55.3937 7.69646 -54.9993 -26.821 -55.3147 7.86196 7.87429 -73.1571
21.2479 -25.9328 29.5035 -23.568 8.04028 22.8753 73.3878 -55.4333 -33.6096 -55.2124
-55.1783 -23.6065 -36.0998 40.4718 -55.2683 -26.3025 -40.6445 -25.1735 56.0099 -58.6249
46.7696 -23.6913 62.7059 66.5753 68.3529 -23.9325 -46.3804 72.256 29.1929 72.3382
-57.3989 -26.8189 -23.752 -23.7728 57.8965 -51.5775 11.4795 11.483 -26.8241 -56.1834
11.3039 36.6935 -72.3947 72.9809 -55.6384 -25.0878 18.2466 35.8558 10.5947 -23.7864
-25.8605 -56.3508 71.3814 -56.4243 40.1679 9.18328 -23.781 -56.4535 -26.8287 -26.8635
9.95428 -23.7788 -55.3071 -24.2197 19.6347 68.5781 10.4107 -63.5064 -26.823 11.3145
32.1243 11.7593 11.9045 11.9191 -38.0032 -55.9993 -25.4542 -55.2548 -56.0261 -23.6096
12.0732 31.0678 -23.646 -57.0998 33.8387 -38.004 30.7772 -53.6887 -49.7436 47.2557
-58.2261 -41.2126 57.0734 53.6555 -23.7318 39.7195 21.0684 -56.0903 -56.0817 -45.941
-46.4294 -23.7907 -25.2833 -24.9004 -23.8097 32.9503 -56.6644 -51.2542 -56.1962 -26.3472
49.4081 -48.1172 -27.3675 -23.8389 -57.5616 -55.9097 -56.0478 27.9385 18.4215 -56.935
14.0719 -26.8261 -57.0278 -26.8252 -55.8427 -61.3613 -23.8398 -23.8399 14.4299 -23.8414
-25.9748 15.2303 -26.8256 -56.1508 -47.825 -65.5493 -39.7923 15.6675 -25.7683 -34.3845
-55.3266 15.9884 -43.1502 16.1148 -56.3814 16.1333 -25.3152 -23.606 16.299 -57.5512
-67.8604 -23.6376 -43.0465 25.63 50.8121 46.8212 -34.9782 53.6144 -35.0189 59.416
-23.7211 -46.3926 -23.8436 41.0885 -44.3503 62.6339 -25.6392 33.5769 -26.9919 63.4723
-23.7901 -56.8638 24.1887 63.5883 -50.0193 -23.8026 27.2244 -57.5693 22.3619 22.3791
-47.4869 34.6505 22.4824 -57.5691 -64.3133 -57.5701 22.9028 22.9471 22.2983 -53.7466
-24.3845 -47.1015 -23.8483 -45.4987 24.4348 26.1484 -56.9766 22.3834 -25.4876 -45.442
63.3265 23.601 19.3972 -45.6099 -35.8713 -24.6299 -26.8263 62.2227 -56.9462 -25.6452
20.974 -56.9423 -57.4535 -26.5389 -23.884 -56.9847 42.3594 -23.8681 -25.0285 20.4846
-38.9215 -25.7311 23.5661 59.6497 20.2359 -54.8729 -36.3816 -60.806 -36.3975 -56.4271
22.0022 18.0751 -25.6321 -47.9554 20.0081 20.0459 20.1943 20.2536 20.2666 -47.792
-57.4155 -23.5433 20.4015 -26.0238 -62.2816 -23.5698 -23.7186 -48.941 43.06 39.5218
-23.6252 -55.1933 -27.4712 -57.4418 28.2344 28.2248 34.7636 28.1973 -24.7633 -48.5335
-26.7708 -21.7509 -49.9437 -18.0185 -27.8118 -23.6906 -23.6962 29.2127 -53.1376 -57.4652
54.4943 -27.3075 23.4197 -57.2656 17.2523 -25.7382 -49.3702 -51.6051 -23.7838 18.425
20.6726 -50.1112 -20.1062 -27.0304 -56.5326 -25.7742 -20.5595 -53.3346 28.6083 -39.5141
-23.7779 -23.7718 -55.703 27.94 -17.7139 -25.8021 -25.3811 -50.3389 26.3787 -54.5014
-54.7897 -50.3241 -57.0791 -25.7823 24.5043 -26.4098 16.7048 24.3161 24.3007 24.3126
-23.3586 -19.3129 24.6903 47.704 -54.4268 51.7044 -23.3537 -51.4983 41.0838 -27.9455
37.5477 -41.4752 -30.8912 -23.5945 53.8846 -23.3627 48.3531 -55.4482 36.611 -29.1586
-58.9016 34.1907 -51.6618 54.3938 30.1006 -23.4317 30.2644 17.8728 35.6139 35.7183
-26.0382 -18.6443 -50.6723 -50.7534 36.5851 18.1364 -50.7588 -23.4143 24.5878 -23.518
-50.6672 18.1857 19.7512 -48.6275 -25.4008 -50.7493 -25.8191 38.1732 -26.5151 -23.6165
-42.9963 -27.5713 -55.5287 -26.4854 -43.1331 19.1204 -29.2189 -62.1589 -19.9799 25.6329
-62.4967 17.1855 -23.1308 38.4725 -50.2881 -25.1802 -49.6756 29.678 -26.0362 -26.9228
-23.667 -26.03 35.9005 -26.0288 13.9162 -53.0036 -55.9961 -41.7856 -48.8367 -63.523
-24.9533 34.6233 12.9941 -22.937 26.2948 26.0024 -23.5354 -23.4956 -26.9757 29.8781
27.6072 -28.4064 -28.8501 28.3257 -18.3166 -28.2152 -46.9214 -28.8198 -47.6441 -23.2803
-23.3548 -22.7031 -53.5088 -27.8425 23.388 21.7858 -60.0226 -60.1274 -27.843 21.4508
-23.2305 42.4825 -19.2202 -44.3094 32.0418 -27.8736 -23.2819 -43.4452 -46.6098 29.041
-23.0679 -23.172 -67.0049 6.43112 -50.0107 25.2183 -29.5878 -27.9396 -26.5021 -40.6461
-53.7451 -45.3829 20.8833 -21.8599 -23.6704 -29.5396 -23.6736 -23.738 -22.4607 -51.9884
-17.863 16.2117 25.067 -44.0645 20.2431 -84.3787 -23.9338 -65.2416 -85.4387 -84.3507
-87.1227 18.9394 -23.853 -88.2888 -29.6684 -82.9297 8.54851 -70.3944 -54.4444 -48.3937
-22.2718 -42.4875 -21.4841 -73.0223 -18.6928 -23.5553 -27.4046 -1.94041 -20.136 30.9089
-61.206 31.9432 2.39988 -40.8068 -24.0284 -98.1367 -28.5779 -28.2188 -96.2543 -25.9517
-29.3736 45.241 -39.7883 -28.5318 -19.4007 42.4076 -57.9931 45.004 -41.2032 -51.7434
-19.9581 -22.83 -23.0604 -49.093 37.6009 -41.2601 17.6759 47.4468 35.0128 -32.8948
-36.7566 -67.2277 31.8833 -49.9187 31.4212 47.1019 15.5944 -22.8443 -65.6415 15.6476
-26.7886 28.0991 47.0182 -18.3395 -24.864 50.8154 51.1883 -28.0451 -18.1816 -39.4935
53.6691 -31.8051 -50.6904 -25.9909 59.1054 -37.7596 -15.0108 -19.7789 24.9203 -24.225
-23.2249 -21.8875 37.265 21.3001 -18.2321 26.717 -21.9742 -69.0935 -51.2882 -68.0852
-28.0875 -23.2221 -50.258 -24.2335 -50.7934 -26.0064 -18.2813 16.9751 -18.3509 46.757
30.426 66.1978 -22.2966 -18.6436 -23.5075 -18.8225 -52.0529 42.7952 -19.7026 18.7809
-42.1759 -22.376 -26.2057 9.68341 -51.9258 -23.1158 -27.6008 -26.0987 72.4253 -19.3763
-30.2299 -16.7836 -26.0793 -30.2834 -0.602679 -20.8887 -17.3699 -21.75 15.5947 -35.1884
67.0883 -16.3238 -22.0998 -20.6894 -43.4551 -20.4475 -27.7835 -33.1065 -60.7431 -27.1244
-27.9236 -25.9631 -18.4789 -32.2799 -27.7457 -15.741 -11.6172 -27.8603 -15.3023 52.2071
-16.4434 -54.4685 -10.9126 -29.029 -30.896 -39.3982 43.5513 -18.6077 -23.4597 -21.2356
-40.9821 -31.1725 -12.3173 -19.406 -27.047 -44.938 -21.5758 -29.2419 -24.58 -32.42
-14.446 -27.4892 -19.5714 -30.5298 -54.7768 -26.0632 43.8186 -22.8739 16.8859 -33.1436
-45.505 -29.1056 -19.7704 -45.1162 -26.0553 -23.8101 -55.0288 -24.9289 -19.9241 -52.1881
-35.0161 -26.0594 -22.7444 -25.6739 -35.793 86.4972 -16.612 -16.2738 -26.6457 91.8733
16.7386 -26.0354 -37.3186 -21.9328 -28.9897 -26.4517 45.7871 -27.6789 94.5985 -25.6968
-20.6566 -30.8307 12.7221 88.8073 28.133 -19.8222 -27.7904 -20.947 -12.0711 57.6616
47.8634 -26.3323 -26.4655 32.7886 -27.3557 -26.6402 14.2927 -26.6388 -20.0701 -18.529
21.0786 -28.1564 -39.2635 7.39175 -33.741 -47.9027 -25.4819 -24.47 -32.7064 -20.0635
17.661 -26.0559 38.5317 -24.1277 36.468 40.0361 -25.1312 69.6866 -24.1293 -21.9727
-27.0404 -20.0423 0.727867 22.4523 -27.2846 19.7059 -9.86234 32.7865 -30.9627 -39.2489
-21.1567 -32.3664 -47.9974 -26.1246 -28.506 -7.94952 -21.889 -7.79544 -27.4874 -28.6317
29.0414 -25.4501 -26.0306 15.4567 -18.5333 -26.3781 -27.652 72.0648 66.4931 67.3143
-5.74765 -29.8186 -30.8188 -25.6024 -17.9482 -40.2915 -25.7569 -40.1441 24.678 -40.1803
84.1676 96.5763 -26.0292 -27.3679 -26.0283 106.14 -11.3063 -23.9478 -32.3692 -4.35234
117.031 -27.6073 17.8481 -13.7285 -24.3336 50.5917 -22.2248 -27.6388 126.267 -33.5038
-10.9808 128.751 -41.8045 18.8791 -30.9506 -26.7581 -26.6377 -26.0457 -17.0895 -26.4331
-17.0533 122.882 -10.0502 -16.5209 37.6802 23.8042 15.0036 -28.8603 -26.0483 -19.5416
-31.0442 -14.602 -17.452 108.743 -35.2842 60.9733 -16.4512 -27.4195 -10.7614 -25.7274
-24.9872 -24.958 13.2023 -22.5531 -27.3284 -7.99802 -24.8832 18.3459 36.095 96.9499
113.377 -6.75139 -31.4759 115.169 -26.0397 -27.3252 -18.9578 10.6109 -14.6753 -26.009
-31.1661 -36.478 -30.4424 -12.0354 -26.4989 -29.3024 -1.34918 -26.0363 -7.1458 -24.668
-19.0569 144.773 98.3393 -26.3103 -6.65206 109.177 -28.2572 8.48441 -30.535 148.813
-2.0166 122.754 -38.1014 -26.9328 -26.4986 -38.4962 -7.21081 137.558 -26.6191 29.0046
-27.4868 -23.8575 -22.8022 -23.7731 -13.9742 -16.0224 5.1704 -29.9599 -5.2075 -5.5666
-19.5015 -27.5021 -31.3788 -28.5178 -5.9082 152.103 8.98822 -27.0423 -32.7935 -15.7253
-29.7148 -16.1337 150.343 -26.0438 -23.6409 -24.9686 24.995 -26.9632 -24.116 -27.3742
23.6427 -26.6959 -24.1647 -27.3039 -22.5018 -26.0123 -27.701 -33.8903 13.1289 -19.4197
27.9498 -27.7645 17.0366 -27.2731 17.1215 156.211 -31.0259 34.1093 -20.0355 32.4072
-26.6809 -24.404 -26.038 -13.7027 29.2589 -26.6864 -26.1162 16.1409 3.74682 -19.5477
36.57 4.81039 32.3594 40.0827 -12.3808 17.4622 -19.8173 -24.6315 -23.0016 26.6033
-29.2514 105.911 27.5447 118.978 -1.12173 -26.9983 87.9464 -15.6161 80.2391 81.3167
-23.2961 132.879 -26.035 -20.6863 -26.6793 16.9655 36.634 -27.3405 -31.7951 24.2844
-26.7273 -22.2327 29.8984 51.5971 -22.3766 146.229 15.2283 -22.1959 -23.5271 -23.5344
5.30669 -26.8592 -23.5335 -30.6973 -23.8207 -24.4689 36.6772 -30.3374 47.8373 -27.5262
20.3996 -24.4388 22.353 -24.3995 -24.4052 -26.7384 -27.6865 -27.7031 149.86 20.2648
19.0946 -23.266 42.9769 -27.2437 -23.9654 -28.647 57.1304 -25.9894 26.1838 35.9996
-32.0106 -23.7512 -13.7481 -27.162 -32.8672 63.1012 55.8193 1.91647 17.4366 20.8028
-26.6507 -25.0343 -25.9606 -21.4294 18.5915 -30.1477 35.2674 88.1338 21.3817 -27.0141
20.0104 -26.3801 -24.5463 123.911 113.235 -24.4928 -23.3557 25.8193 -33.2072 135.633
-27.241 78.2451 -22.9386 -29.0332 -27.6601 109.106 19.9126 23.2822 -27.3105 -26.8917
-31.7323 -27.717 -27.6612 -27.7161 111.029 17.8482 -1.54966 -28.154 107.825 137.935
28.9862 -26.681 -25.8744 26.5271 -30.152 -26.8039 -15.4867 105.655 -29.4714 -27.2026
-20.7001 16.9922 21.4127 -32.8363 -33.4744 -27.1613 -19.9988 35.5973 99.8466 22.8652
-30.8972 -26.2918 -26.0636 33.0044 -26.063 -30.3788 -27.9182 22.3857 -27.0266 127.419
127.506 -26.7169 -27.699 -29.6299 -30.1017 12.5317 113.007 -34.5202 -15.5898 30.3911
-27.2622 -30.527 16.9573 -28.8439 -26.5893 123.424 -33.0262 96.331 -14.7149 89.1053
18.8085 89.856 107.442 -5.08212 62.3379 -30.5901 156.151 -27.2241 22.6845 -30.1744
-3.93757 124.805 -26.7017 159.854 -33.6835 -27.2676 -27.3979 29.2109 156.645 -26.0261
-27.2171 -34.6799 -27.2447 22.4588 -28.391 115.809 -27.2972 30.447 -26.2231 -30.3306
-30.3419 -28.6199 137.859 -30.4928 -29.4787 -27.0788 24.3091 -35.6495 151.102 151.315
-27.3708 -33.7204 26.0167 -30.871 23.1321 111.871 -28.6485 -30.5726 -26.0019 -26.8371
30.1289 179.286 -28.0985 -34.536 122.613 -27.311 -29.4611 14.8844 111.664 -28.5209
-29.5726 -27.271 187.893 18.396 -29.1239 -28.9805 117.635 19.3442 17.3381 -26.4138
-31.2694 126.624 -29.8921 43.6708 -30.4872 -36.9956 93.8514 -27.141 -27.2238 27.8463
26.8717 -29.1455 156.714 156.825 -26.0008 -28.071 -28.4088 -31.0714 26.5462 26.6764
26.9764 -33.2993 23.854 28.4694 13.3865 23.8139 13.4438 95.4761 70.6834 -34.4691
93.453 -26.9402 92.1021 92.282 179.787 20.1929 92.7612 92.4614 -27.3747 -36.9372
-29.4394 -29.0536 -27.4011 186.241 83.96 -29.0156 -28.9964 -28.9368 20.9382 99.0191
98.9587 92.003 28.9732 28.9361 28.9341 16.2847 -53.3946 -30.1081 98.9797 -26.6804
28.6966 -28.3451 20.8528 98.7158 -29.0873 -37.3136 -29.5762 119.114 92.489 92.0938
-28.1187 -27.329 -34.9062 23.4356 13.7003 -29.153 -31.1212 -31.1441 -31.9347 148.127
148.652 23.6539 91.5075 -28.191 23.1111 -26.3039 28.3717 -53.4053 -53.4057 -33.5087
-53.438 -29.7023 -29.3578 -37.1568 -52.8461 168.926 94.8626 -27.0974 -53.4471 69.1715
71.1018 174.571 -52.6782 25.3771 20.856 91.3155 -28.7998 92.0775 91.5532 29.5503
-53.1897 94.5684 -29.2339 -29.71 -26.0631 85.0893 91.64 -53.4577 -27.9083 -51.6545
-31.3771 -28.3615 -53.2449 -36.5097 -26.9971 -53.4604 -51.6958 -29.1147 -35.6736 -42.043
-27.6098 107.025 -29.4159 -51.8184 -42.0047 -53.0158 -53.0296 -41.8178 -41.8107 -53.4644
-41.8941 40.6978 -41.6931 27.1629 -42.0507 -31.5302 -42.035 -53.3001 89.5621 -41.3641
-53.6063 -28.5811 -53.2221 -53.1878 -27.847 -41.363 -28.5655 -41.6319 -52.2452 -28.527
89.676 88.8938 129.098 -32.4717 131.11 -27.0299 -42.0617 -53.0132 -42.0891 -29.8752
-52.8371 -41.7912 147.722 -36.7709 -53.3034 156.17 90.4262 -53.2895 -49.9672 -27.6479
-41.1141 -53.639 -53.5945 -53.305 89.8826 -53.6412 -41.3502 25.4164 -41.3059 13.2669
-41.6796 59.5859 89.9855 -27.0665 -40.6076 -49.8922 -28.7291 -29.1703 -27.1 -52.8875
89.4573 88.2777 64.5437 87.9698 -41.3625 -41.175 -40.6476 87.7993 86.8171 17.5956
-53.4801 16.7458 -40.696 -35.5415 76.0119 -28.3244 -53.087 -35.4657 -27.6195 -29.2428
-50.2235 -29.667 87.3728 -40.3612 -28.8062 -28.9681 91.5404 25.5789 21.1987 -40.4793
-42.0331 -29.8325 -41.3833 -46.7809 -28.9333 -41.5034 -53.7472 -30.1838 -52.7578 23.1122
18.3318 129.824 -32.0377 -28.8312 -41.8721 -28.5109 127.276 -40.6554 -30.0237 -53.8356
-46.6072 -36.1534 -39.7381 -27.9521 106.964 -53.5773 -41.5456 -42.183 -40.3018 -53.8158
-41.4838 -28.3198 20.9695 14.397 -53.1878 -39.7989 -53.0522 -53.2671 16.0131 -29.4516
-50.6869 -28.4502 -42.4757 -39.8788 118.409 -28.6222 116.714 -34.9526 -52.0536 -39.0611
-46.7683 -40.9125 24.7337 -28.8983 -35.531 -38.9772 -29.8081 -29.1687 -29.8832 -28.521
108.158 114.023 84.5468 85.4627 84.5857 -43.6993 -42.7062 -29.1998 83.1366 -41.6301
-31.96 18.9165 -41.725 -29.1535 84.0131 -53.6538 -52.3938 -39.0912 75.1032 -53.5629
-43.5721 -29.0045 -53.8065 82.1965 -42.2054 -32.0785 -30.0001 32.0496 -42.4534 -53.216
-35.6826 -52.4514 -51.2325 23.8167 89.8537 -53.0466 -28.7986 -42.4646 44.6246 84.3471
-29.6442 -41.6131 -38.2464 -47.4559 -29.5887 -29.2174 -53.2226 -30.4164 -53.8166 -30.9096
-29.4393 -43.6721 41.5467 -53.7631 -42.8337 20.2558 -40.6167 20.5384 42.1673 -38.3116
87.3565 -53.1414 13.3348 -34.4927 -53.172 18.4618 -29.2458 -29.387 -35.0719 22.0767
-29.8213 -53.8252 -29.2696 -31.0108 -40.7873 63.0086 -53.6565 71.5999 72.7154 -43.2594
-53.4615 21.075 -53.7839 -40.7269 69.5171 -39.628 81.6987 -51.7461 -29.3125 -53.7949
16.4334 -53.0723 -53.7966 22.8197 -48.4014 79.238 -53.5224 -42.1269 -29.9887 55.2357
-43.2419 14.1347 -42.3424 -29.8937 -35.1628 -42.5634 -32.4103 19.2618 86.4724 85.986
-37.7251 -53.8093 -44.3709 -53.7081 -42.7453 -29.6652 -29.53 -38.5785 -42.5011 -37.622
60.8953 -37.6381 -29.1492 -53.8064 -42.7931 -40.7362 -29.149 -29.1469 -29.1481 -32.341
-53.8035 22.8266 15.7856 22.0667 -29.0886 -37.7605 -53.7311 -41.4109 -33.8699 57.4016
-29.6739 -52.2142 -29.6773 -34.831 -49.5023 -52.2227 -52.1844 53.1267 31.3057 -43.0455
16.0458 -43.2526 37.5454 -49.6206 -30.8517 -32.262 -38.2094 -53.7211 -45.5915 -49.033
-31.8637 -38.0517 -32.1523 18.8419 16.7193 -43.3533 -29.2055 -53.7147 15.2926 23.2819
-40.346 -53.33 -30.7495 -53.2622 -53.1967 -29.1743 -41.3978 -43.1814 -34.3703 83.3799
38.83 20.8026 -52.5574 -30.6401 -29.2669 -39.3661 -32.3188 21.5172 22.2794 19.5223
-29.0841 -53.3022 -46.564 -44.3855 -5.55956 -42.2975 -52.5593 -30.0797 40.2256 -50.5048
-29.0418 -52.5593 -37.7845 -35.4565 -37.459 17.2516 -47.0031 -29.0028 18.1956 -38.4187
9.44127 -43.4843 -37.5282 -45.0977 -33.9064 -44.5172 -33.0192 -41.1831 84.7652 23.6226
-37.5988 34.6475 -42.7963 -46.784 -28.9872 -30.8896 24.4844 -50.1834 -50.1793 -46.4028
-46.6921 -31.7024 19.2604 88.8333 88.8016 -28.9188 -36.3026 -42.7978 88.7681 -42.4597
-29.8821 88.984 -40.3043 -42.479 13.0418 18.2336 19.0326 20.3807 -23.5339 -22.6081
-46.0546 -33.3885 -35.596 -41.7117 -37.4206 -31.113 -31.9994 -31.0531 -39.9631 -37.409
21.3894 24.7539 -12.921 -32.5257 -38.3736 -39.7446 -33.3403 -37.3096 -33.778 -28.8598
-38.1597 13.215 -32.5492 -40.4527 26.05 17.5837 -45.4004 -39.2451 12.7364 -28.8039
-33.1371 -32.0666 -39.3828 -28.8482 -31.6125 -32.5836 -39.4087 -39.3719 -35.4773 -28.6766
17.9794 -39.2745 -36.0725 -38.4119 -10.7096 -43.3031 13.7436 -31.6819 -38.853 -43.0199
-40.8466 -33.6632 -34.9482 0.12382 -29.0601 -32.6117 -32.9281 -21.2344 -32.426 -39.2084
-34.8759 -37.5684 -4.9419 -28.9751 -38.7992 20.2947 -39.1278 -44.1662 -35.3444 -30.3471
10.7656 -37.7997 -28.7038 -37.5392 -36.5059 -92.9202 -37.4837 -87.2009 -28.7198 -39.0906
-37.373 -32.3913 -37.4429 -28.7923 -75.0758 -37.4245 -28.8192 -31.7102 -31.714 -33.6233
-34.7717 -37.2178 -29.6335 18.8117 15.283 14.8631 -0.42308 -33.6613 -33.6933 -35.9427
10.2684 -39.6641 -38.9496 -30.7472 -38.9405 -38.9321 -38.9162 -37.8983 17.6508 15.3667
15.8332 -28.7657 -33.8182 -37.5906 -37.2892 13.208 -39.0924 -36.9523 16.9431 -43.6381
12.5419 -31.7526 -31.9772 88.3048 -13.4531 -34.6534 -23.7177 -28.8597 -3.3629 -35.3061
15.7956 -4.48906 -38.0716 -37.3385 -35.3031 -34.7427 6.20637 -36.7935 -35.3068 10.6283
17.9073 -36.8121 -31.9575 -39.2807 -28.9051 -17.8594 -35.3915 -32.194 -30.7476 19.1017
-34.8276 -34.876 -31.7726 -37.1558 -34.864 -37.3249 -37.0602 -36.6699 -23.2172 -37.0004
-28.9164 -21.8691 -28.9345 -76.2351 -28.935 -163.34 -35.9109 -39.3319 12.4217 18.3062
-28.9439 -28.9448 -22.6548 7.74271 -145.462 -9.1636 -29.1404 -37.0779 -37.7661 -36.5217
-133.638 16.1239 -40.1033 -36.6908 -31.6308 -35.5533 -31.92 -36.3062 -36.3105 -11.9636
-35.8831 -35.5953 -36.196 -28.912 -28.913 -21.147 -37.0899 -21.6468 -37.3056 -32.0141
-37.6941 -39.4092 -37.4067 -31.7892 -35.6087 -5.38193 -194.541 -38.0377 -41.6278 -35.5307
-36.2179 -36.6013 -20.6178 -185.506 -31.9446 -30.7214 18.2278 3.52781 -5.29927 -36.3221
-35.4239 -4.39786 2.05387 -35.5778 -169.857 -29.2687 17.3729 -4.26035 -4.25977 -35.5838
-41.5189 -172.638 -70.565 -35.1234 -35.3946 -31.5238 -35.2178 -35.6817 -41.2564 -29.0204
-35.8776 1.91886 8.43488 -36.5273 -31.2391 -29.041 -19.959 -3.15451 -37.1216 -31.1815
-39.3266 17.8713 16.2288 -40.5101 -106.749 -40.6302 12.5947 -35.3654 11.6049 -37.2649
-37.239 -35.6825 -35.9729 -39.4824 -30.9049 -36.4215 -36.1194 -37.8359 -28.9677 17.8276
-33.3879 -5.76175 -5.18345 -28.978 1.7354 -38.2851 -30.8722 -30.0905 -46.2772 -139.526
11.9145 -36.0722 -237.296 -36.0751 -144.86 -38.1119 16.5284 -36.0311 9.79021 -17.0252
-36.0663 -34.9995 -1.11409 -36.0824 -28.9414 -35.8531 -35.5637 -37.8288 -29.0894 -194.372
-38.1533 14.0192 -65.0538 -34.9331 13.0234 -12.2034 10.3392 -30.1309 13.1311 -13.0736
9.4108 -18.0711 14.493 -34.3263 -29.588 -29.6905 -38.1855 -37.9542 -33.5488 -269.898
-28.953 -261.503 -36.0989 -38.3998 -32.0188 -90.7601 -28.9624 12.1714 -32.1716 -223.788
-29.5382 -37.8708 -32.3308 -28.8789 10.6412 16.6126 -28.9805 -29.3857 -29.1049 -29.5097
-15.8917 -228.977 -9.00155 -32.5299 9.48664 -32.5654 -9.19398 -32.6936 -31.0795 -29.4721
-17.6888 -29.1605 -32.2379 17.2033 -32.9345 -8.86159 -118.916 -28.9309 17.5847 -36.6254
-36.6241 14.8361 -42.2402 -33.6658 -36.6122 -33.2159 -14.0664 -36.6118 -36.3697 -28.9105
-36.6091 -271.896 16.0649 4.83514 -40.8119 -42.543 -36.4721 -33.8468 16.6924 -4.51578
-147.917 -36.0852 1.46492 -60.3843 -29.0072 -143.755 -29.8528 -35.5902 -39.6829 -39.2826
-39.2797 -28.7748 -39.2857 17.2231 -226.823 -19.6814 -28.9052 12.8901 -34.8047 -18.4717
-28.9132 -34.7327 -46.209 16.1387 -24.5873 -77.66 -47.8954 11.1416 11.0884 11.2826
-36.0025 -36.6746 -34.0346 11.0759 12.8244 -6.3682 13.5361 8.84222 -28.5687 -267.071
-28.8662 -28.8655 -22.4704 15.5719 -260.473 -261.959 -59.6782 -60.1973 14.972 -27.3756
-27.59 -48.8314 -101.059 -40.379 -44.0031 -177.173 -42.5564 -13.1106 -81.4171 -28.9053
-221.464 -37.0485 -37.0353 -37.0037 -40.4002 -37.0235 -40.2532 13.9642 5.8566 -28.4866
-37.0511 16.4412 -220.544 -241.336 -116.153 -212.442 -28.8836 -49.0998 -37.1141 -56.0341
15.0162 -184.283 -57.336 -28.8217 7.55232 -36.8762 -116.449 -28.8497 -27.561 14.8585
-28.4225 12.1498 -41.0323 1.68374 -170.662 -40.8238 -36.5222 -86.678 15.3063 -200.478
-94.4572 -40.8069 -21.9406 -125.253 -36.2178 -156.421 14.6172 1.92347 -26.9634 -36.3301
-28.9499 -28.9611 -2.86192 -28.7755 -42.3747 -37.1869 12.7217 12.3228 -27.8488 -37.7373
-40.7607 -78.5684 -40.6261 9.81891 -28.5697 -26.4054 -26.6665 -43.3728 -26.6939 -26.7139
-43.1282 -42.3302 15.5771 -26.7494 -160.619 -93.6159 -37.1334 -37.1433 -37.1615 -37.318
-37.1518 -137.404 -28.7753 -26.6572 14.8741 -37.2143 -59.0026 -28.0756 14.8842 -3.71189
-26.8984 -28.119 10.3137 -37.4651 -28.7012 -151.687 -28.6989 13.5086 -4.59769 -41.2447
-37.5474 -41.2077 9.30035 -37.46 -48.9584 -48.9463 -29.1634 15.6062 -127.149 -41.4488
-37.52 -37.0428 7.9359 -23.6479 -28.6637 -7.60262 -57.7114 13.6772 11.7827 -37.9065
-27.2706 6.77033 -40.8086 2.44874 1.67151 -40.5748 -28.3245 2.09687 -92.4699 -28.6846
-28.6834 -26.6345 -28.6838 -38.9019 14.6581 -137.744 -38.5724 -28.6628 -28.6845 -30.9991
-49.3314 -28.64 14.8111 -14.1017 -26.6989 -67.6221 -42.336 -51.3928 -28.6375 -28.5936
-27.7611 -137.528 -27.7745 -40.6169 -26.7183 3.73892 -78.6077 -14.0525 -37.2662 13.8486
-43.9356 -26.6812 -37.7071 11.7102 -42.3376 -118.411 -53.1512 -36.89 -37.9027 -26.6287
-36.7753 -28.5545 -22.5799 -38.5728 -40.7586 -38.0527 -41.051 -6.04646 -28.5418 -26.9826
-61.1395 1.67858 -40.754 -28.1631 -40.664 -28.5487 -38.3931 -7.76632 -38.1942 -94.85
-38.3447 14.536 -38.2979 -38.2909 -38.2921 -39.0234 -28.5324 -27.2324 -94.1142 14.5304
-26.8658 -28.4729 14.7409 -32.6647 -69.0691 -27.449 -3.26816 -48.0946 -81.7588 -55.8274
-26.5284 -25.1202 -44.0592 -35.9967 -42.393 -36.3379 -36.0044 -31.1345 -28.4324 13.8215
-42.249 -37.0124 -23.0594 -80.1088 -52.2132 -41.6595 -33.5314 -37.4214 -36.2657 -79.3438
-28.3999 -26.6689 -27.8448 -6.52548 -37.7885 -37.6887 -37.6597 -37.5169 -30.8737 -36.0769
-46.9741 -39.0503 -30.4177 -28.384 -18.7891 -36.6575 -97.0364 -40.3241 -37.2307 -53.3722
-40.2126 -28.4011 -35.7229 -39.8273 -30.2493 -40.3625 -35.5954 -30.2334 -35.7276 10.2547
-28.3242 -36.4735 7.85736 -41.2514 10.3035 9.57682 5.57205 -27.0446 -28.3396 -40.0884
-39.9004 -39.877 14.0961 -28.3293 -26.3012 -40.3753 -34.6292 -29.7035 -42.1933 -41.5418
-39.6548 -58.3352 10.81 -34.6264 -40.8648 2.59479 -28.3111 -81.771 -34.7387 -102.733
12.6432 -37.868 -35.3069 -28.203 -15.646 -26.2975 -27.5029 -34.5302 -35.7474 -33.9917
-35.8281 -99.6919 -24.719 -39.2084 -28.2855 -35.4735 11.6238 13.898 -31.9167 -1.2881
-34.6117 -33.4586 13.5754 -37.7329 -69.0492 -28.1614 -97.3013 -37.5428 -30.5213 12.8272
11.911 -68.7097 -38.8394 -38.8267 -40.5616 -28.125 -26.5312 -38.7156 -28.1165 -37.1736
-38.4474 -71.815 -58.4129 -30.2432 -55.4393 -25.9558 -30.3008 -35.5833 -28.2061 -39.9059
-36.3985 -27.351 -38.8406 12.0878 -27.9955 -6.49981 -35.9829 13.5624 -108.593 -26.9522
-25.8194 -33.8131 -21.3516 -32.9606 -28.0131 -47.3349 -50.3456 -69.1291 -47.2474 -33.1858
-32.8383 -68.5481 -37.6387 -32.9962 -55.3344 -33.3212 -33.4686 -36.6681 -32.5348 -46.0183
-27.9834 -32.6478 12.8542 -42.0306 -34.8534 -33.4639 -36.1337 -103.705 10.157 -27.8515
-37.3194 -27.8578 -25.8848 -31.8907 -101.87 -37.1657 -32.9715 12.2733 -31.4293 -34.5179
-14.0008 -31.3802 -31.5601 -37.7986 -38.2483 -44.4867 -84.1328 -27.7696 -63.123 11.3342
-32.4809 -36.9486 -31.1187 -107.402 -26.4328 -24.6466 -45.5247 -35.0828 -31.152 -34.2338
-25.1699 -36.5776 -31.6863 -30.8838 -28.0413 13.0883 -33.4915 -36.0343 -30.8101 -35.8991
-54.4312 -27.79 -36.4249 -100.733 -31.6931 -31.047 -33.644 -33.696 -33.6929 -62.5645
-34.5202 -32.3606 12.7484 -54.7582 -27.605 -35.25 -25.0551 -26.9705 -36.2594 12.9708
-50.9302 -100.429 12.6937 -51.8394 -35.9863 12.2351 12.6508 -32.6498 -32.1761 -100.665
-34.6715 -24.4841 -30.8606 -34.8125 -27.5731 -35.9144 -44.0018 -32.3852 -34.5494 -27.5022
-25.6816 -35.2597 -27.4741 -33.0681 -27.4816 -35.7304 -47.3356 -35.7048 -46.3925 -35.6946
-33.799 -31.6991 -29.9069 -34.5387 -23.9284 -23.9268 -87.3738 -31.9239 -34.6456 -32.8389
-45.4932 12.0359 -52.658 -27.7079 -34.6592 -29.6341 -29.4275 -43.9516 -92.9518 -30.7371
-27.3543 -42.728 -51.4144 -30.9755 -34.0098 -23.6624 -29.5579 -51.495 -26.4591 -34.5692
-29.8265 -51.9432 -52.833 -32.0621 -33.6397 -33.1125 -71.1307 -71.1673 -71.1913 -34.6947
-71.0529 -91.9918 -33.127 -27.411 -32.0988 -30.831 12.0451 -34.8114 -86.1307 5.37633
-32.6482 -34.0994 -27.2461 -34.7309 -33.806 -32.6665 -27.2368 11.9632 -51.1778 -37.8477
-46.0505 3.21127 -96.9603 7.04783 -24.2506 -27.2245 -27.224 -35.9964 -26.9994 -32.2146
-34.6032 -32.2965 -30.2781 -34.5959 -33.627 -34.6732 -21.8654 -21.8633 -44.2623 -27.9023
-40.7474 -45.3093 -31.568 -94.4146 -34.7315 -30.4796 8.30262 -27.5931 -40.1434 12.3225
-32.2013 -31.7727 -34.1623 -36.3742 0.468991 12.3497 -55.0841 -33.254 -27.1469 -85.3333
-77.7263 -32.4333 -33.9199 -25.4787 -20.967 -92.4805 -42.318 -89.4874 -29.1012 -32.8117
-34.5162 -42.1238 -33.1052 9.19875 -29.5296 -46.7305 -33.2782 -2.96633 -35.9904 -33.0064
-32.9047 -27.3154 -45.6534 -46.1154 -30.5325 -29.0448 -44.7935 -20.2403 -26.9864 -32.8695
-40.7614 -84.9638 -31.571 -33.138 -26.9891 -44.4597 -26.9897 -32.7835 -44.2479 -34.6828
-33.9257 -74.6304 -73.7664 -43.2162 -21.6095 11.8746 -26.5108 -44.3003 -44.0523 -30.8952
-42.773 -31.0386 -33.4844 -33.0006 -32.4934 -84.5858 -32.0601 -32.6372 -84.0192 -44.6822
-27.6954 11.7429 -34.4246 -31.1129 9.79212 -27.0001 -42.9938 -7.26687 -37.9841 -32.1734
-34.0311 -31.8477 -23.6216 -53.78 -60.2348 -42.535 -65.1088 -81.0762 -17.4652 -32.4768
-42.9497 -34.364 -27.364 -38.3356 -80.0228 -31.8943 -41.8301 -44.7572 -33.4423 -29.8495
-42.8495 -36.3935 -26.8027 -26.7667 -32.2105 -32.994 -37.5387 -37.7023 -33.2641 9.72921
10.8757 -36.5549 -34.3567 -17.9659 -25.2559 -47.0201 -44.1072 -31.5233 -32.4552 -29.7712
10.134 -32.0742 -30.8199 -27.7174 -32.9911 -46.7754 -77.1089 -30.7991 11.7367 -12.6913
-42.0231 -27.8173 -49.6976 -31.8606 -71.821 -34.7243 -33.4705 -31.3012 -42.5907 -48.472
-33.8813 -77.1892 -26.9715 -30.4317 -35.9528 -46.0503 -31.3486 -31.6363 -26.6823 11.6042
-40.6619 -33.2293 -30.3583 -31.6772 -26.6363 -42.7964 -42.824 -41.8914 -33.828 -30.5241
-31.4488 -20.942 -30.3526 -30.3293 -33.0016 -30.9084 -14.0885 11.1621 -14.131 -32.9127
11.365 -45.6973 -26.5656 -27.5369 -45.14 -32.0959 -31.08 -46.8371 -40.4007 -30.9517
-61.6538 -33.9274 -46.149 -71.5286 -26.6741 -31.9333 -32.6172 -43.6538 -13.702 -44.4116
-31.8695 10.2756 -31.8736 -47.3917 -14.7477 -23.8395 -33.6831 -29.9628 -29.9483 -32.9828
-40.4179 -13.5352 -36.7714 -28.8663 -45.4814 -19.3301 -40.3437 -27.9747 -36.1917 -37.3692
-71.612 -30.254 -31.2602 -32.6256 -27.0701 10.3086 -35.051 -49.6782 -33.2095 -30.1337
-30.5527 -26.4311 -31.3033 -29.478 -31.2811 -26.3641 -33.0729 -26.3306 -44.053 -52.7707
-49.8775 -30.9157 -66.8382 11.1087 -32.7883 -33.2759 -17.8658 -49.0974 -51.9464 -52.116
-49.4296 -50.4745 -29.6631 -27.7307 -29.2836 -32.5218 -46.2136 -12.8007 -43.362 -50.3559
-12.6494 -39.3572 -31.5463 -26.6391 -30.2331 -33.1103 -31.4762 -52.7902 -48.2646 -52.9733
-43.8141 -31.4895 -51.5231 -41.7159 -31.4762 -35.4704 -53.5703 -28.7575 -32.1462 -12.6327
-40.0454 11.1038 -31.5855 -28.691 -59.9893 -40.1708 -57.7155 -54.6444 -54.7386 -35.159
-27.1001 -55.2213 -21.2687 -36.4691 -13.0378 11.1395 10.2647 -12.6507 -32.3963 -23.9806
-23.9374 -23.6389 -31.0701 -27.2598 -49.6784 -12.8173 -31.8115 -32.6325 -26.1182 -39.8411
-26.1999 -27.7841 -53.0081 -50.3784 10.9407 -46.7648 -28.8747 -26.0997 3.5153 -26.0649
-30.8021 -39.3846 -26.0632 -32.4451 -29.16 -34.2752 -40.8173 -30.7111 -53.9901 -54.0392
-35.2042 -50.2047 5.09442 -32.3893 -54.7621 -51.5566 -51.3495 1.5353 -36.7468 -32.2003
-38.9286 -62.155 -32.0584 -38.7195 -32.3929 -36.3226 -30.0594 -52.535 -44.7829 -15.1353
6.31868 -31.0489 -0.889175 -53.2918 10.9249 -31.0285 -26.7384 -30.5714 -52.153 -43.3755
-29.6377 -51.4989 -39.3232 -42.5776 -28.3579 -51.3121 -59.9763 -30.4956 -30.8922 -48.7575
-32.0873 -27.6491 -30.8658 -31.0301 -43.5268 -51.9053 -40.6184 7.24106 -39.3618 -28.0432
-31.8087 -3.80988 -38.4732 -31.4021 -19.4674 -31.3943 -35.1189 -13.7951 -13.2834 -40.9536
-31.5675 -40.2421 -21.7674 -21.7184 -42.3499 -28.4007 -26.2979 -22.7301 -30.2986 -31.4894
-56.5148 -30.2703 -28.3655 -46.558 -28.44 -50.6658 -36.1726 10.1377 -43.3021 -33.1249
-30.5855 -28.7252 -28.8166 -30.7281 -47.1291 -31.3676 -28.6676 -49.0981 -16.2338 -16.6641
-30.9881 -31.3413 -30.628 -30.7965 -45.9518 7.90377 -31.1577 -29.472 -23.0075 -27.1259
10.6671 -7.28431 -14.0911 -29.2161 -30.7474 -28.8942 -51.8004 -30.9585 -39.0728 -38.5856
-29.6215 -30.8934 -29.593 -52.7096 -30.8596 -48.8805 -50.2709 -14.2326 -30.537 -25.993
-19.7709 -30.4833 -26.4235 -31.2361 -25.8898 -21.7262 -47.652 -25.6291 -39.6512 -21.5289
-27.5258 10.4889 10.5152 -30.6521 -29.8727 -48.7119 -29.3815 -29.3478 -25.9802 -52.9546
-40.4916 -28.3804 10.5664 -17.6251 -28.8572 -25.8791 -29.96 -47.0786 -30.251 -30.3202
-22.4032 -22.5765 -29.8915 -23.715 -28.034 -30.0832 8.34788 -40.4776 -36.9407 -30.9222
-29.5515 -40.1741 -28.5013 -11.3406 -42.0505 -48.642 -28.9596 -28.6658 -49.0826 -52.1509
-46.463 -30.9004 -28.6639 -21.533 -48.8004 -26.9144 -30.0074 -39.1661 -29.0141 -42.7921
-48.5761 9.92645 -39.3446 -31.0126 -25.8926 -31.382 -30.6583 -30.6579 -7.94588 -41.6718
-15.323 -10.4775 -27.8906 -49.2605 10.2769 -24.1741 -31.0803 -44.228 -31.0756 -26.3726
-42.9102 -16.4484 8.61046 -16.6372 -30.0729 -27.9851 -37.6447 -35.6552 -31.0474 -15.8642
-37.2177 -38.7907 -20.6098 -46.0287 -37.4018 -38.8454 -29.3757 -19.0016 -37.1938 -20.3519
-29.032 -31.131 -25.6981 -6.13045 -15.4926 -31.9265 -48.1158 -30.7981 -47.4072 -45.624
-39.8267 10.0368 -8.12419 -27.5633 -34.2723 -29.1039 -23.8151 -45.3177 -25.2628 -42.885
-15.6525 -47.1492 -31.1637 -25.0441 -39.4216 -31.1651 -28.8601 -36.1013 -28.2814 -15.7254
-34.144 -30.2116 8.72772 9.65648 9.74967 -46.9592 -20.1273 -37.4205 -45.7963 -41.2512
-29.4033 10.0141 -31.1587 -20.3039 -23.2396 -24.1625 -31.1929 -45.7031 -36.8783 -14.7892
-26.8319 -37.4241 -36.8407 -31.1235 -32.2254 9.92571 2.13049 -29.9092 -34.1542 -31.177
3.5873 -26.1104 -29.6443 0.362495 -14.974 9.01522 -3.62783 -39.2607 -35.3456 -30.9123
-29.9231 -27.391 -28.7442 -31.1452 -31.1446 4.75404 -31.1457 -5.45656 -29.5869 9.61589
-1.73655 -26.1316 -15.5499 -23.8088 -23.3704 -28.3006 -24.1888 -15.7754 -20.9895 -30.4463
-15.7458 -30.5551 5.66349 -27.3745 -4.18514 -35.4421 -11.4386 8.73123 9.68259 -31.0949
-25.0047 -41.6474 -31.5504 -23.6595 -42.6419 -39.6126 -26.2685 -34.6864 -44.4539 -1.33662
-31.3853 -27.5353 -31.3759 -33.534 -30.0747 -33.5077 -27.3147 -30.9659 -30.2056 -45.3014
-2.70434 6.35437 -24.5124 -27.3045 -30.9801 -29.246 -33.616 -34.3107 -24.2452 9.58796
-29.0413 9.3491 -6.9836 -25.6142 -22.4149 -31.3884 -27.8771 -31.3798 -27.8282 -20.464
-28.4621 -27.8806 -20.8037 -29.1023 -40.8428 -34.6118 -31.1151 -27.1708 -31.0988 -27.2333
-30.3238 -31.3459 -7.39658 -24.3982 -27.4153 -30.9509 6.85555 -23.6362 -24.2478 -31.3308
-31.1941 -29.6651 -33.5612 9.47551 -26.2935 -10.0834 -39.4903 8.64785 -26.2566 -30.1848
-30.8667 -25.5332 -25.0533 -16.7218 -28.5761 -16.1464 -27.4656 -27.1643 -37.3392 -16.6033
-28.3944 -23.3064 -39.7919 -23.2125 -30.9618 -28.1243 -31.3936 -42.8196 -25.3842 -16.1456
-30.3068 0.884388 -27.4434 -20.8268 -27.8056 -24.2506 7.19633 -39.0117 -2.46695 -41.8866
-27.3248 -13.3541 -21.4826 -30.6873 -31.7363 -31.0462 9.01941 -27.9729 -10.7278 -26.5438
-42.0403 -27.4795 -22.8386 -20.317 -30.7979 -28.3848 -30.8189 -30.5774 -34.2519 -30.6136
-20.8389 -30.604 -27.4127 -27.5697 9.14396 -34.1333 9.20974 -27.9223 -27.6355 -35.5342
-30.7006 -28.1468 -27.672 -29.7576 -30.7423 8.49966 -24.8253 -28.2262 -16.7064 8.82237
-21.99 7.40376 -17.3536 -27.7898 -28.0163 -21.8983 -27.9577 -16.4925 -15.9113 -30.3707
-30.2289 -27.8375 -35.4454 -30.1232 -40.6366 -24.1779 -26.6874 -27.0358 -38.1686 -29.4071
-24.7134 4.86705 -30.5168 -16.1451 -28.0651 -28.0691 -22.6373 -22.6311 8.16968 -28.3729
-30.4285 -40.4006 -29.9574 -28.2359 2.00565 8.17247 1.10993 2.42931 -27.5489 -0.447342
9.0357 -26.322 -29.9956 -22.5508 -35.7061 -28.0632 -30.2086 -28.3135 -37.0394 3.51851
-28.9096 -30.038 -28.2531 -2.24975 -28.4982 -36.6857 -36.9603 -29.6013 -28.3953 -28.5612
-28.243 -29.6721 7.50318 -28.6815 -28.5475 -28.1753 4.39571 -27.2449 -4.2966 6.98144
-24.8773 -19.0219 -28.6051 -29.1565 -18.0981 -28.1876 8.6737 -28.6753 -22.2795 -28.7002
-28.2931 -20.132 -28.3014 8.30479 -28.7053 -28.7103 -28.7124 -7.42817 -24.3478 -28.8687
-29.0895 4.94674 -9.01943 -28.7419 -29.0167 -28.4845 5.08458 -30.1053 -6.56173 -33.2506
-28.5497 8.701 -28.8508 -29.2862 -29.2227 -28.7945 -20.8737 -28.5893 -32.9083 -28.7486
-20.8 -28.4985 -28.5577 -20.5033 -28.6615 -29.3424 8.74539 -28.9989 -28.702 -28.9912
-20.2797 -28.5249 -28.5218 -28.5366 -29.3498 -28.7686 -28.6163 -36.1632 -29.194 -28.8694
9.14322 -29.16 -21.289 -29.3478 -28.661 -28.378 -23.0356 8.03106 -20.2202 -28.6513
-29.2037 -28.6464 -28.4169 -29.2762 -15.2902 -28.903 6.65772 -19.9644 -28.3523 5.61245
8.6224 -21.0416 -28.6244 -28.6716 -29.3321 -29.3403 7.51661 -29.8816 -28.7057 -28.2831
-28.6774 -8.98552 -29.224 -28.4466 -29.1244 -28.9415 -28.4481 -28.4529 -31.7561 8.55402
-20.5146 -28.6265 -24.7909 -28.1216 -28.6024 -21.1364 -28.4799 -19.8387 -28.751 -20.5442
-28.7031 -29.2848 -28.8103 -28.5155 -28.8583 -29.2852 -28.986 -31.52 -28.9869 -28.9142
-22.1653 -28.5066 -16.0069 -28.8274 -22.011 5.99966 8.07823 -18.8964 -28.9989 -31.3493
-21.3479 -24.4386 -28.472 -29.2231 -11.4634 -18.5752 8.32193 -19.6031 -21.6732 -28.9778
-18.0662 -29.0952 -28.4401 -28.7923 -31.0341 -19.5952 -3.02355 -28.7041 -28.5218 -20.6455
-20.976 -28.5779 -29.1581 -28.5373 -19.6737 -28.6449 -18.0047 -19.0978 -28.1228 -29.1384
-32.307 -27.222 7.46308 -18.3167 -28.7927 -28.43 -21.0234 -19.1213 -29.1161 12.2618
-20.3536 -17.978 -28.9185 6.26745 8.28163 -28.4333 -19.4633 -17.121 10.1866 -29.0149
-29.0097 -26.4549 -30.4962 -13.813 -17.8692 -29.0837 -28.7437 -17.2054 -24.6433 -27.7194
-28.3973 -17.5474 -16.7282 -29.0949 -28.3907 -19.2495 -28.3694 -31.0098 -23.1863 -23.1919
-23.1781 -27.4813 -27.7431 -28.2415 -17.6492 -28.3129 -14.518 -18.4789 -29.0429 -28.1082
-27.6222 -28.0716 0.361205 -26.2274 1.5418 -28.4672 -1.00153 -16.7461 -28.8295 -18.6471
-28.7907 -30.0912 8.02619 7.82971 -17.3579 -13.0385 2.54366 -2.54618 -27.5184 -28.3745
-27.98 -24.7639 -26.4859 -28.6089 -29.097 -28.707 6.43515 1.612 -16.1413 -28.7281
-16.0965 -16.8524 -28.3148 -15.7841 -29.0927 -16.0084 -28.2385 1.91579 7.3586 -17.4953
3.37414 7.96227 -21.1282 -4.26032 -15.7553 -15.3968 -27.8974 -28.9933 -27.9542 -27.9504
-17.7241 -28.4186 -28.7839 18.2678 -27.7009 -27.5178 -27.4622 -15.2538 -25.7072 -17.3033
-17.2809 -15.3405 -15.6757 16.651 -28.6969 4.04649 -14.2966 -21.3063 7.99168 -28.4511
-6.1111 -28.4532 7.69759 -14.0972 -28.8676 -14.8198 -27.5823 -28.9506 -16.6483 -28.9895
-27.1601 -14.4693 -13.1299 -12.3308 -9.39632 6.52086 -14.126 13.9564 -17.1609 -28.7215
4.57816 -8.04642 -27.4957 -27.6687 -14.2967 -15.9057 21.0296 -28.4625 -8.59828 21.0383
-16.3699 19.8838 19.8957 -27.8809 -27.8661 -27.8566 -10.12 -27.8208 -27.8441 7.55792
7.2169 5.6477 -26.6435 -21.3105 -24.7324 -16.4406 -11.5775 -27.272 -27.8168 -23.6485
-13.4972 -16.4663 -11.193 4.98966 -13.1598 -27.0622 -28.6247 -27.8807 -9.98794 -13.747
-13.7919 -16.321 19.2186 -28.0086 -16.5687 7.66912 -16.6102 18.1769 -15.3701 -24.1595
-26.7945 -23.1949 -26.3916 -23.1498 -26.913 6.54029 -23.1663 -10.9582 -24.6964 7.82261
-17.9252 -28.3032 -24.2769 -15.8254 -17.1572 -24.8427 -25.6892 -5.15865 -15.9431 5.29475
-26.9646 -28.3718 14.8475 14.8365 -28.2658 -11.819 -16.403 -26.2274 -24.6371 -21.4526
18.0302 -27.8324 -17.2017 -16.3171 -17.1321 17.2766 -13.8983 -26.8538 -17.2066 -17.1826
-17.1711 7.04826 -25.1701 -25.2635 9.07994 -19.5702 -7.6217 -25.7993 -23.5641 -21.5003
-17.2314 -19.4438 -7.58745 -19.5593 -26.8538 7.51862 -0.185295 7.27128 0.865004 -16.7992
-1.37611 -26.5509 -28.0469 -24.9722 14.389 -15.2539 14.288 -26.5206 -16.9219 -24.1407
-26.6867 1.77571 6.50735 5.50922 -13.8969 -26.9688 -2.70118 -23.2171 -18.3126 -12.3752
-13.3974 -26.1186 -26.9897 2.55074 -17.299 -4.1429 -17.3149 10.6963 -16.0732 -27.3579
-8.37682 -17.0642 -26.185 16.1105 -25.942 16.0228 14.8692 -1.91477 15.0625 14.9516
-27.3855 14.6908 3.19508 -24.4888 -5.67147 -17.1548 -17.1695 14.5811 -27.5365 -26.8464
-25.9208 -27.5558 -25.116 5.64736 11.2032 -26.9782 -17.8687 -14.6078 -17.7882 -15.4698
-20.2687 14.1792 -26.6207 6.85612 -11.6863 3.71934 -16.1824 -21.8188 -7.24482 13.8636
-22.2389 -6.49701 -21.431 6.43432 -26.1982 -23.3622 -21.168 -23.1489 -18.5867 -25.8995
5.79451 -25.8321 -8.86619 -6.49414 -22.5019 6.99668 -17.4241 11.837 -23.0776 -24.9774
-19.2619 4.13793 5.14392 -8.80513 -6.11547 -0.00841281 -15.8152 7.60377 -22.698 -6.49871
-18.7957 -18.8658 -20.3255 5.722 -18.9008 -24.7736 -15.422 6.39437 7.15858 -19.3862
-19.3887 10.0125 -19.5337 -19.665 -17.7893 12.9495 -12.4373 4.46462 -24.4285 -10.275
14.0255 1.47861 -21.0729 -22.5418 6.3309 -19.8987 -9.53869 -21.7293 -15.3879 -22.0005
-18.7802 6.63913 6.80123 -5.51975 -20.1776 -20.2183 -6.13867 6.92724 -21.0084 13.0759
-21.7356 -21.7524 -24.2926 -24.3868 -22.5627 -18.7668 -17.3686 22.9266 5.74481 -11.801
-0.582615 28.1414 0.350476 -23.8979 -1.62373 -15.9285 4.70885 2.15023 -24.2002 -23.7415
25.6879 25.4474 -27.6793 -11.5664 1.17288 -2.76296 -13.621 22.4085 8.08095 -21.7344
-5.2922 -19.6076 -20.0727 -19.1484 -24.4848 1.88699 -3.98306 -27.5162 18.0413 -20.5624
-9.389 -22.3906 -16.204 -24.9008 -17.2903 3.93576 6.82248 21.429 2.49568 20.6151
-5.25924 -20.7901 19.8275 -21.6877 -25.267 6.20148 4.88363 10.23 -22.5518 -7.27032
-4.08295 -19.9845 -6.15942 -17.9144 17.6374 -12.6143 -18.7245 -19.8904 -21.8981 -5.54312
-24.8611 -19.8579 5.72647 -26.0502 -23.9064 6.44523 -13.9985 6.90856 15.3264 -16.2634
3.00358 -25.3032 -6.55807 -20.2727 -19.4623 -20.7443 4.49827 11.5031 6.85795 -20.4498
11.4306 11.0362 -21.219 -22.049 10.82 9.81375 -10.7138 -16.155 -4.59898 -22.2228
9.42787 3.41988 -7.83689 -24.1237 4.99896 -7.62837 -17.2297 -24.099 9.65661 6.48142
-13.3938 -21.3375 -18.0199 5.29133 -20.2904 -19.9013 4.60526 -24.7809 4.71572 -2.69416
-20.3374 6.04778 6.84613 -14.0332 5.67495 3.75475 -5.7773 -24.3589 -21.3618 -16.4751
-9.04279 -18.4287 -25.9449 -17.7693 4.73913 -22.2093 -18.6201 -16.3374 -16.2135 2.95682
-1.20964 -19.0483 -22.5609 -22.3515 5.06447 -0.88188 -9.05983 -22.4031 -19.3131 -23.5586
-17.9591 -13.9316 -19.4447 -19.53 3.30513 -8.13368 6.58821 -26.0428 -20.1727 6.59986
4.01681 -13.4969 -0.868889 -21.0556 -0.0398953 -5.64991 -1.78004 -10.1175 -21.1313 -19.1187
0.0832315 -24.5958 0.701227 -20.0291 -2.76292 -16.4679 1.13406 -7.26264 -21.9333 -24.3193
-8.65818 -24.3092 -7.43985 -24.1837 1.35439 -3.80278 -10.3088 6.28112 -2.45277 -27.7114
-20.2781 5.5928 -0.0895232 -10.8369 -9.78397 -23.8099 -18.7202 -3.76029 -16.4639 -22.3294
-18.8729 1.92217 5.8803 -3.74768 -4.87919 4.21621 -18.971 -5.56489 -21.406 -3.2301
-17.9181 -21.1242 -18.6065 -11.0213 5.08911 -14.2946 -1.47027 -21.6658 6.6999 -21.3926
2.4075 -15.7196 -5.96557 -12.9046 -3.46789 -18.0932 -5.23666 -22.3868 -22.4765 -4.91914
-21.7865 -21.9622 -19.7382 -11.1673 -18.2333 6.45661 -3.59013 -15.3714 -16.6587 -15.396
-19.8348 2.81386 4.3607 -7.03028 -13.1691 -18.8239 -11.7342 -3.49366 -17.3357 -6.47466
-12.4575 5.48404 -13.3077 -7.4599 -11.8394 -13.2484 -1.86643 5.07936 -17.5916 -16.2662
-14.5205 -11.1027 -17.4938 -5.40434 -19.064 3.14798 -9.8813 -8.036 -9.6737 -10.1753
-17.226 6.05008 -7.33547 -17.5178 -9.32951 -9.07353 -4.41708 4.45823 -3.25732 -7.95092
-5.07742 -12.2591 -6.98194 -6.14179 -17.1855 3.4193 -17.3604 -7.15172 -18.5142 -17.8706
-8.94218 -4.47508 -1.07197 -4.75798 -6.80887 -0.335697 -1.87079 -18.5274 -6.25651 0.331833
-17.1172 -2.72283 -8.82861 -5.00515 5.03617 -5.3029 5.38321 -19.2151 -2.90299 0.92782
-3.61547 -14.5557 -14.556 -14.5314 -15.91 -5.07747 -16.3807 6.24128 -0.0585891 0.372621
4.51621 3.63382 -2.70213 -19.5684 -14.685 -15.7876 1.45316 -4.53174 -12.6266 -9.72255
-15.6294 -4.34187 5.54244 -13.0248 -7.07336 -5.54453 -16.4597 -16.4099 -16.0928 -1.521
1.91063 -5.45072 -18.854 -10.6002 -4.04658 -16.2056 3.79844 -6.93425 4.96287 -9.3888
-17.8225 2.30269 -10.3615 -2.11803 -6.34864 5.65263 -16.0088 -14.4359 0.301139 4.5411
-2.76384 -7.55346 -12.862 -16.0042 -15.406 -3.59846 2.63216 -17.2799 -7.19842 -4.46366
-0.144389 -4.61832 3.91938 -1.40898 -10.8537 -2.40457 -15.5276 -13.9322 5.77163 2.90445
-16.4472 -12.6914 -14.7691 -7.97061 -14.9812 -0.868337 4.88449 -15.4188 -1.93739 4.53688
-1.21274 -14.6025 -0.558309 -1.91521 -12.9547 -0.333844 -15.8784 -14.1873 -10.7547 0.0423904
-2.65766 -14.8172 -14.9077 -2.30896 -16.4203 2.90858 0.585749 -3.42908 3.18865 4.0029
-14.7843 -11.2106 3.12689 -13.1817 -8.2798 -8.64665 -16.7411 1.45505 5.66329 1.07032
-4.2155 -14.895 -12.9151 -0.408537 -16.4817 1.49775 -5.00038 -5.30087 5.20788 -2.77868
4.50495 6.00354 -14.6167 1.24548 3.30406 -6.43058 -12.879 -9.21457 2.66684 4.05492
1.87074 -13.82 -5.76579 -0.411043 -15.9697 -11.4482 -2.56444 -12.22 -13.1398 5.64929
-15.5388 2.19138 -10.7468 0.773793 -14.0855 -6.49149 -14.0103 -13.6164 3.4413 1.33081
-9.66636 -8.70934 0.104698 4.45816 -13.784 0.175763 4.08062 -14.4806 2.46172 -12.7031
-11.568 -7.15534 0.624832 -12.3085 -12.5253 -6.18411 4.71495 -12.8964 -1.30686 -0.724131
-1.92686 -13.3467 -13.2199 -13.6864 -12.5288 -0.183669 -2.57703 4.93987 -13.5112 5.13602
3.54361 -13.6792 -10.0042 0.310971 -3.24788 -10.9016 2.6861 -7.74362 -3.24831 -14.0898
-11.5488 0.757299 -3.92779 -13.342 -0.655155 4.08274 2.15224 -14.3348 -11.6726 1.15531
-4.60383 -10.5407 -11.5384 -12.4357 -12.3413 2.87039 -4.05646 3.90185 3.61512 -8.24712
-8.94199 -10.2373 -0.539316 -14.26 1.50693 -12.6726 -5.26218 -12.7935 -12.0252 -6.82977
-12.7415 1.81438 -5.88745 -11.3836 -13.7725 3.01827 3.33368 -8.65704 1.37086 4.06264
-4.27753 1.19656 -11.4175 1.5144 3.65793 -12.5671 -10.3707 -12.5257 -12.076 2.07907
-6.46254 -12.2822 -9.88511 -10.0945 -10.4011 -1.36606 6.35743 -0.845916 -1.91527 6.52184
-1.49083 -10.1624 3.13388 -10.6407 4.53633 -0.359392 5.32673 -2.48729 -8.97215 -10.2325
-11.0881 -12.1878 -11.101 -8.78365 -8.95632 0.0902585 2.30301 -3.07402 -6.97691 -10.3743
-11.5642 -7.27532 -11.7118 2.52927 0.500598 0.613651 -3.6659 3.67644 -11.2246 -11.7881
-10.3758 -12.4039 1.16397 0.870536 -4.25256 -10.5734 -5.1211 4.75586 3.21963 -2.03016
2.48984 -11.6382 -9.19689 -7.42334 -11.7679 -12.6826 -11.0092 1.20064 -4.8233 -2.68949
2.14762 3.68144 -12.1616 2.64425 -11.5444 1.4926 4.7951 -5.36615 2.48143 3.98696
-7.79334 -11.3185 -10.3002 2.04553 3.27497 -10.9519 -9.85314 -9.33625 -8.85155 -10.4942
-7.48548 -0.0133774 1.74818 -10.6733 4.57637 -5.8677 -10.8341 -11.1446 7.25593 -7.55286
-7.75377 7.39359 2.76864 -5.75019 -8.02935 -8.31444 -1.39905 -8.08462 -0.933456 -1.88732
7.41474 -9.55733 -8.24759 -0.494688 -2.39282 -10.9531 -6.85206 2.90827 1.96879 -8.77236
-6.31961 -0.085974 -2.90878 1.63942 3.30394 4.81135 -10.1632 -3.66374 -9.88807 2.33227
-9.65659 -9.36931 0.290551 -3.42726 -10.8705 -9.36441 -10.6058 -10.3193 5.4757 2.86564
-10.7445 0.633566 -0.313381 -3.93989 -8.29884 2.15626 -6.71607 -10.5136 -1.35027 -11.2539
0.942857 -9.4301 -8.64902 -4.43818 -10.6105 -7.56109 -9.91419 2.79618 3.32912 3.24651
-6.13161 -9.32782 5.77831 2.31334 -9.9571 -10.6508 1.21907 -7.04956 -5.76466 -4.91265
2.97238 2.93785 -10.135 -8.43975 1.09106 3.88113 -4.41629 -10.2038 -8.9199 -8.9257
-8.91548 -8.89218 -8.89251 -10.1756 1.4636 -5.35257 2.44339 7.73652 -9.36477 -7.31731
-5.38825 -5.58323 -2.41982 3.42532 -5.86582 -1.41232 -0.994548 -1.84804 -6.11171 4.8641
-9.65672 -5.03143 2.56313 3.1092 -0.597765 -2.29666 2.9889 -9.23053 -10.0438 1.67789
-8.5026 -5.75109 -6.7501 -0.225927 -2.75282 -9.6842 -7.51817 -8.3804 -7.95425 0.119535
-8.9912 -3.20946 1.0498 6.00331 5.92491 -0.262839 2.54816 -6.36494 -7.51953 -4.60029
-9.33843 1.16415 1.46439 -9.3651 1.86328 -9.76134 0.436613 -3.66022 1.21095 -6.10343
-9.59626 -4.92565 3.87334 3.35454 -8.48286 3.36459 -9.95833 3.01634 -9.47235 0.725719
-4.09804 -9.07546 -8.47864 1.88107 -3.26113 6.40032 2.02124 3.76594 -9.36292 -8.9548
2.63231 -6.40392 -9.20276 -7.65857 0.986246 -9.35752 -9.45294 -4.51562 -8.98221 -1.37741
-7.16427 1.21919 -6.66726 -4.90368 -7.38974 7.71098 -9.28579 3.90718 2.154 -8.07561
-6.64937 -6.46154 3.65593 -8.53727 -8.40823 -3.47609 -3.66168 3.27396 2.70137 -3.95234
-8.86116 -1.41022 -7.73446 -1.03541 -1.80076 -5.28079 -3.25702 -4.25007 1.42499 -0.675284
-2.20026 -5.25655 -8.04037 0.578654 -8.77096 -5.05322 -0.336885 -2.60616 -8.99131 -3.86487
6.10467 6.04487 -6.60674 2.26366 -0.0195 -3.00902 -6.83916 -8.84901 2.44168 1.60571
-5.57035 -8.25342 -8.6174 0.272587 -3.40794 4.33759 3.74981 2.7527 -2.27423 -8.29261
2.46371 3.32502 -7.73076 -8.81307 -8.78442 0.542302 -3.7945 -7.72515 -8.59632 4.26455
6.79569 2.35104 1.7628 -7.20691 -6.97438 -5.8413 -6.45665 -7.87676 0.787015 -7.74287
-4.16492 -0.537999 -5.48876 -8.08561 -8.59225 4.23041 -4.31247 -5.58215 4.04375 1.00881
-4.50817 7.5747 1.89815 -7.68172 -6.06602 -8.24072 -8.12555 3.74593 3.99715 2.42255
-7.05669 1.22013 -2.64869 -1.88639 -2.94312 4.59433 -2.05122 -2.32044 3.59777 -1.39903
-1.78939 -8.29313 4.61467 -1.05788 -1.75613 1.20594 -2.67406 -4.82278 -8.26675 -0.73489
-2.10725 -3.68273 -0.412129 -2.49003 6.11424 6.06919 2.01157 -6.24328 -5.56659 -7.91607
-1.45253 -0.134811 -2.82714 4.63908 2.81178 3.40774 1.38174 -5.10402 -8.16685 -6.98187
-6.38149 3.97675 2.89641 2.47706 -7.59676 -7.36237 4.14822 0.155196 -3.21355 -1.39193
-5.58665 -7.06976 -7.91119 -7.39901 -4.6087 -7.82001 0.386007 -3.52468 -7.64906 4.55824
0.124879 2.101 -7.05955 -6.37401 7.07404 1.53711 -5.3494 -7.95824 -3.45842 -6.68545
0.641573 -3.90028 -7.74217 4.29485 4.42941 -7.46732 -7.03932 -2.15673 -4.19434 7.48723
1.7081 0.826491 1.67473 -4.15934 -5.55392 4.04361 2.17005 -7.72295 -6.45912 -7.66002
-0.618557 -0.753597 -6.2518 -0.534805 -0.981388 1.0439 -6.73249 -5.60394 -4.49564 -0.779084
-1.39034 4.4007 6.17466 -4.79093 6.13042 1.68051 -2.61949 -7.5973 1.79284 -7.05172
-7.3355 4.8185 -5.71854 3.20179 2.83738 -4.77869 -6.97714 -3.8227 4.12402 2.24184
4.20957 1.18645 -7.29425 -7.2294 -4.6937 -6.49214 -6.64042 0.648564 -2.7156 -7.37914
4.75496 1.8894 -6.96169 -5.84424 -7.27045 -6.48166 7.31407 1.36862 -4.98044 4.4336
-5.61899 -1.4951 4.56017 -6.87743 2.07272 -7.21668 -6.47098 -6.08646 -5.55793 7.44621
7.43716 -7.0862 7.4452 -6.46706 -4.88588 1.47674 4.22903 -2.98231 1.96607 -5.10235
-5.9299 -4.07206 4.65725 -0.229387 7.43627 -6.70706 -7.07287 0.537622 -6.86346 0.409343
0.304134 -3.12816 0.115541 -1.35452 -6.82271 4.90884 2.36549 6.17666 -0.366734 3.4011
-0.808621 1.62701 -1.93036 -5.32175 -6.4246 -1.83293 -6.7381 6.17538 -6.77078 4.22053
2.02005 1.06019 -5.9717 -2.07686 -4.2042 4.89924 -0.302488 -2.50707 -6.85078 -6.82485
-6.05329 6.38986 4.87021 1.69792 -5.37411 -5.46754 -0.942172 -6.20609 -5.8954 -4.91158
0.145716 7.52024 -3.06494 4.493 -5.96616 -6.7468 -6.19462 -4.23036 4.62898 2.33576
-6.34807 -4.65108 -5.96372 -6.56594 -3.4281 -6.36615 4.32266 0.216545 7.38031 1.80545
-5.52804 -1.93983 0.537075 -3.57121 -6.59114 -2.52029 3.26589 3.60167 -6.42678 3.52322
2.41667 4.92506 1.40438 7.58209 1.25766 1.17935 -1.53148 -6.23644 1.01685 6.16104
-5.9309 1.37779 0.428412 4.26626 -6.40746 1.85272 -5.50436 -1.28487 -6.36856 -5.34341
-4.88643 -5.68894 -4.31583 5.40782 0.865564 -3.79939 -4.00517 -6.17244 -0.482549 -5.91957
-3.63615 2.79395 4.98967 -5.55961 4.92451 -6.31174 4.49694 -2.8561 2.51995 7.63145
-5.51102 -6.0341 -5.56108 -5.87215 4.64929 -6.09416 3.88202 -5.57462 0.573857 -3.75692
-1.99207 -6.14867 4.35777 -6.05932 7.31422 7.30136 1.1392 -4.34506 7.29499 -1.05154
-1.06798 3.58797 -4.82138 -5.19644 -4.34609 4.89257 1.98858 -5.78184 -6.01805 1.6188
-5.47259 -3.77012 -5.48889 2.07888 6.13904 -5.92897 1.92696 1.87637 4.27601 1.72954
-1.28522 -5.64686 -3.10164 1.01577 -0.827728 -1.7853 -0.10338 5.60157 -0.930629 5.72352
-5.90896 -3.52332 -2.35163 -0.400381 -2.23116 -5.728 -5.71816 4.95368 4.46318 1.35892
2.6447 -5.12991 -4.58141 -5.50722 -5.66404 -5.66655 4.63637 7.61687 -1.53543 0.857457
-4.8626 0.00922776 -2.74085 -5.71577 -5.74266 6.11129 -4.72766 -4.33215 -2.95812 -5.03299
-3.84643 4.37361 -0.676482 7.20191 -5.25174 -3.27378 3.60976 2.07674 -5.65479 -0.303618
0.331994 -3.0988 4.8334 1.80011 -5.36989 -5.37978 -2.62415 -5.52779 6.09186 2.63024
4.27644 0.207535 1.53015 -4.71047 2.44259 -1.9091 2.41624 2.26767 -5.53662 -5.41731
1.41897 -0.734419 5.90265 0.661945 -3.53578 2.72387 4.40609 -3.3528 -1.14285 4.94538
-5.3285 -4.28522 -4.61223 -3.87587 1.08197 -5.39181 -4.7612 4.60581 -4.85929 -3.38748
-5.3702 7.51234 -4.27598 -5.03026 -2.82536 -0.347441 4.38833 2.98549 -5.31646 -2.28138
-5.12505 -5.11956 -2.1999 3.60207 7.05451 2.6541 0.880722 -3.74322 1.93461 4.76046
-4.72599 1.66134 -5.15899 0.322001 -4.72743 0.462464 -1.52291 -5.12837 -5.19233 4.28179
5.97635 3.09994 -4.21256 -3.86931 2.86286 2.84686 -4.48175 -3.45305 2.65916 -0.806843
1.65469 2.76993 -4.67998 -2.96866 4.33395 -0.670935 -5.08696 5.98631 1.25891 4.39265
4.90893 -3.26178 1.12665 -4.04086 -5.07775 -4.81099 -2.4224 4.5571 -4.45134 -0.0711854
7.34385 4.61245 -4.86719 -4.86648 -1.82481 -5.00065 -3.75517 4.39476 3.57471 -4.50899
1.74558 2.03243 -1.70392 6.85649 -4.65602 -1.18714 4.67566 4.34387 0.670676 2.15592
-3.83406 -4.12101 -3.48079 -4.84958 0.844614 -4.87294 -4.34116 -3.06372 4.28658 1.25559
-4.07182 5.81153 -4.49866 -2.5885 -0.519622 3.48934 -4.8018 2.79242 3.20544 3.18489
-4.59556 -2.06202 4.25316 1.39703 2.9277 4.38663 1.75514 6.00367 -0.701223 3.20868
4.86181 4.50565 0.159899 -3.21509 -4.62351 -4.62335 -1.49433 4.50231 4.2734 -4.74884
-4.18579 7.12217 -3.47784 -3.77699 -3.29168 2.10228 -4.01563 -3.12013 3.53434 -0.895641
4.38037 -4.50973 -4.19445 -2.70713 0.839944 -4.59336 4.58307 -1.19329 4.33688 1.42076
6.62491 -4.19509 -4.31754 -2.24503 1.27615 -4.18002 -0.274818 4.25684 -4.53327 -4.38551
-1.74084 5.62558 2.79739 3.78085 1.50421 4.16569 3.49833 3.46613 3.43063 -4.39403
-4.39394 -1.20372 3.09195 0.352639 -1.12884 1.76134 3.50736 5.97249 -3.45095 4.79572
-3.1447 -3.70321 -0.784269 4.44668 -3.90067 -2.78706 -3.18979 -0.49106 -1.78846 -0.643262
-4.04443 -2.38199 -3.95235 6.87586 2.15 3.48511 -4.3894 1.50509 0.977133 4.34115
-2.87873 -4.0693 -4.13859 -1.93578 -4.3034 4.4941 4.49558 2.50269 4.2092 4.4925
6.38591 -0.73185 -0.0665498 -4.1826 -1.45524 1.62795 0.0667797 -2.3891 4.19398 2.78955
1.58621 4.22079 5.442 -3.14393 -3.4052 -4.17591 -4.17584 -0.948932 -4.17561 -2.83473
-3.61707 2.12857 4.08114 3.97379 0.513303 -3.77924 -2.48085 3.66367 3.60568 3.49782
3.17564 -3.89341 -2.08656 4.35854 1.7009 5.90455 4.70173 -0.425138 -0.897883 -3.17753
2.18061 -3.96457 -1.65807 1.08781 3.43081 -4.04763 6.63592 -3.7486 4.27765 -2.51936
0.110617 -4.01543 -1.20205 4.39498 -4.04659 -3.12276 0.515932 6.16693 -2.84962 -2.8563
-3.34496 -0.328989 -3.52179 -2.5476 -0.725956 1.64808 2.77192 4.13119 1.89806 -3.65386
-2.20034 0.646928 5.26793 4.00703 4.00089 3.99991 -3.74483 -1.81893 4.08403 4.28033
-0.236703 4.26908 -3.79409 3.81651 -1.40946 3.73171 3.20179 4.58917 4.26908 5.81325
1.59453 2.19722 -1.02456 1.1764 1.67203 3.37983 -3.16727 -3.82 -2.85646 -3.08547
-0.978003 6.40299 -2.588 -3.27352 0.261132 -3.56446 4.19688 -3.42017 -2.28261 4.26903
-2.21304 -3.52828 -1.94418 5.96154 -0.530928 -0.00920019 1.69339 -3.76245 2.74781 -3.62091
-1.57722 0.757744 4.06136 0.863427 -3.11502 2.07922 3.88115 5.10113 -0.0740761 -1.1873
4.12705 -2.8393 -2.60647 -3.03539 4.18094 4.46915 -3.19418 -2.33867 2.20269 3.92455
1.24698 3.81253 3.18138 5.69964 -0.779884 1.45729 3.30886 3.30658 3.30625 -3.31579
-2.03886 -1.15167 0.388836 3.04737 -3.14707 -3.68642 4.15773 6.16392 -3.40372 -1.711
4.10444 -3.38366 4.1464 4.12065 -0.360499 -1.94797 -1.35935 1.72529 5.74994 0.849456
2.71478 0.224231 2.05977 -3.15005 3.97705 -3.46725 -3.46718 -0.988989 -2.60681 -2.80828
0.066126 3.74753 2.18949 -2.97618 -2.37265 2.52064 4.93655 -3.11115 -2.10778 4.11939
-3.2259 -1.81534 -0.604844 4.08341 1.30226 2.19796 4.34467 0.497105 5.55781 3.98409
3.84542 -1.49916 3.11623 1.12566 3.19509 -0.974831 1.29361 -3.17035 -1.27854 -0.211661
1.7159 -3.11606 -0.502446 -1.45605 5.91326 -1.16321 4.03429 4.00505 -3.40406 -3.20199
-2.5927 1.74548 -2.76744 -2.38814 0.924922 -1.71053 2.65951 2.65877 2.65856 -2.91213
-2.15471 5.51954 -0.812123 0.187028 0.403781 -3.0252 -1.89463 3.64907 3.88628 3.64159
3.59113 -1.61082 -0.0721738 2.26811 -1.89186 4.7648 -0.450297 1.34483 4.07885 -3.15959
-1.30697 2.18068 3.97867 0.588745 4.2127 3.1005 5.38001 3.99383 -0.0816856 3.83014
-0.986815 3.01111 -2.56836 -2.38912 1.109 -2.72105 -2.18322 -1.40593 -2.85398 -1.95227
3.91734 -3.07886 5.65032 3.89914 1.75361 0.986439 -3.21344 -3.21341 -0.654511 -3.02551
-1.69827 0.291177 2.58331 -1.49441 0.28633 5.2738 -2.23723 -1.42397 3.79287 0.558905
3.54283 -0.313897 -1.13283 2.33611 4.58274 1.37464 1.29902 2.14994 0.665926 2.1494
-3.05048 -2.37982 -2.53746 -2.19754 3.87092 4.01442 3.03416 -2.66888 -1.99195 -0.82833
0.0318071 3.02759 4.07246 -1.7647 5.17103 3.9596 3.7723 2.87443 -2.84883 -1.5177
0.913873 -0.514153 -1.52981 3.79473 1.03539 1.75345 1.75344 3.78613 5.38154 -3.04019
-1.25351 0.380826 2.5294 -2.86101 2.69258 2.5273 -1.30132 5.02668 -0.19355 -2.92292
-0.975224 1.70704 0.578962 3.69572 -2.4559 3.43543 -2.36327 -2.20155 0.690531 -2.50524
-2.01808 -1.81404 1.39578 0.73034 4.39534 2.3837 -0.686064 2.10208 -1.59134 2.08802
0.130855 3.76194 3.93052 2.95179 -1.35196 3.92711 -0.389224 4.94603 3.88991 -1.09816
3.6777 1.07319 2.7098 0.715234 3.67188 0.457462 1.72817 -1.64562 3.66783 5.11027
-2.1972 -3.00112 -2.33836 -2.03377 2.47861 -2.49979 -0.832719 -1.85053 -0.0874052 -2.70867
-2.55167 -1.64906 4.78344 -1.13062 3.32405 3.59451 -1.4316 1.4033 1.40325 1.40325
0.796917 -0.558425 0.783282 0.216987 2.06602 4.20665 1.42683 -2.6962 -1.20013 2.40468
-2.80625 2.00329 3.65209 0.811528 2.86633 -0.278049 3.82872 -2.53181 -0.956787 3.77971
-2.18572 -2.04037 -1.87614 1.10266 4.71588 0.52285 -1.69449 1.70151 3.78649 3.54789
3.5513 2.51886 -0.83869 -0.703942 0.51329 3.54758 -1.49657 0.00591725 -1.75252 2.4213
4.84324 -2.95889 -0.481507 -1.23741 -1.28484 -2.56522 -0.443992 4.5473 3.21491 -0.980065
3.49066 0.826551 -1.06141 1.38933 0.29163 0.879728 2.03389 4.02012 -2.037 -1.89155
-0.138924 2.40463 -1.53129 -0.17941 -0.828336 -2.26957 -1.72848 3.54141 2.77971 -1.54946
3.71326 3.63322 1.11803 1.11802 1.11802 0.577453 1.68823 -2.42112 -1.35597 -0.587707
1.68757 4.49152 1.66987 0.0877751 3.43285 1.91156 3.65772 3.3948 -1.15041 2.3138
2.35959 3.42808 0.310927 -1.85191 4.59299 -0.34161 -2.91523 -0.935042 -2.43284 0.86116
0.86116 3.10902 -1.89624 0.959541 0.170599 4.32276 0.355794 -1.86132 1.38349 3.38549
-1.75181 -0.850334 -2.48501 -1.59036 1.99634 -0.711934 0.940499 -0.0919644 -1.41486 3.83906
2.38789 3.42964 2.69516 -1.2265 -2.49435 -2.49435 -0.483086 1.41509 0.623953 3.58967
1.11549 3.48953 -1.02757 0.159274 1.67185 4.27771 3.31545 2.297 -0.250134 -2.0086
-1.76493 3.51712 3.23369 3.30999 -0.820323 2.10756 0.114758 -1.6202 4.36183 -1.94324
-2.19533 -1.46137 -2.87426 0.410677 1.38237 0.873763 1.38233 3.00467 -2.31503 -0.606925
-1.29001 0.397484 1.35272 2.176 3.27863 -1.98114 4.10988 -0.0148073 -0.74304 1.95333
-1.10734 0.976683 3.66487 -0.389223 3.31599 2.61157 2.35179 0.658459 0.658456 0.658456
-0.915485 1.11979 0.221454 3.45902 3.34946 -1.637 1.64702 -1.49723 -0.716538 -0.168722
3.19858 4.07318 -1.3411 2.23432 3.19334 3.36474 3.06203 1.89836 -2.07358 -1.17428
-0.0721135 0.458005 4.14508 -0.512585 0.883085 -2.02478 -2.34229 1.37379 -2.83595 0.0533682
2.90105 -0.997712 -2.21237 3.17036 3.90783 1.90849 -0.661068 -0.305425 -1.76844 -0.813282
0.990291 -1.95646 -1.52321 3.49834 0.622022 2.52803 1.12538 3.20119 -2.13062 0.275386
0.675057 1.12557 -1.38182 2.30065 -0.62279 1.61808 -1.2291 -0.0965054 3.21373 3.32509
3.08305 -1.06717 2.17111 3.87859 -0.428106 0.898344 0.493456 0.493456 0.493456 3.07869
0.899083 -2.15089 3.19987 -0.896961 0.887199 2.87821 1.68519 0.112607 -0.250044 1.35962
3.9405 -2.09747 2.79895 -2.79956 3.06213 1.86282 -1.40854 -0.231038 -0.720069 -2.12386
3.7167 -1.27395 -0.599253 0.322351 0.322351 0.694914 0.991928 -1.12507 2.44521 3.33975
1.12574 -0.538035 3.08696 -0.0331162 2.24391 1.58762 -0.968303 3.0828 3.19285 -0.352554
2.96984 2.10751 -0.804444 -1.7499 -1.55239 3.69462 0.912393 0.513907 0.1654 2.96613
0.769135 -1.30936 1.34228 -2.0585 3.02771 2.68814 1.47211 3.74559 -0.634994 -0.41963
-2.14142 -2.14142 -0.165247 2.69896 -1.17322 -2.16177 1.81594 -2.7634 2.95432 -1.02866
3.53341 -2.0447 0.716264 -0.461339 0.717048 -0.547263 0.351305 0.696877 1.12013 2.3636
-0.877169 0.0225205 0.989436 3.18748 2.97387 1.55533 2.18463 -0.284949 -0.71959 2.95617
3.06321 -1.20631 2.85897 2.04391 0.538195 0.207464 0.207464 0.207464 0.917808 3.52019
-1.07976 -0.557416 2.85556 1.32239 -0.1073 2.84975 2.49399 -0.93945 1.2617 3.5586
2.60105 -0.579945 1.76796 -2.21783 -0.391914 2.84727 -2.72701 -0.793233 3.3555 0.732519
-1.97331 -1.55432 0.376656 0.0712872 1.11089 -1.35746 -0.502139 2.28323 2.86209 3.04027
0.981076 -0.641879 -0.22435 1.52115 -1.81361 -1.12193 2.11847 2.83305 -0.992747 0.561514
0.562277 1.98047 -2.0319 2.93161 2.75002 -0.486794 0.918124 0.234603 -0.0553072 -0.856851
1.30008 3.34951 2.74663 1.42996 -0.329123 2.50482 2.67108 2.30124 3.3778 -0.715992
1.71914 1.05847 1.77081 -0.729501 0.403782 -2.26575 2.74129 0.405956 0.741673 0.109042
0.109042 0.109042 -2.69083 -1.53776 3.18351 1.09885 -1.91006 -1.90372 -0.570854 -1.03107
-0.169948 2.20387 -0.467601 2.75215 1.48524 2.89752 -0.911803 0.960054 -0.422687 -1.17253
2.03966 0.579742 0.263431 0.263757 2.71264 -0.780503 0.915085 1.91714 -0.0105412 -0.0105412
2.64324 -1.20004 -1.37612 2.79197 0.236758 1.27539 -1.18477 -0.272416 3.17468 -0.645069
2.63876 2.41042 -1.34509 1.6696 3.19819 2.46632 2.49648 2.11466 0.430579 0.866894
0.746434 -0.634329 -0.958513 -0.864824 0.135407 2.63603 -0.506014 -0.960899 -2.303 2.46122
1.084 -0.120654 -2.65206 3.01608 -1.72855 -1.61059 -0.836619 -1.85257 2.12559 1.44787
-0.445182 2.64398 -0.36438 2.75823 -0.710075 0.925489 0.591367 -0.914054 0.293148 0.150067
-1.84791 -1.84791 -1.84791 0.992973 0.908879 -0.191466 1.95076 -1.05721 1.85398 2.5945
0.0209723 2.53873 -0.579983 2.6466 -0.221296 1.24862 -0.872207 2.53184 2.99667 -0.877612
-1.73315 2.31799 1.61956 0.448564 -0.446805 0.747701 0.166534 3.01947 -0.0797857 -0.767125
2.32716 -0.0797857 -0.0797857 1.9355 -0.767248 -0.766232 0.688792 0.145071 2.5315 -0.984133
1.06657 -2.32895 -1.50485 -1.22126 -2.61051 2.8535 2.04853 -0.311858 -1.79949 -0.645213
1.4094 2.53761 -0.430264 -1.03164 2.62323 0.317163 0.599105 0.884798 0.0519683 0.899745
-0.520319 1.79123 -0.175237 1.85966 2.47933 -0.67835 2.43655 1.22017 -1.65934 -0.816625
-1.76704 2.50342 -0.392938 2.42652 0.462069 2.82114 -0.702824 0.19601 1.56919 0.745861
2.22764 -1.75728 -0.0494726 2.84362 1.047 0.198069 2.16549 1.76573 -1.35709 2.42821
0.525107 -0.58543 -0.263582 -1.08761 -0.587142 -2.3448 -0.579682 2.69609 -2.56721 1.97282
1.37 -1.74993 -0.102464 0.335941 2.43314 0.603677 0.0835547 -0.465606 -0.418945 0.0847307
2.49206 0.0735248 0.8881 0.840836 -0.745945 -0.141213 1.72907 1.76695 2.3367 2.36616
1.19036 -1.71503 -0.343835 -0.500583 -1.07301 -0.643267 2.25272 2.36305 0.472268 0.219749
2.32229 0.741268 1.51881 2.6484 -0.0172223 2.1395 -0.896881 -0.530395 -1.58641 -0.222525
1.02569 -0.0425108 2.67032 2.32639 2.01286 1.60652 0.376105 -1.17587 -2.35095 1.89869
1.33003 2.54275 -0.415805 0.351007 -2.52089 -0.418394 0.605338 0.112835 -0.694238 -1.70194
2.33086 -0.40946 0.874406 -0.410506 -0.109569 2.36387 0.793558 1.66771 -0.299011 -0.588221
1.15954 2.23928 1.67186 2.25441 0.239088 0.479461 2.22374 0.0135585 0.0145202 0.734348
-0.479893 -0.337188 1.46862 2.21885 2.05354 2.47935 -0.191079 1.00306 -1.23699 2.5023
2.2261 -0.369645 1.86833 1.45702 -0.631831 0.240639 0.363019 -1.25021 1.82623 1.28974
0.136076 -2.34758 0.604454 2.39506 -1.42352 -0.953217 -2.46968 -0.0756309 2.23114 -1.65328
0.859082 -0.537416 2.2402 -0.40342 -0.264532 1.60734 0.502276 0.745726 -1.46624 1.12797
-0.778653 1.39476 2.14467 0.255247 2.14595 1.57737 0.483948 -0.43352 0.0414632 0.725515
2.08809 -0.157969 1.41872 2.118 1.96991 0.97933 2.31887 -0.329705 -1.50352 -0.588852
2.34475 2.1281 0.372236 0.155776 0.601416 1.24921 1.72999 1.31561 1.75549 0.117458
-0.0454941 -1.31177 -0.490831 -2.33525 2.25614 0.84235 -2.41361 2.13388 -0.232373 -1.60357
1.07363 2.12322 -0.39654 -1.44508 1.54823 1.09581 -0.390785 -0.390785 0.268577 0.69936
0.486076 0.0642459 2.05256 2.0428 1.48583 0.715022 -0.125351 1.95948 1.36957 -0.534669
-0.832038 2.02176 1.88837 0.954705 -0.297921 2.17174 0.172609 0.37893 -0.447394 -0.0198737
2.03394 2.2016 0.596477 1.20886 1.6863 -0.675754 1.59753 1.18181 0.00515777 -0.198439
-1.36321 0.824449 2.1281 -2.31736 -2.35664 2.0399 -0.0655272 -1.55593 2.01383 1.49026
-0.356667 0.279278 1.06333 -0.391266 0.0840524 0.486087 0.653918 1.96321 -0.0970453 -0.0970453
0.703097 1.94526 -0.498787 1.39744 -0.265108 1.32122 1.8393 0.929401 1.80892 1.93039
0.18679 -0.409016 -0.409016 -0.409016 0.383346 2.03763 -1.21031 -1.01051 0.00250874 0.589868
-0.00813625 1.94424 1.1689 2.07048 -0.167863 -0.167863 -0.167863 1.61854 0.805555 1.4721
1.0563 -0.0970699 -1.40625 2.00884 -2.29558 -0.324969 1.95 -2.29999 0.28758 0.101236
0.0118705 -1.51067 1.43324 -1.33983 -0.741848 1.03081 0.484222 1.91012 -0.0724162 -0.387411
-0.450821 -0.450821 1.87742 0.689895 0.609693 -0.232826 1.85141 1.3131 0.0464422 1.27344
0.903645 0.705948 1.72806 -0.586207 0.198484 1.73221 -1.39791 1.84193 -0.377648 0.385723
0.0222664 1.91415 0.581747 -0.141199 1.12921 1.85747 1.94782 1.55255 0.785853 -0.292105
1.35455 0.939984 -0.188794 -0.493654 -1.44062 1.89644 0.115899 0.293725 -2.2689 1.86328
-2.24178 -0.0504845 0.480659 0.998226 1.37715 0.0962502 -1.46544 -0.425886 1.81142 -0.20425
-0.20425 -0.383129 0.675592 1.79471 0.5683 1.76135 1.80757 -0.346404 1.23451 1.22602
-0.192493 -0.779391 0.877469 0.207932 0.0395226 0.386244 1.658 1.62564 1.75648 -0.117404
0.572297 1.80028 0.125715 1.08956 -0.261911 -0.261911 -0.261911 -0.644783 1.77343 -2.2007
1.48832 0.76541 1.83383 -2.24474 0.138557 0.545954 -1.43428 -0.381428 0.128244 0.297894
1.58787 1.19591 -1.46617 -0.269091 1.24561 0.833451 1.2454 0.833242 -0.0310043 -0.270338
-0.388182 1.79186 -1.46736 1.77947 0.475586 -2.23875 1.76224 0.965485 -2.18391 -0.178842
1.32218 1.79927 -1.42232 1.71905 0.660305 -0.509714 -0.509714 -0.509714 -0.380617 1.71484
-0.315113 0.527773 1.67656 0.215332 0.0544269 1.17922 0.850853 1.15994 0.385104 -0.0960405
1.74282 -1.02212 1.58609 1.52928 1.67561 0.561662 0.182605 -0.234984 1.69331 1.05024
-1.15577 -0.824153 0.0885722 0.744263 -0.995123 1.69343 1.4259 -0.363528 0.138496 1.7269
0.300283 -0.0138727 1.65712 0.469157 -0.155907 1.14468 0.735484 -0.343272 1.69371 1.69938
-1.48838 0.932836 -2.20763 1.26872 -2.12957 0.644107 -0.286606 -0.286606 -0.286607 1.63146
-1.38443 1.63824 -0.382548 1.6042 0.0671957 1.09522 0.220886 0.216914 0.485414 -0.0770019
1.59559 1.13356 0.382476 0.824037 -0.57793 1.08643 0.221655 -0.210743 1.51685 0.549955
1.59799 1.59851 1.43622 1.59554 1.01165 -0.327062 1.5906 0.722648 0.146869 0.00109954
1.36557 1.61728 0.301083 1.62409 -0.135238 0.461519 1.60373 -0.445496 1.62294 0.900496
1.05145 0.645437 1.59888 -0.26126 -0.26126 -0.408879 0.258059 -1.50416 1.21682 -2.17502
0.627214 -2.07728 1.54603 -1.34993 0.0780572 0.224769 1.60596 1.56482 -0.0601116 -0.387311
0.378521 0.79718 1.089 0.442175 1.51643 -0.188765 1.54909 0.537386 1.01408 -1.22544
1.45024 0.852638 -0.307839 1.52343 1.34642 0.973712 0.153513 0.014141 1.438 0.700722
1.49238 0.300457 -0.116677 0.295672 1.30731 1.54359 0.452886 1.52546 0.30016 -0.238246
0.325434 -1.10128 0.868415 1.29389 1.54933 1.50724 0.964705 0.562206 1.16647 -0.467714
0.609792 -0.501892 -0.501892 -0.501892 -1.5147 1.1634 -2.13983 0.087151 0.227142 -2.02454
-0.0451619 1.11306 1.46308 -1.31609 1.49426 0.373441 -0.168776 1.04767 -0.392416 0.770285
1.04555 1.43951 0.350044 0.400508 0.524104 -0.277213 -0.277212 -1.00583 -0.862347 0.942431
0.944934 1.38619 1.45011 0.0253895 0.158573 1.26072 0.37111 0.936383 -0.100055 0.678541
0.846336 0.29859 -0.389277 1.3991 1.25112 -0.216978 1.47163 0.756843 0.443384 0.443099
0.443351 1.43222 0.673205 -0.673248 0.619224 0.593425 0.836591 0.516283 1.47785 0.591934
1.11774 1.42022 0.0946043 0.884257 0.485779 -0.0320231 -0.519686 0.228182 -1.09956 -1.51999
-2.10182 -0.150704 -1.97073 0.367357 1.384 1.42613 -1.2819 0.743468 -0.261534 -0.261535
1.00328 -0.396367 0.510199 1.3661 0.361857 1.32442 0.0349637 0.880378 0.162222 -0.0852635
1.37963 0.295607 0.899799 0.656242 1.18009 -0.197681 1.19683 1.31154 0.433089 1.40212
-0.455919 1.34572 0.805184 0.100581 0.573775 -0.0205799 1.40876 1.0705 0.228011 -0.134525
1.33956 0.810216 0.416134 -0.564973 -1.52062 0.360364 -2.06244 -0.23476 -1.91832 1.31054
1.36028 0.716867 -1.24957 0.962136 0.495818 -0.400316 -0.340635 1.29756 0.0430221 0.325074
0.16458 -0.072186 1.26471 0.818951 0.291618 -0.180394 1.3134 0.633953 0.864075 1.10382
0.422167 1.14427 1.22989 1.33641 -0.0106539 0.105202 0.774349 1.26601 0.478212 0.555431
-0.120064 -1.09707 0.226733 1.02462 1.34298 1.26502 -0.222948 -0.222956 0.352621 0.743233
0.353664 -0.604031 -1.51799 -2.02392 0.690552 1.24231 -1.87033 1.2972 0.922069 -1.22209
0.481099 -0.867555 0.0496778 -0.0606316 -0.406752 0.165752 1.2335 -0.164805 0.287649 1.20725
0.286772 -0.39722 -0.727429 0.757741 0.611736 0.829233 1.25119 0.410777 1.02907 1.09345
1.15121 1.2744 -0.00215233 0.108592 -0.107061 0.744143 0.224509 0.536972 1.18962 -0.20035
0.980061 1.28048 0.344274 1.1932 -0.298699 -0.553504 -1.02116 -0.553504 0.683293 2.27024
-0.553503 0.298419 -0.636485 -0.390516 -1.51111 0.664568 -1.98421 1.23692 1.17664 2.25476
0.466108 -1.82357 0.0550739 -0.0505142 0.88301 -1.19638 0.165905 -0.150427 -0.413942 1.17199
0.281207 1.15204 0.250407 0.589638 0.795154 0.697664 -0.174131 -0.623569 1.19131 0.398982
0.956489 0.00501809 1.04441 0.875494 0.110906 -0.0955182 1.21485 1.07568 0.221489 -0.190879
0.714456 0.518467 1.11704 0.936898 0.335402 1.22071 1.33041 1.12491 0.629787 0.249864
0.638868 -0.662636 -0.041777 0.059345 -1.50009 0.450912 -0.363031 -1.94311 1.17932 -0.137599
1.11407 0.1652 0.84501 -1.77731 -1.17126 0.275013 -0.420568 1.11335 1.09918 0.214583
0.567636 0.761831 0.386836 0.639444 1.13401 0.0110118 -0.0854238 0.112293 0.886197 0.997269
-0.171122 0.217753 0.0393205 -0.762999 1.15781 1.0031 0.499911 0.68531 -0.263229 -0.263218
-0.263232 0.326063 1.04818 0.895214 1.16363 -0.0342557 1.06008 0.0626259 -0.126366 0.613553
0.435532 0.582655 0.163707 0.207756 -0.683266 -1.48628 1.12436 0.808125 -1.90266 1.05401
-0.747661 -1.73417 0.268252 -1.14897 1.05676 -0.428211 2.0826 1.04862 0.545854 0.178247
0.729369 0.374383 0.0159845 -0.0765615 -1.01505 0.11284 0.580213 1.07889 -0.164673 -0.616343
-0.616337 0.952016 0.815155 0.21335 0.481414 1.1033 0.656839 0.930031 0.316315 -0.316201
0.855039 0.978867 -0.0277615 1.10927 0.0650034 -0.116371 0.995042 0.588748 0.161462 0.420086
0.540928 0.171014 -0.699414 0.772449 1.07196 -1.47034 0.993689 -1.86316 0.260982 -1.69413
-1.12955 0.524425 0.999975 -0.437288 1.00029 -0.0686776 0.0200176 0.361758 0.697865 -0.14825
-0.460387 0.141009 0.112573 1.02405 0.520026 -0.233429 -0.233447 0.208342 0.908682 0.74379
0.463117 0.234501 -0.894362 0.629085 1.04992 0.30628 0.856607 -0.0222308 -0.107141 0.816468
0.0665157 0.908978 1.05668 0.158533 0.564454 0.404706 0.929935 0.738051 0.253322 1.02157
0.502943 0.138111 -0.712121 -1.45231 0.933608 -1.82327 -1.65444 -0.061793 0.0231335 -1.10999
0.503356 -0.143286 0.94361 0.349075 0.953922 -0.445569 0.111554 0.667312 0.105609 0.202864
0.969561 0.46296 -0.29299 0.867142 0.445055 -0.891628 0.676455 0.602043 0.296068 0.996974
-0.017669 -0.099018 0.786722 0.0672223 0.779466 0.841953 0.155071 1.00492 0.389419 0.540724
0.867771 0.245387 0.704924 0.972429 0.467899 0.108358 -0.721494 -1.43161 -0.055952 0.876316
-0.828662 -0.650707 -0.650705 0.025397 -0.128885 -1.78182 -1.61334 0.482721 0.109922 -0.208545
0.336347 -1.08827 0.908973 0.889733 0.637748 -0.451478 0.19703 0.0736002 0.916948 0.411512
0.826988 0.427284 -0.0920779 -0.0139962 0.575813 0.28571 0.61591 0.945356 0.0672626 0.723173
0.74378 0.151179 -0.526082 0.780569 0.954509 0.374278 0.517658 0.237218 0.810918 0.673008
-0.0510179 -0.126097 0.924769 0.0269678 0.436301 0.0821013 -0.727928 0.82352 -1.40979 -1.74161
0.107794 0.462584 0.323635 -1.57471 -0.257137 -0.257121 -1.06804 0.865446 0.609239 0.83951
0.381973 -0.887216 0.190883 -0.457633 0.0426045 0.86751 -0.0860568 0.40984 -0.0110257 0.788109
0.362805 0.275258 0.550467 0.0667552 0.559038 0.896381 -0.897086 -0.386474 0.146885 0.663636
0.709177 0.359326 0.906117 0.72301 0.495279 0.228865 -0.0467524 -0.11428 0.757332 0.0279536
0.642098 -0.187625 0.878713 0.105208 0.408582 0.0597198 -0.731373 0.773437 -1.38709 0.442937
0.310998 -1.70286 -1.5389 1.72063 0.581647 0.823283 0.184471 -1.04983 0.791727 -0.464509
-0.0805174 -0.00867543 0.0116906 0.392722 0.820533 0.750404 0.26477 0.065742 0.315302 0.525853
0.504096 0.849737 0.142251 1.69022 0.606573 0.675572 0.344569 0.473434 0.859729 -0.112418
0.667871 0.220386 -0.043158 0.0283764 0.61209 0.705561 -0.241703 -0.241729 0.834378 0.102225
0.298445 0.423659 0.384571 0.725109 0.0411262 -0.731268 -1.36181 -1.6623 0.177866 -1.50125
0.554841 0.782595 0.745906 -1.02924 -0.0757743 -0.561232 -0.00694728 -0.469102 0.375851 -0.0164981
0.0642803 0.254263 0.775466 0.713941 0.501855 0.272569 0.137367 0.454609 0.804897 0.643014
0.554747 0.329948 -0.102076 -0.0402683 -0.170384 0.452054 0.211815 0.815293 0.0282965 0.617901
0.582969 0.0989347 0.65844 -0.452341 0.791992 0.285928 0.40472 0.680792 0.364312 0.0262259
-0.728168 0.171097 -1.33516 -1.62166 -0.0718828 0.528778 0.743607 -1.46356 -0.00576572 0.703662
-1.00805 0.0624589 -0.472788 0.359206 0.24372 -0.0423737 0.733546 0.678855 0.478476 0.132264
0.234224 -0.880336 0.409853 0.762618 -0.101785 -0.0379521 0.611534 0.315454 0.507354 0.203129
0.431178 0.0278235 -0.21409 0.773122 0.572167 0.0953669 0.554658 0.614982 0.751586 0.273456
0.386162 0.164139 -0.328699 -0.068589 0.639287 0.347631 0.0147201 -0.722851 -0.00499556 -1.30862
0.50337 -1.58336 0.706237 -1.42914 0.663852 0.0603065 -0.989727 0.342835 0.233154 -0.478144
0.645075 -0.0680153 0.694187 0.455664 0.126907 0.197112 -0.0933855 -0.156183 -0.0360216 0.722793
0.366424 0.301153 -0.667212 -0.667204 0.581069 0.0269827 0.194339 0.410774 0.461397 0.733206
0.091489 0.527416 0.527101 0.261108 0.572095 0.713149 0.36798 -0.0655136 0.157002 -0.00462732
0.598138 0.333848 0.00601051 0.478575 -0.715374 -1.28127 0.670477 -1.54539 0.0577966 -1.39545
0.624412 0.222635 0.326752 -0.972241 -0.769671 -0.483805 0.121309 0.612593 0.433396 0.655558
-0.496403 -0.0926572 -0.0935042 -0.0345395 -0.204623 0.161487 0.684298 0.0257355 0.28707 0.940502
0.32473 0.185519 0.551661 0.390814 0.417495 0.0873185 0.694974 0.484198 0.500386 0.248907
-0.0629947 0.350148 0.530361 0.149773 0.676331 -0.00471663 0.558063 0.454473 0.0549459 0.32229
-0.000586199 -0.706452 0.636191 -1.25373 -1.50818 0.212184 -1.3629 0.310945 0.585992 -0.392284
-0.955969 0.115562 -0.144633 -0.0860571 -0.489843 0.411714 0.581397 -0.0335864 0.61768 -0.116387
0.127094 0.0241043 0.273182 0.176698 0.646449 0.284275 0.523385 0.371322 0.0829417 0.375
0.65761 -0.0611257 0.442163 0.474645 0.236827 0.142481 -0.00522235 0.332699 0.64058 0.489599
0.0518438 0.431167 0.51898 0.312549 -0.00534892 0.603038 -0.695836 -1.22504 0.201782 -1.46987
0.29546 0.548607 -1.32917 -0.0872924 0.109694 -0.18364 -0.938877 -0.0330666 0.390689 -0.494781
0.551295 0.580637 -0.138302 0.0221957 -0.789685 0.259549 -0.284114 0.167862 -0.284079 0.0949292
0.609106 0.496152 0.246403 0.352399 0.0783952 0.335444 -0.059704 0.620795 0.224924 0.449876
0.403166 -0.00601741 0.13511 0.315749 0.605629 0.451879 0.0485338 0.408715 0.482612 0.582546
0.191487 -0.135077 0.570761 0.304854 -0.00807304 -0.0813562 -0.683301 0.280394 -1.19498 0.103693
-1.43047 0.513397 -0.0328111 -1.29428 -0.920459 0.370392 0.522057 -0.497798 0.0200488 0.545439
-0.158039 0.159067 0.246257 0.0649974 1.30951 1.30951 1.30946 0.0736757 0.573286 0.469754
0.334117 0.211599 -0.431164 -0.0583936 0.299854 0.585131 -0.00708303 0.213274 0.127719 0.42593
0.368303 0.299352 0.0450131 0.571583 0.418164 0.387028 -0.17806 -0.0827725 0.181365 0.449856
0.539285 0.26576 0.097622 -0.0328705 0.29961 -0.00863022 -0.670007 -1.16638 -1.3944 0.481345
-1.26369 0.350748 0.0176461 -0.905837 0.493562 -0.502824 0.513134 0.150382 0.233281 -0.178741
0.0688453 0.034458 0.444057 0.31638 0.539987 -0.0575026 0.176798 -0.343999 -0.343928 -0.343967
-0.00845104 0.264865 0.551412 0.201854 0.120385 0.402645 0.283397 0.334268 0.0413384 0.538985
-0.127468 0.3853 -0.0775414 0.365922 0.171402 -0.0333007 0.418369 0.0915645 0.251466 0.508934
0.296489 -0.00713523 -0.655325 -0.271205 -1.13742 -1.35823 0.450984 0.0150433 -1.23315 0.331584
-0.891975 0.465977 0.141796 -0.508454 0.482744 0.220548 0.0639864 -0.199277 -0.057103 -0.650774
0.29903 0.00521362 0.419137 0.508804 -0.539346 0.144042 -0.0100553 0.190598 0.113108 0.232148
0.519876 0.380012 0.267747 0.0375968 0.302843 -0.161868 -0.0797934 0.508352 0.35506 -0.249794
0.345346 0.161548 -0.0339889 0.0855285 0.237417 0.389369 0.480163 0.0123449 0.294758 -0.00424209
-0.639449 -1.10779 0.422873 -1.32119 0.312867 -1.2012 0.439573 0.133275 -0.876944 0.208001
0.454448 -0.512983 0.0591149 -0.0569827 -0.218426 -0.697983 0.282061 0.395083 0.00599161 -0.508458
-0.022314 0.479692 -0.0117754 0.113196 0.105854 0.17948 0.490442 0.201567 0.0338102 0.358045
-0.121407 0.252414 -0.0757382 0.273884 -0.716752 0.479629 -0.388472 -0.0347808 0.327188 0.151792
0.32533 0.0794811 0.223644 0.362232 0.452931 0.009574 0.294563 -5.94059e-05 -0.623302 -1.07961
0.294632 0.396111 -1.28714 0.124811 -1.17309 0.414361 0.195701 0.0541955 -0.865346 -0.0568361
0.427447 -0.519883 -0.23936 0.265502 -0.0135989 0.37193 -0.0515862 0.45206 0.0986186 0.168576
0.0803176 -0.159211 0.0299388 0.462629 0.168932 0.336757 0.237442 -0.0779127 0.242851 -0.0357162
0.452467 0.14221 0.0734065 0.297256 0.305853 0.210193 0.00667763 -0.305124 0.427043 0.333333
0.29573 0.00518653 0.276861 -0.607291 -1.05336 0.367949 0.116478 -1.25675 -0.0569302 0.0492029
0.390268 -1.1498 0.183699 -0.858132 0.399634 -0.529922 -0.0155908 0.24936 -0.2629 0.349705
0.424392 -0.0831708 0.0914717 -0.116721 0.157939 0.0259523 0.0453274 -0.074246 0.435301 0.31623
0.222849 0.134073 -0.0368813 0.209292 0.426075 0.13285 0.0673693 0.287018 0.264791 0.197082
0.003628 0.402108 0.302346 0.259659 0.108326 -0.0573597 0.296765 0.0102133 -0.591943 0.338113
0.0441975 -1.02827 -1.2275 0.171992 0.367161 -1.12765 -0.852053 -0.0177626 0.370502 -0.540654
0.233734 -0.146887 -0.286573 0.3284 0.084465 -0.223235 0.395952 0.147549 -0.114396 0.0219145
-0.0769408 0.0109295 0.208723 0.296539 0.407742 0.0996804 -0.0382389 0.0614275 0.175973 0.123688
0.399859 0.268937 0.000503702 0.184378 0.232529 0.37767 0.271443 -0.0579948 0.10033 0.243131
0.039244 0.296531 0.0141227 -0.57724 0.308116 0.160625 -0.341816 -0.341772 -1.00319 0.344738
-1.19725 -0.0200211 -1.10411 -0.84491 0.341033 0.218709 -0.550357 -0.112933 0.248718 -0.631671
0.307856 0.0775733 -0.308637 0.137435 -0.0741578 0.0178952 0.367141 -0.143307 -0.0208879 0.195127
-0.0396699 0.27762 0.38 0.0678608 0.0555604 0.114753 0.145069 0.373736 -0.0026271 0.251587
0.172137 0.202544 -0.547819 -0.547819 -0.547815 0.353515 -0.0585788 0.242378 0.0925122 0.0343302
0.227263 0.149656 0.279464 0.29519 0.0168321 -0.56415 -0.0223149 0.322738 -0.980381 -0.145881
-1.1697 -1.08326 -0.839462 0.312625 0.204272 -0.560573 0.0708066 -0.0766923 0.287851 0.0138821
0.12766 -0.330592 -0.273596 0.339033 -0.171701 -0.0411733 0.182043 -0.0517833 0.259299 -0.618695
0.352635 0.0372583 0.0497731 -0.441548 0.106106 -0.0057878 0.115221 0.347915 0.234824 0.160338
0.173466 -0.0593252 0.329699 0.0849353 0.029461 0.214227 0.211936 0.139075 -0.0246777 0.251888
0.293322 0.0188166 0.301132 -0.552455 -0.1101 -0.959785 -1.14509 -1.06566 0.190309 0.285423
-0.836206 -0.0741736 0.0642335 0.00987934 -0.571758 0.2683 0.118225 -0.353058 0.312052 -0.0428043
-0.200287 0.169363 0.241452 -0.0825223 0.326175 0.668582 0.0441356 0.0977496 0.00706008 -0.0089746
0.0856898 0.952312 0.32282 0.218526 0.148885 -0.0603025 0.144695 0.0247066 0.306517 0.0776082
-0.202531 0.186637 -0.136227 0.197044 -0.0270956 0.128795 0.225212 0.28008 0.290946 0.020394
-0.540739 -0.938564 -1.11909 -0.0770578 -1.04642 0.176734 0.0578794 0.259175 0.00596353 -0.831435
0.109052 0.24926 -0.581404 -0.044509 -0.373755 0.285994 -0.226751 0.157029 -0.313648 -0.313667
0.224101 -0.110985 0.0386893 0.300675 0.0896202 -0.0120955 -0.0207822 0.137737 0.298651 0.0585842
0.202701 -0.0613713 0.118362 0.0201153 0.0704733 0.284143 -0.0294626 0.182594 0.161252 -0.107948
0.118774 0.259686 0.200383 -0.075193 0.287936 0.0213583 -0.529703 -0.918287 -1.0938 0.0516902
0.00218494 0.163558 -1.0274 0.23434 -0.826504 0.100106 0.230765 -0.0461517 -0.59052 -0.393399
0.261021 0.145054 -0.251622 0.0333893 0.20723 -0.0151026 -0.137749 0.0816909 0.276133 -0.0468858
-0.062274 0.126914 0.187321 0.275315 0.0333504 -0.136462 0.0156514 0.0635093 0.0939283 -0.247967
-0.0317438 0.262435 0.168552 0.10905 0.137395 -0.0777394 0.23985 0.176667 0.28444 0.0215417
0.0456395 -0.00149045 -0.520691 -0.901852 0.150751 -1.07379 -1.01377 0.0914255 0.21054 -0.0477467
-0.825518 0.212763 -0.602201 0.23714 -0.414852 0.133418 0.0282017 -0.27772 -0.0180368 0.190788
0.0740005 -0.165508 0.252634 -0.0632105 -0.0738293 0.116405 0.172326 0.252863 0.00736445 0.0112794
0.0567547 -0.106374 -0.0339864 0.0688326 0.241443 0.154874 0.09962 0.11293 -0.0758935 0.220622
-0.00509759 0.152418 0.0397687 0.28073 0.0212184 -0.513221 0.138291 -0.888237 -0.0493521 -1.05785
0.0830158 -1.00485 0.186663 0.195293 -0.828442 -0.616599 0.213768 -0.438334 0.122102 0.0231663
-0.0209302 -0.305506 0.174818 -0.628737 -0.628737 0.0665485 0.416523 0.229911 -0.186187 -0.0642467
-0.194845 -0.128986 -0.10225 0.106189 0.157763 0.231244 0.00703418 -0.0200474 0.050209 -0.0362107
-0.538941 0.0423615 -0.463605 0.221279 0.141598 0.0904583 -0.0785459 -0.279685 0.0873269 -0.00859962
0.202136 0.0340814 0.127375 -0.0509556 0.126211 0.276739 0.0204725 -0.506582 0.0748481 -0.875719
-1.04312 0.162384 -0.997276 0.178452 -0.83242 -0.631592 0.0182879 0.111148 0.190384 -0.0237342
-0.462291 0.0593068 0.15941 -0.333829 -0.0652982 0.207463 -0.224853 0.0963112 -0.131349 0.143713
0.00291913 -0.105 0.210084 -0.0383564 0.0438419 -0.0480436 0.0153504 -0.077096 0.201694 0.0816005
0.128793 0.0613765 -0.0119923 0.0285448 -0.366884 0.184269 -0.0524697 0.102318 0.114572 0.0669499
0.271929 0.0190106 -0.500269 -0.86295 -1.02748 0.138136 -0.988251 0.162209 -0.83481 0.0135355
-0.0264439 -0.645269 0.100613 0.166967 -0.484926 -0.226861 0.0523068 -0.0661675 0.144569 -0.360591
-0.12962 0.185162 -0.253406 0.0868272 -0.00109339 -0.159113 0.130191 -0.0404265 0.189244 0.0376875
-0.0746837 -0.079359 -0.0102994 0.0731023 0.182493 0.116488 -0.0153061 0.0366835 0.0231905 -0.0539373
0.166823 0.0783773 0.103404 0.0593762 0.26546 0.0160038 -0.495106 -0.851067 -1.01281 0.11472
0.146418 -0.979881 -0.0290987 0.00894128 -0.83706 0.0905138 -0.658231 -0.0670574 0.144036 0.0456054
-0.506245 0.130189 -0.38553 0.163165 -0.103873 -0.280057 0.0777438 -0.00496779 -0.0424663 0.117125
-0.185067 0.0318095 0.16868 -0.0778627 -0.0995584 0.0649776 -0.0341597 0.104628 0.163595 -0.018506
0.0180884 -0.0554128 0.0137532 0.149718 0.0926636 0.0521501 0.0560592 -0.173054 0.257152 0.0108796
-0.492905 -0.843049 0.131004 -1.00302 0.0927133 -0.0316688 -0.465095 0.00457466 -0.97637 -0.842449
-0.0680291 0.0808109 -0.123381 -0.67282 0.0392227 0.122248 -0.260833 -0.528426 0.116193 -0.410774
0.141975 0.0690223 -0.00863816 -0.306628 -0.0444453 0.104438 0.0262252 -0.210683 -0.0801886 0.148674
-0.123963 0.0571881 0.0931371 0.145166 -0.057443 -0.0215234 -0.0568445 0.0132608 -0.00835694 0.133042
0.0822802 0.0452371 0.0347783 0.247389 0.00423915 -0.0340761 -0.492469 -0.22338 -0.836791 0.115999
0.00045963 0.0718548 -0.994694 -0.0689732 -0.974107 0.071448 -0.848882 0.0331274 -0.688122 0.101705
0.102604 -0.102805 -0.550769 -0.435405 -0.0120857 0.122015 -0.0462773 0.0606157 -0.33208 0.0209021
-0.0789907 0.0921557 -0.235028 0.12974 -0.146949 0.0496831 0.0820377 -0.0243435 0.127629 -0.0581233
-0.0792947 0.00867195 -0.209173 -0.0292114 0.117078 0.0385831 0.0722663 0.0145274 -0.0363062 -0.00344013
-0.12406 0.235373 -0.00447917 -0.493807 -0.0696916 0.101555 -0.832012 0.0518015 -0.987139 0.0624395
-0.971741 0.0272707 -0.855121 -0.0106244 -0.405557 0.0817933 -0.70333 0.0895028 -0.466026 -0.572628
-0.0479543 -0.0153449 -0.459168 0.0525472 0.102671 -0.0808742 0.0157954 -0.356485 0.0803348 -0.258335
0.111463 0.0424892 -0.168841 -0.0270037 -0.0592779 0.0713838 0.110706 0.00427261 -0.100048 -0.0492405
-0.394763 0.0322099 0.10168 0.0626648 -0.00520306 -0.0384031 -0.00717561 -0.0703485 0.0876623 0.220983
-0.015669 -0.498245 -0.831408 0.0321817 -0.984707 0.0538137 0.0216713 -0.974265 -0.101778 -0.865023
0.0623555 -0.721339 0.0769124 0.691088 -0.0495249 -0.596768 -0.0184622 0.0448433 -0.0795106 -0.484882
0.0838278 0.0109228 -0.382663 0.0689768 -0.283218 0.0936419 0.035644 -0.029547 -0.0603629 -0.192181
0.0611624 -0.161885 7.96157e-05 0.0941437 -0.122215 -0.235579 -0.0704939 0.0261636 0.0866393 0.0534851
-0.118621 -0.0404087 -0.0709997 -0.0257161 -0.0107325 0.0742128 0.204641 -0.0291215 -0.506108 0.012351
-0.835735 0.0455924 0.0163698 -0.9887 -0.983645 -0.880582 0.0431986 0.064817 -0.0510239 -0.74362
-0.0214233 -0.624484 -0.0813032 0.0375162 0.0654941 -0.513709 0.00631955 0.0581097 -0.4115 -0.54898
-0.309444 -0.309412 0.0764093 -0.309453 -0.310492 -0.0319527 -0.0613916 0.0291595 -0.217705 0.0514174
-0.0038674 0.0782157 -0.146298 0.020463 -0.0931641 0.0447713 0.0722221 -0.0422934 -0.0716064 -0.0140672
-0.0470253 -0.100533 0.0613207 0.185685 -0.0453895 0.0378234 0.0113843 -0.00782027 -0.517349 -0.8438
-0.996405 -0.996177 0.499401 -0.0524123 -0.898831 0.02404 0.053238 -0.024189 -0.0800883 -0.768262
-0.654031 0.0306227 0.00200029 0.0474138 -0.544015 0.0477578 -0.193693 -0.44157 0.059585 -0.0623003
-0.0341857 -0.338882 0.0230792 0.185359 -0.515206 -0.00755626 0.0421914 -0.244064 0.0628449 -0.170694
-0.118781 0.0151349 -0.0440212 -0.115821 0.0365618 0.0584291 -0.072025 -0.0171739 -0.0683984 0.0490245
0.00674432 0.0305448 -0.0281479 0.162833 -0.0653963 -0.531766 -0.854254 -1.00549 -0.0536626 -1.00917
-0.0267591 -0.0814731 -0.917676 0.0422325 0.00480999 -0.793694 0.0242042 -0.6838 -0.0020089 0.0294451
-0.57413 0.0379725 -0.47132 -0.063098 -0.0362494 0.0430464 0.0174418 -0.366946 -0.0109804 0.0335158
-0.270059 0.0478792 -0.418588 -0.194623 0.0102122 -0.0456027 -0.0723853 0.0288913 -0.138088 0.045126
-0.0200503 -0.0991945 -0.0896354 0.0373001 0.00248118 0.0237908 -0.0485478 0.135029 -0.0904146 -0.551347
-0.0547915 -0.87003 -1.02011 -0.0801058 -0.029124 -1.02706 0.031861 -0.939966 -0.0145677 -0.821212
0.0182814 -0.221559 -0.00566457 -0.714723 -0.151713 0.0114057 -0.604915 0.0288272 -0.0638134 -0.0381338
-0.501373 0.0122676 0.0266575 -0.395248 -0.0140854 0.0254607 -0.29636 -0.113578 0.033253 -0.218975
0.00571768 -0.0470331 -0.0727267 0.0218163 -0.0226463 0.0322741 -0.16076 -0.111073 -0.00139059 0.0261318
0.0175932 -0.0557967 -0.0689534 -0.0813911 0.102531 -0.120384 -0.404075 -0.576368 -0.0312356 -0.891514
-1.04068 -1.05025 0.0221202 -0.0337935 -0.966041 0.0128682 -0.00895855 -0.851025 -0.746852 -0.00637609
-0.0644276 0.0203366 -0.636331 -0.0397849 -0.531658 0.00756178 0.0106271 -0.0168482 -0.42368 0.0180549
-0.529665 -0.322971 0.0191343 -0.0729848 -0.0482514 0.00165425 -0.243821 -0.0976726 0.0153653 -0.0249234
0.0200475 -0.183941 -0.132901 -0.00487103 0.0156446 0.0119791 -0.0566095 -0.0801135 -0.179862 -0.0895692
-0.0330543 0.0656337 -0.154578 -0.604894 -0.915327 -1.06247 -0.338756 0.0130855 -1.07365 -0.0530322
-0.992111 0.00798932 -0.0119071 -0.880619 -0.778013 -0.0648497 -0.0240368 0.0125645 -0.0411678 -0.666306
0.00334028 -0.560305 -0.0192965 -0.00512038 -0.113304 -0.450713 0.0113506 -0.348504 0.00552302 -0.0730048
-0.0492268 -0.00196966 -0.267975 -0.0268964 0.00956319 0.00847214 -0.206867 -0.00795036 -0.154896 -0.0572039
-0.0809422 0.00696052 0.00586874 -0.0345894 -0.110746 0.023608 -0.193779 -0.637927 -0.943079 -1.08701
0.00479675 -1.09818 -0.0144902 -0.0730381 0.00366087 -1.01848 -0.909769 -0.0650805 -0.807875 -0.0423004
-0.0423171 0.00553004 -0.694512 -0.000381579 -0.0214183 -0.586975 -0.0212224 -0.475878 0.005347 -0.0728836
-0.0499824 -0.372514 -0.00819047 -0.095951 -0.00514641 -0.29114 -0.0285828 0.0044085 -0.00285895 -0.22936
-0.201318 -0.0106248 -0.0576057 -0.0793923 -0.176875 0.00252893 0.330293 -0.00334286 -0.539271 -0.0358724
-0.142029 -0.132217 -0.0227545 -0.237466 -0.676217 -0.976671 -0.00277715 -1.11754 -0.0167036 -0.000138543
-1.12708 -0.0934906 -1.04647 -0.0651559 -0.938458 -0.0432127 -0.26401 -0.83643 -0.0609724 -0.000780225
-0.108316 -0.721316 -0.00362261 -0.0232111 -0.612257 -0.0374455 2.0244e-05 -0.499943 -0.0726652 -0.0505492
-0.39565 -0.021694 -0.00788994 -0.0299855 -0.313892 -0.0001198 -0.0136493 -0.251853 -0.0799905 -0.0578454
-0.0129191 -0.199087 -0.00134824 -0.0117884 -0.0369073 -0.153889 -0.071979 -0.284537 -0.718231 -1.01427
-0.0185833 -0.00950457 -1.15063 -0.00346319 -1.15632 -0.0650885 -0.113921 -1.07251 -0.0439025 -0.963111
-0.00629626 -0.0792673 -0.860765 -0.00644931 -0.744422 -0.0247061 -0.634153 -0.0529864 -0.0723214 -0.00460904
-0.0509165 -0.520792 -0.0938602 -0.0102675 -0.0342012 -0.416313 -0.0311241 -0.167137 -0.00404573 -0.335165
-0.0232251 -0.0783801 -0.273911 -0.0579048 -0.0148991 -0.00470896 -0.0377109 -0.22147 -0.0189608 -0.175821
-0.0201945 -0.118649 -0.328743 -0.757878 -0.0151007 -1.04771 -0.00634547 -0.0648443 -1.17797 -0.134479
-1.17673 -0.0443869 -1.08685 -0.10733 -0.975758 -0.0108656 -0.0974901 -0.874295 -0.00890166 -0.0259635
-0.759169 -0.0717611 -0.0678072 -0.64939 -0.00847786 -0.0510963 -0.536244 -0.0123293 -0.0451717 -0.0320485
-0.432237 -0.00738079 -0.353312 -0.0308329 -0.0785346 -0.0577965 -0.294427 -0.0166066 -0.0383253 -0.00759937
-0.243597 -0.0243674 -0.198197 -0.0215686 -0.450187 -0.0644581 -0.0193159 -0.00884151 -0.163629 -0.37185
-0.790019 -1.07402 -0.353826 -1.18547 -0.0447065 -0.155937 -1.16998 -1.07829 -0.964228 -0.0144776
-0.116237 -0.867928 -0.0270166 -0.0110465 -0.756981 -0.0711049 -0.190012 -0.0914476 -0.0824 -0.0511312
-0.647406 -0.0117048 -0.354109 -0.532753 -0.0141499 -0.0327937 -0.055076 -0.433189 -0.0102891 -0.360172
-0.0766739 -0.132521 -0.0575641 -0.036691 -0.0181071 -0.308412 0.521666 -0.0387769 -0.0102008 -0.0277389
-0.261587 -0.216511 -0.0227533 -0.0639844 -0.0111291 -0.0221262 -0.102169 -0.191559 -0.396793 -0.795477
-0.0448799 -1.06853 -1.14889 -0.175629 -1.11298 -1.02805 -0.912453 -0.0173615 -0.0278982 -0.133667
-0.0130202 -0.826797 -0.0704253 -0.729529 -0.0510417 -0.0941869 -0.618571 -0.0146921 -0.501366 -0.0158191
-0.033382 -0.0601173 -0.413229 -0.0131844 -0.0767338 -0.292417 -0.292362 -0.292409 -0.0572263 -0.35221
-0.035578 -0.0194798 -0.316093 -0.0390804 -0.0128803 -0.0273756 -0.279448 -0.0634143 -0.0238254 -0.235203
-0.0135371 -0.0232048 -0.0449122 -0.224306 -0.453762 -0.769046 -1.09142 -1.05265 -0.193943 -0.972458
-0.958593 -0.0200598 -0.0286666 -0.792465 -0.0151198 -0.150008 -0.0696468 -0.155048 -0.0887484 -0.75357
-0.0508197 -0.685762 -0.103496 -0.0181943 -0.551776 -0.0176145 -0.0338555 -0.400747 -0.0611934 -0.348415
-0.074891 -0.016775 -0.0567597 -0.302263 -0.0311987 -0.0209672 -0.0392757 -0.300598 -0.0162468 -0.0252866
-0.27617 -0.0626976 -0.0249899 -0.100528 -0.193764 -0.0165533 -0.0448437 -0.0247741 -0.208564 -0.208564
-0.0196191 -0.351313 -0.717478 -0.976839 -0.166361 -0.928409 -0.810046 -0.857895 -0.0294886 -0.0250499
-0.0686469 -0.0176931 -0.665201 -0.133514 -0.666641 -0.0504989 -0.597112 -0.0734938 -0.0241803 -0.484047
-0.019695 -0.0343433 -0.338982 -0.0275305 -0.0745168 -0.306292 -0.0222633 -0.0561982 -0.299363 -0.0225949
0.0337314 -0.0394714 -0.315914 -0.0210396 -0.0112832 -0.300494 -0.0619007 -0.0261871 -0.172861 -0.0447752
-0.18352 -0.02063 -0.0227193 -0.374453 -0.0152416 -0.500931 -0.0152417 -0.374452 -0.185103 -0.226474
-0.0302763 -0.0858255 -0.0676212 -0.0350578 -0.0211788 -0.146059 -0.0501779 -0.0359485 -0.0890903 -0.122857
-0.0347874 -0.0228437 0.406999 -0.0724443 -0.0192059 -0.055642 -0.0319271 -0.0255152 -0.0396475 0.021227
-0.0298545 -0.0611291 -0.095273 -0.0297322 -0.0287393 -0.0446933 -0.0277163 -0.0520665 0.261575 -0.237037
-0.490602 -0.0666935 -0.0323742 -0.425043 -0.0271766 -0.0558173 -0.0498555 -0.496177 -0.329853 -0.0546107
-0.0362852 -0.0272824 -0.0722988 -0.242343 -0.0550978 -0.0424197 -0.0406733 -0.0291782 -0.220168 -0.039909
-0.0604124 -0.265301 -0.0313064 -0.0453211 -0.143145 -0.0349433 -0.0829702 -0.0657626 -0.237178 -0.0342533
-0.0501153 -0.0335097 -0.3076 -0.111653 -0.0376179 -0.0704312 -0.0311761 -0.0549943 -0.0322437 -0.0418564
0.0225204 -0.0931734 -0.059999 -0.0326156 -0.0460613 -0.0834519 -0.479237 0.165894 0.165893 -0.479236
-0.0649464 0.422843 -0.205036 -0.0353263 -0.360367 -0.294684 -0.0505581 -0.385527 -0.0682456 -0.0379428
-0.25711 -0.0701859 -0.0550055 -0.167947 -0.162301 -0.0422584 -0.191032 -0.0510677 -0.0599175 -0.046069
-0.225532 -0.0802083 -0.0647891 -0.256645 -0.112867 -0.050347 -0.0433617 -0.252658 -0.252699 -0.0690565
-0.0902785 -0.0545234 -0.0374199 -0.0881833 0.0157475 -0.0592404 -0.0918975 -0.0641673 -0.0392403 -0.0686942
-0.090737 -0.0430674 -0.131495 -0.0608777 -0.0771635 -0.050106 -0.0535318 -0.0863455 -0.0409731 -0.0574259
-0.36267 -0.0419372 0.729709 0.07568 -0.194012 -0.549789 -0.065985 -0.146653 -0.361596 -0.0431172
-0.366413 0.303116 0.303116 -0.510399 -0.0742905 -0.104046 -0.0490032 -0.304884 -0.0822126 -0.0556254
-0.189387 -0.43442 -0.270769 0.427689 -0.0631325 -0.0978545 -0.12099 -0.0713434 -0.0407309 -0.0790382
-0.137569 -0.0349849 -0.510185 -1.08242 -0.218193 -0.926692 -0.288691 -0.369548 -0.0941244 -0.0409731
-0.243406 -0.109994 -0.0534223 -0.111108 0.0476503 0.00412469 0.377679 0.377679 -0.484434 -0.068244
-0.16548 -0.125522 -0.0223121 -0.80424 -1.36743 -1.04975 -0.234035 -0.233972 -0.291334 -0.0829304
-0.402604 -0.0291088 -0.220187 -0.0612398 -0.101427 -0.0435596 0.0957723 0.00755137 -0.187787 -0.0591056
-0.292374 -0.115829 -0.363288 -0.289864 -0.0219672 -0.0729475 -0.0205614 -0.291046 -0.0350953 -0.139097
-0.0524185 0.39776 0.39776 -0.428448 -0.205682 -0.20569 -1.00671 -1.33227 -0.06676 -1.0506
-0.145181 -0.160843 -0.00504014 -0.0928972 0.00230548 -0.0107174 -0.115413 -0.176874 -0.297335 -0.0465753
-1.31212 -0.362658 -1.60056 -0.227706 -1.15493 -0.000992744 -0.139813 0.0553474 -0.0730082 0.0786965
-0.153631 -0.0941166 0.0113862 -0.0245061 -0.0564745 -0.23848 -0.298766 -0.237771 -0.076061 -0.174117
-0.1741 0.940157 0.78388 0.448265 -0.10605 0.164729 -0.240177 -0.240182 -0.184832 -0.184789
0.0139817 -0.127775 -0.033644 0.896034 0.762988 -0.187717 0.401152 -0.0675059 0.131593 -0.138366
0.0383568 -0.0885112 -0.00412928 -0.141578 0.446837 0.363899 -0.0384368 -0.0987505 0.175596 0.0704368
0.0380296 -0.0569374 -0.102082 0.00521202 -0.0661394 -0.0203188 0.187152 0.140392 0.0542759 0.0268284
-0.0329728 0.020559 -0.0692684 0.00261133 -0.0398941 -0.00947397 0.0484596 0 0 0
-0.0155506 -0.042295 0 0 -0.0194248 0 -0.0207357 0 0 -0.00562612

