== Starting job 6956313 at Wed Mar 26 12:53:07 AM CET 2025
EESSI/2023.06 loaded successfully
/var/spool/slurmd/job6956313/slurm_script: line 22: cd: /home/users/mghavami/y2425-w04-software-installation-on-hpc-AminGhavami/eessi/motorBike-RUN-32/motorBike-RUN-32: No such file or directory
New entry numberOfSubdomains 32;

/*---------------------------------------------------------------------------*\
  =========                 |
  \\      /  F ield         | OpenFOAM: The Open Source CFD Toolbox
   \\    /   O peration     | Website:  https://openfoam.org
    \\  /    A nd           | Version:  11
     \\/     M anipulation  |
\*---------------------------------------------------------------------------*/
Build  : 11
Exec   : decomposePar -force
Date   : Mar 26 2025
Time   : 00:53:15
Host   : "aion-0040"
PID    : 2393181
I/O    : uncollated
Case   : /mnt/aiongpfs/users/mghavami/y2425-w04-software-installation-on-hpc-AminGhavami/eessi/motorBike-RUN-32
nProcs : 1
sigFpe : Enabling floating point exception trapping (FOAM_SIGFPE).
fileModificationChecking : Monitoring run-time modified files using timeStampMaster (fileModificationSkew 10)
allowSystemOperations : Allowing user-supplied system call operations

// * * * * * * * * * * * * * * * * * * * * * * * * * * * * * * * * * * * * * //
Create time

Removing 0 existing processor directories


Decomposing mesh region0

Create mesh

Calculating distribution of cells
Selecting decomposer hierarchical

Finished decomposition in 0.162873 s

Calculating original mesh data

Distributing cells to processors

Distributing faces to processors

Distributing points to processors

Constructing processor meshes

Processor 0
    Number of cells = 10126
    Number of faces shared with processor 1 = 910
    Number of faces shared with processor 2 = 18
    Number of faces shared with processor 8 = 1504
    Number of faces shared with processor 9 = 1
    Number of faces shared with processor 24 = 55
    Number of processor patches = 5
    Number of processor faces = 2488
    Number of boundary faces = 603

Processor 1
    Number of cells = 10126
    Number of faces shared with processor 0 = 910
    Number of faces shared with processor 2 = 1094
    Number of faces shared with processor 8 = 21
    Number of faces shared with processor 9 = 1252
    Number of faces shared with processor 10 = 254
    Number of faces shared with processor 25 = 3
    Number of processor patches = 6
    Number of processor faces = 3534
    Number of boundary faces = 2050

Processor 2
    Number of cells = 10126
    Number of faces shared with processor 0 = 18
    Number of faces shared with processor 1 = 1094
    Number of faces shared with processor 3 = 1076
    Number of faces shared with processor 4 = 49
    Number of faces shared with processor 10 = 1139
    Number of faces shared with processor 11 = 1
    Number of faces shared with processor 26 = 6
    Number of processor patches = 7
    Number of processor faces = 3383
    Number of boundary faces = 2378

Processor 3
    Number of cells = 10126
    Number of faces shared with processor 2 = 1076
    Number of faces shared with processor 4 = 984
    Number of faces shared with processor 10 = 36
    Number of faces shared with processor 11 = 1363
    Number of processor patches = 4
    Number of processor faces = 3459
    Number of boundary faces = 1313

Processor 4
    Number of cells = 10126
    Number of faces shared with processor 2 = 49
    Number of faces shared with processor 3 = 984
    Number of faces shared with processor 5 = 620
    Number of faces shared with processor 11 = 199
    Number of faces shared with processor 12 = 1738
    Number of faces shared with processor 13 = 380
    Number of faces shared with processor 28 = 6
    Number of processor patches = 7
    Number of processor faces = 3976
    Number of boundary faces = 1295

Processor 5
    Number of cells = 10126
    Number of faces shared with processor 4 = 620
    Number of faces shared with processor 6 = 466
    Number of faces shared with processor 13 = 1316
    Number of faces shared with processor 14 = 92
    Number of faces shared with processor 29 = 3
    Number of processor patches = 5
    Number of processor faces = 2497
    Number of boundary faces = 288

Processor 6
    Number of cells = 10126
    Number of faces shared with processor 5 = 466
    Number of faces shared with processor 7 = 447
    Number of faces shared with processor 13 = 1
    Number of faces shared with processor 14 = 1691
    Number of faces shared with processor 15 = 1
    Number of faces shared with processor 30 = 9
    Number of processor patches = 6
    Number of processor faces = 2615
    Number of boundary faces = 315

Processor 7
    Number of cells = 10128
    Number of faces shared with processor 6 = 447
    Number of faces shared with processor 14 = 10
    Number of faces shared with processor 15 = 1807
    Number of faces shared with processor 31 = 53
    Number of processor patches = 4
    Number of processor faces = 2317
    Number of boundary faces = 463

Processor 8
    Number of cells = 10126
    Number of faces shared with processor 0 = 1504
    Number of faces shared with processor 1 = 21
    Number of faces shared with processor 9 = 616
    Number of faces shared with processor 16 = 1582
    Number of faces shared with processor 17 = 12
    Number of processor patches = 5
    Number of processor faces = 3735
    Number of boundary faces = 2200

Processor 9
    Number of cells = 10126
    Number of faces shared with processor 0 = 1
    Number of faces shared with processor 1 = 1252
    Number of faces shared with processor 8 = 616
    Number of faces shared with processor 10 = 723
    Number of faces shared with processor 16 = 2
    Number of faces shared with processor 17 = 1187
    Number of faces shared with processor 18 = 2
    Number of processor patches = 7
    Number of processor faces = 3783
    Number of boundary faces = 2473

Processor 10
    Number of cells = 10126
    Number of faces shared with processor 1 = 254
    Number of faces shared with processor 2 = 1139
    Number of faces shared with processor 3 = 36
    Number of faces shared with processor 9 = 723
    Number of faces shared with processor 11 = 368
    Number of faces shared with processor 17 = 7
    Number of faces shared with processor 18 = 973
    Number of faces shared with processor 19 = 4
    Number of processor patches = 8
    Number of processor faces = 3504
    Number of boundary faces = 3951

Processor 11
    Number of cells = 10126
    Number of faces shared with processor 2 = 1
    Number of faces shared with processor 3 = 1363
    Number of faces shared with processor 4 = 199
    Number of faces shared with processor 10 = 368
    Number of faces shared with processor 12 = 364
    Number of faces shared with processor 18 = 4
    Number of faces shared with processor 19 = 1034
    Number of processor patches = 7
    Number of processor faces = 3333
    Number of boundary faces = 3865

Processor 12
    Number of cells = 10126
    Number of faces shared with processor 4 = 1738
    Number of faces shared with processor 11 = 364
    Number of faces shared with processor 13 = 549
    Number of faces shared with processor 19 = 38
    Number of faces shared with processor 20 = 1177
    Number of faces shared with processor 21 = 3
    Number of processor patches = 6
    Number of processor faces = 3869
    Number of boundary faces = 3425

Processor 13
    Number of cells = 10126
    Number of faces shared with processor 4 = 380
    Number of faces shared with processor 5 = 1316
    Number of faces shared with processor 6 = 1
    Number of faces shared with processor 12 = 549
    Number of faces shared with processor 14 = 184
    Number of faces shared with processor 20 = 43
    Number of faces shared with processor 21 = 1667
    Number of faces shared with processor 22 = 1
    Number of processor patches = 8
    Number of processor faces = 4141
    Number of boundary faces = 1096

Processor 14
    Number of cells = 10126
    Number of faces shared with processor 5 = 92
    Number of faces shared with processor 6 = 1691
    Number of faces shared with processor 7 = 10
    Number of faces shared with processor 13 = 184
    Number of faces shared with processor 15 = 294
    Number of faces shared with processor 21 = 3
    Number of faces shared with processor 22 = 1653
    Number of processor patches = 7
    Number of processor faces = 3927
    Number of boundary faces = 273

Processor 15
    Number of cells = 10128
    Number of faces shared with processor 6 = 1
    Number of faces shared with processor 7 = 1807
    Number of faces shared with processor 14 = 294
    Number of faces shared with processor 22 = 1
    Number of faces shared with processor 23 = 1681
    Number of processor patches = 5
    Number of processor faces = 3784
    Number of boundary faces = 250

Processor 16
    Number of cells = 10126
    Number of faces shared with processor 8 = 1582
    Number of faces shared with processor 9 = 2
    Number of faces shared with processor 17 = 607
    Number of faces shared with processor 24 = 1547
    Number of faces shared with processor 25 = 54
    Number of processor patches = 5
    Number of processor faces = 3792
    Number of boundary faces = 2209

Processor 17
    Number of cells = 10126
    Number of faces shared with processor 8 = 12
    Number of faces shared with processor 9 = 1187
    Number of faces shared with processor 10 = 7
    Number of faces shared with processor 16 = 607
    Number of faces shared with processor 18 = 777
    Number of faces shared with processor 24 = 6
    Number of faces shared with processor 25 = 1483
    Number of processor patches = 7
    Number of processor faces = 4079
    Number of boundary faces = 2619

Processor 18
    Number of cells = 10126
    Number of faces shared with processor 9 = 2
    Number of faces shared with processor 10 = 973
    Number of faces shared with processor 11 = 4
    Number of faces shared with processor 17 = 777
    Number of faces shared with processor 19 = 341
    Number of faces shared with processor 25 = 284
    Number of faces shared with processor 26 = 1137
    Number of faces shared with processor 27 = 55
    Number of processor patches = 8
    Number of processor faces = 3573
    Number of boundary faces = 4198

Processor 19
    Number of cells = 10126
    Number of faces shared with processor 10 = 4
    Number of faces shared with processor 11 = 1034
    Number of faces shared with processor 12 = 38
    Number of faces shared with processor 18 = 341
    Number of faces shared with processor 20 = 425
    Number of faces shared with processor 26 = 1
    Number of faces shared with processor 27 = 1004
    Number of faces shared with processor 28 = 112
    Number of processor patches = 8
    Number of processor faces = 2959
    Number of boundary faces = 4102

Processor 20
    Number of cells = 10126
    Number of faces shared with processor 12 = 1177
    Number of faces shared with processor 13 = 43
    Number of faces shared with processor 19 = 425
    Number of faces shared with processor 21 = 536
    Number of faces shared with processor 28 = 1757
    Number of processor patches = 5
    Number of processor faces = 3938
    Number of boundary faces = 3191

Processor 21
    Number of cells = 10126
    Number of faces shared with processor 12 = 3
    Number of faces shared with processor 13 = 1667
    Number of faces shared with processor 14 = 3
    Number of faces shared with processor 20 = 536
    Number of faces shared with processor 22 = 191
    Number of faces shared with processor 28 = 343
    Number of faces shared with processor 29 = 1503
    Number of faces shared with processor 30 = 1
    Number of processor patches = 8
    Number of processor faces = 4247
    Number of boundary faces = 902

Processor 22
    Number of cells = 10126
    Number of faces shared with processor 13 = 1
    Number of faces shared with processor 14 = 1653
    Number of faces shared with processor 15 = 1
    Number of faces shared with processor 21 = 191
    Number of faces shared with processor 23 = 285
    Number of faces shared with processor 29 = 93
    Number of faces shared with processor 30 = 1742
    Number of processor patches = 7
    Number of processor faces = 3966
    Number of boundary faces = 234

Processor 23
    Number of cells = 10128
    Number of faces shared with processor 15 = 1681
    Number of faces shared with processor 22 = 285
    Number of faces shared with processor 30 = 26
    Number of faces shared with processor 31 = 1806
    Number of processor patches = 4
    Number of processor faces = 3798
    Number of boundary faces = 246

Processor 24
    Number of cells = 10129
    Number of faces shared with processor 0 = 55
    Number of faces shared with processor 16 = 1547
    Number of faces shared with processor 17 = 6
    Number of faces shared with processor 25 = 874
    Number of faces shared with processor 26 = 18
    Number of processor patches = 5
    Number of processor faces = 2500
    Number of boundary faces = 589

Processor 25
    Number of cells = 10129
    Number of faces shared with processor 1 = 3
    Number of faces shared with processor 16 = 54
    Number of faces shared with processor 17 = 1483
    Number of faces shared with processor 18 = 284
    Number of faces shared with processor 24 = 874
    Number of faces shared with processor 26 = 1090
    Number of processor patches = 6
    Number of processor faces = 3788
    Number of boundary faces = 2013

Processor 26
    Number of cells = 10129
    Number of faces shared with processor 2 = 6
    Number of faces shared with processor 18 = 1137
    Number of faces shared with processor 19 = 1
    Number of faces shared with processor 24 = 18
    Number of faces shared with processor 25 = 1090
    Number of faces shared with processor 27 = 982
    Number of faces shared with processor 28 = 49
    Number of processor patches = 7
    Number of processor faces = 3283
    Number of boundary faces = 2323

Processor 27
    Number of cells = 10129
    Number of faces shared with processor 18 = 55
    Number of faces shared with processor 19 = 1004
    Number of faces shared with processor 26 = 982
    Number of faces shared with processor 28 = 1069
    Number of processor patches = 4
    Number of processor faces = 3110
    Number of boundary faces = 1332

Processor 28
    Number of cells = 10129
    Number of faces shared with processor 4 = 6
    Number of faces shared with processor 19 = 112
    Number of faces shared with processor 20 = 1757
    Number of faces shared with processor 21 = 343
    Number of faces shared with processor 26 = 49
    Number of faces shared with processor 27 = 1069
    Number of faces shared with processor 29 = 696
    Number of processor patches = 7
    Number of processor faces = 4032
    Number of boundary faces = 1196

Processor 29
    Number of cells = 10129
    Number of faces shared with processor 5 = 3
    Number of faces shared with processor 21 = 1503
    Number of faces shared with processor 22 = 93
    Number of faces shared with processor 28 = 696
    Number of faces shared with processor 30 = 462
    Number of processor patches = 5
    Number of processor faces = 2757
    Number of boundary faces = 365

Processor 30
    Number of cells = 10129
    Number of faces shared with processor 6 = 9
    Number of faces shared with processor 21 = 1
    Number of faces shared with processor 22 = 1742
    Number of faces shared with processor 23 = 26
    Number of faces shared with processor 29 = 462
    Number of faces shared with processor 31 = 418
    Number of processor patches = 6
    Number of processor faces = 2658
    Number of boundary faces = 354

Processor 31
    Number of cells = 10129
    Number of faces shared with processor 7 = 53
    Number of faces shared with processor 23 = 1806
    Number of faces shared with processor 30 = 418
    Number of processor patches = 3
    Number of processor faces = 2277
    Number of boundary faces = 499

Number of processor faces = 54551
Max number of cells = 10129 (0.0203665% above average 10126.9)
Max number of processor patches = 8 (33.3333% above average 6)
Max number of faces between processors = 4247 (24.566% above average 3409.44)

Time = 0s

Processor 0: field transfer
Processor 1: field transfer
Processor 2: field transfer
Processor 3: field transfer
Processor 4: field transfer
Processor 5: field transfer
Processor 6: field transfer
Processor 7: field transfer
Processor 8: field transfer
Processor 9: field transfer
Processor 10: field transfer
Processor 11: field transfer
Processor 12: field transfer
Processor 13: field transfer
Processor 14: field transfer
Processor 15: field transfer
Processor 16: field transfer
Processor 17: field transfer
Processor 18: field transfer
Processor 19: field transfer
Processor 20: field transfer
Processor 21: field transfer
Processor 22: field transfer
Processor 23: field transfer
Processor 24: field transfer
Processor 25: field transfer
Processor 26: field transfer
Processor 27: field transfer
Processor 28: field transfer
Processor 29: field transfer
Processor 30: field transfer
Processor 31: field transfer

End

aion-0040:rank20.foamRun: Failed to modify UD QP to INIT on mlx5_0: Operation not permitted
aion-0040:rank13.foamRun: Failed to modify UD QP to INIT on mlx5_0: Operation not permitted
aion-0040:rank31.foamRun: Failed to modify UD QP to INIT on mlx5_0: Operation not permitted
aion-0040:rank1.foamRun: Failed to modify UD QP to INIT on mlx5_0: Operation not permitted
aion-0040:rank27.foamRun: Failed to modify UD QP to INIT on mlx5_0: Operation not permitted
aion-0040:rank15.foamRun: Failed to modify UD QP to INIT on mlx5_0: Operation not permitted
aion-0040:rank20.foamRun: Failed to modify UD QP to INIT on mlx5_0: Operation not permitted
aion-0040:rank13.foamRun: Failed to modify UD QP to INIT on mlx5_0: Operation not permitted
aion-0040:rank31.foamRun: Failed to modify UD QP to INIT on mlx5_0: Operation not permitted
aion-0040:rank1.foamRun: Failed to modify UD QP to INIT on mlx5_0: Operation not permitted
aion-0040:rank2.foamRun: Failed to modify UD QP to INIT on mlx5_0: Operation not permitted
aion-0040:rank27.foamRun: Failed to modify UD QP to INIT on mlx5_0: Operation not permitted
aion-0040:rank18.foamRun: Failed to modify UD QP to INIT on mlx5_0: Operation not permitted
aion-0040:rank20.foamRun: Failed to modify UD QP to INIT on mlx5_0: Operation not permitted
aion-0040:rank31.foamRun: Failed to modify UD QP to INIT on mlx5_0: Operation not permitted
aion-0040:rank1.foamRun: Failed to modify UD QP to INIT on mlx5_0: Operation not permitted
aion-0040:rank30.foamRun: Failed to modify UD QP to INIT on mlx5_0: Operation not permitted
aion-0040:rank25.foamRun: Failed to modify UD QP to INIT on mlx5_0: Operation not permitted
aion-0040:rank16.foamRun: Failed to modify UD QP to INIT on mlx5_0: Operation not permitted
aion-0040:rank26.foamRun: Failed to modify UD QP to INIT on mlx5_0: Operation not permitted
aion-0040:rank13.foamRun: Failed to modify UD QP to INIT on mlx5_0: Operation not permitted
aion-0040:rank15.foamRun: Failed to modify UD QP to INIT on mlx5_0: Operation not permitted
aion-0040:rank27.foamRun: Failed to modify UD QP to INIT on mlx5_0: Operation not permitted
aion-0040:rank22.foamRun: Failed to modify UD QP to INIT on mlx5_0: Operation not permitted
aion-0040:rank12.foamRun: Failed to modify UD QP to INIT on mlx5_0: Operation not permitted
aion-0040:rank7.foamRun: Failed to modify UD QP to INIT on mlx5_0: Operation not permitted
aion-0040:rank2.foamRun: Failed to modify UD QP to INIT on mlx5_0: Operation not permitted
aion-0040:rank19.foamRun: Failed to modify UD QP to INIT on mlx5_0: Operation not permitted
aion-0040:rank4.foamRun: Failed to modify UD QP to INIT on mlx5_0: Operation not permitted
aion-0040:rank10.foamRun: Failed to modify UD QP to INIT on mlx5_0: Operation not permitted
aion-0040:rank15.foamRun: Failed to modify UD QP to INIT on mlx5_0: Operation not permitted
aion-0040:rank25.foamRun: Failed to modify UD QP to INIT on mlx5_0: Operation not permitted
aion-0040:rank17.foamRun: Failed to modify UD QP to INIT on mlx5_0: Operation not permitted
aion-0040:rank21.foamRun: Failed to modify UD QP to INIT on mlx5_0: Operation not permitted
aion-0040:rank8.foamRun: Failed to modify UD QP to INIT on mlx5_0: Operation not permitted
aion-0040:rank2.foamRun: Failed to modify UD QP to INIT on mlx5_0: Operation not permitted
aion-0040:rank18.foamRun: Failed to modify UD QP to INIT on mlx5_0: Operation not permitted
aion-0040:rank19.foamRun: Failed to modify UD QP to INIT on mlx5_0: Operation not permitted
aion-0040:rank7.foamRun: Failed to modify UD QP to INIT on mlx5_0: Operation not permitted
aion-0040:rank30.foamRun: Failed to modify UD QP to INIT on mlx5_0: Operation not permitted
aion-0040:rank22.foamRun: Failed to modify UD QP to INIT on mlx5_0: Operation not permitted
aion-0040:rank26.foamRun: Failed to modify UD QP to INIT on mlx5_0: Operation not permitted
aion-0040:rank16.foamRun: Failed to modify UD QP to INIT on mlx5_0: Operation not permitted
aion-0040:rank4.foamRun: Failed to modify UD QP to INIT on mlx5_0: Operation not permitted
aion-0040:rank10.foamRun: Failed to modify UD QP to INIT on mlx5_0: Operation not permitted
aion-0040:rank21.foamRun: Failed to modify UD QP to INIT on mlx5_0: Operation not permitted
aion-0040:rank12.foamRun: Failed to modify UD QP to INIT on mlx5_0: Operation not permitted
aion-0040:rank25.foamRun: Failed to modify UD QP to INIT on mlx5_0: Operation not permitted
aion-0040:rank23.foamRun: Failed to modify UD QP to INIT on mlx5_0: Operation not permitted
aion-0040:rank7.foamRun: Failed to modify UD QP to INIT on mlx5_0: Operation not permitted
aion-0040:rank8.foamRun: Failed to modify UD QP to INIT on mlx5_0: Operation not permitted
aion-0040:rank22.foamRun: Failed to modify UD QP to INIT on mlx5_0: Operation not permitted
aion-0040:rank16.foamRun: Failed to modify UD QP to INIT on mlx5_0: Operation not permitted
aion-0040:rank26.foamRun: Failed to modify UD QP to INIT on mlx5_0: Operation not permitted
aion-0040:rank11.foamRun: Failed to modify UD QP to INIT on mlx5_0: Operation not permitted
aion-0040:rank21.foamRun: Failed to modify UD QP to INIT on mlx5_0: Operation not permitted
aion-0040:rank10.foamRun: Failed to modify UD QP to INIT on mlx5_0: Operation not permitted
aion-0040:rank4.foamRun: Failed to modify UD QP to INIT on mlx5_0: Operation not permitted
aion-0040:rank12.foamRun: Failed to modify UD QP to INIT on mlx5_0: Operation not permitted
aion-0040:rank19.foamRun: Failed to modify UD QP to INIT on mlx5_0: Operation not permitted
aion-0040:rank18.foamRun: Failed to modify UD QP to INIT on mlx5_0: Operation not permitted
aion-0040:rank3.foamRun: Failed to modify UD QP to INIT on mlx5_0: Operation not permitted
aion-0040:rank17.foamRun: Failed to modify UD QP to INIT on mlx5_0: Operation not permitted
aion-0040:rank30.foamRun: Failed to modify UD QP to INIT on mlx5_0: Operation not permitted
aion-0040:rank8.foamRun: Failed to modify UD QP to INIT on mlx5_0: Operation not permitted
aion-0040:rank28.foamRun: Failed to modify UD QP to INIT on mlx5_0: Operation not permitted
aion-0040:rank14.foamRun: Failed to modify UD QP to INIT on mlx5_0: Operation not permitted
aion-0040:rank23.foamRun: Failed to modify UD QP to INIT on mlx5_0: Operation not permitted
aion-0040:rank11.foamRun: Failed to modify UD QP to INIT on mlx5_0: Operation not permitted
aion-0040:rank24.foamRun: Failed to modify UD QP to INIT on mlx5_0: Operation not permitted
aion-0040:rank29.foamRun: Failed to modify UD QP to INIT on mlx5_0: Operation not permitted
aion-0040:rank17.foamRun: Failed to modify UD QP to INIT on mlx5_0: Operation not permitted
aion-0040:rank3.foamRun: Failed to modify UD QP to INIT on mlx5_0: Operation not permitted
aion-0040:rank6.foamRun: Failed to modify UD QP to INIT on mlx5_0: Operation not permitted
aion-0040:rank11.foamRun: Failed to modify UD QP to INIT on mlx5_0: Operation not permitted
aion-0040:rank23.foamRun: Failed to modify UD QP to INIT on mlx5_0: Operation not permitted
aion-0040:rank28.foamRun: Failed to modify UD QP to INIT on mlx5_0: Operation not permitted
aion-0040:rank14.foamRun: Failed to modify UD QP to INIT on mlx5_0: Operation not permitted
aion-0040:rank5.foamRun: Failed to modify UD QP to INIT on mlx5_0: Operation not permitted
aion-0040:rank0.foamRun: Failed to modify UD QP to INIT on mlx5_0: Operation not permitted
aion-0040:rank24.foamRun: Failed to modify UD QP to INIT on mlx5_0: Operation not permitted
aion-0040:rank29.foamRun: Failed to modify UD QP to INIT on mlx5_0: Operation not permitted
aion-0040:rank3.foamRun: Failed to modify UD QP to INIT on mlx5_0: Operation not permitted
aion-0040:rank9.foamRun: Failed to modify UD QP to INIT on mlx5_0: Operation not permitted
aion-0040:rank28.foamRun: Failed to modify UD QP to INIT on mlx5_0: Operation not permitted
aion-0040:rank14.foamRun: Failed to modify UD QP to INIT on mlx5_0: Operation not permitted
aion-0040:rank6.foamRun: Failed to modify UD QP to INIT on mlx5_0: Operation not permitted
aion-0040:rank29.foamRun: Failed to modify UD QP to INIT on mlx5_0: Operation not permitted
aion-0040:rank24.foamRun: Failed to modify UD QP to INIT on mlx5_0: Operation not permitted
aion-0040:rank5.foamRun: Failed to modify UD QP to INIT on mlx5_0: Operation not permitted
aion-0040:rank0.foamRun: Failed to modify UD QP to INIT on mlx5_0: Operation not permitted
aion-0040:rank9.foamRun: Failed to modify UD QP to INIT on mlx5_0: Operation not permitted
aion-0040:rank6.foamRun: Failed to modify UD QP to INIT on mlx5_0: Operation not permitted
aion-0040:rank5.foamRun: Failed to modify UD QP to INIT on mlx5_0: Operation not permitted
aion-0040:rank0.foamRun: Failed to modify UD QP to INIT on mlx5_0: Operation not permitted
aion-0040:rank9.foamRun: Failed to modify UD QP to INIT on mlx5_0: Operation not permitted
aion-0040:rank31.foamRun: Failed to modify UD QP to INIT on mlx5_0: Operation not permitted
aion-0040:rank14.foamRun: Failed to modify UD QP to INIT on mlx5_0: Operation not permitted
aion-0040:rank3.foamRun: Failed to modify UD QP to INIT on mlx5_0: Operation not permitted
aion-0040:rank4.foamRun: Failed to modify UD QP to INIT on mlx5_0: Operation not permitted
aion-0040:rank21.foamRun: Failed to modify UD QP to INIT on mlx5_0: Operation not permitted
aion-0040:rank13.foamRun: Failed to modify UD QP to INIT on mlx5_0: Operation not permitted
aion-0040:rank8.foamRun: Failed to modify UD QP to INIT on mlx5_0: Operation not permitted
aion-0040:rank7.foamRun: Failed to modify UD QP to INIT on mlx5_0: Operation not permitted
aion-0040:rank2.foamRun: Failed to modify UD QP to INIT on mlx5_0: Operation not permitted
aion-0040:rank24.foamRun: Failed to modify UD QP to INIT on mlx5_0: Operation not permitted
aion-0040:rank6.foamRun: Failed to modify UD QP to INIT on mlx5_0: Operation not permitted
aion-0040:rank1.foamRun: Failed to modify UD QP to INIT on mlx5_0: Operation not permitted
aion-0040:rank19.foamRun: Failed to modify UD QP to INIT on mlx5_0: Operation not permitted
aion-0040:rank26.foamRun: Failed to modify UD QP to INIT on mlx5_0: Operation not permitted
aion-0040:rank17.foamRun: Failed to modify UD QP to INIT on mlx5_0: Operation not permitted
aion-0040:rank0.foamRun: Failed to modify UD QP to INIT on mlx5_0: Operation not permitted
aion-0040:rank12.foamRun: Failed to modify UD QP to INIT on mlx5_0: Operation not permitted
aion-0040:rank10.foamRun: Failed to modify UD QP to INIT on mlx5_0: Operation not permitted
aion-0040:rank27.foamRun: Failed to modify UD QP to INIT on mlx5_0: Operation not permitted
aion-0040:rank23.foamRun: Failed to modify UD QP to INIT on mlx5_0: Operation not permitted
aion-0040:rank15.foamRun: Failed to modify UD QP to INIT on mlx5_0: Operation not permitted
aion-0040:rank5.foamRun: Failed to modify UD QP to INIT on mlx5_0: Operation not permitted
aion-0040:rank28.foamRun: Failed to modify UD QP to INIT on mlx5_0: Operation not permitted
aion-0040:rank29.foamRun: Failed to modify UD QP to INIT on mlx5_0: Operation not permitted
aion-0040:rank22.foamRun: Failed to modify UD QP to INIT on mlx5_0: Operation not permitted
aion-0040:rank11.foamRun: Failed to modify UD QP to INIT on mlx5_0: Operation not permitted
aion-0040:rank18.foamRun: Failed to modify UD QP to INIT on mlx5_0: Operation not permitted
aion-0040:rank16.foamRun: Failed to modify UD QP to INIT on mlx5_0: Operation not permitted
aion-0040:rank25.foamRun: Failed to modify UD QP to INIT on mlx5_0: Operation not permitted
aion-0040:rank20.foamRun: Failed to modify UD QP to INIT on mlx5_0: Operation not permitted
aion-0040:rank30.foamRun: Failed to modify UD QP to INIT on mlx5_0: Operation not permitted
aion-0040:rank9.foamRun: Failed to modify UD QP to INIT on mlx5_0: Operation not permitted
/*---------------------------------------------------------------------------*\
  =========                 |
  \\      /  F ield         | OpenFOAM: The Open Source CFD Toolbox
   \\    /   O peration     | Website:  https://openfoam.org
    \\  /    A nd           | Version:  11
     \\/     M anipulation  |
\*---------------------------------------------------------------------------*/
Build  : 11
Exec   : foamRun -solver incompressibleFluid -parallel
Date   : Mar 26 2025
Time   : 00:53:19
Host   : "aion-0040"
PID    : 2393195
I/O    : uncollated
Case   : /mnt/aiongpfs/users/mghavami/y2425-w04-software-installation-on-hpc-AminGhavami/eessi/motorBike-RUN-32
nProcs : 32
Slaves : 
31
(
"aion-0040.2393197"
"aion-0040.2393194"
"aion-0040.2393196"
"aion-0040.2393198"
"aion-0040.2393201"
"aion-0040.2393199"
"aion-0040.2393200"
"aion-0040.2393202"
"aion-0040.2393205"
"aion-0040.2393203"
"aion-0040.2393204"
"aion-0040.2393206"
"aion-0040.2393209"
"aion-0040.2393207"
"aion-0040.2393208"
"aion-0040.2393211"
"aion-0040.2393216"
"aion-0040.2393213"
"aion-0040.2393214"
"aion-0040.2393215"
"aion-0040.2393221"
"aion-0040.2393218"
"aion-0040.2393219"
"aion-0040.2393220"
"aion-0040.2393225"
"aion-0040.2393222"
"aion-0040.2393223"
"aion-0040.2393224"
"aion-0040.2393232"
"aion-0040.2393227"
"aion-0040.2393228"
)

Pstream initialised with:
    floatTransfer      : false
    nProcsSimpleSum    : 0
    commsType          : nonBlocking
    polling iterations : 0
sigFpe : Enabling floating point exception trapping (FOAM_SIGFPE).
fileModificationChecking : Monitoring run-time modified files using timeStampMaster (fileModificationSkew 10)
allowSystemOperations : Allowing user-supplied system call operations

// * * * * * * * * * * * * * * * * * * * * * * * * * * * * * * * * * * * * * //
Create time

Create mesh for time = 0

Selecting solver incompressibleFluid
Selecting viscosity model constant
Selecting turbulence model type RAS
Selecting RAS turbulence model SpalartAllmaras
Selecting patchDistMethod meshWave
RAS
{
    model           SpalartAllmaras;
    turbulence      on;
    printCoeffs     on;
    sigmaNut        0.66666;
    kappa           0.41;
    Cb1             0.1355;
    Cb2             0.622;
    Cw2             0.3;
    Cw3             2;
    Cv1             7.1;
    Cs              0.3;
}

No MRF models present


SIMPLE: No convergence criteria found


SIMPLE: Operating solver in steady-state mode with 1 outer corrector
SIMPLE: Operating solver in SIMPLE mode



Starting time loop

Reading surface description:
    yNormal

streamlines streamlines:
    automatic track length specified through number of sub cycles : 5

forces forces:
    Not including porosity effects
forceCoeffs forces:
    Not including porosity effects
streamlines streamlines write:
    Seeded 20 particles
    Sampled 2714 locations
forceCoeffs forces write:
    Cm    = 0.00509331
    Cd    = 0.0120621
    Cl    = -0.000129217
    Cl(f) = 0.0050287
    Cl(r) = -0.00515792

Time = 1s

smoothSolver:  Solving for Ux, Initial residual = 0.305019, Final residual = 0.0242141, No Iterations 4
smoothSolver:  Solving for Uy, Initial residual = 0.359082, Final residual = 0.028072, No Iterations 4
smoothSolver:  Solving for Uz, Initial residual = 0.344501, Final residual = 0.0259886, No Iterations 4
GAMG:  Solving for p, Initial residual = 1, Final residual = 0.0377858, No Iterations 2
time step continuity errors : sum local = 0.166089, global = 0.0050249, cumulative = 0.0050249
smoothSolver:  Solving for nuTilda, Initial residual = 1, Final residual = 0.0388427, No Iterations 2
ExecutionTime = 0.476277 s  ClockTime = 1 s

forceCoeffs forces write:
    Cm    = 12.75
    Cd    = 31.6352
    Cl    = -0.562176
    Cl(f) = 12.4689
    Cl(r) = -13.031

Time = 2s

smoothSolver:  Solving for Ux, Initial residual = 0.322901, Final residual = 0.0203535, No Iterations 2
smoothSolver:  Solving for Uy, Initial residual = 0.367281, Final residual = 0.0209602, No Iterations 2
smoothSolver:  Solving for Uz, Initial residual = 0.369568, Final residual = 0.0218501, No Iterations 2
GAMG:  Solving for p, Initial residual = 0.862216, Final residual = 0.057448, No Iterations 2
time step continuity errors : sum local = 0.213547, global = 0.00604139, cumulative = 0.0110663
smoothSolver:  Solving for nuTilda, Initial residual = 0.122945, Final residual = 0.00771659, No Iterations 2
ExecutionTime = 0.531201 s  ClockTime = 1 s

forceCoeffs forces write:
    Cm    = 13.645
    Cd    = 33.8894
    Cl    = -0.916236
    Cl(f) = 13.1869
    Cl(r) = -14.1031

Time = 3s

smoothSolver:  Solving for Ux, Initial residual = 0.242142, Final residual = 0.0171922, No Iterations 2
smoothSolver:  Solving for Uy, Initial residual = 0.304734, Final residual = 0.0208665, No Iterations 2
smoothSolver:  Solving for Uz, Initial residual = 0.289715, Final residual = 0.0202285, No Iterations 2
GAMG:  Solving for p, Initial residual = 0.429637, Final residual = 0.0363142, No Iterations 2
time step continuity errors : sum local = 0.1551, global = 0.00318385, cumulative = 0.0142501
smoothSolver:  Solving for nuTilda, Initial residual = 0.0680436, Final residual = 0.00519784, No Iterations 2
ExecutionTime = 0.586703 s  ClockTime = 1 s

forceCoeffs forces write:
    Cm    = 6.46704
    Cd    = 24.943
    Cl    = 0.850121
    Cl(f) = 6.8921
    Cl(r) = -6.04198

Time = 4s

smoothSolver:  Solving for Ux, Initial residual = 0.167385, Final residual = 0.0134094, No Iterations 2
smoothSolver:  Solving for Uy, Initial residual = 0.237947, Final residual = 0.0186714, No Iterations 2
smoothSolver:  Solving for Uz, Initial residual = 0.232177, Final residual = 0.0193076, No Iterations 2
GAMG:  Solving for p, Initial residual = 0.356147, Final residual = 0.0242265, No Iterations 2
time step continuity errors : sum local = 0.128081, global = 0.000939942, cumulative = 0.0151901
smoothSolver:  Solving for nuTilda, Initial residual = 0.0532691, Final residual = 0.00436891, No Iterations 2
ExecutionTime = 0.641411 s  ClockTime = 1 s

forceCoeffs forces write:
    Cm    = -6.20792
    Cd    = 2.64545
    Cl    = 1.4713
    Cl(f) = -5.47227
    Cl(r) = 6.94358

Time = 5s

smoothSolver:  Solving for Ux, Initial residual = 0.128093, Final residual = 0.0114949, No Iterations 2
smoothSolver:  Solving for Uy, Initial residual = 0.190481, Final residual = 0.0169517, No Iterations 2
smoothSolver:  Solving for Uz, Initial residual = 0.186021, Final residual = 0.0168967, No Iterations 2
GAMG:  Solving for p, Initial residual = 0.335841, Final residual = 0.0242247, No Iterations 2
time step continuity errors : sum local = 0.161973, global = 3.68836e-06, cumulative = 0.0151938
smoothSolver:  Solving for nuTilda, Initial residual = 0.0477359, Final residual = 0.00402481, No Iterations 2
ExecutionTime = 0.696193 s  ClockTime = 1 s

forceCoeffs forces write:
    Cm    = -18.5552
    Cd    = -24.2156
    Cl    = 1.75246
    Cl(f) = -17.679
    Cl(r) = 19.4314

Time = 6s

smoothSolver:  Solving for Ux, Initial residual = 0.101373, Final residual = 0.00931782, No Iterations 2
smoothSolver:  Solving for Uy, Initial residual = 0.157515, Final residual = 0.0145074, No Iterations 2
smoothSolver:  Solving for Uz, Initial residual = 0.152076, Final residual = 0.0140549, No Iterations 2
GAMG:  Solving for p, Initial residual = 0.272853, Final residual = 0.0223563, No Iterations 2
time step continuity errors : sum local = 0.177463, global = 0.00090502, cumulative = 0.0160988
smoothSolver:  Solving for nuTilda, Initial residual = 0.045777, Final residual = 0.00387352, No Iterations 2
ExecutionTime = 0.750963 s  ClockTime = 1 s

forceCoeffs forces write:
    Cm    = -24.8422
    Cd    = -44.1158
    Cl    = -0.67564
    Cl(f) = -25.18
    Cl(r) = 24.5044

Time = 7s

smoothSolver:  Solving for Ux, Initial residual = 0.0867014, Final residual = 0.00776253, No Iterations 2
smoothSolver:  Solving for Uy, Initial residual = 0.143339, Final residual = 0.0130487, No Iterations 2
smoothSolver:  Solving for Uz, Initial residual = 0.139113, Final residual = 0.0127013, No Iterations 2
GAMG:  Solving for p, Initial residual = 0.216639, Final residual = 0.0181242, No Iterations 2
time step continuity errors : sum local = 0.156446, global = 0.00304272, cumulative = 0.0191415
smoothSolver:  Solving for nuTilda, Initial residual = 0.0453057, Final residual = 0.00385565, No Iterations 2
ExecutionTime = 0.805684 s  ClockTime = 1 s

forceCoeffs forces write:
    Cm    = -24.4538
    Cd    = -51.6223
    Cl    = -4.47705
    Cl(f) = -26.6923
    Cl(r) = 22.2153

Time = 8s

smoothSolver:  Solving for Ux, Initial residual = 0.0799084, Final residual = 0.0070929, No Iterations 2
smoothSolver:  Solving for Uy, Initial residual = 0.140414, Final residual = 0.0127021, No Iterations 2
smoothSolver:  Solving for Uz, Initial residual = 0.138087, Final residual = 0.0126794, No Iterations 2
GAMG:  Solving for p, Initial residual = 0.184742, Final residual = 0.0138624, No Iterations 2
time step continuity errors : sum local = 0.123518, global = 0.0035589, cumulative = 0.0227004
smoothSolver:  Solving for nuTilda, Initial residual = 0.0451134, Final residual = 0.00386888, No Iterations 2
ExecutionTime = 0.860359 s  ClockTime = 1 s

forceCoeffs forces write:
    Cm    = -18.7598
    Cd    = -46.6906
    Cl    = -9.44837
    Cl(f) = -23.484
    Cl(r) = 14.0356

Time = 9s

smoothSolver:  Solving for Ux, Initial residual = 0.0749727, Final residual = 0.00672419, No Iterations 2
smoothSolver:  Solving for Uy, Initial residual = 0.1335, Final residual = 0.0123115, No Iterations 2
smoothSolver:  Solving for Uz, Initial residual = 0.132953, Final residual = 0.0124471, No Iterations 2
GAMG:  Solving for p, Initial residual = 0.17485, Final residual = 0.0119515, No Iterations 2
time step continuity errors : sum local = 0.106508, global = 0.00387556, cumulative = 0.026576
smoothSolver:  Solving for nuTilda, Initial residual = 0.0447961, Final residual = 0.00389182, No Iterations 2
ExecutionTime = 0.914869 s  ClockTime = 2 s

forceCoeffs forces write:
    Cm    = -11.1287
    Cd    = -35.0433
    Cl    = -14.0008
    Cl(f) = -18.1291
    Cl(r) = 4.12833

Time = 10s

smoothSolver:  Solving for Ux, Initial residual = 0.0697852, Final residual = 0.00638886, No Iterations 2
smoothSolver:  Solving for Uy, Initial residual = 0.122042, Final residual = 0.011447, No Iterations 2
smoothSolver:  Solving for Uz, Initial residual = 0.121689, Final residual = 0.0115787, No Iterations 2
GAMG:  Solving for p, Initial residual = 0.169338, Final residual = 0.0121622, No Iterations 2
time step continuity errors : sum local = 0.104664, global = 0.00423602, cumulative = 0.030812
smoothSolver:  Solving for nuTilda, Initial residual = 0.044581, Final residual = 0.00391065, No Iterations 2
ExecutionTime = 0.968714 s  ClockTime = 2 s

forceCoeffs forces write:
    Cm    = -4.50994
    Cd    = -22.4969
    Cl    = -16.6114
    Cl(f) = -12.8157
    Cl(r) = -3.79578

Time = 11s

smoothSolver:  Solving for Ux, Initial residual = 0.065403, Final residual = 0.00616322, No Iterations 2
smoothSolver:  Solving for Uy, Initial residual = 0.110808, Final residual = 0.0105557, No Iterations 2
smoothSolver:  Solving for Uz, Initial residual = 0.109252, Final residual = 0.0103666, No Iterations 2
GAMG:  Solving for p, Initial residual = 0.160148, Final residual = 0.0126858, No Iterations 2
time step continuity errors : sum local = 0.102276, global = 0.00297348, cumulative = 0.0337855
smoothSolver:  Solving for nuTilda, Initial residual = 0.0445535, Final residual = 0.00393683, No Iterations 2
ExecutionTime = 1.02308 s  ClockTime = 2 s

forceCoeffs forces write:
    Cm    = -0.406781
    Cd    = -12.8906
    Cl    = -16.7771
    Cl(f) = -8.79532
    Cl(r) = -7.98176

Time = 12s

smoothSolver:  Solving for Ux, Initial residual = 0.062373, Final residual = 0.0060528, No Iterations 2
smoothSolver:  Solving for Uy, Initial residual = 0.103582, Final residual = 0.0099676, No Iterations 2
smoothSolver:  Solving for Uz, Initial residual = 0.0997465, Final residual = 0.00941152, No Iterations 2
GAMG:  Solving for p, Initial residual = 0.150718, Final residual = 0.0115099, No Iterations 2
time step continuity errors : sum local = 0.0864445, global = 0.00114138, cumulative = 0.0349269
smoothSolver:  Solving for nuTilda, Initial residual = 0.0445784, Final residual = 0.00396033, No Iterations 2
ExecutionTime = 1.07696 s  ClockTime = 2 s

forceCoeffs forces write:
    Cm    = 0.998726
    Cd    = -7.60306
    Cl    = -14.5171
    Cl(f) = -6.25984
    Cl(r) = -8.2573

Time = 13s

smoothSolver:  Solving for Ux, Initial residual = 0.0600088, Final residual = 0.00597368, No Iterations 2
smoothSolver:  Solving for Uy, Initial residual = 0.0991583, Final residual = 0.00958296, No Iterations 2
smoothSolver:  Solving for Uz, Initial residual = 0.0933761, Final residual = 0.0088369, No Iterations 2
GAMG:  Solving for p, Initial residual = 0.145103, Final residual = 0.00939393, No Iterations 2
time step continuity errors : sum local = 0.0659543, global = -0.00104347, cumulative = 0.0338834
smoothSolver:  Solving for nuTilda, Initial residual = 0.0445836, Final residual = 0.00397153, No Iterations 2
ExecutionTime = 1.13147 s  ClockTime = 2 s

forceCoeffs forces write:
    Cm    = 0.46172
    Cd    = -6.03866
    Cl    = -10.6504
    Cl(f) = -4.86348
    Cl(r) = -5.78692

Time = 14s

smoothSolver:  Solving for Ux, Initial residual = 0.0573468, Final residual = 0.00183555, No Iterations 3
smoothSolver:  Solving for Uy, Initial residual = 0.0957597, Final residual = 0.0092629, No Iterations 2
smoothSolver:  Solving for Uz, Initial residual = 0.0881307, Final residual = 0.00841119, No Iterations 2
GAMG:  Solving for p, Initial residual = 0.144121, Final residual = 0.0087971, No Iterations 2
time step continuity errors : sum local = 0.0580726, global = -0.00163993, cumulative = 0.0322435
smoothSolver:  Solving for nuTilda, Initial residual = 0.0447006, Final residual = 0.00396553, No Iterations 2
ExecutionTime = 1.18625 s  ClockTime = 2 s

forceCoeffs forces write:
    Cm    = -0.916032
    Cd    = -6.47892
    Cl    = -6.11001
    Cl(f) = -3.97104
    Cl(r) = -2.13897

Time = 15s

smoothSolver:  Solving for Ux, Initial residual = 0.0536038, Final residual = 0.00176453, No Iterations 3
smoothSolver:  Solving for Uy, Initial residual = 0.0923128, Final residual = 0.00899429, No Iterations 2
smoothSolver:  Solving for Uz, Initial residual = 0.0826905, Final residual = 0.00797404, No Iterations 2
GAMG:  Solving for p, Initial residual = 0.144492, Final residual = 0.00907807, No Iterations 2
time step continuity errors : sum local = 0.0557704, global = -0.00183634, cumulative = 0.0304071
smoothSolver:  Solving for nuTilda, Initial residual = 0.0446931, Final residual = 0.0039725, No Iterations 2
ExecutionTime = 1.24133 s  ClockTime = 2 s

forceCoeffs forces write:
    Cm    = -2.12208
    Cd    = -7.24878
    Cl    = -1.80412
    Cl(f) = -3.02415
    Cl(r) = 1.22002

Time = 16s

smoothSolver:  Solving for Ux, Initial residual = 0.0501154, Final residual = 0.00167558, No Iterations 3
smoothSolver:  Solving for Uy, Initial residual = 0.0886504, Final residual = 0.00860488, No Iterations 2
smoothSolver:  Solving for Uz, Initial residual = 0.0775998, Final residual = 0.00754624, No Iterations 2
GAMG:  Solving for p, Initial residual = 0.144164, Final residual = 0.00923107, No Iterations 2
time step continuity errors : sum local = 0.0524698, global = -0.00122166, cumulative = 0.0291855
smoothSolver:  Solving for nuTilda, Initial residual = 0.0446865, Final residual = 0.00397125, No Iterations 2
ExecutionTime = 1.29598 s  ClockTime = 2 s

forceCoeffs forces write:
    Cm    = -2.76419
    Cd    = -7.79149
    Cl    = 1.41715
    Cl(f) = -2.05561
    Cl(r) = 3.47276

Time = 17s

smoothSolver:  Solving for Ux, Initial residual = 0.0473915, Final residual = 0.00159492, No Iterations 3
smoothSolver:  Solving for Uy, Initial residual = 0.085381, Final residual = 0.00828128, No Iterations 2
smoothSolver:  Solving for Uz, Initial residual = 0.073635, Final residual = 0.00725236, No Iterations 2
GAMG:  Solving for p, Initial residual = 0.144157, Final residual = 0.00865089, No Iterations 2
time step continuity errors : sum local = 0.0455694, global = -0.000232917, cumulative = 0.0289525
smoothSolver:  Solving for nuTilda, Initial residual = 0.044654, Final residual = 0.00396358, No Iterations 2
ExecutionTime = 1.35028 s  ClockTime = 2 s

forceCoeffs forces write:
    Cm    = -2.94217
    Cd    = -8.22846
    Cl    = 3.32746
    Cl(f) = -1.27844
    Cl(r) = 4.6059

Time = 18s

smoothSolver:  Solving for Ux, Initial residual = 0.0453359, Final residual = 0.00153442, No Iterations 3
smoothSolver:  Solving for Uy, Initial residual = 0.0824851, Final residual = 0.00810033, No Iterations 2
smoothSolver:  Solving for Uz, Initial residual = 0.0705884, Final residual = 0.00222996, No Iterations 3
GAMG:  Solving for p, Initial residual = 0.143122, Final residual = 0.00824767, No Iterations 2
time step continuity errors : sum local = 0.0407471, global = 0.00138351, cumulative = 0.0303361
smoothSolver:  Solving for nuTilda, Initial residual = 0.0445471, Final residual = 0.00396394, No Iterations 2
ExecutionTime = 1.40516 s  ClockTime = 2 s

forceCoeffs forces write:
    Cm    = -2.94461
    Cd    = -8.95526
    Cl    = 4.02486
    Cl(f) = -0.932176
    Cl(r) = 4.95703

Time = 19s

smoothSolver:  Solving for Ux, Initial residual = 0.0437145, Final residual = 0.00148054, No Iterations 3
smoothSolver:  Solving for Uy, Initial residual = 0.0798807, Final residual = 0.00250197, No Iterations 3
smoothSolver:  Solving for Uz, Initial residual = 0.0675096, Final residual = 0.0021798, No Iterations 3
GAMG:  Solving for p, Initial residual = 0.142886, Final residual = 0.00850657, No Iterations 2
time step continuity errors : sum local = 0.0396587, global = 0.00187159, cumulative = 0.0322076
smoothSolver:  Solving for nuTilda, Initial residual = 0.0443375, Final residual = 0.00394875, No Iterations 2
ExecutionTime = 1.4609 s  ClockTime = 2 s

forceCoeffs forces write:
    Cm    = -3.04955
    Cd    = -10.1225
    Cl    = 4.02717
    Cl(f) = -1.03596
    Cl(r) = 5.06314

Time = 20s

smoothSolver:  Solving for Ux, Initial residual = 0.0422938, Final residual = 0.0014283, No Iterations 3
smoothSolver:  Solving for Uy, Initial residual = 0.0767536, Final residual = 0.0024665, No Iterations 3
smoothSolver:  Solving for Uz, Initial residual = 0.064787, Final residual = 0.00211263, No Iterations 3
GAMG:  Solving for p, Initial residual = 0.140391, Final residual = 0.00900054, No Iterations 2
time step continuity errors : sum local = 0.0403857, global = 0.00186421, cumulative = 0.0340719
smoothSolver:  Solving for nuTilda, Initial residual = 0.0442386, Final residual = 0.00393336, No Iterations 2
ExecutionTime = 1.51651 s  ClockTime = 2 s

forceCoeffs forces write:
    Cm    = -3.34374
    Cd    = -11.6033
    Cl    = 3.86918
    Cl(f) = -1.40915
    Cl(r) = 5.27833

Time = 21s

smoothSolver:  Solving for Ux, Initial residual = 0.0410037, Final residual = 0.00137499, No Iterations 3
smoothSolver:  Solving for Uy, Initial residual = 0.0736761, Final residual = 0.00239831, No Iterations 3
smoothSolver:  Solving for Uz, Initial residual = 0.0624135, Final residual = 0.00203069, No Iterations 3
GAMG:  Solving for p, Initial residual = 0.136424, Final residual = 0.00882164, No Iterations 2
time step continuity errors : sum local = 0.038671, global = 0.00125596, cumulative = 0.0353278
smoothSolver:  Solving for nuTilda, Initial residual = 0.0441546, Final residual = 0.00393362, No Iterations 2
ExecutionTime = 1.57174 s  ClockTime = 2 s

forceCoeffs forces write:
    Cm    = -3.75217
    Cd    = -12.9958
    Cl    = 3.96502
    Cl(f) = -1.76966
    Cl(r) = 5.73468

Time = 22s

smoothSolver:  Solving for Ux, Initial residual = 0.0398543, Final residual = 0.00133704, No Iterations 3
smoothSolver:  Solving for Uy, Initial residual = 0.0709941, Final residual = 0.00232795, No Iterations 3
smoothSolver:  Solving for Uz, Initial residual = 0.0604077, Final residual = 0.00194164, No Iterations 3
GAMG:  Solving for p, Initial residual = 0.131924, Final residual = 0.00799351, No Iterations 2
time step continuity errors : sum local = 0.0344664, global = 0.000525614, cumulative = 0.0358534
smoothSolver:  Solving for nuTilda, Initial residual = 0.0441601, Final residual = 0.00393473, No Iterations 2
ExecutionTime = 1.62702 s  ClockTime = 2 s

forceCoeffs forces write:
    Cm    = -4.14145
    Cd    = -14.0713
    Cl    = 4.35793
    Cl(f) = -1.96249
    Cl(r) = 6.32042

Time = 23s

smoothSolver:  Solving for Ux, Initial residual = 0.0386771, Final residual = 0.00130018, No Iterations 3
smoothSolver:  Solving for Uy, Initial residual = 0.0686062, Final residual = 0.00224909, No Iterations 3
smoothSolver:  Solving for Uz, Initial residual = 0.0584844, Final residual = 0.00185764, No Iterations 3
GAMG:  Solving for p, Initial residual = 0.127106, Final residual = 0.00735624, No Iterations 2
time step continuity errors : sum local = 0.0312345, global = -0.000735111, cumulative = 0.0351183
smoothSolver:  Solving for nuTilda, Initial residual = 0.0441796, Final residual = 0.00394504, No Iterations 2
ExecutionTime = 1.68247 s  ClockTime = 2 s

forceCoeffs forces write:
    Cm    = -4.38811
    Cd    = -14.6915
    Cl    = 4.8726
    Cl(f) = -1.95182
    Cl(r) = 6.82441

Time = 24s

smoothSolver:  Solving for Ux, Initial residual = 0.0374128, Final residual = 0.00125115, No Iterations 3
smoothSolver:  Solving for Uy, Initial residual = 0.066459, Final residual = 0.00216762, No Iterations 3
smoothSolver:  Solving for Uz, Initial residual = 0.0565625, Final residual = 0.00177737, No Iterations 3
GAMG:  Solving for p, Initial residual = 0.122403, Final residual = 0.00690226, No Iterations 2
time step continuity errors : sum local = 0.0288975, global = -0.00187952, cumulative = 0.0332388
smoothSolver:  Solving for nuTilda, Initial residual = 0.0440285, Final residual = 0.00395277, No Iterations 2
ExecutionTime = 1.73785 s  ClockTime = 2 s

forceCoeffs forces write:
    Cm    = -4.48575
    Cd    = -14.9536
    Cl    = 5.44606
    Cl(f) = -1.76272
    Cl(r) = 7.20878

Time = 25s

smoothSolver:  Solving for Ux, Initial residual = 0.0361643, Final residual = 0.00120167, No Iterations 3
smoothSolver:  Solving for Uy, Initial residual = 0.0642509, Final residual = 0.0020819, No Iterations 3
smoothSolver:  Solving for Uz, Initial residual = 0.0545764, Final residual = 0.0017019, No Iterations 3
GAMG:  Solving for p, Initial residual = 0.119393, Final residual = 0.00649974, No Iterations 2
time step continuity errors : sum local = 0.026641, global = -0.00214894, cumulative = 0.0310899
smoothSolver:  Solving for nuTilda, Initial residual = 0.0438539, Final residual = 0.00395254, No Iterations 2
ExecutionTime = 1.79351 s  ClockTime = 2 s

forceCoeffs forces write:
    Cm    = -4.45018
    Cd    = -15.0422
    Cl    = 5.75698
    Cl(f) = -1.57169
    Cl(r) = 7.32867

Time = 26s

smoothSolver:  Solving for Ux, Initial residual = 0.0350027, Final residual = 0.00115525, No Iterations 3
smoothSolver:  Solving for Uy, Initial residual = 0.0620962, Final residual = 0.00200114, No Iterations 3
smoothSolver:  Solving for Uz, Initial residual = 0.0525807, Final residual = 0.00162972, No Iterations 3
GAMG:  Solving for p, Initial residual = 0.118228, Final residual = 0.00624795, No Iterations 2
time step continuity errors : sum local = 0.0246911, global = -0.00213063, cumulative = 0.0289592
smoothSolver:  Solving for nuTilda, Initial residual = 0.0434153, Final residual = 0.00391953, No Iterations 2
ExecutionTime = 1.84877 s  ClockTime = 2 s

forceCoeffs forces write:
    Cm    = -4.32224
    Cd    = -15.0913
    Cl    = 5.60155
    Cl(f) = -1.52146
    Cl(r) = 7.12301

Time = 27s

smoothSolver:  Solving for Ux, Initial residual = 0.0339846, Final residual = 0.00111878, No Iterations 3
smoothSolver:  Solving for Uy, Initial residual = 0.0600345, Final residual = 0.00193212, No Iterations 3
smoothSolver:  Solving for Uz, Initial residual = 0.0507739, Final residual = 0.00156405, No Iterations 3
GAMG:  Solving for p, Initial residual = 0.118899, Final residual = 0.00588345, No Iterations 2
time step continuity errors : sum local = 0.0221229, global = -0.00162443, cumulative = 0.0273348
smoothSolver:  Solving for nuTilda, Initial residual = 0.0428237, Final residual = 0.0038688, No Iterations 2
ExecutionTime = 1.90411 s  ClockTime = 2 s

forceCoeffs forces write:
    Cm    = -4.15863
    Cd    = -15.1305
    Cl    = 5.05226
    Cl(f) = -1.6325
    Cl(r) = 6.68476

Time = 28s

smoothSolver:  Solving for Ux, Initial residual = 0.0330635, Final residual = 0.00108285, No Iterations 3
smoothSolver:  Solving for Uy, Initial residual = 0.0583503, Final residual = 0.00186925, No Iterations 3
smoothSolver:  Solving for Uz, Initial residual = 0.049263, Final residual = 0.00491088, No Iterations 2
GAMG:  Solving for p, Initial residual = 0.120143, Final residual = 0.00549767, No Iterations 2
time step continuity errors : sum local = 0.0195114, global = -0.000830216, cumulative = 0.0265046
smoothSolver:  Solving for nuTilda, Initial residual = 0.0420696, Final residual = 0.00380312, No Iterations 2
ExecutionTime = 1.95937 s  ClockTime = 3 s

forceCoeffs forces write:
    Cm    = -3.97225
    Cd    = -15.0503
    Cl    = 4.26528
    Cl(f) = -1.83961
    Cl(r) = 6.10489

Time = 29s

smoothSolver:  Solving for Ux, Initial residual = 0.032101, Final residual = 0.00104307, No Iterations 3
smoothSolver:  Solving for Uy, Initial residual = 0.0569216, Final residual = 0.00181156, No Iterations 3
smoothSolver:  Solving for Uz, Initial residual = 0.0483551, Final residual = 0.0048083, No Iterations 2
GAMG:  Solving for p, Initial residual = 0.121363, Final residual = 0.00537223, No Iterations 2
time step continuity errors : sum local = 0.0179822, global = 6.93442e-05, cumulative = 0.0265739
smoothSolver:  Solving for nuTilda, Initial residual = 0.0413014, Final residual = 0.00373673, No Iterations 2
ExecutionTime = 2.01399 s  ClockTime = 3 s

forceCoeffs forces write:
    Cm    = -3.7494
    Cd    = -14.7072
    Cl    = 3.47758
    Cl(f) = -2.01061
    Cl(r) = 5.48819

Time = 30s

smoothSolver:  Solving for Ux, Initial residual = 0.0311644, Final residual = 0.00100258, No Iterations 3
smoothSolver:  Solving for Uy, Initial residual = 0.0557391, Final residual = 0.0017573, No Iterations 3
smoothSolver:  Solving for Uz, Initial residual = 0.0478795, Final residual = 0.00473878, No Iterations 2
GAMG:  Solving for p, Initial residual = 0.12289, Final residual = 0.00563786, No Iterations 2
time step continuity errors : sum local = 0.0178497, global = 0.000907623, cumulative = 0.0274815
smoothSolver:  Solving for nuTilda, Initial residual = 0.0405462, Final residual = 0.0036806, No Iterations 2
ExecutionTime = 2.06632 s  ClockTime = 3 s

forceCoeffs forces write:
    Cm    = -3.47111
    Cd    = -14.0021
    Cl    = 2.85107
    Cl(f) = -2.04558
    Cl(r) = 4.89664

Time = 31s

smoothSolver:  Solving for Ux, Initial residual = 0.030394, Final residual = 0.000968179, No Iterations 3
smoothSolver:  Solving for Uy, Initial residual = 0.0548839, Final residual = 0.00170479, No Iterations 3
smoothSolver:  Solving for Uz, Initial residual = 0.0476534, Final residual = 0.00468287, No Iterations 2
GAMG:  Solving for p, Initial residual = 0.124176, Final residual = 0.00591535, No Iterations 2
time step continuity errors : sum local = 0.0178191, global = 0.00145447, cumulative = 0.028936
smoothSolver:  Solving for nuTilda, Initial residual = 0.0398031, Final residual = 0.00362601, No Iterations 2
ExecutionTime = 2.12127 s  ClockTime = 3 s

forceCoeffs forces write:
    Cm    = -3.17668
    Cd    = -13.0609
    Cl    = 2.49623
    Cl(f) = -1.92856
    Cl(r) = 4.42479

Time = 32s

smoothSolver:  Solving for Ux, Initial residual = 0.0296456, Final residual = 0.000936599, No Iterations 3
smoothSolver:  Solving for Uy, Initial residual = 0.0540857, Final residual = 0.00165759, No Iterations 3
smoothSolver:  Solving for Uz, Initial residual = 0.0476991, Final residual = 0.00465326, No Iterations 2
GAMG:  Solving for p, Initial residual = 0.124658, Final residual = 0.00625331, No Iterations 2
time step continuity errors : sum local = 0.0180843, global = 0.00132822, cumulative = 0.0302642
smoothSolver:  Solving for nuTilda, Initial residual = 0.0391218, Final residual = 0.003569, No Iterations 2
ExecutionTime = 2.17642 s  ClockTime = 3 s

forceCoeffs forces write:
    Cm    = -2.88704
    Cd    = -11.9775
    Cl    = 2.42446
    Cl(f) = -1.67481
    Cl(r) = 4.09927

Time = 33s

smoothSolver:  Solving for Ux, Initial residual = 0.028953, Final residual = 0.000907419, No Iterations 3
smoothSolver:  Solving for Uy, Initial residual = 0.0533233, Final residual = 0.00162105, No Iterations 3
smoothSolver:  Solving for Uz, Initial residual = 0.0476981, Final residual = 0.00464341, No Iterations 2
GAMG:  Solving for p, Initial residual = 0.124032, Final residual = 0.00631875, No Iterations 2
time step continuity errors : sum local = 0.0177936, global = 0.000995383, cumulative = 0.0312596
smoothSolver:  Solving for nuTilda, Initial residual = 0.0384499, Final residual = 0.0035011, No Iterations 2
ExecutionTime = 2.23141 s  ClockTime = 3 s

forceCoeffs forces write:
    Cm    = -2.61508
    Cd    = -10.8424
    Cl    = 2.57156
    Cl(f) = -1.3293
    Cl(r) = 3.90086

Time = 34s

smoothSolver:  Solving for Ux, Initial residual = 0.0283194, Final residual = 0.000880769, No Iterations 3
smoothSolver:  Solving for Uy, Initial residual = 0.0526528, Final residual = 0.00159195, No Iterations 3
smoothSolver:  Solving for Uz, Initial residual = 0.0476719, Final residual = 0.00463642, No Iterations 2
GAMG:  Solving for p, Initial residual = 0.122026, Final residual = 0.00606448, No Iterations 2
time step continuity errors : sum local = 0.0168334, global = 0.000425762, cumulative = 0.0316854
smoothSolver:  Solving for nuTilda, Initial residual = 0.0378075, Final residual = 0.00342966, No Iterations 2
ExecutionTime = 2.28647 s  ClockTime = 3 s

forceCoeffs forces write:
    Cm    = -2.35311
    Cd    = -9.70078
    Cl    = 2.78093
    Cl(f) = -0.962645
    Cl(r) = 3.74357

Time = 35s

smoothSolver:  Solving for Ux, Initial residual = 0.0277625, Final residual = 0.000858844, No Iterations 3
smoothSolver:  Solving for Uy, Initial residual = 0.0521363, Final residual = 0.00519157, No Iterations 2
smoothSolver:  Solving for Uz, Initial residual = 0.0474835, Final residual = 0.00459839, No Iterations 2
GAMG:  Solving for p, Initial residual = 0.117876, Final residual = 0.00574026, No Iterations 2
time step continuity errors : sum local = 0.0158686, global = -0.000347414, cumulative = 0.031338
smoothSolver:  Solving for nuTilda, Initial residual = 0.0371665, Final residual = 0.00335661, No Iterations 2
ExecutionTime = 2.3413 s  ClockTime = 3 s

forceCoeffs forces write:
    Cm    = -2.09098
    Cd    = -8.56573
    Cl    = 2.93399
    Cl(f) = -0.623984
    Cl(r) = 3.55798

Time = 36s

smoothSolver:  Solving for Ux, Initial residual = 0.0272262, Final residual = 0.000841378, No Iterations 3
smoothSolver:  Solving for Uy, Initial residual = 0.0518955, Final residual = 0.00515144, No Iterations 2
smoothSolver:  Solving for Uz, Initial residual = 0.0472469, Final residual = 0.00454684, No Iterations 2
GAMG:  Solving for p, Initial residual = 0.112778, Final residual = 0.00525706, No Iterations 2
time step continuity errors : sum local = 0.0146248, global = -0.001038, cumulative = 0.0303
smoothSolver:  Solving for nuTilda, Initial residual = 0.0364668, Final residual = 0.00329227, No Iterations 2
ExecutionTime = 2.39823 s  ClockTime = 3 s

forceCoeffs forces write:
    Cm    = -1.83759
    Cd    = -7.48201
    Cl    = 2.9968
    Cl(f) = -0.339196
    Cl(r) = 3.33599

Time = 37s

smoothSolver:  Solving for Ux, Initial residual = 0.0268045, Final residual = 0.000826775, No Iterations 3
smoothSolver:  Solving for Uy, Initial residual = 0.0516211, Final residual = 0.00512163, No Iterations 2
smoothSolver:  Solving for Uz, Initial residual = 0.0468679, Final residual = 0.00449172, No Iterations 2
GAMG:  Solving for p, Initial residual = 0.106896, Final residual = 0.0047114, No Iterations 2
time step continuity errors : sum local = 0.0132654, global = -0.00154288, cumulative = 0.0287571
smoothSolver:  Solving for nuTilda, Initial residual = 0.0357354, Final residual = 0.00322829, No Iterations 2
ExecutionTime = 2.45321 s  ClockTime = 3 s

forceCoeffs forces write:
    Cm    = -1.58113
    Cd    = -6.4306
    Cl    = 2.94057
    Cl(f) = -0.110852
    Cl(r) = 3.05142

Time = 38s

smoothSolver:  Solving for Ux, Initial residual = 0.0264857, Final residual = 0.000818392, No Iterations 3
smoothSolver:  Solving for Uy, Initial residual = 0.0511353, Final residual = 0.00510128, No Iterations 2
smoothSolver:  Solving for Uz, Initial residual = 0.0464727, Final residual = 0.00445573, No Iterations 2
GAMG:  Solving for p, Initial residual = 0.101732, Final residual = 0.00430617, No Iterations 2
time step continuity errors : sum local = 0.0122695, global = -0.00148302, cumulative = 0.0272741
smoothSolver:  Solving for nuTilda, Initial residual = 0.0350039, Final residual = 0.0031598, No Iterations 2
ExecutionTime = 2.50767 s  ClockTime = 3 s

forceCoeffs forces write:
    Cm    = -1.31947
    Cd    = -5.40822
    Cl    = 2.76543
    Cl(f) = 0.0632473
    Cl(r) = 2.70219

Time = 39s

smoothSolver:  Solving for Ux, Initial residual = 0.0263141, Final residual = 0.000813454, No Iterations 3
smoothSolver:  Solving for Uy, Initial residual = 0.0504645, Final residual = 0.00153915, No Iterations 3
smoothSolver:  Solving for Uz, Initial residual = 0.0459823, Final residual = 0.0044472, No Iterations 2
GAMG:  Solving for p, Initial residual = 0.0986404, Final residual = 0.00411765, No Iterations 2
time step continuity errors : sum local = 0.0117637, global = -0.00127618, cumulative = 0.0259979
smoothSolver:  Solving for nuTilda, Initial residual = 0.0343574, Final residual = 0.00310335, No Iterations 2
ExecutionTime = 2.56258 s  ClockTime = 3 s

forceCoeffs forces write:
    Cm    = -1.06432
    Cd    = -4.44899
    Cl    = 2.47038
    Cl(f) = 0.170867
    Cl(r) = 2.29951

Time = 40s

smoothSolver:  Solving for Ux, Initial residual = 0.0261834, Final residual = 0.000811338, No Iterations 3
smoothSolver:  Solving for Uy, Initial residual = 0.0494037, Final residual = 0.00150786, No Iterations 3
smoothSolver:  Solving for Uz, Initial residual = 0.0456203, Final residual = 0.00445628, No Iterations 2
GAMG:  Solving for p, Initial residual = 0.096272, Final residual = 0.00394687, No Iterations 2
time step continuity errors : sum local = 0.0112296, global = -0.00104002, cumulative = 0.0249579
smoothSolver:  Solving for nuTilda, Initial residual = 0.0337164, Final residual = 0.00304639, No Iterations 2
ExecutionTime = 2.61772 s  ClockTime = 3 s

forceCoeffs forces write:
    Cm    = -0.833288
    Cd    = -3.59191
    Cl    = 2.09079
    Cl(f) = 0.212108
    Cl(r) = 1.87868

Time = 41s

smoothSolver:  Solving for Ux, Initial residual = 0.0260308, Final residual = 0.000809895, No Iterations 3
smoothSolver:  Solving for Uy, Initial residual = 0.0482945, Final residual = 0.00146937, No Iterations 3
smoothSolver:  Solving for Uz, Initial residual = 0.045257, Final residual = 0.00447997, No Iterations 2
GAMG:  Solving for p, Initial residual = 0.0940748, Final residual = 0.00390843, No Iterations 2
time step continuity errors : sum local = 0.0110301, global = -0.000479894, cumulative = 0.024478
smoothSolver:  Solving for nuTilda, Initial residual = 0.0330799, Final residual = 0.00299209, No Iterations 2
ExecutionTime = 2.67266 s  ClockTime = 3 s

forceCoeffs forces write:
    Cm    = -0.629677
    Cd    = -2.8336
    Cl    = 1.65329
    Cl(f) = 0.196967
    Cl(r) = 1.45632

Time = 42s

smoothSolver:  Solving for Ux, Initial residual = 0.0258601, Final residual = 0.000807592, No Iterations 3
smoothSolver:  Solving for Uy, Initial residual = 0.0472787, Final residual = 0.00143211, No Iterations 3
smoothSolver:  Solving for Uz, Initial residual = 0.044878, Final residual = 0.00135801, No Iterations 3
GAMG:  Solving for p, Initial residual = 0.09282, Final residual = 0.0038669, No Iterations 2
time step continuity errors : sum local = 0.0107545, global = 6.0817e-05, cumulative = 0.0245388
smoothSolver:  Solving for nuTilda, Initial residual = 0.0324292, Final residual = 0.00294572, No Iterations 2
ExecutionTime = 2.72753 s  ClockTime = 3 s

forceCoeffs forces write:
    Cm    = -0.47131
    Cd    = -2.20535
    Cl    = 1.22091
    Cl(f) = 0.139145
    Cl(r) = 1.08177

Time = 43s

smoothSolver:  Solving for Ux, Initial residual = 0.0256573, Final residual = 0.000804639, No Iterations 3
smoothSolver:  Solving for Uy, Initial residual = 0.0463889, Final residual = 0.00140158, No Iterations 3
smoothSolver:  Solving for Uz, Initial residual = 0.0441919, Final residual = 0.00134447, No Iterations 3
GAMG:  Solving for p, Initial residual = 0.0918324, Final residual = 0.00374482, No Iterations 2
time step continuity errors : sum local = 0.0102238, global = 0.000525989, cumulative = 0.0250648
smoothSolver:  Solving for nuTilda, Initial residual = 0.0318261, Final residual = 0.00291027, No Iterations 2
ExecutionTime = 2.78252 s  ClockTime = 3 s

forceCoeffs forces write:
    Cm    = -0.372714
    Cd    = -1.72993
    Cl    = 0.849918
    Cl(f) = 0.0522446
    Cl(r) = 0.797673

Time = 44s

smoothSolver:  Solving for Ux, Initial residual = 0.0253896, Final residual = 0.000798464, No Iterations 3
smoothSolver:  Solving for Uy, Initial residual = 0.0455874, Final residual = 0.00138205, No Iterations 3
smoothSolver:  Solving for Uz, Initial residual = 0.043501, Final residual = 0.00132376, No Iterations 3
GAMG:  Solving for p, Initial residual = 0.0912174, Final residual = 0.00361375, No Iterations 2
time step continuity errors : sum local = 0.00967365, global = 0.000683582, cumulative = 0.0257483
smoothSolver:  Solving for nuTilda, Initial residual = 0.0313099, Final residual = 0.00287444, No Iterations 2
ExecutionTime = 2.83765 s  ClockTime = 3 s

forceCoeffs forces write:
    Cm    = -0.34382
    Cd    = -1.4209
    Cl    = 0.579506
    Cl(f) = -0.054067
    Cl(r) = 0.633573

Time = 45s

smoothSolver:  Solving for Ux, Initial residual = 0.0250375, Final residual = 0.000787379, No Iterations 3
smoothSolver:  Solving for Uy, Initial residual = 0.0448816, Final residual = 0.00136425, No Iterations 3
smoothSolver:  Solving for Uz, Initial residual = 0.0428702, Final residual = 0.00129814, No Iterations 3
GAMG:  Solving for p, Initial residual = 0.090328, Final residual = 0.00344558, No Iterations 2
time step continuity errors : sum local = 0.00907362, global = 0.000701707, cumulative = 0.0264501
smoothSolver:  Solving for nuTilda, Initial residual = 0.0308232, Final residual = 0.0028343, No Iterations 2
ExecutionTime = 2.89255 s  ClockTime = 3 s

forceCoeffs forces write:
    Cm    = -0.375074
    Cd    = -1.25503
    Cl    = 0.411488
    Cl(f) = -0.16933
    Cl(r) = 0.580819

Time = 46s

smoothSolver:  Solving for Ux, Initial residual = 0.0246124, Final residual = 0.000774342, No Iterations 3
smoothSolver:  Solving for Uy, Initial residual = 0.0441963, Final residual = 0.00134738, No Iterations 3
smoothSolver:  Solving for Uz, Initial residual = 0.0422858, Final residual = 0.00127345, No Iterations 3
GAMG:  Solving for p, Initial residual = 0.0892147, Final residual = 0.00320733, No Iterations 2
time step continuity errors : sum local = 0.00833662, global = 0.000678748, cumulative = 0.0271288
smoothSolver:  Solving for nuTilda, Initial residual = 0.0302911, Final residual = 0.00278721, No Iterations 2
ExecutionTime = 2.94772 s  ClockTime = 4 s

forceCoeffs forces write:
    Cm    = -0.440314
    Cd    = -1.19006
    Cl    = 0.305544
    Cl(f) = -0.287542
    Cl(r) = 0.593086

Time = 47s

smoothSolver:  Solving for Ux, Initial residual = 0.0242137, Final residual = 0.000760269, No Iterations 3
smoothSolver:  Solving for Uy, Initial residual = 0.0434706, Final residual = 0.00132824, No Iterations 3
smoothSolver:  Solving for Uz, Initial residual = 0.0418763, Final residual = 0.00125344, No Iterations 3
GAMG:  Solving for p, Initial residual = 0.0885272, Final residual = 0.00312825, No Iterations 2
time step continuity errors : sum local = 0.00803688, global = 0.000456943, cumulative = 0.0275857
smoothSolver:  Solving for nuTilda, Initial residual = 0.0298817, Final residual = 0.00274057, No Iterations 2
ExecutionTime = 3.00293 s  ClockTime = 4 s

forceCoeffs forces write:
    Cm    = -0.508961
    Cd    = -1.17052
    Cl    = 0.213707
    Cl(f) = -0.402107
    Cl(r) = 0.615814

Time = 48s

smoothSolver:  Solving for Ux, Initial residual = 0.0238013, Final residual = 0.000743903, No Iterations 3
smoothSolver:  Solving for Uy, Initial residual = 0.042699, Final residual = 0.00130565, No Iterations 3
smoothSolver:  Solving for Uz, Initial residual = 0.0415504, Final residual = 0.00414306, No Iterations 2
GAMG:  Solving for p, Initial residual = 0.0875303, Final residual = 0.00306532, No Iterations 2
time step continuity errors : sum local = 0.0078022, global = 0.000183053, cumulative = 0.0277688
smoothSolver:  Solving for nuTilda, Initial residual = 0.0294106, Final residual = 0.00269591, No Iterations 2
ExecutionTime = 3.05792 s  ClockTime = 4 s

forceCoeffs forces write:
    Cm    = -0.547916
    Cd    = -1.13374
    Cl    = 0.0915535
    Cl(f) = -0.502139
    Cl(r) = 0.593693

Time = 49s

smoothSolver:  Solving for Ux, Initial residual = 0.0234019, Final residual = 0.000726428, No Iterations 3
smoothSolver:  Solving for Uy, Initial residual = 0.0419488, Final residual = 0.00128205, No Iterations 3
smoothSolver:  Solving for Uz, Initial residual = 0.0414431, Final residual = 0.00411372, No Iterations 2
GAMG:  Solving for p, Initial residual = 0.0859796, Final residual = 0.00299399, No Iterations 2
time step continuity errors : sum local = 0.00755555, global = -0.000107686, cumulative = 0.0276611
smoothSolver:  Solving for nuTilda, Initial residual = 0.0289939, Final residual = 0.00266828, No Iterations 2
ExecutionTime = 3.11273 s  ClockTime = 4 s

forceCoeffs forces write:
    Cm    = -0.556102
    Cd    = -1.08087
    Cl    = -0.0584525
    Cl(f) = -0.585328
    Cl(r) = 0.526875

Time = 50s

smoothSolver:  Solving for Ux, Initial residual = 0.0230288, Final residual = 0.000708511, No Iterations 3
smoothSolver:  Solving for Uy, Initial residual = 0.0413029, Final residual = 0.00125898, No Iterations 3
smoothSolver:  Solving for Uz, Initial residual = 0.041345, Final residual = 0.00407868, No Iterations 2
GAMG:  Solving for p, Initial residual = 0.0849562, Final residual = 0.00294755, No Iterations 2
time step continuity errors : sum local = 0.00736997, global = -0.00039076, cumulative = 0.0272704
smoothSolver:  Solving for nuTilda, Initial residual = 0.0286907, Final residual = 0.00264095, No Iterations 2
ExecutionTime = 3.16719 s  ClockTime = 4 s

forceCoeffs forces write:
    Cm    = -0.541581
    Cd    = -1.02434
    Cl    = -0.216784
    Cl(f) = -0.649972
    Cl(r) = 0.433189

Time = 51s

smoothSolver:  Solving for Ux, Initial residual = 0.0227273, Final residual = 0.000691828, No Iterations 3
smoothSolver:  Solving for Uy, Initial residual = 0.0408927, Final residual = 0.00123548, No Iterations 3
smoothSolver:  Solving for Uz, Initial residual = 0.041174, Final residual = 0.00403814, No Iterations 2
GAMG:  Solving for p, Initial residual = 0.0855046, Final residual = 0.00297967, No Iterations 2
time step continuity errors : sum local = 0.00735994, global = -0.000636466, cumulative = 0.0266339
smoothSolver:  Solving for nuTilda, Initial residual = 0.0284784, Final residual = 0.0026197, No Iterations 2
ExecutionTime = 3.22177 s  ClockTime = 4 s

forceCoeffs forces write:
    Cm    = -0.513756
    Cd    = -0.976678
    Cl    = -0.360217
    Cl(f) = -0.693865
    Cl(r) = 0.333647

Time = 52s

smoothSolver:  Solving for Ux, Initial residual = 0.0224322, Final residual = 0.00223768, No Iterations 2
smoothSolver:  Solving for Uy, Initial residual = 0.040506, Final residual = 0.00121178, No Iterations 3
smoothSolver:  Solving for Uz, Initial residual = 0.0409019, Final residual = 0.00398784, No Iterations 2
GAMG:  Solving for p, Initial residual = 0.0852069, Final residual = 0.00309973, No Iterations 2
time step continuity errors : sum local = 0.00752204, global = -0.000585047, cumulative = 0.0260488
smoothSolver:  Solving for nuTilda, Initial residual = 0.0283087, Final residual = 0.00260034, No Iterations 2
ExecutionTime = 3.27622 s  ClockTime = 4 s

forceCoeffs forces write:
    Cm    = -0.482903
    Cd    = -0.945342
    Cl    = -0.462802
    Cl(f) = -0.714304
    Cl(r) = 0.251502

Time = 53s

smoothSolver:  Solving for Ux, Initial residual = 0.0223196, Final residual = 0.0022064, No Iterations 2
smoothSolver:  Solving for Uy, Initial residual = 0.0401193, Final residual = 0.00398562, No Iterations 2
smoothSolver:  Solving for Uz, Initial residual = 0.0405111, Final residual = 0.00391857, No Iterations 2
GAMG:  Solving for p, Initial residual = 0.0855758, Final residual = 0.00306105, No Iterations 2
time step continuity errors : sum local = 0.00724281, global = -0.000489154, cumulative = 0.0255597
smoothSolver:  Solving for nuTilda, Initial residual = 0.0281241, Final residual = 0.00258585, No Iterations 2
ExecutionTime = 3.32987 s  ClockTime = 4 s

forceCoeffs forces write:
    Cm    = -0.456551
    Cd    = -0.938701
    Cl    = -0.519454
    Cl(f) = -0.716278
    Cl(r) = 0.196824

Time = 54s

smoothSolver:  Solving for Ux, Initial residual = 0.0221759, Final residual = 0.00217032, No Iterations 2
smoothSolver:  Solving for Uy, Initial residual = 0.0399524, Final residual = 0.00392222, No Iterations 2
smoothSolver:  Solving for Uz, Initial residual = 0.0401238, Final residual = 0.00384463, No Iterations 2
GAMG:  Solving for p, Initial residual = 0.0873909, Final residual = 0.00298157, No Iterations 2
time step continuity errors : sum local = 0.00687135, global = -0.000432729, cumulative = 0.025127
smoothSolver:  Solving for nuTilda, Initial residual = 0.0279409, Final residual = 0.00256669, No Iterations 2
ExecutionTime = 3.38387 s  ClockTime = 4 s

forceCoeffs forces write:
    Cm    = -0.432443
    Cd    = -0.94416
    Cl    = -0.541044
    Cl(f) = -0.702965
    Cl(r) = 0.161922

Time = 55s

smoothSolver:  Solving for Ux, Initial residual = 0.0218994, Final residual = 0.00212087, No Iterations 2
smoothSolver:  Solving for Uy, Initial residual = 0.0396879, Final residual = 0.00384576, No Iterations 2
smoothSolver:  Solving for Uz, Initial residual = 0.039762, Final residual = 0.00378575, No Iterations 2
GAMG:  Solving for p, Initial residual = 0.0891862, Final residual = 0.00303255, No Iterations 2
time step continuity errors : sum local = 0.00681972, global = -0.000253638, cumulative = 0.0248733
smoothSolver:  Solving for nuTilda, Initial residual = 0.0277604, Final residual = 0.00254764, No Iterations 2
ExecutionTime = 3.43806 s  ClockTime = 4 s

forceCoeffs forces write:
    Cm    = -0.404695
    Cd    = -0.945997
    Cl    = -0.542988
    Cl(f) = -0.676189
    Cl(r) = 0.133201

Time = 56s

smoothSolver:  Solving for Ux, Initial residual = 0.0215598, Final residual = 0.0020695, No Iterations 2
smoothSolver:  Solving for Uy, Initial residual = 0.0394322, Final residual = 0.00376231, No Iterations 2
smoothSolver:  Solving for Uz, Initial residual = 0.0394854, Final residual = 0.00373824, No Iterations 2
GAMG:  Solving for p, Initial residual = 0.0909596, Final residual = 0.00310156, No Iterations 2
time step continuity errors : sum local = 0.0067938, global = -0.000128866, cumulative = 0.0247445
smoothSolver:  Solving for nuTilda, Initial residual = 0.0275352, Final residual = 0.00252118, No Iterations 2
ExecutionTime = 3.49256 s  ClockTime = 4 s

forceCoeffs forces write:
    Cm    = -0.369428
    Cd    = -0.932924
    Cl    = -0.534741
    Cl(f) = -0.636798
    Cl(r) = 0.102058

Time = 57s

smoothSolver:  Solving for Ux, Initial residual = 0.0211996, Final residual = 0.00202393, No Iterations 2
smoothSolver:  Solving for Uy, Initial residual = 0.0390242, Final residual = 0.00366374, No Iterations 2
smoothSolver:  Solving for Uz, Initial residual = 0.0393475, Final residual = 0.00369532, No Iterations 2
GAMG:  Solving for p, Initial residual = 0.091602, Final residual = 0.00312631, No Iterations 2
time step continuity errors : sum local = 0.00666765, global = -6.87742e-05, cumulative = 0.0246757
smoothSolver:  Solving for nuTilda, Initial residual = 0.0272968, Final residual = 0.00249999, No Iterations 2
ExecutionTime = 3.54663 s  ClockTime = 4 s

forceCoeffs forces write:
    Cm    = -0.324147
    Cd    = -0.895816
    Cl    = -0.522441
    Cl(f) = -0.585368
    Cl(r) = 0.0629267

Time = 58s

smoothSolver:  Solving for Ux, Initial residual = 0.0208982, Final residual = 0.00198366, No Iterations 2
smoothSolver:  Solving for Uy, Initial residual = 0.0384463, Final residual = 0.00356804, No Iterations 2
smoothSolver:  Solving for Uz, Initial residual = 0.0392802, Final residual = 0.00365902, No Iterations 2
GAMG:  Solving for p, Initial residual = 0.0932375, Final residual = 0.00312923, No Iterations 2
time step continuity errors : sum local = 0.00649295, global = -7.8102e-05, cumulative = 0.0245976
smoothSolver:  Solving for nuTilda, Initial residual = 0.0271002, Final residual = 0.00248306, No Iterations 2
ExecutionTime = 3.6006 s  ClockTime = 4 s

forceCoeffs forces write:
    Cm    = -0.269266
    Cd    = -0.834658
    Cl    = -0.50903
    Cl(f) = -0.523781
    Cl(r) = 0.014751

Time = 59s

smoothSolver:  Solving for Ux, Initial residual = 0.0206781, Final residual = 0.00194636, No Iterations 2
smoothSolver:  Solving for Uy, Initial residual = 0.0379388, Final residual = 0.00350095, No Iterations 2
smoothSolver:  Solving for Uz, Initial residual = 0.0390884, Final residual = 0.0036363, No Iterations 2
GAMG:  Solving for p, Initial residual = 0.096028, Final residual = 0.00317352, No Iterations 2
time step continuity errors : sum local = 0.0064008, global = -0.00014023, cumulative = 0.0244573
smoothSolver:  Solving for nuTilda, Initial residual = 0.0268883, Final residual = 0.0024645, No Iterations 2
ExecutionTime = 3.65506 s  ClockTime = 4 s

forceCoeffs forces write:
    Cm    = -0.206358
    Cd    = -0.753364
    Cl    = -0.490252
    Cl(f) = -0.451484
    Cl(r) = -0.0387679

Time = 60s

smoothSolver:  Solving for Ux, Initial residual = 0.0204867, Final residual = 0.00191794, No Iterations 2
smoothSolver:  Solving for Uy, Initial residual = 0.0373958, Final residual = 0.00344497, No Iterations 2
smoothSolver:  Solving for Uz, Initial residual = 0.0387869, Final residual = 0.00360927, No Iterations 2
GAMG:  Solving for p, Initial residual = 0.0988073, Final residual = 0.00320918, No Iterations 2
time step continuity errors : sum local = 0.00628721, global = -0.000203948, cumulative = 0.0242534
smoothSolver:  Solving for nuTilda, Initial residual = 0.026629, Final residual = 0.00244198, No Iterations 2
ExecutionTime = 3.70926 s  ClockTime = 4 s

forceCoeffs forces write:
    Cm    = -0.13915
    Cd    = -0.659563
    Cl    = -0.467028
    Cl(f) = -0.372664
    Cl(r) = -0.0943637

Time = 61s

smoothSolver:  Solving for Ux, Initial residual = 0.0202953, Final residual = 0.00189947, No Iterations 2
smoothSolver:  Solving for Uy, Initial residual = 0.0369139, Final residual = 0.00337373, No Iterations 2
smoothSolver:  Solving for Uz, Initial residual = 0.0383548, Final residual = 0.00357346, No Iterations 2
GAMG:  Solving for p, Initial residual = 0.101598, Final residual = 0.00326758, No Iterations 2
time step continuity errors : sum local = 0.00622544, global = -0.000276808, cumulative = 0.0239766
smoothSolver:  Solving for nuTilda, Initial residual = 0.0264327, Final residual = 0.0024199, No Iterations 2
ExecutionTime = 3.76317 s  ClockTime = 4 s

forceCoeffs forces write:
    Cm    = -0.0742181
    Cd    = -0.565709
    Cl    = -0.440875
    Cl(f) = -0.294656
    Cl(r) = -0.14622

Time = 62s

smoothSolver:  Solving for Ux, Initial residual = 0.0201095, Final residual = 0.00188472, No Iterations 2
smoothSolver:  Solving for Uy, Initial residual = 0.0363351, Final residual = 0.0032965, No Iterations 2
smoothSolver:  Solving for Uz, Initial residual = 0.0378809, Final residual = 0.00354602, No Iterations 2
GAMG:  Solving for p, Initial residual = 0.103877, Final residual = 0.00338314, No Iterations 2
time step continuity errors : sum local = 0.00629217, global = -0.000347896, cumulative = 0.0236287
smoothSolver:  Solving for nuTilda, Initial residual = 0.026195, Final residual = 0.00239567, No Iterations 2
ExecutionTime = 3.81702 s  ClockTime = 4 s

forceCoeffs forces write:
    Cm    = -0.0164945
    Cd    = -0.478911
    Cl    = -0.411285
    Cl(f) = -0.222137
    Cl(r) = -0.189148

Time = 63s

smoothSolver:  Solving for Ux, Initial residual = 0.0199358, Final residual = 0.00186942, No Iterations 2
smoothSolver:  Solving for Uy, Initial residual = 0.0357529, Final residual = 0.00321611, No Iterations 2
smoothSolver:  Solving for Uz, Initial residual = 0.0374557, Final residual = 0.0035231, No Iterations 2
GAMG:  Solving for p, Initial residual = 0.106678, Final residual = 0.00348296, No Iterations 2
time step continuity errors : sum local = 0.00633293, global = -0.000393679, cumulative = 0.023235
smoothSolver:  Solving for nuTilda, Initial residual = 0.025978, Final residual = 0.00237124, No Iterations 2
ExecutionTime = 3.87094 s  ClockTime = 4 s

forceCoeffs forces write:
    Cm    = 0.0323128
    Cd    = -0.400385
    Cl    = -0.381062
    Cl(f) = -0.158218
    Cl(r) = -0.222844

Time = 64s

smoothSolver:  Solving for Ux, Initial residual = 0.0197486, Final residual = 0.00184865, No Iterations 2
smoothSolver:  Solving for Uy, Initial residual = 0.0351095, Final residual = 0.00314324, No Iterations 2
smoothSolver:  Solving for Uz, Initial residual = 0.0370783, Final residual = 0.00349862, No Iterations 2
GAMG:  Solving for p, Initial residual = 0.108699, Final residual = 0.00353462, No Iterations 2
time step continuity errors : sum local = 0.00629054, global = -0.000398174, cumulative = 0.0228368
smoothSolver:  Solving for nuTilda, Initial residual = 0.0257979, Final residual = 0.00234482, No Iterations 2
ExecutionTime = 3.92497 s  ClockTime = 5 s

forceCoeffs forces write:
    Cm    = 0.0724518
    Cd    = -0.327526
    Cl    = -0.351238
    Cl(f) = -0.103167
    Cl(r) = -0.248071

Time = 65s

smoothSolver:  Solving for Ux, Initial residual = 0.0195679, Final residual = 0.00182791, No Iterations 2
smoothSolver:  Solving for Uy, Initial residual = 0.0344698, Final residual = 0.0030704, No Iterations 2
smoothSolver:  Solving for Uz, Initial residual = 0.0367421, Final residual = 0.00347316, No Iterations 2
GAMG:  Solving for p, Initial residual = 0.109519, Final residual = 0.00353345, No Iterations 2
time step continuity errors : sum local = 0.00617136, global = -0.0003498, cumulative = 0.022487
smoothSolver:  Solving for nuTilda, Initial residual = 0.0256177, Final residual = 0.00232013, No Iterations 2
ExecutionTime = 3.97916 s  ClockTime = 5 s

forceCoeffs forces write:
    Cm    = 0.105057
    Cd    = -0.257585
    Cl    = -0.323052
    Cl(f) = -0.0564693
    Cl(r) = -0.266583

Time = 66s

smoothSolver:  Solving for Ux, Initial residual = 0.0193551, Final residual = 0.00180122, No Iterations 2
smoothSolver:  Solving for Uy, Initial residual = 0.0339816, Final residual = 0.00299804, No Iterations 2
smoothSolver:  Solving for Uz, Initial residual = 0.0364756, Final residual = 0.00344035, No Iterations 2
GAMG:  Solving for p, Initial residual = 0.108432, Final residual = 0.00348768, No Iterations 2
time step continuity errors : sum local = 0.00599142, global = -0.00025638, cumulative = 0.0222307
smoothSolver:  Solving for nuTilda, Initial residual = 0.0253364, Final residual = 0.0022909, No Iterations 2
ExecutionTime = 4.03427 s  ClockTime = 5 s

forceCoeffs forces write:
    Cm    = 0.130799
    Cd    = -0.192653
    Cl    = -0.296786
    Cl(f) = -0.0175943
    Cl(r) = -0.279192

Time = 67s

smoothSolver:  Solving for Ux, Initial residual = 0.0191264, Final residual = 0.00176758, No Iterations 2
smoothSolver:  Solving for Uy, Initial residual = 0.0335571, Final residual = 0.00293877, No Iterations 2
smoothSolver:  Solving for Uz, Initial residual = 0.0362222, Final residual = 0.00339602, No Iterations 2
GAMG:  Solving for p, Initial residual = 0.109311, Final residual = 0.0034451, No Iterations 2
time step continuity errors : sum local = 0.00581991, global = -0.000127458, cumulative = 0.0221032
smoothSolver:  Solving for nuTilda, Initial residual = 0.0250091, Final residual = 0.00226516, No Iterations 2
ExecutionTime = 4.088 s  ClockTime = 5 s

forceCoeffs forces write:
    Cm    = 0.150686
    Cd    = -0.134538
    Cl    = -0.272256
    Cl(f) = 0.0145581
    Cl(r) = -0.286815

Time = 68s

smoothSolver:  Solving for Ux, Initial residual = 0.0188932, Final residual = 0.00173051, No Iterations 2
smoothSolver:  Solving for Uy, Initial residual = 0.0332259, Final residual = 0.00289858, No Iterations 2
smoothSolver:  Solving for Uz, Initial residual = 0.0358781, Final residual = 0.00334525, No Iterations 2
GAMG:  Solving for p, Initial residual = 0.112377, Final residual = 0.00344795, No Iterations 2
time step continuity errors : sum local = 0.00572148, global = 1.16293e-05, cumulative = 0.0221148
smoothSolver:  Solving for nuTilda, Initial residual = 0.0246544, Final residual = 0.00223923, No Iterations 2
ExecutionTime = 4.14185 s  ClockTime = 5 s

forceCoeffs forces write:
    Cm    = 0.1655
    Cd    = -0.0851611
    Cl    = -0.249828
    Cl(f) = 0.0405863
    Cl(r) = -0.290414

Time = 69s

smoothSolver:  Solving for Ux, Initial residual = 0.0186253, Final residual = 0.00169008, No Iterations 2
smoothSolver:  Solving for Uy, Initial residual = 0.0327327, Final residual = 0.0028643, No Iterations 2
smoothSolver:  Solving for Uz, Initial residual = 0.035399, Final residual = 0.00328639, No Iterations 2
GAMG:  Solving for p, Initial residual = 0.113326, Final residual = 0.00355817, No Iterations 2
time step continuity errors : sum local = 0.00579934, global = 0.000137092, cumulative = 0.0222519
smoothSolver:  Solving for nuTilda, Initial residual = 0.0243242, Final residual = 0.00220493, No Iterations 2
ExecutionTime = 4.19536 s  ClockTime = 5 s

forceCoeffs forces write:
    Cm    = 0.176232
    Cd    = -0.0456981
    Cl    = -0.228339
    Cl(f) = 0.0620624
    Cl(r) = -0.290401

Time = 70s

smoothSolver:  Solving for Ux, Initial residual = 0.0183541, Final residual = 0.0016552, No Iterations 2
smoothSolver:  Solving for Uy, Initial residual = 0.0322097, Final residual = 0.00284337, No Iterations 2
smoothSolver:  Solving for Uz, Initial residual = 0.0348692, Final residual = 0.0032396, No Iterations 2
GAMG:  Solving for p, Initial residual = 0.112527, Final residual = 0.0037566, No Iterations 2
time step continuity errors : sum local = 0.00601782, global = 0.000218119, cumulative = 0.02247
smoothSolver:  Solving for nuTilda, Initial residual = 0.023938, Final residual = 0.0021699, No Iterations 2
ExecutionTime = 4.24905 s  ClockTime = 5 s

forceCoeffs forces write:
    Cm    = 0.183309
    Cd    = -0.0163492
    Cl    = -0.207172
    Cl(f) = 0.0797227
    Cl(r) = -0.286894

Time = 71s

smoothSolver:  Solving for Ux, Initial residual = 0.0180889, Final residual = 0.00162951, No Iterations 2
smoothSolver:  Solving for Uy, Initial residual = 0.0318588, Final residual = 0.0028316, No Iterations 2
smoothSolver:  Solving for Uz, Initial residual = 0.0344113, Final residual = 0.00319463, No Iterations 2
GAMG:  Solving for p, Initial residual = 0.11123, Final residual = 0.00387138, No Iterations 2
time step continuity errors : sum local = 0.00609497, global = 0.00023658, cumulative = 0.0227066
smoothSolver:  Solving for nuTilda, Initial residual = 0.0235449, Final residual = 0.00214109, No Iterations 2
ExecutionTime = 4.30297 s  ClockTime = 5 s

forceCoeffs forces write:
    Cm    = 0.187671
    Cd    = 0.00377091
    Cl    = -0.185509
    Cl(f) = 0.0949166
    Cl(r) = -0.280425

Time = 72s

smoothSolver:  Solving for Ux, Initial residual = 0.0178627, Final residual = 0.00161119, No Iterations 2
smoothSolver:  Solving for Uy, Initial residual = 0.0316385, Final residual = 0.00283511, No Iterations 2
smoothSolver:  Solving for Uz, Initial residual = 0.0339548, Final residual = 0.00314773, No Iterations 2
GAMG:  Solving for p, Initial residual = 0.110645, Final residual = 0.0038975, No Iterations 2
time step continuity errors : sum local = 0.00603608, global = 0.00018619, cumulative = 0.0228928
smoothSolver:  Solving for nuTilda, Initial residual = 0.0231708, Final residual = 0.00210811, No Iterations 2
ExecutionTime = 4.35704 s  ClockTime = 5 s

forceCoeffs forces write:
    Cm    = 0.190204
    Cd    = 0.0169008
    Cl    = -0.164517
    Cl(f) = 0.107946
    Cl(r) = -0.272463

Time = 73s

smoothSolver:  Solving for Ux, Initial residual = 0.017659, Final residual = 0.00159379, No Iterations 2
smoothSolver:  Solving for Uy, Initial residual = 0.0314717, Final residual = 0.00281671, No Iterations 2
smoothSolver:  Solving for Uz, Initial residual = 0.0335346, Final residual = 0.00309848, No Iterations 2
GAMG:  Solving for p, Initial residual = 0.110732, Final residual = 0.00388814, No Iterations 2
time step continuity errors : sum local = 0.00592312, global = 7.7728e-05, cumulative = 0.0229705
smoothSolver:  Solving for nuTilda, Initial residual = 0.0228167, Final residual = 0.00206987, No Iterations 2
ExecutionTime = 4.41166 s  ClockTime = 5 s

forceCoeffs forces write:
    Cm    = 0.191286
    Cd    = 0.0266867
    Cl    = -0.147518
    Cl(f) = 0.117527
    Cl(r) = -0.265045

Time = 74s

smoothSolver:  Solving for Ux, Initial residual = 0.0174491, Final residual = 0.00157342, No Iterations 2
smoothSolver:  Solving for Uy, Initial residual = 0.0312567, Final residual = 0.00278267, No Iterations 2
smoothSolver:  Solving for Uz, Initial residual = 0.0332618, Final residual = 0.00305647, No Iterations 2
GAMG:  Solving for p, Initial residual = 0.110856, Final residual = 0.00387218, No Iterations 2
time step continuity errors : sum local = 0.0058118, global = -6.62436e-05, cumulative = 0.0229043
smoothSolver:  Solving for nuTilda, Initial residual = 0.0224715, Final residual = 0.00203293, No Iterations 2
ExecutionTime = 4.4659 s  ClockTime = 5 s

forceCoeffs forces write:
    Cm    = 0.191976
    Cd    = 0.0353051
    Cl    = -0.135435
    Cl(f) = 0.124258
    Cl(r) = -0.259693

Time = 75s

smoothSolver:  Solving for Ux, Initial residual = 0.017202, Final residual = 0.00154987, No Iterations 2
smoothSolver:  Solving for Uy, Initial residual = 0.031145, Final residual = 0.00274803, No Iterations 2
smoothSolver:  Solving for Uz, Initial residual = 0.0330612, Final residual = 0.0030231, No Iterations 2
GAMG:  Solving for p, Initial residual = 0.110547, Final residual = 0.0038465, No Iterations 2
time step continuity errors : sum local = 0.00569821, global = -0.000217611, cumulative = 0.0226867
smoothSolver:  Solving for nuTilda, Initial residual = 0.0221624, Final residual = 0.00199506, No Iterations 2
ExecutionTime = 4.52254 s  ClockTime = 5 s

forceCoeffs forces write:
    Cm    = 0.19236
    Cd    = 0.0439116
    Cl    = -0.128602
    Cl(f) = 0.128059
    Cl(r) = -0.256661

Time = 76s

smoothSolver:  Solving for Ux, Initial residual = 0.0169609, Final residual = 0.00152395, No Iterations 2
smoothSolver:  Solving for Uy, Initial residual = 0.0311023, Final residual = 0.00271581, No Iterations 2
smoothSolver:  Solving for Uz, Initial residual = 0.0328331, Final residual = 0.00298974, No Iterations 2
GAMG:  Solving for p, Initial residual = 0.111525, Final residual = 0.0038301, No Iterations 2
time step continuity errors : sum local = 0.00559994, global = -0.000351649, cumulative = 0.022335
smoothSolver:  Solving for nuTilda, Initial residual = 0.021906, Final residual = 0.00196366, No Iterations 2
ExecutionTime = 4.5777 s  ClockTime = 5 s

forceCoeffs forces write:
    Cm    = 0.192702
    Cd    = 0.0539688
    Cl    = -0.125158
    Cl(f) = 0.130122
    Cl(r) = -0.255281

Time = 77s

smoothSolver:  Solving for Ux, Initial residual = 0.0167819, Final residual = 0.00149637, No Iterations 2
smoothSolver:  Solving for Uy, Initial residual = 0.0311501, Final residual = 0.00268951, No Iterations 2
smoothSolver:  Solving for Uz, Initial residual = 0.0325769, Final residual = 0.00296746, No Iterations 2
GAMG:  Solving for p, Initial residual = 0.112723, Final residual = 0.00384041, No Iterations 2
time step continuity errors : sum local = 0.00554559, global = -0.000445594, cumulative = 0.0218894
smoothSolver:  Solving for nuTilda, Initial residual = 0.0216939, Final residual = 0.0019376, No Iterations 2
ExecutionTime = 4.63157 s  ClockTime = 5 s

forceCoeffs forces write:
    Cm    = 0.192998
    Cd    = 0.0663657
    Cl    = -0.122251
    Cl(f) = 0.131872
    Cl(r) = -0.254123

Time = 78s

smoothSolver:  Solving for Ux, Initial residual = 0.0166149, Final residual = 0.00147507, No Iterations 2
smoothSolver:  Solving for Uy, Initial residual = 0.0311889, Final residual = 0.00266723, No Iterations 2
smoothSolver:  Solving for Uz, Initial residual = 0.0322534, Final residual = 0.00294635, No Iterations 2
GAMG:  Solving for p, Initial residual = 0.113633, Final residual = 0.00386224, No Iterations 2
time step continuity errors : sum local = 0.00550669, global = -0.000497995, cumulative = 0.0213915
smoothSolver:  Solving for nuTilda, Initial residual = 0.021474, Final residual = 0.00191878, No Iterations 2
ExecutionTime = 4.68542 s  ClockTime = 5 s

forceCoeffs forces write:
    Cm    = 0.192627
    Cd    = 0.0807099
    Cl    = -0.116387
    Cl(f) = 0.134434
    Cl(r) = -0.250821

Time = 79s

smoothSolver:  Solving for Ux, Initial residual = 0.0163626, Final residual = 0.00145082, No Iterations 2
smoothSolver:  Solving for Uy, Initial residual = 0.0310348, Final residual = 0.00264844, No Iterations 2
smoothSolver:  Solving for Uz, Initial residual = 0.0319481, Final residual = 0.00292448, No Iterations 2
GAMG:  Solving for p, Initial residual = 0.114569, Final residual = 0.00386562, No Iterations 2
time step continuity errors : sum local = 0.00543361, global = -0.000509825, cumulative = 0.0208816
smoothSolver:  Solving for nuTilda, Initial residual = 0.0212428, Final residual = 0.00190027, No Iterations 2
ExecutionTime = 4.73936 s  ClockTime = 5 s

forceCoeffs forces write:
    Cm    = 0.191677
    Cd    = 0.0972533
    Cl    = -0.104733
    Cl(f) = 0.13931
    Cl(r) = -0.244043

Time = 80s

smoothSolver:  Solving for Ux, Initial residual = 0.0161239, Final residual = 0.00142572, No Iterations 2
smoothSolver:  Solving for Uy, Initial residual = 0.0308194, Final residual = 0.00264423, No Iterations 2
smoothSolver:  Solving for Uz, Initial residual = 0.031649, Final residual = 0.00290161, No Iterations 2
GAMG:  Solving for p, Initial residual = 0.115822, Final residual = 0.00383396, No Iterations 2
time step continuity errors : sum local = 0.0053142, global = -0.000484994, cumulative = 0.0203966
smoothSolver:  Solving for nuTilda, Initial residual = 0.0209933, Final residual = 0.00188008, No Iterations 2
ExecutionTime = 4.79305 s  ClockTime = 5 s

forceCoeffs forces write:
    Cm    = 0.190361
    Cd    = 0.116004
    Cl    = -0.0857613
    Cl(f) = 0.147481
    Cl(r) = -0.233242

Time = 81s

smoothSolver:  Solving for Ux, Initial residual = 0.0159028, Final residual = 0.00140415, No Iterations 2
smoothSolver:  Solving for Uy, Initial residual = 0.0307358, Final residual = 0.00264451, No Iterations 2
smoothSolver:  Solving for Uz, Initial residual = 0.0314271, Final residual = 0.00288689, No Iterations 2
GAMG:  Solving for p, Initial residual = 0.1159, Final residual = 0.00379502, No Iterations 2
time step continuity errors : sum local = 0.00518438, global = -0.000428332, cumulative = 0.0199683
smoothSolver:  Solving for nuTilda, Initial residual = 0.020761, Final residual = 0.00186274, No Iterations 2
ExecutionTime = 4.84713 s  ClockTime = 5 s

forceCoeffs forces write:
    Cm    = 0.188526
    Cd    = 0.135957
    Cl    = -0.0598878
    Cl(f) = 0.158582
    Cl(r) = -0.21847

Time = 82s

smoothSolver:  Solving for Ux, Initial residual = 0.0156676, Final residual = 0.00138444, No Iterations 2
smoothSolver:  Solving for Uy, Initial residual = 0.0306368, Final residual = 0.00264606, No Iterations 2
smoothSolver:  Solving for Uz, Initial residual = 0.0313205, Final residual = 0.00287058, No Iterations 2
GAMG:  Solving for p, Initial residual = 0.115471, Final residual = 0.00375369, No Iterations 2
time step continuity errors : sum local = 0.00505179, global = -0.000352736, cumulative = 0.0196156
smoothSolver:  Solving for nuTilda, Initial residual = 0.0205423, Final residual = 0.00184753, No Iterations 2
ExecutionTime = 4.90127 s  ClockTime = 6 s

forceCoeffs forces write:
    Cm    = 0.186051
    Cd    = 0.155605
    Cl    = -0.0294128
    Cl(f) = 0.171345
    Cl(r) = -0.200757

Time = 83s

smoothSolver:  Solving for Ux, Initial residual = 0.0154825, Final residual = 0.00136984, No Iterations 2
smoothSolver:  Solving for Uy, Initial residual = 0.0304331, Final residual = 0.00264451, No Iterations 2
smoothSolver:  Solving for Uz, Initial residual = 0.0311249, Final residual = 0.00284874, No Iterations 2
GAMG:  Solving for p, Initial residual = 0.115696, Final residual = 0.00372877, No Iterations 2
time step continuity errors : sum local = 0.00494923, global = -0.000248827, cumulative = 0.0193667
smoothSolver:  Solving for nuTilda, Initial residual = 0.0202817, Final residual = 0.00183253, No Iterations 2
ExecutionTime = 4.95533 s  ClockTime = 6 s

forceCoeffs forces write:
    Cm    = 0.182878
    Cd    = 0.174398
    Cl    = 0.00270735
    Cl(f) = 0.184231
    Cl(r) = -0.181524

Time = 84s

smoothSolver:  Solving for Ux, Initial residual = 0.0153072, Final residual = 0.00135883, No Iterations 2
smoothSolver:  Solving for Uy, Initial residual = 0.0302885, Final residual = 0.00264408, No Iterations 2
smoothSolver:  Solving for Uz, Initial residual = 0.0308839, Final residual = 0.00282049, No Iterations 2
GAMG:  Solving for p, Initial residual = 0.117825, Final residual = 0.00374523, No Iterations 2
time step continuity errors : sum local = 0.00490271, global = -0.000132083, cumulative = 0.0192347
smoothSolver:  Solving for nuTilda, Initial residual = 0.0200155, Final residual = 0.00181707, No Iterations 2
ExecutionTime = 5.00922 s  ClockTime = 6 s

forceCoeffs forces write:
    Cm    = 0.179166
    Cd    = 0.192232
    Cl    = 0.0342029
    Cl(f) = 0.196268
    Cl(r) = -0.162065

Time = 85s

smoothSolver:  Solving for Ux, Initial residual = 0.0151258, Final residual = 0.0013535, No Iterations 2
smoothSolver:  Solving for Uy, Initial residual = 0.0301567, Final residual = 0.00264949, No Iterations 2
smoothSolver:  Solving for Uz, Initial residual = 0.0306002, Final residual = 0.00278777, No Iterations 2
GAMG:  Solving for p, Initial residual = 0.1208, Final residual = 0.0038167, No Iterations 2
time step continuity errors : sum local = 0.00492602, global = -1.44961e-05, cumulative = 0.0192202
smoothSolver:  Solving for nuTilda, Initial residual = 0.0197643, Final residual = 0.00180082, No Iterations 2
ExecutionTime = 5.06359 s  ClockTime = 6 s

forceCoeffs forces write:
    Cm    = 0.175174
    Cd    = 0.209136
    Cl    = 0.0632782
    Cl(f) = 0.206814
    Cl(r) = -0.143535

Time = 86s

smoothSolver:  Solving for Ux, Initial residual = 0.0149547, Final residual = 0.00134895, No Iterations 2
smoothSolver:  Solving for Uy, Initial residual = 0.0298735, Final residual = 0.00263928, No Iterations 2
smoothSolver:  Solving for Uz, Initial residual = 0.0302371, Final residual = 0.00275017, No Iterations 2
GAMG:  Solving for p, Initial residual = 0.124322, Final residual = 0.00391104, No Iterations 2
time step continuity errors : sum local = 0.00498942, global = 9.48287e-05, cumulative = 0.019315
smoothSolver:  Solving for nuTilda, Initial residual = 0.019587, Final residual = 0.00178534, No Iterations 2
ExecutionTime = 5.11781 s  ClockTime = 6 s

forceCoeffs forces write:
    Cm    = 0.171597
    Cd    = 0.22601
    Cl    = 0.0886606
    Cl(f) = 0.215927
    Cl(r) = -0.127267

Time = 87s

smoothSolver:  Solving for Ux, Initial residual = 0.0147902, Final residual = 0.00134481, No Iterations 2
smoothSolver:  Solving for Uy, Initial residual = 0.0296004, Final residual = 0.00262462, No Iterations 2
smoothSolver:  Solving for Uz, Initial residual = 0.0298533, Final residual = 0.00271832, No Iterations 2
GAMG:  Solving for p, Initial residual = 0.12785, Final residual = 0.00396562, No Iterations 2
time step continuity errors : sum local = 0.00500445, global = 0.000176318, cumulative = 0.0194913
smoothSolver:  Solving for nuTilda, Initial residual = 0.0193888, Final residual = 0.00177175, No Iterations 2
ExecutionTime = 5.1718 s  ClockTime = 6 s

forceCoeffs forces write:
    Cm    = 0.16898
    Cd    = 0.243871
    Cl    = 0.109804
    Cl(f) = 0.223882
    Cl(r) = -0.114079

Time = 88s

smoothSolver:  Solving for Ux, Initial residual = 0.0146551, Final residual = 0.00134558, No Iterations 2
smoothSolver:  Solving for Uy, Initial residual = 0.0292343, Final residual = 0.00261501, No Iterations 2
smoothSolver:  Solving for Uz, Initial residual = 0.029545, Final residual = 0.00269495, No Iterations 2
GAMG:  Solving for p, Initial residual = 0.129047, Final residual = 0.00397944, No Iterations 2
time step continuity errors : sum local = 0.00498156, global = 0.000217367, cumulative = 0.0197087
smoothSolver:  Solving for nuTilda, Initial residual = 0.0191641, Final residual = 0.00175642, No Iterations 2
ExecutionTime = 5.22553 s  ClockTime = 6 s

forceCoeffs forces write:
    Cm    = 0.167146
    Cd    = 0.26232
    Cl    = 0.126916
    Cl(f) = 0.230604
    Cl(r) = -0.103688

Time = 89s

smoothSolver:  Solving for Ux, Initial residual = 0.0145688, Final residual = 0.00134404, No Iterations 2
smoothSolver:  Solving for Uy, Initial residual = 0.0288805, Final residual = 0.00259772, No Iterations 2
smoothSolver:  Solving for Uz, Initial residual = 0.0292174, Final residual = 0.00267474, No Iterations 2
GAMG:  Solving for p, Initial residual = 0.128467, Final residual = 0.00394138, No Iterations 2
time step continuity errors : sum local = 0.0048946, global = 0.000211745, cumulative = 0.0199204
smoothSolver:  Solving for nuTilda, Initial residual = 0.0189318, Final residual = 0.00174974, No Iterations 2
ExecutionTime = 5.27991 s  ClockTime = 6 s

forceCoeffs forces write:
    Cm    = 0.165832
    Cd    = 0.280414
    Cl    = 0.141422
    Cl(f) = 0.236543
    Cl(r) = -0.0951212

Time = 90s

smoothSolver:  Solving for Ux, Initial residual = 0.0144435, Final residual = 0.00134015, No Iterations 2
smoothSolver:  Solving for Uy, Initial residual = 0.0286623, Final residual = 0.0025756, No Iterations 2
smoothSolver:  Solving for Uz, Initial residual = 0.028943, Final residual = 0.0026573, No Iterations 2
GAMG:  Solving for p, Initial residual = 0.129018, Final residual = 0.00388296, No Iterations 2
time step continuity errors : sum local = 0.00477681, global = 0.000169361, cumulative = 0.0200898
smoothSolver:  Solving for nuTilda, Initial residual = 0.0187172, Final residual = 0.0017372, No Iterations 2
ExecutionTime = 5.33362 s  ClockTime = 6 s

forceCoeffs forces write:
    Cm    = 0.16468
    Cd    = 0.297068
    Cl    = 0.154441
    Cl(f) = 0.241901
    Cl(r) = -0.08746

Time = 91s

smoothSolver:  Solving for Ux, Initial residual = 0.0142534, Final residual = 0.00132611, No Iterations 2
smoothSolver:  Solving for Uy, Initial residual = 0.028393, Final residual = 0.00255459, No Iterations 2
smoothSolver:  Solving for Uz, Initial residual = 0.0286401, Final residual = 0.00263982, No Iterations 2
GAMG:  Solving for p, Initial residual = 0.131232, Final residual = 0.00384174, No Iterations 2
time step continuity errors : sum local = 0.00468444, global = 9.96325e-05, cumulative = 0.0201894
smoothSolver:  Solving for nuTilda, Initial residual = 0.018494, Final residual = 0.00171784, No Iterations 2
ExecutionTime = 5.38721 s  ClockTime = 6 s

forceCoeffs forces write:
    Cm    = 0.163366
    Cd    = 0.311326
    Cl    = 0.166716
    Cl(f) = 0.246724
    Cl(r) = -0.0800086

Time = 92s

smoothSolver:  Solving for Ux, Initial residual = 0.0141091, Final residual = 0.0013222, No Iterations 2
smoothSolver:  Solving for Uy, Initial residual = 0.0281018, Final residual = 0.00253174, No Iterations 2
smoothSolver:  Solving for Uz, Initial residual = 0.0283156, Final residual = 0.00261747, No Iterations 2
GAMG:  Solving for p, Initial residual = 0.132832, Final residual = 0.00382561, No Iterations 2
time step continuity errors : sum local = 0.00462733, global = 1.60769e-05, cumulative = 0.0202055
smoothSolver:  Solving for nuTilda, Initial residual = 0.018261, Final residual = 0.00170002, No Iterations 2
ExecutionTime = 5.44137 s  ClockTime = 6 s

forceCoeffs forces write:
    Cm    = 0.161585
    Cd    = 0.322635
    Cl    = 0.1783
    Cl(f) = 0.250735
    Cl(r) = -0.0724348

Time = 93s

smoothSolver:  Solving for Ux, Initial residual = 0.0139804, Final residual = 0.00131583, No Iterations 2
smoothSolver:  Solving for Uy, Initial residual = 0.0277894, Final residual = 0.00251293, No Iterations 2
smoothSolver:  Solving for Uz, Initial residual = 0.027905, Final residual = 0.00259112, No Iterations 2
GAMG:  Solving for p, Initial residual = 0.132168, Final residual = 0.00378614, No Iterations 2
time step continuity errors : sum local = 0.0045452, global = -6.91659e-05, cumulative = 0.0201363
smoothSolver:  Solving for nuTilda, Initial residual = 0.0180402, Final residual = 0.00168132, No Iterations 2
ExecutionTime = 5.49531 s  ClockTime = 6 s

forceCoeffs forces write:
    Cm    = 0.159122
    Cd    = 0.330958
    Cl    = 0.188663
    Cl(f) = 0.253454
    Cl(r) = -0.0647907

Time = 94s

smoothSolver:  Solving for Ux, Initial residual = 0.0138548, Final residual = 0.00131736, No Iterations 2
smoothSolver:  Solving for Uy, Initial residual = 0.0273513, Final residual = 0.00249516, No Iterations 2
smoothSolver:  Solving for Uz, Initial residual = 0.0273948, Final residual = 0.00256113, No Iterations 2
GAMG:  Solving for p, Initial residual = 0.130693, Final residual = 0.00373882, No Iterations 2
time step continuity errors : sum local = 0.00445642, global = -0.000145427, cumulative = 0.0199909
smoothSolver:  Solving for nuTilda, Initial residual = 0.0178261, Final residual = 0.00166722, No Iterations 2
ExecutionTime = 5.54882 s  ClockTime = 6 s

forceCoeffs forces write:
    Cm    = 0.15581
    Cd    = 0.336322
    Cl    = 0.197261
    Cl(f) = 0.25444
    Cl(r) = -0.0571788

Time = 95s

smoothSolver:  Solving for Ux, Initial residual = 0.0137942, Final residual = 0.00132509, No Iterations 2
smoothSolver:  Solving for Uy, Initial residual = 0.0268712, Final residual = 0.00247178, No Iterations 2
smoothSolver:  Solving for Uz, Initial residual = 0.0268271, Final residual = 0.00252956, No Iterations 2
GAMG:  Solving for p, Initial residual = 0.128533, Final residual = 0.00372854, No Iterations 2
time step continuity errors : sum local = 0.00440025, global = -0.000210624, cumulative = 0.0197803
smoothSolver:  Solving for nuTilda, Initial residual = 0.0176119, Final residual = 0.00165435, No Iterations 2
ExecutionTime = 5.60279 s  ClockTime = 6 s

forceCoeffs forces write:
    Cm    = 0.151565
    Cd    = 0.338381
    Cl    = 0.20293
    Cl(f) = 0.253031
    Cl(r) = -0.0501001

Time = 96s

smoothSolver:  Solving for Ux, Initial residual = 0.0137233, Final residual = 0.00133011, No Iterations 2
smoothSolver:  Solving for Uy, Initial residual = 0.0264368, Final residual = 0.00244784, No Iterations 2
smoothSolver:  Solving for Uz, Initial residual = 0.0262689, Final residual = 0.00249506, No Iterations 2
GAMG:  Solving for p, Initial residual = 0.127883, Final residual = 0.00378282, No Iterations 2
time step continuity errors : sum local = 0.00441557, global = -0.000257829, cumulative = 0.0195224
smoothSolver:  Solving for nuTilda, Initial residual = 0.0173978, Final residual = 0.00164053, No Iterations 2
ExecutionTime = 5.65671 s  ClockTime = 6 s

forceCoeffs forces write:
    Cm    = 0.146437
    Cd    = 0.336819
    Cl    = 0.204547
    Cl(f) = 0.248711
    Cl(r) = -0.0441636

Time = 97s

smoothSolver:  Solving for Ux, Initial residual = 0.0136693, Final residual = 0.0013249, No Iterations 2
smoothSolver:  Solving for Uy, Initial residual = 0.0261245, Final residual = 0.00243064, No Iterations 2
smoothSolver:  Solving for Uz, Initial residual = 0.0258463, Final residual = 0.0024629, No Iterations 2
GAMG:  Solving for p, Initial residual = 0.126324, Final residual = 0.00388438, No Iterations 2
time step continuity errors : sum local = 0.00448117, global = -0.000281617, cumulative = 0.0192408
smoothSolver:  Solving for nuTilda, Initial residual = 0.0172982, Final residual = 0.00163092, No Iterations 2
ExecutionTime = 5.7112 s  ClockTime = 6 s

forceCoeffs forces write:
    Cm    = 0.140214
    Cd    = 0.331291
    Cl    = 0.201812
    Cl(f) = 0.24112
    Cl(r) = -0.0393082

Time = 98s

smoothSolver:  Solving for Ux, Initial residual = 0.013678, Final residual = 0.00132462, No Iterations 2
smoothSolver:  Solving for Uy, Initial residual = 0.0258758, Final residual = 0.00240833, No Iterations 2
smoothSolver:  Solving for Uz, Initial residual = 0.025513, Final residual = 0.00243785, No Iterations 2
GAMG:  Solving for p, Initial residual = 0.127183, Final residual = 0.00399245, No Iterations 2
time step continuity errors : sum local = 0.00454119, global = -0.000287113, cumulative = 0.0189537
smoothSolver:  Solving for nuTilda, Initial residual = 0.0172953, Final residual = 0.0016305, No Iterations 2
ExecutionTime = 5.76546 s  ClockTime = 6 s

forceCoeffs forces write:
    Cm    = 0.132542
    Cd    = 0.321382
    Cl    = 0.195193
    Cl(f) = 0.230139
    Cl(r) = -0.0349453

Time = 99s

smoothSolver:  Solving for Ux, Initial residual = 0.0136798, Final residual = 0.00131949, No Iterations 2
smoothSolver:  Solving for Uy, Initial residual = 0.0255769, Final residual = 0.00238233, No Iterations 2
smoothSolver:  Solving for Uz, Initial residual = 0.025366, Final residual = 0.00241004, No Iterations 2
GAMG:  Solving for p, Initial residual = 0.130565, Final residual = 0.00406772, No Iterations 2
time step continuity errors : sum local = 0.00456512, global = -0.000275089, cumulative = 0.0186786
smoothSolver:  Solving for nuTilda, Initial residual = 0.0173848, Final residual = 0.00162958, No Iterations 2
ExecutionTime = 5.81933 s  ClockTime = 6 s

forceCoeffs forces write:
    Cm    = 0.123284
    Cd    = 0.306998
    Cl    = 0.185641
    Cl(f) = 0.216104
    Cl(r) = -0.0304633

Time = 100s

smoothSolver:  Solving for Ux, Initial residual = 0.0136274, Final residual = 0.00131956, No Iterations 2
smoothSolver:  Solving for Uy, Initial residual = 0.0252788, Final residual = 0.00235439, No Iterations 2
smoothSolver:  Solving for Uz, Initial residual = 0.0253553, Final residual = 0.00239923, No Iterations 2
GAMG:  Solving for p, Initial residual = 0.131966, Final residual = 0.00407322, No Iterations 2
time step continuity errors : sum local = 0.00451056, global = -0.000252461, cumulative = 0.0184262
smoothSolver:  Solving for nuTilda, Initial residual = 0.0173583, Final residual = 0.00161973, No Iterations 2
ExecutionTime = 5.88725 s  ClockTime = 7 s

streamlines streamlines write:
    Seeded 20 particles
    Sampled 18301 locations
forceCoeffs forces write:
    Cm    = 0.113062
    Cd    = 0.289566
    Cl    = 0.173963
    Cl(f) = 0.200043
    Cl(r) = -0.0260801

Time = 101s

smoothSolver:  Solving for Ux, Initial residual = 0.0135523, Final residual = 0.00131627, No Iterations 2
smoothSolver:  Solving for Uy, Initial residual = 0.0251138, Final residual = 0.00232493, No Iterations 2
smoothSolver:  Solving for Uz, Initial residual = 0.0254122, Final residual = 0.00239547, No Iterations 2
GAMG:  Solving for p, Initial residual = 0.132083, Final residual = 0.0039724, No Iterations 2
time step continuity errors : sum local = 0.00433547, global = -0.000235216, cumulative = 0.0181909
smoothSolver:  Solving for nuTilda, Initial residual = 0.0173755, Final residual = 0.00160881, No Iterations 2
ExecutionTime = 6.08025 s  ClockTime = 7 s

forceCoeffs forces write:
    Cm    = 0.103044
    Cd    = 0.271814
    Cl    = 0.161107
    Cl(f) = 0.183597
    Cl(r) = -0.0224901

Time = 102s

smoothSolver:  Solving for Ux, Initial residual = 0.0134078, Final residual = 0.00131017, No Iterations 2
smoothSolver:  Solving for Uy, Initial residual = 0.0249171, Final residual = 0.00229404, No Iterations 2
smoothSolver:  Solving for Uz, Initial residual = 0.0255352, Final residual = 0.00240672, No Iterations 2
GAMG:  Solving for p, Initial residual = 0.130803, Final residual = 0.00379725, No Iterations 2
time step continuity errors : sum local = 0.00408366, global = -0.000226956, cumulative = 0.017964
smoothSolver:  Solving for nuTilda, Initial residual = 0.0172621, Final residual = 0.00157743, No Iterations 2
ExecutionTime = 6.13467 s  ClockTime = 7 s

forceCoeffs forces write:
    Cm    = 0.094176
    Cd    = 0.255966
    Cl    = 0.148748
    Cl(f) = 0.16855
    Cl(r) = -0.0198019

Time = 103s

smoothSolver:  Solving for Ux, Initial residual = 0.0132377, Final residual = 0.00129747, No Iterations 2
smoothSolver:  Solving for Uy, Initial residual = 0.0246668, Final residual = 0.0022585, No Iterations 2
smoothSolver:  Solving for Uz, Initial residual = 0.0256421, Final residual = 0.00240834, No Iterations 2
GAMG:  Solving for p, Initial residual = 0.128568, Final residual = 0.00363579, No Iterations 2
time step continuity errors : sum local = 0.00385416, global = -0.00023708, cumulative = 0.0177269
smoothSolver:  Solving for nuTilda, Initial residual = 0.0171556, Final residual = 0.00153338, No Iterations 2
ExecutionTime = 6.18894 s  ClockTime = 7 s

forceCoeffs forces write:
    Cm    = 0.0871564
    Cd    = 0.243624
    Cl    = 0.138532
    Cl(f) = 0.156423
    Cl(r) = -0.0178902

Time = 104s

smoothSolver:  Solving for Ux, Initial residual = 0.0130579, Final residual = 0.00128612, No Iterations 2
smoothSolver:  Solving for Uy, Initial residual = 0.0243196, Final residual = 0.00222587, No Iterations 2
smoothSolver:  Solving for Uz, Initial residual = 0.0257229, Final residual = 0.00239955, No Iterations 2
GAMG:  Solving for p, Initial residual = 0.126646, Final residual = 0.00362841, No Iterations 2
time step continuity errors : sum local = 0.00378643, global = -0.000200876, cumulative = 0.017526
smoothSolver:  Solving for nuTilda, Initial residual = 0.017149, Final residual = 0.00150308, No Iterations 2
ExecutionTime = 6.24339 s  ClockTime = 7 s

forceCoeffs forces write:
    Cm    = 0.0828868
    Cd    = 0.236572
    Cl    = 0.132057
    Cl(f) = 0.148915
    Cl(r) = -0.0168584

Time = 105s

smoothSolver:  Solving for Ux, Initial residual = 0.0128554, Final residual = 0.00127362, No Iterations 2
smoothSolver:  Solving for Uy, Initial residual = 0.0239815, Final residual = 0.0021965, No Iterations 2
smoothSolver:  Solving for Uz, Initial residual = 0.0255658, Final residual = 0.00238385, No Iterations 2
GAMG:  Solving for p, Initial residual = 0.126281, Final residual = 0.00367914, No Iterations 2
time step continuity errors : sum local = 0.00376416, global = -0.000172356, cumulative = 0.0173537
smoothSolver:  Solving for nuTilda, Initial residual = 0.0166609, Final residual = 0.00148517, No Iterations 2
ExecutionTime = 6.29762 s  ClockTime = 7 s

forceCoeffs forces write:
    Cm    = 0.0813232
    Cd    = 0.234494
    Cl    = 0.130586
    Cl(f) = 0.146616
    Cl(r) = -0.0160301

Time = 106s

smoothSolver:  Solving for Ux, Initial residual = 0.012646, Final residual = 0.00126234, No Iterations 2
smoothSolver:  Solving for Uy, Initial residual = 0.023743, Final residual = 0.00217172, No Iterations 2
smoothSolver:  Solving for Uz, Initial residual = 0.0253853, Final residual = 0.00236884, No Iterations 2
GAMG:  Solving for p, Initial residual = 0.124933, Final residual = 0.00369046, No Iterations 2
time step continuity errors : sum local = 0.00370278, global = -0.000138438, cumulative = 0.0172152
smoothSolver:  Solving for nuTilda, Initial residual = 0.0163579, Final residual = 0.00146188, No Iterations 2
ExecutionTime = 6.35171 s  ClockTime = 7 s

forceCoeffs forces write:
    Cm    = 0.0824962
    Cd    = 0.237158
    Cl    = 0.133932
    Cl(f) = 0.149462
    Cl(r) = -0.0155303

Time = 107s

smoothSolver:  Solving for Ux, Initial residual = 0.0124453, Final residual = 0.000394584, No Iterations 3
smoothSolver:  Solving for Uy, Initial residual = 0.0235089, Final residual = 0.00215177, No Iterations 2
smoothSolver:  Solving for Uz, Initial residual = 0.0252813, Final residual = 0.00236587, No Iterations 2
GAMG:  Solving for p, Initial residual = 0.124758, Final residual = 0.00362376, No Iterations 2
time step continuity errors : sum local = 0.00355341, global = -0.000160565, cumulative = 0.0170547
smoothSolver:  Solving for nuTilda, Initial residual = 0.0161901, Final residual = 0.00144556, No Iterations 2
ExecutionTime = 6.40585 s  ClockTime = 7 s

forceCoeffs forces write:
    Cm    = 0.0843976
    Cd    = 0.239799
    Cl    = 0.141182
    Cl(f) = 0.154988
    Cl(r) = -0.0138067

Time = 108s

smoothSolver:  Solving for Ux, Initial residual = 0.0122716, Final residual = 0.000389921, No Iterations 3
smoothSolver:  Solving for Uy, Initial residual = 0.0232662, Final residual = 0.00213922, No Iterations 2
smoothSolver:  Solving for Uz, Initial residual = 0.0253224, Final residual = 0.00238488, No Iterations 2
GAMG:  Solving for p, Initial residual = 0.123647, Final residual = 0.0036459, No Iterations 2
time step continuity errors : sum local = 0.00349279, global = -0.00010298, cumulative = 0.0169517
smoothSolver:  Solving for nuTilda, Initial residual = 0.0160705, Final residual = 0.00142476, No Iterations 2
ExecutionTime = 6.46034 s  ClockTime = 7 s

forceCoeffs forces write:
    Cm    = 0.0868528
    Cd    = 0.242544
    Cl    = 0.149235
    Cl(f) = 0.16147
    Cl(r) = -0.0122356

Time = 109s

smoothSolver:  Solving for Ux, Initial residual = 0.0120412, Final residual = 0.000383781, No Iterations 3
smoothSolver:  Solving for Uy, Initial residual = 0.0230987, Final residual = 0.00213407, No Iterations 2
smoothSolver:  Solving for Uz, Initial residual = 0.0253909, Final residual = 0.00240844, No Iterations 2
GAMG:  Solving for p, Initial residual = 0.123453, Final residual = 0.00348787, No Iterations 2
time step continuity errors : sum local = 0.00325743, global = -0.000150656, cumulative = 0.016801
smoothSolver:  Solving for nuTilda, Initial residual = 0.0161061, Final residual = 0.00140866, No Iterations 2
ExecutionTime = 6.51483 s  ClockTime = 7 s

forceCoeffs forces write:
    Cm    = 0.0891317
    Cd    = 0.244815
    Cl    = 0.155665
    Cl(f) = 0.166964
    Cl(r) = -0.0112991

Time = 110s

smoothSolver:  Solving for Ux, Initial residual = 0.0118335, Final residual = 0.0003783, No Iterations 3
smoothSolver:  Solving for Uy, Initial residual = 0.0230103, Final residual = 0.00213229, No Iterations 2
smoothSolver:  Solving for Uz, Initial residual = 0.0254325, Final residual = 0.00242715, No Iterations 2
GAMG:  Solving for p, Initial residual = 0.122193, Final residual = 0.00350851, No Iterations 2
time step continuity errors : sum local = 0.003205, global = -9.83157e-05, cumulative = 0.0167027
smoothSolver:  Solving for nuTilda, Initial residual = 0.015945, Final residual = 0.00140237, No Iterations 2
ExecutionTime = 6.57008 s  ClockTime = 7 s

forceCoeffs forces write:
    Cm    = 0.0912347
    Cd    = 0.247071
    Cl    = 0.157534
    Cl(f) = 0.170002
    Cl(r) = -0.0124679

Time = 111s

smoothSolver:  Solving for Ux, Initial residual = 0.0116348, Final residual = 0.000372989, No Iterations 3
smoothSolver:  Solving for Uy, Initial residual = 0.0229266, Final residual = 0.00213274, No Iterations 2
smoothSolver:  Solving for Uz, Initial residual = 0.0254823, Final residual = 0.0024513, No Iterations 2
GAMG:  Solving for p, Initial residual = 0.120837, Final residual = 0.00336329, No Iterations 2
time step continuity errors : sum local = 0.00299952, global = -0.000136725, cumulative = 0.016566
smoothSolver:  Solving for nuTilda, Initial residual = 0.0158265, Final residual = 0.00140175, No Iterations 2
ExecutionTime = 6.62438 s  ClockTime = 7 s

forceCoeffs forces write:
    Cm    = 0.0931382
    Cd    = 0.249629
    Cl    = 0.154333
    Cl(f) = 0.170305
    Cl(r) = -0.0159716

Time = 112s

smoothSolver:  Solving for Ux, Initial residual = 0.0114329, Final residual = 0.000367016, No Iterations 3
smoothSolver:  Solving for Uy, Initial residual = 0.022842, Final residual = 0.00213341, No Iterations 2
smoothSolver:  Solving for Uz, Initial residual = 0.0255586, Final residual = 0.00247029, No Iterations 2
GAMG:  Solving for p, Initial residual = 0.118992, Final residual = 0.00339417, No Iterations 2
time step continuity errors : sum local = 0.00296607, global = -0.000137303, cumulative = 0.0164287
smoothSolver:  Solving for nuTilda, Initial residual = 0.0156761, Final residual = 0.00140274, No Iterations 2
ExecutionTime = 6.6787 s  ClockTime = 7 s

forceCoeffs forces write:
    Cm    = 0.0951374
    Cd    = 0.253097
    Cl    = 0.146733
    Cl(f) = 0.168504
    Cl(r) = -0.0217707

Time = 113s

smoothSolver:  Solving for Ux, Initial residual = 0.0112254, Final residual = 0.000360246, No Iterations 3
smoothSolver:  Solving for Uy, Initial residual = 0.0227314, Final residual = 0.00213168, No Iterations 2
smoothSolver:  Solving for Uz, Initial residual = 0.0256136, Final residual = 0.00247624, No Iterations 2
GAMG:  Solving for p, Initial residual = 0.120569, Final residual = 0.00348478, No Iterations 2
time step continuity errors : sum local = 0.00298494, global = -0.000135583, cumulative = 0.0162931
smoothSolver:  Solving for nuTilda, Initial residual = 0.0154902, Final residual = 0.001403, No Iterations 2
ExecutionTime = 6.73341 s  ClockTime = 7 s

forceCoeffs forces write:
    Cm    = 0.0975508
    Cd    = 0.257842
    Cl    = 0.136589
    Cl(f) = 0.165845
    Cl(r) = -0.0292562

Time = 114s

smoothSolver:  Solving for Ux, Initial residual = 0.0110297, Final residual = 0.000352849, No Iterations 3
smoothSolver:  Solving for Uy, Initial residual = 0.0225784, Final residual = 0.00212654, No Iterations 2
smoothSolver:  Solving for Uz, Initial residual = 0.0255294, Final residual = 0.00247501, No Iterations 2
GAMG:  Solving for p, Initial residual = 0.121799, Final residual = 0.00357072, No Iterations 2
time step continuity errors : sum local = 0.00300017, global = -0.000132183, cumulative = 0.0161609
smoothSolver:  Solving for nuTilda, Initial residual = 0.0153185, Final residual = 0.0013978, No Iterations 2
ExecutionTime = 6.78749 s  ClockTime = 7 s

forceCoeffs forces write:
    Cm    = 0.100485
    Cd    = 0.263546
    Cl    = 0.126
    Cl(f) = 0.163485
    Cl(r) = -0.0374848

Time = 115s

smoothSolver:  Solving for Ux, Initial residual = 0.0108269, Final residual = 0.00034503, No Iterations 3
smoothSolver:  Solving for Uy, Initial residual = 0.0224145, Final residual = 0.00211997, No Iterations 2
smoothSolver:  Solving for Uz, Initial residual = 0.0254346, Final residual = 0.0024719, No Iterations 2
GAMG:  Solving for p, Initial residual = 0.122115, Final residual = 0.00359662, No Iterations 2
time step continuity errors : sum local = 0.00296892, global = -0.000123679, cumulative = 0.0160372
smoothSolver:  Solving for nuTilda, Initial residual = 0.0151331, Final residual = 0.00138955, No Iterations 2
ExecutionTime = 6.84201 s  ClockTime = 8 s

forceCoeffs forces write:
    Cm    = 0.103894
    Cd    = 0.26961
    Cl    = 0.116822
    Cl(f) = 0.162305
    Cl(r) = -0.0454829

Time = 116s

smoothSolver:  Solving for Ux, Initial residual = 0.0106407, Final residual = 0.000336727, No Iterations 3
smoothSolver:  Solving for Uy, Initial residual = 0.0222622, Final residual = 0.00211399, No Iterations 2
smoothSolver:  Solving for Uz, Initial residual = 0.0253166, Final residual = 0.00246827, No Iterations 2
GAMG:  Solving for p, Initial residual = 0.122682, Final residual = 0.00357609, No Iterations 2
time step continuity errors : sum local = 0.00290084, global = -0.000111513, cumulative = 0.0159257
smoothSolver:  Solving for nuTilda, Initial residual = 0.014938, Final residual = 0.00138314, No Iterations 2
ExecutionTime = 6.93035 s  ClockTime = 8 s

forceCoeffs forces write:
    Cm    = 0.107673
    Cd    = 0.275482
    Cl    = 0.109968
    Cl(f) = 0.162658
    Cl(r) = -0.0526892

Time = 117s

smoothSolver:  Solving for Ux, Initial residual = 0.0104105, Final residual = 0.000328163, No Iterations 3
smoothSolver:  Solving for Uy, Initial residual = 0.0221828, Final residual = 0.00210955, No Iterations 2
smoothSolver:  Solving for Uz, Initial residual = 0.0252957, Final residual = 0.00246473, No Iterations 2
GAMG:  Solving for p, Initial residual = 0.122227, Final residual = 0.00353551, No Iterations 2
time step continuity errors : sum local = 0.00281657, global = -9.79841e-05, cumulative = 0.0158278
smoothSolver:  Solving for nuTilda, Initial residual = 0.0147801, Final residual = 0.00137589, No Iterations 2
ExecutionTime = 6.98556 s  ClockTime = 8 s

forceCoeffs forces write:
    Cm    = 0.111654
    Cd    = 0.280772
    Cl    = 0.105052
    Cl(f) = 0.16418
    Cl(r) = -0.0591278

Time = 118s

smoothSolver:  Solving for Ux, Initial residual = 0.0101764, Final residual = 0.000319438, No Iterations 3
smoothSolver:  Solving for Uy, Initial residual = 0.0221134, Final residual = 0.00210449, No Iterations 2
smoothSolver:  Solving for Uz, Initial residual = 0.0253123, Final residual = 0.00246373, No Iterations 2
GAMG:  Solving for p, Initial residual = 0.121813, Final residual = 0.00349977, No Iterations 2
time step continuity errors : sum local = 0.00273623, global = -8.75584e-05, cumulative = 0.0157402
smoothSolver:  Solving for nuTilda, Initial residual = 0.0146494, Final residual = 0.00136791, No Iterations 2
ExecutionTime = 7.0404 s  ClockTime = 8 s

forceCoeffs forces write:
    Cm    = 0.115652
    Cd    = 0.285322
    Cl    = 0.100877
    Cl(f) = 0.16609
    Cl(r) = -0.0652129

Time = 119s

smoothSolver:  Solving for Ux, Initial residual = 0.00996324, Final residual = 0.000311005, No Iterations 3
smoothSolver:  Solving for Uy, Initial residual = 0.022039, Final residual = 0.00209736, No Iterations 2
smoothSolver:  Solving for Uz, Initial residual = 0.0252737, Final residual = 0.00245925, No Iterations 2
GAMG:  Solving for p, Initial residual = 0.120646, Final residual = 0.0034843, No Iterations 2
time step continuity errors : sum local = 0.00267131, global = -8.45216e-05, cumulative = 0.0156557
smoothSolver:  Solving for nuTilda, Initial residual = 0.0145251, Final residual = 0.00135906, No Iterations 2
ExecutionTime = 7.09504 s  ClockTime = 8 s

forceCoeffs forces write:
    Cm    = 0.119593
    Cd    = 0.289353
    Cl    = 0.0963179
    Cl(f) = 0.167752
    Cl(r) = -0.0714344

Time = 120s

smoothSolver:  Solving for Ux, Initial residual = 0.00977656, Final residual = 0.000974839, No Iterations 2
smoothSolver:  Solving for Uy, Initial residual = 0.0219467, Final residual = 0.00208562, No Iterations 2
smoothSolver:  Solving for Uz, Initial residual = 0.0251765, Final residual = 0.00244921, No Iterations 2
GAMG:  Solving for p, Initial residual = 0.119476, Final residual = 0.00351397, No Iterations 2
time step continuity errors : sum local = 0.00263878, global = -4.134e-05, cumulative = 0.0156143
smoothSolver:  Solving for nuTilda, Initial residual = 0.014371, Final residual = 0.00134747, No Iterations 2
ExecutionTime = 7.14982 s  ClockTime = 8 s

forceCoeffs forces write:
    Cm    = 0.123903
    Cd    = 0.294042
    Cl    = 0.0901941
    Cl(f) = 0.169
    Cl(r) = -0.0788058

Time = 121s

smoothSolver:  Solving for Ux, Initial residual = 0.00963226, Final residual = 0.000955395, No Iterations 2
smoothSolver:  Solving for Uy, Initial residual = 0.0217945, Final residual = 0.00206823, No Iterations 2
smoothSolver:  Solving for Uz, Initial residual = 0.0250305, Final residual = 0.00243071, No Iterations 2
GAMG:  Solving for p, Initial residual = 0.119237, Final residual = 0.00345878, No Iterations 2
time step continuity errors : sum local = 0.00253761, global = -5.92358e-05, cumulative = 0.0155551
smoothSolver:  Solving for nuTilda, Initial residual = 0.0141559, Final residual = 0.00133375, No Iterations 2
ExecutionTime = 7.20457 s  ClockTime = 8 s

forceCoeffs forces write:
    Cm    = 0.128481
    Cd    = 0.299303
    Cl    = 0.0827117
    Cl(f) = 0.169837
    Cl(r) = -0.087125

Time = 122s

smoothSolver:  Solving for Ux, Initial residual = 0.00951294, Final residual = 0.000938676, No Iterations 2
smoothSolver:  Solving for Uy, Initial residual = 0.0216309, Final residual = 0.00205045, No Iterations 2
smoothSolver:  Solving for Uz, Initial residual = 0.0248619, Final residual = 0.0024084, No Iterations 2
GAMG:  Solving for p, Initial residual = 0.118998, Final residual = 0.00351405, No Iterations 2
time step continuity errors : sum local = 0.00251777, global = -2.585e-05, cumulative = 0.0155292
smoothSolver:  Solving for nuTilda, Initial residual = 0.0139533, Final residual = 0.00131953, No Iterations 2
ExecutionTime = 7.25926 s  ClockTime = 8 s

forceCoeffs forces write:
    Cm    = 0.132849
    Cd    = 0.304717
    Cl    = 0.0755749
    Cl(f) = 0.170637
    Cl(r) = -0.0950616

Time = 123s

smoothSolver:  Solving for Ux, Initial residual = 0.00938946, Final residual = 0.000922023, No Iterations 2
smoothSolver:  Solving for Uy, Initial residual = 0.0214567, Final residual = 0.0020345, No Iterations 2
smoothSolver:  Solving for Uz, Initial residual = 0.024705, Final residual = 0.00238709, No Iterations 2
GAMG:  Solving for p, Initial residual = 0.118902, Final residual = 0.0034683, No Iterations 2
time step continuity errors : sum local = 0.00241773, global = -5.93809e-05, cumulative = 0.0154699
smoothSolver:  Solving for nuTilda, Initial residual = 0.0137541, Final residual = 0.00130591, No Iterations 2
ExecutionTime = 7.31387 s  ClockTime = 8 s

forceCoeffs forces write:
    Cm    = 0.136984
    Cd    = 0.310353
    Cl    = 0.0700286
    Cl(f) = 0.171998
    Cl(r) = -0.101969

Time = 124s

smoothSolver:  Solving for Ux, Initial residual = 0.00924313, Final residual = 0.00090358, No Iterations 2
smoothSolver:  Solving for Uy, Initial residual = 0.0213122, Final residual = 0.00202247, No Iterations 2
smoothSolver:  Solving for Uz, Initial residual = 0.0246067, Final residual = 0.00237112, No Iterations 2
GAMG:  Solving for p, Initial residual = 0.119065, Final residual = 0.00355178, No Iterations 2
time step continuity errors : sum local = 0.00240624, global = -4.15281e-05, cumulative = 0.0154283
smoothSolver:  Solving for nuTilda, Initial residual = 0.0135705, Final residual = 0.00129001, No Iterations 2
ExecutionTime = 7.36787 s  ClockTime = 8 s

forceCoeffs forces write:
    Cm    = 0.140587
    Cd    = 0.315813
    Cl    = 0.0672314
    Cl(f) = 0.174203
    Cl(r) = -0.106971

Time = 125s

smoothSolver:  Solving for Ux, Initial residual = 0.00907646, Final residual = 0.000884517, No Iterations 2
smoothSolver:  Solving for Uy, Initial residual = 0.0211942, Final residual = 0.00201607, No Iterations 2
smoothSolver:  Solving for Uz, Initial residual = 0.024533, Final residual = 0.00236225, No Iterations 2
GAMG:  Solving for p, Initial residual = 0.120043, Final residual = 0.00357259, No Iterations 2
time step continuity errors : sum local = 0.00234331, global = -5.14272e-05, cumulative = 0.0153769
smoothSolver:  Solving for nuTilda, Initial residual = 0.0133655, Final residual = 0.00127568, No Iterations 2
ExecutionTime = 7.42188 s  ClockTime = 8 s

forceCoeffs forces write:
    Cm    = 0.143744
    Cd    = 0.321121
    Cl    = 0.06725
    Cl(f) = 0.177369
    Cl(r) = -0.110119

Time = 126s

smoothSolver:  Solving for Ux, Initial residual = 0.00888229, Final residual = 0.000864221, No Iterations 2
smoothSolver:  Solving for Uy, Initial residual = 0.0211082, Final residual = 0.00201178, No Iterations 2
smoothSolver:  Solving for Uz, Initial residual = 0.0244496, Final residual = 0.00235645, No Iterations 2
GAMG:  Solving for p, Initial residual = 0.120996, Final residual = 0.00358024, No Iterations 2
time step continuity errors : sum local = 0.00226961, global = -6.04902e-05, cumulative = 0.0153164
smoothSolver:  Solving for nuTilda, Initial residual = 0.0131935, Final residual = 0.00126103, No Iterations 2
ExecutionTime = 7.47603 s  ClockTime = 8 s

forceCoeffs forces write:
    Cm    = 0.146547
    Cd    = 0.326188
    Cl    = 0.0692182
    Cl(f) = 0.181156
    Cl(r) = -0.111938

Time = 127s

smoothSolver:  Solving for Ux, Initial residual = 0.00869364, Final residual = 0.000844192, No Iterations 2
smoothSolver:  Solving for Uy, Initial residual = 0.020999, Final residual = 0.00200658, No Iterations 2
smoothSolver:  Solving for Uz, Initial residual = 0.0243582, Final residual = 0.00235104, No Iterations 2
GAMG:  Solving for p, Initial residual = 0.121284, Final residual = 0.00358247, No Iterations 2
time step continuity errors : sum local = 0.00219323, global = -6.74454e-05, cumulative = 0.015249
smoothSolver:  Solving for nuTilda, Initial residual = 0.0130247, Final residual = 0.00124621, No Iterations 2
ExecutionTime = 7.53048 s  ClockTime = 8 s

forceCoeffs forces write:
    Cm    = 0.149011
    Cd    = 0.330698
    Cl    = 0.0717146
    Cl(f) = 0.184868
    Cl(r) = -0.113154

Time = 128s

smoothSolver:  Solving for Ux, Initial residual = 0.00852768, Final residual = 0.000824596, No Iterations 2
smoothSolver:  Solving for Uy, Initial residual = 0.0208894, Final residual = 0.00199591, No Iterations 2
smoothSolver:  Solving for Uz, Initial residual = 0.0242435, Final residual = 0.00234503, No Iterations 2
GAMG:  Solving for p, Initial residual = 0.121369, Final residual = 0.00354893, No Iterations 2
time step continuity errors : sum local = 0.00209765, global = -7.88305e-05, cumulative = 0.0151701
smoothSolver:  Solving for nuTilda, Initial residual = 0.0128825, Final residual = 0.00123375, No Iterations 2
ExecutionTime = 7.58556 s  ClockTime = 8 s

forceCoeffs forces write:
    Cm    = 0.151142
    Cd    = 0.334413
    Cl    = 0.0734551
    Cl(f) = 0.18787
    Cl(r) = -0.114415

Time = 129s

smoothSolver:  Solving for Ux, Initial residual = 0.00837779, Final residual = 0.000806549, No Iterations 2
smoothSolver:  Solving for Uy, Initial residual = 0.0207254, Final residual = 0.00198069, No Iterations 2
smoothSolver:  Solving for Uz, Initial residual = 0.0241169, Final residual = 0.00233794, No Iterations 2
GAMG:  Solving for p, Initial residual = 0.120381, Final residual = 0.00356797, No Iterations 2
time step continuity errors : sum local = 0.00203427, global = -9.01528e-05, cumulative = 0.01508
smoothSolver:  Solving for nuTilda, Initial residual = 0.012694, Final residual = 0.001219, No Iterations 2
ExecutionTime = 7.64026 s  ClockTime = 8 s

forceCoeffs forces write:
    Cm    = 0.152736
    Cd    = 0.336697
    Cl    = 0.0735176
    Cl(f) = 0.189495
    Cl(r) = -0.115977

Time = 130s

smoothSolver:  Solving for Ux, Initial residual = 0.008225, Final residual = 0.000789573, No Iterations 2
smoothSolver:  Solving for Uy, Initial residual = 0.0205196, Final residual = 0.00196121, No Iterations 2
smoothSolver:  Solving for Uz, Initial residual = 0.023959, Final residual = 0.00232189, No Iterations 2
GAMG:  Solving for p, Initial residual = 0.118936, Final residual = 0.0036186, No Iterations 2
time step continuity errors : sum local = 0.00199077, global = -0.00010237, cumulative = 0.0149776
smoothSolver:  Solving for nuTilda, Initial residual = 0.0125392, Final residual = 0.00120651, No Iterations 2
ExecutionTime = 7.695 s  ClockTime = 8 s

forceCoeffs forces write:
    Cm    = 0.153692
    Cd    = 0.337325
    Cl    = 0.0716531
    Cl(f) = 0.189518
    Cl(r) = -0.117865

Time = 131s

smoothSolver:  Solving for Ux, Initial residual = 0.00805938, Final residual = 0.000772659, No Iterations 2
smoothSolver:  Solving for Uy, Initial residual = 0.0203312, Final residual = 0.00194161, No Iterations 2
smoothSolver:  Solving for Uz, Initial residual = 0.0237396, Final residual = 0.00229789, No Iterations 2
GAMG:  Solving for p, Initial residual = 0.118452, Final residual = 0.00367809, No Iterations 2
time step continuity errors : sum local = 0.00195572, global = -0.000113464, cumulative = 0.0148642
smoothSolver:  Solving for nuTilda, Initial residual = 0.0123732, Final residual = 0.00119462, No Iterations 2
ExecutionTime = 7.74941 s  ClockTime = 8 s

forceCoeffs forces write:
    Cm    = 0.153973
    Cd    = 0.336413
    Cl    = 0.0681541
    Cl(f) = 0.18805
    Cl(r) = -0.119896

Time = 132s

smoothSolver:  Solving for Ux, Initial residual = 0.00789706, Final residual = 0.000756514, No Iterations 2
smoothSolver:  Solving for Uy, Initial residual = 0.0201922, Final residual = 0.00192628, No Iterations 2
smoothSolver:  Solving for Uz, Initial residual = 0.0235082, Final residual = 0.00227512, No Iterations 2
GAMG:  Solving for p, Initial residual = 0.118115, Final residual = 0.0037061, No Iterations 2
time step continuity errors : sum local = 0.00190824, global = -0.000120109, cumulative = 0.014744
smoothSolver:  Solving for nuTilda, Initial residual = 0.0122329, Final residual = 0.001185, No Iterations 2
ExecutionTime = 7.80401 s  ClockTime = 8 s

forceCoeffs forces write:
    Cm    = 0.153684
    Cd    = 0.334361
    Cl    = 0.063546
    Cl(f) = 0.185457
    Cl(r) = -0.121911

Time = 133s

smoothSolver:  Solving for Ux, Initial residual = 0.00775096, Final residual = 0.000740847, No Iterations 2
smoothSolver:  Solving for Uy, Initial residual = 0.0200461, Final residual = 0.00191431, No Iterations 2
smoothSolver:  Solving for Uz, Initial residual = 0.0233069, Final residual = 0.00225343, No Iterations 2
GAMG:  Solving for p, Initial residual = 0.117435, Final residual = 0.0037281, No Iterations 2
time step continuity errors : sum local = 0.00186294, global = -0.000128381, cumulative = 0.0146157
smoothSolver:  Solving for nuTilda, Initial residual = 0.0120884, Final residual = 0.00117655, No Iterations 2
ExecutionTime = 7.85841 s  ClockTime = 9 s

forceCoeffs forces write:
    Cm    = 0.153029
    Cd    = 0.331668
    Cl    = 0.0585162
    Cl(f) = 0.182287
    Cl(r) = -0.12377

Time = 134s

smoothSolver:  Solving for Ux, Initial residual = 0.00759682, Final residual = 0.000726095, No Iterations 2
smoothSolver:  Solving for Uy, Initial residual = 0.0199052, Final residual = 0.00190509, No Iterations 2
smoothSolver:  Solving for Uz, Initial residual = 0.0231333, Final residual = 0.00223367, No Iterations 2
GAMG:  Solving for p, Initial residual = 0.115882, Final residual = 0.00373947, No Iterations 2
time step continuity errors : sum local = 0.00181668, global = -0.000128221, cumulative = 0.0144874
smoothSolver:  Solving for nuTilda, Initial residual = 0.011962, Final residual = 0.00116994, No Iterations 2
ExecutionTime = 7.91316 s  ClockTime = 9 s

forceCoeffs forces write:
    Cm    = 0.152153
    Cd    = 0.328735
    Cl    = 0.0534853
    Cl(f) = 0.178896
    Cl(r) = -0.12541

Time = 135s

smoothSolver:  Solving for Ux, Initial residual = 0.00744545, Final residual = 0.000712344, No Iterations 2
smoothSolver:  Solving for Uy, Initial residual = 0.0198115, Final residual = 0.00190075, No Iterations 2
smoothSolver:  Solving for Uz, Initial residual = 0.0229671, Final residual = 0.00221488, No Iterations 2
GAMG:  Solving for p, Initial residual = 0.11426, Final residual = 0.00373279, No Iterations 2
time step continuity errors : sum local = 0.00176679, global = -0.000125794, cumulative = 0.0143617
smoothSolver:  Solving for nuTilda, Initial residual = 0.0118221, Final residual = 0.00116252, No Iterations 2
ExecutionTime = 7.96855 s  ClockTime = 9 s

forceCoeffs forces write:
    Cm    = 0.151338
    Cd    = 0.326131
    Cl    = 0.0486378
    Cl(f) = 0.175657
    Cl(r) = -0.127019

Time = 136s

smoothSolver:  Solving for Ux, Initial residual = 0.00729632, Final residual = 0.000698679, No Iterations 2
smoothSolver:  Solving for Uy, Initial residual = 0.0197493, Final residual = 0.00189975, No Iterations 2
smoothSolver:  Solving for Uz, Initial residual = 0.0228097, Final residual = 0.00219324, No Iterations 2
GAMG:  Solving for p, Initial residual = 0.112367, Final residual = 0.00372388, No Iterations 2
time step continuity errors : sum local = 0.00172037, global = -0.000120793, cumulative = 0.0142409
smoothSolver:  Solving for nuTilda, Initial residual = 0.0116776, Final residual = 0.00115302, No Iterations 2
ExecutionTime = 8.02284 s  ClockTime = 9 s

forceCoeffs forces write:
    Cm    = 0.15068
    Cd    = 0.324071
    Cl    = 0.0440343
    Cl(f) = 0.172698
    Cl(r) = -0.128663

Time = 137s

smoothSolver:  Solving for Ux, Initial residual = 0.0071512, Final residual = 0.000684907, No Iterations 2
smoothSolver:  Solving for Uy, Initial residual = 0.0196586, Final residual = 0.00189962, No Iterations 2
smoothSolver:  Solving for Uz, Initial residual = 0.0226371, Final residual = 0.00216907, No Iterations 2
GAMG:  Solving for p, Initial residual = 0.109661, Final residual = 0.00371704, No Iterations 2
time step continuity errors : sum local = 0.00167582, global = -0.000115003, cumulative = 0.0141259
smoothSolver:  Solving for nuTilda, Initial residual = 0.0115529, Final residual = 0.00114284, No Iterations 2
ExecutionTime = 8.0774 s  ClockTime = 9 s

forceCoeffs forces write:
    Cm    = 0.15016
    Cd    = 0.32242
    Cl    = 0.0397001
    Cl(f) = 0.17001
    Cl(r) = -0.13031

Time = 138s

smoothSolver:  Solving for Ux, Initial residual = 0.00700134, Final residual = 0.000670689, No Iterations 2
smoothSolver:  Solving for Uy, Initial residual = 0.0195555, Final residual = 0.00189865, No Iterations 2
smoothSolver:  Solving for Uz, Initial residual = 0.0224035, Final residual = 0.00214593, No Iterations 2
GAMG:  Solving for p, Initial residual = 0.106672, Final residual = 0.00372103, No Iterations 2
time step continuity errors : sum local = 0.00163785, global = -0.000110827, cumulative = 0.014015
smoothSolver:  Solving for nuTilda, Initial residual = 0.0114234, Final residual = 0.00113173, No Iterations 2
ExecutionTime = 8.13154 s  ClockTime = 9 s

forceCoeffs forces write:
    Cm    = 0.149698
    Cd    = 0.320837
    Cl    = 0.0355149
    Cl(f) = 0.167455
    Cl(r) = -0.13194

Time = 139s

smoothSolver:  Solving for Ux, Initial residual = 0.00685615, Final residual = 0.000656807, No Iterations 2
smoothSolver:  Solving for Uy, Initial residual = 0.0194339, Final residual = 0.00189839, No Iterations 2
smoothSolver:  Solving for Uz, Initial residual = 0.0221175, Final residual = 0.00212372, No Iterations 2
GAMG:  Solving for p, Initial residual = 0.104186, Final residual = 0.00370123, No Iterations 2
time step continuity errors : sum local = 0.00159011, global = -0.000106906, cumulative = 0.0139081
smoothSolver:  Solving for nuTilda, Initial residual = 0.0112905, Final residual = 0.00111838, No Iterations 2
ExecutionTime = 8.18568 s  ClockTime = 9 s

forceCoeffs forces write:
    Cm    = 0.149194
    Cd    = 0.318961
    Cl    = 0.0312709
    Cl(f) = 0.16483
    Cl(r) = -0.133559

Time = 140s

smoothSolver:  Solving for Ux, Initial residual = 0.00672326, Final residual = 0.000642738, No Iterations 2
smoothSolver:  Solving for Uy, Initial residual = 0.0193258, Final residual = 0.00189664, No Iterations 2
smoothSolver:  Solving for Uz, Initial residual = 0.0218734, Final residual = 0.0020994, No Iterations 2
GAMG:  Solving for p, Initial residual = 0.10241, Final residual = 0.00365789, No Iterations 2
time step continuity errors : sum local = 0.0015341, global = -0.000103784, cumulative = 0.0138043
smoothSolver:  Solving for nuTilda, Initial residual = 0.0111555, Final residual = 0.00110735, No Iterations 2
ExecutionTime = 8.24036 s  ClockTime = 9 s

forceCoeffs forces write:
    Cm    = 0.14849
    Cd    = 0.316385
    Cl    = 0.0268366
    Cl(f) = 0.161909
    Cl(r) = -0.135072

Time = 141s

smoothSolver:  Solving for Ux, Initial residual = 0.00658356, Final residual = 0.000628474, No Iterations 2
smoothSolver:  Solving for Uy, Initial residual = 0.0192024, Final residual = 0.00189397, No Iterations 2
smoothSolver:  Solving for Uz, Initial residual = 0.0216436, Final residual = 0.00207406, No Iterations 2
GAMG:  Solving for p, Initial residual = 0.101128, Final residual = 0.00360756, No Iterations 2
time step continuity errors : sum local = 0.00147699, global = -0.00010285, cumulative = 0.0137015
smoothSolver:  Solving for nuTilda, Initial residual = 0.0110395, Final residual = 0.00109527, No Iterations 2
ExecutionTime = 8.29498 s  ClockTime = 9 s

forceCoeffs forces write:
    Cm    = 0.147412
    Cd    = 0.312851
    Cl    = 0.0220674
    Cl(f) = 0.158446
    Cl(r) = -0.136379

Time = 142s

smoothSolver:  Solving for Ux, Initial residual = 0.00644323, Final residual = 0.000614314, No Iterations 2
smoothSolver:  Solving for Uy, Initial residual = 0.0190778, Final residual = 0.00188716, No Iterations 2
smoothSolver:  Solving for Uz, Initial residual = 0.0214073, Final residual = 0.00205112, No Iterations 2
GAMG:  Solving for p, Initial residual = 0.100004, Final residual = 0.00354586, No Iterations 2
time step continuity errors : sum local = 0.00141631, global = -0.000103469, cumulative = 0.013598
smoothSolver:  Solving for nuTilda, Initial residual = 0.0109454, Final residual = 0.00108367, No Iterations 2
ExecutionTime = 8.34915 s  ClockTime = 9 s

forceCoeffs forces write:
    Cm    = 0.145948
    Cd    = 0.308456
    Cl    = 0.0169967
    Cl(f) = 0.154446
    Cl(r) = -0.137449

Time = 143s

smoothSolver:  Solving for Ux, Initial residual = 0.00631088, Final residual = 0.000600751, No Iterations 2
smoothSolver:  Solving for Uy, Initial residual = 0.0189577, Final residual = 0.00188008, No Iterations 2
smoothSolver:  Solving for Uz, Initial residual = 0.0211639, Final residual = 0.00203221, No Iterations 2
GAMG:  Solving for p, Initial residual = 0.0983942, Final residual = 0.00345343, No Iterations 2
time step continuity errors : sum local = 0.00134643, global = -0.000105067, cumulative = 0.013493
smoothSolver:  Solving for nuTilda, Initial residual = 0.010842, Final residual = 0.00107016, No Iterations 2
ExecutionTime = 8.40341 s  ClockTime = 9 s

forceCoeffs forces write:
    Cm    = 0.144209
    Cd    = 0.303557
    Cl    = 0.0118097
    Cl(f) = 0.150114
    Cl(r) = -0.138304

Time = 144s

smoothSolver:  Solving for Ux, Initial residual = 0.0061883, Final residual = 0.000588442, No Iterations 2
smoothSolver:  Solving for Uy, Initial residual = 0.0188475, Final residual = 0.00187195, No Iterations 2
smoothSolver:  Solving for Uz, Initial residual = 0.0209081, Final residual = 0.00201086, No Iterations 2
GAMG:  Solving for p, Initial residual = 0.0967318, Final residual = 0.00334, No Iterations 2
time step continuity errors : sum local = 0.00127244, global = -0.000106659, cumulative = 0.0133863
smoothSolver:  Solving for nuTilda, Initial residual = 0.0107441, Final residual = 0.00105725, No Iterations 2
ExecutionTime = 8.45792 s  ClockTime = 9 s

forceCoeffs forces write:
    Cm    = 0.142378
    Cd    = 0.298697
    Cl    = 0.00681636
    Cl(f) = 0.145786
    Cl(r) = -0.13897

Time = 145s

smoothSolver:  Solving for Ux, Initial residual = 0.0060648, Final residual = 0.000576843, No Iterations 2
smoothSolver:  Solving for Uy, Initial residual = 0.0187555, Final residual = 0.00186233, No Iterations 2
smoothSolver:  Solving for Uz, Initial residual = 0.020649, Final residual = 0.00198649, No Iterations 2
GAMG:  Solving for p, Initial residual = 0.0954516, Final residual = 0.00323202, No Iterations 2
time step continuity errors : sum local = 0.00120434, global = -0.000101607, cumulative = 0.0132847
smoothSolver:  Solving for nuTilda, Initial residual = 0.010638, Final residual = 0.00104507, No Iterations 2
ExecutionTime = 8.51275 s  ClockTime = 9 s

forceCoeffs forces write:
    Cm    = 0.140589
    Cd    = 0.294199
    Cl    = 0.00222371
    Cl(f) = 0.141701
    Cl(r) = -0.139477

Time = 146s

smoothSolver:  Solving for Ux, Initial residual = 0.00594337, Final residual = 0.000565529, No Iterations 2
smoothSolver:  Solving for Uy, Initial residual = 0.0186863, Final residual = 0.0018513, No Iterations 2
smoothSolver:  Solving for Uz, Initial residual = 0.0204101, Final residual = 0.00195796, No Iterations 2
GAMG:  Solving for p, Initial residual = 0.0943331, Final residual = 0.00313854, No Iterations 2
time step continuity errors : sum local = 0.00114484, global = -9.36224e-05, cumulative = 0.0131911
smoothSolver:  Solving for nuTilda, Initial residual = 0.0105318, Final residual = 0.00103154, No Iterations 2
ExecutionTime = 8.56733 s  ClockTime = 9 s

forceCoeffs forces write:
    Cm    = 0.138952
    Cd    = 0.29027
    Cl    = -0.00193278
    Cl(f) = 0.137986
    Cl(r) = -0.139918

Time = 147s

smoothSolver:  Solving for Ux, Initial residual = 0.00582252, Final residual = 0.000554495, No Iterations 2
smoothSolver:  Solving for Uy, Initial residual = 0.0186048, Final residual = 0.00183994, No Iterations 2
smoothSolver:  Solving for Uz, Initial residual = 0.0201644, Final residual = 0.00192929, No Iterations 2
GAMG:  Solving for p, Initial residual = 0.0931911, Final residual = 0.00307469, No Iterations 2
time step continuity errors : sum local = 0.00109955, global = -7.95563e-05, cumulative = 0.0131115
smoothSolver:  Solving for nuTilda, Initial residual = 0.0104186, Final residual = 0.00101845, No Iterations 2
ExecutionTime = 8.62131 s  ClockTime = 9 s

forceCoeffs forces write:
    Cm    = 0.137531
    Cd    = 0.286877
    Cl    = -0.00575721
    Cl(f) = 0.134653
    Cl(r) = -0.14041

Time = 148s

smoothSolver:  Solving for Ux, Initial residual = 0.00570526, Final residual = 0.000543672, No Iterations 2
smoothSolver:  Solving for Uy, Initial residual = 0.0185197, Final residual = 0.0018277, No Iterations 2
smoothSolver:  Solving for Uz, Initial residual = 0.0199073, Final residual = 0.0019008, No Iterations 2
GAMG:  Solving for p, Initial residual = 0.0919649, Final residual = 0.00302649, No Iterations 2
time step continuity errors : sum local = 0.00106308, global = -6.26309e-05, cumulative = 0.0130489
smoothSolver:  Solving for nuTilda, Initial residual = 0.0103105, Final residual = 0.00100622, No Iterations 2
ExecutionTime = 8.67564 s  ClockTime = 9 s

forceCoeffs forces write:
    Cm    = 0.13639
    Cd    = 0.283876
    Cl    = -0.00934606
    Cl(f) = 0.131717
    Cl(r) = -0.141063

Time = 149s

smoothSolver:  Solving for Ux, Initial residual = 0.00559145, Final residual = 0.000533223, No Iterations 2
smoothSolver:  Solving for Uy, Initial residual = 0.0184246, Final residual = 0.00181583, No Iterations 2
smoothSolver:  Solving for Uz, Initial residual = 0.0196357, Final residual = 0.00187333, No Iterations 2
GAMG:  Solving for p, Initial residual = 0.0902779, Final residual = 0.00299774, No Iterations 2
time step continuity errors : sum local = 0.00103556, global = -6.13006e-05, cumulative = 0.0129876
smoothSolver:  Solving for nuTilda, Initial residual = 0.010201, Final residual = 0.000994612, No Iterations 2
ExecutionTime = 8.73019 s  ClockTime = 9 s

forceCoeffs forces write:
    Cm    = 0.135527
    Cd    = 0.281055
    Cl    = -0.0128203
    Cl(f) = 0.129117
    Cl(r) = -0.141938

Time = 150s

smoothSolver:  Solving for Ux, Initial residual = 0.00548276, Final residual = 0.000523869, No Iterations 2
smoothSolver:  Solving for Uy, Initial residual = 0.0183402, Final residual = 0.00180553, No Iterations 2
smoothSolver:  Solving for Uz, Initial residual = 0.0193766, Final residual = 0.00184672, No Iterations 2
GAMG:  Solving for p, Initial residual = 0.0879724, Final residual = 0.0029306, No Iterations 2
time step continuity errors : sum local = 0.000998826, global = -5.36172e-05, cumulative = 0.012934
smoothSolver:  Solving for nuTilda, Initial residual = 0.0100995, Final residual = 0.000983357, No Iterations 2
ExecutionTime = 8.78508 s  ClockTime = 9 s

forceCoeffs forces write:
    Cm    = 0.134872
    Cd    = 0.278227
    Cl    = -0.016269
    Cl(f) = 0.126738
    Cl(r) = -0.143007

Time = 151s

smoothSolver:  Solving for Ux, Initial residual = 0.0053781, Final residual = 0.000514831, No Iterations 2
smoothSolver:  Solving for Uy, Initial residual = 0.018259, Final residual = 0.00179585, No Iterations 2
smoothSolver:  Solving for Uz, Initial residual = 0.0191443, Final residual = 0.00181939, No Iterations 2
GAMG:  Solving for p, Initial residual = 0.0858147, Final residual = 0.00284872, No Iterations 2
time step continuity errors : sum local = 0.000958839, global = -5.0891e-05, cumulative = 0.0128831
smoothSolver:  Solving for nuTilda, Initial residual = 0.0100147, Final residual = 0.000972984, No Iterations 2
ExecutionTime = 8.83961 s  ClockTime = 10 s

forceCoeffs forces write:
    Cm    = 0.134311
    Cd    = 0.275243
    Cl    = -0.0195869
    Cl(f) = 0.124517
    Cl(r) = -0.144104

Time = 152s

smoothSolver:  Solving for Ux, Initial residual = 0.00527319, Final residual = 0.000505947, No Iterations 2
smoothSolver:  Solving for Uy, Initial residual = 0.0181648, Final residual = 0.00178582, No Iterations 2
smoothSolver:  Solving for Uz, Initial residual = 0.0189196, Final residual = 0.00179328, No Iterations 2
GAMG:  Solving for p, Initial residual = 0.0844349, Final residual = 0.00275023, No Iterations 2
time step continuity errors : sum local = 0.000914479, global = -4.86947e-05, cumulative = 0.0128344
smoothSolver:  Solving for nuTilda, Initial residual = 0.00993206, Final residual = 0.000963178, No Iterations 2
ExecutionTime = 8.89411 s  ClockTime = 10 s

forceCoeffs forces write:
    Cm    = 0.133772
    Cd    = 0.272105
    Cl    = -0.0225472
    Cl(f) = 0.122498
    Cl(r) = -0.145045

Time = 153s

smoothSolver:  Solving for Ux, Initial residual = 0.00516849, Final residual = 0.000497068, No Iterations 2
smoothSolver:  Solving for Uy, Initial residual = 0.0180752, Final residual = 0.0017747, No Iterations 2
smoothSolver:  Solving for Uz, Initial residual = 0.0186992, Final residual = 0.00176714, No Iterations 2
GAMG:  Solving for p, Initial residual = 0.0832078, Final residual = 0.00265326, No Iterations 2
time step continuity errors : sum local = 0.000871773, global = -4.62592e-05, cumulative = 0.0127881
smoothSolver:  Solving for nuTilda, Initial residual = 0.00984678, Final residual = 0.000953575, No Iterations 2
ExecutionTime = 8.94871 s  ClockTime = 10 s

forceCoeffs forces write:
    Cm    = 0.133308
    Cd    = 0.269036
    Cl    = -0.0249908
    Cl(f) = 0.120813
    Cl(r) = -0.145804

Time = 154s

smoothSolver:  Solving for Ux, Initial residual = 0.00506905, Final residual = 0.000488392, No Iterations 2
smoothSolver:  Solving for Uy, Initial residual = 0.0179781, Final residual = 0.00176327, No Iterations 2
smoothSolver:  Solving for Uz, Initial residual = 0.0184847, Final residual = 0.001742, No Iterations 2
GAMG:  Solving for p, Initial residual = 0.0821047, Final residual = 0.00256576, No Iterations 2
time step continuity errors : sum local = 0.000833682, global = -4.24968e-05, cumulative = 0.0127456
smoothSolver:  Solving for nuTilda, Initial residual = 0.00975636, Final residual = 0.000943736, No Iterations 2
ExecutionTime = 9.00335 s  ClockTime = 10 s

forceCoeffs forces write:
    Cm    = 0.132989
    Cd    = 0.266287
    Cl    = -0.0268524
    Cl(f) = 0.119563
    Cl(r) = -0.146416

Time = 155s

smoothSolver:  Solving for Ux, Initial residual = 0.00497918, Final residual = 0.000479725, No Iterations 2
smoothSolver:  Solving for Uy, Initial residual = 0.0178897, Final residual = 0.00175132, No Iterations 2
smoothSolver:  Solving for Uz, Initial residual = 0.0182788, Final residual = 0.00171702, No Iterations 2
GAMG:  Solving for p, Initial residual = 0.0811771, Final residual = 0.00249539, No Iterations 2
time step continuity errors : sum local = 0.000801926, global = -3.61945e-05, cumulative = 0.0127094
smoothSolver:  Solving for nuTilda, Initial residual = 0.00966952, Final residual = 0.000934011, No Iterations 2
ExecutionTime = 9.05793 s  ClockTime = 10 s

forceCoeffs forces write:
    Cm    = 0.132841
    Cd    = 0.263991
    Cl    = -0.0280506
    Cl(f) = 0.118815
    Cl(r) = -0.146866

Time = 156s

smoothSolver:  Solving for Ux, Initial residual = 0.00489541, Final residual = 0.000471241, No Iterations 2
smoothSolver:  Solving for Uy, Initial residual = 0.0177994, Final residual = 0.00173898, No Iterations 2
smoothSolver:  Solving for Uz, Initial residual = 0.0180583, Final residual = 0.00169307, No Iterations 2
GAMG:  Solving for p, Initial residual = 0.0805076, Final residual = 0.00244936, No Iterations 2
time step continuity errors : sum local = 0.000778422, global = -2.85939e-05, cumulative = 0.0126808
smoothSolver:  Solving for nuTilda, Initial residual = 0.0095865, Final residual = 0.000924973, No Iterations 2
ExecutionTime = 9.11219 s  ClockTime = 10 s

forceCoeffs forces write:
    Cm    = 0.13287
    Cd    = 0.262203
    Cl    = -0.0285607
    Cl(f) = 0.11859
    Cl(r) = -0.14715

Time = 157s

smoothSolver:  Solving for Ux, Initial residual = 0.00481845, Final residual = 0.000463228, No Iterations 2
smoothSolver:  Solving for Uy, Initial residual = 0.0176995, Final residual = 0.00172645, No Iterations 2
smoothSolver:  Solving for Uz, Initial residual = 0.0178339, Final residual = 0.0016696, No Iterations 2
GAMG:  Solving for p, Initial residual = 0.0795812, Final residual = 0.00242236, No Iterations 2
time step continuity errors : sum local = 0.000761402, global = -2.03063e-05, cumulative = 0.0126605
smoothSolver:  Solving for nuTilda, Initial residual = 0.00951029, Final residual = 0.000916289, No Iterations 2
ExecutionTime = 9.16649 s  ClockTime = 10 s

forceCoeffs forces write:
    Cm    = 0.133053
    Cd    = 0.260847
    Cl    = -0.0284311
    Cl(f) = 0.118838
    Cl(r) = -0.147269

Time = 158s

smoothSolver:  Solving for Ux, Initial residual = 0.00474757, Final residual = 0.000455306, No Iterations 2
smoothSolver:  Solving for Uy, Initial residual = 0.0175919, Final residual = 0.00171281, No Iterations 2
smoothSolver:  Solving for Uz, Initial residual = 0.0176055, Final residual = 0.0016472, No Iterations 2
GAMG:  Solving for p, Initial residual = 0.0785722, Final residual = 0.00241361, No Iterations 2
time step continuity errors : sum local = 0.000750483, global = -1.18643e-05, cumulative = 0.0126487
smoothSolver:  Solving for nuTilda, Initial residual = 0.00943759, Final residual = 0.000906629, No Iterations 2
ExecutionTime = 9.22105 s  ClockTime = 10 s

forceCoeffs forces write:
    Cm    = 0.133363
    Cd    = 0.259834
    Cl    = -0.0277546
    Cl(f) = 0.119486
    Cl(r) = -0.14724

Time = 159s

smoothSolver:  Solving for Ux, Initial residual = 0.00467983, Final residual = 0.000447696, No Iterations 2
smoothSolver:  Solving for Uy, Initial residual = 0.0174789, Final residual = 0.00169898, No Iterations 2
smoothSolver:  Solving for Uz, Initial residual = 0.0173811, Final residual = 0.00162523, No Iterations 2
GAMG:  Solving for p, Initial residual = 0.0769954, Final residual = 0.00241447, No Iterations 2
time step continuity errors : sum local = 0.000742587, global = -3.33823e-06, cumulative = 0.0126453
smoothSolver:  Solving for nuTilda, Initial residual = 0.00935972, Final residual = 0.000897095, No Iterations 2
ExecutionTime = 9.27567 s  ClockTime = 10 s

forceCoeffs forces write:
    Cm    = 0.13375
    Cd    = 0.259034
    Cl    = -0.0266432
    Cl(f) = 0.120428
    Cl(r) = -0.147071

Time = 160s

smoothSolver:  Solving for Ux, Initial residual = 0.00461698, Final residual = 0.000440391, No Iterations 2
smoothSolver:  Solving for Uy, Initial residual = 0.0173512, Final residual = 0.00168385, No Iterations 2
smoothSolver:  Solving for Uz, Initial residual = 0.0171572, Final residual = 0.00160537, No Iterations 2
GAMG:  Solving for p, Initial residual = 0.075565, Final residual = 0.00241617, No Iterations 2
time step continuity errors : sum local = 0.000734935, global = 4.65886e-06, cumulative = 0.01265
smoothSolver:  Solving for nuTilda, Initial residual = 0.00928337, Final residual = 0.000888052, No Iterations 2
ExecutionTime = 9.32988 s  ClockTime = 10 s

forceCoeffs forces write:
    Cm    = 0.134147
    Cd    = 0.258302
    Cl    = -0.0252016
    Cl(f) = 0.121546
    Cl(r) = -0.146748

Time = 161s

smoothSolver:  Solving for Ux, Initial residual = 0.00455534, Final residual = 0.000433201, No Iterations 2
smoothSolver:  Solving for Uy, Initial residual = 0.0172036, Final residual = 0.00166836, No Iterations 2
smoothSolver:  Solving for Uz, Initial residual = 0.0169317, Final residual = 0.00158582, No Iterations 2
GAMG:  Solving for p, Initial residual = 0.0743097, Final residual = 0.00241206, No Iterations 2
time step continuity errors : sum local = 0.000725638, global = 1.21141e-05, cumulative = 0.0126621
smoothSolver:  Solving for nuTilda, Initial residual = 0.00920937, Final residual = 0.000879188, No Iterations 2
ExecutionTime = 9.38429 s  ClockTime = 10 s

forceCoeffs forces write:
    Cm    = 0.134489
    Cd    = 0.257525
    Cl    = -0.0235116
    Cl(f) = 0.122734
    Cl(r) = -0.146245

Time = 162s

smoothSolver:  Solving for Ux, Initial residual = 0.00449344, Final residual = 0.000426226, No Iterations 2
smoothSolver:  Solving for Uy, Initial residual = 0.0170473, Final residual = 0.00165394, No Iterations 2
smoothSolver:  Solving for Uz, Initial residual = 0.0167061, Final residual = 0.00156724, No Iterations 2
GAMG:  Solving for p, Initial residual = 0.0727461, Final residual = 0.00239123, No Iterations 2
time step continuity errors : sum local = 0.000711891, global = 1.89678e-05, cumulative = 0.0126811
smoothSolver:  Solving for nuTilda, Initial residual = 0.00914554, Final residual = 0.000870481, No Iterations 2
ExecutionTime = 9.4386 s  ClockTime = 10 s

forceCoeffs forces write:
    Cm    = 0.134744
    Cd    = 0.256627
    Cl    = -0.0216498
    Cl(f) = 0.123919
    Cl(r) = -0.145569

Time = 163s

smoothSolver:  Solving for Ux, Initial residual = 0.00443242, Final residual = 0.000419486, No Iterations 2
smoothSolver:  Solving for Uy, Initial residual = 0.0168813, Final residual = 0.00163994, No Iterations 2
smoothSolver:  Solving for Uz, Initial residual = 0.0164857, Final residual = 0.00154928, No Iterations 2
GAMG:  Solving for p, Initial residual = 0.0713247, Final residual = 0.00235752, No Iterations 2
time step continuity errors : sum local = 0.000694399, global = 2.49864e-05, cumulative = 0.012706
smoothSolver:  Solving for nuTilda, Initial residual = 0.00907748, Final residual = 0.000861797, No Iterations 2
ExecutionTime = 9.49297 s  ClockTime = 10 s

forceCoeffs forces write:
    Cm    = 0.134902
    Cd    = 0.255563
    Cl    = -0.0196812
    Cl(f) = 0.125062
    Cl(r) = -0.144743

Time = 164s

smoothSolver:  Solving for Ux, Initial residual = 0.00437046, Final residual = 0.000412975, No Iterations 2
smoothSolver:  Solving for Uy, Initial residual = 0.016727, Final residual = 0.00162647, No Iterations 2
smoothSolver:  Solving for Uz, Initial residual = 0.0162715, Final residual = 0.00153241, No Iterations 2
GAMG:  Solving for p, Initial residual = 0.0700638, Final residual = 0.00231747, No Iterations 2
time step continuity errors : sum local = 0.000675241, global = 3.0492e-05, cumulative = 0.0127365
smoothSolver:  Solving for nuTilda, Initial residual = 0.00901103, Final residual = 0.000853289, No Iterations 2
ExecutionTime = 9.54751 s  ClockTime = 10 s

forceCoeffs forces write:
    Cm    = 0.134973
    Cd    = 0.254348
    Cl    = -0.0176255
    Cl(f) = 0.126161
    Cl(r) = -0.143786

Time = 165s

smoothSolver:  Solving for Ux, Initial residual = 0.004309, Final residual = 0.0004066, No Iterations 2
smoothSolver:  Solving for Uy, Initial residual = 0.016577, Final residual = 0.00161334, No Iterations 2
smoothSolver:  Solving for Uz, Initial residual = 0.0160619, Final residual = 0.00151582, No Iterations 2
GAMG:  Solving for p, Initial residual = 0.0686778, Final residual = 0.0022778, No Iterations 2
time step continuity errors : sum local = 0.000656654, global = 3.74049e-05, cumulative = 0.0127739
smoothSolver:  Solving for nuTilda, Initial residual = 0.00894656, Final residual = 0.000844764, No Iterations 2
ExecutionTime = 9.60193 s  ClockTime = 10 s

forceCoeffs forces write:
    Cm    = 0.135019
    Cd    = 0.253085
    Cl    = -0.0155237
    Cl(f) = 0.127257
    Cl(r) = -0.142781

Time = 166s

smoothSolver:  Solving for Ux, Initial residual = 0.00424792, Final residual = 0.000400177, No Iterations 2
smoothSolver:  Solving for Uy, Initial residual = 0.0164235, Final residual = 0.00160041, No Iterations 2
smoothSolver:  Solving for Uz, Initial residual = 0.0158679, Final residual = 0.00150034, No Iterations 2
GAMG:  Solving for p, Initial residual = 0.0671798, Final residual = 0.00224071, No Iterations 2
time step continuity errors : sum local = 0.000639158, global = 3.14532e-05, cumulative = 0.0128054
smoothSolver:  Solving for nuTilda, Initial residual = 0.00888491, Final residual = 0.000835969, No Iterations 2
ExecutionTime = 9.65639 s  ClockTime = 10 s

forceCoeffs forces write:
    Cm    = 0.135041
    Cd    = 0.25184
    Cl    = -0.0133881
    Cl(f) = 0.128347
    Cl(r) = -0.141735

Time = 167s

smoothSolver:  Solving for Ux, Initial residual = 0.00418783, Final residual = 0.000393961, No Iterations 2
smoothSolver:  Solving for Uy, Initial residual = 0.0162734, Final residual = 0.00158812, No Iterations 2
smoothSolver:  Solving for Uz, Initial residual = 0.0156785, Final residual = 0.00148551, No Iterations 2
GAMG:  Solving for p, Initial residual = 0.0655108, Final residual = 0.00219478, No Iterations 2
time step continuity errors : sum local = 0.000620262, global = 4.16713e-05, cumulative = 0.0128471
smoothSolver:  Solving for nuTilda, Initial residual = 0.00882543, Final residual = 0.000827491, No Iterations 2
ExecutionTime = 9.7108 s  ClockTime = 10 s

forceCoeffs forces write:
    Cm    = 0.135039
    Cd    = 0.25068
    Cl    = -0.0112369
    Cl(f) = 0.12942
    Cl(r) = -0.140657

Time = 168s

smoothSolver:  Solving for Ux, Initial residual = 0.00412393, Final residual = 0.000387674, No Iterations 2
smoothSolver:  Solving for Uy, Initial residual = 0.0161323, Final residual = 0.00157635, No Iterations 2
smoothSolver:  Solving for Uz, Initial residual = 0.0155005, Final residual = 0.00147109, No Iterations 2
GAMG:  Solving for p, Initial residual = 0.0640528, Final residual = 0.00216871, No Iterations 2
time step continuity errors : sum local = 0.00060657, global = 3.16794e-05, cumulative = 0.0128787
smoothSolver:  Solving for nuTilda, Initial residual = 0.00876607, Final residual = 0.000819175, No Iterations 2
ExecutionTime = 9.76501 s  ClockTime = 10 s

forceCoeffs forces write:
    Cm    = 0.134991
    Cd    = 0.24969
    Cl    = -0.00914659
    Cl(f) = 0.130418
    Cl(r) = -0.139565

Time = 169s

smoothSolver:  Solving for Ux, Initial residual = 0.00406244, Final residual = 0.000381653, No Iterations 2
smoothSolver:  Solving for Uy, Initial residual = 0.0159905, Final residual = 0.00156417, No Iterations 2
smoothSolver:  Solving for Uz, Initial residual = 0.0153291, Final residual = 0.00145675, No Iterations 2
GAMG:  Solving for p, Initial residual = 0.0627893, Final residual = 0.00213026, No Iterations 2
time step continuity errors : sum local = 0.000590536, global = 4.08109e-05, cumulative = 0.0129196
smoothSolver:  Solving for nuTilda, Initial residual = 0.00869529, Final residual = 0.000810872, No Iterations 2
ExecutionTime = 9.81931 s  ClockTime = 11 s

forceCoeffs forces write:
    Cm    = 0.134923
    Cd    = 0.249013
    Cl    = -0.00702651
    Cl(f) = 0.13141
    Cl(r) = -0.138436

Time = 170s

smoothSolver:  Solving for Ux, Initial residual = 0.0039951, Final residual = 0.000375412, No Iterations 2
smoothSolver:  Solving for Uy, Initial residual = 0.0158593, Final residual = 0.00155235, No Iterations 2
smoothSolver:  Solving for Uz, Initial residual = 0.0151607, Final residual = 0.00144284, No Iterations 2
GAMG:  Solving for p, Initial residual = 0.0616208, Final residual = 0.00211388, No Iterations 2
time step continuity errors : sum local = 0.000580222, global = 3.18461e-05, cumulative = 0.0129514
smoothSolver:  Solving for nuTilda, Initial residual = 0.0086246, Final residual = 0.000802926, No Iterations 2
ExecutionTime = 9.87374 s  ClockTime = 11 s

forceCoeffs forces write:
    Cm    = 0.134796
    Cd    = 0.248489
    Cl    = -0.0049289
    Cl(f) = 0.132331
    Cl(r) = -0.13726

Time = 171s

smoothSolver:  Solving for Ux, Initial residual = 0.00393299, Final residual = 0.000369614, No Iterations 2
smoothSolver:  Solving for Uy, Initial residual = 0.0157342, Final residual = 0.00154063, No Iterations 2
smoothSolver:  Solving for Uz, Initial residual = 0.0150007, Final residual = 0.00142978, No Iterations 2
GAMG:  Solving for p, Initial residual = 0.0605095, Final residual = 0.00208268, No Iterations 2
time step continuity errors : sum local = 0.000566915, global = 4.21659e-05, cumulative = 0.0129936
smoothSolver:  Solving for nuTilda, Initial residual = 0.00855865, Final residual = 0.000795386, No Iterations 2
ExecutionTime = 9.92828 s  ClockTime = 11 s

forceCoeffs forces write:
    Cm    = 0.134591
    Cd    = 0.248005
    Cl    = -0.00276034
    Cl(f) = 0.133211
    Cl(r) = -0.135972

Time = 172s

smoothSolver:  Solving for Ux, Initial residual = 0.00386875, Final residual = 0.000363792, No Iterations 2
smoothSolver:  Solving for Uy, Initial residual = 0.0156218, Final residual = 0.00152997, No Iterations 2
smoothSolver:  Solving for Uz, Initial residual = 0.0148444, Final residual = 0.00141681, No Iterations 2
GAMG:  Solving for p, Initial residual = 0.0596093, Final residual = 0.0020651, No Iterations 2
time step continuity errors : sum local = 0.000556699, global = 3.51642e-05, cumulative = 0.0130287
smoothSolver:  Solving for nuTilda, Initial residual = 0.00849084, Final residual = 0.000787868, No Iterations 2
ExecutionTime = 9.98385 s  ClockTime = 11 s

forceCoeffs forces write:
    Cm    = 0.134268
    Cd    = 0.247395
    Cl    = -0.000534242
    Cl(f) = 0.134001
    Cl(r) = -0.134535

Time = 173s

smoothSolver:  Solving for Ux, Initial residual = 0.0038074, Final residual = 0.000358289, No Iterations 2
smoothSolver:  Solving for Uy, Initial residual = 0.015512, Final residual = 0.00151978, No Iterations 2
smoothSolver:  Solving for Uz, Initial residual = 0.01469, Final residual = 0.00140422, No Iterations 2
GAMG:  Solving for p, Initial residual = 0.0587185, Final residual = 0.00203046, No Iterations 2
time step continuity errors : sum local = 0.000542993, global = 3.59507e-05, cumulative = 0.0130647
smoothSolver:  Solving for nuTilda, Initial residual = 0.00842479, Final residual = 0.000780319, No Iterations 2
ExecutionTime = 10.0379 s  ClockTime = 11 s

forceCoeffs forces write:
    Cm    = 0.133819
    Cd    = 0.246626
    Cl    = 0.00181381
    Cl(f) = 0.134726
    Cl(r) = -0.132912

Time = 174s

smoothSolver:  Solving for Ux, Initial residual = 0.00374649, Final residual = 0.000352828, No Iterations 2
smoothSolver:  Solving for Uy, Initial residual = 0.0154046, Final residual = 0.00151037, No Iterations 2
smoothSolver:  Solving for Uz, Initial residual = 0.0145383, Final residual = 0.00139168, No Iterations 2
GAMG:  Solving for p, Initial residual = 0.0577536, Final residual = 0.00199927, No Iterations 2
time step continuity errors : sum local = 0.000530277, global = 4.51428e-05, cumulative = 0.0131098
smoothSolver:  Solving for nuTilda, Initial residual = 0.0083584, Final residual = 0.000772736, No Iterations 2
ExecutionTime = 10.0922 s  ClockTime = 11 s

forceCoeffs forces write:
    Cm    = 0.133259
    Cd    = 0.245694
    Cl    = 0.00432684
    Cl(f) = 0.135423
    Cl(r) = -0.131096

Time = 175s

smoothSolver:  Solving for Ux, Initial residual = 0.00368338, Final residual = 0.00034727, No Iterations 2
smoothSolver:  Solving for Uy, Initial residual = 0.0153013, Final residual = 0.00150129, No Iterations 2
smoothSolver:  Solving for Uz, Initial residual = 0.0143898, Final residual = 0.00137863, No Iterations 2
GAMG:  Solving for p, Initial residual = 0.0568584, Final residual = 0.00196679, No Iterations 2
time step continuity errors : sum local = 0.000516607, global = 4.01209e-05, cumulative = 0.0131499
smoothSolver:  Solving for nuTilda, Initial residual = 0.00828626, Final residual = 0.000765098, No Iterations 2
ExecutionTime = 10.1467 s  ClockTime = 11 s

forceCoeffs forces write:
    Cm    = 0.132616
    Cd    = 0.244683
    Cl    = 0.00711649
    Cl(f) = 0.136175
    Cl(r) = -0.129058

Time = 176s

smoothSolver:  Solving for Ux, Initial residual = 0.00362376, Final residual = 0.000342038, No Iterations 2
smoothSolver:  Solving for Uy, Initial residual = 0.0152029, Final residual = 0.00149278, No Iterations 2
smoothSolver:  Solving for Uz, Initial residual = 0.0142401, Final residual = 0.00136561, No Iterations 2
GAMG:  Solving for p, Initial residual = 0.0560629, Final residual = 0.00193966, No Iterations 2
time step continuity errors : sum local = 0.000504844, global = 4.09059e-05, cumulative = 0.0131909
smoothSolver:  Solving for nuTilda, Initial residual = 0.00821508, Final residual = 0.000757774, No Iterations 2
ExecutionTime = 10.2012 s  ClockTime = 11 s

forceCoeffs forces write:
    Cm    = 0.131936
    Cd    = 0.243661
    Cl    = 0.0102013
    Cl(f) = 0.137036
    Cl(r) = -0.126835

Time = 177s

smoothSolver:  Solving for Ux, Initial residual = 0.00356388, Final residual = 0.000336852, No Iterations 2
smoothSolver:  Solving for Uy, Initial residual = 0.0151056, Final residual = 0.00148456, No Iterations 2
smoothSolver:  Solving for Uz, Initial residual = 0.0140946, Final residual = 0.00135256, No Iterations 2
GAMG:  Solving for p, Initial residual = 0.0554616, Final residual = 0.00192749, No Iterations 2
time step continuity errors : sum local = 0.000497002, global = 4.72947e-05, cumulative = 0.0132381
smoothSolver:  Solving for nuTilda, Initial residual = 0.00813952, Final residual = 0.000750586, No Iterations 2
ExecutionTime = 10.2553 s  ClockTime = 11 s

forceCoeffs forces write:
    Cm    = 0.13125
    Cd    = 0.24267
    Cl    = 0.0135158
    Cl(f) = 0.138008
    Cl(r) = -0.124492

Time = 178s

smoothSolver:  Solving for Ux, Initial residual = 0.00350268, Final residual = 0.000331641, No Iterations 2
smoothSolver:  Solving for Uy, Initial residual = 0.0150082, Final residual = 0.00147668, No Iterations 2
smoothSolver:  Solving for Uz, Initial residual = 0.0139535, Final residual = 0.00133987, No Iterations 2
GAMG:  Solving for p, Initial residual = 0.0550239, Final residual = 0.0019196, No Iterations 2
time step continuity errors : sum local = 0.000489845, global = 4.74976e-05, cumulative = 0.0132856
smoothSolver:  Solving for nuTilda, Initial residual = 0.0080601, Final residual = 0.000743637, No Iterations 2
ExecutionTime = 10.3098 s  ClockTime = 11 s

forceCoeffs forces write:
    Cm    = 0.130568
    Cd    = 0.241737
    Cl    = 0.0170518
    Cl(f) = 0.139093
    Cl(r) = -0.122042

Time = 179s

smoothSolver:  Solving for Ux, Initial residual = 0.00344343, Final residual = 0.000326589, No Iterations 2
smoothSolver:  Solving for Uy, Initial residual = 0.014916, Final residual = 0.00146931, No Iterations 2
smoothSolver:  Solving for Uz, Initial residual = 0.0138146, Final residual = 0.00132741, No Iterations 2
GAMG:  Solving for p, Initial residual = 0.0545889, Final residual = 0.00191571, No Iterations 2
time step continuity errors : sum local = 0.000483719, global = 4.21309e-05, cumulative = 0.0133278
smoothSolver:  Solving for nuTilda, Initial residual = 0.00798435, Final residual = 0.000736906, No Iterations 2
ExecutionTime = 10.3642 s  ClockTime = 11 s

forceCoeffs forces write:
    Cm    = 0.129902
    Cd    = 0.240844
    Cl    = 0.0206561
    Cl(f) = 0.140231
    Cl(r) = -0.119574

Time = 180s

smoothSolver:  Solving for Ux, Initial residual = 0.00338702, Final residual = 0.000321788, No Iterations 2
smoothSolver:  Solving for Uy, Initial residual = 0.0148237, Final residual = 0.0014622, No Iterations 2
smoothSolver:  Solving for Uz, Initial residual = 0.0136763, Final residual = 0.00131502, No Iterations 2
GAMG:  Solving for p, Initial residual = 0.0539948, Final residual = 0.0019095, No Iterations 2
time step continuity errors : sum local = 0.000477576, global = 4.78006e-05, cumulative = 0.0133756
smoothSolver:  Solving for nuTilda, Initial residual = 0.00790735, Final residual = 0.000730337, No Iterations 2
ExecutionTime = 10.419 s  ClockTime = 11 s

forceCoeffs forces write:
    Cm    = 0.129263
    Cd    = 0.239934
    Cl    = 0.024165
    Cl(f) = 0.141346
    Cl(r) = -0.117181

Time = 181s

smoothSolver:  Solving for Ux, Initial residual = 0.00332894, Final residual = 0.000316917, No Iterations 2
smoothSolver:  Solving for Uy, Initial residual = 0.0147309, Final residual = 0.00145513, No Iterations 2
smoothSolver:  Solving for Uz, Initial residual = 0.0135403, Final residual = 0.00130315, No Iterations 2
GAMG:  Solving for p, Initial residual = 0.0532988, Final residual = 0.0018982, No Iterations 2
time step continuity errors : sum local = 0.00047006, global = 4.83631e-05, cumulative = 0.0134239
smoothSolver:  Solving for nuTilda, Initial residual = 0.00782696, Final residual = 0.000724034, No Iterations 2
ExecutionTime = 10.4741 s  ClockTime = 11 s

forceCoeffs forces write:
    Cm    = 0.12864
    Cd    = 0.239
    Cl    = 0.0275953
    Cl(f) = 0.142437
    Cl(r) = -0.114842

Time = 182s

smoothSolver:  Solving for Ux, Initial residual = 0.00327298, Final residual = 0.000312206, No Iterations 2
smoothSolver:  Solving for Uy, Initial residual = 0.0146388, Final residual = 0.00144826, No Iterations 2
smoothSolver:  Solving for Uz, Initial residual = 0.0134046, Final residual = 0.00129176, No Iterations 2
GAMG:  Solving for p, Initial residual = 0.0525831, Final residual = 0.00187596, No Iterations 2
time step continuity errors : sum local = 0.000460193, global = 4.02271e-05, cumulative = 0.0134642
smoothSolver:  Solving for nuTilda, Initial residual = 0.00774795, Final residual = 0.000717789, No Iterations 2
ExecutionTime = 10.5282 s  ClockTime = 11 s

forceCoeffs forces write:
    Cm    = 0.128035
    Cd    = 0.238054
    Cl    = 0.0309731
    Cl(f) = 0.143521
    Cl(r) = -0.112548

Time = 183s

smoothSolver:  Solving for Ux, Initial residual = 0.00321987, Final residual = 0.000307773, No Iterations 2
smoothSolver:  Solving for Uy, Initial residual = 0.0145497, Final residual = 0.00144141, No Iterations 2
smoothSolver:  Solving for Uz, Initial residual = 0.0132704, Final residual = 0.00128087, No Iterations 2
GAMG:  Solving for p, Initial residual = 0.0517522, Final residual = 0.0018512, No Iterations 2
time step continuity errors : sum local = 0.000450584, global = 4.55679e-05, cumulative = 0.0135097
smoothSolver:  Solving for nuTilda, Initial residual = 0.00766999, Final residual = 0.000712042, No Iterations 2
ExecutionTime = 10.5829 s  ClockTime = 11 s

forceCoeffs forces write:
    Cm    = 0.127462
    Cd    = 0.2371
    Cl    = 0.034268
    Cl(f) = 0.144596
    Cl(r) = -0.110328

Time = 184s

smoothSolver:  Solving for Ux, Initial residual = 0.00316476, Final residual = 0.000303224, No Iterations 2
smoothSolver:  Solving for Uy, Initial residual = 0.0144629, Final residual = 0.00143482, No Iterations 2
smoothSolver:  Solving for Uz, Initial residual = 0.0131357, Final residual = 0.00127001, No Iterations 2
GAMG:  Solving for p, Initial residual = 0.0507856, Final residual = 0.00182709, No Iterations 2
time step continuity errors : sum local = 0.000440956, global = 4.53572e-05, cumulative = 0.0135551
smoothSolver:  Solving for nuTilda, Initial residual = 0.00759428, Final residual = 0.000706572, No Iterations 2
ExecutionTime = 10.6375 s  ClockTime = 11 s

forceCoeffs forces write:
    Cm    = 0.126911
    Cd    = 0.236178
    Cl    = 0.037561
    Cl(f) = 0.145692
    Cl(r) = -0.108131

Time = 185s

smoothSolver:  Solving for Ux, Initial residual = 0.00310983, Final residual = 0.000298742, No Iterations 2
smoothSolver:  Solving for Uy, Initial residual = 0.0143744, Final residual = 0.00142831, No Iterations 2
smoothSolver:  Solving for Uz, Initial residual = 0.0130041, Final residual = 0.00125939, No Iterations 2
GAMG:  Solving for p, Initial residual = 0.0498038, Final residual = 0.00180028, No Iterations 2
time step continuity errors : sum local = 0.000430935, global = 3.62269e-05, cumulative = 0.0135913
smoothSolver:  Solving for nuTilda, Initial residual = 0.00751874, Final residual = 0.00070138, No Iterations 2
ExecutionTime = 10.692 s  ClockTime = 11 s

forceCoeffs forces write:
    Cm    = 0.126369
    Cd    = 0.235321
    Cl    = 0.0408649
    Cl(f) = 0.146802
    Cl(r) = -0.105937

Time = 186s

smoothSolver:  Solving for Ux, Initial residual = 0.00305838, Final residual = 0.000294518, No Iterations 2
smoothSolver:  Solving for Uy, Initial residual = 0.014288, Final residual = 0.00142194, No Iterations 2
smoothSolver:  Solving for Uz, Initial residual = 0.0128754, Final residual = 0.00124971, No Iterations 2
GAMG:  Solving for p, Initial residual = 0.0488151, Final residual = 0.00177818, No Iterations 2
time step continuity errors : sum local = 0.000422669, global = 4.15292e-05, cumulative = 0.0136328
smoothSolver:  Solving for nuTilda, Initial residual = 0.00744212, Final residual = 0.000696181, No Iterations 2
ExecutionTime = 10.7467 s  ClockTime = 11 s

forceCoeffs forces write:
    Cm    = 0.125828
    Cd    = 0.234537
    Cl    = 0.0441481
    Cl(f) = 0.147902
    Cl(r) = -0.103754

Time = 187s

smoothSolver:  Solving for Ux, Initial residual = 0.00300551, Final residual = 0.000290179, No Iterations 2
smoothSolver:  Solving for Uy, Initial residual = 0.0142034, Final residual = 0.00141576, No Iterations 2
smoothSolver:  Solving for Uz, Initial residual = 0.0127484, Final residual = 0.00124056, No Iterations 2
GAMG:  Solving for p, Initial residual = 0.0479442, Final residual = 0.00175767, No Iterations 2
time step continuity errors : sum local = 0.000414455, global = 3.98581e-05, cumulative = 0.0136727
smoothSolver:  Solving for nuTilda, Initial residual = 0.00736625, Final residual = 0.000690969, No Iterations 2
ExecutionTime = 10.8014 s  ClockTime = 12 s

forceCoeffs forces write:
    Cm    = 0.125279
    Cd    = 0.233827
    Cl    = 0.0474306
    Cl(f) = 0.148995
    Cl(r) = -0.101564

Time = 188s

smoothSolver:  Solving for Ux, Initial residual = 0.00295385, Final residual = 0.000285959, No Iterations 2
smoothSolver:  Solving for Uy, Initial residual = 0.0141185, Final residual = 0.00140924, No Iterations 2
smoothSolver:  Solving for Uz, Initial residual = 0.0126265, Final residual = 0.00123203, No Iterations 2
GAMG:  Solving for p, Initial residual = 0.0472216, Final residual = 0.00173851, No Iterations 2
time step continuity errors : sum local = 0.000406714, global = 3.83423e-05, cumulative = 0.013711
smoothSolver:  Solving for nuTilda, Initial residual = 0.00729094, Final residual = 0.000685968, No Iterations 2
ExecutionTime = 10.856 s  ClockTime = 12 s

forceCoeffs forces write:
    Cm    = 0.124743
    Cd    = 0.233209
    Cl    = 0.0506974
    Cl(f) = 0.150091
    Cl(r) = -0.099394

Time = 189s

smoothSolver:  Solving for Ux, Initial residual = 0.00290473, Final residual = 0.000281857, No Iterations 2
smoothSolver:  Solving for Uy, Initial residual = 0.0140356, Final residual = 0.00140259, No Iterations 2
smoothSolver:  Solving for Uz, Initial residual = 0.0125044, Final residual = 0.0012238, No Iterations 2
GAMG:  Solving for p, Initial residual = 0.0465872, Final residual = 0.00172432, No Iterations 2
time step continuity errors : sum local = 0.000400227, global = 3.81196e-05, cumulative = 0.0137492
smoothSolver:  Solving for nuTilda, Initial residual = 0.0072186, Final residual = 0.000681379, No Iterations 2
ExecutionTime = 10.9105 s  ClockTime = 12 s

forceCoeffs forces write:
    Cm    = 0.12423
    Cd    = 0.232675
    Cl    = 0.0539306
    Cl(f) = 0.151195
    Cl(r) = -0.0972643

Time = 190s

smoothSolver:  Solving for Ux, Initial residual = 0.00285568, Final residual = 0.000277834, No Iterations 2
smoothSolver:  Solving for Uy, Initial residual = 0.0139484, Final residual = 0.00041571, No Iterations 3
smoothSolver:  Solving for Uz, Initial residual = 0.0123823, Final residual = 0.00121588, No Iterations 2
GAMG:  Solving for p, Initial residual = 0.0462377, Final residual = 0.00175203, No Iterations 2
time step continuity errors : sum local = 0.000403375, global = 3.89122e-05, cumulative = 0.0137881
smoothSolver:  Solving for nuTilda, Initial residual = 0.00715082, Final residual = 0.0006771, No Iterations 2
ExecutionTime = 10.965 s  ClockTime = 12 s

forceCoeffs forces write:
    Cm    = 0.123843
    Cd    = 0.232247
    Cl    = 0.0568097
    Cl(f) = 0.152248
    Cl(r) = -0.0954383

Time = 191s

smoothSolver:  Solving for Ux, Initial residual = 0.00280985, Final residual = 0.000274051, No Iterations 2
smoothSolver:  Solving for Uy, Initial residual = 0.0138085, Final residual = 0.000412452, No Iterations 3
smoothSolver:  Solving for Uz, Initial residual = 0.0122813, Final residual = 0.00121005, No Iterations 2
GAMG:  Solving for p, Initial residual = 0.0457905, Final residual = 0.00176082, No Iterations 2
time step continuity errors : sum local = 0.000402287, global = 3.13428e-05, cumulative = 0.0138194
smoothSolver:  Solving for nuTilda, Initial residual = 0.00708798, Final residual = 0.00067312, No Iterations 2
ExecutionTime = 11.0201 s  ClockTime = 12 s

forceCoeffs forces write:
    Cm    = 0.123512
    Cd    = 0.231848
    Cl    = 0.0594549
    Cl(f) = 0.153239
    Cl(r) = -0.0937841

Time = 192s

smoothSolver:  Solving for Ux, Initial residual = 0.00276787, Final residual = 0.000270514, No Iterations 2
smoothSolver:  Solving for Uy, Initial residual = 0.0136623, Final residual = 0.000408845, No Iterations 3
smoothSolver:  Solving for Uz, Initial residual = 0.01219, Final residual = 0.00120543, No Iterations 2
GAMG:  Solving for p, Initial residual = 0.0450287, Final residual = 0.00174899, No Iterations 2
time step continuity errors : sum local = 0.000396934, global = 3.45439e-05, cumulative = 0.013854
smoothSolver:  Solving for nuTilda, Initial residual = 0.00702538, Final residual = 0.000669187, No Iterations 2
ExecutionTime = 11.0748 s  ClockTime = 12 s

forceCoeffs forces write:
    Cm    = 0.123193
    Cd    = 0.231453
    Cl    = 0.061946
    Cl(f) = 0.154166
    Cl(r) = -0.0922197

Time = 193s

smoothSolver:  Solving for Ux, Initial residual = 0.00272373, Final residual = 0.000266762, No Iterations 2
smoothSolver:  Solving for Uy, Initial residual = 0.0135352, Final residual = 0.000405692, No Iterations 3
smoothSolver:  Solving for Uz, Initial residual = 0.0120981, Final residual = 0.00120062, No Iterations 2
GAMG:  Solving for p, Initial residual = 0.0444704, Final residual = 0.00172207, No Iterations 2
time step continuity errors : sum local = 0.000387858, global = 3.28517e-05, cumulative = 0.0138868
smoothSolver:  Solving for nuTilda, Initial residual = 0.00696221, Final residual = 0.000665263, No Iterations 2
ExecutionTime = 11.1296 s  ClockTime = 12 s

forceCoeffs forces write:
    Cm    = 0.122874
    Cd    = 0.231104
    Cl    = 0.0644406
    Cl(f) = 0.155094
    Cl(r) = -0.0906535

Time = 194s

smoothSolver:  Solving for Ux, Initial residual = 0.00267936, Final residual = 0.000262928, No Iterations 2
smoothSolver:  Solving for Uy, Initial residual = 0.0134363, Final residual = 0.000403297, No Iterations 3
smoothSolver:  Solving for Uz, Initial residual = 0.0120009, Final residual = 0.00119511, No Iterations 2
GAMG:  Solving for p, Initial residual = 0.0438131, Final residual = 0.00170369, No Iterations 2
time step continuity errors : sum local = 0.00038077, global = 3.24565e-05, cumulative = 0.0139193
smoothSolver:  Solving for nuTilda, Initial residual = 0.0069012, Final residual = 0.000661663, No Iterations 2
ExecutionTime = 11.1845 s  ClockTime = 12 s

forceCoeffs forces write:
    Cm    = 0.122574
    Cd    = 0.230868
    Cl    = 0.067026
    Cl(f) = 0.156087
    Cl(r) = -0.0890612

Time = 195s

smoothSolver:  Solving for Ux, Initial residual = 0.00263526, Final residual = 0.000259101, No Iterations 2
smoothSolver:  Solving for Uy, Initial residual = 0.0133627, Final residual = 0.000401544, No Iterations 3
smoothSolver:  Solving for Uz, Initial residual = 0.0118979, Final residual = 0.00118908, No Iterations 2
GAMG:  Solving for p, Initial residual = 0.0430479, Final residual = 0.00169008, No Iterations 2
time step continuity errors : sum local = 0.000374857, global = 3.2951e-05, cumulative = 0.0139522
smoothSolver:  Solving for nuTilda, Initial residual = 0.00684321, Final residual = 0.000658326, No Iterations 2
ExecutionTime = 11.2395 s  ClockTime = 12 s

forceCoeffs forces write:
    Cm    = 0.122311
    Cd    = 0.230768
    Cl    = 0.0696935
    Cl(f) = 0.157158
    Cl(r) = -0.0874642

Time = 196s

smoothSolver:  Solving for Ux, Initial residual = 0.00259209, Final residual = 0.000255158, No Iterations 2
smoothSolver:  Solving for Uy, Initial residual = 0.0133007, Final residual = 0.000400066, No Iterations 3
smoothSolver:  Solving for Uz, Initial residual = 0.0117932, Final residual = 0.000353538, No Iterations 3
GAMG:  Solving for p, Initial residual = 0.0427351, Final residual = 0.0017581, No Iterations 2
time step continuity errors : sum local = 0.00038698, global = 3.30875e-05, cumulative = 0.0139853
smoothSolver:  Solving for nuTilda, Initial residual = 0.00678706, Final residual = 0.000655336, No Iterations 2
ExecutionTime = 11.2945 s  ClockTime = 12 s

forceCoeffs forces write:
    Cm    = 0.121917
    Cd    = 0.230262
    Cl    = 0.0726725
    Cl(f) = 0.158253
    Cl(r) = -0.0855806

Time = 197s

smoothSolver:  Solving for Ux, Initial residual = 0.00255298, Final residual = 0.000251576, No Iterations 2
smoothSolver:  Solving for Uy, Initial residual = 0.0132548, Final residual = 0.000398966, No Iterations 3
smoothSolver:  Solving for Uz, Initial residual = 0.0116413, Final residual = 0.000350679, No Iterations 3
GAMG:  Solving for p, Initial residual = 0.0423848, Final residual = 0.00179663, No Iterations 2
time step continuity errors : sum local = 0.00039265, global = 2.92922e-05, cumulative = 0.0140146
smoothSolver:  Solving for nuTilda, Initial residual = 0.00673368, Final residual = 0.000652405, No Iterations 2
ExecutionTime = 11.3495 s  ClockTime = 12 s

forceCoeffs forces write:
    Cm    = 0.121385
    Cd    = 0.229416
    Cl    = 0.0758235
    Cl(f) = 0.159297
    Cl(r) = -0.0834734

Time = 198s

smoothSolver:  Solving for Ux, Initial residual = 0.00251642, Final residual = 0.000248235, No Iterations 2
smoothSolver:  Solving for Uy, Initial residual = 0.0132007, Final residual = 0.000397545, No Iterations 3
smoothSolver:  Solving for Uz, Initial residual = 0.011485, Final residual = 0.000347451, No Iterations 3
GAMG:  Solving for p, Initial residual = 0.0416931, Final residual = 0.00177396, No Iterations 2
time step continuity errors : sum local = 0.000385416, global = 3.21243e-05, cumulative = 0.0140467
smoothSolver:  Solving for nuTilda, Initial residual = 0.00668484, Final residual = 0.000649696, No Iterations 2
ExecutionTime = 11.4049 s  ClockTime = 12 s

forceCoeffs forces write:
    Cm    = 0.12077
    Cd    = 0.228403
    Cl    = 0.0789141
    Cl(f) = 0.160227
    Cl(r) = -0.0813124

Time = 199s

smoothSolver:  Solving for Ux, Initial residual = 0.00247887, Final residual = 0.000244763, No Iterations 2
smoothSolver:  Solving for Uy, Initial residual = 0.0131253, Final residual = 0.000395456, No Iterations 3
smoothSolver:  Solving for Uz, Initial residual = 0.011351, Final residual = 0.000344751, No Iterations 3
GAMG:  Solving for p, Initial residual = 0.0409309, Final residual = 0.00172418, No Iterations 2
time step continuity errors : sum local = 0.00037242, global = 2.69032e-05, cumulative = 0.0140736
smoothSolver:  Solving for nuTilda, Initial residual = 0.00663778, Final residual = 0.000647083, No Iterations 2
ExecutionTime = 11.4966 s  ClockTime = 12 s

forceCoeffs forces write:
    Cm    = 0.120165
    Cd    = 0.227466
    Cl    = 0.081798
    Cl(f) = 0.161064
    Cl(r) = -0.0792662

Time = 200s

smoothSolver:  Solving for Ux, Initial residual = 0.00244249, Final residual = 0.000241311, No Iterations 2
smoothSolver:  Solving for Uy, Initial residual = 0.0130296, Final residual = 0.000392635, No Iterations 3
smoothSolver:  Solving for Uz, Initial residual = 0.0112503, Final residual = 0.000342881, No Iterations 3
GAMG:  Solving for p, Initial residual = 0.0402173, Final residual = 0.00168984, No Iterations 2
time step continuity errors : sum local = 0.000363253, global = 2.45608e-05, cumulative = 0.0140982
smoothSolver:  Solving for nuTilda, Initial residual = 0.00659227, Final residual = 0.000644674, No Iterations 2
ExecutionTime = 11.5651 s  ClockTime = 12 s

streamlines streamlines write:
    Seeded 20 particles
    Sampled 12105 locations
forceCoeffs forces write:
    Cm    = 0.119669
    Cd    = 0.226814
    Cl    = 0.0843445
    Cl(f) = 0.161841
    Cl(r) = -0.0774968

Time = 201s

smoothSolver:  Solving for Ux, Initial residual = 0.00240468, Final residual = 0.000237584, No Iterations 2
smoothSolver:  Solving for Uy, Initial residual = 0.0129228, Final residual = 0.000389385, No Iterations 3
smoothSolver:  Solving for Uz, Initial residual = 0.0111798, Final residual = 0.000341668, No Iterations 3
GAMG:  Solving for p, Initial residual = 0.0395481, Final residual = 0.00167645, No Iterations 2
time step continuity errors : sum local = 0.000358567, global = 2.57357e-05, cumulative = 0.0141239
smoothSolver:  Solving for nuTilda, Initial residual = 0.0065486, Final residual = 0.000642252, No Iterations 2
ExecutionTime = 11.7407 s  ClockTime = 12 s

forceCoeffs forces write:
    Cm    = 0.119354
    Cd    = 0.226585
    Cl    = 0.08652
    Cl(f) = 0.162614
    Cl(r) = -0.0760945

Time = 202s

smoothSolver:  Solving for Ux, Initial residual = 0.00236633, Final residual = 0.000233723, No Iterations 2
smoothSolver:  Solving for Uy, Initial residual = 0.012816, Final residual = 0.000386059, No Iterations 3
smoothSolver:  Solving for Uz, Initial residual = 0.0111278, Final residual = 0.000340694, No Iterations 3
GAMG:  Solving for p, Initial residual = 0.0389754, Final residual = 0.00166206, No Iterations 2
time step continuity errors : sum local = 0.000353325, global = 2.42727e-05, cumulative = 0.0141482
smoothSolver:  Solving for nuTilda, Initial residual = 0.00650745, Final residual = 0.000639613, No Iterations 2
ExecutionTime = 11.7956 s  ClockTime = 13 s

forceCoeffs forces write:
    Cm    = 0.119248
    Cd    = 0.226812
    Cl    = 0.0884043
    Cl(f) = 0.163451
    Cl(r) = -0.0750462

Time = 203s

smoothSolver:  Solving for Ux, Initial residual = 0.00232823, Final residual = 0.000229978, No Iterations 2
smoothSolver:  Solving for Uy, Initial residual = 0.0127173, Final residual = 0.000382931, No Iterations 3
smoothSolver:  Solving for Uz, Initial residual = 0.011078, Final residual = 0.000339576, No Iterations 3
GAMG:  Solving for p, Initial residual = 0.0385303, Final residual = 0.00165485, No Iterations 2
time step continuity errors : sum local = 0.000349454, global = 2.32786e-05, cumulative = 0.0141715
smoothSolver:  Solving for nuTilda, Initial residual = 0.00646319, Final residual = 0.000636811, No Iterations 2
ExecutionTime = 11.8507 s  ClockTime = 13 s

forceCoeffs forces write:
    Cm    = 0.119323
    Cd    = 0.227395
    Cl    = 0.0901221
    Cl(f) = 0.164384
    Cl(r) = -0.0742622

Time = 204s

smoothSolver:  Solving for Ux, Initial residual = 0.00229105, Final residual = 0.000226445, No Iterations 2
smoothSolver:  Solving for Uy, Initial residual = 0.0126262, Final residual = 0.000380018, No Iterations 3
smoothSolver:  Solving for Uz, Initial residual = 0.0110166, Final residual = 0.000338088, No Iterations 3
GAMG:  Solving for p, Initial residual = 0.0381746, Final residual = 0.00165982, No Iterations 2
time step continuity errors : sum local = 0.000347963, global = 2.22987e-05, cumulative = 0.0141938
smoothSolver:  Solving for nuTilda, Initial residual = 0.00641892, Final residual = 0.000634086, No Iterations 2
ExecutionTime = 11.9061 s  ClockTime = 13 s

forceCoeffs forces write:
    Cm    = 0.119519
    Cd    = 0.228171
    Cl    = 0.091806
    Cl(f) = 0.165422
    Cl(r) = -0.0736156

Time = 205s

smoothSolver:  Solving for Ux, Initial residual = 0.00225545, Final residual = 0.000223057, No Iterations 2
smoothSolver:  Solving for Uy, Initial residual = 0.0125454, Final residual = 0.000377299, No Iterations 3
smoothSolver:  Solving for Uz, Initial residual = 0.0109416, Final residual = 0.000336192, No Iterations 3
GAMG:  Solving for p, Initial residual = 0.037922, Final residual = 0.0016744, No Iterations 2
time step continuity errors : sum local = 0.000348344, global = 2.16587e-05, cumulative = 0.0142154
smoothSolver:  Solving for nuTilda, Initial residual = 0.00637375, Final residual = 0.000631485, No Iterations 2
ExecutionTime = 11.9614 s  ClockTime = 13 s

forceCoeffs forces write:
    Cm    = 0.119743
    Cd    = 0.228955
    Cl    = 0.093556
    Cl(f) = 0.166521
    Cl(r) = -0.0729654

Time = 206s

smoothSolver:  Solving for Ux, Initial residual = 0.00222153, Final residual = 0.000219812, No Iterations 2
smoothSolver:  Solving for Uy, Initial residual = 0.0124709, Final residual = 0.000374619, No Iterations 3
smoothSolver:  Solving for Uz, Initial residual = 0.0108637, Final residual = 0.000334069, No Iterations 3
GAMG:  Solving for p, Initial residual = 0.0377495, Final residual = 0.00168466, No Iterations 2
time step continuity errors : sum local = 0.000347707, global = 2.00824e-05, cumulative = 0.0142355
smoothSolver:  Solving for nuTilda, Initial residual = 0.00633221, Final residual = 0.000628891, No Iterations 2
ExecutionTime = 12.0164 s  ClockTime = 13 s

forceCoeffs forces write:
    Cm    = 0.119932
    Cd    = 0.229645
    Cl    = 0.0954284
    Cl(f) = 0.167646
    Cl(r) = -0.0722179

Time = 207s

smoothSolver:  Solving for Ux, Initial residual = 0.0021891, Final residual = 0.00021673, No Iterations 2
smoothSolver:  Solving for Uy, Initial residual = 0.0123956, Final residual = 0.000371914, No Iterations 3
smoothSolver:  Solving for Uz, Initial residual = 0.0107875, Final residual = 0.00033188, No Iterations 3
GAMG:  Solving for p, Initial residual = 0.0375811, Final residual = 0.00168029, No Iterations 2
time step continuity errors : sum local = 0.000344037, global = 1.83231e-05, cumulative = 0.0142538
smoothSolver:  Solving for nuTilda, Initial residual = 0.00629166, Final residual = 0.0006264, No Iterations 2
ExecutionTime = 12.0716 s  ClockTime = 13 s

forceCoeffs forces write:
    Cm    = 0.12003
    Cd    = 0.230185
    Cl    = 0.0973962
    Cl(f) = 0.168728
    Cl(r) = -0.0713319

Time = 208s

smoothSolver:  Solving for Ux, Initial residual = 0.00215776, Final residual = 0.000213738, No Iterations 2
smoothSolver:  Solving for Uy, Initial residual = 0.0123199, Final residual = 0.000369181, No Iterations 3
smoothSolver:  Solving for Uz, Initial residual = 0.0107158, Final residual = 0.000329734, No Iterations 3
GAMG:  Solving for p, Initial residual = 0.0374509, Final residual = 0.00166357, No Iterations 2
time step continuity errors : sum local = 0.000337976, global = 1.64274e-05, cumulative = 0.0142703
smoothSolver:  Solving for nuTilda, Initial residual = 0.00625514, Final residual = 0.000623996, No Iterations 2
ExecutionTime = 12.1265 s  ClockTime = 13 s

forceCoeffs forces write:
    Cm    = 0.120019
    Cd    = 0.230591
    Cl    = 0.0993988
    Cl(f) = 0.169718
    Cl(r) = -0.0703194

Time = 209s

smoothSolver:  Solving for Ux, Initial residual = 0.00212711, Final residual = 0.000210851, No Iterations 2
smoothSolver:  Solving for Uy, Initial residual = 0.012237, Final residual = 0.000366354, No Iterations 3
smoothSolver:  Solving for Uz, Initial residual = 0.0106549, Final residual = 0.000327783, No Iterations 3
GAMG:  Solving for p, Initial residual = 0.0372569, Final residual = 0.00163627, No Iterations 2
time step continuity errors : sum local = 0.00032993, global = 1.45245e-05, cumulative = 0.0142848
smoothSolver:  Solving for nuTilda, Initial residual = 0.00621749, Final residual = 0.000621549, No Iterations 2
ExecutionTime = 12.1816 s  ClockTime = 13 s

forceCoeffs forces write:
    Cm    = 0.119921
    Cd    = 0.230944
    Cl    = 0.101358
    Cl(f) = 0.1706
    Cl(r) = -0.0692422

Time = 210s

smoothSolver:  Solving for Ux, Initial residual = 0.0020968, Final residual = 0.000208062, No Iterations 2
smoothSolver:  Solving for Uy, Initial residual = 0.0121534, Final residual = 0.000363421, No Iterations 3
smoothSolver:  Solving for Uz, Initial residual = 0.0106022, Final residual = 0.00032607, No Iterations 3
GAMG:  Solving for p, Initial residual = 0.0370247, Final residual = 0.00160344, No Iterations 2
time step continuity errors : sum local = 0.000320943, global = 1.24828e-05, cumulative = 0.0142973
smoothSolver:  Solving for nuTilda, Initial residual = 0.00617683, Final residual = 0.000185991, No Iterations 3
ExecutionTime = 12.2376 s  ClockTime = 13 s

forceCoeffs forces write:
    Cm    = 0.119812
    Cd    = 0.231381
    Cl    = 0.103176
    Cl(f) = 0.1714
    Cl(r) = -0.0682235

Time = 211s

smoothSolver:  Solving for Ux, Initial residual = 0.00206621, Final residual = 0.000205301, No Iterations 2
smoothSolver:  Solving for Uy, Initial residual = 0.012067, Final residual = 0.000360499, No Iterations 3
smoothSolver:  Solving for Uz, Initial residual = 0.0105551, Final residual = 0.000324574, No Iterations 3
GAMG:  Solving for p, Initial residual = 0.0367729, Final residual = 0.0015677, No Iterations 2
time step continuity errors : sum local = 0.000311544, global = 1.01816e-05, cumulative = 0.0143075
smoothSolver:  Solving for nuTilda, Initial residual = 0.00613042, Final residual = 0.000186052, No Iterations 3
ExecutionTime = 12.2935 s  ClockTime = 13 s

forceCoeffs forces write:
    Cm    = 0.119782
    Cd    = 0.232035
    Cl    = 0.104789
    Cl(f) = 0.172176
    Cl(r) = -0.0673874

Time = 212s

smoothSolver:  Solving for Ux, Initial residual = 0.00203646, Final residual = 0.000202666, No Iterations 2
smoothSolver:  Solving for Uy, Initial residual = 0.0119808, Final residual = 0.000357601, No Iterations 3
smoothSolver:  Solving for Uz, Initial residual = 0.0105095, Final residual = 0.00032304, No Iterations 3
GAMG:  Solving for p, Initial residual = 0.0364976, Final residual = 0.00153372, No Iterations 2
time step continuity errors : sum local = 0.000302634, global = 7.43678e-06, cumulative = 0.0143149
smoothSolver:  Solving for nuTilda, Initial residual = 0.00608607, Final residual = 0.000185721, No Iterations 3
ExecutionTime = 12.3495 s  ClockTime = 13 s

forceCoeffs forces write:
    Cm    = 0.119881
    Cd    = 0.232969
    Cl    = 0.106177
    Cl(f) = 0.172969
    Cl(r) = -0.0667924

Time = 213s

smoothSolver:  Solving for Ux, Initial residual = 0.00200748, Final residual = 0.000200184, No Iterations 2
smoothSolver:  Solving for Uy, Initial residual = 0.0118936, Final residual = 0.000354757, No Iterations 3
smoothSolver:  Solving for Uz, Initial residual = 0.0104612, Final residual = 0.000321519, No Iterations 3
GAMG:  Solving for p, Initial residual = 0.0362538, Final residual = 0.0015055, No Iterations 2
time step continuity errors : sum local = 0.000294955, global = 4.31638e-06, cumulative = 0.0143192
smoothSolver:  Solving for nuTilda, Initial residual = 0.00604557, Final residual = 0.000185151, No Iterations 3
ExecutionTime = 12.405 s  ClockTime = 13 s

forceCoeffs forces write:
    Cm    = 0.120096
    Cd    = 0.234153
    Cl    = 0.107381
    Cl(f) = 0.173786
    Cl(r) = -0.0664051

Time = 214s

smoothSolver:  Solving for Ux, Initial residual = 0.00197952, Final residual = 0.000197826, No Iterations 2
smoothSolver:  Solving for Uy, Initial residual = 0.0118043, Final residual = 0.000351964, No Iterations 3
smoothSolver:  Solving for Uz, Initial residual = 0.0104108, Final residual = 0.000319963, No Iterations 3
GAMG:  Solving for p, Initial residual = 0.0360372, Final residual = 0.00148417, No Iterations 2
time step continuity errors : sum local = 0.000288691, global = 7.29894e-07, cumulative = 0.0143199
smoothSolver:  Solving for nuTilda, Initial residual = 0.00600457, Final residual = 0.000184462, No Iterations 3
ExecutionTime = 12.4605 s  ClockTime = 13 s

forceCoeffs forces write:
    Cm    = 0.120399
    Cd    = 0.23553
    Cl    = 0.108471
    Cl(f) = 0.174634
    Cl(r) = -0.066163

Time = 215s

smoothSolver:  Solving for Ux, Initial residual = 0.00195306, Final residual = 5.81999e-05, No Iterations 3
smoothSolver:  Solving for Uy, Initial residual = 0.0117127, Final residual = 0.000349195, No Iterations 3
smoothSolver:  Solving for Uz, Initial residual = 0.0103577, Final residual = 0.000318367, No Iterations 3
GAMG:  Solving for p, Initial residual = 0.0363148, Final residual = 0.00149563, No Iterations 2
time step continuity errors : sum local = 0.00028877, global = -5.05839e-06, cumulative = 0.0143149
smoothSolver:  Solving for nuTilda, Initial residual = 0.00596633, Final residual = 0.000183723, No Iterations 3
ExecutionTime = 12.516 s  ClockTime = 13 s

forceCoeffs forces write:
    Cm    = 0.121009
    Cd    = 0.237899
    Cl    = 0.109278
    Cl(f) = 0.175648
    Cl(r) = -0.0663701

Time = 216s

smoothSolver:  Solving for Ux, Initial residual = 0.00192305, Final residual = 5.75741e-05, No Iterations 3
smoothSolver:  Solving for Uy, Initial residual = 0.0116386, Final residual = 0.000347127, No Iterations 3
smoothSolver:  Solving for Uz, Initial residual = 0.0103294, Final residual = 0.000317735, No Iterations 3
GAMG:  Solving for p, Initial residual = 0.0363632, Final residual = 0.0014904, No Iterations 2
time step continuity errors : sum local = 0.000285202, global = -1.08277e-05, cumulative = 0.0143041
smoothSolver:  Solving for nuTilda, Initial residual = 0.00592774, Final residual = 0.000182924, No Iterations 3
ExecutionTime = 12.5716 s  ClockTime = 13 s

forceCoeffs forces write:
    Cm    = 0.121812
    Cd    = 0.240852
    Cl    = 0.109906
    Cl(f) = 0.176765
    Cl(r) = -0.0668594

Time = 217s

smoothSolver:  Solving for Ux, Initial residual = 0.00189382, Final residual = 5.69594e-05, No Iterations 3
smoothSolver:  Solving for Uy, Initial residual = 0.0115673, Final residual = 0.000345271, No Iterations 3
smoothSolver:  Solving for Uz, Initial residual = 0.0103132, Final residual = 0.000317524, No Iterations 3
GAMG:  Solving for p, Initial residual = 0.0360073, Final residual = 0.00145306, No Iterations 2
time step continuity errors : sum local = 0.000275182, global = -1.27124e-05, cumulative = 0.0142913
smoothSolver:  Solving for nuTilda, Initial residual = 0.00589169, Final residual = 0.000182098, No Iterations 3
ExecutionTime = 12.6276 s  ClockTime = 13 s

forceCoeffs forces write:
    Cm    = 0.122633
    Cd    = 0.24387
    Cl    = 0.110522
    Cl(f) = 0.177894
    Cl(r) = -0.0673719

Time = 218s

smoothSolver:  Solving for Ux, Initial residual = 0.00186625, Final residual = 5.63739e-05, No Iterations 3
smoothSolver:  Solving for Uy, Initial residual = 0.0114866, Final residual = 0.000343114, No Iterations 3
smoothSolver:  Solving for Uz, Initial residual = 0.0102918, Final residual = 0.000317085, No Iterations 3
GAMG:  Solving for p, Initial residual = 0.035564, Final residual = 0.00142049, No Iterations 2
time step continuity errors : sum local = 0.000265882, global = -8.63036e-06, cumulative = 0.0142827
smoothSolver:  Solving for nuTilda, Initial residual = 0.00585704, Final residual = 0.00018126, No Iterations 3
ExecutionTime = 12.6831 s  ClockTime = 13 s

forceCoeffs forces write:
    Cm    = 0.123284
    Cd    = 0.246464
    Cl    = 0.11116
    Cl(f) = 0.178864
    Cl(r) = -0.067704

Time = 219s

smoothSolver:  Solving for Ux, Initial residual = 0.00183984, Final residual = 5.58022e-05, No Iterations 3
smoothSolver:  Solving for Uy, Initial residual = 0.0113884, Final residual = 0.000340359, No Iterations 3
smoothSolver:  Solving for Uz, Initial residual = 0.0102547, Final residual = 0.000316114, No Iterations 3
GAMG:  Solving for p, Initial residual = 0.035282, Final residual = 0.00137128, No Iterations 2
time step continuity errors : sum local = 0.000253538, global = -1.17106e-05, cumulative = 0.014271
smoothSolver:  Solving for nuTilda, Initial residual = 0.00582149, Final residual = 0.000180398, No Iterations 3
ExecutionTime = 12.7388 s  ClockTime = 13 s

forceCoeffs forces write:
    Cm    = 0.123747
    Cd    = 0.248571
    Cl    = 0.111828
    Cl(f) = 0.179661
    Cl(r) = -0.0678335

Time = 220s

smoothSolver:  Solving for Ux, Initial residual = 0.00181706, Final residual = 5.53473e-05, No Iterations 3
smoothSolver:  Solving for Uy, Initial residual = 0.011277, Final residual = 0.000337099, No Iterations 3
smoothSolver:  Solving for Uz, Initial residual = 0.0102048, Final residual = 0.000314704, No Iterations 3
GAMG:  Solving for p, Initial residual = 0.0350265, Final residual = 0.00135176, No Iterations 2
time step continuity errors : sum local = 0.000247493, global = -1.16055e-05, cumulative = 0.0142594
smoothSolver:  Solving for nuTilda, Initial residual = 0.00578248, Final residual = 0.000179553, No Iterations 3
ExecutionTime = 12.7946 s  ClockTime = 14 s

forceCoeffs forces write:
    Cm    = 0.124069
    Cd    = 0.250378
    Cl    = 0.112514
    Cl(f) = 0.180326
    Cl(r) = -0.0678121

Time = 221s

smoothSolver:  Solving for Ux, Initial residual = 0.0017961, Final residual = 5.49637e-05, No Iterations 3
smoothSolver:  Solving for Uy, Initial residual = 0.0111614, Final residual = 0.000333723, No Iterations 3
smoothSolver:  Solving for Uz, Initial residual = 0.0101464, Final residual = 0.000313076, No Iterations 3
GAMG:  Solving for p, Initial residual = 0.034721, Final residual = 0.00133445, No Iterations 2
time step continuity errors : sum local = 0.000242385, global = -1.19439e-05, cumulative = 0.0142475
smoothSolver:  Solving for nuTilda, Initial residual = 0.00574296, Final residual = 0.000178717, No Iterations 3
ExecutionTime = 12.8504 s  ClockTime = 14 s

forceCoeffs forces write:
    Cm    = 0.124371
    Cd    = 0.252244
    Cl    = 0.113242
    Cl(f) = 0.180992
    Cl(r) = -0.0677499

Time = 222s

smoothSolver:  Solving for Ux, Initial residual = 0.00177618, Final residual = 5.45819e-05, No Iterations 3
smoothSolver:  Solving for Uy, Initial residual = 0.0110485, Final residual = 0.000330501, No Iterations 3
smoothSolver:  Solving for Uz, Initial residual = 0.0100911, Final residual = 0.000311544, No Iterations 3
GAMG:  Solving for p, Initial residual = 0.0343514, Final residual = 0.00132829, No Iterations 2
time step continuity errors : sum local = 0.000239543, global = -1.01967e-05, cumulative = 0.0142373
smoothSolver:  Solving for nuTilda, Initial residual = 0.00570825, Final residual = 0.0001779, No Iterations 3
ExecutionTime = 12.9039 s  ClockTime = 14 s

forceCoeffs forces write:
    Cm    = 0.124748
    Cd    = 0.254445
    Cl    = 0.113974
    Cl(f) = 0.181735
    Cl(r) = -0.0677611

Time = 223s

smoothSolver:  Solving for Ux, Initial residual = 0.00175624, Final residual = 5.41632e-05, No Iterations 3
smoothSolver:  Solving for Uy, Initial residual = 0.0109422, Final residual = 0.000327521, No Iterations 3
smoothSolver:  Solving for Uz, Initial residual = 0.0100421, Final residual = 0.000310327, No Iterations 3
GAMG:  Solving for p, Initial residual = 0.0339878, Final residual = 0.00130585, No Iterations 2
time step continuity errors : sum local = 0.000233724, global = -1.43112e-05, cumulative = 0.0142229
smoothSolver:  Solving for nuTilda, Initial residual = 0.00567236, Final residual = 0.00017709, No Iterations 3
ExecutionTime = 12.9596 s  ClockTime = 14 s

forceCoeffs forces write:
    Cm    = 0.125257
    Cd    = 0.257049
    Cl    = 0.114467
    Cl(f) = 0.182491
    Cl(r) = -0.0680238

Time = 224s

smoothSolver:  Solving for Ux, Initial residual = 0.00173802, Final residual = 5.37952e-05, No Iterations 3
smoothSolver:  Solving for Uy, Initial residual = 0.0108427, Final residual = 0.00032473, No Iterations 3
smoothSolver:  Solving for Uz, Initial residual = 0.0100017, Final residual = 0.000309566, No Iterations 3
GAMG:  Solving for p, Initial residual = 0.0335735, Final residual = 0.00130873, No Iterations 2
time step continuity errors : sum local = 0.000232812, global = -9.98315e-06, cumulative = 0.014213
smoothSolver:  Solving for nuTilda, Initial residual = 0.00563703, Final residual = 0.000176293, No Iterations 3
ExecutionTime = 13.0155 s  ClockTime = 14 s

forceCoeffs forces write:
    Cm    = 0.125954
    Cd    = 0.260173
    Cl    = 0.114772
    Cl(f) = 0.18334
    Cl(r) = -0.0685681

Time = 225s

smoothSolver:  Solving for Ux, Initial residual = 0.00172011, Final residual = 5.33641e-05, No Iterations 3
smoothSolver:  Solving for Uy, Initial residual = 0.010746, Final residual = 0.000322054, No Iterations 3
smoothSolver:  Solving for Uz, Initial residual = 0.00996961, Final residual = 0.000309094, No Iterations 3
GAMG:  Solving for p, Initial residual = 0.0332041, Final residual = 0.00128607, No Iterations 2
time step continuity errors : sum local = 0.000227041, global = -1.54335e-05, cumulative = 0.0141975
smoothSolver:  Solving for nuTilda, Initial residual = 0.00560267, Final residual = 0.000175514, No Iterations 3
ExecutionTime = 13.0714 s  ClockTime = 14 s

forceCoeffs forces write:
    Cm    = 0.126802
    Cd    = 0.263609
    Cl    = 0.114723
    Cl(f) = 0.184164
    Cl(r) = -0.0694403

Time = 226s

smoothSolver:  Solving for Ux, Initial residual = 0.00170424, Final residual = 5.30215e-05, No Iterations 3
smoothSolver:  Solving for Uy, Initial residual = 0.0106494, Final residual = 0.00031936, No Iterations 3
smoothSolver:  Solving for Uz, Initial residual = 0.00994153, Final residual = 0.000308777, No Iterations 3
GAMG:  Solving for p, Initial residual = 0.0327978, Final residual = 0.00128384, No Iterations 2
time step continuity errors : sum local = 0.000225245, global = -1.03865e-05, cumulative = 0.0141871
smoothSolver:  Solving for nuTilda, Initial residual = 0.00556756, Final residual = 0.000174736, No Iterations 3
ExecutionTime = 13.1272 s  ClockTime = 14 s

forceCoeffs forces write:
    Cm    = 0.127802
    Cd    = 0.26736
    Cl    = 0.114511
    Cl(f) = 0.185058
    Cl(r) = -0.0705472

Time = 227s

smoothSolver:  Solving for Ux, Initial residual = 0.00168901, Final residual = 5.26101e-05, No Iterations 3
smoothSolver:  Solving for Uy, Initial residual = 0.0105511, Final residual = 0.00031654, No Iterations 3
smoothSolver:  Solving for Uz, Initial residual = 0.00991447, Final residual = 0.000308472, No Iterations 3
GAMG:  Solving for p, Initial residual = 0.0324934, Final residual = 0.0012674, No Iterations 2
time step continuity errors : sum local = 0.000220528, global = -9.79899e-06, cumulative = 0.0141773
smoothSolver:  Solving for nuTilda, Initial residual = 0.00553479, Final residual = 0.000174024, No Iterations 3
ExecutionTime = 13.1833 s  ClockTime = 14 s

forceCoeffs forces write:
    Cm    = 0.128881
    Cd    = 0.271238
    Cl    = 0.11415
    Cl(f) = 0.185956
    Cl(r) = -0.0718063

Time = 228s

smoothSolver:  Solving for Ux, Initial residual = 0.0016751, Final residual = 5.22234e-05, No Iterations 3
smoothSolver:  Solving for Uy, Initial residual = 0.0104524, Final residual = 0.000313654, No Iterations 3
smoothSolver:  Solving for Uz, Initial residual = 0.00988702, Final residual = 0.000308152, No Iterations 3
GAMG:  Solving for p, Initial residual = 0.0322514, Final residual = 0.00125396, No Iterations 2
time step continuity errors : sum local = 0.00021633, global = -1.39744e-05, cumulative = 0.0141634
smoothSolver:  Solving for nuTilda, Initial residual = 0.00550179, Final residual = 0.000173327, No Iterations 3
ExecutionTime = 13.2391 s  ClockTime = 14 s

forceCoeffs forces write:
    Cm    = 0.129999
    Cd    = 0.275154
    Cl    = 0.113657
    Cl(f) = 0.186828
    Cl(r) = -0.0731702

Time = 229s

smoothSolver:  Solving for Ux, Initial residual = 0.00166208, Final residual = 5.19074e-05, No Iterations 3
smoothSolver:  Solving for Uy, Initial residual = 0.010354, Final residual = 0.000310773, No Iterations 3
smoothSolver:  Solving for Uz, Initial residual = 0.00986034, Final residual = 0.000307803, No Iterations 3
GAMG:  Solving for p, Initial residual = 0.0319955, Final residual = 0.00125659, No Iterations 2
time step continuity errors : sum local = 0.00021516, global = -8.76909e-06, cumulative = 0.0141546
smoothSolver:  Solving for nuTilda, Initial residual = 0.00546879, Final residual = 0.000172664, No Iterations 3
ExecutionTime = 13.295 s  ClockTime = 14 s

forceCoeffs forces write:
    Cm    = 0.131118
    Cd    = 0.279181
    Cl    = 0.113351
    Cl(f) = 0.187794
    Cl(r) = -0.0744428

Time = 230s

smoothSolver:  Solving for Ux, Initial residual = 0.00164909, Final residual = 5.15103e-05, No Iterations 3
smoothSolver:  Solving for Uy, Initial residual = 0.010256, Final residual = 0.000307925, No Iterations 3
smoothSolver:  Solving for Uz, Initial residual = 0.0098333, Final residual = 0.000307341, No Iterations 3
GAMG:  Solving for p, Initial residual = 0.0318858, Final residual = 0.00125976, No Iterations 2
time step continuity errors : sum local = 0.000213532, global = -8.41543e-06, cumulative = 0.0141462
smoothSolver:  Solving for nuTilda, Initial residual = 0.00543595, Final residual = 0.00017206, No Iterations 3
ExecutionTime = 13.3731 s  ClockTime = 14 s

forceCoeffs forces write:
    Cm    = 0.132205
    Cd    = 0.283232
    Cl    = 0.113169
    Cl(f) = 0.18879
    Cl(r) = -0.0756208

Time = 231s

smoothSolver:  Solving for Ux, Initial residual = 0.00163659, Final residual = 5.11259e-05, No Iterations 3
smoothSolver:  Solving for Uy, Initial residual = 0.0101609, Final residual = 0.000305184, No Iterations 3
smoothSolver:  Solving for Uz, Initial residual = 0.00980752, Final residual = 0.000307014, No Iterations 3
GAMG:  Solving for p, Initial residual = 0.0318162, Final residual = 0.00125498, No Iterations 2
time step continuity errors : sum local = 0.000210541, global = -7.72163e-06, cumulative = 0.0141385
smoothSolver:  Solving for nuTilda, Initial residual = 0.00540328, Final residual = 0.000171514, No Iterations 3
ExecutionTime = 13.4291 s  ClockTime = 14 s

forceCoeffs forces write:
    Cm    = 0.133275
    Cd    = 0.28733
    Cl    = 0.113071
    Cl(f) = 0.18981
    Cl(r) = -0.076739

Time = 232s

smoothSolver:  Solving for Ux, Initial residual = 0.00162466, Final residual = 5.07684e-05, No Iterations 3
smoothSolver:  Solving for Uy, Initial residual = 0.0100686, Final residual = 0.000302464, No Iterations 3
smoothSolver:  Solving for Uz, Initial residual = 0.00978314, Final residual = 0.000306691, No Iterations 3
GAMG:  Solving for p, Initial residual = 0.031726, Final residual = 0.00124853, No Iterations 2
time step continuity errors : sum local = 0.000207376, global = -9.70208e-06, cumulative = 0.0141288
smoothSolver:  Solving for nuTilda, Initial residual = 0.00537153, Final residual = 0.000171002, No Iterations 3
ExecutionTime = 13.4849 s  ClockTime = 14 s

forceCoeffs forces write:
    Cm    = 0.134343
    Cd    = 0.291507
    Cl    = 0.113008
    Cl(f) = 0.190847
    Cl(r) = -0.0778389

Time = 233s

smoothSolver:  Solving for Ux, Initial residual = 0.00161317, Final residual = 5.04348e-05, No Iterations 3
smoothSolver:  Solving for Uy, Initial residual = 0.00997904, Final residual = 0.000299849, No Iterations 3
smoothSolver:  Solving for Uz, Initial residual = 0.00976251, Final residual = 0.000306389, No Iterations 3
GAMG:  Solving for p, Initial residual = 0.0316313, Final residual = 0.00125693, No Iterations 2
time step continuity errors : sum local = 0.000206897, global = -8.93465e-06, cumulative = 0.0141198
smoothSolver:  Solving for nuTilda, Initial residual = 0.0053411, Final residual = 0.000170529, No Iterations 3
ExecutionTime = 13.5403 s  ClockTime = 14 s

forceCoeffs forces write:
    Cm    = 0.13543
    Cd    = 0.295798
    Cl    = 0.112917
    Cl(f) = 0.191889
    Cl(r) = -0.0789719

Time = 234s

smoothSolver:  Solving for Ux, Initial residual = 0.00160159, Final residual = 5.00632e-05, No Iterations 3
smoothSolver:  Solving for Uy, Initial residual = 0.00989086, Final residual = 0.000297369, No Iterations 3
smoothSolver:  Solving for Uz, Initial residual = 0.0097463, Final residual = 0.000306127, No Iterations 3
GAMG:  Solving for p, Initial residual = 0.0315741, Final residual = 0.00126455, No Iterations 2
time step continuity errors : sum local = 0.000206273, global = -9.11646e-06, cumulative = 0.0141107
smoothSolver:  Solving for nuTilda, Initial residual = 0.00531073, Final residual = 0.00017009, No Iterations 3
ExecutionTime = 13.5962 s  ClockTime = 14 s

forceCoeffs forces write:
    Cm    = 0.136574
    Cd    = 0.300245
    Cl    = 0.112752
    Cl(f) = 0.192949
    Cl(r) = -0.0801978

Time = 235s

smoothSolver:  Solving for Ux, Initial residual = 0.00159001, Final residual = 4.96896e-05, No Iterations 3
smoothSolver:  Solving for Uy, Initial residual = 0.00980485, Final residual = 0.000294978, No Iterations 3
smoothSolver:  Solving for Uz, Initial residual = 0.00973048, Final residual = 0.000305948, No Iterations 3
GAMG:  Solving for p, Initial residual = 0.0315621, Final residual = 0.00126937, No Iterations 2
time step continuity errors : sum local = 0.000205266, global = -8.89542e-06, cumulative = 0.0141018
smoothSolver:  Solving for nuTilda, Initial residual = 0.00528125, Final residual = 0.000169673, No Iterations 3
ExecutionTime = 13.6523 s  ClockTime = 14 s

forceCoeffs forces write:
    Cm    = 0.137796
    Cd    = 0.304861
    Cl    = 0.112501
    Cl(f) = 0.194046
    Cl(r) = -0.0815452

Time = 236s

smoothSolver:  Solving for Ux, Initial residual = 0.00157898, Final residual = 4.93262e-05, No Iterations 3
smoothSolver:  Solving for Uy, Initial residual = 0.00972071, Final residual = 0.00029262, No Iterations 3
smoothSolver:  Solving for Uz, Initial residual = 0.00971581, Final residual = 0.000305806, No Iterations 3
GAMG:  Solving for p, Initial residual = 0.0315443, Final residual = 0.00127012, No Iterations 2
time step continuity errors : sum local = 0.000203705, global = -8.27397e-06, cumulative = 0.0140935
smoothSolver:  Solving for nuTilda, Initial residual = 0.00525248, Final residual = 0.000169269, No Iterations 3
ExecutionTime = 13.7082 s  ClockTime = 14 s

forceCoeffs forces write:
    Cm    = 0.139087
    Cd    = 0.309623
    Cl    = 0.112167
    Cl(f) = 0.195171
    Cl(r) = -0.0830033

Time = 237s

smoothSolver:  Solving for Ux, Initial residual = 0.00156845, Final residual = 4.89804e-05, No Iterations 3
smoothSolver:  Solving for Uy, Initial residual = 0.00964063, Final residual = 0.000290307, No Iterations 3
smoothSolver:  Solving for Uz, Initial residual = 0.00970299, Final residual = 0.000305675, No Iterations 3
GAMG:  Solving for p, Initial residual = 0.031483, Final residual = 0.001261, No Iterations 2
time step continuity errors : sum local = 0.000200686, global = -1.18102e-05, cumulative = 0.0140817
smoothSolver:  Solving for nuTilda, Initial residual = 0.00522625, Final residual = 0.000168878, No Iterations 3
ExecutionTime = 13.7642 s  ClockTime = 15 s

forceCoeffs forces write:
    Cm    = 0.140427
    Cd    = 0.314472
    Cl    = 0.11169
    Cl(f) = 0.196272
    Cl(r) = -0.0845815

Time = 238s

smoothSolver:  Solving for Ux, Initial residual = 0.00155883, Final residual = 4.86825e-05, No Iterations 3
smoothSolver:  Solving for Uy, Initial residual = 0.00956372, Final residual = 0.000288024, No Iterations 3
smoothSolver:  Solving for Uz, Initial residual = 0.0096918, Final residual = 0.000305672, No Iterations 3
GAMG:  Solving for p, Initial residual = 0.0313623, Final residual = 0.00127835, No Iterations 2
time step continuity errors : sum local = 0.00020219, global = -8.30186e-06, cumulative = 0.0140734
smoothSolver:  Solving for nuTilda, Initial residual = 0.00520086, Final residual = 0.00016849, No Iterations 3
ExecutionTime = 13.8202 s  ClockTime = 15 s

forceCoeffs forces write:
    Cm    = 0.141755
    Cd    = 0.31938
    Cl    = 0.111248
    Cl(f) = 0.197379
    Cl(r) = -0.0861308

Time = 239s

smoothSolver:  Solving for Ux, Initial residual = 0.00154846, Final residual = 4.83031e-05, No Iterations 3
smoothSolver:  Solving for Uy, Initial residual = 0.00948926, Final residual = 0.000285702, No Iterations 3
smoothSolver:  Solving for Uz, Initial residual = 0.00968251, Final residual = 0.000305656, No Iterations 3
GAMG:  Solving for p, Initial residual = 0.0312651, Final residual = 0.00127677, No Iterations 2
time step continuity errors : sum local = 0.000200329, global = -7.84986e-06, cumulative = 0.0140656
smoothSolver:  Solving for nuTilda, Initial residual = 0.00517585, Final residual = 0.000168114, No Iterations 3
ExecutionTime = 13.8769 s  ClockTime = 15 s

forceCoeffs forces write:
    Cm    = 0.143058
    Cd    = 0.324273
    Cl    = 0.11074
    Cl(f) = 0.198428
    Cl(r) = -0.0876885

Time = 240s

smoothSolver:  Solving for Ux, Initial residual = 0.00153861, Final residual = 4.79418e-05, No Iterations 3
smoothSolver:  Solving for Uy, Initial residual = 0.00941811, Final residual = 0.000283361, No Iterations 3
smoothSolver:  Solving for Uz, Initial residual = 0.00967485, Final residual = 0.000305612, No Iterations 3
GAMG:  Solving for p, Initial residual = 0.0311968, Final residual = 0.0012615, No Iterations 2
time step continuity errors : sum local = 0.000196359, global = -1.15378e-05, cumulative = 0.014054
smoothSolver:  Solving for nuTilda, Initial residual = 0.00515047, Final residual = 0.000167736, No Iterations 3
ExecutionTime = 13.9326 s  ClockTime = 15 s

forceCoeffs forces write:
    Cm    = 0.144345
    Cd    = 0.329131
    Cl    = 0.110096
    Cl(f) = 0.199393
    Cl(r) = -0.0892964

Time = 241s

smoothSolver:  Solving for Ux, Initial residual = 0.00152947, Final residual = 4.76418e-05, No Iterations 3
smoothSolver:  Solving for Uy, Initial residual = 0.00934978, Final residual = 0.000281121, No Iterations 3
smoothSolver:  Solving for Uz, Initial residual = 0.00966871, Final residual = 0.000305633, No Iterations 3
GAMG:  Solving for p, Initial residual = 0.0310662, Final residual = 0.00128756, No Iterations 2
time step continuity errors : sum local = 0.000199092, global = -6.88938e-06, cumulative = 0.0140472
smoothSolver:  Solving for nuTilda, Initial residual = 0.00512644, Final residual = 0.000167353, No Iterations 3
ExecutionTime = 13.989 s  ClockTime = 15 s

forceCoeffs forces write:
    Cm    = 0.145576
    Cd    = 0.333942
    Cl    = 0.109532
    Cl(f) = 0.200342
    Cl(r) = -0.0908096

Time = 242s

smoothSolver:  Solving for Ux, Initial residual = 0.0015195, Final residual = 4.72412e-05, No Iterations 3
smoothSolver:  Solving for Uy, Initial residual = 0.00928004, Final residual = 0.000278873, No Iterations 3
smoothSolver:  Solving for Uz, Initial residual = 0.0096619, Final residual = 0.000305561, No Iterations 3
GAMG:  Solving for p, Initial residual = 0.0310552, Final residual = 0.00128451, No Iterations 2
time step continuity errors : sum local = 0.000196934, global = -6.31995e-06, cumulative = 0.0140408
smoothSolver:  Solving for nuTilda, Initial residual = 0.0051016, Final residual = 0.000166947, No Iterations 3
ExecutionTime = 14.045 s  ClockTime = 15 s

forceCoeffs forces write:
    Cm    = 0.146756
    Cd    = 0.33866
    Cl    = 0.109044
    Cl(f) = 0.201278
    Cl(r) = -0.0922343

Time = 243s

smoothSolver:  Solving for Ux, Initial residual = 0.00150986, Final residual = 4.68636e-05, No Iterations 3
smoothSolver:  Solving for Uy, Initial residual = 0.00921226, Final residual = 0.000276568, No Iterations 3
smoothSolver:  Solving for Uz, Initial residual = 0.00965579, Final residual = 0.000305413, No Iterations 3
GAMG:  Solving for p, Initial residual = 0.0309963, Final residual = 0.00126955, No Iterations 2
time step continuity errors : sum local = 0.000193029, global = -1.02758e-05, cumulative = 0.0140306
smoothSolver:  Solving for nuTilda, Initial residual = 0.00507723, Final residual = 0.000166506, No Iterations 3
ExecutionTime = 14.1238 s  ClockTime = 15 s

forceCoeffs forces write:
    Cm    = 0.147908
    Cd    = 0.343275
    Cl    = 0.108584
    Cl(f) = 0.2022
    Cl(r) = -0.0936158

Time = 244s

smoothSolver:  Solving for Ux, Initial residual = 0.00150084, Final residual = 4.65543e-05, No Iterations 3
smoothSolver:  Solving for Uy, Initial residual = 0.00914579, Final residual = 0.000274261, No Iterations 3
smoothSolver:  Solving for Uz, Initial residual = 0.00965352, Final residual = 0.000305207, No Iterations 3
GAMG:  Solving for p, Initial residual = 0.0308532, Final residual = 0.00129308, No Iterations 2
time step continuity errors : sum local = 0.000195299, global = -6.46068e-06, cumulative = 0.0140241
smoothSolver:  Solving for nuTilda, Initial residual = 0.00505326, Final residual = 0.000166041, No Iterations 3
ExecutionTime = 14.1795 s  ClockTime = 15 s

forceCoeffs forces write:
    Cm    = 0.149003
    Cd    = 0.347784
    Cl    = 0.108217
    Cl(f) = 0.203111
    Cl(r) = -0.0948947

Time = 245s

smoothSolver:  Solving for Ux, Initial residual = 0.00149054, Final residual = 4.61598e-05, No Iterations 3
smoothSolver:  Solving for Uy, Initial residual = 0.00907769, Final residual = 0.000271903, No Iterations 3
smoothSolver:  Solving for Uz, Initial residual = 0.00964836, Final residual = 0.000304921, No Iterations 3
GAMG:  Solving for p, Initial residual = 0.0308581, Final residual = 0.00129255, No Iterations 2
time step continuity errors : sum local = 0.000193617, global = -6.07104e-06, cumulative = 0.014018
smoothSolver:  Solving for nuTilda, Initial residual = 0.00503052, Final residual = 0.000165546, No Iterations 3
ExecutionTime = 14.2356 s  ClockTime = 15 s

forceCoeffs forces write:
    Cm    = 0.150058
    Cd    = 0.352181
    Cl    = 0.1078
    Cl(f) = 0.203958
    Cl(r) = -0.0961581

Time = 246s

smoothSolver:  Solving for Ux, Initial residual = 0.00148057, Final residual = 4.57763e-05, No Iterations 3
smoothSolver:  Solving for Uy, Initial residual = 0.00901072, Final residual = 0.000269564, No Iterations 3
smoothSolver:  Solving for Uz, Initial residual = 0.00964375, Final residual = 0.000304544, No Iterations 3
GAMG:  Solving for p, Initial residual = 0.0308566, Final residual = 0.00127192, No Iterations 2
time step continuity errors : sum local = 0.000189042, global = -1.02658e-05, cumulative = 0.0140078
smoothSolver:  Solving for nuTilda, Initial residual = 0.00500792, Final residual = 0.000165008, No Iterations 3
ExecutionTime = 14.2916 s  ClockTime = 15 s

forceCoeffs forces write:
    Cm    = 0.15109
    Cd    = 0.356471
    Cl    = 0.107224
    Cl(f) = 0.204702
    Cl(r) = -0.0974784

Time = 247s

smoothSolver:  Solving for Ux, Initial residual = 0.00147143, Final residual = 4.54511e-05, No Iterations 3
smoothSolver:  Solving for Uy, Initial residual = 0.00894546, Final residual = 0.000267222, No Iterations 3
smoothSolver:  Solving for Uz, Initial residual = 0.00964128, Final residual = 0.000304179, No Iterations 3
GAMG:  Solving for p, Initial residual = 0.0307591, Final residual = 0.00129877, No Iterations 2
time step continuity errors : sum local = 0.000191859, global = -6.17157e-06, cumulative = 0.0140016
smoothSolver:  Solving for nuTilda, Initial residual = 0.00498533, Final residual = 0.000164406, No Iterations 3
ExecutionTime = 14.3478 s  ClockTime = 15 s

forceCoeffs forces write:
    Cm    = 0.152065
    Cd    = 0.360634
    Cl    = 0.106545
    Cl(f) = 0.205337
    Cl(r) = -0.0987926

Time = 248s

smoothSolver:  Solving for Ux, Initial residual = 0.0014612, Final residual = 4.50365e-05, No Iterations 3
smoothSolver:  Solving for Uy, Initial residual = 0.00887919, Final residual = 0.000264798, No Iterations 3
smoothSolver:  Solving for Uz, Initial residual = 0.00963795, Final residual = 0.000303703, No Iterations 3
GAMG:  Solving for p, Initial residual = 0.0307464, Final residual = 0.00129103, No Iterations 2
time step continuity errors : sum local = 0.000189267, global = -5.56847e-06, cumulative = 0.013996
smoothSolver:  Solving for nuTilda, Initial residual = 0.00496143, Final residual = 0.000163742, No Iterations 3
ExecutionTime = 14.4038 s  ClockTime = 15 s

forceCoeffs forces write:
    Cm    = 0.15301
    Cd    = 0.364683
    Cl    = 0.10571
    Cl(f) = 0.205865
    Cl(r) = -0.100155

Time = 249s

smoothSolver:  Solving for Ux, Initial residual = 0.00145145, Final residual = 4.4644e-05, No Iterations 3
smoothSolver:  Solving for Uy, Initial residual = 0.00881357, Final residual = 0.000262355, No Iterations 3
smoothSolver:  Solving for Uz, Initial residual = 0.00963536, Final residual = 0.000303247, No Iterations 3
GAMG:  Solving for p, Initial residual = 0.0307668, Final residual = 0.00126508, No Iterations 2
time step continuity errors : sum local = 0.000184119, global = -9.45267e-06, cumulative = 0.0139866
smoothSolver:  Solving for nuTilda, Initial residual = 0.00493719, Final residual = 0.000163029, No Iterations 3
ExecutionTime = 14.4599 s  ClockTime = 15 s

forceCoeffs forces write:
    Cm    = 0.153945
    Cd    = 0.36863
    Cl    = 0.104735
    Cl(f) = 0.206313
    Cl(r) = -0.101577

Time = 250s

smoothSolver:  Solving for Ux, Initial residual = 0.00144255, Final residual = 4.43205e-05, No Iterations 3
smoothSolver:  Solving for Uy, Initial residual = 0.00875168, Final residual = 0.000260007, No Iterations 3
smoothSolver:  Solving for Uz, Initial residual = 0.00963372, Final residual = 0.000302901, No Iterations 3
GAMG:  Solving for p, Initial residual = 0.0307136, Final residual = 0.0012892, No Iterations 2
time step continuity errors : sum local = 0.000186586, global = -5.55943e-06, cumulative = 0.013981
smoothSolver:  Solving for nuTilda, Initial residual = 0.00491254, Final residual = 0.000162257, No Iterations 3
ExecutionTime = 14.5165 s  ClockTime = 15 s

forceCoeffs forces write:
    Cm    = 0.154861
    Cd    = 0.372497
    Cl    = 0.103782
    Cl(f) = 0.206752
    Cl(r) = -0.10297

Time = 251s

smoothSolver:  Solving for Ux, Initial residual = 0.00143254, Final residual = 4.39196e-05, No Iterations 3
smoothSolver:  Solving for Uy, Initial residual = 0.00868591, Final residual = 0.000257637, No Iterations 3
smoothSolver:  Solving for Uz, Initial residual = 0.0096297, Final residual = 0.000302478, No Iterations 3
GAMG:  Solving for p, Initial residual = 0.0307181, Final residual = 0.00128229, No Iterations 2
time step continuity errors : sum local = 0.000184243, global = -5.22756e-06, cumulative = 0.0139758
smoothSolver:  Solving for nuTilda, Initial residual = 0.00488918, Final residual = 0.000161426, No Iterations 3
ExecutionTime = 14.5725 s  ClockTime = 15 s

forceCoeffs forces write:
    Cm    = 0.155763
    Cd    = 0.376258
    Cl    = 0.102817
    Cl(f) = 0.207171
    Cl(r) = -0.104354

Time = 252s

smoothSolver:  Solving for Ux, Initial residual = 0.001423, Final residual = 4.35439e-05, No Iterations 3
smoothSolver:  Solving for Uy, Initial residual = 0.00862132, Final residual = 0.000255357, No Iterations 3
smoothSolver:  Solving for Uz, Initial residual = 0.00962578, Final residual = 0.000302069, No Iterations 3
GAMG:  Solving for p, Initial residual = 0.0306883, Final residual = 0.00127159, No Iterations 2
time step continuity errors : sum local = 0.000181404, global = -4.71153e-06, cumulative = 0.0139711
smoothSolver:  Solving for nuTilda, Initial residual = 0.00486678, Final residual = 0.000160542, No Iterations 3
ExecutionTime = 14.6283 s  ClockTime = 15 s

forceCoeffs forces write:
    Cm    = 0.156635
    Cd    = 0.379885
    Cl    = 0.101875
    Cl(f) = 0.207573
    Cl(r) = -0.105698

Time = 253s

smoothSolver:  Solving for Ux, Initial residual = 0.00141357, Final residual = 4.31814e-05, No Iterations 3
smoothSolver:  Solving for Uy, Initial residual = 0.00855703, Final residual = 0.000253056, No Iterations 3
smoothSolver:  Solving for Uz, Initial residual = 0.00962112, Final residual = 0.000301627, No Iterations 3
GAMG:  Solving for p, Initial residual = 0.0306086, Final residual = 0.00125039, No Iterations 2
time step continuity errors : sum local = 0.000177158, global = -8.65747e-06, cumulative = 0.0139624
smoothSolver:  Solving for nuTilda, Initial residual = 0.00484377, Final residual = 0.000159621, No Iterations 3
ExecutionTime = 14.6844 s  ClockTime = 15 s

forceCoeffs forces write:
    Cm    = 0.157476
    Cd    = 0.383356
    Cl    = 0.100935
    Cl(f) = 0.207943
    Cl(r) = -0.107008

Time = 254s

smoothSolver:  Solving for Ux, Initial residual = 0.00140415, Final residual = 4.28613e-05, No Iterations 3
smoothSolver:  Solving for Uy, Initial residual = 0.00849488, Final residual = 0.00025088, No Iterations 3
smoothSolver:  Solving for Uz, Initial residual = 0.00961815, Final residual = 0.000301138, No Iterations 3
GAMG:  Solving for p, Initial residual = 0.0304536, Final residual = 0.00127561, No Iterations 2
time step continuity errors : sum local = 0.000179716, global = -5.84515e-06, cumulative = 0.0139566
smoothSolver:  Solving for nuTilda, Initial residual = 0.00481992, Final residual = 0.000158665, No Iterations 3
ExecutionTime = 14.7414 s  ClockTime = 16 s

forceCoeffs forces write:
    Cm    = 0.158289
    Cd    = 0.386719
    Cl    = 0.10013
    Cl(f) = 0.208354
    Cl(r) = -0.108224

Time = 255s

smoothSolver:  Solving for Ux, Initial residual = 0.00139384, Final residual = 4.24588e-05, No Iterations 3
smoothSolver:  Solving for Uy, Initial residual = 0.008432, Final residual = 0.000248714, No Iterations 3
smoothSolver:  Solving for Uz, Initial residual = 0.00961246, Final residual = 0.000300519, No Iterations 3
GAMG:  Solving for p, Initial residual = 0.03043, Final residual = 0.00127204, No Iterations 2
time step continuity errors : sum local = 0.000177865, global = -5.89297e-06, cumulative = 0.0139507
smoothSolver:  Solving for nuTilda, Initial residual = 0.0047952, Final residual = 0.000157678, No Iterations 3
ExecutionTime = 14.798 s  ClockTime = 16 s

forceCoeffs forces write:
    Cm    = 0.159068
    Cd    = 0.38994
    Cl    = 0.0994398
    Cl(f) = 0.208788
    Cl(r) = -0.109348

Time = 256s

smoothSolver:  Solving for Ux, Initial residual = 0.00138402, Final residual = 4.20802e-05, No Iterations 3
smoothSolver:  Solving for Uy, Initial residual = 0.00837225, Final residual = 0.000246629, No Iterations 3
smoothSolver:  Solving for Uz, Initial residual = 0.0096053, Final residual = 0.000299812, No Iterations 3
GAMG:  Solving for p, Initial residual = 0.0304147, Final residual = 0.00126218, No Iterations 2
time step continuity errors : sum local = 0.00017515, global = -5.49988e-06, cumulative = 0.0139452
smoothSolver:  Solving for nuTilda, Initial residual = 0.00477078, Final residual = 0.00015664, No Iterations 3
ExecutionTime = 14.8596 s  ClockTime = 16 s

forceCoeffs forces write:
    Cm    = 0.159815
    Cd    = 0.393025
    Cl    = 0.0988876
    Cl(f) = 0.209259
    Cl(r) = -0.110371

Time = 257s

smoothSolver:  Solving for Ux, Initial residual = 0.00137472, Final residual = 4.17287e-05, No Iterations 3
smoothSolver:  Solving for Uy, Initial residual = 0.00831365, Final residual = 0.000244547, No Iterations 3
smoothSolver:  Solving for Uz, Initial residual = 0.00959957, Final residual = 0.000298991, No Iterations 3
GAMG:  Solving for p, Initial residual = 0.0303679, Final residual = 0.00125259, No Iterations 2
time step continuity errors : sum local = 0.000172536, global = -5.11068e-06, cumulative = 0.0139401
smoothSolver:  Solving for nuTilda, Initial residual = 0.00474687, Final residual = 0.000155555, No Iterations 3
ExecutionTime = 14.9156 s  ClockTime = 16 s

forceCoeffs forces write:
    Cm    = 0.160529
    Cd    = 0.395981
    Cl    = 0.098455
    Cl(f) = 0.209756
    Cl(r) = -0.111301

Time = 258s

smoothSolver:  Solving for Ux, Initial residual = 0.00136561, Final residual = 4.13849e-05, No Iterations 3
smoothSolver:  Solving for Uy, Initial residual = 0.00825632, Final residual = 0.000242492, No Iterations 3
smoothSolver:  Solving for Uz, Initial residual = 0.00959406, Final residual = 0.000298102, No Iterations 3
GAMG:  Solving for p, Initial residual = 0.0302407, Final residual = 0.00124684, No Iterations 2
time step continuity errors : sum local = 0.000170531, global = -5.16971e-06, cumulative = 0.0139349
smoothSolver:  Solving for nuTilda, Initial residual = 0.00472319, Final residual = 0.000154432, No Iterations 3
ExecutionTime = 14.972 s  ClockTime = 16 s

forceCoeffs forces write:
    Cm    = 0.161215
    Cd    = 0.398818
    Cl    = 0.0981113
    Cl(f) = 0.210271
    Cl(r) = -0.112159

Time = 259s

smoothSolver:  Solving for Ux, Initial residual = 0.00135655, Final residual = 4.10383e-05, No Iterations 3
smoothSolver:  Solving for Uy, Initial residual = 0.0081989, Final residual = 0.000240506, No Iterations 3
smoothSolver:  Solving for Uz, Initial residual = 0.00958668, Final residual = 0.000297139, No Iterations 3
GAMG:  Solving for p, Initial residual = 0.0301571, Final residual = 0.0012442, No Iterations 2
time step continuity errors : sum local = 0.000168979, global = -5.51509e-06, cumulative = 0.0139294
smoothSolver:  Solving for nuTilda, Initial residual = 0.00469992, Final residual = 0.000153271, No Iterations 3
ExecutionTime = 15.0283 s  ClockTime = 16 s

forceCoeffs forces write:
    Cm    = 0.161878
    Cd    = 0.40155
    Cl    = 0.0977989
    Cl(f) = 0.210778
    Cl(r) = -0.112979

Time = 260s

smoothSolver:  Solving for Ux, Initial residual = 0.00134736, Final residual = 4.06837e-05, No Iterations 3
smoothSolver:  Solving for Uy, Initial residual = 0.00814265, Final residual = 0.000238594, No Iterations 3
smoothSolver:  Solving for Uz, Initial residual = 0.00957902, Final residual = 0.000296058, No Iterations 3
GAMG:  Solving for p, Initial residual = 0.0300954, Final residual = 0.00124208, No Iterations 2
time step continuity errors : sum local = 0.000167525, global = -5.96916e-06, cumulative = 0.0139234
smoothSolver:  Solving for nuTilda, Initial residual = 0.00467685, Final residual = 0.000152088, No Iterations 3
ExecutionTime = 15.0843 s  ClockTime = 16 s

forceCoeffs forces write:
    Cm    = 0.162526
    Cd    = 0.40419
    Cl    = 0.0974881
    Cl(f) = 0.21127
    Cl(r) = -0.113781

Time = 261s

smoothSolver:  Solving for Ux, Initial residual = 0.00133836, Final residual = 4.03209e-05, No Iterations 3
smoothSolver:  Solving for Uy, Initial residual = 0.00808738, Final residual = 0.00023676, No Iterations 3
smoothSolver:  Solving for Uz, Initial residual = 0.00957095, Final residual = 0.000294909, No Iterations 3
GAMG:  Solving for p, Initial residual = 0.0300343, Final residual = 0.00123807, No Iterations 2
time step continuity errors : sum local = 0.000165843, global = -6.38767e-06, cumulative = 0.013917
smoothSolver:  Solving for nuTilda, Initial residual = 0.00465457, Final residual = 0.000150897, No Iterations 3
ExecutionTime = 15.1402 s  ClockTime = 16 s

forceCoeffs forces write:
    Cm    = 0.163154
    Cd    = 0.40674
    Cl    = 0.0971415
    Cl(f) = 0.211725
    Cl(r) = -0.114584

Time = 262s

smoothSolver:  Solving for Ux, Initial residual = 0.00132966, Final residual = 3.99655e-05, No Iterations 3
smoothSolver:  Solving for Uy, Initial residual = 0.00803258, Final residual = 0.000235055, No Iterations 3
smoothSolver:  Solving for Uz, Initial residual = 0.00956355, Final residual = 0.000293761, No Iterations 3
GAMG:  Solving for p, Initial residual = 0.0299266, Final residual = 0.00123251, No Iterations 2
time step continuity errors : sum local = 0.000163987, global = -6.68143e-06, cumulative = 0.0139103
smoothSolver:  Solving for nuTilda, Initial residual = 0.00463277, Final residual = 0.000149706, No Iterations 3
ExecutionTime = 15.1959 s  ClockTime = 16 s

forceCoeffs forces write:
    Cm    = 0.163762
    Cd    = 0.409197
    Cl    = 0.0967644
    Cl(f) = 0.212144
    Cl(r) = -0.11538

Time = 263s

smoothSolver:  Solving for Ux, Initial residual = 0.00132109, Final residual = 3.96148e-05, No Iterations 3
smoothSolver:  Solving for Uy, Initial residual = 0.00798269, Final residual = 0.000233455, No Iterations 3
smoothSolver:  Solving for Uz, Initial residual = 0.00955719, Final residual = 0.000292707, No Iterations 3
GAMG:  Solving for p, Initial residual = 0.0298592, Final residual = 0.0012268, No Iterations 2
time step continuity errors : sum local = 0.000162146, global = -6.78663e-06, cumulative = 0.0139036
smoothSolver:  Solving for nuTilda, Initial residual = 0.00461089, Final residual = 0.0001485, No Iterations 3
ExecutionTime = 15.252 s  ClockTime = 16 s

forceCoeffs forces write:
    Cm    = 0.164343
    Cd    = 0.411556
    Cl    = 0.0963437
    Cl(f) = 0.212514
    Cl(r) = -0.116171

Time = 264s

smoothSolver:  Solving for Ux, Initial residual = 0.0013127, Final residual = 3.92691e-05, No Iterations 3
smoothSolver:  Solving for Uy, Initial residual = 0.00793564, Final residual = 0.000231955, No Iterations 3
smoothSolver:  Solving for Uz, Initial residual = 0.00955059, Final residual = 0.000291761, No Iterations 3
GAMG:  Solving for p, Initial residual = 0.0298373, Final residual = 0.00122298, No Iterations 2
time step continuity errors : sum local = 0.000160613, global = -6.81916e-06, cumulative = 0.0138967
smoothSolver:  Solving for nuTilda, Initial residual = 0.00458938, Final residual = 0.000147307, No Iterations 3
ExecutionTime = 15.3082 s  ClockTime = 16 s

forceCoeffs forces write:
    Cm    = 0.164886
    Cd    = 0.413802
    Cl    = 0.0958894
    Cl(f) = 0.21283
    Cl(r) = -0.116941

Time = 265s

smoothSolver:  Solving for Ux, Initial residual = 0.00130453, Final residual = 3.89308e-05, No Iterations 3
smoothSolver:  Solving for Uy, Initial residual = 0.00789111, Final residual = 0.000230519, No Iterations 3
smoothSolver:  Solving for Uz, Initial residual = 0.00954558, Final residual = 0.000290987, No Iterations 3
GAMG:  Solving for p, Initial residual = 0.0298005, Final residual = 0.00122186, No Iterations 2
time step continuity errors : sum local = 0.000159493, global = -6.86002e-06, cumulative = 0.0138899
smoothSolver:  Solving for nuTilda, Initial residual = 0.00456883, Final residual = 0.000146123, No Iterations 3
ExecutionTime = 15.3639 s  ClockTime = 16 s

forceCoeffs forces write:
    Cm    = 0.165382
    Cd    = 0.415931
    Cl    = 0.0954085
    Cl(f) = 0.213086
    Cl(r) = -0.117677

Time = 266s

smoothSolver:  Solving for Ux, Initial residual = 0.00129644, Final residual = 3.86012e-05, No Iterations 3
smoothSolver:  Solving for Uy, Initial residual = 0.0078479, Final residual = 0.000229145, No Iterations 3
smoothSolver:  Solving for Uz, Initial residual = 0.00954232, Final residual = 0.000290441, No Iterations 3
GAMG:  Solving for p, Initial residual = 0.0297978, Final residual = 0.00122164, No Iterations 2
time step continuity errors : sum local = 0.000158548, global = -6.91932e-06, cumulative = 0.013883
smoothSolver:  Solving for nuTilda, Initial residual = 0.00454763, Final residual = 0.000144944, No Iterations 3
ExecutionTime = 15.42 s  ClockTime = 16 s

forceCoeffs forces write:
    Cm    = 0.165832
    Cd    = 0.417941
    Cl    = 0.0949157
    Cl(f) = 0.21329
    Cl(r) = -0.118374

Time = 267s

smoothSolver:  Solving for Ux, Initial residual = 0.00128848, Final residual = 3.82862e-05, No Iterations 3
smoothSolver:  Solving for Uy, Initial residual = 0.00780731, Final residual = 0.000227856, No Iterations 3
smoothSolver:  Solving for Uz, Initial residual = 0.00954138, Final residual = 0.000290026, No Iterations 3
GAMG:  Solving for p, Initial residual = 0.0297978, Final residual = 0.00122049, No Iterations 2
time step continuity errors : sum local = 0.000157518, global = -7.0041e-06, cumulative = 0.013876
smoothSolver:  Solving for nuTilda, Initial residual = 0.00452601, Final residual = 0.000143778, No Iterations 3
ExecutionTime = 15.4762 s  ClockTime = 16 s

forceCoeffs forces write:
    Cm    = 0.166238
    Cd    = 0.419842
    Cl    = 0.0943788
    Cl(f) = 0.213428
    Cl(r) = -0.119049

Time = 268s

smoothSolver:  Solving for Ux, Initial residual = 0.00128067, Final residual = 3.7986e-05, No Iterations 3
smoothSolver:  Solving for Uy, Initial residual = 0.00776985, Final residual = 0.000226612, No Iterations 3
smoothSolver:  Solving for Uz, Initial residual = 0.00954048, Final residual = 0.000289726, No Iterations 3
GAMG:  Solving for p, Initial residual = 0.0298174, Final residual = 0.00121677, No Iterations 2
time step continuity errors : sum local = 0.000156214, global = -7.07685e-06, cumulative = 0.0138689
smoothSolver:  Solving for nuTilda, Initial residual = 0.00450426, Final residual = 0.000142628, No Iterations 3
ExecutionTime = 15.5327 s  ClockTime = 16 s

forceCoeffs forces write:
    Cm    = 0.166622
    Cd    = 0.421664
    Cl    = 0.093782
    Cl(f) = 0.213513
    Cl(r) = -0.119731

Time = 269s

smoothSolver:  Solving for Ux, Initial residual = 0.0012729, Final residual = 3.76886e-05, No Iterations 3
smoothSolver:  Solving for Uy, Initial residual = 0.00773585, Final residual = 0.000225457, No Iterations 3
smoothSolver:  Solving for Uz, Initial residual = 0.00954132, Final residual = 0.000289545, No Iterations 3
GAMG:  Solving for p, Initial residual = 0.0298504, Final residual = 0.00121094, No Iterations 2
time step continuity errors : sum local = 0.000154692, global = -7.10101e-06, cumulative = 0.0138618
smoothSolver:  Solving for nuTilda, Initial residual = 0.00448429, Final residual = 0.000141494, No Iterations 3
ExecutionTime = 15.5886 s  ClockTime = 16 s

forceCoeffs forces write:
    Cm    = 0.166988
    Cd    = 0.423413
    Cl    = 0.0930817
    Cl(f) = 0.213529
    Cl(r) = -0.120447

Time = 270s

smoothSolver:  Solving for Ux, Initial residual = 0.00126534, Final residual = 3.7396e-05, No Iterations 3
smoothSolver:  Solving for Uy, Initial residual = 0.00770384, Final residual = 0.000224365, No Iterations 3
smoothSolver:  Solving for Uz, Initial residual = 0.00954369, Final residual = 0.000289433, No Iterations 3
GAMG:  Solving for p, Initial residual = 0.0298604, Final residual = 0.00120454, No Iterations 2
time step continuity errors : sum local = 0.00015314, global = -7.09383e-06, cumulative = 0.0138547
smoothSolver:  Solving for nuTilda, Initial residual = 0.00446449, Final residual = 0.000140372, No Iterations 3
ExecutionTime = 15.6447 s  ClockTime = 16 s

forceCoeffs forces write:
    Cm    = 0.167333
    Cd    = 0.425084
    Cl    = 0.092273
    Cl(f) = 0.213469
    Cl(r) = -0.121196

Time = 271s

smoothSolver:  Solving for Ux, Initial residual = 0.001258, Final residual = 3.71117e-05, No Iterations 3
smoothSolver:  Solving for Uy, Initial residual = 0.00767469, Final residual = 0.000223427, No Iterations 3
smoothSolver:  Solving for Uz, Initial residual = 0.00954685, Final residual = 0.00028927, No Iterations 3
GAMG:  Solving for p, Initial residual = 0.0298174, Final residual = 0.001198, No Iterations 2
time step continuity errors : sum local = 0.0001516, global = -7.04091e-06, cumulative = 0.0138476
smoothSolver:  Solving for nuTilda, Initial residual = 0.00444638, Final residual = 0.000139268, No Iterations 3
ExecutionTime = 15.7009 s  ClockTime = 16 s

forceCoeffs forces write:
    Cm    = 0.167639
    Cd    = 0.426654
    Cl    = 0.0913261
    Cl(f) = 0.213302
    Cl(r) = -0.121976

Time = 272s

smoothSolver:  Solving for Ux, Initial residual = 0.0012512, Final residual = 3.68349e-05, No Iterations 3
smoothSolver:  Solving for Uy, Initial residual = 0.00764919, Final residual = 0.000222626, No Iterations 3
smoothSolver:  Solving for Uz, Initial residual = 0.00955087, Final residual = 0.000289129, No Iterations 3
GAMG:  Solving for p, Initial residual = 0.0297107, Final residual = 0.00119327, No Iterations 2
time step continuity errors : sum local = 0.000150315, global = -7.04806e-06, cumulative = 0.0138406
smoothSolver:  Solving for nuTilda, Initial residual = 0.00442681, Final residual = 0.000138191, No Iterations 3
ExecutionTime = 15.7566 s  ClockTime = 17 s

forceCoeffs forces write:
    Cm    = 0.167902
    Cd    = 0.428109
    Cl    = 0.0902571
    Cl(f) = 0.213031
    Cl(r) = -0.122774

Time = 273s

smoothSolver:  Solving for Ux, Initial residual = 0.00124406, Final residual = 3.65626e-05, No Iterations 3
smoothSolver:  Solving for Uy, Initial residual = 0.00762764, Final residual = 0.000221884, No Iterations 3
smoothSolver:  Solving for Uz, Initial residual = 0.00955628, Final residual = 0.00028889, No Iterations 3
GAMG:  Solving for p, Initial residual = 0.0295934, Final residual = 0.00118893, No Iterations 2
time step continuity errors : sum local = 0.000149126, global = -6.9878e-06, cumulative = 0.0138336
smoothSolver:  Solving for nuTilda, Initial residual = 0.00440823, Final residual = 0.000137148, No Iterations 3
ExecutionTime = 15.8124 s  ClockTime = 17 s

forceCoeffs forces write:
    Cm    = 0.168116
    Cd    = 0.429438
    Cl    = 0.0890348
    Cl(f) = 0.212633
    Cl(r) = -0.123598

Time = 274s

smoothSolver:  Solving for Ux, Initial residual = 0.00123709, Final residual = 3.62927e-05, No Iterations 3
smoothSolver:  Solving for Uy, Initial residual = 0.00761028, Final residual = 0.000221253, No Iterations 3
smoothSolver:  Solving for Uz, Initial residual = 0.00956002, Final residual = 0.000288607, No Iterations 3
GAMG:  Solving for p, Initial residual = 0.0295108, Final residual = 0.00118417, No Iterations 2
time step continuity errors : sum local = 0.000147918, global = -6.84935e-06, cumulative = 0.0138268
smoothSolver:  Solving for nuTilda, Initial residual = 0.00439017, Final residual = 0.000136088, No Iterations 3
ExecutionTime = 15.8686 s  ClockTime = 17 s

forceCoeffs forces write:
    Cm    = 0.168293
    Cd    = 0.430657
    Cl    = 0.087661
    Cl(f) = 0.212124
    Cl(r) = -0.124463

Time = 275s

smoothSolver:  Solving for Ux, Initial residual = 0.00123027, Final residual = 3.60193e-05, No Iterations 3
smoothSolver:  Solving for Uy, Initial residual = 0.00759531, Final residual = 0.000220748, No Iterations 3
smoothSolver:  Solving for Uz, Initial residual = 0.00956472, Final residual = 0.000288278, No Iterations 3
GAMG:  Solving for p, Initial residual = 0.0294258, Final residual = 0.00117957, No Iterations 2
time step continuity errors : sum local = 0.000146767, global = -6.68256e-06, cumulative = 0.0138201
smoothSolver:  Solving for nuTilda, Initial residual = 0.004374, Final residual = 0.000135041, No Iterations 3
ExecutionTime = 15.9306 s  ClockTime = 17 s

forceCoeffs forces write:
    Cm    = 0.168432
    Cd    = 0.43176
    Cl    = 0.0861193
    Cl(f) = 0.211492
    Cl(r) = -0.125373

Time = 276s

smoothSolver:  Solving for Ux, Initial residual = 0.00122367, Final residual = 3.57429e-05, No Iterations 3
smoothSolver:  Solving for Uy, Initial residual = 0.0075835, Final residual = 0.000220288, No Iterations 3
smoothSolver:  Solving for Uz, Initial residual = 0.00957157, Final residual = 0.00028792, No Iterations 3
GAMG:  Solving for p, Initial residual = 0.0293135, Final residual = 0.00116576, No Iterations 2
time step continuity errors : sum local = 0.000144528, global = -9.66996e-06, cumulative = 0.0138104
smoothSolver:  Solving for nuTilda, Initial residual = 0.00435745, Final residual = 0.000134002, No Iterations 3
ExecutionTime = 15.9867 s  ClockTime = 17 s

forceCoeffs forces write:
    Cm    = 0.168523
    Cd    = 0.432714
    Cl    = 0.0844431
    Cl(f) = 0.210745
    Cl(r) = -0.126302

Time = 277s

smoothSolver:  Solving for Ux, Initial residual = 0.00121741, Final residual = 3.54956e-05, No Iterations 3
smoothSolver:  Solving for Uy, Initial residual = 0.00757548, Final residual = 0.000219916, No Iterations 3
smoothSolver:  Solving for Uz, Initial residual = 0.00957923, Final residual = 0.000287618, No Iterations 3
GAMG:  Solving for p, Initial residual = 0.0291439, Final residual = 0.00117688, No Iterations 2
time step continuity errors : sum local = 0.000145523, global = -7.61803e-06, cumulative = 0.0138028
smoothSolver:  Solving for nuTilda, Initial residual = 0.00434073, Final residual = 0.000132973, No Iterations 3
ExecutionTime = 16.0428 s  ClockTime = 17 s

forceCoeffs forces write:
    Cm    = 0.168592
    Cd    = 0.433567
    Cl    = 0.0826199
    Cl(f) = 0.209902
    Cl(r) = -0.127282

Time = 278s

smoothSolver:  Solving for Ux, Initial residual = 0.0012107, Final residual = 0.000120871, No Iterations 2
smoothSolver:  Solving for Uy, Initial residual = 0.00756811, Final residual = 0.000219504, No Iterations 3
smoothSolver:  Solving for Uz, Initial residual = 0.00958504, Final residual = 0.000287221, No Iterations 3
GAMG:  Solving for p, Initial residual = 0.0290967, Final residual = 0.00114156, No Iterations 2
time step continuity errors : sum local = 0.00014065, global = -7.65919e-06, cumulative = 0.0137951
smoothSolver:  Solving for nuTilda, Initial residual = 0.00432338, Final residual = 0.000131922, No Iterations 3
ExecutionTime = 16.0984 s  ClockTime = 17 s

forceCoeffs forces write:
    Cm    = 0.168658
    Cd    = 0.434495
    Cl    = 0.0811729
    Cl(f) = 0.209244
    Cl(r) = -0.128072

Time = 279s

smoothSolver:  Solving for Ux, Initial residual = 0.00120716, Final residual = 0.000120208, No Iterations 2
smoothSolver:  Solving for Uy, Initial residual = 0.00754637, Final residual = 0.000754577, No Iterations 2
smoothSolver:  Solving for Uz, Initial residual = 0.00957381, Final residual = 0.000286318, No Iterations 3
GAMG:  Solving for p, Initial residual = 0.0289419, Final residual = 0.00112444, No Iterations 2
time step continuity errors : sum local = 0.000138161, global = -6.45412e-06, cumulative = 0.0137887
smoothSolver:  Solving for nuTilda, Initial residual = 0.00430485, Final residual = 0.000130861, No Iterations 3
ExecutionTime = 16.1538 s  ClockTime = 17 s

forceCoeffs forces write:
    Cm    = 0.168726
    Cd    = 0.435505
    Cl    = 0.0797068
    Cl(f) = 0.208579
    Cl(r) = -0.128873

Time = 280s

smoothSolver:  Solving for Ux, Initial residual = 0.00120342, Final residual = 0.000119545, No Iterations 2
smoothSolver:  Solving for Uy, Initial residual = 0.00755335, Final residual = 0.000754054, No Iterations 2
smoothSolver:  Solving for Uz, Initial residual = 0.009546, Final residual = 0.000284944, No Iterations 3
GAMG:  Solving for p, Initial residual = 0.0285244, Final residual = 0.00110818, No Iterations 2
time step continuity errors : sum local = 0.00013586, global = -9.33457e-06, cumulative = 0.0137793
smoothSolver:  Solving for nuTilda, Initial residual = 0.0042867, Final residual = 0.000129799, No Iterations 3
ExecutionTime = 16.209 s  ClockTime = 17 s

forceCoeffs forces write:
    Cm    = 0.168784
    Cd    = 0.436431
    Cl    = 0.0780005
    Cl(f) = 0.207785
    Cl(r) = -0.129784

Time = 281s

smoothSolver:  Solving for Ux, Initial residual = 0.00119889, Final residual = 0.000118914, No Iterations 2
smoothSolver:  Solving for Uy, Initial residual = 0.00757749, Final residual = 0.00075541, No Iterations 2
smoothSolver:  Solving for Uz, Initial residual = 0.00952109, Final residual = 0.000283762, No Iterations 3
GAMG:  Solving for p, Initial residual = 0.0279836, Final residual = 0.00110623, No Iterations 2
time step continuity errors : sum local = 0.000135499, global = -6.54545e-06, cumulative = 0.0137728
smoothSolver:  Solving for nuTilda, Initial residual = 0.00426838, Final residual = 0.000128746, No Iterations 3
ExecutionTime = 16.2643 s  ClockTime = 17 s

forceCoeffs forces write:
    Cm    = 0.168748
    Cd    = 0.437047
    Cl    = 0.0759807
    Cl(f) = 0.206738
    Cl(r) = -0.130757

Time = 282s

smoothSolver:  Solving for Ux, Initial residual = 0.00119341, Final residual = 0.000118165, No Iterations 2
smoothSolver:  Solving for Uy, Initial residual = 0.00760374, Final residual = 0.00075726, No Iterations 2
smoothSolver:  Solving for Uz, Initial residual = 0.00951131, Final residual = 0.000283075, No Iterations 3
GAMG:  Solving for p, Initial residual = 0.0276511, Final residual = 0.00111489, No Iterations 2
time step continuity errors : sum local = 0.000136301, global = -5.95644e-06, cumulative = 0.0137668
smoothSolver:  Solving for nuTilda, Initial residual = 0.00425057, Final residual = 0.000127685, No Iterations 3
ExecutionTime = 16.3198 s  ClockTime = 17 s

forceCoeffs forces write:
    Cm    = 0.168609
    Cd    = 0.437271
    Cl    = 0.0736111
    Cl(f) = 0.205414
    Cl(r) = -0.131803

Time = 283s

smoothSolver:  Solving for Ux, Initial residual = 0.00118769, Final residual = 0.000117406, No Iterations 2
smoothSolver:  Solving for Uy, Initial residual = 0.00762433, Final residual = 0.000758754, No Iterations 2
smoothSolver:  Solving for Uz, Initial residual = 0.00951971, Final residual = 0.000282985, No Iterations 3
GAMG:  Solving for p, Initial residual = 0.0274446, Final residual = 0.00111847, No Iterations 2
time step continuity errors : sum local = 0.000136478, global = -8.93905e-06, cumulative = 0.0137579
smoothSolver:  Solving for nuTilda, Initial residual = 0.0042331, Final residual = 0.000126603, No Iterations 3
ExecutionTime = 16.3755 s  ClockTime = 17 s

forceCoeffs forces write:
    Cm    = 0.168297
    Cd    = 0.436994
    Cl    = 0.0709446
    Cl(f) = 0.20377
    Cl(r) = -0.132825

Time = 284s

smoothSolver:  Solving for Ux, Initial residual = 0.00118223, Final residual = 0.000116797, No Iterations 2
smoothSolver:  Solving for Uy, Initial residual = 0.00763876, Final residual = 0.000759685, No Iterations 2
smoothSolver:  Solving for Uz, Initial residual = 0.00954429, Final residual = 0.000283414, No Iterations 3
GAMG:  Solving for p, Initial residual = 0.0272437, Final residual = 0.00112621, No Iterations 2
time step continuity errors : sum local = 0.000137323, global = -1.008e-05, cumulative = 0.0137478
smoothSolver:  Solving for nuTilda, Initial residual = 0.00421566, Final residual = 0.000125507, No Iterations 3
ExecutionTime = 16.4307 s  ClockTime = 17 s

forceCoeffs forces write:
    Cm    = 0.167825
    Cd    = 0.43628
    Cl    = 0.0681134
    Cl(f) = 0.201882
    Cl(r) = -0.133768

Time = 285s

smoothSolver:  Solving for Ux, Initial residual = 0.00117694, Final residual = 0.00011618, No Iterations 2
smoothSolver:  Solving for Uy, Initial residual = 0.00764712, Final residual = 0.00076006, No Iterations 2
smoothSolver:  Solving for Uz, Initial residual = 0.00957243, Final residual = 0.000284002, No Iterations 3
GAMG:  Solving for p, Initial residual = 0.0270396, Final residual = 0.00113133, No Iterations 2
time step continuity errors : sum local = 0.000137832, global = -6.4445e-06, cumulative = 0.0137414
smoothSolver:  Solving for nuTilda, Initial residual = 0.00419874, Final residual = 0.000124411, No Iterations 3
ExecutionTime = 16.4863 s  ClockTime = 17 s

forceCoeffs forces write:
    Cm    = 0.167227
    Cd    = 0.435272
    Cl    = 0.0652531
    Cl(f) = 0.199853
    Cl(r) = -0.1346

Time = 286s

smoothSolver:  Solving for Ux, Initial residual = 0.00117154, Final residual = 0.000115461, No Iterations 2
smoothSolver:  Solving for Uy, Initial residual = 0.00765361, Final residual = 0.000760205, No Iterations 2
smoothSolver:  Solving for Uz, Initial residual = 0.00959617, Final residual = 0.000284433, No Iterations 3
GAMG:  Solving for p, Initial residual = 0.0269105, Final residual = 0.00109494, No Iterations 2
time step continuity errors : sum local = 0.00013308, global = -9.91047e-06, cumulative = 0.0137315
smoothSolver:  Solving for nuTilda, Initial residual = 0.00418337, Final residual = 0.000123319, No Iterations 3
ExecutionTime = 16.5415 s  ClockTime = 17 s

forceCoeffs forces write:
    Cm    = 0.16651
    Cd    = 0.43405
    Cl    = 0.0625138
    Cl(f) = 0.197767
    Cl(r) = -0.135254

Time = 287s

smoothSolver:  Solving for Ux, Initial residual = 0.00116727, Final residual = 0.000114972, No Iterations 2
smoothSolver:  Solving for Uy, Initial residual = 0.00766507, Final residual = 0.000760904, No Iterations 2
smoothSolver:  Solving for Uz, Initial residual = 0.00961287, Final residual = 0.000284647, No Iterations 3
GAMG:  Solving for p, Initial residual = 0.0267633, Final residual = 0.00108279, No Iterations 2
time step continuity errors : sum local = 0.000131433, global = -5.76498e-06, cumulative = 0.0137257
smoothSolver:  Solving for nuTilda, Initial residual = 0.00416891, Final residual = 0.000122222, No Iterations 3
ExecutionTime = 16.597 s  ClockTime = 17 s

forceCoeffs forces write:
    Cm    = 0.165796
    Cd    = 0.43287
    Cl    = 0.0599527
    Cl(f) = 0.195772
    Cl(r) = -0.135819

Time = 288s

smoothSolver:  Solving for Ux, Initial residual = 0.00116289, Final residual = 0.00011439, No Iterations 2
smoothSolver:  Solving for Uy, Initial residual = 0.00768245, Final residual = 0.000762065, No Iterations 2
smoothSolver:  Solving for Uz, Initial residual = 0.0096196, Final residual = 0.000284579, No Iterations 3
GAMG:  Solving for p, Initial residual = 0.0266693, Final residual = 0.00105353, No Iterations 2
time step continuity errors : sum local = 0.000127552, global = -9.11089e-06, cumulative = 0.0137166
smoothSolver:  Solving for nuTilda, Initial residual = 0.00415456, Final residual = 0.000121147, No Iterations 3
ExecutionTime = 16.6523 s  ClockTime = 17 s

forceCoeffs forces write:
    Cm    = 0.16508
    Cd    = 0.431722
    Cl    = 0.0575898
    Cl(f) = 0.193875
    Cl(r) = -0.136285

Time = 289s

smoothSolver:  Solving for Ux, Initial residual = 0.00115895, Final residual = 0.000113975, No Iterations 2
smoothSolver:  Solving for Uy, Initial residual = 0.0077075, Final residual = 0.00076391, No Iterations 2
smoothSolver:  Solving for Uz, Initial residual = 0.00962376, Final residual = 0.000284467, No Iterations 3
GAMG:  Solving for p, Initial residual = 0.0265294, Final residual = 0.00105542, No Iterations 2
time step continuity errors : sum local = 0.000127608, global = -5.01921e-06, cumulative = 0.0137116
smoothSolver:  Solving for nuTilda, Initial residual = 0.00414085, Final residual = 0.000412873, No Iterations 2
ExecutionTime = 16.7075 s  ClockTime = 17 s

forceCoeffs forces write:
    Cm    = 0.164415
    Cd    = 0.430679
    Cl    = 0.0553417
    Cl(f) = 0.192086
    Cl(r) = -0.136744

Time = 290s

smoothSolver:  Solving for Ux, Initial residual = 0.00115465, Final residual = 0.000113439, No Iterations 2
smoothSolver:  Solving for Uy, Initial residual = 0.00773558, Final residual = 0.00076611, No Iterations 2
smoothSolver:  Solving for Uz, Initial residual = 0.00962415, Final residual = 0.00028425, No Iterations 3
GAMG:  Solving for p, Initial residual = 0.0264274, Final residual = 0.00104585, No Iterations 2
time step continuity errors : sum local = 0.000126126, global = -8.56886e-06, cumulative = 0.013703
smoothSolver:  Solving for nuTilda, Initial residual = 0.00413126, Final residual = 0.000408704, No Iterations 2
ExecutionTime = 16.7628 s  ClockTime = 18 s

forceCoeffs forces write:
    Cm    = 0.163783
    Cd    = 0.429659
    Cl    = 0.0531497
    Cl(f) = 0.190358
    Cl(r) = -0.137208

Time = 291s

smoothSolver:  Solving for Ux, Initial residual = 0.00115047, Final residual = 0.000113033, No Iterations 2
smoothSolver:  Solving for Uy, Initial residual = 0.00776886, Final residual = 0.000768701, No Iterations 2
smoothSolver:  Solving for Uz, Initial residual = 0.00962968, Final residual = 0.000284191, No Iterations 3
GAMG:  Solving for p, Initial residual = 0.0262461, Final residual = 0.00106202, No Iterations 2
time step continuity errors : sum local = 0.000127903, global = -5.22559e-06, cumulative = 0.0136978
smoothSolver:  Solving for nuTilda, Initial residual = 0.00412131, Final residual = 0.000405434, No Iterations 2
ExecutionTime = 16.8178 s  ClockTime = 18 s

forceCoeffs forces write:
    Cm    = 0.163203
    Cd    = 0.428659
    Cl    = 0.0509331
    Cl(f) = 0.18867
    Cl(r) = -0.137737

Time = 292s

smoothSolver:  Solving for Ux, Initial residual = 0.00114583, Final residual = 0.000112493, No Iterations 2
smoothSolver:  Solving for Uy, Initial residual = 0.00780156, Final residual = 0.00077129, No Iterations 2
smoothSolver:  Solving for Uz, Initial residual = 0.00963813, Final residual = 0.000284131, No Iterations 3
GAMG:  Solving for p, Initial residual = 0.0260924, Final residual = 0.0010592, No Iterations 2
time step continuity errors : sum local = 0.000127264, global = -8.9724e-06, cumulative = 0.0136888
smoothSolver:  Solving for nuTilda, Initial residual = 0.00411129, Final residual = 0.000402768, No Iterations 2
ExecutionTime = 16.8726 s  ClockTime = 18 s

forceCoeffs forces write:
    Cm    = 0.162635
    Cd    = 0.427574
    Cl    = 0.048665
    Cl(f) = 0.186967
    Cl(r) = -0.138302

Time = 293s

smoothSolver:  Solving for Ux, Initial residual = 0.00114174, Final residual = 0.000112081, No Iterations 2
smoothSolver:  Solving for Uy, Initial residual = 0.00783649, Final residual = 0.000774228, No Iterations 2
smoothSolver:  Solving for Uz, Initial residual = 0.00965187, Final residual = 0.000284139, No Iterations 3
GAMG:  Solving for p, Initial residual = 0.0258939, Final residual = 0.00107153, No Iterations 2
time step continuity errors : sum local = 0.000128604, global = -5.59992e-06, cumulative = 0.0136832
smoothSolver:  Solving for nuTilda, Initial residual = 0.00410153, Final residual = 0.00040043, No Iterations 2
ExecutionTime = 16.9275 s  ClockTime = 18 s

forceCoeffs forces write:
    Cm    = 0.162099
    Cd    = 0.426434
    Cl    = 0.0463057
    Cl(f) = 0.185252
    Cl(r) = -0.138946

Time = 294s

smoothSolver:  Solving for Ux, Initial residual = 0.00113728, Final residual = 0.000111553, No Iterations 2
smoothSolver:  Solving for Uy, Initial residual = 0.00787167, Final residual = 0.000777313, No Iterations 2
smoothSolver:  Solving for Uz, Initial residual = 0.00966741, Final residual = 0.00028408, No Iterations 3
GAMG:  Solving for p, Initial residual = 0.0257489, Final residual = 0.00106129, No Iterations 2
time step continuity errors : sum local = 0.000127112, global = -8.99687e-06, cumulative = 0.0136742
smoothSolver:  Solving for nuTilda, Initial residual = 0.0040912, Final residual = 0.000398339, No Iterations 2
ExecutionTime = 16.9826 s  ClockTime = 18 s

forceCoeffs forces write:
    Cm    = 0.161552
    Cd    = 0.425165
    Cl    = 0.0438931
    Cl(f) = 0.183498
    Cl(r) = -0.139605

Time = 295s

smoothSolver:  Solving for Ux, Initial residual = 0.00113338, Final residual = 0.000111176, No Iterations 2
smoothSolver:  Solving for Uy, Initial residual = 0.00790902, Final residual = 0.000780841, No Iterations 2
smoothSolver:  Solving for Uz, Initial residual = 0.00968488, Final residual = 0.000284038, No Iterations 3
GAMG:  Solving for p, Initial residual = 0.0255577, Final residual = 0.00105402, No Iterations 2
time step continuity errors : sum local = 0.000126143, global = -9.17502e-06, cumulative = 0.013665
smoothSolver:  Solving for nuTilda, Initial residual = 0.00408117, Final residual = 0.000396466, No Iterations 2
ExecutionTime = 17.0373 s  ClockTime = 18 s

forceCoeffs forces write:
    Cm    = 0.161002
    Cd    = 0.423808
    Cl    = 0.0414407
    Cl(f) = 0.181723
    Cl(r) = -0.140282

Time = 296s

smoothSolver:  Solving for Ux, Initial residual = 0.00112946, Final residual = 0.000110785, No Iterations 2
smoothSolver:  Solving for Uy, Initial residual = 0.00794811, Final residual = 0.000784644, No Iterations 2
smoothSolver:  Solving for Uz, Initial residual = 0.00970039, Final residual = 0.00028391, No Iterations 3
GAMG:  Solving for p, Initial residual = 0.0253655, Final residual = 0.00105236, No Iterations 2
time step continuity errors : sum local = 0.000125842, global = -5.89199e-06, cumulative = 0.0136591
smoothSolver:  Solving for nuTilda, Initial residual = 0.00407124, Final residual = 0.000394745, No Iterations 2
ExecutionTime = 17.0927 s  ClockTime = 18 s

forceCoeffs forces write:
    Cm    = 0.160483
    Cd    = 0.422444
    Cl    = 0.039007
    Cl(f) = 0.179987
    Cl(r) = -0.14098

Time = 297s

smoothSolver:  Solving for Ux, Initial residual = 0.00112545, Final residual = 0.000110295, No Iterations 2
smoothSolver:  Solving for Uy, Initial residual = 0.00798728, Final residual = 0.000788482, No Iterations 2
smoothSolver:  Solving for Uz, Initial residual = 0.00971383, Final residual = 0.00028354, No Iterations 3
GAMG:  Solving for p, Initial residual = 0.0251864, Final residual = 0.00103258, No Iterations 2
time step continuity errors : sum local = 0.000123249, global = -8.98814e-06, cumulative = 0.0136501
smoothSolver:  Solving for nuTilda, Initial residual = 0.00406183, Final residual = 0.000393146, No Iterations 2
ExecutionTime = 17.1476 s  ClockTime = 18 s

forceCoeffs forces write:
    Cm    = 0.159939
    Cd    = 0.420995
    Cl    = 0.0366343
    Cl(f) = 0.178256
    Cl(r) = -0.141622

Time = 298s

smoothSolver:  Solving for Ux, Initial residual = 0.00112199, Final residual = 0.00010999, No Iterations 2
smoothSolver:  Solving for Uy, Initial residual = 0.00802935, Final residual = 0.000792683, No Iterations 2
smoothSolver:  Solving for Uz, Initial residual = 0.00972767, Final residual = 0.000283184, No Iterations 3
GAMG:  Solving for p, Initial residual = 0.0250037, Final residual = 0.0010226, No Iterations 2
time step continuity errors : sum local = 0.000121988, global = -8.63028e-06, cumulative = 0.0136415
smoothSolver:  Solving for nuTilda, Initial residual = 0.00405282, Final residual = 0.00039171, No Iterations 2
ExecutionTime = 17.203 s  ClockTime = 18 s

forceCoeffs forces write:
    Cm    = 0.15941
    Cd    = 0.419533
    Cl    = 0.0343577
    Cl(f) = 0.176589
    Cl(r) = -0.142231

Time = 299s

smoothSolver:  Solving for Ux, Initial residual = 0.00111859, Final residual = 0.000109673, No Iterations 2
smoothSolver:  Solving for Uy, Initial residual = 0.00807256, Final residual = 0.000796901, No Iterations 2
smoothSolver:  Solving for Uz, Initial residual = 0.00973957, Final residual = 0.00028275, No Iterations 3
GAMG:  Solving for p, Initial residual = 0.0248262, Final residual = 0.0010235, No Iterations 2
time step continuity errors : sum local = 0.000121992, global = -5.19558e-06, cumulative = 0.0136363
smoothSolver:  Solving for nuTilda, Initial residual = 0.00404329, Final residual = 0.000390353, No Iterations 2
ExecutionTime = 17.2584 s  ClockTime = 18 s

forceCoeffs forces write:
    Cm    = 0.158942
    Cd    = 0.418143
    Cl    = 0.032179
    Cl(f) = 0.175032
    Cl(r) = -0.142853

Time = 300s

smoothSolver:  Solving for Ux, Initial residual = 0.00111489, Final residual = 0.000109254, No Iterations 2
smoothSolver:  Solving for Uy, Initial residual = 0.00811575, Final residual = 0.000801042, No Iterations 2
smoothSolver:  Solving for Uz, Initial residual = 0.0097522, Final residual = 0.000282227, No Iterations 3
GAMG:  Solving for p, Initial residual = 0.0247094, Final residual = 0.00101052, No Iterations 2
time step continuity errors : sum local = 0.000120214, global = -8.22469e-06, cumulative = 0.0136281
smoothSolver:  Solving for nuTilda, Initial residual = 0.00403429, Final residual = 0.00038901, No Iterations 2
ExecutionTime = 17.3271 s  ClockTime = 18 s

streamlines streamlines write:
    Seeded 20 particles
    Sampled 8693 locations
forceCoeffs forces write:
    Cm    = 0.158502
    Cd    = 0.416754
    Cl    = 0.0301418
    Cl(f) = 0.173573
    Cl(r) = -0.143431

Time = 301s

smoothSolver:  Solving for Ux, Initial residual = 0.00111166, Final residual = 0.000108996, No Iterations 2
smoothSolver:  Solving for Uy, Initial residual = 0.00816356, Final residual = 0.000805513, No Iterations 2
smoothSolver:  Solving for Uz, Initial residual = 0.00976625, Final residual = 0.000281903, No Iterations 3
GAMG:  Solving for p, Initial residual = 0.0245552, Final residual = 0.00100746, No Iterations 2
time step continuity errors : sum local = 0.000119744, global = -8.13368e-06, cumulative = 0.01362
smoothSolver:  Solving for nuTilda, Initial residual = 0.00402508, Final residual = 0.000387707, No Iterations 2
ExecutionTime = 17.4637 s  ClockTime = 18 s

forceCoeffs forces write:
    Cm    = 0.158109
    Cd    = 0.415395
    Cl    = 0.0282358
    Cl(f) = 0.172227
    Cl(r) = -0.143991

Time = 302s

smoothSolver:  Solving for Ux, Initial residual = 0.00110836, Final residual = 0.000108726, No Iterations 2
smoothSolver:  Solving for Uy, Initial residual = 0.00821353, Final residual = 0.000810192, No Iterations 2
smoothSolver:  Solving for Uz, Initial residual = 0.00978111, Final residual = 0.000978103, No Iterations 2
GAMG:  Solving for p, Initial residual = 0.0245797, Final residual = 0.00106408, No Iterations 2
time step continuity errors : sum local = 0.000126352, global = -5.16145e-06, cumulative = 0.0136148
smoothSolver:  Solving for nuTilda, Initial residual = 0.00401441, Final residual = 0.000386367, No Iterations 2
ExecutionTime = 17.5183 s  ClockTime = 18 s

forceCoeffs forces write:
    Cm    = 0.157811
    Cd    = 0.41403
    Cl    = 0.0265405
    Cl(f) = 0.171081
    Cl(r) = -0.144541

Time = 303s

smoothSolver:  Solving for Ux, Initial residual = 0.00110306, Final residual = 0.000108187, No Iterations 2
smoothSolver:  Solving for Uy, Initial residual = 0.00824693, Final residual = 0.000813377, No Iterations 2
smoothSolver:  Solving for Uz, Initial residual = 0.0098268, Final residual = 0.000980954, No Iterations 2
GAMG:  Solving for p, Initial residual = 0.024518, Final residual = 0.00107291, No Iterations 2
time step continuity errors : sum local = 0.000127125, global = -8.22637e-06, cumulative = 0.0136066
smoothSolver:  Solving for nuTilda, Initial residual = 0.00400386, Final residual = 0.000385074, No Iterations 2
ExecutionTime = 17.5728 s  ClockTime = 18 s

forceCoeffs forces write:
    Cm    = 0.157517
    Cd    = 0.412601
    Cl    = 0.0250291
    Cl(f) = 0.170031
    Cl(r) = -0.145002

Time = 304s

smoothSolver:  Solving for Ux, Initial residual = 0.00109814, Final residual = 0.000107745, No Iterations 2
smoothSolver:  Solving for Uy, Initial residual = 0.00827781, Final residual = 0.000816357, No Iterations 2
smoothSolver:  Solving for Uz, Initial residual = 0.0098805, Final residual = 0.000985443, No Iterations 2
GAMG:  Solving for p, Initial residual = 0.0242692, Final residual = 0.00104843, No Iterations 2
time step continuity errors : sum local = 0.000124075, global = -8.65484e-06, cumulative = 0.0135979
smoothSolver:  Solving for nuTilda, Initial residual = 0.00399361, Final residual = 0.000383863, No Iterations 2
ExecutionTime = 17.6275 s  ClockTime = 18 s

forceCoeffs forces write:
    Cm    = 0.157232
    Cd    = 0.411211
    Cl    = 0.023652
    Cl(f) = 0.169058
    Cl(r) = -0.145406

Time = 305s

smoothSolver:  Solving for Ux, Initial residual = 0.0010935, Final residual = 0.000107328, No Iterations 2
smoothSolver:  Solving for Uy, Initial residual = 0.00831352, Final residual = 0.00081974, No Iterations 2
smoothSolver:  Solving for Uz, Initial residual = 0.00992708, Final residual = 0.000989661, No Iterations 2
GAMG:  Solving for p, Initial residual = 0.0239883, Final residual = 0.00101186, No Iterations 2
time step continuity errors : sum local = 0.000119575, global = -5.52491e-06, cumulative = 0.0135924
smoothSolver:  Solving for nuTilda, Initial residual = 0.00398348, Final residual = 0.000382686, No Iterations 2
ExecutionTime = 17.6821 s  ClockTime = 18 s

forceCoeffs forces write:
    Cm    = 0.156982
    Cd    = 0.40996
    Cl    = 0.0223657
    Cl(f) = 0.168165
    Cl(r) = -0.145799

Time = 306s

smoothSolver:  Solving for Ux, Initial residual = 0.00108917, Final residual = 0.000106881, No Iterations 2
smoothSolver:  Solving for Uy, Initial residual = 0.00835646, Final residual = 0.00082376, No Iterations 2
smoothSolver:  Solving for Uz, Initial residual = 0.00995486, Final residual = 0.000992154, No Iterations 2
GAMG:  Solving for p, Initial residual = 0.0238632, Final residual = 0.000976059, No Iterations 2
time step continuity errors : sum local = 0.000115054, global = -4.87346e-06, cumulative = 0.0135875
smoothSolver:  Solving for nuTilda, Initial residual = 0.00397327, Final residual = 0.000381526, No Iterations 2
ExecutionTime = 17.737 s  ClockTime = 19 s

forceCoeffs forces write:
    Cm    = 0.15675
    Cd    = 0.408822
    Cl    = 0.0211835
    Cl(f) = 0.167342
    Cl(r) = -0.146158

Time = 307s

smoothSolver:  Solving for Ux, Initial residual = 0.00108628, Final residual = 0.000106582, No Iterations 2
smoothSolver:  Solving for Uy, Initial residual = 0.00840935, Final residual = 0.000828734, No Iterations 2
smoothSolver:  Solving for Uz, Initial residual = 0.00996672, Final residual = 0.000993243, No Iterations 2
GAMG:  Solving for p, Initial residual = 0.0238288, Final residual = 0.000967004, No Iterations 2
time step continuity errors : sum local = 0.000113733, global = -6.85916e-06, cumulative = 0.0135807
smoothSolver:  Solving for nuTilda, Initial residual = 0.003963, Final residual = 0.000380336, No Iterations 2
ExecutionTime = 17.7916 s  ClockTime = 19 s

forceCoeffs forces write:
    Cm    = 0.156538
    Cd    = 0.40777
    Cl    = 0.0200841
    Cl(f) = 0.16658
    Cl(r) = -0.146496

Time = 308s

smoothSolver:  Solving for Ux, Initial residual = 0.00108417, Final residual = 0.000106423, No Iterations 2
smoothSolver:  Solving for Uy, Initial residual = 0.00846918, Final residual = 0.000834558, No Iterations 2
smoothSolver:  Solving for Uz, Initial residual = 0.00997355, Final residual = 0.000993848, No Iterations 2
GAMG:  Solving for p, Initial residual = 0.0237986, Final residual = 0.00096599, No Iterations 2
time step continuity errors : sum local = 0.000113478, global = -6.95856e-06, cumulative = 0.0135737
smoothSolver:  Solving for nuTilda, Initial residual = 0.0039526, Final residual = 0.000379173, No Iterations 2
ExecutionTime = 17.8462 s  ClockTime = 19 s

forceCoeffs forces write:
    Cm    = 0.156362
    Cd    = 0.406791
    Cl    = 0.0190631
    Cl(f) = 0.165894
    Cl(r) = -0.146831

Time = 309s

smoothSolver:  Solving for Ux, Initial residual = 0.00108187, Final residual = 0.000106208, No Iterations 2
smoothSolver:  Solving for Uy, Initial residual = 0.00852995, Final residual = 0.000840664, No Iterations 2
smoothSolver:  Solving for Uz, Initial residual = 0.00998018, Final residual = 0.000994759, No Iterations 2
GAMG:  Solving for p, Initial residual = 0.0237847, Final residual = 0.000970591, No Iterations 2
time step continuity errors : sum local = 0.000113863, global = -4.79112e-06, cumulative = 0.0135689
smoothSolver:  Solving for nuTilda, Initial residual = 0.00394232, Final residual = 0.000378056, No Iterations 2
ExecutionTime = 17.9011 s  ClockTime = 19 s

forceCoeffs forces write:
    Cm    = 0.156247
    Cd    = 0.405902
    Cl    = 0.0181078
    Cl(f) = 0.165301
    Cl(r) = -0.147193

Time = 310s

smoothSolver:  Solving for Ux, Initial residual = 0.00107882, Final residual = 0.000105829, No Iterations 2
smoothSolver:  Solving for Uy, Initial residual = 0.00858661, Final residual = 0.000846341, No Iterations 2
smoothSolver:  Solving for Uz, Initial residual = 0.00999363, Final residual = 0.000996315, No Iterations 2
GAMG:  Solving for p, Initial residual = 0.0237943, Final residual = 0.000974769, No Iterations 2
time step continuity errors : sum local = 0.000114086, global = -4.43166e-06, cumulative = 0.0135645
smoothSolver:  Solving for nuTilda, Initial residual = 0.00393198, Final residual = 0.000376998, No Iterations 2
ExecutionTime = 17.9558 s  ClockTime = 19 s

forceCoeffs forces write:
    Cm    = 0.156172
    Cd    = 0.405053
    Cl    = 0.0172503
    Cl(f) = 0.164797
    Cl(r) = -0.147547

Time = 311s

smoothSolver:  Solving for Ux, Initial residual = 0.00107568, Final residual = 0.000105446, No Iterations 2
smoothSolver:  Solving for Uy, Initial residual = 0.00863947, Final residual = 0.000851728, No Iterations 2
smoothSolver:  Solving for Uz, Initial residual = 0.0100166, Final residual = 0.000998982, No Iterations 2
GAMG:  Solving for p, Initial residual = 0.0238157, Final residual = 0.000980084, No Iterations 2
time step continuity errors : sum local = 0.000114452, global = -6.54465e-06, cumulative = 0.0135579
smoothSolver:  Solving for nuTilda, Initial residual = 0.00392146, Final residual = 0.000375965, No Iterations 2
ExecutionTime = 18.0105 s  ClockTime = 19 s

forceCoeffs forces write:
    Cm    = 0.156107
    Cd    = 0.404194
    Cl    = 0.0164939
    Cl(f) = 0.164354
    Cl(r) = -0.14786

Time = 312s

smoothSolver:  Solving for Ux, Initial residual = 0.00107269, Final residual = 0.000105147, No Iterations 2
smoothSolver:  Solving for Uy, Initial residual = 0.0086899, Final residual = 0.00085706, No Iterations 2
smoothSolver:  Solving for Uz, Initial residual = 0.0100489, Final residual = 0.00100285, No Iterations 2
GAMG:  Solving for p, Initial residual = 0.023775, Final residual = 0.000981504, No Iterations 2
time step continuity errors : sum local = 0.000114463, global = -4.42228e-06, cumulative = 0.0135535
smoothSolver:  Solving for nuTilda, Initial residual = 0.00391019, Final residual = 0.000374972, No Iterations 2
ExecutionTime = 18.065 s  ClockTime = 19 s

forceCoeffs forces write:
    Cm    = 0.15607
    Cd    = 0.403377
    Cl    = 0.0158291
    Cl(f) = 0.163985
    Cl(r) = -0.148156

Time = 313s

smoothSolver:  Solving for Ux, Initial residual = 0.00106903, Final residual = 0.000104701, No Iterations 2
smoothSolver:  Solving for Uy, Initial residual = 0.00873528, Final residual = 0.000861823, No Iterations 2
smoothSolver:  Solving for Uz, Initial residual = 0.0100841, Final residual = 0.00100684, No Iterations 2
GAMG:  Solving for p, Initial residual = 0.0237322, Final residual = 0.00097768, No Iterations 2
time step continuity errors : sum local = 0.000113777, global = -4.38367e-06, cumulative = 0.0135491
smoothSolver:  Solving for nuTilda, Initial residual = 0.00389926, Final residual = 0.000374067, No Iterations 2
ExecutionTime = 18.1195 s  ClockTime = 19 s

forceCoeffs forces write:
    Cm    = 0.156031
    Cd    = 0.402575
    Cl    = 0.0152549
    Cl(f) = 0.163659
    Cl(r) = -0.148404

Time = 314s

smoothSolver:  Solving for Ux, Initial residual = 0.00106538, Final residual = 0.000104263, No Iterations 2
smoothSolver:  Solving for Uy, Initial residual = 0.00877855, Final residual = 0.00086639, No Iterations 2
smoothSolver:  Solving for Uz, Initial residual = 0.0101191, Final residual = 0.00101069, No Iterations 2
GAMG:  Solving for p, Initial residual = 0.0236765, Final residual = 0.000969614, No Iterations 2
time step continuity errors : sum local = 0.00011262, global = -7.2398e-06, cumulative = 0.0135419
smoothSolver:  Solving for nuTilda, Initial residual = 0.00388855, Final residual = 0.00037326, No Iterations 2
ExecutionTime = 18.1739 s  ClockTime = 19 s

forceCoeffs forces write:
    Cm    = 0.155972
    Cd    = 0.401773
    Cl    = 0.0147841
    Cl(f) = 0.163364
    Cl(r) = -0.14858

Time = 315s

smoothSolver:  Solving for Ux, Initial residual = 0.00106215, Final residual = 0.000103897, No Iterations 2
smoothSolver:  Solving for Uy, Initial residual = 0.00882243, Final residual = 0.000871139, No Iterations 2
smoothSolver:  Solving for Uz, Initial residual = 0.0101509, Final residual = 0.00101393, No Iterations 2
GAMG:  Solving for p, Initial residual = 0.0235951, Final residual = 0.000953592, No Iterations 2
time step continuity errors : sum local = 0.00011063, global = -5.21058e-06, cumulative = 0.0135367
smoothSolver:  Solving for nuTilda, Initial residual = 0.00387882, Final residual = 0.00037244, No Iterations 2
ExecutionTime = 18.2282 s  ClockTime = 19 s

forceCoeffs forces write:
    Cm    = 0.155913
    Cd    = 0.401007
    Cl    = 0.0143933
    Cl(f) = 0.16311
    Cl(r) = -0.148716

Time = 316s

smoothSolver:  Solving for Ux, Initial residual = 0.00105866, Final residual = 0.000103434, No Iterations 2
smoothSolver:  Solving for Uy, Initial residual = 0.00886348, Final residual = 0.000875568, No Iterations 2
smoothSolver:  Solving for Uz, Initial residual = 0.0101781, Final residual = 0.00101611, No Iterations 2
GAMG:  Solving for p, Initial residual = 0.023512, Final residual = 0.000939636, No Iterations 2
time step continuity errors : sum local = 0.000108786, global = -5.2082e-06, cumulative = 0.0135315
smoothSolver:  Solving for nuTilda, Initial residual = 0.00386875, Final residual = 0.000371536, No Iterations 2
ExecutionTime = 18.2825 s  ClockTime = 19 s

forceCoeffs forces write:
    Cm    = 0.155847
    Cd    = 0.400261
    Cl    = 0.014093
    Cl(f) = 0.162893
    Cl(r) = -0.1488

Time = 317s

smoothSolver:  Solving for Ux, Initial residual = 0.00105553, Final residual = 0.000102999, No Iterations 2
smoothSolver:  Solving for Uy, Initial residual = 0.00890464, Final residual = 0.000879891, No Iterations 2
smoothSolver:  Solving for Uz, Initial residual = 0.010204, Final residual = 0.0010178, No Iterations 2
GAMG:  Solving for p, Initial residual = 0.023454, Final residual = 0.000929323, No Iterations 2
time step continuity errors : sum local = 0.000107376, global = -5.33182e-06, cumulative = 0.0135261
smoothSolver:  Solving for nuTilda, Initial residual = 0.0038584, Final residual = 0.000370647, No Iterations 2
ExecutionTime = 18.337 s  ClockTime = 19 s

forceCoeffs forces write:
    Cm    = 0.15578
    Cd    = 0.399544
    Cl    = 0.0138751
    Cl(f) = 0.162717
    Cl(r) = -0.148842

Time = 318s

smoothSolver:  Solving for Ux, Initial residual = 0.00105278, Final residual = 0.000102615, No Iterations 2
smoothSolver:  Solving for Uy, Initial residual = 0.00894589, Final residual = 0.000884154, No Iterations 2
smoothSolver:  Solving for Uz, Initial residual = 0.010229, Final residual = 0.00101987, No Iterations 2
GAMG:  Solving for p, Initial residual = 0.0233851, Final residual = 0.000922568, No Iterations 2
time step continuity errors : sum local = 0.000106432, global = -5.02811e-06, cumulative = 0.0135211
smoothSolver:  Solving for nuTilda, Initial residual = 0.00384779, Final residual = 0.000369764, No Iterations 2
ExecutionTime = 18.3914 s  ClockTime = 19 s

forceCoeffs forces write:
    Cm    = 0.155734
    Cd    = 0.398891
    Cl    = 0.0137416
    Cl(f) = 0.162605
    Cl(r) = -0.148864

Time = 319s

smoothSolver:  Solving for Ux, Initial residual = 0.00104989, Final residual = 0.000102235, No Iterations 2
smoothSolver:  Solving for Uy, Initial residual = 0.00898489, Final residual = 0.000888208, No Iterations 2
smoothSolver:  Solving for Uz, Initial residual = 0.0102551, Final residual = 0.00102238, No Iterations 2
GAMG:  Solving for p, Initial residual = 0.0233057, Final residual = 0.00091822, No Iterations 2
time step continuity errors : sum local = 0.000105775, global = -4.37998e-06, cumulative = 0.0135167
smoothSolver:  Solving for nuTilda, Initial residual = 0.00383784, Final residual = 0.00036882, No Iterations 2
ExecutionTime = 18.4461 s  ClockTime = 19 s

forceCoeffs forces write:
    Cm    = 0.155725
    Cd    = 0.398325
    Cl    = 0.0136814
    Cl(f) = 0.162566
    Cl(r) = -0.148884

Time = 320s

smoothSolver:  Solving for Ux, Initial residual = 0.00104684, Final residual = 0.000101811, No Iterations 2
smoothSolver:  Solving for Uy, Initial residual = 0.00902136, Final residual = 0.000891807, No Iterations 2
smoothSolver:  Solving for Uz, Initial residual = 0.0102839, Final residual = 0.00102504, No Iterations 2
GAMG:  Solving for p, Initial residual = 0.0232157, Final residual = 0.000916149, No Iterations 2
time step continuity errors : sum local = 0.000105363, global = -4.18081e-06, cumulative = 0.0135125
smoothSolver:  Solving for nuTilda, Initial residual = 0.00382838, Final residual = 0.000367823, No Iterations 2
ExecutionTime = 18.5009 s  ClockTime = 19 s

forceCoeffs forces write:
    Cm    = 0.155747
    Cd    = 0.397837
    Cl    = 0.013687
    Cl(f) = 0.162591
    Cl(r) = -0.148904

Time = 321s

smoothSolver:  Solving for Ux, Initial residual = 0.00104366, Final residual = 0.000101366, No Iterations 2
smoothSolver:  Solving for Uy, Initial residual = 0.00905574, Final residual = 0.000895266, No Iterations 2
smoothSolver:  Solving for Uz, Initial residual = 0.0103144, Final residual = 0.00102747, No Iterations 2
GAMG:  Solving for p, Initial residual = 0.0231073, Final residual = 0.000912987, No Iterations 2
time step continuity errors : sum local = 0.000104838, global = -4.08836e-06, cumulative = 0.0135085
smoothSolver:  Solving for nuTilda, Initial residual = 0.00381832, Final residual = 0.000366874, No Iterations 2
ExecutionTime = 18.5553 s  ClockTime = 19 s

forceCoeffs forces write:
    Cm    = 0.155797
    Cd    = 0.397422
    Cl    = 0.0137491
    Cl(f) = 0.162671
    Cl(r) = -0.148922

Time = 322s

smoothSolver:  Solving for Ux, Initial residual = 0.0010404, Final residual = 0.000100927, No Iterations 2
smoothSolver:  Solving for Uy, Initial residual = 0.00908766, Final residual = 0.000898495, No Iterations 2
smoothSolver:  Solving for Uz, Initial residual = 0.0103472, Final residual = 0.00103005, No Iterations 2
GAMG:  Solving for p, Initial residual = 0.0229649, Final residual = 0.000906664, No Iterations 2
time step continuity errors : sum local = 0.000103955, global = -4.09934e-06, cumulative = 0.0135044
smoothSolver:  Solving for nuTilda, Initial residual = 0.00380753, Final residual = 0.000365903, No Iterations 2
ExecutionTime = 18.61 s  ClockTime = 19 s

forceCoeffs forces write:
    Cm    = 0.155875
    Cd    = 0.397074
    Cl    = 0.0138515
    Cl(f) = 0.162801
    Cl(r) = -0.14895

Time = 323s

smoothSolver:  Solving for Ux, Initial residual = 0.00103705, Final residual = 0.000100496, No Iterations 2
smoothSolver:  Solving for Uy, Initial residual = 0.00911694, Final residual = 0.000901543, No Iterations 2
smoothSolver:  Solving for Uz, Initial residual = 0.0103802, Final residual = 0.00103294, No Iterations 2
GAMG:  Solving for p, Initial residual = 0.0228371, Final residual = 0.000899041, No Iterations 2
time step continuity errors : sum local = 0.000102928, global = -4.20764e-06, cumulative = 0.0135002
smoothSolver:  Solving for nuTilda, Initial residual = 0.00379654, Final residual = 0.000364889, No Iterations 2
ExecutionTime = 18.6648 s  ClockTime = 19 s

forceCoeffs forces write:
    Cm    = 0.155977
    Cd    = 0.39678
    Cl    = 0.0139738
    Cl(f) = 0.162964
    Cl(r) = -0.14899

Time = 324s

smoothSolver:  Solving for Ux, Initial residual = 0.00103372, Final residual = 0.000100064, No Iterations 2
smoothSolver:  Solving for Uy, Initial residual = 0.00914261, Final residual = 0.000904516, No Iterations 2
smoothSolver:  Solving for Uz, Initial residual = 0.0104121, Final residual = 0.00103568, No Iterations 2
GAMG:  Solving for p, Initial residual = 0.0227181, Final residual = 0.000890894, No Iterations 2
time step continuity errors : sum local = 0.000101847, global = -4.37619e-06, cumulative = 0.0134958
smoothSolver:  Solving for nuTilda, Initial residual = 0.00378711, Final residual = 0.000363873, No Iterations 2
ExecutionTime = 18.7194 s  ClockTime = 20 s

forceCoeffs forces write:
    Cm    = 0.156095
    Cd    = 0.396535
    Cl    = 0.0141436
    Cl(f) = 0.163167
    Cl(r) = -0.149023

Time = 325s

smoothSolver:  Solving for Ux, Initial residual = 0.0010303, Final residual = 9.96266e-05, No Iterations 2
smoothSolver:  Solving for Uy, Initial residual = 0.00916398, Final residual = 0.000907263, No Iterations 2
smoothSolver:  Solving for Uz, Initial residual = 0.010445, Final residual = 0.0010384, No Iterations 2
GAMG:  Solving for p, Initial residual = 0.0226089, Final residual = 0.000887915, No Iterations 2
time step continuity errors : sum local = 0.00010136, global = -6.41759e-06, cumulative = 0.0134894
smoothSolver:  Solving for nuTilda, Initial residual = 0.00377775, Final residual = 0.000362826, No Iterations 2
ExecutionTime = 18.7743 s  ClockTime = 20 s

forceCoeffs forces write:
    Cm    = 0.156208
    Cd    = 0.396311
    Cl    = 0.0143795
    Cl(f) = 0.163397
    Cl(r) = -0.149018

Time = 326s

smoothSolver:  Solving for Ux, Initial residual = 0.00102714, Final residual = 9.92485e-05, No Iterations 2
smoothSolver:  Solving for Uy, Initial residual = 0.00918402, Final residual = 0.000909882, No Iterations 2
smoothSolver:  Solving for Uz, Initial residual = 0.0104764, Final residual = 0.00104152, No Iterations 2
GAMG:  Solving for p, Initial residual = 0.0225331, Final residual = 0.000873781, No Iterations 2
time step continuity errors : sum local = 9.96488e-05, global = -5.22815e-06, cumulative = 0.0134841
smoothSolver:  Solving for nuTilda, Initial residual = 0.00376871, Final residual = 0.000361728, No Iterations 2
ExecutionTime = 18.8291 s  ClockTime = 20 s

forceCoeffs forces write:
    Cm    = 0.156339
    Cd    = 0.396152
    Cl    = 0.0146903
    Cl(f) = 0.163684
    Cl(r) = -0.148994

Time = 327s

smoothSolver:  Solving for Ux, Initial residual = 0.00102348, Final residual = 9.8783e-05, No Iterations 2
smoothSolver:  Solving for Uy, Initial residual = 0.0091993, Final residual = 0.000911972, No Iterations 2
smoothSolver:  Solving for Uz, Initial residual = 0.0105074, Final residual = 0.00104482, No Iterations 2
GAMG:  Solving for p, Initial residual = 0.0224499, Final residual = 0.000864925, No Iterations 2
time step continuity errors : sum local = 9.84716e-05, global = -5.1222e-06, cumulative = 0.013479
smoothSolver:  Solving for nuTilda, Initial residual = 0.00375974, Final residual = 0.000360606, No Iterations 2
ExecutionTime = 18.8838 s  ClockTime = 20 s

forceCoeffs forces write:
    Cm    = 0.156468
    Cd    = 0.396023
    Cl    = 0.0150735
    Cl(f) = 0.164005
    Cl(r) = -0.148931

Time = 328s

smoothSolver:  Solving for Ux, Initial residual = 0.00102006, Final residual = 9.83422e-05, No Iterations 2
smoothSolver:  Solving for Uy, Initial residual = 0.00921387, Final residual = 0.000914019, No Iterations 2
smoothSolver:  Solving for Uz, Initial residual = 0.0105404, Final residual = 0.00104824, No Iterations 2
GAMG:  Solving for p, Initial residual = 0.0223335, Final residual = 0.000856747, No Iterations 2
time step continuity errors : sum local = 9.73783e-05, global = -4.69328e-06, cumulative = 0.0134743
smoothSolver:  Solving for nuTilda, Initial residual = 0.00375087, Final residual = 0.000359445, No Iterations 2
ExecutionTime = 18.9389 s  ClockTime = 20 s

forceCoeffs forces write:
    Cm    = 0.156607
    Cd    = 0.395936
    Cl    = 0.0155183
    Cl(f) = 0.164366
    Cl(r) = -0.148848

Time = 329s

smoothSolver:  Solving for Ux, Initial residual = 0.00101687, Final residual = 9.79401e-05, No Iterations 2
smoothSolver:  Solving for Uy, Initial residual = 0.00922849, Final residual = 0.000915722, No Iterations 2
smoothSolver:  Solving for Uz, Initial residual = 0.0105734, Final residual = 0.00105159, No Iterations 2
GAMG:  Solving for p, Initial residual = 0.0222002, Final residual = 0.000858669, No Iterations 2
time step continuity errors : sum local = 9.74428e-05, global = -6.13558e-06, cumulative = 0.0134682
smoothSolver:  Solving for nuTilda, Initial residual = 0.00374227, Final residual = 0.00035827, No Iterations 2
ExecutionTime = 18.9932 s  ClockTime = 20 s

forceCoeffs forces write:
    Cm    = 0.15676
    Cd    = 0.395894
    Cl    = 0.016008
    Cl(f) = 0.164764
    Cl(r) = -0.148756

Time = 330s

smoothSolver:  Solving for Ux, Initial residual = 0.00101396, Final residual = 9.75969e-05, No Iterations 2
smoothSolver:  Solving for Uy, Initial residual = 0.00924274, Final residual = 0.000917269, No Iterations 2
smoothSolver:  Solving for Uz, Initial residual = 0.0106097, Final residual = 0.00105528, No Iterations 2
GAMG:  Solving for p, Initial residual = 0.0220583, Final residual = 0.000845528, No Iterations 2
time step continuity errors : sum local = 9.58618e-05, global = -4.81896e-06, cumulative = 0.0134634
smoothSolver:  Solving for nuTilda, Initial residual = 0.00373393, Final residual = 0.000357097, No Iterations 2
ExecutionTime = 19.0479 s  ClockTime = 20 s

forceCoeffs forces write:
    Cm    = 0.156968
    Cd    = 0.395961
    Cl    = 0.0165328
    Cl(f) = 0.165235
    Cl(r) = -0.148702

Time = 331s

smoothSolver:  Solving for Ux, Initial residual = 0.00101027, Final residual = 9.71455e-05, No Iterations 2
smoothSolver:  Solving for Uy, Initial residual = 0.00925446, Final residual = 0.000918155, No Iterations 2
smoothSolver:  Solving for Uz, Initial residual = 0.0106455, Final residual = 0.00105914, No Iterations 2
GAMG:  Solving for p, Initial residual = 0.0219091, Final residual = 0.000842198, No Iterations 2
time step continuity errors : sum local = 9.53371e-05, global = -4.85746e-06, cumulative = 0.0134585
smoothSolver:  Solving for nuTilda, Initial residual = 0.00372543, Final residual = 0.000355887, No Iterations 2
ExecutionTime = 19.1027 s  ClockTime = 20 s

forceCoeffs forces write:
    Cm    = 0.15721
    Cd    = 0.39611
    Cl    = 0.0170934
    Cl(f) = 0.165757
    Cl(r) = -0.148663

Time = 332s

smoothSolver:  Solving for Ux, Initial residual = 0.00100641, Final residual = 9.67072e-05, No Iterations 2
smoothSolver:  Solving for Uy, Initial residual = 0.00926576, Final residual = 0.000918635, No Iterations 2
smoothSolver:  Solving for Uz, Initial residual = 0.0106808, Final residual = 0.00106333, No Iterations 2
GAMG:  Solving for p, Initial residual = 0.0217528, Final residual = 0.000838826, No Iterations 2
time step continuity errors : sum local = 9.48124e-05, global = -4.71684e-06, cumulative = 0.0134538
smoothSolver:  Solving for nuTilda, Initial residual = 0.00371741, Final residual = 0.000354641, No Iterations 2
ExecutionTime = 19.1577 s  ClockTime = 20 s

forceCoeffs forces write:
    Cm    = 0.157483
    Cd    = 0.396342
    Cl    = 0.0176964
    Cl(f) = 0.166331
    Cl(r) = -0.148635

Time = 333s

smoothSolver:  Solving for Ux, Initial residual = 0.00100267, Final residual = 9.629e-05, No Iterations 2
smoothSolver:  Solving for Uy, Initial residual = 0.00927587, Final residual = 0.000918794, No Iterations 2
smoothSolver:  Solving for Uz, Initial residual = 0.0107191, Final residual = 0.0010677, No Iterations 2
GAMG:  Solving for p, Initial residual = 0.0215891, Final residual = 0.000843047, No Iterations 2
time step continuity errors : sum local = 9.51528e-05, global = -6.23583e-06, cumulative = 0.0134476
smoothSolver:  Solving for nuTilda, Initial residual = 0.00370945, Final residual = 0.000353402, No Iterations 2
ExecutionTime = 19.2124 s  ClockTime = 20 s

forceCoeffs forces write:
    Cm    = 0.15777
    Cd    = 0.396634
    Cl    = 0.0183411
    Cl(f) = 0.166941
    Cl(r) = -0.1486

Time = 334s

smoothSolver:  Solving for Ux, Initial residual = 0.000999318, Final residual = 9.59341e-05, No Iterations 2
smoothSolver:  Solving for Uy, Initial residual = 0.00928545, Final residual = 0.000918703, No Iterations 2
smoothSolver:  Solving for Uz, Initial residual = 0.0107585, Final residual = 0.00107214, No Iterations 2
GAMG:  Solving for p, Initial residual = 0.0214226, Final residual = 0.00083047, No Iterations 2
time step continuity errors : sum local = 9.36528e-05, global = -4.97394e-06, cumulative = 0.0134426
smoothSolver:  Solving for nuTilda, Initial residual = 0.00370183, Final residual = 0.00035214, No Iterations 2
ExecutionTime = 19.2669 s  ClockTime = 20 s

forceCoeffs forces write:
    Cm    = 0.158098
    Cd    = 0.397029
    Cl    = 0.0190199
    Cl(f) = 0.167608
    Cl(r) = -0.148588

Time = 335s

smoothSolver:  Solving for Ux, Initial residual = 0.000995498, Final residual = 9.54913e-05, No Iterations 2
smoothSolver:  Solving for Uy, Initial residual = 0.00929159, Final residual = 0.000918103, No Iterations 2
smoothSolver:  Solving for Uz, Initial residual = 0.0107968, Final residual = 0.00107668, No Iterations 2
GAMG:  Solving for p, Initial residual = 0.0212626, Final residual = 0.000828194, No Iterations 2
time step continuity errors : sum local = 9.3262e-05, global = -4.92323e-06, cumulative = 0.0134377
smoothSolver:  Solving for nuTilda, Initial residual = 0.00369452, Final residual = 0.000350875, No Iterations 2
ExecutionTime = 19.3216 s  ClockTime = 20 s

forceCoeffs forces write:
    Cm    = 0.158448
    Cd    = 0.397502
    Cl    = 0.0197317
    Cl(f) = 0.168314
    Cl(r) = -0.148582

Time = 336s

smoothSolver:  Solving for Ux, Initial residual = 0.000991742, Final residual = 9.50772e-05, No Iterations 2
smoothSolver:  Solving for Uy, Initial residual = 0.00929857, Final residual = 0.00091723, No Iterations 2
smoothSolver:  Solving for Uz, Initial residual = 0.0108375, Final residual = 0.00108119, No Iterations 2
GAMG:  Solving for p, Initial residual = 0.0211234, Final residual = 0.000835063, No Iterations 2
time step continuity errors : sum local = 9.3911e-05, global = -6.35169e-06, cumulative = 0.0134313
smoothSolver:  Solving for nuTilda, Initial residual = 0.0036874, Final residual = 0.000349655, No Iterations 2
ExecutionTime = 19.3763 s  ClockTime = 20 s

forceCoeffs forces write:
    Cm    = 0.158814
    Cd    = 0.398032
    Cl    = 0.0204852
    Cl(f) = 0.169057
    Cl(r) = -0.148571

Time = 337s

smoothSolver:  Solving for Ux, Initial residual = 0.000988317, Final residual = 9.4729e-05, No Iterations 2
smoothSolver:  Solving for Uy, Initial residual = 0.0093072, Final residual = 0.000916177, No Iterations 2
smoothSolver:  Solving for Uz, Initial residual = 0.0108792, Final residual = 0.0010854, No Iterations 2
GAMG:  Solving for p, Initial residual = 0.0210086, Final residual = 0.000827539, No Iterations 2
time step continuity errors : sum local = 9.29906e-05, global = -5.15451e-06, cumulative = 0.0134261
smoothSolver:  Solving for nuTilda, Initial residual = 0.00368029, Final residual = 0.000348394, No Iterations 2
ExecutionTime = 19.431 s  ClockTime = 20 s

forceCoeffs forces write:
    Cm    = 0.159217
    Cd    = 0.398658
    Cl    = 0.0212669
    Cl(f) = 0.16985
    Cl(r) = -0.148584

Time = 338s

smoothSolver:  Solving for Ux, Initial residual = 0.000984461, Final residual = 9.43085e-05, No Iterations 2
smoothSolver:  Solving for Uy, Initial residual = 0.00931495, Final residual = 0.000914636, No Iterations 2
smoothSolver:  Solving for Uz, Initial residual = 0.01092, Final residual = 0.0010891, No Iterations 2
GAMG:  Solving for p, Initial residual = 0.0209198, Final residual = 0.000836044, No Iterations 2
time step continuity errors : sum local = 9.38223e-05, global = -6.727e-06, cumulative = 0.0134194
smoothSolver:  Solving for nuTilda, Initial residual = 0.00367278, Final residual = 0.000347121, No Iterations 2
ExecutionTime = 19.4854 s  ClockTime = 20 s

forceCoeffs forces write:
    Cm    = 0.15963
    Cd    = 0.399332
    Cl    = 0.0220936
    Cl(f) = 0.170677
    Cl(r) = -0.148583

Time = 339s

smoothSolver:  Solving for Ux, Initial residual = 0.000980921, Final residual = 9.39592e-05, No Iterations 2
smoothSolver:  Solving for Uy, Initial residual = 0.00932415, Final residual = 0.000913084, No Iterations 2
smoothSolver:  Solving for Uz, Initial residual = 0.0109639, Final residual = 0.00109245, No Iterations 2
GAMG:  Solving for p, Initial residual = 0.0207978, Final residual = 0.000830532, No Iterations 2
time step continuity errors : sum local = 9.313e-05, global = -5.55214e-06, cumulative = 0.0134139
smoothSolver:  Solving for nuTilda, Initial residual = 0.00366591, Final residual = 0.00034587, No Iterations 2
ExecutionTime = 19.54 s  ClockTime = 20 s

forceCoeffs forces write:
    Cm    = 0.160071
    Cd    = 0.400082
    Cl    = 0.0229505
    Cl(f) = 0.171546
    Cl(r) = -0.148596

Time = 340s

smoothSolver:  Solving for Ux, Initial residual = 0.000977039, Final residual = 9.3534e-05, No Iterations 2
smoothSolver:  Solving for Uy, Initial residual = 0.00933026, Final residual = 0.000911253, No Iterations 2
smoothSolver:  Solving for Uz, Initial residual = 0.0110063, Final residual = 0.00109567, No Iterations 2
GAMG:  Solving for p, Initial residual = 0.0206876, Final residual = 0.00084173, No Iterations 2
time step continuity errors : sum local = 9.42589e-05, global = -6.99409e-06, cumulative = 0.0134069
smoothSolver:  Solving for nuTilda, Initial residual = 0.00365932, Final residual = 0.000344661, No Iterations 2
ExecutionTime = 19.5945 s  ClockTime = 20 s

forceCoeffs forces write:
    Cm    = 0.160507
    Cd    = 0.400847
    Cl    = 0.0238554
    Cl(f) = 0.172434
    Cl(r) = -0.148579

Time = 341s

smoothSolver:  Solving for Ux, Initial residual = 0.000973468, Final residual = 9.31861e-05, No Iterations 2
smoothSolver:  Solving for Uy, Initial residual = 0.00933947, Final residual = 0.00090955, No Iterations 2
smoothSolver:  Solving for Uz, Initial residual = 0.0110516, Final residual = 0.00109879, No Iterations 2
GAMG:  Solving for p, Initial residual = 0.0205855, Final residual = 0.000839544, No Iterations 2
time step continuity errors : sum local = 9.39333e-05, global = -5.71644e-06, cumulative = 0.0134012
smoothSolver:  Solving for nuTilda, Initial residual = 0.00365286, Final residual = 0.000343502, No Iterations 2
ExecutionTime = 19.6495 s  ClockTime = 20 s

forceCoeffs forces write:
    Cm    = 0.160942
    Cd    = 0.401642
    Cl    = 0.0248022
    Cl(f) = 0.173343
    Cl(r) = -0.148541

Time = 342s

smoothSolver:  Solving for Ux, Initial residual = 0.000969512, Final residual = 9.27782e-05, No Iterations 2
smoothSolver:  Solving for Uy, Initial residual = 0.00934925, Final residual = 0.00090771, No Iterations 2
smoothSolver:  Solving for Uz, Initial residual = 0.0110965, Final residual = 0.00110167, No Iterations 2
GAMG:  Solving for p, Initial residual = 0.020516, Final residual = 0.000854939, No Iterations 2
time step continuity errors : sum local = 9.55304e-05, global = -7.67465e-06, cumulative = 0.0133935
smoothSolver:  Solving for nuTilda, Initial residual = 0.00364701, Final residual = 0.000342392, No Iterations 2
ExecutionTime = 19.7038 s  ClockTime = 21 s

forceCoeffs forces write:
    Cm    = 0.161349
    Cd    = 0.40241
    Cl    = 0.0258086
    Cl(f) = 0.174253
    Cl(r) = -0.148444

Time = 343s

smoothSolver:  Solving for Ux, Initial residual = 0.00096585, Final residual = 9.24574e-05, No Iterations 2
smoothSolver:  Solving for Uy, Initial residual = 0.0093558, Final residual = 0.000906588, No Iterations 2
smoothSolver:  Solving for Uz, Initial residual = 0.0111407, Final residual = 0.00110481, No Iterations 2
GAMG:  Solving for p, Initial residual = 0.0204157, Final residual = 0.000847902, No Iterations 2
time step continuity errors : sum local = 9.46841e-05, global = -5.97967e-06, cumulative = 0.0133875
smoothSolver:  Solving for nuTilda, Initial residual = 0.00364135, Final residual = 0.000341336, No Iterations 2
ExecutionTime = 19.7582 s  ClockTime = 21 s

forceCoeffs forces write:
    Cm    = 0.161745
    Cd    = 0.403176
    Cl    = 0.0268465
    Cl(f) = 0.175168
    Cl(r) = -0.148322

Time = 344s

smoothSolver:  Solving for Ux, Initial residual = 0.000961804, Final residual = 9.20655e-05, No Iterations 2
smoothSolver:  Solving for Uy, Initial residual = 0.00936141, Final residual = 0.000905448, No Iterations 2
smoothSolver:  Solving for Uz, Initial residual = 0.0111849, Final residual = 0.00110807, No Iterations 2
GAMG:  Solving for p, Initial residual = 0.020371, Final residual = 0.000860448, No Iterations 2
time step continuity errors : sum local = 9.59596e-05, global = -8.03308e-06, cumulative = 0.0133795
smoothSolver:  Solving for nuTilda, Initial residual = 0.00363477, Final residual = 0.000340383, No Iterations 2
ExecutionTime = 19.8136 s  ClockTime = 21 s

forceCoeffs forces write:
    Cm    = 0.162118
    Cd    = 0.403902
    Cl    = 0.0279157
    Cl(f) = 0.176076
    Cl(r) = -0.14816

Time = 345s

smoothSolver:  Solving for Ux, Initial residual = 0.000958177, Final residual = 9.17585e-05, No Iterations 2
smoothSolver:  Solving for Uy, Initial residual = 0.00936639, Final residual = 0.000904769, No Iterations 2
smoothSolver:  Solving for Uz, Initial residual = 0.0112309, Final residual = 0.00111135, No Iterations 2
GAMG:  Solving for p, Initial residual = 0.0203204, Final residual = 0.000849401, No Iterations 2
time step continuity errors : sum local = 9.46659e-05, global = -6.35795e-06, cumulative = 0.0133731
smoothSolver:  Solving for nuTilda, Initial residual = 0.0036295, Final residual = 0.000339494, No Iterations 2
ExecutionTime = 19.8683 s  ClockTime = 21 s

forceCoeffs forces write:
    Cm    = 0.16249
    Cd    = 0.40462
    Cl    = 0.0289852
    Cl(f) = 0.176983
    Cl(r) = -0.147998

Time = 346s

smoothSolver:  Solving for Ux, Initial residual = 0.000954209, Final residual = 9.13633e-05, No Iterations 2
smoothSolver:  Solving for Uy, Initial residual = 0.00936912, Final residual = 0.000904128, No Iterations 2
smoothSolver:  Solving for Uz, Initial residual = 0.0112761, Final residual = 0.00111497, No Iterations 2
GAMG:  Solving for p, Initial residual = 0.0202929, Final residual = 0.00086178, No Iterations 2
time step continuity errors : sum local = 9.59286e-05, global = -8.33897e-06, cumulative = 0.0133648
smoothSolver:  Solving for nuTilda, Initial residual = 0.0036248, Final residual = 0.000338625, No Iterations 2
ExecutionTime = 19.9229 s  ClockTime = 21 s

forceCoeffs forces write:
    Cm    = 0.162849
    Cd    = 0.4053
    Cl    = 0.0300615
    Cl(f) = 0.17788
    Cl(r) = -0.147819

Time = 347s

smoothSolver:  Solving for Ux, Initial residual = 0.000950565, Final residual = 9.1049e-05, No Iterations 2
smoothSolver:  Solving for Uy, Initial residual = 0.00937215, Final residual = 0.000903695, No Iterations 2
smoothSolver:  Solving for Uz, Initial residual = 0.0113228, Final residual = 0.00111901, No Iterations 2
GAMG:  Solving for p, Initial residual = 0.020256, Final residual = 0.000862911, No Iterations 2
time step continuity errors : sum local = 9.59989e-05, global = -8.98921e-06, cumulative = 0.0133558
smoothSolver:  Solving for nuTilda, Initial residual = 0.00361977, Final residual = 0.000337774, No Iterations 2
ExecutionTime = 19.9779 s  ClockTime = 21 s

forceCoeffs forces write:
    Cm    = 0.163206
    Cd    = 0.405963
    Cl    = 0.0311254
    Cl(f) = 0.178769
    Cl(r) = -0.147643

Time = 348s

smoothSolver:  Solving for Ux, Initial residual = 0.0009467, Final residual = 9.07195e-05, No Iterations 2
smoothSolver:  Solving for Uy, Initial residual = 0.00937158, Final residual = 0.000903129, No Iterations 2
smoothSolver:  Solving for Uz, Initial residual = 0.0113689, Final residual = 0.00112323, No Iterations 2
GAMG:  Solving for p, Initial residual = 0.0202148, Final residual = 0.000853697, No Iterations 2
time step continuity errors : sum local = 9.49164e-05, global = -7.28861e-06, cumulative = 0.0133485
smoothSolver:  Solving for nuTilda, Initial residual = 0.00361455, Final residual = 0.000336931, No Iterations 2
ExecutionTime = 20.0329 s  ClockTime = 21 s

forceCoeffs forces write:
    Cm    = 0.163573
    Cd    = 0.406634
    Cl    = 0.0321861
    Cl(f) = 0.179666
    Cl(r) = -0.14748

Time = 349s

smoothSolver:  Solving for Ux, Initial residual = 0.000942459, Final residual = 9.03142e-05, No Iterations 2
smoothSolver:  Solving for Uy, Initial residual = 0.00936571, Final residual = 0.000902084, No Iterations 2
smoothSolver:  Solving for Uz, Initial residual = 0.0114124, Final residual = 0.00112733, No Iterations 2
GAMG:  Solving for p, Initial residual = 0.0201922, Final residual = 0.000871291, No Iterations 2
time step continuity errors : sum local = 9.6738e-05, global = -9.08061e-06, cumulative = 0.0133394
smoothSolver:  Solving for nuTilda, Initial residual = 0.00360924, Final residual = 0.000336168, No Iterations 2
ExecutionTime = 20.0875 s  ClockTime = 21 s

forceCoeffs forces write:
    Cm    = 0.163917
    Cd    = 0.407266
    Cl    = 0.0332454
    Cl(f) = 0.18054
    Cl(r) = -0.147295

Time = 350s

smoothSolver:  Solving for Ux, Initial residual = 0.000938703, Final residual = 9.00017e-05, No Iterations 2
smoothSolver:  Solving for Uy, Initial residual = 0.00936086, Final residual = 0.00090097, No Iterations 2
smoothSolver:  Solving for Uz, Initial residual = 0.0114581, Final residual = 0.0011317, No Iterations 2
GAMG:  Solving for p, Initial residual = 0.0201635, Final residual = 0.000875595, No Iterations 2
time step continuity errors : sum local = 9.71511e-05, global = -9.32416e-06, cumulative = 0.0133301
smoothSolver:  Solving for nuTilda, Initial residual = 0.00360423, Final residual = 0.000335461, No Iterations 2
ExecutionTime = 20.1423 s  ClockTime = 21 s

forceCoeffs forces write:
    Cm    = 0.16425
    Cd    = 0.407884
    Cl    = 0.0343153
    Cl(f) = 0.181408
    Cl(r) = -0.147092

Time = 351s

smoothSolver:  Solving for Ux, Initial residual = 0.000934804, Final residual = 8.96741e-05, No Iterations 2
smoothSolver:  Solving for Uy, Initial residual = 0.00935316, Final residual = 0.000899659, No Iterations 2
smoothSolver:  Solving for Uz, Initial residual = 0.011503, Final residual = 0.00113613, No Iterations 2
GAMG:  Solving for p, Initial residual = 0.0201216, Final residual = 0.000865883, No Iterations 2
time step continuity errors : sum local = 9.60026e-05, global = -7.48214e-06, cumulative = 0.0133226
smoothSolver:  Solving for nuTilda, Initial residual = 0.00359982, Final residual = 0.000334895, No Iterations 2
ExecutionTime = 20.1969 s  ClockTime = 21 s

forceCoeffs forces write:
    Cm    = 0.164571
    Cd    = 0.40849
    Cl    = 0.0353731
    Cl(f) = 0.182258
    Cl(r) = -0.146885

Time = 352s

smoothSolver:  Solving for Ux, Initial residual = 0.000930698, Final residual = 8.92812e-05, No Iterations 2
smoothSolver:  Solving for Uy, Initial residual = 0.00934438, Final residual = 0.000897435, No Iterations 2
smoothSolver:  Solving for Uz, Initial residual = 0.0115448, Final residual = 0.00114049, No Iterations 2
GAMG:  Solving for p, Initial residual = 0.0200872, Final residual = 0.000883637, No Iterations 2
time step continuity errors : sum local = 9.78374e-05, global = -8.97312e-06, cumulative = 0.0133136
smoothSolver:  Solving for nuTilda, Initial residual = 0.00359625, Final residual = 0.000334452, No Iterations 2
ExecutionTime = 20.2518 s  ClockTime = 21 s

forceCoeffs forces write:
    Cm    = 0.164858
    Cd    = 0.409043
    Cl    = 0.0364212
    Cl(f) = 0.183068
    Cl(r) = -0.146647

Time = 353s

smoothSolver:  Solving for Ux, Initial residual = 0.000926964, Final residual = 8.89605e-05, No Iterations 2
smoothSolver:  Solving for Uy, Initial residual = 0.00933565, Final residual = 0.000894913, No Iterations 2
smoothSolver:  Solving for Uz, Initial residual = 0.0115889, Final residual = 0.00114516, No Iterations 2
GAMG:  Solving for p, Initial residual = 0.0200397, Final residual = 0.000884912, No Iterations 2
time step continuity errors : sum local = 9.79016e-05, global = -9.24289e-06, cumulative = 0.0133044
smoothSolver:  Solving for nuTilda, Initial residual = 0.00359237, Final residual = 0.000334144, No Iterations 2
ExecutionTime = 20.3067 s  ClockTime = 21 s

forceCoeffs forces write:
    Cm    = 0.165125
    Cd    = 0.409567
    Cl    = 0.0374183
    Cl(f) = 0.183834
    Cl(r) = -0.146416

Time = 354s

smoothSolver:  Solving for Ux, Initial residual = 0.000923145, Final residual = 8.86131e-05, No Iterations 2
smoothSolver:  Solving for Uy, Initial residual = 0.00932229, Final residual = 0.000892053, No Iterations 2
smoothSolver:  Solving for Uz, Initial residual = 0.0116312, Final residual = 0.00114967, No Iterations 2
GAMG:  Solving for p, Initial residual = 0.0200168, Final residual = 0.00087248, No Iterations 2
time step continuity errors : sum local = 9.64466e-05, global = -7.77097e-06, cumulative = 0.0132966
smoothSolver:  Solving for nuTilda, Initial residual = 0.00358897, Final residual = 0.00033401, No Iterations 2
ExecutionTime = 20.3615 s  ClockTime = 21 s

forceCoeffs forces write:
    Cm    = 0.165396
    Cd    = 0.410098
    Cl    = 0.0383661
    Cl(f) = 0.184579
    Cl(r) = -0.146213

Time = 355s

smoothSolver:  Solving for Ux, Initial residual = 0.000918989, Final residual = 8.8202e-05, No Iterations 2
smoothSolver:  Solving for Uy, Initial residual = 0.00930654, Final residual = 0.000888809, No Iterations 2
smoothSolver:  Solving for Uz, Initial residual = 0.0116712, Final residual = 0.00115386, No Iterations 2
GAMG:  Solving for p, Initial residual = 0.02, Final residual = 0.000889399, No Iterations 2
time step continuity errors : sum local = 9.81754e-05, global = -9.45234e-06, cumulative = 0.0132872
smoothSolver:  Solving for nuTilda, Initial residual = 0.00358596, Final residual = 0.000333981, No Iterations 2
ExecutionTime = 20.4166 s  ClockTime = 21 s

forceCoeffs forces write:
    Cm    = 0.16565
    Cd    = 0.410602
    Cl    = 0.0392478
    Cl(f) = 0.185274
    Cl(r) = -0.146026

Time = 356s

smoothSolver:  Solving for Ux, Initial residual = 0.000915135, Final residual = 8.78544e-05, No Iterations 2
smoothSolver:  Solving for Uy, Initial residual = 0.00929135, Final residual = 0.000885666, No Iterations 2
smoothSolver:  Solving for Uz, Initial residual = 0.011711, Final residual = 0.00115781, No Iterations 2
GAMG:  Solving for p, Initial residual = 0.0199601, Final residual = 0.000890657, No Iterations 2
time step continuity errors : sum local = 9.82337e-05, global = -1.00246e-05, cumulative = 0.0132771
smoothSolver:  Solving for nuTilda, Initial residual = 0.00358212, Final residual = 0.00033406, No Iterations 2
ExecutionTime = 20.4717 s  ClockTime = 21 s

forceCoeffs forces write:
    Cm    = 0.165901
    Cd    = 0.411095
    Cl    = 0.0400675
    Cl(f) = 0.185935
    Cl(r) = -0.145867

Time = 357s

smoothSolver:  Solving for Ux, Initial residual = 0.00091093, Final residual = 8.74859e-05, No Iterations 2
smoothSolver:  Solving for Uy, Initial residual = 0.00927234, Final residual = 0.000882491, No Iterations 2
smoothSolver:  Solving for Uz, Initial residual = 0.0117489, Final residual = 0.00116137, No Iterations 2
GAMG:  Solving for p, Initial residual = 0.0199225, Final residual = 0.00087489, No Iterations 2
time step continuity errors : sum local = 9.64051e-05, global = -8.53278e-06, cumulative = 0.0132686
smoothSolver:  Solving for nuTilda, Initial residual = 0.00357861, Final residual = 0.000334289, No Iterations 2
ExecutionTime = 20.5264 s  ClockTime = 21 s

forceCoeffs forces write:
    Cm    = 0.166158
    Cd    = 0.411599
    Cl    = 0.0408167
    Cl(f) = 0.186566
    Cl(r) = -0.145749

Time = 358s

smoothSolver:  Solving for Ux, Initial residual = 0.000906558, Final residual = 8.70368e-05, No Iterations 2
smoothSolver:  Solving for Uy, Initial residual = 0.00925223, Final residual = 0.000879066, No Iterations 2
smoothSolver:  Solving for Uz, Initial residual = 0.0117832, Final residual = 0.00116442, No Iterations 2
GAMG:  Solving for p, Initial residual = 0.0199337, Final residual = 0.00088241, No Iterations 2
time step continuity errors : sum local = 9.70738e-05, global = -8.47986e-06, cumulative = 0.0132601
smoothSolver:  Solving for nuTilda, Initial residual = 0.00357575, Final residual = 0.000334615, No Iterations 2
ExecutionTime = 20.5813 s  ClockTime = 21 s

forceCoeffs forces write:
    Cm    = 0.166406
    Cd    = 0.412087
    Cl    = 0.0415093
    Cl(f) = 0.187161
    Cl(r) = -0.145652

Time = 359s

smoothSolver:  Solving for Ux, Initial residual = 0.000902556, Final residual = 8.66254e-05, No Iterations 2
smoothSolver:  Solving for Uy, Initial residual = 0.00923053, Final residual = 0.000875615, No Iterations 2
smoothSolver:  Solving for Uz, Initial residual = 0.0118159, Final residual = 0.00116689, No Iterations 2
GAMG:  Solving for p, Initial residual = 0.0199802, Final residual = 0.000901218, No Iterations 2
time step continuity errors : sum local = 9.90039e-05, global = -9.58024e-06, cumulative = 0.0132506
smoothSolver:  Solving for nuTilda, Initial residual = 0.00357071, Final residual = 0.000334978, No Iterations 2
ExecutionTime = 20.636 s  ClockTime = 21 s

forceCoeffs forces write:
    Cm    = 0.166641
    Cd    = 0.412557
    Cl    = 0.0421392
    Cl(f) = 0.187711
    Cl(r) = -0.145571

Time = 360s

smoothSolver:  Solving for Ux, Initial residual = 0.000898686, Final residual = 8.6249e-05, No Iterations 2
smoothSolver:  Solving for Uy, Initial residual = 0.00920871, Final residual = 0.000872368, No Iterations 2
smoothSolver:  Solving for Uz, Initial residual = 0.0118457, Final residual = 0.00116859, No Iterations 2
GAMG:  Solving for p, Initial residual = 0.0200104, Final residual = 0.000904132, No Iterations 2
time step continuity errors : sum local = 9.92376e-05, global = -1.00366e-05, cumulative = 0.0132405
smoothSolver:  Solving for nuTilda, Initial residual = 0.00356615, Final residual = 0.000335376, No Iterations 2
ExecutionTime = 20.6908 s  ClockTime = 22 s

forceCoeffs forces write:
    Cm    = 0.16687
    Cd    = 0.413029
    Cl    = 0.0427283
    Cl(f) = 0.188234
    Cl(r) = -0.145506

Time = 361s

smoothSolver:  Solving for Ux, Initial residual = 0.000894517, Final residual = 8.58455e-05, No Iterations 2
smoothSolver:  Solving for Uy, Initial residual = 0.00918816, Final residual = 0.000869159, No Iterations 2
smoothSolver:  Solving for Uz, Initial residual = 0.0118751, Final residual = 0.00116962, No Iterations 2
GAMG:  Solving for p, Initial residual = 0.020026, Final residual = 0.000890946, No Iterations 2
time step continuity errors : sum local = 9.76934e-05, global = -8.98649e-06, cumulative = 0.0132315
smoothSolver:  Solving for nuTilda, Initial residual = 0.00356252, Final residual = 0.000335836, No Iterations 2
ExecutionTime = 20.7458 s  ClockTime = 22 s

forceCoeffs forces write:
    Cm    = 0.167099
    Cd    = 0.413524
    Cl    = 0.0432756
    Cl(f) = 0.188736
    Cl(r) = -0.145461

Time = 362s

smoothSolver:  Solving for Ux, Initial residual = 0.000890068, Final residual = 8.53729e-05, No Iterations 2
smoothSolver:  Solving for Uy, Initial residual = 0.0091624, Final residual = 0.000865731, No Iterations 2
smoothSolver:  Solving for Uz, Initial residual = 0.0118995, Final residual = 0.00117004, No Iterations 2
GAMG:  Solving for p, Initial residual = 0.0200384, Final residual = 0.000897624, No Iterations 2
time step continuity errors : sum local = 9.82747e-05, global = -8.91189e-06, cumulative = 0.0132226
smoothSolver:  Solving for nuTilda, Initial residual = 0.00355802, Final residual = 0.000336129, No Iterations 2
ExecutionTime = 20.8007 s  ClockTime = 22 s

forceCoeffs forces write:
    Cm    = 0.167321
    Cd    = 0.414031
    Cl    = 0.0438027
    Cl(f) = 0.189223
    Cl(r) = -0.14542

Time = 363s

smoothSolver:  Solving for Ux, Initial residual = 0.000885696, Final residual = 8.49252e-05, No Iterations 2
smoothSolver:  Solving for Uy, Initial residual = 0.00913851, Final residual = 0.000862059, No Iterations 2
smoothSolver:  Solving for Uz, Initial residual = 0.0119202, Final residual = 0.00117018, No Iterations 2
GAMG:  Solving for p, Initial residual = 0.020045, Final residual = 0.000917695, No Iterations 2
time step continuity errors : sum local = 0.000100325, global = -1.00864e-05, cumulative = 0.0132125
smoothSolver:  Solving for nuTilda, Initial residual = 0.00355219, Final residual = 0.000336445, No Iterations 2
ExecutionTime = 20.8558 s  ClockTime = 22 s

forceCoeffs forces write:
    Cm    = 0.167531
    Cd    = 0.414541
    Cl    = 0.0443053
    Cl(f) = 0.189684
    Cl(r) = -0.145379

Time = 364s

smoothSolver:  Solving for Ux, Initial residual = 0.000881602, Final residual = 8.45366e-05, No Iterations 2
smoothSolver:  Solving for Uy, Initial residual = 0.0091162, Final residual = 0.000858455, No Iterations 2
smoothSolver:  Solving for Uz, Initial residual = 0.0119409, Final residual = 0.00116991, No Iterations 2
GAMG:  Solving for p, Initial residual = 0.0200491, Final residual = 0.000920818, No Iterations 2
time step continuity errors : sum local = 0.000100578, global = -1.04871e-05, cumulative = 0.013202
smoothSolver:  Solving for nuTilda, Initial residual = 0.00354835, Final residual = 0.000336808, No Iterations 2
ExecutionTime = 20.9105 s  ClockTime = 22 s

forceCoeffs forces write:
    Cm    = 0.16774
    Cd    = 0.415065
    Cl    = 0.0447999
    Cl(f) = 0.19014
    Cl(r) = -0.14534

Time = 365s

smoothSolver:  Solving for Ux, Initial residual = 0.000877474, Final residual = 8.4132e-05, No Iterations 2
smoothSolver:  Solving for Uy, Initial residual = 0.00909035, Final residual = 0.000854998, No Iterations 2
smoothSolver:  Solving for Uz, Initial residual = 0.0119568, Final residual = 0.00116947, No Iterations 2
GAMG:  Solving for p, Initial residual = 0.0200493, Final residual = 0.000904305, No Iterations 2
time step continuity errors : sum local = 9.86885e-05, global = -9.39689e-06, cumulative = 0.0131926
smoothSolver:  Solving for nuTilda, Initial residual = 0.0035432, Final residual = 0.000337172, No Iterations 2
ExecutionTime = 20.9652 s  ClockTime = 22 s

forceCoeffs forces write:
    Cm    = 0.167948
    Cd    = 0.415603
    Cl    = 0.0452802
    Cl(f) = 0.190588
    Cl(r) = -0.145307

Time = 366s

smoothSolver:  Solving for Ux, Initial residual = 0.000873041, Final residual = 8.36643e-05, No Iterations 2
smoothSolver:  Solving for Uy, Initial residual = 0.00906501, Final residual = 0.000851797, No Iterations 2
smoothSolver:  Solving for Uz, Initial residual = 0.0119686, Final residual = 0.00116881, No Iterations 2
GAMG:  Solving for p, Initial residual = 0.0200227, Final residual = 0.000905479, No Iterations 2
time step continuity errors : sum local = 9.86749e-05, global = -9.21934e-06, cumulative = 0.0131834
smoothSolver:  Solving for nuTilda, Initial residual = 0.00353764, Final residual = 0.000337513, No Iterations 2
ExecutionTime = 21.0201 s  ClockTime = 22 s

forceCoeffs forces write:
    Cm    = 0.16815
    Cd    = 0.416138
    Cl    = 0.0457597
    Cl(f) = 0.19103
    Cl(r) = -0.14527

Time = 367s

smoothSolver:  Solving for Ux, Initial residual = 0.00086874, Final residual = 8.3226e-05, No Iterations 2
smoothSolver:  Solving for Uy, Initial residual = 0.00903807, Final residual = 0.000849188, No Iterations 2
smoothSolver:  Solving for Uz, Initial residual = 0.0119775, Final residual = 0.00116784, No Iterations 2
GAMG:  Solving for p, Initial residual = 0.0199695, Final residual = 0.000922147, No Iterations 2
time step continuity errors : sum local = 0.000100355, global = -1.0368e-05, cumulative = 0.0131731
smoothSolver:  Solving for nuTilda, Initial residual = 0.00353226, Final residual = 0.000337791, No Iterations 2
ExecutionTime = 21.0743 s  ClockTime = 22 s

forceCoeffs forces write:
    Cm    = 0.168345
    Cd    = 0.416658
    Cl    = 0.0462268
    Cl(f) = 0.191458
    Cl(r) = -0.145231

Time = 368s

smoothSolver:  Solving for Ux, Initial residual = 0.000864617, Final residual = 8.28608e-05, No Iterations 2
smoothSolver:  Solving for Uy, Initial residual = 0.00901095, Final residual = 0.000847283, No Iterations 2
smoothSolver:  Solving for Uz, Initial residual = 0.0119811, Final residual = 0.00116707, No Iterations 2
GAMG:  Solving for p, Initial residual = 0.0199158, Final residual = 0.000907564, No Iterations 2
time step continuity errors : sum local = 9.86899e-05, global = -9.29717e-06, cumulative = 0.0131638
smoothSolver:  Solving for nuTilda, Initial residual = 0.00352764, Final residual = 0.000337981, No Iterations 2
ExecutionTime = 21.1288 s  ClockTime = 22 s

forceCoeffs forces write:
    Cm    = 0.168541
    Cd    = 0.417175
    Cl    = 0.046691
    Cl(f) = 0.191887
    Cl(r) = -0.145196

Time = 369s

smoothSolver:  Solving for Ux, Initial residual = 0.000860192, Final residual = 8.2479e-05, No Iterations 2
smoothSolver:  Solving for Uy, Initial residual = 0.00898471, Final residual = 0.000845558, No Iterations 2
smoothSolver:  Solving for Uz, Initial residual = 0.0119824, Final residual = 0.00116634, No Iterations 2
GAMG:  Solving for p, Initial residual = 0.0198564, Final residual = 0.000908382, No Iterations 2
time step continuity errors : sum local = 9.86605e-05, global = -9.28912e-06, cumulative = 0.0131545
smoothSolver:  Solving for nuTilda, Initial residual = 0.00352327, Final residual = 0.000338126, No Iterations 2
ExecutionTime = 21.1837 s  ClockTime = 22 s

forceCoeffs forces write:
    Cm    = 0.16873
    Cd    = 0.417666
    Cl    = 0.0471385
    Cl(f) = 0.192299
    Cl(r) = -0.14516

Time = 370s

smoothSolver:  Solving for Ux, Initial residual = 0.000856049, Final residual = 8.21092e-05, No Iterations 2
smoothSolver:  Solving for Uy, Initial residual = 0.00895691, Final residual = 0.000844022, No Iterations 2
smoothSolver:  Solving for Uz, Initial residual = 0.0119795, Final residual = 0.00116536, No Iterations 2
GAMG:  Solving for p, Initial residual = 0.0197548, Final residual = 0.000923482, No Iterations 2
time step continuity errors : sum local = 0.000100181, global = -1.07092e-05, cumulative = 0.0131438
smoothSolver:  Solving for nuTilda, Initial residual = 0.00351919, Final residual = 0.000338212, No Iterations 2
ExecutionTime = 21.2384 s  ClockTime = 22 s

forceCoeffs forces write:
    Cm    = 0.168904
    Cd    = 0.418118
    Cl    = 0.0475781
    Cl(f) = 0.192693
    Cl(r) = -0.145115

Time = 371s

smoothSolver:  Solving for Ux, Initial residual = 0.000852034, Final residual = 8.177e-05, No Iterations 2
smoothSolver:  Solving for Uy, Initial residual = 0.00893121, Final residual = 0.000842379, No Iterations 2
smoothSolver:  Solving for Uz, Initial residual = 0.0119734, Final residual = 0.00116432, No Iterations 2
GAMG:  Solving for p, Initial residual = 0.0196748, Final residual = 0.000905265, No Iterations 2
time step continuity errors : sum local = 9.81274e-05, global = -9.88511e-06, cumulative = 0.0131339
smoothSolver:  Solving for nuTilda, Initial residual = 0.00351536, Final residual = 0.000338228, No Iterations 2
ExecutionTime = 21.2931 s  ClockTime = 22 s

forceCoeffs forces write:
    Cm    = 0.16907
    Cd    = 0.418546
    Cl    = 0.0480035
    Cl(f) = 0.193072
    Cl(r) = -0.145069

Time = 372s

smoothSolver:  Solving for Ux, Initial residual = 0.000847601, Final residual = 8.13663e-05, No Iterations 2
smoothSolver:  Solving for Uy, Initial residual = 0.00890552, Final residual = 0.000839922, No Iterations 2
smoothSolver:  Solving for Uz, Initial residual = 0.0119644, Final residual = 0.00116317, No Iterations 2
GAMG:  Solving for p, Initial residual = 0.0196235, Final residual = 0.000905061, No Iterations 2
time step continuity errors : sum local = 9.79848e-05, global = -9.98549e-06, cumulative = 0.0131239
smoothSolver:  Solving for nuTilda, Initial residual = 0.00351083, Final residual = 0.000338198, No Iterations 2
ExecutionTime = 21.375 s  ClockTime = 22 s

forceCoeffs forces write:
    Cm    = 0.169232
    Cd    = 0.418953
    Cl    = 0.0484338
    Cl(f) = 0.193449
    Cl(r) = -0.145016

Time = 373s

smoothSolver:  Solving for Ux, Initial residual = 0.000843195, Final residual = 8.0973e-05, No Iterations 2
smoothSolver:  Solving for Uy, Initial residual = 0.00887674, Final residual = 0.000836984, No Iterations 2
smoothSolver:  Solving for Uz, Initial residual = 0.0119491, Final residual = 0.00116153, No Iterations 2
GAMG:  Solving for p, Initial residual = 0.0195653, Final residual = 0.000904884, No Iterations 2
time step continuity errors : sum local = 9.78484e-05, global = -9.88525e-06, cumulative = 0.013114
smoothSolver:  Solving for nuTilda, Initial residual = 0.00350663, Final residual = 0.000338147, No Iterations 2
ExecutionTime = 21.4295 s  ClockTime = 22 s

forceCoeffs forces write:
    Cm    = 0.169397
    Cd    = 0.419352
    Cl    = 0.0488723
    Cl(f) = 0.193833
    Cl(r) = -0.144961

Time = 374s

smoothSolver:  Solving for Ux, Initial residual = 0.000838865, Final residual = 8.06013e-05, No Iterations 2
smoothSolver:  Solving for Uy, Initial residual = 0.0088493, Final residual = 0.000833272, No Iterations 2
smoothSolver:  Solving for Uz, Initial residual = 0.01193, Final residual = 0.00115947, No Iterations 2
GAMG:  Solving for p, Initial residual = 0.0194918, Final residual = 0.000918022, No Iterations 2
time step continuity errors : sum local = 9.91596e-05, global = -1.11094e-05, cumulative = 0.0131029
smoothSolver:  Solving for nuTilda, Initial residual = 0.00350323, Final residual = 0.000338108, No Iterations 2
ExecutionTime = 21.4838 s  ClockTime = 22 s

forceCoeffs forces write:
    Cm    = 0.169572
    Cd    = 0.419747
    Cl    = 0.0493335
    Cl(f) = 0.194239
    Cl(r) = -0.144906

Time = 375s

smoothSolver:  Solving for Ux, Initial residual = 0.000834687, Final residual = 8.02722e-05, No Iterations 2
smoothSolver:  Solving for Uy, Initial residual = 0.00882325, Final residual = 0.000829114, No Iterations 2
smoothSolver:  Solving for Uz, Initial residual = 0.0119064, Final residual = 0.00115715, No Iterations 2
GAMG:  Solving for p, Initial residual = 0.0194281, Final residual = 0.000895974, No Iterations 2
time step continuity errors : sum local = 9.67088e-05, global = -1.02277e-05, cumulative = 0.0130927
smoothSolver:  Solving for nuTilda, Initial residual = 0.00350098, Final residual = 0.000338141, No Iterations 2
ExecutionTime = 21.5381 s  ClockTime = 22 s

forceCoeffs forces write:
    Cm    = 0.169763
    Cd    = 0.420151
    Cl    = 0.0498107
    Cl(f) = 0.194669
    Cl(r) = -0.144858

Time = 376s

smoothSolver:  Solving for Ux, Initial residual = 0.000830082, Final residual = 7.98929e-05, No Iterations 2
smoothSolver:  Solving for Uy, Initial residual = 0.00879432, Final residual = 0.000824208, No Iterations 2
smoothSolver:  Solving for Uz, Initial residual = 0.0118769, Final residual = 0.00115427, No Iterations 2
GAMG:  Solving for p, Initial residual = 0.0193666, Final residual = 0.000891814, No Iterations 2
time step continuity errors : sum local = 9.61431e-05, global = -1.02955e-05, cumulative = 0.0130824
smoothSolver:  Solving for nuTilda, Initial residual = 0.0034985, Final residual = 0.000338248, No Iterations 2
ExecutionTime = 21.5922 s  ClockTime = 22 s

forceCoeffs forces write:
    Cm    = 0.169964
    Cd    = 0.420548
    Cl    = 0.0503036
    Cl(f) = 0.195116
    Cl(r) = -0.144813

Time = 377s

smoothSolver:  Solving for Ux, Initial residual = 0.000825526, Final residual = 7.95305e-05, No Iterations 2
smoothSolver:  Solving for Uy, Initial residual = 0.00876749, Final residual = 0.000818809, No Iterations 2
smoothSolver:  Solving for Uz, Initial residual = 0.0118428, Final residual = 0.00115096, No Iterations 2
GAMG:  Solving for p, Initial residual = 0.0192922, Final residual = 0.000888315, No Iterations 2
time step continuity errors : sum local = 9.56453e-05, global = -1.01985e-05, cumulative = 0.0130722
smoothSolver:  Solving for nuTilda, Initial residual = 0.00349552, Final residual = 0.000338457, No Iterations 2
ExecutionTime = 21.6465 s  ClockTime = 22 s

forceCoeffs forces write:
    Cm    = 0.17017
    Cd    = 0.420925
    Cl    = 0.0507925
    Cl(f) = 0.195566
    Cl(r) = -0.144774

Time = 378s

smoothSolver:  Solving for Ux, Initial residual = 0.000821013, Final residual = 7.91813e-05, No Iterations 2
smoothSolver:  Solving for Uy, Initial residual = 0.00874082, Final residual = 0.000813327, No Iterations 2
smoothSolver:  Solving for Uz, Initial residual = 0.0118049, Final residual = 0.00114697, No Iterations 2
GAMG:  Solving for p, Initial residual = 0.0192174, Final residual = 0.000899193, No Iterations 2
time step continuity errors : sum local = 9.66984e-05, global = -1.12456e-05, cumulative = 0.0130609
smoothSolver:  Solving for nuTilda, Initial residual = 0.0034927, Final residual = 0.000338743, No Iterations 2
ExecutionTime = 21.7011 s  ClockTime = 23 s

forceCoeffs forces write:
    Cm    = 0.170377
    Cd    = 0.421271
    Cl    = 0.0512736
    Cl(f) = 0.196014
    Cl(r) = -0.14474

Time = 379s

smoothSolver:  Solving for Ux, Initial residual = 0.000816715, Final residual = 7.88661e-05, No Iterations 2
smoothSolver:  Solving for Uy, Initial residual = 0.00871284, Final residual = 0.000808206, No Iterations 2
smoothSolver:  Solving for Uz, Initial residual = 0.0117638, Final residual = 0.00114249, No Iterations 2
GAMG:  Solving for p, Initial residual = 0.0191278, Final residual = 0.000877988, No Iterations 2
time step continuity errors : sum local = 9.43317e-05, global = -1.05073e-05, cumulative = 0.0130504
smoothSolver:  Solving for nuTilda, Initial residual = 0.00348969, Final residual = 0.000339042, No Iterations 2
ExecutionTime = 21.7558 s  ClockTime = 23 s

forceCoeffs forces write:
    Cm    = 0.170589
    Cd    = 0.421597
    Cl    = 0.0517314
    Cl(f) = 0.196454
    Cl(r) = -0.144723

Time = 380s

smoothSolver:  Solving for Ux, Initial residual = 0.000812144, Final residual = 7.84778e-05, No Iterations 2
smoothSolver:  Solving for Uy, Initial residual = 0.00868583, Final residual = 0.000803369, No Iterations 2
smoothSolver:  Solving for Uz, Initial residual = 0.0117156, Final residual = 0.00113732, No Iterations 2
GAMG:  Solving for p, Initial residual = 0.0190468, Final residual = 0.000875022, No Iterations 2
time step continuity errors : sum local = 9.38823e-05, global = -1.05659e-05, cumulative = 0.0130399
smoothSolver:  Solving for nuTilda, Initial residual = 0.00348641, Final residual = 0.000339399, No Iterations 2
ExecutionTime = 21.8104 s  ClockTime = 23 s

forceCoeffs forces write:
    Cm    = 0.170795
    Cd    = 0.421891
    Cl    = 0.0521768
    Cl(f) = 0.196884
    Cl(r) = -0.144707

Time = 381s

smoothSolver:  Solving for Ux, Initial residual = 0.000807635, Final residual = 7.80739e-05, No Iterations 2
smoothSolver:  Solving for Uy, Initial residual = 0.0086577, Final residual = 0.000799148, No Iterations 2
smoothSolver:  Solving for Uz, Initial residual = 0.0116634, Final residual = 0.00113107, No Iterations 2
GAMG:  Solving for p, Initial residual = 0.0189714, Final residual = 0.000872208, No Iterations 2
time step continuity errors : sum local = 9.34434e-05, global = -1.05034e-05, cumulative = 0.0130294
smoothSolver:  Solving for nuTilda, Initial residual = 0.00348246, Final residual = 0.000339594, No Iterations 2
ExecutionTime = 21.8645 s  ClockTime = 23 s

forceCoeffs forces write:
    Cm    = 0.170988
    Cd    = 0.422148
    Cl    = 0.0526103
    Cl(f) = 0.197294
    Cl(r) = -0.144683

Time = 382s

smoothSolver:  Solving for Ux, Initial residual = 0.000803195, Final residual = 7.76739e-05, No Iterations 2
smoothSolver:  Solving for Uy, Initial residual = 0.00862749, Final residual = 0.000795504, No Iterations 2
smoothSolver:  Solving for Uz, Initial residual = 0.0116054, Final residual = 0.00112396, No Iterations 2
GAMG:  Solving for p, Initial residual = 0.018894, Final residual = 0.000868187, No Iterations 2
time step continuity errors : sum local = 9.2879e-05, global = -1.03984e-05, cumulative = 0.013019
smoothSolver:  Solving for nuTilda, Initial residual = 0.00347939, Final residual = 0.00033988, No Iterations 2
ExecutionTime = 21.9188 s  ClockTime = 23 s

forceCoeffs forces write:
    Cm    = 0.171172
    Cd    = 0.422377
    Cl    = 0.0530559
    Cl(f) = 0.1977
    Cl(r) = -0.144644

Time = 383s

smoothSolver:  Solving for Ux, Initial residual = 0.000798643, Final residual = 7.72641e-05, No Iterations 2
smoothSolver:  Solving for Uy, Initial residual = 0.00860104, Final residual = 0.000792472, No Iterations 2
smoothSolver:  Solving for Uz, Initial residual = 0.0115454, Final residual = 0.0011161, No Iterations 2
GAMG:  Solving for p, Initial residual = 0.0188117, Final residual = 0.000875418, No Iterations 2
time step continuity errors : sum local = 9.35179e-05, global = -1.14617e-05, cumulative = 0.0130075
smoothSolver:  Solving for nuTilda, Initial residual = 0.00347602, Final residual = 0.000340143, No Iterations 2
ExecutionTime = 21.9733 s  ClockTime = 23 s

forceCoeffs forces write:
    Cm    = 0.171344
    Cd    = 0.422581
    Cl    = 0.0535122
    Cl(f) = 0.1981
    Cl(r) = -0.144588

Time = 384s

smoothSolver:  Solving for Ux, Initial residual = 0.00079423, Final residual = 7.68809e-05, No Iterations 2
smoothSolver:  Solving for Uy, Initial residual = 0.00857202, Final residual = 0.000790171, No Iterations 2
smoothSolver:  Solving for Uz, Initial residual = 0.0114841, Final residual = 0.00110793, No Iterations 2
GAMG:  Solving for p, Initial residual = 0.0187436, Final residual = 0.000850336, No Iterations 2
time step continuity errors : sum local = 9.07336e-05, global = -1.07914e-05, cumulative = 0.0129967
smoothSolver:  Solving for nuTilda, Initial residual = 0.00347298, Final residual = 0.00034037, No Iterations 2
ExecutionTime = 22.0275 s  ClockTime = 23 s

forceCoeffs forces write:
    Cm    = 0.171514
    Cd    = 0.422778
    Cl    = 0.0539861
    Cl(f) = 0.198507
    Cl(r) = -0.144521

Time = 385s

smoothSolver:  Solving for Ux, Initial residual = 0.000789384, Final residual = 7.64361e-05, No Iterations 2
smoothSolver:  Solving for Uy, Initial residual = 0.00854403, Final residual = 0.000788201, No Iterations 2
smoothSolver:  Solving for Uz, Initial residual = 0.0114181, Final residual = 0.0010995, No Iterations 2
GAMG:  Solving for p, Initial residual = 0.0186855, Final residual = 0.00084071, No Iterations 2
time step continuity errors : sum local = 8.95551e-05, global = -1.06267e-05, cumulative = 0.0129861
smoothSolver:  Solving for nuTilda, Initial residual = 0.00347021, Final residual = 0.000340497, No Iterations 2
ExecutionTime = 22.0817 s  ClockTime = 23 s

forceCoeffs forces write:
    Cm    = 0.171677
    Cd    = 0.422965
    Cl    = 0.0544678
    Cl(f) = 0.19891
    Cl(r) = -0.144443

Time = 386s

smoothSolver:  Solving for Ux, Initial residual = 0.000784459, Final residual = 7.59946e-05, No Iterations 2
smoothSolver:  Solving for Uy, Initial residual = 0.00852705, Final residual = 0.00078678, No Iterations 2
smoothSolver:  Solving for Uz, Initial residual = 0.0113511, Final residual = 0.00109101, No Iterations 2
GAMG:  Solving for p, Initial residual = 0.0186269, Final residual = 0.000835636, No Iterations 2
time step continuity errors : sum local = 8.88562e-05, global = -1.03606e-05, cumulative = 0.0129757
smoothSolver:  Solving for nuTilda, Initial residual = 0.00346741, Final residual = 0.000340439, No Iterations 2
ExecutionTime = 22.1359 s  ClockTime = 23 s

forceCoeffs forces write:
    Cm    = 0.171829
    Cd    = 0.423137
    Cl    = 0.0549657
    Cl(f) = 0.199312
    Cl(r) = -0.144347

Time = 387s

smoothSolver:  Solving for Ux, Initial residual = 0.000779697, Final residual = 7.55802e-05, No Iterations 2
smoothSolver:  Solving for Uy, Initial residual = 0.00848923, Final residual = 0.000785508, No Iterations 2
smoothSolver:  Solving for Uz, Initial residual = 0.0112823, Final residual = 0.00108246, No Iterations 2
GAMG:  Solving for p, Initial residual = 0.0185883, Final residual = 0.000847005, No Iterations 2
time step continuity errors : sum local = 8.99139e-05, global = -1.1457e-05, cumulative = 0.0129643
smoothSolver:  Solving for nuTilda, Initial residual = 0.00346513, Final residual = 0.000340252, No Iterations 2
ExecutionTime = 22.1905 s  ClockTime = 23 s

forceCoeffs forces write:
    Cm    = 0.171965
    Cd    = 0.42329
    Cl    = 0.0554721
    Cl(f) = 0.199701
    Cl(r) = -0.144229

Time = 388s

smoothSolver:  Solving for Ux, Initial residual = 0.000775292, Final residual = 7.52095e-05, No Iterations 2
smoothSolver:  Solving for Uy, Initial residual = 0.00845866, Final residual = 0.000784999, No Iterations 2
smoothSolver:  Solving for Uz, Initial residual = 0.0112124, Final residual = 0.00107444, No Iterations 2
GAMG:  Solving for p, Initial residual = 0.0185398, Final residual = 0.000818602, No Iterations 2
time step continuity errors : sum local = 8.68003e-05, global = -1.02074e-05, cumulative = 0.0129541
smoothSolver:  Solving for nuTilda, Initial residual = 0.00346299, Final residual = 0.00033995, No Iterations 2
ExecutionTime = 22.2451 s  ClockTime = 23 s

forceCoeffs forces write:
    Cm    = 0.172093
    Cd    = 0.423439
    Cl    = 0.0559955
    Cl(f) = 0.200091
    Cl(r) = -0.144096

Time = 389s

smoothSolver:  Solving for Ux, Initial residual = 0.00077038, Final residual = 7.47686e-05, No Iterations 2
smoothSolver:  Solving for Uy, Initial residual = 0.00842473, Final residual = 0.000784521, No Iterations 2
smoothSolver:  Solving for Uz, Initial residual = 0.0111418, Final residual = 0.00106662, No Iterations 2
GAMG:  Solving for p, Initial residual = 0.0184881, Final residual = 0.000827062, No Iterations 2
time step continuity errors : sum local = 8.75488e-05, global = -1.13471e-05, cumulative = 0.0129427
smoothSolver:  Solving for nuTilda, Initial residual = 0.00346044, Final residual = 0.000339577, No Iterations 2
ExecutionTime = 22.2994 s  ClockTime = 23 s

forceCoeffs forces write:
    Cm    = 0.172203
    Cd    = 0.423569
    Cl    = 0.0565177
    Cl(f) = 0.200462
    Cl(r) = -0.143944

Time = 390s

smoothSolver:  Solving for Ux, Initial residual = 0.000765771, Final residual = 7.43829e-05, No Iterations 2
smoothSolver:  Solving for Uy, Initial residual = 0.00839324, Final residual = 0.00078414, No Iterations 2
smoothSolver:  Solving for Uz, Initial residual = 0.0110711, Final residual = 0.00105932, No Iterations 2
GAMG:  Solving for p, Initial residual = 0.0184244, Final residual = 0.000799602, No Iterations 2
time step continuity errors : sum local = 8.4537e-05, global = -1.0151e-05, cumulative = 0.0129326
smoothSolver:  Solving for nuTilda, Initial residual = 0.00345869, Final residual = 0.000339154, No Iterations 2
ExecutionTime = 22.3541 s  ClockTime = 23 s

forceCoeffs forces write:
    Cm    = 0.172311
    Cd    = 0.423706
    Cl    = 0.0570418
    Cl(f) = 0.200832
    Cl(r) = -0.14379

Time = 391s

smoothSolver:  Solving for Ux, Initial residual = 0.000760604, Final residual = 7.39403e-05, No Iterations 2
smoothSolver:  Solving for Uy, Initial residual = 0.00836219, Final residual = 0.000783752, No Iterations 2
smoothSolver:  Solving for Uz, Initial residual = 0.0110002, Final residual = 0.00105229, No Iterations 2
GAMG:  Solving for p, Initial residual = 0.0183578, Final residual = 0.00080842, No Iterations 2
time step continuity errors : sum local = 8.53211e-05, global = -1.10669e-05, cumulative = 0.0129215
smoothSolver:  Solving for nuTilda, Initial residual = 0.00345725, Final residual = 0.000338684, No Iterations 2
ExecutionTime = 22.4355 s  ClockTime = 23 s

forceCoeffs forces write:
    Cm    = 0.172406
    Cd    = 0.423834
    Cl    = 0.0575491
    Cl(f) = 0.201181
    Cl(r) = -0.143632

Time = 392s

smoothSolver:  Solving for Ux, Initial residual = 0.000755839, Final residual = 7.35539e-05, No Iterations 2
smoothSolver:  Solving for Uy, Initial residual = 0.00833148, Final residual = 0.00078362, No Iterations 2
smoothSolver:  Solving for Uz, Initial residual = 0.0109311, Final residual = 0.0010458, No Iterations 2
GAMG:  Solving for p, Initial residual = 0.0182877, Final residual = 0.000783457, No Iterations 2
time step continuity errors : sum local = 8.25844e-05, global = -9.6427e-06, cumulative = 0.0129118
smoothSolver:  Solving for nuTilda, Initial residual = 0.0034558, Final residual = 0.000338158, No Iterations 2
ExecutionTime = 22.49 s  ClockTime = 23 s

forceCoeffs forces write:
    Cm    = 0.172505
    Cd    = 0.42398
    Cl    = 0.0580494
    Cl(f) = 0.201529
    Cl(r) = -0.14348

Time = 393s

smoothSolver:  Solving for Ux, Initial residual = 0.000750715, Final residual = 7.3133e-05, No Iterations 2
smoothSolver:  Solving for Uy, Initial residual = 0.0082974, Final residual = 0.000783104, No Iterations 2
smoothSolver:  Solving for Uz, Initial residual = 0.0108607, Final residual = 0.00103955, No Iterations 2
GAMG:  Solving for p, Initial residual = 0.0182147, Final residual = 0.00079247, No Iterations 2
time step continuity errors : sum local = 8.33882e-05, global = -1.02906e-05, cumulative = 0.0129016
smoothSolver:  Solving for nuTilda, Initial residual = 0.00345446, Final residual = 0.000337633, No Iterations 2
ExecutionTime = 22.5443 s  ClockTime = 23 s

forceCoeffs forces write:
    Cm    = 0.172598
    Cd    = 0.424134
    Cl    = 0.0585221
    Cl(f) = 0.201859
    Cl(r) = -0.143337

Time = 394s

smoothSolver:  Solving for Ux, Initial residual = 0.000745882, Final residual = 7.27747e-05, No Iterations 2
smoothSolver:  Solving for Uy, Initial residual = 0.00826823, Final residual = 0.000782495, No Iterations 2
smoothSolver:  Solving for Uz, Initial residual = 0.0107932, Final residual = 0.00103408, No Iterations 2
GAMG:  Solving for p, Initial residual = 0.0181232, Final residual = 0.000784673, No Iterations 2
time step continuity errors : sum local = 8.24659e-05, global = -1.00774e-05, cumulative = 0.0128915
smoothSolver:  Solving for nuTilda, Initial residual = 0.00345332, Final residual = 0.00033724, No Iterations 2
ExecutionTime = 22.5984 s  ClockTime = 23 s

forceCoeffs forces write:
    Cm    = 0.172692
    Cd    = 0.424306
    Cl    = 0.0589826
    Cl(f) = 0.202183
    Cl(r) = -0.1432

Time = 395s

smoothSolver:  Solving for Ux, Initial residual = 0.000741067, Final residual = 7.23924e-05, No Iterations 2
smoothSolver:  Solving for Uy, Initial residual = 0.00823755, Final residual = 0.000781378, No Iterations 2
smoothSolver:  Solving for Uz, Initial residual = 0.0107258, Final residual = 0.0010292, No Iterations 2
GAMG:  Solving for p, Initial residual = 0.0180256, Final residual = 0.000775623, No Iterations 2
time step continuity errors : sum local = 8.1407e-05, global = -9.88381e-06, cumulative = 0.0128816
smoothSolver:  Solving for nuTilda, Initial residual = 0.00345221, Final residual = 0.000336934, No Iterations 2
ExecutionTime = 22.6529 s  ClockTime = 23 s

forceCoeffs forces write:
    Cm    = 0.172783
    Cd    = 0.424494
    Cl    = 0.059424
    Cl(f) = 0.202495
    Cl(r) = -0.143071

Time = 396s

smoothSolver:  Solving for Ux, Initial residual = 0.000736171, Final residual = 7.19854e-05, No Iterations 2
smoothSolver:  Solving for Uy, Initial residual = 0.00820606, Final residual = 0.000779866, No Iterations 2
smoothSolver:  Solving for Uz, Initial residual = 0.0106597, Final residual = 0.00102504, No Iterations 2
GAMG:  Solving for p, Initial residual = 0.0179439, Final residual = 0.000756431, No Iterations 2
time step continuity errors : sum local = 7.92796e-05, global = -8.60183e-06, cumulative = 0.012873
smoothSolver:  Solving for nuTilda, Initial residual = 0.00345104, Final residual = 0.000336759, No Iterations 2
ExecutionTime = 22.7075 s  ClockTime = 24 s

forceCoeffs forces write:
    Cm    = 0.172874
    Cd    = 0.424702
    Cl    = 0.0598686
    Cl(f) = 0.202808
    Cl(r) = -0.142939

Time = 397s

smoothSolver:  Solving for Ux, Initial residual = 0.000730837, Final residual = 7.15447e-05, No Iterations 2
smoothSolver:  Solving for Uy, Initial residual = 0.00817421, Final residual = 0.000777592, No Iterations 2
smoothSolver:  Solving for Uz, Initial residual = 0.0105932, Final residual = 0.00102091, No Iterations 2
GAMG:  Solving for p, Initial residual = 0.0178852, Final residual = 0.000764984, No Iterations 2
time step continuity errors : sum local = 8.00213e-05, global = -9.06261e-06, cumulative = 0.0128639
smoothSolver:  Solving for nuTilda, Initial residual = 0.0034496, Final residual = 0.000336816, No Iterations 2
ExecutionTime = 22.7619 s  ClockTime = 24 s

forceCoeffs forces write:
    Cm    = 0.172955
    Cd    = 0.424914
    Cl    = 0.060304
    Cl(f) = 0.203107
    Cl(r) = -0.142803

Time = 398s

smoothSolver:  Solving for Ux, Initial residual = 0.000726028, Final residual = 7.11627e-05, No Iterations 2
smoothSolver:  Solving for Uy, Initial residual = 0.00814223, Final residual = 0.000775101, No Iterations 2
smoothSolver:  Solving for Uz, Initial residual = 0.0105286, Final residual = 0.00101693, No Iterations 2
GAMG:  Solving for p, Initial residual = 0.0178386, Final residual = 0.000759861, No Iterations 2
time step continuity errors : sum local = 7.9368e-05, global = -8.57508e-06, cumulative = 0.0128554
smoothSolver:  Solving for nuTilda, Initial residual = 0.003448, Final residual = 0.000337118, No Iterations 2
ExecutionTime = 22.816 s  ClockTime = 24 s

forceCoeffs forces write:
    Cm    = 0.173028
    Cd    = 0.42513
    Cl    = 0.0607521
    Cl(f) = 0.203404
    Cl(r) = -0.142652

Time = 399s

smoothSolver:  Solving for Ux, Initial residual = 0.00072125, Final residual = 7.07666e-05, No Iterations 2
smoothSolver:  Solving for Uy, Initial residual = 0.00811016, Final residual = 0.000772241, No Iterations 2
smoothSolver:  Solving for Uz, Initial residual = 0.010466, Final residual = 0.00101344, No Iterations 2
GAMG:  Solving for p, Initial residual = 0.0178034, Final residual = 0.000753968, No Iterations 2
time step continuity errors : sum local = 7.86297e-05, global = -8.21593e-06, cumulative = 0.0128471
smoothSolver:  Solving for nuTilda, Initial residual = 0.003447, Final residual = 0.000337652, No Iterations 2
ExecutionTime = 22.8703 s  ClockTime = 24 s

forceCoeffs forces write:
    Cm    = 0.173093
    Cd    = 0.425347
    Cl    = 0.0611974
    Cl(f) = 0.203691
    Cl(r) = -0.142494

Time = 400s

smoothSolver:  Solving for Ux, Initial residual = 0.000716497, Final residual = 7.03573e-05, No Iterations 2
smoothSolver:  Solving for Uy, Initial residual = 0.00807809, Final residual = 0.000769237, No Iterations 2
smoothSolver:  Solving for Uz, Initial residual = 0.010406, Final residual = 0.00101008, No Iterations 2
GAMG:  Solving for p, Initial residual = 0.0177374, Final residual = 0.000746449, No Iterations 2
time step continuity errors : sum local = 7.77207e-05, global = -7.88717e-06, cumulative = 0.0128392
smoothSolver:  Solving for nuTilda, Initial residual = 0.00344776, Final residual = 0.000338461, No Iterations 2
ExecutionTime = 22.9719 s  ClockTime = 24 s

streamlines streamlines write:
    Seeded 20 particles
    Sampled 6708 locations
forceCoeffs forces write:
    Cm    = 0.173155
    Cd    = 0.425574
    Cl    = 0.0616391
    Cl(f) = 0.203975
    Cl(r) = -0.142336

Time = 401s

smoothSolver:  Solving for Ux, Initial residual = 0.000711724, Final residual = 6.99202e-05, No Iterations 2
smoothSolver:  Solving for Uy, Initial residual = 0.00804435, Final residual = 0.000766398, No Iterations 2
smoothSolver:  Solving for Uz, Initial residual = 0.0103471, Final residual = 0.00100663, No Iterations 2
GAMG:  Solving for p, Initial residual = 0.0176634, Final residual = 0.000739644, No Iterations 2
time step continuity errors : sum local = 7.68895e-05, global = -7.48588e-06, cumulative = 0.0128318
smoothSolver:  Solving for nuTilda, Initial residual = 0.00344761, Final residual = 0.000339432, No Iterations 2
ExecutionTime = 23.0969 s  ClockTime = 24 s

forceCoeffs forces write:
    Cm    = 0.173215
    Cd    = 0.425807
    Cl    = 0.0620594
    Cl(f) = 0.204244
    Cl(r) = -0.142185

Time = 402s

smoothSolver:  Solving for Ux, Initial residual = 0.000706978, Final residual = 6.94696e-05, No Iterations 2
smoothSolver:  Solving for Uy, Initial residual = 0.00801032, Final residual = 0.00076386, No Iterations 2
smoothSolver:  Solving for Uz, Initial residual = 0.0102919, Final residual = 0.00100304, No Iterations 2
GAMG:  Solving for p, Initial residual = 0.0175857, Final residual = 0.000733088, No Iterations 2
time step continuity errors : sum local = 7.6088e-05, global = -6.92263e-06, cumulative = 0.0128248
smoothSolver:  Solving for nuTilda, Initial residual = 0.00344694, Final residual = 0.000340574, No Iterations 2
ExecutionTime = 23.1509 s  ClockTime = 24 s

forceCoeffs forces write:
    Cm    = 0.173273
    Cd    = 0.426039
    Cl    = 0.0624773
    Cl(f) = 0.204511
    Cl(r) = -0.142034

Time = 403s

smoothSolver:  Solving for Ux, Initial residual = 0.000702325, Final residual = 6.90109e-05, No Iterations 2
smoothSolver:  Solving for Uy, Initial residual = 0.00797722, Final residual = 0.0007613, No Iterations 2
smoothSolver:  Solving for Uz, Initial residual = 0.0102387, Final residual = 0.000999113, No Iterations 2
GAMG:  Solving for p, Initial residual = 0.0174978, Final residual = 0.000727662, No Iterations 2
time step continuity errors : sum local = 7.5405e-05, global = -6.16845e-06, cumulative = 0.0128187
smoothSolver:  Solving for nuTilda, Initial residual = 0.00344626, Final residual = 0.00034184, No Iterations 2
ExecutionTime = 23.2049 s  ClockTime = 24 s

forceCoeffs forces write:
    Cm    = 0.173328
    Cd    = 0.42627
    Cl    = 0.0628891
    Cl(f) = 0.204773
    Cl(r) = -0.141884

Time = 404s

smoothSolver:  Solving for Ux, Initial residual = 0.000697761, Final residual = 6.85386e-05, No Iterations 2
smoothSolver:  Solving for Uy, Initial residual = 0.00794258, Final residual = 0.000758563, No Iterations 2
smoothSolver:  Solving for Uz, Initial residual = 0.01019, Final residual = 0.000994884, No Iterations 2
GAMG:  Solving for p, Initial residual = 0.0173878, Final residual = 0.000722474, No Iterations 2
time step continuity errors : sum local = 7.47558e-05, global = -5.36553e-06, cumulative = 0.0128133
smoothSolver:  Solving for nuTilda, Initial residual = 0.00344567, Final residual = 0.000343184, No Iterations 2
ExecutionTime = 23.2592 s  ClockTime = 24 s

forceCoeffs forces write:
    Cm    = 0.173388
    Cd    = 0.426501
    Cl    = 0.0633071
    Cl(f) = 0.205042
    Cl(r) = -0.141735

Time = 405s

smoothSolver:  Solving for Ux, Initial residual = 0.000693488, Final residual = 6.80658e-05, No Iterations 2
smoothSolver:  Solving for Uy, Initial residual = 0.00790938, Final residual = 0.000755909, No Iterations 2
smoothSolver:  Solving for Uz, Initial residual = 0.0101417, Final residual = 0.000990388, No Iterations 2
GAMG:  Solving for p, Initial residual = 0.0172602, Final residual = 0.000717981, No Iterations 2
time step continuity errors : sum local = 7.41815e-05, global = -4.31283e-06, cumulative = 0.012809
smoothSolver:  Solving for nuTilda, Initial residual = 0.00344557, Final residual = 0.00034452, No Iterations 2
ExecutionTime = 23.3133 s  ClockTime = 24 s

forceCoeffs forces write:
    Cm    = 0.173451
    Cd    = 0.426725
    Cl    = 0.0637082
    Cl(f) = 0.205305
    Cl(r) = -0.141597

Time = 406s

smoothSolver:  Solving for Ux, Initial residual = 0.00068931, Final residual = 6.75911e-05, No Iterations 2
smoothSolver:  Solving for Uy, Initial residual = 0.00787546, Final residual = 0.00075338, No Iterations 2
smoothSolver:  Solving for Uz, Initial residual = 0.0100951, Final residual = 0.000985717, No Iterations 2
GAMG:  Solving for p, Initial residual = 0.0171387, Final residual = 0.000713527, No Iterations 2
time step continuity errors : sum local = 7.36206e-05, global = -3.26454e-06, cumulative = 0.0128057
smoothSolver:  Solving for nuTilda, Initial residual = 0.00344577, Final residual = 0.000101174, No Iterations 3
ExecutionTime = 23.3679 s  ClockTime = 24 s

forceCoeffs forces write:
    Cm    = 0.173518
    Cd    = 0.426934
    Cl    = 0.0640961
    Cl(f) = 0.205566
    Cl(r) = -0.14147

Time = 407s

smoothSolver:  Solving for Ux, Initial residual = 0.000685159, Final residual = 6.7112e-05, No Iterations 2
smoothSolver:  Solving for Uy, Initial residual = 0.00784094, Final residual = 0.000750674, No Iterations 2
smoothSolver:  Solving for Uz, Initial residual = 0.0100518, Final residual = 0.000981371, No Iterations 2
GAMG:  Solving for p, Initial residual = 0.0170261, Final residual = 0.000711132, No Iterations 2
time step continuity errors : sum local = 7.32781e-05, global = -2.08005e-06, cumulative = 0.0128036
smoothSolver:  Solving for nuTilda, Initial residual = 0.00344517, Final residual = 0.000102067, No Iterations 3
ExecutionTime = 23.4221 s  ClockTime = 24 s

forceCoeffs forces write:
    Cm    = 0.173586
    Cd    = 0.427122
    Cl    = 0.0644497
    Cl(f) = 0.205811
    Cl(r) = -0.141361

Time = 408s

smoothSolver:  Solving for Ux, Initial residual = 0.00068101, Final residual = 6.66294e-05, No Iterations 2
smoothSolver:  Solving for Uy, Initial residual = 0.00780788, Final residual = 0.000747479, No Iterations 2
smoothSolver:  Solving for Uz, Initial residual = 0.0100126, Final residual = 0.000977257, No Iterations 2
GAMG:  Solving for p, Initial residual = 0.0169442, Final residual = 0.000710301, No Iterations 2
time step continuity errors : sum local = 7.31056e-05, global = -8.84876e-07, cumulative = 0.0128028
smoothSolver:  Solving for nuTilda, Initial residual = 0.0034477, Final residual = 0.000102632, No Iterations 3
ExecutionTime = 23.4764 s  ClockTime = 24 s

forceCoeffs forces write:
    Cm    = 0.173661
    Cd    = 0.427296
    Cl    = 0.0647779
    Cl(f) = 0.20605
    Cl(r) = -0.141272

Time = 409s

smoothSolver:  Solving for Ux, Initial residual = 0.000676882, Final residual = 6.61527e-05, No Iterations 2
smoothSolver:  Solving for Uy, Initial residual = 0.00777141, Final residual = 0.000744247, No Iterations 2
smoothSolver:  Solving for Uz, Initial residual = 0.00997551, Final residual = 0.000972847, No Iterations 2
GAMG:  Solving for p, Initial residual = 0.0168806, Final residual = 0.000711215, No Iterations 2
time step continuity errors : sum local = 7.3116e-05, global = 3.05806e-07, cumulative = 0.0128031
smoothSolver:  Solving for nuTilda, Initial residual = 0.00344924, Final residual = 0.000102961, No Iterations 3
ExecutionTime = 23.5307 s  ClockTime = 24 s

forceCoeffs forces write:
    Cm    = 0.173742
    Cd    = 0.42746
    Cl    = 0.0650682
    Cl(f) = 0.206276
    Cl(r) = -0.141208

Time = 410s

smoothSolver:  Solving for Ux, Initial residual = 0.000672749, Final residual = 6.56638e-05, No Iterations 2
smoothSolver:  Solving for Uy, Initial residual = 0.00773507, Final residual = 0.000741106, No Iterations 2
smoothSolver:  Solving for Uz, Initial residual = 0.00993949, Final residual = 0.000968337, No Iterations 2
GAMG:  Solving for p, Initial residual = 0.0168279, Final residual = 0.000713541, No Iterations 2
time step continuity errors : sum local = 7.32775e-05, global = 1.48486e-06, cumulative = 0.0128046
smoothSolver:  Solving for nuTilda, Initial residual = 0.00345121, Final residual = 0.000103108, No Iterations 3
ExecutionTime = 23.5851 s  ClockTime = 24 s

forceCoeffs forces write:
    Cm    = 0.173836
    Cd    = 0.427625
    Cl    = 0.0653341
    Cl(f) = 0.206503
    Cl(r) = -0.141169

Time = 411s

smoothSolver:  Solving for Ux, Initial residual = 0.000668557, Final residual = 6.51719e-05, No Iterations 2
smoothSolver:  Solving for Uy, Initial residual = 0.00769745, Final residual = 0.000737758, No Iterations 2
smoothSolver:  Solving for Uz, Initial residual = 0.00990634, Final residual = 0.000963758, No Iterations 2
GAMG:  Solving for p, Initial residual = 0.0167508, Final residual = 0.000716736, No Iterations 2
time step continuity errors : sum local = 7.3529e-05, global = 2.6467e-06, cumulative = 0.0128072
smoothSolver:  Solving for nuTilda, Initial residual = 0.00345557, Final residual = 0.000103101, No Iterations 3
ExecutionTime = 23.6396 s  ClockTime = 25 s

forceCoeffs forces write:
    Cm    = 0.173942
    Cd    = 0.427792
    Cl    = 0.0655568
    Cl(f) = 0.20672
    Cl(r) = -0.141163

Time = 412s

smoothSolver:  Solving for Ux, Initial residual = 0.000664331, Final residual = 6.46932e-05, No Iterations 2
smoothSolver:  Solving for Uy, Initial residual = 0.00765617, Final residual = 0.000734077, No Iterations 2
smoothSolver:  Solving for Uz, Initial residual = 0.00987504, Final residual = 0.000959471, No Iterations 2
GAMG:  Solving for p, Initial residual = 0.0166984, Final residual = 0.000718409, No Iterations 2
time step continuity errors : sum local = 7.3638e-05, global = 3.67573e-06, cumulative = 0.0128109
smoothSolver:  Solving for nuTilda, Initial residual = 0.0034586, Final residual = 0.000102976, No Iterations 3
ExecutionTime = 23.6942 s  ClockTime = 25 s

forceCoeffs forces write:
    Cm    = 0.174062
    Cd    = 0.427968
    Cl    = 0.0657491
    Cl(f) = 0.206937
    Cl(r) = -0.141188

Time = 413s

smoothSolver:  Solving for Ux, Initial residual = 0.000660205, Final residual = 6.42291e-05, No Iterations 2
smoothSolver:  Solving for Uy, Initial residual = 0.00761259, Final residual = 0.000729656, No Iterations 2
smoothSolver:  Solving for Uz, Initial residual = 0.00984523, Final residual = 0.000955307, No Iterations 2
GAMG:  Solving for p, Initial residual = 0.0166393, Final residual = 0.00072478, No Iterations 2
time step continuity errors : sum local = 7.42356e-05, global = 3.70302e-06, cumulative = 0.0128146
smoothSolver:  Solving for nuTilda, Initial residual = 0.00346121, Final residual = 0.000102764, No Iterations 3
ExecutionTime = 23.7493 s  ClockTime = 25 s

forceCoeffs forces write:
    Cm    = 0.174189
    Cd    = 0.428144
    Cl    = 0.0658934
    Cl(f) = 0.207136
    Cl(r) = -0.141243

Time = 414s

smoothSolver:  Solving for Ux, Initial residual = 0.000656376, Final residual = 6.37684e-05, No Iterations 2
smoothSolver:  Solving for Uy, Initial residual = 0.00756735, Final residual = 0.000725013, No Iterations 2
smoothSolver:  Solving for Uz, Initial residual = 0.00981576, Final residual = 0.000951213, No Iterations 2
GAMG:  Solving for p, Initial residual = 0.016594, Final residual = 0.000712876, No Iterations 2
time step continuity errors : sum local = 7.29963e-05, global = 4.51695e-06, cumulative = 0.0128191
smoothSolver:  Solving for nuTilda, Initial residual = 0.00346371, Final residual = 0.000102508, No Iterations 3
ExecutionTime = 23.804 s  ClockTime = 25 s

forceCoeffs forces write:
    Cm    = 0.174331
    Cd    = 0.428337
    Cl    = 0.0660053
    Cl(f) = 0.207334
    Cl(r) = -0.141329

Time = 415s

smoothSolver:  Solving for Ux, Initial residual = 0.000651933, Final residual = 6.32811e-05, No Iterations 2
smoothSolver:  Solving for Uy, Initial residual = 0.00751681, Final residual = 0.000719772, No Iterations 2
smoothSolver:  Solving for Uz, Initial residual = 0.00978461, Final residual = 0.000947589, No Iterations 2
GAMG:  Solving for p, Initial residual = 0.0165532, Final residual = 0.000717968, No Iterations 2
time step continuity errors : sum local = 7.34752e-05, global = 3.98841e-06, cumulative = 0.0128231
smoothSolver:  Solving for nuTilda, Initial residual = 0.00346635, Final residual = 0.000102235, No Iterations 3
ExecutionTime = 23.8595 s  ClockTime = 25 s

forceCoeffs forces write:
    Cm    = 0.174477
    Cd    = 0.428529
    Cl    = 0.0660565
    Cl(f) = 0.207506
    Cl(r) = -0.141449

Time = 416s

smoothSolver:  Solving for Ux, Initial residual = 0.000647773, Final residual = 6.28137e-05, No Iterations 2
smoothSolver:  Solving for Uy, Initial residual = 0.00746303, Final residual = 0.000714248, No Iterations 2
smoothSolver:  Solving for Uz, Initial residual = 0.00975528, Final residual = 0.000944713, No Iterations 2
GAMG:  Solving for p, Initial residual = 0.0164822, Final residual = 0.000707509, No Iterations 2
time step continuity errors : sum local = 7.23875e-05, global = 4.66736e-06, cumulative = 0.0128278
smoothSolver:  Solving for nuTilda, Initial residual = 0.00347015, Final residual = 0.000101987, No Iterations 3
ExecutionTime = 23.914 s  ClockTime = 25 s

forceCoeffs forces write:
    Cm    = 0.174634
    Cd    = 0.428732
    Cl    = 0.0660607
    Cl(f) = 0.207664
    Cl(r) = -0.141603

Time = 417s

smoothSolver:  Solving for Ux, Initial residual = 0.000643255, Final residual = 6.23198e-05, No Iterations 2
smoothSolver:  Solving for Uy, Initial residual = 0.0074059, Final residual = 0.000707828, No Iterations 2
smoothSolver:  Solving for Uz, Initial residual = 0.00972446, Final residual = 0.000941954, No Iterations 2
GAMG:  Solving for p, Initial residual = 0.0163783, Final residual = 0.000717832, No Iterations 2
time step continuity errors : sum local = 7.33968e-05, global = 4.10933e-06, cumulative = 0.0128319
smoothSolver:  Solving for nuTilda, Initial residual = 0.00348031, Final residual = 0.00010181, No Iterations 3
ExecutionTime = 23.9687 s  ClockTime = 25 s

forceCoeffs forces write:
    Cm    = 0.174788
    Cd    = 0.428925
    Cl    = 0.0659871
    Cl(f) = 0.207782
    Cl(r) = -0.141794

Time = 418s

smoothSolver:  Solving for Ux, Initial residual = 0.000639156, Final residual = 6.1868e-05, No Iterations 2
smoothSolver:  Solving for Uy, Initial residual = 0.0073482, Final residual = 0.000701084, No Iterations 2
smoothSolver:  Solving for Uz, Initial residual = 0.00969343, Final residual = 0.000939492, No Iterations 2
GAMG:  Solving for p, Initial residual = 0.0162594, Final residual = 0.000705876, No Iterations 2
time step continuity errors : sum local = 7.21652e-05, global = 4.98664e-06, cumulative = 0.0128368
smoothSolver:  Solving for nuTilda, Initial residual = 0.00349028, Final residual = 0.000101717, No Iterations 3
ExecutionTime = 24.0237 s  ClockTime = 25 s

forceCoeffs forces write:
    Cm    = 0.174944
    Cd    = 0.429125
    Cl    = 0.0658789
    Cl(f) = 0.207883
    Cl(r) = -0.142004

Time = 419s

smoothSolver:  Solving for Ux, Initial residual = 0.000634439, Final residual = 6.13841e-05, No Iterations 2
smoothSolver:  Solving for Uy, Initial residual = 0.00728675, Final residual = 0.000693703, No Iterations 2
smoothSolver:  Solving for Uz, Initial residual = 0.00966178, Final residual = 0.000937178, No Iterations 2
GAMG:  Solving for p, Initial residual = 0.0161521, Final residual = 0.00071694, No Iterations 2
time step continuity errors : sum local = 7.32559e-05, global = 4.46212e-06, cumulative = 0.0128413
smoothSolver:  Solving for nuTilda, Initial residual = 0.00349648, Final residual = 0.000101723, No Iterations 3
ExecutionTime = 24.0781 s  ClockTime = 25 s

forceCoeffs forces write:
    Cm    = 0.175087
    Cd    = 0.429313
    Cl    = 0.0657213
    Cl(f) = 0.207948
    Cl(r) = -0.142226

Time = 420s

smoothSolver:  Solving for Ux, Initial residual = 0.000630237, Final residual = 6.09294e-05, No Iterations 2
smoothSolver:  Solving for Uy, Initial residual = 0.00722306, Final residual = 0.000686572, No Iterations 2
smoothSolver:  Solving for Uz, Initial residual = 0.00962749, Final residual = 0.000935309, No Iterations 2
GAMG:  Solving for p, Initial residual = 0.0160512, Final residual = 0.000712543, No Iterations 2
time step continuity errors : sum local = 7.28023e-05, global = 4.41053e-06, cumulative = 0.0128457
smoothSolver:  Solving for nuTilda, Initial residual = 0.00350112, Final residual = 0.000101845, No Iterations 3
ExecutionTime = 24.133 s  ClockTime = 25 s

forceCoeffs forces write:
    Cm    = 0.175223
    Cd    = 0.429501
    Cl    = 0.0655575
    Cl(f) = 0.208001
    Cl(r) = -0.142444

Time = 421s

smoothSolver:  Solving for Ux, Initial residual = 0.000625939, Final residual = 6.04467e-05, No Iterations 2
smoothSolver:  Solving for Uy, Initial residual = 0.007158, Final residual = 0.000679543, No Iterations 2
smoothSolver:  Solving for Uz, Initial residual = 0.00959341, Final residual = 0.000933312, No Iterations 2
GAMG:  Solving for p, Initial residual = 0.015939, Final residual = 0.000696518, No Iterations 2
time step continuity errors : sum local = 7.11546e-05, global = 5.15127e-06, cumulative = 0.0128509
smoothSolver:  Solving for nuTilda, Initial residual = 0.00350547, Final residual = 0.000102082, No Iterations 3
ExecutionTime = 24.1876 s  ClockTime = 25 s

forceCoeffs forces write:
    Cm    = 0.175347
    Cd    = 0.429691
    Cl    = 0.0653953
    Cl(f) = 0.208045
    Cl(r) = -0.14265

Time = 422s

smoothSolver:  Solving for Ux, Initial residual = 0.000621005, Final residual = 5.99274e-05, No Iterations 2
smoothSolver:  Solving for Uy, Initial residual = 0.00709056, Final residual = 0.000672658, No Iterations 2
smoothSolver:  Solving for Uz, Initial residual = 0.00955379, Final residual = 0.000930703, No Iterations 2
GAMG:  Solving for p, Initial residual = 0.0158398, Final residual = 0.000701657, No Iterations 2
time step continuity errors : sum local = 7.16434e-05, global = 4.62856e-06, cumulative = 0.0128555
smoothSolver:  Solving for nuTilda, Initial residual = 0.00351052, Final residual = 0.000102392, No Iterations 3
ExecutionTime = 24.242 s  ClockTime = 25 s

forceCoeffs forces write:
    Cm    = 0.175459
    Cd    = 0.429869
    Cl    = 0.0652364
    Cl(f) = 0.208078
    Cl(r) = -0.142841

Time = 423s

smoothSolver:  Solving for Ux, Initial residual = 0.000616614, Final residual = 5.94486e-05, No Iterations 2
smoothSolver:  Solving for Uy, Initial residual = 0.00702266, Final residual = 0.000666007, No Iterations 2
smoothSolver:  Solving for Uz, Initial residual = 0.00951331, Final residual = 0.000927806, No Iterations 2
GAMG:  Solving for p, Initial residual = 0.015721, Final residual = 0.000682177, No Iterations 2
time step continuity errors : sum local = 6.96451e-05, global = 5.79416e-06, cumulative = 0.0128613
smoothSolver:  Solving for nuTilda, Initial residual = 0.00351598, Final residual = 0.00010276, No Iterations 3
ExecutionTime = 24.297 s  ClockTime = 25 s

forceCoeffs forces write:
    Cm    = 0.175558
    Cd    = 0.430044
    Cl    = 0.0650736
    Cl(f) = 0.208095
    Cl(r) = -0.143021

Time = 424s

smoothSolver:  Solving for Ux, Initial residual = 0.000611636, Final residual = 5.89515e-05, No Iterations 2
smoothSolver:  Solving for Uy, Initial residual = 0.00695214, Final residual = 0.000659035, No Iterations 2
smoothSolver:  Solving for Uz, Initial residual = 0.00947064, Final residual = 0.000924161, No Iterations 2
GAMG:  Solving for p, Initial residual = 0.0156309, Final residual = 0.0006886, No Iterations 2
time step continuity errors : sum local = 7.02655e-05, global = 5.33523e-06, cumulative = 0.0128666
smoothSolver:  Solving for nuTilda, Initial residual = 0.00352222, Final residual = 0.000103165, No Iterations 3
ExecutionTime = 24.3517 s  ClockTime = 25 s

forceCoeffs forces write:
    Cm    = 0.175641
    Cd    = 0.430201
    Cl    = 0.0648986
    Cl(f) = 0.20809
    Cl(r) = -0.143192

Time = 425s

smoothSolver:  Solving for Ux, Initial residual = 0.000607452, Final residual = 5.84981e-05, No Iterations 2
smoothSolver:  Solving for Uy, Initial residual = 0.0068826, Final residual = 0.0006522, No Iterations 2
smoothSolver:  Solving for Uz, Initial residual = 0.00942473, Final residual = 0.000920091, No Iterations 2
GAMG:  Solving for p, Initial residual = 0.0155296, Final residual = 0.000675677, No Iterations 2
time step continuity errors : sum local = 6.89498e-05, global = 5.56854e-06, cumulative = 0.0128722
smoothSolver:  Solving for nuTilda, Initial residual = 0.00352906, Final residual = 0.000103583, No Iterations 3
ExecutionTime = 24.4065 s  ClockTime = 25 s

forceCoeffs forces write:
    Cm    = 0.175715
    Cd    = 0.430357
    Cl    = 0.0646909
    Cl(f) = 0.208061
    Cl(r) = -0.14337

Time = 426s

smoothSolver:  Solving for Ux, Initial residual = 0.000603107, Final residual = 5.80247e-05, No Iterations 2
smoothSolver:  Solving for Uy, Initial residual = 0.00681219, Final residual = 0.000644888, No Iterations 2
smoothSolver:  Solving for Uz, Initial residual = 0.00937792, Final residual = 0.000915557, No Iterations 2
GAMG:  Solving for p, Initial residual = 0.0154247, Final residual = 0.000663581, No Iterations 2
time step continuity errors : sum local = 6.77242e-05, global = 5.33031e-06, cumulative = 0.0128775
smoothSolver:  Solving for nuTilda, Initial residual = 0.0035359, Final residual = 0.000103994, No Iterations 3
ExecutionTime = 24.4612 s  ClockTime = 25 s

forceCoeffs forces write:
    Cm    = 0.175783
    Cd    = 0.430514
    Cl    = 0.0644718
    Cl(f) = 0.208018
    Cl(r) = -0.143547

Time = 427s

smoothSolver:  Solving for Ux, Initial residual = 0.000598659, Final residual = 5.75576e-05, No Iterations 2
smoothSolver:  Solving for Uy, Initial residual = 0.0067409, Final residual = 0.000637142, No Iterations 2
smoothSolver:  Solving for Uz, Initial residual = 0.0093283, Final residual = 0.000910367, No Iterations 2
GAMG:  Solving for p, Initial residual = 0.0153185, Final residual = 0.0006514, No Iterations 2
time step continuity errors : sum local = 6.64895e-05, global = 5.09606e-06, cumulative = 0.0128826
smoothSolver:  Solving for nuTilda, Initial residual = 0.00354304, Final residual = 0.000104368, No Iterations 3
ExecutionTime = 24.5159 s  ClockTime = 25 s

forceCoeffs forces write:
    Cm    = 0.175848
    Cd    = 0.43068
    Cl    = 0.0642299
    Cl(f) = 0.207963
    Cl(r) = -0.143733

Time = 428s

smoothSolver:  Solving for Ux, Initial residual = 0.000594038, Final residual = 5.70845e-05, No Iterations 2
smoothSolver:  Solving for Uy, Initial residual = 0.00666841, Final residual = 0.000629496, No Iterations 2
smoothSolver:  Solving for Uz, Initial residual = 0.00927578, Final residual = 0.000904643, No Iterations 2
GAMG:  Solving for p, Initial residual = 0.015223, Final residual = 0.000634464, No Iterations 2
time step continuity errors : sum local = 6.47728e-05, global = 5.96707e-06, cumulative = 0.0128886
smoothSolver:  Solving for nuTilda, Initial residual = 0.00355082, Final residual = 0.000104687, No Iterations 3
ExecutionTime = 24.5703 s  ClockTime = 25 s

forceCoeffs forces write:
    Cm    = 0.175917
    Cd    = 0.430864
    Cl    = 0.0640042
    Cl(f) = 0.207919
    Cl(r) = -0.143915

Time = 429s

smoothSolver:  Solving for Ux, Initial residual = 0.000588909, Final residual = 5.65997e-05, No Iterations 2
smoothSolver:  Solving for Uy, Initial residual = 0.00659119, Final residual = 0.000622054, No Iterations 2
smoothSolver:  Solving for Uz, Initial residual = 0.0092199, Final residual = 0.000898683, No Iterations 2
GAMG:  Solving for p, Initial residual = 0.015114, Final residual = 0.000641783, No Iterations 2
time step continuity errors : sum local = 6.55084e-05, global = 5.36904e-06, cumulative = 0.012894
smoothSolver:  Solving for nuTilda, Initial residual = 0.00355883, Final residual = 0.000104934, No Iterations 3
ExecutionTime = 24.6244 s  ClockTime = 26 s

forceCoeffs forces write:
    Cm    = 0.175989
    Cd    = 0.431058
    Cl    = 0.0637661
    Cl(f) = 0.207872
    Cl(r) = -0.144106

Time = 430s

smoothSolver:  Solving for Ux, Initial residual = 0.00058452, Final residual = 5.61698e-05, No Iterations 2
smoothSolver:  Solving for Uy, Initial residual = 0.00651631, Final residual = 0.000614913, No Iterations 2
smoothSolver:  Solving for Uz, Initial residual = 0.00916247, Final residual = 0.000892649, No Iterations 2
GAMG:  Solving for p, Initial residual = 0.0149895, Final residual = 0.00063525, No Iterations 2
time step continuity errors : sum local = 6.48755e-05, global = 5.43257e-06, cumulative = 0.0128994
smoothSolver:  Solving for nuTilda, Initial residual = 0.00356669, Final residual = 0.000105111, No Iterations 3
ExecutionTime = 24.6788 s  ClockTime = 26 s

forceCoeffs forces write:
    Cm    = 0.176066
    Cd    = 0.431263
    Cl    = 0.0635406
    Cl(f) = 0.207837
    Cl(r) = -0.144296

Time = 431s

smoothSolver:  Solving for Ux, Initial residual = 0.00058011, Final residual = 5.57452e-05, No Iterations 2
smoothSolver:  Solving for Uy, Initial residual = 0.00644173, Final residual = 0.000607988, No Iterations 2
smoothSolver:  Solving for Uz, Initial residual = 0.00910378, Final residual = 0.000886483, No Iterations 2
GAMG:  Solving for p, Initial residual = 0.0148345, Final residual = 0.000625037, No Iterations 2
time step continuity errors : sum local = 6.38706e-05, global = 5.28761e-06, cumulative = 0.0129047
smoothSolver:  Solving for nuTilda, Initial residual = 0.00357469, Final residual = 0.000105231, No Iterations 3
ExecutionTime = 24.7331 s  ClockTime = 26 s

forceCoeffs forces write:
    Cm    = 0.176148
    Cd    = 0.431474
    Cl    = 0.0633099
    Cl(f) = 0.207803
    Cl(r) = -0.144493

Time = 432s

smoothSolver:  Solving for Ux, Initial residual = 0.000575586, Final residual = 5.53031e-05, No Iterations 2
smoothSolver:  Solving for Uy, Initial residual = 0.00636616, Final residual = 0.000601142, No Iterations 2
smoothSolver:  Solving for Uz, Initial residual = 0.00904257, Final residual = 0.00088014, No Iterations 2
GAMG:  Solving for p, Initial residual = 0.0146694, Final residual = 0.00061404, No Iterations 2
time step continuity errors : sum local = 6.27863e-05, global = 5.01038e-06, cumulative = 0.0129097
smoothSolver:  Solving for nuTilda, Initial residual = 0.00358255, Final residual = 0.000105281, No Iterations 3
ExecutionTime = 24.7877 s  ClockTime = 26 s

forceCoeffs forces write:
    Cm    = 0.176231
    Cd    = 0.431685
    Cl    = 0.0630878
    Cl(f) = 0.207775
    Cl(r) = -0.144687

Time = 433s

smoothSolver:  Solving for Ux, Initial residual = 0.000570856, Final residual = 5.48527e-05, No Iterations 2
smoothSolver:  Solving for Uy, Initial residual = 0.00628975, Final residual = 0.000594356, No Iterations 2
smoothSolver:  Solving for Uz, Initial residual = 0.0089798, Final residual = 0.000873977, No Iterations 2
GAMG:  Solving for p, Initial residual = 0.0145034, Final residual = 0.000604889, No Iterations 2
time step continuity errors : sum local = 6.18848e-05, global = 4.69226e-06, cumulative = 0.0129144
smoothSolver:  Solving for nuTilda, Initial residual = 0.0035904, Final residual = 0.000105297, No Iterations 3
ExecutionTime = 24.8422 s  ClockTime = 26 s

forceCoeffs forces write:
    Cm    = 0.17631
    Cd    = 0.431892
    Cl    = 0.0628725
    Cl(f) = 0.207746
    Cl(r) = -0.144874

Time = 434s

smoothSolver:  Solving for Ux, Initial residual = 0.000565998, Final residual = 5.44062e-05, No Iterations 2
smoothSolver:  Solving for Uy, Initial residual = 0.00621547, Final residual = 0.000587893, No Iterations 2
smoothSolver:  Solving for Uz, Initial residual = 0.00891722, Final residual = 0.000867807, No Iterations 2
GAMG:  Solving for p, Initial residual = 0.0143666, Final residual = 0.000598706, No Iterations 2
time step continuity errors : sum local = 6.12856e-05, global = 4.41741e-06, cumulative = 0.0129188
smoothSolver:  Solving for nuTilda, Initial residual = 0.00359837, Final residual = 0.000105273, No Iterations 3
ExecutionTime = 24.897 s  ClockTime = 26 s

forceCoeffs forces write:
    Cm    = 0.176378
    Cd    = 0.432088
    Cl    = 0.0626912
    Cl(f) = 0.207724
    Cl(r) = -0.145033

Time = 435s

smoothSolver:  Solving for Ux, Initial residual = 0.000561145, Final residual = 5.39652e-05, No Iterations 2
smoothSolver:  Solving for Uy, Initial residual = 0.00614278, Final residual = 0.000581518, No Iterations 2
smoothSolver:  Solving for Uz, Initial residual = 0.00885456, Final residual = 0.000861731, No Iterations 2
GAMG:  Solving for p, Initial residual = 0.014241, Final residual = 0.000585699, No Iterations 2
time step continuity errors : sum local = 5.99819e-05, global = 5.21037e-06, cumulative = 0.012924
smoothSolver:  Solving for nuTilda, Initial residual = 0.00360662, Final residual = 0.000105224, No Iterations 3
ExecutionTime = 24.9514 s  ClockTime = 26 s

forceCoeffs forces write:
    Cm    = 0.176428
    Cd    = 0.432268
    Cl    = 0.0625475
    Cl(f) = 0.207702
    Cl(r) = -0.145154

Time = 436s

smoothSolver:  Solving for Ux, Initial residual = 0.000555954, Final residual = 5.35152e-05, No Iterations 2
smoothSolver:  Solving for Uy, Initial residual = 0.006071, Final residual = 0.000575196, No Iterations 2
smoothSolver:  Solving for Uz, Initial residual = 0.00879159, Final residual = 0.000855788, No Iterations 2
GAMG:  Solving for p, Initial residual = 0.0141372, Final residual = 0.000598067, No Iterations 2
time step continuity errors : sum local = 6.12555e-05, global = 4.67206e-06, cumulative = 0.0129287
smoothSolver:  Solving for nuTilda, Initial residual = 0.00361424, Final residual = 0.000105162, No Iterations 3
ExecutionTime = 25.0061 s  ClockTime = 26 s

forceCoeffs forces write:
    Cm    = 0.176458
    Cd    = 0.432423
    Cl    = 0.0624475
    Cl(f) = 0.207682
    Cl(r) = -0.145234

Time = 437s

smoothSolver:  Solving for Ux, Initial residual = 0.000551484, Final residual = 5.31028e-05, No Iterations 2
smoothSolver:  Solving for Uy, Initial residual = 0.00600173, Final residual = 0.000569461, No Iterations 2
smoothSolver:  Solving for Uz, Initial residual = 0.00872836, Final residual = 0.000849858, No Iterations 2
GAMG:  Solving for p, Initial residual = 0.0140245, Final residual = 0.000592956, No Iterations 2
time step continuity errors : sum local = 6.07648e-05, global = 4.66161e-06, cumulative = 0.0129333
smoothSolver:  Solving for nuTilda, Initial residual = 0.00362197, Final residual = 0.000105106, No Iterations 3
ExecutionTime = 25.0605 s  ClockTime = 26 s

forceCoeffs forces write:
    Cm    = 0.176466
    Cd    = 0.432561
    Cl    = 0.0623839
    Cl(f) = 0.207658
    Cl(r) = -0.145274

Time = 438s

smoothSolver:  Solving for Ux, Initial residual = 0.000547121, Final residual = 5.26785e-05, No Iterations 2
smoothSolver:  Solving for Uy, Initial residual = 0.00593475, Final residual = 0.000563769, No Iterations 2
smoothSolver:  Solving for Uz, Initial residual = 0.0086662, Final residual = 0.000844044, No Iterations 2
GAMG:  Solving for p, Initial residual = 0.0139255, Final residual = 0.000584972, No Iterations 2
time step continuity errors : sum local = 5.99797e-05, global = 4.41726e-06, cumulative = 0.0129378
smoothSolver:  Solving for nuTilda, Initial residual = 0.00362986, Final residual = 0.000105074, No Iterations 3
ExecutionTime = 25.1159 s  ClockTime = 26 s

forceCoeffs forces write:
    Cm    = 0.17646
    Cd    = 0.432684
    Cl    = 0.0623646
    Cl(f) = 0.207643
    Cl(r) = -0.145278

Time = 439s

smoothSolver:  Solving for Ux, Initial residual = 0.000542625, Final residual = 5.22523e-05, No Iterations 2
smoothSolver:  Solving for Uy, Initial residual = 0.00586965, Final residual = 0.00055813, No Iterations 2
smoothSolver:  Solving for Uz, Initial residual = 0.00860506, Final residual = 0.000838614, No Iterations 2
GAMG:  Solving for p, Initial residual = 0.0138059, Final residual = 0.000567784, No Iterations 2
time step continuity errors : sum local = 5.82409e-05, global = 4.88531e-06, cumulative = 0.0129426
smoothSolver:  Solving for nuTilda, Initial residual = 0.00363841, Final residual = 0.000105084, No Iterations 3
ExecutionTime = 25.1707 s  ClockTime = 26 s

forceCoeffs forces write:
    Cm    = 0.176446
    Cd    = 0.4328
    Cl    = 0.0623735
    Cl(f) = 0.207633
    Cl(r) = -0.14526

Time = 440s

smoothSolver:  Solving for Ux, Initial residual = 0.000537679, Final residual = 5.18156e-05, No Iterations 2
smoothSolver:  Solving for Uy, Initial residual = 0.00580465, Final residual = 0.000552364, No Iterations 2
smoothSolver:  Solving for Uz, Initial residual = 0.00854431, Final residual = 0.000833191, No Iterations 2
GAMG:  Solving for p, Initial residual = 0.0136821, Final residual = 0.000574123, No Iterations 2
time step continuity errors : sum local = 5.8898e-05, global = 4.17229e-06, cumulative = 0.0129468
smoothSolver:  Solving for nuTilda, Initial residual = 0.00364856, Final residual = 0.000105138, No Iterations 3
ExecutionTime = 25.2257 s  ClockTime = 26 s

forceCoeffs forces write:
    Cm    = 0.17642
    Cd    = 0.432895
    Cl    = 0.0624147
    Cl(f) = 0.207627
    Cl(r) = -0.145212

Time = 441s

smoothSolver:  Solving for Ux, Initial residual = 0.000533355, Final residual = 5.14302e-05, No Iterations 2
smoothSolver:  Solving for Uy, Initial residual = 0.00574455, Final residual = 0.000546973, No Iterations 2
smoothSolver:  Solving for Uz, Initial residual = 0.008485, Final residual = 0.000827953, No Iterations 2
GAMG:  Solving for p, Initial residual = 0.0135521, Final residual = 0.00056683, No Iterations 2
time step continuity errors : sum local = 5.81738e-05, global = 3.95285e-06, cumulative = 0.0129508
smoothSolver:  Solving for nuTilda, Initial residual = 0.00365947, Final residual = 0.000105247, No Iterations 3
ExecutionTime = 25.2806 s  ClockTime = 26 s

forceCoeffs forces write:
    Cm    = 0.176378
    Cd    = 0.432973
    Cl    = 0.0624681
    Cl(f) = 0.207612
    Cl(r) = -0.145144

Time = 442s

smoothSolver:  Solving for Ux, Initial residual = 0.00052911, Final residual = 5.10448e-05, No Iterations 2
smoothSolver:  Solving for Uy, Initial residual = 0.00568919, Final residual = 0.000541788, No Iterations 2
smoothSolver:  Solving for Uz, Initial residual = 0.00842658, Final residual = 0.000822835, No Iterations 2
GAMG:  Solving for p, Initial residual = 0.0134071, Final residual = 0.000550592, No Iterations 2
time step continuity errors : sum local = 5.65317e-05, global = 4.32622e-06, cumulative = 0.0129551
smoothSolver:  Solving for nuTilda, Initial residual = 0.0036708, Final residual = 0.000105424, No Iterations 3
ExecutionTime = 25.3354 s  ClockTime = 26 s

forceCoeffs forces write:
    Cm    = 0.176324
    Cd    = 0.43304
    Cl    = 0.0625456
    Cl(f) = 0.207596
    Cl(r) = -0.145051

Time = 443s

smoothSolver:  Solving for Ux, Initial residual = 0.000524614, Final residual = 5.06551e-05, No Iterations 2
smoothSolver:  Solving for Uy, Initial residual = 0.00563592, Final residual = 0.000536593, No Iterations 2
smoothSolver:  Solving for Uz, Initial residual = 0.00837012, Final residual = 0.000817703, No Iterations 2
GAMG:  Solving for p, Initial residual = 0.0132526, Final residual = 0.000556562, No Iterations 2
time step continuity errors : sum local = 5.71509e-05, global = 3.74346e-06, cumulative = 0.0129588
smoothSolver:  Solving for nuTilda, Initial residual = 0.00368239, Final residual = 0.000105668, No Iterations 3
ExecutionTime = 25.3899 s  ClockTime = 26 s

forceCoeffs forces write:
    Cm    = 0.176245
    Cd    = 0.433082
    Cl    = 0.0626398
    Cl(f) = 0.207565
    Cl(r) = -0.144925

Time = 444s

smoothSolver:  Solving for Ux, Initial residual = 0.000520694, Final residual = 5.03281e-05, No Iterations 2
smoothSolver:  Solving for Uy, Initial residual = 0.00558507, Final residual = 0.000531781, No Iterations 2
smoothSolver:  Solving for Uz, Initial residual = 0.00831509, Final residual = 0.000812803, No Iterations 2
GAMG:  Solving for p, Initial residual = 0.0131019, Final residual = 0.000544876, No Iterations 2
time step continuity errors : sum local = 5.59775e-05, global = 3.9863e-06, cumulative = 0.0129628
smoothSolver:  Solving for nuTilda, Initial residual = 0.003694, Final residual = 0.000105972, No Iterations 3
ExecutionTime = 25.4446 s  ClockTime = 26 s

forceCoeffs forces write:
    Cm    = 0.176147
    Cd    = 0.433104
    Cl    = 0.062772
    Cl(f) = 0.207533
    Cl(r) = -0.144761

Time = 445s

smoothSolver:  Solving for Ux, Initial residual = 0.000516716, Final residual = 5.00072e-05, No Iterations 2
smoothSolver:  Solving for Uy, Initial residual = 0.00553621, Final residual = 0.00052726, No Iterations 2
smoothSolver:  Solving for Uz, Initial residual = 0.00826261, Final residual = 0.000807966, No Iterations 2
GAMG:  Solving for p, Initial residual = 0.0129487, Final residual = 0.000539141, No Iterations 2
time step continuity errors : sum local = 5.54059e-05, global = 3.90537e-06, cumulative = 0.0129667
smoothSolver:  Solving for nuTilda, Initial residual = 0.0037056, Final residual = 0.000106327, No Iterations 3
ExecutionTime = 25.4993 s  ClockTime = 26 s

forceCoeffs forces write:
    Cm    = 0.176025
    Cd    = 0.433099
    Cl    = 0.0629268
    Cl(f) = 0.207488
    Cl(r) = -0.144561

Time = 446s

smoothSolver:  Solving for Ux, Initial residual = 0.000512868, Final residual = 4.97033e-05, No Iterations 2
smoothSolver:  Solving for Uy, Initial residual = 0.00549063, Final residual = 0.000522995, No Iterations 2
smoothSolver:  Solving for Uz, Initial residual = 0.00821337, Final residual = 0.000803343, No Iterations 2
GAMG:  Solving for p, Initial residual = 0.012786, Final residual = 0.000533412, No Iterations 2
time step continuity errors : sum local = 5.48388e-05, global = 3.84048e-06, cumulative = 0.0129706
smoothSolver:  Solving for nuTilda, Initial residual = 0.0037173, Final residual = 0.000106723, No Iterations 3
ExecutionTime = 25.5534 s  ClockTime = 26 s

forceCoeffs forces write:
    Cm    = 0.175883
    Cd    = 0.433063
    Cl    = 0.0631151
    Cl(f) = 0.20744
    Cl(r) = -0.144325

Time = 447s

smoothSolver:  Solving for Ux, Initial residual = 0.000509162, Final residual = 4.94201e-05, No Iterations 2
smoothSolver:  Solving for Uy, Initial residual = 0.00544724, Final residual = 0.00051934, No Iterations 2
smoothSolver:  Solving for Uz, Initial residual = 0.00816644, Final residual = 0.000798901, No Iterations 2
GAMG:  Solving for p, Initial residual = 0.0126075, Final residual = 0.000528036, No Iterations 2
time step continuity errors : sum local = 5.43083e-05, global = 3.73729e-06, cumulative = 0.0129743
smoothSolver:  Solving for nuTilda, Initial residual = 0.00372935, Final residual = 0.000107157, No Iterations 3
ExecutionTime = 25.6081 s  ClockTime = 27 s

forceCoeffs forces write:
    Cm    = 0.175721
    Cd    = 0.432998
    Cl    = 0.0633179
    Cl(f) = 0.20738
    Cl(r) = -0.144062

Time = 448s

smoothSolver:  Solving for Ux, Initial residual = 0.000505602, Final residual = 4.91391e-05, No Iterations 2
smoothSolver:  Solving for Uy, Initial residual = 0.005406, Final residual = 0.000515982, No Iterations 2
smoothSolver:  Solving for Uz, Initial residual = 0.00812254, Final residual = 0.000794772, No Iterations 2
GAMG:  Solving for p, Initial residual = 0.0124253, Final residual = 0.000523145, No Iterations 2
time step continuity errors : sum local = 5.38318e-05, global = 3.55172e-06, cumulative = 0.0129779
smoothSolver:  Solving for nuTilda, Initial residual = 0.00374115, Final residual = 0.000107611, No Iterations 3
ExecutionTime = 25.6624 s  ClockTime = 27 s

forceCoeffs forces write:
    Cm    = 0.175548
    Cd    = 0.432913
    Cl    = 0.0635487
    Cl(f) = 0.207322
    Cl(r) = -0.143774

Time = 449s

smoothSolver:  Solving for Ux, Initial residual = 0.000502135, Final residual = 4.88742e-05, No Iterations 2
smoothSolver:  Solving for Uy, Initial residual = 0.00536495, Final residual = 0.000512994, No Iterations 2
smoothSolver:  Solving for Uz, Initial residual = 0.00807986, Final residual = 0.000790914, No Iterations 2
GAMG:  Solving for p, Initial residual = 0.0122353, Final residual = 0.000517141, No Iterations 2
time step continuity errors : sum local = 5.3239e-05, global = 3.30109e-06, cumulative = 0.0129812
smoothSolver:  Solving for nuTilda, Initial residual = 0.00375301, Final residual = 0.000108083, No Iterations 3
ExecutionTime = 25.7171 s  ClockTime = 27 s

forceCoeffs forces write:
    Cm    = 0.175367
    Cd    = 0.432817
    Cl    = 0.0637939
    Cl(f) = 0.207264
    Cl(r) = -0.14347

Time = 450s

smoothSolver:  Solving for Ux, Initial residual = 0.000498736, Final residual = 4.86218e-05, No Iterations 2
smoothSolver:  Solving for Uy, Initial residual = 0.00532731, Final residual = 0.000510171, No Iterations 2
smoothSolver:  Solving for Uz, Initial residual = 0.00804044, Final residual = 0.000787447, No Iterations 2
GAMG:  Solving for p, Initial residual = 0.0120702, Final residual = 0.000513051, No Iterations 2
time step continuity errors : sum local = 5.28419e-05, global = 2.93551e-06, cumulative = 0.0129841
smoothSolver:  Solving for nuTilda, Initial residual = 0.0037654, Final residual = 0.000108573, No Iterations 3
ExecutionTime = 25.7719 s  ClockTime = 27 s

forceCoeffs forces write:
    Cm    = 0.175182
    Cd    = 0.432712
    Cl    = 0.0640674
    Cl(f) = 0.207216
    Cl(r) = -0.143148

Time = 451s

smoothSolver:  Solving for Ux, Initial residual = 0.000495404, Final residual = 4.83883e-05, No Iterations 2
smoothSolver:  Solving for Uy, Initial residual = 0.00529109, Final residual = 0.000507204, No Iterations 2
smoothSolver:  Solving for Uz, Initial residual = 0.0080018, Final residual = 0.000784157, No Iterations 2
GAMG:  Solving for p, Initial residual = 0.011888, Final residual = 0.000507896, No Iterations 2
time step continuity errors : sum local = 5.23324e-05, global = 2.46922e-06, cumulative = 0.0129866
smoothSolver:  Solving for nuTilda, Initial residual = 0.00377756, Final residual = 0.00010906, No Iterations 3
ExecutionTime = 25.8264 s  ClockTime = 27 s

forceCoeffs forces write:
    Cm    = 0.174993
    Cd    = 0.432601
    Cl    = 0.0643558
    Cl(f) = 0.20717
    Cl(r) = -0.142815

Time = 452s

smoothSolver:  Solving for Ux, Initial residual = 0.000492077, Final residual = 4.81596e-05, No Iterations 2
smoothSolver:  Solving for Uy, Initial residual = 0.00525746, Final residual = 0.00050419, No Iterations 2
smoothSolver:  Solving for Uz, Initial residual = 0.00796615, Final residual = 0.000780933, No Iterations 2
GAMG:  Solving for p, Initial residual = 0.0117099, Final residual = 0.000502618, No Iterations 2
time step continuity errors : sum local = 5.18078e-05, global = 1.91269e-06, cumulative = 0.0129885
smoothSolver:  Solving for nuTilda, Initial residual = 0.00378799, Final residual = 0.000109482, No Iterations 3
ExecutionTime = 25.8808 s  ClockTime = 27 s

forceCoeffs forces write:
    Cm    = 0.174802
    Cd    = 0.432484
    Cl    = 0.0646729
    Cl(f) = 0.207139
    Cl(r) = -0.142466

Time = 453s

smoothSolver:  Solving for Ux, Initial residual = 0.000488837, Final residual = 4.79441e-05, No Iterations 2
smoothSolver:  Solving for Uy, Initial residual = 0.00522583, Final residual = 0.000501327, No Iterations 2
smoothSolver:  Solving for Uz, Initial residual = 0.00793354, Final residual = 0.000778169, No Iterations 2
GAMG:  Solving for p, Initial residual = 0.01152, Final residual = 0.000497263, No Iterations 2
time step continuity errors : sum local = 5.12688e-05, global = 1.26625e-06, cumulative = 0.0129898
smoothSolver:  Solving for nuTilda, Initial residual = 0.00379517, Final residual = 0.000109794, No Iterations 3
ExecutionTime = 25.9352 s  ClockTime = 27 s

forceCoeffs forces write:
    Cm    = 0.174609
    Cd    = 0.432362
    Cl    = 0.0650041
    Cl(f) = 0.207111
    Cl(r) = -0.142107

Time = 454s

smoothSolver:  Solving for Ux, Initial residual = 0.000485593, Final residual = 4.77295e-05, No Iterations 2
smoothSolver:  Solving for Uy, Initial residual = 0.00519647, Final residual = 0.000498556, No Iterations 2
smoothSolver:  Solving for Uz, Initial residual = 0.00790292, Final residual = 0.000775701, No Iterations 2
GAMG:  Solving for p, Initial residual = 0.0113517, Final residual = 0.000492092, No Iterations 2
time step continuity errors : sum local = 5.07471e-05, global = 5.39264e-07, cumulative = 0.0129903
smoothSolver:  Solving for nuTilda, Initial residual = 0.00380088, Final residual = 0.000110045, No Iterations 3
ExecutionTime = 25.9897 s  ClockTime = 27 s

forceCoeffs forces write:
    Cm    = 0.174413
    Cd    = 0.432231
    Cl    = 0.0653589
    Cl(f) = 0.207093
    Cl(r) = -0.141734

Time = 455s

smoothSolver:  Solving for Ux, Initial residual = 0.000482339, Final residual = 4.75206e-05, No Iterations 2
smoothSolver:  Solving for Uy, Initial residual = 0.0051692, Final residual = 0.000495922, No Iterations 2
smoothSolver:  Solving for Uz, Initial residual = 0.00787437, Final residual = 0.000773293, No Iterations 2
GAMG:  Solving for p, Initial residual = 0.0111915, Final residual = 0.000487266, No Iterations 2
time step continuity errors : sum local = 5.02537e-05, global = -2.4708e-07, cumulative = 0.01299
smoothSolver:  Solving for nuTilda, Initial residual = 0.00380577, Final residual = 0.000110287, No Iterations 3
ExecutionTime = 26.0443 s  ClockTime = 27 s

forceCoeffs forces write:
    Cm    = 0.174212
    Cd    = 0.432093
    Cl    = 0.0657206
    Cl(f) = 0.207072
    Cl(r) = -0.141351

Time = 456s

smoothSolver:  Solving for Ux, Initial residual = 0.000479138, Final residual = 4.73061e-05, No Iterations 2
smoothSolver:  Solving for Uy, Initial residual = 0.00514278, Final residual = 0.000493382, No Iterations 2
smoothSolver:  Solving for Uz, Initial residual = 0.0078459, Final residual = 0.000771082, No Iterations 2
GAMG:  Solving for p, Initial residual = 0.0110321, Final residual = 0.000483004, No Iterations 2
time step continuity errors : sum local = 4.98154e-05, global = -1.05282e-06, cumulative = 0.012989
smoothSolver:  Solving for nuTilda, Initial residual = 0.00380943, Final residual = 0.000110526, No Iterations 3
ExecutionTime = 26.0986 s  ClockTime = 27 s

forceCoeffs forces write:
    Cm    = 0.174011
    Cd    = 0.431953
    Cl    = 0.0660958
    Cl(f) = 0.207059
    Cl(r) = -0.140963

Time = 457s

smoothSolver:  Solving for Ux, Initial residual = 0.000475997, Final residual = 4.70862e-05, No Iterations 2
smoothSolver:  Solving for Uy, Initial residual = 0.0051175, Final residual = 0.000490932, No Iterations 2
smoothSolver:  Solving for Uz, Initial residual = 0.00781985, Final residual = 0.0007694, No Iterations 2
GAMG:  Solving for p, Initial residual = 0.0108778, Final residual = 0.000478938, No Iterations 2
time step continuity errors : sum local = 4.93917e-05, global = -1.82217e-06, cumulative = 0.0129872
smoothSolver:  Solving for nuTilda, Initial residual = 0.00381283, Final residual = 0.000110772, No Iterations 3
ExecutionTime = 26.1528 s  ClockTime = 27 s

forceCoeffs forces write:
    Cm    = 0.173814
    Cd    = 0.431812
    Cl    = 0.0664692
    Cl(f) = 0.207048
    Cl(r) = -0.140579

Time = 458s

smoothSolver:  Solving for Ux, Initial residual = 0.000472879, Final residual = 4.6846e-05, No Iterations 2
smoothSolver:  Solving for Uy, Initial residual = 0.00509256, Final residual = 0.000488549, No Iterations 2
smoothSolver:  Solving for Uz, Initial residual = 0.00779393, Final residual = 0.000767963, No Iterations 2
GAMG:  Solving for p, Initial residual = 0.010761, Final residual = 0.000475152, No Iterations 2
time step continuity errors : sum local = 4.89955e-05, global = -2.50965e-06, cumulative = 0.0129847
smoothSolver:  Solving for nuTilda, Initial residual = 0.00381652, Final residual = 0.000111022, No Iterations 3
ExecutionTime = 26.2079 s  ClockTime = 27 s

forceCoeffs forces write:
    Cm    = 0.173624
    Cd    = 0.431674
    Cl    = 0.0668486
    Cl(f) = 0.207048
    Cl(r) = -0.140199

Time = 459s

smoothSolver:  Solving for Ux, Initial residual = 0.000469794, Final residual = 4.65869e-05, No Iterations 2
smoothSolver:  Solving for Uy, Initial residual = 0.00506836, Final residual = 0.00048608, No Iterations 2
smoothSolver:  Solving for Uz, Initial residual = 0.00776789, Final residual = 0.000766402, No Iterations 2
GAMG:  Solving for p, Initial residual = 0.0106478, Final residual = 0.00047229, No Iterations 2
time step continuity errors : sum local = 4.86897e-05, global = -2.99772e-06, cumulative = 0.0129817
smoothSolver:  Solving for nuTilda, Initial residual = 0.00382012, Final residual = 0.000111288, No Iterations 3
ExecutionTime = 26.2624 s  ClockTime = 27 s

forceCoeffs forces write:
    Cm    = 0.173444
    Cd    = 0.43154
    Cl    = 0.0672146
    Cl(f) = 0.207051
    Cl(r) = -0.139837

Time = 460s

smoothSolver:  Solving for Ux, Initial residual = 0.000466773, Final residual = 4.6309e-05, No Iterations 2
smoothSolver:  Solving for Uy, Initial residual = 0.0050431, Final residual = 0.000483503, No Iterations 2
smoothSolver:  Solving for Uz, Initial residual = 0.00774289, Final residual = 0.000764932, No Iterations 2
GAMG:  Solving for p, Initial residual = 0.0105466, Final residual = 0.000467065, No Iterations 2
time step continuity errors : sum local = 4.81386e-05, global = -3.26952e-06, cumulative = 0.0129784
smoothSolver:  Solving for nuTilda, Initial residual = 0.00382296, Final residual = 0.000111575, No Iterations 3
ExecutionTime = 26.3175 s  ClockTime = 27 s

forceCoeffs forces write:
    Cm    = 0.173288
    Cd    = 0.431421
    Cl    = 0.0675702
    Cl(f) = 0.207073
    Cl(r) = -0.139503

Time = 461s

smoothSolver:  Solving for Ux, Initial residual = 0.000463657, Final residual = 4.60248e-05, No Iterations 2
smoothSolver:  Solving for Uy, Initial residual = 0.00501671, Final residual = 0.000480788, No Iterations 2
smoothSolver:  Solving for Uz, Initial residual = 0.00771715, Final residual = 0.000763624, No Iterations 2
GAMG:  Solving for p, Initial residual = 0.0104396, Final residual = 0.000462014, No Iterations 2
time step continuity errors : sum local = 4.76021e-05, global = -3.41148e-06, cumulative = 0.012975
smoothSolver:  Solving for nuTilda, Initial residual = 0.00382549, Final residual = 0.000111892, No Iterations 3
ExecutionTime = 26.3725 s  ClockTime = 27 s

forceCoeffs forces write:
    Cm    = 0.17316
    Cd    = 0.431328
    Cl    = 0.0679004
    Cl(f) = 0.20711
    Cl(r) = -0.13921

Time = 462s

smoothSolver:  Solving for Ux, Initial residual = 0.000460652, Final residual = 4.57357e-05, No Iterations 2
smoothSolver:  Solving for Uy, Initial residual = 0.00499034, Final residual = 0.00047787, No Iterations 2
smoothSolver:  Solving for Uz, Initial residual = 0.00769158, Final residual = 0.000762396, No Iterations 2
GAMG:  Solving for p, Initial residual = 0.010322, Final residual = 0.000457762, No Iterations 2
time step continuity errors : sum local = 4.71486e-05, global = -3.40314e-06, cumulative = 0.0129716
smoothSolver:  Solving for nuTilda, Initial residual = 0.00382767, Final residual = 0.000112243, No Iterations 3
ExecutionTime = 26.4251 s  ClockTime = 27 s

forceCoeffs forces write:
    Cm    = 0.173066
    Cd    = 0.431266
    Cl    = 0.068214
    Cl(f) = 0.207173
    Cl(r) = -0.138959

Time = 463s

smoothSolver:  Solving for Ux, Initial residual = 0.000457695, Final residual = 4.54325e-05, No Iterations 2
smoothSolver:  Solving for Uy, Initial residual = 0.00496257, Final residual = 0.000474856, No Iterations 2
smoothSolver:  Solving for Uz, Initial residual = 0.00766607, Final residual = 0.000760704, No Iterations 2
GAMG:  Solving for p, Initial residual = 0.0102212, Final residual = 0.000453906, No Iterations 2
time step continuity errors : sum local = 4.67339e-05, global = -3.31277e-06, cumulative = 0.0129683
smoothSolver:  Solving for nuTilda, Initial residual = 0.00382973, Final residual = 0.000112625, No Iterations 3
ExecutionTime = 26.4794 s  ClockTime = 27 s

forceCoeffs forces write:
    Cm    = 0.173003
    Cd    = 0.431235
    Cl    = 0.0684925
    Cl(f) = 0.207249
    Cl(r) = -0.138757

Time = 464s

smoothSolver:  Solving for Ux, Initial residual = 0.000454729, Final residual = 4.512e-05, No Iterations 2
smoothSolver:  Solving for Uy, Initial residual = 0.00493368, Final residual = 0.000471701, No Iterations 2
smoothSolver:  Solving for Uz, Initial residual = 0.00763928, Final residual = 0.000758779, No Iterations 2
GAMG:  Solving for p, Initial residual = 0.0101437, Final residual = 0.000450457, No Iterations 2
time step continuity errors : sum local = 4.63623e-05, global = -3.32088e-06, cumulative = 0.0129649
smoothSolver:  Solving for nuTilda, Initial residual = 0.00383147, Final residual = 0.000113026, No Iterations 3
ExecutionTime = 26.5333 s  ClockTime = 27 s

forceCoeffs forces write:
    Cm    = 0.172969
    Cd    = 0.431232
    Cl    = 0.0687449
    Cl(f) = 0.207342
    Cl(r) = -0.138597

Time = 465s

smoothSolver:  Solving for Ux, Initial residual = 0.000451799, Final residual = 4.48076e-05, No Iterations 2
smoothSolver:  Solving for Uy, Initial residual = 0.00490301, Final residual = 0.000468443, No Iterations 2
smoothSolver:  Solving for Uz, Initial residual = 0.00761172, Final residual = 0.000756538, No Iterations 2
GAMG:  Solving for p, Initial residual = 0.0100793, Final residual = 0.000446833, No Iterations 2
time step continuity errors : sum local = 4.59732e-05, global = -3.32187e-06, cumulative = 0.0129616
smoothSolver:  Solving for nuTilda, Initial residual = 0.00383273, Final residual = 0.00011344, No Iterations 3
ExecutionTime = 26.5875 s  ClockTime = 27 s

forceCoeffs forces write:
    Cm    = 0.17296
    Cd    = 0.431251
    Cl    = 0.0689546
    Cl(f) = 0.207437
    Cl(r) = -0.138483

Time = 466s

smoothSolver:  Solving for Ux, Initial residual = 0.000448903, Final residual = 4.44917e-05, No Iterations 2
smoothSolver:  Solving for Uy, Initial residual = 0.00487268, Final residual = 0.000465089, No Iterations 2
smoothSolver:  Solving for Uz, Initial residual = 0.00758353, Final residual = 0.000753812, No Iterations 2
GAMG:  Solving for p, Initial residual = 0.0100085, Final residual = 0.000443877, No Iterations 2
time step continuity errors : sum local = 4.56549e-05, global = -3.4391e-06, cumulative = 0.0129582
smoothSolver:  Solving for nuTilda, Initial residual = 0.00383404, Final residual = 0.00011386, No Iterations 3
ExecutionTime = 26.6417 s  ClockTime = 28 s

forceCoeffs forces write:
    Cm    = 0.172978
    Cd    = 0.431295
    Cl    = 0.0691326
    Cl(f) = 0.207545
    Cl(r) = -0.138412

Time = 467s

smoothSolver:  Solving for Ux, Initial residual = 0.000446026, Final residual = 4.41743e-05, No Iterations 2
smoothSolver:  Solving for Uy, Initial residual = 0.00484102, Final residual = 0.000461824, No Iterations 2
smoothSolver:  Solving for Uz, Initial residual = 0.00755466, Final residual = 0.000750532, No Iterations 2
GAMG:  Solving for p, Initial residual = 0.0099284, Final residual = 0.000440753, No Iterations 2
time step continuity errors : sum local = 4.5319e-05, global = -3.67292e-06, cumulative = 0.0129545
smoothSolver:  Solving for nuTilda, Initial residual = 0.00383525, Final residual = 0.000114272, No Iterations 3
ExecutionTime = 26.6958 s  ClockTime = 28 s

forceCoeffs forces write:
    Cm    = 0.173024
    Cd    = 0.431365
    Cl    = 0.0692687
    Cl(f) = 0.207658
    Cl(r) = -0.138389

Time = 468s

smoothSolver:  Solving for Ux, Initial residual = 0.000443148, Final residual = 4.38603e-05, No Iterations 2
smoothSolver:  Solving for Uy, Initial residual = 0.00480849, Final residual = 0.00045817, No Iterations 2
smoothSolver:  Solving for Uz, Initial residual = 0.00752516, Final residual = 0.000747028, No Iterations 2
GAMG:  Solving for p, Initial residual = 0.00983533, Final residual = 0.000430124, No Iterations 2
time step continuity errors : sum local = 4.42138e-05, global = -3.30856e-06, cumulative = 0.0129512
smoothSolver:  Solving for nuTilda, Initial residual = 0.0038365, Final residual = 0.000114644, No Iterations 3
ExecutionTime = 26.7502 s  ClockTime = 28 s

forceCoeffs forces write:
    Cm    = 0.17309
    Cd    = 0.43145
    Cl    = 0.0693834
    Cl(f) = 0.207781
    Cl(r) = -0.138398

Time = 469s

smoothSolver:  Solving for Ux, Initial residual = 0.000440197, Final residual = 4.35301e-05, No Iterations 2
smoothSolver:  Solving for Uy, Initial residual = 0.00477483, Final residual = 0.000454251, No Iterations 2
smoothSolver:  Solving for Uz, Initial residual = 0.00749441, Final residual = 0.000743161, No Iterations 2
GAMG:  Solving for p, Initial residual = 0.00974453, Final residual = 0.000433517, No Iterations 2
time step continuity errors : sum local = 4.45411e-05, global = -3.86472e-06, cumulative = 0.0129473
smoothSolver:  Solving for nuTilda, Initial residual = 0.00383776, Final residual = 0.000114969, No Iterations 3
ExecutionTime = 26.8048 s  ClockTime = 28 s

forceCoeffs forces write:
    Cm    = 0.173175
    Cd    = 0.431551
    Cl    = 0.0694597
    Cl(f) = 0.207905
    Cl(r) = -0.138445

Time = 470s

smoothSolver:  Solving for Ux, Initial residual = 0.000437431, Final residual = 4.3227e-05, No Iterations 2
smoothSolver:  Solving for Uy, Initial residual = 0.00474013, Final residual = 0.000450358, No Iterations 2
smoothSolver:  Solving for Uz, Initial residual = 0.00746351, Final residual = 0.000739343, No Iterations 2
GAMG:  Solving for p, Initial residual = 0.00967438, Final residual = 0.000428961, No Iterations 2
time step continuity errors : sum local = 4.40621e-05, global = -4.0428e-06, cumulative = 0.0129433
smoothSolver:  Solving for nuTilda, Initial residual = 0.00383941, Final residual = 0.00011525, No Iterations 3
ExecutionTime = 26.8591 s  ClockTime = 28 s

forceCoeffs forces write:
    Cm    = 0.173277
    Cd    = 0.431662
    Cl    = 0.0695104
    Cl(f) = 0.208032
    Cl(r) = -0.138522

Time = 471s

smoothSolver:  Solving for Ux, Initial residual = 0.000434576, Final residual = 4.29232e-05, No Iterations 2
smoothSolver:  Solving for Uy, Initial residual = 0.00470563, Final residual = 0.000446616, No Iterations 2
smoothSolver:  Solving for Uz, Initial residual = 0.00743169, Final residual = 0.00073562, No Iterations 2
GAMG:  Solving for p, Initial residual = 0.00960381, Final residual = 0.000416472, No Iterations 2
time step continuity errors : sum local = 4.27682e-05, global = -3.66922e-06, cumulative = 0.0129396
smoothSolver:  Solving for nuTilda, Initial residual = 0.00384144, Final residual = 0.000115483, No Iterations 3
ExecutionTime = 26.9135 s  ClockTime = 28 s

forceCoeffs forces write:
    Cm    = 0.173391
    Cd    = 0.431775
    Cl    = 0.0695253
    Cl(f) = 0.208153
    Cl(r) = -0.138628

Time = 472s

smoothSolver:  Solving for Ux, Initial residual = 0.000431576, Final residual = 4.26069e-05, No Iterations 2
smoothSolver:  Solving for Uy, Initial residual = 0.00466965, Final residual = 0.000442956, No Iterations 2
smoothSolver:  Solving for Uz, Initial residual = 0.00739859, Final residual = 0.000731663, No Iterations 2
GAMG:  Solving for p, Initial residual = 0.00953081, Final residual = 0.000418719, No Iterations 2
time step continuity errors : sum local = 4.29802e-05, global = -4.22619e-06, cumulative = 0.0129354
smoothSolver:  Solving for nuTilda, Initial residual = 0.00384362, Final residual = 0.000115648, No Iterations 3
ExecutionTime = 26.9677 s  ClockTime = 28 s

forceCoeffs forces write:
    Cm    = 0.173519
    Cd    = 0.431893
    Cl    = 0.0695082
    Cl(f) = 0.208273
    Cl(r) = -0.138765

Time = 473s

smoothSolver:  Solving for Ux, Initial residual = 0.000428644, Final residual = 4.23064e-05, No Iterations 2
smoothSolver:  Solving for Uy, Initial residual = 0.0046338, Final residual = 0.000439386, No Iterations 2
smoothSolver:  Solving for Uz, Initial residual = 0.00736596, Final residual = 0.000727394, No Iterations 2
GAMG:  Solving for p, Initial residual = 0.00946826, Final residual = 0.000412484, No Iterations 2
time step continuity errors : sum local = 4.23305e-05, global = -4.44258e-06, cumulative = 0.012931
smoothSolver:  Solving for nuTilda, Initial residual = 0.00384573, Final residual = 0.000115735, No Iterations 3
ExecutionTime = 27.0218 s  ClockTime = 28 s

forceCoeffs forces write:
    Cm    = 0.173655
    Cd    = 0.432005
    Cl    = 0.0694484
    Cl(f) = 0.208379
    Cl(r) = -0.13893

Time = 474s

smoothSolver:  Solving for Ux, Initial residual = 0.000425675, Final residual = 4.20036e-05, No Iterations 2
smoothSolver:  Solving for Uy, Initial residual = 0.00459813, Final residual = 0.000435866, No Iterations 2
smoothSolver:  Solving for Uz, Initial residual = 0.00733312, Final residual = 0.000723215, No Iterations 2
GAMG:  Solving for p, Initial residual = 0.00940037, Final residual = 0.000395924, No Iterations 2
time step continuity errors : sum local = 4.06217e-05, global = -3.99365e-06, cumulative = 0.012927
smoothSolver:  Solving for nuTilda, Initial residual = 0.00384775, Final residual = 0.000115757, No Iterations 3
ExecutionTime = 27.0764 s  ClockTime = 28 s

forceCoeffs forces write:
    Cm    = 0.173796
    Cd    = 0.432109
    Cl    = 0.0693615
    Cl(f) = 0.208477
    Cl(r) = -0.139115

Time = 475s

smoothSolver:  Solving for Ux, Initial residual = 0.000422584, Final residual = 4.16809e-05, No Iterations 2
smoothSolver:  Solving for Uy, Initial residual = 0.00456082, Final residual = 0.000432112, No Iterations 2
smoothSolver:  Solving for Uz, Initial residual = 0.007298, Final residual = 0.000718955, No Iterations 2
GAMG:  Solving for p, Initial residual = 0.00932774, Final residual = 0.000398366, No Iterations 2
time step continuity errors : sum local = 4.08516e-05, global = -4.58589e-06, cumulative = 0.0129224
smoothSolver:  Solving for nuTilda, Initial residual = 0.00384948, Final residual = 0.000115737, No Iterations 3
ExecutionTime = 27.1306 s  ClockTime = 28 s

forceCoeffs forces write:
    Cm    = 0.173944
    Cd    = 0.432209
    Cl    = 0.0692317
    Cl(f) = 0.20856
    Cl(r) = -0.139328

Time = 476s

smoothSolver:  Solving for Ux, Initial residual = 0.00041972, Final residual = 4.13838e-05, No Iterations 2
smoothSolver:  Solving for Uy, Initial residual = 0.00452441, Final residual = 0.000428437, No Iterations 2
smoothSolver:  Solving for Uz, Initial residual = 0.00726304, Final residual = 0.000714739, No Iterations 2
GAMG:  Solving for p, Initial residual = 0.00926365, Final residual = 0.000381818, No Iterations 2
time step continuity errors : sum local = 3.91457e-05, global = -4.03175e-06, cumulative = 0.0129183
smoothSolver:  Solving for nuTilda, Initial residual = 0.00385101, Final residual = 0.000115695, No Iterations 3
ExecutionTime = 27.1854 s  ClockTime = 28 s

forceCoeffs forces write:
    Cm    = 0.174094
    Cd    = 0.432305
    Cl    = 0.0690831
    Cl(f) = 0.208635
    Cl(r) = -0.139552

Time = 477s

smoothSolver:  Solving for Ux, Initial residual = 0.000416747, Final residual = 4.10723e-05, No Iterations 2
smoothSolver:  Solving for Uy, Initial residual = 0.00448646, Final residual = 0.000424619, No Iterations 2
smoothSolver:  Solving for Uz, Initial residual = 0.00722714, Final residual = 0.000710494, No Iterations 2
GAMG:  Solving for p, Initial residual = 0.00919172, Final residual = 0.000385928, No Iterations 2
time step continuity errors : sum local = 3.95476e-05, global = -4.56177e-06, cumulative = 0.0129138
smoothSolver:  Solving for nuTilda, Initial residual = 0.00385172, Final residual = 0.000115647, No Iterations 3
ExecutionTime = 27.2397 s  ClockTime = 28 s

forceCoeffs forces write:
    Cm    = 0.174249
    Cd    = 0.432406
    Cl    = 0.0689013
    Cl(f) = 0.2087
    Cl(r) = -0.139799

Time = 478s

smoothSolver:  Solving for Ux, Initial residual = 0.000413879, Final residual = 4.07892e-05, No Iterations 2
smoothSolver:  Solving for Uy, Initial residual = 0.00445028, Final residual = 0.000420831, No Iterations 2
smoothSolver:  Solving for Uz, Initial residual = 0.00719147, Final residual = 0.000706361, No Iterations 2
GAMG:  Solving for p, Initial residual = 0.00912503, Final residual = 0.000381363, No Iterations 2
time step continuity errors : sum local = 3.90719e-05, global = -4.79133e-06, cumulative = 0.012909
smoothSolver:  Solving for nuTilda, Initial residual = 0.00385127, Final residual = 0.000115599, No Iterations 3
ExecutionTime = 27.2939 s  ClockTime = 28 s

forceCoeffs forces write:
    Cm    = 0.174408
    Cd    = 0.432507
    Cl    = 0.0687069
    Cl(f) = 0.208762
    Cl(r) = -0.140055

Time = 479s

smoothSolver:  Solving for Ux, Initial residual = 0.000410887, Final residual = 4.05014e-05, No Iterations 2
smoothSolver:  Solving for Uy, Initial residual = 0.00441395, Final residual = 0.00041719, No Iterations 2
smoothSolver:  Solving for Uz, Initial residual = 0.00715585, Final residual = 0.000702157, No Iterations 2
GAMG:  Solving for p, Initial residual = 0.00906326, Final residual = 0.000366951, No Iterations 2
time step continuity errors : sum local = 3.7587e-05, global = -4.35072e-06, cumulative = 0.0129046
smoothSolver:  Solving for nuTilda, Initial residual = 0.00385018, Final residual = 0.000115572, No Iterations 3
ExecutionTime = 27.3485 s  ClockTime = 28 s

forceCoeffs forces write:
    Cm    = 0.174564
    Cd    = 0.432603
    Cl    = 0.0684976
    Cl(f) = 0.208812
    Cl(r) = -0.140315

Time = 480s

smoothSolver:  Solving for Ux, Initial residual = 0.000407677, Final residual = 4.0188e-05, No Iterations 2
smoothSolver:  Solving for Uy, Initial residual = 0.00437664, Final residual = 0.0004135, No Iterations 2
smoothSolver:  Solving for Uz, Initial residual = 0.00711864, Final residual = 0.000697826, No Iterations 2
GAMG:  Solving for p, Initial residual = 0.00899947, Final residual = 0.000366169, No Iterations 2
time step continuity errors : sum local = 3.74892e-05, global = -4.37728e-06, cumulative = 0.0129003
smoothSolver:  Solving for nuTilda, Initial residual = 0.00384833, Final residual = 0.000115567, No Iterations 3
ExecutionTime = 27.4032 s  ClockTime = 28 s

forceCoeffs forces write:
    Cm    = 0.174711
    Cd    = 0.432687
    Cl    = 0.0682926
    Cl(f) = 0.208858
    Cl(r) = -0.140565

Time = 481s

smoothSolver:  Solving for Ux, Initial residual = 0.00040457, Final residual = 3.98803e-05, No Iterations 2
smoothSolver:  Solving for Uy, Initial residual = 0.0043404, Final residual = 0.00040979, No Iterations 2
smoothSolver:  Solving for Uz, Initial residual = 0.00708134, Final residual = 0.000693627, No Iterations 2
GAMG:  Solving for p, Initial residual = 0.00894137, Final residual = 0.000373102, No Iterations 2
time step continuity errors : sum local = 3.81853e-05, global = -4.82807e-06, cumulative = 0.0128954
smoothSolver:  Solving for nuTilda, Initial residual = 0.00384617, Final residual = 0.00011558, No Iterations 3
ExecutionTime = 27.4576 s  ClockTime = 28 s

forceCoeffs forces write:
    Cm    = 0.17485
    Cd    = 0.432763
    Cl    = 0.068085
    Cl(f) = 0.208893
    Cl(r) = -0.140807

Time = 482s

smoothSolver:  Solving for Ux, Initial residual = 0.000401561, Final residual = 3.95819e-05, No Iterations 2
smoothSolver:  Solving for Uy, Initial residual = 0.00430558, Final residual = 0.000406429, No Iterations 2
smoothSolver:  Solving for Uz, Initial residual = 0.00704374, Final residual = 0.000689782, No Iterations 2
GAMG:  Solving for p, Initial residual = 0.00889145, Final residual = 0.000361838, No Iterations 2
time step continuity errors : sum local = 3.70293e-05, global = -4.41857e-06, cumulative = 0.012891
smoothSolver:  Solving for nuTilda, Initial residual = 0.00384433, Final residual = 0.000115637, No Iterations 3
ExecutionTime = 27.5119 s  ClockTime = 28 s

forceCoeffs forces write:
    Cm    = 0.174976
    Cd    = 0.432826
    Cl    = 0.0678931
    Cl(f) = 0.208923
    Cl(r) = -0.14103

Time = 483s

smoothSolver:  Solving for Ux, Initial residual = 0.0003984, Final residual = 3.92533e-05, No Iterations 2
smoothSolver:  Solving for Uy, Initial residual = 0.00427065, Final residual = 0.000403065, No Iterations 2
smoothSolver:  Solving for Uz, Initial residual = 0.00700593, Final residual = 0.000685724, No Iterations 2
GAMG:  Solving for p, Initial residual = 0.00884814, Final residual = 0.000360513, No Iterations 2
time step continuity errors : sum local = 3.6883e-05, global = -4.42381e-06, cumulative = 0.0128866
smoothSolver:  Solving for nuTilda, Initial residual = 0.00384218, Final residual = 0.000115731, No Iterations 3
ExecutionTime = 27.5665 s  ClockTime = 28 s

forceCoeffs forces write:
    Cm    = 0.175095
    Cd    = 0.432887
    Cl    = 0.0677009
    Cl(f) = 0.208946
    Cl(r) = -0.141245

Time = 484s

smoothSolver:  Solving for Ux, Initial residual = 0.00039523, Final residual = 3.89233e-05, No Iterations 2
smoothSolver:  Solving for Uy, Initial residual = 0.00423713, Final residual = 0.000399935, No Iterations 2
smoothSolver:  Solving for Uz, Initial residual = 0.0069682, Final residual = 0.000681741, No Iterations 2
GAMG:  Solving for p, Initial residual = 0.00880196, Final residual = 0.000366688, No Iterations 2
time step continuity errors : sum local = 3.75065e-05, global = -5.00922e-06, cumulative = 0.0128816
smoothSolver:  Solving for nuTilda, Initial residual = 0.00383997, Final residual = 0.000115852, No Iterations 3
ExecutionTime = 27.6206 s  ClockTime = 29 s

forceCoeffs forces write:
    Cm    = 0.175215
    Cd    = 0.432957
    Cl    = 0.0675201
    Cl(f) = 0.208975
    Cl(r) = -0.141455

Time = 485s

smoothSolver:  Solving for Ux, Initial residual = 0.000392111, Final residual = 3.86045e-05, No Iterations 2
smoothSolver:  Solving for Uy, Initial residual = 0.00420377, Final residual = 0.000397011, No Iterations 2
smoothSolver:  Solving for Uz, Initial residual = 0.00693152, Final residual = 0.000677848, No Iterations 2
GAMG:  Solving for p, Initial residual = 0.00875597, Final residual = 0.000353962, No Iterations 2
time step continuity errors : sum local = 3.62022e-05, global = -4.68632e-06, cumulative = 0.0128769
smoothSolver:  Solving for nuTilda, Initial residual = 0.00383786, Final residual = 0.000115997, No Iterations 3
ExecutionTime = 27.6746 s  ClockTime = 29 s

forceCoeffs forces write:
    Cm    = 0.175332
    Cd    = 0.433034
    Cl    = 0.0673367
    Cl(f) = 0.209
    Cl(r) = -0.141664

Time = 486s

smoothSolver:  Solving for Ux, Initial residual = 0.000388878, Final residual = 3.82594e-05, No Iterations 2
smoothSolver:  Solving for Uy, Initial residual = 0.00417086, Final residual = 0.000394101, No Iterations 2
smoothSolver:  Solving for Uz, Initial residual = 0.00689444, Final residual = 0.000673869, No Iterations 2
GAMG:  Solving for p, Initial residual = 0.00870438, Final residual = 0.000351009, No Iterations 2
time step continuity errors : sum local = 3.58904e-05, global = -4.71572e-06, cumulative = 0.0128722
smoothSolver:  Solving for nuTilda, Initial residual = 0.00383567, Final residual = 0.000116166, No Iterations 3
ExecutionTime = 27.7304 s  ClockTime = 29 s

forceCoeffs forces write:
    Cm    = 0.175448
    Cd    = 0.433122
    Cl    = 0.0671624
    Cl(f) = 0.20903
    Cl(r) = -0.141867

Time = 487s

smoothSolver:  Solving for Ux, Initial residual = 0.000385688, Final residual = 3.79114e-05, No Iterations 2
smoothSolver:  Solving for Uy, Initial residual = 0.00413749, Final residual = 0.000391338, No Iterations 2
smoothSolver:  Solving for Uz, Initial residual = 0.00685761, Final residual = 0.00066989, No Iterations 2
GAMG:  Solving for p, Initial residual = 0.00864509, Final residual = 0.000349448, No Iterations 2
time step continuity errors : sum local = 3.57212e-05, global = -4.66912e-06, cumulative = 0.0128675
smoothSolver:  Solving for nuTilda, Initial residual = 0.00383291, Final residual = 0.000116336, No Iterations 3
ExecutionTime = 27.7847 s  ClockTime = 29 s

forceCoeffs forces write:
    Cm    = 0.17556
    Cd    = 0.433217
    Cl    = 0.0669864
    Cl(f) = 0.209053
    Cl(r) = -0.142066

Time = 488s

smoothSolver:  Solving for Ux, Initial residual = 0.000382532, Final residual = 3.75672e-05, No Iterations 2
smoothSolver:  Solving for Uy, Initial residual = 0.00410518, Final residual = 0.000388567, No Iterations 2
smoothSolver:  Solving for Uz, Initial residual = 0.00682002, Final residual = 0.000666005, No Iterations 2
GAMG:  Solving for p, Initial residual = 0.00858123, Final residual = 0.000348759, No Iterations 2
time step continuity errors : sum local = 3.56427e-05, global = -4.6091e-06, cumulative = 0.0128629
smoothSolver:  Solving for nuTilda, Initial residual = 0.00383059, Final residual = 0.000116514, No Iterations 3
ExecutionTime = 27.8392 s  ClockTime = 29 s

forceCoeffs forces write:
    Cm    = 0.175667
    Cd    = 0.433322
    Cl    = 0.066824
    Cl(f) = 0.209079
    Cl(r) = -0.142255

Time = 489s

smoothSolver:  Solving for Ux, Initial residual = 0.000379382, Final residual = 3.7221e-05, No Iterations 2
smoothSolver:  Solving for Uy, Initial residual = 0.00407319, Final residual = 0.000385826, No Iterations 2
smoothSolver:  Solving for Uz, Initial residual = 0.00678204, Final residual = 0.00066212, No Iterations 2
GAMG:  Solving for p, Initial residual = 0.00851838, Final residual = 0.000348192, No Iterations 2
time step continuity errors : sum local = 3.55767e-05, global = -4.58494e-06, cumulative = 0.0128583
smoothSolver:  Solving for nuTilda, Initial residual = 0.00382852, Final residual = 0.000116698, No Iterations 3
ExecutionTime = 27.8937 s  ClockTime = 29 s

forceCoeffs forces write:
    Cm    = 0.175767
    Cd    = 0.433435
    Cl    = 0.066663
    Cl(f) = 0.209099
    Cl(r) = -0.142436

Time = 490s

smoothSolver:  Solving for Ux, Initial residual = 0.000376155, Final residual = 3.68731e-05, No Iterations 2
smoothSolver:  Solving for Uy, Initial residual = 0.00404117, Final residual = 0.000383275, No Iterations 2
smoothSolver:  Solving for Uz, Initial residual = 0.00674407, Final residual = 0.000658436, No Iterations 2
GAMG:  Solving for p, Initial residual = 0.00847449, Final residual = 0.000347163, No Iterations 2
time step continuity errors : sum local = 3.54651e-05, global = -4.61068e-06, cumulative = 0.0128537
smoothSolver:  Solving for nuTilda, Initial residual = 0.00382842, Final residual = 0.000116898, No Iterations 3
ExecutionTime = 27.9484 s  ClockTime = 29 s

forceCoeffs forces write:
    Cm    = 0.175863
    Cd    = 0.433557
    Cl    = 0.0665147
    Cl(f) = 0.20912
    Cl(r) = -0.142605

Time = 491s

smoothSolver:  Solving for Ux, Initial residual = 0.000372976, Final residual = 3.6524e-05, No Iterations 2
smoothSolver:  Solving for Uy, Initial residual = 0.00401041, Final residual = 0.00038105, No Iterations 2
smoothSolver:  Solving for Uz, Initial residual = 0.00670666, Final residual = 0.000654963, No Iterations 2
GAMG:  Solving for p, Initial residual = 0.00842517, Final residual = 0.000343422, No Iterations 2
time step continuity errors : sum local = 3.50766e-05, global = -4.5207e-06, cumulative = 0.0128492
smoothSolver:  Solving for nuTilda, Initial residual = 0.00382504, Final residual = 0.000117101, No Iterations 3
ExecutionTime = 28.0032 s  ClockTime = 29 s

forceCoeffs forces write:
    Cm    = 0.175953
    Cd    = 0.433687
    Cl    = 0.066367
    Cl(f) = 0.209136
    Cl(r) = -0.142769

Time = 492s

smoothSolver:  Solving for Ux, Initial residual = 0.000369683, Final residual = 3.61705e-05, No Iterations 2
smoothSolver:  Solving for Uy, Initial residual = 0.00397949, Final residual = 0.000378513, No Iterations 2
smoothSolver:  Solving for Uz, Initial residual = 0.00666918, Final residual = 0.000651519, No Iterations 2
GAMG:  Solving for p, Initial residual = 0.00837111, Final residual = 0.000342817, No Iterations 2
time step continuity errors : sum local = 3.50074e-05, global = -4.53993e-06, cumulative = 0.0128446
smoothSolver:  Solving for nuTilda, Initial residual = 0.0038209, Final residual = 0.000117308, No Iterations 3
ExecutionTime = 28.0578 s  ClockTime = 29 s

forceCoeffs forces write:
    Cm    = 0.176042
    Cd    = 0.433828
    Cl    = 0.0662317
    Cl(f) = 0.209158
    Cl(r) = -0.142926

Time = 493s

smoothSolver:  Solving for Ux, Initial residual = 0.000366432, Final residual = 3.58237e-05, No Iterations 2
smoothSolver:  Solving for Uy, Initial residual = 0.00394913, Final residual = 0.000375852, No Iterations 2
smoothSolver:  Solving for Uz, Initial residual = 0.00663179, Final residual = 0.00064846, No Iterations 2
GAMG:  Solving for p, Initial residual = 0.00830281, Final residual = 0.000350593, No Iterations 2
time step continuity errors : sum local = 3.57939e-05, global = -5.06717e-06, cumulative = 0.0128396
smoothSolver:  Solving for nuTilda, Initial residual = 0.00381721, Final residual = 0.000117522, No Iterations 3
ExecutionTime = 28.1124 s  ClockTime = 29 s

forceCoeffs forces write:
    Cm    = 0.176129
    Cd    = 0.433977
    Cl    = 0.0660955
    Cl(f) = 0.209177
    Cl(r) = -0.143082

Time = 494s

smoothSolver:  Solving for Ux, Initial residual = 0.000363297, Final residual = 3.55059e-05, No Iterations 2
smoothSolver:  Solving for Uy, Initial residual = 0.0039195, Final residual = 0.000373043, No Iterations 2
smoothSolver:  Solving for Uz, Initial residual = 0.00659497, Final residual = 0.000645827, No Iterations 2
GAMG:  Solving for p, Initial residual = 0.00825195, Final residual = 0.000340507, No Iterations 2
time step continuity errors : sum local = 3.47657e-05, global = -4.80337e-06, cumulative = 0.0128348
smoothSolver:  Solving for nuTilda, Initial residual = 0.00381407, Final residual = 0.000117743, No Iterations 3
ExecutionTime = 28.1667 s  ClockTime = 29 s

forceCoeffs forces write:
    Cm    = 0.176216
    Cd    = 0.434139
    Cl    = 0.0659818
    Cl(f) = 0.209207
    Cl(r) = -0.143225

Time = 495s

smoothSolver:  Solving for Ux, Initial residual = 0.000360003, Final residual = 3.51689e-05, No Iterations 2
smoothSolver:  Solving for Uy, Initial residual = 0.00388889, Final residual = 0.000370013, No Iterations 2
smoothSolver:  Solving for Uz, Initial residual = 0.00655777, Final residual = 0.000643387, No Iterations 2
GAMG:  Solving for p, Initial residual = 0.00820705, Final residual = 0.000340469, No Iterations 2
time step continuity errors : sum local = 3.4755e-05, global = -4.84901e-06, cumulative = 0.0128299
smoothSolver:  Solving for nuTilda, Initial residual = 0.00381129, Final residual = 0.000117977, No Iterations 3
ExecutionTime = 28.221 s  ClockTime = 29 s

forceCoeffs forces write:
    Cm    = 0.1763
    Cd    = 0.43431
    Cl    = 0.0658766
    Cl(f) = 0.209239
    Cl(r) = -0.143362

Time = 496s

smoothSolver:  Solving for Ux, Initial residual = 0.000356788, Final residual = 3.48392e-05, No Iterations 2
smoothSolver:  Solving for Uy, Initial residual = 0.00385878, Final residual = 0.000366817, No Iterations 2
smoothSolver:  Solving for Uz, Initial residual = 0.00652005, Final residual = 0.000640897, No Iterations 2
GAMG:  Solving for p, Initial residual = 0.00817839, Final residual = 0.00034109, No Iterations 2
time step continuity errors : sum local = 3.48134e-05, global = -4.8119e-06, cumulative = 0.0128251
smoothSolver:  Solving for nuTilda, Initial residual = 0.00380865, Final residual = 0.000118229, No Iterations 3
ExecutionTime = 28.2756 s  ClockTime = 29 s

forceCoeffs forces write:
    Cm    = 0.176382
    Cd    = 0.434491
    Cl    = 0.0657937
    Cl(f) = 0.209279
    Cl(r) = -0.143485

Time = 497s

smoothSolver:  Solving for Ux, Initial residual = 0.00035365, Final residual = 3.45158e-05, No Iterations 2
smoothSolver:  Solving for Uy, Initial residual = 0.00382929, Final residual = 0.000363582, No Iterations 2
smoothSolver:  Solving for Uz, Initial residual = 0.00648284, Final residual = 0.000638646, No Iterations 2
GAMG:  Solving for p, Initial residual = 0.00813922, Final residual = 0.000349685, No Iterations 2
time step continuity errors : sum local = 3.56861e-05, global = -5.26658e-06, cumulative = 0.0128198
smoothSolver:  Solving for nuTilda, Initial residual = 0.00380638, Final residual = 0.000118492, No Iterations 3
ExecutionTime = 28.3299 s  ClockTime = 29 s

forceCoeffs forces write:
    Cm    = 0.17646
    Cd    = 0.434675
    Cl    = 0.0657151
    Cl(f) = 0.209318
    Cl(r) = -0.143603

Time = 498s

smoothSolver:  Solving for Ux, Initial residual = 0.000350485, Final residual = 3.42117e-05, No Iterations 2
smoothSolver:  Solving for Uy, Initial residual = 0.00379994, Final residual = 0.000360345, No Iterations 2
smoothSolver:  Solving for Uz, Initial residual = 0.00644619, Final residual = 0.000636496, No Iterations 2
GAMG:  Solving for p, Initial residual = 0.00809075, Final residual = 0.000338698, No Iterations 2
time step continuity errors : sum local = 3.45687e-05, global = -4.9506e-06, cumulative = 0.0128149
smoothSolver:  Solving for nuTilda, Initial residual = 0.0038048, Final residual = 0.000118759, No Iterations 3
ExecutionTime = 28.3846 s  ClockTime = 29 s

forceCoeffs forces write:
    Cm    = 0.176534
    Cd    = 0.434863
    Cl    = 0.0656577
    Cl(f) = 0.209362
    Cl(r) = -0.143705

Time = 499s

smoothSolver:  Solving for Ux, Initial residual = 0.000347175, Final residual = 3.38829e-05, No Iterations 2
smoothSolver:  Solving for Uy, Initial residual = 0.00376963, Final residual = 0.000357082, No Iterations 2
smoothSolver:  Solving for Uz, Initial residual = 0.00640989, Final residual = 0.000634171, No Iterations 2
GAMG:  Solving for p, Initial residual = 0.00803266, Final residual = 0.000337588, No Iterations 2
time step continuity errors : sum local = 3.44504e-05, global = -4.98541e-06, cumulative = 0.0128099
smoothSolver:  Solving for nuTilda, Initial residual = 0.00380311, Final residual = 0.000119029, No Iterations 3
ExecutionTime = 28.4391 s  ClockTime = 29 s

forceCoeffs forces write:
    Cm    = 0.176601
    Cd    = 0.435046
    Cl    = 0.0655992
    Cl(f) = 0.2094
    Cl(r) = -0.143801

Time = 500s

smoothSolver:  Solving for Ux, Initial residual = 0.000343907, Final residual = 3.35485e-05, No Iterations 2
smoothSolver:  Solving for Uy, Initial residual = 0.00373766, Final residual = 0.000353695, No Iterations 2
smoothSolver:  Solving for Uz, Initial residual = 0.00637198, Final residual = 0.000631585, No Iterations 2
GAMG:  Solving for p, Initial residual = 0.00797995, Final residual = 0.000336744, No Iterations 2
time step continuity errors : sum local = 3.4361e-05, global = -4.94551e-06, cumulative = 0.012805
smoothSolver:  Solving for nuTilda, Initial residual = 0.00380141, Final residual = 0.000119306, No Iterations 3
ExecutionTime = 28.506 s  ClockTime = 29 s

streamlines streamlines write:
    Seeded 20 particles
    Sampled 7360 locations
forceCoeffs forces write:
    Cm    = 0.176666
    Cd    = 0.435226
    Cl    = 0.0655465
    Cl(f) = 0.209439
    Cl(r) = -0.143893

End

Finalising parallel run

real	0m33.742s
user	14m57.741s
sys	1m0.709s
== Finished job 6956313 at Wed Mar 26 12:53:50 AM CET 2025
