== Starting job 6504595 at Tue Mar  4 16:15:24 CET 2025
New entry numberOfSubdomains 12;

/*---------------------------------------------------------------------------*\
  =========                 |
  \\      /  F ield         | OpenFOAM: The Open Source CFD Toolbox
   \\    /   O peration     | Website:  https://openfoam.org
    \\  /    A nd           | Version:  8
     \\/     M anipulation  |
\*---------------------------------------------------------------------------*/
Build  : 8
Exec   : decomposePar -force
Date   : Mar 04 2025
Time   : 16:15:29
Host   : "aion-0010"
PID    : 1509634
I/O    : uncollated
Case   : /mnt/aiongpfs/users/mghavami/motorBike-RUN-12
nProcs : 1
sigFpe : Enabling floating point exception trapping (FOAM_SIGFPE).
fileModificationChecking : Monitoring run-time modified files using timeStampMaster (fileModificationSkew 10)
allowSystemOperations : Allowing user-supplied system call operations

// * * * * * * * * * * * * * * * * * * * * * * * * * * * * * * * * * * * * * //
Create time

Removing 0 existing processor directories


Decomposing mesh region0

Create mesh

Calculating distribution of cells
Selecting decompositionMethod scotch

Finished decomposition in 1.22 s

Calculating original mesh data

Distributing cells to processors

Distributing faces to processors

Distributing points to processors

Constructing processor meshes
Reading hexRef8 data : cellLevel
Reading hexRef8 data : pointLevel
Reading hexRef8 data : level0Edge

Processor 0
    Number of cells = 29364
    Number of faces shared with processor 1 = 604
    Number of faces shared with processor 2 = 582
    Number of faces shared with processor 3 = 12
    Number of faces shared with processor 4 = 479
    Number of faces shared with processor 5 = 109
    Number of faces shared with processor 7 = 683
    Number of faces shared with processor 8 = 538
    Number of processor patches = 7
    Number of processor faces = 3007
    Number of boundary faces = 8949

Processor 1
    Number of cells = 29059
    Number of faces shared with processor 0 = 604
    Number of faces shared with processor 2 = 1076
    Number of faces shared with processor 3 = 268
    Number of faces shared with processor 4 = 277
    Number of faces shared with processor 5 = 770
    Number of processor patches = 5
    Number of processor faces = 2995
    Number of boundary faces = 7852

Processor 2
    Number of cells = 29243
    Number of faces shared with processor 0 = 582
    Number of faces shared with processor 1 = 1076
    Number of faces shared with processor 3 = 662
    Number of faces shared with processor 4 = 312
    Number of faces shared with processor 5 = 74
    Number of faces shared with processor 7 = 31
    Number of processor patches = 6
    Number of processor faces = 2737
    Number of boundary faces = 6051

Processor 3
    Number of cells = 29640
    Number of faces shared with processor 0 = 12
    Number of faces shared with processor 1 = 268
    Number of faces shared with processor 2 = 662
    Number of faces shared with processor 4 = 714
    Number of faces shared with processor 5 = 664
    Number of faces shared with processor 6 = 815
    Number of faces shared with processor 7 = 14
    Number of faces shared with processor 9 = 53
    Number of faces shared with processor 10 = 47
    Number of processor patches = 9
    Number of processor faces = 3249
    Number of boundary faces = 1280

Processor 4
    Number of cells = 29335
    Number of faces shared with processor 0 = 479
    Number of faces shared with processor 1 = 277
    Number of faces shared with processor 2 = 312
    Number of faces shared with processor 3 = 714
    Number of faces shared with processor 5 = 1027
    Number of faces shared with processor 6 = 229
    Number of faces shared with processor 7 = 61
    Number of faces shared with processor 8 = 613
    Number of processor patches = 8
    Number of processor faces = 3712
    Number of boundary faces = 5213

Processor 5
    Number of cells = 29138
    Number of faces shared with processor 0 = 109
    Number of faces shared with processor 1 = 770
    Number of faces shared with processor 2 = 74
    Number of faces shared with processor 3 = 664
    Number of faces shared with processor 4 = 1027
    Number of faces shared with processor 6 = 213
    Number of faces shared with processor 7 = 71
    Number of faces shared with processor 8 = 555
    Number of processor patches = 8
    Number of processor faces = 3483
    Number of boundary faces = 5491

Processor 6
    Number of cells = 29406
    Number of faces shared with processor 3 = 815
    Number of faces shared with processor 4 = 229
    Number of faces shared with processor 5 = 213
    Number of faces shared with processor 7 = 601
    Number of faces shared with processor 8 = 468
    Number of faces shared with processor 9 = 1577
    Number of faces shared with processor 10 = 22
    Number of faces shared with processor 11 = 15
    Number of processor patches = 8
    Number of processor faces = 3940
    Number of boundary faces = 460

Processor 7
    Number of cells = 29377
    Number of faces shared with processor 0 = 683
    Number of faces shared with processor 2 = 31
    Number of faces shared with processor 3 = 14
    Number of faces shared with processor 4 = 61
    Number of faces shared with processor 5 = 71
    Number of faces shared with processor 6 = 601
    Number of faces shared with processor 8 = 1229
    Number of processor patches = 7
    Number of processor faces = 2690
    Number of boundary faces = 5978

Processor 8
    Number of cells = 29531
    Number of faces shared with processor 0 = 538
    Number of faces shared with processor 4 = 613
    Number of faces shared with processor 5 = 555
    Number of faces shared with processor 6 = 468
    Number of faces shared with processor 7 = 1229
    Number of processor patches = 5
    Number of processor faces = 3403
    Number of boundary faces = 5997

Processor 9
    Number of cells = 29240
    Number of faces shared with processor 3 = 53
    Number of faces shared with processor 6 = 1577
    Number of faces shared with processor 10 = 41
    Number of faces shared with processor 11 = 1468
    Number of processor patches = 4
    Number of processor faces = 3139
    Number of boundary faces = 850

Processor 10
    Number of cells = 29316
    Number of faces shared with processor 3 = 47
    Number of faces shared with processor 6 = 22
    Number of faces shared with processor 9 = 41
    Number of faces shared with processor 11 = 1613
    Number of processor patches = 4
    Number of processor faces = 1723
    Number of boundary faces = 1317

Processor 11
    Number of cells = 29577
    Number of faces shared with processor 6 = 15
    Number of faces shared with processor 9 = 1468
    Number of faces shared with processor 10 = 1613
    Number of processor patches = 3
    Number of processor faces = 3096
    Number of boundary faces = 658

Number of processor faces = 18587
Max number of cells = 29640 (0.98062% above average 29352.2)
Max number of processor patches = 9 (45.9459% above average 6.16667)
Max number of faces between processors = 3940 (27.1857% above average 3097.83)

Time = 0

Processor 0: field transfer
Processor 1: field transfer
Processor 2: field transfer
Processor 3: field transfer
Processor 4: field transfer
Processor 5: field transfer
Processor 6: field transfer
Processor 7: field transfer
Processor 8: field transfer
Processor 9: field transfer
Processor 10: field transfer
Processor 11: field transfer

End

/*---------------------------------------------------------------------------*\
  =========                 |
  \\      /  F ield         | OpenFOAM: The Open Source CFD Toolbox
   \\    /   O peration     | Website:  https://openfoam.org
    \\  /    A nd           | Version:  8
     \\/     M anipulation  |
\*---------------------------------------------------------------------------*/
Build  : 8
Exec   : /mnt/aiongpfs/apps/resif/aion/2020b/epyc/software/OpenFOAM/8-foss-2020b/OpenFOAM-8/platforms/linux64GccDPInt32Opt/bin/simpleFoam -parallel
Date   : Mar 04 2025
Time   : 16:15:32
Host   : "aion-0010"
PID    : 1509654
I/O    : uncollated
Case   : /mnt/aiongpfs/users/mghavami/motorBike-RUN-12
nProcs : 12
Slaves : 
11
(
"aion-0010.1509655"
"aion-0010.1509656"
"aion-0010.1509657"
"aion-0010.1509658"
"aion-0010.1509659"
"aion-0010.1509660"
"aion-0010.1509661"
"aion-0010.1509662"
"aion-0010.1509663"
"aion-0010.1509664"
"aion-0010.1509665"
)

Pstream initialized with:
    floatTransfer      : 0
    nProcsSimpleSum    : 0
    commsType          : nonBlocking
    polling iterations : 0
sigFpe : Enabling floating point exception trapping (FOAM_SIGFPE).
fileModificationChecking : Monitoring run-time modified files using timeStampMaster (fileModificationSkew 10)
allowSystemOperations : Allowing user-supplied system call operations

// * * * * * * * * * * * * * * * * * * * * * * * * * * * * * * * * * * * * * //
Create time

Create mesh for time = 0


SIMPLE: No convergence criteria found

Reading field p

Reading field U

Reading/calculating face flux field phi

Selecting incompressible transport model Newtonian
Selecting turbulence model type RAS
Selecting RAS turbulence model kOmegaSST
Selecting patchDistMethod meshWave
RAS
{
    model           kOmegaSST;
    turbulence      on;
    printCoeffs     on;
    alphaK1         0.85;
    alphaK2         1;
    alphaOmega1     0.5;
    alphaOmega2     0.856;
    gamma1          0.555556;
    gamma2          0.44;
    beta1           0.075;
    beta2           0.0828;
    betaStar        0.09;
    a1              0.31;
    b1              1;
    c1              10;
    F3              false;
}

No MRF models present

No finite volume options present

Starting time loop

streamLine streamLines:
    automatic track length specified through number of sub cycles : 5

Reading surface description:
    yNormal

forces forceCoeffs1:
    Not including porosity effects
forceCoeffs forceCoeffs1:
    Not including porosity effects
streamLine streamLines write:
    seeded 20 particles
    Tracks:20
    Total samples:16736
    Writing data to "/mnt/aiongpfs/users/mghavami/motorBike-RUN-12/postProcessing/sets/streamLines/0"
forceCoeffs forceCoeffs1 write:
    Cm    = 0.00913654
    Cd    = 0.0226632
    Cl    = 0.000780708
    Cl(f) = 0.0095269
    Cl(r) = -0.00874619

Time = 1

smoothSolver:  Solving for Ux, Initial residual = 0.0877674, Final residual = 0.00837164, No Iterations 7
smoothSolver:  Solving for Uy, Initial residual = 0.59182, Final residual = 0.0454674, No Iterations 7
smoothSolver:  Solving for Uz, Initial residual = 0.401408, Final residual = 0.035167, No Iterations 5
GAMG:  Solving for p, Initial residual = 1, Final residual = 0.00568763, No Iterations 5
time step continuity errors : sum local = 0.000563319, global = -1.32373e-06, cumulative = -1.32373e-06
smoothSolver:  Solving for omega, Initial residual = 0.00297217, Final residual = 0.000218881, No Iterations 3
bounding omega, min: -0.861892 max: 1.17515e+06 average: 198.309
smoothSolver:  Solving for k, Initial residual = 1, Final residual = 0.0490078, No Iterations 3
ExecutionTime = 1.02 s  ClockTime = 2 s

forceCoeffs forceCoeffs1 write:
    Cm    = 0.570011
    Cd    = 1.34342
    Cl    = -0.0387418
    Cl(f) = 0.55064
    Cl(r) = -0.589382

Time = 2

smoothSolver:  Solving for Ux, Initial residual = 0.0386424, Final residual = 0.00385184, No Iterations 7
smoothSolver:  Solving for Uy, Initial residual = 0.38678, Final residual = 0.037221, No Iterations 7
smoothSolver:  Solving for Uz, Initial residual = 0.161869, Final residual = 0.0133559, No Iterations 7
GAMG:  Solving for p, Initial residual = 0.0771816, Final residual = 0.000323173, No Iterations 5
time step continuity errors : sum local = 0.000331137, global = 5.41514e-07, cumulative = -7.82219e-07
smoothSolver:  Solving for omega, Initial residual = 0.00309998, Final residual = 0.000293339, No Iterations 3
smoothSolver:  Solving for k, Initial residual = 0.0565944, Final residual = 0.00332716, No Iterations 3
ExecutionTime = 1.24 s  ClockTime = 2 s

forceCoeffs forceCoeffs1 write:
    Cm    = 0.653688
    Cd    = 1.53381
    Cl    = -0.0531892
    Cl(f) = 0.627093
    Cl(r) = -0.680282

Time = 3

smoothSolver:  Solving for Ux, Initial residual = 0.020298, Final residual = 0.00171063, No Iterations 8
smoothSolver:  Solving for Uy, Initial residual = 0.300226, Final residual = 0.0224675, No Iterations 8
smoothSolver:  Solving for Uz, Initial residual = 0.109576, Final residual = 0.00978568, No Iterations 7
GAMG:  Solving for p, Initial residual = 0.0522284, Final residual = 0.000472064, No Iterations 4
time step continuity errors : sum local = 0.0006703, global = -1.31742e-06, cumulative = -2.09964e-06
smoothSolver:  Solving for omega, Initial residual = 0.00240891, Final residual = 0.000208736, No Iterations 3
smoothSolver:  Solving for k, Initial residual = 0.0224778, Final residual = 0.00147906, No Iterations 3
ExecutionTime = 1.44 s  ClockTime = 2 s

forceCoeffs forceCoeffs1 write:
    Cm    = 0.573149
    Cd    = 1.34116
    Cl    = -0.0387847
    Cl(f) = 0.553757
    Cl(r) = -0.592541

Time = 4

smoothSolver:  Solving for Ux, Initial residual = 0.0137106, Final residual = 0.00119658, No Iterations 8
smoothSolver:  Solving for Uy, Initial residual = 0.23936, Final residual = 0.0232485, No Iterations 7
smoothSolver:  Solving for Uz, Initial residual = 0.0992611, Final residual = 0.00895433, No Iterations 7
GAMG:  Solving for p, Initial residual = 0.0461979, Final residual = 0.000365437, No Iterations 4
time step continuity errors : sum local = 0.000600147, global = 2.85969e-07, cumulative = -1.81367e-06
smoothSolver:  Solving for omega, Initial residual = 0.0019655, Final residual = 0.000179814, No Iterations 3
smoothSolver:  Solving for k, Initial residual = 0.0130235, Final residual = 0.00090567, No Iterations 3
ExecutionTime = 1.64 s  ClockTime = 2 s

forceCoeffs forceCoeffs1 write:
    Cm    = 0.46414
    Cd    = 1.09026
    Cl    = -0.0267801
    Cl(f) = 0.45075
    Cl(r) = -0.47753

Time = 5

smoothSolver:  Solving for Ux, Initial residual = 0.0106459, Final residual = 0.000896391, No Iterations 8
smoothSolver:  Solving for Uy, Initial residual = 0.205883, Final residual = 0.0191736, No Iterations 7
smoothSolver:  Solving for Uz, Initial residual = 0.102222, Final residual = 0.00921328, No Iterations 7
GAMG:  Solving for p, Initial residual = 0.0413795, Final residual = 0.000307734, No Iterations 4
time step continuity errors : sum local = 0.000558051, global = 2.81345e-06, cumulative = 9.99774e-07
smoothSolver:  Solving for omega, Initial residual = 0.00161601, Final residual = 0.000147816, No Iterations 3
smoothSolver:  Solving for k, Initial residual = 0.00939459, Final residual = 0.000685729, No Iterations 3
ExecutionTime = 1.85 s  ClockTime = 2 s

forceCoeffs forceCoeffs1 write:
    Cm    = 0.373728
    Cd    = 0.885092
    Cl    = -0.0171113
    Cl(f) = 0.365173
    Cl(r) = -0.382284

Time = 6

smoothSolver:  Solving for Ux, Initial residual = 0.00851027, Final residual = 0.000698863, No Iterations 8
smoothSolver:  Solving for Uy, Initial residual = 0.18382, Final residual = 0.0168808, No Iterations 7
smoothSolver:  Solving for Uz, Initial residual = 0.107354, Final residual = 0.009817, No Iterations 7
GAMG:  Solving for p, Initial residual = 0.0369971, Final residual = 0.000260225, No Iterations 4
time step continuity errors : sum local = 0.000512145, global = 6.48655e-06, cumulative = 7.48633e-06
smoothSolver:  Solving for omega, Initial residual = 0.00135432, Final residual = 0.000123327, No Iterations 3
smoothSolver:  Solving for k, Initial residual = 0.00763446, Final residual = 0.000584248, No Iterations 3
ExecutionTime = 2.06 s  ClockTime = 3 s

forceCoeffs forceCoeffs1 write:
    Cm    = 0.306237
    Cd    = 0.732156
    Cl    = -0.00426034
    Cl(f) = 0.304107
    Cl(r) = -0.308367

Time = 7

smoothSolver:  Solving for Ux, Initial residual = 0.00712725, Final residual = 0.000570388, No Iterations 8
smoothSolver:  Solving for Uy, Initial residual = 0.166099, Final residual = 0.0151025, No Iterations 7
smoothSolver:  Solving for Uz, Initial residual = 0.117594, Final residual = 0.0107109, No Iterations 7
GAMG:  Solving for p, Initial residual = 0.0328513, Final residual = 0.000215772, No Iterations 4
time step continuity errors : sum local = 0.000452688, global = 9.20148e-06, cumulative = 1.66878e-05
smoothSolver:  Solving for omega, Initial residual = 0.00116829, Final residual = 0.000103819, No Iterations 3
smoothSolver:  Solving for k, Initial residual = 0.00665216, Final residual = 0.000529063, No Iterations 3
ExecutionTime = 2.26 s  ClockTime = 3 s

forceCoeffs forceCoeffs1 write:
    Cm    = 0.25904
    Cd    = 0.624735
    Cl    = 0.0059426
    Cl(f) = 0.262012
    Cl(r) = -0.256069

Time = 8

smoothSolver:  Solving for Ux, Initial residual = 0.00611951, Final residual = 0.000490273, No Iterations 8
smoothSolver:  Solving for Uy, Initial residual = 0.147324, Final residual = 0.0132445, No Iterations 7
smoothSolver:  Solving for Uz, Initial residual = 0.128504, Final residual = 0.0116612, No Iterations 7
GAMG:  Solving for p, Initial residual = 0.029936, Final residual = 0.000175705, No Iterations 4
time step continuity errors : sum local = 0.000385881, global = 1.02685e-05, cumulative = 2.69563e-05
smoothSolver:  Solving for omega, Initial residual = 0.00102386, Final residual = 8.97533e-05, No Iterations 3
smoothSolver:  Solving for k, Initial residual = 0.00596833, Final residual = 0.000492323, No Iterations 3
ExecutionTime = 2.47 s  ClockTime = 3 s

forceCoeffs forceCoeffs1 write:
    Cm    = 0.227594
    Cd    = 0.554066
    Cl    = 0.0112324
    Cl(f) = 0.23321
    Cl(r) = -0.221978

Time = 9

smoothSolver:  Solving for Ux, Initial residual = 0.00535834, Final residual = 0.000437835, No Iterations 8
smoothSolver:  Solving for Uy, Initial residual = 0.131422, Final residual = 0.0116554, No Iterations 7
smoothSolver:  Solving for Uz, Initial residual = 0.135254, Final residual = 0.0122391, No Iterations 7
GAMG:  Solving for p, Initial residual = 0.0278297, Final residual = 0.000146728, No Iterations 4
time step continuity errors : sum local = 0.000330774, global = 9.14988e-06, cumulative = 3.61062e-05
smoothSolver:  Solving for omega, Initial residual = 0.000916692, Final residual = 7.93492e-05, No Iterations 3
smoothSolver:  Solving for k, Initial residual = 0.00545302, Final residual = 0.000464466, No Iterations 3
ExecutionTime = 2.68 s  ClockTime = 3 s

forceCoeffs forceCoeffs1 write:
    Cm    = 0.207456
    Cd    = 0.509385
    Cl    = 0.0142208
    Cl(f) = 0.214566
    Cl(r) = -0.200345

Time = 10

smoothSolver:  Solving for Ux, Initial residual = 0.0047861, Final residual = 0.000397139, No Iterations 8
smoothSolver:  Solving for Uy, Initial residual = 0.119312, Final residual = 0.0104582, No Iterations 7
smoothSolver:  Solving for Uz, Initial residual = 0.124038, Final residual = 0.0112398, No Iterations 7
GAMG:  Solving for p, Initial residual = 0.0261401, Final residual = 0.000126932, No Iterations 4
time step continuity errors : sum local = 0.000289342, global = 4.29664e-06, cumulative = 4.04028e-05
smoothSolver:  Solving for omega, Initial residual = 0.000834238, Final residual = 7.15983e-05, No Iterations 3
smoothSolver:  Solving for k, Initial residual = 0.00507532, Final residual = 0.000444374, No Iterations 3
ExecutionTime = 2.88 s  ClockTime = 3 s

forceCoeffs forceCoeffs1 write:
    Cm    = 0.194156
    Cd    = 0.480872
    Cl    = 0.017181
    Cl(f) = 0.202747
    Cl(r) = -0.185566

Time = 11

smoothSolver:  Solving for Ux, Initial residual = 0.00436294, Final residual = 0.000362362, No Iterations 8
smoothSolver:  Solving for Uy, Initial residual = 0.108395, Final residual = 0.00952587, No Iterations 7
smoothSolver:  Solving for Uz, Initial residual = 0.113156, Final residual = 0.0102446, No Iterations 7
GAMG:  Solving for p, Initial residual = 0.024993, Final residual = 0.000120546, No Iterations 4
time step continuity errors : sum local = 0.000274344, global = 1.8031e-06, cumulative = 4.22059e-05
smoothSolver:  Solving for omega, Initial residual = 0.000772243, Final residual = 6.53354e-05, No Iterations 3
smoothSolver:  Solving for k, Initial residual = 0.0047931, Final residual = 0.000427096, No Iterations 3
ExecutionTime = 3.1 s  ClockTime = 4 s

forceCoeffs forceCoeffs1 write:
    Cm    = 0.185451
    Cd    = 0.462268
    Cl    = 0.020975
    Cl(f) = 0.195938
    Cl(r) = -0.174963

Time = 12

smoothSolver:  Solving for Ux, Initial residual = 0.00407267, Final residual = 0.000335294, No Iterations 8
smoothSolver:  Solving for Uy, Initial residual = 0.0991639, Final residual = 0.0088249, No Iterations 7
smoothSolver:  Solving for Uz, Initial residual = 0.107718, Final residual = 0.00987172, No Iterations 7
GAMG:  Solving for p, Initial residual = 0.0240928, Final residual = 0.000121173, No Iterations 4
time step continuity errors : sum local = 0.000272565, global = -2.1844e-07, cumulative = 4.19875e-05
smoothSolver:  Solving for omega, Initial residual = 0.000722922, Final residual = 6.04372e-05, No Iterations 3
smoothSolver:  Solving for k, Initial residual = 0.00461073, Final residual = 0.000413016, No Iterations 3
ExecutionTime = 3.29 s  ClockTime = 4 s

forceCoeffs forceCoeffs1 write:
    Cm    = 0.180216
    Cd    = 0.450036
    Cl    = 0.0263849
    Cl(f) = 0.193408
    Cl(r) = -0.167023

Time = 13

smoothSolver:  Solving for Ux, Initial residual = 0.00385904, Final residual = 0.000313626, No Iterations 8
smoothSolver:  Solving for Uy, Initial residual = 0.0909553, Final residual = 0.00822038, No Iterations 7
smoothSolver:  Solving for Uz, Initial residual = 0.103679, Final residual = 0.00957495, No Iterations 7
GAMG:  Solving for p, Initial residual = 0.0235131, Final residual = 0.000122472, No Iterations 4
time step continuity errors : sum local = 0.000271266, global = -9.8528e-08, cumulative = 4.1889e-05
smoothSolver:  Solving for omega, Initial residual = 0.000676915, Final residual = 5.6524e-05, No Iterations 3
smoothSolver:  Solving for k, Initial residual = 0.00444126, Final residual = 0.000403131, No Iterations 3
ExecutionTime = 3.51 s  ClockTime = 4 s

forceCoeffs forceCoeffs1 write:
    Cm    = 0.177512
    Cd    = 0.442224
    Cl    = 0.0322413
    Cl(f) = 0.193633
    Cl(r) = -0.161392

Time = 14

smoothSolver:  Solving for Ux, Initial residual = 0.00368515, Final residual = 0.000299784, No Iterations 8
smoothSolver:  Solving for Uy, Initial residual = 0.0841561, Final residual = 0.0076829, No Iterations 7
smoothSolver:  Solving for Uz, Initial residual = 0.0949032, Final residual = 0.00879502, No Iterations 7
GAMG:  Solving for p, Initial residual = 0.0230014, Final residual = 0.000123287, No Iterations 4
time step continuity errors : sum local = 0.000269044, global = 2.76487e-07, cumulative = 4.21655e-05
smoothSolver:  Solving for omega, Initial residual = 0.000634733, Final residual = 5.31942e-05, No Iterations 3
smoothSolver:  Solving for k, Initial residual = 0.00431264, Final residual = 0.000394487, No Iterations 3
ExecutionTime = 3.71 s  ClockTime = 4 s

forceCoeffs forceCoeffs1 write:
    Cm    = 0.177017
    Cd    = 0.438147
    Cl    = 0.0379811
    Cl(f) = 0.196008
    Cl(r) = -0.158027

Time = 15

smoothSolver:  Solving for Ux, Initial residual = 0.00352505, Final residual = 0.000289129, No Iterations 8
smoothSolver:  Solving for Uy, Initial residual = 0.0779875, Final residual = 0.00718574, No Iterations 7
smoothSolver:  Solving for Uz, Initial residual = 0.0853431, Final residual = 0.00793137, No Iterations 7
GAMG:  Solving for p, Initial residual = 0.0224371, Final residual = 0.000121945, No Iterations 4
time step continuity errors : sum local = 0.000263056, global = 6.40549e-07, cumulative = 4.2806e-05
smoothSolver:  Solving for omega, Initial residual = 0.000599788, Final residual = 5.00913e-05, No Iterations 3
smoothSolver:  Solving for k, Initial residual = 0.00421879, Final residual = 0.000387372, No Iterations 3
ExecutionTime = 3.92 s  ClockTime = 4 s

forceCoeffs forceCoeffs1 write:
    Cm    = 0.177328
    Cd    = 0.435431
    Cl    = 0.043431
    Cl(f) = 0.199043
    Cl(r) = -0.155612

Time = 16

smoothSolver:  Solving for Ux, Initial residual = 0.0033639, Final residual = 0.000276581, No Iterations 8
smoothSolver:  Solving for Uy, Initial residual = 0.0722414, Final residual = 0.00671376, No Iterations 7
smoothSolver:  Solving for Uz, Initial residual = 0.0776288, Final residual = 0.00720204, No Iterations 7
GAMG:  Solving for p, Initial residual = 0.0217924, Final residual = 0.000117671, No Iterations 4
time step continuity errors : sum local = 0.000252816, global = 1.12046e-06, cumulative = 4.39265e-05
smoothSolver:  Solving for omega, Initial residual = 0.000566352, Final residual = 4.69299e-05, No Iterations 3
smoothSolver:  Solving for k, Initial residual = 0.00410711, Final residual = 0.000380634, No Iterations 3
ExecutionTime = 4.13 s  ClockTime = 5 s

forceCoeffs forceCoeffs1 write:
    Cm    = 0.17756
    Cd    = 0.432917
    Cl    = 0.0484288
    Cl(f) = 0.201775
    Cl(r) = -0.153346

Time = 17

smoothSolver:  Solving for Ux, Initial residual = 0.00320437, Final residual = 0.000263861, No Iterations 8
smoothSolver:  Solving for Uy, Initial residual = 0.0670833, Final residual = 0.00625689, No Iterations 7
smoothSolver:  Solving for Uz, Initial residual = 0.0712044, Final residual = 0.00653765, No Iterations 7
GAMG:  Solving for p, Initial residual = 0.0208988, Final residual = 0.00010866, No Iterations 4
time step continuity errors : sum local = 0.000233491, global = 1.30331e-06, cumulative = 4.52298e-05
smoothSolver:  Solving for omega, Initial residual = 0.000539445, Final residual = 4.42523e-05, No Iterations 3
smoothSolver:  Solving for k, Initial residual = 0.00402851, Final residual = 0.000373561, No Iterations 3
ExecutionTime = 4.33 s  ClockTime = 5 s

forceCoeffs forceCoeffs1 write:
    Cm    = 0.177892
    Cd    = 0.431288
    Cl    = 0.0522533
    Cl(f) = 0.204018
    Cl(r) = -0.151765

Time = 18

smoothSolver:  Solving for Ux, Initial residual = 0.00305134, Final residual = 0.000252048, No Iterations 8
smoothSolver:  Solving for Uy, Initial residual = 0.0623422, Final residual = 0.00580408, No Iterations 7
smoothSolver:  Solving for Uz, Initial residual = 0.0659324, Final residual = 0.00603759, No Iterations 7
GAMG:  Solving for p, Initial residual = 0.0200555, Final residual = 9.87825e-05, No Iterations 4
time step continuity errors : sum local = 0.000212603, global = 1.09698e-06, cumulative = 4.63268e-05
smoothSolver:  Solving for omega, Initial residual = 0.000515607, Final residual = 4.20208e-05, No Iterations 3
smoothSolver:  Solving for k, Initial residual = 0.00399495, Final residual = 0.000367853, No Iterations 3
ExecutionTime = 4.54 s  ClockTime = 5 s

forceCoeffs forceCoeffs1 write:
    Cm    = 0.178304
    Cd    = 0.430632
    Cl    = 0.0541939
    Cl(f) = 0.2054
    Cl(r) = -0.151207

Time = 19

smoothSolver:  Solving for Ux, Initial residual = 0.00289985, Final residual = 0.000239719, No Iterations 8
smoothSolver:  Solving for Uy, Initial residual = 0.0581448, Final residual = 0.00539345, No Iterations 7
smoothSolver:  Solving for Uz, Initial residual = 0.0623225, Final residual = 0.00570248, No Iterations 7
GAMG:  Solving for p, Initial residual = 0.019375, Final residual = 9.28049e-05, No Iterations 4
time step continuity errors : sum local = 0.000199713, global = -2.83922e-07, cumulative = 4.60428e-05
smoothSolver:  Solving for omega, Initial residual = 0.000493604, Final residual = 3.99412e-05, No Iterations 3
smoothSolver:  Solving for k, Initial residual = 0.00397464, Final residual = 0.000361703, No Iterations 3
ExecutionTime = 4.75 s  ClockTime = 5 s

forceCoeffs forceCoeffs1 write:
    Cm    = 0.178595
    Cd    = 0.429941
    Cl    = 0.0543869
    Cl(f) = 0.205788
    Cl(r) = -0.151401

Time = 20

smoothSolver:  Solving for Ux, Initial residual = 0.00275786, Final residual = 0.000228709, No Iterations 8
smoothSolver:  Solving for Uy, Initial residual = 0.0545897, Final residual = 0.0050462, No Iterations 7
smoothSolver:  Solving for Uz, Initial residual = 0.0597724, Final residual = 0.00546784, No Iterations 7
GAMG:  Solving for p, Initial residual = 0.0188461, Final residual = 9.37971e-05, No Iterations 4
time step continuity errors : sum local = 0.000201532, global = -3.8118e-07, cumulative = 4.56616e-05
smoothSolver:  Solving for omega, Initial residual = 0.000472924, Final residual = 3.79519e-05, No Iterations 3
smoothSolver:  Solving for k, Initial residual = 0.00390655, Final residual = 0.000353301, No Iterations 3
ExecutionTime = 4.96 s  ClockTime = 6 s

forceCoeffs forceCoeffs1 write:
    Cm    = 0.178793
    Cd    = 0.429172
    Cl    = 0.0534403
    Cl(f) = 0.205513
    Cl(r) = -0.152073

Time = 21

smoothSolver:  Solving for Ux, Initial residual = 0.00264403, Final residual = 0.0002204, No Iterations 8
smoothSolver:  Solving for Uy, Initial residual = 0.0517271, Final residual = 0.00479896, No Iterations 7
smoothSolver:  Solving for Uz, Initial residual = 0.0579145, Final residual = 0.00535985, No Iterations 7
GAMG:  Solving for p, Initial residual = 0.0182485, Final residual = 9.57123e-05, No Iterations 4
time step continuity errors : sum local = 0.000204989, global = 1.06718e-07, cumulative = 4.57684e-05
smoothSolver:  Solving for omega, Initial residual = 0.000449994, Final residual = 3.58501e-05, No Iterations 3
smoothSolver:  Solving for k, Initial residual = 0.00383235, Final residual = 0.00034609, No Iterations 3
ExecutionTime = 5.16 s  ClockTime = 6 s

forceCoeffs forceCoeffs1 write:
    Cm    = 0.17895
    Cd    = 0.42858
    Cl    = 0.0520424
    Cl(f) = 0.204971
    Cl(r) = -0.152929

Time = 22

smoothSolver:  Solving for Ux, Initial residual = 0.00253878, Final residual = 0.000212423, No Iterations 8
smoothSolver:  Solving for Uy, Initial residual = 0.0493943, Final residual = 0.00463684, No Iterations 7
smoothSolver:  Solving for Uz, Initial residual = 0.0558899, Final residual = 0.00522954, No Iterations 7
GAMG:  Solving for p, Initial residual = 0.0175233, Final residual = 9.40439e-05, No Iterations 4
time step continuity errors : sum local = 0.000200692, global = 9.07328e-07, cumulative = 4.66757e-05
smoothSolver:  Solving for omega, Initial residual = 0.000424067, Final residual = 3.38906e-05, No Iterations 3
smoothSolver:  Solving for k, Initial residual = 0.00371314, Final residual = 0.000338686, No Iterations 3
ExecutionTime = 5.37 s  ClockTime = 6 s

forceCoeffs forceCoeffs1 write:
    Cm    = 0.178525
    Cd    = 0.42771
    Cl    = 0.0510551
    Cl(f) = 0.204053
    Cl(r) = -0.152998

Time = 23

smoothSolver:  Solving for Ux, Initial residual = 0.0024347, Final residual = 0.000204335, No Iterations 8
smoothSolver:  Solving for Uy, Initial residual = 0.0473435, Final residual = 0.0045161, No Iterations 7
smoothSolver:  Solving for Uz, Initial residual = 0.0536516, Final residual = 0.0050649, No Iterations 7
GAMG:  Solving for p, Initial residual = 0.0166909, Final residual = 8.85116e-05, No Iterations 4
time step continuity errors : sum local = 0.000187944, global = 1.25611e-06, cumulative = 4.79318e-05
smoothSolver:  Solving for omega, Initial residual = 0.000398479, Final residual = 3.19399e-05, No Iterations 3
smoothSolver:  Solving for k, Initial residual = 0.00357144, Final residual = 0.00033062, No Iterations 3
ExecutionTime = 5.57 s  ClockTime = 6 s

forceCoeffs forceCoeffs1 write:
    Cm    = 0.177195
    Cd    = 0.426195
    Cl    = 0.0510861
    Cl(f) = 0.202738
    Cl(r) = -0.151652

Time = 24

smoothSolver:  Solving for Ux, Initial residual = 0.00233973, Final residual = 0.000197059, No Iterations 8
smoothSolver:  Solving for Uy, Initial residual = 0.0456513, Final residual = 0.00438812, No Iterations 7
smoothSolver:  Solving for Uz, Initial residual = 0.0512919, Final residual = 0.00487481, No Iterations 7
GAMG:  Solving for p, Initial residual = 0.0160183, Final residual = 8.11216e-05, No Iterations 4
time step continuity errors : sum local = 0.000171228, global = 1.23619e-06, cumulative = 4.9168e-05
smoothSolver:  Solving for omega, Initial residual = 0.000376163, Final residual = 3.02451e-05, No Iterations 3
smoothSolver:  Solving for k, Initial residual = 0.0034466, Final residual = 0.000323173, No Iterations 3
ExecutionTime = 5.78 s  ClockTime = 6 s

forceCoeffs forceCoeffs1 write:
    Cm    = 0.175066
    Cd    = 0.42401
    Cl    = 0.0520306
    Cl(f) = 0.201082
    Cl(r) = -0.149051

Time = 25

smoothSolver:  Solving for Ux, Initial residual = 0.00224495, Final residual = 0.000189359, No Iterations 8
smoothSolver:  Solving for Uy, Initial residual = 0.043823, Final residual = 0.00419485, No Iterations 7
smoothSolver:  Solving for Uz, Initial residual = 0.0488232, Final residual = 0.00463765, No Iterations 7
GAMG:  Solving for p, Initial residual = 0.0153655, Final residual = 7.34964e-05, No Iterations 4
time step continuity errors : sum local = 0.000154105, global = 1.09465e-06, cumulative = 5.02626e-05
smoothSolver:  Solving for omega, Initial residual = 0.000356135, Final residual = 2.88153e-05, No Iterations 3
smoothSolver:  Solving for k, Initial residual = 0.00339277, Final residual = 0.00031771, No Iterations 3
ExecutionTime = 5.99 s  ClockTime = 7 s

forceCoeffs forceCoeffs1 write:
    Cm    = 0.172578
    Cd    = 0.421697
    Cl    = 0.0534569
    Cl(f) = 0.199306
    Cl(r) = -0.145849

Time = 26

smoothSolver:  Solving for Ux, Initial residual = 0.00214414, Final residual = 0.000180892, No Iterations 8
smoothSolver:  Solving for Uy, Initial residual = 0.0416474, Final residual = 0.00397578, No Iterations 7
smoothSolver:  Solving for Uz, Initial residual = 0.046086, Final residual = 0.00436431, No Iterations 7
GAMG:  Solving for p, Initial residual = 0.0147969, Final residual = 6.7534e-05, No Iterations 4
time step continuity errors : sum local = 0.000140478, global = 9.66253e-07, cumulative = 5.12289e-05
smoothSolver:  Solving for omega, Initial residual = 0.000337342, Final residual = 2.75e-05, No Iterations 3
smoothSolver:  Solving for k, Initial residual = 0.00329533, Final residual = 0.000310468, No Iterations 3
ExecutionTime = 6.2 s  ClockTime = 7 s

forceCoeffs forceCoeffs1 write:
    Cm    = 0.170324
    Cd    = 0.419931
    Cl    = 0.0548352
    Cl(f) = 0.197742
    Cl(r) = -0.142906

Time = 27

smoothSolver:  Solving for Ux, Initial residual = 0.00202877, Final residual = 0.000171899, No Iterations 8
smoothSolver:  Solving for Uy, Initial residual = 0.0393985, Final residual = 0.00374696, No Iterations 7
smoothSolver:  Solving for Uz, Initial residual = 0.0431091, Final residual = 0.00405007, No Iterations 7
GAMG:  Solving for p, Initial residual = 0.0142345, Final residual = 6.64735e-05, No Iterations 4
time step continuity errors : sum local = 0.000137077, global = 8.19524e-07, cumulative = 5.20484e-05
smoothSolver:  Solving for omega, Initial residual = 0.000319322, Final residual = 2.62867e-05, No Iterations 3
smoothSolver:  Solving for k, Initial residual = 0.00320007, Final residual = 0.000305407, No Iterations 3
ExecutionTime = 6.41 s  ClockTime = 7 s

forceCoeffs forceCoeffs1 write:
    Cm    = 0.168652
    Cd    = 0.419071
    Cl    = 0.0557518
    Cl(f) = 0.196528
    Cl(r) = -0.140777

Time = 28

smoothSolver:  Solving for Ux, Initial residual = 0.0019108, Final residual = 0.000162584, No Iterations 8
smoothSolver:  Solving for Uy, Initial residual = 0.0369183, Final residual = 0.00350328, No Iterations 7
smoothSolver:  Solving for Uz, Initial residual = 0.0399543, Final residual = 0.00370349, No Iterations 7
GAMG:  Solving for p, Initial residual = 0.0136931, Final residual = 6.48873e-05, No Iterations 4
time step continuity errors : sum local = 0.00013265, global = 5.82993e-07, cumulative = 5.26314e-05
smoothSolver:  Solving for omega, Initial residual = 0.000303376, Final residual = 2.51134e-05, No Iterations 3
smoothSolver:  Solving for k, Initial residual = 0.00311801, Final residual = 0.000300952, No Iterations 3
ExecutionTime = 6.61 s  ClockTime = 7 s

forceCoeffs forceCoeffs1 write:
    Cm    = 0.167451
    Cd    = 0.418603
    Cl    = 0.0563725
    Cl(f) = 0.195637
    Cl(r) = -0.139264

Time = 29

smoothSolver:  Solving for Ux, Initial residual = 0.00180394, Final residual = 0.000153737, No Iterations 8
smoothSolver:  Solving for Uy, Initial residual = 0.0346474, Final residual = 0.00325707, No Iterations 7
smoothSolver:  Solving for Uz, Initial residual = 0.0370769, Final residual = 0.00338041, No Iterations 7
GAMG:  Solving for p, Initial residual = 0.0131647, Final residual = 6.18394e-05, No Iterations 4
time step continuity errors : sum local = 0.000125494, global = 2.44252e-07, cumulative = 5.28757e-05
smoothSolver:  Solving for omega, Initial residual = 0.000289574, Final residual = 2.406e-05, No Iterations 3
smoothSolver:  Solving for k, Initial residual = 0.00307046, Final residual = 0.000296289, No Iterations 3
ExecutionTime = 6.82 s  ClockTime = 7 s

forceCoeffs forceCoeffs1 write:
    Cm    = 0.166623
    Cd    = 0.41811
    Cl    = 0.0569822
    Cl(f) = 0.195114
    Cl(r) = -0.138131

Time = 30

smoothSolver:  Solving for Ux, Initial residual = 0.0017086, Final residual = 0.000144903, No Iterations 8
smoothSolver:  Solving for Uy, Initial residual = 0.0325509, Final residual = 0.00301458, No Iterations 7
smoothSolver:  Solving for Uz, Initial residual = 0.034538, Final residual = 0.00310446, No Iterations 7
GAMG:  Solving for p, Initial residual = 0.0126071, Final residual = 5.93226e-05, No Iterations 4
time step continuity errors : sum local = 0.000119569, global = -1.82242e-07, cumulative = 5.26934e-05
smoothSolver:  Solving for omega, Initial residual = 0.000275911, Final residual = 2.30398e-05, No Iterations 3
smoothSolver:  Solving for k, Initial residual = 0.00301461, Final residual = 0.000291218, No Iterations 3
ExecutionTime = 7.03 s  ClockTime = 8 s

forceCoeffs forceCoeffs1 write:
    Cm    = 0.165893
    Cd    = 0.417365
    Cl    = 0.0578503
    Cl(f) = 0.194818
    Cl(r) = -0.136968

Time = 31

smoothSolver:  Solving for Ux, Initial residual = 0.00161072, Final residual = 0.000135707, No Iterations 8
smoothSolver:  Solving for Uy, Initial residual = 0.0306989, Final residual = 0.00279872, No Iterations 7
smoothSolver:  Solving for Uz, Initial residual = 0.032393, Final residual = 0.00287354, No Iterations 7
GAMG:  Solving for p, Initial residual = 0.0120666, Final residual = 5.65156e-05, No Iterations 4
time step continuity errors : sum local = 0.000113174, global = -5.06594e-07, cumulative = 5.21868e-05
smoothSolver:  Solving for omega, Initial residual = 0.000264511, Final residual = 2.21306e-05, No Iterations 3
smoothSolver:  Solving for k, Initial residual = 0.00293348, Final residual = 0.000285889, No Iterations 3
ExecutionTime = 7.24 s  ClockTime = 8 s

forceCoeffs forceCoeffs1 write:
    Cm    = 0.165285
    Cd    = 0.416526
    Cl    = 0.0589236
    Cl(f) = 0.194747
    Cl(r) = -0.135824

Time = 32

smoothSolver:  Solving for Ux, Initial residual = 0.00152092, Final residual = 0.00012661, No Iterations 8
smoothSolver:  Solving for Uy, Initial residual = 0.0291155, Final residual = 0.0026202, No Iterations 7
smoothSolver:  Solving for Uz, Initial residual = 0.0304728, Final residual = 0.00266118, No Iterations 7
GAMG:  Solving for p, Initial residual = 0.0115756, Final residual = 5.39741e-05, No Iterations 4
time step continuity errors : sum local = 0.000107375, global = -7.84545e-07, cumulative = 5.14023e-05
smoothSolver:  Solving for omega, Initial residual = 0.000255212, Final residual = 2.12352e-05, No Iterations 3
smoothSolver:  Solving for k, Initial residual = 0.00286092, Final residual = 0.000280725, No Iterations 3
ExecutionTime = 7.45 s  ClockTime = 8 s

forceCoeffs forceCoeffs1 write:
    Cm    = 0.164712
    Cd    = 0.415651
    Cl    = 0.0600231
    Cl(f) = 0.194724
    Cl(r) = -0.134701

Time = 33

smoothSolver:  Solving for Ux, Initial residual = 0.00143686, Final residual = 0.000117899, No Iterations 8
smoothSolver:  Solving for Uy, Initial residual = 0.0278494, Final residual = 0.00248954, No Iterations 7
smoothSolver:  Solving for Uz, Initial residual = 0.028573, Final residual = 0.00247918, No Iterations 7
GAMG:  Solving for p, Initial residual = 0.011161, Final residual = 5.12011e-05, No Iterations 4
time step continuity errors : sum local = 0.000101241, global = -8.30363e-07, cumulative = 5.05719e-05
smoothSolver:  Solving for omega, Initial residual = 0.000245616, Final residual = 2.03073e-05, No Iterations 3
smoothSolver:  Solving for k, Initial residual = 0.00278787, Final residual = 0.000274824, No Iterations 3
ExecutionTime = 7.65 s  ClockTime = 8 s

forceCoeffs forceCoeffs1 write:
    Cm    = 0.164232
    Cd    = 0.414847
    Cl    = 0.061182
    Cl(f) = 0.194823
    Cl(r) = -0.133641

Time = 34

smoothSolver:  Solving for Ux, Initial residual = 0.00135727, Final residual = 0.000110103, No Iterations 8
smoothSolver:  Solving for Uy, Initial residual = 0.0267848, Final residual = 0.00239572, No Iterations 7
smoothSolver:  Solving for Uz, Initial residual = 0.0270363, Final residual = 0.00231866, No Iterations 7
GAMG:  Solving for p, Initial residual = 0.0107948, Final residual = 4.83187e-05, No Iterations 4
time step continuity errors : sum local = 9.50155e-05, global = -6.67776e-07, cumulative = 4.99041e-05
smoothSolver:  Solving for omega, Initial residual = 0.000236552, Final residual = 1.93556e-05, No Iterations 3
smoothSolver:  Solving for k, Initial residual = 0.00272626, Final residual = 0.000267005, No Iterations 3
ExecutionTime = 7.86 s  ClockTime = 8 s

forceCoeffs forceCoeffs1 write:
    Cm    = 0.163767
    Cd    = 0.414088
    Cl    = 0.062195
    Cl(f) = 0.194865
    Cl(r) = -0.13267

Time = 35

smoothSolver:  Solving for Ux, Initial residual = 0.00129161, Final residual = 0.000102926, No Iterations 8
smoothSolver:  Solving for Uy, Initial residual = 0.0258699, Final residual = 0.00229968, No Iterations 7
smoothSolver:  Solving for Uz, Initial residual = 0.0257597, Final residual = 0.00218058, No Iterations 7
GAMG:  Solving for p, Initial residual = 0.0105111, Final residual = 4.60973e-05, No Iterations 4
time step continuity errors : sum local = 9.02271e-05, global = -3.26145e-07, cumulative = 4.9578e-05
smoothSolver:  Solving for omega, Initial residual = 0.00022822, Final residual = 1.84159e-05, No Iterations 3
smoothSolver:  Solving for k, Initial residual = 0.00268491, Final residual = 0.000258637, No Iterations 3
ExecutionTime = 8.07 s  ClockTime = 9 s

forceCoeffs forceCoeffs1 write:
    Cm    = 0.163355
    Cd    = 0.413485
    Cl    = 0.0629601
    Cl(f) = 0.194835
    Cl(r) = -0.131875

Time = 36

smoothSolver:  Solving for Ux, Initial residual = 0.00123726, Final residual = 9.68774e-05, No Iterations 8
smoothSolver:  Solving for Uy, Initial residual = 0.0250639, Final residual = 0.00218751, No Iterations 7
smoothSolver:  Solving for Uz, Initial residual = 0.0245538, Final residual = 0.00204936, No Iterations 7
GAMG:  Solving for p, Initial residual = 0.0102658, Final residual = 4.51569e-05, No Iterations 4
time step continuity errors : sum local = 8.80514e-05, global = 4.98894e-08, cumulative = 4.96279e-05
smoothSolver:  Solving for omega, Initial residual = 0.000218612, Final residual = 1.74974e-05, No Iterations 3
smoothSolver:  Solving for k, Initial residual = 0.00261454, Final residual = 0.000249813, No Iterations 3
ExecutionTime = 8.28 s  ClockTime = 9 s

forceCoeffs forceCoeffs1 write:
    Cm    = 0.162996
    Cd    = 0.41298
    Cl    = 0.0634371
    Cl(f) = 0.194714
    Cl(r) = -0.131277

Time = 37

smoothSolver:  Solving for Ux, Initial residual = 0.00118167, Final residual = 9.13571e-05, No Iterations 8
smoothSolver:  Solving for Uy, Initial residual = 0.0243104, Final residual = 0.00208062, No Iterations 7
smoothSolver:  Solving for Uz, Initial residual = 0.0233162, Final residual = 0.00192472, No Iterations 7
GAMG:  Solving for p, Initial residual = 0.0100035, Final residual = 4.55084e-05, No Iterations 4
time step continuity errors : sum local = 8.84224e-05, global = 3.95743e-07, cumulative = 5.00236e-05
smoothSolver:  Solving for omega, Initial residual = 0.000209323, Final residual = 1.66358e-05, No Iterations 3
smoothSolver:  Solving for k, Initial residual = 0.00253682, Final residual = 0.000241016, No Iterations 3
ExecutionTime = 8.49 s  ClockTime = 9 s

forceCoeffs forceCoeffs1 write:
    Cm    = 0.162835
    Cd    = 0.412716
    Cl    = 0.0636924
    Cl(f) = 0.194681
    Cl(r) = -0.130989

Time = 38

smoothSolver:  Solving for Ux, Initial residual = 0.00112207, Final residual = 8.64142e-05, No Iterations 8
smoothSolver:  Solving for Uy, Initial residual = 0.0235542, Final residual = 0.00198077, No Iterations 7
smoothSolver:  Solving for Uz, Initial residual = 0.022085, Final residual = 0.00180652, No Iterations 7
GAMG:  Solving for p, Initial residual = 0.0096427, Final residual = 4.55709e-05, No Iterations 4
time step continuity errors : sum local = 8.82328e-05, global = 8.3196e-07, cumulative = 5.08556e-05
smoothSolver:  Solving for omega, Initial residual = 0.000200731, Final residual = 1.58941e-05, No Iterations 3
smoothSolver:  Solving for k, Initial residual = 0.0024647, Final residual = 0.000233245, No Iterations 3
ExecutionTime = 8.69 s  ClockTime = 9 s

forceCoeffs forceCoeffs1 write:
    Cm    = 0.162801
    Cd    = 0.412524
    Cl    = 0.0635954
    Cl(f) = 0.194599
    Cl(r) = -0.131003

Time = 39

smoothSolver:  Solving for Ux, Initial residual = 0.00106654, Final residual = 8.19611e-05, No Iterations 8
smoothSolver:  Solving for Uy, Initial residual = 0.022782, Final residual = 0.00188559, No Iterations 7
smoothSolver:  Solving for Uz, Initial residual = 0.0208951, Final residual = 0.0017031, No Iterations 7
GAMG:  Solving for p, Initial residual = 0.00925779, Final residual = 4.59346e-05, No Iterations 4
time step continuity errors : sum local = 8.86727e-05, global = 1.74399e-06, cumulative = 5.25996e-05
smoothSolver:  Solving for omega, Initial residual = 0.000191656, Final residual = 1.51215e-05, No Iterations 3
smoothSolver:  Solving for k, Initial residual = 0.00238572, Final residual = 0.000226502, No Iterations 3
ExecutionTime = 8.9 s  ClockTime = 10 s

forceCoeffs forceCoeffs1 write:
    Cm    = 0.162912
    Cd    = 0.41235
    Cl    = 0.0632111
    Cl(f) = 0.194517
    Cl(r) = -0.131306

Time = 40

smoothSolver:  Solving for Ux, Initial residual = 0.00101374, Final residual = 7.76178e-05, No Iterations 8
smoothSolver:  Solving for Uy, Initial residual = 0.0218857, Final residual = 0.00180238, No Iterations 7
smoothSolver:  Solving for Uz, Initial residual = 0.0198065, Final residual = 0.00161309, No Iterations 7
GAMG:  Solving for p, Initial residual = 0.0088476, Final residual = 4.65571e-05, No Iterations 4
time step continuity errors : sum local = 8.96405e-05, global = 2.07052e-06, cumulative = 5.46701e-05
smoothSolver:  Solving for omega, Initial residual = 0.000182482, Final residual = 1.43926e-05, No Iterations 3
smoothSolver:  Solving for k, Initial residual = 0.00230611, Final residual = 0.000220392, No Iterations 3
ExecutionTime = 9.11 s  ClockTime = 10 s

forceCoeffs forceCoeffs1 write:
    Cm    = 0.163034
    Cd    = 0.412083
    Cl    = 0.0626622
    Cl(f) = 0.194365
    Cl(r) = -0.131703

Time = 41

smoothSolver:  Solving for Ux, Initial residual = 0.000965098, Final residual = 7.4045e-05, No Iterations 8
smoothSolver:  Solving for Uy, Initial residual = 0.0209248, Final residual = 0.00171996, No Iterations 7
smoothSolver:  Solving for Uz, Initial residual = 0.018864, Final residual = 0.0015347, No Iterations 7
GAMG:  Solving for p, Initial residual = 0.00846971, Final residual = 4.65768e-05, No Iterations 4
time step continuity errors : sum local = 8.9485e-05, global = 2.10872e-06, cumulative = 5.67788e-05
smoothSolver:  Solving for omega, Initial residual = 0.000173679, Final residual = 1.37107e-05, No Iterations 3
smoothSolver:  Solving for k, Initial residual = 0.00223161, Final residual = 0.000214679, No Iterations 3
ExecutionTime = 9.31 s  ClockTime = 10 s

forceCoeffs forceCoeffs1 write:
    Cm    = 0.163151
    Cd    = 0.411937
    Cl    = 0.0621701
    Cl(f) = 0.194236
    Cl(r) = -0.132066

Time = 42

smoothSolver:  Solving for Ux, Initial residual = 0.000918179, Final residual = 7.11626e-05, No Iterations 8
smoothSolver:  Solving for Uy, Initial residual = 0.0199418, Final residual = 0.00165078, No Iterations 7
smoothSolver:  Solving for Uz, Initial residual = 0.0181129, Final residual = 0.00147193, No Iterations 7
GAMG:  Solving for p, Initial residual = 0.00817076, Final residual = 4.4568e-05, No Iterations 4
time step continuity errors : sum local = 8.54548e-05, global = 1.27523e-06, cumulative = 5.8054e-05
smoothSolver:  Solving for omega, Initial residual = 0.000166449, Final residual = 1.30823e-05, No Iterations 3
smoothSolver:  Solving for k, Initial residual = 0.00217036, Final residual = 0.000209197, No Iterations 3
ExecutionTime = 9.52 s  ClockTime = 10 s

forceCoeffs forceCoeffs1 write:
    Cm    = 0.163178
    Cd    = 0.41183
    Cl    = 0.0620124
    Cl(f) = 0.194184
    Cl(r) = -0.132172

Time = 43

smoothSolver:  Solving for Ux, Initial residual = 0.000872958, Final residual = 6.82961e-05, No Iterations 8
smoothSolver:  Solving for Uy, Initial residual = 0.0189706, Final residual = 0.00159372, No Iterations 7
smoothSolver:  Solving for Uz, Initial residual = 0.0174444, Final residual = 0.00142617, No Iterations 7
GAMG:  Solving for p, Initial residual = 0.00791469, Final residual = 4.13786e-05, No Iterations 4
time step continuity errors : sum local = 7.91558e-05, global = 2.11209e-08, cumulative = 5.80752e-05
smoothSolver:  Solving for omega, Initial residual = 0.000159482, Final residual = 1.25259e-05, No Iterations 3
smoothSolver:  Solving for k, Initial residual = 0.00210864, Final residual = 0.000203902, No Iterations 3
ExecutionTime = 9.72 s  ClockTime = 10 s

forceCoeffs forceCoeffs1 write:
    Cm    = 0.163156
    Cd    = 0.41193
    Cl    = 0.0623311
    Cl(f) = 0.194322
    Cl(r) = -0.131991

Time = 44

smoothSolver:  Solving for Ux, Initial residual = 0.000832633, Final residual = 6.57819e-05, No Iterations 8
smoothSolver:  Solving for Uy, Initial residual = 0.0180639, Final residual = 0.00154714, No Iterations 7
smoothSolver:  Solving for Uz, Initial residual = 0.0167962, Final residual = 0.00139612, No Iterations 7
GAMG:  Solving for p, Initial residual = 0.00766325, Final residual = 3.88116e-05, No Iterations 4
time step continuity errors : sum local = 7.40623e-05, global = -7.72906e-07, cumulative = 5.73023e-05
smoothSolver:  Solving for omega, Initial residual = 0.000153742, Final residual = 1.20516e-05, No Iterations 3
smoothSolver:  Solving for k, Initial residual = 0.0020539, Final residual = 0.000198774, No Iterations 3
ExecutionTime = 9.93 s  ClockTime = 11 s

forceCoeffs forceCoeffs1 write:
    Cm    = 0.163098
    Cd    = 0.412185
    Cl    = 0.0631197
    Cl(f) = 0.194658
    Cl(r) = -0.131538

Time = 45

smoothSolver:  Solving for Ux, Initial residual = 0.000797075, Final residual = 6.38525e-05, No Iterations 8
smoothSolver:  Solving for Uy, Initial residual = 0.0172659, Final residual = 0.00151817, No Iterations 7
smoothSolver:  Solving for Uz, Initial residual = 0.0161376, Final residual = 0.00136629, No Iterations 7
GAMG:  Solving for p, Initial residual = 0.00741285, Final residual = 3.74129e-05, No Iterations 4
time step continuity errors : sum local = 7.12162e-05, global = -1.32344e-06, cumulative = 5.59788e-05
smoothSolver:  Solving for omega, Initial residual = 0.000148403, Final residual = 1.1576e-05, No Iterations 3
smoothSolver:  Solving for k, Initial residual = 0.00200492, Final residual = 0.000193958, No Iterations 3
ExecutionTime = 10.14 s  ClockTime = 11 s

forceCoeffs forceCoeffs1 write:
    Cm    = 0.162987
    Cd    = 0.412541
    Cl    = 0.0642677
    Cl(f) = 0.195121
    Cl(r) = -0.130853

Time = 46

smoothSolver:  Solving for Ux, Initial residual = 0.000769153, Final residual = 6.2531e-05, No Iterations 8
smoothSolver:  Solving for Uy, Initial residual = 0.0166279, Final residual = 0.00148335, No Iterations 7
smoothSolver:  Solving for Uz, Initial residual = 0.015469, Final residual = 0.00132832, No Iterations 7
GAMG:  Solving for p, Initial residual = 0.00716478, Final residual = 3.66547e-05, No Iterations 4
time step continuity errors : sum local = 6.96166e-05, global = -1.56671e-06, cumulative = 5.44121e-05
smoothSolver:  Solving for omega, Initial residual = 0.000143114, Final residual = 1.10998e-05, No Iterations 3
smoothSolver:  Solving for k, Initial residual = 0.0019593, Final residual = 0.000189559, No Iterations 3
ExecutionTime = 10.35 s  ClockTime = 11 s

forceCoeffs forceCoeffs1 write:
    Cm    = 0.162777
    Cd    = 0.412716
    Cl    = 0.0657074
    Cl(f) = 0.195631
    Cl(r) = -0.129923

Time = 47

smoothSolver:  Solving for Ux, Initial residual = 0.000748727, Final residual = 6.15564e-05, No Iterations 8
smoothSolver:  Solving for Uy, Initial residual = 0.0160633, Final residual = 0.00142755, No Iterations 7
smoothSolver:  Solving for Uz, Initial residual = 0.014892, Final residual = 0.00128039, No Iterations 7
GAMG:  Solving for p, Initial residual = 0.00690852, Final residual = 3.53108e-05, No Iterations 4
time step continuity errors : sum local = 6.6935e-05, global = -1.47119e-06, cumulative = 5.29409e-05
smoothSolver:  Solving for omega, Initial residual = 0.000137721, Final residual = 1.06852e-05, No Iterations 3
smoothSolver:  Solving for k, Initial residual = 0.0019087, Final residual = 0.000185366, No Iterations 3
ExecutionTime = 10.55 s  ClockTime = 11 s

forceCoeffs forceCoeffs1 write:
    Cm    = 0.162483
    Cd    = 0.412759
    Cl    = 0.0672299
    Cl(f) = 0.196098
    Cl(r) = -0.128868

Time = 48

smoothSolver:  Solving for Ux, Initial residual = 0.000732978, Final residual = 6.04393e-05, No Iterations 8
smoothSolver:  Solving for Uy, Initial residual = 0.0155746, Final residual = 0.00136318, No Iterations 7
smoothSolver:  Solving for Uz, Initial residual = 0.0144132, Final residual = 0.00122924, No Iterations 7
GAMG:  Solving for p, Initial residual = 0.00667123, Final residual = 3.29401e-05, No Iterations 4
time step continuity errors : sum local = 6.23555e-05, global = -1.06327e-06, cumulative = 5.18776e-05
smoothSolver:  Solving for omega, Initial residual = 0.000132137, Final residual = 1.03213e-05, No Iterations 3
smoothSolver:  Solving for k, Initial residual = 0.0018533, Final residual = 0.000180715, No Iterations 3
ExecutionTime = 10.77 s  ClockTime = 11 s

forceCoeffs forceCoeffs1 write:
    Cm    = 0.162037
    Cd    = 0.412477
    Cl    = 0.0685764
    Cl(f) = 0.196326
    Cl(r) = -0.127749

Time = 49

smoothSolver:  Solving for Ux, Initial residual = 0.000716338, Final residual = 5.91336e-05, No Iterations 8
smoothSolver:  Solving for Uy, Initial residual = 0.0151075, Final residual = 0.00130506, No Iterations 7
smoothSolver:  Solving for Uz, Initial residual = 0.0139798, Final residual = 0.00118116, No Iterations 7
GAMG:  Solving for p, Initial residual = 0.00642928, Final residual = 3.03855e-05, No Iterations 4
time step continuity errors : sum local = 5.74683e-05, global = -5.07262e-07, cumulative = 5.13704e-05
smoothSolver:  Solving for omega, Initial residual = 0.000127404, Final residual = 9.96587e-06, No Iterations 3
smoothSolver:  Solving for k, Initial residual = 0.00179483, Final residual = 0.000175678, No Iterations 3
ExecutionTime = 10.97 s  ClockTime = 12 s

forceCoeffs forceCoeffs1 write:
    Cm    = 0.161555
    Cd    = 0.412159
    Cl    = 0.0695961
    Cl(f) = 0.196353
    Cl(r) = -0.126757

Time = 50

smoothSolver:  Solving for Ux, Initial residual = 0.000698703, Final residual = 5.7312e-05, No Iterations 8
smoothSolver:  Solving for Uy, Initial residual = 0.0146092, Final residual = 0.00124966, No Iterations 7
smoothSolver:  Solving for Uz, Initial residual = 0.0135251, Final residual = 0.00113431, No Iterations 7
GAMG:  Solving for p, Initial residual = 0.00618799, Final residual = 2.80791e-05, No Iterations 4
time step continuity errors : sum local = 5.30946e-05, global = -2.92119e-07, cumulative = 5.10783e-05
smoothSolver:  Solving for omega, Initial residual = 0.000122993, Final residual = 9.59493e-06, No Iterations 3
smoothSolver:  Solving for k, Initial residual = 0.0017302, Final residual = 0.000169834, No Iterations 3
ExecutionTime = 11.17 s  ClockTime = 12 s

forceCoeffs forceCoeffs1 write:
    Cm    = 0.160981
    Cd    = 0.411725
    Cl    = 0.0702268
    Cl(f) = 0.196095
    Cl(r) = -0.125868

Time = 51

smoothSolver:  Solving for Ux, Initial residual = 0.000677109, Final residual = 5.50096e-05, No Iterations 8
smoothSolver:  Solving for Uy, Initial residual = 0.0140845, Final residual = 0.00119203, No Iterations 7
smoothSolver:  Solving for Uz, Initial residual = 0.0130304, Final residual = 0.00108937, No Iterations 7
GAMG:  Solving for p, Initial residual = 0.00596542, Final residual = 2.64602e-05, No Iterations 4
time step continuity errors : sum local = 5.00569e-05, global = -1.81626e-07, cumulative = 5.08966e-05
smoothSolver:  Solving for omega, Initial residual = 0.000118472, Final residual = 9.22963e-06, No Iterations 3
smoothSolver:  Solving for k, Initial residual = 0.00166515, Final residual = 0.000163945, No Iterations 3
ExecutionTime = 11.38 s  ClockTime = 12 s

forceCoeffs forceCoeffs1 write:
    Cm    = 0.160418
    Cd    = 0.411401
    Cl    = 0.0705039
    Cl(f) = 0.19567
    Cl(r) = -0.125166

Time = 52

smoothSolver:  Solving for Ux, Initial residual = 0.000654591, Final residual = 5.24568e-05, No Iterations 8
smoothSolver:  Solving for Uy, Initial residual = 0.0135284, Final residual = 0.00113722, No Iterations 7
smoothSolver:  Solving for Uz, Initial residual = 0.0125055, Final residual = 0.00104792, No Iterations 7
GAMG:  Solving for p, Initial residual = 0.00577021, Final residual = 2.5296e-05, No Iterations 4
time step continuity errors : sum local = 4.78979e-05, global = -1.83488e-07, cumulative = 5.07132e-05
smoothSolver:  Solving for omega, Initial residual = 0.0001139, Final residual = 8.88468e-06, No Iterations 3
smoothSolver:  Solving for k, Initial residual = 0.00160005, Final residual = 0.000158067, No Iterations 3
ExecutionTime = 11.59 s  ClockTime = 12 s

forceCoeffs forceCoeffs1 write:
    Cm    = 0.159798
    Cd    = 0.411093
    Cl    = 0.0704127
    Cl(f) = 0.195004
    Cl(r) = -0.124592

Time = 53

smoothSolver:  Solving for Ux, Initial residual = 0.000632479, Final residual = 4.95582e-05, No Iterations 8
smoothSolver:  Solving for Uy, Initial residual = 0.0130389, Final residual = 0.00108982, No Iterations 7
smoothSolver:  Solving for Uz, Initial residual = 0.0119993, Final residual = 0.00100588, No Iterations 7
GAMG:  Solving for p, Initial residual = 0.00559542, Final residual = 2.43429e-05, No Iterations 4
time step continuity errors : sum local = 4.61437e-05, global = -3.62551e-07, cumulative = 5.03506e-05
smoothSolver:  Solving for omega, Initial residual = 0.000110135, Final residual = 8.57571e-06, No Iterations 3
smoothSolver:  Solving for k, Initial residual = 0.00153668, Final residual = 0.000152214, No Iterations 3
ExecutionTime = 11.81 s  ClockTime = 13 s

forceCoeffs forceCoeffs1 write:
    Cm    = 0.159205
    Cd    = 0.410969
    Cl    = 0.0700861
    Cl(f) = 0.194248
    Cl(r) = -0.124162

Time = 54

smoothSolver:  Solving for Ux, Initial residual = 0.000610312, Final residual = 4.66432e-05, No Iterations 8
smoothSolver:  Solving for Uy, Initial residual = 0.0126889, Final residual = 0.00105021, No Iterations 7
smoothSolver:  Solving for Uz, Initial residual = 0.0115845, Final residual = 0.000970923, No Iterations 7
GAMG:  Solving for p, Initial residual = 0.00542773, Final residual = 2.34602e-05, No Iterations 4
time step continuity errors : sum local = 4.45163e-05, global = -2.52016e-07, cumulative = 5.00986e-05
smoothSolver:  Solving for omega, Initial residual = 0.000106675, Final residual = 8.27549e-06, No Iterations 3
smoothSolver:  Solving for k, Initial residual = 0.00147564, Final residual = 0.000146156, No Iterations 3
ExecutionTime = 12.01 s  ClockTime = 13 s

forceCoeffs forceCoeffs1 write:
    Cm    = 0.158618
    Cd    = 0.410912
    Cl    = 0.0695612
    Cl(f) = 0.193399
    Cl(r) = -0.123838

Time = 55

smoothSolver:  Solving for Ux, Initial residual = 0.000590335, Final residual = 5.88682e-05, No Iterations 7
smoothSolver:  Solving for Uy, Initial residual = 0.0124022, Final residual = 0.00101631, No Iterations 7
smoothSolver:  Solving for Uz, Initial residual = 0.011264, Final residual = 0.000938193, No Iterations 7
GAMG:  Solving for p, Initial residual = 0.00527719, Final residual = 2.2659e-05, No Iterations 4
time step continuity errors : sum local = 4.30331e-05, global = -3.35613e-07, cumulative = 4.9763e-05
smoothSolver:  Solving for omega, Initial residual = 0.000103303, Final residual = 8.01353e-06, No Iterations 3
smoothSolver:  Solving for k, Initial residual = 0.00141831, Final residual = 0.000140004, No Iterations 3
ExecutionTime = 12.22 s  ClockTime = 13 s

forceCoeffs forceCoeffs1 write:
    Cm    = 0.158158
    Cd    = 0.411103
    Cl    = 0.0689963
    Cl(f) = 0.192656
    Cl(r) = -0.12366

Time = 56

smoothSolver:  Solving for Ux, Initial residual = 0.000572807, Final residual = 5.63581e-05, No Iterations 7
smoothSolver:  Solving for Uy, Initial residual = 0.0121169, Final residual = 0.000981568, No Iterations 7
smoothSolver:  Solving for Uz, Initial residual = 0.0109766, Final residual = 0.000906254, No Iterations 7
GAMG:  Solving for p, Initial residual = 0.00513838, Final residual = 2.19078e-05, No Iterations 4
time step continuity errors : sum local = 4.1637e-05, global = -2.90757e-07, cumulative = 4.94722e-05
smoothSolver:  Solving for omega, Initial residual = 0.000100167, Final residual = 7.73784e-06, No Iterations 3
smoothSolver:  Solving for k, Initial residual = 0.00136499, Final residual = 0.000134219, No Iterations 3
ExecutionTime = 12.42 s  ClockTime = 13 s

forceCoeffs forceCoeffs1 write:
    Cm    = 0.157741
    Cd    = 0.411315
    Cl    = 0.0683138
    Cl(f) = 0.191898
    Cl(r) = -0.123584

Time = 57

smoothSolver:  Solving for Ux, Initial residual = 0.000554506, Final residual = 5.40582e-05, No Iterations 7
smoothSolver:  Solving for Uy, Initial residual = 0.0118228, Final residual = 0.000948683, No Iterations 7
smoothSolver:  Solving for Uz, Initial residual = 0.0107022, Final residual = 0.000878902, No Iterations 7
GAMG:  Solving for p, Initial residual = 0.00501447, Final residual = 2.13512e-05, No Iterations 4
time step continuity errors : sum local = 4.0603e-05, global = -9.61468e-08, cumulative = 4.93761e-05
smoothSolver:  Solving for omega, Initial residual = 9.72405e-05, Final residual = 7.47548e-06, No Iterations 3
smoothSolver:  Solving for k, Initial residual = 0.00131437, Final residual = 0.000128834, No Iterations 3
ExecutionTime = 12.63 s  ClockTime = 13 s

forceCoeffs forceCoeffs1 write:
    Cm    = 0.15746
    Cd    = 0.41165
    Cl    = 0.0677097
    Cl(f) = 0.191315
    Cl(r) = -0.123605

Time = 58

smoothSolver:  Solving for Ux, Initial residual = 0.000533456, Final residual = 5.18768e-05, No Iterations 7
smoothSolver:  Solving for Uy, Initial residual = 0.0114914, Final residual = 0.00091674, No Iterations 7
smoothSolver:  Solving for Uz, Initial residual = 0.0104572, Final residual = 0.000853203, No Iterations 7
GAMG:  Solving for p, Initial residual = 0.00490543, Final residual = 2.09578e-05, No Iterations 4
time step continuity errors : sum local = 3.98759e-05, global = 1.84049e-07, cumulative = 4.95601e-05
smoothSolver:  Solving for omega, Initial residual = 9.42093e-05, Final residual = 7.22474e-06, No Iterations 3
smoothSolver:  Solving for k, Initial residual = 0.00126853, Final residual = 0.000123732, No Iterations 3
ExecutionTime = 12.84 s  ClockTime = 14 s

forceCoeffs forceCoeffs1 write:
    Cm    = 0.157241
    Cd    = 0.411948
    Cl    = 0.0671052
    Cl(f) = 0.190794
    Cl(r) = -0.123689

Time = 59

smoothSolver:  Solving for Ux, Initial residual = 0.000512739, Final residual = 5.00088e-05, No Iterations 7
smoothSolver:  Solving for Uy, Initial residual = 0.0111686, Final residual = 0.000883777, No Iterations 7
smoothSolver:  Solving for Uz, Initial residual = 0.0101933, Final residual = 0.00082092, No Iterations 7
GAMG:  Solving for p, Initial residual = 0.0048027, Final residual = 2.05333e-05, No Iterations 4
time step continuity errors : sum local = 3.90846e-05, global = 3.86903e-07, cumulative = 4.9947e-05
smoothSolver:  Solving for omega, Initial residual = 9.1153e-05, Final residual = 6.96866e-06, No Iterations 3
smoothSolver:  Solving for k, Initial residual = 0.00122602, Final residual = 0.000119015, No Iterations 3
ExecutionTime = 13.03 s  ClockTime = 14 s

forceCoeffs forceCoeffs1 write:
    Cm    = 0.157148
    Cd    = 0.412334
    Cl    = 0.0666483
    Cl(f) = 0.190472
    Cl(r) = -0.123824

Time = 60

smoothSolver:  Solving for Ux, Initial residual = 0.000492014, Final residual = 4.82069e-05, No Iterations 7
smoothSolver:  Solving for Uy, Initial residual = 0.0108461, Final residual = 0.000852672, No Iterations 7
smoothSolver:  Solving for Uz, Initial residual = 0.00990813, Final residual = 0.000785247, No Iterations 7
GAMG:  Solving for p, Initial residual = 0.00469722, Final residual = 2.00389e-05, No Iterations 4
time step continuity errors : sum local = 3.81595e-05, global = 4.72798e-07, cumulative = 5.04198e-05
smoothSolver:  Solving for omega, Initial residual = 8.7836e-05, Final residual = 6.71171e-06, No Iterations 3
smoothSolver:  Solving for k, Initial residual = 0.00118317, Final residual = 0.000114578, No Iterations 3
ExecutionTime = 13.25 s  ClockTime = 14 s

forceCoeffs forceCoeffs1 write:
    Cm    = 0.157039
    Cd    = 0.412619
    Cl    = 0.0661579
    Cl(f) = 0.190118
    Cl(r) = -0.12396

Time = 61

smoothSolver:  Solving for Ux, Initial residual = 0.000472087, Final residual = 4.62592e-05, No Iterations 7
smoothSolver:  Solving for Uy, Initial residual = 0.0105622, Final residual = 0.000824506, No Iterations 7
smoothSolver:  Solving for Uz, Initial residual = 0.00959899, Final residual = 0.000751412, No Iterations 7
GAMG:  Solving for p, Initial residual = 0.00456778, Final residual = 1.93475e-05, No Iterations 4
time step continuity errors : sum local = 3.68517e-05, global = 3.63013e-07, cumulative = 5.07828e-05
smoothSolver:  Solving for omega, Initial residual = 8.43636e-05, Final residual = 6.46198e-06, No Iterations 3
smoothSolver:  Solving for k, Initial residual = 0.00113862, Final residual = 0.000109991, No Iterations 3
ExecutionTime = 13.45 s  ClockTime = 14 s

forceCoeffs forceCoeffs1 write:
    Cm    = 0.157023
    Cd    = 0.412985
    Cl    = 0.0658458
    Cl(f) = 0.189946
    Cl(r) = -0.1241

Time = 62

smoothSolver:  Solving for Ux, Initial residual = 0.000453508, Final residual = 4.4477e-05, No Iterations 7
smoothSolver:  Solving for Uy, Initial residual = 0.010273, Final residual = 0.000799326, No Iterations 7
smoothSolver:  Solving for Uz, Initial residual = 0.00925962, Final residual = 0.000715322, No Iterations 7
GAMG:  Solving for p, Initial residual = 0.00441377, Final residual = 1.86352e-05, No Iterations 4
time step continuity errors : sum local = 3.55025e-05, global = 2.60686e-07, cumulative = 5.10435e-05
smoothSolver:  Solving for omega, Initial residual = 8.11209e-05, Final residual = 6.21174e-06, No Iterations 3
smoothSolver:  Solving for k, Initial residual = 0.00109263, Final residual = 0.000105435, No Iterations 3
ExecutionTime = 13.65 s  ClockTime = 14 s

forceCoeffs forceCoeffs1 write:
    Cm    = 0.157009
    Cd    = 0.413275
    Cl    = 0.0654717
    Cl(f) = 0.189745
    Cl(r) = -0.124273

Time = 63

smoothSolver:  Solving for Ux, Initial residual = 0.000437036, Final residual = 4.29743e-05, No Iterations 7
smoothSolver:  Solving for Uy, Initial residual = 0.00999092, Final residual = 0.000773011, No Iterations 7
smoothSolver:  Solving for Uz, Initial residual = 0.00886802, Final residual = 0.000681487, No Iterations 7
GAMG:  Solving for p, Initial residual = 0.00423527, Final residual = 1.76494e-05, No Iterations 4
time step continuity errors : sum local = 3.363e-05, global = 1.40271e-07, cumulative = 5.11838e-05
smoothSolver:  Solving for omega, Initial residual = 7.78989e-05, Final residual = 5.95727e-06, No Iterations 3
smoothSolver:  Solving for k, Initial residual = 0.00104773, Final residual = 0.000101001, No Iterations 3
ExecutionTime = 13.86 s  ClockTime = 15 s

forceCoeffs forceCoeffs1 write:
    Cm    = 0.157084
    Cd    = 0.413632
    Cl    = 0.0652166
    Cl(f) = 0.189692
    Cl(r) = -0.124475

Time = 64

smoothSolver:  Solving for Ux, Initial residual = 0.000421496, Final residual = 4.14707e-05, No Iterations 7
smoothSolver:  Solving for Uy, Initial residual = 0.00964024, Final residual = 0.000746048, No Iterations 7
smoothSolver:  Solving for Uz, Initial residual = 0.00845178, Final residual = 0.000646665, No Iterations 7
GAMG:  Solving for p, Initial residual = 0.00406478, Final residual = 1.64171e-05, No Iterations 4
time step continuity errors : sum local = 3.12915e-05, global = 1.46313e-08, cumulative = 5.11984e-05
smoothSolver:  Solving for omega, Initial residual = 7.49994e-05, Final residual = 5.72443e-06, No Iterations 3
smoothSolver:  Solving for k, Initial residual = 0.00100258, Final residual = 9.67141e-05, No Iterations 3
ExecutionTime = 14.07 s  ClockTime = 15 s

forceCoeffs forceCoeffs1 write:
    Cm    = 0.157167
    Cd    = 0.413867
    Cl    = 0.0648727
    Cl(f) = 0.189604
    Cl(r) = -0.124731

Time = 65

smoothSolver:  Solving for Ux, Initial residual = 0.000406851, Final residual = 3.97269e-05, No Iterations 7
smoothSolver:  Solving for Uy, Initial residual = 0.00927977, Final residual = 0.000720737, No Iterations 7
smoothSolver:  Solving for Uz, Initial residual = 0.00802934, Final residual = 0.000614874, No Iterations 7
GAMG:  Solving for p, Initial residual = 0.00389022, Final residual = 1.5405e-05, No Iterations 4
time step continuity errors : sum local = 2.93692e-05, global = -1.30776e-07, cumulative = 5.10676e-05
smoothSolver:  Solving for omega, Initial residual = 7.20053e-05, Final residual = 5.50027e-06, No Iterations 3
smoothSolver:  Solving for k, Initial residual = 0.000956529, Final residual = 9.23981e-05, No Iterations 3
ExecutionTime = 14.28 s  ClockTime = 15 s

forceCoeffs forceCoeffs1 write:
    Cm    = 0.157332
    Cd    = 0.414153
    Cl    = 0.0645994
    Cl(f) = 0.189631
    Cl(r) = -0.125032

Time = 66

smoothSolver:  Solving for Ux, Initial residual = 0.000389225, Final residual = 3.7813e-05, No Iterations 7
smoothSolver:  Solving for Uy, Initial residual = 0.00888988, Final residual = 0.000696834, No Iterations 7
smoothSolver:  Solving for Uz, Initial residual = 0.00760782, Final residual = 0.000583997, No Iterations 7
GAMG:  Solving for p, Initial residual = 0.00373155, Final residual = 1.48614e-05, No Iterations 4
time step continuity errors : sum local = 2.83437e-05, global = -1.97054e-07, cumulative = 5.08706e-05
smoothSolver:  Solving for omega, Initial residual = 6.96423e-05, Final residual = 5.30713e-06, No Iterations 3
smoothSolver:  Solving for k, Initial residual = 0.000913836, Final residual = 8.83133e-05, No Iterations 3
ExecutionTime = 14.49 s  ClockTime = 15 s

forceCoeffs forceCoeffs1 write:
    Cm    = 0.157489
    Cd    = 0.414347
    Cl    = 0.0642148
    Cl(f) = 0.189596
    Cl(r) = -0.125381

Time = 67

smoothSolver:  Solving for Ux, Initial residual = 0.000373833, Final residual = 3.57961e-05, No Iterations 7
smoothSolver:  Solving for Uy, Initial residual = 0.00853974, Final residual = 0.000671129, No Iterations 7
smoothSolver:  Solving for Uz, Initial residual = 0.00725495, Final residual = 0.000556664, No Iterations 7
GAMG:  Solving for p, Initial residual = 0.00359558, Final residual = 1.49403e-05, No Iterations 4
time step continuity errors : sum local = 2.85058e-05, global = -3.70578e-07, cumulative = 5.05e-05
smoothSolver:  Solving for omega, Initial residual = 6.74724e-05, Final residual = 5.13852e-06, No Iterations 3
smoothSolver:  Solving for k, Initial residual = 0.000876505, Final residual = 8.46865e-05, No Iterations 3
ExecutionTime = 14.7 s  ClockTime = 15 s

forceCoeffs forceCoeffs1 write:
    Cm    = 0.157669
    Cd    = 0.414585
    Cl    = 0.0638882
    Cl(f) = 0.189613
    Cl(r) = -0.125725

Time = 68

smoothSolver:  Solving for Ux, Initial residual = 0.000357176, Final residual = 3.37156e-05, No Iterations 7
smoothSolver:  Solving for Uy, Initial residual = 0.0082256, Final residual = 0.000645052, No Iterations 7
smoothSolver:  Solving for Uz, Initial residual = 0.0069626, Final residual = 0.000532635, No Iterations 7
GAMG:  Solving for p, Initial residual = 0.0034829, Final residual = 1.51123e-05, No Iterations 4
time step continuity errors : sum local = 2.88496e-05, global = -4.19394e-07, cumulative = 5.00806e-05
smoothSolver:  Solving for omega, Initial residual = 6.5599e-05, Final residual = 4.96168e-06, No Iterations 3
smoothSolver:  Solving for k, Initial residual = 0.000843988, Final residual = 8.14806e-05, No Iterations 3
ExecutionTime = 14.9 s  ClockTime = 16 s

forceCoeffs forceCoeffs1 write:
    Cm    = 0.157809
    Cd    = 0.414752
    Cl    = 0.0635271
    Cl(f) = 0.189572
    Cl(r) = -0.126045

Time = 69

smoothSolver:  Solving for Ux, Initial residual = 0.000341728, Final residual = 3.18024e-05, No Iterations 7
smoothSolver:  Solving for Uy, Initial residual = 0.00796832, Final residual = 0.000619472, No Iterations 7
smoothSolver:  Solving for Uz, Initial residual = 0.00670585, Final residual = 0.000511137, No Iterations 7
GAMG:  Solving for p, Initial residual = 0.00338517, Final residual = 1.49264e-05, No Iterations 4
time step continuity errors : sum local = 2.85087e-05, global = -4.17513e-07, cumulative = 4.96631e-05
smoothSolver:  Solving for omega, Initial residual = 6.37105e-05, Final residual = 4.78696e-06, No Iterations 3
smoothSolver:  Solving for k, Initial residual = 0.000814966, Final residual = 7.85415e-05, No Iterations 3
ExecutionTime = 15.1 s  ClockTime = 16 s

forceCoeffs forceCoeffs1 write:
    Cm    = 0.157953
    Cd    = 0.414972
    Cl    = 0.0633798
    Cl(f) = 0.189643
    Cl(r) = -0.126263

Time = 70

smoothSolver:  Solving for Ux, Initial residual = 0.000326973, Final residual = 3.01962e-05, No Iterations 7
smoothSolver:  Solving for Uy, Initial residual = 0.00773849, Final residual = 0.000594209, No Iterations 7
smoothSolver:  Solving for Uz, Initial residual = 0.00649849, Final residual = 0.000493038, No Iterations 7
GAMG:  Solving for p, Initial residual = 0.00330208, Final residual = 1.44493e-05, No Iterations 4
time step continuity errors : sum local = 2.76097e-05, global = -3.84464e-07, cumulative = 4.92786e-05
smoothSolver:  Solving for omega, Initial residual = 6.19318e-05, Final residual = 4.61217e-06, No Iterations 3
smoothSolver:  Solving for k, Initial residual = 0.000788914, Final residual = 7.56513e-05, No Iterations 3
ExecutionTime = 15.31 s  ClockTime = 16 s

forceCoeffs forceCoeffs1 write:
    Cm    = 0.158039
    Cd    = 0.415126
    Cl    = 0.063238
    Cl(f) = 0.189658
    Cl(r) = -0.12642

Time = 71

smoothSolver:  Solving for Ux, Initial residual = 0.000315499, Final residual = 2.89715e-05, No Iterations 7
smoothSolver:  Solving for Uy, Initial residual = 0.00752042, Final residual = 0.000570523, No Iterations 7
smoothSolver:  Solving for Uz, Initial residual = 0.0063224, Final residual = 0.00047454, No Iterations 7
GAMG:  Solving for p, Initial residual = 0.0032343, Final residual = 1.39221e-05, No Iterations 4
time step continuity errors : sum local = 2.66112e-05, global = -3.37435e-07, cumulative = 4.89412e-05
smoothSolver:  Solving for omega, Initial residual = 5.99498e-05, Final residual = 4.42967e-06, No Iterations 3
smoothSolver:  Solving for k, Initial residual = 0.000765832, Final residual = 7.30207e-05, No Iterations 3
ExecutionTime = 15.52 s  ClockTime = 16 s

forceCoeffs forceCoeffs1 write:
    Cm    = 0.158143
    Cd    = 0.415392
    Cl    = 0.0632468
    Cl(f) = 0.189767
    Cl(r) = -0.12652

Time = 72

smoothSolver:  Solving for Ux, Initial residual = 0.000304728, Final residual = 2.80537e-05, No Iterations 7
smoothSolver:  Solving for Uy, Initial residual = 0.00730224, Final residual = 0.000548419, No Iterations 7
smoothSolver:  Solving for Uz, Initial residual = 0.00617108, Final residual = 0.000459276, No Iterations 7
GAMG:  Solving for p, Initial residual = 0.00317258, Final residual = 1.35812e-05, No Iterations 4
time step continuity errors : sum local = 2.59646e-05, global = -3.45119e-07, cumulative = 4.85961e-05
smoothSolver:  Solving for omega, Initial residual = 5.84556e-05, Final residual = 4.25611e-06, No Iterations 3
smoothSolver:  Solving for k, Initial residual = 0.000744555, Final residual = 7.06409e-05, No Iterations 3
ExecutionTime = 15.73 s  ClockTime = 17 s

forceCoeffs forceCoeffs1 write:
    Cm    = 0.158179
    Cd    = 0.415581
    Cl    = 0.0632469
    Cl(f) = 0.189803
    Cl(r) = -0.126556

Time = 73

smoothSolver:  Solving for Ux, Initial residual = 0.000296771, Final residual = 2.73864e-05, No Iterations 7
smoothSolver:  Solving for Uy, Initial residual = 0.00707918, Final residual = 0.000526424, No Iterations 7
smoothSolver:  Solving for Uz, Initial residual = 0.00602613, Final residual = 0.000600946, No Iterations 6
GAMG:  Solving for p, Initial residual = 0.00312157, Final residual = 1.30438e-05, No Iterations 4
time step continuity errors : sum local = 2.49393e-05, global = -3.45335e-07, cumulative = 4.82508e-05
smoothSolver:  Solving for omega, Initial residual = 5.66422e-05, Final residual = 4.08988e-06, No Iterations 3
smoothSolver:  Solving for k, Initial residual = 0.000726102, Final residual = 6.85709e-05, No Iterations 3
ExecutionTime = 15.94 s  ClockTime = 17 s

forceCoeffs forceCoeffs1 write:
    Cm    = 0.158271
    Cd    = 0.415908
    Cl    = 0.0633652
    Cl(f) = 0.189954
    Cl(r) = -0.126589

Time = 74

smoothSolver:  Solving for Ux, Initial residual = 0.000288985, Final residual = 2.68079e-05, No Iterations 7
smoothSolver:  Solving for Uy, Initial residual = 0.00683383, Final residual = 0.000505525, No Iterations 7
smoothSolver:  Solving for Uz, Initial residual = 0.00589806, Final residual = 0.000585815, No Iterations 6
GAMG:  Solving for p, Initial residual = 0.00306591, Final residual = 1.2722e-05, No Iterations 4
time step continuity errors : sum local = 2.43255e-05, global = -3.32104e-07, cumulative = 4.79186e-05
smoothSolver:  Solving for omega, Initial residual = 5.48734e-05, Final residual = 3.91641e-06, No Iterations 3
smoothSolver:  Solving for k, Initial residual = 0.000708459, Final residual = 6.67077e-05, No Iterations 3
ExecutionTime = 16.14 s  ClockTime = 17 s

forceCoeffs forceCoeffs1 write:
    Cm    = 0.158303
    Cd    = 0.416156
    Cl    = 0.0634123
    Cl(f) = 0.19001
    Cl(r) = -0.126597

Time = 75

smoothSolver:  Solving for Ux, Initial residual = 0.000283879, Final residual = 2.64789e-05, No Iterations 7
smoothSolver:  Solving for Uy, Initial residual = 0.00660205, Final residual = 0.000488043, No Iterations 7
smoothSolver:  Solving for Uz, Initial residual = 0.00575984, Final residual = 0.000572639, No Iterations 6
GAMG:  Solving for p, Initial residual = 0.0030172, Final residual = 1.22539e-05, No Iterations 4
time step continuity errors : sum local = 2.34342e-05, global = -1.8845e-07, cumulative = 4.77302e-05
smoothSolver:  Solving for omega, Initial residual = 5.33371e-05, Final residual = 3.77846e-06, No Iterations 3
smoothSolver:  Solving for k, Initial residual = 0.000691811, Final residual = 6.50744e-05, No Iterations 3
ExecutionTime = 16.34 s  ClockTime = 17 s

forceCoeffs forceCoeffs1 write:
    Cm    = 0.158357
    Cd    = 0.416457
    Cl    = 0.0636062
    Cl(f) = 0.19016
    Cl(r) = -0.126554

Time = 76

smoothSolver:  Solving for Ux, Initial residual = 0.000278558, Final residual = 2.61882e-05, No Iterations 7
smoothSolver:  Solving for Uy, Initial residual = 0.00639348, Final residual = 0.000475045, No Iterations 7
smoothSolver:  Solving for Uz, Initial residual = 0.00565609, Final residual = 0.000564693, No Iterations 6
GAMG:  Solving for p, Initial residual = 0.00296601, Final residual = 1.20141e-05, No Iterations 4
time step continuity errors : sum local = 2.29791e-05, global = 4.53917e-08, cumulative = 4.77756e-05
smoothSolver:  Solving for omega, Initial residual = 5.16773e-05, Final residual = 3.64904e-06, No Iterations 3
smoothSolver:  Solving for k, Initial residual = 0.000678787, Final residual = 6.37418e-05, No Iterations 3
ExecutionTime = 16.55 s  ClockTime = 17 s

forceCoeffs forceCoeffs1 write:
    Cm    = 0.158415
    Cd    = 0.41668
    Cl    = 0.0637446
    Cl(f) = 0.190288
    Cl(r) = -0.126543

Time = 77

smoothSolver:  Solving for Ux, Initial residual = 0.000274251, Final residual = 2.6072e-05, No Iterations 7
smoothSolver:  Solving for Uy, Initial residual = 0.00624606, Final residual = 0.000468315, No Iterations 7
smoothSolver:  Solving for Uz, Initial residual = 0.00556808, Final residual = 0.000414119, No Iterations 7
GAMG:  Solving for p, Initial residual = 0.00291853, Final residual = 1.22432e-05, No Iterations 4
time step continuity errors : sum local = 2.34205e-05, global = -1.11126e-09, cumulative = 4.77745e-05
smoothSolver:  Solving for omega, Initial residual = 5.03222e-05, Final residual = 3.53927e-06, No Iterations 3
smoothSolver:  Solving for k, Initial residual = 0.000666662, Final residual = 6.27166e-05, No Iterations 3
ExecutionTime = 16.76 s  ClockTime = 18 s

forceCoeffs forceCoeffs1 write:
    Cm    = 0.158534
    Cd    = 0.416985
    Cl    = 0.0639716
    Cl(f) = 0.19052
    Cl(r) = -0.126548

Time = 78

smoothSolver:  Solving for Ux, Initial residual = 0.000270038, Final residual = 2.60361e-05, No Iterations 7
smoothSolver:  Solving for Uy, Initial residual = 0.0061325, Final residual = 0.000466007, No Iterations 7
smoothSolver:  Solving for Uz, Initial residual = 0.00547231, Final residual = 0.000413846, No Iterations 7
GAMG:  Solving for p, Initial residual = 0.00285281, Final residual = 1.21768e-05, No Iterations 4
time step continuity errors : sum local = 2.32981e-05, global = -1.07114e-08, cumulative = 4.77638e-05
smoothSolver:  Solving for omega, Initial residual = 4.91547e-05, Final residual = 3.45629e-06, No Iterations 3
smoothSolver:  Solving for k, Initial residual = 0.000656093, Final residual = 6.20785e-05, No Iterations 3
ExecutionTime = 16.96 s  ClockTime = 18 s

forceCoeffs forceCoeffs1 write:
    Cm    = 0.158654
    Cd    = 0.417257
    Cl    = 0.0640545
    Cl(f) = 0.190681
    Cl(r) = -0.126627

Time = 79

smoothSolver:  Solving for Ux, Initial residual = 0.000265212, Final residual = 2.59986e-05, No Iterations 7
smoothSolver:  Solving for Uy, Initial residual = 0.00602635, Final residual = 0.000464405, No Iterations 7
smoothSolver:  Solving for Uz, Initial residual = 0.00535168, Final residual = 0.000412742, No Iterations 7
GAMG:  Solving for p, Initial residual = 0.00278556, Final residual = 1.22357e-05, No Iterations 4
time step continuity errors : sum local = 2.34159e-05, global = -2.20228e-08, cumulative = 4.77417e-05
smoothSolver:  Solving for omega, Initial residual = 4.79141e-05, Final residual = 3.37394e-06, No Iterations 3
smoothSolver:  Solving for k, Initial residual = 0.000646686, Final residual = 6.15403e-05, No Iterations 3
ExecutionTime = 17.17 s  ClockTime = 18 s

forceCoeffs forceCoeffs1 write:
    Cm    = 0.158763
    Cd    = 0.417563
    Cl    = 0.0641443
    Cl(f) = 0.190835
    Cl(r) = -0.126691

Time = 80

smoothSolver:  Solving for Ux, Initial residual = 0.000260338, Final residual = 2.58979e-05, No Iterations 7
smoothSolver:  Solving for Uy, Initial residual = 0.00589203, Final residual = 0.000458543, No Iterations 7
smoothSolver:  Solving for Uz, Initial residual = 0.00524003, Final residual = 0.000410098, No Iterations 7
GAMG:  Solving for p, Initial residual = 0.0027208, Final residual = 1.22403e-05, No Iterations 4
time step continuity errors : sum local = 2.34318e-05, global = -1.12905e-08, cumulative = 4.77305e-05
smoothSolver:  Solving for omega, Initial residual = 4.66609e-05, Final residual = 3.28546e-06, No Iterations 3
smoothSolver:  Solving for k, Initial residual = 0.000636879, Final residual = 6.07977e-05, No Iterations 3
ExecutionTime = 17.38 s  ClockTime = 18 s

forceCoeffs forceCoeffs1 write:
    Cm    = 0.158801
    Cd    = 0.417744
    Cl    = 0.0641045
    Cl(f) = 0.190853
    Cl(r) = -0.126749

Time = 81

smoothSolver:  Solving for Ux, Initial residual = 0.000255678, Final residual = 1.94429e-05, No Iterations 8
smoothSolver:  Solving for Uy, Initial residual = 0.00574438, Final residual = 0.000447738, No Iterations 7
smoothSolver:  Solving for Uz, Initial residual = 0.0050946, Final residual = 0.000404445, No Iterations 7
GAMG:  Solving for p, Initial residual = 0.00265762, Final residual = 1.20884e-05, No Iterations 4
time step continuity errors : sum local = 2.31477e-05, global = 8.0513e-08, cumulative = 4.7811e-05
smoothSolver:  Solving for omega, Initial residual = 4.55299e-05, Final residual = 3.20001e-06, No Iterations 3
smoothSolver:  Solving for k, Initial residual = 0.000627077, Final residual = 5.9771e-05, No Iterations 3
ExecutionTime = 17.58 s  ClockTime = 18 s

forceCoeffs forceCoeffs1 write:
    Cm    = 0.158817
    Cd    = 0.41792
    Cl    = 0.0640683
    Cl(f) = 0.190852
    Cl(r) = -0.126783

Time = 82

smoothSolver:  Solving for Ux, Initial residual = 0.000250107, Final residual = 1.90081e-05, No Iterations 8
smoothSolver:  Solving for Uy, Initial residual = 0.00558681, Final residual = 0.000434123, No Iterations 7
smoothSolver:  Solving for Uz, Initial residual = 0.00494336, Final residual = 0.000394894, No Iterations 7
GAMG:  Solving for p, Initial residual = 0.00259208, Final residual = 1.16816e-05, No Iterations 4
time step continuity errors : sum local = 2.23782e-05, global = 2.07635e-07, cumulative = 4.80186e-05
smoothSolver:  Solving for omega, Initial residual = 4.43153e-05, Final residual = 3.10126e-06, No Iterations 3
smoothSolver:  Solving for k, Initial residual = 0.000614347, Final residual = 5.83476e-05, No Iterations 3
ExecutionTime = 17.79 s  ClockTime = 19 s

forceCoeffs forceCoeffs1 write:
    Cm    = 0.158733
    Cd    = 0.417912
    Cl    = 0.0639146
    Cl(f) = 0.190691
    Cl(r) = -0.126776

Time = 83

smoothSolver:  Solving for Ux, Initial residual = 0.000244654, Final residual = 1.85496e-05, No Iterations 8
smoothSolver:  Solving for Uy, Initial residual = 0.00542647, Final residual = 0.000418466, No Iterations 7
smoothSolver:  Solving for Uz, Initial residual = 0.00478823, Final residual = 0.000383842, No Iterations 7
GAMG:  Solving for p, Initial residual = 0.00252889, Final residual = 1.1091e-05, No Iterations 4
time step continuity errors : sum local = 2.12558e-05, global = 3.07711e-07, cumulative = 4.83263e-05
smoothSolver:  Solving for omega, Initial residual = 4.29122e-05, Final residual = 3.00009e-06, No Iterations 3
smoothSolver:  Solving for k, Initial residual = 0.000600169, Final residual = 5.6739e-05, No Iterations 3
ExecutionTime = 18 s  ClockTime = 19 s

forceCoeffs forceCoeffs1 write:
    Cm    = 0.158624
    Cd    = 0.417905
    Cl    = 0.0638129
    Cl(f) = 0.190531
    Cl(r) = -0.126718

Time = 84

smoothSolver:  Solving for Ux, Initial residual = 0.000238759, Final residual = 1.81248e-05, No Iterations 8
smoothSolver:  Solving for Uy, Initial residual = 0.00526778, Final residual = 0.000404552, No Iterations 7
smoothSolver:  Solving for Uz, Initial residual = 0.0046464, Final residual = 0.000373831, No Iterations 7
GAMG:  Solving for p, Initial residual = 0.00246785, Final residual = 1.04051e-05, No Iterations 4
time step continuity errors : sum local = 1.99499e-05, global = 3.09191e-07, cumulative = 4.86355e-05
smoothSolver:  Solving for omega, Initial residual = 4.17421e-05, Final residual = 2.91147e-06, No Iterations 3
smoothSolver:  Solving for k, Initial residual = 0.00058558, Final residual = 5.52298e-05, No Iterations 3
ExecutionTime = 18.21 s  ClockTime = 19 s

forceCoeffs forceCoeffs1 write:
    Cm    = 0.158426
    Cd    = 0.417728
    Cl    = 0.063591
    Cl(f) = 0.190222
    Cl(r) = -0.126631

Time = 85

smoothSolver:  Solving for Ux, Initial residual = 0.0002332, Final residual = 1.77177e-05, No Iterations 8
smoothSolver:  Solving for Uy, Initial residual = 0.00513576, Final residual = 0.000395938, No Iterations 7
smoothSolver:  Solving for Uz, Initial residual = 0.00452072, Final residual = 0.000365457, No Iterations 7
GAMG:  Solving for p, Initial residual = 0.00240404, Final residual = 9.8908e-06, No Iterations 4
time step continuity errors : sum local = 1.89711e-05, global = 2.41963e-07, cumulative = 4.88775e-05
smoothSolver:  Solving for omega, Initial residual = 4.04921e-05, Final residual = 2.81778e-06, No Iterations 3
smoothSolver:  Solving for k, Initial residual = 0.000571793, Final residual = 5.39366e-05, No Iterations 3
ExecutionTime = 18.41 s  ClockTime = 19 s

forceCoeffs forceCoeffs1 write:
    Cm    = 0.158212
    Cd    = 0.417545
    Cl    = 0.0634821
    Cl(f) = 0.189953
    Cl(r) = -0.126471

Time = 86

smoothSolver:  Solving for Ux, Initial residual = 0.000226234, Final residual = 1.72299e-05, No Iterations 8
smoothSolver:  Solving for Uy, Initial residual = 0.0049992, Final residual = 0.000388898, No Iterations 7
smoothSolver:  Solving for Uz, Initial residual = 0.00439961, Final residual = 0.000356897, No Iterations 7
GAMG:  Solving for p, Initial residual = 0.00233833, Final residual = 9.55845e-06, No Iterations 4
time step continuity errors : sum local = 1.83391e-05, global = 6.00156e-08, cumulative = 4.89375e-05
smoothSolver:  Solving for omega, Initial residual = 3.90989e-05, Final residual = 2.7256e-06, No Iterations 3
smoothSolver:  Solving for k, Initial residual = 0.00055857, Final residual = 5.28399e-05, No Iterations 3
ExecutionTime = 18.62 s  ClockTime = 19 s

forceCoeffs forceCoeffs1 write:
    Cm    = 0.157955
    Cd    = 0.417233
    Cl    = 0.0633052
    Cl(f) = 0.189607
    Cl(r) = -0.126302

Time = 87

smoothSolver:  Solving for Ux, Initial residual = 0.000219484, Final residual = 1.66184e-05, No Iterations 8
smoothSolver:  Solving for Uy, Initial residual = 0.00488164, Final residual = 0.000382217, No Iterations 7
smoothSolver:  Solving for Uz, Initial residual = 0.00428533, Final residual = 0.000347389, No Iterations 7
GAMG:  Solving for p, Initial residual = 0.00226987, Final residual = 9.182e-06, No Iterations 4
time step continuity errors : sum local = 1.76195e-05, global = -5.52829e-08, cumulative = 4.88822e-05
smoothSolver:  Solving for omega, Initial residual = 3.78953e-05, Final residual = 2.63601e-06, No Iterations 3
smoothSolver:  Solving for k, Initial residual = 0.000544927, Final residual = 5.16698e-05, No Iterations 3
ExecutionTime = 18.83 s  ClockTime = 20 s

forceCoeffs forceCoeffs1 write:
    Cm    = 0.157763
    Cd    = 0.417021
    Cl    = 0.0632695
    Cl(f) = 0.189398
    Cl(r) = -0.126129

Time = 88

smoothSolver:  Solving for Ux, Initial residual = 0.00021352, Final residual = 2.11571e-05, No Iterations 7
smoothSolver:  Solving for Uy, Initial residual = 0.00475421, Final residual = 0.000371589, No Iterations 7
smoothSolver:  Solving for Uz, Initial residual = 0.00416641, Final residual = 0.000335451, No Iterations 7
GAMG:  Solving for p, Initial residual = 0.00219997, Final residual = 8.71853e-06, No Iterations 4
time step continuity errors : sum local = 1.67297e-05, global = -1.27845e-07, cumulative = 4.87544e-05
smoothSolver:  Solving for omega, Initial residual = 3.6617e-05, Final residual = 2.53782e-06, No Iterations 3
smoothSolver:  Solving for k, Initial residual = 0.00052909, Final residual = 5.01964e-05, No Iterations 3
ExecutionTime = 19.03 s  ClockTime = 20 s

forceCoeffs forceCoeffs1 write:
    Cm    = 0.157585
    Cd    = 0.416766
    Cl    = 0.0631774
    Cl(f) = 0.189174
    Cl(r) = -0.125997

Time = 89

smoothSolver:  Solving for Ux, Initial residual = 0.000209007, Final residual = 2.02802e-05, No Iterations 7
smoothSolver:  Solving for Uy, Initial residual = 0.00462237, Final residual = 0.000356071, No Iterations 7
smoothSolver:  Solving for Uz, Initial residual = 0.00404059, Final residual = 0.000320076, No Iterations 7
GAMG:  Solving for p, Initial residual = 0.00213455, Final residual = 8.15132e-06, No Iterations 4
time step continuity errors : sum local = 1.56383e-05, global = -1.86431e-07, cumulative = 4.85679e-05
smoothSolver:  Solving for omega, Initial residual = 3.54257e-05, Final residual = 2.4363e-06, No Iterations 3
smoothSolver:  Solving for k, Initial residual = 0.000513918, Final residual = 4.85333e-05, No Iterations 3
ExecutionTime = 19.24 s  ClockTime = 20 s

forceCoeffs forceCoeffs1 write:
    Cm    = 0.157489
    Cd    = 0.416658
    Cl    = 0.0632044
    Cl(f) = 0.189091
    Cl(r) = -0.125887

Time = 90

smoothSolver:  Solving for Ux, Initial residual = 0.000203933, Final residual = 1.95221e-05, No Iterations 7
smoothSolver:  Solving for Uy, Initial residual = 0.00447299, Final residual = 0.000341467, No Iterations 7
smoothSolver:  Solving for Uz, Initial residual = 0.00391444, Final residual = 0.000306391, No Iterations 7
GAMG:  Solving for p, Initial residual = 0.00207501, Final residual = 7.59057e-06, No Iterations 4
time step continuity errors : sum local = 1.4559e-05, global = -2.31246e-07, cumulative = 4.83367e-05
smoothSolver:  Solving for omega, Initial residual = 3.43211e-05, Final residual = 2.32896e-06, No Iterations 3
smoothSolver:  Solving for k, Initial residual = 0.000498737, Final residual = 4.67162e-05, No Iterations 3
ExecutionTime = 19.45 s  ClockTime = 20 s

forceCoeffs forceCoeffs1 write:
    Cm    = 0.157385
    Cd    = 0.416506
    Cl    = 0.0631631
    Cl(f) = 0.188967
    Cl(r) = -0.125804

Time = 91

smoothSolver:  Solving for Ux, Initial residual = 0.000198713, Final residual = 1.88164e-05, No Iterations 7
smoothSolver:  Solving for Uy, Initial residual = 0.00433565, Final residual = 0.000327404, No Iterations 7
smoothSolver:  Solving for Uz, Initial residual = 0.0037947, Final residual = 0.000295232, No Iterations 7
GAMG:  Solving for p, Initial residual = 0.00201879, Final residual = 2.01096e-05, No Iterations 3
time step continuity errors : sum local = 3.85566e-05, global = -6.16388e-07, cumulative = 4.77203e-05
smoothSolver:  Solving for omega, Initial residual = 3.31119e-05, Final residual = 2.23163e-06, No Iterations 3
smoothSolver:  Solving for k, Initial residual = 0.000483888, Final residual = 4.48739e-05, No Iterations 3
ExecutionTime = 19.65 s  ClockTime = 21 s

forceCoeffs forceCoeffs1 write:
    Cm    = 0.157331
    Cd    = 0.416432
    Cl    = 0.063239
    Cl(f) = 0.188951
    Cl(r) = -0.125712

Time = 92

smoothSolver:  Solving for Ux, Initial residual = 0.000191962, Final residual = 1.81528e-05, No Iterations 7
smoothSolver:  Solving for Uy, Initial residual = 0.004161, Final residual = 0.00031072, No Iterations 7
smoothSolver:  Solving for Uz, Initial residual = 0.00365449, Final residual = 0.000282634, No Iterations 7
GAMG:  Solving for p, Initial residual = 0.00196889, Final residual = 7.56901e-06, No Iterations 4
time step continuity errors : sum local = 1.45091e-05, global = -3.55286e-07, cumulative = 4.7365e-05
smoothSolver:  Solving for omega, Initial residual = 3.22945e-05, Final residual = 2.15618e-06, No Iterations 3
smoothSolver:  Solving for k, Initial residual = 0.000469999, Final residual = 4.31526e-05, No Iterations 3
ExecutionTime = 19.85 s  ClockTime = 21 s

forceCoeffs forceCoeffs1 write:
    Cm    = 0.157301
    Cd    = 0.416369
    Cl    = 0.0633239
    Cl(f) = 0.188963
    Cl(r) = -0.125639

Time = 93

smoothSolver:  Solving for Ux, Initial residual = 0.000186646, Final residual = 1.76216e-05, No Iterations 7
smoothSolver:  Solving for Uy, Initial residual = 0.00405876, Final residual = 0.000303883, No Iterations 7
smoothSolver:  Solving for Uz, Initial residual = 0.00358059, Final residual = 0.00027585, No Iterations 7
GAMG:  Solving for p, Initial residual = 0.00191695, Final residual = 7.14738e-06, No Iterations 4
time step continuity errors : sum local = 1.36944e-05, global = -3.91166e-07, cumulative = 4.69738e-05
smoothSolver:  Solving for omega, Initial residual = 3.11675e-05, Final residual = 2.07354e-06, No Iterations 3
smoothSolver:  Solving for k, Initial residual = 0.000455053, Final residual = 4.16541e-05, No Iterations 3
ExecutionTime = 20.06 s  ClockTime = 21 s

forceCoeffs forceCoeffs1 write:
    Cm    = 0.157245
    Cd    = 0.416321
    Cl    = 0.0634548
    Cl(f) = 0.188973
    Cl(r) = -0.125518

Time = 94

smoothSolver:  Solving for Ux, Initial residual = 0.000179566, Final residual = 1.69742e-05, No Iterations 7
smoothSolver:  Solving for Uy, Initial residual = 0.00392661, Final residual = 0.00029357, No Iterations 7
smoothSolver:  Solving for Uz, Initial residual = 0.00349317, Final residual = 0.000267106, No Iterations 7
GAMG:  Solving for p, Initial residual = 0.00187488, Final residual = 7.28589e-06, No Iterations 4
time step continuity errors : sum local = 1.39563e-05, global = -4.37635e-07, cumulative = 4.65362e-05
smoothSolver:  Solving for omega, Initial residual = 3.0236e-05, Final residual = 2.01461e-06, No Iterations 3
smoothSolver:  Solving for k, Initial residual = 0.000439906, Final residual = 4.04264e-05, No Iterations 3
ExecutionTime = 20.27 s  ClockTime = 21 s

forceCoeffs forceCoeffs1 write:
    Cm    = 0.157163
    Cd    = 0.416206
    Cl    = 0.0635261
    Cl(f) = 0.188926
    Cl(r) = -0.1254

Time = 95

smoothSolver:  Solving for Ux, Initial residual = 0.000173412, Final residual = 1.6317e-05, No Iterations 7
smoothSolver:  Solving for Uy, Initial residual = 0.00383496, Final residual = 0.000285425, No Iterations 7
smoothSolver:  Solving for Uz, Initial residual = 0.00342093, Final residual = 0.000259557, No Iterations 7
GAMG:  Solving for p, Initial residual = 0.00182315, Final residual = 7.19876e-06, No Iterations 4
time step continuity errors : sum local = 1.37864e-05, global = -4.10225e-07, cumulative = 4.6126e-05
smoothSolver:  Solving for omega, Initial residual = 2.93037e-05, Final residual = 1.94578e-06, No Iterations 3
smoothSolver:  Solving for k, Initial residual = 0.000424005, Final residual = 3.92188e-05, No Iterations 3
ExecutionTime = 20.48 s  ClockTime = 21 s

forceCoeffs forceCoeffs1 write:
    Cm    = 0.157052
    Cd    = 0.416084
    Cl    = 0.063633
    Cl(f) = 0.188869
    Cl(r) = -0.125236

Time = 96

smoothSolver:  Solving for Ux, Initial residual = 0.000166753, Final residual = 1.56339e-05, No Iterations 7
smoothSolver:  Solving for Uy, Initial residual = 0.00371889, Final residual = 0.000275612, No Iterations 7
smoothSolver:  Solving for Uz, Initial residual = 0.00331774, Final residual = 0.000248522, No Iterations 7
GAMG:  Solving for p, Initial residual = 0.00177346, Final residual = 6.80727e-06, No Iterations 4
time step continuity errors : sum local = 1.30357e-05, global = -2.61341e-07, cumulative = 4.58646e-05
smoothSolver:  Solving for omega, Initial residual = 2.82534e-05, Final residual = 1.89234e-06, No Iterations 3
smoothSolver:  Solving for k, Initial residual = 0.000407829, Final residual = 3.78686e-05, No Iterations 3
ExecutionTime = 20.68 s  ClockTime = 22 s

forceCoeffs forceCoeffs1 write:
    Cm    = 0.156891
    Cd    = 0.41586
    Cl    = 0.0636497
    Cl(f) = 0.188716
    Cl(r) = -0.125066

Time = 97

smoothSolver:  Solving for Ux, Initial residual = 0.000160845, Final residual = 1.50332e-05, No Iterations 7
smoothSolver:  Solving for Uy, Initial residual = 0.00362742, Final residual = 0.000267543, No Iterations 7
smoothSolver:  Solving for Uz, Initial residual = 0.00322978, Final residual = 0.000322952, No Iterations 6
GAMG:  Solving for p, Initial residual = 0.00171865, Final residual = 6.22044e-06, No Iterations 4
time step continuity errors : sum local = 1.19118e-05, global = -1.37171e-07, cumulative = 4.57275e-05
smoothSolver:  Solving for omega, Initial residual = 2.75956e-05, Final residual = 1.82513e-06, No Iterations 3
smoothSolver:  Solving for k, Initial residual = 0.000391869, Final residual = 3.63764e-05, No Iterations 3
ExecutionTime = 20.89 s  ClockTime = 22 s

forceCoeffs forceCoeffs1 write:
    Cm    = 0.156719
    Cd    = 0.41563
    Cl    = 0.0636986
    Cl(f) = 0.188568
    Cl(r) = -0.12487

Time = 98

smoothSolver:  Solving for Ux, Initial residual = 0.000155063, Final residual = 1.45567e-05, No Iterations 7
smoothSolver:  Solving for Uy, Initial residual = 0.00352986, Final residual = 0.000260216, No Iterations 7
smoothSolver:  Solving for Uz, Initial residual = 0.00314698, Final residual = 0.00031381, No Iterations 6
GAMG:  Solving for p, Initial residual = 0.00166915, Final residual = 5.88441e-06, No Iterations 4
time step continuity errors : sum local = 1.12695e-05, global = -5.95537e-08, cumulative = 4.56679e-05
smoothSolver:  Solving for omega, Initial residual = 2.67384e-05, Final residual = 1.76565e-06, No Iterations 3
smoothSolver:  Solving for k, Initial residual = 0.000375923, Final residual = 3.47672e-05, No Iterations 3
ExecutionTime = 21.1 s  ClockTime = 22 s

forceCoeffs forceCoeffs1 write:
    Cm    = 0.156525
    Cd    = 0.415305
    Cl    = 0.063734
    Cl(f) = 0.188392
    Cl(r) = -0.124658

Time = 99

smoothSolver:  Solving for Ux, Initial residual = 0.000150332, Final residual = 1.41758e-05, No Iterations 7
smoothSolver:  Solving for Uy, Initial residual = 0.00344848, Final residual = 0.00025397, No Iterations 7
smoothSolver:  Solving for Uz, Initial residual = 0.00306869, Final residual = 0.000305263, No Iterations 6
GAMG:  Solving for p, Initial residual = 0.00161996, Final residual = 1.61311e-05, No Iterations 3
time step continuity errors : sum local = 3.08949e-05, global = -1.98716e-07, cumulative = 4.54692e-05
smoothSolver:  Solving for omega, Initial residual = 2.59593e-05, Final residual = 1.70111e-06, No Iterations 3
smoothSolver:  Solving for k, Initial residual = 0.000360558, Final residual = 3.32341e-05, No Iterations 3
ExecutionTime = 21.3 s  ClockTime = 22 s

forceCoeffs forceCoeffs1 write:
    Cm    = 0.156368
    Cd    = 0.415063
    Cl    = 0.0637953
    Cl(f) = 0.188266
    Cl(r) = -0.124471

Time = 100

smoothSolver:  Solving for Ux, Initial residual = 0.000145026, Final residual = 1.38471e-05, No Iterations 7
smoothSolver:  Solving for Uy, Initial residual = 0.00334418, Final residual = 0.000333464, No Iterations 6
smoothSolver:  Solving for Uz, Initial residual = 0.0029644, Final residual = 0.00029413, No Iterations 6
GAMG:  Solving for p, Initial residual = 0.00158114, Final residual = 5.86187e-06, No Iterations 4
time step continuity errors : sum local = 1.12275e-05, global = -8.30541e-09, cumulative = 4.54609e-05
smoothSolver:  Solving for omega, Initial residual = 2.53062e-05, Final residual = 1.65071e-06, No Iterations 3
smoothSolver:  Solving for k, Initial residual = 0.000345389, Final residual = 3.17491e-05, No Iterations 3
ExecutionTime = 21.51 s  ClockTime = 22 s

streamLine streamLines write:
    seeded 20 particles
    Tracks:20
    Total samples:20935
    Writing data to "/mnt/aiongpfs/users/mghavami/motorBike-RUN-12/postProcessing/sets/streamLines/100"
forceCoeffs forceCoeffs1 write:
    Cm    = 0.156177
    Cd    = 0.4147
    Cl    = 0.0639263
    Cl(f) = 0.18814
    Cl(r) = -0.124214

Time = 101

smoothSolver:  Solving for Ux, Initial residual = 0.000142372, Final residual = 1.37001e-05, No Iterations 7
smoothSolver:  Solving for Uy, Initial residual = 0.00332399, Final residual = 0.000245345, No Iterations 7
smoothSolver:  Solving for Uz, Initial residual = 0.00291755, Final residual = 0.000290914, No Iterations 6
GAMG:  Solving for p, Initial residual = 0.00154412, Final residual = 5.66255e-06, No Iterations 4
time step continuity errors : sum local = 1.08454e-05, global = 1.01133e-08, cumulative = 4.5471e-05
smoothSolver:  Solving for omega, Initial residual = 2.47577e-05, Final residual = 1.60469e-06, No Iterations 3
smoothSolver:  Solving for k, Initial residual = 0.000329518, Final residual = 3.03757e-05, No Iterations 3
ExecutionTime = 22 s  ClockTime = 23 s

forceCoeffs forceCoeffs1 write:
    Cm    = 0.156043
    Cd    = 0.414455
    Cl    = 0.064004
    Cl(f) = 0.188045
    Cl(r) = -0.124041

Time = 102

smoothSolver:  Solving for Ux, Initial residual = 0.000139338, Final residual = 1.33859e-05, No Iterations 7
smoothSolver:  Solving for Uy, Initial residual = 0.00325123, Final residual = 0.000324388, No Iterations 6
smoothSolver:  Solving for Uz, Initial residual = 0.00283967, Final residual = 0.000281752, No Iterations 6
GAMG:  Solving for p, Initial residual = 0.00151484, Final residual = 5.7628e-06, No Iterations 4
time step continuity errors : sum local = 1.10368e-05, global = -2.62791e-09, cumulative = 4.54684e-05
smoothSolver:  Solving for omega, Initial residual = 2.41367e-05, Final residual = 1.57362e-06, No Iterations 3
smoothSolver:  Solving for k, Initial residual = 0.000314551, Final residual = 2.90751e-05, No Iterations 3
ExecutionTime = 22.21 s  ClockTime = 23 s

forceCoeffs forceCoeffs1 write:
    Cm    = 0.155938
    Cd    = 0.414208
    Cl    = 0.0640837
    Cl(f) = 0.18798
    Cl(r) = -0.123896

Time = 103

smoothSolver:  Solving for Ux, Initial residual = 0.000136812, Final residual = 1.29472e-05, No Iterations 7
smoothSolver:  Solving for Uy, Initial residual = 0.00319298, Final residual = 0.000316825, No Iterations 6
smoothSolver:  Solving for Uz, Initial residual = 0.00278094, Final residual = 0.000273285, No Iterations 6
GAMG:  Solving for p, Initial residual = 0.00148682, Final residual = 5.75115e-06, No Iterations 4
time step continuity errors : sum local = 1.10121e-05, global = 5.27105e-10, cumulative = 4.54689e-05
smoothSolver:  Solving for omega, Initial residual = 2.36575e-05, Final residual = 1.53177e-06, No Iterations 3
smoothSolver:  Solving for k, Initial residual = 0.000300946, Final residual = 2.77317e-05, No Iterations 3
ExecutionTime = 22.41 s  ClockTime = 23 s

forceCoeffs forceCoeffs1 write:
    Cm    = 0.155896
    Cd    = 0.414056
    Cl    = 0.0642292
    Cl(f) = 0.18801
    Cl(r) = -0.123781

Time = 104

smoothSolver:  Solving for Ux, Initial residual = 0.000134739, Final residual = 1.25823e-05, No Iterations 7
smoothSolver:  Solving for Uy, Initial residual = 0.00313651, Final residual = 0.000309364, No Iterations 6
smoothSolver:  Solving for Uz, Initial residual = 0.00272493, Final residual = 0.000264953, No Iterations 6
GAMG:  Solving for p, Initial residual = 0.00146102, Final residual = 5.64921e-06, No Iterations 4
time step continuity errors : sum local = 1.08142e-05, global = -1.68137e-08, cumulative = 4.54521e-05
smoothSolver:  Solving for omega, Initial residual = 2.33142e-05, Final residual = 1.49265e-06, No Iterations 3
smoothSolver:  Solving for k, Initial residual = 0.00028996, Final residual = 2.64361e-05, No Iterations 3
ExecutionTime = 22.62 s  ClockTime = 24 s

forceCoeffs forceCoeffs1 write:
    Cm    = 0.155873
    Cd    = 0.413907
    Cl    = 0.0643092
    Cl(f) = 0.188027
    Cl(r) = -0.123718

Time = 105

smoothSolver:  Solving for Ux, Initial residual = 0.000132315, Final residual = 1.22005e-05, No Iterations 7
smoothSolver:  Solving for Uy, Initial residual = 0.00309505, Final residual = 0.000303951, No Iterations 6
smoothSolver:  Solving for Uz, Initial residual = 0.0026838, Final residual = 0.000259928, No Iterations 6
GAMG:  Solving for p, Initial residual = 0.00143306, Final residual = 5.41245e-06, No Iterations 4
time step continuity errors : sum local = 1.03577e-05, global = -2.91708e-08, cumulative = 4.54229e-05
smoothSolver:  Solving for omega, Initial residual = 2.29367e-05, Final residual = 1.44549e-06, No Iterations 3
smoothSolver:  Solving for k, Initial residual = 0.000282779, Final residual = 2.52278e-05, No Iterations 3
ExecutionTime = 22.82 s  ClockTime = 24 s

forceCoeffs forceCoeffs1 write:
    Cm    = 0.155871
    Cd    = 0.413812
    Cl    = 0.064429
    Cl(f) = 0.188086
    Cl(r) = -0.123657

Time = 106

smoothSolver:  Solving for Ux, Initial residual = 0.000129546, Final residual = 1.18667e-05, No Iterations 7
smoothSolver:  Solving for Uy, Initial residual = 0.0030354, Final residual = 0.000296355, No Iterations 6
smoothSolver:  Solving for Uz, Initial residual = 0.00263771, Final residual = 0.000254979, No Iterations 6
GAMG:  Solving for p, Initial residual = 0.00141295, Final residual = 1.40008e-05, No Iterations 3
time step continuity errors : sum local = 2.67873e-05, global = -2.42916e-07, cumulative = 4.518e-05
smoothSolver:  Solving for omega, Initial residual = 2.25052e-05, Final residual = 1.40383e-06, No Iterations 3
smoothSolver:  Solving for k, Initial residual = 0.000277878, Final residual = 2.43644e-05, No Iterations 3
ExecutionTime = 23.03 s  ClockTime = 24 s

forceCoeffs forceCoeffs1 write:
    Cm    = 0.155882
    Cd    = 0.413716
    Cl    = 0.0644083
    Cl(f) = 0.188086
    Cl(r) = -0.123678

Time = 107

smoothSolver:  Solving for Ux, Initial residual = 0.000126459, Final residual = 1.14979e-05, No Iterations 7
smoothSolver:  Solving for Uy, Initial residual = 0.00295933, Final residual = 0.000288783, No Iterations 6
smoothSolver:  Solving for Uz, Initial residual = 0.00258911, Final residual = 0.000250907, No Iterations 6
GAMG:  Solving for p, Initial residual = 0.0013898, Final residual = 5.33556e-06, No Iterations 4
time step continuity errors : sum local = 1.02062e-05, global = -2.3699e-08, cumulative = 4.51563e-05
smoothSolver:  Solving for omega, Initial residual = 2.17861e-05, Final residual = 1.339e-06, No Iterations 3
smoothSolver:  Solving for k, Initial residual = 0.000274377, Final residual = 2.37429e-05, No Iterations 3
ExecutionTime = 23.23 s  ClockTime = 24 s

forceCoeffs forceCoeffs1 write:
    Cm    = 0.155898
    Cd    = 0.413624
    Cl    = 0.0644857
    Cl(f) = 0.188141
    Cl(r) = -0.123655

Time = 108

smoothSolver:  Solving for Ux, Initial residual = 0.000124057, Final residual = 1.1242e-05, No Iterations 7
smoothSolver:  Solving for Uy, Initial residual = 0.00292617, Final residual = 0.000290656, No Iterations 6
smoothSolver:  Solving for Uz, Initial residual = 0.00256154, Final residual = 0.000251711, No Iterations 6
GAMG:  Solving for p, Initial residual = 0.00137344, Final residual = 1.32386e-05, No Iterations 3
time step continuity errors : sum local = 2.53202e-05, global = -2.23239e-07, cumulative = 4.49331e-05
smoothSolver:  Solving for omega, Initial residual = 2.14026e-05, Final residual = 1.30688e-06, No Iterations 3
smoothSolver:  Solving for k, Initial residual = 0.000271634, Final residual = 2.33351e-05, No Iterations 3
ExecutionTime = 23.42 s  ClockTime = 24 s

forceCoeffs forceCoeffs1 write:
    Cm    = 0.155903
    Cd    = 0.413535
    Cl    = 0.0644264
    Cl(f) = 0.188117
    Cl(r) = -0.12369

Time = 109

smoothSolver:  Solving for Ux, Initial residual = 0.00012067, Final residual = 1.0869e-05, No Iterations 7
smoothSolver:  Solving for Uy, Initial residual = 0.00284565, Final residual = 0.000209901, No Iterations 7
smoothSolver:  Solving for Uz, Initial residual = 0.00249645, Final residual = 0.000245777, No Iterations 6
GAMG:  Solving for p, Initial residual = 0.00135361, Final residual = 1.33703e-05, No Iterations 3
time step continuity errors : sum local = 2.55689e-05, global = -1.76681e-07, cumulative = 4.47564e-05
smoothSolver:  Solving for omega, Initial residual = 2.10162e-05, Final residual = 1.2597e-06, No Iterations 3
smoothSolver:  Solving for k, Initial residual = 0.000267723, Final residual = 2.29286e-05, No Iterations 3
ExecutionTime = 23.63 s  ClockTime = 25 s

forceCoeffs forceCoeffs1 write:
    Cm    = 0.155908
    Cd    = 0.413472
    Cl    = 0.0644244
    Cl(f) = 0.18812
    Cl(r) = -0.123696

Time = 110

smoothSolver:  Solving for Ux, Initial residual = 0.000117861, Final residual = 1.06759e-05, No Iterations 7
smoothSolver:  Solving for Uy, Initial residual = 0.00277195, Final residual = 0.000205893, No Iterations 7
smoothSolver:  Solving for Uz, Initial residual = 0.00243987, Final residual = 0.000242652, No Iterations 6
GAMG:  Solving for p, Initial residual = 0.00132653, Final residual = 1.28954e-05, No Iterations 3
time step continuity errors : sum local = 2.46589e-05, global = -2.41895e-08, cumulative = 4.47322e-05
smoothSolver:  Solving for omega, Initial residual = 2.05438e-05, Final residual = 1.22938e-06, No Iterations 3
smoothSolver:  Solving for k, Initial residual = 0.000262049, Final residual = 2.24412e-05, No Iterations 3
ExecutionTime = 23.83 s  ClockTime = 25 s

forceCoeffs forceCoeffs1 write:
    Cm    = 0.155846
    Cd    = 0.41332
    Cl    = 0.0643669
    Cl(f) = 0.18803
    Cl(r) = -0.123663

Time = 111

smoothSolver:  Solving for Ux, Initial residual = 0.000115549, Final residual = 1.05828e-05, No Iterations 7
smoothSolver:  Solving for Uy, Initial residual = 0.00271324, Final residual = 0.000202455, No Iterations 7
smoothSolver:  Solving for Uz, Initial residual = 0.00238601, Final residual = 0.000177756, No Iterations 7
GAMG:  Solving for p, Initial residual = 0.00129877, Final residual = 1.24132e-05, No Iterations 3
time step continuity errors : sum local = 2.37353e-05, global = 8.32461e-08, cumulative = 4.48154e-05
smoothSolver:  Solving for omega, Initial residual = 2.02821e-05, Final residual = 1.20405e-06, No Iterations 3
smoothSolver:  Solving for k, Initial residual = 0.000255076, Final residual = 2.19239e-05, No Iterations 3
ExecutionTime = 24.02 s  ClockTime = 25 s

forceCoeffs forceCoeffs1 write:
    Cm    = 0.155787
    Cd    = 0.413214
    Cl    = 0.0644258
    Cl(f) = 0.188
    Cl(r) = -0.123574

Time = 112

smoothSolver:  Solving for Ux, Initial residual = 0.000113527, Final residual = 1.05913e-05, No Iterations 7
smoothSolver:  Solving for Uy, Initial residual = 0.00265412, Final residual = 0.000199412, No Iterations 7
smoothSolver:  Solving for Uz, Initial residual = 0.0023288, Final residual = 0.00017512, No Iterations 7
GAMG:  Solving for p, Initial residual = 0.00127427, Final residual = 1.19137e-05, No Iterations 3
time step continuity errors : sum local = 2.27798e-05, global = 1.60057e-07, cumulative = 4.49755e-05
smoothSolver:  Solving for omega, Initial residual = 1.98357e-05, Final residual = 1.18542e-06, No Iterations 3
smoothSolver:  Solving for k, Initial residual = 0.000247725, Final residual = 2.1421e-05, No Iterations 3
ExecutionTime = 24.23 s  ClockTime = 25 s

forceCoeffs forceCoeffs1 write:
    Cm    = 0.15567
    Cd    = 0.413024
    Cl    = 0.0644201
    Cl(f) = 0.18788
    Cl(r) = -0.12346

Time = 113

smoothSolver:  Solving for Ux, Initial residual = 0.00011164, Final residual = 1.05769e-05, No Iterations 7
smoothSolver:  Solving for Uy, Initial residual = 0.00261989, Final residual = 0.000198114, No Iterations 7
smoothSolver:  Solving for Uz, Initial residual = 0.0022797, Final residual = 0.000173264, No Iterations 7
GAMG:  Solving for p, Initial residual = 0.00125155, Final residual = 1.15532e-05, No Iterations 3
time step continuity errors : sum local = 2.20889e-05, global = 1.906e-07, cumulative = 4.51661e-05
smoothSolver:  Solving for omega, Initial residual = 1.94983e-05, Final residual = 1.16744e-06, No Iterations 3
smoothSolver:  Solving for k, Initial residual = 0.000239836, Final residual = 2.09816e-05, No Iterations 3
ExecutionTime = 24.43 s  ClockTime = 25 s

forceCoeffs forceCoeffs1 write:
    Cm    = 0.155583
    Cd    = 0.412918
    Cl    = 0.0644772
    Cl(f) = 0.187821
    Cl(r) = -0.123344

Time = 114

smoothSolver:  Solving for Ux, Initial residual = 0.000109802, Final residual = 1.05217e-05, No Iterations 7
smoothSolver:  Solving for Uy, Initial residual = 0.00258194, Final residual = 0.000197703, No Iterations 7
smoothSolver:  Solving for Uz, Initial residual = 0.00223329, Final residual = 0.000171448, No Iterations 7
GAMG:  Solving for p, Initial residual = 0.00123702, Final residual = 1.15158e-05, No Iterations 3
time step continuity errors : sum local = 2.20173e-05, global = 2.27435e-07, cumulative = 4.53935e-05
smoothSolver:  Solving for omega, Initial residual = 1.93197e-05, Final residual = 1.1572e-06, No Iterations 3
smoothSolver:  Solving for k, Initial residual = 0.00023288, Final residual = 2.05508e-05, No Iterations 3
ExecutionTime = 24.63 s  ClockTime = 26 s

forceCoeffs forceCoeffs1 write:
    Cm    = 0.155481
    Cd    = 0.412751
    Cl    = 0.0644664
    Cl(f) = 0.187714
    Cl(r) = -0.123248

Time = 115

smoothSolver:  Solving for Ux, Initial residual = 0.000108618, Final residual = 1.04174e-05, No Iterations 7
smoothSolver:  Solving for Uy, Initial residual = 0.00254459, Final residual = 0.000195616, No Iterations 7
smoothSolver:  Solving for Uz, Initial residual = 0.00219412, Final residual = 0.000168967, No Iterations 7
GAMG:  Solving for p, Initial residual = 0.00121434, Final residual = 1.15028e-05, No Iterations 3
time step continuity errors : sum local = 2.19901e-05, global = 2.03754e-07, cumulative = 4.55973e-05
smoothSolver:  Solving for omega, Initial residual = 1.91463e-05, Final residual = 1.13967e-06, No Iterations 3
smoothSolver:  Solving for k, Initial residual = 0.00022698, Final residual = 2.01248e-05, No Iterations 3
ExecutionTime = 24.83 s  ClockTime = 26 s

forceCoeffs forceCoeffs1 write:
    Cm    = 0.155453
    Cd    = 0.412695
    Cl    = 0.0645239
    Cl(f) = 0.187715
    Cl(r) = -0.123191

Time = 116

smoothSolver:  Solving for Ux, Initial residual = 0.000106972, Final residual = 1.02716e-05, No Iterations 7
smoothSolver:  Solving for Uy, Initial residual = 0.00249197, Final residual = 0.00019372, No Iterations 7
smoothSolver:  Solving for Uz, Initial residual = 0.00213822, Final residual = 0.000164469, No Iterations 7
GAMG:  Solving for p, Initial residual = 0.00119689, Final residual = 1.15192e-05, No Iterations 3
time step continuity errors : sum local = 2.20194e-05, global = 1.91068e-07, cumulative = 4.57884e-05
smoothSolver:  Solving for omega, Initial residual = 1.88447e-05, Final residual = 1.13148e-06, No Iterations 3
smoothSolver:  Solving for k, Initial residual = 0.000222194, Final residual = 1.97038e-05, No Iterations 3
ExecutionTime = 25.03 s  ClockTime = 26 s

forceCoeffs forceCoeffs1 write:
    Cm    = 0.155452
    Cd    = 0.412647
    Cl    = 0.0644985
    Cl(f) = 0.187701
    Cl(r) = -0.123203

Time = 117

smoothSolver:  Solving for Ux, Initial residual = 0.000105971, Final residual = 1.02024e-05, No Iterations 7
smoothSolver:  Solving for Uy, Initial residual = 0.00245381, Final residual = 0.000192008, No Iterations 7
smoothSolver:  Solving for Uz, Initial residual = 0.00210395, Final residual = 0.00016079, No Iterations 7
GAMG:  Solving for p, Initial residual = 0.00117973, Final residual = 1.14661e-05, No Iterations 3
time step continuity errors : sum local = 2.19138e-05, global = 1.58844e-07, cumulative = 4.59472e-05
smoothSolver:  Solving for omega, Initial residual = 1.88297e-05, Final residual = 1.11107e-06, No Iterations 3
smoothSolver:  Solving for k, Initial residual = 0.000218845, Final residual = 1.92475e-05, No Iterations 3
ExecutionTime = 25.23 s  ClockTime = 26 s

forceCoeffs forceCoeffs1 write:
    Cm    = 0.155508
    Cd    = 0.412717
    Cl    = 0.0644962
    Cl(f) = 0.187756
    Cl(r) = -0.12326

Time = 118

smoothSolver:  Solving for Ux, Initial residual = 0.000104585, Final residual = 1.01616e-05, No Iterations 7
smoothSolver:  Solving for Uy, Initial residual = 0.00241744, Final residual = 0.000192044, No Iterations 7
smoothSolver:  Solving for Uz, Initial residual = 0.00207652, Final residual = 0.000159196, No Iterations 7
GAMG:  Solving for p, Initial residual = 0.00116887, Final residual = 1.14846e-05, No Iterations 3
time step continuity errors : sum local = 2.19469e-05, global = 1.52077e-07, cumulative = 4.60993e-05
smoothSolver:  Solving for omega, Initial residual = 1.85773e-05, Final residual = 1.10449e-06, No Iterations 3
smoothSolver:  Solving for k, Initial residual = 0.000215729, Final residual = 1.88097e-05, No Iterations 3
ExecutionTime = 25.43 s  ClockTime = 26 s

forceCoeffs forceCoeffs1 write:
    Cm    = 0.155546
    Cd    = 0.412721
    Cl    = 0.0644377
    Cl(f) = 0.187765
    Cl(r) = -0.123327

Time = 119

smoothSolver:  Solving for Ux, Initial residual = 0.000103902, Final residual = 1.02083e-05, No Iterations 7
smoothSolver:  Solving for Uy, Initial residual = 0.00240436, Final residual = 0.000191211, No Iterations 7
smoothSolver:  Solving for Uz, Initial residual = 0.00206246, Final residual = 0.000158514, No Iterations 7
GAMG:  Solving for p, Initial residual = 0.00116171, Final residual = 1.14672e-05, No Iterations 3
time step continuity errors : sum local = 2.19097e-05, global = 1.25197e-07, cumulative = 4.62245e-05
smoothSolver:  Solving for omega, Initial residual = 1.85286e-05, Final residual = 1.09248e-06, No Iterations 3
smoothSolver:  Solving for k, Initial residual = 0.000212967, Final residual = 1.84733e-05, No Iterations 3
ExecutionTime = 25.63 s  ClockTime = 27 s

forceCoeffs forceCoeffs1 write:
    Cm    = 0.155636
    Cd    = 0.412838
    Cl    = 0.0644446
    Cl(f) = 0.187858
    Cl(r) = -0.123413

Time = 120

smoothSolver:  Solving for Ux, Initial residual = 0.000102893, Final residual = 1.02238e-05, No Iterations 7
smoothSolver:  Solving for Uy, Initial residual = 0.00238521, Final residual = 0.000189812, No Iterations 7
smoothSolver:  Solving for Uz, Initial residual = 0.00204487, Final residual = 0.0001575, No Iterations 7
GAMG:  Solving for p, Initial residual = 0.00115926, Final residual = 1.15796e-05, No Iterations 3
time step continuity errors : sum local = 2.21227e-05, global = 9.39444e-08, cumulative = 4.63184e-05
smoothSolver:  Solving for omega, Initial residual = 1.85165e-05, Final residual = 1.09124e-06, No Iterations 3
smoothSolver:  Solving for k, Initial residual = 0.000210578, Final residual = 1.82396e-05, No Iterations 3
ExecutionTime = 25.83 s  ClockTime = 27 s

forceCoeffs forceCoeffs1 write:
    Cm    = 0.155685
    Cd    = 0.41287
    Cl    = 0.0644207
    Cl(f) = 0.187896
    Cl(r) = -0.123475

Time = 121

smoothSolver:  Solving for Ux, Initial residual = 0.000102647, Final residual = 1.00941e-05, No Iterations 7
smoothSolver:  Solving for Uy, Initial residual = 0.00237275, Final residual = 0.000187041, No Iterations 7
smoothSolver:  Solving for Uz, Initial residual = 0.00203777, Final residual = 0.000155543, No Iterations 7
GAMG:  Solving for p, Initial residual = 0.00115684, Final residual = 4.27261e-06, No Iterations 4
time step continuity errors : sum local = 8.16154e-06, global = -1.65211e-08, cumulative = 4.63019e-05
smoothSolver:  Solving for omega, Initial residual = 1.87504e-05, Final residual = 1.09421e-06, No Iterations 3
smoothSolver:  Solving for k, Initial residual = 0.0002081, Final residual = 1.80537e-05, No Iterations 3
ExecutionTime = 26.04 s  ClockTime = 27 s

forceCoeffs forceCoeffs1 write:
    Cm    = 0.155735
    Cd    = 0.41293
    Cl    = 0.0644932
    Cl(f) = 0.187981
    Cl(r) = -0.123488

Time = 122

smoothSolver:  Solving for Ux, Initial residual = 0.000102291, Final residual = 9.89528e-06, No Iterations 7
smoothSolver:  Solving for Uy, Initial residual = 0.00237415, Final residual = 0.000186157, No Iterations 7
smoothSolver:  Solving for Uz, Initial residual = 0.00203112, Final residual = 0.000154346, No Iterations 7
GAMG:  Solving for p, Initial residual = 0.00116042, Final residual = 1.13965e-05, No Iterations 3
time step continuity errors : sum local = 2.17672e-05, global = -5.716e-08, cumulative = 4.62447e-05
smoothSolver:  Solving for omega, Initial residual = 1.88855e-05, Final residual = 1.10689e-06, No Iterations 3
smoothSolver:  Solving for k, Initial residual = 0.00020466, Final residual = 1.77925e-05, No Iterations 3
ExecutionTime = 26.25 s  ClockTime = 27 s

forceCoeffs forceCoeffs1 write:
    Cm    = 0.155757
    Cd    = 0.412911
    Cl    = 0.0644788
    Cl(f) = 0.187996
    Cl(r) = -0.123517

Time = 123

smoothSolver:  Solving for Ux, Initial residual = 0.000101745, Final residual = 9.57829e-06, No Iterations 7
smoothSolver:  Solving for Uy, Initial residual = 0.00235161, Final residual = 0.000179073, No Iterations 7
smoothSolver:  Solving for Uz, Initial residual = 0.00200611, Final residual = 0.000148265, No Iterations 7
GAMG:  Solving for p, Initial residual = 0.0011686, Final residual = 4.48348e-06, No Iterations 4
time step continuity errors : sum local = 8.56247e-06, global = 1.71343e-08, cumulative = 4.62619e-05
smoothSolver:  Solving for omega, Initial residual = 1.91085e-05, Final residual = 1.11263e-06, No Iterations 3
smoothSolver:  Solving for k, Initial residual = 0.000200865, Final residual = 1.74536e-05, No Iterations 3
ExecutionTime = 26.44 s  ClockTime = 27 s

forceCoeffs forceCoeffs1 write:
    Cm    = 0.155768
    Cd    = 0.41291
    Cl    = 0.0645703
    Cl(f) = 0.188054
    Cl(r) = -0.123483

Time = 124

smoothSolver:  Solving for Ux, Initial residual = 0.000101836, Final residual = 9.42184e-06, No Iterations 7
smoothSolver:  Solving for Uy, Initial residual = 0.00238953, Final residual = 0.000180926, No Iterations 7
smoothSolver:  Solving for Uz, Initial residual = 0.00201971, Final residual = 0.000200909, No Iterations 6
GAMG:  Solving for p, Initial residual = 0.00117983, Final residual = 1.14044e-05, No Iterations 3
time step continuity errors : sum local = 2.17784e-05, global = -8.96707e-08, cumulative = 4.61722e-05
smoothSolver:  Solving for omega, Initial residual = 1.89348e-05, Final residual = 1.12284e-06, No Iterations 3
smoothSolver:  Solving for k, Initial residual = 0.000196944, Final residual = 1.71081e-05, No Iterations 3
ExecutionTime = 26.65 s  ClockTime = 28 s

forceCoeffs forceCoeffs1 write:
    Cm    = 0.155755
    Cd    = 0.412824
    Cl    = 0.0645773
    Cl(f) = 0.188044
    Cl(r) = -0.123466

Time = 125

smoothSolver:  Solving for Ux, Initial residual = 0.000101262, Final residual = 9.31904e-06, No Iterations 7
smoothSolver:  Solving for Uy, Initial residual = 0.00239181, Final residual = 0.000178149, No Iterations 7
smoothSolver:  Solving for Uz, Initial residual = 0.00203464, Final residual = 0.000201017, No Iterations 6
GAMG:  Solving for p, Initial residual = 0.00118945, Final residual = 4.50241e-06, No Iterations 4
time step continuity errors : sum local = 8.59713e-06, global = 1.90706e-08, cumulative = 4.61913e-05
smoothSolver:  Solving for omega, Initial residual = 1.91614e-05, Final residual = 1.1285e-06, No Iterations 3
smoothSolver:  Solving for k, Initial residual = 0.000194864, Final residual = 1.68689e-05, No Iterations 3
ExecutionTime = 26.86 s  ClockTime = 28 s

forceCoeffs forceCoeffs1 write:
    Cm    = 0.155724
    Cd    = 0.412753
    Cl    = 0.0646532
    Cl(f) = 0.188051
    Cl(r) = -0.123398

Time = 126

smoothSolver:  Solving for Ux, Initial residual = 0.000102, Final residual = 9.44741e-06, No Iterations 7
smoothSolver:  Solving for Uy, Initial residual = 0.0024454, Final residual = 0.000184496, No Iterations 7
smoothSolver:  Solving for Uz, Initial residual = 0.00208799, Final residual = 0.000208314, No Iterations 6
GAMG:  Solving for p, Initial residual = 0.00120037, Final residual = 1.17879e-05, No Iterations 3
time step continuity errors : sum local = 2.25058e-05, global = -3.13843e-08, cumulative = 4.61599e-05
smoothSolver:  Solving for omega, Initial residual = 1.93039e-05, Final residual = 1.14492e-06, No Iterations 3
smoothSolver:  Solving for k, Initial residual = 0.000193681, Final residual = 1.67462e-05, No Iterations 3
ExecutionTime = 27.06 s  ClockTime = 28 s

forceCoeffs forceCoeffs1 write:
    Cm    = 0.155694
    Cd    = 0.412625
    Cl    = 0.0646499
    Cl(f) = 0.188019
    Cl(r) = -0.123369

Time = 127

smoothSolver:  Solving for Ux, Initial residual = 0.000102002, Final residual = 9.5024e-06, No Iterations 7
smoothSolver:  Solving for Uy, Initial residual = 0.00245659, Final residual = 0.000184392, No Iterations 7
smoothSolver:  Solving for Uz, Initial residual = 0.00211352, Final residual = 0.000209924, No Iterations 6
GAMG:  Solving for p, Initial residual = 0.00121157, Final residual = 4.6511e-06, No Iterations 4
time step continuity errors : sum local = 8.87893e-06, global = 4.94896e-09, cumulative = 4.61648e-05
smoothSolver:  Solving for omega, Initial residual = 1.95356e-05, Final residual = 1.15829e-06, No Iterations 3
smoothSolver:  Solving for k, Initial residual = 0.000194225, Final residual = 1.67839e-05, No Iterations 3
ExecutionTime = 27.26 s  ClockTime = 28 s

forceCoeffs forceCoeffs1 write:
    Cm    = 0.15569
    Cd    = 0.412525
    Cl    = 0.0647923
    Cl(f) = 0.188086
    Cl(r) = -0.123294

Time = 128

smoothSolver:  Solving for Ux, Initial residual = 0.000103204, Final residual = 9.73935e-06, No Iterations 7
smoothSolver:  Solving for Uy, Initial residual = 0.00252035, Final residual = 0.000192027, No Iterations 7
smoothSolver:  Solving for Uz, Initial residual = 0.00217055, Final residual = 0.000161547, No Iterations 7
GAMG:  Solving for p, Initial residual = 0.00121795, Final residual = 4.62993e-06, No Iterations 4
time step continuity errors : sum local = 8.83575e-06, global = -2.7844e-09, cumulative = 4.61621e-05
smoothSolver:  Solving for omega, Initial residual = 1.95816e-05, Final residual = 1.18178e-06, No Iterations 3
smoothSolver:  Solving for k, Initial residual = 0.000195648, Final residual = 1.68903e-05, No Iterations 3
ExecutionTime = 27.47 s  ClockTime = 29 s

forceCoeffs forceCoeffs1 write:
    Cm    = 0.155702
    Cd    = 0.412412
    Cl    = 0.0648452
    Cl(f) = 0.188125
    Cl(r) = -0.12328

Time = 129

smoothSolver:  Solving for Ux, Initial residual = 0.000104326, Final residual = 9.88051e-06, No Iterations 7
smoothSolver:  Solving for Uy, Initial residual = 0.00253668, Final residual = 0.000194157, No Iterations 7
smoothSolver:  Solving for Uz, Initial residual = 0.00219025, Final residual = 0.000218831, No Iterations 6
GAMG:  Solving for p, Initial residual = 0.00122007, Final residual = 4.64385e-06, No Iterations 4
time step continuity errors : sum local = 8.85963e-06, global = -5.43595e-09, cumulative = 4.61566e-05
smoothSolver:  Solving for omega, Initial residual = 1.97999e-05, Final residual = 1.19715e-06, No Iterations 3
smoothSolver:  Solving for k, Initial residual = 0.000196837, Final residual = 1.69911e-05, No Iterations 3
ExecutionTime = 27.68 s  ClockTime = 29 s

forceCoeffs forceCoeffs1 write:
    Cm    = 0.155756
    Cd    = 0.412369
    Cl    = 0.0649513
    Cl(f) = 0.188232
    Cl(r) = -0.123281

Time = 130

smoothSolver:  Solving for Ux, Initial residual = 0.000104628, Final residual = 1.00191e-05, No Iterations 7
smoothSolver:  Solving for Uy, Initial residual = 0.00253679, Final residual = 0.000194703, No Iterations 7
smoothSolver:  Solving for Uz, Initial residual = 0.00219508, Final residual = 0.000163819, No Iterations 7
GAMG:  Solving for p, Initial residual = 0.00122396, Final residual = 4.81429e-06, No Iterations 4
time step continuity errors : sum local = 9.18267e-06, global = -2.1517e-08, cumulative = 4.61351e-05
smoothSolver:  Solving for omega, Initial residual = 1.98733e-05, Final residual = 1.21388e-06, No Iterations 3
smoothSolver:  Solving for k, Initial residual = 0.000197635, Final residual = 1.70161e-05, No Iterations 3
ExecutionTime = 27.89 s  ClockTime = 29 s

forceCoeffs forceCoeffs1 write:
    Cm    = 0.155799
    Cd    = 0.412258
    Cl    = 0.0650543
    Cl(f) = 0.188326
    Cl(r) = -0.123271

Time = 131

smoothSolver:  Solving for Ux, Initial residual = 0.000105263, Final residual = 1.00885e-05, No Iterations 7
smoothSolver:  Solving for Uy, Initial residual = 0.00252981, Final residual = 0.000193507, No Iterations 7
smoothSolver:  Solving for Uz, Initial residual = 0.00219373, Final residual = 0.000163553, No Iterations 7
GAMG:  Solving for p, Initial residual = 0.0012262, Final residual = 4.79591e-06, No Iterations 4
time step continuity errors : sum local = 9.14441e-06, global = -4.55278e-08, cumulative = 4.60896e-05
smoothSolver:  Solving for omega, Initial residual = 2.02024e-05, Final residual = 1.2271e-06, No Iterations 3
smoothSolver:  Solving for k, Initial residual = 0.000198892, Final residual = 1.69783e-05, No Iterations 3
ExecutionTime = 28.08 s  ClockTime = 29 s

forceCoeffs forceCoeffs1 write:
    Cm    = 0.15589
    Cd    = 0.412236
    Cl    = 0.0651755
    Cl(f) = 0.188478
    Cl(r) = -0.123302

Time = 132

smoothSolver:  Solving for Ux, Initial residual = 0.000105431, Final residual = 1.01321e-05, No Iterations 7
smoothSolver:  Solving for Uy, Initial residual = 0.00251015, Final residual = 0.000189959, No Iterations 7
smoothSolver:  Solving for Uz, Initial residual = 0.00218359, Final residual = 0.000162602, No Iterations 7
GAMG:  Solving for p, Initial residual = 0.00122867, Final residual = 4.68966e-06, No Iterations 4
time step continuity errors : sum local = 8.93931e-06, global = -6.45587e-08, cumulative = 4.6025e-05
smoothSolver:  Solving for omega, Initial residual = 2.04309e-05, Final residual = 1.2548e-06, No Iterations 3
smoothSolver:  Solving for k, Initial residual = 0.0001999, Final residual = 1.69037e-05, No Iterations 3
ExecutionTime = 28.29 s  ClockTime = 29 s

forceCoeffs forceCoeffs1 write:
    Cm    = 0.155977
    Cd    = 0.412162
    Cl    = 0.065332
    Cl(f) = 0.188643
    Cl(r) = -0.123311

Time = 133

smoothSolver:  Solving for Ux, Initial residual = 0.000106018, Final residual = 1.01757e-05, No Iterations 7
smoothSolver:  Solving for Uy, Initial residual = 0.00250093, Final residual = 0.000187073, No Iterations 7
smoothSolver:  Solving for Uz, Initial residual = 0.00218872, Final residual = 0.000162773, No Iterations 7
GAMG:  Solving for p, Initial residual = 0.00123269, Final residual = 4.53287e-06, No Iterations 4
time step continuity errors : sum local = 8.63752e-06, global = -7.63814e-08, cumulative = 4.59486e-05
smoothSolver:  Solving for omega, Initial residual = 2.07745e-05, Final residual = 1.27027e-06, No Iterations 3
smoothSolver:  Solving for k, Initial residual = 0.000199241, Final residual = 1.68102e-05, No Iterations 3
ExecutionTime = 28.5 s  ClockTime = 30 s

forceCoeffs forceCoeffs1 write:
    Cm    = 0.156083
    Cd    = 0.412145
    Cl    = 0.0655116
    Cl(f) = 0.188839
    Cl(r) = -0.123328

Time = 134

smoothSolver:  Solving for Ux, Initial residual = 0.000106646, Final residual = 1.02087e-05, No Iterations 7
smoothSolver:  Solving for Uy, Initial residual = 0.00249283, Final residual = 0.000184839, No Iterations 7
smoothSolver:  Solving for Uz, Initial residual = 0.00217662, Final residual = 0.00016213, No Iterations 7
GAMG:  Solving for p, Initial residual = 0.00123079, Final residual = 4.37902e-06, No Iterations 4
time step continuity errors : sum local = 8.34191e-06, global = -7.93795e-08, cumulative = 4.58693e-05
smoothSolver:  Solving for omega, Initial residual = 2.05151e-05, Final residual = 1.27978e-06, No Iterations 3
smoothSolver:  Solving for k, Initial residual = 0.000197865, Final residual = 1.67213e-05, No Iterations 3
ExecutionTime = 28.71 s  ClockTime = 30 s

forceCoeffs forceCoeffs1 write:
    Cm    = 0.156167
    Cd    = 0.41207
    Cl    = 0.0656763
    Cl(f) = 0.189006
    Cl(r) = -0.123329

Time = 135

smoothSolver:  Solving for Ux, Initial residual = 0.000106536, Final residual = 1.01429e-05, No Iterations 7
smoothSolver:  Solving for Uy, Initial residual = 0.00247643, Final residual = 0.00024687, No Iterations 6
smoothSolver:  Solving for Uz, Initial residual = 0.00216723, Final residual = 0.000161139, No Iterations 7
GAMG:  Solving for p, Initial residual = 0.00122302, Final residual = 1.21556e-05, No Iterations 3
time step continuity errors : sum local = 2.31493e-05, global = -2.55932e-07, cumulative = 4.56133e-05
smoothSolver:  Solving for omega, Initial residual = 2.05128e-05, Final residual = 1.28927e-06, No Iterations 3
smoothSolver:  Solving for k, Initial residual = 0.000195336, Final residual = 1.65951e-05, No Iterations 3
ExecutionTime = 28.91 s  ClockTime = 30 s

forceCoeffs forceCoeffs1 write:
    Cm    = 0.156265
    Cd    = 0.412051
    Cl    = 0.0658314
    Cl(f) = 0.189181
    Cl(r) = -0.123349

Time = 136

smoothSolver:  Solving for Ux, Initial residual = 0.000105694, Final residual = 1.00025e-05, No Iterations 7
smoothSolver:  Solving for Uy, Initial residual = 0.00243147, Final residual = 0.000240926, No Iterations 6
smoothSolver:  Solving for Uz, Initial residual = 0.00213211, Final residual = 0.000211988, No Iterations 6
GAMG:  Solving for p, Initial residual = 0.00121523, Final residual = 1.205e-05, No Iterations 3
time step continuity errors : sum local = 2.29476e-05, global = -2.86568e-07, cumulative = 4.53268e-05
smoothSolver:  Solving for omega, Initial residual = 2.03312e-05, Final residual = 1.29188e-06, No Iterations 3
smoothSolver:  Solving for k, Initial residual = 0.000192072, Final residual = 1.64867e-05, No Iterations 3
ExecutionTime = 29.11 s  ClockTime = 30 s

forceCoeffs forceCoeffs1 write:
    Cm    = 0.156337
    Cd    = 0.411971
    Cl    = 0.065999
    Cl(f) = 0.189336
    Cl(r) = -0.123337

Time = 137

smoothSolver:  Solving for Ux, Initial residual = 0.000105349, Final residual = 9.96902e-06, No Iterations 7
smoothSolver:  Solving for Uy, Initial residual = 0.00241823, Final residual = 0.000241016, No Iterations 6
smoothSolver:  Solving for Uz, Initial residual = 0.00212014, Final residual = 0.000209708, No Iterations 6
GAMG:  Solving for p, Initial residual = 0.00120681, Final residual = 1.18062e-05, No Iterations 3
time step continuity errors : sum local = 2.24797e-05, global = -2.91052e-07, cumulative = 4.50357e-05
smoothSolver:  Solving for omega, Initial residual = 2.01875e-05, Final residual = 1.28447e-06, No Iterations 3
smoothSolver:  Solving for k, Initial residual = 0.000188739, Final residual = 1.63245e-05, No Iterations 3
ExecutionTime = 29.3 s  ClockTime = 30 s

forceCoeffs forceCoeffs1 write:
    Cm    = 0.156422
    Cd    = 0.411968
    Cl    = 0.0661775
    Cl(f) = 0.18951
    Cl(r) = -0.123333

Time = 138

smoothSolver:  Solving for Ux, Initial residual = 0.000104424, Final residual = 9.92811e-06, No Iterations 7
smoothSolver:  Solving for Uy, Initial residual = 0.00240073, Final residual = 0.000239565, No Iterations 6
smoothSolver:  Solving for Uz, Initial residual = 0.00211394, Final residual = 0.000208358, No Iterations 6
GAMG:  Solving for p, Initial residual = 0.00119897, Final residual = 1.1759e-05, No Iterations 3
time step continuity errors : sum local = 2.2388e-05, global = -2.40271e-07, cumulative = 4.47954e-05
smoothSolver:  Solving for omega, Initial residual = 2.02281e-05, Final residual = 1.27703e-06, No Iterations 3
smoothSolver:  Solving for k, Initial residual = 0.000186081, Final residual = 1.61732e-05, No Iterations 3
ExecutionTime = 29.5 s  ClockTime = 31 s

forceCoeffs forceCoeffs1 write:
    Cm    = 0.156479
    Cd    = 0.411919
    Cl    = 0.0663097
    Cl(f) = 0.189634
    Cl(r) = -0.123324

Time = 139

smoothSolver:  Solving for Ux, Initial residual = 0.000104145, Final residual = 9.98125e-06, No Iterations 7
smoothSolver:  Solving for Uy, Initial residual = 0.00239708, Final residual = 0.000239403, No Iterations 6
smoothSolver:  Solving for Uz, Initial residual = 0.00211439, Final residual = 0.000207583, No Iterations 6
GAMG:  Solving for p, Initial residual = 0.00118691, Final residual = 1.1772e-05, No Iterations 3
time step continuity errors : sum local = 2.24097e-05, global = -1.75706e-07, cumulative = 4.46197e-05
smoothSolver:  Solving for omega, Initial residual = 2.02805e-05, Final residual = 1.26212e-06, No Iterations 3
smoothSolver:  Solving for k, Initial residual = 0.000183349, Final residual = 1.60275e-05, No Iterations 3
ExecutionTime = 29.71 s  ClockTime = 31 s

forceCoeffs forceCoeffs1 write:
    Cm    = 0.156558
    Cd    = 0.411958
    Cl    = 0.0664221
    Cl(f) = 0.189769
    Cl(r) = -0.123347

Time = 140

smoothSolver:  Solving for Ux, Initial residual = 0.00010338, Final residual = 1.00154e-05, No Iterations 7
smoothSolver:  Solving for Uy, Initial residual = 0.00238905, Final residual = 0.00017725, No Iterations 7
smoothSolver:  Solving for Uz, Initial residual = 0.00210357, Final residual = 0.000207859, No Iterations 6
GAMG:  Solving for p, Initial residual = 0.0011788, Final residual = 4.31822e-06, No Iterations 4
time step continuity errors : sum local = 8.21982e-06, global = -2.75513e-08, cumulative = 4.45922e-05
smoothSolver:  Solving for omega, Initial residual = 1.99829e-05, Final residual = 1.26362e-06, No Iterations 3
smoothSolver:  Solving for k, Initial residual = 0.000181422, Final residual = 1.59309e-05, No Iterations 3
ExecutionTime = 29.91 s  ClockTime = 31 s

forceCoeffs forceCoeffs1 write:
    Cm    = 0.156641
    Cd    = 0.412032
    Cl    = 0.0665325
    Cl(f) = 0.189907
    Cl(r) = -0.123375

Time = 141

smoothSolver:  Solving for Ux, Initial residual = 0.000104229, Final residual = 1.02309e-05, No Iterations 7
smoothSolver:  Solving for Uy, Initial residual = 0.00241953, Final residual = 0.000181976, No Iterations 7
smoothSolver:  Solving for Uz, Initial residual = 0.00213529, Final residual = 0.000160111, No Iterations 7
GAMG:  Solving for p, Initial residual = 0.00117313, Final residual = 4.40846e-06, No Iterations 4
time step continuity errors : sum local = 8.39016e-06, global = 4.15157e-08, cumulative = 4.46337e-05
smoothSolver:  Solving for omega, Initial residual = 2.00996e-05, Final residual = 1.25415e-06, No Iterations 3
smoothSolver:  Solving for k, Initial residual = 0.000180609, Final residual = 1.58394e-05, No Iterations 3
ExecutionTime = 30.11 s  ClockTime = 31 s

forceCoeffs forceCoeffs1 write:
    Cm    = 0.156735
    Cd    = 0.4122
    Cl    = 0.0665829
    Cl(f) = 0.190027
    Cl(r) = -0.123444

Time = 142

smoothSolver:  Solving for Ux, Initial residual = 0.000105203, Final residual = 1.03442e-05, No Iterations 7
smoothSolver:  Solving for Uy, Initial residual = 0.00243536, Final residual = 0.000185212, No Iterations 7
smoothSolver:  Solving for Uz, Initial residual = 0.00215461, Final residual = 0.00016419, No Iterations 7
GAMG:  Solving for p, Initial residual = 0.00117551, Final residual = 4.56066e-06, No Iterations 4
time step continuity errors : sum local = 8.68054e-06, global = 6.67392e-08, cumulative = 4.47004e-05
smoothSolver:  Solving for omega, Initial residual = 1.99963e-05, Final residual = 1.24707e-06, No Iterations 3
smoothSolver:  Solving for k, Initial residual = 0.00018112, Final residual = 1.58245e-05, No Iterations 3
ExecutionTime = 30.32 s  ClockTime = 31 s

forceCoeffs forceCoeffs1 write:
    Cm    = 0.156838
    Cd    = 0.412356
    Cl    = 0.0666154
    Cl(f) = 0.190146
    Cl(r) = -0.123531

Time = 143

smoothSolver:  Solving for Ux, Initial residual = 0.000107089, Final residual = 1.05339e-05, No Iterations 7
smoothSolver:  Solving for Uy, Initial residual = 0.00247165, Final residual = 0.000191184, No Iterations 7
smoothSolver:  Solving for Uz, Initial residual = 0.00218584, Final residual = 0.000171216, No Iterations 7
GAMG:  Solving for p, Initial residual = 0.00117563, Final residual = 4.77232e-06, No Iterations 4
time step continuity errors : sum local = 9.08396e-06, global = 7.0003e-08, cumulative = 4.47704e-05
smoothSolver:  Solving for omega, Initial residual = 2.01881e-05, Final residual = 1.25593e-06, No Iterations 3
smoothSolver:  Solving for k, Initial residual = 0.000183623, Final residual = 1.59449e-05, No Iterations 3
ExecutionTime = 30.52 s  ClockTime = 32 s

forceCoeffs forceCoeffs1 write:
    Cm    = 0.156985
    Cd    = 0.412618
    Cl    = 0.0666048
    Cl(f) = 0.190287
    Cl(r) = -0.123682

Time = 144

smoothSolver:  Solving for Ux, Initial residual = 0.000109558, Final residual = 1.07692e-05, No Iterations 7
smoothSolver:  Solving for Uy, Initial residual = 0.00251672, Final residual = 0.000198028, No Iterations 7
smoothSolver:  Solving for Uz, Initial residual = 0.00222143, Final residual = 0.000178139, No Iterations 7
GAMG:  Solving for p, Initial residual = 0.00118917, Final residual = 5.00751e-06, No Iterations 4
time step continuity errors : sum local = 9.53282e-06, global = 7.39583e-08, cumulative = 4.48444e-05
smoothSolver:  Solving for omega, Initial residual = 2.06037e-05, Final residual = 1.28042e-06, No Iterations 3
smoothSolver:  Solving for k, Initial residual = 0.000188834, Final residual = 1.62879e-05, No Iterations 3
ExecutionTime = 30.73 s  ClockTime = 32 s

forceCoeffs forceCoeffs1 write:
    Cm    = 0.157138
    Cd    = 0.412888
    Cl    = 0.0665217
    Cl(f) = 0.190399
    Cl(r) = -0.123877

Time = 145

smoothSolver:  Solving for Ux, Initial residual = 0.000112777, Final residual = 1.11018e-05, No Iterations 7
smoothSolver:  Solving for Uy, Initial residual = 0.00258674, Final residual = 0.000207119, No Iterations 7
smoothSolver:  Solving for Uz, Initial residual = 0.00228071, Final residual = 0.000185663, No Iterations 7
GAMG:  Solving for p, Initial residual = 0.00120516, Final residual = 5.26287e-06, No Iterations 4
time step continuity errors : sum local = 1.00204e-05, global = 7.8637e-08, cumulative = 4.4923e-05
smoothSolver:  Solving for omega, Initial residual = 2.11302e-05, Final residual = 1.30668e-06, No Iterations 3
smoothSolver:  Solving for k, Initial residual = 0.000196406, Final residual = 1.68722e-05, No Iterations 3
ExecutionTime = 30.94 s  ClockTime = 32 s

forceCoeffs forceCoeffs1 write:
    Cm    = 0.157305
    Cd    = 0.413232
    Cl    = 0.0663936
    Cl(f) = 0.190502
    Cl(r) = -0.124108

Time = 146

smoothSolver:  Solving for Ux, Initial residual = 0.000116338, Final residual = 1.15265e-05, No Iterations 7
smoothSolver:  Solving for Uy, Initial residual = 0.00266208, Final residual = 0.000217233, No Iterations 7
smoothSolver:  Solving for Uz, Initial residual = 0.00233653, Final residual = 0.000192164, No Iterations 7
GAMG:  Solving for p, Initial residual = 0.0012276, Final residual = 5.46191e-06, No Iterations 4
time step continuity errors : sum local = 1.0402e-05, global = 8.35766e-08, cumulative = 4.50066e-05
smoothSolver:  Solving for omega, Initial residual = 2.16015e-05, Final residual = 1.34656e-06, No Iterations 3
smoothSolver:  Solving for k, Initial residual = 0.000206126, Final residual = 1.76387e-05, No Iterations 3
ExecutionTime = 31.13 s  ClockTime = 32 s

forceCoeffs forceCoeffs1 write:
    Cm    = 0.157432
    Cd    = 0.413522
    Cl    = 0.06616
    Cl(f) = 0.190512
    Cl(r) = -0.124352

Time = 147

smoothSolver:  Solving for Ux, Initial residual = 0.000120569, Final residual = 1.19228e-05, No Iterations 7
smoothSolver:  Solving for Uy, Initial residual = 0.00274495, Final residual = 0.000227342, No Iterations 7
smoothSolver:  Solving for Uz, Initial residual = 0.00239716, Final residual = 0.000198738, No Iterations 7
GAMG:  Solving for p, Initial residual = 0.00125261, Final residual = 5.70562e-06, No Iterations 4
time step continuity errors : sum local = 1.0869e-05, global = 8.16882e-08, cumulative = 4.50883e-05
smoothSolver:  Solving for omega, Initial residual = 2.22616e-05, Final residual = 1.37515e-06, No Iterations 3
smoothSolver:  Solving for k, Initial residual = 0.000217815, Final residual = 1.85182e-05, No Iterations 3
ExecutionTime = 31.35 s  ClockTime = 32 s

forceCoeffs forceCoeffs1 write:
    Cm    = 0.157539
    Cd    = 0.413838
    Cl    = 0.0658968
    Cl(f) = 0.190487
    Cl(r) = -0.12459

Time = 148

smoothSolver:  Solving for Ux, Initial residual = 0.000124213, Final residual = 1.22217e-05, No Iterations 7
smoothSolver:  Solving for Uy, Initial residual = 0.00280579, Final residual = 0.000234715, No Iterations 7
smoothSolver:  Solving for Uz, Initial residual = 0.00244782, Final residual = 0.000203094, No Iterations 7
GAMG:  Solving for p, Initial residual = 0.00128244, Final residual = 5.89925e-06, No Iterations 4
time step continuity errors : sum local = 1.12419e-05, global = 8.17781e-08, cumulative = 4.51701e-05
smoothSolver:  Solving for omega, Initial residual = 2.26653e-05, Final residual = 1.41203e-06, No Iterations 3
smoothSolver:  Solving for k, Initial residual = 0.000230611, Final residual = 1.94039e-05, No Iterations 3
ExecutionTime = 31.55 s  ClockTime = 33 s

forceCoeffs forceCoeffs1 write:
    Cm    = 0.157599
    Cd    = 0.414068
    Cl    = 0.0655927
    Cl(f) = 0.190396
    Cl(r) = -0.124803

Time = 149

smoothSolver:  Solving for Ux, Initial residual = 0.000127873, Final residual = 1.24125e-05, No Iterations 7
smoothSolver:  Solving for Uy, Initial residual = 0.0028628, Final residual = 0.000240113, No Iterations 7
smoothSolver:  Solving for Uz, Initial residual = 0.00249339, Final residual = 0.000206418, No Iterations 7
GAMG:  Solving for p, Initial residual = 0.00130972, Final residual = 6.11923e-06, No Iterations 4
time step continuity errors : sum local = 1.16652e-05, global = 8.22134e-08, cumulative = 4.52523e-05
smoothSolver:  Solving for omega, Initial residual = 2.3118e-05, Final residual = 1.43353e-06, No Iterations 3
smoothSolver:  Solving for k, Initial residual = 0.000243355, Final residual = 2.02331e-05, No Iterations 3
ExecutionTime = 31.76 s  ClockTime = 33 s

forceCoeffs forceCoeffs1 write:
    Cm    = 0.1576
    Cd    = 0.414248
    Cl    = 0.0652975
    Cl(f) = 0.190249
    Cl(r) = -0.124951

Time = 150

smoothSolver:  Solving for Ux, Initial residual = 0.000130016, Final residual = 1.25155e-05, No Iterations 7
smoothSolver:  Solving for Uy, Initial residual = 0.00289259, Final residual = 0.0002416, No Iterations 7
smoothSolver:  Solving for Uz, Initial residual = 0.00251568, Final residual = 0.000206642, No Iterations 7
GAMG:  Solving for p, Initial residual = 0.00133478, Final residual = 6.28353e-06, No Iterations 4
time step continuity errors : sum local = 1.19834e-05, global = 8.33442e-08, cumulative = 4.53356e-05
smoothSolver:  Solving for omega, Initial residual = 2.35687e-05, Final residual = 1.44599e-06, No Iterations 3
smoothSolver:  Solving for k, Initial residual = 0.000254476, Final residual = 2.09573e-05, No Iterations 3
ExecutionTime = 31.97 s  ClockTime = 33 s

forceCoeffs forceCoeffs1 write:
    Cm    = 0.157507
    Cd    = 0.414258
    Cl    = 0.0649935
    Cl(f) = 0.190003
    Cl(r) = -0.12501

Time = 151

smoothSolver:  Solving for Ux, Initial residual = 0.000131682, Final residual = 1.27021e-05, No Iterations 7
smoothSolver:  Solving for Uy, Initial residual = 0.00291536, Final residual = 0.000241445, No Iterations 7
smoothSolver:  Solving for Uz, Initial residual = 0.00253906, Final residual = 0.000206764, No Iterations 7
GAMG:  Solving for p, Initial residual = 0.00135521, Final residual = 6.35988e-06, No Iterations 4
time step continuity errors : sum local = 1.21333e-05, global = 1.01248e-07, cumulative = 4.54369e-05
smoothSolver:  Solving for omega, Initial residual = 2.37517e-05, Final residual = 1.45404e-06, No Iterations 3
smoothSolver:  Solving for k, Initial residual = 0.000263732, Final residual = 2.15242e-05, No Iterations 3
ExecutionTime = 32.17 s  ClockTime = 33 s

forceCoeffs forceCoeffs1 write:
    Cm    = 0.157402
    Cd    = 0.41427
    Cl    = 0.0647401
    Cl(f) = 0.189772
    Cl(r) = -0.125032

Time = 152

smoothSolver:  Solving for Ux, Initial residual = 0.000132769, Final residual = 1.30068e-05, No Iterations 7
smoothSolver:  Solving for Uy, Initial residual = 0.00293119, Final residual = 0.000242205, No Iterations 7
smoothSolver:  Solving for Uz, Initial residual = 0.00255675, Final residual = 0.000208268, No Iterations 7
GAMG:  Solving for p, Initial residual = 0.00137485, Final residual = 6.22126e-06, No Iterations 4
time step continuity errors : sum local = 1.18728e-05, global = 1.205e-07, cumulative = 4.55574e-05
smoothSolver:  Solving for omega, Initial residual = 2.39627e-05, Final residual = 1.4633e-06, No Iterations 3
smoothSolver:  Solving for k, Initial residual = 0.000271907, Final residual = 2.199e-05, No Iterations 3
ExecutionTime = 32.38 s  ClockTime = 34 s

forceCoeffs forceCoeffs1 write:
    Cm    = 0.15723
    Cd    = 0.414154
    Cl    = 0.0644839
    Cl(f) = 0.189472
    Cl(r) = -0.124988

Time = 153

smoothSolver:  Solving for Ux, Initial residual = 0.000134082, Final residual = 1.3374e-05, No Iterations 7
smoothSolver:  Solving for Uy, Initial residual = 0.00295538, Final residual = 0.000246098, No Iterations 7
smoothSolver:  Solving for Uz, Initial residual = 0.00257261, Final residual = 0.000211313, No Iterations 7
GAMG:  Solving for p, Initial residual = 0.00138929, Final residual = 6.04195e-06, No Iterations 4
time step continuity errors : sum local = 1.15335e-05, global = 1.17142e-07, cumulative = 4.56745e-05
smoothSolver:  Solving for omega, Initial residual = 2.44017e-05, Final residual = 1.48479e-06, No Iterations 3
smoothSolver:  Solving for k, Initial residual = 0.000279001, Final residual = 2.24602e-05, No Iterations 3
ExecutionTime = 32.59 s  ClockTime = 34 s

forceCoeffs forceCoeffs1 write:
    Cm    = 0.157052
    Cd    = 0.414044
    Cl    = 0.0642577
    Cl(f) = 0.189181
    Cl(r) = -0.124923

Time = 154

smoothSolver:  Solving for Ux, Initial residual = 0.000135539, Final residual = 1.04621e-05, No Iterations 8
smoothSolver:  Solving for Uy, Initial residual = 0.00300168, Final residual = 0.000255219, No Iterations 7
smoothSolver:  Solving for Uz, Initial residual = 0.00260366, Final residual = 0.000218108, No Iterations 7
GAMG:  Solving for p, Initial residual = 0.00140403, Final residual = 6.03662e-06, No Iterations 4
time step continuity errors : sum local = 1.15262e-05, global = 1.00631e-07, cumulative = 4.57751e-05
smoothSolver:  Solving for omega, Initial residual = 2.45514e-05, Final residual = 1.51584e-06, No Iterations 3
smoothSolver:  Solving for k, Initial residual = 0.000285897, Final residual = 2.30785e-05, No Iterations 3
ExecutionTime = 32.8 s  ClockTime = 34 s

forceCoeffs forceCoeffs1 write:
    Cm    = 0.156833
    Cd    = 0.413805
    Cl    = 0.0640469
    Cl(f) = 0.188856
    Cl(r) = -0.124809

Time = 155

smoothSolver:  Solving for Ux, Initial residual = 0.000136592, Final residual = 1.0707e-05, No Iterations 8
smoothSolver:  Solving for Uy, Initial residual = 0.00306347, Final residual = 0.000264227, No Iterations 7
smoothSolver:  Solving for Uz, Initial residual = 0.00263601, Final residual = 0.000224601, No Iterations 7
GAMG:  Solving for p, Initial residual = 0.00141209, Final residual = 6.14281e-06, No Iterations 4
time step continuity errors : sum local = 1.17293e-05, global = 6.34671e-08, cumulative = 4.58386e-05
smoothSolver:  Solving for omega, Initial residual = 2.4626e-05, Final residual = 1.53157e-06, No Iterations 3
smoothSolver:  Solving for k, Initial residual = 0.000290953, Final residual = 2.36211e-05, No Iterations 3
ExecutionTime = 33.01 s  ClockTime = 34 s

forceCoeffs forceCoeffs1 write:
    Cm    = 0.156673
    Cd    = 0.413635
    Cl    = 0.0639072
    Cl(f) = 0.188626
    Cl(r) = -0.124719

Time = 156

smoothSolver:  Solving for Ux, Initial residual = 0.000137065, Final residual = 1.09112e-05, No Iterations 8
smoothSolver:  Solving for Uy, Initial residual = 0.00311093, Final residual = 0.000271548, No Iterations 7
smoothSolver:  Solving for Uz, Initial residual = 0.00265993, Final residual = 0.00022989, No Iterations 7
GAMG:  Solving for p, Initial residual = 0.00141962, Final residual = 6.36386e-06, No Iterations 4
time step continuity errors : sum local = 1.21499e-05, global = 7.54916e-09, cumulative = 4.58462e-05
smoothSolver:  Solving for omega, Initial residual = 2.5017e-05, Final residual = 1.56899e-06, No Iterations 3
smoothSolver:  Solving for k, Initial residual = 0.000294782, Final residual = 2.39801e-05, No Iterations 3
ExecutionTime = 33.21 s  ClockTime = 34 s

forceCoeffs forceCoeffs1 write:
    Cm    = 0.156542
    Cd    = 0.413448
    Cl    = 0.0637539
    Cl(f) = 0.188419
    Cl(r) = -0.124665

Time = 157

smoothSolver:  Solving for Ux, Initial residual = 0.000137812, Final residual = 1.10335e-05, No Iterations 8
smoothSolver:  Solving for Uy, Initial residual = 0.00313696, Final residual = 0.000275276, No Iterations 7
smoothSolver:  Solving for Uz, Initial residual = 0.00267844, Final residual = 0.000232385, No Iterations 7
GAMG:  Solving for p, Initial residual = 0.00142452, Final residual = 6.5692e-06, No Iterations 4
time step continuity errors : sum local = 1.25386e-05, global = -5.34991e-08, cumulative = 4.57927e-05
smoothSolver:  Solving for omega, Initial residual = 2.51111e-05, Final residual = 1.58538e-06, No Iterations 3
smoothSolver:  Solving for k, Initial residual = 0.000296547, Final residual = 2.41955e-05, No Iterations 3
ExecutionTime = 33.42 s  ClockTime = 35 s

forceCoeffs forceCoeffs1 write:
    Cm    = 0.156477
    Cd    = 0.413375
    Cl    = 0.063603
    Cl(f) = 0.188279
    Cl(r) = -0.124676

Time = 158

smoothSolver:  Solving for Ux, Initial residual = 0.000137965, Final residual = 1.10749e-05, No Iterations 8
smoothSolver:  Solving for Uy, Initial residual = 0.0031398, Final residual = 0.000276181, No Iterations 7
smoothSolver:  Solving for Uz, Initial residual = 0.00268635, Final residual = 0.000234042, No Iterations 7
GAMG:  Solving for p, Initial residual = 0.00142283, Final residual = 6.70126e-06, No Iterations 4
time step continuity errors : sum local = 1.27863e-05, global = -8.11386e-08, cumulative = 4.57115e-05
smoothSolver:  Solving for omega, Initial residual = 2.51569e-05, Final residual = 1.59554e-06, No Iterations 3
smoothSolver:  Solving for k, Initial residual = 0.000295456, Final residual = 2.42312e-05, No Iterations 3
ExecutionTime = 33.63 s  ClockTime = 35 s

forceCoeffs forceCoeffs1 write:
    Cm    = 0.156429
    Cd    = 0.413298
    Cl    = 0.0633935
    Cl(f) = 0.188126
    Cl(r) = -0.124732

Time = 159

smoothSolver:  Solving for Ux, Initial residual = 0.000137744, Final residual = 1.10218e-05, No Iterations 8
smoothSolver:  Solving for Uy, Initial residual = 0.00312307, Final residual = 0.000273167, No Iterations 7
smoothSolver:  Solving for Uz, Initial residual = 0.00267691, Final residual = 0.000232422, No Iterations 7
GAMG:  Solving for p, Initial residual = 0.00141381, Final residual = 6.61745e-06, No Iterations 4
time step continuity errors : sum local = 1.26217e-05, global = -1.25434e-07, cumulative = 4.55861e-05
smoothSolver:  Solving for omega, Initial residual = 2.51698e-05, Final residual = 1.59375e-06, No Iterations 3
smoothSolver:  Solving for k, Initial residual = 0.000293003, Final residual = 2.41593e-05, No Iterations 3
ExecutionTime = 33.84 s  ClockTime = 35 s

forceCoeffs forceCoeffs1 write:
    Cm    = 0.15643
    Cd    = 0.413314
    Cl    = 0.0632155
    Cl(f) = 0.188038
    Cl(r) = -0.124823

Time = 160

smoothSolver:  Solving for Ux, Initial residual = 0.000136468, Final residual = 1.09237e-05, No Iterations 8
smoothSolver:  Solving for Uy, Initial residual = 0.00307783, Final residual = 0.000266656, No Iterations 7
smoothSolver:  Solving for Uz, Initial residual = 0.00265589, Final residual = 0.000230061, No Iterations 7
GAMG:  Solving for p, Initial residual = 0.00140471, Final residual = 6.54766e-06, No Iterations 4
time step continuity errors : sum local = 1.24845e-05, global = -1.75197e-07, cumulative = 4.54109e-05
smoothSolver:  Solving for omega, Initial residual = 2.4828e-05, Final residual = 1.5863e-06, No Iterations 3
smoothSolver:  Solving for k, Initial residual = 0.000289487, Final residual = 2.39894e-05, No Iterations 3
ExecutionTime = 34.04 s  ClockTime = 35 s

forceCoeffs forceCoeffs1 write:
    Cm    = 0.156444
    Cd    = 0.413307
    Cl    = 0.0630218
    Cl(f) = 0.187955
    Cl(r) = -0.124933

Time = 161

smoothSolver:  Solving for Ux, Initial residual = 0.000135541, Final residual = 1.08691e-05, No Iterations 8
smoothSolver:  Solving for Uy, Initial residual = 0.00302829, Final residual = 0.000259185, No Iterations 7
smoothSolver:  Solving for Uz, Initial residual = 0.00262133, Final residual = 0.000225383, No Iterations 7
GAMG:  Solving for p, Initial residual = 0.00139275, Final residual = 6.27731e-06, No Iterations 4
time step continuity errors : sum local = 1.19652e-05, global = -2.10221e-07, cumulative = 4.52007e-05
smoothSolver:  Solving for omega, Initial residual = 2.47643e-05, Final residual = 1.58147e-06, No Iterations 3
smoothSolver:  Solving for k, Initial residual = 0.00028477, Final residual = 2.37648e-05, No Iterations 3
ExecutionTime = 34.25 s  ClockTime = 35 s

forceCoeffs forceCoeffs1 write:
    Cm    = 0.156484
    Cd    = 0.413383
    Cl    = 0.0628405
    Cl(f) = 0.187904
    Cl(r) = -0.125063

Time = 162

smoothSolver:  Solving for Ux, Initial residual = 0.000133969, Final residual = 1.08077e-05, No Iterations 8
smoothSolver:  Solving for Uy, Initial residual = 0.00298125, Final residual = 0.000253174, No Iterations 7
smoothSolver:  Solving for Uz, Initial residual = 0.00259201, Final residual = 0.000221625, No Iterations 7
GAMG:  Solving for p, Initial residual = 0.00138052, Final residual = 6.06554e-06, No Iterations 4
time step continuity errors : sum local = 1.15593e-05, global = -2.03192e-07, cumulative = 4.49975e-05
smoothSolver:  Solving for omega, Initial residual = 2.43367e-05, Final residual = 1.57039e-06, No Iterations 3
smoothSolver:  Solving for k, Initial residual = 0.000279426, Final residual = 2.35006e-05, No Iterations 3
ExecutionTime = 34.46 s  ClockTime = 36 s

forceCoeffs forceCoeffs1 write:
    Cm    = 0.156493
    Cd    = 0.413398
    Cl    = 0.0626204
    Cl(f) = 0.187803
    Cl(r) = -0.125183

Time = 163

smoothSolver:  Solving for Ux, Initial residual = 0.000132725, Final residual = 1.07249e-05, No Iterations 8
smoothSolver:  Solving for Uy, Initial residual = 0.00293547, Final residual = 0.000247906, No Iterations 7
smoothSolver:  Solving for Uz, Initial residual = 0.00255616, Final residual = 0.000217305, No Iterations 7
GAMG:  Solving for p, Initial residual = 0.00136823, Final residual = 5.90709e-06, No Iterations 4
time step continuity errors : sum local = 1.12554e-05, global = -1.12769e-07, cumulative = 4.48847e-05
smoothSolver:  Solving for omega, Initial residual = 2.39768e-05, Final residual = 1.56055e-06, No Iterations 3
smoothSolver:  Solving for k, Initial residual = 0.00027347, Final residual = 2.31714e-05, No Iterations 3
ExecutionTime = 34.67 s  ClockTime = 36 s

forceCoeffs forceCoeffs1 write:
    Cm    = 0.156527
    Cd    = 0.413497
    Cl    = 0.0624375
    Cl(f) = 0.187745
    Cl(r) = -0.125308

Time = 164

smoothSolver:  Solving for Ux, Initial residual = 0.000131903, Final residual = 1.06758e-05, No Iterations 8
smoothSolver:  Solving for Uy, Initial residual = 0.00289406, Final residual = 0.000244993, No Iterations 7
smoothSolver:  Solving for Uz, Initial residual = 0.00253099, Final residual = 0.000214213, No Iterations 7
GAMG:  Solving for p, Initial residual = 0.00135463, Final residual = 5.75756e-06, No Iterations 4
time step continuity errors : sum local = 1.09699e-05, global = -5.53146e-08, cumulative = 4.48294e-05
smoothSolver:  Solving for omega, Initial residual = 2.35246e-05, Final residual = 1.54683e-06, No Iterations 3
smoothSolver:  Solving for k, Initial residual = 0.000267355, Final residual = 2.27949e-05, No Iterations 3
ExecutionTime = 34.87 s  ClockTime = 36 s

forceCoeffs forceCoeffs1 write:
    Cm    = 0.156503
    Cd    = 0.413511
    Cl    = 0.0621976
    Cl(f) = 0.187602
    Cl(r) = -0.125405

Time = 165

smoothSolver:  Solving for Ux, Initial residual = 0.000131129, Final residual = 1.06625e-05, No Iterations 8
smoothSolver:  Solving for Uy, Initial residual = 0.00284755, Final residual = 0.000240787, No Iterations 7
smoothSolver:  Solving for Uz, Initial residual = 0.00249291, Final residual = 0.000209086, No Iterations 7
GAMG:  Solving for p, Initial residual = 0.00134156, Final residual = 5.54633e-06, No Iterations 4
time step continuity errors : sum local = 1.05678e-05, global = -1.46878e-08, cumulative = 4.48147e-05
smoothSolver:  Solving for omega, Initial residual = 2.33216e-05, Final residual = 1.53042e-06, No Iterations 3
smoothSolver:  Solving for k, Initial residual = 0.000260855, Final residual = 2.23388e-05, No Iterations 3
ExecutionTime = 35.08 s  ClockTime = 36 s

forceCoeffs forceCoeffs1 write:
    Cm    = 0.156456
    Cd    = 0.413532
    Cl    = 0.0619934
    Cl(f) = 0.187452
    Cl(r) = -0.125459

Time = 166

smoothSolver:  Solving for Ux, Initial residual = 0.000129875, Final residual = 1.05571e-05, No Iterations 8
smoothSolver:  Solving for Uy, Initial residual = 0.00281541, Final residual = 0.000236803, No Iterations 7
smoothSolver:  Solving for Uz, Initial residual = 0.00246007, Final residual = 0.000204339, No Iterations 7
GAMG:  Solving for p, Initial residual = 0.0013311, Final residual = 5.39743e-06, No Iterations 4
time step continuity errors : sum local = 1.02858e-05, global = 6.08912e-09, cumulative = 4.48208e-05
smoothSolver:  Solving for omega, Initial residual = 2.29548e-05, Final residual = 1.50683e-06, No Iterations 3
smoothSolver:  Solving for k, Initial residual = 0.000254253, Final residual = 2.17742e-05, No Iterations 3
ExecutionTime = 35.29 s  ClockTime = 36 s

forceCoeffs forceCoeffs1 write:
    Cm    = 0.15639
    Cd    = 0.413471
    Cl    = 0.0618048
    Cl(f) = 0.187293
    Cl(r) = -0.125488

Time = 167

smoothSolver:  Solving for Ux, Initial residual = 0.000128624, Final residual = 1.03835e-05, No Iterations 8
smoothSolver:  Solving for Uy, Initial residual = 0.00277433, Final residual = 0.000230597, No Iterations 7
smoothSolver:  Solving for Uz, Initial residual = 0.00241519, Final residual = 0.000196712, No Iterations 7
GAMG:  Solving for p, Initial residual = 0.00132467, Final residual = 5.30083e-06, No Iterations 4
time step continuity errors : sum local = 1.01033e-05, global = 1.36039e-08, cumulative = 4.48344e-05
smoothSolver:  Solving for omega, Initial residual = 2.27382e-05, Final residual = 1.49305e-06, No Iterations 3
smoothSolver:  Solving for k, Initial residual = 0.000248178, Final residual = 2.12329e-05, No Iterations 3
ExecutionTime = 35.49 s  ClockTime = 37 s

forceCoeffs forceCoeffs1 write:
    Cm    = 0.156354
    Cd    = 0.41348
    Cl    = 0.0616739
    Cl(f) = 0.187191
    Cl(r) = -0.125517

Time = 168

smoothSolver:  Solving for Ux, Initial residual = 0.000126934, Final residual = 1.01073e-05, No Iterations 8
smoothSolver:  Solving for Uy, Initial residual = 0.00274209, Final residual = 0.000225109, No Iterations 7
smoothSolver:  Solving for Uz, Initial residual = 0.00237804, Final residual = 0.000189242, No Iterations 7
GAMG:  Solving for p, Initial residual = 0.00132154, Final residual = 5.26089e-06, No Iterations 4
time step continuity errors : sum local = 1.00291e-05, global = 3.36305e-08, cumulative = 4.4868e-05
smoothSolver:  Solving for omega, Initial residual = 2.24945e-05, Final residual = 1.47516e-06, No Iterations 3
smoothSolver:  Solving for k, Initial residual = 0.000241999, Final residual = 2.07178e-05, No Iterations 3
ExecutionTime = 35.69 s  ClockTime = 37 s

forceCoeffs forceCoeffs1 write:
    Cm    = 0.156302
    Cd    = 0.413419
    Cl    = 0.0615029
    Cl(f) = 0.187054
    Cl(r) = -0.125551

Time = 169

smoothSolver:  Solving for Ux, Initial residual = 0.00012549, Final residual = 9.76136e-06, No Iterations 8
smoothSolver:  Solving for Uy, Initial residual = 0.00271688, Final residual = 0.000217729, No Iterations 7
smoothSolver:  Solving for Uz, Initial residual = 0.00233995, Final residual = 0.000181167, No Iterations 7
GAMG:  Solving for p, Initial residual = 0.00131696, Final residual = 5.18985e-06, No Iterations 4
time step continuity errors : sum local = 9.89514e-06, global = 4.37183e-08, cumulative = 4.49118e-05
smoothSolver:  Solving for omega, Initial residual = 2.23398e-05, Final residual = 1.45925e-06, No Iterations 3
smoothSolver:  Solving for k, Initial residual = 0.000236171, Final residual = 2.02488e-05, No Iterations 3
ExecutionTime = 35.9 s  ClockTime = 37 s

forceCoeffs forceCoeffs1 write:
    Cm    = 0.156276
    Cd    = 0.413415
    Cl    = 0.0613817
    Cl(f) = 0.186966
    Cl(r) = -0.125585

Time = 170

smoothSolver:  Solving for Ux, Initial residual = 0.000122976, Final residual = 9.30448e-06, No Iterations 8
smoothSolver:  Solving for Uy, Initial residual = 0.0026832, Final residual = 0.000210141, No Iterations 7
smoothSolver:  Solving for Uz, Initial residual = 0.00229958, Final residual = 0.000172389, No Iterations 7
GAMG:  Solving for p, Initial residual = 0.00131325, Final residual = 5.00164e-06, No Iterations 4
time step continuity errors : sum local = 9.53796e-06, global = 5.76624e-08, cumulative = 4.49694e-05
smoothSolver:  Solving for omega, Initial residual = 2.19751e-05, Final residual = 1.4323e-06, No Iterations 3
smoothSolver:  Solving for k, Initial residual = 0.00022989, Final residual = 1.97673e-05, No Iterations 3
ExecutionTime = 36.11 s  ClockTime = 37 s

forceCoeffs forceCoeffs1 write:
    Cm    = 0.156236
    Cd    = 0.413331
    Cl    = 0.0612401
    Cl(f) = 0.186856
    Cl(r) = -0.125616

Time = 171

smoothSolver:  Solving for Ux, Initial residual = 0.000120119, Final residual = 1.17518e-05, No Iterations 7
smoothSolver:  Solving for Uy, Initial residual = 0.00263545, Final residual = 0.000201068, No Iterations 7
smoothSolver:  Solving for Uz, Initial residual = 0.00224911, Final residual = 0.00022245, No Iterations 6
GAMG:  Solving for p, Initial residual = 0.00130616, Final residual = 4.72137e-06, No Iterations 4
time step continuity errors : sum local = 9.00473e-06, global = 4.38352e-08, cumulative = 4.50132e-05
smoothSolver:  Solving for omega, Initial residual = 2.18105e-05, Final residual = 1.41411e-06, No Iterations 3
smoothSolver:  Solving for k, Initial residual = 0.000223658, Final residual = 1.93006e-05, No Iterations 3
ExecutionTime = 36.32 s  ClockTime = 38 s

forceCoeffs forceCoeffs1 write:
    Cm    = 0.156231
    Cd    = 0.413313
    Cl    = 0.061166
    Cl(f) = 0.186814
    Cl(r) = -0.125648

Time = 172

smoothSolver:  Solving for Ux, Initial residual = 0.000117259, Final residual = 1.12789e-05, No Iterations 7
smoothSolver:  Solving for Uy, Initial residual = 0.00258263, Final residual = 0.00019227, No Iterations 7
smoothSolver:  Solving for Uz, Initial residual = 0.00220868, Final residual = 0.000213936, No Iterations 6
GAMG:  Solving for p, Initial residual = 0.00130434, Final residual = 1.27337e-05, No Iterations 3
time step continuity errors : sum local = 2.42906e-05, global = 2.21006e-07, cumulative = 4.52343e-05
smoothSolver:  Solving for omega, Initial residual = 2.15865e-05, Final residual = 1.3775e-06, No Iterations 3
smoothSolver:  Solving for k, Initial residual = 0.000217907, Final residual = 1.88048e-05, No Iterations 3
ExecutionTime = 36.52 s  ClockTime = 38 s

forceCoeffs forceCoeffs1 write:
    Cm    = 0.156228
    Cd    = 0.413253
    Cl    = 0.0610857
    Cl(f) = 0.186771
    Cl(r) = -0.125685

Time = 173

smoothSolver:  Solving for Ux, Initial residual = 0.000114211, Final residual = 1.07972e-05, No Iterations 7
smoothSolver:  Solving for Uy, Initial residual = 0.0025205, Final residual = 0.000246727, No Iterations 6
smoothSolver:  Solving for Uz, Initial residual = 0.00216039, Final residual = 0.000204088, No Iterations 6
GAMG:  Solving for p, Initial residual = 0.00129722, Final residual = 1.27158e-05, No Iterations 3
time step continuity errors : sum local = 2.42577e-05, global = 2.73942e-07, cumulative = 4.55082e-05
smoothSolver:  Solving for omega, Initial residual = 2.11756e-05, Final residual = 1.33941e-06, No Iterations 3
smoothSolver:  Solving for k, Initial residual = 0.000212421, Final residual = 1.82686e-05, No Iterations 3
ExecutionTime = 36.71 s  ClockTime = 38 s

forceCoeffs forceCoeffs1 write:
    Cm    = 0.15625
    Cd    = 0.413253
    Cl    = 0.0610704
    Cl(f) = 0.186786
    Cl(r) = -0.125715

Time = 174

smoothSolver:  Solving for Ux, Initial residual = 0.000111307, Final residual = 1.03832e-05, No Iterations 7
smoothSolver:  Solving for Uy, Initial residual = 0.00248427, Final residual = 0.000238579, No Iterations 6
smoothSolver:  Solving for Uz, Initial residual = 0.00212317, Final residual = 0.000197443, No Iterations 6
GAMG:  Solving for p, Initial residual = 0.00128922, Final residual = 1.22167e-05, No Iterations 3
time step continuity errors : sum local = 2.33082e-05, global = 3.02106e-07, cumulative = 4.58103e-05
smoothSolver:  Solving for omega, Initial residual = 2.08773e-05, Final residual = 1.30818e-06, No Iterations 3
smoothSolver:  Solving for k, Initial residual = 0.000207156, Final residual = 1.77783e-05, No Iterations 3
ExecutionTime = 36.91 s  ClockTime = 38 s

forceCoeffs forceCoeffs1 write:
    Cm    = 0.156263
    Cd    = 0.413199
    Cl    = 0.0610196
    Cl(f) = 0.186773
    Cl(r) = -0.125753

Time = 175

smoothSolver:  Solving for Ux, Initial residual = 0.000108721, Final residual = 9.99088e-06, No Iterations 7
smoothSolver:  Solving for Uy, Initial residual = 0.00243906, Final residual = 0.000229351, No Iterations 6
smoothSolver:  Solving for Uz, Initial residual = 0.00208555, Final residual = 0.000191204, No Iterations 6
GAMG:  Solving for p, Initial residual = 0.00127737, Final residual = 1.18128e-05, No Iterations 3
time step continuity errors : sum local = 2.25401e-05, global = 3.00912e-07, cumulative = 4.61112e-05
smoothSolver:  Solving for omega, Initial residual = 2.06203e-05, Final residual = 1.27184e-06, No Iterations 3
smoothSolver:  Solving for k, Initial residual = 0.000202, Final residual = 1.73108e-05, No Iterations 3
ExecutionTime = 37.11 s  ClockTime = 38 s

forceCoeffs forceCoeffs1 write:
    Cm    = 0.156276
    Cd    = 0.413201
    Cl    = 0.0610367
    Cl(f) = 0.186795
    Cl(r) = -0.125758

Time = 176

smoothSolver:  Solving for Ux, Initial residual = 0.000106551, Final residual = 9.65658e-06, No Iterations 7
smoothSolver:  Solving for Uy, Initial residual = 0.00239853, Final residual = 0.000222368, No Iterations 6
smoothSolver:  Solving for Uz, Initial residual = 0.00205227, Final residual = 0.000185549, No Iterations 6
GAMG:  Solving for p, Initial residual = 0.00126559, Final residual = 1.14438e-05, No Iterations 3
time step continuity errors : sum local = 2.18398e-05, global = 3.29169e-07, cumulative = 4.64404e-05
smoothSolver:  Solving for omega, Initial residual = 2.03428e-05, Final residual = 1.23984e-06, No Iterations 3
smoothSolver:  Solving for k, Initial residual = 0.000196591, Final residual = 1.68491e-05, No Iterations 3
ExecutionTime = 37.32 s  ClockTime = 39 s

forceCoeffs forceCoeffs1 write:
    Cm    = 0.156241
    Cd    = 0.413115
    Cl    = 0.0609993
    Cl(f) = 0.186741
    Cl(r) = -0.125741

Time = 177

smoothSolver:  Solving for Ux, Initial residual = 0.000104295, Final residual = 9.26773e-06, No Iterations 7
smoothSolver:  Solving for Uy, Initial residual = 0.00235535, Final residual = 0.000213141, No Iterations 6
smoothSolver:  Solving for Uz, Initial residual = 0.00201392, Final residual = 0.000178561, No Iterations 6
GAMG:  Solving for p, Initial residual = 0.00125631, Final residual = 1.12955e-05, No Iterations 3
time step continuity errors : sum local = 2.15603e-05, global = 3.09585e-07, cumulative = 4.675e-05
smoothSolver:  Solving for omega, Initial residual = 2.01364e-05, Final residual = 1.21054e-06, No Iterations 3
smoothSolver:  Solving for k, Initial residual = 0.000191011, Final residual = 1.63708e-05, No Iterations 3
ExecutionTime = 37.51 s  ClockTime = 39 s

forceCoeffs forceCoeffs1 write:
    Cm    = 0.156237
    Cd    = 0.4131
    Cl    = 0.0610598
    Cl(f) = 0.186767
    Cl(r) = -0.125707

Time = 178

smoothSolver:  Solving for Ux, Initial residual = 0.000102435, Final residual = 8.93246e-06, No Iterations 7
smoothSolver:  Solving for Uy, Initial residual = 0.00231554, Final residual = 0.000206485, No Iterations 6
smoothSolver:  Solving for Uz, Initial residual = 0.00198833, Final residual = 0.000173919, No Iterations 6
GAMG:  Solving for p, Initial residual = 0.00125168, Final residual = 1.13552e-05, No Iterations 3
time step continuity errors : sum local = 2.16789e-05, global = 2.95786e-07, cumulative = 4.70458e-05
smoothSolver:  Solving for omega, Initial residual = 2.00025e-05, Final residual = 1.18863e-06, No Iterations 3
smoothSolver:  Solving for k, Initial residual = 0.000185276, Final residual = 1.58576e-05, No Iterations 3
ExecutionTime = 37.71 s  ClockTime = 39 s

forceCoeffs forceCoeffs1 write:
    Cm    = 0.156214
    Cd    = 0.413023
    Cl    = 0.0610636
    Cl(f) = 0.186745
    Cl(r) = -0.125682

Time = 179

smoothSolver:  Solving for Ux, Initial residual = 0.000100814, Final residual = 8.60814e-06, No Iterations 7
smoothSolver:  Solving for Uy, Initial residual = 0.00229573, Final residual = 0.000201228, No Iterations 6
smoothSolver:  Solving for Uz, Initial residual = 0.00196819, Final residual = 0.000170554, No Iterations 6
GAMG:  Solving for p, Initial residual = 0.00124836, Final residual = 1.15444e-05, No Iterations 3
time step continuity errors : sum local = 2.20434e-05, global = 2.41887e-07, cumulative = 4.72876e-05
smoothSolver:  Solving for omega, Initial residual = 1.97853e-05, Final residual = 1.16196e-06, No Iterations 3
smoothSolver:  Solving for k, Initial residual = 0.000179526, Final residual = 1.53361e-05, No Iterations 3
ExecutionTime = 37.91 s  ClockTime = 39 s

forceCoeffs forceCoeffs1 write:
    Cm    = 0.156201
    Cd    = 0.413005
    Cl    = 0.0611445
    Cl(f) = 0.186773
    Cl(r) = -0.125629

Time = 180

smoothSolver:  Solving for Ux, Initial residual = 9.94655e-05, Final residual = 8.46076e-06, No Iterations 7
smoothSolver:  Solving for Uy, Initial residual = 0.00228655, Final residual = 0.00020035, No Iterations 6
smoothSolver:  Solving for Uz, Initial residual = 0.00195621, Final residual = 0.000170635, No Iterations 6
GAMG:  Solving for p, Initial residual = 0.00124732, Final residual = 1.18467e-05, No Iterations 3
time step continuity errors : sum local = 2.26252e-05, global = 2.26715e-07, cumulative = 4.75144e-05
smoothSolver:  Solving for omega, Initial residual = 1.97756e-05, Final residual = 1.13919e-06, No Iterations 3
smoothSolver:  Solving for k, Initial residual = 0.000174082, Final residual = 1.48715e-05, No Iterations 3
ExecutionTime = 38.12 s  ClockTime = 39 s

forceCoeffs forceCoeffs1 write:
    Cm    = 0.156137
    Cd    = 0.412891
    Cl    = 0.0611363
    Cl(f) = 0.186705
    Cl(r) = -0.125569

Time = 181

smoothSolver:  Solving for Ux, Initial residual = 9.82994e-05, Final residual = 8.29642e-06, No Iterations 7
smoothSolver:  Solving for Uy, Initial residual = 0.00228248, Final residual = 0.000197816, No Iterations 6
smoothSolver:  Solving for Uz, Initial residual = 0.0019483, Final residual = 0.000169828, No Iterations 6
GAMG:  Solving for p, Initial residual = 0.00124852, Final residual = 1.2209e-05, No Iterations 3
time step continuity errors : sum local = 2.33208e-05, global = 1.52343e-07, cumulative = 4.76667e-05
smoothSolver:  Solving for omega, Initial residual = 1.96437e-05, Final residual = 1.12734e-06, No Iterations 3
smoothSolver:  Solving for k, Initial residual = 0.000169327, Final residual = 1.45323e-05, No Iterations 3
ExecutionTime = 38.31 s  ClockTime = 40 s

forceCoeffs forceCoeffs1 write:
    Cm    = 0.156095
    Cd    = 0.412812
    Cl    = 0.0612355
    Cl(f) = 0.186713
    Cl(r) = -0.125478

Time = 182

smoothSolver:  Solving for Ux, Initial residual = 9.72927e-05, Final residual = 8.22871e-06, No Iterations 7
smoothSolver:  Solving for Uy, Initial residual = 0.00229046, Final residual = 0.000197996, No Iterations 6
smoothSolver:  Solving for Uz, Initial residual = 0.00194911, Final residual = 0.000170396, No Iterations 6
GAMG:  Solving for p, Initial residual = 0.00124721, Final residual = 4.90373e-06, No Iterations 4
time step continuity errors : sum local = 9.36822e-06, global = -6.90811e-09, cumulative = 4.76598e-05
smoothSolver:  Solving for omega, Initial residual = 1.94094e-05, Final residual = 1.10981e-06, No Iterations 3
smoothSolver:  Solving for k, Initial residual = 0.000165639, Final residual = 1.42497e-05, No Iterations 3
ExecutionTime = 38.52 s  ClockTime = 40 s

forceCoeffs forceCoeffs1 write:
    Cm    = 0.156035
    Cd    = 0.412666
    Cl    = 0.0612728
    Cl(f) = 0.186671
    Cl(r) = -0.125399

Time = 183

smoothSolver:  Solving for Ux, Initial residual = 9.7899e-05, Final residual = 8.305e-06, No Iterations 7
smoothSolver:  Solving for Uy, Initial residual = 0.00232969, Final residual = 0.000203549, No Iterations 6
smoothSolver:  Solving for Uz, Initial residual = 0.00197352, Final residual = 0.000175141, No Iterations 6
GAMG:  Solving for p, Initial residual = 0.00124806, Final residual = 1.23433e-05, No Iterations 3
time step continuity errors : sum local = 2.3584e-05, global = -1.70388e-08, cumulative = 4.76428e-05
smoothSolver:  Solving for omega, Initial residual = 1.92813e-05, Final residual = 1.09957e-06, No Iterations 3
smoothSolver:  Solving for k, Initial residual = 0.00016259, Final residual = 1.402e-05, No Iterations 3
ExecutionTime = 38.72 s  ClockTime = 40 s

forceCoeffs forceCoeffs1 write:
    Cm    = 0.155998
    Cd    = 0.412609
    Cl    = 0.0613455
    Cl(f) = 0.186671
    Cl(r) = -0.125325

Time = 184

smoothSolver:  Solving for Ux, Initial residual = 9.69662e-05, Final residual = 8.25078e-06, No Iterations 7
smoothSolver:  Solving for Uy, Initial residual = 0.00230756, Final residual = 0.000200854, No Iterations 6
smoothSolver:  Solving for Uz, Initial residual = 0.00195437, Final residual = 0.000172767, No Iterations 6
GAMG:  Solving for p, Initial residual = 0.0012454, Final residual = 5.15808e-06, No Iterations 4
time step continuity errors : sum local = 9.85611e-06, global = -5.21102e-08, cumulative = 4.75906e-05
smoothSolver:  Solving for omega, Initial residual = 1.91003e-05, Final residual = 1.09258e-06, No Iterations 3
smoothSolver:  Solving for k, Initial residual = 0.000160491, Final residual = 1.38247e-05, No Iterations 3
ExecutionTime = 38.92 s  ClockTime = 40 s

forceCoeffs forceCoeffs1 write:
    Cm    = 0.155957
    Cd    = 0.412499
    Cl    = 0.0614138
    Cl(f) = 0.186664
    Cl(r) = -0.12525

Time = 185

smoothSolver:  Solving for Ux, Initial residual = 9.75146e-05, Final residual = 8.26755e-06, No Iterations 7
smoothSolver:  Solving for Uy, Initial residual = 0.00233516, Final residual = 0.000206718, No Iterations 6
smoothSolver:  Solving for Uz, Initial residual = 0.00196876, Final residual = 0.000174265, No Iterations 6
GAMG:  Solving for p, Initial residual = 0.00124198, Final residual = 4.81022e-06, No Iterations 4
time step continuity errors : sum local = 9.19064e-06, global = -8.52205e-08, cumulative = 4.75054e-05
smoothSolver:  Solving for omega, Initial residual = 1.9129e-05, Final residual = 1.07954e-06, No Iterations 3
smoothSolver:  Solving for k, Initial residual = 0.000159554, Final residual = 1.36728e-05, No Iterations 3
ExecutionTime = 39.14 s  ClockTime = 40 s

forceCoeffs forceCoeffs1 write:
    Cm    = 0.155945
    Cd    = 0.412453
    Cl    = 0.0615369
    Cl(f) = 0.186714
    Cl(r) = -0.125177

Time = 186

smoothSolver:  Solving for Ux, Initial residual = 9.73443e-05, Final residual = 8.27703e-06, No Iterations 7
smoothSolver:  Solving for Uy, Initial residual = 0.00233454, Final residual = 0.000208283, No Iterations 6
smoothSolver:  Solving for Uz, Initial residual = 0.00196734, Final residual = 0.00017387, No Iterations 6
GAMG:  Solving for p, Initial residual = 0.00123888, Final residual = 4.79785e-06, No Iterations 4
time step continuity errors : sum local = 9.16605e-06, global = -1.03068e-07, cumulative = 4.74024e-05
smoothSolver:  Solving for omega, Initial residual = 1.91509e-05, Final residual = 1.07584e-06, No Iterations 3
smoothSolver:  Solving for k, Initial residual = 0.000159326, Final residual = 1.35205e-05, No Iterations 3
ExecutionTime = 39.34 s  ClockTime = 41 s

forceCoeffs forceCoeffs1 write:
    Cm    = 0.155956
    Cd    = 0.412422
    Cl    = 0.0616134
    Cl(f) = 0.186762
    Cl(r) = -0.125149

Time = 187

smoothSolver:  Solving for Ux, Initial residual = 9.7299e-05, Final residual = 8.25545e-06, No Iterations 7
smoothSolver:  Solving for Uy, Initial residual = 0.00233213, Final residual = 0.000208627, No Iterations 6
smoothSolver:  Solving for Uz, Initial residual = 0.00196981, Final residual = 0.000173152, No Iterations 6
GAMG:  Solving for p, Initial residual = 0.00123665, Final residual = 4.65749e-06, No Iterations 4
time step continuity errors : sum local = 8.89641e-06, global = -1.17975e-07, cumulative = 4.72844e-05
smoothSolver:  Solving for omega, Initial residual = 1.91066e-05, Final residual = 1.07147e-06, No Iterations 3
smoothSolver:  Solving for k, Initial residual = 0.000159411, Final residual = 1.34072e-05, No Iterations 3
ExecutionTime = 39.55 s  ClockTime = 41 s

forceCoeffs forceCoeffs1 write:
    Cm    = 0.155955
    Cd    = 0.412415
    Cl    = 0.0617145
    Cl(f) = 0.186812
    Cl(r) = -0.125097

Time = 188

smoothSolver:  Solving for Ux, Initial residual = 9.73853e-05, Final residual = 8.26249e-06, No Iterations 7
smoothSolver:  Solving for Uy, Initial residual = 0.00233685, Final residual = 0.000210973, No Iterations 6
smoothSolver:  Solving for Uz, Initial residual = 0.0019613, Final residual = 0.000173646, No Iterations 6
GAMG:  Solving for p, Initial residual = 0.00123484, Final residual = 1.2163e-05, No Iterations 3
time step continuity errors : sum local = 2.32282e-05, global = -2.59214e-07, cumulative = 4.70252e-05
smoothSolver:  Solving for omega, Initial residual = 1.93436e-05, Final residual = 1.06906e-06, No Iterations 3
smoothSolver:  Solving for k, Initial residual = 0.000159754, Final residual = 1.33285e-05, No Iterations 3
ExecutionTime = 39.74 s  ClockTime = 41 s

forceCoeffs forceCoeffs1 write:
    Cm    = 0.155979
    Cd    = 0.412412
    Cl    = 0.0617757
    Cl(f) = 0.186867
    Cl(r) = -0.125091

Time = 189

smoothSolver:  Solving for Ux, Initial residual = 9.71073e-05, Final residual = 8.21836e-06, No Iterations 7
smoothSolver:  Solving for Uy, Initial residual = 0.00232396, Final residual = 0.000209975, No Iterations 6
smoothSolver:  Solving for Uz, Initial residual = 0.00194082, Final residual = 0.000171569, No Iterations 6
GAMG:  Solving for p, Initial residual = 0.00123315, Final residual = 4.79141e-06, No Iterations 4
time step continuity errors : sum local = 9.14903e-06, global = -5.54279e-08, cumulative = 4.69697e-05
smoothSolver:  Solving for omega, Initial residual = 1.94392e-05, Final residual = 1.08305e-06, No Iterations 3
smoothSolver:  Solving for k, Initial residual = 0.000159835, Final residual = 1.32966e-05, No Iterations 3
ExecutionTime = 39.95 s  ClockTime = 41 s

forceCoeffs forceCoeffs1 write:
    Cm    = 0.155995
    Cd    = 0.412416
    Cl    = 0.0619304
    Cl(f) = 0.186961
    Cl(r) = -0.12503

Time = 190

smoothSolver:  Solving for Ux, Initial residual = 9.76875e-05, Final residual = 8.28531e-06, No Iterations 7
smoothSolver:  Solving for Uy, Initial residual = 0.00236066, Final residual = 0.000217962, No Iterations 6
smoothSolver:  Solving for Uz, Initial residual = 0.00195697, Final residual = 0.00017587, No Iterations 6
GAMG:  Solving for p, Initial residual = 0.00123304, Final residual = 1.17214e-05, No Iterations 3
time step continuity errors : sum local = 2.2374e-05, global = -2.21768e-07, cumulative = 4.6748e-05
smoothSolver:  Solving for omega, Initial residual = 1.92846e-05, Final residual = 1.09378e-06, No Iterations 3
smoothSolver:  Solving for k, Initial residual = 0.000159539, Final residual = 1.32692e-05, No Iterations 3
ExecutionTime = 40.14 s  ClockTime = 41 s

forceCoeffs forceCoeffs1 write:
    Cm    = 0.156034
    Cd    = 0.412404
    Cl    = 0.0620267
    Cl(f) = 0.187047
    Cl(r) = -0.12502

Time = 191

smoothSolver:  Solving for Ux, Initial residual = 9.72392e-05, Final residual = 8.27147e-06, No Iterations 7
smoothSolver:  Solving for Uy, Initial residual = 0.00233808, Final residual = 0.000216082, No Iterations 6
smoothSolver:  Solving for Uz, Initial residual = 0.00193277, Final residual = 0.000173553, No Iterations 6
GAMG:  Solving for p, Initial residual = 0.00123238, Final residual = 1.19711e-05, No Iterations 3
time step continuity errors : sum local = 2.28469e-05, global = -2.86326e-07, cumulative = 4.64616e-05
smoothSolver:  Solving for omega, Initial residual = 1.94582e-05, Final residual = 1.10519e-06, No Iterations 3
smoothSolver:  Solving for k, Initial residual = 0.000159105, Final residual = 1.3232e-05, No Iterations 3
ExecutionTime = 40.34 s  ClockTime = 42 s

forceCoeffs forceCoeffs1 write:
    Cm    = 0.15605
    Cd    = 0.412399
    Cl    = 0.0621287
    Cl(f) = 0.187115
    Cl(r) = -0.124986

Time = 192

smoothSolver:  Solving for Ux, Initial residual = 9.68931e-05, Final residual = 8.33166e-06, No Iterations 7
smoothSolver:  Solving for Uy, Initial residual = 0.0023441, Final residual = 0.000218779, No Iterations 6
smoothSolver:  Solving for Uz, Initial residual = 0.00193233, Final residual = 0.000174968, No Iterations 6
GAMG:  Solving for p, Initial residual = 0.00123516, Final residual = 1.18342e-05, No Iterations 3
time step continuity errors : sum local = 2.25815e-05, global = -2.30214e-07, cumulative = 4.62314e-05
smoothSolver:  Solving for omega, Initial residual = 1.96041e-05, Final residual = 1.1247e-06, No Iterations 3
smoothSolver:  Solving for k, Initial residual = 0.000158584, Final residual = 1.32134e-05, No Iterations 3
ExecutionTime = 40.55 s  ClockTime = 42 s

forceCoeffs forceCoeffs1 write:
    Cm    = 0.156103
    Cd    = 0.412436
    Cl    = 0.0622462
    Cl(f) = 0.187226
    Cl(r) = -0.124979

Time = 193

smoothSolver:  Solving for Ux, Initial residual = 9.70875e-05, Final residual = 8.43567e-06, No Iterations 7
smoothSolver:  Solving for Uy, Initial residual = 0.00234947, Final residual = 0.000219903, No Iterations 6
smoothSolver:  Solving for Uz, Initial residual = 0.00193099, Final residual = 0.000175351, No Iterations 6
GAMG:  Solving for p, Initial residual = 0.0012383, Final residual = 1.17619e-05, No Iterations 3
time step continuity errors : sum local = 2.2437e-05, global = -1.71274e-07, cumulative = 4.60602e-05
smoothSolver:  Solving for omega, Initial residual = 1.98551e-05, Final residual = 1.12823e-06, No Iterations 3
smoothSolver:  Solving for k, Initial residual = 0.000158067, Final residual = 1.32172e-05, No Iterations 3
ExecutionTime = 40.75 s  ClockTime = 42 s

forceCoeffs forceCoeffs1 write:
    Cm    = 0.156134
    Cd    = 0.412486
    Cl    = 0.0622959
    Cl(f) = 0.187282
    Cl(r) = -0.124986

Time = 194

smoothSolver:  Solving for Ux, Initial residual = 9.71326e-05, Final residual = 8.55452e-06, No Iterations 7
smoothSolver:  Solving for Uy, Initial residual = 0.00235766, Final residual = 0.00022174, No Iterations 6
smoothSolver:  Solving for Uz, Initial residual = 0.00193009, Final residual = 0.000176217, No Iterations 6
GAMG:  Solving for p, Initial residual = 0.00124167, Final residual = 1.18438e-05, No Iterations 3
time step continuity errors : sum local = 2.25879e-05, global = -9.90595e-08, cumulative = 4.59611e-05
smoothSolver:  Solving for omega, Initial residual = 2.00345e-05, Final residual = 1.13094e-06, No Iterations 3
smoothSolver:  Solving for k, Initial residual = 0.00015775, Final residual = 1.32471e-05, No Iterations 3
ExecutionTime = 40.95 s  ClockTime = 42 s

forceCoeffs forceCoeffs1 write:
    Cm    = 0.156202
    Cd    = 0.412539
    Cl    = 0.0624099
    Cl(f) = 0.187407
    Cl(r) = -0.124997

Time = 195

smoothSolver:  Solving for Ux, Initial residual = 9.7252e-05, Final residual = 8.67353e-06, No Iterations 7
smoothSolver:  Solving for Uy, Initial residual = 0.00236747, Final residual = 0.000223694, No Iterations 6
smoothSolver:  Solving for Uz, Initial residual = 0.00194554, Final residual = 0.000178321, No Iterations 6
GAMG:  Solving for p, Initial residual = 0.00124385, Final residual = 1.2013e-05, No Iterations 3
time step continuity errors : sum local = 2.29049e-05, global = -5.70861e-08, cumulative = 4.5904e-05
smoothSolver:  Solving for omega, Initial residual = 2.01145e-05, Final residual = 1.1388e-06, No Iterations 3
smoothSolver:  Solving for k, Initial residual = 0.000157478, Final residual = 1.32718e-05, No Iterations 3
ExecutionTime = 41.14 s  ClockTime = 42 s

forceCoeffs forceCoeffs1 write:
    Cm    = 0.156268
    Cd    = 0.412584
    Cl    = 0.0624846
    Cl(f) = 0.18751
    Cl(r) = -0.125025

Time = 196

smoothSolver:  Solving for Ux, Initial residual = 9.73956e-05, Final residual = 8.81783e-06, No Iterations 7
smoothSolver:  Solving for Uy, Initial residual = 0.00238054, Final residual = 0.000227215, No Iterations 6
smoothSolver:  Solving for Uz, Initial residual = 0.00194349, Final residual = 0.000179816, No Iterations 6
GAMG:  Solving for p, Initial residual = 0.00124801, Final residual = 1.21872e-05, No Iterations 3
time step continuity errors : sum local = 2.32312e-05, global = -1.30393e-08, cumulative = 4.5891e-05
smoothSolver:  Solving for omega, Initial residual = 2.01592e-05, Final residual = 1.14915e-06, No Iterations 3
smoothSolver:  Solving for k, Initial residual = 0.000158135, Final residual = 1.33352e-05, No Iterations 3
ExecutionTime = 41.35 s  ClockTime = 43 s

forceCoeffs forceCoeffs1 write:
    Cm    = 0.156393
    Cd    = 0.412677
    Cl    = 0.0626195
    Cl(f) = 0.187702
    Cl(r) = -0.125083

Time = 197

smoothSolver:  Solving for Ux, Initial residual = 9.79965e-05, Final residual = 8.9692e-06, No Iterations 7
smoothSolver:  Solving for Uy, Initial residual = 0.00238715, Final residual = 0.000230123, No Iterations 6
smoothSolver:  Solving for Uz, Initial residual = 0.00195908, Final residual = 0.000182936, No Iterations 6
GAMG:  Solving for p, Initial residual = 0.00125102, Final residual = 1.23681e-05, No Iterations 3
time step continuity errors : sum local = 2.35696e-05, global = 1.03081e-08, cumulative = 4.59013e-05
smoothSolver:  Solving for omega, Initial residual = 2.03491e-05, Final residual = 1.16244e-06, No Iterations 3
smoothSolver:  Solving for k, Initial residual = 0.000159094, Final residual = 1.3405e-05, No Iterations 3
ExecutionTime = 41.55 s  ClockTime = 43 s

forceCoeffs forceCoeffs1 write:
    Cm    = 0.156464
    Cd    = 0.412734
    Cl    = 0.0626492
    Cl(f) = 0.187788
    Cl(r) = -0.125139

Time = 198

smoothSolver:  Solving for Ux, Initial residual = 9.8647e-05, Final residual = 9.14024e-06, No Iterations 7
smoothSolver:  Solving for Uy, Initial residual = 0.00239861, Final residual = 0.000234031, No Iterations 6
smoothSolver:  Solving for Uz, Initial residual = 0.00196576, Final residual = 0.000185004, No Iterations 6
GAMG:  Solving for p, Initial residual = 0.00125379, Final residual = 5.0253e-06, No Iterations 4
time step continuity errors : sum local = 9.57443e-06, global = 2.74069e-09, cumulative = 4.5904e-05
smoothSolver:  Solving for omega, Initial residual = 2.04981e-05, Final residual = 1.18361e-06, No Iterations 3
smoothSolver:  Solving for k, Initial residual = 0.000160388, Final residual = 1.3499e-05, No Iterations 3
ExecutionTime = 41.75 s  ClockTime = 43 s

forceCoeffs forceCoeffs1 write:
    Cm    = 0.156576
    Cd    = 0.412829
    Cl    = 0.062766
    Cl(f) = 0.187959
    Cl(r) = -0.125193

Time = 199

smoothSolver:  Solving for Ux, Initial residual = 0.000100166, Final residual = 9.40018e-06, No Iterations 7
smoothSolver:  Solving for Uy, Initial residual = 0.00243698, Final residual = 0.000241465, No Iterations 6
smoothSolver:  Solving for Uz, Initial residual = 0.00200229, Final residual = 0.000191472, No Iterations 6
GAMG:  Solving for p, Initial residual = 0.00126098, Final residual = 4.63666e-06, No Iterations 4
time step continuity errors : sum local = 8.83012e-06, global = 1.18142e-08, cumulative = 4.59158e-05
smoothSolver:  Solving for omega, Initial residual = 2.07685e-05, Final residual = 1.20693e-06, No Iterations 3
smoothSolver:  Solving for k, Initial residual = 0.0001617, Final residual = 1.36336e-05, No Iterations 3
ExecutionTime = 41.96 s  ClockTime = 43 s

forceCoeffs forceCoeffs1 write:
    Cm    = 0.156628
    Cd    = 0.412793
    Cl    = 0.0628054
    Cl(f) = 0.18803
    Cl(r) = -0.125225

Time = 200

smoothSolver:  Solving for Ux, Initial residual = 0.000101099, Final residual = 9.60113e-06, No Iterations 7
smoothSolver:  Solving for Uy, Initial residual = 0.00244496, Final residual = 0.000242537, No Iterations 6
smoothSolver:  Solving for Uz, Initial residual = 0.00201655, Final residual = 0.000193294, No Iterations 6
GAMG:  Solving for p, Initial residual = 0.00126703, Final residual = 4.73767e-06, No Iterations 4
time step continuity errors : sum local = 9.02151e-06, global = 1.83227e-08, cumulative = 4.59342e-05
smoothSolver:  Solving for omega, Initial residual = 2.08232e-05, Final residual = 1.22886e-06, No Iterations 3
smoothSolver:  Solving for k, Initial residual = 0.000163831, Final residual = 1.38027e-05, No Iterations 3
ExecutionTime = 42.18 s  ClockTime = 44 s

streamLine streamLines write:
    seeded 20 particles
    Tracks:20
    Total samples:21469
    Writing data to "/mnt/aiongpfs/users/mghavami/motorBike-RUN-12/postProcessing/sets/streamLines/200"
forceCoeffs forceCoeffs1 write:
    Cm    = 0.156729
    Cd    = 0.412795
    Cl    = 0.0629561
    Cl(f) = 0.188207
    Cl(r) = -0.125251

Time = 201

smoothSolver:  Solving for Ux, Initial residual = 0.000102512, Final residual = 9.82958e-06, No Iterations 7
smoothSolver:  Solving for Uy, Initial residual = 0.00246216, Final residual = 0.000245318, No Iterations 6
smoothSolver:  Solving for Uz, Initial residual = 0.00204031, Final residual = 0.000197546, No Iterations 6
GAMG:  Solving for p, Initial residual = 0.00127597, Final residual = 4.82946e-06, No Iterations 4
time step continuity errors : sum local = 9.19509e-06, global = 2.10013e-08, cumulative = 4.59552e-05
smoothSolver:  Solving for omega, Initial residual = 2.12341e-05, Final residual = 1.25358e-06, No Iterations 3
smoothSolver:  Solving for k, Initial residual = 0.000166386, Final residual = 1.40089e-05, No Iterations 3
ExecutionTime = 42.68 s  ClockTime = 44 s

forceCoeffs forceCoeffs1 write:
    Cm    = 0.156758
    Cd    = 0.412715
    Cl    = 0.0630768
    Cl(f) = 0.188297
    Cl(r) = -0.12522

Time = 202

smoothSolver:  Solving for Ux, Initial residual = 0.000103996, Final residual = 1.00202e-05, No Iterations 7
smoothSolver:  Solving for Uy, Initial residual = 0.00248701, Final residual = 0.000248428, No Iterations 6
smoothSolver:  Solving for Uz, Initial residual = 0.0020561, Final residual = 0.000200599, No Iterations 6
GAMG:  Solving for p, Initial residual = 0.0012887, Final residual = 4.90372e-06, No Iterations 4
time step continuity errors : sum local = 9.33545e-06, global = 1.5402e-08, cumulative = 4.59706e-05
smoothSolver:  Solving for omega, Initial residual = 2.15793e-05, Final residual = 1.28503e-06, No Iterations 3
smoothSolver:  Solving for k, Initial residual = 0.000169753, Final residual = 1.42641e-05, No Iterations 3
ExecutionTime = 42.89 s  ClockTime = 44 s

forceCoeffs forceCoeffs1 write:
    Cm    = 0.156832
    Cd    = 0.412683
    Cl    = 0.0632802
    Cl(f) = 0.188472
    Cl(r) = -0.125192

Time = 203

smoothSolver:  Solving for Ux, Initial residual = 0.000105548, Final residual = 1.01899e-05, No Iterations 7
smoothSolver:  Solving for Uy, Initial residual = 0.00251182, Final residual = 0.000250469, No Iterations 6
smoothSolver:  Solving for Uz, Initial residual = 0.00208123, Final residual = 0.000203314, No Iterations 6
GAMG:  Solving for p, Initial residual = 0.00129582, Final residual = 5.03313e-06, No Iterations 4
time step continuity errors : sum local = 9.5799e-06, global = 9.02762e-09, cumulative = 4.59796e-05
smoothSolver:  Solving for omega, Initial residual = 2.20019e-05, Final residual = 1.31445e-06, No Iterations 3
smoothSolver:  Solving for k, Initial residual = 0.000173178, Final residual = 1.4532e-05, No Iterations 3
ExecutionTime = 43.09 s  ClockTime = 44 s

forceCoeffs forceCoeffs1 write:
    Cm    = 0.156839
    Cd    = 0.412581
    Cl    = 0.0634321
    Cl(f) = 0.188555
    Cl(r) = -0.125123

Time = 204

smoothSolver:  Solving for Ux, Initial residual = 0.00010667, Final residual = 1.03317e-05, No Iterations 7
smoothSolver:  Solving for Uy, Initial residual = 0.00251832, Final residual = 0.00025176, No Iterations 6
smoothSolver:  Solving for Uz, Initial residual = 0.00209295, Final residual = 0.000204311, No Iterations 6
GAMG:  Solving for p, Initial residual = 0.00130467, Final residual = 5.07617e-06, No Iterations 4
time step continuity errors : sum local = 9.6604e-06, global = 4.57397e-09, cumulative = 4.59842e-05
smoothSolver:  Solving for omega, Initial residual = 2.22117e-05, Final residual = 1.33489e-06, No Iterations 3
smoothSolver:  Solving for k, Initial residual = 0.000176734, Final residual = 1.48276e-05, No Iterations 3
ExecutionTime = 43.3 s  ClockTime = 45 s

forceCoeffs forceCoeffs1 write:
    Cm    = 0.156891
    Cd    = 0.41252
    Cl    = 0.0636485
    Cl(f) = 0.188716
    Cl(r) = -0.125067

Time = 205

smoothSolver:  Solving for Ux, Initial residual = 0.000107529, Final residual = 1.04553e-05, No Iterations 7
smoothSolver:  Solving for Uy, Initial residual = 0.0025263, Final residual = 0.000251811, No Iterations 6
smoothSolver:  Solving for Uz, Initial residual = 0.00210629, Final residual = 0.000204957, No Iterations 6
GAMG:  Solving for p, Initial residual = 0.00130928, Final residual = 5.11113e-06, No Iterations 4
time step continuity errors : sum local = 9.72506e-06, global = -5.39517e-09, cumulative = 4.59788e-05
smoothSolver:  Solving for omega, Initial residual = 2.22273e-05, Final residual = 1.34888e-06, No Iterations 3
smoothSolver:  Solving for k, Initial residual = 0.000180277, Final residual = 1.51378e-05, No Iterations 3
ExecutionTime = 43.5 s  ClockTime = 45 s

forceCoeffs forceCoeffs1 write:
    Cm    = 0.156899
    Cd    = 0.412413
    Cl    = 0.063856
    Cl(f) = 0.188827
    Cl(r) = -0.124971

Time = 206

smoothSolver:  Solving for Ux, Initial residual = 0.000108147, Final residual = 1.05029e-05, No Iterations 7
smoothSolver:  Solving for Uy, Initial residual = 0.00251758, Final residual = 0.000250936, No Iterations 6
smoothSolver:  Solving for Uz, Initial residual = 0.00211527, Final residual = 0.000204942, No Iterations 6
GAMG:  Solving for p, Initial residual = 0.00131508, Final residual = 5.11372e-06, No Iterations 4
time step continuity errors : sum local = 9.72811e-06, global = -1.42564e-08, cumulative = 4.59645e-05
smoothSolver:  Solving for omega, Initial residual = 2.20989e-05, Final residual = 1.35747e-06, No Iterations 3
smoothSolver:  Solving for k, Initial residual = 0.000183989, Final residual = 1.54596e-05, No Iterations 3
ExecutionTime = 43.7 s  ClockTime = 45 s

forceCoeffs forceCoeffs1 write:
    Cm    = 0.156964
    Cd    = 0.412362
    Cl    = 0.0640942
    Cl(f) = 0.189011
    Cl(r) = -0.124916

Time = 207

smoothSolver:  Solving for Ux, Initial residual = 0.000108651, Final residual = 1.05759e-05, No Iterations 7
smoothSolver:  Solving for Uy, Initial residual = 0.00251101, Final residual = 0.000249978, No Iterations 6
smoothSolver:  Solving for Uz, Initial residual = 0.002127, Final residual = 0.000205454, No Iterations 6
GAMG:  Solving for p, Initial residual = 0.0013202, Final residual = 5.09471e-06, No Iterations 4
time step continuity errors : sum local = 9.68933e-06, global = -2.7298e-08, cumulative = 4.59372e-05
smoothSolver:  Solving for omega, Initial residual = 2.21899e-05, Final residual = 1.37303e-06, No Iterations 3
smoothSolver:  Solving for k, Initial residual = 0.00018786, Final residual = 1.58057e-05, No Iterations 3
ExecutionTime = 43.91 s  ClockTime = 45 s

forceCoeffs forceCoeffs1 write:
    Cm    = 0.156985
    Cd    = 0.412285
    Cl    = 0.0642377
    Cl(f) = 0.189104
    Cl(r) = -0.124867

Time = 208

smoothSolver:  Solving for Ux, Initial residual = 0.000109325, Final residual = 1.06213e-05, No Iterations 7
smoothSolver:  Solving for Uy, Initial residual = 0.00250385, Final residual = 0.000249275, No Iterations 6
smoothSolver:  Solving for Uz, Initial residual = 0.00212688, Final residual = 0.000204067, No Iterations 6
GAMG:  Solving for p, Initial residual = 0.00132463, Final residual = 5.01497e-06, No Iterations 4
time step continuity errors : sum local = 9.53537e-06, global = -3.51813e-08, cumulative = 4.5902e-05
smoothSolver:  Solving for omega, Initial residual = 2.23101e-05, Final residual = 1.37418e-06, No Iterations 3
smoothSolver:  Solving for k, Initial residual = 0.000192071, Final residual = 1.61571e-05, No Iterations 3
ExecutionTime = 44.11 s  ClockTime = 46 s

forceCoeffs forceCoeffs1 write:
    Cm    = 0.157038
    Cd    = 0.412253
    Cl    = 0.064373
    Cl(f) = 0.189225
    Cl(r) = -0.124852

Time = 209

smoothSolver:  Solving for Ux, Initial residual = 0.000109325, Final residual = 1.06349e-05, No Iterations 7
smoothSolver:  Solving for Uy, Initial residual = 0.00250321, Final residual = 0.000247934, No Iterations 6
smoothSolver:  Solving for Uz, Initial residual = 0.00212763, Final residual = 0.000202618, No Iterations 6
GAMG:  Solving for p, Initial residual = 0.00132397, Final residual = 4.97431e-06, No Iterations 4
time step continuity errors : sum local = 9.45585e-06, global = -7.01226e-08, cumulative = 4.58319e-05
smoothSolver:  Solving for omega, Initial residual = 2.23665e-05, Final residual = 1.38122e-06, No Iterations 3
smoothSolver:  Solving for k, Initial residual = 0.000195631, Final residual = 1.64863e-05, No Iterations 3
ExecutionTime = 44.32 s  ClockTime = 46 s

forceCoeffs forceCoeffs1 write:
    Cm    = 0.157038
    Cd    = 0.412148
    Cl    = 0.0644821
    Cl(f) = 0.189279
    Cl(r) = -0.124797

Time = 210

smoothSolver:  Solving for Ux, Initial residual = 0.000109349, Final residual = 1.05976e-05, No Iterations 7
smoothSolver:  Solving for Uy, Initial residual = 0.00248523, Final residual = 0.000246864, No Iterations 6
smoothSolver:  Solving for Uz, Initial residual = 0.00211793, Final residual = 0.000200611, No Iterations 6
GAMG:  Solving for p, Initial residual = 0.00132417, Final residual = 4.95996e-06, No Iterations 4
time step continuity errors : sum local = 9.4262e-06, global = -9.68663e-08, cumulative = 4.5735e-05
smoothSolver:  Solving for omega, Initial residual = 2.22965e-05, Final residual = 1.37901e-06, No Iterations 3
smoothSolver:  Solving for k, Initial residual = 0.000199106, Final residual = 1.67893e-05, No Iterations 3
ExecutionTime = 44.53 s  ClockTime = 46 s

forceCoeffs forceCoeffs1 write:
    Cm    = 0.157095
    Cd    = 0.412102
    Cl    = 0.0646158
    Cl(f) = 0.189403
    Cl(r) = -0.124787

Time = 211

smoothSolver:  Solving for Ux, Initial residual = 0.000109259, Final residual = 1.054e-05, No Iterations 7
smoothSolver:  Solving for Uy, Initial residual = 0.00247355, Final residual = 0.000244894, No Iterations 6
smoothSolver:  Solving for Uz, Initial residual = 0.00211126, Final residual = 0.000199187, No Iterations 6
GAMG:  Solving for p, Initial residual = 0.00132103, Final residual = 4.89244e-06, No Iterations 4
time step continuity errors : sum local = 9.29526e-06, global = -1.20664e-07, cumulative = 4.56144e-05
smoothSolver:  Solving for omega, Initial residual = 2.23326e-05, Final residual = 1.3738e-06, No Iterations 3
smoothSolver:  Solving for k, Initial residual = 0.000202134, Final residual = 1.70368e-05, No Iterations 3
ExecutionTime = 44.73 s  ClockTime = 46 s

forceCoeffs forceCoeffs1 write:
    Cm    = 0.157109
    Cd    = 0.412036
    Cl    = 0.0646707
    Cl(f) = 0.189445
    Cl(r) = -0.124774

Time = 212

smoothSolver:  Solving for Ux, Initial residual = 0.000108743, Final residual = 1.04075e-05, No Iterations 7
smoothSolver:  Solving for Uy, Initial residual = 0.00245672, Final residual = 0.000242062, No Iterations 6
smoothSolver:  Solving for Uz, Initial residual = 0.00210138, Final residual = 0.000196882, No Iterations 6
GAMG:  Solving for p, Initial residual = 0.00132304, Final residual = 4.86194e-06, No Iterations 4
time step continuity errors : sum local = 9.23526e-06, global = -1.28345e-07, cumulative = 4.5486e-05
smoothSolver:  Solving for omega, Initial residual = 2.20148e-05, Final residual = 1.36524e-06, No Iterations 3
smoothSolver:  Solving for k, Initial residual = 0.000204454, Final residual = 1.72415e-05, No Iterations 3
ExecutionTime = 44.94 s  ClockTime = 46 s

forceCoeffs forceCoeffs1 write:
    Cm    = 0.157159
    Cd    = 0.412017
    Cl    = 0.0647357
    Cl(f) = 0.189527
    Cl(r) = -0.124791

Time = 213

smoothSolver:  Solving for Ux, Initial residual = 0.000107873, Final residual = 1.02272e-05, No Iterations 7
smoothSolver:  Solving for Uy, Initial residual = 0.00243943, Final residual = 0.000238603, No Iterations 6
smoothSolver:  Solving for Uz, Initial residual = 0.00209025, Final residual = 0.00019452, No Iterations 6
GAMG:  Solving for p, Initial residual = 0.00132233, Final residual = 1.31327e-05, No Iterations 3
time step continuity errors : sum local = 2.49396e-05, global = -2.11561e-07, cumulative = 4.52745e-05
smoothSolver:  Solving for omega, Initial residual = 2.19865e-05, Final residual = 1.35033e-06, No Iterations 3
smoothSolver:  Solving for k, Initial residual = 0.000206135, Final residual = 1.73864e-05, No Iterations 3
ExecutionTime = 45.14 s  ClockTime = 47 s

forceCoeffs forceCoeffs1 write:
    Cm    = 0.15716
    Cd    = 0.411966
    Cl    = 0.0647444
    Cl(f) = 0.189532
    Cl(r) = -0.124788

Time = 214

smoothSolver:  Solving for Ux, Initial residual = 0.000106564, Final residual = 9.94755e-06, No Iterations 7
smoothSolver:  Solving for Uy, Initial residual = 0.00240721, Final residual = 0.000232316, No Iterations 6
smoothSolver:  Solving for Uz, Initial residual = 0.00206825, Final residual = 0.000189302, No Iterations 6
GAMG:  Solving for p, Initial residual = 0.00131684, Final residual = 5.14099e-06, No Iterations 4
time step continuity errors : sum local = 9.76153e-06, global = -1.50459e-07, cumulative = 4.5124e-05
smoothSolver:  Solving for omega, Initial residual = 2.20811e-05, Final residual = 1.34149e-06, No Iterations 3
smoothSolver:  Solving for k, Initial residual = 0.000206777, Final residual = 1.74768e-05, No Iterations 3
ExecutionTime = 45.34 s  ClockTime = 47 s

forceCoeffs forceCoeffs1 write:
    Cm    = 0.157178
    Cd    = 0.411947
    Cl    = 0.0648034
    Cl(f) = 0.189579
    Cl(r) = -0.124776

Time = 215

smoothSolver:  Solving for Ux, Initial residual = 0.000105758, Final residual = 9.75237e-06, No Iterations 7
smoothSolver:  Solving for Uy, Initial residual = 0.00241889, Final residual = 0.000234103, No Iterations 6
smoothSolver:  Solving for Uz, Initial residual = 0.00207157, Final residual = 0.000189654, No Iterations 6
GAMG:  Solving for p, Initial residual = 0.00131195, Final residual = 1.29899e-05, No Iterations 3
time step continuity errors : sum local = 2.46596e-05, global = -2.14226e-07, cumulative = 4.49098e-05
smoothSolver:  Solving for omega, Initial residual = 2.14839e-05, Final residual = 1.32159e-06, No Iterations 3
smoothSolver:  Solving for k, Initial residual = 0.000206443, Final residual = 1.74897e-05, No Iterations 3
ExecutionTime = 45.55 s  ClockTime = 47 s

forceCoeffs forceCoeffs1 write:
    Cm    = 0.15715
    Cd    = 0.411879
    Cl    = 0.0648253
    Cl(f) = 0.189563
    Cl(r) = -0.124738

Time = 216

smoothSolver:  Solving for Ux, Initial residual = 0.00010395, Final residual = 9.45111e-06, No Iterations 7
smoothSolver:  Solving for Uy, Initial residual = 0.00237612, Final residual = 0.000228233, No Iterations 6
smoothSolver:  Solving for Uz, Initial residual = 0.00204706, Final residual = 0.000185361, No Iterations 6
GAMG:  Solving for p, Initial residual = 0.00130815, Final residual = 5.17544e-06, No Iterations 4
time step continuity errors : sum local = 9.8241e-06, global = -1.32612e-07, cumulative = 4.47772e-05
smoothSolver:  Solving for omega, Initial residual = 2.13186e-05, Final residual = 1.30984e-06, No Iterations 3
smoothSolver:  Solving for k, Initial residual = 0.000205814, Final residual = 1.74638e-05, No Iterations 3
ExecutionTime = 45.75 s  ClockTime = 47 s

forceCoeffs forceCoeffs1 write:
    Cm    = 0.157169
    Cd    = 0.411893
    Cl    = 0.0648979
    Cl(f) = 0.189618
    Cl(r) = -0.12472

Time = 217

smoothSolver:  Solving for Ux, Initial residual = 0.00010358, Final residual = 9.32364e-06, No Iterations 7
smoothSolver:  Solving for Uy, Initial residual = 0.00239775, Final residual = 0.000231987, No Iterations 6
smoothSolver:  Solving for Uz, Initial residual = 0.00206349, Final residual = 0.000187775, No Iterations 6
GAMG:  Solving for p, Initial residual = 0.00130479, Final residual = 1.29369e-05, No Iterations 3
time step continuity errors : sum local = 2.45525e-05, global = -1.49912e-07, cumulative = 4.46273e-05
smoothSolver:  Solving for omega, Initial residual = 2.13883e-05, Final residual = 1.3031e-06, No Iterations 3
smoothSolver:  Solving for k, Initial residual = 0.000204525, Final residual = 1.74057e-05, No Iterations 3
ExecutionTime = 45.95 s  ClockTime = 47 s

forceCoeffs forceCoeffs1 write:
    Cm    = 0.157148
    Cd    = 0.411849
    Cl    = 0.0649614
    Cl(f) = 0.189628
    Cl(r) = -0.124667

Time = 218

smoothSolver:  Solving for Ux, Initial residual = 0.000102026, Final residual = 9.06818e-06, No Iterations 7
smoothSolver:  Solving for Uy, Initial residual = 0.00236661, Final residual = 0.000226852, No Iterations 6
smoothSolver:  Solving for Uz, Initial residual = 0.00203959, Final residual = 0.000183416, No Iterations 6
GAMG:  Solving for p, Initial residual = 0.0012994, Final residual = 5.13485e-06, No Iterations 4
time step continuity errors : sum local = 9.74423e-06, global = -9.50885e-08, cumulative = 4.45322e-05
smoothSolver:  Solving for omega, Initial residual = 2.12439e-05, Final residual = 1.29689e-06, No Iterations 3
smoothSolver:  Solving for k, Initial residual = 0.000202968, Final residual = 1.72919e-05, No Iterations 3
ExecutionTime = 46.16 s  ClockTime = 48 s

forceCoeffs forceCoeffs1 write:
    Cm    = 0.157174
    Cd    = 0.41191
    Cl    = 0.0650211
    Cl(f) = 0.189685
    Cl(r) = -0.124664

Time = 219

smoothSolver:  Solving for Ux, Initial residual = 0.000101815, Final residual = 9.04269e-06, No Iterations 7
smoothSolver:  Solving for Uy, Initial residual = 0.00239503, Final residual = 0.000231832, No Iterations 6
smoothSolver:  Solving for Uz, Initial residual = 0.00205748, Final residual = 0.000186387, No Iterations 6
GAMG:  Solving for p, Initial residual = 0.00129938, Final residual = 1.28413e-05, No Iterations 3
time step continuity errors : sum local = 2.4364e-05, global = -4.80807e-08, cumulative = 4.44841e-05
smoothSolver:  Solving for omega, Initial residual = 2.10625e-05, Final residual = 1.28511e-06, No Iterations 3
smoothSolver:  Solving for k, Initial residual = 0.000201241, Final residual = 1.71626e-05, No Iterations 3
ExecutionTime = 46.36 s  ClockTime = 48 s

forceCoeffs forceCoeffs1 write:
    Cm    = 0.157122
    Cd    = 0.411853
    Cl    = 0.0650593
    Cl(f) = 0.189652
    Cl(r) = -0.124593

Time = 220

smoothSolver:  Solving for Ux, Initial residual = 0.0001008, Final residual = 8.88286e-06, No Iterations 7
smoothSolver:  Solving for Uy, Initial residual = 0.0023713, Final residual = 0.00022786, No Iterations 6
smoothSolver:  Solving for Uz, Initial residual = 0.00204287, Final residual = 0.000184262, No Iterations 6
GAMG:  Solving for p, Initial residual = 0.00129743, Final residual = 5.10555e-06, No Iterations 4
time step continuity errors : sum local = 9.68642e-06, global = -5.00248e-08, cumulative = 4.44341e-05
smoothSolver:  Solving for omega, Initial residual = 2.10312e-05, Final residual = 1.27824e-06, No Iterations 3
smoothSolver:  Solving for k, Initial residual = 0.000199862, Final residual = 1.70285e-05, No Iterations 3
ExecutionTime = 46.56 s  ClockTime = 48 s

forceCoeffs forceCoeffs1 write:
    Cm    = 0.157118
    Cd    = 0.411863
    Cl    = 0.0651184
    Cl(f) = 0.189677
    Cl(r) = -0.124559

Time = 221

smoothSolver:  Solving for Ux, Initial residual = 0.000100813, Final residual = 8.87606e-06, No Iterations 7
smoothSolver:  Solving for Uy, Initial residual = 0.00239737, Final residual = 0.000232981, No Iterations 6
smoothSolver:  Solving for Uz, Initial residual = 0.00206504, Final residual = 0.000188807, No Iterations 6
GAMG:  Solving for p, Initial residual = 0.00129719, Final residual = 1.28837e-05, No Iterations 3
time step continuity errors : sum local = 2.44397e-05, global = 8.35632e-08, cumulative = 4.45176e-05
smoothSolver:  Solving for omega, Initial residual = 2.12771e-05, Final residual = 1.27606e-06, No Iterations 3
smoothSolver:  Solving for k, Initial residual = 0.000198401, Final residual = 1.69029e-05, No Iterations 3
ExecutionTime = 46.76 s  ClockTime = 48 s

forceCoeffs forceCoeffs1 write:
    Cm    = 0.15708
    Cd    = 0.411798
    Cl    = 0.065156
    Cl(f) = 0.189658
    Cl(r) = -0.124502

Time = 222

smoothSolver:  Solving for Ux, Initial residual = 9.9811e-05, Final residual = 8.72282e-06, No Iterations 7
smoothSolver:  Solving for Uy, Initial residual = 0.0023725, Final residual = 0.000228952, No Iterations 6
smoothSolver:  Solving for Uz, Initial residual = 0.00205436, Final residual = 0.000187364, No Iterations 6
GAMG:  Solving for p, Initial residual = 0.00130158, Final residual = 5.13854e-06, No Iterations 4
time step continuity errors : sum local = 9.74704e-06, global = 4.17041e-08, cumulative = 4.45593e-05
smoothSolver:  Solving for omega, Initial residual = 2.12801e-05, Final residual = 1.27877e-06, No Iterations 3
smoothSolver:  Solving for k, Initial residual = 0.000197469, Final residual = 1.68013e-05, No Iterations 3
ExecutionTime = 46.97 s  ClockTime = 48 s

forceCoeffs forceCoeffs1 write:
    Cm    = 0.157086
    Cd    = 0.4118
    Cl    = 0.0651519
    Cl(f) = 0.189662
    Cl(r) = -0.12451

Time = 223

smoothSolver:  Solving for Ux, Initial residual = 0.000100204, Final residual = 8.74283e-06, No Iterations 7
smoothSolver:  Solving for Uy, Initial residual = 0.00241289, Final residual = 0.000234175, No Iterations 6
smoothSolver:  Solving for Uz, Initial residual = 0.00208406, Final residual = 0.000192781, No Iterations 6
GAMG:  Solving for p, Initial residual = 0.00130498, Final residual = 1.29545e-05, No Iterations 3
time step continuity errors : sum local = 2.45704e-05, global = 1.94874e-07, cumulative = 4.47542e-05
smoothSolver:  Solving for omega, Initial residual = 2.14756e-05, Final residual = 1.27322e-06, No Iterations 3
smoothSolver:  Solving for k, Initial residual = 0.000196142, Final residual = 1.66828e-05, No Iterations 3
ExecutionTime = 47.17 s  ClockTime = 49 s

forceCoeffs forceCoeffs1 write:
    Cm    = 0.157049
    Cd    = 0.411761
    Cl    = 0.0650996
    Cl(f) = 0.189599
    Cl(r) = -0.124499

Time = 224

smoothSolver:  Solving for Ux, Initial residual = 9.9424e-05, Final residual = 8.64051e-06, No Iterations 7
smoothSolver:  Solving for Uy, Initial residual = 0.00240446, Final residual = 0.000230913, No Iterations 6
smoothSolver:  Solving for Uz, Initial residual = 0.00207352, Final residual = 0.000190738, No Iterations 6
GAMG:  Solving for p, Initial residual = 0.00131259, Final residual = 5.13415e-06, No Iterations 4
time step continuity errors : sum local = 9.73748e-06, global = 9.66021e-08, cumulative = 4.48508e-05
smoothSolver:  Solving for omega, Initial residual = 2.19919e-05, Final residual = 1.27474e-06, No Iterations 3
smoothSolver:  Solving for k, Initial residual = 0.000195224, Final residual = 1.66003e-05, No Iterations 3
ExecutionTime = 47.38 s  ClockTime = 49 s

forceCoeffs forceCoeffs1 write:
    Cm    = 0.157037
    Cd    = 0.411766
    Cl    = 0.0650107
    Cl(f) = 0.189543
    Cl(r) = -0.124532

Time = 225

smoothSolver:  Solving for Ux, Initial residual = 0.000100076, Final residual = 8.67444e-06, No Iterations 7
smoothSolver:  Solving for Uy, Initial residual = 0.00244856, Final residual = 0.000236386, No Iterations 6
smoothSolver:  Solving for Uz, Initial residual = 0.00210611, Final residual = 0.000196077, No Iterations 6
GAMG:  Solving for p, Initial residual = 0.00131521, Final residual = 1.29477e-05, No Iterations 3
time step continuity errors : sum local = 2.45558e-05, global = 2.59204e-07, cumulative = 4.511e-05
smoothSolver:  Solving for omega, Initial residual = 2.16429e-05, Final residual = 1.27149e-06, No Iterations 3
smoothSolver:  Solving for k, Initial residual = 0.000194362, Final residual = 1.65594e-05, No Iterations 3
ExecutionTime = 47.58 s  ClockTime = 49 s

forceCoeffs forceCoeffs1 write:
    Cm    = 0.156983
    Cd    = 0.411715
    Cl    = 0.064941
    Cl(f) = 0.189453
    Cl(r) = -0.124512

Time = 226

smoothSolver:  Solving for Ux, Initial residual = 9.93336e-05, Final residual = 8.62598e-06, No Iterations 7
smoothSolver:  Solving for Uy, Initial residual = 0.00243086, Final residual = 0.000233322, No Iterations 6
smoothSolver:  Solving for Uz, Initial residual = 0.00209331, Final residual = 0.0001936, No Iterations 6
GAMG:  Solving for p, Initial residual = 0.00132058, Final residual = 5.18113e-06, No Iterations 4
time step continuity errors : sum local = 9.82586e-06, global = 8.04201e-08, cumulative = 4.51904e-05
smoothSolver:  Solving for omega, Initial residual = 2.17608e-05, Final residual = 1.2803e-06, No Iterations 3
smoothSolver:  Solving for k, Initial residual = 0.000193949, Final residual = 1.65475e-05, No Iterations 3
ExecutionTime = 47.78 s  ClockTime = 49 s

forceCoeffs forceCoeffs1 write:
    Cm    = 0.156987
    Cd    = 0.411744
    Cl    = 0.0648381
    Cl(f) = 0.189406
    Cl(r) = -0.124568

Time = 227

smoothSolver:  Solving for Ux, Initial residual = 0.000100053, Final residual = 8.80835e-06, No Iterations 7
smoothSolver:  Solving for Uy, Initial residual = 0.00246648, Final residual = 0.000239438, No Iterations 6
smoothSolver:  Solving for Uz, Initial residual = 0.0021212, Final residual = 0.000198972, No Iterations 6
GAMG:  Solving for p, Initial residual = 0.00132356, Final residual = 1.28949e-05, No Iterations 3
time step continuity errors : sum local = 2.44552e-05, global = 2.26229e-07, cumulative = 4.54167e-05
smoothSolver:  Solving for omega, Initial residual = 2.16683e-05, Final residual = 1.2795e-06, No Iterations 3
smoothSolver:  Solving for k, Initial residual = 0.000193263, Final residual = 1.65443e-05, No Iterations 3
ExecutionTime = 47.99 s  ClockTime = 49 s

forceCoeffs forceCoeffs1 write:
    Cm    = 0.156941
    Cd    = 0.411739
    Cl    = 0.064785
    Cl(f) = 0.189334
    Cl(r) = -0.124549

Time = 228

smoothSolver:  Solving for Ux, Initial residual = 9.96994e-05, Final residual = 8.8787e-06, No Iterations 7
smoothSolver:  Solving for Uy, Initial residual = 0.002452, Final residual = 0.000235716, No Iterations 6
smoothSolver:  Solving for Uz, Initial residual = 0.00211303, Final residual = 0.000197383, No Iterations 6
GAMG:  Solving for p, Initial residual = 0.0013313, Final residual = 5.12827e-06, No Iterations 4
time step continuity errors : sum local = 9.72536e-06, global = 3.9517e-08, cumulative = 4.54562e-05
smoothSolver:  Solving for omega, Initial residual = 2.15252e-05, Final residual = 1.2851e-06, No Iterations 3
smoothSolver:  Solving for k, Initial residual = 0.00019364, Final residual = 1.65787e-05, No Iterations 3
ExecutionTime = 48.19 s  ClockTime = 50 s

forceCoeffs forceCoeffs1 write:
    Cm    = 0.156936
    Cd    = 0.411802
    Cl    = 0.064659
    Cl(f) = 0.189266
    Cl(r) = -0.124607

Time = 229

smoothSolver:  Solving for Ux, Initial residual = 0.000101364, Final residual = 9.14835e-06, No Iterations 7
smoothSolver:  Solving for Uy, Initial residual = 0.00249424, Final residual = 0.000242221, No Iterations 6
smoothSolver:  Solving for Uz, Initial residual = 0.00214457, Final residual = 0.000202001, No Iterations 6
GAMG:  Solving for p, Initial residual = 0.00133588, Final residual = 1.27921e-05, No Iterations 3
time step continuity errors : sum local = 2.42589e-05, global = 1.43514e-07, cumulative = 4.55997e-05
smoothSolver:  Solving for omega, Initial residual = 2.18371e-05, Final residual = 1.30063e-06, No Iterations 3
smoothSolver:  Solving for k, Initial residual = 0.000194773, Final residual = 1.66606e-05, No Iterations 3
ExecutionTime = 48.39 s  ClockTime = 50 s

forceCoeffs forceCoeffs1 write:
    Cm    = 0.15688
    Cd    = 0.411827
    Cl    = 0.064612
    Cl(f) = 0.189186
    Cl(r) = -0.124574

Time = 230

smoothSolver:  Solving for Ux, Initial residual = 0.000101972, Final residual = 9.28924e-06, No Iterations 7
smoothSolver:  Solving for Uy, Initial residual = 0.00248408, Final residual = 0.000238633, No Iterations 6
smoothSolver:  Solving for Uz, Initial residual = 0.00213388, Final residual = 0.000200187, No Iterations 6
GAMG:  Solving for p, Initial residual = 0.00134423, Final residual = 1.33267e-05, No Iterations 3
time step continuity errors : sum local = 2.52714e-05, global = 1.41835e-07, cumulative = 4.57415e-05
smoothSolver:  Solving for omega, Initial residual = 2.21147e-05, Final residual = 1.31877e-06, No Iterations 3
smoothSolver:  Solving for k, Initial residual = 0.000196548, Final residual = 1.67909e-05, No Iterations 3
ExecutionTime = 48.59 s  ClockTime = 50 s

forceCoeffs forceCoeffs1 write:
    Cm    = 0.156856
    Cd    = 0.411902
    Cl    = 0.0645279
    Cl(f) = 0.18912
    Cl(r) = -0.124592

Time = 231

smoothSolver:  Solving for Ux, Initial residual = 0.000104008, Final residual = 9.57262e-06, No Iterations 7
smoothSolver:  Solving for Uy, Initial residual = 0.00252011, Final residual = 0.000242474, No Iterations 6
smoothSolver:  Solving for Uz, Initial residual = 0.00213746, Final residual = 0.000200823, No Iterations 6
GAMG:  Solving for p, Initial residual = 0.00135139, Final residual = 1.31584e-05, No Iterations 3
time step continuity errors : sum local = 2.49512e-05, global = 8.73014e-08, cumulative = 4.58288e-05
smoothSolver:  Solving for omega, Initial residual = 2.23058e-05, Final residual = 1.32558e-06, No Iterations 3
smoothSolver:  Solving for k, Initial residual = 0.000198795, Final residual = 1.69272e-05, No Iterations 3
ExecutionTime = 48.79 s  ClockTime = 50 s

forceCoeffs forceCoeffs1 write:
    Cm    = 0.15684
    Cd    = 0.411989
    Cl    = 0.0644701
    Cl(f) = 0.189075
    Cl(r) = -0.124605

Time = 232

smoothSolver:  Solving for Ux, Initial residual = 0.000105796, Final residual = 9.86512e-06, No Iterations 7
smoothSolver:  Solving for Uy, Initial residual = 0.00254802, Final residual = 0.000244936, No Iterations 6
smoothSolver:  Solving for Uz, Initial residual = 0.00215557, Final residual = 0.00020225, No Iterations 6
GAMG:  Solving for p, Initial residual = 0.00136017, Final residual = 1.31506e-05, No Iterations 3
time step continuity errors : sum local = 2.49346e-05, global = 7.64257e-08, cumulative = 4.59053e-05
smoothSolver:  Solving for omega, Initial residual = 2.27739e-05, Final residual = 1.33828e-06, No Iterations 3
smoothSolver:  Solving for k, Initial residual = 0.000201265, Final residual = 1.70637e-05, No Iterations 3
ExecutionTime = 48.98 s  ClockTime = 50 s

forceCoeffs forceCoeffs1 write:
    Cm    = 0.156858
    Cd    = 0.412128
    Cl    = 0.0643848
    Cl(f) = 0.189051
    Cl(r) = -0.124666

Time = 233

smoothSolver:  Solving for Ux, Initial residual = 0.000108202, Final residual = 1.01584e-05, No Iterations 7
smoothSolver:  Solving for Uy, Initial residual = 0.00258531, Final residual = 0.000249455, No Iterations 6
smoothSolver:  Solving for Uz, Initial residual = 0.00217891, Final residual = 0.00020506, No Iterations 6
GAMG:  Solving for p, Initial residual = 0.00136565, Final residual = 1.33521e-05, No Iterations 3
time step continuity errors : sum local = 2.53152e-05, global = 6.30672e-08, cumulative = 4.59683e-05
smoothSolver:  Solving for omega, Initial residual = 2.25438e-05, Final residual = 1.34758e-06, No Iterations 3
smoothSolver:  Solving for k, Initial residual = 0.000203732, Final residual = 1.72049e-05, No Iterations 3
ExecutionTime = 49.19 s  ClockTime = 51 s

forceCoeffs forceCoeffs1 write:
    Cm    = 0.156919
    Cd    = 0.412308
    Cl    = 0.0643755
    Cl(f) = 0.189107
    Cl(r) = -0.124731

Time = 234

smoothSolver:  Solving for Ux, Initial residual = 0.000110543, Final residual = 1.04596e-05, No Iterations 7
smoothSolver:  Solving for Uy, Initial residual = 0.00262023, Final residual = 0.00025337, No Iterations 6
smoothSolver:  Solving for Uz, Initial residual = 0.00221418, Final residual = 0.000207792, No Iterations 6
GAMG:  Solving for p, Initial residual = 0.00137083, Final residual = 1.35892e-05, No Iterations 3
time step continuity errors : sum local = 2.57627e-05, global = 9.09528e-08, cumulative = 4.60593e-05
smoothSolver:  Solving for omega, Initial residual = 2.25755e-05, Final residual = 1.35706e-06, No Iterations 3
smoothSolver:  Solving for k, Initial residual = 0.000206706, Final residual = 1.73751e-05, No Iterations 3
ExecutionTime = 49.39 s  ClockTime = 51 s

forceCoeffs forceCoeffs1 write:
    Cm    = 0.157006
    Cd    = 0.412567
    Cl    = 0.0642338
    Cl(f) = 0.189123
    Cl(r) = -0.124889

Time = 235

smoothSolver:  Solving for Ux, Initial residual = 0.000113777, Final residual = 1.0782e-05, No Iterations 7
smoothSolver:  Solving for Uy, Initial residual = 0.00267162, Final residual = 0.000260442, No Iterations 6
smoothSolver:  Solving for Uz, Initial residual = 0.00223926, Final residual = 0.000211053, No Iterations 6
GAMG:  Solving for p, Initial residual = 0.00137772, Final residual = 5.25278e-06, No Iterations 4
time step continuity errors : sum local = 9.95818e-06, global = 5.99284e-08, cumulative = 4.61192e-05
smoothSolver:  Solving for omega, Initial residual = 2.29949e-05, Final residual = 1.37323e-06, No Iterations 3
smoothSolver:  Solving for k, Initial residual = 0.000210167, Final residual = 1.75862e-05, No Iterations 3
ExecutionTime = 49.59 s  ClockTime = 51 s

forceCoeffs forceCoeffs1 write:
    Cm    = 0.157082
    Cd    = 0.412834
    Cl    = 0.0641198
    Cl(f) = 0.189141
    Cl(r) = -0.125022

Time = 236

smoothSolver:  Solving for Ux, Initial residual = 0.000116979, Final residual = 1.11639e-05, No Iterations 7
smoothSolver:  Solving for Uy, Initial residual = 0.00274036, Final residual = 0.000272392, No Iterations 6
smoothSolver:  Solving for Uz, Initial residual = 0.00229849, Final residual = 0.000220311, No Iterations 6
GAMG:  Solving for p, Initial residual = 0.00138756, Final residual = 1.35003e-05, No Iterations 3
time step continuity errors : sum local = 2.55958e-05, global = 1.35889e-07, cumulative = 4.62551e-05
smoothSolver:  Solving for omega, Initial residual = 2.30795e-05, Final residual = 1.38442e-06, No Iterations 3
smoothSolver:  Solving for k, Initial residual = 0.00021423, Final residual = 1.79428e-05, No Iterations 3
ExecutionTime = 49.8 s  ClockTime = 51 s

forceCoeffs forceCoeffs1 write:
    Cm    = 0.157194
    Cd    = 0.413113
    Cl    = 0.0640075
    Cl(f) = 0.189198
    Cl(r) = -0.12519

Time = 237

smoothSolver:  Solving for Ux, Initial residual = 0.00011905, Final residual = 1.14691e-05, No Iterations 7
smoothSolver:  Solving for Uy, Initial residual = 0.00275884, Final residual = 0.000275365, No Iterations 6
smoothSolver:  Solving for Uz, Initial residual = 0.0023125, Final residual = 0.000221919, No Iterations 6
GAMG:  Solving for p, Initial residual = 0.00138788, Final residual = 5.5586e-06, No Iterations 4
time step continuity errors : sum local = 1.05393e-05, global = 9.99903e-08, cumulative = 4.63551e-05
smoothSolver:  Solving for omega, Initial residual = 2.33158e-05, Final residual = 1.41704e-06, No Iterations 3
smoothSolver:  Solving for k, Initial residual = 0.000219719, Final residual = 1.8428e-05, No Iterations 3
ExecutionTime = 49.99 s  ClockTime = 51 s

forceCoeffs forceCoeffs1 write:
    Cm    = 0.157327
    Cd    = 0.413429
    Cl    = 0.0639378
    Cl(f) = 0.189296
    Cl(r) = -0.125359

Time = 238

smoothSolver:  Solving for Ux, Initial residual = 0.000121428, Final residual = 1.18843e-05, No Iterations 7
smoothSolver:  Solving for Uy, Initial residual = 0.002819, Final residual = 0.000211498, No Iterations 7
smoothSolver:  Solving for Uz, Initial residual = 0.00235765, Final residual = 0.000231949, No Iterations 6
GAMG:  Solving for p, Initial residual = 0.00139344, Final residual = 1.3817e-05, No Iterations 3
time step continuity errors : sum local = 2.62019e-05, global = 1.91669e-07, cumulative = 4.65468e-05
smoothSolver:  Solving for omega, Initial residual = 2.38465e-05, Final residual = 1.45262e-06, No Iterations 3
smoothSolver:  Solving for k, Initial residual = 0.000226505, Final residual = 1.90745e-05, No Iterations 3
ExecutionTime = 50.2 s  ClockTime = 52 s

forceCoeffs forceCoeffs1 write:
    Cm    = 0.15747
    Cd    = 0.413718
    Cl    = 0.0638293
    Cl(f) = 0.189385
    Cl(r) = -0.125555

Time = 239

smoothSolver:  Solving for Ux, Initial residual = 0.000123626, Final residual = 1.22581e-05, No Iterations 7
smoothSolver:  Solving for Uy, Initial residual = 0.00282693, Final residual = 0.000212205, No Iterations 7
smoothSolver:  Solving for Uz, Initial residual = 0.00235924, Final residual = 0.000232891, No Iterations 6
GAMG:  Solving for p, Initial residual = 0.00139612, Final residual = 5.74614e-06, No Iterations 4
time step continuity errors : sum local = 1.08981e-05, global = 1.39828e-07, cumulative = 4.66866e-05
smoothSolver:  Solving for omega, Initial residual = 2.37945e-05, Final residual = 1.48404e-06, No Iterations 3
smoothSolver:  Solving for k, Initial residual = 0.000235172, Final residual = 1.97917e-05, No Iterations 3
ExecutionTime = 50.41 s  ClockTime = 52 s

forceCoeffs forceCoeffs1 write:
    Cm    = 0.157579
    Cd    = 0.413978
    Cl    = 0.0636924
    Cl(f) = 0.189426
    Cl(r) = -0.125733

Time = 240

smoothSolver:  Solving for Ux, Initial residual = 0.000125848, Final residual = 9.5622e-06, No Iterations 8
smoothSolver:  Solving for Uy, Initial residual = 0.00287599, Final residual = 0.000219694, No Iterations 7
smoothSolver:  Solving for Uz, Initial residual = 0.00240729, Final residual = 0.000239178, No Iterations 6
GAMG:  Solving for p, Initial residual = 0.00139769, Final residual = 5.45802e-06, No Iterations 4
time step continuity errors : sum local = 1.03548e-05, global = 1.6524e-07, cumulative = 4.68518e-05
smoothSolver:  Solving for omega, Initial residual = 2.40633e-05, Final residual = 1.51256e-06, No Iterations 3
smoothSolver:  Solving for k, Initial residual = 0.000245446, Final residual = 2.0534e-05, No Iterations 3
ExecutionTime = 50.61 s  ClockTime = 52 s

forceCoeffs forceCoeffs1 write:
    Cm    = 0.157678
    Cd    = 0.414157
    Cl    = 0.0635034
    Cl(f) = 0.18943
    Cl(r) = -0.125926

Time = 241

smoothSolver:  Solving for Ux, Initial residual = 0.000127825, Final residual = 9.73493e-06, No Iterations 8
smoothSolver:  Solving for Uy, Initial residual = 0.00289763, Final residual = 0.000220561, No Iterations 7
smoothSolver:  Solving for Uz, Initial residual = 0.00242949, Final residual = 0.000238703, No Iterations 6
GAMG:  Solving for p, Initial residual = 0.00139698, Final residual = 5.58055e-06, No Iterations 4
time step continuity errors : sum local = 1.05905e-05, global = 1.76528e-07, cumulative = 4.70284e-05
smoothSolver:  Solving for omega, Initial residual = 2.43607e-05, Final residual = 1.53495e-06, No Iterations 3
smoothSolver:  Solving for k, Initial residual = 0.000255904, Final residual = 2.11631e-05, No Iterations 3
ExecutionTime = 50.82 s  ClockTime = 52 s

forceCoeffs forceCoeffs1 write:
    Cm    = 0.157684
    Cd    = 0.414189
    Cl    = 0.0633734
    Cl(f) = 0.189371
    Cl(r) = -0.125998

Time = 242

smoothSolver:  Solving for Ux, Initial residual = 0.000128316, Final residual = 9.80534e-06, No Iterations 8
smoothSolver:  Solving for Uy, Initial residual = 0.00290297, Final residual = 0.000219137, No Iterations 7
smoothSolver:  Solving for Uz, Initial residual = 0.00243959, Final residual = 0.000237415, No Iterations 6
GAMG:  Solving for p, Initial residual = 0.00139321, Final residual = 5.60589e-06, No Iterations 4
time step continuity errors : sum local = 1.06426e-05, global = 1.96768e-07, cumulative = 4.72251e-05
smoothSolver:  Solving for omega, Initial residual = 2.45162e-05, Final residual = 1.53673e-06, No Iterations 3
smoothSolver:  Solving for k, Initial residual = 0.000264634, Final residual = 2.16828e-05, No Iterations 3
ExecutionTime = 51.03 s  ClockTime = 53 s

forceCoeffs forceCoeffs1 write:
    Cm    = 0.1577
    Cd    = 0.414165
    Cl    = 0.0632232
    Cl(f) = 0.189312
    Cl(r) = -0.126088

Time = 243

smoothSolver:  Solving for Ux, Initial residual = 0.000129465, Final residual = 9.94177e-06, No Iterations 8
smoothSolver:  Solving for Uy, Initial residual = 0.00289612, Final residual = 0.000219401, No Iterations 7
smoothSolver:  Solving for Uz, Initial residual = 0.00244772, Final residual = 0.000241319, No Iterations 6
GAMG:  Solving for p, Initial residual = 0.0013821, Final residual = 5.50389e-06, No Iterations 4
time step continuity errors : sum local = 1.04525e-05, global = 1.70617e-07, cumulative = 4.73957e-05
smoothSolver:  Solving for omega, Initial residual = 2.46822e-05, Final residual = 1.5306e-06, No Iterations 3
smoothSolver:  Solving for k, Initial residual = 0.000271557, Final residual = 2.21138e-05, No Iterations 3
ExecutionTime = 51.24 s  ClockTime = 53 s

forceCoeffs forceCoeffs1 write:
    Cm    = 0.157637
    Cd    = 0.414011
    Cl    = 0.0631308
    Cl(f) = 0.189202
    Cl(r) = -0.126072

Time = 244

smoothSolver:  Solving for Ux, Initial residual = 0.0001292, Final residual = 1.00364e-05, No Iterations 8
smoothSolver:  Solving for Uy, Initial residual = 0.00287257, Final residual = 0.000222319, No Iterations 7
smoothSolver:  Solving for Uz, Initial residual = 0.00245448, Final residual = 0.000184355, No Iterations 7
GAMG:  Solving for p, Initial residual = 0.00137654, Final residual = 5.38788e-06, No Iterations 4
time step continuity errors : sum local = 1.02359e-05, global = 1.43032e-07, cumulative = 4.75388e-05
smoothSolver:  Solving for omega, Initial residual = 2.50081e-05, Final residual = 1.52614e-06, No Iterations 3
smoothSolver:  Solving for k, Initial residual = 0.000277528, Final residual = 2.24918e-05, No Iterations 3
ExecutionTime = 51.44 s  ClockTime = 53 s

forceCoeffs forceCoeffs1 write:
    Cm    = 0.157604
    Cd    = 0.41384
    Cl    = 0.0630162
    Cl(f) = 0.189112
    Cl(r) = -0.126096

Time = 245

smoothSolver:  Solving for Ux, Initial residual = 0.00013028, Final residual = 1.02596e-05, No Iterations 8
smoothSolver:  Solving for Uy, Initial residual = 0.00291307, Final residual = 0.000233766, No Iterations 7
smoothSolver:  Solving for Uz, Initial residual = 0.00247428, Final residual = 0.000192753, No Iterations 7
GAMG:  Solving for p, Initial residual = 0.0013712, Final residual = 5.25688e-06, No Iterations 4
time step continuity errors : sum local = 9.98968e-06, global = 9.11364e-08, cumulative = 4.76299e-05
smoothSolver:  Solving for omega, Initial residual = 2.47004e-05, Final residual = 1.53524e-06, No Iterations 3
smoothSolver:  Solving for k, Initial residual = 0.000283688, Final residual = 2.30101e-05, No Iterations 3
ExecutionTime = 51.65 s  ClockTime = 53 s

forceCoeffs forceCoeffs1 write:
    Cm    = 0.157513
    Cd    = 0.413596
    Cl    = 0.0629449
    Cl(f) = 0.188985
    Cl(r) = -0.12604

Time = 246

smoothSolver:  Solving for Ux, Initial residual = 0.000130704, Final residual = 1.04037e-05, No Iterations 8
smoothSolver:  Solving for Uy, Initial residual = 0.0029438, Final residual = 0.00024221, No Iterations 7
smoothSolver:  Solving for Uz, Initial residual = 0.00248666, Final residual = 0.000198519, No Iterations 7
GAMG:  Solving for p, Initial residual = 0.00136707, Final residual = 5.37306e-06, No Iterations 4
time step continuity errors : sum local = 1.02127e-05, global = 4.91807e-08, cumulative = 4.76791e-05
smoothSolver:  Solving for omega, Initial residual = 2.45243e-05, Final residual = 1.56268e-06, No Iterations 3
smoothSolver:  Solving for k, Initial residual = 0.000290641, Final residual = 2.3834e-05, No Iterations 3
ExecutionTime = 51.86 s  ClockTime = 53 s

forceCoeffs forceCoeffs1 write:
    Cm    = 0.157446
    Cd    = 0.413352
    Cl    = 0.0628409
    Cl(f) = 0.188867
    Cl(r) = -0.126026

Time = 247

smoothSolver:  Solving for Ux, Initial residual = 0.000131858, Final residual = 1.05493e-05, No Iterations 8
smoothSolver:  Solving for Uy, Initial residual = 0.00301089, Final residual = 0.000251114, No Iterations 7
smoothSolver:  Solving for Uz, Initial residual = 0.00251344, Final residual = 0.000204247, No Iterations 7
GAMG:  Solving for p, Initial residual = 0.00136433, Final residual = 5.66846e-06, No Iterations 4
time step continuity errors : sum local = 1.07747e-05, global = -3.66585e-08, cumulative = 4.76424e-05
smoothSolver:  Solving for omega, Initial residual = 2.47461e-05, Final residual = 1.59333e-06, No Iterations 3
smoothSolver:  Solving for k, Initial residual = 0.000296772, Final residual = 2.47887e-05, No Iterations 3
ExecutionTime = 52.06 s  ClockTime = 54 s

forceCoeffs forceCoeffs1 write:
    Cm    = 0.157383
    Cd    = 0.413099
    Cl    = 0.0628588
    Cl(f) = 0.188812
    Cl(r) = -0.125954

Time = 248

smoothSolver:  Solving for Ux, Initial residual = 0.000132718, Final residual = 1.05776e-05, No Iterations 8
smoothSolver:  Solving for Uy, Initial residual = 0.00304739, Final residual = 0.000255118, No Iterations 7
smoothSolver:  Solving for Uz, Initial residual = 0.00252931, Final residual = 0.000207089, No Iterations 7
GAMG:  Solving for p, Initial residual = 0.00136138, Final residual = 6.00081e-06, No Iterations 4
time step continuity errors : sum local = 1.14056e-05, global = -8.61938e-08, cumulative = 4.75562e-05
smoothSolver:  Solving for omega, Initial residual = 2.49285e-05, Final residual = 1.61808e-06, No Iterations 3
smoothSolver:  Solving for k, Initial residual = 0.000300811, Final residual = 2.56352e-05, No Iterations 3
ExecutionTime = 52.27 s  ClockTime = 54 s

forceCoeffs forceCoeffs1 write:
    Cm    = 0.157389
    Cd    = 0.412946
    Cl    = 0.0628552
    Cl(f) = 0.188817
    Cl(r) = -0.125962

Time = 249

smoothSolver:  Solving for Ux, Initial residual = 0.000133682, Final residual = 1.04796e-05, No Iterations 8
smoothSolver:  Solving for Uy, Initial residual = 0.00307552, Final residual = 0.000256062, No Iterations 7
smoothSolver:  Solving for Uz, Initial residual = 0.00254981, Final residual = 0.000208471, No Iterations 7
GAMG:  Solving for p, Initial residual = 0.00135857, Final residual = 6.24083e-06, No Iterations 4
time step continuity errors : sum local = 1.18589e-05, global = -1.27129e-07, cumulative = 4.74291e-05
smoothSolver:  Solving for omega, Initial residual = 2.49648e-05, Final residual = 1.62161e-06, No Iterations 3
smoothSolver:  Solving for k, Initial residual = 0.000302824, Final residual = 2.61093e-05, No Iterations 3
ExecutionTime = 52.48 s  ClockTime = 54 s

forceCoeffs forceCoeffs1 write:
    Cm    = 0.157384
    Cd    = 0.412829
    Cl    = 0.0629098
    Cl(f) = 0.188839
    Cl(r) = -0.125929

Time = 250

smoothSolver:  Solving for Ux, Initial residual = 0.000133671, Final residual = 1.03445e-05, No Iterations 8
smoothSolver:  Solving for Uy, Initial residual = 0.00306966, Final residual = 0.000254179, No Iterations 7
smoothSolver:  Solving for Uz, Initial residual = 0.00255631, Final residual = 0.000207157, No Iterations 7
GAMG:  Solving for p, Initial residual = 0.00135255, Final residual = 6.36605e-06, No Iterations 4
time step continuity errors : sum local = 1.2093e-05, global = -1.67634e-07, cumulative = 4.72615e-05
smoothSolver:  Solving for omega, Initial residual = 2.50618e-05, Final residual = 1.60915e-06, No Iterations 3
smoothSolver:  Solving for k, Initial residual = 0.000302404, Final residual = 2.62045e-05, No Iterations 3
ExecutionTime = 52.68 s  ClockTime = 54 s

forceCoeffs forceCoeffs1 write:
    Cm    = 0.157435
    Cd    = 0.412802
    Cl    = 0.0629331
    Cl(f) = 0.188901
    Cl(r) = -0.125968

Time = 251

smoothSolver:  Solving for Ux, Initial residual = 0.000133931, Final residual = 1.02311e-05, No Iterations 8
smoothSolver:  Solving for Uy, Initial residual = 0.00305871, Final residual = 0.000251505, No Iterations 7
smoothSolver:  Solving for Uz, Initial residual = 0.00256647, Final residual = 0.000206593, No Iterations 7
GAMG:  Solving for p, Initial residual = 0.00134668, Final residual = 6.2658e-06, No Iterations 4
time step continuity errors : sum local = 1.18981e-05, global = -1.82067e-07, cumulative = 4.70794e-05
smoothSolver:  Solving for omega, Initial residual = 2.44573e-05, Final residual = 1.57447e-06, No Iterations 3
smoothSolver:  Solving for k, Initial residual = 0.000300044, Final residual = 2.59227e-05, No Iterations 3
ExecutionTime = 52.89 s  ClockTime = 54 s

forceCoeffs forceCoeffs1 write:
    Cm    = 0.157459
    Cd    = 0.412788
    Cl    = 0.06301
    Cl(f) = 0.188964
    Cl(r) = -0.125954

Time = 252

smoothSolver:  Solving for Ux, Initial residual = 0.000134179, Final residual = 1.02401e-05, No Iterations 8
smoothSolver:  Solving for Uy, Initial residual = 0.00304783, Final residual = 0.000252175, No Iterations 7
smoothSolver:  Solving for Uz, Initial residual = 0.00257556, Final residual = 0.000210286, No Iterations 7
GAMG:  Solving for p, Initial residual = 0.00134385, Final residual = 6.15844e-06, No Iterations 4
time step continuity errors : sum local = 1.16902e-05, global = -1.89304e-07, cumulative = 4.68901e-05
smoothSolver:  Solving for omega, Initial residual = 2.42366e-05, Final residual = 1.54596e-06, No Iterations 3
smoothSolver:  Solving for k, Initial residual = 0.000297727, Final residual = 2.54359e-05, No Iterations 3
ExecutionTime = 53.1 s  ClockTime = 55 s

forceCoeffs forceCoeffs1 write:
    Cm    = 0.157515
    Cd    = 0.412856
    Cl    = 0.0630506
    Cl(f) = 0.18904
    Cl(r) = -0.12599

Time = 253

smoothSolver:  Solving for Ux, Initial residual = 0.000134962, Final residual = 1.02856e-05, No Iterations 8
smoothSolver:  Solving for Uy, Initial residual = 0.00306991, Final residual = 0.000256088, No Iterations 7
smoothSolver:  Solving for Uz, Initial residual = 0.00259994, Final residual = 0.000215786, No Iterations 7
GAMG:  Solving for p, Initial residual = 0.00133891, Final residual = 6.04706e-06, No Iterations 4
time step continuity errors : sum local = 1.1475e-05, global = -1.83263e-07, cumulative = 4.67068e-05
smoothSolver:  Solving for omega, Initial residual = 2.40271e-05, Final residual = 1.50596e-06, No Iterations 3
smoothSolver:  Solving for k, Initial residual = 0.000295413, Final residual = 2.49716e-05, No Iterations 3
ExecutionTime = 53.31 s  ClockTime = 55 s

forceCoeffs forceCoeffs1 write:
    Cm    = 0.157498
    Cd    = 0.412893
    Cl    = 0.0631462
    Cl(f) = 0.189071
    Cl(r) = -0.125925

Time = 254

smoothSolver:  Solving for Ux, Initial residual = 0.000135195, Final residual = 1.03282e-05, No Iterations 8
smoothSolver:  Solving for Uy, Initial residual = 0.00308456, Final residual = 0.000260318, No Iterations 7
smoothSolver:  Solving for Uz, Initial residual = 0.0026212, Final residual = 0.00022169, No Iterations 7
GAMG:  Solving for p, Initial residual = 0.00134168, Final residual = 6.11278e-06, No Iterations 4
time step continuity errors : sum local = 1.15976e-05, global = -1.69353e-07, cumulative = 4.65375e-05
smoothSolver:  Solving for omega, Initial residual = 2.37789e-05, Final residual = 1.48718e-06, No Iterations 3
smoothSolver:  Solving for k, Initial residual = 0.000293863, Final residual = 2.4657e-05, No Iterations 3
ExecutionTime = 53.51 s  ClockTime = 55 s

forceCoeffs forceCoeffs1 write:
    Cm    = 0.157488
    Cd    = 0.412962
    Cl    = 0.0631837
    Cl(f) = 0.189079
    Cl(r) = -0.125896

Time = 255

smoothSolver:  Solving for Ux, Initial residual = 0.000135537, Final residual = 1.03786e-05, No Iterations 8
smoothSolver:  Solving for Uy, Initial residual = 0.00310229, Final residual = 0.000264473, No Iterations 7
smoothSolver:  Solving for Uz, Initial residual = 0.00264312, Final residual = 0.000226204, No Iterations 7
GAMG:  Solving for p, Initial residual = 0.0013409, Final residual = 6.17265e-06, No Iterations 4
time step continuity errors : sum local = 1.17099e-05, global = -1.40216e-07, cumulative = 4.63973e-05
smoothSolver:  Solving for omega, Initial residual = 2.36051e-05, Final residual = 1.48449e-06, No Iterations 3
smoothSolver:  Solving for k, Initial residual = 0.000293285, Final residual = 2.44583e-05, No Iterations 3
ExecutionTime = 53.73 s  ClockTime = 55 s

forceCoeffs forceCoeffs1 write:
    Cm    = 0.157416
    Cd    = 0.413017
    Cl    = 0.0632583
    Cl(f) = 0.189046
    Cl(r) = -0.125787

Time = 256

smoothSolver:  Solving for Ux, Initial residual = 0.000135475, Final residual = 1.04024e-05, No Iterations 8
smoothSolver:  Solving for Uy, Initial residual = 0.00310737, Final residual = 0.000266576, No Iterations 7
smoothSolver:  Solving for Uz, Initial residual = 0.00264994, Final residual = 0.000228379, No Iterations 7
GAMG:  Solving for p, Initial residual = 0.00134082, Final residual = 6.29275e-06, No Iterations 4
time step continuity errors : sum local = 1.19383e-05, global = -1.1776e-07, cumulative = 4.62795e-05
smoothSolver:  Solving for omega, Initial residual = 2.37288e-05, Final residual = 1.48934e-06, No Iterations 3
smoothSolver:  Solving for k, Initial residual = 0.00029196, Final residual = 2.43671e-05, No Iterations 3
ExecutionTime = 53.94 s  ClockTime = 55 s

forceCoeffs forceCoeffs1 write:
    Cm    = 0.157336
    Cd    = 0.413066
    Cl    = 0.0632737
    Cl(f) = 0.188972
    Cl(r) = -0.125699

Time = 257

smoothSolver:  Solving for Ux, Initial residual = 0.000134976, Final residual = 1.04053e-05, No Iterations 8
smoothSolver:  Solving for Uy, Initial residual = 0.00311256, Final residual = 0.000266952, No Iterations 7
smoothSolver:  Solving for Uz, Initial residual = 0.00264213, Final residual = 0.000228856, No Iterations 7
GAMG:  Solving for p, Initial residual = 0.00133544, Final residual = 6.40002e-06, No Iterations 4
time step continuity errors : sum local = 1.21428e-05, global = -1.56984e-07, cumulative = 4.61225e-05
smoothSolver:  Solving for omega, Initial residual = 2.34258e-05, Final residual = 1.48604e-06, No Iterations 3
smoothSolver:  Solving for k, Initial residual = 0.00028971, Final residual = 2.42397e-05, No Iterations 3
ExecutionTime = 54.15 s  ClockTime = 56 s

forceCoeffs forceCoeffs1 write:
    Cm    = 0.157179
    Cd    = 0.413063
    Cl    = 0.063255
    Cl(f) = 0.188807
    Cl(r) = -0.125552

Time = 258

smoothSolver:  Solving for Ux, Initial residual = 0.000133729, Final residual = 1.03162e-05, No Iterations 8
smoothSolver:  Solving for Uy, Initial residual = 0.00308577, Final residual = 0.000264018, No Iterations 7
smoothSolver:  Solving for Uz, Initial residual = 0.00262231, Final residual = 0.000227465, No Iterations 7
GAMG:  Solving for p, Initial residual = 0.00133298, Final residual = 6.54129e-06, No Iterations 4
time step continuity errors : sum local = 1.24139e-05, global = -1.11217e-07, cumulative = 4.60113e-05
smoothSolver:  Solving for omega, Initial residual = 2.33703e-05, Final residual = 1.48348e-06, No Iterations 3
smoothSolver:  Solving for k, Initial residual = 0.000286231, Final residual = 2.40245e-05, No Iterations 3
ExecutionTime = 54.35 s  ClockTime = 56 s

forceCoeffs forceCoeffs1 write:
    Cm    = 0.15704
    Cd    = 0.413036
    Cl    = 0.0632024
    Cl(f) = 0.188641
    Cl(r) = -0.125438

Time = 259

smoothSolver:  Solving for Ux, Initial residual = 0.000132569, Final residual = 1.02093e-05, No Iterations 8
smoothSolver:  Solving for Uy, Initial residual = 0.00306653, Final residual = 0.000260014, No Iterations 7
smoothSolver:  Solving for Uz, Initial residual = 0.00259989, Final residual = 0.000224801, No Iterations 7
GAMG:  Solving for p, Initial residual = 0.00132942, Final residual = 6.67489e-06, No Iterations 4
time step continuity errors : sum local = 1.26699e-05, global = -8.56862e-08, cumulative = 4.59256e-05
smoothSolver:  Solving for omega, Initial residual = 2.31832e-05, Final residual = 1.46543e-06, No Iterations 3
smoothSolver:  Solving for k, Initial residual = 0.000281519, Final residual = 2.36715e-05, No Iterations 3
ExecutionTime = 54.56 s  ClockTime = 56 s

forceCoeffs forceCoeffs1 write:
    Cm    = 0.156861
    Cd    = 0.412961
    Cl    = 0.0631357
    Cl(f) = 0.188429
    Cl(r) = -0.125293

Time = 260

smoothSolver:  Solving for Ux, Initial residual = 0.00013066, Final residual = 1.00313e-05, No Iterations 8
smoothSolver:  Solving for Uy, Initial residual = 0.00302191, Final residual = 0.000254749, No Iterations 7
smoothSolver:  Solving for Uz, Initial residual = 0.00255979, Final residual = 0.000220016, No Iterations 7
GAMG:  Solving for p, Initial residual = 0.00132728, Final residual = 6.73124e-06, No Iterations 4
time step continuity errors : sum local = 1.27801e-05, global = -6.54154e-08, cumulative = 4.58602e-05
smoothSolver:  Solving for omega, Initial residual = 2.30695e-05, Final residual = 1.44971e-06, No Iterations 3
smoothSolver:  Solving for k, Initial residual = 0.000275541, Final residual = 2.31813e-05, No Iterations 3
ExecutionTime = 54.77 s  ClockTime = 56 s

forceCoeffs forceCoeffs1 write:
    Cm    = 0.156712
    Cd    = 0.412888
    Cl    = 0.0630215
    Cl(f) = 0.188223
    Cl(r) = -0.125201

Time = 261

smoothSolver:  Solving for Ux, Initial residual = 0.000129339, Final residual = 9.90868e-06, No Iterations 8
smoothSolver:  Solving for Uy, Initial residual = 0.00298526, Final residual = 0.000250338, No Iterations 7
smoothSolver:  Solving for Uz, Initial residual = 0.00252799, Final residual = 0.000216428, No Iterations 7
GAMG:  Solving for p, Initial residual = 0.00132092, Final residual = 6.59071e-06, No Iterations 4
time step continuity errors : sum local = 1.25158e-05, global = -1.18034e-07, cumulative = 4.57422e-05
smoothSolver:  Solving for omega, Initial residual = 2.30431e-05, Final residual = 1.43947e-06, No Iterations 3
smoothSolver:  Solving for k, Initial residual = 0.000268829, Final residual = 2.26331e-05, No Iterations 3
ExecutionTime = 54.98 s  ClockTime = 57 s

forceCoeffs forceCoeffs1 write:
    Cm    = 0.156511
    Cd    = 0.412727
    Cl    = 0.0629271
    Cl(f) = 0.187974
    Cl(r) = -0.125047

Time = 262

smoothSolver:  Solving for Ux, Initial residual = 0.000127685, Final residual = 9.79571e-06, No Iterations 8
smoothSolver:  Solving for Uy, Initial residual = 0.00294274, Final residual = 0.000246194, No Iterations 7
smoothSolver:  Solving for Uz, Initial residual = 0.00249869, Final residual = 0.000213585, No Iterations 7
GAMG:  Solving for p, Initial residual = 0.00131064, Final residual = 6.25267e-06, No Iterations 4
time step continuity errors : sum local = 1.18758e-05, global = -8.71378e-08, cumulative = 4.5655e-05
smoothSolver:  Solving for omega, Initial residual = 2.28876e-05, Final residual = 1.42142e-06, No Iterations 3
smoothSolver:  Solving for k, Initial residual = 0.000262159, Final residual = 2.208e-05, No Iterations 3
ExecutionTime = 55.17 s  ClockTime = 57 s

forceCoeffs forceCoeffs1 write:
    Cm    = 0.156367
    Cd    = 0.412573
    Cl    = 0.0628403
    Cl(f) = 0.187787
    Cl(r) = -0.124946

Time = 263

smoothSolver:  Solving for Ux, Initial residual = 0.000126874, Final residual = 9.75205e-06, No Iterations 8
smoothSolver:  Solving for Uy, Initial residual = 0.00292099, Final residual = 0.000246245, No Iterations 7
smoothSolver:  Solving for Uz, Initial residual = 0.00248833, Final residual = 0.000213704, No Iterations 7
GAMG:  Solving for p, Initial residual = 0.00130423, Final residual = 5.9708e-06, No Iterations 4
time step continuity errors : sum local = 1.13415e-05, global = -6.6107e-08, cumulative = 4.55889e-05
smoothSolver:  Solving for omega, Initial residual = 2.25948e-05, Final residual = 1.41629e-06, No Iterations 3
smoothSolver:  Solving for k, Initial residual = 0.00025694, Final residual = 2.16372e-05, No Iterations 3
ExecutionTime = 55.38 s  ClockTime = 57 s

forceCoeffs forceCoeffs1 write:
    Cm    = 0.156202
    Cd    = 0.412394
    Cl    = 0.0627508
    Cl(f) = 0.187577
    Cl(r) = -0.124827

Time = 264

smoothSolver:  Solving for Ux, Initial residual = 0.000127039, Final residual = 9.85209e-06, No Iterations 8
smoothSolver:  Solving for Uy, Initial residual = 0.00292052, Final residual = 0.000248313, No Iterations 7
smoothSolver:  Solving for Uz, Initial residual = 0.00249888, Final residual = 0.000216413, No Iterations 7
GAMG:  Solving for p, Initial residual = 0.00130162, Final residual = 5.83096e-06, No Iterations 4
time step continuity errors : sum local = 1.10763e-05, global = -3.84087e-08, cumulative = 4.55505e-05
smoothSolver:  Solving for omega, Initial residual = 2.27523e-05, Final residual = 1.41988e-06, No Iterations 3
smoothSolver:  Solving for k, Initial residual = 0.000252507, Final residual = 2.12533e-05, No Iterations 3
ExecutionTime = 55.59 s  ClockTime = 57 s

forceCoeffs forceCoeffs1 write:
    Cm    = 0.156088
    Cd    = 0.412234
    Cl    = 0.062678
    Cl(f) = 0.187427
    Cl(r) = -0.124749

Time = 265

smoothSolver:  Solving for Ux, Initial residual = 0.000128451, Final residual = 1.00236e-05, No Iterations 8
smoothSolver:  Solving for Uy, Initial residual = 0.00294628, Final residual = 0.000251193, No Iterations 7
smoothSolver:  Solving for Uz, Initial residual = 0.00252997, Final residual = 0.000221472, No Iterations 7
GAMG:  Solving for p, Initial residual = 0.00129813, Final residual = 5.86619e-06, No Iterations 4
time step continuity errors : sum local = 1.11422e-05, global = -3.87019e-08, cumulative = 4.55118e-05
smoothSolver:  Solving for omega, Initial residual = 2.29718e-05, Final residual = 1.4424e-06, No Iterations 3
smoothSolver:  Solving for k, Initial residual = 0.000249572, Final residual = 2.09462e-05, No Iterations 3
ExecutionTime = 55.8 s  ClockTime = 57 s

forceCoeffs forceCoeffs1 write:
    Cm    = 0.155954
    Cd    = 0.412041
    Cl    = 0.0626311
    Cl(f) = 0.187269
    Cl(r) = -0.124638

Time = 266

smoothSolver:  Solving for Ux, Initial residual = 0.000130081, Final residual = 1.01215e-05, No Iterations 8
smoothSolver:  Solving for Uy, Initial residual = 0.00296709, Final residual = 0.000254063, No Iterations 7
smoothSolver:  Solving for Uz, Initial residual = 0.00255514, Final residual = 0.000225236, No Iterations 7
GAMG:  Solving for p, Initial residual = 0.00130313, Final residual = 5.90621e-06, No Iterations 4
time step continuity errors : sum local = 1.12168e-05, global = -4.0302e-08, cumulative = 4.54715e-05
smoothSolver:  Solving for omega, Initial residual = 2.32433e-05, Final residual = 1.46014e-06, No Iterations 3
smoothSolver:  Solving for k, Initial residual = 0.000247788, Final residual = 2.06871e-05, No Iterations 3
ExecutionTime = 56 s  ClockTime = 58 s

forceCoeffs forceCoeffs1 write:
    Cm    = 0.155897
    Cd    = 0.411895
    Cl    = 0.0626443
    Cl(f) = 0.187219
    Cl(r) = -0.124575

Time = 267

smoothSolver:  Solving for Ux, Initial residual = 0.000131297, Final residual = 1.00867e-05, No Iterations 8
smoothSolver:  Solving for Uy, Initial residual = 0.00298776, Final residual = 0.000254911, No Iterations 7
smoothSolver:  Solving for Uz, Initial residual = 0.00257846, Final residual = 0.000226503, No Iterations 7
GAMG:  Solving for p, Initial residual = 0.00130987, Final residual = 6.00603e-06, No Iterations 4
time step continuity errors : sum local = 1.14036e-05, global = -3.86561e-08, cumulative = 4.54329e-05
smoothSolver:  Solving for omega, Initial residual = 2.34126e-05, Final residual = 1.46321e-06, No Iterations 3
smoothSolver:  Solving for k, Initial residual = 0.00024663, Final residual = 2.04086e-05, No Iterations 3
ExecutionTime = 56.21 s  ClockTime = 58 s

forceCoeffs forceCoeffs1 write:
    Cm    = 0.155821
    Cd    = 0.411758
    Cl    = 0.0626651
    Cl(f) = 0.187154
    Cl(r) = -0.124489

Time = 268

smoothSolver:  Solving for Ux, Initial residual = 0.000131084, Final residual = 9.92625e-06, No Iterations 8
smoothSolver:  Solving for Uy, Initial residual = 0.00298558, Final residual = 0.000252834, No Iterations 7
smoothSolver:  Solving for Uz, Initial residual = 0.00257527, Final residual = 0.000224596, No Iterations 7
GAMG:  Solving for p, Initial residual = 0.00131408, Final residual = 6.03185e-06, No Iterations 4
time step continuity errors : sum local = 1.14496e-05, global = -3.49131e-08, cumulative = 4.53979e-05
smoothSolver:  Solving for omega, Initial residual = 2.35918e-05, Final residual = 1.46399e-06, No Iterations 3
smoothSolver:  Solving for k, Initial residual = 0.000245409, Final residual = 2.0085e-05, No Iterations 3
ExecutionTime = 56.42 s  ClockTime = 58 s

forceCoeffs forceCoeffs1 write:
    Cm    = 0.155788
    Cd    = 0.411644
    Cl    = 0.0627178
    Cl(f) = 0.187147
    Cl(r) = -0.124429

Time = 269

smoothSolver:  Solving for Ux, Initial residual = 0.000130235, Final residual = 1.28406e-05, No Iterations 7
smoothSolver:  Solving for Uy, Initial residual = 0.00296808, Final residual = 0.000247568, No Iterations 7
smoothSolver:  Solving for Uz, Initial residual = 0.00256023, Final residual = 0.000219871, No Iterations 7
GAMG:  Solving for p, Initial residual = 0.00132113, Final residual = 5.99355e-06, No Iterations 4
time step continuity errors : sum local = 1.13734e-05, global = -2.72791e-08, cumulative = 4.53707e-05
smoothSolver:  Solving for omega, Initial residual = 2.32677e-05, Final residual = 1.45604e-06, No Iterations 3
smoothSolver:  Solving for k, Initial residual = 0.000244021, Final residual = 1.97681e-05, No Iterations 3
ExecutionTime = 56.63 s  ClockTime = 58 s

forceCoeffs forceCoeffs1 write:
    Cm    = 0.155755
    Cd    = 0.411554
    Cl    = 0.0627672
    Cl(f) = 0.187138
    Cl(r) = -0.124371

Time = 270

smoothSolver:  Solving for Ux, Initial residual = 0.000128808, Final residual = 1.24888e-05, No Iterations 7
smoothSolver:  Solving for Uy, Initial residual = 0.0029418, Final residual = 0.000241025, No Iterations 7
smoothSolver:  Solving for Uz, Initial residual = 0.0025245, Final residual = 0.000211962, No Iterations 7
GAMG:  Solving for p, Initial residual = 0.00132332, Final residual = 5.85166e-06, No Iterations 4
time step continuity errors : sum local = 1.11009e-05, global = -2.27838e-08, cumulative = 4.53479e-05
smoothSolver:  Solving for omega, Initial residual = 2.32166e-05, Final residual = 1.44572e-06, No Iterations 3
smoothSolver:  Solving for k, Initial residual = 0.000243517, Final residual = 1.94876e-05, No Iterations 3
ExecutionTime = 56.84 s  ClockTime = 58 s

forceCoeffs forceCoeffs1 write:
    Cm    = 0.155756
    Cd    = 0.411496
    Cl    = 0.0628539
    Cl(f) = 0.187183
    Cl(r) = -0.124329

Time = 271

smoothSolver:  Solving for Ux, Initial residual = 0.000127506, Final residual = 1.21493e-05, No Iterations 7
smoothSolver:  Solving for Uy, Initial residual = 0.00290739, Final residual = 0.000233348, No Iterations 7
smoothSolver:  Solving for Uz, Initial residual = 0.00249053, Final residual = 0.000203818, No Iterations 7
GAMG:  Solving for p, Initial residual = 0.00132366, Final residual = 5.74408e-06, No Iterations 4
time step continuity errors : sum local = 1.08935e-05, global = -2.01835e-08, cumulative = 4.53277e-05
smoothSolver:  Solving for omega, Initial residual = 2.29366e-05, Final residual = 1.42707e-06, No Iterations 3
smoothSolver:  Solving for k, Initial residual = 0.000241765, Final residual = 1.92483e-05, No Iterations 3
ExecutionTime = 57.04 s  ClockTime = 59 s

forceCoeffs forceCoeffs1 write:
    Cm    = 0.155739
    Cd    = 0.411435
    Cl    = 0.0629772
    Cl(f) = 0.187227
    Cl(r) = -0.12425

Time = 272

smoothSolver:  Solving for Ux, Initial residual = 0.000125594, Final residual = 1.19749e-05, No Iterations 7
smoothSolver:  Solving for Uy, Initial residual = 0.00287486, Final residual = 0.000228471, No Iterations 7
smoothSolver:  Solving for Uz, Initial residual = 0.00245176, Final residual = 0.000196652, No Iterations 7
GAMG:  Solving for p, Initial residual = 0.00132183, Final residual = 5.59787e-06, No Iterations 4
time step continuity errors : sum local = 1.0614e-05, global = -1.66847e-08, cumulative = 4.5311e-05
smoothSolver:  Solving for omega, Initial residual = 2.29138e-05, Final residual = 1.42645e-06, No Iterations 3
smoothSolver:  Solving for k, Initial residual = 0.000239411, Final residual = 1.90579e-05, No Iterations 3
ExecutionTime = 57.25 s  ClockTime = 59 s

forceCoeffs forceCoeffs1 write:
    Cm    = 0.155754
    Cd    = 0.411383
    Cl    = 0.0631256
    Cl(f) = 0.187317
    Cl(r) = -0.124191

Time = 273

smoothSolver:  Solving for Ux, Initial residual = 0.000123949, Final residual = 1.18296e-05, No Iterations 7
smoothSolver:  Solving for Uy, Initial residual = 0.00285286, Final residual = 0.000226193, No Iterations 7
smoothSolver:  Solving for Uz, Initial residual = 0.00242483, Final residual = 0.000191683, No Iterations 7
GAMG:  Solving for p, Initial residual = 0.00132233, Final residual = 5.48615e-06, No Iterations 4
time step continuity errors : sum local = 1.04002e-05, global = -1.00856e-08, cumulative = 4.53009e-05
smoothSolver:  Solving for omega, Initial residual = 2.28616e-05, Final residual = 1.4238e-06, No Iterations 3
smoothSolver:  Solving for k, Initial residual = 0.000236527, Final residual = 1.88994e-05, No Iterations 3
ExecutionTime = 57.45 s  ClockTime = 59 s

forceCoeffs forceCoeffs1 write:
    Cm    = 0.155783
    Cd    = 0.411377
    Cl    = 0.063312
    Cl(f) = 0.187439
    Cl(r) = -0.124127

Time = 274

smoothSolver:  Solving for Ux, Initial residual = 0.000122424, Final residual = 1.17279e-05, No Iterations 7
smoothSolver:  Solving for Uy, Initial residual = 0.0028329, Final residual = 0.000225142, No Iterations 7
smoothSolver:  Solving for Uz, Initial residual = 0.00240302, Final residual = 0.000187751, No Iterations 7
GAMG:  Solving for p, Initial residual = 0.00131916, Final residual = 5.42374e-06, No Iterations 4
time step continuity errors : sum local = 1.02808e-05, global = -1.27265e-08, cumulative = 4.52882e-05
smoothSolver:  Solving for omega, Initial residual = 2.29491e-05, Final residual = 1.42732e-06, No Iterations 3
smoothSolver:  Solving for k, Initial residual = 0.000233791, Final residual = 1.87866e-05, No Iterations 3
ExecutionTime = 57.65 s  ClockTime = 59 s

forceCoeffs forceCoeffs1 write:
    Cm    = 0.155823
    Cd    = 0.411351
    Cl    = 0.0634725
    Cl(f) = 0.187559
    Cl(r) = -0.124087

Time = 275

smoothSolver:  Solving for Ux, Initial residual = 0.000121139, Final residual = 1.16502e-05, No Iterations 7
smoothSolver:  Solving for Uy, Initial residual = 0.00282117, Final residual = 0.00022313, No Iterations 7
smoothSolver:  Solving for Uz, Initial residual = 0.00238426, Final residual = 0.000184039, No Iterations 7
GAMG:  Solving for p, Initial residual = 0.00132092, Final residual = 5.4137e-06, No Iterations 4
time step continuity errors : sum local = 1.02612e-05, global = -3.60679e-09, cumulative = 4.52846e-05
smoothSolver:  Solving for omega, Initial residual = 2.26629e-05, Final residual = 1.42484e-06, No Iterations 3
smoothSolver:  Solving for k, Initial residual = 0.000229973, Final residual = 1.86143e-05, No Iterations 3
ExecutionTime = 57.86 s  ClockTime = 59 s

forceCoeffs forceCoeffs1 write:
    Cm    = 0.155844
    Cd    = 0.411343
    Cl    = 0.0635928
    Cl(f) = 0.187641
    Cl(r) = -0.124048

Time = 276

smoothSolver:  Solving for Ux, Initial residual = 0.000120158, Final residual = 1.15832e-05, No Iterations 7
smoothSolver:  Solving for Uy, Initial residual = 0.00280095, Final residual = 0.000220439, No Iterations 7
smoothSolver:  Solving for Uz, Initial residual = 0.00235898, Final residual = 0.000179166, No Iterations 7
GAMG:  Solving for p, Initial residual = 0.00131935, Final residual = 5.25746e-06, No Iterations 4
time step continuity errors : sum local = 9.96601e-06, global = 4.67906e-08, cumulative = 4.53314e-05
smoothSolver:  Solving for omega, Initial residual = 2.23503e-05, Final residual = 1.40955e-06, No Iterations 3
smoothSolver:  Solving for k, Initial residual = 0.000225469, Final residual = 1.8366e-05, No Iterations 3
ExecutionTime = 58.07 s  ClockTime = 60 s

forceCoeffs forceCoeffs1 write:
    Cm    = 0.155846
    Cd    = 0.411253
    Cl    = 0.0636845
    Cl(f) = 0.187688
    Cl(r) = -0.124004

Time = 277

smoothSolver:  Solving for Ux, Initial residual = 0.000119465, Final residual = 1.14818e-05, No Iterations 7
smoothSolver:  Solving for Uy, Initial residual = 0.00277753, Final residual = 0.000214828, No Iterations 7
smoothSolver:  Solving for Uz, Initial residual = 0.00233259, Final residual = 0.000174731, No Iterations 7
GAMG:  Solving for p, Initial residual = 0.0013146, Final residual = 5.1972e-06, No Iterations 4
time step continuity errors : sum local = 9.85235e-06, global = 3.67199e-08, cumulative = 4.53681e-05
smoothSolver:  Solving for omega, Initial residual = 2.2067e-05, Final residual = 1.39528e-06, No Iterations 3
smoothSolver:  Solving for k, Initial residual = 0.000220047, Final residual = 1.8031e-05, No Iterations 3
ExecutionTime = 58.27 s  ClockTime = 60 s

forceCoeffs forceCoeffs1 write:
    Cm    = 0.155861
    Cd    = 0.411194
    Cl    = 0.0638492
    Cl(f) = 0.187785
    Cl(r) = -0.123936

Time = 278

smoothSolver:  Solving for Ux, Initial residual = 0.000118796, Final residual = 1.14393e-05, No Iterations 7
smoothSolver:  Solving for Uy, Initial residual = 0.00272817, Final residual = 0.000209666, No Iterations 7
smoothSolver:  Solving for Uz, Initial residual = 0.00231098, Final residual = 0.000172129, No Iterations 7
GAMG:  Solving for p, Initial residual = 0.00131626, Final residual = 5.03701e-06, No Iterations 4
time step continuity errors : sum local = 9.55005e-06, global = 3.75993e-08, cumulative = 4.54057e-05
smoothSolver:  Solving for omega, Initial residual = 2.20618e-05, Final residual = 1.38647e-06, No Iterations 3
smoothSolver:  Solving for k, Initial residual = 0.00021431, Final residual = 1.76763e-05, No Iterations 3
ExecutionTime = 58.49 s  ClockTime = 60 s

forceCoeffs forceCoeffs1 write:
    Cm    = 0.15585
    Cd    = 0.411047
    Cl    = 0.0639456
    Cl(f) = 0.187823
    Cl(r) = -0.123877

Time = 279

smoothSolver:  Solving for Ux, Initial residual = 0.000118676, Final residual = 1.14463e-05, No Iterations 7
smoothSolver:  Solving for Uy, Initial residual = 0.00270199, Final residual = 0.00020548, No Iterations 7
smoothSolver:  Solving for Uz, Initial residual = 0.00230569, Final residual = 0.000170719, No Iterations 7
GAMG:  Solving for p, Initial residual = 0.00131498, Final residual = 4.97732e-06, No Iterations 4
time step continuity errors : sum local = 9.43776e-06, global = 5.72694e-08, cumulative = 4.5463e-05
smoothSolver:  Solving for omega, Initial residual = 2.18107e-05, Final residual = 1.37332e-06, No Iterations 3
smoothSolver:  Solving for k, Initial residual = 0.000208658, Final residual = 1.73391e-05, No Iterations 3
ExecutionTime = 58.69 s  ClockTime = 60 s

forceCoeffs forceCoeffs1 write:
    Cm    = 0.155844
    Cd    = 0.410946
    Cl    = 0.0641106
    Cl(f) = 0.187899
    Cl(r) = -0.123788

Time = 280

smoothSolver:  Solving for Ux, Initial residual = 0.000117495, Final residual = 1.13664e-05, No Iterations 7
smoothSolver:  Solving for Uy, Initial residual = 0.00266321, Final residual = 0.000201937, No Iterations 7
smoothSolver:  Solving for Uz, Initial residual = 0.00228765, Final residual = 0.000169576, No Iterations 7
GAMG:  Solving for p, Initial residual = 0.00131353, Final residual = 4.88338e-06, No Iterations 4
time step continuity errors : sum local = 9.26052e-06, global = 6.49922e-08, cumulative = 4.5528e-05
smoothSolver:  Solving for omega, Initial residual = 2.14849e-05, Final residual = 1.35042e-06, No Iterations 3
smoothSolver:  Solving for k, Initial residual = 0.000204402, Final residual = 1.70931e-05, No Iterations 3
ExecutionTime = 58.9 s  ClockTime = 61 s

forceCoeffs forceCoeffs1 write:
    Cm    = 0.155837
    Cd    = 0.410796
    Cl    = 0.0641866
    Cl(f) = 0.187931
    Cl(r) = -0.123744

Time = 281

smoothSolver:  Solving for Ux, Initial residual = 0.000116786, Final residual = 1.13123e-05, No Iterations 7
smoothSolver:  Solving for Uy, Initial residual = 0.00263203, Final residual = 0.000199513, No Iterations 7
smoothSolver:  Solving for Uz, Initial residual = 0.00227361, Final residual = 0.000168292, No Iterations 7
GAMG:  Solving for p, Initial residual = 0.00130542, Final residual = 4.88524e-06, No Iterations 4
time step continuity errors : sum local = 9.26455e-06, global = 2.73597e-08, cumulative = 4.55553e-05
smoothSolver:  Solving for omega, Initial residual = 2.14589e-05, Final residual = 1.33688e-06, No Iterations 3
smoothSolver:  Solving for k, Initial residual = 0.000202583, Final residual = 1.69411e-05, No Iterations 3
ExecutionTime = 59.1 s  ClockTime = 61 s

forceCoeffs forceCoeffs1 write:
    Cm    = 0.155833
    Cd    = 0.410698
    Cl    = 0.0643355
    Cl(f) = 0.188001
    Cl(r) = -0.123666

Time = 282

smoothSolver:  Solving for Ux, Initial residual = 0.000115309, Final residual = 1.11521e-05, No Iterations 7
smoothSolver:  Solving for Uy, Initial residual = 0.00258361, Final residual = 0.00019614, No Iterations 7
smoothSolver:  Solving for Uz, Initial residual = 0.0022517, Final residual = 0.000166929, No Iterations 7
GAMG:  Solving for p, Initial residual = 0.00129655, Final residual = 4.84631e-06, No Iterations 4
time step continuity errors : sum local = 9.19185e-06, global = -1.36484e-08, cumulative = 4.55417e-05
smoothSolver:  Solving for omega, Initial residual = 2.13053e-05, Final residual = 1.32467e-06, No Iterations 3
smoothSolver:  Solving for k, Initial residual = 0.000202831, Final residual = 1.68909e-05, No Iterations 3
ExecutionTime = 59.31 s  ClockTime = 61 s

forceCoeffs forceCoeffs1 write:
    Cm    = 0.155834
    Cd    = 0.410552
    Cl    = 0.0644137
    Cl(f) = 0.188041
    Cl(r) = -0.123627

Time = 283

smoothSolver:  Solving for Ux, Initial residual = 0.000114108, Final residual = 1.0961e-05, No Iterations 7
smoothSolver:  Solving for Uy, Initial residual = 0.00254563, Final residual = 0.000193196, No Iterations 7
smoothSolver:  Solving for Uz, Initial residual = 0.00222438, Final residual = 0.000165529, No Iterations 7
GAMG:  Solving for p, Initial residual = 0.00128494, Final residual = 4.85245e-06, No Iterations 4
time step continuity errors : sum local = 9.20355e-06, global = -3.13194e-08, cumulative = 4.55104e-05
smoothSolver:  Solving for omega, Initial residual = 2.08812e-05, Final residual = 1.30673e-06, No Iterations 3
smoothSolver:  Solving for k, Initial residual = 0.000204097, Final residual = 1.68943e-05, No Iterations 3
ExecutionTime = 59.51 s  ClockTime = 61 s

forceCoeffs forceCoeffs1 write:
    Cm    = 0.155886
    Cd    = 0.410505
    Cl    = 0.0645897
    Cl(f) = 0.188181
    Cl(r) = -0.123591

Time = 284

smoothSolver:  Solving for Ux, Initial residual = 0.000112302, Final residual = 1.07614e-05, No Iterations 7
smoothSolver:  Solving for Uy, Initial residual = 0.00249814, Final residual = 0.000188781, No Iterations 7
smoothSolver:  Solving for Uz, Initial residual = 0.0021924, Final residual = 0.000163018, No Iterations 7
GAMG:  Solving for p, Initial residual = 0.00127703, Final residual = 4.85277e-06, No Iterations 4
time step continuity errors : sum local = 9.20436e-06, global = -3.37305e-08, cumulative = 4.54766e-05
smoothSolver:  Solving for omega, Initial residual = 2.09014e-05, Final residual = 1.30447e-06, No Iterations 3
smoothSolver:  Solving for k, Initial residual = 0.000206114, Final residual = 1.69584e-05, No Iterations 3
ExecutionTime = 59.72 s  ClockTime = 61 s

forceCoeffs forceCoeffs1 write:
    Cm    = 0.155958
    Cd    = 0.410446
    Cl    = 0.0646922
    Cl(f) = 0.188304
    Cl(r) = -0.123612

Time = 285

smoothSolver:  Solving for Ux, Initial residual = 0.000111329, Final residual = 1.0637e-05, No Iterations 7
smoothSolver:  Solving for Uy, Initial residual = 0.00246988, Final residual = 0.000185656, No Iterations 7
smoothSolver:  Solving for Uz, Initial residual = 0.00217092, Final residual = 0.000160459, No Iterations 7
GAMG:  Solving for p, Initial residual = 0.00125919, Final residual = 4.72299e-06, No Iterations 4
time step continuity errors : sum local = 8.95787e-06, global = -4.71604e-08, cumulative = 4.54295e-05
smoothSolver:  Solving for omega, Initial residual = 2.0736e-05, Final residual = 1.29111e-06, No Iterations 3
smoothSolver:  Solving for k, Initial residual = 0.000207943, Final residual = 1.7032e-05, No Iterations 3
ExecutionTime = 59.93 s  ClockTime = 62 s

forceCoeffs forceCoeffs1 write:
    Cm    = 0.156041
    Cd    = 0.410475
    Cl    = 0.0648258
    Cl(f) = 0.188454
    Cl(r) = -0.123628

Time = 286

smoothSolver:  Solving for Ux, Initial residual = 0.000109643, Final residual = 1.04601e-05, No Iterations 7
smoothSolver:  Solving for Uy, Initial residual = 0.0024193, Final residual = 0.000180418, No Iterations 7
smoothSolver:  Solving for Uz, Initial residual = 0.00213369, Final residual = 0.00021239, No Iterations 6
GAMG:  Solving for p, Initial residual = 0.00124341, Final residual = 4.57179e-06, No Iterations 4
time step continuity errors : sum local = 8.67137e-06, global = -4.78519e-08, cumulative = 4.53816e-05
smoothSolver:  Solving for omega, Initial residual = 2.05105e-05, Final residual = 1.27376e-06, No Iterations 3
smoothSolver:  Solving for k, Initial residual = 0.000210343, Final residual = 1.71359e-05, No Iterations 3
ExecutionTime = 60.13 s  ClockTime = 62 s

forceCoeffs forceCoeffs1 write:
    Cm    = 0.156101
    Cd    = 0.410468
    Cl    = 0.0648371
    Cl(f) = 0.188519
    Cl(r) = -0.123682

Time = 287

smoothSolver:  Solving for Ux, Initial residual = 0.000108075, Final residual = 1.03299e-05, No Iterations 7
smoothSolver:  Solving for Uy, Initial residual = 0.00238062, Final residual = 0.000177203, No Iterations 7
smoothSolver:  Solving for Uz, Initial residual = 0.0021128, Final residual = 0.000210822, No Iterations 6
GAMG:  Solving for p, Initial residual = 0.0012259, Final residual = 4.57854e-06, No Iterations 4
time step continuity errors : sum local = 8.68478e-06, global = -8.08009e-08, cumulative = 4.53008e-05
smoothSolver:  Solving for omega, Initial residual = 2.03737e-05, Final residual = 1.2602e-06, No Iterations 3
smoothSolver:  Solving for k, Initial residual = 0.000211462, Final residual = 1.72211e-05, No Iterations 3
ExecutionTime = 60.34 s  ClockTime = 62 s

forceCoeffs forceCoeffs1 write:
    Cm    = 0.156165
    Cd    = 0.410512
    Cl    = 0.0649271
    Cl(f) = 0.188629
    Cl(r) = -0.123701

Time = 288

smoothSolver:  Solving for Ux, Initial residual = 0.000106511, Final residual = 1.01377e-05, No Iterations 7
smoothSolver:  Solving for Uy, Initial residual = 0.00234331, Final residual = 0.000174176, No Iterations 7
smoothSolver:  Solving for Uz, Initial residual = 0.00208775, Final residual = 0.000208244, No Iterations 6
GAMG:  Solving for p, Initial residual = 0.00121141, Final residual = 4.61504e-06, No Iterations 4
time step continuity errors : sum local = 8.75529e-06, global = -7.74436e-08, cumulative = 4.52234e-05
smoothSolver:  Solving for omega, Initial residual = 2.02603e-05, Final residual = 1.24318e-06, No Iterations 3
smoothSolver:  Solving for k, Initial residual = 0.000211301, Final residual = 1.72607e-05, No Iterations 3
ExecutionTime = 60.54 s  ClockTime = 62 s

forceCoeffs forceCoeffs1 write:
    Cm    = 0.156222
    Cd    = 0.410544
    Cl    = 0.0649455
    Cl(f) = 0.188695
    Cl(r) = -0.12375

Time = 289

smoothSolver:  Solving for Ux, Initial residual = 0.000105731, Final residual = 9.95971e-06, No Iterations 7
smoothSolver:  Solving for Uy, Initial residual = 0.00232569, Final residual = 0.000171714, No Iterations 7
smoothSolver:  Solving for Uz, Initial residual = 0.00206796, Final residual = 0.000205728, No Iterations 6
GAMG:  Solving for p, Initial residual = 0.00119844, Final residual = 4.63086e-06, No Iterations 4
time step continuity errors : sum local = 8.78669e-06, global = -6.25906e-08, cumulative = 4.51608e-05
smoothSolver:  Solving for omega, Initial residual = 2.00034e-05, Final residual = 1.22723e-06, No Iterations 3
smoothSolver:  Solving for k, Initial residual = 0.000209933, Final residual = 1.72517e-05, No Iterations 3
ExecutionTime = 60.74 s  ClockTime = 62 s

forceCoeffs forceCoeffs1 write:
    Cm    = 0.156259
    Cd    = 0.410603
    Cl    = 0.0650166
    Cl(f) = 0.188767
    Cl(r) = -0.123751

Time = 290

smoothSolver:  Solving for Ux, Initial residual = 0.000104279, Final residual = 9.69272e-06, No Iterations 7
smoothSolver:  Solving for Uy, Initial residual = 0.00229957, Final residual = 0.000228923, No Iterations 6
smoothSolver:  Solving for Uz, Initial residual = 0.00205368, Final residual = 0.000203955, No Iterations 6
GAMG:  Solving for p, Initial residual = 0.00118539, Final residual = 4.57692e-06, No Iterations 4
time step continuity errors : sum local = 8.68653e-06, global = -3.24076e-08, cumulative = 4.51284e-05
smoothSolver:  Solving for omega, Initial residual = 1.96427e-05, Final residual = 1.20399e-06, No Iterations 3
smoothSolver:  Solving for k, Initial residual = 0.000207101, Final residual = 1.71977e-05, No Iterations 3
ExecutionTime = 60.96 s  ClockTime = 63 s

forceCoeffs forceCoeffs1 write:
    Cm    = 0.156272
    Cd    = 0.410634
    Cl    = 0.0650224
    Cl(f) = 0.188783
    Cl(r) = -0.123761

Time = 291

smoothSolver:  Solving for Ux, Initial residual = 0.000102835, Final residual = 9.45088e-06, No Iterations 7
smoothSolver:  Solving for Uy, Initial residual = 0.00227817, Final residual = 0.000226015, No Iterations 6
smoothSolver:  Solving for Uz, Initial residual = 0.00202409, Final residual = 0.000199202, No Iterations 6
GAMG:  Solving for p, Initial residual = 0.0011711, Final residual = 4.48064e-06, No Iterations 4
time step continuity errors : sum local = 8.5056e-06, global = -5.13936e-08, cumulative = 4.5077e-05
smoothSolver:  Solving for omega, Initial residual = 1.9415e-05, Final residual = 1.1801e-06, No Iterations 3
smoothSolver:  Solving for k, Initial residual = 0.000203648, Final residual = 1.70588e-05, No Iterations 3
ExecutionTime = 61.16 s  ClockTime = 63 s

forceCoeffs forceCoeffs1 write:
    Cm    = 0.156265
    Cd    = 0.410698
    Cl    = 0.0650677
    Cl(f) = 0.188799
    Cl(r) = -0.123731

Time = 292

smoothSolver:  Solving for Ux, Initial residual = 0.000100936, Final residual = 9.23938e-06, No Iterations 7
smoothSolver:  Solving for Uy, Initial residual = 0.00225239, Final residual = 0.000224239, No Iterations 6
smoothSolver:  Solving for Uz, Initial residual = 0.00199302, Final residual = 0.000195627, No Iterations 6
GAMG:  Solving for p, Initial residual = 0.00115787, Final residual = 4.3937e-06, No Iterations 4
time step continuity errors : sum local = 8.34281e-06, global = -3.32117e-08, cumulative = 4.50438e-05
smoothSolver:  Solving for omega, Initial residual = 1.92077e-05, Final residual = 1.16386e-06, No Iterations 3
smoothSolver:  Solving for k, Initial residual = 0.000199325, Final residual = 1.686e-05, No Iterations 3
ExecutionTime = 61.36 s  ClockTime = 63 s

forceCoeffs forceCoeffs1 write:
    Cm    = 0.156228
    Cd    = 0.410706
    Cl    = 0.0650662
    Cl(f) = 0.188761
    Cl(r) = -0.123695

Time = 293

smoothSolver:  Solving for Ux, Initial residual = 9.91611e-05, Final residual = 9.08447e-06, No Iterations 7
smoothSolver:  Solving for Uy, Initial residual = 0.00223309, Final residual = 0.000165097, No Iterations 7
smoothSolver:  Solving for Uz, Initial residual = 0.00196599, Final residual = 0.000192216, No Iterations 6
GAMG:  Solving for p, Initial residual = 0.00114493, Final residual = 4.36405e-06, No Iterations 4
time step continuity errors : sum local = 8.28871e-06, global = -2.41982e-08, cumulative = 4.50196e-05
smoothSolver:  Solving for omega, Initial residual = 1.90001e-05, Final residual = 1.14763e-06, No Iterations 3
smoothSolver:  Solving for k, Initial residual = 0.000194771, Final residual = 1.66477e-05, No Iterations 3
ExecutionTime = 61.57 s  ClockTime = 63 s

forceCoeffs forceCoeffs1 write:
    Cm    = 0.156161
    Cd    = 0.410713
    Cl    = 0.0651079
    Cl(f) = 0.188715
    Cl(r) = -0.123607

Time = 294

smoothSolver:  Solving for Ux, Initial residual = 9.69234e-05, Final residual = 8.90049e-06, No Iterations 7
smoothSolver:  Solving for Uy, Initial residual = 0.00220294, Final residual = 0.000163123, No Iterations 7
smoothSolver:  Solving for Uz, Initial residual = 0.00194557, Final residual = 0.000190479, No Iterations 6
GAMG:  Solving for p, Initial residual = 0.00113497, Final residual = 4.29836e-06, No Iterations 4
time step continuity errors : sum local = 8.16615e-06, global = 4.01694e-09, cumulative = 4.50236e-05
smoothSolver:  Solving for omega, Initial residual = 1.88862e-05, Final residual = 1.13187e-06, No Iterations 3
smoothSolver:  Solving for k, Initial residual = 0.000190415, Final residual = 1.64378e-05, No Iterations 3
ExecutionTime = 61.78 s  ClockTime = 63 s

forceCoeffs forceCoeffs1 write:
    Cm    = 0.156124
    Cd    = 0.410709
    Cl    = 0.0651483
    Cl(f) = 0.188698
    Cl(r) = -0.12355

Time = 295

smoothSolver:  Solving for Ux, Initial residual = 9.524e-05, Final residual = 8.79832e-06, No Iterations 7
smoothSolver:  Solving for Uy, Initial residual = 0.0021882, Final residual = 0.000218549, No Iterations 6
smoothSolver:  Solving for Uz, Initial residual = 0.00192902, Final residual = 0.000188275, No Iterations 6
GAMG:  Solving for p, Initial residual = 0.00112374, Final residual = 4.20061e-06, No Iterations 4
time step continuity errors : sum local = 7.9819e-06, global = 2.81008e-08, cumulative = 4.50517e-05
smoothSolver:  Solving for omega, Initial residual = 1.88266e-05, Final residual = 1.11469e-06, No Iterations 3
smoothSolver:  Solving for k, Initial residual = 0.00018634, Final residual = 1.62536e-05, No Iterations 3
ExecutionTime = 61.98 s  ClockTime = 64 s

forceCoeffs forceCoeffs1 write:
    Cm    = 0.156095
    Cd    = 0.410767
    Cl    = 0.0651869
    Cl(f) = 0.188689
    Cl(r) = -0.123502

Time = 296

smoothSolver:  Solving for Ux, Initial residual = 9.39769e-05, Final residual = 8.68202e-06, No Iterations 7
smoothSolver:  Solving for Uy, Initial residual = 0.00217077, Final residual = 0.000215582, No Iterations 6
smoothSolver:  Solving for Uz, Initial residual = 0.00190805, Final residual = 0.000185143, No Iterations 6
GAMG:  Solving for p, Initial residual = 0.00111477, Final residual = 4.20567e-06, No Iterations 4
time step continuity errors : sum local = 7.99277e-06, global = 5.75967e-08, cumulative = 4.51093e-05
smoothSolver:  Solving for omega, Initial residual = 1.85707e-05, Final residual = 1.09603e-06, No Iterations 3
smoothSolver:  Solving for k, Initial residual = 0.000182379, Final residual = 1.60808e-05, No Iterations 3
ExecutionTime = 62.18 s  ClockTime = 64 s

forceCoeffs forceCoeffs1 write:
    Cm    = 0.15607
    Cd    = 0.410813
    Cl    = 0.0651771
    Cl(f) = 0.188658
    Cl(r) = -0.123481

Time = 297

smoothSolver:  Solving for Ux, Initial residual = 9.3137e-05, Final residual = 8.6239e-06, No Iterations 7
smoothSolver:  Solving for Uy, Initial residual = 0.00217005, Final residual = 0.000214679, No Iterations 6
smoothSolver:  Solving for Uz, Initial residual = 0.00189276, Final residual = 0.00018341, No Iterations 6
GAMG:  Solving for p, Initial residual = 0.00110428, Final residual = 4.20711e-06, No Iterations 4
time step continuity errors : sum local = 7.99637e-06, global = 6.49734e-08, cumulative = 4.51743e-05
smoothSolver:  Solving for omega, Initial residual = 1.83214e-05, Final residual = 1.08733e-06, No Iterations 3
smoothSolver:  Solving for k, Initial residual = 0.000178969, Final residual = 1.593e-05, No Iterations 3
ExecutionTime = 62.39 s  ClockTime = 64 s

forceCoeffs forceCoeffs1 write:
    Cm    = 0.156033
    Cd    = 0.410897
    Cl    = 0.0651693
    Cl(f) = 0.188617
    Cl(r) = -0.123448

Time = 298

smoothSolver:  Solving for Ux, Initial residual = 9.24193e-05, Final residual = 8.55185e-06, No Iterations 7
smoothSolver:  Solving for Uy, Initial residual = 0.00216361, Final residual = 0.000213689, No Iterations 6
smoothSolver:  Solving for Uz, Initial residual = 0.00187995, Final residual = 0.000183032, No Iterations 6
GAMG:  Solving for p, Initial residual = 0.00109806, Final residual = 4.24481e-06, No Iterations 4
time step continuity errors : sum local = 8.06903e-06, global = 7.23881e-08, cumulative = 4.52466e-05
smoothSolver:  Solving for omega, Initial residual = 1.83417e-05, Final residual = 1.09133e-06, No Iterations 3
smoothSolver:  Solving for k, Initial residual = 0.000175454, Final residual = 1.57942e-05, No Iterations 3
ExecutionTime = 62.59 s  ClockTime = 64 s

forceCoeffs forceCoeffs1 write:
    Cm    = 0.156016
    Cd    = 0.410982
    Cl    = 0.0651525
    Cl(f) = 0.188592
    Cl(r) = -0.12344

Time = 299

smoothSolver:  Solving for Ux, Initial residual = 9.23414e-05, Final residual = 8.53687e-06, No Iterations 7
smoothSolver:  Solving for Uy, Initial residual = 0.0021701, Final residual = 0.000213732, No Iterations 6
smoothSolver:  Solving for Uz, Initial residual = 0.00187902, Final residual = 0.000183794, No Iterations 6
GAMG:  Solving for p, Initial residual = 0.00109192, Final residual = 4.23841e-06, No Iterations 4
time step continuity errors : sum local = 8.05719e-06, global = 5.82876e-08, cumulative = 4.53049e-05
smoothSolver:  Solving for omega, Initial residual = 1.82383e-05, Final residual = 1.08937e-06, No Iterations 3
smoothSolver:  Solving for k, Initial residual = 0.00017266, Final residual = 1.56546e-05, No Iterations 3
ExecutionTime = 62.8 s  ClockTime = 65 s

forceCoeffs forceCoeffs1 write:
    Cm    = 0.156003
    Cd    = 0.411135
    Cl    = 0.0651369
    Cl(f) = 0.188571
    Cl(r) = -0.123434

Time = 300

smoothSolver:  Solving for Ux, Initial residual = 9.20779e-05, Final residual = 8.51278e-06, No Iterations 7
smoothSolver:  Solving for Uy, Initial residual = 0.00217126, Final residual = 0.000213574, No Iterations 6
smoothSolver:  Solving for Uz, Initial residual = 0.00187679, Final residual = 0.000184034, No Iterations 6
GAMG:  Solving for p, Initial residual = 0.00108827, Final residual = 4.27445e-06, No Iterations 4
time step continuity errors : sum local = 8.12624e-06, global = 4.59125e-08, cumulative = 4.53508e-05
smoothSolver:  Solving for omega, Initial residual = 1.85384e-05, Final residual = 1.09957e-06, No Iterations 3
smoothSolver:  Solving for k, Initial residual = 0.000170784, Final residual = 1.55116e-05, No Iterations 3
ExecutionTime = 63.01 s  ClockTime = 65 s

streamLine streamLines write:
    seeded 20 particles
    Tracks:20
    Total samples:21478
    Writing data to "/mnt/aiongpfs/users/mghavami/motorBike-RUN-12/postProcessing/sets/streamLines/300"
forceCoeffs forceCoeffs1 write:
    Cm    = 0.155987
    Cd    = 0.411266
    Cl    = 0.0650993
    Cl(f) = 0.188536
    Cl(r) = -0.123437

Time = 301

smoothSolver:  Solving for Ux, Initial residual = 9.19393e-05, Final residual = 8.49958e-06, No Iterations 7
smoothSolver:  Solving for Uy, Initial residual = 0.00217588, Final residual = 0.000213446, No Iterations 6
smoothSolver:  Solving for Uz, Initial residual = 0.00187766, Final residual = 0.000184311, No Iterations 6
GAMG:  Solving for p, Initial residual = 0.00108437, Final residual = 4.28138e-06, No Iterations 4
time step continuity errors : sum local = 8.13923e-06, global = 2.05263e-08, cumulative = 4.53714e-05
smoothSolver:  Solving for omega, Initial residual = 1.85266e-05, Final residual = 1.10389e-06, No Iterations 3
smoothSolver:  Solving for k, Initial residual = 0.000169586, Final residual = 1.53774e-05, No Iterations 3
ExecutionTime = 63.5 s  ClockTime = 65 s

forceCoeffs forceCoeffs1 write:
    Cm    = 0.155981
    Cd    = 0.411465
    Cl    = 0.0650742
    Cl(f) = 0.188518
    Cl(r) = -0.123444

Time = 302

smoothSolver:  Solving for Ux, Initial residual = 9.18113e-05, Final residual = 8.50023e-06, No Iterations 7
smoothSolver:  Solving for Uy, Initial residual = 0.00217487, Final residual = 0.000212988, No Iterations 6
smoothSolver:  Solving for Uz, Initial residual = 0.00187202, Final residual = 0.000183412, No Iterations 6
GAMG:  Solving for p, Initial residual = 0.00108216, Final residual = 4.28873e-06, No Iterations 4
time step continuity errors : sum local = 8.15294e-06, global = 5.38216e-09, cumulative = 4.53768e-05
smoothSolver:  Solving for omega, Initial residual = 1.86807e-05, Final residual = 1.11231e-06, No Iterations 3
smoothSolver:  Solving for k, Initial residual = 0.000169115, Final residual = 1.52445e-05, No Iterations 3
ExecutionTime = 63.7 s  ClockTime = 65 s

forceCoeffs forceCoeffs1 write:
    Cm    = 0.155962
    Cd    = 0.411643
    Cl    = 0.0650031
    Cl(f) = 0.188464
    Cl(r) = -0.123461

Time = 303

smoothSolver:  Solving for Ux, Initial residual = 9.21038e-05, Final residual = 8.46118e-06, No Iterations 7
smoothSolver:  Solving for Uy, Initial residual = 0.00217136, Final residual = 0.000211742, No Iterations 6
smoothSolver:  Solving for Uz, Initial residual = 0.00186319, Final residual = 0.000181795, No Iterations 6
GAMG:  Solving for p, Initial residual = 0.00108214, Final residual = 4.24997e-06, No Iterations 4
time step continuity errors : sum local = 8.0789e-06, global = 1.10402e-08, cumulative = 4.53878e-05
smoothSolver:  Solving for omega, Initial residual = 1.87614e-05, Final residual = 1.1184e-06, No Iterations 3
smoothSolver:  Solving for k, Initial residual = 0.000168917, Final residual = 1.51302e-05, No Iterations 3
ExecutionTime = 63.91 s  ClockTime = 66 s

forceCoeffs forceCoeffs1 write:
    Cm    = 0.155929
    Cd    = 0.411854
    Cl    = 0.0649493
    Cl(f) = 0.188404
    Cl(r) = -0.123455

Time = 304

smoothSolver:  Solving for Ux, Initial residual = 9.20303e-05, Final residual = 8.41856e-06, No Iterations 7
smoothSolver:  Solving for Uy, Initial residual = 0.00216261, Final residual = 0.000210216, No Iterations 6
smoothSolver:  Solving for Uz, Initial residual = 0.00185255, Final residual = 0.000179547, No Iterations 6
GAMG:  Solving for p, Initial residual = 0.00108829, Final residual = 4.27683e-06, No Iterations 4
time step continuity errors : sum local = 8.12986e-06, global = -6.47662e-09, cumulative = 4.53813e-05
smoothSolver:  Solving for omega, Initial residual = 1.87174e-05, Final residual = 1.12687e-06, No Iterations 3
smoothSolver:  Solving for k, Initial residual = 0.000168743, Final residual = 1.5019e-05, No Iterations 3
ExecutionTime = 64.12 s  ClockTime = 66 s

forceCoeffs forceCoeffs1 write:
    Cm    = 0.155894
    Cd    = 0.412024
    Cl    = 0.0648526
    Cl(f) = 0.18832
    Cl(r) = -0.123468

Time = 305

smoothSolver:  Solving for Ux, Initial residual = 9.23601e-05, Final residual = 8.33944e-06, No Iterations 7
smoothSolver:  Solving for Uy, Initial residual = 0.00216191, Final residual = 0.0002077, No Iterations 6
smoothSolver:  Solving for Uz, Initial residual = 0.00183962, Final residual = 0.000176206, No Iterations 6
GAMG:  Solving for p, Initial residual = 0.00109301, Final residual = 4.23966e-06, No Iterations 4
time step continuity errors : sum local = 8.05855e-06, global = -3.97234e-08, cumulative = 4.53416e-05
smoothSolver:  Solving for omega, Initial residual = 1.88217e-05, Final residual = 1.12752e-06, No Iterations 3
smoothSolver:  Solving for k, Initial residual = 0.000168583, Final residual = 1.49226e-05, No Iterations 3
ExecutionTime = 64.32 s  ClockTime = 66 s

forceCoeffs forceCoeffs1 write:
    Cm    = 0.155854
    Cd    = 0.412201
    Cl    = 0.0648213
    Cl(f) = 0.188265
    Cl(r) = -0.123443

Time = 306

smoothSolver:  Solving for Ux, Initial residual = 9.19522e-05, Final residual = 8.27819e-06, No Iterations 7
smoothSolver:  Solving for Uy, Initial residual = 0.00214633, Final residual = 0.000204661, No Iterations 6
smoothSolver:  Solving for Uz, Initial residual = 0.00182616, Final residual = 0.000172784, No Iterations 6
GAMG:  Solving for p, Initial residual = 0.00110068, Final residual = 4.23647e-06, No Iterations 4
time step continuity errors : sum local = 8.05205e-06, global = -2.70153e-08, cumulative = 4.53146e-05
smoothSolver:  Solving for omega, Initial residual = 1.88362e-05, Final residual = 1.13107e-06, No Iterations 3
smoothSolver:  Solving for k, Initial residual = 0.000168395, Final residual = 1.48213e-05, No Iterations 3
ExecutionTime = 64.53 s  ClockTime = 66 s

forceCoeffs forceCoeffs1 write:
    Cm    = 0.155825
    Cd    = 0.412356
    Cl    = 0.0647502
    Cl(f) = 0.1882
    Cl(r) = -0.12345

Time = 307

smoothSolver:  Solving for Ux, Initial residual = 9.20329e-05, Final residual = 8.25853e-06, No Iterations 7
smoothSolver:  Solving for Uy, Initial residual = 0.00213523, Final residual = 0.000202518, No Iterations 6
smoothSolver:  Solving for Uz, Initial residual = 0.00182084, Final residual = 0.000170833, No Iterations 6
GAMG:  Solving for p, Initial residual = 0.0011027, Final residual = 4.21977e-06, No Iterations 4
time step continuity errors : sum local = 8.01925e-06, global = -1.29125e-08, cumulative = 4.53017e-05
smoothSolver:  Solving for omega, Initial residual = 1.88038e-05, Final residual = 1.12113e-06, No Iterations 3
smoothSolver:  Solving for k, Initial residual = 0.00016794, Final residual = 1.47364e-05, No Iterations 3
ExecutionTime = 64.73 s  ClockTime = 67 s

forceCoeffs forceCoeffs1 write:
    Cm    = 0.155787
    Cd    = 0.412537
    Cl    = 0.0646837
    Cl(f) = 0.188129
    Cl(r) = -0.123445

Time = 308

smoothSolver:  Solving for Ux, Initial residual = 9.17633e-05, Final residual = 8.24685e-06, No Iterations 7
smoothSolver:  Solving for Uy, Initial residual = 0.00212252, Final residual = 0.000200844, No Iterations 6
smoothSolver:  Solving for Uz, Initial residual = 0.00181618, Final residual = 0.000169229, No Iterations 6
GAMG:  Solving for p, Initial residual = 0.00110481, Final residual = 4.08616e-06, No Iterations 4
time step continuity errors : sum local = 7.76469e-06, global = -3.52466e-09, cumulative = 4.52981e-05
smoothSolver:  Solving for omega, Initial residual = 1.88118e-05, Final residual = 1.12429e-06, No Iterations 3
smoothSolver:  Solving for k, Initial residual = 0.000167642, Final residual = 1.46362e-05, No Iterations 3
ExecutionTime = 64.94 s  ClockTime = 67 s

forceCoeffs forceCoeffs1 write:
    Cm    = 0.155748
    Cd    = 0.412674
    Cl    = 0.0645464
    Cl(f) = 0.188021
    Cl(r) = -0.123475

Time = 309

smoothSolver:  Solving for Ux, Initial residual = 9.18858e-05, Final residual = 8.24565e-06, No Iterations 7
smoothSolver:  Solving for Uy, Initial residual = 0.00211669, Final residual = 0.000200585, No Iterations 6
smoothSolver:  Solving for Uz, Initial residual = 0.00181416, Final residual = 0.000169608, No Iterations 6
GAMG:  Solving for p, Initial residual = 0.00110714, Final residual = 1.10425e-05, No Iterations 3
time step continuity errors : sum local = 2.09817e-05, global = 1.42334e-07, cumulative = 4.54405e-05
smoothSolver:  Solving for omega, Initial residual = 1.8762e-05, Final residual = 1.11057e-06, No Iterations 3
smoothSolver:  Solving for k, Initial residual = 0.000166953, Final residual = 1.45432e-05, No Iterations 3
ExecutionTime = 65.14 s  ClockTime = 67 s

forceCoeffs forceCoeffs1 write:
    Cm    = 0.155729
    Cd    = 0.412824
    Cl    = 0.0645112
    Cl(f) = 0.187985
    Cl(r) = -0.123474

Time = 310

smoothSolver:  Solving for Ux, Initial residual = 9.12068e-05, Final residual = 8.24447e-06, No Iterations 7
smoothSolver:  Solving for Uy, Initial residual = 0.00209201, Final residual = 0.000197619, No Iterations 6
smoothSolver:  Solving for Uz, Initial residual = 0.00180139, Final residual = 0.000168431, No Iterations 6
GAMG:  Solving for p, Initial residual = 0.00111188, Final residual = 4.20643e-06, No Iterations 4
time step continuity errors : sum local = 7.99273e-06, global = -3.83896e-08, cumulative = 4.54021e-05
smoothSolver:  Solving for omega, Initial residual = 1.87663e-05, Final residual = 1.11341e-06, No Iterations 3
smoothSolver:  Solving for k, Initial residual = 0.000166189, Final residual = 1.44436e-05, No Iterations 3
ExecutionTime = 65.35 s  ClockTime = 67 s

forceCoeffs forceCoeffs1 write:
    Cm    = 0.155741
    Cd    = 0.413005
    Cl    = 0.0643582
    Cl(f) = 0.18792
    Cl(r) = -0.123562

Time = 311

smoothSolver:  Solving for Ux, Initial residual = 9.29376e-05, Final residual = 8.4917e-06, No Iterations 7
smoothSolver:  Solving for Uy, Initial residual = 0.00212358, Final residual = 0.000203978, No Iterations 6
smoothSolver:  Solving for Uz, Initial residual = 0.00182822, Final residual = 0.000174383, No Iterations 6
GAMG:  Solving for p, Initial residual = 0.0011135, Final residual = 1.09478e-05, No Iterations 3
time step continuity errors : sum local = 2.07993e-05, global = 1.68049e-07, cumulative = 4.55701e-05
smoothSolver:  Solving for omega, Initial residual = 1.88753e-05, Final residual = 1.10992e-06, No Iterations 3
smoothSolver:  Solving for k, Initial residual = 0.000165902, Final residual = 1.43511e-05, No Iterations 3
ExecutionTime = 65.54 s  ClockTime = 67 s

forceCoeffs forceCoeffs1 write:
    Cm    = 0.15577
    Cd    = 0.413194
    Cl    = 0.0643293
    Cl(f) = 0.187935
    Cl(r) = -0.123606

Time = 312

smoothSolver:  Solving for Ux, Initial residual = 9.30734e-05, Final residual = 8.60364e-06, No Iterations 7
smoothSolver:  Solving for Uy, Initial residual = 0.00210952, Final residual = 0.000202315, No Iterations 6
smoothSolver:  Solving for Uz, Initial residual = 0.00181807, Final residual = 0.000174903, No Iterations 6
GAMG:  Solving for p, Initial residual = 0.00111806, Final residual = 4.27709e-06, No Iterations 4
time step continuity errors : sum local = 8.12625e-06, global = 5.73599e-09, cumulative = 4.55759e-05
smoothSolver:  Solving for omega, Initial residual = 1.89186e-05, Final residual = 1.11386e-06, No Iterations 3
smoothSolver:  Solving for k, Initial residual = 0.000166721, Final residual = 1.43444e-05, No Iterations 3
ExecutionTime = 65.75 s  ClockTime = 68 s

forceCoeffs forceCoeffs1 write:
    Cm    = 0.15583
    Cd    = 0.413407
    Cl    = 0.0641965
    Cl(f) = 0.187929
    Cl(r) = -0.123732

Time = 313

smoothSolver:  Solving for Ux, Initial residual = 9.52737e-05, Final residual = 8.91703e-06, No Iterations 7
smoothSolver:  Solving for Uy, Initial residual = 0.0021661, Final residual = 0.000212371, No Iterations 6
smoothSolver:  Solving for Uz, Initial residual = 0.00186351, Final residual = 0.000183639, No Iterations 6
GAMG:  Solving for p, Initial residual = 0.00112439, Final residual = 4.18712e-06, No Iterations 4
time step continuity errors : sum local = 7.95429e-06, global = 2.44909e-08, cumulative = 4.56004e-05
smoothSolver:  Solving for omega, Initial residual = 1.90707e-05, Final residual = 1.12571e-06, No Iterations 3
smoothSolver:  Solving for k, Initial residual = 0.000168727, Final residual = 1.44219e-05, No Iterations 3
ExecutionTime = 65.95 s  ClockTime = 68 s

forceCoeffs forceCoeffs1 write:
    Cm    = 0.155922
    Cd    = 0.413697
    Cl    = 0.0641305
    Cl(f) = 0.187988
    Cl(r) = -0.123857

Time = 314

smoothSolver:  Solving for Ux, Initial residual = 9.64584e-05, Final residual = 9.12821e-06, No Iterations 7
smoothSolver:  Solving for Uy, Initial residual = 0.00218581, Final residual = 0.000215817, No Iterations 6
smoothSolver:  Solving for Uz, Initial residual = 0.00188127, Final residual = 0.000185963, No Iterations 6
GAMG:  Solving for p, Initial residual = 0.00113596, Final residual = 4.28825e-06, No Iterations 4
time step continuity errors : sum local = 8.14708e-06, global = 5.29794e-08, cumulative = 4.56533e-05
smoothSolver:  Solving for omega, Initial residual = 1.92742e-05, Final residual = 1.14093e-06, No Iterations 3
smoothSolver:  Solving for k, Initial residual = 0.000172264, Final residual = 1.45839e-05, No Iterations 3
ExecutionTime = 66.16 s  ClockTime = 68 s

forceCoeffs forceCoeffs1 write:
    Cm    = 0.15602
    Cd    = 0.413954
    Cl    = 0.0639964
    Cl(f) = 0.188018
    Cl(r) = -0.124022

Time = 315

smoothSolver:  Solving for Ux, Initial residual = 9.82687e-05, Final residual = 9.38783e-06, No Iterations 7
smoothSolver:  Solving for Uy, Initial residual = 0.00221607, Final residual = 0.000220316, No Iterations 6
smoothSolver:  Solving for Uz, Initial residual = 0.00189487, Final residual = 0.00018864, No Iterations 6
GAMG:  Solving for p, Initial residual = 0.00114662, Final residual = 4.3956e-06, No Iterations 4
time step continuity errors : sum local = 8.35183e-06, global = 6.96442e-08, cumulative = 4.5723e-05
smoothSolver:  Solving for omega, Initial residual = 1.9652e-05, Final residual = 1.15523e-06, No Iterations 3
smoothSolver:  Solving for k, Initial residual = 0.000176799, Final residual = 1.48357e-05, No Iterations 3
ExecutionTime = 66.36 s  ClockTime = 68 s

forceCoeffs forceCoeffs1 write:
    Cm    = 0.156118
    Cd    = 0.414233
    Cl    = 0.0639021
    Cl(f) = 0.188069
    Cl(r) = -0.124167

Time = 316

smoothSolver:  Solving for Ux, Initial residual = 9.96397e-05, Final residual = 9.54082e-06, No Iterations 7
smoothSolver:  Solving for Uy, Initial residual = 0.00224733, Final residual = 0.000164528, No Iterations 7
smoothSolver:  Solving for Uz, Initial residual = 0.00191037, Final residual = 0.000190122, No Iterations 6
GAMG:  Solving for p, Initial residual = 0.00116344, Final residual = 4.58962e-06, No Iterations 4
time step continuity errors : sum local = 8.72194e-06, global = 9.83037e-08, cumulative = 4.58213e-05
smoothSolver:  Solving for omega, Initial residual = 1.98136e-05, Final residual = 1.16607e-06, No Iterations 3
smoothSolver:  Solving for k, Initial residual = 0.000182145, Final residual = 1.51327e-05, No Iterations 3
ExecutionTime = 66.57 s  ClockTime = 68 s

forceCoeffs forceCoeffs1 write:
    Cm    = 0.156226
    Cd    = 0.414451
    Cl    = 0.0637877
    Cl(f) = 0.18812
    Cl(r) = -0.124332

Time = 317

smoothSolver:  Solving for Ux, Initial residual = 0.000101428, Final residual = 9.72184e-06, No Iterations 7
smoothSolver:  Solving for Uy, Initial residual = 0.00228195, Final residual = 0.000167505, No Iterations 7
smoothSolver:  Solving for Uz, Initial residual = 0.00192991, Final residual = 0.000191585, No Iterations 6
GAMG:  Solving for p, Initial residual = 0.0011732, Final residual = 4.65393e-06, No Iterations 4
time step continuity errors : sum local = 8.84536e-06, global = 1.31603e-07, cumulative = 4.59529e-05
smoothSolver:  Solving for omega, Initial residual = 2.01911e-05, Final residual = 1.18469e-06, No Iterations 3
smoothSolver:  Solving for k, Initial residual = 0.000188489, Final residual = 1.54811e-05, No Iterations 3
ExecutionTime = 66.78 s  ClockTime = 69 s

forceCoeffs forceCoeffs1 write:
    Cm    = 0.15632
    Cd    = 0.414674
    Cl    = 0.0636879
    Cl(f) = 0.188164
    Cl(r) = -0.124476

Time = 318

smoothSolver:  Solving for Ux, Initial residual = 0.000102897, Final residual = 9.87614e-06, No Iterations 7
smoothSolver:  Solving for Uy, Initial residual = 0.00230118, Final residual = 0.000168716, No Iterations 7
smoothSolver:  Solving for Uz, Initial residual = 0.00195, Final residual = 0.000192708, No Iterations 6
GAMG:  Solving for p, Initial residual = 0.0011857, Final residual = 4.59311e-06, No Iterations 4
time step continuity errors : sum local = 8.73217e-06, global = 1.48642e-07, cumulative = 4.61015e-05
smoothSolver:  Solving for omega, Initial residual = 2.02823e-05, Final residual = 1.18853e-06, No Iterations 3
smoothSolver:  Solving for k, Initial residual = 0.000195093, Final residual = 1.5852e-05, No Iterations 3
ExecutionTime = 66.98 s  ClockTime = 69 s

forceCoeffs forceCoeffs1 write:
    Cm    = 0.156377
    Cd    = 0.414771
    Cl    = 0.0635348
    Cl(f) = 0.188145
    Cl(r) = -0.12461

Time = 319

smoothSolver:  Solving for Ux, Initial residual = 0.000104542, Final residual = 1.0029e-05, No Iterations 7
smoothSolver:  Solving for Uy, Initial residual = 0.002323, Final residual = 0.000231322, No Iterations 6
smoothSolver:  Solving for Uz, Initial residual = 0.00196482, Final residual = 0.000192803, No Iterations 6
GAMG:  Solving for p, Initial residual = 0.00119042, Final residual = 4.46792e-06, No Iterations 4
time step continuity errors : sum local = 8.49637e-06, global = 1.43488e-07, cumulative = 4.6245e-05
smoothSolver:  Solving for omega, Initial residual = 2.04856e-05, Final residual = 1.19345e-06, No Iterations 3
smoothSolver:  Solving for k, Initial residual = 0.000201472, Final residual = 1.62291e-05, No Iterations 3
ExecutionTime = 67.18 s  ClockTime = 69 s

forceCoeffs forceCoeffs1 write:
    Cm    = 0.156393
    Cd    = 0.414827
    Cl    = 0.0633698
    Cl(f) = 0.188078
    Cl(r) = -0.124708

Time = 320

smoothSolver:  Solving for Ux, Initial residual = 0.000105462, Final residual = 1.01942e-05, No Iterations 7
smoothSolver:  Solving for Uy, Initial residual = 0.00234253, Final residual = 0.000232404, No Iterations 6
smoothSolver:  Solving for Uz, Initial residual = 0.00198124, Final residual = 0.0001932, No Iterations 6
GAMG:  Solving for p, Initial residual = 0.00119758, Final residual = 4.56822e-06, No Iterations 4
time step continuity errors : sum local = 8.6906e-06, global = 1.24123e-07, cumulative = 4.63691e-05
smoothSolver:  Solving for omega, Initial residual = 2.05569e-05, Final residual = 1.19993e-06, No Iterations 3
smoothSolver:  Solving for k, Initial residual = 0.000207851, Final residual = 1.65728e-05, No Iterations 3
ExecutionTime = 67.39 s  ClockTime = 69 s

forceCoeffs forceCoeffs1 write:
    Cm    = 0.156366
    Cd    = 0.414721
    Cl    = 0.0632006
    Cl(f) = 0.187967
    Cl(r) = -0.124766

Time = 321

smoothSolver:  Solving for Ux, Initial residual = 0.000107439, Final residual = 1.0434e-05, No Iterations 7
smoothSolver:  Solving for Uy, Initial residual = 0.00238973, Final residual = 0.000237811, No Iterations 6
smoothSolver:  Solving for Uz, Initial residual = 0.0020103, Final residual = 0.000197625, No Iterations 6
GAMG:  Solving for p, Initial residual = 0.00119696, Final residual = 4.66011e-06, No Iterations 4
time step continuity errors : sum local = 8.86834e-06, global = 1.02005e-07, cumulative = 4.64712e-05
smoothSolver:  Solving for omega, Initial residual = 2.056e-05, Final residual = 1.19342e-06, No Iterations 3
smoothSolver:  Solving for k, Initial residual = 0.000213869, Final residual = 1.69183e-05, No Iterations 3
ExecutionTime = 67.6 s  ClockTime = 69 s

forceCoeffs forceCoeffs1 write:
    Cm    = 0.156308
    Cd    = 0.414568
    Cl    = 0.0630479
    Cl(f) = 0.187832
    Cl(r) = -0.124784

Time = 322

smoothSolver:  Solving for Ux, Initial residual = 0.000109135, Final residual = 1.07216e-05, No Iterations 7
smoothSolver:  Solving for Uy, Initial residual = 0.00243593, Final residual = 0.000182469, No Iterations 7
smoothSolver:  Solving for Uz, Initial residual = 0.00204353, Final residual = 0.000153321, No Iterations 7
GAMG:  Solving for p, Initial residual = 0.00119899, Final residual = 4.92193e-06, No Iterations 4
time step continuity errors : sum local = 9.37046e-06, global = 9.54439e-08, cumulative = 4.65666e-05
smoothSolver:  Solving for omega, Initial residual = 2.06672e-05, Final residual = 1.207e-06, No Iterations 3
smoothSolver:  Solving for k, Initial residual = 0.000219267, Final residual = 1.73433e-05, No Iterations 3
ExecutionTime = 67.79 s  ClockTime = 70 s

forceCoeffs forceCoeffs1 write:
    Cm    = 0.156225
    Cd    = 0.414275
    Cl    = 0.0628869
    Cl(f) = 0.187668
    Cl(r) = -0.124781

Time = 323

smoothSolver:  Solving for Ux, Initial residual = 0.000111395, Final residual = 1.10078e-05, No Iterations 7
smoothSolver:  Solving for Uy, Initial residual = 0.00250032, Final residual = 0.000194246, No Iterations 7
smoothSolver:  Solving for Uz, Initial residual = 0.00208965, Final residual = 0.000163566, No Iterations 7
GAMG:  Solving for p, Initial residual = 0.00119772, Final residual = 5.01117e-06, No Iterations 4
time step continuity errors : sum local = 9.54329e-06, global = 7.7212e-08, cumulative = 4.66438e-05
smoothSolver:  Solving for omega, Initial residual = 2.08365e-05, Final residual = 1.22909e-06, No Iterations 3
smoothSolver:  Solving for k, Initial residual = 0.000224482, Final residual = 1.79335e-05, No Iterations 3
ExecutionTime = 68 s  ClockTime = 70 s

forceCoeffs forceCoeffs1 write:
    Cm    = 0.156165
    Cd    = 0.414007
    Cl    = 0.06276
    Cl(f) = 0.187545
    Cl(r) = -0.124785

Time = 324

smoothSolver:  Solving for Ux, Initial residual = 0.000113575, Final residual = 1.13309e-05, No Iterations 7
smoothSolver:  Solving for Uy, Initial residual = 0.00258049, Final residual = 0.000207679, No Iterations 7
smoothSolver:  Solving for Uz, Initial residual = 0.00214606, Final residual = 0.000174744, No Iterations 7
GAMG:  Solving for p, Initial residual = 0.00120112, Final residual = 5.1963e-06, No Iterations 4
time step continuity errors : sum local = 9.89838e-06, global = 5.64457e-08, cumulative = 4.67003e-05
smoothSolver:  Solving for omega, Initial residual = 2.10588e-05, Final residual = 1.26394e-06, No Iterations 3
smoothSolver:  Solving for k, Initial residual = 0.000230543, Final residual = 1.87085e-05, No Iterations 3
ExecutionTime = 68.21 s  ClockTime = 70 s

forceCoeffs forceCoeffs1 write:
    Cm    = 0.156127
    Cd    = 0.413714
    Cl    = 0.0625916
    Cl(f) = 0.187423
    Cl(r) = -0.124831

Time = 325

smoothSolver:  Solving for Ux, Initial residual = 0.000115783, Final residual = 8.77858e-06, No Iterations 8
smoothSolver:  Solving for Uy, Initial residual = 0.00267616, Final residual = 0.000220087, No Iterations 7
smoothSolver:  Solving for Uz, Initial residual = 0.00220126, Final residual = 0.000183027, No Iterations 7
GAMG:  Solving for p, Initial residual = 0.00120497, Final residual = 5.37005e-06, No Iterations 4
time step continuity errors : sum local = 1.02304e-05, global = 1.8739e-08, cumulative = 4.6719e-05
smoothSolver:  Solving for omega, Initial residual = 2.15623e-05, Final residual = 1.29569e-06, No Iterations 3
smoothSolver:  Solving for k, Initial residual = 0.000237067, Final residual = 1.9672e-05, No Iterations 3
ExecutionTime = 68.42 s  ClockTime = 70 s

forceCoeffs forceCoeffs1 write:
    Cm    = 0.156109
    Cd    = 0.413469
    Cl    = 0.0625105
    Cl(f) = 0.187364
    Cl(r) = -0.124853

Time = 326

smoothSolver:  Solving for Ux, Initial residual = 0.000117507, Final residual = 8.95442e-06, No Iterations 8
smoothSolver:  Solving for Uy, Initial residual = 0.00275327, Final residual = 0.00023039, No Iterations 7
smoothSolver:  Solving for Uz, Initial residual = 0.00225229, Final residual = 0.000190149, No Iterations 7
GAMG:  Solving for p, Initial residual = 0.00121382, Final residual = 5.62726e-06, No Iterations 4
time step continuity errors : sum local = 1.07208e-05, global = -3.80715e-08, cumulative = 4.66809e-05
smoothSolver:  Solving for omega, Initial residual = 2.18718e-05, Final residual = 1.3282e-06, No Iterations 3
smoothSolver:  Solving for k, Initial residual = 0.000242695, Final residual = 2.05578e-05, No Iterations 3
ExecutionTime = 68.63 s  ClockTime = 71 s

forceCoeffs forceCoeffs1 write:
    Cm    = 0.156111
    Cd    = 0.413193
    Cl    = 0.0624313
    Cl(f) = 0.187326
    Cl(r) = -0.124895

Time = 327

smoothSolver:  Solving for Ux, Initial residual = 0.000118838, Final residual = 9.03525e-06, No Iterations 8
smoothSolver:  Solving for Uy, Initial residual = 0.00280787, Final residual = 0.00023712, No Iterations 7
smoothSolver:  Solving for Uz, Initial residual = 0.00229514, Final residual = 0.000194537, No Iterations 7
GAMG:  Solving for p, Initial residual = 0.00121501, Final residual = 5.79008e-06, No Iterations 4
time step continuity errors : sum local = 1.10288e-05, global = -8.38115e-08, cumulative = 4.65971e-05
smoothSolver:  Solving for omega, Initial residual = 2.19283e-05, Final residual = 1.34594e-06, No Iterations 3
smoothSolver:  Solving for k, Initial residual = 0.000247213, Final residual = 2.12228e-05, No Iterations 3
ExecutionTime = 68.83 s  ClockTime = 71 s

forceCoeffs forceCoeffs1 write:
    Cm    = 0.156174
    Cd    = 0.413035
    Cl    = 0.0624263
    Cl(f) = 0.187387
    Cl(r) = -0.124961

Time = 328

smoothSolver:  Solving for Ux, Initial residual = 0.000119233, Final residual = 9.03293e-06, No Iterations 8
smoothSolver:  Solving for Uy, Initial residual = 0.00282141, Final residual = 0.000238889, No Iterations 7
smoothSolver:  Solving for Uz, Initial residual = 0.00230683, Final residual = 0.000196224, No Iterations 7
GAMG:  Solving for p, Initial residual = 0.00121728, Final residual = 5.94431e-06, No Iterations 4
time step continuity errors : sum local = 1.13195e-05, global = -1.2642e-07, cumulative = 4.64707e-05
smoothSolver:  Solving for omega, Initial residual = 2.20568e-05, Final residual = 1.36306e-06, No Iterations 3
smoothSolver:  Solving for k, Initial residual = 0.000250422, Final residual = 2.16151e-05, No Iterations 3
ExecutionTime = 69.04 s  ClockTime = 71 s

forceCoeffs forceCoeffs1 write:
    Cm    = 0.156279
    Cd    = 0.412936
    Cl    = 0.0624162
    Cl(f) = 0.187487
    Cl(r) = -0.125071

Time = 329

smoothSolver:  Solving for Ux, Initial residual = 0.000119333, Final residual = 1.18845e-05, No Iterations 7
smoothSolver:  Solving for Uy, Initial residual = 0.00282131, Final residual = 0.000238944, No Iterations 7
smoothSolver:  Solving for Uz, Initial residual = 0.00231052, Final residual = 0.00019642, No Iterations 7
GAMG:  Solving for p, Initial residual = 0.00121518, Final residual = 5.89704e-06, No Iterations 4
time step continuity errors : sum local = 1.12247e-05, global = -1.37792e-07, cumulative = 4.63329e-05
smoothSolver:  Solving for omega, Initial residual = 2.19478e-05, Final residual = 1.35204e-06, No Iterations 3
smoothSolver:  Solving for k, Initial residual = 0.000252031, Final residual = 2.17322e-05, No Iterations 3
ExecutionTime = 69.25 s  ClockTime = 71 s

forceCoeffs forceCoeffs1 write:
    Cm    = 0.15639
    Cd    = 0.412915
    Cl    = 0.0624264
    Cl(f) = 0.187603
    Cl(r) = -0.125177

Time = 330

smoothSolver:  Solving for Ux, Initial residual = 0.000118841, Final residual = 1.1851e-05, No Iterations 7
smoothSolver:  Solving for Uy, Initial residual = 0.00279473, Final residual = 0.000235268, No Iterations 7
smoothSolver:  Solving for Uz, Initial residual = 0.00229343, Final residual = 0.000193589, No Iterations 7
GAMG:  Solving for p, Initial residual = 0.00120544, Final residual = 5.56066e-06, No Iterations 4
time step continuity errors : sum local = 1.05804e-05, global = -1.24184e-07, cumulative = 4.62087e-05
smoothSolver:  Solving for omega, Initial residual = 2.18647e-05, Final residual = 1.33452e-06, No Iterations 3
smoothSolver:  Solving for k, Initial residual = 0.000253377, Final residual = 2.16548e-05, No Iterations 3
ExecutionTime = 69.46 s  ClockTime = 71 s

forceCoeffs forceCoeffs1 write:
    Cm    = 0.156476
    Cd    = 0.412851
    Cl    = 0.0624326
    Cl(f) = 0.187692
    Cl(r) = -0.12526

Time = 331

smoothSolver:  Solving for Ux, Initial residual = 0.000118495, Final residual = 8.98595e-06, No Iterations 8
smoothSolver:  Solving for Uy, Initial residual = 0.0027555, Final residual = 0.000230677, No Iterations 7
smoothSolver:  Solving for Uz, Initial residual = 0.00226859, Final residual = 0.0001908, No Iterations 7
GAMG:  Solving for p, Initial residual = 0.0011951, Final residual = 5.08624e-06, No Iterations 4
time step continuity errors : sum local = 9.67329e-06, global = -1.386e-07, cumulative = 4.60701e-05
smoothSolver:  Solving for omega, Initial residual = 2.17937e-05, Final residual = 1.31951e-06, No Iterations 3
smoothSolver:  Solving for k, Initial residual = 0.000254991, Final residual = 2.15114e-05, No Iterations 3
ExecutionTime = 69.66 s  ClockTime = 72 s

forceCoeffs forceCoeffs1 write:
    Cm    = 0.156573
    Cd    = 0.412876
    Cl    = 0.0625451
    Cl(f) = 0.187846
    Cl(r) = -0.125301

Time = 332

smoothSolver:  Solving for Ux, Initial residual = 0.000117739, Final residual = 9.04992e-06, No Iterations 8
smoothSolver:  Solving for Uy, Initial residual = 0.00272194, Final residual = 0.000230263, No Iterations 7
smoothSolver:  Solving for Uz, Initial residual = 0.00225424, Final residual = 0.00019063, No Iterations 7
GAMG:  Solving for p, Initial residual = 0.00118875, Final residual = 4.84215e-06, No Iterations 4
time step continuity errors : sum local = 9.20596e-06, global = -1.44986e-07, cumulative = 4.59251e-05
smoothSolver:  Solving for omega, Initial residual = 2.16868e-05, Final residual = 1.3109e-06, No Iterations 3
smoothSolver:  Solving for k, Initial residual = 0.000256052, Final residual = 2.13293e-05, No Iterations 3
ExecutionTime = 69.86 s  ClockTime = 72 s

forceCoeffs forceCoeffs1 write:
    Cm    = 0.156659
    Cd    = 0.412881
    Cl    = 0.0626504
    Cl(f) = 0.187984
    Cl(r) = -0.125334

Time = 333

smoothSolver:  Solving for Ux, Initial residual = 0.000117682, Final residual = 9.17492e-06, No Iterations 8
smoothSolver:  Solving for Uy, Initial residual = 0.00270629, Final residual = 0.000232862, No Iterations 7
smoothSolver:  Solving for Uz, Initial residual = 0.00224962, Final residual = 0.000193655, No Iterations 7
GAMG:  Solving for p, Initial residual = 0.00118547, Final residual = 4.93456e-06, No Iterations 4
time step continuity errors : sum local = 9.37858e-06, global = -1.45309e-07, cumulative = 4.57798e-05
smoothSolver:  Solving for omega, Initial residual = 2.16202e-05, Final residual = 1.30914e-06, No Iterations 3
smoothSolver:  Solving for k, Initial residual = 0.000256375, Final residual = 2.11998e-05, No Iterations 3
ExecutionTime = 70.07 s  ClockTime = 72 s

forceCoeffs forceCoeffs1 write:
    Cm    = 0.15674
    Cd    = 0.412957
    Cl    = 0.0627946
    Cl(f) = 0.188137
    Cl(r) = -0.125343

Time = 334

smoothSolver:  Solving for Ux, Initial residual = 0.000117761, Final residual = 9.34308e-06, No Iterations 8
smoothSolver:  Solving for Uy, Initial residual = 0.00271474, Final residual = 0.000238355, No Iterations 7
smoothSolver:  Solving for Uz, Initial residual = 0.00225812, Final residual = 0.000197253, No Iterations 7
GAMG:  Solving for p, Initial residual = 0.00118315, Final residual = 5.12804e-06, No Iterations 4
time step continuity errors : sum local = 9.74487e-06, global = -1.23781e-07, cumulative = 4.5656e-05
smoothSolver:  Solving for omega, Initial residual = 2.17822e-05, Final residual = 1.31706e-06, No Iterations 3
smoothSolver:  Solving for k, Initial residual = 0.000256383, Final residual = 2.11595e-05, No Iterations 3
ExecutionTime = 70.28 s  ClockTime = 72 s

forceCoeffs forceCoeffs1 write:
    Cm    = 0.156791
    Cd    = 0.412999
    Cl    = 0.0628779
    Cl(f) = 0.18823
    Cl(r) = -0.125353

Time = 335

smoothSolver:  Solving for Ux, Initial residual = 0.000118046, Final residual = 9.48096e-06, No Iterations 8
smoothSolver:  Solving for Uy, Initial residual = 0.00272314, Final residual = 0.000242453, No Iterations 7
smoothSolver:  Solving for Uz, Initial residual = 0.00225477, Final residual = 0.000199829, No Iterations 7
GAMG:  Solving for p, Initial residual = 0.00117978, Final residual = 5.33989e-06, No Iterations 4
time step continuity errors : sum local = 1.01461e-05, global = -1.00964e-07, cumulative = 4.55551e-05
smoothSolver:  Solving for omega, Initial residual = 2.17109e-05, Final residual = 1.32867e-06, No Iterations 3
smoothSolver:  Solving for k, Initial residual = 0.000255614, Final residual = 2.11382e-05, No Iterations 3
ExecutionTime = 70.49 s  ClockTime = 72 s

forceCoeffs forceCoeffs1 write:
    Cm    = 0.156845
    Cd    = 0.413102
    Cl    = 0.0629853
    Cl(f) = 0.188337
    Cl(r) = -0.125352

Time = 336

smoothSolver:  Solving for Ux, Initial residual = 0.000118556, Final residual = 9.60593e-06, No Iterations 8
smoothSolver:  Solving for Uy, Initial residual = 0.00274504, Final residual = 0.00024655, No Iterations 7
smoothSolver:  Solving for Uz, Initial residual = 0.00225996, Final residual = 0.000202178, No Iterations 7
GAMG:  Solving for p, Initial residual = 0.00118306, Final residual = 5.49997e-06, No Iterations 4
time step continuity errors : sum local = 1.04507e-05, global = -1.1052e-07, cumulative = 4.54446e-05
smoothSolver:  Solving for omega, Initial residual = 2.19869e-05, Final residual = 1.34195e-06, No Iterations 3
smoothSolver:  Solving for k, Initial residual = 0.000253831, Final residual = 2.10257e-05, No Iterations 3
ExecutionTime = 70.7 s  ClockTime = 73 s

forceCoeffs forceCoeffs1 write:
    Cm    = 0.156878
    Cd    = 0.413154
    Cl    = 0.063053
    Cl(f) = 0.188404
    Cl(r) = -0.125351

Time = 337

smoothSolver:  Solving for Ux, Initial residual = 0.000119336, Final residual = 9.68667e-06, No Iterations 8
smoothSolver:  Solving for Uy, Initial residual = 0.00277975, Final residual = 0.00024946, No Iterations 7
smoothSolver:  Solving for Uz, Initial residual = 0.00227313, Final residual = 0.000203862, No Iterations 7
GAMG:  Solving for p, Initial residual = 0.00118355, Final residual = 5.62071e-06, No Iterations 4
time step continuity errors : sum local = 1.068e-05, global = -5.61565e-08, cumulative = 4.53884e-05
smoothSolver:  Solving for omega, Initial residual = 2.19736e-05, Final residual = 1.35676e-06, No Iterations 3
smoothSolver:  Solving for k, Initial residual = 0.000251103, Final residual = 2.08243e-05, No Iterations 3
ExecutionTime = 70.9 s  ClockTime = 73 s

forceCoeffs forceCoeffs1 write:
    Cm    = 0.156903
    Cd    = 0.413227
    Cl    = 0.0631529
    Cl(f) = 0.18848
    Cl(r) = -0.125327

Time = 338

smoothSolver:  Solving for Ux, Initial residual = 0.000119641, Final residual = 9.69291e-06, No Iterations 8
smoothSolver:  Solving for Uy, Initial residual = 0.00280121, Final residual = 0.00025008, No Iterations 7
smoothSolver:  Solving for Uz, Initial residual = 0.0022872, Final residual = 0.000204099, No Iterations 7
GAMG:  Solving for p, Initial residual = 0.00118526, Final residual = 5.64504e-06, No Iterations 4
time step continuity errors : sum local = 1.07275e-05, global = 1.57305e-08, cumulative = 4.54041e-05
smoothSolver:  Solving for omega, Initial residual = 2.20182e-05, Final residual = 1.37462e-06, No Iterations 3
smoothSolver:  Solving for k, Initial residual = 0.000247319, Final residual = 2.06246e-05, No Iterations 3
ExecutionTime = 71.11 s  ClockTime = 73 s

forceCoeffs forceCoeffs1 write:
    Cm    = 0.15691
    Cd    = 0.413217
    Cl    = 0.0632118
    Cl(f) = 0.188516
    Cl(r) = -0.125304

Time = 339

smoothSolver:  Solving for Ux, Initial residual = 0.000119742, Final residual = 9.62405e-06, No Iterations 8
smoothSolver:  Solving for Uy, Initial residual = 0.00281322, Final residual = 0.000249789, No Iterations 7
smoothSolver:  Solving for Uz, Initial residual = 0.00229099, Final residual = 0.000202202, No Iterations 7
GAMG:  Solving for p, Initial residual = 0.00118679, Final residual = 5.70143e-06, No Iterations 4
time step continuity errors : sum local = 1.0835e-05, global = 2.87409e-08, cumulative = 4.54329e-05
smoothSolver:  Solving for omega, Initial residual = 2.19118e-05, Final residual = 1.36875e-06, No Iterations 3
smoothSolver:  Solving for k, Initial residual = 0.000243019, Final residual = 2.03476e-05, No Iterations 3
ExecutionTime = 71.32 s  ClockTime = 73 s

forceCoeffs forceCoeffs1 write:
    Cm    = 0.156935
    Cd    = 0.413275
    Cl    = 0.0632769
    Cl(f) = 0.188573
    Cl(r) = -0.125296

Time = 340

smoothSolver:  Solving for Ux, Initial residual = 0.000119197, Final residual = 9.46912e-06, No Iterations 8
smoothSolver:  Solving for Uy, Initial residual = 0.00280857, Final residual = 0.000246241, No Iterations 7
smoothSolver:  Solving for Uz, Initial residual = 0.00229338, Final residual = 0.000198966, No Iterations 7
GAMG:  Solving for p, Initial residual = 0.00119063, Final residual = 5.68735e-06, No Iterations 4
time step continuity errors : sum local = 1.081e-05, global = 5.35847e-08, cumulative = 4.54865e-05
smoothSolver:  Solving for omega, Initial residual = 2.19479e-05, Final residual = 1.36231e-06, No Iterations 3
smoothSolver:  Solving for k, Initial residual = 0.000238396, Final residual = 2.00315e-05, No Iterations 3
ExecutionTime = 71.52 s  ClockTime = 73 s

forceCoeffs forceCoeffs1 write:
    Cm    = 0.156925
    Cd    = 0.413219
    Cl    = 0.0632664
    Cl(f) = 0.188558
    Cl(r) = -0.125291

Time = 341

smoothSolver:  Solving for Ux, Initial residual = 0.000118782, Final residual = 9.26831e-06, No Iterations 8
smoothSolver:  Solving for Uy, Initial residual = 0.00279595, Final residual = 0.000241065, No Iterations 7
smoothSolver:  Solving for Uz, Initial residual = 0.00228851, Final residual = 0.000195041, No Iterations 7
GAMG:  Solving for p, Initial residual = 0.00119165, Final residual = 5.63228e-06, No Iterations 4
time step continuity errors : sum local = 1.07065e-05, global = 7.61912e-08, cumulative = 4.55626e-05
smoothSolver:  Solving for omega, Initial residual = 2.19943e-05, Final residual = 1.3588e-06, No Iterations 3
smoothSolver:  Solving for k, Initial residual = 0.000233744, Final residual = 1.96904e-05, No Iterations 3
ExecutionTime = 71.73 s  ClockTime = 74 s

forceCoeffs forceCoeffs1 write:
    Cm    = 0.156927
    Cd    = 0.413177
    Cl    = 0.063338
    Cl(f) = 0.188596
    Cl(r) = -0.125258

Time = 342

smoothSolver:  Solving for Ux, Initial residual = 0.000118023, Final residual = 9.1167e-06, No Iterations 8
smoothSolver:  Solving for Uy, Initial residual = 0.00277148, Final residual = 0.000234485, No Iterations 7
smoothSolver:  Solving for Uz, Initial residual = 0.00226688, Final residual = 0.000190723, No Iterations 7
GAMG:  Solving for p, Initial residual = 0.00119067, Final residual = 5.454e-06, No Iterations 4
time step continuity errors : sum local = 1.03697e-05, global = 9.05413e-08, cumulative = 4.56532e-05
smoothSolver:  Solving for omega, Initial residual = 2.1699e-05, Final residual = 1.3518e-06, No Iterations 3
smoothSolver:  Solving for k, Initial residual = 0.000229243, Final residual = 1.92871e-05, No Iterations 3
ExecutionTime = 71.94 s  ClockTime = 74 s

forceCoeffs forceCoeffs1 write:
    Cm    = 0.156903
    Cd    = 0.413003
    Cl    = 0.0634003
    Cl(f) = 0.188603
    Cl(r) = -0.125203

Time = 343

smoothSolver:  Solving for Ux, Initial residual = 0.000117025, Final residual = 8.9542e-06, No Iterations 8
smoothSolver:  Solving for Uy, Initial residual = 0.00272824, Final residual = 0.000225834, No Iterations 7
smoothSolver:  Solving for Uz, Initial residual = 0.00224171, Final residual = 0.000185447, No Iterations 7
GAMG:  Solving for p, Initial residual = 0.00118982, Final residual = 5.19631e-06, No Iterations 4
time step continuity errors : sum local = 9.88102e-06, global = 8.50318e-08, cumulative = 4.57382e-05
smoothSolver:  Solving for omega, Initial residual = 2.15134e-05, Final residual = 1.33315e-06, No Iterations 3
smoothSolver:  Solving for k, Initial residual = 0.000224569, Final residual = 1.88501e-05, No Iterations 3
ExecutionTime = 72.14 s  ClockTime = 74 s

forceCoeffs forceCoeffs1 write:
    Cm    = 0.156902
    Cd    = 0.4129
    Cl    = 0.0635029
    Cl(f) = 0.188654
    Cl(r) = -0.125151

Time = 344

smoothSolver:  Solving for Ux, Initial residual = 0.00011557, Final residual = 8.88312e-06, No Iterations 8
smoothSolver:  Solving for Uy, Initial residual = 0.00268115, Final residual = 0.000218605, No Iterations 7
smoothSolver:  Solving for Uz, Initial residual = 0.00221438, Final residual = 0.000180106, No Iterations 7
GAMG:  Solving for p, Initial residual = 0.00118986, Final residual = 4.864e-06, No Iterations 4
time step continuity errors : sum local = 9.25079e-06, global = 7.22999e-08, cumulative = 4.58105e-05
smoothSolver:  Solving for omega, Initial residual = 2.12672e-05, Final residual = 1.32675e-06, No Iterations 3
smoothSolver:  Solving for k, Initial residual = 0.000219929, Final residual = 1.83964e-05, No Iterations 3
ExecutionTime = 72.35 s  ClockTime = 74 s

forceCoeffs forceCoeffs1 write:
    Cm    = 0.156873
    Cd    = 0.412678
    Cl    = 0.0635718
    Cl(f) = 0.188659
    Cl(r) = -0.125087

Time = 345

smoothSolver:  Solving for Ux, Initial residual = 0.000114471, Final residual = 8.84555e-06, No Iterations 8
smoothSolver:  Solving for Uy, Initial residual = 0.00263311, Final residual = 0.00021342, No Iterations 7
smoothSolver:  Solving for Uz, Initial residual = 0.00218982, Final residual = 0.000175646, No Iterations 7
GAMG:  Solving for p, Initial residual = 0.0011876, Final residual = 4.72683e-06, No Iterations 4
time step continuity errors : sum local = 8.99017e-06, global = 8.30565e-08, cumulative = 4.58936e-05
smoothSolver:  Solving for omega, Initial residual = 2.13313e-05, Final residual = 1.32222e-06, No Iterations 3
smoothSolver:  Solving for k, Initial residual = 0.000214841, Final residual = 1.7942e-05, No Iterations 3
ExecutionTime = 72.56 s  ClockTime = 75 s

forceCoeffs forceCoeffs1 write:
    Cm    = 0.156863
    Cd    = 0.412516
    Cl    = 0.0636968
    Cl(f) = 0.188711
    Cl(r) = -0.125014

Time = 346

smoothSolver:  Solving for Ux, Initial residual = 0.000113914, Final residual = 8.86675e-06, No Iterations 8
smoothSolver:  Solving for Uy, Initial residual = 0.00260631, Final residual = 0.000209957, No Iterations 7
smoothSolver:  Solving for Uz, Initial residual = 0.00216832, Final residual = 0.00017175, No Iterations 7
GAMG:  Solving for p, Initial residual = 0.00118763, Final residual = 4.82059e-06, No Iterations 4
time step continuity errors : sum local = 9.16926e-06, global = 1.09056e-08, cumulative = 4.59045e-05
smoothSolver:  Solving for omega, Initial residual = 2.12139e-05, Final residual = 1.32375e-06, No Iterations 3
smoothSolver:  Solving for k, Initial residual = 0.000210238, Final residual = 1.75378e-05, No Iterations 3
ExecutionTime = 72.76 s  ClockTime = 75 s

forceCoeffs forceCoeffs1 write:
    Cm    = 0.156798
    Cd    = 0.412231
    Cl    = 0.0637898
    Cl(f) = 0.188693
    Cl(r) = -0.124903

Time = 347

smoothSolver:  Solving for Ux, Initial residual = 0.000113865, Final residual = 8.8934e-06, No Iterations 8
smoothSolver:  Solving for Uy, Initial residual = 0.00258316, Final residual = 0.000207717, No Iterations 7
smoothSolver:  Solving for Uz, Initial residual = 0.002158, Final residual = 0.000168971, No Iterations 7
GAMG:  Solving for p, Initial residual = 0.00118601, Final residual = 4.82858e-06, No Iterations 4
time step continuity errors : sum local = 9.18377e-06, global = 4.66205e-09, cumulative = 4.59091e-05
smoothSolver:  Solving for omega, Initial residual = 2.10416e-05, Final residual = 1.31608e-06, No Iterations 3
smoothSolver:  Solving for k, Initial residual = 0.000206081, Final residual = 1.71992e-05, No Iterations 3
ExecutionTime = 72.97 s  ClockTime = 75 s

forceCoeffs forceCoeffs1 write:
    Cm    = 0.156738
    Cd    = 0.41199
    Cl    = 0.0639542
    Cl(f) = 0.188715
    Cl(r) = -0.124761

Time = 348

smoothSolver:  Solving for Ux, Initial residual = 0.000113548, Final residual = 8.95164e-06, No Iterations 8
smoothSolver:  Solving for Uy, Initial residual = 0.0025703, Final residual = 0.000207208, No Iterations 7
smoothSolver:  Solving for Uz, Initial residual = 0.00213964, Final residual = 0.000166783, No Iterations 7
GAMG:  Solving for p, Initial residual = 0.00118994, Final residual = 4.91497e-06, No Iterations 4
time step continuity errors : sum local = 9.3472e-06, global = -7.22958e-09, cumulative = 4.59019e-05
smoothSolver:  Solving for omega, Initial residual = 2.09716e-05, Final residual = 1.3229e-06, No Iterations 3
smoothSolver:  Solving for k, Initial residual = 0.000202984, Final residual = 1.69809e-05, No Iterations 3
ExecutionTime = 73.18 s  ClockTime = 75 s

forceCoeffs forceCoeffs1 write:
    Cm    = 0.156657
    Cd    = 0.411662
    Cl    = 0.0640895
    Cl(f) = 0.188701
    Cl(r) = -0.124612

Time = 349

smoothSolver:  Solving for Ux, Initial residual = 0.000113966, Final residual = 9.00095e-06, No Iterations 8
smoothSolver:  Solving for Uy, Initial residual = 0.00257879, Final residual = 0.000208371, No Iterations 7
smoothSolver:  Solving for Uz, Initial residual = 0.00213949, Final residual = 0.000165264, No Iterations 7
GAMG:  Solving for p, Initial residual = 0.00119343, Final residual = 4.93769e-06, No Iterations 4
time step continuity errors : sum local = 9.3875e-06, global = -1.64193e-08, cumulative = 4.58855e-05
smoothSolver:  Solving for omega, Initial residual = 2.11498e-05, Final residual = 1.31969e-06, No Iterations 3
smoothSolver:  Solving for k, Initial residual = 0.000200827, Final residual = 1.68564e-05, No Iterations 3
ExecutionTime = 73.38 s  ClockTime = 75 s

forceCoeffs forceCoeffs1 write:
    Cm    = 0.156608
    Cd    = 0.411431
    Cl    = 0.0643124
    Cl(f) = 0.188764
    Cl(r) = -0.124452

Time = 350

smoothSolver:  Solving for Ux, Initial residual = 0.000114043, Final residual = 8.98585e-06, No Iterations 8
smoothSolver:  Solving for Uy, Initial residual = 0.00258838, Final residual = 0.000208876, No Iterations 7
smoothSolver:  Solving for Uz, Initial residual = 0.00213414, Final residual = 0.00016374, No Iterations 7
GAMG:  Solving for p, Initial residual = 0.00119854, Final residual = 4.97991e-06, No Iterations 4
time step continuity errors : sum local = 9.46484e-06, global = -2.52602e-08, cumulative = 4.58602e-05
smoothSolver:  Solving for omega, Initial residual = 2.1161e-05, Final residual = 1.33532e-06, No Iterations 3
smoothSolver:  Solving for k, Initial residual = 0.000199532, Final residual = 1.67735e-05, No Iterations 3
ExecutionTime = 73.59 s  ClockTime = 76 s

forceCoeffs forceCoeffs1 write:
    Cm    = 0.156538
    Cd    = 0.411136
    Cl    = 0.0644781
    Cl(f) = 0.188777
    Cl(r) = -0.124299

Time = 351

smoothSolver:  Solving for Ux, Initial residual = 0.000114463, Final residual = 8.94661e-06, No Iterations 8
smoothSolver:  Solving for Uy, Initial residual = 0.00259463, Final residual = 0.000208655, No Iterations 7
smoothSolver:  Solving for Uz, Initial residual = 0.00213229, Final residual = 0.000162362, No Iterations 7
GAMG:  Solving for p, Initial residual = 0.00119883, Final residual = 4.86078e-06, No Iterations 4
time step continuity errors : sum local = 9.23413e-06, global = -2.58809e-08, cumulative = 4.58344e-05
smoothSolver:  Solving for omega, Initial residual = 2.12931e-05, Final residual = 1.33223e-06, No Iterations 3
smoothSolver:  Solving for k, Initial residual = 0.00019851, Final residual = 1.6693e-05, No Iterations 3
ExecutionTime = 73.8 s  ClockTime = 76 s

forceCoeffs forceCoeffs1 write:
    Cm    = 0.156475
    Cd    = 0.410924
    Cl    = 0.0646574
    Cl(f) = 0.188804
    Cl(r) = -0.124147

Time = 352

smoothSolver:  Solving for Ux, Initial residual = 0.00011405, Final residual = 8.88508e-06, No Iterations 8
smoothSolver:  Solving for Uy, Initial residual = 0.00259517, Final residual = 0.00020745, No Iterations 7
smoothSolver:  Solving for Uz, Initial residual = 0.00212556, Final residual = 0.000160835, No Iterations 7
GAMG:  Solving for p, Initial residual = 0.00119722, Final residual = 4.80488e-06, No Iterations 4
time step continuity errors : sum local = 9.12451e-06, global = -4.06331e-08, cumulative = 4.57937e-05
smoothSolver:  Solving for omega, Initial residual = 2.11762e-05, Final residual = 1.31992e-06, No Iterations 3
smoothSolver:  Solving for k, Initial residual = 0.000197287, Final residual = 1.65807e-05, No Iterations 3
ExecutionTime = 74 s  ClockTime = 76 s

forceCoeffs forceCoeffs1 write:
    Cm    = 0.156365
    Cd    = 0.41061
    Cl    = 0.0647946
    Cl(f) = 0.188762
    Cl(r) = -0.123968

Time = 353

smoothSolver:  Solving for Ux, Initial residual = 0.000113209, Final residual = 8.73761e-06, No Iterations 8
smoothSolver:  Solving for Uy, Initial residual = 0.00257426, Final residual = 0.000203195, No Iterations 7
smoothSolver:  Solving for Uz, Initial residual = 0.00211253, Final residual = 0.000158278, No Iterations 7
GAMG:  Solving for p, Initial residual = 0.00119095, Final residual = 4.65911e-06, No Iterations 4
time step continuity errors : sum local = 8.84339e-06, global = -5.30022e-08, cumulative = 4.57407e-05
smoothSolver:  Solving for omega, Initial residual = 2.11604e-05, Final residual = 1.31765e-06, No Iterations 3
smoothSolver:  Solving for k, Initial residual = 0.000196238, Final residual = 1.64909e-05, No Iterations 3
ExecutionTime = 74.21 s  ClockTime = 76 s

forceCoeffs forceCoeffs1 write:
    Cm    = 0.1563
    Cd    = 0.4104
    Cl    = 0.0649947
    Cl(f) = 0.188798
    Cl(r) = -0.123803

Time = 354

smoothSolver:  Solving for Ux, Initial residual = 0.000112257, Final residual = 8.60902e-06, No Iterations 8
smoothSolver:  Solving for Uy, Initial residual = 0.00255506, Final residual = 0.000199757, No Iterations 7
smoothSolver:  Solving for Uz, Initial residual = 0.00210061, Final residual = 0.000156357, No Iterations 7
GAMG:  Solving for p, Initial residual = 0.00118758, Final residual = 4.61174e-06, No Iterations 4
time step continuity errors : sum local = 8.74997e-06, global = -7.37224e-08, cumulative = 4.5667e-05
smoothSolver:  Solving for omega, Initial residual = 2.11695e-05, Final residual = 1.31153e-06, No Iterations 3
smoothSolver:  Solving for k, Initial residual = 0.000195995, Final residual = 1.6437e-05, No Iterations 3
ExecutionTime = 74.42 s  ClockTime = 76 s

forceCoeffs forceCoeffs1 write:
    Cm    = 0.156231
    Cd    = 0.410166
    Cl    = 0.0651153
    Cl(f) = 0.188789
    Cl(r) = -0.123674

Time = 355

smoothSolver:  Solving for Ux, Initial residual = 0.000111768, Final residual = 8.475e-06, No Iterations 8
smoothSolver:  Solving for Uy, Initial residual = 0.00253394, Final residual = 0.00019489, No Iterations 7
smoothSolver:  Solving for Uz, Initial residual = 0.00209361, Final residual = 0.000209186, No Iterations 6
GAMG:  Solving for p, Initial residual = 0.00118502, Final residual = 4.49229e-06, No Iterations 4
time step continuity errors : sum local = 8.51924e-06, global = -9.47291e-08, cumulative = 4.55723e-05
smoothSolver:  Solving for omega, Initial residual = 2.10218e-05, Final residual = 1.2953e-06, No Iterations 3
smoothSolver:  Solving for k, Initial residual = 0.000195534, Final residual = 1.63975e-05, No Iterations 3
ExecutionTime = 74.62 s  ClockTime = 77 s

forceCoeffs forceCoeffs1 write:
    Cm    = 0.156199
    Cd    = 0.410053
    Cl    = 0.0652614
    Cl(f) = 0.188829
    Cl(r) = -0.123568

Time = 356

smoothSolver:  Solving for Ux, Initial residual = 0.000110954, Final residual = 1.0989e-05, No Iterations 7
smoothSolver:  Solving for Uy, Initial residual = 0.00251479, Final residual = 0.000191655, No Iterations 7
smoothSolver:  Solving for Uz, Initial residual = 0.0020842, Final residual = 0.000206873, No Iterations 6
GAMG:  Solving for p, Initial residual = 0.00118895, Final residual = 4.6131e-06, No Iterations 4
time step continuity errors : sum local = 8.74533e-06, global = -1.32988e-07, cumulative = 4.54393e-05
smoothSolver:  Solving for omega, Initial residual = 2.07958e-05, Final residual = 1.27652e-06, No Iterations 3
smoothSolver:  Solving for k, Initial residual = 0.000195222, Final residual = 1.6324e-05, No Iterations 3
ExecutionTime = 74.83 s  ClockTime = 77 s

forceCoeffs forceCoeffs1 write:
    Cm    = 0.156162
    Cd    = 0.409925
    Cl    = 0.0653281
    Cl(f) = 0.188827
    Cl(r) = -0.123498

Time = 357

smoothSolver:  Solving for Ux, Initial residual = 0.000110672, Final residual = 1.08565e-05, No Iterations 7
smoothSolver:  Solving for Uy, Initial residual = 0.00248918, Final residual = 0.000187562, No Iterations 7
smoothSolver:  Solving for Uz, Initial residual = 0.0020783, Final residual = 0.000204772, No Iterations 6
GAMG:  Solving for p, Initial residual = 0.0011895, Final residual = 4.78776e-06, No Iterations 4
time step continuity errors : sum local = 9.07241e-06, global = -1.70449e-07, cumulative = 4.52688e-05
smoothSolver:  Solving for omega, Initial residual = 2.07985e-05, Final residual = 1.26512e-06, No Iterations 3
smoothSolver:  Solving for k, Initial residual = 0.000195679, Final residual = 1.6274e-05, No Iterations 3
ExecutionTime = 75.04 s  ClockTime = 77 s

forceCoeffs forceCoeffs1 write:
    Cm    = 0.156157
    Cd    = 0.409903
    Cl    = 0.0654028
    Cl(f) = 0.188859
    Cl(r) = -0.123456

Time = 358

smoothSolver:  Solving for Ux, Initial residual = 0.000110178, Final residual = 1.07226e-05, No Iterations 7
smoothSolver:  Solving for Uy, Initial residual = 0.0024762, Final residual = 0.000186609, No Iterations 7
smoothSolver:  Solving for Uz, Initial residual = 0.00207428, Final residual = 0.00020335, No Iterations 6
GAMG:  Solving for p, Initial residual = 0.00119336, Final residual = 4.92077e-06, No Iterations 4
time step continuity errors : sum local = 9.3218e-06, global = -1.73064e-07, cumulative = 4.50958e-05
smoothSolver:  Solving for omega, Initial residual = 2.07435e-05, Final residual = 1.26407e-06, No Iterations 3
smoothSolver:  Solving for k, Initial residual = 0.000195806, Final residual = 1.62244e-05, No Iterations 3
ExecutionTime = 75.24 s  ClockTime = 77 s

forceCoeffs forceCoeffs1 write:
    Cm    = 0.156136
    Cd    = 0.40983
    Cl    = 0.0654569
    Cl(f) = 0.188864
    Cl(r) = -0.123407

Time = 359

smoothSolver:  Solving for Ux, Initial residual = 0.000109647, Final residual = 1.06318e-05, No Iterations 7
smoothSolver:  Solving for Uy, Initial residual = 0.00246202, Final residual = 0.000185662, No Iterations 7
smoothSolver:  Solving for Uz, Initial residual = 0.00207599, Final residual = 0.000202876, No Iterations 6
GAMG:  Solving for p, Initial residual = 0.0011926, Final residual = 4.93693e-06, No Iterations 4
time step continuity errors : sum local = 9.34928e-06, global = -1.62115e-07, cumulative = 4.49336e-05
smoothSolver:  Solving for omega, Initial residual = 2.06338e-05, Final residual = 1.26039e-06, No Iterations 3
smoothSolver:  Solving for k, Initial residual = 0.000195734, Final residual = 1.62039e-05, No Iterations 3
ExecutionTime = 75.45 s  ClockTime = 77 s

forceCoeffs forceCoeffs1 write:
    Cm    = 0.15615
    Cd    = 0.409875
    Cl    = 0.0655332
    Cl(f) = 0.188916
    Cl(r) = -0.123383

Time = 360

smoothSolver:  Solving for Ux, Initial residual = 0.000108531, Final residual = 1.05672e-05, No Iterations 7
smoothSolver:  Solving for Uy, Initial residual = 0.00244544, Final residual = 0.000186304, No Iterations 7
smoothSolver:  Solving for Uz, Initial residual = 0.00207246, Final residual = 0.000203386, No Iterations 6
GAMG:  Solving for p, Initial residual = 0.00119579, Final residual = 4.93494e-06, No Iterations 4
time step continuity errors : sum local = 9.34352e-06, global = -1.17038e-07, cumulative = 4.48166e-05
smoothSolver:  Solving for omega, Initial residual = 2.06097e-05, Final residual = 1.26316e-06, No Iterations 3
smoothSolver:  Solving for k, Initial residual = 0.000195648, Final residual = 1.61757e-05, No Iterations 3
ExecutionTime = 75.66 s  ClockTime = 78 s

forceCoeffs forceCoeffs1 write:
    Cm    = 0.156149
    Cd    = 0.409871
    Cl    = 0.06558
    Cl(f) = 0.188939
    Cl(r) = -0.123359

Time = 361

smoothSolver:  Solving for Ux, Initial residual = 0.000108042, Final residual = 1.0556e-05, No Iterations 7
smoothSolver:  Solving for Uy, Initial residual = 0.00244547, Final residual = 0.000187537, No Iterations 7
smoothSolver:  Solving for Uz, Initial residual = 0.00208166, Final residual = 0.000205486, No Iterations 6
GAMG:  Solving for p, Initial residual = 0.00119045, Final residual = 4.90492e-06, No Iterations 4
time step continuity errors : sum local = 9.2841e-06, global = -6.76827e-08, cumulative = 4.47489e-05
smoothSolver:  Solving for omega, Initial residual = 2.06173e-05, Final residual = 1.25793e-06, No Iterations 3
smoothSolver:  Solving for k, Initial residual = 0.000195011, Final residual = 1.61345e-05, No Iterations 3
ExecutionTime = 75.86 s  ClockTime = 78 s

forceCoeffs forceCoeffs1 write:
    Cm    = 0.156159
    Cd    = 0.409937
    Cl    = 0.065649
    Cl(f) = 0.188983
    Cl(r) = -0.123334

Time = 362

smoothSolver:  Solving for Ux, Initial residual = 0.000107063, Final residual = 1.0509e-05, No Iterations 7
smoothSolver:  Solving for Uy, Initial residual = 0.00243553, Final residual = 0.00018928, No Iterations 7
smoothSolver:  Solving for Uz, Initial residual = 0.00207991, Final residual = 0.000207137, No Iterations 6
GAMG:  Solving for p, Initial residual = 0.0011918, Final residual = 4.86545e-06, No Iterations 4
time step continuity errors : sum local = 9.20836e-06, global = 3.64217e-08, cumulative = 4.47853e-05
smoothSolver:  Solving for omega, Initial residual = 2.06285e-05, Final residual = 1.2545e-06, No Iterations 3
smoothSolver:  Solving for k, Initial residual = 0.000193678, Final residual = 1.60732e-05, No Iterations 3
ExecutionTime = 76.07 s  ClockTime = 78 s

forceCoeffs forceCoeffs1 write:
    Cm    = 0.156151
    Cd    = 0.409967
    Cl    = 0.065667
    Cl(f) = 0.188984
    Cl(r) = -0.123317

Time = 363

smoothSolver:  Solving for Ux, Initial residual = 0.000106294, Final residual = 1.04055e-05, No Iterations 7
smoothSolver:  Solving for Uy, Initial residual = 0.00243877, Final residual = 0.000190268, No Iterations 7
smoothSolver:  Solving for Uz, Initial residual = 0.0020837, Final residual = 0.000155316, No Iterations 7
GAMG:  Solving for p, Initial residual = 0.00119054, Final residual = 4.90922e-06, No Iterations 4
time step continuity errors : sum local = 9.29017e-06, global = 4.64369e-08, cumulative = 4.48318e-05
smoothSolver:  Solving for omega, Initial residual = 2.05918e-05, Final residual = 1.26333e-06, No Iterations 3
smoothSolver:  Solving for k, Initial residual = 0.000191362, Final residual = 1.59962e-05, No Iterations 3
ExecutionTime = 76.28 s  ClockTime = 78 s

forceCoeffs forceCoeffs1 write:
    Cm    = 0.15613
    Cd    = 0.410012
    Cl    = 0.0657256
    Cl(f) = 0.188993
    Cl(r) = -0.123267

Time = 364

smoothSolver:  Solving for Ux, Initial residual = 0.000105299, Final residual = 1.02447e-05, No Iterations 7
smoothSolver:  Solving for Uy, Initial residual = 0.00244083, Final residual = 0.000191584, No Iterations 7
smoothSolver:  Solving for Uz, Initial residual = 0.00207393, Final residual = 0.00015485, No Iterations 7
GAMG:  Solving for p, Initial residual = 0.0011973, Final residual = 4.77028e-06, No Iterations 4
time step continuity errors : sum local = 9.02771e-06, global = 6.24275e-08, cumulative = 4.48942e-05
smoothSolver:  Solving for omega, Initial residual = 2.08222e-05, Final residual = 1.26002e-06, No Iterations 3
smoothSolver:  Solving for k, Initial residual = 0.000189412, Final residual = 1.59096e-05, No Iterations 3
ExecutionTime = 76.49 s  ClockTime = 79 s

forceCoeffs forceCoeffs1 write:
    Cm    = 0.156114
    Cd    = 0.410047
    Cl    = 0.0657132
    Cl(f) = 0.18897
    Cl(r) = -0.123257

Time = 365

smoothSolver:  Solving for Ux, Initial residual = 0.000105042, Final residual = 1.00781e-05, No Iterations 7
smoothSolver:  Solving for Uy, Initial residual = 0.00245618, Final residual = 0.000191474, No Iterations 7
smoothSolver:  Solving for Uz, Initial residual = 0.00207389, Final residual = 0.000154537, No Iterations 7
GAMG:  Solving for p, Initial residual = 0.00119492, Final residual = 4.65727e-06, No Iterations 4
time step continuity errors : sum local = 8.81352e-06, global = 6.33541e-08, cumulative = 4.49576e-05
smoothSolver:  Solving for omega, Initial residual = 2.07958e-05, Final residual = 1.25643e-06, No Iterations 3
smoothSolver:  Solving for k, Initial residual = 0.000187278, Final residual = 1.58019e-05, No Iterations 3
ExecutionTime = 76.69 s  ClockTime = 79 s

forceCoeffs forceCoeffs1 write:
    Cm    = 0.156111
    Cd    = 0.410145
    Cl    = 0.0657194
    Cl(f) = 0.188971
    Cl(r) = -0.123251

Time = 366

smoothSolver:  Solving for Ux, Initial residual = 0.000104172, Final residual = 9.85599e-06, No Iterations 7
smoothSolver:  Solving for Uy, Initial residual = 0.00246379, Final residual = 0.000191392, No Iterations 7
smoothSolver:  Solving for Uz, Initial residual = 0.00206146, Final residual = 0.000153212, No Iterations 7
GAMG:  Solving for p, Initial residual = 0.00119941, Final residual = 4.5725e-06, No Iterations 4
time step continuity errors : sum local = 8.65383e-06, global = 7.71923e-08, cumulative = 4.50348e-05
smoothSolver:  Solving for omega, Initial residual = 2.06876e-05, Final residual = 1.25611e-06, No Iterations 3
smoothSolver:  Solving for k, Initial residual = 0.000185721, Final residual = 1.56918e-05, No Iterations 3
ExecutionTime = 76.9 s  ClockTime = 79 s

forceCoeffs forceCoeffs1 write:
    Cm    = 0.156124
    Cd    = 0.410243
    Cl    = 0.0656612
    Cl(f) = 0.188954
    Cl(r) = -0.123293

Time = 367

smoothSolver:  Solving for Ux, Initial residual = 0.000103729, Final residual = 9.7136e-06, No Iterations 7
smoothSolver:  Solving for Uy, Initial residual = 0.00247426, Final residual = 0.000190267, No Iterations 7
smoothSolver:  Solving for Uz, Initial residual = 0.00205557, Final residual = 0.000152744, No Iterations 7
GAMG:  Solving for p, Initial residual = 0.00119926, Final residual = 4.57774e-06, No Iterations 4
time step continuity errors : sum local = 8.66361e-06, global = 8.37299e-08, cumulative = 4.51185e-05
smoothSolver:  Solving for omega, Initial residual = 2.0846e-05, Final residual = 1.24191e-06, No Iterations 3
smoothSolver:  Solving for k, Initial residual = 0.000184759, Final residual = 1.55709e-05, No Iterations 3
ExecutionTime = 77.11 s  ClockTime = 79 s

forceCoeffs forceCoeffs1 write:
    Cm    = 0.156125
    Cd    = 0.410413
    Cl    = 0.0655677
    Cl(f) = 0.188908
    Cl(r) = -0.123341

Time = 368

smoothSolver:  Solving for Ux, Initial residual = 0.000103178, Final residual = 9.60599e-06, No Iterations 7
smoothSolver:  Solving for Uy, Initial residual = 0.00247728, Final residual = 0.00018989, No Iterations 7
smoothSolver:  Solving for Uz, Initial residual = 0.00204741, Final residual = 0.00015251, No Iterations 7
GAMG:  Solving for p, Initial residual = 0.0012046, Final residual = 4.54609e-06, No Iterations 4
time step continuity errors : sum local = 8.60495e-06, global = 8.61526e-08, cumulative = 4.52046e-05
smoothSolver:  Solving for omega, Initial residual = 2.08659e-05, Final residual = 1.23844e-06, No Iterations 3
smoothSolver:  Solving for k, Initial residual = 0.000183992, Final residual = 1.54965e-05, No Iterations 3
ExecutionTime = 77.31 s  ClockTime = 79 s

forceCoeffs forceCoeffs1 write:
    Cm    = 0.156115
    Cd    = 0.41054
    Cl    = 0.0654367
    Cl(f) = 0.188833
    Cl(r) = -0.123396

Time = 369

smoothSolver:  Solving for Ux, Initial residual = 0.000102955, Final residual = 9.55212e-06, No Iterations 7
smoothSolver:  Solving for Uy, Initial residual = 0.00248952, Final residual = 0.000189035, No Iterations 7
smoothSolver:  Solving for Uz, Initial residual = 0.002047, Final residual = 0.00015274, No Iterations 7
GAMG:  Solving for p, Initial residual = 0.00120632, Final residual = 4.59387e-06, No Iterations 4
time step continuity errors : sum local = 8.69572e-06, global = 7.83064e-08, cumulative = 4.52829e-05
smoothSolver:  Solving for omega, Initial residual = 2.08794e-05, Final residual = 1.24341e-06, No Iterations 3
smoothSolver:  Solving for k, Initial residual = 0.000183185, Final residual = 1.54526e-05, No Iterations 3
ExecutionTime = 77.52 s  ClockTime = 80 s

forceCoeffs forceCoeffs1 write:
    Cm    = 0.156121
    Cd    = 0.410736
    Cl    = 0.0653594
    Cl(f) = 0.188801
    Cl(r) = -0.123441

Time = 370

smoothSolver:  Solving for Ux, Initial residual = 0.000102745, Final residual = 9.53916e-06, No Iterations 7
smoothSolver:  Solving for Uy, Initial residual = 0.00248729, Final residual = 0.000189279, No Iterations 7
smoothSolver:  Solving for Uz, Initial residual = 0.00204346, Final residual = 0.000152384, No Iterations 7
GAMG:  Solving for p, Initial residual = 0.0012081, Final residual = 4.63756e-06, No Iterations 4
time step continuity errors : sum local = 8.77929e-06, global = 7.84497e-08, cumulative = 4.53614e-05
smoothSolver:  Solving for omega, Initial residual = 2.0979e-05, Final residual = 1.23705e-06, No Iterations 3
smoothSolver:  Solving for k, Initial residual = 0.000182661, Final residual = 1.54302e-05, No Iterations 3
ExecutionTime = 77.72 s  ClockTime = 80 s

forceCoeffs forceCoeffs1 write:
    Cm    = 0.156124
    Cd    = 0.410918
    Cl    = 0.0652465
    Cl(f) = 0.188747
    Cl(r) = -0.123501

Time = 371

smoothSolver:  Solving for Ux, Initial residual = 0.000103018, Final residual = 9.56608e-06, No Iterations 7
smoothSolver:  Solving for Uy, Initial residual = 0.00249544, Final residual = 0.00018964, No Iterations 7
smoothSolver:  Solving for Uz, Initial residual = 0.00204652, Final residual = 0.000152149, No Iterations 7
GAMG:  Solving for p, Initial residual = 0.00120788, Final residual = 4.72641e-06, No Iterations 4
time step continuity errors : sum local = 8.94764e-06, global = 7.51474e-08, cumulative = 4.54365e-05
smoothSolver:  Solving for omega, Initial residual = 2.09221e-05, Final residual = 1.23173e-06, No Iterations 3
smoothSolver:  Solving for k, Initial residual = 0.000182407, Final residual = 1.54527e-05, No Iterations 3
ExecutionTime = 77.93 s  ClockTime = 80 s

forceCoeffs forceCoeffs1 write:
    Cm    = 0.156134
    Cd    = 0.411167
    Cl    = 0.0652042
    Cl(f) = 0.188736
    Cl(r) = -0.123532

Time = 372

smoothSolver:  Solving for Ux, Initial residual = 0.00010255, Final residual = 9.5924e-06, No Iterations 7
smoothSolver:  Solving for Uy, Initial residual = 0.00249627, Final residual = 0.000189294, No Iterations 7
smoothSolver:  Solving for Uz, Initial residual = 0.00204694, Final residual = 0.000151745, No Iterations 7
GAMG:  Solving for p, Initial residual = 0.00121248, Final residual = 4.82734e-06, No Iterations 4
time step continuity errors : sum local = 9.13949e-06, global = 7.60663e-08, cumulative = 4.55126e-05
smoothSolver:  Solving for omega, Initial residual = 2.09086e-05, Final residual = 1.24147e-06, No Iterations 3
smoothSolver:  Solving for k, Initial residual = 0.00018272, Final residual = 1.55138e-05, No Iterations 3
ExecutionTime = 78.13 s  ClockTime = 80 s

forceCoeffs forceCoeffs1 write:
    Cm    = 0.156113
    Cd    = 0.411358
    Cl    = 0.0650848
    Cl(f) = 0.188655
    Cl(r) = -0.12357

Time = 373

smoothSolver:  Solving for Ux, Initial residual = 0.00010323, Final residual = 9.67614e-06, No Iterations 7
smoothSolver:  Solving for Uy, Initial residual = 0.00250534, Final residual = 0.000188709, No Iterations 7
smoothSolver:  Solving for Uz, Initial residual = 0.00205841, Final residual = 0.000204755, No Iterations 6
GAMG:  Solving for p, Initial residual = 0.00121277, Final residual = 4.84599e-06, No Iterations 4
time step continuity errors : sum local = 9.17478e-06, global = 7.90357e-08, cumulative = 4.55916e-05
smoothSolver:  Solving for omega, Initial residual = 2.10961e-05, Final residual = 1.24668e-06, No Iterations 3
smoothSolver:  Solving for k, Initial residual = 0.000184066, Final residual = 1.5632e-05, No Iterations 3
ExecutionTime = 78.34 s  ClockTime = 80 s

forceCoeffs forceCoeffs1 write:
    Cm    = 0.156087
    Cd    = 0.411593
    Cl    = 0.0650281
    Cl(f) = 0.188601
    Cl(r) = -0.123572

Time = 374

smoothSolver:  Solving for Ux, Initial residual = 0.000103001, Final residual = 9.69442e-06, No Iterations 7
smoothSolver:  Solving for Uy, Initial residual = 0.00250371, Final residual = 0.000187166, No Iterations 7
smoothSolver:  Solving for Uz, Initial residual = 0.00206712, Final residual = 0.000205392, No Iterations 6
GAMG:  Solving for p, Initial residual = 0.00121939, Final residual = 4.9578e-06, No Iterations 4
time step continuity errors : sum local = 9.38769e-06, global = 7.89831e-08, cumulative = 4.56706e-05
smoothSolver:  Solving for omega, Initial residual = 2.11525e-05, Final residual = 1.26238e-06, No Iterations 3
smoothSolver:  Solving for k, Initial residual = 0.000185729, Final residual = 1.57852e-05, No Iterations 3
ExecutionTime = 78.54 s  ClockTime = 81 s

forceCoeffs forceCoeffs1 write:
    Cm    = 0.15605
    Cd    = 0.411747
    Cl    = 0.0649743
    Cl(f) = 0.188537
    Cl(r) = -0.123563

Time = 375

smoothSolver:  Solving for Ux, Initial residual = 0.000103753, Final residual = 9.72347e-06, No Iterations 7
smoothSolver:  Solving for Uy, Initial residual = 0.00251178, Final residual = 0.000186038, No Iterations 7
smoothSolver:  Solving for Uz, Initial residual = 0.00209034, Final residual = 0.000206755, No Iterations 6
GAMG:  Solving for p, Initial residual = 0.00122944, Final residual = 5.06928e-06, No Iterations 4
time step continuity errors : sum local = 9.59911e-06, global = 8.14815e-08, cumulative = 4.57521e-05
smoothSolver:  Solving for omega, Initial residual = 2.11888e-05, Final residual = 1.26396e-06, No Iterations 3
smoothSolver:  Solving for k, Initial residual = 0.000188005, Final residual = 1.59258e-05, No Iterations 3
ExecutionTime = 78.75 s  ClockTime = 81 s

forceCoeffs forceCoeffs1 write:
    Cm    = 0.156024
    Cd    = 0.411945
    Cl    = 0.0649555
    Cl(f) = 0.188501
    Cl(r) = -0.123546

Time = 376

smoothSolver:  Solving for Ux, Initial residual = 0.000104213, Final residual = 9.7969e-06, No Iterations 7
smoothSolver:  Solving for Uy, Initial residual = 0.00251231, Final residual = 0.000185363, No Iterations 7
smoothSolver:  Solving for Uz, Initial residual = 0.00211768, Final residual = 0.000209904, No Iterations 6
GAMG:  Solving for p, Initial residual = 0.00123888, Final residual = 5.12762e-06, No Iterations 4
time step continuity errors : sum local = 9.71112e-06, global = 8.55099e-08, cumulative = 4.58376e-05
smoothSolver:  Solving for omega, Initial residual = 2.13899e-05, Final residual = 1.26963e-06, No Iterations 3
smoothSolver:  Solving for k, Initial residual = 0.000191287, Final residual = 1.61004e-05, No Iterations 3
ExecutionTime = 78.96 s  ClockTime = 81 s

forceCoeffs forceCoeffs1 write:
    Cm    = 0.15597
    Cd    = 0.412048
    Cl    = 0.0648894
    Cl(f) = 0.188415
    Cl(r) = -0.123525

Time = 377

smoothSolver:  Solving for Ux, Initial residual = 0.000105291, Final residual = 9.86138e-06, No Iterations 7
smoothSolver:  Solving for Uy, Initial residual = 0.00252589, Final residual = 0.000251533, No Iterations 6
smoothSolver:  Solving for Uz, Initial residual = 0.00213543, Final residual = 0.000212032, No Iterations 6
GAMG:  Solving for p, Initial residual = 0.00124774, Final residual = 5.15888e-06, No Iterations 4
time step continuity errors : sum local = 9.77101e-06, global = 8.00812e-08, cumulative = 4.59177e-05
smoothSolver:  Solving for omega, Initial residual = 2.1322e-05, Final residual = 1.26559e-06, No Iterations 3
smoothSolver:  Solving for k, Initial residual = 0.000194661, Final residual = 1.62537e-05, No Iterations 3
ExecutionTime = 79.17 s  ClockTime = 81 s

forceCoeffs forceCoeffs1 write:
    Cm    = 0.155946
    Cd    = 0.412204
    Cl    = 0.064883
    Cl(f) = 0.188388
    Cl(r) = -0.123505

Time = 378

smoothSolver:  Solving for Ux, Initial residual = 0.000105934, Final residual = 9.95751e-06, No Iterations 7
smoothSolver:  Solving for Uy, Initial residual = 0.00252892, Final residual = 0.000251607, No Iterations 6
smoothSolver:  Solving for Uz, Initial residual = 0.00215297, Final residual = 0.00021466, No Iterations 6
GAMG:  Solving for p, Initial residual = 0.00125638, Final residual = 5.1945e-06, No Iterations 4
time step continuity errors : sum local = 9.83986e-06, global = 8.43104e-08, cumulative = 4.6002e-05
smoothSolver:  Solving for omega, Initial residual = 2.14811e-05, Final residual = 1.27566e-06, No Iterations 3
smoothSolver:  Solving for k, Initial residual = 0.000198392, Final residual = 1.64628e-05, No Iterations 3
ExecutionTime = 79.37 s  ClockTime = 81 s

forceCoeffs forceCoeffs1 write:
    Cm    = 0.155911
    Cd    = 0.412294
    Cl    = 0.0647965
    Cl(f) = 0.188309
    Cl(r) = -0.123513

Time = 379

smoothSolver:  Solving for Ux, Initial residual = 0.000107199, Final residual = 1.00312e-05, No Iterations 7
smoothSolver:  Solving for Uy, Initial residual = 0.0025489, Final residual = 0.000252699, No Iterations 6
smoothSolver:  Solving for Uz, Initial residual = 0.00216881, Final residual = 0.000215267, No Iterations 6
GAMG:  Solving for p, Initial residual = 0.0012633, Final residual = 5.16289e-06, No Iterations 4
time step continuity errors : sum local = 9.78089e-06, global = 7.94016e-08, cumulative = 4.60814e-05
smoothSolver:  Solving for omega, Initial residual = 2.16704e-05, Final residual = 1.27555e-06, No Iterations 3
smoothSolver:  Solving for k, Initial residual = 0.0002024, Final residual = 1.66764e-05, No Iterations 3
ExecutionTime = 79.58 s  ClockTime = 82 s

forceCoeffs forceCoeffs1 write:
    Cm    = 0.155885
    Cd    = 0.412418
    Cl    = 0.0647497
    Cl(f) = 0.18826
    Cl(r) = -0.12351

Time = 380

smoothSolver:  Solving for Ux, Initial residual = 0.000107865, Final residual = 1.0147e-05, No Iterations 7
smoothSolver:  Solving for Uy, Initial residual = 0.00255207, Final residual = 0.000252992, No Iterations 6
smoothSolver:  Solving for Uz, Initial residual = 0.00218036, Final residual = 0.000217545, No Iterations 6
GAMG:  Solving for p, Initial residual = 0.00127465, Final residual = 5.14671e-06, No Iterations 4
time step continuity errors : sum local = 9.75279e-06, global = 8.02799e-08, cumulative = 4.61617e-05
smoothSolver:  Solving for omega, Initial residual = 2.17762e-05, Final residual = 1.29033e-06, No Iterations 3
smoothSolver:  Solving for k, Initial residual = 0.000206531, Final residual = 1.69268e-05, No Iterations 3
ExecutionTime = 79.78 s  ClockTime = 82 s

forceCoeffs forceCoeffs1 write:
    Cm    = 0.155855
    Cd    = 0.412448
    Cl    = 0.064671
    Cl(f) = 0.18819
    Cl(r) = -0.123519

Time = 381

smoothSolver:  Solving for Ux, Initial residual = 0.000109101, Final residual = 1.0209e-05, No Iterations 7
smoothSolver:  Solving for Uy, Initial residual = 0.00256145, Final residual = 0.000252217, No Iterations 6
smoothSolver:  Solving for Uz, Initial residual = 0.00219781, Final residual = 0.000218994, No Iterations 6
GAMG:  Solving for p, Initial residual = 0.00128084, Final residual = 5.06755e-06, No Iterations 4
time step continuity errors : sum local = 9.6043e-06, global = 6.56177e-08, cumulative = 4.62273e-05
smoothSolver:  Solving for omega, Initial residual = 2.1732e-05, Final residual = 1.28788e-06, No Iterations 3
smoothSolver:  Solving for k, Initial residual = 0.000210547, Final residual = 1.7149e-05, No Iterations 3
ExecutionTime = 79.99 s  ClockTime = 82 s

forceCoeffs forceCoeffs1 write:
    Cm    = 0.155851
    Cd    = 0.412527
    Cl    = 0.0646515
    Cl(f) = 0.188177
    Cl(r) = -0.123525

Time = 382

smoothSolver:  Solving for Ux, Initial residual = 0.000109267, Final residual = 1.03025e-05, No Iterations 7
smoothSolver:  Solving for Uy, Initial residual = 0.00254697, Final residual = 0.000251262, No Iterations 6
smoothSolver:  Solving for Uz, Initial residual = 0.00219542, Final residual = 0.0002192, No Iterations 6
GAMG:  Solving for p, Initial residual = 0.00128881, Final residual = 5.09739e-06, No Iterations 4
time step continuity errors : sum local = 9.66344e-06, global = 6.19773e-08, cumulative = 4.62893e-05
smoothSolver:  Solving for omega, Initial residual = 2.20795e-05, Final residual = 1.30161e-06, No Iterations 3
smoothSolver:  Solving for k, Initial residual = 0.000214248, Final residual = 1.73703e-05, No Iterations 3
ExecutionTime = 80.19 s  ClockTime = 82 s

forceCoeffs forceCoeffs1 write:
    Cm    = 0.155867
    Cd    = 0.412564
    Cl    = 0.064599
    Cl(f) = 0.188166
    Cl(r) = -0.123567

Time = 383

smoothSolver:  Solving for Ux, Initial residual = 0.000109636, Final residual = 1.02991e-05, No Iterations 7
smoothSolver:  Solving for Uy, Initial residual = 0.00254855, Final residual = 0.000249511, No Iterations 6
smoothSolver:  Solving for Uz, Initial residual = 0.00219973, Final residual = 0.000218645, No Iterations 6
GAMG:  Solving for p, Initial residual = 0.00129464, Final residual = 5.11748e-06, No Iterations 4
time step continuity errors : sum local = 9.70271e-06, global = 5.60471e-08, cumulative = 4.63453e-05
smoothSolver:  Solving for omega, Initial residual = 2.21042e-05, Final residual = 1.30328e-06, No Iterations 3
smoothSolver:  Solving for k, Initial residual = 0.000217256, Final residual = 1.75373e-05, No Iterations 3
ExecutionTime = 80.4 s  ClockTime = 82 s

forceCoeffs forceCoeffs1 write:
    Cm    = 0.155905
    Cd    = 0.412683
    Cl    = 0.064546
    Cl(f) = 0.188178
    Cl(r) = -0.123632

Time = 384

smoothSolver:  Solving for Ux, Initial residual = 0.000109702, Final residual = 1.03199e-05, No Iterations 7
smoothSolver:  Solving for Uy, Initial residual = 0.00253631, Final residual = 0.000247619, No Iterations 6
smoothSolver:  Solving for Uz, Initial residual = 0.00218709, Final residual = 0.000217164, No Iterations 6
GAMG:  Solving for p, Initial residual = 0.00129783, Final residual = 5.17997e-06, No Iterations 4
time step continuity errors : sum local = 9.82333e-06, global = 7.47653e-08, cumulative = 4.64201e-05
smoothSolver:  Solving for omega, Initial residual = 2.18567e-05, Final residual = 1.30778e-06, No Iterations 3
smoothSolver:  Solving for k, Initial residual = 0.000220075, Final residual = 1.77279e-05, No Iterations 3
ExecutionTime = 80.6 s  ClockTime = 83 s

forceCoeffs forceCoeffs1 write:
    Cm    = 0.155933
    Cd    = 0.412737
    Cl    = 0.0644196
    Cl(f) = 0.188143
    Cl(r) = -0.123723

Time = 385

smoothSolver:  Solving for Ux, Initial residual = 0.000109668, Final residual = 1.02327e-05, No Iterations 7
smoothSolver:  Solving for Uy, Initial residual = 0.00252212, Final residual = 0.000245105, No Iterations 6
smoothSolver:  Solving for Uz, Initial residual = 0.00217923, Final residual = 0.000214763, No Iterations 6
GAMG:  Solving for p, Initial residual = 0.00129288, Final residual = 5.14331e-06, No Iterations 4
time step continuity errors : sum local = 9.75529e-06, global = 9.36899e-08, cumulative = 4.65138e-05
smoothSolver:  Solving for omega, Initial residual = 2.16915e-05, Final residual = 1.28807e-06, No Iterations 3
smoothSolver:  Solving for k, Initial residual = 0.000221916, Final residual = 1.78856e-05, No Iterations 3
ExecutionTime = 80.81 s  ClockTime = 83 s

forceCoeffs forceCoeffs1 write:
    Cm    = 0.155988
    Cd    = 0.412831
    Cl    = 0.0643764
    Cl(f) = 0.188177
    Cl(r) = -0.1238

Time = 386

smoothSolver:  Solving for Ux, Initial residual = 0.000109055, Final residual = 1.01883e-05, No Iterations 7
smoothSolver:  Solving for Uy, Initial residual = 0.00249658, Final residual = 0.000242387, No Iterations 6
smoothSolver:  Solving for Uz, Initial residual = 0.0021573, Final residual = 0.00021147, No Iterations 6
GAMG:  Solving for p, Initial residual = 0.00128521, Final residual = 5.05003e-06, No Iterations 4
time step continuity errors : sum local = 9.58079e-06, global = 1.22254e-07, cumulative = 4.6636e-05
smoothSolver:  Solving for omega, Initial residual = 2.15335e-05, Final residual = 1.28349e-06, No Iterations 3
smoothSolver:  Solving for k, Initial residual = 0.000223237, Final residual = 1.81016e-05, No Iterations 3
ExecutionTime = 81.02 s  ClockTime = 83 s

forceCoeffs forceCoeffs1 write:
    Cm    = 0.156047
    Cd    = 0.412873
    Cl    = 0.0642918
    Cl(f) = 0.188193
    Cl(r) = -0.123902

Time = 387

smoothSolver:  Solving for Ux, Initial residual = 0.000108374, Final residual = 1.01297e-05, No Iterations 7
smoothSolver:  Solving for Uy, Initial residual = 0.00247276, Final residual = 0.000240881, No Iterations 6
smoothSolver:  Solving for Uz, Initial residual = 0.00213296, Final residual = 0.000207567, No Iterations 6
GAMG:  Solving for p, Initial residual = 0.00127817, Final residual = 4.75672e-06, No Iterations 4
time step continuity errors : sum local = 9.02616e-06, global = 1.15971e-07, cumulative = 4.6752e-05
smoothSolver:  Solving for omega, Initial residual = 2.13005e-05, Final residual = 1.27716e-06, No Iterations 3
smoothSolver:  Solving for k, Initial residual = 0.000224076, Final residual = 1.83177e-05, No Iterations 3
ExecutionTime = 81.22 s  ClockTime = 83 s

forceCoeffs forceCoeffs1 write:
    Cm    = 0.156115
    Cd    = 0.412942
    Cl    = 0.0642652
    Cl(f) = 0.188248
    Cl(r) = -0.123983

Time = 388

smoothSolver:  Solving for Ux, Initial residual = 0.000107511, Final residual = 1.01416e-05, No Iterations 7
smoothSolver:  Solving for Uy, Initial residual = 0.00244186, Final residual = 0.000239567, No Iterations 6
smoothSolver:  Solving for Uz, Initial residual = 0.00210464, Final residual = 0.000204165, No Iterations 6
GAMG:  Solving for p, Initial residual = 0.00126784, Final residual = 1.25021e-05, No Iterations 3
time step continuity errors : sum local = 2.37309e-05, global = 2.23872e-07, cumulative = 4.69759e-05
smoothSolver:  Solving for omega, Initial residual = 2.11516e-05, Final residual = 1.27305e-06, No Iterations 3
smoothSolver:  Solving for k, Initial residual = 0.000224554, Final residual = 1.85823e-05, No Iterations 3
ExecutionTime = 81.42 s  ClockTime = 84 s

forceCoeffs forceCoeffs1 write:
    Cm    = 0.156156
    Cd    = 0.412938
    Cl    = 0.0641593
    Cl(f) = 0.188236
    Cl(r) = -0.124077

Time = 389

smoothSolver:  Solving for Ux, Initial residual = 0.000106546, Final residual = 1.0076e-05, No Iterations 7
smoothSolver:  Solving for Uy, Initial residual = 0.00241659, Final residual = 0.000237484, No Iterations 6
smoothSolver:  Solving for Uz, Initial residual = 0.00206956, Final residual = 0.000199124, No Iterations 6
GAMG:  Solving for p, Initial residual = 0.00125342, Final residual = 4.69821e-06, No Iterations 4
time step continuity errors : sum local = 8.91932e-06, global = 1.05915e-07, cumulative = 4.70818e-05
smoothSolver:  Solving for omega, Initial residual = 2.09046e-05, Final residual = 1.26066e-06, No Iterations 3
smoothSolver:  Solving for k, Initial residual = 0.000225269, Final residual = 1.88256e-05, No Iterations 3
ExecutionTime = 81.63 s  ClockTime = 84 s

forceCoeffs forceCoeffs1 write:
    Cm    = 0.156203
    Cd    = 0.412958
    Cl    = 0.0640802
    Cl(f) = 0.188243
    Cl(r) = -0.124162

Time = 390

smoothSolver:  Solving for Ux, Initial residual = 0.000105747, Final residual = 1.01325e-05, No Iterations 7
smoothSolver:  Solving for Uy, Initial residual = 0.00240763, Final residual = 0.000239445, No Iterations 6
smoothSolver:  Solving for Uz, Initial residual = 0.00205735, Final residual = 0.000198817, No Iterations 6
GAMG:  Solving for p, Initial residual = 0.00123538, Final residual = 4.52548e-06, No Iterations 4
time step continuity errors : sum local = 8.5951e-06, global = 1.19524e-07, cumulative = 4.72013e-05
smoothSolver:  Solving for omega, Initial residual = 2.09204e-05, Final residual = 1.26196e-06, No Iterations 3
smoothSolver:  Solving for k, Initial residual = 0.000226138, Final residual = 1.91024e-05, No Iterations 3
ExecutionTime = 81.83 s  ClockTime = 84 s

forceCoeffs forceCoeffs1 write:
    Cm    = 0.15622
    Cd    = 0.412879
    Cl    = 0.0639623
    Cl(f) = 0.188201
    Cl(r) = -0.124239

Time = 391

smoothSolver:  Solving for Ux, Initial residual = 0.000105395, Final residual = 1.02297e-05, No Iterations 7
smoothSolver:  Solving for Uy, Initial residual = 0.00239993, Final residual = 0.000177199, No Iterations 7
smoothSolver:  Solving for Uz, Initial residual = 0.00203743, Final residual = 0.00019842, No Iterations 6
GAMG:  Solving for p, Initial residual = 0.00121587, Final residual = 4.75443e-06, No Iterations 4
time step continuity errors : sum local = 9.032e-06, global = 1.21523e-07, cumulative = 4.73229e-05
smoothSolver:  Solving for omega, Initial residual = 2.09512e-05, Final residual = 1.24431e-06, No Iterations 3
smoothSolver:  Solving for k, Initial residual = 0.00022658, Final residual = 1.92927e-05, No Iterations 3
ExecutionTime = 82.04 s  ClockTime = 84 s

forceCoeffs forceCoeffs1 write:
    Cm    = 0.156231
    Cd    = 0.41281
    Cl    = 0.0638965
    Cl(f) = 0.188179
    Cl(r) = -0.124282

Time = 392

smoothSolver:  Solving for Ux, Initial residual = 0.000104732, Final residual = 1.03356e-05, No Iterations 7
smoothSolver:  Solving for Uy, Initial residual = 0.00238187, Final residual = 0.000177883, No Iterations 7
smoothSolver:  Solving for Uz, Initial residual = 0.00202213, Final residual = 0.000200298, No Iterations 6
GAMG:  Solving for p, Initial residual = 0.00119527, Final residual = 4.82508e-06, No Iterations 4
time step continuity errors : sum local = 9.16906e-06, global = 1.11734e-07, cumulative = 4.74346e-05
smoothSolver:  Solving for omega, Initial residual = 2.03266e-05, Final residual = 1.23345e-06, No Iterations 3
smoothSolver:  Solving for k, Initial residual = 0.000225945, Final residual = 1.93949e-05, No Iterations 3
ExecutionTime = 82.24 s  ClockTime = 84 s

forceCoeffs forceCoeffs1 write:
    Cm    = 0.156211
    Cd    = 0.412623
    Cl    = 0.0637745
    Cl(f) = 0.188099
    Cl(r) = -0.124324

Time = 393

smoothSolver:  Solving for Ux, Initial residual = 0.00010482, Final residual = 7.93383e-06, No Iterations 8
smoothSolver:  Solving for Uy, Initial residual = 0.00240205, Final residual = 0.000183633, No Iterations 7
smoothSolver:  Solving for Uz, Initial residual = 0.00202478, Final residual = 0.000153026, No Iterations 7
GAMG:  Solving for p, Initial residual = 0.00117633, Final residual = 4.84916e-06, No Iterations 4
time step continuity errors : sum local = 9.21684e-06, global = 7.99494e-08, cumulative = 4.75145e-05
smoothSolver:  Solving for omega, Initial residual = 2.02881e-05, Final residual = 1.23329e-06, No Iterations 3
smoothSolver:  Solving for k, Initial residual = 0.000225336, Final residual = 1.94474e-05, No Iterations 3
ExecutionTime = 82.44 s  ClockTime = 85 s

forceCoeffs forceCoeffs1 write:
    Cm    = 0.156228
    Cd    = 0.41249
    Cl    = 0.063751
    Cl(f) = 0.188103
    Cl(r) = -0.124352

Time = 394

smoothSolver:  Solving for Ux, Initial residual = 0.000104978, Final residual = 8.02247e-06, No Iterations 8
smoothSolver:  Solving for Uy, Initial residual = 0.00242775, Final residual = 0.00019126, No Iterations 7
smoothSolver:  Solving for Uz, Initial residual = 0.00203868, Final residual = 0.000158204, No Iterations 7
GAMG:  Solving for p, Initial residual = 0.001166, Final residual = 4.75557e-06, No Iterations 4
time step continuity errors : sum local = 9.04107e-06, global = 5.57811e-08, cumulative = 4.75703e-05
smoothSolver:  Solving for omega, Initial residual = 2.03117e-05, Final residual = 1.23134e-06, No Iterations 3
smoothSolver:  Solving for k, Initial residual = 0.000224946, Final residual = 1.9616e-05, No Iterations 3
ExecutionTime = 82.65 s  ClockTime = 85 s

forceCoeffs forceCoeffs1 write:
    Cm    = 0.156229
    Cd    = 0.412302
    Cl    = 0.0636573
    Cl(f) = 0.188058
    Cl(r) = -0.1244

Time = 395

smoothSolver:  Solving for Ux, Initial residual = 0.000106003, Final residual = 8.10888e-06, No Iterations 8
smoothSolver:  Solving for Uy, Initial residual = 0.00248394, Final residual = 0.000199397, No Iterations 7
smoothSolver:  Solving for Uz, Initial residual = 0.00206668, Final residual = 0.000163063, No Iterations 7
GAMG:  Solving for p, Initial residual = 0.00115563, Final residual = 4.67688e-06, No Iterations 4
time step continuity errors : sum local = 8.89263e-06, global = 1.54773e-08, cumulative = 4.75858e-05
smoothSolver:  Solving for omega, Initial residual = 2.02596e-05, Final residual = 1.23894e-06, No Iterations 3
smoothSolver:  Solving for k, Initial residual = 0.000225973, Final residual = 1.98535e-05, No Iterations 3
ExecutionTime = 82.85 s  ClockTime = 85 s

forceCoeffs forceCoeffs1 write:
    Cm    = 0.156229
    Cd    = 0.412161
    Cl    = 0.0636078
    Cl(f) = 0.188033
    Cl(r) = -0.124425

Time = 396

smoothSolver:  Solving for Ux, Initial residual = 0.000106727, Final residual = 8.15779e-06, No Iterations 8
smoothSolver:  Solving for Uy, Initial residual = 0.00251766, Final residual = 0.000203293, No Iterations 7
smoothSolver:  Solving for Uz, Initial residual = 0.00209818, Final residual = 0.000167401, No Iterations 7
GAMG:  Solving for p, Initial residual = 0.0011573, Final residual = 4.71976e-06, No Iterations 4
time step continuity errors : sum local = 8.97579e-06, global = -4.01361e-08, cumulative = 4.75457e-05
smoothSolver:  Solving for omega, Initial residual = 2.02613e-05, Final residual = 1.25204e-06, No Iterations 3
smoothSolver:  Solving for k, Initial residual = 0.000228391, Final residual = 2.0247e-05, No Iterations 3
ExecutionTime = 83.06 s  ClockTime = 85 s

forceCoeffs forceCoeffs1 write:
    Cm    = 0.156224
    Cd    = 0.411943
    Cl    = 0.0635471
    Cl(f) = 0.187998
    Cl(r) = -0.124451

Time = 397

smoothSolver:  Solving for Ux, Initial residual = 0.000107731, Final residual = 8.19167e-06, No Iterations 8
smoothSolver:  Solving for Uy, Initial residual = 0.00255019, Final residual = 0.000205562, No Iterations 7
smoothSolver:  Solving for Uz, Initial residual = 0.00213271, Final residual = 0.000170447, No Iterations 7
GAMG:  Solving for p, Initial residual = 0.00115506, Final residual = 4.76027e-06, No Iterations 4
time step continuity errors : sum local = 9.05286e-06, global = -9.16659e-08, cumulative = 4.7454e-05
smoothSolver:  Solving for omega, Initial residual = 2.0428e-05, Final residual = 1.26908e-06, No Iterations 3
smoothSolver:  Solving for k, Initial residual = 0.000231415, Final residual = 2.06297e-05, No Iterations 3
ExecutionTime = 83.27 s  ClockTime = 85 s

forceCoeffs forceCoeffs1 write:
    Cm    = 0.156272
    Cd    = 0.411859
    Cl    = 0.0635654
    Cl(f) = 0.188055
    Cl(r) = -0.124489

Time = 398

smoothSolver:  Solving for Ux, Initial residual = 0.000108335, Final residual = 8.17002e-06, No Iterations 8
smoothSolver:  Solving for Uy, Initial residual = 0.00255636, Final residual = 0.00020592, No Iterations 7
smoothSolver:  Solving for Uz, Initial residual = 0.00214772, Final residual = 0.000172074, No Iterations 7
GAMG:  Solving for p, Initial residual = 0.00115935, Final residual = 4.95975e-06, No Iterations 4
time step continuity errors : sum local = 9.43199e-06, global = -1.41045e-07, cumulative = 4.73129e-05
smoothSolver:  Solving for omega, Initial residual = 2.05756e-05, Final residual = 1.28235e-06, No Iterations 3
smoothSolver:  Solving for k, Initial residual = 0.000234458, Final residual = 2.09043e-05, No Iterations 3
ExecutionTime = 83.48 s  ClockTime = 86 s

forceCoeffs forceCoeffs1 write:
    Cm    = 0.156317
    Cd    = 0.411746
    Cl    = 0.0635521
    Cl(f) = 0.188093
    Cl(r) = -0.124541

Time = 399

smoothSolver:  Solving for Ux, Initial residual = 0.000109598, Final residual = 1.0755e-05, No Iterations 7
smoothSolver:  Solving for Uy, Initial residual = 0.00256894, Final residual = 0.000205076, No Iterations 7
smoothSolver:  Solving for Uz, Initial residual = 0.00216805, Final residual = 0.000172181, No Iterations 7
GAMG:  Solving for p, Initial residual = 0.00115569, Final residual = 5.11349e-06, No Iterations 4
time step continuity errors : sum local = 9.72254e-06, global = -1.85742e-07, cumulative = 4.71272e-05
smoothSolver:  Solving for omega, Initial residual = 2.05407e-05, Final residual = 1.28441e-06, No Iterations 3
smoothSolver:  Solving for k, Initial residual = 0.000236357, Final residual = 2.09645e-05, No Iterations 3
ExecutionTime = 83.68 s  ClockTime = 86 s

forceCoeffs forceCoeffs1 write:
    Cm    = 0.156391
    Cd    = 0.411748
    Cl    = 0.0635871
    Cl(f) = 0.188185
    Cl(r) = -0.124598

Time = 400

smoothSolver:  Solving for Ux, Initial residual = 0.000109937, Final residual = 1.06395e-05, No Iterations 7
smoothSolver:  Solving for Uy, Initial residual = 0.00255123, Final residual = 0.000201658, No Iterations 7
smoothSolver:  Solving for Uz, Initial residual = 0.00217072, Final residual = 0.000170029, No Iterations 7
GAMG:  Solving for p, Initial residual = 0.00115575, Final residual = 5.20836e-06, No Iterations 4
time step continuity errors : sum local = 9.90113e-06, global = -2.2345e-07, cumulative = 4.69038e-05
smoothSolver:  Solving for omega, Initial residual = 2.06998e-05, Final residual = 1.27695e-06, No Iterations 3
smoothSolver:  Solving for k, Initial residual = 0.000238471, Final residual = 2.07898e-05, No Iterations 3
ExecutionTime = 83.9 s  ClockTime = 86 s

streamLine streamLines write:
    seeded 20 particles
    Tracks:20
    Total samples:20640
    Writing data to "/mnt/aiongpfs/users/mghavami/motorBike-RUN-12/postProcessing/sets/streamLines/400"
forceCoeffs forceCoeffs1 write:
    Cm    = 0.156461
    Cd    = 0.41174
    Cl    = 0.063582
    Cl(f) = 0.188252
    Cl(r) = -0.12467

Time = 401

smoothSolver:  Solving for Ux, Initial residual = 0.000110905, Final residual = 1.05991e-05, No Iterations 7
smoothSolver:  Solving for Uy, Initial residual = 0.0025417, Final residual = 0.000199227, No Iterations 7
smoothSolver:  Solving for Uz, Initial residual = 0.0021826, Final residual = 0.000169218, No Iterations 7
GAMG:  Solving for p, Initial residual = 0.00115175, Final residual = 5.07492e-06, No Iterations 4
time step continuity errors : sum local = 9.64441e-06, global = -2.41811e-07, cumulative = 4.66619e-05
smoothSolver:  Solving for omega, Initial residual = 2.0663e-05, Final residual = 1.26427e-06, No Iterations 3
smoothSolver:  Solving for k, Initial residual = 0.000240072, Final residual = 2.04947e-05, No Iterations 3
ExecutionTime = 84.39 s  ClockTime = 87 s

forceCoeffs forceCoeffs1 write:
    Cm    = 0.156536
    Cd    = 0.411815
    Cl    = 0.0636468
    Cl(f) = 0.188359
    Cl(r) = -0.124713

Time = 402

smoothSolver:  Solving for Ux, Initial residual = 0.000111516, Final residual = 1.06634e-05, No Iterations 7
smoothSolver:  Solving for Uy, Initial residual = 0.00252948, Final residual = 0.000197784, No Iterations 7
smoothSolver:  Solving for Uz, Initial residual = 0.00218354, Final residual = 0.000170136, No Iterations 7
GAMG:  Solving for p, Initial residual = 0.00115947, Final residual = 4.97712e-06, No Iterations 4
time step continuity errors : sum local = 9.45634e-06, global = -2.55759e-07, cumulative = 4.64062e-05
smoothSolver:  Solving for omega, Initial residual = 2.0781e-05, Final residual = 1.25203e-06, No Iterations 3
smoothSolver:  Solving for k, Initial residual = 0.00024152, Final residual = 2.01809e-05, No Iterations 3
ExecutionTime = 84.6 s  ClockTime = 87 s

forceCoeffs forceCoeffs1 write:
    Cm    = 0.156597
    Cd    = 0.411858
    Cl    = 0.0636813
    Cl(f) = 0.188438
    Cl(r) = -0.124757

Time = 403

smoothSolver:  Solving for Ux, Initial residual = 0.000113082, Final residual = 1.08261e-05, No Iterations 7
smoothSolver:  Solving for Uy, Initial residual = 0.00255912, Final residual = 0.000201922, No Iterations 7
smoothSolver:  Solving for Uz, Initial residual = 0.00220866, Final residual = 0.000173581, No Iterations 7
GAMG:  Solving for p, Initial residual = 0.00115312, Final residual = 4.90111e-06, No Iterations 4
time step continuity errors : sum local = 9.30843e-06, global = -2.36993e-07, cumulative = 4.61692e-05
smoothSolver:  Solving for omega, Initial residual = 2.07618e-05, Final residual = 1.24904e-06, No Iterations 3
smoothSolver:  Solving for k, Initial residual = 0.0002433, Final residual = 1.99356e-05, No Iterations 3
ExecutionTime = 84.81 s  ClockTime = 87 s

forceCoeffs forceCoeffs1 write:
    Cm    = 0.156657
    Cd    = 0.411977
    Cl    = 0.0637828
    Cl(f) = 0.188549
    Cl(r) = -0.124766

Time = 404

smoothSolver:  Solving for Ux, Initial residual = 0.000114043, Final residual = 1.10492e-05, No Iterations 7
smoothSolver:  Solving for Uy, Initial residual = 0.00258059, Final residual = 0.000207389, No Iterations 7
smoothSolver:  Solving for Uz, Initial residual = 0.00221998, Final residual = 0.000177714, No Iterations 7
GAMG:  Solving for p, Initial residual = 0.00115969, Final residual = 5.0687e-06, No Iterations 4
time step continuity errors : sum local = 9.62453e-06, global = -2.06152e-07, cumulative = 4.5963e-05
smoothSolver:  Solving for omega, Initial residual = 2.08645e-05, Final residual = 1.26669e-06, No Iterations 3
smoothSolver:  Solving for k, Initial residual = 0.00024511, Final residual = 1.98355e-05, No Iterations 3
ExecutionTime = 85.01 s  ClockTime = 87 s

forceCoeffs forceCoeffs1 write:
    Cm    = 0.156718
    Cd    = 0.41209
    Cl    = 0.0638022
    Cl(f) = 0.188619
    Cl(r) = -0.124816

Time = 405

smoothSolver:  Solving for Ux, Initial residual = 0.000115542, Final residual = 1.13301e-05, No Iterations 7
smoothSolver:  Solving for Uy, Initial residual = 0.00262161, Final residual = 0.000215928, No Iterations 7
smoothSolver:  Solving for Uz, Initial residual = 0.00224994, Final residual = 0.000183768, No Iterations 7
GAMG:  Solving for p, Initial residual = 0.00115826, Final residual = 5.23823e-06, No Iterations 4
time step continuity errors : sum local = 9.94345e-06, global = -1.76099e-07, cumulative = 4.57869e-05
smoothSolver:  Solving for omega, Initial residual = 2.10478e-05, Final residual = 1.27912e-06, No Iterations 3
smoothSolver:  Solving for k, Initial residual = 0.000246166, Final residual = 1.98011e-05, No Iterations 3
ExecutionTime = 85.22 s  ClockTime = 87 s

forceCoeffs forceCoeffs1 write:
    Cm    = 0.15678
    Cd    = 0.412304
    Cl    = 0.0638187
    Cl(f) = 0.18869
    Cl(r) = -0.124871

Time = 406

smoothSolver:  Solving for Ux, Initial residual = 0.000116726, Final residual = 1.16426e-05, No Iterations 7
smoothSolver:  Solving for Uy, Initial residual = 0.00267194, Final residual = 0.000225076, No Iterations 7
smoothSolver:  Solving for Uz, Initial residual = 0.00227776, Final residual = 0.000190348, No Iterations 7
GAMG:  Solving for p, Initial residual = 0.0011669, Final residual = 5.4668e-06, No Iterations 4
time step continuity errors : sum local = 1.03762e-05, global = -1.32159e-07, cumulative = 4.56548e-05
smoothSolver:  Solving for omega, Initial residual = 2.12018e-05, Final residual = 1.29118e-06, No Iterations 3
smoothSolver:  Solving for k, Initial residual = 0.00024596, Final residual = 1.98093e-05, No Iterations 3
ExecutionTime = 85.42 s  ClockTime = 88 s

forceCoeffs forceCoeffs1 write:
    Cm    = 0.156792
    Cd    = 0.412422
    Cl    = 0.0637576
    Cl(f) = 0.188671
    Cl(r) = -0.124913

Time = 407

smoothSolver:  Solving for Ux, Initial residual = 0.000118087, Final residual = 8.9855e-06, No Iterations 8
smoothSolver:  Solving for Uy, Initial residual = 0.0027414, Final residual = 0.00023405, No Iterations 7
smoothSolver:  Solving for Uz, Initial residual = 0.00231219, Final residual = 0.000196785, No Iterations 7
GAMG:  Solving for p, Initial residual = 0.00116502, Final residual = 5.59522e-06, No Iterations 4
time step continuity errors : sum local = 1.06181e-05, global = -1.08484e-07, cumulative = 4.55463e-05
smoothSolver:  Solving for omega, Initial residual = 2.14447e-05, Final residual = 1.31914e-06, No Iterations 3
smoothSolver:  Solving for k, Initial residual = 0.000244936, Final residual = 1.98651e-05, No Iterations 3
ExecutionTime = 85.62 s  ClockTime = 88 s

forceCoeffs forceCoeffs1 write:
    Cm    = 0.156816
    Cd    = 0.412596
    Cl    = 0.0637506
    Cl(f) = 0.188691
    Cl(r) = -0.124941

Time = 408

smoothSolver:  Solving for Ux, Initial residual = 0.000118609, Final residual = 9.094e-06, No Iterations 8
smoothSolver:  Solving for Uy, Initial residual = 0.00277812, Final residual = 0.000242457, No Iterations 7
smoothSolver:  Solving for Uz, Initial residual = 0.00233416, Final residual = 0.000202005, No Iterations 7
GAMG:  Solving for p, Initial residual = 0.00117439, Final residual = 5.75824e-06, No Iterations 4
time step continuity errors : sum local = 1.09275e-05, global = -1.05816e-07, cumulative = 4.54405e-05
smoothSolver:  Solving for omega, Initial residual = 2.16334e-05, Final residual = 1.33885e-06, No Iterations 3
smoothSolver:  Solving for k, Initial residual = 0.00024341, Final residual = 1.99177e-05, No Iterations 3
ExecutionTime = 85.83 s  ClockTime = 88 s

forceCoeffs forceCoeffs1 write:
    Cm    = 0.156821
    Cd    = 0.412697
    Cl    = 0.0636601
    Cl(f) = 0.188651
    Cl(r) = -0.124991

Time = 409

smoothSolver:  Solving for Ux, Initial residual = 0.000119436, Final residual = 9.1487e-06, No Iterations 8
smoothSolver:  Solving for Uy, Initial residual = 0.00282782, Final residual = 0.000248414, No Iterations 7
smoothSolver:  Solving for Uz, Initial residual = 0.00235851, Final residual = 0.00020585, No Iterations 7
GAMG:  Solving for p, Initial residual = 0.00117375, Final residual = 5.84693e-06, No Iterations 4
time step continuity errors : sum local = 1.10952e-05, global = -3.86935e-08, cumulative = 4.54018e-05
smoothSolver:  Solving for omega, Initial residual = 2.15724e-05, Final residual = 1.34783e-06, No Iterations 3
smoothSolver:  Solving for k, Initial residual = 0.000240531, Final residual = 1.99238e-05, No Iterations 3
ExecutionTime = 86.04 s  ClockTime = 88 s

forceCoeffs forceCoeffs1 write:
    Cm    = 0.156813
    Cd    = 0.412821
    Cl    = 0.0635973
    Cl(f) = 0.188612
    Cl(r) = -0.125014

Time = 410

smoothSolver:  Solving for Ux, Initial residual = 0.000118906, Final residual = 9.12864e-06, No Iterations 8
smoothSolver:  Solving for Uy, Initial residual = 0.00282409, Final residual = 0.000249976, No Iterations 7
smoothSolver:  Solving for Uz, Initial residual = 0.0023486, Final residual = 0.000206082, No Iterations 7
GAMG:  Solving for p, Initial residual = 0.00117797, Final residual = 5.91825e-06, No Iterations 4
time step continuity errors : sum local = 1.12317e-05, global = -1.74618e-08, cumulative = 4.53843e-05
smoothSolver:  Solving for omega, Initial residual = 2.15923e-05, Final residual = 1.34157e-06, No Iterations 3
smoothSolver:  Solving for k, Initial residual = 0.000237728, Final residual = 1.98372e-05, No Iterations 3
ExecutionTime = 86.25 s  ClockTime = 89 s

forceCoeffs forceCoeffs1 write:
    Cm    = 0.156763
    Cd    = 0.412817
    Cl    = 0.0634629
    Cl(f) = 0.188495
    Cl(r) = -0.125032

Time = 411

smoothSolver:  Solving for Ux, Initial residual = 0.000118834, Final residual = 9.08336e-06, No Iterations 8
smoothSolver:  Solving for Uy, Initial residual = 0.00282122, Final residual = 0.000248913, No Iterations 7
smoothSolver:  Solving for Uz, Initial residual = 0.00234124, Final residual = 0.000205609, No Iterations 7
GAMG:  Solving for p, Initial residual = 0.00117376, Final residual = 5.9363e-06, No Iterations 4
time step continuity errors : sum local = 1.12661e-05, global = -1.03142e-08, cumulative = 4.5374e-05
smoothSolver:  Solving for omega, Initial residual = 2.14297e-05, Final residual = 1.33637e-06, No Iterations 3
smoothSolver:  Solving for k, Initial residual = 0.000233931, Final residual = 1.96509e-05, No Iterations 3
ExecutionTime = 86.45 s  ClockTime = 89 s

forceCoeffs forceCoeffs1 write:
    Cm    = 0.156705
    Cd    = 0.412812
    Cl    = 0.0634115
    Cl(f) = 0.188411
    Cl(r) = -0.124999

Time = 412

smoothSolver:  Solving for Ux, Initial residual = 0.000117431, Final residual = 8.98049e-06, No Iterations 8
smoothSolver:  Solving for Uy, Initial residual = 0.00278798, Final residual = 0.000244603, No Iterations 7
smoothSolver:  Solving for Uz, Initial residual = 0.00231764, Final residual = 0.000202616, No Iterations 7
GAMG:  Solving for p, Initial residual = 0.00117695, Final residual = 5.82715e-06, No Iterations 4
time step continuity errors : sum local = 1.10607e-05, global = 7.51781e-09, cumulative = 4.53815e-05
smoothSolver:  Solving for omega, Initial residual = 2.12935e-05, Final residual = 1.33205e-06, No Iterations 3
smoothSolver:  Solving for k, Initial residual = 0.000229919, Final residual = 1.93788e-05, No Iterations 3
ExecutionTime = 86.66 s  ClockTime = 89 s

forceCoeffs forceCoeffs1 write:
    Cm    = 0.156624
    Cd    = 0.412686
    Cl    = 0.063331
    Cl(f) = 0.188289
    Cl(r) = -0.124958

Time = 413

smoothSolver:  Solving for Ux, Initial residual = 0.00011677, Final residual = 8.90355e-06, No Iterations 8
smoothSolver:  Solving for Uy, Initial residual = 0.00277978, Final residual = 0.000240828, No Iterations 7
smoothSolver:  Solving for Uz, Initial residual = 0.00230592, Final residual = 0.000199489, No Iterations 7
GAMG:  Solving for p, Initial residual = 0.00117339, Final residual = 5.53856e-06, No Iterations 4
time step continuity errors : sum local = 1.05134e-05, global = 3.06546e-08, cumulative = 4.54122e-05
smoothSolver:  Solving for omega, Initial residual = 2.12024e-05, Final residual = 1.32529e-06, No Iterations 3
smoothSolver:  Solving for k, Initial residual = 0.000225401, Final residual = 1.89817e-05, No Iterations 3
ExecutionTime = 86.87 s  ClockTime = 89 s

forceCoeffs forceCoeffs1 write:
    Cm    = 0.156547
    Cd    = 0.412584
    Cl    = 0.063327
    Cl(f) = 0.18821
    Cl(r) = -0.124883

Time = 414

smoothSolver:  Solving for Ux, Initial residual = 0.000115113, Final residual = 8.78391e-06, No Iterations 8
smoothSolver:  Solving for Uy, Initial residual = 0.00274414, Final residual = 0.000236887, No Iterations 7
smoothSolver:  Solving for Uz, Initial residual = 0.00228217, Final residual = 0.000196234, No Iterations 7
GAMG:  Solving for p, Initial residual = 0.0011753, Final residual = 5.23435e-06, No Iterations 4
time step continuity errors : sum local = 9.93696e-06, global = -2.2116e-08, cumulative = 4.53901e-05
smoothSolver:  Solving for omega, Initial residual = 2.11413e-05, Final residual = 1.32088e-06, No Iterations 3
smoothSolver:  Solving for k, Initial residual = 0.000221026, Final residual = 1.85209e-05, No Iterations 3
ExecutionTime = 87.08 s  ClockTime = 89 s

forceCoeffs forceCoeffs1 write:
    Cm    = 0.156467
    Cd    = 0.412376
    Cl    = 0.0633201
    Cl(f) = 0.188127
    Cl(r) = -0.124806

Time = 415

smoothSolver:  Solving for Ux, Initial residual = 0.000114179, Final residual = 8.71654e-06, No Iterations 8
smoothSolver:  Solving for Uy, Initial residual = 0.00273327, Final residual = 0.000235394, No Iterations 7
smoothSolver:  Solving for Uz, Initial residual = 0.0022782, Final residual = 0.000194264, No Iterations 7
GAMG:  Solving for p, Initial residual = 0.0011721, Final residual = 5.22019e-06, No Iterations 4
time step continuity errors : sum local = 9.90918e-06, global = -2.95513e-08, cumulative = 4.53605e-05
smoothSolver:  Solving for omega, Initial residual = 2.10597e-05, Final residual = 1.3122e-06, No Iterations 3
smoothSolver:  Solving for k, Initial residual = 0.000216181, Final residual = 1.80698e-05, No Iterations 3
ExecutionTime = 87.28 s  ClockTime = 90 s

forceCoeffs forceCoeffs1 write:
    Cm    = 0.156394
    Cd    = 0.412225
    Cl    = 0.0633555
    Cl(f) = 0.188071
    Cl(r) = -0.124716

Time = 416

smoothSolver:  Solving for Ux, Initial residual = 0.000113274, Final residual = 8.64132e-06, No Iterations 8
smoothSolver:  Solving for Uy, Initial residual = 0.00270802, Final residual = 0.000233098, No Iterations 7
smoothSolver:  Solving for Uz, Initial residual = 0.0022681, Final residual = 0.000191944, No Iterations 7
GAMG:  Solving for p, Initial residual = 0.00117335, Final residual = 5.13791e-06, No Iterations 4
time step continuity errors : sum local = 9.7528e-06, global = -1.24309e-08, cumulative = 4.53481e-05
smoothSolver:  Solving for omega, Initial residual = 2.09301e-05, Final residual = 1.31108e-06, No Iterations 3
smoothSolver:  Solving for k, Initial residual = 0.0002118, Final residual = 1.76463e-05, No Iterations 3
ExecutionTime = 87.49 s  ClockTime = 90 s

forceCoeffs forceCoeffs1 write:
    Cm    = 0.156303
    Cd    = 0.411986
    Cl    = 0.0633352
    Cl(f) = 0.18797
    Cl(r) = -0.124635

Time = 417

smoothSolver:  Solving for Ux, Initial residual = 0.000112965, Final residual = 8.56179e-06, No Iterations 8
smoothSolver:  Solving for Uy, Initial residual = 0.0027109, Final residual = 0.000232289, No Iterations 7
smoothSolver:  Solving for Uz, Initial residual = 0.00226993, Final residual = 0.0001909, No Iterations 7
GAMG:  Solving for p, Initial residual = 0.00117378, Final residual = 5.15254e-06, No Iterations 4
time step continuity errors : sum local = 9.77904e-06, global = -1.7594e-08, cumulative = 4.53305e-05
smoothSolver:  Solving for omega, Initial residual = 2.09631e-05, Final residual = 1.31016e-06, No Iterations 3
smoothSolver:  Solving for k, Initial residual = 0.000207272, Final residual = 1.72264e-05, No Iterations 3
ExecutionTime = 87.7 s  ClockTime = 90 s

forceCoeffs forceCoeffs1 write:
    Cm    = 0.156212
    Cd    = 0.411759
    Cl    = 0.0634367
    Cl(f) = 0.18793
    Cl(r) = -0.124493

Time = 418

smoothSolver:  Solving for Ux, Initial residual = 0.000111723, Final residual = 1.1105e-05, No Iterations 7
smoothSolver:  Solving for Uy, Initial residual = 0.0026816, Final residual = 0.000228524, No Iterations 7
smoothSolver:  Solving for Uz, Initial residual = 0.00225075, Final residual = 0.000187477, No Iterations 7
GAMG:  Solving for p, Initial residual = 0.00117908, Final residual = 5.09992e-06, No Iterations 4
time step continuity errors : sum local = 9.67788e-06, global = -1.93953e-08, cumulative = 4.53111e-05
smoothSolver:  Solving for omega, Initial residual = 2.0706e-05, Final residual = 1.30048e-06, No Iterations 3
smoothSolver:  Solving for k, Initial residual = 0.00020351, Final residual = 1.68338e-05, No Iterations 3
ExecutionTime = 87.91 s  ClockTime = 90 s

forceCoeffs forceCoeffs1 write:
    Cm    = 0.156134
    Cd    = 0.41149
    Cl    = 0.063501
    Cl(f) = 0.187884
    Cl(r) = -0.124383

Time = 419

smoothSolver:  Solving for Ux, Initial residual = 0.000111059, Final residual = 1.09167e-05, No Iterations 7
smoothSolver:  Solving for Uy, Initial residual = 0.0026779, Final residual = 0.000225933, No Iterations 7
smoothSolver:  Solving for Uz, Initial residual = 0.00223842, Final residual = 0.000183777, No Iterations 7
GAMG:  Solving for p, Initial residual = 0.0011808, Final residual = 5.04582e-06, No Iterations 4
time step continuity errors : sum local = 9.57264e-06, global = -1.33523e-08, cumulative = 4.52977e-05
smoothSolver:  Solving for omega, Initial residual = 2.06893e-05, Final residual = 1.29894e-06, No Iterations 3
smoothSolver:  Solving for k, Initial residual = 0.000200718, Final residual = 1.64671e-05, No Iterations 3
ExecutionTime = 88.11 s  ClockTime = 90 s

forceCoeffs forceCoeffs1 write:
    Cm    = 0.156083
    Cd    = 0.411323
    Cl    = 0.0636022
    Cl(f) = 0.187884
    Cl(r) = -0.124282

Time = 420

smoothSolver:  Solving for Ux, Initial residual = 0.000109986, Final residual = 1.07362e-05, No Iterations 7
smoothSolver:  Solving for Uy, Initial residual = 0.00265581, Final residual = 0.000222143, No Iterations 7
smoothSolver:  Solving for Uz, Initial residual = 0.00222054, Final residual = 0.000180198, No Iterations 7
GAMG:  Solving for p, Initial residual = 0.00118282, Final residual = 4.93846e-06, No Iterations 4
time step continuity errors : sum local = 9.36708e-06, global = -1.10686e-08, cumulative = 4.52867e-05
smoothSolver:  Solving for omega, Initial residual = 2.06262e-05, Final residual = 1.28896e-06, No Iterations 3
smoothSolver:  Solving for k, Initial residual = 0.000197993, Final residual = 1.61497e-05, No Iterations 3
ExecutionTime = 88.32 s  ClockTime = 91 s

forceCoeffs forceCoeffs1 write:
    Cm    = 0.156015
    Cd    = 0.411084
    Cl    = 0.0636369
    Cl(f) = 0.187834
    Cl(r) = -0.124197

Time = 421

smoothSolver:  Solving for Ux, Initial residual = 0.000109452, Final residual = 1.05666e-05, No Iterations 7
smoothSolver:  Solving for Uy, Initial residual = 0.00264614, Final residual = 0.000219238, No Iterations 7
smoothSolver:  Solving for Uz, Initial residual = 0.00221025, Final residual = 0.000176773, No Iterations 7
GAMG:  Solving for p, Initial residual = 0.00117985, Final residual = 4.81106e-06, No Iterations 4
time step continuity errors : sum local = 9.12307e-06, global = -7.50562e-09, cumulative = 4.52792e-05
smoothSolver:  Solving for omega, Initial residual = 2.06887e-05, Final residual = 1.27822e-06, No Iterations 3
smoothSolver:  Solving for k, Initial residual = 0.000195333, Final residual = 1.58524e-05, No Iterations 3
ExecutionTime = 88.52 s  ClockTime = 91 s

forceCoeffs forceCoeffs1 write:
    Cm    = 0.155974
    Cd    = 0.410947
    Cl    = 0.0637257
    Cl(f) = 0.187836
    Cl(r) = -0.124111

Time = 422

smoothSolver:  Solving for Ux, Initial residual = 0.000108305, Final residual = 1.0427e-05, No Iterations 7
smoothSolver:  Solving for Uy, Initial residual = 0.00261896, Final residual = 0.000215256, No Iterations 7
smoothSolver:  Solving for Uz, Initial residual = 0.00218406, Final residual = 0.000173322, No Iterations 7
GAMG:  Solving for p, Initial residual = 0.00118247, Final residual = 4.71496e-06, No Iterations 4
time step continuity errors : sum local = 8.93993e-06, global = -2.40462e-08, cumulative = 4.52551e-05
smoothSolver:  Solving for omega, Initial residual = 2.06936e-05, Final residual = 1.27166e-06, No Iterations 3
smoothSolver:  Solving for k, Initial residual = 0.000192792, Final residual = 1.55965e-05, No Iterations 3
ExecutionTime = 88.73 s  ClockTime = 91 s

forceCoeffs forceCoeffs1 write:
    Cm    = 0.155914
    Cd    = 0.410738
    Cl    = 0.0637517
    Cl(f) = 0.187789
    Cl(r) = -0.124038

Time = 423

smoothSolver:  Solving for Ux, Initial residual = 0.000107868, Final residual = 1.03196e-05, No Iterations 7
smoothSolver:  Solving for Uy, Initial residual = 0.0026067, Final residual = 0.000211854, No Iterations 7
smoothSolver:  Solving for Uz, Initial residual = 0.00218591, Final residual = 0.000171051, No Iterations 7
GAMG:  Solving for p, Initial residual = 0.00118702, Final residual = 4.5896e-06, No Iterations 4
time step continuity errors : sum local = 8.70104e-06, global = -2.98154e-08, cumulative = 4.52253e-05
smoothSolver:  Solving for omega, Initial residual = 2.0492e-05, Final residual = 1.25667e-06, No Iterations 3
smoothSolver:  Solving for k, Initial residual = 0.000189988, Final residual = 1.53745e-05, No Iterations 3
ExecutionTime = 88.94 s  ClockTime = 91 s

forceCoeffs forceCoeffs1 write:
    Cm    = 0.155893
    Cd    = 0.410642
    Cl    = 0.063813
    Cl(f) = 0.187799
    Cl(r) = -0.123986

Time = 424

smoothSolver:  Solving for Ux, Initial residual = 0.000107265, Final residual = 1.02684e-05, No Iterations 7
smoothSolver:  Solving for Uy, Initial residual = 0.00258554, Final residual = 0.000208299, No Iterations 7
smoothSolver:  Solving for Uz, Initial residual = 0.00217112, Final residual = 0.000168632, No Iterations 7
GAMG:  Solving for p, Initial residual = 0.00119608, Final residual = 4.5059e-06, No Iterations 4
time step continuity errors : sum local = 8.54231e-06, global = 4.64368e-09, cumulative = 4.523e-05
smoothSolver:  Solving for omega, Initial residual = 2.05141e-05, Final residual = 1.24804e-06, No Iterations 3
smoothSolver:  Solving for k, Initial residual = 0.000187114, Final residual = 1.51838e-05, No Iterations 3
ExecutionTime = 89.15 s  ClockTime = 91 s

forceCoeffs forceCoeffs1 write:
    Cm    = 0.155835
    Cd    = 0.41045
    Cl    = 0.0638102
    Cl(f) = 0.18774
    Cl(r) = -0.12393

Time = 425

smoothSolver:  Solving for Ux, Initial residual = 0.00010688, Final residual = 1.02361e-05, No Iterations 7
smoothSolver:  Solving for Uy, Initial residual = 0.00257009, Final residual = 0.000204707, No Iterations 7
smoothSolver:  Solving for Uz, Initial residual = 0.00216376, Final residual = 0.000165525, No Iterations 7
GAMG:  Solving for p, Initial residual = 0.00120292, Final residual = 4.46831e-06, No Iterations 4
time step continuity errors : sum local = 8.47082e-06, global = 5.22883e-09, cumulative = 4.52352e-05
smoothSolver:  Solving for omega, Initial residual = 2.03616e-05, Final residual = 1.2406e-06, No Iterations 3
smoothSolver:  Solving for k, Initial residual = 0.000183786, Final residual = 1.49687e-05, No Iterations 3
ExecutionTime = 89.35 s  ClockTime = 92 s

forceCoeffs forceCoeffs1 write:
    Cm    = 0.155829
    Cd    = 0.410388
    Cl    = 0.0638585
    Cl(f) = 0.187759
    Cl(r) = -0.1239

Time = 426

smoothSolver:  Solving for Ux, Initial residual = 0.000106244, Final residual = 1.02024e-05, No Iterations 7
smoothSolver:  Solving for Uy, Initial residual = 0.00254087, Final residual = 0.000200272, No Iterations 7
smoothSolver:  Solving for Uz, Initial residual = 0.00214015, Final residual = 0.000160886, No Iterations 7
GAMG:  Solving for p, Initial residual = 0.00121399, Final residual = 4.51931e-06, No Iterations 4
time step continuity errors : sum local = 8.56836e-06, global = 1.15681e-08, cumulative = 4.52467e-05
smoothSolver:  Solving for omega, Initial residual = 2.03478e-05, Final residual = 1.23384e-06, No Iterations 3
smoothSolver:  Solving for k, Initial residual = 0.000180728, Final residual = 1.47595e-05, No Iterations 3
ExecutionTime = 89.56 s  ClockTime = 92 s

forceCoeffs forceCoeffs1 write:
    Cm    = 0.155814
    Cd    = 0.410283
    Cl    = 0.063828
    Cl(f) = 0.187728
    Cl(r) = -0.1239

Time = 427

smoothSolver:  Solving for Ux, Initial residual = 0.000106377, Final residual = 1.02202e-05, No Iterations 7
smoothSolver:  Solving for Uy, Initial residual = 0.0025252, Final residual = 0.000195936, No Iterations 7
smoothSolver:  Solving for Uz, Initial residual = 0.00212671, Final residual = 0.000212101, No Iterations 6
GAMG:  Solving for p, Initial residual = 0.00121603, Final residual = 1.20979e-05, No Iterations 3
time step continuity errors : sum local = 2.29399e-05, global = 9.2588e-09, cumulative = 4.5256e-05
smoothSolver:  Solving for omega, Initial residual = 2.0368e-05, Final residual = 1.22734e-06, No Iterations 3
smoothSolver:  Solving for k, Initial residual = 0.000177898, Final residual = 1.45786e-05, No Iterations 3
ExecutionTime = 89.76 s  ClockTime = 92 s

forceCoeffs forceCoeffs1 write:
    Cm    = 0.155818
    Cd    = 0.410275
    Cl    = 0.063864
    Cl(f) = 0.18775
    Cl(r) = -0.123886

Time = 428

smoothSolver:  Solving for Ux, Initial residual = 0.000105186, Final residual = 1.0083e-05, No Iterations 7
smoothSolver:  Solving for Uy, Initial residual = 0.00247118, Final residual = 0.000187806, No Iterations 7
smoothSolver:  Solving for Uz, Initial residual = 0.00209482, Final residual = 0.000205517, No Iterations 6
GAMG:  Solving for p, Initial residual = 0.00121994, Final residual = 4.96104e-06, No Iterations 4
time step continuity errors : sum local = 9.40857e-06, global = 1.87048e-08, cumulative = 4.52747e-05
smoothSolver:  Solving for omega, Initial residual = 2.02644e-05, Final residual = 1.21925e-06, No Iterations 3
smoothSolver:  Solving for k, Initial residual = 0.000175772, Final residual = 1.4444e-05, No Iterations 3
ExecutionTime = 89.97 s  ClockTime = 92 s

forceCoeffs forceCoeffs1 write:
    Cm    = 0.155802
    Cd    = 0.410163
    Cl    = 0.0638144
    Cl(f) = 0.187709
    Cl(r) = -0.123895

Time = 429

smoothSolver:  Solving for Ux, Initial residual = 0.000106036, Final residual = 1.01036e-05, No Iterations 7
smoothSolver:  Solving for Uy, Initial residual = 0.00247115, Final residual = 0.00018701, No Iterations 7
smoothSolver:  Solving for Uz, Initial residual = 0.00209712, Final residual = 0.000205539, No Iterations 6
GAMG:  Solving for p, Initial residual = 0.00122453, Final residual = 4.78666e-06, No Iterations 4
time step continuity errors : sum local = 9.08143e-06, global = 2.82451e-08, cumulative = 4.5303e-05
smoothSolver:  Solving for omega, Initial residual = 2.03645e-05, Final residual = 1.21533e-06, No Iterations 3
smoothSolver:  Solving for k, Initial residual = 0.000174219, Final residual = 1.43517e-05, No Iterations 3
ExecutionTime = 90.17 s  ClockTime = 92 s

forceCoeffs forceCoeffs1 write:
    Cm    = 0.155849
    Cd    = 0.410184
    Cl    = 0.0638763
    Cl(f) = 0.187787
    Cl(r) = -0.123911

Time = 430

smoothSolver:  Solving for Ux, Initial residual = 0.000105533, Final residual = 9.99905e-06, No Iterations 7
smoothSolver:  Solving for Uy, Initial residual = 0.00243035, Final residual = 0.000180796, No Iterations 7
smoothSolver:  Solving for Uz, Initial residual = 0.0020825, Final residual = 0.000200857, No Iterations 6
GAMG:  Solving for p, Initial residual = 0.0012351, Final residual = 4.83191e-06, No Iterations 4
time step continuity errors : sum local = 9.17053e-06, global = 3.74945e-08, cumulative = 4.53405e-05
smoothSolver:  Solving for omega, Initial residual = 2.04696e-05, Final residual = 1.20079e-06, No Iterations 3
smoothSolver:  Solving for k, Initial residual = 0.000173666, Final residual = 1.42848e-05, No Iterations 3
ExecutionTime = 90.38 s  ClockTime = 93 s

forceCoeffs forceCoeffs1 write:
    Cm    = 0.155907
    Cd    = 0.410186
    Cl    = 0.0638801
    Cl(f) = 0.187847
    Cl(r) = -0.123967

Time = 431

smoothSolver:  Solving for Ux, Initial residual = 0.000106115, Final residual = 9.94611e-06, No Iterations 7
smoothSolver:  Solving for Uy, Initial residual = 0.00241916, Final residual = 0.000241165, No Iterations 6
smoothSolver:  Solving for Uz, Initial residual = 0.00208339, Final residual = 0.000198952, No Iterations 6
GAMG:  Solving for p, Initial residual = 0.00123991, Final residual = 4.85318e-06, No Iterations 4
time step continuity errors : sum local = 9.21385e-06, global = 4.71253e-08, cumulative = 4.53876e-05
smoothSolver:  Solving for omega, Initial residual = 2.02408e-05, Final residual = 1.19733e-06, No Iterations 3
smoothSolver:  Solving for k, Initial residual = 0.000173315, Final residual = 1.42443e-05, No Iterations 3
ExecutionTime = 90.59 s  ClockTime = 93 s

forceCoeffs forceCoeffs1 write:
    Cm    = 0.155984
    Cd    = 0.410265
    Cl    = 0.0639479
    Cl(f) = 0.187957
    Cl(r) = -0.12401

Time = 432

smoothSolver:  Solving for Ux, Initial residual = 0.000105815, Final residual = 9.79546e-06, No Iterations 7
smoothSolver:  Solving for Uy, Initial residual = 0.00241109, Final residual = 0.000237452, No Iterations 6
smoothSolver:  Solving for Uz, Initial residual = 0.0020765, Final residual = 0.000196693, No Iterations 6
GAMG:  Solving for p, Initial residual = 0.00124598, Final residual = 4.80692e-06, No Iterations 4
time step continuity errors : sum local = 9.13003e-06, global = 5.98342e-08, cumulative = 4.54474e-05
smoothSolver:  Solving for omega, Initial residual = 2.03707e-05, Final residual = 1.18862e-06, No Iterations 3
smoothSolver:  Solving for k, Initial residual = 0.00017323, Final residual = 1.42092e-05, No Iterations 3
ExecutionTime = 90.79 s  ClockTime = 93 s

forceCoeffs forceCoeffs1 write:
    Cm    = 0.156055
    Cd    = 0.410315
    Cl    = 0.0639424
    Cl(f) = 0.188026
    Cl(r) = -0.124083

Time = 433

smoothSolver:  Solving for Ux, Initial residual = 0.000105665, Final residual = 9.65375e-06, No Iterations 7
smoothSolver:  Solving for Uy, Initial residual = 0.00241183, Final residual = 0.000235355, No Iterations 6
smoothSolver:  Solving for Uz, Initial residual = 0.00207714, Final residual = 0.000195737, No Iterations 6
GAMG:  Solving for p, Initial residual = 0.00124714, Final residual = 4.81315e-06, No Iterations 4
time step continuity errors : sum local = 9.14555e-06, global = 5.75188e-08, cumulative = 4.55049e-05
smoothSolver:  Solving for omega, Initial residual = 2.05706e-05, Final residual = 1.18865e-06, No Iterations 3
smoothSolver:  Solving for k, Initial residual = 0.000173323, Final residual = 1.41856e-05, No Iterations 3
ExecutionTime = 91 s  ClockTime = 93 s

forceCoeffs forceCoeffs1 write:
    Cm    = 0.156136
    Cd    = 0.410418
    Cl    = 0.0640491
    Cl(f) = 0.188161
    Cl(r) = -0.124112

Time = 434

smoothSolver:  Solving for Ux, Initial residual = 0.000105074, Final residual = 9.47932e-06, No Iterations 7
smoothSolver:  Solving for Uy, Initial residual = 0.00241442, Final residual = 0.00023447, No Iterations 6
smoothSolver:  Solving for Uz, Initial residual = 0.00207666, Final residual = 0.000195088, No Iterations 6
GAMG:  Solving for p, Initial residual = 0.00125341, Final residual = 4.81305e-06, No Iterations 4
time step continuity errors : sum local = 9.15016e-06, global = 7.38618e-08, cumulative = 4.55788e-05
smoothSolver:  Solving for omega, Initial residual = 2.05079e-05, Final residual = 1.1813e-06, No Iterations 3
smoothSolver:  Solving for k, Initial residual = 0.00017368, Final residual = 1.41646e-05, No Iterations 3
ExecutionTime = 91.2 s  ClockTime = 94 s

forceCoeffs forceCoeffs1 write:
    Cm    = 0.156201
    Cd    = 0.410469
    Cl    = 0.0640719
    Cl(f) = 0.188237
    Cl(r) = -0.124165

Time = 435

smoothSolver:  Solving for Ux, Initial residual = 0.000105187, Final residual = 9.39096e-06, No Iterations 7
smoothSolver:  Solving for Uy, Initial residual = 0.00242626, Final residual = 0.000235772, No Iterations 6
smoothSolver:  Solving for Uz, Initial residual = 0.00208567, Final residual = 0.000196185, No Iterations 6
GAMG:  Solving for p, Initial residual = 0.00125538, Final residual = 4.82182e-06, No Iterations 4
time step continuity errors : sum local = 9.17094e-06, global = 8.36658e-08, cumulative = 4.56625e-05
smoothSolver:  Solving for omega, Initial residual = 2.06472e-05, Final residual = 1.18112e-06, No Iterations 3
smoothSolver:  Solving for k, Initial residual = 0.000174296, Final residual = 1.41511e-05, No Iterations 3
ExecutionTime = 91.4 s  ClockTime = 94 s

forceCoeffs forceCoeffs1 write:
    Cm    = 0.156268
    Cd    = 0.410562
    Cl    = 0.0641942
    Cl(f) = 0.188365
    Cl(r) = -0.124171

Time = 436

smoothSolver:  Solving for Ux, Initial residual = 0.000104798, Final residual = 9.28251e-06, No Iterations 7
smoothSolver:  Solving for Uy, Initial residual = 0.00243874, Final residual = 0.000235951, No Iterations 6
smoothSolver:  Solving for Uz, Initial residual = 0.00208836, Final residual = 0.000196598, No Iterations 6
GAMG:  Solving for p, Initial residual = 0.00125933, Final residual = 4.81021e-06, No Iterations 4
time step continuity errors : sum local = 9.15337e-06, global = 1.14209e-07, cumulative = 4.57767e-05
smoothSolver:  Solving for omega, Initial residual = 2.07487e-05, Final residual = 1.18267e-06, No Iterations 3
smoothSolver:  Solving for k, Initial residual = 0.000174661, Final residual = 1.4104e-05, No Iterations 3
ExecutionTime = 91.62 s  ClockTime = 94 s

forceCoeffs forceCoeffs1 write:
    Cm    = 0.156333
    Cd    = 0.410623
    Cl    = 0.0642253
    Cl(f) = 0.188445
    Cl(r) = -0.12422

Time = 437

smoothSolver:  Solving for Ux, Initial residual = 0.00010461, Final residual = 9.23554e-06, No Iterations 7
smoothSolver:  Solving for Uy, Initial residual = 0.00245667, Final residual = 0.000236651, No Iterations 6
smoothSolver:  Solving for Uz, Initial residual = 0.00209745, Final residual = 0.000198021, No Iterations 6
GAMG:  Solving for p, Initial residual = 0.00125923, Final residual = 4.82431e-06, No Iterations 4
time step continuity errors : sum local = 9.18324e-06, global = 1.34962e-07, cumulative = 4.59116e-05
smoothSolver:  Solving for omega, Initial residual = 2.09134e-05, Final residual = 1.17696e-06, No Iterations 3
smoothSolver:  Solving for k, Initial residual = 0.0001747, Final residual = 1.40559e-05, No Iterations 3
ExecutionTime = 91.82 s  ClockTime = 94 s

forceCoeffs forceCoeffs1 write:
    Cm    = 0.156401
    Cd    = 0.410766
    Cl    = 0.0642994
    Cl(f) = 0.188551
    Cl(r) = -0.124252

Time = 438

smoothSolver:  Solving for Ux, Initial residual = 0.000103919, Final residual = 9.17359e-06, No Iterations 7
smoothSolver:  Solving for Uy, Initial residual = 0.00245965, Final residual = 0.00023591, No Iterations 6
smoothSolver:  Solving for Uz, Initial residual = 0.00209657, Final residual = 0.00019835, No Iterations 6
GAMG:  Solving for p, Initial residual = 0.0012654, Final residual = 4.90464e-06, No Iterations 4
time step continuity errors : sum local = 9.34005e-06, global = 1.62449e-07, cumulative = 4.60741e-05
smoothSolver:  Solving for omega, Initial residual = 2.0957e-05, Final residual = 1.17425e-06, No Iterations 3
smoothSolver:  Solving for k, Initial residual = 0.000174741, Final residual = 1.39975e-05, No Iterations 3
ExecutionTime = 92.02 s  ClockTime = 94 s

forceCoeffs forceCoeffs1 write:
    Cm    = 0.15643
    Cd    = 0.410842
    Cl    = 0.0642665
    Cl(f) = 0.188564
    Cl(r) = -0.124297

Time = 439

smoothSolver:  Solving for Ux, Initial residual = 0.000103821, Final residual = 9.16339e-06, No Iterations 7
smoothSolver:  Solving for Uy, Initial residual = 0.00247737, Final residual = 0.000237661, No Iterations 6
smoothSolver:  Solving for Uz, Initial residual = 0.00210219, Final residual = 0.000199549, No Iterations 6
GAMG:  Solving for p, Initial residual = 0.00126554, Final residual = 5.01526e-06, No Iterations 4
time step continuity errors : sum local = 9.5534e-06, global = 1.58676e-07, cumulative = 4.62328e-05
smoothSolver:  Solving for omega, Initial residual = 2.11096e-05, Final residual = 1.18218e-06, No Iterations 3
smoothSolver:  Solving for k, Initial residual = 0.000174449, Final residual = 1.39392e-05, No Iterations 3
ExecutionTime = 92.23 s  ClockTime = 95 s

forceCoeffs forceCoeffs1 write:
    Cm    = 0.156458
    Cd    = 0.410961
    Cl    = 0.0643462
    Cl(f) = 0.188631
    Cl(r) = -0.124285

Time = 440

smoothSolver:  Solving for Ux, Initial residual = 0.00010327, Final residual = 9.16785e-06, No Iterations 7
smoothSolver:  Solving for Uy, Initial residual = 0.00247957, Final residual = 0.000238999, No Iterations 6
smoothSolver:  Solving for Uz, Initial residual = 0.00210075, Final residual = 0.000200955, No Iterations 6
GAMG:  Solving for p, Initial residual = 0.00127196, Final residual = 5.11921e-06, No Iterations 4
time step continuity errors : sum local = 9.75454e-06, global = 1.47872e-07, cumulative = 4.63806e-05
smoothSolver:  Solving for omega, Initial residual = 2.11993e-05, Final residual = 1.18281e-06, No Iterations 3
smoothSolver:  Solving for k, Initial residual = 0.000174121, Final residual = 1.38722e-05, No Iterations 3
ExecutionTime = 92.43 s  ClockTime = 95 s

forceCoeffs forceCoeffs1 write:
    Cm    = 0.156489
    Cd    = 0.41106
    Cl    = 0.0643262
    Cl(f) = 0.188652
    Cl(r) = -0.124325

Time = 441

smoothSolver:  Solving for Ux, Initial residual = 0.000103792, Final residual = 9.27465e-06, No Iterations 7
smoothSolver:  Solving for Uy, Initial residual = 0.00250624, Final residual = 0.000243815, No Iterations 6
smoothSolver:  Solving for Uz, Initial residual = 0.00211735, Final residual = 0.000204118, No Iterations 6
GAMG:  Solving for p, Initial residual = 0.00127376, Final residual = 5.21313e-06, No Iterations 4
time step continuity errors : sum local = 9.93529e-06, global = 1.16252e-07, cumulative = 4.64969e-05
smoothSolver:  Solving for omega, Initial residual = 2.12547e-05, Final residual = 1.18853e-06, No Iterations 3
smoothSolver:  Solving for k, Initial residual = 0.000173514, Final residual = 1.37999e-05, No Iterations 3
ExecutionTime = 92.64 s  ClockTime = 95 s

forceCoeffs forceCoeffs1 write:
    Cm    = 0.156509
    Cd    = 0.411218
    Cl    = 0.0643847
    Cl(f) = 0.188701
    Cl(r) = -0.124316

Time = 442

smoothSolver:  Solving for Ux, Initial residual = 0.000103368, Final residual = 9.33948e-06, No Iterations 7
smoothSolver:  Solving for Uy, Initial residual = 0.00250672, Final residual = 0.000244736, No Iterations 6
smoothSolver:  Solving for Uz, Initial residual = 0.00211141, Final residual = 0.000204112, No Iterations 6
GAMG:  Solving for p, Initial residual = 0.00127916, Final residual = 5.27438e-06, No Iterations 4
time step continuity errors : sum local = 1.00547e-05, global = 9.38325e-08, cumulative = 4.65907e-05
smoothSolver:  Solving for omega, Initial residual = 2.14133e-05, Final residual = 1.20107e-06, No Iterations 3
smoothSolver:  Solving for k, Initial residual = 0.000172399, Final residual = 1.37137e-05, No Iterations 3
ExecutionTime = 92.84 s  ClockTime = 95 s

forceCoeffs forceCoeffs1 write:
    Cm    = 0.156497
    Cd    = 0.411307
    Cl    = 0.0643448
    Cl(f) = 0.18867
    Cl(r) = -0.124325

Time = 443

smoothSolver:  Solving for Ux, Initial residual = 0.000103749, Final residual = 9.45613e-06, No Iterations 7
smoothSolver:  Solving for Uy, Initial residual = 0.00252604, Final residual = 0.000247498, No Iterations 6
smoothSolver:  Solving for Uz, Initial residual = 0.00211323, Final residual = 0.000205224, No Iterations 6
GAMG:  Solving for p, Initial residual = 0.00128139, Final residual = 5.29725e-06, No Iterations 4
time step continuity errors : sum local = 1.01002e-05, global = 7.3761e-08, cumulative = 4.66645e-05
smoothSolver:  Solving for omega, Initial residual = 2.13761e-05, Final residual = 1.20555e-06, No Iterations 3
smoothSolver:  Solving for k, Initial residual = 0.000170851, Final residual = 1.36244e-05, No Iterations 3
ExecutionTime = 93.04 s  ClockTime = 95 s

forceCoeffs forceCoeffs1 write:
    Cm    = 0.156493
    Cd    = 0.411458
    Cl    = 0.0644093
    Cl(f) = 0.188698
    Cl(r) = -0.124289

Time = 444

smoothSolver:  Solving for Ux, Initial residual = 0.00010394, Final residual = 9.58003e-06, No Iterations 7
smoothSolver:  Solving for Uy, Initial residual = 0.00253375, Final residual = 0.000249773, No Iterations 6
smoothSolver:  Solving for Uz, Initial residual = 0.00211698, Final residual = 0.000206639, No Iterations 6
GAMG:  Solving for p, Initial residual = 0.00128706, Final residual = 5.22929e-06, No Iterations 4
time step continuity errors : sum local = 9.97327e-06, global = 5.86228e-08, cumulative = 4.67231e-05
smoothSolver:  Solving for omega, Initial residual = 2.15322e-05, Final residual = 1.22646e-06, No Iterations 3
smoothSolver:  Solving for k, Initial residual = 0.000169237, Final residual = 1.35724e-05, No Iterations 3
ExecutionTime = 93.25 s  ClockTime = 96 s

forceCoeffs forceCoeffs1 write:
    Cm    = 0.156479
    Cd    = 0.411568
    Cl    = 0.0644034
    Cl(f) = 0.188681
    Cl(r) = -0.124278

Time = 445

smoothSolver:  Solving for Ux, Initial residual = 0.00010482, Final residual = 9.67713e-06, No Iterations 7
smoothSolver:  Solving for Uy, Initial residual = 0.00255276, Final residual = 0.000250718, No Iterations 6
smoothSolver:  Solving for Uz, Initial residual = 0.0021215, Final residual = 0.000207122, No Iterations 6
GAMG:  Solving for p, Initial residual = 0.00128577, Final residual = 5.16693e-06, No Iterations 4
time step continuity errors : sum local = 9.85609e-06, global = 3.90256e-08, cumulative = 4.67621e-05
smoothSolver:  Solving for omega, Initial residual = 2.17588e-05, Final residual = 1.24619e-06, No Iterations 3
smoothSolver:  Solving for k, Initial residual = 0.000167613, Final residual = 1.35253e-05, No Iterations 3
ExecutionTime = 93.45 s  ClockTime = 96 s

forceCoeffs forceCoeffs1 write:
    Cm    = 0.156468
    Cd    = 0.411719
    Cl    = 0.0644994
    Cl(f) = 0.188717
    Cl(r) = -0.124218

Time = 446

smoothSolver:  Solving for Ux, Initial residual = 0.000105439, Final residual = 9.74165e-06, No Iterations 7
smoothSolver:  Solving for Uy, Initial residual = 0.00254801, Final residual = 0.000250084, No Iterations 6
smoothSolver:  Solving for Uz, Initial residual = 0.00212059, Final residual = 0.00020737, No Iterations 6
GAMG:  Solving for p, Initial residual = 0.00129155, Final residual = 5.12491e-06, No Iterations 4
time step continuity errors : sum local = 9.77802e-06, global = 3.74763e-08, cumulative = 4.67996e-05
smoothSolver:  Solving for omega, Initial residual = 2.17684e-05, Final residual = 1.26369e-06, No Iterations 3
smoothSolver:  Solving for k, Initial residual = 0.000166618, Final residual = 1.35182e-05, No Iterations 3
ExecutionTime = 93.66 s  ClockTime = 96 s

forceCoeffs forceCoeffs1 write:
    Cm    = 0.156467
    Cd    = 0.411847
    Cl    = 0.0645502
    Cl(f) = 0.188743
    Cl(r) = -0.124192

Time = 447

smoothSolver:  Solving for Ux, Initial residual = 0.000106486, Final residual = 9.82266e-06, No Iterations 7
smoothSolver:  Solving for Uy, Initial residual = 0.00256807, Final residual = 0.000251542, No Iterations 6
smoothSolver:  Solving for Uz, Initial residual = 0.00213791, Final residual = 0.000209582, No Iterations 6
GAMG:  Solving for p, Initial residual = 0.00129658, Final residual = 5.08256e-06, No Iterations 4
time step continuity errors : sum local = 9.6978e-06, global = 3.76141e-08, cumulative = 4.68372e-05
smoothSolver:  Solving for omega, Initial residual = 2.20125e-05, Final residual = 1.27709e-06, No Iterations 3
smoothSolver:  Solving for k, Initial residual = 0.000166266, Final residual = 1.35582e-05, No Iterations 3
ExecutionTime = 93.86 s  ClockTime = 96 s

forceCoeffs forceCoeffs1 write:
    Cm    = 0.156474
    Cd    = 0.41203
    Cl    = 0.064669
    Cl(f) = 0.188808
    Cl(r) = -0.124139

Time = 448

smoothSolver:  Solving for Ux, Initial residual = 0.000106952, Final residual = 9.83089e-06, No Iterations 7
smoothSolver:  Solving for Uy, Initial residual = 0.00256256, Final residual = 0.000250246, No Iterations 6
smoothSolver:  Solving for Uz, Initial residual = 0.0021383, Final residual = 0.000208945, No Iterations 6
GAMG:  Solving for p, Initial residual = 0.00130944, Final residual = 5.05017e-06, No Iterations 4
time step continuity errors : sum local = 9.63669e-06, global = 3.38915e-08, cumulative = 4.68711e-05
smoothSolver:  Solving for omega, Initial residual = 2.22936e-05, Final residual = 1.29411e-06, No Iterations 3
smoothSolver:  Solving for k, Initial residual = 0.000166491, Final residual = 1.36334e-05, No Iterations 3
ExecutionTime = 94.07 s  ClockTime = 96 s

forceCoeffs forceCoeffs1 write:
    Cm    = 0.156499
    Cd    = 0.412219
    Cl    = 0.0646931
    Cl(f) = 0.188845
    Cl(r) = -0.124152

Time = 449

smoothSolver:  Solving for Ux, Initial residual = 0.000108626, Final residual = 9.91513e-06, No Iterations 7
smoothSolver:  Solving for Uy, Initial residual = 0.00258387, Final residual = 0.00025135, No Iterations 6
smoothSolver:  Solving for Uz, Initial residual = 0.0021632, Final residual = 0.00021129, No Iterations 6
GAMG:  Solving for p, Initial residual = 0.00132294, Final residual = 5.06577e-06, No Iterations 4
time step continuity errors : sum local = 9.66638e-06, global = -1.50593e-08, cumulative = 4.6856e-05
smoothSolver:  Solving for omega, Initial residual = 2.25092e-05, Final residual = 1.32477e-06, No Iterations 3
smoothSolver:  Solving for k, Initial residual = 0.000167342, Final residual = 1.37444e-05, No Iterations 3
ExecutionTime = 94.26 s  ClockTime = 97 s

forceCoeffs forceCoeffs1 write:
    Cm    = 0.156525
    Cd    = 0.412454
    Cl    = 0.0647547
    Cl(f) = 0.188903
    Cl(r) = -0.124148

Time = 450

smoothSolver:  Solving for Ux, Initial residual = 0.000109628, Final residual = 9.96322e-06, No Iterations 7
smoothSolver:  Solving for Uy, Initial residual = 0.00261019, Final residual = 0.000255159, No Iterations 6
smoothSolver:  Solving for Uz, Initial residual = 0.00218253, Final residual = 0.000213606, No Iterations 6
GAMG:  Solving for p, Initial residual = 0.00134176, Final residual = 5.10645e-06, No Iterations 4
time step continuity errors : sum local = 9.74357e-06, global = -2.05062e-08, cumulative = 4.68355e-05
smoothSolver:  Solving for omega, Initial residual = 2.26946e-05, Final residual = 1.33771e-06, No Iterations 3
smoothSolver:  Solving for k, Initial residual = 0.000168931, Final residual = 1.38887e-05, No Iterations 3
ExecutionTime = 94.47 s  ClockTime = 97 s

forceCoeffs forceCoeffs1 write:
    Cm    = 0.156602
    Cd    = 0.412697
    Cl    = 0.0647927
    Cl(f) = 0.188998
    Cl(r) = -0.124205

Time = 451

smoothSolver:  Solving for Ux, Initial residual = 0.000111461, Final residual = 1.00569e-05, No Iterations 7
smoothSolver:  Solving for Uy, Initial residual = 0.00265162, Final residual = 0.000259787, No Iterations 6
smoothSolver:  Solving for Uz, Initial residual = 0.00221639, Final residual = 0.000217152, No Iterations 6
GAMG:  Solving for p, Initial residual = 0.00135759, Final residual = 5.16685e-06, No Iterations 4
time step continuity errors : sum local = 9.8572e-06, global = -1.6014e-08, cumulative = 4.68195e-05
smoothSolver:  Solving for omega, Initial residual = 2.31176e-05, Final residual = 1.35622e-06, No Iterations 3
smoothSolver:  Solving for k, Initial residual = 0.00017138, Final residual = 1.40788e-05, No Iterations 3
ExecutionTime = 94.68 s  ClockTime = 97 s

forceCoeffs forceCoeffs1 write:
    Cm    = 0.156694
    Cd    = 0.412995
    Cl    = 0.0648776
    Cl(f) = 0.189133
    Cl(r) = -0.124256

Time = 452

smoothSolver:  Solving for Ux, Initial residual = 0.000113147, Final residual = 1.01962e-05, No Iterations 7
smoothSolver:  Solving for Uy, Initial residual = 0.00268517, Final residual = 0.000264466, No Iterations 6
smoothSolver:  Solving for Uz, Initial residual = 0.00224778, Final residual = 0.000220594, No Iterations 6
GAMG:  Solving for p, Initial residual = 0.00138141, Final residual = 5.34027e-06, No Iterations 4
time step continuity errors : sum local = 1.01864e-05, global = -1.68158e-08, cumulative = 4.68027e-05
smoothSolver:  Solving for omega, Initial residual = 2.33999e-05, Final residual = 1.37556e-06, No Iterations 3
smoothSolver:  Solving for k, Initial residual = 0.000174463, Final residual = 1.43102e-05, No Iterations 3
ExecutionTime = 94.89 s  ClockTime = 97 s

forceCoeffs forceCoeffs1 write:
    Cm    = 0.156838
    Cd    = 0.413345
    Cl    = 0.0648845
    Cl(f) = 0.18928
    Cl(r) = -0.124395

Time = 453

smoothSolver:  Solving for Ux, Initial residual = 0.00011542, Final residual = 1.03643e-05, No Iterations 7
smoothSolver:  Solving for Uy, Initial residual = 0.00274021, Final residual = 0.000270236, No Iterations 6
smoothSolver:  Solving for Uz, Initial residual = 0.00229812, Final residual = 0.000225759, No Iterations 6
GAMG:  Solving for p, Initial residual = 0.00140187, Final residual = 5.48056e-06, No Iterations 4
time step continuity errors : sum local = 1.0451e-05, global = -1.8266e-08, cumulative = 4.67844e-05
smoothSolver:  Solving for omega, Initial residual = 2.3805e-05, Final residual = 1.3937e-06, No Iterations 3
smoothSolver:  Solving for k, Initial residual = 0.000177527, Final residual = 1.45393e-05, No Iterations 3
ExecutionTime = 95.09 s  ClockTime = 98 s

forceCoeffs forceCoeffs1 write:
    Cm    = 0.156989
    Cd    = 0.41375
    Cl    = 0.0648923
    Cl(f) = 0.189435
    Cl(r) = -0.124542

Time = 454

smoothSolver:  Solving for Ux, Initial residual = 0.000117023, Final residual = 1.05134e-05, No Iterations 7
smoothSolver:  Solving for Uy, Initial residual = 0.00279336, Final residual = 0.000277018, No Iterations 6
smoothSolver:  Solving for Uz, Initial residual = 0.00234236, Final residual = 0.000230479, No Iterations 6
GAMG:  Solving for p, Initial residual = 0.00142564, Final residual = 5.62062e-06, No Iterations 4
time step continuity errors : sum local = 1.07157e-05, global = -2.21693e-08, cumulative = 4.67623e-05
smoothSolver:  Solving for omega, Initial residual = 2.40363e-05, Final residual = 1.40851e-06, No Iterations 3
smoothSolver:  Solving for k, Initial residual = 0.000180747, Final residual = 1.47999e-05, No Iterations 3
ExecutionTime = 95.3 s  ClockTime = 98 s

forceCoeffs forceCoeffs1 write:
    Cm    = 0.157175
    Cd    = 0.414168
    Cl    = 0.0648406
    Cl(f) = 0.189595
    Cl(r) = -0.124755

Time = 455

smoothSolver:  Solving for Ux, Initial residual = 0.000119377, Final residual = 1.06722e-05, No Iterations 7
smoothSolver:  Solving for Uy, Initial residual = 0.00285531, Final residual = 0.000283378, No Iterations 6
smoothSolver:  Solving for Uz, Initial residual = 0.00239157, Final residual = 0.000235623, No Iterations 6
GAMG:  Solving for p, Initial residual = 0.00144819, Final residual = 5.75307e-06, No Iterations 4
time step continuity errors : sum local = 1.09649e-05, global = -1.31601e-08, cumulative = 4.67491e-05
smoothSolver:  Solving for omega, Initial residual = 2.41948e-05, Final residual = 1.42378e-06, No Iterations 3
smoothSolver:  Solving for k, Initial residual = 0.000184378, Final residual = 1.50523e-05, No Iterations 3
ExecutionTime = 95.5 s  ClockTime = 98 s

forceCoeffs forceCoeffs1 write:
    Cm    = 0.157349
    Cd    = 0.414603
    Cl    = 0.0647633
    Cl(f) = 0.18973
    Cl(r) = -0.124967

Time = 456

smoothSolver:  Solving for Ux, Initial residual = 0.000121478, Final residual = 1.08554e-05, No Iterations 7
smoothSolver:  Solving for Uy, Initial residual = 0.00290617, Final residual = 0.00028978, No Iterations 6
smoothSolver:  Solving for Uz, Initial residual = 0.00243135, Final residual = 0.000240703, No Iterations 6
GAMG:  Solving for p, Initial residual = 0.00146877, Final residual = 5.96668e-06, No Iterations 4
time step continuity errors : sum local = 1.13701e-05, global = -3.71493e-08, cumulative = 4.6712e-05
smoothSolver:  Solving for omega, Initial residual = 2.45149e-05, Final residual = 1.44002e-06, No Iterations 3
smoothSolver:  Solving for k, Initial residual = 0.000188715, Final residual = 1.53211e-05, No Iterations 3
ExecutionTime = 95.7 s  ClockTime = 98 s

forceCoeffs forceCoeffs1 write:
    Cm    = 0.157534
    Cd    = 0.415009
    Cl    = 0.0646372
    Cl(f) = 0.189853
    Cl(r) = -0.125216

Time = 457

smoothSolver:  Solving for Ux, Initial residual = 0.000123962, Final residual = 1.1045e-05, No Iterations 7
smoothSolver:  Solving for Uy, Initial residual = 0.00296437, Final residual = 0.00021735, No Iterations 7
smoothSolver:  Solving for Uz, Initial residual = 0.00247997, Final residual = 0.000247004, No Iterations 6
GAMG:  Solving for p, Initial residual = 0.00149106, Final residual = 6.19949e-06, No Iterations 4
time step continuity errors : sum local = 1.18119e-05, global = 7.05688e-08, cumulative = 4.67825e-05
smoothSolver:  Solving for omega, Initial residual = 2.48807e-05, Final residual = 1.44798e-06, No Iterations 3
smoothSolver:  Solving for k, Initial residual = 0.000193144, Final residual = 1.56144e-05, No Iterations 3
ExecutionTime = 95.92 s  ClockTime = 98 s

forceCoeffs forceCoeffs1 write:
    Cm    = 0.157683
    Cd    = 0.41538
    Cl    = 0.0645036
    Cl(f) = 0.189935
    Cl(r) = -0.125431

Time = 458

smoothSolver:  Solving for Ux, Initial residual = 0.000126341, Final residual = 1.12977e-05, No Iterations 7
smoothSolver:  Solving for Uy, Initial residual = 0.00301407, Final residual = 0.000222164, No Iterations 7
smoothSolver:  Solving for Uz, Initial residual = 0.00252853, Final residual = 0.000187172, No Iterations 7
GAMG:  Solving for p, Initial residual = 0.0015158, Final residual = 6.41171e-06, No Iterations 4
time step continuity errors : sum local = 1.22159e-05, global = 6.65234e-08, cumulative = 4.68491e-05
smoothSolver:  Solving for omega, Initial residual = 2.52484e-05, Final residual = 1.47615e-06, No Iterations 3
smoothSolver:  Solving for k, Initial residual = 0.000198645, Final residual = 1.59902e-05, No Iterations 3
ExecutionTime = 96.12 s  ClockTime = 99 s

forceCoeffs forceCoeffs1 write:
    Cm    = 0.157826
    Cd    = 0.415709
    Cl    = 0.0643018
    Cl(f) = 0.189977
    Cl(r) = -0.125675

Time = 459

smoothSolver:  Solving for Ux, Initial residual = 0.000129042, Final residual = 1.15838e-05, No Iterations 7
smoothSolver:  Solving for Uy, Initial residual = 0.00305562, Final residual = 0.000225958, No Iterations 7
smoothSolver:  Solving for Uz, Initial residual = 0.00256474, Final residual = 0.000190083, No Iterations 7
GAMG:  Solving for p, Initial residual = 0.00153934, Final residual = 6.33864e-06, No Iterations 4
time step continuity errors : sum local = 1.2077e-05, global = 1.06657e-07, cumulative = 4.69557e-05
smoothSolver:  Solving for omega, Initial residual = 2.54286e-05, Final residual = 1.48645e-06, No Iterations 3
smoothSolver:  Solving for k, Initial residual = 0.000204908, Final residual = 1.6394e-05, No Iterations 3
ExecutionTime = 96.33 s  ClockTime = 99 s

forceCoeffs forceCoeffs1 write:
    Cm    = 0.157869
    Cd    = 0.415902
    Cl    = 0.0640695
    Cl(f) = 0.189904
    Cl(r) = -0.125834

Time = 460

smoothSolver:  Solving for Ux, Initial residual = 0.000130845, Final residual = 1.17988e-05, No Iterations 7
smoothSolver:  Solving for Uy, Initial residual = 0.00307119, Final residual = 0.000226614, No Iterations 7
smoothSolver:  Solving for Uz, Initial residual = 0.00257927, Final residual = 0.000190173, No Iterations 7
GAMG:  Solving for p, Initial residual = 0.00155797, Final residual = 6.29481e-06, No Iterations 4
time step continuity errors : sum local = 1.19958e-05, global = 1.61117e-07, cumulative = 4.71168e-05
smoothSolver:  Solving for omega, Initial residual = 2.56703e-05, Final residual = 1.50402e-06, No Iterations 3
smoothSolver:  Solving for k, Initial residual = 0.000212429, Final residual = 1.68687e-05, No Iterations 3
ExecutionTime = 96.53 s  ClockTime = 99 s

forceCoeffs forceCoeffs1 write:
    Cm    = 0.157902
    Cd    = 0.416008
    Cl    = 0.0638254
    Cl(f) = 0.189815
    Cl(r) = -0.125989

Time = 461

smoothSolver:  Solving for Ux, Initial residual = 0.000133501, Final residual = 1.21143e-05, No Iterations 7
smoothSolver:  Solving for Uy, Initial residual = 0.00309706, Final residual = 0.000227349, No Iterations 7
smoothSolver:  Solving for Uz, Initial residual = 0.00261019, Final residual = 0.000259494, No Iterations 6
GAMG:  Solving for p, Initial residual = 0.00157491, Final residual = 6.42465e-06, No Iterations 4
time step continuity errors : sum local = 1.22455e-05, global = 1.95664e-07, cumulative = 4.73125e-05
smoothSolver:  Solving for omega, Initial residual = 2.57736e-05, Final residual = 1.50615e-06, No Iterations 3
smoothSolver:  Solving for k, Initial residual = 0.000220849, Final residual = 1.73446e-05, No Iterations 3
ExecutionTime = 96.75 s  ClockTime = 99 s

forceCoeffs forceCoeffs1 write:
    Cm    = 0.157854
    Cd    = 0.415966
    Cl    = 0.0635692
    Cl(f) = 0.189639
    Cl(r) = -0.126069

Time = 462

smoothSolver:  Solving for Ux, Initial residual = 0.000135693, Final residual = 1.23972e-05, No Iterations 7
smoothSolver:  Solving for Uy, Initial residual = 0.00311912, Final residual = 0.00022897, No Iterations 7
smoothSolver:  Solving for Uz, Initial residual = 0.00264288, Final residual = 0.000264024, No Iterations 6
GAMG:  Solving for p, Initial residual = 0.00158649, Final residual = 6.6742e-06, No Iterations 4
time step continuity errors : sum local = 1.27232e-05, global = 1.81415e-07, cumulative = 4.74939e-05
smoothSolver:  Solving for omega, Initial residual = 2.5846e-05, Final residual = 1.51309e-06, No Iterations 3
smoothSolver:  Solving for k, Initial residual = 0.000229123, Final residual = 1.78239e-05, No Iterations 3
ExecutionTime = 96.95 s  ClockTime = 99 s

forceCoeffs forceCoeffs1 write:
    Cm    = 0.157839
    Cd    = 0.41588
    Cl    = 0.0633645
    Cl(f) = 0.189521
    Cl(r) = -0.126156

Time = 463

smoothSolver:  Solving for Ux, Initial residual = 0.000138685, Final residual = 1.28181e-05, No Iterations 7
smoothSolver:  Solving for Uy, Initial residual = 0.00317689, Final residual = 0.000236291, No Iterations 7
smoothSolver:  Solving for Uz, Initial residual = 0.00271228, Final residual = 0.000203229, No Iterations 7
GAMG:  Solving for p, Initial residual = 0.00159695, Final residual = 6.87782e-06, No Iterations 4
time step continuity errors : sum local = 1.31128e-05, global = 1.06399e-07, cumulative = 4.76003e-05
smoothSolver:  Solving for omega, Initial residual = 2.5891e-05, Final residual = 1.50386e-06, No Iterations 3
smoothSolver:  Solving for k, Initial residual = 0.00023679, Final residual = 1.82548e-05, No Iterations 3
ExecutionTime = 97.16 s  ClockTime = 100 s

forceCoeffs forceCoeffs1 write:
    Cm    = 0.157732
    Cd    = 0.415678
    Cl    = 0.0631062
    Cl(f) = 0.189285
    Cl(r) = -0.126179

Time = 464

smoothSolver:  Solving for Ux, Initial residual = 0.000140615, Final residual = 1.31151e-05, No Iterations 7
smoothSolver:  Solving for Uy, Initial residual = 0.00321999, Final residual = 0.000244799, No Iterations 7
smoothSolver:  Solving for Uz, Initial residual = 0.00274959, Final residual = 0.000210842, No Iterations 7
GAMG:  Solving for p, Initial residual = 0.00160132, Final residual = 6.80859e-06, No Iterations 4
time step continuity errors : sum local = 1.29817e-05, global = 2.95498e-08, cumulative = 4.76299e-05
smoothSolver:  Solving for omega, Initial residual = 2.5776e-05, Final residual = 1.50809e-06, No Iterations 3
smoothSolver:  Solving for k, Initial residual = 0.000244011, Final residual = 1.88432e-05, No Iterations 3
ExecutionTime = 97.36 s  ClockTime = 100 s

forceCoeffs forceCoeffs1 write:
    Cm    = 0.157675
    Cd    = 0.415472
    Cl    = 0.0628817
    Cl(f) = 0.189115
    Cl(r) = -0.126234

Time = 465

smoothSolver:  Solving for Ux, Initial residual = 0.000142162, Final residual = 1.3366e-05, No Iterations 7
smoothSolver:  Solving for Uy, Initial residual = 0.00327791, Final residual = 0.000255165, No Iterations 7
smoothSolver:  Solving for Uz, Initial residual = 0.00278791, Final residual = 0.000218661, No Iterations 7
GAMG:  Solving for p, Initial residual = 0.00160717, Final residual = 6.80253e-06, No Iterations 4
time step continuity errors : sum local = 1.29685e-05, global = -1.74077e-08, cumulative = 4.76124e-05
smoothSolver:  Solving for omega, Initial residual = 2.60212e-05, Final residual = 1.52569e-06, No Iterations 3
smoothSolver:  Solving for k, Initial residual = 0.000251386, Final residual = 1.95646e-05, No Iterations 3
ExecutionTime = 97.56 s  ClockTime = 100 s

forceCoeffs forceCoeffs1 write:
    Cm    = 0.157593
    Cd    = 0.41522
    Cl    = 0.0626596
    Cl(f) = 0.188923
    Cl(r) = -0.126263

Time = 466

smoothSolver:  Solving for Ux, Initial residual = 0.000142984, Final residual = 1.34867e-05, No Iterations 7
smoothSolver:  Solving for Uy, Initial residual = 0.00330063, Final residual = 0.00025911, No Iterations 7
smoothSolver:  Solving for Uz, Initial residual = 0.00280822, Final residual = 0.000221166, No Iterations 7
GAMG:  Solving for p, Initial residual = 0.0016131, Final residual = 6.86059e-06, No Iterations 4
time step continuity errors : sum local = 1.30766e-05, global = -5.95751e-08, cumulative = 4.75529e-05
smoothSolver:  Solving for omega, Initial residual = 2.6148e-05, Final residual = 1.54916e-06, No Iterations 3
smoothSolver:  Solving for k, Initial residual = 0.000260157, Final residual = 2.05516e-05, No Iterations 3
ExecutionTime = 97.77 s  ClockTime = 100 s

forceCoeffs forceCoeffs1 write:
    Cm    = 0.157591
    Cd    = 0.415036
    Cl    = 0.062501
    Cl(f) = 0.188841
    Cl(r) = -0.12634

Time = 467

smoothSolver:  Solving for Ux, Initial residual = 0.000144344, Final residual = 1.3654e-05, No Iterations 7
smoothSolver:  Solving for Uy, Initial residual = 0.0033491, Final residual = 0.000263775, No Iterations 7
smoothSolver:  Solving for Uz, Initial residual = 0.0028232, Final residual = 0.000222406, No Iterations 7
GAMG:  Solving for p, Initial residual = 0.00161691, Final residual = 6.98437e-06, No Iterations 4
time step continuity errors : sum local = 1.33073e-05, global = -1.07817e-07, cumulative = 4.74451e-05
smoothSolver:  Solving for omega, Initial residual = 2.612e-05, Final residual = 1.55752e-06, No Iterations 3
smoothSolver:  Solving for k, Initial residual = 0.000268574, Final residual = 2.16184e-05, No Iterations 3
ExecutionTime = 97.97 s  ClockTime = 100 s

forceCoeffs forceCoeffs1 write:
    Cm    = 0.15758
    Cd    = 0.414851
    Cl    = 0.0623672
    Cl(f) = 0.188763
    Cl(r) = -0.126396

Time = 468

smoothSolver:  Solving for Ux, Initial residual = 0.000144283, Final residual = 1.35917e-05, No Iterations 7
smoothSolver:  Solving for Uy, Initial residual = 0.00334601, Final residual = 0.00026264, No Iterations 7
smoothSolver:  Solving for Uz, Initial residual = 0.00280508, Final residual = 0.000219785, No Iterations 7
GAMG:  Solving for p, Initial residual = 0.00161344, Final residual = 7.06245e-06, No Iterations 4
time step continuity errors : sum local = 1.34501e-05, global = -1.57395e-07, cumulative = 4.72877e-05
smoothSolver:  Solving for omega, Initial residual = 2.61611e-05, Final residual = 1.57615e-06, No Iterations 3
smoothSolver:  Solving for k, Initial residual = 0.000275303, Final residual = 2.24409e-05, No Iterations 3
ExecutionTime = 98.17 s  ClockTime = 101 s

forceCoeffs forceCoeffs1 write:
    Cm    = 0.157652
    Cd    = 0.414776
    Cl    = 0.0622343
    Cl(f) = 0.188769
    Cl(r) = -0.126535

Time = 469

smoothSolver:  Solving for Ux, Initial residual = 0.000143977, Final residual = 1.35353e-05, No Iterations 7
smoothSolver:  Solving for Uy, Initial residual = 0.00333815, Final residual = 0.000260707, No Iterations 7
smoothSolver:  Solving for Uz, Initial residual = 0.00278076, Final residual = 0.000214488, No Iterations 7
GAMG:  Solving for p, Initial residual = 0.0016034, Final residual = 7.00895e-06, No Iterations 4
time step continuity errors : sum local = 1.33406e-05, global = -1.84548e-07, cumulative = 4.71031e-05
smoothSolver:  Solving for omega, Initial residual = 2.62293e-05, Final residual = 1.57152e-06, No Iterations 3
smoothSolver:  Solving for k, Initial residual = 0.000278462, Final residual = 2.27974e-05, No Iterations 3
ExecutionTime = 98.39 s  ClockTime = 101 s

forceCoeffs forceCoeffs1 write:
    Cm    = 0.157722
    Cd    = 0.414763
    Cl    = 0.0621327
    Cl(f) = 0.188789
    Cl(r) = -0.126656

Time = 470

smoothSolver:  Solving for Ux, Initial residual = 0.000143805, Final residual = 1.35247e-05, No Iterations 7
smoothSolver:  Solving for Uy, Initial residual = 0.00329504, Final residual = 0.000255485, No Iterations 7
smoothSolver:  Solving for Uz, Initial residual = 0.00273175, Final residual = 0.000208556, No Iterations 7
GAMG:  Solving for p, Initial residual = 0.00158793, Final residual = 6.95975e-06, No Iterations 4
time step continuity errors : sum local = 1.32385e-05, global = -2.07195e-07, cumulative = 4.68959e-05
smoothSolver:  Solving for omega, Initial residual = 2.6023e-05, Final residual = 1.54848e-06, No Iterations 3
smoothSolver:  Solving for k, Initial residual = 0.000279281, Final residual = 2.27665e-05, No Iterations 3
ExecutionTime = 98.59 s  ClockTime = 101 s

forceCoeffs forceCoeffs1 write:
    Cm    = 0.157835
    Cd    = 0.41484
    Cl    = 0.0620335
    Cl(f) = 0.188852
    Cl(r) = -0.126818

Time = 471

smoothSolver:  Solving for Ux, Initial residual = 0.00014348, Final residual = 1.36668e-05, No Iterations 7
smoothSolver:  Solving for Uy, Initial residual = 0.00326129, Final residual = 0.000252249, No Iterations 7
smoothSolver:  Solving for Uz, Initial residual = 0.0026926, Final residual = 0.000206813, No Iterations 7
GAMG:  Solving for p, Initial residual = 0.00157467, Final residual = 6.77505e-06, No Iterations 4
time step continuity errors : sum local = 1.28796e-05, global = -1.9407e-07, cumulative = 4.67019e-05
smoothSolver:  Solving for omega, Initial residual = 2.60596e-05, Final residual = 1.53131e-06, No Iterations 3
smoothSolver:  Solving for k, Initial residual = 0.000278751, Final residual = 2.24472e-05, No Iterations 3
ExecutionTime = 98.8 s  ClockTime = 101 s

forceCoeffs forceCoeffs1 write:
    Cm    = 0.157882
    Cd    = 0.414889
    Cl    = 0.0619752
    Cl(f) = 0.18887
    Cl(r) = -0.126895

Time = 472

smoothSolver:  Solving for Ux, Initial residual = 0.000142811, Final residual = 1.38707e-05, No Iterations 7
smoothSolver:  Solving for Uy, Initial residual = 0.00323485, Final residual = 0.000253182, No Iterations 7
smoothSolver:  Solving for Uz, Initial residual = 0.00267576, Final residual = 0.000209802, No Iterations 7
GAMG:  Solving for p, Initial residual = 0.00155704, Final residual = 6.45297e-06, No Iterations 4
time step continuity errors : sum local = 1.22602e-05, global = -1.88853e-07, cumulative = 4.6513e-05
smoothSolver:  Solving for omega, Initial residual = 2.58623e-05, Final residual = 1.51414e-06, No Iterations 3
smoothSolver:  Solving for k, Initial residual = 0.000277533, Final residual = 2.20439e-05, No Iterations 3
ExecutionTime = 99 s  ClockTime = 101 s

forceCoeffs forceCoeffs1 write:
    Cm    = 0.157997
    Cd    = 0.41501
    Cl    = 0.0620326
    Cl(f) = 0.189013
    Cl(r) = -0.12698

Time = 473

smoothSolver:  Solving for Ux, Initial residual = 0.000142986, Final residual = 1.4239e-05, No Iterations 7
smoothSolver:  Solving for Uy, Initial residual = 0.00325016, Final residual = 0.00026227, No Iterations 7
smoothSolver:  Solving for Uz, Initial residual = 0.00268272, Final residual = 0.00021661, No Iterations 7
GAMG:  Solving for p, Initial residual = 0.0015456, Final residual = 6.15045e-06, No Iterations 4
time step continuity errors : sum local = 1.16791e-05, global = -1.70941e-07, cumulative = 4.63421e-05
smoothSolver:  Solving for omega, Initial residual = 2.55147e-05, Final residual = 1.50615e-06, No Iterations 3
smoothSolver:  Solving for k, Initial residual = 0.000276442, Final residual = 2.17973e-05, No Iterations 3
ExecutionTime = 99.21 s  ClockTime = 102 s

forceCoeffs forceCoeffs1 write:
    Cm    = 0.158063
    Cd    = 0.415147
    Cl    = 0.0620897
    Cl(f) = 0.189108
    Cl(r) = -0.127018

Time = 474

smoothSolver:  Solving for Ux, Initial residual = 0.000144169, Final residual = 1.10189e-05, No Iterations 8
smoothSolver:  Solving for Uy, Initial residual = 0.00326925, Final residual = 0.000272565, No Iterations 7
smoothSolver:  Solving for Uz, Initial residual = 0.00270367, Final residual = 0.000224658, No Iterations 7
GAMG:  Solving for p, Initial residual = 0.0015343, Final residual = 6.09938e-06, No Iterations 4
time step continuity errors : sum local = 1.15777e-05, global = -1.44178e-07, cumulative = 4.61979e-05
smoothSolver:  Solving for omega, Initial residual = 2.56747e-05, Final residual = 1.51708e-06, No Iterations 3
smoothSolver:  Solving for k, Initial residual = 0.00027576, Final residual = 2.18132e-05, No Iterations 3
ExecutionTime = 99.41 s  ClockTime = 102 s

forceCoeffs forceCoeffs1 write:
    Cm    = 0.15814
    Cd    = 0.415297
    Cl    = 0.0621341
    Cl(f) = 0.189207
    Cl(r) = -0.127073

Time = 475

smoothSolver:  Solving for Ux, Initial residual = 0.000145443, Final residual = 1.12878e-05, No Iterations 8
smoothSolver:  Solving for Uy, Initial residual = 0.00332216, Final residual = 0.000283087, No Iterations 7
smoothSolver:  Solving for Uz, Initial residual = 0.00273592, Final residual = 0.000232488, No Iterations 7
GAMG:  Solving for p, Initial residual = 0.00151916, Final residual = 6.26771e-06, No Iterations 4
time step continuity errors : sum local = 1.18937e-05, global = -1.32516e-07, cumulative = 4.60654e-05
smoothSolver:  Solving for omega, Initial residual = 2.59648e-05, Final residual = 1.5423e-06, No Iterations 3
smoothSolver:  Solving for k, Initial residual = 0.000273645, Final residual = 2.1868e-05, No Iterations 3
ExecutionTime = 99.62 s  ClockTime = 102 s

forceCoeffs forceCoeffs1 write:
    Cm    = 0.158167
    Cd    = 0.415435
    Cl    = 0.0621896
    Cl(f) = 0.189261
    Cl(r) = -0.127072

Time = 476

smoothSolver:  Solving for Ux, Initial residual = 0.00014614, Final residual = 1.1437e-05, No Iterations 8
smoothSolver:  Solving for Uy, Initial residual = 0.00334946, Final residual = 0.000289155, No Iterations 7
smoothSolver:  Solving for Uz, Initial residual = 0.00275026, Final residual = 0.000237218, No Iterations 7
GAMG:  Solving for p, Initial residual = 0.00150544, Final residual = 6.60496e-06, No Iterations 4
time step continuity errors : sum local = 1.2532e-05, global = -1.30812e-08, cumulative = 4.60523e-05
smoothSolver:  Solving for omega, Initial residual = 2.55492e-05, Final residual = 1.559e-06, No Iterations 3
smoothSolver:  Solving for k, Initial residual = 0.000269215, Final residual = 2.18495e-05, No Iterations 3
ExecutionTime = 99.82 s  ClockTime = 102 s

forceCoeffs forceCoeffs1 write:
    Cm    = 0.158193
    Cd    = 0.415524
    Cl    = 0.0622156
    Cl(f) = 0.189301
    Cl(r) = -0.127085

Time = 477

smoothSolver:  Solving for Ux, Initial residual = 0.000146284, Final residual = 1.15225e-05, No Iterations 8
smoothSolver:  Solving for Uy, Initial residual = 0.00336109, Final residual = 0.000291363, No Iterations 7
smoothSolver:  Solving for Uz, Initial residual = 0.00276063, Final residual = 0.000239587, No Iterations 7
GAMG:  Solving for p, Initial residual = 0.00149184, Final residual = 6.84369e-06, No Iterations 4
time step continuity errors : sum local = 1.29848e-05, global = -3.33293e-09, cumulative = 4.60489e-05
smoothSolver:  Solving for omega, Initial residual = 2.54447e-05, Final residual = 1.56969e-06, No Iterations 3
smoothSolver:  Solving for k, Initial residual = 0.000263225, Final residual = 2.15644e-05, No Iterations 3
ExecutionTime = 100.03 s  ClockTime = 103 s

forceCoeffs forceCoeffs1 write:
    Cm    = 0.15817
    Cd    = 0.415563
    Cl    = 0.0622207
    Cl(f) = 0.18928
    Cl(r) = -0.127059

Time = 478

smoothSolver:  Solving for Ux, Initial residual = 0.000145841, Final residual = 1.15216e-05, No Iterations 8
smoothSolver:  Solving for Uy, Initial residual = 0.00334247, Final residual = 0.000290228, No Iterations 7
smoothSolver:  Solving for Uz, Initial residual = 0.00274373, Final residual = 0.000238353, No Iterations 7
GAMG:  Solving for p, Initial residual = 0.00147959, Final residual = 6.91234e-06, No Iterations 4
time step continuity errors : sum local = 1.31169e-05, global = 2.63685e-08, cumulative = 4.60753e-05
smoothSolver:  Solving for omega, Initial residual = 2.5453e-05, Final residual = 1.56253e-06, No Iterations 3
smoothSolver:  Solving for k, Initial residual = 0.000255773, Final residual = 2.09908e-05, No Iterations 3
ExecutionTime = 100.24 s  ClockTime = 103 s

forceCoeffs forceCoeffs1 write:
    Cm    = 0.158155
    Cd    = 0.415522
    Cl    = 0.0622064
    Cl(f) = 0.189258
    Cl(r) = -0.127052

Time = 479

smoothSolver:  Solving for Ux, Initial residual = 0.000145039, Final residual = 1.14286e-05, No Iterations 8
smoothSolver:  Solving for Uy, Initial residual = 0.00331838, Final residual = 0.000286261, No Iterations 7
smoothSolver:  Solving for Uz, Initial residual = 0.00271716, Final residual = 0.000234654, No Iterations 7
GAMG:  Solving for p, Initial residual = 0.00146368, Final residual = 6.82357e-06, No Iterations 4
time step continuity errors : sum local = 1.29507e-05, global = 4.95019e-08, cumulative = 4.61248e-05
smoothSolver:  Solving for omega, Initial residual = 2.52585e-05, Final residual = 1.55111e-06, No Iterations 3
smoothSolver:  Solving for k, Initial residual = 0.000248383, Final residual = 2.02398e-05, No Iterations 3
ExecutionTime = 100.44 s  ClockTime = 103 s

forceCoeffs forceCoeffs1 write:
    Cm    = 0.158104
    Cd    = 0.415417
    Cl    = 0.062183
    Cl(f) = 0.189196
    Cl(r) = -0.127013

Time = 480

smoothSolver:  Solving for Ux, Initial residual = 0.000143848, Final residual = 1.12801e-05, No Iterations 8
smoothSolver:  Solving for Uy, Initial residual = 0.00326773, Final residual = 0.000278428, No Iterations 7
smoothSolver:  Solving for Uz, Initial residual = 0.00268862, Final residual = 0.00022975, No Iterations 7
GAMG:  Solving for p, Initial residual = 0.00145102, Final residual = 6.55958e-06, No Iterations 4
time step continuity errors : sum local = 1.24529e-05, global = 7.45458e-08, cumulative = 4.61994e-05
smoothSolver:  Solving for omega, Initial residual = 2.53083e-05, Final residual = 1.54721e-06, No Iterations 3
smoothSolver:  Solving for k, Initial residual = 0.000241718, Final residual = 1.94918e-05, No Iterations 3
ExecutionTime = 100.64 s  ClockTime = 103 s

forceCoeffs forceCoeffs1 write:
    Cm    = 0.158058
    Cd    = 0.415231
    Cl    = 0.0620985
    Cl(f) = 0.189107
    Cl(r) = -0.127009

Time = 481

smoothSolver:  Solving for Ux, Initial residual = 0.000142494, Final residual = 1.11622e-05, No Iterations 8
smoothSolver:  Solving for Uy, Initial residual = 0.00322567, Final residual = 0.00027201, No Iterations 7
smoothSolver:  Solving for Uz, Initial residual = 0.00266001, Final residual = 0.000226139, No Iterations 7
GAMG:  Solving for p, Initial residual = 0.00143841, Final residual = 6.43631e-06, No Iterations 4
time step continuity errors : sum local = 1.22225e-05, global = 8.64264e-08, cumulative = 4.62858e-05
smoothSolver:  Solving for omega, Initial residual = 2.54052e-05, Final residual = 1.53688e-06, No Iterations 3
smoothSolver:  Solving for k, Initial residual = 0.000235951, Final residual = 1.87785e-05, No Iterations 3
ExecutionTime = 100.85 s  ClockTime = 103 s

forceCoeffs forceCoeffs1 write:
    Cm    = 0.157977
    Cd    = 0.414971
    Cl    = 0.0620338
    Cl(f) = 0.188994
    Cl(r) = -0.12696

Time = 482

smoothSolver:  Solving for Ux, Initial residual = 0.000140844, Final residual = 1.10124e-05, No Iterations 8
smoothSolver:  Solving for Uy, Initial residual = 0.00318406, Final residual = 0.000267681, No Iterations 7
smoothSolver:  Solving for Uz, Initial residual = 0.00264021, Final residual = 0.000225042, No Iterations 7
GAMG:  Solving for p, Initial residual = 0.00142911, Final residual = 6.38795e-06, No Iterations 4
time step continuity errors : sum local = 1.21347e-05, global = 8.76158e-08, cumulative = 4.63734e-05
smoothSolver:  Solving for omega, Initial residual = 2.50946e-05, Final residual = 1.53563e-06, No Iterations 3
smoothSolver:  Solving for k, Initial residual = 0.000232242, Final residual = 1.81751e-05, No Iterations 3
ExecutionTime = 101.06 s  ClockTime = 104 s

forceCoeffs forceCoeffs1 write:
    Cm    = 0.157902
    Cd    = 0.414614
    Cl    = 0.0619485
    Cl(f) = 0.188877
    Cl(r) = -0.126928

Time = 483

smoothSolver:  Solving for Ux, Initial residual = 0.000139985, Final residual = 1.09571e-05, No Iterations 8
smoothSolver:  Solving for Uy, Initial residual = 0.00319004, Final residual = 0.000267605, No Iterations 7
smoothSolver:  Solving for Uz, Initial residual = 0.0026502, Final residual = 0.00022685, No Iterations 7
GAMG:  Solving for p, Initial residual = 0.00142367, Final residual = 6.3334e-06, No Iterations 4
time step continuity errors : sum local = 1.20336e-05, global = 6.55781e-08, cumulative = 4.6439e-05
smoothSolver:  Solving for omega, Initial residual = 2.50979e-05, Final residual = 1.53974e-06, No Iterations 3
smoothSolver:  Solving for k, Initial residual = 0.000231087, Final residual = 1.78171e-05, No Iterations 3
ExecutionTime = 101.27 s  ClockTime = 104 s

forceCoeffs forceCoeffs1 write:
    Cm    = 0.157829
    Cd    = 0.41424
    Cl    = 0.0619407
    Cl(f) = 0.1888
    Cl(r) = -0.126859

Time = 484

smoothSolver:  Solving for Ux, Initial residual = 0.000139361, Final residual = 1.09674e-05, No Iterations 8
smoothSolver:  Solving for Uy, Initial residual = 0.00319262, Final residual = 0.000267984, No Iterations 7
smoothSolver:  Solving for Uz, Initial residual = 0.00266145, Final residual = 0.000228497, No Iterations 7
GAMG:  Solving for p, Initial residual = 0.00142642, Final residual = 6.39088e-06, No Iterations 4
time step continuity errors : sum local = 1.21444e-05, global = 3.13307e-08, cumulative = 4.64703e-05
smoothSolver:  Solving for omega, Initial residual = 2.50565e-05, Final residual = 1.55468e-06, No Iterations 3
smoothSolver:  Solving for k, Initial residual = 0.000231325, Final residual = 1.76931e-05, No Iterations 3
ExecutionTime = 101.47 s  ClockTime = 104 s

forceCoeffs forceCoeffs1 write:
    Cm    = 0.157795
    Cd    = 0.413842
    Cl    = 0.0619354
    Cl(f) = 0.188763
    Cl(r) = -0.126827

Time = 485

smoothSolver:  Solving for Ux, Initial residual = 0.00013989, Final residual = 1.10478e-05, No Iterations 8
smoothSolver:  Solving for Uy, Initial residual = 0.0032235, Final residual = 0.000270034, No Iterations 7
smoothSolver:  Solving for Uz, Initial residual = 0.00268621, Final residual = 0.000230576, No Iterations 7
GAMG:  Solving for p, Initial residual = 0.00142756, Final residual = 6.63499e-06, No Iterations 4
time step continuity errors : sum local = 1.2608e-05, global = -3.12056e-08, cumulative = 4.64391e-05
smoothSolver:  Solving for omega, Initial residual = 2.51852e-05, Final residual = 1.57664e-06, No Iterations 3
smoothSolver:  Solving for k, Initial residual = 0.000232969, Final residual = 1.77141e-05, No Iterations 3
ExecutionTime = 101.68 s  ClockTime = 104 s

forceCoeffs forceCoeffs1 write:
    Cm    = 0.157742
    Cd    = 0.413469
    Cl    = 0.0619572
    Cl(f) = 0.188721
    Cl(r) = -0.126764

Time = 486

smoothSolver:  Solving for Ux, Initial residual = 0.000139915, Final residual = 1.10647e-05, No Iterations 8
smoothSolver:  Solving for Uy, Initial residual = 0.00323582, Final residual = 0.000270572, No Iterations 7
smoothSolver:  Solving for Uz, Initial residual = 0.00270232, Final residual = 0.000231254, No Iterations 7
GAMG:  Solving for p, Initial residual = 0.00142863, Final residual = 6.76208e-06, No Iterations 4
time step continuity errors : sum local = 1.28479e-05, global = -6.538e-08, cumulative = 4.63737e-05
smoothSolver:  Solving for omega, Initial residual = 2.53831e-05, Final residual = 1.59352e-06, No Iterations 3
smoothSolver:  Solving for k, Initial residual = 0.000234517, Final residual = 1.79188e-05, No Iterations 3
ExecutionTime = 101.88 s  ClockTime = 104 s

forceCoeffs forceCoeffs1 write:
    Cm    = 0.157711
    Cd    = 0.413095
    Cl    = 0.0619771
    Cl(f) = 0.188699
    Cl(r) = -0.126722

Time = 487

smoothSolver:  Solving for Ux, Initial residual = 0.000140123, Final residual = 1.1014e-05, No Iterations 8
smoothSolver:  Solving for Uy, Initial residual = 0.00324129, Final residual = 0.000271136, No Iterations 7
smoothSolver:  Solving for Uz, Initial residual = 0.0027094, Final residual = 0.000230351, No Iterations 7
GAMG:  Solving for p, Initial residual = 0.00143235, Final residual = 6.89497e-06, No Iterations 4
time step continuity errors : sum local = 1.30971e-05, global = -9.3743e-08, cumulative = 4.628e-05
smoothSolver:  Solving for omega, Initial residual = 2.577e-05, Final residual = 1.59584e-06, No Iterations 3
smoothSolver:  Solving for k, Initial residual = 0.000236878, Final residual = 1.81809e-05, No Iterations 3
ExecutionTime = 102.09 s  ClockTime = 105 s

forceCoeffs forceCoeffs1 write:
    Cm    = 0.157659
    Cd    = 0.412731
    Cl    = 0.0620706
    Cl(f) = 0.188695
    Cl(r) = -0.126624

Time = 488

smoothSolver:  Solving for Ux, Initial residual = 0.000139635, Final residual = 1.0831e-05, No Iterations 8
smoothSolver:  Solving for Uy, Initial residual = 0.00321833, Final residual = 0.000268217, No Iterations 7
smoothSolver:  Solving for Uz, Initial residual = 0.00269467, Final residual = 0.000226551, No Iterations 7
GAMG:  Solving for p, Initial residual = 0.00143021, Final residual = 6.81689e-06, No Iterations 4
time step continuity errors : sum local = 1.29442e-05, global = -1.13036e-07, cumulative = 4.6167e-05
smoothSolver:  Solving for omega, Initial residual = 2.51818e-05, Final residual = 1.59021e-06, No Iterations 3
smoothSolver:  Solving for k, Initial residual = 0.000238386, Final residual = 1.84202e-05, No Iterations 3
ExecutionTime = 102.3 s  ClockTime = 105 s

forceCoeffs forceCoeffs1 write:
    Cm    = 0.157642
    Cd    = 0.412413
    Cl    = 0.0621663
    Cl(f) = 0.188725
    Cl(r) = -0.126558

Time = 489

smoothSolver:  Solving for Ux, Initial residual = 0.000139072, Final residual = 1.05887e-05, No Iterations 8
smoothSolver:  Solving for Uy, Initial residual = 0.00318056, Final residual = 0.000263587, No Iterations 7
smoothSolver:  Solving for Uz, Initial residual = 0.00266776, Final residual = 0.000221252, No Iterations 7
GAMG:  Solving for p, Initial residual = 0.00142607, Final residual = 6.6736e-06, No Iterations 4
time step continuity errors : sum local = 1.26665e-05, global = -1.25464e-07, cumulative = 4.60415e-05
smoothSolver:  Solving for omega, Initial residual = 2.5021e-05, Final residual = 1.5752e-06, No Iterations 3
smoothSolver:  Solving for k, Initial residual = 0.000239894, Final residual = 1.85696e-05, No Iterations 3
ExecutionTime = 102.51 s  ClockTime = 105 s

forceCoeffs forceCoeffs1 write:
    Cm    = 0.157581
    Cd    = 0.412109
    Cl    = 0.0622934
    Cl(f) = 0.188727
    Cl(r) = -0.126434

Time = 490

smoothSolver:  Solving for Ux, Initial residual = 0.000137609, Final residual = 1.36475e-05, No Iterations 7
smoothSolver:  Solving for Uy, Initial residual = 0.00312222, Final residual = 0.000256828, No Iterations 7
smoothSolver:  Solving for Uz, Initial residual = 0.00261938, Final residual = 0.000214222, No Iterations 7
GAMG:  Solving for p, Initial residual = 0.0014214, Final residual = 6.30934e-06, No Iterations 4
time step continuity errors : sum local = 1.197e-05, global = -1.21693e-07, cumulative = 4.59198e-05
smoothSolver:  Solving for omega, Initial residual = 2.4679e-05, Final residual = 1.54028e-06, No Iterations 3
smoothSolver:  Solving for k, Initial residual = 0.000239403, Final residual = 1.86303e-05, No Iterations 3
ExecutionTime = 102.71 s  ClockTime = 105 s

forceCoeffs forceCoeffs1 write:
    Cm    = 0.157538
    Cd    = 0.411842
    Cl    = 0.0624043
    Cl(f) = 0.188741
    Cl(r) = -0.126336

Time = 491

smoothSolver:  Solving for Ux, Initial residual = 0.000136552, Final residual = 1.33359e-05, No Iterations 7
smoothSolver:  Solving for Uy, Initial residual = 0.00307215, Final residual = 0.000248089, No Iterations 7
smoothSolver:  Solving for Uz, Initial residual = 0.00258167, Final residual = 0.000206257, No Iterations 7
GAMG:  Solving for p, Initial residual = 0.00141403, Final residual = 5.92385e-06, No Iterations 4
time step continuity errors : sum local = 1.12337e-05, global = -1.33861e-07, cumulative = 4.57859e-05
smoothSolver:  Solving for omega, Initial residual = 2.42894e-05, Final residual = 1.50365e-06, No Iterations 3
smoothSolver:  Solving for k, Initial residual = 0.000239306, Final residual = 1.86452e-05, No Iterations 3
ExecutionTime = 102.92 s  ClockTime = 105 s

forceCoeffs forceCoeffs1 write:
    Cm    = 0.157466
    Cd    = 0.411614
    Cl    = 0.0625703
    Cl(f) = 0.188751
    Cl(r) = -0.12618

Time = 492

smoothSolver:  Solving for Ux, Initial residual = 0.000134209, Final residual = 1.30639e-05, No Iterations 7
smoothSolver:  Solving for Uy, Initial residual = 0.00301575, Final residual = 0.000239183, No Iterations 7
smoothSolver:  Solving for Uz, Initial residual = 0.0025298, Final residual = 0.000198692, No Iterations 7
GAMG:  Solving for p, Initial residual = 0.00140436, Final residual = 5.48762e-06, No Iterations 4
time step continuity errors : sum local = 1.04022e-05, global = -1.28971e-07, cumulative = 4.5657e-05
smoothSolver:  Solving for omega, Initial residual = 2.40967e-05, Final residual = 1.47881e-06, No Iterations 3
smoothSolver:  Solving for k, Initial residual = 0.000238466, Final residual = 1.86556e-05, No Iterations 3
ExecutionTime = 103.12 s  ClockTime = 106 s

forceCoeffs forceCoeffs1 write:
    Cm    = 0.157404
    Cd    = 0.411418
    Cl    = 0.0626963
    Cl(f) = 0.188752
    Cl(r) = -0.126056

Time = 493

smoothSolver:  Solving for Ux, Initial residual = 0.000132136, Final residual = 1.29006e-05, No Iterations 7
smoothSolver:  Solving for Uy, Initial residual = 0.00296591, Final residual = 0.000232306, No Iterations 7
smoothSolver:  Solving for Uz, Initial residual = 0.00249329, Final residual = 0.000193135, No Iterations 7
GAMG:  Solving for p, Initial residual = 0.00139792, Final residual = 5.23176e-06, No Iterations 4
time step continuity errors : sum local = 9.91405e-06, global = -1.35479e-07, cumulative = 4.55215e-05
smoothSolver:  Solving for omega, Initial residual = 2.40084e-05, Final residual = 1.44356e-06, No Iterations 3
smoothSolver:  Solving for k, Initial residual = 0.000236061, Final residual = 1.86284e-05, No Iterations 3
ExecutionTime = 103.33 s  ClockTime = 106 s

forceCoeffs forceCoeffs1 write:
    Cm    = 0.157303
    Cd    = 0.411248
    Cl    = 0.0628374
    Cl(f) = 0.188721
    Cl(r) = -0.125884

Time = 494

smoothSolver:  Solving for Ux, Initial residual = 0.000130021, Final residual = 1.28245e-05, No Iterations 7
smoothSolver:  Solving for Uy, Initial residual = 0.00293259, Final residual = 0.000228161, No Iterations 7
smoothSolver:  Solving for Uz, Initial residual = 0.00246225, Final residual = 0.000189157, No Iterations 7
GAMG:  Solving for p, Initial residual = 0.00138581, Final residual = 5.20243e-06, No Iterations 4
time step continuity errors : sum local = 9.85599e-06, global = -1.38742e-07, cumulative = 4.53827e-05
smoothSolver:  Solving for omega, Initial residual = 2.32511e-05, Final residual = 1.40903e-06, No Iterations 3
smoothSolver:  Solving for k, Initial residual = 0.000233522, Final residual = 1.85691e-05, No Iterations 3
ExecutionTime = 103.54 s  ClockTime = 106 s

forceCoeffs forceCoeffs1 write:
    Cm    = 0.157223
    Cd    = 0.411098
    Cl    = 0.0629662
    Cl(f) = 0.188706
    Cl(r) = -0.12574

Time = 495

smoothSolver:  Solving for Ux, Initial residual = 0.000128873, Final residual = 1.27948e-05, No Iterations 7
smoothSolver:  Solving for Uy, Initial residual = 0.00290138, Final residual = 0.000224884, No Iterations 7
smoothSolver:  Solving for Uz, Initial residual = 0.00243483, Final residual = 0.000186738, No Iterations 7
GAMG:  Solving for p, Initial residual = 0.00137291, Final residual = 5.29168e-06, No Iterations 4
time step continuity errors : sum local = 1.00228e-05, global = -1.49449e-07, cumulative = 4.52333e-05
smoothSolver:  Solving for omega, Initial residual = 2.26887e-05, Final residual = 1.37616e-06, No Iterations 3
smoothSolver:  Solving for k, Initial residual = 0.000230053, Final residual = 1.8535e-05, No Iterations 3
ExecutionTime = 103.75 s  ClockTime = 106 s

forceCoeffs forceCoeffs1 write:
    Cm    = 0.157122
    Cd    = 0.410966
    Cl    = 0.0631103
    Cl(f) = 0.188677
    Cl(r) = -0.125567

Time = 496

smoothSolver:  Solving for Ux, Initial residual = 0.000127517, Final residual = 9.66991e-06, No Iterations 8
smoothSolver:  Solving for Uy, Initial residual = 0.0028687, Final residual = 0.000223444, No Iterations 7
smoothSolver:  Solving for Uz, Initial residual = 0.00240785, Final residual = 0.000184169, No Iterations 7
GAMG:  Solving for p, Initial residual = 0.00135743, Final residual = 5.46898e-06, No Iterations 4
time step continuity errors : sum local = 1.0357e-05, global = -1.32573e-07, cumulative = 4.51007e-05
smoothSolver:  Solving for omega, Initial residual = 2.23508e-05, Final residual = 1.35018e-06, No Iterations 3
smoothSolver:  Solving for k, Initial residual = 0.000227684, Final residual = 1.85869e-05, No Iterations 3
ExecutionTime = 103.95 s  ClockTime = 107 s

forceCoeffs forceCoeffs1 write:
    Cm    = 0.157044
    Cd    = 0.41085
    Cl    = 0.063229
    Cl(f) = 0.188658
    Cl(r) = -0.125429

Time = 497

smoothSolver:  Solving for Ux, Initial residual = 0.000125893, Final residual = 9.55092e-06, No Iterations 8
smoothSolver:  Solving for Uy, Initial residual = 0.00284281, Final residual = 0.000222673, No Iterations 7
smoothSolver:  Solving for Uz, Initial residual = 0.00238498, Final residual = 0.000182985, No Iterations 7
GAMG:  Solving for p, Initial residual = 0.00134271, Final residual = 5.59807e-06, No Iterations 4
time step continuity errors : sum local = 1.06008e-05, global = -1.37051e-07, cumulative = 4.49637e-05
smoothSolver:  Solving for omega, Initial residual = 2.19477e-05, Final residual = 1.32987e-06, No Iterations 3
smoothSolver:  Solving for k, Initial residual = 0.000224645, Final residual = 1.85561e-05, No Iterations 3
ExecutionTime = 104.16 s  ClockTime = 107 s

forceCoeffs forceCoeffs1 write:
    Cm    = 0.156957
    Cd    = 0.410768
    Cl    = 0.063353
    Cl(f) = 0.188634
    Cl(r) = -0.125281

Time = 498

smoothSolver:  Solving for Ux, Initial residual = 0.000123873, Final residual = 1.23589e-05, No Iterations 7
smoothSolver:  Solving for Uy, Initial residual = 0.00280976, Final residual = 0.000221473, No Iterations 7
smoothSolver:  Solving for Uz, Initial residual = 0.00235594, Final residual = 0.000180293, No Iterations 7
GAMG:  Solving for p, Initial residual = 0.00133029, Final residual = 5.72819e-06, No Iterations 4
time step continuity errors : sum local = 1.08466e-05, global = -1.40903e-07, cumulative = 4.48228e-05
smoothSolver:  Solving for omega, Initial residual = 2.1704e-05, Final residual = 1.32134e-06, No Iterations 3
smoothSolver:  Solving for k, Initial residual = 0.000220355, Final residual = 1.84415e-05, No Iterations 3
ExecutionTime = 104.36 s  ClockTime = 107 s

forceCoeffs forceCoeffs1 write:
    Cm    = 0.156897
    Cd    = 0.410693
    Cl    = 0.0634387
    Cl(f) = 0.188616
    Cl(r) = -0.125178

Time = 499

smoothSolver:  Solving for Ux, Initial residual = 0.000122529, Final residual = 1.21601e-05, No Iterations 7
smoothSolver:  Solving for Uy, Initial residual = 0.00277176, Final residual = 0.000218772, No Iterations 7
smoothSolver:  Solving for Uz, Initial residual = 0.00232887, Final residual = 0.00017726, No Iterations 7
GAMG:  Solving for p, Initial residual = 0.00131676, Final residual = 5.70692e-06, No Iterations 4
time step continuity errors : sum local = 1.08057e-05, global = -1.28498e-07, cumulative = 4.46943e-05
smoothSolver:  Solving for omega, Initial residual = 2.1371e-05, Final residual = 1.29521e-06, No Iterations 3
smoothSolver:  Solving for k, Initial residual = 0.000215766, Final residual = 1.82612e-05, No Iterations 3
ExecutionTime = 104.57 s  ClockTime = 107 s

forceCoeffs forceCoeffs1 write:
    Cm    = 0.156813
    Cd    = 0.410617
    Cl    = 0.063531
    Cl(f) = 0.188579
    Cl(r) = -0.125048

Time = 500

smoothSolver:  Solving for Ux, Initial residual = 0.000120591, Final residual = 1.18623e-05, No Iterations 7
smoothSolver:  Solving for Uy, Initial residual = 0.00273574, Final residual = 0.000215586, No Iterations 7
smoothSolver:  Solving for Uz, Initial residual = 0.00230316, Final residual = 0.000174424, No Iterations 7
GAMG:  Solving for p, Initial residual = 0.00129958, Final residual = 5.56065e-06, No Iterations 4
time step continuity errors : sum local = 1.05278e-05, global = -1.01232e-07, cumulative = 4.4593e-05
smoothSolver:  Solving for omega, Initial residual = 2.10274e-05, Final residual = 1.27651e-06, No Iterations 3
smoothSolver:  Solving for k, Initial residual = 0.000210716, Final residual = 1.80046e-05, No Iterations 3
ExecutionTime = 104.79 s  ClockTime = 107 s

streamLine streamLines write:
    seeded 20 particles
    Tracks:20
    Total samples:18655
    Writing data to "/mnt/aiongpfs/users/mghavami/motorBike-RUN-12/postProcessing/sets/streamLines/500"
forceCoeffs forceCoeffs1 write:
    Cm    = 0.15679
    Cd    = 0.41061
    Cl    = 0.0636216
    Cl(f) = 0.188601
    Cl(r) = -0.124979

End

Finalising parallel run

real	1m49.022s
user	0m0.245s
sys	0m0.402s
== Finished job 6504595 at Tue Mar  4 16:17:20 CET 2025
