== Starting job 6504596 at Tue Mar  4 16:17:17 CET 2025
New entry numberOfSubdomains 24;

/*---------------------------------------------------------------------------*\
  =========                 |
  \\      /  F ield         | OpenFOAM: The Open Source CFD Toolbox
   \\    /   O peration     | Website:  https://openfoam.org
    \\  /    A nd           | Version:  8
     \\/     M anipulation  |
\*---------------------------------------------------------------------------*/
Build  : 8
Exec   : decomposePar -force
Date   : Mar 04 2025
Time   : 16:17:22
Host   : "aion-0322"
PID    : 3584288
I/O    : uncollated
Case   : /mnt/aiongpfs/users/mghavami/motorBike-RUN-06
nProcs : 1
sigFpe : Enabling floating point exception trapping (FOAM_SIGFPE).
fileModificationChecking : Monitoring run-time modified files using timeStampMaster (fileModificationSkew 10)
allowSystemOperations : Allowing user-supplied system call operations

// * * * * * * * * * * * * * * * * * * * * * * * * * * * * * * * * * * * * * //
Create time

Removing 6 existing processor directories


Decomposing mesh region0

Create mesh

Calculating distribution of cells
Selecting decompositionMethod scotch

Finished decomposition in 1.51 s

Calculating original mesh data

Distributing cells to processors

Distributing faces to processors

Distributing points to processors

Constructing processor meshes
Reading hexRef8 data : cellLevel
Reading hexRef8 data : pointLevel
Reading hexRef8 data : level0Edge

Processor 0
    Number of cells = 14786
    Number of faces shared with processor 1 = 388
    Number of faces shared with processor 2 = 530
    Number of faces shared with processor 3 = 94
    Number of faces shared with processor 4 = 179
    Number of faces shared with processor 5 = 106
    Number of faces shared with processor 6 = 67
    Number of faces shared with processor 7 = 87
    Number of faces shared with processor 10 = 479
    Number of faces shared with processor 12 = 51
    Number of faces shared with processor 15 = 143
    Number of faces shared with processor 16 = 87
    Number of processor patches = 11
    Number of processor faces = 2211
    Number of boundary faces = 2650

Processor 1
    Number of cells = 14665
    Number of faces shared with processor 0 = 388
    Number of faces shared with processor 2 = 584
    Number of faces shared with processor 4 = 64
    Number of faces shared with processor 5 = 330
    Number of faces shared with processor 6 = 466
    Number of faces shared with processor 7 = 431
    Number of faces shared with processor 8 = 7
    Number of processor patches = 7
    Number of processor faces = 2270
    Number of boundary faces = 2807

Processor 2
    Number of cells = 14563
    Number of faces shared with processor 0 = 530
    Number of faces shared with processor 1 = 584
    Number of faces shared with processor 3 = 528
    Number of faces shared with processor 4 = 188
    Number of faces shared with processor 5 = 177
    Number of faces shared with processor 6 = 233
    Number of faces shared with processor 11 = 16
    Number of faces shared with processor 15 = 1
    Number of faces shared with processor 16 = 19
    Number of processor patches = 9
    Number of processor faces = 2276
    Number of boundary faces = 2573

Processor 3
    Number of cells = 14822
    Number of faces shared with processor 0 = 94
    Number of faces shared with processor 2 = 528
    Number of faces shared with processor 5 = 148
    Number of faces shared with processor 6 = 7
    Number of faces shared with processor 9 = 45
    Number of faces shared with processor 10 = 188
    Number of faces shared with processor 11 = 377
    Number of faces shared with processor 13 = 316
    Number of faces shared with processor 15 = 401
    Number of faces shared with processor 16 = 44
    Number of faces shared with processor 17 = 122
    Number of processor patches = 11
    Number of processor faces = 2270
    Number of boundary faces = 3204

Processor 4
    Number of cells = 14773
    Number of faces shared with processor 0 = 179
    Number of faces shared with processor 1 = 64
    Number of faces shared with processor 2 = 188
    Number of faces shared with processor 5 = 1201
    Number of faces shared with processor 16 = 651
    Number of faces shared with processor 19 = 20
    Number of faces shared with processor 22 = 35
    Number of faces shared with processor 23 = 12
    Number of processor patches = 8
    Number of processor faces = 2350
    Number of boundary faces = 96

Processor 5
    Number of cells = 14822
    Number of faces shared with processor 0 = 106
    Number of faces shared with processor 1 = 330
    Number of faces shared with processor 2 = 177
    Number of faces shared with processor 3 = 148
    Number of faces shared with processor 4 = 1201
    Number of faces shared with processor 6 = 39
    Number of faces shared with processor 7 = 372
    Number of faces shared with processor 8 = 102
    Number of faces shared with processor 10 = 63
    Number of faces shared with processor 11 = 183
    Number of faces shared with processor 12 = 15
    Number of faces shared with processor 16 = 88
    Number of faces shared with processor 17 = 127
    Number of faces shared with processor 22 = 11
    Number of processor patches = 14
    Number of processor faces = 2962
    Number of boundary faces = 872

Processor 6
    Number of cells = 14793
    Number of faces shared with processor 0 = 67
    Number of faces shared with processor 1 = 466
    Number of faces shared with processor 2 = 233
    Number of faces shared with processor 3 = 7
    Number of faces shared with processor 5 = 39
    Number of faces shared with processor 7 = 319
    Number of faces shared with processor 8 = 456
    Number of faces shared with processor 9 = 448
    Number of faces shared with processor 10 = 105
    Number of faces shared with processor 11 = 131
    Number of processor patches = 10
    Number of processor faces = 2271
    Number of boundary faces = 3722

Processor 7
    Number of cells = 14619
    Number of faces shared with processor 0 = 87
    Number of faces shared with processor 1 = 431
    Number of faces shared with processor 5 = 372
    Number of faces shared with processor 6 = 319
    Number of faces shared with processor 8 = 925
    Number of faces shared with processor 10 = 71
    Number of processor patches = 6
    Number of processor faces = 2205
    Number of boundary faces = 2476

Processor 8
    Number of cells = 14530
    Number of faces shared with processor 1 = 7
    Number of faces shared with processor 5 = 102
    Number of faces shared with processor 6 = 456
    Number of faces shared with processor 7 = 925
    Number of faces shared with processor 9 = 313
    Number of faces shared with processor 10 = 109
    Number of faces shared with processor 11 = 433
    Number of processor patches = 7
    Number of processor faces = 2345
    Number of boundary faces = 3803

Processor 9
    Number of cells = 14535
    Number of faces shared with processor 3 = 45
    Number of faces shared with processor 6 = 448
    Number of faces shared with processor 8 = 313
    Number of faces shared with processor 10 = 192
    Number of faces shared with processor 11 = 249
    Number of faces shared with processor 13 = 276
    Number of processor patches = 6
    Number of processor faces = 1523
    Number of boundary faces = 5909

Processor 10
    Number of cells = 14784
    Number of faces shared with processor 0 = 479
    Number of faces shared with processor 3 = 188
    Number of faces shared with processor 5 = 63
    Number of faces shared with processor 6 = 105
    Number of faces shared with processor 7 = 71
    Number of faces shared with processor 8 = 109
    Number of faces shared with processor 9 = 192
    Number of faces shared with processor 11 = 452
    Number of faces shared with processor 12 = 634
    Number of faces shared with processor 13 = 88
    Number of faces shared with processor 15 = 241
    Number of processor patches = 11
    Number of processor faces = 2622
    Number of boundary faces = 3444

Processor 11
    Number of cells = 14819
    Number of faces shared with processor 2 = 16
    Number of faces shared with processor 3 = 377
    Number of faces shared with processor 5 = 183
    Number of faces shared with processor 6 = 131
    Number of faces shared with processor 8 = 433
    Number of faces shared with processor 9 = 249
    Number of faces shared with processor 10 = 452
    Number of faces shared with processor 12 = 75
    Number of faces shared with processor 13 = 439
    Number of faces shared with processor 14 = 61
    Number of faces shared with processor 17 = 15
    Number of processor patches = 11
    Number of processor faces = 2431
    Number of boundary faces = 3234

Processor 12
    Number of cells = 14765
    Number of faces shared with processor 0 = 51
    Number of faces shared with processor 5 = 15
    Number of faces shared with processor 10 = 634
    Number of faces shared with processor 11 = 75
    Number of faces shared with processor 13 = 258
    Number of faces shared with processor 14 = 637
    Number of faces shared with processor 15 = 762
    Number of faces shared with processor 16 = 95
    Number of faces shared with processor 17 = 234
    Number of processor patches = 9
    Number of processor faces = 2761
    Number of boundary faces = 2026

Processor 13
    Number of cells = 14753
    Number of faces shared with processor 3 = 316
    Number of faces shared with processor 9 = 276
    Number of faces shared with processor 10 = 88
    Number of faces shared with processor 11 = 439
    Number of faces shared with processor 12 = 258
    Number of faces shared with processor 14 = 784
    Number of faces shared with processor 15 = 87
    Number of faces shared with processor 17 = 48
    Number of processor patches = 8
    Number of processor faces = 2296
    Number of boundary faces = 4017

Processor 14
    Number of cells = 14679
    Number of faces shared with processor 11 = 61
    Number of faces shared with processor 12 = 637
    Number of faces shared with processor 13 = 784
    Number of faces shared with processor 15 = 119
    Number of faces shared with processor 17 = 245
    Number of processor patches = 5
    Number of processor faces = 1846
    Number of boundary faces = 3187

Processor 15
    Number of cells = 14754
    Number of faces shared with processor 0 = 143
    Number of faces shared with processor 2 = 1
    Number of faces shared with processor 3 = 401
    Number of faces shared with processor 10 = 241
    Number of faces shared with processor 12 = 762
    Number of faces shared with processor 13 = 87
    Number of faces shared with processor 14 = 119
    Number of faces shared with processor 16 = 197
    Number of faces shared with processor 17 = 184
    Number of processor patches = 9
    Number of processor faces = 2135
    Number of boundary faces = 2606

Processor 16
    Number of cells = 14721
    Number of faces shared with processor 0 = 87
    Number of faces shared with processor 2 = 19
    Number of faces shared with processor 3 = 44
    Number of faces shared with processor 4 = 651
    Number of faces shared with processor 5 = 88
    Number of faces shared with processor 12 = 95
    Number of faces shared with processor 15 = 197
    Number of faces shared with processor 17 = 566
    Number of faces shared with processor 22 = 757
    Number of faces shared with processor 23 = 46
    Number of processor patches = 10
    Number of processor faces = 2550
    Number of boundary faces = 6

Processor 17
    Number of cells = 14637
    Number of faces shared with processor 3 = 122
    Number of faces shared with processor 5 = 127
    Number of faces shared with processor 11 = 15
    Number of faces shared with processor 12 = 234
    Number of faces shared with processor 13 = 48
    Number of faces shared with processor 14 = 245
    Number of faces shared with processor 15 = 184
    Number of faces shared with processor 16 = 566
    Number of faces shared with processor 21 = 409
    Number of faces shared with processor 22 = 602
    Number of faces shared with processor 23 = 9
    Number of processor patches = 11
    Number of processor faces = 2561
    Number of boundary faces = 904

Processor 18
    Number of cells = 14652
    Number of faces shared with processor 19 = 727
    Number of faces shared with processor 20 = 713
    Number of faces shared with processor 21 = 478
    Number of faces shared with processor 23 = 3
    Number of processor patches = 4
    Number of processor faces = 1921
    Number of boundary faces = 1121

Processor 19
    Number of cells = 14530
    Number of faces shared with processor 4 = 20
    Number of faces shared with processor 18 = 727
    Number of faces shared with processor 20 = 1044
    Number of faces shared with processor 21 = 21
    Number of faces shared with processor 22 = 40
    Number of faces shared with processor 23 = 168
    Number of processor patches = 6
    Number of processor faces = 2020
    Number of boundary faces = 505

Processor 20
    Number of cells = 14530
    Number of faces shared with processor 18 = 713
    Number of faces shared with processor 19 = 1044
    Number of faces shared with processor 21 = 147
    Number of faces shared with processor 23 = 800
    Number of processor patches = 4
    Number of processor faces = 2704
    Number of boundary faces = 0

Processor 21
    Number of cells = 14591
    Number of faces shared with processor 17 = 409
    Number of faces shared with processor 18 = 478
    Number of faces shared with processor 19 = 21
    Number of faces shared with processor 20 = 147
    Number of faces shared with processor 22 = 478
    Number of faces shared with processor 23 = 678
    Number of processor patches = 6
    Number of processor faces = 2211
    Number of boundary faces = 897

Processor 22
    Number of cells = 14572
    Number of faces shared with processor 4 = 35
    Number of faces shared with processor 5 = 11
    Number of faces shared with processor 16 = 757
    Number of faces shared with processor 17 = 602
    Number of faces shared with processor 19 = 40
    Number of faces shared with processor 21 = 478
    Number of faces shared with processor 23 = 959
    Number of processor patches = 7
    Number of processor faces = 2882
    Number of boundary faces = 20

Processor 23
    Number of cells = 14531
    Number of faces shared with processor 4 = 12
    Number of faces shared with processor 16 = 46
    Number of faces shared with processor 17 = 9
    Number of faces shared with processor 18 = 3
    Number of faces shared with processor 19 = 168
    Number of faces shared with processor 20 = 800
    Number of faces shared with processor 21 = 678
    Number of faces shared with processor 22 = 959
    Number of processor patches = 8
    Number of processor faces = 2675
    Number of boundary faces = 17

Number of processor faces = 28149
Max number of cells = 14822 (0.994248% above average 14676.1)
Max number of processor patches = 14 (69.697% above average 8.25)
Max number of faces between processors = 2962 (26.2709% above average 2345.75)

Time = 0

Processor 0: field transfer
Processor 1: field transfer
Processor 2: field transfer
Processor 3: field transfer
Processor 4: field transfer
Processor 5: field transfer
Processor 6: field transfer
Processor 7: field transfer
Processor 8: field transfer
Processor 9: field transfer
Processor 10: field transfer
Processor 11: field transfer
Processor 12: field transfer
Processor 13: field transfer
Processor 14: field transfer
Processor 15: field transfer
Processor 16: field transfer
Processor 17: field transfer
Processor 18: field transfer
Processor 19: field transfer
Processor 20: field transfer
Processor 21: field transfer
Processor 22: field transfer
Processor 23: field transfer

End

/*---------------------------------------------------------------------------*\
  =========                 |
  \\      /  F ield         | OpenFOAM: The Open Source CFD Toolbox
   \\    /   O peration     | Website:  https://openfoam.org
    \\  /    A nd           | Version:  8
     \\/     M anipulation  |
\*---------------------------------------------------------------------------*/
Build  : 8
Exec   : /mnt/aiongpfs/apps/resif/aion/2020b/epyc/software/OpenFOAM/8-foss-2020b/OpenFOAM-8/platforms/linux64GccDPInt32Opt/bin/simpleFoam -parallel
Date   : Mar 04 2025
Time   : 16:17:28
Host   : "aion-0322"
PID    : 3584309
I/O    : uncollated
Case   : /mnt/aiongpfs/users/mghavami/motorBike-RUN-06
nProcs : 24
Slaves : 
23
(
"aion-0322.3584310"
"aion-0322.3584311"
"aion-0322.3584312"
"aion-0322.3584313"
"aion-0322.3584314"
"aion-0322.3584315"
"aion-0322.3584316"
"aion-0322.3584317"
"aion-0322.3584318"
"aion-0322.3584319"
"aion-0322.3584320"
"aion-0322.3584321"
"aion-0322.3584322"
"aion-0322.3584323"
"aion-0322.3584324"
"aion-0322.3584325"
"aion-0322.3584326"
"aion-0322.3584327"
"aion-0322.3584328"
"aion-0322.3584329"
"aion-0322.3584330"
"aion-0322.3584331"
"aion-0322.3584332"
)

Pstream initialized with:
    floatTransfer      : 0
    nProcsSimpleSum    : 0
    commsType          : nonBlocking
    polling iterations : 0
sigFpe : Enabling floating point exception trapping (FOAM_SIGFPE).
fileModificationChecking : Monitoring run-time modified files using timeStampMaster (fileModificationSkew 10)
allowSystemOperations : Allowing user-supplied system call operations

// * * * * * * * * * * * * * * * * * * * * * * * * * * * * * * * * * * * * * //
Create time

Create mesh for time = 0


SIMPLE: No convergence criteria found

Reading field p

Reading field U

Reading/calculating face flux field phi

Selecting incompressible transport model Newtonian
Selecting turbulence model type RAS
Selecting RAS turbulence model kOmegaSST
Selecting patchDistMethod meshWave
RAS
{
    model           kOmegaSST;
    turbulence      on;
    printCoeffs     on;
    alphaK1         0.85;
    alphaK2         1;
    alphaOmega1     0.5;
    alphaOmega2     0.856;
    gamma1          0.555556;
    gamma2          0.44;
    beta1           0.075;
    beta2           0.0828;
    betaStar        0.09;
    a1              0.31;
    b1              1;
    c1              10;
    F3              false;
}

No MRF models present

No finite volume options present

Starting time loop

streamLine streamLines:
    automatic track length specified through number of sub cycles : 5

Reading surface description:
    yNormal

forces forceCoeffs1:
    Not including porosity effects
forceCoeffs forceCoeffs1:
    Not including porosity effects
streamLine streamLines write:
    seeded 20 particles
    Tracks:20
    Total samples:16753
    Writing data to "/mnt/aiongpfs/users/mghavami/motorBike-RUN-06/postProcessing/sets/streamLines/0"
forceCoeffs forceCoeffs1 write:
    Cm    = 0.00913597
    Cd    = 0.0226629
    Cl    = 0.000780555
    Cl(f) = 0.00952625
    Cl(r) = -0.00874569

Time = 1

smoothSolver:  Solving for Ux, Initial residual = 0.0877674, Final residual = 0.00863264, No Iterations 7
smoothSolver:  Solving for Uy, Initial residual = 0.59182, Final residual = 0.0466969, No Iterations 7
smoothSolver:  Solving for Uz, Initial residual = 0.401408, Final residual = 0.0366745, No Iterations 5
GAMG:  Solving for p, Initial residual = 1, Final residual = 0.00533979, No Iterations 5
time step continuity errors : sum local = 0.000530618, global = -5.14017e-07, cumulative = -5.14017e-07
smoothSolver:  Solving for omega, Initial residual = 0.00297278, Final residual = 0.000225406, No Iterations 3
bounding omega, min: -0.850441 max: 1.17515e+06 average: 198.185
smoothSolver:  Solving for k, Initial residual = 1, Final residual = 0.0532404, No Iterations 3
ExecutionTime = 0.68 s  ClockTime = 0 s

forceCoeffs forceCoeffs1 write:
    Cm    = 0.570093
    Cd    = 1.34111
    Cl    = -0.040233
    Cl(f) = 0.549976
    Cl(r) = -0.590209

Time = 2

smoothSolver:  Solving for Ux, Initial residual = 0.0386728, Final residual = 0.00299937, No Iterations 8
smoothSolver:  Solving for Uy, Initial residual = 0.390743, Final residual = 0.038566, No Iterations 7
smoothSolver:  Solving for Uz, Initial residual = 0.16226, Final residual = 0.0139136, No Iterations 7
GAMG:  Solving for p, Initial residual = 0.0778778, Final residual = 0.000295135, No Iterations 5
time step continuity errors : sum local = 0.000298632, global = 6.41518e-07, cumulative = 1.27501e-07
smoothSolver:  Solving for omega, Initial residual = 0.00309558, Final residual = 0.000297483, No Iterations 3
smoothSolver:  Solving for k, Initial residual = 0.0566746, Final residual = 0.00351807, No Iterations 3
ExecutionTime = 0.79 s  ClockTime = 0 s

forceCoeffs forceCoeffs1 write:
    Cm    = 0.651882
    Cd    = 1.5267
    Cl    = -0.0542997
    Cl(f) = 0.624732
    Cl(r) = -0.679032

Time = 3

smoothSolver:  Solving for Ux, Initial residual = 0.0201399, Final residual = 0.00174379, No Iterations 8
smoothSolver:  Solving for Uy, Initial residual = 0.303549, Final residual = 0.0234752, No Iterations 8
smoothSolver:  Solving for Uz, Initial residual = 0.109657, Final residual = 0.0100511, No Iterations 7
GAMG:  Solving for p, Initial residual = 0.0528704, Final residual = 0.000465961, No Iterations 4
time step continuity errors : sum local = 0.000655889, global = -1.61118e-06, cumulative = -1.48368e-06
smoothSolver:  Solving for omega, Initial residual = 0.00241304, Final residual = 0.000212242, No Iterations 3
smoothSolver:  Solving for k, Initial residual = 0.022555, Final residual = 0.00154638, No Iterations 3
ExecutionTime = 0.89 s  ClockTime = 1 s

forceCoeffs forceCoeffs1 write:
    Cm    = 0.570904
    Cd    = 1.33363
    Cl    = -0.0396737
    Cl(f) = 0.551067
    Cl(r) = -0.590741

Time = 4

smoothSolver:  Solving for Ux, Initial residual = 0.0136184, Final residual = 0.00122115, No Iterations 8
smoothSolver:  Solving for Uy, Initial residual = 0.241902, Final residual = 0.0240162, No Iterations 7
smoothSolver:  Solving for Uz, Initial residual = 0.0995446, Final residual = 0.00917204, No Iterations 7
GAMG:  Solving for p, Initial residual = 0.0464251, Final residual = 0.000362013, No Iterations 4
time step continuity errors : sum local = 0.000592427, global = -5.64336e-08, cumulative = -1.54012e-06
smoothSolver:  Solving for omega, Initial residual = 0.00196339, Final residual = 0.00018371, No Iterations 3
smoothSolver:  Solving for k, Initial residual = 0.013071, Final residual = 0.000939558, No Iterations 3
ExecutionTime = 1 s  ClockTime = 1 s

forceCoeffs forceCoeffs1 write:
    Cm    = 0.463094
    Cd    = 1.0852
    Cl    = -0.0282105
    Cl(f) = 0.448989
    Cl(r) = -0.4772

Time = 5

smoothSolver:  Solving for Ux, Initial residual = 0.0105806, Final residual = 0.000914781, No Iterations 8
smoothSolver:  Solving for Uy, Initial residual = 0.207808, Final residual = 0.0197236, No Iterations 7
smoothSolver:  Solving for Uz, Initial residual = 0.102098, Final residual = 0.00944418, No Iterations 7
GAMG:  Solving for p, Initial residual = 0.0414609, Final residual = 0.000308243, No Iterations 4
time step continuity errors : sum local = 0.000558849, global = 3.74081e-06, cumulative = 2.20069e-06
smoothSolver:  Solving for omega, Initial residual = 0.00161979, Final residual = 0.000151611, No Iterations 3
smoothSolver:  Solving for k, Initial residual = 0.00942994, Final residual = 0.000706635, No Iterations 3
ExecutionTime = 1.1 s  ClockTime = 1 s

forceCoeffs forceCoeffs1 write:
    Cm    = 0.373577
    Cd    = 0.882472
    Cl    = -0.0174752
    Cl(f) = 0.36484
    Cl(r) = -0.382315

Time = 6

smoothSolver:  Solving for Ux, Initial residual = 0.00847641, Final residual = 0.000713495, No Iterations 8
smoothSolver:  Solving for Uy, Initial residual = 0.185051, Final residual = 0.017311, No Iterations 7
smoothSolver:  Solving for Uz, Initial residual = 0.107104, Final residual = 0.0100761, No Iterations 7
GAMG:  Solving for p, Initial residual = 0.0370447, Final residual = 0.00025661, No Iterations 4
time step continuity errors : sum local = 0.000504874, global = 6.16653e-06, cumulative = 8.36722e-06
smoothSolver:  Solving for omega, Initial residual = 0.00135921, Final residual = 0.000126245, No Iterations 3
smoothSolver:  Solving for k, Initial residual = 0.00766539, Final residual = 0.000598001, No Iterations 3
ExecutionTime = 1.21 s  ClockTime = 1 s

forceCoeffs forceCoeffs1 write:
    Cm    = 0.306088
    Cd    = 0.730829
    Cl    = -0.00349251
    Cl(f) = 0.304342
    Cl(r) = -0.307834

Time = 7

smoothSolver:  Solving for Ux, Initial residual = 0.00711433, Final residual = 0.000582397, No Iterations 8
smoothSolver:  Solving for Uy, Initial residual = 0.166433, Final residual = 0.0154223, No Iterations 7
smoothSolver:  Solving for Uz, Initial residual = 0.117115, Final residual = 0.0109951, No Iterations 7
GAMG:  Solving for p, Initial residual = 0.032856, Final residual = 0.000210933, No Iterations 4
time step continuity errors : sum local = 0.0004426, global = 7.03257e-06, cumulative = 1.53998e-05
smoothSolver:  Solving for omega, Initial residual = 0.00117114, Final residual = 0.00010618, No Iterations 3
smoothSolver:  Solving for k, Initial residual = 0.00667117, Final residual = 0.000540831, No Iterations 3
ExecutionTime = 1.31 s  ClockTime = 1 s

forceCoeffs forceCoeffs1 write:
    Cm    = 0.258918
    Cd    = 0.624709
    Cl    = 0.00736836
    Cl(f) = 0.262602
    Cl(r) = -0.255234

Time = 8

smoothSolver:  Solving for Ux, Initial residual = 0.00611111, Final residual = 0.000502327, No Iterations 8
smoothSolver:  Solving for Uy, Initial residual = 0.14763, Final residual = 0.0135664, No Iterations 7
smoothSolver:  Solving for Uz, Initial residual = 0.128225, Final residual = 0.0119868, No Iterations 7
GAMG:  Solving for p, Initial residual = 0.0299104, Final residual = 0.000170724, No Iterations 4
time step continuity errors : sum local = 0.000375034, global = 7.48594e-06, cumulative = 2.28857e-05
smoothSolver:  Solving for omega, Initial residual = 0.00102562, Final residual = 9.16534e-05, No Iterations 3
smoothSolver:  Solving for k, Initial residual = 0.0059899, Final residual = 0.000502397, No Iterations 3
ExecutionTime = 1.42 s  ClockTime = 1 s

forceCoeffs forceCoeffs1 write:
    Cm    = 0.227299
    Cd    = 0.554653
    Cl    = 0.0126972
    Cl(f) = 0.233647
    Cl(r) = -0.22095

Time = 9

smoothSolver:  Solving for Ux, Initial residual = 0.00535423, Final residual = 0.000448949, No Iterations 8
smoothSolver:  Solving for Uy, Initial residual = 0.131661, Final residual = 0.0119895, No Iterations 7
smoothSolver:  Solving for Uz, Initial residual = 0.135131, Final residual = 0.0125861, No Iterations 7
GAMG:  Solving for p, Initial residual = 0.0278036, Final residual = 0.000142835, No Iterations 4
time step continuity errors : sum local = 0.000322243, global = 6.08574e-06, cumulative = 2.89715e-05
smoothSolver:  Solving for omega, Initial residual = 0.000916488, Final residual = 8.09482e-05, No Iterations 3
smoothSolver:  Solving for k, Initial residual = 0.00547021, Final residual = 0.000472417, No Iterations 3
ExecutionTime = 1.53 s  ClockTime = 1 s

forceCoeffs forceCoeffs1 write:
    Cm    = 0.207116
    Cd    = 0.510329
    Cl    = 0.01552
    Cl(f) = 0.214876
    Cl(r) = -0.199356

Time = 10

smoothSolver:  Solving for Ux, Initial residual = 0.00478373, Final residual = 0.000408602, No Iterations 8
smoothSolver:  Solving for Uy, Initial residual = 0.119398, Final residual = 0.0107846, No Iterations 7
smoothSolver:  Solving for Uz, Initial residual = 0.124264, Final residual = 0.0115795, No Iterations 7
GAMG:  Solving for p, Initial residual = 0.0261544, Final residual = 0.000124813, No Iterations 4
time step continuity errors : sum local = 0.000284554, global = 3.58734e-06, cumulative = 3.25588e-05
smoothSolver:  Solving for omega, Initial residual = 0.000833998, Final residual = 7.30604e-05, No Iterations 3
smoothSolver:  Solving for k, Initial residual = 0.00509349, Final residual = 0.00045109, No Iterations 3
ExecutionTime = 1.63 s  ClockTime = 1 s

forceCoeffs forceCoeffs1 write:
    Cm    = 0.193814
    Cd    = 0.481846
    Cl    = 0.0179404
    Cl(f) = 0.202784
    Cl(r) = -0.184843

Time = 11

smoothSolver:  Solving for Ux, Initial residual = 0.00436165, Final residual = 0.000373334, No Iterations 8
smoothSolver:  Solving for Uy, Initial residual = 0.108266, Final residual = 0.00981424, No Iterations 7
smoothSolver:  Solving for Uz, Initial residual = 0.113424, Final residual = 0.0105307, No Iterations 7
GAMG:  Solving for p, Initial residual = 0.0250174, Final residual = 0.000120239, No Iterations 4
time step continuity errors : sum local = 0.000273348, global = 3.00672e-06, cumulative = 3.55655e-05
smoothSolver:  Solving for omega, Initial residual = 0.000772736, Final residual = 6.67561e-05, No Iterations 3
smoothSolver:  Solving for k, Initial residual = 0.00481384, Final residual = 0.000432792, No Iterations 3
ExecutionTime = 1.73 s  ClockTime = 1 s

forceCoeffs forceCoeffs1 write:
    Cm    = 0.185235
    Cd    = 0.463049
    Cl    = 0.0210174
    Cl(f) = 0.195743
    Cl(r) = -0.174726

Time = 12

smoothSolver:  Solving for Ux, Initial residual = 0.00407205, Final residual = 0.00034626, No Iterations 8
smoothSolver:  Solving for Uy, Initial residual = 0.0988906, Final residual = 0.00905823, No Iterations 7
smoothSolver:  Solving for Uz, Initial residual = 0.10804, Final residual = 0.0101481, No Iterations 7
GAMG:  Solving for p, Initial residual = 0.0241414, Final residual = 0.000121446, No Iterations 4
time step continuity errors : sum local = 0.000272934, global = 2.91309e-07, cumulative = 3.58568e-05
smoothSolver:  Solving for omega, Initial residual = 0.000721166, Final residual = 6.16902e-05, No Iterations 3
smoothSolver:  Solving for k, Initial residual = 0.00462609, Final residual = 0.000418191, No Iterations 3
ExecutionTime = 1.83 s  ClockTime = 2 s

forceCoeffs forceCoeffs1 write:
    Cm    = 0.180057
    Cd    = 0.450673
    Cl    = 0.0259267
    Cl(f) = 0.193021
    Cl(r) = -0.167094

Time = 13

smoothSolver:  Solving for Ux, Initial residual = 0.00385325, Final residual = 0.000324789, No Iterations 8
smoothSolver:  Solving for Uy, Initial residual = 0.0904627, Final residual = 0.00839308, No Iterations 7
smoothSolver:  Solving for Uz, Initial residual = 0.103681, Final residual = 0.00980247, No Iterations 7
GAMG:  Solving for p, Initial residual = 0.0235425, Final residual = 0.000122678, No Iterations 4
time step continuity errors : sum local = 0.000271641, global = -8.01179e-07, cumulative = 3.50557e-05
smoothSolver:  Solving for omega, Initial residual = 0.000675254, Final residual = 5.74944e-05, No Iterations 3
smoothSolver:  Solving for k, Initial residual = 0.00446054, Final residual = 0.000407769, No Iterations 3
ExecutionTime = 1.94 s  ClockTime = 2 s

forceCoeffs forceCoeffs1 write:
    Cm    = 0.177537
    Cd    = 0.442909
    Cl    = 0.0312919
    Cl(f) = 0.193183
    Cl(r) = -0.161891

Time = 14

smoothSolver:  Solving for Ux, Initial residual = 0.00367984, Final residual = 0.000311839, No Iterations 8
smoothSolver:  Solving for Uy, Initial residual = 0.0834509, Final residual = 0.00780297, No Iterations 7
smoothSolver:  Solving for Uz, Initial residual = 0.0945538, Final residual = 0.00897278, No Iterations 7
GAMG:  Solving for p, Initial residual = 0.0230264, Final residual = 0.000122634, No Iterations 4
time step continuity errors : sum local = 0.000267532, global = 5.88447e-07, cumulative = 3.56441e-05
smoothSolver:  Solving for omega, Initial residual = 0.000634045, Final residual = 5.4068e-05, No Iterations 3
smoothSolver:  Solving for k, Initial residual = 0.0043351, Final residual = 0.000400597, No Iterations 3
ExecutionTime = 2.04 s  ClockTime = 2 s

forceCoeffs forceCoeffs1 write:
    Cm    = 0.17723
    Cd    = 0.439004
    Cl    = 0.0368548
    Cl(f) = 0.195658
    Cl(r) = -0.158803

Time = 15

smoothSolver:  Solving for Ux, Initial residual = 0.00352577, Final residual = 0.000301578, No Iterations 8
smoothSolver:  Solving for Uy, Initial residual = 0.0771965, Final residual = 0.00728152, No Iterations 7
smoothSolver:  Solving for Uz, Initial residual = 0.0851883, Final residual = 0.00812731, No Iterations 7
GAMG:  Solving for p, Initial residual = 0.0224561, Final residual = 0.000120987, No Iterations 4
time step continuity errors : sum local = 0.00026087, global = 5.22282e-07, cumulative = 3.61664e-05
smoothSolver:  Solving for omega, Initial residual = 0.000598521, Final residual = 5.10939e-05, No Iterations 3
smoothSolver:  Solving for k, Initial residual = 0.00423732, Final residual = 0.000394958, No Iterations 3
ExecutionTime = 2.15 s  ClockTime = 2 s

forceCoeffs forceCoeffs1 write:
    Cm    = 0.177562
    Cd    = 0.436294
    Cl    = 0.0425226
    Cl(f) = 0.198823
    Cl(r) = -0.156301

Time = 16

smoothSolver:  Solving for Ux, Initial residual = 0.00337026, Final residual = 0.00028886, No Iterations 8
smoothSolver:  Solving for Uy, Initial residual = 0.0715363, Final residual = 0.00681765, No Iterations 7
smoothSolver:  Solving for Uz, Initial residual = 0.0776792, Final residual = 0.00743667, No Iterations 7
GAMG:  Solving for p, Initial residual = 0.0217804, Final residual = 0.00011565, No Iterations 4
time step continuity errors : sum local = 0.000248426, global = 7.85301e-07, cumulative = 3.69517e-05
smoothSolver:  Solving for omega, Initial residual = 0.000565197, Final residual = 4.79434e-05, No Iterations 3
smoothSolver:  Solving for k, Initial residual = 0.00412242, Final residual = 0.000389497, No Iterations 3
ExecutionTime = 2.25 s  ClockTime = 2 s

forceCoeffs forceCoeffs1 write:
    Cm    = 0.17779
    Cd    = 0.433701
    Cl    = 0.0476266
    Cl(f) = 0.201603
    Cl(r) = -0.153977

Time = 17

smoothSolver:  Solving for Ux, Initial residual = 0.00321302, Final residual = 0.000276262, No Iterations 8
smoothSolver:  Solving for Uy, Initial residual = 0.0665087, Final residual = 0.00639555, No Iterations 7
smoothSolver:  Solving for Uz, Initial residual = 0.0712933, Final residual = 0.00676699, No Iterations 7
GAMG:  Solving for p, Initial residual = 0.0208596, Final residual = 0.000106408, No Iterations 4
time step continuity errors : sum local = 0.000228694, global = 1.04344e-06, cumulative = 3.79951e-05
smoothSolver:  Solving for omega, Initial residual = 0.000537172, Final residual = 4.53036e-05, No Iterations 3
smoothSolver:  Solving for k, Initial residual = 0.00404107, Final residual = 0.000383644, No Iterations 3
ExecutionTime = 2.36 s  ClockTime = 2 s

forceCoeffs forceCoeffs1 write:
    Cm    = 0.178011
    Cd    = 0.431789
    Cl    = 0.0516036
    Cl(f) = 0.203812
    Cl(r) = -0.152209

Time = 18

smoothSolver:  Solving for Ux, Initial residual = 0.0030577, Final residual = 0.000264082, No Iterations 8
smoothSolver:  Solving for Uy, Initial residual = 0.062005, Final residual = 0.00595741, No Iterations 7
smoothSolver:  Solving for Uz, Initial residual = 0.0658966, Final residual = 0.00624073, No Iterations 7
GAMG:  Solving for p, Initial residual = 0.0200031, Final residual = 9.6706e-05, No Iterations 4
time step continuity errors : sum local = 0.000208263, global = 1.45997e-06, cumulative = 3.94551e-05
smoothSolver:  Solving for omega, Initial residual = 0.000514608, Final residual = 4.3065e-05, No Iterations 3
smoothSolver:  Solving for k, Initial residual = 0.00401044, Final residual = 0.000379757, No Iterations 3
ExecutionTime = 2.47 s  ClockTime = 2 s

forceCoeffs forceCoeffs1 write:
    Cm    = 0.178395
    Cd    = 0.430935
    Cl    = 0.0537788
    Cl(f) = 0.205285
    Cl(r) = -0.151506

Time = 19

smoothSolver:  Solving for Ux, Initial residual = 0.00290414, Final residual = 0.000250984, No Iterations 8
smoothSolver:  Solving for Uy, Initial residual = 0.0579802, Final residual = 0.00554636, No Iterations 7
smoothSolver:  Solving for Uz, Initial residual = 0.0621522, Final residual = 0.00587564, No Iterations 7
GAMG:  Solving for p, Initial residual = 0.0193337, Final residual = 9.03271e-05, No Iterations 4
time step continuity errors : sum local = 0.000194553, global = -1.18041e-06, cumulative = 3.82747e-05
smoothSolver:  Solving for omega, Initial residual = 0.000492444, Final residual = 4.09481e-05, No Iterations 3
smoothSolver:  Solving for k, Initial residual = 0.00398724, Final residual = 0.000373571, No Iterations 3
ExecutionTime = 2.57 s  ClockTime = 2 s

forceCoeffs forceCoeffs1 write:
    Cm    = 0.178706
    Cd    = 0.43022
    Cl    = 0.0541844
    Cl(f) = 0.205798
    Cl(r) = -0.151614

Time = 20

smoothSolver:  Solving for Ux, Initial residual = 0.00276507, Final residual = 0.000238005, No Iterations 8
smoothSolver:  Solving for Uy, Initial residual = 0.0545701, Final residual = 0.0051924, No Iterations 7
smoothSolver:  Solving for Uz, Initial residual = 0.059713, Final residual = 0.00562962, No Iterations 7
GAMG:  Solving for p, Initial residual = 0.0188016, Final residual = 9.01567e-05, No Iterations 4
time step continuity errors : sum local = 0.0001939, global = -1.34277e-06, cumulative = 3.69319e-05
smoothSolver:  Solving for omega, Initial residual = 0.000470925, Final residual = 3.89168e-05, No Iterations 3
smoothSolver:  Solving for k, Initial residual = 0.00391694, Final residual = 0.000365356, No Iterations 3
ExecutionTime = 2.67 s  ClockTime = 2 s

forceCoeffs forceCoeffs1 write:
    Cm    = 0.178857
    Cd    = 0.429273
    Cl    = 0.0533393
    Cl(f) = 0.205527
    Cl(r) = -0.152188

Time = 21

smoothSolver:  Solving for Ux, Initial residual = 0.00265172, Final residual = 0.00022757, No Iterations 8
smoothSolver:  Solving for Uy, Initial residual = 0.0517875, Final residual = 0.00493815, No Iterations 7
smoothSolver:  Solving for Uz, Initial residual = 0.0580255, Final residual = 0.00552098, No Iterations 7
GAMG:  Solving for p, Initial residual = 0.0182044, Final residual = 9.17661e-05, No Iterations 4
time step continuity errors : sum local = 0.00019675, global = -7.14985e-07, cumulative = 3.62169e-05
smoothSolver:  Solving for omega, Initial residual = 0.000449789, Final residual = 3.6869e-05, No Iterations 3
smoothSolver:  Solving for k, Initial residual = 0.00384705, Final residual = 0.00035888, No Iterations 3
ExecutionTime = 2.78 s  ClockTime = 3 s

forceCoeffs forceCoeffs1 write:
    Cm    = 0.178852
    Cd    = 0.428479
    Cl    = 0.0520986
    Cl(f) = 0.204901
    Cl(r) = -0.152802

Time = 22

smoothSolver:  Solving for Ux, Initial residual = 0.00254452, Final residual = 0.000218421, No Iterations 8
smoothSolver:  Solving for Uy, Initial residual = 0.0494062, Final residual = 0.00476159, No Iterations 7
smoothSolver:  Solving for Uz, Initial residual = 0.0560366, Final residual = 0.00538237, No Iterations 7
GAMG:  Solving for p, Initial residual = 0.0174783, Final residual = 9.10209e-05, No Iterations 4
time step continuity errors : sum local = 0.000194413, global = 5.18011e-07, cumulative = 3.6735e-05
smoothSolver:  Solving for omega, Initial residual = 0.000423746, Final residual = 3.49214e-05, No Iterations 3
smoothSolver:  Solving for k, Initial residual = 0.00372956, Final residual = 0.000351016, No Iterations 3
ExecutionTime = 2.87 s  ClockTime = 3 s

forceCoeffs forceCoeffs1 write:
    Cm    = 0.178175
    Cd    = 0.427401
    Cl    = 0.0514349
    Cl(f) = 0.203892
    Cl(r) = -0.152457

Time = 23

smoothSolver:  Solving for Ux, Initial residual = 0.00243926, Final residual = 0.000210349, No Iterations 8
smoothSolver:  Solving for Uy, Initial residual = 0.047382, Final residual = 0.00463846, No Iterations 7
smoothSolver:  Solving for Uz, Initial residual = 0.0539578, Final residual = 0.00523486, No Iterations 7
GAMG:  Solving for p, Initial residual = 0.0167066, Final residual = 8.64263e-05, No Iterations 4
time step continuity errors : sum local = 0.000183658, global = 1.10897e-06, cumulative = 3.78439e-05
smoothSolver:  Solving for omega, Initial residual = 0.000400086, Final residual = 3.29648e-05, No Iterations 3
smoothSolver:  Solving for k, Initial residual = 0.0035835, Final residual = 0.000342011, No Iterations 3
ExecutionTime = 2.98 s  ClockTime = 3 s

forceCoeffs forceCoeffs1 write:
    Cm    = 0.176626
    Cd    = 0.425727
    Cl    = 0.0517613
    Cl(f) = 0.202506
    Cl(r) = -0.150745

Time = 24

smoothSolver:  Solving for Ux, Initial residual = 0.00234547, Final residual = 0.000203812, No Iterations 8
smoothSolver:  Solving for Uy, Initial residual = 0.0456301, Final residual = 0.00451376, No Iterations 7
smoothSolver:  Solving for Uz, Initial residual = 0.0515975, Final residual = 0.00505505, No Iterations 7
GAMG:  Solving for p, Initial residual = 0.0160076, Final residual = 7.91647e-05, No Iterations 4
time step continuity errors : sum local = 0.000167156, global = 1.13825e-06, cumulative = 3.89822e-05
smoothSolver:  Solving for omega, Initial residual = 0.00037701, Final residual = 3.12534e-05, No Iterations 3
smoothSolver:  Solving for k, Initial residual = 0.00345719, Final residual = 0.000334968, No Iterations 3
ExecutionTime = 3.08 s  ClockTime = 3 s

forceCoeffs forceCoeffs1 write:
    Cm    = 0.174406
    Cd    = 0.423469
    Cl    = 0.052991
    Cl(f) = 0.200901
    Cl(r) = -0.14791

Time = 25

smoothSolver:  Solving for Ux, Initial residual = 0.00224747, Final residual = 0.00019654, No Iterations 8
smoothSolver:  Solving for Uy, Initial residual = 0.0438073, Final residual = 0.00431741, No Iterations 7
smoothSolver:  Solving for Uz, Initial residual = 0.0491487, Final residual = 0.00482041, No Iterations 7
GAMG:  Solving for p, Initial residual = 0.015337, Final residual = 7.24272e-05, No Iterations 4
time step continuity errors : sum local = 0.000151872, global = 9.68813e-07, cumulative = 3.9951e-05
smoothSolver:  Solving for omega, Initial residual = 0.000357891, Final residual = 2.98081e-05, No Iterations 3
smoothSolver:  Solving for k, Initial residual = 0.00340238, Final residual = 0.00032929, No Iterations 3
ExecutionTime = 3.18 s  ClockTime = 3 s

forceCoeffs forceCoeffs1 write:
    Cm    = 0.171861
    Cd    = 0.42108
    Cl    = 0.0545012
    Cl(f) = 0.199112
    Cl(r) = -0.14461

Time = 26

smoothSolver:  Solving for Ux, Initial residual = 0.00214746, Final residual = 0.000189026, No Iterations 8
smoothSolver:  Solving for Uy, Initial residual = 0.0415861, Final residual = 0.0040893, No Iterations 7
smoothSolver:  Solving for Uz, Initial residual = 0.0463695, Final residual = 0.00454612, No Iterations 7
GAMG:  Solving for p, Initial residual = 0.0147936, Final residual = 6.70279e-05, No Iterations 4
time step continuity errors : sum local = 0.000139474, global = 7.736e-07, cumulative = 4.07246e-05
smoothSolver:  Solving for omega, Initial residual = 0.000338992, Final residual = 2.83755e-05, No Iterations 3
smoothSolver:  Solving for k, Initial residual = 0.00330569, Final residual = 0.000320988, No Iterations 3
ExecutionTime = 3.29 s  ClockTime = 3 s

forceCoeffs forceCoeffs1 write:
    Cm    = 0.169597
    Cd    = 0.419321
    Cl    = 0.0559137
    Cl(f) = 0.197554
    Cl(r) = -0.141641

Time = 27

smoothSolver:  Solving for Ux, Initial residual = 0.00203809, Final residual = 0.000180211, No Iterations 8
smoothSolver:  Solving for Uy, Initial residual = 0.0393537, Final residual = 0.00385508, No Iterations 7
smoothSolver:  Solving for Uz, Initial residual = 0.0433434, Final residual = 0.00420554, No Iterations 7
GAMG:  Solving for p, Initial residual = 0.0142152, Final residual = 6.47822e-05, No Iterations 4
time step continuity errors : sum local = 0.000133564, global = 5.87809e-07, cumulative = 4.13124e-05
smoothSolver:  Solving for omega, Initial residual = 0.000321681, Final residual = 2.71396e-05, No Iterations 3
smoothSolver:  Solving for k, Initial residual = 0.00321594, Final residual = 0.000315368, No Iterations 3
ExecutionTime = 3.4 s  ClockTime = 3 s

forceCoeffs forceCoeffs1 write:
    Cm    = 0.167893
    Cd    = 0.418415
    Cl    = 0.0568636
    Cl(f) = 0.196325
    Cl(r) = -0.139462

Time = 28

smoothSolver:  Solving for Ux, Initial residual = 0.00192139, Final residual = 0.000170833, No Iterations 8
smoothSolver:  Solving for Uy, Initial residual = 0.0368899, Final residual = 0.00362189, No Iterations 7
smoothSolver:  Solving for Uz, Initial residual = 0.0401301, Final residual = 0.00384462, No Iterations 7
GAMG:  Solving for p, Initial residual = 0.0136986, Final residual = 6.25596e-05, No Iterations 4
time step continuity errors : sum local = 0.00012791, global = 2.36157e-07, cumulative = 4.15486e-05
smoothSolver:  Solving for omega, Initial residual = 0.000305685, Final residual = 2.59761e-05, No Iterations 3
smoothSolver:  Solving for k, Initial residual = 0.00313668, Final residual = 0.000309789, No Iterations 3
ExecutionTime = 3.51 s  ClockTime = 3 s

forceCoeffs forceCoeffs1 write:
    Cm    = 0.166684
    Cd    = 0.417839
    Cl    = 0.0575782
    Cl(f) = 0.195473
    Cl(r) = -0.137895

Time = 29

smoothSolver:  Solving for Ux, Initial residual = 0.00181369, Final residual = 0.000162127, No Iterations 8
smoothSolver:  Solving for Uy, Initial residual = 0.0346917, Final residual = 0.00338956, No Iterations 7
smoothSolver:  Solving for Uz, Initial residual = 0.0372896, Final residual = 0.00352389, No Iterations 7
GAMG:  Solving for p, Initial residual = 0.0131539, Final residual = 5.90882e-05, No Iterations 4
time step continuity errors : sum local = 0.000119907, global = -1.155e-07, cumulative = 4.14331e-05
smoothSolver:  Solving for omega, Initial residual = 0.000291957, Final residual = 2.48553e-05, No Iterations 3
smoothSolver:  Solving for k, Initial residual = 0.00308878, Final residual = 0.000303787, No Iterations 3
ExecutionTime = 3.6 s  ClockTime = 3 s

forceCoeffs forceCoeffs1 write:
    Cm    = 0.165808
    Cd    = 0.417189
    Cl    = 0.0581903
    Cl(f) = 0.194903
    Cl(r) = -0.136713

Time = 30

smoothSolver:  Solving for Ux, Initial residual = 0.00171681, Final residual = 0.000152856, No Iterations 8
smoothSolver:  Solving for Uy, Initial residual = 0.0326822, Final residual = 0.00315062, No Iterations 7
smoothSolver:  Solving for Uz, Initial residual = 0.0347265, Final residual = 0.00325201, No Iterations 7
GAMG:  Solving for p, Initial residual = 0.0126139, Final residual = 5.59393e-05, No Iterations 4
time step continuity errors : sum local = 0.000112747, global = -3.50674e-07, cumulative = 4.10824e-05
smoothSolver:  Solving for omega, Initial residual = 0.000277952, Final residual = 2.38266e-05, No Iterations 3
smoothSolver:  Solving for k, Initial residual = 0.00302679, Final residual = 0.000297827, No Iterations 3
ExecutionTime = 3.71 s  ClockTime = 3 s

forceCoeffs forceCoeffs1 write:
    Cm    = 0.165094
    Cd    = 0.416295
    Cl    = 0.0590326
    Cl(f) = 0.19461
    Cl(r) = -0.135577

Time = 31

smoothSolver:  Solving for Ux, Initial residual = 0.00161829, Final residual = 0.000142923, No Iterations 8
smoothSolver:  Solving for Uy, Initial residual = 0.030905, Final residual = 0.00291981, No Iterations 7
smoothSolver:  Solving for Uz, Initial residual = 0.0325497, Final residual = 0.00300487, No Iterations 7
GAMG:  Solving for p, Initial residual = 0.0120932, Final residual = 5.30288e-05, No Iterations 4
time step continuity errors : sum local = 0.000106163, global = -5.50414e-07, cumulative = 4.0532e-05
smoothSolver:  Solving for omega, Initial residual = 0.000266397, Final residual = 2.29038e-05, No Iterations 3
smoothSolver:  Solving for k, Initial residual = 0.00295216, Final residual = 0.000291772, No Iterations 3
ExecutionTime = 3.82 s  ClockTime = 4 s

forceCoeffs forceCoeffs1 write:
    Cm    = 0.164523
    Cd    = 0.415404
    Cl    = 0.0598447
    Cl(f) = 0.194445
    Cl(r) = -0.134601

Time = 32

smoothSolver:  Solving for Ux, Initial residual = 0.00152723, Final residual = 0.000132539, No Iterations 8
smoothSolver:  Solving for Uy, Initial residual = 0.0293877, Final residual = 0.00272094, No Iterations 7
smoothSolver:  Solving for Uz, Initial residual = 0.0305798, Final residual = 0.00276938, No Iterations 7
GAMG:  Solving for p, Initial residual = 0.0116143, Final residual = 5.0826e-05, No Iterations 4
time step continuity errors : sum local = 0.000101067, global = -7.05467e-07, cumulative = 3.98265e-05
smoothSolver:  Solving for omega, Initial residual = 0.000257003, Final residual = 2.20567e-05, No Iterations 3
smoothSolver:  Solving for k, Initial residual = 0.00287605, Final residual = 0.000286705, No Iterations 3
ExecutionTime = 3.93 s  ClockTime = 4 s

forceCoeffs forceCoeffs1 write:
    Cm    = 0.164129
    Cd    = 0.414632
    Cl    = 0.0608109
    Cl(f) = 0.194534
    Cl(r) = -0.133723

Time = 33

smoothSolver:  Solving for Ux, Initial residual = 0.00144099, Final residual = 0.000122607, No Iterations 8
smoothSolver:  Solving for Uy, Initial residual = 0.0281169, Final residual = 0.00257586, No Iterations 7
smoothSolver:  Solving for Uz, Initial residual = 0.0286873, Final residual = 0.00257696, No Iterations 7
GAMG:  Solving for p, Initial residual = 0.0111912, Final residual = 4.91836e-05, No Iterations 4
time step continuity errors : sum local = 9.71836e-05, global = -7.95443e-07, cumulative = 3.90311e-05
smoothSolver:  Solving for omega, Initial residual = 0.00024776, Final residual = 2.11214e-05, No Iterations 3
smoothSolver:  Solving for k, Initial residual = 0.00280546, Final residual = 0.000129938, No Iterations 4
ExecutionTime = 4.03 s  ClockTime = 4 s

forceCoeffs forceCoeffs1 write:
    Cm    = 0.163837
    Cd    = 0.414003
    Cl    = 0.061781
    Cl(f) = 0.194728
    Cl(r) = -0.132947

Time = 34

smoothSolver:  Solving for Ux, Initial residual = 0.00136039, Final residual = 0.000114146, No Iterations 8
smoothSolver:  Solving for Uy, Initial residual = 0.0269997, Final residual = 0.00247075, No Iterations 7
smoothSolver:  Solving for Uz, Initial residual = 0.0271347, Final residual = 0.00240837, No Iterations 7
GAMG:  Solving for p, Initial residual = 0.0108699, Final residual = 4.70978e-05, No Iterations 4
time step continuity errors : sum local = 9.25298e-05, global = -7.82311e-07, cumulative = 3.82487e-05
smoothSolver:  Solving for omega, Initial residual = 0.000239421, Final residual = 2.01478e-05, No Iterations 3
smoothSolver:  Solving for k, Initial residual = 0.00273918, Final residual = 0.000127145, No Iterations 4
ExecutionTime = 4.12 s  ClockTime = 4 s

forceCoeffs forceCoeffs1 write:
    Cm    = 0.163569
    Cd    = 0.413507
    Cl    = 0.0627619
    Cl(f) = 0.19495
    Cl(r) = -0.132188

Time = 35

smoothSolver:  Solving for Ux, Initial residual = 0.00129576, Final residual = 0.000107175, No Iterations 8
smoothSolver:  Solving for Uy, Initial residual = 0.0260676, Final residual = 0.00237228, No Iterations 7
smoothSolver:  Solving for Uz, Initial residual = 0.0259037, Final residual = 0.00226828, No Iterations 7
GAMG:  Solving for p, Initial residual = 0.0106081, Final residual = 4.46152e-05, No Iterations 4
time step continuity errors : sum local = 8.72126e-05, global = -6.44101e-07, cumulative = 3.76046e-05
smoothSolver:  Solving for omega, Initial residual = 0.000230776, Final residual = 1.9188e-05, No Iterations 3
smoothSolver:  Solving for k, Initial residual = 0.00268101, Final residual = 0.000266814, No Iterations 3
ExecutionTime = 4.23 s  ClockTime = 4 s

forceCoeffs forceCoeffs1 write:
    Cm    = 0.163328
    Cd    = 0.413177
    Cl    = 0.063609
    Cl(f) = 0.195133
    Cl(r) = -0.131524

Time = 36

smoothSolver:  Solving for Ux, Initial residual = 0.0012414, Final residual = 0.000101229, No Iterations 8
smoothSolver:  Solving for Uy, Initial residual = 0.0252481, Final residual = 0.0022645, No Iterations 7
smoothSolver:  Solving for Uz, Initial residual = 0.0247445, Final residual = 0.00213883, No Iterations 7
GAMG:  Solving for p, Initial residual = 0.0103595, Final residual = 4.3514e-05, No Iterations 4
time step continuity errors : sum local = 8.47022e-05, global = -6.01922e-07, cumulative = 3.70027e-05
smoothSolver:  Solving for omega, Initial residual = 0.000220913, Final residual = 1.82124e-05, No Iterations 3
smoothSolver:  Solving for k, Initial residual = 0.00261385, Final residual = 0.000256919, No Iterations 3
ExecutionTime = 4.33 s  ClockTime = 4 s

forceCoeffs forceCoeffs1 write:
    Cm    = 0.163065
    Cd    = 0.412881
    Cl    = 0.0641727
    Cl(f) = 0.195152
    Cl(r) = -0.130979

Time = 37

smoothSolver:  Solving for Ux, Initial residual = 0.00118566, Final residual = 9.55052e-05, No Iterations 8
smoothSolver:  Solving for Uy, Initial residual = 0.0244472, Final residual = 0.00215512, No Iterations 7
smoothSolver:  Solving for Uz, Initial residual = 0.0235288, Final residual = 0.0020153, No Iterations 7
GAMG:  Solving for p, Initial residual = 0.0100724, Final residual = 4.41728e-05, No Iterations 4
time step continuity errors : sum local = 8.56487e-05, global = -4.88772e-07, cumulative = 3.65139e-05
smoothSolver:  Solving for omega, Initial residual = 0.000211441, Final residual = 1.73173e-05, No Iterations 3
smoothSolver:  Solving for k, Initial residual = 0.00254138, Final residual = 0.000248274, No Iterations 3
ExecutionTime = 4.44 s  ClockTime = 4 s

forceCoeffs forceCoeffs1 write:
    Cm    = 0.162945
    Cd    = 0.412697
    Cl    = 0.0644207
    Cl(f) = 0.195155
    Cl(r) = -0.130734

Time = 38

smoothSolver:  Solving for Ux, Initial residual = 0.00112893, Final residual = 9.04734e-05, No Iterations 8
smoothSolver:  Solving for Uy, Initial residual = 0.0236665, Final residual = 0.00206053, No Iterations 7
smoothSolver:  Solving for Uz, Initial residual = 0.0223147, Final residual = 0.00189965, No Iterations 7
GAMG:  Solving for p, Initial residual = 0.00969828, Final residual = 4.49458e-05, No Iterations 4
time step continuity errors : sum local = 8.68244e-05, global = -2.45665e-07, cumulative = 3.62683e-05
smoothSolver:  Solving for omega, Initial residual = 0.000202171, Final residual = 1.64962e-05, No Iterations 3
smoothSolver:  Solving for k, Initial residual = 0.00246631, Final residual = 0.000240658, No Iterations 3
ExecutionTime = 4.53 s  ClockTime = 4 s

forceCoeffs forceCoeffs1 write:
    Cm    = 0.162954
    Cd    = 0.412575
    Cl    = 0.0641348
    Cl(f) = 0.195022
    Cl(r) = -0.130887

Time = 39

smoothSolver:  Solving for Ux, Initial residual = 0.00107276, Final residual = 8.61577e-05, No Iterations 8
smoothSolver:  Solving for Uy, Initial residual = 0.0229256, Final residual = 0.00197779, No Iterations 7
smoothSolver:  Solving for Uz, Initial residual = 0.0211205, Final residual = 0.00179369, No Iterations 7
GAMG:  Solving for p, Initial residual = 0.00929503, Final residual = 4.60804e-05, No Iterations 4
time step continuity errors : sum local = 8.87298e-05, global = 1.73096e-07, cumulative = 3.64414e-05
smoothSolver:  Solving for omega, Initial residual = 0.00019269, Final residual = 1.56866e-05, No Iterations 3
smoothSolver:  Solving for k, Initial residual = 0.00238554, Final residual = 0.000233694, No Iterations 3
ExecutionTime = 4.64 s  ClockTime = 4 s

forceCoeffs forceCoeffs1 write:
    Cm    = 0.163091
    Cd    = 0.412367
    Cl    = 0.0635427
    Cl(f) = 0.194863
    Cl(r) = -0.13132

Time = 40

smoothSolver:  Solving for Ux, Initial residual = 0.00102139, Final residual = 8.21776e-05, No Iterations 8
smoothSolver:  Solving for Uy, Initial residual = 0.022109, Final residual = 0.00190501, No Iterations 7
smoothSolver:  Solving for Uz, Initial residual = 0.019995, Final residual = 0.0016976, No Iterations 7
GAMG:  Solving for p, Initial residual = 0.00889605, Final residual = 4.7242e-05, No Iterations 4
time step continuity errors : sum local = 9.0733e-05, global = 1.08067e-06, cumulative = 3.7522e-05
smoothSolver:  Solving for omega, Initial residual = 0.000183742, Final residual = 1.49465e-05, No Iterations 3
smoothSolver:  Solving for k, Initial residual = 0.00230791, Final residual = 0.000227264, No Iterations 3
ExecutionTime = 4.75 s  ClockTime = 5 s

forceCoeffs forceCoeffs1 write:
    Cm    = 0.16324
    Cd    = 0.412139
    Cl    = 0.0627398
    Cl(f) = 0.19461
    Cl(r) = -0.13187

Time = 41

smoothSolver:  Solving for Ux, Initial residual = 0.000976911, Final residual = 7.87846e-05, No Iterations 8
smoothSolver:  Solving for Uy, Initial residual = 0.0212083, Final residual = 0.00181999, No Iterations 7
smoothSolver:  Solving for Uz, Initial residual = 0.0190739, Final residual = 0.00161131, No Iterations 7
GAMG:  Solving for p, Initial residual = 0.00853361, Final residual = 4.77797e-05, No Iterations 4
time step continuity errors : sum local = 9.15734e-05, global = 1.58267e-06, cumulative = 3.91047e-05
smoothSolver:  Solving for omega, Initial residual = 0.000174941, Final residual = 1.42294e-05, No Iterations 3
smoothSolver:  Solving for k, Initial residual = 0.00224107, Final residual = 0.000221357, No Iterations 3
ExecutionTime = 4.84 s  ClockTime = 5 s

forceCoeffs forceCoeffs1 write:
    Cm    = 0.163312
    Cd    = 0.411902
    Cl    = 0.0620453
    Cl(f) = 0.194335
    Cl(r) = -0.132289

Time = 42

smoothSolver:  Solving for Ux, Initial residual = 0.000932051, Final residual = 7.57404e-05, No Iterations 8
smoothSolver:  Solving for Uy, Initial residual = 0.0201954, Final residual = 0.00173915, No Iterations 7
smoothSolver:  Solving for Uz, Initial residual = 0.0183111, Final residual = 0.00153526, No Iterations 7
GAMG:  Solving for p, Initial residual = 0.00824973, Final residual = 4.62923e-05, No Iterations 4
time step continuity errors : sum local = 8.85607e-05, global = 1.34002e-06, cumulative = 4.04447e-05
smoothSolver:  Solving for omega, Initial residual = 0.000167609, Final residual = 1.35991e-05, No Iterations 3
smoothSolver:  Solving for k, Initial residual = 0.00218071, Final residual = 0.000215352, No Iterations 3
ExecutionTime = 4.95 s  ClockTime = 5 s

forceCoeffs forceCoeffs1 write:
    Cm    = 0.163256
    Cd    = 0.411678
    Cl    = 0.061684
    Cl(f) = 0.194098
    Cl(r) = -0.132414

Time = 43

smoothSolver:  Solving for Ux, Initial residual = 0.000889037, Final residual = 7.27053e-05, No Iterations 8
smoothSolver:  Solving for Uy, Initial residual = 0.0191975, Final residual = 0.00167249, No Iterations 7
smoothSolver:  Solving for Uz, Initial residual = 0.0176459, Final residual = 0.00147988, No Iterations 7
GAMG:  Solving for p, Initial residual = 0.00798282, Final residual = 4.27196e-05, No Iterations 4
time step continuity errors : sum local = 8.15599e-05, global = 4.53795e-07, cumulative = 4.08985e-05
smoothSolver:  Solving for omega, Initial residual = 0.000161178, Final residual = 1.30437e-05, No Iterations 3
smoothSolver:  Solving for k, Initial residual = 0.00212261, Final residual = 0.000209657, No Iterations 3
ExecutionTime = 5.05 s  ClockTime = 5 s

forceCoeffs forceCoeffs1 write:
    Cm    = 0.163126
    Cd    = 0.411577
    Cl    = 0.0619902
    Cl(f) = 0.194121
    Cl(r) = -0.132131

Time = 44

smoothSolver:  Solving for Ux, Initial residual = 0.000850915, Final residual = 7.0384e-05, No Iterations 8
smoothSolver:  Solving for Uy, Initial residual = 0.018283, Final residual = 0.0016198, No Iterations 7
smoothSolver:  Solving for Uz, Initial residual = 0.0169934, Final residual = 0.0014456, No Iterations 7
GAMG:  Solving for p, Initial residual = 0.00773052, Final residual = 3.93408e-05, No Iterations 4
time step continuity errors : sum local = 7.49461e-05, global = -1.3597e-07, cumulative = 4.07626e-05
smoothSolver:  Solving for omega, Initial residual = 0.000155567, Final residual = 1.25744e-05, No Iterations 3
smoothSolver:  Solving for k, Initial residual = 0.00206937, Final residual = 0.000204372, No Iterations 3
ExecutionTime = 5.15 s  ClockTime = 5 s

forceCoeffs forceCoeffs1 write:
    Cm    = 0.162938
    Cd    = 0.411602
    Cl    = 0.0628499
    Cl(f) = 0.194363
    Cl(r) = -0.131513

Time = 45

smoothSolver:  Solving for Ux, Initial residual = 0.000816355, Final residual = 6.83718e-05, No Iterations 8
smoothSolver:  Solving for Uy, Initial residual = 0.0175175, Final residual = 0.00158496, No Iterations 7
smoothSolver:  Solving for Uz, Initial residual = 0.0163654, Final residual = 0.00141464, No Iterations 7
GAMG:  Solving for p, Initial residual = 0.00748138, Final residual = 3.75633e-05, No Iterations 4
time step continuity errors : sum local = 7.14004e-05, global = -4.48133e-07, cumulative = 4.03144e-05
smoothSolver:  Solving for omega, Initial residual = 0.000150519, Final residual = 1.21072e-05, No Iterations 3
smoothSolver:  Solving for k, Initial residual = 0.00202053, Final residual = 0.000199579, No Iterations 3
ExecutionTime = 5.25 s  ClockTime = 5 s

forceCoeffs forceCoeffs1 write:
    Cm    = 0.162688
    Cd    = 0.41171
    Cl    = 0.0641737
    Cl(f) = 0.194775
    Cl(r) = -0.130601

Time = 46

smoothSolver:  Solving for Ux, Initial residual = 0.000787976, Final residual = 6.67147e-05, No Iterations 8
smoothSolver:  Solving for Uy, Initial residual = 0.0169031, Final residual = 0.00155198, No Iterations 7
smoothSolver:  Solving for Uz, Initial residual = 0.0156783, Final residual = 0.00137472, No Iterations 7
GAMG:  Solving for p, Initial residual = 0.00722864, Final residual = 3.70529e-05, No Iterations 4
time step continuity errors : sum local = 7.02802e-05, global = -6.72714e-07, cumulative = 3.96417e-05
smoothSolver:  Solving for omega, Initial residual = 0.000145163, Final residual = 1.16218e-05, No Iterations 3
smoothSolver:  Solving for k, Initial residual = 0.00197479, Final residual = 0.000195043, No Iterations 3
ExecutionTime = 5.36 s  ClockTime = 5 s

forceCoeffs forceCoeffs1 write:
    Cm    = 0.162392
    Cd    = 0.41174
    Cl    = 0.0658083
    Cl(f) = 0.195296
    Cl(r) = -0.129488

Time = 47

smoothSolver:  Solving for Ux, Initial residual = 0.000765183, Final residual = 6.53437e-05, No Iterations 8
smoothSolver:  Solving for Uy, Initial residual = 0.01637, Final residual = 0.00150351, No Iterations 7
smoothSolver:  Solving for Uz, Initial residual = 0.0151332, Final residual = 0.00132668, No Iterations 7
GAMG:  Solving for p, Initial residual = 0.0069742, Final residual = 3.6191e-05, No Iterations 4
time step continuity errors : sum local = 6.85258e-05, global = -6.90533e-07, cumulative = 3.89512e-05
smoothSolver:  Solving for omega, Initial residual = 0.000139617, Final residual = 1.11805e-05, No Iterations 3
smoothSolver:  Solving for k, Initial residual = 0.00191975, Final residual = 0.000190502, No Iterations 3
ExecutionTime = 5.46 s  ClockTime = 5 s

forceCoeffs forceCoeffs1 write:
    Cm    = 0.162033
    Cd    = 0.411652
    Cl    = 0.0674888
    Cl(f) = 0.195778
    Cl(r) = -0.128289

Time = 48

smoothSolver:  Solving for Ux, Initial residual = 0.000747872, Final residual = 6.42991e-05, No Iterations 8
smoothSolver:  Solving for Uy, Initial residual = 0.0158877, Final residual = 0.00144779, No Iterations 7
smoothSolver:  Solving for Uz, Initial residual = 0.0146477, Final residual = 0.0012806, No Iterations 7
GAMG:  Solving for p, Initial residual = 0.00673685, Final residual = 3.43631e-05, No Iterations 4
time step continuity errors : sum local = 6.498e-05, global = -5.39454e-07, cumulative = 3.84117e-05
smoothSolver:  Solving for omega, Initial residual = 0.000134433, Final residual = 1.08029e-05, No Iterations 3
smoothSolver:  Solving for k, Initial residual = 0.0018634, Final residual = 0.000185646, No Iterations 3
ExecutionTime = 5.57 s  ClockTime = 5 s

forceCoeffs forceCoeffs1 write:
    Cm    = 0.161601
    Cd    = 0.411369
    Cl    = 0.0689449
    Cl(f) = 0.196074
    Cl(r) = -0.127129

Time = 49

smoothSolver:  Solving for Ux, Initial residual = 0.000732654, Final residual = 6.341e-05, No Iterations 8
smoothSolver:  Solving for Uy, Initial residual = 0.0154711, Final residual = 0.00139565, No Iterations 7
smoothSolver:  Solving for Uz, Initial residual = 0.0142464, Final residual = 0.00124116, No Iterations 7
GAMG:  Solving for p, Initial residual = 0.00650047, Final residual = 3.17108e-05, No Iterations 4
time step continuity errors : sum local = 5.99122e-05, global = -3.86465e-07, cumulative = 3.80253e-05
smoothSolver:  Solving for omega, Initial residual = 0.000129968, Final residual = 1.04407e-05, No Iterations 3
smoothSolver:  Solving for k, Initial residual = 0.00180937, Final residual = 0.000180373, No Iterations 3
ExecutionTime = 5.67 s  ClockTime = 5 s

forceCoeffs forceCoeffs1 write:
    Cm    = 0.161108
    Cd    = 0.411014
    Cl    = 0.0700685
    Cl(f) = 0.196143
    Cl(r) = -0.126074

Time = 50

smoothSolver:  Solving for Ux, Initial residual = 0.000717242, Final residual = 6.19834e-05, No Iterations 8
smoothSolver:  Solving for Uy, Initial residual = 0.0150337, Final residual = 0.00134868, No Iterations 7
smoothSolver:  Solving for Uz, Initial residual = 0.013849, Final residual = 0.00120264, No Iterations 7
GAMG:  Solving for p, Initial residual = 0.00626991, Final residual = 2.90352e-05, No Iterations 4
time step continuity errors : sum local = 5.48436e-05, global = -2.88189e-07, cumulative = 3.77371e-05
smoothSolver:  Solving for omega, Initial residual = 0.00012526, Final residual = 1.0035e-05, No Iterations 3
smoothSolver:  Solving for k, Initial residual = 0.00174931, Final residual = 0.000174481, No Iterations 3
ExecutionTime = 5.77 s  ClockTime = 6 s

forceCoeffs forceCoeffs1 write:
    Cm    = 0.160549
    Cd    = 0.410619
    Cl    = 0.0707358
    Cl(f) = 0.195916
    Cl(r) = -0.125181

Time = 51

smoothSolver:  Solving for Ux, Initial residual = 0.000698256, Final residual = 6.0018e-05, No Iterations 8
smoothSolver:  Solving for Uy, Initial residual = 0.0145297, Final residual = 0.00129724, No Iterations 7
smoothSolver:  Solving for Uz, Initial residual = 0.0133926, Final residual = 0.00116669, No Iterations 7
GAMG:  Solving for p, Initial residual = 0.00605272, Final residual = 2.7068e-05, No Iterations 4
time step continuity errors : sum local = 5.11427e-05, global = -3.7363e-07, cumulative = 3.73634e-05
smoothSolver:  Solving for omega, Initial residual = 0.000120574, Final residual = 9.64984e-06, No Iterations 3
smoothSolver:  Solving for k, Initial residual = 0.00168471, Final residual = 7.78432e-05, No Iterations 4
ExecutionTime = 5.87 s  ClockTime = 6 s

forceCoeffs forceCoeffs1 write:
    Cm    = 0.159951
    Cd    = 0.410293
    Cl    = 0.0710648
    Cl(f) = 0.195483
    Cl(r) = -0.124419

Time = 52

smoothSolver:  Solving for Ux, Initial residual = 0.000677571, Final residual = 5.77403e-05, No Iterations 8
smoothSolver:  Solving for Uy, Initial residual = 0.013969, Final residual = 0.00124183, No Iterations 7
smoothSolver:  Solving for Uz, Initial residual = 0.0129489, Final residual = 0.00113466, No Iterations 7
GAMG:  Solving for p, Initial residual = 0.00585956, Final residual = 2.55423e-05, No Iterations 4
time step continuity errors : sum local = 4.8292e-05, global = -3.98602e-07, cumulative = 3.69648e-05
smoothSolver:  Solving for omega, Initial residual = 0.000116486, Final residual = 9.31782e-06, No Iterations 3
smoothSolver:  Solving for k, Initial residual = 0.00161368, Final residual = 7.56474e-05, No Iterations 4
ExecutionTime = 5.97 s  ClockTime = 6 s

forceCoeffs forceCoeffs1 write:
    Cm    = 0.159329
    Cd    = 0.410117
    Cl    = 0.0710128
    Cl(f) = 0.194836
    Cl(r) = -0.123823

Time = 53

smoothSolver:  Solving for Ux, Initial residual = 0.000656731, Final residual = 5.51611e-05, No Iterations 8
smoothSolver:  Solving for Uy, Initial residual = 0.0134595, Final residual = 0.00118755, No Iterations 7
smoothSolver:  Solving for Uz, Initial residual = 0.0124891, Final residual = 0.00109544, No Iterations 7
GAMG:  Solving for p, Initial residual = 0.00567977, Final residual = 2.43325e-05, No Iterations 4
time step continuity errors : sum local = 4.60408e-05, global = -4.17414e-07, cumulative = 3.65474e-05
smoothSolver:  Solving for omega, Initial residual = 0.000112695, Final residual = 9.04037e-06, No Iterations 3
smoothSolver:  Solving for k, Initial residual = 0.00154575, Final residual = 7.30817e-05, No Iterations 4
ExecutionTime = 6.08 s  ClockTime = 6 s

forceCoeffs forceCoeffs1 write:
    Cm    = 0.158689
    Cd    = 0.410094
    Cl    = 0.0707477
    Cl(f) = 0.194063
    Cl(r) = -0.123315

Time = 54

smoothSolver:  Solving for Ux, Initial residual = 0.000634722, Final residual = 5.23348e-05, No Iterations 8
smoothSolver:  Solving for Uy, Initial residual = 0.0130419, Final residual = 0.00113727, No Iterations 7
smoothSolver:  Solving for Uz, Initial residual = 0.0120594, Final residual = 0.00106145, No Iterations 7
GAMG:  Solving for p, Initial residual = 0.00550771, Final residual = 2.3361e-05, No Iterations 4
time step continuity errors : sum local = 4.4237e-05, global = -3.98407e-07, cumulative = 3.6149e-05
smoothSolver:  Solving for omega, Initial residual = 0.00010917, Final residual = 8.76249e-06, No Iterations 3
smoothSolver:  Solving for k, Initial residual = 0.00148085, Final residual = 7.02405e-05, No Iterations 4
ExecutionTime = 6.18 s  ClockTime = 6 s

forceCoeffs forceCoeffs1 write:
    Cm    = 0.158089
    Cd    = 0.410235
    Cl    = 0.0702673
    Cl(f) = 0.193223
    Cl(r) = -0.122956

Time = 55

smoothSolver:  Solving for Ux, Initial residual = 0.000613825, Final residual = 4.9748e-05, No Iterations 8
smoothSolver:  Solving for Uy, Initial residual = 0.0127258, Final residual = 0.00110028, No Iterations 7
smoothSolver:  Solving for Uz, Initial residual = 0.0117102, Final residual = 0.0010291, No Iterations 7
GAMG:  Solving for p, Initial residual = 0.00535167, Final residual = 2.26803e-05, No Iterations 4
time step continuity errors : sum local = 4.29799e-05, global = -3.89024e-07, cumulative = 3.576e-05
smoothSolver:  Solving for omega, Initial residual = 0.000105809, Final residual = 8.51633e-06, No Iterations 3
smoothSolver:  Solving for k, Initial residual = 0.00141726, Final residual = 6.72399e-05, No Iterations 4
ExecutionTime = 6.29 s  ClockTime = 6 s

forceCoeffs forceCoeffs1 write:
    Cm    = 0.15759
    Cd    = 0.410529
    Cl    = 0.0697534
    Cl(f) = 0.192467
    Cl(r) = -0.122713

Time = 56

smoothSolver:  Solving for Ux, Initial residual = 0.000593725, Final residual = 4.74525e-05, No Iterations 8
smoothSolver:  Solving for Uy, Initial residual = 0.012447, Final residual = 0.00106961, No Iterations 7
smoothSolver:  Solving for Uz, Initial residual = 0.0114003, Final residual = 0.000997791, No Iterations 7
GAMG:  Solving for p, Initial residual = 0.00522013, Final residual = 2.21396e-05, No Iterations 4
time step continuity errors : sum local = 4.19789e-05, global = -3.68547e-07, cumulative = 3.53914e-05
smoothSolver:  Solving for omega, Initial residual = 0.000102269, Final residual = 8.25776e-06, No Iterations 3
smoothSolver:  Solving for k, Initial residual = 0.00135905, Final residual = 6.44271e-05, No Iterations 4
ExecutionTime = 6.39 s  ClockTime = 6 s

forceCoeffs forceCoeffs1 write:
    Cm    = 0.157174
    Cd    = 0.410873
    Cl    = 0.0691468
    Cl(f) = 0.191748
    Cl(r) = -0.122601

Time = 57

smoothSolver:  Solving for Ux, Initial residual = 0.000573325, Final residual = 4.5155e-05, No Iterations 8
smoothSolver:  Solving for Uy, Initial residual = 0.012173, Final residual = 0.00103708, No Iterations 7
smoothSolver:  Solving for Uz, Initial residual = 0.0110841, Final residual = 0.000965506, No Iterations 7
GAMG:  Solving for p, Initial residual = 0.00510052, Final residual = 2.15914e-05, No Iterations 4
time step continuity errors : sum local = 4.09604e-05, global = -4.06461e-07, cumulative = 3.4985e-05
smoothSolver:  Solving for omega, Initial residual = 9.90702e-05, Final residual = 8.0114e-06, No Iterations 3
smoothSolver:  Solving for k, Initial residual = 0.00130464, Final residual = 6.17849e-05, No Iterations 4
ExecutionTime = 6.49 s  ClockTime = 6 s

forceCoeffs forceCoeffs1 write:
    Cm    = 0.156893
    Cd    = 0.411287
    Cl    = 0.06867
    Cl(f) = 0.191228
    Cl(r) = -0.122558

Time = 58

smoothSolver:  Solving for Ux, Initial residual = 0.000550887, Final residual = 4.28588e-05, No Iterations 8
smoothSolver:  Solving for Uy, Initial residual = 0.011844, Final residual = 0.000998131, No Iterations 7
smoothSolver:  Solving for Uz, Initial residual = 0.0107949, Final residual = 0.00092956, No Iterations 7
GAMG:  Solving for p, Initial residual = 0.0049971, Final residual = 2.09987e-05, No Iterations 4
time step continuity errors : sum local = 3.98538e-05, global = -2.01593e-07, cumulative = 3.47834e-05
smoothSolver:  Solving for omega, Initial residual = 9.59254e-05, Final residual = 7.75045e-06, No Iterations 3
smoothSolver:  Solving for k, Initial residual = 0.00125585, Final residual = 5.92445e-05, No Iterations 4
ExecutionTime = 6.59 s  ClockTime = 6 s

forceCoeffs forceCoeffs1 write:
    Cm    = 0.156698
    Cd    = 0.411711
    Cl    = 0.0682015
    Cl(f) = 0.190799
    Cl(r) = -0.122598

Time = 59

smoothSolver:  Solving for Ux, Initial residual = 0.000526953, Final residual = 4.08167e-05, No Iterations 8
smoothSolver:  Solving for Uy, Initial residual = 0.0115174, Final residual = 0.000961144, No Iterations 7
smoothSolver:  Solving for Uz, Initial residual = 0.0105092, Final residual = 0.00089098, No Iterations 7
GAMG:  Solving for p, Initial residual = 0.00489926, Final residual = 2.01717e-05, No Iterations 4
time step continuity errors : sum local = 3.83016e-05, global = 1.44482e-08, cumulative = 3.47978e-05
smoothSolver:  Solving for omega, Initial residual = 9.2841e-05, Final residual = 7.4752e-06, No Iterations 3
smoothSolver:  Solving for k, Initial residual = 0.00120924, Final residual = 5.68397e-05, No Iterations 4
ExecutionTime = 6.7 s  ClockTime = 7 s

forceCoeffs forceCoeffs1 write:
    Cm    = 0.156589
    Cd    = 0.412179
    Cl    = 0.0677998
    Cl(f) = 0.190489
    Cl(r) = -0.122689

Time = 60

smoothSolver:  Solving for Ux, Initial residual = 0.000504187, Final residual = 3.88979e-05, No Iterations 8
smoothSolver:  Solving for Uy, Initial residual = 0.0112017, Final residual = 0.000924142, No Iterations 7
smoothSolver:  Solving for Uz, Initial residual = 0.0101955, Final residual = 0.000847559, No Iterations 7
GAMG:  Solving for p, Initial residual = 0.00478185, Final residual = 1.93186e-05, No Iterations 4
time step continuity errors : sum local = 3.66979e-05, global = 1.80258e-07, cumulative = 3.49781e-05
smoothSolver:  Solving for omega, Initial residual = 8.9478e-05, Final residual = 7.19353e-06, No Iterations 3
smoothSolver:  Solving for k, Initial residual = 0.00116285, Final residual = 5.44643e-05, No Iterations 4
ExecutionTime = 6.8 s  ClockTime = 7 s

forceCoeffs forceCoeffs1 write:
    Cm    = 0.156498
    Cd    = 0.412591
    Cl    = 0.0673806
    Cl(f) = 0.190188
    Cl(r) = -0.122808

Time = 61

smoothSolver:  Solving for Ux, Initial residual = 0.000483216, Final residual = 3.70807e-05, No Iterations 8
smoothSolver:  Solving for Uy, Initial residual = 0.010903, Final residual = 0.000893646, No Iterations 7
smoothSolver:  Solving for Uz, Initial residual = 0.00988997, Final residual = 0.000809592, No Iterations 7
GAMG:  Solving for p, Initial residual = 0.00463867, Final residual = 1.8817e-05, No Iterations 4
time step continuity errors : sum local = 3.57627e-05, global = 2.14134e-07, cumulative = 3.51922e-05
smoothSolver:  Solving for omega, Initial residual = 8.60937e-05, Final residual = 6.91958e-06, No Iterations 3
smoothSolver:  Solving for k, Initial residual = 0.00111611, Final residual = 5.21438e-05, No Iterations 4
ExecutionTime = 6.9 s  ClockTime = 7 s

forceCoeffs forceCoeffs1 write:
    Cm    = 0.156513
    Cd    = 0.413047
    Cl    = 0.0670355
    Cl(f) = 0.190031
    Cl(r) = -0.122995

Time = 62

smoothSolver:  Solving for Ux, Initial residual = 0.000463786, Final residual = 3.5851e-05, No Iterations 8
smoothSolver:  Solving for Uy, Initial residual = 0.0106041, Final residual = 0.000868717, No Iterations 7
smoothSolver:  Solving for Uz, Initial residual = 0.00952677, Final residual = 0.000770561, No Iterations 7
GAMG:  Solving for p, Initial residual = 0.00447358, Final residual = 1.83379e-05, No Iterations 4
time step continuity errors : sum local = 3.48716e-05, global = 2.06716e-07, cumulative = 3.53989e-05
smoothSolver:  Solving for omega, Initial residual = 8.26942e-05, Final residual = 6.6336e-06, No Iterations 3
smoothSolver:  Solving for k, Initial residual = 0.00107042, Final residual = 4.98291e-05, No Iterations 4
ExecutionTime = 7.01 s  ClockTime = 7 s

forceCoeffs forceCoeffs1 write:
    Cm    = 0.156544
    Cd    = 0.413399
    Cl    = 0.0666205
    Cl(f) = 0.189854
    Cl(r) = -0.123234

Time = 63

smoothSolver:  Solving for Ux, Initial residual = 0.000447218, Final residual = 3.48415e-05, No Iterations 8
smoothSolver:  Solving for Uy, Initial residual = 0.0102943, Final residual = 0.000842539, No Iterations 7
smoothSolver:  Solving for Uz, Initial residual = 0.00912781, Final residual = 0.000735018, No Iterations 7
GAMG:  Solving for p, Initial residual = 0.00428597, Final residual = 1.76662e-05, No Iterations 4
time step continuity errors : sum local = 3.36153e-05, global = 9.04027e-08, cumulative = 3.54893e-05
smoothSolver:  Solving for omega, Initial residual = 7.923e-05, Final residual = 6.36456e-06, No Iterations 3
smoothSolver:  Solving for k, Initial residual = 0.00102561, Final residual = 4.75383e-05, No Iterations 4
ExecutionTime = 7.11 s  ClockTime = 7 s

forceCoeffs forceCoeffs1 write:
    Cm    = 0.156664
    Cd    = 0.413738
    Cl    = 0.0662386
    Cl(f) = 0.189783
    Cl(r) = -0.123545

Time = 64

smoothSolver:  Solving for Ux, Initial residual = 0.000432368, Final residual = 3.37315e-05, No Iterations 8
smoothSolver:  Solving for Uy, Initial residual = 0.00993536, Final residual = 0.000816797, No Iterations 7
smoothSolver:  Solving for Uz, Initial residual = 0.00870292, Final residual = 0.000698785, No Iterations 7
GAMG:  Solving for p, Initial residual = 0.00409753, Final residual = 1.68276e-05, No Iterations 4
time step continuity errors : sum local = 3.2042e-05, global = -9.74428e-09, cumulative = 3.54796e-05
smoothSolver:  Solving for omega, Initial residual = 7.64185e-05, Final residual = 6.12236e-06, No Iterations 3
smoothSolver:  Solving for k, Initial residual = 0.000981633, Final residual = 4.52822e-05, No Iterations 4
ExecutionTime = 7.21 s  ClockTime = 7 s

forceCoeffs forceCoeffs1 write:
    Cm    = 0.156795
    Cd    = 0.413971
    Cl    = 0.065655
    Cl(f) = 0.189622
    Cl(r) = -0.123967

Time = 65

smoothSolver:  Solving for Ux, Initial residual = 0.000416791, Final residual = 3.24195e-05, No Iterations 8
smoothSolver:  Solving for Uy, Initial residual = 0.00954106, Final residual = 0.000787837, No Iterations 7
smoothSolver:  Solving for Uz, Initial residual = 0.0082695, Final residual = 0.00066504, No Iterations 7
GAMG:  Solving for p, Initial residual = 0.00391263, Final residual = 1.61411e-05, No Iterations 4
time step continuity errors : sum local = 3.07567e-05, global = -1.62461e-07, cumulative = 3.53171e-05
smoothSolver:  Solving for omega, Initial residual = 7.36623e-05, Final residual = 5.89044e-06, No Iterations 3
smoothSolver:  Solving for k, Initial residual = 0.00093689, Final residual = 4.31584e-05, No Iterations 4
ExecutionTime = 7.31 s  ClockTime = 7 s

forceCoeffs forceCoeffs1 write:
    Cm    = 0.157009
    Cd    = 0.414223
    Cl    = 0.0651379
    Cl(f) = 0.189578
    Cl(r) = -0.12444

Time = 66

smoothSolver:  Solving for Ux, Initial residual = 0.000398307, Final residual = 3.09009e-05, No Iterations 8
smoothSolver:  Solving for Uy, Initial residual = 0.00911397, Final residual = 0.000757033, No Iterations 7
smoothSolver:  Solving for Uz, Initial residual = 0.00782734, Final residual = 0.000631897, No Iterations 7
GAMG:  Solving for p, Initial residual = 0.00375655, Final residual = 1.56147e-05, No Iterations 4
time step continuity errors : sum local = 2.97769e-05, global = -1.99259e-07, cumulative = 3.51179e-05
smoothSolver:  Solving for omega, Initial residual = 7.11937e-05, Final residual = 5.68956e-06, No Iterations 3
smoothSolver:  Solving for k, Initial residual = 0.000895077, Final residual = 4.12249e-05, No Iterations 4
ExecutionTime = 7.42 s  ClockTime = 7 s

forceCoeffs forceCoeffs1 write:
    Cm    = 0.157232
    Cd    = 0.414422
    Cl    = 0.0645807
    Cl(f) = 0.189522
    Cl(r) = -0.124941

Time = 67

smoothSolver:  Solving for Ux, Initial residual = 0.000381694, Final residual = 2.92145e-05, No Iterations 8
smoothSolver:  Solving for Uy, Initial residual = 0.00870889, Final residual = 0.000725213, No Iterations 7
smoothSolver:  Solving for Uz, Initial residual = 0.00745091, Final residual = 0.000602772, No Iterations 7
GAMG:  Solving for p, Initial residual = 0.00361861, Final residual = 1.51895e-05, No Iterations 4
time step continuity errors : sum local = 2.8988e-05, global = -2.50679e-07, cumulative = 3.48672e-05
smoothSolver:  Solving for omega, Initial residual = 6.9026e-05, Final residual = 5.49634e-06, No Iterations 3
smoothSolver:  Solving for k, Initial residual = 0.000857054, Final residual = 3.94721e-05, No Iterations 4
ExecutionTime = 7.52 s  ClockTime = 7 s

forceCoeffs forceCoeffs1 write:
    Cm    = 0.157479
    Cd    = 0.41465
    Cl    = 0.0641707
    Cl(f) = 0.189564
    Cl(r) = -0.125393

Time = 68

smoothSolver:  Solving for Ux, Initial residual = 0.000364123, Final residual = 2.75068e-05, No Iterations 8
smoothSolver:  Solving for Uy, Initial residual = 0.00835278, Final residual = 0.000691713, No Iterations 7
smoothSolver:  Solving for Uz, Initial residual = 0.0071333, Final residual = 0.000574, No Iterations 7
GAMG:  Solving for p, Initial residual = 0.00350745, Final residual = 1.49688e-05, No Iterations 4
time step continuity errors : sum local = 2.8585e-05, global = -2.87571e-07, cumulative = 3.45796e-05
smoothSolver:  Solving for omega, Initial residual = 6.69115e-05, Final residual = 5.29307e-06, No Iterations 3
smoothSolver:  Solving for k, Initial residual = 0.000823726, Final residual = 8.22774e-05, No Iterations 3
ExecutionTime = 7.63 s  ClockTime = 7 s

forceCoeffs forceCoeffs1 write:
    Cm    = 0.157684
    Cd    = 0.414848
    Cl    = 0.0638275
    Cl(f) = 0.189598
    Cl(r) = -0.125771

Time = 69

smoothSolver:  Solving for Ux, Initial residual = 0.00034728, Final residual = 3.44071e-05, No Iterations 7
smoothSolver:  Solving for Uy, Initial residual = 0.00804314, Final residual = 0.000658632, No Iterations 7
smoothSolver:  Solving for Uz, Initial residual = 0.00685577, Final residual = 0.00054768, No Iterations 7
GAMG:  Solving for p, Initial residual = 0.00340865, Final residual = 1.48171e-05, No Iterations 4
time step continuity errors : sum local = 2.83104e-05, global = -2.91679e-07, cumulative = 3.4288e-05
smoothSolver:  Solving for omega, Initial residual = 6.46157e-05, Final residual = 5.08448e-06, No Iterations 3
smoothSolver:  Solving for k, Initial residual = 0.000795382, Final residual = 7.89791e-05, No Iterations 3
ExecutionTime = 7.72 s  ClockTime = 8 s

forceCoeffs forceCoeffs1 write:
    Cm    = 0.157882
    Cd    = 0.415084
    Cl    = 0.0636529
    Cl(f) = 0.189708
    Cl(r) = -0.126055

Time = 70

smoothSolver:  Solving for Ux, Initial residual = 0.000332941, Final residual = 3.25345e-05, No Iterations 7
smoothSolver:  Solving for Uy, Initial residual = 0.00776716, Final residual = 0.000625991, No Iterations 7
smoothSolver:  Solving for Uz, Initial residual = 0.00661283, Final residual = 0.000522465, No Iterations 7
GAMG:  Solving for p, Initial residual = 0.00332795, Final residual = 1.44827e-05, No Iterations 4
time step continuity errors : sum local = 2.76826e-05, global = -3.66803e-07, cumulative = 3.39212e-05
smoothSolver:  Solving for omega, Initial residual = 6.23656e-05, Final residual = 4.87519e-06, No Iterations 3
smoothSolver:  Solving for k, Initial residual = 0.000770541, Final residual = 7.60299e-05, No Iterations 3
ExecutionTime = 7.82 s  ClockTime = 8 s

forceCoeffs forceCoeffs1 write:
    Cm    = 0.158007
    Cd    = 0.415286
    Cl    = 0.0635929
    Cl(f) = 0.189803
    Cl(r) = -0.126211

Time = 71

smoothSolver:  Solving for Ux, Initial residual = 0.000320695, Final residual = 3.10448e-05, No Iterations 7
smoothSolver:  Solving for Uy, Initial residual = 0.00750297, Final residual = 0.000594153, No Iterations 7
smoothSolver:  Solving for Uz, Initial residual = 0.00641473, Final residual = 0.000500542, No Iterations 7
GAMG:  Solving for p, Initial residual = 0.00325691, Final residual = 1.4194e-05, No Iterations 4
time step continuity errors : sum local = 2.71389e-05, global = -3.49822e-07, cumulative = 3.35713e-05
smoothSolver:  Solving for omega, Initial residual = 6.04871e-05, Final residual = 4.66969e-06, No Iterations 3
smoothSolver:  Solving for k, Initial residual = 0.000747626, Final residual = 7.33749e-05, No Iterations 3
ExecutionTime = 7.93 s  ClockTime = 8 s

forceCoeffs forceCoeffs1 write:
    Cm    = 0.158128
    Cd    = 0.415536
    Cl    = 0.0636506
    Cl(f) = 0.189954
    Cl(r) = -0.126303

Time = 72

smoothSolver:  Solving for Ux, Initial residual = 0.000310264, Final residual = 2.99983e-05, No Iterations 7
smoothSolver:  Solving for Uy, Initial residual = 0.00724374, Final residual = 0.000564939, No Iterations 7
smoothSolver:  Solving for Uz, Initial residual = 0.00624584, Final residual = 0.000482572, No Iterations 7
GAMG:  Solving for p, Initial residual = 0.00318717, Final residual = 1.35024e-05, No Iterations 4
time step continuity errors : sum local = 2.58229e-05, global = -3.06316e-07, cumulative = 3.3265e-05
smoothSolver:  Solving for omega, Initial residual = 5.83899e-05, Final residual = 4.46715e-06, No Iterations 3
smoothSolver:  Solving for k, Initial residual = 0.000726041, Final residual = 7.09224e-05, No Iterations 3
ExecutionTime = 8.03 s  ClockTime = 8 s

forceCoeffs forceCoeffs1 write:
    Cm    = 0.158163
    Cd    = 0.415724
    Cl    = 0.0637422
    Cl(f) = 0.190034
    Cl(r) = -0.126292

Time = 73

smoothSolver:  Solving for Ux, Initial residual = 0.000301934, Final residual = 2.93494e-05, No Iterations 7
smoothSolver:  Solving for Uy, Initial residual = 0.0069896, Final residual = 0.000539986, No Iterations 7
smoothSolver:  Solving for Uz, Initial residual = 0.00609747, Final residual = 0.000468345, No Iterations 7
GAMG:  Solving for p, Initial residual = 0.00312802, Final residual = 1.2939e-05, No Iterations 4
time step continuity errors : sum local = 2.47505e-05, global = -2.61055e-07, cumulative = 3.3004e-05
smoothSolver:  Solving for omega, Initial residual = 5.66469e-05, Final residual = 4.27455e-06, No Iterations 3
smoothSolver:  Solving for k, Initial residual = 0.000708107, Final residual = 6.87413e-05, No Iterations 3
ExecutionTime = 8.13 s  ClockTime = 8 s

forceCoeffs forceCoeffs1 write:
    Cm    = 0.15824
    Cd    = 0.415981
    Cl    = 0.0639226
    Cl(f) = 0.190202
    Cl(r) = -0.126279

Time = 74

smoothSolver:  Solving for Ux, Initial residual = 0.000295119, Final residual = 2.8863e-05, No Iterations 7
smoothSolver:  Solving for Uy, Initial residual = 0.0067654, Final residual = 0.000519899, No Iterations 7
smoothSolver:  Solving for Uz, Initial residual = 0.00595, Final residual = 0.000455526, No Iterations 7
GAMG:  Solving for p, Initial residual = 0.00307271, Final residual = 1.258e-05, No Iterations 4
time step continuity errors : sum local = 2.40674e-05, global = -2.10571e-07, cumulative = 3.27934e-05
smoothSolver:  Solving for omega, Initial residual = 5.48056e-05, Final residual = 4.09894e-06, No Iterations 3
smoothSolver:  Solving for k, Initial residual = 0.000692092, Final residual = 6.68915e-05, No Iterations 3
ExecutionTime = 8.23 s  ClockTime = 8 s

forceCoeffs forceCoeffs1 write:
    Cm    = 0.158292
    Cd    = 0.416225
    Cl    = 0.0640738
    Cl(f) = 0.190329
    Cl(r) = -0.126255

Time = 75

smoothSolver:  Solving for Ux, Initial residual = 0.000290296, Final residual = 2.86999e-05, No Iterations 7
smoothSolver:  Solving for Uy, Initial residual = 0.00657864, Final residual = 0.000506, No Iterations 7
smoothSolver:  Solving for Uz, Initial residual = 0.00582286, Final residual = 0.000444612, No Iterations 7
GAMG:  Solving for p, Initial residual = 0.00302221, Final residual = 1.23159e-05, No Iterations 4
time step continuity errors : sum local = 2.35663e-05, global = -6.86609e-08, cumulative = 3.27247e-05
smoothSolver:  Solving for omega, Initial residual = 5.32472e-05, Final residual = 3.93433e-06, No Iterations 3
smoothSolver:  Solving for k, Initial residual = 0.000678746, Final residual = 6.53231e-05, No Iterations 3
ExecutionTime = 8.34 s  ClockTime = 8 s

forceCoeffs forceCoeffs1 write:
    Cm    = 0.158353
    Cd    = 0.416485
    Cl    = 0.0642668
    Cl(f) = 0.190486
    Cl(r) = -0.12622

Time = 76

smoothSolver:  Solving for Ux, Initial residual = 0.000285563, Final residual = 2.1718e-05, No Iterations 8
smoothSolver:  Solving for Uy, Initial residual = 0.00640788, Final residual = 0.000496167, No Iterations 7
smoothSolver:  Solving for Uz, Initial residual = 0.0057063, Final residual = 0.000435186, No Iterations 7
GAMG:  Solving for p, Initial residual = 0.00297301, Final residual = 1.2224e-05, No Iterations 4
time step continuity errors : sum local = 2.33953e-05, global = 9.0574e-08, cumulative = 3.28153e-05
smoothSolver:  Solving for omega, Initial residual = 5.18166e-05, Final residual = 3.80998e-06, No Iterations 3
smoothSolver:  Solving for k, Initial residual = 0.000668971, Final residual = 6.40663e-05, No Iterations 3
ExecutionTime = 8.44 s  ClockTime = 8 s

forceCoeffs forceCoeffs1 write:
    Cm    = 0.158415
    Cd    = 0.416706
    Cl    = 0.06441
    Cl(f) = 0.19062
    Cl(r) = -0.12621

Time = 77

smoothSolver:  Solving for Ux, Initial residual = 0.000280524, Final residual = 2.15257e-05, No Iterations 8
smoothSolver:  Solving for Uy, Initial residual = 0.00628673, Final residual = 0.000489616, No Iterations 7
smoothSolver:  Solving for Uz, Initial residual = 0.00561191, Final residual = 0.000432405, No Iterations 7
GAMG:  Solving for p, Initial residual = 0.00291417, Final residual = 1.22684e-05, No Iterations 4
time step continuity errors : sum local = 2.34854e-05, global = 6.54603e-08, cumulative = 3.28808e-05
smoothSolver:  Solving for omega, Initial residual = 5.05424e-05, Final residual = 3.68618e-06, No Iterations 3
smoothSolver:  Solving for k, Initial residual = 0.000658902, Final residual = 6.31042e-05, No Iterations 3
ExecutionTime = 8.54 s  ClockTime = 8 s

forceCoeffs forceCoeffs1 write:
    Cm    = 0.158527
    Cd    = 0.416951
    Cl    = 0.0646007
    Cl(f) = 0.190827
    Cl(r) = -0.126226

Time = 78

smoothSolver:  Solving for Ux, Initial residual = 0.00027508, Final residual = 2.12808e-05, No Iterations 8
smoothSolver:  Solving for Uy, Initial residual = 0.00614634, Final residual = 0.00048223, No Iterations 7
smoothSolver:  Solving for Uz, Initial residual = 0.00550362, Final residual = 0.000430919, No Iterations 7
GAMG:  Solving for p, Initial residual = 0.00285722, Final residual = 1.22902e-05, No Iterations 4
time step continuity errors : sum local = 2.35342e-05, global = 4.4894e-08, cumulative = 3.29257e-05
smoothSolver:  Solving for omega, Initial residual = 4.91305e-05, Final residual = 3.59781e-06, No Iterations 3
smoothSolver:  Solving for k, Initial residual = 0.000649731, Final residual = 6.24192e-05, No Iterations 3
ExecutionTime = 8.65 s  ClockTime = 9 s

forceCoeffs forceCoeffs1 write:
    Cm    = 0.158628
    Cd    = 0.417161
    Cl    = 0.0646783
    Cl(f) = 0.190967
    Cl(r) = -0.126289

Time = 79

smoothSolver:  Solving for Ux, Initial residual = 0.000269148, Final residual = 2.09379e-05, No Iterations 8
smoothSolver:  Solving for Uy, Initial residual = 0.00601797, Final residual = 0.000474949, No Iterations 7
smoothSolver:  Solving for Uz, Initial residual = 0.00539641, Final residual = 0.000430082, No Iterations 7
GAMG:  Solving for p, Initial residual = 0.00279598, Final residual = 1.23344e-05, No Iterations 4
time step continuity errors : sum local = 2.36244e-05, global = 6.22796e-08, cumulative = 3.29879e-05
smoothSolver:  Solving for omega, Initial residual = 4.79179e-05, Final residual = 3.49801e-06, No Iterations 3
smoothSolver:  Solving for k, Initial residual = 0.000639128, Final residual = 6.17842e-05, No Iterations 3
ExecutionTime = 8.75 s  ClockTime = 9 s

forceCoeffs forceCoeffs1 write:
    Cm    = 0.158745
    Cd    = 0.417407
    Cl    = 0.0646963
    Cl(f) = 0.191093
    Cl(r) = -0.126396

Time = 80

smoothSolver:  Solving for Ux, Initial residual = 0.000262835, Final residual = 2.04899e-05, No Iterations 8
smoothSolver:  Solving for Uy, Initial residual = 0.00587696, Final residual = 0.000464771, No Iterations 7
smoothSolver:  Solving for Uz, Initial residual = 0.00526511, Final residual = 0.000425906, No Iterations 7
GAMG:  Solving for p, Initial residual = 0.0027316, Final residual = 1.23669e-05, No Iterations 4
time step continuity errors : sum local = 2.36932e-05, global = 8.00577e-08, cumulative = 3.3068e-05
smoothSolver:  Solving for omega, Initial residual = 4.6477e-05, Final residual = 3.39681e-06, No Iterations 3
smoothSolver:  Solving for k, Initial residual = 0.000627642, Final residual = 6.10186e-05, No Iterations 3
ExecutionTime = 8.86 s  ClockTime = 9 s

forceCoeffs forceCoeffs1 write:
    Cm    = 0.158812
    Cd    = 0.417622
    Cl    = 0.0646078
    Cl(f) = 0.191116
    Cl(r) = -0.126508

Time = 81

smoothSolver:  Solving for Ux, Initial residual = 0.000255552, Final residual = 1.99592e-05, No Iterations 8
smoothSolver:  Solving for Uy, Initial residual = 0.00570527, Final residual = 0.000450094, No Iterations 7
smoothSolver:  Solving for Uz, Initial residual = 0.00511605, Final residual = 0.000417954, No Iterations 7
GAMG:  Solving for p, Initial residual = 0.00265843, Final residual = 1.22189e-05, No Iterations 4
time step continuity errors : sum local = 2.34168e-05, global = 1.22106e-07, cumulative = 3.31901e-05
smoothSolver:  Solving for omega, Initial residual = 4.48756e-05, Final residual = 3.29725e-06, No Iterations 3
smoothSolver:  Solving for k, Initial residual = 0.000613814, Final residual = 6.00109e-05, No Iterations 3
ExecutionTime = 8.95 s  ClockTime = 9 s

forceCoeffs forceCoeffs1 write:
    Cm    = 0.158823
    Cd    = 0.417764
    Cl    = 0.0644956
    Cl(f) = 0.19107
    Cl(r) = -0.126575

Time = 82

smoothSolver:  Solving for Ux, Initial residual = 0.000247109, Final residual = 1.9287e-05, No Iterations 8
smoothSolver:  Solving for Uy, Initial residual = 0.0055062, Final residual = 0.000432869, No Iterations 7
smoothSolver:  Solving for Uz, Initial residual = 0.00492798, Final residual = 0.000406326, No Iterations 7
GAMG:  Solving for p, Initial residual = 0.00259201, Final residual = 1.20484e-05, No Iterations 4
time step continuity errors : sum local = 2.30982e-05, global = 1.7534e-07, cumulative = 3.33654e-05
smoothSolver:  Solving for omega, Initial residual = 4.34586e-05, Final residual = 3.19913e-06, No Iterations 3
smoothSolver:  Solving for k, Initial residual = 0.000598678, Final residual = 5.87387e-05, No Iterations 3
ExecutionTime = 9.06 s  ClockTime = 9 s

forceCoeffs forceCoeffs1 write:
    Cm    = 0.158783
    Cd    = 0.417851
    Cl    = 0.0643244
    Cl(f) = 0.190945
    Cl(r) = -0.12662

Time = 83

smoothSolver:  Solving for Ux, Initial residual = 0.00023936, Final residual = 1.86242e-05, No Iterations 8
smoothSolver:  Solving for Uy, Initial residual = 0.00533872, Final residual = 0.000417858, No Iterations 7
smoothSolver:  Solving for Uz, Initial residual = 0.00475243, Final residual = 0.00039235, No Iterations 7
GAMG:  Solving for p, Initial residual = 0.0025194, Final residual = 1.15632e-05, No Iterations 4
time step continuity errors : sum local = 2.21749e-05, global = 2.57988e-07, cumulative = 3.36234e-05
smoothSolver:  Solving for omega, Initial residual = 4.2334e-05, Final residual = 3.09641e-06, No Iterations 3
smoothSolver:  Solving for k, Initial residual = 0.000581794, Final residual = 5.73604e-05, No Iterations 3
ExecutionTime = 9.16 s  ClockTime = 9 s

forceCoeffs forceCoeffs1 write:
    Cm    = 0.158683
    Cd    = 0.417869
    Cl    = 0.0641442
    Cl(f) = 0.190756
    Cl(r) = -0.126611

Time = 84

smoothSolver:  Solving for Ux, Initial residual = 0.000231362, Final residual = 1.7894e-05, No Iterations 8
smoothSolver:  Solving for Uy, Initial residual = 0.00515198, Final residual = 0.000402737, No Iterations 7
smoothSolver:  Solving for Uz, Initial residual = 0.00457481, Final residual = 0.000376881, No Iterations 7
GAMG:  Solving for p, Initial residual = 0.00245612, Final residual = 1.08037e-05, No Iterations 4
time step continuity errors : sum local = 2.07266e-05, global = 2.7224e-07, cumulative = 3.38957e-05
smoothSolver:  Solving for omega, Initial residual = 4.07963e-05, Final residual = 2.99638e-06, No Iterations 3
smoothSolver:  Solving for k, Initial residual = 0.000565809, Final residual = 5.59924e-05, No Iterations 3
ExecutionTime = 9.27 s  ClockTime = 9 s

forceCoeffs forceCoeffs1 write:
    Cm    = 0.158545
    Cd    = 0.417796
    Cl    = 0.063948
    Cl(f) = 0.190519
    Cl(r) = -0.126571

Time = 85

smoothSolver:  Solving for Ux, Initial residual = 0.000223465, Final residual = 1.71543e-05, No Iterations 8
smoothSolver:  Solving for Uy, Initial residual = 0.00497548, Final residual = 0.000388926, No Iterations 7
smoothSolver:  Solving for Uz, Initial residual = 0.00442223, Final residual = 0.000361064, No Iterations 7
GAMG:  Solving for p, Initial residual = 0.00238092, Final residual = 1.00857e-05, No Iterations 4
time step continuity errors : sum local = 1.93543e-05, global = 2.44023e-07, cumulative = 3.41397e-05
smoothSolver:  Solving for omega, Initial residual = 3.95022e-05, Final residual = 2.89726e-06, No Iterations 3
smoothSolver:  Solving for k, Initial residual = 0.000550784, Final residual = 5.46212e-05, No Iterations 3
ExecutionTime = 9.37 s  ClockTime = 9 s

forceCoeffs forceCoeffs1 write:
    Cm    = 0.158357
    Cd    = 0.41767
    Cl    = 0.0637147
    Cl(f) = 0.190215
    Cl(r) = -0.1265

Time = 86

smoothSolver:  Solving for Ux, Initial residual = 0.000215051, Final residual = 1.63981e-05, No Iterations 8
smoothSolver:  Solving for Uy, Initial residual = 0.00480846, Final residual = 0.000375446, No Iterations 7
smoothSolver:  Solving for Uz, Initial residual = 0.00424812, Final residual = 0.000345442, No Iterations 7
GAMG:  Solving for p, Initial residual = 0.00230681, Final residual = 9.31325e-06, No Iterations 4
time step continuity errors : sum local = 1.7877e-05, global = 1.17504e-07, cumulative = 3.42572e-05
smoothSolver:  Solving for omega, Initial residual = 3.85624e-05, Final residual = 2.80819e-06, No Iterations 3
smoothSolver:  Solving for k, Initial residual = 0.000537098, Final residual = 5.32564e-05, No Iterations 3
ExecutionTime = 9.47 s  ClockTime = 9 s

forceCoeffs forceCoeffs1 write:
    Cm    = 0.158144
    Cd    = 0.417496
    Cl    = 0.06347
    Cl(f) = 0.189879
    Cl(r) = -0.126409

Time = 87

smoothSolver:  Solving for Ux, Initial residual = 0.000207517, Final residual = 2.0675e-05, No Iterations 7
smoothSolver:  Solving for Uy, Initial residual = 0.0046524, Final residual = 0.000362805, No Iterations 7
smoothSolver:  Solving for Uz, Initial residual = 0.0041182, Final residual = 0.000331258, No Iterations 7
GAMG:  Solving for p, Initial residual = 0.00223047, Final residual = 8.67189e-06, No Iterations 4
time step continuity errors : sum local = 1.66488e-05, global = -3.97987e-08, cumulative = 3.42174e-05
smoothSolver:  Solving for omega, Initial residual = 3.7133e-05, Final residual = 2.6965e-06, No Iterations 3
smoothSolver:  Solving for k, Initial residual = 0.000522657, Final residual = 5.1806e-05, No Iterations 3
ExecutionTime = 9.57 s  ClockTime = 9 s

forceCoeffs forceCoeffs1 write:
    Cm    = 0.15794
    Cd    = 0.417293
    Cl    = 0.063275
    Cl(f) = 0.189577
    Cl(r) = -0.126302

Time = 88

smoothSolver:  Solving for Ux, Initial residual = 0.000201381, Final residual = 1.97295e-05, No Iterations 7
smoothSolver:  Solving for Uy, Initial residual = 0.00449426, Final residual = 0.0003481, No Iterations 7
smoothSolver:  Solving for Uz, Initial residual = 0.00397886, Final residual = 0.000317366, No Iterations 7
GAMG:  Solving for p, Initial residual = 0.00216027, Final residual = 7.94314e-06, No Iterations 4
time step continuity errors : sum local = 1.52514e-05, global = -9.9737e-08, cumulative = 3.41177e-05
smoothSolver:  Solving for omega, Initial residual = 3.59895e-05, Final residual = 2.58793e-06, No Iterations 3
smoothSolver:  Solving for k, Initial residual = 0.000509339, Final residual = 5.02399e-05, No Iterations 3
ExecutionTime = 9.68 s  ClockTime = 10 s

forceCoeffs forceCoeffs1 write:
    Cm    = 0.157759
    Cd    = 0.417096
    Cl    = 0.0631323
    Cl(f) = 0.189325
    Cl(r) = -0.126193

Time = 89

smoothSolver:  Solving for Ux, Initial residual = 0.000196498, Final residual = 1.88791e-05, No Iterations 7
smoothSolver:  Solving for Uy, Initial residual = 0.00437194, Final residual = 0.000334463, No Iterations 7
smoothSolver:  Solving for Uz, Initial residual = 0.00386118, Final residual = 0.000303107, No Iterations 7
GAMG:  Solving for p, Initial residual = 0.00209723, Final residual = 2.0876e-05, No Iterations 3
time step continuity errors : sum local = 4.00819e-05, global = -2.7428e-07, cumulative = 3.38434e-05
smoothSolver:  Solving for omega, Initial residual = 3.48254e-05, Final residual = 2.46503e-06, No Iterations 3
smoothSolver:  Solving for k, Initial residual = 0.000495227, Final residual = 4.85503e-05, No Iterations 3
ExecutionTime = 9.78 s  ClockTime = 10 s

forceCoeffs forceCoeffs1 write:
    Cm    = 0.157623
    Cd    = 0.416948
    Cl    = 0.063051
    Cl(f) = 0.189148
    Cl(r) = -0.126097

Time = 90

smoothSolver:  Solving for Ux, Initial residual = 0.000190461, Final residual = 1.79781e-05, No Iterations 7
smoothSolver:  Solving for Uy, Initial residual = 0.0042189, Final residual = 0.000316867, No Iterations 7
smoothSolver:  Solving for Uz, Initial residual = 0.00371957, Final residual = 0.000287471, No Iterations 7
GAMG:  Solving for p, Initial residual = 0.00203643, Final residual = 7.38264e-06, No Iterations 4
time step continuity errors : sum local = 1.41734e-05, global = -1.37185e-07, cumulative = 3.37062e-05
smoothSolver:  Solving for omega, Initial residual = 3.34263e-05, Final residual = 2.35794e-06, No Iterations 3
smoothSolver:  Solving for k, Initial residual = 0.000480771, Final residual = 4.67772e-05, No Iterations 3
ExecutionTime = 9.88 s  ClockTime = 10 s

forceCoeffs forceCoeffs1 write:
    Cm    = 0.157484
    Cd    = 0.416768
    Cl    = 0.0629988
    Cl(f) = 0.188984
    Cl(r) = -0.125985

Time = 91

smoothSolver:  Solving for Ux, Initial residual = 0.000185769, Final residual = 1.73957e-05, No Iterations 7
smoothSolver:  Solving for Uy, Initial residual = 0.0041321, Final residual = 0.000306141, No Iterations 7
smoothSolver:  Solving for Uz, Initial residual = 0.00362829, Final residual = 0.000277384, No Iterations 7
GAMG:  Solving for p, Initial residual = 0.0019738, Final residual = 1.92632e-05, No Iterations 3
time step continuity errors : sum local = 3.69741e-05, global = -4.22305e-07, cumulative = 3.32839e-05
smoothSolver:  Solving for omega, Initial residual = 3.22978e-05, Final residual = 2.2564e-06, No Iterations 3
smoothSolver:  Solving for k, Initial residual = 0.000465739, Final residual = 4.49546e-05, No Iterations 3
ExecutionTime = 9.98 s  ClockTime = 10 s

forceCoeffs forceCoeffs1 write:
    Cm    = 0.157373
    Cd    = 0.416642
    Cl    = 0.0629722
    Cl(f) = 0.188859
    Cl(r) = -0.125887

Time = 92

smoothSolver:  Solving for Ux, Initial residual = 0.000178814, Final residual = 1.67021e-05, No Iterations 7
smoothSolver:  Solving for Uy, Initial residual = 0.0039709, Final residual = 0.000392148, No Iterations 6
smoothSolver:  Solving for Uz, Initial residual = 0.00348854, Final residual = 0.000261791, No Iterations 7
GAMG:  Solving for p, Initial residual = 0.00191282, Final residual = 7.10336e-06, No Iterations 4
time step continuity errors : sum local = 1.36323e-05, global = -1.48733e-07, cumulative = 3.31352e-05
smoothSolver:  Solving for omega, Initial residual = 3.1162e-05, Final residual = 2.1601e-06, No Iterations 3
smoothSolver:  Solving for k, Initial residual = 0.000450296, Final residual = 4.32497e-05, No Iterations 3
ExecutionTime = 10.08 s  ClockTime = 10 s

forceCoeffs forceCoeffs1 write:
    Cm    = 0.157209
    Cd    = 0.416389
    Cl    = 0.0630292
    Cl(f) = 0.188724
    Cl(r) = -0.125694

Time = 93

smoothSolver:  Solving for Ux, Initial residual = 0.000173217, Final residual = 1.61716e-05, No Iterations 7
smoothSolver:  Solving for Uy, Initial residual = 0.00389549, Final residual = 0.000384884, No Iterations 6
smoothSolver:  Solving for Uz, Initial residual = 0.00341366, Final residual = 0.000254184, No Iterations 7
GAMG:  Solving for p, Initial residual = 0.00184738, Final residual = 6.54175e-06, No Iterations 4
time step continuity errors : sum local = 1.25515e-05, global = -1.35869e-07, cumulative = 3.29993e-05
smoothSolver:  Solving for omega, Initial residual = 3.01491e-05, Final residual = 2.09095e-06, No Iterations 3
smoothSolver:  Solving for k, Initial residual = 0.000433772, Final residual = 4.16834e-05, No Iterations 3
ExecutionTime = 10.18 s  ClockTime = 10 s

forceCoeffs forceCoeffs1 write:
    Cm    = 0.157085
    Cd    = 0.416162
    Cl    = 0.0631537
    Cl(f) = 0.188662
    Cl(r) = -0.125508

Time = 94

smoothSolver:  Solving for Ux, Initial residual = 0.000167535, Final residual = 1.57361e-05, No Iterations 7
smoothSolver:  Solving for Uy, Initial residual = 0.00378958, Final residual = 0.000376379, No Iterations 6
smoothSolver:  Solving for Uz, Initial residual = 0.00331322, Final residual = 0.000247895, No Iterations 7
GAMG:  Solving for p, Initial residual = 0.00178668, Final residual = 1.76949e-05, No Iterations 3
time step continuity errors : sum local = 3.39451e-05, global = -3.35931e-07, cumulative = 3.26634e-05
smoothSolver:  Solving for omega, Initial residual = 2.91094e-05, Final residual = 2.02419e-06, No Iterations 3
smoothSolver:  Solving for k, Initial residual = 0.0004175, Final residual = 4.01831e-05, No Iterations 3
ExecutionTime = 10.28 s  ClockTime = 10 s

forceCoeffs forceCoeffs1 write:
    Cm    = 0.156963
    Cd    = 0.415927
    Cl    = 0.0633383
    Cl(f) = 0.188632
    Cl(r) = -0.125294

Time = 95

smoothSolver:  Solving for Ux, Initial residual = 0.000162316, Final residual = 1.54313e-05, No Iterations 7
smoothSolver:  Solving for Uy, Initial residual = 0.00369759, Final residual = 0.000273152, No Iterations 7
smoothSolver:  Solving for Uz, Initial residual = 0.00322519, Final residual = 0.000243214, No Iterations 7
GAMG:  Solving for p, Initial residual = 0.00172949, Final residual = 6.39097e-06, No Iterations 4
time step continuity errors : sum local = 1.22582e-05, global = -8.23615e-08, cumulative = 3.2581e-05
smoothSolver:  Solving for omega, Initial residual = 2.84988e-05, Final residual = 1.98317e-06, No Iterations 3
smoothSolver:  Solving for k, Initial residual = 0.000401849, Final residual = 3.8851e-05, No Iterations 3
ExecutionTime = 10.39 s  ClockTime = 10 s

forceCoeffs forceCoeffs1 write:
    Cm    = 0.156833
    Cd    = 0.41563
    Cl    = 0.0635043
    Cl(f) = 0.188585
    Cl(r) = -0.125081

Time = 96

smoothSolver:  Solving for Ux, Initial residual = 0.000160105, Final residual = 1.55002e-05, No Iterations 7
smoothSolver:  Solving for Uy, Initial residual = 0.00366192, Final residual = 0.000280745, No Iterations 7
smoothSolver:  Solving for Uz, Initial residual = 0.00320635, Final residual = 0.000248778, No Iterations 7
GAMG:  Solving for p, Initial residual = 0.00167442, Final residual = 5.94612e-06, No Iterations 4
time step continuity errors : sum local = 1.14029e-05, global = -6.78141e-08, cumulative = 3.25132e-05
smoothSolver:  Solving for omega, Initial residual = 2.78752e-05, Final residual = 1.94574e-06, No Iterations 3
smoothSolver:  Solving for k, Initial residual = 0.000388203, Final residual = 3.76295e-05, No Iterations 3
ExecutionTime = 10.49 s  ClockTime = 10 s

forceCoeffs forceCoeffs1 write:
    Cm    = 0.156687
    Cd    = 0.415309
    Cl    = 0.0635793
    Cl(f) = 0.188476
    Cl(r) = -0.124897

Time = 97

smoothSolver:  Solving for Ux, Initial residual = 0.000156822, Final residual = 1.53858e-05, No Iterations 7
smoothSolver:  Solving for Uy, Initial residual = 0.00359997, Final residual = 0.000281346, No Iterations 7
smoothSolver:  Solving for Uz, Initial residual = 0.00316546, Final residual = 0.000247569, No Iterations 7
GAMG:  Solving for p, Initial residual = 0.00162814, Final residual = 5.90599e-06, No Iterations 4
time step continuity errors : sum local = 1.13237e-05, global = -7.25564e-08, cumulative = 3.24406e-05
smoothSolver:  Solving for omega, Initial residual = 2.71181e-05, Final residual = 1.90117e-06, No Iterations 3
smoothSolver:  Solving for k, Initial residual = 0.000376218, Final residual = 3.64842e-05, No Iterations 3
ExecutionTime = 10.59 s  ClockTime = 11 s

forceCoeffs forceCoeffs1 write:
    Cm    = 0.156598
    Cd    = 0.415027
    Cl    = 0.0636565
    Cl(f) = 0.188426
    Cl(r) = -0.124769

Time = 98

smoothSolver:  Solving for Ux, Initial residual = 0.000153117, Final residual = 1.51693e-05, No Iterations 7
smoothSolver:  Solving for Uy, Initial residual = 0.00355155, Final residual = 0.000280444, No Iterations 7
smoothSolver:  Solving for Uz, Initial residual = 0.00310287, Final residual = 0.000242291, No Iterations 7
GAMG:  Solving for p, Initial residual = 0.00158751, Final residual = 5.86764e-06, No Iterations 4
time step continuity errors : sum local = 1.12475e-05, global = -5.59437e-08, cumulative = 3.23847e-05
smoothSolver:  Solving for omega, Initial residual = 2.67762e-05, Final residual = 1.87197e-06, No Iterations 3
smoothSolver:  Solving for k, Initial residual = 0.000365075, Final residual = 3.54105e-05, No Iterations 3
ExecutionTime = 10.69 s  ClockTime = 11 s

forceCoeffs forceCoeffs1 write:
    Cm    = 0.15652
    Cd    = 0.414762
    Cl    = 0.0636958
    Cl(f) = 0.188368
    Cl(r) = -0.124672

Time = 99

smoothSolver:  Solving for Ux, Initial residual = 0.000149409, Final residual = 1.48721e-05, No Iterations 7
smoothSolver:  Solving for Uy, Initial residual = 0.00348419, Final residual = 0.000275795, No Iterations 7
smoothSolver:  Solving for Uz, Initial residual = 0.00302988, Final residual = 0.000232943, No Iterations 7
GAMG:  Solving for p, Initial residual = 0.00155261, Final residual = 5.77656e-06, No Iterations 4
time step continuity errors : sum local = 1.10697e-05, global = -5.80354e-08, cumulative = 3.23266e-05
smoothSolver:  Solving for omega, Initial residual = 2.63309e-05, Final residual = 1.83924e-06, No Iterations 3
smoothSolver:  Solving for k, Initial residual = 0.000356293, Final residual = 3.45622e-05, No Iterations 3
ExecutionTime = 10.79 s  ClockTime = 11 s

forceCoeffs forceCoeffs1 write:
    Cm    = 0.156504
    Cd    = 0.414568
    Cl    = 0.0636948
    Cl(f) = 0.188351
    Cl(r) = -0.124656

Time = 100

smoothSolver:  Solving for Ux, Initial residual = 0.000145679, Final residual = 1.44778e-05, No Iterations 7
smoothSolver:  Solving for Uy, Initial residual = 0.00339856, Final residual = 0.000266338, No Iterations 7
smoothSolver:  Solving for Uz, Initial residual = 0.00293679, Final residual = 0.000221639, No Iterations 7
GAMG:  Solving for p, Initial residual = 0.00152371, Final residual = 5.69188e-06, No Iterations 4
time step continuity errors : sum local = 1.09044e-05, global = -5.8214e-08, cumulative = 3.22684e-05
smoothSolver:  Solving for omega, Initial residual = 2.57158e-05, Final residual = 1.80466e-06, No Iterations 3
smoothSolver:  Solving for k, Initial residual = 0.000348322, Final residual = 3.38631e-05, No Iterations 3
ExecutionTime = 10.91 s  ClockTime = 11 s

streamLine streamLines write:
    seeded 20 particles
    Tracks:20
    Total samples:19208
    Writing data to "/mnt/aiongpfs/users/mghavami/motorBike-RUN-06/postProcessing/sets/streamLines/100"
forceCoeffs forceCoeffs1 write:
    Cm    = 0.156496
    Cd    = 0.414413
    Cl    = 0.0637076
    Cl(f) = 0.188349
    Cl(r) = -0.124642

Time = 101

smoothSolver:  Solving for Ux, Initial residual = 0.000142591, Final residual = 1.39718e-05, No Iterations 7
smoothSolver:  Solving for Uy, Initial residual = 0.00331526, Final residual = 0.000254838, No Iterations 7
smoothSolver:  Solving for Uz, Initial residual = 0.00285442, Final residual = 0.000284896, No Iterations 6
GAMG:  Solving for p, Initial residual = 0.00149017, Final residual = 5.45244e-06, No Iterations 4
time step continuity errors : sum local = 1.04426e-05, global = -4.58021e-08, cumulative = 3.22226e-05
smoothSolver:  Solving for omega, Initial residual = 2.53766e-05, Final residual = 1.76991e-06, No Iterations 3
smoothSolver:  Solving for k, Initial residual = 0.00033995, Final residual = 3.31149e-05, No Iterations 3
ExecutionTime = 11.31 s  ClockTime = 11 s

forceCoeffs forceCoeffs1 write:
    Cm    = 0.156527
    Cd    = 0.414358
    Cl    = 0.0636691
    Cl(f) = 0.188362
    Cl(r) = -0.124693

Time = 102

smoothSolver:  Solving for Ux, Initial residual = 0.000139881, Final residual = 1.34314e-05, No Iterations 7
smoothSolver:  Solving for Uy, Initial residual = 0.00321506, Final residual = 0.000241798, No Iterations 7
smoothSolver:  Solving for Uz, Initial residual = 0.0027768, Final residual = 0.000275006, No Iterations 6
GAMG:  Solving for p, Initial residual = 0.00146295, Final residual = 1.43814e-05, No Iterations 3
time step continuity errors : sum local = 2.75365e-05, global = -8.3374e-08, cumulative = 3.21393e-05
smoothSolver:  Solving for omega, Initial residual = 2.46922e-05, Final residual = 1.71514e-06, No Iterations 3
smoothSolver:  Solving for k, Initial residual = 0.00033352, Final residual = 3.22413e-05, No Iterations 3
ExecutionTime = 11.41 s  ClockTime = 11 s

forceCoeffs forceCoeffs1 write:
    Cm    = 0.15655
    Cd    = 0.414324
    Cl    = 0.0636322
    Cl(f) = 0.188366
    Cl(r) = -0.124734

Time = 103

smoothSolver:  Solving for Ux, Initial residual = 0.000136527, Final residual = 1.29063e-05, No Iterations 7
smoothSolver:  Solving for Uy, Initial residual = 0.00309869, Final residual = 0.000228542, No Iterations 7
smoothSolver:  Solving for Uz, Initial residual = 0.00270297, Final residual = 0.000266162, No Iterations 6
GAMG:  Solving for p, Initial residual = 0.00144275, Final residual = 5.45578e-06, No Iterations 4
time step continuity errors : sum local = 1.04446e-05, global = -6.14159e-08, cumulative = 3.20778e-05
smoothSolver:  Solving for omega, Initial residual = 2.42344e-05, Final residual = 1.65179e-06, No Iterations 3
smoothSolver:  Solving for k, Initial residual = 0.00032963, Final residual = 3.13039e-05, No Iterations 3
ExecutionTime = 11.51 s  ClockTime = 11 s

forceCoeffs forceCoeffs1 write:
    Cm    = 0.156591
    Cd    = 0.414326
    Cl    = 0.0636716
    Cl(f) = 0.188427
    Cl(r) = -0.124755

Time = 104

smoothSolver:  Solving for Ux, Initial residual = 0.000135383, Final residual = 1.28139e-05, No Iterations 7
smoothSolver:  Solving for Uy, Initial residual = 0.00309233, Final residual = 0.000231701, No Iterations 7
smoothSolver:  Solving for Uz, Initial residual = 0.00268925, Final residual = 0.000199903, No Iterations 7
GAMG:  Solving for p, Initial residual = 0.00142359, Final residual = 1.38081e-05, No Iterations 3
time step continuity errors : sum local = 2.64283e-05, global = -1.89008e-07, cumulative = 3.18888e-05
smoothSolver:  Solving for omega, Initial residual = 2.38069e-05, Final residual = 1.59412e-06, No Iterations 3
smoothSolver:  Solving for k, Initial residual = 0.000327772, Final residual = 3.04402e-05, No Iterations 3
ExecutionTime = 11.61 s  ClockTime = 12 s

forceCoeffs forceCoeffs1 write:
    Cm    = 0.156627
    Cd    = 0.414364
    Cl    = 0.0637016
    Cl(f) = 0.188477
    Cl(r) = -0.124776

Time = 105

smoothSolver:  Solving for Ux, Initial residual = 0.000132529, Final residual = 1.26461e-05, No Iterations 7
smoothSolver:  Solving for Uy, Initial residual = 0.00302745, Final residual = 0.000229897, No Iterations 7
smoothSolver:  Solving for Uz, Initial residual = 0.00263443, Final residual = 0.000197891, No Iterations 7
GAMG:  Solving for p, Initial residual = 0.00140318, Final residual = 5.30956e-06, No Iterations 4
time step continuity errors : sum local = 1.01608e-05, global = -8.0675e-08, cumulative = 3.18082e-05
smoothSolver:  Solving for omega, Initial residual = 2.3214e-05, Final residual = 1.54608e-06, No Iterations 3
smoothSolver:  Solving for k, Initial residual = 0.000326798, Final residual = 2.97586e-05, No Iterations 3
ExecutionTime = 11.71 s  ClockTime = 12 s

forceCoeffs forceCoeffs1 write:
    Cm    = 0.156694
    Cd    = 0.414449
    Cl    = 0.0637944
    Cl(f) = 0.188591
    Cl(r) = -0.124796

Time = 106

smoothSolver:  Solving for Ux, Initial residual = 0.000131701, Final residual = 1.27696e-05, No Iterations 7
smoothSolver:  Solving for Uy, Initial residual = 0.00304382, Final residual = 0.000238181, No Iterations 7
smoothSolver:  Solving for Uz, Initial residual = 0.00263549, Final residual = 0.000203884, No Iterations 7
GAMG:  Solving for p, Initial residual = 0.00137986, Final residual = 5.05567e-06, No Iterations 4
time step continuity errors : sum local = 9.67255e-06, global = -6.47579e-08, cumulative = 3.17434e-05
smoothSolver:  Solving for omega, Initial residual = 2.28941e-05, Final residual = 1.50526e-06, No Iterations 3
smoothSolver:  Solving for k, Initial residual = 0.000326126, Final residual = 2.92952e-05, No Iterations 3
ExecutionTime = 11.82 s  ClockTime = 12 s

forceCoeffs forceCoeffs1 write:
    Cm    = 0.156712
    Cd    = 0.41452
    Cl    = 0.0638817
    Cl(f) = 0.188653
    Cl(r) = -0.124772

Time = 107

smoothSolver:  Solving for Ux, Initial residual = 0.000129863, Final residual = 1.27202e-05, No Iterations 7
smoothSolver:  Solving for Uy, Initial residual = 0.00301227, Final residual = 0.000237271, No Iterations 7
smoothSolver:  Solving for Uz, Initial residual = 0.00260695, Final residual = 0.000205651, No Iterations 7
GAMG:  Solving for p, Initial residual = 0.00135591, Final residual = 5.2519e-06, No Iterations 4
time step continuity errors : sum local = 1.0047e-05, global = -3.00479e-08, cumulative = 3.17134e-05
smoothSolver:  Solving for omega, Initial residual = 2.26934e-05, Final residual = 1.47968e-06, No Iterations 3
smoothSolver:  Solving for k, Initial residual = 0.00032524, Final residual = 2.89905e-05, No Iterations 3
ExecutionTime = 11.91 s  ClockTime = 12 s

forceCoeffs forceCoeffs1 write:
    Cm    = 0.156732
    Cd    = 0.414607
    Cl    = 0.0639415
    Cl(f) = 0.188702
    Cl(r) = -0.124761

Time = 108

smoothSolver:  Solving for Ux, Initial residual = 0.000127917, Final residual = 1.25922e-05, No Iterations 7
smoothSolver:  Solving for Uy, Initial residual = 0.00295106, Final residual = 0.000235209, No Iterations 7
smoothSolver:  Solving for Uz, Initial residual = 0.00256908, Final residual = 0.000206294, No Iterations 7
GAMG:  Solving for p, Initial residual = 0.00133033, Final residual = 5.40337e-06, No Iterations 4
time step continuity errors : sum local = 1.03361e-05, global = 4.85484e-09, cumulative = 3.17182e-05
smoothSolver:  Solving for omega, Initial residual = 2.22076e-05, Final residual = 1.45646e-06, No Iterations 3
smoothSolver:  Solving for k, Initial residual = 0.000322763, Final residual = 2.87853e-05, No Iterations 3
ExecutionTime = 12.02 s  ClockTime = 12 s

forceCoeffs forceCoeffs1 write:
    Cm    = 0.156719
    Cd    = 0.414651
    Cl    = 0.0639576
    Cl(f) = 0.188698
    Cl(r) = -0.124741

Time = 109

smoothSolver:  Solving for Ux, Initial residual = 0.000125947, Final residual = 1.22883e-05, No Iterations 7
smoothSolver:  Solving for Uy, Initial residual = 0.00288563, Final residual = 0.000230231, No Iterations 7
smoothSolver:  Solving for Uz, Initial residual = 0.00251825, Final residual = 0.000203681, No Iterations 7
GAMG:  Solving for p, Initial residual = 0.00131085, Final residual = 5.63203e-06, No Iterations 4
time step continuity errors : sum local = 1.07739e-05, global = 6.98918e-09, cumulative = 3.17252e-05
smoothSolver:  Solving for omega, Initial residual = 2.22982e-05, Final residual = 1.43027e-06, No Iterations 3
smoothSolver:  Solving for k, Initial residual = 0.000317839, Final residual = 2.84763e-05, No Iterations 3
ExecutionTime = 12.12 s  ClockTime = 12 s

forceCoeffs forceCoeffs1 write:
    Cm    = 0.156713
    Cd    = 0.41468
    Cl    = 0.0639717
    Cl(f) = 0.188699
    Cl(r) = -0.124727

Time = 110

smoothSolver:  Solving for Ux, Initial residual = 0.000123335, Final residual = 1.1982e-05, No Iterations 7
smoothSolver:  Solving for Uy, Initial residual = 0.00283538, Final residual = 0.000224644, No Iterations 7
smoothSolver:  Solving for Uz, Initial residual = 0.00246017, Final residual = 0.000199377, No Iterations 7
GAMG:  Solving for p, Initial residual = 0.00129525, Final residual = 5.61176e-06, No Iterations 4
time step continuity errors : sum local = 1.07358e-05, global = 3.41355e-08, cumulative = 3.17593e-05
smoothSolver:  Solving for omega, Initial residual = 2.2212e-05, Final residual = 1.40354e-06, No Iterations 3
smoothSolver:  Solving for k, Initial residual = 0.000310409, Final residual = 2.79446e-05, No Iterations 3
ExecutionTime = 12.22 s  ClockTime = 12 s

forceCoeffs forceCoeffs1 write:
    Cm    = 0.156669
    Cd    = 0.414662
    Cl    = 0.0639443
    Cl(f) = 0.188641
    Cl(r) = -0.124697

Time = 111

smoothSolver:  Solving for Ux, Initial residual = 0.000121643, Final residual = 1.18312e-05, No Iterations 7
smoothSolver:  Solving for Uy, Initial residual = 0.00277996, Final residual = 0.000220942, No Iterations 7
smoothSolver:  Solving for Uz, Initial residual = 0.00240949, Final residual = 0.000195636, No Iterations 7
GAMG:  Solving for p, Initial residual = 0.0012817, Final residual = 5.44932e-06, No Iterations 4
time step continuity errors : sum local = 1.04261e-05, global = 7.03022e-08, cumulative = 3.18296e-05
smoothSolver:  Solving for omega, Initial residual = 2.16549e-05, Final residual = 1.37923e-06, No Iterations 3
smoothSolver:  Solving for k, Initial residual = 0.000302149, Final residual = 2.71504e-05, No Iterations 3
ExecutionTime = 12.33 s  ClockTime = 12 s

forceCoeffs forceCoeffs1 write:
    Cm    = 0.156618
    Cd    = 0.414612
    Cl    = 0.06388
    Cl(f) = 0.188558
    Cl(r) = -0.124679

Time = 112

smoothSolver:  Solving for Ux, Initial residual = 0.000119216, Final residual = 1.17149e-05, No Iterations 7
smoothSolver:  Solving for Uy, Initial residual = 0.00272858, Final residual = 0.000218047, No Iterations 7
smoothSolver:  Solving for Uz, Initial residual = 0.00235572, Final residual = 0.000191467, No Iterations 7
GAMG:  Solving for p, Initial residual = 0.00126984, Final residual = 5.1239e-06, No Iterations 4
time step continuity errors : sum local = 9.80465e-06, global = 1.1016e-07, cumulative = 3.19398e-05
smoothSolver:  Solving for omega, Initial residual = 2.11954e-05, Final residual = 1.34557e-06, No Iterations 3
smoothSolver:  Solving for k, Initial residual = 0.000292972, Final residual = 2.62232e-05, No Iterations 3
ExecutionTime = 12.43 s  ClockTime = 12 s

forceCoeffs forceCoeffs1 write:
    Cm    = 0.156559
    Cd    = 0.414525
    Cl    = 0.0638249
    Cl(f) = 0.188472
    Cl(r) = -0.124647

Time = 113

smoothSolver:  Solving for Ux, Initial residual = 0.000117243, Final residual = 8.93279e-06, No Iterations 8
smoothSolver:  Solving for Uy, Initial residual = 0.00269605, Final residual = 0.000217914, No Iterations 7
smoothSolver:  Solving for Uz, Initial residual = 0.00231731, Final residual = 0.000190388, No Iterations 7
GAMG:  Solving for p, Initial residual = 0.00125356, Final residual = 4.84395e-06, No Iterations 4
time step continuity errors : sum local = 9.27007e-06, global = 1.28259e-07, cumulative = 3.20681e-05
smoothSolver:  Solving for omega, Initial residual = 2.08436e-05, Final residual = 1.31863e-06, No Iterations 3
smoothSolver:  Solving for k, Initial residual = 0.000284598, Final residual = 2.53275e-05, No Iterations 3
ExecutionTime = 12.53 s  ClockTime = 13 s

forceCoeffs forceCoeffs1 write:
    Cm    = 0.15651
    Cd    = 0.414462
    Cl    = 0.0637317
    Cl(f) = 0.188376
    Cl(r) = -0.124644

Time = 114

smoothSolver:  Solving for Ux, Initial residual = 0.000115415, Final residual = 8.99156e-06, No Iterations 8
smoothSolver:  Solving for Uy, Initial residual = 0.00265702, Final residual = 0.000219962, No Iterations 7
smoothSolver:  Solving for Uz, Initial residual = 0.00228686, Final residual = 0.00019096, No Iterations 7
GAMG:  Solving for p, Initial residual = 0.00123731, Final residual = 4.7233e-06, No Iterations 4
time step continuity errors : sum local = 9.04016e-06, global = 1.52519e-07, cumulative = 3.22206e-05
smoothSolver:  Solving for omega, Initial residual = 2.02772e-05, Final residual = 1.29045e-06, No Iterations 3
smoothSolver:  Solving for k, Initial residual = 0.000275591, Final residual = 2.45341e-05, No Iterations 3
ExecutionTime = 12.64 s  ClockTime = 13 s

forceCoeffs forceCoeffs1 write:
    Cm    = 0.156438
    Cd    = 0.414333
    Cl    = 0.063653
    Cl(f) = 0.188264
    Cl(r) = -0.124611

Time = 115

smoothSolver:  Solving for Ux, Initial residual = 0.00011417, Final residual = 9.00207e-06, No Iterations 8
smoothSolver:  Solving for Uy, Initial residual = 0.00262474, Final residual = 0.000219563, No Iterations 7
smoothSolver:  Solving for Uz, Initial residual = 0.002268, Final residual = 0.00019233, No Iterations 7
GAMG:  Solving for p, Initial residual = 0.0012171, Final residual = 4.66046e-06, No Iterations 4
time step continuity errors : sum local = 8.92041e-06, global = 1.40023e-07, cumulative = 3.23606e-05
smoothSolver:  Solving for omega, Initial residual = 1.99588e-05, Final residual = 1.26665e-06, No Iterations 3
smoothSolver:  Solving for k, Initial residual = 0.00026572, Final residual = 2.37326e-05, No Iterations 3
ExecutionTime = 12.74 s  ClockTime = 13 s

forceCoeffs forceCoeffs1 write:
    Cm    = 0.156433
    Cd    = 0.414269
    Cl    = 0.0635932
    Cl(f) = 0.18823
    Cl(r) = -0.124637

Time = 116

smoothSolver:  Solving for Ux, Initial residual = 0.00011289, Final residual = 9.01093e-06, No Iterations 8
smoothSolver:  Solving for Uy, Initial residual = 0.00258837, Final residual = 0.000217226, No Iterations 7
smoothSolver:  Solving for Uz, Initial residual = 0.00223879, Final residual = 0.000191762, No Iterations 7
GAMG:  Solving for p, Initial residual = 0.00119742, Final residual = 4.57507e-06, No Iterations 4
time step continuity errors : sum local = 8.75696e-06, global = 1.38419e-07, cumulative = 3.2499e-05
smoothSolver:  Solving for omega, Initial residual = 1.97056e-05, Final residual = 1.24681e-06, No Iterations 3
smoothSolver:  Solving for k, Initial residual = 0.000255614, Final residual = 2.28701e-05, No Iterations 3
ExecutionTime = 12.85 s  ClockTime = 13 s

forceCoeffs forceCoeffs1 write:
    Cm    = 0.156435
    Cd    = 0.414206
    Cl    = 0.0635645
    Cl(f) = 0.188218
    Cl(r) = -0.124653

Time = 117

smoothSolver:  Solving for Ux, Initial residual = 0.000111848, Final residual = 8.94849e-06, No Iterations 8
smoothSolver:  Solving for Uy, Initial residual = 0.0025376, Final residual = 0.000213069, No Iterations 7
smoothSolver:  Solving for Uz, Initial residual = 0.00221003, Final residual = 0.000190253, No Iterations 7
GAMG:  Solving for p, Initial residual = 0.00117851, Final residual = 4.51663e-06, No Iterations 4
time step continuity errors : sum local = 8.64446e-06, global = 5.87564e-08, cumulative = 3.25578e-05
smoothSolver:  Solving for omega, Initial residual = 1.92083e-05, Final residual = 1.21973e-06, No Iterations 3
smoothSolver:  Solving for k, Initial residual = 0.000246598, Final residual = 2.19502e-05, No Iterations 3
ExecutionTime = 12.94 s  ClockTime = 13 s

forceCoeffs forceCoeffs1 write:
    Cm    = 0.15649
    Cd    = 0.414211
    Cl    = 0.0635233
    Cl(f) = 0.188252
    Cl(r) = -0.124729

Time = 118

smoothSolver:  Solving for Ux, Initial residual = 0.000111115, Final residual = 8.89475e-06, No Iterations 8
smoothSolver:  Solving for Uy, Initial residual = 0.002497, Final residual = 0.000210102, No Iterations 7
smoothSolver:  Solving for Uz, Initial residual = 0.00218869, Final residual = 0.000188361, No Iterations 7
GAMG:  Solving for p, Initial residual = 0.00115978, Final residual = 4.42828e-06, No Iterations 4
time step continuity errors : sum local = 8.47398e-06, global = 3.67546e-08, cumulative = 3.25945e-05
smoothSolver:  Solving for omega, Initial residual = 1.89348e-05, Final residual = 1.19328e-06, No Iterations 3
smoothSolver:  Solving for k, Initial residual = 0.000238249, Final residual = 2.10087e-05, No Iterations 3
ExecutionTime = 13.05 s  ClockTime = 13 s

forceCoeffs forceCoeffs1 write:
    Cm    = 0.156518
    Cd    = 0.414189
    Cl    = 0.0634782
    Cl(f) = 0.188257
    Cl(r) = -0.124779

Time = 119

smoothSolver:  Solving for Ux, Initial residual = 0.000109962, Final residual = 8.73e-06, No Iterations 8
smoothSolver:  Solving for Uy, Initial residual = 0.00247522, Final residual = 0.000208362, No Iterations 7
smoothSolver:  Solving for Uz, Initial residual = 0.00216335, Final residual = 0.000185191, No Iterations 7
GAMG:  Solving for p, Initial residual = 0.00114322, Final residual = 4.25011e-06, No Iterations 4
time step continuity errors : sum local = 8.1318e-06, global = 1.50587e-08, cumulative = 3.26096e-05
smoothSolver:  Solving for omega, Initial residual = 1.87234e-05, Final residual = 1.17854e-06, No Iterations 3
smoothSolver:  Solving for k, Initial residual = 0.00023009, Final residual = 2.01183e-05, No Iterations 3
ExecutionTime = 13.15 s  ClockTime = 13 s

forceCoeffs forceCoeffs1 write:
    Cm    = 0.156584
    Cd    = 0.414228
    Cl    = 0.0634459
    Cl(f) = 0.188307
    Cl(r) = -0.124861

Time = 120

smoothSolver:  Solving for Ux, Initial residual = 0.000108521, Final residual = 8.56323e-06, No Iterations 8
smoothSolver:  Solving for Uy, Initial residual = 0.00243032, Final residual = 0.000206035, No Iterations 7
smoothSolver:  Solving for Uz, Initial residual = 0.00213447, Final residual = 0.000181441, No Iterations 7
GAMG:  Solving for p, Initial residual = 0.00113364, Final residual = 4.16048e-06, No Iterations 4
time step continuity errors : sum local = 7.9591e-06, global = 1.8364e-08, cumulative = 3.26279e-05
smoothSolver:  Solving for omega, Initial residual = 1.84581e-05, Final residual = 1.16293e-06, No Iterations 3
smoothSolver:  Solving for k, Initial residual = 0.000222213, Final residual = 1.93575e-05, No Iterations 3
ExecutionTime = 13.25 s  ClockTime = 13 s

forceCoeffs forceCoeffs1 write:
    Cm    = 0.156611
    Cd    = 0.414208
    Cl    = 0.0634232
    Cl(f) = 0.188323
    Cl(r) = -0.124899

Time = 121

smoothSolver:  Solving for Ux, Initial residual = 0.0001067, Final residual = 8.32216e-06, No Iterations 8
smoothSolver:  Solving for Uy, Initial residual = 0.00240024, Final residual = 0.000204035, No Iterations 7
smoothSolver:  Solving for Uz, Initial residual = 0.00210127, Final residual = 0.000177433, No Iterations 7
GAMG:  Solving for p, Initial residual = 0.00112944, Final residual = 4.01197e-06, No Iterations 4
time step continuity errors : sum local = 7.67411e-06, global = 1.97324e-08, cumulative = 3.26477e-05
smoothSolver:  Solving for omega, Initial residual = 1.84226e-05, Final residual = 1.15227e-06, No Iterations 3
smoothSolver:  Solving for k, Initial residual = 0.000214772, Final residual = 1.87204e-05, No Iterations 3
ExecutionTime = 13.36 s  ClockTime = 13 s

forceCoeffs forceCoeffs1 write:
    Cm    = 0.156659
    Cd    = 0.414214
    Cl    = 0.0634004
    Cl(f) = 0.188359
    Cl(r) = -0.124959

Time = 122

smoothSolver:  Solving for Ux, Initial residual = 0.000105077, Final residual = 8.11709e-06, No Iterations 8
smoothSolver:  Solving for Uy, Initial residual = 0.00238497, Final residual = 0.000201019, No Iterations 7
smoothSolver:  Solving for Uz, Initial residual = 0.00207728, Final residual = 0.000174774, No Iterations 7
GAMG:  Solving for p, Initial residual = 0.00112573, Final residual = 3.95092e-06, No Iterations 4
time step continuity errors : sum local = 7.55652e-06, global = 2.95018e-08, cumulative = 3.26772e-05
smoothSolver:  Solving for omega, Initial residual = 1.83816e-05, Final residual = 1.1416e-06, No Iterations 3
smoothSolver:  Solving for k, Initial residual = 0.000207199, Final residual = 1.81719e-05, No Iterations 3
ExecutionTime = 13.45 s  ClockTime = 13 s

forceCoeffs forceCoeffs1 write:
    Cm    = 0.156658
    Cd    = 0.414154
    Cl    = 0.0633833
    Cl(f) = 0.18835
    Cl(r) = -0.124967

Time = 123

smoothSolver:  Solving for Ux, Initial residual = 0.000102862, Final residual = 7.85261e-06, No Iterations 8
smoothSolver:  Solving for Uy, Initial residual = 0.00236129, Final residual = 0.000196678, No Iterations 7
smoothSolver:  Solving for Uz, Initial residual = 0.00204912, Final residual = 0.000169922, No Iterations 7
GAMG:  Solving for p, Initial residual = 0.00111693, Final residual = 1.10565e-05, No Iterations 3
time step continuity errors : sum local = 2.11453e-05, global = 6.40022e-08, cumulative = 3.27412e-05
smoothSolver:  Solving for omega, Initial residual = 1.78945e-05, Final residual = 1.14131e-06, No Iterations 3
smoothSolver:  Solving for k, Initial residual = 0.000199913, Final residual = 1.76965e-05, No Iterations 3
ExecutionTime = 13.56 s  ClockTime = 14 s

forceCoeffs forceCoeffs1 write:
    Cm    = 0.156679
    Cd    = 0.414118
    Cl    = 0.0633285
    Cl(f) = 0.188344
    Cl(r) = -0.125015

Time = 124

smoothSolver:  Solving for Ux, Initial residual = 0.000101047, Final residual = 7.65665e-06, No Iterations 8
smoothSolver:  Solving for Uy, Initial residual = 0.00232626, Final residual = 0.000192043, No Iterations 7
smoothSolver:  Solving for Uz, Initial residual = 0.0020246, Final residual = 0.000166038, No Iterations 7
GAMG:  Solving for p, Initial residual = 0.0011118, Final residual = 4.08544e-06, No Iterations 4
time step continuity errors : sum local = 7.8127e-06, global = 2.14737e-08, cumulative = 3.27627e-05
smoothSolver:  Solving for omega, Initial residual = 1.78263e-05, Final residual = 1.13332e-06, No Iterations 3
smoothSolver:  Solving for k, Initial residual = 0.000193141, Final residual = 1.72715e-05, No Iterations 3
ExecutionTime = 13.66 s  ClockTime = 14 s

forceCoeffs forceCoeffs1 write:
    Cm    = 0.156636
    Cd    = 0.414012
    Cl    = 0.0632964
    Cl(f) = 0.188284
    Cl(r) = -0.124987

Time = 125

smoothSolver:  Solving for Ux, Initial residual = 0.000100762, Final residual = 7.66677e-06, No Iterations 8
smoothSolver:  Solving for Uy, Initial residual = 0.00236922, Final residual = 0.000196015, No Iterations 7
smoothSolver:  Solving for Uz, Initial residual = 0.00204558, Final residual = 0.000167301, No Iterations 7
GAMG:  Solving for p, Initial residual = 0.00110472, Final residual = 1.08539e-05, No Iterations 3
time step continuity errors : sum local = 2.07547e-05, global = 2.88288e-08, cumulative = 3.27915e-05
smoothSolver:  Solving for omega, Initial residual = 1.79682e-05, Final residual = 1.1376e-06, No Iterations 3
smoothSolver:  Solving for k, Initial residual = 0.0001871, Final residual = 1.69004e-05, No Iterations 3
ExecutionTime = 13.76 s  ClockTime = 14 s

forceCoeffs forceCoeffs1 write:
    Cm    = 0.156591
    Cd    = 0.413906
    Cl    = 0.0631695
    Cl(f) = 0.188176
    Cl(r) = -0.125006

Time = 126

smoothSolver:  Solving for Ux, Initial residual = 0.000100028, Final residual = 7.61926e-06, No Iterations 8
smoothSolver:  Solving for Uy, Initial residual = 0.00235323, Final residual = 0.000192986, No Iterations 7
smoothSolver:  Solving for Uz, Initial residual = 0.00203304, Final residual = 0.000165804, No Iterations 7
GAMG:  Solving for p, Initial residual = 0.00109869, Final residual = 4.00781e-06, No Iterations 4
time step continuity errors : sum local = 7.66353e-06, global = 9.34303e-09, cumulative = 3.28008e-05
smoothSolver:  Solving for omega, Initial residual = 1.80275e-05, Final residual = 1.14681e-06, No Iterations 3
smoothSolver:  Solving for k, Initial residual = 0.000182526, Final residual = 1.66169e-05, No Iterations 3
ExecutionTime = 13.87 s  ClockTime = 14 s

forceCoeffs forceCoeffs1 write:
    Cm    = 0.156493
    Cd    = 0.413697
    Cl    = 0.063112
    Cl(f) = 0.188049
    Cl(r) = -0.124937

Time = 127

smoothSolver:  Solving for Ux, Initial residual = 0.00010043, Final residual = 7.65224e-06, No Iterations 8
smoothSolver:  Solving for Uy, Initial residual = 0.00238278, Final residual = 0.000196652, No Iterations 7
smoothSolver:  Solving for Uz, Initial residual = 0.00205173, Final residual = 0.000168098, No Iterations 7
GAMG:  Solving for p, Initial residual = 0.00109759, Final residual = 1.09727e-05, No Iterations 3
time step continuity errors : sum local = 2.09794e-05, global = -4.95379e-08, cumulative = 3.27513e-05
smoothSolver:  Solving for omega, Initial residual = 1.82917e-05, Final residual = 1.15495e-06, No Iterations 3
smoothSolver:  Solving for k, Initial residual = 0.000180746, Final residual = 1.64612e-05, No Iterations 3
ExecutionTime = 13.96 s  ClockTime = 14 s

forceCoeffs forceCoeffs1 write:
    Cm    = 0.156471
    Cd    = 0.413574
    Cl    = 0.0630419
    Cl(f) = 0.187992
    Cl(r) = -0.12495

Time = 128

smoothSolver:  Solving for Ux, Initial residual = 0.000100491, Final residual = 7.63652e-06, No Iterations 8
smoothSolver:  Solving for Uy, Initial residual = 0.00237077, Final residual = 0.000193314, No Iterations 7
smoothSolver:  Solving for Uz, Initial residual = 0.00203606, Final residual = 0.000166212, No Iterations 7
GAMG:  Solving for p, Initial residual = 0.00109679, Final residual = 4.09727e-06, No Iterations 4
time step continuity errors : sum local = 7.83297e-06, global = -2.32903e-08, cumulative = 3.2728e-05
smoothSolver:  Solving for omega, Initial residual = 1.85546e-05, Final residual = 1.15822e-06, No Iterations 3
smoothSolver:  Solving for k, Initial residual = 0.00018063, Final residual = 1.63839e-05, No Iterations 3
ExecutionTime = 14.07 s  ClockTime = 14 s

forceCoeffs forceCoeffs1 write:
    Cm    = 0.156394
    Cd    = 0.413371
    Cl    = 0.0630186
    Cl(f) = 0.187903
    Cl(r) = -0.124885

Time = 129

smoothSolver:  Solving for Ux, Initial residual = 0.000101187, Final residual = 1.00609e-05, No Iterations 7
smoothSolver:  Solving for Uy, Initial residual = 0.00237488, Final residual = 0.00019379, No Iterations 7
smoothSolver:  Solving for Uz, Initial residual = 0.00204307, Final residual = 0.000166902, No Iterations 7
GAMG:  Solving for p, Initial residual = 0.00109373, Final residual = 3.95695e-06, No Iterations 4
time step continuity errors : sum local = 7.56308e-06, global = -3.40706e-08, cumulative = 3.26939e-05
smoothSolver:  Solving for omega, Initial residual = 1.84123e-05, Final residual = 1.17886e-06, No Iterations 3
smoothSolver:  Solving for k, Initial residual = 0.000181048, Final residual = 1.63421e-05, No Iterations 3
ExecutionTime = 14.17 s  ClockTime = 14 s

forceCoeffs forceCoeffs1 write:
    Cm    = 0.156371
    Cd    = 0.413214
    Cl    = 0.0629624
    Cl(f) = 0.187853
    Cl(r) = -0.12489

Time = 130

smoothSolver:  Solving for Ux, Initial residual = 0.000100466, Final residual = 9.91337e-06, No Iterations 7
smoothSolver:  Solving for Uy, Initial residual = 0.00232711, Final residual = 0.000186998, No Iterations 7
smoothSolver:  Solving for Uz, Initial residual = 0.00201062, Final residual = 0.000162206, No Iterations 7
GAMG:  Solving for p, Initial residual = 0.00109611, Final residual = 4.03815e-06, No Iterations 4
time step continuity errors : sum local = 7.71642e-06, global = -4.40255e-08, cumulative = 3.26499e-05
smoothSolver:  Solving for omega, Initial residual = 1.86492e-05, Final residual = 1.1862e-06, No Iterations 3
smoothSolver:  Solving for k, Initial residual = 0.000182123, Final residual = 1.6334e-05, No Iterations 3
ExecutionTime = 14.27 s  ClockTime = 14 s

forceCoeffs forceCoeffs1 write:
    Cm    = 0.156371
    Cd    = 0.413093
    Cl    = 0.0629432
    Cl(f) = 0.187843
    Cl(r) = -0.1249

Time = 131

smoothSolver:  Solving for Ux, Initial residual = 9.96559e-05, Final residual = 9.70436e-06, No Iterations 7
smoothSolver:  Solving for Uy, Initial residual = 0.00229422, Final residual = 0.000180796, No Iterations 7
smoothSolver:  Solving for Uz, Initial residual = 0.00197675, Final residual = 0.000156984, No Iterations 7
GAMG:  Solving for p, Initial residual = 0.00109951, Final residual = 3.983e-06, No Iterations 4
time step continuity errors : sum local = 7.60943e-06, global = -3.11958e-08, cumulative = 3.26187e-05
smoothSolver:  Solving for omega, Initial residual = 1.88328e-05, Final residual = 1.19556e-06, No Iterations 3
smoothSolver:  Solving for k, Initial residual = 0.000183842, Final residual = 1.62841e-05, No Iterations 3
ExecutionTime = 14.37 s  ClockTime = 14 s

forceCoeffs forceCoeffs1 write:
    Cm    = 0.1564
    Cd    = 0.413031
    Cl    = 0.0628931
    Cl(f) = 0.187847
    Cl(r) = -0.124954

Time = 132

smoothSolver:  Solving for Ux, Initial residual = 9.89415e-05, Final residual = 9.49303e-06, No Iterations 7
smoothSolver:  Solving for Uy, Initial residual = 0.00225748, Final residual = 0.000174023, No Iterations 7
smoothSolver:  Solving for Uz, Initial residual = 0.00194935, Final residual = 0.000151752, No Iterations 7
GAMG:  Solving for p, Initial residual = 0.00110633, Final residual = 1.09804e-05, No Iterations 3
time step continuity errors : sum local = 2.09729e-05, global = -2.80521e-07, cumulative = 3.23382e-05
smoothSolver:  Solving for omega, Initial residual = 1.90296e-05, Final residual = 1.19761e-06, No Iterations 3
smoothSolver:  Solving for k, Initial residual = 0.000185242, Final residual = 1.61554e-05, No Iterations 3
ExecutionTime = 14.48 s  ClockTime = 15 s

forceCoeffs forceCoeffs1 write:
    Cm    = 0.156418
    Cd    = 0.412954
    Cl    = 0.0628692
    Cl(f) = 0.187853
    Cl(r) = -0.124983

Time = 133

smoothSolver:  Solving for Ux, Initial residual = 9.79216e-05, Final residual = 9.25134e-06, No Iterations 7
smoothSolver:  Solving for Uy, Initial residual = 0.00221313, Final residual = 0.000165659, No Iterations 7
smoothSolver:  Solving for Uz, Initial residual = 0.0019112, Final residual = 0.00014519, No Iterations 7
GAMG:  Solving for p, Initial residual = 0.00111192, Final residual = 4.2331e-06, No Iterations 4
time step continuity errors : sum local = 8.08446e-06, global = -1.74628e-08, cumulative = 3.23207e-05
smoothSolver:  Solving for omega, Initial residual = 1.9056e-05, Final residual = 1.194e-06, No Iterations 3
smoothSolver:  Solving for k, Initial residual = 0.000186904, Final residual = 1.6036e-05, No Iterations 3
ExecutionTime = 14.58 s  ClockTime = 15 s

forceCoeffs forceCoeffs1 write:
    Cm    = 0.156468
    Cd    = 0.412894
    Cl    = 0.0629085
    Cl(f) = 0.187922
    Cl(r) = -0.125014

Time = 134

smoothSolver:  Solving for Ux, Initial residual = 9.85518e-05, Final residual = 9.30149e-06, No Iterations 7
smoothSolver:  Solving for Uy, Initial residual = 0.00222999, Final residual = 0.000166992, No Iterations 7
smoothSolver:  Solving for Uz, Initial residual = 0.00191787, Final residual = 0.000144505, No Iterations 7
GAMG:  Solving for p, Initial residual = 0.00111823, Final residual = 1.09846e-05, No Iterations 3
time step continuity errors : sum local = 2.09728e-05, global = -3.1387e-07, cumulative = 3.20069e-05
smoothSolver:  Solving for omega, Initial residual = 1.93756e-05, Final residual = 1.19614e-06, No Iterations 3
smoothSolver:  Solving for k, Initial residual = 0.000187812, Final residual = 1.59356e-05, No Iterations 3
ExecutionTime = 14.68 s  ClockTime = 15 s

forceCoeffs forceCoeffs1 write:
    Cm    = 0.156501
    Cd    = 0.412843
    Cl    = 0.0629027
    Cl(f) = 0.187952
    Cl(r) = -0.125049

Time = 135

smoothSolver:  Solving for Ux, Initial residual = 9.75399e-05, Final residual = 9.16793e-06, No Iterations 7
smoothSolver:  Solving for Uy, Initial residual = 0.00218884, Final residual = 0.000218869, No Iterations 6
smoothSolver:  Solving for Uz, Initial residual = 0.0018982, Final residual = 0.000189779, No Iterations 6
GAMG:  Solving for p, Initial residual = 0.00112455, Final residual = 4.13306e-06, No Iterations 4
time step continuity errors : sum local = 7.89087e-06, global = -2.03213e-08, cumulative = 3.19865e-05
smoothSolver:  Solving for omega, Initial residual = 1.92024e-05, Final residual = 1.20233e-06, No Iterations 3
smoothSolver:  Solving for k, Initial residual = 0.000188262, Final residual = 1.58403e-05, No Iterations 3
ExecutionTime = 14.78 s  ClockTime = 15 s

forceCoeffs forceCoeffs1 write:
    Cm    = 0.156529
    Cd    = 0.412783
    Cl    = 0.0629098
    Cl(f) = 0.187984
    Cl(r) = -0.125074

Time = 136

smoothSolver:  Solving for Ux, Initial residual = 9.81691e-05, Final residual = 9.26767e-06, No Iterations 7
smoothSolver:  Solving for Uy, Initial residual = 0.0022107, Final residual = 0.000165567, No Iterations 7
smoothSolver:  Solving for Uz, Initial residual = 0.00192129, Final residual = 0.00014368, No Iterations 7
GAMG:  Solving for p, Initial residual = 0.00113375, Final residual = 4.09004e-06, No Iterations 4
time step continuity errors : sum local = 7.80743e-06, global = -6.10362e-08, cumulative = 3.19255e-05
smoothSolver:  Solving for omega, Initial residual = 1.93603e-05, Final residual = 1.20159e-06, No Iterations 3
smoothSolver:  Solving for k, Initial residual = 0.00018845, Final residual = 1.57561e-05, No Iterations 3
ExecutionTime = 14.89 s  ClockTime = 15 s

forceCoeffs forceCoeffs1 write:
    Cm    = 0.15654
    Cd    = 0.412718
    Cl    = 0.0628968
    Cl(f) = 0.187988
    Cl(r) = -0.125092

Time = 137

smoothSolver:  Solving for Ux, Initial residual = 9.86104e-05, Final residual = 9.3414e-06, No Iterations 7
smoothSolver:  Solving for Uy, Initial residual = 0.00222622, Final residual = 0.000168033, No Iterations 7
smoothSolver:  Solving for Uz, Initial residual = 0.00193886, Final residual = 0.000144104, No Iterations 7
GAMG:  Solving for p, Initial residual = 0.00113922, Final residual = 4.05667e-06, No Iterations 4
time step continuity errors : sum local = 7.7435e-06, global = -4.66955e-08, cumulative = 3.18788e-05
smoothSolver:  Solving for omega, Initial residual = 1.94498e-05, Final residual = 1.20959e-06, No Iterations 3
smoothSolver:  Solving for k, Initial residual = 0.000188303, Final residual = 1.569e-05, No Iterations 3
ExecutionTime = 14.98 s  ClockTime = 15 s

forceCoeffs forceCoeffs1 write:
    Cm    = 0.156537
    Cd    = 0.412666
    Cl    = 0.0628377
    Cl(f) = 0.187956
    Cl(r) = -0.125118

Time = 138

smoothSolver:  Solving for Ux, Initial residual = 9.91271e-05, Final residual = 9.46963e-06, No Iterations 7
smoothSolver:  Solving for Uy, Initial residual = 0.00223041, Final residual = 0.000170633, No Iterations 7
smoothSolver:  Solving for Uz, Initial residual = 0.00194812, Final residual = 0.000145836, No Iterations 7
GAMG:  Solving for p, Initial residual = 0.00114916, Final residual = 4.12516e-06, No Iterations 4
time step continuity errors : sum local = 7.8743e-06, global = -3.02849e-08, cumulative = 3.18485e-05
smoothSolver:  Solving for omega, Initial residual = 1.94309e-05, Final residual = 1.20235e-06, No Iterations 3
smoothSolver:  Solving for k, Initial residual = 0.000187445, Final residual = 1.55909e-05, No Iterations 3
ExecutionTime = 15.09 s  ClockTime = 15 s

forceCoeffs forceCoeffs1 write:
    Cm    = 0.156495
    Cd    = 0.412567
    Cl    = 0.0628018
    Cl(f) = 0.187896
    Cl(r) = -0.125094

Time = 139

smoothSolver:  Solving for Ux, Initial residual = 9.98088e-05, Final residual = 9.63485e-06, No Iterations 7
smoothSolver:  Solving for Uy, Initial residual = 0.0022494, Final residual = 0.000174856, No Iterations 7
smoothSolver:  Solving for Uz, Initial residual = 0.0019741, Final residual = 0.000148591, No Iterations 7
GAMG:  Solving for p, Initial residual = 0.00116333, Final residual = 4.21852e-06, No Iterations 4
time step continuity errors : sum local = 8.05298e-06, global = -1.49867e-08, cumulative = 3.18335e-05
smoothSolver:  Solving for omega, Initial residual = 1.94118e-05, Final residual = 1.20462e-06, No Iterations 3
smoothSolver:  Solving for k, Initial residual = 0.000186187, Final residual = 1.54726e-05, No Iterations 3
ExecutionTime = 15.19 s  ClockTime = 15 s

forceCoeffs forceCoeffs1 write:
    Cm    = 0.156458
    Cd    = 0.412459
    Cl    = 0.0627605
    Cl(f) = 0.187838
    Cl(r) = -0.125078

Time = 140

smoothSolver:  Solving for Ux, Initial residual = 0.000100601, Final residual = 9.79246e-06, No Iterations 7
smoothSolver:  Solving for Uy, Initial residual = 0.00229432, Final residual = 0.000180379, No Iterations 7
smoothSolver:  Solving for Uz, Initial residual = 0.00199314, Final residual = 0.000151091, No Iterations 7
GAMG:  Solving for p, Initial residual = 0.00117665, Final residual = 4.34216e-06, No Iterations 4
time step continuity errors : sum local = 8.28896e-06, global = 2.53725e-08, cumulative = 3.18589e-05
smoothSolver:  Solving for omega, Initial residual = 1.97321e-05, Final residual = 1.20984e-06, No Iterations 3
smoothSolver:  Solving for k, Initial residual = 0.000184414, Final residual = 1.53963e-05, No Iterations 3
ExecutionTime = 15.29 s  ClockTime = 15 s

forceCoeffs forceCoeffs1 write:
    Cm    = 0.156412
    Cd    = 0.412337
    Cl    = 0.0627849
    Cl(f) = 0.187804
    Cl(r) = -0.12502

Time = 141

smoothSolver:  Solving for Ux, Initial residual = 0.000101353, Final residual = 9.87272e-06, No Iterations 7
smoothSolver:  Solving for Uy, Initial residual = 0.00232084, Final residual = 0.000183372, No Iterations 7
smoothSolver:  Solving for Uz, Initial residual = 0.00201392, Final residual = 0.00015272, No Iterations 7
GAMG:  Solving for p, Initial residual = 0.00119296, Final residual = 4.48006e-06, No Iterations 4
time step continuity errors : sum local = 8.5527e-06, global = 3.14945e-08, cumulative = 3.18904e-05
smoothSolver:  Solving for omega, Initial residual = 1.96084e-05, Final residual = 1.21604e-06, No Iterations 3
smoothSolver:  Solving for k, Initial residual = 0.000182899, Final residual = 1.53756e-05, No Iterations 3
ExecutionTime = 15.39 s  ClockTime = 15 s

forceCoeffs forceCoeffs1 write:
    Cm    = 0.156395
    Cd    = 0.412246
    Cl    = 0.0627875
    Cl(f) = 0.187789
    Cl(r) = -0.125001

Time = 142

smoothSolver:  Solving for Ux, Initial residual = 0.000102198, Final residual = 9.94142e-06, No Iterations 7
smoothSolver:  Solving for Uy, Initial residual = 0.00235875, Final residual = 0.000187829, No Iterations 7
smoothSolver:  Solving for Uz, Initial residual = 0.00203292, Final residual = 0.000155253, No Iterations 7
GAMG:  Solving for p, Initial residual = 0.00120989, Final residual = 4.69964e-06, No Iterations 4
time step continuity errors : sum local = 8.97173e-06, global = 4.85531e-08, cumulative = 3.1939e-05
smoothSolver:  Solving for omega, Initial residual = 1.97474e-05, Final residual = 1.21465e-06, No Iterations 3
smoothSolver:  Solving for k, Initial residual = 0.000182401, Final residual = 1.53756e-05, No Iterations 3
ExecutionTime = 15.5 s  ClockTime = 16 s

forceCoeffs forceCoeffs1 write:
    Cm    = 0.156373
    Cd    = 0.412173
    Cl    = 0.0627767
    Cl(f) = 0.187761
    Cl(r) = -0.124985

Time = 143

smoothSolver:  Solving for Ux, Initial residual = 0.000103106, Final residual = 9.95237e-06, No Iterations 7
smoothSolver:  Solving for Uy, Initial residual = 0.00238761, Final residual = 0.000189212, No Iterations 7
smoothSolver:  Solving for Uz, Initial residual = 0.00204038, Final residual = 0.000154514, No Iterations 7
GAMG:  Solving for p, Initial residual = 0.00122579, Final residual = 4.79141e-06, No Iterations 4
time step continuity errors : sum local = 9.14745e-06, global = 4.19796e-08, cumulative = 3.19809e-05
smoothSolver:  Solving for omega, Initial residual = 1.99814e-05, Final residual = 1.23109e-06, No Iterations 3
smoothSolver:  Solving for k, Initial residual = 0.000183397, Final residual = 1.54369e-05, No Iterations 3
ExecutionTime = 15.6 s  ClockTime = 16 s

forceCoeffs forceCoeffs1 write:
    Cm    = 0.156347
    Cd    = 0.412094
    Cl    = 0.0627198
    Cl(f) = 0.187707
    Cl(r) = -0.124987

Time = 144

smoothSolver:  Solving for Ux, Initial residual = 0.000103314, Final residual = 9.85378e-06, No Iterations 7
smoothSolver:  Solving for Uy, Initial residual = 0.00239642, Final residual = 0.000189894, No Iterations 7
smoothSolver:  Solving for Uz, Initial residual = 0.00204222, Final residual = 0.000154094, No Iterations 7
GAMG:  Solving for p, Initial residual = 0.00123823, Final residual = 4.87328e-06, No Iterations 4
time step continuity errors : sum local = 9.30415e-06, global = 3.39117e-08, cumulative = 3.20148e-05
smoothSolver:  Solving for omega, Initial residual = 2.00487e-05, Final residual = 1.22717e-06, No Iterations 3
smoothSolver:  Solving for k, Initial residual = 0.000184941, Final residual = 1.55133e-05, No Iterations 3
ExecutionTime = 15.7 s  ClockTime = 16 s

forceCoeffs forceCoeffs1 write:
    Cm    = 0.156342
    Cd    = 0.412023
    Cl    = 0.0626992
    Cl(f) = 0.187691
    Cl(r) = -0.124992

Time = 145

smoothSolver:  Solving for Ux, Initial residual = 0.00010369, Final residual = 9.82898e-06, No Iterations 7
smoothSolver:  Solving for Uy, Initial residual = 0.00240731, Final residual = 0.000190458, No Iterations 7
smoothSolver:  Solving for Uz, Initial residual = 0.00204641, Final residual = 0.000153047, No Iterations 7
GAMG:  Solving for p, Initial residual = 0.00125605, Final residual = 4.92731e-06, No Iterations 4
time step continuity errors : sum local = 9.40796e-06, global = 8.2534e-09, cumulative = 3.20231e-05
smoothSolver:  Solving for omega, Initial residual = 2.00889e-05, Final residual = 1.22697e-06, No Iterations 3
smoothSolver:  Solving for k, Initial residual = 0.000187035, Final residual = 1.55883e-05, No Iterations 3
ExecutionTime = 15.8 s  ClockTime = 16 s

forceCoeffs forceCoeffs1 write:
    Cm    = 0.156388
    Cd    = 0.412006
    Cl    = 0.0627076
    Cl(f) = 0.187742
    Cl(r) = -0.125034

Time = 146

smoothSolver:  Solving for Ux, Initial residual = 0.000104023, Final residual = 9.87197e-06, No Iterations 7
smoothSolver:  Solving for Uy, Initial residual = 0.0024218, Final residual = 0.00019174, No Iterations 7
smoothSolver:  Solving for Uz, Initial residual = 0.00205658, Final residual = 0.000152985, No Iterations 7
GAMG:  Solving for p, Initial residual = 0.00126819, Final residual = 4.98154e-06, No Iterations 4
time step continuity errors : sum local = 9.51184e-06, global = 1.29414e-09, cumulative = 3.20244e-05
smoothSolver:  Solving for omega, Initial residual = 2.02276e-05, Final residual = 1.23149e-06, No Iterations 3
smoothSolver:  Solving for k, Initial residual = 0.00018916, Final residual = 1.56898e-05, No Iterations 3
ExecutionTime = 15.91 s  ClockTime = 16 s

forceCoeffs forceCoeffs1 write:
    Cm    = 0.156409
    Cd    = 0.411982
    Cl    = 0.0627166
    Cl(f) = 0.187767
    Cl(r) = -0.125051

Time = 147

smoothSolver:  Solving for Ux, Initial residual = 0.00010478, Final residual = 9.98139e-06, No Iterations 7
smoothSolver:  Solving for Uy, Initial residual = 0.00242129, Final residual = 0.000191684, No Iterations 7
smoothSolver:  Solving for Uz, Initial residual = 0.0020792, Final residual = 0.000154346, No Iterations 7
GAMG:  Solving for p, Initial residual = 0.00127763, Final residual = 5.02336e-06, No Iterations 4
time step continuity errors : sum local = 9.59282e-06, global = -9.62003e-09, cumulative = 3.20148e-05
smoothSolver:  Solving for omega, Initial residual = 2.03447e-05, Final residual = 1.23507e-06, No Iterations 3
smoothSolver:  Solving for k, Initial residual = 0.000191831, Final residual = 1.58153e-05, No Iterations 3
ExecutionTime = 16.01 s  ClockTime = 16 s

forceCoeffs forceCoeffs1 write:
    Cm    = 0.156448
    Cd    = 0.412002
    Cl    = 0.0626971
    Cl(f) = 0.187796
    Cl(r) = -0.125099

Time = 148

smoothSolver:  Solving for Ux, Initial residual = 0.000105215, Final residual = 1.00206e-05, No Iterations 7
smoothSolver:  Solving for Uy, Initial residual = 0.00242313, Final residual = 0.000192361, No Iterations 7
smoothSolver:  Solving for Uz, Initial residual = 0.00209325, Final residual = 0.000156833, No Iterations 7
GAMG:  Solving for p, Initial residual = 0.00128788, Final residual = 5.05608e-06, No Iterations 4
time step continuity errors : sum local = 9.65602e-06, global = 3.6579e-09, cumulative = 3.20184e-05
smoothSolver:  Solving for omega, Initial residual = 2.05041e-05, Final residual = 1.23535e-06, No Iterations 3
smoothSolver:  Solving for k, Initial residual = 0.000194137, Final residual = 1.59382e-05, No Iterations 3
ExecutionTime = 16.12 s  ClockTime = 16 s

forceCoeffs forceCoeffs1 write:
    Cm    = 0.15647
    Cd    = 0.412031
    Cl    = 0.0626743
    Cl(f) = 0.187808
    Cl(r) = -0.125133

Time = 149

smoothSolver:  Solving for Ux, Initial residual = 0.000106101, Final residual = 1.00711e-05, No Iterations 7
smoothSolver:  Solving for Uy, Initial residual = 0.00243688, Final residual = 0.000192271, No Iterations 7
smoothSolver:  Solving for Uz, Initial residual = 0.00210871, Final residual = 0.000157556, No Iterations 7
GAMG:  Solving for p, Initial residual = 0.0012967, Final residual = 5.13102e-06, No Iterations 4
time step continuity errors : sum local = 9.80084e-06, global = 1.66797e-08, cumulative = 3.20351e-05
smoothSolver:  Solving for omega, Initial residual = 2.06458e-05, Final residual = 1.24291e-06, No Iterations 3
smoothSolver:  Solving for k, Initial residual = 0.000195865, Final residual = 1.60825e-05, No Iterations 3
ExecutionTime = 16.21 s  ClockTime = 16 s

forceCoeffs forceCoeffs1 write:
    Cm    = 0.156479
    Cd    = 0.412076
    Cl    = 0.0626472
    Cl(f) = 0.187803
    Cl(r) = -0.125156

Time = 150

smoothSolver:  Solving for Ux, Initial residual = 0.000106711, Final residual = 1.0025e-05, No Iterations 7
smoothSolver:  Solving for Uy, Initial residual = 0.00245354, Final residual = 0.000193232, No Iterations 7
smoothSolver:  Solving for Uz, Initial residual = 0.00212321, Final residual = 0.000159409, No Iterations 7
GAMG:  Solving for p, Initial residual = 0.00130694, Final residual = 5.16231e-06, No Iterations 4
time step continuity errors : sum local = 9.86276e-06, global = 3.12538e-08, cumulative = 3.20664e-05
smoothSolver:  Solving for omega, Initial residual = 2.06957e-05, Final residual = 1.23574e-06, No Iterations 3
smoothSolver:  Solving for k, Initial residual = 0.000196616, Final residual = 1.62217e-05, No Iterations 3
ExecutionTime = 16.31 s  ClockTime = 16 s

forceCoeffs forceCoeffs1 write:
    Cm    = 0.156472
    Cd    = 0.412076
    Cl    = 0.0626808
    Cl(f) = 0.187813
    Cl(r) = -0.125132

Time = 151

smoothSolver:  Solving for Ux, Initial residual = 0.000106731, Final residual = 9.93163e-06, No Iterations 7
smoothSolver:  Solving for Uy, Initial residual = 0.00246021, Final residual = 0.00019219, No Iterations 7
smoothSolver:  Solving for Uz, Initial residual = 0.00212333, Final residual = 0.000159203, No Iterations 7
GAMG:  Solving for p, Initial residual = 0.00131717, Final residual = 5.20402e-06, No Iterations 4
time step continuity errors : sum local = 9.94481e-06, global = 4.36605e-08, cumulative = 3.211e-05
smoothSolver:  Solving for omega, Initial residual = 2.07895e-05, Final residual = 1.23858e-06, No Iterations 3
smoothSolver:  Solving for k, Initial residual = 0.000197071, Final residual = 1.63117e-05, No Iterations 3
ExecutionTime = 16.42 s  ClockTime = 17 s

forceCoeffs forceCoeffs1 write:
    Cm    = 0.156495
    Cd    = 0.412134
    Cl    = 0.0627233
    Cl(f) = 0.187857
    Cl(r) = -0.125134

Time = 152

smoothSolver:  Solving for Ux, Initial residual = 0.000106634, Final residual = 9.83489e-06, No Iterations 7
smoothSolver:  Solving for Uy, Initial residual = 0.00246832, Final residual = 0.000190915, No Iterations 7
smoothSolver:  Solving for Uz, Initial residual = 0.00212792, Final residual = 0.000158852, No Iterations 7
GAMG:  Solving for p, Initial residual = 0.00132614, Final residual = 5.22344e-06, No Iterations 4
time step continuity errors : sum local = 9.98402e-06, global = 7.54612e-08, cumulative = 3.21855e-05
smoothSolver:  Solving for omega, Initial residual = 2.08442e-05, Final residual = 1.23745e-06, No Iterations 3
smoothSolver:  Solving for k, Initial residual = 0.000197028, Final residual = 1.63647e-05, No Iterations 3
ExecutionTime = 16.52 s  ClockTime = 17 s

forceCoeffs forceCoeffs1 write:
    Cm    = 0.156486
    Cd    = 0.412175
    Cl    = 0.0627639
    Cl(f) = 0.187868
    Cl(r) = -0.125104

Time = 153

smoothSolver:  Solving for Ux, Initial residual = 0.00010631, Final residual = 9.71344e-06, No Iterations 7
smoothSolver:  Solving for Uy, Initial residual = 0.00247045, Final residual = 0.000189761, No Iterations 7
smoothSolver:  Solving for Uz, Initial residual = 0.00212631, Final residual = 0.000211853, No Iterations 6
GAMG:  Solving for p, Initial residual = 0.001333, Final residual = 5.1725e-06, No Iterations 4
time step continuity errors : sum local = 9.88878e-06, global = 9.53962e-08, cumulative = 3.22809e-05
smoothSolver:  Solving for omega, Initial residual = 2.0868e-05, Final residual = 1.23099e-06, No Iterations 3
smoothSolver:  Solving for k, Initial residual = 0.000196368, Final residual = 1.63206e-05, No Iterations 3
ExecutionTime = 16.62 s  ClockTime = 17 s

forceCoeffs forceCoeffs1 write:
    Cm    = 0.156493
    Cd    = 0.412259
    Cl    = 0.0627743
    Cl(f) = 0.18788
    Cl(r) = -0.125105

Time = 154

smoothSolver:  Solving for Ux, Initial residual = 0.000106194, Final residual = 9.61981e-06, No Iterations 7
smoothSolver:  Solving for Uy, Initial residual = 0.00247788, Final residual = 0.000188106, No Iterations 7
smoothSolver:  Solving for Uz, Initial residual = 0.00213018, Final residual = 0.000211467, No Iterations 6
GAMG:  Solving for p, Initial residual = 0.00133892, Final residual = 5.15916e-06, No Iterations 4
time step continuity errors : sum local = 9.86548e-06, global = 1.33414e-07, cumulative = 3.24143e-05
smoothSolver:  Solving for omega, Initial residual = 2.10186e-05, Final residual = 1.24023e-06, No Iterations 3
smoothSolver:  Solving for k, Initial residual = 0.000194986, Final residual = 1.62283e-05, No Iterations 3
ExecutionTime = 16.73 s  ClockTime = 17 s

forceCoeffs forceCoeffs1 write:
    Cm    = 0.156448
    Cd    = 0.412279
    Cl    = 0.0627763
    Cl(f) = 0.187837
    Cl(r) = -0.12506

Time = 155

smoothSolver:  Solving for Ux, Initial residual = 0.000105492, Final residual = 9.50601e-06, No Iterations 7
smoothSolver:  Solving for Uy, Initial residual = 0.00248095, Final residual = 0.000186407, No Iterations 7
smoothSolver:  Solving for Uz, Initial residual = 0.00212711, Final residual = 0.00020921, No Iterations 6
GAMG:  Solving for p, Initial residual = 0.00133808, Final residual = 5.10765e-06, No Iterations 4
time step continuity errors : sum local = 9.7694e-06, global = 1.5103e-07, cumulative = 3.25653e-05
smoothSolver:  Solving for omega, Initial residual = 2.09404e-05, Final residual = 1.23664e-06, No Iterations 3
smoothSolver:  Solving for k, Initial residual = 0.000193289, Final residual = 1.61254e-05, No Iterations 3
ExecutionTime = 16.83 s  ClockTime = 17 s

forceCoeffs forceCoeffs1 write:
    Cm    = 0.156434
    Cd    = 0.412341
    Cl    = 0.0628
    Cl(f) = 0.187834
    Cl(r) = -0.125034

Time = 156

smoothSolver:  Solving for Ux, Initial residual = 0.000105053, Final residual = 9.45025e-06, No Iterations 7
smoothSolver:  Solving for Uy, Initial residual = 0.00248195, Final residual = 0.000185327, No Iterations 7
smoothSolver:  Solving for Uz, Initial residual = 0.00212136, Final residual = 0.000207162, No Iterations 6
GAMG:  Solving for p, Initial residual = 0.00133882, Final residual = 5.05074e-06, No Iterations 4
time step continuity errors : sum local = 9.66264e-06, global = 1.76458e-07, cumulative = 3.27418e-05
smoothSolver:  Solving for omega, Initial residual = 2.09498e-05, Final residual = 1.2245e-06, No Iterations 3
smoothSolver:  Solving for k, Initial residual = 0.00019111, Final residual = 1.59849e-05, No Iterations 3
ExecutionTime = 16.94 s  ClockTime = 17 s

forceCoeffs forceCoeffs1 write:
    Cm    = 0.156405
    Cd    = 0.412382
    Cl    = 0.0628206
    Cl(f) = 0.187816
    Cl(r) = -0.124995

Time = 157

smoothSolver:  Solving for Ux, Initial residual = 0.000104853, Final residual = 9.45158e-06, No Iterations 7
smoothSolver:  Solving for Uy, Initial residual = 0.00248309, Final residual = 0.000184024, No Iterations 7
smoothSolver:  Solving for Uz, Initial residual = 0.00211761, Final residual = 0.000204797, No Iterations 6
GAMG:  Solving for p, Initial residual = 0.0013394, Final residual = 5.00778e-06, No Iterations 4
time step continuity errors : sum local = 9.58238e-06, global = 1.82249e-07, cumulative = 3.2924e-05
smoothSolver:  Solving for omega, Initial residual = 2.07419e-05, Final residual = 1.22242e-06, No Iterations 3
smoothSolver:  Solving for k, Initial residual = 0.000187887, Final residual = 1.57952e-05, No Iterations 3
ExecutionTime = 17.04 s  ClockTime = 17 s

forceCoeffs forceCoeffs1 write:
    Cm    = 0.156401
    Cd    = 0.412468
    Cl    = 0.0628328
    Cl(f) = 0.187817
    Cl(r) = -0.124985

Time = 158

smoothSolver:  Solving for Ux, Initial residual = 0.0001051, Final residual = 9.52513e-06, No Iterations 7
smoothSolver:  Solving for Uy, Initial residual = 0.00249068, Final residual = 0.000248287, No Iterations 6
smoothSolver:  Solving for Uz, Initial residual = 0.00211841, Final residual = 0.000203954, No Iterations 6
GAMG:  Solving for p, Initial residual = 0.00133608, Final residual = 1.3266e-05, No Iterations 3
time step continuity errors : sum local = 2.53884e-05, global = 3.88691e-07, cumulative = 3.33127e-05
smoothSolver:  Solving for omega, Initial residual = 2.05457e-05, Final residual = 1.22212e-06, No Iterations 3
smoothSolver:  Solving for k, Initial residual = 0.000184295, Final residual = 1.55755e-05, No Iterations 3
ExecutionTime = 17.13 s  ClockTime = 17 s

forceCoeffs forceCoeffs1 write:
    Cm    = 0.156369
    Cd    = 0.412511
    Cl    = 0.0628387
    Cl(f) = 0.187788
    Cl(r) = -0.124949

Time = 159

smoothSolver:  Solving for Ux, Initial residual = 0.000104617, Final residual = 9.52005e-06, No Iterations 7
smoothSolver:  Solving for Uy, Initial residual = 0.00247519, Final residual = 0.000242973, No Iterations 6
smoothSolver:  Solving for Uz, Initial residual = 0.00210147, Final residual = 0.000200235, No Iterations 6
GAMG:  Solving for p, Initial residual = 0.00133232, Final residual = 5.22968e-06, No Iterations 4
time step continuity errors : sum local = 1.00093e-05, global = 2.11733e-07, cumulative = 3.35245e-05
smoothSolver:  Solving for omega, Initial residual = 2.04865e-05, Final residual = 1.22331e-06, No Iterations 3
smoothSolver:  Solving for k, Initial residual = 0.000181112, Final residual = 1.53283e-05, No Iterations 3
ExecutionTime = 17.24 s  ClockTime = 17 s

forceCoeffs forceCoeffs1 write:
    Cm    = 0.156364
    Cd    = 0.412621
    Cl    = 0.0628237
    Cl(f) = 0.187776
    Cl(r) = -0.124952

Time = 160

smoothSolver:  Solving for Ux, Initial residual = 0.000105279, Final residual = 9.69131e-06, No Iterations 7
smoothSolver:  Solving for Uy, Initial residual = 0.00251294, Final residual = 0.000247838, No Iterations 6
smoothSolver:  Solving for Uz, Initial residual = 0.00212459, Final residual = 0.000203345, No Iterations 6
GAMG:  Solving for p, Initial residual = 0.00132997, Final residual = 1.3254e-05, No Iterations 3
time step continuity errors : sum local = 2.53725e-05, global = 3.49011e-07, cumulative = 3.38735e-05
smoothSolver:  Solving for omega, Initial residual = 2.04893e-05, Final residual = 1.23068e-06, No Iterations 3
smoothSolver:  Solving for k, Initial residual = 0.000178415, Final residual = 1.50958e-05, No Iterations 3
ExecutionTime = 17.34 s  ClockTime = 17 s

forceCoeffs forceCoeffs1 write:
    Cm    = 0.156339
    Cd    = 0.412684
    Cl    = 0.0628167
    Cl(f) = 0.187747
    Cl(r) = -0.124931

Time = 161

smoothSolver:  Solving for Ux, Initial residual = 0.000104915, Final residual = 9.73132e-06, No Iterations 7
smoothSolver:  Solving for Uy, Initial residual = 0.00250146, Final residual = 0.000242993, No Iterations 6
smoothSolver:  Solving for Uz, Initial residual = 0.00210884, Final residual = 0.000200767, No Iterations 6
GAMG:  Solving for p, Initial residual = 0.00133044, Final residual = 5.23417e-06, No Iterations 4
time step continuity errors : sum local = 1.00212e-05, global = 1.79407e-07, cumulative = 3.40529e-05
smoothSolver:  Solving for omega, Initial residual = 2.06476e-05, Final residual = 1.24734e-06, No Iterations 3
smoothSolver:  Solving for k, Initial residual = 0.000176267, Final residual = 1.4867e-05, No Iterations 3
ExecutionTime = 17.44 s  ClockTime = 18 s

forceCoeffs forceCoeffs1 write:
    Cm    = 0.156318
    Cd    = 0.412777
    Cl    = 0.0628144
    Cl(f) = 0.187725
    Cl(r) = -0.124911

Time = 162

smoothSolver:  Solving for Ux, Initial residual = 0.000105799, Final residual = 9.87773e-06, No Iterations 7
smoothSolver:  Solving for Uy, Initial residual = 0.00253636, Final residual = 0.000247782, No Iterations 6
smoothSolver:  Solving for Uz, Initial residual = 0.00213402, Final residual = 0.000204818, No Iterations 6
GAMG:  Solving for p, Initial residual = 0.00132945, Final residual = 4.90693e-06, No Iterations 4
time step continuity errors : sum local = 9.39627e-06, global = 1.17824e-07, cumulative = 3.41707e-05
smoothSolver:  Solving for omega, Initial residual = 2.09355e-05, Final residual = 1.25378e-06, No Iterations 3
smoothSolver:  Solving for k, Initial residual = 0.000174568, Final residual = 1.46991e-05, No Iterations 3
ExecutionTime = 17.55 s  ClockTime = 18 s

forceCoeffs forceCoeffs1 write:
    Cm    = 0.156305
    Cd    = 0.41284
    Cl    = 0.0628715
    Cl(f) = 0.187741
    Cl(r) = -0.124869

Time = 163

smoothSolver:  Solving for Ux, Initial residual = 0.000105666, Final residual = 9.86963e-06, No Iterations 7
smoothSolver:  Solving for Uy, Initial residual = 0.00252866, Final residual = 0.000242817, No Iterations 6
smoothSolver:  Solving for Uz, Initial residual = 0.00213426, Final residual = 0.000203546, No Iterations 6
GAMG:  Solving for p, Initial residual = 0.00133212, Final residual = 4.92497e-06, No Iterations 4
time step continuity errors : sum local = 9.43224e-06, global = 7.81833e-08, cumulative = 3.42489e-05
smoothSolver:  Solving for omega, Initial residual = 2.09602e-05, Final residual = 1.26232e-06, No Iterations 3
smoothSolver:  Solving for k, Initial residual = 0.000173561, Final residual = 1.45738e-05, No Iterations 3
ExecutionTime = 17.65 s  ClockTime = 18 s

forceCoeffs forceCoeffs1 write:
    Cm    = 0.156321
    Cd    = 0.412944
    Cl    = 0.0628861
    Cl(f) = 0.187764
    Cl(r) = -0.124878

Time = 164

smoothSolver:  Solving for Ux, Initial residual = 0.000106007, Final residual = 9.8893e-06, No Iterations 7
smoothSolver:  Solving for Uy, Initial residual = 0.0025195, Final residual = 0.000240763, No Iterations 6
smoothSolver:  Solving for Uz, Initial residual = 0.00213553, Final residual = 0.000203631, No Iterations 6
GAMG:  Solving for p, Initial residual = 0.00133878, Final residual = 1.33566e-05, No Iterations 3
time step continuity errors : sum local = 2.55832e-05, global = 1.53583e-07, cumulative = 3.44025e-05
smoothSolver:  Solving for omega, Initial residual = 2.10164e-05, Final residual = 1.2606e-06, No Iterations 3
smoothSolver:  Solving for k, Initial residual = 0.000173341, Final residual = 1.45439e-05, No Iterations 3
ExecutionTime = 17.74 s  ClockTime = 18 s

forceCoeffs forceCoeffs1 write:
    Cm    = 0.156322
    Cd    = 0.413025
    Cl    = 0.0629006
    Cl(f) = 0.187772
    Cl(r) = -0.124872

Time = 165

smoothSolver:  Solving for Ux, Initial residual = 0.000106251, Final residual = 9.93147e-06, No Iterations 7
smoothSolver:  Solving for Uy, Initial residual = 0.00250162, Final residual = 0.000235962, No Iterations 6
smoothSolver:  Solving for Uz, Initial residual = 0.00212553, Final residual = 0.000200936, No Iterations 6
GAMG:  Solving for p, Initial residual = 0.00134435, Final residual = 5.28794e-06, No Iterations 4
time step continuity errors : sum local = 1.01297e-05, global = 6.06229e-08, cumulative = 3.44631e-05
smoothSolver:  Solving for omega, Initial residual = 2.10172e-05, Final residual = 1.27282e-06, No Iterations 3
smoothSolver:  Solving for k, Initial residual = 0.000173782, Final residual = 1.45445e-05, No Iterations 3
ExecutionTime = 17.85 s  ClockTime = 18 s

forceCoeffs forceCoeffs1 write:
    Cm    = 0.156326
    Cd    = 0.413129
    Cl    = 0.0628729
    Cl(f) = 0.187763
    Cl(r) = -0.12489

Time = 166

smoothSolver:  Solving for Ux, Initial residual = 0.000107339, Final residual = 1.00232e-05, No Iterations 7
smoothSolver:  Solving for Uy, Initial residual = 0.00253261, Final residual = 0.000240904, No Iterations 6
smoothSolver:  Solving for Uz, Initial residual = 0.00215277, Final residual = 0.000204858, No Iterations 6
GAMG:  Solving for p, Initial residual = 0.00134817, Final residual = 1.32734e-05, No Iterations 3
time step continuity errors : sum local = 2.54294e-05, global = 1.96224e-07, cumulative = 3.46593e-05
smoothSolver:  Solving for omega, Initial residual = 2.09921e-05, Final residual = 1.27121e-06, No Iterations 3
smoothSolver:  Solving for k, Initial residual = 0.000174399, Final residual = 1.45736e-05, No Iterations 3
ExecutionTime = 17.94 s  ClockTime = 18 s

forceCoeffs forceCoeffs1 write:
    Cm    = 0.156342
    Cd    = 0.413207
    Cl    = 0.0628857
    Cl(f) = 0.187785
    Cl(r) = -0.124899

Time = 167

smoothSolver:  Solving for Ux, Initial residual = 0.000107521, Final residual = 1.00754e-05, No Iterations 7
smoothSolver:  Solving for Uy, Initial residual = 0.00251651, Final residual = 0.000236843, No Iterations 6
smoothSolver:  Solving for Uz, Initial residual = 0.00214639, Final residual = 0.000203834, No Iterations 6
GAMG:  Solving for p, Initial residual = 0.00135341, Final residual = 5.1527e-06, No Iterations 4
time step continuity errors : sum local = 9.87289e-06, global = 4.02272e-08, cumulative = 3.46995e-05
smoothSolver:  Solving for omega, Initial residual = 2.11052e-05, Final residual = 1.27724e-06, No Iterations 3
smoothSolver:  Solving for k, Initial residual = 0.000175158, Final residual = 1.46175e-05, No Iterations 3
ExecutionTime = 18.04 s  ClockTime = 18 s

forceCoeffs forceCoeffs1 write:
    Cm    = 0.156383
    Cd    = 0.41334
    Cl    = 0.062862
    Cl(f) = 0.187814
    Cl(r) = -0.124952

Time = 168

smoothSolver:  Solving for Ux, Initial residual = 0.000109115, Final residual = 1.03076e-05, No Iterations 7
smoothSolver:  Solving for Uy, Initial residual = 0.00255124, Final residual = 0.000244176, No Iterations 6
smoothSolver:  Solving for Uz, Initial residual = 0.00217915, Final residual = 0.000209894, No Iterations 6
GAMG:  Solving for p, Initial residual = 0.00135646, Final residual = 1.32304e-05, No Iterations 3
time step continuity errors : sum local = 2.53522e-05, global = 2.43199e-07, cumulative = 3.49427e-05
smoothSolver:  Solving for omega, Initial residual = 2.10465e-05, Final residual = 1.27953e-06, No Iterations 3
smoothSolver:  Solving for k, Initial residual = 0.000175955, Final residual = 1.46756e-05, No Iterations 3
ExecutionTime = 18.15 s  ClockTime = 18 s

forceCoeffs forceCoeffs1 write:
    Cm    = 0.156432
    Cd    = 0.413465
    Cl    = 0.062884
    Cl(f) = 0.187874
    Cl(r) = -0.12499

Time = 169

smoothSolver:  Solving for Ux, Initial residual = 0.000109376, Final residual = 1.03614e-05, No Iterations 7
smoothSolver:  Solving for Uy, Initial residual = 0.00254598, Final residual = 0.000242676, No Iterations 6
smoothSolver:  Solving for Uz, Initial residual = 0.00217374, Final residual = 0.000209865, No Iterations 6
GAMG:  Solving for p, Initial residual = 0.0013603, Final residual = 5.01048e-06, No Iterations 4
time step continuity errors : sum local = 9.6023e-06, global = 5.1615e-08, cumulative = 3.49944e-05
smoothSolver:  Solving for omega, Initial residual = 2.13835e-05, Final residual = 1.2909e-06, No Iterations 3
smoothSolver:  Solving for k, Initial residual = 0.000176601, Final residual = 1.47282e-05, No Iterations 3
ExecutionTime = 18.24 s  ClockTime = 18 s

forceCoeffs forceCoeffs1 write:
    Cm    = 0.156501
    Cd    = 0.41362
    Cl    = 0.0628492
    Cl(f) = 0.187926
    Cl(r) = -0.125076

Time = 170

smoothSolver:  Solving for Ux, Initial residual = 0.000111038, Final residual = 1.05201e-05, No Iterations 7
smoothSolver:  Solving for Uy, Initial residual = 0.00258733, Final residual = 0.000251041, No Iterations 6
smoothSolver:  Solving for Uz, Initial residual = 0.00220961, Final residual = 0.000216839, No Iterations 6
GAMG:  Solving for p, Initial residual = 0.00136569, Final residual = 1.30894e-05, No Iterations 3
time step continuity errors : sum local = 2.50846e-05, global = 2.93295e-07, cumulative = 3.52876e-05
smoothSolver:  Solving for omega, Initial residual = 2.14792e-05, Final residual = 1.29786e-06, No Iterations 3
smoothSolver:  Solving for k, Initial residual = 0.000176745, Final residual = 1.47947e-05, No Iterations 3
ExecutionTime = 18.35 s  ClockTime = 18 s

forceCoeffs forceCoeffs1 write:
    Cm    = 0.156595
    Cd    = 0.413801
    Cl    = 0.0628757
    Cl(f) = 0.188033
    Cl(r) = -0.125157

Time = 171

smoothSolver:  Solving for Ux, Initial residual = 0.00011114, Final residual = 1.04896e-05, No Iterations 7
smoothSolver:  Solving for Uy, Initial residual = 0.0025906, Final residual = 0.000251371, No Iterations 6
smoothSolver:  Solving for Uz, Initial residual = 0.00221213, Final residual = 0.00021725, No Iterations 6
GAMG:  Solving for p, Initial residual = 0.00136922, Final residual = 1.35321e-05, No Iterations 3
time step continuity errors : sum local = 2.5934e-05, global = 3.40743e-07, cumulative = 3.56284e-05
smoothSolver:  Solving for omega, Initial residual = 2.15031e-05, Final residual = 1.30577e-06, No Iterations 3
smoothSolver:  Solving for k, Initial residual = 0.000176846, Final residual = 1.48731e-05, No Iterations 3
ExecutionTime = 18.44 s  ClockTime = 19 s

forceCoeffs forceCoeffs1 write:
    Cm    = 0.156689
    Cd    = 0.413993
    Cl    = 0.0627997
    Cl(f) = 0.188089
    Cl(r) = -0.12529

Time = 172

smoothSolver:  Solving for Ux, Initial residual = 0.000111986, Final residual = 1.04733e-05, No Iterations 7
smoothSolver:  Solving for Uy, Initial residual = 0.00261228, Final residual = 0.000255448, No Iterations 6
smoothSolver:  Solving for Uz, Initial residual = 0.00223, Final residual = 0.000221014, No Iterations 6
GAMG:  Solving for p, Initial residual = 0.00137328, Final residual = 1.34762e-05, No Iterations 3
time step continuity errors : sum local = 2.58259e-05, global = 3.37377e-07, cumulative = 3.59658e-05
smoothSolver:  Solving for omega, Initial residual = 2.15254e-05, Final residual = 1.31511e-06, No Iterations 3
smoothSolver:  Solving for k, Initial residual = 0.00017715, Final residual = 1.49627e-05, No Iterations 3
ExecutionTime = 18.54 s  ClockTime = 19 s

forceCoeffs forceCoeffs1 write:
    Cm    = 0.156821
    Cd    = 0.414233
    Cl    = 0.062801
    Cl(f) = 0.188221
    Cl(r) = -0.12542

Time = 173

smoothSolver:  Solving for Ux, Initial residual = 0.000112401, Final residual = 1.04475e-05, No Iterations 7
smoothSolver:  Solving for Uy, Initial residual = 0.00263798, Final residual = 0.00026073, No Iterations 6
smoothSolver:  Solving for Uz, Initial residual = 0.00225051, Final residual = 0.000224251, No Iterations 6
GAMG:  Solving for p, Initial residual = 0.00137742, Final residual = 1.36253e-05, No Iterations 3
time step continuity errors : sum local = 2.61104e-05, global = 3.44294e-07, cumulative = 3.63101e-05
smoothSolver:  Solving for omega, Initial residual = 2.17003e-05, Final residual = 1.32839e-06, No Iterations 3
smoothSolver:  Solving for k, Initial residual = 0.000177497, Final residual = 1.50474e-05, No Iterations 3
ExecutionTime = 18.64 s  ClockTime = 19 s

forceCoeffs forceCoeffs1 write:
    Cm    = 0.156955
    Cd    = 0.41447
    Cl    = 0.0626992
    Cl(f) = 0.188305
    Cl(r) = -0.125605

Time = 174

smoothSolver:  Solving for Ux, Initial residual = 0.000113147, Final residual = 1.04254e-05, No Iterations 7
smoothSolver:  Solving for Uy, Initial residual = 0.00266607, Final residual = 0.000266152, No Iterations 6
smoothSolver:  Solving for Uz, Initial residual = 0.00226757, Final residual = 0.000168799, No Iterations 7
GAMG:  Solving for p, Initial residual = 0.00138328, Final residual = 5.03945e-06, No Iterations 4
time step continuity errors : sum local = 9.65621e-06, global = 4.37447e-08, cumulative = 3.63538e-05
smoothSolver:  Solving for omega, Initial residual = 2.18426e-05, Final residual = 1.34119e-06, No Iterations 3
smoothSolver:  Solving for k, Initial residual = 0.000178332, Final residual = 1.5138e-05, No Iterations 3
ExecutionTime = 18.74 s  ClockTime = 19 s

forceCoeffs forceCoeffs1 write:
    Cm    = 0.157134
    Cd    = 0.414796
    Cl    = 0.0627109
    Cl(f) = 0.188489
    Cl(r) = -0.125778

Time = 175

smoothSolver:  Solving for Ux, Initial residual = 0.000114045, Final residual = 1.05018e-05, No Iterations 7
smoothSolver:  Solving for Uy, Initial residual = 0.00271875, Final residual = 0.000204063, No Iterations 7
smoothSolver:  Solving for Uz, Initial residual = 0.0023068, Final residual = 0.000173451, No Iterations 7
GAMG:  Solving for p, Initial residual = 0.00139286, Final residual = 1.38802e-05, No Iterations 3
time step continuity errors : sum local = 2.65912e-05, global = 3.21252e-07, cumulative = 3.66751e-05
smoothSolver:  Solving for omega, Initial residual = 2.20944e-05, Final residual = 1.34888e-06, No Iterations 3
smoothSolver:  Solving for k, Initial residual = 0.000180037, Final residual = 1.52844e-05, No Iterations 3
ExecutionTime = 18.84 s  ClockTime = 19 s

forceCoeffs forceCoeffs1 write:
    Cm    = 0.15726
    Cd    = 0.415028
    Cl    = 0.0625798
    Cl(f) = 0.18855
    Cl(r) = -0.12597

Time = 176

smoothSolver:  Solving for Ux, Initial residual = 0.000114397, Final residual = 1.05052e-05, No Iterations 7
smoothSolver:  Solving for Uy, Initial residual = 0.00271792, Final residual = 0.000203713, No Iterations 7
smoothSolver:  Solving for Uz, Initial residual = 0.0022952, Final residual = 0.000172058, No Iterations 7
GAMG:  Solving for p, Initial residual = 0.00140316, Final residual = 5.44083e-06, No Iterations 4
time step continuity errors : sum local = 1.04229e-05, global = 9.7927e-08, cumulative = 3.6773e-05
smoothSolver:  Solving for omega, Initial residual = 2.21557e-05, Final residual = 1.35758e-06, No Iterations 3
smoothSolver:  Solving for k, Initial residual = 0.000183184, Final residual = 1.55276e-05, No Iterations 3
ExecutionTime = 18.95 s  ClockTime = 19 s

forceCoeffs forceCoeffs1 write:
    Cm    = 0.1574
    Cd    = 0.415319
    Cl    = 0.0625737
    Cl(f) = 0.188687
    Cl(r) = -0.126113

Time = 177

smoothSolver:  Solving for Ux, Initial residual = 0.000115939, Final residual = 1.06819e-05, No Iterations 7
smoothSolver:  Solving for Uy, Initial residual = 0.00276908, Final residual = 0.000211385, No Iterations 7
smoothSolver:  Solving for Uz, Initial residual = 0.0023364, Final residual = 0.000176252, No Iterations 7
GAMG:  Solving for p, Initial residual = 0.00141325, Final residual = 1.38103e-05, No Iterations 3
time step continuity errors : sum local = 2.64541e-05, global = 3.71322e-07, cumulative = 3.71443e-05
smoothSolver:  Solving for omega, Initial residual = 2.25065e-05, Final residual = 1.37859e-06, No Iterations 3
smoothSolver:  Solving for k, Initial residual = 0.000187523, Final residual = 1.58382e-05, No Iterations 3
ExecutionTime = 19.05 s  ClockTime = 19 s

forceCoeffs forceCoeffs1 write:
    Cm    = 0.157507
    Cd    = 0.41552
    Cl    = 0.0624442
    Cl(f) = 0.188729
    Cl(r) = -0.126285

Time = 178

smoothSolver:  Solving for Ux, Initial residual = 0.000116611, Final residual = 1.08024e-05, No Iterations 7
smoothSolver:  Solving for Uy, Initial residual = 0.00276506, Final residual = 0.000210072, No Iterations 7
smoothSolver:  Solving for Uz, Initial residual = 0.00232527, Final residual = 0.000173804, No Iterations 7
GAMG:  Solving for p, Initial residual = 0.00141747, Final residual = 5.57453e-06, No Iterations 4
time step continuity errors : sum local = 1.06782e-05, global = 1.56381e-07, cumulative = 3.73007e-05
smoothSolver:  Solving for omega, Initial residual = 2.27834e-05, Final residual = 1.39676e-06, No Iterations 3
smoothSolver:  Solving for k, Initial residual = 0.000193528, Final residual = 1.62347e-05, No Iterations 3
ExecutionTime = 19.14 s  ClockTime = 19 s

forceCoeffs forceCoeffs1 write:
    Cm    = 0.157616
    Cd    = 0.415729
    Cl    = 0.0624567
    Cl(f) = 0.188844
    Cl(r) = -0.126387

Time = 179

smoothSolver:  Solving for Ux, Initial residual = 0.000118829, Final residual = 1.10539e-05, No Iterations 7
smoothSolver:  Solving for Uy, Initial residual = 0.00281782, Final residual = 0.000215527, No Iterations 7
smoothSolver:  Solving for Uz, Initial residual = 0.00236085, Final residual = 0.000177116, No Iterations 7
GAMG:  Solving for p, Initial residual = 0.00141834, Final residual = 5.33705e-06, No Iterations 4
time step continuity errors : sum local = 1.02237e-05, global = 1.83191e-07, cumulative = 3.74839e-05
smoothSolver:  Solving for omega, Initial residual = 2.29839e-05, Final residual = 1.4072e-06, No Iterations 3
smoothSolver:  Solving for k, Initial residual = 0.000200544, Final residual = 1.66904e-05, No Iterations 3
ExecutionTime = 19.25 s  ClockTime = 19 s

forceCoeffs forceCoeffs1 write:
    Cm    = 0.157679
    Cd    = 0.415844
    Cl    = 0.0623458
    Cl(f) = 0.188852
    Cl(r) = -0.126507

Time = 180

smoothSolver:  Solving for Ux, Initial residual = 0.000120456, Final residual = 1.12786e-05, No Iterations 7
smoothSolver:  Solving for Uy, Initial residual = 0.00283385, Final residual = 0.000217339, No Iterations 7
smoothSolver:  Solving for Uz, Initial residual = 0.00237714, Final residual = 0.000177787, No Iterations 7
GAMG:  Solving for p, Initial residual = 0.00142263, Final residual = 5.62534e-06, No Iterations 4
time step continuity errors : sum local = 1.07762e-05, global = 1.82808e-07, cumulative = 3.76667e-05
smoothSolver:  Solving for omega, Initial residual = 2.31512e-05, Final residual = 1.42056e-06, No Iterations 3
smoothSolver:  Solving for k, Initial residual = 0.00020894, Final residual = 1.72033e-05, No Iterations 3
ExecutionTime = 19.35 s  ClockTime = 20 s

forceCoeffs forceCoeffs1 write:
    Cm    = 0.157724
    Cd    = 0.415892
    Cl    = 0.0623552
    Cl(f) = 0.188902
    Cl(r) = -0.126546

Time = 181

smoothSolver:  Solving for Ux, Initial residual = 0.000122602, Final residual = 1.15472e-05, No Iterations 7
smoothSolver:  Solving for Uy, Initial residual = 0.00287166, Final residual = 0.000220639, No Iterations 7
smoothSolver:  Solving for Uz, Initial residual = 0.00240147, Final residual = 0.000180483, No Iterations 7
GAMG:  Solving for p, Initial residual = 0.00142666, Final residual = 5.88922e-06, No Iterations 4
time step continuity errors : sum local = 1.12821e-05, global = 1.70865e-07, cumulative = 3.78376e-05
smoothSolver:  Solving for omega, Initial residual = 2.34462e-05, Final residual = 1.42919e-06, No Iterations 3
smoothSolver:  Solving for k, Initial residual = 0.000216351, Final residual = 1.76461e-05, No Iterations 3
ExecutionTime = 19.45 s  ClockTime = 20 s

forceCoeffs forceCoeffs1 write:
    Cm    = 0.157733
    Cd    = 0.41586
    Cl    = 0.0622484
    Cl(f) = 0.188857
    Cl(r) = -0.126608

Time = 182

smoothSolver:  Solving for Ux, Initial residual = 0.000125228, Final residual = 1.18572e-05, No Iterations 7
smoothSolver:  Solving for Uy, Initial residual = 0.00290396, Final residual = 0.000227021, No Iterations 7
smoothSolver:  Solving for Uz, Initial residual = 0.00241967, Final residual = 0.000184899, No Iterations 7
GAMG:  Solving for p, Initial residual = 0.00142958, Final residual = 5.95936e-06, No Iterations 4
time step continuity errors : sum local = 1.14161e-05, global = 8.00037e-08, cumulative = 3.79176e-05
smoothSolver:  Solving for omega, Initial residual = 2.37156e-05, Final residual = 1.4292e-06, No Iterations 3
smoothSolver:  Solving for k, Initial residual = 0.00022291, Final residual = 1.80237e-05, No Iterations 3
ExecutionTime = 19.55 s  ClockTime = 20 s

forceCoeffs forceCoeffs1 write:
    Cm    = 0.157698
    Cd    = 0.415735
    Cl    = 0.06222
    Cl(f) = 0.188808
    Cl(r) = -0.126588

Time = 183

smoothSolver:  Solving for Ux, Initial residual = 0.000127637, Final residual = 1.21806e-05, No Iterations 7
smoothSolver:  Solving for Uy, Initial residual = 0.00295311, Final residual = 0.000235708, No Iterations 7
smoothSolver:  Solving for Uz, Initial residual = 0.00245432, Final residual = 0.00019246, No Iterations 7
GAMG:  Solving for p, Initial residual = 0.0014368, Final residual = 5.95006e-06, No Iterations 4
time step continuity errors : sum local = 1.13981e-05, global = -2.64879e-08, cumulative = 3.78911e-05
smoothSolver:  Solving for omega, Initial residual = 2.39306e-05, Final residual = 1.43578e-06, No Iterations 3
smoothSolver:  Solving for k, Initial residual = 0.000228336, Final residual = 1.84312e-05, No Iterations 3
ExecutionTime = 19.66 s  ClockTime = 20 s

forceCoeffs forceCoeffs1 write:
    Cm    = 0.157659
    Cd    = 0.41555
    Cl    = 0.0621121
    Cl(f) = 0.188715
    Cl(r) = -0.126603

Time = 184

smoothSolver:  Solving for Ux, Initial residual = 0.000129717, Final residual = 1.24486e-05, No Iterations 7
smoothSolver:  Solving for Uy, Initial residual = 0.00301484, Final residual = 0.000246471, No Iterations 7
smoothSolver:  Solving for Uz, Initial residual = 0.00249458, Final residual = 0.000199225, No Iterations 7
GAMG:  Solving for p, Initial residual = 0.00144698, Final residual = 5.95822e-06, No Iterations 4
time step continuity errors : sum local = 1.14119e-05, global = -6.67344e-08, cumulative = 3.78243e-05
smoothSolver:  Solving for omega, Initial residual = 2.39781e-05, Final residual = 1.43966e-06, No Iterations 3
smoothSolver:  Solving for k, Initial residual = 0.000233971, Final residual = 1.89031e-05, No Iterations 3
ExecutionTime = 19.76 s  ClockTime = 20 s

forceCoeffs forceCoeffs1 write:
    Cm    = 0.157651
    Cd    = 0.415361
    Cl    = 0.0621373
    Cl(f) = 0.18872
    Cl(r) = -0.126582

Time = 185

smoothSolver:  Solving for Ux, Initial residual = 0.000131586, Final residual = 1.27539e-05, No Iterations 7
smoothSolver:  Solving for Uy, Initial residual = 0.00308694, Final residual = 0.000254211, No Iterations 7
smoothSolver:  Solving for Uz, Initial residual = 0.00253639, Final residual = 0.000204658, No Iterations 7
GAMG:  Solving for p, Initial residual = 0.00146251, Final residual = 6.04447e-06, No Iterations 4
time step continuity errors : sum local = 1.15743e-05, global = -1.03232e-07, cumulative = 3.77211e-05
smoothSolver:  Solving for omega, Initial residual = 2.43333e-05, Final residual = 1.45724e-06, No Iterations 3
smoothSolver:  Solving for k, Initial residual = 0.000239821, Final residual = 1.94689e-05, No Iterations 3
ExecutionTime = 19.86 s  ClockTime = 20 s

forceCoeffs forceCoeffs1 write:
    Cm    = 0.157667
    Cd    = 0.415191
    Cl    = 0.0620781
    Cl(f) = 0.188706
    Cl(r) = -0.126628

Time = 186

smoothSolver:  Solving for Ux, Initial residual = 0.000133487, Final residual = 1.30729e-05, No Iterations 7
smoothSolver:  Solving for Uy, Initial residual = 0.00314329, Final residual = 0.000261216, No Iterations 7
smoothSolver:  Solving for Uz, Initial residual = 0.00258122, Final residual = 0.000209395, No Iterations 7
GAMG:  Solving for p, Initial residual = 0.0014761, Final residual = 6.19892e-06, No Iterations 4
time step continuity errors : sum local = 1.18649e-05, global = -1.36063e-07, cumulative = 3.7585e-05
smoothSolver:  Solving for omega, Initial residual = 2.44404e-05, Final residual = 1.47912e-06, No Iterations 3
smoothSolver:  Solving for k, Initial residual = 0.000245947, Final residual = 2.01521e-05, No Iterations 3
ExecutionTime = 19.96 s  ClockTime = 20 s

forceCoeffs forceCoeffs1 write:
    Cm    = 0.157673
    Cd    = 0.41505
    Cl    = 0.062021
    Cl(f) = 0.188684
    Cl(r) = -0.126663

Time = 187

smoothSolver:  Solving for Ux, Initial residual = 0.000135304, Final residual = 1.32964e-05, No Iterations 7
smoothSolver:  Solving for Uy, Initial residual = 0.00319518, Final residual = 0.00026509, No Iterations 7
smoothSolver:  Solving for Uz, Initial residual = 0.00260127, Final residual = 0.000210524, No Iterations 7
GAMG:  Solving for p, Initial residual = 0.00148759, Final residual = 6.29131e-06, No Iterations 4
time step continuity errors : sum local = 1.2036e-05, global = -1.59795e-07, cumulative = 3.74252e-05
smoothSolver:  Solving for omega, Initial residual = 2.47603e-05, Final residual = 1.51035e-06, No Iterations 3
smoothSolver:  Solving for k, Initial residual = 0.000250346, Final residual = 2.08319e-05, No Iterations 3
ExecutionTime = 20.07 s  ClockTime = 20 s

forceCoeffs forceCoeffs1 write:
    Cm    = 0.157709
    Cd    = 0.414922
    Cl    = 0.0619521
    Cl(f) = 0.188685
    Cl(r) = -0.126733

Time = 188

smoothSolver:  Solving for Ux, Initial residual = 0.000136748, Final residual = 1.34289e-05, No Iterations 7
smoothSolver:  Solving for Uy, Initial residual = 0.00321648, Final residual = 0.000267227, No Iterations 7
smoothSolver:  Solving for Uz, Initial residual = 0.0026138, Final residual = 0.000210142, No Iterations 7
GAMG:  Solving for p, Initial residual = 0.00149612, Final residual = 6.40274e-06, No Iterations 4
time step continuity errors : sum local = 1.22418e-05, global = -1.58579e-07, cumulative = 3.72667e-05
smoothSolver:  Solving for omega, Initial residual = 2.48838e-05, Final residual = 1.51747e-06, No Iterations 3
smoothSolver:  Solving for k, Initial residual = 0.000253032, Final residual = 2.12573e-05, No Iterations 3
ExecutionTime = 20.17 s  ClockTime = 20 s

forceCoeffs forceCoeffs1 write:
    Cm    = 0.157762
    Cd    = 0.41486
    Cl    = 0.061962
    Cl(f) = 0.188743
    Cl(r) = -0.126781

Time = 189

smoothSolver:  Solving for Ux, Initial residual = 0.000137624, Final residual = 1.35371e-05, No Iterations 7
smoothSolver:  Solving for Uy, Initial residual = 0.00322174, Final residual = 0.000265868, No Iterations 7
smoothSolver:  Solving for Uz, Initial residual = 0.00261762, Final residual = 0.000208973, No Iterations 7
GAMG:  Solving for p, Initial residual = 0.00150497, Final residual = 6.39376e-06, No Iterations 4
time step continuity errors : sum local = 1.22165e-05, global = -1.23776e-07, cumulative = 3.71429e-05
smoothSolver:  Solving for omega, Initial residual = 2.49806e-05, Final residual = 1.51706e-06, No Iterations 3
smoothSolver:  Solving for k, Initial residual = 0.000254467, Final residual = 2.14286e-05, No Iterations 3
ExecutionTime = 20.27 s  ClockTime = 20 s

forceCoeffs forceCoeffs1 write:
    Cm    = 0.157815
    Cd    = 0.41486
    Cl    = 0.0618916
    Cl(f) = 0.18876
    Cl(r) = -0.126869

Time = 190

smoothSolver:  Solving for Ux, Initial residual = 0.000138689, Final residual = 1.36764e-05, No Iterations 7
smoothSolver:  Solving for Uy, Initial residual = 0.00320818, Final residual = 0.000264001, No Iterations 7
smoothSolver:  Solving for Uz, Initial residual = 0.00260985, Final residual = 0.000208698, No Iterations 7
GAMG:  Solving for p, Initial residual = 0.00151254, Final residual = 6.24136e-06, No Iterations 4
time step continuity errors : sum local = 1.1916e-05, global = -9.76745e-08, cumulative = 3.70452e-05
smoothSolver:  Solving for omega, Initial residual = 2.49697e-05, Final residual = 1.50995e-06, No Iterations 3
smoothSolver:  Solving for k, Initial residual = 0.000255867, Final residual = 2.13519e-05, No Iterations 3
ExecutionTime = 20.37 s  ClockTime = 21 s

forceCoeffs forceCoeffs1 write:
    Cm    = 0.157859
    Cd    = 0.414886
    Cl    = 0.0619157
    Cl(f) = 0.188817
    Cl(r) = -0.126901

Time = 191

smoothSolver:  Solving for Ux, Initial residual = 0.000139385, Final residual = 1.39198e-05, No Iterations 7
smoothSolver:  Solving for Uy, Initial residual = 0.00320018, Final residual = 0.000263842, No Iterations 7
smoothSolver:  Solving for Uz, Initial residual = 0.0026158, Final residual = 0.000210552, No Iterations 7
GAMG:  Solving for p, Initial residual = 0.0015151, Final residual = 6.03274e-06, No Iterations 4
time step continuity errors : sum local = 1.15085e-05, global = -7.66798e-08, cumulative = 3.69685e-05
smoothSolver:  Solving for omega, Initial residual = 2.50612e-05, Final residual = 1.50458e-06, No Iterations 3
smoothSolver:  Solving for k, Initial residual = 0.000258091, Final residual = 2.11887e-05, No Iterations 3
ExecutionTime = 20.48 s  ClockTime = 21 s

forceCoeffs forceCoeffs1 write:
    Cm    = 0.157913
    Cd    = 0.414968
    Cl    = 0.0619302
    Cl(f) = 0.188878
    Cl(r) = -0.126948

Time = 192

smoothSolver:  Solving for Ux, Initial residual = 0.00014073, Final residual = 1.08263e-05, No Iterations 8
smoothSolver:  Solving for Uy, Initial residual = 0.00319801, Final residual = 0.000267765, No Iterations 7
smoothSolver:  Solving for Uz, Initial residual = 0.00262501, Final residual = 0.000214623, No Iterations 7
GAMG:  Solving for p, Initial residual = 0.00152187, Final residual = 5.88772e-06, No Iterations 4
time step continuity errors : sum local = 1.12229e-05, global = -6.56355e-08, cumulative = 3.69029e-05
smoothSolver:  Solving for omega, Initial residual = 2.53983e-05, Final residual = 1.517e-06, No Iterations 3
smoothSolver:  Solving for k, Initial residual = 0.000261047, Final residual = 2.10995e-05, No Iterations 3
ExecutionTime = 20.57 s  ClockTime = 21 s

forceCoeffs forceCoeffs1 write:
    Cm    = 0.157948
    Cd    = 0.415079
    Cl    = 0.0619948
    Cl(f) = 0.188946
    Cl(r) = -0.126951

Time = 193

smoothSolver:  Solving for Ux, Initial residual = 0.000142176, Final residual = 1.10977e-05, No Iterations 8
smoothSolver:  Solving for Uy, Initial residual = 0.00320224, Final residual = 0.000273181, No Iterations 7
smoothSolver:  Solving for Uz, Initial residual = 0.00265516, Final residual = 0.000220874, No Iterations 7
GAMG:  Solving for p, Initial residual = 0.00153087, Final residual = 5.97046e-06, No Iterations 4
time step continuity errors : sum local = 1.13728e-05, global = -6.68114e-08, cumulative = 3.68361e-05
smoothSolver:  Solving for omega, Initial residual = 2.56071e-05, Final residual = 1.53274e-06, No Iterations 3
smoothSolver:  Solving for k, Initial residual = 0.000263119, Final residual = 2.11285e-05, No Iterations 3
ExecutionTime = 20.68 s  ClockTime = 21 s

forceCoeffs forceCoeffs1 write:
    Cm    = 0.157957
    Cd    = 0.415176
    Cl    = 0.0620065
    Cl(f) = 0.18896
    Cl(r) = -0.126954

Time = 194

smoothSolver:  Solving for Ux, Initial residual = 0.000144074, Final residual = 1.13421e-05, No Iterations 8
smoothSolver:  Solving for Uy, Initial residual = 0.00322559, Final residual = 0.000279469, No Iterations 7
smoothSolver:  Solving for Uz, Initial residual = 0.00268311, Final residual = 0.000227218, No Iterations 7
GAMG:  Solving for p, Initial residual = 0.00154331, Final residual = 6.08964e-06, No Iterations 4
time step continuity errors : sum local = 1.15925e-05, global = -5.72399e-08, cumulative = 3.67788e-05
smoothSolver:  Solving for omega, Initial residual = 2.58043e-05, Final residual = 1.5467e-06, No Iterations 3
smoothSolver:  Solving for k, Initial residual = 0.000265011, Final residual = 2.12191e-05, No Iterations 3
ExecutionTime = 20.78 s  ClockTime = 21 s

forceCoeffs forceCoeffs1 write:
    Cm    = 0.157958
    Cd    = 0.415266
    Cl    = 0.0620877
    Cl(f) = 0.189002
    Cl(r) = -0.126914

Time = 195

smoothSolver:  Solving for Ux, Initial residual = 0.000145517, Final residual = 1.15489e-05, No Iterations 8
smoothSolver:  Solving for Uy, Initial residual = 0.00325785, Final residual = 0.000282967, No Iterations 7
smoothSolver:  Solving for Uz, Initial residual = 0.00272848, Final residual = 0.000232952, No Iterations 7
GAMG:  Solving for p, Initial residual = 0.00155429, Final residual = 6.28886e-06, No Iterations 4
time step continuity errors : sum local = 1.19652e-05, global = -5.66899e-08, cumulative = 3.67222e-05
smoothSolver:  Solving for omega, Initial residual = 2.59471e-05, Final residual = 1.57059e-06, No Iterations 3
smoothSolver:  Solving for k, Initial residual = 0.000265547, Final residual = 2.13537e-05, No Iterations 3
ExecutionTime = 20.88 s  ClockTime = 21 s

forceCoeffs forceCoeffs1 write:
    Cm    = 0.157951
    Cd    = 0.415315
    Cl    = 0.0620996
    Cl(f) = 0.189001
    Cl(r) = -0.126901

Time = 196

smoothSolver:  Solving for Ux, Initial residual = 0.000145925, Final residual = 1.16349e-05, No Iterations 8
smoothSolver:  Solving for Uy, Initial residual = 0.00328145, Final residual = 0.000284319, No Iterations 7
smoothSolver:  Solving for Uz, Initial residual = 0.00274708, Final residual = 0.000235702, No Iterations 7
GAMG:  Solving for p, Initial residual = 0.00155962, Final residual = 6.38589e-06, No Iterations 4
time step continuity errors : sum local = 1.21441e-05, global = -5.05929e-08, cumulative = 3.66716e-05
smoothSolver:  Solving for omega, Initial residual = 2.58786e-05, Final residual = 1.58739e-06, No Iterations 3
smoothSolver:  Solving for k, Initial residual = 0.000263633, Final residual = 2.14333e-05, No Iterations 3
ExecutionTime = 20.99 s  ClockTime = 21 s

forceCoeffs forceCoeffs1 write:
    Cm    = 0.15794
    Cd    = 0.415325
    Cl    = 0.0621571
    Cl(f) = 0.189019
    Cl(r) = -0.126862

Time = 197

smoothSolver:  Solving for Ux, Initial residual = 0.000145747, Final residual = 1.16444e-05, No Iterations 8
smoothSolver:  Solving for Uy, Initial residual = 0.00328191, Final residual = 0.000281542, No Iterations 7
smoothSolver:  Solving for Uz, Initial residual = 0.00275739, Final residual = 0.000235859, No Iterations 7
GAMG:  Solving for p, Initial residual = 0.00156094, Final residual = 6.55483e-06, No Iterations 4
time step continuity errors : sum local = 1.24612e-05, global = -6.27444e-08, cumulative = 3.66088e-05
smoothSolver:  Solving for omega, Initial residual = 2.6015e-05, Final residual = 1.59494e-06, No Iterations 3
smoothSolver:  Solving for k, Initial residual = 0.00025956, Final residual = 2.13784e-05, No Iterations 3
ExecutionTime = 21.09 s  ClockTime = 21 s

forceCoeffs forceCoeffs1 write:
    Cm    = 0.157915
    Cd    = 0.415282
    Cl    = 0.0621195
    Cl(f) = 0.188975
    Cl(r) = -0.126855

Time = 198

smoothSolver:  Solving for Ux, Initial residual = 0.000144868, Final residual = 1.15321e-05, No Iterations 8
smoothSolver:  Solving for Uy, Initial residual = 0.00326118, Final residual = 0.000276802, No Iterations 7
smoothSolver:  Solving for Uz, Initial residual = 0.00274487, Final residual = 0.000232094, No Iterations 7
GAMG:  Solving for p, Initial residual = 0.00156129, Final residual = 6.57114e-06, No Iterations 4
time step continuity errors : sum local = 1.24892e-05, global = -7.56746e-08, cumulative = 3.65331e-05
smoothSolver:  Solving for omega, Initial residual = 2.60244e-05, Final residual = 1.59972e-06, No Iterations 3
smoothSolver:  Solving for k, Initial residual = 0.00025432, Final residual = 2.11236e-05, No Iterations 3
ExecutionTime = 21.19 s  ClockTime = 21 s

forceCoeffs forceCoeffs1 write:
    Cm    = 0.157854
    Cd    = 0.415142
    Cl    = 0.0621045
    Cl(f) = 0.188906
    Cl(r) = -0.126802

Time = 199

smoothSolver:  Solving for Ux, Initial residual = 0.000143573, Final residual = 1.13689e-05, No Iterations 8
smoothSolver:  Solving for Uy, Initial residual = 0.00323716, Final residual = 0.000272077, No Iterations 7
smoothSolver:  Solving for Uz, Initial residual = 0.00272827, Final residual = 0.000228601, No Iterations 7
GAMG:  Solving for p, Initial residual = 0.00155737, Final residual = 6.49351e-06, No Iterations 4
time step continuity errors : sum local = 1.23399e-05, global = -6.59132e-08, cumulative = 3.64672e-05
smoothSolver:  Solving for omega, Initial residual = 2.59397e-05, Final residual = 1.59257e-06, No Iterations 3
smoothSolver:  Solving for k, Initial residual = 0.000248134, Final residual = 2.07617e-05, No Iterations 3
ExecutionTime = 21.29 s  ClockTime = 22 s

forceCoeffs forceCoeffs1 write:
    Cm    = 0.157782
    Cd    = 0.414913
    Cl    = 0.0620755
    Cl(f) = 0.18882
    Cl(r) = -0.126744

Time = 200

smoothSolver:  Solving for Ux, Initial residual = 0.000142592, Final residual = 1.12097e-05, No Iterations 8
smoothSolver:  Solving for Uy, Initial residual = 0.00321018, Final residual = 0.000268962, No Iterations 7
smoothSolver:  Solving for Uz, Initial residual = 0.00270245, Final residual = 0.000224699, No Iterations 7
GAMG:  Solving for p, Initial residual = 0.00155241, Final residual = 6.26069e-06, No Iterations 4
time step continuity errors : sum local = 1.18955e-05, global = -5.65673e-08, cumulative = 3.64107e-05
smoothSolver:  Solving for omega, Initial residual = 2.5703e-05, Final residual = 1.58039e-06, No Iterations 3
smoothSolver:  Solving for k, Initial residual = 0.000242358, Final residual = 2.02672e-05, No Iterations 3
ExecutionTime = 21.41 s  ClockTime = 22 s

streamLine streamLines write:
    seeded 20 particles
    Tracks:20
    Total samples:19513
    Writing data to "/mnt/aiongpfs/users/mghavami/motorBike-RUN-06/postProcessing/sets/streamLines/200"
forceCoeffs forceCoeffs1 write:
    Cm    = 0.157701
    Cd    = 0.414631
    Cl    = 0.0620813
    Cl(f) = 0.188741
    Cl(r) = -0.12666

Time = 201

smoothSolver:  Solving for Ux, Initial residual = 0.000141713, Final residual = 1.10618e-05, No Iterations 8
smoothSolver:  Solving for Uy, Initial residual = 0.00320001, Final residual = 0.000267542, No Iterations 7
smoothSolver:  Solving for Uz, Initial residual = 0.00269283, Final residual = 0.000222464, No Iterations 7
GAMG:  Solving for p, Initial residual = 0.00154726, Final residual = 6.11685e-06, No Iterations 4
time step continuity errors : sum local = 1.16204e-05, global = -7.86795e-08, cumulative = 3.6332e-05
smoothSolver:  Solving for omega, Initial residual = 2.56637e-05, Final residual = 1.58013e-06, No Iterations 3
smoothSolver:  Solving for k, Initial residual = 0.000237409, Final residual = 1.97028e-05, No Iterations 3
ExecutionTime = 21.79 s  ClockTime = 22 s

forceCoeffs forceCoeffs1 write:
    Cm    = 0.157611
    Cd    = 0.414299
    Cl    = 0.0620696
    Cl(f) = 0.188646
    Cl(r) = -0.126576

Time = 202

smoothSolver:  Solving for Ux, Initial residual = 0.000140928, Final residual = 1.09774e-05, No Iterations 8
smoothSolver:  Solving for Uy, Initial residual = 0.00318882, Final residual = 0.000268294, No Iterations 7
smoothSolver:  Solving for Uz, Initial residual = 0.00268855, Final residual = 0.000223397, No Iterations 7
GAMG:  Solving for p, Initial residual = 0.0015474, Final residual = 6.04004e-06, No Iterations 4
time step continuity errors : sum local = 1.14724e-05, global = -5.60125e-08, cumulative = 3.6276e-05
smoothSolver:  Solving for omega, Initial residual = 2.57344e-05, Final residual = 1.57993e-06, No Iterations 3
smoothSolver:  Solving for k, Initial residual = 0.000234084, Final residual = 1.92235e-05, No Iterations 3
ExecutionTime = 21.9 s  ClockTime = 22 s

forceCoeffs forceCoeffs1 write:
    Cm    = 0.157534
    Cd    = 0.413956
    Cl    = 0.0620895
    Cl(f) = 0.188579
    Cl(r) = -0.12649

Time = 203

smoothSolver:  Solving for Ux, Initial residual = 0.000140661, Final residual = 1.09523e-05, No Iterations 8
smoothSolver:  Solving for Uy, Initial residual = 0.00320576, Final residual = 0.000269426, No Iterations 7
smoothSolver:  Solving for Uz, Initial residual = 0.00271459, Final residual = 0.00022603, No Iterations 7
GAMG:  Solving for p, Initial residual = 0.00154371, Final residual = 6.06282e-06, No Iterations 4
time step continuity errors : sum local = 1.15129e-05, global = -6.56917e-08, cumulative = 3.62103e-05
smoothSolver:  Solving for omega, Initial residual = 2.55729e-05, Final residual = 1.58049e-06, No Iterations 3
smoothSolver:  Solving for k, Initial residual = 0.000231384, Final residual = 1.88935e-05, No Iterations 3
ExecutionTime = 22 s  ClockTime = 22 s

forceCoeffs forceCoeffs1 write:
    Cm    = 0.157459
    Cd    = 0.413609
    Cl    = 0.0621295
    Cl(f) = 0.188524
    Cl(r) = -0.126395

Time = 204

smoothSolver:  Solving for Ux, Initial residual = 0.000140342, Final residual = 1.09132e-05, No Iterations 8
smoothSolver:  Solving for Uy, Initial residual = 0.00321806, Final residual = 0.000269072, No Iterations 7
smoothSolver:  Solving for Uz, Initial residual = 0.00271583, Final residual = 0.000226533, No Iterations 7
GAMG:  Solving for p, Initial residual = 0.00154404, Final residual = 6.03952e-06, No Iterations 4
time step continuity errors : sum local = 1.14647e-05, global = -5.22495e-08, cumulative = 3.6158e-05
smoothSolver:  Solving for omega, Initial residual = 2.5571e-05, Final residual = 1.59132e-06, No Iterations 3
smoothSolver:  Solving for k, Initial residual = 0.000229186, Final residual = 1.86554e-05, No Iterations 3
ExecutionTime = 22.1 s  ClockTime = 22 s

forceCoeffs forceCoeffs1 write:
    Cm    = 0.157414
    Cd    = 0.413293
    Cl    = 0.0622125
    Cl(f) = 0.18852
    Cl(r) = -0.126308

Time = 205

smoothSolver:  Solving for Ux, Initial residual = 0.000140232, Final residual = 1.08778e-05, No Iterations 8
smoothSolver:  Solving for Uy, Initial residual = 0.00322403, Final residual = 0.000267014, No Iterations 7
smoothSolver:  Solving for Uz, Initial residual = 0.00273419, Final residual = 0.000226511, No Iterations 7
GAMG:  Solving for p, Initial residual = 0.00154636, Final residual = 6.06757e-06, No Iterations 4
time step continuity errors : sum local = 1.15134e-05, global = -5.59897e-08, cumulative = 3.6102e-05
smoothSolver:  Solving for omega, Initial residual = 2.56204e-05, Final residual = 1.57875e-06, No Iterations 3
smoothSolver:  Solving for k, Initial residual = 0.000227868, Final residual = 1.84495e-05, No Iterations 3
ExecutionTime = 22.2 s  ClockTime = 23 s

forceCoeffs forceCoeffs1 write:
    Cm    = 0.157372
    Cd    = 0.412977
    Cl    = 0.0622975
    Cl(f) = 0.188521
    Cl(r) = -0.126224

Time = 206

smoothSolver:  Solving for Ux, Initial residual = 0.000140105, Final residual = 1.07373e-05, No Iterations 8
smoothSolver:  Solving for Uy, Initial residual = 0.00322002, Final residual = 0.000264048, No Iterations 7
smoothSolver:  Solving for Uz, Initial residual = 0.00273353, Final residual = 0.000223919, No Iterations 7
GAMG:  Solving for p, Initial residual = 0.00154211, Final residual = 6.01415e-06, No Iterations 4
time step continuity errors : sum local = 1.14074e-05, global = -5.608e-08, cumulative = 3.6046e-05
smoothSolver:  Solving for omega, Initial residual = 2.54332e-05, Final residual = 1.56865e-06, No Iterations 3
smoothSolver:  Solving for k, Initial residual = 0.000226304, Final residual = 1.82589e-05, No Iterations 3
ExecutionTime = 22.31 s  ClockTime = 23 s

forceCoeffs forceCoeffs1 write:
    Cm    = 0.157355
    Cd    = 0.412708
    Cl    = 0.062446
    Cl(f) = 0.188578
    Cl(r) = -0.126133

Time = 207

smoothSolver:  Solving for Ux, Initial residual = 0.000139301, Final residual = 1.38257e-05, No Iterations 7
smoothSolver:  Solving for Uy, Initial residual = 0.00320299, Final residual = 0.000258626, No Iterations 7
smoothSolver:  Solving for Uz, Initial residual = 0.00272049, Final residual = 0.000219949, No Iterations 7
GAMG:  Solving for p, Initial residual = 0.00153828, Final residual = 6.01133e-06, No Iterations 4
time step continuity errors : sum local = 1.13967e-05, global = -6.46233e-08, cumulative = 3.59813e-05
smoothSolver:  Solving for omega, Initial residual = 2.5369e-05, Final residual = 1.56224e-06, No Iterations 3
smoothSolver:  Solving for k, Initial residual = 0.000224272, Final residual = 1.80496e-05, No Iterations 3
ExecutionTime = 22.41 s  ClockTime = 23 s

forceCoeffs forceCoeffs1 write:
    Cm    = 0.157361
    Cd    = 0.412493
    Cl    = 0.0625772
    Cl(f) = 0.18865
    Cl(r) = -0.126073

Time = 208

smoothSolver:  Solving for Ux, Initial residual = 0.000138009, Final residual = 1.34751e-05, No Iterations 7
smoothSolver:  Solving for Uy, Initial residual = 0.0031569, Final residual = 0.000250423, No Iterations 7
smoothSolver:  Solving for Uz, Initial residual = 0.00267827, Final residual = 0.000212553, No Iterations 7
GAMG:  Solving for p, Initial residual = 0.00153411, Final residual = 5.92438e-06, No Iterations 4
time step continuity errors : sum local = 1.12268e-05, global = -6.62431e-08, cumulative = 3.59151e-05
smoothSolver:  Solving for omega, Initial residual = 2.52763e-05, Final residual = 1.54479e-06, No Iterations 3
smoothSolver:  Solving for k, Initial residual = 0.000221656, Final residual = 1.78339e-05, No Iterations 3
ExecutionTime = 22.52 s  ClockTime = 23 s

forceCoeffs forceCoeffs1 write:
    Cm    = 0.157362
    Cd    = 0.412298
    Cl    = 0.0627189
    Cl(f) = 0.188722
    Cl(r) = -0.126003

Time = 209

smoothSolver:  Solving for Ux, Initial residual = 0.000136483, Final residual = 1.31348e-05, No Iterations 7
smoothSolver:  Solving for Uy, Initial residual = 0.0031138, Final residual = 0.000243258, No Iterations 7
smoothSolver:  Solving for Uz, Initial residual = 0.00264948, Final residual = 0.000206344, No Iterations 7
GAMG:  Solving for p, Initial residual = 0.00153243, Final residual = 5.71252e-06, No Iterations 4
time step continuity errors : sum local = 1.08209e-05, global = -4.57744e-08, cumulative = 3.58693e-05
smoothSolver:  Solving for omega, Initial residual = 2.46751e-05, Final residual = 1.50114e-06, No Iterations 3
smoothSolver:  Solving for k, Initial residual = 0.000218574, Final residual = 1.75963e-05, No Iterations 3
ExecutionTime = 22.61 s  ClockTime = 23 s

forceCoeffs forceCoeffs1 write:
    Cm    = 0.157362
    Cd    = 0.412133
    Cl    = 0.0628374
    Cl(f) = 0.18878
    Cl(r) = -0.125943

Time = 210

smoothSolver:  Solving for Ux, Initial residual = 0.000134879, Final residual = 1.28098e-05, No Iterations 7
smoothSolver:  Solving for Uy, Initial residual = 0.00306767, Final residual = 0.000236927, No Iterations 7
smoothSolver:  Solving for Uz, Initial residual = 0.00261249, Final residual = 0.000201357, No Iterations 7
GAMG:  Solving for p, Initial residual = 0.00152605, Final residual = 5.58562e-06, No Iterations 4
time step continuity errors : sum local = 1.05772e-05, global = -5.53156e-08, cumulative = 3.5814e-05
smoothSolver:  Solving for omega, Initial residual = 2.44077e-05, Final residual = 1.4779e-06, No Iterations 3
smoothSolver:  Solving for k, Initial residual = 0.000214137, Final residual = 1.73161e-05, No Iterations 3
ExecutionTime = 22.72 s  ClockTime = 23 s

forceCoeffs forceCoeffs1 write:
    Cm    = 0.157334
    Cd    = 0.411933
    Cl    = 0.0629925
    Cl(f) = 0.18883
    Cl(r) = -0.125838

Time = 211

smoothSolver:  Solving for Ux, Initial residual = 0.000132609, Final residual = 1.25145e-05, No Iterations 7
smoothSolver:  Solving for Uy, Initial residual = 0.00303827, Final residual = 0.000233084, No Iterations 7
smoothSolver:  Solving for Uz, Initial residual = 0.002597, Final residual = 0.000198244, No Iterations 7
GAMG:  Solving for p, Initial residual = 0.00151866, Final residual = 5.39365e-06, No Iterations 4
time step continuity errors : sum local = 1.02116e-05, global = -6.22791e-08, cumulative = 3.57517e-05
smoothSolver:  Solving for omega, Initial residual = 2.41462e-05, Final residual = 1.46387e-06, No Iterations 3
smoothSolver:  Solving for k, Initial residual = 0.000208708, Final residual = 1.69895e-05, No Iterations 3
ExecutionTime = 22.83 s  ClockTime = 23 s

forceCoeffs forceCoeffs1 write:
    Cm    = 0.157323
    Cd    = 0.411765
    Cl    = 0.0631346
    Cl(f) = 0.18889
    Cl(r) = -0.125756

Time = 212

smoothSolver:  Solving for Ux, Initial residual = 0.000130208, Final residual = 1.22199e-05, No Iterations 7
smoothSolver:  Solving for Uy, Initial residual = 0.00300407, Final residual = 0.000229415, No Iterations 7
smoothSolver:  Solving for Uz, Initial residual = 0.00257114, Final residual = 0.000195242, No Iterations 7
GAMG:  Solving for p, Initial residual = 0.00150888, Final residual = 1.4995e-05, No Iterations 3
time step continuity errors : sum local = 2.83856e-05, global = -1.27944e-08, cumulative = 3.57389e-05
smoothSolver:  Solving for omega, Initial residual = 2.33804e-05, Final residual = 1.43203e-06, No Iterations 3
smoothSolver:  Solving for k, Initial residual = 0.000203094, Final residual = 1.66765e-05, No Iterations 3
ExecutionTime = 22.92 s  ClockTime = 23 s

forceCoeffs forceCoeffs1 write:
    Cm    = 0.157308
    Cd    = 0.411636
    Cl    = 0.0632449
    Cl(f) = 0.18893
    Cl(r) = -0.125685

Time = 213

smoothSolver:  Solving for Ux, Initial residual = 0.00012784, Final residual = 1.19619e-05, No Iterations 7
smoothSolver:  Solving for Uy, Initial residual = 0.00296417, Final residual = 0.000225093, No Iterations 7
smoothSolver:  Solving for Uz, Initial residual = 0.00254224, Final residual = 0.000191003, No Iterations 7
GAMG:  Solving for p, Initial residual = 0.00150183, Final residual = 5.58708e-06, No Iterations 4
time step continuity errors : sum local = 1.05753e-05, global = 1.66104e-08, cumulative = 3.57555e-05
smoothSolver:  Solving for omega, Initial residual = 2.31785e-05, Final residual = 1.42056e-06, No Iterations 3
smoothSolver:  Solving for k, Initial residual = 0.00019763, Final residual = 1.6357e-05, No Iterations 3
ExecutionTime = 23.02 s  ClockTime = 23 s

forceCoeffs forceCoeffs1 write:
    Cm    = 0.157248
    Cd    = 0.411424
    Cl    = 0.063323
    Cl(f) = 0.188909
    Cl(r) = -0.125586

Time = 214

smoothSolver:  Solving for Ux, Initial residual = 0.000126784, Final residual = 1.18736e-05, No Iterations 7
smoothSolver:  Solving for Uy, Initial residual = 0.00297391, Final residual = 0.000227463, No Iterations 7
smoothSolver:  Solving for Uz, Initial residual = 0.00253789, Final residual = 0.000191065, No Iterations 7
GAMG:  Solving for p, Initial residual = 0.00149218, Final residual = 1.47501e-05, No Iterations 3
time step continuity errors : sum local = 2.79224e-05, global = 1.36852e-07, cumulative = 3.58924e-05
smoothSolver:  Solving for omega, Initial residual = 2.32279e-05, Final residual = 1.40665e-06, No Iterations 3
smoothSolver:  Solving for k, Initial residual = 0.000192141, Final residual = 1.61031e-05, No Iterations 3
ExecutionTime = 23.13 s  ClockTime = 23 s

forceCoeffs forceCoeffs1 write:
    Cm    = 0.15718
    Cd    = 0.411256
    Cl    = 0.0633551
    Cl(f) = 0.188858
    Cl(r) = -0.125503

Time = 215

smoothSolver:  Solving for Ux, Initial residual = 0.000124644, Final residual = 1.16857e-05, No Iterations 7
smoothSolver:  Solving for Uy, Initial residual = 0.00292751, Final residual = 0.000222561, No Iterations 7
smoothSolver:  Solving for Uz, Initial residual = 0.00249123, Final residual = 0.000184848, No Iterations 7
GAMG:  Solving for p, Initial residual = 0.00148465, Final residual = 5.60655e-06, No Iterations 4
time step continuity errors : sum local = 1.06134e-05, global = 2.08877e-08, cumulative = 3.59133e-05
smoothSolver:  Solving for omega, Initial residual = 2.28224e-05, Final residual = 1.38262e-06, No Iterations 3
smoothSolver:  Solving for k, Initial residual = 0.000188381, Final residual = 1.59136e-05, No Iterations 3
ExecutionTime = 23.23 s  ClockTime = 24 s

forceCoeffs forceCoeffs1 write:
    Cm    = 0.15713
    Cd    = 0.411049
    Cl    = 0.0634277
    Cl(f) = 0.188844
    Cl(r) = -0.125416

Time = 216

smoothSolver:  Solving for Ux, Initial residual = 0.00012381, Final residual = 1.16079e-05, No Iterations 7
smoothSolver:  Solving for Uy, Initial residual = 0.00292388, Final residual = 0.000224108, No Iterations 7
smoothSolver:  Solving for Uz, Initial residual = 0.00246629, Final residual = 0.000182811, No Iterations 7
GAMG:  Solving for p, Initial residual = 0.00147264, Final residual = 1.45442e-05, No Iterations 3
time step continuity errors : sum local = 2.7538e-05, global = 9.34721e-08, cumulative = 3.60068e-05
smoothSolver:  Solving for omega, Initial residual = 2.25559e-05, Final residual = 1.36907e-06, No Iterations 3
smoothSolver:  Solving for k, Initial residual = 0.000185897, Final residual = 1.57725e-05, No Iterations 3
ExecutionTime = 23.33 s  ClockTime = 24 s

forceCoeffs forceCoeffs1 write:
    Cm    = 0.157097
    Cd    = 0.410928
    Cl    = 0.0635056
    Cl(f) = 0.18885
    Cl(r) = -0.125344

Time = 217

smoothSolver:  Solving for Ux, Initial residual = 0.000121614, Final residual = 1.13234e-05, No Iterations 7
smoothSolver:  Solving for Uy, Initial residual = 0.0028644, Final residual = 0.000217173, No Iterations 7
smoothSolver:  Solving for Uz, Initial residual = 0.00241667, Final residual = 0.000238416, No Iterations 6
GAMG:  Solving for p, Initial residual = 0.00146947, Final residual = 5.46872e-06, No Iterations 4
time step continuity errors : sum local = 1.03543e-05, global = 1.79006e-08, cumulative = 3.60247e-05
smoothSolver:  Solving for omega, Initial residual = 2.2431e-05, Final residual = 1.35447e-06, No Iterations 3
smoothSolver:  Solving for k, Initial residual = 0.000184897, Final residual = 1.56552e-05, No Iterations 3
ExecutionTime = 23.43 s  ClockTime = 24 s

forceCoeffs forceCoeffs1 write:
    Cm    = 0.157091
    Cd    = 0.410833
    Cl    = 0.0635707
    Cl(f) = 0.188877
    Cl(r) = -0.125306

Time = 218

smoothSolver:  Solving for Ux, Initial residual = 0.00012076, Final residual = 1.10989e-05, No Iterations 7
smoothSolver:  Solving for Uy, Initial residual = 0.00285746, Final residual = 0.000217563, No Iterations 7
smoothSolver:  Solving for Uz, Initial residual = 0.00240018, Final residual = 0.000236783, No Iterations 6
GAMG:  Solving for p, Initial residual = 0.00146189, Final residual = 1.41867e-05, No Iterations 3
time step continuity errors : sum local = 2.68644e-05, global = 4.19265e-08, cumulative = 3.60666e-05
smoothSolver:  Solving for omega, Initial residual = 2.22844e-05, Final residual = 1.34056e-06, No Iterations 3
smoothSolver:  Solving for k, Initial residual = 0.000184063, Final residual = 1.55501e-05, No Iterations 3
ExecutionTime = 23.53 s  ClockTime = 24 s

forceCoeffs forceCoeffs1 write:
    Cm    = 0.157087
    Cd    = 0.410791
    Cl    = 0.0636272
    Cl(f) = 0.188901
    Cl(r) = -0.125274

Time = 219

smoothSolver:  Solving for Ux, Initial residual = 0.000118758, Final residual = 1.07352e-05, No Iterations 7
smoothSolver:  Solving for Uy, Initial residual = 0.00280279, Final residual = 0.000210051, No Iterations 7
smoothSolver:  Solving for Uz, Initial residual = 0.00236209, Final residual = 0.000229464, No Iterations 6
GAMG:  Solving for p, Initial residual = 0.0014625, Final residual = 5.40303e-06, No Iterations 4
time step continuity errors : sum local = 1.02308e-05, global = 3.27655e-08, cumulative = 3.60993e-05
smoothSolver:  Solving for omega, Initial residual = 2.2301e-05, Final residual = 1.33005e-06, No Iterations 3
smoothSolver:  Solving for k, Initial residual = 0.000184048, Final residual = 1.54429e-05, No Iterations 3
ExecutionTime = 23.63 s  ClockTime = 24 s

forceCoeffs forceCoeffs1 write:
    Cm    = 0.157106
    Cd    = 0.410784
    Cl    = 0.0637022
    Cl(f) = 0.188957
    Cl(r) = -0.125255

Time = 220

smoothSolver:  Solving for Ux, Initial residual = 0.000117831, Final residual = 1.05024e-05, No Iterations 7
smoothSolver:  Solving for Uy, Initial residual = 0.00280838, Final residual = 0.000210576, No Iterations 7
smoothSolver:  Solving for Uz, Initial residual = 0.00235826, Final residual = 0.000229094, No Iterations 6
GAMG:  Solving for p, Initial residual = 0.0014621, Final residual = 1.42255e-05, No Iterations 3
time step continuity errors : sum local = 2.69386e-05, global = 3.78069e-09, cumulative = 3.61031e-05
smoothSolver:  Solving for omega, Initial residual = 2.22319e-05, Final residual = 1.3144e-06, No Iterations 3
smoothSolver:  Solving for k, Initial residual = 0.000183675, Final residual = 1.53132e-05, No Iterations 3
ExecutionTime = 23.74 s  ClockTime = 24 s

forceCoeffs forceCoeffs1 write:
    Cm    = 0.157105
    Cd    = 0.410787
    Cl    = 0.0637605
    Cl(f) = 0.188985
    Cl(r) = -0.125225

Time = 221

smoothSolver:  Solving for Ux, Initial residual = 0.00011637, Final residual = 1.0272e-05, No Iterations 7
smoothSolver:  Solving for Uy, Initial residual = 0.00277822, Final residual = 0.000277117, No Iterations 6
smoothSolver:  Solving for Uz, Initial residual = 0.00233801, Final residual = 0.000224502, No Iterations 6
GAMG:  Solving for p, Initial residual = 0.00146415, Final residual = 5.3912e-06, No Iterations 4
time step continuity errors : sum local = 1.02085e-05, global = 2.98097e-08, cumulative = 3.61329e-05
smoothSolver:  Solving for omega, Initial residual = 2.2048e-05, Final residual = 1.30158e-06, No Iterations 3
smoothSolver:  Solving for k, Initial residual = 0.000183079, Final residual = 1.51871e-05, No Iterations 3
ExecutionTime = 23.83 s  ClockTime = 24 s

forceCoeffs forceCoeffs1 write:
    Cm    = 0.157146
    Cd    = 0.410849
    Cl    = 0.0638503
    Cl(f) = 0.189072
    Cl(r) = -0.125221

Time = 222

smoothSolver:  Solving for Ux, Initial residual = 0.000115351, Final residual = 1.01411e-05, No Iterations 7
smoothSolver:  Solving for Uy, Initial residual = 0.00280149, Final residual = 0.00027869, No Iterations 6
smoothSolver:  Solving for Uz, Initial residual = 0.00234268, Final residual = 0.000223896, No Iterations 6
GAMG:  Solving for p, Initial residual = 0.00146522, Final residual = 1.43827e-05, No Iterations 3
time step continuity errors : sum local = 2.7236e-05, global = 1.68053e-08, cumulative = 3.61497e-05
smoothSolver:  Solving for omega, Initial residual = 2.19905e-05, Final residual = 1.29244e-06, No Iterations 3
smoothSolver:  Solving for k, Initial residual = 0.00018201, Final residual = 1.50687e-05, No Iterations 3
ExecutionTime = 23.94 s  ClockTime = 24 s

forceCoeffs forceCoeffs1 write:
    Cm    = 0.157155
    Cd    = 0.410878
    Cl    = 0.0639519
    Cl(f) = 0.189131
    Cl(r) = -0.125179

Time = 223

smoothSolver:  Solving for Ux, Initial residual = 0.000113404, Final residual = 9.94964e-06, No Iterations 7
smoothSolver:  Solving for Uy, Initial residual = 0.00277646, Final residual = 0.000272473, No Iterations 6
smoothSolver:  Solving for Uz, Initial residual = 0.00232966, Final residual = 0.000219484, No Iterations 6
GAMG:  Solving for p, Initial residual = 0.00146704, Final residual = 5.27953e-06, No Iterations 4
time step continuity errors : sum local = 9.9972e-06, global = 4.42573e-08, cumulative = 3.6194e-05
smoothSolver:  Solving for omega, Initial residual = 2.17415e-05, Final residual = 1.2739e-06, No Iterations 3
smoothSolver:  Solving for k, Initial residual = 0.000180239, Final residual = 1.49253e-05, No Iterations 3
ExecutionTime = 24.03 s  ClockTime = 24 s

forceCoeffs forceCoeffs1 write:
    Cm    = 0.157204
    Cd    = 0.411011
    Cl    = 0.0640307
    Cl(f) = 0.189219
    Cl(r) = -0.125189

Time = 224

smoothSolver:  Solving for Ux, Initial residual = 0.000112687, Final residual = 9.89448e-06, No Iterations 7
smoothSolver:  Solving for Uy, Initial residual = 0.00279575, Final residual = 0.000274773, No Iterations 6
smoothSolver:  Solving for Uz, Initial residual = 0.00233944, Final residual = 0.000219799, No Iterations 6
GAMG:  Solving for p, Initial residual = 0.0014632, Final residual = 1.41917e-05, No Iterations 3
time step continuity errors : sum local = 2.68733e-05, global = 6.85459e-08, cumulative = 3.62625e-05
smoothSolver:  Solving for omega, Initial residual = 2.17888e-05, Final residual = 1.27907e-06, No Iterations 3
smoothSolver:  Solving for k, Initial residual = 0.000178487, Final residual = 1.48095e-05, No Iterations 3
ExecutionTime = 24.14 s  ClockTime = 24 s

forceCoeffs forceCoeffs1 write:
    Cm    = 0.157203
    Cd    = 0.411108
    Cl    = 0.0640535
    Cl(f) = 0.189229
    Cl(r) = -0.125176

Time = 225

smoothSolver:  Solving for Ux, Initial residual = 0.000111358, Final residual = 9.81642e-06, No Iterations 7
smoothSolver:  Solving for Uy, Initial residual = 0.00276281, Final residual = 0.000268344, No Iterations 6
smoothSolver:  Solving for Uz, Initial residual = 0.00231052, Final residual = 0.000216045, No Iterations 6
GAMG:  Solving for p, Initial residual = 0.00145913, Final residual = 1.4516e-05, No Iterations 3
time step continuity errors : sum local = 2.7487e-05, global = 1.3011e-07, cumulative = 3.63927e-05
smoothSolver:  Solving for omega, Initial residual = 2.18373e-05, Final residual = 1.28037e-06, No Iterations 3
smoothSolver:  Solving for k, Initial residual = 0.000177216, Final residual = 1.47213e-05, No Iterations 3
ExecutionTime = 24.24 s  ClockTime = 25 s

forceCoeffs forceCoeffs1 write:
    Cm    = 0.157169
    Cd    = 0.411186
    Cl    = 0.0640579
    Cl(f) = 0.189198
    Cl(r) = -0.12514

Time = 226

smoothSolver:  Solving for Ux, Initial residual = 0.000110304, Final residual = 9.81327e-06, No Iterations 7
smoothSolver:  Solving for Uy, Initial residual = 0.00274367, Final residual = 0.000267254, No Iterations 6
smoothSolver:  Solving for Uz, Initial residual = 0.00229766, Final residual = 0.000214734, No Iterations 6
GAMG:  Solving for p, Initial residual = 0.00145232, Final residual = 1.42662e-05, No Iterations 3
time step continuity errors : sum local = 2.70153e-05, global = 1.98606e-07, cumulative = 3.65913e-05
smoothSolver:  Solving for omega, Initial residual = 2.16016e-05, Final residual = 1.27597e-06, No Iterations 3
smoothSolver:  Solving for k, Initial residual = 0.000176338, Final residual = 1.46738e-05, No Iterations 3
ExecutionTime = 24.34 s  ClockTime = 25 s

forceCoeffs forceCoeffs1 write:
    Cm    = 0.157152
    Cd    = 0.411267
    Cl    = 0.0640778
    Cl(f) = 0.189191
    Cl(r) = -0.125113

Time = 227

smoothSolver:  Solving for Ux, Initial residual = 0.000109618, Final residual = 9.91486e-06, No Iterations 7
smoothSolver:  Solving for Uy, Initial residual = 0.00272556, Final residual = 0.000265498, No Iterations 6
smoothSolver:  Solving for Uz, Initial residual = 0.00228614, Final residual = 0.000212486, No Iterations 6
GAMG:  Solving for p, Initial residual = 0.00144339, Final residual = 1.40698e-05, No Iterations 3
time step continuity errors : sum local = 2.66439e-05, global = 2.26693e-07, cumulative = 3.6818e-05
smoothSolver:  Solving for omega, Initial residual = 2.15278e-05, Final residual = 1.28943e-06, No Iterations 3
smoothSolver:  Solving for k, Initial residual = 0.00017618, Final residual = 1.46438e-05, No Iterations 3
ExecutionTime = 24.44 s  ClockTime = 25 s

forceCoeffs forceCoeffs1 write:
    Cm    = 0.157136
    Cd    = 0.411343
    Cl    = 0.0641156
    Cl(f) = 0.189193
    Cl(r) = -0.125078

Time = 228

smoothSolver:  Solving for Ux, Initial residual = 0.00010906, Final residual = 1.00239e-05, No Iterations 7
smoothSolver:  Solving for Uy, Initial residual = 0.0026958, Final residual = 0.000264564, No Iterations 6
smoothSolver:  Solving for Uz, Initial residual = 0.00226748, Final residual = 0.000210277, No Iterations 6
GAMG:  Solving for p, Initial residual = 0.00143607, Final residual = 1.40535e-05, No Iterations 3
time step continuity errors : sum local = 2.66146e-05, global = 2.83877e-07, cumulative = 3.71018e-05
smoothSolver:  Solving for omega, Initial residual = 2.14952e-05, Final residual = 1.29964e-06, No Iterations 3
smoothSolver:  Solving for k, Initial residual = 0.000176688, Final residual = 1.46628e-05, No Iterations 3
ExecutionTime = 24.53 s  ClockTime = 25 s

forceCoeffs forceCoeffs1 write:
    Cm    = 0.157098
    Cd    = 0.411403
    Cl    = 0.0641077
    Cl(f) = 0.189152
    Cl(r) = -0.125044

Time = 229

smoothSolver:  Solving for Ux, Initial residual = 0.00010911, Final residual = 1.01697e-05, No Iterations 7
smoothSolver:  Solving for Uy, Initial residual = 0.00268337, Final residual = 0.000264525, No Iterations 6
smoothSolver:  Solving for Uz, Initial residual = 0.00224833, Final residual = 0.000208026, No Iterations 6
GAMG:  Solving for p, Initial residual = 0.00142193, Final residual = 1.41783e-05, No Iterations 3
time step continuity errors : sum local = 2.68511e-05, global = 3.09123e-07, cumulative = 3.7411e-05
smoothSolver:  Solving for omega, Initial residual = 2.14606e-05, Final residual = 1.31016e-06, No Iterations 3
smoothSolver:  Solving for k, Initial residual = 0.000177403, Final residual = 1.46932e-05, No Iterations 3
ExecutionTime = 24.64 s  ClockTime = 25 s

forceCoeffs forceCoeffs1 write:
    Cm    = 0.157039
    Cd    = 0.411439
    Cl    = 0.0641045
    Cl(f) = 0.189091
    Cl(r) = -0.124986

Time = 230

smoothSolver:  Solving for Ux, Initial residual = 0.000108745, Final residual = 1.02765e-05, No Iterations 7
smoothSolver:  Solving for Uy, Initial residual = 0.00265703, Final residual = 0.000263535, No Iterations 6
smoothSolver:  Solving for Uz, Initial residual = 0.00222605, Final residual = 0.000206394, No Iterations 6
GAMG:  Solving for p, Initial residual = 0.00141079, Final residual = 5.28028e-06, No Iterations 4
time step continuity errors : sum local = 1.00009e-05, global = 1.43214e-07, cumulative = 3.75542e-05
smoothSolver:  Solving for omega, Initial residual = 2.1564e-05, Final residual = 1.31684e-06, No Iterations 3
smoothSolver:  Solving for k, Initial residual = 0.00017891, Final residual = 1.47746e-05, No Iterations 3
ExecutionTime = 24.74 s  ClockTime = 25 s

forceCoeffs forceCoeffs1 write:
    Cm    = 0.156978
    Cd    = 0.411486
    Cl    = 0.0640765
    Cl(f) = 0.189016
    Cl(r) = -0.12494

Time = 231

smoothSolver:  Solving for Ux, Initial residual = 0.000109566, Final residual = 1.04699e-05, No Iterations 7
smoothSolver:  Solving for Uy, Initial residual = 0.00266641, Final residual = 0.000197635, No Iterations 7
smoothSolver:  Solving for Uz, Initial residual = 0.00223936, Final residual = 0.00020971, No Iterations 6
GAMG:  Solving for p, Initial residual = 0.00139642, Final residual = 1.39513e-05, No Iterations 3
time step continuity errors : sum local = 2.64265e-05, global = 3.22474e-07, cumulative = 3.78766e-05
smoothSolver:  Solving for omega, Initial residual = 2.17988e-05, Final residual = 1.33161e-06, No Iterations 3
smoothSolver:  Solving for k, Initial residual = 0.000180303, Final residual = 1.488e-05, No Iterations 3
ExecutionTime = 24.83 s  ClockTime = 25 s

forceCoeffs forceCoeffs1 write:
    Cm    = 0.156898
    Cd    = 0.411492
    Cl    = 0.0641092
    Cl(f) = 0.188953
    Cl(r) = -0.124844

Time = 232

smoothSolver:  Solving for Ux, Initial residual = 0.00010923, Final residual = 1.05237e-05, No Iterations 7
smoothSolver:  Solving for Uy, Initial residual = 0.00262492, Final residual = 0.000194527, No Iterations 7
smoothSolver:  Solving for Uz, Initial residual = 0.00221337, Final residual = 0.000208139, No Iterations 6
GAMG:  Solving for p, Initial residual = 0.00139068, Final residual = 5.419e-06, No Iterations 4
time step continuity errors : sum local = 1.02663e-05, global = 1.73324e-07, cumulative = 3.805e-05
smoothSolver:  Solving for omega, Initial residual = 2.1518e-05, Final residual = 1.33658e-06, No Iterations 3
smoothSolver:  Solving for k, Initial residual = 0.000181526, Final residual = 1.49648e-05, No Iterations 3
ExecutionTime = 24.94 s  ClockTime = 25 s

forceCoeffs forceCoeffs1 write:
    Cm    = 0.156819
    Cd    = 0.411497
    Cl    = 0.0641387
    Cl(f) = 0.188888
    Cl(r) = -0.124749

Time = 233

smoothSolver:  Solving for Ux, Initial residual = 0.000110764, Final residual = 1.07151e-05, No Iterations 7
smoothSolver:  Solving for Uy, Initial residual = 0.0026513, Final residual = 0.000198416, No Iterations 7
smoothSolver:  Solving for Uz, Initial residual = 0.00223565, Final residual = 0.000211778, No Iterations 6
GAMG:  Solving for p, Initial residual = 0.00137855, Final residual = 5.1736e-06, No Iterations 4
time step continuity errors : sum local = 9.80292e-06, global = 1.50881e-07, cumulative = 3.82008e-05
smoothSolver:  Solving for omega, Initial residual = 2.15936e-05, Final residual = 1.33957e-06, No Iterations 3
smoothSolver:  Solving for k, Initial residual = 0.000182406, Final residual = 1.50548e-05, No Iterations 3
ExecutionTime = 25.04 s  ClockTime = 25 s

forceCoeffs forceCoeffs1 write:
    Cm    = 0.156749
    Cd    = 0.411508
    Cl    = 0.0642305
    Cl(f) = 0.188864
    Cl(r) = -0.124634

Time = 234

smoothSolver:  Solving for Ux, Initial residual = 0.000110796, Final residual = 1.07963e-05, No Iterations 7
smoothSolver:  Solving for Uy, Initial residual = 0.00263624, Final residual = 0.000198454, No Iterations 7
smoothSolver:  Solving for Uz, Initial residual = 0.00223747, Final residual = 0.000212396, No Iterations 6
GAMG:  Solving for p, Initial residual = 0.00137467, Final residual = 5.24756e-06, No Iterations 4
time step continuity errors : sum local = 9.94476e-06, global = 1.45531e-07, cumulative = 3.83464e-05
smoothSolver:  Solving for omega, Initial residual = 2.16328e-05, Final residual = 1.35563e-06, No Iterations 3
smoothSolver:  Solving for k, Initial residual = 0.0001834, Final residual = 1.51836e-05, No Iterations 3
ExecutionTime = 25.15 s  ClockTime = 26 s

forceCoeffs forceCoeffs1 write:
    Cm    = 0.156698
    Cd    = 0.411558
    Cl    = 0.0642942
    Cl(f) = 0.188845
    Cl(r) = -0.124551

Time = 235

smoothSolver:  Solving for Ux, Initial residual = 0.000111639, Final residual = 1.09022e-05, No Iterations 7
smoothSolver:  Solving for Uy, Initial residual = 0.00264005, Final residual = 0.000198648, No Iterations 7
smoothSolver:  Solving for Uz, Initial residual = 0.00224981, Final residual = 0.000213642, No Iterations 6
GAMG:  Solving for p, Initial residual = 0.00136978, Final residual = 5.30641e-06, No Iterations 4
time step continuity errors : sum local = 1.00569e-05, global = 1.24872e-07, cumulative = 3.84713e-05
smoothSolver:  Solving for omega, Initial residual = 2.18334e-05, Final residual = 1.35724e-06, No Iterations 3
smoothSolver:  Solving for k, Initial residual = 0.000184606, Final residual = 1.53504e-05, No Iterations 3
ExecutionTime = 25.25 s  ClockTime = 26 s

forceCoeffs forceCoeffs1 write:
    Cm    = 0.15666
    Cd    = 0.411648
    Cl    = 0.0643367
    Cl(f) = 0.188828
    Cl(r) = -0.124491

Time = 236

smoothSolver:  Solving for Ux, Initial residual = 0.000111732, Final residual = 1.09178e-05, No Iterations 7
smoothSolver:  Solving for Uy, Initial residual = 0.00263709, Final residual = 0.000200357, No Iterations 7
smoothSolver:  Solving for Uz, Initial residual = 0.00225865, Final residual = 0.000215528, No Iterations 6
GAMG:  Solving for p, Initial residual = 0.00137114, Final residual = 5.35238e-06, No Iterations 4
time step continuity errors : sum local = 1.01455e-05, global = 9.69852e-08, cumulative = 3.85682e-05
smoothSolver:  Solving for omega, Initial residual = 2.19673e-05, Final residual = 1.36787e-06, No Iterations 3
smoothSolver:  Solving for k, Initial residual = 0.000185961, Final residual = 1.55605e-05, No Iterations 3
ExecutionTime = 25.35 s  ClockTime = 26 s

forceCoeffs forceCoeffs1 write:
    Cm    = 0.15661
    Cd    = 0.41171
    Cl    = 0.064383
    Cl(f) = 0.188801
    Cl(r) = -0.124418

Time = 237

smoothSolver:  Solving for Ux, Initial residual = 0.000112106, Final residual = 1.09056e-05, No Iterations 7
smoothSolver:  Solving for Uy, Initial residual = 0.0026433, Final residual = 0.000201216, No Iterations 7
smoothSolver:  Solving for Uz, Initial residual = 0.0022697, Final residual = 0.000217002, No Iterations 6
GAMG:  Solving for p, Initial residual = 0.00137143, Final residual = 5.27656e-06, No Iterations 4
time step continuity errors : sum local = 1.00023e-05, global = 7.26379e-08, cumulative = 3.86409e-05
smoothSolver:  Solving for omega, Initial residual = 2.20759e-05, Final residual = 1.38245e-06, No Iterations 3
smoothSolver:  Solving for k, Initial residual = 0.000187408, Final residual = 1.58118e-05, No Iterations 3
ExecutionTime = 25.45 s  ClockTime = 26 s

forceCoeffs forceCoeffs1 write:
    Cm    = 0.156593
    Cd    = 0.411794
    Cl    = 0.0644719
    Cl(f) = 0.188829
    Cl(r) = -0.124357

Time = 238

smoothSolver:  Solving for Ux, Initial residual = 0.000111801, Final residual = 1.0875e-05, No Iterations 7
smoothSolver:  Solving for Uy, Initial residual = 0.00263915, Final residual = 0.000201955, No Iterations 7
smoothSolver:  Solving for Uz, Initial residual = 0.00226554, Final residual = 0.000216722, No Iterations 6
GAMG:  Solving for p, Initial residual = 0.00137805, Final residual = 5.23773e-06, No Iterations 4
time step continuity errors : sum local = 9.92964e-06, global = 5.77278e-08, cumulative = 3.86986e-05
smoothSolver:  Solving for omega, Initial residual = 2.21019e-05, Final residual = 1.39143e-06, No Iterations 3
smoothSolver:  Solving for k, Initial residual = 0.00018939, Final residual = 1.60723e-05, No Iterations 3
ExecutionTime = 25.54 s  ClockTime = 26 s

forceCoeffs forceCoeffs1 write:
    Cm    = 0.156583
    Cd    = 0.411884
    Cl    = 0.0645269
    Cl(f) = 0.188847
    Cl(r) = -0.12432

Time = 239

smoothSolver:  Solving for Ux, Initial residual = 0.000112383, Final residual = 1.08902e-05, No Iterations 7
smoothSolver:  Solving for Uy, Initial residual = 0.00265025, Final residual = 0.000202828, No Iterations 7
smoothSolver:  Solving for Uz, Initial residual = 0.00227307, Final residual = 0.000217177, No Iterations 6
GAMG:  Solving for p, Initial residual = 0.00138378, Final residual = 5.13717e-06, No Iterations 4
time step continuity errors : sum local = 9.73946e-06, global = 6.59081e-08, cumulative = 3.87645e-05
smoothSolver:  Solving for omega, Initial residual = 2.21259e-05, Final residual = 1.39327e-06, No Iterations 3
smoothSolver:  Solving for k, Initial residual = 0.000191383, Final residual = 1.63198e-05, No Iterations 3
ExecutionTime = 25.65 s  ClockTime = 26 s

forceCoeffs forceCoeffs1 write:
    Cm    = 0.156589
    Cd    = 0.411996
    Cl    = 0.0645771
    Cl(f) = 0.188877
    Cl(r) = -0.1243

Time = 240

smoothSolver:  Solving for Ux, Initial residual = 0.000112328, Final residual = 1.08603e-05, No Iterations 7
smoothSolver:  Solving for Uy, Initial residual = 0.002652, Final residual = 0.000202445, No Iterations 7
smoothSolver:  Solving for Uz, Initial residual = 0.00227125, Final residual = 0.000217269, No Iterations 6
GAMG:  Solving for p, Initial residual = 0.00139099, Final residual = 5.11314e-06, No Iterations 4
time step continuity errors : sum local = 9.69483e-06, global = 3.77349e-08, cumulative = 3.88022e-05
smoothSolver:  Solving for omega, Initial residual = 2.20559e-05, Final residual = 1.39422e-06, No Iterations 3
smoothSolver:  Solving for k, Initial residual = 0.000193992, Final residual = 1.65339e-05, No Iterations 3
ExecutionTime = 25.75 s  ClockTime = 26 s

forceCoeffs forceCoeffs1 write:
    Cm    = 0.156571
    Cd    = 0.412078
    Cl    = 0.0645606
    Cl(f) = 0.188851
    Cl(r) = -0.12429

Time = 241

smoothSolver:  Solving for Ux, Initial residual = 0.000112997, Final residual = 1.08271e-05, No Iterations 7
smoothSolver:  Solving for Uy, Initial residual = 0.00265646, Final residual = 0.000201578, No Iterations 7
smoothSolver:  Solving for Uz, Initial residual = 0.00227583, Final residual = 0.000217454, No Iterations 6
GAMG:  Solving for p, Initial residual = 0.00139636, Final residual = 5.03815e-06, No Iterations 4
time step continuity errors : sum local = 9.55334e-06, global = 1.68431e-08, cumulative = 3.88191e-05
smoothSolver:  Solving for omega, Initial residual = 2.23129e-05, Final residual = 1.40165e-06, No Iterations 3
smoothSolver:  Solving for k, Initial residual = 0.000196964, Final residual = 1.67477e-05, No Iterations 3
ExecutionTime = 25.85 s  ClockTime = 26 s

forceCoeffs forceCoeffs1 write:
    Cm    = 0.156559
    Cd    = 0.412158
    Cl    = 0.0645729
    Cl(f) = 0.188846
    Cl(r) = -0.124273

Time = 242

smoothSolver:  Solving for Ux, Initial residual = 0.000113019, Final residual = 1.07908e-05, No Iterations 7
smoothSolver:  Solving for Uy, Initial residual = 0.00266, Final residual = 0.000200916, No Iterations 7
smoothSolver:  Solving for Uz, Initial residual = 0.00227668, Final residual = 0.000217478, No Iterations 6
GAMG:  Solving for p, Initial residual = 0.00140962, Final residual = 5.09499e-06, No Iterations 4
time step continuity errors : sum local = 9.6629e-06, global = 1.98851e-08, cumulative = 3.8839e-05
smoothSolver:  Solving for omega, Initial residual = 2.23312e-05, Final residual = 1.40051e-06, No Iterations 3
smoothSolver:  Solving for k, Initial residual = 0.000199964, Final residual = 1.69712e-05, No Iterations 3
ExecutionTime = 25.96 s  ClockTime = 26 s

forceCoeffs forceCoeffs1 write:
    Cm    = 0.156535
    Cd    = 0.412224
    Cl    = 0.0645384
    Cl(f) = 0.188804
    Cl(r) = -0.124266

Time = 243

smoothSolver:  Solving for Ux, Initial residual = 0.000114033, Final residual = 1.08531e-05, No Iterations 7
smoothSolver:  Solving for Uy, Initial residual = 0.00268152, Final residual = 0.000201382, No Iterations 7
smoothSolver:  Solving for Uz, Initial residual = 0.00228731, Final residual = 0.000217894, No Iterations 6
GAMG:  Solving for p, Initial residual = 0.0014207, Final residual = 5.08842e-06, No Iterations 4
time step continuity errors : sum local = 9.65176e-06, global = 1.37493e-08, cumulative = 3.88527e-05
smoothSolver:  Solving for omega, Initial residual = 2.24681e-05, Final residual = 1.40311e-06, No Iterations 3
smoothSolver:  Solving for k, Initial residual = 0.000202689, Final residual = 1.7193e-05, No Iterations 3
ExecutionTime = 26.05 s  ClockTime = 26 s

forceCoeffs forceCoeffs1 write:
    Cm    = 0.156529
    Cd    = 0.412309
    Cl    = 0.0645302
    Cl(f) = 0.188794
    Cl(r) = -0.124264

Time = 244

smoothSolver:  Solving for Ux, Initial residual = 0.000114572, Final residual = 1.0928e-05, No Iterations 7
smoothSolver:  Solving for Uy, Initial residual = 0.00270681, Final residual = 0.00020226, No Iterations 7
smoothSolver:  Solving for Uz, Initial residual = 0.00229559, Final residual = 0.000218559, No Iterations 6
GAMG:  Solving for p, Initial residual = 0.00143197, Final residual = 1.42736e-05, No Iterations 3
time step continuity errors : sum local = 2.70793e-05, global = 1.92015e-07, cumulative = 3.90447e-05
smoothSolver:  Solving for omega, Initial residual = 2.25264e-05, Final residual = 1.39985e-06, No Iterations 3
smoothSolver:  Solving for k, Initial residual = 0.000205575, Final residual = 1.74229e-05, No Iterations 3
ExecutionTime = 26.16 s  ClockTime = 27 s

forceCoeffs forceCoeffs1 write:
    Cm    = 0.156532
    Cd    = 0.412402
    Cl    = 0.0644633
    Cl(f) = 0.188763
    Cl(r) = -0.1243

Time = 245

smoothSolver:  Solving for Ux, Initial residual = 0.000115282, Final residual = 1.10194e-05, No Iterations 7
smoothSolver:  Solving for Uy, Initial residual = 0.00270888, Final residual = 0.000200139, No Iterations 7
smoothSolver:  Solving for Uz, Initial residual = 0.00229821, Final residual = 0.000217749, No Iterations 6
GAMG:  Solving for p, Initial residual = 0.00144011, Final residual = 5.35591e-06, No Iterations 4
time step continuity errors : sum local = 1.0162e-05, global = 1.99292e-08, cumulative = 3.90647e-05
smoothSolver:  Solving for omega, Initial residual = 2.26648e-05, Final residual = 1.40707e-06, No Iterations 3
smoothSolver:  Solving for k, Initial residual = 0.000208002, Final residual = 1.7636e-05, No Iterations 3
ExecutionTime = 26.26 s  ClockTime = 27 s

forceCoeffs forceCoeffs1 write:
    Cm    = 0.156577
    Cd    = 0.412588
    Cl    = 0.0643857
    Cl(f) = 0.188769
    Cl(r) = -0.124384

Time = 246

smoothSolver:  Solving for Ux, Initial residual = 0.000117299, Final residual = 1.12708e-05, No Iterations 7
smoothSolver:  Solving for Uy, Initial residual = 0.00275467, Final residual = 0.000206293, No Iterations 7
smoothSolver:  Solving for Uz, Initial residual = 0.00233885, Final residual = 0.000225494, No Iterations 6
GAMG:  Solving for p, Initial residual = 0.00144742, Final residual = 5.22167e-06, No Iterations 4
time step continuity errors : sum local = 9.90957e-06, global = 4.66983e-08, cumulative = 3.91114e-05
smoothSolver:  Solving for omega, Initial residual = 2.26389e-05, Final residual = 1.41324e-06, No Iterations 3
smoothSolver:  Solving for k, Initial residual = 0.000210717, Final residual = 1.78505e-05, No Iterations 3
ExecutionTime = 26.37 s  ClockTime = 27 s

forceCoeffs forceCoeffs1 write:
    Cm    = 0.156594
    Cd    = 0.412759
    Cl    = 0.0642198
    Cl(f) = 0.188704
    Cl(r) = -0.124484

Time = 247

smoothSolver:  Solving for Ux, Initial residual = 0.000119273, Final residual = 1.14655e-05, No Iterations 7
smoothSolver:  Solving for Uy, Initial residual = 0.00279123, Final residual = 0.000209185, No Iterations 7
smoothSolver:  Solving for Uz, Initial residual = 0.00236454, Final residual = 0.000230338, No Iterations 6
GAMG:  Solving for p, Initial residual = 0.0014552, Final residual = 5.44093e-06, No Iterations 4
time step continuity errors : sum local = 1.03281e-05, global = 8.34274e-08, cumulative = 3.91948e-05
smoothSolver:  Solving for omega, Initial residual = 2.2849e-05, Final residual = 1.42949e-06, No Iterations 3
smoothSolver:  Solving for k, Initial residual = 0.000213601, Final residual = 1.80689e-05, No Iterations 3
ExecutionTime = 26.46 s  ClockTime = 27 s

forceCoeffs forceCoeffs1 write:
    Cm    = 0.156636
    Cd    = 0.41296
    Cl    = 0.0641155
    Cl(f) = 0.188694
    Cl(r) = -0.124578

Time = 248

smoothSolver:  Solving for Ux, Initial residual = 0.000120685, Final residual = 1.16175e-05, No Iterations 7
smoothSolver:  Solving for Uy, Initial residual = 0.00282858, Final residual = 0.000213352, No Iterations 7
smoothSolver:  Solving for Uz, Initial residual = 0.00238327, Final residual = 0.000233845, No Iterations 6
GAMG:  Solving for p, Initial residual = 0.00146881, Final residual = 5.66943e-06, No Iterations 4
time step continuity errors : sum local = 1.07652e-05, global = 1.34032e-07, cumulative = 3.93288e-05
smoothSolver:  Solving for omega, Initial residual = 2.29855e-05, Final residual = 1.43969e-06, No Iterations 3
smoothSolver:  Solving for k, Initial residual = 0.000217629, Final residual = 1.83502e-05, No Iterations 3
ExecutionTime = 26.57 s  ClockTime = 27 s

forceCoeffs forceCoeffs1 write:
    Cm    = 0.156675
    Cd    = 0.413149
    Cl    = 0.063939
    Cl(f) = 0.188644
    Cl(r) = -0.124705

Time = 249

smoothSolver:  Solving for Ux, Initial residual = 0.000122736, Final residual = 1.18301e-05, No Iterations 7
smoothSolver:  Solving for Uy, Initial residual = 0.00287743, Final residual = 0.000218199, No Iterations 7
smoothSolver:  Solving for Uz, Initial residual = 0.00241027, Final residual = 0.000238384, No Iterations 6
GAMG:  Solving for p, Initial residual = 0.00148103, Final residual = 5.84583e-06, No Iterations 4
time step continuity errors : sum local = 1.11037e-05, global = 1.49645e-07, cumulative = 3.94785e-05
smoothSolver:  Solving for omega, Initial residual = 2.32526e-05, Final residual = 1.45558e-06, No Iterations 3
smoothSolver:  Solving for k, Initial residual = 0.000222748, Final residual = 1.87262e-05, No Iterations 3
ExecutionTime = 26.67 s  ClockTime = 27 s

forceCoeffs forceCoeffs1 write:
    Cm    = 0.156731
    Cd    = 0.413367
    Cl    = 0.0638027
    Cl(f) = 0.188632
    Cl(r) = -0.124829

Time = 250

smoothSolver:  Solving for Ux, Initial residual = 0.000124119, Final residual = 1.20274e-05, No Iterations 7
smoothSolver:  Solving for Uy, Initial residual = 0.00291167, Final residual = 0.000221827, No Iterations 7
smoothSolver:  Solving for Uz, Initial residual = 0.00242527, Final residual = 0.000240463, No Iterations 6
GAMG:  Solving for p, Initial residual = 0.00149202, Final residual = 5.8998e-06, No Iterations 4
time step continuity errors : sum local = 1.12109e-05, global = 1.58313e-07, cumulative = 3.96368e-05
smoothSolver:  Solving for omega, Initial residual = 2.37644e-05, Final residual = 1.48012e-06, No Iterations 3
smoothSolver:  Solving for k, Initial residual = 0.000229325, Final residual = 1.92147e-05, No Iterations 3
ExecutionTime = 26.77 s  ClockTime = 27 s

forceCoeffs forceCoeffs1 write:
    Cm    = 0.156727
    Cd    = 0.41349
    Cl    = 0.0635791
    Cl(f) = 0.188516
    Cl(r) = -0.124937

Time = 251

smoothSolver:  Solving for Ux, Initial residual = 0.00012594, Final residual = 1.22252e-05, No Iterations 7
smoothSolver:  Solving for Uy, Initial residual = 0.00295002, Final residual = 0.000223839, No Iterations 7
smoothSolver:  Solving for Uz, Initial residual = 0.00244553, Final residual = 0.000243257, No Iterations 6
GAMG:  Solving for p, Initial residual = 0.00149837, Final residual = 5.97908e-06, No Iterations 4
time step continuity errors : sum local = 1.13662e-05, global = 1.58647e-07, cumulative = 3.97954e-05
smoothSolver:  Solving for omega, Initial residual = 2.41674e-05, Final residual = 1.49741e-06, No Iterations 3
smoothSolver:  Solving for k, Initial residual = 0.000236986, Final residual = 1.97861e-05, No Iterations 3
ExecutionTime = 26.87 s  ClockTime = 27 s

forceCoeffs forceCoeffs1 write:
    Cm    = 0.156732
    Cd    = 0.413611
    Cl    = 0.0633982
    Cl(f) = 0.188431
    Cl(r) = -0.125033

Time = 252

smoothSolver:  Solving for Ux, Initial residual = 0.000127311, Final residual = 1.24388e-05, No Iterations 7
smoothSolver:  Solving for Uy, Initial residual = 0.00297233, Final residual = 0.000224915, No Iterations 7
smoothSolver:  Solving for Uz, Initial residual = 0.00246865, Final residual = 0.000244022, No Iterations 6
GAMG:  Solving for p, Initial residual = 0.00150503, Final residual = 6.12361e-06, No Iterations 4
time step continuity errors : sum local = 1.16468e-05, global = 1.58577e-07, cumulative = 3.9954e-05
smoothSolver:  Solving for omega, Initial residual = 2.44195e-05, Final residual = 1.52349e-06, No Iterations 3
smoothSolver:  Solving for k, Initial residual = 0.000245915, Final residual = 2.0358e-05, No Iterations 3
ExecutionTime = 26.97 s  ClockTime = 27 s

forceCoeffs forceCoeffs1 write:
    Cm    = 0.156659
    Cd    = 0.413592
    Cl    = 0.0631468
    Cl(f) = 0.188232
    Cl(r) = -0.125085

Time = 253

smoothSolver:  Solving for Ux, Initial residual = 0.000130106, Final residual = 1.27066e-05, No Iterations 7
smoothSolver:  Solving for Uy, Initial residual = 0.00302322, Final residual = 0.000227652, No Iterations 7
smoothSolver:  Solving for Uz, Initial residual = 0.00250569, Final residual = 0.000185781, No Iterations 7
GAMG:  Solving for p, Initial residual = 0.00150342, Final residual = 6.36073e-06, No Iterations 4
time step continuity errors : sum local = 1.21031e-05, global = 1.27102e-07, cumulative = 4.00811e-05
smoothSolver:  Solving for omega, Initial residual = 2.46444e-05, Final residual = 1.52635e-06, No Iterations 3
smoothSolver:  Solving for k, Initial residual = 0.000254784, Final residual = 2.09342e-05, No Iterations 3
ExecutionTime = 27.08 s  ClockTime = 28 s

forceCoeffs forceCoeffs1 write:
    Cm    = 0.156577
    Cd    = 0.413528
    Cl    = 0.0629622
    Cl(f) = 0.188058
    Cl(r) = -0.125096

Time = 254

smoothSolver:  Solving for Ux, Initial residual = 0.000131592, Final residual = 1.29148e-05, No Iterations 7
smoothSolver:  Solving for Uy, Initial residual = 0.00305543, Final residual = 0.000232931, No Iterations 7
smoothSolver:  Solving for Uz, Initial residual = 0.00253336, Final residual = 0.000191771, No Iterations 7
GAMG:  Solving for p, Initial residual = 0.00149688, Final residual = 6.18535e-06, No Iterations 4
time step continuity errors : sum local = 1.17749e-05, global = 7.08533e-08, cumulative = 4.0152e-05
smoothSolver:  Solving for omega, Initial residual = 2.47712e-05, Final residual = 1.51671e-06, No Iterations 3
smoothSolver:  Solving for k, Initial residual = 0.000263243, Final residual = 2.13973e-05, No Iterations 3
ExecutionTime = 27.18 s  ClockTime = 28 s

forceCoeffs forceCoeffs1 write:
    Cm    = 0.156441
    Cd    = 0.413332
    Cl    = 0.0627366
    Cl(f) = 0.187809
    Cl(r) = -0.125073

Time = 255

smoothSolver:  Solving for Ux, Initial residual = 0.000133331, Final residual = 1.31708e-05, No Iterations 7
smoothSolver:  Solving for Uy, Initial residual = 0.00308807, Final residual = 0.000243205, No Iterations 7
smoothSolver:  Solving for Uz, Initial residual = 0.00257577, Final residual = 0.000202766, No Iterations 7
GAMG:  Solving for p, Initial residual = 0.00149098, Final residual = 6.17223e-06, No Iterations 4
time step continuity errors : sum local = 1.17543e-05, global = -2.0218e-08, cumulative = 4.01317e-05
smoothSolver:  Solving for omega, Initial residual = 2.48646e-05, Final residual = 1.51641e-06, No Iterations 3
smoothSolver:  Solving for k, Initial residual = 0.000271027, Final residual = 2.18104e-05, No Iterations 3
ExecutionTime = 27.28 s  ClockTime = 28 s

forceCoeffs forceCoeffs1 write:
    Cm    = 0.156354
    Cd    = 0.413142
    Cl    = 0.0626111
    Cl(f) = 0.187659
    Cl(r) = -0.125048

Time = 256

smoothSolver:  Solving for Ux, Initial residual = 0.000134625, Final residual = 1.33936e-05, No Iterations 7
smoothSolver:  Solving for Uy, Initial residual = 0.00312671, Final residual = 0.000256375, No Iterations 7
smoothSolver:  Solving for Uz, Initial residual = 0.00262478, Final residual = 0.000214272, No Iterations 7
GAMG:  Solving for p, Initial residual = 0.00149186, Final residual = 6.2508e-06, No Iterations 4
time step continuity errors : sum local = 1.19075e-05, global = -8.97151e-08, cumulative = 4.0042e-05
smoothSolver:  Solving for omega, Initial residual = 2.51759e-05, Final residual = 1.52384e-06, No Iterations 3
smoothSolver:  Solving for k, Initial residual = 0.000278519, Final residual = 2.2345e-05, No Iterations 3
ExecutionTime = 27.38 s  ClockTime = 28 s

forceCoeffs forceCoeffs1 write:
    Cm    = 0.156258
    Cd    = 0.412938
    Cl    = 0.062436
    Cl(f) = 0.187476
    Cl(r) = -0.12504

Time = 257

smoothSolver:  Solving for Ux, Initial residual = 0.00013702, Final residual = 1.04009e-05, No Iterations 8
smoothSolver:  Solving for Uy, Initial residual = 0.00321038, Final residual = 0.000269596, No Iterations 7
smoothSolver:  Solving for Uz, Initial residual = 0.00269679, Final residual = 0.000225367, No Iterations 7
GAMG:  Solving for p, Initial residual = 0.00149268, Final residual = 6.5296e-06, No Iterations 4
time step continuity errors : sum local = 1.24396e-05, global = -8.22945e-08, cumulative = 3.99597e-05
smoothSolver:  Solving for omega, Initial residual = 2.56025e-05, Final residual = 1.53974e-06, No Iterations 3
smoothSolver:  Solving for k, Initial residual = 0.000286835, Final residual = 2.30072e-05, No Iterations 3
ExecutionTime = 27.48 s  ClockTime = 28 s

forceCoeffs forceCoeffs1 write:
    Cm    = 0.156211
    Cd    = 0.41282
    Cl    = 0.0623058
    Cl(f) = 0.187364
    Cl(r) = -0.125058

Time = 258

smoothSolver:  Solving for Ux, Initial residual = 0.000139438, Final residual = 1.06188e-05, No Iterations 8
smoothSolver:  Solving for Uy, Initial residual = 0.00329437, Final residual = 0.000280263, No Iterations 7
smoothSolver:  Solving for Uz, Initial residual = 0.00274877, Final residual = 0.000232475, No Iterations 7
GAMG:  Solving for p, Initial residual = 0.00150058, Final residual = 6.69242e-06, No Iterations 4
time step continuity errors : sum local = 1.27502e-05, global = -1.12685e-07, cumulative = 3.98471e-05
smoothSolver:  Solving for omega, Initial residual = 2.56282e-05, Final residual = 1.57014e-06, No Iterations 3
smoothSolver:  Solving for k, Initial residual = 0.000295671, Final residual = 2.38916e-05, No Iterations 3
ExecutionTime = 27.59 s  ClockTime = 28 s

forceCoeffs forceCoeffs1 write:
    Cm    = 0.156155
    Cd    = 0.41266
    Cl    = 0.0622014
    Cl(f) = 0.187256
    Cl(r) = -0.125055

Time = 259

smoothSolver:  Solving for Ux, Initial residual = 0.00014289, Final residual = 1.08629e-05, No Iterations 8
smoothSolver:  Solving for Uy, Initial residual = 0.00338338, Final residual = 0.000289137, No Iterations 7
smoothSolver:  Solving for Uz, Initial residual = 0.00280825, Final residual = 0.000238608, No Iterations 7
GAMG:  Solving for p, Initial residual = 0.00150138, Final residual = 6.96554e-06, No Iterations 4
time step continuity errors : sum local = 1.32683e-05, global = -1.30864e-07, cumulative = 3.97162e-05
smoothSolver:  Solving for omega, Initial residual = 2.60036e-05, Final residual = 1.59929e-06, No Iterations 3
smoothSolver:  Solving for k, Initial residual = 0.000302666, Final residual = 2.48153e-05, No Iterations 3
ExecutionTime = 27.69 s  ClockTime = 28 s

forceCoeffs forceCoeffs1 write:
    Cm    = 0.156188
    Cd    = 0.412644
    Cl    = 0.0621763
    Cl(f) = 0.187277
    Cl(r) = -0.1251

Time = 260

smoothSolver:  Solving for Ux, Initial residual = 0.000145141, Final residual = 1.09914e-05, No Iterations 8
smoothSolver:  Solving for Uy, Initial residual = 0.00342378, Final residual = 0.000292316, No Iterations 7
smoothSolver:  Solving for Uz, Initial residual = 0.00283419, Final residual = 0.00023999, No Iterations 7
GAMG:  Solving for p, Initial residual = 0.00149621, Final residual = 7.11689e-06, No Iterations 4
time step continuity errors : sum local = 1.35528e-05, global = -1.53076e-07, cumulative = 3.95631e-05
smoothSolver:  Solving for omega, Initial residual = 2.61143e-05, Final residual = 1.61078e-06, No Iterations 3
smoothSolver:  Solving for k, Initial residual = 0.000305905, Final residual = 2.54318e-05, No Iterations 3
ExecutionTime = 27.8 s  ClockTime = 28 s

forceCoeffs forceCoeffs1 write:
    Cm    = 0.156237
    Cd    = 0.41267
    Cl    = 0.06217
    Cl(f) = 0.187322
    Cl(r) = -0.125152

Time = 261

smoothSolver:  Solving for Ux, Initial residual = 0.000146908, Final residual = 1.11925e-05, No Iterations 8
smoothSolver:  Solving for Uy, Initial residual = 0.00344403, Final residual = 0.000295423, No Iterations 7
smoothSolver:  Solving for Uz, Initial residual = 0.00285314, Final residual = 0.000241976, No Iterations 7
GAMG:  Solving for p, Initial residual = 0.00148836, Final residual = 7.22769e-06, No Iterations 4
time step continuity errors : sum local = 1.3758e-05, global = -1.65704e-07, cumulative = 3.93974e-05
smoothSolver:  Solving for omega, Initial residual = 2.60217e-05, Final residual = 1.61575e-06, No Iterations 3
smoothSolver:  Solving for k, Initial residual = 0.000306694, Final residual = 2.55956e-05, No Iterations 3
ExecutionTime = 27.9 s  ClockTime = 28 s

forceCoeffs forceCoeffs1 write:
    Cm    = 0.156327
    Cd    = 0.412784
    Cl    = 0.0622586
    Cl(f) = 0.187456
    Cl(r) = -0.125198

Time = 262

smoothSolver:  Solving for Ux, Initial residual = 0.000147183, Final residual = 1.14266e-05, No Iterations 8
smoothSolver:  Solving for Uy, Initial residual = 0.00341273, Final residual = 0.000294825, No Iterations 7
smoothSolver:  Solving for Uz, Initial residual = 0.00285383, Final residual = 0.000243891, No Iterations 7
GAMG:  Solving for p, Initial residual = 0.00148562, Final residual = 7.10396e-06, No Iterations 4
time step continuity errors : sum local = 1.35164e-05, global = -1.4067e-07, cumulative = 3.92567e-05
smoothSolver:  Solving for omega, Initial residual = 2.59516e-05, Final residual = 1.6035e-06, No Iterations 3
smoothSolver:  Solving for k, Initial residual = 0.000307568, Final residual = 2.54611e-05, No Iterations 3
ExecutionTime = 28 s  ClockTime = 28 s

forceCoeffs forceCoeffs1 write:
    Cm    = 0.156422
    Cd    = 0.412954
    Cl    = 0.0623278
    Cl(f) = 0.187586
    Cl(r) = -0.125258

Time = 263

smoothSolver:  Solving for Ux, Initial residual = 0.000148456, Final residual = 1.18117e-05, No Iterations 8
smoothSolver:  Solving for Uy, Initial residual = 0.00341796, Final residual = 0.000300255, No Iterations 7
smoothSolver:  Solving for Uz, Initial residual = 0.00286983, Final residual = 0.00024935, No Iterations 7
GAMG:  Solving for p, Initial residual = 0.00148388, Final residual = 6.78895e-06, No Iterations 4
time step continuity errors : sum local = 1.29102e-05, global = -1.02353e-07, cumulative = 3.91544e-05
smoothSolver:  Solving for omega, Initial residual = 2.61313e-05, Final residual = 1.60048e-06, No Iterations 3
smoothSolver:  Solving for k, Initial residual = 0.000308474, Final residual = 2.52026e-05, No Iterations 3
ExecutionTime = 28.1 s  ClockTime = 29 s

forceCoeffs forceCoeffs1 write:
    Cm    = 0.156536
    Cd    = 0.413226
    Cl    = 0.0624176
    Cl(f) = 0.187745
    Cl(r) = -0.125327

Time = 264

smoothSolver:  Solving for Ux, Initial residual = 0.00014941, Final residual = 1.22063e-05, No Iterations 8
smoothSolver:  Solving for Uy, Initial residual = 0.00343019, Final residual = 0.00030969, No Iterations 7
smoothSolver:  Solving for Uz, Initial residual = 0.00288633, Final residual = 0.000254935, No Iterations 7
GAMG:  Solving for p, Initial residual = 0.00148748, Final residual = 6.65288e-06, No Iterations 4
time step continuity errors : sum local = 1.26464e-05, global = -8.71137e-08, cumulative = 3.90673e-05
smoothSolver:  Solving for omega, Initial residual = 2.61883e-05, Final residual = 1.60787e-06, No Iterations 3
smoothSolver:  Solving for k, Initial residual = 0.000309134, Final residual = 2.49837e-05, No Iterations 3
ExecutionTime = 28.21 s  ClockTime = 29 s

forceCoeffs forceCoeffs1 write:
    Cm    = 0.156603
    Cd    = 0.413468
    Cl    = 0.0625243
    Cl(f) = 0.187865
    Cl(r) = -0.12534

Time = 265

smoothSolver:  Solving for Ux, Initial residual = 0.000151746, Final residual = 1.25631e-05, No Iterations 8
smoothSolver:  Solving for Uy, Initial residual = 0.00347553, Final residual = 0.000320734, No Iterations 7
smoothSolver:  Solving for Uz, Initial residual = 0.00291915, Final residual = 0.000261158, No Iterations 7
GAMG:  Solving for p, Initial residual = 0.00149608, Final residual = 6.69488e-06, No Iterations 4
time step continuity errors : sum local = 1.27227e-05, global = -8.84287e-08, cumulative = 3.89788e-05
smoothSolver:  Solving for omega, Initial residual = 2.65874e-05, Final residual = 1.63303e-06, No Iterations 3
smoothSolver:  Solving for k, Initial residual = 0.000310066, Final residual = 2.49755e-05, No Iterations 3
ExecutionTime = 28.31 s  ClockTime = 29 s

forceCoeffs forceCoeffs1 write:
    Cm    = 0.15668
    Cd    = 0.413733
    Cl    = 0.0626944
    Cl(f) = 0.188028
    Cl(r) = -0.125333

Time = 266

smoothSolver:  Solving for Ux, Initial residual = 0.000153659, Final residual = 1.28356e-05, No Iterations 8
smoothSolver:  Solving for Uy, Initial residual = 0.00351786, Final residual = 0.000329132, No Iterations 7
smoothSolver:  Solving for Uz, Initial residual = 0.00295311, Final residual = 0.000267507, No Iterations 7
GAMG:  Solving for p, Initial residual = 0.00151279, Final residual = 6.91846e-06, No Iterations 4
time step continuity errors : sum local = 1.31458e-05, global = -8.1792e-08, cumulative = 3.8897e-05
smoothSolver:  Solving for omega, Initial residual = 2.7091e-05, Final residual = 1.66557e-06, No Iterations 3
smoothSolver:  Solving for k, Initial residual = 0.000310205, Final residual = 2.5053e-05, No Iterations 3
ExecutionTime = 28.41 s  ClockTime = 29 s

forceCoeffs forceCoeffs1 write:
    Cm    = 0.156735
    Cd    = 0.413972
    Cl    = 0.0628504
    Cl(f) = 0.18816
    Cl(r) = -0.12531

Time = 267

smoothSolver:  Solving for Ux, Initial residual = 0.000155272, Final residual = 1.29678e-05, No Iterations 8
smoothSolver:  Solving for Uy, Initial residual = 0.00356074, Final residual = 0.000332412, No Iterations 7
smoothSolver:  Solving for Uz, Initial residual = 0.00300237, Final residual = 0.000273638, No Iterations 7
GAMG:  Solving for p, Initial residual = 0.00152933, Final residual = 7.28427e-06, No Iterations 4
time step continuity errors : sum local = 1.38416e-05, global = -3.92866e-08, cumulative = 3.88578e-05
smoothSolver:  Solving for omega, Initial residual = 2.74422e-05, Final residual = 1.70355e-06, No Iterations 3
smoothSolver:  Solving for k, Initial residual = 0.000307634, Final residual = 2.51441e-05, No Iterations 3
ExecutionTime = 28.51 s  ClockTime = 29 s

forceCoeffs forceCoeffs1 write:
    Cm    = 0.156759
    Cd    = 0.414168
    Cl    = 0.0629821
    Cl(f) = 0.18825
    Cl(r) = -0.125268

Time = 268

smoothSolver:  Solving for Ux, Initial residual = 0.000155923, Final residual = 1.29073e-05, No Iterations 8
smoothSolver:  Solving for Uy, Initial residual = 0.00357106, Final residual = 0.00032931, No Iterations 7
smoothSolver:  Solving for Uz, Initial residual = 0.00301431, Final residual = 0.000273115, No Iterations 7
GAMG:  Solving for p, Initial residual = 0.00154448, Final residual = 7.59375e-06, No Iterations 4
time step continuity errors : sum local = 1.44325e-05, global = 3.54511e-08, cumulative = 3.88932e-05
smoothSolver:  Solving for omega, Initial residual = 2.76075e-05, Final residual = 1.71718e-06, No Iterations 3
smoothSolver:  Solving for k, Initial residual = 0.000302498, Final residual = 2.50619e-05, No Iterations 3
ExecutionTime = 28.62 s  ClockTime = 29 s

forceCoeffs forceCoeffs1 write:
    Cm    = 0.156725
    Cd    = 0.414277
    Cl    = 0.063037
    Cl(f) = 0.188244
    Cl(r) = -0.125207

Time = 269

smoothSolver:  Solving for Ux, Initial residual = 0.000155992, Final residual = 1.27133e-05, No Iterations 8
smoothSolver:  Solving for Uy, Initial residual = 0.00358151, Final residual = 0.000323038, No Iterations 7
smoothSolver:  Solving for Uz, Initial residual = 0.00301627, Final residual = 0.000269922, No Iterations 7
GAMG:  Solving for p, Initial residual = 0.00155572, Final residual = 7.80345e-06, No Iterations 4
time step continuity errors : sum local = 1.48354e-05, global = 3.77432e-08, cumulative = 3.8931e-05
smoothSolver:  Solving for omega, Initial residual = 2.74296e-05, Final residual = 1.71644e-06, No Iterations 3
smoothSolver:  Solving for k, Initial residual = 0.000294716, Final residual = 2.46059e-05, No Iterations 3
ExecutionTime = 28.72 s  ClockTime = 29 s

forceCoeffs forceCoeffs1 write:
    Cm    = 0.156685
    Cd    = 0.414317
    Cl    = 0.0630903
    Cl(f) = 0.18823
    Cl(r) = -0.12514

Time = 270

smoothSolver:  Solving for Ux, Initial residual = 0.000155273, Final residual = 1.25003e-05, No Iterations 8
smoothSolver:  Solving for Uy, Initial residual = 0.00355075, Final residual = 0.00031318, No Iterations 7
smoothSolver:  Solving for Uz, Initial residual = 0.002996, Final residual = 0.000263794, No Iterations 7
GAMG:  Solving for p, Initial residual = 0.0015616, Final residual = 7.63516e-06, No Iterations 4
time step continuity errors : sum local = 1.45211e-05, global = 4.59087e-08, cumulative = 3.89769e-05
smoothSolver:  Solving for omega, Initial residual = 2.72911e-05, Final residual = 1.69775e-06, No Iterations 3
smoothSolver:  Solving for k, Initial residual = 0.000284807, Final residual = 2.38776e-05, No Iterations 3
ExecutionTime = 28.82 s  ClockTime = 29 s

forceCoeffs forceCoeffs1 write:
    Cm    = 0.156608
    Cd    = 0.414248
    Cl    = 0.0631015
    Cl(f) = 0.188159
    Cl(r) = -0.125057

Time = 271

smoothSolver:  Solving for Ux, Initial residual = 0.000154885, Final residual = 1.2306e-05, No Iterations 8
smoothSolver:  Solving for Uy, Initial residual = 0.00353202, Final residual = 0.000304691, No Iterations 7
smoothSolver:  Solving for Uz, Initial residual = 0.00299104, Final residual = 0.000258943, No Iterations 7
GAMG:  Solving for p, Initial residual = 0.00156447, Final residual = 7.33317e-06, No Iterations 4
time step continuity errors : sum local = 1.39527e-05, global = 4.05865e-08, cumulative = 3.90175e-05
smoothSolver:  Solving for omega, Initial residual = 2.70065e-05, Final residual = 1.69038e-06, No Iterations 3
smoothSolver:  Solving for k, Initial residual = 0.000275889, Final residual = 2.30064e-05, No Iterations 3
ExecutionTime = 28.93 s  ClockTime = 29 s

forceCoeffs forceCoeffs1 write:
    Cm    = 0.156544
    Cd    = 0.414092
    Cl    = 0.0631567
    Cl(f) = 0.188122
    Cl(r) = -0.124965

Time = 272

smoothSolver:  Solving for Ux, Initial residual = 0.000153928, Final residual = 1.22053e-05, No Iterations 8
smoothSolver:  Solving for Uy, Initial residual = 0.00348728, Final residual = 0.000298549, No Iterations 7
smoothSolver:  Solving for Uz, Initial residual = 0.00297343, Final residual = 0.000255169, No Iterations 7
GAMG:  Solving for p, Initial residual = 0.0015642, Final residual = 6.8312e-06, No Iterations 4
time step continuity errors : sum local = 1.30026e-05, global = 3.26037e-08, cumulative = 3.90501e-05
smoothSolver:  Solving for omega, Initial residual = 2.69473e-05, Final residual = 1.67374e-06, No Iterations 3
smoothSolver:  Solving for k, Initial residual = 0.000267206, Final residual = 2.21333e-05, No Iterations 3
ExecutionTime = 29.03 s  ClockTime = 30 s

forceCoeffs forceCoeffs1 write:
    Cm    = 0.156479
    Cd    = 0.413876
    Cl    = 0.0631863
    Cl(f) = 0.188072
    Cl(r) = -0.124886

Time = 273

smoothSolver:  Solving for Ux, Initial residual = 0.000153281, Final residual = 1.21451e-05, No Iterations 8
smoothSolver:  Solving for Uy, Initial residual = 0.00348023, Final residual = 0.000297982, No Iterations 7
smoothSolver:  Solving for Uz, Initial residual = 0.00298071, Final residual = 0.000254375, No Iterations 7
GAMG:  Solving for p, Initial residual = 0.00156014, Final residual = 6.50765e-06, No Iterations 4
time step continuity errors : sum local = 1.23907e-05, global = 1.7805e-08, cumulative = 3.90679e-05
smoothSolver:  Solving for omega, Initial residual = 2.64856e-05, Final residual = 1.67464e-06, No Iterations 3
smoothSolver:  Solving for k, Initial residual = 0.000259957, Final residual = 2.13924e-05, No Iterations 3
ExecutionTime = 29.13 s  ClockTime = 30 s

forceCoeffs forceCoeffs1 write:
    Cm    = 0.15646
    Cd    = 0.413639
    Cl    = 0.063221
    Cl(f) = 0.18807
    Cl(r) = -0.124849

Time = 274

smoothSolver:  Solving for Ux, Initial residual = 0.000152388, Final residual = 1.20856e-05, No Iterations 8
smoothSolver:  Solving for Uy, Initial residual = 0.00347281, Final residual = 0.000299493, No Iterations 7
smoothSolver:  Solving for Uz, Initial residual = 0.00298131, Final residual = 0.000255662, No Iterations 7
GAMG:  Solving for p, Initial residual = 0.0015569, Final residual = 6.28394e-06, No Iterations 4
time step continuity errors : sum local = 1.19678e-05, global = -5.78584e-08, cumulative = 3.901e-05
smoothSolver:  Solving for omega, Initial residual = 2.62401e-05, Final residual = 1.67669e-06, No Iterations 3
smoothSolver:  Solving for k, Initial residual = 0.000255734, Final residual = 2.08466e-05, No Iterations 3
ExecutionTime = 29.24 s  ClockTime = 30 s

forceCoeffs forceCoeffs1 write:
    Cm    = 0.156443
    Cd    = 0.413365
    Cl    = 0.0632387
    Cl(f) = 0.188062
    Cl(r) = -0.124823

Time = 275

smoothSolver:  Solving for Ux, Initial residual = 0.000152951, Final residual = 1.21145e-05, No Iterations 8
smoothSolver:  Solving for Uy, Initial residual = 0.00349566, Final residual = 0.000302356, No Iterations 7
smoothSolver:  Solving for Uz, Initial residual = 0.00299913, Final residual = 0.00025806, No Iterations 7
GAMG:  Solving for p, Initial residual = 0.00154907, Final residual = 6.21557e-06, No Iterations 4
time step continuity errors : sum local = 1.18394e-05, global = -5.22893e-08, cumulative = 3.89577e-05
smoothSolver:  Solving for omega, Initial residual = 2.61457e-05, Final residual = 1.68343e-06, No Iterations 3
smoothSolver:  Solving for k, Initial residual = 0.000253722, Final residual = 2.04872e-05, No Iterations 3
ExecutionTime = 29.33 s  ClockTime = 30 s

forceCoeffs forceCoeffs1 write:
    Cm    = 0.156436
    Cd    = 0.413056
    Cl    = 0.0632486
    Cl(f) = 0.18806
    Cl(r) = -0.124811

Time = 276

smoothSolver:  Solving for Ux, Initial residual = 0.000152215, Final residual = 1.20534e-05, No Iterations 8
smoothSolver:  Solving for Uy, Initial residual = 0.0034812, Final residual = 0.000300432, No Iterations 7
smoothSolver:  Solving for Uz, Initial residual = 0.00298467, Final residual = 0.000257364, No Iterations 7
GAMG:  Solving for p, Initial residual = 0.0015436, Final residual = 6.08459e-06, No Iterations 4
time step continuity errors : sum local = 1.15902e-05, global = -4.65658e-08, cumulative = 3.89111e-05
smoothSolver:  Solving for omega, Initial residual = 2.60176e-05, Final residual = 1.681e-06, No Iterations 3
smoothSolver:  Solving for k, Initial residual = 0.000252459, Final residual = 2.0261e-05, No Iterations 3
ExecutionTime = 29.44 s  ClockTime = 30 s

forceCoeffs forceCoeffs1 write:
    Cm    = 0.156458
    Cd    = 0.412758
    Cl    = 0.0632725
    Cl(f) = 0.188094
    Cl(r) = -0.124822

Time = 277

smoothSolver:  Solving for Ux, Initial residual = 0.000151487, Final residual = 1.19139e-05, No Iterations 8
smoothSolver:  Solving for Uy, Initial residual = 0.00345827, Final residual = 0.000296437, No Iterations 7
smoothSolver:  Solving for Uz, Initial residual = 0.00297042, Final residual = 0.000253915, No Iterations 7
GAMG:  Solving for p, Initial residual = 0.00153619, Final residual = 6.04893e-06, No Iterations 4
time step continuity errors : sum local = 1.15209e-05, global = -5.24371e-08, cumulative = 3.88587e-05
smoothSolver:  Solving for omega, Initial residual = 2.60358e-05, Final residual = 1.67677e-06, No Iterations 3
smoothSolver:  Solving for k, Initial residual = 0.000253051, Final residual = 2.01362e-05, No Iterations 3
ExecutionTime = 29.54 s  ClockTime = 30 s

forceCoeffs forceCoeffs1 write:
    Cm    = 0.156522
    Cd    = 0.412525
    Cl    = 0.0633154
    Cl(f) = 0.18818
    Cl(r) = -0.124865

Time = 278

smoothSolver:  Solving for Ux, Initial residual = 0.00014966, Final residual = 1.16852e-05, No Iterations 8
smoothSolver:  Solving for Uy, Initial residual = 0.00340672, Final residual = 0.00028812, No Iterations 7
smoothSolver:  Solving for Uz, Initial residual = 0.0029198, Final residual = 0.000247411, No Iterations 7
GAMG:  Solving for p, Initial residual = 0.00153133, Final residual = 5.99819e-06, No Iterations 4
time step continuity errors : sum local = 1.1422e-05, global = -5.19347e-08, cumulative = 3.88068e-05
smoothSolver:  Solving for omega, Initial residual = 2.60524e-05, Final residual = 1.64439e-06, No Iterations 3
smoothSolver:  Solving for k, Initial residual = 0.000254009, Final residual = 2.00371e-05, No Iterations 3
ExecutionTime = 29.65 s  ClockTime = 30 s

forceCoeffs forceCoeffs1 write:
    Cm    = 0.15658
    Cd    = 0.412316
    Cl    = 0.063362
    Cl(f) = 0.188261
    Cl(r) = -0.124899

Time = 279

smoothSolver:  Solving for Ux, Initial residual = 0.000147647, Final residual = 1.13748e-05, No Iterations 8
smoothSolver:  Solving for Uy, Initial residual = 0.00334394, Final residual = 0.000278975, No Iterations 7
smoothSolver:  Solving for Uz, Initial residual = 0.0028666, Final residual = 0.000238734, No Iterations 7
GAMG:  Solving for p, Initial residual = 0.00151332, Final residual = 5.97066e-06, No Iterations 4
time step continuity errors : sum local = 1.13662e-05, global = -6.0192e-08, cumulative = 3.87466e-05
smoothSolver:  Solving for omega, Initial residual = 2.54854e-05, Final residual = 1.62754e-06, No Iterations 3
smoothSolver:  Solving for k, Initial residual = 0.000255014, Final residual = 1.99531e-05, No Iterations 3
ExecutionTime = 29.75 s  ClockTime = 30 s

forceCoeffs forceCoeffs1 write:
    Cm    = 0.156641
    Cd    = 0.412138
    Cl    = 0.0634169
    Cl(f) = 0.18835
    Cl(r) = -0.124933

Time = 280

smoothSolver:  Solving for Ux, Initial residual = 0.000144194, Final residual = 1.09893e-05, No Iterations 8
smoothSolver:  Solving for Uy, Initial residual = 0.00324243, Final residual = 0.000266007, No Iterations 7
smoothSolver:  Solving for Uz, Initial residual = 0.00278534, Final residual = 0.000228988, No Iterations 7
GAMG:  Solving for p, Initial residual = 0.00149723, Final residual = 5.88502e-06, No Iterations 4
time step continuity errors : sum local = 1.12004e-05, global = -6.01634e-08, cumulative = 3.86864e-05
smoothSolver:  Solving for omega, Initial residual = 2.50488e-05, Final residual = 1.59088e-06, No Iterations 3
smoothSolver:  Solving for k, Initial residual = 0.000254581, Final residual = 1.98176e-05, No Iterations 3
ExecutionTime = 29.85 s  ClockTime = 30 s

forceCoeffs forceCoeffs1 write:
    Cm    = 0.156694
    Cd    = 0.411997
    Cl    = 0.0634834
    Cl(f) = 0.188436
    Cl(r) = -0.124952

Time = 281

smoothSolver:  Solving for Ux, Initial residual = 0.000141191, Final residual = 1.40456e-05, No Iterations 7
smoothSolver:  Solving for Uy, Initial residual = 0.00315801, Final residual = 0.000256478, No Iterations 7
smoothSolver:  Solving for Uz, Initial residual = 0.00271891, Final residual = 0.000220319, No Iterations 7
GAMG:  Solving for p, Initial residual = 0.00147647, Final residual = 5.82765e-06, No Iterations 4
time step continuity errors : sum local = 1.10883e-05, global = -8.26331e-08, cumulative = 3.86038e-05
smoothSolver:  Solving for omega, Initial residual = 2.44739e-05, Final residual = 1.54864e-06, No Iterations 3
smoothSolver:  Solving for k, Initial residual = 0.000252126, Final residual = 1.96177e-05, No Iterations 3
ExecutionTime = 29.96 s  ClockTime = 30 s

forceCoeffs forceCoeffs1 write:
    Cm    = 0.156743
    Cd    = 0.411906
    Cl    = 0.0635244
    Cl(f) = 0.188505
    Cl(r) = -0.124981

Time = 282

smoothSolver:  Solving for Ux, Initial residual = 0.000137656, Final residual = 1.36575e-05, No Iterations 7
smoothSolver:  Solving for Uy, Initial residual = 0.00305503, Final residual = 0.000245744, No Iterations 7
smoothSolver:  Solving for Uz, Initial residual = 0.0026375, Final residual = 0.000212148, No Iterations 7
GAMG:  Solving for p, Initial residual = 0.00145584, Final residual = 5.67826e-06, No Iterations 4
time step continuity errors : sum local = 1.08021e-05, global = -8.62895e-08, cumulative = 3.85175e-05
smoothSolver:  Solving for omega, Initial residual = 2.4006e-05, Final residual = 1.50612e-06, No Iterations 3
smoothSolver:  Solving for k, Initial residual = 0.000249147, Final residual = 1.94855e-05, No Iterations 3
ExecutionTime = 30.05 s  ClockTime = 31 s

forceCoeffs forceCoeffs1 write:
    Cm    = 0.156766
    Cd    = 0.411808
    Cl    = 0.0635895
    Cl(f) = 0.188561
    Cl(r) = -0.124971

Time = 283

smoothSolver:  Solving for Ux, Initial residual = 0.00013467, Final residual = 1.33149e-05, No Iterations 7
smoothSolver:  Solving for Uy, Initial residual = 0.00297831, Final residual = 0.000239588, No Iterations 7
smoothSolver:  Solving for Uz, Initial residual = 0.00258511, Final residual = 0.00020645, No Iterations 7
GAMG:  Solving for p, Initial residual = 0.00143239, Final residual = 5.64049e-06, No Iterations 4
time step continuity errors : sum local = 1.07285e-05, global = -1.06518e-07, cumulative = 3.8411e-05
smoothSolver:  Solving for omega, Initial residual = 2.39601e-05, Final residual = 1.47009e-06, No Iterations 3
smoothSolver:  Solving for k, Initial residual = 0.000246214, Final residual = 1.93301e-05, No Iterations 3
ExecutionTime = 30.16 s  ClockTime = 31 s

forceCoeffs forceCoeffs1 write:
    Cm    = 0.156806
    Cd    = 0.411754
    Cl    = 0.0636744
    Cl(f) = 0.188643
    Cl(r) = -0.124969

Time = 284

smoothSolver:  Solving for Ux, Initial residual = 0.000131555, Final residual = 1.29681e-05, No Iterations 7
smoothSolver:  Solving for Uy, Initial residual = 0.00289695, Final residual = 0.000231392, No Iterations 7
smoothSolver:  Solving for Uz, Initial residual = 0.00252797, Final residual = 0.000200935, No Iterations 7
GAMG:  Solving for p, Initial residual = 0.00140329, Final residual = 5.51518e-06, No Iterations 4
time step continuity errors : sum local = 1.04889e-05, global = -8.82172e-08, cumulative = 3.83228e-05
smoothSolver:  Solving for omega, Initial residual = 2.31953e-05, Final residual = 1.44962e-06, No Iterations 3
smoothSolver:  Solving for k, Initial residual = 0.000242838, Final residual = 1.91411e-05, No Iterations 3
ExecutionTime = 30.26 s  ClockTime = 31 s

forceCoeffs forceCoeffs1 write:
    Cm    = 0.156831
    Cd    = 0.411713
    Cl    = 0.0637118
    Cl(f) = 0.188687
    Cl(r) = -0.124975

Time = 285

smoothSolver:  Solving for Ux, Initial residual = 0.000128687, Final residual = 1.26764e-05, No Iterations 7
smoothSolver:  Solving for Uy, Initial residual = 0.00284173, Final residual = 0.000226331, No Iterations 7
smoothSolver:  Solving for Uz, Initial residual = 0.0024826, Final residual = 0.00019607, No Iterations 7
GAMG:  Solving for p, Initial residual = 0.00137882, Final residual = 5.47564e-06, No Iterations 4
time step continuity errors : sum local = 1.04128e-05, global = -2.12846e-08, cumulative = 3.83015e-05
smoothSolver:  Solving for omega, Initial residual = 2.23128e-05, Final residual = 1.4122e-06, No Iterations 3
smoothSolver:  Solving for k, Initial residual = 0.000239018, Final residual = 1.8928e-05, No Iterations 3
ExecutionTime = 30.37 s  ClockTime = 31 s

forceCoeffs forceCoeffs1 write:
    Cm    = 0.156853
    Cd    = 0.411695
    Cl    = 0.0637477
    Cl(f) = 0.188727
    Cl(r) = -0.124979

Time = 286

smoothSolver:  Solving for Ux, Initial residual = 0.000125572, Final residual = 1.24139e-05, No Iterations 7
smoothSolver:  Solving for Uy, Initial residual = 0.00277024, Final residual = 0.00022107, No Iterations 7
smoothSolver:  Solving for Uz, Initial residual = 0.00242791, Final residual = 0.000190972, No Iterations 7
GAMG:  Solving for p, Initial residual = 0.00135747, Final residual = 5.3751e-06, No Iterations 4
time step continuity errors : sum local = 1.02213e-05, global = 2.5199e-08, cumulative = 3.83267e-05
smoothSolver:  Solving for omega, Initial residual = 2.1956e-05, Final residual = 1.38007e-06, No Iterations 3
smoothSolver:  Solving for k, Initial residual = 0.000233945, Final residual = 1.87435e-05, No Iterations 3
ExecutionTime = 30.46 s  ClockTime = 31 s

forceCoeffs forceCoeffs1 write:
    Cm    = 0.156851
    Cd    = 0.411667
    Cl    = 0.0637319
    Cl(f) = 0.188717
    Cl(r) = -0.124985

Time = 287

smoothSolver:  Solving for Ux, Initial residual = 0.000123224, Final residual = 1.21235e-05, No Iterations 7
smoothSolver:  Solving for Uy, Initial residual = 0.00273191, Final residual = 0.000218774, No Iterations 7
smoothSolver:  Solving for Uz, Initial residual = 0.00238869, Final residual = 0.00018729, No Iterations 7
GAMG:  Solving for p, Initial residual = 0.00133782, Final residual = 5.33108e-06, No Iterations 4
time step continuity errors : sum local = 1.01374e-05, global = 3.07764e-08, cumulative = 3.83575e-05
smoothSolver:  Solving for omega, Initial residual = 2.14221e-05, Final residual = 1.34124e-06, No Iterations 3
smoothSolver:  Solving for k, Initial residual = 0.000228558, Final residual = 1.85897e-05, No Iterations 3
ExecutionTime = 30.57 s  ClockTime = 31 s

forceCoeffs forceCoeffs1 write:
    Cm    = 0.156873
    Cd    = 0.411675
    Cl    = 0.0637447
    Cl(f) = 0.188745
    Cl(r) = -0.125

Time = 288

smoothSolver:  Solving for Ux, Initial residual = 0.000120418, Final residual = 1.18423e-05, No Iterations 7
smoothSolver:  Solving for Uy, Initial residual = 0.00268218, Final residual = 0.000215773, No Iterations 7
smoothSolver:  Solving for Uz, Initial residual = 0.00234349, Final residual = 0.000183954, No Iterations 7
GAMG:  Solving for p, Initial residual = 0.00132021, Final residual = 5.3026e-06, No Iterations 4
time step continuity errors : sum local = 1.00834e-05, global = 1.9543e-08, cumulative = 3.8377e-05
smoothSolver:  Solving for omega, Initial residual = 2.10009e-05, Final residual = 1.32663e-06, No Iterations 3
smoothSolver:  Solving for k, Initial residual = 0.00022382, Final residual = 1.84743e-05, No Iterations 3
ExecutionTime = 30.67 s  ClockTime = 31 s

forceCoeffs forceCoeffs1 write:
    Cm    = 0.1569
    Cd    = 0.411684
    Cl    = 0.06374
    Cl(f) = 0.18877
    Cl(r) = -0.12503

Time = 289

smoothSolver:  Solving for Ux, Initial residual = 0.000118551, Final residual = 1.15626e-05, No Iterations 7
smoothSolver:  Solving for Uy, Initial residual = 0.00265026, Final residual = 0.000214437, No Iterations 7
smoothSolver:  Solving for Uz, Initial residual = 0.00231305, Final residual = 0.000181676, No Iterations 7
GAMG:  Solving for p, Initial residual = 0.00130969, Final residual = 5.24775e-06, No Iterations 4
time step continuity errors : sum local = 9.97897e-06, global = 1.92004e-08, cumulative = 3.83962e-05
smoothSolver:  Solving for omega, Initial residual = 2.08574e-05, Final residual = 1.30783e-06, No Iterations 3
smoothSolver:  Solving for k, Initial residual = 0.000219365, Final residual = 1.83352e-05, No Iterations 3
ExecutionTime = 30.77 s  ClockTime = 31 s

forceCoeffs forceCoeffs1 write:
    Cm    = 0.156942
    Cd    = 0.411737
    Cl    = 0.0637599
    Cl(f) = 0.188822
    Cl(r) = -0.125062

Time = 290

smoothSolver:  Solving for Ux, Initial residual = 0.000116743, Final residual = 1.13252e-05, No Iterations 7
smoothSolver:  Solving for Uy, Initial residual = 0.00262332, Final residual = 0.000212506, No Iterations 7
smoothSolver:  Solving for Uz, Initial residual = 0.00229392, Final residual = 0.000180524, No Iterations 7
GAMG:  Solving for p, Initial residual = 0.00129685, Final residual = 5.222e-06, No Iterations 4
time step continuity errors : sum local = 9.92995e-06, global = 2.08211e-08, cumulative = 3.8417e-05
smoothSolver:  Solving for omega, Initial residual = 2.04964e-05, Final residual = 1.28901e-06, No Iterations 3
smoothSolver:  Solving for k, Initial residual = 0.000215621, Final residual = 1.8235e-05, No Iterations 3
ExecutionTime = 30.87 s  ClockTime = 31 s

forceCoeffs forceCoeffs1 write:
    Cm    = 0.156968
    Cd    = 0.411784
    Cl    = 0.0637311
    Cl(f) = 0.188833
    Cl(r) = -0.125102

Time = 291

smoothSolver:  Solving for Ux, Initial residual = 0.000115413, Final residual = 1.10765e-05, No Iterations 7
smoothSolver:  Solving for Uy, Initial residual = 0.00261583, Final residual = 0.000211216, No Iterations 7
smoothSolver:  Solving for Uz, Initial residual = 0.00227759, Final residual = 0.000179634, No Iterations 7
GAMG:  Solving for p, Initial residual = 0.00128517, Final residual = 5.11162e-06, No Iterations 4
time step continuity errors : sum local = 9.71975e-06, global = 2.30805e-08, cumulative = 3.84401e-05
smoothSolver:  Solving for omega, Initial residual = 2.04191e-05, Final residual = 1.27779e-06, No Iterations 3
smoothSolver:  Solving for k, Initial residual = 0.000213062, Final residual = 1.81499e-05, No Iterations 3
ExecutionTime = 30.97 s  ClockTime = 32 s

forceCoeffs forceCoeffs1 write:
    Cm    = 0.157014
    Cd    = 0.411876
    Cl    = 0.0637609
    Cl(f) = 0.188895
    Cl(r) = -0.125134

Time = 292

smoothSolver:  Solving for Ux, Initial residual = 0.000114015, Final residual = 1.0843e-05, No Iterations 7
smoothSolver:  Solving for Uy, Initial residual = 0.00259708, Final residual = 0.000209394, No Iterations 7
smoothSolver:  Solving for Uz, Initial residual = 0.00226378, Final residual = 0.000179423, No Iterations 7
GAMG:  Solving for p, Initial residual = 0.00127371, Final residual = 5.08547e-06, No Iterations 4
time step continuity errors : sum local = 9.67001e-06, global = 1.72631e-08, cumulative = 3.84574e-05
smoothSolver:  Solving for omega, Initial residual = 2.03747e-05, Final residual = 1.26984e-06, No Iterations 3
smoothSolver:  Solving for k, Initial residual = 0.000210853, Final residual = 1.80956e-05, No Iterations 3
ExecutionTime = 31.08 s  ClockTime = 32 s

forceCoeffs forceCoeffs1 write:
    Cm    = 0.157032
    Cd    = 0.411951
    Cl    = 0.0637507
    Cl(f) = 0.188907
    Cl(r) = -0.125157

Time = 293

smoothSolver:  Solving for Ux, Initial residual = 0.000112488, Final residual = 1.05642e-05, No Iterations 7
smoothSolver:  Solving for Uy, Initial residual = 0.00258168, Final residual = 0.000207863, No Iterations 7
smoothSolver:  Solving for Uz, Initial residual = 0.00225131, Final residual = 0.00017835, No Iterations 7
GAMG:  Solving for p, Initial residual = 0.00126198, Final residual = 5.00656e-06, No Iterations 4
time step continuity errors : sum local = 9.51949e-06, global = 2.24219e-08, cumulative = 3.84798e-05
smoothSolver:  Solving for omega, Initial residual = 2.01737e-05, Final residual = 1.26532e-06, No Iterations 3
smoothSolver:  Solving for k, Initial residual = 0.000208608, Final residual = 1.80277e-05, No Iterations 3
ExecutionTime = 31.18 s  ClockTime = 32 s

forceCoeffs forceCoeffs1 write:
    Cm    = 0.157067
    Cd    = 0.412067
    Cl    = 0.0637946
    Cl(f) = 0.188965
    Cl(r) = -0.12517

Time = 294

smoothSolver:  Solving for Ux, Initial residual = 0.000110905, Final residual = 1.03059e-05, No Iterations 7
smoothSolver:  Solving for Uy, Initial residual = 0.00256026, Final residual = 0.000205476, No Iterations 7
smoothSolver:  Solving for Uz, Initial residual = 0.00223183, Final residual = 0.000176688, No Iterations 7
GAMG:  Solving for p, Initial residual = 0.00125384, Final residual = 4.9641e-06, No Iterations 4
time step continuity errors : sum local = 9.43816e-06, global = 2.69484e-08, cumulative = 3.85067e-05
smoothSolver:  Solving for omega, Initial residual = 2.00005e-05, Final residual = 1.26565e-06, No Iterations 3
smoothSolver:  Solving for k, Initial residual = 0.000206537, Final residual = 1.79708e-05, No Iterations 3
ExecutionTime = 31.29 s  ClockTime = 32 s

forceCoeffs forceCoeffs1 write:
    Cm    = 0.157066
    Cd    = 0.412126
    Cl    = 0.0638135
    Cl(f) = 0.188972
    Cl(r) = -0.125159

Time = 295

smoothSolver:  Solving for Ux, Initial residual = 0.000109276, Final residual = 1.01325e-05, No Iterations 7
smoothSolver:  Solving for Uy, Initial residual = 0.00254667, Final residual = 0.000204032, No Iterations 7
smoothSolver:  Solving for Uz, Initial residual = 0.00221095, Final residual = 0.00017406, No Iterations 7
GAMG:  Solving for p, Initial residual = 0.00124895, Final residual = 4.9011e-06, No Iterations 4
time step continuity errors : sum local = 9.31701e-06, global = 2.41089e-08, cumulative = 3.85308e-05
smoothSolver:  Solving for omega, Initial residual = 2.01398e-05, Final residual = 1.26437e-06, No Iterations 3
smoothSolver:  Solving for k, Initial residual = 0.00020492, Final residual = 1.79058e-05, No Iterations 3
ExecutionTime = 31.38 s  ClockTime = 32 s

forceCoeffs forceCoeffs1 write:
    Cm    = 0.15709
    Cd    = 0.412252
    Cl    = 0.063877
    Cl(f) = 0.189029
    Cl(r) = -0.125152

Time = 296

smoothSolver:  Solving for Ux, Initial residual = 0.000107724, Final residual = 1.00576e-05, No Iterations 7
smoothSolver:  Solving for Uy, Initial residual = 0.00252914, Final residual = 0.000202978, No Iterations 7
smoothSolver:  Solving for Uz, Initial residual = 0.00218899, Final residual = 0.000171042, No Iterations 7
GAMG:  Solving for p, Initial residual = 0.00124456, Final residual = 4.89745e-06, No Iterations 4
time step continuity errors : sum local = 9.30902e-06, global = 3.08287e-08, cumulative = 3.85617e-05
smoothSolver:  Solving for omega, Initial residual = 2.02302e-05, Final residual = 1.26901e-06, No Iterations 3
smoothSolver:  Solving for k, Initial residual = 0.000203866, Final residual = 1.78521e-05, No Iterations 3
ExecutionTime = 31.49 s  ClockTime = 32 s

forceCoeffs forceCoeffs1 write:
    Cm    = 0.157056
    Cd    = 0.412327
    Cl    = 0.0638561
    Cl(f) = 0.188984
    Cl(r) = -0.125128

Time = 297

smoothSolver:  Solving for Ux, Initial residual = 0.000107013, Final residual = 1.0061e-05, No Iterations 7
smoothSolver:  Solving for Uy, Initial residual = 0.00251687, Final residual = 0.000201135, No Iterations 7
smoothSolver:  Solving for Uz, Initial residual = 0.00216762, Final residual = 0.000167385, No Iterations 7
GAMG:  Solving for p, Initial residual = 0.00123544, Final residual = 4.92396e-06, No Iterations 4
time step continuity errors : sum local = 9.35789e-06, global = 4.15275e-08, cumulative = 3.86032e-05
smoothSolver:  Solving for omega, Initial residual = 2.03164e-05, Final residual = 1.2728e-06, No Iterations 3
smoothSolver:  Solving for k, Initial residual = 0.000203437, Final residual = 1.78077e-05, No Iterations 3
ExecutionTime = 31.59 s  ClockTime = 32 s

forceCoeffs forceCoeffs1 write:
    Cm    = 0.157033
    Cd    = 0.412453
    Cl    = 0.0638601
    Cl(f) = 0.188963
    Cl(r) = -0.125103

Time = 298

smoothSolver:  Solving for Ux, Initial residual = 0.000105956, Final residual = 9.99617e-06, No Iterations 7
smoothSolver:  Solving for Uy, Initial residual = 0.00248897, Final residual = 0.000198912, No Iterations 7
smoothSolver:  Solving for Uz, Initial residual = 0.00213831, Final residual = 0.000163752, No Iterations 7
GAMG:  Solving for p, Initial residual = 0.00122471, Final residual = 4.95444e-06, No Iterations 4
time step continuity errors : sum local = 9.415e-06, global = 5.01736e-08, cumulative = 3.86534e-05
smoothSolver:  Solving for omega, Initial residual = 2.01996e-05, Final residual = 1.27587e-06, No Iterations 3
smoothSolver:  Solving for k, Initial residual = 0.000203487, Final residual = 1.77783e-05, No Iterations 3
ExecutionTime = 31.69 s  ClockTime = 32 s

forceCoeffs forceCoeffs1 write:
    Cm    = 0.156946
    Cd    = 0.412479
    Cl    = 0.0638427
    Cl(f) = 0.188868
    Cl(r) = -0.125025

Time = 299

smoothSolver:  Solving for Ux, Initial residual = 0.000105527, Final residual = 9.93241e-06, No Iterations 7
smoothSolver:  Solving for Uy, Initial residual = 0.00246663, Final residual = 0.000195398, No Iterations 7
smoothSolver:  Solving for Uz, Initial residual = 0.00210786, Final residual = 0.000159686, No Iterations 7
GAMG:  Solving for p, Initial residual = 0.00121318, Final residual = 4.91434e-06, No Iterations 4
time step continuity errors : sum local = 9.33771e-06, global = 6.43721e-08, cumulative = 3.87177e-05
smoothSolver:  Solving for omega, Initial residual = 2.02449e-05, Final residual = 1.27393e-06, No Iterations 3
smoothSolver:  Solving for k, Initial residual = 0.000203705, Final residual = 1.77353e-05, No Iterations 3
ExecutionTime = 31.79 s  ClockTime = 32 s

forceCoeffs forceCoeffs1 write:
    Cm    = 0.156887
    Cd    = 0.41258
    Cl    = 0.0638783
    Cl(f) = 0.188826
    Cl(r) = -0.124948

Time = 300

smoothSolver:  Solving for Ux, Initial residual = 0.000104288, Final residual = 9.82307e-06, No Iterations 7
smoothSolver:  Solving for Uy, Initial residual = 0.00243418, Final residual = 0.000192088, No Iterations 7
smoothSolver:  Solving for Uz, Initial residual = 0.00207828, Final residual = 0.0001556, No Iterations 7
GAMG:  Solving for p, Initial residual = 0.00120444, Final residual = 4.87322e-06, No Iterations 4
time step continuity errors : sum local = 9.25896e-06, global = 8.14969e-08, cumulative = 3.87992e-05
smoothSolver:  Solving for omega, Initial residual = 2.01519e-05, Final residual = 1.27386e-06, No Iterations 3
smoothSolver:  Solving for k, Initial residual = 0.000203937, Final residual = 1.7677e-05, No Iterations 3
ExecutionTime = 31.91 s  ClockTime = 33 s

streamLine streamLines write:
    seeded 20 particles
    Tracks:20
    Total samples:20753
    Writing data to "/mnt/aiongpfs/users/mghavami/motorBike-RUN-06/postProcessing/sets/streamLines/300"
forceCoeffs forceCoeffs1 write:
    Cm    = 0.156755
    Cd    = 0.41256
    Cl    = 0.0638753
    Cl(f) = 0.188693
    Cl(r) = -0.124817

Time = 301

smoothSolver:  Solving for Ux, Initial residual = 0.000103714, Final residual = 9.76509e-06, No Iterations 7
smoothSolver:  Solving for Uy, Initial residual = 0.00241359, Final residual = 0.000188492, No Iterations 7
smoothSolver:  Solving for Uz, Initial residual = 0.00205245, Final residual = 0.000152977, No Iterations 7
GAMG:  Solving for p, Initial residual = 0.00119564, Final residual = 4.84816e-06, No Iterations 4
time step continuity errors : sum local = 9.21039e-06, global = 1.02126e-07, cumulative = 3.89014e-05
smoothSolver:  Solving for omega, Initial residual = 2.02175e-05, Final residual = 1.27208e-06, No Iterations 3
smoothSolver:  Solving for k, Initial residual = 0.00020402, Final residual = 1.75859e-05, No Iterations 3
ExecutionTime = 32.31 s  ClockTime = 33 s

forceCoeffs forceCoeffs1 write:
    Cm    = 0.156668
    Cd    = 0.41262
    Cl    = 0.0639332
    Cl(f) = 0.188635
    Cl(r) = -0.124701

Time = 302

smoothSolver:  Solving for Ux, Initial residual = 0.000102934, Final residual = 9.7301e-06, No Iterations 7
smoothSolver:  Solving for Uy, Initial residual = 0.0023877, Final residual = 0.000185809, No Iterations 7
smoothSolver:  Solving for Uz, Initial residual = 0.00203588, Final residual = 0.00015151, No Iterations 7
GAMG:  Solving for p, Initial residual = 0.00118841, Final residual = 4.82441e-06, No Iterations 4
time step continuity errors : sum local = 9.16465e-06, global = 1.30587e-07, cumulative = 3.9032e-05
smoothSolver:  Solving for omega, Initial residual = 2.02912e-05, Final residual = 1.27011e-06, No Iterations 3
smoothSolver:  Solving for k, Initial residual = 0.000204081, Final residual = 1.74784e-05, No Iterations 3
ExecutionTime = 32.4 s  ClockTime = 33 s

forceCoeffs forceCoeffs1 write:
    Cm    = 0.15654
    Cd    = 0.412629
    Cl    = 0.063905
    Cl(f) = 0.188493
    Cl(r) = -0.124588

Time = 303

smoothSolver:  Solving for Ux, Initial residual = 0.000102569, Final residual = 9.7435e-06, No Iterations 7
smoothSolver:  Solving for Uy, Initial residual = 0.00236185, Final residual = 0.000181942, No Iterations 7
smoothSolver:  Solving for Uz, Initial residual = 0.00202726, Final residual = 0.000151104, No Iterations 7
GAMG:  Solving for p, Initial residual = 0.00117664, Final residual = 4.8094e-06, No Iterations 4
time step continuity errors : sum local = 9.13522e-06, global = 1.43488e-07, cumulative = 3.91754e-05
smoothSolver:  Solving for omega, Initial residual = 2.00917e-05, Final residual = 1.26474e-06, No Iterations 3
smoothSolver:  Solving for k, Initial residual = 0.000203529, Final residual = 1.73538e-05, No Iterations 3
ExecutionTime = 32.5 s  ClockTime = 33 s

forceCoeffs forceCoeffs1 write:
    Cm    = 0.156447
    Cd    = 0.4127
    Cl    = 0.0639107
    Cl(f) = 0.188403
    Cl(r) = -0.124492

Time = 304

smoothSolver:  Solving for Ux, Initial residual = 0.000101997, Final residual = 9.76652e-06, No Iterations 7
smoothSolver:  Solving for Uy, Initial residual = 0.00233563, Final residual = 0.000179214, No Iterations 7
smoothSolver:  Solving for Uz, Initial residual = 0.0020154, Final residual = 0.000150991, No Iterations 7
GAMG:  Solving for p, Initial residual = 0.00116627, Final residual = 4.7291e-06, No Iterations 4
time step continuity errors : sum local = 8.98219e-06, global = 1.46518e-07, cumulative = 3.9322e-05
smoothSolver:  Solving for omega, Initial residual = 1.98545e-05, Final residual = 1.25119e-06, No Iterations 3
smoothSolver:  Solving for k, Initial residual = 0.000202759, Final residual = 1.72318e-05, No Iterations 3
ExecutionTime = 32.61 s  ClockTime = 33 s

forceCoeffs forceCoeffs1 write:
    Cm    = 0.156319
    Cd    = 0.412696
    Cl    = 0.06386
    Cl(f) = 0.188249
    Cl(r) = -0.124389

Time = 305

smoothSolver:  Solving for Ux, Initial residual = 0.000101966, Final residual = 9.87217e-06, No Iterations 7
smoothSolver:  Solving for Uy, Initial residual = 0.00231051, Final residual = 0.000176364, No Iterations 7
smoothSolver:  Solving for Uz, Initial residual = 0.0020071, Final residual = 0.00015119, No Iterations 7
GAMG:  Solving for p, Initial residual = 0.00115338, Final residual = 4.62e-06, No Iterations 4
time step continuity errors : sum local = 8.77388e-06, global = 1.10894e-07, cumulative = 3.94329e-05
smoothSolver:  Solving for omega, Initial residual = 1.96859e-05, Final residual = 1.23893e-06, No Iterations 3
smoothSolver:  Solving for k, Initial residual = 0.000201949, Final residual = 1.71466e-05, No Iterations 3
ExecutionTime = 32.71 s  ClockTime = 33 s

forceCoeffs forceCoeffs1 write:
    Cm    = 0.156273
    Cd    = 0.412797
    Cl    = 0.0638712
    Cl(f) = 0.188209
    Cl(r) = -0.124338

Time = 306

smoothSolver:  Solving for Ux, Initial residual = 0.000101724, Final residual = 9.97479e-06, No Iterations 7
smoothSolver:  Solving for Uy, Initial residual = 0.0022795, Final residual = 0.000174273, No Iterations 7
smoothSolver:  Solving for Uz, Initial residual = 0.0020015, Final residual = 0.000151397, No Iterations 7
GAMG:  Solving for p, Initial residual = 0.0011426, Final residual = 4.57516e-06, No Iterations 4
time step continuity errors : sum local = 8.68778e-06, global = 9.34579e-08, cumulative = 3.95263e-05
smoothSolver:  Solving for omega, Initial residual = 1.95111e-05, Final residual = 1.23082e-06, No Iterations 3
smoothSolver:  Solving for k, Initial residual = 0.00020117, Final residual = 1.7102e-05, No Iterations 3
ExecutionTime = 32.81 s  ClockTime = 33 s

forceCoeffs forceCoeffs1 write:
    Cm    = 0.156212
    Cd    = 0.412859
    Cl    = 0.0638055
    Cl(f) = 0.188115
    Cl(r) = -0.124309

Time = 307

smoothSolver:  Solving for Ux, Initial residual = 0.000102443, Final residual = 1.01657e-05, No Iterations 7
smoothSolver:  Solving for Uy, Initial residual = 0.00226537, Final residual = 0.000174047, No Iterations 7
smoothSolver:  Solving for Uz, Initial residual = 0.00200542, Final residual = 0.000153232, No Iterations 7
GAMG:  Solving for p, Initial residual = 0.00113288, Final residual = 4.52539e-06, No Iterations 4
time step continuity errors : sum local = 8.59218e-06, global = 6.69294e-08, cumulative = 3.95932e-05
smoothSolver:  Solving for omega, Initial residual = 1.95905e-05, Final residual = 1.23392e-06, No Iterations 3
smoothSolver:  Solving for k, Initial residual = 0.000200304, Final residual = 1.7067e-05, No Iterations 3
ExecutionTime = 32.91 s  ClockTime = 34 s

forceCoeffs forceCoeffs1 write:
    Cm    = 0.156198
    Cd    = 0.413013
    Cl    = 0.0637674
    Cl(f) = 0.188082
    Cl(r) = -0.124315

Time = 308

smoothSolver:  Solving for Ux, Initial residual = 0.000102801, Final residual = 7.88657e-06, No Iterations 8
smoothSolver:  Solving for Uy, Initial residual = 0.00225027, Final residual = 0.000174022, No Iterations 7
smoothSolver:  Solving for Uz, Initial residual = 0.00199598, Final residual = 0.00015357, No Iterations 7
GAMG:  Solving for p, Initial residual = 0.00112457, Final residual = 4.49023e-06, No Iterations 4
time step continuity errors : sum local = 8.52471e-06, global = 6.08878e-08, cumulative = 3.96541e-05
smoothSolver:  Solving for omega, Initial residual = 1.96092e-05, Final residual = 1.23241e-06, No Iterations 3
smoothSolver:  Solving for k, Initial residual = 0.000200226, Final residual = 1.70686e-05, No Iterations 3
ExecutionTime = 33.01 s  ClockTime = 34 s

forceCoeffs forceCoeffs1 write:
    Cm    = 0.156153
    Cd    = 0.413109
    Cl    = 0.063653
    Cl(f) = 0.187979
    Cl(r) = -0.124326

Time = 309

smoothSolver:  Solving for Ux, Initial residual = 0.000103084, Final residual = 8.00756e-06, No Iterations 8
smoothSolver:  Solving for Uy, Initial residual = 0.00224724, Final residual = 0.000175389, No Iterations 7
smoothSolver:  Solving for Uz, Initial residual = 0.00198765, Final residual = 0.000154525, No Iterations 7
GAMG:  Solving for p, Initial residual = 0.00111561, Final residual = 4.44399e-06, No Iterations 4
time step continuity errors : sum local = 8.43641e-06, global = 4.54972e-08, cumulative = 3.96996e-05
smoothSolver:  Solving for omega, Initial residual = 1.94981e-05, Final residual = 1.22665e-06, No Iterations 3
smoothSolver:  Solving for k, Initial residual = 0.000200004, Final residual = 1.71021e-05, No Iterations 3
ExecutionTime = 33.12 s  ClockTime = 34 s

forceCoeffs forceCoeffs1 write:
    Cm    = 0.15616
    Cd    = 0.41327
    Cl    = 0.0636041
    Cl(f) = 0.187962
    Cl(r) = -0.124358

Time = 310

smoothSolver:  Solving for Ux, Initial residual = 0.000102752, Final residual = 8.08807e-06, No Iterations 8
smoothSolver:  Solving for Uy, Initial residual = 0.00222949, Final residual = 0.000174341, No Iterations 7
smoothSolver:  Solving for Uz, Initial residual = 0.00196494, Final residual = 0.000152667, No Iterations 7
GAMG:  Solving for p, Initial residual = 0.00110941, Final residual = 4.40218e-06, No Iterations 4
time step continuity errors : sum local = 8.3573e-06, global = 7.06266e-08, cumulative = 3.97702e-05
smoothSolver:  Solving for omega, Initial residual = 1.9417e-05, Final residual = 1.21859e-06, No Iterations 3
smoothSolver:  Solving for k, Initial residual = 0.000200272, Final residual = 1.71395e-05, No Iterations 3
ExecutionTime = 33.22 s  ClockTime = 34 s

forceCoeffs forceCoeffs1 write:
    Cm    = 0.156107
    Cd    = 0.413319
    Cl    = 0.0635066
    Cl(f) = 0.18786
    Cl(r) = -0.124353

Time = 311

smoothSolver:  Solving for Ux, Initial residual = 0.000102888, Final residual = 8.17662e-06, No Iterations 8
smoothSolver:  Solving for Uy, Initial residual = 0.00221225, Final residual = 0.000173567, No Iterations 7
smoothSolver:  Solving for Uz, Initial residual = 0.00195161, Final residual = 0.000152184, No Iterations 7
GAMG:  Solving for p, Initial residual = 0.00110177, Final residual = 4.32593e-06, No Iterations 4
time step continuity errors : sum local = 8.21305e-06, global = 8.12207e-08, cumulative = 3.98515e-05
smoothSolver:  Solving for omega, Initial residual = 1.94e-05, Final residual = 1.22354e-06, No Iterations 3
smoothSolver:  Solving for k, Initial residual = 0.000200789, Final residual = 1.71681e-05, No Iterations 3
ExecutionTime = 33.33 s  ClockTime = 34 s

forceCoeffs forceCoeffs1 write:
    Cm    = 0.156085
    Cd    = 0.413408
    Cl    = 0.063485
    Cl(f) = 0.187827
    Cl(r) = -0.124342

Time = 312

smoothSolver:  Solving for Ux, Initial residual = 0.000102227, Final residual = 8.16599e-06, No Iterations 8
smoothSolver:  Solving for Uy, Initial residual = 0.00218608, Final residual = 0.000171242, No Iterations 7
smoothSolver:  Solving for Uz, Initial residual = 0.00192292, Final residual = 0.000150301, No Iterations 7
GAMG:  Solving for p, Initial residual = 0.00110098, Final residual = 4.30277e-06, No Iterations 4
time step continuity errors : sum local = 8.17015e-06, global = 1.34958e-07, cumulative = 3.99864e-05
smoothSolver:  Solving for omega, Initial residual = 1.92539e-05, Final residual = 1.22476e-06, No Iterations 3
smoothSolver:  Solving for k, Initial residual = 0.000201382, Final residual = 1.71937e-05, No Iterations 3
ExecutionTime = 33.42 s  ClockTime = 34 s

forceCoeffs forceCoeffs1 write:
    Cm    = 0.156039
    Cd    = 0.413409
    Cl    = 0.0634411
    Cl(f) = 0.187759
    Cl(r) = -0.124318

Time = 313

smoothSolver:  Solving for Ux, Initial residual = 0.000102221, Final residual = 8.14391e-06, No Iterations 8
smoothSolver:  Solving for Uy, Initial residual = 0.00216807, Final residual = 0.000169704, No Iterations 7
smoothSolver:  Solving for Uz, Initial residual = 0.0019073, Final residual = 0.000148792, No Iterations 7
GAMG:  Solving for p, Initial residual = 0.00109444, Final residual = 4.24051e-06, No Iterations 4
time step continuity errors : sum local = 8.05294e-06, global = 1.58961e-07, cumulative = 4.01454e-05
smoothSolver:  Solving for omega, Initial residual = 1.91109e-05, Final residual = 1.21412e-06, No Iterations 3
smoothSolver:  Solving for k, Initial residual = 0.000201685, Final residual = 1.72025e-05, No Iterations 3
ExecutionTime = 33.53 s  ClockTime = 34 s

forceCoeffs forceCoeffs1 write:
    Cm    = 0.155991
    Cd    = 0.413459
    Cl    = 0.0633913
    Cl(f) = 0.187686
    Cl(r) = -0.124295

Time = 314

smoothSolver:  Solving for Ux, Initial residual = 0.000101373, Final residual = 8.03629e-06, No Iterations 8
smoothSolver:  Solving for Uy, Initial residual = 0.00213966, Final residual = 0.000166559, No Iterations 7
smoothSolver:  Solving for Uz, Initial residual = 0.00188338, Final residual = 0.000146533, No Iterations 7
GAMG:  Solving for p, Initial residual = 0.00109132, Final residual = 4.05947e-06, No Iterations 4
time step continuity errors : sum local = 7.71072e-06, global = 1.83529e-07, cumulative = 4.03289e-05
smoothSolver:  Solving for omega, Initial residual = 1.90754e-05, Final residual = 1.21434e-06, No Iterations 3
smoothSolver:  Solving for k, Initial residual = 0.00020185, Final residual = 1.71872e-05, No Iterations 3
ExecutionTime = 33.63 s  ClockTime = 34 s

forceCoeffs forceCoeffs1 write:
    Cm    = 0.155911
    Cd    = 0.413379
    Cl    = 0.0633448
    Cl(f) = 0.187584
    Cl(r) = -0.124239

Time = 315

smoothSolver:  Solving for Ux, Initial residual = 0.000100373, Final residual = 7.82919e-06, No Iterations 8
smoothSolver:  Solving for Uy, Initial residual = 0.00211987, Final residual = 0.000162968, No Iterations 7
smoothSolver:  Solving for Uz, Initial residual = 0.00186416, Final residual = 0.000143029, No Iterations 7
GAMG:  Solving for p, Initial residual = 0.00108663, Final residual = 1.05241e-05, No Iterations 3
time step continuity errors : sum local = 1.99933e-05, global = 4.11774e-07, cumulative = 4.07407e-05
smoothSolver:  Solving for omega, Initial residual = 1.89554e-05, Final residual = 1.20347e-06, No Iterations 3
smoothSolver:  Solving for k, Initial residual = 0.000201405, Final residual = 1.71247e-05, No Iterations 3
ExecutionTime = 33.73 s  ClockTime = 34 s

forceCoeffs forceCoeffs1 write:
    Cm    = 0.155876
    Cd    = 0.413376
    Cl    = 0.0633353
    Cl(f) = 0.187544
    Cl(r) = -0.124209

Time = 316

smoothSolver:  Solving for Ux, Initial residual = 9.84406e-05, Final residual = 7.5829e-06, No Iterations 8
smoothSolver:  Solving for Uy, Initial residual = 0.00206642, Final residual = 0.000156204, No Iterations 7
smoothSolver:  Solving for Uz, Initial residual = 0.00181256, Final residual = 0.000137808, No Iterations 7
GAMG:  Solving for p, Initial residual = 0.00108438, Final residual = 1.05875e-05, No Iterations 3
time step continuity errors : sum local = 2.01174e-05, global = 5.08224e-07, cumulative = 4.12489e-05
smoothSolver:  Solving for omega, Initial residual = 1.88987e-05, Final residual = 1.1981e-06, No Iterations 3
smoothSolver:  Solving for k, Initial residual = 0.000200289, Final residual = 1.70403e-05, No Iterations 3
ExecutionTime = 33.83 s  ClockTime = 35 s

forceCoeffs forceCoeffs1 write:
    Cm    = 0.155806
    Cd    = 0.413278
    Cl    = 0.0632957
    Cl(f) = 0.187454
    Cl(r) = -0.124158

Time = 317

smoothSolver:  Solving for Ux, Initial residual = 9.71586e-05, Final residual = 9.65932e-06, No Iterations 7
smoothSolver:  Solving for Uy, Initial residual = 0.00204451, Final residual = 0.000152749, No Iterations 7
smoothSolver:  Solving for Uz, Initial residual = 0.00179591, Final residual = 0.000134739, No Iterations 7
GAMG:  Solving for p, Initial residual = 0.00108427, Final residual = 1.03397e-05, No Iterations 3
time step continuity errors : sum local = 1.96496e-05, global = 4.89989e-07, cumulative = 4.17389e-05
smoothSolver:  Solving for omega, Initial residual = 1.89744e-05, Final residual = 1.19367e-06, No Iterations 3
smoothSolver:  Solving for k, Initial residual = 0.00019802, Final residual = 1.68973e-05, No Iterations 3
ExecutionTime = 33.93 s  ClockTime = 35 s

forceCoeffs forceCoeffs1 write:
    Cm    = 0.155798
    Cd    = 0.413249
    Cl    = 0.0633072
    Cl(f) = 0.187451
    Cl(r) = -0.124144

Time = 318

smoothSolver:  Solving for Ux, Initial residual = 9.55771e-05, Final residual = 9.39056e-06, No Iterations 7
smoothSolver:  Solving for Uy, Initial residual = 0.00201889, Final residual = 0.000149079, No Iterations 7
smoothSolver:  Solving for Uz, Initial residual = 0.00177211, Final residual = 0.000177184, No Iterations 6
GAMG:  Solving for p, Initial residual = 0.00108215, Final residual = 1.00504e-05, No Iterations 3
time step continuity errors : sum local = 1.91036e-05, global = 4.63774e-07, cumulative = 4.22027e-05
smoothSolver:  Solving for omega, Initial residual = 1.87046e-05, Final residual = 1.17936e-06, No Iterations 3
smoothSolver:  Solving for k, Initial residual = 0.000195419, Final residual = 1.67305e-05, No Iterations 3
ExecutionTime = 34.03 s  ClockTime = 35 s

forceCoeffs forceCoeffs1 write:
    Cm    = 0.155758
    Cd    = 0.413151
    Cl    = 0.0632568
    Cl(f) = 0.187386
    Cl(r) = -0.124129

Time = 319

smoothSolver:  Solving for Ux, Initial residual = 9.4384e-05, Final residual = 9.1018e-06, No Iterations 7
smoothSolver:  Solving for Uy, Initial residual = 0.00199568, Final residual = 0.000197364, No Iterations 6
smoothSolver:  Solving for Uz, Initial residual = 0.00175638, Final residual = 0.000174276, No Iterations 6
GAMG:  Solving for p, Initial residual = 0.00107753, Final residual = 9.86297e-06, No Iterations 3
time step continuity errors : sum local = 1.87499e-05, global = 3.70819e-07, cumulative = 4.25735e-05
smoothSolver:  Solving for omega, Initial residual = 1.85288e-05, Final residual = 1.17288e-06, No Iterations 3
smoothSolver:  Solving for k, Initial residual = 0.00019236, Final residual = 1.6547e-05, No Iterations 3
ExecutionTime = 34.13 s  ClockTime = 35 s

forceCoeffs forceCoeffs1 write:
    Cm    = 0.155777
    Cd    = 0.413134
    Cl    = 0.0632607
    Cl(f) = 0.187407
    Cl(r) = -0.124147

Time = 320

smoothSolver:  Solving for Ux, Initial residual = 9.2131e-05, Final residual = 8.81491e-06, No Iterations 7
smoothSolver:  Solving for Uy, Initial residual = 0.00196942, Final residual = 0.000192702, No Iterations 6
smoothSolver:  Solving for Uz, Initial residual = 0.00173351, Final residual = 0.000170249, No Iterations 6
GAMG:  Solving for p, Initial residual = 0.00107459, Final residual = 9.8737e-06, No Iterations 3
time step continuity errors : sum local = 1.87727e-05, global = 2.88979e-07, cumulative = 4.28625e-05
smoothSolver:  Solving for omega, Initial residual = 1.84724e-05, Final residual = 1.16203e-06, No Iterations 3
smoothSolver:  Solving for k, Initial residual = 0.000188997, Final residual = 1.63502e-05, No Iterations 3
ExecutionTime = 34.22 s  ClockTime = 35 s

forceCoeffs forceCoeffs1 write:
    Cm    = 0.155771
    Cd    = 0.413065
    Cl    = 0.0631695
    Cl(f) = 0.187355
    Cl(r) = -0.124186

Time = 321

smoothSolver:  Solving for Ux, Initial residual = 9.0699e-05, Final residual = 8.56492e-06, No Iterations 7
smoothSolver:  Solving for Uy, Initial residual = 0.00196547, Final residual = 0.000190402, No Iterations 6
smoothSolver:  Solving for Uz, Initial residual = 0.00172267, Final residual = 0.000167247, No Iterations 6
GAMG:  Solving for p, Initial residual = 0.00107128, Final residual = 9.75092e-06, No Iterations 3
time step continuity errors : sum local = 1.85416e-05, global = 2.27228e-07, cumulative = 4.30897e-05
smoothSolver:  Solving for omega, Initial residual = 1.84296e-05, Final residual = 1.15471e-06, No Iterations 3
smoothSolver:  Solving for k, Initial residual = 0.000185748, Final residual = 1.61508e-05, No Iterations 3
ExecutionTime = 34.33 s  ClockTime = 35 s

forceCoeffs forceCoeffs1 write:
    Cm    = 0.155805
    Cd    = 0.413082
    Cl    = 0.063103
    Cl(f) = 0.187356
    Cl(r) = -0.124253

Time = 322

smoothSolver:  Solving for Ux, Initial residual = 8.89635e-05, Final residual = 8.32368e-06, No Iterations 7
smoothSolver:  Solving for Uy, Initial residual = 0.00194899, Final residual = 0.000187586, No Iterations 6
smoothSolver:  Solving for Uz, Initial residual = 0.00170359, Final residual = 0.000163524, No Iterations 6
GAMG:  Solving for p, Initial residual = 0.00106957, Final residual = 9.77318e-06, No Iterations 3
time step continuity errors : sum local = 1.85869e-05, global = 1.91157e-07, cumulative = 4.32809e-05
smoothSolver:  Solving for omega, Initial residual = 1.8267e-05, Final residual = 1.14168e-06, No Iterations 3
smoothSolver:  Solving for k, Initial residual = 0.000182524, Final residual = 1.59432e-05, No Iterations 3
ExecutionTime = 34.42 s  ClockTime = 35 s

forceCoeffs forceCoeffs1 write:
    Cm    = 0.155808
    Cd    = 0.413023
    Cl    = 0.0630138
    Cl(f) = 0.187315
    Cl(r) = -0.124301

Time = 323

smoothSolver:  Solving for Ux, Initial residual = 8.74944e-05, Final residual = 8.07356e-06, No Iterations 7
smoothSolver:  Solving for Uy, Initial residual = 0.00194179, Final residual = 0.000186454, No Iterations 6
smoothSolver:  Solving for Uz, Initial residual = 0.00168895, Final residual = 0.000159452, No Iterations 6
GAMG:  Solving for p, Initial residual = 0.00106528, Final residual = 9.85579e-06, No Iterations 3
time step continuity errors : sum local = 1.87466e-05, global = 1.57561e-07, cumulative = 4.34384e-05
smoothSolver:  Solving for omega, Initial residual = 1.82557e-05, Final residual = 1.13017e-06, No Iterations 3
smoothSolver:  Solving for k, Initial residual = 0.000179515, Final residual = 1.57395e-05, No Iterations 3
ExecutionTime = 34.52 s  ClockTime = 35 s

forceCoeffs forceCoeffs1 write:
    Cm    = 0.155874
    Cd    = 0.413061
    Cl    = 0.0629826
    Cl(f) = 0.187365
    Cl(r) = -0.124383

Time = 324

smoothSolver:  Solving for Ux, Initial residual = 8.59799e-05, Final residual = 7.85405e-06, No Iterations 7
smoothSolver:  Solving for Uy, Initial residual = 0.00193517, Final residual = 0.000184295, No Iterations 6
smoothSolver:  Solving for Uz, Initial residual = 0.00166827, Final residual = 0.000155505, No Iterations 6
GAMG:  Solving for p, Initial residual = 0.0010603, Final residual = 1.00798e-05, No Iterations 3
time step continuity errors : sum local = 1.91754e-05, global = 1.42142e-07, cumulative = 4.35806e-05
smoothSolver:  Solving for omega, Initial residual = 1.81636e-05, Final residual = 1.10752e-06, No Iterations 3
smoothSolver:  Solving for k, Initial residual = 0.00017712, Final residual = 1.55337e-05, No Iterations 3
ExecutionTime = 34.62 s  ClockTime = 35 s

forceCoeffs forceCoeffs1 write:
    Cm    = 0.155889
    Cd    = 0.413033
    Cl    = 0.0628828
    Cl(f) = 0.187331
    Cl(r) = -0.124448

Time = 325

smoothSolver:  Solving for Ux, Initial residual = 8.52418e-05, Final residual = 7.68554e-06, No Iterations 7
smoothSolver:  Solving for Uy, Initial residual = 0.001941, Final residual = 0.000185059, No Iterations 6
smoothSolver:  Solving for Uz, Initial residual = 0.00165907, Final residual = 0.000152071, No Iterations 6
GAMG:  Solving for p, Initial residual = 0.00105598, Final residual = 1.02227e-05, No Iterations 3
time step continuity errors : sum local = 1.94503e-05, global = 1.16389e-07, cumulative = 4.3697e-05
smoothSolver:  Solving for omega, Initial residual = 1.81799e-05, Final residual = 1.10334e-06, No Iterations 3
smoothSolver:  Solving for k, Initial residual = 0.00017497, Final residual = 1.53368e-05, No Iterations 3
ExecutionTime = 34.72 s  ClockTime = 35 s

forceCoeffs forceCoeffs1 write:
    Cm    = 0.155926
    Cd    = 0.413046
    Cl    = 0.0628544
    Cl(f) = 0.187353
    Cl(r) = -0.124499

Time = 326

smoothSolver:  Solving for Ux, Initial residual = 8.42608e-05, Final residual = 7.5675e-06, No Iterations 7
smoothSolver:  Solving for Uy, Initial residual = 0.00194495, Final residual = 0.000184904, No Iterations 6
smoothSolver:  Solving for Uz, Initial residual = 0.00165077, Final residual = 0.000150557, No Iterations 6
GAMG:  Solving for p, Initial residual = 0.00105283, Final residual = 1.03345e-05, No Iterations 3
time step continuity errors : sum local = 1.96666e-05, global = 1.21467e-07, cumulative = 4.38184e-05
smoothSolver:  Solving for omega, Initial residual = 1.81307e-05, Final residual = 1.09821e-06, No Iterations 3
smoothSolver:  Solving for k, Initial residual = 0.000172952, Final residual = 1.51403e-05, No Iterations 3
ExecutionTime = 34.82 s  ClockTime = 36 s

forceCoeffs forceCoeffs1 write:
    Cm    = 0.155926
    Cd    = 0.412995
    Cl    = 0.0627839
    Cl(f) = 0.187318
    Cl(r) = -0.124535

Time = 327

smoothSolver:  Solving for Ux, Initial residual = 8.47086e-05, Final residual = 7.59559e-06, No Iterations 7
smoothSolver:  Solving for Uy, Initial residual = 0.00197094, Final residual = 0.000188818, No Iterations 6
smoothSolver:  Solving for Uz, Initial residual = 0.00166491, Final residual = 0.000152156, No Iterations 6
GAMG:  Solving for p, Initial residual = 0.00105299, Final residual = 1.03826e-05, No Iterations 3
time step continuity errors : sum local = 1.97615e-05, global = 1.19706e-07, cumulative = 4.39381e-05
smoothSolver:  Solving for omega, Initial residual = 1.82112e-05, Final residual = 1.08027e-06, No Iterations 3
smoothSolver:  Solving for k, Initial residual = 0.000171544, Final residual = 1.49506e-05, No Iterations 3
ExecutionTime = 34.91 s  ClockTime = 36 s

forceCoeffs forceCoeffs1 write:
    Cm    = 0.15595
    Cd    = 0.412997
    Cl    = 0.062777
    Cl(f) = 0.187339
    Cl(r) = -0.124562

Time = 328

smoothSolver:  Solving for Ux, Initial residual = 8.50737e-05, Final residual = 7.69333e-06, No Iterations 7
smoothSolver:  Solving for Uy, Initial residual = 0.00199893, Final residual = 0.000192655, No Iterations 6
smoothSolver:  Solving for Uz, Initial residual = 0.00168191, Final residual = 0.000154909, No Iterations 6
GAMG:  Solving for p, Initial residual = 0.00105558, Final residual = 3.96345e-06, No Iterations 4
time step continuity errors : sum local = 7.54553e-06, global = 3.59704e-08, cumulative = 4.39741e-05
smoothSolver:  Solving for omega, Initial residual = 1.83118e-05, Final residual = 1.06871e-06, No Iterations 3
smoothSolver:  Solving for k, Initial residual = 0.000170423, Final residual = 1.47649e-05, No Iterations 3
ExecutionTime = 35.02 s  ClockTime = 36 s

forceCoeffs forceCoeffs1 write:
    Cm    = 0.155917
    Cd    = 0.412883
    Cl    = 0.0627504
    Cl(f) = 0.187292
    Cl(r) = -0.124542

Time = 329

smoothSolver:  Solving for Ux, Initial residual = 8.70922e-05, Final residual = 7.92546e-06, No Iterations 7
smoothSolver:  Solving for Uy, Initial residual = 0.00207082, Final residual = 0.000203324, No Iterations 6
smoothSolver:  Solving for Uz, Initial residual = 0.00173135, Final residual = 0.00016252, No Iterations 6
GAMG:  Solving for p, Initial residual = 0.00106226, Final residual = 3.91787e-06, No Iterations 4
time step continuity errors : sum local = 7.46064e-06, global = 2.47088e-08, cumulative = 4.39988e-05
smoothSolver:  Solving for omega, Initial residual = 1.84087e-05, Final residual = 1.07198e-06, No Iterations 3
smoothSolver:  Solving for k, Initial residual = 0.000169658, Final residual = 1.46048e-05, No Iterations 3
ExecutionTime = 35.11 s  ClockTime = 36 s

forceCoeffs forceCoeffs1 write:
    Cm    = 0.155942
    Cd    = 0.412853
    Cl    = 0.0627631
    Cl(f) = 0.187324
    Cl(r) = -0.124561

Time = 330

smoothSolver:  Solving for Ux, Initial residual = 8.87097e-05, Final residual = 8.17318e-06, No Iterations 7
smoothSolver:  Solving for Uy, Initial residual = 0.00211872, Final residual = 0.000211564, No Iterations 6
smoothSolver:  Solving for Uz, Initial residual = 0.00176071, Final residual = 0.000168062, No Iterations 6
GAMG:  Solving for p, Initial residual = 0.00107347, Final residual = 4.11187e-06, No Iterations 4
time step continuity errors : sum local = 7.83113e-06, global = -1.68839e-08, cumulative = 4.39819e-05
smoothSolver:  Solving for omega, Initial residual = 1.86772e-05, Final residual = 1.07109e-06, No Iterations 3
smoothSolver:  Solving for k, Initial residual = 0.00016916, Final residual = 1.44439e-05, No Iterations 3
ExecutionTime = 35.22 s  ClockTime = 36 s

forceCoeffs forceCoeffs1 write:
    Cm    = 0.155921
    Cd    = 0.412747
    Cl    = 0.0627039
    Cl(f) = 0.187273
    Cl(r) = -0.124569

Time = 331

smoothSolver:  Solving for Ux, Initial residual = 9.10197e-05, Final residual = 8.45397e-06, No Iterations 7
smoothSolver:  Solving for Uy, Initial residual = 0.00217795, Final residual = 0.000164186, No Iterations 7
smoothSolver:  Solving for Uz, Initial residual = 0.00180754, Final residual = 0.000176422, No Iterations 6
GAMG:  Solving for p, Initial residual = 0.00108767, Final residual = 4.1892e-06, No Iterations 4
time step continuity errors : sum local = 7.97913e-06, global = -2.98333e-09, cumulative = 4.39789e-05
smoothSolver:  Solving for omega, Initial residual = 1.86819e-05, Final residual = 1.07567e-06, No Iterations 3
smoothSolver:  Solving for k, Initial residual = 0.000168431, Final residual = 1.42959e-05, No Iterations 3
ExecutionTime = 35.32 s  ClockTime = 36 s

forceCoeffs forceCoeffs1 write:
    Cm    = 0.155933
    Cd    = 0.412682
    Cl    = 0.0626847
    Cl(f) = 0.187276
    Cl(r) = -0.124591

Time = 332

smoothSolver:  Solving for Ux, Initial residual = 9.38532e-05, Final residual = 8.82936e-06, No Iterations 7
smoothSolver:  Solving for Uy, Initial residual = 0.00225615, Final residual = 0.000174212, No Iterations 7
smoothSolver:  Solving for Uz, Initial residual = 0.00186098, Final residual = 0.000139013, No Iterations 7
GAMG:  Solving for p, Initial residual = 0.00109664, Final residual = 4.44647e-06, No Iterations 4
time step continuity errors : sum local = 8.46925e-06, global = -1.62858e-08, cumulative = 4.39627e-05
smoothSolver:  Solving for omega, Initial residual = 1.89855e-05, Final residual = 1.09221e-06, No Iterations 3
smoothSolver:  Solving for k, Initial residual = 0.000167622, Final residual = 1.41657e-05, No Iterations 3
ExecutionTime = 35.42 s  ClockTime = 36 s

forceCoeffs forceCoeffs1 write:
    Cm    = 0.155897
    Cd    = 0.412525
    Cl    = 0.0626075
    Cl(f) = 0.187201
    Cl(r) = -0.124594

Time = 333

smoothSolver:  Solving for Ux, Initial residual = 9.64978e-05, Final residual = 9.10199e-06, No Iterations 7
smoothSolver:  Solving for Uy, Initial residual = 0.00231969, Final residual = 0.000183631, No Iterations 7
smoothSolver:  Solving for Uz, Initial residual = 0.00192059, Final residual = 0.000146534, No Iterations 7
GAMG:  Solving for p, Initial residual = 0.00111103, Final residual = 4.44703e-06, No Iterations 4
time step continuity errors : sum local = 8.46994e-06, global = -2.84477e-08, cumulative = 4.39342e-05
smoothSolver:  Solving for omega, Initial residual = 1.92454e-05, Final residual = 1.11015e-06, No Iterations 3
smoothSolver:  Solving for k, Initial residual = 0.000166911, Final residual = 1.40554e-05, No Iterations 3
ExecutionTime = 35.52 s  ClockTime = 36 s

forceCoeffs forceCoeffs1 write:
    Cm    = 0.155929
    Cd    = 0.412467
    Cl    = 0.0625579
    Cl(f) = 0.187208
    Cl(r) = -0.12465

Time = 334

smoothSolver:  Solving for Ux, Initial residual = 9.90182e-05, Final residual = 9.38178e-06, No Iterations 7
smoothSolver:  Solving for Uy, Initial residual = 0.00237769, Final residual = 0.000192662, No Iterations 7
smoothSolver:  Solving for Uz, Initial residual = 0.00197672, Final residual = 0.00015402, No Iterations 7
GAMG:  Solving for p, Initial residual = 0.00113009, Final residual = 4.62852e-06, No Iterations 4
time step continuity errors : sum local = 8.81464e-06, global = -5.60923e-08, cumulative = 4.38781e-05
smoothSolver:  Solving for omega, Initial residual = 1.96854e-05, Final residual = 1.1433e-06, No Iterations 3
smoothSolver:  Solving for k, Initial residual = 0.000166874, Final residual = 1.40709e-05, No Iterations 3
ExecutionTime = 35.63 s  ClockTime = 36 s

forceCoeffs forceCoeffs1 write:
    Cm    = 0.15594
    Cd    = 0.412368
    Cl    = 0.0624888
    Cl(f) = 0.187184
    Cl(r) = -0.124695

Time = 335

smoothSolver:  Solving for Ux, Initial residual = 0.000101617, Final residual = 9.64745e-06, No Iterations 7
smoothSolver:  Solving for Uy, Initial residual = 0.00244177, Final residual = 0.000200674, No Iterations 7
smoothSolver:  Solving for Uz, Initial residual = 0.00203318, Final residual = 0.000160917, No Iterations 7
GAMG:  Solving for p, Initial residual = 0.00115127, Final residual = 4.80497e-06, No Iterations 4
time step continuity errors : sum local = 9.14879e-06, global = -8.75314e-08, cumulative = 4.37906e-05
smoothSolver:  Solving for omega, Initial residual = 1.99989e-05, Final residual = 1.17167e-06, No Iterations 3
smoothSolver:  Solving for k, Initial residual = 0.000167433, Final residual = 1.41755e-05, No Iterations 3
ExecutionTime = 35.72 s  ClockTime = 36 s

forceCoeffs forceCoeffs1 write:
    Cm    = 0.155979
    Cd    = 0.412331
    Cl    = 0.0624205
    Cl(f) = 0.187189
    Cl(r) = -0.124769

Time = 336

smoothSolver:  Solving for Ux, Initial residual = 0.000103731, Final residual = 9.88076e-06, No Iterations 7
smoothSolver:  Solving for Uy, Initial residual = 0.00250391, Final residual = 0.000208509, No Iterations 7
smoothSolver:  Solving for Uz, Initial residual = 0.00207865, Final residual = 0.000166649, No Iterations 7
GAMG:  Solving for p, Initial residual = 0.00116645, Final residual = 4.97812e-06, No Iterations 4
time step continuity errors : sum local = 9.4754e-06, global = -1.09265e-07, cumulative = 4.36813e-05
smoothSolver:  Solving for omega, Initial residual = 2.03636e-05, Final residual = 1.19736e-06, No Iterations 3
smoothSolver:  Solving for k, Initial residual = 0.000169061, Final residual = 1.43826e-05, No Iterations 3
ExecutionTime = 35.83 s  ClockTime = 37 s

forceCoeffs forceCoeffs1 write:
    Cm    = 0.155985
    Cd    = 0.41224
    Cl    = 0.0623763
    Cl(f) = 0.187173
    Cl(r) = -0.124797

Time = 337

smoothSolver:  Solving for Ux, Initial residual = 0.000105312, Final residual = 1.0083e-05, No Iterations 7
smoothSolver:  Solving for Uy, Initial residual = 0.0025505, Final residual = 0.00021376, No Iterations 7
smoothSolver:  Solving for Uz, Initial residual = 0.00212147, Final residual = 0.000171164, No Iterations 7
GAMG:  Solving for p, Initial residual = 0.00117805, Final residual = 5.01407e-06, No Iterations 4
time step continuity errors : sum local = 9.53999e-06, global = -1.30084e-07, cumulative = 4.35512e-05
smoothSolver:  Solving for omega, Initial residual = 2.04458e-05, Final residual = 1.22746e-06, No Iterations 3
smoothSolver:  Solving for k, Initial residual = 0.000171573, Final residual = 1.46333e-05, No Iterations 3
ExecutionTime = 35.93 s  ClockTime = 37 s

forceCoeffs forceCoeffs1 write:
    Cm    = 0.156024
    Cd    = 0.412205
    Cl    = 0.0623779
    Cl(f) = 0.187213
    Cl(r) = -0.124835

Time = 338

smoothSolver:  Solving for Ux, Initial residual = 0.000106595, Final residual = 1.0299e-05, No Iterations 7
smoothSolver:  Solving for Uy, Initial residual = 0.00258711, Final residual = 0.000218634, No Iterations 7
smoothSolver:  Solving for Uz, Initial residual = 0.00214342, Final residual = 0.0001744, No Iterations 7
GAMG:  Solving for p, Initial residual = 0.00118559, Final residual = 5.02865e-06, No Iterations 4
time step continuity errors : sum local = 9.56305e-06, global = -1.38885e-07, cumulative = 4.34123e-05
smoothSolver:  Solving for omega, Initial residual = 2.06705e-05, Final residual = 1.25083e-06, No Iterations 3
smoothSolver:  Solving for k, Initial residual = 0.000175422, Final residual = 1.49174e-05, No Iterations 3
ExecutionTime = 36.04 s  ClockTime = 37 s

forceCoeffs forceCoeffs1 write:
    Cm    = 0.156038
    Cd    = 0.41213
    Cl    = 0.062397
    Cl(f) = 0.187236
    Cl(r) = -0.124839

Time = 339

smoothSolver:  Solving for Ux, Initial residual = 0.00010791, Final residual = 1.05185e-05, No Iterations 7
smoothSolver:  Solving for Uy, Initial residual = 0.00260511, Final residual = 0.000220714, No Iterations 7
smoothSolver:  Solving for Uz, Initial residual = 0.00215712, Final residual = 0.000176294, No Iterations 7
GAMG:  Solving for p, Initial residual = 0.00119464, Final residual = 4.99605e-06, No Iterations 4
time step continuity errors : sum local = 9.49641e-06, global = -1.48722e-07, cumulative = 4.32636e-05
smoothSolver:  Solving for omega, Initial residual = 2.10126e-05, Final residual = 1.27978e-06, No Iterations 3
smoothSolver:  Solving for k, Initial residual = 0.00018018, Final residual = 1.51656e-05, No Iterations 3
ExecutionTime = 36.14 s  ClockTime = 37 s

forceCoeffs forceCoeffs1 write:
    Cm    = 0.156075
    Cd    = 0.412116
    Cl    = 0.0624309
    Cl(f) = 0.187291
    Cl(r) = -0.12486

Time = 340

smoothSolver:  Solving for Ux, Initial residual = 0.000109306, Final residual = 1.07281e-05, No Iterations 7
smoothSolver:  Solving for Uy, Initial residual = 0.00262568, Final residual = 0.000223165, No Iterations 7
smoothSolver:  Solving for Uz, Initial residual = 0.00216536, Final residual = 0.000177285, No Iterations 7
GAMG:  Solving for p, Initial residual = 0.00119479, Final residual = 4.97823e-06, No Iterations 4
time step continuity errors : sum local = 9.45751e-06, global = -1.47746e-07, cumulative = 4.31159e-05
smoothSolver:  Solving for omega, Initial residual = 2.12485e-05, Final residual = 1.29957e-06, No Iterations 3
smoothSolver:  Solving for k, Initial residual = 0.000185759, Final residual = 1.54101e-05, No Iterations 3
ExecutionTime = 36.24 s  ClockTime = 37 s

forceCoeffs forceCoeffs1 write:
    Cm    = 0.156085
    Cd    = 0.412051
    Cl    = 0.0625368
    Cl(f) = 0.187353
    Cl(r) = -0.124817

Time = 341

smoothSolver:  Solving for Ux, Initial residual = 0.000110344, Final residual = 1.09089e-05, No Iterations 7
smoothSolver:  Solving for Uy, Initial residual = 0.00262415, Final residual = 0.000221587, No Iterations 7
smoothSolver:  Solving for Uz, Initial residual = 0.00215846, Final residual = 0.000176228, No Iterations 7
GAMG:  Solving for p, Initial residual = 0.001199, Final residual = 4.94716e-06, No Iterations 4
time step continuity errors : sum local = 9.39362e-06, global = -1.58263e-07, cumulative = 4.29576e-05
smoothSolver:  Solving for omega, Initial residual = 2.14458e-05, Final residual = 1.32017e-06, No Iterations 3
smoothSolver:  Solving for k, Initial residual = 0.000192451, Final residual = 1.56259e-05, No Iterations 3
ExecutionTime = 36.35 s  ClockTime = 37 s

forceCoeffs forceCoeffs1 write:
    Cm    = 0.156128
    Cd    = 0.412061
    Cl    = 0.0626246
    Cl(f) = 0.18744
    Cl(r) = -0.124815

Time = 342

smoothSolver:  Solving for Ux, Initial residual = 0.000111316, Final residual = 1.1082e-05, No Iterations 7
smoothSolver:  Solving for Uy, Initial residual = 0.00262213, Final residual = 0.000220308, No Iterations 7
smoothSolver:  Solving for Uz, Initial residual = 0.00214645, Final residual = 0.000175112, No Iterations 7
GAMG:  Solving for p, Initial residual = 0.00120755, Final residual = 4.96427e-06, No Iterations 4
time step continuity errors : sum local = 9.42152e-06, global = -1.5612e-07, cumulative = 4.28015e-05
smoothSolver:  Solving for omega, Initial residual = 2.18374e-05, Final residual = 1.33947e-06, No Iterations 3
smoothSolver:  Solving for k, Initial residual = 0.000199456, Final residual = 1.58389e-05, No Iterations 3
ExecutionTime = 36.44 s  ClockTime = 37 s

forceCoeffs forceCoeffs1 write:
    Cm    = 0.156152
    Cd    = 0.412044
    Cl    = 0.0627794
    Cl(f) = 0.187542
    Cl(r) = -0.124763

Time = 343

smoothSolver:  Solving for Ux, Initial residual = 0.000112722, Final residual = 8.62273e-06, No Iterations 8
smoothSolver:  Solving for Uy, Initial residual = 0.00262077, Final residual = 0.000219735, No Iterations 7
smoothSolver:  Solving for Uz, Initial residual = 0.00214912, Final residual = 0.000174958, No Iterations 7
GAMG:  Solving for p, Initial residual = 0.00121711, Final residual = 5.00029e-06, No Iterations 4
time step continuity errors : sum local = 9.48577e-06, global = -1.62314e-07, cumulative = 4.26392e-05
smoothSolver:  Solving for omega, Initial residual = 2.21264e-05, Final residual = 1.36088e-06, No Iterations 3
smoothSolver:  Solving for k, Initial residual = 0.000206838, Final residual = 1.60958e-05, No Iterations 3
ExecutionTime = 36.54 s  ClockTime = 37 s

forceCoeffs forceCoeffs1 write:
    Cm    = 0.156205
    Cd    = 0.412075
    Cl    = 0.062942
    Cl(f) = 0.187676
    Cl(r) = -0.124734

Time = 344

smoothSolver:  Solving for Ux, Initial residual = 0.000114417, Final residual = 8.86407e-06, No Iterations 8
smoothSolver:  Solving for Uy, Initial residual = 0.00263235, Final residual = 0.000221792, No Iterations 7
smoothSolver:  Solving for Uz, Initial residual = 0.00215791, Final residual = 0.000177258, No Iterations 7
GAMG:  Solving for p, Initial residual = 0.00123063, Final residual = 5.03711e-06, No Iterations 4
time step continuity errors : sum local = 9.55163e-06, global = -1.45972e-07, cumulative = 4.24932e-05
smoothSolver:  Solving for omega, Initial residual = 2.24813e-05, Final residual = 1.38298e-06, No Iterations 3
smoothSolver:  Solving for k, Initial residual = 0.000213858, Final residual = 1.64273e-05, No Iterations 3
ExecutionTime = 36.65 s  ClockTime = 37 s

forceCoeffs forceCoeffs1 write:
    Cm    = 0.156253
    Cd    = 0.4121
    Cl    = 0.0631726
    Cl(f) = 0.187839
    Cl(r) = -0.124666

Time = 345

smoothSolver:  Solving for Ux, Initial residual = 0.000116237, Final residual = 9.11571e-06, No Iterations 8
smoothSolver:  Solving for Uy, Initial residual = 0.00265998, Final residual = 0.000224213, No Iterations 7
smoothSolver:  Solving for Uz, Initial residual = 0.00218627, Final residual = 0.000180467, No Iterations 7
GAMG:  Solving for p, Initial residual = 0.0012455, Final residual = 5.19195e-06, No Iterations 4
time step continuity errors : sum local = 9.84168e-06, global = -1.51373e-07, cumulative = 4.23418e-05
smoothSolver:  Solving for omega, Initial residual = 2.27859e-05, Final residual = 1.4131e-06, No Iterations 3
smoothSolver:  Solving for k, Initial residual = 0.000220483, Final residual = 1.68213e-05, No Iterations 3
ExecutionTime = 36.75 s  ClockTime = 38 s

forceCoeffs forceCoeffs1 write:
    Cm    = 0.156291
    Cd    = 0.41215
    Cl    = 0.0633312
    Cl(f) = 0.187957
    Cl(r) = -0.124626

Time = 346

smoothSolver:  Solving for Ux, Initial residual = 0.000117841, Final residual = 9.28051e-06, No Iterations 8
smoothSolver:  Solving for Uy, Initial residual = 0.00268184, Final residual = 0.000225485, No Iterations 7
smoothSolver:  Solving for Uz, Initial residual = 0.00220615, Final residual = 0.000182399, No Iterations 7
GAMG:  Solving for p, Initial residual = 0.00125749, Final residual = 5.26938e-06, No Iterations 4
time step continuity errors : sum local = 9.98555e-06, global = -1.34367e-07, cumulative = 4.22075e-05
smoothSolver:  Solving for omega, Initial residual = 2.31835e-05, Final residual = 1.44196e-06, No Iterations 3
smoothSolver:  Solving for k, Initial residual = 0.000226574, Final residual = 1.7323e-05, No Iterations 3
ExecutionTime = 36.86 s  ClockTime = 38 s

forceCoeffs forceCoeffs1 write:
    Cm    = 0.156297
    Cd    = 0.412164
    Cl    = 0.0635266
    Cl(f) = 0.188061
    Cl(r) = -0.124534

Time = 347

smoothSolver:  Solving for Ux, Initial residual = 0.000119189, Final residual = 9.4277e-06, No Iterations 8
smoothSolver:  Solving for Uy, Initial residual = 0.00270323, Final residual = 0.000225487, No Iterations 7
smoothSolver:  Solving for Uz, Initial residual = 0.00222955, Final residual = 0.000183877, No Iterations 7
GAMG:  Solving for p, Initial residual = 0.00126906, Final residual = 5.35701e-06, No Iterations 4
time step continuity errors : sum local = 1.01499e-05, global = -1.23493e-07, cumulative = 4.2084e-05
smoothSolver:  Solving for omega, Initial residual = 2.39268e-05, Final residual = 1.47409e-06, No Iterations 3
smoothSolver:  Solving for k, Initial residual = 0.00023118, Final residual = 1.78518e-05, No Iterations 3
ExecutionTime = 36.96 s  ClockTime = 38 s

forceCoeffs forceCoeffs1 write:
    Cm    = 0.156285
    Cd    = 0.412146
    Cl    = 0.0636898
    Cl(f) = 0.18813
    Cl(r) = -0.12444

Time = 348

smoothSolver:  Solving for Ux, Initial residual = 0.000120078, Final residual = 9.4829e-06, No Iterations 8
smoothSolver:  Solving for Uy, Initial residual = 0.00269992, Final residual = 0.000222711, No Iterations 7
smoothSolver:  Solving for Uz, Initial residual = 0.00223972, Final residual = 0.000183051, No Iterations 7
GAMG:  Solving for p, Initial residual = 0.00127771, Final residual = 5.33369e-06, No Iterations 4
time step continuity errors : sum local = 1.01046e-05, global = -9.73121e-08, cumulative = 4.19867e-05
smoothSolver:  Solving for omega, Initial residual = 2.39088e-05, Final residual = 1.49312e-06, No Iterations 3
smoothSolver:  Solving for k, Initial residual = 0.00023411, Final residual = 1.83096e-05, No Iterations 3
ExecutionTime = 37.06 s  ClockTime = 38 s

forceCoeffs forceCoeffs1 write:
    Cm    = 0.156271
    Cd    = 0.41212
    Cl    = 0.0638804
    Cl(f) = 0.188211
    Cl(r) = -0.124331

Time = 349

smoothSolver:  Solving for Ux, Initial residual = 0.000120619, Final residual = 9.44216e-06, No Iterations 8
smoothSolver:  Solving for Uy, Initial residual = 0.00269315, Final residual = 0.00021863, No Iterations 7
smoothSolver:  Solving for Uz, Initial residual = 0.00225236, Final residual = 0.000182049, No Iterations 7
GAMG:  Solving for p, Initial residual = 0.00128203, Final residual = 5.29412e-06, No Iterations 4
time step continuity errors : sum local = 1.00293e-05, global = -8.17258e-08, cumulative = 4.19049e-05
smoothSolver:  Solving for omega, Initial residual = 2.37331e-05, Final residual = 1.49413e-06, No Iterations 3
smoothSolver:  Solving for k, Initial residual = 0.00023492, Final residual = 1.86467e-05, No Iterations 3
ExecutionTime = 37.17 s  ClockTime = 38 s

forceCoeffs forceCoeffs1 write:
    Cm    = 0.156231
    Cd    = 0.412063
    Cl    = 0.0640173
    Cl(f) = 0.18824
    Cl(r) = -0.124223

Time = 350

smoothSolver:  Solving for Ux, Initial residual = 0.00012023, Final residual = 9.30303e-06, No Iterations 8
smoothSolver:  Solving for Uy, Initial residual = 0.00266629, Final residual = 0.000213617, No Iterations 7
smoothSolver:  Solving for Uz, Initial residual = 0.00224378, Final residual = 0.00017971, No Iterations 7
GAMG:  Solving for p, Initial residual = 0.00128868, Final residual = 5.09713e-06, No Iterations 4
time step continuity errors : sum local = 9.65622e-06, global = -7.38896e-08, cumulative = 4.18311e-05
smoothSolver:  Solving for omega, Initial residual = 2.37178e-05, Final residual = 1.50074e-06, No Iterations 3
smoothSolver:  Solving for k, Initial residual = 0.000234035, Final residual = 1.88891e-05, No Iterations 3
ExecutionTime = 37.27 s  ClockTime = 38 s

forceCoeffs forceCoeffs1 write:
    Cm    = 0.15619
    Cd    = 0.411973
    Cl    = 0.0641563
    Cl(f) = 0.188268
    Cl(r) = -0.124111

Time = 351

smoothSolver:  Solving for Ux, Initial residual = 0.000119234, Final residual = 9.13951e-06, No Iterations 8
smoothSolver:  Solving for Uy, Initial residual = 0.00264498, Final residual = 0.000210061, No Iterations 7
smoothSolver:  Solving for Uz, Initial residual = 0.00224209, Final residual = 0.00017768, No Iterations 7
GAMG:  Solving for p, Initial residual = 0.00129226, Final residual = 4.95992e-06, No Iterations 4
time step continuity errors : sum local = 9.39682e-06, global = -8.91086e-09, cumulative = 4.18221e-05
smoothSolver:  Solving for omega, Initial residual = 2.34212e-05, Final residual = 1.48434e-06, No Iterations 3
smoothSolver:  Solving for k, Initial residual = 0.000231776, Final residual = 1.89922e-05, No Iterations 3
ExecutionTime = 37.36 s  ClockTime = 38 s

forceCoeffs forceCoeffs1 write:
    Cm    = 0.156152
    Cd    = 0.411901
    Cl    = 0.0642209
    Cl(f) = 0.188262
    Cl(r) = -0.124041

Time = 352

smoothSolver:  Solving for Ux, Initial residual = 0.000117825, Final residual = 1.17704e-05, No Iterations 7
smoothSolver:  Solving for Uy, Initial residual = 0.0026151, Final residual = 0.000205811, No Iterations 7
smoothSolver:  Solving for Uz, Initial residual = 0.0022222, Final residual = 0.00017407, No Iterations 7
GAMG:  Solving for p, Initial residual = 0.00129255, Final residual = 4.75521e-06, No Iterations 4
time step continuity errors : sum local = 9.01006e-06, global = 4.0016e-08, cumulative = 4.18622e-05
smoothSolver:  Solving for omega, Initial residual = 2.32636e-05, Final residual = 1.4649e-06, No Iterations 3
smoothSolver:  Solving for k, Initial residual = 0.000228365, Final residual = 1.89707e-05, No Iterations 3
ExecutionTime = 37.47 s  ClockTime = 38 s

forceCoeffs forceCoeffs1 write:
    Cm    = 0.156098
    Cd    = 0.411793
    Cl    = 0.0642781
    Cl(f) = 0.188237
    Cl(r) = -0.123959

Time = 353

smoothSolver:  Solving for Ux, Initial residual = 0.000116504, Final residual = 1.15912e-05, No Iterations 7
smoothSolver:  Solving for Uy, Initial residual = 0.00258581, Final residual = 0.000201898, No Iterations 7
smoothSolver:  Solving for Uz, Initial residual = 0.00220867, Final residual = 0.000171633, No Iterations 7
GAMG:  Solving for p, Initial residual = 0.00129299, Final residual = 4.65542e-06, No Iterations 4
time step continuity errors : sum local = 8.82266e-06, global = 3.71985e-08, cumulative = 4.18994e-05
smoothSolver:  Solving for omega, Initial residual = 2.3014e-05, Final residual = 1.45418e-06, No Iterations 3
smoothSolver:  Solving for k, Initial residual = 0.000224468, Final residual = 1.88858e-05, No Iterations 3
ExecutionTime = 37.56 s  ClockTime = 38 s

forceCoeffs forceCoeffs1 write:
    Cm    = 0.156049
    Cd    = 0.411664
    Cl    = 0.0643132
    Cl(f) = 0.188205
    Cl(r) = -0.123892

Time = 354

smoothSolver:  Solving for Ux, Initial residual = 0.000115317, Final residual = 1.14083e-05, No Iterations 7
smoothSolver:  Solving for Uy, Initial residual = 0.00256019, Final residual = 0.000198643, No Iterations 7
smoothSolver:  Solving for Uz, Initial residual = 0.00219398, Final residual = 0.00016962, No Iterations 7
GAMG:  Solving for p, Initial residual = 0.00128402, Final residual = 1.28381e-05, No Iterations 3
time step continuity errors : sum local = 2.4334e-05, global = -2.90619e-08, cumulative = 4.18703e-05
smoothSolver:  Solving for omega, Initial residual = 2.25136e-05, Final residual = 1.43015e-06, No Iterations 3
smoothSolver:  Solving for k, Initial residual = 0.000220241, Final residual = 1.87378e-05, No Iterations 3
ExecutionTime = 37.67 s  ClockTime = 38 s

forceCoeffs forceCoeffs1 write:
    Cm    = 0.156036
    Cd    = 0.411562
    Cl    = 0.0644088
    Cl(f) = 0.18824
    Cl(r) = -0.123831

Time = 355

smoothSolver:  Solving for Ux, Initial residual = 0.000113684, Final residual = 1.11598e-05, No Iterations 7
smoothSolver:  Solving for Uy, Initial residual = 0.00252915, Final residual = 0.00019325, No Iterations 7
smoothSolver:  Solving for Uz, Initial residual = 0.00216337, Final residual = 0.000166001, No Iterations 7
GAMG:  Solving for p, Initial residual = 0.00127812, Final residual = 4.80755e-06, No Iterations 4
time step continuity errors : sum local = 9.11328e-06, global = 2.40775e-08, cumulative = 4.18944e-05
smoothSolver:  Solving for omega, Initial residual = 2.24298e-05, Final residual = 1.41534e-06, No Iterations 3
smoothSolver:  Solving for k, Initial residual = 0.000215907, Final residual = 1.85289e-05, No Iterations 3
ExecutionTime = 37.76 s  ClockTime = 39 s

forceCoeffs forceCoeffs1 write:
    Cm    = 0.156007
    Cd    = 0.41141
    Cl    = 0.0644931
    Cl(f) = 0.188253
    Cl(r) = -0.12376

Time = 356

smoothSolver:  Solving for Ux, Initial residual = 0.000112931, Final residual = 1.10344e-05, No Iterations 7
smoothSolver:  Solving for Uy, Initial residual = 0.00253471, Final residual = 0.000193863, No Iterations 7
smoothSolver:  Solving for Uz, Initial residual = 0.00217014, Final residual = 0.000166916, No Iterations 7
GAMG:  Solving for p, Initial residual = 0.00126892, Final residual = 4.53757e-06, No Iterations 4
time step continuity errors : sum local = 8.60366e-06, global = 5.18227e-08, cumulative = 4.19462e-05
smoothSolver:  Solving for omega, Initial residual = 2.19398e-05, Final residual = 1.39079e-06, No Iterations 3
smoothSolver:  Solving for k, Initial residual = 0.000210917, Final residual = 1.82869e-05, No Iterations 3
ExecutionTime = 37.87 s  ClockTime = 39 s

forceCoeffs forceCoeffs1 write:
    Cm    = 0.155987
    Cd    = 0.411275
    Cl    = 0.0645656
    Cl(f) = 0.18827
    Cl(r) = -0.123705

Time = 357

smoothSolver:  Solving for Ux, Initial residual = 0.000111478, Final residual = 1.08141e-05, No Iterations 7
smoothSolver:  Solving for Uy, Initial residual = 0.0025261, Final residual = 0.00019084, No Iterations 7
smoothSolver:  Solving for Uz, Initial residual = 0.00215712, Final residual = 0.000162958, No Iterations 7
GAMG:  Solving for p, Initial residual = 0.00125436, Final residual = 4.56304e-06, No Iterations 4
time step continuity errors : sum local = 8.65316e-06, global = 3.77936e-08, cumulative = 4.1984e-05
smoothSolver:  Solving for omega, Initial residual = 2.13868e-05, Final residual = 1.36622e-06, No Iterations 3
smoothSolver:  Solving for k, Initial residual = 0.000206442, Final residual = 1.79619e-05, No Iterations 3
ExecutionTime = 37.97 s  ClockTime = 39 s

forceCoeffs forceCoeffs1 write:
    Cm    = 0.155975
    Cd    = 0.411155
    Cl    = 0.0646214
    Cl(f) = 0.188286
    Cl(r) = -0.123664

Time = 358

smoothSolver:  Solving for Ux, Initial residual = 0.000109954, Final residual = 1.05778e-05, No Iterations 7
smoothSolver:  Solving for Uy, Initial residual = 0.00250487, Final residual = 0.000188234, No Iterations 7
smoothSolver:  Solving for Uz, Initial residual = 0.00212109, Final residual = 0.000158879, No Iterations 7
GAMG:  Solving for p, Initial residual = 0.00124408, Final residual = 4.54078e-06, No Iterations 4
time step continuity errors : sum local = 8.61229e-06, global = 4.2502e-08, cumulative = 4.20265e-05
smoothSolver:  Solving for omega, Initial residual = 2.09483e-05, Final residual = 1.34001e-06, No Iterations 3
smoothSolver:  Solving for k, Initial residual = 0.00020152, Final residual = 1.75945e-05, No Iterations 3
ExecutionTime = 38.08 s  ClockTime = 39 s

forceCoeffs forceCoeffs1 write:
    Cm    = 0.155978
    Cd    = 0.411026
    Cl    = 0.0647266
    Cl(f) = 0.188342
    Cl(r) = -0.123615

Time = 359

smoothSolver:  Solving for Ux, Initial residual = 0.000108602, Final residual = 1.03348e-05, No Iterations 7
smoothSolver:  Solving for Uy, Initial residual = 0.00249967, Final residual = 0.000187194, No Iterations 7
smoothSolver:  Solving for Uz, Initial residual = 0.00211438, Final residual = 0.000156689, No Iterations 7
GAMG:  Solving for p, Initial residual = 0.00123355, Final residual = 4.48339e-06, No Iterations 4
time step continuity errors : sum local = 8.50474e-06, global = 5.00602e-08, cumulative = 4.20765e-05
smoothSolver:  Solving for omega, Initial residual = 2.07124e-05, Final residual = 1.32614e-06, No Iterations 3
smoothSolver:  Solving for k, Initial residual = 0.000196902, Final residual = 1.71909e-05, No Iterations 3
ExecutionTime = 38.17 s  ClockTime = 39 s

forceCoeffs forceCoeffs1 write:
    Cm    = 0.155975
    Cd    = 0.41092
    Cl    = 0.0647763
    Cl(f) = 0.188363
    Cl(r) = -0.123587

Time = 360

smoothSolver:  Solving for Ux, Initial residual = 0.000107189, Final residual = 1.01773e-05, No Iterations 7
smoothSolver:  Solving for Uy, Initial residual = 0.00248106, Final residual = 0.000185871, No Iterations 7
smoothSolver:  Solving for Uz, Initial residual = 0.00208737, Final residual = 0.000208254, No Iterations 6
GAMG:  Solving for p, Initial residual = 0.00122591, Final residual = 4.44393e-06, No Iterations 4
time step continuity errors : sum local = 8.43147e-06, global = 5.48878e-08, cumulative = 4.21314e-05
smoothSolver:  Solving for omega, Initial residual = 2.07091e-05, Final residual = 1.31295e-06, No Iterations 3
smoothSolver:  Solving for k, Initial residual = 0.000192396, Final residual = 1.68047e-05, No Iterations 3
ExecutionTime = 38.28 s  ClockTime = 39 s

forceCoeffs forceCoeffs1 write:
    Cm    = 0.155974
    Cd    = 0.410787
    Cl    = 0.0648801
    Cl(f) = 0.188414
    Cl(r) = -0.123534

Time = 361

smoothSolver:  Solving for Ux, Initial residual = 0.000105715, Final residual = 9.96745e-06, No Iterations 7
smoothSolver:  Solving for Uy, Initial residual = 0.00247377, Final residual = 0.000184646, No Iterations 7
smoothSolver:  Solving for Uz, Initial residual = 0.00208377, Final residual = 0.000205955, No Iterations 6
GAMG:  Solving for p, Initial residual = 0.00122563, Final residual = 4.44946e-06, No Iterations 4
time step continuity errors : sum local = 8.44334e-06, global = 4.85169e-08, cumulative = 4.218e-05
smoothSolver:  Solving for omega, Initial residual = 2.08256e-05, Final residual = 1.30587e-06, No Iterations 3
smoothSolver:  Solving for k, Initial residual = 0.000188231, Final residual = 1.64509e-05, No Iterations 3
ExecutionTime = 38.38 s  ClockTime = 39 s

forceCoeffs forceCoeffs1 write:
    Cm    = 0.155999
    Cd    = 0.410712
    Cl    = 0.0649915
    Cl(f) = 0.188495
    Cl(r) = -0.123503

Time = 362

smoothSolver:  Solving for Ux, Initial residual = 0.000104329, Final residual = 9.79292e-06, No Iterations 7
smoothSolver:  Solving for Uy, Initial residual = 0.00246195, Final residual = 0.000183438, No Iterations 7
smoothSolver:  Solving for Uz, Initial residual = 0.00207969, Final residual = 0.000204038, No Iterations 6
GAMG:  Solving for p, Initial residual = 0.00122858, Final residual = 4.45236e-06, No Iterations 4
time step continuity errors : sum local = 8.44978e-06, global = 4.6873e-08, cumulative = 4.22268e-05
smoothSolver:  Solving for omega, Initial residual = 2.0482e-05, Final residual = 1.29522e-06, No Iterations 3
smoothSolver:  Solving for k, Initial residual = 0.000184564, Final residual = 1.61181e-05, No Iterations 3
ExecutionTime = 38.48 s  ClockTime = 39 s

forceCoeffs forceCoeffs1 write:
    Cm    = 0.156037
    Cd    = 0.410673
    Cl    = 0.0651002
    Cl(f) = 0.188587
    Cl(r) = -0.123487

Time = 363

smoothSolver:  Solving for Ux, Initial residual = 0.000103627, Final residual = 9.68484e-06, No Iterations 7
smoothSolver:  Solving for Uy, Initial residual = 0.00247772, Final residual = 0.000184495, No Iterations 7
smoothSolver:  Solving for Uz, Initial residual = 0.00208385, Final residual = 0.000203178, No Iterations 6
GAMG:  Solving for p, Initial residual = 0.00123326, Final residual = 1.22971e-05, No Iterations 3
time step continuity errors : sum local = 2.33412e-05, global = 1.66829e-07, cumulative = 4.23937e-05
smoothSolver:  Solving for omega, Initial residual = 2.03772e-05, Final residual = 1.28668e-06, No Iterations 3
smoothSolver:  Solving for k, Initial residual = 0.000181595, Final residual = 1.58168e-05, No Iterations 3
ExecutionTime = 38.57 s  ClockTime = 39 s

forceCoeffs forceCoeffs1 write:
    Cm    = 0.156041
    Cd    = 0.410607
    Cl    = 0.0651752
    Cl(f) = 0.188629
    Cl(r) = -0.123454

Time = 364

smoothSolver:  Solving for Ux, Initial residual = 0.000101772, Final residual = 9.479e-06, No Iterations 7
smoothSolver:  Solving for Uy, Initial residual = 0.00244913, Final residual = 0.000181376, No Iterations 7
smoothSolver:  Solving for Uz, Initial residual = 0.00205978, Final residual = 0.000199822, No Iterations 6
GAMG:  Solving for p, Initial residual = 0.00123825, Final residual = 4.77491e-06, No Iterations 4
time step continuity errors : sum local = 9.06428e-06, global = 7.37961e-08, cumulative = 4.24675e-05
smoothSolver:  Solving for omega, Initial residual = 2.0524e-05, Final residual = 1.27616e-06, No Iterations 3
smoothSolver:  Solving for k, Initial residual = 0.000179089, Final residual = 1.5544e-05, No Iterations 3
ExecutionTime = 38.68 s  ClockTime = 39 s

forceCoeffs forceCoeffs1 write:
    Cm    = 0.156063
    Cd    = 0.410541
    Cl    = 0.0653157
    Cl(f) = 0.188721
    Cl(r) = -0.123405

Time = 365

smoothSolver:  Solving for Ux, Initial residual = 0.000101907, Final residual = 9.46553e-06, No Iterations 7
smoothSolver:  Solving for Uy, Initial residual = 0.00249792, Final residual = 0.000186975, No Iterations 7
smoothSolver:  Solving for Uz, Initial residual = 0.00209031, Final residual = 0.00020347, No Iterations 6
GAMG:  Solving for p, Initial residual = 0.00124252, Final residual = 4.50207e-06, No Iterations 4
time step continuity errors : sum local = 8.54816e-06, global = 1.00889e-07, cumulative = 4.25683e-05
smoothSolver:  Solving for omega, Initial residual = 2.05755e-05, Final residual = 1.26235e-06, No Iterations 3
smoothSolver:  Solving for k, Initial residual = 0.000176864, Final residual = 1.53054e-05, No Iterations 3
ExecutionTime = 38.78 s  ClockTime = 40 s

forceCoeffs forceCoeffs1 write:
    Cm    = 0.156099
    Cd    = 0.410505
    Cl    = 0.0654229
    Cl(f) = 0.18881
    Cl(r) = -0.123387

Time = 366

smoothSolver:  Solving for Ux, Initial residual = 0.00010133, Final residual = 9.39604e-06, No Iterations 7
smoothSolver:  Solving for Uy, Initial residual = 0.00249917, Final residual = 0.000186455, No Iterations 7
smoothSolver:  Solving for Uz, Initial residual = 0.0020918, Final residual = 0.000202686, No Iterations 6
GAMG:  Solving for p, Initial residual = 0.00124664, Final residual = 1.24617e-05, No Iterations 3
time step continuity errors : sum local = 2.36641e-05, global = 2.76167e-07, cumulative = 4.28445e-05
smoothSolver:  Solving for omega, Initial residual = 2.04069e-05, Final residual = 1.25881e-06, No Iterations 3
smoothSolver:  Solving for k, Initial residual = 0.000175159, Final residual = 1.51245e-05, No Iterations 3
ExecutionTime = 38.88 s  ClockTime = 40 s

forceCoeffs forceCoeffs1 write:
    Cm    = 0.156152
    Cd    = 0.410511
    Cl    = 0.0655122
    Cl(f) = 0.188908
    Cl(r) = -0.123396

Time = 367

smoothSolver:  Solving for Ux, Initial residual = 0.000100599, Final residual = 9.34427e-06, No Iterations 7
smoothSolver:  Solving for Uy, Initial residual = 0.00248997, Final residual = 0.000185637, No Iterations 7
smoothSolver:  Solving for Uz, Initial residual = 0.00208388, Final residual = 0.000201619, No Iterations 6
GAMG:  Solving for p, Initial residual = 0.0012498, Final residual = 4.8041e-06, No Iterations 4
time step continuity errors : sum local = 9.12337e-06, global = 1.4621e-07, cumulative = 4.29907e-05
smoothSolver:  Solving for omega, Initial residual = 2.03585e-05, Final residual = 1.24214e-06, No Iterations 3
smoothSolver:  Solving for k, Initial residual = 0.000173967, Final residual = 1.49673e-05, No Iterations 3
ExecutionTime = 38.98 s  ClockTime = 40 s

forceCoeffs forceCoeffs1 write:
    Cm    = 0.156191
    Cd    = 0.410522
    Cl    = 0.0655316
    Cl(f) = 0.188957
    Cl(r) = -0.123425

Time = 368

smoothSolver:  Solving for Ux, Initial residual = 0.000101136, Final residual = 9.40257e-06, No Iterations 7
smoothSolver:  Solving for Uy, Initial residual = 0.00251498, Final residual = 0.000190685, No Iterations 7
smoothSolver:  Solving for Uz, Initial residual = 0.00211074, Final residual = 0.000205648, No Iterations 6
GAMG:  Solving for p, Initial residual = 0.00124491, Final residual = 1.24021e-05, No Iterations 3
time step continuity errors : sum local = 2.35555e-05, global = 3.15388e-07, cumulative = 4.33061e-05
smoothSolver:  Solving for omega, Initial residual = 2.06095e-05, Final residual = 1.25857e-06, No Iterations 3
smoothSolver:  Solving for k, Initial residual = 0.00017364, Final residual = 1.48712e-05, No Iterations 3
ExecutionTime = 39.08 s  ClockTime = 40 s

forceCoeffs forceCoeffs1 write:
    Cm    = 0.156225
    Cd    = 0.410544
    Cl    = 0.0655558
    Cl(f) = 0.189003
    Cl(r) = -0.123447

Time = 369

smoothSolver:  Solving for Ux, Initial residual = 0.000100138, Final residual = 9.30181e-06, No Iterations 7
smoothSolver:  Solving for Uy, Initial residual = 0.00248666, Final residual = 0.000189675, No Iterations 7
smoothSolver:  Solving for Uz, Initial residual = 0.0021016, Final residual = 0.000205386, No Iterations 6
GAMG:  Solving for p, Initial residual = 0.00124863, Final residual = 4.85006e-06, No Iterations 4
time step continuity errors : sum local = 9.21266e-06, global = 1.73662e-07, cumulative = 4.34798e-05
smoothSolver:  Solving for omega, Initial residual = 2.06768e-05, Final residual = 1.25205e-06, No Iterations 3
smoothSolver:  Solving for k, Initial residual = 0.000173886, Final residual = 1.48225e-05, No Iterations 3
ExecutionTime = 39.18 s  ClockTime = 40 s

forceCoeffs forceCoeffs1 write:
    Cm    = 0.156277
    Cd    = 0.410591
    Cl    = 0.0655268
    Cl(f) = 0.18904
    Cl(r) = -0.123514

Time = 370

smoothSolver:  Solving for Ux, Initial residual = 0.000100562, Final residual = 9.34453e-06, No Iterations 7
smoothSolver:  Solving for Uy, Initial residual = 0.00250806, Final residual = 0.000194093, No Iterations 7
smoothSolver:  Solving for Uz, Initial residual = 0.00212945, Final residual = 0.00020934, No Iterations 6
GAMG:  Solving for p, Initial residual = 0.00125107, Final residual = 4.66127e-06, No Iterations 4
time step continuity errors : sum local = 8.85535e-06, global = 1.4696e-07, cumulative = 4.36267e-05
smoothSolver:  Solving for omega, Initial residual = 2.07569e-05, Final residual = 1.25927e-06, No Iterations 3
smoothSolver:  Solving for k, Initial residual = 0.000174741, Final residual = 1.48359e-05, No Iterations 3
ExecutionTime = 39.28 s  ClockTime = 40 s

forceCoeffs forceCoeffs1 write:
    Cm    = 0.156337
    Cd    = 0.410689
    Cl    = 0.065499
    Cl(f) = 0.189087
    Cl(r) = -0.123588

Time = 371

smoothSolver:  Solving for Ux, Initial residual = 0.00010056, Final residual = 9.37674e-06, No Iterations 7
smoothSolver:  Solving for Uy, Initial residual = 0.00251179, Final residual = 0.000196042, No Iterations 7
smoothSolver:  Solving for Uz, Initial residual = 0.00213244, Final residual = 0.000210926, No Iterations 6
GAMG:  Solving for p, Initial residual = 0.00125876, Final residual = 4.70053e-06, No Iterations 4
time step continuity errors : sum local = 8.93096e-06, global = 1.2047e-07, cumulative = 4.37472e-05
smoothSolver:  Solving for omega, Initial residual = 2.11652e-05, Final residual = 1.27559e-06, No Iterations 3
smoothSolver:  Solving for k, Initial residual = 0.000175677, Final residual = 1.48673e-05, No Iterations 3
ExecutionTime = 39.38 s  ClockTime = 40 s

forceCoeffs forceCoeffs1 write:
    Cm    = 0.156377
    Cd    = 0.410749
    Cl    = 0.0654167
    Cl(f) = 0.189085
    Cl(r) = -0.123669

Time = 372

smoothSolver:  Solving for Ux, Initial residual = 0.000100119, Final residual = 9.33682e-06, No Iterations 7
smoothSolver:  Solving for Uy, Initial residual = 0.00250858, Final residual = 0.000197568, No Iterations 7
smoothSolver:  Solving for Uz, Initial residual = 0.00213959, Final residual = 0.000212693, No Iterations 6
GAMG:  Solving for p, Initial residual = 0.00126623, Final residual = 4.80627e-06, No Iterations 4
time step continuity errors : sum local = 9.13268e-06, global = 1.20616e-07, cumulative = 4.38678e-05
smoothSolver:  Solving for omega, Initial residual = 2.12782e-05, Final residual = 1.28032e-06, No Iterations 3
smoothSolver:  Solving for k, Initial residual = 0.000176005, Final residual = 1.48861e-05, No Iterations 3
ExecutionTime = 39.49 s  ClockTime = 40 s

forceCoeffs forceCoeffs1 write:
    Cm    = 0.156432
    Cd    = 0.410848
    Cl    = 0.0653383
    Cl(f) = 0.189102
    Cl(r) = -0.123763

Time = 373

smoothSolver:  Solving for Ux, Initial residual = 0.000100221, Final residual = 9.37203e-06, No Iterations 7
smoothSolver:  Solving for Uy, Initial residual = 0.00251362, Final residual = 0.000198963, No Iterations 7
smoothSolver:  Solving for Uz, Initial residual = 0.00214396, Final residual = 0.000213976, No Iterations 6
GAMG:  Solving for p, Initial residual = 0.00127211, Final residual = 4.78928e-06, No Iterations 4
time step continuity errors : sum local = 9.10169e-06, global = 1.10259e-07, cumulative = 4.39781e-05
smoothSolver:  Solving for omega, Initial residual = 2.12733e-05, Final residual = 1.28938e-06, No Iterations 3
smoothSolver:  Solving for k, Initial residual = 0.000176107, Final residual = 1.48963e-05, No Iterations 3
ExecutionTime = 39.59 s  ClockTime = 40 s

forceCoeffs forceCoeffs1 write:
    Cm    = 0.156461
    Cd    = 0.410926
    Cl    = 0.0652326
    Cl(f) = 0.189078
    Cl(r) = -0.123845

Time = 374

smoothSolver:  Solving for Ux, Initial residual = 0.000100132, Final residual = 9.40632e-06, No Iterations 7
smoothSolver:  Solving for Uy, Initial residual = 0.00250861, Final residual = 0.00019977, No Iterations 7
smoothSolver:  Solving for Uz, Initial residual = 0.00214099, Final residual = 0.0001593, No Iterations 7
GAMG:  Solving for p, Initial residual = 0.00128094, Final residual = 5.00129e-06, No Iterations 4
time step continuity errors : sum local = 9.50624e-06, global = 1.14448e-07, cumulative = 4.40925e-05
smoothSolver:  Solving for omega, Initial residual = 2.13605e-05, Final residual = 1.2938e-06, No Iterations 3
smoothSolver:  Solving for k, Initial residual = 0.000176025, Final residual = 1.49028e-05, No Iterations 3
ExecutionTime = 39.7 s  ClockTime = 41 s

forceCoeffs forceCoeffs1 write:
    Cm    = 0.156479
    Cd    = 0.410989
    Cl    = 0.0651785
    Cl(f) = 0.189068
    Cl(r) = -0.123889

Time = 375

smoothSolver:  Solving for Ux, Initial residual = 0.000100917, Final residual = 9.56769e-06, No Iterations 7
smoothSolver:  Solving for Uy, Initial residual = 0.00251978, Final residual = 0.000201231, No Iterations 7
smoothSolver:  Solving for Uz, Initial residual = 0.00214409, Final residual = 0.000159904, No Iterations 7
GAMG:  Solving for p, Initial residual = 0.00128726, Final residual = 4.93863e-06, No Iterations 4
time step continuity errors : sum local = 9.38915e-06, global = 1.01703e-07, cumulative = 4.41942e-05
smoothSolver:  Solving for omega, Initial residual = 2.14397e-05, Final residual = 1.30076e-06, No Iterations 3
smoothSolver:  Solving for k, Initial residual = 0.000175471, Final residual = 1.48743e-05, No Iterations 3
ExecutionTime = 39.8 s  ClockTime = 41 s

forceCoeffs forceCoeffs1 write:
    Cm    = 0.156458
    Cd    = 0.410985
    Cl    = 0.0651137
    Cl(f) = 0.189014
    Cl(r) = -0.123901

Time = 376

smoothSolver:  Solving for Ux, Initial residual = 0.000101197, Final residual = 9.65332e-06, No Iterations 7
smoothSolver:  Solving for Uy, Initial residual = 0.00251622, Final residual = 0.000201354, No Iterations 7
smoothSolver:  Solving for Uz, Initial residual = 0.00213418, Final residual = 0.000159861, No Iterations 7
GAMG:  Solving for p, Initial residual = 0.00129444, Final residual = 4.96075e-06, No Iterations 4
time step continuity errors : sum local = 9.433e-06, global = 9.42569e-08, cumulative = 4.42885e-05
smoothSolver:  Solving for omega, Initial residual = 2.14681e-05, Final residual = 1.29937e-06, No Iterations 3
smoothSolver:  Solving for k, Initial residual = 0.00017487, Final residual = 1.48479e-05, No Iterations 3
ExecutionTime = 39.9 s  ClockTime = 41 s

forceCoeffs forceCoeffs1 write:
    Cm    = 0.156458
    Cd    = 0.410997
    Cl    = 0.0651363
    Cl(f) = 0.189026
    Cl(r) = -0.12389

Time = 377

smoothSolver:  Solving for Ux, Initial residual = 0.000102041, Final residual = 9.79042e-06, No Iterations 7
smoothSolver:  Solving for Uy, Initial residual = 0.00252525, Final residual = 0.000201257, No Iterations 7
smoothSolver:  Solving for Uz, Initial residual = 0.00214153, Final residual = 0.000160717, No Iterations 7
GAMG:  Solving for p, Initial residual = 0.00130587, Final residual = 4.89671e-06, No Iterations 4
time step continuity errors : sum local = 9.31259e-06, global = 8.8152e-08, cumulative = 4.43766e-05
smoothSolver:  Solving for omega, Initial residual = 2.15457e-05, Final residual = 1.30282e-06, No Iterations 3
smoothSolver:  Solving for k, Initial residual = 0.000173762, Final residual = 1.48298e-05, No Iterations 3
ExecutionTime = 40 s  ClockTime = 41 s

forceCoeffs forceCoeffs1 write:
    Cm    = 0.156451
    Cd    = 0.411027
    Cl    = 0.0651525
    Cl(f) = 0.189027
    Cl(r) = -0.123875

Time = 378

smoothSolver:  Solving for Ux, Initial residual = 0.000102701, Final residual = 9.88343e-06, No Iterations 7
smoothSolver:  Solving for Uy, Initial residual = 0.00252868, Final residual = 0.000200564, No Iterations 7
smoothSolver:  Solving for Uz, Initial residual = 0.00214024, Final residual = 0.000160292, No Iterations 7
GAMG:  Solving for p, Initial residual = 0.00131668, Final residual = 4.95941e-06, No Iterations 4
time step continuity errors : sum local = 9.43236e-06, global = 9.62373e-08, cumulative = 4.44729e-05
smoothSolver:  Solving for omega, Initial residual = 2.16231e-05, Final residual = 1.30056e-06, No Iterations 3
smoothSolver:  Solving for k, Initial residual = 0.000173048, Final residual = 1.48087e-05, No Iterations 3
ExecutionTime = 40.11 s  ClockTime = 41 s

forceCoeffs forceCoeffs1 write:
    Cm    = 0.15645
    Cd    = 0.411063
    Cl    = 0.0652246
    Cl(f) = 0.189062
    Cl(r) = -0.123838

Time = 379

smoothSolver:  Solving for Ux, Initial residual = 0.000104078, Final residual = 9.99279e-06, No Iterations 7
smoothSolver:  Solving for Uy, Initial residual = 0.00254113, Final residual = 0.000199015, No Iterations 7
smoothSolver:  Solving for Uz, Initial residual = 0.0021541, Final residual = 0.00016058, No Iterations 7
GAMG:  Solving for p, Initial residual = 0.00132404, Final residual = 4.94449e-06, No Iterations 4
time step continuity errors : sum local = 9.40399e-06, global = 7.60535e-08, cumulative = 4.45489e-05
smoothSolver:  Solving for omega, Initial residual = 2.18419e-05, Final residual = 1.31136e-06, No Iterations 3
smoothSolver:  Solving for k, Initial residual = 0.000172632, Final residual = 1.48201e-05, No Iterations 3
ExecutionTime = 40.2 s  ClockTime = 41 s

forceCoeffs forceCoeffs1 write:
    Cm    = 0.156418
    Cd    = 0.411069
    Cl    = 0.0652718
    Cl(f) = 0.189054
    Cl(r) = -0.123782

Time = 380

smoothSolver:  Solving for Ux, Initial residual = 0.000104496, Final residual = 1.00507e-05, No Iterations 7
smoothSolver:  Solving for Uy, Initial residual = 0.00253657, Final residual = 0.000197061, No Iterations 7
smoothSolver:  Solving for Uz, Initial residual = 0.00215813, Final residual = 0.000159984, No Iterations 7
GAMG:  Solving for p, Initial residual = 0.0013371, Final residual = 4.9805e-06, No Iterations 4
time step continuity errors : sum local = 9.47197e-06, global = 6.19064e-08, cumulative = 4.46108e-05
smoothSolver:  Solving for omega, Initial residual = 2.2143e-05, Final residual = 1.32757e-06, No Iterations 3
smoothSolver:  Solving for k, Initial residual = 0.000172686, Final residual = 1.48745e-05, No Iterations 3
ExecutionTime = 40.31 s  ClockTime = 41 s

forceCoeffs forceCoeffs1 write:
    Cm    = 0.156416
    Cd    = 0.411098
    Cl    = 0.0654158
    Cl(f) = 0.189124
    Cl(r) = -0.123708

Time = 381

smoothSolver:  Solving for Ux, Initial residual = 0.000105652, Final residual = 1.01535e-05, No Iterations 7
smoothSolver:  Solving for Uy, Initial residual = 0.00255521, Final residual = 0.000196299, No Iterations 7
smoothSolver:  Solving for Uz, Initial residual = 0.00217898, Final residual = 0.000217164, No Iterations 6
GAMG:  Solving for p, Initial residual = 0.00134995, Final residual = 1.34548e-05, No Iterations 3
time step continuity errors : sum local = 2.55857e-05, global = 1.15841e-07, cumulative = 4.47267e-05
smoothSolver:  Solving for omega, Initial residual = 2.24697e-05, Final residual = 1.34173e-06, No Iterations 3
smoothSolver:  Solving for k, Initial residual = 0.000173069, Final residual = 1.49501e-05, No Iterations 3
ExecutionTime = 40.4 s  ClockTime = 41 s

forceCoeffs forceCoeffs1 write:
    Cm    = 0.156394
    Cd    = 0.41112
    Cl    = 0.065503
    Cl(f) = 0.189146
    Cl(r) = -0.123643

Time = 382

smoothSolver:  Solving for Ux, Initial residual = 0.000106027, Final residual = 1.01704e-05, No Iterations 7
smoothSolver:  Solving for Uy, Initial residual = 0.002552, Final residual = 0.000192321, No Iterations 7
smoothSolver:  Solving for Uz, Initial residual = 0.00218064, Final residual = 0.000214189, No Iterations 6
GAMG:  Solving for p, Initial residual = 0.00136726, Final residual = 5.2723e-06, No Iterations 4
time step continuity errors : sum local = 1.0025e-05, global = -2.49372e-08, cumulative = 4.47017e-05
smoothSolver:  Solving for omega, Initial residual = 2.28968e-05, Final residual = 1.3622e-06, No Iterations 3
smoothSolver:  Solving for k, Initial residual = 0.000174077, Final residual = 1.50472e-05, No Iterations 3
ExecutionTime = 40.5 s  ClockTime = 41 s

forceCoeffs forceCoeffs1 write:
    Cm    = 0.156419
    Cd    = 0.41119
    Cl    = 0.0656526
    Cl(f) = 0.189246
    Cl(r) = -0.123593

Time = 383

smoothSolver:  Solving for Ux, Initial residual = 0.000108507, Final residual = 1.03822e-05, No Iterations 7
smoothSolver:  Solving for Uy, Initial residual = 0.00262347, Final residual = 0.000197389, No Iterations 7
smoothSolver:  Solving for Uz, Initial residual = 0.00222944, Final residual = 0.000219351, No Iterations 6
GAMG:  Solving for p, Initial residual = 0.00138345, Final residual = 1.35901e-05, No Iterations 3
time step continuity errors : sum local = 2.58335e-05, global = 5.52164e-08, cumulative = 4.4757e-05
smoothSolver:  Solving for omega, Initial residual = 2.32306e-05, Final residual = 1.3899e-06, No Iterations 3
smoothSolver:  Solving for k, Initial residual = 0.000175493, Final residual = 1.51316e-05, No Iterations 3
ExecutionTime = 40.61 s  ClockTime = 41 s

forceCoeffs forceCoeffs1 write:
    Cm    = 0.15642
    Cd    = 0.411247
    Cl    = 0.0657198
    Cl(f) = 0.18928
    Cl(r) = -0.123561

Time = 384

smoothSolver:  Solving for Ux, Initial residual = 0.000109547, Final residual = 1.04287e-05, No Iterations 7
smoothSolver:  Solving for Uy, Initial residual = 0.00262752, Final residual = 0.000194325, No Iterations 7
smoothSolver:  Solving for Uz, Initial residual = 0.00223664, Final residual = 0.000217282, No Iterations 6
GAMG:  Solving for p, Initial residual = 0.00140175, Final residual = 5.30871e-06, No Iterations 4
time step continuity errors : sum local = 1.00899e-05, global = -4.09712e-08, cumulative = 4.4716e-05
smoothSolver:  Solving for omega, Initial residual = 2.39532e-05, Final residual = 1.41189e-06, No Iterations 3
smoothSolver:  Solving for k, Initial residual = 0.000177554, Final residual = 1.52105e-05, No Iterations 3
ExecutionTime = 40.7 s  ClockTime = 42 s

forceCoeffs forceCoeffs1 write:
    Cm    = 0.156446
    Cd    = 0.411345
    Cl    = 0.0658225
    Cl(f) = 0.189358
    Cl(r) = -0.123535

Time = 385

smoothSolver:  Solving for Ux, Initial residual = 0.000112616, Final residual = 1.06724e-05, No Iterations 7
smoothSolver:  Solving for Uy, Initial residual = 0.00271105, Final residual = 0.000201369, No Iterations 7
smoothSolver:  Solving for Uz, Initial residual = 0.00230365, Final residual = 0.000223731, No Iterations 6
GAMG:  Solving for p, Initial residual = 0.0014254, Final residual = 1.40452e-05, No Iterations 3
time step continuity errors : sum local = 2.66869e-05, global = 1.43116e-07, cumulative = 4.48591e-05
smoothSolver:  Solving for omega, Initial residual = 2.45239e-05, Final residual = 1.4452e-06, No Iterations 3
smoothSolver:  Solving for k, Initial residual = 0.000179172, Final residual = 1.52797e-05, No Iterations 3
ExecutionTime = 40.81 s  ClockTime = 42 s

forceCoeffs forceCoeffs1 write:
    Cm    = 0.156455
    Cd    = 0.411416
    Cl    = 0.0658506
    Cl(f) = 0.18938
    Cl(r) = -0.123529

Time = 386

smoothSolver:  Solving for Ux, Initial residual = 0.000113751, Final residual = 1.06896e-05, No Iterations 7
smoothSolver:  Solving for Uy, Initial residual = 0.00272694, Final residual = 0.000269978, No Iterations 6
smoothSolver:  Solving for Uz, Initial residual = 0.00232085, Final residual = 0.000223297, No Iterations 6
GAMG:  Solving for p, Initial residual = 0.00145469, Final residual = 5.42734e-06, No Iterations 4
time step continuity errors : sum local = 1.03115e-05, global = 9.7639e-09, cumulative = 4.48689e-05
smoothSolver:  Solving for omega, Initial residual = 2.50693e-05, Final residual = 1.48214e-06, No Iterations 3
smoothSolver:  Solving for k, Initial residual = 0.000181453, Final residual = 1.5353e-05, No Iterations 3
ExecutionTime = 40.91 s  ClockTime = 42 s

forceCoeffs forceCoeffs1 write:
    Cm    = 0.156487
    Cd    = 0.411536
    Cl    = 0.0658872
    Cl(f) = 0.18943
    Cl(r) = -0.123543

Time = 387

smoothSolver:  Solving for Ux, Initial residual = 0.000116858, Final residual = 1.09692e-05, No Iterations 7
smoothSolver:  Solving for Uy, Initial residual = 0.0028219, Final residual = 0.000280777, No Iterations 6
smoothSolver:  Solving for Uz, Initial residual = 0.00239131, Final residual = 0.000230485, No Iterations 6
GAMG:  Solving for p, Initial residual = 0.00148693, Final residual = 1.47982e-05, No Iterations 3
time step continuity errors : sum local = 2.81095e-05, global = 2.37146e-07, cumulative = 4.5106e-05
smoothSolver:  Solving for omega, Initial residual = 2.53987e-05, Final residual = 1.51453e-06, No Iterations 3
smoothSolver:  Solving for k, Initial residual = 0.000183399, Final residual = 1.54465e-05, No Iterations 3
ExecutionTime = 41.01 s  ClockTime = 42 s

forceCoeffs forceCoeffs1 write:
    Cm    = 0.156531
    Cd    = 0.411674
    Cl    = 0.0658453
    Cl(f) = 0.189454
    Cl(r) = -0.123609

Time = 388

smoothSolver:  Solving for Ux, Initial residual = 0.000117925, Final residual = 1.10052e-05, No Iterations 7
smoothSolver:  Solving for Uy, Initial residual = 0.00284913, Final residual = 0.00027895, No Iterations 6
smoothSolver:  Solving for Uz, Initial residual = 0.00241351, Final residual = 0.000231292, No Iterations 6
GAMG:  Solving for p, Initial residual = 0.0015141, Final residual = 5.817e-06, No Iterations 4
time step continuity errors : sum local = 1.10489e-05, global = 8.56457e-08, cumulative = 4.51917e-05
smoothSolver:  Solving for omega, Initial residual = 2.58096e-05, Final residual = 1.54658e-06, No Iterations 3
smoothSolver:  Solving for k, Initial residual = 0.000186142, Final residual = 1.55652e-05, No Iterations 3
ExecutionTime = 41.11 s  ClockTime = 42 s

forceCoeffs forceCoeffs1 write:
    Cm    = 0.156619
    Cd    = 0.411931
    Cl    = 0.0658
    Cl(f) = 0.189519
    Cl(r) = -0.123719

Time = 389

smoothSolver:  Solving for Ux, Initial residual = 0.00012143, Final residual = 1.13855e-05, No Iterations 7
smoothSolver:  Solving for Uy, Initial residual = 0.00295095, Final residual = 0.000292268, No Iterations 6
smoothSolver:  Solving for Uz, Initial residual = 0.00249406, Final residual = 0.000243383, No Iterations 6
GAMG:  Solving for p, Initial residual = 0.00154785, Final residual = 5.8281e-06, No Iterations 4
time step continuity errors : sum local = 1.10685e-05, global = 9.82305e-08, cumulative = 4.52899e-05
smoothSolver:  Solving for omega, Initial residual = 2.61838e-05, Final residual = 1.57512e-06, No Iterations 3
smoothSolver:  Solving for k, Initial residual = 0.000189015, Final residual = 1.57055e-05, No Iterations 3
ExecutionTime = 41.21 s  ClockTime = 42 s

forceCoeffs forceCoeffs1 write:
    Cm    = 0.15668
    Cd    = 0.412174
    Cl    = 0.0656462
    Cl(f) = 0.189503
    Cl(r) = -0.123857

Time = 390

smoothSolver:  Solving for Ux, Initial residual = 0.000123906, Final residual = 1.16014e-05, No Iterations 7
smoothSolver:  Solving for Uy, Initial residual = 0.00300851, Final residual = 0.000296365, No Iterations 6
smoothSolver:  Solving for Uz, Initial residual = 0.00253851, Final residual = 0.000249647, No Iterations 6
GAMG:  Solving for p, Initial residual = 0.00158471, Final residual = 6.20264e-06, No Iterations 4
time step continuity errors : sum local = 1.17796e-05, global = 1.31509e-07, cumulative = 4.54214e-05
smoothSolver:  Solving for omega, Initial residual = 2.68609e-05, Final residual = 1.60481e-06, No Iterations 3
smoothSolver:  Solving for k, Initial residual = 0.000193629, Final residual = 1.59426e-05, No Iterations 3
ExecutionTime = 41.31 s  ClockTime = 42 s

forceCoeffs forceCoeffs1 write:
    Cm    = 0.156761
    Cd    = 0.412456
    Cl    = 0.0655537
    Cl(f) = 0.189538
    Cl(r) = -0.123984

Time = 391

smoothSolver:  Solving for Ux, Initial residual = 0.000127312, Final residual = 1.19387e-05, No Iterations 7
smoothSolver:  Solving for Uy, Initial residual = 0.00310484, Final residual = 0.00030685, No Iterations 6
smoothSolver:  Solving for Uz, Initial residual = 0.00260929, Final residual = 0.000258875, No Iterations 6
GAMG:  Solving for p, Initial residual = 0.00162265, Final residual = 6.4992e-06, No Iterations 4
time step continuity errors : sum local = 1.2342e-05, global = 1.51381e-07, cumulative = 4.55728e-05
smoothSolver:  Solving for omega, Initial residual = 2.76488e-05, Final residual = 1.64413e-06, No Iterations 3
smoothSolver:  Solving for k, Initial residual = 0.000198497, Final residual = 1.62109e-05, No Iterations 3
ExecutionTime = 41.42 s  ClockTime = 42 s

forceCoeffs forceCoeffs1 write:
    Cm    = 0.156868
    Cd    = 0.412782
    Cl    = 0.0654131
    Cl(f) = 0.189575
    Cl(r) = -0.124161

Time = 392

smoothSolver:  Solving for Ux, Initial residual = 0.000130594, Final residual = 1.22616e-05, No Iterations 7
smoothSolver:  Solving for Uy, Initial residual = 0.00319747, Final residual = 0.000317305, No Iterations 6
smoothSolver:  Solving for Uz, Initial residual = 0.00267238, Final residual = 0.00026613, No Iterations 6
GAMG:  Solving for p, Initial residual = 0.00166133, Final residual = 6.76124e-06, No Iterations 4
time step continuity errors : sum local = 1.28383e-05, global = 1.6463e-07, cumulative = 4.57374e-05
smoothSolver:  Solving for omega, Initial residual = 2.8228e-05, Final residual = 1.67499e-06, No Iterations 3
smoothSolver:  Solving for k, Initial residual = 0.00020482, Final residual = 1.65912e-05, No Iterations 3
ExecutionTime = 41.51 s  ClockTime = 42 s

forceCoeffs forceCoeffs1 write:
    Cm    = 0.156999
    Cd    = 0.413166
    Cl    = 0.0653004
    Cl(f) = 0.189649
    Cl(r) = -0.124348

Time = 393

smoothSolver:  Solving for Ux, Initial residual = 0.000134898, Final residual = 1.2683e-05, No Iterations 7
smoothSolver:  Solving for Uy, Initial residual = 0.00331248, Final residual = 0.000243983, No Iterations 7
smoothSolver:  Solving for Uz, Initial residual = 0.00275111, Final residual = 0.000204761, No Iterations 7
GAMG:  Solving for p, Initial residual = 0.00169614, Final residual = 7.13023e-06, No Iterations 4
time step continuity errors : sum local = 1.35372e-05, global = 1.67847e-07, cumulative = 4.59053e-05
smoothSolver:  Solving for omega, Initial residual = 2.89875e-05, Final residual = 1.71793e-06, No Iterations 3
smoothSolver:  Solving for k, Initial residual = 0.000211626, Final residual = 1.71113e-05, No Iterations 3
ExecutionTime = 41.62 s  ClockTime = 42 s

forceCoeffs forceCoeffs1 write:
    Cm    = 0.157103
    Cd    = 0.413522
    Cl    = 0.0650918
    Cl(f) = 0.189649
    Cl(r) = -0.124557

Time = 394

smoothSolver:  Solving for Ux, Initial residual = 0.000139446, Final residual = 1.30736e-05, No Iterations 7
smoothSolver:  Solving for Uy, Initial residual = 0.00343299, Final residual = 0.000256522, No Iterations 7
smoothSolver:  Solving for Uz, Initial residual = 0.00282659, Final residual = 0.000211827, No Iterations 7
GAMG:  Solving for p, Initial residual = 0.00173176, Final residual = 7.21512e-06, No Iterations 4
time step continuity errors : sum local = 1.36963e-05, global = 1.53872e-07, cumulative = 4.60591e-05
smoothSolver:  Solving for omega, Initial residual = 2.94884e-05, Final residual = 1.74145e-06, No Iterations 3
smoothSolver:  Solving for k, Initial residual = 0.000220151, Final residual = 1.77182e-05, No Iterations 3
ExecutionTime = 41.72 s  ClockTime = 43 s

forceCoeffs forceCoeffs1 write:
    Cm    = 0.157199
    Cd    = 0.413873
    Cl    = 0.0648787
    Cl(f) = 0.189638
    Cl(r) = -0.124759

Time = 395

smoothSolver:  Solving for Ux, Initial residual = 0.00014438, Final residual = 1.35188e-05, No Iterations 7
smoothSolver:  Solving for Uy, Initial residual = 0.00354256, Final residual = 0.000267717, No Iterations 7
smoothSolver:  Solving for Uz, Initial residual = 0.00289785, Final residual = 0.000217036, No Iterations 7
GAMG:  Solving for p, Initial residual = 0.00177189, Final residual = 7.38447e-06, No Iterations 4
time step continuity errors : sum local = 1.40176e-05, global = 1.71606e-07, cumulative = 4.62307e-05
smoothSolver:  Solving for omega, Initial residual = 3.01294e-05, Final residual = 1.77524e-06, No Iterations 3
smoothSolver:  Solving for k, Initial residual = 0.00023006, Final residual = 1.84378e-05, No Iterations 3
ExecutionTime = 41.82 s  ClockTime = 43 s

forceCoeffs forceCoeffs1 write:
    Cm    = 0.157219
    Cd    = 0.414076
    Cl    = 0.0645646
    Cl(f) = 0.189501
    Cl(r) = -0.124936

Time = 396

smoothSolver:  Solving for Ux, Initial residual = 0.000149092, Final residual = 1.39234e-05, No Iterations 7
smoothSolver:  Solving for Uy, Initial residual = 0.00363438, Final residual = 0.000276221, No Iterations 7
smoothSolver:  Solving for Uz, Initial residual = 0.00296174, Final residual = 0.000221118, No Iterations 7
GAMG:  Solving for p, Initial residual = 0.00181026, Final residual = 7.5607e-06, No Iterations 4
time step continuity errors : sum local = 1.43534e-05, global = 1.81843e-07, cumulative = 4.64126e-05
smoothSolver:  Solving for omega, Initial residual = 3.07276e-05, Final residual = 1.79068e-06, No Iterations 3
smoothSolver:  Solving for k, Initial residual = 0.000241813, Final residual = 1.92435e-05, No Iterations 3
ExecutionTime = 41.92 s  ClockTime = 43 s

forceCoeffs forceCoeffs1 write:
    Cm    = 0.157211
    Cd    = 0.414221
    Cl    = 0.0642162
    Cl(f) = 0.189319
    Cl(r) = -0.125103

Time = 397

smoothSolver:  Solving for Ux, Initial residual = 0.000153828, Final residual = 1.4406e-05, No Iterations 7
smoothSolver:  Solving for Uy, Initial residual = 0.00372886, Final residual = 0.000284239, No Iterations 7
smoothSolver:  Solving for Uz, Initial residual = 0.00303304, Final residual = 0.000226067, No Iterations 7
GAMG:  Solving for p, Initial residual = 0.00184697, Final residual = 7.71986e-06, No Iterations 4
time step continuity errors : sum local = 1.46581e-05, global = 1.69219e-07, cumulative = 4.65818e-05
smoothSolver:  Solving for omega, Initial residual = 3.12867e-05, Final residual = 1.81411e-06, No Iterations 3
smoothSolver:  Solving for k, Initial residual = 0.000253563, Final residual = 2.00651e-05, No Iterations 3
ExecutionTime = 42.02 s  ClockTime = 43 s

forceCoeffs forceCoeffs1 write:
    Cm    = 0.157135
    Cd    = 0.414216
    Cl    = 0.0637905
    Cl(f) = 0.18903
    Cl(r) = -0.12524

Time = 398

smoothSolver:  Solving for Ux, Initial residual = 0.000157593, Final residual = 1.47455e-05, No Iterations 7
smoothSolver:  Solving for Uy, Initial residual = 0.00379776, Final residual = 0.000291084, No Iterations 7
smoothSolver:  Solving for Uz, Initial residual = 0.00308566, Final residual = 0.000230307, No Iterations 7
GAMG:  Solving for p, Initial residual = 0.0018744, Final residual = 7.82571e-06, No Iterations 4
time step continuity errors : sum local = 1.48624e-05, global = 1.61803e-07, cumulative = 4.67436e-05
smoothSolver:  Solving for omega, Initial residual = 3.16928e-05, Final residual = 1.83508e-06, No Iterations 3
smoothSolver:  Solving for k, Initial residual = 0.000264858, Final residual = 2.08822e-05, No Iterations 3
ExecutionTime = 42.13 s  ClockTime = 43 s

forceCoeffs forceCoeffs1 write:
    Cm    = 0.157051
    Cd    = 0.414159
    Cl    = 0.063425
    Cl(f) = 0.188764
    Cl(r) = -0.125339

Time = 399

smoothSolver:  Solving for Ux, Initial residual = 0.000161157, Final residual = 1.51237e-05, No Iterations 7
smoothSolver:  Solving for Uy, Initial residual = 0.00388302, Final residual = 0.000299083, No Iterations 7
smoothSolver:  Solving for Uz, Initial residual = 0.00315857, Final residual = 0.000238047, No Iterations 7
GAMG:  Solving for p, Initial residual = 0.00190084, Final residual = 8.06343e-06, No Iterations 4
time step continuity errors : sum local = 1.53171e-05, global = 1.43311e-07, cumulative = 4.68869e-05
smoothSolver:  Solving for omega, Initial residual = 3.21618e-05, Final residual = 1.85477e-06, No Iterations 3
smoothSolver:  Solving for k, Initial residual = 0.000276151, Final residual = 2.15905e-05, No Iterations 3
ExecutionTime = 42.23 s  ClockTime = 43 s

forceCoeffs forceCoeffs1 write:
    Cm    = 0.156933
    Cd    = 0.414032
    Cl    = 0.0630553
    Cl(f) = 0.188461
    Cl(r) = -0.125405

Time = 400

smoothSolver:  Solving for Ux, Initial residual = 0.000164387, Final residual = 1.54564e-05, No Iterations 7
smoothSolver:  Solving for Uy, Initial residual = 0.00394872, Final residual = 0.000308585, No Iterations 7
smoothSolver:  Solving for Uz, Initial residual = 0.00322802, Final residual = 0.00024802, No Iterations 7
GAMG:  Solving for p, Initial residual = 0.00192347, Final residual = 8.35457e-06, No Iterations 4
time step continuity errors : sum local = 1.5873e-05, global = 1.1746e-07, cumulative = 4.70044e-05
smoothSolver:  Solving for omega, Initial residual = 3.28769e-05, Final residual = 1.88388e-06, No Iterations 3
smoothSolver:  Solving for k, Initial residual = 0.000286747, Final residual = 2.22205e-05, No Iterations 3
ExecutionTime = 42.34 s  ClockTime = 43 s

streamLine streamLines write:
    seeded 20 particles
    Tracks:20
    Total samples:21384
    Writing data to "/mnt/aiongpfs/users/mghavami/motorBike-RUN-06/postProcessing/sets/streamLines/400"
forceCoeffs forceCoeffs1 write:
    Cm    = 0.156794
    Cd    = 0.413882
    Cl    = 0.0627586
    Cl(f) = 0.188173
    Cl(r) = -0.125415

Time = 401

smoothSolver:  Solving for Ux, Initial residual = 0.000167631, Final residual = 1.58999e-05, No Iterations 7
smoothSolver:  Solving for Uy, Initial residual = 0.00402606, Final residual = 0.000322003, No Iterations 7
smoothSolver:  Solving for Uz, Initial residual = 0.00331603, Final residual = 0.000262718, No Iterations 7
GAMG:  Solving for p, Initial residual = 0.00194666, Final residual = 8.63163e-06, No Iterations 4
time step continuity errors : sum local = 1.64006e-05, global = 6.28486e-08, cumulative = 4.70672e-05
smoothSolver:  Solving for omega, Initial residual = 3.31112e-05, Final residual = 1.91444e-06, No Iterations 3
smoothSolver:  Solving for k, Initial residual = 0.000297237, Final residual = 2.28859e-05, No Iterations 3
ExecutionTime = 42.74 s  ClockTime = 44 s

forceCoeffs forceCoeffs1 write:
    Cm    = 0.156638
    Cd    = 0.413662
    Cl    = 0.0625463
    Cl(f) = 0.187912
    Cl(r) = -0.125365

Time = 402

smoothSolver:  Solving for Ux, Initial residual = 0.000171423, Final residual = 1.64075e-05, No Iterations 7
smoothSolver:  Solving for Uy, Initial residual = 0.00411057, Final residual = 0.000337585, No Iterations 7
smoothSolver:  Solving for Uz, Initial residual = 0.0033997, Final residual = 0.000276774, No Iterations 7
GAMG:  Solving for p, Initial residual = 0.00196414, Final residual = 8.75195e-06, No Iterations 4
time step continuity errors : sum local = 1.66283e-05, global = -9.66164e-08, cumulative = 4.69706e-05
smoothSolver:  Solving for omega, Initial residual = 3.34909e-05, Final residual = 1.9413e-06, No Iterations 3
smoothSolver:  Solving for k, Initial residual = 0.000307308, Final residual = 2.36525e-05, No Iterations 3
ExecutionTime = 42.84 s  ClockTime = 44 s

forceCoeffs forceCoeffs1 write:
    Cm    = 0.156498
    Cd    = 0.413448
    Cl    = 0.06246
    Cl(f) = 0.187728
    Cl(r) = -0.125268

Time = 403

smoothSolver:  Solving for Ux, Initial residual = 0.000174904, Final residual = 1.69347e-05, No Iterations 7
smoothSolver:  Solving for Uy, Initial residual = 0.00422733, Final residual = 0.000354094, No Iterations 7
smoothSolver:  Solving for Uz, Initial residual = 0.0035005, Final residual = 0.000291125, No Iterations 7
GAMG:  Solving for p, Initial residual = 0.00198042, Final residual = 8.88278e-06, No Iterations 4
time step continuity errors : sum local = 1.68735e-05, global = -1.303e-07, cumulative = 4.68403e-05
smoothSolver:  Solving for omega, Initial residual = 3.3823e-05, Final residual = 1.97197e-06, No Iterations 3
smoothSolver:  Solving for k, Initial residual = 0.000316753, Final residual = 2.44385e-05, No Iterations 3
ExecutionTime = 42.95 s  ClockTime = 44 s

forceCoeffs forceCoeffs1 write:
    Cm    = 0.156391
    Cd    = 0.413225
    Cl    = 0.0624833
    Cl(f) = 0.187633
    Cl(r) = -0.125149

Time = 404

smoothSolver:  Solving for Ux, Initial residual = 0.000177589, Final residual = 1.7407e-05, No Iterations 7
smoothSolver:  Solving for Uy, Initial residual = 0.0043076, Final residual = 0.000367574, No Iterations 7
smoothSolver:  Solving for Uz, Initial residual = 0.00355735, Final residual = 0.000300749, No Iterations 7
GAMG:  Solving for p, Initial residual = 0.00198883, Final residual = 8.97871e-06, No Iterations 4
time step continuity errors : sum local = 1.70499e-05, global = -1.55884e-07, cumulative = 4.66844e-05
smoothSolver:  Solving for omega, Initial residual = 3.39499e-05, Final residual = 2.00568e-06, No Iterations 3
smoothSolver:  Solving for k, Initial residual = 0.000323961, Final residual = 2.52383e-05, No Iterations 3
ExecutionTime = 43.05 s  ClockTime = 44 s

forceCoeffs forceCoeffs1 write:
    Cm    = 0.156323
    Cd    = 0.413028
    Cl    = 0.062546
    Cl(f) = 0.187596
    Cl(r) = -0.12505

Time = 405

smoothSolver:  Solving for Ux, Initial residual = 0.000179547, Final residual = 1.77571e-05, No Iterations 7
smoothSolver:  Solving for Uy, Initial residual = 0.00439422, Final residual = 0.000379165, No Iterations 7
smoothSolver:  Solving for Uz, Initial residual = 0.00360819, Final residual = 0.000307835, No Iterations 7
GAMG:  Solving for p, Initial residual = 0.00199111, Final residual = 9.0632e-06, No Iterations 4
time step continuity errors : sum local = 1.72034e-05, global = -1.84906e-07, cumulative = 4.64995e-05
smoothSolver:  Solving for omega, Initial residual = 3.389e-05, Final residual = 2.01622e-06, No Iterations 3
smoothSolver:  Solving for k, Initial residual = 0.000328448, Final residual = 2.59159e-05, No Iterations 3
ExecutionTime = 43.14 s  ClockTime = 44 s

forceCoeffs forceCoeffs1 write:
    Cm    = 0.156321
    Cd    = 0.412883
    Cl    = 0.0626505
    Cl(f) = 0.187646
    Cl(r) = -0.124996

Time = 406

smoothSolver:  Solving for Ux, Initial residual = 0.000179592, Final residual = 1.77574e-05, No Iterations 7
smoothSolver:  Solving for Uy, Initial residual = 0.0044128, Final residual = 0.000383317, No Iterations 7
smoothSolver:  Solving for Uz, Initial residual = 0.00359593, Final residual = 0.000308817, No Iterations 7
GAMG:  Solving for p, Initial residual = 0.0019859, Final residual = 8.96974e-06, No Iterations 4
time step continuity errors : sum local = 1.7019e-05, global = -1.75823e-07, cumulative = 4.63237e-05
smoothSolver:  Solving for omega, Initial residual = 3.38503e-05, Final residual = 2.0126e-06, No Iterations 3
smoothSolver:  Solving for k, Initial residual = 0.000330912, Final residual = 2.63588e-05, No Iterations 3
ExecutionTime = 43.25 s  ClockTime = 44 s

forceCoeffs forceCoeffs1 write:
    Cm    = 0.156381
    Cd    = 0.41282
    Cl    = 0.0627313
    Cl(f) = 0.187746
    Cl(r) = -0.125015

Time = 407

smoothSolver:  Solving for Ux, Initial residual = 0.000179071, Final residual = 1.76904e-05, No Iterations 7
smoothSolver:  Solving for Uy, Initial residual = 0.00440555, Final residual = 0.000382695, No Iterations 7
smoothSolver:  Solving for Uz, Initial residual = 0.0035849, Final residual = 0.000308527, No Iterations 7
GAMG:  Solving for p, Initial residual = 0.0019756, Final residual = 8.60362e-06, No Iterations 4
time step continuity errors : sum local = 1.632e-05, global = -1.56463e-07, cumulative = 4.61672e-05
smoothSolver:  Solving for omega, Initial residual = 3.36645e-05, Final residual = 2.0049e-06, No Iterations 3
smoothSolver:  Solving for k, Initial residual = 0.000331419, Final residual = 2.6556e-05, No Iterations 3
ExecutionTime = 43.35 s  ClockTime = 44 s

forceCoeffs forceCoeffs1 write:
    Cm    = 0.156465
    Cd    = 0.412764
    Cl    = 0.0628026
    Cl(f) = 0.187866
    Cl(r) = -0.125064

Time = 408

smoothSolver:  Solving for Ux, Initial residual = 0.000178069, Final residual = 1.76867e-05, No Iterations 7
smoothSolver:  Solving for Uy, Initial residual = 0.00435268, Final residual = 0.000378291, No Iterations 7
smoothSolver:  Solving for Uz, Initial residual = 0.00354605, Final residual = 0.000305084, No Iterations 7
GAMG:  Solving for p, Initial residual = 0.00196261, Final residual = 8.10783e-06, No Iterations 4
time step continuity errors : sum local = 1.53765e-05, global = -1.40634e-07, cumulative = 4.60266e-05
smoothSolver:  Solving for omega, Initial residual = 3.3272e-05, Final residual = 1.98557e-06, No Iterations 3
smoothSolver:  Solving for k, Initial residual = 0.000330671, Final residual = 2.66414e-05, No Iterations 3
ExecutionTime = 43.46 s  ClockTime = 44 s

forceCoeffs forceCoeffs1 write:
    Cm    = 0.1566
    Cd    = 0.41278
    Cl    = 0.0629061
    Cl(f) = 0.188053
    Cl(r) = -0.125147

Time = 409

smoothSolver:  Solving for Ux, Initial residual = 0.000176663, Final residual = 1.3508e-05, No Iterations 8
smoothSolver:  Solving for Uy, Initial residual = 0.00430607, Final residual = 0.00037416, No Iterations 7
smoothSolver:  Solving for Uz, Initial residual = 0.00351226, Final residual = 0.000300867, No Iterations 7
GAMG:  Solving for p, Initial residual = 0.00195005, Final residual = 7.8442e-06, No Iterations 4
time step continuity errors : sum local = 1.48755e-05, global = -1.19833e-07, cumulative = 4.59068e-05
smoothSolver:  Solving for omega, Initial residual = 3.29412e-05, Final residual = 1.9797e-06, No Iterations 3
smoothSolver:  Solving for k, Initial residual = 0.000330738, Final residual = 2.67792e-05, No Iterations 3
ExecutionTime = 43.56 s  ClockTime = 45 s

forceCoeffs forceCoeffs1 write:
    Cm    = 0.156774
    Cd    = 0.412842
    Cl    = 0.0630442
    Cl(f) = 0.188296
    Cl(r) = -0.125252

Time = 410

smoothSolver:  Solving for Ux, Initial residual = 0.000175034, Final residual = 1.36494e-05, No Iterations 8
smoothSolver:  Solving for Uy, Initial residual = 0.00424702, Final residual = 0.000371591, No Iterations 7
smoothSolver:  Solving for Uz, Initial residual = 0.00347707, Final residual = 0.000297414, No Iterations 7
GAMG:  Solving for p, Initial residual = 0.001939, Final residual = 7.84007e-06, No Iterations 4
time step continuity errors : sum local = 1.48676e-05, global = -6.20624e-08, cumulative = 4.58447e-05
smoothSolver:  Solving for omega, Initial residual = 3.25621e-05, Final residual = 1.97627e-06, No Iterations 3
smoothSolver:  Solving for k, Initial residual = 0.000328338, Final residual = 2.69095e-05, No Iterations 3
ExecutionTime = 43.66 s  ClockTime = 45 s

forceCoeffs forceCoeffs1 write:
    Cm    = 0.156933
    Cd    = 0.412948
    Cl    = 0.063178
    Cl(f) = 0.188522
    Cl(r) = -0.125343

Time = 411

smoothSolver:  Solving for Ux, Initial residual = 0.000173324, Final residual = 1.37473e-05, No Iterations 8
smoothSolver:  Solving for Uy, Initial residual = 0.00421685, Final residual = 0.00037134, No Iterations 7
smoothSolver:  Solving for Uz, Initial residual = 0.00346704, Final residual = 0.00029692, No Iterations 7
GAMG:  Solving for p, Initial residual = 0.00192926, Final residual = 7.89397e-06, No Iterations 4
time step continuity errors : sum local = 1.4972e-05, global = 5.53799e-08, cumulative = 4.59001e-05
smoothSolver:  Solving for omega, Initial residual = 3.2062e-05, Final residual = 1.97249e-06, No Iterations 3
smoothSolver:  Solving for k, Initial residual = 0.00032425, Final residual = 2.70004e-05, No Iterations 3
ExecutionTime = 43.77 s  ClockTime = 45 s

forceCoeffs forceCoeffs1 write:
    Cm    = 0.157027
    Cd    = 0.412986
    Cl    = 0.0633161
    Cl(f) = 0.188685
    Cl(r) = -0.125369

Time = 412

smoothSolver:  Solving for Ux, Initial residual = 0.000171346, Final residual = 1.37141e-05, No Iterations 8
smoothSolver:  Solving for Uy, Initial residual = 0.00415695, Final residual = 0.000362886, No Iterations 7
smoothSolver:  Solving for Uz, Initial residual = 0.00344134, Final residual = 0.000292657, No Iterations 7
GAMG:  Solving for p, Initial residual = 0.00191235, Final residual = 7.9031e-06, No Iterations 4
time step continuity errors : sum local = 1.49916e-05, global = 7.02635e-08, cumulative = 4.59703e-05
smoothSolver:  Solving for omega, Initial residual = 3.14991e-05, Final residual = 1.9619e-06, No Iterations 3
smoothSolver:  Solving for k, Initial residual = 0.000318843, Final residual = 2.69514e-05, No Iterations 3
ExecutionTime = 43.87 s  ClockTime = 45 s

forceCoeffs forceCoeffs1 write:
    Cm    = 0.157068
    Cd    = 0.41299
    Cl    = 0.0634661
    Cl(f) = 0.188801
    Cl(r) = -0.125335

Time = 413

smoothSolver:  Solving for Ux, Initial residual = 0.000169697, Final residual = 1.35626e-05, No Iterations 8
smoothSolver:  Solving for Uy, Initial residual = 0.00408054, Final residual = 0.000351174, No Iterations 7
smoothSolver:  Solving for Uz, Initial residual = 0.00340002, Final residual = 0.000286162, No Iterations 7
GAMG:  Solving for p, Initial residual = 0.00189594, Final residual = 7.80914e-06, No Iterations 4
time step continuity errors : sum local = 1.4817e-05, global = 1.04189e-07, cumulative = 4.60745e-05
smoothSolver:  Solving for omega, Initial residual = 3.10877e-05, Final residual = 1.95474e-06, No Iterations 3
smoothSolver:  Solving for k, Initial residual = 0.000311582, Final residual = 2.66009e-05, No Iterations 3
ExecutionTime = 43.97 s  ClockTime = 45 s

forceCoeffs forceCoeffs1 write:
    Cm    = 0.157011
    Cd    = 0.412843
    Cl    = 0.0636036
    Cl(f) = 0.188813
    Cl(r) = -0.125209

Time = 414

smoothSolver:  Solving for Ux, Initial residual = 0.000167816, Final residual = 1.32936e-05, No Iterations 8
smoothSolver:  Solving for Uy, Initial residual = 0.00397224, Final residual = 0.000336134, No Iterations 7
smoothSolver:  Solving for Uz, Initial residual = 0.0033541, Final residual = 0.000279378, No Iterations 7
GAMG:  Solving for p, Initial residual = 0.00187092, Final residual = 7.61633e-06, No Iterations 4
time step continuity errors : sum local = 1.44533e-05, global = 1.46421e-07, cumulative = 4.62209e-05
smoothSolver:  Solving for omega, Initial residual = 3.06757e-05, Final residual = 1.9213e-06, No Iterations 3
smoothSolver:  Solving for k, Initial residual = 0.000302785, Final residual = 2.59494e-05, No Iterations 3
ExecutionTime = 44.08 s  ClockTime = 45 s

forceCoeffs forceCoeffs1 write:
    Cm    = 0.156922
    Cd    = 0.412664
    Cl    = 0.0637568
    Cl(f) = 0.1888
    Cl(r) = -0.125043

Time = 415

smoothSolver:  Solving for Ux, Initial residual = 0.000165937, Final residual = 1.30079e-05, No Iterations 8
smoothSolver:  Solving for Uy, Initial residual = 0.00389047, Final residual = 0.000324568, No Iterations 7
smoothSolver:  Solving for Uz, Initial residual = 0.00331423, Final residual = 0.000273842, No Iterations 7
GAMG:  Solving for p, Initial residual = 0.00185162, Final residual = 7.48299e-06, No Iterations 4
time step continuity errors : sum local = 1.42025e-05, global = 1.41263e-07, cumulative = 4.63622e-05
smoothSolver:  Solving for omega, Initial residual = 3.01798e-05, Final residual = 1.88209e-06, No Iterations 3
smoothSolver:  Solving for k, Initial residual = 0.00029343, Final residual = 2.51336e-05, No Iterations 3
ExecutionTime = 44.18 s  ClockTime = 45 s

forceCoeffs forceCoeffs1 write:
    Cm    = 0.156796
    Cd    = 0.412379
    Cl    = 0.0638766
    Cl(f) = 0.188735
    Cl(r) = -0.124858

Time = 416

smoothSolver:  Solving for Ux, Initial residual = 0.000164086, Final residual = 1.28382e-05, No Iterations 8
smoothSolver:  Solving for Uy, Initial residual = 0.00381251, Final residual = 0.000314715, No Iterations 7
smoothSolver:  Solving for Uz, Initial residual = 0.00327334, Final residual = 0.000267968, No Iterations 7
GAMG:  Solving for p, Initial residual = 0.00183165, Final residual = 7.29718e-06, No Iterations 4
time step continuity errors : sum local = 1.38511e-05, global = 4.69199e-08, cumulative = 4.64091e-05
smoothSolver:  Solving for omega, Initial residual = 2.96381e-05, Final residual = 1.85541e-06, No Iterations 3
smoothSolver:  Solving for k, Initial residual = 0.000284016, Final residual = 2.4378e-05, No Iterations 3
ExecutionTime = 44.28 s  ClockTime = 45 s

forceCoeffs forceCoeffs1 write:
    Cm    = 0.156697
    Cd    = 0.412121
    Cl    = 0.0640361
    Cl(f) = 0.188715
    Cl(r) = -0.124679

Time = 417

smoothSolver:  Solving for Ux, Initial residual = 0.000163395, Final residual = 1.27734e-05, No Iterations 8
smoothSolver:  Solving for Uy, Initial residual = 0.00377077, Final residual = 0.000309338, No Iterations 7
smoothSolver:  Solving for Uz, Initial residual = 0.00327438, Final residual = 0.00026492, No Iterations 7
GAMG:  Solving for p, Initial residual = 0.00181287, Final residual = 7.21659e-06, No Iterations 4
time step continuity errors : sum local = 1.36991e-05, global = -4.25373e-09, cumulative = 4.64049e-05
smoothSolver:  Solving for omega, Initial residual = 2.9156e-05, Final residual = 1.83728e-06, No Iterations 3
smoothSolver:  Solving for k, Initial residual = 0.000277098, Final residual = 2.38148e-05, No Iterations 3
ExecutionTime = 44.39 s  ClockTime = 45 s

forceCoeffs forceCoeffs1 write:
    Cm    = 0.156571
    Cd    = 0.411819
    Cl    = 0.0641117
    Cl(f) = 0.188627
    Cl(r) = -0.124515

Time = 418

smoothSolver:  Solving for Ux, Initial residual = 0.00016219, Final residual = 1.25933e-05, No Iterations 8
smoothSolver:  Solving for Uy, Initial residual = 0.0037246, Final residual = 0.000304743, No Iterations 7
smoothSolver:  Solving for Uz, Initial residual = 0.00324457, Final residual = 0.000261345, No Iterations 7
GAMG:  Solving for p, Initial residual = 0.00178778, Final residual = 7.06507e-06, No Iterations 4
time step continuity errors : sum local = 1.34108e-05, global = -2.42308e-08, cumulative = 4.63806e-05
smoothSolver:  Solving for omega, Initial residual = 2.89059e-05, Final residual = 1.82253e-06, No Iterations 3
smoothSolver:  Solving for k, Initial residual = 0.000272923, Final residual = 2.34027e-05, No Iterations 3
ExecutionTime = 44.48 s  ClockTime = 46 s

forceCoeffs forceCoeffs1 write:
    Cm    = 0.156514
    Cd    = 0.411587
    Cl    = 0.0642317
    Cl(f) = 0.18863
    Cl(r) = -0.124399

Time = 419

smoothSolver:  Solving for Ux, Initial residual = 0.000160798, Final residual = 1.23282e-05, No Iterations 8
smoothSolver:  Solving for Uy, Initial residual = 0.00369221, Final residual = 0.000301379, No Iterations 7
smoothSolver:  Solving for Uz, Initial residual = 0.00323046, Final residual = 0.000258147, No Iterations 7
GAMG:  Solving for p, Initial residual = 0.00176825, Final residual = 6.94606e-06, No Iterations 4
time step continuity errors : sum local = 1.31833e-05, global = -6.32091e-08, cumulative = 4.63174e-05
smoothSolver:  Solving for omega, Initial residual = 2.81478e-05, Final residual = 1.80598e-06, No Iterations 3
smoothSolver:  Solving for k, Initial residual = 0.000270351, Final residual = 2.3116e-05, No Iterations 3
ExecutionTime = 44.59 s  ClockTime = 46 s

forceCoeffs forceCoeffs1 write:
    Cm    = 0.156498
    Cd    = 0.411359
    Cl    = 0.0643194
    Cl(f) = 0.188658
    Cl(r) = -0.124339

Time = 420

smoothSolver:  Solving for Ux, Initial residual = 0.000159039, Final residual = 1.20325e-05, No Iterations 8
smoothSolver:  Solving for Uy, Initial residual = 0.0036501, Final residual = 0.000297087, No Iterations 7
smoothSolver:  Solving for Uz, Initial residual = 0.00319748, Final residual = 0.000253675, No Iterations 7
GAMG:  Solving for p, Initial residual = 0.00174489, Final residual = 6.74527e-06, No Iterations 4
time step continuity errors : sum local = 1.27989e-05, global = -7.23849e-08, cumulative = 4.6245e-05
smoothSolver:  Solving for omega, Initial residual = 2.78976e-05, Final residual = 1.78104e-06, No Iterations 3
smoothSolver:  Solving for k, Initial residual = 0.0002694, Final residual = 2.28656e-05, No Iterations 3
ExecutionTime = 44.69 s  ClockTime = 46 s

forceCoeffs forceCoeffs1 write:
    Cm    = 0.156549
    Cd    = 0.411255
    Cl    = 0.0644403
    Cl(f) = 0.188769
    Cl(r) = -0.124329

Time = 421

smoothSolver:  Solving for Ux, Initial residual = 0.000157163, Final residual = 1.55616e-05, No Iterations 7
smoothSolver:  Solving for Uy, Initial residual = 0.00361743, Final residual = 0.000292544, No Iterations 7
smoothSolver:  Solving for Uz, Initial residual = 0.00316302, Final residual = 0.000247827, No Iterations 7
GAMG:  Solving for p, Initial residual = 0.00171936, Final residual = 6.65774e-06, No Iterations 4
time step continuity errors : sum local = 1.26295e-05, global = -1.00071e-07, cumulative = 4.6145e-05
smoothSolver:  Solving for omega, Initial residual = 2.74808e-05, Final residual = 1.75835e-06, No Iterations 3
smoothSolver:  Solving for k, Initial residual = 0.000269086, Final residual = 2.25623e-05, No Iterations 3
ExecutionTime = 44.79 s  ClockTime = 46 s

forceCoeffs forceCoeffs1 write:
    Cm    = 0.156581
    Cd    = 0.411128
    Cl    = 0.0645228
    Cl(f) = 0.188842
    Cl(r) = -0.124319

Time = 422

smoothSolver:  Solving for Ux, Initial residual = 0.000154839, Final residual = 1.51376e-05, No Iterations 7
smoothSolver:  Solving for Uy, Initial residual = 0.0035545, Final residual = 0.000284347, No Iterations 7
smoothSolver:  Solving for Uz, Initial residual = 0.00310753, Final residual = 0.000241797, No Iterations 7
GAMG:  Solving for p, Initial residual = 0.00169646, Final residual = 6.39933e-06, No Iterations 4
time step continuity errors : sum local = 1.21359e-05, global = -1.06092e-07, cumulative = 4.60389e-05
smoothSolver:  Solving for omega, Initial residual = 2.70707e-05, Final residual = 1.73073e-06, No Iterations 3
smoothSolver:  Solving for k, Initial residual = 0.000268987, Final residual = 2.22917e-05, No Iterations 3
ExecutionTime = 44.89 s  ClockTime = 46 s

forceCoeffs forceCoeffs1 write:
    Cm    = 0.156642
    Cd    = 0.411061
    Cl    = 0.064681
    Cl(f) = 0.188983
    Cl(r) = -0.124302

Time = 423

smoothSolver:  Solving for Ux, Initial residual = 0.000153419, Final residual = 1.49218e-05, No Iterations 7
smoothSolver:  Solving for Uy, Initial residual = 0.0035089, Final residual = 0.000277924, No Iterations 7
smoothSolver:  Solving for Uz, Initial residual = 0.00307116, Final residual = 0.000237124, No Iterations 7
GAMG:  Solving for p, Initial residual = 0.00167437, Final residual = 6.25492e-06, No Iterations 4
time step continuity errors : sum local = 1.18584e-05, global = -1.5422e-07, cumulative = 4.58847e-05
smoothSolver:  Solving for omega, Initial residual = 2.67748e-05, Final residual = 1.68711e-06, No Iterations 3
smoothSolver:  Solving for k, Initial residual = 0.000269168, Final residual = 2.19937e-05, No Iterations 3
ExecutionTime = 45 s  ClockTime = 46 s

forceCoeffs forceCoeffs1 write:
    Cm    = 0.156682
    Cd    = 0.411002
    Cl    = 0.0648046
    Cl(f) = 0.189085
    Cl(r) = -0.12428

Time = 424

smoothSolver:  Solving for Ux, Initial residual = 0.000151479, Final residual = 1.47695e-05, No Iterations 7
smoothSolver:  Solving for Uy, Initial residual = 0.00342556, Final residual = 0.000267235, No Iterations 7
smoothSolver:  Solving for Uz, Initial residual = 0.00300212, Final residual = 0.000230791, No Iterations 7
GAMG:  Solving for p, Initial residual = 0.00164573, Final residual = 6.15003e-06, No Iterations 4
time step continuity errors : sum local = 1.1657e-05, global = -1.78427e-07, cumulative = 4.57062e-05
smoothSolver:  Solving for omega, Initial residual = 2.64973e-05, Final residual = 1.65518e-06, No Iterations 3
smoothSolver:  Solving for k, Initial residual = 0.000268599, Final residual = 2.16906e-05, No Iterations 3
ExecutionTime = 45.1 s  ClockTime = 46 s

forceCoeffs forceCoeffs1 write:
    Cm    = 0.156717
    Cd    = 0.410981
    Cl    = 0.0649868
    Cl(f) = 0.18921
    Cl(r) = -0.124224

Time = 425

smoothSolver:  Solving for Ux, Initial residual = 0.000149629, Final residual = 1.4699e-05, No Iterations 7
smoothSolver:  Solving for Uy, Initial residual = 0.00333633, Final residual = 0.000259139, No Iterations 7
smoothSolver:  Solving for Uz, Initial residual = 0.00294895, Final residual = 0.00022679, No Iterations 7
GAMG:  Solving for p, Initial residual = 0.00162169, Final residual = 6.13653e-06, No Iterations 4
time step continuity errors : sum local = 1.16297e-05, global = -2.07567e-07, cumulative = 4.54987e-05
smoothSolver:  Solving for omega, Initial residual = 2.59872e-05, Final residual = 1.62122e-06, No Iterations 3
smoothSolver:  Solving for k, Initial residual = 0.000266457, Final residual = 2.13484e-05, No Iterations 3
ExecutionTime = 45.2 s  ClockTime = 46 s

forceCoeffs forceCoeffs1 write:
    Cm    = 0.156701
    Cd    = 0.410911
    Cl    = 0.0651036
    Cl(f) = 0.189253
    Cl(r) = -0.12415

Time = 426

smoothSolver:  Solving for Ux, Initial residual = 0.000147825, Final residual = 1.45401e-05, No Iterations 7
smoothSolver:  Solving for Uy, Initial residual = 0.0032411, Final residual = 0.000252469, No Iterations 7
smoothSolver:  Solving for Uz, Initial residual = 0.0028963, Final residual = 0.000224308, No Iterations 7
GAMG:  Solving for p, Initial residual = 0.00159307, Final residual = 6.111e-06, No Iterations 4
time step continuity errors : sum local = 1.15803e-05, global = -1.72367e-07, cumulative = 4.53263e-05
smoothSolver:  Solving for omega, Initial residual = 2.54886e-05, Final residual = 1.58214e-06, No Iterations 3
smoothSolver:  Solving for k, Initial residual = 0.000264184, Final residual = 2.1105e-05, No Iterations 3
ExecutionTime = 45.31 s  ClockTime = 46 s

forceCoeffs forceCoeffs1 write:
    Cm    = 0.156693
    Cd    = 0.410905
    Cl    = 0.0652509
    Cl(f) = 0.189318
    Cl(r) = -0.124067

Time = 427

smoothSolver:  Solving for Ux, Initial residual = 0.00014543, Final residual = 1.43065e-05, No Iterations 7
smoothSolver:  Solving for Uy, Initial residual = 0.00316567, Final residual = 0.000248093, No Iterations 7
smoothSolver:  Solving for Uz, Initial residual = 0.00285946, Final residual = 0.000222177, No Iterations 7
GAMG:  Solving for p, Initial residual = 0.00156688, Final residual = 6.14645e-06, No Iterations 4
time step continuity errors : sum local = 1.16477e-05, global = -1.69978e-07, cumulative = 4.51563e-05
smoothSolver:  Solving for omega, Initial residual = 2.49385e-05, Final residual = 1.55843e-06, No Iterations 3
smoothSolver:  Solving for k, Initial residual = 0.000261707, Final residual = 2.09497e-05, No Iterations 3
ExecutionTime = 45.41 s  ClockTime = 46 s

forceCoeffs forceCoeffs1 write:
    Cm    = 0.156627
    Cd    = 0.41085
    Cl    = 0.0653299
    Cl(f) = 0.189292
    Cl(r) = -0.123962

Time = 428

smoothSolver:  Solving for Ux, Initial residual = 0.000142658, Final residual = 1.40135e-05, No Iterations 7
smoothSolver:  Solving for Uy, Initial residual = 0.00310955, Final residual = 0.00024557, No Iterations 7
smoothSolver:  Solving for Uz, Initial residual = 0.00281173, Final residual = 0.000220229, No Iterations 7
GAMG:  Solving for p, Initial residual = 0.00153577, Final residual = 6.06086e-06, No Iterations 4
time step continuity errors : sum local = 1.14858e-05, global = -1.1929e-07, cumulative = 4.5037e-05
smoothSolver:  Solving for omega, Initial residual = 2.45712e-05, Final residual = 1.54442e-06, No Iterations 3
smoothSolver:  Solving for k, Initial residual = 0.000258584, Final residual = 2.08177e-05, No Iterations 3
ExecutionTime = 45.51 s  ClockTime = 47 s

forceCoeffs forceCoeffs1 write:
    Cm    = 0.156563
    Cd    = 0.410856
    Cl    = 0.06541
    Cl(f) = 0.189268
    Cl(r) = -0.123858

Time = 429

smoothSolver:  Solving for Ux, Initial residual = 0.000139394, Final residual = 1.36549e-05, No Iterations 7
smoothSolver:  Solving for Uy, Initial residual = 0.00306194, Final residual = 0.000243787, No Iterations 7
smoothSolver:  Solving for Uz, Initial residual = 0.00276817, Final residual = 0.000217128, No Iterations 7
GAMG:  Solving for p, Initial residual = 0.00151202, Final residual = 6.02873e-06, No Iterations 4
time step continuity errors : sum local = 1.14259e-05, global = -1.07175e-07, cumulative = 4.49299e-05
smoothSolver:  Solving for omega, Initial residual = 2.43181e-05, Final residual = 1.52501e-06, No Iterations 3
smoothSolver:  Solving for k, Initial residual = 0.000254817, Final residual = 2.06815e-05, No Iterations 3
ExecutionTime = 45.61 s  ClockTime = 47 s

forceCoeffs forceCoeffs1 write:
    Cm    = 0.156467
    Cd    = 0.410796
    Cl    = 0.0654265
    Cl(f) = 0.189181
    Cl(r) = -0.123754

Time = 430

smoothSolver:  Solving for Ux, Initial residual = 0.000135574, Final residual = 1.32319e-05, No Iterations 7
smoothSolver:  Solving for Uy, Initial residual = 0.00300652, Final residual = 0.000241601, No Iterations 7
smoothSolver:  Solving for Uz, Initial residual = 0.00271686, Final residual = 0.000213839, No Iterations 7
GAMG:  Solving for p, Initial residual = 0.00148515, Final residual = 5.88347e-06, No Iterations 4
time step continuity errors : sum local = 1.11517e-05, global = -9.76354e-08, cumulative = 4.48322e-05
smoothSolver:  Solving for omega, Initial residual = 2.44224e-05, Final residual = 1.49865e-06, No Iterations 3
smoothSolver:  Solving for k, Initial residual = 0.000249899, Final residual = 2.05411e-05, No Iterations 3
ExecutionTime = 45.72 s  ClockTime = 47 s

forceCoeffs forceCoeffs1 write:
    Cm    = 0.156418
    Cd    = 0.410811
    Cl    = 0.0654824
    Cl(f) = 0.189159
    Cl(r) = -0.123677

Time = 431

smoothSolver:  Solving for Ux, Initial residual = 0.000131505, Final residual = 1.28019e-05, No Iterations 7
smoothSolver:  Solving for Uy, Initial residual = 0.00296251, Final residual = 0.00023917, No Iterations 7
smoothSolver:  Solving for Uz, Initial residual = 0.00266222, Final residual = 0.000209792, No Iterations 7
GAMG:  Solving for p, Initial residual = 0.0014605, Final residual = 5.77133e-06, No Iterations 4
time step continuity errors : sum local = 1.09401e-05, global = -1.07363e-07, cumulative = 4.47249e-05
smoothSolver:  Solving for omega, Initial residual = 2.34783e-05, Final residual = 1.484e-06, No Iterations 3
smoothSolver:  Solving for k, Initial residual = 0.000243908, Final residual = 2.03649e-05, No Iterations 3
ExecutionTime = 45.82 s  ClockTime = 47 s

forceCoeffs forceCoeffs1 write:
    Cm    = 0.156337
    Cd    = 0.410769
    Cl    = 0.0654458
    Cl(f) = 0.18906
    Cl(r) = -0.123614

Time = 432

smoothSolver:  Solving for Ux, Initial residual = 0.000127139, Final residual = 1.23778e-05, No Iterations 7
smoothSolver:  Solving for Uy, Initial residual = 0.00290577, Final residual = 0.000235955, No Iterations 7
smoothSolver:  Solving for Uz, Initial residual = 0.00259002, Final residual = 0.000204939, No Iterations 7
GAMG:  Solving for p, Initial residual = 0.00143429, Final residual = 5.57007e-06, No Iterations 4
time step continuity errors : sum local = 1.05592e-05, global = -1.1272e-07, cumulative = 4.46121e-05
smoothSolver:  Solving for omega, Initial residual = 2.29985e-05, Final residual = 1.45364e-06, No Iterations 3
smoothSolver:  Solving for k, Initial residual = 0.000237959, Final residual = 2.0153e-05, No Iterations 3
ExecutionTime = 45.92 s  ClockTime = 47 s

forceCoeffs forceCoeffs1 write:
    Cm    = 0.156292
    Cd    = 0.410776
    Cl    = 0.0654445
    Cl(f) = 0.189014
    Cl(r) = -0.12357

Time = 433

smoothSolver:  Solving for Ux, Initial residual = 0.00012304, Final residual = 1.19805e-05, No Iterations 7
smoothSolver:  Solving for Uy, Initial residual = 0.00284479, Final residual = 0.000232616, No Iterations 7
smoothSolver:  Solving for Uz, Initial residual = 0.00252573, Final residual = 0.000200351, No Iterations 7
GAMG:  Solving for p, Initial residual = 0.00141275, Final residual = 5.42265e-06, No Iterations 4
time step continuity errors : sum local = 1.02804e-05, global = -1.17963e-07, cumulative = 4.44942e-05
smoothSolver:  Solving for omega, Initial residual = 2.26885e-05, Final residual = 1.43822e-06, No Iterations 3
smoothSolver:  Solving for k, Initial residual = 0.000232332, Final residual = 1.99085e-05, No Iterations 3
ExecutionTime = 46.03 s  ClockTime = 47 s

forceCoeffs forceCoeffs1 write:
    Cm    = 0.156242
    Cd    = 0.410731
    Cl    = 0.0653924
    Cl(f) = 0.188938
    Cl(r) = -0.123546

Time = 434

smoothSolver:  Solving for Ux, Initial residual = 0.000120066, Final residual = 1.16524e-05, No Iterations 7
smoothSolver:  Solving for Uy, Initial residual = 0.00278966, Final residual = 0.000229438, No Iterations 7
smoothSolver:  Solving for Uz, Initial residual = 0.00246682, Final residual = 0.000196256, No Iterations 7
GAMG:  Solving for p, Initial residual = 0.00138578, Final residual = 5.31414e-06, No Iterations 4
time step continuity errors : sum local = 1.00753e-05, global = -6.39673e-08, cumulative = 4.44302e-05
smoothSolver:  Solving for omega, Initial residual = 2.25893e-05, Final residual = 1.42334e-06, No Iterations 3
smoothSolver:  Solving for k, Initial residual = 0.000226675, Final residual = 1.96434e-05, No Iterations 3
ExecutionTime = 46.12 s  ClockTime = 47 s

forceCoeffs forceCoeffs1 write:
    Cm    = 0.156217
    Cd    = 0.410731
    Cl    = 0.065376
    Cl(f) = 0.188905
    Cl(r) = -0.123529

Time = 435

smoothSolver:  Solving for Ux, Initial residual = 0.000117536, Final residual = 1.13555e-05, No Iterations 7
smoothSolver:  Solving for Uy, Initial residual = 0.0027406, Final residual = 0.000224756, No Iterations 7
smoothSolver:  Solving for Uz, Initial residual = 0.00241747, Final residual = 0.0001919, No Iterations 7
GAMG:  Solving for p, Initial residual = 0.00136602, Final residual = 5.24579e-06, No Iterations 4
time step continuity errors : sum local = 9.94665e-06, global = -5.25914e-08, cumulative = 4.43776e-05
smoothSolver:  Solving for omega, Initial residual = 2.22685e-05, Final residual = 1.40007e-06, No Iterations 3
smoothSolver:  Solving for k, Initial residual = 0.000221359, Final residual = 1.93369e-05, No Iterations 3
ExecutionTime = 46.22 s  ClockTime = 47 s

forceCoeffs forceCoeffs1 write:
    Cm    = 0.156167
    Cd    = 0.410676
    Cl    = 0.0652781
    Cl(f) = 0.188806
    Cl(r) = -0.123528

Time = 436

smoothSolver:  Solving for Ux, Initial residual = 0.000115692, Final residual = 1.11419e-05, No Iterations 7
smoothSolver:  Solving for Uy, Initial residual = 0.00270809, Final residual = 0.000221209, No Iterations 7
smoothSolver:  Solving for Uz, Initial residual = 0.00236876, Final residual = 0.000187796, No Iterations 7
GAMG:  Solving for p, Initial residual = 0.00134566, Final residual = 5.11319e-06, No Iterations 4
time step continuity errors : sum local = 9.69584e-06, global = -3.53676e-08, cumulative = 4.43423e-05
smoothSolver:  Solving for omega, Initial residual = 2.22554e-05, Final residual = 1.38749e-06, No Iterations 3
smoothSolver:  Solving for k, Initial residual = 0.000216381, Final residual = 1.89819e-05, No Iterations 3
ExecutionTime = 46.33 s  ClockTime = 47 s

forceCoeffs forceCoeffs1 write:
    Cm    = 0.15615
    Cd    = 0.41069
    Cl    = 0.0652076
    Cl(f) = 0.188754
    Cl(r) = -0.123547

Time = 437

smoothSolver:  Solving for Ux, Initial residual = 0.000114151, Final residual = 1.09194e-05, No Iterations 7
smoothSolver:  Solving for Uy, Initial residual = 0.00267745, Final residual = 0.000217422, No Iterations 7
smoothSolver:  Solving for Uz, Initial residual = 0.00233302, Final residual = 0.000184114, No Iterations 7
GAMG:  Solving for p, Initial residual = 0.00132953, Final residual = 4.99047e-06, No Iterations 4
time step continuity errors : sum local = 9.46411e-06, global = -4.9055e-08, cumulative = 4.42932e-05
smoothSolver:  Solving for omega, Initial residual = 2.19495e-05, Final residual = 1.37594e-06, No Iterations 3
smoothSolver:  Solving for k, Initial residual = 0.000211569, Final residual = 1.85865e-05, No Iterations 3
ExecutionTime = 46.43 s  ClockTime = 47 s

forceCoeffs forceCoeffs1 write:
    Cm    = 0.156112
    Cd    = 0.410647
    Cl    = 0.0650882
    Cl(f) = 0.188656
    Cl(r) = -0.123568

Time = 438

smoothSolver:  Solving for Ux, Initial residual = 0.000112566, Final residual = 1.07838e-05, No Iterations 7
smoothSolver:  Solving for Uy, Initial residual = 0.00263785, Final residual = 0.000213623, No Iterations 7
smoothSolver:  Solving for Uz, Initial residual = 0.00229574, Final residual = 0.000180212, No Iterations 7
GAMG:  Solving for p, Initial residual = 0.00131553, Final residual = 4.88565e-06, No Iterations 4
time step continuity errors : sum local = 9.26582e-06, global = -3.29456e-08, cumulative = 4.42603e-05
smoothSolver:  Solving for omega, Initial residual = 2.17377e-05, Final residual = 1.36467e-06, No Iterations 3
smoothSolver:  Solving for k, Initial residual = 0.000206582, Final residual = 1.81611e-05, No Iterations 3
ExecutionTime = 46.53 s  ClockTime = 48 s

forceCoeffs forceCoeffs1 write:
    Cm    = 0.156124
    Cd    = 0.410715
    Cl    = 0.0650191
    Cl(f) = 0.188633
    Cl(r) = -0.123614

Time = 439

smoothSolver:  Solving for Ux, Initial residual = 0.000111246, Final residual = 1.07528e-05, No Iterations 7
smoothSolver:  Solving for Uy, Initial residual = 0.00261235, Final residual = 0.000210393, No Iterations 7
smoothSolver:  Solving for Uz, Initial residual = 0.00226846, Final residual = 0.00017702, No Iterations 7
GAMG:  Solving for p, Initial residual = 0.00130521, Final residual = 4.84794e-06, No Iterations 4
time step continuity errors : sum local = 9.19524e-06, global = -4.31435e-08, cumulative = 4.42171e-05
smoothSolver:  Solving for omega, Initial residual = 2.16203e-05, Final residual = 1.35288e-06, No Iterations 3
smoothSolver:  Solving for k, Initial residual = 0.000201108, Final residual = 1.76893e-05, No Iterations 3
ExecutionTime = 46.63 s  ClockTime = 48 s

forceCoeffs forceCoeffs1 write:
    Cm    = 0.156096
    Cd    = 0.410742
    Cl    = 0.0648538
    Cl(f) = 0.188523
    Cl(r) = -0.123669

Time = 440

smoothSolver:  Solving for Ux, Initial residual = 0.000110205, Final residual = 1.07822e-05, No Iterations 7
smoothSolver:  Solving for Uy, Initial residual = 0.00258553, Final residual = 0.000208336, No Iterations 7
smoothSolver:  Solving for Uz, Initial residual = 0.002239, Final residual = 0.000173463, No Iterations 7
GAMG:  Solving for p, Initial residual = 0.00129325, Final residual = 4.80396e-06, No Iterations 4
time step continuity errors : sum local = 9.11257e-06, global = -3.01403e-08, cumulative = 4.4187e-05
smoothSolver:  Solving for omega, Initial residual = 2.13943e-05, Final residual = 1.33911e-06, No Iterations 3
smoothSolver:  Solving for k, Initial residual = 0.000195947, Final residual = 1.72008e-05, No Iterations 3
ExecutionTime = 46.74 s  ClockTime = 48 s

forceCoeffs forceCoeffs1 write:
    Cm    = 0.156095
    Cd    = 0.410847
    Cl    = 0.0647469
    Cl(f) = 0.188469
    Cl(r) = -0.123722

Time = 441

smoothSolver:  Solving for Ux, Initial residual = 0.000109256, Final residual = 1.08289e-05, No Iterations 7
smoothSolver:  Solving for Uy, Initial residual = 0.00256576, Final residual = 0.000205379, No Iterations 7
smoothSolver:  Solving for Uz, Initial residual = 0.00221625, Final residual = 0.000170592, No Iterations 7
GAMG:  Solving for p, Initial residual = 0.00128578, Final residual = 4.83541e-06, No Iterations 4
time step continuity errors : sum local = 9.17344e-06, global = -1.30669e-08, cumulative = 4.41739e-05
smoothSolver:  Solving for omega, Initial residual = 2.14371e-05, Final residual = 1.33805e-06, No Iterations 3
smoothSolver:  Solving for k, Initial residual = 0.000191879, Final residual = 1.67586e-05, No Iterations 3
ExecutionTime = 46.84 s  ClockTime = 48 s

forceCoeffs forceCoeffs1 write:
    Cm    = 0.156076
    Cd    = 0.410917
    Cl    = 0.064564
    Cl(f) = 0.188358
    Cl(r) = -0.123794

Time = 442

smoothSolver:  Solving for Ux, Initial residual = 0.000109171, Final residual = 1.09168e-05, No Iterations 7
smoothSolver:  Solving for Uy, Initial residual = 0.00255253, Final residual = 0.000203441, No Iterations 7
smoothSolver:  Solving for Uz, Initial residual = 0.00219782, Final residual = 0.000167885, No Iterations 7
GAMG:  Solving for p, Initial residual = 0.00127272, Final residual = 4.84629e-06, No Iterations 4
time step continuity errors : sum local = 9.19484e-06, global = -3.45624e-09, cumulative = 4.41704e-05
smoothSolver:  Solving for omega, Initial residual = 2.1567e-05, Final residual = 1.34088e-06, No Iterations 3
smoothSolver:  Solving for k, Initial residual = 0.000189113, Final residual = 1.63868e-05, No Iterations 3
ExecutionTime = 46.93 s  ClockTime = 48 s

forceCoeffs forceCoeffs1 write:
    Cm    = 0.156078
    Cd    = 0.411069
    Cl    = 0.0644345
    Cl(f) = 0.188295
    Cl(r) = -0.12386

Time = 443

smoothSolver:  Solving for Ux, Initial residual = 0.000109202, Final residual = 8.33958e-06, No Iterations 8
smoothSolver:  Solving for Uy, Initial residual = 0.00253591, Final residual = 0.000200597, No Iterations 7
smoothSolver:  Solving for Uz, Initial residual = 0.0021802, Final residual = 0.000165543, No Iterations 7
GAMG:  Solving for p, Initial residual = 0.00126496, Final residual = 4.88347e-06, No Iterations 4
time step continuity errors : sum local = 9.26708e-06, global = 3.33387e-08, cumulative = 4.42038e-05
smoothSolver:  Solving for omega, Initial residual = 2.14129e-05, Final residual = 1.35158e-06, No Iterations 3
smoothSolver:  Solving for k, Initial residual = 0.000188426, Final residual = 1.61029e-05, No Iterations 3
ExecutionTime = 47.04 s  ClockTime = 48 s

forceCoeffs forceCoeffs1 write:
    Cm    = 0.156034
    Cd    = 0.411142
    Cl    = 0.0642453
    Cl(f) = 0.188157
    Cl(r) = -0.123911

Time = 444

smoothSolver:  Solving for Ux, Initial residual = 0.00010938, Final residual = 8.33205e-06, No Iterations 8
smoothSolver:  Solving for Uy, Initial residual = 0.00251459, Final residual = 0.000198895, No Iterations 7
smoothSolver:  Solving for Uz, Initial residual = 0.00217142, Final residual = 0.000164274, No Iterations 7
GAMG:  Solving for p, Initial residual = 0.00125827, Final residual = 4.88717e-06, No Iterations 4
time step continuity errors : sum local = 9.27561e-06, global = 7.15478e-08, cumulative = 4.42753e-05
smoothSolver:  Solving for omega, Initial residual = 2.14976e-05, Final residual = 1.3532e-06, No Iterations 3
smoothSolver:  Solving for k, Initial residual = 0.000188477, Final residual = 1.59158e-05, No Iterations 3
ExecutionTime = 47.14 s  ClockTime = 48 s

forceCoeffs forceCoeffs1 write:
    Cm    = 0.156023
    Cd    = 0.411295
    Cl    = 0.0641513
    Cl(f) = 0.188099
    Cl(r) = -0.123947

Time = 445

smoothSolver:  Solving for Ux, Initial residual = 0.000109113, Final residual = 8.291e-06, No Iterations 8
smoothSolver:  Solving for Uy, Initial residual = 0.00249683, Final residual = 0.000196283, No Iterations 7
smoothSolver:  Solving for Uz, Initial residual = 0.00216622, Final residual = 0.000163668, No Iterations 7
GAMG:  Solving for p, Initial residual = 0.00125399, Final residual = 4.90943e-06, No Iterations 4
time step continuity errors : sum local = 9.31946e-06, global = 1.0305e-07, cumulative = 4.43784e-05
smoothSolver:  Solving for omega, Initial residual = 2.1427e-05, Final residual = 1.35437e-06, No Iterations 3
smoothSolver:  Solving for k, Initial residual = 0.000189603, Final residual = 1.58217e-05, No Iterations 3
ExecutionTime = 47.24 s  ClockTime = 48 s

forceCoeffs forceCoeffs1 write:
    Cm    = 0.155965
    Cd    = 0.411373
    Cl    = 0.0640005
    Cl(f) = 0.187966
    Cl(r) = -0.123965

Time = 446

smoothSolver:  Solving for Ux, Initial residual = 0.000108761, Final residual = 1.08103e-05, No Iterations 7
smoothSolver:  Solving for Uy, Initial residual = 0.00246716, Final residual = 0.000192465, No Iterations 7
smoothSolver:  Solving for Uz, Initial residual = 0.00215044, Final residual = 0.000161524, No Iterations 7
GAMG:  Solving for p, Initial residual = 0.00124935, Final residual = 4.8921e-06, No Iterations 4
time step continuity errors : sum local = 9.28809e-06, global = 1.37687e-07, cumulative = 4.45161e-05
smoothSolver:  Solving for omega, Initial residual = 2.11584e-05, Final residual = 1.34373e-06, No Iterations 3
smoothSolver:  Solving for k, Initial residual = 0.000190909, Final residual = 1.57697e-05, No Iterations 3
ExecutionTime = 47.35 s  ClockTime = 48 s

forceCoeffs forceCoeffs1 write:
    Cm    = 0.155908
    Cd    = 0.411465
    Cl    = 0.0639502
    Cl(f) = 0.187883
    Cl(r) = -0.123933

Time = 447

smoothSolver:  Solving for Ux, Initial residual = 0.000108611, Final residual = 1.07664e-05, No Iterations 7
smoothSolver:  Solving for Uy, Initial residual = 0.002433, Final residual = 0.000188358, No Iterations 7
smoothSolver:  Solving for Uz, Initial residual = 0.00214106, Final residual = 0.000159794, No Iterations 7
GAMG:  Solving for p, Initial residual = 0.00124755, Final residual = 4.85437e-06, No Iterations 4
time step continuity errors : sum local = 9.2182e-06, global = 1.75915e-07, cumulative = 4.4692e-05
smoothSolver:  Solving for omega, Initial residual = 2.11073e-05, Final residual = 1.3339e-06, No Iterations 3
smoothSolver:  Solving for k, Initial residual = 0.000192922, Final residual = 1.57774e-05, No Iterations 3
ExecutionTime = 47.45 s  ClockTime = 49 s

forceCoeffs forceCoeffs1 write:
    Cm    = 0.155814
    Cd    = 0.411481
    Cl    = 0.0638595
    Cl(f) = 0.187744
    Cl(r) = -0.123884

Time = 448

smoothSolver:  Solving for Ux, Initial residual = 0.000108468, Final residual = 1.07004e-05, No Iterations 7
smoothSolver:  Solving for Uy, Initial residual = 0.00239484, Final residual = 0.000184207, No Iterations 7
smoothSolver:  Solving for Uz, Initial residual = 0.00212411, Final residual = 0.000157687, No Iterations 7
GAMG:  Solving for p, Initial residual = 0.00124455, Final residual = 4.86017e-06, No Iterations 4
time step continuity errors : sum local = 9.23057e-06, global = 2.33718e-07, cumulative = 4.49257e-05
smoothSolver:  Solving for omega, Initial residual = 2.09841e-05, Final residual = 1.32453e-06, No Iterations 3
smoothSolver:  Solving for k, Initial residual = 0.000195114, Final residual = 1.584e-05, No Iterations 3
ExecutionTime = 47.55 s  ClockTime = 49 s

forceCoeffs forceCoeffs1 write:
    Cm    = 0.155759
    Cd    = 0.411559
    Cl    = 0.0638832
    Cl(f) = 0.1877
    Cl(r) = -0.123817

Time = 449

smoothSolver:  Solving for Ux, Initial residual = 0.000108367, Final residual = 1.07249e-05, No Iterations 7
smoothSolver:  Solving for Uy, Initial residual = 0.00236672, Final residual = 0.000181152, No Iterations 7
smoothSolver:  Solving for Uz, Initial residual = 0.00211231, Final residual = 0.000211173, No Iterations 6
GAMG:  Solving for p, Initial residual = 0.00124019, Final residual = 4.78992e-06, No Iterations 4
time step continuity errors : sum local = 9.09872e-06, global = 2.64069e-07, cumulative = 4.51898e-05
smoothSolver:  Solving for omega, Initial residual = 2.09433e-05, Final residual = 1.31711e-06, No Iterations 3
smoothSolver:  Solving for k, Initial residual = 0.000197197, Final residual = 1.5958e-05, No Iterations 3
ExecutionTime = 47.65 s  ClockTime = 49 s

forceCoeffs forceCoeffs1 write:
    Cm    = 0.155665
    Cd    = 0.411547
    Cl    = 0.0638684
    Cl(f) = 0.187599
    Cl(r) = -0.123731

Time = 450

smoothSolver:  Solving for Ux, Initial residual = 0.000108121, Final residual = 1.07012e-05, No Iterations 7
smoothSolver:  Solving for Uy, Initial residual = 0.0023269, Final residual = 0.000176852, No Iterations 7
smoothSolver:  Solving for Uz, Initial residual = 0.00209996, Final residual = 0.000209614, No Iterations 6
GAMG:  Solving for p, Initial residual = 0.00123729, Final residual = 4.85027e-06, No Iterations 4
time step continuity errors : sum local = 9.21478e-06, global = 3.1583e-07, cumulative = 4.55056e-05
smoothSolver:  Solving for omega, Initial residual = 2.08302e-05, Final residual = 1.29454e-06, No Iterations 3
smoothSolver:  Solving for k, Initial residual = 0.000199366, Final residual = 1.60983e-05, No Iterations 3
ExecutionTime = 47.76 s  ClockTime = 49 s

forceCoeffs forceCoeffs1 write:
    Cm    = 0.155608
    Cd    = 0.411582
    Cl    = 0.0639455
    Cl(f) = 0.187581
    Cl(r) = -0.123636

Time = 451

smoothSolver:  Solving for Ux, Initial residual = 0.000107808, Final residual = 1.06515e-05, No Iterations 7
smoothSolver:  Solving for Uy, Initial residual = 0.0023055, Final residual = 0.000174026, No Iterations 7
smoothSolver:  Solving for Uz, Initial residual = 0.00208877, Final residual = 0.000154472, No Iterations 7
GAMG:  Solving for p, Initial residual = 0.00124098, Final residual = 5.01709e-06, No Iterations 4
time step continuity errors : sum local = 9.53317e-06, global = 3.06191e-07, cumulative = 4.58118e-05
smoothSolver:  Solving for omega, Initial residual = 2.05581e-05, Final residual = 1.28117e-06, No Iterations 3
smoothSolver:  Solving for k, Initial residual = 0.0002014, Final residual = 1.62613e-05, No Iterations 3
ExecutionTime = 47.86 s  ClockTime = 49 s

forceCoeffs forceCoeffs1 write:
    Cm    = 0.155546
    Cd    = 0.411567
    Cl    = 0.0639628
    Cl(f) = 0.187527
    Cl(r) = -0.123564

Time = 452

smoothSolver:  Solving for Ux, Initial residual = 0.000107726, Final residual = 1.06066e-05, No Iterations 7
smoothSolver:  Solving for Uy, Initial residual = 0.0022883, Final residual = 0.000172162, No Iterations 7
smoothSolver:  Solving for Uz, Initial residual = 0.00207385, Final residual = 0.000206483, No Iterations 6
GAMG:  Solving for p, Initial residual = 0.00124067, Final residual = 4.88228e-06, No Iterations 4
time step continuity errors : sum local = 9.27843e-06, global = 3.00843e-07, cumulative = 4.61126e-05
smoothSolver:  Solving for omega, Initial residual = 2.0528e-05, Final residual = 1.27497e-06, No Iterations 3
smoothSolver:  Solving for k, Initial residual = 0.000203474, Final residual = 1.64265e-05, No Iterations 3
ExecutionTime = 47.96 s  ClockTime = 49 s

forceCoeffs forceCoeffs1 write:
    Cm    = 0.155513
    Cd    = 0.411582
    Cl    = 0.0640601
    Cl(f) = 0.187543
    Cl(r) = -0.123483

Time = 453

smoothSolver:  Solving for Ux, Initial residual = 0.000107408, Final residual = 1.05272e-05, No Iterations 7
smoothSolver:  Solving for Uy, Initial residual = 0.0022764, Final residual = 0.000170504, No Iterations 7
smoothSolver:  Solving for Uz, Initial residual = 0.00206124, Final residual = 0.000205404, No Iterations 6
GAMG:  Solving for p, Initial residual = 0.0012403, Final residual = 4.86574e-06, No Iterations 4
time step continuity errors : sum local = 9.24848e-06, global = 2.50398e-07, cumulative = 4.6363e-05
smoothSolver:  Solving for omega, Initial residual = 2.0316e-05, Final residual = 1.26648e-06, No Iterations 3
smoothSolver:  Solving for k, Initial residual = 0.000205113, Final residual = 1.66053e-05, No Iterations 3
ExecutionTime = 48.06 s  ClockTime = 49 s

forceCoeffs forceCoeffs1 write:
    Cm    = 0.155468
    Cd    = 0.411548
    Cl    = 0.0640627
    Cl(f) = 0.187499
    Cl(r) = -0.123436

Time = 454

smoothSolver:  Solving for Ux, Initial residual = 0.000107059, Final residual = 1.04305e-05, No Iterations 7
smoothSolver:  Solving for Uy, Initial residual = 0.00226379, Final residual = 0.000168643, No Iterations 7
smoothSolver:  Solving for Uz, Initial residual = 0.00204678, Final residual = 0.000203892, No Iterations 6
GAMG:  Solving for p, Initial residual = 0.00124299, Final residual = 4.80194e-06, No Iterations 4
time step continuity errors : sum local = 9.12846e-06, global = 1.88749e-07, cumulative = 4.65518e-05
smoothSolver:  Solving for omega, Initial residual = 2.02408e-05, Final residual = 1.25757e-06, No Iterations 3
smoothSolver:  Solving for k, Initial residual = 0.000206806, Final residual = 1.67791e-05, No Iterations 3
ExecutionTime = 48.16 s  ClockTime = 49 s

forceCoeffs forceCoeffs1 write:
    Cm    = 0.155448
    Cd    = 0.411553
    Cl    = 0.0641126
    Cl(f) = 0.187504
    Cl(r) = -0.123392

Time = 455

smoothSolver:  Solving for Ux, Initial residual = 0.000106736, Final residual = 1.03055e-05, No Iterations 7
smoothSolver:  Solving for Uy, Initial residual = 0.00226082, Final residual = 0.000167191, No Iterations 7
smoothSolver:  Solving for Uz, Initial residual = 0.00203982, Final residual = 0.000202843, No Iterations 6
GAMG:  Solving for p, Initial residual = 0.0012439, Final residual = 4.66851e-06, No Iterations 4
time step continuity errors : sum local = 8.87617e-06, global = 1.42623e-07, cumulative = 4.66944e-05
smoothSolver:  Solving for omega, Initial residual = 2.02525e-05, Final residual = 1.24568e-06, No Iterations 3
smoothSolver:  Solving for k, Initial residual = 0.000207948, Final residual = 1.69314e-05, No Iterations 3
ExecutionTime = 48.26 s  ClockTime = 49 s

forceCoeffs forceCoeffs1 write:
    Cm    = 0.155427
    Cd    = 0.411518
    Cl    = 0.0640998
    Cl(f) = 0.187477
    Cl(r) = -0.123377

Time = 456

smoothSolver:  Solving for Ux, Initial residual = 0.000106544, Final residual = 1.01542e-05, No Iterations 7
smoothSolver:  Solving for Uy, Initial residual = 0.002257, Final residual = 0.000224973, No Iterations 6
smoothSolver:  Solving for Uz, Initial residual = 0.00202931, Final residual = 0.000200964, No Iterations 6
GAMG:  Solving for p, Initial residual = 0.00124753, Final residual = 1.23443e-05, No Iterations 3
time step continuity errors : sum local = 2.34728e-05, global = 2.86665e-07, cumulative = 4.69811e-05
smoothSolver:  Solving for omega, Initial residual = 2.0206e-05, Final residual = 1.23605e-06, No Iterations 3
smoothSolver:  Solving for k, Initial residual = 0.000208264, Final residual = 1.70153e-05, No Iterations 3
ExecutionTime = 48.36 s  ClockTime = 49 s

forceCoeffs forceCoeffs1 write:
    Cm    = 0.155453
    Cd    = 0.411547
    Cl    = 0.0641474
    Cl(f) = 0.187527
    Cl(r) = -0.123379

Time = 457

smoothSolver:  Solving for Ux, Initial residual = 0.000105372, Final residual = 9.95078e-06, No Iterations 7
smoothSolver:  Solving for Uy, Initial residual = 0.00224553, Final residual = 0.000223217, No Iterations 6
smoothSolver:  Solving for Uz, Initial residual = 0.0020096, Final residual = 0.000198502, No Iterations 6
GAMG:  Solving for p, Initial residual = 0.001252, Final residual = 4.76155e-06, No Iterations 4
time step continuity errors : sum local = 9.05536e-06, global = 5.14335e-08, cumulative = 4.70325e-05
smoothSolver:  Solving for omega, Initial residual = 2.0146e-05, Final residual = 1.22339e-06, No Iterations 3
smoothSolver:  Solving for k, Initial residual = 0.000207494, Final residual = 1.70419e-05, No Iterations 3
ExecutionTime = 48.46 s  ClockTime = 50 s

forceCoeffs forceCoeffs1 write:
    Cm    = 0.155456
    Cd    = 0.411551
    Cl    = 0.0640811
    Cl(f) = 0.187497
    Cl(r) = -0.123416

Time = 458

smoothSolver:  Solving for Ux, Initial residual = 0.000105514, Final residual = 9.88333e-06, No Iterations 7
smoothSolver:  Solving for Uy, Initial residual = 0.00227728, Final residual = 0.00016901, No Iterations 7
smoothSolver:  Solving for Uz, Initial residual = 0.0020292, Final residual = 0.000201827, No Iterations 6
GAMG:  Solving for p, Initial residual = 0.00125404, Final residual = 1.20904e-05, No Iterations 3
time step continuity errors : sum local = 2.29951e-05, global = 2.09262e-07, cumulative = 4.72418e-05
smoothSolver:  Solving for omega, Initial residual = 2.00103e-05, Final residual = 1.21704e-06, No Iterations 3
smoothSolver:  Solving for k, Initial residual = 0.000206156, Final residual = 1.70397e-05, No Iterations 3
ExecutionTime = 48.56 s  ClockTime = 50 s

forceCoeffs forceCoeffs1 write:
    Cm    = 0.15551
    Cd    = 0.411631
    Cl    = 0.0640636
    Cl(f) = 0.187542
    Cl(r) = -0.123479

Time = 459

smoothSolver:  Solving for Ux, Initial residual = 0.000104333, Final residual = 9.71021e-06, No Iterations 7
smoothSolver:  Solving for Uy, Initial residual = 0.00227435, Final residual = 0.000226754, No Iterations 6
smoothSolver:  Solving for Uz, Initial residual = 0.00202428, Final residual = 0.000201869, No Iterations 6
GAMG:  Solving for p, Initial residual = 0.00125604, Final residual = 1.25573e-05, No Iterations 3
time step continuity errors : sum local = 2.38853e-05, global = 2.21776e-07, cumulative = 4.74635e-05
smoothSolver:  Solving for omega, Initial residual = 1.99149e-05, Final residual = 1.20398e-06, No Iterations 3
smoothSolver:  Solving for k, Initial residual = 0.000204359, Final residual = 1.7017e-05, No Iterations 3
ExecutionTime = 48.66 s  ClockTime = 50 s

forceCoeffs forceCoeffs1 write:
    Cm    = 0.155585
    Cd    = 0.411726
    Cl    = 0.0639537
    Cl(f) = 0.187562
    Cl(r) = -0.123608

Time = 460

smoothSolver:  Solving for Ux, Initial residual = 0.000103851, Final residual = 9.61968e-06, No Iterations 7
smoothSolver:  Solving for Uy, Initial residual = 0.0022822, Final residual = 0.000228183, No Iterations 6
smoothSolver:  Solving for Uz, Initial residual = 0.0020275, Final residual = 0.000151047, No Iterations 7
GAMG:  Solving for p, Initial residual = 0.00125052, Final residual = 4.74555e-06, No Iterations 4
time step continuity errors : sum local = 9.02697e-06, global = 4.6757e-08, cumulative = 4.75103e-05
smoothSolver:  Solving for omega, Initial residual = 1.98426e-05, Final residual = 1.19897e-06, No Iterations 3
smoothSolver:  Solving for k, Initial residual = 0.000202469, Final residual = 1.69901e-05, No Iterations 3
ExecutionTime = 48.76 s  ClockTime = 50 s

forceCoeffs forceCoeffs1 write:
    Cm    = 0.155703
    Cd    = 0.411923
    Cl    = 0.0638634
    Cl(f) = 0.187635
    Cl(r) = -0.123771

Time = 461

smoothSolver:  Solving for Ux, Initial residual = 0.000104228, Final residual = 9.67587e-06, No Iterations 7
smoothSolver:  Solving for Uy, Initial residual = 0.00232138, Final residual = 0.000174936, No Iterations 7
smoothSolver:  Solving for Uz, Initial residual = 0.00205078, Final residual = 0.000155149, No Iterations 7
GAMG:  Solving for p, Initial residual = 0.00124767, Final residual = 4.68427e-06, No Iterations 4
time step continuity errors : sum local = 8.91128e-06, global = 7.04276e-08, cumulative = 4.75807e-05
smoothSolver:  Solving for omega, Initial residual = 1.98089e-05, Final residual = 1.19335e-06, No Iterations 3
smoothSolver:  Solving for k, Initial residual = 0.000201532, Final residual = 1.70096e-05, No Iterations 3
ExecutionTime = 48.87 s  ClockTime = 50 s

forceCoeffs forceCoeffs1 write:
    Cm    = 0.1558
    Cd    = 0.412102
    Cl    = 0.0637177
    Cl(f) = 0.187659
    Cl(r) = -0.123941

Time = 462

smoothSolver:  Solving for Ux, Initial residual = 0.000104846, Final residual = 9.79526e-06, No Iterations 7
smoothSolver:  Solving for Uy, Initial residual = 0.00234092, Final residual = 0.000178693, No Iterations 7
smoothSolver:  Solving for Uz, Initial residual = 0.00206557, Final residual = 0.000158835, No Iterations 7
GAMG:  Solving for p, Initial residual = 0.00124687, Final residual = 4.93548e-06, No Iterations 4
time step continuity errors : sum local = 9.39011e-06, global = 9.54473e-08, cumulative = 4.76762e-05
smoothSolver:  Solving for omega, Initial residual = 1.98976e-05, Final residual = 1.19128e-06, No Iterations 3
smoothSolver:  Solving for k, Initial residual = 0.000201973, Final residual = 1.70951e-05, No Iterations 3
ExecutionTime = 48.96 s  ClockTime = 50 s

forceCoeffs forceCoeffs1 write:
    Cm    = 0.155922
    Cd    = 0.412347
    Cl    = 0.0636228
    Cl(f) = 0.187734
    Cl(r) = -0.124111

Time = 463

smoothSolver:  Solving for Ux, Initial residual = 0.000106027, Final residual = 1.00629e-05, No Iterations 7
smoothSolver:  Solving for Uy, Initial residual = 0.00238117, Final residual = 0.000185433, No Iterations 7
smoothSolver:  Solving for Uz, Initial residual = 0.00209147, Final residual = 0.000163833, No Iterations 7
GAMG:  Solving for p, Initial residual = 0.0012498, Final residual = 5.11416e-06, No Iterations 4
time step continuity errors : sum local = 9.73144e-06, global = 1.06052e-07, cumulative = 4.77822e-05
smoothSolver:  Solving for omega, Initial residual = 2.01519e-05, Final residual = 1.20343e-06, No Iterations 3
smoothSolver:  Solving for k, Initial residual = 0.000204873, Final residual = 1.72775e-05, No Iterations 3
ExecutionTime = 49.07 s  ClockTime = 50 s

forceCoeffs forceCoeffs1 write:
    Cm    = 0.15603
    Cd    = 0.412582
    Cl    = 0.063445
    Cl(f) = 0.187753
    Cl(r) = -0.124308

Time = 464

smoothSolver:  Solving for Ux, Initial residual = 0.000108098, Final residual = 1.04433e-05, No Iterations 7
smoothSolver:  Solving for Uy, Initial residual = 0.00242453, Final residual = 0.000192347, No Iterations 7
smoothSolver:  Solving for Uz, Initial residual = 0.00211818, Final residual = 0.000169146, No Iterations 7
GAMG:  Solving for p, Initial residual = 0.00125388, Final residual = 5.26716e-06, No Iterations 4
time step continuity errors : sum local = 1.00246e-05, global = 1.23603e-07, cumulative = 4.79058e-05
smoothSolver:  Solving for omega, Initial residual = 2.04035e-05, Final residual = 1.22634e-06, No Iterations 3
smoothSolver:  Solving for k, Initial residual = 0.000210027, Final residual = 1.75838e-05, No Iterations 3
ExecutionTime = 49.17 s  ClockTime = 50 s

forceCoeffs forceCoeffs1 write:
    Cm    = 0.156139
    Cd    = 0.412836
    Cl    = 0.0633128
    Cl(f) = 0.187795
    Cl(r) = -0.124482

Time = 465

smoothSolver:  Solving for Ux, Initial residual = 0.000110558, Final residual = 1.0911e-05, No Iterations 7
smoothSolver:  Solving for Uy, Initial residual = 0.0024757, Final residual = 0.000197595, No Iterations 7
smoothSolver:  Solving for Uz, Initial residual = 0.00214455, Final residual = 0.000173023, No Iterations 7
GAMG:  Solving for p, Initial residual = 0.00125258, Final residual = 5.47291e-06, No Iterations 4
time step continuity errors : sum local = 1.0419e-05, global = 1.28335e-07, cumulative = 4.80342e-05
smoothSolver:  Solving for omega, Initial residual = 2.08221e-05, Final residual = 1.25398e-06, No Iterations 3
smoothSolver:  Solving for k, Initial residual = 0.000217749, Final residual = 1.8004e-05, No Iterations 3
ExecutionTime = 49.27 s  ClockTime = 50 s

forceCoeffs forceCoeffs1 write:
    Cm    = 0.156214
    Cd    = 0.413032
    Cl    = 0.0631155
    Cl(f) = 0.187771
    Cl(r) = -0.124656

Time = 466

smoothSolver:  Solving for Ux, Initial residual = 0.000113129, Final residual = 8.57455e-06, No Iterations 8
smoothSolver:  Solving for Uy, Initial residual = 0.00251892, Final residual = 0.000202134, No Iterations 7
smoothSolver:  Solving for Uz, Initial residual = 0.00216473, Final residual = 0.000175262, No Iterations 7
GAMG:  Solving for p, Initial residual = 0.00125267, Final residual = 5.59114e-06, No Iterations 4
time step continuity errors : sum local = 1.06472e-05, global = 1.1997e-07, cumulative = 4.81541e-05
smoothSolver:  Solving for omega, Initial residual = 2.14413e-05, Final residual = 1.29719e-06, No Iterations 3
smoothSolver:  Solving for k, Initial residual = 0.00022833, Final residual = 1.85642e-05, No Iterations 3
ExecutionTime = 49.38 s  ClockTime = 51 s

forceCoeffs forceCoeffs1 write:
    Cm    = 0.156278
    Cd    = 0.4132
    Cl    = 0.0629822
    Cl(f) = 0.187769
    Cl(r) = -0.124787

Time = 467

smoothSolver:  Solving for Ux, Initial residual = 0.000115962, Final residual = 8.91462e-06, No Iterations 8
smoothSolver:  Solving for Uy, Initial residual = 0.00256277, Final residual = 0.000206386, No Iterations 7
smoothSolver:  Solving for Uz, Initial residual = 0.00220371, Final residual = 0.000177554, No Iterations 7
GAMG:  Solving for p, Initial residual = 0.00125062, Final residual = 5.75386e-06, No Iterations 4
time step continuity errors : sum local = 1.096e-05, global = 9.52625e-08, cumulative = 4.82494e-05
smoothSolver:  Solving for omega, Initial residual = 2.16902e-05, Final residual = 1.32613e-06, No Iterations 3
smoothSolver:  Solving for k, Initial residual = 0.000238352, Final residual = 1.91394e-05, No Iterations 3
ExecutionTime = 49.48 s  ClockTime = 51 s

forceCoeffs forceCoeffs1 write:
    Cm    = 0.156299
    Cd    = 0.413281
    Cl    = 0.0627983
    Cl(f) = 0.187698
    Cl(r) = -0.1249

Time = 468

smoothSolver:  Solving for Ux, Initial residual = 0.000118931, Final residual = 9.24766e-06, No Iterations 8
smoothSolver:  Solving for Uy, Initial residual = 0.00260369, Final residual = 0.000211553, No Iterations 7
smoothSolver:  Solving for Uz, Initial residual = 0.00224092, Final residual = 0.000182174, No Iterations 7
GAMG:  Solving for p, Initial residual = 0.00124934, Final residual = 5.9293e-06, No Iterations 4
time step continuity errors : sum local = 1.12973e-05, global = 6.29264e-08, cumulative = 4.83123e-05
smoothSolver:  Solving for omega, Initial residual = 2.1786e-05, Final residual = 1.32571e-06, No Iterations 3
smoothSolver:  Solving for k, Initial residual = 0.000247049, Final residual = 1.9662e-05, No Iterations 3
ExecutionTime = 49.59 s  ClockTime = 51 s

forceCoeffs forceCoeffs1 write:
    Cm    = 0.1563
    Cd    = 0.413308
    Cl    = 0.0626664
    Cl(f) = 0.187633
    Cl(r) = -0.124967

Time = 469

smoothSolver:  Solving for Ux, Initial residual = 0.00012166, Final residual = 9.57179e-06, No Iterations 8
smoothSolver:  Solving for Uy, Initial residual = 0.00265464, Final residual = 0.000219615, No Iterations 7
smoothSolver:  Solving for Uz, Initial residual = 0.0022828, Final residual = 0.000188736, No Iterations 7
GAMG:  Solving for p, Initial residual = 0.0012484, Final residual = 5.95107e-06, No Iterations 4
time step continuity errors : sum local = 1.13417e-05, global = 1.7106e-08, cumulative = 4.83294e-05
smoothSolver:  Solving for omega, Initial residual = 2.19704e-05, Final residual = 1.33796e-06, No Iterations 3
smoothSolver:  Solving for k, Initial residual = 0.000254039, Final residual = 2.00513e-05, No Iterations 3
ExecutionTime = 49.68 s  ClockTime = 51 s

forceCoeffs forceCoeffs1 write:
    Cm    = 0.156279
    Cd    = 0.413273
    Cl    = 0.062498
    Cl(f) = 0.187528
    Cl(r) = -0.125031

Time = 470

smoothSolver:  Solving for Ux, Initial residual = 0.00012421, Final residual = 9.83076e-06, No Iterations 8
smoothSolver:  Solving for Uy, Initial residual = 0.00271555, Final residual = 0.000230845, No Iterations 7
smoothSolver:  Solving for Uz, Initial residual = 0.00231225, Final residual = 0.000196129, No Iterations 7
GAMG:  Solving for p, Initial residual = 0.00125086, Final residual = 5.96808e-06, No Iterations 4
time step continuity errors : sum local = 1.13765e-05, global = -8.92448e-08, cumulative = 4.82402e-05
smoothSolver:  Solving for omega, Initial residual = 2.20608e-05, Final residual = 1.33471e-06, No Iterations 3
smoothSolver:  Solving for k, Initial residual = 0.000259107, Final residual = 2.0375e-05, No Iterations 3
ExecutionTime = 49.79 s  ClockTime = 51 s

forceCoeffs forceCoeffs1 write:
    Cm    = 0.15627
    Cd    = 0.413213
    Cl    = 0.0624049
    Cl(f) = 0.187473
    Cl(r) = -0.125068

Time = 471

smoothSolver:  Solving for Ux, Initial residual = 0.00012585, Final residual = 9.99415e-06, No Iterations 8
smoothSolver:  Solving for Uy, Initial residual = 0.00277369, Final residual = 0.000240054, No Iterations 7
smoothSolver:  Solving for Uz, Initial residual = 0.00235143, Final residual = 0.000201302, No Iterations 7
GAMG:  Solving for p, Initial residual = 0.00125477, Final residual = 5.90598e-06, No Iterations 4
time step continuity errors : sum local = 1.12592e-05, global = -1.00543e-07, cumulative = 4.81396e-05
smoothSolver:  Solving for omega, Initial residual = 2.21079e-05, Final residual = 1.32964e-06, No Iterations 3
smoothSolver:  Solving for k, Initial residual = 0.000263262, Final residual = 2.06841e-05, No Iterations 3
ExecutionTime = 49.89 s  ClockTime = 51 s

forceCoeffs forceCoeffs1 write:
    Cm    = 0.156278
    Cd    = 0.41316
    Cl    = 0.06225
    Cl(f) = 0.187403
    Cl(r) = -0.125153

Time = 472

smoothSolver:  Solving for Ux, Initial residual = 0.000126504, Final residual = 1.01087e-05, No Iterations 8
smoothSolver:  Solving for Uy, Initial residual = 0.00282272, Final residual = 0.000247702, No Iterations 7
smoothSolver:  Solving for Uz, Initial residual = 0.00237627, Final residual = 0.000203605, No Iterations 7
GAMG:  Solving for p, Initial residual = 0.00125821, Final residual = 5.83496e-06, No Iterations 4
time step continuity errors : sum local = 1.11237e-05, global = -1.05949e-07, cumulative = 4.80337e-05
smoothSolver:  Solving for omega, Initial residual = 2.22494e-05, Final residual = 1.3527e-06, No Iterations 3
smoothSolver:  Solving for k, Initial residual = 0.000267973, Final residual = 2.11761e-05, No Iterations 3
ExecutionTime = 50 s  ClockTime = 51 s

forceCoeffs forceCoeffs1 write:
    Cm    = 0.156307
    Cd    = 0.413133
    Cl    = 0.0621186
    Cl(f) = 0.187366
    Cl(r) = -0.125248

Time = 473

smoothSolver:  Solving for Ux, Initial residual = 0.000127338, Final residual = 1.02303e-05, No Iterations 8
smoothSolver:  Solving for Uy, Initial residual = 0.00285868, Final residual = 0.000252079, No Iterations 7
smoothSolver:  Solving for Uz, Initial residual = 0.0023933, Final residual = 0.000204529, No Iterations 7
GAMG:  Solving for p, Initial residual = 0.00126104, Final residual = 5.75924e-06, No Iterations 4
time step continuity errors : sum local = 1.09783e-05, global = -1.34161e-07, cumulative = 4.78995e-05
smoothSolver:  Solving for omega, Initial residual = 2.23389e-05, Final residual = 1.38533e-06, No Iterations 3
smoothSolver:  Solving for k, Initial residual = 0.000270846, Final residual = 2.18119e-05, No Iterations 3
ExecutionTime = 50.1 s  ClockTime = 51 s

forceCoeffs forceCoeffs1 write:
    Cm    = 0.15637
    Cd    = 0.41313
    Cl    = 0.0619946
    Cl(f) = 0.187368
    Cl(r) = -0.125373

Time = 474

smoothSolver:  Solving for Ux, Initial residual = 0.000128365, Final residual = 1.02973e-05, No Iterations 8
smoothSolver:  Solving for Uy, Initial residual = 0.00286396, Final residual = 0.000252726, No Iterations 7
smoothSolver:  Solving for Uz, Initial residual = 0.00239961, Final residual = 0.000204537, No Iterations 7
GAMG:  Solving for p, Initial residual = 0.00125546, Final residual = 5.76358e-06, No Iterations 4
time step continuity errors : sum local = 1.09845e-05, global = -1.63822e-07, cumulative = 4.77357e-05
smoothSolver:  Solving for omega, Initial residual = 2.25678e-05, Final residual = 1.41713e-06, No Iterations 3
smoothSolver:  Solving for k, Initial residual = 0.000271247, Final residual = 2.23319e-05, No Iterations 3
ExecutionTime = 50.2 s  ClockTime = 51 s

forceCoeffs forceCoeffs1 write:
    Cm    = 0.156441
    Cd    = 0.41317
    Cl    = 0.0618894
    Cl(f) = 0.187386
    Cl(r) = -0.125496

Time = 475

smoothSolver:  Solving for Ux, Initial residual = 0.000128994, Final residual = 1.031e-05, No Iterations 8
smoothSolver:  Solving for Uy, Initial residual = 0.00284167, Final residual = 0.000250227, No Iterations 7
smoothSolver:  Solving for Uz, Initial residual = 0.0023858, Final residual = 0.000202151, No Iterations 7
GAMG:  Solving for p, Initial residual = 0.00124933, Final residual = 5.75971e-06, No Iterations 4
time step continuity errors : sum local = 1.09744e-05, global = -2.00977e-07, cumulative = 4.75347e-05
smoothSolver:  Solving for omega, Initial residual = 2.26761e-05, Final residual = 1.43186e-06, No Iterations 3
smoothSolver:  Solving for k, Initial residual = 0.000268239, Final residual = 2.24339e-05, No Iterations 3
ExecutionTime = 50.3 s  ClockTime = 51 s

forceCoeffs forceCoeffs1 write:
    Cm    = 0.156519
    Cd    = 0.413221
    Cl    = 0.0618002
    Cl(f) = 0.187419
    Cl(r) = -0.125619

Time = 476

smoothSolver:  Solving for Ux, Initial residual = 0.000129033, Final residual = 1.03737e-05, No Iterations 8
smoothSolver:  Solving for Uy, Initial residual = 0.00282241, Final residual = 0.000247754, No Iterations 7
smoothSolver:  Solving for Uz, Initial residual = 0.00237449, Final residual = 0.000202145, No Iterations 7
GAMG:  Solving for p, Initial residual = 0.00124451, Final residual = 5.83157e-06, No Iterations 4
time step continuity errors : sum local = 1.11078e-05, global = -2.05983e-07, cumulative = 4.73287e-05
smoothSolver:  Solving for omega, Initial residual = 2.26029e-05, Final residual = 1.42389e-06, No Iterations 3
smoothSolver:  Solving for k, Initial residual = 0.000262359, Final residual = 2.21037e-05, No Iterations 3
ExecutionTime = 50.4 s  ClockTime = 52 s

forceCoeffs forceCoeffs1 write:
    Cm    = 0.15658
    Cd    = 0.413292
    Cl    = 0.0617609
    Cl(f) = 0.18746
    Cl(r) = -0.125699

Time = 477

smoothSolver:  Solving for Ux, Initial residual = 0.00012858, Final residual = 1.0443e-05, No Iterations 8
smoothSolver:  Solving for Uy, Initial residual = 0.00279859, Final residual = 0.000246815, No Iterations 7
smoothSolver:  Solving for Uz, Initial residual = 0.00235589, Final residual = 0.000202378, No Iterations 7
GAMG:  Solving for p, Initial residual = 0.00123649, Final residual = 5.76236e-06, No Iterations 4
time step continuity errors : sum local = 1.09718e-05, global = -1.88545e-07, cumulative = 4.71402e-05
smoothSolver:  Solving for omega, Initial residual = 2.24603e-05, Final residual = 1.40204e-06, No Iterations 3
smoothSolver:  Solving for k, Initial residual = 0.000256962, Final residual = 2.15032e-05, No Iterations 3
ExecutionTime = 50.5 s  ClockTime = 52 s

forceCoeffs forceCoeffs1 write:
    Cm    = 0.156637
    Cd    = 0.413385
    Cl    = 0.0617766
    Cl(f) = 0.187526
    Cl(r) = -0.125749

Time = 478

smoothSolver:  Solving for Ux, Initial residual = 0.000127927, Final residual = 1.0514e-05, No Iterations 8
smoothSolver:  Solving for Uy, Initial residual = 0.00279667, Final residual = 0.000249634, No Iterations 7
smoothSolver:  Solving for Uz, Initial residual = 0.0023538, Final residual = 0.000205359, No Iterations 7
GAMG:  Solving for p, Initial residual = 0.00122406, Final residual = 5.56377e-06, No Iterations 4
time step continuity errors : sum local = 1.05892e-05, global = -1.5949e-07, cumulative = 4.69807e-05
smoothSolver:  Solving for omega, Initial residual = 2.23883e-05, Final residual = 1.39347e-06, No Iterations 3
smoothSolver:  Solving for k, Initial residual = 0.000252765, Final residual = 2.08377e-05, No Iterations 3
ExecutionTime = 50.61 s  ClockTime = 52 s

forceCoeffs forceCoeffs1 write:
    Cm    = 0.156698
    Cd    = 0.41351
    Cl    = 0.0618756
    Cl(f) = 0.187636
    Cl(r) = -0.12576

Time = 479

smoothSolver:  Solving for Ux, Initial residual = 0.00012779, Final residual = 1.0655e-05, No Iterations 8
smoothSolver:  Solving for Uy, Initial residual = 0.00279908, Final residual = 0.000254554, No Iterations 7
smoothSolver:  Solving for Uz, Initial residual = 0.00235071, Final residual = 0.000208347, No Iterations 7
GAMG:  Solving for p, Initial residual = 0.00121135, Final residual = 5.41255e-06, No Iterations 4
time step continuity errors : sum local = 1.02974e-05, global = -1.48638e-07, cumulative = 4.68321e-05
smoothSolver:  Solving for omega, Initial residual = 2.22362e-05, Final residual = 1.38522e-06, No Iterations 3
smoothSolver:  Solving for k, Initial residual = 0.000248238, Final residual = 2.02693e-05, No Iterations 3
ExecutionTime = 50.71 s  ClockTime = 52 s

forceCoeffs forceCoeffs1 write:
    Cm    = 0.156727
    Cd    = 0.413641
    Cl    = 0.0619621
    Cl(f) = 0.187709
    Cl(r) = -0.125746

Time = 480

smoothSolver:  Solving for Ux, Initial residual = 0.000128306, Final residual = 1.08187e-05, No Iterations 8
smoothSolver:  Solving for Uy, Initial residual = 0.00281223, Final residual = 0.000259879, No Iterations 7
smoothSolver:  Solving for Uz, Initial residual = 0.00235039, Final residual = 0.000211636, No Iterations 7
GAMG:  Solving for p, Initial residual = 0.00119923, Final residual = 5.29809e-06, No Iterations 4
time step continuity errors : sum local = 1.00764e-05, global = -1.23665e-07, cumulative = 4.67084e-05
smoothSolver:  Solving for omega, Initial residual = 2.26705e-05, Final residual = 1.39286e-06, No Iterations 3
smoothSolver:  Solving for k, Initial residual = 0.000243943, Final residual = 1.98694e-05, No Iterations 3
ExecutionTime = 50.82 s  ClockTime = 52 s

forceCoeffs forceCoeffs1 write:
    Cm    = 0.156729
    Cd    = 0.413762
    Cl    = 0.0620786
    Cl(f) = 0.187768
    Cl(r) = -0.12569

Time = 481

smoothSolver:  Solving for Ux, Initial residual = 0.000128662, Final residual = 1.09193e-05, No Iterations 8
smoothSolver:  Solving for Uy, Initial residual = 0.00282335, Final residual = 0.000263036, No Iterations 7
smoothSolver:  Solving for Uz, Initial residual = 0.0023517, Final residual = 0.000215041, No Iterations 7
GAMG:  Solving for p, Initial residual = 0.0011937, Final residual = 5.38076e-06, No Iterations 4
time step continuity errors : sum local = 1.02314e-05, global = -1.2201e-07, cumulative = 4.65864e-05
smoothSolver:  Solving for omega, Initial residual = 2.22797e-05, Final residual = 1.40985e-06, No Iterations 3
smoothSolver:  Solving for k, Initial residual = 0.000240621, Final residual = 1.95908e-05, No Iterations 3
ExecutionTime = 50.91 s  ClockTime = 52 s

forceCoeffs forceCoeffs1 write:
    Cm    = 0.156745
    Cd    = 0.413881
    Cl    = 0.0622322
    Cl(f) = 0.187861
    Cl(r) = -0.125629

Time = 482

smoothSolver:  Solving for Ux, Initial residual = 0.000128954, Final residual = 1.09604e-05, No Iterations 8
smoothSolver:  Solving for Uy, Initial residual = 0.00284021, Final residual = 0.000266156, No Iterations 7
smoothSolver:  Solving for Uz, Initial residual = 0.00236728, Final residual = 0.000218944, No Iterations 7
GAMG:  Solving for p, Initial residual = 0.00118941, Final residual = 5.3804e-06, No Iterations 4
time step continuity errors : sum local = 1.02287e-05, global = -1.07383e-07, cumulative = 4.6479e-05
smoothSolver:  Solving for omega, Initial residual = 2.24957e-05, Final residual = 1.44352e-06, No Iterations 3
smoothSolver:  Solving for k, Initial residual = 0.000236553, Final residual = 1.94374e-05, No Iterations 3
ExecutionTime = 51.01 s  ClockTime = 52 s

forceCoeffs forceCoeffs1 write:
    Cm    = 0.156745
    Cd    = 0.413966
    Cl    = 0.0623806
    Cl(f) = 0.187935
    Cl(r) = -0.125555

Time = 483

smoothSolver:  Solving for Ux, Initial residual = 0.000129124, Final residual = 1.08902e-05, No Iterations 8
smoothSolver:  Solving for Uy, Initial residual = 0.00284582, Final residual = 0.000265975, No Iterations 7
smoothSolver:  Solving for Uz, Initial residual = 0.00237356, Final residual = 0.000220111, No Iterations 7
GAMG:  Solving for p, Initial residual = 0.00119561, Final residual = 5.44833e-06, No Iterations 4
time step continuity errors : sum local = 1.0357e-05, global = -9.19385e-08, cumulative = 4.63871e-05
smoothSolver:  Solving for omega, Initial residual = 2.25905e-05, Final residual = 1.46662e-06, No Iterations 3
smoothSolver:  Solving for k, Initial residual = 0.000232158, Final residual = 1.93282e-05, No Iterations 3
ExecutionTime = 51.12 s  ClockTime = 52 s

forceCoeffs forceCoeffs1 write:
    Cm    = 0.156745
    Cd    = 0.41402
    Cl    = 0.0625161
    Cl(f) = 0.188003
    Cl(r) = -0.125487

Time = 484

smoothSolver:  Solving for Ux, Initial residual = 0.000129027, Final residual = 1.07496e-05, No Iterations 8
smoothSolver:  Solving for Uy, Initial residual = 0.00285365, Final residual = 0.000264383, No Iterations 7
smoothSolver:  Solving for Uz, Initial residual = 0.00238593, Final residual = 0.000220123, No Iterations 7
GAMG:  Solving for p, Initial residual = 0.00120317, Final residual = 5.46224e-06, No Iterations 4
time step continuity errors : sum local = 1.03827e-05, global = -1.22373e-08, cumulative = 4.63748e-05
smoothSolver:  Solving for omega, Initial residual = 2.2597e-05, Final residual = 1.4744e-06, No Iterations 3
smoothSolver:  Solving for k, Initial residual = 0.000228057, Final residual = 1.91872e-05, No Iterations 3
ExecutionTime = 51.22 s  ClockTime = 52 s

forceCoeffs forceCoeffs1 write:
    Cm    = 0.156747
    Cd    = 0.41405
    Cl    = 0.0626182
    Cl(f) = 0.188056
    Cl(r) = -0.125438

Time = 485

smoothSolver:  Solving for Ux, Initial residual = 0.000128057, Final residual = 1.05676e-05, No Iterations 8
smoothSolver:  Solving for Uy, Initial residual = 0.00284107, Final residual = 0.000259237, No Iterations 7
smoothSolver:  Solving for Uz, Initial residual = 0.00237464, Final residual = 0.000216871, No Iterations 7
GAMG:  Solving for p, Initial residual = 0.0012164, Final residual = 5.52885e-06, No Iterations 4
time step continuity errors : sum local = 1.05096e-05, global = 2.03883e-08, cumulative = 4.63952e-05
smoothSolver:  Solving for omega, Initial residual = 2.25944e-05, Final residual = 1.47408e-06, No Iterations 3
smoothSolver:  Solving for k, Initial residual = 0.000223683, Final residual = 1.89579e-05, No Iterations 3
ExecutionTime = 51.32 s  ClockTime = 53 s

forceCoeffs forceCoeffs1 write:
    Cm    = 0.15674
    Cd    = 0.414027
    Cl    = 0.0626508
    Cl(f) = 0.188065
    Cl(r) = -0.125414

Time = 486

smoothSolver:  Solving for Ux, Initial residual = 0.000126981, Final residual = 1.03186e-05, No Iterations 8
smoothSolver:  Solving for Uy, Initial residual = 0.00281376, Final residual = 0.000251597, No Iterations 7
smoothSolver:  Solving for Uz, Initial residual = 0.00235038, Final residual = 0.000210862, No Iterations 7
GAMG:  Solving for p, Initial residual = 0.00122465, Final residual = 5.46364e-06, No Iterations 4
time step continuity errors : sum local = 1.03864e-05, global = 4.24149e-08, cumulative = 4.64376e-05
smoothSolver:  Solving for omega, Initial residual = 2.26046e-05, Final residual = 1.45832e-06, No Iterations 3
smoothSolver:  Solving for k, Initial residual = 0.000218914, Final residual = 1.86206e-05, No Iterations 3
ExecutionTime = 51.42 s  ClockTime = 53 s

forceCoeffs forceCoeffs1 write:
    Cm    = 0.156704
    Cd    = 0.413933
    Cl    = 0.0626774
    Cl(f) = 0.188042
    Cl(r) = -0.125365

Time = 487

smoothSolver:  Solving for Ux, Initial residual = 0.000125075, Final residual = 1.00088e-05, No Iterations 8
smoothSolver:  Solving for Uy, Initial residual = 0.00276247, Final residual = 0.000241322, No Iterations 7
smoothSolver:  Solving for Uz, Initial residual = 0.00232653, Final residual = 0.000204037, No Iterations 7
GAMG:  Solving for p, Initial residual = 0.00122992, Final residual = 5.46179e-06, No Iterations 4
time step continuity errors : sum local = 1.03842e-05, global = 5.96212e-08, cumulative = 4.64973e-05
smoothSolver:  Solving for omega, Initial residual = 2.23047e-05, Final residual = 1.45099e-06, No Iterations 3
smoothSolver:  Solving for k, Initial residual = 0.000214068, Final residual = 1.81457e-05, No Iterations 3
ExecutionTime = 51.52 s  ClockTime = 53 s

forceCoeffs forceCoeffs1 write:
    Cm    = 0.156659
    Cd    = 0.413777
    Cl    = 0.0626746
    Cl(f) = 0.187997
    Cl(r) = -0.125322

Time = 488

smoothSolver:  Solving for Ux, Initial residual = 0.000122793, Final residual = 9.70273e-06, No Iterations 8
smoothSolver:  Solving for Uy, Initial residual = 0.00271151, Final residual = 0.000231479, No Iterations 7
smoothSolver:  Solving for Uz, Initial residual = 0.00229221, Final residual = 0.000196166, No Iterations 7
GAMG:  Solving for p, Initial residual = 0.00123412, Final residual = 5.37308e-06, No Iterations 4
time step continuity errors : sum local = 1.02165e-05, global = 8.22506e-08, cumulative = 4.65795e-05
smoothSolver:  Solving for omega, Initial residual = 2.21875e-05, Final residual = 1.43475e-06, No Iterations 3
smoothSolver:  Solving for k, Initial residual = 0.000209396, Final residual = 1.75815e-05, No Iterations 3
ExecutionTime = 51.62 s  ClockTime = 53 s

forceCoeffs forceCoeffs1 write:
    Cm    = 0.156638
    Cd    = 0.413598
    Cl    = 0.0627298
    Cl(f) = 0.188002
    Cl(r) = -0.125273

Time = 489

smoothSolver:  Solving for Ux, Initial residual = 0.000121122, Final residual = 9.46911e-06, No Iterations 8
smoothSolver:  Solving for Uy, Initial residual = 0.002677, Final residual = 0.000224129, No Iterations 7
smoothSolver:  Solving for Uz, Initial residual = 0.00227784, Final residual = 0.000190772, No Iterations 7
GAMG:  Solving for p, Initial residual = 0.00123736, Final residual = 5.21406e-06, No Iterations 4
time step continuity errors : sum local = 9.91485e-06, global = 8.63313e-08, cumulative = 4.66658e-05
smoothSolver:  Solving for omega, Initial residual = 2.19617e-05, Final residual = 1.41005e-06, No Iterations 3
smoothSolver:  Solving for k, Initial residual = 0.000205082, Final residual = 1.70473e-05, No Iterations 3
ExecutionTime = 51.72 s  ClockTime = 53 s

forceCoeffs forceCoeffs1 write:
    Cm    = 0.156592
    Cd    = 0.413383
    Cl    = 0.0627202
    Cl(f) = 0.187952
    Cl(r) = -0.125232

Time = 490

smoothSolver:  Solving for Ux, Initial residual = 0.000119861, Final residual = 9.31927e-06, No Iterations 8
smoothSolver:  Solving for Uy, Initial residual = 0.00266837, Final residual = 0.00022132, No Iterations 7
smoothSolver:  Solving for Uz, Initial residual = 0.00227136, Final residual = 0.000187733, No Iterations 7
GAMG:  Solving for p, Initial residual = 0.00123601, Final residual = 5.01609e-06, No Iterations 4
time step continuity errors : sum local = 9.53877e-06, global = 8.04425e-08, cumulative = 4.67463e-05
smoothSolver:  Solving for omega, Initial residual = 2.18658e-05, Final residual = 1.39851e-06, No Iterations 3
smoothSolver:  Solving for k, Initial residual = 0.000202163, Final residual = 1.65967e-05, No Iterations 3
ExecutionTime = 51.83 s  ClockTime = 53 s

forceCoeffs forceCoeffs1 write:
    Cm    = 0.156544
    Cd    = 0.413148
    Cl    = 0.0627441
    Cl(f) = 0.187916
    Cl(r) = -0.125172

Time = 491

smoothSolver:  Solving for Ux, Initial residual = 0.000119193, Final residual = 9.23549e-06, No Iterations 8
smoothSolver:  Solving for Uy, Initial residual = 0.00266453, Final residual = 0.000219247, No Iterations 7
smoothSolver:  Solving for Uz, Initial residual = 0.00227511, Final residual = 0.000186259, No Iterations 7
GAMG:  Solving for p, Initial residual = 0.00123997, Final residual = 4.82996e-06, No Iterations 4
time step continuity errors : sum local = 9.18477e-06, global = 7.86823e-08, cumulative = 4.6825e-05
smoothSolver:  Solving for omega, Initial residual = 2.15229e-05, Final residual = 1.38785e-06, No Iterations 3
smoothSolver:  Solving for k, Initial residual = 0.000201205, Final residual = 1.63251e-05, No Iterations 3
ExecutionTime = 51.93 s  ClockTime = 53 s

forceCoeffs forceCoeffs1 write:
    Cm    = 0.156481
    Cd    = 0.412886
    Cl    = 0.0627327
    Cl(f) = 0.187847
    Cl(r) = -0.125115

Time = 492

smoothSolver:  Solving for Ux, Initial residual = 0.000119222, Final residual = 9.15831e-06, No Iterations 8
smoothSolver:  Solving for Uy, Initial residual = 0.00268054, Final residual = 0.000218567, No Iterations 7
smoothSolver:  Solving for Uz, Initial residual = 0.00227671, Final residual = 0.00018531, No Iterations 7
GAMG:  Solving for p, Initial residual = 0.00124255, Final residual = 4.778e-06, No Iterations 4
time step continuity errors : sum local = 9.08555e-06, global = -1.95886e-08, cumulative = 4.68054e-05
smoothSolver:  Solving for omega, Initial residual = 2.14464e-05, Final residual = 1.37661e-06, No Iterations 3
smoothSolver:  Solving for k, Initial residual = 0.000201153, Final residual = 1.61967e-05, No Iterations 3
ExecutionTime = 52.03 s  ClockTime = 53 s

forceCoeffs forceCoeffs1 write:
    Cm    = 0.15643
    Cd    = 0.412634
    Cl    = 0.0627988
    Cl(f) = 0.187829
    Cl(r) = -0.12503

Time = 493

smoothSolver:  Solving for Ux, Initial residual = 0.000118996, Final residual = 9.03565e-06, No Iterations 8
smoothSolver:  Solving for Uy, Initial residual = 0.00269291, Final residual = 0.000218546, No Iterations 7
smoothSolver:  Solving for Uz, Initial residual = 0.00228358, Final residual = 0.000184489, No Iterations 7
GAMG:  Solving for p, Initial residual = 0.00125011, Final residual = 4.75259e-06, No Iterations 4
time step continuity errors : sum local = 9.03647e-06, global = -1.16319e-08, cumulative = 4.67938e-05
smoothSolver:  Solving for omega, Initial residual = 2.14262e-05, Final residual = 1.37637e-06, No Iterations 3
smoothSolver:  Solving for k, Initial residual = 0.00020107, Final residual = 1.6163e-05, No Iterations 3
ExecutionTime = 52.13 s  ClockTime = 53 s

forceCoeffs forceCoeffs1 write:
    Cm    = 0.156376
    Cd    = 0.412376
    Cl    = 0.0628341
    Cl(f) = 0.187793
    Cl(r) = -0.124959

Time = 494

smoothSolver:  Solving for Ux, Initial residual = 0.000118248, Final residual = 1.17721e-05, No Iterations 7
smoothSolver:  Solving for Uy, Initial residual = 0.00270415, Final residual = 0.000218821, No Iterations 7
smoothSolver:  Solving for Uz, Initial residual = 0.00227348, Final residual = 0.00018226, No Iterations 7
GAMG:  Solving for p, Initial residual = 0.00125032, Final residual = 4.86163e-06, No Iterations 4
time step continuity errors : sum local = 9.24239e-06, global = -1.06128e-08, cumulative = 4.67831e-05
smoothSolver:  Solving for omega, Initial residual = 2.14932e-05, Final residual = 1.36997e-06, No Iterations 3
smoothSolver:  Solving for k, Initial residual = 0.000200259, Final residual = 1.61098e-05, No Iterations 3
ExecutionTime = 52.24 s  ClockTime = 53 s

forceCoeffs forceCoeffs1 write:
    Cm    = 0.156331
    Cd    = 0.412148
    Cl    = 0.0629389
    Cl(f) = 0.1878
    Cl(r) = -0.124861

Time = 495

smoothSolver:  Solving for Ux, Initial residual = 0.000117293, Final residual = 1.15338e-05, No Iterations 7
smoothSolver:  Solving for Uy, Initial residual = 0.00269627, Final residual = 0.000217785, No Iterations 7
smoothSolver:  Solving for Uz, Initial residual = 0.00225994, Final residual = 0.000178939, No Iterations 7
GAMG:  Solving for p, Initial residual = 0.00125068, Final residual = 4.81715e-06, No Iterations 4
time step continuity errors : sum local = 9.15609e-06, global = -1.32243e-08, cumulative = 4.67699e-05
smoothSolver:  Solving for omega, Initial residual = 2.11693e-05, Final residual = 1.34722e-06, No Iterations 3
smoothSolver:  Solving for k, Initial residual = 0.000199367, Final residual = 1.60553e-05, No Iterations 3
ExecutionTime = 52.33 s  ClockTime = 54 s

forceCoeffs forceCoeffs1 write:
    Cm    = 0.156295
    Cd    = 0.411938
    Cl    = 0.063019
    Cl(f) = 0.187804
    Cl(r) = -0.124785

Time = 496

smoothSolver:  Solving for Ux, Initial residual = 0.000116035, Final residual = 1.12685e-05, No Iterations 7
smoothSolver:  Solving for Uy, Initial residual = 0.0026828, Final residual = 0.000216257, No Iterations 7
smoothSolver:  Solving for Uz, Initial residual = 0.00223277, Final residual = 0.000175861, No Iterations 7
GAMG:  Solving for p, Initial residual = 0.00124364, Final residual = 4.83301e-06, No Iterations 4
time step continuity errors : sum local = 9.18417e-06, global = -2.16887e-08, cumulative = 4.67482e-05
smoothSolver:  Solving for omega, Initial residual = 2.11335e-05, Final residual = 1.33189e-06, No Iterations 3
smoothSolver:  Solving for k, Initial residual = 0.000198484, Final residual = 1.59836e-05, No Iterations 3
ExecutionTime = 52.44 s  ClockTime = 54 s

forceCoeffs forceCoeffs1 write:
    Cm    = 0.156271
    Cd    = 0.411778
    Cl    = 0.0631551
    Cl(f) = 0.187849
    Cl(r) = -0.124694

Time = 497

smoothSolver:  Solving for Ux, Initial residual = 0.000114319, Final residual = 1.10148e-05, No Iterations 7
smoothSolver:  Solving for Uy, Initial residual = 0.00265981, Final residual = 0.000213975, No Iterations 7
smoothSolver:  Solving for Uz, Initial residual = 0.00220004, Final residual = 0.000171844, No Iterations 7
GAMG:  Solving for p, Initial residual = 0.00124099, Final residual = 4.71569e-06, No Iterations 4
time step continuity errors : sum local = 8.95987e-06, global = -1.12211e-08, cumulative = 4.6737e-05
smoothSolver:  Solving for omega, Initial residual = 2.10641e-05, Final residual = 1.30819e-06, No Iterations 3
smoothSolver:  Solving for k, Initial residual = 0.000197036, Final residual = 1.59232e-05, No Iterations 3
ExecutionTime = 52.54 s  ClockTime = 54 s

forceCoeffs forceCoeffs1 write:
    Cm    = 0.156221
    Cd    = 0.411585
    Cl    = 0.0632585
    Cl(f) = 0.187851
    Cl(r) = -0.124592

Time = 498

smoothSolver:  Solving for Ux, Initial residual = 0.00011297, Final residual = 1.08565e-05, No Iterations 7
smoothSolver:  Solving for Uy, Initial residual = 0.00264115, Final residual = 0.000212851, No Iterations 7
smoothSolver:  Solving for Uz, Initial residual = 0.00217259, Final residual = 0.000169672, No Iterations 7
GAMG:  Solving for p, Initial residual = 0.00122789, Final residual = 4.74323e-06, No Iterations 4
time step continuity errors : sum local = 9.01089e-06, global = -2.30449e-08, cumulative = 4.6714e-05
smoothSolver:  Solving for omega, Initial residual = 2.21743e-05, Final residual = 1.291e-06, No Iterations 3
smoothSolver:  Solving for k, Initial residual = 0.00019557, Final residual = 1.58651e-05, No Iterations 3
ExecutionTime = 52.63 s  ClockTime = 54 s

forceCoeffs forceCoeffs1 write:
    Cm    = 0.15619
    Cd    = 0.41143
    Cl    = 0.0634288
    Cl(f) = 0.187904
    Cl(r) = -0.124475

Time = 499

smoothSolver:  Solving for Ux, Initial residual = 0.000111203, Final residual = 1.07023e-05, No Iterations 7
smoothSolver:  Solving for Uy, Initial residual = 0.00261427, Final residual = 0.000210006, No Iterations 7
smoothSolver:  Solving for Uz, Initial residual = 0.00214516, Final residual = 0.00016686, No Iterations 7
GAMG:  Solving for p, Initial residual = 0.00121988, Final residual = 4.58869e-06, No Iterations 4
time step continuity errors : sum local = 8.71634e-06, global = -3.28868e-08, cumulative = 4.66811e-05
smoothSolver:  Solving for omega, Initial residual = 2.05532e-05, Final residual = 1.26737e-06, No Iterations 3
smoothSolver:  Solving for k, Initial residual = 0.000194178, Final residual = 1.57793e-05, No Iterations 3
ExecutionTime = 52.74 s  ClockTime = 54 s

forceCoeffs forceCoeffs1 write:
    Cm    = 0.156177
    Cd    = 0.411291
    Cl    = 0.0635716
    Cl(f) = 0.187963
    Cl(r) = -0.124391

Time = 500

smoothSolver:  Solving for Ux, Initial residual = 0.000109475, Final residual = 1.06009e-05, No Iterations 7
smoothSolver:  Solving for Uy, Initial residual = 0.00257752, Final residual = 0.000206344, No Iterations 7
smoothSolver:  Solving for Uz, Initial residual = 0.00212453, Final residual = 0.000165459, No Iterations 7
GAMG:  Solving for p, Initial residual = 0.00120614, Final residual = 4.54158e-06, No Iterations 4
time step continuity errors : sum local = 8.62588e-06, global = -3.08276e-08, cumulative = 4.66502e-05
smoothSolver:  Solving for omega, Initial residual = 2.01398e-05, Final residual = 1.2536e-06, No Iterations 3
smoothSolver:  Solving for k, Initial residual = 0.000192364, Final residual = 1.56398e-05, No Iterations 3
ExecutionTime = 52.85 s  ClockTime = 54 s

streamLine streamLines write:
    seeded 20 particles
    Tracks:20
    Total samples:20500
    Writing data to "/mnt/aiongpfs/users/mghavami/motorBike-RUN-06/postProcessing/sets/streamLines/500"
forceCoeffs forceCoeffs1 write:
    Cm    = 0.156189
    Cd    = 0.411209
    Cl    = 0.0637425
    Cl(f) = 0.188061
    Cl(r) = -0.124318

End

Finalising parallel run

real	0m57.794s
user	0m0.207s
sys	0m0.314s
== Finished job 6504596 at Tue Mar  4 16:18:24 CET 2025
