== Starting job 6504587 at Tue Mar  4 16:02:43 CET 2025
New entry numberOfSubdomains 6;

/*---------------------------------------------------------------------------*\
  =========                 |
  \\      /  F ield         | OpenFOAM: The Open Source CFD Toolbox
   \\    /   O peration     | Website:  https://openfoam.org
    \\  /    A nd           | Version:  8
     \\/     M anipulation  |
\*---------------------------------------------------------------------------*/
Build  : 8
Exec   : decomposePar -force
Date   : Mar 04 2025
Time   : 16:02:48
Host   : "aion-0179"
PID    : 3556143
I/O    : uncollated
Case   : /mnt/aiongpfs/users/mghavami/motorBike-RUN-06
nProcs : 1
sigFpe : Enabling floating point exception trapping (FOAM_SIGFPE).
fileModificationChecking : Monitoring run-time modified files using timeStampMaster (fileModificationSkew 10)
allowSystemOperations : Allowing user-supplied system call operations

// * * * * * * * * * * * * * * * * * * * * * * * * * * * * * * * * * * * * * //
Create time

Removing 0 existing processor directories


Decomposing mesh region0

Create mesh

Calculating distribution of cells
Selecting decompositionMethod scotch

Finished decomposition in 1.04 s

Calculating original mesh data

Distributing cells to processors

Distributing faces to processors

Distributing points to processors

Constructing processor meshes
Reading hexRef8 data : cellLevel
Reading hexRef8 data : pointLevel
Reading hexRef8 data : level0Edge

Processor 0
    Number of cells = 59291
    Number of faces shared with processor 1 = 1832
    Number of faces shared with processor 2 = 981
    Number of faces shared with processor 3 = 753
    Number of faces shared with processor 4 = 20
    Number of faces shared with processor 5 = 1285
    Number of processor patches = 5
    Number of processor faces = 4871
    Number of boundary faces = 6292

Processor 1
    Number of cells = 58118
    Number of faces shared with processor 0 = 1832
    Number of faces shared with processor 2 = 2210
    Number of processor patches = 2
    Number of processor faces = 4042
    Number of boundary faces = 11838

Processor 2
    Number of cells = 58269
    Number of faces shared with processor 0 = 981
    Number of faces shared with processor 1 = 2210
    Number of faces shared with processor 3 = 1633
    Number of faces shared with processor 5 = 26
    Number of processor patches = 4
    Number of processor faces = 4850
    Number of boundary faces = 15654

Processor 3
    Number of cells = 59110
    Number of faces shared with processor 0 = 753
    Number of faces shared with processor 2 = 1633
    Number of faces shared with processor 5 = 1183
    Number of processor patches = 3
    Number of processor faces = 3569
    Number of boundary faces = 12415

Processor 4
    Number of cells = 58432
    Number of faces shared with processor 0 = 20
    Number of faces shared with processor 5 = 1571
    Number of processor patches = 2
    Number of processor faces = 1591
    Number of boundary faces = 2060

Processor 5
    Number of cells = 59006
    Number of faces shared with processor 0 = 1285
    Number of faces shared with processor 2 = 26
    Number of faces shared with processor 3 = 1183
    Number of faces shared with processor 4 = 1571
    Number of processor patches = 4
    Number of processor faces = 4065
    Number of boundary faces = 1837

Number of processor faces = 11494
Max number of cells = 59291 (0.999358% above average 58704.3)
Max number of processor patches = 5 (50% above average 3.33333)
Max number of faces between processors = 4871 (27.1359% above average 3831.33)

Time = 0

Processor 0: field transfer
Processor 1: field transfer
Processor 2: field transfer
Processor 3: field transfer
Processor 4: field transfer
Processor 5: field transfer

End

/*---------------------------------------------------------------------------*\
  =========                 |
  \\      /  F ield         | OpenFOAM: The Open Source CFD Toolbox
   \\    /   O peration     | Website:  https://openfoam.org
    \\  /    A nd           | Version:  8
     \\/     M anipulation  |
\*---------------------------------------------------------------------------*/
Build  : 8
Exec   : /mnt/aiongpfs/apps/resif/aion/2020b/epyc/software/OpenFOAM/8-foss-2020b/OpenFOAM-8/platforms/linux64GccDPInt32Opt/bin/simpleFoam -parallel
Date   : Mar 04 2025
Time   : 16:02:50
Host   : "aion-0179"
PID    : 3556161
I/O    : uncollated
Case   : /mnt/aiongpfs/users/mghavami/motorBike-RUN-06
nProcs : 6
Slaves : 
5
(
"aion-0179.3556162"
"aion-0179.3556163"
"aion-0179.3556164"
"aion-0179.3556165"
"aion-0179.3556166"
)

Pstream initialized with:
    floatTransfer      : 0
    nProcsSimpleSum    : 0
    commsType          : nonBlocking
    polling iterations : 0
sigFpe : Enabling floating point exception trapping (FOAM_SIGFPE).
fileModificationChecking : Monitoring run-time modified files using timeStampMaster (fileModificationSkew 10)
allowSystemOperations : Allowing user-supplied system call operations

// * * * * * * * * * * * * * * * * * * * * * * * * * * * * * * * * * * * * * //
Create time

Create mesh for time = 0


SIMPLE: No convergence criteria found

Reading field p

Reading field U

Reading/calculating face flux field phi

Selecting incompressible transport model Newtonian
Selecting turbulence model type RAS
Selecting RAS turbulence model kOmegaSST
Selecting patchDistMethod meshWave
RAS
{
    model           kOmegaSST;
    turbulence      on;
    printCoeffs     on;
    alphaK1         0.85;
    alphaK2         1;
    alphaOmega1     0.5;
    alphaOmega2     0.856;
    gamma1          0.555556;
    gamma2          0.44;
    beta1           0.075;
    beta2           0.0828;
    betaStar        0.09;
    a1              0.31;
    b1              1;
    c1              10;
    F3              false;
}

No MRF models present

No finite volume options present

Starting time loop

streamLine streamLines:
    automatic track length specified through number of sub cycles : 5

Reading surface description:
    yNormal

forces forceCoeffs1:
    Not including porosity effects
forceCoeffs forceCoeffs1:
    Not including porosity effects
streamLine streamLines write:
    seeded 20 particles
    Tracks:20
    Total samples:16736
    Writing data to "/mnt/aiongpfs/users/mghavami/motorBike-RUN-06/postProcessing/sets/streamLines/0"
forceCoeffs forceCoeffs1 write:
    Cm    = 0.00913482
    Cd    = 0.0226598
    Cl    = 0.000781134
    Cl(f) = 0.00952539
    Cl(r) = -0.00874425

Time = 1

smoothSolver:  Solving for Ux, Initial residual = 0.0877674, Final residual = 0.00806248, No Iterations 7
smoothSolver:  Solving for Uy, Initial residual = 0.59182, Final residual = 0.0581004, No Iterations 6
smoothSolver:  Solving for Uz, Initial residual = 0.401408, Final residual = 0.0343823, No Iterations 5
GAMG:  Solving for p, Initial residual = 1, Final residual = 0.00573787, No Iterations 5
time step continuity errors : sum local = 0.000579261, global = 6.07437e-06, cumulative = 6.07437e-06
smoothSolver:  Solving for omega, Initial residual = 0.00297414, Final residual = 0.000215548, No Iterations 3
bounding omega, min: -0.878304 max: 1.17515e+06 average: 198.329
smoothSolver:  Solving for k, Initial residual = 1, Final residual = 0.0467566, No Iterations 3
ExecutionTime = 2 s  ClockTime = 2 s

forceCoeffs forceCoeffs1 write:
    Cm    = 0.563104
    Cd    = 1.32925
    Cl    = -0.0352974
    Cl(f) = 0.545455
    Cl(r) = -0.580753

Time = 2

smoothSolver:  Solving for Ux, Initial residual = 0.0386619, Final residual = 0.00369295, No Iterations 7
smoothSolver:  Solving for Uy, Initial residual = 0.386274, Final residual = 0.0350315, No Iterations 7
smoothSolver:  Solving for Uz, Initial residual = 0.161179, Final residual = 0.0128316, No Iterations 7
GAMG:  Solving for p, Initial residual = 0.0768107, Final residual = 0.000322611, No Iterations 5
time step continuity errors : sum local = 0.000328425, global = 5.93903e-06, cumulative = 1.20134e-05
smoothSolver:  Solving for omega, Initial residual = 0.00310205, Final residual = 0.000289209, No Iterations 3
smoothSolver:  Solving for k, Initial residual = 0.0565293, Final residual = 0.00319512, No Iterations 3
ExecutionTime = 2.51 s  ClockTime = 3 s

forceCoeffs forceCoeffs1 write:
    Cm    = 0.650783
    Cd    = 1.52858
    Cl    = -0.0480488
    Cl(f) = 0.626759
    Cl(r) = -0.674808

Time = 3

smoothSolver:  Solving for Ux, Initial residual = 0.0202944, Final residual = 0.00163208, No Iterations 8
smoothSolver:  Solving for Uy, Initial residual = 0.30106, Final residual = 0.0284263, No Iterations 7
smoothSolver:  Solving for Uz, Initial residual = 0.108997, Final residual = 0.00931775, No Iterations 7
GAMG:  Solving for p, Initial residual = 0.0522258, Final residual = 0.000472333, No Iterations 4
time step continuity errors : sum local = 0.000675174, global = 8.45622e-06, cumulative = 2.04696e-05
smoothSolver:  Solving for omega, Initial residual = 0.00241478, Final residual = 0.000205662, No Iterations 3
smoothSolver:  Solving for k, Initial residual = 0.022461, Final residual = 0.00142481, No Iterations 3
ExecutionTime = 3.04 s  ClockTime = 4 s

forceCoeffs forceCoeffs1 write:
    Cm    = 0.571945
    Cd    = 1.33859
    Cl    = -0.0346099
    Cl(f) = 0.55464
    Cl(r) = -0.58925

Time = 4

smoothSolver:  Solving for Ux, Initial residual = 0.0136966, Final residual = 0.0011394, No Iterations 8
smoothSolver:  Solving for Uy, Initial residual = 0.239908, Final residual = 0.0219116, No Iterations 7
smoothSolver:  Solving for Uz, Initial residual = 0.0989028, Final residual = 0.00849753, No Iterations 7
GAMG:  Solving for p, Initial residual = 0.0458896, Final residual = 0.000379121, No Iterations 4
time step continuity errors : sum local = 0.000623738, global = 7.22007e-06, cumulative = 2.76897e-05
smoothSolver:  Solving for omega, Initial residual = 0.00196225, Final residual = 0.00017745, No Iterations 3
smoothSolver:  Solving for k, Initial residual = 0.0130194, Final residual = 0.000870687, No Iterations 3
ExecutionTime = 3.56 s  ClockTime = 4 s

forceCoeffs forceCoeffs1 write:
    Cm    = 0.464938
    Cd    = 1.0906
    Cl    = -0.0248523
    Cl(f) = 0.452512
    Cl(r) = -0.477364

Time = 5

smoothSolver:  Solving for Ux, Initial residual = 0.0106132, Final residual = 0.000855338, No Iterations 8
smoothSolver:  Solving for Uy, Initial residual = 0.206741, Final residual = 0.0182348, No Iterations 7
smoothSolver:  Solving for Uz, Initial residual = 0.10176, Final residual = 0.00876166, No Iterations 7
GAMG:  Solving for p, Initial residual = 0.0414458, Final residual = 0.000327344, No Iterations 4
time step continuity errors : sum local = 0.000592477, global = 1.57716e-05, cumulative = 4.34612e-05
smoothSolver:  Solving for omega, Initial residual = 0.00161768, Final residual = 0.000145786, No Iterations 3
smoothSolver:  Solving for k, Initial residual = 0.00938718, Final residual = 0.00065599, No Iterations 3
ExecutionTime = 3.89 s  ClockTime = 4 s

forceCoeffs forceCoeffs1 write:
    Cm    = 0.374941
    Cd    = 0.885324
    Cl    = -0.0167472
    Cl(f) = 0.366567
    Cl(r) = -0.383314

Time = 6

smoothSolver:  Solving for Ux, Initial residual = 0.00847653, Final residual = 0.000668393, No Iterations 8
smoothSolver:  Solving for Uy, Initial residual = 0.18429, Final residual = 0.0160535, No Iterations 7
smoothSolver:  Solving for Uz, Initial residual = 0.107211, Final residual = 0.00937431, No Iterations 7
GAMG:  Solving for p, Initial residual = 0.0371378, Final residual = 0.000275695, No Iterations 4
time step continuity errors : sum local = 0.000540402, global = 2.22865e-05, cumulative = 6.57478e-05
smoothSolver:  Solving for omega, Initial residual = 0.00135547, Final residual = 0.000121121, No Iterations 3
smoothSolver:  Solving for k, Initial residual = 0.00763088, Final residual = 0.000557265, No Iterations 3
ExecutionTime = 4.22 s  ClockTime = 5 s

forceCoeffs forceCoeffs1 write:
    Cm    = 0.307216
    Cd    = 0.731782
    Cl    = -0.00481439
    Cl(f) = 0.304808
    Cl(r) = -0.309623

Time = 7

smoothSolver:  Solving for Ux, Initial residual = 0.00710736, Final residual = 0.000544748, No Iterations 8
smoothSolver:  Solving for Uy, Initial residual = 0.166097, Final residual = 0.0143352, No Iterations 7
smoothSolver:  Solving for Uz, Initial residual = 0.117771, Final residual = 0.010258, No Iterations 7
GAMG:  Solving for p, Initial residual = 0.0329681, Final residual = 0.000224503, No Iterations 4
time step continuity errors : sum local = 0.000469212, global = 2.51154e-05, cumulative = 9.08632e-05
smoothSolver:  Solving for omega, Initial residual = 0.00116879, Final residual = 0.000101725, No Iterations 3
smoothSolver:  Solving for k, Initial residual = 0.00664913, Final residual = 0.000504865, No Iterations 3
ExecutionTime = 4.56 s  ClockTime = 5 s

forceCoeffs forceCoeffs1 write:
    Cm    = 0.259578
    Cd    = 0.623805
    Cl    = 0.00521222
    Cl(f) = 0.262184
    Cl(r) = -0.256972

Time = 8

smoothSolver:  Solving for Ux, Initial residual = 0.00610564, Final residual = 0.000466244, No Iterations 8
smoothSolver:  Solving for Uy, Initial residual = 0.147465, Final residual = 0.012575, No Iterations 7
smoothSolver:  Solving for Uz, Initial residual = 0.128789, Final residual = 0.0111921, No Iterations 7
GAMG:  Solving for p, Initial residual = 0.0300475, Final residual = 0.00017841, No Iterations 4
time step continuity errors : sum local = 0.000390704, global = 2.49412e-05, cumulative = 0.000115804
smoothSolver:  Solving for omega, Initial residual = 0.00102363, Final residual = 8.77727e-05, No Iterations 3
smoothSolver:  Solving for k, Initial residual = 0.00596574, Final residual = 0.000470004, No Iterations 3
ExecutionTime = 4.88 s  ClockTime = 5 s

forceCoeffs forceCoeffs1 write:
    Cm    = 0.227614
    Cd    = 0.552758
    Cl    = 0.0105566
    Cl(f) = 0.232892
    Cl(r) = -0.222335

Time = 9

smoothSolver:  Solving for Ux, Initial residual = 0.00535075, Final residual = 0.000415431, No Iterations 8
smoothSolver:  Solving for Uy, Initial residual = 0.131576, Final residual = 0.0110605, No Iterations 7
smoothSolver:  Solving for Uz, Initial residual = 0.135596, Final residual = 0.0117406, No Iterations 7
GAMG:  Solving for p, Initial residual = 0.0279509, Final residual = 0.000147784, No Iterations 4
time step continuity errors : sum local = 0.000332418, global = 2.08002e-05, cumulative = 0.000136605
smoothSolver:  Solving for omega, Initial residual = 0.000915761, Final residual = 7.7458e-05, No Iterations 3
smoothSolver:  Solving for k, Initial residual = 0.00545333, Final residual = 0.000443236, No Iterations 3
ExecutionTime = 5.3 s  ClockTime = 6 s

forceCoeffs forceCoeffs1 write:
    Cm    = 0.207186
    Cd    = 0.507998
    Cl    = 0.0131186
    Cl(f) = 0.213745
    Cl(r) = -0.200627

Time = 10

smoothSolver:  Solving for Ux, Initial residual = 0.0047843, Final residual = 0.000377643, No Iterations 8
smoothSolver:  Solving for Uy, Initial residual = 0.119478, Final residual = 0.00992972, No Iterations 7
smoothSolver:  Solving for Uz, Initial residual = 0.123931, Final residual = 0.010731, No Iterations 7
GAMG:  Solving for p, Initial residual = 0.0262211, Final residual = 0.000129374, No Iterations 4
time step continuity errors : sum local = 0.000294498, global = 1.32739e-05, cumulative = 0.000149878
smoothSolver:  Solving for omega, Initial residual = 0.000832116, Final residual = 6.96881e-05, No Iterations 3
smoothSolver:  Solving for k, Initial residual = 0.0050725, Final residual = 0.000423469, No Iterations 3
ExecutionTime = 5.84 s  ClockTime = 6 s

forceCoeffs forceCoeffs1 write:
    Cm    = 0.193766
    Cd    = 0.479703
    Cl    = 0.0157781
    Cl(f) = 0.201655
    Cl(r) = -0.185877

Time = 11

smoothSolver:  Solving for Ux, Initial residual = 0.00436594, Final residual = 0.000344957, No Iterations 8
smoothSolver:  Solving for Uy, Initial residual = 0.10837, Final residual = 0.00902301, No Iterations 7
smoothSolver:  Solving for Uz, Initial residual = 0.113395, Final residual = 0.00982658, No Iterations 7
GAMG:  Solving for p, Initial residual = 0.0250346, Final residual = 0.000122442, No Iterations 4
time step continuity errors : sum local = 0.000278429, global = 7.53326e-06, cumulative = 0.000157412
smoothSolver:  Solving for omega, Initial residual = 0.00077209, Final residual = 6.3493e-05, No Iterations 3
smoothSolver:  Solving for k, Initial residual = 0.00480581, Final residual = 0.000406653, No Iterations 3
ExecutionTime = 6.35 s  ClockTime = 7 s

forceCoeffs forceCoeffs1 write:
    Cm    = 0.185127
    Cd    = 0.461317
    Cl    = 0.0195553
    Cl(f) = 0.194904
    Cl(r) = -0.175349

Time = 12

smoothSolver:  Solving for Ux, Initial residual = 0.00407732, Final residual = 0.000320169, No Iterations 8
smoothSolver:  Solving for Uy, Initial residual = 0.0990604, Final residual = 0.00832313, No Iterations 7
smoothSolver:  Solving for Uz, Initial residual = 0.10814, Final residual = 0.00949405, No Iterations 7
GAMG:  Solving for p, Initial residual = 0.0241355, Final residual = 0.000123086, No Iterations 4
time step continuity errors : sum local = 0.000276927, global = 4.26315e-06, cumulative = 0.000161675
smoothSolver:  Solving for omega, Initial residual = 0.00072311, Final residual = 5.85368e-05, No Iterations 3
smoothSolver:  Solving for k, Initial residual = 0.00462296, Final residual = 0.000392243, No Iterations 3
ExecutionTime = 6.87 s  ClockTime = 7 s

forceCoeffs forceCoeffs1 write:
    Cm    = 0.180052
    Cd    = 0.449583
    Cl    = 0.0251585
    Cl(f) = 0.192631
    Cl(r) = -0.167473

Time = 13

smoothSolver:  Solving for Ux, Initial residual = 0.00386031, Final residual = 0.000300274, No Iterations 8
smoothSolver:  Solving for Uy, Initial residual = 0.090597, Final residual = 0.00770823, No Iterations 7
smoothSolver:  Solving for Uz, Initial residual = 0.103685, Final residual = 0.00916624, No Iterations 7
GAMG:  Solving for p, Initial residual = 0.0235292, Final residual = 0.000124217, No Iterations 4
time step continuity errors : sum local = 0.000275178, global = 2.91989e-06, cumulative = 0.000164595
smoothSolver:  Solving for omega, Initial residual = 0.000676513, Final residual = 5.45857e-05, No Iterations 3
smoothSolver:  Solving for k, Initial residual = 0.00445321, Final residual = 0.00038181, No Iterations 3
ExecutionTime = 7.4 s  ClockTime = 8 s

forceCoeffs forceCoeffs1 write:
    Cm    = 0.177469
    Cd    = 0.442175
    Cl    = 0.0310512
    Cl(f) = 0.192995
    Cl(r) = -0.161944

Time = 14

smoothSolver:  Solving for Ux, Initial residual = 0.00368389, Final residual = 0.000286799, No Iterations 8
smoothSolver:  Solving for Uy, Initial residual = 0.0836994, Final residual = 0.00718391, No Iterations 7
smoothSolver:  Solving for Uz, Initial residual = 0.0938504, Final residual = 0.00829337, No Iterations 7
GAMG:  Solving for p, Initial residual = 0.023029, Final residual = 0.000124619, No Iterations 4
time step continuity errors : sum local = 0.000271783, global = 3.25596e-06, cumulative = 0.000167851
smoothSolver:  Solving for omega, Initial residual = 0.000635272, Final residual = 5.13188e-05, No Iterations 3
smoothSolver:  Solving for k, Initial residual = 0.0043254, Final residual = 0.000374415, No Iterations 3
ExecutionTime = 7.89 s  ClockTime = 8 s

forceCoeffs forceCoeffs1 write:
    Cm    = 0.177012
    Cd    = 0.43831
    Cl    = 0.0368418
    Cl(f) = 0.195433
    Cl(r) = -0.158591

Time = 15

smoothSolver:  Solving for Ux, Initial residual = 0.00352443, Final residual = 0.000276372, No Iterations 8
smoothSolver:  Solving for Uy, Initial residual = 0.0777231, Final residual = 0.00673549, No Iterations 7
smoothSolver:  Solving for Uz, Initial residual = 0.0841876, Final residual = 0.00743331, No Iterations 7
GAMG:  Solving for p, Initial residual = 0.0225234, Final residual = 0.00012301, No Iterations 4
time step continuity errors : sum local = 0.000265007, global = 5.58195e-06, cumulative = 0.000173433
smoothSolver:  Solving for omega, Initial residual = 0.000599413, Final residual = 4.83152e-05, No Iterations 3
smoothSolver:  Solving for k, Initial residual = 0.00423613, Final residual = 0.000369153, No Iterations 3
ExecutionTime = 8.42 s  ClockTime = 9 s

forceCoeffs forceCoeffs1 write:
    Cm    = 0.177402
    Cd    = 0.435741
    Cl    = 0.0425047
    Cl(f) = 0.198654
    Cl(r) = -0.156149

Time = 16

smoothSolver:  Solving for Ux, Initial residual = 0.00336367, Final residual = 0.000263883, No Iterations 8
smoothSolver:  Solving for Uy, Initial residual = 0.0721252, Final residual = 0.00632882, No Iterations 7
smoothSolver:  Solving for Uz, Initial residual = 0.0765878, Final residual = 0.00676691, No Iterations 7
GAMG:  Solving for p, Initial residual = 0.0218655, Final residual = 0.000117833, No Iterations 4
time step continuity errors : sum local = 0.00025264, global = 7.09371e-06, cumulative = 0.000180526
smoothSolver:  Solving for omega, Initial residual = 0.000565713, Final residual = 4.51946e-05, No Iterations 3
smoothSolver:  Solving for k, Initial residual = 0.00412697, Final residual = 0.000363448, No Iterations 3
ExecutionTime = 8.88 s  ClockTime = 9 s

forceCoeffs forceCoeffs1 write:
    Cm    = 0.177734
    Cd    = 0.433103
    Cl    = 0.0474731
    Cl(f) = 0.20147
    Cl(r) = -0.153997

Time = 17

smoothSolver:  Solving for Ux, Initial residual = 0.00320323, Final residual = 0.000252622, No Iterations 8
smoothSolver:  Solving for Uy, Initial residual = 0.0671033, Final residual = 0.00593803, No Iterations 7
smoothSolver:  Solving for Uz, Initial residual = 0.0703506, Final residual = 0.00616832, No Iterations 7
GAMG:  Solving for p, Initial residual = 0.0209508, Final residual = 0.000107937, No Iterations 4
time step continuity errors : sum local = 0.000231546, global = 6.19588e-06, cumulative = 0.000186722
smoothSolver:  Solving for omega, Initial residual = 0.000537158, Final residual = 4.25625e-05, No Iterations 3
smoothSolver:  Solving for k, Initial residual = 0.00405212, Final residual = 0.000357038, No Iterations 3
ExecutionTime = 9.21 s  ClockTime = 10 s

forceCoeffs forceCoeffs1 write:
    Cm    = 0.178045
    Cd    = 0.431172
    Cl    = 0.0512872
    Cl(f) = 0.203689
    Cl(r) = -0.152402

Time = 18

smoothSolver:  Solving for Ux, Initial residual = 0.00304866, Final residual = 0.000242161, No Iterations 8
smoothSolver:  Solving for Uy, Initial residual = 0.0624847, Final residual = 0.00552727, No Iterations 7
smoothSolver:  Solving for Uz, Initial residual = 0.0652921, Final residual = 0.00571293, No Iterations 7
GAMG:  Solving for p, Initial residual = 0.0201155, Final residual = 9.73251e-05, No Iterations 4
time step continuity errors : sum local = 0.000209377, global = 3.70529e-06, cumulative = 0.000190428
smoothSolver:  Solving for omega, Initial residual = 0.000515008, Final residual = 4.05153e-05, No Iterations 3
smoothSolver:  Solving for k, Initial residual = 0.00401992, Final residual = 0.000352179, No Iterations 3
ExecutionTime = 9.54 s  ClockTime = 10 s

forceCoeffs forceCoeffs1 write:
    Cm    = 0.178359
    Cd    = 0.430116
    Cl    = 0.0534325
    Cl(f) = 0.205075
    Cl(r) = -0.151642

Time = 19

smoothSolver:  Solving for Ux, Initial residual = 0.00289632, Final residual = 0.000230372, No Iterations 8
smoothSolver:  Solving for Uy, Initial residual = 0.05828, Final residual = 0.00513131, No Iterations 7
smoothSolver:  Solving for Uz, Initial residual = 0.0618868, Final residual = 0.00541605, No Iterations 7
GAMG:  Solving for p, Initial residual = 0.0194046, Final residual = 9.12478e-05, No Iterations 4
time step continuity errors : sum local = 0.000196425, global = 7.33758e-07, cumulative = 0.000191161
smoothSolver:  Solving for omega, Initial residual = 0.000492764, Final residual = 3.85676e-05, No Iterations 3
smoothSolver:  Solving for k, Initial residual = 0.00399453, Final residual = 0.000346319, No Iterations 3
ExecutionTime = 9.86 s  ClockTime = 10 s

forceCoeffs forceCoeffs1 write:
    Cm    = 0.178479
    Cd    = 0.428951
    Cl    = 0.0539833
    Cl(f) = 0.205471
    Cl(r) = -0.151488

Time = 20

smoothSolver:  Solving for Ux, Initial residual = 0.00275471, Final residual = 0.00021908, No Iterations 8
smoothSolver:  Solving for Uy, Initial residual = 0.0546632, Final residual = 0.00478909, No Iterations 7
smoothSolver:  Solving for Uz, Initial residual = 0.0596082, Final residual = 0.00521826, No Iterations 7
GAMG:  Solving for p, Initial residual = 0.0188428, Final residual = 9.22905e-05, No Iterations 4
time step continuity errors : sum local = 0.000198456, global = -7.21732e-07, cumulative = 0.00019044
smoothSolver:  Solving for omega, Initial residual = 0.000471281, Final residual = 3.66621e-05, No Iterations 3
smoothSolver:  Solving for k, Initial residual = 0.0039243, Final residual = 0.000338643, No Iterations 3
ExecutionTime = 10.24 s  ClockTime = 11 s

forceCoeffs forceCoeffs1 write:
    Cm    = 0.178418
    Cd    = 0.427587
    Cl    = 0.0533178
    Cl(f) = 0.205077
    Cl(r) = -0.151759

Time = 21

smoothSolver:  Solving for Ux, Initial residual = 0.0026385, Final residual = 0.000209921, No Iterations 8
smoothSolver:  Solving for Uy, Initial residual = 0.0516487, Final residual = 0.00454669, No Iterations 7
smoothSolver:  Solving for Uz, Initial residual = 0.057895, Final residual = 0.00512378, No Iterations 7
GAMG:  Solving for p, Initial residual = 0.018235, Final residual = 9.43638e-05, No Iterations 4
time step continuity errors : sum local = 0.000202337, global = -3.19034e-07, cumulative = 0.000190121
smoothSolver:  Solving for omega, Initial residual = 0.000449385, Final residual = 3.45491e-05, No Iterations 3
smoothSolver:  Solving for k, Initial residual = 0.0038417, Final residual = 0.000331776, No Iterations 3
ExecutionTime = 10.68 s  ClockTime = 11 s

forceCoeffs forceCoeffs1 write:
    Cm    = 0.178372
    Cd    = 0.426742
    Cl    = 0.0521426
    Cl(f) = 0.204444
    Cl(r) = -0.152301

Time = 22

smoothSolver:  Solving for Ux, Initial residual = 0.00253169, Final residual = 0.000201209, No Iterations 8
smoothSolver:  Solving for Uy, Initial residual = 0.049168, Final residual = 0.004378, No Iterations 7
smoothSolver:  Solving for Uz, Initial residual = 0.0558398, Final residual = 0.0049977, No Iterations 7
GAMG:  Solving for p, Initial residual = 0.0174964, Final residual = 9.32997e-05, No Iterations 4
time step continuity errors : sum local = 0.000199316, global = 1.02932e-06, cumulative = 0.00019115
smoothSolver:  Solving for omega, Initial residual = 0.000423652, Final residual = 3.25499e-05, No Iterations 3
smoothSolver:  Solving for k, Initial residual = 0.00372605, Final residual = 0.000324909, No Iterations 3
ExecutionTime = 11.19 s  ClockTime = 12 s

forceCoeffs forceCoeffs1 write:
    Cm    = 0.177795
    Cd    = 0.425953
    Cl    = 0.0514229
    Cl(f) = 0.203506
    Cl(r) = -0.152083

Time = 23

smoothSolver:  Solving for Ux, Initial residual = 0.00242888, Final residual = 0.000192451, No Iterations 8
smoothSolver:  Solving for Uy, Initial residual = 0.0471179, Final residual = 0.00426241, No Iterations 7
smoothSolver:  Solving for Uz, Initial residual = 0.0536414, Final residual = 0.00483214, No Iterations 7
GAMG:  Solving for p, Initial residual = 0.0166625, Final residual = 8.87228e-05, No Iterations 4
time step continuity errors : sum local = 0.000188572, global = 1.66295e-06, cumulative = 0.000192813
smoothSolver:  Solving for omega, Initial residual = 0.000398509, Final residual = 3.06193e-05, No Iterations 3
smoothSolver:  Solving for k, Initial residual = 0.00358829, Final residual = 0.000316729, No Iterations 3
ExecutionTime = 11.72 s  ClockTime = 12 s

forceCoeffs forceCoeffs1 write:
    Cm    = 0.17648
    Cd    = 0.424795
    Cl    = 0.0515506
    Cl(f) = 0.202255
    Cl(r) = -0.150704

Time = 24

smoothSolver:  Solving for Ux, Initial residual = 0.00233282, Final residual = 0.000184799, No Iterations 8
smoothSolver:  Solving for Uy, Initial residual = 0.0454506, Final residual = 0.00413425, No Iterations 7
smoothSolver:  Solving for Uz, Initial residual = 0.0512689, Final residual = 0.00462794, No Iterations 7
GAMG:  Solving for p, Initial residual = 0.0160083, Final residual = 8.14486e-05, No Iterations 4
time step continuity errors : sum local = 0.000172035, global = 1.95737e-06, cumulative = 0.00019477
smoothSolver:  Solving for omega, Initial residual = 0.000376422, Final residual = 2.90128e-05, No Iterations 3
smoothSolver:  Solving for k, Initial residual = 0.00346575, Final residual = 0.000310044, No Iterations 3
ExecutionTime = 12.25 s  ClockTime = 13 s

forceCoeffs forceCoeffs1 write:
    Cm    = 0.174491
    Cd    = 0.423097
    Cl    = 0.0524179
    Cl(f) = 0.2007
    Cl(r) = -0.148282

Time = 25

smoothSolver:  Solving for Ux, Initial residual = 0.00223779, Final residual = 0.000177591, No Iterations 8
smoothSolver:  Solving for Uy, Initial residual = 0.0436655, Final residual = 0.00394037, No Iterations 7
smoothSolver:  Solving for Uz, Initial residual = 0.0486959, Final residual = 0.00438911, No Iterations 7
GAMG:  Solving for p, Initial residual = 0.0153518, Final residual = 7.43339e-05, No Iterations 4
time step continuity errors : sum local = 0.00015587, global = 1.92554e-06, cumulative = 0.000196696
smoothSolver:  Solving for omega, Initial residual = 0.000357087, Final residual = 2.76277e-05, No Iterations 3
smoothSolver:  Solving for k, Initial residual = 0.00341327, Final residual = 0.000305435, No Iterations 3
ExecutionTime = 12.74 s  ClockTime = 13 s

forceCoeffs forceCoeffs1 write:
    Cm    = 0.172094
    Cd    = 0.421279
    Cl    = 0.0538065
    Cl(f) = 0.198997
    Cl(r) = -0.145191

Time = 26

smoothSolver:  Solving for Ux, Initial residual = 0.0021383, Final residual = 0.000170161, No Iterations 8
smoothSolver:  Solving for Uy, Initial residual = 0.0414858, Final residual = 0.00373352, No Iterations 7
smoothSolver:  Solving for Uz, Initial residual = 0.0459685, Final residual = 0.00412605, No Iterations 7
GAMG:  Solving for p, Initial residual = 0.0147886, Final residual = 6.8273e-05, No Iterations 4
time step continuity errors : sum local = 0.000141955, global = 1.50384e-06, cumulative = 0.0001982
smoothSolver:  Solving for omega, Initial residual = 0.00033876, Final residual = 2.63297e-05, No Iterations 3
smoothSolver:  Solving for k, Initial residual = 0.00332329, Final residual = 0.000299184, No Iterations 3
ExecutionTime = 13.26 s  ClockTime = 14 s

forceCoeffs forceCoeffs1 write:
    Cm    = 0.169906
    Cd    = 0.419816
    Cl    = 0.0551612
    Cl(f) = 0.197486
    Cl(r) = -0.142325

Time = 27

smoothSolver:  Solving for Ux, Initial residual = 0.00202817, Final residual = 0.000162693, No Iterations 8
smoothSolver:  Solving for Uy, Initial residual = 0.0393041, Final residual = 0.00352283, No Iterations 7
smoothSolver:  Solving for Uz, Initial residual = 0.0429886, Final residual = 0.00381556, No Iterations 7
GAMG:  Solving for p, Initial residual = 0.0142224, Final residual = 6.5812e-05, No Iterations 4
time step continuity errors : sum local = 0.000135595, global = 7.19925e-07, cumulative = 0.000198919
smoothSolver:  Solving for omega, Initial residual = 0.000320308, Final residual = 2.51832e-05, No Iterations 3
smoothSolver:  Solving for k, Initial residual = 0.00322359, Final residual = 0.000294525, No Iterations 3
ExecutionTime = 13.78 s  ClockTime = 14 s

forceCoeffs forceCoeffs1 write:
    Cm    = 0.168265
    Cd    = 0.41902
    Cl    = 0.0562595
    Cl(f) = 0.196395
    Cl(r) = -0.140135

Time = 28

smoothSolver:  Solving for Ux, Initial residual = 0.00190961, Final residual = 0.000154402, No Iterations 8
smoothSolver:  Solving for Uy, Initial residual = 0.0368298, Final residual = 0.00328735, No Iterations 7
smoothSolver:  Solving for Uz, Initial residual = 0.0397993, Final residual = 0.00348516, No Iterations 7
GAMG:  Solving for p, Initial residual = 0.0137175, Final residual = 6.32412e-05, No Iterations 4
time step continuity errors : sum local = 0.000129196, global = -3.40529e-07, cumulative = 0.000198579
smoothSolver:  Solving for omega, Initial residual = 0.000303979, Final residual = 2.40928e-05, No Iterations 3
smoothSolver:  Solving for k, Initial residual = 0.00314327, Final residual = 0.000290167, No Iterations 3
ExecutionTime = 14.17 s  ClockTime = 15 s

forceCoeffs forceCoeffs1 write:
    Cm    = 0.1671
    Cd    = 0.418388
    Cl    = 0.0570082
    Cl(f) = 0.195604
    Cl(r) = -0.138596

Time = 29

smoothSolver:  Solving for Ux, Initial residual = 0.00179693, Final residual = 0.000145754, No Iterations 8
smoothSolver:  Solving for Uy, Initial residual = 0.0345699, Final residual = 0.0030557, No Iterations 7
smoothSolver:  Solving for Uz, Initial residual = 0.0368442, Final residual = 0.00318508, No Iterations 7
GAMG:  Solving for p, Initial residual = 0.0131915, Final residual = 6.01412e-05, No Iterations 4
time step continuity errors : sum local = 0.000121978, global = -1.41601e-06, cumulative = 0.000197163
smoothSolver:  Solving for omega, Initial residual = 0.000290241, Final residual = 2.30996e-05, No Iterations 3
smoothSolver:  Solving for k, Initial residual = 0.00309057, Final residual = 0.000284856, No Iterations 3
ExecutionTime = 14.51 s  ClockTime = 15 s

forceCoeffs forceCoeffs1 write:
    Cm    = 0.166185
    Cd    = 0.417699
    Cl    = 0.0576108
    Cl(f) = 0.194991
    Cl(r) = -0.13738

Time = 30

smoothSolver:  Solving for Ux, Initial residual = 0.00169704, Final residual = 0.000136665, No Iterations 8
smoothSolver:  Solving for Uy, Initial residual = 0.0324608, Final residual = 0.00282968, No Iterations 7
smoothSolver:  Solving for Uz, Initial residual = 0.0342929, Final residual = 0.00292629, No Iterations 7
GAMG:  Solving for p, Initial residual = 0.0126554, Final residual = 5.77115e-05, No Iterations 4
time step continuity errors : sum local = 0.000116246, global = -2.28412e-06, cumulative = 0.000194879
smoothSolver:  Solving for omega, Initial residual = 0.000276225, Final residual = 2.21059e-05, No Iterations 3
smoothSolver:  Solving for k, Initial residual = 0.00301836, Final residual = 0.000278441, No Iterations 3
ExecutionTime = 14.84 s  ClockTime = 16 s

forceCoeffs forceCoeffs1 write:
    Cm    = 0.165365
    Cd    = 0.416831
    Cl    = 0.0582313
    Cl(f) = 0.194481
    Cl(r) = -0.13625

Time = 31

smoothSolver:  Solving for Ux, Initial residual = 0.00159723, Final residual = 0.000127437, No Iterations 8
smoothSolver:  Solving for Uy, Initial residual = 0.0306634, Final residual = 0.00263623, No Iterations 7
smoothSolver:  Solving for Uz, Initial residual = 0.0321303, Final residual = 0.00269878, No Iterations 7
GAMG:  Solving for p, Initial residual = 0.0121352, Final residual = 5.51225e-05, No Iterations 4
time step continuity errors : sum local = 0.000110281, global = -2.82352e-06, cumulative = 0.000192055
smoothSolver:  Solving for omega, Initial residual = 0.000264001, Final residual = 2.12327e-05, No Iterations 3
smoothSolver:  Solving for k, Initial residual = 0.00293592, Final residual = 0.000272198, No Iterations 3
ExecutionTime = 15.17 s  ClockTime = 16 s

forceCoeffs forceCoeffs1 write:
    Cm    = 0.164706
    Cd    = 0.416032
    Cl    = 0.0590169
    Cl(f) = 0.194214
    Cl(r) = -0.135197

Time = 32

smoothSolver:  Solving for Ux, Initial residual = 0.00150675, Final residual = 0.000118509, No Iterations 8
smoothSolver:  Solving for Uy, Initial residual = 0.0291713, Final residual = 0.00247935, No Iterations 7
smoothSolver:  Solving for Uz, Initial residual = 0.0301676, Final residual = 0.00250065, No Iterations 7
GAMG:  Solving for p, Initial residual = 0.0116405, Final residual = 5.26137e-05, No Iterations 4
time step continuity errors : sum local = 0.000104534, global = -3.11089e-06, cumulative = 0.000188944
smoothSolver:  Solving for omega, Initial residual = 0.000253795, Final residual = 2.03946e-05, No Iterations 3
smoothSolver:  Solving for k, Initial residual = 0.0028542, Final residual = 0.000266531, No Iterations 3
ExecutionTime = 15.53 s  ClockTime = 16 s

forceCoeffs forceCoeffs1 write:
    Cm    = 0.164161
    Cd    = 0.415277
    Cl    = 0.0599793
    Cl(f) = 0.194151
    Cl(r) = -0.134172

Time = 33

smoothSolver:  Solving for Ux, Initial residual = 0.00142292, Final residual = 0.000110554, No Iterations 8
smoothSolver:  Solving for Uy, Initial residual = 0.0279554, Final residual = 0.00235954, No Iterations 7
smoothSolver:  Solving for Uz, Initial residual = 0.0282716, Final residual = 0.00233495, No Iterations 7
GAMG:  Solving for p, Initial residual = 0.0112126, Final residual = 4.99281e-05, No Iterations 4
time step continuity errors : sum local = 9.85615e-05, global = -3.01963e-06, cumulative = 0.000185925
smoothSolver:  Solving for omega, Initial residual = 0.000244364, Final residual = 1.94969e-05, No Iterations 3
smoothSolver:  Solving for k, Initial residual = 0.00277955, Final residual = 0.000260939, No Iterations 3
ExecutionTime = 16.04 s  ClockTime = 17 s

forceCoeffs forceCoeffs1 write:
    Cm    = 0.163778
    Cd    = 0.414709
    Cl    = 0.0610487
    Cl(f) = 0.194302
    Cl(r) = -0.133254

Time = 34

smoothSolver:  Solving for Ux, Initial residual = 0.00134398, Final residual = 0.000103731, No Iterations 8
smoothSolver:  Solving for Uy, Initial residual = 0.0268411, Final residual = 0.00226251, No Iterations 7
smoothSolver:  Solving for Uz, Initial residual = 0.0267481, Final residual = 0.00219166, No Iterations 7
GAMG:  Solving for p, Initial residual = 0.010824, Final residual = 4.74054e-05, No Iterations 4
time step continuity errors : sum local = 9.30642e-05, global = -2.46407e-06, cumulative = 0.000183461
smoothSolver:  Solving for omega, Initial residual = 0.000235975, Final residual = 1.86126e-05, No Iterations 3
smoothSolver:  Solving for k, Initial residual = 0.00272206, Final residual = 0.000254269, No Iterations 3
ExecutionTime = 16.55 s  ClockTime = 17 s

forceCoeffs forceCoeffs1 write:
    Cm    = 0.163393
    Cd    = 0.41416
    Cl    = 0.0620475
    Cl(f) = 0.194417
    Cl(r) = -0.132369

Time = 35

smoothSolver:  Solving for Ux, Initial residual = 0.00128222, Final residual = 9.72245e-05, No Iterations 8
smoothSolver:  Solving for Uy, Initial residual = 0.0258983, Final residual = 0.00216268, No Iterations 7
smoothSolver:  Solving for Uz, Initial residual = 0.0255351, Final residual = 0.00206856, No Iterations 7
GAMG:  Solving for p, Initial residual = 0.0105149, Final residual = 4.53086e-05, No Iterations 4
time step continuity errors : sum local = 8.85157e-05, global = -1.49403e-06, cumulative = 0.000181967
smoothSolver:  Solving for omega, Initial residual = 0.000227722, Final residual = 1.77076e-05, No Iterations 3
smoothSolver:  Solving for k, Initial residual = 0.00268278, Final residual = 0.000246516, No Iterations 3
ExecutionTime = 17.09 s  ClockTime = 18 s

forceCoeffs forceCoeffs1 write:
    Cm    = 0.163036
    Cd    = 0.413768
    Cl    = 0.0629901
    Cl(f) = 0.194531
    Cl(r) = -0.131541

Time = 36

smoothSolver:  Solving for Ux, Initial residual = 0.00123144, Final residual = 0.000122954, No Iterations 7
smoothSolver:  Solving for Uy, Initial residual = 0.025045, Final residual = 0.00205742, No Iterations 7
smoothSolver:  Solving for Uz, Initial residual = 0.0243721, Final residual = 0.00194854, No Iterations 7
GAMG:  Solving for p, Initial residual = 0.0102609, Final residual = 4.45059e-05, No Iterations 4
time step continuity errors : sum local = 8.6615e-05, global = -3.79068e-07, cumulative = 0.000181588
smoothSolver:  Solving for omega, Initial residual = 0.000218631, Final residual = 1.67992e-05, No Iterations 3
smoothSolver:  Solving for k, Initial residual = 0.00262097, Final residual = 0.000238299, No Iterations 3
ExecutionTime = 17.6 s  ClockTime = 18 s

forceCoeffs forceCoeffs1 write:
    Cm    = 0.162652
    Cd    = 0.413422
    Cl    = 0.0635485
    Cl(f) = 0.194426
    Cl(r) = -0.130878

Time = 37

smoothSolver:  Solving for Ux, Initial residual = 0.00118092, Final residual = 0.00011692, No Iterations 7
smoothSolver:  Solving for Uy, Initial residual = 0.0242116, Final residual = 0.00195831, No Iterations 7
smoothSolver:  Solving for Uz, Initial residual = 0.0231638, Final residual = 0.00183382, No Iterations 7
GAMG:  Solving for p, Initial residual = 0.00996891, Final residual = 4.47253e-05, No Iterations 4
time step continuity errors : sum local = 8.67394e-05, global = 6.20652e-07, cumulative = 0.000182208
smoothSolver:  Solving for omega, Initial residual = 0.000209978, Final residual = 1.59609e-05, No Iterations 3
smoothSolver:  Solving for k, Initial residual = 0.00255131, Final residual = 0.000229891, No Iterations 3
ExecutionTime = 18.1 s  ClockTime = 19 s

forceCoeffs forceCoeffs1 write:
    Cm    = 0.162429
    Cd    = 0.413325
    Cl    = 0.0640419
    Cl(f) = 0.19445
    Cl(r) = -0.130408

Time = 38

smoothSolver:  Solving for Ux, Initial residual = 0.00112903, Final residual = 0.0001115, No Iterations 7
smoothSolver:  Solving for Uy, Initial residual = 0.0234571, Final residual = 0.00187664, No Iterations 7
smoothSolver:  Solving for Uz, Initial residual = 0.0219948, Final residual = 0.00172694, No Iterations 7
GAMG:  Solving for p, Initial residual = 0.00964816, Final residual = 4.53247e-05, No Iterations 4
time step continuity errors : sum local = 8.76271e-05, global = 1.64214e-06, cumulative = 0.00018385
smoothSolver:  Solving for omega, Initial residual = 0.000200379, Final residual = 1.51713e-05, No Iterations 3
smoothSolver:  Solving for k, Initial residual = 0.00246559, Final residual = 0.000222295, No Iterations 3
ExecutionTime = 18.63 s  ClockTime = 19 s

forceCoeffs forceCoeffs1 write:
    Cm    = 0.16236
    Cd    = 0.413347
    Cl    = 0.063992
    Cl(f) = 0.194356
    Cl(r) = -0.130364

Time = 39

smoothSolver:  Solving for Ux, Initial residual = 0.00108067, Final residual = 0.000106445, No Iterations 7
smoothSolver:  Solving for Uy, Initial residual = 0.0227022, Final residual = 0.00179819, No Iterations 7
smoothSolver:  Solving for Uz, Initial residual = 0.0208435, Final residual = 0.00163132, No Iterations 7
GAMG:  Solving for p, Initial residual = 0.00929324, Final residual = 4.5539e-05, No Iterations 4
time step continuity errors : sum local = 8.77982e-05, global = 2.45254e-06, cumulative = 0.000186303
smoothSolver:  Solving for omega, Initial residual = 0.000191505, Final residual = 1.446e-05, No Iterations 3
smoothSolver:  Solving for k, Initial residual = 0.00238893, Final residual = 0.000215902, No Iterations 3
ExecutionTime = 19.15 s  ClockTime = 20 s

forceCoeffs forceCoeffs1 write:
    Cm    = 0.16249
    Cd    = 0.41342
    Cl    = 0.0635925
    Cl(f) = 0.194286
    Cl(r) = -0.130693

Time = 40

smoothSolver:  Solving for Ux, Initial residual = 0.00103475, Final residual = 0.000101539, No Iterations 7
smoothSolver:  Solving for Uy, Initial residual = 0.0218541, Final residual = 0.00172152, No Iterations 7
smoothSolver:  Solving for Uz, Initial residual = 0.0198155, Final residual = 0.00154929, No Iterations 7
GAMG:  Solving for p, Initial residual = 0.00891257, Final residual = 4.57654e-05, No Iterations 4
time step continuity errors : sum local = 8.80522e-05, global = 2.76796e-06, cumulative = 0.000189071
smoothSolver:  Solving for omega, Initial residual = 0.000183552, Final residual = 1.38368e-05, No Iterations 3
smoothSolver:  Solving for k, Initial residual = 0.00232017, Final residual = 0.000210321, No Iterations 3
ExecutionTime = 19.48 s  ClockTime = 20 s

forceCoeffs forceCoeffs1 write:
    Cm    = 0.162615
    Cd    = 0.413385
    Cl    = 0.0628048
    Cl(f) = 0.194017
    Cl(r) = -0.131212

Time = 41

smoothSolver:  Solving for Ux, Initial residual = 0.000989303, Final residual = 9.69215e-05, No Iterations 7
smoothSolver:  Solving for Uy, Initial residual = 0.0209753, Final residual = 0.00163483, No Iterations 7
smoothSolver:  Solving for Uz, Initial residual = 0.0188934, Final residual = 0.00146842, No Iterations 7
GAMG:  Solving for p, Initial residual = 0.00856073, Final residual = 4.55471e-05, No Iterations 4
time step continuity errors : sum local = 8.74719e-05, global = 2.72329e-06, cumulative = 0.000191794
smoothSolver:  Solving for omega, Initial residual = 0.00017537, Final residual = 1.31971e-05, No Iterations 3
smoothSolver:  Solving for k, Initial residual = 0.00225549, Final residual = 0.000205137, No Iterations 3
ExecutionTime = 19.81 s  ClockTime = 21 s

forceCoeffs forceCoeffs1 write:
    Cm    = 0.162761
    Cd    = 0.413346
    Cl    = 0.0621456
    Cl(f) = 0.193834
    Cl(r) = -0.131688

Time = 42

smoothSolver:  Solving for Ux, Initial residual = 0.000940752, Final residual = 9.2617e-05, No Iterations 7
smoothSolver:  Solving for Uy, Initial residual = 0.0199327, Final residual = 0.00155516, No Iterations 7
smoothSolver:  Solving for Uz, Initial residual = 0.0181356, Final residual = 0.00139671, No Iterations 7
GAMG:  Solving for p, Initial residual = 0.0082596, Final residual = 4.38817e-05, No Iterations 4
time step continuity errors : sum local = 8.41506e-05, global = 1.90955e-06, cumulative = 0.000193704
smoothSolver:  Solving for omega, Initial residual = 0.000167609, Final residual = 1.25849e-05, No Iterations 3
smoothSolver:  Solving for k, Initial residual = 0.00219309, Final residual = 0.000199876, No Iterations 3
ExecutionTime = 20.13 s  ClockTime = 21 s

forceCoeffs forceCoeffs1 write:
    Cm    = 0.162827
    Cd    = 0.413257
    Cl    = 0.0617456
    Cl(f) = 0.1937
    Cl(r) = -0.131955

Time = 43

smoothSolver:  Solving for Ux, Initial residual = 0.000893432, Final residual = 8.85338e-05, No Iterations 7
smoothSolver:  Solving for Uy, Initial residual = 0.0189258, Final residual = 0.00149137, No Iterations 7
smoothSolver:  Solving for Uz, Initial residual = 0.017394, Final residual = 0.00134209, No Iterations 7
GAMG:  Solving for p, Initial residual = 0.00799293, Final residual = 4.14151e-05, No Iterations 4
time step continuity errors : sum local = 7.92865e-05, global = 6.09477e-07, cumulative = 0.000194313
smoothSolver:  Solving for omega, Initial residual = 0.00016046, Final residual = 1.2032e-05, No Iterations 3
smoothSolver:  Solving for k, Initial residual = 0.00213332, Final residual = 0.000194557, No Iterations 3
ExecutionTime = 20.46 s  ClockTime = 21 s

forceCoeffs forceCoeffs1 write:
    Cm    = 0.162854
    Cd    = 0.413274
    Cl    = 0.0618548
    Cl(f) = 0.193781
    Cl(r) = -0.131926

Time = 44

smoothSolver:  Solving for Ux, Initial residual = 0.000849571, Final residual = 6.44732e-05, No Iterations 8
smoothSolver:  Solving for Uy, Initial residual = 0.0179898, Final residual = 0.00145437, No Iterations 7
smoothSolver:  Solving for Uz, Initial residual = 0.0167401, Final residual = 0.0013094, No Iterations 7
GAMG:  Solving for p, Initial residual = 0.00775267, Final residual = 3.9577e-05, No Iterations 4
time step continuity errors : sum local = 7.56277e-05, global = -1.05393e-06, cumulative = 0.000193259
smoothSolver:  Solving for omega, Initial residual = 0.000154672, Final residual = 1.158e-05, No Iterations 3
smoothSolver:  Solving for k, Initial residual = 0.00207587, Final residual = 0.000189278, No Iterations 3
ExecutionTime = 20.87 s  ClockTime = 22 s

forceCoeffs forceCoeffs1 write:
    Cm    = 0.162808
    Cd    = 0.413308
    Cl    = 0.0624022
    Cl(f) = 0.194009
    Cl(r) = -0.131607

Time = 45

smoothSolver:  Solving for Ux, Initial residual = 0.000809449, Final residual = 6.25896e-05, No Iterations 8
smoothSolver:  Solving for Uy, Initial residual = 0.0172228, Final residual = 0.00143386, No Iterations 7
smoothSolver:  Solving for Uz, Initial residual = 0.0160941, Final residual = 0.00129189, No Iterations 7
GAMG:  Solving for p, Initial residual = 0.00749703, Final residual = 3.8181e-05, No Iterations 4
time step continuity errors : sum local = 7.27924e-05, global = -2.07721e-06, cumulative = 0.000191182
smoothSolver:  Solving for omega, Initial residual = 0.00014919, Final residual = 1.11306e-05, No Iterations 3
smoothSolver:  Solving for k, Initial residual = 0.00202527, Final residual = 0.000184602, No Iterations 3
ExecutionTime = 21.4 s  ClockTime = 22 s

forceCoeffs forceCoeffs1 write:
    Cm    = 0.162687
    Cd    = 0.413372
    Cl    = 0.0633639
    Cl(f) = 0.194368
    Cl(r) = -0.131005

Time = 46

smoothSolver:  Solving for Ux, Initial residual = 0.000778787, Final residual = 6.11323e-05, No Iterations 8
smoothSolver:  Solving for Uy, Initial residual = 0.0165927, Final residual = 0.00140511, No Iterations 7
smoothSolver:  Solving for Uz, Initial residual = 0.0154555, Final residual = 0.00126394, No Iterations 7
GAMG:  Solving for p, Initial residual = 0.00725177, Final residual = 3.70764e-05, No Iterations 4
time step continuity errors : sum local = 7.05322e-05, global = -2.45699e-06, cumulative = 0.000188725
smoothSolver:  Solving for omega, Initial residual = 0.000143835, Final residual = 1.07309e-05, No Iterations 3
smoothSolver:  Solving for k, Initial residual = 0.00197593, Final residual = 0.000180596, No Iterations 3
ExecutionTime = 21.91 s  ClockTime = 23 s

forceCoeffs forceCoeffs1 write:
    Cm    = 0.162486
    Cd    = 0.413308
    Cl    = 0.0646257
    Cl(f) = 0.194799
    Cl(r) = -0.130173

Time = 47

smoothSolver:  Solving for Ux, Initial residual = 0.000755887, Final residual = 5.9769e-05, No Iterations 8
smoothSolver:  Solving for Uy, Initial residual = 0.0160258, Final residual = 0.00135025, No Iterations 7
smoothSolver:  Solving for Uz, Initial residual = 0.0149483, Final residual = 0.00122189, No Iterations 7
GAMG:  Solving for p, Initial residual = 0.00700033, Final residual = 3.51958e-05, No Iterations 4
time step continuity errors : sum local = 6.68192e-05, global = -2.32301e-06, cumulative = 0.000186402
smoothSolver:  Solving for omega, Initial residual = 0.000138077, Final residual = 1.03264e-05, No Iterations 3
smoothSolver:  Solving for k, Initial residual = 0.0019214, Final residual = 0.000176648, No Iterations 3
ExecutionTime = 22.42 s  ClockTime = 23 s

forceCoeffs forceCoeffs1 write:
    Cm    = 0.162244
    Cd    = 0.413182
    Cl    = 0.0660498
    Cl(f) = 0.195269
    Cl(r) = -0.129219

Time = 48

smoothSolver:  Solving for Ux, Initial residual = 0.000738294, Final residual = 5.82045e-05, No Iterations 8
smoothSolver:  Solving for Uy, Initial residual = 0.0154734, Final residual = 0.00128516, No Iterations 7
smoothSolver:  Solving for Uz, Initial residual = 0.0144731, Final residual = 0.00117323, No Iterations 7
GAMG:  Solving for p, Initial residual = 0.00674231, Final residual = 3.21331e-05, No Iterations 4
time step continuity errors : sum local = 6.09101e-05, global = -1.68499e-06, cumulative = 0.000184717
smoothSolver:  Solving for omega, Initial residual = 0.000132443, Final residual = 9.96243e-06, No Iterations 3
smoothSolver:  Solving for k, Initial residual = 0.00186566, Final residual = 0.000172175, No Iterations 3
ExecutionTime = 22.96 s  ClockTime = 24 s

forceCoeffs forceCoeffs1 write:
    Cm    = 0.161969
    Cd    = 0.412912
    Cl    = 0.0673396
    Cl(f) = 0.195639
    Cl(r) = -0.128299

Time = 49

smoothSolver:  Solving for Ux, Initial residual = 0.000722602, Final residual = 5.6409e-05, No Iterations 8
smoothSolver:  Solving for Uy, Initial residual = 0.0149688, Final residual = 0.00122072, No Iterations 7
smoothSolver:  Solving for Uz, Initial residual = 0.0140648, Final residual = 0.00112172, No Iterations 7
GAMG:  Solving for p, Initial residual = 0.0064885, Final residual = 2.91678e-05, No Iterations 4
time step continuity errors : sum local = 5.52286e-05, global = -8.77247e-07, cumulative = 0.00018384
smoothSolver:  Solving for omega, Initial residual = 0.000126999, Final residual = 9.58816e-06, No Iterations 3
smoothSolver:  Solving for k, Initial residual = 0.00180184, Final residual = 0.000167007, No Iterations 3
ExecutionTime = 23.45 s  ClockTime = 24 s

forceCoeffs forceCoeffs1 write:
    Cm    = 0.161657
    Cd    = 0.41263
    Cl    = 0.0683035
    Cl(f) = 0.195809
    Cl(r) = -0.127505

Time = 50

smoothSolver:  Solving for Ux, Initial residual = 0.000703595, Final residual = 5.40261e-05, No Iterations 8
smoothSolver:  Solving for Uy, Initial residual = 0.014418, Final residual = 0.00115999, No Iterations 7
smoothSolver:  Solving for Uz, Initial residual = 0.01364, Final residual = 0.00107497, No Iterations 7
GAMG:  Solving for p, Initial residual = 0.00625011, Final residual = 2.70494e-05, No Iterations 4
time step continuity errors : sum local = 5.12035e-05, global = -3.68356e-07, cumulative = 0.000183472
smoothSolver:  Solving for omega, Initial residual = 0.000121591, Final residual = 9.2127e-06, No Iterations 3
smoothSolver:  Solving for k, Initial residual = 0.00173388, Final residual = 0.000161665, No Iterations 3
ExecutionTime = 23.98 s  ClockTime = 25 s

forceCoeffs forceCoeffs1 write:
    Cm    = 0.161364
    Cd    = 0.412328
    Cl    = 0.0688892
    Cl(f) = 0.195808
    Cl(r) = -0.126919

Time = 51

smoothSolver:  Solving for Ux, Initial residual = 0.000679743, Final residual = 5.13069e-05, No Iterations 8
smoothSolver:  Solving for Uy, Initial residual = 0.0138361, Final residual = 0.00109745, No Iterations 7
smoothSolver:  Solving for Uz, Initial residual = 0.0131486, Final residual = 0.00103115, No Iterations 7
GAMG:  Solving for p, Initial residual = 0.00602657, Final residual = 2.55661e-05, No Iterations 4
time step continuity errors : sum local = 4.8412e-05, global = -2.42062e-07, cumulative = 0.000183229
smoothSolver:  Solving for omega, Initial residual = 0.000116203, Final residual = 8.81641e-06, No Iterations 3
smoothSolver:  Solving for k, Initial residual = 0.00166151, Final residual = 0.000156113, No Iterations 3
ExecutionTime = 24.46 s  ClockTime = 25 s

forceCoeffs forceCoeffs1 write:
    Cm    = 0.161073
    Cd    = 0.4121
    Cl    = 0.069179
    Cl(f) = 0.195663
    Cl(r) = -0.126484

Time = 52

smoothSolver:  Solving for Ux, Initial residual = 0.000653565, Final residual = 6.47756e-05, No Iterations 7
smoothSolver:  Solving for Uy, Initial residual = 0.0132072, Final residual = 0.00103421, No Iterations 7
smoothSolver:  Solving for Uz, Initial residual = 0.0125961, Final residual = 0.000988345, No Iterations 7
GAMG:  Solving for p, Initial residual = 0.00580522, Final residual = 2.44411e-05, No Iterations 4
time step continuity errors : sum local = 4.63181e-05, global = -1.53031e-07, cumulative = 0.000183076
smoothSolver:  Solving for omega, Initial residual = 0.000110742, Final residual = 8.39587e-06, No Iterations 3
smoothSolver:  Solving for k, Initial residual = 0.00158715, Final residual = 0.000150077, No Iterations 3
ExecutionTime = 24.78 s  ClockTime = 26 s

forceCoeffs forceCoeffs1 write:
    Cm    = 0.160815
    Cd    = 0.412026
    Cl    = 0.0691348
    Cl(f) = 0.195383
    Cl(r) = -0.126248

Time = 53

smoothSolver:  Solving for Ux, Initial residual = 0.000628421, Final residual = 6.14279e-05, No Iterations 7
smoothSolver:  Solving for Uy, Initial residual = 0.0126166, Final residual = 0.000979364, No Iterations 7
smoothSolver:  Solving for Uz, Initial residual = 0.0120425, Final residual = 0.000941396, No Iterations 7
GAMG:  Solving for p, Initial residual = 0.00561046, Final residual = 2.3144e-05, No Iterations 4
time step continuity errors : sum local = 4.39047e-05, global = -3.4423e-07, cumulative = 0.000182732
smoothSolver:  Solving for omega, Initial residual = 0.000105397, Final residual = 7.9821e-06, No Iterations 3
smoothSolver:  Solving for k, Initial residual = 0.00151159, Final residual = 0.000143682, No Iterations 3
ExecutionTime = 25.12 s  ClockTime = 26 s

forceCoeffs forceCoeffs1 write:
    Cm    = 0.160532
    Cd    = 0.411996
    Cl    = 0.0689611
    Cl(f) = 0.195012
    Cl(r) = -0.126051

Time = 54

smoothSolver:  Solving for Ux, Initial residual = 0.000604597, Final residual = 5.81514e-05, No Iterations 7
smoothSolver:  Solving for Uy, Initial residual = 0.0121448, Final residual = 0.000940923, No Iterations 7
smoothSolver:  Solving for Uz, Initial residual = 0.0115828, Final residual = 0.000907283, No Iterations 7
GAMG:  Solving for p, Initial residual = 0.00540877, Final residual = 2.17951e-05, No Iterations 4
time step continuity errors : sum local = 4.13833e-05, global = -5.07161e-07, cumulative = 0.000182225
smoothSolver:  Solving for omega, Initial residual = 0.000100586, Final residual = 7.60881e-06, No Iterations 3
smoothSolver:  Solving for k, Initial residual = 0.00143839, Final residual = 0.000136889, No Iterations 3
ExecutionTime = 25.44 s  ClockTime = 26 s

forceCoeffs forceCoeffs1 write:
    Cm    = 0.160238
    Cd    = 0.412042
    Cl    = 0.0686637
    Cl(f) = 0.194569
    Cl(r) = -0.125906

Time = 55

smoothSolver:  Solving for Ux, Initial residual = 0.000581632, Final residual = 5.51721e-05, No Iterations 7
smoothSolver:  Solving for Uy, Initial residual = 0.0117866, Final residual = 0.000914615, No Iterations 7
smoothSolver:  Solving for Uz, Initial residual = 0.0112189, Final residual = 0.000882671, No Iterations 7
GAMG:  Solving for p, Initial residual = 0.0052124, Final residual = 2.08642e-05, No Iterations 4
time step continuity errors : sum local = 3.96465e-05, global = -5.87907e-07, cumulative = 0.000181637
smoothSolver:  Solving for omega, Initial residual = 9.64162e-05, Final residual = 7.29874e-06, No Iterations 3
smoothSolver:  Solving for k, Initial residual = 0.00136874, Final residual = 0.000130122, No Iterations 3
ExecutionTime = 25.78 s  ClockTime = 27 s

forceCoeffs forceCoeffs1 write:
    Cm    = 0.15993
    Cd    = 0.412074
    Cl    = 0.0683812
    Cl(f) = 0.19412
    Cl(r) = -0.125739

Time = 56

smoothSolver:  Solving for Ux, Initial residual = 0.000560175, Final residual = 5.24934e-05, No Iterations 7
smoothSolver:  Solving for Uy, Initial residual = 0.0114914, Final residual = 0.000893336, No Iterations 7
smoothSolver:  Solving for Uz, Initial residual = 0.010895, Final residual = 0.000862611, No Iterations 7
GAMG:  Solving for p, Initial residual = 0.00503305, Final residual = 2.04862e-05, No Iterations 4
time step continuity errors : sum local = 3.89514e-05, global = -6.451e-07, cumulative = 0.000180992
smoothSolver:  Solving for omega, Initial residual = 9.30867e-05, Final residual = 7.01845e-06, No Iterations 3
smoothSolver:  Solving for k, Initial residual = 0.00130722, Final residual = 0.000124175, No Iterations 3
ExecutionTime = 26.22 s  ClockTime = 27 s

forceCoeffs forceCoeffs1 write:
    Cm    = 0.159688
    Cd    = 0.412185
    Cl    = 0.0680335
    Cl(f) = 0.193705
    Cl(r) = -0.125671

Time = 57

smoothSolver:  Solving for Ux, Initial residual = 0.000537622, Final residual = 4.9832e-05, No Iterations 7
smoothSolver:  Solving for Uy, Initial residual = 0.011198, Final residual = 0.000865354, No Iterations 7
smoothSolver:  Solving for Uz, Initial residual = 0.0105938, Final residual = 0.000842923, No Iterations 7
GAMG:  Solving for p, Initial residual = 0.00488928, Final residual = 2.03721e-05, No Iterations 4
time step continuity errors : sum local = 3.87541e-05, global = -5.90803e-07, cumulative = 0.000180401
smoothSolver:  Solving for omega, Initial residual = 8.99039e-05, Final residual = 6.7342e-06, No Iterations 3
smoothSolver:  Solving for k, Initial residual = 0.00125548, Final residual = 0.000118934, No Iterations 3
ExecutionTime = 26.76 s  ClockTime = 28 s

forceCoeffs forceCoeffs1 write:
    Cm    = 0.159511
    Cd    = 0.412341
    Cl    = 0.0677396
    Cl(f) = 0.193381
    Cl(r) = -0.125641

Time = 58

smoothSolver:  Solving for Ux, Initial residual = 0.000514327, Final residual = 4.7182e-05, No Iterations 7
smoothSolver:  Solving for Uy, Initial residual = 0.0108611, Final residual = 0.000832674, No Iterations 7
smoothSolver:  Solving for Uz, Initial residual = 0.0102871, Final residual = 0.000818033, No Iterations 7
GAMG:  Solving for p, Initial residual = 0.00476067, Final residual = 2.01463e-05, No Iterations 4
time step continuity errors : sum local = 3.83358e-05, global = -3.98619e-07, cumulative = 0.000180003
smoothSolver:  Solving for omega, Initial residual = 8.67518e-05, Final residual = 6.46625e-06, No Iterations 3
smoothSolver:  Solving for k, Initial residual = 0.00120695, Final residual = 0.000113908, No Iterations 3
ExecutionTime = 27.26 s  ClockTime = 28 s

forceCoeffs forceCoeffs1 write:
    Cm    = 0.159451
    Cd    = 0.412585
    Cl    = 0.0674016
    Cl(f) = 0.193152
    Cl(r) = -0.12575

Time = 59

smoothSolver:  Solving for Ux, Initial residual = 0.000491609, Final residual = 4.48439e-05, No Iterations 7
smoothSolver:  Solving for Uy, Initial residual = 0.010525, Final residual = 0.000797346, No Iterations 7
smoothSolver:  Solving for Uz, Initial residual = 0.010007, Final residual = 0.000783995, No Iterations 7
GAMG:  Solving for p, Initial residual = 0.00464591, Final residual = 1.96421e-05, No Iterations 4
time step continuity errors : sum local = 3.7385e-05, global = -2.35628e-07, cumulative = 0.000179767
smoothSolver:  Solving for omega, Initial residual = 8.36297e-05, Final residual = 6.18804e-06, No Iterations 3
smoothSolver:  Solving for k, Initial residual = 0.00116062, Final residual = 0.000109284, No Iterations 3
ExecutionTime = 27.77 s  ClockTime = 29 s

forceCoeffs forceCoeffs1 write:
    Cm    = 0.159396
    Cd    = 0.412846
    Cl    = 0.0671028
    Cl(f) = 0.192948
    Cl(r) = -0.125845

Time = 60

smoothSolver:  Solving for Ux, Initial residual = 0.000469131, Final residual = 4.2706e-05, No Iterations 7
smoothSolver:  Solving for Uy, Initial residual = 0.0102464, Final residual = 0.000761194, No Iterations 7
smoothSolver:  Solving for Uz, Initial residual = 0.00973733, Final residual = 0.000744639, No Iterations 7
GAMG:  Solving for p, Initial residual = 0.00453361, Final residual = 1.86962e-05, No Iterations 4
time step continuity errors : sum local = 3.55911e-05, global = -1.09589e-07, cumulative = 0.000179657
smoothSolver:  Solving for omega, Initial residual = 8.01946e-05, Final residual = 5.91566e-06, No Iterations 3
smoothSolver:  Solving for k, Initial residual = 0.00111683, Final residual = 0.00010492, No Iterations 3
ExecutionTime = 28.3 s  ClockTime = 29 s

forceCoeffs forceCoeffs1 write:
    Cm    = 0.159411
    Cd    = 0.413145
    Cl    = 0.0668175
    Cl(f) = 0.192819
    Cl(r) = -0.126002

Time = 61

smoothSolver:  Solving for Ux, Initial residual = 0.000449271, Final residual = 4.07023e-05, No Iterations 7
smoothSolver:  Solving for Uy, Initial residual = 0.00998392, Final residual = 0.00099339, No Iterations 6
smoothSolver:  Solving for Uz, Initial residual = 0.00945022, Final residual = 0.000705959, No Iterations 7
GAMG:  Solving for p, Initial residual = 0.00439694, Final residual = 1.74331e-05, No Iterations 4
time step continuity errors : sum local = 3.31898e-05, global = -1.50391e-08, cumulative = 0.000179642
smoothSolver:  Solving for omega, Initial residual = 7.66858e-05, Final residual = 5.65093e-06, No Iterations 3
smoothSolver:  Solving for k, Initial residual = 0.00107223, Final residual = 0.000100747, No Iterations 3
ExecutionTime = 28.79 s  ClockTime = 30 s

forceCoeffs forceCoeffs1 write:
    Cm    = 0.159384
    Cd    = 0.413451
    Cl    = 0.0666225
    Cl(f) = 0.192696
    Cl(r) = -0.126073

Time = 62

smoothSolver:  Solving for Ux, Initial residual = 0.000430138, Final residual = 3.89452e-05, No Iterations 7
smoothSolver:  Solving for Uy, Initial residual = 0.00974001, Final residual = 0.000963825, No Iterations 6
smoothSolver:  Solving for Uz, Initial residual = 0.00913139, Final residual = 0.000909576, No Iterations 6
GAMG:  Solving for p, Initial residual = 0.00423367, Final residual = 1.58459e-05, No Iterations 4
time step continuity errors : sum local = 3.01688e-05, global = 7.96274e-08, cumulative = 0.000179722
smoothSolver:  Solving for omega, Initial residual = 7.32609e-05, Final residual = 5.37748e-06, No Iterations 3
smoothSolver:  Solving for k, Initial residual = 0.00102473, Final residual = 9.63543e-05, No Iterations 3
ExecutionTime = 29.32 s  ClockTime = 30 s

forceCoeffs forceCoeffs1 write:
    Cm    = 0.159428
    Cd    = 0.413759
    Cl    = 0.0665233
    Cl(f) = 0.19269
    Cl(r) = -0.126167

Time = 63

smoothSolver:  Solving for Ux, Initial residual = 0.000413304, Final residual = 3.76481e-05, No Iterations 7
smoothSolver:  Solving for Uy, Initial residual = 0.00946517, Final residual = 0.000934701, No Iterations 6
smoothSolver:  Solving for Uz, Initial residual = 0.00877933, Final residual = 0.000869846, No Iterations 6
GAMG:  Solving for p, Initial residual = 0.00406364, Final residual = 1.48926e-05, No Iterations 4
time step continuity errors : sum local = 2.8355e-05, global = 1.14075e-07, cumulative = 0.000179836
smoothSolver:  Solving for omega, Initial residual = 6.97262e-05, Final residual = 5.0863e-06, No Iterations 3
smoothSolver:  Solving for k, Initial residual = 0.000977671, Final residual = 9.18961e-05, No Iterations 3
ExecutionTime = 29.75 s  ClockTime = 31 s

forceCoeffs forceCoeffs1 write:
    Cm    = 0.159443
    Cd    = 0.414046
    Cl    = 0.0664519
    Cl(f) = 0.192669
    Cl(r) = -0.126217

Time = 64

smoothSolver:  Solving for Ux, Initial residual = 0.000397645, Final residual = 3.64801e-05, No Iterations 7
smoothSolver:  Solving for Uy, Initial residual = 0.00913554, Final residual = 0.000905477, No Iterations 6
smoothSolver:  Solving for Uz, Initial residual = 0.00839825, Final residual = 0.000832295, No Iterations 6
GAMG:  Solving for p, Initial residual = 0.00389741, Final residual = 1.41306e-05, No Iterations 4
time step continuity errors : sum local = 2.69062e-05, global = 7.12017e-08, cumulative = 0.000179907
smoothSolver:  Solving for omega, Initial residual = 6.67447e-05, Final residual = 4.83651e-06, No Iterations 3
smoothSolver:  Solving for k, Initial residual = 0.000934073, Final residual = 8.7471e-05, No Iterations 3
ExecutionTime = 30.08 s  ClockTime = 31 s

forceCoeffs forceCoeffs1 write:
    Cm    = 0.159511
    Cd    = 0.414277
    Cl    = 0.066377
    Cl(f) = 0.1927
    Cl(r) = -0.126323

Time = 65

smoothSolver:  Solving for Ux, Initial residual = 0.000383076, Final residual = 3.50022e-05, No Iterations 7
smoothSolver:  Solving for Uy, Initial residual = 0.00877947, Final residual = 0.000872824, No Iterations 6
smoothSolver:  Solving for Uz, Initial residual = 0.00799912, Final residual = 0.000790752, No Iterations 6
GAMG:  Solving for p, Initial residual = 0.00373605, Final residual = 1.35616e-05, No Iterations 4
time step continuity errors : sum local = 2.58286e-05, global = -6.61628e-08, cumulative = 0.000179841
smoothSolver:  Solving for omega, Initial residual = 6.39571e-05, Final residual = 4.60324e-06, No Iterations 3
smoothSolver:  Solving for k, Initial residual = 0.000894409, Final residual = 8.32591e-05, No Iterations 3
ExecutionTime = 30.39 s  ClockTime = 31 s

forceCoeffs forceCoeffs1 write:
    Cm    = 0.159546
    Cd    = 0.414445
    Cl    = 0.066315
    Cl(f) = 0.192703
    Cl(r) = -0.126388

Time = 66

smoothSolver:  Solving for Ux, Initial residual = 0.000367993, Final residual = 3.31254e-05, No Iterations 7
smoothSolver:  Solving for Uy, Initial residual = 0.0083721, Final residual = 0.000830906, No Iterations 6
smoothSolver:  Solving for Uz, Initial residual = 0.00760345, Final residual = 0.000746131, No Iterations 6
GAMG:  Solving for p, Initial residual = 0.00359279, Final residual = 1.31877e-05, No Iterations 4
time step continuity errors : sum local = 2.5123e-05, global = -2.58113e-07, cumulative = 0.000179583
smoothSolver:  Solving for omega, Initial residual = 6.13809e-05, Final residual = 4.39879e-06, No Iterations 3
smoothSolver:  Solving for k, Initial residual = 0.00085872, Final residual = 7.94924e-05, No Iterations 3
ExecutionTime = 30.72 s  ClockTime = 32 s

forceCoeffs forceCoeffs1 write:
    Cm    = 0.159618
    Cd    = 0.414565
    Cl    = 0.0662299
    Cl(f) = 0.192733
    Cl(r) = -0.126503

Time = 67

smoothSolver:  Solving for Ux, Initial residual = 0.000350931, Final residual = 3.10351e-05, No Iterations 7
smoothSolver:  Solving for Uy, Initial residual = 0.00792994, Final residual = 0.000779782, No Iterations 6
smoothSolver:  Solving for Uz, Initial residual = 0.00721254, Final residual = 0.000701115, No Iterations 6
GAMG:  Solving for p, Initial residual = 0.00345468, Final residual = 1.2807e-05, No Iterations 4
time step continuity errors : sum local = 2.44067e-05, global = -4.23885e-07, cumulative = 0.000179159
smoothSolver:  Solving for omega, Initial residual = 5.91918e-05, Final residual = 4.21764e-06, No Iterations 3
smoothSolver:  Solving for k, Initial residual = 0.000825426, Final residual = 7.60534e-05, No Iterations 3
ExecutionTime = 31.09 s  ClockTime = 32 s

forceCoeffs forceCoeffs1 write:
    Cm    = 0.159605
    Cd    = 0.414655
    Cl    = 0.0660757
    Cl(f) = 0.192643
    Cl(r) = -0.126567

Time = 68

smoothSolver:  Solving for Ux, Initial residual = 0.000333671, Final residual = 2.90098e-05, No Iterations 7
smoothSolver:  Solving for Uy, Initial residual = 0.00752639, Final residual = 0.000728047, No Iterations 6
smoothSolver:  Solving for Uz, Initial residual = 0.00686654, Final residual = 0.00065908, No Iterations 6
GAMG:  Solving for p, Initial residual = 0.00333534, Final residual = 1.24285e-05, No Iterations 4
time step continuity errors : sum local = 2.36928e-05, global = -4.9798e-07, cumulative = 0.000178661
smoothSolver:  Solving for omega, Initial residual = 5.72914e-05, Final residual = 4.06226e-06, No Iterations 3
smoothSolver:  Solving for k, Initial residual = 0.000795303, Final residual = 7.27744e-05, No Iterations 3
ExecutionTime = 31.51 s  ClockTime = 32 s

forceCoeffs forceCoeffs1 write:
    Cm    = 0.159578
    Cd    = 0.414668
    Cl    = 0.0659446
    Cl(f) = 0.19255
    Cl(r) = -0.126606

Time = 69

smoothSolver:  Solving for Ux, Initial residual = 0.000316499, Final residual = 2.72513e-05, No Iterations 7
smoothSolver:  Solving for Uy, Initial residual = 0.00716634, Final residual = 0.00068674, No Iterations 6
smoothSolver:  Solving for Uz, Initial residual = 0.0065688, Final residual = 0.000624754, No Iterations 6
GAMG:  Solving for p, Initial residual = 0.00321792, Final residual = 1.21114e-05, No Iterations 4
time step continuity errors : sum local = 2.30957e-05, global = -4.76173e-07, cumulative = 0.000178185
smoothSolver:  Solving for omega, Initial residual = 5.56112e-05, Final residual = 3.90776e-06, No Iterations 3
smoothSolver:  Solving for k, Initial residual = 0.000768694, Final residual = 6.96326e-05, No Iterations 3
ExecutionTime = 32.04 s  ClockTime = 33 s

forceCoeffs forceCoeffs1 write:
    Cm    = 0.159492
    Cd    = 0.4147
    Cl    = 0.0658258
    Cl(f) = 0.192405
    Cl(r) = -0.126579

Time = 70

smoothSolver:  Solving for Ux, Initial residual = 0.000301365, Final residual = 2.56995e-05, No Iterations 7
smoothSolver:  Solving for Uy, Initial residual = 0.00686672, Final residual = 0.000657261, No Iterations 6
smoothSolver:  Solving for Uz, Initial residual = 0.00631575, Final residual = 0.000601116, No Iterations 6
GAMG:  Solving for p, Initial residual = 0.00312015, Final residual = 1.20637e-05, No Iterations 4
time step continuity errors : sum local = 2.30101e-05, global = -3.97034e-07, cumulative = 0.000177788
smoothSolver:  Solving for omega, Initial residual = 5.391e-05, Final residual = 3.75657e-06, No Iterations 3
smoothSolver:  Solving for k, Initial residual = 0.000744436, Final residual = 6.6835e-05, No Iterations 3
ExecutionTime = 32.55 s  ClockTime = 33 s

forceCoeffs forceCoeffs1 write:
    Cm    = 0.159437
    Cd    = 0.414693
    Cl    = 0.0658515
    Cl(f) = 0.192363
    Cl(r) = -0.126511

Time = 71

smoothSolver:  Solving for Ux, Initial residual = 0.00028913, Final residual = 2.45553e-05, No Iterations 7
smoothSolver:  Solving for Uy, Initial residual = 0.006662, Final residual = 0.000638579, No Iterations 6
smoothSolver:  Solving for Uz, Initial residual = 0.00612729, Final residual = 0.000589197, No Iterations 6
GAMG:  Solving for p, Initial residual = 0.00302867, Final residual = 1.20543e-05, No Iterations 4
time step continuity errors : sum local = 2.29957e-05, global = -3.31192e-07, cumulative = 0.000177457
smoothSolver:  Solving for omega, Initial residual = 5.21871e-05, Final residual = 3.59579e-06, No Iterations 3
smoothSolver:  Solving for k, Initial residual = 0.000723203, Final residual = 6.45066e-05, No Iterations 3
ExecutionTime = 33.06 s  ClockTime = 34 s

forceCoeffs forceCoeffs1 write:
    Cm    = 0.159331
    Cd    = 0.414728
    Cl    = 0.0658554
    Cl(f) = 0.192259
    Cl(r) = -0.126403

Time = 72

smoothSolver:  Solving for Ux, Initial residual = 0.000278672, Final residual = 2.3812e-05, No Iterations 7
smoothSolver:  Solving for Uy, Initial residual = 0.00645668, Final residual = 0.000623001, No Iterations 6
smoothSolver:  Solving for Uz, Initial residual = 0.00597202, Final residual = 0.000578827, No Iterations 6
GAMG:  Solving for p, Initial residual = 0.00296746, Final residual = 1.19931e-05, No Iterations 4
time step continuity errors : sum local = 2.28815e-05, global = -2.77933e-07, cumulative = 0.000177179
smoothSolver:  Solving for omega, Initial residual = 5.04828e-05, Final residual = 3.46065e-06, No Iterations 3
smoothSolver:  Solving for k, Initial residual = 0.000704977, Final residual = 6.26846e-05, No Iterations 3
ExecutionTime = 33.59 s  ClockTime = 35 s

forceCoeffs forceCoeffs1 write:
    Cm    = 0.15929
    Cd    = 0.414749
    Cl    = 0.0659305
    Cl(f) = 0.192256
    Cl(r) = -0.126325

Time = 73

smoothSolver:  Solving for Ux, Initial residual = 0.000271349, Final residual = 2.31792e-05, No Iterations 7
smoothSolver:  Solving for Uy, Initial residual = 0.00629133, Final residual = 0.000607804, No Iterations 6
smoothSolver:  Solving for Uz, Initial residual = 0.0058456, Final residual = 0.000567701, No Iterations 6
GAMG:  Solving for p, Initial residual = 0.00289269, Final residual = 1.16212e-05, No Iterations 4
time step continuity errors : sum local = 2.21715e-05, global = -2.67628e-07, cumulative = 0.000176911
smoothSolver:  Solving for omega, Initial residual = 4.89078e-05, Final residual = 3.30537e-06, No Iterations 3
smoothSolver:  Solving for k, Initial residual = 0.000690757, Final residual = 6.11121e-05, No Iterations 3
ExecutionTime = 34.08 s  ClockTime = 35 s

forceCoeffs forceCoeffs1 write:
    Cm    = 0.159249
    Cd    = 0.414879
    Cl    = 0.0659835
    Cl(f) = 0.192241
    Cl(r) = -0.126258

Time = 74

smoothSolver:  Solving for Ux, Initial residual = 0.000264008, Final residual = 2.26477e-05, No Iterations 7
smoothSolver:  Solving for Uy, Initial residual = 0.00608221, Final residual = 0.000589361, No Iterations 6
smoothSolver:  Solving for Uz, Initial residual = 0.00565872, Final residual = 0.000545203, No Iterations 6
GAMG:  Solving for p, Initial residual = 0.00282163, Final residual = 1.08683e-05, No Iterations 4
time step continuity errors : sum local = 2.07343e-05, global = -2.61446e-07, cumulative = 0.00017665
smoothSolver:  Solving for omega, Initial residual = 4.75991e-05, Final residual = 3.17084e-06, No Iterations 3
smoothSolver:  Solving for k, Initial residual = 0.000678496, Final residual = 5.97862e-05, No Iterations 3
ExecutionTime = 34.6 s  ClockTime = 36 s

forceCoeffs forceCoeffs1 write:
    Cm    = 0.159309
    Cd    = 0.415026
    Cl    = 0.0661182
    Cl(f) = 0.192368
    Cl(r) = -0.12625

Time = 75

smoothSolver:  Solving for Ux, Initial residual = 0.000257716, Final residual = 2.23791e-05, No Iterations 7
smoothSolver:  Solving for Uy, Initial residual = 0.00589019, Final residual = 0.000572264, No Iterations 6
smoothSolver:  Solving for Uz, Initial residual = 0.00547028, Final residual = 0.000527209, No Iterations 6
GAMG:  Solving for p, Initial residual = 0.00274674, Final residual = 1.02746e-05, No Iterations 4
time step continuity errors : sum local = 1.96009e-05, global = -2.742e-07, cumulative = 0.000176375
smoothSolver:  Solving for omega, Initial residual = 4.62229e-05, Final residual = 3.02511e-06, No Iterations 3
smoothSolver:  Solving for k, Initial residual = 0.00066455, Final residual = 5.84273e-05, No Iterations 3
ExecutionTime = 35.01 s  ClockTime = 36 s

forceCoeffs forceCoeffs1 write:
    Cm    = 0.159366
    Cd    = 0.415212
    Cl    = 0.066276
    Cl(f) = 0.192503
    Cl(r) = -0.126228

Time = 76

smoothSolver:  Solving for Ux, Initial residual = 0.000252387, Final residual = 2.23579e-05, No Iterations 7
smoothSolver:  Solving for Uy, Initial residual = 0.00571064, Final residual = 0.000559567, No Iterations 6
smoothSolver:  Solving for Uz, Initial residual = 0.00532393, Final residual = 0.00051428, No Iterations 6
GAMG:  Solving for p, Initial residual = 0.00267488, Final residual = 9.95647e-06, No Iterations 4
time step continuity errors : sum local = 1.89926e-05, global = -2.63952e-07, cumulative = 0.000176112
smoothSolver:  Solving for omega, Initial residual = 4.47203e-05, Final residual = 2.9026e-06, No Iterations 3
smoothSolver:  Solving for k, Initial residual = 0.000649177, Final residual = 5.70373e-05, No Iterations 3
ExecutionTime = 35.34 s  ClockTime = 36 s

forceCoeffs forceCoeffs1 write:
    Cm    = 0.159502
    Cd    = 0.415401
    Cl    = 0.0664897
    Cl(f) = 0.192747
    Cl(r) = -0.126257

Time = 77

smoothSolver:  Solving for Ux, Initial residual = 0.000248082, Final residual = 2.23973e-05, No Iterations 7
smoothSolver:  Solving for Uy, Initial residual = 0.00559017, Final residual = 0.000555613, No Iterations 6
smoothSolver:  Solving for Uz, Initial residual = 0.00520943, Final residual = 0.000514315, No Iterations 6
GAMG:  Solving for p, Initial residual = 0.00260523, Final residual = 9.91771e-06, No Iterations 4
time step continuity errors : sum local = 1.89166e-05, global = -2.96605e-07, cumulative = 0.000175815
smoothSolver:  Solving for omega, Initial residual = 4.32303e-05, Final residual = 2.7971e-06, No Iterations 3
smoothSolver:  Solving for k, Initial residual = 0.000633507, Final residual = 5.58543e-05, No Iterations 3
ExecutionTime = 35.66 s  ClockTime = 37 s

forceCoeffs forceCoeffs1 write:
    Cm    = 0.159631
    Cd    = 0.415629
    Cl    = 0.0667193
    Cl(f) = 0.19299
    Cl(r) = -0.126271

Time = 78

smoothSolver:  Solving for Ux, Initial residual = 0.000243466, Final residual = 2.23486e-05, No Iterations 7
smoothSolver:  Solving for Uy, Initial residual = 0.00549564, Final residual = 0.000411328, No Iterations 7
smoothSolver:  Solving for Uz, Initial residual = 0.00513003, Final residual = 0.000382744, No Iterations 7
GAMG:  Solving for p, Initial residual = 0.00253919, Final residual = 1.01174e-05, No Iterations 4
time step continuity errors : sum local = 1.92951e-05, global = -3.01964e-07, cumulative = 0.000175513
smoothSolver:  Solving for omega, Initial residual = 4.20694e-05, Final residual = 2.73465e-06, No Iterations 3
smoothSolver:  Solving for k, Initial residual = 0.000619741, Final residual = 5.51267e-05, No Iterations 3
ExecutionTime = 35.99 s  ClockTime = 37 s

forceCoeffs forceCoeffs1 write:
    Cm    = 0.159819
    Cd    = 0.415925
    Cl    = 0.0668885
    Cl(f) = 0.193263
    Cl(r) = -0.126375

Time = 79

smoothSolver:  Solving for Ux, Initial residual = 0.000239806, Final residual = 2.2251e-05, No Iterations 7
smoothSolver:  Solving for Uy, Initial residual = 0.00538968, Final residual = 0.000412406, No Iterations 7
smoothSolver:  Solving for Uz, Initial residual = 0.00503101, Final residual = 0.000385315, No Iterations 7
GAMG:  Solving for p, Initial residual = 0.00247077, Final residual = 1.01093e-05, No Iterations 4
time step continuity errors : sum local = 1.92782e-05, global = -2.68551e-07, cumulative = 0.000175244
smoothSolver:  Solving for omega, Initial residual = 4.11436e-05, Final residual = 2.66485e-06, No Iterations 3
smoothSolver:  Solving for k, Initial residual = 0.000608, Final residual = 5.45078e-05, No Iterations 3
ExecutionTime = 36.37 s  ClockTime = 37 s

forceCoeffs forceCoeffs1 write:
    Cm    = 0.159952
    Cd    = 0.416215
    Cl    = 0.0670585
    Cl(f) = 0.193481
    Cl(r) = -0.126423

Time = 80

smoothSolver:  Solving for Ux, Initial residual = 0.000235984, Final residual = 2.20469e-05, No Iterations 7
smoothSolver:  Solving for Uy, Initial residual = 0.00525953, Final residual = 0.000406762, No Iterations 7
smoothSolver:  Solving for Uz, Initial residual = 0.0049379, Final residual = 0.000384329, No Iterations 7
GAMG:  Solving for p, Initial residual = 0.00239832, Final residual = 1.00944e-05, No Iterations 4
time step continuity errors : sum local = 1.92513e-05, global = -1.7599e-07, cumulative = 0.000175068
smoothSolver:  Solving for omega, Initial residual = 3.98961e-05, Final residual = 2.59183e-06, No Iterations 3
smoothSolver:  Solving for k, Initial residual = 0.000595448, Final residual = 5.36718e-05, No Iterations 3
ExecutionTime = 36.82 s  ClockTime = 38 s

forceCoeffs forceCoeffs1 write:
    Cm    = 0.16006
    Cd    = 0.416427
    Cl    = 0.0671851
    Cl(f) = 0.193653
    Cl(r) = -0.126468

Time = 81

smoothSolver:  Solving for Ux, Initial residual = 0.000231775, Final residual = 2.17108e-05, No Iterations 7
smoothSolver:  Solving for Uy, Initial residual = 0.0051183, Final residual = 0.000396868, No Iterations 7
smoothSolver:  Solving for Uz, Initial residual = 0.00479983, Final residual = 0.000377724, No Iterations 7
GAMG:  Solving for p, Initial residual = 0.00232128, Final residual = 1.00095e-05, No Iterations 4
time step continuity errors : sum local = 1.90911e-05, global = -2.89693e-08, cumulative = 0.000175039
smoothSolver:  Solving for omega, Initial residual = 3.87578e-05, Final residual = 2.50155e-06, No Iterations 3
smoothSolver:  Solving for k, Initial residual = 0.000579673, Final residual = 5.24408e-05, No Iterations 3
ExecutionTime = 37.33 s  ClockTime = 38 s

forceCoeffs forceCoeffs1 write:
    Cm    = 0.160093
    Cd    = 0.416602
    Cl    = 0.0672777
    Cl(f) = 0.193732
    Cl(r) = -0.126454

Time = 82

smoothSolver:  Solving for Ux, Initial residual = 0.000226728, Final residual = 2.12928e-05, No Iterations 7
smoothSolver:  Solving for Uy, Initial residual = 0.00495822, Final residual = 0.000381494, No Iterations 7
smoothSolver:  Solving for Uz, Initial residual = 0.00465817, Final residual = 0.00036646, No Iterations 7
GAMG:  Solving for p, Initial residual = 0.00225464, Final residual = 9.79137e-06, No Iterations 4
time step continuity errors : sum local = 1.86786e-05, global = 1.84731e-07, cumulative = 0.000175224
smoothSolver:  Solving for omega, Initial residual = 3.7576e-05, Final residual = 2.40477e-06, No Iterations 3
smoothSolver:  Solving for k, Initial residual = 0.000561453, Final residual = 5.08018e-05, No Iterations 3
ExecutionTime = 37.85 s  ClockTime = 39 s

forceCoeffs forceCoeffs1 write:
    Cm    = 0.160122
    Cd    = 0.416688
    Cl    = 0.0673349
    Cl(f) = 0.193789
    Cl(r) = -0.126454

Time = 83

smoothSolver:  Solving for Ux, Initial residual = 0.000221831, Final residual = 2.09408e-05, No Iterations 7
smoothSolver:  Solving for Uy, Initial residual = 0.00481717, Final residual = 0.000364668, No Iterations 7
smoothSolver:  Solving for Uz, Initial residual = 0.0045404, Final residual = 0.000354706, No Iterations 7
GAMG:  Solving for p, Initial residual = 0.00219622, Final residual = 9.35925e-06, No Iterations 4
time step continuity errors : sum local = 1.78576e-05, global = 4.1551e-07, cumulative = 0.00017564
smoothSolver:  Solving for omega, Initial residual = 3.64309e-05, Final residual = 2.2917e-06, No Iterations 3
smoothSolver:  Solving for k, Initial residual = 0.000544344, Final residual = 4.89909e-05, No Iterations 3
ExecutionTime = 38.37 s  ClockTime = 39 s

forceCoeffs forceCoeffs1 write:
    Cm    = 0.160065
    Cd    = 0.41673
    Cl    = 0.0673085
    Cl(f) = 0.19372
    Cl(r) = -0.126411

Time = 84

smoothSolver:  Solving for Ux, Initial residual = 0.00021744, Final residual = 2.06544e-05, No Iterations 7
smoothSolver:  Solving for Uy, Initial residual = 0.00467163, Final residual = 0.000348934, No Iterations 7
smoothSolver:  Solving for Uz, Initial residual = 0.00443251, Final residual = 0.000345019, No Iterations 7
GAMG:  Solving for p, Initial residual = 0.00214193, Final residual = 8.95705e-06, No Iterations 4
time step continuity errors : sum local = 1.70937e-05, global = 6.11535e-07, cumulative = 0.000176251
smoothSolver:  Solving for omega, Initial residual = 3.52431e-05, Final residual = 2.19047e-06, No Iterations 3
smoothSolver:  Solving for k, Initial residual = 0.000527549, Final residual = 4.72705e-05, No Iterations 3
ExecutionTime = 38.87 s  ClockTime = 40 s

forceCoeffs forceCoeffs1 write:
    Cm    = 0.159978
    Cd    = 0.416647
    Cl    = 0.0671931
    Cl(f) = 0.193574
    Cl(r) = -0.126381

Time = 85

smoothSolver:  Solving for Ux, Initial residual = 0.00021232, Final residual = 2.02094e-05, No Iterations 7
smoothSolver:  Solving for Uy, Initial residual = 0.00454379, Final residual = 0.000337377, No Iterations 7
smoothSolver:  Solving for Uz, Initial residual = 0.00432123, Final residual = 0.000335056, No Iterations 7
GAMG:  Solving for p, Initial residual = 0.0020779, Final residual = 8.45867e-06, No Iterations 4
time step continuity errors : sum local = 1.61461e-05, global = 6.63944e-07, cumulative = 0.000176915
smoothSolver:  Solving for omega, Initial residual = 3.4246e-05, Final residual = 2.10505e-06, No Iterations 3
smoothSolver:  Solving for k, Initial residual = 0.000512044, Final residual = 4.56629e-05, No Iterations 3
ExecutionTime = 39.39 s  ClockTime = 40 s

forceCoeffs forceCoeffs1 write:
    Cm    = 0.159836
    Cd    = 0.416534
    Cl    = 0.0670402
    Cl(f) = 0.193356
    Cl(r) = -0.126316

Time = 86

smoothSolver:  Solving for Ux, Initial residual = 0.000206075, Final residual = 1.95298e-05, No Iterations 7
smoothSolver:  Solving for Uy, Initial residual = 0.00440847, Final residual = 0.000327846, No Iterations 7
smoothSolver:  Solving for Uz, Initial residual = 0.00418958, Final residual = 0.000323012, No Iterations 7
GAMG:  Solving for p, Initial residual = 0.00202786, Final residual = 7.97365e-06, No Iterations 4
time step continuity errors : sum local = 1.52238e-05, global = 5.46323e-07, cumulative = 0.000177462
smoothSolver:  Solving for omega, Initial residual = 3.31099e-05, Final residual = 2.03256e-06, No Iterations 3
smoothSolver:  Solving for k, Initial residual = 0.0004968, Final residual = 4.42937e-05, No Iterations 3
ExecutionTime = 39.92 s  ClockTime = 41 s

forceCoeffs forceCoeffs1 write:
    Cm    = 0.159729
    Cd    = 0.416371
    Cl    = 0.0668641
    Cl(f) = 0.193161
    Cl(r) = -0.126297

Time = 87

smoothSolver:  Solving for Ux, Initial residual = 0.000199647, Final residual = 1.86165e-05, No Iterations 7
smoothSolver:  Solving for Uy, Initial residual = 0.00430384, Final residual = 0.000320746, No Iterations 7
smoothSolver:  Solving for Uz, Initial residual = 0.00403498, Final residual = 0.00030918, No Iterations 7
GAMG:  Solving for p, Initial residual = 0.00197994, Final residual = 7.48782e-06, No Iterations 4
time step continuity errors : sum local = 1.4299e-05, global = 2.79035e-07, cumulative = 0.000177741
smoothSolver:  Solving for omega, Initial residual = 3.23892e-05, Final residual = 1.95622e-06, No Iterations 3
smoothSolver:  Solving for k, Initial residual = 0.000480898, Final residual = 4.28274e-05, No Iterations 3
ExecutionTime = 40.3 s  ClockTime = 41 s

forceCoeffs forceCoeffs1 write:
    Cm    = 0.159633
    Cd    = 0.416278
    Cl    = 0.0666724
    Cl(f) = 0.192969
    Cl(r) = -0.126297

Time = 88

smoothSolver:  Solving for Ux, Initial residual = 0.000193718, Final residual = 1.78248e-05, No Iterations 7
smoothSolver:  Solving for Uy, Initial residual = 0.00419679, Final residual = 0.00031381, No Iterations 7
smoothSolver:  Solving for Uz, Initial residual = 0.00390946, Final residual = 0.00029498, No Iterations 7
GAMG:  Solving for p, Initial residual = 0.00193801, Final residual = 7.26738e-06, No Iterations 4
time step continuity errors : sum local = 1.38793e-05, global = 1.83668e-09, cumulative = 0.000177742
smoothSolver:  Solving for omega, Initial residual = 3.15294e-05, Final residual = 1.88456e-06, No Iterations 3
smoothSolver:  Solving for k, Initial residual = 0.000465142, Final residual = 4.12664e-05, No Iterations 3
ExecutionTime = 40.64 s  ClockTime = 42 s

forceCoeffs forceCoeffs1 write:
    Cm    = 0.15959
    Cd    = 0.416182
    Cl    = 0.066441
    Cl(f) = 0.19281
    Cl(r) = -0.126369

Time = 89

smoothSolver:  Solving for Ux, Initial residual = 0.000188475, Final residual = 1.7213e-05, No Iterations 7
smoothSolver:  Solving for Uy, Initial residual = 0.00409958, Final residual = 0.000306845, No Iterations 7
smoothSolver:  Solving for Uz, Initial residual = 0.00378394, Final residual = 0.000281852, No Iterations 7
GAMG:  Solving for p, Initial residual = 0.00190267, Final residual = 7.08465e-06, No Iterations 4
time step continuity errors : sum local = 1.35309e-05, global = -2.69527e-07, cumulative = 0.000177473
smoothSolver:  Solving for omega, Initial residual = 3.06689e-05, Final residual = 1.82194e-06, No Iterations 3
smoothSolver:  Solving for k, Initial residual = 0.000448412, Final residual = 3.97092e-05, No Iterations 3
ExecutionTime = 40.96 s  ClockTime = 42 s

forceCoeffs forceCoeffs1 write:
    Cm    = 0.159595
    Cd    = 0.416202
    Cl    = 0.0662348
    Cl(f) = 0.192712
    Cl(r) = -0.126478

Time = 90

smoothSolver:  Solving for Ux, Initial residual = 0.000184333, Final residual = 1.68347e-05, No Iterations 7
smoothSolver:  Solving for Uy, Initial residual = 0.00403178, Final residual = 0.000300239, No Iterations 7
smoothSolver:  Solving for Uz, Initial residual = 0.00370615, Final residual = 0.000370471, No Iterations 6
GAMG:  Solving for p, Initial residual = 0.00187687, Final residual = 6.81088e-06, No Iterations 4
time step continuity errors : sum local = 1.30071e-05, global = -4.008e-07, cumulative = 0.000177072
smoothSolver:  Solving for omega, Initial residual = 3.00741e-05, Final residual = 1.76573e-06, No Iterations 3
smoothSolver:  Solving for k, Initial residual = 0.000433586, Final residual = 3.8145e-05, No Iterations 3
ExecutionTime = 41.29 s  ClockTime = 42 s

forceCoeffs forceCoeffs1 write:
    Cm    = 0.15963
    Cd    = 0.416265
    Cl    = 0.0659955
    Cl(f) = 0.192628
    Cl(r) = -0.126632

Time = 91

smoothSolver:  Solving for Ux, Initial residual = 0.000181316, Final residual = 1.64525e-05, No Iterations 7
smoothSolver:  Solving for Uy, Initial residual = 0.00397717, Final residual = 0.000293618, No Iterations 7
smoothSolver:  Solving for Uz, Initial residual = 0.00364403, Final residual = 0.000362963, No Iterations 6
GAMG:  Solving for p, Initial residual = 0.00185408, Final residual = 6.84427e-06, No Iterations 4
time step continuity errors : sum local = 1.30702e-05, global = -4.71392e-07, cumulative = 0.000176601
smoothSolver:  Solving for omega, Initial residual = 2.98102e-05, Final residual = 1.71891e-06, No Iterations 3
smoothSolver:  Solving for k, Initial residual = 0.000420707, Final residual = 3.66128e-05, No Iterations 3
ExecutionTime = 41.65 s  ClockTime = 43 s

forceCoeffs forceCoeffs1 write:
    Cm    = 0.159678
    Cd    = 0.416379
    Cl    = 0.065867
    Cl(f) = 0.192611
    Cl(r) = -0.126744

Time = 92

smoothSolver:  Solving for Ux, Initial residual = 0.000179547, Final residual = 1.61527e-05, No Iterations 7
smoothSolver:  Solving for Uy, Initial residual = 0.00392386, Final residual = 0.000391512, No Iterations 6
smoothSolver:  Solving for Uz, Initial residual = 0.00361302, Final residual = 0.000356426, No Iterations 6
GAMG:  Solving for p, Initial residual = 0.0018371, Final residual = 6.87817e-06, No Iterations 4
time step continuity errors : sum local = 1.31339e-05, global = -4.47374e-07, cumulative = 0.000176153
smoothSolver:  Solving for omega, Initial residual = 2.9212e-05, Final residual = 1.69501e-06, No Iterations 3
smoothSolver:  Solving for k, Initial residual = 0.000409327, Final residual = 3.52762e-05, No Iterations 3
ExecutionTime = 42.13 s  ClockTime = 43 s

forceCoeffs forceCoeffs1 write:
    Cm    = 0.159731
    Cd    = 0.416479
    Cl    = 0.0657917
    Cl(f) = 0.192627
    Cl(r) = -0.126836

Time = 93

smoothSolver:  Solving for Ux, Initial residual = 0.000177364, Final residual = 1.59351e-05, No Iterations 7
smoothSolver:  Solving for Uy, Initial residual = 0.0038942, Final residual = 0.000388505, No Iterations 6
smoothSolver:  Solving for Uz, Initial residual = 0.00358061, Final residual = 0.000352486, No Iterations 6
GAMG:  Solving for p, Initial residual = 0.00181543, Final residual = 6.89366e-06, No Iterations 4
time step continuity errors : sum local = 1.31625e-05, global = -3.4729e-07, cumulative = 0.000175806
smoothSolver:  Solving for omega, Initial residual = 2.9347e-05, Final residual = 1.69757e-06, No Iterations 3
smoothSolver:  Solving for k, Initial residual = 0.000400715, Final residual = 3.43036e-05, No Iterations 3
ExecutionTime = 42.63 s  ClockTime = 44 s

forceCoeffs forceCoeffs1 write:
    Cm    = 0.159744
    Cd    = 0.416585
    Cl    = 0.0657742
    Cl(f) = 0.192631
    Cl(r) = -0.126857

Time = 94

smoothSolver:  Solving for Ux, Initial residual = 0.000175789, Final residual = 1.58395e-05, No Iterations 7
smoothSolver:  Solving for Uy, Initial residual = 0.00386259, Final residual = 0.000286029, No Iterations 7
smoothSolver:  Solving for Uz, Initial residual = 0.00355827, Final residual = 0.000351944, No Iterations 6
GAMG:  Solving for p, Initial residual = 0.00179607, Final residual = 6.84022e-06, No Iterations 4
time step continuity errors : sum local = 1.30596e-05, global = -2.11218e-07, cumulative = 0.000175595
smoothSolver:  Solving for omega, Initial residual = 2.92545e-05, Final residual = 1.69971e-06, No Iterations 3
smoothSolver:  Solving for k, Initial residual = 0.000393256, Final residual = 3.36712e-05, No Iterations 3
ExecutionTime = 43.17 s  ClockTime = 44 s

forceCoeffs forceCoeffs1 write:
    Cm    = 0.159713
    Cd    = 0.416638
    Cl    = 0.0657751
    Cl(f) = 0.192601
    Cl(r) = -0.126826

Time = 95

smoothSolver:  Solving for Ux, Initial residual = 0.000173517, Final residual = 1.57628e-05, No Iterations 7
smoothSolver:  Solving for Uy, Initial residual = 0.00380674, Final residual = 0.00028427, No Iterations 7
smoothSolver:  Solving for Uz, Initial residual = 0.00351066, Final residual = 0.000349389, No Iterations 6
GAMG:  Solving for p, Initial residual = 0.00178162, Final residual = 6.73684e-06, No Iterations 4
time step continuity errors : sum local = 1.28636e-05, global = -7.70326e-08, cumulative = 0.000175518
smoothSolver:  Solving for omega, Initial residual = 2.90397e-05, Final residual = 1.69798e-06, No Iterations 3
smoothSolver:  Solving for k, Initial residual = 0.000386854, Final residual = 3.33006e-05, No Iterations 3
ExecutionTime = 43.68 s  ClockTime = 45 s

forceCoeffs forceCoeffs1 write:
    Cm    = 0.159578
    Cd    = 0.416555
    Cl    = 0.0658228
    Cl(f) = 0.192489
    Cl(r) = -0.126666

Time = 96

smoothSolver:  Solving for Ux, Initial residual = 0.000171569, Final residual = 1.5757e-05, No Iterations 7
smoothSolver:  Solving for Uy, Initial residual = 0.00375661, Final residual = 0.000281206, No Iterations 7
smoothSolver:  Solving for Uz, Initial residual = 0.00348444, Final residual = 0.000346693, No Iterations 6
GAMG:  Solving for p, Initial residual = 0.00176641, Final residual = 6.50286e-06, No Iterations 4
time step continuity errors : sum local = 1.24183e-05, global = 1.91149e-08, cumulative = 0.000175537
smoothSolver:  Solving for omega, Initial residual = 2.8866e-05, Final residual = 1.70373e-06, No Iterations 3
smoothSolver:  Solving for k, Initial residual = 0.000380216, Final residual = 3.28696e-05, No Iterations 3
ExecutionTime = 44.17 s  ClockTime = 45 s

forceCoeffs forceCoeffs1 write:
    Cm    = 0.159367
    Cd    = 0.416343
    Cl    = 0.0658535
    Cl(f) = 0.192294
    Cl(r) = -0.126441

Time = 97

smoothSolver:  Solving for Ux, Initial residual = 0.00016947, Final residual = 1.59219e-05, No Iterations 7
smoothSolver:  Solving for Uy, Initial residual = 0.00369697, Final residual = 0.000277336, No Iterations 7
smoothSolver:  Solving for Uz, Initial residual = 0.00344237, Final residual = 0.000340289, No Iterations 6
GAMG:  Solving for p, Initial residual = 0.0017449, Final residual = 6.35234e-06, No Iterations 4
time step continuity errors : sum local = 1.21334e-05, global = 2.72474e-08, cumulative = 0.000175564
smoothSolver:  Solving for omega, Initial residual = 2.88136e-05, Final residual = 1.70789e-06, No Iterations 3
smoothSolver:  Solving for k, Initial residual = 0.000373447, Final residual = 3.22865e-05, No Iterations 3
ExecutionTime = 44.7 s  ClockTime = 46 s

forceCoeffs forceCoeffs1 write:
    Cm    = 0.159082
    Cd    = 0.41596
    Cl    = 0.0659927
    Cl(f) = 0.192078
    Cl(r) = -0.126085

Time = 98

smoothSolver:  Solving for Ux, Initial residual = 0.000168225, Final residual = 1.60983e-05, No Iterations 7
smoothSolver:  Solving for Uy, Initial residual = 0.00366853, Final residual = 0.000277503, No Iterations 7
smoothSolver:  Solving for Uz, Initial residual = 0.00340691, Final residual = 0.000340193, No Iterations 6
GAMG:  Solving for p, Initial residual = 0.00172412, Final residual = 6.40786e-06, No Iterations 4
time step continuity errors : sum local = 1.22416e-05, global = 9.10207e-09, cumulative = 0.000175573
smoothSolver:  Solving for omega, Initial residual = 2.86387e-05, Final residual = 1.70056e-06, No Iterations 3
smoothSolver:  Solving for k, Initial residual = 0.000366046, Final residual = 3.15785e-05, No Iterations 3
ExecutionTime = 45.22 s  ClockTime = 46 s

forceCoeffs forceCoeffs1 write:
    Cm    = 0.158776
    Cd    = 0.41552
    Cl    = 0.0661306
    Cl(f) = 0.191842
    Cl(r) = -0.125711

Time = 99

smoothSolver:  Solving for Ux, Initial residual = 0.000168059, Final residual = 1.64271e-05, No Iterations 7
smoothSolver:  Solving for Uy, Initial residual = 0.00369336, Final residual = 0.000285236, No Iterations 7
smoothSolver:  Solving for Uz, Initial residual = 0.00340094, Final residual = 0.000258605, No Iterations 7
GAMG:  Solving for p, Initial residual = 0.00170931, Final residual = 6.75273e-06, No Iterations 4
time step continuity errors : sum local = 1.29025e-05, global = -1.1516e-07, cumulative = 0.000175458
smoothSolver:  Solving for omega, Initial residual = 2.8682e-05, Final residual = 1.70669e-06, No Iterations 3
smoothSolver:  Solving for k, Initial residual = 0.000359555, Final residual = 3.07497e-05, No Iterations 3
ExecutionTime = 45.57 s  ClockTime = 47 s

forceCoeffs forceCoeffs1 write:
    Cm    = 0.158421
    Cd    = 0.414964
    Cl    = 0.0663031
    Cl(f) = 0.191572
    Cl(r) = -0.125269

Time = 100

smoothSolver:  Solving for Ux, Initial residual = 0.00016933, Final residual = 1.67402e-05, No Iterations 7
smoothSolver:  Solving for Uy, Initial residual = 0.00378169, Final residual = 0.000297733, No Iterations 7
smoothSolver:  Solving for Uz, Initial residual = 0.00343326, Final residual = 0.000268239, No Iterations 7
GAMG:  Solving for p, Initial residual = 0.00170273, Final residual = 7.05584e-06, No Iterations 4
time step continuity errors : sum local = 1.34822e-05, global = -2.50865e-07, cumulative = 0.000175207
smoothSolver:  Solving for omega, Initial residual = 2.87587e-05, Final residual = 1.72389e-06, No Iterations 3
smoothSolver:  Solving for k, Initial residual = 0.000355408, Final residual = 3.01145e-05, No Iterations 3
ExecutionTime = 45.91 s  ClockTime = 47 s

streamLine streamLines write:
    seeded 20 particles
    Tracks:20
    Total samples:17220
    Writing data to "/mnt/aiongpfs/users/mghavami/motorBike-RUN-06/postProcessing/sets/streamLines/100"
forceCoeffs forceCoeffs1 write:
    Cm    = 0.158111
    Cd    = 0.414438
    Cl    = 0.0664559
    Cl(f) = 0.191339
    Cl(r) = -0.124883

Time = 101

smoothSolver:  Solving for Ux, Initial residual = 0.000171101, Final residual = 1.69956e-05, No Iterations 7
smoothSolver:  Solving for Uy, Initial residual = 0.0038755, Final residual = 0.00031112, No Iterations 7
smoothSolver:  Solving for Uz, Initial residual = 0.00348882, Final residual = 0.000278007, No Iterations 7
GAMG:  Solving for p, Initial residual = 0.0017054, Final residual = 7.3618e-06, No Iterations 4
time step continuity errors : sum local = 1.40654e-05, global = -3.82502e-07, cumulative = 0.000174825
smoothSolver:  Solving for omega, Initial residual = 2.92842e-05, Final residual = 1.7763e-06, No Iterations 3
smoothSolver:  Solving for k, Initial residual = 0.000354384, Final residual = 2.99952e-05, No Iterations 3
ExecutionTime = 46.51 s  ClockTime = 48 s

forceCoeffs forceCoeffs1 write:
    Cm    = 0.157844
    Cd    = 0.413931
    Cl    = 0.0666057
    Cl(f) = 0.191147
    Cl(r) = -0.124541

Time = 102

smoothSolver:  Solving for Ux, Initial residual = 0.000172728, Final residual = 1.70739e-05, No Iterations 7
smoothSolver:  Solving for Uy, Initial residual = 0.00395951, Final residual = 0.000322201, No Iterations 7
smoothSolver:  Solving for Uz, Initial residual = 0.00353308, Final residual = 0.000284589, No Iterations 7
GAMG:  Solving for p, Initial residual = 0.00171716, Final residual = 7.7157e-06, No Iterations 4
time step continuity errors : sum local = 1.47375e-05, global = -4.87682e-07, cumulative = 0.000174337
smoothSolver:  Solving for omega, Initial residual = 2.96627e-05, Final residual = 1.82759e-06, No Iterations 3
smoothSolver:  Solving for k, Initial residual = 0.000354069, Final residual = 3.01422e-05, No Iterations 3
ExecutionTime = 46.87 s  ClockTime = 48 s

forceCoeffs forceCoeffs1 write:
    Cm    = 0.157692
    Cd    = 0.41353
    Cl    = 0.0667013
    Cl(f) = 0.191043
    Cl(r) = -0.124341

Time = 103

smoothSolver:  Solving for Ux, Initial residual = 0.000173367, Final residual = 1.69843e-05, No Iterations 7
smoothSolver:  Solving for Uy, Initial residual = 0.00399153, Final residual = 0.000326438, No Iterations 7
smoothSolver:  Solving for Uz, Initial residual = 0.00354997, Final residual = 0.000284642, No Iterations 7
GAMG:  Solving for p, Initial residual = 0.00173478, Final residual = 7.9958e-06, No Iterations 4
time step continuity errors : sum local = 1.52662e-05, global = -5.64702e-07, cumulative = 0.000173772
smoothSolver:  Solving for omega, Initial residual = 3.03256e-05, Final residual = 1.87238e-06, No Iterations 3
smoothSolver:  Solving for k, Initial residual = 0.000352388, Final residual = 3.01602e-05, No Iterations 3
ExecutionTime = 47.39 s  ClockTime = 49 s

forceCoeffs forceCoeffs1 write:
    Cm    = 0.157591
    Cd    = 0.4132
    Cl    = 0.066747
    Cl(f) = 0.190965
    Cl(r) = -0.124218

Time = 104

smoothSolver:  Solving for Ux, Initial residual = 0.000173778, Final residual = 1.67395e-05, No Iterations 7
smoothSolver:  Solving for Uy, Initial residual = 0.00399903, Final residual = 0.00032394, No Iterations 7
smoothSolver:  Solving for Uz, Initial residual = 0.0035633, Final residual = 0.000279802, No Iterations 7
GAMG:  Solving for p, Initial residual = 0.00175371, Final residual = 8.25169e-06, No Iterations 4
time step continuity errors : sum local = 1.57485e-05, global = -5.99442e-07, cumulative = 0.000173173
smoothSolver:  Solving for omega, Initial residual = 3.04251e-05, Final residual = 1.88236e-06, No Iterations 3
smoothSolver:  Solving for k, Initial residual = 0.000350442, Final residual = 2.989e-05, No Iterations 3
ExecutionTime = 47.91 s  ClockTime = 49 s

forceCoeffs forceCoeffs1 write:
    Cm    = 0.157609
    Cd    = 0.412956
    Cl    = 0.0667762
    Cl(f) = 0.190997
    Cl(r) = -0.124221

Time = 105

smoothSolver:  Solving for Ux, Initial residual = 0.000173641, Final residual = 1.63411e-05, No Iterations 7
smoothSolver:  Solving for Uy, Initial residual = 0.00397492, Final residual = 0.000315271, No Iterations 7
smoothSolver:  Solving for Uz, Initial residual = 0.00355758, Final residual = 0.000271608, No Iterations 7
GAMG:  Solving for p, Initial residual = 0.00176515, Final residual = 8.29106e-06, No Iterations 4
time step continuity errors : sum local = 1.58152e-05, global = -5.81669e-07, cumulative = 0.000172591
smoothSolver:  Solving for omega, Initial residual = 3.05011e-05, Final residual = 1.87692e-06, No Iterations 3
smoothSolver:  Solving for k, Initial residual = 0.000349766, Final residual = 2.93618e-05, No Iterations 3
ExecutionTime = 48.43 s  ClockTime = 50 s

forceCoeffs forceCoeffs1 write:
    Cm    = 0.157651
    Cd    = 0.412817
    Cl    = 0.0667216
    Cl(f) = 0.191011
    Cl(r) = -0.12429

Time = 106

smoothSolver:  Solving for Ux, Initial residual = 0.000172883, Final residual = 1.5959e-05, No Iterations 7
smoothSolver:  Solving for Uy, Initial residual = 0.00394954, Final residual = 0.000305389, No Iterations 7
smoothSolver:  Solving for Uz, Initial residual = 0.00354878, Final residual = 0.000264213, No Iterations 7
GAMG:  Solving for p, Initial residual = 0.00177506, Final residual = 8.20395e-06, No Iterations 4
time step continuity errors : sum local = 1.56433e-05, global = -5.30923e-07, cumulative = 0.00017206
smoothSolver:  Solving for omega, Initial residual = 3.04134e-05, Final residual = 1.84755e-06, No Iterations 3
smoothSolver:  Solving for k, Initial residual = 0.000350319, Final residual = 2.87481e-05, No Iterations 3
ExecutionTime = 48.96 s  ClockTime = 50 s

forceCoeffs forceCoeffs1 write:
    Cm    = 0.157718
    Cd    = 0.412673
    Cl    = 0.0666511
    Cl(f) = 0.191044
    Cl(r) = -0.124392

Time = 107

smoothSolver:  Solving for Ux, Initial residual = 0.000171065, Final residual = 1.54944e-05, No Iterations 7
smoothSolver:  Solving for Uy, Initial residual = 0.00389744, Final residual = 0.000296063, No Iterations 7
smoothSolver:  Solving for Uz, Initial residual = 0.00351355, Final residual = 0.000349586, No Iterations 6
GAMG:  Solving for p, Initial residual = 0.00177876, Final residual = 7.80267e-06, No Iterations 4
time step continuity errors : sum local = 1.48746e-05, global = -4.16828e-07, cumulative = 0.000171643
smoothSolver:  Solving for omega, Initial residual = 3.00096e-05, Final residual = 1.80763e-06, No Iterations 3
smoothSolver:  Solving for k, Initial residual = 0.000351241, Final residual = 2.82036e-05, No Iterations 3
ExecutionTime = 49.45 s  ClockTime = 51 s

forceCoeffs forceCoeffs1 write:
    Cm    = 0.157738
    Cd    = 0.412568
    Cl    = 0.0665462
    Cl(f) = 0.191011
    Cl(r) = -0.124465

Time = 108

smoothSolver:  Solving for Ux, Initial residual = 0.000168537, Final residual = 1.51486e-05, No Iterations 7
smoothSolver:  Solving for Uy, Initial residual = 0.00385008, Final residual = 0.00029111, No Iterations 7
smoothSolver:  Solving for Uz, Initial residual = 0.00350774, Final residual = 0.000348225, No Iterations 6
GAMG:  Solving for p, Initial residual = 0.00178046, Final residual = 7.62512e-06, No Iterations 4
time step continuity errors : sum local = 1.45355e-05, global = -2.54444e-07, cumulative = 0.000171389
smoothSolver:  Solving for omega, Initial residual = 2.9459e-05, Final residual = 1.76457e-06, No Iterations 3
smoothSolver:  Solving for k, Initial residual = 0.000351508, Final residual = 2.77225e-05, No Iterations 3
ExecutionTime = 49.98 s  ClockTime = 51 s

forceCoeffs forceCoeffs1 write:
    Cm    = 0.157744
    Cd    = 0.412439
    Cl    = 0.0664249
    Cl(f) = 0.190956
    Cl(r) = -0.124532

Time = 109

smoothSolver:  Solving for Ux, Initial residual = 0.000166179, Final residual = 1.48353e-05, No Iterations 7
smoothSolver:  Solving for Uy, Initial residual = 0.00379945, Final residual = 0.00028941, No Iterations 7
smoothSolver:  Solving for Uz, Initial residual = 0.00349932, Final residual = 0.000347463, No Iterations 6
GAMG:  Solving for p, Initial residual = 0.00177351, Final residual = 7.39208e-06, No Iterations 4
time step continuity errors : sum local = 1.40918e-05, global = -1.06441e-07, cumulative = 0.000171283
smoothSolver:  Solving for omega, Initial residual = 2.9074e-05, Final residual = 1.73228e-06, No Iterations 3
smoothSolver:  Solving for k, Initial residual = 0.000350264, Final residual = 2.72248e-05, No Iterations 3
ExecutionTime = 50.49 s  ClockTime = 52 s

forceCoeffs forceCoeffs1 write:
    Cm    = 0.157702
    Cd    = 0.412329
    Cl    = 0.0663555
    Cl(f) = 0.19088
    Cl(r) = -0.124524

Time = 110

smoothSolver:  Solving for Ux, Initial residual = 0.00016357, Final residual = 1.45772e-05, No Iterations 7
smoothSolver:  Solving for Uy, Initial residual = 0.00375382, Final residual = 0.000288232, No Iterations 7
smoothSolver:  Solving for Uz, Initial residual = 0.00348023, Final residual = 0.000257697, No Iterations 7
GAMG:  Solving for p, Initial residual = 0.00176396, Final residual = 7.42886e-06, No Iterations 4
time step continuity errors : sum local = 1.41643e-05, global = 2.68608e-08, cumulative = 0.000171309
smoothSolver:  Solving for omega, Initial residual = 2.85621e-05, Final residual = 1.70295e-06, No Iterations 3
smoothSolver:  Solving for k, Initial residual = 0.000346684, Final residual = 2.67935e-05, No Iterations 3
ExecutionTime = 50.83 s  ClockTime = 52 s

forceCoeffs forceCoeffs1 write:
    Cm    = 0.15761
    Cd    = 0.412209
    Cl    = 0.0662796
    Cl(f) = 0.19075
    Cl(r) = -0.12447

Time = 111

smoothSolver:  Solving for Ux, Initial residual = 0.000161175, Final residual = 1.43256e-05, No Iterations 7
smoothSolver:  Solving for Uy, Initial residual = 0.003692, Final residual = 0.000284208, No Iterations 7
smoothSolver:  Solving for Uz, Initial residual = 0.00343405, Final residual = 0.00025552, No Iterations 7
GAMG:  Solving for p, Initial residual = 0.00174861, Final residual = 7.34394e-06, No Iterations 4
time step continuity errors : sum local = 1.40057e-05, global = 1.47898e-07, cumulative = 0.000171457
smoothSolver:  Solving for omega, Initial residual = 2.81854e-05, Final residual = 1.67722e-06, No Iterations 3
smoothSolver:  Solving for k, Initial residual = 0.000340965, Final residual = 2.63844e-05, No Iterations 3
ExecutionTime = 51.15 s  ClockTime = 52 s

forceCoeffs forceCoeffs1 write:
    Cm    = 0.157464
    Cd    = 0.412098
    Cl    = 0.0663002
    Cl(f) = 0.190615
    Cl(r) = -0.124314

Time = 112

smoothSolver:  Solving for Ux, Initial residual = 0.000159187, Final residual = 1.42304e-05, No Iterations 7
smoothSolver:  Solving for Uy, Initial residual = 0.00364154, Final residual = 0.000279153, No Iterations 7
smoothSolver:  Solving for Uz, Initial residual = 0.00340538, Final residual = 0.000255538, No Iterations 7
GAMG:  Solving for p, Initial residual = 0.00173493, Final residual = 7.30609e-06, No Iterations 4
time step continuity errors : sum local = 1.39376e-05, global = 2.64071e-07, cumulative = 0.000171721
smoothSolver:  Solving for omega, Initial residual = 2.77463e-05, Final residual = 1.65531e-06, No Iterations 3
smoothSolver:  Solving for k, Initial residual = 0.000333089, Final residual = 2.59236e-05, No Iterations 3
ExecutionTime = 51.48 s  ClockTime = 53 s

forceCoeffs forceCoeffs1 write:
    Cm    = 0.157302
    Cd    = 0.411997
    Cl    = 0.0663139
    Cl(f) = 0.190459
    Cl(r) = -0.124145

Time = 113

smoothSolver:  Solving for Ux, Initial residual = 0.000156893, Final residual = 1.41771e-05, No Iterations 7
smoothSolver:  Solving for Uy, Initial residual = 0.00358503, Final residual = 0.000272888, No Iterations 7
smoothSolver:  Solving for Uz, Initial residual = 0.00336804, Final residual = 0.000252724, No Iterations 7
GAMG:  Solving for p, Initial residual = 0.00172359, Final residual = 7.22098e-06, No Iterations 4
time step continuity errors : sum local = 1.37791e-05, global = 3.442e-07, cumulative = 0.000172066
smoothSolver:  Solving for omega, Initial residual = 2.76293e-05, Final residual = 1.62483e-06, No Iterations 3
smoothSolver:  Solving for k, Initial residual = 0.000323222, Final residual = 2.54545e-05, No Iterations 3
ExecutionTime = 51.82 s  ClockTime = 53 s

forceCoeffs forceCoeffs1 write:
    Cm    = 0.157146
    Cd    = 0.41196
    Cl    = 0.0663459
    Cl(f) = 0.190319
    Cl(r) = -0.123973

Time = 114

smoothSolver:  Solving for Ux, Initial residual = 0.000154857, Final residual = 1.41158e-05, No Iterations 7
smoothSolver:  Solving for Uy, Initial residual = 0.00356214, Final residual = 0.00027099, No Iterations 7
smoothSolver:  Solving for Uz, Initial residual = 0.0033207, Final residual = 0.000250978, No Iterations 7
GAMG:  Solving for p, Initial residual = 0.00171851, Final residual = 7.17603e-06, No Iterations 4
time step continuity errors : sum local = 1.36973e-05, global = 4.0604e-07, cumulative = 0.000172472
smoothSolver:  Solving for omega, Initial residual = 2.71171e-05, Final residual = 1.59873e-06, No Iterations 3
smoothSolver:  Solving for k, Initial residual = 0.00031266, Final residual = 2.49742e-05, No Iterations 3
ExecutionTime = 52.22 s  ClockTime = 53 s

forceCoeffs forceCoeffs1 write:
    Cm    = 0.157008
    Cd    = 0.411937
    Cl    = 0.0663308
    Cl(f) = 0.190173
    Cl(r) = -0.123842

Time = 115

smoothSolver:  Solving for Ux, Initial residual = 0.000151978, Final residual = 1.38235e-05, No Iterations 7
smoothSolver:  Solving for Uy, Initial residual = 0.00350532, Final residual = 0.000265283, No Iterations 7
smoothSolver:  Solving for Uz, Initial residual = 0.00325535, Final residual = 0.00024405, No Iterations 7
GAMG:  Solving for p, Initial residual = 0.00171492, Final residual = 7.08971e-06, No Iterations 4
time step continuity errors : sum local = 1.35363e-05, global = 4.09165e-07, cumulative = 0.000172881
smoothSolver:  Solving for omega, Initial residual = 2.66308e-05, Final residual = 1.57271e-06, No Iterations 3
smoothSolver:  Solving for k, Initial residual = 0.000302316, Final residual = 2.44788e-05, No Iterations 3
ExecutionTime = 52.75 s  ClockTime = 54 s

forceCoeffs forceCoeffs1 write:
    Cm    = 0.156905
    Cd    = 0.411957
    Cl    = 0.066318
    Cl(f) = 0.190064
    Cl(r) = -0.123746

Time = 116

smoothSolver:  Solving for Ux, Initial residual = 0.000150003, Final residual = 1.36043e-05, No Iterations 7
smoothSolver:  Solving for Uy, Initial residual = 0.00345187, Final residual = 0.000260765, No Iterations 7
smoothSolver:  Solving for Uz, Initial residual = 0.00320809, Final residual = 0.000238135, No Iterations 7
GAMG:  Solving for p, Initial residual = 0.00171442, Final residual = 6.99919e-06, No Iterations 4
time step continuity errors : sum local = 1.33676e-05, global = 4.15933e-07, cumulative = 0.000173297
smoothSolver:  Solving for omega, Initial residual = 2.61815e-05, Final residual = 1.55326e-06, No Iterations 3
smoothSolver:  Solving for k, Initial residual = 0.000292292, Final residual = 2.39052e-05, No Iterations 3
ExecutionTime = 53.26 s  ClockTime = 55 s

forceCoeffs forceCoeffs1 write:
    Cm    = 0.156857
    Cd    = 0.412006
    Cl    = 0.0662305
    Cl(f) = 0.189973
    Cl(r) = -0.123742

Time = 117

smoothSolver:  Solving for Ux, Initial residual = 0.000147479, Final residual = 1.34002e-05, No Iterations 7
smoothSolver:  Solving for Uy, Initial residual = 0.00338758, Final residual = 0.000254013, No Iterations 7
smoothSolver:  Solving for Uz, Initial residual = 0.00315636, Final residual = 0.000311858, No Iterations 6
GAMG:  Solving for p, Initial residual = 0.0017046, Final residual = 6.75761e-06, No Iterations 4
time step continuity errors : sum local = 1.29099e-05, global = 4.05815e-07, cumulative = 0.000173703
smoothSolver:  Solving for omega, Initial residual = 2.59056e-05, Final residual = 1.52528e-06, No Iterations 3
smoothSolver:  Solving for k, Initial residual = 0.000282349, Final residual = 2.323e-05, No Iterations 3
ExecutionTime = 53.77 s  ClockTime = 55 s

forceCoeffs forceCoeffs1 write:
    Cm    = 0.156834
    Cd    = 0.412073
    Cl    = 0.0661267
    Cl(f) = 0.189897
    Cl(r) = -0.12377

Time = 118

smoothSolver:  Solving for Ux, Initial residual = 0.000145346, Final residual = 1.32976e-05, No Iterations 7
smoothSolver:  Solving for Uy, Initial residual = 0.00331542, Final residual = 0.000246634, No Iterations 7
smoothSolver:  Solving for Uz, Initial residual = 0.00310235, Final residual = 0.000306057, No Iterations 6
GAMG:  Solving for p, Initial residual = 0.00169458, Final residual = 6.5963e-06, No Iterations 4
time step continuity errors : sum local = 1.2606e-05, global = 4.00694e-07, cumulative = 0.000174103
smoothSolver:  Solving for omega, Initial residual = 2.54494e-05, Final residual = 1.50506e-06, No Iterations 3
smoothSolver:  Solving for k, Initial residual = 0.000272889, Final residual = 2.24648e-05, No Iterations 3
ExecutionTime = 54.3 s  ClockTime = 56 s

forceCoeffs forceCoeffs1 write:
    Cm    = 0.156846
    Cd    = 0.412165
    Cl    = 0.0659446
    Cl(f) = 0.189819
    Cl(r) = -0.123874

Time = 119

smoothSolver:  Solving for Ux, Initial residual = 0.000142713, Final residual = 1.30487e-05, No Iterations 7
smoothSolver:  Solving for Uy, Initial residual = 0.00323942, Final residual = 0.000320445, No Iterations 6
smoothSolver:  Solving for Uz, Initial residual = 0.00305241, Final residual = 0.000298816, No Iterations 6
GAMG:  Solving for p, Initial residual = 0.00168005, Final residual = 6.29129e-06, No Iterations 4
time step continuity errors : sum local = 1.20285e-05, global = 3.50652e-07, cumulative = 0.000174454
smoothSolver:  Solving for omega, Initial residual = 2.5029e-05, Final residual = 1.46838e-06, No Iterations 3
smoothSolver:  Solving for k, Initial residual = 0.000263815, Final residual = 2.16717e-05, No Iterations 3
ExecutionTime = 54.79 s  ClockTime = 56 s

forceCoeffs forceCoeffs1 write:
    Cm    = 0.15685
    Cd    = 0.412193
    Cl    = 0.0658308
    Cl(f) = 0.189766
    Cl(r) = -0.123935

Time = 120

smoothSolver:  Solving for Ux, Initial residual = 0.000140246, Final residual = 1.2776e-05, No Iterations 7
smoothSolver:  Solving for Uy, Initial residual = 0.00317087, Final residual = 0.000309559, No Iterations 6
smoothSolver:  Solving for Uz, Initial residual = 0.00299596, Final residual = 0.000290259, No Iterations 6
GAMG:  Solving for p, Initial residual = 0.00166762, Final residual = 6.08077e-06, No Iterations 4
time step continuity errors : sum local = 1.16315e-05, global = 3.11032e-07, cumulative = 0.000174765
smoothSolver:  Solving for omega, Initial residual = 2.44876e-05, Final residual = 1.43191e-06, No Iterations 3
smoothSolver:  Solving for k, Initial residual = 0.000255091, Final residual = 2.09626e-05, No Iterations 3
ExecutionTime = 55.31 s  ClockTime = 57 s

forceCoeffs forceCoeffs1 write:
    Cm    = 0.156893
    Cd    = 0.412239
    Cl    = 0.0657244
    Cl(f) = 0.189755
    Cl(r) = -0.12403

Time = 121

smoothSolver:  Solving for Ux, Initial residual = 0.00013783, Final residual = 1.23263e-05, No Iterations 7
smoothSolver:  Solving for Uy, Initial residual = 0.00310394, Final residual = 0.000296245, No Iterations 6
smoothSolver:  Solving for Uz, Initial residual = 0.00294847, Final residual = 0.000278968, No Iterations 6
GAMG:  Solving for p, Initial residual = 0.00164728, Final residual = 1.6433e-05, No Iterations 3
time step continuity errors : sum local = 3.14475e-05, global = 1.36631e-07, cumulative = 0.000174902
smoothSolver:  Solving for omega, Initial residual = 2.44785e-05, Final residual = 1.40999e-06, No Iterations 3
smoothSolver:  Solving for k, Initial residual = 0.000246844, Final residual = 2.03234e-05, No Iterations 3
ExecutionTime = 55.77 s  ClockTime = 57 s

forceCoeffs forceCoeffs1 write:
    Cm    = 0.156902
    Cd    = 0.412233
    Cl    = 0.0657147
    Cl(f) = 0.18976
    Cl(r) = -0.124045

Time = 122

smoothSolver:  Solving for Ux, Initial residual = 0.000134696, Final residual = 1.18095e-05, No Iterations 7
smoothSolver:  Solving for Uy, Initial residual = 0.00301428, Final residual = 0.000281128, No Iterations 6
smoothSolver:  Solving for Uz, Initial residual = 0.00285123, Final residual = 0.000264549, No Iterations 6
GAMG:  Solving for p, Initial residual = 0.00163471, Final residual = 6.10147e-06, No Iterations 4
time step continuity errors : sum local = 1.16797e-05, global = 3.48921e-07, cumulative = 0.00017525
smoothSolver:  Solving for omega, Initial residual = 2.3908e-05, Final residual = 1.38206e-06, No Iterations 3
smoothSolver:  Solving for k, Initial residual = 0.000238652, Final residual = 1.96827e-05, No Iterations 3
ExecutionTime = 56.11 s  ClockTime = 57 s

forceCoeffs forceCoeffs1 write:
    Cm    = 0.156908
    Cd    = 0.412172
    Cl    = 0.065668
    Cl(f) = 0.189742
    Cl(r) = -0.124074

Time = 123

smoothSolver:  Solving for Ux, Initial residual = 0.000132522, Final residual = 1.12514e-05, No Iterations 7
smoothSolver:  Solving for Uy, Initial residual = 0.00299737, Final residual = 0.000274355, No Iterations 6
smoothSolver:  Solving for Uz, Initial residual = 0.00280736, Final residual = 0.000254818, No Iterations 6
GAMG:  Solving for p, Initial residual = 0.00162065, Final residual = 1.56256e-05, No Iterations 3
time step continuity errors : sum local = 2.99305e-05, global = 9.41467e-08, cumulative = 0.000175345
smoothSolver:  Solving for omega, Initial residual = 2.35857e-05, Final residual = 1.34694e-06, No Iterations 3
smoothSolver:  Solving for k, Initial residual = 0.000231415, Final residual = 1.90625e-05, No Iterations 3
ExecutionTime = 56.42 s  ClockTime = 58 s

forceCoeffs forceCoeffs1 write:
    Cm    = 0.156896
    Cd    = 0.412123
    Cl    = 0.0657103
    Cl(f) = 0.189751
    Cl(r) = -0.124041

Time = 124

smoothSolver:  Solving for Ux, Initial residual = 0.00012931, Final residual = 1.07435e-05, No Iterations 7
smoothSolver:  Solving for Uy, Initial residual = 0.00292256, Final residual = 0.000262931, No Iterations 6
smoothSolver:  Solving for Uz, Initial residual = 0.0027368, Final residual = 0.000243207, No Iterations 6
GAMG:  Solving for p, Initial residual = 0.0016128, Final residual = 6.15213e-06, No Iterations 4
time step continuity errors : sum local = 1.17877e-05, global = 2.79829e-07, cumulative = 0.000175624
smoothSolver:  Solving for omega, Initial residual = 2.31658e-05, Final residual = 1.31579e-06, No Iterations 3
smoothSolver:  Solving for k, Initial residual = 0.00022486, Final residual = 1.84246e-05, No Iterations 3
ExecutionTime = 56.75 s  ClockTime = 58 s

forceCoeffs forceCoeffs1 write:
    Cm    = 0.156884
    Cd    = 0.412039
    Cl    = 0.0657422
    Cl(f) = 0.189755
    Cl(r) = -0.124013

Time = 125

smoothSolver:  Solving for Ux, Initial residual = 0.000127648, Final residual = 1.04344e-05, No Iterations 7
smoothSolver:  Solving for Uy, Initial residual = 0.0029232, Final residual = 0.000261804, No Iterations 6
smoothSolver:  Solving for Uz, Initial residual = 0.00273667, Final residual = 0.000241777, No Iterations 6
GAMG:  Solving for p, Initial residual = 0.00160415, Final residual = 1.56632e-05, No Iterations 3
time step continuity errors : sum local = 3.00283e-05, global = 4.4916e-08, cumulative = 0.000175669
smoothSolver:  Solving for omega, Initial residual = 2.28973e-05, Final residual = 1.28936e-06, No Iterations 3
smoothSolver:  Solving for k, Initial residual = 0.000218672, Final residual = 1.78659e-05, No Iterations 3
ExecutionTime = 57.06 s  ClockTime = 58 s

forceCoeffs forceCoeffs1 write:
    Cm    = 0.156855
    Cd    = 0.411964
    Cl    = 0.0658076
    Cl(f) = 0.189759
    Cl(r) = -0.123951

Time = 126

smoothSolver:  Solving for Ux, Initial residual = 0.0001249, Final residual = 1.01749e-05, No Iterations 7
smoothSolver:  Solving for Uy, Initial residual = 0.00287986, Final residual = 0.000255616, No Iterations 6
smoothSolver:  Solving for Uz, Initial residual = 0.00269604, Final residual = 0.000236317, No Iterations 6
GAMG:  Solving for p, Initial residual = 0.00159493, Final residual = 6.12195e-06, No Iterations 4
time step continuity errors : sum local = 1.17387e-05, global = 1.66279e-07, cumulative = 0.000175836
smoothSolver:  Solving for omega, Initial residual = 2.25093e-05, Final residual = 1.26847e-06, No Iterations 3
smoothSolver:  Solving for k, Initial residual = 0.000213419, Final residual = 1.73961e-05, No Iterations 3
ExecutionTime = 57.48 s  ClockTime = 59 s

forceCoeffs forceCoeffs1 write:
    Cm    = 0.156848
    Cd    = 0.41186
    Cl    = 0.0659258
    Cl(f) = 0.189811
    Cl(r) = -0.123885

Time = 127

smoothSolver:  Solving for Ux, Initial residual = 0.000122637, Final residual = 9.92522e-06, No Iterations 7
smoothSolver:  Solving for Uy, Initial residual = 0.00287455, Final residual = 0.000256156, No Iterations 6
smoothSolver:  Solving for Uz, Initial residual = 0.00269299, Final residual = 0.000235388, No Iterations 6
GAMG:  Solving for p, Initial residual = 0.00157958, Final residual = 1.54909e-05, No Iterations 3
time step continuity errors : sum local = 2.97155e-05, global = -2.29773e-08, cumulative = 0.000175813
smoothSolver:  Solving for omega, Initial residual = 2.23885e-05, Final residual = 1.24764e-06, No Iterations 3
smoothSolver:  Solving for k, Initial residual = 0.000208614, Final residual = 1.69907e-05, No Iterations 3
ExecutionTime = 57.99 s  ClockTime = 59 s

forceCoeffs forceCoeffs1 write:
    Cm    = 0.156849
    Cd    = 0.411813
    Cl    = 0.0660374
    Cl(f) = 0.189868
    Cl(r) = -0.12383

Time = 128

smoothSolver:  Solving for Ux, Initial residual = 0.000119275, Final residual = 9.65851e-06, No Iterations 7
smoothSolver:  Solving for Uy, Initial residual = 0.00280387, Final residual = 0.000247181, No Iterations 6
smoothSolver:  Solving for Uz, Initial residual = 0.00264455, Final residual = 0.000228294, No Iterations 6
GAMG:  Solving for p, Initial residual = 0.00156497, Final residual = 5.91503e-06, No Iterations 4
time step continuity errors : sum local = 1.13473e-05, global = 4.27395e-08, cumulative = 0.000175855
smoothSolver:  Solving for omega, Initial residual = 2.19701e-05, Final residual = 1.225e-06, No Iterations 3
smoothSolver:  Solving for k, Initial residual = 0.000205186, Final residual = 1.66076e-05, No Iterations 3
ExecutionTime = 58.49 s  ClockTime = 60 s

forceCoeffs forceCoeffs1 write:
    Cm    = 0.156879
    Cd    = 0.411762
    Cl    = 0.0661955
    Cl(f) = 0.189977
    Cl(r) = -0.123782

Time = 129

smoothSolver:  Solving for Ux, Initial residual = 0.000117612, Final residual = 9.51335e-06, No Iterations 7
smoothSolver:  Solving for Uy, Initial residual = 0.0027849, Final residual = 0.000246608, No Iterations 6
smoothSolver:  Solving for Uz, Initial residual = 0.00262858, Final residual = 0.000228024, No Iterations 6
GAMG:  Solving for p, Initial residual = 0.00154561, Final residual = 1.51488e-05, No Iterations 3
time step continuity errors : sum local = 2.90641e-05, global = -8.23836e-08, cumulative = 0.000175773
smoothSolver:  Solving for omega, Initial residual = 2.17679e-05, Final residual = 1.1985e-06, No Iterations 3
smoothSolver:  Solving for k, Initial residual = 0.000201724, Final residual = 1.61839e-05, No Iterations 3
ExecutionTime = 58.99 s  ClockTime = 60 s

forceCoeffs forceCoeffs1 write:
    Cm    = 0.156903
    Cd    = 0.411781
    Cl    = 0.0662951
    Cl(f) = 0.190051
    Cl(r) = -0.123756

Time = 130

smoothSolver:  Solving for Ux, Initial residual = 0.000115084, Final residual = 9.35036e-06, No Iterations 7
smoothSolver:  Solving for Uy, Initial residual = 0.00270952, Final residual = 0.000238068, No Iterations 6
smoothSolver:  Solving for Uz, Initial residual = 0.00256498, Final residual = 0.000220435, No Iterations 6
GAMG:  Solving for p, Initial residual = 0.0015248, Final residual = 5.67812e-06, No Iterations 4
time step continuity errors : sum local = 1.08932e-05, global = -6.86782e-08, cumulative = 0.000175704
smoothSolver:  Solving for omega, Initial residual = 2.14473e-05, Final residual = 1.17825e-06, No Iterations 3
smoothSolver:  Solving for k, Initial residual = 0.000198144, Final residual = 1.57348e-05, No Iterations 3
ExecutionTime = 59.52 s  ClockTime = 61 s

forceCoeffs forceCoeffs1 write:
    Cm    = 0.156961
    Cd    = 0.411806
    Cl    = 0.06642
    Cl(f) = 0.190171
    Cl(r) = -0.123751

Time = 131

smoothSolver:  Solving for Ux, Initial residual = 0.000113852, Final residual = 9.26878e-06, No Iterations 7
smoothSolver:  Solving for Uy, Initial residual = 0.002689, Final residual = 0.000237447, No Iterations 6
smoothSolver:  Solving for Uz, Initial residual = 0.00253864, Final residual = 0.000219784, No Iterations 6
GAMG:  Solving for p, Initial residual = 0.00150983, Final residual = 1.45702e-05, No Iterations 3
time step continuity errors : sum local = 2.79502e-05, global = -2.01617e-07, cumulative = 0.000175503
smoothSolver:  Solving for omega, Initial residual = 2.11691e-05, Final residual = 1.15434e-06, No Iterations 3
smoothSolver:  Solving for k, Initial residual = 0.000193504, Final residual = 1.52873e-05, No Iterations 3
ExecutionTime = 60 s  ClockTime = 61 s

forceCoeffs forceCoeffs1 write:
    Cm    = 0.157
    Cd    = 0.411857
    Cl    = 0.0665293
    Cl(f) = 0.190265
    Cl(r) = -0.123735

Time = 132

smoothSolver:  Solving for Ux, Initial residual = 0.00011181, Final residual = 9.23161e-06, No Iterations 7
smoothSolver:  Solving for Uy, Initial residual = 0.00262593, Final residual = 0.000231384, No Iterations 6
smoothSolver:  Solving for Uz, Initial residual = 0.00248479, Final residual = 0.000214479, No Iterations 6
GAMG:  Solving for p, Initial residual = 0.00149334, Final residual = 1.48874e-05, No Iterations 3
time step continuity errors : sum local = 2.8555e-05, global = -2.86634e-07, cumulative = 0.000175216
smoothSolver:  Solving for omega, Initial residual = 2.09216e-05, Final residual = 1.13426e-06, No Iterations 3
smoothSolver:  Solving for k, Initial residual = 0.000189134, Final residual = 1.48786e-05, No Iterations 3
ExecutionTime = 60.51 s  ClockTime = 62 s

forceCoeffs forceCoeffs1 write:
    Cm    = 0.1571
    Cd    = 0.411984
    Cl    = 0.0666294
    Cl(f) = 0.190414
    Cl(r) = -0.123785

Time = 133

smoothSolver:  Solving for Ux, Initial residual = 0.000110651, Final residual = 9.20235e-06, No Iterations 7
smoothSolver:  Solving for Uy, Initial residual = 0.00258607, Final residual = 0.000228737, No Iterations 6
smoothSolver:  Solving for Uz, Initial residual = 0.00244632, Final residual = 0.000212278, No Iterations 6
GAMG:  Solving for p, Initial residual = 0.00148275, Final residual = 1.46153e-05, No Iterations 3
time step continuity errors : sum local = 2.80283e-05, global = -3.8751e-07, cumulative = 0.000174829
smoothSolver:  Solving for omega, Initial residual = 2.10036e-05, Final residual = 1.12219e-06, No Iterations 3
smoothSolver:  Solving for k, Initial residual = 0.000185288, Final residual = 1.4526e-05, No Iterations 3
ExecutionTime = 60.99 s  ClockTime = 62 s

forceCoeffs forceCoeffs1 write:
    Cm    = 0.15715
    Cd    = 0.412076
    Cl    = 0.0667377
    Cl(f) = 0.190519
    Cl(r) = -0.123781

Time = 134

smoothSolver:  Solving for Ux, Initial residual = 0.000110331, Final residual = 9.25083e-06, No Iterations 7
smoothSolver:  Solving for Uy, Initial residual = 0.00257308, Final residual = 0.000231045, No Iterations 6
smoothSolver:  Solving for Uz, Initial residual = 0.00243869, Final residual = 0.000213917, No Iterations 6
GAMG:  Solving for p, Initial residual = 0.00147327, Final residual = 1.44292e-05, No Iterations 3
time step continuity errors : sum local = 2.7664e-05, global = -4.12829e-07, cumulative = 0.000174416
smoothSolver:  Solving for omega, Initial residual = 2.07248e-05, Final residual = 1.10692e-06, No Iterations 3
smoothSolver:  Solving for k, Initial residual = 0.000181381, Final residual = 1.42125e-05, No Iterations 3
ExecutionTime = 61.31 s  ClockTime = 63 s

forceCoeffs forceCoeffs1 write:
    Cm    = 0.15725
    Cd    = 0.412242
    Cl    = 0.0668311
    Cl(f) = 0.190665
    Cl(r) = -0.123834

Time = 135

smoothSolver:  Solving for Ux, Initial residual = 0.0001098, Final residual = 9.26131e-06, No Iterations 7
smoothSolver:  Solving for Uy, Initial residual = 0.00256626, Final residual = 0.000232301, No Iterations 6
smoothSolver:  Solving for Uz, Initial residual = 0.00241966, Final residual = 0.000212829, No Iterations 6
GAMG:  Solving for p, Initial residual = 0.00146583, Final residual = 1.4298e-05, No Iterations 3
time step continuity errors : sum local = 2.74055e-05, global = -3.92869e-07, cumulative = 0.000174023
smoothSolver:  Solving for omega, Initial residual = 2.05913e-05, Final residual = 1.10207e-06, No Iterations 3
smoothSolver:  Solving for k, Initial residual = 0.000177772, Final residual = 1.39321e-05, No Iterations 3
ExecutionTime = 61.64 s  ClockTime = 63 s

forceCoeffs forceCoeffs1 write:
    Cm    = 0.157307
    Cd    = 0.412392
    Cl    = 0.0669212
    Cl(f) = 0.190767
    Cl(r) = -0.123846

Time = 136

smoothSolver:  Solving for Ux, Initial residual = 0.00011, Final residual = 9.32128e-06, No Iterations 7
smoothSolver:  Solving for Uy, Initial residual = 0.00255769, Final residual = 0.000234176, No Iterations 6
smoothSolver:  Solving for Uz, Initial residual = 0.00241076, Final residual = 0.000212427, No Iterations 6
GAMG:  Solving for p, Initial residual = 0.00145782, Final residual = 1.4239e-05, No Iterations 3
time step continuity errors : sum local = 2.72844e-05, global = -2.57196e-07, cumulative = 0.000173766
smoothSolver:  Solving for omega, Initial residual = 2.03932e-05, Final residual = 1.09742e-06, No Iterations 3
smoothSolver:  Solving for k, Initial residual = 0.000174266, Final residual = 1.36812e-05, No Iterations 3
ExecutionTime = 61.95 s  ClockTime = 63 s

forceCoeffs forceCoeffs1 write:
    Cm    = 0.157392
    Cd    = 0.412605
    Cl    = 0.0669677
    Cl(f) = 0.190876
    Cl(r) = -0.123908

Time = 137

smoothSolver:  Solving for Ux, Initial residual = 0.000110042, Final residual = 9.38135e-06, No Iterations 7
smoothSolver:  Solving for Uy, Initial residual = 0.00255053, Final residual = 0.000234075, No Iterations 6
smoothSolver:  Solving for Uz, Initial residual = 0.00240329, Final residual = 0.000212537, No Iterations 6
GAMG:  Solving for p, Initial residual = 0.00145158, Final residual = 1.4397e-05, No Iterations 3
time step continuity errors : sum local = 2.75801e-05, global = -9.35853e-08, cumulative = 0.000173672
smoothSolver:  Solving for omega, Initial residual = 2.03592e-05, Final residual = 1.09127e-06, No Iterations 3
smoothSolver:  Solving for k, Initial residual = 0.000171214, Final residual = 1.34826e-05, No Iterations 3
ExecutionTime = 62.26 s  ClockTime = 64 s

forceCoeffs forceCoeffs1 write:
    Cm    = 0.157432
    Cd    = 0.412759
    Cl    = 0.0670462
    Cl(f) = 0.190955
    Cl(r) = -0.123909

Time = 138

smoothSolver:  Solving for Ux, Initial residual = 0.000110906, Final residual = 9.55752e-06, No Iterations 7
smoothSolver:  Solving for Uy, Initial residual = 0.00255366, Final residual = 0.000235023, No Iterations 6
smoothSolver:  Solving for Uz, Initial residual = 0.00241209, Final residual = 0.000213233, No Iterations 6
GAMG:  Solving for p, Initial residual = 0.0014392, Final residual = 5.43266e-06, No Iterations 4
time step continuity errors : sum local = 1.04043e-05, global = -2.37396e-08, cumulative = 0.000173648
smoothSolver:  Solving for omega, Initial residual = 2.01178e-05, Final residual = 1.08391e-06, No Iterations 3
smoothSolver:  Solving for k, Initial residual = 0.000169106, Final residual = 1.33164e-05, No Iterations 3
ExecutionTime = 62.64 s  ClockTime = 64 s

forceCoeffs forceCoeffs1 write:
    Cm    = 0.15755
    Cd    = 0.413028
    Cl    = 0.0671253
    Cl(f) = 0.191113
    Cl(r) = -0.123987

Time = 139

smoothSolver:  Solving for Ux, Initial residual = 0.000111901, Final residual = 9.71337e-06, No Iterations 7
smoothSolver:  Solving for Uy, Initial residual = 0.00257555, Final residual = 0.00023853, No Iterations 6
smoothSolver:  Solving for Uz, Initial residual = 0.00242264, Final residual = 0.000217132, No Iterations 6
GAMG:  Solving for p, Initial residual = 0.00143262, Final residual = 1.40776e-05, No Iterations 3
time step continuity errors : sum local = 2.69492e-05, global = 1.96395e-07, cumulative = 0.000173845
smoothSolver:  Solving for omega, Initial residual = 2.02885e-05, Final residual = 1.08456e-06, No Iterations 3
smoothSolver:  Solving for k, Initial residual = 0.000167988, Final residual = 1.3254e-05, No Iterations 3
ExecutionTime = 63.15 s  ClockTime = 65 s

forceCoeffs forceCoeffs1 write:
    Cm    = 0.157618
    Cd    = 0.413218
    Cl    = 0.0672276
    Cl(f) = 0.191232
    Cl(r) = -0.124005

Time = 140

smoothSolver:  Solving for Ux, Initial residual = 0.00011139, Final residual = 9.59411e-06, No Iterations 7
smoothSolver:  Solving for Uy, Initial residual = 0.00253082, Final residual = 0.000232807, No Iterations 6
smoothSolver:  Solving for Uz, Initial residual = 0.00239735, Final residual = 0.000215005, No Iterations 6
GAMG:  Solving for p, Initial residual = 0.00142456, Final residual = 5.33912e-06, No Iterations 4
time step continuity errors : sum local = 1.02192e-05, global = 1.62373e-07, cumulative = 0.000174007
smoothSolver:  Solving for omega, Initial residual = 2.00012e-05, Final residual = 1.07241e-06, No Iterations 3
smoothSolver:  Solving for k, Initial residual = 0.000168163, Final residual = 1.3248e-05, No Iterations 3
ExecutionTime = 63.66 s  ClockTime = 65 s

forceCoeffs forceCoeffs1 write:
    Cm    = 0.157759
    Cd    = 0.413553
    Cl    = 0.0672686
    Cl(f) = 0.191393
    Cl(r) = -0.124125

Time = 141

smoothSolver:  Solving for Ux, Initial residual = 0.000113105, Final residual = 9.68059e-06, No Iterations 7
smoothSolver:  Solving for Uy, Initial residual = 0.00256812, Final residual = 0.000237855, No Iterations 6
smoothSolver:  Solving for Uz, Initial residual = 0.00242766, Final residual = 0.000220697, No Iterations 6
GAMG:  Solving for p, Initial residual = 0.00142363, Final residual = 1.40265e-05, No Iterations 3
time step continuity errors : sum local = 2.68404e-05, global = 5.51798e-07, cumulative = 0.000174559
smoothSolver:  Solving for omega, Initial residual = 2.00751e-05, Final residual = 1.06993e-06, No Iterations 3
smoothSolver:  Solving for k, Initial residual = 0.000170019, Final residual = 1.33316e-05, No Iterations 3
ExecutionTime = 64.18 s  ClockTime = 66 s

forceCoeffs forceCoeffs1 write:
    Cm    = 0.157804
    Cd    = 0.413732
    Cl    = 0.0673535
    Cl(f) = 0.191481
    Cl(r) = -0.124128

Time = 142

smoothSolver:  Solving for Ux, Initial residual = 0.000112688, Final residual = 9.55429e-06, No Iterations 7
smoothSolver:  Solving for Uy, Initial residual = 0.00254287, Final residual = 0.000234629, No Iterations 6
smoothSolver:  Solving for Uz, Initial residual = 0.00241974, Final residual = 0.000220133, No Iterations 6
GAMG:  Solving for p, Initial residual = 0.00141804, Final residual = 5.26169e-06, No Iterations 4
time step continuity errors : sum local = 1.00674e-05, global = 2.82915e-07, cumulative = 0.000174842
smoothSolver:  Solving for omega, Initial residual = 2.00178e-05, Final residual = 1.07041e-06, No Iterations 3
smoothSolver:  Solving for k, Initial residual = 0.000172874, Final residual = 1.34714e-05, No Iterations 3
ExecutionTime = 64.69 s  ClockTime = 66 s

forceCoeffs forceCoeffs1 write:
    Cm    = 0.157938
    Cd    = 0.414041
    Cl    = 0.0673925
    Cl(f) = 0.191634
    Cl(r) = -0.124242

Time = 143

smoothSolver:  Solving for Ux, Initial residual = 0.000113672, Final residual = 9.60146e-06, No Iterations 7
smoothSolver:  Solving for Uy, Initial residual = 0.00257961, Final residual = 0.000240517, No Iterations 6
smoothSolver:  Solving for Uz, Initial residual = 0.00244753, Final residual = 0.000226988, No Iterations 6
GAMG:  Solving for p, Initial residual = 0.00142506, Final residual = 1.4143e-05, No Iterations 3
time step continuity errors : sum local = 2.70579e-05, global = 7.32922e-07, cumulative = 0.000175575
smoothSolver:  Solving for omega, Initial residual = 2.00333e-05, Final residual = 1.06176e-06, No Iterations 3
smoothSolver:  Solving for k, Initial residual = 0.000176876, Final residual = 1.36647e-05, No Iterations 3
ExecutionTime = 65.17 s  ClockTime = 67 s

forceCoeffs forceCoeffs1 write:
    Cm    = 0.157995
    Cd    = 0.41421
    Cl    = 0.0675101
    Cl(f) = 0.19175
    Cl(r) = -0.124239

Time = 144

smoothSolver:  Solving for Ux, Initial residual = 0.000113171, Final residual = 9.4676e-06, No Iterations 7
smoothSolver:  Solving for Uy, Initial residual = 0.00256246, Final residual = 0.000238307, No Iterations 6
smoothSolver:  Solving for Uz, Initial residual = 0.00243935, Final residual = 0.000226133, No Iterations 6
GAMG:  Solving for p, Initial residual = 0.00143066, Final residual = 5.52357e-06, No Iterations 4
time step continuity errors : sum local = 1.05672e-05, global = 4.17284e-07, cumulative = 0.000175992
smoothSolver:  Solving for omega, Initial residual = 2.00429e-05, Final residual = 1.06658e-06, No Iterations 3
smoothSolver:  Solving for k, Initial residual = 0.000182398, Final residual = 1.39428e-05, No Iterations 3
ExecutionTime = 65.7 s  ClockTime = 67 s

forceCoeffs forceCoeffs1 write:
    Cm    = 0.158134
    Cd    = 0.414529
    Cl    = 0.0675302
    Cl(f) = 0.191899
    Cl(r) = -0.124369

Time = 145

smoothSolver:  Solving for Ux, Initial residual = 0.000114922, Final residual = 9.63364e-06, No Iterations 7
smoothSolver:  Solving for Uy, Initial residual = 0.00260649, Final residual = 0.000245535, No Iterations 6
smoothSolver:  Solving for Uz, Initial residual = 0.0024876, Final residual = 0.000234981, No Iterations 6
GAMG:  Solving for p, Initial residual = 0.00143998, Final residual = 5.37989e-06, No Iterations 4
time step continuity errors : sum local = 1.02929e-05, global = 4.52261e-07, cumulative = 0.000176444
smoothSolver:  Solving for omega, Initial residual = 2.03654e-05, Final residual = 1.08333e-06, No Iterations 3
smoothSolver:  Solving for k, Initial residual = 0.000188234, Final residual = 1.4259e-05, No Iterations 3
ExecutionTime = 66.21 s  ClockTime = 68 s

forceCoeffs forceCoeffs1 write:
    Cm    = 0.158213
    Cd    = 0.414714
    Cl    = 0.0676453
    Cl(f) = 0.192036
    Cl(r) = -0.12439

Time = 146

smoothSolver:  Solving for Ux, Initial residual = 0.000115597, Final residual = 9.71486e-06, No Iterations 7
smoothSolver:  Solving for Uy, Initial residual = 0.00262228, Final residual = 0.000248066, No Iterations 6
smoothSolver:  Solving for Uz, Initial residual = 0.00250376, Final residual = 0.000237016, No Iterations 6
GAMG:  Solving for p, Initial residual = 0.00144117, Final residual = 5.45911e-06, No Iterations 4
time step continuity errors : sum local = 1.04452e-05, global = 5.31072e-07, cumulative = 0.000176975
smoothSolver:  Solving for omega, Initial residual = 2.03633e-05, Final residual = 1.08652e-06, No Iterations 3
smoothSolver:  Solving for k, Initial residual = 0.000194682, Final residual = 1.46228e-05, No Iterations 3
ExecutionTime = 66.54 s  ClockTime = 68 s

forceCoeffs forceCoeffs1 write:
    Cm    = 0.15835
    Cd    = 0.414999
    Cl    = 0.0676706
    Cl(f) = 0.192185
    Cl(r) = -0.124515

Time = 147

smoothSolver:  Solving for Ux, Initial residual = 0.000116065, Final residual = 9.81205e-06, No Iterations 7
smoothSolver:  Solving for Uy, Initial residual = 0.00263035, Final residual = 0.000249897, No Iterations 6
smoothSolver:  Solving for Uz, Initial residual = 0.00250146, Final residual = 0.000238861, No Iterations 6
GAMG:  Solving for p, Initial residual = 0.00144572, Final residual = 5.58823e-06, No Iterations 4
time step continuity errors : sum local = 1.06942e-05, global = 5.9211e-07, cumulative = 0.000177567
smoothSolver:  Solving for omega, Initial residual = 2.03891e-05, Final residual = 1.08358e-06, No Iterations 3
smoothSolver:  Solving for k, Initial residual = 0.000201062, Final residual = 1.50288e-05, No Iterations 3
ExecutionTime = 66.86 s  ClockTime = 68 s

forceCoeffs forceCoeffs1 write:
    Cm    = 0.158429
    Cd    = 0.415204
    Cl    = 0.0676712
    Cl(f) = 0.192265
    Cl(r) = -0.124593

Time = 148

smoothSolver:  Solving for Ux, Initial residual = 0.000116684, Final residual = 9.86623e-06, No Iterations 7
smoothSolver:  Solving for Uy, Initial residual = 0.00263137, Final residual = 0.000252187, No Iterations 6
smoothSolver:  Solving for Uz, Initial residual = 0.00250262, Final residual = 0.000240858, No Iterations 6
GAMG:  Solving for p, Initial residual = 0.0014471, Final residual = 5.59797e-06, No Iterations 4
time step continuity errors : sum local = 1.07153e-05, global = 6.10718e-07, cumulative = 0.000178178
smoothSolver:  Solving for omega, Initial residual = 2.03336e-05, Final residual = 1.08591e-06, No Iterations 3
smoothSolver:  Solving for k, Initial residual = 0.000207478, Final residual = 1.5442e-05, No Iterations 3
ExecutionTime = 67.19 s  ClockTime = 69 s

forceCoeffs forceCoeffs1 write:
    Cm    = 0.158547
    Cd    = 0.415453
    Cl    = 0.0676092
    Cl(f) = 0.192352
    Cl(r) = -0.124743

Time = 149

smoothSolver:  Solving for Ux, Initial residual = 0.000117183, Final residual = 9.94346e-06, No Iterations 7
smoothSolver:  Solving for Uy, Initial residual = 0.0026427, Final residual = 0.000256376, No Iterations 6
smoothSolver:  Solving for Uz, Initial residual = 0.00249678, Final residual = 0.000242617, No Iterations 6
GAMG:  Solving for p, Initial residual = 0.00145134, Final residual = 5.70151e-06, No Iterations 4
time step continuity errors : sum local = 1.09171e-05, global = 6.04659e-07, cumulative = 0.000178783
smoothSolver:  Solving for omega, Initial residual = 2.04203e-05, Final residual = 1.09089e-06, No Iterations 3
smoothSolver:  Solving for k, Initial residual = 0.000213685, Final residual = 1.58943e-05, No Iterations 3
ExecutionTime = 67.52 s  ClockTime = 69 s

forceCoeffs forceCoeffs1 write:
    Cm    = 0.158621
    Cd    = 0.415618
    Cl    = 0.0675576
    Cl(f) = 0.1924
    Cl(r) = -0.124842

Time = 150

smoothSolver:  Solving for Ux, Initial residual = 0.000118642, Final residual = 1.00802e-05, No Iterations 7
smoothSolver:  Solving for Uy, Initial residual = 0.0026618, Final residual = 0.000261667, No Iterations 6
smoothSolver:  Solving for Uz, Initial residual = 0.00251337, Final residual = 0.000246614, No Iterations 6
GAMG:  Solving for p, Initial residual = 0.00144934, Final residual = 5.65906e-06, No Iterations 4
time step continuity errors : sum local = 1.08386e-05, global = 5.93403e-07, cumulative = 0.000179376
smoothSolver:  Solving for omega, Initial residual = 2.052e-05, Final residual = 1.10025e-06, No Iterations 3
smoothSolver:  Solving for k, Initial residual = 0.000219938, Final residual = 1.64025e-05, No Iterations 3
ExecutionTime = 67.9 s  ClockTime = 69 s

forceCoeffs forceCoeffs1 write:
    Cm    = 0.158737
    Cd    = 0.415841
    Cl    = 0.0674289
    Cl(f) = 0.192451
    Cl(r) = -0.125022

Time = 151

smoothSolver:  Solving for Ux, Initial residual = 0.000119988, Final residual = 1.02443e-05, No Iterations 7
smoothSolver:  Solving for Uy, Initial residual = 0.00269256, Final residual = 0.000268523, No Iterations 6
smoothSolver:  Solving for Uz, Initial residual = 0.00251578, Final residual = 0.000249142, No Iterations 6
GAMG:  Solving for p, Initial residual = 0.00145489, Final residual = 5.69544e-06, No Iterations 4
time step continuity errors : sum local = 1.09117e-05, global = 5.85648e-07, cumulative = 0.000179962
smoothSolver:  Solving for omega, Initial residual = 2.0665e-05, Final residual = 1.12073e-06, No Iterations 3
smoothSolver:  Solving for k, Initial residual = 0.000225782, Final residual = 1.6922e-05, No Iterations 3
ExecutionTime = 68.42 s  ClockTime = 70 s

forceCoeffs forceCoeffs1 write:
    Cm    = 0.158797
    Cd    = 0.415979
    Cl    = 0.0672914
    Cl(f) = 0.192442
    Cl(r) = -0.125151

Time = 152

smoothSolver:  Solving for Ux, Initial residual = 0.000121167, Final residual = 1.04993e-05, No Iterations 7
smoothSolver:  Solving for Uy, Initial residual = 0.00271582, Final residual = 0.000202105, No Iterations 7
smoothSolver:  Solving for Uz, Initial residual = 0.00252351, Final residual = 0.00018731, No Iterations 7
GAMG:  Solving for p, Initial residual = 0.00145706, Final residual = 5.73982e-06, No Iterations 4
time step continuity errors : sum local = 1.09995e-05, global = 5.68689e-07, cumulative = 0.000180531
smoothSolver:  Solving for omega, Initial residual = 2.0882e-05, Final residual = 1.14111e-06, No Iterations 3
smoothSolver:  Solving for k, Initial residual = 0.000232412, Final residual = 1.74818e-05, No Iterations 3
ExecutionTime = 68.93 s  ClockTime = 70 s

forceCoeffs forceCoeffs1 write:
    Cm    = 0.158831
    Cd    = 0.416102
    Cl    = 0.0670867
    Cl(f) = 0.192374
    Cl(r) = -0.125287

Time = 153

smoothSolver:  Solving for Ux, Initial residual = 0.000122226, Final residual = 1.07967e-05, No Iterations 7
smoothSolver:  Solving for Uy, Initial residual = 0.00274932, Final residual = 0.000208196, No Iterations 7
smoothSolver:  Solving for Uz, Initial residual = 0.00254215, Final residual = 0.000189577, No Iterations 7
GAMG:  Solving for p, Initial residual = 0.00146319, Final residual = 5.71236e-06, No Iterations 4
time step continuity errors : sum local = 1.09498e-05, global = 5.36904e-07, cumulative = 0.000181068
smoothSolver:  Solving for omega, Initial residual = 2.12982e-05, Final residual = 1.16567e-06, No Iterations 3
smoothSolver:  Solving for k, Initial residual = 0.000239608, Final residual = 1.80522e-05, No Iterations 3
ExecutionTime = 69.45 s  ClockTime = 71 s

forceCoeffs forceCoeffs1 write:
    Cm    = 0.158801
    Cd    = 0.41611
    Cl    = 0.0669136
    Cl(f) = 0.192257
    Cl(r) = -0.125344

Time = 154

smoothSolver:  Solving for Ux, Initial residual = 0.000124036, Final residual = 1.12012e-05, No Iterations 7
smoothSolver:  Solving for Uy, Initial residual = 0.0027771, Final residual = 0.000212566, No Iterations 7
smoothSolver:  Solving for Uz, Initial residual = 0.00257326, Final residual = 0.000191865, No Iterations 7
GAMG:  Solving for p, Initial residual = 0.00145822, Final residual = 5.59958e-06, No Iterations 4
time step continuity errors : sum local = 1.07348e-05, global = 4.54004e-07, cumulative = 0.000181522
smoothSolver:  Solving for omega, Initial residual = 2.13522e-05, Final residual = 1.178e-06, No Iterations 3
smoothSolver:  Solving for k, Initial residual = 0.000246278, Final residual = 1.86014e-05, No Iterations 3
ExecutionTime = 69.98 s  ClockTime = 71 s

forceCoeffs forceCoeffs1 write:
    Cm    = 0.158764
    Cd    = 0.416098
    Cl    = 0.06673
    Cl(f) = 0.192129
    Cl(r) = -0.125399

Time = 155

smoothSolver:  Solving for Ux, Initial residual = 0.000125186, Final residual = 1.15666e-05, No Iterations 7
smoothSolver:  Solving for Uy, Initial residual = 0.00279883, Final residual = 0.000216698, No Iterations 7
smoothSolver:  Solving for Uz, Initial residual = 0.00256832, Final residual = 0.000193057, No Iterations 7
GAMG:  Solving for p, Initial residual = 0.00146019, Final residual = 5.6654e-06, No Iterations 4
time step continuity errors : sum local = 1.08622e-05, global = 3.01167e-07, cumulative = 0.000181823
smoothSolver:  Solving for omega, Initial residual = 2.17635e-05, Final residual = 1.19469e-06, No Iterations 3
smoothSolver:  Solving for k, Initial residual = 0.000252457, Final residual = 1.91133e-05, No Iterations 3
ExecutionTime = 70.48 s  ClockTime = 72 s

forceCoeffs forceCoeffs1 write:
    Cm    = 0.158685
    Cd    = 0.416003
    Cl    = 0.0665985
    Cl(f) = 0.191985
    Cl(r) = -0.125386

Time = 156

smoothSolver:  Solving for Ux, Initial residual = 0.000126836, Final residual = 1.19797e-05, No Iterations 7
smoothSolver:  Solving for Uy, Initial residual = 0.0028237, Final residual = 0.000220981, No Iterations 7
smoothSolver:  Solving for Uz, Initial residual = 0.0025781, Final residual = 0.000195893, No Iterations 7
GAMG:  Solving for p, Initial residual = 0.0014574, Final residual = 5.70339e-06, No Iterations 4
time step continuity errors : sum local = 1.09347e-05, global = 6.47169e-08, cumulative = 0.000181887
smoothSolver:  Solving for omega, Initial residual = 2.21806e-05, Final residual = 1.21752e-06, No Iterations 3
smoothSolver:  Solving for k, Initial residual = 0.000258311, Final residual = 1.95443e-05, No Iterations 3
ExecutionTime = 71.01 s  ClockTime = 72 s

forceCoeffs forceCoeffs1 write:
    Cm    = 0.158596
    Cd    = 0.415886
    Cl    = 0.066499
    Cl(f) = 0.191845
    Cl(r) = -0.125346

Time = 157

smoothSolver:  Solving for Ux, Initial residual = 0.000127923, Final residual = 1.23069e-05, No Iterations 7
smoothSolver:  Solving for Uy, Initial residual = 0.00284018, Final residual = 0.000225167, No Iterations 7
smoothSolver:  Solving for Uz, Initial residual = 0.00257605, Final residual = 0.000196944, No Iterations 7
GAMG:  Solving for p, Initial residual = 0.00145951, Final residual = 5.86573e-06, No Iterations 4
time step continuity errors : sum local = 1.12449e-05, global = -1.91856e-07, cumulative = 0.000181696
smoothSolver:  Solving for omega, Initial residual = 2.24334e-05, Final residual = 1.23881e-06, No Iterations 3
smoothSolver:  Solving for k, Initial residual = 0.000263571, Final residual = 1.99618e-05, No Iterations 3
ExecutionTime = 71.5 s  ClockTime = 73 s

forceCoeffs forceCoeffs1 write:
    Cm    = 0.158469
    Cd    = 0.415693
    Cl    = 0.066464
    Cl(f) = 0.191701
    Cl(r) = -0.125237

Time = 158

smoothSolver:  Solving for Ux, Initial residual = 0.000129897, Final residual = 1.26997e-05, No Iterations 7
smoothSolver:  Solving for Uy, Initial residual = 0.00287094, Final residual = 0.000230435, No Iterations 7
smoothSolver:  Solving for Uz, Initial residual = 0.00259563, Final residual = 0.000200865, No Iterations 7
GAMG:  Solving for p, Initial residual = 0.00145777, Final residual = 6.06991e-06, No Iterations 4
time step continuity errors : sum local = 1.16327e-05, global = -3.77041e-07, cumulative = 0.000181318
smoothSolver:  Solving for omega, Initial residual = 2.26603e-05, Final residual = 1.27075e-06, No Iterations 3
smoothSolver:  Solving for k, Initial residual = 0.00026856, Final residual = 2.0439e-05, No Iterations 3
ExecutionTime = 71.83 s  ClockTime = 73 s

forceCoeffs forceCoeffs1 write:
    Cm    = 0.158352
    Cd    = 0.415512
    Cl    = 0.066456
    Cl(f) = 0.19158
    Cl(r) = -0.125124

Time = 159

smoothSolver:  Solving for Ux, Initial residual = 0.000131313, Final residual = 1.2951e-05, No Iterations 7
smoothSolver:  Solving for Uy, Initial residual = 0.00290635, Final residual = 0.000235411, No Iterations 7
smoothSolver:  Solving for Uz, Initial residual = 0.00260163, Final residual = 0.000203666, No Iterations 7
GAMG:  Solving for p, Initial residual = 0.00146316, Final residual = 6.34324e-06, No Iterations 4
time step continuity errors : sum local = 1.21514e-05, global = -4.90909e-07, cumulative = 0.000180828
smoothSolver:  Solving for omega, Initial residual = 2.32474e-05, Final residual = 1.31047e-06, No Iterations 3
smoothSolver:  Solving for k, Initial residual = 0.000273187, Final residual = 2.09901e-05, No Iterations 3
ExecutionTime = 72.15 s  ClockTime = 74 s

forceCoeffs forceCoeffs1 write:
    Cm    = 0.15822
    Cd    = 0.415295
    Cl    = 0.0665064
    Cl(f) = 0.191474
    Cl(r) = -0.124967

Time = 160

smoothSolver:  Solving for Ux, Initial residual = 0.000133476, Final residual = 1.32328e-05, No Iterations 7
smoothSolver:  Solving for Uy, Initial residual = 0.0029577, Final residual = 0.000241477, No Iterations 7
smoothSolver:  Solving for Uz, Initial residual = 0.00262929, Final residual = 0.000208988, No Iterations 7
GAMG:  Solving for p, Initial residual = 0.0014638, Final residual = 6.57042e-06, No Iterations 4
time step continuity errors : sum local = 1.25796e-05, global = -5.4809e-07, cumulative = 0.000180279
smoothSolver:  Solving for omega, Initial residual = 2.36837e-05, Final residual = 1.34686e-06, No Iterations 3
smoothSolver:  Solving for k, Initial residual = 0.00027731, Final residual = 2.1527e-05, No Iterations 3
ExecutionTime = 72.48 s  ClockTime = 74 s

forceCoeffs forceCoeffs1 write:
    Cm    = 0.158107
    Cd    = 0.415085
    Cl    = 0.0665902
    Cl(f) = 0.191402
    Cl(r) = -0.124812

Time = 161

smoothSolver:  Solving for Ux, Initial residual = 0.000134579, Final residual = 1.32912e-05, No Iterations 7
smoothSolver:  Solving for Uy, Initial residual = 0.00298772, Final residual = 0.000244416, No Iterations 7
smoothSolver:  Solving for Uz, Initial residual = 0.00264747, Final residual = 0.000210873, No Iterations 7
GAMG:  Solving for p, Initial residual = 0.00147109, Final residual = 6.70768e-06, No Iterations 4
time step continuity errors : sum local = 1.28334e-05, global = -5.70734e-07, cumulative = 0.000179709
smoothSolver:  Solving for omega, Initial residual = 2.41879e-05, Final residual = 1.38191e-06, No Iterations 3
smoothSolver:  Solving for k, Initial residual = 0.00028044, Final residual = 2.19677e-05, No Iterations 3
ExecutionTime = 72.82 s  ClockTime = 74 s

forceCoeffs forceCoeffs1 write:
    Cm    = 0.158025
    Cd    = 0.414894
    Cl    = 0.0667297
    Cl(f) = 0.19139
    Cl(r) = -0.12466

Time = 162

smoothSolver:  Solving for Ux, Initial residual = 0.000135909, Final residual = 1.33254e-05, No Iterations 7
smoothSolver:  Solving for Uy, Initial residual = 0.00300963, Final residual = 0.000245274, No Iterations 7
smoothSolver:  Solving for Uz, Initial residual = 0.00267862, Final residual = 0.000213468, No Iterations 7
GAMG:  Solving for p, Initial residual = 0.00146819, Final residual = 6.67552e-06, No Iterations 4
time step continuity errors : sum local = 1.27612e-05, global = -5.6702e-07, cumulative = 0.000179142
smoothSolver:  Solving for omega, Initial residual = 2.43418e-05, Final residual = 1.40832e-06, No Iterations 3
smoothSolver:  Solving for k, Initial residual = 0.000281773, Final residual = 2.22628e-05, No Iterations 3
ExecutionTime = 73.24 s  ClockTime = 75 s

forceCoeffs forceCoeffs1 write:
    Cm    = 0.157979
    Cd    = 0.41475
    Cl    = 0.0668607
    Cl(f) = 0.191409
    Cl(r) = -0.124549

Time = 163

smoothSolver:  Solving for Ux, Initial residual = 0.000135882, Final residual = 1.31707e-05, No Iterations 7
smoothSolver:  Solving for Uy, Initial residual = 0.00300438, Final residual = 0.000242844, No Iterations 7
smoothSolver:  Solving for Uz, Initial residual = 0.00267015, Final residual = 0.000211491, No Iterations 7
GAMG:  Solving for p, Initial residual = 0.00147871, Final residual = 6.55518e-06, No Iterations 4
time step continuity errors : sum local = 1.25212e-05, global = -5.62442e-07, cumulative = 0.000178579
smoothSolver:  Solving for omega, Initial residual = 2.44161e-05, Final residual = 1.40896e-06, No Iterations 3
smoothSolver:  Solving for k, Initial residual = 0.00028101, Final residual = 2.23698e-05, No Iterations 3
ExecutionTime = 73.77 s  ClockTime = 75 s

forceCoeffs forceCoeffs1 write:
    Cm    = 0.157948
    Cd    = 0.414614
    Cl    = 0.0670107
    Cl(f) = 0.191454
    Cl(r) = -0.124443

Time = 164

smoothSolver:  Solving for Ux, Initial residual = 0.000135854, Final residual = 1.29773e-05, No Iterations 7
smoothSolver:  Solving for Uy, Initial residual = 0.00298974, Final residual = 0.000237389, No Iterations 7
smoothSolver:  Solving for Uz, Initial residual = 0.00266882, Final residual = 0.000208975, No Iterations 7
GAMG:  Solving for p, Initial residual = 0.00148167, Final residual = 6.33303e-06, No Iterations 4
time step continuity errors : sum local = 1.20868e-05, global = -5.60297e-07, cumulative = 0.000178019
smoothSolver:  Solving for omega, Initial residual = 2.45192e-05, Final residual = 1.41375e-06, No Iterations 3
smoothSolver:  Solving for k, Initial residual = 0.000279389, Final residual = 2.22927e-05, No Iterations 3
ExecutionTime = 74.28 s  ClockTime = 76 s

forceCoeffs forceCoeffs1 write:
    Cm    = 0.157951
    Cd    = 0.414529
    Cl    = 0.0671237
    Cl(f) = 0.191513
    Cl(r) = -0.124389

Time = 165

smoothSolver:  Solving for Ux, Initial residual = 0.00013508, Final residual = 1.27578e-05, No Iterations 7
smoothSolver:  Solving for Uy, Initial residual = 0.00295891, Final residual = 0.000230135, No Iterations 7
smoothSolver:  Solving for Uz, Initial residual = 0.00266096, Final residual = 0.00020533, No Iterations 7
GAMG:  Solving for p, Initial residual = 0.00148967, Final residual = 6.06866e-06, No Iterations 4
time step continuity errors : sum local = 1.15742e-05, global = -5.42806e-07, cumulative = 0.000177476
smoothSolver:  Solving for omega, Initial residual = 2.45355e-05, Final residual = 1.41438e-06, No Iterations 3
smoothSolver:  Solving for k, Initial residual = 0.000276321, Final residual = 2.20657e-05, No Iterations 3
ExecutionTime = 74.8 s  ClockTime = 76 s

forceCoeffs forceCoeffs1 write:
    Cm    = 0.157937
    Cd    = 0.414428
    Cl    = 0.0672415
    Cl(f) = 0.191558
    Cl(r) = -0.124316

Time = 166

smoothSolver:  Solving for Ux, Initial residual = 0.000134538, Final residual = 1.25378e-05, No Iterations 7
smoothSolver:  Solving for Uy, Initial residual = 0.00292754, Final residual = 0.000222526, No Iterations 7
smoothSolver:  Solving for Uz, Initial residual = 0.00266638, Final residual = 0.000202872, No Iterations 7
GAMG:  Solving for p, Initial residual = 0.00148719, Final residual = 5.73594e-06, No Iterations 4
time step continuity errors : sum local = 1.09325e-05, global = -4.92157e-07, cumulative = 0.000176984
smoothSolver:  Solving for omega, Initial residual = 2.42044e-05, Final residual = 1.40644e-06, No Iterations 3
smoothSolver:  Solving for k, Initial residual = 0.000272259, Final residual = 2.17148e-05, No Iterations 3
ExecutionTime = 75.32 s  ClockTime = 77 s

forceCoeffs forceCoeffs1 write:
    Cm    = 0.157932
    Cd    = 0.414359
    Cl    = 0.0673142
    Cl(f) = 0.19159
    Cl(r) = -0.124275

Time = 167

smoothSolver:  Solving for Ux, Initial residual = 0.000133108, Final residual = 1.23117e-05, No Iterations 7
smoothSolver:  Solving for Uy, Initial residual = 0.00288779, Final residual = 0.000215131, No Iterations 7
smoothSolver:  Solving for Uz, Initial residual = 0.00265062, Final residual = 0.000199551, No Iterations 7
GAMG:  Solving for p, Initial residual = 0.00148576, Final residual = 5.47678e-06, No Iterations 4
time step continuity errors : sum local = 1.04337e-05, global = -4.25015e-07, cumulative = 0.000176559
smoothSolver:  Solving for omega, Initial residual = 2.41516e-05, Final residual = 1.40478e-06, No Iterations 3
smoothSolver:  Solving for k, Initial residual = 0.000267009, Final residual = 2.13192e-05, No Iterations 3
ExecutionTime = 75.81 s  ClockTime = 77 s

forceCoeffs forceCoeffs1 write:
    Cm    = 0.15787
    Cd    = 0.414225
    Cl    = 0.0674039
    Cl(f) = 0.191572
    Cl(r) = -0.124168

Time = 168

smoothSolver:  Solving for Ux, Initial residual = 0.000130509, Final residual = 1.19481e-05, No Iterations 7
smoothSolver:  Solving for Uy, Initial residual = 0.0028427, Final residual = 0.000283875, No Iterations 6
smoothSolver:  Solving for Uz, Initial residual = 0.00263592, Final residual = 0.000195398, No Iterations 7
GAMG:  Solving for p, Initial residual = 0.00147821, Final residual = 1.45903e-05, No Iterations 3
time step continuity errors : sum local = 2.77859e-05, global = -4.26495e-07, cumulative = 0.000176133
smoothSolver:  Solving for omega, Initial residual = 2.37015e-05, Final residual = 1.38494e-06, No Iterations 3
smoothSolver:  Solving for k, Initial residual = 0.000260391, Final residual = 2.08591e-05, No Iterations 3
ExecutionTime = 76.33 s  ClockTime = 78 s

forceCoeffs forceCoeffs1 write:
    Cm    = 0.15783
    Cd    = 0.414111
    Cl    = 0.0674693
    Cl(f) = 0.191564
    Cl(r) = -0.124095

Time = 169

smoothSolver:  Solving for Ux, Initial residual = 0.000126864, Final residual = 1.15884e-05, No Iterations 7
smoothSolver:  Solving for Uy, Initial residual = 0.00277128, Final residual = 0.000272729, No Iterations 6
smoothSolver:  Solving for Uz, Initial residual = 0.0025818, Final residual = 0.000254215, No Iterations 6
GAMG:  Solving for p, Initial residual = 0.00146355, Final residual = 5.57082e-06, No Iterations 4
time step continuity errors : sum local = 1.06076e-05, global = -2.36056e-07, cumulative = 0.000175896
smoothSolver:  Solving for omega, Initial residual = 2.34062e-05, Final residual = 1.35884e-06, No Iterations 3
smoothSolver:  Solving for k, Initial residual = 0.000252503, Final residual = 2.03063e-05, No Iterations 3
ExecutionTime = 76.79 s  ClockTime = 78 s

forceCoeffs forceCoeffs1 write:
    Cm    = 0.157724
    Cd    = 0.413954
    Cl    = 0.0675673
    Cl(f) = 0.191508
    Cl(r) = -0.12394

Time = 170

smoothSolver:  Solving for Ux, Initial residual = 0.000124608, Final residual = 1.13315e-05, No Iterations 7
smoothSolver:  Solving for Uy, Initial residual = 0.00275564, Final residual = 0.000270087, No Iterations 6
smoothSolver:  Solving for Uz, Initial residual = 0.0025797, Final residual = 0.000251866, No Iterations 6
GAMG:  Solving for p, Initial residual = 0.00144381, Final residual = 1.40148e-05, No Iterations 3
time step continuity errors : sum local = 2.6683e-05, global = -7.21661e-08, cumulative = 0.000175824
smoothSolver:  Solving for omega, Initial residual = 2.27615e-05, Final residual = 1.32963e-06, No Iterations 3
smoothSolver:  Solving for k, Initial residual = 0.000243895, Final residual = 1.97098e-05, No Iterations 3
ExecutionTime = 77.11 s  ClockTime = 79 s

forceCoeffs forceCoeffs1 write:
    Cm    = 0.157654
    Cd    = 0.413822
    Cl    = 0.0676288
    Cl(f) = 0.191468
    Cl(r) = -0.12384

Time = 171

smoothSolver:  Solving for Ux, Initial residual = 0.000121151, Final residual = 1.09823e-05, No Iterations 7
smoothSolver:  Solving for Uy, Initial residual = 0.00268143, Final residual = 0.000257512, No Iterations 6
smoothSolver:  Solving for Uz, Initial residual = 0.002509, Final residual = 0.000241856, No Iterations 6
GAMG:  Solving for p, Initial residual = 0.00142825, Final residual = 5.45321e-06, No Iterations 4
time step continuity errors : sum local = 1.03826e-05, global = 8.80085e-08, cumulative = 0.000175912
smoothSolver:  Solving for omega, Initial residual = 2.22589e-05, Final residual = 1.3127e-06, No Iterations 3
smoothSolver:  Solving for k, Initial residual = 0.000235342, Final residual = 1.90832e-05, No Iterations 3
ExecutionTime = 77.44 s  ClockTime = 79 s

forceCoeffs forceCoeffs1 write:
    Cm    = 0.157534
    Cd    = 0.41365
    Cl    = 0.0677355
    Cl(f) = 0.191402
    Cl(r) = -0.123666

Time = 172

smoothSolver:  Solving for Ux, Initial residual = 0.00011868, Final residual = 1.066e-05, No Iterations 7
smoothSolver:  Solving for Uy, Initial residual = 0.00266082, Final residual = 0.000254127, No Iterations 6
smoothSolver:  Solving for Uz, Initial residual = 0.00248253, Final residual = 0.000237874, No Iterations 6
GAMG:  Solving for p, Initial residual = 0.00141138, Final residual = 1.39075e-05, No Iterations 3
time step continuity errors : sum local = 2.64859e-05, global = 2.80614e-07, cumulative = 0.000176193
smoothSolver:  Solving for omega, Initial residual = 2.19307e-05, Final residual = 1.2842e-06, No Iterations 3
smoothSolver:  Solving for k, Initial residual = 0.000226316, Final residual = 1.8423e-05, No Iterations 3
ExecutionTime = 77.75 s  ClockTime = 79 s

forceCoeffs forceCoeffs1 write:
    Cm    = 0.157473
    Cd    = 0.413544
    Cl    = 0.0678041
    Cl(f) = 0.191375
    Cl(r) = -0.123571

Time = 173

smoothSolver:  Solving for Ux, Initial residual = 0.000115362, Final residual = 1.02555e-05, No Iterations 7
smoothSolver:  Solving for Uy, Initial residual = 0.00257821, Final residual = 0.000241045, No Iterations 6
smoothSolver:  Solving for Uz, Initial residual = 0.00240706, Final residual = 0.000226658, No Iterations 6
GAMG:  Solving for p, Initial residual = 0.0013969, Final residual = 5.49328e-06, No Iterations 4
time step continuity errors : sum local = 1.04634e-05, global = 2.23622e-07, cumulative = 0.000176417
smoothSolver:  Solving for omega, Initial residual = 2.16617e-05, Final residual = 1.25268e-06, No Iterations 3
smoothSolver:  Solving for k, Initial residual = 0.000217498, Final residual = 1.77429e-05, No Iterations 3
ExecutionTime = 78.1 s  ClockTime = 80 s

forceCoeffs forceCoeffs1 write:
    Cm    = 0.157395
    Cd    = 0.413417
    Cl    = 0.0678942
    Cl(f) = 0.191342
    Cl(r) = -0.123448

Time = 174

smoothSolver:  Solving for Ux, Initial residual = 0.000113389, Final residual = 9.98902e-06, No Iterations 7
smoothSolver:  Solving for Uy, Initial residual = 0.00255769, Final residual = 0.000237316, No Iterations 6
smoothSolver:  Solving for Uz, Initial residual = 0.0023865, Final residual = 0.000222284, No Iterations 6
GAMG:  Solving for p, Initial residual = 0.00137786, Final residual = 1.36183e-05, No Iterations 3
time step continuity errors : sum local = 2.59517e-05, global = 3.82905e-07, cumulative = 0.000176799
smoothSolver:  Solving for omega, Initial residual = 2.10781e-05, Final residual = 1.22216e-06, No Iterations 3
smoothSolver:  Solving for k, Initial residual = 0.000208766, Final residual = 1.70268e-05, No Iterations 3
ExecutionTime = 78.52 s  ClockTime = 80 s

forceCoeffs forceCoeffs1 write:
    Cm    = 0.15738
    Cd    = 0.413383
    Cl    = 0.0679456
    Cl(f) = 0.191353
    Cl(r) = -0.123407

Time = 175

smoothSolver:  Solving for Ux, Initial residual = 0.000110579, Final residual = 9.67937e-06, No Iterations 7
smoothSolver:  Solving for Uy, Initial residual = 0.00246719, Final residual = 0.000224356, No Iterations 6
smoothSolver:  Solving for Uz, Initial residual = 0.00230955, Final residual = 0.000211601, No Iterations 6
GAMG:  Solving for p, Initial residual = 0.00136348, Final residual = 5.31349e-06, No Iterations 4
time step continuity errors : sum local = 1.01278e-05, global = 2.46332e-07, cumulative = 0.000177046
smoothSolver:  Solving for omega, Initial residual = 2.0718e-05, Final residual = 1.20035e-06, No Iterations 3
smoothSolver:  Solving for k, Initial residual = 0.000200389, Final residual = 1.6285e-05, No Iterations 3
ExecutionTime = 79.04 s  ClockTime = 81 s

forceCoeffs forceCoeffs1 write:
    Cm    = 0.157338
    Cd    = 0.4133
    Cl    = 0.0680052
    Cl(f) = 0.191341
    Cl(r) = -0.123336

Time = 176

smoothSolver:  Solving for Ux, Initial residual = 0.000109004, Final residual = 9.43617e-06, No Iterations 7
smoothSolver:  Solving for Uy, Initial residual = 0.00244675, Final residual = 0.000222232, No Iterations 6
smoothSolver:  Solving for Uz, Initial residual = 0.0022848, Final residual = 0.000207899, No Iterations 6
GAMG:  Solving for p, Initial residual = 0.0013511, Final residual = 1.32398e-05, No Iterations 3
time step continuity errors : sum local = 2.52496e-05, global = 3.81413e-07, cumulative = 0.000177427
smoothSolver:  Solving for omega, Initial residual = 2.0321e-05, Final residual = 1.17387e-06, No Iterations 3
smoothSolver:  Solving for k, Initial residual = 0.000191917, Final residual = 1.5568e-05, No Iterations 3
ExecutionTime = 79.53 s  ClockTime = 81 s

forceCoeffs forceCoeffs1 write:
    Cm    = 0.157353
    Cd    = 0.413297
    Cl    = 0.0680386
    Cl(f) = 0.191372
    Cl(r) = -0.123333

Time = 177

smoothSolver:  Solving for Ux, Initial residual = 0.000106525, Final residual = 9.17378e-06, No Iterations 7
smoothSolver:  Solving for Uy, Initial residual = 0.00238067, Final residual = 0.000213717, No Iterations 6
smoothSolver:  Solving for Uz, Initial residual = 0.00223426, Final residual = 0.000200693, No Iterations 6
GAMG:  Solving for p, Initial residual = 0.00133542, Final residual = 5.09862e-06, No Iterations 4
time step continuity errors : sum local = 9.72559e-06, global = 2.60438e-07, cumulative = 0.000177688
smoothSolver:  Solving for omega, Initial residual = 1.99653e-05, Final residual = 1.14315e-06, No Iterations 3
smoothSolver:  Solving for k, Initial residual = 0.000184386, Final residual = 1.48651e-05, No Iterations 3
ExecutionTime = 80.04 s  ClockTime = 82 s

forceCoeffs forceCoeffs1 write:
    Cm    = 0.157334
    Cd    = 0.413246
    Cl    = 0.0680289
    Cl(f) = 0.191349
    Cl(r) = -0.12332

Time = 178

smoothSolver:  Solving for Ux, Initial residual = 0.000105532, Final residual = 9.08323e-06, No Iterations 7
smoothSolver:  Solving for Uy, Initial residual = 0.00237113, Final residual = 0.000214471, No Iterations 6
smoothSolver:  Solving for Uz, Initial residual = 0.00222799, Final residual = 0.000199235, No Iterations 6
GAMG:  Solving for p, Initial residual = 0.00131931, Final residual = 1.27979e-05, No Iterations 3
time step continuity errors : sum local = 2.4426e-05, global = 3.70093e-07, cumulative = 0.000178058
smoothSolver:  Solving for omega, Initial residual = 1.95973e-05, Final residual = 1.1121e-06, No Iterations 3
smoothSolver:  Solving for k, Initial residual = 0.000177325, Final residual = 1.42069e-05, No Iterations 3
ExecutionTime = 80.55 s  ClockTime = 82 s

forceCoeffs forceCoeffs1 write:
    Cm    = 0.157352
    Cd    = 0.41325
    Cl    = 0.0679937
    Cl(f) = 0.191349
    Cl(r) = -0.123355

Time = 179

smoothSolver:  Solving for Ux, Initial residual = 0.000103817, Final residual = 8.92305e-06, No Iterations 7
smoothSolver:  Solving for Uy, Initial residual = 0.00231307, Final residual = 0.000207425, No Iterations 6
smoothSolver:  Solving for Uz, Initial residual = 0.0021735, Final residual = 0.000192864, No Iterations 6
GAMG:  Solving for p, Initial residual = 0.00130356, Final residual = 1.2997e-05, No Iterations 3
time step continuity errors : sum local = 2.48112e-05, global = 3.48098e-07, cumulative = 0.000178406
smoothSolver:  Solving for omega, Initial residual = 1.93569e-05, Final residual = 1.08457e-06, No Iterations 3
smoothSolver:  Solving for k, Initial residual = 0.0001705, Final residual = 1.36047e-05, No Iterations 3
ExecutionTime = 81.03 s  ClockTime = 83 s

forceCoeffs forceCoeffs1 write:
    Cm    = 0.157355
    Cd    = 0.413243
    Cl    = 0.067956
    Cl(f) = 0.191333
    Cl(r) = -0.123377

Time = 180

smoothSolver:  Solving for Ux, Initial residual = 0.000102484, Final residual = 8.73745e-06, No Iterations 7
smoothSolver:  Solving for Uy, Initial residual = 0.00227768, Final residual = 0.000205095, No Iterations 6
smoothSolver:  Solving for Uz, Initial residual = 0.0021413, Final residual = 0.000189576, No Iterations 6
GAMG:  Solving for p, Initial residual = 0.00128898, Final residual = 1.2799e-05, No Iterations 3
time step continuity errors : sum local = 2.44401e-05, global = 3.46076e-07, cumulative = 0.000178752
smoothSolver:  Solving for omega, Initial residual = 1.88983e-05, Final residual = 1.06348e-06, No Iterations 3
smoothSolver:  Solving for k, Initial residual = 0.000164488, Final residual = 1.30882e-05, No Iterations 3
ExecutionTime = 81.54 s  ClockTime = 83 s

forceCoeffs forceCoeffs1 write:
    Cm    = 0.157362
    Cd    = 0.413221
    Cl    = 0.067888
    Cl(f) = 0.191306
    Cl(r) = -0.123418

Time = 181

smoothSolver:  Solving for Ux, Initial residual = 0.00010144, Final residual = 8.57879e-06, No Iterations 7
smoothSolver:  Solving for Uy, Initial residual = 0.00224642, Final residual = 0.000201823, No Iterations 6
smoothSolver:  Solving for Uz, Initial residual = 0.00211779, Final residual = 0.000187763, No Iterations 6
GAMG:  Solving for p, Initial residual = 0.00126827, Final residual = 1.25743e-05, No Iterations 3
time step continuity errors : sum local = 2.402e-05, global = 2.65827e-07, cumulative = 0.000179018
smoothSolver:  Solving for omega, Initial residual = 1.86522e-05, Final residual = 1.04104e-06, No Iterations 3
smoothSolver:  Solving for k, Initial residual = 0.000159418, Final residual = 1.26419e-05, No Iterations 3
ExecutionTime = 82.01 s  ClockTime = 84 s

forceCoeffs forceCoeffs1 write:
    Cm    = 0.15735
    Cd    = 0.413177
    Cl    = 0.0678504
    Cl(f) = 0.191275
    Cl(r) = -0.123424

Time = 182

smoothSolver:  Solving for Ux, Initial residual = 9.96909e-05, Final residual = 8.36056e-06, No Iterations 7
smoothSolver:  Solving for Uy, Initial residual = 0.00220201, Final residual = 0.000198275, No Iterations 6
smoothSolver:  Solving for Uz, Initial residual = 0.0020933, Final residual = 0.000185361, No Iterations 6
GAMG:  Solving for p, Initial residual = 0.00124669, Final residual = 1.2377e-05, No Iterations 3
time step continuity errors : sum local = 2.36513e-05, global = 1.51714e-07, cumulative = 0.000179169
smoothSolver:  Solving for omega, Initial residual = 1.83414e-05, Final residual = 1.0318e-06, No Iterations 3
smoothSolver:  Solving for k, Initial residual = 0.000154757, Final residual = 1.22341e-05, No Iterations 3
ExecutionTime = 82.34 s  ClockTime = 84 s

forceCoeffs forceCoeffs1 write:
    Cm    = 0.157333
    Cd    = 0.413123
    Cl    = 0.0677689
    Cl(f) = 0.191218
    Cl(r) = -0.123449

Time = 183

smoothSolver:  Solving for Ux, Initial residual = 9.7909e-05, Final residual = 8.07882e-06, No Iterations 7
smoothSolver:  Solving for Uy, Initial residual = 0.00215517, Final residual = 0.000194242, No Iterations 6
smoothSolver:  Solving for Uz, Initial residual = 0.00205325, Final residual = 0.000181623, No Iterations 6
GAMG:  Solving for p, Initial residual = 0.00122385, Final residual = 1.22064e-05, No Iterations 3
time step continuity errors : sum local = 2.33321e-05, global = -2.42251e-08, cumulative = 0.000179145
smoothSolver:  Solving for omega, Initial residual = 1.81577e-05, Final residual = 1.00991e-06, No Iterations 3
smoothSolver:  Solving for k, Initial residual = 0.000151233, Final residual = 1.18823e-05, No Iterations 3
ExecutionTime = 82.66 s  ClockTime = 84 s

forceCoeffs forceCoeffs1 write:
    Cm    = 0.1573
    Cd    = 0.413066
    Cl    = 0.0677287
    Cl(f) = 0.191164
    Cl(r) = -0.123435

Time = 184

smoothSolver:  Solving for Ux, Initial residual = 9.58854e-05, Final residual = 7.78845e-06, No Iterations 7
smoothSolver:  Solving for Uy, Initial residual = 0.00211378, Final residual = 0.00019097, No Iterations 6
smoothSolver:  Solving for Uz, Initial residual = 0.00201319, Final residual = 0.0001776, No Iterations 6
GAMG:  Solving for p, Initial residual = 0.00120854, Final residual = 1.20571e-05, No Iterations 3
time step continuity errors : sum local = 2.30523e-05, global = -2.18414e-07, cumulative = 0.000178927
smoothSolver:  Solving for omega, Initial residual = 1.80033e-05, Final residual = 9.94986e-07, No Iterations 3
smoothSolver:  Solving for k, Initial residual = 0.000148942, Final residual = 1.15741e-05, No Iterations 3
ExecutionTime = 82.97 s  ClockTime = 85 s

forceCoeffs forceCoeffs1 write:
    Cm    = 0.157265
    Cd    = 0.412998
    Cl    = 0.0676773
    Cl(f) = 0.191104
    Cl(r) = -0.123426

Time = 185

smoothSolver:  Solving for Ux, Initial residual = 9.41369e-05, Final residual = 7.55632e-06, No Iterations 7
smoothSolver:  Solving for Uy, Initial residual = 0.00208559, Final residual = 0.000189251, No Iterations 6
smoothSolver:  Solving for Uz, Initial residual = 0.00199005, Final residual = 0.000174768, No Iterations 6
GAMG:  Solving for p, Initial residual = 0.00119631, Final residual = 4.74531e-06, No Iterations 4
time step continuity errors : sum local = 9.07439e-06, global = -1.58077e-07, cumulative = 0.000178769
smoothSolver:  Solving for omega, Initial residual = 1.79133e-05, Final residual = 9.75525e-07, No Iterations 3
smoothSolver:  Solving for k, Initial residual = 0.000147589, Final residual = 1.13738e-05, No Iterations 3
ExecutionTime = 83.3 s  ClockTime = 85 s

forceCoeffs forceCoeffs1 write:
    Cm    = 0.157199
    Cd    = 0.412892
    Cl    = 0.0676628
    Cl(f) = 0.191031
    Cl(r) = -0.123368

Time = 186

smoothSolver:  Solving for Ux, Initial residual = 9.36296e-05, Final residual = 7.49066e-06, No Iterations 7
smoothSolver:  Solving for Uy, Initial residual = 0.00209232, Final residual = 0.00019239, No Iterations 6
smoothSolver:  Solving for Uz, Initial residual = 0.00200593, Final residual = 0.000177755, No Iterations 6
GAMG:  Solving for p, Initial residual = 0.00118533, Final residual = 1.14603e-05, No Iterations 3
time step continuity errors : sum local = 2.19189e-05, global = -2.65089e-07, cumulative = 0.000178504
smoothSolver:  Solving for omega, Initial residual = 1.78459e-05, Final residual = 9.77532e-07, No Iterations 3
smoothSolver:  Solving for k, Initial residual = 0.000147547, Final residual = 1.12578e-05, No Iterations 3
ExecutionTime = 83.69 s  ClockTime = 85 s

forceCoeffs forceCoeffs1 write:
    Cm    = 0.157174
    Cd    = 0.412876
    Cl    = 0.0676154
    Cl(f) = 0.190982
    Cl(r) = -0.123366

Time = 187

smoothSolver:  Solving for Ux, Initial residual = 9.17326e-05, Final residual = 7.35834e-06, No Iterations 7
smoothSolver:  Solving for Uy, Initial residual = 0.00206212, Final residual = 0.000188486, No Iterations 6
smoothSolver:  Solving for Uz, Initial residual = 0.00196944, Final residual = 0.000173932, No Iterations 6
GAMG:  Solving for p, Initial residual = 0.00117903, Final residual = 4.42563e-06, No Iterations 4
time step continuity errors : sum local = 8.46473e-06, global = -2.84694e-07, cumulative = 0.000178219
smoothSolver:  Solving for omega, Initial residual = 1.77028e-05, Final residual = 9.59178e-07, No Iterations 3
smoothSolver:  Solving for k, Initial residual = 0.000148228, Final residual = 1.12547e-05, No Iterations 3
ExecutionTime = 84.2 s  ClockTime = 86 s

forceCoeffs forceCoeffs1 write:
    Cm    = 0.157148
    Cd    = 0.412845
    Cl    = 0.0676714
    Cl(f) = 0.190983
    Cl(r) = -0.123312

Time = 188

smoothSolver:  Solving for Ux, Initial residual = 9.09956e-05, Final residual = 7.34375e-06, No Iterations 7
smoothSolver:  Solving for Uy, Initial residual = 0.00207432, Final residual = 0.000192347, No Iterations 6
smoothSolver:  Solving for Uz, Initial residual = 0.00198188, Final residual = 0.000177561, No Iterations 6
GAMG:  Solving for p, Initial residual = 0.00117024, Final residual = 1.15193e-05, No Iterations 3
time step continuity errors : sum local = 2.20324e-05, global = -3.15848e-07, cumulative = 0.000177903
smoothSolver:  Solving for omega, Initial residual = 1.74952e-05, Final residual = 9.55367e-07, No Iterations 3
smoothSolver:  Solving for k, Initial residual = 0.000149215, Final residual = 1.12982e-05, No Iterations 3
ExecutionTime = 84.7 s  ClockTime = 86 s

forceCoeffs forceCoeffs1 write:
    Cm    = 0.157135
    Cd    = 0.41285
    Cl    = 0.0676471
    Cl(f) = 0.190958
    Cl(r) = -0.123311

Time = 189

smoothSolver:  Solving for Ux, Initial residual = 8.89155e-05, Final residual = 7.27306e-06, No Iterations 7
smoothSolver:  Solving for Uy, Initial residual = 0.0020486, Final residual = 0.000188989, No Iterations 6
smoothSolver:  Solving for Uz, Initial residual = 0.00194935, Final residual = 0.000175227, No Iterations 6
GAMG:  Solving for p, Initial residual = 0.00116938, Final residual = 4.3983e-06, No Iterations 4
time step continuity errors : sum local = 8.41264e-06, global = -2.33655e-07, cumulative = 0.000177669
smoothSolver:  Solving for omega, Initial residual = 1.75108e-05, Final residual = 9.48335e-07, No Iterations 3
smoothSolver:  Solving for k, Initial residual = 0.000150243, Final residual = 1.14155e-05, No Iterations 3
ExecutionTime = 85.21 s  ClockTime = 87 s

forceCoeffs forceCoeffs1 write:
    Cm    = 0.157118
    Cd    = 0.412857
    Cl    = 0.0676949
    Cl(f) = 0.190965
    Cl(r) = -0.12327

Time = 190

smoothSolver:  Solving for Ux, Initial residual = 8.83895e-05, Final residual = 7.35993e-06, No Iterations 7
smoothSolver:  Solving for Uy, Initial residual = 0.00206334, Final residual = 0.000193937, No Iterations 6
smoothSolver:  Solving for Uz, Initial residual = 0.00197153, Final residual = 0.000180074, No Iterations 6
GAMG:  Solving for p, Initial residual = 0.00116499, Final residual = 4.1649e-06, No Iterations 4
time step continuity errors : sum local = 7.96649e-06, global = -9.81947e-08, cumulative = 0.000177571
smoothSolver:  Solving for omega, Initial residual = 1.7393e-05, Final residual = 9.42272e-07, No Iterations 3
smoothSolver:  Solving for k, Initial residual = 0.000150775, Final residual = 1.15684e-05, No Iterations 3
ExecutionTime = 85.73 s  ClockTime = 87 s

forceCoeffs forceCoeffs1 write:
    Cm    = 0.157096
    Cd    = 0.41285
    Cl    = 0.0676692
    Cl(f) = 0.190931
    Cl(r) = -0.123261

Time = 191

smoothSolver:  Solving for Ux, Initial residual = 8.74738e-05, Final residual = 7.40142e-06, No Iterations 7
smoothSolver:  Solving for Uy, Initial residual = 0.00206088, Final residual = 0.00019447, No Iterations 6
smoothSolver:  Solving for Uz, Initial residual = 0.00195846, Final residual = 0.000180403, No Iterations 6
GAMG:  Solving for p, Initial residual = 0.00116385, Final residual = 4.2369e-06, No Iterations 4
time step continuity errors : sum local = 8.10454e-06, global = 4.02128e-08, cumulative = 0.000177611
smoothSolver:  Solving for omega, Initial residual = 1.7322e-05, Final residual = 9.491e-07, No Iterations 3
smoothSolver:  Solving for k, Initial residual = 0.000151127, Final residual = 1.17355e-05, No Iterations 3
ExecutionTime = 86.23 s  ClockTime = 88 s

forceCoeffs forceCoeffs1 write:
    Cm    = 0.157119
    Cd    = 0.412903
    Cl    = 0.0677513
    Cl(f) = 0.190995
    Cl(r) = -0.123243

Time = 192

smoothSolver:  Solving for Ux, Initial residual = 8.69416e-05, Final residual = 7.45848e-06, No Iterations 7
smoothSolver:  Solving for Uy, Initial residual = 0.00206296, Final residual = 0.000196673, No Iterations 6
smoothSolver:  Solving for Uz, Initial residual = 0.00195592, Final residual = 0.000182027, No Iterations 6
GAMG:  Solving for p, Initial residual = 0.00116069, Final residual = 4.21684e-06, No Iterations 4
time step continuity errors : sum local = 8.06695e-06, global = 1.7825e-07, cumulative = 0.00017779
smoothSolver:  Solving for omega, Initial residual = 1.72644e-05, Final residual = 9.40937e-07, No Iterations 3
smoothSolver:  Solving for k, Initial residual = 0.000151875, Final residual = 1.18794e-05, No Iterations 3
ExecutionTime = 86.76 s  ClockTime = 88 s

forceCoeffs forceCoeffs1 write:
    Cm    = 0.157129
    Cd    = 0.412947
    Cl    = 0.0677435
    Cl(f) = 0.191001
    Cl(r) = -0.123257

Time = 193

smoothSolver:  Solving for Ux, Initial residual = 8.65459e-05, Final residual = 7.55693e-06, No Iterations 7
smoothSolver:  Solving for Uy, Initial residual = 0.00206115, Final residual = 0.000198088, No Iterations 6
smoothSolver:  Solving for Uz, Initial residual = 0.00194721, Final residual = 0.000182695, No Iterations 6
GAMG:  Solving for p, Initial residual = 0.00116205, Final residual = 4.26378e-06, No Iterations 4
time step continuity errors : sum local = 8.15828e-06, global = 2.34764e-07, cumulative = 0.000178024
smoothSolver:  Solving for omega, Initial residual = 1.72058e-05, Final residual = 9.38641e-07, No Iterations 3
smoothSolver:  Solving for k, Initial residual = 0.000152298, Final residual = 1.20167e-05, No Iterations 3
ExecutionTime = 87.25 s  ClockTime = 89 s

forceCoeffs forceCoeffs1 write:
    Cm    = 0.157159
    Cd    = 0.413009
    Cl    = 0.0678785
    Cl(f) = 0.191098
    Cl(r) = -0.12322

Time = 194

smoothSolver:  Solving for Ux, Initial residual = 8.68717e-05, Final residual = 7.68597e-06, No Iterations 7
smoothSolver:  Solving for Uy, Initial residual = 0.00206264, Final residual = 0.000200413, No Iterations 6
smoothSolver:  Solving for Uz, Initial residual = 0.00195619, Final residual = 0.000185016, No Iterations 6
GAMG:  Solving for p, Initial residual = 0.0011584, Final residual = 4.23724e-06, No Iterations 4
time step continuity errors : sum local = 8.10912e-06, global = 2.75706e-07, cumulative = 0.0001783
smoothSolver:  Solving for omega, Initial residual = 1.72984e-05, Final residual = 9.40384e-07, No Iterations 3
smoothSolver:  Solving for k, Initial residual = 0.000152784, Final residual = 1.2111e-05, No Iterations 3
ExecutionTime = 87.58 s  ClockTime = 89 s

forceCoeffs forceCoeffs1 write:
    Cm    = 0.157188
    Cd    = 0.413063
    Cl    = 0.0679099
    Cl(f) = 0.191143
    Cl(r) = -0.123233

Time = 195

smoothSolver:  Solving for Ux, Initial residual = 8.77107e-05, Final residual = 7.81444e-06, No Iterations 7
smoothSolver:  Solving for Uy, Initial residual = 0.0020635, Final residual = 0.000200497, No Iterations 6
smoothSolver:  Solving for Uz, Initial residual = 0.00195768, Final residual = 0.000186454, No Iterations 6
GAMG:  Solving for p, Initial residual = 0.00115959, Final residual = 4.27522e-06, No Iterations 4
time step continuity errors : sum local = 8.18368e-06, global = 2.75389e-07, cumulative = 0.000178576
smoothSolver:  Solving for omega, Initial residual = 1.74114e-05, Final residual = 9.44565e-07, No Iterations 3
smoothSolver:  Solving for k, Initial residual = 0.000153649, Final residual = 1.21961e-05, No Iterations 3
ExecutionTime = 87.9 s  ClockTime = 90 s

forceCoeffs forceCoeffs1 write:
    Cm    = 0.157261
    Cd    = 0.413176
    Cl    = 0.0680796
    Cl(f) = 0.191301
    Cl(r) = -0.123222

Time = 196

smoothSolver:  Solving for Ux, Initial residual = 8.8756e-05, Final residual = 7.91442e-06, No Iterations 7
smoothSolver:  Solving for Uy, Initial residual = 0.00206583, Final residual = 0.000200374, No Iterations 6
smoothSolver:  Solving for Uz, Initial residual = 0.00195887, Final residual = 0.000186709, No Iterations 6
GAMG:  Solving for p, Initial residual = 0.00116157, Final residual = 4.29258e-06, No Iterations 4
time step continuity errors : sum local = 8.21911e-06, global = 2.61815e-07, cumulative = 0.000178837
smoothSolver:  Solving for omega, Initial residual = 1.75539e-05, Final residual = 9.54694e-07, No Iterations 3
smoothSolver:  Solving for k, Initial residual = 0.000154567, Final residual = 1.2282e-05, No Iterations 3
ExecutionTime = 88.23 s  ClockTime = 90 s

forceCoeffs forceCoeffs1 write:
    Cm    = 0.157315
    Cd    = 0.413258
    Cl    = 0.0681014
    Cl(f) = 0.191365
    Cl(r) = -0.123264

Time = 197

smoothSolver:  Solving for Ux, Initial residual = 9.02751e-05, Final residual = 8.09049e-06, No Iterations 7
smoothSolver:  Solving for Uy, Initial residual = 0.00207504, Final residual = 0.000200738, No Iterations 6
smoothSolver:  Solving for Uz, Initial residual = 0.00196636, Final residual = 0.000186165, No Iterations 6
GAMG:  Solving for p, Initial residual = 0.00116796, Final residual = 4.40155e-06, No Iterations 4
time step continuity errors : sum local = 8.43052e-06, global = 2.26184e-07, cumulative = 0.000179064
smoothSolver:  Solving for omega, Initial residual = 1.79339e-05, Final residual = 9.7113e-07, No Iterations 3
smoothSolver:  Solving for k, Initial residual = 0.000156292, Final residual = 1.23685e-05, No Iterations 3
ExecutionTime = 88.56 s  ClockTime = 90 s

forceCoeffs forceCoeffs1 write:
    Cm    = 0.157389
    Cd    = 0.413405
    Cl    = 0.0682216
    Cl(f) = 0.1915
    Cl(r) = -0.123278

Time = 198

smoothSolver:  Solving for Ux, Initial residual = 9.25215e-05, Final residual = 8.29796e-06, No Iterations 7
smoothSolver:  Solving for Uy, Initial residual = 0.00209683, Final residual = 0.000202471, No Iterations 6
smoothSolver:  Solving for Uz, Initial residual = 0.00199506, Final residual = 0.000189005, No Iterations 6
GAMG:  Solving for p, Initial residual = 0.00116809, Final residual = 4.43377e-06, No Iterations 4
time step continuity errors : sum local = 8.4944e-06, global = 2.0022e-07, cumulative = 0.000179264
smoothSolver:  Solving for omega, Initial residual = 1.82176e-05, Final residual = 9.76367e-07, No Iterations 3
smoothSolver:  Solving for k, Initial residual = 0.000158516, Final residual = 1.24387e-05, No Iterations 3
ExecutionTime = 88.96 s  ClockTime = 91 s

forceCoeffs forceCoeffs1 write:
    Cm    = 0.157469
    Cd    = 0.413545
    Cl    = 0.06824
    Cl(f) = 0.191589
    Cl(r) = -0.123349

Time = 199

smoothSolver:  Solving for Ux, Initial residual = 9.46038e-05, Final residual = 8.49921e-06, No Iterations 7
smoothSolver:  Solving for Uy, Initial residual = 0.00211995, Final residual = 0.000204227, No Iterations 6
smoothSolver:  Solving for Uz, Initial residual = 0.0020139, Final residual = 0.000190575, No Iterations 6
GAMG:  Solving for p, Initial residual = 0.00117678, Final residual = 4.57219e-06, No Iterations 4
time step continuity errors : sum local = 8.76154e-06, global = 1.84259e-07, cumulative = 0.000179448
smoothSolver:  Solving for omega, Initial residual = 1.85197e-05, Final residual = 9.96115e-07, No Iterations 3
smoothSolver:  Solving for k, Initial residual = 0.000161206, Final residual = 1.25071e-05, No Iterations 3
ExecutionTime = 89.48 s  ClockTime = 91 s

forceCoeffs forceCoeffs1 write:
    Cm    = 0.157611
    Cd    = 0.413777
    Cl    = 0.0683993
    Cl(f) = 0.19181
    Cl(r) = -0.123411

Time = 200

smoothSolver:  Solving for Ux, Initial residual = 9.67549e-05, Final residual = 8.67307e-06, No Iterations 7
smoothSolver:  Solving for Uy, Initial residual = 0.00215116, Final residual = 0.00020677, No Iterations 6
smoothSolver:  Solving for Uz, Initial residual = 0.00204947, Final residual = 0.000195362, No Iterations 6
GAMG:  Solving for p, Initial residual = 0.00118624, Final residual = 4.66322e-06, No Iterations 4
time step continuity errors : sum local = 8.93709e-06, global = 1.91239e-07, cumulative = 0.000179639
smoothSolver:  Solving for omega, Initial residual = 1.87199e-05, Final residual = 1.00735e-06, No Iterations 3
smoothSolver:  Solving for k, Initial residual = 0.000164293, Final residual = 1.25834e-05, No Iterations 3
ExecutionTime = 90 s  ClockTime = 92 s

streamLine streamLines write:
    seeded 20 particles
    Tracks:20
    Total samples:20061
    Writing data to "/mnt/aiongpfs/users/mghavami/motorBike-RUN-06/postProcessing/sets/streamLines/200"
forceCoeffs forceCoeffs1 write:
    Cm    = 0.15772
    Cd    = 0.413995
    Cl    = 0.0683711
    Cl(f) = 0.191905
    Cl(r) = -0.123534

Time = 201

smoothSolver:  Solving for Ux, Initial residual = 9.95485e-05, Final residual = 8.87842e-06, No Iterations 7
smoothSolver:  Solving for Uy, Initial residual = 0.00220243, Final residual = 0.000210984, No Iterations 6
smoothSolver:  Solving for Uz, Initial residual = 0.00210434, Final residual = 0.000200751, No Iterations 6
GAMG:  Solving for p, Initial residual = 0.00120108, Final residual = 4.85918e-06, No Iterations 4
time step continuity errors : sum local = 9.31392e-06, global = 2.02976e-07, cumulative = 0.000179842
smoothSolver:  Solving for omega, Initial residual = 1.91241e-05, Final residual = 1.02936e-06, No Iterations 3
smoothSolver:  Solving for k, Initial residual = 0.000167641, Final residual = 1.26795e-05, No Iterations 3
ExecutionTime = 90.83 s  ClockTime = 93 s

forceCoeffs forceCoeffs1 write:
    Cm    = 0.157846
    Cd    = 0.414251
    Cl    = 0.0684479
    Cl(f) = 0.19207
    Cl(r) = -0.123622

Time = 202

smoothSolver:  Solving for Ux, Initial residual = 0.000102075, Final residual = 9.11147e-06, No Iterations 7
smoothSolver:  Solving for Uy, Initial residual = 0.00225983, Final residual = 0.000216046, No Iterations 6
smoothSolver:  Solving for Uz, Initial residual = 0.00215999, Final residual = 0.000206732, No Iterations 6
GAMG:  Solving for p, Initial residual = 0.00121481, Final residual = 4.95787e-06, No Iterations 4
time step continuity errors : sum local = 9.50397e-06, global = 2.46215e-07, cumulative = 0.000180088
smoothSolver:  Solving for omega, Initial residual = 1.926e-05, Final residual = 1.04107e-06, No Iterations 3
smoothSolver:  Solving for k, Initial residual = 0.000171308, Final residual = 1.27935e-05, No Iterations 3
ExecutionTime = 91.32 s  ClockTime = 93 s

forceCoeffs forceCoeffs1 write:
    Cm    = 0.157965
    Cd    = 0.414517
    Cl    = 0.068351
    Cl(f) = 0.192141
    Cl(r) = -0.12379

Time = 203

smoothSolver:  Solving for Ux, Initial residual = 0.000104835, Final residual = 9.32773e-06, No Iterations 7
smoothSolver:  Solving for Uy, Initial residual = 0.00233651, Final residual = 0.000223584, No Iterations 6
smoothSolver:  Solving for Uz, Initial residual = 0.00220544, Final residual = 0.000212897, No Iterations 6
GAMG:  Solving for p, Initial residual = 0.0012346, Final residual = 5.22836e-06, No Iterations 4
time step continuity errors : sum local = 1.00236e-05, global = 2.98944e-07, cumulative = 0.000180387
smoothSolver:  Solving for omega, Initial residual = 1.96088e-05, Final residual = 1.06007e-06, No Iterations 3
smoothSolver:  Solving for k, Initial residual = 0.000174979, Final residual = 1.29268e-05, No Iterations 3
ExecutionTime = 91.84 s  ClockTime = 94 s

forceCoeffs forceCoeffs1 write:
    Cm    = 0.158139
    Cd    = 0.414878
    Cl    = 0.0683997
    Cl(f) = 0.192339
    Cl(r) = -0.123939

Time = 204

smoothSolver:  Solving for Ux, Initial residual = 0.00010797, Final residual = 9.54152e-06, No Iterations 7
smoothSolver:  Solving for Uy, Initial residual = 0.00242494, Final residual = 0.000233111, No Iterations 6
smoothSolver:  Solving for Uz, Initial residual = 0.00227384, Final residual = 0.000221568, No Iterations 6
GAMG:  Solving for p, Initial residual = 0.00125816, Final residual = 5.5223e-06, No Iterations 4
time step continuity errors : sum local = 1.0588e-05, global = 3.79533e-07, cumulative = 0.000180767
smoothSolver:  Solving for omega, Initial residual = 1.99449e-05, Final residual = 1.08689e-06, No Iterations 3
smoothSolver:  Solving for k, Initial residual = 0.000178877, Final residual = 1.31226e-05, No Iterations 3
ExecutionTime = 92.32 s  ClockTime = 94 s

forceCoeffs forceCoeffs1 write:
    Cm    = 0.158302
    Cd    = 0.415254
    Cl    = 0.0682743
    Cl(f) = 0.192439
    Cl(r) = -0.124165

Time = 205

smoothSolver:  Solving for Ux, Initial residual = 0.000112029, Final residual = 9.86425e-06, No Iterations 7
smoothSolver:  Solving for Uy, Initial residual = 0.00253229, Final residual = 0.000246142, No Iterations 6
smoothSolver:  Solving for Uz, Initial residual = 0.00235422, Final residual = 0.000232465, No Iterations 6
GAMG:  Solving for p, Initial residual = 0.00128303, Final residual = 5.886e-06, No Iterations 4
time step continuity errors : sum local = 1.12872e-05, global = 4.64787e-07, cumulative = 0.000181232
smoothSolver:  Solving for omega, Initial residual = 2.04399e-05, Final residual = 1.11334e-06, No Iterations 3
smoothSolver:  Solving for k, Initial residual = 0.000183489, Final residual = 1.34324e-05, No Iterations 3
ExecutionTime = 92.64 s  ClockTime = 94 s

forceCoeffs forceCoeffs1 write:
    Cm    = 0.158488
    Cd    = 0.41568
    Cl    = 0.0682608
    Cl(f) = 0.192618
    Cl(r) = -0.124357

Time = 206

smoothSolver:  Solving for Ux, Initial residual = 0.000115873, Final residual = 1.02024e-05, No Iterations 7
smoothSolver:  Solving for Uy, Initial residual = 0.00263871, Final residual = 0.000259913, No Iterations 6
smoothSolver:  Solving for Uz, Initial residual = 0.00243927, Final residual = 0.000179716, No Iterations 7
GAMG:  Solving for p, Initial residual = 0.00130585, Final residual = 6.21411e-06, No Iterations 4
time step continuity errors : sum local = 1.19181e-05, global = 5.65118e-07, cumulative = 0.000181797
smoothSolver:  Solving for omega, Initial residual = 2.07445e-05, Final residual = 1.14245e-06, No Iterations 3
smoothSolver:  Solving for k, Initial residual = 0.000188694, Final residual = 1.3874e-05, No Iterations 3
ExecutionTime = 92.98 s  ClockTime = 95 s

forceCoeffs forceCoeffs1 write:
    Cm    = 0.158652
    Cd    = 0.416088
    Cl    = 0.0680974
    Cl(f) = 0.192701
    Cl(r) = -0.124603

Time = 207

smoothSolver:  Solving for Ux, Initial residual = 0.00011941, Final residual = 1.059e-05, No Iterations 7
smoothSolver:  Solving for Uy, Initial residual = 0.00274073, Final residual = 0.000200887, No Iterations 7
smoothSolver:  Solving for Uz, Initial residual = 0.00250031, Final residual = 0.000187167, No Iterations 7
GAMG:  Solving for p, Initial residual = 0.00132939, Final residual = 6.49003e-06, No Iterations 4
time step continuity errors : sum local = 1.24502e-05, global = 6.48323e-07, cumulative = 0.000182445
smoothSolver:  Solving for omega, Initial residual = 2.12804e-05, Final residual = 1.1836e-06, No Iterations 3
smoothSolver:  Solving for k, Initial residual = 0.000195117, Final residual = 1.44732e-05, No Iterations 3
ExecutionTime = 93.3 s  ClockTime = 95 s

forceCoeffs forceCoeffs1 write:
    Cm    = 0.158818
    Cd    = 0.416527
    Cl    = 0.068015
    Cl(f) = 0.192826
    Cl(r) = -0.124811

Time = 208

smoothSolver:  Solving for Ux, Initial residual = 0.000123235, Final residual = 1.10254e-05, No Iterations 7
smoothSolver:  Solving for Uy, Initial residual = 0.00282469, Final residual = 0.000210436, No Iterations 7
smoothSolver:  Solving for Uz, Initial residual = 0.00255791, Final residual = 0.000193805, No Iterations 7
GAMG:  Solving for p, Initial residual = 0.001353, Final residual = 6.52149e-06, No Iterations 4
time step continuity errors : sum local = 1.25144e-05, global = 7.06827e-07, cumulative = 0.000183152
smoothSolver:  Solving for omega, Initial residual = 2.18928e-05, Final residual = 1.22694e-06, No Iterations 3
smoothSolver:  Solving for k, Initial residual = 0.000203474, Final residual = 1.5197e-05, No Iterations 3
ExecutionTime = 93.64 s  ClockTime = 95 s

forceCoeffs forceCoeffs1 write:
    Cm    = 0.158914
    Cd    = 0.416856
    Cl    = 0.0677679
    Cl(f) = 0.192798
    Cl(r) = -0.12503

Time = 209

smoothSolver:  Solving for Ux, Initial residual = 0.000127652, Final residual = 1.14662e-05, No Iterations 7
smoothSolver:  Solving for Uy, Initial residual = 0.0029006, Final residual = 0.000219702, No Iterations 7
smoothSolver:  Solving for Uz, Initial residual = 0.00261373, Final residual = 0.000199715, No Iterations 7
GAMG:  Solving for p, Initial residual = 0.00137556, Final residual = 6.64514e-06, No Iterations 4
time step continuity errors : sum local = 1.27568e-05, global = 7.28251e-07, cumulative = 0.00018388
smoothSolver:  Solving for omega, Initial residual = 2.25905e-05, Final residual = 1.26945e-06, No Iterations 3
smoothSolver:  Solving for k, Initial residual = 0.000213685, Final residual = 1.59846e-05, No Iterations 3
ExecutionTime = 94.08 s  ClockTime = 96 s

forceCoeffs forceCoeffs1 write:
    Cm    = 0.158977
    Cd    = 0.41711
    Cl    = 0.0676392
    Cl(f) = 0.192796
    Cl(r) = -0.125157

Time = 210

smoothSolver:  Solving for Ux, Initial residual = 0.000131626, Final residual = 1.1815e-05, No Iterations 7
smoothSolver:  Solving for Uy, Initial residual = 0.00296465, Final residual = 0.000225358, No Iterations 7
smoothSolver:  Solving for Uz, Initial residual = 0.00267253, Final residual = 0.000202924, No Iterations 7
GAMG:  Solving for p, Initial residual = 0.00139304, Final residual = 6.63828e-06, No Iterations 4
time step continuity errors : sum local = 1.27485e-05, global = 7.55945e-07, cumulative = 0.000184636
smoothSolver:  Solving for omega, Initial residual = 2.30492e-05, Final residual = 1.30121e-06, No Iterations 3
smoothSolver:  Solving for k, Initial residual = 0.000226251, Final residual = 1.68717e-05, No Iterations 3
ExecutionTime = 94.62 s  ClockTime = 96 s

forceCoeffs forceCoeffs1 write:
    Cm    = 0.15896
    Cd    = 0.417182
    Cl    = 0.0673949
    Cl(f) = 0.192657
    Cl(r) = -0.125263

Time = 211

smoothSolver:  Solving for Ux, Initial residual = 0.000135518, Final residual = 1.2112e-05, No Iterations 7
smoothSolver:  Solving for Uy, Initial residual = 0.00301395, Final residual = 0.000228162, No Iterations 7
smoothSolver:  Solving for Uz, Initial residual = 0.00270568, Final residual = 0.000201821, No Iterations 7
GAMG:  Solving for p, Initial residual = 0.00140911, Final residual = 6.54663e-06, No Iterations 4
time step continuity errors : sum local = 1.25772e-05, global = 7.52233e-07, cumulative = 0.000185388
smoothSolver:  Solving for omega, Initial residual = 2.35458e-05, Final residual = 1.33279e-06, No Iterations 3
smoothSolver:  Solving for k, Initial residual = 0.000240826, Final residual = 1.77268e-05, No Iterations 3
ExecutionTime = 95.13 s  ClockTime = 97 s

forceCoeffs forceCoeffs1 write:
    Cm    = 0.158893
    Cd    = 0.417132
    Cl    = 0.067282
    Cl(f) = 0.192534
    Cl(r) = -0.125252

Time = 212

smoothSolver:  Solving for Ux, Initial residual = 0.000138638, Final residual = 1.24124e-05, No Iterations 7
smoothSolver:  Solving for Uy, Initial residual = 0.00305468, Final residual = 0.000227559, No Iterations 7
smoothSolver:  Solving for Uz, Initial residual = 0.00274887, Final residual = 0.000272103, No Iterations 6
GAMG:  Solving for p, Initial residual = 0.00142217, Final residual = 6.24678e-06, No Iterations 4
time step continuity errors : sum local = 1.20047e-05, global = 6.76777e-07, cumulative = 0.000186065
smoothSolver:  Solving for omega, Initial residual = 2.39546e-05, Final residual = 1.35553e-06, No Iterations 3
smoothSolver:  Solving for k, Initial residual = 0.000255626, Final residual = 1.84768e-05, No Iterations 3
ExecutionTime = 95.64 s  ClockTime = 98 s

forceCoeffs forceCoeffs1 write:
    Cm    = 0.158742
    Cd    = 0.416903
    Cl    = 0.067049
    Cl(f) = 0.192266
    Cl(r) = -0.125217

Time = 213

smoothSolver:  Solving for Ux, Initial residual = 0.000141479, Final residual = 1.28662e-05, No Iterations 7
smoothSolver:  Solving for Uy, Initial residual = 0.00309763, Final residual = 0.000229583, No Iterations 7
smoothSolver:  Solving for Uz, Initial residual = 0.00280112, Final residual = 0.000276723, No Iterations 6
GAMG:  Solving for p, Initial residual = 0.00143471, Final residual = 6.13744e-06, No Iterations 4
time step continuity errors : sum local = 1.17984e-05, global = 4.12638e-07, cumulative = 0.000186478
smoothSolver:  Solving for omega, Initial residual = 2.42655e-05, Final residual = 1.36636e-06, No Iterations 3
smoothSolver:  Solving for k, Initial residual = 0.000269785, Final residual = 1.90898e-05, No Iterations 3
ExecutionTime = 96.17 s  ClockTime = 98 s

forceCoeffs forceCoeffs1 write:
    Cm    = 0.158545
    Cd    = 0.416575
    Cl    = 0.0669315
    Cl(f) = 0.19201
    Cl(r) = -0.125079

Time = 214

smoothSolver:  Solving for Ux, Initial residual = 0.000145424, Final residual = 1.35765e-05, No Iterations 7
smoothSolver:  Solving for Uy, Initial residual = 0.00315113, Final residual = 0.000238073, No Iterations 7
smoothSolver:  Solving for Uz, Initial residual = 0.00288858, Final residual = 0.000216416, No Iterations 7
GAMG:  Solving for p, Initial residual = 0.00144692, Final residual = 6.32426e-06, No Iterations 4
time step continuity errors : sum local = 1.21598e-05, global = 2.29204e-08, cumulative = 0.000186501
smoothSolver:  Solving for omega, Initial residual = 2.4666e-05, Final residual = 1.3865e-06, No Iterations 3
smoothSolver:  Solving for k, Initial residual = 0.000283336, Final residual = 1.97129e-05, No Iterations 3
ExecutionTime = 96.66 s  ClockTime = 99 s

forceCoeffs forceCoeffs1 write:
    Cm    = 0.158291
    Cd    = 0.416094
    Cl    = 0.0667566
    Cl(f) = 0.191669
    Cl(r) = -0.124913

Time = 215

smoothSolver:  Solving for Ux, Initial residual = 0.00015017, Final residual = 1.43892e-05, No Iterations 7
smoothSolver:  Solving for Uy, Initial residual = 0.00325406, Final residual = 0.000257665, No Iterations 7
smoothSolver:  Solving for Uz, Initial residual = 0.00297214, Final residual = 0.000233589, No Iterations 7
GAMG:  Solving for p, Initial residual = 0.00146319, Final residual = 6.63021e-06, No Iterations 4
time step continuity errors : sum local = 1.27484e-05, global = -3.3951e-07, cumulative = 0.000186161
smoothSolver:  Solving for omega, Initial residual = 2.53634e-05, Final residual = 1.43632e-06, No Iterations 3
smoothSolver:  Solving for k, Initial residual = 0.000297678, Final residual = 2.0567e-05, No Iterations 3
ExecutionTime = 97.18 s  ClockTime = 99 s

forceCoeffs forceCoeffs1 write:
    Cm    = 0.15807
    Cd    = 0.4156
    Cl    = 0.0667694
    Cl(f) = 0.191455
    Cl(r) = -0.124685

Time = 216

smoothSolver:  Solving for Ux, Initial residual = 0.000155492, Final residual = 1.5246e-05, No Iterations 7
smoothSolver:  Solving for Uy, Initial residual = 0.0033981, Final residual = 0.000280768, No Iterations 7
smoothSolver:  Solving for Uz, Initial residual = 0.00307919, Final residual = 0.000254484, No Iterations 7
GAMG:  Solving for p, Initial residual = 0.00148797, Final residual = 7.12273e-06, No Iterations 4
time step continuity errors : sum local = 1.36925e-05, global = -4.98473e-07, cumulative = 0.000185663
smoothSolver:  Solving for omega, Initial residual = 2.59731e-05, Final residual = 1.51056e-06, No Iterations 3
smoothSolver:  Solving for k, Initial residual = 0.000313514, Final residual = 2.18113e-05, No Iterations 3
ExecutionTime = 97.62 s  ClockTime = 100 s

forceCoeffs forceCoeffs1 write:
    Cm    = 0.157855
    Cd    = 0.415068
    Cl    = 0.0667049
    Cl(f) = 0.191207
    Cl(r) = -0.124503

Time = 217

smoothSolver:  Solving for Ux, Initial residual = 0.00016073, Final residual = 1.21031e-05, No Iterations 8
smoothSolver:  Solving for Uy, Initial residual = 0.00355979, Final residual = 0.000302637, No Iterations 7
smoothSolver:  Solving for Uz, Initial residual = 0.00319379, Final residual = 0.000273172, No Iterations 7
GAMG:  Solving for p, Initial residual = 0.00151429, Final residual = 7.65001e-06, No Iterations 4
time step continuity errors : sum local = 1.47006e-05, global = -6.04396e-07, cumulative = 0.000185058
smoothSolver:  Solving for omega, Initial residual = 2.66238e-05, Final residual = 1.59251e-06, No Iterations 3
smoothSolver:  Solving for k, Initial residual = 0.000331611, Final residual = 2.35156e-05, No Iterations 3
ExecutionTime = 97.95 s  ClockTime = 100 s

forceCoeffs forceCoeffs1 write:
    Cm    = 0.157689
    Cd    = 0.414587
    Cl    = 0.0667744
    Cl(f) = 0.191077
    Cl(r) = -0.124302

Time = 218

smoothSolver:  Solving for Ux, Initial residual = 0.000164938, Final residual = 1.25706e-05, No Iterations 8
smoothSolver:  Solving for Uy, Initial residual = 0.00370853, Final residual = 0.000319994, No Iterations 7
smoothSolver:  Solving for Uz, Initial residual = 0.00329247, Final residual = 0.000287609, No Iterations 7
GAMG:  Solving for p, Initial residual = 0.00153056, Final residual = 8.08029e-06, No Iterations 4
time step continuity errors : sum local = 1.55178e-05, global = -6.7636e-07, cumulative = 0.000184382
smoothSolver:  Solving for omega, Initial residual = 2.71065e-05, Final residual = 1.6498e-06, No Iterations 3
smoothSolver:  Solving for k, Initial residual = 0.000348982, Final residual = 2.53595e-05, No Iterations 3
ExecutionTime = 98.28 s  ClockTime = 100 s

forceCoeffs forceCoeffs1 write:
    Cm    = 0.15759
    Cd    = 0.414197
    Cl    = 0.0667383
    Cl(f) = 0.190959
    Cl(r) = -0.124221

Time = 219

smoothSolver:  Solving for Ux, Initial residual = 0.00016752, Final residual = 1.27486e-05, No Iterations 8
smoothSolver:  Solving for Uy, Initial residual = 0.0037756, Final residual = 0.000328968, No Iterations 7
smoothSolver:  Solving for Uz, Initial residual = 0.00332209, Final residual = 0.000292706, No Iterations 7
GAMG:  Solving for p, Initial residual = 0.00153594, Final residual = 8.39657e-06, No Iterations 4
time step continuity errors : sum local = 1.61133e-05, global = -7.4884e-07, cumulative = 0.000183633
smoothSolver:  Solving for omega, Initial residual = 2.75757e-05, Final residual = 1.68032e-06, No Iterations 3
smoothSolver:  Solving for k, Initial residual = 0.000361434, Final residual = 2.67804e-05, No Iterations 3
ExecutionTime = 98.61 s  ClockTime = 101 s

forceCoeffs forceCoeffs1 write:
    Cm    = 0.157595
    Cd    = 0.413983
    Cl    = 0.0667987
    Cl(f) = 0.190995
    Cl(r) = -0.124196

Time = 220

smoothSolver:  Solving for Ux, Initial residual = 0.000168791, Final residual = 1.27759e-05, No Iterations 8
smoothSolver:  Solving for Uy, Initial residual = 0.00376148, Final residual = 0.000327469, No Iterations 7
smoothSolver:  Solving for Uz, Initial residual = 0.00330813, Final residual = 0.000290958, No Iterations 7
GAMG:  Solving for p, Initial residual = 0.00152275, Final residual = 8.55577e-06, No Iterations 4
time step continuity errors : sum local = 1.64054e-05, global = -8.13864e-07, cumulative = 0.000182819
smoothSolver:  Solving for omega, Initial residual = 2.76363e-05, Final residual = 1.6748e-06, No Iterations 3
smoothSolver:  Solving for k, Initial residual = 0.00036897, Final residual = 2.76813e-05, No Iterations 3
ExecutionTime = 98.98 s  ClockTime = 101 s

forceCoeffs forceCoeffs1 write:
    Cm    = 0.157637
    Cd    = 0.413851
    Cl    = 0.0667577
    Cl(f) = 0.191016
    Cl(r) = -0.124258

Time = 221

smoothSolver:  Solving for Ux, Initial residual = 0.000169553, Final residual = 1.27608e-05, No Iterations 8
smoothSolver:  Solving for Uy, Initial residual = 0.00370044, Final residual = 0.00031942, No Iterations 7
smoothSolver:  Solving for Uz, Initial residual = 0.00327251, Final residual = 0.000284116, No Iterations 7
GAMG:  Solving for p, Initial residual = 0.0015067, Final residual = 8.49343e-06, No Iterations 4
time step continuity errors : sum local = 1.62726e-05, global = -8.8542e-07, cumulative = 0.000181934
smoothSolver:  Solving for omega, Initial residual = 2.77608e-05, Final residual = 1.66213e-06, No Iterations 3
smoothSolver:  Solving for k, Initial residual = 0.000372615, Final residual = 2.78706e-05, No Iterations 3
ExecutionTime = 99.43 s  ClockTime = 101 s

forceCoeffs forceCoeffs1 write:
    Cm    = 0.157747
    Cd    = 0.413857
    Cl    = 0.0668327
    Cl(f) = 0.191163
    Cl(r) = -0.12433

Time = 222

smoothSolver:  Solving for Ux, Initial residual = 0.000169562, Final residual = 1.288e-05, No Iterations 8
smoothSolver:  Solving for Uy, Initial residual = 0.00363022, Final residual = 0.000310831, No Iterations 7
smoothSolver:  Solving for Uz, Initial residual = 0.00324916, Final residual = 0.000279651, No Iterations 7
GAMG:  Solving for p, Initial residual = 0.00148609, Final residual = 7.85768e-06, No Iterations 4
time step continuity errors : sum local = 1.50413e-05, global = -8.32817e-07, cumulative = 0.000181101
smoothSolver:  Solving for omega, Initial residual = 2.75301e-05, Final residual = 1.63524e-06, No Iterations 3
smoothSolver:  Solving for k, Initial residual = 0.000372476, Final residual = 2.75225e-05, No Iterations 3
ExecutionTime = 99.94 s  ClockTime = 102 s

forceCoeffs forceCoeffs1 write:
    Cm    = 0.157868
    Cd    = 0.413944
    Cl    = 0.0668653
    Cl(f) = 0.1913
    Cl(r) = -0.124435

Time = 223

smoothSolver:  Solving for Ux, Initial residual = 0.000168833, Final residual = 1.30885e-05, No Iterations 8
smoothSolver:  Solving for Uy, Initial residual = 0.00357563, Final residual = 0.00030737, No Iterations 7
smoothSolver:  Solving for Uz, Initial residual = 0.00321748, Final residual = 0.000278545, No Iterations 7
GAMG:  Solving for p, Initial residual = 0.00147343, Final residual = 7.26157e-06, No Iterations 4
time step continuity errors : sum local = 1.38881e-05, global = -6.92048e-07, cumulative = 0.000180409
smoothSolver:  Solving for omega, Initial residual = 2.72043e-05, Final residual = 1.61255e-06, No Iterations 3
smoothSolver:  Solving for k, Initial residual = 0.000371751, Final residual = 2.70362e-05, No Iterations 3
ExecutionTime = 100.48 s  ClockTime = 102 s

forceCoeffs forceCoeffs1 write:
    Cm    = 0.158041
    Cd    = 0.414194
    Cl    = 0.0670459
    Cl(f) = 0.191564
    Cl(r) = -0.124518

Time = 224

smoothSolver:  Solving for Ux, Initial residual = 0.000169008, Final residual = 1.33963e-05, No Iterations 8
smoothSolver:  Solving for Uy, Initial residual = 0.00355266, Final residual = 0.000311358, No Iterations 7
smoothSolver:  Solving for Uz, Initial residual = 0.00322429, Final residual = 0.000284569, No Iterations 7
GAMG:  Solving for p, Initial residual = 0.00145867, Final residual = 6.94223e-06, No Iterations 4
time step continuity errors : sum local = 1.32667e-05, global = -5.01277e-07, cumulative = 0.000179908
smoothSolver:  Solving for omega, Initial residual = 2.68511e-05, Final residual = 1.59587e-06, No Iterations 3
smoothSolver:  Solving for k, Initial residual = 0.000369623, Final residual = 2.66106e-05, No Iterations 3
ExecutionTime = 100.99 s  ClockTime = 103 s

forceCoeffs forceCoeffs1 write:
    Cm    = 0.158176
    Cd    = 0.414496
    Cl    = 0.0671159
    Cl(f) = 0.191734
    Cl(r) = -0.124618

Time = 225

smoothSolver:  Solving for Ux, Initial residual = 0.000169792, Final residual = 1.36771e-05, No Iterations 8
smoothSolver:  Solving for Uy, Initial residual = 0.00353646, Final residual = 0.000316482, No Iterations 7
smoothSolver:  Solving for Uz, Initial residual = 0.00323169, Final residual = 0.000292857, No Iterations 7
GAMG:  Solving for p, Initial residual = 0.00144805, Final residual = 7.09631e-06, No Iterations 4
time step continuity errors : sum local = 1.35531e-05, global = -3.00147e-07, cumulative = 0.000179608
smoothSolver:  Solving for omega, Initial residual = 2.67518e-05, Final residual = 1.60031e-06, No Iterations 3
smoothSolver:  Solving for k, Initial residual = 0.000367938, Final residual = 2.64193e-05, No Iterations 3
ExecutionTime = 101.49 s  ClockTime = 103 s

forceCoeffs forceCoeffs1 write:
    Cm    = 0.158311
    Cd    = 0.414881
    Cl    = 0.0672589
    Cl(f) = 0.19194
    Cl(r) = -0.124681

Time = 226

smoothSolver:  Solving for Ux, Initial residual = 0.0001716, Final residual = 1.39623e-05, No Iterations 8
smoothSolver:  Solving for Uy, Initial residual = 0.00353292, Final residual = 0.000321283, No Iterations 7
smoothSolver:  Solving for Uz, Initial residual = 0.00326538, Final residual = 0.000301742, No Iterations 7
GAMG:  Solving for p, Initial residual = 0.0014352, Final residual = 7.33917e-06, No Iterations 4
time step continuity errors : sum local = 1.40108e-05, global = -7.34074e-08, cumulative = 0.000179534
smoothSolver:  Solving for omega, Initial residual = 2.68357e-05, Final residual = 1.62732e-06, No Iterations 3
smoothSolver:  Solving for k, Initial residual = 0.000365148, Final residual = 2.63864e-05, No Iterations 3
ExecutionTime = 102.02 s  ClockTime = 104 s

forceCoeffs forceCoeffs1 write:
    Cm    = 0.158405
    Cd    = 0.415251
    Cl    = 0.0672937
    Cl(f) = 0.192052
    Cl(r) = -0.124758

Time = 227

smoothSolver:  Solving for Ux, Initial residual = 0.000172446, Final residual = 1.41482e-05, No Iterations 8
smoothSolver:  Solving for Uy, Initial residual = 0.00352469, Final residual = 0.000323256, No Iterations 7
smoothSolver:  Solving for Uz, Initial residual = 0.00327407, Final residual = 0.000307207, No Iterations 7
GAMG:  Solving for p, Initial residual = 0.00142289, Final residual = 7.77783e-06, No Iterations 4
time step continuity errors : sum local = 1.48446e-05, global = 1.75327e-07, cumulative = 0.00017971
smoothSolver:  Solving for omega, Initial residual = 2.67376e-05, Final residual = 1.64269e-06, No Iterations 3
smoothSolver:  Solving for k, Initial residual = 0.000362139, Final residual = 2.635e-05, No Iterations 3
ExecutionTime = 102.55 s  ClockTime = 105 s

forceCoeffs forceCoeffs1 write:
    Cm    = 0.158525
    Cd    = 0.415667
    Cl    = 0.0673814
    Cl(f) = 0.192216
    Cl(r) = -0.124834

Time = 228

smoothSolver:  Solving for Ux, Initial residual = 0.000172464, Final residual = 1.42616e-05, No Iterations 8
smoothSolver:  Solving for Uy, Initial residual = 0.00352453, Final residual = 0.00032541, No Iterations 7
smoothSolver:  Solving for Uz, Initial residual = 0.00328021, Final residual = 0.000310981, No Iterations 7
GAMG:  Solving for p, Initial residual = 0.00140755, Final residual = 8.04793e-06, No Iterations 4
time step continuity errors : sum local = 1.53593e-05, global = 3.81041e-07, cumulative = 0.000180091
smoothSolver:  Solving for omega, Initial residual = 2.64651e-05, Final residual = 1.64959e-06, No Iterations 3
smoothSolver:  Solving for k, Initial residual = 0.000355865, Final residual = 2.61437e-05, No Iterations 3
ExecutionTime = 102.94 s  ClockTime = 105 s

forceCoeffs forceCoeffs1 write:
    Cm    = 0.158593
    Cd    = 0.416026
    Cl    = 0.067282
    Cl(f) = 0.192234
    Cl(r) = -0.124952

Time = 229

smoothSolver:  Solving for Ux, Initial residual = 0.000171737, Final residual = 1.42065e-05, No Iterations 8
smoothSolver:  Solving for Uy, Initial residual = 0.00350317, Final residual = 0.000324594, No Iterations 7
smoothSolver:  Solving for Uz, Initial residual = 0.00326387, Final residual = 0.000310057, No Iterations 7
GAMG:  Solving for p, Initial residual = 0.00139177, Final residual = 8.21425e-06, No Iterations 4
time step continuity errors : sum local = 1.56799e-05, global = 5.3257e-07, cumulative = 0.000180623
smoothSolver:  Solving for omega, Initial residual = 2.64219e-05, Final residual = 1.6529e-06, No Iterations 3
smoothSolver:  Solving for k, Initial residual = 0.000347918, Final residual = 2.57913e-05, No Iterations 3
ExecutionTime = 103.26 s  ClockTime = 105 s

forceCoeffs forceCoeffs1 write:
    Cm    = 0.158652
    Cd    = 0.416353
    Cl    = 0.0671966
    Cl(f) = 0.192251
    Cl(r) = -0.125054

Time = 230

smoothSolver:  Solving for Ux, Initial residual = 0.000170945, Final residual = 1.40205e-05, No Iterations 8
smoothSolver:  Solving for Uy, Initial residual = 0.00347635, Final residual = 0.000322464, No Iterations 7
smoothSolver:  Solving for Uz, Initial residual = 0.00324265, Final residual = 0.000306849, No Iterations 7
GAMG:  Solving for p, Initial residual = 0.00137438, Final residual = 8.08937e-06, No Iterations 4
time step continuity errors : sum local = 1.54469e-05, global = 6.0642e-07, cumulative = 0.00018123
smoothSolver:  Solving for omega, Initial residual = 2.61971e-05, Final residual = 1.6409e-06, No Iterations 3
smoothSolver:  Solving for k, Initial residual = 0.000339761, Final residual = 2.53742e-05, No Iterations 3
ExecutionTime = 103.6 s  ClockTime = 106 s

forceCoeffs forceCoeffs1 write:
    Cm    = 0.158668
    Cd    = 0.416592
    Cl    = 0.0669618
    Cl(f) = 0.192149
    Cl(r) = -0.125187

Time = 231

smoothSolver:  Solving for Ux, Initial residual = 0.000169597, Final residual = 1.36906e-05, No Iterations 8
smoothSolver:  Solving for Uy, Initial residual = 0.00343787, Final residual = 0.000316401, No Iterations 7
smoothSolver:  Solving for Uz, Initial residual = 0.0031922, Final residual = 0.000300296, No Iterations 7
GAMG:  Solving for p, Initial residual = 0.00136218, Final residual = 7.79638e-06, No Iterations 4
time step continuity errors : sum local = 1.48959e-05, global = 6.26295e-07, cumulative = 0.000181856
smoothSolver:  Solving for omega, Initial residual = 2.59395e-05, Final residual = 1.62263e-06, No Iterations 3
smoothSolver:  Solving for k, Initial residual = 0.000331435, Final residual = 2.48878e-05, No Iterations 3
ExecutionTime = 103.93 s  ClockTime = 106 s

forceCoeffs forceCoeffs1 write:
    Cm    = 0.158675
    Cd    = 0.416776
    Cl    = 0.0667793
    Cl(f) = 0.192065
    Cl(r) = -0.125286

Time = 232

smoothSolver:  Solving for Ux, Initial residual = 0.000167423, Final residual = 1.3266e-05, No Iterations 8
smoothSolver:  Solving for Uy, Initial residual = 0.00338353, Final residual = 0.000308095, No Iterations 7
smoothSolver:  Solving for Uz, Initial residual = 0.00313576, Final residual = 0.000291635, No Iterations 7
GAMG:  Solving for p, Initial residual = 0.00135066, Final residual = 7.36683e-06, No Iterations 4
time step continuity errors : sum local = 1.40847e-05, global = 6.20841e-07, cumulative = 0.000182477
smoothSolver:  Solving for omega, Initial residual = 2.53798e-05, Final residual = 1.58362e-06, No Iterations 3
smoothSolver:  Solving for k, Initial residual = 0.000324191, Final residual = 2.42639e-05, No Iterations 3
ExecutionTime = 104.3 s  ClockTime = 106 s

forceCoeffs forceCoeffs1 write:
    Cm    = 0.158622
    Cd    = 0.416839
    Cl    = 0.066492
    Cl(f) = 0.191869
    Cl(r) = -0.125376

Time = 233

smoothSolver:  Solving for Ux, Initial residual = 0.000163991, Final residual = 1.28487e-05, No Iterations 8
smoothSolver:  Solving for Uy, Initial residual = 0.00331199, Final residual = 0.000296916, No Iterations 7
smoothSolver:  Solving for Uz, Initial residual = 0.00306675, Final residual = 0.000281376, No Iterations 7
GAMG:  Solving for p, Initial residual = 0.00134908, Final residual = 6.92807e-06, No Iterations 4
time step continuity errors : sum local = 1.32561e-05, global = 6.24198e-07, cumulative = 0.000183101
smoothSolver:  Solving for omega, Initial residual = 2.50753e-05, Final residual = 1.54675e-06, No Iterations 3
smoothSolver:  Solving for k, Initial residual = 0.000318514, Final residual = 2.3574e-05, No Iterations 3
ExecutionTime = 104.79 s  ClockTime = 107 s

forceCoeffs forceCoeffs1 write:
    Cm    = 0.158558
    Cd    = 0.416841
    Cl    = 0.0663235
    Cl(f) = 0.19172
    Cl(r) = -0.125396

Time = 234

smoothSolver:  Solving for Ux, Initial residual = 0.000160679, Final residual = 1.26096e-05, No Iterations 8
smoothSolver:  Solving for Uy, Initial residual = 0.00324619, Final residual = 0.000286351, No Iterations 7
smoothSolver:  Solving for Uz, Initial residual = 0.00302392, Final residual = 0.000273216, No Iterations 7
GAMG:  Solving for p, Initial residual = 0.00134153, Final residual = 6.53418e-06, No Iterations 4
time step continuity errors : sum local = 1.251e-05, global = 5.96132e-07, cumulative = 0.000183697
smoothSolver:  Solving for omega, Initial residual = 2.46746e-05, Final residual = 1.50621e-06, No Iterations 3
smoothSolver:  Solving for k, Initial residual = 0.000313194, Final residual = 2.29432e-05, No Iterations 3
ExecutionTime = 105.32 s  ClockTime = 107 s

forceCoeffs forceCoeffs1 write:
    Cm    = 0.158472
    Cd    = 0.41676
    Cl    = 0.0661086
    Cl(f) = 0.191526
    Cl(r) = -0.125418

Time = 235

smoothSolver:  Solving for Ux, Initial residual = 0.000157121, Final residual = 1.24818e-05, No Iterations 8
smoothSolver:  Solving for Uy, Initial residual = 0.00317351, Final residual = 0.000276432, No Iterations 7
smoothSolver:  Solving for Uz, Initial residual = 0.00296348, Final residual = 0.00026607, No Iterations 7
GAMG:  Solving for p, Initial residual = 0.00134057, Final residual = 6.22069e-06, No Iterations 4
time step continuity errors : sum local = 1.19167e-05, global = 4.53186e-07, cumulative = 0.00018415
smoothSolver:  Solving for omega, Initial residual = 2.43545e-05, Final residual = 1.47234e-06, No Iterations 3
smoothSolver:  Solving for k, Initial residual = 0.000309254, Final residual = 2.24551e-05, No Iterations 3
ExecutionTime = 105.85 s  ClockTime = 108 s

forceCoeffs forceCoeffs1 write:
    Cm    = 0.158406
    Cd    = 0.416667
    Cl    = 0.0660123
    Cl(f) = 0.191412
    Cl(r) = -0.1254

Time = 236

smoothSolver:  Solving for Ux, Initial residual = 0.000154564, Final residual = 1.23885e-05, No Iterations 8
smoothSolver:  Solving for Uy, Initial residual = 0.0031234, Final residual = 0.000271187, No Iterations 7
smoothSolver:  Solving for Uz, Initial residual = 0.00293093, Final residual = 0.000261294, No Iterations 7
GAMG:  Solving for p, Initial residual = 0.00133596, Final residual = 6.19903e-06, No Iterations 4
time step continuity errors : sum local = 1.18802e-05, global = 2.24711e-07, cumulative = 0.000184375
smoothSolver:  Solving for omega, Initial residual = 2.40083e-05, Final residual = 1.45009e-06, No Iterations 3
smoothSolver:  Solving for k, Initial residual = 0.000307327, Final residual = 2.2206e-05, No Iterations 3
ExecutionTime = 106.36 s  ClockTime = 108 s

forceCoeffs forceCoeffs1 write:
    Cm    = 0.158312
    Cd    = 0.416506
    Cl    = 0.0658448
    Cl(f) = 0.191235
    Cl(r) = -0.12539

Time = 237

smoothSolver:  Solving for Ux, Initial residual = 0.000153605, Final residual = 1.23429e-05, No Iterations 8
smoothSolver:  Solving for Uy, Initial residual = 0.00309559, Final residual = 0.000269714, No Iterations 7
smoothSolver:  Solving for Uz, Initial residual = 0.00291565, Final residual = 0.00025838, No Iterations 7
GAMG:  Solving for p, Initial residual = 0.00133236, Final residual = 6.27791e-06, No Iterations 4
time step continuity errors : sum local = 1.20356e-05, global = -8.49197e-08, cumulative = 0.00018429
smoothSolver:  Solving for omega, Initial residual = 2.39518e-05, Final residual = 1.44122e-06, No Iterations 3
smoothSolver:  Solving for k, Initial residual = 0.000307171, Final residual = 2.22145e-05, No Iterations 3
ExecutionTime = 106.86 s  ClockTime = 109 s

forceCoeffs forceCoeffs1 write:
    Cm    = 0.158203
    Cd    = 0.416305
    Cl    = 0.0657797
    Cl(f) = 0.191092
    Cl(r) = -0.125313

Time = 238

smoothSolver:  Solving for Ux, Initial residual = 0.000153367, Final residual = 1.22543e-05, No Iterations 8
smoothSolver:  Solving for Uy, Initial residual = 0.00308637, Final residual = 0.000268812, No Iterations 7
smoothSolver:  Solving for Uz, Initial residual = 0.00291297, Final residual = 0.00025655, No Iterations 7
GAMG:  Solving for p, Initial residual = 0.00132502, Final residual = 6.44381e-06, No Iterations 4
time step continuity errors : sum local = 1.23555e-05, global = -3.06455e-07, cumulative = 0.000183984
smoothSolver:  Solving for omega, Initial residual = 2.37282e-05, Final residual = 1.43644e-06, No Iterations 3
smoothSolver:  Solving for k, Initial residual = 0.000308231, Final residual = 2.2446e-05, No Iterations 3
ExecutionTime = 107.39 s  ClockTime = 109 s

forceCoeffs forceCoeffs1 write:
    Cm    = 0.15806
    Cd    = 0.416033
    Cl    = 0.065682
    Cl(f) = 0.190901
    Cl(r) = -0.125219

Time = 239

smoothSolver:  Solving for Ux, Initial residual = 0.000153193, Final residual = 1.20534e-05, No Iterations 8
smoothSolver:  Solving for Uy, Initial residual = 0.00307729, Final residual = 0.000266806, No Iterations 7
smoothSolver:  Solving for Uz, Initial residual = 0.00290215, Final residual = 0.000253442, No Iterations 7
GAMG:  Solving for p, Initial residual = 0.00132246, Final residual = 6.53536e-06, No Iterations 4
time step continuity errors : sum local = 1.25302e-05, global = -4.38565e-07, cumulative = 0.000183545
smoothSolver:  Solving for omega, Initial residual = 2.37051e-05, Final residual = 1.43308e-06, No Iterations 3
smoothSolver:  Solving for k, Initial residual = 0.000310032, Final residual = 2.27384e-05, No Iterations 3
ExecutionTime = 107.92 s  ClockTime = 110 s

forceCoeffs forceCoeffs1 write:
    Cm    = 0.157931
    Cd    = 0.415789
    Cl    = 0.0657384
    Cl(f) = 0.1908
    Cl(r) = -0.125062

Time = 240

smoothSolver:  Solving for Ux, Initial residual = 0.000152333, Final residual = 1.1749e-05, No Iterations 8
smoothSolver:  Solving for Uy, Initial residual = 0.00306688, Final residual = 0.000263279, No Iterations 7
smoothSolver:  Solving for Uz, Initial residual = 0.00288756, Final residual = 0.00024986, No Iterations 7
GAMG:  Solving for p, Initial residual = 0.00132292, Final residual = 6.57534e-06, No Iterations 4
time step continuity errors : sum local = 1.26033e-05, global = -4.91248e-07, cumulative = 0.000183054
smoothSolver:  Solving for omega, Initial residual = 2.36381e-05, Final residual = 1.43339e-06, No Iterations 3
smoothSolver:  Solving for k, Initial residual = 0.000310987, Final residual = 2.29677e-05, No Iterations 3
ExecutionTime = 108.26 s  ClockTime = 110 s

forceCoeffs forceCoeffs1 write:
    Cm    = 0.157778
    Cd    = 0.4155
    Cl    = 0.0657428
    Cl(f) = 0.19065
    Cl(r) = -0.124907

Time = 241

smoothSolver:  Solving for Ux, Initial residual = 0.000150825, Final residual = 1.14146e-05, No Iterations 8
smoothSolver:  Solving for Uy, Initial residual = 0.00304776, Final residual = 0.000259496, No Iterations 7
smoothSolver:  Solving for Uz, Initial residual = 0.00288114, Final residual = 0.000245504, No Iterations 7
GAMG:  Solving for p, Initial residual = 0.00132319, Final residual = 6.54842e-06, No Iterations 4
time step continuity errors : sum local = 1.25474e-05, global = -5.2978e-07, cumulative = 0.000182524
smoothSolver:  Solving for omega, Initial residual = 2.34367e-05, Final residual = 1.41838e-06, No Iterations 3
smoothSolver:  Solving for k, Initial residual = 0.000310045, Final residual = 2.30238e-05, No Iterations 3
ExecutionTime = 108.59 s  ClockTime = 111 s

forceCoeffs forceCoeffs1 write:
    Cm    = 0.157619
    Cd    = 0.415223
    Cl    = 0.0658636
    Cl(f) = 0.190551
    Cl(r) = -0.124688

Time = 242

smoothSolver:  Solving for Ux, Initial residual = 0.000148599, Final residual = 1.48357e-05, No Iterations 7
smoothSolver:  Solving for Uy, Initial residual = 0.00303557, Final residual = 0.000256681, No Iterations 7
smoothSolver:  Solving for Uz, Initial residual = 0.00287319, Final residual = 0.000242187, No Iterations 7
GAMG:  Solving for p, Initial residual = 0.00131888, Final residual = 6.44772e-06, No Iterations 4
time step continuity errors : sum local = 1.23486e-05, global = -5.53919e-07, cumulative = 0.00018197
smoothSolver:  Solving for omega, Initial residual = 2.30457e-05, Final residual = 1.38833e-06, No Iterations 3
smoothSolver:  Solving for k, Initial residual = 0.000306893, Final residual = 2.2918e-05, No Iterations 3
ExecutionTime = 108.92 s  ClockTime = 111 s

forceCoeffs forceCoeffs1 write:
    Cm    = 0.157454
    Cd    = 0.414921
    Cl    = 0.0658895
    Cl(f) = 0.190399
    Cl(r) = -0.124509

Time = 243

smoothSolver:  Solving for Ux, Initial residual = 0.000146756, Final residual = 1.4657e-05, No Iterations 7
smoothSolver:  Solving for Uy, Initial residual = 0.00301085, Final residual = 0.000253495, No Iterations 7
smoothSolver:  Solving for Uz, Initial residual = 0.00284599, Final residual = 0.000239011, No Iterations 7
GAMG:  Solving for p, Initial residual = 0.00130797, Final residual = 6.27662e-06, No Iterations 4
time step continuity errors : sum local = 1.20151e-05, global = -5.39636e-07, cumulative = 0.00018143
smoothSolver:  Solving for omega, Initial residual = 2.2575e-05, Final residual = 1.35225e-06, No Iterations 3
smoothSolver:  Solving for k, Initial residual = 0.000303724, Final residual = 2.2734e-05, No Iterations 3
ExecutionTime = 109.24 s  ClockTime = 111 s

forceCoeffs forceCoeffs1 write:
    Cm    = 0.157339
    Cd    = 0.414703
    Cl    = 0.06606
    Cl(f) = 0.190368
    Cl(r) = -0.124309

Time = 244

smoothSolver:  Solving for Ux, Initial residual = 0.000144632, Final residual = 1.09474e-05, No Iterations 8
smoothSolver:  Solving for Uy, Initial residual = 0.00297998, Final residual = 0.000250183, No Iterations 7
smoothSolver:  Solving for Uz, Initial residual = 0.00280964, Final residual = 0.000236702, No Iterations 7
GAMG:  Solving for p, Initial residual = 0.00129677, Final residual = 6.09957e-06, No Iterations 4
time step continuity errors : sum local = 1.16701e-05, global = -5.01179e-07, cumulative = 0.000180929
smoothSolver:  Solving for omega, Initial residual = 2.21645e-05, Final residual = 1.32284e-06, No Iterations 3
smoothSolver:  Solving for k, Initial residual = 0.000299667, Final residual = 2.25657e-05, No Iterations 3
ExecutionTime = 109.63 s  ClockTime = 112 s

forceCoeffs forceCoeffs1 write:
    Cm    = 0.157196
    Cd    = 0.414449
    Cl    = 0.0661304
    Cl(f) = 0.190262
    Cl(r) = -0.124131

Time = 245

smoothSolver:  Solving for Ux, Initial residual = 0.000142358, Final residual = 1.09163e-05, No Iterations 8
smoothSolver:  Solving for Uy, Initial residual = 0.00294237, Final residual = 0.000246838, No Iterations 7
smoothSolver:  Solving for Uz, Initial residual = 0.00278158, Final residual = 0.00023486, No Iterations 7
GAMG:  Solving for p, Initial residual = 0.00128326, Final residual = 5.86839e-06, No Iterations 4
time step continuity errors : sum local = 1.12219e-05, global = -4.82075e-07, cumulative = 0.000180447
smoothSolver:  Solving for omega, Initial residual = 2.1907e-05, Final residual = 1.30101e-06, No Iterations 3
smoothSolver:  Solving for k, Initial residual = 0.000295755, Final residual = 2.24333e-05, No Iterations 3
ExecutionTime = 110.16 s  ClockTime = 112 s

forceCoeffs forceCoeffs1 write:
    Cm    = 0.157111
    Cd    = 0.414295
    Cl    = 0.0663025
    Cl(f) = 0.190262
    Cl(r) = -0.12396

Time = 246

smoothSolver:  Solving for Ux, Initial residual = 0.000140609, Final residual = 1.09307e-05, No Iterations 8
smoothSolver:  Solving for Uy, Initial residual = 0.00289577, Final residual = 0.000242512, No Iterations 7
smoothSolver:  Solving for Uz, Initial residual = 0.00274498, Final residual = 0.000232311, No Iterations 7
GAMG:  Solving for p, Initial residual = 0.0012644, Final residual = 5.61729e-06, No Iterations 4
time step continuity errors : sum local = 1.0736e-05, global = -4.5836e-07, cumulative = 0.000179989
smoothSolver:  Solving for omega, Initial residual = 2.15426e-05, Final residual = 1.28059e-06, No Iterations 3
smoothSolver:  Solving for k, Initial residual = 0.000291985, Final residual = 2.23022e-05, No Iterations 3
ExecutionTime = 110.67 s  ClockTime = 113 s

forceCoeffs forceCoeffs1 write:
    Cm    = 0.157035
    Cd    = 0.41413
    Cl    = 0.0663935
    Cl(f) = 0.190232
    Cl(r) = -0.123838

Time = 247

smoothSolver:  Solving for Ux, Initial residual = 0.000138639, Final residual = 1.08783e-05, No Iterations 8
smoothSolver:  Solving for Uy, Initial residual = 0.00282594, Final residual = 0.000236621, No Iterations 7
smoothSolver:  Solving for Uz, Initial residual = 0.00268642, Final residual = 0.000227944, No Iterations 7
GAMG:  Solving for p, Initial residual = 0.00124035, Final residual = 5.42812e-06, No Iterations 4
time step continuity errors : sum local = 1.03694e-05, global = -4.20671e-07, cumulative = 0.000179568
smoothSolver:  Solving for omega, Initial residual = 2.10678e-05, Final residual = 1.26171e-06, No Iterations 3
smoothSolver:  Solving for k, Initial residual = 0.000288247, Final residual = 2.22392e-05, No Iterations 3
ExecutionTime = 111.18 s  ClockTime = 113 s

forceCoeffs forceCoeffs1 write:
    Cm    = 0.157026
    Cd    = 0.414083
    Cl    = 0.0665928
    Cl(f) = 0.190322
    Cl(r) = -0.123729

Time = 248

smoothSolver:  Solving for Ux, Initial residual = 0.000135565, Final residual = 1.07893e-05, No Iterations 8
smoothSolver:  Solving for Uy, Initial residual = 0.00273812, Final residual = 0.00023011, No Iterations 7
smoothSolver:  Solving for Uz, Initial residual = 0.00260017, Final residual = 0.000222145, No Iterations 7
GAMG:  Solving for p, Initial residual = 0.00121359, Final residual = 5.32795e-06, No Iterations 4
time step continuity errors : sum local = 1.01732e-05, global = -3.6919e-07, cumulative = 0.000179199
smoothSolver:  Solving for omega, Initial residual = 2.06585e-05, Final residual = 1.25446e-06, No Iterations 3
smoothSolver:  Solving for k, Initial residual = 0.000283876, Final residual = 2.21651e-05, No Iterations 3
ExecutionTime = 111.72 s  ClockTime = 114 s

forceCoeffs forceCoeffs1 write:
    Cm    = 0.156993
    Cd    = 0.414003
    Cl    = 0.0666442
    Cl(f) = 0.190315
    Cl(r) = -0.123671

Time = 249

smoothSolver:  Solving for Ux, Initial residual = 0.000131926, Final residual = 1.06403e-05, No Iterations 8
smoothSolver:  Solving for Uy, Initial residual = 0.00263097, Final residual = 0.000221487, No Iterations 7
smoothSolver:  Solving for Uz, Initial residual = 0.002502, Final residual = 0.000213647, No Iterations 7
GAMG:  Solving for p, Initial residual = 0.0011902, Final residual = 5.2158e-06, No Iterations 4
time step continuity errors : sum local = 9.95581e-06, global = -2.80452e-07, cumulative = 0.000178918
smoothSolver:  Solving for omega, Initial residual = 2.0153e-05, Final residual = 1.24654e-06, No Iterations 3
smoothSolver:  Solving for k, Initial residual = 0.000278014, Final residual = 2.20461e-05, No Iterations 3
ExecutionTime = 112.21 s  ClockTime = 114 s

forceCoeffs forceCoeffs1 write:
    Cm    = 0.15701
    Cd    = 0.414008
    Cl    = 0.0667794
    Cl(f) = 0.190399
    Cl(r) = -0.12362

Time = 250

smoothSolver:  Solving for Ux, Initial residual = 0.000128227, Final residual = 1.04423e-05, No Iterations 8
smoothSolver:  Solving for Uy, Initial residual = 0.00254633, Final residual = 0.000213823, No Iterations 7
smoothSolver:  Solving for Uz, Initial residual = 0.0024305, Final residual = 0.000205789, No Iterations 7
GAMG:  Solving for p, Initial residual = 0.00116608, Final residual = 5.03806e-06, No Iterations 4
time step continuity errors : sum local = 9.61421e-06, global = -1.5501e-07, cumulative = 0.000178763
smoothSolver:  Solving for omega, Initial residual = 1.95727e-05, Final residual = 1.22962e-06, No Iterations 3
smoothSolver:  Solving for k, Initial residual = 0.000270787, Final residual = 2.18229e-05, No Iterations 3
ExecutionTime = 112.75 s  ClockTime = 115 s

forceCoeffs forceCoeffs1 write:
    Cm    = 0.157
    Cd    = 0.413972
    Cl    = 0.0668194
    Cl(f) = 0.19041
    Cl(r) = -0.12359

Time = 251

smoothSolver:  Solving for Ux, Initial residual = 0.000124101, Final residual = 1.01132e-05, No Iterations 8
smoothSolver:  Solving for Uy, Initial residual = 0.00245329, Final residual = 0.000203838, No Iterations 7
smoothSolver:  Solving for Uz, Initial residual = 0.00234337, Final residual = 0.000195998, No Iterations 7
GAMG:  Solving for p, Initial residual = 0.00114328, Final residual = 4.83203e-06, No Iterations 4
time step continuity errors : sum local = 9.21947e-06, global = -4.24167e-08, cumulative = 0.000178721
smoothSolver:  Solving for omega, Initial residual = 1.92327e-05, Final residual = 1.20875e-06, No Iterations 3
smoothSolver:  Solving for k, Initial residual = 0.000262217, Final residual = 2.14642e-05, No Iterations 3
ExecutionTime = 113.23 s  ClockTime = 115 s

forceCoeffs forceCoeffs1 write:
    Cm    = 0.157053
    Cd    = 0.414029
    Cl    = 0.0669832
    Cl(f) = 0.190544
    Cl(r) = -0.123561

Time = 252

smoothSolver:  Solving for Ux, Initial residual = 0.000120277, Final residual = 9.73109e-06, No Iterations 8
smoothSolver:  Solving for Uy, Initial residual = 0.00238035, Final residual = 0.000195514, No Iterations 7
smoothSolver:  Solving for Uz, Initial residual = 0.00227753, Final residual = 0.000186888, No Iterations 7
GAMG:  Solving for p, Initial residual = 0.001118, Final residual = 4.67422e-06, No Iterations 4
time step continuity errors : sum local = 8.91755e-06, global = 9.06695e-08, cumulative = 0.000178812
smoothSolver:  Solving for omega, Initial residual = 1.86155e-05, Final residual = 1.17413e-06, No Iterations 3
smoothSolver:  Solving for k, Initial residual = 0.000252163, Final residual = 2.09561e-05, No Iterations 3
ExecutionTime = 113.55 s  ClockTime = 116 s

forceCoeffs forceCoeffs1 write:
    Cm    = 0.157055
    Cd    = 0.414033
    Cl    = 0.0669898
    Cl(f) = 0.19055
    Cl(r) = -0.12356

Time = 253

smoothSolver:  Solving for Ux, Initial residual = 0.00011604, Final residual = 9.26088e-06, No Iterations 8
smoothSolver:  Solving for Uy, Initial residual = 0.00229686, Final residual = 0.000185075, No Iterations 7
smoothSolver:  Solving for Uz, Initial residual = 0.00220027, Final residual = 0.000176375, No Iterations 7
GAMG:  Solving for p, Initial residual = 0.00109624, Final residual = 4.48348e-06, No Iterations 4
time step continuity errors : sum local = 8.55426e-06, global = 1.55117e-07, cumulative = 0.000178967
smoothSolver:  Solving for omega, Initial residual = 1.80703e-05, Final residual = 1.13591e-06, No Iterations 3
smoothSolver:  Solving for k, Initial residual = 0.000241868, Final residual = 2.03637e-05, No Iterations 3
ExecutionTime = 113.89 s  ClockTime = 116 s

forceCoeffs forceCoeffs1 write:
    Cm    = 0.157086
    Cd    = 0.414079
    Cl    = 0.0671143
    Cl(f) = 0.190643
    Cl(r) = -0.123529

Time = 254

smoothSolver:  Solving for Ux, Initial residual = 0.000112785, Final residual = 8.8469e-06, No Iterations 8
smoothSolver:  Solving for Uy, Initial residual = 0.00224192, Final residual = 0.00017705, No Iterations 7
smoothSolver:  Solving for Uz, Initial residual = 0.00215199, Final residual = 0.000168589, No Iterations 7
GAMG:  Solving for p, Initial residual = 0.00106908, Final residual = 4.3182e-06, No Iterations 4
time step continuity errors : sum local = 8.23926e-06, global = 2.11495e-07, cumulative = 0.000179178
smoothSolver:  Solving for omega, Initial residual = 1.76124e-05, Final residual = 1.1068e-06, No Iterations 3
smoothSolver:  Solving for k, Initial residual = 0.000231535, Final residual = 1.96668e-05, No Iterations 3
ExecutionTime = 114.22 s  ClockTime = 116 s

forceCoeffs forceCoeffs1 write:
    Cm    = 0.157086
    Cd    = 0.414079
    Cl    = 0.0671113
    Cl(f) = 0.190642
    Cl(r) = -0.123531

Time = 255

smoothSolver:  Solving for Ux, Initial residual = 0.000109297, Final residual = 8.41081e-06, No Iterations 8
smoothSolver:  Solving for Uy, Initial residual = 0.0021782, Final residual = 0.000168793, No Iterations 7
smoothSolver:  Solving for Uz, Initial residual = 0.00207509, Final residual = 0.000159864, No Iterations 7
GAMG:  Solving for p, Initial residual = 0.00104558, Final residual = 4.12744e-06, No Iterations 4
time step continuity errors : sum local = 7.87638e-06, global = 2.19288e-07, cumulative = 0.000179398
smoothSolver:  Solving for omega, Initial residual = 1.72207e-05, Final residual = 1.06567e-06, No Iterations 3
smoothSolver:  Solving for k, Initial residual = 0.000221419, Final residual = 1.88809e-05, No Iterations 3
ExecutionTime = 114.55 s  ClockTime = 117 s

forceCoeffs forceCoeffs1 write:
    Cm    = 0.157122
    Cd    = 0.414138
    Cl    = 0.0672265
    Cl(f) = 0.190735
    Cl(r) = -0.123508

Time = 256

smoothSolver:  Solving for Ux, Initial residual = 0.000106088, Final residual = 8.00712e-06, No Iterations 8
smoothSolver:  Solving for Uy, Initial residual = 0.0021305, Final residual = 0.000162409, No Iterations 7
smoothSolver:  Solving for Uz, Initial residual = 0.00201588, Final residual = 0.000152902, No Iterations 7
GAMG:  Solving for p, Initial residual = 0.00102475, Final residual = 4.07497e-06, No Iterations 4
time step continuity errors : sum local = 7.77748e-06, global = 2.19654e-07, cumulative = 0.000179617
smoothSolver:  Solving for omega, Initial residual = 1.66512e-05, Final residual = 1.01466e-06, No Iterations 3
smoothSolver:  Solving for k, Initial residual = 0.000211907, Final residual = 1.80285e-05, No Iterations 3
ExecutionTime = 114.97 s  ClockTime = 117 s

forceCoeffs forceCoeffs1 write:
    Cm    = 0.157115
    Cd    = 0.414142
    Cl    = 0.0672025
    Cl(f) = 0.190716
    Cl(r) = -0.123514

Time = 257

smoothSolver:  Solving for Ux, Initial residual = 0.000103259, Final residual = 1.02074e-05, No Iterations 7
smoothSolver:  Solving for Uy, Initial residual = 0.00207582, Final residual = 0.000155022, No Iterations 7
smoothSolver:  Solving for Uz, Initial residual = 0.00196052, Final residual = 0.000146787, No Iterations 7
GAMG:  Solving for p, Initial residual = 0.00100793, Final residual = 4.01394e-06, No Iterations 4
time step continuity errors : sum local = 7.66265e-06, global = 1.79291e-07, cumulative = 0.000179797
smoothSolver:  Solving for omega, Initial residual = 1.63707e-05, Final residual = 9.81957e-07, No Iterations 3
smoothSolver:  Solving for k, Initial residual = 0.000202317, Final residual = 1.71722e-05, No Iterations 3
ExecutionTime = 115.5 s  ClockTime = 118 s

forceCoeffs forceCoeffs1 write:
    Cm    = 0.157128
    Cd    = 0.414157
    Cl    = 0.0673306
    Cl(f) = 0.190793
    Cl(r) = -0.123463

Time = 258

smoothSolver:  Solving for Ux, Initial residual = 0.000101346, Final residual = 9.8756e-06, No Iterations 7
smoothSolver:  Solving for Uy, Initial residual = 0.00203245, Final residual = 0.000149592, No Iterations 7
smoothSolver:  Solving for Uz, Initial residual = 0.00192526, Final residual = 0.0001422, No Iterations 7
GAMG:  Solving for p, Initial residual = 0.000985618, Final residual = 3.93196e-06, No Iterations 4
time step continuity errors : sum local = 7.50717e-06, global = 1.22547e-07, cumulative = 0.000179919
smoothSolver:  Solving for omega, Initial residual = 1.59352e-05, Final residual = 9.43392e-07, No Iterations 3
smoothSolver:  Solving for k, Initial residual = 0.000193258, Final residual = 1.6359e-05, No Iterations 3
ExecutionTime = 116.02 s  ClockTime = 118 s

forceCoeffs forceCoeffs1 write:
    Cm    = 0.157113
    Cd    = 0.414121
    Cl    = 0.0673578
    Cl(f) = 0.190791
    Cl(r) = -0.123434

Time = 259

smoothSolver:  Solving for Ux, Initial residual = 9.92217e-05, Final residual = 9.45461e-06, No Iterations 7
smoothSolver:  Solving for Uy, Initial residual = 0.00197266, Final residual = 0.000195952, No Iterations 6
smoothSolver:  Solving for Uz, Initial residual = 0.00187126, Final residual = 0.000186671, No Iterations 6
GAMG:  Solving for p, Initial residual = 0.000964384, Final residual = 3.75506e-06, No Iterations 4
time step continuity errors : sum local = 7.17052e-06, global = 1.36105e-08, cumulative = 0.000179933
smoothSolver:  Solving for omega, Initial residual = 1.56484e-05, Final residual = 9.17637e-07, No Iterations 3
smoothSolver:  Solving for k, Initial residual = 0.000185196, Final residual = 1.55905e-05, No Iterations 3
ExecutionTime = 116.53 s  ClockTime = 119 s

forceCoeffs forceCoeffs1 write:
    Cm    = 0.157135
    Cd    = 0.414134
    Cl    = 0.0675372
    Cl(f) = 0.190903
    Cl(r) = -0.123366

Time = 260

smoothSolver:  Solving for Ux, Initial residual = 9.65054e-05, Final residual = 9.03105e-06, No Iterations 7
smoothSolver:  Solving for Uy, Initial residual = 0.00192332, Final residual = 0.00019084, No Iterations 6
smoothSolver:  Solving for Uz, Initial residual = 0.0018383, Final residual = 0.000183702, No Iterations 6
GAMG:  Solving for p, Initial residual = 0.000945712, Final residual = 3.80761e-06, No Iterations 4
time step continuity errors : sum local = 7.27134e-06, global = -2.81435e-08, cumulative = 0.000179905
smoothSolver:  Solving for omega, Initial residual = 1.52505e-05, Final residual = 8.84534e-07, No Iterations 3
smoothSolver:  Solving for k, Initial residual = 0.000177787, Final residual = 1.48493e-05, No Iterations 3
ExecutionTime = 117.05 s  ClockTime = 119 s

forceCoeffs forceCoeffs1 write:
    Cm    = 0.157104
    Cd    = 0.414095
    Cl    = 0.0675509
    Cl(f) = 0.190879
    Cl(r) = -0.123328

Time = 261

smoothSolver:  Solving for Ux, Initial residual = 9.34177e-05, Final residual = 8.59125e-06, No Iterations 7
smoothSolver:  Solving for Uy, Initial residual = 0.00187119, Final residual = 0.000184721, No Iterations 6
smoothSolver:  Solving for Uz, Initial residual = 0.00179674, Final residual = 0.000177877, No Iterations 6
GAMG:  Solving for p, Initial residual = 0.000932701, Final residual = 3.76618e-06, No Iterations 4
time step continuity errors : sum local = 7.19301e-06, global = -7.51876e-08, cumulative = 0.000179829
smoothSolver:  Solving for omega, Initial residual = 1.48289e-05, Final residual = 8.60615e-07, No Iterations 3
smoothSolver:  Solving for k, Initial residual = 0.000170855, Final residual = 1.41853e-05, No Iterations 3
ExecutionTime = 117.54 s  ClockTime = 120 s

forceCoeffs forceCoeffs1 write:
    Cm    = 0.157083
    Cd    = 0.414063
    Cl    = 0.0677169
    Cl(f) = 0.190941
    Cl(r) = -0.123225

Time = 262

smoothSolver:  Solving for Ux, Initial residual = 9.10589e-05, Final residual = 8.23451e-06, No Iterations 7
smoothSolver:  Solving for Uy, Initial residual = 0.00183814, Final residual = 0.00018068, No Iterations 6
smoothSolver:  Solving for Uz, Initial residual = 0.00178013, Final residual = 0.000175136, No Iterations 6
GAMG:  Solving for p, Initial residual = 0.000919787, Final residual = 3.7643e-06, No Iterations 4
time step continuity errors : sum local = 7.18942e-06, global = -1.10601e-07, cumulative = 0.000179719
smoothSolver:  Solving for omega, Initial residual = 1.47229e-05, Final residual = 8.45677e-07, No Iterations 3
smoothSolver:  Solving for k, Initial residual = 0.000164964, Final residual = 1.35834e-05, No Iterations 3
ExecutionTime = 118.06 s  ClockTime = 120 s

forceCoeffs forceCoeffs1 write:
    Cm    = 0.157037
    Cd    = 0.413978
    Cl    = 0.0677838
    Cl(f) = 0.190929
    Cl(r) = -0.123145

Time = 263

smoothSolver:  Solving for Ux, Initial residual = 8.85084e-05, Final residual = 7.8664e-06, No Iterations 7
smoothSolver:  Solving for Uy, Initial residual = 0.00181074, Final residual = 0.000176098, No Iterations 6
smoothSolver:  Solving for Uz, Initial residual = 0.00174302, Final residual = 0.000170626, No Iterations 6
GAMG:  Solving for p, Initial residual = 0.000912754, Final residual = 3.68441e-06, No Iterations 4
time step continuity errors : sum local = 7.03663e-06, global = -1.42478e-07, cumulative = 0.000179576
smoothSolver:  Solving for omega, Initial residual = 1.47081e-05, Final residual = 8.3316e-07, No Iterations 3
smoothSolver:  Solving for k, Initial residual = 0.000159528, Final residual = 1.30375e-05, No Iterations 3
ExecutionTime = 118.51 s  ClockTime = 121 s

forceCoeffs forceCoeffs1 write:
    Cm    = 0.157021
    Cd    = 0.413927
    Cl    = 0.0680038
    Cl(f) = 0.191023
    Cl(r) = -0.123019

Time = 264

smoothSolver:  Solving for Ux, Initial residual = 8.60137e-05, Final residual = 7.60013e-06, No Iterations 7
smoothSolver:  Solving for Uy, Initial residual = 0.00179026, Final residual = 0.00017327, No Iterations 6
smoothSolver:  Solving for Uz, Initial residual = 0.00171913, Final residual = 0.000168191, No Iterations 6
GAMG:  Solving for p, Initial residual = 0.000906168, Final residual = 3.69619e-06, No Iterations 4
time step continuity errors : sum local = 7.05866e-06, global = -1.58124e-07, cumulative = 0.000179418
smoothSolver:  Solving for omega, Initial residual = 1.44183e-05, Final residual = 8.17882e-07, No Iterations 3
smoothSolver:  Solving for k, Initial residual = 0.000155034, Final residual = 1.25557e-05, No Iterations 3
ExecutionTime = 118.84 s  ClockTime = 121 s

forceCoeffs forceCoeffs1 write:
    Cm    = 0.156973
    Cd    = 0.413824
    Cl    = 0.0680861
    Cl(f) = 0.191016
    Cl(r) = -0.12293

Time = 265

smoothSolver:  Solving for Ux, Initial residual = 8.42399e-05, Final residual = 7.41167e-06, No Iterations 7
smoothSolver:  Solving for Uy, Initial residual = 0.00178007, Final residual = 0.000171311, No Iterations 6
smoothSolver:  Solving for Uz, Initial residual = 0.00170348, Final residual = 0.00016533, No Iterations 6
GAMG:  Solving for p, Initial residual = 0.000908027, Final residual = 3.69875e-06, No Iterations 4
time step continuity errors : sum local = 7.06317e-06, global = -1.81514e-07, cumulative = 0.000179237
smoothSolver:  Solving for omega, Initial residual = 1.423e-05, Final residual = 8.09756e-07, No Iterations 3
smoothSolver:  Solving for k, Initial residual = 0.000151839, Final residual = 1.21701e-05, No Iterations 3
ExecutionTime = 119.16 s  ClockTime = 121 s

forceCoeffs forceCoeffs1 write:
    Cm    = 0.156946
    Cd    = 0.413753
    Cl    = 0.068286
    Cl(f) = 0.191089
    Cl(r) = -0.122804

Time = 266

smoothSolver:  Solving for Ux, Initial residual = 8.3089e-05, Final residual = 7.32165e-06, No Iterations 7
smoothSolver:  Solving for Uy, Initial residual = 0.00178227, Final residual = 0.00017028, No Iterations 6
smoothSolver:  Solving for Uz, Initial residual = 0.00170239, Final residual = 0.000164371, No Iterations 6
GAMG:  Solving for p, Initial residual = 0.000903344, Final residual = 3.73172e-06, No Iterations 4
time step continuity errors : sum local = 7.12511e-06, global = -1.88959e-07, cumulative = 0.000179048
smoothSolver:  Solving for omega, Initial residual = 1.41998e-05, Final residual = 8.03357e-07, No Iterations 3
smoothSolver:  Solving for k, Initial residual = 0.000150071, Final residual = 1.19064e-05, No Iterations 3
ExecutionTime = 119.49 s  ClockTime = 122 s

forceCoeffs forceCoeffs1 write:
    Cm    = 0.156898
    Cd    = 0.413654
    Cl    = 0.0683324
    Cl(f) = 0.191064
    Cl(r) = -0.122732

Time = 267

smoothSolver:  Solving for Ux, Initial residual = 8.24574e-05, Final residual = 7.26189e-06, No Iterations 7
smoothSolver:  Solving for Uy, Initial residual = 0.00178079, Final residual = 0.000169302, No Iterations 6
smoothSolver:  Solving for Uz, Initial residual = 0.00168684, Final residual = 0.000161223, No Iterations 6
GAMG:  Solving for p, Initial residual = 0.000901352, Final residual = 3.68439e-06, No Iterations 4
time step continuity errors : sum local = 7.03398e-06, global = -2.1119e-07, cumulative = 0.000178837
smoothSolver:  Solving for omega, Initial residual = 1.42445e-05, Final residual = 7.95196e-07, No Iterations 3
smoothSolver:  Solving for k, Initial residual = 0.000149406, Final residual = 1.17302e-05, No Iterations 3
ExecutionTime = 119.83 s  ClockTime = 122 s

forceCoeffs forceCoeffs1 write:
    Cm    = 0.156881
    Cd    = 0.413578
    Cl    = 0.0685227
    Cl(f) = 0.191143
    Cl(r) = -0.12262

Time = 268

smoothSolver:  Solving for Ux, Initial residual = 8.15531e-05, Final residual = 7.19402e-06, No Iterations 7
smoothSolver:  Solving for Uy, Initial residual = 0.00177443, Final residual = 0.000168442, No Iterations 6
smoothSolver:  Solving for Uz, Initial residual = 0.00167703, Final residual = 0.000159527, No Iterations 6
GAMG:  Solving for p, Initial residual = 0.00089866, Final residual = 3.73579e-06, No Iterations 4
time step continuity errors : sum local = 7.13117e-06, global = -2.25955e-07, cumulative = 0.000178611
smoothSolver:  Solving for omega, Initial residual = 1.40865e-05, Final residual = 7.83999e-07, No Iterations 3
smoothSolver:  Solving for k, Initial residual = 0.000149807, Final residual = 1.16395e-05, No Iterations 3
ExecutionTime = 120.26 s  ClockTime = 122 s

forceCoeffs forceCoeffs1 write:
    Cm    = 0.156858
    Cd    = 0.413482
    Cl    = 0.0685721
    Cl(f) = 0.191144
    Cl(r) = -0.122572

Time = 269

smoothSolver:  Solving for Ux, Initial residual = 8.11847e-05, Final residual = 7.20591e-06, No Iterations 7
smoothSolver:  Solving for Uy, Initial residual = 0.00175845, Final residual = 0.00016738, No Iterations 6
smoothSolver:  Solving for Uz, Initial residual = 0.0016619, Final residual = 0.00015712, No Iterations 6
GAMG:  Solving for p, Initial residual = 0.000899685, Final residual = 3.74438e-06, No Iterations 4
time step continuity errors : sum local = 7.14696e-06, global = -2.75459e-07, cumulative = 0.000178335
smoothSolver:  Solving for omega, Initial residual = 1.41956e-05, Final residual = 7.83321e-07, No Iterations 3
smoothSolver:  Solving for k, Initial residual = 0.000151163, Final residual = 1.16366e-05, No Iterations 3
ExecutionTime = 120.79 s  ClockTime = 123 s

forceCoeffs forceCoeffs1 write:
    Cm    = 0.156863
    Cd    = 0.413424
    Cl    = 0.0687442
    Cl(f) = 0.191235
    Cl(r) = -0.122491

Time = 270

smoothSolver:  Solving for Ux, Initial residual = 8.08848e-05, Final residual = 7.23695e-06, No Iterations 7
smoothSolver:  Solving for Uy, Initial residual = 0.00174256, Final residual = 0.0001663, No Iterations 6
smoothSolver:  Solving for Uz, Initial residual = 0.00165797, Final residual = 0.000156015, No Iterations 6
GAMG:  Solving for p, Initial residual = 0.000893921, Final residual = 3.74683e-06, No Iterations 4
time step continuity errors : sum local = 7.15073e-06, global = -3.142e-07, cumulative = 0.000178021
smoothSolver:  Solving for omega, Initial residual = 1.41711e-05, Final residual = 7.76187e-07, No Iterations 3
smoothSolver:  Solving for k, Initial residual = 0.00015318, Final residual = 1.17169e-05, No Iterations 3
ExecutionTime = 121.29 s  ClockTime = 124 s

forceCoeffs forceCoeffs1 write:
    Cm    = 0.156874
    Cd    = 0.413358
    Cl    = 0.0688013
    Cl(f) = 0.191274
    Cl(r) = -0.122473

Time = 271

smoothSolver:  Solving for Ux, Initial residual = 8.05653e-05, Final residual = 7.20875e-06, No Iterations 7
smoothSolver:  Solving for Uy, Initial residual = 0.00172278, Final residual = 0.000164721, No Iterations 6
smoothSolver:  Solving for Uz, Initial residual = 0.00163206, Final residual = 0.000153609, No Iterations 6
GAMG:  Solving for p, Initial residual = 0.00088874, Final residual = 3.7368e-06, No Iterations 4
time step continuity errors : sum local = 7.13082e-06, global = -3.39788e-07, cumulative = 0.000177681
smoothSolver:  Solving for omega, Initial residual = 1.40061e-05, Final residual = 7.6196e-07, No Iterations 3
smoothSolver:  Solving for k, Initial residual = 0.000155426, Final residual = 1.18593e-05, No Iterations 3
ExecutionTime = 121.8 s  ClockTime = 124 s

forceCoeffs forceCoeffs1 write:
    Cm    = 0.156937
    Cd    = 0.413379
    Cl    = 0.0689491
    Cl(f) = 0.191411
    Cl(r) = -0.122462

Time = 272

smoothSolver:  Solving for Ux, Initial residual = 7.95556e-05, Final residual = 7.13555e-06, No Iterations 7
smoothSolver:  Solving for Uy, Initial residual = 0.00169507, Final residual = 0.000163485, No Iterations 6
smoothSolver:  Solving for Uz, Initial residual = 0.00160101, Final residual = 0.000151213, No Iterations 6
GAMG:  Solving for p, Initial residual = 0.000882229, Final residual = 3.75161e-06, No Iterations 4
time step continuity errors : sum local = 7.15846e-06, global = -2.95449e-07, cumulative = 0.000177386
smoothSolver:  Solving for omega, Initial residual = 1.40515e-05, Final residual = 7.62837e-07, No Iterations 3
smoothSolver:  Solving for k, Initial residual = 0.00015772, Final residual = 1.20357e-05, No Iterations 3
ExecutionTime = 122.33 s  ClockTime = 125 s

forceCoeffs forceCoeffs1 write:
    Cm    = 0.156973
    Cd    = 0.413371
    Cl    = 0.0689195
    Cl(f) = 0.191432
    Cl(r) = -0.122513

Time = 273

smoothSolver:  Solving for Ux, Initial residual = 7.87414e-05, Final residual = 7.0728e-06, No Iterations 7
smoothSolver:  Solving for Uy, Initial residual = 0.0016694, Final residual = 0.000162731, No Iterations 6
smoothSolver:  Solving for Uz, Initial residual = 0.00157338, Final residual = 0.000149222, No Iterations 6
GAMG:  Solving for p, Initial residual = 0.000880578, Final residual = 3.79853e-06, No Iterations 4
time step continuity errors : sum local = 7.24813e-06, global = -2.94511e-07, cumulative = 0.000177091
smoothSolver:  Solving for omega, Initial residual = 1.40695e-05, Final residual = 7.61781e-07, No Iterations 3
smoothSolver:  Solving for k, Initial residual = 0.000159421, Final residual = 1.22512e-05, No Iterations 3
ExecutionTime = 122.82 s  ClockTime = 125 s

forceCoeffs forceCoeffs1 write:
    Cm    = 0.157023
    Cd    = 0.413388
    Cl    = 0.0689959
    Cl(f) = 0.191521
    Cl(r) = -0.122525

Time = 274

smoothSolver:  Solving for Ux, Initial residual = 7.77819e-05, Final residual = 6.98621e-06, No Iterations 7
smoothSolver:  Solving for Uy, Initial residual = 0.0016494, Final residual = 0.00016216, No Iterations 6
smoothSolver:  Solving for Uz, Initial residual = 0.00156017, Final residual = 0.000148344, No Iterations 6
GAMG:  Solving for p, Initial residual = 0.000877353, Final residual = 3.83164e-06, No Iterations 4
time step continuity errors : sum local = 7.31158e-06, global = -2.14518e-07, cumulative = 0.000176877
smoothSolver:  Solving for omega, Initial residual = 1.39653e-05, Final residual = 7.63266e-07, No Iterations 3
smoothSolver:  Solving for k, Initial residual = 0.000160674, Final residual = 1.24658e-05, No Iterations 3
ExecutionTime = 123.33 s  ClockTime = 126 s

forceCoeffs forceCoeffs1 write:
    Cm    = 0.157071
    Cd    = 0.413382
    Cl    = 0.0689497
    Cl(f) = 0.191546
    Cl(r) = -0.122596

Time = 275

smoothSolver:  Solving for Ux, Initial residual = 7.71877e-05, Final residual = 6.94955e-06, No Iterations 7
smoothSolver:  Solving for Uy, Initial residual = 0.00164001, Final residual = 0.000162264, No Iterations 6
smoothSolver:  Solving for Uz, Initial residual = 0.00154287, Final residual = 0.00014694, No Iterations 6
GAMG:  Solving for p, Initial residual = 0.000877212, Final residual = 3.83116e-06, No Iterations 4
time step continuity errors : sum local = 7.31118e-06, global = -1.14443e-07, cumulative = 0.000176762
smoothSolver:  Solving for omega, Initial residual = 1.42692e-05, Final residual = 7.71095e-07, No Iterations 3
smoothSolver:  Solving for k, Initial residual = 0.000161533, Final residual = 1.26762e-05, No Iterations 3
ExecutionTime = 123.78 s  ClockTime = 126 s

forceCoeffs forceCoeffs1 write:
    Cm    = 0.157149
    Cd    = 0.413432
    Cl    = 0.0690107
    Cl(f) = 0.191655
    Cl(r) = -0.122644

Time = 276

smoothSolver:  Solving for Ux, Initial residual = 7.61829e-05, Final residual = 6.87178e-06, No Iterations 7
smoothSolver:  Solving for Uy, Initial residual = 0.00163373, Final residual = 0.000163368, No Iterations 6
smoothSolver:  Solving for Uz, Initial residual = 0.00153146, Final residual = 0.000146641, No Iterations 6
GAMG:  Solving for p, Initial residual = 0.000879174, Final residual = 3.80411e-06, No Iterations 4
time step continuity errors : sum local = 7.26034e-06, global = 3.84257e-08, cumulative = 0.000176801
smoothSolver:  Solving for omega, Initial residual = 1.4245e-05, Final residual = 7.71706e-07, No Iterations 3
smoothSolver:  Solving for k, Initial residual = 0.00016193, Final residual = 1.28659e-05, No Iterations 3
ExecutionTime = 124.1 s  ClockTime = 126 s

forceCoeffs forceCoeffs1 write:
    Cm    = 0.157208
    Cd    = 0.413464
    Cl    = 0.0689195
    Cl(f) = 0.191668
    Cl(r) = -0.122749

Time = 277

smoothSolver:  Solving for Ux, Initial residual = 7.56975e-05, Final residual = 6.89211e-06, No Iterations 7
smoothSolver:  Solving for Uy, Initial residual = 0.00163319, Final residual = 0.000121826, No Iterations 7
smoothSolver:  Solving for Uz, Initial residual = 0.00152708, Final residual = 0.000146229, No Iterations 6
GAMG:  Solving for p, Initial residual = 0.000885154, Final residual = 3.90231e-06, No Iterations 4
time step continuity errors : sum local = 7.44917e-06, global = 1.40521e-07, cumulative = 0.000176941
smoothSolver:  Solving for omega, Initial residual = 1.43662e-05, Final residual = 7.79347e-07, No Iterations 3
smoothSolver:  Solving for k, Initial residual = 0.000162396, Final residual = 1.30596e-05, No Iterations 3
ExecutionTime = 124.43 s  ClockTime = 127 s

forceCoeffs forceCoeffs1 write:
    Cm    = 0.157267
    Cd    = 0.413533
    Cl    = 0.0689224
    Cl(f) = 0.191728
    Cl(r) = -0.122806

Time = 278

smoothSolver:  Solving for Ux, Initial residual = 7.56141e-05, Final residual = 6.95642e-06, No Iterations 7
smoothSolver:  Solving for Uy, Initial residual = 0.00164263, Final residual = 0.000122945, No Iterations 7
smoothSolver:  Solving for Uz, Initial residual = 0.00154759, Final residual = 0.000148899, No Iterations 6
GAMG:  Solving for p, Initial residual = 0.000889268, Final residual = 3.82567e-06, No Iterations 4
time step continuity errors : sum local = 7.30427e-06, global = 2.24031e-07, cumulative = 0.000177165
smoothSolver:  Solving for omega, Initial residual = 1.45311e-05, Final residual = 7.87707e-07, No Iterations 3
smoothSolver:  Solving for k, Initial residual = 0.000162837, Final residual = 1.32455e-05, No Iterations 3
ExecutionTime = 124.77 s  ClockTime = 127 s

forceCoeffs forceCoeffs1 write:
    Cm    = 0.15729
    Cd    = 0.413549
    Cl    = 0.0688039
    Cl(f) = 0.191692
    Cl(r) = -0.122888

Time = 279

smoothSolver:  Solving for Ux, Initial residual = 7.58688e-05, Final residual = 7.09074e-06, No Iterations 7
smoothSolver:  Solving for Uy, Initial residual = 0.00165107, Final residual = 0.000123909, No Iterations 7
smoothSolver:  Solving for Uz, Initial residual = 0.00155171, Final residual = 0.000150282, No Iterations 6
GAMG:  Solving for p, Initial residual = 0.000895773, Final residual = 3.7992e-06, No Iterations 4
time step continuity errors : sum local = 7.25544e-06, global = 2.35166e-07, cumulative = 0.0001774
smoothSolver:  Solving for omega, Initial residual = 1.4962e-05, Final residual = 8.02878e-07, No Iterations 3
smoothSolver:  Solving for k, Initial residual = 0.000163823, Final residual = 1.34474e-05, No Iterations 3
ExecutionTime = 125.13 s  ClockTime = 127 s

forceCoeffs forceCoeffs1 write:
    Cm    = 0.157324
    Cd    = 0.413603
    Cl    = 0.0688235
    Cl(f) = 0.191736
    Cl(r) = -0.122912

Time = 280

smoothSolver:  Solving for Ux, Initial residual = 7.62692e-05, Final residual = 7.21667e-06, No Iterations 7
smoothSolver:  Solving for Uy, Initial residual = 0.00166977, Final residual = 0.00012583, No Iterations 7
smoothSolver:  Solving for Uz, Initial residual = 0.00156902, Final residual = 0.000153259, No Iterations 6
GAMG:  Solving for p, Initial residual = 0.000905666, Final residual = 3.81204e-06, No Iterations 4
time step continuity errors : sum local = 7.28134e-06, global = 2.27433e-07, cumulative = 0.000177628
smoothSolver:  Solving for omega, Initial residual = 1.5179e-05, Final residual = 8.22172e-07, No Iterations 3
smoothSolver:  Solving for k, Initial residual = 0.000165265, Final residual = 1.36491e-05, No Iterations 3
ExecutionTime = 125.57 s  ClockTime = 128 s

forceCoeffs forceCoeffs1 write:
    Cm    = 0.157352
    Cd    = 0.413646
    Cl    = 0.0687423
    Cl(f) = 0.191723
    Cl(r) = -0.122981

Time = 281

smoothSolver:  Solving for Ux, Initial residual = 7.78405e-05, Final residual = 7.4583e-06, No Iterations 7
smoothSolver:  Solving for Uy, Initial residual = 0.00169913, Final residual = 0.000128396, No Iterations 7
smoothSolver:  Solving for Uz, Initial residual = 0.00159675, Final residual = 0.000157309, No Iterations 6
GAMG:  Solving for p, Initial residual = 0.000921771, Final residual = 3.8884e-06, No Iterations 4
time step continuity errors : sum local = 7.42866e-06, global = 1.99208e-07, cumulative = 0.000177827
smoothSolver:  Solving for omega, Initial residual = 1.55325e-05, Final residual = 8.41577e-07, No Iterations 3
smoothSolver:  Solving for k, Initial residual = 0.000167018, Final residual = 1.38481e-05, No Iterations 3
ExecutionTime = 126.07 s  ClockTime = 128 s

forceCoeffs forceCoeffs1 write:
    Cm    = 0.157388
    Cd    = 0.413724
    Cl    = 0.0687894
    Cl(f) = 0.191782
    Cl(r) = -0.122993

Time = 282

smoothSolver:  Solving for Ux, Initial residual = 7.97729e-05, Final residual = 7.7164e-06, No Iterations 7
smoothSolver:  Solving for Uy, Initial residual = 0.00173783, Final residual = 0.00013183, No Iterations 7
smoothSolver:  Solving for Uz, Initial residual = 0.0016376, Final residual = 0.000162321, No Iterations 6
GAMG:  Solving for p, Initial residual = 0.000934195, Final residual = 3.87148e-06, No Iterations 4
time step continuity errors : sum local = 7.39712e-06, global = 1.71109e-07, cumulative = 0.000177998
smoothSolver:  Solving for omega, Initial residual = 1.5745e-05, Final residual = 8.6522e-07, No Iterations 3
smoothSolver:  Solving for k, Initial residual = 0.000168994, Final residual = 1.40202e-05, No Iterations 3
ExecutionTime = 126.6 s  ClockTime = 129 s

forceCoeffs forceCoeffs1 write:
    Cm    = 0.157411
    Cd    = 0.413785
    Cl    = 0.0687301
    Cl(f) = 0.191776
    Cl(r) = -0.123046

Time = 283

smoothSolver:  Solving for Ux, Initial residual = 8.19042e-05, Final residual = 7.92999e-06, No Iterations 7
smoothSolver:  Solving for Uy, Initial residual = 0.00178295, Final residual = 0.000134437, No Iterations 7
smoothSolver:  Solving for Uz, Initial residual = 0.00166571, Final residual = 0.000166377, No Iterations 6
GAMG:  Solving for p, Initial residual = 0.000955523, Final residual = 3.98581e-06, No Iterations 4
time step continuity errors : sum local = 7.6163e-06, global = 1.51041e-07, cumulative = 0.000178149
smoothSolver:  Solving for omega, Initial residual = 1.61743e-05, Final residual = 8.86893e-07, No Iterations 3
smoothSolver:  Solving for k, Initial residual = 0.000171076, Final residual = 1.42001e-05, No Iterations 3
ExecutionTime = 127.11 s  ClockTime = 129 s

forceCoeffs forceCoeffs1 write:
    Cm    = 0.157459
    Cd    = 0.41391
    Cl    = 0.068794
    Cl(f) = 0.191856
    Cl(r) = -0.123062

Time = 284

smoothSolver:  Solving for Ux, Initial residual = 8.41426e-05, Final residual = 8.1233e-06, No Iterations 7
smoothSolver:  Solving for Uy, Initial residual = 0.00182819, Final residual = 0.00013758, No Iterations 7
smoothSolver:  Solving for Uz, Initial residual = 0.00171371, Final residual = 0.000127089, No Iterations 7
GAMG:  Solving for p, Initial residual = 0.000978907, Final residual = 4.13397e-06, No Iterations 4
time step continuity errors : sum local = 7.89978e-06, global = 1.71214e-07, cumulative = 0.00017832
smoothSolver:  Solving for omega, Initial residual = 1.65884e-05, Final residual = 9.11345e-07, No Iterations 3
smoothSolver:  Solving for k, Initial residual = 0.000173377, Final residual = 1.43679e-05, No Iterations 3
ExecutionTime = 127.64 s  ClockTime = 130 s

forceCoeffs forceCoeffs1 write:
    Cm    = 0.157488
    Cd    = 0.414026
    Cl    = 0.0687166
    Cl(f) = 0.191846
    Cl(r) = -0.12313

Time = 285

smoothSolver:  Solving for Ux, Initial residual = 8.6937e-05, Final residual = 8.3627e-06, No Iterations 7
smoothSolver:  Solving for Uy, Initial residual = 0.00188658, Final residual = 0.000141237, No Iterations 7
smoothSolver:  Solving for Uz, Initial residual = 0.00176432, Final residual = 0.000130687, No Iterations 7
GAMG:  Solving for p, Initial residual = 0.0010058, Final residual = 4.31636e-06, No Iterations 4
time step continuity errors : sum local = 8.24904e-06, global = 1.8327e-07, cumulative = 0.000178504
smoothSolver:  Solving for omega, Initial residual = 1.70989e-05, Final residual = 9.42349e-07, No Iterations 3
smoothSolver:  Solving for k, Initial residual = 0.000175828, Final residual = 1.4553e-05, No Iterations 3
ExecutionTime = 128.14 s  ClockTime = 130 s

forceCoeffs forceCoeffs1 write:
    Cm    = 0.15752
    Cd    = 0.41417
    Cl    = 0.0687584
    Cl(f) = 0.191899
    Cl(r) = -0.123141

Time = 286

smoothSolver:  Solving for Ux, Initial residual = 9.0274e-05, Final residual = 8.60688e-06, No Iterations 7
smoothSolver:  Solving for Uy, Initial residual = 0.00194653, Final residual = 0.0001452, No Iterations 7
smoothSolver:  Solving for Uz, Initial residual = 0.00183263, Final residual = 0.000135554, No Iterations 7
GAMG:  Solving for p, Initial residual = 0.00102852, Final residual = 4.32413e-06, No Iterations 4
time step continuity errors : sum local = 8.26419e-06, global = 1.97673e-07, cumulative = 0.000178701
smoothSolver:  Solving for omega, Initial residual = 1.77424e-05, Final residual = 9.76292e-07, No Iterations 3
smoothSolver:  Solving for k, Initial residual = 0.000178624, Final residual = 1.4736e-05, No Iterations 3
ExecutionTime = 128.67 s  ClockTime = 131 s

forceCoeffs forceCoeffs1 write:
    Cm    = 0.157574
    Cd    = 0.414339
    Cl    = 0.0686974
    Cl(f) = 0.191923
    Cl(r) = -0.123225

Time = 287

smoothSolver:  Solving for Ux, Initial residual = 9.31471e-05, Final residual = 8.82479e-06, No Iterations 7
smoothSolver:  Solving for Uy, Initial residual = 0.002017, Final residual = 0.000149755, No Iterations 7
smoothSolver:  Solving for Uz, Initial residual = 0.0018815, Final residual = 0.000139744, No Iterations 7
GAMG:  Solving for p, Initial residual = 0.00105768, Final residual = 4.56076e-06, No Iterations 4
time step continuity errors : sum local = 8.71688e-06, global = 2.19675e-07, cumulative = 0.000178921
smoothSolver:  Solving for omega, Initial residual = 1.83469e-05, Final residual = 1.00273e-06, No Iterations 3
smoothSolver:  Solving for k, Initial residual = 0.000181574, Final residual = 1.49631e-05, No Iterations 3
ExecutionTime = 129.08 s  ClockTime = 131 s

forceCoeffs forceCoeffs1 write:
    Cm    = 0.157663
    Cd    = 0.414603
    Cl    = 0.0687214
    Cl(f) = 0.192024
    Cl(r) = -0.123302

Time = 288

smoothSolver:  Solving for Ux, Initial residual = 9.689e-05, Final residual = 9.06761e-06, No Iterations 7
smoothSolver:  Solving for Uy, Initial residual = 0.00208759, Final residual = 0.000154307, No Iterations 7
smoothSolver:  Solving for Uz, Initial residual = 0.00195012, Final residual = 0.000144844, No Iterations 7
GAMG:  Solving for p, Initial residual = 0.00108336, Final residual = 4.7216e-06, No Iterations 4
time step continuity errors : sum local = 9.02408e-06, global = 2.78552e-07, cumulative = 0.0001792
smoothSolver:  Solving for omega, Initial residual = 1.86118e-05, Final residual = 1.03972e-06, No Iterations 3
smoothSolver:  Solving for k, Initial residual = 0.000185096, Final residual = 1.52482e-05, No Iterations 3
ExecutionTime = 129.4 s  ClockTime = 132 s

forceCoeffs forceCoeffs1 write:
    Cm    = 0.157749
    Cd    = 0.414869
    Cl    = 0.068622
    Cl(f) = 0.19206
    Cl(r) = -0.123438

Time = 289

smoothSolver:  Solving for Ux, Initial residual = 9.99573e-05, Final residual = 9.32891e-06, No Iterations 7
smoothSolver:  Solving for Uy, Initial residual = 0.00217371, Final residual = 0.000160291, No Iterations 7
smoothSolver:  Solving for Uz, Initial residual = 0.00202135, Final residual = 0.000150325, No Iterations 7
GAMG:  Solving for p, Initial residual = 0.00111861, Final residual = 5.15058e-06, No Iterations 4
time step continuity errors : sum local = 9.84487e-06, global = 3.36149e-07, cumulative = 0.000179536
smoothSolver:  Solving for omega, Initial residual = 1.92191e-05, Final residual = 1.07155e-06, No Iterations 3
smoothSolver:  Solving for k, Initial residual = 0.000189154, Final residual = 1.56016e-05, No Iterations 3
ExecutionTime = 129.73 s  ClockTime = 132 s

forceCoeffs forceCoeffs1 write:
    Cm    = 0.157832
    Cd    = 0.415168
    Cl    = 0.0685774
    Cl(f) = 0.19212
    Cl(r) = -0.123543

Time = 290

smoothSolver:  Solving for Ux, Initial residual = 0.000104345, Final residual = 9.68028e-06, No Iterations 7
smoothSolver:  Solving for Uy, Initial residual = 0.00226604, Final residual = 0.000167325, No Iterations 7
smoothSolver:  Solving for Uz, Initial residual = 0.00210167, Final residual = 0.000156379, No Iterations 7
GAMG:  Solving for p, Initial residual = 0.00114117, Final residual = 5.35335e-06, No Iterations 4
time step continuity errors : sum local = 1.02329e-05, global = 4.13025e-07, cumulative = 0.000179949
smoothSolver:  Solving for omega, Initial residual = 1.96922e-05, Final residual = 1.10548e-06, No Iterations 3
smoothSolver:  Solving for k, Initial residual = 0.000193592, Final residual = 1.59975e-05, No Iterations 3
ExecutionTime = 130.07 s  ClockTime = 132 s

forceCoeffs forceCoeffs1 write:
    Cm    = 0.157949
    Cd    = 0.415501
    Cl    = 0.0684364
    Cl(f) = 0.192167
    Cl(r) = -0.12373

Time = 291

smoothSolver:  Solving for Ux, Initial residual = 0.000107835, Final residual = 1.00079e-05, No Iterations 7
smoothSolver:  Solving for Uy, Initial residual = 0.00236839, Final residual = 0.000176171, No Iterations 7
smoothSolver:  Solving for Uz, Initial residual = 0.00215988, Final residual = 0.000161759, No Iterations 7
GAMG:  Solving for p, Initial residual = 0.00117458, Final residual = 5.80123e-06, No Iterations 4
time step continuity errors : sum local = 1.10909e-05, global = 4.77131e-07, cumulative = 0.000180426
smoothSolver:  Solving for omega, Initial residual = 2.00022e-05, Final residual = 1.14403e-06, No Iterations 3
smoothSolver:  Solving for k, Initial residual = 0.000199452, Final residual = 1.64876e-05, No Iterations 3
ExecutionTime = 130.43 s  ClockTime = 133 s

forceCoeffs forceCoeffs1 write:
    Cm    = 0.158057
    Cd    = 0.415861
    Cl    = 0.0683284
    Cl(f) = 0.192221
    Cl(r) = -0.123893

Time = 292

smoothSolver:  Solving for Ux, Initial residual = 0.000112352, Final residual = 1.03013e-05, No Iterations 7
smoothSolver:  Solving for Uy, Initial residual = 0.00246266, Final residual = 0.000183767, No Iterations 7
smoothSolver:  Solving for Uz, Initial residual = 0.00222345, Final residual = 0.000167042, No Iterations 7
GAMG:  Solving for p, Initial residual = 0.00120061, Final residual = 6.05603e-06, No Iterations 4
time step continuity errors : sum local = 1.15795e-05, global = 5.57188e-07, cumulative = 0.000180983
smoothSolver:  Solving for omega, Initial residual = 2.05156e-05, Final residual = 1.17169e-06, No Iterations 3
smoothSolver:  Solving for k, Initial residual = 0.000206813, Final residual = 1.70403e-05, No Iterations 3
ExecutionTime = 130.91 s  ClockTime = 133 s

forceCoeffs forceCoeffs1 write:
    Cm    = 0.158176
    Cd    = 0.416204
    Cl    = 0.0681179
    Cl(f) = 0.192235
    Cl(r) = -0.124117

Time = 293

smoothSolver:  Solving for Ux, Initial residual = 0.000116169, Final residual = 1.06384e-05, No Iterations 7
smoothSolver:  Solving for Uy, Initial residual = 0.00256139, Final residual = 0.000192001, No Iterations 7
smoothSolver:  Solving for Uz, Initial residual = 0.00229276, Final residual = 0.000172776, No Iterations 7
GAMG:  Solving for p, Initial residual = 0.00123446, Final residual = 6.37144e-06, No Iterations 4
time step continuity errors : sum local = 1.21866e-05, global = 6.16554e-07, cumulative = 0.0001816
smoothSolver:  Solving for omega, Initial residual = 2.11314e-05, Final residual = 1.20799e-06, No Iterations 3
smoothSolver:  Solving for k, Initial residual = 0.00021577, Final residual = 1.76685e-05, No Iterations 3
ExecutionTime = 131.42 s  ClockTime = 134 s

forceCoeffs forceCoeffs1 write:
    Cm    = 0.158247
    Cd    = 0.416486
    Cl    = 0.0679319
    Cl(f) = 0.192213
    Cl(r) = -0.124281

Time = 294

smoothSolver:  Solving for Ux, Initial residual = 0.000121069, Final residual = 1.10346e-05, No Iterations 7
smoothSolver:  Solving for Uy, Initial residual = 0.00264997, Final residual = 0.000199515, No Iterations 7
smoothSolver:  Solving for Uz, Initial residual = 0.00236243, Final residual = 0.000177717, No Iterations 7
GAMG:  Solving for p, Initial residual = 0.00125638, Final residual = 6.45152e-06, No Iterations 4
time step continuity errors : sum local = 1.23437e-05, global = 6.65081e-07, cumulative = 0.000182265
smoothSolver:  Solving for omega, Initial residual = 2.16202e-05, Final residual = 1.24692e-06, No Iterations 3
smoothSolver:  Solving for k, Initial residual = 0.000226225, Final residual = 1.83564e-05, No Iterations 3
ExecutionTime = 131.94 s  ClockTime = 134 s

forceCoeffs forceCoeffs1 write:
    Cm    = 0.158299
    Cd    = 0.416657
    Cl    = 0.0677087
    Cl(f) = 0.192153
    Cl(r) = -0.124445

Time = 295

smoothSolver:  Solving for Ux, Initial residual = 0.000124526, Final residual = 1.13658e-05, No Iterations 7
smoothSolver:  Solving for Uy, Initial residual = 0.00273271, Final residual = 0.000206027, No Iterations 7
smoothSolver:  Solving for Uz, Initial residual = 0.00241689, Final residual = 0.000182026, No Iterations 7
GAMG:  Solving for p, Initial residual = 0.00128584, Final residual = 6.64256e-06, No Iterations 4
time step continuity errors : sum local = 1.27148e-05, global = 6.9537e-07, cumulative = 0.00018296
smoothSolver:  Solving for omega, Initial residual = 2.24959e-05, Final residual = 1.28828e-06, No Iterations 3
smoothSolver:  Solving for k, Initial residual = 0.000238342, Final residual = 1.90778e-05, No Iterations 3
ExecutionTime = 132.46 s  ClockTime = 135 s

forceCoeffs forceCoeffs1 write:
    Cm    = 0.158307
    Cd    = 0.416758
    Cl    = 0.0675202
    Cl(f) = 0.192067
    Cl(r) = -0.124547

Time = 296

smoothSolver:  Solving for Ux, Initial residual = 0.000129156, Final residual = 1.17789e-05, No Iterations 7
smoothSolver:  Solving for Uy, Initial residual = 0.00281123, Final residual = 0.000211723, No Iterations 7
smoothSolver:  Solving for Uz, Initial residual = 0.00248575, Final residual = 0.000185218, No Iterations 7
GAMG:  Solving for p, Initial residual = 0.00130951, Final residual = 6.58668e-06, No Iterations 4
time step continuity errors : sum local = 1.26132e-05, global = 7.25451e-07, cumulative = 0.000183685
smoothSolver:  Solving for omega, Initial residual = 2.31405e-05, Final residual = 1.32636e-06, No Iterations 3
smoothSolver:  Solving for k, Initial residual = 0.000251741, Final residual = 1.98283e-05, No Iterations 3
ExecutionTime = 132.95 s  ClockTime = 135 s

forceCoeffs forceCoeffs1 write:
    Cm    = 0.158249
    Cd    = 0.416706
    Cl    = 0.06724
    Cl(f) = 0.191869
    Cl(r) = -0.124629

Time = 297

smoothSolver:  Solving for Ux, Initial residual = 0.000132563, Final residual = 1.21987e-05, No Iterations 7
smoothSolver:  Solving for Uy, Initial residual = 0.00289116, Final residual = 0.00021645, No Iterations 7
smoothSolver:  Solving for Uz, Initial residual = 0.00254577, Final residual = 0.000188395, No Iterations 7
GAMG:  Solving for p, Initial residual = 0.001348, Final residual = 6.68047e-06, No Iterations 4
time step continuity errors : sum local = 1.28004e-05, global = 6.75123e-07, cumulative = 0.000184361
smoothSolver:  Solving for omega, Initial residual = 2.38418e-05, Final residual = 1.36887e-06, No Iterations 3
smoothSolver:  Solving for k, Initial residual = 0.00026543, Final residual = 2.05477e-05, No Iterations 3
ExecutionTime = 133.48 s  ClockTime = 136 s

forceCoeffs forceCoeffs1 write:
    Cm    = 0.158133
    Cd    = 0.41651
    Cl    = 0.0670419
    Cl(f) = 0.191654
    Cl(r) = -0.124612

Time = 298

smoothSolver:  Solving for Ux, Initial residual = 0.0001378, Final residual = 1.27416e-05, No Iterations 7
smoothSolver:  Solving for Uy, Initial residual = 0.00297944, Final residual = 0.000223913, No Iterations 7
smoothSolver:  Solving for Uz, Initial residual = 0.00265401, Final residual = 0.000265142, No Iterations 6
GAMG:  Solving for p, Initial residual = 0.00136937, Final residual = 6.5589e-06, No Iterations 4
time step continuity errors : sum local = 1.25732e-05, global = 5.31409e-07, cumulative = 0.000184892
smoothSolver:  Solving for omega, Initial residual = 2.44538e-05, Final residual = 1.40215e-06, No Iterations 3
smoothSolver:  Solving for k, Initial residual = 0.00027962, Final residual = 2.12163e-05, No Iterations 3
ExecutionTime = 134.02 s  ClockTime = 136 s

forceCoeffs forceCoeffs1 write:
    Cm    = 0.157996
    Cd    = 0.416179
    Cl    = 0.0668282
    Cl(f) = 0.19141
    Cl(r) = -0.124582

Time = 299

smoothSolver:  Solving for Ux, Initial residual = 0.000141615, Final residual = 1.32986e-05, No Iterations 7
smoothSolver:  Solving for Uy, Initial residual = 0.00306013, Final residual = 0.000233654, No Iterations 7
smoothSolver:  Solving for Uz, Initial residual = 0.00275173, Final residual = 0.000208954, No Iterations 7
GAMG:  Solving for p, Initial residual = 0.00140547, Final residual = 6.78766e-06, No Iterations 4
time step continuity errors : sum local = 1.30189e-05, global = 2.78573e-07, cumulative = 0.000185171
smoothSolver:  Solving for omega, Initial residual = 2.51647e-05, Final residual = 1.43472e-06, No Iterations 3
smoothSolver:  Solving for k, Initial residual = 0.000293611, Final residual = 2.19189e-05, No Iterations 3
ExecutionTime = 134.37 s  ClockTime = 137 s

forceCoeffs forceCoeffs1 write:
    Cm    = 0.157817
    Cd    = 0.415736
    Cl    = 0.0667495
    Cl(f) = 0.191192
    Cl(r) = -0.124442

Time = 300

smoothSolver:  Solving for Ux, Initial residual = 0.00014684, Final residual = 1.40271e-05, No Iterations 7
smoothSolver:  Solving for Uy, Initial residual = 0.00317186, Final residual = 0.000249735, No Iterations 7
smoothSolver:  Solving for Uz, Initial residual = 0.00287153, Final residual = 0.000225408, No Iterations 7
GAMG:  Solving for p, Initial residual = 0.00142547, Final residual = 7.07124e-06, No Iterations 4
time step continuity errors : sum local = 1.35679e-05, global = 2.70513e-08, cumulative = 0.000185198
smoothSolver:  Solving for omega, Initial residual = 2.60741e-05, Final residual = 1.50289e-06, No Iterations 3
smoothSolver:  Solving for k, Initial residual = 0.000306926, Final residual = 2.26944e-05, No Iterations 3
ExecutionTime = 134.7 s  ClockTime = 137 s

streamLine streamLines write:
    seeded 20 particles
    Tracks:20
    Total samples:18233
    Writing data to "/mnt/aiongpfs/users/mghavami/motorBike-RUN-06/postProcessing/sets/streamLines/300"
forceCoeffs forceCoeffs1 write:
    Cm    = 0.157642
    Cd    = 0.415222
    Cl    = 0.06665
    Cl(f) = 0.190967
    Cl(r) = -0.124317

Time = 301

smoothSolver:  Solving for Ux, Initial residual = 0.000151757, Final residual = 1.47914e-05, No Iterations 7
smoothSolver:  Solving for Uy, Initial residual = 0.00330461, Final residual = 0.000268772, No Iterations 7
smoothSolver:  Solving for Uz, Initial residual = 0.00299391, Final residual = 0.000245905, No Iterations 7
GAMG:  Solving for p, Initial residual = 0.00145714, Final residual = 7.57518e-06, No Iterations 4
time step continuity errors : sum local = 1.45394e-05, global = -2.3493e-07, cumulative = 0.000184963
smoothSolver:  Solving for omega, Initial residual = 2.66951e-05, Final residual = 1.56196e-06, No Iterations 3
smoothSolver:  Solving for k, Initial residual = 0.000320901, Final residual = 2.37087e-05, No Iterations 3
ExecutionTime = 135.32 s  ClockTime = 138 s

forceCoeffs forceCoeffs1 write:
    Cm    = 0.15746
    Cd    = 0.414689
    Cl    = 0.0666352
    Cl(f) = 0.190777
    Cl(r) = -0.124142

Time = 302

smoothSolver:  Solving for Ux, Initial residual = 0.00015761, Final residual = 1.56054e-05, No Iterations 7
smoothSolver:  Solving for Uy, Initial residual = 0.00344877, Final residual = 0.000287759, No Iterations 7
smoothSolver:  Solving for Uz, Initial residual = 0.00313602, Final residual = 0.000264895, No Iterations 7
GAMG:  Solving for p, Initial residual = 0.0014674, Final residual = 7.85274e-06, No Iterations 4
time step continuity errors : sum local = 1.50708e-05, global = -3.71946e-07, cumulative = 0.000184591
smoothSolver:  Solving for omega, Initial residual = 2.71327e-05, Final residual = 1.62103e-06, No Iterations 3
smoothSolver:  Solving for k, Initial residual = 0.000336215, Final residual = 2.50212e-05, No Iterations 3
ExecutionTime = 135.69 s  ClockTime = 138 s

forceCoeffs forceCoeffs1 write:
    Cm    = 0.157355
    Cd    = 0.414221
    Cl    = 0.066559
    Cl(f) = 0.190635
    Cl(r) = -0.124076

Time = 303

smoothSolver:  Solving for Ux, Initial residual = 0.000161348, Final residual = 1.22111e-05, No Iterations 8
smoothSolver:  Solving for Uy, Initial residual = 0.00357917, Final residual = 0.000303706, No Iterations 7
smoothSolver:  Solving for Uz, Initial residual = 0.00321422, Final residual = 0.000277389, No Iterations 7
GAMG:  Solving for p, Initial residual = 0.00148545, Final residual = 8.12251e-06, No Iterations 4
time step continuity errors : sum local = 1.55848e-05, global = -4.67182e-07, cumulative = 0.000184124
smoothSolver:  Solving for omega, Initial residual = 2.7972e-05, Final residual = 1.68317e-06, No Iterations 3
smoothSolver:  Solving for k, Initial residual = 0.000352002, Final residual = 2.64607e-05, No Iterations 3
ExecutionTime = 136.22 s  ClockTime = 139 s

forceCoeffs forceCoeffs1 write:
    Cm    = 0.157302
    Cd    = 0.413851
    Cl    = 0.0665864
    Cl(f) = 0.190595
    Cl(r) = -0.124008

Time = 304

smoothSolver:  Solving for Ux, Initial residual = 0.000165244, Final residual = 1.25245e-05, No Iterations 8
smoothSolver:  Solving for Uy, Initial residual = 0.00367212, Final residual = 0.000316596, No Iterations 7
smoothSolver:  Solving for Uz, Initial residual = 0.00326667, Final residual = 0.000285218, No Iterations 7
GAMG:  Solving for p, Initial residual = 0.00148292, Final residual = 8.12689e-06, No Iterations 4
time step continuity errors : sum local = 1.55851e-05, global = -5.20999e-07, cumulative = 0.000183603
smoothSolver:  Solving for omega, Initial residual = 2.8377e-05, Final residual = 1.7275e-06, No Iterations 3
smoothSolver:  Solving for k, Initial residual = 0.000364465, Final residual = 2.77187e-05, No Iterations 3
ExecutionTime = 136.74 s  ClockTime = 139 s

forceCoeffs forceCoeffs1 write:
    Cm    = 0.157331
    Cd    = 0.413579
    Cl    = 0.0665427
    Cl(f) = 0.190602
    Cl(r) = -0.124059

Time = 305

smoothSolver:  Solving for Ux, Initial residual = 0.000167479, Final residual = 1.27437e-05, No Iterations 8
smoothSolver:  Solving for Uy, Initial residual = 0.00369182, Final residual = 0.000321043, No Iterations 7
smoothSolver:  Solving for Uz, Initial residual = 0.00325423, Final residual = 0.00028448, No Iterations 7
GAMG:  Solving for p, Initial residual = 0.00148711, Final residual = 8.23693e-06, No Iterations 4
time step continuity errors : sum local = 1.5788e-05, global = -5.93061e-07, cumulative = 0.00018301
smoothSolver:  Solving for omega, Initial residual = 2.88443e-05, Final residual = 1.74693e-06, No Iterations 3
smoothSolver:  Solving for k, Initial residual = 0.00037214, Final residual = 2.85512e-05, No Iterations 3
ExecutionTime = 137.27 s  ClockTime = 140 s

forceCoeffs forceCoeffs1 write:
    Cm    = 0.157404
    Cd    = 0.413438
    Cl    = 0.0665847
    Cl(f) = 0.190697
    Cl(r) = -0.124112

Time = 306

smoothSolver:  Solving for Ux, Initial residual = 0.000170139, Final residual = 1.28796e-05, No Iterations 8
smoothSolver:  Solving for Uy, Initial residual = 0.00367974, Final residual = 0.000318279, No Iterations 7
smoothSolver:  Solving for Uz, Initial residual = 0.00325262, Final residual = 0.000281483, No Iterations 7
GAMG:  Solving for p, Initial residual = 0.00147514, Final residual = 7.92807e-06, No Iterations 4
time step continuity errors : sum local = 1.51859e-05, global = -6.49891e-07, cumulative = 0.00018236
smoothSolver:  Solving for omega, Initial residual = 2.90708e-05, Final residual = 1.75257e-06, No Iterations 3
smoothSolver:  Solving for k, Initial residual = 0.000378673, Final residual = 2.89192e-05, No Iterations 3
ExecutionTime = 137.79 s  ClockTime = 140 s

forceCoeffs forceCoeffs1 write:
    Cm    = 0.157549
    Cd    = 0.413413
    Cl    = 0.0665659
    Cl(f) = 0.190832
    Cl(r) = -0.124266

Time = 307

smoothSolver:  Solving for Ux, Initial residual = 0.00017093, Final residual = 1.30012e-05, No Iterations 8
smoothSolver:  Solving for Uy, Initial residual = 0.00364079, Final residual = 0.000311817, No Iterations 7
smoothSolver:  Solving for Uz, Initial residual = 0.00321656, Final residual = 0.000275048, No Iterations 7
GAMG:  Solving for p, Initial residual = 0.00148602, Final residual = 7.63639e-06, No Iterations 4
time step continuity errors : sum local = 1.46189e-05, global = -6.26342e-07, cumulative = 0.000181733
smoothSolver:  Solving for omega, Initial residual = 2.92347e-05, Final residual = 1.73847e-06, No Iterations 3
smoothSolver:  Solving for k, Initial residual = 0.000382898, Final residual = 2.88565e-05, No Iterations 3
ExecutionTime = 138.3 s  ClockTime = 141 s

forceCoeffs forceCoeffs1 write:
    Cm    = 0.157719
    Cd    = 0.41354
    Cl    = 0.0666767
    Cl(f) = 0.191057
    Cl(r) = -0.124381

Time = 308

smoothSolver:  Solving for Ux, Initial residual = 0.000172149, Final residual = 1.31913e-05, No Iterations 8
smoothSolver:  Solving for Uy, Initial residual = 0.00362468, Final residual = 0.000310171, No Iterations 7
smoothSolver:  Solving for Uz, Initial residual = 0.00323114, Final residual = 0.000277023, No Iterations 7
GAMG:  Solving for p, Initial residual = 0.00148671, Final residual = 7.10744e-06, No Iterations 4
time step continuity errors : sum local = 1.35975e-05, global = -4.51642e-07, cumulative = 0.000181282
smoothSolver:  Solving for omega, Initial residual = 2.91852e-05, Final residual = 1.72734e-06, No Iterations 3
smoothSolver:  Solving for k, Initial residual = 0.000384507, Final residual = 2.85462e-05, No Iterations 3
ExecutionTime = 138.83 s  ClockTime = 141 s

forceCoeffs forceCoeffs1 write:
    Cm    = 0.157885
    Cd    = 0.41373
    Cl    = 0.0666886
    Cl(f) = 0.19123
    Cl(r) = -0.124541

Time = 309

smoothSolver:  Solving for Ux, Initial residual = 0.000172976, Final residual = 1.35771e-05, No Iterations 8
smoothSolver:  Solving for Uy, Initial residual = 0.00362286, Final residual = 0.000314224, No Iterations 7
smoothSolver:  Solving for Uz, Initial residual = 0.00324635, Final residual = 0.00028268, No Iterations 7
GAMG:  Solving for p, Initial residual = 0.00150252, Final residual = 7.25502e-06, No Iterations 4
time step continuity errors : sum local = 1.38736e-05, global = -2.51143e-07, cumulative = 0.000181031
smoothSolver:  Solving for omega, Initial residual = 2.91427e-05, Final residual = 1.72719e-06, No Iterations 3
smoothSolver:  Solving for k, Initial residual = 0.000385131, Final residual = 2.82093e-05, No Iterations 3
ExecutionTime = 139.33 s  ClockTime = 142 s

forceCoeffs forceCoeffs1 write:
    Cm    = 0.158019
    Cd    = 0.413993
    Cl    = 0.0668252
    Cl(f) = 0.191431
    Cl(r) = -0.124606

Time = 310

smoothSolver:  Solving for Ux, Initial residual = 0.000175394, Final residual = 1.39413e-05, No Iterations 8
smoothSolver:  Solving for Uy, Initial residual = 0.00363668, Final residual = 0.000320007, No Iterations 7
smoothSolver:  Solving for Uz, Initial residual = 0.00331672, Final residual = 0.000294966, No Iterations 7
GAMG:  Solving for p, Initial residual = 0.00149774, Final residual = 7.40638e-06, No Iterations 4
time step continuity errors : sum local = 1.41563e-05, global = -6.34336e-08, cumulative = 0.000180967
smoothSolver:  Solving for omega, Initial residual = 2.89962e-05, Final residual = 1.74036e-06, No Iterations 3
smoothSolver:  Solving for k, Initial residual = 0.000384319, Final residual = 2.81081e-05, No Iterations 3
ExecutionTime = 139.66 s  ClockTime = 142 s

forceCoeffs forceCoeffs1 write:
    Cm    = 0.158148
    Cd    = 0.414261
    Cl    = 0.0669144
    Cl(f) = 0.191606
    Cl(r) = -0.124691

Time = 311

smoothSolver:  Solving for Ux, Initial residual = 0.000175956, Final residual = 1.42095e-05, No Iterations 8
smoothSolver:  Solving for Uy, Initial residual = 0.00364809, Final residual = 0.000322942, No Iterations 7
smoothSolver:  Solving for Uz, Initial residual = 0.00332215, Final residual = 0.000300071, No Iterations 7
GAMG:  Solving for p, Initial residual = 0.00150339, Final residual = 7.98523e-06, No Iterations 4
time step continuity errors : sum local = 1.52592e-05, global = 4.22814e-08, cumulative = 0.000181009
smoothSolver:  Solving for omega, Initial residual = 2.90497e-05, Final residual = 1.75659e-06, No Iterations 3
smoothSolver:  Solving for k, Initial residual = 0.000381731, Final residual = 2.79892e-05, No Iterations 3
ExecutionTime = 139.98 s  ClockTime = 142 s

forceCoeffs forceCoeffs1 write:
    Cm    = 0.158254
    Cd    = 0.414578
    Cl    = 0.0671344
    Cl(f) = 0.191821
    Cl(r) = -0.124687

Time = 312

smoothSolver:  Solving for Ux, Initial residual = 0.000177093, Final residual = 1.43175e-05, No Iterations 8
smoothSolver:  Solving for Uy, Initial residual = 0.00364983, Final residual = 0.000324665, No Iterations 7
smoothSolver:  Solving for Uz, Initial residual = 0.00334277, Final residual = 0.000303626, No Iterations 7
GAMG:  Solving for p, Initial residual = 0.00150004, Final residual = 8.2127e-06, No Iterations 4
time step continuity errors : sum local = 1.56908e-05, global = 1.99241e-07, cumulative = 0.000181209
smoothSolver:  Solving for omega, Initial residual = 2.89605e-05, Final residual = 1.77699e-06, No Iterations 3
smoothSolver:  Solving for k, Initial residual = 0.000377202, Final residual = 2.78241e-05, No Iterations 3
ExecutionTime = 140.32 s  ClockTime = 143 s

forceCoeffs forceCoeffs1 write:
    Cm    = 0.158345
    Cd    = 0.414863
    Cl    = 0.0672515
    Cl(f) = 0.191971
    Cl(r) = -0.124719

Time = 313

smoothSolver:  Solving for Ux, Initial residual = 0.000177, Final residual = 1.43192e-05, No Iterations 8
smoothSolver:  Solving for Uy, Initial residual = 0.00365368, Final residual = 0.000323643, No Iterations 7
smoothSolver:  Solving for Uz, Initial residual = 0.0033319, Final residual = 0.000301254, No Iterations 7
GAMG:  Solving for p, Initial residual = 0.00150864, Final residual = 8.59838e-06, No Iterations 4
time step continuity errors : sum local = 1.64289e-05, global = 2.95395e-07, cumulative = 0.000181504
smoothSolver:  Solving for omega, Initial residual = 2.89704e-05, Final residual = 1.78159e-06, No Iterations 3
smoothSolver:  Solving for k, Initial residual = 0.000369468, Final residual = 2.74839e-05, No Iterations 3
ExecutionTime = 140.65 s  ClockTime = 143 s

forceCoeffs forceCoeffs1 write:
    Cm    = 0.158403
    Cd    = 0.415132
    Cl    = 0.0674176
    Cl(f) = 0.192112
    Cl(r) = -0.124694

Time = 314

smoothSolver:  Solving for Ux, Initial residual = 0.000177703, Final residual = 1.41606e-05, No Iterations 8
smoothSolver:  Solving for Uy, Initial residual = 0.00365107, Final residual = 0.000320853, No Iterations 7
smoothSolver:  Solving for Uz, Initial residual = 0.00333994, Final residual = 0.000298461, No Iterations 7
GAMG:  Solving for p, Initial residual = 0.00150161, Final residual = 8.41939e-06, No Iterations 4
time step continuity errors : sum local = 1.60879e-05, global = 4.01417e-07, cumulative = 0.000181905
smoothSolver:  Solving for omega, Initial residual = 2.86578e-05, Final residual = 1.76419e-06, No Iterations 3
smoothSolver:  Solving for k, Initial residual = 0.000358301, Final residual = 2.67871e-05, No Iterations 3
ExecutionTime = 141.06 s  ClockTime = 144 s

forceCoeffs forceCoeffs1 write:
    Cm    = 0.158464
    Cd    = 0.415359
    Cl    = 0.0674204
    Cl(f) = 0.192174
    Cl(r) = -0.124753

Time = 315

smoothSolver:  Solving for Ux, Initial residual = 0.000176906, Final residual = 1.38746e-05, No Iterations 8
smoothSolver:  Solving for Uy, Initial residual = 0.00364675, Final residual = 0.000314743, No Iterations 7
smoothSolver:  Solving for Uz, Initial residual = 0.00330535, Final residual = 0.000290383, No Iterations 7
GAMG:  Solving for p, Initial residual = 0.00150952, Final residual = 8.20989e-06, No Iterations 4
time step continuity errors : sum local = 1.56927e-05, global = 4.31924e-07, cumulative = 0.000182337
smoothSolver:  Solving for omega, Initial residual = 2.86126e-05, Final residual = 1.74717e-06, No Iterations 3
smoothSolver:  Solving for k, Initial residual = 0.000345566, Final residual = 2.58576e-05, No Iterations 3
ExecutionTime = 141.59 s  ClockTime = 144 s

forceCoeffs forceCoeffs1 write:
    Cm    = 0.158509
    Cd    = 0.41555
    Cl    = 0.0674813
    Cl(f) = 0.192249
    Cl(r) = -0.124768

Time = 316

smoothSolver:  Solving for Ux, Initial residual = 0.000175845, Final residual = 1.34248e-05, No Iterations 8
smoothSolver:  Solving for Uy, Initial residual = 0.00361952, Final residual = 0.000306082, No Iterations 7
smoothSolver:  Solving for Uz, Initial residual = 0.00327931, Final residual = 0.000281643, No Iterations 7
GAMG:  Solving for p, Initial residual = 0.00150276, Final residual = 7.70098e-06, No Iterations 4
time step continuity errors : sum local = 1.47242e-05, global = 4.59464e-07, cumulative = 0.000182797
smoothSolver:  Solving for omega, Initial residual = 2.80482e-05, Final residual = 1.69964e-06, No Iterations 3
smoothSolver:  Solving for k, Initial residual = 0.000331044, Final residual = 2.48362e-05, No Iterations 3
ExecutionTime = 142.1 s  ClockTime = 145 s

forceCoeffs forceCoeffs1 write:
    Cm    = 0.158573
    Cd    = 0.415691
    Cl    = 0.0674435
    Cl(f) = 0.192294
    Cl(r) = -0.124851

Time = 317

smoothSolver:  Solving for Ux, Initial residual = 0.000172571, Final residual = 1.72399e-05, No Iterations 7
smoothSolver:  Solving for Uy, Initial residual = 0.00356258, Final residual = 0.000294901, No Iterations 7
smoothSolver:  Solving for Uz, Initial residual = 0.00322483, Final residual = 0.000270723, No Iterations 7
GAMG:  Solving for p, Initial residual = 0.00151643, Final residual = 7.33171e-06, No Iterations 4
time step continuity errors : sum local = 1.40246e-05, global = 4.36446e-07, cumulative = 0.000183233
smoothSolver:  Solving for omega, Initial residual = 2.7356e-05, Final residual = 1.63392e-06, No Iterations 3
smoothSolver:  Solving for k, Initial residual = 0.000316797, Final residual = 2.36464e-05, No Iterations 3
ExecutionTime = 142.62 s  ClockTime = 145 s

forceCoeffs forceCoeffs1 write:
    Cm    = 0.158607
    Cd    = 0.415784
    Cl    = 0.0675064
    Cl(f) = 0.19236
    Cl(r) = -0.124854

Time = 318

smoothSolver:  Solving for Ux, Initial residual = 0.00017021, Final residual = 1.67269e-05, No Iterations 7
smoothSolver:  Solving for Uy, Initial residual = 0.00349406, Final residual = 0.000283704, No Iterations 7
smoothSolver:  Solving for Uz, Initial residual = 0.00319518, Final residual = 0.000261299, No Iterations 7
GAMG:  Solving for p, Initial residual = 0.00150705, Final residual = 6.85606e-06, No Iterations 4
time step continuity errors : sum local = 1.31178e-05, global = 4.15349e-07, cumulative = 0.000183649
smoothSolver:  Solving for omega, Initial residual = 2.66108e-05, Final residual = 1.5809e-06, No Iterations 3
smoothSolver:  Solving for k, Initial residual = 0.000303284, Final residual = 2.23816e-05, No Iterations 3
ExecutionTime = 143.15 s  ClockTime = 146 s

forceCoeffs forceCoeffs1 write:
    Cm    = 0.158669
    Cd    = 0.415842
    Cl    = 0.0675121
    Cl(f) = 0.192425
    Cl(r) = -0.124913

Time = 319

smoothSolver:  Solving for Ux, Initial residual = 0.000166057, Final residual = 1.63016e-05, No Iterations 7
smoothSolver:  Solving for Uy, Initial residual = 0.00343674, Final residual = 0.000274419, No Iterations 7
smoothSolver:  Solving for Uz, Initial residual = 0.00314346, Final residual = 0.000253952, No Iterations 7
GAMG:  Solving for p, Initial residual = 0.00151365, Final residual = 6.76778e-06, No Iterations 4
time step continuity errors : sum local = 1.29521e-05, global = 3.49894e-07, cumulative = 0.000183998
smoothSolver:  Solving for omega, Initial residual = 2.62087e-05, Final residual = 1.52581e-06, No Iterations 3
smoothSolver:  Solving for k, Initial residual = 0.000291236, Final residual = 2.11691e-05, No Iterations 3
ExecutionTime = 143.64 s  ClockTime = 146 s

forceCoeffs forceCoeffs1 write:
    Cm    = 0.158724
    Cd    = 0.415888
    Cl    = 0.0676307
    Cl(f) = 0.19254
    Cl(r) = -0.124909

Time = 320

smoothSolver:  Solving for Ux, Initial residual = 0.000162763, Final residual = 1.60116e-05, No Iterations 7
smoothSolver:  Solving for Uy, Initial residual = 0.00338666, Final residual = 0.000268588, No Iterations 7
smoothSolver:  Solving for Uz, Initial residual = 0.00311145, Final residual = 0.000249973, No Iterations 7
GAMG:  Solving for p, Initial residual = 0.00149845, Final residual = 6.9721e-06, No Iterations 4
time step continuity errors : sum local = 1.33433e-05, global = 2.54995e-07, cumulative = 0.000184253
smoothSolver:  Solving for omega, Initial residual = 2.56034e-05, Final residual = 1.48448e-06, No Iterations 3
smoothSolver:  Solving for k, Initial residual = 0.000281162, Final residual = 2.01389e-05, No Iterations 3
ExecutionTime = 144.16 s  ClockTime = 147 s

forceCoeffs forceCoeffs1 write:
    Cm    = 0.15878
    Cd    = 0.415898
    Cl    = 0.0676511
    Cl(f) = 0.192605
    Cl(r) = -0.124954

Time = 321

smoothSolver:  Solving for Ux, Initial residual = 0.000158907, Final residual = 1.19701e-05, No Iterations 8
smoothSolver:  Solving for Uy, Initial residual = 0.00334938, Final residual = 0.000265696, No Iterations 7
smoothSolver:  Solving for Uz, Initial residual = 0.00305787, Final residual = 0.000246786, No Iterations 7
GAMG:  Solving for p, Initial residual = 0.00150093, Final residual = 7.143e-06, No Iterations 4
time step continuity errors : sum local = 1.36708e-05, global = -3.2364e-08, cumulative = 0.000184221
smoothSolver:  Solving for omega, Initial residual = 2.53983e-05, Final residual = 1.46711e-06, No Iterations 3
smoothSolver:  Solving for k, Initial residual = 0.000272673, Final residual = 1.93781e-05, No Iterations 3
ExecutionTime = 144.63 s  ClockTime = 147 s

forceCoeffs forceCoeffs1 write:
    Cm    = 0.158776
    Cd    = 0.415838
    Cl    = 0.0678143
    Cl(f) = 0.192683
    Cl(r) = -0.124869

Time = 322

smoothSolver:  Solving for Ux, Initial residual = 0.000156862, Final residual = 1.18529e-05, No Iterations 8
smoothSolver:  Solving for Uy, Initial residual = 0.00332564, Final residual = 0.000263383, No Iterations 7
smoothSolver:  Solving for Uz, Initial residual = 0.00305561, Final residual = 0.000245875, No Iterations 7
GAMG:  Solving for p, Initial residual = 0.00148333, Final residual = 7.27487e-06, No Iterations 4
time step continuity errors : sum local = 1.3919e-05, global = -2.2227e-07, cumulative = 0.000183999
smoothSolver:  Solving for omega, Initial residual = 2.52132e-05, Final residual = 1.43973e-06, No Iterations 3
smoothSolver:  Solving for k, Initial residual = 0.000265985, Final residual = 1.88047e-05, No Iterations 3
ExecutionTime = 144.97 s  ClockTime = 148 s

forceCoeffs forceCoeffs1 write:
    Cm    = 0.158778
    Cd    = 0.415741
    Cl    = 0.0679491
    Cl(f) = 0.192753
    Cl(r) = -0.124804

Time = 323

smoothSolver:  Solving for Ux, Initial residual = 0.000154493, Final residual = 1.16483e-05, No Iterations 8
smoothSolver:  Solving for Uy, Initial residual = 0.00328762, Final residual = 0.000259865, No Iterations 7
smoothSolver:  Solving for Uz, Initial residual = 0.00301012, Final residual = 0.00024137, No Iterations 7
GAMG:  Solving for p, Initial residual = 0.00148073, Final residual = 7.31016e-06, No Iterations 4
time step continuity errors : sum local = 1.3981e-05, global = -3.44443e-07, cumulative = 0.000183654
smoothSolver:  Solving for omega, Initial residual = 2.52332e-05, Final residual = 1.42338e-06, No Iterations 3
smoothSolver:  Solving for k, Initial residual = 0.000259647, Final residual = 1.83646e-05, No Iterations 3
ExecutionTime = 145.3 s  ClockTime = 148 s

forceCoeffs forceCoeffs1 write:
    Cm    = 0.158761
    Cd    = 0.415628
    Cl    = 0.0682685
    Cl(f) = 0.192895
    Cl(r) = -0.124627

Time = 324

smoothSolver:  Solving for Ux, Initial residual = 0.000153098, Final residual = 1.50654e-05, No Iterations 7
smoothSolver:  Solving for Uy, Initial residual = 0.00324545, Final residual = 0.000253766, No Iterations 7
smoothSolver:  Solving for Uz, Initial residual = 0.00297924, Final residual = 0.000236869, No Iterations 7
GAMG:  Solving for p, Initial residual = 0.00147117, Final residual = 7.29741e-06, No Iterations 4
time step continuity errors : sum local = 1.39484e-05, global = -3.70477e-07, cumulative = 0.000183284
smoothSolver:  Solving for omega, Initial residual = 2.50712e-05, Final residual = 1.41409e-06, No Iterations 3
smoothSolver:  Solving for k, Initial residual = 0.000253906, Final residual = 1.79622e-05, No Iterations 3
ExecutionTime = 145.62 s  ClockTime = 148 s

forceCoeffs forceCoeffs1 write:
    Cm    = 0.158736
    Cd    = 0.415483
    Cl    = 0.0684778
    Cl(f) = 0.192975
    Cl(r) = -0.124497

Time = 325

smoothSolver:  Solving for Ux, Initial residual = 0.000151552, Final residual = 1.46842e-05, No Iterations 7
smoothSolver:  Solving for Uy, Initial residual = 0.00319375, Final residual = 0.000246068, No Iterations 7
smoothSolver:  Solving for Uz, Initial residual = 0.00293577, Final residual = 0.000230127, No Iterations 7
GAMG:  Solving for p, Initial residual = 0.00147534, Final residual = 7.19535e-06, No Iterations 4
time step continuity errors : sum local = 1.37459e-05, global = -3.66954e-07, cumulative = 0.000182917
smoothSolver:  Solving for omega, Initial residual = 2.51594e-05, Final residual = 1.40506e-06, No Iterations 3
smoothSolver:  Solving for k, Initial residual = 0.000248206, Final residual = 1.76074e-05, No Iterations 3
ExecutionTime = 145.95 s  ClockTime = 149 s

forceCoeffs forceCoeffs1 write:
    Cm    = 0.158677
    Cd    = 0.415326
    Cl    = 0.0687821
    Cl(f) = 0.193068
    Cl(r) = -0.124286

Time = 326

smoothSolver:  Solving for Ux, Initial residual = 0.000150535, Final residual = 1.43264e-05, No Iterations 7
smoothSolver:  Solving for Uy, Initial residual = 0.00316858, Final residual = 0.000241492, No Iterations 7
smoothSolver:  Solving for Uz, Initial residual = 0.00293151, Final residual = 0.000227557, No Iterations 7
GAMG:  Solving for p, Initial residual = 0.00146713, Final residual = 7.02659e-06, No Iterations 4
time step continuity errors : sum local = 1.34145e-05, global = -3.43727e-07, cumulative = 0.000182573
smoothSolver:  Solving for omega, Initial residual = 2.50755e-05, Final residual = 1.39415e-06, No Iterations 3
smoothSolver:  Solving for k, Initial residual = 0.000243449, Final residual = 1.72534e-05, No Iterations 3
ExecutionTime = 146.39 s  ClockTime = 149 s

forceCoeffs forceCoeffs1 write:
    Cm    = 0.158603
    Cd    = 0.415132
    Cl    = 0.0689714
    Cl(f) = 0.193089
    Cl(r) = -0.124117

Time = 327

smoothSolver:  Solving for Ux, Initial residual = 0.000148792, Final residual = 1.40179e-05, No Iterations 7
smoothSolver:  Solving for Uy, Initial residual = 0.00315063, Final residual = 0.000239271, No Iterations 7
smoothSolver:  Solving for Uz, Initial residual = 0.00292292, Final residual = 0.000225217, No Iterations 7
GAMG:  Solving for p, Initial residual = 0.00146938, Final residual = 6.84805e-06, No Iterations 4
time step continuity errors : sum local = 1.30655e-05, global = -3.23999e-07, cumulative = 0.000182249
smoothSolver:  Solving for omega, Initial residual = 2.50807e-05, Final residual = 1.38396e-06, No Iterations 3
smoothSolver:  Solving for k, Initial residual = 0.000238507, Final residual = 1.69216e-05, No Iterations 3
ExecutionTime = 146.92 s  ClockTime = 150 s

forceCoeffs forceCoeffs1 write:
    Cm    = 0.158521
    Cd    = 0.414948
    Cl    = 0.0692973
    Cl(f) = 0.19317
    Cl(r) = -0.123872

Time = 328

smoothSolver:  Solving for Ux, Initial residual = 0.000147119, Final residual = 1.38123e-05, No Iterations 7
smoothSolver:  Solving for Uy, Initial residual = 0.00315425, Final residual = 0.000239295, No Iterations 7
smoothSolver:  Solving for Uz, Initial residual = 0.00293003, Final residual = 0.000225444, No Iterations 7
GAMG:  Solving for p, Initial residual = 0.00146975, Final residual = 6.69267e-06, No Iterations 4
time step continuity errors : sum local = 1.27602e-05, global = -3.04303e-07, cumulative = 0.000181945
smoothSolver:  Solving for omega, Initial residual = 2.51666e-05, Final residual = 1.38017e-06, No Iterations 3
smoothSolver:  Solving for k, Initial residual = 0.000234075, Final residual = 1.6703e-05, No Iterations 3
ExecutionTime = 147.43 s  ClockTime = 150 s

forceCoeffs forceCoeffs1 write:
    Cm    = 0.158444
    Cd    = 0.414756
    Cl    = 0.0694709
    Cl(f) = 0.193179
    Cl(r) = -0.123708

Time = 329

smoothSolver:  Solving for Ux, Initial residual = 0.000145626, Final residual = 1.3722e-05, No Iterations 7
smoothSolver:  Solving for Uy, Initial residual = 0.0031557, Final residual = 0.000239903, No Iterations 7
smoothSolver:  Solving for Uz, Initial residual = 0.0029216, Final residual = 0.000225238, No Iterations 7
GAMG:  Solving for p, Initial residual = 0.00147398, Final residual = 6.6836e-06, No Iterations 4
time step continuity errors : sum local = 1.27347e-05, global = -2.91391e-07, cumulative = 0.000181654
smoothSolver:  Solving for omega, Initial residual = 2.51535e-05, Final residual = 1.37446e-06, No Iterations 3
smoothSolver:  Solving for k, Initial residual = 0.000230841, Final residual = 1.66228e-05, No Iterations 3
ExecutionTime = 147.95 s  ClockTime = 151 s

forceCoeffs forceCoeffs1 write:
    Cm    = 0.158361
    Cd    = 0.414562
    Cl    = 0.0697862
    Cl(f) = 0.193254
    Cl(r) = -0.123468

Time = 330

smoothSolver:  Solving for Ux, Initial residual = 0.000144432, Final residual = 1.38061e-05, No Iterations 7
smoothSolver:  Solving for Uy, Initial residual = 0.00316228, Final residual = 0.000239728, No Iterations 7
smoothSolver:  Solving for Uz, Initial residual = 0.00292666, Final residual = 0.000226093, No Iterations 7
GAMG:  Solving for p, Initial residual = 0.00148026, Final residual = 6.64347e-06, No Iterations 4
time step continuity errors : sum local = 1.26489e-05, global = -2.78063e-07, cumulative = 0.000181375
smoothSolver:  Solving for omega, Initial residual = 2.5118e-05, Final residual = 1.37736e-06, No Iterations 3
smoothSolver:  Solving for k, Initial residual = 0.00022901, Final residual = 1.66299e-05, No Iterations 3
ExecutionTime = 148.48 s  ClockTime = 151 s

forceCoeffs forceCoeffs1 write:
    Cm    = 0.158281
    Cd    = 0.414351
    Cl    = 0.0699289
    Cl(f) = 0.193246
    Cl(r) = -0.123317

Time = 331

smoothSolver:  Solving for Ux, Initial residual = 0.000143766, Final residual = 1.39697e-05, No Iterations 7
smoothSolver:  Solving for Uy, Initial residual = 0.00316519, Final residual = 0.000240772, No Iterations 7
smoothSolver:  Solving for Uz, Initial residual = 0.00291402, Final residual = 0.000225269, No Iterations 7
GAMG:  Solving for p, Initial residual = 0.00148525, Final residual = 6.68519e-06, No Iterations 4
time step continuity errors : sum local = 1.27189e-05, global = -2.60208e-07, cumulative = 0.000181115
smoothSolver:  Solving for omega, Initial residual = 2.52334e-05, Final residual = 1.38784e-06, No Iterations 3
smoothSolver:  Solving for k, Initial residual = 0.000228446, Final residual = 1.67415e-05, No Iterations 3
ExecutionTime = 148.97 s  ClockTime = 152 s

forceCoeffs forceCoeffs1 write:
    Cm    = 0.158217
    Cd    = 0.414162
    Cl    = 0.0701874
    Cl(f) = 0.193311
    Cl(r) = -0.123123

Time = 332

smoothSolver:  Solving for Ux, Initial residual = 0.000143312, Final residual = 1.41453e-05, No Iterations 7
smoothSolver:  Solving for Uy, Initial residual = 0.00317132, Final residual = 0.000242752, No Iterations 7
smoothSolver:  Solving for Uz, Initial residual = 0.00290612, Final residual = 0.000226626, No Iterations 7
GAMG:  Solving for p, Initial residual = 0.00148745, Final residual = 6.6276e-06, No Iterations 4
time step continuity errors : sum local = 1.26004e-05, global = -2.42722e-07, cumulative = 0.000180873
smoothSolver:  Solving for omega, Initial residual = 2.52125e-05, Final residual = 1.40771e-06, No Iterations 3
smoothSolver:  Solving for k, Initial residual = 0.000227831, Final residual = 1.69644e-05, No Iterations 3
ExecutionTime = 149.49 s  ClockTime = 152 s

forceCoeffs forceCoeffs1 write:
    Cm    = 0.158119
    Cd    = 0.413909
    Cl    = 0.0702269
    Cl(f) = 0.193232
    Cl(r) = -0.123005

Time = 333

smoothSolver:  Solving for Ux, Initial residual = 0.000142613, Final residual = 1.41727e-05, No Iterations 7
smoothSolver:  Solving for Uy, Initial residual = 0.00315795, Final residual = 0.00024402, No Iterations 7
smoothSolver:  Solving for Uz, Initial residual = 0.00287406, Final residual = 0.000224791, No Iterations 7
GAMG:  Solving for p, Initial residual = 0.00148897, Final residual = 6.63388e-06, No Iterations 4
time step continuity errors : sum local = 1.26045e-05, global = -2.44364e-07, cumulative = 0.000180628
smoothSolver:  Solving for omega, Initial residual = 2.54307e-05, Final residual = 1.43113e-06, No Iterations 3
smoothSolver:  Solving for k, Initial residual = 0.000228504, Final residual = 1.73014e-05, No Iterations 3
ExecutionTime = 149.94 s  ClockTime = 153 s

forceCoeffs forceCoeffs1 write:
    Cm    = 0.158047
    Cd    = 0.413693
    Cl    = 0.0703687
    Cl(f) = 0.193232
    Cl(r) = -0.122863

Time = 334

smoothSolver:  Solving for Ux, Initial residual = 0.000142371, Final residual = 1.42321e-05, No Iterations 7
smoothSolver:  Solving for Uy, Initial residual = 0.00315301, Final residual = 0.000245616, No Iterations 7
smoothSolver:  Solving for Uz, Initial residual = 0.00285442, Final residual = 0.000223066, No Iterations 7
GAMG:  Solving for p, Initial residual = 0.00149388, Final residual = 6.6584e-06, No Iterations 4
time step continuity errors : sum local = 1.26434e-05, global = -2.33521e-07, cumulative = 0.000180395
smoothSolver:  Solving for omega, Initial residual = 2.55232e-05, Final residual = 1.44815e-06, No Iterations 3
smoothSolver:  Solving for k, Initial residual = 0.000229651, Final residual = 1.755e-05, No Iterations 3
ExecutionTime = 150.27 s  ClockTime = 153 s

forceCoeffs forceCoeffs1 write:
    Cm    = 0.157977
    Cd    = 0.413442
    Cl    = 0.0703626
    Cl(f) = 0.193158
    Cl(r) = -0.122796

Time = 335

smoothSolver:  Solving for Ux, Initial residual = 0.000141865, Final residual = 1.41689e-05, No Iterations 7
smoothSolver:  Solving for Uy, Initial residual = 0.00315637, Final residual = 0.000246635, No Iterations 7
smoothSolver:  Solving for Uz, Initial residual = 0.00284915, Final residual = 0.000221215, No Iterations 7
GAMG:  Solving for p, Initial residual = 0.00150307, Final residual = 6.76407e-06, No Iterations 4
time step continuity errors : sum local = 1.28375e-05, global = -2.28582e-07, cumulative = 0.000180166
smoothSolver:  Solving for omega, Initial residual = 2.56735e-05, Final residual = 1.45452e-06, No Iterations 3
smoothSolver:  Solving for k, Initial residual = 0.000231122, Final residual = 1.774e-05, No Iterations 3
ExecutionTime = 150.6 s  ClockTime = 153 s

forceCoeffs forceCoeffs1 write:
    Cm    = 0.157961
    Cd    = 0.413264
    Cl    = 0.0704987
    Cl(f) = 0.19321
    Cl(r) = -0.122712

Time = 336

smoothSolver:  Solving for Ux, Initial residual = 0.0001421, Final residual = 1.42013e-05, No Iterations 7
smoothSolver:  Solving for Uy, Initial residual = 0.00317593, Final residual = 0.000248189, No Iterations 7
smoothSolver:  Solving for Uz, Initial residual = 0.00286727, Final residual = 0.000221708, No Iterations 7
GAMG:  Solving for p, Initial residual = 0.0015191, Final residual = 6.84419e-06, No Iterations 4
time step continuity errors : sum local = 1.29838e-05, global = -1.88516e-07, cumulative = 0.000179978
smoothSolver:  Solving for omega, Initial residual = 2.58086e-05, Final residual = 1.47283e-06, No Iterations 3
smoothSolver:  Solving for k, Initial residual = 0.000232015, Final residual = 1.79075e-05, No Iterations 3
ExecutionTime = 150.93 s  ClockTime = 154 s

forceCoeffs forceCoeffs1 write:
    Cm    = 0.157929
    Cd    = 0.413082
    Cl    = 0.0704296
    Cl(f) = 0.193144
    Cl(r) = -0.122714

Time = 337

smoothSolver:  Solving for Ux, Initial residual = 0.000142361, Final residual = 1.41292e-05, No Iterations 7
smoothSolver:  Solving for Uy, Initial residual = 0.00319716, Final residual = 0.000249282, No Iterations 7
smoothSolver:  Solving for Uz, Initial residual = 0.00289498, Final residual = 0.000221929, No Iterations 7
GAMG:  Solving for p, Initial residual = 0.00153736, Final residual = 6.93395e-06, No Iterations 4
time step continuity errors : sum local = 1.31503e-05, global = -1.66178e-07, cumulative = 0.000179811
smoothSolver:  Solving for omega, Initial residual = 2.61303e-05, Final residual = 1.49357e-06, No Iterations 3
smoothSolver:  Solving for k, Initial residual = 0.000232904, Final residual = 1.80218e-05, No Iterations 3
ExecutionTime = 151.29 s  ClockTime = 154 s

forceCoeffs forceCoeffs1 write:
    Cm    = 0.157923
    Cd    = 0.412962
    Cl    = 0.0704809
    Cl(f) = 0.193164
    Cl(r) = -0.122683

Time = 338

smoothSolver:  Solving for Ux, Initial residual = 0.000143258, Final residual = 1.41528e-05, No Iterations 7
smoothSolver:  Solving for Uy, Initial residual = 0.00323796, Final residual = 0.000251699, No Iterations 7
smoothSolver:  Solving for Uz, Initial residual = 0.00292332, Final residual = 0.000223359, No Iterations 7
GAMG:  Solving for p, Initial residual = 0.00155893, Final residual = 7.04254e-06, No Iterations 4
time step continuity errors : sum local = 1.33536e-05, global = -1.38611e-07, cumulative = 0.000179673
smoothSolver:  Solving for omega, Initial residual = 2.62729e-05, Final residual = 1.52565e-06, No Iterations 3
smoothSolver:  Solving for k, Initial residual = 0.000233365, Final residual = 1.81342e-05, No Iterations 3
ExecutionTime = 151.73 s  ClockTime = 154 s

forceCoeffs forceCoeffs1 write:
    Cm    = 0.157926
    Cd    = 0.412892
    Cl    = 0.0703777
    Cl(f) = 0.193115
    Cl(r) = -0.122737

Time = 339

smoothSolver:  Solving for Ux, Initial residual = 0.000144696, Final residual = 1.41441e-05, No Iterations 7
smoothSolver:  Solving for Uy, Initial residual = 0.00328803, Final residual = 0.000253838, No Iterations 7
smoothSolver:  Solving for Uz, Initial residual = 0.00294384, Final residual = 0.000224274, No Iterations 7
GAMG:  Solving for p, Initial residual = 0.00157643, Final residual = 7.11465e-06, No Iterations 4
time step continuity errors : sum local = 1.34877e-05, global = -1.2069e-07, cumulative = 0.000179552
smoothSolver:  Solving for omega, Initial residual = 2.66701e-05, Final residual = 1.55404e-06, No Iterations 3
smoothSolver:  Solving for k, Initial residual = 0.000233865, Final residual = 1.81246e-05, No Iterations 3
ExecutionTime = 152.24 s  ClockTime = 155 s

forceCoeffs forceCoeffs1 write:
    Cm    = 0.15796
    Cd    = 0.412894
    Cl    = 0.0703993
    Cl(f) = 0.193159
    Cl(r) = -0.12276

Time = 340

smoothSolver:  Solving for Ux, Initial residual = 0.000145934, Final residual = 1.41903e-05, No Iterations 7
smoothSolver:  Solving for Uy, Initial residual = 0.0033347, Final residual = 0.000255762, No Iterations 7
smoothSolver:  Solving for Uz, Initial residual = 0.00297007, Final residual = 0.000224629, No Iterations 7
GAMG:  Solving for p, Initial residual = 0.00159251, Final residual = 7.1141e-06, No Iterations 4
time step continuity errors : sum local = 1.34857e-05, global = -1.01771e-07, cumulative = 0.00017945
smoothSolver:  Solving for omega, Initial residual = 2.66938e-05, Final residual = 1.55524e-06, No Iterations 3
smoothSolver:  Solving for k, Initial residual = 0.000233494, Final residual = 1.80505e-05, No Iterations 3
ExecutionTime = 152.77 s  ClockTime = 155 s

forceCoeffs forceCoeffs1 write:
    Cm    = 0.157965
    Cd    = 0.412886
    Cl    = 0.070219
    Cl(f) = 0.193074
    Cl(r) = -0.122855

Time = 341

smoothSolver:  Solving for Ux, Initial residual = 0.000147027, Final residual = 1.41445e-05, No Iterations 7
smoothSolver:  Solving for Uy, Initial residual = 0.00337046, Final residual = 0.000256749, No Iterations 7
smoothSolver:  Solving for Uz, Initial residual = 0.00299126, Final residual = 0.000225461, No Iterations 7
GAMG:  Solving for p, Initial residual = 0.00160576, Final residual = 7.06505e-06, No Iterations 4
time step continuity errors : sum local = 1.33923e-05, global = -9.63002e-08, cumulative = 0.000179354
smoothSolver:  Solving for omega, Initial residual = 2.67083e-05, Final residual = 1.55732e-06, No Iterations 3
smoothSolver:  Solving for k, Initial residual = 0.000232951, Final residual = 1.79761e-05, No Iterations 3
ExecutionTime = 153.29 s  ClockTime = 156 s

forceCoeffs forceCoeffs1 write:
    Cm    = 0.157983
    Cd    = 0.412917
    Cl    = 0.0701712
    Cl(f) = 0.193068
    Cl(r) = -0.122897

Time = 342

smoothSolver:  Solving for Ux, Initial residual = 0.000147919, Final residual = 1.40619e-05, No Iterations 7
smoothSolver:  Solving for Uy, Initial residual = 0.00337676, Final residual = 0.000256128, No Iterations 7
smoothSolver:  Solving for Uz, Initial residual = 0.00299732, Final residual = 0.000224984, No Iterations 7
GAMG:  Solving for p, Initial residual = 0.00162065, Final residual = 6.98844e-06, No Iterations 4
time step continuity errors : sum local = 1.32473e-05, global = -7.02457e-08, cumulative = 0.000179284
smoothSolver:  Solving for omega, Initial residual = 2.69236e-05, Final residual = 1.5704e-06, No Iterations 3
smoothSolver:  Solving for k, Initial residual = 0.000232349, Final residual = 1.78739e-05, No Iterations 3
ExecutionTime = 153.81 s  ClockTime = 156 s

forceCoeffs forceCoeffs1 write:
    Cm    = 0.157977
    Cd    = 0.412915
    Cl    = 0.0700118
    Cl(f) = 0.192983
    Cl(r) = -0.122971

Time = 343

smoothSolver:  Solving for Ux, Initial residual = 0.000148964, Final residual = 1.39686e-05, No Iterations 7
smoothSolver:  Solving for Uy, Initial residual = 0.00337901, Final residual = 0.000253598, No Iterations 7
smoothSolver:  Solving for Uz, Initial residual = 0.00302386, Final residual = 0.000224215, No Iterations 7
GAMG:  Solving for p, Initial residual = 0.00163763, Final residual = 6.90218e-06, No Iterations 4
time step continuity errors : sum local = 1.30849e-05, global = -6.85455e-08, cumulative = 0.000179215
smoothSolver:  Solving for omega, Initial residual = 2.7316e-05, Final residual = 1.5751e-06, No Iterations 3
smoothSolver:  Solving for k, Initial residual = 0.000231418, Final residual = 1.78118e-05, No Iterations 3
ExecutionTime = 154.31 s  ClockTime = 157 s

forceCoeffs forceCoeffs1 write:
    Cm    = 0.15795
    Cd    = 0.412886
    Cl    = 0.0700042
    Cl(f) = 0.192952
    Cl(r) = -0.122948

Time = 344

smoothSolver:  Solving for Ux, Initial residual = 0.00014901, Final residual = 1.38118e-05, No Iterations 7
smoothSolver:  Solving for Uy, Initial residual = 0.00336498, Final residual = 0.000250076, No Iterations 7
smoothSolver:  Solving for Uz, Initial residual = 0.00303965, Final residual = 0.000302495, No Iterations 6
GAMG:  Solving for p, Initial residual = 0.00165317, Final residual = 6.74456e-06, No Iterations 4
time step continuity errors : sum local = 1.27883e-05, global = -8.37933e-08, cumulative = 0.000179131
smoothSolver:  Solving for omega, Initial residual = 2.70029e-05, Final residual = 1.57413e-06, No Iterations 3
smoothSolver:  Solving for k, Initial residual = 0.000229712, Final residual = 1.77607e-05, No Iterations 3
ExecutionTime = 154.83 s  ClockTime = 158 s

forceCoeffs forceCoeffs1 write:
    Cm    = 0.157911
    Cd    = 0.412826
    Cl    = 0.0698917
    Cl(f) = 0.192857
    Cl(r) = -0.122965

Time = 345

smoothSolver:  Solving for Ux, Initial residual = 0.000148161, Final residual = 1.35501e-05, No Iterations 7
smoothSolver:  Solving for Uy, Initial residual = 0.00334132, Final residual = 0.000333943, No Iterations 6
smoothSolver:  Solving for Uz, Initial residual = 0.00305062, Final residual = 0.000301105, No Iterations 6
GAMG:  Solving for p, Initial residual = 0.00166682, Final residual = 6.74845e-06, No Iterations 4
time step continuity errors : sum local = 1.27976e-05, global = -1.35456e-07, cumulative = 0.000178996
smoothSolver:  Solving for omega, Initial residual = 2.69597e-05, Final residual = 1.57426e-06, No Iterations 3
smoothSolver:  Solving for k, Initial residual = 0.000227846, Final residual = 1.77487e-05, No Iterations 3
ExecutionTime = 155.24 s  ClockTime = 158 s

forceCoeffs forceCoeffs1 write:
    Cm    = 0.157845
    Cd    = 0.412757
    Cl    = 0.0698912
    Cl(f) = 0.192791
    Cl(r) = -0.1229

Time = 346

smoothSolver:  Solving for Ux, Initial residual = 0.00014683, Final residual = 1.32684e-05, No Iterations 7
smoothSolver:  Solving for Uy, Initial residual = 0.00332005, Final residual = 0.000326651, No Iterations 6
smoothSolver:  Solving for Uz, Initial residual = 0.00305167, Final residual = 0.000296613, No Iterations 6
GAMG:  Solving for p, Initial residual = 0.0016763, Final residual = 6.88263e-06, No Iterations 4
time step continuity errors : sum local = 1.3054e-05, global = -1.87595e-07, cumulative = 0.000178808
smoothSolver:  Solving for omega, Initial residual = 2.63957e-05, Final residual = 1.55505e-06, No Iterations 3
smoothSolver:  Solving for k, Initial residual = 0.000225316, Final residual = 1.76992e-05, No Iterations 3
ExecutionTime = 155.56 s  ClockTime = 158 s

forceCoeffs forceCoeffs1 write:
    Cm    = 0.157773
    Cd    = 0.41265
    Cl    = 0.0698333
    Cl(f) = 0.19269
    Cl(r) = -0.122856

Time = 347

smoothSolver:  Solving for Ux, Initial residual = 0.000144471, Final residual = 1.29217e-05, No Iterations 7
smoothSolver:  Solving for Uy, Initial residual = 0.00330494, Final residual = 0.000319766, No Iterations 6
smoothSolver:  Solving for Uz, Initial residual = 0.00303084, Final residual = 0.000291567, No Iterations 6
GAMG:  Solving for p, Initial residual = 0.00167702, Final residual = 6.94249e-06, No Iterations 4
time step continuity errors : sum local = 1.31686e-05, global = -2.26025e-07, cumulative = 0.000178582
smoothSolver:  Solving for omega, Initial residual = 2.61509e-05, Final residual = 1.54307e-06, No Iterations 3
smoothSolver:  Solving for k, Initial residual = 0.000223189, Final residual = 1.76457e-05, No Iterations 3
ExecutionTime = 155.9 s  ClockTime = 159 s

forceCoeffs forceCoeffs1 write:
    Cm    = 0.15771
    Cd    = 0.412566
    Cl    = 0.0698963
    Cl(f) = 0.192659
    Cl(r) = -0.122762

Time = 348

smoothSolver:  Solving for Ux, Initial residual = 0.000142109, Final residual = 1.26147e-05, No Iterations 7
smoothSolver:  Solving for Uy, Initial residual = 0.00327235, Final residual = 0.000311419, No Iterations 6
smoothSolver:  Solving for Uz, Initial residual = 0.00301408, Final residual = 0.000287265, No Iterations 6
GAMG:  Solving for p, Initial residual = 0.0016759, Final residual = 6.9962e-06, No Iterations 4
time step continuity errors : sum local = 1.32717e-05, global = -2.39804e-07, cumulative = 0.000178343
smoothSolver:  Solving for omega, Initial residual = 2.56636e-05, Final residual = 1.51491e-06, No Iterations 3
smoothSolver:  Solving for k, Initial residual = 0.000221545, Final residual = 1.7564e-05, No Iterations 3
ExecutionTime = 156.22 s  ClockTime = 159 s

forceCoeffs forceCoeffs1 write:
    Cm    = 0.157643
    Cd    = 0.41243
    Cl    = 0.0699171
    Cl(f) = 0.192602
    Cl(r) = -0.122685

Time = 349

smoothSolver:  Solving for Ux, Initial residual = 0.000139817, Final residual = 1.23955e-05, No Iterations 7
smoothSolver:  Solving for Uy, Initial residual = 0.00323364, Final residual = 0.000303262, No Iterations 6
smoothSolver:  Solving for Uz, Initial residual = 0.00298634, Final residual = 0.000281273, No Iterations 6
GAMG:  Solving for p, Initial residual = 0.00166908, Final residual = 6.94235e-06, No Iterations 4
time step continuity errors : sum local = 1.31707e-05, global = -2.62135e-07, cumulative = 0.00017808
smoothSolver:  Solving for omega, Initial residual = 2.53947e-05, Final residual = 1.49233e-06, No Iterations 3
smoothSolver:  Solving for k, Initial residual = 0.000221409, Final residual = 1.74535e-05, No Iterations 3
ExecutionTime = 156.59 s  ClockTime = 159 s

forceCoeffs forceCoeffs1 write:
    Cm    = 0.15759
    Cd    = 0.412317
    Cl    = 0.0700735
    Cl(f) = 0.192627
    Cl(r) = -0.122554

Time = 350

smoothSolver:  Solving for Ux, Initial residual = 0.000137938, Final residual = 1.22361e-05, No Iterations 7
smoothSolver:  Solving for Uy, Initial residual = 0.0031885, Final residual = 0.000296856, No Iterations 6
smoothSolver:  Solving for Uz, Initial residual = 0.00295648, Final residual = 0.000276544, No Iterations 6
GAMG:  Solving for p, Initial residual = 0.00165554, Final residual = 6.87685e-06, No Iterations 4
time step continuity errors : sum local = 1.30477e-05, global = -2.75412e-07, cumulative = 0.000177805
smoothSolver:  Solving for omega, Initial residual = 2.50666e-05, Final residual = 1.46256e-06, No Iterations 3
smoothSolver:  Solving for k, Initial residual = 0.000221883, Final residual = 1.73478e-05, No Iterations 3
ExecutionTime = 157.04 s  ClockTime = 160 s

forceCoeffs forceCoeffs1 write:
    Cm    = 0.157564
    Cd    = 0.412225
    Cl    = 0.0701641
    Cl(f) = 0.192646
    Cl(r) = -0.122482

Time = 351

smoothSolver:  Solving for Ux, Initial residual = 0.000136366, Final residual = 1.21424e-05, No Iterations 7
smoothSolver:  Solving for Uy, Initial residual = 0.00314003, Final residual = 0.000292875, No Iterations 6
smoothSolver:  Solving for Uz, Initial residual = 0.00292156, Final residual = 0.000272029, No Iterations 6
GAMG:  Solving for p, Initial residual = 0.0016394, Final residual = 6.71495e-06, No Iterations 4
time step continuity errors : sum local = 1.27413e-05, global = -2.98997e-07, cumulative = 0.000177506
smoothSolver:  Solving for omega, Initial residual = 2.48208e-05, Final residual = 1.44197e-06, No Iterations 3
smoothSolver:  Solving for k, Initial residual = 0.000222795, Final residual = 1.72535e-05, No Iterations 3
ExecutionTime = 157.55 s  ClockTime = 160 s

forceCoeffs forceCoeffs1 write:
    Cm    = 0.157564
    Cd    = 0.4122
    Cl    = 0.07033
    Cl(f) = 0.192729
    Cl(r) = -0.122399

Time = 352

smoothSolver:  Solving for Ux, Initial residual = 0.000134919, Final residual = 1.21047e-05, No Iterations 7
smoothSolver:  Solving for Uy, Initial residual = 0.00309597, Final residual = 0.000290241, No Iterations 6
smoothSolver:  Solving for Uz, Initial residual = 0.00289221, Final residual = 0.000269078, No Iterations 6
GAMG:  Solving for p, Initial residual = 0.0016234, Final residual = 6.66432e-06, No Iterations 4
time step continuity errors : sum local = 1.26472e-05, global = -2.70859e-07, cumulative = 0.000177235
smoothSolver:  Solving for omega, Initial residual = 2.43411e-05, Final residual = 1.40829e-06, No Iterations 3
smoothSolver:  Solving for k, Initial residual = 0.000224158, Final residual = 1.71905e-05, No Iterations 3
ExecutionTime = 158.08 s  ClockTime = 161 s

forceCoeffs forceCoeffs1 write:
    Cm    = 0.157572
    Cd    = 0.412186
    Cl    = 0.0703807
    Cl(f) = 0.192762
    Cl(r) = -0.122381

Time = 353

smoothSolver:  Solving for Ux, Initial residual = 0.000133613, Final residual = 1.20229e-05, No Iterations 7
smoothSolver:  Solving for Uy, Initial residual = 0.00306355, Final residual = 0.00028992, No Iterations 6
smoothSolver:  Solving for Uz, Initial residual = 0.00285697, Final residual = 0.000267443, No Iterations 6
GAMG:  Solving for p, Initial residual = 0.00160769, Final residual = 6.59238e-06, No Iterations 4
time step continuity errors : sum local = 1.25122e-05, global = -2.55751e-07, cumulative = 0.000176979
smoothSolver:  Solving for omega, Initial residual = 2.42742e-05, Final residual = 1.3895e-06, No Iterations 3
smoothSolver:  Solving for k, Initial residual = 0.000225504, Final residual = 1.71582e-05, No Iterations 3
ExecutionTime = 158.58 s  ClockTime = 161 s

forceCoeffs forceCoeffs1 write:
    Cm    = 0.157597
    Cd    = 0.412227
    Cl    = 0.0704929
    Cl(f) = 0.192843
    Cl(r) = -0.122351

Time = 354

smoothSolver:  Solving for Ux, Initial residual = 0.000132555, Final residual = 1.18786e-05, No Iterations 7
smoothSolver:  Solving for Uy, Initial residual = 0.00303321, Final residual = 0.00029104, No Iterations 6
smoothSolver:  Solving for Uz, Initial residual = 0.00283373, Final residual = 0.000267038, No Iterations 6
GAMG:  Solving for p, Initial residual = 0.00159307, Final residual = 6.59327e-06, No Iterations 4
time step continuity errors : sum local = 1.25164e-05, global = -1.65302e-07, cumulative = 0.000176814
smoothSolver:  Solving for omega, Initial residual = 2.40146e-05, Final residual = 1.36659e-06, No Iterations 3
smoothSolver:  Solving for k, Initial residual = 0.000226686, Final residual = 1.71657e-05, No Iterations 3
ExecutionTime = 159.07 s  ClockTime = 162 s

forceCoeffs forceCoeffs1 write:
    Cm    = 0.157644
    Cd    = 0.412291
    Cl    = 0.0705084
    Cl(f) = 0.192898
    Cl(r) = -0.12239

Time = 355

smoothSolver:  Solving for Ux, Initial residual = 0.000131537, Final residual = 1.1726e-05, No Iterations 7
smoothSolver:  Solving for Uy, Initial residual = 0.00301459, Final residual = 0.000292557, No Iterations 6
smoothSolver:  Solving for Uz, Initial residual = 0.00281181, Final residual = 0.000266843, No Iterations 6
GAMG:  Solving for p, Initial residual = 0.0015792, Final residual = 6.62451e-06, No Iterations 4
time step continuity errors : sum local = 1.25779e-05, global = -1.07481e-07, cumulative = 0.000176707
smoothSolver:  Solving for omega, Initial residual = 2.37432e-05, Final residual = 1.33925e-06, No Iterations 3
smoothSolver:  Solving for k, Initial residual = 0.000227667, Final residual = 1.71806e-05, No Iterations 3
ExecutionTime = 159.6 s  ClockTime = 162 s

forceCoeffs forceCoeffs1 write:
    Cm    = 0.157702
    Cd    = 0.412407
    Cl    = 0.0705965
    Cl(f) = 0.193001
    Cl(r) = -0.122404

Time = 356

smoothSolver:  Solving for Ux, Initial residual = 0.000130513, Final residual = 1.14976e-05, No Iterations 7
smoothSolver:  Solving for Uy, Initial residual = 0.00298724, Final residual = 0.000292105, No Iterations 6
smoothSolver:  Solving for Uz, Initial residual = 0.00278856, Final residual = 0.000266488, No Iterations 6
GAMG:  Solving for p, Initial residual = 0.00156809, Final residual = 6.77318e-06, No Iterations 4
time step continuity errors : sum local = 1.28628e-05, global = -7.12579e-08, cumulative = 0.000176635
smoothSolver:  Solving for omega, Initial residual = 2.35372e-05, Final residual = 1.31846e-06, No Iterations 3
smoothSolver:  Solving for k, Initial residual = 0.000228639, Final residual = 1.71888e-05, No Iterations 3
ExecutionTime = 160.12 s  ClockTime = 163 s

forceCoeffs forceCoeffs1 write:
    Cm    = 0.15777
    Cd    = 0.412543
    Cl    = 0.0705923
    Cl(f) = 0.193066
    Cl(r) = -0.122474

Time = 357

smoothSolver:  Solving for Ux, Initial residual = 0.000129574, Final residual = 1.12768e-05, No Iterations 7
smoothSolver:  Solving for Uy, Initial residual = 0.00296915, Final residual = 0.000292685, No Iterations 6
smoothSolver:  Solving for Uz, Initial residual = 0.00275995, Final residual = 0.000266213, No Iterations 6
GAMG:  Solving for p, Initial residual = 0.00155291, Final residual = 6.92338e-06, No Iterations 4
time step continuity errors : sum local = 1.31501e-05, global = -5.9435e-08, cumulative = 0.000176576
smoothSolver:  Solving for omega, Initial residual = 2.33645e-05, Final residual = 1.3079e-06, No Iterations 3
smoothSolver:  Solving for k, Initial residual = 0.00022964, Final residual = 1.72558e-05, No Iterations 3
ExecutionTime = 160.49 s  ClockTime = 163 s

forceCoeffs forceCoeffs1 write:
    Cm    = 0.157813
    Cd    = 0.412674
    Cl    = 0.0706739
    Cl(f) = 0.19315
    Cl(r) = -0.122476

Time = 358

smoothSolver:  Solving for Ux, Initial residual = 0.000128582, Final residual = 1.11224e-05, No Iterations 7
smoothSolver:  Solving for Uy, Initial residual = 0.00295087, Final residual = 0.000292409, No Iterations 6
smoothSolver:  Solving for Uz, Initial residual = 0.00273778, Final residual = 0.000266431, No Iterations 6
GAMG:  Solving for p, Initial residual = 0.00153646, Final residual = 7.00655e-06, No Iterations 4
time step continuity errors : sum local = 1.33094e-05, global = -4.9629e-08, cumulative = 0.000176526
smoothSolver:  Solving for omega, Initial residual = 2.32889e-05, Final residual = 1.29025e-06, No Iterations 3
smoothSolver:  Solving for k, Initial residual = 0.000230122, Final residual = 1.73187e-05, No Iterations 3
ExecutionTime = 160.82 s  ClockTime = 164 s

forceCoeffs forceCoeffs1 write:
    Cm    = 0.157851
    Cd    = 0.412802
    Cl    = 0.0706768
    Cl(f) = 0.193189
    Cl(r) = -0.122513

Time = 359

smoothSolver:  Solving for Ux, Initial residual = 0.000127907, Final residual = 1.10596e-05, No Iterations 7
smoothSolver:  Solving for Uy, Initial residual = 0.00293733, Final residual = 0.000216348, No Iterations 7
smoothSolver:  Solving for Uz, Initial residual = 0.00271848, Final residual = 0.000266818, No Iterations 6
GAMG:  Solving for p, Initial residual = 0.00152648, Final residual = 7.06398e-06, No Iterations 4
time step continuity errors : sum local = 1.34189e-05, global = -3.8781e-08, cumulative = 0.000176488
smoothSolver:  Solving for omega, Initial residual = 2.34229e-05, Final residual = 1.29217e-06, No Iterations 3
smoothSolver:  Solving for k, Initial residual = 0.000230803, Final residual = 1.7402e-05, No Iterations 3
ExecutionTime = 161.15 s  ClockTime = 164 s

forceCoeffs forceCoeffs1 write:
    Cm    = 0.157869
    Cd    = 0.412938
    Cl    = 0.0707776
    Cl(f) = 0.193258
    Cl(r) = -0.122481

Time = 360

smoothSolver:  Solving for Ux, Initial residual = 0.000127494, Final residual = 1.10777e-05, No Iterations 7
smoothSolver:  Solving for Uy, Initial residual = 0.00292147, Final residual = 0.000216329, No Iterations 7
smoothSolver:  Solving for Uz, Initial residual = 0.00271921, Final residual = 0.000269414, No Iterations 6
GAMG:  Solving for p, Initial residual = 0.00152096, Final residual = 6.93575e-06, No Iterations 4
time step continuity errors : sum local = 1.3175e-05, global = -2.35773e-08, cumulative = 0.000176464
smoothSolver:  Solving for omega, Initial residual = 2.3468e-05, Final residual = 1.29539e-06, No Iterations 3
smoothSolver:  Solving for k, Initial residual = 0.00023167, Final residual = 1.75337e-05, No Iterations 3
ExecutionTime = 161.48 s  ClockTime = 164 s

forceCoeffs forceCoeffs1 write:
    Cm    = 0.157902
    Cd    = 0.413095
    Cl    = 0.0707696
    Cl(f) = 0.193287
    Cl(r) = -0.122517

Time = 361

smoothSolver:  Solving for Ux, Initial residual = 0.000127777, Final residual = 1.12226e-05, No Iterations 7
smoothSolver:  Solving for Uy, Initial residual = 0.00292017, Final residual = 0.000218151, No Iterations 7
smoothSolver:  Solving for Uz, Initial residual = 0.00272928, Final residual = 0.000270845, No Iterations 6
GAMG:  Solving for p, Initial residual = 0.00152086, Final residual = 6.80652e-06, No Iterations 4
time step continuity errors : sum local = 1.29285e-05, global = -1.32818e-08, cumulative = 0.000176451
smoothSolver:  Solving for omega, Initial residual = 2.36576e-05, Final residual = 1.29835e-06, No Iterations 3
smoothSolver:  Solving for k, Initial residual = 0.000232718, Final residual = 1.76929e-05, No Iterations 3
ExecutionTime = 161.83 s  ClockTime = 165 s

forceCoeffs forceCoeffs1 write:
    Cm    = 0.157944
    Cd    = 0.413288
    Cl    = 0.0708671
    Cl(f) = 0.193377
    Cl(r) = -0.12251

Time = 362

smoothSolver:  Solving for Ux, Initial residual = 0.000127794, Final residual = 1.13338e-05, No Iterations 7
smoothSolver:  Solving for Uy, Initial residual = 0.00291984, Final residual = 0.000220334, No Iterations 7
smoothSolver:  Solving for Uz, Initial residual = 0.00274663, Final residual = 0.000273677, No Iterations 6
GAMG:  Solving for p, Initial residual = 0.00152359, Final residual = 6.68169e-06, No Iterations 4
time step continuity errors : sum local = 1.26896e-05, global = 5.39264e-08, cumulative = 0.000176505
smoothSolver:  Solving for omega, Initial residual = 2.36444e-05, Final residual = 1.3018e-06, No Iterations 3
smoothSolver:  Solving for k, Initial residual = 0.000233633, Final residual = 1.78936e-05, No Iterations 3
ExecutionTime = 162.33 s  ClockTime = 165 s

forceCoeffs forceCoeffs1 write:
    Cm    = 0.158011
    Cd    = 0.41352
    Cl    = 0.0708497
    Cl(f) = 0.193436
    Cl(r) = -0.122587

Time = 363

smoothSolver:  Solving for Ux, Initial residual = 0.000128526, Final residual = 1.1516e-05, No Iterations 7
smoothSolver:  Solving for Uy, Initial residual = 0.00293663, Final residual = 0.000222491, No Iterations 7
smoothSolver:  Solving for Uz, Initial residual = 0.0027654, Final residual = 0.000275972, No Iterations 6
GAMG:  Solving for p, Initial residual = 0.00153473, Final residual = 6.60539e-06, No Iterations 4
time step continuity errors : sum local = 1.25422e-05, global = 9.79871e-08, cumulative = 0.000176603
smoothSolver:  Solving for omega, Initial residual = 2.38071e-05, Final residual = 1.30976e-06, No Iterations 3
smoothSolver:  Solving for k, Initial residual = 0.000234638, Final residual = 1.81466e-05, No Iterations 3
ExecutionTime = 162.83 s  ClockTime = 166 s

forceCoeffs forceCoeffs1 write:
    Cm    = 0.158095
    Cd    = 0.413817
    Cl    = 0.0708771
    Cl(f) = 0.193533
    Cl(r) = -0.122656

Time = 364

smoothSolver:  Solving for Ux, Initial residual = 0.000129446, Final residual = 1.1728e-05, No Iterations 7
smoothSolver:  Solving for Uy, Initial residual = 0.00295884, Final residual = 0.00022403, No Iterations 7
smoothSolver:  Solving for Uz, Initial residual = 0.00278542, Final residual = 0.000205542, No Iterations 7
GAMG:  Solving for p, Initial residual = 0.00154813, Final residual = 6.69663e-06, No Iterations 4
time step continuity errors : sum local = 1.27142e-05, global = 1.64845e-07, cumulative = 0.000176767
smoothSolver:  Solving for omega, Initial residual = 2.37521e-05, Final residual = 1.31443e-06, No Iterations 3
smoothSolver:  Solving for k, Initial residual = 0.000235657, Final residual = 1.84325e-05, No Iterations 3
ExecutionTime = 163.36 s  ClockTime = 166 s

forceCoeffs forceCoeffs1 write:
    Cm    = 0.158194
    Cd    = 0.414122
    Cl    = 0.0707722
    Cl(f) = 0.19358
    Cl(r) = -0.122808

Time = 365

smoothSolver:  Solving for Ux, Initial residual = 0.000131588, Final residual = 1.20155e-05, No Iterations 7
smoothSolver:  Solving for Uy, Initial residual = 0.00299194, Final residual = 0.000226211, No Iterations 7
smoothSolver:  Solving for Uz, Initial residual = 0.00279882, Final residual = 0.000207087, No Iterations 7
GAMG:  Solving for p, Initial residual = 0.00155433, Final residual = 6.65794e-06, No Iterations 4
time step continuity errors : sum local = 1.26394e-05, global = 2.27527e-07, cumulative = 0.000176995
smoothSolver:  Solving for omega, Initial residual = 2.39138e-05, Final residual = 1.33257e-06, No Iterations 3
smoothSolver:  Solving for k, Initial residual = 0.000237296, Final residual = 1.87191e-05, No Iterations 3
ExecutionTime = 163.87 s  ClockTime = 167 s

forceCoeffs forceCoeffs1 write:
    Cm    = 0.15834
    Cd    = 0.414502
    Cl    = 0.0707937
    Cl(f) = 0.193737
    Cl(r) = -0.122943

Time = 366

smoothSolver:  Solving for Ux, Initial residual = 0.000133553, Final residual = 1.23033e-05, No Iterations 7
smoothSolver:  Solving for Uy, Initial residual = 0.00301924, Final residual = 0.000227844, No Iterations 7
smoothSolver:  Solving for Uz, Initial residual = 0.0028147, Final residual = 0.00020965, No Iterations 7
GAMG:  Solving for p, Initial residual = 0.00156166, Final residual = 6.61341e-06, No Iterations 4
time step continuity errors : sum local = 1.25545e-05, global = 3.02699e-07, cumulative = 0.000177298
smoothSolver:  Solving for omega, Initial residual = 2.40911e-05, Final residual = 1.35159e-06, No Iterations 3
smoothSolver:  Solving for k, Initial residual = 0.000239813, Final residual = 1.89941e-05, No Iterations 3
ExecutionTime = 164.37 s  ClockTime = 167 s

forceCoeffs forceCoeffs1 write:
    Cm    = 0.158509
    Cd    = 0.414911
    Cl    = 0.0706459
    Cl(f) = 0.193832
    Cl(r) = -0.123186

Time = 367

smoothSolver:  Solving for Ux, Initial residual = 0.000136148, Final residual = 1.26184e-05, No Iterations 7
smoothSolver:  Solving for Uy, Initial residual = 0.00305981, Final residual = 0.000229986, No Iterations 7
smoothSolver:  Solving for Uz, Initial residual = 0.00284475, Final residual = 0.00021332, No Iterations 7
GAMG:  Solving for p, Initial residual = 0.00156946, Final residual = 6.60569e-06, No Iterations 4
time step continuity errors : sum local = 1.25406e-05, global = 3.78908e-07, cumulative = 0.000177677
smoothSolver:  Solving for omega, Initial residual = 2.42237e-05, Final residual = 1.37117e-06, No Iterations 3
smoothSolver:  Solving for k, Initial residual = 0.000243138, Final residual = 1.92865e-05, No Iterations 3
ExecutionTime = 164.89 s  ClockTime = 168 s

forceCoeffs forceCoeffs1 write:
    Cm    = 0.158688
    Cd    = 0.415353
    Cl    = 0.0705573
    Cl(f) = 0.193966
    Cl(r) = -0.123409

Time = 368

smoothSolver:  Solving for Ux, Initial residual = 0.000138676, Final residual = 1.29254e-05, No Iterations 7
smoothSolver:  Solving for Uy, Initial residual = 0.0031037, Final residual = 0.000232634, No Iterations 7
smoothSolver:  Solving for Uz, Initial residual = 0.00287166, Final residual = 0.000217875, No Iterations 7
GAMG:  Solving for p, Initial residual = 0.00157581, Final residual = 6.73039e-06, No Iterations 4
time step continuity errors : sum local = 1.27795e-05, global = 4.63712e-07, cumulative = 0.00017814
smoothSolver:  Solving for omega, Initial residual = 2.4384e-05, Final residual = 1.37746e-06, No Iterations 3
smoothSolver:  Solving for k, Initial residual = 0.00024817, Final residual = 1.95835e-05, No Iterations 3
ExecutionTime = 165.42 s  ClockTime = 168 s

forceCoeffs forceCoeffs1 write:
    Cm    = 0.158862
    Cd    = 0.415798
    Cl    = 0.0702965
    Cl(f) = 0.194011
    Cl(r) = -0.123714

Time = 369

smoothSolver:  Solving for Ux, Initial residual = 0.000142236, Final residual = 1.32296e-05, No Iterations 7
smoothSolver:  Solving for Uy, Initial residual = 0.00316735, Final residual = 0.000237374, No Iterations 7
smoothSolver:  Solving for Uz, Initial residual = 0.00291662, Final residual = 0.00022364, No Iterations 7
GAMG:  Solving for p, Initial residual = 0.00158159, Final residual = 6.90752e-06, No Iterations 4
time step continuity errors : sum local = 1.31183e-05, global = 5.49481e-07, cumulative = 0.00017869
smoothSolver:  Solving for omega, Initial residual = 2.4636e-05, Final residual = 1.38685e-06, No Iterations 3
smoothSolver:  Solving for k, Initial residual = 0.000254383, Final residual = 1.98877e-05, No Iterations 3
ExecutionTime = 165.77 s  ClockTime = 169 s

forceCoeffs forceCoeffs1 write:
    Cm    = 0.159037
    Cd    = 0.416256
    Cl    = 0.0701049
    Cl(f) = 0.19409
    Cl(r) = -0.123985

Time = 370

smoothSolver:  Solving for Ux, Initial residual = 0.000145541, Final residual = 1.34822e-05, No Iterations 7
smoothSolver:  Solving for Uy, Initial residual = 0.00323317, Final residual = 0.000243706, No Iterations 7
smoothSolver:  Solving for Uz, Initial residual = 0.0029613, Final residual = 0.000228974, No Iterations 7
GAMG:  Solving for p, Initial residual = 0.00158577, Final residual = 7.17344e-06, No Iterations 4
time step continuity errors : sum local = 1.36286e-05, global = 6.52096e-07, cumulative = 0.000179342
smoothSolver:  Solving for omega, Initial residual = 2.46979e-05, Final residual = 1.39727e-06, No Iterations 3
smoothSolver:  Solving for k, Initial residual = 0.000261748, Final residual = 2.03003e-05, No Iterations 3
ExecutionTime = 166.09 s  ClockTime = 169 s

forceCoeffs forceCoeffs1 write:
    Cm    = 0.159216
    Cd    = 0.416698
    Cl    = 0.0698096
    Cl(f) = 0.194121
    Cl(r) = -0.124311

Time = 371

smoothSolver:  Solving for Ux, Initial residual = 0.000148807, Final residual = 1.36949e-05, No Iterations 7
smoothSolver:  Solving for Uy, Initial residual = 0.00329786, Final residual = 0.00025162, No Iterations 7
smoothSolver:  Solving for Uz, Initial residual = 0.00299109, Final residual = 0.0002324, No Iterations 7
GAMG:  Solving for p, Initial residual = 0.00158571, Final residual = 7.39079e-06, No Iterations 4
time step continuity errors : sum local = 1.40472e-05, global = 7.42589e-07, cumulative = 0.000180084
smoothSolver:  Solving for omega, Initial residual = 2.47372e-05, Final residual = 1.40546e-06, No Iterations 3
smoothSolver:  Solving for k, Initial residual = 0.000269802, Final residual = 2.08491e-05, No Iterations 3
ExecutionTime = 166.43 s  ClockTime = 169 s

forceCoeffs forceCoeffs1 write:
    Cm    = 0.159354
    Cd    = 0.417108
    Cl    = 0.0695525
    Cl(f) = 0.19413
    Cl(r) = -0.124578

Time = 372

smoothSolver:  Solving for Ux, Initial residual = 0.000150979, Final residual = 1.38428e-05, No Iterations 7
smoothSolver:  Solving for Uy, Initial residual = 0.00334066, Final residual = 0.000257842, No Iterations 7
smoothSolver:  Solving for Uz, Initial residual = 0.00300308, Final residual = 0.000233154, No Iterations 7
GAMG:  Solving for p, Initial residual = 0.00158412, Final residual = 7.55169e-06, No Iterations 4
time step continuity errors : sum local = 1.4361e-05, global = 8.12098e-07, cumulative = 0.000180897
smoothSolver:  Solving for omega, Initial residual = 2.48881e-05, Final residual = 1.42344e-06, No Iterations 3
smoothSolver:  Solving for k, Initial residual = 0.000278665, Final residual = 2.1486e-05, No Iterations 3
ExecutionTime = 166.75 s  ClockTime = 170 s

forceCoeffs forceCoeffs1 write:
    Cm    = 0.159455
    Cd    = 0.417442
    Cl    = 0.0691944
    Cl(f) = 0.194052
    Cl(r) = -0.124858

Time = 373

smoothSolver:  Solving for Ux, Initial residual = 0.000153052, Final residual = 1.39877e-05, No Iterations 7
smoothSolver:  Solving for Uy, Initial residual = 0.00337226, Final residual = 0.000261196, No Iterations 7
smoothSolver:  Solving for Uz, Initial residual = 0.00301124, Final residual = 0.000232038, No Iterations 7
GAMG:  Solving for p, Initial residual = 0.0015828, Final residual = 7.55216e-06, No Iterations 4
time step continuity errors : sum local = 1.43709e-05, global = 8.59631e-07, cumulative = 0.000181756
smoothSolver:  Solving for omega, Initial residual = 2.50992e-05, Final residual = 1.43044e-06, No Iterations 3
smoothSolver:  Solving for k, Initial residual = 0.000288273, Final residual = 2.22114e-05, No Iterations 3
ExecutionTime = 167.14 s  ClockTime = 170 s

forceCoeffs forceCoeffs1 write:
    Cm    = 0.1595
    Cd    = 0.417675
    Cl    = 0.0689337
    Cl(f) = 0.193967
    Cl(r) = -0.125033

Time = 374

smoothSolver:  Solving for Ux, Initial residual = 0.000154374, Final residual = 1.41182e-05, No Iterations 7
smoothSolver:  Solving for Uy, Initial residual = 0.00337504, Final residual = 0.000261626, No Iterations 7
smoothSolver:  Solving for Uz, Initial residual = 0.00300342, Final residual = 0.00022915, No Iterations 7
GAMG:  Solving for p, Initial residual = 0.00157977, Final residual = 7.48406e-06, No Iterations 4
time step continuity errors : sum local = 1.42509e-05, global = 9.09882e-07, cumulative = 0.000182666
smoothSolver:  Solving for omega, Initial residual = 2.52491e-05, Final residual = 1.45185e-06, No Iterations 3
smoothSolver:  Solving for k, Initial residual = 0.000299036, Final residual = 2.29816e-05, No Iterations 3
ExecutionTime = 167.66 s  ClockTime = 171 s

forceCoeffs forceCoeffs1 write:
    Cm    = 0.159487
    Cd    = 0.417779
    Cl    = 0.0685593
    Cl(f) = 0.193767
    Cl(r) = -0.125207

Time = 375

smoothSolver:  Solving for Ux, Initial residual = 0.000155819, Final residual = 1.42546e-05, No Iterations 7
smoothSolver:  Solving for Uy, Initial residual = 0.00337663, Final residual = 0.000260416, No Iterations 7
smoothSolver:  Solving for Uz, Initial residual = 0.00299803, Final residual = 0.000224919, No Iterations 7
GAMG:  Solving for p, Initial residual = 0.00157636, Final residual = 7.15226e-06, No Iterations 4
time step continuity errors : sum local = 1.3628e-05, global = 9.7767e-07, cumulative = 0.000183644
smoothSolver:  Solving for omega, Initial residual = 2.55967e-05, Final residual = 1.4812e-06, No Iterations 3
smoothSolver:  Solving for k, Initial residual = 0.000310848, Final residual = 2.36763e-05, No Iterations 3
ExecutionTime = 168.17 s  ClockTime = 171 s

forceCoeffs forceCoeffs1 write:
    Cm    = 0.159411
    Cd    = 0.417751
    Cl    = 0.0683092
    Cl(f) = 0.193566
    Cl(r) = -0.125257

Time = 376

smoothSolver:  Solving for Ux, Initial residual = 0.000156686, Final residual = 1.45287e-05, No Iterations 7
smoothSolver:  Solving for Uy, Initial residual = 0.00336836, Final residual = 0.000258032, No Iterations 7
smoothSolver:  Solving for Uz, Initial residual = 0.00299876, Final residual = 0.000223532, No Iterations 7
GAMG:  Solving for p, Initial residual = 0.001578, Final residual = 6.93337e-06, No Iterations 4
time step continuity errors : sum local = 1.32196e-05, global = 9.28482e-07, cumulative = 0.000184572
smoothSolver:  Solving for omega, Initial residual = 2.57503e-05, Final residual = 1.49475e-06, No Iterations 3
smoothSolver:  Solving for k, Initial residual = 0.000322565, Final residual = 2.43499e-05, No Iterations 3
ExecutionTime = 168.68 s  ClockTime = 172 s

forceCoeffs forceCoeffs1 write:
    Cm    = 0.159282
    Cd    = 0.417568
    Cl    = 0.0679774
    Cl(f) = 0.193271
    Cl(r) = -0.125293

Time = 377

smoothSolver:  Solving for Ux, Initial residual = 0.000157944, Final residual = 1.48773e-05, No Iterations 7
smoothSolver:  Solving for Uy, Initial residual = 0.00338638, Final residual = 0.000260211, No Iterations 7
smoothSolver:  Solving for Uz, Initial residual = 0.00302607, Final residual = 0.000227895, No Iterations 7
GAMG:  Solving for p, Initial residual = 0.0015718, Final residual = 6.84039e-06, No Iterations 4
time step continuity errors : sum local = 1.305e-05, global = 6.60219e-07, cumulative = 0.000185232
smoothSolver:  Solving for omega, Initial residual = 2.59006e-05, Final residual = 1.49369e-06, No Iterations 3
smoothSolver:  Solving for k, Initial residual = 0.000332905, Final residual = 2.49216e-05, No Iterations 3
ExecutionTime = 169.21 s  ClockTime = 172 s

forceCoeffs forceCoeffs1 write:
    Cm    = 0.159154
    Cd    = 0.417309
    Cl    = 0.0678133
    Cl(f) = 0.193061
    Cl(r) = -0.125247

Time = 378

smoothSolver:  Solving for Ux, Initial residual = 0.000158195, Final residual = 1.52723e-05, No Iterations 7
smoothSolver:  Solving for Uy, Initial residual = 0.00339214, Final residual = 0.000268042, No Iterations 7
smoothSolver:  Solving for Uz, Initial residual = 0.00305087, Final residual = 0.000236477, No Iterations 7
GAMG:  Solving for p, Initial residual = 0.00156991, Final residual = 6.84836e-06, No Iterations 4
time step continuity errors : sum local = 1.3072e-05, global = 2.33261e-07, cumulative = 0.000185466
smoothSolver:  Solving for omega, Initial residual = 2.62651e-05, Final residual = 1.51411e-06, No Iterations 3
smoothSolver:  Solving for k, Initial residual = 0.000342801, Final residual = 2.54787e-05, No Iterations 3
ExecutionTime = 169.71 s  ClockTime = 173 s

forceCoeffs forceCoeffs1 write:
    Cm    = 0.159033
    Cd    = 0.416979
    Cl    = 0.067566
    Cl(f) = 0.192816
    Cl(r) = -0.12525

Time = 379

smoothSolver:  Solving for Ux, Initial residual = 0.000159587, Final residual = 1.57842e-05, No Iterations 7
smoothSolver:  Solving for Uy, Initial residual = 0.00345893, Final residual = 0.000284032, No Iterations 7
smoothSolver:  Solving for Uz, Initial residual = 0.00310683, Final residual = 0.00025046, No Iterations 7
GAMG:  Solving for p, Initial residual = 0.00156736, Final residual = 7.11133e-06, No Iterations 4
time step continuity errors : sum local = 1.35784e-05, global = -1.50675e-07, cumulative = 0.000185315
smoothSolver:  Solving for omega, Initial residual = 2.69695e-05, Final residual = 1.55966e-06, No Iterations 3
smoothSolver:  Solving for k, Initial residual = 0.000352544, Final residual = 2.61398e-05, No Iterations 3
ExecutionTime = 170.24 s  ClockTime = 173 s

forceCoeffs forceCoeffs1 write:
    Cm    = 0.158923
    Cd    = 0.416613
    Cl    = 0.0674914
    Cl(f) = 0.192668
    Cl(r) = -0.125177

Time = 380

smoothSolver:  Solving for Ux, Initial residual = 0.0001617, Final residual = 1.23429e-05, No Iterations 8
smoothSolver:  Solving for Uy, Initial residual = 0.00355014, Final residual = 0.00030162, No Iterations 7
smoothSolver:  Solving for Uz, Initial residual = 0.00317029, Final residual = 0.000264141, No Iterations 7
GAMG:  Solving for p, Initial residual = 0.00157631, Final residual = 7.51961e-06, No Iterations 4
time step continuity errors : sum local = 1.43604e-05, global = -3.72517e-07, cumulative = 0.000184942
smoothSolver:  Solving for omega, Initial residual = 2.75553e-05, Final residual = 1.6217e-06, No Iterations 3
smoothSolver:  Solving for k, Initial residual = 0.000364442, Final residual = 2.71417e-05, No Iterations 3
ExecutionTime = 170.74 s  ClockTime = 174 s

forceCoeffs forceCoeffs1 write:
    Cm    = 0.158822
    Cd    = 0.416218
    Cl    = 0.0673196
    Cl(f) = 0.192481
    Cl(r) = -0.125162

Time = 381

smoothSolver:  Solving for Ux, Initial residual = 0.0001644, Final residual = 1.26611e-05, No Iterations 8
smoothSolver:  Solving for Uy, Initial residual = 0.003664, Final residual = 0.000319034, No Iterations 7
smoothSolver:  Solving for Uz, Initial residual = 0.0032401, Final residual = 0.000275896, No Iterations 7
GAMG:  Solving for p, Initial residual = 0.00158901, Final residual = 7.90417e-06, No Iterations 4
time step continuity errors : sum local = 1.5094e-05, global = -4.84819e-07, cumulative = 0.000184458
smoothSolver:  Solving for omega, Initial residual = 2.80757e-05, Final residual = 1.6809e-06, No Iterations 3
smoothSolver:  Solving for k, Initial residual = 0.000375538, Final residual = 2.83754e-05, No Iterations 3
ExecutionTime = 171.07 s  ClockTime = 174 s

forceCoeffs forceCoeffs1 write:
    Cm    = 0.15877
    Cd    = 0.41588
    Cl    = 0.0673519
    Cl(f) = 0.192446
    Cl(r) = -0.125094

Time = 382

smoothSolver:  Solving for Ux, Initial residual = 0.000166982, Final residual = 1.2877e-05, No Iterations 8
smoothSolver:  Solving for Uy, Initial residual = 0.00375213, Final residual = 0.000330135, No Iterations 7
smoothSolver:  Solving for Uz, Initial residual = 0.00329239, Final residual = 0.000282136, No Iterations 7
GAMG:  Solving for p, Initial residual = 0.00159748, Final residual = 8.17288e-06, No Iterations 4
time step continuity errors : sum local = 1.56036e-05, global = -5.2481e-07, cumulative = 0.000183933
smoothSolver:  Solving for omega, Initial residual = 2.84549e-05, Final residual = 1.72397e-06, No Iterations 3
smoothSolver:  Solving for k, Initial residual = 0.00038473, Final residual = 2.95619e-05, No Iterations 3
ExecutionTime = 171.4 s  ClockTime = 174 s

forceCoeffs forceCoeffs1 write:
    Cm    = 0.158781
    Cd    = 0.415625
    Cl    = 0.0672634
    Cl(f) = 0.192413
    Cl(r) = -0.125149

Time = 383

smoothSolver:  Solving for Ux, Initial residual = 0.000169322, Final residual = 1.2942e-05, No Iterations 8
smoothSolver:  Solving for Uy, Initial residual = 0.00379865, Final residual = 0.000336529, No Iterations 7
smoothSolver:  Solving for Uz, Initial residual = 0.00332487, Final residual = 0.000283101, No Iterations 7
GAMG:  Solving for p, Initial residual = 0.00159783, Final residual = 8.30768e-06, No Iterations 4
time step continuity errors : sum local = 1.58555e-05, global = -5.531e-07, cumulative = 0.00018338
smoothSolver:  Solving for omega, Initial residual = 2.87285e-05, Final residual = 1.73095e-06, No Iterations 3
smoothSolver:  Solving for k, Initial residual = 0.000390174, Final residual = 3.03837e-05, No Iterations 3
ExecutionTime = 171.73 s  ClockTime = 175 s

forceCoeffs forceCoeffs1 write:
    Cm    = 0.158833
    Cd    = 0.415473
    Cl    = 0.0672897
    Cl(f) = 0.192478
    Cl(r) = -0.125188

Time = 384

smoothSolver:  Solving for Ux, Initial residual = 0.000170787, Final residual = 1.28943e-05, No Iterations 8
smoothSolver:  Solving for Uy, Initial residual = 0.00380279, Final residual = 0.000336463, No Iterations 7
smoothSolver:  Solving for Uz, Initial residual = 0.00333374, Final residual = 0.000280397, No Iterations 7
GAMG:  Solving for p, Initial residual = 0.00159592, Final residual = 8.15631e-06, No Iterations 4
time step continuity errors : sum local = 1.55609e-05, global = -5.62163e-07, cumulative = 0.000182818
smoothSolver:  Solving for omega, Initial residual = 2.84366e-05, Final residual = 1.72069e-06, No Iterations 3
smoothSolver:  Solving for k, Initial residual = 0.000392007, Final residual = 3.05979e-05, No Iterations 3
ExecutionTime = 172.06 s  ClockTime = 175 s

forceCoeffs forceCoeffs1 write:
    Cm    = 0.158901
    Cd    = 0.41536
    Cl    = 0.0672125
    Cl(f) = 0.192507
    Cl(r) = -0.125295

Time = 385

smoothSolver:  Solving for Ux, Initial residual = 0.000171557, Final residual = 1.70981e-05, No Iterations 7
smoothSolver:  Solving for Uy, Initial residual = 0.0037821, Final residual = 0.000332313, No Iterations 7
smoothSolver:  Solving for Uz, Initial residual = 0.00332325, Final residual = 0.000277051, No Iterations 7
GAMG:  Solving for p, Initial residual = 0.00159086, Final residual = 7.7653e-06, No Iterations 4
time step continuity errors : sum local = 1.48081e-05, global = -5.26526e-07, cumulative = 0.000182291
smoothSolver:  Solving for omega, Initial residual = 2.81985e-05, Final residual = 1.679e-06, No Iterations 3
smoothSolver:  Solving for k, Initial residual = 0.000390105, Final residual = 3.01756e-05, No Iterations 3
ExecutionTime = 172.49 s  ClockTime = 175 s

forceCoeffs forceCoeffs1 write:
    Cm    = 0.158998
    Cd    = 0.415355
    Cl    = 0.0672645
    Cl(f) = 0.19263
    Cl(r) = -0.125365

Time = 386

smoothSolver:  Solving for Ux, Initial residual = 0.000172462, Final residual = 1.31309e-05, No Iterations 8
smoothSolver:  Solving for Uy, Initial residual = 0.00375747, Final residual = 0.000327695, No Iterations 7
smoothSolver:  Solving for Uz, Initial residual = 0.00331632, Final residual = 0.000277088, No Iterations 7
GAMG:  Solving for p, Initial residual = 0.00158494, Final residual = 7.38685e-06, No Iterations 4
time step continuity errors : sum local = 1.40812e-05, global = -4.3259e-07, cumulative = 0.000181858
smoothSolver:  Solving for omega, Initial residual = 2.80769e-05, Final residual = 1.66463e-06, No Iterations 3
smoothSolver:  Solving for k, Initial residual = 0.000387523, Final residual = 2.95491e-05, No Iterations 3
ExecutionTime = 173.03 s  ClockTime = 176 s

forceCoeffs forceCoeffs1 write:
    Cm    = 0.159079
    Cd    = 0.415393
    Cl    = 0.0672399
    Cl(f) = 0.192699
    Cl(r) = -0.125459

Time = 387

smoothSolver:  Solving for Ux, Initial residual = 0.000173635, Final residual = 1.35522e-05, No Iterations 8
smoothSolver:  Solving for Uy, Initial residual = 0.0037654, Final residual = 0.000332114, No Iterations 7
smoothSolver:  Solving for Uz, Initial residual = 0.0033433, Final residual = 0.000284866, No Iterations 7
GAMG:  Solving for p, Initial residual = 0.00158669, Final residual = 7.31825e-06, No Iterations 4
time step continuity errors : sum local = 1.39457e-05, global = -3.03954e-07, cumulative = 0.000181555
smoothSolver:  Solving for omega, Initial residual = 2.82726e-05, Final residual = 1.6809e-06, No Iterations 3
smoothSolver:  Solving for k, Initial residual = 0.000386178, Final residual = 2.89369e-05, No Iterations 3
ExecutionTime = 173.53 s  ClockTime = 176 s

forceCoeffs forceCoeffs1 write:
    Cm    = 0.159145
    Cd    = 0.415531
    Cl    = 0.0673604
    Cl(f) = 0.192826
    Cl(r) = -0.125465

Time = 388

smoothSolver:  Solving for Ux, Initial residual = 0.000175731, Final residual = 1.4055e-05, No Iterations 8
smoothSolver:  Solving for Uy, Initial residual = 0.00380907, Final residual = 0.000341964, No Iterations 7
smoothSolver:  Solving for Uz, Initial residual = 0.00340734, Final residual = 0.000298722, No Iterations 7
GAMG:  Solving for p, Initial residual = 0.00159074, Final residual = 7.55578e-06, No Iterations 4
time step continuity errors : sum local = 1.43955e-05, global = -1.6263e-07, cumulative = 0.000181392
smoothSolver:  Solving for omega, Initial residual = 2.85661e-05, Final residual = 1.70901e-06, No Iterations 3
smoothSolver:  Solving for k, Initial residual = 0.000386981, Final residual = 2.87515e-05, No Iterations 3
ExecutionTime = 174.06 s  ClockTime = 177 s

forceCoeffs forceCoeffs1 write:
    Cm    = 0.159178
    Cd    = 0.415697
    Cl    = 0.0673853
    Cl(f) = 0.192871
    Cl(r) = -0.125486

Time = 389

smoothSolver:  Solving for Ux, Initial residual = 0.000178988, Final residual = 1.4579e-05, No Iterations 8
smoothSolver:  Solving for Uy, Initial residual = 0.0038674, Final residual = 0.000353612, No Iterations 7
smoothSolver:  Solving for Uz, Initial residual = 0.00347702, Final residual = 0.000312478, No Iterations 7
GAMG:  Solving for p, Initial residual = 0.00159766, Final residual = 7.84265e-06, No Iterations 4
time step continuity errors : sum local = 1.49409e-05, global = -4.65537e-08, cumulative = 0.000181345
smoothSolver:  Solving for omega, Initial residual = 2.88241e-05, Final residual = 1.74901e-06, No Iterations 3
smoothSolver:  Solving for k, Initial residual = 0.000387947, Final residual = 2.88356e-05, No Iterations 3
ExecutionTime = 174.58 s  ClockTime = 178 s

forceCoeffs forceCoeffs1 write:
    Cm    = 0.159175
    Cd    = 0.415893
    Cl    = 0.0675327
    Cl(f) = 0.192941
    Cl(r) = -0.125408

Time = 390

smoothSolver:  Solving for Ux, Initial residual = 0.000181645, Final residual = 1.49646e-05, No Iterations 8
smoothSolver:  Solving for Uy, Initial residual = 0.00391324, Final residual = 0.00036214, No Iterations 7
smoothSolver:  Solving for Uz, Initial residual = 0.00352966, Final residual = 0.000323354, No Iterations 7
GAMG:  Solving for p, Initial residual = 0.00160505, Final residual = 8.25038e-06, No Iterations 4
time step continuity errors : sum local = 1.57186e-05, global = 1.80173e-07, cumulative = 0.000181526
smoothSolver:  Solving for omega, Initial residual = 2.92281e-05, Final residual = 1.80657e-06, No Iterations 3
smoothSolver:  Solving for k, Initial residual = 0.00038778, Final residual = 2.92236e-05, No Iterations 3
ExecutionTime = 175.08 s  ClockTime = 178 s

forceCoeffs forceCoeffs1 write:
    Cm    = 0.159164
    Cd    = 0.416112
    Cl    = 0.0675642
    Cl(f) = 0.192946
    Cl(r) = -0.125382

Time = 391

smoothSolver:  Solving for Ux, Initial residual = 0.000184017, Final residual = 1.51935e-05, No Iterations 8
smoothSolver:  Solving for Uy, Initial residual = 0.00395943, Final residual = 0.000367496, No Iterations 7
smoothSolver:  Solving for Uz, Initial residual = 0.00356468, Final residual = 0.000329727, No Iterations 7
GAMG:  Solving for p, Initial residual = 0.00162401, Final residual = 8.66681e-06, No Iterations 4
time step continuity errors : sum local = 1.65147e-05, global = 3.78459e-07, cumulative = 0.000181904
smoothSolver:  Solving for omega, Initial residual = 2.96986e-05, Final residual = 1.85888e-06, No Iterations 3
smoothSolver:  Solving for k, Initial residual = 0.000386937, Final residual = 2.95196e-05, No Iterations 3
ExecutionTime = 175.61 s  ClockTime = 179 s

forceCoeffs forceCoeffs1 write:
    Cm    = 0.159117
    Cd    = 0.416323
    Cl    = 0.067647
    Cl(f) = 0.19294
    Cl(r) = -0.125293

Time = 392

smoothSolver:  Solving for Ux, Initial residual = 0.000184387, Final residual = 1.51997e-05, No Iterations 8
smoothSolver:  Solving for Uy, Initial residual = 0.00396903, Final residual = 0.00036676, No Iterations 7
smoothSolver:  Solving for Uz, Initial residual = 0.00359688, Final residual = 0.000331524, No Iterations 7
GAMG:  Solving for p, Initial residual = 0.00163595, Final residual = 9.00975e-06, No Iterations 4
time step continuity errors : sum local = 1.7174e-05, global = 5.60474e-07, cumulative = 0.000182464
smoothSolver:  Solving for omega, Initial residual = 2.97655e-05, Final residual = 1.89141e-06, No Iterations 3
smoothSolver:  Solving for k, Initial residual = 0.000382781, Final residual = 2.96166e-05, No Iterations 3
ExecutionTime = 176.05 s  ClockTime = 179 s

forceCoeffs forceCoeffs1 write:
    Cm    = 0.159035
    Cd    = 0.416454
    Cl    = 0.0675435
    Cl(f) = 0.192807
    Cl(r) = -0.125263

Time = 393

smoothSolver:  Solving for Ux, Initial residual = 0.000184105, Final residual = 1.49625e-05, No Iterations 8
smoothSolver:  Solving for Uy, Initial residual = 0.00395014, Final residual = 0.000361633, No Iterations 7
smoothSolver:  Solving for Uz, Initial residual = 0.00358354, Final residual = 0.00032736, No Iterations 7
GAMG:  Solving for p, Initial residual = 0.00164594, Final residual = 9.15659e-06, No Iterations 4
time step continuity errors : sum local = 1.74616e-05, global = 6.59356e-07, cumulative = 0.000183124
smoothSolver:  Solving for omega, Initial residual = 2.99774e-05, Final residual = 1.90384e-06, No Iterations 3
smoothSolver:  Solving for k, Initial residual = 0.000376122, Final residual = 2.94604e-05, No Iterations 3
ExecutionTime = 176.38 s  ClockTime = 179 s

forceCoeffs forceCoeffs1 write:
    Cm    = 0.158935
    Cd    = 0.416542
    Cl    = 0.0675051
    Cl(f) = 0.192687
    Cl(r) = -0.125182

Time = 394

smoothSolver:  Solving for Ux, Initial residual = 0.000182688, Final residual = 1.45409e-05, No Iterations 8
smoothSolver:  Solving for Uy, Initial residual = 0.00391693, Final residual = 0.000353439, No Iterations 7
smoothSolver:  Solving for Uz, Initial residual = 0.00356091, Final residual = 0.000320561, No Iterations 7
GAMG:  Solving for p, Initial residual = 0.00164874, Final residual = 9.03041e-06, No Iterations 4
time step continuity errors : sum local = 1.7231e-05, global = 7.03682e-07, cumulative = 0.000183827
smoothSolver:  Solving for omega, Initial residual = 2.97266e-05, Final residual = 1.89814e-06, No Iterations 3
smoothSolver:  Solving for k, Initial residual = 0.000367791, Final residual = 2.91082e-05, No Iterations 3
ExecutionTime = 176.71 s  ClockTime = 180 s

forceCoeffs forceCoeffs1 write:
    Cm    = 0.158799
    Cd    = 0.416522
    Cl    = 0.0673284
    Cl(f) = 0.192463
    Cl(r) = -0.125134

Time = 395

smoothSolver:  Solving for Ux, Initial residual = 0.000180557, Final residual = 1.40735e-05, No Iterations 8
smoothSolver:  Solving for Uy, Initial residual = 0.00386748, Final residual = 0.000341873, No Iterations 7
smoothSolver:  Solving for Uz, Initial residual = 0.00351578, Final residual = 0.000309715, No Iterations 7
GAMG:  Solving for p, Initial residual = 0.00164336, Final residual = 8.67267e-06, No Iterations 4
time step continuity errors : sum local = 1.65587e-05, global = 6.88885e-07, cumulative = 0.000184516
smoothSolver:  Solving for omega, Initial residual = 2.94991e-05, Final residual = 1.87199e-06, No Iterations 3
smoothSolver:  Solving for k, Initial residual = 0.000358961, Final residual = 2.85249e-05, No Iterations 3
ExecutionTime = 177.05 s  ClockTime = 180 s

forceCoeffs forceCoeffs1 write:
    Cm    = 0.158642
    Cd    = 0.416426
    Cl    = 0.0672614
    Cl(f) = 0.192273
    Cl(r) = -0.125011

Time = 396

smoothSolver:  Solving for Ux, Initial residual = 0.000177148, Final residual = 1.35952e-05, No Iterations 8
smoothSolver:  Solving for Uy, Initial residual = 0.00378313, Final residual = 0.000327933, No Iterations 7
smoothSolver:  Solving for Uz, Initial residual = 0.00344613, Final residual = 0.000297543, No Iterations 7
GAMG:  Solving for p, Initial residual = 0.00163189, Final residual = 8.08901e-06, No Iterations 4
time step continuity errors : sum local = 1.5454e-05, global = 6.36915e-07, cumulative = 0.000185153
smoothSolver:  Solving for omega, Initial residual = 2.87942e-05, Final residual = 1.8379e-06, No Iterations 3
smoothSolver:  Solving for k, Initial residual = 0.000349721, Final residual = 2.774e-05, No Iterations 3
ExecutionTime = 177.41 s  ClockTime = 180 s

forceCoeffs forceCoeffs1 write:
    Cm    = 0.158454
    Cd    = 0.416238
    Cl    = 0.0670643
    Cl(f) = 0.191986
    Cl(r) = -0.124921

Time = 397

smoothSolver:  Solving for Ux, Initial residual = 0.000173408, Final residual = 1.32425e-05, No Iterations 8
smoothSolver:  Solving for Uy, Initial residual = 0.00369285, Final residual = 0.000313912, No Iterations 7
smoothSolver:  Solving for Uz, Initial residual = 0.00336955, Final residual = 0.000285718, No Iterations 7
GAMG:  Solving for p, Initial residual = 0.00160795, Final residual = 7.48014e-06, No Iterations 4
time step continuity errors : sum local = 1.42984e-05, global = 4.91052e-07, cumulative = 0.000185644
smoothSolver:  Solving for omega, Initial residual = 2.83011e-05, Final residual = 1.78871e-06, No Iterations 3
smoothSolver:  Solving for k, Initial residual = 0.000340517, Final residual = 2.68181e-05, No Iterations 3
ExecutionTime = 177.87 s  ClockTime = 181 s

forceCoeffs forceCoeffs1 write:
    Cm    = 0.158259
    Cd    = 0.415981
    Cl    = 0.0670266
    Cl(f) = 0.191772
    Cl(r) = -0.124745

Time = 398

smoothSolver:  Solving for Ux, Initial residual = 0.000169673, Final residual = 1.30714e-05, No Iterations 8
smoothSolver:  Solving for Uy, Initial residual = 0.00358898, Final residual = 0.00030106, No Iterations 7
smoothSolver:  Solving for Uz, Initial residual = 0.00330184, Final residual = 0.000276535, No Iterations 7
GAMG:  Solving for p, Initial residual = 0.00158364, Final residual = 7.22424e-06, No Iterations 4
time step continuity errors : sum local = 1.38157e-05, global = 2.83334e-07, cumulative = 0.000185928
smoothSolver:  Solving for omega, Initial residual = 2.77148e-05, Final residual = 1.74484e-06, No Iterations 3
smoothSolver:  Solving for k, Initial residual = 0.000332464, Final residual = 2.59485e-05, No Iterations 3
ExecutionTime = 178.38 s  ClockTime = 181 s

forceCoeffs forceCoeffs1 write:
    Cm    = 0.158081
    Cd    = 0.41569
    Cl    = 0.0668614
    Cl(f) = 0.191511
    Cl(r) = -0.12465

Time = 399

smoothSolver:  Solving for Ux, Initial residual = 0.000167917, Final residual = 1.30179e-05, No Iterations 8
smoothSolver:  Solving for Uy, Initial residual = 0.00352412, Final residual = 0.000293866, No Iterations 7
smoothSolver:  Solving for Uz, Initial residual = 0.00325441, Final residual = 0.000273119, No Iterations 7
GAMG:  Solving for p, Initial residual = 0.00155612, Final residual = 7.18004e-06, No Iterations 4
time step continuity errors : sum local = 1.37359e-05, global = 2.90053e-08, cumulative = 0.000185957
smoothSolver:  Solving for omega, Initial residual = 2.75366e-05, Final residual = 1.71173e-06, No Iterations 3
smoothSolver:  Solving for k, Initial residual = 0.000327393, Final residual = 2.53386e-05, No Iterations 3
ExecutionTime = 178.9 s  ClockTime = 182 s

forceCoeffs forceCoeffs1 write:
    Cm    = 0.157914
    Cd    = 0.415358
    Cl    = 0.0668551
    Cl(f) = 0.191341
    Cl(r) = -0.124486

Time = 400

smoothSolver:  Solving for Ux, Initial residual = 0.000167111, Final residual = 1.30055e-05, No Iterations 8
smoothSolver:  Solving for Uy, Initial residual = 0.00349169, Final residual = 0.000292786, No Iterations 7
smoothSolver:  Solving for Uz, Initial residual = 0.00323164, Final residual = 0.000274682, No Iterations 7
GAMG:  Solving for p, Initial residual = 0.00153227, Final residual = 7.19631e-06, No Iterations 4
time step continuity errors : sum local = 1.37696e-05, global = -1.63276e-07, cumulative = 0.000185793
smoothSolver:  Solving for omega, Initial residual = 2.72732e-05, Final residual = 1.69166e-06, No Iterations 3
smoothSolver:  Solving for k, Initial residual = 0.000326185, Final residual = 2.50066e-05, No Iterations 3
ExecutionTime = 179.43 s  ClockTime = 182 s

streamLine streamLines write:
    seeded 20 particles
    Tracks:20
    Total samples:18963
    Writing data to "/mnt/aiongpfs/users/mghavami/motorBike-RUN-06/postProcessing/sets/streamLines/400"
forceCoeffs forceCoeffs1 write:
    Cm    = 0.157775
    Cd    = 0.415008
    Cl    = 0.0667285
    Cl(f) = 0.191139
    Cl(r) = -0.124411

Time = 401

smoothSolver:  Solving for Ux, Initial residual = 0.000167875, Final residual = 1.29767e-05, No Iterations 8
smoothSolver:  Solving for Uy, Initial residual = 0.00349886, Final residual = 0.000294819, No Iterations 7
smoothSolver:  Solving for Uz, Initial residual = 0.00322957, Final residual = 0.000276816, No Iterations 7
GAMG:  Solving for p, Initial residual = 0.00150808, Final residual = 7.28858e-06, No Iterations 4
time step continuity errors : sum local = 1.39463e-05, global = -3.0518e-07, cumulative = 0.000185488
smoothSolver:  Solving for omega, Initial residual = 2.72355e-05, Final residual = 1.68779e-06, No Iterations 3
smoothSolver:  Solving for k, Initial residual = 0.000327459, Final residual = 2.50006e-05, No Iterations 3
ExecutionTime = 180.24 s  ClockTime = 183 s

forceCoeffs forceCoeffs1 write:
    Cm    = 0.157656
    Cd    = 0.414666
    Cl    = 0.0667332
    Cl(f) = 0.191023
    Cl(r) = -0.12429

Time = 402

smoothSolver:  Solving for Ux, Initial residual = 0.000167617, Final residual = 1.2792e-05, No Iterations 8
smoothSolver:  Solving for Uy, Initial residual = 0.00350408, Final residual = 0.000295411, No Iterations 7
smoothSolver:  Solving for Uz, Initial residual = 0.00322018, Final residual = 0.000276593, No Iterations 7
GAMG:  Solving for p, Initial residual = 0.00149583, Final residual = 7.33222e-06, No Iterations 4
time step continuity errors : sum local = 1.40281e-05, global = -3.80879e-07, cumulative = 0.000185107
smoothSolver:  Solving for omega, Initial residual = 2.69546e-05, Final residual = 1.68767e-06, No Iterations 3
smoothSolver:  Solving for k, Initial residual = 0.00032987, Final residual = 2.51823e-05, No Iterations 3
ExecutionTime = 180.77 s  ClockTime = 184 s

forceCoeffs forceCoeffs1 write:
    Cm    = 0.157569
    Cd    = 0.414349
    Cl    = 0.0666213
    Cl(f) = 0.19088
    Cl(r) = -0.124258

Time = 403

smoothSolver:  Solving for Ux, Initial residual = 0.000166753, Final residual = 1.6664e-05, No Iterations 7
smoothSolver:  Solving for Uy, Initial residual = 0.00350491, Final residual = 0.000294613, No Iterations 7
smoothSolver:  Solving for Uz, Initial residual = 0.00320043, Final residual = 0.000273142, No Iterations 7
GAMG:  Solving for p, Initial residual = 0.00148752, Final residual = 7.39918e-06, No Iterations 4
time step continuity errors : sum local = 1.41524e-05, global = -4.44409e-07, cumulative = 0.000184663
smoothSolver:  Solving for omega, Initial residual = 2.69126e-05, Final residual = 1.67392e-06, No Iterations 3
smoothSolver:  Solving for k, Initial residual = 0.000332263, Final residual = 2.53596e-05, No Iterations 3
ExecutionTime = 181.18 s  ClockTime = 184 s

forceCoeffs forceCoeffs1 write:
    Cm    = 0.157486
    Cd    = 0.414055
    Cl    = 0.0666188
    Cl(f) = 0.190795
    Cl(r) = -0.124176

Time = 404

smoothSolver:  Solving for Ux, Initial residual = 0.000164437, Final residual = 1.61025e-05, No Iterations 7
smoothSolver:  Solving for Uy, Initial residual = 0.00347311, Final residual = 0.000289791, No Iterations 7
smoothSolver:  Solving for Uz, Initial residual = 0.00316474, Final residual = 0.000266629, No Iterations 7
GAMG:  Solving for p, Initial residual = 0.00147668, Final residual = 7.29641e-06, No Iterations 4
time step continuity errors : sum local = 1.39518e-05, global = -5.08386e-07, cumulative = 0.000184155
smoothSolver:  Solving for omega, Initial residual = 2.65302e-05, Final residual = 1.64783e-06, No Iterations 3
smoothSolver:  Solving for k, Initial residual = 0.000332959, Final residual = 2.54011e-05, No Iterations 3
ExecutionTime = 181.52 s  ClockTime = 185 s

forceCoeffs forceCoeffs1 write:
    Cm    = 0.157418
    Cd    = 0.413779
    Cl    = 0.0665399
    Cl(f) = 0.190688
    Cl(r) = -0.124148

Time = 405

smoothSolver:  Solving for Ux, Initial residual = 0.000160982, Final residual = 1.54923e-05, No Iterations 7
smoothSolver:  Solving for Uy, Initial residual = 0.00342994, Final residual = 0.000282678, No Iterations 7
smoothSolver:  Solving for Uz, Initial residual = 0.00311068, Final residual = 0.000258588, No Iterations 7
GAMG:  Solving for p, Initial residual = 0.00146606, Final residual = 7.19858e-06, No Iterations 4
time step continuity errors : sum local = 1.37596e-05, global = -5.71484e-07, cumulative = 0.000183583
smoothSolver:  Solving for omega, Initial residual = 2.63681e-05, Final residual = 1.62264e-06, No Iterations 3
smoothSolver:  Solving for k, Initial residual = 0.000331493, Final residual = 2.52805e-05, No Iterations 3
ExecutionTime = 181.85 s  ClockTime = 185 s

forceCoeffs forceCoeffs1 write:
    Cm    = 0.157371
    Cd    = 0.413571
    Cl    = 0.0666444
    Cl(f) = 0.190694
    Cl(r) = -0.124049

Time = 406

smoothSolver:  Solving for Ux, Initial residual = 0.000156661, Final residual = 1.48252e-05, No Iterations 7
smoothSolver:  Solving for Uy, Initial residual = 0.00335983, Final residual = 0.000272237, No Iterations 7
smoothSolver:  Solving for Uz, Initial residual = 0.00305466, Final residual = 0.0002506, No Iterations 7
GAMG:  Solving for p, Initial residual = 0.00145323, Final residual = 6.95124e-06, No Iterations 4
time step continuity errors : sum local = 1.32811e-05, global = -5.89134e-07, cumulative = 0.000182994
smoothSolver:  Solving for omega, Initial residual = 2.59224e-05, Final residual = 1.58853e-06, No Iterations 3
smoothSolver:  Solving for k, Initial residual = 0.000328369, Final residual = 2.50278e-05, No Iterations 3
ExecutionTime = 182.17 s  ClockTime = 185 s

forceCoeffs forceCoeffs1 write:
    Cm    = 0.157346
    Cd    = 0.413406
    Cl    = 0.0666452
    Cl(f) = 0.190669
    Cl(r) = -0.124024

Time = 407

smoothSolver:  Solving for Ux, Initial residual = 0.000152635, Final residual = 1.43094e-05, No Iterations 7
smoothSolver:  Solving for Uy, Initial residual = 0.00329162, Final residual = 0.000261601, No Iterations 7
smoothSolver:  Solving for Uz, Initial residual = 0.00299081, Final residual = 0.000241223, No Iterations 7
GAMG:  Solving for p, Initial residual = 0.00143803, Final residual = 6.65223e-06, No Iterations 4
time step continuity errors : sum local = 1.27044e-05, global = -5.81762e-07, cumulative = 0.000182412
smoothSolver:  Solving for omega, Initial residual = 2.55211e-05, Final residual = 1.55195e-06, No Iterations 3
smoothSolver:  Solving for k, Initial residual = 0.000322395, Final residual = 2.46679e-05, No Iterations 3
ExecutionTime = 182.54 s  ClockTime = 186 s

forceCoeffs forceCoeffs1 write:
    Cm    = 0.157324
    Cd    = 0.413298
    Cl    = 0.0667564
    Cl(f) = 0.190703
    Cl(r) = -0.123946

Time = 408

smoothSolver:  Solving for Ux, Initial residual = 0.000147947, Final residual = 1.39444e-05, No Iterations 7
smoothSolver:  Solving for Uy, Initial residual = 0.00321702, Final residual = 0.000251459, No Iterations 7
smoothSolver:  Solving for Uz, Initial residual = 0.00292735, Final residual = 0.000233076, No Iterations 7
GAMG:  Solving for p, Initial residual = 0.00142385, Final residual = 6.24831e-06, No Iterations 4
time step continuity errors : sum local = 1.19278e-05, global = -5.33473e-07, cumulative = 0.000181879
smoothSolver:  Solving for omega, Initial residual = 2.48171e-05, Final residual = 1.5125e-06, No Iterations 3
smoothSolver:  Solving for k, Initial residual = 0.000315385, Final residual = 2.42397e-05, No Iterations 3
ExecutionTime = 183.02 s  ClockTime = 186 s

forceCoeffs forceCoeffs1 write:
    Cm    = 0.157339
    Cd    = 0.413266
    Cl    = 0.0667347
    Cl(f) = 0.190706
    Cl(r) = -0.123972

Time = 409

smoothSolver:  Solving for Ux, Initial residual = 0.000144167, Final residual = 1.38033e-05, No Iterations 7
smoothSolver:  Solving for Uy, Initial residual = 0.00314421, Final residual = 0.000244309, No Iterations 7
smoothSolver:  Solving for Uz, Initial residual = 0.00285965, Final residual = 0.000224777, No Iterations 7
GAMG:  Solving for p, Initial residual = 0.00140936, Final residual = 5.83671e-06, No Iterations 4
time step continuity errors : sum local = 1.11371e-05, global = -4.41785e-07, cumulative = 0.000181437
smoothSolver:  Solving for omega, Initial residual = 2.45353e-05, Final residual = 1.47895e-06, No Iterations 3
smoothSolver:  Solving for k, Initial residual = 0.000309171, Final residual = 2.38756e-05, No Iterations 3
ExecutionTime = 183.53 s  ClockTime = 187 s

forceCoeffs forceCoeffs1 write:
    Cm    = 0.157373
    Cd    = 0.413293
    Cl    = 0.066855
    Cl(f) = 0.1908
    Cl(r) = -0.123945

Time = 410

smoothSolver:  Solving for Ux, Initial residual = 0.000140883, Final residual = 1.3815e-05, No Iterations 7
smoothSolver:  Solving for Uy, Initial residual = 0.00307562, Final residual = 0.000240128, No Iterations 7
smoothSolver:  Solving for Uz, Initial residual = 0.00280206, Final residual = 0.000218851, No Iterations 7
GAMG:  Solving for p, Initial residual = 0.00138932, Final residual = 5.653e-06, No Iterations 4
time step continuity errors : sum local = 1.07825e-05, global = -3.21018e-07, cumulative = 0.000181116
smoothSolver:  Solving for omega, Initial residual = 2.40813e-05, Final residual = 1.45069e-06, No Iterations 3
smoothSolver:  Solving for k, Initial residual = 0.000302772, Final residual = 2.35823e-05, No Iterations 3
ExecutionTime = 184.06 s  ClockTime = 187 s

forceCoeffs forceCoeffs1 write:
    Cm    = 0.157434
    Cd    = 0.413368
    Cl    = 0.0668346
    Cl(f) = 0.190852
    Cl(r) = -0.124017

Time = 411

smoothSolver:  Solving for Ux, Initial residual = 0.000138995, Final residual = 1.05144e-05, No Iterations 8
smoothSolver:  Solving for Uy, Initial residual = 0.00301392, Final residual = 0.000235863, No Iterations 7
smoothSolver:  Solving for Uz, Initial residual = 0.00273586, Final residual = 0.000212796, No Iterations 7
GAMG:  Solving for p, Initial residual = 0.0013679, Final residual = 5.59522e-06, No Iterations 4
time step continuity errors : sum local = 1.06693e-05, global = -1.56072e-07, cumulative = 0.00018096
smoothSolver:  Solving for omega, Initial residual = 2.36818e-05, Final residual = 1.43303e-06, No Iterations 3
smoothSolver:  Solving for k, Initial residual = 0.000296027, Final residual = 2.33663e-05, No Iterations 3
ExecutionTime = 184.58 s  ClockTime = 188 s

forceCoeffs forceCoeffs1 write:
    Cm    = 0.15749
    Cd    = 0.413471
    Cl    = 0.066938
    Cl(f) = 0.190959
    Cl(r) = -0.124021

Time = 412

smoothSolver:  Solving for Ux, Initial residual = 0.000136244, Final residual = 1.04351e-05, No Iterations 8
smoothSolver:  Solving for Uy, Initial residual = 0.00294884, Final residual = 0.00023207, No Iterations 7
smoothSolver:  Solving for Uz, Initial residual = 0.00267774, Final residual = 0.000208491, No Iterations 7
GAMG:  Solving for p, Initial residual = 0.00134903, Final residual = 5.7602e-06, No Iterations 4
time step continuity errors : sum local = 1.09819e-05, global = 2.72793e-08, cumulative = 0.000180987
smoothSolver:  Solving for omega, Initial residual = 2.32353e-05, Final residual = 1.41726e-06, No Iterations 3
smoothSolver:  Solving for k, Initial residual = 0.000289284, Final residual = 2.30748e-05, No Iterations 3
ExecutionTime = 185.07 s  ClockTime = 188 s

forceCoeffs forceCoeffs1 write:
    Cm    = 0.157559
    Cd    = 0.413592
    Cl    = 0.0669013
    Cl(f) = 0.191009
    Cl(r) = -0.124108

Time = 413

smoothSolver:  Solving for Ux, Initial residual = 0.000134667, Final residual = 1.02757e-05, No Iterations 8
smoothSolver:  Solving for Uy, Initial residual = 0.00289926, Final residual = 0.00022769, No Iterations 7
smoothSolver:  Solving for Uz, Initial residual = 0.00264492, Final residual = 0.000204307, No Iterations 7
GAMG:  Solving for p, Initial residual = 0.00132646, Final residual = 5.87067e-06, No Iterations 4
time step continuity errors : sum local = 1.11909e-05, global = 1.66366e-07, cumulative = 0.000181153
smoothSolver:  Solving for omega, Initial residual = 2.31362e-05, Final residual = 1.40866e-06, No Iterations 3
smoothSolver:  Solving for k, Initial residual = 0.00028151, Final residual = 2.26906e-05, No Iterations 3
ExecutionTime = 185.61 s  ClockTime = 189 s

forceCoeffs forceCoeffs1 write:
    Cm    = 0.15762
    Cd    = 0.413719
    Cl    = 0.0669753
    Cl(f) = 0.191108
    Cl(r) = -0.124133

Time = 414

smoothSolver:  Solving for Ux, Initial residual = 0.000132271, Final residual = 1.00053e-05, No Iterations 8
smoothSolver:  Solving for Uy, Initial residual = 0.00285445, Final residual = 0.000224329, No Iterations 7
smoothSolver:  Solving for Uz, Initial residual = 0.00258884, Final residual = 0.000199267, No Iterations 7
GAMG:  Solving for p, Initial residual = 0.00130718, Final residual = 5.96952e-06, No Iterations 4
time step continuity errors : sum local = 1.1379e-05, global = 3.27992e-07, cumulative = 0.000181481
smoothSolver:  Solving for omega, Initial residual = 2.28095e-05, Final residual = 1.38878e-06, No Iterations 3
smoothSolver:  Solving for k, Initial residual = 0.000273236, Final residual = 2.22141e-05, No Iterations 3
ExecutionTime = 186.14 s  ClockTime = 189 s

forceCoeffs forceCoeffs1 write:
    Cm    = 0.157682
    Cd    = 0.413865
    Cl    = 0.0668571
    Cl(f) = 0.191111
    Cl(r) = -0.124254

Time = 415

smoothSolver:  Solving for Ux, Initial residual = 0.000130982, Final residual = 1.29667e-05, No Iterations 7
smoothSolver:  Solving for Uy, Initial residual = 0.00281141, Final residual = 0.000219698, No Iterations 7
smoothSolver:  Solving for Uz, Initial residual = 0.00253715, Final residual = 0.000195301, No Iterations 7
GAMG:  Solving for p, Initial residual = 0.00129219, Final residual = 5.91606e-06, No Iterations 4
time step continuity errors : sum local = 1.12779e-05, global = 3.88964e-07, cumulative = 0.00018187
smoothSolver:  Solving for omega, Initial residual = 2.27278e-05, Final residual = 1.38353e-06, No Iterations 3
smoothSolver:  Solving for k, Initial residual = 0.000264791, Final residual = 2.16523e-05, No Iterations 3
ExecutionTime = 186.49 s  ClockTime = 190 s

forceCoeffs forceCoeffs1 write:
    Cm    = 0.157691
    Cd    = 0.413936
    Cl    = 0.0668564
    Cl(f) = 0.191119
    Cl(r) = -0.124263

Time = 416

smoothSolver:  Solving for Ux, Initial residual = 0.000129066, Final residual = 1.26379e-05, No Iterations 7
smoothSolver:  Solving for Uy, Initial residual = 0.00276477, Final residual = 0.000214441, No Iterations 7
smoothSolver:  Solving for Uz, Initial residual = 0.00249705, Final residual = 0.000191222, No Iterations 7
GAMG:  Solving for p, Initial residual = 0.00128035, Final residual = 5.87843e-06, No Iterations 4
time step continuity errors : sum local = 1.12076e-05, global = 4.43999e-07, cumulative = 0.000182314
smoothSolver:  Solving for omega, Initial residual = 2.2337e-05, Final residual = 1.35538e-06, No Iterations 3
smoothSolver:  Solving for k, Initial residual = 0.000257407, Final residual = 2.09807e-05, No Iterations 3
ExecutionTime = 186.83 s  ClockTime = 190 s

forceCoeffs forceCoeffs1 write:
    Cm    = 0.157724
    Cd    = 0.414006
    Cl    = 0.0667478
    Cl(f) = 0.191098
    Cl(r) = -0.12435

Time = 417

smoothSolver:  Solving for Ux, Initial residual = 0.000127543, Final residual = 1.23419e-05, No Iterations 7
smoothSolver:  Solving for Uy, Initial residual = 0.00272729, Final residual = 0.000209775, No Iterations 7
smoothSolver:  Solving for Uz, Initial residual = 0.00246544, Final residual = 0.00018813, No Iterations 7
GAMG:  Solving for p, Initial residual = 0.00127485, Final residual = 5.79746e-06, No Iterations 4
time step continuity errors : sum local = 1.10547e-05, global = 4.50798e-07, cumulative = 0.000182765
smoothSolver:  Solving for omega, Initial residual = 2.21823e-05, Final residual = 1.32932e-06, No Iterations 3
smoothSolver:  Solving for k, Initial residual = 0.000250714, Final residual = 2.02188e-05, No Iterations 3
ExecutionTime = 187.15 s  ClockTime = 190 s

forceCoeffs forceCoeffs1 write:
    Cm    = 0.157754
    Cd    = 0.414071
    Cl    = 0.0667625
    Cl(f) = 0.191136
    Cl(r) = -0.124373

Time = 418

smoothSolver:  Solving for Ux, Initial residual = 0.000125415, Final residual = 1.20241e-05, No Iterations 7
smoothSolver:  Solving for Uy, Initial residual = 0.00269539, Final residual = 0.000206248, No Iterations 7
smoothSolver:  Solving for Uz, Initial residual = 0.00244393, Final residual = 0.000185283, No Iterations 7
GAMG:  Solving for p, Initial residual = 0.00127729, Final residual = 5.68943e-06, No Iterations 4
time step continuity errors : sum local = 1.08506e-05, global = 4.64611e-07, cumulative = 0.00018323
smoothSolver:  Solving for omega, Initial residual = 2.18318e-05, Final residual = 1.30444e-06, No Iterations 3
smoothSolver:  Solving for k, Initial residual = 0.000244135, Final residual = 1.948e-05, No Iterations 3
ExecutionTime = 187.49 s  ClockTime = 191 s

forceCoeffs forceCoeffs1 write:
    Cm    = 0.157792
    Cd    = 0.414121
    Cl    = 0.0666524
    Cl(f) = 0.191118
    Cl(r) = -0.124466

Time = 419

smoothSolver:  Solving for Ux, Initial residual = 0.000124115, Final residual = 1.18364e-05, No Iterations 7
smoothSolver:  Solving for Uy, Initial residual = 0.00267983, Final residual = 0.000202843, No Iterations 7
smoothSolver:  Solving for Uz, Initial residual = 0.00243359, Final residual = 0.000183566, No Iterations 7
GAMG:  Solving for p, Initial residual = 0.00127868, Final residual = 5.58944e-06, No Iterations 4
time step continuity errors : sum local = 1.06623e-05, global = 4.23053e-07, cumulative = 0.000183653
smoothSolver:  Solving for omega, Initial residual = 2.16391e-05, Final residual = 1.28128e-06, No Iterations 3
smoothSolver:  Solving for k, Initial residual = 0.000237765, Final residual = 1.87869e-05, No Iterations 3
ExecutionTime = 187.86 s  ClockTime = 191 s

forceCoeffs forceCoeffs1 write:
    Cm    = 0.157808
    Cd    = 0.414138
    Cl    = 0.0666216
    Cl(f) = 0.191119
    Cl(r) = -0.124497

Time = 420

smoothSolver:  Solving for Ux, Initial residual = 0.000122263, Final residual = 1.16258e-05, No Iterations 7
smoothSolver:  Solving for Uy, Initial residual = 0.00266679, Final residual = 0.000200382, No Iterations 7
smoothSolver:  Solving for Uz, Initial residual = 0.00241331, Final residual = 0.000180789, No Iterations 7
GAMG:  Solving for p, Initial residual = 0.00128225, Final residual = 5.49371e-06, No Iterations 4
time step continuity errors : sum local = 1.04822e-05, global = 3.46312e-07, cumulative = 0.000183999
smoothSolver:  Solving for omega, Initial residual = 2.12658e-05, Final residual = 1.25707e-06, No Iterations 3
smoothSolver:  Solving for k, Initial residual = 0.000231779, Final residual = 1.8155e-05, No Iterations 3
ExecutionTime = 188.38 s  ClockTime = 192 s

forceCoeffs forceCoeffs1 write:
    Cm    = 0.157845
    Cd    = 0.41416
    Cl    = 0.0664891
    Cl(f) = 0.19109
    Cl(r) = -0.124601

Time = 421

smoothSolver:  Solving for Ux, Initial residual = 0.000121468, Final residual = 1.15445e-05, No Iterations 7
smoothSolver:  Solving for Uy, Initial residual = 0.00266268, Final residual = 0.000199245, No Iterations 7
smoothSolver:  Solving for Uz, Initial residual = 0.00240767, Final residual = 0.000179922, No Iterations 7
GAMG:  Solving for p, Initial residual = 0.00127993, Final residual = 5.45237e-06, No Iterations 4
time step continuity errors : sum local = 1.04053e-05, global = 2.2136e-07, cumulative = 0.000184221
smoothSolver:  Solving for omega, Initial residual = 2.08072e-05, Final residual = 1.22166e-06, No Iterations 3
smoothSolver:  Solving for k, Initial residual = 0.000225057, Final residual = 1.75456e-05, No Iterations 3
ExecutionTime = 188.9 s  ClockTime = 192 s

forceCoeffs forceCoeffs1 write:
    Cm    = 0.157864
    Cd    = 0.414136
    Cl    = 0.0664967
    Cl(f) = 0.191113
    Cl(r) = -0.124616

Time = 422

smoothSolver:  Solving for Ux, Initial residual = 0.00012021, Final residual = 1.14811e-05, No Iterations 7
smoothSolver:  Solving for Uy, Initial residual = 0.00264047, Final residual = 0.000197008, No Iterations 7
smoothSolver:  Solving for Uz, Initial residual = 0.00239114, Final residual = 0.000177715, No Iterations 7
GAMG:  Solving for p, Initial residual = 0.00127507, Final residual = 5.39849e-06, No Iterations 4
time step continuity errors : sum local = 1.03045e-05, global = 9.69273e-08, cumulative = 0.000184317
smoothSolver:  Solving for omega, Initial residual = 2.03571e-05, Final residual = 1.19724e-06, No Iterations 3
smoothSolver:  Solving for k, Initial residual = 0.000218257, Final residual = 1.69648e-05, No Iterations 3
ExecutionTime = 189.42 s  ClockTime = 193 s

forceCoeffs forceCoeffs1 write:
    Cm    = 0.157903
    Cd    = 0.414113
    Cl    = 0.0663993
    Cl(f) = 0.191102
    Cl(r) = -0.124703

Time = 423

smoothSolver:  Solving for Ux, Initial residual = 0.000119452, Final residual = 1.14149e-05, No Iterations 7
smoothSolver:  Solving for Uy, Initial residual = 0.00262127, Final residual = 0.0001953, No Iterations 7
smoothSolver:  Solving for Uz, Initial residual = 0.00237569, Final residual = 0.000176847, No Iterations 7
GAMG:  Solving for p, Initial residual = 0.00126884, Final residual = 5.31096e-06, No Iterations 4
time step continuity errors : sum local = 1.01389e-05, global = -7.45313e-08, cumulative = 0.000184243
smoothSolver:  Solving for omega, Initial residual = 2.02486e-05, Final residual = 1.18421e-06, No Iterations 3
smoothSolver:  Solving for k, Initial residual = 0.000211153, Final residual = 1.64434e-05, No Iterations 3
ExecutionTime = 189.94 s  ClockTime = 193 s

forceCoeffs forceCoeffs1 write:
    Cm    = 0.157925
    Cd    = 0.414071
    Cl    = 0.0664267
    Cl(f) = 0.191139
    Cl(r) = -0.124712

Time = 424

smoothSolver:  Solving for Ux, Initial residual = 0.000117845, Final residual = 1.13087e-05, No Iterations 7
smoothSolver:  Solving for Uy, Initial residual = 0.00259062, Final residual = 0.000193566, No Iterations 7
smoothSolver:  Solving for Uz, Initial residual = 0.00235142, Final residual = 0.000174463, No Iterations 7
GAMG:  Solving for p, Initial residual = 0.00126297, Final residual = 5.21774e-06, No Iterations 4
time step continuity errors : sum local = 9.96169e-06, global = -1.9479e-07, cumulative = 0.000184048
smoothSolver:  Solving for omega, Initial residual = 1.98317e-05, Final residual = 1.15847e-06, No Iterations 3
smoothSolver:  Solving for k, Initial residual = 0.000204419, Final residual = 1.60129e-05, No Iterations 3
ExecutionTime = 190.45 s  ClockTime = 194 s

forceCoeffs forceCoeffs1 write:
    Cm    = 0.157952
    Cd    = 0.414027
    Cl    = 0.066363
    Cl(f) = 0.191133
    Cl(r) = -0.12477

Time = 425

smoothSolver:  Solving for Ux, Initial residual = 0.000116936, Final residual = 1.12134e-05, No Iterations 7
smoothSolver:  Solving for Uy, Initial residual = 0.00256361, Final residual = 0.000192248, No Iterations 7
smoothSolver:  Solving for Uz, Initial residual = 0.00233785, Final residual = 0.000233695, No Iterations 6
GAMG:  Solving for p, Initial residual = 0.00125263, Final residual = 5.04323e-06, No Iterations 4
time step continuity errors : sum local = 9.62841e-06, global = -2.72266e-07, cumulative = 0.000183776
smoothSolver:  Solving for omega, Initial residual = 1.96269e-05, Final residual = 1.15034e-06, No Iterations 3
smoothSolver:  Solving for k, Initial residual = 0.000198469, Final residual = 1.56862e-05, No Iterations 3
ExecutionTime = 190.97 s  ClockTime = 194 s

forceCoeffs forceCoeffs1 write:
    Cm    = 0.15795
    Cd    = 0.413952
    Cl    = 0.0663946
    Cl(f) = 0.191148
    Cl(r) = -0.124753

Time = 426

smoothSolver:  Solving for Ux, Initial residual = 0.000115178, Final residual = 1.10398e-05, No Iterations 7
smoothSolver:  Solving for Uy, Initial residual = 0.00253207, Final residual = 0.000189885, No Iterations 7
smoothSolver:  Solving for Uz, Initial residual = 0.00230938, Final residual = 0.000230783, No Iterations 6
GAMG:  Solving for p, Initial residual = 0.00124687, Final residual = 4.94243e-06, No Iterations 4
time step continuity errors : sum local = 9.43564e-06, global = -2.97515e-07, cumulative = 0.000183478
smoothSolver:  Solving for omega, Initial residual = 1.92687e-05, Final residual = 1.13661e-06, No Iterations 3
smoothSolver:  Solving for k, Initial residual = 0.000193534, Final residual = 1.54133e-05, No Iterations 3
ExecutionTime = 191.47 s  ClockTime = 195 s

forceCoeffs forceCoeffs1 write:
    Cm    = 0.15795
    Cd    = 0.413877
    Cl    = 0.0663292
    Cl(f) = 0.191115
    Cl(r) = -0.124785

Time = 427

smoothSolver:  Solving for Ux, Initial residual = 0.00011388, Final residual = 1.08821e-05, No Iterations 7
smoothSolver:  Solving for Uy, Initial residual = 0.00251282, Final residual = 0.000188127, No Iterations 7
smoothSolver:  Solving for Uz, Initial residual = 0.00229264, Final residual = 0.000169802, No Iterations 7
GAMG:  Solving for p, Initial residual = 0.00123899, Final residual = 4.97854e-06, No Iterations 4
time step continuity errors : sum local = 9.5039e-06, global = -3.44994e-07, cumulative = 0.000183133
smoothSolver:  Solving for omega, Initial residual = 1.92815e-05, Final residual = 1.1346e-06, No Iterations 3
smoothSolver:  Solving for k, Initial residual = 0.000189319, Final residual = 1.52076e-05, No Iterations 3
ExecutionTime = 191.8 s  ClockTime = 195 s

forceCoeffs forceCoeffs1 write:
    Cm    = 0.157908
    Cd    = 0.413746
    Cl    = 0.0663749
    Cl(f) = 0.191095
    Cl(r) = -0.12472

Time = 428

smoothSolver:  Solving for Ux, Initial residual = 0.000112587, Final residual = 1.07498e-05, No Iterations 7
smoothSolver:  Solving for Uy, Initial residual = 0.00248873, Final residual = 0.000185421, No Iterations 7
smoothSolver:  Solving for Uz, Initial residual = 0.00226768, Final residual = 0.000226764, No Iterations 6
GAMG:  Solving for p, Initial residual = 0.00122964, Final residual = 4.81814e-06, No Iterations 4
time step continuity errors : sum local = 9.19666e-06, global = -3.78753e-07, cumulative = 0.000182755
smoothSolver:  Solving for omega, Initial residual = 1.90045e-05, Final residual = 1.11994e-06, No Iterations 3
smoothSolver:  Solving for k, Initial residual = 0.000186242, Final residual = 1.50488e-05, No Iterations 3
ExecutionTime = 192.13 s  ClockTime = 195 s

forceCoeffs forceCoeffs1 write:
    Cm    = 0.157896
    Cd    = 0.413637
    Cl    = 0.066361
    Cl(f) = 0.191076
    Cl(r) = -0.124715

Time = 429

smoothSolver:  Solving for Ux, Initial residual = 0.000111638, Final residual = 1.06161e-05, No Iterations 7
smoothSolver:  Solving for Uy, Initial residual = 0.0024665, Final residual = 0.000182649, No Iterations 7
smoothSolver:  Solving for Uz, Initial residual = 0.00225275, Final residual = 0.000166024, No Iterations 7
GAMG:  Solving for p, Initial residual = 0.00121602, Final residual = 4.92271e-06, No Iterations 4
time step continuity errors : sum local = 9.39444e-06, global = -4.02881e-07, cumulative = 0.000182352
smoothSolver:  Solving for omega, Initial residual = 1.89314e-05, Final residual = 1.11608e-06, No Iterations 3
smoothSolver:  Solving for k, Initial residual = 0.000183939, Final residual = 1.49795e-05, No Iterations 3
ExecutionTime = 192.46 s  ClockTime = 196 s

forceCoeffs forceCoeffs1 write:
    Cm    = 0.157869
    Cd    = 0.413509
    Cl    = 0.0664454
    Cl(f) = 0.191092
    Cl(r) = -0.124647

Time = 430

smoothSolver:  Solving for Ux, Initial residual = 0.000110288, Final residual = 1.04647e-05, No Iterations 7
smoothSolver:  Solving for Uy, Initial residual = 0.00243211, Final residual = 0.000241472, No Iterations 6
smoothSolver:  Solving for Uz, Initial residual = 0.00220949, Final residual = 0.000219414, No Iterations 6
GAMG:  Solving for p, Initial residual = 0.00120287, Final residual = 4.7024e-06, No Iterations 4
time step continuity errors : sum local = 8.972e-06, global = -4.07002e-07, cumulative = 0.000181945
smoothSolver:  Solving for omega, Initial residual = 1.88809e-05, Final residual = 1.10863e-06, No Iterations 3
smoothSolver:  Solving for k, Initial residual = 0.000182016, Final residual = 1.4902e-05, No Iterations 3
ExecutionTime = 192.78 s  ClockTime = 196 s

forceCoeffs forceCoeffs1 write:
    Cm    = 0.15787
    Cd    = 0.413428
    Cl    = 0.0664436
    Cl(f) = 0.191092
    Cl(r) = -0.124648

Time = 431

smoothSolver:  Solving for Ux, Initial residual = 0.000109025, Final residual = 1.02863e-05, No Iterations 7
smoothSolver:  Solving for Uy, Initial residual = 0.00239324, Final residual = 0.000234974, No Iterations 6
smoothSolver:  Solving for Uz, Initial residual = 0.00216559, Final residual = 0.000214562, No Iterations 6
GAMG:  Solving for p, Initial residual = 0.00118921, Final residual = 4.74978e-06, No Iterations 4
time step continuity errors : sum local = 9.06012e-06, global = -4.14625e-07, cumulative = 0.00018153
smoothSolver:  Solving for omega, Initial residual = 1.90177e-05, Final residual = 1.10861e-06, No Iterations 3
smoothSolver:  Solving for k, Initial residual = 0.000180661, Final residual = 1.48031e-05, No Iterations 3
ExecutionTime = 193.19 s  ClockTime = 196 s

forceCoeffs forceCoeffs1 write:
    Cm    = 0.157841
    Cd    = 0.413319
    Cl    = 0.0664936
    Cl(f) = 0.191088
    Cl(r) = -0.124594

Time = 432

smoothSolver:  Solving for Ux, Initial residual = 0.000107404, Final residual = 1.00415e-05, No Iterations 7
smoothSolver:  Solving for Uy, Initial residual = 0.00234361, Final residual = 0.000226995, No Iterations 6
smoothSolver:  Solving for Uz, Initial residual = 0.00211681, Final residual = 0.000207904, No Iterations 6
GAMG:  Solving for p, Initial residual = 0.00117416, Final residual = 4.7131e-06, No Iterations 4
time step continuity errors : sum local = 8.98775e-06, global = -4.45118e-07, cumulative = 0.000181085
smoothSolver:  Solving for omega, Initial residual = 1.87494e-05, Final residual = 1.11034e-06, No Iterations 3
smoothSolver:  Solving for k, Initial residual = 0.000179152, Final residual = 1.46814e-05, No Iterations 3
ExecutionTime = 193.72 s  ClockTime = 197 s

forceCoeffs forceCoeffs1 write:
    Cm    = 0.157872
    Cd    = 0.413255
    Cl    = 0.0665345
    Cl(f) = 0.19114
    Cl(r) = -0.124605

Time = 433

smoothSolver:  Solving for Ux, Initial residual = 0.000105203, Final residual = 9.71118e-06, No Iterations 7
smoothSolver:  Solving for Uy, Initial residual = 0.00229244, Final residual = 0.000220219, No Iterations 6
smoothSolver:  Solving for Uz, Initial residual = 0.00206561, Final residual = 0.00020084, No Iterations 6
GAMG:  Solving for p, Initial residual = 0.00115622, Final residual = 4.68398e-06, No Iterations 4
time step continuity errors : sum local = 8.92951e-06, global = -4.45676e-07, cumulative = 0.000180639
smoothSolver:  Solving for omega, Initial residual = 1.86837e-05, Final residual = 1.08873e-06, No Iterations 3
smoothSolver:  Solving for k, Initial residual = 0.000177583, Final residual = 1.45199e-05, No Iterations 3
ExecutionTime = 194.22 s  ClockTime = 197 s

forceCoeffs forceCoeffs1 write:
    Cm    = 0.157876
    Cd    = 0.413189
    Cl    = 0.0665874
    Cl(f) = 0.191169
    Cl(r) = -0.124582

Time = 434

smoothSolver:  Solving for Ux, Initial residual = 0.000102412, Final residual = 9.35788e-06, No Iterations 7
smoothSolver:  Solving for Uy, Initial residual = 0.00223603, Final residual = 0.000211999, No Iterations 6
smoothSolver:  Solving for Uz, Initial residual = 0.00200718, Final residual = 0.000193128, No Iterations 6
GAMG:  Solving for p, Initial residual = 0.00114772, Final residual = 4.58416e-06, No Iterations 4
time step continuity errors : sum local = 8.73648e-06, global = -5.03242e-07, cumulative = 0.000180136
smoothSolver:  Solving for omega, Initial residual = 1.84207e-05, Final residual = 1.07947e-06, No Iterations 3
smoothSolver:  Solving for k, Initial residual = 0.000175946, Final residual = 1.43366e-05, No Iterations 3
ExecutionTime = 194.73 s  ClockTime = 198 s

forceCoeffs forceCoeffs1 write:
    Cm    = 0.157964
    Cd    = 0.413192
    Cl    = 0.0666556
    Cl(f) = 0.191292
    Cl(r) = -0.124636

Time = 435

smoothSolver:  Solving for Ux, Initial residual = 0.000100431, Final residual = 9.0637e-06, No Iterations 7
smoothSolver:  Solving for Uy, Initial residual = 0.00220225, Final residual = 0.000207432, No Iterations 6
smoothSolver:  Solving for Uz, Initial residual = 0.00197955, Final residual = 0.000188004, No Iterations 6
GAMG:  Solving for p, Initial residual = 0.00114036, Final residual = 4.56852e-06, No Iterations 4
time step continuity errors : sum local = 8.70395e-06, global = -4.84712e-07, cumulative = 0.000179651
smoothSolver:  Solving for omega, Initial residual = 1.82491e-05, Final residual = 1.06277e-06, No Iterations 3
smoothSolver:  Solving for k, Initial residual = 0.000173993, Final residual = 1.41393e-05, No Iterations 3
ExecutionTime = 195.26 s  ClockTime = 199 s

forceCoeffs forceCoeffs1 write:
    Cm    = 0.158007
    Cd    = 0.413175
    Cl    = 0.0667096
    Cl(f) = 0.191362
    Cl(r) = -0.124652

Time = 436

smoothSolver:  Solving for Ux, Initial residual = 9.84656e-05, Final residual = 8.79503e-06, No Iterations 7
smoothSolver:  Solving for Uy, Initial residual = 0.00217297, Final residual = 0.000203201, No Iterations 6
smoothSolver:  Solving for Uz, Initial residual = 0.00195128, Final residual = 0.000183757, No Iterations 6
GAMG:  Solving for p, Initial residual = 0.0011374, Final residual = 4.48691e-06, No Iterations 4
time step continuity errors : sum local = 8.54579e-06, global = -4.93239e-07, cumulative = 0.000179158
smoothSolver:  Solving for omega, Initial residual = 1.81514e-05, Final residual = 1.05676e-06, No Iterations 3
smoothSolver:  Solving for k, Initial residual = 0.000171681, Final residual = 1.39139e-05, No Iterations 3
ExecutionTime = 195.76 s  ClockTime = 199 s

forceCoeffs forceCoeffs1 write:
    Cm    = 0.158105
    Cd    = 0.413233
    Cl    = 0.0667293
    Cl(f) = 0.19147
    Cl(r) = -0.124741

Time = 437

smoothSolver:  Solving for Ux, Initial residual = 9.68722e-05, Final residual = 8.53227e-06, No Iterations 7
smoothSolver:  Solving for Uy, Initial residual = 0.00216557, Final residual = 0.000203122, No Iterations 6
smoothSolver:  Solving for Uz, Initial residual = 0.00195661, Final residual = 0.000183575, No Iterations 6
GAMG:  Solving for p, Initial residual = 0.00113724, Final residual = 4.46993e-06, No Iterations 4
time step continuity errors : sum local = 8.51146e-06, global = -4.30896e-07, cumulative = 0.000178727
smoothSolver:  Solving for omega, Initial residual = 1.81144e-05, Final residual = 1.04932e-06, No Iterations 3
smoothSolver:  Solving for k, Initial residual = 0.000168591, Final residual = 1.36897e-05, No Iterations 3
ExecutionTime = 196.28 s  ClockTime = 200 s

forceCoeffs forceCoeffs1 write:
    Cm    = 0.158145
    Cd    = 0.413216
    Cl    = 0.0667818
    Cl(f) = 0.191535
    Cl(r) = -0.124754

Time = 438

smoothSolver:  Solving for Ux, Initial residual = 9.52178e-05, Final residual = 8.26254e-06, No Iterations 7
smoothSolver:  Solving for Uy, Initial residual = 0.00215624, Final residual = 0.000200774, No Iterations 6
smoothSolver:  Solving for Uz, Initial residual = 0.00195834, Final residual = 0.000180828, No Iterations 6
GAMG:  Solving for p, Initial residual = 0.00113592, Final residual = 4.40036e-06, No Iterations 4
time step continuity errors : sum local = 8.37711e-06, global = -3.50031e-07, cumulative = 0.000178377
smoothSolver:  Solving for omega, Initial residual = 1.79716e-05, Final residual = 1.034e-06, No Iterations 3
smoothSolver:  Solving for k, Initial residual = 0.000165636, Final residual = 1.34697e-05, No Iterations 3
ExecutionTime = 196.76 s  ClockTime = 200 s

forceCoeffs forceCoeffs1 write:
    Cm    = 0.158243
    Cd    = 0.413275
    Cl    = 0.0668165
    Cl(f) = 0.191651
    Cl(r) = -0.124835

Time = 439

smoothSolver:  Solving for Ux, Initial residual = 9.43605e-05, Final residual = 8.00888e-06, No Iterations 7
smoothSolver:  Solving for Uy, Initial residual = 0.00216073, Final residual = 0.000200452, No Iterations 6
smoothSolver:  Solving for Uz, Initial residual = 0.00197156, Final residual = 0.000180383, No Iterations 6
GAMG:  Solving for p, Initial residual = 0.00113726, Final residual = 4.3536e-06, No Iterations 4
time step continuity errors : sum local = 8.28661e-06, global = -2.4953e-07, cumulative = 0.000178128
smoothSolver:  Solving for omega, Initial residual = 1.79658e-05, Final residual = 1.02193e-06, No Iterations 3
smoothSolver:  Solving for k, Initial residual = 0.000162592, Final residual = 1.32292e-05, No Iterations 3
ExecutionTime = 197.09 s  ClockTime = 200 s

forceCoeffs forceCoeffs1 write:
    Cm    = 0.15829
    Cd    = 0.413268
    Cl    = 0.066862
    Cl(f) = 0.191721
    Cl(r) = -0.124859

Time = 440

smoothSolver:  Solving for Ux, Initial residual = 9.3234e-05, Final residual = 7.79903e-06, No Iterations 7
smoothSolver:  Solving for Uy, Initial residual = 0.00215523, Final residual = 0.000197467, No Iterations 6
smoothSolver:  Solving for Uz, Initial residual = 0.00197623, Final residual = 0.000178085, No Iterations 6
GAMG:  Solving for p, Initial residual = 0.00113733, Final residual = 4.26516e-06, No Iterations 4
time step continuity errors : sum local = 8.1171e-06, global = -1.43011e-07, cumulative = 0.000177985
smoothSolver:  Solving for omega, Initial residual = 1.77533e-05, Final residual = 1.00676e-06, No Iterations 3
smoothSolver:  Solving for k, Initial residual = 0.000159565, Final residual = 1.29492e-05, No Iterations 3
ExecutionTime = 197.41 s  ClockTime = 201 s

forceCoeffs forceCoeffs1 write:
    Cm    = 0.158383
    Cd    = 0.413336
    Cl    = 0.066886
    Cl(f) = 0.191826
    Cl(r) = -0.12494

Time = 441

smoothSolver:  Solving for Ux, Initial residual = 9.22136e-05, Final residual = 7.61117e-06, No Iterations 7
smoothSolver:  Solving for Uy, Initial residual = 0.00215432, Final residual = 0.000196893, No Iterations 6
smoothSolver:  Solving for Uz, Initial residual = 0.00198186, Final residual = 0.000176988, No Iterations 6
GAMG:  Solving for p, Initial residual = 0.00114362, Final residual = 4.23365e-06, No Iterations 4
time step continuity errors : sum local = 8.05591e-06, global = -7.4162e-08, cumulative = 0.000177911
smoothSolver:  Solving for omega, Initial residual = 1.78119e-05, Final residual = 9.99616e-07, No Iterations 3
smoothSolver:  Solving for k, Initial residual = 0.000156561, Final residual = 1.26581e-05, No Iterations 3
ExecutionTime = 197.73 s  ClockTime = 201 s

forceCoeffs forceCoeffs1 write:
    Cm    = 0.158417
    Cd    = 0.413349
    Cl    = 0.0668758
    Cl(f) = 0.191855
    Cl(r) = -0.124979

Time = 442

smoothSolver:  Solving for Ux, Initial residual = 9.16779e-05, Final residual = 7.51797e-06, No Iterations 7
smoothSolver:  Solving for Uy, Initial residual = 0.00214542, Final residual = 0.000194975, No Iterations 6
smoothSolver:  Solving for Uz, Initial residual = 0.00198923, Final residual = 0.000175178, No Iterations 6
GAMG:  Solving for p, Initial residual = 0.0011442, Final residual = 1.13552e-05, No Iterations 3
time step continuity errors : sum local = 2.16045e-05, global = 6.42359e-08, cumulative = 0.000177975
smoothSolver:  Solving for omega, Initial residual = 1.75518e-05, Final residual = 9.82931e-07, No Iterations 3
smoothSolver:  Solving for k, Initial residual = 0.000153512, Final residual = 1.23786e-05, No Iterations 3
ExecutionTime = 198.05 s  ClockTime = 201 s

forceCoeffs forceCoeffs1 write:
    Cm    = 0.158463
    Cd    = 0.413385
    Cl    = 0.0668834
    Cl(f) = 0.191904
    Cl(r) = -0.125021

Time = 443

smoothSolver:  Solving for Ux, Initial residual = 9.06366e-05, Final residual = 7.38289e-06, No Iterations 7
smoothSolver:  Solving for Uy, Initial residual = 0.00212909, Final residual = 0.000192312, No Iterations 6
smoothSolver:  Solving for Uz, Initial residual = 0.00197109, Final residual = 0.000172008, No Iterations 6
GAMG:  Solving for p, Initial residual = 0.00114903, Final residual = 4.30615e-06, No Iterations 4
time step continuity errors : sum local = 8.19277e-06, global = -6.26124e-08, cumulative = 0.000177912
smoothSolver:  Solving for omega, Initial residual = 1.75106e-05, Final residual = 9.71211e-07, No Iterations 3
smoothSolver:  Solving for k, Initial residual = 0.000150609, Final residual = 1.21303e-05, No Iterations 3
ExecutionTime = 198.48 s  ClockTime = 202 s

forceCoeffs forceCoeffs1 write:
    Cm    = 0.158464
    Cd    = 0.413363
    Cl    = 0.0668712
    Cl(f) = 0.191899
    Cl(r) = -0.125028

Time = 444

smoothSolver:  Solving for Ux, Initial residual = 9.06716e-05, Final residual = 7.37333e-06, No Iterations 7
smoothSolver:  Solving for Uy, Initial residual = 0.00214299, Final residual = 0.000195023, No Iterations 6
smoothSolver:  Solving for Uz, Initial residual = 0.00197581, Final residual = 0.000171945, No Iterations 6
GAMG:  Solving for p, Initial residual = 0.00114347, Final residual = 1.08742e-05, No Iterations 3
time step continuity errors : sum local = 2.06857e-05, global = 6.10332e-08, cumulative = 0.000177973
smoothSolver:  Solving for omega, Initial residual = 1.7264e-05, Final residual = 9.6367e-07, No Iterations 3
smoothSolver:  Solving for k, Initial residual = 0.000148247, Final residual = 1.19359e-05, No Iterations 3
ExecutionTime = 198.99 s  ClockTime = 202 s

forceCoeffs forceCoeffs1 write:
    Cm    = 0.158513
    Cd    = 0.413396
    Cl    = 0.0669302
    Cl(f) = 0.191979
    Cl(r) = -0.125048

Time = 445

smoothSolver:  Solving for Ux, Initial residual = 8.97838e-05, Final residual = 7.3339e-06, No Iterations 7
smoothSolver:  Solving for Uy, Initial residual = 0.00211842, Final residual = 0.000192202, No Iterations 6
smoothSolver:  Solving for Uz, Initial residual = 0.00195579, Final residual = 0.00016966, No Iterations 6
GAMG:  Solving for p, Initial residual = 0.00114146, Final residual = 1.11965e-05, No Iterations 3
time step continuity errors : sum local = 2.12981e-05, global = -6.47796e-08, cumulative = 0.000177908
smoothSolver:  Solving for omega, Initial residual = 1.70821e-05, Final residual = 9.53983e-07, No Iterations 3
smoothSolver:  Solving for k, Initial residual = 0.000146347, Final residual = 1.18056e-05, No Iterations 3
ExecutionTime = 199.49 s  ClockTime = 203 s

forceCoeffs forceCoeffs1 write:
    Cm    = 0.1585
    Cd    = 0.41336
    Cl    = 0.0669613
    Cl(f) = 0.191981
    Cl(r) = -0.125019

Time = 446

smoothSolver:  Solving for Ux, Initial residual = 8.94824e-05, Final residual = 7.40948e-06, No Iterations 7
smoothSolver:  Solving for Uy, Initial residual = 0.0021099, Final residual = 0.000192915, No Iterations 6
smoothSolver:  Solving for Uz, Initial residual = 0.00193847, Final residual = 0.000169442, No Iterations 6
GAMG:  Solving for p, Initial residual = 0.00113554, Final residual = 1.11776e-05, No Iterations 3
time step continuity errors : sum local = 2.12592e-05, global = -1.82341e-07, cumulative = 0.000177726
smoothSolver:  Solving for omega, Initial residual = 1.69109e-05, Final residual = 9.51829e-07, No Iterations 3
smoothSolver:  Solving for k, Initial residual = 0.000145093, Final residual = 1.17426e-05, No Iterations 3
ExecutionTime = 199.98 s  ClockTime = 203 s

forceCoeffs forceCoeffs1 write:
    Cm    = 0.158505
    Cd    = 0.413383
    Cl    = 0.0669414
    Cl(f) = 0.191975
    Cl(r) = -0.125034

Time = 447

smoothSolver:  Solving for Ux, Initial residual = 9.01611e-05, Final residual = 7.51057e-06, No Iterations 7
smoothSolver:  Solving for Uy, Initial residual = 0.00211512, Final residual = 0.000195251, No Iterations 6
smoothSolver:  Solving for Uz, Initial residual = 0.00193931, Final residual = 0.000171074, No Iterations 6
GAMG:  Solving for p, Initial residual = 0.00112441, Final residual = 1.10905e-05, No Iterations 3
time step continuity errors : sum local = 2.10903e-05, global = -3.2071e-07, cumulative = 0.000177405
smoothSolver:  Solving for omega, Initial residual = 1.69955e-05, Final residual = 9.48663e-07, No Iterations 3
smoothSolver:  Solving for k, Initial residual = 0.000144312, Final residual = 1.16917e-05, No Iterations 3
ExecutionTime = 200.51 s  ClockTime = 204 s

forceCoeffs forceCoeffs1 write:
    Cm    = 0.158438
    Cd    = 0.413289
    Cl    = 0.0669613
    Cl(f) = 0.191919
    Cl(r) = -0.124957

Time = 448

smoothSolver:  Solving for Ux, Initial residual = 8.9932e-05, Final residual = 7.55763e-06, No Iterations 7
smoothSolver:  Solving for Uy, Initial residual = 0.00209791, Final residual = 0.000193406, No Iterations 6
smoothSolver:  Solving for Uz, Initial residual = 0.00190681, Final residual = 0.000168051, No Iterations 6
GAMG:  Solving for p, Initial residual = 0.00111548, Final residual = 4.29213e-06, No Iterations 4
time step continuity errors : sum local = 8.16078e-06, global = -1.94977e-07, cumulative = 0.00017721
smoothSolver:  Solving for omega, Initial residual = 1.68708e-05, Final residual = 9.42531e-07, No Iterations 3
smoothSolver:  Solving for k, Initial residual = 0.000144267, Final residual = 1.16829e-05, No Iterations 3
ExecutionTime = 200.99 s  ClockTime = 204 s

forceCoeffs forceCoeffs1 write:
    Cm    = 0.158405
    Cd    = 0.413235
    Cl    = 0.0669893
    Cl(f) = 0.1919
    Cl(r) = -0.12491

Time = 449

smoothSolver:  Solving for Ux, Initial residual = 9.02767e-05, Final residual = 7.67213e-06, No Iterations 7
smoothSolver:  Solving for Uy, Initial residual = 0.00210481, Final residual = 0.000196402, No Iterations 6
smoothSolver:  Solving for Uz, Initial residual = 0.00193493, Final residual = 0.000171377, No Iterations 6
GAMG:  Solving for p, Initial residual = 0.00110668, Final residual = 1.0838e-05, No Iterations 3
time step continuity errors : sum local = 2.05994e-05, global = -2.90668e-07, cumulative = 0.00017692
smoothSolver:  Solving for omega, Initial residual = 1.69122e-05, Final residual = 9.47689e-07, No Iterations 3
smoothSolver:  Solving for k, Initial residual = 0.00014536, Final residual = 1.17104e-05, No Iterations 3
ExecutionTime = 201.5 s  ClockTime = 205 s

forceCoeffs forceCoeffs1 write:
    Cm    = 0.15832
    Cd    = 0.413113
    Cl    = 0.0670101
    Cl(f) = 0.191825
    Cl(r) = -0.124815

Time = 450

smoothSolver:  Solving for Ux, Initial residual = 8.98911e-05, Final residual = 7.68754e-06, No Iterations 7
smoothSolver:  Solving for Uy, Initial residual = 0.00205223, Final residual = 0.000189706, No Iterations 6
smoothSolver:  Solving for Uz, Initial residual = 0.00188584, Final residual = 0.000165745, No Iterations 6
GAMG:  Solving for p, Initial residual = 0.00109451, Final residual = 4.42633e-06, No Iterations 4
time step continuity errors : sum local = 8.4116e-06, global = -2.37567e-07, cumulative = 0.000176682
smoothSolver:  Solving for omega, Initial residual = 1.71086e-05, Final residual = 9.59865e-07, No Iterations 3
smoothSolver:  Solving for k, Initial residual = 0.000147278, Final residual = 1.17837e-05, No Iterations 3
ExecutionTime = 202 s  ClockTime = 205 s

forceCoeffs forceCoeffs1 write:
    Cm    = 0.158255
    Cd    = 0.412993
    Cl    = 0.0670977
    Cl(f) = 0.191804
    Cl(r) = -0.124706

Time = 451

smoothSolver:  Solving for Ux, Initial residual = 9.02466e-05, Final residual = 7.75536e-06, No Iterations 7
smoothSolver:  Solving for Uy, Initial residual = 0.00206547, Final residual = 0.000193597, No Iterations 6
smoothSolver:  Solving for Uz, Initial residual = 0.00189771, Final residual = 0.000168118, No Iterations 6
GAMG:  Solving for p, Initial residual = 0.00109132, Final residual = 4.17333e-06, No Iterations 4
time step continuity errors : sum local = 7.92826e-06, global = -2.49583e-07, cumulative = 0.000176433
smoothSolver:  Solving for omega, Initial residual = 1.71801e-05, Final residual = 9.6366e-07, No Iterations 3
smoothSolver:  Solving for k, Initial residual = 0.000149877, Final residual = 1.1923e-05, No Iterations 3
ExecutionTime = 202.33 s  ClockTime = 206 s

forceCoeffs forceCoeffs1 write:
    Cm    = 0.158149
    Cd    = 0.412806
    Cl    = 0.0671958
    Cl(f) = 0.191747
    Cl(r) = -0.124551

Time = 452

smoothSolver:  Solving for Ux, Initial residual = 8.98673e-05, Final residual = 7.74725e-06, No Iterations 7
smoothSolver:  Solving for Uy, Initial residual = 0.00203719, Final residual = 0.000190268, No Iterations 6
smoothSolver:  Solving for Uz, Initial residual = 0.00188004, Final residual = 0.000166211, No Iterations 6
GAMG:  Solving for p, Initial residual = 0.00108743, Final residual = 4.24728e-06, No Iterations 4
time step continuity errors : sum local = 8.06653e-06, global = -2.46249e-07, cumulative = 0.000176186
smoothSolver:  Solving for omega, Initial residual = 1.72625e-05, Final residual = 9.62282e-07, No Iterations 3
smoothSolver:  Solving for k, Initial residual = 0.000153071, Final residual = 1.21108e-05, No Iterations 3
ExecutionTime = 202.65 s  ClockTime = 206 s

forceCoeffs forceCoeffs1 write:
    Cm    = 0.158087
    Cd    = 0.412699
    Cl    = 0.0672649
    Cl(f) = 0.19172
    Cl(r) = -0.124455

Time = 453

smoothSolver:  Solving for Ux, Initial residual = 8.93302e-05, Final residual = 7.76706e-06, No Iterations 7
smoothSolver:  Solving for Uy, Initial residual = 0.00201828, Final residual = 0.000189965, No Iterations 6
smoothSolver:  Solving for Uz, Initial residual = 0.00187557, Final residual = 0.000165936, No Iterations 6
GAMG:  Solving for p, Initial residual = 0.00108601, Final residual = 4.39219e-06, No Iterations 4
time step continuity errors : sum local = 8.33991e-06, global = -2.78216e-07, cumulative = 0.000175908
smoothSolver:  Solving for omega, Initial residual = 1.73027e-05, Final residual = 9.60689e-07, No Iterations 3
smoothSolver:  Solving for k, Initial residual = 0.000156576, Final residual = 1.2345e-05, No Iterations 3
ExecutionTime = 202.98 s  ClockTime = 206 s

forceCoeffs forceCoeffs1 write:
    Cm    = 0.157966
    Cd    = 0.412509
    Cl    = 0.0673665
    Cl(f) = 0.191649
    Cl(r) = -0.124283

Time = 454

smoothSolver:  Solving for Ux, Initial residual = 8.92048e-05, Final residual = 7.79144e-06, No Iterations 7
smoothSolver:  Solving for Uy, Initial residual = 0.0020059, Final residual = 0.00018867, No Iterations 6
smoothSolver:  Solving for Uz, Initial residual = 0.00186855, Final residual = 0.00016594, No Iterations 6
GAMG:  Solving for p, Initial residual = 0.00108127, Final residual = 4.45637e-06, No Iterations 4
time step continuity errors : sum local = 8.46001e-06, global = -2.89317e-07, cumulative = 0.000175619
smoothSolver:  Solving for omega, Initial residual = 1.70608e-05, Final residual = 9.53175e-07, No Iterations 3
smoothSolver:  Solving for k, Initial residual = 0.000160242, Final residual = 1.2606e-05, No Iterations 3
ExecutionTime = 203.3 s  ClockTime = 207 s

forceCoeffs forceCoeffs1 write:
    Cm    = 0.157893
    Cd    = 0.412378
    Cl    = 0.0674664
    Cl(f) = 0.191626
    Cl(r) = -0.12416

Time = 455

smoothSolver:  Solving for Ux, Initial residual = 8.88974e-05, Final residual = 7.84892e-06, No Iterations 7
smoothSolver:  Solving for Uy, Initial residual = 0.00200162, Final residual = 0.000189647, No Iterations 6
smoothSolver:  Solving for Uz, Initial residual = 0.00186368, Final residual = 0.000166694, No Iterations 6
GAMG:  Solving for p, Initial residual = 0.00107994, Final residual = 4.50638e-06, No Iterations 4
time step continuity errors : sum local = 8.55334e-06, global = -3.12232e-07, cumulative = 0.000175307
smoothSolver:  Solving for omega, Initial residual = 1.69765e-05, Final residual = 9.49512e-07, No Iterations 3
smoothSolver:  Solving for k, Initial residual = 0.000163876, Final residual = 1.28822e-05, No Iterations 3
ExecutionTime = 203.72 s  ClockTime = 207 s

forceCoeffs forceCoeffs1 write:
    Cm    = 0.157778
    Cd    = 0.412197
    Cl    = 0.0675904
    Cl(f) = 0.191573
    Cl(r) = -0.123982

Time = 456

smoothSolver:  Solving for Ux, Initial residual = 8.87107e-05, Final residual = 7.94119e-06, No Iterations 7
smoothSolver:  Solving for Uy, Initial residual = 0.00199373, Final residual = 0.000189714, No Iterations 6
smoothSolver:  Solving for Uz, Initial residual = 0.00185935, Final residual = 0.000167897, No Iterations 6
GAMG:  Solving for p, Initial residual = 0.00107637, Final residual = 4.53871e-06, No Iterations 4
time step continuity errors : sum local = 8.61267e-06, global = -3.1056e-07, cumulative = 0.000174996
smoothSolver:  Solving for omega, Initial residual = 1.68959e-05, Final residual = 9.54081e-07, No Iterations 3
smoothSolver:  Solving for k, Initial residual = 0.000167563, Final residual = 1.31962e-05, No Iterations 3
ExecutionTime = 204.25 s  ClockTime = 208 s

forceCoeffs forceCoeffs1 write:
    Cm    = 0.157725
    Cd    = 0.412097
    Cl    = 0.0677159
    Cl(f) = 0.191583
    Cl(r) = -0.123867

Time = 457

smoothSolver:  Solving for Ux, Initial residual = 8.86025e-05, Final residual = 8.0579e-06, No Iterations 7
smoothSolver:  Solving for Uy, Initial residual = 0.00199192, Final residual = 0.000191064, No Iterations 6
smoothSolver:  Solving for Uz, Initial residual = 0.00185659, Final residual = 0.000169175, No Iterations 6
GAMG:  Solving for p, Initial residual = 0.00107376, Final residual = 4.54948e-06, No Iterations 4
time step continuity errors : sum local = 8.63135e-06, global = -3.06266e-07, cumulative = 0.00017469
smoothSolver:  Solving for omega, Initial residual = 1.68155e-05, Final residual = 9.46303e-07, No Iterations 3
smoothSolver:  Solving for k, Initial residual = 0.000171186, Final residual = 1.35163e-05, No Iterations 3
ExecutionTime = 204.75 s  ClockTime = 208 s

forceCoeffs forceCoeffs1 write:
    Cm    = 0.157629
    Cd    = 0.411963
    Cl    = 0.0677985
    Cl(f) = 0.191528
    Cl(r) = -0.12373

Time = 458

smoothSolver:  Solving for Ux, Initial residual = 8.88322e-05, Final residual = 8.21421e-06, No Iterations 7
smoothSolver:  Solving for Uy, Initial residual = 0.00198202, Final residual = 0.000191018, No Iterations 6
smoothSolver:  Solving for Uz, Initial residual = 0.00185139, Final residual = 0.000169924, No Iterations 6
GAMG:  Solving for p, Initial residual = 0.00106748, Final residual = 4.50529e-06, No Iterations 4
time step continuity errors : sum local = 8.54586e-06, global = -2.99328e-07, cumulative = 0.00017439
smoothSolver:  Solving for omega, Initial residual = 1.66367e-05, Final residual = 9.44679e-07, No Iterations 3
smoothSolver:  Solving for k, Initial residual = 0.000174419, Final residual = 1.38348e-05, No Iterations 3
ExecutionTime = 205.26 s  ClockTime = 209 s

forceCoeffs forceCoeffs1 write:
    Cm    = 0.157571
    Cd    = 0.41187
    Cl    = 0.0678914
    Cl(f) = 0.191517
    Cl(r) = -0.123625

Time = 459

smoothSolver:  Solving for Ux, Initial residual = 8.87025e-05, Final residual = 8.33034e-06, No Iterations 7
smoothSolver:  Solving for Uy, Initial residual = 0.00197332, Final residual = 0.000191264, No Iterations 6
smoothSolver:  Solving for Uz, Initial residual = 0.00184287, Final residual = 0.000169719, No Iterations 6
GAMG:  Solving for p, Initial residual = 0.00106026, Final residual = 4.39696e-06, No Iterations 4
time step continuity errors : sum local = 8.33898e-06, global = -3.05419e-07, cumulative = 0.000174085
smoothSolver:  Solving for omega, Initial residual = 1.65849e-05, Final residual = 9.44481e-07, No Iterations 3
smoothSolver:  Solving for k, Initial residual = 0.000176649, Final residual = 1.41152e-05, No Iterations 3
ExecutionTime = 205.79 s  ClockTime = 209 s

forceCoeffs forceCoeffs1 write:
    Cm    = 0.157475
    Cd    = 0.411704
    Cl    = 0.0679849
    Cl(f) = 0.191468
    Cl(r) = -0.123483

Time = 460

smoothSolver:  Solving for Ux, Initial residual = 8.8389e-05, Final residual = 8.4245e-06, No Iterations 7
smoothSolver:  Solving for Uy, Initial residual = 0.00194586, Final residual = 0.000189469, No Iterations 6
smoothSolver:  Solving for Uz, Initial residual = 0.00182043, Final residual = 0.000168786, No Iterations 6
GAMG:  Solving for p, Initial residual = 0.00104902, Final residual = 4.32964e-06, No Iterations 4
time step continuity errors : sum local = 8.20986e-06, global = -2.98716e-07, cumulative = 0.000173786
smoothSolver:  Solving for omega, Initial residual = 1.62596e-05, Final residual = 9.3577e-07, No Iterations 3
smoothSolver:  Solving for k, Initial residual = 0.000178244, Final residual = 1.43472e-05, No Iterations 3
ExecutionTime = 206.27 s  ClockTime = 210 s

forceCoeffs forceCoeffs1 write:
    Cm    = 0.157457
    Cd    = 0.411641
    Cl    = 0.0680977
    Cl(f) = 0.191506
    Cl(r) = -0.123408

Time = 461

smoothSolver:  Solving for Ux, Initial residual = 8.78077e-05, Final residual = 8.47215e-06, No Iterations 7
smoothSolver:  Solving for Uy, Initial residual = 0.00191718, Final residual = 0.000187889, No Iterations 6
smoothSolver:  Solving for Uz, Initial residual = 0.00180055, Final residual = 0.000167865, No Iterations 6
GAMG:  Solving for p, Initial residual = 0.00104309, Final residual = 4.20413e-06, No Iterations 4
time step continuity errors : sum local = 7.97081e-06, global = -2.95552e-07, cumulative = 0.000173491
smoothSolver:  Solving for omega, Initial residual = 1.60896e-05, Final residual = 9.26373e-07, No Iterations 3
smoothSolver:  Solving for k, Initial residual = 0.000178953, Final residual = 1.45186e-05, No Iterations 3
ExecutionTime = 206.8 s  ClockTime = 210 s

forceCoeffs forceCoeffs1 write:
    Cm    = 0.157399
    Cd    = 0.411526
    Cl    = 0.0681704
    Cl(f) = 0.191484
    Cl(r) = -0.123314

Time = 462

smoothSolver:  Solving for Ux, Initial residual = 8.74968e-05, Final residual = 8.49353e-06, No Iterations 7
smoothSolver:  Solving for Uy, Initial residual = 0.00188807, Final residual = 0.000185426, No Iterations 6
smoothSolver:  Solving for Uz, Initial residual = 0.00177774, Final residual = 0.000165741, No Iterations 6
GAMG:  Solving for p, Initial residual = 0.00103245, Final residual = 4.11461e-06, No Iterations 4
time step continuity errors : sum local = 7.79981e-06, global = -2.54465e-07, cumulative = 0.000173236
smoothSolver:  Solving for omega, Initial residual = 1.5769e-05, Final residual = 9.22383e-07, No Iterations 3
smoothSolver:  Solving for k, Initial residual = 0.000178837, Final residual = 1.46279e-05, No Iterations 3
ExecutionTime = 207.27 s  ClockTime = 211 s

forceCoeffs forceCoeffs1 write:
    Cm    = 0.157403
    Cd    = 0.411499
    Cl    = 0.0682397
    Cl(f) = 0.191523
    Cl(r) = -0.123283

Time = 463

smoothSolver:  Solving for Ux, Initial residual = 8.69847e-05, Final residual = 8.48097e-06, No Iterations 7
smoothSolver:  Solving for Uy, Initial residual = 0.00185957, Final residual = 0.000182493, No Iterations 6
smoothSolver:  Solving for Uz, Initial residual = 0.00174334, Final residual = 0.000162849, No Iterations 6
GAMG:  Solving for p, Initial residual = 0.00102481, Final residual = 3.92667e-06, No Iterations 4
time step continuity errors : sum local = 7.44306e-06, global = -2.15425e-07, cumulative = 0.000173021
smoothSolver:  Solving for omega, Initial residual = 1.56668e-05, Final residual = 9.11036e-07, No Iterations 3
smoothSolver:  Solving for k, Initial residual = 0.000177936, Final residual = 1.46677e-05, No Iterations 3
ExecutionTime = 207.59 s  ClockTime = 211 s

forceCoeffs forceCoeffs1 write:
    Cm    = 0.157346
    Cd    = 0.411387
    Cl    = 0.0682759
    Cl(f) = 0.191484
    Cl(r) = -0.123208

Time = 464

smoothSolver:  Solving for Ux, Initial residual = 8.62098e-05, Final residual = 8.44201e-06, No Iterations 7
smoothSolver:  Solving for Uy, Initial residual = 0.00182701, Final residual = 0.000178817, No Iterations 6
smoothSolver:  Solving for Uz, Initial residual = 0.00170566, Final residual = 0.000158618, No Iterations 6
GAMG:  Solving for p, Initial residual = 0.00101227, Final residual = 3.85003e-06, No Iterations 4
time step continuity errors : sum local = 7.2974e-06, global = -1.42871e-07, cumulative = 0.000172878
smoothSolver:  Solving for omega, Initial residual = 1.55105e-05, Final residual = 9.10692e-07, No Iterations 3
smoothSolver:  Solving for k, Initial residual = 0.000176083, Final residual = 1.46661e-05, No Iterations 3
ExecutionTime = 207.91 s  ClockTime = 211 s

forceCoeffs forceCoeffs1 write:
    Cm    = 0.157353
    Cd    = 0.411349
    Cl    = 0.0683551
    Cl(f) = 0.19153
    Cl(r) = -0.123175

Time = 465

smoothSolver:  Solving for Ux, Initial residual = 8.54802e-05, Final residual = 8.3868e-06, No Iterations 7
smoothSolver:  Solving for Uy, Initial residual = 0.0017988, Final residual = 0.000176214, No Iterations 6
smoothSolver:  Solving for Uz, Initial residual = 0.00167954, Final residual = 0.000155759, No Iterations 6
GAMG:  Solving for p, Initial residual = 0.00100178, Final residual = 3.71629e-06, No Iterations 4
time step continuity errors : sum local = 7.04386e-06, global = -9.92046e-08, cumulative = 0.000172779
smoothSolver:  Solving for omega, Initial residual = 1.54673e-05, Final residual = 9.12892e-07, No Iterations 3
smoothSolver:  Solving for k, Initial residual = 0.000173775, Final residual = 1.46115e-05, No Iterations 3
ExecutionTime = 208.24 s  ClockTime = 212 s

forceCoeffs forceCoeffs1 write:
    Cm    = 0.157311
    Cd    = 0.411238
    Cl    = 0.0684152
    Cl(f) = 0.191518
    Cl(r) = -0.123103

Time = 466

smoothSolver:  Solving for Ux, Initial residual = 8.46355e-05, Final residual = 8.29819e-06, No Iterations 7
smoothSolver:  Solving for Uy, Initial residual = 0.00176644, Final residual = 0.000172935, No Iterations 6
smoothSolver:  Solving for Uz, Initial residual = 0.00163887, Final residual = 0.000151383, No Iterations 6
GAMG:  Solving for p, Initial residual = 0.000992106, Final residual = 9.78183e-06, No Iterations 3
time step continuity errors : sum local = 1.85411e-05, global = -9.7645e-09, cumulative = 0.000172769
smoothSolver:  Solving for omega, Initial residual = 1.52318e-05, Final residual = 9.05541e-07, No Iterations 3
smoothSolver:  Solving for k, Initial residual = 0.00017127, Final residual = 1.45194e-05, No Iterations 3
ExecutionTime = 208.57 s  ClockTime = 212 s

forceCoeffs forceCoeffs1 write:
    Cm    = 0.157325
    Cd    = 0.411214
    Cl    = 0.0684817
    Cl(f) = 0.191566
    Cl(r) = -0.123085

Time = 467

smoothSolver:  Solving for Ux, Initial residual = 8.39775e-05, Final residual = 8.14212e-06, No Iterations 7
smoothSolver:  Solving for Uy, Initial residual = 0.00175097, Final residual = 0.000170916, No Iterations 6
smoothSolver:  Solving for Uz, Initial residual = 0.00161987, Final residual = 0.000149556, No Iterations 6
GAMG:  Solving for p, Initial residual = 0.000986129, Final residual = 3.75316e-06, No Iterations 4
time step continuity errors : sum local = 7.11444e-06, global = 4.19559e-09, cumulative = 0.000172773
smoothSolver:  Solving for omega, Initial residual = 1.52684e-05, Final residual = 9.01707e-07, No Iterations 3
smoothSolver:  Solving for k, Initial residual = 0.000168599, Final residual = 1.4391e-05, No Iterations 3
ExecutionTime = 209 s  ClockTime = 212 s

forceCoeffs forceCoeffs1 write:
    Cm    = 0.157277
    Cd    = 0.411093
    Cl    = 0.0685346
    Cl(f) = 0.191545
    Cl(r) = -0.12301

Time = 468

smoothSolver:  Solving for Ux, Initial residual = 8.33687e-05, Final residual = 7.99287e-06, No Iterations 7
smoothSolver:  Solving for Uy, Initial residual = 0.00174646, Final residual = 0.000169394, No Iterations 6
smoothSolver:  Solving for Uz, Initial residual = 0.00160323, Final residual = 0.000145518, No Iterations 6
GAMG:  Solving for p, Initial residual = 0.000974296, Final residual = 9.27626e-06, No Iterations 3
time step continuity errors : sum local = 1.75859e-05, global = 1.23142e-07, cumulative = 0.000172896
smoothSolver:  Solving for omega, Initial residual = 1.53024e-05, Final residual = 8.9873e-07, No Iterations 3
smoothSolver:  Solving for k, Initial residual = 0.00016575, Final residual = 1.42116e-05, No Iterations 3
ExecutionTime = 209.51 s  ClockTime = 213 s

forceCoeffs forceCoeffs1 write:
    Cm    = 0.1573
    Cd    = 0.411084
    Cl    = 0.0685855
    Cl(f) = 0.191593
    Cl(r) = -0.123008

Time = 469

smoothSolver:  Solving for Ux, Initial residual = 8.17417e-05, Final residual = 7.76297e-06, No Iterations 7
smoothSolver:  Solving for Uy, Initial residual = 0.0017233, Final residual = 0.000165527, No Iterations 6
smoothSolver:  Solving for Uz, Initial residual = 0.00157135, Final residual = 0.000141773, No Iterations 6
GAMG:  Solving for p, Initial residual = 0.000969468, Final residual = 9.58312e-06, No Iterations 3
time step continuity errors : sum local = 1.81701e-05, global = 1.74251e-07, cumulative = 0.000173071
smoothSolver:  Solving for omega, Initial residual = 1.51768e-05, Final residual = 8.92717e-07, No Iterations 3
smoothSolver:  Solving for k, Initial residual = 0.000162623, Final residual = 1.40023e-05, No Iterations 3
ExecutionTime = 210 s  ClockTime = 213 s

forceCoeffs forceCoeffs1 write:
    Cm    = 0.157244
    Cd    = 0.410972
    Cl    = 0.0686153
    Cl(f) = 0.191552
    Cl(r) = -0.122937

Time = 470

smoothSolver:  Solving for Ux, Initial residual = 8.0819e-05, Final residual = 7.57464e-06, No Iterations 7
smoothSolver:  Solving for Uy, Initial residual = 0.00171755, Final residual = 0.000164333, No Iterations 6
smoothSolver:  Solving for Uz, Initial residual = 0.00156075, Final residual = 0.000139595, No Iterations 6
GAMG:  Solving for p, Initial residual = 0.000963074, Final residual = 9.60619e-06, No Iterations 3
time step continuity errors : sum local = 1.82165e-05, global = 2.34526e-07, cumulative = 0.000173305
smoothSolver:  Solving for omega, Initial residual = 1.53594e-05, Final residual = 8.96595e-07, No Iterations 3
smoothSolver:  Solving for k, Initial residual = 0.000159627, Final residual = 1.37848e-05, No Iterations 3
ExecutionTime = 210.51 s  ClockTime = 214 s

forceCoeffs forceCoeffs1 write:
    Cm    = 0.157247
    Cd    = 0.410931
    Cl    = 0.0686756
    Cl(f) = 0.191585
    Cl(r) = -0.12291

Time = 471

smoothSolver:  Solving for Ux, Initial residual = 8.03522e-05, Final residual = 7.37804e-06, No Iterations 7
smoothSolver:  Solving for Uy, Initial residual = 0.00173251, Final residual = 0.000164233, No Iterations 6
smoothSolver:  Solving for Uz, Initial residual = 0.00157255, Final residual = 0.000139856, No Iterations 6
GAMG:  Solving for p, Initial residual = 0.00095915, Final residual = 3.69738e-06, No Iterations 4
time step continuity errors : sum local = 7.01261e-06, global = 7.65442e-08, cumulative = 0.000173382
smoothSolver:  Solving for omega, Initial residual = 1.54813e-05, Final residual = 8.95669e-07, No Iterations 3
smoothSolver:  Solving for k, Initial residual = 0.000156909, Final residual = 1.35326e-05, No Iterations 3
ExecutionTime = 211.03 s  ClockTime = 214 s

forceCoeffs forceCoeffs1 write:
    Cm    = 0.157184
    Cd    = 0.410778
    Cl    = 0.0687165
    Cl(f) = 0.191542
    Cl(r) = -0.122825

Time = 472

smoothSolver:  Solving for Ux, Initial residual = 8.00066e-05, Final residual = 7.2365e-06, No Iterations 7
smoothSolver:  Solving for Uy, Initial residual = 0.00175509, Final residual = 0.00016549, No Iterations 6
smoothSolver:  Solving for Uz, Initial residual = 0.00158904, Final residual = 0.000141477, No Iterations 6
GAMG:  Solving for p, Initial residual = 0.000959622, Final residual = 9.30598e-06, No Iterations 3
time step continuity errors : sum local = 1.7654e-05, global = 1.62484e-07, cumulative = 0.000173544
smoothSolver:  Solving for omega, Initial residual = 1.53308e-05, Final residual = 8.92532e-07, No Iterations 3
smoothSolver:  Solving for k, Initial residual = 0.000154824, Final residual = 1.32866e-05, No Iterations 3
ExecutionTime = 211.51 s  ClockTime = 215 s

forceCoeffs forceCoeffs1 write:
    Cm    = 0.157203
    Cd    = 0.41076
    Cl    = 0.0687907
    Cl(f) = 0.191598
    Cl(r) = -0.122807

Time = 473

smoothSolver:  Solving for Ux, Initial residual = 7.93223e-05, Final residual = 7.03685e-06, No Iterations 7
smoothSolver:  Solving for Uy, Initial residual = 0.00175012, Final residual = 0.00016167, No Iterations 6
smoothSolver:  Solving for Uz, Initial residual = 0.00160036, Final residual = 0.000140396, No Iterations 6
GAMG:  Solving for p, Initial residual = 0.000963433, Final residual = 3.78404e-06, No Iterations 4
time step continuity errors : sum local = 7.17921e-06, global = 3.64862e-08, cumulative = 0.000173581
smoothSolver:  Solving for omega, Initial residual = 1.55471e-05, Final residual = 8.87761e-07, No Iterations 3
smoothSolver:  Solving for k, Initial residual = 0.000153274, Final residual = 1.30726e-05, No Iterations 3
ExecutionTime = 212.03 s  ClockTime = 215 s

forceCoeffs forceCoeffs1 write:
    Cm    = 0.157144
    Cd    = 0.41063
    Cl    = 0.0688045
    Cl(f) = 0.191547
    Cl(r) = -0.122742

Time = 474

smoothSolver:  Solving for Ux, Initial residual = 7.92745e-05, Final residual = 6.95562e-06, No Iterations 7
smoothSolver:  Solving for Uy, Initial residual = 0.00178448, Final residual = 0.00016314, No Iterations 6
smoothSolver:  Solving for Uz, Initial residual = 0.00162906, Final residual = 0.000141903, No Iterations 6
GAMG:  Solving for p, Initial residual = 0.000967493, Final residual = 9.38706e-06, No Iterations 3
time step continuity errors : sum local = 1.78125e-05, global = 1.03601e-07, cumulative = 0.000173684
smoothSolver:  Solving for omega, Initial residual = 1.56095e-05, Final residual = 8.92887e-07, No Iterations 3
smoothSolver:  Solving for k, Initial residual = 0.00015256, Final residual = 1.28729e-05, No Iterations 3
ExecutionTime = 212.5 s  ClockTime = 216 s

forceCoeffs forceCoeffs1 write:
    Cm    = 0.157139
    Cd    = 0.410594
    Cl    = 0.0688281
    Cl(f) = 0.191553
    Cl(r) = -0.122725

Time = 475

smoothSolver:  Solving for Ux, Initial residual = 7.86113e-05, Final residual = 6.81471e-06, No Iterations 7
smoothSolver:  Solving for Uy, Initial residual = 0.00178407, Final residual = 0.000160075, No Iterations 6
smoothSolver:  Solving for Uz, Initial residual = 0.0016333, Final residual = 0.000140262, No Iterations 6
GAMG:  Solving for p, Initial residual = 0.000974698, Final residual = 3.91556e-06, No Iterations 4
time step continuity errors : sum local = 7.43095e-06, global = 2.25218e-09, cumulative = 0.000173686
smoothSolver:  Solving for omega, Initial residual = 1.58928e-05, Final residual = 8.94258e-07, No Iterations 3
smoothSolver:  Solving for k, Initial residual = 0.000152466, Final residual = 1.27368e-05, No Iterations 3
ExecutionTime = 212.82 s  ClockTime = 216 s

forceCoeffs forceCoeffs1 write:
    Cm    = 0.157067
    Cd    = 0.410439
    Cl    = 0.0688511
    Cl(f) = 0.191492
    Cl(r) = -0.122641

Time = 476

smoothSolver:  Solving for Ux, Initial residual = 7.89159e-05, Final residual = 6.74882e-06, No Iterations 7
smoothSolver:  Solving for Uy, Initial residual = 0.00182139, Final residual = 0.000163223, No Iterations 6
smoothSolver:  Solving for Uz, Initial residual = 0.00166763, Final residual = 0.000143086, No Iterations 6
GAMG:  Solving for p, Initial residual = 0.000982741, Final residual = 9.62144e-06, No Iterations 3
time step continuity errors : sum local = 1.82623e-05, global = 1.015e-08, cumulative = 0.000173697
smoothSolver:  Solving for omega, Initial residual = 1.59018e-05, Final residual = 8.94005e-07, No Iterations 3
smoothSolver:  Solving for k, Initial residual = 0.000152627, Final residual = 1.26204e-05, No Iterations 3
ExecutionTime = 213.15 s  ClockTime = 217 s

forceCoeffs forceCoeffs1 write:
    Cm    = 0.157073
    Cd    = 0.410415
    Cl    = 0.0688979
    Cl(f) = 0.191522
    Cl(r) = -0.122624

Time = 477

smoothSolver:  Solving for Ux, Initial residual = 7.83367e-05, Final residual = 6.62193e-06, No Iterations 7
smoothSolver:  Solving for Uy, Initial residual = 0.00182234, Final residual = 0.00016028, No Iterations 6
smoothSolver:  Solving for Uz, Initial residual = 0.00167653, Final residual = 0.000140961, No Iterations 6
GAMG:  Solving for p, Initial residual = 0.000992683, Final residual = 3.98243e-06, No Iterations 4
time step continuity errors : sum local = 7.55987e-06, global = -3.64135e-08, cumulative = 0.00017366
smoothSolver:  Solving for omega, Initial residual = 1.61302e-05, Final residual = 8.97217e-07, No Iterations 3
smoothSolver:  Solving for k, Initial residual = 0.000153008, Final residual = 1.25575e-05, No Iterations 3
ExecutionTime = 213.47 s  ClockTime = 217 s

forceCoeffs forceCoeffs1 write:
    Cm    = 0.157023
    Cd    = 0.410298
    Cl    = 0.0689497
    Cl(f) = 0.191498
    Cl(r) = -0.122548

Time = 478

smoothSolver:  Solving for Ux, Initial residual = 7.87427e-05, Final residual = 6.63431e-06, No Iterations 7
smoothSolver:  Solving for Uy, Initial residual = 0.00185454, Final residual = 0.000164149, No Iterations 6
smoothSolver:  Solving for Uz, Initial residual = 0.00170903, Final residual = 0.000143221, No Iterations 6
GAMG:  Solving for p, Initial residual = 0.00100177, Final residual = 9.91651e-06, No Iterations 3
time step continuity errors : sum local = 1.88266e-05, global = -1.22939e-07, cumulative = 0.000173537
smoothSolver:  Solving for omega, Initial residual = 1.62202e-05, Final residual = 8.95985e-07, No Iterations 3
smoothSolver:  Solving for k, Initial residual = 0.000153225, Final residual = 1.25011e-05, No Iterations 3
ExecutionTime = 213.79 s  ClockTime = 217 s

forceCoeffs forceCoeffs1 write:
    Cm    = 0.157036
    Cd    = 0.410305
    Cl    = 0.0689694
    Cl(f) = 0.191521
    Cl(r) = -0.122552

Time = 479

smoothSolver:  Solving for Ux, Initial residual = 7.90421e-05, Final residual = 6.57663e-06, No Iterations 7
smoothSolver:  Solving for Uy, Initial residual = 0.00184939, Final residual = 0.000162319, No Iterations 6
smoothSolver:  Solving for Uz, Initial residual = 0.00171412, Final residual = 0.000142068, No Iterations 6
GAMG:  Solving for p, Initial residual = 0.00101009, Final residual = 4.12231e-06, No Iterations 4
time step continuity errors : sum local = 7.82648e-06, global = -1.08511e-07, cumulative = 0.000173429
smoothSolver:  Solving for omega, Initial residual = 1.65694e-05, Final residual = 8.97897e-07, No Iterations 3
smoothSolver:  Solving for k, Initial residual = 0.000153697, Final residual = 1.24935e-05, No Iterations 3
ExecutionTime = 214.2 s  ClockTime = 218 s

forceCoeffs forceCoeffs1 write:
    Cm    = 0.156994
    Cd    = 0.410234
    Cl    = 0.0690153
    Cl(f) = 0.191502
    Cl(r) = -0.122486

Time = 480

smoothSolver:  Solving for Ux, Initial residual = 7.96978e-05, Final residual = 6.66432e-06, No Iterations 7
smoothSolver:  Solving for Uy, Initial residual = 0.00188401, Final residual = 0.00016719, No Iterations 6
smoothSolver:  Solving for Uz, Initial residual = 0.00175244, Final residual = 0.000144948, No Iterations 6
GAMG:  Solving for p, Initial residual = 0.0010179, Final residual = 3.87943e-06, No Iterations 4
time step continuity errors : sum local = 7.36544e-06, global = -1.48268e-07, cumulative = 0.00017328
smoothSolver:  Solving for omega, Initial residual = 1.66969e-05, Final residual = 9.09011e-07, No Iterations 3
smoothSolver:  Solving for k, Initial residual = 0.000153757, Final residual = 1.2476e-05, No Iterations 3
ExecutionTime = 214.72 s  ClockTime = 218 s

forceCoeffs forceCoeffs1 write:
    Cm    = 0.157008
    Cd    = 0.410261
    Cl    = 0.0690307
    Cl(f) = 0.191523
    Cl(r) = -0.122492

Time = 481

smoothSolver:  Solving for Ux, Initial residual = 8.02401e-05, Final residual = 6.69937e-06, No Iterations 7
smoothSolver:  Solving for Uy, Initial residual = 0.00189331, Final residual = 0.000168371, No Iterations 6
smoothSolver:  Solving for Uz, Initial residual = 0.00177086, Final residual = 0.000146857, No Iterations 6
GAMG:  Solving for p, Initial residual = 0.00102631, Final residual = 4.04632e-06, No Iterations 4
time step continuity errors : sum local = 7.68205e-06, global = -2.09477e-07, cumulative = 0.000173071
smoothSolver:  Solving for omega, Initial residual = 1.66996e-05, Final residual = 9.05976e-07, No Iterations 3
smoothSolver:  Solving for k, Initial residual = 0.000153568, Final residual = 1.2464e-05, No Iterations 3
ExecutionTime = 215.22 s  ClockTime = 219 s

forceCoeffs forceCoeffs1 write:
    Cm    = 0.156993
    Cd    = 0.41026
    Cl    = 0.0690882
    Cl(f) = 0.191537
    Cl(r) = -0.122448

Time = 482

smoothSolver:  Solving for Ux, Initial residual = 8.07665e-05, Final residual = 6.7705e-06, No Iterations 7
smoothSolver:  Solving for Uy, Initial residual = 0.0019105, Final residual = 0.000171362, No Iterations 6
smoothSolver:  Solving for Uz, Initial residual = 0.00178811, Final residual = 0.000149173, No Iterations 6
GAMG:  Solving for p, Initial residual = 0.00103541, Final residual = 4.20187e-06, No Iterations 4
time step continuity errors : sum local = 7.97672e-06, global = -2.45191e-07, cumulative = 0.000172826
smoothSolver:  Solving for omega, Initial residual = 1.68687e-05, Final residual = 9.03808e-07, No Iterations 3
smoothSolver:  Solving for k, Initial residual = 0.000153144, Final residual = 1.24337e-05, No Iterations 3
ExecutionTime = 215.74 s  ClockTime = 219 s

forceCoeffs forceCoeffs1 write:
    Cm    = 0.157032
    Cd    = 0.41034
    Cl    = 0.0691151
    Cl(f) = 0.19159
    Cl(r) = -0.122475

Time = 483

smoothSolver:  Solving for Ux, Initial residual = 8.19932e-05, Final residual = 6.9024e-06, No Iterations 7
smoothSolver:  Solving for Uy, Initial residual = 0.00194131, Final residual = 0.000175075, No Iterations 6
smoothSolver:  Solving for Uz, Initial residual = 0.00180737, Final residual = 0.000153437, No Iterations 6
GAMG:  Solving for p, Initial residual = 0.00104269, Final residual = 4.3894e-06, No Iterations 4
time step continuity errors : sum local = 8.33147e-06, global = -2.81476e-07, cumulative = 0.000172544
smoothSolver:  Solving for omega, Initial residual = 1.71317e-05, Final residual = 9.08293e-07, No Iterations 3
smoothSolver:  Solving for k, Initial residual = 0.000152903, Final residual = 1.24051e-05, No Iterations 3
ExecutionTime = 216.26 s  ClockTime = 220 s

forceCoeffs forceCoeffs1 write:
    Cm    = 0.157057
    Cd    = 0.410406
    Cl    = 0.0692002
    Cl(f) = 0.191657
    Cl(r) = -0.122456

Time = 484

smoothSolver:  Solving for Ux, Initial residual = 8.31474e-05, Final residual = 7.06867e-06, No Iterations 7
smoothSolver:  Solving for Uy, Initial residual = 0.00197103, Final residual = 0.000180211, No Iterations 6
smoothSolver:  Solving for Uz, Initial residual = 0.00183185, Final residual = 0.000157897, No Iterations 6
GAMG:  Solving for p, Initial residual = 0.00105177, Final residual = 4.47529e-06, No Iterations 4
time step continuity errors : sum local = 8.4927e-06, global = -2.87613e-07, cumulative = 0.000172257
smoothSolver:  Solving for omega, Initial residual = 1.73112e-05, Final residual = 9.1724e-07, No Iterations 3
smoothSolver:  Solving for k, Initial residual = 0.000152968, Final residual = 1.23848e-05, No Iterations 3
ExecutionTime = 216.75 s  ClockTime = 220 s

forceCoeffs forceCoeffs1 write:
    Cm    = 0.157122
    Cd    = 0.41054
    Cl    = 0.0692378
    Cl(f) = 0.191741
    Cl(r) = -0.122504

Time = 485

smoothSolver:  Solving for Ux, Initial residual = 8.44823e-05, Final residual = 7.24334e-06, No Iterations 7
smoothSolver:  Solving for Uy, Initial residual = 0.00199649, Final residual = 0.000184538, No Iterations 6
smoothSolver:  Solving for Uz, Initial residual = 0.00184737, Final residual = 0.000162654, No Iterations 6
GAMG:  Solving for p, Initial residual = 0.00106239, Final residual = 4.5298e-06, No Iterations 4
time step continuity errors : sum local = 8.59418e-06, global = -2.96835e-07, cumulative = 0.00017196
smoothSolver:  Solving for omega, Initial residual = 1.78363e-05, Final residual = 9.29399e-07, No Iterations 3
smoothSolver:  Solving for k, Initial residual = 0.000152698, Final residual = 1.2352e-05, No Iterations 3
ExecutionTime = 217.27 s  ClockTime = 221 s

forceCoeffs forceCoeffs1 write:
    Cm    = 0.157135
    Cd    = 0.410604
    Cl    = 0.0693038
    Cl(f) = 0.191787
    Cl(r) = -0.122483

Time = 486

smoothSolver:  Solving for Ux, Initial residual = 8.55134e-05, Final residual = 7.40153e-06, No Iterations 7
smoothSolver:  Solving for Uy, Initial residual = 0.00202289, Final residual = 0.000190035, No Iterations 6
smoothSolver:  Solving for Uz, Initial residual = 0.00186948, Final residual = 0.000166178, No Iterations 6
GAMG:  Solving for p, Initial residual = 0.00107327, Final residual = 4.54313e-06, No Iterations 4
time step continuity errors : sum local = 8.61781e-06, global = -2.67225e-07, cumulative = 0.000171693
smoothSolver:  Solving for omega, Initial residual = 1.82006e-05, Final residual = 9.38762e-07, No Iterations 3
smoothSolver:  Solving for k, Initial residual = 0.000152703, Final residual = 1.23189e-05, No Iterations 3
ExecutionTime = 217.74 s  ClockTime = 221 s

forceCoeffs forceCoeffs1 write:
    Cm    = 0.157147
    Cd    = 0.410672
    Cl    = 0.0692714
    Cl(f) = 0.191783
    Cl(r) = -0.122511

Time = 487

smoothSolver:  Solving for Ux, Initial residual = 8.67916e-05, Final residual = 7.56494e-06, No Iterations 7
smoothSolver:  Solving for Uy, Initial residual = 0.00205598, Final residual = 0.000195182, No Iterations 6
smoothSolver:  Solving for Uz, Initial residual = 0.00188138, Final residual = 0.000169556, No Iterations 6
GAMG:  Solving for p, Initial residual = 0.00108819, Final residual = 4.51932e-06, No Iterations 4
time step continuity errors : sum local = 8.57114e-06, global = -2.52025e-07, cumulative = 0.000171441
smoothSolver:  Solving for omega, Initial residual = 1.82841e-05, Final residual = 9.4593e-07, No Iterations 3
smoothSolver:  Solving for k, Initial residual = 0.000152345, Final residual = 1.22489e-05, No Iterations 3
ExecutionTime = 218.07 s  ClockTime = 222 s

forceCoeffs forceCoeffs1 write:
    Cm    = 0.157146
    Cd    = 0.410682
    Cl    = 0.0693281
    Cl(f) = 0.19181
    Cl(r) = -0.122482

Time = 488

smoothSolver:  Solving for Ux, Initial residual = 8.77139e-05, Final residual = 7.70711e-06, No Iterations 7
smoothSolver:  Solving for Uy, Initial residual = 0.00209302, Final residual = 0.000201084, No Iterations 6
smoothSolver:  Solving for Uz, Initial residual = 0.00189857, Final residual = 0.000171936, No Iterations 6
GAMG:  Solving for p, Initial residual = 0.00110428, Final residual = 4.50621e-06, No Iterations 4
time step continuity errors : sum local = 8.54491e-06, global = -1.81383e-07, cumulative = 0.000171259
smoothSolver:  Solving for omega, Initial residual = 1.86028e-05, Final residual = 9.56864e-07, No Iterations 3
smoothSolver:  Solving for k, Initial residual = 0.000152185, Final residual = 1.22127e-05, No Iterations 3
ExecutionTime = 218.39 s  ClockTime = 222 s

forceCoeffs forceCoeffs1 write:
    Cm    = 0.157185
    Cd    = 0.410733
    Cl    = 0.0693197
    Cl(f) = 0.191845
    Cl(r) = -0.122525

Time = 489

smoothSolver:  Solving for Ux, Initial residual = 8.91577e-05, Final residual = 7.84088e-06, No Iterations 7
smoothSolver:  Solving for Uy, Initial residual = 0.00213699, Final residual = 0.000207101, No Iterations 6
smoothSolver:  Solving for Uz, Initial residual = 0.00193344, Final residual = 0.000176618, No Iterations 6
GAMG:  Solving for p, Initial residual = 0.00111703, Final residual = 4.53649e-06, No Iterations 4
time step continuity errors : sum local = 8.60145e-06, global = -8.95771e-08, cumulative = 0.00017117
smoothSolver:  Solving for omega, Initial residual = 1.87533e-05, Final residual = 9.70145e-07, No Iterations 3
smoothSolver:  Solving for k, Initial residual = 0.000151591, Final residual = 1.21853e-05, No Iterations 3
ExecutionTime = 218.72 s  ClockTime = 222 s

forceCoeffs forceCoeffs1 write:
    Cm    = 0.15718
    Cd    = 0.410729
    Cl    = 0.0693395
    Cl(f) = 0.19185
    Cl(r) = -0.12251

Time = 490

smoothSolver:  Solving for Ux, Initial residual = 9.01449e-05, Final residual = 7.94725e-06, No Iterations 7
smoothSolver:  Solving for Uy, Initial residual = 0.00217306, Final residual = 0.000212757, No Iterations 6
smoothSolver:  Solving for Uz, Initial residual = 0.0019468, Final residual = 0.000178125, No Iterations 6
GAMG:  Solving for p, Initial residual = 0.00112809, Final residual = 4.55703e-06, No Iterations 4
time step continuity errors : sum local = 8.64043e-06, global = 3.65882e-08, cumulative = 0.000171206
smoothSolver:  Solving for omega, Initial residual = 1.88507e-05, Final residual = 9.82711e-07, No Iterations 3
smoothSolver:  Solving for k, Initial residual = 0.000151059, Final residual = 1.21939e-05, No Iterations 3
ExecutionTime = 219.04 s  ClockTime = 223 s

forceCoeffs forceCoeffs1 write:
    Cm    = 0.157182
    Cd    = 0.410698
    Cl    = 0.069318
    Cl(f) = 0.191841
    Cl(r) = -0.122523

Time = 491

smoothSolver:  Solving for Ux, Initial residual = 9.11489e-05, Final residual = 8.07878e-06, No Iterations 7
smoothSolver:  Solving for Uy, Initial residual = 0.00221287, Final residual = 0.000217601, No Iterations 6
smoothSolver:  Solving for Uz, Initial residual = 0.00197584, Final residual = 0.000181679, No Iterations 6
GAMG:  Solving for p, Initial residual = 0.00114728, Final residual = 4.58892e-06, No Iterations 4
time step continuity errors : sum local = 8.70196e-06, global = 7.98761e-08, cumulative = 0.000171286
smoothSolver:  Solving for omega, Initial residual = 1.90506e-05, Final residual = 9.99343e-07, No Iterations 3
smoothSolver:  Solving for k, Initial residual = 0.000150713, Final residual = 1.21983e-05, No Iterations 3
ExecutionTime = 219.46 s  ClockTime = 223 s

forceCoeffs forceCoeffs1 write:
    Cm    = 0.157177
    Cd    = 0.410654
    Cl    = 0.0693808
    Cl(f) = 0.191868
    Cl(r) = -0.122487

Time = 492

smoothSolver:  Solving for Ux, Initial residual = 9.17802e-05, Final residual = 8.15761e-06, No Iterations 7
smoothSolver:  Solving for Uy, Initial residual = 0.00224835, Final residual = 0.000222203, No Iterations 6
smoothSolver:  Solving for Uz, Initial residual = 0.00199884, Final residual = 0.00018426, No Iterations 6
GAMG:  Solving for p, Initial residual = 0.00116699, Final residual = 4.71337e-06, No Iterations 4
time step continuity errors : sum local = 8.93929e-06, global = 1.24898e-07, cumulative = 0.000171411
smoothSolver:  Solving for omega, Initial residual = 1.91197e-05, Final residual = 1.01007e-06, No Iterations 3
smoothSolver:  Solving for k, Initial residual = 0.000151332, Final residual = 1.22332e-05, No Iterations 3
ExecutionTime = 219.98 s  ClockTime = 224 s

forceCoeffs forceCoeffs1 write:
    Cm    = 0.15722
    Cd    = 0.410689
    Cl    = 0.0693833
    Cl(f) = 0.191912
    Cl(r) = -0.122529

Time = 493

smoothSolver:  Solving for Ux, Initial residual = 9.3474e-05, Final residual = 8.34959e-06, No Iterations 7
smoothSolver:  Solving for Uy, Initial residual = 0.00228928, Final residual = 0.000227446, No Iterations 6
smoothSolver:  Solving for Uz, Initial residual = 0.00203703, Final residual = 0.0001881, No Iterations 6
GAMG:  Solving for p, Initial residual = 0.00119351, Final residual = 4.81302e-06, No Iterations 4
time step continuity errors : sum local = 9.13067e-06, global = 1.37672e-07, cumulative = 0.000171549
smoothSolver:  Solving for omega, Initial residual = 1.93636e-05, Final residual = 1.04538e-06, No Iterations 3
smoothSolver:  Solving for k, Initial residual = 0.000152364, Final residual = 1.23014e-05, No Iterations 3
ExecutionTime = 220.49 s  ClockTime = 224 s

forceCoeffs forceCoeffs1 write:
    Cm    = 0.15725
    Cd    = 0.410687
    Cl    = 0.0694728
    Cl(f) = 0.191986
    Cl(r) = -0.122513

Time = 494

smoothSolver:  Solving for Ux, Initial residual = 9.56276e-05, Final residual = 8.56943e-06, No Iterations 7
smoothSolver:  Solving for Uy, Initial residual = 0.00232896, Final residual = 0.000231631, No Iterations 6
smoothSolver:  Solving for Uz, Initial residual = 0.00209195, Final residual = 0.000192291, No Iterations 6
GAMG:  Solving for p, Initial residual = 0.00121829, Final residual = 4.88977e-06, No Iterations 4
time step continuity errors : sum local = 9.2788e-06, global = 1.55507e-07, cumulative = 0.000171704
smoothSolver:  Solving for omega, Initial residual = 1.99977e-05, Final residual = 1.08509e-06, No Iterations 3
smoothSolver:  Solving for k, Initial residual = 0.000154064, Final residual = 1.24146e-05, No Iterations 3
ExecutionTime = 221 s  ClockTime = 225 s

forceCoeffs forceCoeffs1 write:
    Cm    = 0.157302
    Cd    = 0.410794
    Cl    = 0.0694024
    Cl(f) = 0.192004
    Cl(r) = -0.122601

Time = 495

smoothSolver:  Solving for Ux, Initial residual = 9.77349e-05, Final residual = 8.77352e-06, No Iterations 7
smoothSolver:  Solving for Uy, Initial residual = 0.00237417, Final residual = 0.000236583, No Iterations 6
smoothSolver:  Solving for Uz, Initial residual = 0.00212915, Final residual = 0.000196556, No Iterations 6
GAMG:  Solving for p, Initial residual = 0.00124523, Final residual = 5.00491e-06, No Iterations 4
time step continuity errors : sum local = 9.50044e-06, global = 1.71569e-07, cumulative = 0.000171876
smoothSolver:  Solving for omega, Initial residual = 2.06663e-05, Final residual = 1.1227e-06, No Iterations 3
smoothSolver:  Solving for k, Initial residual = 0.000155783, Final residual = 1.25551e-05, No Iterations 3
ExecutionTime = 221.53 s  ClockTime = 225 s

forceCoeffs forceCoeffs1 write:
    Cm    = 0.157335
    Cd    = 0.410798
    Cl    = 0.0694947
    Cl(f) = 0.192082
    Cl(r) = -0.122587

Time = 496

smoothSolver:  Solving for Ux, Initial residual = 9.9333e-05, Final residual = 9.00773e-06, No Iterations 7
smoothSolver:  Solving for Uy, Initial residual = 0.00241524, Final residual = 0.000241029, No Iterations 6
smoothSolver:  Solving for Uz, Initial residual = 0.00216304, Final residual = 0.000200786, No Iterations 6
GAMG:  Solving for p, Initial residual = 0.00126944, Final residual = 5.20633e-06, No Iterations 4
time step continuity errors : sum local = 9.88578e-06, global = 2.2007e-07, cumulative = 0.000172096
smoothSolver:  Solving for omega, Initial residual = 2.10049e-05, Final residual = 1.1542e-06, No Iterations 3
smoothSolver:  Solving for k, Initial residual = 0.000157403, Final residual = 1.26982e-05, No Iterations 3
ExecutionTime = 222.01 s  ClockTime = 226 s

forceCoeffs forceCoeffs1 write:
    Cm    = 0.1574
    Cd    = 0.410889
    Cl    = 0.0694887
    Cl(f) = 0.192145
    Cl(r) = -0.122656

Time = 497

smoothSolver:  Solving for Ux, Initial residual = 0.000101902, Final residual = 9.22927e-06, No Iterations 7
smoothSolver:  Solving for Uy, Initial residual = 0.00246616, Final residual = 0.000182497, No Iterations 7
smoothSolver:  Solving for Uz, Initial residual = 0.00222002, Final residual = 0.000206661, No Iterations 6
GAMG:  Solving for p, Initial residual = 0.00129732, Final residual = 5.44682e-06, No Iterations 4
time step continuity errors : sum local = 1.03463e-05, global = 2.79109e-07, cumulative = 0.000172375
smoothSolver:  Solving for omega, Initial residual = 2.16295e-05, Final residual = 1.18449e-06, No Iterations 3
smoothSolver:  Solving for k, Initial residual = 0.000159535, Final residual = 1.2891e-05, No Iterations 3
ExecutionTime = 222.53 s  ClockTime = 226 s

forceCoeffs forceCoeffs1 write:
    Cm    = 0.157457
    Cd    = 0.410944
    Cl    = 0.0695514
    Cl(f) = 0.192233
    Cl(r) = -0.122681

Time = 498

smoothSolver:  Solving for Ux, Initial residual = 0.000104408, Final residual = 9.4046e-06, No Iterations 7
smoothSolver:  Solving for Uy, Initial residual = 0.00252315, Final residual = 0.000187651, No Iterations 7
smoothSolver:  Solving for Uz, Initial residual = 0.00227037, Final residual = 0.00021385, No Iterations 6
GAMG:  Solving for p, Initial residual = 0.00132422, Final residual = 5.64868e-06, No Iterations 4
time step continuity errors : sum local = 1.07349e-05, global = 3.563e-07, cumulative = 0.000172731
smoothSolver:  Solving for omega, Initial residual = 2.19465e-05, Final residual = 1.21549e-06, No Iterations 3
smoothSolver:  Solving for k, Initial residual = 0.000161532, Final residual = 1.30821e-05, No Iterations 3
ExecutionTime = 223.01 s  ClockTime = 227 s

forceCoeffs forceCoeffs1 write:
    Cm    = 0.157544
    Cd    = 0.411092
    Cl    = 0.0694637
    Cl(f) = 0.192276
    Cl(r) = -0.122812

Time = 499

smoothSolver:  Solving for Ux, Initial residual = 0.000107279, Final residual = 9.52415e-06, No Iterations 7
smoothSolver:  Solving for Uy, Initial residual = 0.00258138, Final residual = 0.000192912, No Iterations 7
smoothSolver:  Solving for Uz, Initial residual = 0.0023212, Final residual = 0.000219961, No Iterations 6
GAMG:  Solving for p, Initial residual = 0.00134997, Final residual = 5.80878e-06, No Iterations 4
time step continuity errors : sum local = 1.10446e-05, global = 4.07734e-07, cumulative = 0.000173139
smoothSolver:  Solving for omega, Initial residual = 2.22589e-05, Final residual = 1.2361e-06, No Iterations 3
smoothSolver:  Solving for k, Initial residual = 0.000164192, Final residual = 1.33009e-05, No Iterations 3
ExecutionTime = 223.34 s  ClockTime = 227 s

forceCoeffs forceCoeffs1 write:
    Cm    = 0.157603
    Cd    = 0.411207
    Cl    = 0.0693965
    Cl(f) = 0.192302
    Cl(r) = -0.122905

Time = 500

smoothSolver:  Solving for Ux, Initial residual = 0.000109162, Final residual = 9.59199e-06, No Iterations 7
smoothSolver:  Solving for Uy, Initial residual = 0.00263268, Final residual = 0.000195996, No Iterations 7
smoothSolver:  Solving for Uz, Initial residual = 0.00237872, Final residual = 0.00022557, No Iterations 6
GAMG:  Solving for p, Initial residual = 0.00137344, Final residual = 5.96976e-06, No Iterations 4
time step continuity errors : sum local = 1.13577e-05, global = 4.62532e-07, cumulative = 0.000173602
smoothSolver:  Solving for omega, Initial residual = 2.24891e-05, Final residual = 1.25576e-06, No Iterations 3
smoothSolver:  Solving for k, Initial residual = 0.000167429, Final residual = 1.35545e-05, No Iterations 3
ExecutionTime = 223.67 s  ClockTime = 227 s

streamLine streamLines write:
    seeded 20 particles
    Tracks:20
    Total samples:20532
    Writing data to "/mnt/aiongpfs/users/mghavami/motorBike-RUN-06/postProcessing/sets/streamLines/500"
forceCoeffs forceCoeffs1 write:
    Cm    = 0.157681
    Cd    = 0.411342
    Cl    = 0.0692082
    Cl(f) = 0.192285
    Cl(r) = -0.123077

End

Finalising parallel run

real	3m48.395s
user	0m0.214s
sys	0m0.435s
== Finished job 6504587 at Tue Mar  4 16:06:38 CET 2025
